monotonic_ns,seq,timestamp,marker,payload_type,packet_bytes,ssrc,seq_delta,ts_delta,wall_delta_ns
1724366752437000,23294,160,1,0,172,1264029031,0,0,0
1724366772105000,23295,320,0,0,172,1264029031,1,160,19668000
1724366793818000,23296,480,0,0,172,1264029031,1,160,21713000
1724366813078000,23297,640,0,0,172,1264029031,1,160,19260000
1724366833269000,23298,800,0,0,172,1264029031,1,160,20191000
1724366852463000,23299,960,0,0,172,1264029031,1,160,19194000
1724366871642000,23300,1120,0,0,172,1264029031,1,160,19179000
1724366892894000,23301,1280,0,0,172,1264029031,1,160,21252000
1724366912609000,23302,1440,0,0,172,1264029031,1,160,19715000
1724366932833000,23303,1600,0,0,172,1264029031,1,160,20224000
1724366953013000,23304,1760,0,0,172,1264029031,1,160,20180000
1724366973171000,23305,1920,0,0,172,1264029031,1,160,20158000
1724366992379000,23306,2080,0,0,172,1264029031,1,160,19208000
1724367012595000,23307,2240,0,0,172,1264029031,1,160,20216000
1724367032805000,23308,2400,0,0,172,1264029031,1,160,20210000
1724367052448000,23309,2560,0,0,172,1264029031,1,160,19643000
1724367072608000,23310,2720,0,0,172,1264029031,1,160,20160000
1724367092786000,23311,2880,0,0,172,1264029031,1,160,20178000
1724367113032000,23312,3040,0,0,172,1264029031,1,160,20246000
1724367133225000,23313,3200,0,0,172,1264029031,1,160,20193000
1724367152366000,23314,3360,0,0,172,1264029031,1,160,19141000
1724367171619000,23315,3520,0,0,172,1264029031,1,160,19253000
1724367192578000,23316,3680,0,0,172,1264029031,1,160,20959000
1724367212799000,23317,3840,0,0,172,1264029031,1,160,20221000
1724367233025000,23318,4000,0,0,172,1264029031,1,160,20226000
1724367253236000,23319,4160,0,0,172,1264029031,1,160,20211000
1724367272346000,23320,4320,0,0,172,1264029031,1,160,19110000
1724367292567000,23321,4480,0,0,172,1264029031,1,160,20221000
1724367312804000,23322,4640,0,0,172,1264029031,1,160,20237000
1724367333050000,23323,4800,0,0,172,1264029031,1,160,20246000
1724367353234000,23324,4960,0,0,172,1264029031,1,160,20184000
1724367372388000,23325,5120,0,0,172,1264029031,1,160,19154000
1724367392547000,23326,5280,0,0,172,1264029031,1,160,20159000
1724367412725000,23327,5440,0,0,172,1264029031,1,160,20178000
1724367432256000,23328,5600,0,0,172,1264029031,1,160,19531000
1724367451955000,23329,5760,0,0,172,1264029031,1,160,19699000
1724367473179000,23330,5920,0,0,172,1264029031,1,160,21224000
1724367492403000,23331,6080,0,0,172,1264029031,1,160,19224000
1724367512624000,23332,6240,0,0,172,1264029031,1,160,20221000
1724367532840000,23333,6400,0,0,172,1264029031,1,160,20216000
1724367552782000,23334,6560,0,0,172,1264029031,1,160,19942000
1724367572648000,23335,6720,0,0,172,1264029031,1,160,19866000
1724367592878000,23336,6880,0,0,172,1264029031,1,160,20230000
1724367612318000,23337,7040,0,0,172,1264029031,1,160,19440000
1724367632543000,23338,7200,0,0,172,1264029031,1,160,20225000
1724367652736000,23339,7360,0,0,172,1264029031,1,160,20193000
1724367672662000,23340,7520,0,0,172,1264029031,1,160,19926000
1724367692333000,23341,7680,0,0,172,1264029031,1,160,19671000
1724367712593000,23342,7840,0,0,172,1264029031,1,160,20260000
1724367732211000,23343,8000,0,0,172,1264029031,1,160,19618000
1724367752399000,23344,8160,0,0,172,1264029031,1,160,20188000
1724367771592000,23345,8320,0,0,172,1264029031,1,160,19193000
1724367792798000,23346,8480,0,0,172,1264029031,1,160,21206000
1724367813049000,23347,8640,0,0,172,1264029031,1,160,20251000
1724367832399000,23348,8800,0,0,172,1264029031,1,160,19350000
1724367852466000,23349,8960,0,0,172,1264029031,1,160,20067000
1724367872633000,23350,9120,0,0,172,1264029031,1,160,20167000
1724367892807000,23351,9280,0,0,172,1264029031,1,160,20174000
1724367913105000,23352,9440,0,0,172,1264029031,1,160,20298000
1724367932353000,23353,9600,0,0,172,1264029031,1,160,19248000
1724367952410000,23354,9760,0,0,172,1264029031,1,160,20057000
1724367972576000,23355,9920,0,0,172,1264029031,1,160,20166000
1724367992765000,23356,10080,0,0,172,1264029031,1,160,20189000
1724368012930000,23357,10240,0,0,172,1264029031,1,160,20165000
1724368033197000,23358,10400,0,0,172,1264029031,1,160,20267000
1724368052402000,23359,10560,0,0,172,1264029031,1,160,19205000
1724368072589000,23360,10720,0,0,172,1264029031,1,160,20187000
1724368092830000,23361,10880,0,0,172,1264029031,1,160,20241000
1724368113122000,23362,11040,0,0,172,1264029031,1,160,20292000
1724368132288000,23363,11200,0,0,172,1264029031,1,160,19166000
1724368152396000,23364,11360,0,0,172,1264029031,1,160,20108000
1724368172560000,23365,11520,0,0,172,1264029031,1,160,20164000
1724368192794000,23366,11680,0,0,172,1264029031,1,160,20234000
1724368212997000,23367,11840,0,0,172,1264029031,1,160,20203000
1724368233222000,23368,12000,0,0,172,1264029031,1,160,20225000
1724368252016000,23369,12160,0,0,172,1264029031,1,160,18794000
1724368273237000,23370,12320,0,0,172,1264029031,1,160,21221000
1724368292500000,23371,12480,0,0,172,1264029031,1,160,19263000
1724368312785000,23372,12640,0,0,172,1264029031,1,160,20285000
1724368333039000,23373,12800,0,0,172,1264029031,1,160,20254000
1724368353249000,23374,12960,0,0,172,1264029031,1,160,20210000
1724368372440000,23375,13120,0,0,172,1264029031,1,160,19191000
1724368392423000,23376,13280,0,0,172,1264029031,1,160,19983000
1724368412650000,23377,13440,0,0,172,1264029031,1,160,20227000
1724368432886000,23378,13600,0,0,172,1264029031,1,160,20236000
1724368452380000,23379,13760,0,0,172,1264029031,1,160,19494000
1724368472535000,23380,13920,0,0,172,1264029031,1,160,20155000
1724368492779000,23381,14080,0,0,172,1264029031,1,160,20244000
1724368512356000,23382,14240,0,0,172,1264029031,1,160,19577000
1724368532607000,23383,14400,0,0,172,1264029031,1,160,20251000
1724368551934000,23384,14560,0,0,172,1264029031,1,160,19327000
1724368572609000,23385,14720,0,0,172,1264029031,1,160,20675000
1724368592829000,23386,14880,0,0,172,1264029031,1,160,20220000
1724368613043000,23387,15040,0,0,172,1264029031,1,160,20214000
1724368633259000,23388,15200,0,0,172,1264029031,1,160,20216000
1724368652444000,23389,15360,0,0,172,1264029031,1,160,19185000
1724368672046000,23390,15520,0,0,172,1264029031,1,160,19602000
1724368693290000,23391,15680,0,0,172,1264029031,1,160,21244000
1724368712483000,23392,15840,0,0,172,1264029031,1,160,19193000
1724368732703000,23393,16000,0,0,172,1264029031,1,160,20220000
1724368752810000,23394,16160,0,0,172,1264029031,1,160,20107000
1724368773003000,23395,16320,0,0,172,1264029031,1,160,20193000
1724368792985000,23396,16480,0,0,172,1264029031,1,160,19982000
1724368813236000,23397,16640,0,0,172,1264029031,1,160,20251000
1724368832479000,23398,16800,0,0,172,1264029031,1,160,19243000
1724368852714000,23399,16960,0,0,172,1264029031,1,160,20235000
1724368872959000,23400,17120,0,0,172,1264029031,1,160,20245000
1724368892981000,23401,17280,0,0,172,1264029031,1,160,20022000
1724368912204000,23402,17440,0,0,172,1264029031,1,160,19223000
1724368932344000,23403,17600,0,0,172,1264029031,1,160,20140000
1724368952337000,23404,17760,0,0,172,1264029031,1,160,19993000
1724368972473000,23405,17920,0,0,172,1264029031,1,160,20136000
1724368992465000,23406,18080,0,0,172,1264029031,1,160,19992000
1724369011780000,23407,18240,0,0,172,1264029031,1,160,19315000
1724369032869000,23408,18400,0,0,172,1264029031,1,160,21089000
1724369052056000,23409,18560,0,0,172,1264029031,1,160,19187000
1724369073185000,23410,18720,0,0,172,1264029031,1,160,21129000
1724369092316000,23411,18880,0,0,172,1264029031,1,160,19131000
1724369112427000,23412,19040,0,0,172,1264029031,1,160,20111000
1724369132553000,23413,19200,0,0,172,1264029031,1,160,20126000
1724369152114000,23414,19360,0,0,172,1264029031,1,160,19561000
1724369172219000,23415,19520,0,0,172,1264029031,1,160,20105000
1724369192332000,23416,19680,0,0,172,1264029031,1,160,20113000
1724369212543000,23417,19840,0,0,172,1264029031,1,160,20211000
1724369232633000,23418,20000,0,0,172,1264029031,1,160,20090000
1724369252680000,23419,20160,0,0,172,1264029031,1,160,20047000
1724369272743000,23420,20320,0,0,172,1264029031,1,160,20063000
1724369292801000,23421,20480,0,0,172,1264029031,1,160,20058000
1724369312834000,23422,20640,0,0,172,1264029031,1,160,20033000
1724369332874000,23423,20800,0,0,172,1264029031,1,160,20040000
1724369352918000,23424,20960,0,0,172,1264029031,1,160,20044000
1724369372291000,23425,21120,0,0,172,1264029031,1,160,19373000
1724369392409000,23426,21280,0,0,172,1264029031,1,160,20118000
1724369412593000,23427,21440,0,0,172,1264029031,1,160,20184000
1724369432830000,23428,21600,0,0,172,1264029031,1,160,20237000
1724369452826000,23429,21760,0,0,172,1264029031,1,160,19996000
1724369472522000,23430,21920,0,0,172,1264029031,1,160,19696000
1724369492733000,23431,22080,0,0,172,1264029031,1,160,20211000
1724369512137000,23432,22240,0,0,172,1264029031,1,160,19404000
1724369532097000,23433,22400,0,0,172,1264029031,1,160,19960000
1724369552323000,23434,22560,0,0,172,1264029031,1,160,20226000
1724369572521000,23435,22720,0,0,172,1264029031,1,160,20198000
1724369591984000,23436,22880,0,0,172,1264029031,1,160,19463000
1724369612269000,23437,23040,0,0,172,1264029031,1,160,20285000
1724369631503000,23438,23200,0,0,172,1264029031,1,160,19234000
1724369652730000,23439,23360,0,0,172,1264029031,1,160,21227000
1724369673099000,23440,23520,0,0,172,1264029031,1,160,20369000
1724369692346000,23441,23680,0,0,172,1264029031,1,160,19247000
1724369712657000,23442,23840,0,0,172,1264029031,1,160,20311000
1724369732884000,23443,24000,0,0,172,1264029031,1,160,20227000
1724369753097000,23444,24160,0,0,172,1264029031,1,160,20213000
1724369772275000,23445,24320,0,0,172,1264029031,1,160,19178000
1724369792508000,23446,24480,0,0,172,1264029031,1,160,20233000
1724369812727000,23447,24640,0,0,172,1264029031,1,160,20219000
1724369832931000,23448,24800,0,0,172,1264029031,1,160,20204000
1724369852306000,23449,24960,0,0,172,1264029031,1,160,19375000
1724369872474000,23450,25120,0,0,172,1264029031,1,160,20168000
1724369892636000,23451,25280,0,0,172,1264029031,1,160,20162000
1724369912984000,23452,25440,0,0,172,1264029031,1,160,20348000
1724369931540000,23453,25600,0,0,172,1264029031,1,160,18556000
1724369952103000,23454,25760,0,0,172,1264029031,1,160,20563000
1724369971500000,23455,25920,0,0,172,1264029031,1,160,19397000
1724369992739000,23456,26080,0,0,172,1264029031,1,160,21239000
1724370013030000,23457,26240,0,0,172,1264029031,1,160,20291000
1724370032350000,23458,26400,0,0,172,1264029031,1,160,19320000
1724370051875000,23459,26560,0,0,172,1264029031,1,160,19525000
1724370073031000,23460,26720,0,0,172,1264029031,1,160,21156000
1724370092220000,23461,26880,0,0,172,1264029031,1,160,19189000
1724370112474000,23462,27040,0,0,172,1264029031,1,160,20254000
1724370132735000,23463,27200,0,0,172,1264029031,1,160,20261000
1724370152269000,23464,27360,0,0,172,1264029031,1,160,19534000
1724370171571000,23465,27520,0,0,172,1264029031,1,160,19302000
1724370192798000,23466,27680,0,0,172,1264029031,1,160,21227000
1724370212430000,23467,27840,0,0,172,1264029031,1,160,19632000
1724370232704000,23468,28000,0,0,172,1264029031,1,160,20274000
1724370252712000,23469,28160,0,0,172,1264029031,1,160,20008000
1724370272880000,23470,28320,0,0,172,1264029031,1,160,20168000
1724370292768000,23471,28480,0,0,172,1264029031,1,160,19888000
1724370313014000,23472,28640,0,0,172,1264029031,1,160,20246000
1724370332232000,23473,28800,0,0,172,1264029031,1,160,19218000
1724370352417000,23474,28960,0,0,172,1264029031,1,160,20185000
1724370372583000,23475,29120,0,0,172,1264029031,1,160,20166000
1724370392932000,23476,29280,0,0,172,1264029031,1,160,20349000
1724370413208000,23477,29440,0,0,172,1264029031,1,160,20276000
1724370432495000,23478,29600,0,0,172,1264029031,1,160,19287000
1724370451806000,23479,29760,0,0,172,1264029031,1,160,19311000
1724370472963000,23480,29920,0,0,172,1264029031,1,160,21157000
1724370493214000,23481,30080,0,0,172,1264029031,1,160,20251000
1724370512492000,23482,30240,0,0,172,1264029031,1,160,19278000
1724370532764000,23483,30400,0,0,172,1264029031,1,160,20272000
1724370552955000,23484,30560,0,0,172,1264029031,1,160,20191000
1724370572886000,23485,30720,0,0,172,1264029031,1,160,19931000
1724370592855000,23486,30880,0,0,172,1264029031,1,160,19969000
1724370613067000,23487,31040,0,0,172,1264029031,1,160,20212000
1724370632380000,23488,31200,0,0,172,1264029031,1,160,19313000
1724370652580000,23489,31360,0,0,172,1264029031,1,160,20200000
1724370672755000,23490,31520,0,0,172,1264029031,1,160,20175000
1724370692983000,23491,31680,0,0,172,1264029031,1,160,20228000
1724370712222000,23492,31840,0,0,172,1264029031,1,160,19239000
1724370731873000,23493,32000,0,0,172,1264029031,1,160,19651000
1724370752257000,23494,32160,0,0,172,1264029031,1,160,20384000
1724370771684000,23495,32320,0,0,172,1264029031,1,160,19427000
1724370792867000,23496,32480,0,0,172,1264029031,1,160,21183000
1724370813144000,23497,32640,0,0,172,1264029031,1,160,20277000
1724370832417000,23498,32800,0,0,172,1264029031,1,160,19273000
1724370852485000,23499,32960,0,0,172,1264029031,1,160,20068000
1724370872403000,23500,33120,0,0,172,1264029031,1,160,19918000
1724370892299000,23501,33280,0,0,172,1264029031,1,160,19896000
1724370912524000,23502,33440,0,0,172,1264029031,1,160,20225000
1724370932711000,23503,33600,0,0,172,1264029031,1,160,20187000
1724370952897000,23504,33760,0,0,172,1264029031,1,160,20186000
1724370973085000,23505,33920,0,0,172,1264029031,1,160,20188000
1724370992289000,23506,34080,0,0,172,1264029031,1,160,19204000
1724371012474000,23507,34240,0,0,172,1264029031,1,160,20185000
1724371032683000,23508,34400,0,0,172,1264029031,1,160,20209000
1724371052251000,23509,34560,0,0,172,1264029031,1,160,19568000
1724371072194000,23510,34720,0,0,172,1264029031,1,160,19943000
1724371092515000,23511,34880,0,0,172,1264029031,1,160,20321000
1724371111757000,23512,35040,0,0,172,1264029031,1,160,19242000
1724371132774000,23513,35200,0,0,172,1264029031,1,160,21017000
1724371152209000,23514,35360,0,0,172,1264029031,1,160,19435000
1724371172395000,23515,35520,0,0,172,1264029031,1,160,20186000
1724371192586000,23516,35680,0,0,172,1264029031,1,160,20191000
1724371212796000,23517,35840,0,0,172,1264029031,1,160,20210000
1724371232540000,23518,36000,0,0,172,1264029031,1,160,19744000
1724371252728000,23519,36160,0,0,172,1264029031,1,160,20188000
1724371272920000,23520,36320,0,0,172,1264029031,1,160,20192000
1724371292149000,23521,36480,0,0,172,1264029031,1,160,19229000
1724371312381000,23522,36640,0,0,172,1264029031,1,160,20232000
1724371332020000,23523,36800,0,0,172,1264029031,1,160,19639000
1724371351995000,23524,36960,0,0,172,1264029031,1,160,19975000
1724371372262000,23525,37120,0,0,172,1264029031,1,160,20267000
1724371392492000,23526,37280,0,0,172,1264029031,1,160,20230000
1724371412857000,23527,37440,0,0,172,1264029031,1,160,20365000
1724371432674000,23528,37600,0,0,172,1264029031,1,160,19817000
1724371452411000,23529,37760,0,0,172,1264029031,1,160,19737000
1724371472614000,23530,37920,0,0,172,1264029031,1,160,20203000
1724371492850000,23531,38080,0,0,172,1264029031,1,160,20236000
1724371513078000,23532,38240,0,0,172,1264029031,1,160,20228000
1724371532282000,23533,38400,0,0,172,1264029031,1,160,19204000
1724371552567000,23534,38560,0,0,172,1264029031,1,160,20285000
1724371572891000,23535,38720,0,0,172,1264029031,1,160,20324000
1724371593116000,23536,38880,0,0,172,1264029031,1,160,20225000
1724371612497000,23537,39040,0,0,172,1264029031,1,160,19381000
1724371632609000,23538,39200,0,0,172,1264029031,1,160,20112000
1724371652812000,23539,39360,0,0,172,1264029031,1,160,20203000
1724371673002000,23540,39520,0,0,172,1264029031,1,160,20190000
1724371692223000,23541,39680,0,0,172,1264029031,1,160,19221000
1724371712443000,23542,39840,0,0,172,1264029031,1,160,20220000
1724371732652000,23543,40000,0,0,172,1264029031,1,160,20209000
1724371752861000,23544,40160,0,0,172,1264029031,1,160,20209000
1724371773090000,23545,40320,0,0,172,1264029031,1,160,20229000
1724371792320000,23546,40480,0,0,172,1264029031,1,160,19230000
1724371811627000,23547,40640,0,0,172,1264029031,1,160,19307000
1724371832855000,23548,40800,0,0,172,1264029031,1,160,21228000
1724371853068000,23549,40960,0,0,172,1264029031,1,160,20213000
1724371872006000,23550,41120,0,0,172,1264029031,1,160,18938000
1724371891236000,23551,41280,0,0,172,1264029031,1,160,19230000
1724371912488000,23552,41440,0,0,172,1264029031,1,160,21252000
1724371932724000,23553,41600,0,0,172,1264029031,1,160,20236000
1724371952887000,23554,41760,0,0,172,1264029031,1,160,20163000
1724371973076000,23555,41920,0,0,172,1264029031,1,160,20189000
1724371992293000,23556,42080,0,0,172,1264029031,1,160,19217000
1724372012250000,23557,42240,0,0,172,1264029031,1,160,19957000
1724372031977000,23558,42400,0,0,172,1264029031,1,160,19727000
1724372052191000,23559,42560,0,0,172,1264029031,1,160,20214000
1724372072369000,23560,42720,0,0,172,1264029031,1,160,20178000
1724372092616000,23561,42880,0,0,172,1264029031,1,160,20247000
1724372113317000,23562,43040,0,0,172,1264029031,1,160,20701000
1724372132605000,23563,43200,0,0,172,1264029031,1,160,19288000
1724372152826000,23564,43360,0,0,172,1264029031,1,160,20221000
1724372173007000,23565,43520,0,0,172,1264029031,1,160,20181000
1724372192204000,23566,43680,0,0,172,1264029031,1,160,19197000
1724372212129000,23567,43840,0,0,172,1264029031,1,160,19925000
1724372232292000,23568,44000,0,0,172,1264029031,1,160,20163000
1724372251603000,23569,44160,0,0,172,1264029031,1,160,19311000
1724372272763000,23570,44320,0,0,172,1264029031,1,160,21160000
1724372292964000,23571,44480,0,0,172,1264029031,1,160,20201000
1724372312229000,23572,44640,0,0,172,1264029031,1,160,19265000
1724372332040000,23573,44800,0,0,172,1264029031,1,160,19811000
1724372352183000,23574,44960,0,0,172,1264029031,1,160,20143000
1724372372447000,23575,45120,0,0,172,1264029031,1,160,20264000
1724372392319000,23576,45280,0,0,172,1264029031,1,160,19872000
1724372412382000,23577,45440,0,0,172,1264029031,1,160,20063000
1724372432662000,23578,45600,0,0,172,1264029031,1,160,20280000
1724372452030000,23579,45760,0,0,172,1264029031,1,160,19368000
1724372471971000,23580,45920,0,0,172,1264029031,1,160,19941000
1724372491616000,23581,46080,0,0,172,1264029031,1,160,19645000
1724372512907000,23582,46240,0,0,172,1264029031,1,160,21291000
1724372531701000,23583,46400,0,0,172,1264029031,1,160,18794000
1724372552838000,23584,46560,0,0,172,1264029031,1,160,21137000
1724372573018000,23585,46720,0,0,172,1264029031,1,160,20180000
1724372592173000,23586,46880,0,0,172,1264029031,1,160,19155000
1724372612383000,23587,47040,0,0,172,1264029031,1,160,20210000
1724372632585000,23588,47200,0,0,172,1264029031,1,160,20202000
1724372652818000,23589,47360,0,0,172,1264029031,1,160,20233000
1724372672978000,23590,47520,0,0,172,1264029031,1,160,20160000
1724372692448000,23591,47680,0,0,172,1264029031,1,160,19470000
1724372712787000,23592,47840,0,0,172,1264029031,1,160,20339000
1724372732440000,23593,48000,0,0,172,1264029031,1,160,19653000
1724372752240000,23594,48160,0,0,172,1264029031,1,160,19800000
1724372772418000,23595,48320,0,0,172,1264029031,1,160,20178000
1724372792613000,23596,48480,0,0,172,1264029031,1,160,20195000
1724372812816000,23597,48640,0,0,172,1264029031,1,160,20203000
1724372832996000,23598,48800,0,0,172,1264029031,1,160,20180000
1724372852219000,23599,48960,0,0,172,1264029031,1,160,19223000
1724372871945000,23600,49120,0,0,172,1264029031,1,160,19726000
1724372892071000,23601,49280,0,0,172,1264029031,1,160,20126000
1724372911579000,23602,49440,0,0,172,1264029031,1,160,19508000
1724372932858000,23603,49600,0,0,172,1264029031,1,160,21279000
1724372952150000,23604,49760,0,0,172,1264029031,1,160,19292000
1724372972360000,23605,49920,0,0,172,1264029031,1,160,20210000
1724372992538000,23606,50080,0,0,172,1264029031,1,160,20178000
1724373012712000,23607,50240,0,0,172,1264029031,1,160,20174000
1724373035718000,23608,50400,0,0,172,1264029031,1,160,23006000
1724373052849000,23609,50560,0,0,172,1264029031,1,160,17131000
1724373078308000,23610,50720,0,0,172,1264029031,1,160,25459000
1724373092571000,23611,50880,0,0,172,1264029031,1,160,14263000
1724373112822000,23612,51040,0,0,172,1264029031,1,160,20251000
1724373133072000,23613,51200,0,0,172,1264029031,1,160,20250000
1724373154290000,23614,51360,0,0,172,1264029031,1,160,21218000
1724373173320000,23615,51520,0,0,172,1264029031,1,160,19030000
1724373191909000,23616,51680,0,0,172,1264029031,1,160,18589000
1724373212301000,23617,51840,0,0,172,1264029031,1,160,20392000
1724373232589000,23618,52000,0,0,172,1264029031,1,160,20288000
1724373252895000,23619,52160,0,0,172,1264029031,1,160,20306000
1724373272199000,23620,52320,0,0,172,1264029031,1,160,19304000
1724373292632000,23621,52480,0,0,172,1264029031,1,160,20433000
1724373313063000,23622,52640,0,0,172,1264029031,1,160,20431000
1724373332417000,23623,52800,0,0,172,1264029031,1,160,19354000
1724373352677000,23624,52960,0,0,172,1264029031,1,160,20260000
1724373372942000,23625,53120,0,0,172,1264029031,1,160,20265000
1724373392322000,23626,53280,0,0,172,1264029031,1,160,19380000
1724373412407000,23627,53440,0,0,172,1264029031,1,160,20085000
1724373432694000,23628,53600,0,0,172,1264029031,1,160,20287000
1724373453023000,23629,53760,0,0,172,1264029031,1,160,20329000
1724373471358000,23630,53920,0,0,172,1264029031,1,160,18335000
1724373492772000,23631,54080,0,0,172,1264029031,1,160,21414000
1724373513195000,23632,54240,0,0,172,1264029031,1,160,20423000
1724373532090000,23633,54400,0,0,172,1264029031,1,160,18895000
1724373552445000,23634,54560,0,0,172,1264029031,1,160,20355000
1724373572675000,23635,54720,0,0,172,1264029031,1,160,20230000
1724373592567000,23636,54880,0,0,172,1264029031,1,160,19892000
1724373612069000,23637,55040,0,0,172,1264029031,1,160,19502000
1724373631962000,23638,55200,0,0,172,1264029031,1,160,19893000
1724373651660000,23639,55360,0,0,172,1264029031,1,160,19698000
1724373672876000,23640,55520,0,0,172,1264029031,1,160,21216000
1724373692276000,23641,55680,0,0,172,1264029031,1,160,19400000
1724373712672000,23642,55840,0,0,172,1264029031,1,160,20396000
1724373732968000,23643,56000,0,0,172,1264029031,1,160,20296000
1724373752242000,23644,56160,0,0,172,1264029031,1,160,19274000
1724373772384000,23645,56320,0,0,172,1264029031,1,160,20142000
1724373792899000,23646,56480,0,0,172,1264029031,1,160,20515000
1724373811625000,23647,56640,0,0,172,1264029031,1,160,18726000
1724373832826000,23648,56800,0,0,172,1264029031,1,160,21201000
1724373852123000,23649,56960,0,0,172,1264029031,1,160,19297000
1724373872357000,23650,57120,0,0,172,1264029031,1,160,20234000
1724373892740000,23651,57280,0,0,172,1264029031,1,160,20383000
1724373913031000,23652,57440,0,0,172,1264029031,1,160,20291000
1724373932470000,23653,57600,0,0,172,1264029031,1,160,19439000
1724373952867000,23654,57760,0,0,172,1264029031,1,160,20397000
1724373972104000,23655,57920,0,0,172,1264029031,1,160,19237000
1724373992404000,23656,58080,0,0,172,1264029031,1,160,20300000
1724374012087000,23657,58240,0,0,172,1264029031,1,160,19683000
1724374032555000,23658,58400,0,0,172,1264029031,1,160,20468000
1724374052772000,23659,58560,0,0,172,1264029031,1,160,20217000
1724374073101000,23660,58720,0,0,172,1264029031,1,160,20329000
1724374096666000,23661,58880,0,0,172,1264029031,1,160,23565000
1724374115491000,23662,59040,0,0,172,1264029031,1,160,18825000
1724374134955000,23663,59200,0,0,172,1264029031,1,160,19464000
1724374153841000,23664,59360,0,0,172,1264029031,1,160,18886000
1724374175487000,23665,59520,0,0,172,1264029031,1,160,21646000
1724374196071000,23666,59680,0,0,172,1264029031,1,160,20584000
1724374214228000,23667,59840,0,0,172,1264029031,1,160,18157000
1724374233124000,23668,60000,0,0,172,1264029031,1,160,18896000
1724374252786000,23669,60160,0,0,172,1264029031,1,160,19662000
1724374273124000,23670,60320,0,0,172,1264029031,1,160,20338000
1724374292581000,23671,60480,0,0,172,1264029031,1,160,19457000
1724374313004000,23672,60640,0,0,172,1264029031,1,160,20423000
1724374332149000,23673,60800,0,0,172,1264029031,1,160,19145000
1724374352461000,23674,60960,0,0,172,1264029031,1,160,20312000
1724374372954000,23675,61120,0,0,172,1264029031,1,160,20493000
1724374392351000,23676,61280,0,0,172,1264029031,1,160,19397000
1724374411906000,23677,61440,0,0,172,1264029031,1,160,19555000
1724374431348000,23678,61600,0,0,172,1264029031,1,160,19442000
1724374452629000,23679,61760,0,0,172,1264029031,1,160,21281000
1724374472867000,23680,61920,0,0,172,1264029031,1,160,20238000
1724374492254000,23681,62080,0,0,172,1264029031,1,160,19387000
1724374512575000,23682,62240,0,0,172,1264029031,1,160,20321000
1724374533114000,23683,62400,0,0,172,1264029031,1,160,20539000
1724374552439000,23684,62560,0,0,172,1264029031,1,160,19325000
1724374572688000,23685,62720,0,0,172,1264029031,1,160,20249000
1724374593003000,23686,62880,0,0,172,1264029031,1,160,20315000
1724374612203000,23687,63040,0,0,172,1264029031,1,160,19200000
1724374631846000,23688,63200,0,0,172,1264029031,1,160,19643000
1724374652042000,23689,63360,0,0,172,1264029031,1,160,20196000
1724374672079000,23690,63520,0,0,172,1264029031,1,160,20037000
1724374692356000,23691,63680,0,0,172,1264029031,1,160,20277000
1724374711960000,23692,63840,0,0,172,1264029031,1,160,19604000
1724374732165000,23693,64000,0,0,172,1264029031,1,160,20205000
1724374751624000,23694,64160,0,0,172,1264029031,1,160,19459000
1724374772773000,23695,64320,0,0,172,1264029031,1,160,21149000
1724374792978000,23696,64480,0,0,172,1264029031,1,160,20205000
1724374812428000,23697,64640,0,0,172,1264029031,1,160,19450000
1724374832809000,23698,64800,0,0,172,1264029031,1,160,20381000
1724374852057000,23699,64960,0,0,172,1264029031,1,160,19248000
1724374872303000,23700,65120,0,0,172,1264029031,1,160,20246000
1724374892701000,23701,65280,0,0,172,1264029031,1,160,20398000
1724374912167000,23702,65440,0,0,172,1264029031,1,160,19466000
1724374932289000,23703,65600,0,0,172,1264029031,1,160,20122000
1724374952557000,23704,65760,0,0,172,1264029031,1,160,20268000
1724374972813000,23705,65920,0,0,172,1264029031,1,160,20256000
1724374992109000,23706,66080,0,0,172,1264029031,1,160,19296000
1724375012618000,23707,66240,0,0,172,1264029031,1,160,20509000
1724375032491000,23708,66400,0,0,172,1264029031,1,160,19873000
1724375052763000,23709,66560,0,0,172,1264029031,1,160,20272000
1724375071991000,23710,66720,0,0,172,1264029031,1,160,19228000
1724375092377000,23711,66880,0,0,172,1264029031,1,160,20386000
1724375112732000,23712,67040,0,0,172,1264029031,1,160,20355000
1724375132053000,23713,67200,0,0,172,1264029031,1,160,19321000
1724375151664000,23714,67360,0,0,172,1264029031,1,160,19611000
1724375172885000,23715,67520,0,0,172,1264029031,1,160,21221000
1724375192145000,23716,67680,0,0,172,1264029031,1,160,19260000
1724375212649000,23717,67840,0,0,172,1264029031,1,160,20504000
1724375232933000,23718,68000,0,0,172,1264029031,1,160,20284000
1724375251666000,23719,68160,0,0,172,1264029031,1,160,18733000
1724375272927000,23720,68320,0,0,172,1264029031,1,160,21261000
1724375292404000,23721,68480,0,0,172,1264029031,1,160,19477000
1724375312433000,23722,68640,0,0,172,1264029031,1,160,20029000
1724375332810000,23723,68800,0,0,172,1264029031,1,160,20377000
1724375352014000,23724,68960,0,0,172,1264029031,1,160,19204000
1724375372251000,23725,69120,0,0,172,1264029031,1,160,20237000
1724375391755000,23726,69280,0,0,172,1264029031,1,160,19504000
1724375412192000,23727,69440,0,0,172,1264029031,1,160,20437000
1724375432105000,23728,69600,0,0,172,1264029031,1,160,19913000
1724375452369000,23729,69760,0,0,172,1264029031,1,160,20264000
1724375472590000,23730,69920,0,0,172,1264029031,1,160,20221000
1724375492977000,23731,70080,0,0,172,1264029031,1,160,20387000
1724375512374000,23732,70240,0,0,172,1264029031,1,160,19397000
1724375532681000,23733,70400,0,0,172,1264029031,1,160,20307000
1724375553038000,23734,70560,0,0,172,1264029031,1,160,20357000
1724375572245000,23735,70720,0,0,172,1264029031,1,160,19207000
1724375592487000,23736,70880,0,0,172,1264029031,1,160,20242000
1724375612798000,23737,71040,0,0,172,1264029031,1,160,20311000
1724375631730000,23738,71200,0,0,172,1264029031,1,160,18932000
1724375652019000,23739,71360,0,0,172,1264029031,1,160,20289000
1724375671920000,23740,71520,0,0,172,1264029031,1,160,19901000
1724375692303000,23741,71680,0,0,172,1264029031,1,160,20383000
1724375712739000,23742,71840,0,0,172,1264029031,1,160,20436000
1724375732013000,23743,72000,0,0,172,1264029031,1,160,19274000
1724375752262000,23744,72160,0,0,172,1264029031,1,160,20249000
1724375772302000,23745,72320,0,0,172,1264029031,1,160,20040000
1724375792807000,23746,72480,0,0,172,1264029031,1,160,20505000
1724375812133000,23747,72640,0,0,172,1264029031,1,160,19326000
1724375832424000,23748,72800,0,0,172,1264029031,1,160,20291000
1724375852099000,23749,72960,0,0,172,1264029031,1,160,19675000
1724375872461000,23750,73120,0,0,172,1264029031,1,160,20362000
1724375892548000,23751,73280,0,0,172,1264029031,1,160,20087000
1724375912911000,23752,73440,0,0,172,1264029031,1,160,20363000
1724375931450000,23753,73600,0,0,172,1264029031,1,160,18539000
1724375952537000,23754,73760,0,0,172,1264029031,1,160,21087000
1724375972771000,23755,73920,0,0,172,1264029031,1,160,20234000
1724375992026000,23756,74080,0,0,172,1264029031,1,160,19255000
1724376012426000,23757,74240,0,0,172,1264029031,1,160,20400000
1724376032126000,23758,74400,0,0,172,1264029031,1,160,19700000
1724376051562000,23759,74560,0,0,172,1264029031,1,160,19436000
1724376072947000,23760,74720,0,0,172,1264029031,1,160,21385000
1724376092372000,23761,74880,0,0,172,1264029031,1,160,19425000
1724376112497000,23762,75040,0,0,172,1264029031,1,160,20125000
1724376132853000,23763,75200,0,0,172,1264029031,1,160,20356000
1724376151539000,23764,75360,0,0,172,1264029031,1,160,18686000
1724376172496000,23765,75520,0,0,172,1264029031,1,160,20957000
1724376192763000,23766,75680,0,0,172,1264029031,1,160,20267000
1724376212274000,23767,75840,0,0,172,1264029031,1,160,19511000
1724376232605000,23768,76000,0,0,172,1264029031,1,160,20331000
1724376252950000,23769,76160,0,0,172,1264029031,1,160,20345000
1724376271411000,23770,76320,0,0,172,1264029031,1,160,18461000
1724376303423000,23771,76480,0,0,172,1264029031,1,160,32012000
1724376312679000,23772,76640,0,0,172,1264029031,1,160,9256000
1724376332876000,23773,76800,0,0,172,1264029031,1,160,20197000
1724376352186000,23774,76960,0,0,172,1264029031,1,160,19310000
1724376372571000,23775,77120,0,0,172,1264029031,1,160,20385000
1724376392640000,23776,77280,0,0,172,1264029031,1,160,20069000
1724376412059000,23777,77440,0,0,172,1264029031,1,160,19419000
1724376432417000,23778,77600,0,0,172,1264029031,1,160,20358000
1724376452676000,23779,77760,0,0,172,1264029031,1,160,20259000
1724376471993000,23780,77920,0,0,172,1264029031,1,160,19317000
1724376492284000,23781,78080,0,0,172,1264029031,1,160,20291000
1724376512678000,23782,78240,0,0,172,1264029031,1,160,20394000
1724376532108000,23783,78400,0,0,172,1264029031,1,160,19430000
1724376552425000,23784,78560,0,0,172,1264029031,1,160,20317000
1724376572635000,23785,78720,0,0,172,1264029031,1,160,20210000
1724376593017000,23786,78880,0,0,172,1264029031,1,160,20382000
1724376612460000,23787,79040,0,0,172,1264029031,1,160,19443000
1724376632820000,23788,79200,0,0,172,1264029031,1,160,20360000
1724376651522000,23789,79360,0,0,172,1264029031,1,160,18702000
1724376672781000,23790,79520,0,0,172,1264029031,1,160,21259000
1724376692004000,23791,79680,0,0,172,1264029031,1,160,19223000
1724376712150000,23792,79840,0,0,172,1264029031,1,160,20146000
1724376732239000,23793,80000,0,0,172,1264029031,1,160,20089000
1724376752387000,23794,80160,0,0,172,1264029031,1,160,20148000
1724376772456000,23795,80320,0,0,172,1264029031,1,160,20069000
1724376791959000,23796,80480,0,0,172,1264029031,1,160,19503000
1724376812038000,23797,80640,0,0,172,1264029031,1,160,20079000
1724376832164000,23798,80800,0,0,172,1264029031,1,160,20126000
1724376852289000,23799,80960,0,0,172,1264029031,1,160,20125000
1724376872274000,23800,81120,0,0,172,1264029031,1,160,19985000
1724376892345000,23801,81280,0,0,172,1264029031,1,160,20071000
1724376912510000,23802,81440,0,0,172,1264029031,1,160,20165000
1724376932778000,23803,81600,0,0,172,1264029031,1,160,20268000
1724376951500000,23804,81760,0,0,172,1264029031,1,160,18722000
1724376972719000,23805,81920,0,0,172,1264029031,1,160,21219000
1724376992009000,23806,82080,0,0,172,1264029031,1,160,19290000
1724377012360000,23807,82240,0,0,172,1264029031,1,160,20351000
1724377032739000,23808,82400,0,0,172,1264029031,1,160,20379000
1724377052010000,23809,82560,0,0,172,1264029031,1,160,19271000
1724377072252000,23810,82720,0,0,172,1264029031,1,160,20242000
1724377092651000,23811,82880,0,0,172,1264029031,1,160,20399000
1724377111306000,23812,83040,0,0,172,1264029031,1,160,18655000
1724377132663000,23813,83200,0,0,172,1264029031,1,160,21357000
1724377151942000,23814,83360,0,0,172,1264029031,1,160,19279000
1724377172042000,23815,83520,0,0,172,1264029031,1,160,20100000
1724377192285000,23816,83680,0,0,172,1264029031,1,160,20243000
1724377212794000,23817,83840,0,0,172,1264029031,1,160,20509000
1724377232154000,23818,84000,0,0,172,1264029031,1,160,19360000
1724377251576000,23819,84160,0,0,172,1264029031,1,160,19422000
1724377273066000,23820,84320,0,0,172,1264029031,1,160,21490000
1724377292548000,23821,84480,0,0,172,1264029031,1,160,19482000
1724377312089000,23822,84640,0,0,172,1264029031,1,160,19541000
1724377332425000,23823,84800,0,0,172,1264029031,1,160,20336000
1724377352700000,23824,84960,0,0,172,1264029031,1,160,20275000
1724377371952000,23825,85120,0,0,172,1264029031,1,160,19252000
1724377392127000,23826,85280,0,0,172,1264029031,1,160,20175000
1724377411462000,23827,85440,0,0,172,1264029031,1,160,19335000
1724377432748000,23828,85600,0,0,172,1264029031,1,160,21286000
1724377451949000,23829,85760,0,0,172,1264029031,1,160,19201000
1724377472183000,23830,85920,0,0,172,1264029031,1,160,20234000
1724377492256000,23831,86080,0,0,172,1264029031,1,160,20073000
1724377512266000,23832,86240,0,0,172,1264029031,1,160,20010000
1724377532783000,23833,86400,0,0,172,1264029031,1,160,20517000
1724377552088000,23834,86560,0,0,172,1264029031,1,160,19305000
1724377571901000,23835,86720,0,0,172,1264029031,1,160,19813000
1724377591692000,23836,86880,0,0,172,1264029031,1,160,19791000
1724377611359000,23837,87040,0,0,172,1264029031,1,160,19667000
1724377632247000,23838,87200,0,0,172,1264029031,1,160,20888000
1724377652061000,23839,87360,0,0,172,1264029031,1,160,19814000
1724377672502000,23840,87520,0,0,172,1264029031,1,160,20441000
1724377691862000,23841,87680,0,0,172,1264029031,1,160,19360000
1724377711558000,23842,87840,0,0,172,1264029031,1,160,19696000
1724377732152000,23843,88000,0,0,172,1264029031,1,160,20594000
1724377752444000,23844,88160,0,0,172,1264029031,1,160,20292000
1724377772718000,23845,88320,0,0,172,1264029031,1,160,20274000
1724377792132000,23846,88480,0,0,172,1264029031,1,160,19414000
1724377812128000,23847,88640,0,0,172,1264029031,1,160,19996000
1724377832461000,23848,88800,0,0,172,1264029031,1,160,20333000
1724377852728000,23849,88960,0,0,172,1264029031,1,160,20267000
1724377871953000,23850,89120,0,0,172,1264029031,1,160,19225000
1724377892205000,23851,89280,0,0,172,1264029031,1,160,20252000
1724377912394000,23852,89440,0,0,172,1264029031,1,160,20189000
1724377932738000,23853,89600,0,0,172,1264029031,1,160,20344000
1724377951994000,23854,89760,0,0,172,1264029031,1,160,19256000
1724377972236000,23855,89920,0,0,172,1264029031,1,160,20242000
1724377992450000,23856,90080,0,0,172,1264029031,1,160,20214000
1724378012729000,23857,90240,0,0,172,1264029031,1,160,20279000
1724378032021000,23858,90400,0,0,172,1264029031,1,160,19292000
1724378052215000,23859,90560,0,0,172,1264029031,1,160,20194000
1724378072447000,23860,90720,0,0,172,1264029031,1,160,20232000
1724378092859000,23861,90880,0,0,172,1264029031,1,160,20412000
1724378112237000,23862,91040,0,0,172,1264029031,1,160,19378000
1724378132588000,23863,91200,0,0,172,1264029031,1,160,20351000
1724378151826000,23864,91360,0,0,172,1264029031,1,160,19238000
1724378171735000,23865,91520,0,0,172,1264029031,1,160,19909000
1724378192127000,23866,91680,0,0,172,1264029031,1,160,20392000
1724378212536000,23867,91840,0,0,172,1264029031,1,160,20409000
1724378232018000,23868,92000,0,0,172,1264029031,1,160,19482000
1724378251512000,23869,92160,0,0,172,1264029031,1,160,19494000
1724378272776000,23870,92320,0,0,172,1264029031,1,160,21264000
1724378292255000,23871,92480,0,0,172,1264029031,1,160,19479000
1724378312609000,23872,92640,0,0,172,1264029031,1,160,20354000
1724378331895000,23873,92800,0,0,172,1264029031,1,160,19286000
1724378352167000,23874,92960,0,0,172,1264029031,1,160,20272000
1724378372388000,23875,93120,0,0,172,1264029031,1,160,20221000
1724378392774000,23876,93280,0,0,172,1264029031,1,160,20386000
1724378412131000,23877,93440,0,0,172,1264029031,1,160,19357000
1724378432121000,23878,93600,0,0,172,1264029031,1,160,19990000
1724378452385000,23879,93760,0,0,172,1264029031,1,160,20264000
1724378472202000,23880,93920,0,0,172,1264029031,1,160,19817000
1724378492581000,23881,94080,0,0,172,1264029031,1,160,20379000
1724378512020000,23882,94240,0,0,172,1264029031,1,160,19439000
1724378531674000,23883,94400,0,0,172,1264029031,1,160,19654000
1724378551411000,23884,94560,0,0,172,1264029031,1,160,19737000
1724378572708000,23885,94720,0,0,172,1264029031,1,160,21297000
1724378592049000,23886,94880,0,0,172,1264029031,1,160,19341000
1724378612569000,23887,95040,0,0,172,1264029031,1,160,20520000
1724378631822000,23888,95200,0,0,172,1264029031,1,160,19253000
1724378651401000,23889,95360,0,0,172,1264029031,1,160,19579000
1724378672601000,23890,95520,0,0,172,1264029031,1,160,21200000
1724378691959000,23891,95680,0,0,172,1264029031,1,160,19358000
1724378712339000,23892,95840,0,0,172,1264029031,1,160,20380000
1724378732653000,23893,96000,0,0,172,1264029031,1,160,20314000
1724378751930000,23894,96160,0,0,172,1264029031,1,160,19277000
1724378771812000,23895,96320,0,0,172,1264029031,1,160,19882000
1724378792273000,23896,96480,0,0,172,1264029031,1,160,20461000
1724378812519000,23897,96640,0,0,172,1264029031,1,160,20246000
1724378832113000,23898,96800,0,0,172,1264029031,1,160,19594000
1724378852361000,23899,96960,0,0,172,1264029031,1,160,20248000
1724378872544000,23900,97120,0,0,172,1264029031,1,160,20183000
1724378892923000,23901,97280,0,0,172,1264029031,1,160,20379000
1724378912300000,23902,97440,0,0,172,1264029031,1,160,19377000
1724378932675000,23903,97600,0,0,172,1264029031,1,160,20375000
1724378951949000,23904,97760,0,0,172,1264029031,1,160,19274000
1724378971923000,23905,97920,0,0,172,1264029031,1,160,19974000
1724378991788000,23906,98080,0,0,172,1264029031,1,160,19865000
1724379012138000,23907,98240,0,0,172,1264029031,1,160,20350000
1724379032436000,23908,98400,0,0,172,1264029031,1,160,20298000
1724379052773000,23909,98560,0,0,172,1264029031,1,160,20337000
1724379072029000,23910,98720,0,0,172,1264029031,1,160,19256000
1724379091682000,23911,98880,0,0,172,1264029031,1,160,19653000
1724379112102000,23912,99040,0,0,172,1264029031,1,160,20420000
1724379131732000,23913,99200,0,0,172,1264029031,1,160,19630000
1724379151434000,23914,99360,0,0,172,1264029031,1,160,19702000
1724379172654000,23915,99520,0,0,172,1264029031,1,160,21220000
1724379191538000,23916,99680,0,0,172,1264029031,1,160,18884000
1724379211960000,23917,99840,0,0,172,1264029031,1,160,20422000
1724379231713000,23918,100000,0,0,172,1264029031,1,160,19753000
1724379251965000,23919,100160,0,0,172,1264029031,1,160,20252000
1724379272291000,23920,100320,0,0,172,1264029031,1,160,20326000
1724379292494000,23921,100480,0,0,172,1264029031,1,160,20203000
1724379312643000,23922,100640,0,0,172,1264029031,1,160,20149000
1724379331732000,23923,100800,0,0,172,1264029031,1,160,19089000
1724379351848000,23924,100960,0,0,172,1264029031,1,160,20116000
1724379371965000,23925,101120,0,0,172,1264029031,1,160,20117000
1724379392090000,23926,101280,0,0,172,1264029031,1,160,20125000
1724379412193000,23927,101440,0,0,172,1264029031,1,160,20103000
1724379432326000,23928,101600,0,0,172,1264029031,1,160,20133000
1724379452460000,23929,101760,0,0,172,1264029031,1,160,20134000
1724379472605000,23930,101920,0,0,172,1264029031,1,160,20145000
1724379491891000,23931,102080,0,0,172,1264029031,1,160,19286000
1724379512119000,23932,102240,0,0,172,1264029031,1,160,20228000
1724379532561000,23933,102400,0,0,172,1264029031,1,160,20442000
1724379551853000,23934,102560,0,0,172,1264029031,1,160,19292000
1724379571777000,23935,102720,0,0,172,1264029031,1,160,19924000
1724379592219000,23936,102880,0,0,172,1264029031,1,160,20442000
1724379612182000,23937,103040,0,0,172,1264029031,1,160,19963000
1724379632494000,23938,103200,0,0,172,1264029031,1,160,20312000
1724379651753000,23939,103360,0,0,172,1264029031,1,160,19259000
1724379672005000,23940,103520,0,0,172,1264029031,1,160,20252000
1724379692255000,23941,103680,0,0,172,1264029031,1,160,20250000
1724379712670000,23942,103840,0,0,172,1264029031,1,160,20415000
1724379731345000,23943,104000,0,0,172,1264029031,1,160,18675000
1724379752634000,23944,104160,0,0,172,1264029031,1,160,21289000
1724379771026000,23945,104320,0,0,172,1264029031,1,160,18392000
1724379792395000,23946,104480,0,0,172,1264029031,1,160,21369000
1724379811812000,23947,104640,0,0,172,1264029031,1,160,19417000
1724379832266000,23948,104800,0,0,172,1264029031,1,160,20454000
1724379852274000,23949,104960,0,0,172,1264029031,1,160,20008000
1724379871962000,23950,105120,0,0,172,1264029031,1,160,19688000
1724379891212000,23951,105280,0,0,172,1264029031,1,160,19250000
1724379912555000,23952,105440,0,0,172,1264029031,1,160,21343000
1724379931920000,23953,105600,0,0,172,1264029031,1,160,19365000
1724379952080000,23954,105760,0,0,172,1264029031,1,160,20160000
1724379972298000,23955,105920,0,0,172,1264029031,1,160,20218000
1724379992551000,23956,106080,0,0,172,1264029031,1,160,20253000
1724380011787000,23957,106240,0,0,172,1264029031,1,160,19236000
1724380032263000,23958,106400,0,0,172,1264029031,1,160,20476000
1724380052624000,23959,106560,0,0,172,1264029031,1,160,20361000
1724380071870000,23960,106720,0,0,172,1264029031,1,160,19246000
1724380091604000,23961,106880,0,0,172,1264029031,1,160,19734000
1724380111906000,23962,107040,0,0,172,1264029031,1,160,20302000
1724380132297000,23963,107200,0,0,172,1264029031,1,160,20391000
1724380152594000,23964,107360,0,0,172,1264029031,1,160,20297000
1724380171847000,23965,107520,0,0,172,1264029031,1,160,19253000
1724380192227000,23966,107680,0,0,172,1264029031,1,160,20380000
1724380212184000,23967,107840,0,0,172,1264029031,1,160,19957000
1724380232692000,23968,108000,0,0,172,1264029031,1,160,20508000
1724380251323000,23969,108160,0,0,172,1264029031,1,160,18631000
1724380272669000,23970,108320,0,0,172,1264029031,1,160,21346000
1724380291938000,23971,108480,0,0,172,1264029031,1,160,19269000
1724380311264000,23972,108640,0,0,172,1264029031,1,160,19326000
1724380332431000,23973,108800,0,0,172,1264029031,1,160,21167000
1724380352235000,23974,108960,0,0,172,1264029031,1,160,19804000
1724380372389000,23975,109120,0,0,172,1264029031,1,160,20154000
1724380392520000,23976,109280,0,0,172,1264029031,1,160,20131000
1724380412650000,23977,109440,0,0,172,1264029031,1,160,20130000
1724380431784000,23978,109600,0,0,172,1264029031,1,160,19134000
1724380451915000,23979,109760,0,0,172,1264029031,1,160,20131000
1724380472064000,23980,109920,0,0,172,1264029031,1,160,20149000
1724380492091000,23981,110080,0,0,172,1264029031,1,160,20027000
1724380512421000,23982,110240,0,0,172,1264029031,1,160,20330000
1724380532849000,23983,110400,0,0,172,1264029031,1,160,20428000
1724380552099000,23984,110560,0,0,172,1264029031,1,160,19250000
1724380572337000,23985,110720,0,0,172,1264029031,1,160,20238000
1724380592700000,23986,110880,0,0,172,1264029031,1,160,20363000
1724380612072000,23987,111040,0,0,172,1264029031,1,160,19372000
1724380632265000,23988,111200,0,0,172,1264029031,1,160,20193000
1724380652530000,23989,111360,0,0,172,1264029031,1,160,20265000
1724380670991000,23990,111520,0,0,172,1264029031,1,160,18461000
1724380692386000,23991,111680,0,0,172,1264029031,1,160,21395000
1724380712713000,23992,111840,0,0,172,1264029031,1,160,20327000
1724380731967000,23993,112000,0,0,172,1264029031,1,160,19254000
1724380751290000,23994,112160,0,0,172,1264029031,1,160,19323000
1724380772594000,23995,112320,0,0,172,1264029031,1,160,21304000
1724380792108000,23996,112480,0,0,172,1264029031,1,160,19514000
1724380812130000,23997,112640,0,0,172,1264029031,1,160,20022000
1724380832549000,23998,112800,0,0,172,1264029031,1,160,20419000
1724380851820000,23999,112960,0,0,172,1264029031,1,160,19271000
1724380872039000,24000,113120,0,0,172,1264029031,1,160,20219000
1724380892340000,24001,113280,0,0,172,1264029031,1,160,20301000
1724380912554000,24002,113440,0,0,172,1264029031,1,160,20214000
1724380931968000,24003,113600,0,0,172,1264029031,1,160,19414000
1724380952232000,24004,113760,0,0,172,1264029031,1,160,20264000
1724380972455000,24005,113920,0,0,172,1264029031,1,160,20223000
1724380991728000,24006,114080,0,0,172,1264029031,1,160,19273000
1724381011317000,24007,114240,0,0,172,1264029031,1,160,19589000
1724381032636000,24008,114400,0,0,172,1264029031,1,160,21319000
1724381051838000,24009,114560,0,0,172,1264029031,1,160,19202000
1724381072144000,24010,114720,0,0,172,1264029031,1,160,20306000
1724381092525000,24011,114880,0,0,172,1264029031,1,160,20381000
1724381111951000,24012,115040,0,0,172,1264029031,1,160,19426000
1724381131535000,24013,115200,0,0,172,1264029031,1,160,19584000
1724381151805000,24014,115360,0,0,172,1264029031,1,160,20270000
1724381172040000,24015,115520,0,0,172,1264029031,1,160,20235000
1724381192416000,24016,115680,0,0,172,1264029031,1,160,20376000
1724381211771000,24017,115840,0,0,172,1264029031,1,160,19355000
1724381232213000,24018,116000,0,0,172,1264029031,1,160,20442000
1724381251979000,24019,116160,0,0,172,1264029031,1,160,19766000
1724381272459000,24020,116320,0,0,172,1264029031,1,160,20480000
1724381291976000,24021,116480,0,0,172,1264029031,1,160,19517000
1724381311356000,24022,116640,0,0,172,1264029031,1,160,19380000
1724381332431000,24023,116800,0,0,172,1264029031,1,160,21075000
1724381352604000,24024,116960,0,0,172,1264029031,1,160,20173000
1724381370957000,24025,117120,0,0,172,1264029031,1,160,18353000
1724381392347000,24026,117280,0,0,172,1264029031,1,160,21390000
1724381412000000,24027,117440,0,0,172,1264029031,1,160,19653000
1724381432240000,24028,117600,0,0,172,1264029031,1,160,20240000
1724381452502000,24029,117760,0,0,172,1264029031,1,160,20262000
1724381470946000,24030,117920,0,0,172,1264029031,1,160,18444000
1724381492346000,24031,118080,0,0,172,1264029031,1,160,21400000
1724381512754000,24032,118240,0,0,172,1264029031,1,160,20408000
1724381532222000,24033,118400,0,0,172,1264029031,1,160,19468000
1724381552468000,24034,118560,0,0,172,1264029031,1,160,20246000
1724381571071000,24035,118720,0,0,172,1264029031,1,160,18603000
1724381592600000,24036,118880,0,0,172,1264029031,1,160,21529000
1724381611995000,24037,119040,0,0,172,1264029031,1,160,19395000
1724381632413000,24038,119200,0,0,172,1264029031,1,160,20418000
1724381651702000,24039,119360,0,0,172,1264029031,1,160,19289000
1724381671922000,24040,119520,0,0,172,1264029031,1,160,20220000
1724381692308000,24041,119680,0,0,172,1264029031,1,160,20386000
1724381712194000,24042,119840,0,0,172,1264029031,1,160,19886000
1724381732512000,24043,120000,0,0,172,1264029031,1,160,20318000
1724381751795000,24044,120160,0,0,172,1264029031,1,160,19283000
1724381772024000,24045,120320,0,0,172,1264029031,1,160,20229000
1724381791957000,24046,120480,0,0,172,1264029031,1,160,19933000
1724381812350000,24047,120640,0,0,172,1264029031,1,160,20393000
1724381832650000,24048,120800,0,0,172,1264029031,1,160,20300000
1724381851984000,24049,120960,0,0,172,1264029031,1,160,19334000
1724381872203000,24050,121120,0,0,172,1264029031,1,160,20219000
1724381892427000,24051,121280,0,0,172,1264029031,1,160,20224000
1724381911827000,24052,121440,0,0,172,1264029031,1,160,19400000
1724381931693000,24053,121600,0,0,172,1264029031,1,160,19866000
1724381951325000,24054,121760,0,0,172,1264029031,1,160,19632000
1724381972561000,24055,121920,0,0,172,1264029031,1,160,21236000
1724381991581000,24056,122080,0,0,172,1264029031,1,160,19020000
1724382011905000,24057,122240,0,0,172,1264029031,1,160,20324000
1724382032303000,24058,122400,0,0,172,1264029031,1,160,20398000
1724382052591000,24059,122560,0,0,172,1264029031,1,160,20288000
1724382071902000,24060,122720,0,0,172,1264029031,1,160,19311000
1724382092288000,24061,122880,0,0,172,1264029031,1,160,20386000
1724382112506000,24062,123040,0,0,172,1264029031,1,160,20218000
1724382131812000,24063,123200,0,0,172,1264029031,1,160,19306000
1724382152082000,24064,123360,0,0,172,1264029031,1,160,20270000
1724382172319000,24065,123520,0,0,172,1264029031,1,160,20237000
1724382192478000,24066,123680,0,0,172,1264029031,1,160,20159000
1724382211911000,24067,123840,0,0,172,1264029031,1,160,19433000
1724382232416000,24068,124000,0,0,172,1264029031,1,160,20505000
1724382251764000,24069,124160,0,0,172,1264029031,1,160,19348000
1724382272112000,24070,124320,0,0,172,1264029031,1,160,20348000
1724382291990000,24071,124480,0,0,172,1264029031,1,160,19878000
1724382312173000,24072,124640,0,0,172,1264029031,1,160,20183000
1724382332594000,24073,124800,0,0,172,1264029031,1,160,20421000
1724382351826000,24074,124960,0,0,172,1264029031,1,160,19232000
1724382372021000,24075,125120,0,0,172,1264029031,1,160,20195000
1724382392243000,24076,125280,0,0,172,1264029031,1,160,20222000
1724382411990000,24077,125440,0,0,172,1264029031,1,160,19747000
1724382432291000,24078,125600,0,0,172,1264029031,1,160,20301000
1724382452653000,24079,125760,0,0,172,1264029031,1,160,20362000
1724382472216000,24080,125920,0,0,172,1264029031,1,160,19563000
1724382493098000,24081,126080,0,0,172,1264029031,1,160,20882000
1724382512901000,24082,126240,0,0,172,1264029031,1,160,19803000
1724382532714000,24083,126400,0,0,172,1264029031,1,160,19813000
1724382552251000,24084,126560,0,0,172,1264029031,1,160,19537000
1724382572763000,24085,126720,0,0,172,1264029031,1,160,20512000
1724382592025000,24086,126880,0,0,172,1264029031,1,160,19262000
1724382612725000,24087,127040,0,0,172,1264029031,1,160,20700000
1724382632485000,24088,127200,0,0,172,1264029031,1,160,19760000
1724382652000000,24089,127360,0,0,172,1264029031,1,160,19515000
1724382672415000,24090,127520,0,0,172,1264029031,1,160,20415000
1724382692079000,24091,127680,0,0,172,1264029031,1,160,19664000
1724382712059000,24092,127840,0,0,172,1264029031,1,160,19980000
1724382732436000,24093,128000,0,0,172,1264029031,1,160,20377000
1724382752034000,24094,128160,0,0,172,1264029031,1,160,19598000
1724382772583000,24095,128320,0,0,172,1264029031,1,160,20549000
1724382792647000,24096,128480,0,0,172,1264029031,1,160,20064000
1724382812508000,24097,128640,0,0,172,1264029031,1,160,19861000
1724382832418000,24098,128800,0,0,172,1264029031,1,160,19910000
1724382851997000,24099,128960,0,0,172,1264029031,1,160,19579000
1724382872480000,24100,129120,0,0,172,1264029031,1,160,20483000
1724382891886000,24101,129280,0,0,172,1264029031,1,160,19406000
1724382912166000,24102,129440,0,0,172,1264029031,1,160,20280000
1724382932554000,24103,129600,0,0,172,1264029031,1,160,20388000
1724382951875000,24104,129760,0,0,172,1264029031,1,160,19321000
1724382971525000,24105,129920,0,0,172,1264029031,1,160,19650000
1724382991327000,24106,130080,0,0,172,1264029031,1,160,19802000
1724383012192000,24107,130240,0,0,172,1264029031,1,160,20865000
1724383032520000,24108,130400,0,0,172,1264029031,1,160,20328000
1724383051782000,24109,130560,0,0,172,1264029031,1,160,19262000
1724383072075000,24110,130720,0,0,172,1264029031,1,160,20293000
1724383092252000,24111,130880,0,0,172,1264029031,1,160,20177000
1724383112504000,24112,131040,0,0,172,1264029031,1,160,20252000
1724383131841000,24113,131200,0,0,172,1264029031,1,160,19337000
1724383152095000,24114,131360,0,0,172,1264029031,1,160,20254000
1724383172406000,24115,131520,0,0,172,1264029031,1,160,20311000
1724383191038000,24116,131680,0,0,172,1264029031,1,160,18632000
1724383212259000,24117,131840,0,0,172,1264029031,1,160,21221000
1724383232564000,24118,132000,0,0,172,1264029031,1,160,20305000
1724383251894000,24119,132160,0,0,172,1264029031,1,160,19330000
1724383272175000,24120,132320,0,0,172,1264029031,1,160,20281000
1724383292479000,24121,132480,0,0,172,1264029031,1,160,20304000
1724383311812000,24122,132640,0,0,172,1264029031,1,160,19333000
1724383332133000,24123,132800,0,0,172,1264029031,1,160,20321000
1724383352431000,24124,132960,0,0,172,1264029031,1,160,20298000
1724383371387000,24125,133120,0,0,172,1264029031,1,160,18956000
1724383391645000,24126,133280,0,0,172,1264029031,1,160,20258000
1724383411986000,24127,133440,0,0,172,1264029031,1,160,20341000
1724383432399000,24128,133600,0,0,172,1264029031,1,160,20413000
1724383451702000,24129,133760,0,0,172,1264029031,1,160,19303000
1724383471996000,24130,133920,0,0,172,1264029031,1,160,20294000
1724383492312000,24131,134080,0,0,172,1264029031,1,160,20316000
1724383511882000,24132,134240,0,0,172,1264029031,1,160,19570000
1724383532291000,24133,134400,0,0,172,1264029031,1,160,20409000
1724383552572000,24134,134560,0,0,172,1264029031,1,160,20281000
1724383571209000,24135,134720,0,0,172,1264029031,1,160,18637000
1724383592534000,24136,134880,0,0,172,1264029031,1,160,21325000
1724383611938000,24137,135040,0,0,172,1264029031,1,160,19404000
1724383632266000,24138,135200,0,0,172,1264029031,1,160,20328000
1724383652083000,24139,135360,0,0,172,1264029031,1,160,19817000
1724383672318000,24140,135520,0,0,172,1264029031,1,160,20235000
1724383691575000,24141,135680,0,0,172,1264029031,1,160,19257000
1724383711934000,24142,135840,0,0,172,1264029031,1,160,20359000
1724383732224000,24143,136000,0,0,172,1264029031,1,160,20290000
1724383752509000,24144,136160,0,0,172,1264029031,1,160,20285000
1724383770816000,24145,136320,0,0,172,1264029031,1,160,18307000
1724383792294000,24146,136480,0,0,172,1264029031,1,160,21478000
1724383811704000,24147,136640,0,0,172,1264029031,1,160,19410000
1724383831977000,24148,136800,0,0,172,1264029031,1,160,20273000
1724383852299000,24149,136960,0,0,172,1264029031,1,160,20322000
1724383871518000,24150,137120,0,0,172,1264029031,1,160,19219000
1724383891914000,24151,137280,0,0,172,1264029031,1,160,20396000
1724383912262000,24152,137440,0,0,172,1264029031,1,160,20348000
1724383931586000,24153,137600,0,0,172,1264029031,1,160,19324000
1724383951123000,24154,137760,0,0,172,1264029031,1,160,19537000
1724383972342000,24155,137920,0,0,172,1264029031,1,160,21219000
1724383991620000,24156,138080,0,0,172,1264029031,1,160,19278000
1724384011975000,24157,138240,0,0,172,1264029031,1,160,20355000
1724384032323000,24158,138400,0,0,172,1264029031,1,160,20348000
1724384051575000,24159,138560,0,0,172,1264029031,1,160,19252000
1724384071618000,24160,138720,0,0,172,1264029031,1,160,20043000
1724384091987000,24161,138880,0,0,172,1264029031,1,160,20369000
1724384112281000,24162,139040,0,0,172,1264029031,1,160,20294000
1724384130979000,24163,139200,0,0,172,1264029031,1,160,18698000
1724384152262000,24164,139360,0,0,172,1264029031,1,160,21283000
1724384172028000,24165,139520,0,0,172,1264029031,1,160,19766000
1724384192345000,24166,139680,0,0,172,1264029031,1,160,20317000
1724384211729000,24167,139840,0,0,172,1264029031,1,160,19384000
1724384231976000,24168,140000,0,0,172,1264029031,1,160,20247000
1724384252027000,24169,140160,0,0,172,1264029031,1,160,20051000
1724384272326000,24170,140320,0,0,172,1264029031,1,160,20299000
1724384291727000,24171,140480,0,0,172,1264029031,1,160,19401000
1724384312070000,24172,140640,0,0,172,1264029031,1,160,20343000
1724384332378000,24173,140800,0,0,172,1264029031,1,160,20308000
1724384351720000,24174,140960,0,0,172,1264029031,1,160,19342000
1724384371939000,24175,141120,0,0,172,1264029031,1,160,20219000
1724384392375000,24176,141280,0,0,172,1264029031,1,160,20436000
1724384411517000,24177,141440,0,0,172,1264029031,1,160,19142000
1724384431874000,24178,141600,0,0,172,1264029031,1,160,20357000
1724384452143000,24179,141760,0,0,172,1264029031,1,160,20269000
1724384472383000,24180,141920,0,0,172,1264029031,1,160,20240000
1724384491774000,24181,142080,0,0,172,1264029031,1,160,19391000
1724384512142000,24182,142240,0,0,172,1264029031,1,160,20368000
1724384532363000,24183,142400,0,0,172,1264029031,1,160,20221000
1724384551620000,24184,142560,0,0,172,1264029031,1,160,19257000
1724384570978000,24185,142720,0,0,172,1264029031,1,160,19358000
1724384592253000,24186,142880,0,0,172,1264029031,1,160,21275000
1724384611692000,24187,143040,0,0,172,1264029031,1,160,19439000
1724384632040000,24188,143200,0,0,172,1264029031,1,160,20348000
1724384652323000,24189,143360,0,0,172,1264029031,1,160,20283000
1724384671575000,24190,143520,0,0,172,1264029031,1,160,19252000
1724384691847000,24191,143680,0,0,172,1264029031,1,160,20272000
1724384712254000,24192,143840,0,0,172,1264029031,1,160,20407000
1724384731543000,24193,144000,0,0,172,1264029031,1,160,19289000
1724384751801000,24194,144160,0,0,172,1264029031,1,160,20258000
1724384771335000,24195,144320,0,0,172,1264029031,1,160,19534000
1724384791811000,24196,144480,0,0,172,1264029031,1,160,20476000
1724384812160000,24197,144640,0,0,172,1264029031,1,160,20349000
1724384832438000,24198,144800,0,0,172,1264029031,1,160,20278000
1724384852175000,24199,144960,0,0,172,1264029031,1,160,19737000
1724384872361000,24200,145120,0,0,172,1264029031,1,160,20186000
1724384891784000,24201,145280,0,0,172,1264029031,1,160,19423000
1724384912089000,24202,145440,0,0,172,1264029031,1,160,20305000
1724384932457000,24203,145600,0,0,172,1264029031,1,160,20368000
1724384951727000,24204,145760,0,0,172,1264029031,1,160,19270000
1724384971944000,24205,145920,0,0,172,1264029031,1,160,20217000
1724384991318000,24206,146080,0,0,172,1264029031,1,160,19374000
1724385011645000,24207,146240,0,0,172,1264029031,1,160,20327000
1724385031920000,24208,146400,0,0,172,1264029031,1,160,20275000
1724385052168000,24209,146560,0,0,172,1264029031,1,160,20248000
1724385072407000,24210,146720,0,0,172,1264029031,1,160,20239000
1724385091923000,24211,146880,0,0,172,1264029031,1,160,19516000
1724385112311000,24212,147040,0,0,172,1264029031,1,160,20388000
1724385131726000,24213,147200,0,0,172,1264029031,1,160,19415000
1724385151988000,24214,147360,0,0,172,1264029031,1,160,20262000
1724385172390000,24215,147520,0,0,172,1264029031,1,160,20402000
1724385191208000,24216,147680,0,0,172,1264029031,1,160,18818000
1724385211700000,24217,147840,0,0,172,1264029031,1,160,20492000
1724385231990000,24218,148000,0,0,172,1264029031,1,160,20290000
1724385252362000,24219,148160,0,0,172,1264029031,1,160,20372000
1724385270817000,24220,148320,0,0,172,1264029031,1,160,18455000
1724385292251000,24221,148480,0,0,172,1264029031,1,160,21434000
1724385311660000,24222,148640,0,0,172,1264029031,1,160,19409000
1724385331995000,24223,148800,0,0,172,1264029031,1,160,20335000
1724385352331000,24224,148960,0,0,172,1264029031,1,160,20336000
1724385371555000,24225,149120,0,0,172,1264029031,1,160,19224000
1724385390816000,24226,149280,0,0,172,1264029031,1,160,19261000
1724385412067000,24227,149440,0,0,172,1264029031,1,160,21251000
1724385432260000,24228,149600,0,0,172,1264029031,1,160,20193000
1724385451522000,24229,149760,0,0,172,1264029031,1,160,19262000
1724385471752000,24230,149920,0,0,172,1264029031,1,160,20230000
1724385492124000,24231,150080,0,0,172,1264029031,1,160,20372000
1724385512676000,24232,150240,0,0,172,1264029031,1,160,20552000
1724385532148000,24233,150400,0,0,172,1264029031,1,160,19472000
1724385552394000,24234,150560,0,0,172,1264029031,1,160,20246000
1724385571494000,24235,150720,0,0,172,1264029031,1,160,19100000
1724385591750000,24236,150880,0,0,172,1264029031,1,160,20256000
1724385611966000,24237,151040,0,0,172,1264029031,1,160,20216000
1724385632286000,24238,151200,0,0,172,1264029031,1,160,20320000
1724385651538000,24239,151360,0,0,172,1264029031,1,160,19252000
1724385671744000,24240,151520,0,0,172,1264029031,1,160,20206000
1724385691746000,24241,151680,0,0,172,1264029031,1,160,20002000
1724385712127000,24242,151840,0,0,172,1264029031,1,160,20381000
1724385732364000,24243,152000,0,0,172,1264029031,1,160,20237000
1724385751581000,24244,152160,0,0,172,1264029031,1,160,19217000
1724385771809000,24245,152320,0,0,172,1264029031,1,160,20228000
1724385792337000,24246,152480,0,0,172,1264029031,1,160,20528000
1724385811719000,24247,152640,0,0,172,1264029031,1,160,19382000
1724385832055000,24248,152800,0,0,172,1264029031,1,160,20336000
1724385852420000,24249,152960,0,0,172,1264029031,1,160,20365000
1724385871629000,24250,153120,0,0,172,1264029031,1,160,19209000
1724385891986000,24251,153280,0,0,172,1264029031,1,160,20357000
1724385912291000,24252,153440,0,0,172,1264029031,1,160,20305000
1724385931602000,24253,153600,0,0,172,1264029031,1,160,19311000
1724385951571000,24254,153760,0,0,172,1264029031,1,160,19969000
1724385971771000,24255,153920,0,0,172,1264029031,1,160,20200000
1724385992016000,24256,154080,0,0,172,1264029031,1,160,20245000
1724386012348000,24257,154240,0,0,172,1264029031,1,160,20332000
1724386031662000,24258,154400,0,0,172,1264029031,1,160,19314000
1724386051883000,24259,154560,0,0,172,1264029031,1,160,20221000
1724386072096000,24260,154720,0,0,172,1264029031,1,160,20213000
1724386092401000,24261,154880,0,0,172,1264029031,1,160,20305000
1724386111762000,24262,155040,0,0,172,1264029031,1,160,19361000
1724386131503000,24263,155200,0,0,172,1264029031,1,160,19741000
1724386151061000,24264,155360,0,0,172,1264029031,1,160,19558000
1724386172447000,24265,155520,0,0,172,1264029031,1,160,21386000
1724386192013000,24266,155680,0,0,172,1264029031,1,160,19566000
1724386211966000,24267,155840,0,0,172,1264029031,1,160,19953000
1724386232310000,24268,156000,0,0,172,1264029031,1,160,20344000
1724386251624000,24269,156160,0,0,172,1264029031,1,160,19314000
1724386271905000,24270,156320,0,0,172,1264029031,1,160,20281000
1724386292301000,24271,156480,0,0,172,1264029031,1,160,20396000
1724386311088000,24272,156640,0,0,172,1264029031,1,160,18787000
1724386332458000,24273,156800,0,0,172,1264029031,1,160,21370000
1724386351067000,24274,156960,0,0,172,1264029031,1,160,18609000
1724386372296000,24275,157120,0,0,172,1264029031,1,160,21229000
1724386391706000,24276,157280,0,0,172,1264029031,1,160,19410000
1724386411919000,24277,157440,0,0,172,1264029031,1,160,20213000
1724386432245000,24278,157600,0,0,172,1264029031,1,160,20326000
1724386451512000,24279,157760,0,0,172,1264029031,1,160,19267000
1724386471352000,24280,157920,0,0,172,1264029031,1,160,19840000
1724386491733000,24281,158080,0,0,172,1264029031,1,160,20381000
1724386512000000,24282,158240,0,0,172,1264029031,1,160,20267000
1724386532444000,24283,158400,0,0,172,1264029031,1,160,20444000
1724386551718000,24284,158560,0,0,172,1264029031,1,160,19274000
1724386571945000,24285,158720,0,0,172,1264029031,1,160,20227000
1724386592276000,24286,158880,0,0,172,1264029031,1,160,20331000
1724386611740000,24287,159040,0,0,172,1264029031,1,160,19464000
1724386632060000,24288,159200,0,0,172,1264029031,1,160,20320000
1724386652309000,24289,159360,0,0,172,1264029031,1,160,20249000
1724386671161000,24290,159520,0,0,172,1264029031,1,160,18852000
1724386691531000,24291,159680,0,0,172,1264029031,1,160,20370000
1724386711844000,24292,159840,0,0,172,1264029031,1,160,20313000
1724386732075000,24293,160000,0,0,172,1264029031,1,160,20231000
1724386752347000,24294,160160,0,0,172,1264029031,1,160,20272000
1724386771585000,24295,160320,0,0,172,1264029031,1,160,19238000
1724386791596000,24296,160480,0,0,172,1264029031,1,160,20011000
1724386812010000,24297,160640,0,0,172,1264029031,1,160,20414000
1724386832381000,24298,160800,0,0,172,1264029031,1,160,20371000
1724386851644000,24299,160960,0,0,172,1264029031,1,160,19263000
1724386871940000,24300,161120,0,0,172,1264029031,1,160,20296000
1724386891394000,24301,161280,0,0,172,1264029031,1,160,19454000
1724386911832000,24302,161440,0,0,172,1264029031,1,160,20438000
1724386932246000,24303,161600,0,0,172,1264029031,1,160,20414000
1724386950962000,24304,161760,0,0,172,1264029031,1,160,18716000
1724386971433000,24305,161920,0,0,172,1264029031,1,160,20471000
1724386991725000,24306,162080,0,0,172,1264029031,1,160,20292000
1724387011547000,24307,162240,0,0,172,1264029031,1,160,19822000
1724387031847000,24308,162400,0,0,172,1264029031,1,160,20300000
1724387052117000,24309,162560,0,0,172,1264029031,1,160,20270000
1724387071357000,24310,162720,0,0,172,1264029031,1,160,19240000
1724387091844000,24311,162880,0,0,172,1264029031,1,160,20487000
1724387111749000,24312,163040,0,0,172,1264029031,1,160,19905000
1724387132083000,24313,163200,0,0,172,1264029031,1,160,20334000
1724387151339000,24314,163360,0,0,172,1264029031,1,160,19256000
1724387171370000,24315,163520,0,0,172,1264029031,1,160,20031000
1724387191778000,24316,163680,0,0,172,1264029031,1,160,20408000
1724387212284000,24317,163840,0,0,172,1264029031,1,160,20506000
1724387231361000,24318,164000,0,0,172,1264029031,1,160,19077000
1724387251676000,24319,164160,0,0,172,1264029031,1,160,20315000
1724387271965000,24320,164320,0,0,172,1264029031,1,160,20289000
1724387292358000,24321,164480,0,0,172,1264029031,1,160,20393000
1724387311728000,24322,164640,0,0,172,1264029031,1,160,19370000
1724387332029000,24323,164800,0,0,172,1264029031,1,160,20301000
1724387352373000,24324,164960,0,0,172,1264029031,1,160,20344000
1724387370615000,24325,165120,0,0,172,1264029031,1,160,18242000
1724387391021000,24326,165280,0,0,172,1264029031,1,160,20406000
1724387411928000,24327,165440,0,0,172,1264029031,1,160,20907000
1724387430430000,24328,165600,0,0,172,1264029031,1,160,18502000
1724387451714000,24329,165760,0,0,172,1264029031,1,160,21284000
1724387471940000,24330,165920,0,0,172,1264029031,1,160,20226000
1724387492167000,24331,166080,0,0,172,1264029031,1,160,20227000
1724387511385000,24332,166240,0,0,172,1264029031,1,160,19218000
1724387532269000,24333,166400,0,0,172,1264029031,1,160,20884000
1724387550935000,24334,166560,0,0,172,1264029031,1,160,18666000
1724387571613000,24335,166720,0,0,172,1264029031,1,160,20678000
1724387592025000,24336,166880,0,0,172,1264029031,1,160,20412000
1724387611511000,24337,167040,0,0,172,1264029031,1,160,19486000
1724387630926000,24338,167200,0,0,172,1264029031,1,160,19415000
1724387652215000,24339,167360,0,0,172,1264029031,1,160,21289000
1724387671443000,24340,167520,0,0,172,1264029031,1,160,19228000
1724387691819000,24341,167680,0,0,172,1264029031,1,160,20376000
1724387712108000,24342,167840,0,0,172,1264029031,1,160,20289000
1724387731352000,24343,168000,0,0,172,1264029031,1,160,19244000
1724387751573000,24344,168160,0,0,172,1264029031,1,160,20221000
1724387771759000,24345,168320,0,0,172,1264029031,1,160,20186000
1724387792064000,24346,168480,0,0,172,1264029031,1,160,20305000
1724387812366000,24347,168640,0,0,172,1264029031,1,160,20302000
1724387831635000,24348,168800,0,0,172,1264029031,1,160,19269000
1724387851516000,24349,168960,0,0,172,1264029031,1,160,19881000
1724387871786000,24350,169120,0,0,172,1264029031,1,160,20270000
1724387892066000,24351,169280,0,0,172,1264029031,1,160,20280000
1724387912284000,24352,169440,0,0,172,1264029031,1,160,20218000
1724387931607000,24353,169600,0,0,172,1264029031,1,160,19323000
1724387951565000,24354,169760,0,0,172,1264029031,1,160,19958000
1724387971147000,24355,169920,0,0,172,1264029031,1,160,19582000
1724387991381000,24356,170080,0,0,172,1264029031,1,160,20234000
1724388011095000,24357,170240,0,0,172,1264029031,1,160,19714000
1724388031333000,24358,170400,0,0,172,1264029031,1,160,20238000
1724388051576000,24359,170560,0,0,172,1264029031,1,160,20243000
1724388071802000,24360,170720,0,0,172,1264029031,1,160,20226000
1724388092190000,24361,170880,0,0,172,1264029031,1,160,20388000
1724388111534000,24362,171040,0,0,172,1264029031,1,160,19344000
1724388131864000,24363,171200,0,0,172,1264029031,1,160,20330000
1724388152045000,24364,171360,0,0,172,1264029031,1,160,20181000
1724388171774000,24365,171520,0,0,172,1264029031,1,160,19729000
1724388192215000,24366,171680,0,0,172,1264029031,1,160,20441000
1724388212108000,24367,171840,0,0,172,1264029031,1,160,19893000
1724388231441000,24368,172000,0,0,172,1264029031,1,160,19333000
1724388251783000,24369,172160,0,0,172,1264029031,1,160,20342000
1724388272190000,24370,172320,0,0,172,1264029031,1,160,20407000
1724388291397000,24371,172480,0,0,172,1264029031,1,160,19207000
1724388311794000,24372,172640,0,0,172,1264029031,1,160,20397000
1724388331698000,24373,172800,0,0,172,1264029031,1,160,19904000
1724388351969000,24374,172960,0,0,172,1264029031,1,160,20271000
1724388372442000,24375,173120,0,0,172,1264029031,1,160,20473000
1724388391860000,24376,173280,0,0,172,1264029031,1,160,19418000
1724388411779000,24377,173440,0,0,172,1264029031,1,160,19919000
1724388432121000,24378,173600,0,0,172,1264029031,1,160,20342000
1724388451360000,24379,173760,0,0,172,1264029031,1,160,19239000
1724388471577000,24380,173920,0,0,172,1264029031,1,160,20217000
1724388491808000,24381,174080,0,0,172,1264029031,1,160,20231000
1724388511867000,24382,174240,0,0,172,1264029031,1,160,20059000
1724388531868000,24383,174400,0,0,172,1264029031,1,160,20001000
1724388552112000,24384,174560,0,0,172,1264029031,1,160,20244000
1724388571331000,24385,174720,0,0,172,1264029031,1,160,19219000
1724388591700000,24386,174880,0,0,172,1264029031,1,160,20369000
1724388612069000,24387,175040,0,0,172,1264029031,1,160,20369000
1724388631055000,24388,175200,0,0,172,1264029031,1,160,18986000
1724388651335000,24389,175360,0,0,172,1264029031,1,160,20280000
1724388671602000,24390,175520,0,0,172,1264029031,1,160,20267000
1724388691996000,24391,175680,0,0,172,1264029031,1,160,20394000
1724388711424000,24392,175840,0,0,172,1264029031,1,160,19428000
1724388731761000,24393,176000,0,0,172,1264029031,1,160,20337000
1724388752070000,24394,176160,0,0,172,1264029031,1,160,20309000
1724388771341000,24395,176320,0,0,172,1264029031,1,160,19271000
1724388791498000,24396,176480,0,0,172,1264029031,1,160,20157000
1724388811912000,24397,176640,0,0,172,1264029031,1,160,20414000
1724388832136000,24398,176800,0,0,172,1264029031,1,160,20224000
1724388851363000,24399,176960,0,0,172,1264029031,1,160,19227000
1724388871602000,24400,177120,0,0,172,1264029031,1,160,20239000
1724388892037000,24401,177280,0,0,172,1264029031,1,160,20435000
1724388910660000,24402,177440,0,0,172,1264029031,1,160,18623000
1724388932004000,24403,177600,0,0,172,1264029031,1,160,21344000
1724388951267000,24404,177760,0,0,172,1264029031,1,160,19263000
1724388971509000,24405,177920,0,0,172,1264029031,1,160,20242000
1724388991726000,24406,178080,0,0,172,1264029031,1,160,20217000
1724389012033000,24407,178240,0,0,172,1264029031,1,160,20307000
1724389031284000,24408,178400,0,0,172,1264029031,1,160,19251000
1724389051530000,24409,178560,0,0,172,1264029031,1,160,20246000
1724389071800000,24410,178720,0,0,172,1264029031,1,160,20270000
1724389092071000,24411,178880,0,0,172,1264029031,1,160,20271000
1724389111627000,24412,179040,0,0,172,1264029031,1,160,19556000
1724389131503000,24413,179200,0,0,172,1264029031,1,160,19876000
1724389151705000,24414,179360,0,0,172,1264029031,1,160,20202000
1724389171544000,24415,179520,0,0,172,1264029031,1,160,19839000
1724389191893000,24416,179680,0,0,172,1264029031,1,160,20349000
1724389212257000,24417,179840,0,0,172,1264029031,1,160,20364000
1724389231671000,24418,180000,0,0,172,1264029031,1,160,19414000
1724389251460000,24419,180160,0,0,172,1264029031,1,160,19789000
1724389271987000,24420,180320,0,0,172,1264029031,1,160,20527000
1724389291265000,24421,180480,0,0,172,1264029031,1,160,19278000
1724389311268000,24422,180640,0,0,172,1264029031,1,160,20003000
1724389331455000,24423,180800,0,0,172,1264029031,1,160,20187000
1724389351314000,24424,180960,0,0,172,1264029031,1,160,19859000
1724389371448000,24425,181120,0,0,172,1264029031,1,160,20134000
1724389391551000,24426,181280,0,0,172,1264029031,1,160,20103000
1724389411302000,24427,181440,0,0,172,1264029031,1,160,19751000
1724389431407000,24428,181600,0,0,172,1264029031,1,160,20105000
1724389451549000,24429,181760,0,0,172,1264029031,1,160,20142000
1724389471653000,24430,181920,0,0,172,1264029031,1,160,20104000
1724389491813000,24431,182080,0,0,172,1264029031,1,160,20160000
1724389511992000,24432,182240,0,0,172,1264029031,1,160,20179000
1724389532242000,24433,182400,0,0,172,1264029031,1,160,20250000
1724389551545000,24434,182560,0,0,172,1264029031,1,160,19303000
1724389571607000,24435,182720,0,0,172,1264029031,1,160,20062000
1724389592011000,24436,182880,0,0,172,1264029031,1,160,20404000
1724389611461000,24437,183040,0,0,172,1264029031,1,160,19450000
1724389631282000,24438,183200,0,0,172,1264029031,1,160,19821000
1724389651566000,24439,183360,0,0,172,1264029031,1,160,20284000
1724389671827000,24440,183520,0,0,172,1264029031,1,160,20261000
1724389692225000,24441,183680,0,0,172,1264029031,1,160,20398000
1724389711667000,24442,183840,0,0,172,1264029031,1,160,19442000
1724389731975000,24443,184000,0,0,172,1264029031,1,160,20308000
1724389751259000,24444,184160,0,0,172,1264029031,1,160,19284000
1724389771584000,24445,184320,0,0,172,1264029031,1,160,20325000
1724389791489000,24446,184480,0,0,172,1264029031,1,160,19905000
1724389811814000,24447,184640,0,0,172,1264029031,1,160,20325000
1724389832130000,24448,184800,0,0,172,1264029031,1,160,20316000
1724389850427000,24449,184960,0,0,172,1264029031,1,160,18297000
1724389871623000,24450,185120,0,0,172,1264029031,1,160,21196000
1724389891470000,24451,185280,0,0,172,1264029031,1,160,19847000
1724389911856000,24452,185440,0,0,172,1264029031,1,160,20386000
1724389932261000,24453,185600,0,0,172,1264029031,1,160,20405000
1724389951322000,24454,185760,0,0,172,1264029031,1,160,19061000
1724389971546000,24455,185920,0,0,172,1264029031,1,160,20224000
1724389991825000,24456,186080,0,0,172,1264029031,1,160,20279000
1724390012168000,24457,186240,0,0,172,1264029031,1,160,20343000
1724390031470000,24458,186400,0,0,172,1264029031,1,160,19302000
1724390051725000,24459,186560,0,0,172,1264029031,1,160,20255000
1724390071069000,24460,186720,0,0,172,1264029031,1,160,19344000
1724390091455000,24461,186880,0,0,172,1264029031,1,160,20386000
1724390111934000,24462,187040,0,0,172,1264029031,1,160,20479000
1724390130985000,24463,187200,0,0,172,1264029031,1,160,19051000
1724390151238000,24464,187360,0,0,172,1264029031,1,160,20253000
1724390171552000,24465,187520,0,0,172,1264029031,1,160,20314000
1724390191948000,24466,187680,0,0,172,1264029031,1,160,20396000
1724390212192000,24467,187840,0,0,172,1264029031,1,160,20244000
1724390230598000,24468,188000,0,0,172,1264029031,1,160,18406000
1724390251842000,24469,188160,0,0,172,1264029031,1,160,21244000
1724390272024000,24470,188320,0,0,172,1264029031,1,160,20182000
1724390291326000,24471,188480,0,0,172,1264029031,1,160,19302000
1724390311603000,24472,188640,0,0,172,1264029031,1,160,20277000
1724390331902000,24473,188800,0,0,172,1264029031,1,160,20299000
1724390351605000,24474,188960,0,0,172,1264029031,1,160,19703000
1724390372090000,24475,189120,0,0,172,1264029031,1,160,20485000
1724390391375000,24476,189280,0,0,172,1264029031,1,160,19285000
1724390411783000,24477,189440,0,0,172,1264029031,1,160,20408000
1724390432141000,24478,189600,0,0,172,1264029031,1,160,20358000
1724390450898000,24479,189760,0,0,172,1264029031,1,160,18757000
1724390472111000,24480,189920,0,0,172,1264029031,1,160,21213000
1724390491384000,24481,190080,0,0,172,1264029031,1,160,19273000
1724390511621000,24482,190240,0,0,172,1264029031,1,160,20237000
1724390532008000,24483,190400,0,0,172,1264029031,1,160,20387000
1724390551253000,24484,190560,0,0,172,1264029031,1,160,19245000
1724390571477000,24485,190720,0,0,172,1264029031,1,160,20224000
1724390591875000,24486,190880,0,0,172,1264029031,1,160,20398000
1724390611302000,24487,191040,0,0,172,1264029031,1,160,19427000
1724390631788000,24488,191200,0,0,172,1264029031,1,160,20486000
1724390652067000,24489,191360,0,0,172,1264029031,1,160,20279000
1724390670682000,24490,191520,0,0,172,1264029031,1,160,18615000
1724390692066000,24491,191680,0,0,172,1264029031,1,160,21384000
1724390710746000,24492,191840,0,0,172,1264029031,1,160,18680000
1724390732069000,24493,192000,0,0,172,1264029031,1,160,21323000
1724390751272000,24494,192160,0,0,172,1264029031,1,160,19203000
1724390771506000,24495,192320,0,0,172,1264029031,1,160,20234000
1724390791967000,24496,192480,0,0,172,1264029031,1,160,20461000
1724390811376000,24497,192640,0,0,172,1264029031,1,160,19409000
1724390831678000,24498,192800,0,0,172,1264029031,1,160,20302000
1724390851252000,24499,192960,0,0,172,1264029031,1,160,19574000
1724390871460000,24500,193120,0,0,172,1264029031,1,160,20208000
1724390891691000,24501,193280,0,0,172,1264029031,1,160,20231000
1724390911882000,24502,193440,0,0,172,1264029031,1,160,20191000
1724390931185000,24503,193600,0,0,172,1264029031,1,160,19303000
1724390951429000,24504,193760,0,0,172,1264029031,1,160,20244000
1724390971658000,24505,193920,0,0,172,1264029031,1,160,20229000
1724390991854000,24506,194080,0,0,172,1264029031,1,160,20196000
1724391012107000,24507,194240,0,0,172,1264029031,1,160,20253000
1724391031336000,24508,194400,0,0,172,1264029031,1,160,19229000
1724391051622000,24509,194560,0,0,172,1264029031,1,160,20286000
1724391071775000,24510,194720,0,0,172,1264029031,1,160,20153000
1724391092090000,24511,194880,0,0,172,1264029031,1,160,20315000
1724391111603000,24512,195040,0,0,172,1264029031,1,160,19513000
1724391131809000,24513,195200,0,0,172,1264029031,1,160,20206000
1724391151149000,24514,195360,0,0,172,1264029031,1,160,19340000
1724391170639000,24515,195520,0,0,172,1264029031,1,160,19490000
1724391192041000,24516,195680,0,0,172,1264029031,1,160,21402000
1724391211436000,24517,195840,0,0,172,1264029031,1,160,19395000
1724391231907000,24518,196000,0,0,172,1264029031,1,160,20471000
1724391251161000,24519,196160,0,0,172,1264029031,1,160,19254000
1724391271481000,24520,196320,0,0,172,1264029031,1,160,20320000
1724391291852000,24521,196480,0,0,172,1264029031,1,160,20371000
1724391312185000,24522,196640,0,0,172,1264029031,1,160,20333000
1724391331621000,24523,196800,0,0,172,1264029031,1,160,19436000
1724391351684000,24524,196960,0,0,172,1264029031,1,160,20063000
1724391371996000,24525,197120,0,0,172,1264029031,1,160,20312000
1724391391283000,24526,197280,0,0,172,1264029031,1,160,19287000
1724391411575000,24527,197440,0,0,172,1264029031,1,160,20292000
1724391431863000,24528,197600,0,0,172,1264029031,1,160,20288000
1724391452098000,24529,197760,0,0,172,1264029031,1,160,20235000
1724391470412000,24530,197920,0,0,172,1264029031,1,160,18314000
1724391491809000,24531,198080,0,0,172,1264029031,1,160,21397000
1724391512118000,24532,198240,0,0,172,1264029031,1,160,20309000
1724391532138000,24533,198400,0,0,172,1264029031,1,160,20020000
1724391551228000,24534,198560,0,0,172,1264029031,1,160,19090000
1724391571452000,24535,198720,0,0,172,1264029031,1,160,20224000
1724391591826000,24536,198880,0,0,172,1264029031,1,160,20374000
1724391612229000,24537,199040,0,0,172,1264029031,1,160,20403000
1724391631674000,24538,199200,0,0,172,1264029031,1,160,19445000
1724391651684000,24539,199360,0,0,172,1264029031,1,160,20010000
1724391672214000,24540,199520,0,0,172,1264029031,1,160,20530000
1724391691445000,24541,199680,0,0,172,1264029031,1,160,19231000
1724391711969000,24542,199840,0,0,172,1264029031,1,160,20524000
1724391731296000,24543,200000,0,0,172,1264029031,1,160,19327000
1724391751264000,24544,200160,0,0,172,1264029031,1,160,19968000
1724391771510000,24545,200320,0,0,172,1264029031,1,160,20246000
1724391791934000,24546,200480,0,0,172,1264029031,1,160,20424000
1724391811330000,24547,200640,0,0,172,1264029031,1,160,19396000
1724391831698000,24548,200800,0,0,172,1264029031,1,160,20368000
1724391851018000,24549,200960,0,0,172,1264029031,1,160,19320000
1724391871049000,24550,201120,0,0,172,1264029031,1,160,20031000
1724391891206000,24551,201280,0,0,172,1264029031,1,160,20157000
1724391910739000,24552,201440,0,0,172,1264029031,1,160,19533000
1724391932060000,24553,201600,0,0,172,1264029031,1,160,21321000
1724391951309000,24554,201760,0,0,172,1264029031,1,160,19249000
1724391971528000,24555,201920,0,0,172,1264029031,1,160,20219000
1724391991640000,24556,202080,0,0,172,1264029031,1,160,20112000
1724392011560000,24557,202240,0,0,172,1264029031,1,160,19920000
1724392031925000,24558,202400,0,0,172,1264029031,1,160,20365000
1724392051183000,24559,202560,0,0,172,1264029031,1,160,19258000
1724392071402000,24560,202720,0,0,172,1264029031,1,160,20219000
1724392091794000,24561,202880,0,0,172,1264029031,1,160,20392000
1724392111326000,24562,203040,0,0,172,1264029031,1,160,19532000
1724392131672000,24563,203200,0,0,172,1264029031,1,160,20346000
1724392151946000,24564,203360,0,0,172,1264029031,1,160,20274000
1724392171190000,24565,203520,0,0,172,1264029031,1,160,19244000
1724392191438000,24566,203680,0,0,172,1264029031,1,160,20248000
1724392211403000,24567,203840,0,0,172,1264029031,1,160,19965000
1724392231824000,24568,204000,0,0,172,1264029031,1,160,20421000
1724392251072000,24569,204160,0,0,172,1264029031,1,160,19248000
1724392270436000,24570,204320,0,0,172,1264029031,1,160,19364000
1724392291841000,24571,204480,0,0,172,1264029031,1,160,21405000
1724392311241000,24572,204640,0,0,172,1264029031,1,160,19400000
1724392331560000,24573,204800,0,0,172,1264029031,1,160,20319000
1724392351497000,24574,204960,0,0,172,1264029031,1,160,19937000
1724392371832000,24575,205120,0,0,172,1264029031,1,160,20335000
1724392390740000,24576,205280,0,0,172,1264029031,1,160,18908000
1724392412101000,24577,205440,0,0,172,1264029031,1,160,21361000
1724392431503000,24578,205600,0,0,172,1264029031,1,160,19402000
1724392451770000,24579,205760,0,0,172,1264029031,1,160,20267000
1724392472001000,24580,205920,0,0,172,1264029031,1,160,20231000
1724392491389000,24581,206080,0,0,172,1264029031,1,160,19388000
1724392511811000,24582,206240,0,0,172,1264029031,1,160,20422000
1724392531253000,24583,206400,0,0,172,1264029031,1,160,19442000
1724392551501000,24584,206560,0,0,172,1264029031,1,160,20248000
1724392571726000,24585,206720,0,0,172,1264029031,1,160,20225000
1724392591986000,24586,206880,0,0,172,1264029031,1,160,20260000
1724392611322000,24587,207040,0,0,172,1264029031,1,160,19336000
1724392631793000,24588,207200,0,0,172,1264029031,1,160,20471000
1724392652060000,24589,207360,0,0,172,1264029031,1,160,20267000
1724392671306000,24590,207520,0,0,172,1264029031,1,160,19246000
1724392691686000,24591,207680,0,0,172,1264029031,1,160,20380000
1724392712061000,24592,207840,0,0,172,1264029031,1,160,20375000
1724392730498000,24593,208000,0,0,172,1264029031,1,160,18437000
1724392751727000,24594,208160,0,0,172,1264029031,1,160,21229000
1724392770986000,24595,208320,0,0,172,1264029031,1,160,19259000
1724392791367000,24596,208480,0,0,172,1264029031,1,160,20381000
1724392811765000,24597,208640,0,0,172,1264029031,1,160,20398000
1724392832120000,24598,208800,0,0,172,1264029031,1,160,20355000
1724392851380000,24599,208960,0,0,172,1264029031,1,160,19260000
1724392871604000,24600,209120,0,0,172,1264029031,1,160,20224000
1724392892003000,24601,209280,0,0,172,1264029031,1,160,20399000
1724392911329000,24602,209440,0,0,172,1264029031,1,160,19326000
1724392931641000,24603,209600,0,0,172,1264029031,1,160,20312000
1724392951150000,24604,209760,0,0,172,1264029031,1,160,19509000
1724392971379000,24605,209920,0,0,172,1264029031,1,160,20229000
1724392991045000,24606,210080,0,0,172,1264029031,1,160,19666000
1724393010741000,24607,210240,0,0,172,1264029031,1,160,19696000
1724393032045000,24608,210400,0,0,172,1264029031,1,160,21304000
1724393051135000,24609,210560,0,0,172,1264029031,1,160,19090000
1724393071069000,24610,210720,0,0,172,1264029031,1,160,19934000
1724393091413000,24611,210880,0,0,172,1264029031,1,160,20344000
1724393111795000,24612,211040,0,0,172,1264029031,1,160,20382000
1724393132100000,24613,211200,0,0,172,1264029031,1,160,20305000
1724393150871000,24614,211360,0,0,172,1264029031,1,160,18771000
1724393171098000,24615,211520,0,0,172,1264029031,1,160,20227000
1724393191491000,24616,211680,0,0,172,1264029031,1,160,20393000
1724393211820000,24617,211840,0,0,172,1264029031,1,160,20329000
1724393231231000,24618,212000,0,0,172,1264029031,1,160,19411000
1724393250631000,24619,212160,0,0,172,1264029031,1,160,19400000
1724393271929000,24620,212320,0,0,172,1264029031,1,160,21298000
1724393291346000,24621,212480,0,0,172,1264029031,1,160,19417000
1724393311776000,24622,212640,0,0,172,1264029031,1,160,20430000
1724393330307000,24623,212800,0,0,172,1264029031,1,160,18531000
1724393350627000,24624,212960,0,0,172,1264029031,1,160,20320000
1724393371863000,24625,213120,0,0,172,1264029031,1,160,21236000
1724393391365000,24626,213280,0,0,172,1264029031,1,160,19502000
1724393411416000,24627,213440,0,0,172,1264029031,1,160,20051000
1724393431775000,24628,213600,0,0,172,1264029031,1,160,20359000
1724393451011000,24629,213760,0,0,172,1264029031,1,160,19236000
1724393471218000,24630,213920,0,0,172,1264029031,1,160,20207000
1724393491602000,24631,214080,0,0,172,1264029031,1,160,20384000
1724393511887000,24632,214240,0,0,172,1264029031,1,160,20285000
1724393531314000,24633,214400,0,0,172,1264029031,1,160,19427000
1724393551572000,24634,214560,0,0,172,1264029031,1,160,20258000
1724393571954000,24635,214720,0,0,172,1264029031,1,160,20382000
1724393591342000,24636,214880,0,0,172,1264029031,1,160,19388000
1724393611635000,24637,215040,0,0,172,1264029031,1,160,20293000
1724393631954000,24638,215200,0,0,172,1264029031,1,160,20319000
1724393651320000,24639,215360,0,0,172,1264029031,1,160,19366000
1724393671499000,24640,215520,0,0,172,1264029031,1,160,20179000
1724393691710000,24641,215680,0,0,172,1264029031,1,160,20211000
1724393712067000,24642,215840,0,0,172,1264029031,1,160,20357000
1724393731308000,24643,216000,0,0,172,1264029031,1,160,19241000
1724393751621000,24644,216160,0,0,172,1264029031,1,160,20313000
1724393771121000,24645,216320,0,0,172,1264029031,1,160,19500000
1724393791588000,24646,216480,0,0,172,1264029031,1,160,20467000
1724393811970000,24647,216640,0,0,172,1264029031,1,160,20382000
1724393831215000,24648,216800,0,0,172,1264029031,1,160,19245000
1724393851451000,24649,216960,0,0,172,1264029031,1,160,20236000
1724393871656000,24650,217120,0,0,172,1264029031,1,160,20205000
1724393892015000,24651,217280,0,0,172,1264029031,1,160,20359000
1724393911557000,24652,217440,0,0,172,1264029031,1,160,19542000
1724393931865000,24653,217600,0,0,172,1264029031,1,160,20308000
1724393951116000,24654,217760,0,0,172,1264029031,1,160,19251000
1724393971329000,24655,217920,0,0,172,1264029031,1,160,20213000
1724393991603000,24656,218080,0,0,172,1264029031,1,160,20274000
1724394012007000,24657,218240,0,0,172,1264029031,1,160,20404000
1724394031322000,24658,218400,0,0,172,1264029031,1,160,19315000
1724394051544000,24659,218560,0,0,172,1264029031,1,160,20222000
1724394071748000,24660,218720,0,0,172,1264029031,1,160,20204000
1724394092110000,24661,218880,0,0,172,1264029031,1,160,20362000
1724394111486000,24662,219040,0,0,172,1264029031,1,160,19376000
1724394131878000,24663,219200,0,0,172,1264029031,1,160,20392000
1724394151123000,24664,219360,0,0,172,1264029031,1,160,19245000
1724394171302000,24665,219520,0,0,172,1264029031,1,160,20179000
1724394191524000,24666,219680,0,0,172,1264029031,1,160,20222000
1724394211847000,24667,219840,0,0,172,1264029031,1,160,20323000
1724394231161000,24668,220000,0,0,172,1264029031,1,160,19314000
1724394251520000,24669,220160,0,0,172,1264029031,1,160,20359000
1724394271951000,24670,220320,0,0,172,1264029031,1,160,20431000
1724394291180000,24671,220480,0,0,172,1264029031,1,160,19229000
1724394311542000,24672,220640,0,0,172,1264029031,1,160,20362000
1724394331828000,24673,220800,0,0,172,1264029031,1,160,20286000
1724394351057000,24674,220960,0,0,172,1264029031,1,160,19229000
1724394371269000,24675,221120,0,0,172,1264029031,1,160,20212000
1724394391724000,24676,221280,0,0,172,1264029031,1,160,20455000
1724394411146000,24677,221440,0,0,172,1264029031,1,160,19422000
1724394431595000,24678,221600,0,0,172,1264029031,1,160,20449000
1724394451877000,24679,221760,0,0,172,1264029031,1,160,20282000
1724394471107000,24680,221920,0,0,172,1264029031,1,160,19230000
1724394491524000,24681,222080,0,0,172,1264029031,1,160,20417000
1724394511674000,24682,222240,0,0,172,1264029031,1,160,20150000
1724394532066000,24683,222400,0,0,172,1264029031,1,160,20392000
1724394551323000,24684,222560,0,0,172,1264029031,1,160,19257000
1724394571528000,24685,222720,0,0,172,1264029031,1,160,20205000
1724394591892000,24686,222880,0,0,172,1264029031,1,160,20364000
1724394611264000,24687,223040,0,0,172,1264029031,1,160,19372000
1724394631641000,24688,223200,0,0,172,1264029031,1,160,20377000
1724394651822000,24689,223360,0,0,172,1264029031,1,160,20181000
1724394670940000,24690,223520,0,0,172,1264029031,1,160,19118000
1724394691186000,24691,223680,0,0,172,1264029031,1,160,20246000
1724394711583000,24692,223840,0,0,172,1264029031,1,160,20397000
1724394731926000,24693,224000,0,0,172,1264029031,1,160,20343000
1724394751376000,24694,224160,0,0,172,1264029031,1,160,19450000
1724394771670000,24695,224320,0,0,172,1264029031,1,160,20294000
1724394790687000,24696,224480,0,0,172,1264029031,1,160,19017000
1724394810250000,24697,224640,0,0,172,1264029031,1,160,19563000
1724394831604000,24698,224800,0,0,172,1264029031,1,160,21354000
1724394851915000,24699,224960,0,0,172,1264029031,1,160,20311000
1724394870235000,24700,225120,0,0,172,1264029031,1,160,18320000
1724394891490000,24701,225280,0,0,172,1264029031,1,160,21255000
1724394912005000,24702,225440,0,0,172,1264029031,1,160,20515000
1724394931458000,24703,225600,0,0,172,1264029031,1,160,19453000
1724394951315000,24704,225760,0,0,172,1264029031,1,160,19857000
1724394971261000,24705,225920,0,0,172,1264029031,1,160,19946000
1724394991221000,24706,226080,0,0,172,1264029031,1,160,19960000
1724395011556000,24707,226240,0,0,172,1264029031,1,160,20335000
1724395031583000,24708,226400,0,0,172,1264029031,1,160,20027000
1724395051873000,24709,226560,0,0,172,1264029031,1,160,20290000
1724395071144000,24710,226720,0,0,172,1264029031,1,160,19271000
1724395090620000,24711,226880,0,0,172,1264029031,1,160,19476000
1724395111073000,24712,227040,0,0,172,1264029031,1,160,20453000
1724395131494000,24713,227200,0,0,172,1264029031,1,160,20421000
1724395151764000,24714,227360,0,0,172,1264029031,1,160,20270000
1724395170987000,24715,227520,0,0,172,1264029031,1,160,19223000
1724395191243000,24716,227680,0,0,172,1264029031,1,160,20256000
1724395211624000,24717,227840,0,0,172,1264029031,1,160,20381000
1724395231985000,24718,228000,0,0,172,1264029031,1,160,20361000
1724395250959000,24719,228160,0,0,172,1264029031,1,160,18974000
1724395271263000,24720,228320,0,0,172,1264029031,1,160,20304000
1724395291248000,24721,228480,0,0,172,1264029031,1,160,19985000
1724395311487000,24722,228640,0,0,172,1264029031,1,160,20239000
1724395331888000,24723,228800,0,0,172,1264029031,1,160,20401000
1724395351147000,24724,228960,0,0,172,1264029031,1,160,19259000
1724395371356000,24725,229120,0,0,172,1264029031,1,160,20209000
1724395391892000,24726,229280,0,0,172,1264029031,1,160,20536000
1724395410995000,24727,229440,0,0,172,1264029031,1,160,19103000
1724395431454000,24728,229600,0,0,172,1264029031,1,160,20459000
1724395451014000,24729,229760,0,0,172,1264029031,1,160,19560000
1724395471246000,24730,229920,0,0,172,1264029031,1,160,20232000
1724395491627000,24731,230080,0,0,172,1264029031,1,160,20381000
1724395511036000,24732,230240,0,0,172,1264029031,1,160,19409000
1724395531483000,24733,230400,0,0,172,1264029031,1,160,20447000
1724395551723000,24734,230560,0,0,172,1264029031,1,160,20240000
1724395570938000,24735,230720,0,0,172,1264029031,1,160,19215000
1724395591167000,24736,230880,0,0,172,1264029031,1,160,20229000
1724395611464000,24737,231040,0,0,172,1264029031,1,160,20297000
1724395631877000,24738,231200,0,0,172,1264029031,1,160,20413000
1724395651215000,24739,231360,0,0,172,1264029031,1,160,19338000
1724395671445000,24740,231520,0,0,172,1264029031,1,160,20230000
1724395691838000,24741,231680,0,0,172,1264029031,1,160,20393000
1724395711273000,24742,231840,0,0,172,1264029031,1,160,19435000
1724395731577000,24743,232000,0,0,172,1264029031,1,160,20304000
1724395751702000,24744,232160,0,0,172,1264029031,1,160,20125000
1724395770979000,24745,232320,0,0,172,1264029031,1,160,19277000
1724395791064000,24746,232480,0,0,172,1264029031,1,160,20085000
1724395811379000,24747,232640,0,0,172,1264029031,1,160,20315000
1724395831722000,24748,232800,0,0,172,1264029031,1,160,20343000
1724395851020000,24749,232960,0,0,172,1264029031,1,160,19298000
1724395871273000,24750,233120,0,0,172,1264029031,1,160,20253000
1724395891702000,24751,233280,0,0,172,1264029031,1,160,20429000
1724395911423000,24752,233440,0,0,172,1264029031,1,160,19721000
1724395931642000,24753,233600,0,0,172,1264029031,1,160,20219000
1724395950770000,24754,233760,0,0,172,1264029031,1,160,19128000
1724395970955000,24755,233920,0,0,172,1264029031,1,160,20185000
1724395991207000,24756,234080,0,0,172,1264029031,1,160,20252000
1724396011601000,24757,234240,0,0,172,1264029031,1,160,20394000
1724396030924000,24758,234400,0,0,172,1264029031,1,160,19323000
1724396051224000,24759,234560,0,0,172,1264029031,1,160,20300000
1724396071497000,24760,234720,0,0,172,1264029031,1,160,20273000
1724396091915000,24761,234880,0,0,172,1264029031,1,160,20418000
1724396110525000,24762,235040,0,0,172,1264029031,1,160,18610000
1724396131870000,24763,235200,0,0,172,1264029031,1,160,21345000
1724396150474000,24764,235360,0,0,172,1264029031,1,160,18604000
1724396171359000,24765,235520,0,0,172,1264029031,1,160,20885000
1724396191761000,24766,235680,0,0,172,1264029031,1,160,20402000
1724396211164000,24767,235840,0,0,172,1264029031,1,160,19403000
1724396231363000,24768,236000,0,0,172,1264029031,1,160,20199000
1724396251677000,24769,236160,0,0,172,1264029031,1,160,20314000
1724396270235000,24770,236320,0,0,172,1264029031,1,160,18558000
1724396291635000,24771,236480,0,0,172,1264029031,1,160,21400000
1724396310570000,24772,236640,0,0,172,1264029031,1,160,18935000
1724396331992000,24773,236800,0,0,172,1264029031,1,160,21422000
1724396351295000,24774,236960,0,0,172,1264029031,1,160,19303000
1724396371526000,24775,237120,0,0,172,1264029031,1,160,20231000
1724396392001000,24776,237280,0,0,172,1264029031,1,160,20475000
1724396411413000,24777,237440,0,0,172,1264029031,1,160,19412000
1724396431726000,24778,237600,0,0,172,1264029031,1,160,20313000
1724396450993000,24779,237760,0,0,172,1264029031,1,160,19267000
1724396471237000,24780,237920,0,0,172,1264029031,1,160,20244000
1724396491648000,24781,238080,0,0,172,1264029031,1,160,20411000
1724396510577000,24782,238240,0,0,172,1264029031,1,160,18929000
1724396532031000,24783,238400,0,0,172,1264029031,1,160,21454000
1724396550950000,24784,238560,0,0,172,1264029031,1,160,18919000
1724396571186000,24785,238720,0,0,172,1264029031,1,160,20236000
1724396591280000,24786,238880,0,0,172,1264029031,1,160,20094000
1724396611594000,24787,239040,0,0,172,1264029031,1,160,20314000
1724396630931000,24788,239200,0,0,172,1264029031,1,160,19337000
1724396651289000,24789,239360,0,0,172,1264029031,1,160,20358000
1724396671528000,24790,239520,0,0,172,1264029031,1,160,20239000
1724396691931000,24791,239680,0,0,172,1264029031,1,160,20403000
1724396710573000,24792,239840,0,0,172,1264029031,1,160,18642000
1724396730370000,24793,240000,0,0,172,1264029031,1,160,19797000
1724396751507000,24794,240160,0,0,172,1264029031,1,160,21137000
1724396771751000,24795,240320,0,0,172,1264029031,1,160,20244000
1724396791273000,24796,240480,0,0,172,1264029031,1,160,19522000
1724396811601000,24797,240640,0,0,172,1264029031,1,160,20328000
1724396830914000,24798,240800,0,0,172,1264029031,1,160,19313000
1724396851158000,24799,240960,0,0,172,1264029031,1,160,20244000
1724396870879000,24800,241120,0,0,172,1264029031,1,160,19721000
1724396890930000,24801,241280,0,0,172,1264029031,1,160,20051000
1724396911453000,24802,241440,0,0,172,1264029031,1,160,20523000
1724396931766000,24803,241600,0,0,172,1264029031,1,160,20313000
1724396951015000,24804,241760,0,0,172,1264029031,1,160,19249000
1724396971228000,24805,241920,0,0,172,1264029031,1,160,20213000
1724396991489000,24806,242080,0,0,172,1264029031,1,160,20261000
1724397011879000,24807,242240,0,0,172,1264029031,1,160,20390000
1724397031196000,24808,242400,0,0,172,1264029031,1,160,19317000
1724397051444000,24809,242560,0,0,172,1264029031,1,160,20248000
1724397071673000,24810,242720,0,0,172,1264029031,1,160,20229000
1724397090483000,24811,242880,0,0,172,1264029031,1,160,18810000
1724397111789000,24812,243040,0,0,172,1264029031,1,160,21306000
1724397130429000,24813,243200,0,0,172,1264029031,1,160,18640000
1724397151686000,24814,243360,0,0,172,1264029031,1,160,21257000
1724397170921000,24815,243520,0,0,172,1264029031,1,160,19235000
1724397191308000,24816,243680,0,0,172,1264029031,1,160,20387000
1724397211285000,24817,243840,0,0,172,1264029031,1,160,19977000
1724397231048000,24818,244000,0,0,172,1264029031,1,160,19763000
1724397251398000,24819,244160,0,0,172,1264029031,1,160,20350000
1724397271865000,24820,244320,0,0,172,1264029031,1,160,20467000
1724397290814000,24821,244480,0,0,172,1264029031,1,160,18949000
1724397310527000,24822,244640,0,0,172,1264029031,1,160,19713000
1724397331896000,24823,244800,0,0,172,1264029031,1,160,21369000
1724397351159000,24824,244960,0,0,172,1264029031,1,160,19263000
1724397371549000,24825,245120,0,0,172,1264029031,1,160,20390000
1724397390942000,24826,245280,0,0,172,1264029031,1,160,19393000
1724397411240000,24827,245440,0,0,172,1264029031,1,160,20298000
1724397431477000,24828,245600,0,0,172,1264029031,1,160,20237000
1724397450825000,24829,245760,0,0,172,1264029031,1,160,19348000
1724397471092000,24830,245920,0,0,172,1264029031,1,160,20267000
1724397491526000,24831,246080,0,0,172,1264029031,1,160,20434000
1724397510942000,24832,246240,0,0,172,1264029031,1,160,19416000
1724397531363000,24833,246400,0,0,172,1264029031,1,160,20421000
1724397550913000,24834,246560,0,0,172,1264029031,1,160,19550000
1724397571156000,24835,246720,0,0,172,1264029031,1,160,20243000
1724397591085000,24836,246880,0,0,172,1264029031,1,160,19929000
1724397611386000,24837,247040,0,0,172,1264029031,1,160,20301000
1724397630779000,24838,247200,0,0,172,1264029031,1,160,19393000
1724397650997000,24839,247360,0,0,172,1264029031,1,160,20218000
1724397671190000,24840,247520,0,0,172,1264029031,1,160,20193000
1724397691502000,24841,247680,0,0,172,1264029031,1,160,20312000
1724397711744000,24842,247840,0,0,172,1264029031,1,160,20242000
1724397731088000,24843,248000,0,0,172,1264029031,1,160,19344000
1724397751206000,24844,248160,0,0,172,1264029031,1,160,20118000
1724397771546000,24845,248320,0,0,172,1264029031,1,160,20340000
1724397790939000,24846,248480,0,0,172,1264029031,1,160,19393000
1724397811270000,24847,248640,0,0,172,1264029031,1,160,20331000
1724397831673000,24848,248800,0,0,172,1264029031,1,160,20403000
1724397851020000,24849,248960,0,0,172,1264029031,1,160,19347000
1724397871305000,24850,249120,0,0,172,1264029031,1,160,20285000
1724397891542000,24851,249280,0,0,172,1264029031,1,160,20237000
1724397911111000,24852,249440,0,0,172,1264029031,1,160,19569000
1724397931520000,24853,249600,0,0,172,1264029031,1,160,20409000
1724397951808000,24854,249760,0,0,172,1264029031,1,160,20288000
1724397971150000,24855,249920,0,0,172,1264029031,1,160,19342000
1724397991513000,24856,250080,0,0,172,1264029031,1,160,20363000
1724398011585000,24857,250240,0,0,172,1264029031,1,160,20072000
1724398030954000,24858,250400,0,0,172,1264029031,1,160,19369000
1724398051314000,24859,250560,0,0,172,1264029031,1,160,20360000
1724398071804000,24860,250720,0,0,172,1264029031,1,160,20490000
1724398091338000,24861,250880,0,0,172,1264029031,1,160,19534000
1724398111781000,24862,251040,0,0,172,1264029031,1,160,20443000
1724398131260000,24863,251200,0,0,172,1264029031,1,160,19479000
1724398151621000,24864,251360,0,0,172,1264029031,1,160,20361000
1724398170933000,24865,251520,0,0,172,1264029031,1,160,19312000
1724398191449000,24866,251680,0,0,172,1264029031,1,160,20516000
1724398210987000,24867,251840,0,0,172,1264029031,1,160,19538000
1724398231436000,24868,252000,0,0,172,1264029031,1,160,20449000
1724398251429000,24869,252160,0,0,172,1264029031,1,160,19993000
1724398271982000,24870,252320,0,0,172,1264029031,1,160,20553000
1724398291496000,24871,252480,0,0,172,1264029031,1,160,19514000
1724398311014000,24872,252640,0,0,172,1264029031,1,160,19518000
1724398331380000,24873,252800,0,0,172,1264029031,1,160,20366000
1724398351515000,24874,252960,0,0,172,1264029031,1,160,20135000
1724398369965000,24875,253120,0,0,172,1264029031,1,160,18450000
1724398391419000,24876,253280,0,0,172,1264029031,1,160,21454000
1724398411951000,24877,253440,0,0,172,1264029031,1,160,20532000
1724398431403000,24878,253600,0,0,172,1264029031,1,160,19452000
1724398450951000,24879,253760,0,0,172,1264029031,1,160,19548000
1724398471261000,24880,253920,0,0,172,1264029031,1,160,20310000
1724398491770000,24881,254080,0,0,172,1264029031,1,160,20509000
1724398510457000,24882,254240,0,0,172,1264029031,1,160,18687000
1724398531035000,24883,254400,0,0,172,1264029031,1,160,20578000
1724398551387000,24884,254560,0,0,172,1264029031,1,160,20352000
1724398571701000,24885,254720,0,0,172,1264029031,1,160,20314000
1724398591242000,24886,254880,0,0,172,1264029031,1,160,19541000
1724398611667000,24887,255040,0,0,172,1264029031,1,160,20425000
1724398630190000,24888,255200,0,0,172,1264029031,1,160,18523000
1724398650595000,24889,255360,0,0,172,1264029031,1,160,20405000
1724398670915000,24890,255520,0,0,172,1264029031,1,160,20320000
1724398690765000,24891,255680,0,0,172,1264029031,1,160,19850000
1724398711172000,24892,255840,0,0,172,1264029031,1,160,20407000
1724398731534000,24893,256000,0,0,172,1264029031,1,160,20362000
1724398750880000,24894,256160,0,0,172,1264029031,1,160,19346000
1724398771093000,24895,256320,0,0,172,1264029031,1,160,20213000
1724398791040000,24896,256480,0,0,172,1264029031,1,160,19947000
1724398811477000,24897,256640,0,0,172,1264029031,1,160,20437000
1724398830069000,24898,256800,0,0,172,1264029031,1,160,18592000
1724398851343000,24899,256960,0,0,172,1264029031,1,160,21274000
1724398871661000,24900,257120,0,0,172,1264029031,1,160,20318000
1724398891154000,24901,257280,0,0,172,1264029031,1,160,19493000
1724398911703000,24902,257440,0,0,172,1264029031,1,160,20549000
1724398930086000,24903,257600,0,0,172,1264029031,1,160,18383000
1724398951422000,24904,257760,0,0,172,1264029031,1,160,21336000
1724398971717000,24905,257920,0,0,172,1264029031,1,160,20295000
1724398990392000,24906,258080,0,0,172,1264029031,1,160,18675000
1724399011794000,24907,258240,0,0,172,1264029031,1,160,21402000
1724399031195000,24908,258400,0,0,172,1264029031,1,160,19401000
1724399051543000,24909,258560,0,0,172,1264029031,1,160,20348000
1724399070087000,24910,258720,0,0,172,1264029031,1,160,18544000
1724399091568000,24911,258880,0,0,172,1264029031,1,160,21481000
1724399111075000,24912,259040,0,0,172,1264029031,1,160,19507000
1724399130922000,24913,259200,0,0,172,1264029031,1,160,19847000
1724399151255000,24914,259360,0,0,172,1264029031,1,160,20333000
1724399171577000,24915,259520,0,0,172,1264029031,1,160,20322000
1724399190898000,24916,259680,0,0,172,1264029031,1,160,19321000
1724399211278000,24917,259840,0,0,172,1264029031,1,160,20380000
1724399231328000,24918,260000,0,0,172,1264029031,1,160,20050000
1724399251702000,24919,260160,0,0,172,1264029031,1,160,20374000
1724399271031000,24920,260320,0,0,172,1264029031,1,160,19329000
1724399291537000,24921,260480,0,0,172,1264029031,1,160,20506000
1724399310971000,24922,260640,0,0,172,1264029031,1,160,19434000
1724399331371000,24923,260800,0,0,172,1264029031,1,160,20400000
1724399351729000,24924,260960,0,0,172,1264029031,1,160,20358000
1724399369984000,24925,261120,0,0,172,1264029031,1,160,18255000
1724399391140000,24926,261280,0,0,172,1264029031,1,160,21156000
1724399410776000,24927,261440,0,0,172,1264029031,1,160,19636000
1724399430518000,24928,261600,0,0,172,1264029031,1,160,19742000
1724399450644000,24929,261760,0,0,172,1264029031,1,160,20126000
1724399470810000,24930,261920,0,0,172,1264029031,1,160,20166000
1724399490950000,24931,262080,0,0,172,1264029031,1,160,20140000
1724399511049000,24932,262240,0,0,172,1264029031,1,160,20099000
1724399531212000,24933,262400,0,0,172,1264029031,1,160,20163000
1724399551358000,24934,262560,0,0,172,1264029031,1,160,20146000
1724399571477000,24935,262720,0,0,172,1264029031,1,160,20119000
1724399591717000,24936,262880,0,0,172,1264029031,1,160,20240000
1724399610139000,24937,263040,0,0,172,1264029031,1,160,18422000
1724399631971000,24938,263200,0,0,172,1264029031,1,160,21832000
1724399650580000,24939,263360,0,0,172,1264029031,1,160,18609000
1724399670917000,24940,263520,0,0,172,1264029031,1,160,20337000
1724399691231000,24941,263680,0,0,172,1264029031,1,160,20314000
1724399711793000,24942,263840,0,0,172,1264029031,1,160,20562000
1724399730117000,24943,264000,0,0,172,1264029031,1,160,18324000
1724399750943000,24944,264160,0,0,172,1264029031,1,160,20826000
1724399771273000,24945,264320,0,0,172,1264029031,1,160,20330000
1724399791680000,24946,264480,0,0,172,1264029031,1,160,20407000
1724399811093000,24947,264640,0,0,172,1264029031,1,160,19413000
1724399831399000,24948,264800,0,0,172,1264029031,1,160,20306000
1724399851725000,24949,264960,0,0,172,1264029031,1,160,20326000
1724399871160000,24950,265120,0,0,172,1264029031,1,160,19435000
1724399891562000,24951,265280,0,0,172,1264029031,1,160,20402000
1724399911115000,24952,265440,0,0,172,1264029031,1,160,19553000
1724399931039000,24953,265600,0,0,172,1264029031,1,160,19924000
1724399950561000,24954,265760,0,0,172,1264029031,1,160,19522000
1724399969946000,24955,265920,0,0,172,1264029031,1,160,19385000
1724399991356000,24956,266080,0,0,172,1264029031,1,160,21410000
1724400011776000,24957,266240,0,0,172,1264029031,1,160,20420000
1724400031213000,24958,266400,0,0,172,1264029031,1,160,19437000
1724400051497000,24959,266560,0,0,172,1264029031,1,160,20284000
1724400070043000,24960,266720,0,0,172,1264029031,1,160,18546000
1724400091125000,24961,266880,0,0,172,1264029031,1,160,21082000
1724400111621000,24962,267040,0,0,172,1264029031,1,160,20496000
1724400131035000,24963,267200,0,0,172,1264029031,1,160,19414000
1724400151328000,24964,267360,0,0,172,1264029031,1,160,20293000
1724400171853000,24965,267520,0,0,172,1264029031,1,160,20525000
1724400191379000,24966,267680,0,0,172,1264029031,1,160,19526000
1724400211830000,24967,267840,0,0,172,1264029031,1,160,20451000
1724400231368000,24968,268000,0,0,172,1264029031,1,160,19538000
1724400251730000,24969,268160,0,0,172,1264029031,1,160,20362000
1724400271063000,24970,268320,0,0,172,1264029031,1,160,19333000
1724400291595000,24971,268480,0,0,172,1264029031,1,160,20532000
1724400311138000,24972,268640,0,0,172,1264029031,1,160,19543000
1724400331453000,24973,268800,0,0,172,1264029031,1,160,20315000
1724400350356000,24974,268960,0,0,172,1264029031,1,160,18903000
1724400371824000,24975,269120,0,0,172,1264029031,1,160,21468000
1724400391170000,24976,269280,0,0,172,1264029031,1,160,19346000
1724400411759000,24977,269440,0,0,172,1264029031,1,160,20589000
1724400431103000,24978,269600,0,0,172,1264029031,1,160,19344000
1724400451427000,24979,269760,0,0,172,1264029031,1,160,20324000
1724400470007000,24980,269920,0,0,172,1264029031,1,160,18580000
1724400491503000,24981,270080,0,0,172,1264029031,1,160,21496000
1724400510966000,24982,270240,0,0,172,1264029031,1,160,19463000
1724400531535000,24983,270400,0,0,172,1264029031,1,160,20569000
1724400550888000,24984,270560,0,0,172,1264029031,1,160,19353000
1724400571162000,24985,270720,0,0,172,1264029031,1,160,20274000
1724400590758000,24986,270880,0,0,172,1264029031,1,160,19596000
1724400611287000,24987,271040,0,0,172,1264029031,1,160,20529000
1724400631745000,24988,271200,0,0,172,1264029031,1,160,20458000
1724400650479000,24989,271360,0,0,172,1264029031,1,160,18734000
1724400670775000,24990,271520,0,0,172,1264029031,1,160,20296000
1724400691259000,24991,271680,0,0,172,1264029031,1,160,20484000
1724400711819000,24992,271840,0,0,172,1264029031,1,160,20560000
1724400731273000,24993,272000,0,0,172,1264029031,1,160,19454000
1724400751602000,24994,272160,0,0,172,1264029031,1,160,20329000
1724400771016000,24995,272320,0,0,172,1264029031,1,160,19414000
1724400791480000,24996,272480,0,0,172,1264029031,1,160,20464000
1724400810951000,24997,272640,0,0,172,1264029031,1,160,19471000
1724400831375000,24998,272800,0,0,172,1264029031,1,160,20424000
1724400850391000,24999,272960,0,0,172,1264029031,1,160,19016000
1724400871183000,25000,273120,0,0,172,1264029031,1,160,20792000
1724400890489000,25001,273280,0,0,172,1264029031,1,160,19306000
1724400910977000,25002,273440,0,0,172,1264029031,1,160,20488000
1724400931303000,25003,273600,0,0,172,1264029031,1,160,20326000
1724400951634000,25004,273760,0,0,172,1264029031,1,160,20331000
1724400970978000,25005,273920,0,0,172,1264029031,1,160,19344000
1724400991343000,25006,274080,0,0,172,1264029031,1,160,20365000
1724401011694000,25007,274240,0,0,172,1264029031,1,160,20351000
1724401031055000,25008,274400,0,0,172,1264029031,1,160,19361000
1724401051405000,25009,274560,0,0,172,1264029031,1,160,20350000
1724401069974000,25010,274720,0,0,172,1264029031,1,160,18569000
1724401091417000,25011,274880,0,0,172,1264029031,1,160,21443000
1724401110919000,25012,275040,0,0,172,1264029031,1,160,19502000
1724401131320000,25013,275200,0,0,172,1264029031,1,160,20401000
1724401151691000,25014,275360,0,0,172,1264029031,1,160,20371000
1724401171017000,25015,275520,0,0,172,1264029031,1,160,19326000
1724401191500000,25016,275680,0,0,172,1264029031,1,160,20483000
1724401210988000,25017,275840,0,0,172,1264029031,1,160,19488000
1724401230906000,25018,276000,0,0,172,1264029031,1,160,19918000
1724401251243000,25019,276160,0,0,172,1264029031,1,160,20337000
1724401270928000,25020,276320,0,0,172,1264029031,1,160,19685000
1724401291425000,25021,276480,0,0,172,1264029031,1,160,20497000
1724401310342000,25022,276640,0,0,172,1264029031,1,160,18917000
1724401330079000,25023,276800,0,0,172,1264029031,1,160,19737000
1724401350741000,25024,276960,0,0,172,1264029031,1,160,20662000
1724401371243000,25025,277120,0,0,172,1264029031,1,160,20502000
1724401391759000,25026,277280,0,0,172,1264029031,1,160,20516000
1724401411114000,25027,277440,0,0,172,1264029031,1,160,19355000
1724401431593000,25028,277600,0,0,172,1264029031,1,160,20479000
1724401450778000,25029,277760,0,0,172,1264029031,1,160,19185000
1724401471071000,25030,277920,0,0,172,1264029031,1,160,20293000
1724401491577000,25031,278080,0,0,172,1264029031,1,160,20506000
1724401510289000,25032,278240,0,0,172,1264029031,1,160,18712000
1724401531871000,25033,278400,0,0,172,1264029031,1,160,21582000
1724401550605000,25034,278560,0,0,172,1264029031,1,160,18734000
1724401570817000,25035,278720,0,0,172,1264029031,1,160,20212000
1724401590360000,25036,278880,0,0,172,1264029031,1,160,19543000
1724401610845000,25037,279040,0,0,172,1264029031,1,160,20485000
1724401631355000,25038,279200,0,0,172,1264029031,1,160,20510000
1724401650701000,25039,279360,0,0,172,1264029031,1,160,19346000
1724401671007000,25040,279520,0,0,172,1264029031,1,160,20306000
1724401691481000,25041,279680,0,0,172,1264029031,1,160,20474000
1724401711030000,25042,279840,0,0,172,1264029031,1,160,19549000
1724401731394000,25043,280000,0,0,172,1264029031,1,160,20364000
1724401750812000,25044,280160,0,0,172,1264029031,1,160,19418000
1724401771143000,25045,280320,0,0,172,1264029031,1,160,20331000
1724401791686000,25046,280480,0,0,172,1264029031,1,160,20543000
1724401811208000,25047,280640,0,0,172,1264029031,1,160,19522000
1724401831755000,25048,280800,0,0,172,1264029031,1,160,20547000
1724401851104000,25049,280960,0,0,172,1264029031,1,160,19349000
1724401871428000,25050,281120,0,0,172,1264029031,1,160,20324000
1724401890950000,25051,281280,0,0,172,1264029031,1,160,19522000
1724401911530000,25052,281440,0,0,172,1264029031,1,160,20580000
1724401931140000,25053,281600,0,0,172,1264029031,1,160,19610000
1724401951507000,25054,281760,0,0,172,1264029031,1,160,20367000
1724401970849000,25055,281920,0,0,172,1264029031,1,160,19342000
1724401991241000,25056,282080,0,0,172,1264029031,1,160,20392000
1724402011716000,25057,282240,0,0,172,1264029031,1,160,20475000
1724402031161000,25058,282400,0,0,172,1264029031,1,160,19445000
1724402051483000,25059,282560,0,0,172,1264029031,1,160,20322000
1724402070648000,25060,282720,0,0,172,1264029031,1,160,19165000
1724402091150000,25061,282880,0,0,172,1264029031,1,160,20502000
1724402111639000,25062,283040,0,0,172,1264029031,1,160,20489000
1724402131082000,25063,283200,0,0,172,1264029031,1,160,19443000
1724402151462000,25064,283360,0,0,172,1264029031,1,160,20380000
1724402169969000,25065,283520,0,0,172,1264029031,1,160,18507000
1724402191213000,25066,283680,0,0,172,1264029031,1,160,21244000
1724402211638000,25067,283840,0,0,172,1264029031,1,160,20425000
1724402230976000,25068,284000,0,0,172,1264029031,1,160,19338000
1724402251320000,25069,284160,0,0,172,1264029031,1,160,20344000
1724402270646000,25070,284320,0,0,172,1264029031,1,160,19326000
1724402291136000,25071,284480,0,0,172,1264029031,1,160,20490000
1724402311521000,25072,284640,0,0,172,1264029031,1,160,20385000
1724402330949000,25073,284800,0,0,172,1264029031,1,160,19428000
1724402351276000,25074,284960,0,0,172,1264029031,1,160,20327000
1724402371656000,25075,285120,0,0,172,1264029031,1,160,20380000
1724402391162000,25076,285280,0,0,172,1264029031,1,160,19506000
1724402411594000,25077,285440,0,0,172,1264029031,1,160,20432000
1724402431001000,25078,285600,0,0,172,1264029031,1,160,19407000
1724402451309000,25079,285760,0,0,172,1264029031,1,160,20308000
1724402470609000,25080,285920,0,0,172,1264029031,1,160,19300000
1724402490357000,25081,286080,0,0,172,1264029031,1,160,19748000
1724402510761000,25082,286240,0,0,172,1264029031,1,160,20404000
1724402531250000,25083,286400,0,0,172,1264029031,1,160,20489000
1724402551526000,25084,286560,0,0,172,1264029031,1,160,20276000
1724402570843000,25085,286720,0,0,172,1264029031,1,160,19317000
1724402591304000,25086,286880,0,0,172,1264029031,1,160,20461000
1724402610834000,25087,287040,0,0,172,1264029031,1,160,19530000
1724402630458000,25088,287200,0,0,172,1264029031,1,160,19624000
1724402650209000,25089,287360,0,0,172,1264029031,1,160,19751000
1724402671524000,25090,287520,0,0,172,1264029031,1,160,21315000
1724402690368000,25091,287680,0,0,172,1264029031,1,160,18844000
1724402710100000,25092,287840,0,0,172,1264029031,1,160,19732000
1724402731534000,25093,288000,0,0,172,1264029031,1,160,21434000
1724402750853000,25094,288160,0,0,172,1264029031,1,160,19319000
1724402771339000,25095,288320,0,0,172,1264029031,1,160,20486000
1724402790302000,25096,288480,0,0,172,1264029031,1,160,18963000
1724402810807000,25097,288640,0,0,172,1264029031,1,160,20505000
1724402831248000,25098,288800,0,0,172,1264029031,1,160,20441000
1724402851576000,25099,288960,0,0,172,1264029031,1,160,20328000
1724402870804000,25100,289120,0,0,172,1264029031,1,160,19228000
1724402890686000,25101,289280,0,0,172,1264029031,1,160,19882000
1724402911220000,25102,289440,0,0,172,1264029031,1,160,20534000
1724402931575000,25103,289600,0,0,172,1264029031,1,160,20355000
1724402950840000,25104,289760,0,0,172,1264029031,1,160,19265000
1724402970753000,25105,289920,0,0,172,1264029031,1,160,19913000
1724402990529000,25106,290080,0,0,172,1264029031,1,160,19776000
1724403010221000,25107,290240,0,0,172,1264029031,1,160,19692000
1724403031515000,25108,290400,0,0,172,1264029031,1,160,21294000
1724403050871000,25109,290560,0,0,172,1264029031,1,160,19356000
1724403071188000,25110,290720,0,0,172,1264029031,1,160,20317000
1724403091712000,25111,290880,0,0,172,1264029031,1,160,20524000
1724403111170000,25112,291040,0,0,172,1264029031,1,160,19458000
1724403131220000,25113,291200,0,0,172,1264029031,1,160,20050000
1724403150968000,25114,291360,0,0,172,1264029031,1,160,19748000
1724403171293000,25115,291520,0,0,172,1264029031,1,160,20325000
1724403190758000,25116,291680,0,0,172,1264029031,1,160,19465000
1724403211022000,25117,291840,0,0,172,1264029031,1,160,20264000
1724403230661000,25118,292000,0,0,172,1264029031,1,160,19639000
1724403251002000,25119,292160,0,0,172,1264029031,1,160,20341000
1724403271340000,25120,292320,0,0,172,1264029031,1,160,20338000
1724403290829000,25121,292480,0,0,172,1264029031,1,160,19489000
1724403311055000,25122,292640,0,0,172,1264029031,1,160,20226000
1724403331473000,25123,292800,0,0,172,1264029031,1,160,20418000
1724403350781000,25124,292960,0,0,172,1264029031,1,160,19308000
1724403371053000,25125,293120,0,0,172,1264029031,1,160,20272000
1724403391519000,25126,293280,0,0,172,1264029031,1,160,20466000
1724403410947000,25127,293440,0,0,172,1264029031,1,160,19428000
1724403431295000,25128,293600,0,0,172,1264029031,1,160,20348000
1724403450161000,25129,293760,0,0,172,1264029031,1,160,18866000
1724403471383000,25130,293920,0,0,172,1264029031,1,160,21222000
1724403490912000,25131,294080,0,0,172,1264029031,1,160,19529000
1724403511377000,25132,294240,0,0,172,1264029031,1,160,20465000
1724403530771000,25133,294400,0,0,172,1264029031,1,160,19394000
1724403551019000,25134,294560,0,0,172,1264029031,1,160,20248000
1724403571244000,25135,294720,0,0,172,1264029031,1,160,20225000
1724403591411000,25136,294880,0,0,172,1264029031,1,160,20167000
1724403610569000,25137,295040,0,0,172,1264029031,1,160,19158000
1724403629795000,25138,295200,0,0,172,1264029031,1,160,19226000
1724403651023000,25139,295360,0,0,172,1264029031,1,160,21228000
1724403670942000,25140,295520,0,0,172,1264029031,1,160,19919000
1724403691377000,25141,295680,0,0,172,1264029031,1,160,20435000
1724403710868000,25142,295840,0,0,172,1264029031,1,160,19491000
1724403731256000,25143,296000,0,0,172,1264029031,1,160,20388000
1724403750620000,25144,296160,0,0,172,1264029031,1,160,19364000
1724403770949000,25145,296320,0,0,172,1264029031,1,160,20329000
1724403791599000,25146,296480,0,0,172,1264029031,1,160,20650000
1724403811129000,25147,296640,0,0,172,1264029031,1,160,19530000
1724403831488000,25148,296800,0,0,172,1264029031,1,160,20359000
1724403850870000,25149,296960,0,0,172,1264029031,1,160,19382000
1724403871183000,25150,297120,0,0,172,1264029031,1,160,20313000
1724403890933000,25151,297280,0,0,172,1264029031,1,160,19750000
1724403911326000,25152,297440,0,0,172,1264029031,1,160,20393000
1724403931297000,25153,297600,0,0,172,1264029031,1,160,19971000
1724403950639000,25154,297760,0,0,172,1264029031,1,160,19342000
1724403970948000,25155,297920,0,0,172,1264029031,1,160,20309000
1724403991291000,25156,298080,0,0,172,1264029031,1,160,20343000
1724404010708000,25157,298240,0,0,172,1264029031,1,160,19417000
1724404030561000,25158,298400,0,0,172,1264029031,1,160,19853000
1724404050726000,25159,298560,0,0,172,1264029031,1,160,20165000
1724404070903000,25160,298720,0,0,172,1264029031,1,160,20177000
1724404091092000,25161,298880,0,0,172,1264029031,1,160,20189000
1724404110954000,25162,299040,0,0,172,1264029031,1,160,19862000
1724404130315000,25163,299200,0,0,172,1264029031,1,160,19361000
1724404150496000,25164,299360,0,0,172,1264029031,1,160,20181000
1724404170679000,25165,299520,0,0,172,1264029031,1,160,20183000
1724404190930000,25166,299680,0,0,172,1264029031,1,160,20251000
1724404211355000,25167,299840,0,0,172,1264029031,1,160,20425000
1724404230748000,25168,300000,0,0,172,1264029031,1,160,19393000
1724404250125000,25169,300160,0,0,172,1264029031,1,160,19377000
1724404271468000,25170,300320,0,0,172,1264029031,1,160,21343000
1724404290964000,25171,300480,0,0,172,1264029031,1,160,19496000
1724404311434000,25172,300640,0,0,172,1264029031,1,160,20470000
1724404330589000,25173,300800,0,0,172,1264029031,1,160,19155000
1724404350158000,25174,300960,0,0,172,1264029031,1,160,19569000
1724404371479000,25175,301120,0,0,172,1264029031,1,160,21321000
1724404391023000,25176,301280,0,0,172,1264029031,1,160,19544000
1724404411660000,25177,301440,0,0,172,1264029031,1,160,20637000
1724404431099000,25178,301600,0,0,172,1264029031,1,160,19439000
1724404451403000,25179,301760,0,0,172,1264029031,1,160,20304000
1724404470715000,25180,301920,0,0,172,1264029031,1,160,19312000
1724404491201000,25181,302080,0,0,172,1264029031,1,160,20486000
1724404510727000,25182,302240,0,0,172,1264029031,1,160,19526000
1724404531126000,25183,302400,0,0,172,1264029031,1,160,20399000
1724404551519000,25184,302560,0,0,172,1264029031,1,160,20393000
1724404570927000,25185,302720,0,0,172,1264029031,1,160,19408000
1724404591346000,25186,302880,0,0,172,1264029031,1,160,20419000
1724404610512000,25187,303040,0,0,172,1264029031,1,160,19166000
1724404630942000,25188,303200,0,0,172,1264029031,1,160,20430000
1724404651316000,25189,303360,0,0,172,1264029031,1,160,20374000
1724404669843000,25190,303520,0,0,172,1264029031,1,160,18527000
1724404691369000,25191,303680,0,0,172,1264029031,1,160,21526000
1724404710902000,25192,303840,0,0,172,1264029031,1,160,19533000
1724404731270000,25193,304000,0,0,172,1264029031,1,160,20368000
1724404750641000,25194,304160,0,0,172,1264029031,1,160,19371000
1724404770883000,25195,304320,0,0,172,1264029031,1,160,20242000
1724404791383000,25196,304480,0,0,172,1264029031,1,160,20500000
1724404810143000,25197,304640,0,0,172,1264029031,1,160,18760000
1724404831549000,25198,304800,0,0,172,1264029031,1,160,21406000
1724404850436000,25199,304960,0,0,172,1264029031,1,160,18887000
1724404870420000,25200,305120,0,0,172,1264029031,1,160,19984000
1724404889914000,25201,305280,0,0,172,1264029031,1,160,19494000
1724404911321000,25202,305440,0,0,172,1264029031,1,160,21407000
1724404930926000,25203,305600,0,0,172,1264029031,1,160,19605000
1724404951281000,25204,305760,0,0,172,1264029031,1,160,20355000
1724404969944000,25205,305920,0,0,172,1264029031,1,160,18663000
1724404990971000,25206,306080,0,0,172,1264029031,1,160,21027000
1724405011127000,25207,306240,0,0,172,1264029031,1,160,20156000
1724405031366000,25208,306400,0,0,172,1264029031,1,160,20239000
1724405050597000,25209,306560,0,0,172,1264029031,1,160,19231000
1724405070918000,25210,306720,0,0,172,1264029031,1,160,20321000
1724405091282000,25211,306880,0,0,172,1264029031,1,160,20364000
1724405110812000,25212,307040,0,0,172,1264029031,1,160,19530000
1724405130516000,25213,307200,0,0,172,1264029031,1,160,19704000
1724405150116000,25214,307360,0,0,172,1264029031,1,160,19600000
1724405171443000,25215,307520,0,0,172,1264029031,1,160,21327000
1724405190813000,25216,307680,0,0,172,1264029031,1,160,19370000
1724405211319000,25217,307840,0,0,172,1264029031,1,160,20506000
1724405230758000,25218,308000,0,0,172,1264029031,1,160,19439000
1724405251054000,25219,308160,0,0,172,1264029031,1,160,20296000
1724405271388000,25220,308320,0,0,172,1264029031,1,160,20334000
1724405290871000,25221,308480,0,0,172,1264029031,1,160,19483000
1724405311356000,25222,308640,0,0,172,1264029031,1,160,20485000
1724405330783000,25223,308800,0,0,172,1264029031,1,160,19427000
1724405351103000,25224,308960,0,0,172,1264029031,1,160,20320000
1724405371435000,25225,309120,0,0,172,1264029031,1,160,20332000
1724405390906000,25226,309280,0,0,172,1264029031,1,160,19471000
1724405411087000,25227,309440,0,0,172,1264029031,1,160,20181000
1724405431512000,25228,309600,0,0,172,1264029031,1,160,20425000
1724405450849000,25229,309760,0,0,172,1264029031,1,160,19337000
1724405470859000,25230,309920,0,0,172,1264029031,1,160,20010000
1724405491382000,25231,310080,0,0,172,1264029031,1,160,20523000
1724405510949000,25232,310240,0,0,172,1264029031,1,160,19567000
1724405531466000,25233,310400,0,0,172,1264029031,1,160,20517000
1724405550073000,25234,310560,0,0,172,1264029031,1,160,18607000
1724405571405000,25235,310720,0,0,172,1264029031,1,160,21332000
1724405590501000,25236,310880,0,0,172,1264029031,1,160,19096000
1724405610996000,25237,311040,0,0,172,1264029031,1,160,20495000
1724405631521000,25238,311200,0,0,172,1264029031,1,160,20525000
1724405650139000,25239,311360,0,0,172,1264029031,1,160,18618000
1724405671413000,25240,311520,0,0,172,1264029031,1,160,21274000
1724405690880000,25241,311680,0,0,172,1264029031,1,160,19467000
1724405711268000,25242,311840,0,0,172,1264029031,1,160,20388000
1724405730589000,25243,312000,0,0,172,1264029031,1,160,19321000
1724405750936000,25244,312160,0,0,172,1264029031,1,160,20347000
1724405771264000,25245,312320,0,0,172,1264029031,1,160,20328000
1724405790739000,25246,312480,0,0,172,1264029031,1,160,19475000
1724405811294000,25247,312640,0,0,172,1264029031,1,160,20555000
1724405830546000,25248,312800,0,0,172,1264029031,1,160,19252000
1724405850904000,25249,312960,0,0,172,1264029031,1,160,20358000
1724405871244000,25250,313120,0,0,172,1264029031,1,160,20340000
1724405889866000,25251,313280,0,0,172,1264029031,1,160,18622000
1724405911369000,25252,313440,0,0,172,1264029031,1,160,21503000
1724405930865000,25253,313600,0,0,172,1264029031,1,160,19496000
1724405950594000,25254,313760,0,0,172,1264029031,1,160,19729000
1724405970940000,25255,313920,0,0,172,1264029031,1,160,20346000
1724405991301000,25256,314080,0,0,172,1264029031,1,160,20361000
1724406010686000,25257,314240,0,0,172,1264029031,1,160,19385000
1724406031133000,25258,314400,0,0,172,1264029031,1,160,20447000
1724406050484000,25259,314560,0,0,172,1264029031,1,160,19351000
1724406070815000,25260,314720,0,0,172,1264029031,1,160,20331000
1724406091361000,25261,314880,0,0,172,1264029031,1,160,20546000
1724406110928000,25262,315040,0,0,172,1264029031,1,160,19567000
1724406131316000,25263,315200,0,0,172,1264029031,1,160,20388000
1724406150662000,25264,315360,0,0,172,1264029031,1,160,19346000
1724406170939000,25265,315520,0,0,172,1264029031,1,160,20277000
1724406191428000,25266,315680,0,0,172,1264029031,1,160,20489000
1724406210924000,25267,315840,0,0,172,1264029031,1,160,19496000
1724406231324000,25268,316000,0,0,172,1264029031,1,160,20400000
1724406250614000,25269,316160,0,0,172,1264029031,1,160,19290000
1724406270940000,25270,316320,0,0,172,1264029031,1,160,20326000
1724406291399000,25271,316480,0,0,172,1264029031,1,160,20459000
1724406310899000,25272,316640,0,0,172,1264029031,1,160,19500000
1724406331342000,25273,316800,0,0,172,1264029031,1,160,20443000
1724406350674000,25274,316960,0,0,172,1264029031,1,160,19332000
1724406370966000,25275,317120,0,0,172,1264029031,1,160,20292000
1724406391280000,25276,317280,0,0,172,1264029031,1,160,20314000
1724406410851000,25277,317440,0,0,172,1264029031,1,160,19571000
1724406431229000,25278,317600,0,0,172,1264029031,1,160,20378000
1724406450522000,25279,317760,0,0,172,1264029031,1,160,19293000
1724406470810000,25280,317920,0,0,172,1264029031,1,160,20288000
1724406491137000,25281,318080,0,0,172,1264029031,1,160,20327000
1724406510594000,25282,318240,0,0,172,1264029031,1,160,19457000
1724406531032000,25283,318400,0,0,172,1264029031,1,160,20438000
1724406551314000,25284,318560,0,0,172,1264029031,1,160,20282000
1724406570603000,25285,318720,0,0,172,1264029031,1,160,19289000
1724406590963000,25286,318880,0,0,172,1264029031,1,160,20360000
1724406611312000,25287,319040,0,0,172,1264029031,1,160,20349000
1724406630838000,25288,319200,0,0,172,1264029031,1,160,19526000
1724406651159000,25289,319360,0,0,172,1264029031,1,160,20321000
1724406670462000,25290,319520,0,0,172,1264029031,1,160,19303000
1724406690923000,25291,319680,0,0,172,1264029031,1,160,20461000
1724406711433000,25292,319840,0,0,172,1264029031,1,160,20510000
1724406730858000,25293,320000,0,0,172,1264029031,1,160,19425000
1724406751210000,25294,320160,0,0,172,1264029031,1,160,20352000
1724406770528000,25295,320320,0,0,172,1264029031,1,160,19318000
1724406790726000,25296,320480,0,0,172,1264029031,1,160,20198000
1724406810850000,25297,320640,0,0,172,1264029031,1,160,20124000
1724406830950000,25298,320800,0,0,172,1264029031,1,160,20100000
1724406851110000,25299,320960,0,0,172,1264029031,1,160,20160000
1724406871195000,25300,321120,0,0,172,1264029031,1,160,20085000
1724406890314000,25301,321280,0,0,172,1264029031,1,160,19119000
1724406910466000,25302,321440,0,0,172,1264029031,1,160,20152000
1724406930611000,25303,321600,0,0,172,1264029031,1,160,20145000
1724406950748000,25304,321760,0,0,172,1264029031,1,160,20137000
1724406970868000,25305,321920,0,0,172,1264029031,1,160,20120000
1724406991094000,25306,322080,0,0,172,1264029031,1,160,20226000
1724407010344000,25307,322240,0,0,172,1264029031,1,160,19250000
1724407030545000,25308,322400,0,0,172,1264029031,1,160,20201000
1724407050704000,25309,322560,0,0,172,1264029031,1,160,20159000
1724407070737000,25310,322720,0,0,172,1264029031,1,160,20033000
1724407090356000,25311,322880,0,0,172,1264029031,1,160,19619000
1724407111005000,25312,323040,0,0,172,1264029031,1,160,20649000
1724407130417000,25313,323200,0,0,172,1264029031,1,160,19412000
1724407150011000,25314,323360,0,0,172,1264029031,1,160,19594000
1724407171333000,25315,323520,0,0,172,1264029031,1,160,21322000
1724407190748000,25316,323680,0,0,172,1264029031,1,160,19415000
1724407211142000,25317,323840,0,0,172,1264029031,1,160,20394000
1724407230501000,25318,324000,0,0,172,1264029031,1,160,19359000
1724407249967000,25319,324160,0,0,172,1264029031,1,160,19466000
1724407271305000,25320,324320,0,0,172,1264029031,1,160,21338000
1724407290711000,25321,324480,0,0,172,1264029031,1,160,19406000
1724407311239000,25322,324640,0,0,172,1264029031,1,160,20528000
1724407330703000,25323,324800,0,0,172,1264029031,1,160,19464000
1724407351068000,25324,324960,0,0,172,1264029031,1,160,20365000
1724407369573000,25325,325120,0,0,172,1264029031,1,160,18505000
1724407391088000,25326,325280,0,0,172,1264029031,1,160,21515000
1724407410649000,25327,325440,0,0,172,1264029031,1,160,19561000
1724407431060000,25328,325600,0,0,172,1264029031,1,160,20411000
1724407450433000,25329,325760,0,0,172,1264029031,1,160,19373000
1724407470749000,25330,325920,0,0,172,1264029031,1,160,20316000
1724407491292000,25331,326080,0,0,172,1264029031,1,160,20543000
1724407510847000,25332,326240,0,0,172,1264029031,1,160,19555000
1724407531367000,25333,326400,0,0,172,1264029031,1,160,20520000
1724407550535000,25334,326560,0,0,172,1264029031,1,160,19168000
1724407570758000,25335,326720,0,0,172,1264029031,1,160,20223000
1724407590919000,25336,326880,0,0,172,1264029031,1,160,20161000
1724407611404000,25337,327040,0,0,172,1264029031,1,160,20485000
1724407630814000,25338,327200,0,0,172,1264029031,1,160,19410000
1724407651073000,25339,327360,0,0,172,1264029031,1,160,20259000
1724407670440000,25340,327520,0,0,172,1264029031,1,160,19367000
1724407690982000,25341,327680,0,0,172,1264029031,1,160,20542000
1724407710532000,25342,327840,0,0,172,1264029031,1,160,19550000
1724407731043000,25343,328000,0,0,172,1264029031,1,160,20511000
1724407750407000,25344,328160,0,0,172,1264029031,1,160,19364000
1724407770743000,25345,328320,0,0,172,1264029031,1,160,20336000
1724407791100000,25346,328480,0,0,172,1264029031,1,160,20357000
1724407810477000,25347,328640,0,0,172,1264029031,1,160,19377000
1724407830866000,25348,328800,0,0,172,1264029031,1,160,20389000
1724407850570000,25349,328960,0,0,172,1264029031,1,160,19704000
1724407870904000,25350,329120,0,0,172,1264029031,1,160,20334000
1724407891193000,25351,329280,0,0,172,1264029031,1,160,20289000
1724407910795000,25352,329440,0,0,172,1264029031,1,160,19602000
1724407931230000,25353,329600,0,0,172,1264029031,1,160,20435000
1724407950626000,25354,329760,0,0,172,1264029031,1,160,19396000
1724407970294000,25355,329920,0,0,172,1264029031,1,160,19668000
1724407990673000,25356,330080,0,0,172,1264029031,1,160,20379000
1724408011262000,25357,330240,0,0,172,1264029031,1,160,20589000
1724408030227000,25358,330400,0,0,172,1264029031,1,160,18965000
1724408050542000,25359,330560,0,0,172,1264029031,1,160,20315000
1724408070850000,25360,330720,0,0,172,1264029031,1,160,20308000
1724408091303000,25361,330880,0,0,172,1264029031,1,160,20453000
1724408110311000,25362,331040,0,0,172,1264029031,1,160,19008000
1724408130118000,25363,331200,0,0,172,1264029031,1,160,19807000
1724408150447000,25364,331360,0,0,172,1264029031,1,160,20329000
1724408170664000,25365,331520,0,0,172,1264029031,1,160,20217000
1724408190254000,25366,331680,0,0,172,1264029031,1,160,19590000
1724408210590000,25367,331840,0,0,172,1264029031,1,160,20336000
1724408230967000,25368,332000,0,0,172,1264029031,1,160,20377000
1724408251336000,25369,332160,0,0,172,1264029031,1,160,20369000
1724408270663000,25370,332320,0,0,172,1264029031,1,160,19327000
1724408291060000,25371,332480,0,0,172,1264029031,1,160,20397000
1724408310535000,25372,332640,0,0,172,1264029031,1,160,19475000
1724408330939000,25373,332800,0,0,172,1264029031,1,160,20404000
1724408351286000,25374,332960,0,0,172,1264029031,1,160,20347000
1724408370610000,25375,333120,0,0,172,1264029031,1,160,19324000
1724408391103000,25376,333280,0,0,172,1264029031,1,160,20493000
1724408410646000,25377,333440,0,0,172,1264029031,1,160,19543000
1724408431105000,25378,333600,0,0,172,1264029031,1,160,20459000
1724408449748000,25379,333760,0,0,172,1264029031,1,160,18643000
1724408471050000,25380,333920,0,0,172,1264029031,1,160,21302000
1724408490556000,25381,334080,0,0,172,1264029031,1,160,19506000
1724408510958000,25382,334240,0,0,172,1264029031,1,160,20402000
1724408530589000,25383,334400,0,0,172,1264029031,1,160,19631000
1724408550450000,25384,334560,0,0,172,1264029031,1,160,19861000
1724408570774000,25385,334720,0,0,172,1264029031,1,160,20324000
1724408591283000,25386,334880,0,0,172,1264029031,1,160,20509000
1724408610764000,25387,335040,0,0,172,1264029031,1,160,19481000
1724408631212000,25388,335200,0,0,172,1264029031,1,160,20448000
1724408650568000,25389,335360,0,0,172,1264029031,1,160,19356000
1724408670098000,25390,335520,0,0,172,1264029031,1,160,19530000
1724408690588000,25391,335680,0,0,172,1264029031,1,160,20490000
1724408711074000,25392,335840,0,0,172,1264029031,1,160,20486000
1724408730500000,25393,336000,0,0,172,1264029031,1,160,19426000
1724408749916000,25394,336160,0,0,172,1264029031,1,160,19416000
1724408771248000,25395,336320,0,0,172,1264029031,1,160,21332000
1724408790795000,25396,336480,0,0,172,1264029031,1,160,19547000
1724408811321000,25397,336640,0,0,172,1264029031,1,160,20526000
1724408830768000,25398,336800,0,0,172,1264029031,1,160,19447000
1724408851102000,25399,336960,0,0,172,1264029031,1,160,20334000
1724408870392000,25400,337120,0,0,172,1264029031,1,160,19290000
1724408890925000,25401,337280,0,0,172,1264029031,1,160,20533000
1724408910484000,25402,337440,0,0,172,1264029031,1,160,19559000
1724408930973000,25403,337600,0,0,172,1264029031,1,160,20489000
1724408950340000,25404,337760,0,0,172,1264029031,1,160,19367000
1724408970647000,25405,337920,0,0,172,1264029031,1,160,20307000
1724408991026000,25406,338080,0,0,172,1264029031,1,160,20379000
1724409010511000,25407,338240,0,0,172,1264029031,1,160,19485000
1724409030297000,25408,338400,0,0,172,1264029031,1,160,19786000
1724409050636000,25409,338560,0,0,172,1264029031,1,160,20339000
1724409070980000,25410,338720,0,0,172,1264029031,1,160,20344000
1724409090519000,25411,338880,0,0,172,1264029031,1,160,19539000
1724409110943000,25412,339040,0,0,172,1264029031,1,160,20424000
1724409130371000,25413,339200,0,0,172,1264029031,1,160,19428000
1724409150773000,25414,339360,0,0,172,1264029031,1,160,20402000
1724409171109000,25415,339520,0,0,172,1264029031,1,160,20336000
1724409190615000,25416,339680,0,0,172,1264029031,1,160,19506000
1724409210997000,25417,339840,0,0,172,1264029031,1,160,20382000
1724409230437000,25418,340000,0,0,172,1264029031,1,160,19440000
1724409250757000,25419,340160,0,0,172,1264029031,1,160,20320000
1724409271076000,25420,340320,0,0,172,1264029031,1,160,20319000
1724409290562000,25421,340480,0,0,172,1264029031,1,160,19486000
1724409310996000,25422,340640,0,0,172,1264029031,1,160,20434000
1724409330478000,25423,340800,0,0,172,1264029031,1,160,19482000
1724409350823000,25424,340960,0,0,172,1264029031,1,160,20345000
1724409371141000,25425,341120,0,0,172,1264029031,1,160,20318000
1724409390569000,25426,341280,0,0,172,1264029031,1,160,19428000
1724409411026000,25427,341440,0,0,172,1264029031,1,160,20457000
1724409430385000,25428,341600,0,0,172,1264029031,1,160,19359000
1724409450739000,25429,341760,0,0,172,1264029031,1,160,20354000
1724409471058000,25430,341920,0,0,172,1264029031,1,160,20319000
1724409489328000,25431,342080,0,0,172,1264029031,1,160,18270000
1724409510496000,25432,342240,0,0,172,1264029031,1,160,21168000
1724409530561000,25433,342400,0,0,172,1264029031,1,160,20065000
1724409550706000,25434,342560,0,0,172,1264029031,1,160,20145000
1724409570811000,25435,342720,0,0,172,1264029031,1,160,20105000
1724409590724000,25436,342880,0,0,172,1264029031,1,160,19913000
1724409610880000,25437,343040,0,0,172,1264029031,1,160,20156000
1724409633937000,25438,343200,0,0,172,1264029031,1,160,23057000
1724409650337000,25439,343360,0,0,172,1264029031,1,160,16400000
