monotonic_ns,seq,timestamp,marker,payload_type,packet_bytes,ssrc,seq_delta,ts_delta,wall_delta_ns
1724366787571000,9727,1807611957,1,0,172,74073725,0,0,0
1724366807780000,9728,1807612117,0,0,172,74073725,1,160,20209000
1724366827736000,9729,1807612277,0,0,172,74073725,1,160,19956000
1724366847646000,9730,1807612437,0,0,172,74073725,1,160,19910000
1724366867693000,9731,1807612597,0,0,172,74073725,1,160,20047000
1724366887609000,9732,1807612757,0,0,172,74073725,1,160,19916000
1724366907598000,9733,1807612917,0,0,172,74073725,1,160,19989000
1724366929516000,9734,1807613077,0,0,172,74073725,1,160,21918000
1724366947477000,9735,1807613237,0,0,172,74073725,1,160,17961000
1724366967559000,9736,1807613397,0,0,172,74073725,1,160,20082000
1724366987616000,9737,1807613557,0,0,172,74073725,1,160,20057000
1724367007816000,9738,1807613717,0,0,172,74073725,1,160,20200000
1724367027744000,9739,1807613877,0,0,172,74073725,1,160,19928000
1724367048004000,9740,1807614037,0,0,172,74073725,1,160,20260000
1724367067667000,9741,1807614197,0,0,172,74073725,1,160,19663000
1724367087795000,9742,1807614357,0,0,172,74073725,1,160,20128000
1724367107439000,9743,1807614517,0,0,172,74073725,1,160,19644000
1724367130817000,9744,1807614677,0,0,172,74073725,1,160,23378000
1724367147640000,9745,1807614837,0,0,172,74073725,1,160,16823000
1724367167642000,9746,1807614997,0,0,172,74073725,1,160,20002000
1724367188131000,9747,1807615157,0,0,172,74073725,1,160,20489000
1724367207456000,9748,1807615317,0,0,172,74073725,1,160,19325000
1724367227440000,9749,1807615477,0,0,172,74073725,1,160,19984000
1724367247569000,9750,1807615637,0,0,172,74073725,1,160,20129000
1724367267648000,9751,1807615797,0,0,172,74073725,1,160,20079000
1724367287596000,9752,1807615957,0,0,172,74073725,1,160,19948000
1724367307506000,9753,1807616117,0,0,172,74073725,1,160,19910000
1724367328116000,9754,1807616277,0,0,172,74073725,1,160,20610000
1724367347433000,9755,1807616437,0,0,172,74073725,1,160,19317000
1724367367508000,9756,1807616597,0,0,172,74073725,1,160,20075000
1724367387716000,9757,1807616757,0,0,172,74073725,1,160,20208000
1724367412589000,9758,1807616917,0,0,172,74073725,1,160,24873000
1724367427645000,9759,1807617077,0,0,172,74073725,1,160,15056000
1724367447565000,9760,1807617237,0,0,172,74073725,1,160,19920000
1724367467622000,9761,1807617397,0,0,172,74073725,1,160,20057000
1724367488264000,9762,1807617557,0,0,172,74073725,1,160,20642000
1724367507618000,9763,1807617717,0,0,172,74073725,1,160,19354000
1724367527723000,9764,1807617877,0,0,172,74073725,1,160,20105000
1724367547536000,9765,1807618037,0,0,172,74073725,1,160,19813000
1724367567627000,9766,1807618197,0,0,172,74073725,1,160,20091000
1724367587438000,9767,1807618357,0,0,172,74073725,1,160,19811000
1724367607830000,9768,1807618517,0,0,172,74073725,1,160,20392000
1724367627682000,9769,1807618677,0,0,172,74073725,1,160,19852000
1724367647595000,9770,1807618837,0,0,172,74073725,1,160,19913000
1724367667594000,9771,1807618997,0,0,172,74073725,1,160,19999000
1724367689157000,9772,1807619157,0,0,172,74073725,1,160,21563000
1724367707475000,9773,1807619317,0,0,172,74073725,1,160,18318000
1724367727653000,9774,1807619477,0,0,172,74073725,1,160,20178000
1724367747641000,9775,1807619637,0,0,172,74073725,1,160,19988000
1724367767435000,9776,1807619797,0,0,172,74073725,1,160,19794000
1724367787613000,9777,1807619957,0,0,172,74073725,1,160,20178000
1724367807848000,9778,1807620117,0,0,172,74073725,1,160,20235000
1724367827672000,9779,1807620277,0,0,172,74073725,1,160,19824000
1724367847562000,9780,1807620437,0,0,172,74073725,1,160,19890000
1724367867581000,9781,1807620597,0,0,172,74073725,1,160,20019000
1724367887513000,9782,1807620757,0,0,172,74073725,1,160,19932000
1724367907551000,9783,1807620917,0,0,172,74073725,1,160,20038000
1724367927643000,9784,1807621077,0,0,172,74073725,1,160,20092000
1724367947509000,9785,1807621237,0,0,172,74073725,1,160,19866000
1724367967515000,9786,1807621397,0,0,172,74073725,1,160,20006000
1724367987563000,9787,1807621557,0,0,172,74073725,1,160,20048000
1724368007652000,9788,1807621717,0,0,172,74073725,1,160,20089000
1724368027577000,9789,1807621877,0,0,172,74073725,1,160,19925000
1724368047591000,9790,1807622037,0,0,172,74073725,1,160,20014000
1724368067662000,9791,1807622197,0,0,172,74073725,1,160,20071000
1724368087226000,9792,1807622357,0,0,172,74073725,1,160,19564000
1724368107560000,9793,1807622517,0,0,172,74073725,1,160,20334000
1724368127897000,9794,1807622677,0,0,172,74073725,1,160,20337000
1724368147559000,9795,1807622837,0,0,172,74073725,1,160,19662000
1724368167643000,9796,1807622997,0,0,172,74073725,1,160,20084000
1724368187516000,9797,1807623157,0,0,172,74073725,1,160,19873000
1724368207433000,9798,1807623317,0,0,172,74073725,1,160,19917000
1724368227604000,9799,1807623477,0,0,172,74073725,1,160,20171000
1724368247386000,9800,1807623637,0,0,172,74073725,1,160,19782000
1724368267567000,9801,1807623797,0,0,172,74073725,1,160,20181000
1724368287540000,9802,1807623957,0,0,172,74073725,1,160,19973000
1724368307639000,9803,1807624117,0,0,172,74073725,1,160,20099000
1724368327639000,9804,1807624277,0,0,172,74073725,1,160,20000000
1724368347504000,9805,1807624437,0,0,172,74073725,1,160,19865000
1724368367717000,9806,1807624597,0,0,172,74073725,1,160,20213000
1724368387429000,9807,1807624757,0,0,172,74073725,1,160,19712000
1724368407634000,9808,1807624917,0,0,172,74073725,1,160,20205000
1724368427649000,9809,1807625077,0,0,172,74073725,1,160,20015000
1724368447485000,9810,1807625237,0,0,172,74073725,1,160,19836000
1724368467592000,9811,1807625397,0,0,172,74073725,1,160,20107000
1724368487538000,9812,1807625557,0,0,172,74073725,1,160,19946000
1724368507545000,9813,1807625717,0,0,172,74073725,1,160,20007000
1724368527666000,9814,1807625877,0,0,172,74073725,1,160,20121000
1724368547623000,9815,1807626037,0,0,172,74073725,1,160,19957000
1724368567616000,9816,1807626197,0,0,172,74073725,1,160,19993000
1724368587479000,9817,1807626357,0,0,172,74073725,1,160,19863000
1724368607554000,9818,1807626517,0,0,172,74073725,1,160,20075000
1724368627643000,9819,1807626677,0,0,172,74073725,1,160,20089000
1724368647476000,9820,1807626837,0,0,172,74073725,1,160,19833000
1724368667609000,9821,1807626997,0,0,172,74073725,1,160,20133000
1724368691017000,9822,1807627157,0,0,172,74073725,1,160,23408000
1724368707719000,9823,1807627317,0,0,172,74073725,1,160,16702000
1724368727576000,9824,1807627477,0,0,172,74073725,1,160,19857000
1724368747477000,9825,1807627637,0,0,172,74073725,1,160,19901000
1724368767738000,9826,1807627797,0,0,172,74073725,1,160,20261000
1724368787505000,9827,1807627957,0,0,172,74073725,1,160,19767000
1724368807572000,9828,1807628117,0,0,172,74073725,1,160,20067000
1724368827575000,9829,1807628277,0,0,172,74073725,1,160,20003000
1724368848127000,9830,1807628437,0,0,172,74073725,1,160,20552000
1724368867429000,9831,1807628597,0,0,172,74073725,1,160,19302000
1724368887610000,9832,1807628757,0,0,172,74073725,1,160,20181000
1724368907437000,9833,1807628917,0,0,172,74073725,1,160,19827000
1724368927698000,9834,1807629077,0,0,172,74073725,1,160,20261000
1724368951850000,9835,1807629237,0,0,172,74073725,1,160,24152000
1724368967424000,9836,1807629397,0,0,172,74073725,1,160,15574000
1724368987324000,9837,1807629557,0,0,172,74073725,1,160,19900000
1724369008512000,9838,1807629717,0,0,172,74073725,1,160,21188000
1724369027349000,9839,1807629877,0,0,172,74073725,1,160,18837000
1724369047135000,9840,1807630037,0,0,172,74073725,1,160,19786000
1724369067190000,9841,1807630197,0,0,172,74073725,1,160,20055000
1724369087256000,9842,1807630357,0,0,172,74073725,1,160,20066000
1724369107208000,9843,1807630517,0,0,172,74073725,1,160,19952000
1724369127318000,9844,1807630677,0,0,172,74073725,1,160,20110000
1724369147031000,9845,1807630837,0,0,172,74073725,1,160,19713000
1724369167698000,9846,1807630997,0,0,172,74073725,1,160,20667000
1724369187214000,9847,1807631157,0,0,172,74073725,1,160,19516000
1724369207819000,9848,1807631317,0,0,172,74073725,1,160,20605000
1724369227217000,9849,1807631477,0,0,172,74073725,1,160,19398000
1724369247256000,9850,1807631637,0,0,172,74073725,1,160,20039000
1724369267073000,9851,1807631797,0,0,172,74073725,1,160,19817000
1724369287173000,9852,1807631957,0,0,172,74073725,1,160,20100000
1724369307407000,9853,1807632117,0,0,172,74073725,1,160,20234000
1724369327279000,9854,1807632277,0,0,172,74073725,1,160,19872000
1724369347227000,9855,1807632437,0,0,172,74073725,1,160,19948000
1724369367359000,9856,1807632597,0,0,172,74073725,1,160,20132000
1724369387222000,9857,1807632757,0,0,172,74073725,1,160,19863000
1724369412278000,9858,1807632917,0,0,172,74073725,1,160,25056000
1724369427144000,9859,1807633077,0,0,172,74073725,1,160,14866000
1724369447415000,9860,1807633237,0,0,172,74073725,1,160,20271000
1724369467474000,9861,1807633397,0,0,172,74073725,1,160,20059000
1724369487405000,9862,1807633557,0,0,172,74073725,1,160,19931000
1724369507671000,9863,1807633717,0,0,172,74073725,1,160,20266000
1724369527504000,9864,1807633877,0,0,172,74073725,1,160,19833000
1724369547531000,9865,1807634037,0,0,172,74073725,1,160,20027000
1724369567288000,9866,1807634197,0,0,172,74073725,1,160,19757000
1724369587430000,9867,1807634357,0,0,172,74073725,1,160,20142000
1724369607777000,9868,1807634517,0,0,172,74073725,1,160,20347000
1724369627539000,9869,1807634677,0,0,172,74073725,1,160,19762000
1724369647546000,9870,1807634837,0,0,172,74073725,1,160,20007000
1724369667605000,9871,1807634997,0,0,172,74073725,1,160,20059000
1724369687439000,9872,1807635157,0,0,172,74073725,1,160,19834000
1724369707427000,9873,1807635317,0,0,172,74073725,1,160,19988000
1724369727522000,9874,1807635477,0,0,172,74073725,1,160,20095000
1724369747494000,9875,1807635637,0,0,172,74073725,1,160,19972000
1724369767494000,9876,1807635797,0,0,172,74073725,1,160,20000000
1724369787405000,9877,1807635957,0,0,172,74073725,1,160,19911000
1724369808217000,9878,1807636117,0,0,172,74073725,1,160,20812000
1724369827631000,9879,1807636277,0,0,172,74073725,1,160,19414000
1724369847449000,9880,1807636437,0,0,172,74073725,1,160,19818000
1724369867555000,9881,1807636597,0,0,172,74073725,1,160,20106000
1724369887442000,9882,1807636757,0,0,172,74073725,1,160,19887000
1724369907486000,9883,1807636917,0,0,172,74073725,1,160,20044000
1724369927836000,9884,1807637077,0,0,172,74073725,1,160,20350000
1724369947631000,9885,1807637237,0,0,172,74073725,1,160,19795000
1724369979851000,9886,1807637397,0,0,172,74073725,1,160,32220000
1724369988161000,9887,1807637557,0,0,172,74073725,1,160,8310000
1724370007499000,9888,1807637717,0,0,172,74073725,1,160,19338000
1724370027702000,9889,1807637877,0,0,172,74073725,1,160,20203000
1724370047431000,9890,1807638037,0,0,172,74073725,1,160,19729000
1724370067519000,9891,1807638197,0,0,172,74073725,1,160,20088000
1724370087390000,9892,1807638357,0,0,172,74073725,1,160,19871000
1724370108006000,9893,1807638517,0,0,172,74073725,1,160,20616000
1724370127509000,9894,1807638677,0,0,172,74073725,1,160,19503000
1724370147471000,9895,1807638837,0,0,172,74073725,1,160,19962000
1724370167619000,9896,1807638997,0,0,172,74073725,1,160,20148000
1724370187444000,9897,1807639157,0,0,172,74073725,1,160,19825000
1724370208236000,9898,1807639317,0,0,172,74073725,1,160,20792000
1724370227500000,9899,1807639477,0,0,172,74073725,1,160,19264000
1724370247488000,9900,1807639637,0,0,172,74073725,1,160,19988000
1724370267512000,9901,1807639797,0,0,172,74073725,1,160,20024000
1724370287373000,9902,1807639957,0,0,172,74073725,1,160,19861000
1724370307461000,9903,1807640117,0,0,172,74073725,1,160,20088000
1724370327339000,9904,1807640277,0,0,172,74073725,1,160,19878000
1724370347437000,9905,1807640437,0,0,172,74073725,1,160,20098000
1724370367390000,9906,1807640597,0,0,172,74073725,1,160,19953000
1724370387353000,9907,1807640757,0,0,172,74073725,1,160,19963000
1724370407732000,9908,1807640917,0,0,172,74073725,1,160,20379000
1724370427593000,9909,1807641077,0,0,172,74073725,1,160,19861000
1724370447420000,9910,1807641237,0,0,172,74073725,1,160,19827000
1724370467565000,9911,1807641397,0,0,172,74073725,1,160,20145000
1724370487491000,9912,1807641557,0,0,172,74073725,1,160,19926000
1724370507514000,9913,1807641717,0,0,172,74073725,1,160,20023000
1724370527535000,9914,1807641877,0,0,172,74073725,1,160,20021000
1724370547545000,9915,1807642037,0,0,172,74073725,1,160,20010000
1724370567685000,9916,1807642197,0,0,172,74073725,1,160,20140000
1724370587353000,9917,1807642357,0,0,172,74073725,1,160,19668000
1724370607598000,9918,1807642517,0,0,172,74073725,1,160,20245000
1724370627516000,9919,1807642677,0,0,172,74073725,1,160,19918000
1724370647450000,9920,1807642837,0,0,172,74073725,1,160,19934000
1724370667514000,9921,1807642997,0,0,172,74073725,1,160,20064000
1724370687366000,9922,1807643157,0,0,172,74073725,1,160,19852000
1724370707579000,9923,1807643317,0,0,172,74073725,1,160,20213000
1724370728040000,9924,1807643477,0,0,172,74073725,1,160,20461000
1724370747333000,9925,1807643637,0,0,172,74073725,1,160,19293000
1724370767544000,9926,1807643797,0,0,172,74073725,1,160,20211000
1724370787326000,9927,1807643957,0,0,172,74073725,1,160,19782000
1724370808230000,9928,1807644117,0,0,172,74073725,1,160,20904000
1724370827501000,9929,1807644277,0,0,172,74073725,1,160,19271000
1724370847248000,9930,1807644437,0,0,172,74073725,1,160,19747000
1724370867486000,9931,1807644597,0,0,172,74073725,1,160,20238000
1724370887940000,9932,1807644757,0,0,172,74073725,1,160,20454000
1724370907608000,9933,1807644917,0,0,172,74073725,1,160,19668000
1724370927451000,9934,1807645077,0,0,172,74073725,1,160,19843000
1724370948024000,9935,1807645237,0,0,172,74073725,1,160,20573000
1724370967375000,9936,1807645397,0,0,172,74073725,1,160,19351000
1724370987352000,9937,1807645557,0,0,172,74073725,1,160,19977000
1724371009089000,9938,1807645717,0,0,172,74073725,1,160,21737000
1724371027474000,9939,1807645877,0,0,172,74073725,1,160,18385000
1724371047420000,9940,1807646037,0,0,172,74073725,1,160,19946000
1724371067559000,9941,1807646197,0,0,172,74073725,1,160,20139000
1724371087630000,9942,1807646357,0,0,172,74073725,1,160,20071000
1724371107481000,9943,1807646517,0,0,172,74073725,1,160,19851000
1724371127366000,9944,1807646677,0,0,172,74073725,1,160,19885000
1724371147426000,9945,1807646837,0,0,172,74073725,1,160,20060000
1724371167835000,9946,1807646997,0,0,172,74073725,1,160,20409000
1724371187356000,9947,1807647157,0,0,172,74073725,1,160,19521000
1724371207440000,9948,1807647317,0,0,172,74073725,1,160,20084000
1724371227385000,9949,1807647477,0,0,172,74073725,1,160,19945000
1724371247705000,9950,1807647637,0,0,172,74073725,1,160,20320000
1724371267472000,9951,1807647797,0,0,172,74073725,1,160,19767000
1724371287525000,9952,1807647957,0,0,172,74073725,1,160,20053000
1724371307472000,9953,1807648117,0,0,172,74073725,1,160,19947000
1724371327457000,9954,1807648277,0,0,172,74073725,1,160,19985000
1724371347621000,9955,1807648437,0,0,172,74073725,1,160,20164000
1724371367487000,9956,1807648597,0,0,172,74073725,1,160,19866000
1724371387457000,9957,1807648757,0,0,172,74073725,1,160,19970000
1724371412509000,9958,1807648917,0,0,172,74073725,1,160,25052000
1724371427490000,9959,1807649077,0,0,172,74073725,1,160,14981000
1724371448048000,9960,1807649237,0,0,172,74073725,1,160,20558000
1724371467475000,9961,1807649397,0,0,172,74073725,1,160,19427000
1724371487424000,9962,1807649557,0,0,172,74073725,1,160,19949000
1724371507485000,9963,1807649717,0,0,172,74073725,1,160,20061000
1724371528026000,9964,1807649877,0,0,172,74073725,1,160,20541000
1724371547649000,9965,1807650037,0,0,172,74073725,1,160,19623000
1724371567416000,9966,1807650197,0,0,172,74073725,1,160,19767000
1724371587426000,9967,1807650357,0,0,172,74073725,1,160,20010000
1724371607540000,9968,1807650517,0,0,172,74073725,1,160,20114000
1724371627477000,9969,1807650677,0,0,172,74073725,1,160,19937000
1724371647448000,9970,1807650837,0,0,172,74073725,1,160,19971000
1724371667405000,9971,1807650997,0,0,172,74073725,1,160,19957000
1724371687419000,9972,1807651157,0,0,172,74073725,1,160,20014000
1724371707489000,9973,1807651317,0,0,172,74073725,1,160,20070000
1724371727442000,9974,1807651477,0,0,172,74073725,1,160,19953000
1724371747506000,9975,1807651637,0,0,172,74073725,1,160,20064000
1724371767364000,9976,1807651797,0,0,172,74073725,1,160,19858000
1724371787531000,9977,1807651957,0,0,172,74073725,1,160,20167000
1724371807543000,9978,1807652117,0,0,172,74073725,1,160,20012000
1724371827406000,9979,1807652277,0,0,172,74073725,1,160,19863000
1724371847414000,9980,1807652437,0,0,172,74073725,1,160,20008000
1724371867384000,9981,1807652597,0,0,172,74073725,1,160,19970000
1724371887329000,9982,1807652757,0,0,172,74073725,1,160,19945000
1724371907268000,9983,1807652917,0,0,172,74073725,1,160,19939000
1724371927492000,9984,1807653077,0,0,172,74073725,1,160,20224000
1724371947363000,9985,1807653237,0,0,172,74073725,1,160,19871000
1724371967504000,9986,1807653397,0,0,172,74073725,1,160,20141000
1724371987409000,9987,1807653557,0,0,172,74073725,1,160,19905000
1724372007677000,9988,1807653717,0,0,172,74073725,1,160,20268000
1724372027606000,9989,1807653877,0,0,172,74073725,1,160,19929000
1724372047414000,9990,1807654037,0,0,172,74073725,1,160,19808000
1724372067447000,9991,1807654197,0,0,172,74073725,1,160,20033000
1724372087550000,9992,1807654357,0,0,172,74073725,1,160,20103000
1724372107414000,9993,1807654517,0,0,172,74073725,1,160,19864000
1724372127566000,9994,1807654677,0,0,172,74073725,1,160,20152000
1724372147224000,9995,1807654837,0,0,172,74073725,1,160,19658000
1724372167344000,9996,1807654997,0,0,172,74073725,1,160,20120000
1724372187502000,9997,1807655157,0,0,172,74073725,1,160,20158000
1724372207491000,9998,1807655317,0,0,172,74073725,1,160,19989000
1724372227365000,9999,1807655477,0,0,172,74073725,1,160,19874000
1724372250639000,10000,1807655637,0,0,172,74073725,1,160,23274000
1724372266781000,10001,1807655797,0,0,172,74073725,1,160,16142000
1724372287279000,10002,1807655957,0,0,172,74073725,1,160,20498000
1724372307441000,10003,1807656117,0,0,172,74073725,1,160,20162000
1724372327282000,10004,1807656277,0,0,172,74073725,1,160,19841000
1724372347577000,10005,1807656437,0,0,172,74073725,1,160,20295000
1724372367315000,10006,1807656597,0,0,172,74073725,1,160,19738000
1724372387211000,10007,1807656757,0,0,172,74073725,1,160,19896000
1724372412233000,10008,1807656917,0,0,172,74073725,1,160,25022000
1724372426920000,10009,1807657077,0,0,172,74073725,1,160,14687000
1724372447596000,10010,1807657237,0,0,172,74073725,1,160,20676000
1724372467475000,10011,1807657397,0,0,172,74073725,1,160,19879000
1724372487394000,10012,1807657557,0,0,172,74073725,1,160,19919000
1724372507572000,10013,1807657717,0,0,172,74073725,1,160,20178000
1724372527412000,10014,1807657877,0,0,172,74073725,1,160,19840000
1724372547328000,10015,1807658037,0,0,172,74073725,1,160,19916000
1724372567524000,10016,1807658197,0,0,172,74073725,1,160,20196000
1724372587361000,10017,1807658357,0,0,172,74073725,1,160,19837000
1724372607391000,10018,1807658517,0,0,172,74073725,1,160,20030000
1724372627333000,10019,1807658677,0,0,172,74073725,1,160,19942000
1724372648277000,10020,1807658837,0,0,172,74073725,1,160,20944000
1724372671067000,10021,1807658997,0,0,172,74073725,1,160,22790000
1724372689118000,10022,1807659157,0,0,172,74073725,1,160,18051000
1724372707486000,10023,1807659317,0,0,172,74073725,1,160,18368000
1724372730193000,10024,1807659477,0,0,172,74073725,1,160,22707000
1724372746989000,10025,1807659637,0,0,172,74073725,1,160,16796000
1724372767344000,10026,1807659797,0,0,172,74073725,1,160,20355000
1724372787659000,10027,1807659957,0,0,172,74073725,1,160,20315000
1724372807432000,10028,1807660117,0,0,172,74073725,1,160,19773000
1724372827418000,10029,1807660277,0,0,172,74073725,1,160,19986000
1724372847656000,10030,1807660437,0,0,172,74073725,1,160,20238000
1724372867339000,10031,1807660597,0,0,172,74073725,1,160,19683000
1724372887396000,10032,1807660757,0,0,172,74073725,1,160,20057000
1724372907390000,10033,1807660917,0,0,172,74073725,1,160,19994000
1724372927406000,10034,1807661077,0,0,172,74073725,1,160,20016000
1724372947273000,10035,1807661237,0,0,172,74073725,1,160,19867000
1724372967313000,10036,1807661397,0,0,172,74073725,1,160,20040000
1724372987466000,10037,1807661557,0,0,172,74073725,1,160,20153000
1724373007390000,10038,1807661717,0,0,172,74073725,1,160,19924000
1724373027367000,10039,1807661877,0,0,172,74073725,1,160,19977000
1724373047301000,10040,1807662037,0,0,172,74073725,1,160,19934000
1724373067376000,10041,1807662197,0,0,172,74073725,1,160,20075000
1724373087660000,10042,1807662357,0,0,172,74073725,1,160,20284000
1724373107264000,10043,1807662517,0,0,172,74073725,1,160,19604000
1724373127499000,10044,1807662677,0,0,172,74073725,1,160,20235000
1724373147336000,10045,1807662837,0,0,172,74073725,1,160,19837000
1724373167492000,10046,1807662997,0,0,172,74073725,1,160,20156000
1724373187367000,10047,1807663157,0,0,172,74073725,1,160,19875000
1724373207220000,10048,1807663317,0,0,172,74073725,1,160,19853000
1724373227387000,10049,1807663477,0,0,172,74073725,1,160,20167000
1724373247267000,10050,1807663637,0,0,172,74073725,1,160,19880000
1724373267419000,10051,1807663797,0,0,172,74073725,1,160,20152000
1724373287407000,10052,1807663957,0,0,172,74073725,1,160,19988000
1724373307424000,10053,1807664117,0,0,172,74073725,1,160,20017000
1724373327537000,10054,1807664277,0,0,172,74073725,1,160,20113000
1724373347516000,10055,1807664437,0,0,172,74073725,1,160,19979000
1724373367337000,10056,1807664597,0,0,172,74073725,1,160,19821000
1724373387263000,10057,1807664757,0,0,172,74073725,1,160,19926000
1724373412299000,10058,1807664917,0,0,172,74073725,1,160,25036000
1724373427402000,10059,1807665077,0,0,172,74073725,1,160,15103000
1724373447378000,10060,1807665237,0,0,172,74073725,1,160,19976000
1724373467386000,10061,1807665397,0,0,172,74073725,1,160,20008000
1724373487299000,10062,1807665557,0,0,172,74073725,1,160,19913000
1724373507469000,10063,1807665717,0,0,172,74073725,1,160,20170000
1724373527353000,10064,1807665877,0,0,172,74073725,1,160,19884000
1724373547259000,10065,1807666037,0,0,172,74073725,1,160,19906000
1724373567442000,10066,1807666197,0,0,172,74073725,1,160,20183000
1724373587291000,10067,1807666357,0,0,172,74073725,1,160,19849000
1724373607252000,10068,1807666517,0,0,172,74073725,1,160,19961000
1724373627362000,10069,1807666677,0,0,172,74073725,1,160,20110000
1724373647310000,10070,1807666837,0,0,172,74073725,1,160,19948000
1724373667356000,10071,1807666997,0,0,172,74073725,1,160,20046000
1724373687072000,10072,1807667157,0,0,172,74073725,1,160,19716000
1724373707209000,10073,1807667317,0,0,172,74073725,1,160,20137000
1724373727316000,10074,1807667477,0,0,172,74073725,1,160,20107000
1724373747269000,10075,1807667637,0,0,172,74073725,1,160,19953000
1724373767429000,10076,1807667797,0,0,172,74073725,1,160,20160000
1724373787387000,10077,1807667957,0,0,172,74073725,1,160,19958000
1724373808317000,10078,1807668117,0,0,172,74073725,1,160,20930000
1724373827508000,10079,1807668277,0,0,172,74073725,1,160,19191000
1724373847240000,10080,1807668437,0,0,172,74073725,1,160,19732000
1724373867339000,10081,1807668597,0,0,172,74073725,1,160,20099000
1724373887195000,10082,1807668757,0,0,172,74073725,1,160,19856000
1724373907457000,10083,1807668917,0,0,172,74073725,1,160,20262000
1724373927396000,10084,1807669077,0,0,172,74073725,1,160,19939000
1724373947320000,10085,1807669237,0,0,172,74073725,1,160,19924000
1724373967273000,10086,1807669397,0,0,172,74073725,1,160,19953000
1724373987403000,10087,1807669557,0,0,172,74073725,1,160,20130000
1724374007510000,10088,1807669717,0,0,172,74073725,1,160,20107000
1724374027401000,10089,1807669877,0,0,172,74073725,1,160,19891000
1724374047350000,10090,1807670037,0,0,172,74073725,1,160,19949000
1724374067396000,10091,1807670197,0,0,172,74073725,1,160,20046000
1724374087753000,10092,1807670357,0,0,172,74073725,1,160,20357000
1724374107306000,10093,1807670517,0,0,172,74073725,1,160,19553000
1724374127312000,10094,1807670677,0,0,172,74073725,1,160,20006000
1724374147313000,10095,1807670837,0,0,172,74073725,1,160,20001000
1724374166991000,10096,1807670997,0,0,172,74073725,1,160,19678000
1724374187209000,10097,1807671157,0,0,172,74073725,1,160,20218000
1724374209941000,10098,1807671317,0,0,172,74073725,1,160,22732000
1724374227080000,10099,1807671477,0,0,172,74073725,1,160,17139000
1724374247248000,10100,1807671637,0,0,172,74073725,1,160,20168000
1724374267160000,10101,1807671797,0,0,172,74073725,1,160,19912000
1724374287208000,10102,1807671957,0,0,172,74073725,1,160,20048000
1724374307413000,10103,1807672117,0,0,172,74073725,1,160,20205000
1724374327391000,10104,1807672277,0,0,172,74073725,1,160,19978000
1724374347322000,10105,1807672437,0,0,172,74073725,1,160,19931000
1724374367301000,10106,1807672597,0,0,172,74073725,1,160,19979000
1724374387213000,10107,1807672757,0,0,172,74073725,1,160,19912000
1724374412294000,10108,1807672917,0,0,172,74073725,1,160,25081000
1724374427320000,10109,1807673077,0,0,172,74073725,1,160,15026000
1724374447173000,10110,1807673237,0,0,172,74073725,1,160,19853000
1724374467298000,10111,1807673397,0,0,172,74073725,1,160,20125000
1724374487166000,10112,1807673557,0,0,172,74073725,1,160,19868000
1724374507260000,10113,1807673717,0,0,172,74073725,1,160,20094000
1724374527322000,10114,1807673877,0,0,172,74073725,1,160,20062000
1724374547376000,10115,1807674037,0,0,172,74073725,1,160,20054000
1724374566979000,10116,1807674197,0,0,172,74073725,1,160,19603000
1724374590092000,10117,1807674357,0,0,172,74073725,1,160,23113000
1724374607164000,10118,1807674517,0,0,172,74073725,1,160,17072000
1724374627123000,10119,1807674677,0,0,172,74073725,1,160,19959000
1724374647350000,10120,1807674837,0,0,172,74073725,1,160,20227000
1724374667429000,10121,1807674997,0,0,172,74073725,1,160,20079000
1724374687137000,10122,1807675157,0,0,172,74073725,1,160,19708000
1724374707735000,10123,1807675317,0,0,172,74073725,1,160,20598000
1724374727549000,10124,1807675477,0,0,172,74073725,1,160,19814000
1724374747132000,10125,1807675637,0,0,172,74073725,1,160,19583000
1724374767266000,10126,1807675797,0,0,172,74073725,1,160,20134000
1724374786856000,10127,1807675957,0,0,172,74073725,1,160,19590000
1724374807125000,10128,1807676117,0,0,172,74073725,1,160,20269000
1724374827239000,10129,1807676277,0,0,172,74073725,1,160,20114000
1724374847235000,10130,1807676437,0,0,172,74073725,1,160,19996000
1724374867480000,10131,1807676597,0,0,172,74073725,1,160,20245000
1724374887197000,10132,1807676757,0,0,172,74073725,1,160,19717000
1724374907072000,10133,1807676917,0,0,172,74073725,1,160,19875000
1724374927277000,10134,1807677077,0,0,172,74073725,1,160,20205000
1724374947460000,10135,1807677237,0,0,172,74073725,1,160,20183000
1724374967309000,10136,1807677397,0,0,172,74073725,1,160,19849000
1724374987374000,10137,1807677557,0,0,172,74073725,1,160,20065000
1724375007791000,10138,1807677717,0,0,172,74073725,1,160,20417000
1724375027411000,10139,1807677877,0,0,172,74073725,1,160,19620000
1724375047784000,10140,1807678037,0,0,172,74073725,1,160,20373000
1724375067354000,10141,1807678197,0,0,172,74073725,1,160,19570000
1724375087391000,10142,1807678357,0,0,172,74073725,1,160,20037000
1724375107244000,10143,1807678517,0,0,172,74073725,1,160,19853000
1724375127255000,10144,1807678677,0,0,172,74073725,1,160,20011000
1724375147139000,10145,1807678837,0,0,172,74073725,1,160,19884000
1724375168439000,10146,1807678997,0,0,172,74073725,1,160,21300000
1724375187169000,10147,1807679157,0,0,172,74073725,1,160,18730000
1724375207107000,10148,1807679317,0,0,172,74073725,1,160,19938000
1724375227288000,10149,1807679477,0,0,172,74073725,1,160,20181000
1724375247220000,10150,1807679637,0,0,172,74073725,1,160,19932000
1724375267307000,10151,1807679797,0,0,172,74073725,1,160,20087000
1724375287101000,10152,1807679957,0,0,172,74073725,1,160,19794000
1724375307639000,10153,1807680117,0,0,172,74073725,1,160,20538000
1724375327277000,10154,1807680277,0,0,172,74073725,1,160,19638000
1724375347124000,10155,1807680437,0,0,172,74073725,1,160,19847000
1724375367294000,10156,1807680597,0,0,172,74073725,1,160,20170000
1724375387159000,10157,1807680757,0,0,172,74073725,1,160,19865000
1724375412311000,10158,1807680917,0,0,172,74073725,1,160,25152000
1724375427317000,10159,1807681077,0,0,172,74073725,1,160,15006000
1724375447146000,10160,1807681237,0,0,172,74073725,1,160,19829000
1724375467247000,10161,1807681397,0,0,172,74073725,1,160,20101000
1724375487338000,10162,1807681557,0,0,172,74073725,1,160,20091000
1724375507300000,10163,1807681717,0,0,172,74073725,1,160,19962000
1724375527272000,10164,1807681877,0,0,172,74073725,1,160,19972000
1724375549884000,10165,1807682037,0,0,172,74073725,1,160,22612000
1724375567267000,10166,1807682197,0,0,172,74073725,1,160,17383000
1724375586905000,10167,1807682357,0,0,172,74073725,1,160,19638000
1724375607291000,10168,1807682517,0,0,172,74073725,1,160,20386000
1724375627444000,10169,1807682677,0,0,172,74073725,1,160,20153000
1724375647233000,10170,1807682837,0,0,172,74073725,1,160,19789000
1724375667245000,10171,1807682997,0,0,172,74073725,1,160,20012000
1724375687636000,10172,1807683157,0,0,172,74073725,1,160,20391000
1724375707136000,10173,1807683317,0,0,172,74073725,1,160,19500000
1724375727295000,10174,1807683477,0,0,172,74073725,1,160,20159000
1724375747543000,10175,1807683637,0,0,172,74073725,1,160,20248000
1724375767455000,10176,1807683797,0,0,172,74073725,1,160,19912000
1724375787229000,10177,1807683957,0,0,172,74073725,1,160,19774000
1724375807262000,10178,1807684117,0,0,172,74073725,1,160,20033000
1724375827278000,10179,1807684277,0,0,172,74073725,1,160,20016000
1724375847175000,10180,1807684437,0,0,172,74073725,1,160,19897000
1724375867242000,10181,1807684597,0,0,172,74073725,1,160,20067000
1724375887187000,10182,1807684757,0,0,172,74073725,1,160,19945000
1724375907249000,10183,1807684917,0,0,172,74073725,1,160,20062000
1724375927263000,10184,1807685077,0,0,172,74073725,1,160,20014000
1724375947314000,10185,1807685237,0,0,172,74073725,1,160,20051000
1724375967179000,10186,1807685397,0,0,172,74073725,1,160,19865000
1724375987155000,10187,1807685557,0,0,172,74073725,1,160,19976000
1724376007351000,10188,1807685717,0,0,172,74073725,1,160,20196000
1724376027265000,10189,1807685877,0,0,172,74073725,1,160,19914000
1724376047196000,10190,1807686037,0,0,172,74073725,1,160,19931000
1724376067283000,10191,1807686197,0,0,172,74073725,1,160,20087000
1724376087398000,10192,1807686357,0,0,172,74073725,1,160,20115000
1724376107253000,10193,1807686517,0,0,172,74073725,1,160,19855000
1724376127270000,10194,1807686677,0,0,172,74073725,1,160,20017000
1724376147177000,10195,1807686837,0,0,172,74073725,1,160,19907000
1724376167255000,10196,1807686997,0,0,172,74073725,1,160,20078000
1724376187228000,10197,1807687157,0,0,172,74073725,1,160,19973000
1724376207629000,10198,1807687317,0,0,172,74073725,1,160,20401000
1724376227231000,10199,1807687477,0,0,172,74073725,1,160,19602000
1724376246992000,10200,1807687637,0,0,172,74073725,1,160,19761000
1724376267078000,10201,1807687797,0,0,172,74073725,1,160,20086000
1724376287894000,10202,1807687957,0,0,172,74073725,1,160,20816000
1724376307844000,10203,1807688117,0,0,172,74073725,1,160,19950000
1724376327101000,10204,1807688277,0,0,172,74073725,1,160,19257000
1724376347090000,10205,1807688437,0,0,172,74073725,1,160,19989000
1724376366808000,10206,1807688597,0,0,172,74073725,1,160,19718000
1724376387107000,10207,1807688757,0,0,172,74073725,1,160,20299000
1724376412240000,10208,1807688917,0,0,172,74073725,1,160,25133000
1724376427230000,10209,1807689077,0,0,172,74073725,1,160,14990000
1724376447895000,10210,1807689237,0,0,172,74073725,1,160,20665000
1724376467506000,10211,1807689397,0,0,172,74073725,1,160,19611000
1724376487008000,10212,1807689557,0,0,172,74073725,1,160,19502000
1724376507373000,10213,1807689717,0,0,172,74073725,1,160,20365000
1724376527309000,10214,1807689877,0,0,172,74073725,1,160,19936000
1724376547215000,10215,1807690037,0,0,172,74073725,1,160,19906000
1724376567296000,10216,1807690197,0,0,172,74073725,1,160,20081000
1724376587252000,10217,1807690357,0,0,172,74073725,1,160,19956000
1724376607253000,10218,1807690517,0,0,172,74073725,1,160,20001000
1724376627432000,10219,1807690677,0,0,172,74073725,1,160,20179000
1724376647357000,10220,1807690837,0,0,172,74073725,1,160,19925000
1724376667148000,10221,1807690997,0,0,172,74073725,1,160,19791000
1724376686963000,10222,1807691157,0,0,172,74073725,1,160,19815000
1724376709319000,10223,1807691317,0,0,172,74073725,1,160,22356000
1724376730230000,10224,1807691477,0,0,172,74073725,1,160,20911000
1724376747043000,10225,1807691637,0,0,172,74073725,1,160,16813000
1724376766848000,10226,1807691797,0,0,172,74073725,1,160,19805000
1724376787049000,10227,1807691957,0,0,172,74073725,1,160,20201000
1724376807021000,10228,1807692117,0,0,172,74073725,1,160,19972000
1724376827487000,10229,1807692277,0,0,172,74073725,1,160,20466000
1724376847199000,10230,1807692437,0,0,172,74073725,1,160,19712000
1724376867213000,10231,1807692597,0,0,172,74073725,1,160,20014000
1724376887077000,10232,1807692757,0,0,172,74073725,1,160,19864000
1724376907015000,10233,1807692917,0,0,172,74073725,1,160,19938000
1724376927153000,10234,1807693077,0,0,172,74073725,1,160,20138000
1724376947096000,10235,1807693237,0,0,172,74073725,1,160,19943000
1724376966811000,10236,1807693397,0,0,172,74073725,1,160,19715000
1724376986915000,10237,1807693557,0,0,172,74073725,1,160,20104000
1724377007379000,10238,1807693717,0,0,172,74073725,1,160,20464000
1724377027188000,10239,1807693877,0,0,172,74073725,1,160,19809000
1724377047251000,10240,1807694037,0,0,172,74073725,1,160,20063000
1724377067151000,10241,1807694197,0,0,172,74073725,1,160,19900000
1724377087408000,10242,1807694357,0,0,172,74073725,1,160,20257000
1724377106974000,10243,1807694517,0,0,172,74073725,1,160,19566000
1724377127182000,10244,1807694677,0,0,172,74073725,1,160,20208000
1724377146916000,10245,1807694837,0,0,172,74073725,1,160,19734000
1724377167217000,10246,1807694997,0,0,172,74073725,1,160,20301000
1724377187055000,10247,1807695157,0,0,172,74073725,1,160,19838000
1724377207131000,10248,1807695317,0,0,172,74073725,1,160,20076000
1724377227273000,10249,1807695477,0,0,172,74073725,1,160,20142000
1724377247201000,10250,1807695637,0,0,172,74073725,1,160,19928000
1724377267208000,10251,1807695797,0,0,172,74073725,1,160,20007000
1724377286813000,10252,1807695957,0,0,172,74073725,1,160,19605000
1724377309057000,10253,1807696117,0,0,172,74073725,1,160,22244000
1724377327253000,10254,1807696277,0,0,172,74073725,1,160,18196000
1724377346947000,10255,1807696437,0,0,172,74073725,1,160,19694000
1724377370136000,10256,1807696597,0,0,172,74073725,1,160,23189000
1724377386875000,10257,1807696757,0,0,172,74073725,1,160,16739000
1724377406992000,10258,1807696917,0,0,172,74073725,1,160,20117000
1724377426966000,10259,1807697077,0,0,172,74073725,1,160,19974000
1724377447016000,10260,1807697237,0,0,172,74073725,1,160,20050000
1724377466797000,10261,1807697397,0,0,172,74073725,1,160,19781000
1724377487036000,10262,1807697557,0,0,172,74073725,1,160,20239000
1724377507212000,10263,1807697717,0,0,172,74073725,1,160,20176000
1724377527954000,10264,1807697877,0,0,172,74073725,1,160,20742000
1724377547039000,10265,1807698037,0,0,172,74073725,1,160,19085000
1724377567250000,10266,1807698197,0,0,172,74073725,1,160,20211000
1724377587174000,10267,1807698357,0,0,172,74073725,1,160,19924000
1724377607342000,10268,1807698517,0,0,172,74073725,1,160,20168000
1724377627238000,10269,1807698677,0,0,172,74073725,1,160,19896000
1724377647084000,10270,1807698837,0,0,172,74073725,1,160,19846000
1724377667184000,10271,1807698997,0,0,172,74073725,1,160,20100000
1724377687180000,10272,1807699157,0,0,172,74073725,1,160,19996000
1724377707264000,10273,1807699317,0,0,172,74073725,1,160,20084000
1724377727167000,10274,1807699477,0,0,172,74073725,1,160,19903000
1724377747143000,10275,1807699637,0,0,172,74073725,1,160,19976000
1724377767100000,10276,1807699797,0,0,172,74073725,1,160,19957000
1724377786745000,10277,1807699957,0,0,172,74073725,1,160,19645000
1724377807302000,10278,1807700117,0,0,172,74073725,1,160,20557000
1724377827137000,10279,1807700277,0,0,172,74073725,1,160,19835000
1724377847107000,10280,1807700437,0,0,172,74073725,1,160,19970000
1724377866957000,10281,1807700597,0,0,172,74073725,1,160,19850000
1724377886822000,10282,1807700757,0,0,172,74073725,1,160,19865000
1724377906913000,10283,1807700917,0,0,172,74073725,1,160,20091000
1724377927012000,10284,1807701077,0,0,172,74073725,1,160,20099000
1724377947013000,10285,1807701237,0,0,172,74073725,1,160,20001000
1724377967080000,10286,1807701397,0,0,172,74073725,1,160,20067000
1724377987016000,10287,1807701557,0,0,172,74073725,1,160,19936000
1724378007246000,10288,1807701717,0,0,172,74073725,1,160,20230000
1724378027043000,10289,1807701877,0,0,172,74073725,1,160,19797000
1724378047119000,10290,1807702037,0,0,172,74073725,1,160,20076000
1724378067132000,10291,1807702197,0,0,172,74073725,1,160,20013000
1724378087238000,10292,1807702357,0,0,172,74073725,1,160,20106000
1724378106968000,10293,1807702517,0,0,172,74073725,1,160,19730000
1724378127498000,10294,1807702677,0,0,172,74073725,1,160,20530000
1724378147102000,10295,1807702837,0,0,172,74073725,1,160,19604000
1724378167137000,10296,1807702997,0,0,172,74073725,1,160,20035000
1724378187076000,10297,1807703157,0,0,172,74073725,1,160,19939000
1724378207568000,10298,1807703317,0,0,172,74073725,1,160,20492000
1724378226818000,10299,1807703477,0,0,172,74073725,1,160,19250000
1724378247016000,10300,1807703637,0,0,172,74073725,1,160,20198000
1724378267170000,10301,1807703797,0,0,172,74073725,1,160,20154000
1724378287059000,10302,1807703957,0,0,172,74073725,1,160,19889000
1724378307709000,10303,1807704117,0,0,172,74073725,1,160,20650000
1724378327087000,10304,1807704277,0,0,172,74073725,1,160,19378000
1724378346930000,10305,1807704437,0,0,172,74073725,1,160,19843000
1724378366958000,10306,1807704597,0,0,172,74073725,1,160,20028000
1724378386984000,10307,1807704757,0,0,172,74073725,1,160,20026000
1724378412761000,10308,1807704917,0,0,172,74073725,1,160,25777000
1724378427270000,10309,1807705077,0,0,172,74073725,1,160,14509000
1724378447059000,10310,1807705237,0,0,172,74073725,1,160,19789000
1724378466980000,10311,1807705397,0,0,172,74073725,1,160,19921000
1724378486977000,10312,1807705557,0,0,172,74073725,1,160,19997000
1724378507018000,10313,1807705717,0,0,172,74073725,1,160,20041000
1724378528292000,10314,1807705877,0,0,172,74073725,1,160,21274000
1724378547006000,10315,1807706037,0,0,172,74073725,1,160,18714000
1724378567075000,10316,1807706197,0,0,172,74073725,1,160,20069000
1724378586956000,10317,1807706357,0,0,172,74073725,1,160,19881000
1724378606969000,10318,1807706517,0,0,172,74073725,1,160,20013000
1724378627152000,10319,1807706677,0,0,172,74073725,1,160,20183000
1724378647080000,10320,1807706837,0,0,172,74073725,1,160,19928000
1724378666906000,10321,1807706997,0,0,172,74073725,1,160,19826000
1724378686778000,10322,1807707157,0,0,172,74073725,1,160,19872000
1724378706944000,10323,1807707317,0,0,172,74073725,1,160,20166000
1724378727236000,10324,1807707477,0,0,172,74073725,1,160,20292000
1724378747024000,10325,1807707637,0,0,172,74073725,1,160,19788000
1724378767080000,10326,1807707797,0,0,172,74073725,1,160,20056000
1724378786785000,10327,1807707957,0,0,172,74073725,1,160,19705000
1724378807639000,10328,1807708117,0,0,172,74073725,1,160,20854000
1724378827083000,10329,1807708277,0,0,172,74073725,1,160,19444000
1724378846988000,10330,1807708437,0,0,172,74073725,1,160,19905000
1724378866867000,10331,1807708597,0,0,172,74073725,1,160,19879000
1724378887007000,10332,1807708757,0,0,172,74073725,1,160,20140000
1724378907212000,10333,1807708917,0,0,172,74073725,1,160,20205000
1724378927139000,10334,1807709077,0,0,172,74073725,1,160,19927000
1724378947038000,10335,1807709237,0,0,172,74073725,1,160,19899000
1724378967167000,10336,1807709397,0,0,172,74073725,1,160,20129000
1724378987077000,10337,1807709557,0,0,172,74073725,1,160,19910000
1724379007060000,10338,1807709717,0,0,172,74073725,1,160,19983000
1724379027090000,10339,1807709877,0,0,172,74073725,1,160,20030000
1724379047096000,10340,1807710037,0,0,172,74073725,1,160,20006000
1724379067216000,10341,1807710197,0,0,172,74073725,1,160,20120000
1724379086903000,10342,1807710357,0,0,172,74073725,1,160,19687000
1724379107108000,10343,1807710517,0,0,172,74073725,1,160,20205000
1724379127113000,10344,1807710677,0,0,172,74073725,1,160,20005000
1724379146756000,10345,1807710837,0,0,172,74073725,1,160,19643000
1724379167136000,10346,1807710997,0,0,172,74073725,1,160,20380000
1724379186916000,10347,1807711157,0,0,172,74073725,1,160,19780000
1724379206476000,10348,1807711317,0,0,172,74073725,1,160,19560000
1724379226844000,10349,1807711477,0,0,172,74073725,1,160,20368000
1724379246959000,10350,1807711637,0,0,172,74073725,1,160,20115000
1724379267034000,10351,1807711797,0,0,172,74073725,1,160,20075000
1724379287179000,10352,1807711957,0,0,172,74073725,1,160,20145000
1724379306790000,10353,1807712117,0,0,172,74073725,1,160,19611000
1724379326855000,10354,1807712277,0,0,172,74073725,1,160,20065000
1724379347140000,10355,1807712437,0,0,172,74073725,1,160,20285000
1724379367137000,10356,1807712597,0,0,172,74073725,1,160,19997000
1724379386922000,10357,1807712757,0,0,172,74073725,1,160,19785000
1724379411797000,10358,1807712917,0,0,172,74073725,1,160,24875000
1724379427054000,10359,1807713077,0,0,172,74073725,1,160,15257000
1724379446824000,10360,1807713237,0,0,172,74073725,1,160,19770000
1724379467062000,10361,1807713397,0,0,172,74073725,1,160,20238000
1724379487527000,10362,1807713557,0,0,172,74073725,1,160,20465000
1724379507247000,10363,1807713717,0,0,172,74073725,1,160,19720000
1724379527085000,10364,1807713877,0,0,172,74073725,1,160,19838000
1724379549385000,10365,1807714037,0,0,172,74073725,1,160,22300000
1724379567120000,10366,1807714197,0,0,172,74073725,1,160,17735000
1724379586934000,10367,1807714357,0,0,172,74073725,1,160,19814000
1724379607296000,10368,1807714517,0,0,172,74073725,1,160,20362000
1724379627888000,10369,1807714677,0,0,172,74073725,1,160,20592000
1724379647020000,10370,1807714837,0,0,172,74073725,1,160,19132000
1724379667051000,10371,1807714997,0,0,172,74073725,1,160,20031000
1724379687027000,10372,1807715157,0,0,172,74073725,1,160,19976000
1724379707117000,10373,1807715317,0,0,172,74073725,1,160,20090000
1724379727145000,10374,1807715477,0,0,172,74073725,1,160,20028000
1724379747054000,10375,1807715637,0,0,172,74073725,1,160,19909000
1724379767062000,10376,1807715797,0,0,172,74073725,1,160,20008000
1724379786953000,10377,1807715957,0,0,172,74073725,1,160,19891000
1724379806964000,10378,1807716117,0,0,172,74073725,1,160,20011000
1724379827082000,10379,1807716277,0,0,172,74073725,1,160,20118000
1724379846936000,10380,1807716437,0,0,172,74073725,1,160,19854000
1724379867040000,10381,1807716597,0,0,172,74073725,1,160,20104000
1724379887048000,10382,1807716757,0,0,172,74073725,1,160,20008000
1724379907020000,10383,1807716917,0,0,172,74073725,1,160,19972000
1724379927241000,10384,1807717077,0,0,172,74073725,1,160,20221000
1724379946906000,10385,1807717237,0,0,172,74073725,1,160,19665000
1724379966977000,10386,1807717397,0,0,172,74073725,1,160,20071000
1724379987027000,10387,1807717557,0,0,172,74073725,1,160,20050000
1724380006940000,10388,1807717717,0,0,172,74073725,1,160,19913000
1724380027053000,10389,1807717877,0,0,172,74073725,1,160,20113000
1724380047127000,10390,1807718037,0,0,172,74073725,1,160,20074000
1724380067055000,10391,1807718197,0,0,172,74073725,1,160,19928000
1724380086952000,10392,1807718357,0,0,172,74073725,1,160,19897000
1724380107180000,10393,1807718517,0,0,172,74073725,1,160,20228000
1724380127065000,10394,1807718677,0,0,172,74073725,1,160,19885000
1724380146866000,10395,1807718837,0,0,172,74073725,1,160,19801000
1724380166934000,10396,1807718997,0,0,172,74073725,1,160,20068000
1724380187029000,10397,1807719157,0,0,172,74073725,1,160,20095000
1724380206926000,10398,1807719317,0,0,172,74073725,1,160,19897000
1724380227059000,10399,1807719477,0,0,172,74073725,1,160,20133000
1724380247058000,10400,1807719637,0,0,172,74073725,1,160,19999000
1724380267044000,10401,1807719797,0,0,172,74073725,1,160,19986000
1724380286971000,10402,1807719957,0,0,172,74073725,1,160,19927000
1724380307338000,10403,1807720117,0,0,172,74073725,1,160,20367000
1724380327103000,10404,1807720277,0,0,172,74073725,1,160,19765000
1724380347049000,10405,1807720437,0,0,172,74073725,1,160,19946000
1724380367045000,10406,1807720597,0,0,172,74073725,1,160,19996000
1724380386707000,10407,1807720757,0,0,172,74073725,1,160,19662000
1724380411976000,10408,1807720917,0,0,172,74073725,1,160,25269000
1724380426945000,10409,1807721077,0,0,172,74073725,1,160,14969000
1724380447024000,10410,1807721237,0,0,172,74073725,1,160,20079000
1724380467038000,10411,1807721397,0,0,172,74073725,1,160,20014000
1724380486848000,10412,1807721557,0,0,172,74073725,1,160,19810000
1724380506879000,10413,1807721717,0,0,172,74073725,1,160,20031000
1724380527110000,10414,1807721877,0,0,172,74073725,1,160,20231000
1724380546657000,10415,1807722037,0,0,172,74073725,1,160,19547000
1724380567041000,10416,1807722197,0,0,172,74073725,1,160,20384000
1724380586955000,10417,1807722357,0,0,172,74073725,1,160,19914000
1724380607069000,10418,1807722517,0,0,172,74073725,1,160,20114000
1724380627008000,10419,1807722677,0,0,172,74073725,1,160,19939000
1724380646951000,10420,1807722837,0,0,172,74073725,1,160,19943000
1724380667034000,10421,1807722997,0,0,172,74073725,1,160,20083000
1724380686986000,10422,1807723157,0,0,172,74073725,1,160,19952000
1724380707021000,10423,1807723317,0,0,172,74073725,1,160,20035000
1724380727067000,10424,1807723477,0,0,172,74073725,1,160,20046000
1724380746988000,10425,1807723637,0,0,172,74073725,1,160,19921000
1724380767022000,10426,1807723797,0,0,172,74073725,1,160,20034000
1724380786916000,10427,1807723957,0,0,172,74073725,1,160,19894000
1724380807815000,10428,1807724117,0,0,172,74073725,1,160,20899000
1724380827077000,10429,1807724277,0,0,172,74073725,1,160,19262000
1724380846901000,10430,1807724437,0,0,172,74073725,1,160,19824000
1724380867000000,10431,1807724597,0,0,172,74073725,1,160,20099000
1724380886845000,10432,1807724757,0,0,172,74073725,1,160,19845000
1724380907053000,10433,1807724917,0,0,172,74073725,1,160,20208000
1724380926991000,10434,1807725077,0,0,172,74073725,1,160,19938000
1724380946957000,10435,1807725237,0,0,172,74073725,1,160,19966000
1724380967015000,10436,1807725397,0,0,172,74073725,1,160,20058000
1724380987066000,10437,1807725557,0,0,172,74073725,1,160,20051000
1724381006982000,10438,1807725717,0,0,172,74073725,1,160,19916000
1724381027020000,10439,1807725877,0,0,172,74073725,1,160,20038000
1724381046929000,10440,1807726037,0,0,172,74073725,1,160,19909000
1724381066967000,10441,1807726197,0,0,172,74073725,1,160,20038000
1724381086860000,10442,1807726357,0,0,172,74073725,1,160,19893000
1724381107148000,10443,1807726517,0,0,172,74073725,1,160,20288000
1724381127043000,10444,1807726677,0,0,172,74073725,1,160,19895000
1724381146939000,10445,1807726837,0,0,172,74073725,1,160,19896000
1724381167056000,10446,1807726997,0,0,172,74073725,1,160,20117000
1724381186894000,10447,1807727157,0,0,172,74073725,1,160,19838000
1724381206902000,10448,1807727317,0,0,172,74073725,1,160,20008000
1724381226984000,10449,1807727477,0,0,172,74073725,1,160,20082000
1724381246889000,10450,1807727637,0,0,172,74073725,1,160,19905000
1724381267059000,10451,1807727797,0,0,172,74073725,1,160,20170000
1724381286924000,10452,1807727957,0,0,172,74073725,1,160,19865000
1724381307072000,10453,1807728117,0,0,172,74073725,1,160,20148000
1724381327165000,10454,1807728277,0,0,172,74073725,1,160,20093000
1724381347150000,10455,1807728437,0,0,172,74073725,1,160,19985000
1724381367089000,10456,1807728597,0,0,172,74073725,1,160,19939000
1724381386940000,10457,1807728757,0,0,172,74073725,1,160,19851000
1724381411973000,10458,1807728917,0,0,172,74073725,1,160,25033000
1724381427014000,10459,1807729077,0,0,172,74073725,1,160,15041000
1724381446727000,10460,1807729237,0,0,172,74073725,1,160,19713000
1724381467106000,10461,1807729397,0,0,172,74073725,1,160,20379000
1724381487055000,10462,1807729557,0,0,172,74073725,1,160,19949000
1724381506951000,10463,1807729717,0,0,172,74073725,1,160,19896000
1724381527014000,10464,1807729877,0,0,172,74073725,1,160,20063000
1724381546826000,10465,1807730037,0,0,172,74073725,1,160,19812000
1724381566928000,10466,1807730197,0,0,172,74073725,1,160,20102000
1724381589191000,10467,1807730357,0,0,172,74073725,1,160,22263000
1724381607189000,10468,1807730517,0,0,172,74073725,1,160,17998000
1724381626950000,10469,1807730677,0,0,172,74073725,1,160,19761000
1724381647311000,10470,1807730837,0,0,172,74073725,1,160,20361000
1724381667031000,10471,1807730997,0,0,172,74073725,1,160,19720000
1724381686958000,10472,1807731157,0,0,172,74073725,1,160,19927000
1724381706973000,10473,1807731317,0,0,172,74073725,1,160,20015000
1724381727086000,10474,1807731477,0,0,172,74073725,1,160,20113000
1724381747486000,10475,1807731637,0,0,172,74073725,1,160,20400000
1724381766850000,10476,1807731797,0,0,172,74073725,1,160,19364000
1724381786915000,10477,1807731957,0,0,172,74073725,1,160,20065000
1724381806958000,10478,1807732117,0,0,172,74073725,1,160,20043000
1724381827001000,10479,1807732277,0,0,172,74073725,1,160,20043000
1724381846830000,10480,1807732437,0,0,172,74073725,1,160,19829000
1724381867024000,10481,1807732597,0,0,172,74073725,1,160,20194000
1724381886887000,10482,1807732757,0,0,172,74073725,1,160,19863000
1724381907043000,10483,1807732917,0,0,172,74073725,1,160,20156000
1724381927025000,10484,1807733077,0,0,172,74073725,1,160,19982000
1724381946946000,10485,1807733237,0,0,172,74073725,1,160,19921000
1724381966861000,10486,1807733397,0,0,172,74073725,1,160,19915000
1724381986860000,10487,1807733557,0,0,172,74073725,1,160,19999000
1724382006911000,10488,1807733717,0,0,172,74073725,1,160,20051000
1724382027478000,10489,1807733877,0,0,172,74073725,1,160,20567000
1724382046947000,10490,1807734037,0,0,172,74073725,1,160,19469000
1724382066914000,10491,1807734197,0,0,172,74073725,1,160,19967000
1724382087097000,10492,1807734357,0,0,172,74073725,1,160,20183000
1724382106796000,10493,1807734517,0,0,172,74073725,1,160,19699000
1724382126976000,10494,1807734677,0,0,172,74073725,1,160,20180000
1724382146673000,10495,1807734837,0,0,172,74073725,1,160,19697000
1724382167027000,10496,1807734997,0,0,172,74073725,1,160,20354000
1724382186891000,10497,1807735157,0,0,172,74073725,1,160,19864000
1724382207011000,10498,1807735317,0,0,172,74073725,1,160,20120000
1724382226974000,10499,1807735477,0,0,172,74073725,1,160,19963000
1724382246902000,10500,1807735637,0,0,172,74073725,1,160,19928000
1724382266736000,10501,1807735797,0,0,172,74073725,1,160,19834000
1724382286751000,10502,1807735957,0,0,172,74073725,1,160,20015000
1724382306803000,10503,1807736117,0,0,172,74073725,1,160,20052000
1724382326895000,10504,1807736277,0,0,172,74073725,1,160,20092000
1724382346875000,10505,1807736437,0,0,172,74073725,1,160,19980000
1724382366966000,10506,1807736597,0,0,172,74073725,1,160,20091000
1724382386849000,10507,1807736757,0,0,172,74073725,1,160,19883000
1724382411921000,10508,1807736917,0,0,172,74073725,1,160,25072000
1724382427587000,10509,1807737077,0,0,172,74073725,1,160,15666000
1724382446872000,10510,1807737237,0,0,172,74073725,1,160,19285000
1724382466926000,10511,1807737397,0,0,172,74073725,1,160,20054000
1724382489887000,10512,1807737557,0,0,172,74073725,1,160,22961000
1724382506831000,10513,1807737717,0,0,172,74073725,1,160,16944000
1724382526925000,10514,1807737877,0,0,172,74073725,1,160,20094000
1724382546811000,10515,1807738037,0,0,172,74073725,1,160,19886000
1724382567171000,10516,1807738197,0,0,172,74073725,1,160,20360000
1724382586811000,10517,1807738357,0,0,172,74073725,1,160,19640000
1724382606622000,10518,1807738517,0,0,172,74073725,1,160,19811000
1724382626966000,10519,1807738677,0,0,172,74073725,1,160,20344000
1724382646886000,10520,1807738837,0,0,172,74073725,1,160,19920000
1724382666868000,10521,1807738997,0,0,172,74073725,1,160,19982000
1724382686951000,10522,1807739157,0,0,172,74073725,1,160,20083000
1724382707029000,10523,1807739317,0,0,172,74073725,1,160,20078000
1724382727173000,10524,1807739477,0,0,172,74073725,1,160,20144000
1724382746925000,10525,1807739637,0,0,172,74073725,1,160,19752000
1724382766686000,10526,1807739797,0,0,172,74073725,1,160,19761000
1724382786958000,10527,1807739957,0,0,172,74073725,1,160,20272000
1724382807024000,10528,1807740117,0,0,172,74073725,1,160,20066000
1724382827094000,10529,1807740277,0,0,172,74073725,1,160,20070000
1724382846861000,10530,1807740437,0,0,172,74073725,1,160,19767000
1724382866603000,10531,1807740597,0,0,172,74073725,1,160,19742000
1724382886616000,10532,1807740757,0,0,172,74073725,1,160,20013000
1724382906657000,10533,1807740917,0,0,172,74073725,1,160,20041000
1724382926758000,10534,1807741077,0,0,172,74073725,1,160,20101000
1724382946702000,10535,1807741237,0,0,172,74073725,1,160,19944000
1724382966934000,10536,1807741397,0,0,172,74073725,1,160,20232000
1724382986635000,10537,1807741557,0,0,172,74073725,1,160,19701000
1724383006677000,10538,1807741717,0,0,172,74073725,1,160,20042000
1724383026557000,10539,1807741877,0,0,172,74073725,1,160,19880000
1724383046721000,10540,1807742037,0,0,172,74073725,1,160,20164000
1724383066674000,10541,1807742197,0,0,172,74073725,1,160,19953000
1724383086916000,10542,1807742357,0,0,172,74073725,1,160,20242000
1724383106712000,10543,1807742517,0,0,172,74073725,1,160,19796000
1724383126731000,10544,1807742677,0,0,172,74073725,1,160,20019000
1724383146728000,10545,1807742837,0,0,172,74073725,1,160,19997000
1724383166655000,10546,1807742997,0,0,172,74073725,1,160,19927000
1724383186732000,10547,1807743157,0,0,172,74073725,1,160,20077000
1724383206588000,10548,1807743317,0,0,172,74073725,1,160,19856000
1724383226886000,10549,1807743477,0,0,172,74073725,1,160,20298000
1724383246683000,10550,1807743637,0,0,172,74073725,1,160,19797000
1724383266689000,10551,1807743797,0,0,172,74073725,1,160,20006000
1724383286628000,10552,1807743957,0,0,172,74073725,1,160,19939000
1724383306865000,10553,1807744117,0,0,172,74073725,1,160,20237000
1724383326713000,10554,1807744277,0,0,172,74073725,1,160,19848000
1724383346745000,10555,1807744437,0,0,172,74073725,1,160,20032000
1724383366577000,10556,1807744597,0,0,172,74073725,1,160,19832000
1724383386661000,10557,1807744757,0,0,172,74073725,1,160,20084000
1724383411556000,10558,1807744917,0,0,172,74073725,1,160,24895000
1724383426683000,10559,1807745077,0,0,172,74073725,1,160,15127000
1724383447229000,10560,1807745237,0,0,172,74073725,1,160,20546000
1724383466723000,10561,1807745397,0,0,172,74073725,1,160,19494000
1724383486719000,10562,1807745557,0,0,172,74073725,1,160,19996000
1724383506620000,10563,1807745717,0,0,172,74073725,1,160,19901000
1724383526816000,10564,1807745877,0,0,172,74073725,1,160,20196000
1724383547013000,10565,1807746037,0,0,172,74073725,1,160,20197000
1724383566906000,10566,1807746197,0,0,172,74073725,1,160,19893000
1724383586790000,10567,1807746357,0,0,172,74073725,1,160,19884000
1724383606819000,10568,1807746517,0,0,172,74073725,1,160,20029000
1724383626885000,10569,1807746677,0,0,172,74073725,1,160,20066000
1724383646797000,10570,1807746837,0,0,172,74073725,1,160,19912000
1724383666927000,10571,1807746997,0,0,172,74073725,1,160,20130000
1724383686788000,10572,1807747157,0,0,172,74073725,1,160,19861000
1724383706614000,10573,1807747317,0,0,172,74073725,1,160,19826000
1724383727027000,10574,1807747477,0,0,172,74073725,1,160,20413000
1724383747324000,10575,1807747637,0,0,172,74073725,1,160,20297000
1724383766777000,10576,1807747797,0,0,172,74073725,1,160,19453000
1724383786754000,10577,1807747957,0,0,172,74073725,1,160,19977000
1724383806910000,10578,1807748117,0,0,172,74073725,1,160,20156000
1724383826895000,10579,1807748277,0,0,172,74073725,1,160,19985000
1724383846997000,10580,1807748437,0,0,172,74073725,1,160,20102000
1724383866817000,10581,1807748597,0,0,172,74073725,1,160,19820000
1724383886762000,10582,1807748757,0,0,172,74073725,1,160,19945000
1724383906697000,10583,1807748917,0,0,172,74073725,1,160,19935000
1724383926901000,10584,1807749077,0,0,172,74073725,1,160,20204000
1724383946763000,10585,1807749237,0,0,172,74073725,1,160,19862000
1724383966947000,10586,1807749397,0,0,172,74073725,1,160,20184000
1724383986989000,10587,1807749557,0,0,172,74073725,1,160,20042000
1724384006806000,10588,1807749717,0,0,172,74073725,1,160,19817000
1724384026966000,10589,1807749877,0,0,172,74073725,1,160,20160000
1724384046830000,10590,1807750037,0,0,172,74073725,1,160,19864000
1724384066922000,10591,1807750197,0,0,172,74073725,1,160,20092000
1724384086942000,10592,1807750357,0,0,172,74073725,1,160,20020000
1724384106652000,10593,1807750517,0,0,172,74073725,1,160,19710000
1724384126892000,10594,1807750677,0,0,172,74073725,1,160,20240000
1724384146864000,10595,1807750837,0,0,172,74073725,1,160,19972000
1724384166817000,10596,1807750997,0,0,172,74073725,1,160,19953000
1724384186711000,10597,1807751157,0,0,172,74073725,1,160,19894000
1724384206910000,10598,1807751317,0,0,172,74073725,1,160,20199000
1724384226965000,10599,1807751477,0,0,172,74073725,1,160,20055000
1724384246770000,10600,1807751637,0,0,172,74073725,1,160,19805000
1724384266842000,10601,1807751797,0,0,172,74073725,1,160,20072000
1724384286758000,10602,1807751957,0,0,172,74073725,1,160,19916000
1724384306775000,10603,1807752117,0,0,172,74073725,1,160,20017000
1724384326919000,10604,1807752277,0,0,172,74073725,1,160,20144000
1724384346771000,10605,1807752437,0,0,172,74073725,1,160,19852000
1724384366894000,10606,1807752597,0,0,172,74073725,1,160,20123000
1724384386759000,10607,1807752757,0,0,172,74073725,1,160,19865000
1724384407084000,10608,1807752917,0,0,172,74073725,1,160,20325000
1724384426858000,10609,1807753077,0,0,172,74073725,1,160,19774000
1724384446729000,10610,1807753237,0,0,172,74073725,1,160,19871000
1724384466807000,10611,1807753397,0,0,172,74073725,1,160,20078000
1724384486729000,10612,1807753557,0,0,172,74073725,1,160,19922000
1724384506785000,10613,1807753717,0,0,172,74073725,1,160,20056000
1724384526836000,10614,1807753877,0,0,172,74073725,1,160,20051000
1724384546850000,10615,1807754037,0,0,172,74073725,1,160,20014000
1724384566933000,10616,1807754197,0,0,172,74073725,1,160,20083000
1724384586798000,10617,1807754357,0,0,172,74073725,1,160,19865000
1724384606963000,10618,1807754517,0,0,172,74073725,1,160,20165000
1724384626889000,10619,1807754677,0,0,172,74073725,1,160,19926000
1724384646681000,10620,1807754837,0,0,172,74073725,1,160,19792000
1724384666863000,10621,1807754997,0,0,172,74073725,1,160,20182000
1724384686795000,10622,1807755157,0,0,172,74073725,1,160,19932000
1724384706914000,10623,1807755317,0,0,172,74073725,1,160,20119000
1724384727045000,10624,1807755477,0,0,172,74073725,1,160,20131000
1724384746903000,10625,1807755637,0,0,172,74073725,1,160,19858000
1724384766811000,10626,1807755797,0,0,172,74073725,1,160,19908000
1724384786758000,10627,1807755957,0,0,172,74073725,1,160,19947000
1724384806768000,10628,1807756117,0,0,172,74073725,1,160,20010000
1724384826913000,10629,1807756277,0,0,172,74073725,1,160,20145000
1724384846755000,10630,1807756437,0,0,172,74073725,1,160,19842000
1724384866828000,10631,1807756597,0,0,172,74073725,1,160,20073000
1724384886887000,10632,1807756757,0,0,172,74073725,1,160,20059000
1724384906916000,10633,1807756917,0,0,172,74073725,1,160,20029000
1724384926891000,10634,1807757077,0,0,172,74073725,1,160,19975000
1724384946781000,10635,1807757237,0,0,172,74073725,1,160,19890000
1724384966692000,10636,1807757397,0,0,172,74073725,1,160,19911000
1724384986852000,10637,1807757557,0,0,172,74073725,1,160,20160000
1724385006721000,10638,1807757717,0,0,172,74073725,1,160,19869000
1724385027372000,10639,1807757877,0,0,172,74073725,1,160,20651000
1724385046780000,10640,1807758037,0,0,172,74073725,1,160,19408000
1724385066816000,10641,1807758197,0,0,172,74073725,1,160,20036000
1724385086975000,10642,1807758357,0,0,172,74073725,1,160,20159000
1724385106921000,10643,1807758517,0,0,172,74073725,1,160,19946000
1724385126539000,10644,1807758677,0,0,172,74073725,1,160,19618000
1724385146681000,10645,1807758837,0,0,172,74073725,1,160,20142000
1724385166837000,10646,1807758997,0,0,172,74073725,1,160,20156000
1724385186629000,10647,1807759157,0,0,172,74073725,1,160,19792000
1724385206465000,10648,1807759317,0,0,172,74073725,1,160,19836000
1724385226952000,10649,1807759477,0,0,172,74073725,1,160,20487000
1724385246741000,10650,1807759637,0,0,172,74073725,1,160,19789000
1724385266900000,10651,1807759797,0,0,172,74073725,1,160,20159000
1724385286794000,10652,1807759957,0,0,172,74073725,1,160,19894000
1724385306909000,10653,1807760117,0,0,172,74073725,1,160,20115000
1724385326829000,10654,1807760277,0,0,172,74073725,1,160,19920000
1724385346778000,10655,1807760437,0,0,172,74073725,1,160,19949000
1724385366867000,10656,1807760597,0,0,172,74073725,1,160,20089000
1724385386827000,10657,1807760757,0,0,172,74073725,1,160,19960000
1724385411436000,10658,1807760917,0,0,172,74073725,1,160,24609000
1724385426843000,10659,1807761077,0,0,172,74073725,1,160,15407000
1724385448711000,10660,1807761237,0,0,172,74073725,1,160,21868000
1724385466858000,10661,1807761397,0,0,172,74073725,1,160,18147000
1724385486837000,10662,1807761557,0,0,172,74073725,1,160,19979000
1724385506762000,10663,1807761717,0,0,172,74073725,1,160,19925000
1724385526900000,10664,1807761877,0,0,172,74073725,1,160,20138000
1724385546726000,10665,1807762037,0,0,172,74073725,1,160,19826000
1724385566772000,10666,1807762197,0,0,172,74073725,1,160,20046000
1724385586695000,10667,1807762357,0,0,172,74073725,1,160,19923000
1724385606799000,10668,1807762517,0,0,172,74073725,1,160,20104000
1724385626840000,10669,1807762677,0,0,172,74073725,1,160,20041000
1724385646856000,10670,1807762837,0,0,172,74073725,1,160,20016000
1724385667028000,10671,1807762997,0,0,172,74073725,1,160,20172000
1724385686882000,10672,1807763157,0,0,172,74073725,1,160,19854000
1724385706853000,10673,1807763317,0,0,172,74073725,1,160,19971000
1724385726929000,10674,1807763477,0,0,172,74073725,1,160,20076000
1724385746758000,10675,1807763637,0,0,172,74073725,1,160,19829000
1724385766921000,10676,1807763797,0,0,172,74073725,1,160,20163000
1724385786751000,10677,1807763957,0,0,172,74073725,1,160,19830000
1724385806777000,10678,1807764117,0,0,172,74073725,1,160,20026000
1724385826937000,10679,1807764277,0,0,172,74073725,1,160,20160000
1724385846766000,10680,1807764437,0,0,172,74073725,1,160,19829000
1724385866881000,10681,1807764597,0,0,172,74073725,1,160,20115000
1724385886771000,10682,1807764757,0,0,172,74073725,1,160,19890000
1724385906745000,10683,1807764917,0,0,172,74073725,1,160,19974000
1724385926793000,10684,1807765077,0,0,172,74073725,1,160,20048000
1724385946652000,10685,1807765237,0,0,172,74073725,1,160,19859000
1724385966884000,10686,1807765397,0,0,172,74073725,1,160,20232000
1724385986764000,10687,1807765557,0,0,172,74073725,1,160,19880000
1724386008490000,10688,1807765717,0,0,172,74073725,1,160,21726000
1724386026836000,10689,1807765877,0,0,172,74073725,1,160,18346000
1724386046822000,10690,1807766037,0,0,172,74073725,1,160,19986000
1724386066738000,10691,1807766197,0,0,172,74073725,1,160,19916000
1724386086937000,10692,1807766357,0,0,172,74073725,1,160,20199000
1724386106342000,10693,1807766517,0,0,172,74073725,1,160,19405000
1724386126786000,10694,1807766677,0,0,172,74073725,1,160,20444000
1724386146696000,10695,1807766837,0,0,172,74073725,1,160,19910000
1724386167241000,10696,1807766997,0,0,172,74073725,1,160,20545000
1724386186740000,10697,1807767157,0,0,172,74073725,1,160,19499000
1724386206695000,10698,1807767317,0,0,172,74073725,1,160,19955000
1724386226714000,10699,1807767477,0,0,172,74073725,1,160,20019000
1724386246656000,10700,1807767637,0,0,172,74073725,1,160,19942000
1724386266742000,10701,1807767797,0,0,172,74073725,1,160,20086000
1724386286631000,10702,1807767957,0,0,172,74073725,1,160,19889000
1724386306691000,10703,1807768117,0,0,172,74073725,1,160,20060000
1724386326720000,10704,1807768277,0,0,172,74073725,1,160,20029000
1724386346677000,10705,1807768437,0,0,172,74073725,1,160,19957000
1724386366823000,10706,1807768597,0,0,172,74073725,1,160,20146000
1724386386565000,10707,1807768757,0,0,172,74073725,1,160,19742000
1724386411902000,10708,1807768917,0,0,172,74073725,1,160,25337000
1724386426834000,10709,1807769077,0,0,172,74073725,1,160,14932000
1724386446813000,10710,1807769237,0,0,172,74073725,1,160,19979000
1724386468232000,10711,1807769397,0,0,172,74073725,1,160,21419000
1724386486790000,10712,1807769557,0,0,172,74073725,1,160,18558000
1724386506793000,10713,1807769717,0,0,172,74073725,1,160,20003000
1724386526858000,10714,1807769877,0,0,172,74073725,1,160,20065000
1724386546658000,10715,1807770037,0,0,172,74073725,1,160,19800000
1724386566749000,10716,1807770197,0,0,172,74073725,1,160,20091000
1724386586635000,10717,1807770357,0,0,172,74073725,1,160,19886000
1724386606868000,10718,1807770517,0,0,172,74073725,1,160,20233000
1724386626572000,10719,1807770677,0,0,172,74073725,1,160,19704000
1724386646671000,10720,1807770837,0,0,172,74073725,1,160,20099000
1724386666799000,10721,1807770997,0,0,172,74073725,1,160,20128000
1724386686735000,10722,1807771157,0,0,172,74073725,1,160,19936000
1724386706594000,10723,1807771317,0,0,172,74073725,1,160,19859000
1724386726841000,10724,1807771477,0,0,172,74073725,1,160,20247000
1724386746462000,10725,1807771637,0,0,172,74073725,1,160,19621000
1724386766710000,10726,1807771797,0,0,172,74073725,1,160,20248000
1724386786494000,10727,1807771957,0,0,172,74073725,1,160,19784000
1724386806744000,10728,1807772117,0,0,172,74073725,1,160,20250000
1724386826855000,10729,1807772277,0,0,172,74073725,1,160,20111000
1724386846588000,10730,1807772437,0,0,172,74073725,1,160,19733000
1724386866793000,10731,1807772597,0,0,172,74073725,1,160,20205000
1724386886581000,10732,1807772757,0,0,172,74073725,1,160,19788000
1724386906636000,10733,1807772917,0,0,172,74073725,1,160,20055000
1724386926759000,10734,1807773077,0,0,172,74073725,1,160,20123000
1724386946610000,10735,1807773237,0,0,172,74073725,1,160,19851000
1724386966622000,10736,1807773397,0,0,172,74073725,1,160,20012000
1724386986720000,10737,1807773557,0,0,172,74073725,1,160,20098000
1724387006786000,10738,1807773717,0,0,172,74073725,1,160,20066000
1724387026716000,10739,1807773877,0,0,172,74073725,1,160,19930000
1724387046663000,10740,1807774037,0,0,172,74073725,1,160,19947000
1724387066766000,10741,1807774197,0,0,172,74073725,1,160,20103000
1724387086899000,10742,1807774357,0,0,172,74073725,1,160,20133000
1724387106554000,10743,1807774517,0,0,172,74073725,1,160,19655000
1724387126686000,10744,1807774677,0,0,172,74073725,1,160,20132000
1724387146650000,10745,1807774837,0,0,172,74073725,1,160,19964000
1724387166631000,10746,1807774997,0,0,172,74073725,1,160,19981000
1724387186559000,10747,1807775157,0,0,172,74073725,1,160,19928000
1724387206706000,10748,1807775317,0,0,172,74073725,1,160,20147000
1724387226664000,10749,1807775477,0,0,172,74073725,1,160,19958000
1724387246638000,10750,1807775637,0,0,172,74073725,1,160,19974000
1724387266705000,10751,1807775797,0,0,172,74073725,1,160,20067000
1724387286767000,10752,1807775957,0,0,172,74073725,1,160,20062000
1724387306516000,10753,1807776117,0,0,172,74073725,1,160,19749000
1724387326763000,10754,1807776277,0,0,172,74073725,1,160,20247000
1724387346660000,10755,1807776437,0,0,172,74073725,1,160,19897000
1724387366567000,10756,1807776597,0,0,172,74073725,1,160,19907000
1724387386513000,10757,1807776757,0,0,172,74073725,1,160,19946000
1724387406879000,10758,1807776917,0,0,172,74073725,1,160,20366000
1724387426917000,10759,1807777077,0,0,172,74073725,1,160,20038000
1724387446899000,10760,1807777237,0,0,172,74073725,1,160,19982000
1724387466874000,10761,1807777397,0,0,172,74073725,1,160,19975000
1724387486474000,10762,1807777557,0,0,172,74073725,1,160,19600000
1724387506702000,10763,1807777717,0,0,172,74073725,1,160,20228000
1724387526798000,10764,1807777877,0,0,172,74073725,1,160,20096000
1724387546694000,10765,1807778037,0,0,172,74073725,1,160,19896000
1724387566805000,10766,1807778197,0,0,172,74073725,1,160,20111000
1724387588902000,10767,1807778357,0,0,172,74073725,1,160,22097000
1724387610142000,10768,1807778517,0,0,172,74073725,1,160,21240000
1724387626888000,10769,1807778677,0,0,172,74073725,1,160,16746000
1724387649517000,10770,1807778837,0,0,172,74073725,1,160,22629000
1724387667204000,10771,1807778997,0,0,172,74073725,1,160,17687000
1724387686742000,10772,1807779157,0,0,172,74073725,1,160,19538000
1724387706565000,10773,1807779317,0,0,172,74073725,1,160,19823000
1724387726632000,10774,1807779477,0,0,172,74073725,1,160,20067000
1724387746479000,10775,1807779637,0,0,172,74073725,1,160,19847000
1724387766532000,10776,1807779797,0,0,172,74073725,1,160,20053000
1724387788090000,10777,1807779957,0,0,172,74073725,1,160,21558000
1724387809536000,10778,1807780117,0,0,172,74073725,1,160,21446000
1724387827303000,10779,1807780277,0,0,172,74073725,1,160,17767000
1724387846654000,10780,1807780437,0,0,172,74073725,1,160,19351000
1724387866577000,10781,1807780597,0,0,172,74073725,1,160,19923000
1724387886571000,10782,1807780757,0,0,172,74073725,1,160,19994000
1724387906546000,10783,1807780917,0,0,172,74073725,1,160,19975000
1724387926560000,10784,1807781077,0,0,172,74073725,1,160,20014000
1724387947107000,10785,1807781237,0,0,172,74073725,1,160,20547000
1724387966480000,10786,1807781397,0,0,172,74073725,1,160,19373000
1724387987194000,10787,1807781557,0,0,172,74073725,1,160,20714000
1724388007116000,10788,1807781717,0,0,172,74073725,1,160,19922000
1724388026617000,10789,1807781877,0,0,172,74073725,1,160,19501000
1724388046465000,10790,1807782037,0,0,172,74073725,1,160,19848000
1724388066491000,10791,1807782197,0,0,172,74073725,1,160,20026000
1724388086723000,10792,1807782357,0,0,172,74073725,1,160,20232000
1724388106545000,10793,1807782517,0,0,172,74073725,1,160,19822000
1724388126539000,10794,1807782677,0,0,172,74073725,1,160,19994000
1724388146605000,10795,1807782837,0,0,172,74073725,1,160,20066000
1724388166718000,10796,1807782997,0,0,172,74073725,1,160,20113000
1724388186545000,10797,1807783157,0,0,172,74073725,1,160,19827000
1724388206825000,10798,1807783317,0,0,172,74073725,1,160,20280000
1724388226686000,10799,1807783477,0,0,172,74073725,1,160,19861000
1724388246597000,10800,1807783637,0,0,172,74073725,1,160,19911000
1724388266619000,10801,1807783797,0,0,172,74073725,1,160,20022000
1724388286633000,10802,1807783957,0,0,172,74073725,1,160,20014000
1724388306460000,10803,1807784117,0,0,172,74073725,1,160,19827000
1724388326667000,10804,1807784277,0,0,172,74073725,1,160,20207000
1724388346720000,10805,1807784437,0,0,172,74073725,1,160,20053000
1724388366724000,10806,1807784597,0,0,172,74073725,1,160,20004000
1724388386952000,10807,1807784757,0,0,172,74073725,1,160,20228000
1724388411716000,10808,1807784917,0,0,172,74073725,1,160,24764000
1724388427796000,10809,1807785077,0,0,172,74073725,1,160,16080000
1724388446598000,10810,1807785237,0,0,172,74073725,1,160,18802000
1724388466760000,10811,1807785397,0,0,172,74073725,1,160,20162000
1724388486670000,10812,1807785557,0,0,172,74073725,1,160,19910000
1724388506653000,10813,1807785717,0,0,172,74073725,1,160,19983000
1724388526907000,10814,1807785877,0,0,172,74073725,1,160,20254000
1724388546694000,10815,1807786037,0,0,172,74073725,1,160,19787000
1724388566804000,10816,1807786197,0,0,172,74073725,1,160,20110000
1724388586656000,10817,1807786357,0,0,172,74073725,1,160,19852000
1724388606837000,10818,1807786517,0,0,172,74073725,1,160,20181000
1724388626807000,10819,1807786677,0,0,172,74073725,1,160,19970000
1724388646820000,10820,1807786837,0,0,172,74073725,1,160,20013000
1724388666813000,10821,1807786997,0,0,172,74073725,1,160,19993000
1724388686682000,10822,1807787157,0,0,172,74073725,1,160,19869000
1724388706916000,10823,1807787317,0,0,172,74073725,1,160,20234000
1724388726776000,10824,1807787477,0,0,172,74073725,1,160,19860000
1724388746665000,10825,1807787637,0,0,172,74073725,1,160,19889000
1724388766726000,10826,1807787797,0,0,172,74073725,1,160,20061000
1724388786790000,10827,1807787957,0,0,172,74073725,1,160,20064000
1724388806970000,10828,1807788117,0,0,172,74073725,1,160,20180000
1724388826461000,10829,1807788277,0,0,172,74073725,1,160,19491000
1724388846458000,10830,1807788437,0,0,172,74073725,1,160,19997000
1724388866694000,10831,1807788597,0,0,172,74073725,1,160,20236000
1724388886589000,10832,1807788757,0,0,172,74073725,1,160,19895000
1724388906775000,10833,1807788917,0,0,172,74073725,1,160,20186000
1724388926613000,10834,1807789077,0,0,172,74073725,1,160,19838000
1724388946800000,10835,1807789237,0,0,172,74073725,1,160,20187000
1724388966433000,10836,1807789397,0,0,172,74073725,1,160,19633000
1724388986762000,10837,1807789557,0,0,172,74073725,1,160,20329000
1724389006367000,10838,1807789717,0,0,172,74073725,1,160,19605000
1724389027013000,10839,1807789877,0,0,172,74073725,1,160,20646000
1724389046575000,10840,1807790037,0,0,172,74073725,1,160,19562000
1724389066539000,10841,1807790197,0,0,172,74073725,1,160,19964000
1724389087121000,10842,1807790357,0,0,172,74073725,1,160,20582000
1724389106576000,10843,1807790517,0,0,172,74073725,1,160,19455000
1724389126384000,10844,1807790677,0,0,172,74073725,1,160,19808000
1724389148499000,10845,1807790837,0,0,172,74073725,1,160,22115000
1724389166024000,10846,1807790997,0,0,172,74073725,1,160,17525000
1724389186465000,10847,1807791157,0,0,172,74073725,1,160,20441000
1724389206472000,10848,1807791317,0,0,172,74073725,1,160,20007000
1724389226321000,10849,1807791477,0,0,172,74073725,1,160,19849000
1724389246551000,10850,1807791637,0,0,172,74073725,1,160,20230000
1724389266610000,10851,1807791797,0,0,172,74073725,1,160,20059000
1724389286693000,10852,1807791957,0,0,172,74073725,1,160,20083000
1724389306535000,10853,1807792117,0,0,172,74073725,1,160,19842000
1724389326738000,10854,1807792277,0,0,172,74073725,1,160,20203000
1724389346245000,10855,1807792437,0,0,172,74073725,1,160,19507000
1724389366178000,10856,1807792597,0,0,172,74073725,1,160,19933000
1724389386195000,10857,1807792757,0,0,172,74073725,1,160,20017000
1724389411427000,10858,1807792917,0,0,172,74073725,1,160,25232000
1724389426501000,10859,1807793077,0,0,172,74073725,1,160,15074000
1724389446723000,10860,1807793237,0,0,172,74073725,1,160,20222000
1724389466506000,10861,1807793397,0,0,172,74073725,1,160,19783000
1724389486345000,10862,1807793557,0,0,172,74073725,1,160,19839000
1724389506534000,10863,1807793717,0,0,172,74073725,1,160,20189000
1724389526633000,10864,1807793877,0,0,172,74073725,1,160,20099000
1724389546517000,10865,1807794037,0,0,172,74073725,1,160,19884000
1724389566640000,10866,1807794197,0,0,172,74073725,1,160,20123000
1724389586553000,10867,1807794357,0,0,172,74073725,1,160,19913000
1724389607241000,10868,1807794517,0,0,172,74073725,1,160,20688000
1724389626609000,10869,1807794677,0,0,172,74073725,1,160,19368000
1724389646609000,10870,1807794837,0,0,172,74073725,1,160,20000000
1724389666729000,10871,1807794997,0,0,172,74073725,1,160,20120000
1724389687012000,10872,1807795157,0,0,172,74073725,1,160,20283000
1724389706788000,10873,1807795317,0,0,172,74073725,1,160,19776000
1724389727452000,10874,1807795477,0,0,172,74073725,1,160,20664000
1724389746579000,10875,1807795637,0,0,172,74073725,1,160,19127000
1724389766597000,10876,1807795797,0,0,172,74073725,1,160,20018000
1724389786612000,10877,1807795957,0,0,172,74073725,1,160,20015000
1724389806429000,10878,1807796117,0,0,172,74073725,1,160,19817000
1724389826168000,10879,1807796277,0,0,172,74073725,1,160,19739000
1724389846258000,10880,1807796437,0,0,172,74073725,1,160,20090000
1724389867770000,10881,1807796597,0,0,172,74073725,1,160,21512000
1724389886282000,10882,1807796757,0,0,172,74073725,1,160,18512000
1724389906374000,10883,1807796917,0,0,172,74073725,1,160,20092000
1724389926720000,10884,1807797077,0,0,172,74073725,1,160,20346000
1724389946439000,10885,1807797237,0,0,172,74073725,1,160,19719000
1724389966537000,10886,1807797397,0,0,172,74073725,1,160,20098000
1724389986565000,10887,1807797557,0,0,172,74073725,1,160,20028000
1724390006541000,10888,1807797717,0,0,172,74073725,1,160,19976000
1724390026522000,10889,1807797877,0,0,172,74073725,1,160,19981000
1724390046451000,10890,1807798037,0,0,172,74073725,1,160,19929000
1724390066623000,10891,1807798197,0,0,172,74073725,1,160,20172000
1724390086322000,10892,1807798357,0,0,172,74073725,1,160,19699000
1724390106603000,10893,1807798517,0,0,172,74073725,1,160,20281000
1724390126663000,10894,1807798677,0,0,172,74073725,1,160,20060000
1724390146523000,10895,1807798837,0,0,172,74073725,1,160,19860000
1724390166594000,10896,1807798997,0,0,172,74073725,1,160,20071000
1724390186257000,10897,1807799157,0,0,172,74073725,1,160,19663000
1724390206574000,10898,1807799317,0,0,172,74073725,1,160,20317000
1724390226328000,10899,1807799477,0,0,172,74073725,1,160,19754000
1724390246474000,10900,1807799637,0,0,172,74073725,1,160,20146000
1724390266550000,10901,1807799797,0,0,172,74073725,1,160,20076000
1724390286476000,10902,1807799957,0,0,172,74073725,1,160,19926000
1724390306980000,10903,1807800117,0,0,172,74073725,1,160,20504000
1724390326534000,10904,1807800277,0,0,172,74073725,1,160,19554000
1724390346572000,10905,1807800437,0,0,172,74073725,1,160,20038000
1724390366723000,10906,1807800597,0,0,172,74073725,1,160,20151000
1724390386485000,10907,1807800757,0,0,172,74073725,1,160,19762000
1724390411548000,10908,1807800917,0,0,172,74073725,1,160,25063000
1724390426605000,10909,1807801077,0,0,172,74073725,1,160,15057000
1724390446575000,10910,1807801237,0,0,172,74073725,1,160,19970000
1724390466560000,10911,1807801397,0,0,172,74073725,1,160,19985000
1724390486567000,10912,1807801557,0,0,172,74073725,1,160,20007000
1724390506578000,10913,1807801717,0,0,172,74073725,1,160,20011000
1724390526337000,10914,1807801877,0,0,172,74073725,1,160,19759000
1724390546740000,10915,1807802037,0,0,172,74073725,1,160,20403000
1724390566600000,10916,1807802197,0,0,172,74073725,1,160,19860000
1724390586462000,10917,1807802357,0,0,172,74073725,1,160,19862000
1724390606525000,10918,1807802517,0,0,172,74073725,1,160,20063000
1724390626616000,10919,1807802677,0,0,172,74073725,1,160,20091000
1724390646508000,10920,1807802837,0,0,172,74073725,1,160,19892000
1724390666618000,10921,1807802997,0,0,172,74073725,1,160,20110000
1724390686309000,10922,1807803157,0,0,172,74073725,1,160,19691000
1724390706586000,10923,1807803317,0,0,172,74073725,1,160,20277000
1724390726603000,10924,1807803477,0,0,172,74073725,1,160,20017000
1724390746663000,10925,1807803637,0,0,172,74073725,1,160,20060000
1724390766624000,10926,1807803797,0,0,172,74073725,1,160,19961000
1724390786492000,10927,1807803957,0,0,172,74073725,1,160,19868000
1724390805971000,10928,1807804117,0,0,172,74073725,1,160,19479000
1724390826594000,10929,1807804277,0,0,172,74073725,1,160,20623000
1724390846616000,10930,1807804437,0,0,172,74073725,1,160,20022000
1724390866669000,10931,1807804597,0,0,172,74073725,1,160,20053000
1724390886328000,10932,1807804757,0,0,172,74073725,1,160,19659000
1724390906590000,10933,1807804917,0,0,172,74073725,1,160,20262000
1724390926573000,10934,1807805077,0,0,172,74073725,1,160,19983000
1724390946531000,10935,1807805237,0,0,172,74073725,1,160,19958000
1724390966613000,10936,1807805397,0,0,172,74073725,1,160,20082000
1724390986481000,10937,1807805557,0,0,172,74073725,1,160,19868000
1724391006507000,10938,1807805717,0,0,172,74073725,1,160,20026000
1724391026524000,10939,1807805877,0,0,172,74073725,1,160,20017000
1724391046499000,10940,1807806037,0,0,172,74073725,1,160,19975000
1724391066634000,10941,1807806197,0,0,172,74073725,1,160,20135000
1724391086492000,10942,1807806357,0,0,172,74073725,1,160,19858000
1724391106554000,10943,1807806517,0,0,172,74073725,1,160,20062000
1724391126558000,10944,1807806677,0,0,172,74073725,1,160,20004000
1724391146423000,10945,1807806837,0,0,172,74073725,1,160,19865000
1724391166535000,10946,1807806997,0,0,172,74073725,1,160,20112000
1724391186433000,10947,1807807157,0,0,172,74073725,1,160,19898000
1724391206437000,10948,1807807317,0,0,172,74073725,1,160,20004000
1724391226645000,10949,1807807477,0,0,172,74073725,1,160,20208000
1724391246469000,10950,1807807637,0,0,172,74073725,1,160,19824000
1724391266545000,10951,1807807797,0,0,172,74073725,1,160,20076000
1724391286537000,10952,1807807957,0,0,172,74073725,1,160,19992000
1724391307252000,10953,1807808117,0,0,172,74073725,1,160,20715000
1724391326528000,10954,1807808277,0,0,172,74073725,1,160,19276000
1724391346429000,10955,1807808437,0,0,172,74073725,1,160,19901000
1724391366521000,10956,1807808597,0,0,172,74073725,1,160,20092000
1724391386393000,10957,1807808757,0,0,172,74073725,1,160,19872000
1724391411497000,10958,1807808917,0,0,172,74073725,1,160,25104000
1724391426534000,10959,1807809077,0,0,172,74073725,1,160,15037000
1724391446453000,10960,1807809237,0,0,172,74073725,1,160,19919000
1724391466495000,10961,1807809397,0,0,172,74073725,1,160,20042000
1724391486345000,10962,1807809557,0,0,172,74073725,1,160,19850000
1724391506586000,10963,1807809717,0,0,172,74073725,1,160,20241000
1724391526611000,10964,1807809877,0,0,172,74073725,1,160,20025000
1724391546415000,10965,1807810037,0,0,172,74073725,1,160,19804000
1724391566428000,10966,1807810197,0,0,172,74073725,1,160,20013000
1724391586382000,10967,1807810357,0,0,172,74073725,1,160,19954000
1724391606661000,10968,1807810517,0,0,172,74073725,1,160,20279000
1724391626616000,10969,1807810677,0,0,172,74073725,1,160,19955000
1724391646400000,10970,1807810837,0,0,172,74073725,1,160,19784000
1724391666433000,10971,1807810997,0,0,172,74073725,1,160,20033000
1724391686466000,10972,1807811157,0,0,172,74073725,1,160,20033000
1724391706581000,10973,1807811317,0,0,172,74073725,1,160,20115000
1724391726549000,10974,1807811477,0,0,172,74073725,1,160,19968000
1724391746682000,10975,1807811637,0,0,172,74073725,1,160,20133000
1724391766503000,10976,1807811797,0,0,172,74073725,1,160,19821000
1724391786600000,10977,1807811957,0,0,172,74073725,1,160,20097000
1724391806499000,10978,1807812117,0,0,172,74073725,1,160,19899000
1724391826488000,10979,1807812277,0,0,172,74073725,1,160,19989000
1724391847361000,10980,1807812437,0,0,172,74073725,1,160,20873000
1724391866516000,10981,1807812597,0,0,172,74073725,1,160,19155000
1724391886462000,10982,1807812757,0,0,172,74073725,1,160,19946000
1724391906444000,10983,1807812917,0,0,172,74073725,1,160,19982000
1724391926567000,10984,1807813077,0,0,172,74073725,1,160,20123000
1724391946578000,10985,1807813237,0,0,172,74073725,1,160,20011000
1724391967135000,10986,1807813397,0,0,172,74073725,1,160,20557000
1724391986531000,10987,1807813557,0,0,172,74073725,1,160,19396000
1724392006663000,10988,1807813717,0,0,172,74073725,1,160,20132000
1724392026486000,10989,1807813877,0,0,172,74073725,1,160,19823000
1724392046450000,10990,1807814037,0,0,172,74073725,1,160,19964000
1724392066516000,10991,1807814197,0,0,172,74073725,1,160,20066000
1724392086112000,10992,1807814357,0,0,172,74073725,1,160,19596000
1724392106560000,10993,1807814517,0,0,172,74073725,1,160,20448000
1724392126544000,10994,1807814677,0,0,172,74073725,1,160,19984000
1724392146394000,10995,1807814837,0,0,172,74073725,1,160,19850000
1724392166493000,10996,1807814997,0,0,172,74073725,1,160,20099000
1724392186317000,10997,1807815157,0,0,172,74073725,1,160,19824000
1724392206388000,10998,1807815317,0,0,172,74073725,1,160,20071000
1724392226568000,10999,1807815477,0,0,172,74073725,1,160,20180000
1724392246354000,11000,1807815637,0,0,172,74073725,1,160,19786000
1724392266494000,11001,1807815797,0,0,172,74073725,1,160,20140000
1724392286331000,11002,1807815957,0,0,172,74073725,1,160,19837000
1724392306335000,11003,1807816117,0,0,172,74073725,1,160,20004000
1724392326589000,11004,1807816277,0,0,172,74073725,1,160,20254000
1724392346356000,11005,1807816437,0,0,172,74073725,1,160,19767000
1724392366506000,11006,1807816597,0,0,172,74073725,1,160,20150000
1724392386381000,11007,1807816757,0,0,172,74073725,1,160,19875000
1724392411506000,11008,1807816917,0,0,172,74073725,1,160,25125000
1724392426531000,11009,1807817077,0,0,172,74073725,1,160,15025000
1724392446317000,11010,1807817237,0,0,172,74073725,1,160,19786000
1724392466512000,11011,1807817397,0,0,172,74073725,1,160,20195000
1724392486333000,11012,1807817557,0,0,172,74073725,1,160,19821000
1724392506447000,11013,1807817717,0,0,172,74073725,1,160,20114000
1724392526516000,11014,1807817877,0,0,172,74073725,1,160,20069000
1724392546949000,11015,1807818037,0,0,172,74073725,1,160,20433000
1724392566406000,11016,1807818197,0,0,172,74073725,1,160,19457000
1724392586210000,11017,1807818357,0,0,172,74073725,1,160,19804000
1724392606579000,11018,1807818517,0,0,172,74073725,1,160,20369000
1724392626430000,11019,1807818677,0,0,172,74073725,1,160,19851000
1724392646515000,11020,1807818837,0,0,172,74073725,1,160,20085000
1724392666560000,11021,1807818997,0,0,172,74073725,1,160,20045000
1724392687323000,11022,1807819157,0,0,172,74073725,1,160,20763000
1724392706658000,11023,1807819317,0,0,172,74073725,1,160,19335000
1724392729600000,11024,1807819477,0,0,172,74073725,1,160,22942000
1724392746446000,11025,1807819637,0,0,172,74073725,1,160,16846000
1724392766359000,11026,1807819797,0,0,172,74073725,1,160,19913000
1724392786391000,11027,1807819957,0,0,172,74073725,1,160,20032000
1724392807732000,11028,1807820117,0,0,172,74073725,1,160,21341000
1724392826548000,11029,1807820277,0,0,172,74073725,1,160,18816000
1724392846267000,11030,1807820437,0,0,172,74073725,1,160,19719000
1724392866561000,11031,1807820597,0,0,172,74073725,1,160,20294000
1724392886390000,11032,1807820757,0,0,172,74073725,1,160,19829000
1724392906477000,11033,1807820917,0,0,172,74073725,1,160,20087000
1724392926616000,11034,1807821077,0,0,172,74073725,1,160,20139000
1724392946406000,11035,1807821237,0,0,172,74073725,1,160,19790000
1724392966393000,11036,1807821397,0,0,172,74073725,1,160,19987000
1724392986366000,11037,1807821557,0,0,172,74073725,1,160,19973000
1724393006602000,11038,1807821717,0,0,172,74073725,1,160,20236000
1724393026554000,11039,1807821877,0,0,172,74073725,1,160,19952000
1724393046388000,11040,1807822037,0,0,172,74073725,1,160,19834000
1724393066482000,11041,1807822197,0,0,172,74073725,1,160,20094000
1724393086617000,11042,1807822357,0,0,172,74073725,1,160,20135000
1724393106462000,11043,1807822517,0,0,172,74073725,1,160,19845000
1724393126318000,11044,1807822677,0,0,172,74073725,1,160,19856000
1724393146328000,11045,1807822837,0,0,172,74073725,1,160,20010000
1724393166469000,11046,1807822997,0,0,172,74073725,1,160,20141000
1724393186401000,11047,1807823157,0,0,172,74073725,1,160,19932000
1724393206499000,11048,1807823317,0,0,172,74073725,1,160,20098000
1724393226494000,11049,1807823477,0,0,172,74073725,1,160,19995000
1724393246364000,11050,1807823637,0,0,172,74073725,1,160,19870000
1724393266432000,11051,1807823797,0,0,172,74073725,1,160,20068000
1724393286350000,11052,1807823957,0,0,172,74073725,1,160,19918000
1724393306890000,11053,1807824117,0,0,172,74073725,1,160,20540000
1724393326649000,11054,1807824277,0,0,172,74073725,1,160,19759000
1724393346271000,11055,1807824437,0,0,172,74073725,1,160,19622000
1724393366437000,11056,1807824597,0,0,172,74073725,1,160,20166000
1724393386293000,11057,1807824757,0,0,172,74073725,1,160,19856000
1724393411379000,11058,1807824917,0,0,172,74073725,1,160,25086000
1724393426507000,11059,1807825077,0,0,172,74073725,1,160,15128000
1724393446353000,11060,1807825237,0,0,172,74073725,1,160,19846000
1724393466433000,11061,1807825397,0,0,172,74073725,1,160,20080000
1724393486318000,11062,1807825557,0,0,172,74073725,1,160,19885000
1724393506287000,11063,1807825717,0,0,172,74073725,1,160,19969000
1724393526519000,11064,1807825877,0,0,172,74073725,1,160,20232000
1724393546504000,11065,1807826037,0,0,172,74073725,1,160,19985000
1724393566793000,11066,1807826197,0,0,172,74073725,1,160,20289000
1724393586334000,11067,1807826357,0,0,172,74073725,1,160,19541000
1724393606364000,11068,1807826517,0,0,172,74073725,1,160,20030000
1724393626472000,11069,1807826677,0,0,172,74073725,1,160,20108000
1724393646374000,11070,1807826837,0,0,172,74073725,1,160,19902000
1724393666437000,11071,1807826997,0,0,172,74073725,1,160,20063000
1724393686073000,11072,1807827157,0,0,172,74073725,1,160,19636000
1724393706517000,11073,1807827317,0,0,172,74073725,1,160,20444000
1724393727075000,11074,1807827477,0,0,172,74073725,1,160,20558000
1724393747105000,11075,1807827637,0,0,172,74073725,1,160,20030000
1724393767070000,11076,1807827797,0,0,172,74073725,1,160,19965000
1724393786450000,11077,1807827957,0,0,172,74073725,1,160,19380000
1724393806335000,11078,1807828117,0,0,172,74073725,1,160,19885000
1724393827045000,11079,1807828277,0,0,172,74073725,1,160,20710000
1724393846332000,11080,1807828437,0,0,172,74073725,1,160,19287000
1724393866587000,11081,1807828597,0,0,172,74073725,1,160,20255000
1724393886317000,11082,1807828757,0,0,172,74073725,1,160,19730000
1724393906598000,11083,1807828917,0,0,172,74073725,1,160,20281000
1724393926403000,11084,1807829077,0,0,172,74073725,1,160,19805000
1724393946349000,11085,1807829237,0,0,172,74073725,1,160,19946000
1724393967063000,11086,1807829397,0,0,172,74073725,1,160,20714000
1724393986362000,11087,1807829557,0,0,172,74073725,1,160,19299000
1724394006323000,11088,1807829717,0,0,172,74073725,1,160,19961000
1724394026368000,11089,1807829877,0,0,172,74073725,1,160,20045000
1724394046318000,11090,1807830037,0,0,172,74073725,1,160,19950000
1724394066406000,11091,1807830197,0,0,172,74073725,1,160,20088000
1724394086580000,11092,1807830357,0,0,172,74073725,1,160,20174000
1724394106462000,11093,1807830517,0,0,172,74073725,1,160,19882000
1724394126443000,11094,1807830677,0,0,172,74073725,1,160,19981000
1724394146336000,11095,1807830837,0,0,172,74073725,1,160,19893000
1724394166521000,11096,1807830997,0,0,172,74073725,1,160,20185000
1724394186326000,11097,1807831157,0,0,172,74073725,1,160,19805000
1724394206467000,11098,1807831317,0,0,172,74073725,1,160,20141000
1724394226450000,11099,1807831477,0,0,172,74073725,1,160,19983000
1724394246325000,11100,1807831637,0,0,172,74073725,1,160,19875000
1724394266424000,11101,1807831797,0,0,172,74073725,1,160,20099000
1724394286294000,11102,1807831957,0,0,172,74073725,1,160,19870000
1724394306867000,11103,1807832117,0,0,172,74073725,1,160,20573000
1724394326522000,11104,1807832277,0,0,172,74073725,1,160,19655000
1724394346361000,11105,1807832437,0,0,172,74073725,1,160,19839000
1724394366438000,11106,1807832597,0,0,172,74073725,1,160,20077000
1724394386290000,11107,1807832757,0,0,172,74073725,1,160,19852000
1724394411533000,11108,1807832917,0,0,172,74073725,1,160,25243000
1724394426387000,11109,1807833077,0,0,172,74073725,1,160,14854000
1724394446302000,11110,1807833237,0,0,172,74073725,1,160,19915000
1724394466475000,11111,1807833397,0,0,172,74073725,1,160,20173000
1724394486281000,11112,1807833557,0,0,172,74073725,1,160,19806000
1724394506361000,11113,1807833717,0,0,172,74073725,1,160,20080000
1724394526424000,11114,1807833877,0,0,172,74073725,1,160,20063000
1724394546233000,11115,1807834037,0,0,172,74073725,1,160,19809000
1724394566398000,11116,1807834197,0,0,172,74073725,1,160,20165000
1724394586375000,11117,1807834357,0,0,172,74073725,1,160,19977000
1724394606535000,11118,1807834517,0,0,172,74073725,1,160,20160000
1724394627165000,11119,1807834677,0,0,172,74073725,1,160,20630000
1724394646314000,11120,1807834837,0,0,172,74073725,1,160,19149000
1724394666448000,11121,1807834997,0,0,172,74073725,1,160,20134000
1724394686285000,11122,1807835157,0,0,172,74073725,1,160,19837000
1724394706438000,11123,1807835317,0,0,172,74073725,1,160,20153000
1724394726189000,11124,1807835477,0,0,172,74073725,1,160,19751000
1724394746372000,11125,1807835637,0,0,172,74073725,1,160,20183000
1724394766216000,11126,1807835797,0,0,172,74073725,1,160,19844000
1724394786516000,11127,1807835957,0,0,172,74073725,1,160,20300000
1724394806266000,11128,1807836117,0,0,172,74073725,1,160,19750000
1724394826533000,11129,1807836277,0,0,172,74073725,1,160,20267000
1724394846335000,11130,1807836437,0,0,172,74073725,1,160,19802000
1724394866430000,11131,1807836597,0,0,172,74073725,1,160,20095000
1724394886320000,11132,1807836757,0,0,172,74073725,1,160,19890000
1724394906395000,11133,1807836917,0,0,172,74073725,1,160,20075000
1724394926423000,11134,1807837077,0,0,172,74073725,1,160,20028000
1724394946275000,11135,1807837237,0,0,172,74073725,1,160,19852000
1724394966408000,11136,1807837397,0,0,172,74073725,1,160,20133000
1724394986484000,11137,1807837557,0,0,172,74073725,1,160,20076000
1724395006529000,11138,1807837717,0,0,172,74073725,1,160,20045000
1724395026317000,11139,1807837877,0,0,172,74073725,1,160,19788000
1724395046374000,11140,1807838037,0,0,172,74073725,1,160,20057000
1724395066405000,11141,1807838197,0,0,172,74073725,1,160,20031000
1724395086626000,11142,1807838357,0,0,172,74073725,1,160,20221000
1724395106450000,11143,1807838517,0,0,172,74073725,1,160,19824000
1724395126330000,11144,1807838677,0,0,172,74073725,1,160,19880000
1724395146234000,11145,1807838837,0,0,172,74073725,1,160,19904000
1724395166421000,11146,1807838997,0,0,172,74073725,1,160,20187000
1724395186173000,11147,1807839157,0,0,172,74073725,1,160,19752000
1724395206383000,11148,1807839317,0,0,172,74073725,1,160,20210000
1724395226324000,11149,1807839477,0,0,172,74073725,1,160,19941000
1724395246252000,11150,1807839637,0,0,172,74073725,1,160,19928000
1724395266342000,11151,1807839797,0,0,172,74073725,1,160,20090000
1724395286190000,11152,1807839957,0,0,172,74073725,1,160,19848000
1724395306296000,11153,1807840117,0,0,172,74073725,1,160,20106000
1724395326202000,11154,1807840277,0,0,172,74073725,1,160,19906000
1724395346277000,11155,1807840437,0,0,172,74073725,1,160,20075000
1724395366884000,11156,1807840597,0,0,172,74073725,1,160,20607000
1724395386280000,11157,1807840757,0,0,172,74073725,1,160,19396000
1724395411401000,11158,1807840917,0,0,172,74073725,1,160,25121000
1724395426426000,11159,1807841077,0,0,172,74073725,1,160,15025000
1724395446332000,11160,1807841237,0,0,172,74073725,1,160,19906000
1724395466336000,11161,1807841397,0,0,172,74073725,1,160,20004000
1724395486251000,11162,1807841557,0,0,172,74073725,1,160,19915000
1724395506360000,11163,1807841717,0,0,172,74073725,1,160,20109000
1724395526356000,11164,1807841877,0,0,172,74073725,1,160,19996000
1724395546269000,11165,1807842037,0,0,172,74073725,1,160,19913000
1724395566244000,11166,1807842197,0,0,172,74073725,1,160,19975000
1724395586216000,11167,1807842357,0,0,172,74073725,1,160,19972000
1724395606133000,11168,1807842517,0,0,172,74073725,1,160,19917000
1724395626279000,11169,1807842677,0,0,172,74073725,1,160,20146000
1724395646163000,11170,1807842837,0,0,172,74073725,1,160,19884000
1724395666586000,11171,1807842997,0,0,172,74073725,1,160,20423000
1724395686896000,11172,1807843157,0,0,172,74073725,1,160,20310000
1724395706429000,11173,1807843317,0,0,172,74073725,1,160,19533000
1724395726353000,11174,1807843477,0,0,172,74073725,1,160,19924000
1724395746432000,11175,1807843637,0,0,172,74073725,1,160,20079000
1724395766369000,11176,1807843797,0,0,172,74073725,1,160,19937000
1724395786376000,11177,1807843957,0,0,172,74073725,1,160,20007000
1724395806588000,11178,1807844117,0,0,172,74073725,1,160,20212000
1724395826619000,11179,1807844277,0,0,172,74073725,1,160,20031000
1724395846811000,11180,1807844437,0,0,172,74073725,1,160,20192000
1724395866982000,11181,1807844597,0,0,172,74073725,1,160,20171000
1724395886412000,11182,1807844757,0,0,172,74073725,1,160,19430000
1724395906617000,11183,1807844917,0,0,172,74073725,1,160,20205000
1724395926524000,11184,1807845077,0,0,172,74073725,1,160,19907000
1724395946501000,11185,1807845237,0,0,172,74073725,1,160,19977000
1724395966292000,11186,1807845397,0,0,172,74073725,1,160,19791000
1724395986512000,11187,1807845557,0,0,172,74073725,1,160,20220000
1724396006424000,11188,1807845717,0,0,172,74073725,1,160,19912000
1724396026374000,11189,1807845877,0,0,172,74073725,1,160,19950000
1724396046353000,11190,1807846037,0,0,172,74073725,1,160,19979000
1724396066526000,11191,1807846197,0,0,172,74073725,1,160,20173000
1724396086597000,11192,1807846357,0,0,172,74073725,1,160,20071000
1724396106225000,11193,1807846517,0,0,172,74073725,1,160,19628000
1724396126378000,11194,1807846677,0,0,172,74073725,1,160,20153000
1724396146177000,11195,1807846837,0,0,172,74073725,1,160,19799000
1724396166335000,11196,1807846997,0,0,172,74073725,1,160,20158000
1724396186266000,11197,1807847157,0,0,172,74073725,1,160,19931000
1724396206175000,11198,1807847317,0,0,172,74073725,1,160,19909000
1724396226147000,11199,1807847477,0,0,172,74073725,1,160,19972000
1724396246160000,11200,1807847637,0,0,172,74073725,1,160,20013000
1724396266394000,11201,1807847797,0,0,172,74073725,1,160,20234000
1724396286205000,11202,1807847957,0,0,172,74073725,1,160,19811000
1724396306417000,11203,1807848117,0,0,172,74073725,1,160,20212000
1724396326855000,11204,1807848277,0,0,172,74073725,1,160,20438000
1724396346208000,11205,1807848437,0,0,172,74073725,1,160,19353000
1724396366393000,11206,1807848597,0,0,172,74073725,1,160,20185000
1724396386138000,11207,1807848757,0,0,172,74073725,1,160,19745000
1724396411192000,11208,1807848917,0,0,172,74073725,1,160,25054000
1724396426465000,11209,1807849077,0,0,172,74073725,1,160,15273000
1724396446227000,11210,1807849237,0,0,172,74073725,1,160,19762000
1724396466414000,11211,1807849397,0,0,172,74073725,1,160,20187000
1724396486314000,11212,1807849557,0,0,172,74073725,1,160,19900000
1724396506155000,11213,1807849717,0,0,172,74073725,1,160,19841000
1724396526297000,11214,1807849877,0,0,172,74073725,1,160,20142000
1724396546191000,11215,1807850037,0,0,172,74073725,1,160,19894000
1724396566309000,11216,1807850197,0,0,172,74073725,1,160,20118000
1724396586180000,11217,1807850357,0,0,172,74073725,1,160,19871000
1724396606464000,11218,1807850517,0,0,172,74073725,1,160,20284000
1724396626370000,11219,1807850677,0,0,172,74073725,1,160,19906000
1724396646273000,11220,1807850837,0,0,172,74073725,1,160,19903000
1724396666346000,11221,1807850997,0,0,172,74073725,1,160,20073000
1724396686172000,11222,1807851157,0,0,172,74073725,1,160,19826000
1724396706430000,11223,1807851317,0,0,172,74073725,1,160,20258000
1724396726304000,11224,1807851477,0,0,172,74073725,1,160,19874000
1724396746225000,11225,1807851637,0,0,172,74073725,1,160,19921000
1724396766008000,11226,1807851797,0,0,172,74073725,1,160,19783000
1724396786204000,11227,1807851957,0,0,172,74073725,1,160,20196000
1724396806252000,11228,1807852117,0,0,172,74073725,1,160,20048000
1724396826366000,11229,1807852277,0,0,172,74073725,1,160,20114000
1724396846239000,11230,1807852437,0,0,172,74073725,1,160,19873000
1724396866252000,11231,1807852597,0,0,172,74073725,1,160,20013000
1724396886127000,11232,1807852757,0,0,172,74073725,1,160,19875000
1724396906413000,11233,1807852917,0,0,172,74073725,1,160,20286000
1724396926285000,11234,1807853077,0,0,172,74073725,1,160,19872000
1724396946331000,11235,1807853237,0,0,172,74073725,1,160,20046000
1724396966285000,11236,1807853397,0,0,172,74073725,1,160,19954000
1724396986179000,11237,1807853557,0,0,172,74073725,1,160,19894000
1724397006344000,11238,1807853717,0,0,172,74073725,1,160,20165000
1724397026218000,11239,1807853877,0,0,172,74073725,1,160,19874000
1724397046214000,11240,1807854037,0,0,172,74073725,1,160,19996000
1724397066233000,11241,1807854197,0,0,172,74073725,1,160,20019000
1724397086429000,11242,1807854357,0,0,172,74073725,1,160,20196000
1724397106361000,11243,1807854517,0,0,172,74073725,1,160,19932000
1724397126320000,11244,1807854677,0,0,172,74073725,1,160,19959000
1724397146197000,11245,1807854837,0,0,172,74073725,1,160,19877000
1724397166230000,11246,1807854997,0,0,172,74073725,1,160,20033000
1724397186147000,11247,1807855157,0,0,172,74073725,1,160,19917000
1724397206310000,11248,1807855317,0,0,172,74073725,1,160,20163000
1724397226329000,11249,1807855477,0,0,172,74073725,1,160,20019000
1724397246187000,11250,1807855637,0,0,172,74073725,1,160,19858000
1724397266055000,11251,1807855797,0,0,172,74073725,1,160,19868000
1724397286098000,11252,1807855957,0,0,172,74073725,1,160,20043000
1724397306379000,11253,1807856117,0,0,172,74073725,1,160,20281000
1724397326292000,11254,1807856277,0,0,172,74073725,1,160,19913000
1724397346295000,11255,1807856437,0,0,172,74073725,1,160,20003000
1724397366274000,11256,1807856597,0,0,172,74073725,1,160,19979000
1724397386181000,11257,1807856757,0,0,172,74073725,1,160,19907000
1724397410945000,11258,1807856917,0,0,172,74073725,1,160,24764000
1724397426263000,11259,1807857077,0,0,172,74073725,1,160,15318000
1724397446188000,11260,1807857237,0,0,172,74073725,1,160,19925000
1724397466355000,11261,1807857397,0,0,172,74073725,1,160,20167000
1724397486103000,11262,1807857557,0,0,172,74073725,1,160,19748000
1724397506362000,11263,1807857717,0,0,172,74073725,1,160,20259000
1724397526335000,11264,1807857877,0,0,172,74073725,1,160,19973000
1724397546205000,11265,1807858037,0,0,172,74073725,1,160,19870000
1724397566306000,11266,1807858197,0,0,172,74073725,1,160,20101000
1724397586095000,11267,1807858357,0,0,172,74073725,1,160,19789000
1724397606242000,11268,1807858517,0,0,172,74073725,1,160,20147000
1724397626642000,11269,1807858677,0,0,172,74073725,1,160,20400000
1724397646257000,11270,1807858837,0,0,172,74073725,1,160,19615000
1724397666433000,11271,1807858997,0,0,172,74073725,1,160,20176000
1724397686199000,11272,1807859157,0,0,172,74073725,1,160,19766000
1724397706051000,11273,1807859317,0,0,172,74073725,1,160,19852000
1724397726279000,11274,1807859477,0,0,172,74073725,1,160,20228000
1724397746285000,11275,1807859637,0,0,172,74073725,1,160,20006000
1724397766272000,11276,1807859797,0,0,172,74073725,1,160,19987000
1724397785873000,11277,1807859957,0,0,172,74073725,1,160,19601000
1724397806046000,11278,1807860117,0,0,172,74073725,1,160,20173000
1724397826230000,11279,1807860277,0,0,172,74073725,1,160,20184000
1724397849419000,11280,1807860437,0,0,172,74073725,1,160,23189000
1724397866265000,11281,1807860597,0,0,172,74073725,1,160,16846000
1724397886251000,11282,1807860757,0,0,172,74073725,1,160,19986000
1724397906431000,11283,1807860917,0,0,172,74073725,1,160,20180000
1724397926386000,11284,1807861077,0,0,172,74073725,1,160,19955000
1724397946187000,11285,1807861237,0,0,172,74073725,1,160,19801000
1724397966120000,11286,1807861397,0,0,172,74073725,1,160,19933000
1724397987052000,11287,1807861557,0,0,172,74073725,1,160,20932000
1724398006280000,11288,1807861717,0,0,172,74073725,1,160,19228000
1724398026274000,11289,1807861877,0,0,172,74073725,1,160,19994000
1724398046347000,11290,1807862037,0,0,172,74073725,1,160,20073000
1724398066253000,11291,1807862197,0,0,172,74073725,1,160,19906000
1724398086465000,11292,1807862357,0,0,172,74073725,1,160,20212000
1724398106359000,11293,1807862517,0,0,172,74073725,1,160,19894000
1724398126237000,11294,1807862677,0,0,172,74073725,1,160,19878000
1724398146204000,11295,1807862837,0,0,172,74073725,1,160,19967000
1724398166256000,11296,1807862997,0,0,172,74073725,1,160,20052000
1724398186131000,11297,1807863157,0,0,172,74073725,1,160,19875000
1724398206291000,11298,1807863317,0,0,172,74073725,1,160,20160000
1724398226297000,11299,1807863477,0,0,172,74073725,1,160,20006000
1724398246157000,11300,1807863637,0,0,172,74073725,1,160,19860000
1724398266185000,11301,1807863797,0,0,172,74073725,1,160,20028000
1724398286224000,11302,1807863957,0,0,172,74073725,1,160,20039000
1724398306328000,11303,1807864117,0,0,172,74073725,1,160,20104000
1724398326207000,11304,1807864277,0,0,172,74073725,1,160,19879000
1724398346096000,11305,1807864437,0,0,172,74073725,1,160,19889000
1724398366160000,11306,1807864597,0,0,172,74073725,1,160,20064000
1724398386097000,11307,1807864757,0,0,172,74073725,1,160,19937000
1724398406156000,11308,1807864917,0,0,172,74073725,1,160,20059000
1724398426247000,11309,1807865077,0,0,172,74073725,1,160,20091000
1724398446164000,11310,1807865237,0,0,172,74073725,1,160,19917000
1724398466263000,11311,1807865397,0,0,172,74073725,1,160,20099000
1724398486015000,11312,1807865557,0,0,172,74073725,1,160,19752000
1724398506263000,11313,1807865717,0,0,172,74073725,1,160,20248000
1724398526197000,11314,1807865877,0,0,172,74073725,1,160,19934000
1724398546149000,11315,1807866037,0,0,172,74073725,1,160,19952000
1724398566134000,11316,1807866197,0,0,172,74073725,1,160,19985000
1724398586090000,11317,1807866357,0,0,172,74073725,1,160,19956000
1724398606189000,11318,1807866517,0,0,172,74073725,1,160,20099000
1724398626283000,11319,1807866677,0,0,172,74073725,1,160,20094000
1724398647512000,11320,1807866837,0,0,172,74073725,1,160,21229000
1724398666402000,11321,1807866997,0,0,172,74073725,1,160,18890000
1724398686025000,11322,1807867157,0,0,172,74073725,1,160,19623000
1724398706321000,11323,1807867317,0,0,172,74073725,1,160,20296000
1724398726771000,11324,1807867477,0,0,172,74073725,1,160,20450000
1724398746214000,11325,1807867637,0,0,172,74073725,1,160,19443000
1724398766228000,11326,1807867797,0,0,172,74073725,1,160,20014000
1724398786747000,11327,1807867957,0,0,172,74073725,1,160,20519000
1724398806218000,11328,1807868117,0,0,172,74073725,1,160,19471000
1724398826159000,11329,1807868277,0,0,172,74073725,1,160,19941000
1724398846144000,11330,1807868437,0,0,172,74073725,1,160,19985000
1724398866740000,11331,1807868597,0,0,172,74073725,1,160,20596000
1724398886073000,11332,1807868757,0,0,172,74073725,1,160,19333000
1724398906004000,11333,1807868917,0,0,172,74073725,1,160,19931000
1724398926156000,11334,1807869077,0,0,172,74073725,1,160,20152000
1724398946146000,11335,1807869237,0,0,172,74073725,1,160,19990000
1724398966121000,11336,1807869397,0,0,172,74073725,1,160,19975000
1724398986237000,11337,1807869557,0,0,172,74073725,1,160,20116000
1724399006175000,11338,1807869717,0,0,172,74073725,1,160,19938000
1724399026232000,11339,1807869877,0,0,172,74073725,1,160,20057000
1724399046076000,11340,1807870037,0,0,172,74073725,1,160,19844000
1724399066123000,11341,1807870197,0,0,172,74073725,1,160,20047000
1724399086118000,11342,1807870357,0,0,172,74073725,1,160,19995000
1724399106052000,11343,1807870517,0,0,172,74073725,1,160,19934000
1724399126178000,11344,1807870677,0,0,172,74073725,1,160,20126000
1724399146126000,11345,1807870837,0,0,172,74073725,1,160,19948000
1724399166208000,11346,1807870997,0,0,172,74073725,1,160,20082000
1724399186046000,11347,1807871157,0,0,172,74073725,1,160,19838000
1724399205985000,11348,1807871317,0,0,172,74073725,1,160,19939000
1724399226188000,11349,1807871477,0,0,172,74073725,1,160,20203000
1724399246088000,11350,1807871637,0,0,172,74073725,1,160,19900000
1724399266184000,11351,1807871797,0,0,172,74073725,1,160,20096000
1724399286069000,11352,1807871957,0,0,172,74073725,1,160,19885000
1724399306263000,11353,1807872117,0,0,172,74073725,1,160,20194000
1724399326280000,11354,1807872277,0,0,172,74073725,1,160,20017000
1724399346041000,11355,1807872437,0,0,172,74073725,1,160,19761000
1724399366202000,11356,1807872597,0,0,172,74073725,1,160,20161000
1724399386023000,11357,1807872757,0,0,172,74073725,1,160,19821000
1724399406241000,11358,1807872917,0,0,172,74073725,1,160,20218000
1724399426569000,11359,1807873077,0,0,172,74073725,1,160,20328000
1724399445976000,11360,1807873237,0,0,172,74073725,1,160,19407000
1724399465909000,11361,1807873397,0,0,172,74073725,1,160,19933000
1724399486080000,11362,1807873557,0,0,172,74073725,1,160,20171000
1724399505874000,11363,1807873717,0,0,172,74073725,1,160,19794000
1724399525993000,11364,1807873877,0,0,172,74073725,1,160,20119000
1724399546261000,11365,1807874037,0,0,172,74073725,1,160,20268000
1724399565958000,11366,1807874197,0,0,172,74073725,1,160,19697000
1724399586060000,11367,1807874357,0,0,172,74073725,1,160,20102000
1724399606288000,11368,1807874517,0,0,172,74073725,1,160,20228000
1724399625988000,11369,1807874677,0,0,172,74073725,1,160,19700000
1724399646196000,11370,1807874837,0,0,172,74073725,1,160,20208000
1724399666257000,11371,1807874997,0,0,172,74073725,1,160,20061000
1724399686676000,11372,1807875157,0,0,172,74073725,1,160,20419000
1724399705996000,11373,1807875317,0,0,172,74073725,1,160,19320000
1724399725887000,11374,1807875477,0,0,172,74073725,1,160,19891000
1724399746117000,11375,1807875637,0,0,172,74073725,1,160,20230000
1724399765710000,11376,1807875797,0,0,172,74073725,1,160,19593000
1724399786022000,11377,1807875957,0,0,172,74073725,1,160,20312000
1724399805815000,11378,1807876117,0,0,172,74073725,1,160,19793000
1724399826179000,11379,1807876277,0,0,172,74073725,1,160,20364000
1724399846122000,11380,1807876437,0,0,172,74073725,1,160,19943000
1724399866450000,11381,1807876597,0,0,172,74073725,1,160,20328000
1724399886018000,11382,1807876757,0,0,172,74073725,1,160,19568000
1724399906199000,11383,1807876917,0,0,172,74073725,1,160,20181000
1724399926261000,11384,1807877077,0,0,172,74073725,1,160,20062000
1724399946106000,11385,1807877237,0,0,172,74073725,1,160,19845000
1724399966117000,11386,1807877397,0,0,172,74073725,1,160,20011000
1724399986114000,11387,1807877557,0,0,172,74073725,1,160,19997000
1724400005940000,11388,1807877717,0,0,172,74073725,1,160,19826000
1724400026141000,11389,1807877877,0,0,172,74073725,1,160,20201000
1724400046098000,11390,1807878037,0,0,172,74073725,1,160,19957000
1724400066144000,11391,1807878197,0,0,172,74073725,1,160,20046000
1724400086067000,11392,1807878357,0,0,172,74073725,1,160,19923000
1724400106176000,11393,1807878517,0,0,172,74073725,1,160,20109000
1724400126130000,11394,1807878677,0,0,172,74073725,1,160,19954000
1724400146087000,11395,1807878837,0,0,172,74073725,1,160,19957000
1724400166085000,11396,1807878997,0,0,172,74073725,1,160,19998000
1724400186109000,11397,1807879157,0,0,172,74073725,1,160,20024000
1724400206169000,11398,1807879317,0,0,172,74073725,1,160,20060000
1724400226208000,11399,1807879477,0,0,172,74073725,1,160,20039000
1724400246068000,11400,1807879637,0,0,172,74073725,1,160,19860000
1724400266125000,11401,1807879797,0,0,172,74073725,1,160,20057000
1724400286093000,11402,1807879957,0,0,172,74073725,1,160,19968000
1724400306156000,11403,1807880117,0,0,172,74073725,1,160,20063000
1724400326132000,11404,1807880277,0,0,172,74073725,1,160,19976000
1724400346019000,11405,1807880437,0,0,172,74073725,1,160,19887000
1724400366120000,11406,1807880597,0,0,172,74073725,1,160,20101000
1724400385870000,11407,1807880757,0,0,172,74073725,1,160,19750000
1724400406311000,11408,1807880917,0,0,172,74073725,1,160,20441000
1724400426141000,11409,1807881077,0,0,172,74073725,1,160,19830000
1724400446156000,11410,1807881237,0,0,172,74073725,1,160,20015000
1724400466699000,11411,1807881397,0,0,172,74073725,1,160,20543000
1724400486008000,11412,1807881557,0,0,172,74073725,1,160,19309000
1724400506024000,11413,1807881717,0,0,172,74073725,1,160,20016000
1724400526217000,11414,1807881877,0,0,172,74073725,1,160,20193000
1724400545810000,11415,1807882037,0,0,172,74073725,1,160,19593000
1724400566189000,11416,1807882197,0,0,172,74073725,1,160,20379000
1724400585993000,11417,1807882357,0,0,172,74073725,1,160,19804000
1724400606460000,11418,1807882517,0,0,172,74073725,1,160,20467000
1724400626133000,11419,1807882677,0,0,172,74073725,1,160,19673000
1724400646024000,11420,1807882837,0,0,172,74073725,1,160,19891000
1724400666254000,11421,1807882997,0,0,172,74073725,1,160,20230000
1724400685995000,11422,1807883157,0,0,172,74073725,1,160,19741000
1724400706687000,11423,1807883317,0,0,172,74073725,1,160,20692000
1724400727319000,11424,1807883477,0,0,172,74073725,1,160,20632000
1724400746043000,11425,1807883637,0,0,172,74073725,1,160,18724000
1724400766134000,11426,1807883797,0,0,172,74073725,1,160,20091000
1724400785992000,11427,1807883957,0,0,172,74073725,1,160,19858000
1724400806092000,11428,1807884117,0,0,172,74073725,1,160,20100000
1724400826087000,11429,1807884277,0,0,172,74073725,1,160,19995000
1724400845982000,11430,1807884437,0,0,172,74073725,1,160,19895000
1724400866097000,11431,1807884597,0,0,172,74073725,1,160,20115000
1724400885886000,11432,1807884757,0,0,172,74073725,1,160,19789000
1724400906016000,11433,1807884917,0,0,172,74073725,1,160,20130000
1724400926124000,11434,1807885077,0,0,172,74073725,1,160,20108000
1724400946155000,11435,1807885237,0,0,172,74073725,1,160,20031000
1724400966022000,11436,1807885397,0,0,172,74073725,1,160,19867000
1724400986081000,11437,1807885557,0,0,172,74073725,1,160,20059000
1724401006251000,11438,1807885717,0,0,172,74073725,1,160,20170000
1724401026064000,11439,1807885877,0,0,172,74073725,1,160,19813000
1724401046057000,11440,1807886037,0,0,172,74073725,1,160,19993000
1724401066124000,11441,1807886197,0,0,172,74073725,1,160,20067000
1724401086017000,11442,1807886357,0,0,172,74073725,1,160,19893000
1724401106032000,11443,1807886517,0,0,172,74073725,1,160,20015000
1724401126270000,11444,1807886677,0,0,172,74073725,1,160,20238000
1724401146028000,11445,1807886837,0,0,172,74073725,1,160,19758000
1724401166115000,11446,1807886997,0,0,172,74073725,1,160,20087000
1724401185931000,11447,1807887157,0,0,172,74073725,1,160,19816000
1724401206163000,11448,1807887317,0,0,172,74073725,1,160,20232000
1724401226114000,11449,1807887477,0,0,172,74073725,1,160,19951000
1724401246013000,11450,1807887637,0,0,172,74073725,1,160,19899000
1724401266183000,11451,1807887797,0,0,172,74073725,1,160,20170000
1724401285956000,11452,1807887957,0,0,172,74073725,1,160,19773000
1724401306198000,11453,1807888117,0,0,172,74073725,1,160,20242000
1724401326094000,11454,1807888277,0,0,172,74073725,1,160,19896000
1724401345836000,11455,1807888437,0,0,172,74073725,1,160,19742000
1724401366049000,11456,1807888597,0,0,172,74073725,1,160,20213000
1724401387517000,11457,1807888757,0,0,172,74073725,1,160,21468000
1724401406432000,11458,1807888917,0,0,172,74073725,1,160,18915000
1724401425882000,11459,1807889077,0,0,172,74073725,1,160,19450000
1724401446054000,11460,1807889237,0,0,172,74073725,1,160,20172000
1724401466136000,11461,1807889397,0,0,172,74073725,1,160,20082000
1724401485934000,11462,1807889557,0,0,172,74073725,1,160,19798000
1724401505815000,11463,1807889717,0,0,172,74073725,1,160,19881000
1724401526111000,11464,1807889877,0,0,172,74073725,1,160,20296000
1724401545956000,11465,1807890037,0,0,172,74073725,1,160,19845000
1724401565881000,11466,1807890197,0,0,172,74073725,1,160,19925000
1724401585795000,11467,1807890357,0,0,172,74073725,1,160,19914000
1724401606693000,11468,1807890517,0,0,172,74073725,1,160,20898000
1724401625981000,11469,1807890677,0,0,172,74073725,1,160,19288000
1724401646041000,11470,1807890837,0,0,172,74073725,1,160,20060000
1724401666173000,11471,1807890997,0,0,172,74073725,1,160,20132000
1724401685981000,11472,1807891157,0,0,172,74073725,1,160,19808000
1724401706283000,11473,1807891317,0,0,172,74073725,1,160,20302000
1724401726126000,11474,1807891477,0,0,172,74073725,1,160,19843000
1724401746190000,11475,1807891637,0,0,172,74073725,1,160,20064000
1724401765997000,11476,1807891797,0,0,172,74073725,1,160,19807000
1724401786409000,11477,1807891957,0,0,172,74073725,1,160,20412000
1724401806281000,11478,1807892117,0,0,172,74073725,1,160,19872000
1724401825966000,11479,1807892277,0,0,172,74073725,1,160,19685000
1724401846094000,11480,1807892437,0,0,172,74073725,1,160,20128000
1724401866105000,11481,1807892597,0,0,172,74073725,1,160,20011000
1724401886402000,11482,1807892757,0,0,172,74073725,1,160,20297000
1724401905945000,11483,1807892917,0,0,172,74073725,1,160,19543000
1724401926039000,11484,1807893077,0,0,172,74073725,1,160,20094000
1724401945908000,11485,1807893237,0,0,172,74073725,1,160,19869000
1724401966019000,11486,1807893397,0,0,172,74073725,1,160,20111000
1724401986079000,11487,1807893557,0,0,172,74073725,1,160,20060000
1724402006202000,11488,1807893717,0,0,172,74073725,1,160,20123000
1724402026058000,11489,1807893877,0,0,172,74073725,1,160,19856000
1724402046106000,11490,1807894037,0,0,172,74073725,1,160,20048000
1724402066509000,11491,1807894197,0,0,172,74073725,1,160,20403000
1724402086010000,11492,1807894357,0,0,172,74073725,1,160,19501000
1724402106083000,11493,1807894517,0,0,172,74073725,1,160,20073000
1724402125952000,11494,1807894677,0,0,172,74073725,1,160,19869000
1724402145968000,11495,1807894837,0,0,172,74073725,1,160,20016000
1724402165906000,11496,1807894997,0,0,172,74073725,1,160,19938000
1724402185997000,11497,1807895157,0,0,172,74073725,1,160,20091000
1724402206388000,11498,1807895317,0,0,172,74073725,1,160,20391000
1724402225951000,11499,1807895477,0,0,172,74073725,1,160,19563000
1724402246584000,11500,1807895637,0,0,172,74073725,1,160,20633000
1724402266049000,11501,1807895797,0,0,172,74073725,1,160,19465000
1724402285927000,11502,1807895957,0,0,172,74073725,1,160,19878000
1724402305887000,11503,1807896117,0,0,172,74073725,1,160,19960000
1724402326058000,11504,1807896277,0,0,172,74073725,1,160,20171000
1724402346270000,11505,1807896437,0,0,172,74073725,1,160,20212000
1724402366179000,11506,1807896597,0,0,172,74073725,1,160,19909000
1724402386018000,11507,1807896757,0,0,172,74073725,1,160,19839000
1724402411470000,11508,1807896917,0,0,172,74073725,1,160,25452000
1724402426012000,11509,1807897077,0,0,172,74073725,1,160,14542000
1724402445998000,11510,1807897237,0,0,172,74073725,1,160,19986000
1724402465933000,11511,1807897397,0,0,172,74073725,1,160,19935000
1724402485903000,11512,1807897557,0,0,172,74073725,1,160,19970000
1724402505856000,11513,1807897717,0,0,172,74073725,1,160,19953000
1724402525981000,11514,1807897877,0,0,172,74073725,1,160,20125000
1724402545924000,11515,1807898037,0,0,172,74073725,1,160,19943000
1724402565661000,11516,1807898197,0,0,172,74073725,1,160,19737000
1724402585902000,11517,1807898357,0,0,172,74073725,1,160,20241000
1724402606048000,11518,1807898517,0,0,172,74073725,1,160,20146000
1724402626052000,11519,1807898677,0,0,172,74073725,1,160,20004000
1724402645991000,11520,1807898837,0,0,172,74073725,1,160,19939000
1724402666063000,11521,1807898997,0,0,172,74073725,1,160,20072000
1724402686561000,11522,1807899157,0,0,172,74073725,1,160,20498000
1724402705841000,11523,1807899317,0,0,172,74073725,1,160,19280000
1724402728005000,11524,1807899477,0,0,172,74073725,1,160,22164000
1724402745974000,11525,1807899637,0,0,172,74073725,1,160,17969000
1724402765639000,11526,1807899797,0,0,172,74073725,1,160,19665000
1724402785896000,11527,1807899957,0,0,172,74073725,1,160,20257000
1724402806096000,11528,1807900117,0,0,172,74073725,1,160,20200000
1724402826000000,11529,1807900277,0,0,172,74073725,1,160,19904000
1724402846097000,11530,1807900437,0,0,172,74073725,1,160,20097000
1724402865798000,11531,1807900597,0,0,172,74073725,1,160,19701000
1724402885946000,11532,1807900757,0,0,172,74073725,1,160,20148000
1724402906803000,11533,1807900917,0,0,172,74073725,1,160,20857000
1724402926083000,11534,1807901077,0,0,172,74073725,1,160,19280000
1724402946093000,11535,1807901237,0,0,172,74073725,1,160,20010000
1724402969334000,11536,1807901397,0,0,172,74073725,1,160,23241000
1724402986023000,11537,1807901557,0,0,172,74073725,1,160,16689000
1724403006599000,11538,1807901717,0,0,172,74073725,1,160,20576000
1724403025988000,11539,1807901877,0,0,172,74073725,1,160,19389000
1724403045975000,11540,1807902037,0,0,172,74073725,1,160,19987000
1724403065898000,11541,1807902197,0,0,172,74073725,1,160,19923000
1724403085939000,11542,1807902357,0,0,172,74073725,1,160,20041000
1724403105897000,11543,1807902517,0,0,172,74073725,1,160,19958000
1724403126047000,11544,1807902677,0,0,172,74073725,1,160,20150000
1724403145784000,11545,1807902837,0,0,172,74073725,1,160,19737000
1724403165982000,11546,1807902997,0,0,172,74073725,1,160,20198000
1724403186069000,11547,1807903157,0,0,172,74073725,1,160,20087000
1724403206066000,11548,1807903317,0,0,172,74073725,1,160,19997000
1724403225972000,11549,1807903477,0,0,172,74073725,1,160,19906000
1724403245898000,11550,1807903637,0,0,172,74073725,1,160,19926000
1724403266032000,11551,1807903797,0,0,172,74073725,1,160,20134000
1724403285891000,11552,1807903957,0,0,172,74073725,1,160,19859000
1724403305882000,11553,1807904117,0,0,172,74073725,1,160,19991000
1724403325961000,11554,1807904277,0,0,172,74073725,1,160,20079000
1724403345701000,11555,1807904437,0,0,172,74073725,1,160,19740000
1724403365902000,11556,1807904597,0,0,172,74073725,1,160,20201000
1724403385945000,11557,1807904757,0,0,172,74073725,1,160,20043000
1724403410832000,11558,1807904917,0,0,172,74073725,1,160,24887000
1724403425997000,11559,1807905077,0,0,172,74073725,1,160,15165000
1724403445962000,11560,1807905237,0,0,172,74073725,1,160,19965000
1724403466090000,11561,1807905397,0,0,172,74073725,1,160,20128000
1724403485909000,11562,1807905557,0,0,172,74073725,1,160,19819000
1724403505948000,11563,1807905717,0,0,172,74073725,1,160,20039000
1724403525925000,11564,1807905877,0,0,172,74073725,1,160,19977000
1724403546021000,11565,1807906037,0,0,172,74073725,1,160,20096000
1724403565572000,11566,1807906197,0,0,172,74073725,1,160,19551000
1724403585379000,11567,1807906357,0,0,172,74073725,1,160,19807000
1724403605656000,11568,1807906517,0,0,172,74073725,1,160,20277000
1724403625984000,11569,1807906677,0,0,172,74073725,1,160,20328000
1724403645482000,11570,1807906837,0,0,172,74073725,1,160,19498000
1724403666081000,11571,1807906997,0,0,172,74073725,1,160,20599000
1724403685624000,11572,1807907157,0,0,172,74073725,1,160,19543000
1724403705973000,11573,1807907317,0,0,172,74073725,1,160,20349000
1724403725903000,11574,1807907477,0,0,172,74073725,1,160,19930000
1724403746076000,11575,1807907637,0,0,172,74073725,1,160,20173000
1724403765799000,11576,1807907797,0,0,172,74073725,1,160,19723000
1724403786979000,11577,1807907957,0,0,172,74073725,1,160,21180000
1724403805792000,11578,1807908117,0,0,172,74073725,1,160,18813000
1724403825996000,11579,1807908277,0,0,172,74073725,1,160,20204000
1724403845880000,11580,1807908437,0,0,172,74073725,1,160,19884000
1724403866091000,11581,1807908597,0,0,172,74073725,1,160,20211000
1724403885729000,11582,1807908757,0,0,172,74073725,1,160,19638000
1724403905726000,11583,1807908917,0,0,172,74073725,1,160,19997000
1724403925937000,11584,1807909077,0,0,172,74073725,1,160,20211000
1724403945894000,11585,1807909237,0,0,172,74073725,1,160,19957000
1724403965854000,11586,1807909397,0,0,172,74073725,1,160,19960000
1724403985991000,11587,1807909557,0,0,172,74073725,1,160,20137000
1724404005960000,11588,1807909717,0,0,172,74073725,1,160,19969000
1724404025904000,11589,1807909877,0,0,172,74073725,1,160,19944000
1724404046017000,11590,1807910037,0,0,172,74073725,1,160,20113000
1724404065916000,11591,1807910197,0,0,172,74073725,1,160,19899000
1724404085778000,11592,1807910357,0,0,172,74073725,1,160,19862000
1724404105729000,11593,1807910517,0,0,172,74073725,1,160,19951000
1724404125822000,11594,1807910677,0,0,172,74073725,1,160,20093000
1724404146429000,11595,1807910837,0,0,172,74073725,1,160,20607000
1724404166007000,11596,1807910997,0,0,172,74073725,1,160,19578000
1724404185883000,11597,1807911157,0,0,172,74073725,1,160,19876000
1724404205983000,11598,1807911317,0,0,172,74073725,1,160,20100000
1724404225848000,11599,1807911477,0,0,172,74073725,1,160,19865000
1724404245928000,11600,1807911637,0,0,172,74073725,1,160,20080000
1724404265955000,11601,1807911797,0,0,172,74073725,1,160,20027000
1724404285777000,11602,1807911957,0,0,172,74073725,1,160,19822000
1724404305823000,11603,1807912117,0,0,172,74073725,1,160,20046000
1724404325983000,11604,1807912277,0,0,172,74073725,1,160,20160000
1724404345917000,11605,1807912437,0,0,172,74073725,1,160,19934000
1724404366030000,11606,1807912597,0,0,172,74073725,1,160,20113000
1724404385912000,11607,1807912757,0,0,172,74073725,1,160,19882000
1724404411481000,11608,1807912917,0,0,172,74073725,1,160,25569000
1724404425949000,11609,1807913077,0,0,172,74073725,1,160,14468000
1724404445855000,11610,1807913237,0,0,172,74073725,1,160,19906000
1724404465883000,11611,1807913397,0,0,172,74073725,1,160,20028000
1724404485598000,11612,1807913557,0,0,172,74073725,1,160,19715000
1724404505976000,11613,1807913717,0,0,172,74073725,1,160,20378000
1724404525941000,11614,1807913877,0,0,172,74073725,1,160,19965000
1724404546004000,11615,1807914037,0,0,172,74073725,1,160,20063000
1724404565919000,11616,1807914197,0,0,172,74073725,1,160,19915000
1724404586112000,11617,1807914357,0,0,172,74073725,1,160,20193000
1724404606047000,11618,1807914517,0,0,172,74073725,1,160,19935000
1724404626030000,11619,1807914677,0,0,172,74073725,1,160,19983000
1724404645995000,11620,1807914837,0,0,172,74073725,1,160,19965000
1724404665977000,11621,1807914997,0,0,172,74073725,1,160,19982000
1724404685885000,11622,1807915157,0,0,172,74073725,1,160,19908000
1724404706172000,11623,1807915317,0,0,172,74073725,1,160,20287000
1724404726022000,11624,1807915477,0,0,172,74073725,1,160,19850000
1724404745860000,11625,1807915637,0,0,172,74073725,1,160,19838000
1724404765869000,11626,1807915797,0,0,172,74073725,1,160,20009000
1724404785616000,11627,1807915957,0,0,172,74073725,1,160,19747000
1724404805766000,11628,1807916117,0,0,172,74073725,1,160,20150000
1724404825870000,11629,1807916277,0,0,172,74073725,1,160,20104000
1724404845550000,11630,1807916437,0,0,172,74073725,1,160,19680000
1724404866828000,11631,1807916597,0,0,172,74073725,1,160,21278000
1724404885911000,11632,1807916757,0,0,172,74073725,1,160,19083000
1724404905815000,11633,1807916917,0,0,172,74073725,1,160,19904000
1724404925954000,11634,1807917077,0,0,172,74073725,1,160,20139000
1724404945818000,11635,1807917237,0,0,172,74073725,1,160,19864000
1724404965821000,11636,1807917397,0,0,172,74073725,1,160,20003000
1724404985831000,11637,1807917557,0,0,172,74073725,1,160,20010000
1724405005638000,11638,1807917717,0,0,172,74073725,1,160,19807000
1724405025964000,11639,1807917877,0,0,172,74073725,1,160,20326000
1724405046006000,11640,1807918037,0,0,172,74073725,1,160,20042000
1724405066109000,11641,1807918197,0,0,172,74073725,1,160,20103000
1724405086081000,11642,1807918357,0,0,172,74073725,1,160,19972000
1724405105774000,11643,1807918517,0,0,172,74073725,1,160,19693000
1724405125773000,11644,1807918677,0,0,172,74073725,1,160,19999000
1724405145757000,11645,1807918837,0,0,172,74073725,1,160,19984000
1724405165835000,11646,1807918997,0,0,172,74073725,1,160,20078000
1724405186640000,11647,1807919157,0,0,172,74073725,1,160,20805000
1724405205933000,11648,1807919317,0,0,172,74073725,1,160,19293000
1724405226000000,11649,1807919477,0,0,172,74073725,1,160,20067000
1724405245859000,11650,1807919637,0,0,172,74073725,1,160,19859000
1724405265936000,11651,1807919797,0,0,172,74073725,1,160,20077000
1724405285851000,11652,1807919957,0,0,172,74073725,1,160,19915000
1724405305814000,11653,1807920117,0,0,172,74073725,1,160,19963000
1724405325884000,11654,1807920277,0,0,172,74073725,1,160,20070000
1724405345793000,11655,1807920437,0,0,172,74073725,1,160,19909000
1724405365863000,11656,1807920597,0,0,172,74073725,1,160,20070000
1724405385810000,11657,1807920757,0,0,172,74073725,1,160,19947000
1724405410868000,11658,1807920917,0,0,172,74073725,1,160,25058000
1724405425943000,11659,1807921077,0,0,172,74073725,1,160,15075000
1724405445793000,11660,1807921237,0,0,172,74073725,1,160,19850000
1724405465779000,11661,1807921397,0,0,172,74073725,1,160,19986000
1724405485830000,11662,1807921557,0,0,172,74073725,1,160,20051000
1724405505934000,11663,1807921717,0,0,172,74073725,1,160,20104000
1724405525996000,11664,1807921877,0,0,172,74073725,1,160,20062000
1724405545980000,11665,1807922037,0,0,172,74073725,1,160,19984000
1724405565955000,11666,1807922197,0,0,172,74073725,1,160,19975000
1724405586018000,11667,1807922357,0,0,172,74073725,1,160,20063000
1724405606659000,11668,1807922517,0,0,172,74073725,1,160,20641000
1724405625927000,11669,1807922677,0,0,172,74073725,1,160,19268000
1724405645914000,11670,1807922837,0,0,172,74073725,1,160,19987000
1724405665923000,11671,1807922997,0,0,172,74073725,1,160,20009000
1724405685720000,11672,1807923157,0,0,172,74073725,1,160,19797000
1724405705831000,11673,1807923317,0,0,172,74073725,1,160,20111000
1724405725821000,11674,1807923477,0,0,172,74073725,1,160,19990000
1724405745874000,11675,1807923637,0,0,172,74073725,1,160,20053000
1724405765895000,11676,1807923797,0,0,172,74073725,1,160,20021000
1724405785952000,11677,1807923957,0,0,172,74073725,1,160,20057000
1724405806037000,11678,1807924117,0,0,172,74073725,1,160,20085000
1724405825973000,11679,1807924277,0,0,172,74073725,1,160,19936000
1724405845794000,11680,1807924437,0,0,172,74073725,1,160,19821000
1724405866364000,11681,1807924597,0,0,172,74073725,1,160,20570000
1724405885781000,11682,1807924757,0,0,172,74073725,1,160,19417000
1724405905765000,11683,1807924917,0,0,172,74073725,1,160,19984000
1724405925934000,11684,1807925077,0,0,172,74073725,1,160,20169000
1724405946433000,11685,1807925237,0,0,172,74073725,1,160,20499000
1724405965859000,11686,1807925397,0,0,172,74073725,1,160,19426000
1724405985795000,11687,1807925557,0,0,172,74073725,1,160,19936000
1724406005843000,11688,1807925717,0,0,172,74073725,1,160,20048000
1724406025893000,11689,1807925877,0,0,172,74073725,1,160,20050000
1724406046468000,11690,1807926037,0,0,172,74073725,1,160,20575000
1724406066071000,11691,1807926197,0,0,172,74073725,1,160,19603000
1724406086089000,11692,1807926357,0,0,172,74073725,1,160,20018000
1724406105974000,11693,1807926517,0,0,172,74073725,1,160,19885000
1724406126059000,11694,1807926677,0,0,172,74073725,1,160,20085000
1724406145894000,11695,1807926837,0,0,172,74073725,1,160,19835000
1724406166030000,11696,1807926997,0,0,172,74073725,1,160,20136000
1724406185942000,11697,1807927157,0,0,172,74073725,1,160,19912000
1724406206006000,11698,1807927317,0,0,172,74073725,1,160,20064000
1724406226005000,11699,1807927477,0,0,172,74073725,1,160,19999000
1724406245859000,11700,1807927637,0,0,172,74073725,1,160,19854000
1724406265931000,11701,1807927797,0,0,172,74073725,1,160,20072000
1724406285722000,11702,1807927957,0,0,172,74073725,1,160,19791000
1724406305773000,11703,1807928117,0,0,172,74073725,1,160,20051000
1724406325863000,11704,1807928277,0,0,172,74073725,1,160,20090000
1724406345851000,11705,1807928437,0,0,172,74073725,1,160,19988000
1724406365813000,11706,1807928597,0,0,172,74073725,1,160,19962000
1724406386463000,11707,1807928757,0,0,172,74073725,1,160,20650000
1724406410757000,11708,1807928917,0,0,172,74073725,1,160,24294000
1724406425956000,11709,1807929077,0,0,172,74073725,1,160,15199000
1724406445971000,11710,1807929237,0,0,172,74073725,1,160,20015000
1724406465935000,11711,1807929397,0,0,172,74073725,1,160,19964000
1724406485729000,11712,1807929557,0,0,172,74073725,1,160,19794000
1724406505619000,11713,1807929717,0,0,172,74073725,1,160,19890000
1724406525824000,11714,1807929877,0,0,172,74073725,1,160,20205000
1724406545779000,11715,1807930037,0,0,172,74073725,1,160,19955000
1724406565916000,11716,1807930197,0,0,172,74073725,1,160,20137000
1724406585549000,11717,1807930357,0,0,172,74073725,1,160,19633000
1724406605939000,11718,1807930517,0,0,172,74073725,1,160,20390000
1724406625831000,11719,1807930677,0,0,172,74073725,1,160,19892000
1724406645834000,11720,1807930837,0,0,172,74073725,1,160,20003000
1724406666388000,11721,1807930997,0,0,172,74073725,1,160,20554000
1724406685793000,11722,1807931157,0,0,172,74073725,1,160,19405000
1724406705429000,11723,1807931317,0,0,172,74073725,1,160,19636000
1724406726133000,11724,1807931477,0,0,172,74073725,1,160,20704000
1724406745839000,11725,1807931637,0,0,172,74073725,1,160,19706000
1724406766316000,11726,1807931797,0,0,172,74073725,1,160,20477000
1724406785545000,11727,1807931957,0,0,172,74073725,1,160,19229000
1724406806742000,11728,1807932117,0,0,172,74073725,1,160,21197000
1724406825595000,11729,1807932277,0,0,172,74073725,1,160,18853000
1724406845809000,11730,1807932437,0,0,172,74073725,1,160,20214000
1724406865745000,11731,1807932597,0,0,172,74073725,1,160,19936000
1724406886360000,11732,1807932757,0,0,172,74073725,1,160,20615000
1724406905664000,11733,1807932917,0,0,172,74073725,1,160,19304000
1724406925730000,11734,1807933077,0,0,172,74073725,1,160,20066000
1724406945792000,11735,1807933237,0,0,172,74073725,1,160,20062000
1724406965879000,11736,1807933397,0,0,172,74073725,1,160,20087000
1724406985705000,11737,1807933557,0,0,172,74073725,1,160,19826000
1724407005933000,11738,1807933717,0,0,172,74073725,1,160,20228000
1724407025746000,11739,1807933877,0,0,172,74073725,1,160,19813000
1724407045817000,11740,1807934037,0,0,172,74073725,1,160,20071000
1724407067388000,11741,1807934197,0,0,172,74073725,1,160,21571000
1724407086202000,11742,1807934357,0,0,172,74073725,1,160,18814000
1724407106011000,11743,1807934517,0,0,172,74073725,1,160,19809000
1724407125890000,11744,1807934677,0,0,172,74073725,1,160,19879000
1724407145805000,11745,1807934837,0,0,172,74073725,1,160,19915000
1724407165734000,11746,1807934997,0,0,172,74073725,1,160,19929000
1724407185728000,11747,1807935157,0,0,172,74073725,1,160,19994000
1724407205727000,11748,1807935317,0,0,172,74073725,1,160,19999000
1724407225870000,11749,1807935477,0,0,172,74073725,1,160,20143000
1724407246363000,11750,1807935637,0,0,172,74073725,1,160,20493000
1724407265874000,11751,1807935797,0,0,172,74073725,1,160,19511000
1724407285768000,11752,1807935957,0,0,172,74073725,1,160,19894000
1724407305865000,11753,1807936117,0,0,172,74073725,1,160,20097000
1724407326309000,11754,1807936277,0,0,172,74073725,1,160,20444000
1724407345691000,11755,1807936437,0,0,172,74073725,1,160,19382000
1724407365773000,11756,1807936597,0,0,172,74073725,1,160,20082000
1724407385685000,11757,1807936757,0,0,172,74073725,1,160,19912000
1724407410812000,11758,1807936917,0,0,172,74073725,1,160,25127000
1724407425770000,11759,1807937077,0,0,172,74073725,1,160,14958000
1724407445477000,11760,1807937237,0,0,172,74073725,1,160,19707000
1724407465856000,11761,1807937397,0,0,172,74073725,1,160,20379000
1724407485704000,11762,1807937557,0,0,172,74073725,1,160,19848000
1724407506501000,11763,1807937717,0,0,172,74073725,1,160,20797000
1724407525804000,11764,1807937877,0,0,172,74073725,1,160,19303000
1724407545657000,11765,1807938037,0,0,172,74073725,1,160,19853000
1724407565763000,11766,1807938197,0,0,172,74073725,1,160,20106000
1724407585722000,11767,1807938357,0,0,172,74073725,1,160,19959000
1724407605798000,11768,1807938517,0,0,172,74073725,1,160,20076000
1724407625877000,11769,1807938677,0,0,172,74073725,1,160,20079000
1724407645785000,11770,1807938837,0,0,172,74073725,1,160,19908000
1724407665815000,11771,1807938997,0,0,172,74073725,1,160,20030000
1724407686124000,11772,1807939157,0,0,172,74073725,1,160,20309000
1724407705652000,11773,1807939317,0,0,172,74073725,1,160,19528000
1724407725864000,11774,1807939477,0,0,172,74073725,1,160,20212000
1724407745652000,11775,1807939637,0,0,172,74073725,1,160,19788000
1724407765844000,11776,1807939797,0,0,172,74073725,1,160,20192000
1724407785757000,11777,1807939957,0,0,172,74073725,1,160,19913000
1724407805739000,11778,1807940117,0,0,172,74073725,1,160,19982000
1724407825904000,11779,1807940277,0,0,172,74073725,1,160,20165000
1724407845648000,11780,1807940437,0,0,172,74073725,1,160,19744000
1724407866190000,11781,1807940597,0,0,172,74073725,1,160,20542000
1724407885713000,11782,1807940757,0,0,172,74073725,1,160,19523000
1724407905674000,11783,1807940917,0,0,172,74073725,1,160,19961000
1724407925892000,11784,1807941077,0,0,172,74073725,1,160,20218000
1724407945751000,11785,1807941237,0,0,172,74073725,1,160,19859000
1724407965759000,11786,1807941397,0,0,172,74073725,1,160,20008000
1724407985866000,11787,1807941557,0,0,172,74073725,1,160,20107000
1724408005729000,11788,1807941717,0,0,172,74073725,1,160,19863000
1724408025799000,11789,1807941877,0,0,172,74073725,1,160,20070000
1724408046189000,11790,1807942037,0,0,172,74073725,1,160,20390000
1724408065780000,11791,1807942197,0,0,172,74073725,1,160,19591000
1724408089661000,11792,1807942357,0,0,172,74073725,1,160,23881000
1724408105612000,11793,1807942517,0,0,172,74073725,1,160,15951000
1724408125863000,11794,1807942677,0,0,172,74073725,1,160,20251000
1724408145859000,11795,1807942837,0,0,172,74073725,1,160,19996000
1724408165767000,11796,1807942997,0,0,172,74073725,1,160,19908000
1724408185712000,11797,1807943157,0,0,172,74073725,1,160,19945000
1724408205629000,11798,1807943317,0,0,172,74073725,1,160,19917000
1724408226210000,11799,1807943477,0,0,172,74073725,1,160,20581000
1724408245582000,11800,1807943637,0,0,172,74073725,1,160,19372000
1724408265740000,11801,1807943797,0,0,172,74073725,1,160,20158000
1724408286119000,11802,1807943957,0,0,172,74073725,1,160,20379000
1724408305673000,11803,1807944117,0,0,172,74073725,1,160,19554000
1724408325722000,11804,1807944277,0,0,172,74073725,1,160,20049000
1724408345717000,11805,1807944437,0,0,172,74073725,1,160,19995000
1724408365984000,11806,1807944597,0,0,172,74073725,1,160,20267000
1724408385607000,11807,1807944757,0,0,172,74073725,1,160,19623000
1724408410729000,11808,1807944917,0,0,172,74073725,1,160,25122000
1724408426375000,11809,1807945077,0,0,172,74073725,1,160,15646000
1724408445662000,11810,1807945237,0,0,172,74073725,1,160,19287000
1724408465863000,11811,1807945397,0,0,172,74073725,1,160,20201000
1724408485806000,11812,1807945557,0,0,172,74073725,1,160,19943000
1724408505746000,11813,1807945717,0,0,172,74073725,1,160,19940000
1724408525529000,11814,1807945877,0,0,172,74073725,1,160,19783000
1724408545676000,11815,1807946037,0,0,172,74073725,1,160,20147000
1724408565744000,11816,1807946197,0,0,172,74073725,1,160,20068000
1724408585586000,11817,1807946357,0,0,172,74073725,1,160,19842000
1724408605844000,11818,1807946517,0,0,172,74073725,1,160,20258000
1724408625768000,11819,1807946677,0,0,172,74073725,1,160,19924000
1724408645657000,11820,1807946837,0,0,172,74073725,1,160,19889000
1724408665886000,11821,1807946997,0,0,172,74073725,1,160,20229000
1724408685656000,11822,1807947157,0,0,172,74073725,1,160,19770000
1724408705810000,11823,1807947317,0,0,172,74073725,1,160,20154000
1724408725768000,11824,1807947477,0,0,172,74073725,1,160,19958000
1724408745661000,11825,1807947637,0,0,172,74073725,1,160,19893000
1724408766141000,11826,1807947797,0,0,172,74073725,1,160,20480000
1724408785885000,11827,1807947957,0,0,172,74073725,1,160,19744000
1724408805451000,11828,1807948117,0,0,172,74073725,1,160,19566000
1724408825714000,11829,1807948277,0,0,172,74073725,1,160,20263000
1724408845705000,11830,1807948437,0,0,172,74073725,1,160,19991000
1724408865894000,11831,1807948597,0,0,172,74073725,1,160,20189000
1724408885585000,11832,1807948757,0,0,172,74073725,1,160,19691000
1724408905967000,11833,1807948917,0,0,172,74073725,1,160,20382000
1724408925670000,11834,1807949077,0,0,172,74073725,1,160,19703000
1724408945381000,11835,1807949237,0,0,172,74073725,1,160,19711000
1724408965615000,11836,1807949397,0,0,172,74073725,1,160,20234000
1724408985722000,11837,1807949557,0,0,172,74073725,1,160,20107000
1724409005652000,11838,1807949717,0,0,172,74073725,1,160,19930000
1724409026775000,11839,1807949877,0,0,172,74073725,1,160,21123000
1724409047466000,11840,1807950037,0,0,172,74073725,1,160,20691000
1724409065641000,11841,1807950197,0,0,172,74073725,1,160,18175000
1724409085592000,11842,1807950357,0,0,172,74073725,1,160,19951000
1724409105611000,11843,1807950517,0,0,172,74073725,1,160,20019000
1724409125832000,11844,1807950677,0,0,172,74073725,1,160,20221000
1724409145589000,11845,1807950837,0,0,172,74073725,1,160,19757000
1724409165815000,11846,1807950997,0,0,172,74073725,1,160,20226000
1724409185571000,11847,1807951157,0,0,172,74073725,1,160,19756000
1724409205349000,11848,1807951317,0,0,172,74073725,1,160,19778000
1724409225697000,11849,1807951477,0,0,172,74073725,1,160,20348000
1724409245719000,11850,1807951637,0,0,172,74073725,1,160,20022000
1724409265750000,11851,1807951797,0,0,172,74073725,1,160,20031000
1724409285234000,11852,1807951957,0,0,172,74073725,1,160,19484000
1724409305738000,11853,1807952117,0,0,172,74073725,1,160,20504000
1724409325701000,11854,1807952277,0,0,172,74073725,1,160,19963000
1724409345673000,11855,1807952437,0,0,172,74073725,1,160,19972000
1724409365743000,11856,1807952597,0,0,172,74073725,1,160,20070000
1724409386197000,11857,1807952757,0,0,172,74073725,1,160,20454000
1724409410825000,11858,1807952917,0,0,172,74073725,1,160,24628000
1724409425721000,11859,1807953077,0,0,172,74073725,1,160,14896000
1724409445593000,11860,1807953237,0,0,172,74073725,1,160,19872000
1724409465609000,11861,1807953397,0,0,172,74073725,1,160,20016000
1724409485617000,11862,1807953557,0,0,172,74073725,1,160,20008000
1724409505428000,11863,1807953717,0,0,172,74073725,1,160,19811000
1724409525558000,11864,1807953877,0,0,172,74073725,1,160,20130000
1724409545705000,11865,1807954037,0,0,172,74073725,1,160,20147000
1724409565681000,11866,1807954197,0,0,172,74073725,1,160,19976000
1724409585679000,11867,1807954357,0,0,172,74073725,1,160,19998000
1724409605563000,11868,1807954517,0,0,172,74073725,1,160,19884000
1724409625356000,11869,1807954677,0,0,172,74073725,1,160,19793000
