monotonic_ns,seq,timestamp,marker,payload_type,packet_bytes,ssrc,seq_delta,ts_delta,wall_delta_ns
1725121200681000,5033,160,1,0,172,948437269,0,0,0
1725121219085000,5034,320,0,0,172,948437269,1,160,18404000
1725121240252000,5035,480,0,0,172,948437269,1,160,21167000
1725121260506000,5036,640,0,0,172,948437269,1,160,20254000
1725121278709000,5037,800,0,0,172,948437269,1,160,18203000
1725121299822000,5038,960,0,0,172,948437269,1,160,21113000
1725121319838000,5039,1120,0,0,172,948437269,1,160,20016000
1725121339178000,5040,1280,0,0,172,948437269,1,160,19340000
1725121360328000,5041,1440,0,0,172,948437269,1,160,21150000
1725121380458000,5042,1600,0,0,172,948437269,1,160,20130000
1725121399573000,5043,1760,0,0,172,948437269,1,160,19115000
1725121419673000,5044,1920,0,0,172,948437269,1,160,20100000
1725121439831000,5045,2080,0,0,172,948437269,1,160,20158000
1725121460013000,5046,2240,0,0,172,948437269,1,160,20182000
1725121479238000,5047,2400,0,0,172,948437269,1,160,19225000
1725121500353000,5048,2560,0,0,172,948437269,1,160,21115000
1725121520475000,5049,2720,0,0,172,948437269,1,160,20122000
1725121538771000,5050,2880,0,0,172,948437269,1,160,18296000
1725121558943000,5051,3040,0,0,172,948437269,1,160,20172000
1725121580062000,5052,3200,0,0,172,948437269,1,160,21119000
1725121600175000,5053,3360,0,0,172,948437269,1,160,20113000
1725121619561000,5054,3520,0,0,172,948437269,1,160,19386000
1725121639160000,5055,3680,0,0,172,948437269,1,160,19599000
1725121660337000,5056,3840,0,0,172,948437269,1,160,21177000
1725121680470000,5057,4000,0,0,172,948437269,1,160,20133000
1725121699560000,5058,4160,0,0,172,948437269,1,160,19090000
1725121719670000,5059,4320,0,0,172,948437269,1,160,20110000
1725121739751000,5060,4480,0,0,172,948437269,1,160,20081000
1725121759275000,5061,4640,0,0,172,948437269,1,160,19524000
1725121780387000,5062,4800,0,0,172,948437269,1,160,21112000
1725121800079000,5063,4960,0,0,172,948437269,1,160,19692000
1725121820242000,5064,5120,0,0,172,948437269,1,160,20163000
1725121840432000,5065,5280,0,0,172,948437269,1,160,20190000
1725121859633000,5066,5440,0,0,172,948437269,1,160,19201000
1725121879762000,5067,5600,0,0,172,948437269,1,160,20129000
1725121899850000,5068,5760,0,0,172,948437269,1,160,20088000
1725121920010000,5069,5920,0,0,172,948437269,1,160,20160000
1725121940178000,5070,6080,0,0,172,948437269,1,160,20168000
1725121959379000,5071,6240,0,0,172,948437269,1,160,19201000
1725121979613000,5072,6400,0,0,172,948437269,1,160,20234000
1725121999697000,5073,6560,0,0,172,948437269,1,160,20084000
1725122019051000,5074,6720,0,0,172,948437269,1,160,19354000
1725122040207000,5075,6880,0,0,172,948437269,1,160,21156000
1725122060399000,5076,7040,0,0,172,948437269,1,160,20192000
1725122079585000,5077,7200,0,0,172,948437269,1,160,19186000
1725122099693000,5078,7360,0,0,172,948437269,1,160,20108000
1725122119796000,5079,7520,0,0,172,948437269,1,160,20103000
1725122139958000,5080,7680,0,0,172,948437269,1,160,20162000
1725122159169000,5081,7840,0,0,172,948437269,1,160,19211000
1725122180275000,5082,8000,0,0,172,948437269,1,160,21106000
1725122200389000,5083,8160,0,0,172,948437269,1,160,20114000
1725122220500000,5084,8320,0,0,172,948437269,1,160,20111000
1725122239598000,5085,8480,0,0,172,948437269,1,160,19098000
1725122259771000,5086,8640,0,0,172,948437269,1,160,20173000
1725122279871000,5087,8800,0,0,172,948437269,1,160,20100000
1725122299353000,5088,8960,0,0,172,948437269,1,160,19482000
1725122320437000,5089,9120,0,0,172,948437269,1,160,21084000
1725122339537000,5090,9280,0,0,172,948437269,1,160,19100000
1725122359289000,5091,9440,0,0,172,948437269,1,160,19752000
1725122380452000,5092,9600,0,0,172,948437269,1,160,21163000
1725122399268000,5093,9760,0,0,172,948437269,1,160,18816000
1725122420365000,5094,9920,0,0,172,948437269,1,160,21097000
1725122440542000,5095,10080,0,0,172,948437269,1,160,20177000
1725122459740000,5096,10240,0,0,172,948437269,1,160,19198000
1725122479683000,5097,10400,0,0,172,948437269,1,160,19943000
1725122499772000,5098,10560,0,0,172,948437269,1,160,20089000
1725122519884000,5099,10720,0,0,172,948437269,1,160,20112000
1725122540031000,5100,10880,0,0,172,948437269,1,160,20147000
1725122560232000,5101,11040,0,0,172,948437269,1,160,20201000
1725122580372000,5102,11200,0,0,172,948437269,1,160,20140000
1725122600469000,5103,11360,0,0,172,948437269,1,160,20097000
1725122619562000,5104,11520,0,0,172,948437269,1,160,19093000
1725122639722000,5105,11680,0,0,172,948437269,1,160,20160000
1725122659889000,5106,11840,0,0,172,948437269,1,160,20167000
1725122680003000,5107,12000,0,0,172,948437269,1,160,20114000
1725122700110000,5108,12160,0,0,172,948437269,1,160,20107000
1725122720214000,5109,12320,0,0,172,948437269,1,160,20104000
1725122740377000,5110,12480,0,0,172,948437269,1,160,20163000
1725122759530000,5111,12640,0,0,172,948437269,1,160,19153000
1725122779644000,5112,12800,0,0,172,948437269,1,160,20114000
1725122799745000,5113,12960,0,0,172,948437269,1,160,20101000
1725122819853000,5114,13120,0,0,172,948437269,1,160,20108000
1725122840030000,5115,13280,0,0,172,948437269,1,160,20177000
1725122860234000,5116,13440,0,0,172,948437269,1,160,20204000
1725122880383000,5117,13600,0,0,172,948437269,1,160,20149000
1725122899487000,5118,13760,0,0,172,948437269,1,160,19104000
1725122919582000,5119,13920,0,0,172,948437269,1,160,20095000
1725122939352000,5120,14080,0,0,172,948437269,1,160,19770000
1725122959823000,5121,14240,0,0,172,948437269,1,160,20471000
1725122979963000,5122,14400,0,0,172,948437269,1,160,20140000
1725123000080000,5123,14560,0,0,172,948437269,1,160,20117000
1725123019751000,5124,14720,0,0,172,948437269,1,160,19671000
1725123039917000,5125,14880,0,0,172,948437269,1,160,20166000
1725123059452000,5126,15040,0,0,172,948437269,1,160,19535000
1725123078990000,5127,15200,0,0,172,948437269,1,160,19538000
1725123099988000,5128,15360,0,0,172,948437269,1,160,20998000
1725123120081000,5129,15520,0,0,172,948437269,1,160,20093000
1725123140267000,5130,15680,0,0,172,948437269,1,160,20186000
1725123160145000,5131,15840,0,0,172,948437269,1,160,19878000
1725123180299000,5132,16000,0,0,172,948437269,1,160,20154000
1725123200402000,5133,16160,0,0,172,948437269,1,160,20103000
1725123218948000,5134,16320,0,0,172,948437269,1,160,18546000
1725123240106000,5135,16480,0,0,172,948437269,1,160,21158000
1725123260243000,5136,16640,0,0,172,948437269,1,160,20137000
1725123280353000,5137,16800,0,0,172,948437269,1,160,20110000
1725123299506000,5138,16960,0,0,172,948437269,1,160,19153000
1725123319356000,5139,17120,0,0,172,948437269,1,160,19850000
1725123339591000,5140,17280,0,0,172,948437269,1,160,20235000
1725123359791000,5141,17440,0,0,172,948437269,1,160,20200000
1725123379932000,5142,17600,0,0,172,948437269,1,160,20141000
1725123400042000,5143,17760,0,0,172,948437269,1,160,20110000
1725123420133000,5144,17920,0,0,172,948437269,1,160,20091000
1725123440306000,5145,18080,0,0,172,948437269,1,160,20173000
1725123460499000,5146,18240,0,0,172,948437269,1,160,20193000
1725123479629000,5147,18400,0,0,172,948437269,1,160,19130000
1725123499749000,5148,18560,0,0,172,948437269,1,160,20120000
1725123519021000,5149,18720,0,0,172,948437269,1,160,19272000
1725123540200000,5150,18880,0,0,172,948437269,1,160,21179000
1725123560415000,5151,19040,0,0,172,948437269,1,160,20215000
1725123578596000,5152,19200,0,0,172,948437269,1,160,18181000
1725123599717000,5153,19360,0,0,172,948437269,1,160,21121000
1725123619356000,5154,19520,0,0,172,948437269,1,160,19639000
1725123639483000,5155,19680,0,0,172,948437269,1,160,20127000
1725123659616000,5156,19840,0,0,172,948437269,1,160,20133000
1725123679750000,5157,20000,0,0,172,948437269,1,160,20134000
1725123699866000,5158,20160,0,0,172,948437269,1,160,20116000
1725123719962000,5159,20320,0,0,172,948437269,1,160,20096000
1725123740143000,5160,20480,0,0,172,948437269,1,160,20181000
1725123760353000,5161,20640,0,0,172,948437269,1,160,20210000
1725123779488000,5162,20800,0,0,172,948437269,1,160,19135000
1725123799603000,5163,20960,0,0,172,948437269,1,160,20115000
1725123818783000,5164,21120,0,0,172,948437269,1,160,19180000
1725123839934000,5165,21280,0,0,172,948437269,1,160,21151000
1725123860123000,5166,21440,0,0,172,948437269,1,160,20189000
1725123880275000,5167,21600,0,0,172,948437269,1,160,20152000
1725123899938000,5168,21760,0,0,172,948437269,1,160,19663000
1725123920897000,5169,21920,0,0,172,948437269,1,160,20959000
1725123940045000,5170,22080,0,0,172,948437269,1,160,19148000
1725123959449000,5171,22240,0,0,172,948437269,1,160,19404000
1725123979125000,5172,22400,0,0,172,948437269,1,160,19676000
1725124000234000,5173,22560,0,0,172,948437269,1,160,21109000
1725124020341000,5174,22720,0,0,172,948437269,1,160,20107000
1725124038632000,5175,22880,0,0,172,948437269,1,160,18291000
1725124059792000,5176,23040,0,0,172,948437269,1,160,21160000
1725124079923000,5177,23200,0,0,172,948437269,1,160,20131000
1725124100037000,5178,23360,0,0,172,948437269,1,160,20114000
1725124119699000,5179,23520,0,0,172,948437269,1,160,19662000
1725124140104000,5180,23680,0,0,172,948437269,1,160,20405000
1725124160299000,5181,23840,0,0,172,948437269,1,160,20195000
1725124179432000,5182,24000,0,0,172,948437269,1,160,19133000
1725124199521000,5183,24160,0,0,172,948437269,1,160,20089000
1725124219270000,5184,24320,0,0,172,948437269,1,160,19749000
1725124240461000,5185,24480,0,0,172,948437269,1,160,21191000
1725124258864000,5186,24640,0,0,172,948437269,1,160,18403000
1725124280007000,5187,24800,0,0,172,948437269,1,160,21143000
1725124300117000,5188,24960,0,0,172,948437269,1,160,20110000
1725124320289000,5189,25120,0,0,172,948437269,1,160,20172000
1725124340191000,5190,25280,0,0,172,948437269,1,160,19902000
1725124360242000,5191,25440,0,0,172,948437269,1,160,20051000
1725124380422000,5192,25600,0,0,172,948437269,1,160,20180000
1725124399049000,5193,25760,0,0,172,948437269,1,160,18627000
1725124420141000,5194,25920,0,0,172,948437269,1,160,21092000
1725124440293000,5195,26080,0,0,172,948437269,1,160,20152000
1725124459487000,5196,26240,0,0,172,948437269,1,160,19194000
1725124479602000,5197,26400,0,0,172,948437269,1,160,20115000
1725124499696000,5198,26560,0,0,172,948437269,1,160,20094000
1725124519227000,5199,26720,0,0,172,948437269,1,160,19531000
1725124540407000,5200,26880,0,0,172,948437269,1,160,21180000
1725124559621000,5201,27040,0,0,172,948437269,1,160,19214000
1725124579768000,5202,27200,0,0,172,948437269,1,160,20147000
1725124599885000,5203,27360,0,0,172,948437269,1,160,20117000
1725124619490000,5204,27520,0,0,172,948437269,1,160,19605000
1725124639668000,5205,27680,0,0,172,948437269,1,160,20178000
1725124659090000,5206,27840,0,0,172,948437269,1,160,19422000
1725124680207000,5207,28000,0,0,172,948437269,1,160,21117000
1725124700325000,5208,28160,0,0,172,948437269,1,160,20118000
1725124719419000,5209,28320,0,0,172,948437269,1,160,19094000
1725124739512000,5210,28480,0,0,172,948437269,1,160,20093000
1725124759666000,5211,28640,0,0,172,948437269,1,160,20154000
1725124779112000,5212,28800,0,0,172,948437269,1,160,19446000
1725124800196000,5213,28960,0,0,172,948437269,1,160,21084000
1725124820294000,5214,29120,0,0,172,948437269,1,160,20098000
1725124838807000,5215,29280,0,0,172,948437269,1,160,18513000
1725124859214000,5216,29440,0,0,172,948437269,1,160,20407000
1725124880359000,5217,29600,0,0,172,948437269,1,160,21145000
1725124899463000,5218,29760,0,0,172,948437269,1,160,19104000
1725124919581000,5219,29920,0,0,172,948437269,1,160,20118000
1725124939715000,5220,30080,0,0,172,948437269,1,160,20134000
1725124959908000,5221,30240,0,0,172,948437269,1,160,20193000
1725124980031000,5222,30400,0,0,172,948437269,1,160,20123000
1725125000083000,5223,30560,0,0,172,948437269,1,160,20052000
1725125020232000,5224,30720,0,0,172,948437269,1,160,20149000
1725125039400000,5225,30880,0,0,172,948437269,1,160,19168000
1725125059481000,5226,31040,0,0,172,948437269,1,160,20081000
1725125079565000,5227,31200,0,0,172,948437269,1,160,20084000
1725125099603000,5228,31360,0,0,172,948437269,1,160,20038000
1725125119640000,5229,31520,0,0,172,948437269,1,160,20037000
1725125139677000,5230,31680,0,0,172,948437269,1,160,20037000
1725125159719000,5231,31840,0,0,172,948437269,1,160,20042000
1725125179752000,5232,32000,0,0,172,948437269,1,160,20033000
1725125199816000,5233,32160,0,0,172,948437269,1,160,20064000
1725125219507000,5234,32320,0,0,172,948437269,1,160,19691000
1725125239681000,5235,32480,0,0,172,948437269,1,160,20174000
1725125259865000,5236,32640,0,0,172,948437269,1,160,20184000
1725125280013000,5237,32800,0,0,172,948437269,1,160,20148000
1725125300112000,5238,32960,0,0,172,948437269,1,160,20099000
1725125319671000,5239,33120,0,0,172,948437269,1,160,19559000
1725125339751000,5240,33280,0,0,172,948437269,1,160,20080000
1725125359955000,5241,33440,0,0,172,948437269,1,160,20204000
1725125380096000,5242,33600,0,0,172,948437269,1,160,20141000
1725125400208000,5243,33760,0,0,172,948437269,1,160,20112000
1725125420293000,5244,33920,0,0,172,948437269,1,160,20085000
1725125438531000,5245,34080,0,0,172,948437269,1,160,18238000
1725125459737000,5246,34240,0,0,172,948437269,1,160,21206000
1725125479875000,5247,34400,0,0,172,948437269,1,160,20138000
1725125499716000,5248,34560,0,0,172,948437269,1,160,19841000
1725125519826000,5249,34720,0,0,172,948437269,1,160,20110000
1725125540075000,5250,34880,0,0,172,948437269,1,160,20249000
1725125560280000,5251,35040,0,0,172,948437269,1,160,20205000
1725125578669000,5252,35200,0,0,172,948437269,1,160,18389000
1725125599786000,5253,35360,0,0,172,948437269,1,160,21117000
1725125619615000,5254,35520,0,0,172,948437269,1,160,19829000
1725125639806000,5255,35680,0,0,172,948437269,1,160,20191000
1725125659763000,5256,35840,0,0,172,948437269,1,160,19957000
1725125679306000,5257,36000,0,0,172,948437269,1,160,19543000
1725125699422000,5258,36160,0,0,172,948437269,1,160,20116000
1725125719534000,5259,36320,0,0,172,948437269,1,160,20112000
1725125739714000,5260,36480,0,0,172,948437269,1,160,20180000
1725125759917000,5261,36640,0,0,172,948437269,1,160,20203000
1725125780120000,5262,36800,0,0,172,948437269,1,160,20203000
1725125800303000,5263,36960,0,0,172,948437269,1,160,20183000
1725125818719000,5264,37120,0,0,172,948437269,1,160,18416000
1725125839900000,5265,37280,0,0,172,948437269,1,160,21181000
1725125860092000,5266,37440,0,0,172,948437269,1,160,20192000
1725125880203000,5267,37600,0,0,172,948437269,1,160,20111000
1725125900305000,5268,37760,0,0,172,948437269,1,160,20102000
1725125919497000,5269,37920,0,0,172,948437269,1,160,19192000
1725125939650000,5270,38080,0,0,172,948437269,1,160,20153000
1725125959831000,5271,38240,0,0,172,948437269,1,160,20181000
1725125979962000,5272,38400,0,0,172,948437269,1,160,20131000
1725126000065000,5273,38560,0,0,172,948437269,1,160,20103000
1725126020209000,5274,38720,0,0,172,948437269,1,160,20144000
1725126040357000,5275,38880,0,0,172,948437269,1,160,20148000
1725126059541000,5276,39040,0,0,172,948437269,1,160,19184000
1725126079478000,5277,39200,0,0,172,948437269,1,160,19937000
1725126099579000,5278,39360,0,0,172,948437269,1,160,20101000
1725126119590000,5279,39520,0,0,172,948437269,1,160,20011000
1725126139779000,5280,39680,0,0,172,948437269,1,160,20189000
1725126159988000,5281,39840,0,0,172,948437269,1,160,20209000
1725126180131000,5282,40000,0,0,172,948437269,1,160,20143000
1725126200040000,5283,40160,0,0,172,948437269,1,160,19909000
1725126220067000,5284,40320,0,0,172,948437269,1,160,20027000
1725126240302000,5285,40480,0,0,172,948437269,1,160,20235000
1725126259501000,5286,40640,0,0,172,948437269,1,160,19199000
1725126279655000,5287,40800,0,0,172,948437269,1,160,20154000
1725126299062000,5288,40960,0,0,172,948437269,1,160,19407000
1725126320153000,5289,41120,0,0,172,948437269,1,160,21091000
1725126340246000,5290,41280,0,0,172,948437269,1,160,20093000
1725126359433000,5291,41440,0,0,172,948437269,1,160,19187000
1725126379583000,5292,41600,0,0,172,948437269,1,160,20150000
1725126399668000,5293,41760,0,0,172,948437269,1,160,20085000
1725126419778000,5294,41920,0,0,172,948437269,1,160,20110000
1725126439952000,5295,42080,0,0,172,948437269,1,160,20174000
1725126460167000,5296,42240,0,0,172,948437269,1,160,20215000
1725126479354000,5297,42400,0,0,172,948437269,1,160,19187000
1725126499506000,5298,42560,0,0,172,948437269,1,160,20152000
1725126519638000,5299,42720,0,0,172,948437269,1,160,20132000
1725126539682000,5300,42880,0,0,172,948437269,1,160,20044000
1725126559852000,5301,43040,0,0,172,948437269,1,160,20170000
1725126579986000,5302,43200,0,0,172,948437269,1,160,20134000
1725126600065000,5303,43360,0,0,172,948437269,1,160,20079000
1725126620212000,5304,43520,0,0,172,948437269,1,160,20147000
1725126639362000,5305,43680,0,0,172,948437269,1,160,19150000
1725126659485000,5306,43840,0,0,172,948437269,1,160,20123000
1725126679026000,5307,44000,0,0,172,948437269,1,160,19541000
1725126700113000,5308,44160,0,0,172,948437269,1,160,21087000
1725126720257000,5309,44320,0,0,172,948437269,1,160,20144000
1725126739375000,5310,44480,0,0,172,948437269,1,160,19118000
1725126759544000,5311,44640,0,0,172,948437269,1,160,20169000
1725126779678000,5312,44800,0,0,172,948437269,1,160,20134000
1725126799407000,5313,44960,0,0,172,948437269,1,160,19729000
1725126819509000,5314,45120,0,0,172,948437269,1,160,20102000
1725126839677000,5315,45280,0,0,172,948437269,1,160,20168000
1725126859929000,5316,45440,0,0,172,948437269,1,160,20252000
1725126880067000,5317,45600,0,0,172,948437269,1,160,20138000
1725126900176000,5318,45760,0,0,172,948437269,1,160,20109000
1725126919647000,5319,45920,0,0,172,948437269,1,160,19471000
1725126939256000,5320,46080,0,0,172,948437269,1,160,19609000
1725126958686000,5321,46240,0,0,172,948437269,1,160,19430000
1725126979853000,5322,46400,0,0,172,948437269,1,160,21167000
1725126999995000,5323,46560,0,0,172,948437269,1,160,20142000
1725127020165000,5324,46720,0,0,172,948437269,1,160,20170000
1725127039319000,5325,46880,0,0,172,948437269,1,160,19154000
1725127059477000,5326,47040,0,0,172,948437269,1,160,20158000
1725127079609000,5327,47200,0,0,172,948437269,1,160,20132000
1725127099729000,5328,47360,0,0,172,948437269,1,160,20120000
1725127119947000,5329,47520,0,0,172,948437269,1,160,20218000
1725127140092000,5330,47680,0,0,172,948437269,1,160,20145000
1725127160241000,5331,47840,0,0,172,948437269,1,160,20149000
1725127179410000,5332,48000,0,0,172,948437269,1,160,19169000
1725127199533000,5333,48160,0,0,172,948437269,1,160,20123000
1725127219659000,5334,48320,0,0,172,948437269,1,160,20126000
1725127239823000,5335,48480,0,0,172,948437269,1,160,20164000
1725127260003000,5336,48640,0,0,172,948437269,1,160,20180000
1725127280114000,5337,48800,0,0,172,948437269,1,160,20111000
1725127299866000,5338,48960,0,0,172,948437269,1,160,19752000
1725127319947000,5339,49120,0,0,172,948437269,1,160,20081000
1725127340096000,5340,49280,0,0,172,948437269,1,160,20149000
1725127360282000,5341,49440,0,0,172,948437269,1,160,20186000
1725127378416000,5342,49600,0,0,172,948437269,1,160,18134000
1725127399561000,5343,49760,0,0,172,948437269,1,160,21145000
1725127419683000,5344,49920,0,0,172,948437269,1,160,20122000
1725127439782000,5345,50080,0,0,172,948437269,1,160,20099000
1725127458916000,5346,50240,0,0,172,948437269,1,160,19134000
1725127480100000,5347,50400,0,0,172,948437269,1,160,21184000
1725127502206000,5348,50560,0,0,172,948437269,1,160,22106000
1725127519527000,5349,50720,0,0,172,948437269,1,160,17321000
1725127539854000,5350,50880,0,0,172,948437269,1,160,20327000
1725127560348000,5351,51040,0,0,172,948437269,1,160,20494000
1725127579569000,5352,51200,0,0,172,948437269,1,160,19221000
1725127599873000,5353,51360,0,0,172,948437269,1,160,20304000
1725127619625000,5354,51520,0,0,172,948437269,1,160,19752000
1725127640021000,5355,51680,0,0,172,948437269,1,160,20396000
1725127660288000,5356,51840,0,0,172,948437269,1,160,20267000
1725127678871000,5357,52000,0,0,172,948437269,1,160,18583000
1725127699853000,5358,52160,0,0,172,948437269,1,160,20982000
1725127719622000,5359,52320,0,0,172,948437269,1,160,19769000
1725127739858000,5360,52480,0,0,172,948437269,1,160,20236000
1725127760259000,5361,52640,0,0,172,948437269,1,160,20401000
1725127779443000,5362,52800,0,0,172,948437269,1,160,19184000
1725127799613000,5363,52960,0,0,172,948437269,1,160,20170000
1725127819912000,5364,53120,0,0,172,948437269,1,160,20299000
1725127840268000,5365,53280,0,0,172,948437269,1,160,20356000
1725127859462000,5366,53440,0,0,172,948437269,1,160,19194000
1725127879643000,5367,53600,0,0,172,948437269,1,160,20181000
1725127899803000,5368,53760,0,0,172,948437269,1,160,20160000
1725127920040000,5369,53920,0,0,172,948437269,1,160,20237000
1725127939927000,5370,54080,0,0,172,948437269,1,160,19887000
1725127959848000,5371,54240,0,0,172,948437269,1,160,19921000
1725127980002000,5372,54400,0,0,172,948437269,1,160,20154000
1725128000179000,5373,54560,0,0,172,948437269,1,160,20177000
1725128019352000,5374,54720,0,0,172,948437269,1,160,19173000
1725128039495000,5375,54880,0,0,172,948437269,1,160,20143000
1725128059808000,5376,55040,0,0,172,948437269,1,160,20313000
1725128079434000,5377,55200,0,0,172,948437269,1,160,19626000
1725128099596000,5378,55360,0,0,172,948437269,1,160,20162000
1725128119763000,5379,55520,0,0,172,948437269,1,160,20167000
1725128139644000,5380,55680,0,0,172,948437269,1,160,19881000
1725128159933000,5381,55840,0,0,172,948437269,1,160,20289000
1725128179859000,5382,56000,0,0,172,948437269,1,160,19926000
1725128199999000,5383,56160,0,0,172,948437269,1,160,20140000
1725128220181000,5384,56320,0,0,172,948437269,1,160,20182000
1725128239138000,5385,56480,0,0,172,948437269,1,160,18957000
1725128259545000,5386,56640,0,0,172,948437269,1,160,20407000
1725128279721000,5387,56800,0,0,172,948437269,1,160,20176000
1725128299892000,5388,56960,0,0,172,948437269,1,160,20171000
1725128320133000,5389,57120,0,0,172,948437269,1,160,20241000
1725128339426000,5390,57280,0,0,172,948437269,1,160,19293000
1725128359055000,5391,57440,0,0,172,948437269,1,160,19629000
1725128379989000,5392,57600,0,0,172,948437269,1,160,20934000
1725128400188000,5393,57760,0,0,172,948437269,1,160,20199000
1725128419472000,5394,57920,0,0,172,948437269,1,160,19284000
1725128439784000,5395,58080,0,0,172,948437269,1,160,20312000
1725128460122000,5396,58240,0,0,172,948437269,1,160,20338000
1725128478441000,5397,58400,0,0,172,948437269,1,160,18319000
1725128499693000,5398,58560,0,0,172,948437269,1,160,21252000
1725128519988000,5399,58720,0,0,172,948437269,1,160,20295000
1725128540430000,5400,58880,0,0,172,948437269,1,160,20442000
1725128562244000,5401,59040,0,0,172,948437269,1,160,21814000
1725128581078000,5402,59200,0,0,172,948437269,1,160,18834000
1725128600984000,5403,59360,0,0,172,948437269,1,160,19906000
1725128622755000,5404,59520,0,0,172,948437269,1,160,21771000
1725128643714000,5405,59680,0,0,172,948437269,1,160,20959000
1725128661910000,5406,59840,0,0,172,948437269,1,160,18196000
1725128681750000,5407,60000,0,0,172,948437269,1,160,19840000
1725128700536000,5408,60160,0,0,172,948437269,1,160,18786000
1725128722324000,5409,60320,0,0,172,948437269,1,160,21788000
1725128739557000,5410,60480,0,0,172,948437269,1,160,17233000
1725128759942000,5411,60640,0,0,172,948437269,1,160,20385000
1725128780217000,5412,60800,0,0,172,948437269,1,160,20275000
1725128799112000,5413,60960,0,0,172,948437269,1,160,18895000
1725128819477000,5414,61120,0,0,172,948437269,1,160,20365000
1725128839874000,5415,61280,0,0,172,948437269,1,160,20397000
1725128860082000,5416,61440,0,0,172,948437269,1,160,20208000
1725128879246000,5417,61600,0,0,172,948437269,1,160,19164000
1725128899420000,5418,61760,0,0,172,948437269,1,160,20174000
1725128919152000,5419,61920,0,0,172,948437269,1,160,19732000
1725128939356000,5420,62080,0,0,172,948437269,1,160,20204000
1725128959158000,5421,62240,0,0,172,948437269,1,160,19802000
1725128979372000,5422,62400,0,0,172,948437269,1,160,20214000
1725128999595000,5423,62560,0,0,172,948437269,1,160,20223000
1725129019784000,5424,62720,0,0,172,948437269,1,160,20189000
1725129040096000,5425,62880,0,0,172,948437269,1,160,20312000
1725129059077000,5426,63040,0,0,172,948437269,1,160,18981000
1725129079277000,5427,63200,0,0,172,948437269,1,160,20200000
1725129099440000,5428,63360,0,0,172,948437269,1,160,20163000
1725129119750000,5429,63520,0,0,172,948437269,1,160,20310000
1725129140072000,5430,63680,0,0,172,948437269,1,160,20322000
1725129159413000,5431,63840,0,0,172,948437269,1,160,19341000
1725129179598000,5432,64000,0,0,172,948437269,1,160,20185000
1725129199742000,5433,64160,0,0,172,948437269,1,160,20144000
1725129219906000,5434,64320,0,0,172,948437269,1,160,20164000
1725129240204000,5435,64480,0,0,172,948437269,1,160,20298000
1725129259628000,5436,64640,0,0,172,948437269,1,160,19424000
1725129279792000,5437,64800,0,0,172,948437269,1,160,20164000
1725129299971000,5438,64960,0,0,172,948437269,1,160,20179000
1725129319954000,5439,65120,0,0,172,948437269,1,160,19983000
1725129340271000,5440,65280,0,0,172,948437269,1,160,20317000
1725129359575000,5441,65440,0,0,172,948437269,1,160,19304000
1725129379773000,5442,65600,0,0,172,948437269,1,160,20198000
1725129399354000,5443,65760,0,0,172,948437269,1,160,19581000
1725129419111000,5444,65920,0,0,172,948437269,1,160,19757000
1725129439440000,5445,66080,0,0,172,948437269,1,160,20329000
1725129459785000,5446,66240,0,0,172,948437269,1,160,20345000
1725129480036000,5447,66400,0,0,172,948437269,1,160,20251000
1725129499750000,5448,66560,0,0,172,948437269,1,160,19714000
1725129519606000,5449,66720,0,0,172,948437269,1,160,19856000
1725129539936000,5450,66880,0,0,172,948437269,1,160,20330000
1725129560275000,5451,67040,0,0,172,948437269,1,160,20339000
1725129579446000,5452,67200,0,0,172,948437269,1,160,19171000
1725129599607000,5453,67360,0,0,172,948437269,1,160,20161000
1725129619768000,5454,67520,0,0,172,948437269,1,160,20161000
1725129640079000,5455,67680,0,0,172,948437269,1,160,20311000
1725129659351000,5456,67840,0,0,172,948437269,1,160,19272000
1725129679574000,5457,68000,0,0,172,948437269,1,160,20223000
1725129699731000,5458,68160,0,0,172,948437269,1,160,20157000
1725129720123000,5459,68320,0,0,172,948437269,1,160,20392000
1725129739250000,5460,68480,0,0,172,948437269,1,160,19127000
1725129759631000,5461,68640,0,0,172,948437269,1,160,20381000
1725129779829000,5462,68800,0,0,172,948437269,1,160,20198000
1725129800007000,5463,68960,0,0,172,948437269,1,160,20178000
1725129820316000,5464,69120,0,0,172,948437269,1,160,20309000
1725129839732000,5465,69280,0,0,172,948437269,1,160,19416000
1725129859847000,5466,69440,0,0,172,948437269,1,160,20115000
1725129879667000,5467,69600,0,0,172,948437269,1,160,19820000
1725129899832000,5468,69760,0,0,172,948437269,1,160,20165000
1725129919984000,5469,69920,0,0,172,948437269,1,160,20152000
1725129940278000,5470,70080,0,0,172,948437269,1,160,20294000
1725129959612000,5471,70240,0,0,172,948437269,1,160,19334000
1725129979808000,5472,70400,0,0,172,948437269,1,160,20196000
1725129999839000,5473,70560,0,0,172,948437269,1,160,20031000
1725130020037000,5474,70720,0,0,172,948437269,1,160,20198000
1725130039361000,5475,70880,0,0,172,948437269,1,160,19324000
1725130059029000,5476,71040,0,0,172,948437269,1,160,19668000
1725130078303000,5477,71200,0,0,172,948437269,1,160,19274000
1725130099460000,5478,71360,0,0,172,948437269,1,160,21157000
1725130119435000,5479,71520,0,0,172,948437269,1,160,19975000
1725130139746000,5480,71680,0,0,172,948437269,1,160,20311000
1725130160083000,5481,71840,0,0,172,948437269,1,160,20337000
1725130179293000,5482,72000,0,0,172,948437269,1,160,19210000
1725130199461000,5483,72160,0,0,172,948437269,1,160,20168000
1725130219058000,5484,72320,0,0,172,948437269,1,160,19597000
1725130239373000,5485,72480,0,0,172,948437269,1,160,20315000
1725130259813000,5486,72640,0,0,172,948437269,1,160,20440000
1725130280034000,5487,72800,0,0,172,948437269,1,160,20221000
1725130299215000,5488,72960,0,0,172,948437269,1,160,19181000
1725130319391000,5489,73120,0,0,172,948437269,1,160,20176000
1725130339678000,5490,73280,0,0,172,948437269,1,160,20287000
1725130360023000,5491,73440,0,0,172,948437269,1,160,20345000
1725130379225000,5492,73600,0,0,172,948437269,1,160,19202000
1725130399402000,5493,73760,0,0,172,948437269,1,160,20177000
1725130419582000,5494,73920,0,0,172,948437269,1,160,20180000
1725130439873000,5495,74080,0,0,172,948437269,1,160,20291000
1725130459326000,5496,74240,0,0,172,948437269,1,160,19453000
1725130479569000,5497,74400,0,0,172,948437269,1,160,20243000
1725130499790000,5498,74560,0,0,172,948437269,1,160,20221000
1725130519013000,5499,74720,0,0,172,948437269,1,160,19223000
1725130539326000,5500,74880,0,0,172,948437269,1,160,20313000
1725130559669000,5501,75040,0,0,172,948437269,1,160,20343000
1725130579312000,5502,75200,0,0,172,948437269,1,160,19643000
1725130599494000,5503,75360,0,0,172,948437269,1,160,20182000
1725130618930000,5504,75520,0,0,172,948437269,1,160,19436000
1725130640250000,5505,75680,0,0,172,948437269,1,160,21320000
1725130659455000,5506,75840,0,0,172,948437269,1,160,19205000
1725130679681000,5507,76000,0,0,172,948437269,1,160,20226000
1725130699842000,5508,76160,0,0,172,948437269,1,160,20161000
1725130720046000,5509,76320,0,0,172,948437269,1,160,20204000
1725130739248000,5510,76480,0,0,172,948437269,1,160,19202000
1725130759622000,5511,76640,0,0,172,948437269,1,160,20374000
1725130779821000,5512,76800,0,0,172,948437269,1,160,20199000
1725130799990000,5513,76960,0,0,172,948437269,1,160,20169000
1725130819149000,5514,77120,0,0,172,948437269,1,160,19159000
1725130839485000,5515,77280,0,0,172,948437269,1,160,20336000
1725130859834000,5516,77440,0,0,172,948437269,1,160,20349000
1725130880047000,5517,77600,0,0,172,948437269,1,160,20213000
1725130898775000,5518,77760,0,0,172,948437269,1,160,18728000
1725130919932000,5519,77920,0,0,172,948437269,1,160,21157000
1725130940141000,5520,78080,0,0,172,948437269,1,160,20209000
1725130959449000,5521,78240,0,0,172,948437269,1,160,19308000
1725130979679000,5522,78400,0,0,172,948437269,1,160,20230000
1725130999669000,5523,78560,0,0,172,948437269,1,160,19990000
1725131019894000,5524,78720,0,0,172,948437269,1,160,20225000
1725131040206000,5525,78880,0,0,172,948437269,1,160,20312000
1725131059522000,5526,79040,0,0,172,948437269,1,160,19316000
1725131079718000,5527,79200,0,0,172,948437269,1,160,20196000
1725131099892000,5528,79360,0,0,172,948437269,1,160,20174000
1725131120179000,5529,79520,0,0,172,948437269,1,160,20287000
1725131139494000,5530,79680,0,0,172,948437269,1,160,19315000
1725131159849000,5531,79840,0,0,172,948437269,1,160,20355000
1725131179114000,5532,80000,0,0,172,948437269,1,160,19265000
1725131198879000,5533,80160,0,0,172,948437269,1,160,19765000
1725131220090000,5534,80320,0,0,172,948437269,1,160,21211000
1725131238400000,5535,80480,0,0,172,948437269,1,160,18310000
1725131259812000,5536,80640,0,0,172,948437269,1,160,21412000
1725131279818000,5537,80800,0,0,172,948437269,1,160,20006000
1725131299981000,5538,80960,0,0,172,948437269,1,160,20163000
1725131319289000,5539,81120,0,0,172,948437269,1,160,19308000
1725131339265000,5540,81280,0,0,172,948437269,1,160,19976000
1725131358787000,5541,81440,0,0,172,948437269,1,160,19522000
1725131379985000,5542,81600,0,0,172,948437269,1,160,21198000
1725131399148000,5543,81760,0,0,172,948437269,1,160,19163000
1725131419315000,5544,81920,0,0,172,948437269,1,160,20167000
1725131439642000,5545,82080,0,0,172,948437269,1,160,20327000
1725131459983000,5546,82240,0,0,172,948437269,1,160,20341000
1725131478650000,5547,82400,0,0,172,948437269,1,160,18667000
1725131499832000,5548,82560,0,0,172,948437269,1,160,21182000
1725131520147000,5549,82720,0,0,172,948437269,1,160,20315000
1725131539360000,5550,82880,0,0,172,948437269,1,160,19213000
1725131559665000,5551,83040,0,0,172,948437269,1,160,20305000
1725131579863000,5552,83200,0,0,172,948437269,1,160,20198000
1725131600029000,5553,83360,0,0,172,948437269,1,160,20166000
1725131618653000,5554,83520,0,0,172,948437269,1,160,18624000
1725131639943000,5555,83680,0,0,172,948437269,1,160,21290000
1725131659160000,5556,83840,0,0,172,948437269,1,160,19217000
1725131679373000,5557,84000,0,0,172,948437269,1,160,20213000
1725131699181000,5558,84160,0,0,172,948437269,1,160,19808000
1725131719374000,5559,84320,0,0,172,948437269,1,160,20193000
1725131739754000,5560,84480,0,0,172,948437269,1,160,20380000
1725131760031000,5561,84640,0,0,172,948437269,1,160,20277000
1725131779202000,5562,84800,0,0,172,948437269,1,160,19171000
1725131799418000,5563,84960,0,0,172,948437269,1,160,20216000
1725131819694000,5564,85120,0,0,172,948437269,1,160,20276000
1725131839967000,5565,85280,0,0,172,948437269,1,160,20273000
1725131858864000,5566,85440,0,0,172,948437269,1,160,18897000
1725131880075000,5567,85600,0,0,172,948437269,1,160,21211000
1725131899226000,5568,85760,0,0,172,948437269,1,160,19151000
1725131919540000,5569,85920,0,0,172,948437269,1,160,20314000
1725131939783000,5570,86080,0,0,172,948437269,1,160,20243000
1725131959325000,5571,86240,0,0,172,948437269,1,160,19542000
1725131979515000,5572,86400,0,0,172,948437269,1,160,20190000
1725131999707000,5573,86560,0,0,172,948437269,1,160,20192000
1725132019924000,5574,86720,0,0,172,948437269,1,160,20217000
1725132039087000,5575,86880,0,0,172,948437269,1,160,19163000
1725132059402000,5576,87040,0,0,172,948437269,1,160,20315000
1725132079600000,5577,87200,0,0,172,948437269,1,160,20198000
1725132099358000,5578,87360,0,0,172,948437269,1,160,19758000
1725132119122000,5579,87520,0,0,172,948437269,1,160,19764000
1725132138900000,5580,87680,0,0,172,948437269,1,160,19778000
1725132159215000,5581,87840,0,0,172,948437269,1,160,20315000
1725132179413000,5582,88000,0,0,172,948437269,1,160,20198000
1725132199576000,5583,88160,0,0,172,948437269,1,160,20163000
1725132219520000,5584,88320,0,0,172,948437269,1,160,19944000
1725132239835000,5585,88480,0,0,172,948437269,1,160,20315000
1725132260235000,5586,88640,0,0,172,948437269,1,160,20400000
1725132279437000,5587,88800,0,0,172,948437269,1,160,19202000
1725132298873000,5588,88960,0,0,172,948437269,1,160,19436000
1725132320027000,5589,89120,0,0,172,948437269,1,160,21154000
1725132339307000,5590,89280,0,0,172,948437269,1,160,19280000
1725132359654000,5591,89440,0,0,172,948437269,1,160,20347000
1725132379864000,5592,89600,0,0,172,948437269,1,160,20210000
1725132400044000,5593,89760,0,0,172,948437269,1,160,20180000
1725132419189000,5594,89920,0,0,172,948437269,1,160,19145000
1725132439503000,5595,90080,0,0,172,948437269,1,160,20314000
1725132459852000,5596,90240,0,0,172,948437269,1,160,20349000
1725132479091000,5597,90400,0,0,172,948437269,1,160,19239000
1725132499293000,5598,90560,0,0,172,948437269,1,160,20202000
1725132519459000,5599,90720,0,0,172,948437269,1,160,20166000
1725132538917000,5600,90880,0,0,172,948437269,1,160,19458000
1725132559231000,5601,91040,0,0,172,948437269,1,160,20314000
1725132579428000,5602,91200,0,0,172,948437269,1,160,20197000
1725132599600000,5603,91360,0,0,172,948437269,1,160,20172000
1725132619470000,5604,91520,0,0,172,948437269,1,160,19870000
1725132639825000,5605,91680,0,0,172,948437269,1,160,20355000
1725132660068000,5606,91840,0,0,172,948437269,1,160,20243000
1725132679294000,5607,92000,0,0,172,948437269,1,160,19226000
1725132699439000,5608,92160,0,0,172,948437269,1,160,20145000
1725132719660000,5609,92320,0,0,172,948437269,1,160,20221000
1725132740014000,5610,92480,0,0,172,948437269,1,160,20354000
1725132759389000,5611,92640,0,0,172,948437269,1,160,19375000
1725132779600000,5612,92800,0,0,172,948437269,1,160,20211000
1725132799750000,5613,92960,0,0,172,948437269,1,160,20150000
1725132819941000,5614,93120,0,0,172,948437269,1,160,20191000
1725132839124000,5615,93280,0,0,172,948437269,1,160,19183000
1725132859150000,5616,93440,0,0,172,948437269,1,160,20026000
1725132879347000,5617,93600,0,0,172,948437269,1,160,20197000
1725132899130000,5618,93760,0,0,172,948437269,1,160,19783000
1725132918700000,5619,93920,0,0,172,948437269,1,160,19570000
1725132939913000,5620,94080,0,0,172,948437269,1,160,21213000
1725132959225000,5621,94240,0,0,172,948437269,1,160,19312000
1725132979433000,5622,94400,0,0,172,948437269,1,160,20208000
1725132999622000,5623,94560,0,0,172,948437269,1,160,20189000
1725133019810000,5624,94720,0,0,172,948437269,1,160,20188000
1725133040107000,5625,94880,0,0,172,948437269,1,160,20297000
1725133059425000,5626,95040,0,0,172,948437269,1,160,19318000
1725133079631000,5627,95200,0,0,172,948437269,1,160,20206000
1725133099117000,5628,95360,0,0,172,948437269,1,160,19486000
1725133119266000,5629,95520,0,0,172,948437269,1,160,20149000
1725133139576000,5630,95680,0,0,172,948437269,1,160,20310000
1725133159903000,5631,95840,0,0,172,948437269,1,160,20327000
1725133179094000,5632,96000,0,0,172,948437269,1,160,19191000
1725133199263000,5633,96160,0,0,172,948437269,1,160,20169000
1725133219229000,5634,96320,0,0,172,948437269,1,160,19966000
1725133239542000,5635,96480,0,0,172,948437269,1,160,20313000
1725133259957000,5636,96640,0,0,172,948437269,1,160,20415000
1725133279149000,5637,96800,0,0,172,948437269,1,160,19192000
1725133298904000,5638,96960,0,0,172,948437269,1,160,19755000
1725133319073000,5639,97120,0,0,172,948437269,1,160,20169000
1725133339395000,5640,97280,0,0,172,948437269,1,160,20322000
1725133358835000,5641,97440,0,0,172,948437269,1,160,19440000
1725133379049000,5642,97600,0,0,172,948437269,1,160,20214000
1725133399227000,5643,97760,0,0,172,948437269,1,160,20178000
1725133418649000,5644,97920,0,0,172,948437269,1,160,19422000
1725133439978000,5645,98080,0,0,172,948437269,1,160,21329000
1725133458938000,5646,98240,0,0,172,948437269,1,160,18960000
1725133479208000,5647,98400,0,0,172,948437269,1,160,20270000
1725133498567000,5648,98560,0,0,172,948437269,1,160,19359000
1725133519727000,5649,98720,0,0,172,948437269,1,160,21160000
1725133539861000,5650,98880,0,0,172,948437269,1,160,20134000
1725133559178000,5651,99040,0,0,172,948437269,1,160,19317000
1725133579030000,5652,99200,0,0,172,948437269,1,160,19852000
1725133599216000,5653,99360,0,0,172,948437269,1,160,20186000
1725133619383000,5654,99520,0,0,172,948437269,1,160,20167000
1725133639700000,5655,99680,0,0,172,948437269,1,160,20317000
1725133660044000,5656,99840,0,0,172,948437269,1,160,20344000
1725133679268000,5657,100000,0,0,172,948437269,1,160,19224000
1725133699441000,5658,100160,0,0,172,948437269,1,160,20173000
1725133719062000,5659,100320,0,0,172,948437269,1,160,19621000
1725133739228000,5660,100480,0,0,172,948437269,1,160,20166000
1725133759510000,5661,100640,0,0,172,948437269,1,160,20282000
1725133779672000,5662,100800,0,0,172,948437269,1,160,20162000
1725133798900000,5663,100960,0,0,172,948437269,1,160,19228000
1725133819087000,5664,101120,0,0,172,948437269,1,160,20187000
1725133838427000,5665,101280,0,0,172,948437269,1,160,19340000
1725133859754000,5666,101440,0,0,172,948437269,1,160,21327000
1725133879745000,5667,101600,0,0,172,948437269,1,160,19991000
1725133899894000,5668,101760,0,0,172,948437269,1,160,20149000
1725133919029000,5669,101920,0,0,172,948437269,1,160,19135000
1725133939243000,5670,102080,0,0,172,948437269,1,160,20214000
1725133959010000,5671,102240,0,0,172,948437269,1,160,19767000
1725133979222000,5672,102400,0,0,172,948437269,1,160,20212000
1725133999397000,5673,102560,0,0,172,948437269,1,160,20175000
1725134019767000,5674,102720,0,0,172,948437269,1,160,20370000
1725134038907000,5675,102880,0,0,172,948437269,1,160,19140000
1725134059217000,5676,103040,0,0,172,948437269,1,160,20310000
1725134079406000,5677,103200,0,0,172,948437269,1,160,20189000
1725134099574000,5678,103360,0,0,172,948437269,1,160,20168000
1725134119743000,5679,103520,0,0,172,948437269,1,160,20169000
1725134140056000,5680,103680,0,0,172,948437269,1,160,20313000
1725134159391000,5681,103840,0,0,172,948437269,1,160,19335000
1725134179033000,5682,104000,0,0,172,948437269,1,160,19642000
1725134199201000,5683,104160,0,0,172,948437269,1,160,20168000
1725134218480000,5684,104320,0,0,172,948437269,1,160,19279000
1725134239810000,5685,104480,0,0,172,948437269,1,160,21330000
1725134258683000,5686,104640,0,0,172,948437269,1,160,18873000
1725134279875000,5687,104800,0,0,172,948437269,1,160,21192000
1725134299047000,5688,104960,0,0,172,948437269,1,160,19172000
1725134319101000,5689,105120,0,0,172,948437269,1,160,20054000
1725134338569000,5690,105280,0,0,172,948437269,1,160,19468000
1725134359865000,5691,105440,0,0,172,948437269,1,160,21296000
1725134378625000,5692,105600,0,0,172,948437269,1,160,18760000
1725134399769000,5693,105760,0,0,172,948437269,1,160,21144000
1725134418947000,5694,105920,0,0,172,948437269,1,160,19178000
1725134438133000,5695,106080,0,0,172,948437269,1,160,19186000
1725134459477000,5696,106240,0,0,172,948437269,1,160,21344000
1725134479725000,5697,106400,0,0,172,948437269,1,160,20248000
1725134499933000,5698,106560,0,0,172,948437269,1,160,20208000
1725134519078000,5699,106720,0,0,172,948437269,1,160,19145000
1725134539388000,5700,106880,0,0,172,948437269,1,160,20310000
1725134559716000,5701,107040,0,0,172,948437269,1,160,20328000
1725134579636000,5702,107200,0,0,172,948437269,1,160,19920000
1725134599416000,5703,107360,0,0,172,948437269,1,160,19780000
1725134619171000,5704,107520,0,0,172,948437269,1,160,19755000
1725134639499000,5705,107680,0,0,172,948437269,1,160,20328000
1725134659840000,5706,107840,0,0,172,948437269,1,160,20341000
1725134679086000,5707,108000,0,0,172,948437269,1,160,19246000
1725134699241000,5708,108160,0,0,172,948437269,1,160,20155000
1725134719449000,5709,108320,0,0,172,948437269,1,160,20208000
1725134739824000,5710,108480,0,0,172,948437269,1,160,20375000
1725134759218000,5711,108640,0,0,172,948437269,1,160,19394000
1725134779424000,5712,108800,0,0,172,948437269,1,160,20206000
1725134799609000,5713,108960,0,0,172,948437269,1,160,20185000
1725134819779000,5714,109120,0,0,172,948437269,1,160,20170000
1725134838960000,5715,109280,0,0,172,948437269,1,160,19181000
1725134859266000,5716,109440,0,0,172,948437269,1,160,20306000
1725134879265000,5717,109600,0,0,172,948437269,1,160,19999000
1725134899409000,5718,109760,0,0,172,948437269,1,160,20144000
1725134919178000,5719,109920,0,0,172,948437269,1,160,19769000
1725134939372000,5720,110080,0,0,172,948437269,1,160,20194000
1725134959687000,5721,110240,0,0,172,948437269,1,160,20315000
1725134979870000,5722,110400,0,0,172,948437269,1,160,20183000
1725134999078000,5723,110560,0,0,172,948437269,1,160,19208000
1725135019219000,5724,110720,0,0,172,948437269,1,160,20141000
1725135039516000,5725,110880,0,0,172,948437269,1,160,20297000
1725135059658000,5726,111040,0,0,172,948437269,1,160,20142000
1725135079858000,5727,111200,0,0,172,948437269,1,160,20200000
1725135098961000,5728,111360,0,0,172,948437269,1,160,19103000
1725135119070000,5729,111520,0,0,172,948437269,1,160,20109000
1725135139167000,5730,111680,0,0,172,948437269,1,160,20097000
1725135159263000,5731,111840,0,0,172,948437269,1,160,20096000
1725135179340000,5732,112000,0,0,172,948437269,1,160,20077000
1725135199403000,5733,112160,0,0,172,948437269,1,160,20063000
1725135219474000,5734,112320,0,0,172,948437269,1,160,20071000
1725135239547000,5735,112480,0,0,172,948437269,1,160,20073000
1725135259932000,5736,112640,0,0,172,948437269,1,160,20385000
1725135279047000,5737,112800,0,0,172,948437269,1,160,19115000
1725135299220000,5738,112960,0,0,172,948437269,1,160,20173000
1725135319161000,5739,113120,0,0,172,948437269,1,160,19941000
1725135339373000,5740,113280,0,0,172,948437269,1,160,20212000
1725135359697000,5741,113440,0,0,172,948437269,1,160,20324000
1725135379868000,5742,113600,0,0,172,948437269,1,160,20171000
1725135399011000,5743,113760,0,0,172,948437269,1,160,19143000
1725135419152000,5744,113920,0,0,172,948437269,1,160,20141000
1725135439468000,5745,114080,0,0,172,948437269,1,160,20316000
1725135459794000,5746,114240,0,0,172,948437269,1,160,20326000
1725135478056000,5747,114400,0,0,172,948437269,1,160,18262000
1725135498474000,5748,114560,0,0,172,948437269,1,160,20418000
1725135519166000,5749,114720,0,0,172,948437269,1,160,20692000
1725135539494000,5750,114880,0,0,172,948437269,1,160,20328000
1725135558861000,5751,115040,0,0,172,948437269,1,160,19367000
1725135579073000,5752,115200,0,0,172,948437269,1,160,20212000
1725135598317000,5753,115360,0,0,172,948437269,1,160,19244000
1725135619466000,5754,115520,0,0,172,948437269,1,160,21149000
1725135639796000,5755,115680,0,0,172,948437269,1,160,20330000
1725135659016000,5756,115840,0,0,172,948437269,1,160,19220000
1725135679481000,5757,116000,0,0,172,948437269,1,160,20465000
1725135698716000,5758,116160,0,0,172,948437269,1,160,19235000
1725135718653000,5759,116320,0,0,172,948437269,1,160,19937000
1725135739933000,5760,116480,0,0,172,948437269,1,160,21280000
1725135759299000,5761,116640,0,0,172,948437269,1,160,19366000
1725135779502000,5762,116800,0,0,172,948437269,1,160,20203000
1725135799642000,5763,116960,0,0,172,948437269,1,160,20140000
1725135821004000,5764,117120,0,0,172,948437269,1,160,21362000
1725135839453000,5765,117280,0,0,172,948437269,1,160,18449000
1725135859792000,5766,117440,0,0,172,948437269,1,160,20339000
1725135878954000,5767,117600,0,0,172,948437269,1,160,19162000
1725135899095000,5768,117760,0,0,172,948437269,1,160,20141000
1725135919258000,5769,117920,0,0,172,948437269,1,160,20163000
1725135939421000,5770,118080,0,0,172,948437269,1,160,20163000
1725135959732000,5771,118240,0,0,172,948437269,1,160,20311000
1725135978910000,5772,118400,0,0,172,948437269,1,160,19178000
1725135999213000,5773,118560,0,0,172,948437269,1,160,20303000
1725136018565000,5774,118720,0,0,172,948437269,1,160,19352000
1725136039861000,5775,118880,0,0,172,948437269,1,160,21296000
1725136058648000,5776,119040,0,0,172,948437269,1,160,18787000
1725136078877000,5777,119200,0,0,172,948437269,1,160,20229000
1725136099068000,5778,119360,0,0,172,948437269,1,160,20191000
1725136119394000,5779,119520,0,0,172,948437269,1,160,20326000
1725136139801000,5780,119680,0,0,172,948437269,1,160,20407000
1725136159182000,5781,119840,0,0,172,948437269,1,160,19381000
1725136179476000,5782,120000,0,0,172,948437269,1,160,20294000
1725136199866000,5783,120160,0,0,172,948437269,1,160,20390000
1725136218312000,5784,120320,0,0,172,948437269,1,160,18446000
1725136239637000,5785,120480,0,0,172,948437269,1,160,21325000
1725136259105000,5786,120640,0,0,172,948437269,1,160,19468000
1725136279312000,5787,120800,0,0,172,948437269,1,160,20207000
1725136299495000,5788,120960,0,0,172,948437269,1,160,20183000
1725136319886000,5789,121120,0,0,172,948437269,1,160,20391000
1725136339501000,5790,121280,0,0,172,948437269,1,160,19615000
1725136359876000,5791,121440,0,0,172,948437269,1,160,20375000
1725136379075000,5792,121600,0,0,172,948437269,1,160,19199000
1725136399399000,5793,121760,0,0,172,948437269,1,160,20324000
1725136419854000,5794,121920,0,0,172,948437269,1,160,20455000
1725136439299000,5795,122080,0,0,172,948437269,1,160,19445000
1725136459706000,5796,122240,0,0,172,948437269,1,160,20407000
1725136479228000,5797,122400,0,0,172,948437269,1,160,19522000
1725136499423000,5798,122560,0,0,172,948437269,1,160,20195000
1725136519818000,5799,122720,0,0,172,948437269,1,160,20395000
1725136539195000,5800,122880,0,0,172,948437269,1,160,19377000
1725136559595000,5801,123040,0,0,172,948437269,1,160,20400000
1725136578874000,5802,123200,0,0,172,948437269,1,160,19279000
1725136599264000,5803,123360,0,0,172,948437269,1,160,20390000
1725136619671000,5804,123520,0,0,172,948437269,1,160,20407000
1725136639018000,5805,123680,0,0,172,948437269,1,160,19347000
1725136658424000,5806,123840,0,0,172,948437269,1,160,19406000
1725136679828000,5807,124000,0,0,172,948437269,1,160,21404000
1725136699329000,5808,124160,0,0,172,948437269,1,160,19501000
1725136719687000,5809,124320,0,0,172,948437269,1,160,20358000
1725136739206000,5810,124480,0,0,172,948437269,1,160,19519000
1725136759007000,5811,124640,0,0,172,948437269,1,160,19801000
1725136779269000,5812,124800,0,0,172,948437269,1,160,20262000
1725136799644000,5813,124960,0,0,172,948437269,1,160,20375000
1725136818834000,5814,125120,0,0,172,948437269,1,160,19190000
1725136838942000,5815,125280,0,0,172,948437269,1,160,20108000
1725136859436000,5816,125440,0,0,172,948437269,1,160,20494000
1725136879620000,5817,125600,0,0,172,948437269,1,160,20184000
1725136898944000,5818,125760,0,0,172,948437269,1,160,19324000
1725136919430000,5819,125920,0,0,172,948437269,1,160,20486000
1725136940134000,5820,126080,0,0,172,948437269,1,160,20704000
1725136959694000,5821,126240,0,0,172,948437269,1,160,19560000
1725136979597000,5822,126400,0,0,172,948437269,1,160,19903000
1725136999195000,5823,126560,0,0,172,948437269,1,160,19598000
1725137019935000,5824,126720,0,0,172,948437269,1,160,20740000
1725137039322000,5825,126880,0,0,172,948437269,1,160,19387000
1725137060079000,5826,127040,0,0,172,948437269,1,160,20757000
1725137079465000,5827,127200,0,0,172,948437269,1,160,19386000
1725137100430000,5828,127360,0,0,172,948437269,1,160,20965000
1725137120960000,5829,127520,0,0,172,948437269,1,160,20530000
1725137139760000,5830,127680,0,0,172,948437269,1,160,18800000
1725137159802000,5831,127840,0,0,172,948437269,1,160,20042000
1725137179356000,5832,128000,0,0,172,948437269,1,160,19554000
1725137200411000,5833,128160,0,0,172,948437269,1,160,21055000
1725137219925000,5834,128320,0,0,172,948437269,1,160,19514000
1725137239754000,5835,128480,0,0,172,948437269,1,160,19829000
1725137259443000,5836,128640,0,0,172,948437269,1,160,19689000
1725137280038000,5837,128800,0,0,172,948437269,1,160,20595000
1725137299790000,5838,128960,0,0,172,948437269,1,160,19752000
1725137319481000,5839,129120,0,0,172,948437269,1,160,19691000
1725137340599000,5840,129280,0,0,172,948437269,1,160,21118000
1725137359044000,5841,129440,0,0,172,948437269,1,160,18445000
1725137379295000,5842,129600,0,0,172,948437269,1,160,20251000
1725137399729000,5843,129760,0,0,172,948437269,1,160,20434000
1725137419323000,5844,129920,0,0,172,948437269,1,160,19594000
1725137439702000,5845,130080,0,0,172,948437269,1,160,20379000
1725137459192000,5846,130240,0,0,172,948437269,1,160,19490000
1725137479183000,5847,130400,0,0,172,948437269,1,160,19991000
1725137499533000,5848,130560,0,0,172,948437269,1,160,20350000
1725137519886000,5849,130720,0,0,172,948437269,1,160,20353000
1725137539274000,5850,130880,0,0,172,948437269,1,160,19388000
1725137559749000,5851,131040,0,0,172,948437269,1,160,20475000
1725137578971000,5852,131200,0,0,172,948437269,1,160,19222000
1725137599171000,5853,131360,0,0,172,948437269,1,160,20200000
1725137619202000,5854,131520,0,0,172,948437269,1,160,20031000
1725137639317000,5855,131680,0,0,172,948437269,1,160,20115000
1725137659718000,5856,131840,0,0,172,948437269,1,160,20401000
1725137679081000,5857,132000,0,0,172,948437269,1,160,19363000
1725137699473000,5858,132160,0,0,172,948437269,1,160,20392000
1725137719912000,5859,132320,0,0,172,948437269,1,160,20439000
1725137739490000,5860,132480,0,0,172,948437269,1,160,19578000
1725137759646000,5861,132640,0,0,172,948437269,1,160,20156000
1725137778916000,5862,132800,0,0,172,948437269,1,160,19270000
1725137799313000,5863,132960,0,0,172,948437269,1,160,20397000
1725137819705000,5864,133120,0,0,172,948437269,1,160,20392000
1725137839233000,5865,133280,0,0,172,948437269,1,160,19528000
1725137859664000,5866,133440,0,0,172,948437269,1,160,20431000
1725137878959000,5867,133600,0,0,172,948437269,1,160,19295000
1725137899456000,5868,133760,0,0,172,948437269,1,160,20497000
1725137919836000,5869,133920,0,0,172,948437269,1,160,20380000
1725137939208000,5870,134080,0,0,172,948437269,1,160,19372000
1725137959593000,5871,134240,0,0,172,948437269,1,160,20385000
1725137978981000,5872,134400,0,0,172,948437269,1,160,19388000
1725137999382000,5873,134560,0,0,172,948437269,1,160,20401000
1725138019920000,5874,134720,0,0,172,948437269,1,160,20538000
1725138039392000,5875,134880,0,0,172,948437269,1,160,19472000
1725138058803000,5876,135040,0,0,172,948437269,1,160,19411000
1725138079076000,5877,135200,0,0,172,948437269,1,160,20273000
1725138099510000,5878,135360,0,0,172,948437269,1,160,20434000
1725138119888000,5879,135520,0,0,172,948437269,1,160,20378000
1725138139515000,5880,135680,0,0,172,948437269,1,160,19627000
1725138158840000,5881,135840,0,0,172,948437269,1,160,19325000
1725138179048000,5882,136000,0,0,172,948437269,1,160,20208000
1725138199424000,5883,136160,0,0,172,948437269,1,160,20376000
1725138219097000,5884,136320,0,0,172,948437269,1,160,19673000
1725138238942000,5885,136480,0,0,172,948437269,1,160,19845000
1725138259544000,5886,136640,0,0,172,948437269,1,160,20602000
1725138278811000,5887,136800,0,0,172,948437269,1,160,19267000
1725138299216000,5888,136960,0,0,172,948437269,1,160,20405000
1725138319627000,5889,137120,0,0,172,948437269,1,160,20411000
1725138339169000,5890,137280,0,0,172,948437269,1,160,19542000
1725138359693000,5891,137440,0,0,172,948437269,1,160,20524000
1725138378967000,5892,137600,0,0,172,948437269,1,160,19274000
1725138399281000,5893,137760,0,0,172,948437269,1,160,20314000
1725138419725000,5894,137920,0,0,172,948437269,1,160,20444000
1725138439034000,5895,138080,0,0,172,948437269,1,160,19309000
1725138458635000,5896,138240,0,0,172,948437269,1,160,19601000
1725138478052000,5897,138400,0,0,172,948437269,1,160,19417000
1725138499539000,5898,138560,0,0,172,948437269,1,160,21487000
1725138518918000,5899,138720,0,0,172,948437269,1,160,19379000
1725138538701000,5900,138880,0,0,172,948437269,1,160,19783000
1725138559134000,5901,139040,0,0,172,948437269,1,160,20433000
1725138579430000,5902,139200,0,0,172,948437269,1,160,20296000
1725138599840000,5903,139360,0,0,172,948437269,1,160,20410000
1725138619172000,5904,139520,0,0,172,948437269,1,160,19332000
1725138639720000,5905,139680,0,0,172,948437269,1,160,20548000
1725138659084000,5906,139840,0,0,172,948437269,1,160,19364000
1725138679451000,5907,140000,0,0,172,948437269,1,160,20367000
1725138699896000,5908,140160,0,0,172,948437269,1,160,20445000
1725138719279000,5909,140320,0,0,172,948437269,1,160,19383000
1725138739820000,5910,140480,0,0,172,948437269,1,160,20541000
1725138759265000,5911,140640,0,0,172,948437269,1,160,19445000
1725138779582000,5912,140800,0,0,172,948437269,1,160,20317000
1725138798136000,5913,140960,0,0,172,948437269,1,160,18554000
1725138819573000,5914,141120,0,0,172,948437269,1,160,21437000
1725138839014000,5915,141280,0,0,172,948437269,1,160,19441000
1725138859452000,5916,141440,0,0,172,948437269,1,160,20438000
1725138878758000,5917,141600,0,0,172,948437269,1,160,19306000
1725138899111000,5918,141760,0,0,172,948437269,1,160,20353000
1725138919473000,5919,141920,0,0,172,948437269,1,160,20362000
1725138939536000,5920,142080,0,0,172,948437269,1,160,20063000
1725138958800000,5921,142240,0,0,172,948437269,1,160,19264000
1725138979060000,5922,142400,0,0,172,948437269,1,160,20260000
1725138999310000,5923,142560,0,0,172,948437269,1,160,20250000
1725139019287000,5924,142720,0,0,172,948437269,1,160,19977000
1725139039695000,5925,142880,0,0,172,948437269,1,160,20408000
1725139059134000,5926,143040,0,0,172,948437269,1,160,19439000
1725139079331000,5927,143200,0,0,172,948437269,1,160,20197000
1725139099597000,5928,143360,0,0,172,948437269,1,160,20266000
1725139119002000,5929,143520,0,0,172,948437269,1,160,19405000
1725139139360000,5930,143680,0,0,172,948437269,1,160,20358000
1725139159134000,5931,143840,0,0,172,948437269,1,160,19774000
1725139179430000,5932,144000,0,0,172,948437269,1,160,20296000
1725139199320000,5933,144160,0,0,172,948437269,1,160,19890000
1725139219137000,5934,144320,0,0,172,948437269,1,160,19817000
1725139239503000,5935,144480,0,0,172,948437269,1,160,20366000
1725139258991000,5936,144640,0,0,172,948437269,1,160,19488000
1725139279259000,5937,144800,0,0,172,948437269,1,160,20268000
1725139299691000,5938,144960,0,0,172,948437269,1,160,20432000
1725139319092000,5939,145120,0,0,172,948437269,1,160,19401000
1725139339301000,5940,145280,0,0,172,948437269,1,160,20209000
1725139358682000,5941,145440,0,0,172,948437269,1,160,19381000
1725139378960000,5942,145600,0,0,172,948437269,1,160,20278000
1725139399373000,5943,145760,0,0,172,948437269,1,160,20413000
1725139419117000,5944,145920,0,0,172,948437269,1,160,19744000
1725139439097000,5945,146080,0,0,172,948437269,1,160,19980000
1725139459463000,5946,146240,0,0,172,948437269,1,160,20366000
1725139479740000,5947,146400,0,0,172,948437269,1,160,20277000
1725139499029000,5948,146560,0,0,172,948437269,1,160,19289000
1725139519403000,5949,146720,0,0,172,948437269,1,160,20374000
1725139539678000,5950,146880,0,0,172,948437269,1,160,20275000
1725139559003000,5951,147040,0,0,172,948437269,1,160,19325000
1725139579275000,5952,147200,0,0,172,948437269,1,160,20272000
1725139599565000,5953,147360,0,0,172,948437269,1,160,20290000
1725139618956000,5954,147520,0,0,172,948437269,1,160,19391000
1725139639513000,5955,147680,0,0,172,948437269,1,160,20557000
1725139658822000,5956,147840,0,0,172,948437269,1,160,19309000
1725139679189000,5957,148000,0,0,172,948437269,1,160,20367000
1725139699593000,5958,148160,0,0,172,948437269,1,160,20404000
1725139719023000,5959,148320,0,0,172,948437269,1,160,19430000
1725139739595000,5960,148480,0,0,172,948437269,1,160,20572000
1725139759011000,5961,148640,0,0,172,948437269,1,160,19416000
1725139779395000,5962,148800,0,0,172,948437269,1,160,20384000
1725139799774000,5963,148960,0,0,172,948437269,1,160,20379000
1725139819218000,5964,149120,0,0,172,948437269,1,160,19444000
1725139839631000,5965,149280,0,0,172,948437269,1,160,20413000
1725139858949000,5966,149440,0,0,172,948437269,1,160,19318000
1725139879212000,5967,149600,0,0,172,948437269,1,160,20263000
1725139899618000,5968,149760,0,0,172,948437269,1,160,20406000
1725139918985000,5969,149920,0,0,172,948437269,1,160,19367000
1725139939201000,5970,150080,0,0,172,948437269,1,160,20216000
1725139959553000,5971,150240,0,0,172,948437269,1,160,20352000
1725139978930000,5972,150400,0,0,172,948437269,1,160,19377000
1725139999370000,5973,150560,0,0,172,948437269,1,160,20440000
1725140019917000,5974,150720,0,0,172,948437269,1,160,20547000
1725140039413000,5975,150880,0,0,172,948437269,1,160,19496000
1725140058804000,5976,151040,0,0,172,948437269,1,160,19391000
1725140079073000,5977,151200,0,0,172,948437269,1,160,20269000
1725140098542000,5978,151360,0,0,172,948437269,1,160,19469000
1725140118957000,5979,151520,0,0,172,948437269,1,160,20415000
1725140139209000,5980,151680,0,0,172,948437269,1,160,20252000
1725140159664000,5981,151840,0,0,172,948437269,1,160,20455000
1725140178943000,5982,152000,0,0,172,948437269,1,160,19279000
1725140199341000,5983,152160,0,0,172,948437269,1,160,20398000
1725140219087000,5984,152320,0,0,172,948437269,1,160,19746000
1725140239535000,5985,152480,0,0,172,948437269,1,160,20448000
1725140259082000,5986,152640,0,0,172,948437269,1,160,19547000
1725140279364000,5987,152800,0,0,172,948437269,1,160,20282000
1725140298821000,5988,152960,0,0,172,948437269,1,160,19457000
1725140319107000,5989,153120,0,0,172,948437269,1,160,20286000
1725140339460000,5990,153280,0,0,172,948437269,1,160,20353000
1725140358839000,5991,153440,0,0,172,948437269,1,160,19379000
1725140379272000,5992,153600,0,0,172,948437269,1,160,20433000
1725140399509000,5993,153760,0,0,172,948437269,1,160,20237000
1725140418870000,5994,153920,0,0,172,948437269,1,160,19361000
1725140439090000,5995,154080,0,0,172,948437269,1,160,20220000
1725140459486000,5996,154240,0,0,172,948437269,1,160,20396000
1725140478870000,5997,154400,0,0,172,948437269,1,160,19384000
1725140499182000,5998,154560,0,0,172,948437269,1,160,20312000
1725140519414000,5999,154720,0,0,172,948437269,1,160,20232000
1725140538591000,6000,154880,0,0,172,948437269,1,160,19177000
1725140558708000,6001,155040,0,0,172,948437269,1,160,20117000
1725140578849000,6002,155200,0,0,172,948437269,1,160,20141000
1725140598961000,6003,155360,0,0,172,948437269,1,160,20112000
1725140619096000,6004,155520,0,0,172,948437269,1,160,20135000
1725140639273000,6005,155680,0,0,172,948437269,1,160,20177000
1725140659484000,6006,155840,0,0,172,948437269,1,160,20211000
1725140677673000,6007,156000,0,0,172,948437269,1,160,18189000
1725140698848000,6008,156160,0,0,172,948437269,1,160,21175000
1725140719092000,6009,156320,0,0,172,948437269,1,160,20244000
1725140739421000,6010,156480,0,0,172,948437269,1,160,20329000
1725140758699000,6011,156640,0,0,172,948437269,1,160,19278000
1725140778904000,6012,156800,0,0,172,948437269,1,160,20205000
1725140799079000,6013,156960,0,0,172,948437269,1,160,20175000
1725140819330000,6014,157120,0,0,172,948437269,1,160,20251000
1725140839606000,6015,157280,0,0,172,948437269,1,160,20276000
1725140858825000,6016,157440,0,0,172,948437269,1,160,19219000
1725140879004000,6017,157600,0,0,172,948437269,1,160,20179000
1725140899313000,6018,157760,0,0,172,948437269,1,160,20309000
1725140919661000,6019,157920,0,0,172,948437269,1,160,20348000
1725140938978000,6020,158080,0,0,172,948437269,1,160,19317000
1725140959324000,6021,158240,0,0,172,948437269,1,160,20346000
1725140979590000,6022,158400,0,0,172,948437269,1,160,20266000
1725140999098000,6023,158560,0,0,172,948437269,1,160,19508000
1725141019630000,6024,158720,0,0,172,948437269,1,160,20532000
1725141039204000,6025,158880,0,0,172,948437269,1,160,19574000
1725141059574000,6026,159040,0,0,172,948437269,1,160,20370000
1725141078833000,6027,159200,0,0,172,948437269,1,160,19259000
1725141099177000,6028,159360,0,0,172,948437269,1,160,20344000
1725141119637000,6029,159520,0,0,172,948437269,1,160,20460000
1725141139133000,6030,159680,0,0,172,948437269,1,160,19496000
1725141159519000,6031,159840,0,0,172,948437269,1,160,20386000
1725141178709000,6032,160000,0,0,172,948437269,1,160,19190000
1725141199105000,6033,160160,0,0,172,948437269,1,160,20396000
1725141219036000,6034,160320,0,0,172,948437269,1,160,19931000
1725141238538000,6035,160480,0,0,172,948437269,1,160,19502000
1725141259153000,6036,160640,0,0,172,948437269,1,160,20615000
1725141279441000,6037,160800,0,0,172,948437269,1,160,20288000
1725141298858000,6038,160960,0,0,172,948437269,1,160,19417000
1725141318803000,6039,161120,0,0,172,948437269,1,160,19945000
1725141339112000,6040,161280,0,0,172,948437269,1,160,20309000
1725141359564000,6041,161440,0,0,172,948437269,1,160,20452000
1725141378861000,6042,161600,0,0,172,948437269,1,160,19297000
1725141398589000,6043,161760,0,0,172,948437269,1,160,19728000
1725141419003000,6044,161920,0,0,172,948437269,1,160,20414000
1725141439429000,6045,162080,0,0,172,948437269,1,160,20426000
1725141458747000,6046,162240,0,0,172,948437269,1,160,19318000
1725141479108000,6047,162400,0,0,172,948437269,1,160,20361000
1725141499655000,6048,162560,0,0,172,948437269,1,160,20547000
1725141518985000,6049,162720,0,0,172,948437269,1,160,19330000
1725141539270000,6050,162880,0,0,172,948437269,1,160,20285000
1725141559686000,6051,163040,0,0,172,948437269,1,160,20416000
1725141578968000,6052,163200,0,0,172,948437269,1,160,19282000
1725141599299000,6053,163360,0,0,172,948437269,1,160,20331000
1725141619696000,6054,163520,0,0,172,948437269,1,160,20397000
1725141639157000,6055,163680,0,0,172,948437269,1,160,19461000
1725141659697000,6056,163840,0,0,172,948437269,1,160,20540000
1725141678640000,6057,164000,0,0,172,948437269,1,160,18943000
1725141699007000,6058,164160,0,0,172,948437269,1,160,20367000
1725141719457000,6059,164320,0,0,172,948437269,1,160,20450000
1725141739077000,6060,164480,0,0,172,948437269,1,160,19620000
1725141759270000,6061,164640,0,0,172,948437269,1,160,20193000
1725141779685000,6062,164800,0,0,172,948437269,1,160,20415000
1725141798953000,6063,164960,0,0,172,948437269,1,160,19268000
1725141819287000,6064,165120,0,0,172,948437269,1,160,20334000
1725141839241000,6065,165280,0,0,172,948437269,1,160,19954000
1725141859620000,6066,165440,0,0,172,948437269,1,160,20379000
1725141878883000,6067,165600,0,0,172,948437269,1,160,19263000
1725141899167000,6068,165760,0,0,172,948437269,1,160,20284000
1725141919161000,6069,165920,0,0,172,948437269,1,160,19994000
1725141938832000,6070,166080,0,0,172,948437269,1,160,19671000
1725141958827000,6071,166240,0,0,172,948437269,1,160,19995000
1725141978244000,6072,166400,0,0,172,948437269,1,160,19417000
1725141999760000,6073,166560,0,0,172,948437269,1,160,21516000
1725142019032000,6074,166720,0,0,172,948437269,1,160,19272000
1725142039441000,6075,166880,0,0,172,948437269,1,160,20409000
1725142058852000,6076,167040,0,0,172,948437269,1,160,19411000
1725142079101000,6077,167200,0,0,172,948437269,1,160,20249000
1725142099018000,6078,167360,0,0,172,948437269,1,160,19917000
1725142118892000,6079,167520,0,0,172,948437269,1,160,19874000
1725142139353000,6080,167680,0,0,172,948437269,1,160,20461000
1725142158655000,6081,167840,0,0,172,948437269,1,160,19302000
1725142178920000,6082,168000,0,0,172,948437269,1,160,20265000
1725142199336000,6083,168160,0,0,172,948437269,1,160,20416000
1725142218715000,6084,168320,0,0,172,948437269,1,160,19379000
1725142239163000,6085,168480,0,0,172,948437269,1,160,20448000
1725142259758000,6086,168640,0,0,172,948437269,1,160,20595000
1725142278391000,6087,168800,0,0,172,948437269,1,160,18633000
1725142298128000,6088,168960,0,0,172,948437269,1,160,19737000
1725142318851000,6089,169120,0,0,172,948437269,1,160,20723000
1725142339154000,6090,169280,0,0,172,948437269,1,160,20303000
1725142358596000,6091,169440,0,0,172,948437269,1,160,19442000
1725142378854000,6092,169600,0,0,172,948437269,1,160,20258000
1725142399291000,6093,169760,0,0,172,948437269,1,160,20437000
1725142419544000,6094,169920,0,0,172,948437269,1,160,20253000
1725142438935000,6095,170080,0,0,172,948437269,1,160,19391000
1725142459332000,6096,170240,0,0,172,948437269,1,160,20397000
1725142478666000,6097,170400,0,0,172,948437269,1,160,19334000
1725142499133000,6098,170560,0,0,172,948437269,1,160,20467000
1725142519526000,6099,170720,0,0,172,948437269,1,160,20393000
1725142538665000,6100,170880,0,0,172,948437269,1,160,19139000
1725142558977000,6101,171040,0,0,172,948437269,1,160,20312000
1725142579204000,6102,171200,0,0,172,948437269,1,160,20227000
1725142599612000,6103,171360,0,0,172,948437269,1,160,20408000
1725142618944000,6104,171520,0,0,172,948437269,1,160,19332000
1725142639333000,6105,171680,0,0,172,948437269,1,160,20389000
1725142659737000,6106,171840,0,0,172,948437269,1,160,20404000
1725142679071000,6107,172000,0,0,172,948437269,1,160,19334000
1725142699343000,6108,172160,0,0,172,948437269,1,160,20272000
1725142718665000,6109,172320,0,0,172,948437269,1,160,19322000
1725142739195000,6110,172480,0,0,172,948437269,1,160,20530000
1725142759626000,6111,172640,0,0,172,948437269,1,160,20431000
1725142778457000,6112,172800,0,0,172,948437269,1,160,18831000
1725142798858000,6113,172960,0,0,172,948437269,1,160,20401000
1725142818443000,6114,173120,0,0,172,948437269,1,160,19585000
1725142838858000,6115,173280,0,0,172,948437269,1,160,20415000
1725142859223000,6116,173440,0,0,172,948437269,1,160,20365000
1725142879658000,6117,173600,0,0,172,948437269,1,160,20435000
1725142898877000,6118,173760,0,0,172,948437269,1,160,19219000
1725142919278000,6119,173920,0,0,172,948437269,1,160,20401000
1725142939571000,6120,174080,0,0,172,948437269,1,160,20293000
1725142958776000,6121,174240,0,0,172,948437269,1,160,19205000
1725142978954000,6122,174400,0,0,172,948437269,1,160,20178000
1725142998945000,6123,174560,0,0,172,948437269,1,160,19991000
1725143019072000,6124,174720,0,0,172,948437269,1,160,20127000
1725143039440000,6125,174880,0,0,172,948437269,1,160,20368000
1725143058861000,6126,175040,0,0,172,948437269,1,160,19421000
1725143079175000,6127,175200,0,0,172,948437269,1,160,20314000
1725143099586000,6128,175360,0,0,172,948437269,1,160,20411000
1725143118915000,6129,175520,0,0,172,948437269,1,160,19329000
1725143138553000,6130,175680,0,0,172,948437269,1,160,19638000
1725143159059000,6131,175840,0,0,172,948437269,1,160,20506000
1725143179355000,6132,176000,0,0,172,948437269,1,160,20296000
1725143198631000,6133,176160,0,0,172,948437269,1,160,19276000
1725143218866000,6134,176320,0,0,172,948437269,1,160,20235000
1725143238452000,6135,176480,0,0,172,948437269,1,160,19586000
1725143258743000,6136,176640,0,0,172,948437269,1,160,20291000
1725143278905000,6137,176800,0,0,172,948437269,1,160,20162000
1725143299056000,6138,176960,0,0,172,948437269,1,160,20151000
1725143319232000,6139,177120,0,0,172,948437269,1,160,20176000
1725143339378000,6140,177280,0,0,172,948437269,1,160,20146000
1725143358510000,6141,177440,0,0,172,948437269,1,160,19132000
1725143378101000,6142,177600,0,0,172,948437269,1,160,19591000
1725143398751000,6143,177760,0,0,172,948437269,1,160,20650000
1725143418369000,6144,177920,0,0,172,948437269,1,160,19618000
1725143438529000,6145,178080,0,0,172,948437269,1,160,20160000
1725143457909000,6146,178240,0,0,172,948437269,1,160,19380000
1725143479161000,6147,178400,0,0,172,948437269,1,160,21252000
1725143499404000,6148,178560,0,0,172,948437269,1,160,20243000
1725143518597000,6149,178720,0,0,172,948437269,1,160,19193000
1725143538775000,6150,178880,0,0,172,948437269,1,160,20178000
1725143559024000,6151,179040,0,0,172,948437269,1,160,20249000
1725143579288000,6152,179200,0,0,172,948437269,1,160,20264000
1725143598453000,6153,179360,0,0,172,948437269,1,160,19165000
1725143618679000,6154,179520,0,0,172,948437269,1,160,20226000
1725143638935000,6155,179680,0,0,172,948437269,1,160,20256000
1725143658770000,6156,179840,0,0,172,948437269,1,160,19835000
1725143679068000,6157,180000,0,0,172,948437269,1,160,20298000
1725143699265000,6158,180160,0,0,172,948437269,1,160,20197000
1725143718582000,6159,180320,0,0,172,948437269,1,160,19317000
1725143738976000,6160,180480,0,0,172,948437269,1,160,20394000
1725143759195000,6161,180640,0,0,172,948437269,1,160,20219000
1725143777981000,6162,180800,0,0,172,948437269,1,160,18786000
1725143799046000,6163,180960,0,0,172,948437269,1,160,21065000
1725143818648000,6164,181120,0,0,172,948437269,1,160,19602000
1725143839092000,6165,181280,0,0,172,948437269,1,160,20444000
1725143859464000,6166,181440,0,0,172,948437269,1,160,20372000
1725143878726000,6167,181600,0,0,172,948437269,1,160,19262000
1725143898943000,6168,181760,0,0,172,948437269,1,160,20217000
1725143918741000,6169,181920,0,0,172,948437269,1,160,19798000
1725143939003000,6170,182080,0,0,172,948437269,1,160,20262000
1725143959219000,6171,182240,0,0,172,948437269,1,160,20216000
1725143979438000,6172,182400,0,0,172,948437269,1,160,20219000
1725143998765000,6173,182560,0,0,172,948437269,1,160,19327000
1725144018518000,6174,182720,0,0,172,948437269,1,160,19753000
1725144038646000,6175,182880,0,0,172,948437269,1,160,20128000
1725144058784000,6176,183040,0,0,172,948437269,1,160,20138000
1725144078917000,6177,183200,0,0,172,948437269,1,160,20133000
1725144099034000,6178,183360,0,0,172,948437269,1,160,20117000
1725144119168000,6179,183520,0,0,172,948437269,1,160,20134000
1725144139360000,6180,183680,0,0,172,948437269,1,160,20192000
1725144158510000,6181,183840,0,0,172,948437269,1,160,19150000
1725144178635000,6182,184000,0,0,172,948437269,1,160,20125000
1725144198774000,6183,184160,0,0,172,948437269,1,160,20139000
1725144218902000,6184,184320,0,0,172,948437269,1,160,20128000
1725144239050000,6185,184480,0,0,172,948437269,1,160,20148000
1725144259288000,6186,184640,0,0,172,948437269,1,160,20238000
1725144277537000,6187,184800,0,0,172,948437269,1,160,18249000
1725144298685000,6188,184960,0,0,172,948437269,1,160,21148000
1725144318759000,6189,185120,0,0,172,948437269,1,160,20074000
1725144337993000,6190,185280,0,0,172,948437269,1,160,19234000
1725144359211000,6191,185440,0,0,172,948437269,1,160,21218000
1725144379441000,6192,185600,0,0,172,948437269,1,160,20230000
1725144398841000,6193,185760,0,0,172,948437269,1,160,19400000
1725144418337000,6194,185920,0,0,172,948437269,1,160,19496000
1725144438574000,6195,186080,0,0,172,948437269,1,160,20237000
1725144458749000,6196,186240,0,0,172,948437269,1,160,20175000
1725144479084000,6197,186400,0,0,172,948437269,1,160,20335000
1725144499434000,6198,186560,0,0,172,948437269,1,160,20350000
1725144518670000,6199,186720,0,0,172,948437269,1,160,19236000
1725144539120000,6200,186880,0,0,172,948437269,1,160,20450000
1725144559552000,6201,187040,0,0,172,948437269,1,160,20432000
1725144578841000,6202,187200,0,0,172,948437269,1,160,19289000
1725144599139000,6203,187360,0,0,172,948437269,1,160,20298000
1725144619584000,6204,187520,0,0,172,948437269,1,160,20445000
1725144639111000,6205,187680,0,0,172,948437269,1,160,19527000
1725144659260000,6206,187840,0,0,172,948437269,1,160,20149000
1725144678576000,6207,188000,0,0,172,948437269,1,160,19316000
1725144698796000,6208,188160,0,0,172,948437269,1,160,20220000
1725144719118000,6209,188320,0,0,172,948437269,1,160,20322000
1725144739487000,6210,188480,0,0,172,948437269,1,160,20369000
1725144758869000,6211,188640,0,0,172,948437269,1,160,19382000
1725144779087000,6212,188800,0,0,172,948437269,1,160,20218000
1725144798846000,6213,188960,0,0,172,948437269,1,160,19759000
1725144819074000,6214,189120,0,0,172,948437269,1,160,20228000
1725144839380000,6215,189280,0,0,172,948437269,1,160,20306000
1725144858796000,6216,189440,0,0,172,948437269,1,160,19416000
1725144879029000,6217,189600,0,0,172,948437269,1,160,20233000
1725144899389000,6218,189760,0,0,172,948437269,1,160,20360000
1725144918793000,6219,189920,0,0,172,948437269,1,160,19404000
1725144939154000,6220,190080,0,0,172,948437269,1,160,20361000
1725144959435000,6221,190240,0,0,172,948437269,1,160,20281000
1725144978711000,6222,190400,0,0,172,948437269,1,160,19276000
1725144998238000,6223,190560,0,0,172,948437269,1,160,19527000
1725145017994000,6224,190720,0,0,172,948437269,1,160,19756000
1725145039406000,6225,190880,0,0,172,948437269,1,160,21412000
1725145058760000,6226,191040,0,0,172,948437269,1,160,19354000
1725145079028000,6227,191200,0,0,172,948437269,1,160,20268000
1725145099058000,6228,191360,0,0,172,948437269,1,160,20030000
1725145119499000,6229,191520,0,0,172,948437269,1,160,20441000
1725145138909000,6230,191680,0,0,172,948437269,1,160,19410000
1725145159211000,6231,191840,0,0,172,948437269,1,160,20302000
1725145178432000,6232,192000,0,0,172,948437269,1,160,19221000
1725145198036000,6233,192160,0,0,172,948437269,1,160,19604000
1725145219166000,6234,192320,0,0,172,948437269,1,160,21130000
1725145239305000,6235,192480,0,0,172,948437269,1,160,20139000
1725145258465000,6236,192640,0,0,172,948437269,1,160,19160000
1725145278634000,6237,192800,0,0,172,948437269,1,160,20169000
1725145298738000,6238,192960,0,0,172,948437269,1,160,20104000
1725145318863000,6239,193120,0,0,172,948437269,1,160,20125000
1725145339021000,6240,193280,0,0,172,948437269,1,160,20158000
1725145359188000,6241,193440,0,0,172,948437269,1,160,20167000
1725145379306000,6242,193600,0,0,172,948437269,1,160,20118000
1725145398450000,6243,193760,0,0,172,948437269,1,160,19144000
1725145418594000,6244,193920,0,0,172,948437269,1,160,20144000
1725145438811000,6245,194080,0,0,172,948437269,1,160,20217000
1725145459121000,6246,194240,0,0,172,948437269,1,160,20310000
1725145478408000,6247,194400,0,0,172,948437269,1,160,19287000
1725145498590000,6248,194560,0,0,172,948437269,1,160,20182000
1725145518747000,6249,194720,0,0,172,948437269,1,160,20157000
1725145538938000,6250,194880,0,0,172,948437269,1,160,20191000
1725145559076000,6251,195040,0,0,172,948437269,1,160,20138000
1725145579234000,6252,195200,0,0,172,948437269,1,160,20158000
1725145598355000,6253,195360,0,0,172,948437269,1,160,19121000
1725145618561000,6254,195520,0,0,172,948437269,1,160,20206000
1725145638844000,6255,195680,0,0,172,948437269,1,160,20283000
1725145658295000,6256,195840,0,0,172,948437269,1,160,19451000
1725145677896000,6257,196000,0,0,172,948437269,1,160,19601000
1725145699062000,6258,196160,0,0,172,948437269,1,160,21166000
1725145718626000,6259,196320,0,0,172,948437269,1,160,19564000
1725145738910000,6260,196480,0,0,172,948437269,1,160,20284000
1725145759321000,6261,196640,0,0,172,948437269,1,160,20411000
1725145778470000,6262,196800,0,0,172,948437269,1,160,19149000
1725145798638000,6263,196960,0,0,172,948437269,1,160,20168000
1725145818873000,6264,197120,0,0,172,948437269,1,160,20235000
1725145839024000,6265,197280,0,0,172,948437269,1,160,20151000
1725145859191000,6266,197440,0,0,172,948437269,1,160,20167000
1725145879313000,6267,197600,0,0,172,948437269,1,160,20122000
1725145898450000,6268,197760,0,0,172,948437269,1,160,19137000
1725145918569000,6269,197920,0,0,172,948437269,1,160,20119000
1725145938732000,6270,198080,0,0,172,948437269,1,160,20163000
1725145959004000,6271,198240,0,0,172,948437269,1,160,20272000
1725145979318000,6272,198400,0,0,172,948437269,1,160,20314000
1725145998343000,6273,198560,0,0,172,948437269,1,160,19025000
1725146017973000,6274,198720,0,0,172,948437269,1,160,19630000
1725146039313000,6275,198880,0,0,172,948437269,1,160,21340000
1725146058801000,6276,199040,0,0,172,948437269,1,160,19488000
1725146079000000,6277,199200,0,0,172,948437269,1,160,20199000
1725146099392000,6278,199360,0,0,172,948437269,1,160,20392000
1725146118653000,6279,199520,0,0,172,948437269,1,160,19261000
1725146139146000,6280,199680,0,0,172,948437269,1,160,20493000
1725146158711000,6281,199840,0,0,172,948437269,1,160,19565000
1725146179110000,6282,200000,0,0,172,948437269,1,160,20399000
1725146199424000,6283,200160,0,0,172,948437269,1,160,20314000
1725146218131000,6284,200320,0,0,172,948437269,1,160,18707000
1725146238617000,6285,200480,0,0,172,948437269,1,160,20486000
1725146259120000,6286,200640,0,0,172,948437269,1,160,20503000
1725146278407000,6287,200800,0,0,172,948437269,1,160,19287000
1725146298814000,6288,200960,0,0,172,948437269,1,160,20407000
1725146319720000,6289,201120,0,0,172,948437269,1,160,20906000
1725146338456000,6290,201280,0,0,172,948437269,1,160,18736000
1725146358912000,6291,201440,0,0,172,948437269,1,160,20456000
1725146379205000,6292,201600,0,0,172,948437269,1,160,20293000
1725146398613000,6293,201760,0,0,172,948437269,1,160,19408000
1725146418889000,6294,201920,0,0,172,948437269,1,160,20276000
1725146439267000,6295,202080,0,0,172,948437269,1,160,20378000
1725146458675000,6296,202240,0,0,172,948437269,1,160,19408000
1725146479040000,6297,202400,0,0,172,948437269,1,160,20365000
1725146499539000,6298,202560,0,0,172,948437269,1,160,20499000
1725146518341000,6299,202720,0,0,172,948437269,1,160,18802000
1725146538443000,6300,202880,0,0,172,948437269,1,160,20102000
1725146558844000,6301,203040,0,0,172,948437269,1,160,20401000
1725146579085000,6302,203200,0,0,172,948437269,1,160,20241000
1725146598363000,6303,203360,0,0,172,948437269,1,160,19278000
1725146618720000,6304,203520,0,0,172,948437269,1,160,20357000
1725146639083000,6305,203680,0,0,172,948437269,1,160,20363000
1725146657609000,6306,203840,0,0,172,948437269,1,160,18526000
1725146678872000,6307,204000,0,0,172,948437269,1,160,21263000
1725146699288000,6308,204160,0,0,172,948437269,1,160,20416000
1725146718703000,6309,204320,0,0,172,948437269,1,160,19415000
1725146739078000,6310,204480,0,0,172,948437269,1,160,20375000
1725146758418000,6311,204640,0,0,172,948437269,1,160,19340000
1725146778599000,6312,204800,0,0,172,948437269,1,160,20181000
1725146798767000,6313,204960,0,0,172,948437269,1,160,20168000
1725146818945000,6314,205120,0,0,172,948437269,1,160,20178000
1725146839164000,6315,205280,0,0,172,948437269,1,160,20219000
1725146857672000,6316,205440,0,0,172,948437269,1,160,18508000
1725146878625000,6317,205600,0,0,172,948437269,1,160,20953000
1725146898429000,6318,205760,0,0,172,948437269,1,160,19804000
1725146918676000,6319,205920,0,0,172,948437269,1,160,20247000
1725146938858000,6320,206080,0,0,172,948437269,1,160,20182000
1725146959058000,6321,206240,0,0,172,948437269,1,160,20200000
1725146979233000,6322,206400,0,0,172,948437269,1,160,20175000
1725146998454000,6323,206560,0,0,172,948437269,1,160,19221000
1725147018640000,6324,206720,0,0,172,948437269,1,160,20186000
1725147038819000,6325,206880,0,0,172,948437269,1,160,20179000
1725147059152000,6326,207040,0,0,172,948437269,1,160,20333000
1725147078425000,6327,207200,0,0,172,948437269,1,160,19273000
1725147098782000,6328,207360,0,0,172,948437269,1,160,20357000
1725147119308000,6329,207520,0,0,172,948437269,1,160,20526000
1725147138631000,6330,207680,0,0,172,948437269,1,160,19323000
1725147158217000,6331,207840,0,0,172,948437269,1,160,19586000
1725147178411000,6332,208000,0,0,172,948437269,1,160,20194000
1725147198812000,6333,208160,0,0,172,948437269,1,160,20401000
1725147218463000,6334,208320,0,0,172,948437269,1,160,19651000
1725147238789000,6335,208480,0,0,172,948437269,1,160,20326000
1725147259062000,6336,208640,0,0,172,948437269,1,160,20273000
1725147279204000,6337,208800,0,0,172,948437269,1,160,20142000
1725147298348000,6338,208960,0,0,172,948437269,1,160,19144000
1725147318481000,6339,209120,0,0,172,948437269,1,160,20133000
1725147338637000,6340,209280,0,0,172,948437269,1,160,20156000
1725147358792000,6341,209440,0,0,172,948437269,1,160,20155000
1725147378937000,6342,209600,0,0,172,948437269,1,160,20145000
1725147399131000,6343,209760,0,0,172,948437269,1,160,20194000
1725147418422000,6344,209920,0,0,172,948437269,1,160,19291000
1725147438762000,6345,210080,0,0,172,948437269,1,160,20340000
1725147459193000,6346,210240,0,0,172,948437269,1,160,20431000
1725147477964000,6347,210400,0,0,172,948437269,1,160,18771000
1725147498497000,6348,210560,0,0,172,948437269,1,160,20533000
1725147518305000,6349,210720,0,0,172,948437269,1,160,19808000
1725147537757000,6350,210880,0,0,172,948437269,1,160,19452000
1725147559221000,6351,211040,0,0,172,948437269,1,160,21464000
1725147578526000,6352,211200,0,0,172,948437269,1,160,19305000
1725147598744000,6353,211360,0,0,172,948437269,1,160,20218000
1725147618676000,6354,211520,0,0,172,948437269,1,160,19932000
1725147638970000,6355,211680,0,0,172,948437269,1,160,20294000
1725147659411000,6356,211840,0,0,172,948437269,1,160,20441000
1725147678449000,6357,212000,0,0,172,948437269,1,160,19038000
1725147698996000,6358,212160,0,0,172,948437269,1,160,20547000
1725147719313000,6359,212320,0,0,172,948437269,1,160,20317000
1725147738825000,6360,212480,0,0,172,948437269,1,160,19512000
1725147759355000,6361,212640,0,0,172,948437269,1,160,20530000
1725147778077000,6362,212800,0,0,172,948437269,1,160,18722000
1725147798352000,6363,212960,0,0,172,948437269,1,160,20275000
1725147818779000,6364,213120,0,0,172,948437269,1,160,20427000
1725147838278000,6365,213280,0,0,172,948437269,1,160,19499000
1725147858771000,6366,213440,0,0,172,948437269,1,160,20493000
1725147879041000,6367,213600,0,0,172,948437269,1,160,20270000
1725147898470000,6368,213760,0,0,172,948437269,1,160,19429000
1725147918859000,6369,213920,0,0,172,948437269,1,160,20389000
1725147939136000,6370,214080,0,0,172,948437269,1,160,20277000
1725147958491000,6371,214240,0,0,172,948437269,1,160,19355000
1725147978699000,6372,214400,0,0,172,948437269,1,160,20208000
1725147998820000,6373,214560,0,0,172,948437269,1,160,20121000
1725148019381000,6374,214720,0,0,172,948437269,1,160,20561000
1725148038082000,6375,214880,0,0,172,948437269,1,160,18701000
1725148057500000,6376,215040,0,0,172,948437269,1,160,19418000
1725148078729000,6377,215200,0,0,172,948437269,1,160,21229000
1725148098978000,6378,215360,0,0,172,948437269,1,160,20249000
1725148118640000,6379,215520,0,0,172,948437269,1,160,19662000
1725148139045000,6380,215680,0,0,172,948437269,1,160,20405000
1725148158148000,6381,215840,0,0,172,948437269,1,160,19103000
1725148178428000,6382,216000,0,0,172,948437269,1,160,20280000
1725148198697000,6383,216160,0,0,172,948437269,1,160,20269000
1725148219289000,6384,216320,0,0,172,948437269,1,160,20592000
1725148238714000,6385,216480,0,0,172,948437269,1,160,19425000
1725148259100000,6386,216640,0,0,172,948437269,1,160,20386000
1725148278235000,6387,216800,0,0,172,948437269,1,160,19135000
1725148298331000,6388,216960,0,0,172,948437269,1,160,20096000
1725148318419000,6389,217120,0,0,172,948437269,1,160,20088000
1725148337745000,6390,217280,0,0,172,948437269,1,160,19326000
1725148358845000,6391,217440,0,0,172,948437269,1,160,21100000
1725148379007000,6392,217600,0,0,172,948437269,1,160,20162000
1725148399126000,6393,217760,0,0,172,948437269,1,160,20119000
1725148418247000,6394,217920,0,0,172,948437269,1,160,19121000
1725148438401000,6395,218080,0,0,172,948437269,1,160,20154000
1725148458553000,6396,218240,0,0,172,948437269,1,160,20152000
1725148478793000,6397,218400,0,0,172,948437269,1,160,20240000
1725148499132000,6398,218560,0,0,172,948437269,1,160,20339000
1725148518424000,6399,218720,0,0,172,948437269,1,160,19292000
1725148539026000,6400,218880,0,0,172,948437269,1,160,20602000
1725148557422000,6401,219040,0,0,172,948437269,1,160,18396000
1725148578615000,6402,219200,0,0,172,948437269,1,160,21193000
1725148598799000,6403,219360,0,0,172,948437269,1,160,20184000
1725148619140000,6404,219520,0,0,172,948437269,1,160,20341000
1725148638686000,6405,219680,0,0,172,948437269,1,160,19546000
1725148659124000,6406,219840,0,0,172,948437269,1,160,20438000
1725148678417000,6407,220000,0,0,172,948437269,1,160,19293000
1725148698793000,6408,220160,0,0,172,948437269,1,160,20376000
1725148719180000,6409,220320,0,0,172,948437269,1,160,20387000
1725148738812000,6410,220480,0,0,172,948437269,1,160,19632000
1725148759354000,6411,220640,0,0,172,948437269,1,160,20542000
1725148778614000,6412,220800,0,0,172,948437269,1,160,19260000
1725148798938000,6413,220960,0,0,172,948437269,1,160,20324000
1725148818390000,6414,221120,0,0,172,948437269,1,160,19452000
1725148838901000,6415,221280,0,0,172,948437269,1,160,20511000
1725148858314000,6416,221440,0,0,172,948437269,1,160,19413000
1725148878593000,6417,221600,0,0,172,948437269,1,160,20279000
1725148898958000,6418,221760,0,0,172,948437269,1,160,20365000
1725148919330000,6419,221920,0,0,172,948437269,1,160,20372000
1725148938702000,6420,222080,0,0,172,948437269,1,160,19372000
1725148959157000,6421,222240,0,0,172,948437269,1,160,20455000
1725148978441000,6422,222400,0,0,172,948437269,1,160,19284000
1725148998361000,6423,222560,0,0,172,948437269,1,160,19920000
1725149018846000,6424,222720,0,0,172,948437269,1,160,20485000
1725149039123000,6425,222880,0,0,172,948437269,1,160,20277000
1725149058502000,6426,223040,0,0,172,948437269,1,160,19379000
1725149078702000,6427,223200,0,0,172,948437269,1,160,20200000
1725149098972000,6428,223360,0,0,172,948437269,1,160,20270000
1725149118601000,6429,223520,0,0,172,948437269,1,160,19629000
1725149139055000,6430,223680,0,0,172,948437269,1,160,20454000
1725149158439000,6431,223840,0,0,172,948437269,1,160,19384000
1725149178724000,6432,224000,0,0,172,948437269,1,160,20285000
1725149199142000,6433,224160,0,0,172,948437269,1,160,20418000
1725149218268000,6434,224320,0,0,172,948437269,1,160,19126000
1725149238674000,6435,224480,0,0,172,948437269,1,160,20406000
1725149258859000,6436,224640,0,0,172,948437269,1,160,20185000
1725149279142000,6437,224800,0,0,172,948437269,1,160,20283000
1725149298492000,6438,224960,0,0,172,948437269,1,160,19350000
1725149318863000,6439,225120,0,0,172,948437269,1,160,20371000
1725149339307000,6440,225280,0,0,172,948437269,1,160,20444000
1725149358663000,6441,225440,0,0,172,948437269,1,160,19356000
1725149378074000,6442,225600,0,0,172,948437269,1,160,19411000
1725149398278000,6443,225760,0,0,172,948437269,1,160,20204000
1725149418635000,6444,225920,0,0,172,948437269,1,160,20357000
1725149438969000,6445,226080,0,0,172,948437269,1,160,20334000
1725149458444000,6446,226240,0,0,172,948437269,1,160,19475000
1725149478818000,6447,226400,0,0,172,948437269,1,160,20374000
1725149499292000,6448,226560,0,0,172,948437269,1,160,20474000
1725149518695000,6449,226720,0,0,172,948437269,1,160,19403000
1725149539121000,6450,226880,0,0,172,948437269,1,160,20426000
1725149558504000,6451,227040,0,0,172,948437269,1,160,19383000
1725149578793000,6452,227200,0,0,172,948437269,1,160,20289000
1725149599064000,6453,227360,0,0,172,948437269,1,160,20271000
1725149617888000,6454,227520,0,0,172,948437269,1,160,18824000
1725149639206000,6455,227680,0,0,172,948437269,1,160,21318000
1725149658763000,6456,227840,0,0,172,948437269,1,160,19557000
1725149679072000,6457,228000,0,0,172,948437269,1,160,20309000
1725149698372000,6458,228160,0,0,172,948437269,1,160,19300000
1725149718599000,6459,228320,0,0,172,948437269,1,160,20227000
1725149738433000,6460,228480,0,0,172,948437269,1,160,19834000
1725149758976000,6461,228640,0,0,172,948437269,1,160,20543000
1725149778274000,6462,228800,0,0,172,948437269,1,160,19298000
1725149798626000,6463,228960,0,0,172,948437269,1,160,20352000
1725149819005000,6464,229120,0,0,172,948437269,1,160,20379000
1725149838321000,6465,229280,0,0,172,948437269,1,160,19316000
1725149858192000,6466,229440,0,0,172,948437269,1,160,19871000
1725149878453000,6467,229600,0,0,172,948437269,1,160,20261000
1725149898859000,6468,229760,0,0,172,948437269,1,160,20406000
1725149918311000,6469,229920,0,0,172,948437269,1,160,19452000
1725149938589000,6470,230080,0,0,172,948437269,1,160,20278000
1725149958228000,6471,230240,0,0,172,948437269,1,160,19639000
1725149977953000,6472,230400,0,0,172,948437269,1,160,19725000
1725149999133000,6473,230560,0,0,172,948437269,1,160,21180000
1725150018459000,6474,230720,0,0,172,948437269,1,160,19326000
1725150038731000,6475,230880,0,0,172,948437269,1,160,20272000
1725150059055000,6476,231040,0,0,172,948437269,1,160,20324000
1725150078085000,6477,231200,0,0,172,948437269,1,160,19030000
1725150098300000,6478,231360,0,0,172,948437269,1,160,20215000
1725150118303000,6479,231520,0,0,172,948437269,1,160,20003000
1725150137775000,6480,231680,0,0,172,948437269,1,160,19472000
1725150159156000,6481,231840,0,0,172,948437269,1,160,21381000
1725150178433000,6482,232000,0,0,172,948437269,1,160,19277000
1725150198788000,6483,232160,0,0,172,948437269,1,160,20355000
1725150219207000,6484,232320,0,0,172,948437269,1,160,20419000
1725150238461000,6485,232480,0,0,172,948437269,1,160,19254000
1725150258875000,6486,232640,0,0,172,948437269,1,160,20414000
1725150279065000,6487,232800,0,0,172,948437269,1,160,20190000
1725150298403000,6488,232960,0,0,172,948437269,1,160,19338000
1725150318832000,6489,233120,0,0,172,948437269,1,160,20429000
1725150339166000,6490,233280,0,0,172,948437269,1,160,20334000
1725150358585000,6491,233440,0,0,172,948437269,1,160,19419000
1725150378861000,6492,233600,0,0,172,948437269,1,160,20276000
1725150398282000,6493,233760,0,0,172,948437269,1,160,19421000
1725150418646000,6494,233920,0,0,172,948437269,1,160,20364000
1725150439064000,6495,234080,0,0,172,948437269,1,160,20418000
1725150458381000,6496,234240,0,0,172,948437269,1,160,19317000
1725150478756000,6497,234400,0,0,172,948437269,1,160,20375000
1725150499277000,6498,234560,0,0,172,948437269,1,160,20521000
1725150518732000,6499,234720,0,0,172,948437269,1,160,19455000
1725150539213000,6500,234880,0,0,172,948437269,1,160,20481000
1725150558579000,6501,235040,0,0,172,948437269,1,160,19366000
1725150578874000,6502,235200,0,0,172,948437269,1,160,20295000
1725150597884000,6503,235360,0,0,172,948437269,1,160,19010000
1725150618857000,6504,235520,0,0,172,948437269,1,160,20973000
1725150638230000,6505,235680,0,0,172,948437269,1,160,19373000
1725150658751000,6506,235840,0,0,172,948437269,1,160,20521000
1725150679034000,6507,236000,0,0,172,948437269,1,160,20283000
1725150698299000,6508,236160,0,0,172,948437269,1,160,19265000
1725150718684000,6509,236320,0,0,172,948437269,1,160,20385000
1725150739183000,6510,236480,0,0,172,948437269,1,160,20499000
1725150758649000,6511,236640,0,0,172,948437269,1,160,19466000
1725150778918000,6512,236800,0,0,172,948437269,1,160,20269000
1725150798156000,6513,236960,0,0,172,948437269,1,160,19238000
1725150818520000,6514,237120,0,0,172,948437269,1,160,20364000
1725150838966000,6515,237280,0,0,172,948437269,1,160,20446000
1725150858416000,6516,237440,0,0,172,948437269,1,160,19450000
1725150878640000,6517,237600,0,0,172,948437269,1,160,20224000
1725150898855000,6518,237760,0,0,172,948437269,1,160,20215000
1725150918291000,6519,237920,0,0,172,948437269,1,160,19436000
1725150938425000,6520,238080,0,0,172,948437269,1,160,20134000
1725150958198000,6521,238240,0,0,172,948437269,1,160,19773000
1725150978454000,6522,238400,0,0,172,948437269,1,160,20256000
1725150997962000,6523,238560,0,0,172,948437269,1,160,19508000
1725151018346000,6524,238720,0,0,172,948437269,1,160,20384000
1725151038704000,6525,238880,0,0,172,948437269,1,160,20358000
1725151059128000,6526,239040,0,0,172,948437269,1,160,20424000
1725151078361000,6527,239200,0,0,172,948437269,1,160,19233000
1725151098581000,6528,239360,0,0,172,948437269,1,160,20220000
1725151118956000,6529,239520,0,0,172,948437269,1,160,20375000
1725151138351000,6530,239680,0,0,172,948437269,1,160,19395000
1725151158846000,6531,239840,0,0,172,948437269,1,160,20495000
1725151178110000,6532,240000,0,0,172,948437269,1,160,19264000
1725151198509000,6533,240160,0,0,172,948437269,1,160,20399000
1725151219013000,6534,240320,0,0,172,948437269,1,160,20504000
1725151237572000,6535,240480,0,0,172,948437269,1,160,18559000
1725151259208000,6536,240640,0,0,172,948437269,1,160,21636000
1725151278482000,6537,240800,0,0,172,948437269,1,160,19274000
1725151298754000,6538,240960,0,0,172,948437269,1,160,20272000
1725151318495000,6539,241120,0,0,172,948437269,1,160,19741000
1725151338968000,6540,241280,0,0,172,948437269,1,160,20473000
1725151358303000,6541,241440,0,0,172,948437269,1,160,19335000
1725151378563000,6542,241600,0,0,172,948437269,1,160,20260000
1725151398490000,6543,241760,0,0,172,948437269,1,160,19927000
1725151418775000,6544,241920,0,0,172,948437269,1,160,20285000
1725151439118000,6545,242080,0,0,172,948437269,1,160,20343000
1725151458269000,6546,242240,0,0,172,948437269,1,160,19151000
1725151478642000,6547,242400,0,0,172,948437269,1,160,20373000
1725151498985000,6548,242560,0,0,172,948437269,1,160,20343000
1725151517891000,6549,242720,0,0,172,948437269,1,160,18906000
1725151538223000,6550,242880,0,0,172,948437269,1,160,20332000
1725151558709000,6551,243040,0,0,172,948437269,1,160,20486000
1725151578214000,6552,243200,0,0,172,948437269,1,160,19505000
1725151598036000,6553,243360,0,0,172,948437269,1,160,19822000
1725151617493000,6554,243520,0,0,172,948437269,1,160,19457000
1725151638521000,6555,243680,0,0,172,948437269,1,160,21028000
1725151658904000,6556,243840,0,0,172,948437269,1,160,20383000
1725151677436000,6557,244000,0,0,172,948437269,1,160,18532000
1725151698843000,6558,244160,0,0,172,948437269,1,160,21407000
1725151718286000,6559,244320,0,0,172,948437269,1,160,19443000
1725151738731000,6560,244480,0,0,172,948437269,1,160,20445000
1725151759201000,6561,244640,0,0,172,948437269,1,160,20470000
1725151778631000,6562,244800,0,0,172,948437269,1,160,19430000
1725151798380000,6563,244960,0,0,172,948437269,1,160,19749000
1725151818477000,6564,245120,0,0,172,948437269,1,160,20097000
1725151838884000,6565,245280,0,0,172,948437269,1,160,20407000
1725151858273000,6566,245440,0,0,172,948437269,1,160,19389000
1725151878541000,6567,245600,0,0,172,948437269,1,160,20268000
1725151898022000,6568,245760,0,0,172,948437269,1,160,19481000
1725151918485000,6569,245920,0,0,172,948437269,1,160,20463000
1725151938176000,6570,246080,0,0,172,948437269,1,160,19691000
1725151958405000,6571,246240,0,0,172,948437269,1,160,20229000
1725151978673000,6572,246400,0,0,172,948437269,1,160,20268000
1725151998641000,6573,246560,0,0,172,948437269,1,160,19968000
1725152018555000,6574,246720,0,0,172,948437269,1,160,19914000
1725152038921000,6575,246880,0,0,172,948437269,1,160,20366000
1725152058304000,6576,247040,0,0,172,948437269,1,160,19383000
1725152077668000,6577,247200,0,0,172,948437269,1,160,19364000
1725152098859000,6578,247360,0,0,172,948437269,1,160,21191000
1725152118222000,6579,247520,0,0,172,948437269,1,160,19363000
1725152138610000,6580,247680,0,0,172,948437269,1,160,20388000
1725152158933000,6581,247840,0,0,172,948437269,1,160,20323000
1725152177551000,6582,248000,0,0,172,948437269,1,160,18618000
1725152198891000,6583,248160,0,0,172,948437269,1,160,21340000
1725152218444000,6584,248320,0,0,172,948437269,1,160,19553000
1725152238813000,6585,248480,0,0,172,948437269,1,160,20369000
1725152258401000,6586,248640,0,0,172,948437269,1,160,19588000
1725152278908000,6587,248800,0,0,172,948437269,1,160,20507000
1725152298237000,6588,248960,0,0,172,948437269,1,160,19329000
1725152318488000,6589,249120,0,0,172,948437269,1,160,20251000
1725152338941000,6590,249280,0,0,172,948437269,1,160,20453000
1725152358504000,6591,249440,0,0,172,948437269,1,160,19563000
1725152378422000,6592,249600,0,0,172,948437269,1,160,19918000
1725152398782000,6593,249760,0,0,172,948437269,1,160,20360000
1725152418214000,6594,249920,0,0,172,948437269,1,160,19432000
1725152438526000,6595,250080,0,0,172,948437269,1,160,20312000
1725152459073000,6596,250240,0,0,172,948437269,1,160,20547000
1725152478486000,6597,250400,0,0,172,948437269,1,160,19413000
1725152498688000,6598,250560,0,0,172,948437269,1,160,20202000
1725152518766000,6599,250720,0,0,172,948437269,1,160,20078000
1725152538290000,6600,250880,0,0,172,948437269,1,160,19524000
1725152558732000,6601,251040,0,0,172,948437269,1,160,20442000
1725152577227000,6602,251200,0,0,172,948437269,1,160,18495000
1725152597813000,6603,251360,0,0,172,948437269,1,160,20586000
1725152617560000,6604,251520,0,0,172,948437269,1,160,19747000
1725152638378000,6605,251680,0,0,172,948437269,1,160,20818000
1725152658729000,6606,251840,0,0,172,948437269,1,160,20351000
1725152678259000,6607,252000,0,0,172,948437269,1,160,19530000
1725152698589000,6608,252160,0,0,172,948437269,1,160,20330000
1725152718460000,6609,252320,0,0,172,948437269,1,160,19871000
1725152738210000,6610,252480,0,0,172,948437269,1,160,19750000
1725152758695000,6611,252640,0,0,172,948437269,1,160,20485000
1725152778367000,6612,252800,0,0,172,948437269,1,160,19672000
1725152798848000,6613,252960,0,0,172,948437269,1,160,20481000
1725152818324000,6614,253120,0,0,172,948437269,1,160,19476000
1725152838869000,6615,253280,0,0,172,948437269,1,160,20545000
1725152858396000,6616,253440,0,0,172,948437269,1,160,19527000
1725152878739000,6617,253600,0,0,172,948437269,1,160,20343000
1725152898829000,6618,253760,0,0,172,948437269,1,160,20090000
1725152917340000,6619,253920,0,0,172,948437269,1,160,18511000
1725152938750000,6620,254080,0,0,172,948437269,1,160,21410000
1725152958069000,6621,254240,0,0,172,948437269,1,160,19319000
1725152978304000,6622,254400,0,0,172,948437269,1,160,20235000
1725152998817000,6623,254560,0,0,172,948437269,1,160,20513000
1725153018756000,6624,254720,0,0,172,948437269,1,160,19939000
1725153038067000,6625,254880,0,0,172,948437269,1,160,19311000
1725153058628000,6626,255040,0,0,172,948437269,1,160,20561000
1725153078502000,6627,255200,0,0,172,948437269,1,160,19874000
1725153098888000,6628,255360,0,0,172,948437269,1,160,20386000
1725153118517000,6629,255520,0,0,172,948437269,1,160,19629000
1725153138971000,6630,255680,0,0,172,948437269,1,160,20454000
1725153157913000,6631,255840,0,0,172,948437269,1,160,18942000
1725153178171000,6632,256000,0,0,172,948437269,1,160,20258000
1725153198674000,6633,256160,0,0,172,948437269,1,160,20503000
1725153219257000,6634,256320,0,0,172,948437269,1,160,20583000
1725153238839000,6635,256480,0,0,172,948437269,1,160,19582000
1725153258402000,6636,256640,0,0,172,948437269,1,160,19563000
1725153278772000,6637,256800,0,0,172,948437269,1,160,20370000
1725153297650000,6638,256960,0,0,172,948437269,1,160,18878000
1725153319194000,6639,257120,0,0,172,948437269,1,160,21544000
1725153338357000,6640,257280,0,0,172,948437269,1,160,19163000
1725153358800000,6641,257440,0,0,172,948437269,1,160,20443000
1725153378082000,6642,257600,0,0,172,948437269,1,160,19282000
1725153398607000,6643,257760,0,0,172,948437269,1,160,20525000
1725153419068000,6644,257920,0,0,172,948437269,1,160,20461000
1725153438548000,6645,258080,0,0,172,948437269,1,160,19480000
1725153458602000,6646,258240,0,0,172,948437269,1,160,20054000
1725153478941000,6647,258400,0,0,172,948437269,1,160,20339000
1725153498406000,6648,258560,0,0,172,948437269,1,160,19465000
1725153518949000,6649,258720,0,0,172,948437269,1,160,20543000
1725153538511000,6650,258880,0,0,172,948437269,1,160,19562000
1725153559043000,6651,259040,0,0,172,948437269,1,160,20532000
1725153578387000,6652,259200,0,0,172,948437269,1,160,19344000
1725153598928000,6653,259360,0,0,172,948437269,1,160,20541000
1725153618509000,6654,259520,0,0,172,948437269,1,160,19581000
1725153638968000,6655,259680,0,0,172,948437269,1,160,20459000
1725153657847000,6656,259840,0,0,172,948437269,1,160,18879000
1725153678220000,6657,260000,0,0,172,948437269,1,160,20373000
1725153698685000,6658,260160,0,0,172,948437269,1,160,20465000
1725153718220000,6659,260320,0,0,172,948437269,1,160,19535000
1725153738177000,6660,260480,0,0,172,948437269,1,160,19957000
1725153758731000,6661,260640,0,0,172,948437269,1,160,20554000
1725153778099000,6662,260800,0,0,172,948437269,1,160,19368000
1725153798603000,6663,260960,0,0,172,948437269,1,160,20504000
1725153818518000,6664,261120,0,0,172,948437269,1,160,19915000
1725153839051000,6665,261280,0,0,172,948437269,1,160,20533000
1725153858565000,6666,261440,0,0,172,948437269,1,160,19514000
1725153878920000,6667,261600,0,0,172,948437269,1,160,20355000
1725153898421000,6668,261760,0,0,172,948437269,1,160,19501000
1725153918930000,6669,261920,0,0,172,948437269,1,160,20509000
1725153938405000,6670,262080,0,0,172,948437269,1,160,19475000
1725153958850000,6671,262240,0,0,172,948437269,1,160,20445000
1725153978336000,6672,262400,0,0,172,948437269,1,160,19486000
1725153998225000,6673,262560,0,0,172,948437269,1,160,19889000
1725154018690000,6674,262720,0,0,172,948437269,1,160,20465000
1725154038075000,6675,262880,0,0,172,948437269,1,160,19385000
1725154058593000,6676,263040,0,0,172,948437269,1,160,20518000
1725154078306000,6677,263200,0,0,172,948437269,1,160,19713000
1725154097928000,6678,263360,0,0,172,948437269,1,160,19622000
1725154118448000,6679,263520,0,0,172,948437269,1,160,20520000
1725154138987000,6680,263680,0,0,172,948437269,1,160,20539000
1725154158351000,6681,263840,0,0,172,948437269,1,160,19364000
1725154178722000,6682,264000,0,0,172,948437269,1,160,20371000
1725154198095000,6683,264160,0,0,172,948437269,1,160,19373000
1725154217594000,6684,264320,0,0,172,948437269,1,160,19499000
1725154238925000,6685,264480,0,0,172,948437269,1,160,21331000
1725154258704000,6686,264640,0,0,172,948437269,1,160,19779000
1725154277113000,6687,264800,0,0,172,948437269,1,160,18409000
1725154298614000,6688,264960,0,0,172,948437269,1,160,21501000
1725154318935000,6689,265120,0,0,172,948437269,1,160,20321000
1725154338560000,6690,265280,0,0,172,948437269,1,160,19625000
1725154359102000,6691,265440,0,0,172,948437269,1,160,20542000
1725154378449000,6692,265600,0,0,172,948437269,1,160,19347000
1725154398370000,6693,265760,0,0,172,948437269,1,160,19921000
1725154418790000,6694,265920,0,0,172,948437269,1,160,20420000
1725154438388000,6695,266080,0,0,172,948437269,1,160,19598000
1725154458897000,6696,266240,0,0,172,948437269,1,160,20509000
1725154478207000,6697,266400,0,0,172,948437269,1,160,19310000
1725154498720000,6698,266560,0,0,172,948437269,1,160,20513000
1725154517360000,6699,266720,0,0,172,948437269,1,160,18640000
1725154538738000,6700,266880,0,0,172,948437269,1,160,21378000
1725154557505000,6701,267040,0,0,172,948437269,1,160,18767000
1725154578120000,6702,267200,0,0,172,948437269,1,160,20615000
1725154598514000,6703,267360,0,0,172,948437269,1,160,20394000
1725154618996000,6704,267520,0,0,172,948437269,1,160,20482000
1725154638699000,6705,267680,0,0,172,948437269,1,160,19703000
1725154658241000,6706,267840,0,0,172,948437269,1,160,19542000
1725154678497000,6707,268000,0,0,172,948437269,1,160,20256000
1725154698048000,6708,268160,0,0,172,948437269,1,160,19551000
1725154718327000,6709,268320,0,0,172,948437269,1,160,20279000
1725154738751000,6710,268480,0,0,172,948437269,1,160,20424000
1725154758193000,6711,268640,0,0,172,948437269,1,160,19442000
1725154778475000,6712,268800,0,0,172,948437269,1,160,20282000
1725154798874000,6713,268960,0,0,172,948437269,1,160,20399000
1725154818370000,6714,269120,0,0,172,948437269,1,160,19496000
1725154838757000,6715,269280,0,0,172,948437269,1,160,20387000
1725154858293000,6716,269440,0,0,172,948437269,1,160,19536000
1725154878592000,6717,269600,0,0,172,948437269,1,160,20299000
1725154899138000,6718,269760,0,0,172,948437269,1,160,20546000
1725154918847000,6719,269920,0,0,172,948437269,1,160,19709000
1725154938358000,6720,270080,0,0,172,948437269,1,160,19511000
1725154958877000,6721,270240,0,0,172,948437269,1,160,20519000
1725154978198000,6722,270400,0,0,172,948437269,1,160,19321000
1725154998754000,6723,270560,0,0,172,948437269,1,160,20556000
1725155018278000,6724,270720,0,0,172,948437269,1,160,19524000
1725155038671000,6725,270880,0,0,172,948437269,1,160,20393000
1725155057802000,6726,271040,0,0,172,948437269,1,160,19131000
1725155078206000,6727,271200,0,0,172,948437269,1,160,20404000
1725155098573000,6728,271360,0,0,172,948437269,1,160,20367000
1725155118972000,6729,271520,0,0,172,948437269,1,160,20399000
1725155138382000,6730,271680,0,0,172,948437269,1,160,19410000
1725155158705000,6731,271840,0,0,172,948437269,1,160,20323000
1725155177087000,6732,272000,0,0,172,948437269,1,160,18382000
1725155198562000,6733,272160,0,0,172,948437269,1,160,21475000
1725155220016000,6734,272320,0,0,172,948437269,1,160,21454000
1725155238438000,6735,272480,0,0,172,948437269,1,160,18422000
1725155258663000,6736,272640,0,0,172,948437269,1,160,20225000
1725155278770000,6737,272800,0,0,172,948437269,1,160,20107000
1725155297931000,6738,272960,0,0,172,948437269,1,160,19161000
1725155317185000,6739,273120,0,0,172,948437269,1,160,19254000
1725155338377000,6740,273280,0,0,172,948437269,1,160,21192000
1725155358531000,6741,273440,0,0,172,948437269,1,160,20154000
1725155378691000,6742,273600,0,0,172,948437269,1,160,20160000
1725155398821000,6743,273760,0,0,172,948437269,1,160,20130000
1725155418019000,6744,273920,0,0,172,948437269,1,160,19198000
1725155438290000,6745,274080,0,0,172,948437269,1,160,20271000
1725155458671000,6746,274240,0,0,172,948437269,1,160,20381000
1725155478062000,6747,274400,0,0,172,948437269,1,160,19391000
1725155497805000,6748,274560,0,0,172,948437269,1,160,19743000
1725155518268000,6749,274720,0,0,172,948437269,1,160,20463000
1725155538696000,6750,274880,0,0,172,948437269,1,160,20428000
1725155557904000,6751,275040,0,0,172,948437269,1,160,19208000
1725155578173000,6752,275200,0,0,172,948437269,1,160,20269000
1725155598614000,6753,275360,0,0,172,948437269,1,160,20441000
1725155619204000,6754,275520,0,0,172,948437269,1,160,20590000
1725155638751000,6755,275680,0,0,172,948437269,1,160,19547000
1725155658162000,6756,275840,0,0,172,948437269,1,160,19411000
1725155678529000,6757,276000,0,0,172,948437269,1,160,20367000
1725155698902000,6758,276160,0,0,172,948437269,1,160,20373000
1725155718529000,6759,276320,0,0,172,948437269,1,160,19627000
1725155739000000,6760,276480,0,0,172,948437269,1,160,20471000
1725155758470000,6761,276640,0,0,172,948437269,1,160,19470000
1725155778761000,6762,276800,0,0,172,948437269,1,160,20291000
1725155798203000,6763,276960,0,0,172,948437269,1,160,19442000
1725155818365000,6764,277120,0,0,172,948437269,1,160,20162000
1725155838793000,6765,277280,0,0,172,948437269,1,160,20428000
1725155857885000,6766,277440,0,0,172,948437269,1,160,19092000
1725155877688000,6767,277600,0,0,172,948437269,1,160,19803000
1725155897097000,6768,277760,0,0,172,948437269,1,160,19409000
1725155918538000,6769,277920,0,0,172,948437269,1,160,21441000
1725155938724000,6770,278080,0,0,172,948437269,1,160,20186000
1725155958169000,6771,278240,0,0,172,948437269,1,160,19445000
1725155978540000,6772,278400,0,0,172,948437269,1,160,20371000
1725155999090000,6773,278560,0,0,172,948437269,1,160,20550000
1725156018608000,6774,278720,0,0,172,948437269,1,160,19518000
1725156038314000,6775,278880,0,0,172,948437269,1,160,19706000
1725156058791000,6776,279040,0,0,172,948437269,1,160,20477000
1725156078144000,6777,279200,0,0,172,948437269,1,160,19353000
1725156098477000,6778,279360,0,0,172,948437269,1,160,20333000
1725156118898000,6779,279520,0,0,172,948437269,1,160,20421000
1725156138158000,6780,279680,0,0,172,948437269,1,160,19260000
1725156158664000,6781,279840,0,0,172,948437269,1,160,20506000
1725156177960000,6782,280000,0,0,172,948437269,1,160,19296000
1725156198462000,6783,280160,0,0,172,948437269,1,160,20502000
1725156219144000,6784,280320,0,0,172,948437269,1,160,20682000
1725156238562000,6785,280480,0,0,172,948437269,1,160,19418000
1725156258172000,6786,280640,0,0,172,948437269,1,160,19610000
1725156278548000,6787,280800,0,0,172,948437269,1,160,20376000
1725156297578000,6788,280960,0,0,172,948437269,1,160,19030000
1725156318555000,6789,281120,0,0,172,948437269,1,160,20977000
1725156338002000,6790,281280,0,0,172,948437269,1,160,19447000
1725156358528000,6791,281440,0,0,172,948437269,1,160,20526000
1725156377925000,6792,281600,0,0,172,948437269,1,160,19397000
1725156398424000,6793,281760,0,0,172,948437269,1,160,20499000
1725156418204000,6794,281920,0,0,172,948437269,1,160,19780000
1725156438582000,6795,282080,0,0,172,948437269,1,160,20378000
1725156458120000,6796,282240,0,0,172,948437269,1,160,19538000
1725156478555000,6797,282400,0,0,172,948437269,1,160,20435000
1725156498132000,6798,282560,0,0,172,948437269,1,160,19577000
1725156518327000,6799,282720,0,0,172,948437269,1,160,20195000
1725156538780000,6800,282880,0,0,172,948437269,1,160,20453000
1725156558226000,6801,283040,0,0,172,948437269,1,160,19446000
1725156578072000,6802,283200,0,0,172,948437269,1,160,19846000
1725156598549000,6803,283360,0,0,172,948437269,1,160,20477000
1725156618164000,6804,283520,0,0,172,948437269,1,160,19615000
1725156638629000,6805,283680,0,0,172,948437269,1,160,20465000
1725156658061000,6806,283840,0,0,172,948437269,1,160,19432000
1725156678097000,6807,284000,0,0,172,948437269,1,160,20036000
1725156698569000,6808,284160,0,0,172,948437269,1,160,20472000
1725156718151000,6809,284320,0,0,172,948437269,1,160,19582000
1725156737963000,6810,284480,0,0,172,948437269,1,160,19812000
1725156758323000,6811,284640,0,0,172,948437269,1,160,20360000
1725156778556000,6812,284800,0,0,172,948437269,1,160,20233000
1725156797443000,6813,284960,0,0,172,948437269,1,160,18887000
1725156818943000,6814,285120,0,0,172,948437269,1,160,21500000
1725156838627000,6815,285280,0,0,172,948437269,1,160,19684000
1725156858146000,6816,285440,0,0,172,948437269,1,160,19519000
1725156878482000,6817,285600,0,0,172,948437269,1,160,20336000
1725156898818000,6818,285760,0,0,172,948437269,1,160,20336000
1725156918253000,6819,285920,0,0,172,948437269,1,160,19435000
1725156938611000,6820,286080,0,0,172,948437269,1,160,20358000
1725156958041000,6821,286240,0,0,172,948437269,1,160,19430000
1725156978352000,6822,286400,0,0,172,948437269,1,160,20311000
1725156998729000,6823,286560,0,0,172,948437269,1,160,20377000
1725157018187000,6824,286720,0,0,172,948437269,1,160,19458000
1725157038547000,6825,286880,0,0,172,948437269,1,160,20360000
1725157057855000,6826,287040,0,0,172,948437269,1,160,19308000
1725157078186000,6827,287200,0,0,172,948437269,1,160,20331000
1725157098503000,6828,287360,0,0,172,948437269,1,160,20317000
1725157117905000,6829,287520,0,0,172,948437269,1,160,19402000
1725157138297000,6830,287680,0,0,172,948437269,1,160,20392000
1725157158390000,6831,287840,0,0,172,948437269,1,160,20093000
1725157178634000,6832,288000,0,0,172,948437269,1,160,20244000
1725157197906000,6833,288160,0,0,172,948437269,1,160,19272000
1725157218323000,6834,288320,0,0,172,948437269,1,160,20417000
1725157238254000,6835,288480,0,0,172,948437269,1,160,19931000
1725157258658000,6836,288640,0,0,172,948437269,1,160,20404000
1725157277904000,6837,288800,0,0,172,948437269,1,160,19246000
1725157297462000,6838,288960,0,0,172,948437269,1,160,19558000
1725157318945000,6839,289120,0,0,172,948437269,1,160,21483000
1725157338278000,6840,289280,0,0,172,948437269,1,160,19333000
1725157358694000,6841,289440,0,0,172,948437269,1,160,20416000
1725157377135000,6842,289600,0,0,172,948437269,1,160,18441000
1725157398590000,6843,289760,0,0,172,948437269,1,160,21455000
1725157417853000,6844,289920,0,0,172,948437269,1,160,19263000
1725157438293000,6845,290080,0,0,172,948437269,1,160,20440000
1725157458553000,6846,290240,0,0,172,948437269,1,160,20260000
1725157478078000,6847,290400,0,0,172,948437269,1,160,19525000
1725157498387000,6848,290560,0,0,172,948437269,1,160,20309000
1725157518298000,6849,290720,0,0,172,948437269,1,160,19911000
1725157538093000,6850,290880,0,0,172,948437269,1,160,19795000
1725157558626000,6851,291040,0,0,172,948437269,1,160,20533000
1725157577235000,6852,291200,0,0,172,948437269,1,160,18609000
1725157598750000,6853,291360,0,0,172,948437269,1,160,21515000
1725157618343000,6854,291520,0,0,172,948437269,1,160,19593000
1725157638855000,6855,291680,0,0,172,948437269,1,160,20512000
1725157658315000,6856,291840,0,0,172,948437269,1,160,19460000
1725157678648000,6857,292000,0,0,172,948437269,1,160,20333000
1725157697689000,6858,292160,0,0,172,948437269,1,160,19041000
1725157718084000,6859,292320,0,0,172,948437269,1,160,20395000
1725157738569000,6860,292480,0,0,172,948437269,1,160,20485000
1725157758122000,6861,292640,0,0,172,948437269,1,160,19553000
1725157778493000,6862,292800,0,0,172,948437269,1,160,20371000
1725157798439000,6863,292960,0,0,172,948437269,1,160,19946000
1725157819069000,6864,293120,0,0,172,948437269,1,160,20630000
1725157838572000,6865,293280,0,0,172,948437269,1,160,19503000
1725157858122000,6866,293440,0,0,172,948437269,1,160,19550000
1725157878400000,6867,293600,0,0,172,948437269,1,160,20278000
1725157898828000,6868,293760,0,0,172,948437269,1,160,20428000
1725157918359000,6869,293920,0,0,172,948437269,1,160,19531000
1725157937842000,6870,294080,0,0,172,948437269,1,160,19483000
1725157958311000,6871,294240,0,0,172,948437269,1,160,20469000
1725157978676000,6872,294400,0,0,172,948437269,1,160,20365000
1725157998127000,6873,294560,0,0,172,948437269,1,160,19451000
1725158018698000,6874,294720,0,0,172,948437269,1,160,20571000
1725158038276000,6875,294880,0,0,172,948437269,1,160,19578000
1725158058850000,6876,295040,0,0,172,948437269,1,160,20574000
1725158077295000,6877,295200,0,0,172,948437269,1,160,18445000
1725158098737000,6878,295360,0,0,172,948437269,1,160,21442000
1725158118119000,6879,295520,0,0,172,948437269,1,160,19382000
1725158138542000,6880,295680,0,0,172,948437269,1,160,20423000
1725158157511000,6881,295840,0,0,172,948437269,1,160,18969000
1725158178790000,6882,296000,0,0,172,948437269,1,160,21279000
1725158198245000,6883,296160,0,0,172,948437269,1,160,19455000
1725158218776000,6884,296320,0,0,172,948437269,1,160,20531000
1725158238302000,6885,296480,0,0,172,948437269,1,160,19526000
1725158258853000,6886,296640,0,0,172,948437269,1,160,20551000
1725158278166000,6887,296800,0,0,172,948437269,1,160,19313000
1725158297745000,6888,296960,0,0,172,948437269,1,160,19579000
1725158318156000,6889,297120,0,0,172,948437269,1,160,20411000
1725158338587000,6890,297280,0,0,172,948437269,1,160,20431000
1725158357940000,6891,297440,0,0,172,948437269,1,160,19353000
1725158378404000,6892,297600,0,0,172,948437269,1,160,20464000
1725158397689000,6893,297760,0,0,172,948437269,1,160,19285000
1725158418182000,6894,297920,0,0,172,948437269,1,160,20493000
1725158438334000,6895,298080,0,0,172,948437269,1,160,20152000
1725158458907000,6896,298240,0,0,172,948437269,1,160,20573000
1725158478265000,6897,298400,0,0,172,948437269,1,160,19358000
1725158498783000,6898,298560,0,0,172,948437269,1,160,20518000
1725158518126000,6899,298720,0,0,172,948437269,1,160,19343000
1725158538481000,6900,298880,0,0,172,948437269,1,160,20355000
1725158558006000,6901,299040,0,0,172,948437269,1,160,19525000
1725158578349000,6902,299200,0,0,172,948437269,1,160,20343000
1725158598818000,6903,299360,0,0,172,948437269,1,160,20469000
1725158618296000,6904,299520,0,0,172,948437269,1,160,19478000
1725158638837000,6905,299680,0,0,172,948437269,1,160,20541000
1725158658297000,6906,299840,0,0,172,948437269,1,160,19460000
1725158678785000,6907,300000,0,0,172,948437269,1,160,20488000
1725158698118000,6908,300160,0,0,172,948437269,1,160,19333000
1725158718627000,6909,300320,0,0,172,948437269,1,160,20509000
1725158738055000,6910,300480,0,0,172,948437269,1,160,19428000
1725158758602000,6911,300640,0,0,172,948437269,1,160,20547000
1725158778009000,6912,300800,0,0,172,948437269,1,160,19407000
1725158798301000,6913,300960,0,0,172,948437269,1,160,20292000
1725158818483000,6914,301120,0,0,172,948437269,1,160,20182000
1725158837859000,6915,301280,0,0,172,948437269,1,160,19376000
1725158858246000,6916,301440,0,0,172,948437269,1,160,20387000
1725158877496000,6917,301600,0,0,172,948437269,1,160,19250000
1725158897727000,6918,301760,0,0,172,948437269,1,160,20231000
1725158917078000,6919,301920,0,0,172,948437269,1,160,19351000
1725158938292000,6920,302080,0,0,172,948437269,1,160,21214000
1725158958521000,6921,302240,0,0,172,948437269,1,160,20229000
1725158977690000,6922,302400,0,0,172,948437269,1,160,19169000
1725158997146000,6923,302560,0,0,172,948437269,1,160,19456000
1725159018543000,6924,302720,0,0,172,948437269,1,160,21397000
1725159037781000,6925,302880,0,0,172,948437269,1,160,19238000
1725159057682000,6926,303040,0,0,172,948437269,1,160,19901000
1725159077381000,6927,303200,0,0,172,948437269,1,160,19699000
1725159098637000,6928,303360,0,0,172,948437269,1,160,21256000
1725159117982000,6929,303520,0,0,172,948437269,1,160,19345000
1725159138258000,6930,303680,0,0,172,948437269,1,160,20276000
1725159158601000,6931,303840,0,0,172,948437269,1,160,20343000
1725159177857000,6932,304000,0,0,172,948437269,1,160,19256000
1725159198044000,6933,304160,0,0,172,948437269,1,160,20187000
1725159218360000,6934,304320,0,0,172,948437269,1,160,20316000
1725159238797000,6935,304480,0,0,172,948437269,1,160,20437000
1725159258307000,6936,304640,0,0,172,948437269,1,160,19510000
1725159278658000,6937,304800,0,0,172,948437269,1,160,20351000
1725159297300000,6938,304960,0,0,172,948437269,1,160,18642000
1725159318134000,6939,305120,0,0,172,948437269,1,160,20834000
1725159338666000,6940,305280,0,0,172,948437269,1,160,20532000
1725159358088000,6941,305440,0,0,172,948437269,1,160,19422000
1725159378420000,6942,305600,0,0,172,948437269,1,160,20332000
1725159397904000,6943,305760,0,0,172,948437269,1,160,19484000
1725159418484000,6944,305920,0,0,172,948437269,1,160,20580000
1725159437945000,6945,306080,0,0,172,948437269,1,160,19461000
1725159458387000,6946,306240,0,0,172,948437269,1,160,20442000
1725159477749000,6947,306400,0,0,172,948437269,1,160,19362000
1725159498336000,6948,306560,0,0,172,948437269,1,160,20587000
1725159518021000,6949,306720,0,0,172,948437269,1,160,19685000
1725159538533000,6950,306880,0,0,172,948437269,1,160,20512000
1725159557932000,6951,307040,0,0,172,948437269,1,160,19399000
1725159577878000,6952,307200,0,0,172,948437269,1,160,19946000
1725159600463000,6953,307360,0,0,172,948437269,1,160,22585000
1725159617846000,6954,307520,0,0,172,948437269,1,160,17383000
1725159638344000,6955,307680,0,0,172,948437269,1,160,20498000
1725159658714000,6956,307840,0,0,172,948437269,1,160,20370000
1725159678054000,6957,308000,0,0,172,948437269,1,160,19340000
1725159698587000,6958,308160,0,0,172,948437269,1,160,20533000
1725159718143000,6959,308320,0,0,172,948437269,1,160,19556000
1725159738650000,6960,308480,0,0,172,948437269,1,160,20507000
1725159758151000,6961,308640,0,0,172,948437269,1,160,19501000
1725159778643000,6962,308800,0,0,172,948437269,1,160,20492000
1725159797213000,6963,308960,0,0,172,948437269,1,160,18570000
1725159818674000,6964,309120,0,0,172,948437269,1,160,21461000
1725159838013000,6965,309280,0,0,172,948437269,1,160,19339000
1725159858618000,6966,309440,0,0,172,948437269,1,160,20605000
1725159878144000,6967,309600,0,0,172,948437269,1,160,19526000
1725159898584000,6968,309760,0,0,172,948437269,1,160,20440000
1725159918129000,6969,309920,0,0,172,948437269,1,160,19545000
1725159938409000,6970,310080,0,0,172,948437269,1,160,20280000
1725159957847000,6971,310240,0,0,172,948437269,1,160,19438000
1725159978191000,6972,310400,0,0,172,948437269,1,160,20344000
1725159998619000,6973,310560,0,0,172,948437269,1,160,20428000
1725160018179000,6974,310720,0,0,172,948437269,1,160,19560000
1725160038517000,6975,310880,0,0,172,948437269,1,160,20338000
1725160057914000,6976,311040,0,0,172,948437269,1,160,19397000
1725160078330000,6977,311200,0,0,172,948437269,1,160,20416000
1725160098829000,6978,311360,0,0,172,948437269,1,160,20499000
1725160118140000,6979,311520,0,0,172,948437269,1,160,19311000
1725160138633000,6980,311680,0,0,172,948437269,1,160,20493000
1725160158092000,6981,311840,0,0,172,948437269,1,160,19459000
1725160178367000,6982,312000,0,0,172,948437269,1,160,20275000
1725160198599000,6983,312160,0,0,172,948437269,1,160,20232000
1725160217988000,6984,312320,0,0,172,948437269,1,160,19389000
1725160238367000,6985,312480,0,0,172,948437269,1,160,20379000
1725160257898000,6986,312640,0,0,172,948437269,1,160,19531000
1725160278182000,6987,312800,0,0,172,948437269,1,160,20284000
1725160298409000,6988,312960,0,0,172,948437269,1,160,20227000
1725160317834000,6989,313120,0,0,172,948437269,1,160,19425000
1725160338382000,6990,313280,0,0,172,948437269,1,160,20548000
1725160357953000,6991,313440,0,0,172,948437269,1,160,19571000
1725160378380000,6992,313600,0,0,172,948437269,1,160,20427000
1725160397705000,6993,313760,0,0,172,948437269,1,160,19325000
1725160418199000,6994,313920,0,0,172,948437269,1,160,20494000
1725160438671000,6995,314080,0,0,172,948437269,1,160,20472000
1725160458105000,6996,314240,0,0,172,948437269,1,160,19434000
1725160478728000,6997,314400,0,0,172,948437269,1,160,20623000
1725160497231000,6998,314560,0,0,172,948437269,1,160,18503000
1725160518659000,6999,314720,0,0,172,948437269,1,160,21428000
1725160538309000,7000,314880,0,0,172,948437269,1,160,19650000
1725160557857000,7001,315040,0,0,172,948437269,1,160,19548000
1725160578175000,7002,315200,0,0,172,948437269,1,160,20318000
1725160598535000,7003,315360,0,0,172,948437269,1,160,20360000
1725160618062000,7004,315520,0,0,172,948437269,1,160,19527000
1725160638492000,7005,315680,0,0,172,948437269,1,160,20430000
1725160658049000,7006,315840,0,0,172,948437269,1,160,19557000
1725160678465000,7007,316000,0,0,172,948437269,1,160,20416000
1725160696885000,7008,316160,0,0,172,948437269,1,160,18420000
1725160718417000,7009,316320,0,0,172,948437269,1,160,21532000
1725160737909000,7010,316480,0,0,172,948437269,1,160,19492000
1725160758542000,7011,316640,0,0,172,948437269,1,160,20633000
1725160778082000,7012,316800,0,0,172,948437269,1,160,19540000
1725160797982000,7013,316960,0,0,172,948437269,1,160,19900000
1725160817792000,7014,317120,0,0,172,948437269,1,160,19810000
1725160838294000,7015,317280,0,0,172,948437269,1,160,20502000
1725160857854000,7016,317440,0,0,172,948437269,1,160,19560000
1725160878249000,7017,317600,0,0,172,948437269,1,160,20395000
1725160898668000,7018,317760,0,0,172,948437269,1,160,20419000
1725160918240000,7019,317920,0,0,172,948437269,1,160,19572000
1725160938595000,7020,318080,0,0,172,948437269,1,160,20355000
1725160958139000,7021,318240,0,0,172,948437269,1,160,19544000
1725160978696000,7022,318400,0,0,172,948437269,1,160,20557000
1725160998075000,7023,318560,0,0,172,948437269,1,160,19379000
1725161018009000,7024,318720,0,0,172,948437269,1,160,19934000
1725161038523000,7025,318880,0,0,172,948437269,1,160,20514000
1725161057985000,7026,319040,0,0,172,948437269,1,160,19462000
1725161078364000,7027,319200,0,0,172,948437269,1,160,20379000
1725161097864000,7028,319360,0,0,172,948437269,1,160,19500000
1725161118117000,7029,319520,0,0,172,948437269,1,160,20253000
1725161138647000,7030,319680,0,0,172,948437269,1,160,20530000
1725161158149000,7031,319840,0,0,172,948437269,1,160,19502000
1725161178676000,7032,320000,0,0,172,948437269,1,160,20527000
1725161198053000,7033,320160,0,0,172,948437269,1,160,19377000
1725161218099000,7034,320320,0,0,172,948437269,1,160,20046000
1725161238714000,7035,320480,0,0,172,948437269,1,160,20615000
1725161258340000,7036,320640,0,0,172,948437269,1,160,19626000
1725161277630000,7037,320800,0,0,172,948437269,1,160,19290000
1725161298137000,7038,320960,0,0,172,948437269,1,160,20507000
1725161318126000,7039,321120,0,0,172,948437269,1,160,19989000
1725161338619000,7040,321280,0,0,172,948437269,1,160,20493000
1725161358152000,7041,321440,0,0,172,948437269,1,160,19533000
1725161378518000,7042,321600,0,0,172,948437269,1,160,20366000
1725161398055000,7043,321760,0,0,172,948437269,1,160,19537000
1725161418372000,7044,321920,0,0,172,948437269,1,160,20317000
1725161437929000,7045,322080,0,0,172,948437269,1,160,19557000
1725161458469000,7046,322240,0,0,172,948437269,1,160,20540000
1725161477875000,7047,322400,0,0,172,948437269,1,160,19406000
1725161498476000,7048,322560,0,0,172,948437269,1,160,20601000
1725161517887000,7049,322720,0,0,172,948437269,1,160,19411000
1725161538331000,7050,322880,0,0,172,948437269,1,160,20444000
1725161557896000,7051,323040,0,0,172,948437269,1,160,19565000
1725161578286000,7052,323200,0,0,172,948437269,1,160,20390000
1725161597638000,7053,323360,0,0,172,948437269,1,160,19352000
1725161618131000,7054,323520,0,0,172,948437269,1,160,20493000
1725161638362000,7055,323680,0,0,172,948437269,1,160,20231000
1725161657289000,7056,323840,0,0,172,948437269,1,160,18927000
1725161676839000,7057,324000,0,0,172,948437269,1,160,19550000
1725161698284000,7058,324160,0,0,172,948437269,1,160,21445000
1725161717867000,7059,324320,0,0,172,948437269,1,160,19583000
1725161738383000,7060,324480,0,0,172,948437269,1,160,20516000
1725161757876000,7061,324640,0,0,172,948437269,1,160,19493000
1725161778345000,7062,324800,0,0,172,948437269,1,160,20469000
1725161797733000,7063,324960,0,0,172,948437269,1,160,19388000
1725161818295000,7064,325120,0,0,172,948437269,1,160,20562000
1725161837882000,7065,325280,0,0,172,948437269,1,160,19587000
1725161858446000,7066,325440,0,0,172,948437269,1,160,20564000
1725161877966000,7067,325600,0,0,172,948437269,1,160,19520000
1725161898539000,7068,325760,0,0,172,948437269,1,160,20573000
1725161918083000,7069,325920,0,0,172,948437269,1,160,19544000
1725161938503000,7070,326080,0,0,172,948437269,1,160,20420000
1725161957323000,7071,326240,0,0,172,948437269,1,160,18820000
1725161977836000,7072,326400,0,0,172,948437269,1,160,20513000
1725161998223000,7073,326560,0,0,172,948437269,1,160,20387000
1725162018851000,7074,326720,0,0,172,948437269,1,160,20628000
1725162038401000,7075,326880,0,0,172,948437269,1,160,19550000
1725162057991000,7076,327040,0,0,172,948437269,1,160,19590000
1725162077743000,7077,327200,0,0,172,948437269,1,160,19752000
1725162098283000,7078,327360,0,0,172,948437269,1,160,20540000
1725162117849000,7079,327520,0,0,172,948437269,1,160,19566000
1725162138297000,7080,327680,0,0,172,948437269,1,160,20448000
1725162157193000,7081,327840,0,0,172,948437269,1,160,18896000
1725162178742000,7082,328000,0,0,172,948437269,1,160,21549000
1725162197553000,7083,328160,0,0,172,948437269,1,160,18811000
1725162218177000,7084,328320,0,0,172,948437269,1,160,20624000
1725162237200000,7085,328480,0,0,172,948437269,1,160,19023000
1725162257734000,7086,328640,0,0,172,948437269,1,160,20534000
1725162278284000,7087,328800,0,0,172,948437269,1,160,20550000
1725162297834000,7088,328960,0,0,172,948437269,1,160,19550000
1725162317753000,7089,329120,0,0,172,948437269,1,160,19919000
1725162338146000,7090,329280,0,0,172,948437269,1,160,20393000
1725162358123000,7091,329440,0,0,172,948437269,1,160,19977000
1725162378588000,7092,329600,0,0,172,948437269,1,160,20465000
1725162398010000,7093,329760,0,0,172,948437269,1,160,19422000
1725162418555000,7094,329920,0,0,172,948437269,1,160,20545000
1725162438166000,7095,330080,0,0,172,948437269,1,160,19611000
1725162458636000,7096,330240,0,0,172,948437269,1,160,20470000
1725162478175000,7097,330400,0,0,172,948437269,1,160,19539000
1725162497934000,7098,330560,0,0,172,948437269,1,160,19759000
1725162517915000,7099,330720,0,0,172,948437269,1,160,19981000
1725162538486000,7100,330880,0,0,172,948437269,1,160,20571000
1725162557982000,7101,331040,0,0,172,948437269,1,160,19496000
1725162578507000,7102,331200,0,0,172,948437269,1,160,20525000
1725162597592000,7103,331360,0,0,172,948437269,1,160,19085000
1725162618126000,7104,331520,0,0,172,948437269,1,160,20534000
1725162638590000,7105,331680,0,0,172,948437269,1,160,20464000
1725162658113000,7106,331840,0,0,172,948437269,1,160,19523000
1725162678676000,7107,332000,0,0,172,948437269,1,160,20563000
1725162698033000,7108,332160,0,0,172,948437269,1,160,19357000
1725162717630000,7109,332320,0,0,172,948437269,1,160,19597000
1725162738114000,7110,332480,0,0,172,948437269,1,160,20484000
1725162758713000,7111,332640,0,0,172,948437269,1,160,20599000
1725162778101000,7112,332800,0,0,172,948437269,1,160,19388000
1725162798689000,7113,332960,0,0,172,948437269,1,160,20588000
1725162818182000,7114,333120,0,0,172,948437269,1,160,19493000
1725162838709000,7115,333280,0,0,172,948437269,1,160,20527000
1725162858150000,7116,333440,0,0,172,948437269,1,160,19441000
1725162878720000,7117,333600,0,0,172,948437269,1,160,20570000
1725162898218000,7118,333760,0,0,172,948437269,1,160,19498000
1725162917815000,7119,333920,0,0,172,948437269,1,160,19597000
1725162938274000,7120,334080,0,0,172,948437269,1,160,20459000
1725162957747000,7121,334240,0,0,172,948437269,1,160,19473000
1725162978265000,7122,334400,0,0,172,948437269,1,160,20518000
1725162997836000,7123,334560,0,0,172,948437269,1,160,19571000
1725163017670000,7124,334720,0,0,172,948437269,1,160,19834000
1725163038236000,7125,334880,0,0,172,948437269,1,160,20566000
1725163057741000,7126,335040,0,0,172,948437269,1,160,19505000
1725163078291000,7127,335200,0,0,172,948437269,1,160,20550000
1725163097011000,7128,335360,0,0,172,948437269,1,160,18720000
1725163117647000,7129,335520,0,0,172,948437269,1,160,20636000
1725163138221000,7130,335680,0,0,172,948437269,1,160,20574000
1725163157811000,7131,335840,0,0,172,948437269,1,160,19590000
1725163178185000,7132,336000,0,0,172,948437269,1,160,20374000
1725163197554000,7133,336160,0,0,172,948437269,1,160,19369000
1725163217918000,7134,336320,0,0,172,948437269,1,160,20364000
1725163238281000,7135,336480,0,0,172,948437269,1,160,20363000
1725163257716000,7136,336640,0,0,172,948437269,1,160,19435000
1725163278223000,7137,336800,0,0,172,948437269,1,160,20507000
1725163297665000,7138,336960,0,0,172,948437269,1,160,19442000
1725163317986000,7139,337120,0,0,172,948437269,1,160,20321000
1725163338468000,7140,337280,0,0,172,948437269,1,160,20482000
1725163357920000,7141,337440,0,0,172,948437269,1,160,19452000
1725163378180000,7142,337600,0,0,172,948437269,1,160,20260000
1725163397195000,7143,337760,0,0,172,948437269,1,160,19015000
1725163417751000,7144,337920,0,0,172,948437269,1,160,20556000
1725163437336000,7145,338080,0,0,172,948437269,1,160,19585000
1725163457881000,7146,338240,0,0,172,948437269,1,160,20545000
1725163478273000,7147,338400,0,0,172,948437269,1,160,20392000
1725163497249000,7148,338560,0,0,172,948437269,1,160,18976000
1725163517870000,7149,338720,0,0,172,948437269,1,160,20621000
1725163538452000,7150,338880,0,0,172,948437269,1,160,20582000
1725163558035000,7151,339040,0,0,172,948437269,1,160,19583000
1725163577847000,7152,339200,0,0,172,948437269,1,160,19812000
1725163598557000,7153,339360,0,0,172,948437269,1,160,20710000
1725163618018000,7154,339520,0,0,172,948437269,1,160,19461000
1725163638500000,7155,339680,0,0,172,948437269,1,160,20482000
1725163658007000,7156,339840,0,0,172,948437269,1,160,19507000
1725163676635000,7157,340000,0,0,172,948437269,1,160,18628000
1725163698075000,7158,340160,0,0,172,948437269,1,160,21440000
1725163718641000,7159,340320,0,0,172,948437269,1,160,20566000
1725163738078000,7160,340480,0,0,172,948437269,1,160,19437000
1725163758695000,7161,340640,0,0,172,948437269,1,160,20617000
1725163777470000,7162,340800,0,0,172,948437269,1,160,18775000
1725163798002000,7163,340960,0,0,172,948437269,1,160,20532000
1725163818558000,7164,341120,0,0,172,948437269,1,160,20556000
1725163838025000,7165,341280,0,0,172,948437269,1,160,19467000
1725163858506000,7166,341440,0,0,172,948437269,1,160,20481000
1725163877074000,7167,341600,0,0,172,948437269,1,160,18568000
1725163898325000,7168,341760,0,0,172,948437269,1,160,21251000
1725163917905000,7169,341920,0,0,172,948437269,1,160,19580000
1725163938095000,7170,342080,0,0,172,948437269,1,160,20190000
