monotonic_ns,seq,timestamp,marker,payload_type,packet_bytes,ssrc,seq_delta,ts_delta,wall_delta_ns
1725121240723000,3672,371789412,1,0,172,437012093,0,0,0
1725121260606000,3673,371789572,0,0,172,437012093,1,160,19883000
1725121280423000,3674,371789732,0,0,172,437012093,1,160,19817000
1725121300483000,3675,371789892,0,0,172,437012093,1,160,20060000
1725121320426000,3676,371790052,0,0,172,437012093,1,160,19943000
1725121340352000,3677,371790212,0,0,172,437012093,1,160,19926000
1725121360668000,3678,371790372,0,0,172,437012093,1,160,20316000
1725121380674000,3679,371790532,0,0,172,437012093,1,160,20006000
1725121400577000,3680,371790692,0,0,172,437012093,1,160,19903000
1725121420221000,3681,371790852,0,0,172,437012093,1,160,19644000
1725121440487000,3682,371791012,0,0,172,437012093,1,160,20266000
1725121460504000,3683,371791172,0,0,172,437012093,1,160,20017000
1725121480384000,3684,371791332,0,0,172,437012093,1,160,19880000
1725121500569000,3685,371791492,0,0,172,437012093,1,160,20185000
1725121520830000,3686,371791652,0,0,172,437012093,1,160,20261000
1725121540579000,3687,371791812,0,0,172,437012093,1,160,19749000
1725121560579000,3688,371791972,0,0,172,437012093,1,160,20000000
1725121580677000,3689,371792132,0,0,172,437012093,1,160,20098000
1725121600253000,3690,371792292,0,0,172,437012093,1,160,19576000
1725121620431000,3691,371792452,0,0,172,437012093,1,160,20178000
1725121640318000,3692,371792612,0,0,172,437012093,1,160,19887000
1725121660599000,3693,371792772,0,0,172,437012093,1,160,20281000
1725121680463000,3694,371792932,0,0,172,437012093,1,160,19864000
1725121700415000,3695,371793092,0,0,172,437012093,1,160,19952000
1725121720375000,3696,371793252,0,0,172,437012093,1,160,19960000
1725121740598000,3697,371793412,0,0,172,437012093,1,160,20223000
1725121760329000,3698,371793572,0,0,172,437012093,1,160,19731000
1725121780643000,3699,371793732,0,0,172,437012093,1,160,20314000
1725121801808000,3700,371793892,0,0,172,437012093,1,160,21165000
1725121820728000,3701,371794052,0,0,172,437012093,1,160,18920000
1725121840780000,3702,371794212,0,0,172,437012093,1,160,20052000
1725121860598000,3703,371794372,0,0,172,437012093,1,160,19818000
1725121880426000,3704,371794532,0,0,172,437012093,1,160,19828000
1725121900424000,3705,371794692,0,0,172,437012093,1,160,19998000
1725121920636000,3706,371794852,0,0,172,437012093,1,160,20212000
1725121940557000,3707,371795012,0,0,172,437012093,1,160,19921000
1725121960503000,3708,371795172,0,0,172,437012093,1,160,19946000
1725121980426000,3709,371795332,0,0,172,437012093,1,160,19923000
1725122000108000,3710,371795492,0,0,172,437012093,1,160,19682000
1725122020580000,3711,371795652,0,0,172,437012093,1,160,20472000
1725122040572000,3712,371795812,0,0,172,437012093,1,160,19992000
1725122060586000,3713,371795972,0,0,172,437012093,1,160,20014000
1725122080438000,3714,371796132,0,0,172,437012093,1,160,19852000
1725122100437000,3715,371796292,0,0,172,437012093,1,160,19999000
1725122120433000,3716,371796452,0,0,172,437012093,1,160,19996000
1725122142289000,3717,371796612,0,0,172,437012093,1,160,21856000
1725122161032000,3718,371796772,0,0,172,437012093,1,160,18743000
1725122180454000,3719,371796932,0,0,172,437012093,1,160,19422000
1725122200488000,3720,371797092,0,0,172,437012093,1,160,20034000
1725122220416000,3721,371797252,0,0,172,437012093,1,160,19928000
1725122240443000,3722,371797412,0,0,172,437012093,1,160,20027000
1725122260396000,3723,371797572,0,0,172,437012093,1,160,19953000
1725122280460000,3724,371797732,0,0,172,437012093,1,160,20064000
1725122300322000,3725,371797892,0,0,172,437012093,1,160,19862000
1725122320445000,3726,371798052,0,0,172,437012093,1,160,20123000
1725122340231000,3727,371798212,0,0,172,437012093,1,160,19786000
1725122360487000,3728,371798372,0,0,172,437012093,1,160,20256000
1725122381512000,3729,371798532,0,0,172,437012093,1,160,21025000
1725122401107000,3730,371798692,0,0,172,437012093,1,160,19595000
1725122420462000,3731,371798852,0,0,172,437012093,1,160,19355000
1725122440618000,3732,371799012,0,0,172,437012093,1,160,20156000
1725122460413000,3733,371799172,0,0,172,437012093,1,160,19795000
1725122480356000,3734,371799332,0,0,172,437012093,1,160,19943000
1725122501851000,3735,371799492,0,0,172,437012093,1,160,21495000
1725122520708000,3736,371799652,0,0,172,437012093,1,160,18857000
1725122540465000,3737,371799812,0,0,172,437012093,1,160,19757000
1725122560572000,3738,371799972,0,0,172,437012093,1,160,20107000
1725122580843000,3739,371800132,0,0,172,437012093,1,160,20271000
1725122600458000,3740,371800292,0,0,172,437012093,1,160,19615000
1725122620392000,3741,371800452,0,0,172,437012093,1,160,19934000
1725122640641000,3742,371800612,0,0,172,437012093,1,160,20249000
1725122660385000,3743,371800772,0,0,172,437012093,1,160,19744000
1725122680418000,3744,371800932,0,0,172,437012093,1,160,20033000
1725122700333000,3745,371801092,0,0,172,437012093,1,160,19915000
1725122720478000,3746,371801252,0,0,172,437012093,1,160,20145000
1725122740882000,3747,371801412,0,0,172,437012093,1,160,20404000
1725122760450000,3748,371801572,0,0,172,437012093,1,160,19568000
1725122780452000,3749,371801732,0,0,172,437012093,1,160,20002000
1725122800425000,3750,371801892,0,0,172,437012093,1,160,19973000
1725122820587000,3751,371802052,0,0,172,437012093,1,160,20162000
1725122840543000,3752,371802212,0,0,172,437012093,1,160,19956000
1725122860585000,3753,371802372,0,0,172,437012093,1,160,20042000
1725122880942000,3754,371802532,0,0,172,437012093,1,160,20357000
1725122900991000,3755,371802692,0,0,172,437012093,1,160,20049000
1725122920135000,3756,371802852,0,0,172,437012093,1,160,19144000
1725122940372000,3757,371803012,0,0,172,437012093,1,160,20237000
1725122960425000,3758,371803172,0,0,172,437012093,1,160,20053000
1725122980535000,3759,371803332,0,0,172,437012093,1,160,20110000
1725123001102000,3760,371803492,0,0,172,437012093,1,160,20567000
1725123020385000,3761,371803652,0,0,172,437012093,1,160,19283000
1725123040543000,3762,371803812,0,0,172,437012093,1,160,20158000
1725123060485000,3763,371803972,0,0,172,437012093,1,160,19942000
1725123080145000,3764,371804132,0,0,172,437012093,1,160,19660000
1725123100204000,3765,371804292,0,0,172,437012093,1,160,20059000
1725123120384000,3766,371804452,0,0,172,437012093,1,160,20180000
1725123140514000,3767,371804612,0,0,172,437012093,1,160,20130000
1725123160529000,3768,371804772,0,0,172,437012093,1,160,20015000
1725123180426000,3769,371804932,0,0,172,437012093,1,160,19897000
1725123200976000,3770,371805092,0,0,172,437012093,1,160,20550000
1725123220280000,3771,371805252,0,0,172,437012093,1,160,19304000
1725123240378000,3772,371805412,0,0,172,437012093,1,160,20098000
1725123260546000,3773,371805572,0,0,172,437012093,1,160,20168000
1725123280251000,3774,371805732,0,0,172,437012093,1,160,19705000
1725123300257000,3775,371805892,0,0,172,437012093,1,160,20006000
1725123320338000,3776,371806052,0,0,172,437012093,1,160,20081000
1725123340437000,3777,371806212,0,0,172,437012093,1,160,20099000
1725123360527000,3778,371806372,0,0,172,437012093,1,160,20090000
1725123380373000,3779,371806532,0,0,172,437012093,1,160,19846000
1725123400284000,3780,371806692,0,0,172,437012093,1,160,19911000
1725123420344000,3781,371806852,0,0,172,437012093,1,160,20060000
1725123440908000,3782,371807012,0,0,172,437012093,1,160,20564000
1725123460579000,3783,371807172,0,0,172,437012093,1,160,19671000
1725123480337000,3784,371807332,0,0,172,437012093,1,160,19758000
1725123500300000,3785,371807492,0,0,172,437012093,1,160,19963000
1725123520488000,3786,371807652,0,0,172,437012093,1,160,20188000
1725123540574000,3787,371807812,0,0,172,437012093,1,160,20086000
1725123560398000,3788,371807972,0,0,172,437012093,1,160,19824000
1725123580537000,3789,371808132,0,0,172,437012093,1,160,20139000
1725123600372000,3790,371808292,0,0,172,437012093,1,160,19835000
1725123620351000,3791,371808452,0,0,172,437012093,1,160,19979000
1725123640468000,3792,371808612,0,0,172,437012093,1,160,20117000
1725123660344000,3793,371808772,0,0,172,437012093,1,160,19876000
1725123681967000,3794,371808932,0,0,172,437012093,1,160,21623000
1725123700804000,3795,371809092,0,0,172,437012093,1,160,18837000
1725123720375000,3796,371809252,0,0,172,437012093,1,160,19571000
1725123740522000,3797,371809412,0,0,172,437012093,1,160,20147000
1725123760455000,3798,371809572,0,0,172,437012093,1,160,19933000
1725123781078000,3799,371809732,0,0,172,437012093,1,160,20623000
1725123800285000,3800,371809892,0,0,172,437012093,1,160,19207000
1725123820438000,3801,371810052,0,0,172,437012093,1,160,20153000
1725123840851000,3802,371810212,0,0,172,437012093,1,160,20413000
1725123860610000,3803,371810372,0,0,172,437012093,1,160,19759000
1725123880367000,3804,371810532,0,0,172,437012093,1,160,19757000
1725123900284000,3805,371810692,0,0,172,437012093,1,160,19917000
1725123920362000,3806,371810852,0,0,172,437012093,1,160,20078000
1725123940370000,3807,371811012,0,0,172,437012093,1,160,20008000
1725123960174000,3808,371811172,0,0,172,437012093,1,160,19804000
1725123980506000,3809,371811332,0,0,172,437012093,1,160,20332000
1725124000438000,3810,371811492,0,0,172,437012093,1,160,19932000
1725124020952000,3811,371811652,0,0,172,437012093,1,160,20514000
1725124042235000,3812,371811812,0,0,172,437012093,1,160,21283000
1725124060408000,3813,371811972,0,0,172,437012093,1,160,18173000
1725124080345000,3814,371812132,0,0,172,437012093,1,160,19937000
1725124100294000,3815,371812292,0,0,172,437012093,1,160,19949000
1725124120507000,3816,371812452,0,0,172,437012093,1,160,20213000
1725124140429000,3817,371812612,0,0,172,437012093,1,160,19922000
1725124160502000,3818,371812772,0,0,172,437012093,1,160,20073000
1725124180306000,3819,371812932,0,0,172,437012093,1,160,19804000
1725124200838000,3820,371813092,0,0,172,437012093,1,160,20532000
1725124221876000,3821,371813252,0,0,172,437012093,1,160,21038000
1725124240543000,3822,371813412,0,0,172,437012093,1,160,18667000
1725124260260000,3823,371813572,0,0,172,437012093,1,160,19717000
1725124280277000,3824,371813732,0,0,172,437012093,1,160,20017000
1725124300336000,3825,371813892,0,0,172,437012093,1,160,20059000
1725124320447000,3826,371814052,0,0,172,437012093,1,160,20111000
1725124340191000,3827,371814212,0,0,172,437012093,1,160,19744000
1725124360601000,3828,371814372,0,0,172,437012093,1,160,20410000
1725124380376000,3829,371814532,0,0,172,437012093,1,160,19775000
1725124400097000,3830,371814692,0,0,172,437012093,1,160,19721000
1725124420285000,3831,371814852,0,0,172,437012093,1,160,20188000
1725124440518000,3832,371815012,0,0,172,437012093,1,160,20233000
1725124460371000,3833,371815172,0,0,172,437012093,1,160,19853000
1725124480031000,3834,371815332,0,0,172,437012093,1,160,19660000
1725124500756000,3835,371815492,0,0,172,437012093,1,160,20725000
1725124520216000,3836,371815652,0,0,172,437012093,1,160,19460000
1725124540468000,3837,371815812,0,0,172,437012093,1,160,20252000
1725124560826000,3838,371815972,0,0,172,437012093,1,160,20358000
1725124580315000,3839,371816132,0,0,172,437012093,1,160,19489000
1725124600235000,3840,371816292,0,0,172,437012093,1,160,19920000
1725124620337000,3841,371816452,0,0,172,437012093,1,160,20102000
1725124640414000,3842,371816612,0,0,172,437012093,1,160,20077000
1725124661487000,3843,371816772,0,0,172,437012093,1,160,21073000
1725124683250000,3844,371816932,0,0,172,437012093,1,160,21763000
1725124700345000,3845,371817092,0,0,172,437012093,1,160,17095000
1725124720102000,3846,371817252,0,0,172,437012093,1,160,19757000
1725124740411000,3847,371817412,0,0,172,437012093,1,160,20309000
1725124760321000,3848,371817572,0,0,172,437012093,1,160,19910000
1725124780242000,3849,371817732,0,0,172,437012093,1,160,19921000
1725124800272000,3850,371817892,0,0,172,437012093,1,160,20030000
1725124820346000,3851,371818052,0,0,172,437012093,1,160,20074000
1725124840381000,3852,371818212,0,0,172,437012093,1,160,20035000
1725124861036000,3853,371818372,0,0,172,437012093,1,160,20655000
1725124880408000,3854,371818532,0,0,172,437012093,1,160,19372000
1725124900293000,3855,371818692,0,0,172,437012093,1,160,19885000
1725124920210000,3856,371818852,0,0,172,437012093,1,160,19917000
1725124940248000,3857,371819012,0,0,172,437012093,1,160,20038000
1725124960309000,3858,371819172,0,0,172,437012093,1,160,20061000
1725124980300000,3859,371819332,0,0,172,437012093,1,160,19991000
1725125000059000,3860,371819492,0,0,172,437012093,1,160,19759000
1725125020580000,3861,371819652,0,0,172,437012093,1,160,20521000
1725125040742000,3862,371819812,0,0,172,437012093,1,160,20162000
1725125060080000,3863,371819972,0,0,172,437012093,1,160,19338000
1725125080878000,3864,371820132,0,0,172,437012093,1,160,20798000
1725125100342000,3865,371820292,0,0,172,437012093,1,160,19464000
1725125120527000,3866,371820452,0,0,172,437012093,1,160,20185000
1725125140229000,3867,371820612,0,0,172,437012093,1,160,19702000
1725125160371000,3868,371820772,0,0,172,437012093,1,160,20142000
1725125180244000,3869,371820932,0,0,172,437012093,1,160,19873000
1725125200267000,3870,371821092,0,0,172,437012093,1,160,20023000
1725125220576000,3871,371821252,0,0,172,437012093,1,160,20309000
1725125240304000,3872,371821412,0,0,172,437012093,1,160,19728000
1725125260371000,3873,371821572,0,0,172,437012093,1,160,20067000
1725125280255000,3874,371821732,0,0,172,437012093,1,160,19884000
1725125300277000,3875,371821892,0,0,172,437012093,1,160,20022000
1725125320192000,3876,371822052,0,0,172,437012093,1,160,19915000
1725125340372000,3877,371822212,0,0,172,437012093,1,160,20180000
1725125360408000,3878,371822372,0,0,172,437012093,1,160,20036000
1725125380358000,3879,371822532,0,0,172,437012093,1,160,19950000
1725125400204000,3880,371822692,0,0,172,437012093,1,160,19846000
1725125420310000,3881,371822852,0,0,172,437012093,1,160,20106000
1725125440353000,3882,371823012,0,0,172,437012093,1,160,20043000
1725125460347000,3883,371823172,0,0,172,437012093,1,160,19994000
1725125480385000,3884,371823332,0,0,172,437012093,1,160,20038000
1725125500330000,3885,371823492,0,0,172,437012093,1,160,19945000
1725125520534000,3886,371823652,0,0,172,437012093,1,160,20204000
1725125540502000,3887,371823812,0,0,172,437012093,1,160,19968000
1725125560348000,3888,371823972,0,0,172,437012093,1,160,19846000
1725125580367000,3889,371824132,0,0,172,437012093,1,160,20019000
1725125600136000,3890,371824292,0,0,172,437012093,1,160,19769000
1725125620318000,3891,371824452,0,0,172,437012093,1,160,20182000
1725125640346000,3892,371824612,0,0,172,437012093,1,160,20028000
1725125660276000,3893,371824772,0,0,172,437012093,1,160,19930000
1725125679993000,3894,371824932,0,0,172,437012093,1,160,19717000
1725125700242000,3895,371825092,0,0,172,437012093,1,160,20249000
1725125720262000,3896,371825252,0,0,172,437012093,1,160,20020000
1725125740382000,3897,371825412,0,0,172,437012093,1,160,20120000
1725125760717000,3898,371825572,0,0,172,437012093,1,160,20335000
1725125780335000,3899,371825732,0,0,172,437012093,1,160,19618000
1725125800362000,3900,371825892,0,0,172,437012093,1,160,20027000
1725125820324000,3901,371826052,0,0,172,437012093,1,160,19962000
1725125840412000,3902,371826212,0,0,172,437012093,1,160,20088000
1725125860232000,3903,371826372,0,0,172,437012093,1,160,19820000
1725125880353000,3904,371826532,0,0,172,437012093,1,160,20121000
1725125900959000,3905,371826692,0,0,172,437012093,1,160,20606000
1725125920763000,3906,371826852,0,0,172,437012093,1,160,19804000
1725125940270000,3907,371827012,0,0,172,437012093,1,160,19507000
1725125960288000,3908,371827172,0,0,172,437012093,1,160,20018000
1725125980208000,3909,371827332,0,0,172,437012093,1,160,19920000
1725126000258000,3910,371827492,0,0,172,437012093,1,160,20050000
1725126020282000,3911,371827652,0,0,172,437012093,1,160,20024000
1725126040324000,3912,371827812,0,0,172,437012093,1,160,20042000
1725126060186000,3913,371827972,0,0,172,437012093,1,160,19862000
1725126080525000,3914,371828132,0,0,172,437012093,1,160,20339000
1725126100082000,3915,371828292,0,0,172,437012093,1,160,19557000
1725126120209000,3916,371828452,0,0,172,437012093,1,160,20127000
1725126140331000,3917,371828612,0,0,172,437012093,1,160,20122000
1725126160392000,3918,371828772,0,0,172,437012093,1,160,20061000
1725126180835000,3919,371828932,0,0,172,437012093,1,160,20443000
1725126200325000,3920,371829092,0,0,172,437012093,1,160,19490000
1725126220265000,3921,371829252,0,0,172,437012093,1,160,19940000
1725126240786000,3922,371829412,0,0,172,437012093,1,160,20521000
1725126260347000,3923,371829572,0,0,172,437012093,1,160,19561000
1725126280173000,3924,371829732,0,0,172,437012093,1,160,19826000
1725126300302000,3925,371829892,0,0,172,437012093,1,160,20129000
1725126320149000,3926,371830052,0,0,172,437012093,1,160,19847000
1725126340466000,3927,371830212,0,0,172,437012093,1,160,20317000
1725126360452000,3928,371830372,0,0,172,437012093,1,160,19986000
1725126379922000,3929,371830532,0,0,172,437012093,1,160,19470000
1725126401603000,3930,371830692,0,0,172,437012093,1,160,21681000
1725126420377000,3931,371830852,0,0,172,437012093,1,160,18774000
1725126440908000,3932,371831012,0,0,172,437012093,1,160,20531000
1725126460502000,3933,371831172,0,0,172,437012093,1,160,19594000
1725126480305000,3934,371831332,0,0,172,437012093,1,160,19803000
1725126500301000,3935,371831492,0,0,172,437012093,1,160,19996000
1725126520715000,3936,371831652,0,0,172,437012093,1,160,20414000
1725126540695000,3937,371831812,0,0,172,437012093,1,160,19980000
1725126561286000,3938,371831972,0,0,172,437012093,1,160,20591000
1725126580213000,3939,371832132,0,0,172,437012093,1,160,18927000
1725126600258000,3940,371832292,0,0,172,437012093,1,160,20045000
1725126620357000,3941,371832452,0,0,172,437012093,1,160,20099000
1725126640432000,3942,371832612,0,0,172,437012093,1,160,20075000
1725126660234000,3943,371832772,0,0,172,437012093,1,160,19802000
1725126680064000,3944,371832932,0,0,172,437012093,1,160,19830000
1725126700095000,3945,371833092,0,0,172,437012093,1,160,20031000
1725126720575000,3946,371833252,0,0,172,437012093,1,160,20480000
1725126740339000,3947,371833412,0,0,172,437012093,1,160,19764000
1725126760373000,3948,371833572,0,0,172,437012093,1,160,20034000
1725126780464000,3949,371833732,0,0,172,437012093,1,160,20091000
1725126800223000,3950,371833892,0,0,172,437012093,1,160,19759000
1725126820054000,3951,371834052,0,0,172,437012093,1,160,19831000
1725126840344000,3952,371834212,0,0,172,437012093,1,160,20290000
1725126860347000,3953,371834372,0,0,172,437012093,1,160,20003000
1725126881106000,3954,371834532,0,0,172,437012093,1,160,20759000
1725126900122000,3955,371834692,0,0,172,437012093,1,160,19016000
1725126920175000,3956,371834852,0,0,172,437012093,1,160,20053000
1725126940269000,3957,371835012,0,0,172,437012093,1,160,20094000
1725126960256000,3958,371835172,0,0,172,437012093,1,160,19987000
1725126980316000,3959,371835332,0,0,172,437012093,1,160,20060000
1725127000891000,3960,371835492,0,0,172,437012093,1,160,20575000
1725127020781000,3961,371835652,0,0,172,437012093,1,160,19890000
1725127040683000,3962,371835812,0,0,172,437012093,1,160,19902000
1725127060196000,3963,371835972,0,0,172,437012093,1,160,19513000
1725127080073000,3964,371836132,0,0,172,437012093,1,160,19877000
1725127100177000,3965,371836292,0,0,172,437012093,1,160,20104000
1725127120689000,3966,371836452,0,0,172,437012093,1,160,20512000
1725127140202000,3967,371836612,0,0,172,437012093,1,160,19513000
1725127160315000,3968,371836772,0,0,172,437012093,1,160,20113000
1725127180296000,3969,371836932,0,0,172,437012093,1,160,19981000
1725127200250000,3970,371837092,0,0,172,437012093,1,160,19954000
1725127220155000,3971,371837252,0,0,172,437012093,1,160,19905000
1725127240264000,3972,371837412,0,0,172,437012093,1,160,20109000
1725127260123000,3973,371837572,0,0,172,437012093,1,160,19859000
1725127281777000,3974,371837732,0,0,172,437012093,1,160,21654000
1725127299840000,3975,371837892,0,0,172,437012093,1,160,18063000
1725127320240000,3976,371838052,0,0,172,437012093,1,160,20400000
1725127340535000,3977,371838212,0,0,172,437012093,1,160,20295000
1725127360249000,3978,371838372,0,0,172,437012093,1,160,19714000
1725127380123000,3979,371838532,0,0,172,437012093,1,160,19874000
1725127400083000,3980,371838692,0,0,172,437012093,1,160,19960000
1725127420119000,3981,371838852,0,0,172,437012093,1,160,20036000
1725127440518000,3982,371839012,0,0,172,437012093,1,160,20399000
1725127460241000,3983,371839172,0,0,172,437012093,1,160,19723000
1725127480243000,3984,371839332,0,0,172,437012093,1,160,20002000
1725127500173000,3985,371839492,0,0,172,437012093,1,160,19930000
1725127520679000,3986,371839652,0,0,172,437012093,1,160,20506000
1725127540266000,3987,371839812,0,0,172,437012093,1,160,19587000
1725127560313000,3988,371839972,0,0,172,437012093,1,160,20047000
1725127580159000,3989,371840132,0,0,172,437012093,1,160,19846000
1725127600194000,3990,371840292,0,0,172,437012093,1,160,20035000
1725127620127000,3991,371840452,0,0,172,437012093,1,160,19933000
1725127640243000,3992,371840612,0,0,172,437012093,1,160,20116000
1725127660806000,3993,371840772,0,0,172,437012093,1,160,20563000
1725127680886000,3994,371840932,0,0,172,437012093,1,160,20080000
1725127700259000,3995,371841092,0,0,172,437012093,1,160,19373000
1725127720855000,3996,371841252,0,0,172,437012093,1,160,20596000
1725127740212000,3997,371841412,0,0,172,437012093,1,160,19357000
1725127760243000,3998,371841572,0,0,172,437012093,1,160,20031000
1725127780144000,3999,371841732,0,0,172,437012093,1,160,19901000
1725127800140000,4000,371841892,0,0,172,437012093,1,160,19996000
1725127820302000,4001,371842052,0,0,172,437012093,1,160,20162000
1725127840375000,4002,371842212,0,0,172,437012093,1,160,20073000
1725127860198000,4003,371842372,0,0,172,437012093,1,160,19823000
1725127880677000,4004,371842532,0,0,172,437012093,1,160,20479000
1725127900153000,4005,371842692,0,0,172,437012093,1,160,19476000
1725127920138000,4006,371842852,0,0,172,437012093,1,160,19985000
1725127940287000,4007,371843012,0,0,172,437012093,1,160,20149000
1725127960089000,4008,371843172,0,0,172,437012093,1,160,19802000
1725127980209000,4009,371843332,0,0,172,437012093,1,160,20120000
1725127999844000,4010,371843492,0,0,172,437012093,1,160,19635000
1725128020059000,4011,371843652,0,0,172,437012093,1,160,20215000
1725128040230000,4012,371843812,0,0,172,437012093,1,160,20171000
1725128060157000,4013,371843972,0,0,172,437012093,1,160,19927000
1725128080028000,4014,371844132,0,0,172,437012093,1,160,19871000
1725128100112000,4015,371844292,0,0,172,437012093,1,160,20084000
1725128120106000,4016,371844452,0,0,172,437012093,1,160,19994000
1725128140088000,4017,371844612,0,0,172,437012093,1,160,19982000
1725128160320000,4018,371844772,0,0,172,437012093,1,160,20232000
1725128180173000,4019,371844932,0,0,172,437012093,1,160,19853000
1725128200256000,4020,371845092,0,0,172,437012093,1,160,20083000
1725128220098000,4021,371845252,0,0,172,437012093,1,160,19842000
1725128240196000,4022,371845412,0,0,172,437012093,1,160,20098000
1725128260179000,4023,371845572,0,0,172,437012093,1,160,19983000
1725128280126000,4024,371845732,0,0,172,437012093,1,160,19947000
1725128300131000,4025,371845892,0,0,172,437012093,1,160,20005000
1725128320056000,4026,371846052,0,0,172,437012093,1,160,19925000
1725128340433000,4027,371846212,0,0,172,437012093,1,160,20377000
1725128360115000,4028,371846372,0,0,172,437012093,1,160,19682000
1725128379896000,4029,371846532,0,0,172,437012093,1,160,19781000
1725128400124000,4030,371846692,0,0,172,437012093,1,160,20228000
1725128420083000,4031,371846852,0,0,172,437012093,1,160,19959000
1725128440253000,4032,371847012,0,0,172,437012093,1,160,20170000
1725128460408000,4033,371847172,0,0,172,437012093,1,160,20155000
1725128480074000,4034,371847332,0,0,172,437012093,1,160,19666000
1725128499994000,4035,371847492,0,0,172,437012093,1,160,19920000
1725128520520000,4036,371847652,0,0,172,437012093,1,160,20526000
1725128540328000,4037,371847812,0,0,172,437012093,1,160,19808000
1725128560317000,4038,371847972,0,0,172,437012093,1,160,19989000
1725128580334000,4039,371848132,0,0,172,437012093,1,160,20017000
1725128600275000,4040,371848292,0,0,172,437012093,1,160,19941000
1725128620281000,4041,371848452,0,0,172,437012093,1,160,20006000
1725128640349000,4042,371848612,0,0,172,437012093,1,160,20068000
1725128660183000,4043,371848772,0,0,172,437012093,1,160,19834000
1725128680023000,4044,371848932,0,0,172,437012093,1,160,19840000
1725128700090000,4045,371849092,0,0,172,437012093,1,160,20067000
1725128720224000,4046,371849252,0,0,172,437012093,1,160,20134000
1725128740155000,4047,371849412,0,0,172,437012093,1,160,19931000
1725128760454000,4048,371849572,0,0,172,437012093,1,160,20299000
1725128779880000,4049,371849732,0,0,172,437012093,1,160,19426000
1725128800773000,4050,371849892,0,0,172,437012093,1,160,20893000
1725128820584000,4051,371850052,0,0,172,437012093,1,160,19811000
1725128840418000,4052,371850212,0,0,172,437012093,1,160,19834000
1725128860136000,4053,371850372,0,0,172,437012093,1,160,19718000
1725128880419000,4054,371850532,0,0,172,437012093,1,160,20283000
1725128900048000,4055,371850692,0,0,172,437012093,1,160,19629000
1725128920846000,4056,371850852,0,0,172,437012093,1,160,20798000
1725128940108000,4057,371851012,0,0,172,437012093,1,160,19262000
1725128960310000,4058,371851172,0,0,172,437012093,1,160,20202000
1725128979944000,4059,371851332,0,0,172,437012093,1,160,19634000
1725129000658000,4060,371851492,0,0,172,437012093,1,160,20714000
1725129020263000,4061,371851652,0,0,172,437012093,1,160,19605000
1725129040270000,4062,371851812,0,0,172,437012093,1,160,20007000
1725129060155000,4063,371851972,0,0,172,437012093,1,160,19885000
1725129080068000,4064,371852132,0,0,172,437012093,1,160,19913000
1725129100585000,4065,371852292,0,0,172,437012093,1,160,20517000
1725129120101000,4066,371852452,0,0,172,437012093,1,160,19516000
1725129140263000,4067,371852612,0,0,172,437012093,1,160,20162000
1725129161894000,4068,371852772,0,0,172,437012093,1,160,21631000
1725129180059000,4069,371852932,0,0,172,437012093,1,160,18165000
1725129200081000,4070,371853092,0,0,172,437012093,1,160,20022000
1725129220133000,4071,371853252,0,0,172,437012093,1,160,20052000
1725129240293000,4072,371853412,0,0,172,437012093,1,160,20160000
1725129260521000,4073,371853572,0,0,172,437012093,1,160,20228000
1725129280069000,4074,371853732,0,0,172,437012093,1,160,19548000
1725129300154000,4075,371853892,0,0,172,437012093,1,160,20085000
1725129320276000,4076,371854052,0,0,172,437012093,1,160,20122000
1725129340197000,4077,371854212,0,0,172,437012093,1,160,19921000
1725129360120000,4078,371854372,0,0,172,437012093,1,160,19923000
1725129380760000,4079,371854532,0,0,172,437012093,1,160,20640000
1725129400268000,4080,371854692,0,0,172,437012093,1,160,19508000
1725129420084000,4081,371854852,0,0,172,437012093,1,160,19816000
1725129440178000,4082,371855012,0,0,172,437012093,1,160,20094000
1725129460204000,4083,371855172,0,0,172,437012093,1,160,20026000
1725129480090000,4084,371855332,0,0,172,437012093,1,160,19886000
1725129500165000,4085,371855492,0,0,172,437012093,1,160,20075000
1725129520970000,4086,371855652,0,0,172,437012093,1,160,20805000
1725129540300000,4087,371855812,0,0,172,437012093,1,160,19330000
1725129560199000,4088,371855972,0,0,172,437012093,1,160,19899000
1725129580140000,4089,371856132,0,0,172,437012093,1,160,19941000
1725129600021000,4090,371856292,0,0,172,437012093,1,160,19881000
1725129620144000,4091,371856452,0,0,172,437012093,1,160,20123000
1725129640266000,4092,371856612,0,0,172,437012093,1,160,20122000
1725129660098000,4093,371856772,0,0,172,437012093,1,160,19832000
1725129680011000,4094,371856932,0,0,172,437012093,1,160,19913000
1725129700015000,4095,371857092,0,0,172,437012093,1,160,20004000
1725129720328000,4096,371857252,0,0,172,437012093,1,160,20313000
1725129740071000,4097,371857412,0,0,172,437012093,1,160,19743000
1725129760557000,4098,371857572,0,0,172,437012093,1,160,20486000
1725129781030000,4099,371857732,0,0,172,437012093,1,160,20473000
1725129800123000,4100,371857892,0,0,172,437012093,1,160,19093000
1725129820371000,4101,371858052,0,0,172,437012093,1,160,20248000
1725129840165000,4102,371858212,0,0,172,437012093,1,160,19794000
1725129860048000,4103,371858372,0,0,172,437012093,1,160,19883000
1725129880089000,4104,371858532,0,0,172,437012093,1,160,20041000
1725129900012000,4105,371858692,0,0,172,437012093,1,160,19923000
1725129920088000,4106,371858852,0,0,172,437012093,1,160,20076000
1725129940677000,4107,371859012,0,0,172,437012093,1,160,20589000
1725129960037000,4108,371859172,0,0,172,437012093,1,160,19360000
1725129980079000,4109,371859332,0,0,172,437012093,1,160,20042000
1725129999994000,4110,371859492,0,0,172,437012093,1,160,19915000
1725130020464000,4111,371859652,0,0,172,437012093,1,160,20470000
1725130040337000,4112,371859812,0,0,172,437012093,1,160,19873000
1725130060135000,4113,371859972,0,0,172,437012093,1,160,19798000
1725130079849000,4114,371860132,0,0,172,437012093,1,160,19714000
1725130100083000,4115,371860292,0,0,172,437012093,1,160,20234000
1725130120935000,4116,371860452,0,0,172,437012093,1,160,20852000
1725130140171000,4117,371860612,0,0,172,437012093,1,160,19236000
1725130160202000,4118,371860772,0,0,172,437012093,1,160,20031000
1725130179964000,4119,371860932,0,0,172,437012093,1,160,19762000
1725130200072000,4120,371861092,0,0,172,437012093,1,160,20108000
1725130220100000,4121,371861252,0,0,172,437012093,1,160,20028000
1725130240151000,4122,371861412,0,0,172,437012093,1,160,20051000
1725130260948000,4123,371861572,0,0,172,437012093,1,160,20797000
1725130280136000,4124,371861732,0,0,172,437012093,1,160,19188000
1725130300045000,4125,371861892,0,0,172,437012093,1,160,19909000
1725130319971000,4126,371862052,0,0,172,437012093,1,160,19926000
1725130340164000,4127,371862212,0,0,172,437012093,1,160,20193000
1725130360339000,4128,371862372,0,0,172,437012093,1,160,20175000
1725130380193000,4129,371862532,0,0,172,437012093,1,160,19854000
1725130400223000,4130,371862692,0,0,172,437012093,1,160,20030000
1725130419974000,4131,371862852,0,0,172,437012093,1,160,19751000
1725130440486000,4132,371863012,0,0,172,437012093,1,160,20512000
1725130460058000,4133,371863172,0,0,172,437012093,1,160,19572000
1725130479993000,4134,371863332,0,0,172,437012093,1,160,19935000
1725130500621000,4135,371863492,0,0,172,437012093,1,160,20628000
1725130519980000,4136,371863652,0,0,172,437012093,1,160,19359000
1725130540193000,4137,371863812,0,0,172,437012093,1,160,20213000
1725130560187000,4138,371863972,0,0,172,437012093,1,160,19994000
1725130580133000,4139,371864132,0,0,172,437012093,1,160,19946000
1725130600369000,4140,371864292,0,0,172,437012093,1,160,20236000
1725130619978000,4141,371864452,0,0,172,437012093,1,160,19609000
1725130640157000,4142,371864612,0,0,172,437012093,1,160,20179000
1725130660049000,4143,371864772,0,0,172,437012093,1,160,19892000
1725130679941000,4144,371864932,0,0,172,437012093,1,160,19892000
1725130700003000,4145,371865092,0,0,172,437012093,1,160,20062000
1725130719906000,4146,371865252,0,0,172,437012093,1,160,19903000
1725130740112000,4147,371865412,0,0,172,437012093,1,160,20206000
1725130760599000,4148,371865572,0,0,172,437012093,1,160,20487000
1725130780079000,4149,371865732,0,0,172,437012093,1,160,19480000
1725130799775000,4150,371865892,0,0,172,437012093,1,160,19696000
1725130820066000,4151,371866052,0,0,172,437012093,1,160,20291000
1725130840105000,4152,371866212,0,0,172,437012093,1,160,20039000
1725130860162000,4153,371866372,0,0,172,437012093,1,160,20057000
1725130880056000,4154,371866532,0,0,172,437012093,1,160,19894000
1725130899789000,4155,371866692,0,0,172,437012093,1,160,19733000
1725130920041000,4156,371866852,0,0,172,437012093,1,160,20252000
1725130939940000,4157,371867012,0,0,172,437012093,1,160,19899000
1725130960068000,4158,371867172,0,0,172,437012093,1,160,20128000
1725130980076000,4159,371867332,0,0,172,437012093,1,160,20008000
1725131000011000,4160,371867492,0,0,172,437012093,1,160,19935000
1725131020066000,4161,371867652,0,0,172,437012093,1,160,20055000
1725131040155000,4162,371867812,0,0,172,437012093,1,160,20089000
1725131060041000,4163,371867972,0,0,172,437012093,1,160,19886000
1725131080090000,4164,371868132,0,0,172,437012093,1,160,20049000
1725131100047000,4165,371868292,0,0,172,437012093,1,160,19957000
1725131120088000,4166,371868452,0,0,172,437012093,1,160,20041000
1725131140063000,4167,371868612,0,0,172,437012093,1,160,19975000
1725131160189000,4168,371868772,0,0,172,437012093,1,160,20126000
1725131179919000,4169,371868932,0,0,172,437012093,1,160,19730000
1725131199928000,4170,371869092,0,0,172,437012093,1,160,20009000
1725131220082000,4171,371869252,0,0,172,437012093,1,160,20154000
1725131240211000,4172,371869412,0,0,172,437012093,1,160,20129000
1725131260088000,4173,371869572,0,0,172,437012093,1,160,19877000
1725131280040000,4174,371869732,0,0,172,437012093,1,160,19952000
1725131300662000,4175,371869892,0,0,172,437012093,1,160,20622000
1725131320276000,4176,371870052,0,0,172,437012093,1,160,19614000
1725131339976000,4177,371870212,0,0,172,437012093,1,160,19700000
1725131359983000,4178,371870372,0,0,172,437012093,1,160,20007000
1725131380194000,4179,371870532,0,0,172,437012093,1,160,20211000
1725131400025000,4180,371870692,0,0,172,437012093,1,160,19831000
1725131420104000,4181,371870852,0,0,172,437012093,1,160,20079000
1725131440078000,4182,371871012,0,0,172,437012093,1,160,19974000
1725131460315000,4183,371871172,0,0,172,437012093,1,160,20237000
1725131480007000,4184,371871332,0,0,172,437012093,1,160,19692000
1725131500663000,4185,371871492,0,0,172,437012093,1,160,20656000
1725131520896000,4186,371871652,0,0,172,437012093,1,160,20233000
1725131540026000,4187,371871812,0,0,172,437012093,1,160,19130000
1725131560080000,4188,371871972,0,0,172,437012093,1,160,20054000
1725131580118000,4189,371872132,0,0,172,437012093,1,160,20038000
1725131599782000,4190,371872292,0,0,172,437012093,1,160,19664000
1725131619938000,4191,371872452,0,0,172,437012093,1,160,20156000
1725131640129000,4192,371872612,0,0,172,437012093,1,160,20191000
1725131660008000,4193,371872772,0,0,172,437012093,1,160,19879000
1725131679976000,4194,371872932,0,0,172,437012093,1,160,19968000
1725131699914000,4195,371873092,0,0,172,437012093,1,160,19938000
1725131719906000,4196,371873252,0,0,172,437012093,1,160,19992000
1725131740164000,4197,371873412,0,0,172,437012093,1,160,20258000
1725131760057000,4198,371873572,0,0,172,437012093,1,160,19893000
1725131779981000,4199,371873732,0,0,172,437012093,1,160,19924000
1725131801905000,4200,371873892,0,0,172,437012093,1,160,21924000
1725131820234000,4201,371874052,0,0,172,437012093,1,160,18329000
1725131840046000,4202,371874212,0,0,172,437012093,1,160,19812000
1725131860038000,4203,371874372,0,0,172,437012093,1,160,19992000
1725131881359000,4204,371874532,0,0,172,437012093,1,160,21321000
1725131899931000,4205,371874692,0,0,172,437012093,1,160,18572000
1725131920024000,4206,371874852,0,0,172,437012093,1,160,20093000
1725131939979000,4207,371875012,0,0,172,437012093,1,160,19955000
1725131960321000,4208,371875172,0,0,172,437012093,1,160,20342000
1725131979936000,4209,371875332,0,0,172,437012093,1,160,19615000
1725132001293000,4210,371875492,0,0,172,437012093,1,160,21357000
1725132020962000,4211,371875652,0,0,172,437012093,1,160,19669000
1725132040187000,4212,371875812,0,0,172,437012093,1,160,19225000
1725132060054000,4213,371875972,0,0,172,437012093,1,160,19867000
1725132080426000,4214,371876132,0,0,172,437012093,1,160,20372000
1725132099733000,4215,371876292,0,0,172,437012093,1,160,19307000
1725132119974000,4216,371876452,0,0,172,437012093,1,160,20241000
1725132139987000,4217,371876612,0,0,172,437012093,1,160,20013000
1725132160552000,4218,371876772,0,0,172,437012093,1,160,20565000
1725132179865000,4219,371876932,0,0,172,437012093,1,160,19313000
1725132199887000,4220,371877092,0,0,172,437012093,1,160,20022000
1725132220303000,4221,371877252,0,0,172,437012093,1,160,20416000
1725132240515000,4222,371877412,0,0,172,437012093,1,160,20212000
1725132261962000,4223,371877572,0,0,172,437012093,1,160,21447000
1725132279864000,4224,371877732,0,0,172,437012093,1,160,17902000
1725132300418000,4225,371877892,0,0,172,437012093,1,160,20554000
1725132319838000,4226,371878052,0,0,172,437012093,1,160,19420000
1725132340104000,4227,371878212,0,0,172,437012093,1,160,20266000
1725132360066000,4228,371878372,0,0,172,437012093,1,160,19962000
1725132380541000,4229,371878532,0,0,172,437012093,1,160,20475000
1725132400031000,4230,371878692,0,0,172,437012093,1,160,19490000
1725132419830000,4231,371878852,0,0,172,437012093,1,160,19799000
1725132440086000,4232,371879012,0,0,172,437012093,1,160,20256000
1725132460066000,4233,371879172,0,0,172,437012093,1,160,19980000
1725132479930000,4234,371879332,0,0,172,437012093,1,160,19864000
1725132500968000,4235,371879492,0,0,172,437012093,1,160,21038000
1725132520078000,4236,371879652,0,0,172,437012093,1,160,19110000
1725132540008000,4237,371879812,0,0,172,437012093,1,160,19930000
1725132559989000,4238,371879972,0,0,172,437012093,1,160,19981000
1725132580064000,4239,371880132,0,0,172,437012093,1,160,20075000
1725132599899000,4240,371880292,0,0,172,437012093,1,160,19835000
1725132620013000,4241,371880452,0,0,172,437012093,1,160,20114000
1725132640317000,4242,371880612,0,0,172,437012093,1,160,20304000
1725132660196000,4243,371880772,0,0,172,437012093,1,160,19879000
1725132679820000,4244,371880932,0,0,172,437012093,1,160,19624000
1725132699902000,4245,371881092,0,0,172,437012093,1,160,20082000
1725132719924000,4246,371881252,0,0,172,437012093,1,160,20022000
1725132740170000,4247,371881412,0,0,172,437012093,1,160,20246000
1725132760048000,4248,371881572,0,0,172,437012093,1,160,19878000
1725132779870000,4249,371881732,0,0,172,437012093,1,160,19822000
1725132799916000,4250,371881892,0,0,172,437012093,1,160,20046000
1725132819932000,4251,371882052,0,0,172,437012093,1,160,20016000
1725132839949000,4252,371882212,0,0,172,437012093,1,160,20017000
1725132860023000,4253,371882372,0,0,172,437012093,1,160,20074000
1725132879867000,4254,371882532,0,0,172,437012093,1,160,19844000
1725132899852000,4255,371882692,0,0,172,437012093,1,160,19985000
1725132919824000,4256,371882852,0,0,172,437012093,1,160,19972000
1725132940015000,4257,371883012,0,0,172,437012093,1,160,20191000
1725132959971000,4258,371883172,0,0,172,437012093,1,160,19956000
1725132979877000,4259,371883332,0,0,172,437012093,1,160,19906000
1725132999852000,4260,371883492,0,0,172,437012093,1,160,19975000
1725133019871000,4261,371883652,0,0,172,437012093,1,160,20019000
1725133040055000,4262,371883812,0,0,172,437012093,1,160,20184000
1725133060037000,4263,371883972,0,0,172,437012093,1,160,19982000
1725133080241000,4264,371884132,0,0,172,437012093,1,160,20204000
1725133099862000,4265,371884292,0,0,172,437012093,1,160,19621000
1725133119894000,4266,371884452,0,0,172,437012093,1,160,20032000
1725133139967000,4267,371884612,0,0,172,437012093,1,160,20073000
1725133160002000,4268,371884772,0,0,172,437012093,1,160,20035000
1725133179912000,4269,371884932,0,0,172,437012093,1,160,19910000
1725133200031000,4270,371885092,0,0,172,437012093,1,160,20119000
1725133219864000,4271,371885252,0,0,172,437012093,1,160,19833000
1725133240052000,4272,371885412,0,0,172,437012093,1,160,20188000
1725133260044000,4273,371885572,0,0,172,437012093,1,160,19992000
1725133279968000,4274,371885732,0,0,172,437012093,1,160,19924000
1725133299811000,4275,371885892,0,0,172,437012093,1,160,19843000
1725133319931000,4276,371886052,0,0,172,437012093,1,160,20120000
1725133340028000,4277,371886212,0,0,172,437012093,1,160,20097000
1725133360031000,4278,371886372,0,0,172,437012093,1,160,20003000
1725133380071000,4279,371886532,0,0,172,437012093,1,160,20040000
1725133399883000,4280,371886692,0,0,172,437012093,1,160,19812000
1725133419795000,4281,371886852,0,0,172,437012093,1,160,19912000
1725133440077000,4282,371887012,0,0,172,437012093,1,160,20282000
1725133460764000,4283,371887172,0,0,172,437012093,1,160,20687000
1725133479563000,4284,371887332,0,0,172,437012093,1,160,18799000
1725133499634000,4285,371887492,0,0,172,437012093,1,160,20071000
1725133519973000,4286,371887652,0,0,172,437012093,1,160,20339000
1725133539949000,4287,371887812,0,0,172,437012093,1,160,19976000
1725133559980000,4288,371887972,0,0,172,437012093,1,160,20031000
1725133579927000,4289,371888132,0,0,172,437012093,1,160,19947000
1725133599917000,4290,371888292,0,0,172,437012093,1,160,19990000
1725133619985000,4291,371888452,0,0,172,437012093,1,160,20068000
1725133640471000,4292,371888612,0,0,172,437012093,1,160,20486000
1725133660113000,4293,371888772,0,0,172,437012093,1,160,19642000
1725133679815000,4294,371888932,0,0,172,437012093,1,160,19702000
1725133700096000,4295,371889092,0,0,172,437012093,1,160,20281000
1725133719707000,4296,371889252,0,0,172,437012093,1,160,19611000
1725133739916000,4297,371889412,0,0,172,437012093,1,160,20209000
1725133759826000,4298,371889572,0,0,172,437012093,1,160,19910000
1725133779877000,4299,371889732,0,0,172,437012093,1,160,20051000
1725133800445000,4300,371889892,0,0,172,437012093,1,160,20568000
1725133819956000,4301,371890052,0,0,172,437012093,1,160,19511000
1725133840116000,4302,371890212,0,0,172,437012093,1,160,20160000
1725133859989000,4303,371890372,0,0,172,437012093,1,160,19873000
1725133879643000,4304,371890532,0,0,172,437012093,1,160,19654000
1725133899762000,4305,371890692,0,0,172,437012093,1,160,20119000
1725133919628000,4306,371890852,0,0,172,437012093,1,160,19866000
1725133939880000,4307,371891012,0,0,172,437012093,1,160,20252000
1725133959918000,4308,371891172,0,0,172,437012093,1,160,20038000
1725133979914000,4309,371891332,0,0,172,437012093,1,160,19996000
1725133999811000,4310,371891492,0,0,172,437012093,1,160,19897000
1725134020232000,4311,371891652,0,0,172,437012093,1,160,20421000
1725134039970000,4312,371891812,0,0,172,437012093,1,160,19738000
1725134059866000,4313,371891972,0,0,172,437012093,1,160,19896000
1725134079838000,4314,371892132,0,0,172,437012093,1,160,19972000
1725134099894000,4315,371892292,0,0,172,437012093,1,160,20056000
1725134120051000,4316,371892452,0,0,172,437012093,1,160,20157000
1725134140489000,4317,371892612,0,0,172,437012093,1,160,20438000
1725134159948000,4318,371892772,0,0,172,437012093,1,160,19459000
1725134179917000,4319,371892932,0,0,172,437012093,1,160,19969000
1725134199896000,4320,371893092,0,0,172,437012093,1,160,19979000
1725134219638000,4321,371893252,0,0,172,437012093,1,160,19742000
1725134241722000,4322,371893412,0,0,172,437012093,1,160,22084000
1725134259873000,4323,371893572,0,0,172,437012093,1,160,18151000
1725134281842000,4324,371893732,0,0,172,437012093,1,160,21969000
1725134299762000,4325,371893892,0,0,172,437012093,1,160,17920000
1725134319709000,4326,371894052,0,0,172,437012093,1,160,19947000
1725134339687000,4327,371894212,0,0,172,437012093,1,160,19978000
1725134359936000,4328,371894372,0,0,172,437012093,1,160,20249000
1725134380032000,4329,371894532,0,0,172,437012093,1,160,20096000
1725134400027000,4330,371894692,0,0,172,437012093,1,160,19995000
1725134419777000,4331,371894852,0,0,172,437012093,1,160,19750000
1725134440652000,4332,371895012,0,0,172,437012093,1,160,20875000
1725134459913000,4333,371895172,0,0,172,437012093,1,160,19261000
1725134479936000,4334,371895332,0,0,172,437012093,1,160,20023000
1725134501011000,4335,371895492,0,0,172,437012093,1,160,21075000
1725134520604000,4336,371895652,0,0,172,437012093,1,160,19593000
1725134540001000,4337,371895812,0,0,172,437012093,1,160,19397000
1725134560052000,4338,371895972,0,0,172,437012093,1,160,20051000
1725134580365000,4339,371896132,0,0,172,437012093,1,160,20313000
1725134599848000,4340,371896292,0,0,172,437012093,1,160,19483000
1725134619814000,4341,371896452,0,0,172,437012093,1,160,19966000
1725134639948000,4342,371896612,0,0,172,437012093,1,160,20134000
1725134660504000,4343,371896772,0,0,172,437012093,1,160,20556000
1725134679802000,4344,371896932,0,0,172,437012093,1,160,19298000
1725134699863000,4345,371897092,0,0,172,437012093,1,160,20061000
1725134720186000,4346,371897252,0,0,172,437012093,1,160,20323000
1725134739969000,4347,371897412,0,0,172,437012093,1,160,19783000
1725134759884000,4348,371897572,0,0,172,437012093,1,160,19915000
1725134779861000,4349,371897732,0,0,172,437012093,1,160,19977000
1725134799973000,4350,371897892,0,0,172,437012093,1,160,20112000
1725134819920000,4351,371898052,0,0,172,437012093,1,160,19947000
1725134839976000,4352,371898212,0,0,172,437012093,1,160,20056000
1725134859878000,4353,371898372,0,0,172,437012093,1,160,19902000
1725134879506000,4354,371898532,0,0,172,437012093,1,160,19628000
1725134899859000,4355,371898692,0,0,172,437012093,1,160,20353000
1725134919772000,4356,371898852,0,0,172,437012093,1,160,19913000
1725134939777000,4357,371899012,0,0,172,437012093,1,160,20005000
1725134960209000,4358,371899172,0,0,172,437012093,1,160,20432000
1725134979884000,4359,371899332,0,0,172,437012093,1,160,19675000
1725135000205000,4360,371899492,0,0,172,437012093,1,160,20321000
1725135019840000,4361,371899652,0,0,172,437012093,1,160,19635000
1725135039940000,4362,371899812,0,0,172,437012093,1,160,20100000
1725135059982000,4363,371899972,0,0,172,437012093,1,160,20042000
1725135079859000,4364,371900132,0,0,172,437012093,1,160,19877000
1725135099945000,4365,371900292,0,0,172,437012093,1,160,20086000
1725135119734000,4366,371900452,0,0,172,437012093,1,160,19789000
1725135139831000,4367,371900612,0,0,172,437012093,1,160,20097000
1725135159856000,4368,371900772,0,0,172,437012093,1,160,20025000
1725135179911000,4369,371900932,0,0,172,437012093,1,160,20055000
1725135199766000,4370,371901092,0,0,172,437012093,1,160,19855000
1725135219398000,4371,371901252,0,0,172,437012093,1,160,19632000
1725135240477000,4372,371901412,0,0,172,437012093,1,160,21079000
1725135260006000,4373,371901572,0,0,172,437012093,1,160,19529000
1725135279737000,4374,371901732,0,0,172,437012093,1,160,19731000
1725135299676000,4375,371901892,0,0,172,437012093,1,160,19939000
1725135319740000,4376,371902052,0,0,172,437012093,1,160,20064000
1725135339821000,4377,371902212,0,0,172,437012093,1,160,20081000
1725135359950000,4378,371902372,0,0,172,437012093,1,160,20129000
1725135379830000,4379,371902532,0,0,172,437012093,1,160,19880000
1725135399789000,4380,371902692,0,0,172,437012093,1,160,19959000
1725135419972000,4381,371902852,0,0,172,437012093,1,160,20183000
1725135439875000,4382,371903012,0,0,172,437012093,1,160,19903000
1725135460342000,4383,371903172,0,0,172,437012093,1,160,20467000
1725135479872000,4384,371903332,0,0,172,437012093,1,160,19530000
1725135499616000,4385,371903492,0,0,172,437012093,1,160,19744000
1725135520171000,4386,371903652,0,0,172,437012093,1,160,20555000
1725135539957000,4387,371903812,0,0,172,437012093,1,160,19786000
1725135559960000,4388,371903972,0,0,172,437012093,1,160,20003000
1725135579909000,4389,371904132,0,0,172,437012093,1,160,19949000
1725135599738000,4390,371904292,0,0,172,437012093,1,160,19829000
1725135619962000,4391,371904452,0,0,172,437012093,1,160,20224000
1725135639985000,4392,371904612,0,0,172,437012093,1,160,20023000
1725135660093000,4393,371904772,0,0,172,437012093,1,160,20108000
1725135679880000,4394,371904932,0,0,172,437012093,1,160,19787000
1725135700575000,4395,371905092,0,0,172,437012093,1,160,20695000
1725135719908000,4396,371905252,0,0,172,437012093,1,160,19333000
1725135739843000,4397,371905412,0,0,172,437012093,1,160,19935000
1725135759872000,4398,371905572,0,0,172,437012093,1,160,20029000
1725135779893000,4399,371905732,0,0,172,437012093,1,160,20021000
1725135799909000,4400,371905892,0,0,172,437012093,1,160,20016000
1725135821477000,4401,371906052,0,0,172,437012093,1,160,21568000
1725135839943000,4402,371906212,0,0,172,437012093,1,160,18466000
1725135860092000,4403,371906372,0,0,172,437012093,1,160,20149000
1725135879712000,4404,371906532,0,0,172,437012093,1,160,19620000
1725135899736000,4405,371906692,0,0,172,437012093,1,160,20024000
1725135919746000,4406,371906852,0,0,172,437012093,1,160,20010000
1725135939805000,4407,371907012,0,0,172,437012093,1,160,20059000
1725135959894000,4408,371907172,0,0,172,437012093,1,160,20089000
1725135979870000,4409,371907332,0,0,172,437012093,1,160,19976000
1725135999793000,4410,371907492,0,0,172,437012093,1,160,19923000
1725136020583000,4411,371907652,0,0,172,437012093,1,160,20790000
1725136039914000,4412,371907812,0,0,172,437012093,1,160,19331000
1725136059852000,4413,371907972,0,0,172,437012093,1,160,19938000
1725136079730000,4414,371908132,0,0,172,437012093,1,160,19878000
1725136100176000,4415,371908292,0,0,172,437012093,1,160,20446000
1725136120601000,4416,371908452,0,0,172,437012093,1,160,20425000
1725136139730000,4417,371908612,0,0,172,437012093,1,160,19129000
1725136159937000,4418,371908772,0,0,172,437012093,1,160,20207000
1725136179952000,4419,371908932,0,0,172,437012093,1,160,20015000
1725136200306000,4420,371909092,0,0,172,437012093,1,160,20354000
1725136219814000,4421,371909252,0,0,172,437012093,1,160,19508000
1725136240082000,4422,371909412,0,0,172,437012093,1,160,20268000
1725136260203000,4423,371909572,0,0,172,437012093,1,160,20121000
1725136279674000,4424,371909732,0,0,172,437012093,1,160,19471000
1725136299794000,4425,371909892,0,0,172,437012093,1,160,20120000
1725136320548000,4426,371910052,0,0,172,437012093,1,160,20754000
1725136340119000,4427,371910212,0,0,172,437012093,1,160,19571000
1725136359848000,4428,371910372,0,0,172,437012093,1,160,19729000
1725136379984000,4429,371910532,0,0,172,437012093,1,160,20136000
1725136399976000,4430,371910692,0,0,172,437012093,1,160,19992000
1725136420254000,4431,371910852,0,0,172,437012093,1,160,20278000
1725136440453000,4432,371911012,0,0,172,437012093,1,160,20199000
1725136460131000,4433,371911172,0,0,172,437012093,1,160,19678000
1725136480051000,4434,371911332,0,0,172,437012093,1,160,19920000
1725136499842000,4435,371911492,0,0,172,437012093,1,160,19791000
1725136519954000,4436,371911652,0,0,172,437012093,1,160,20112000
1725136539984000,4437,371911812,0,0,172,437012093,1,160,20030000
1725136560067000,4438,371911972,0,0,172,437012093,1,160,20083000
1725136580171000,4439,371912132,0,0,172,437012093,1,160,20104000
1725136600127000,4440,371912292,0,0,172,437012093,1,160,19956000
1725136620881000,4441,371912452,0,0,172,437012093,1,160,20754000
1725136639885000,4442,371912612,0,0,172,437012093,1,160,19004000
1725136659973000,4443,371912772,0,0,172,437012093,1,160,20088000
1725136680023000,4444,371912932,0,0,172,437012093,1,160,20050000
1725136699827000,4445,371913092,0,0,172,437012093,1,160,19804000
1725136720176000,4446,371913252,0,0,172,437012093,1,160,20349000
1725136740003000,4447,371913412,0,0,172,437012093,1,160,19827000
1725136759884000,4448,371913572,0,0,172,437012093,1,160,19881000
1725136779859000,4449,371913732,0,0,172,437012093,1,160,19975000
1725136800137000,4450,371913892,0,0,172,437012093,1,160,20278000
1725136820285000,4451,371914052,0,0,172,437012093,1,160,20148000
1725136839992000,4452,371914212,0,0,172,437012093,1,160,19707000
1725136859818000,4453,371914372,0,0,172,437012093,1,160,19826000
1725136879901000,4454,371914532,0,0,172,437012093,1,160,20083000
1725136899461000,4455,371914692,0,0,172,437012093,1,160,19560000
1725136919910000,4456,371914852,0,0,172,437012093,1,160,20449000
1725136940048000,4457,371915012,0,0,172,437012093,1,160,20138000
1725136960397000,4458,371915172,0,0,172,437012093,1,160,20349000
1725136980553000,4459,371915332,0,0,172,437012093,1,160,20156000
1725136999865000,4460,371915492,0,0,172,437012093,1,160,19312000
1725137020211000,4461,371915652,0,0,172,437012093,1,160,20346000
1725137039841000,4462,371915812,0,0,172,437012093,1,160,19630000
1725137059912000,4463,371915972,0,0,172,437012093,1,160,20071000
1725137079944000,4464,371916132,0,0,172,437012093,1,160,20032000
1725137100108000,4465,371916292,0,0,172,437012093,1,160,20164000
1725137121236000,4466,371916452,0,0,172,437012093,1,160,21128000
1725137139987000,4467,371916612,0,0,172,437012093,1,160,18751000
1725137160103000,4468,371916772,0,0,172,437012093,1,160,20116000
1725137179844000,4469,371916932,0,0,172,437012093,1,160,19741000
1725137199865000,4470,371917092,0,0,172,437012093,1,160,20021000
1725137220468000,4471,371917252,0,0,172,437012093,1,160,20603000
1725137239966000,4472,371917412,0,0,172,437012093,1,160,19498000
1725137260007000,4473,371917572,0,0,172,437012093,1,160,20041000
1725137279975000,4474,371917732,0,0,172,437012093,1,160,19968000
1725137300346000,4475,371917892,0,0,172,437012093,1,160,20371000
1725137320028000,4476,371918052,0,0,172,437012093,1,160,19682000
1725137339946000,4477,371918212,0,0,172,437012093,1,160,19918000
1725137359852000,4478,371918372,0,0,172,437012093,1,160,19906000
1725137379851000,4479,371918532,0,0,172,437012093,1,160,19999000
1725137400030000,4480,371918692,0,0,172,437012093,1,160,20179000
1725137419754000,4481,371918852,0,0,172,437012093,1,160,19724000
1725137439769000,4482,371919012,0,0,172,437012093,1,160,20015000
1725137460760000,4483,371919172,0,0,172,437012093,1,160,20991000
1725137479629000,4484,371919332,0,0,172,437012093,1,160,18869000
1725137499819000,4485,371919492,0,0,172,437012093,1,160,20190000
1725137520256000,4486,371919652,0,0,172,437012093,1,160,20437000
1725137539865000,4487,371919812,0,0,172,437012093,1,160,19609000
1725137560040000,4488,371919972,0,0,172,437012093,1,160,20175000
1725137579756000,4489,371920132,0,0,172,437012093,1,160,19716000
1725137599726000,4490,371920292,0,0,172,437012093,1,160,19970000
1725137620227000,4491,371920452,0,0,172,437012093,1,160,20501000
1725137639647000,4492,371920612,0,0,172,437012093,1,160,19420000
1725137660179000,4493,371920772,0,0,172,437012093,1,160,20532000
1725137679822000,4494,371920932,0,0,172,437012093,1,160,19643000
1725137699954000,4495,371921092,0,0,172,437012093,1,160,20132000
1725137719851000,4496,371921252,0,0,172,437012093,1,160,19897000
1725137739880000,4497,371921412,0,0,172,437012093,1,160,20029000
1725137760193000,4498,371921572,0,0,172,437012093,1,160,20313000
1725137780037000,4499,371921732,0,0,172,437012093,1,160,19844000
1725137799783000,4500,371921892,0,0,172,437012093,1,160,19746000
1725137820050000,4501,371922052,0,0,172,437012093,1,160,20267000
1725137839867000,4502,371922212,0,0,172,437012093,1,160,19817000
1725137859986000,4503,371922372,0,0,172,437012093,1,160,20119000
1725137880302000,4504,371922532,0,0,172,437012093,1,160,20316000
1725137899874000,4505,371922692,0,0,172,437012093,1,160,19572000
1725137920218000,4506,371922852,0,0,172,437012093,1,160,20344000
1725137939673000,4507,371923012,0,0,172,437012093,1,160,19455000
1725137960005000,4508,371923172,0,0,172,437012093,1,160,20332000
1725137979677000,4509,371923332,0,0,172,437012093,1,160,19672000
1725137999736000,4510,371923492,0,0,172,437012093,1,160,20059000
1725138022282000,4511,371923652,0,0,172,437012093,1,160,22546000
1725138039760000,4512,371923812,0,0,172,437012093,1,160,17478000
1725138059723000,4513,371923972,0,0,172,437012093,1,160,19963000
1725138079965000,4514,371924132,0,0,172,437012093,1,160,20242000
1725138099818000,4515,371924292,0,0,172,437012093,1,160,19853000
1725138120316000,4516,371924452,0,0,172,437012093,1,160,20498000
1725138139951000,4517,371924612,0,0,172,437012093,1,160,19635000
1725138159698000,4518,371924772,0,0,172,437012093,1,160,19747000
1725138180217000,4519,371924932,0,0,172,437012093,1,160,20519000
1725138199726000,4520,371925092,0,0,172,437012093,1,160,19509000
1725138219934000,4521,371925252,0,0,172,437012093,1,160,20208000
1725138239769000,4522,371925412,0,0,172,437012093,1,160,19835000
1725138260431000,4523,371925572,0,0,172,437012093,1,160,20662000
1725138279705000,4524,371925732,0,0,172,437012093,1,160,19274000
1725138300475000,4525,371925892,0,0,172,437012093,1,160,20770000
1725138320337000,4526,371926052,0,0,172,437012093,1,160,19862000
1725138340411000,4527,371926212,0,0,172,437012093,1,160,20074000
1725138359985000,4528,371926372,0,0,172,437012093,1,160,19574000
1725138379833000,4529,371926532,0,0,172,437012093,1,160,19848000
1725138399866000,4530,371926692,0,0,172,437012093,1,160,20033000
1725138419896000,4531,371926852,0,0,172,437012093,1,160,20030000
1725138439770000,4532,371927012,0,0,172,437012093,1,160,19874000
1725138460131000,4533,371927172,0,0,172,437012093,1,160,20361000
1725138480436000,4534,371927332,0,0,172,437012093,1,160,20305000
1725138501714000,4535,371927492,0,0,172,437012093,1,160,21278000
1725138519621000,4536,371927652,0,0,172,437012093,1,160,17907000
1725138539713000,4537,371927812,0,0,172,437012093,1,160,20092000
1725138559853000,4538,371927972,0,0,172,437012093,1,160,20140000
1725138579942000,4539,371928132,0,0,172,437012093,1,160,20089000
1725138599988000,4540,371928292,0,0,172,437012093,1,160,20046000
1725138619804000,4541,371928452,0,0,172,437012093,1,160,19816000
1725138639961000,4542,371928612,0,0,172,437012093,1,160,20157000
1725138659851000,4543,371928772,0,0,172,437012093,1,160,19890000
1725138679938000,4544,371928932,0,0,172,437012093,1,160,20087000
1725138699781000,4545,371929092,0,0,172,437012093,1,160,19843000
1725138720493000,4546,371929252,0,0,172,437012093,1,160,20712000
1725138739966000,4547,371929412,0,0,172,437012093,1,160,19473000
1725138759835000,4548,371929572,0,0,172,437012093,1,160,19869000
1725138779786000,4549,371929732,0,0,172,437012093,1,160,19951000
1725138799918000,4550,371929892,0,0,172,437012093,1,160,20132000
1725138821420000,4551,371930052,0,0,172,437012093,1,160,21502000
1725138839834000,4552,371930212,0,0,172,437012093,1,160,18414000
1725138859977000,4553,371930372,0,0,172,437012093,1,160,20143000
1725138880131000,4554,371930532,0,0,172,437012093,1,160,20154000
1725138899673000,4555,371930692,0,0,172,437012093,1,160,19542000
1725138921954000,4556,371930852,0,0,172,437012093,1,160,22281000
1725138939708000,4557,371931012,0,0,172,437012093,1,160,17754000
1725138959803000,4558,371931172,0,0,172,437012093,1,160,20095000
1725138979372000,4559,371931332,0,0,172,437012093,1,160,19569000
1725139000407000,4560,371931492,0,0,172,437012093,1,160,21035000
1725139019947000,4561,371931652,0,0,172,437012093,1,160,19540000
1725139039922000,4562,371931812,0,0,172,437012093,1,160,19975000
1725139060326000,4563,371931972,0,0,172,437012093,1,160,20404000
1725139079809000,4564,371932132,0,0,172,437012093,1,160,19483000
1725139099821000,4565,371932292,0,0,172,437012093,1,160,20012000
1725139119850000,4566,371932452,0,0,172,437012093,1,160,20029000
1725139139904000,4567,371932612,0,0,172,437012093,1,160,20054000
1725139159812000,4568,371932772,0,0,172,437012093,1,160,19908000
1725139179814000,4569,371932932,0,0,172,437012093,1,160,20002000
1725139199815000,4570,371933092,0,0,172,437012093,1,160,20001000
1725139220146000,4571,371933252,0,0,172,437012093,1,160,20331000
1725139239797000,4572,371933412,0,0,172,437012093,1,160,19651000
1725139259815000,4573,371933572,0,0,172,437012093,1,160,20018000
1725139279802000,4574,371933732,0,0,172,437012093,1,160,19987000
1725139299755000,4575,371933892,0,0,172,437012093,1,160,19953000
1725139319926000,4576,371934052,0,0,172,437012093,1,160,20171000
1725139339783000,4577,371934212,0,0,172,437012093,1,160,19857000
1725139359681000,4578,371934372,0,0,172,437012093,1,160,19898000
1725139380307000,4579,371934532,0,0,172,437012093,1,160,20626000
1725139401750000,4580,371934692,0,0,172,437012093,1,160,21443000
1725139419797000,4581,371934852,0,0,172,437012093,1,160,18047000
1725139439908000,4582,371935012,0,0,172,437012093,1,160,20111000
1725139459656000,4583,371935172,0,0,172,437012093,1,160,19748000
1725139480106000,4584,371935332,0,0,172,437012093,1,160,20450000
1725139499560000,4585,371935492,0,0,172,437012093,1,160,19454000
1725139519930000,4586,371935652,0,0,172,437012093,1,160,20370000
1725139539805000,4587,371935812,0,0,172,437012093,1,160,19875000
1725139559685000,4588,371935972,0,0,172,437012093,1,160,19880000
1725139579752000,4589,371936132,0,0,172,437012093,1,160,20067000
1725139599801000,4590,371936292,0,0,172,437012093,1,160,20049000
1725139620658000,4591,371936452,0,0,172,437012093,1,160,20857000
1725139639951000,4592,371936612,0,0,172,437012093,1,160,19293000
1725139659596000,4593,371936772,0,0,172,437012093,1,160,19645000
1725139679747000,4594,371936932,0,0,172,437012093,1,160,20151000
1725139699916000,4595,371937092,0,0,172,437012093,1,160,20169000
1725139719928000,4596,371937252,0,0,172,437012093,1,160,20012000
1725139740131000,4597,371937412,0,0,172,437012093,1,160,20203000
1725139759602000,4598,371937572,0,0,172,437012093,1,160,19471000
1725139779827000,4599,371937732,0,0,172,437012093,1,160,20225000
1725139799875000,4600,371937892,0,0,172,437012093,1,160,20048000
1725139821514000,4601,371938052,0,0,172,437012093,1,160,21639000
1725139839871000,4602,371938212,0,0,172,437012093,1,160,18357000
1725139859559000,4603,371938372,0,0,172,437012093,1,160,19688000
1725139879847000,4604,371938532,0,0,172,437012093,1,160,20288000
1725139899612000,4605,371938692,0,0,172,437012093,1,160,19765000
1725139919605000,4606,371938852,0,0,172,437012093,1,160,19993000
1725139939739000,4607,371939012,0,0,172,437012093,1,160,20134000
1725139959832000,4608,371939172,0,0,172,437012093,1,160,20093000
1725139979618000,4609,371939332,0,0,172,437012093,1,160,19786000
1725140000199000,4610,371939492,0,0,172,437012093,1,160,20581000
1725140020171000,4611,371939652,0,0,172,437012093,1,160,19972000
1725140039863000,4612,371939812,0,0,172,437012093,1,160,19692000
1725140059661000,4613,371939972,0,0,172,437012093,1,160,19798000
1725140079680000,4614,371940132,0,0,172,437012093,1,160,20019000
1725140099494000,4615,371940292,0,0,172,437012093,1,160,19814000
1725140120709000,4616,371940452,0,0,172,437012093,1,160,21215000
1725140139768000,4617,371940612,0,0,172,437012093,1,160,19059000
1725140159916000,4618,371940772,0,0,172,437012093,1,160,20148000
1725140180142000,4619,371940932,0,0,172,437012093,1,160,20226000
1725140199876000,4620,371941092,0,0,172,437012093,1,160,19734000
1725140219740000,4621,371941252,0,0,172,437012093,1,160,19864000
1725140239879000,4622,371941412,0,0,172,437012093,1,160,20139000
1725140259799000,4623,371941572,0,0,172,437012093,1,160,19920000
1725140279845000,4624,371941732,0,0,172,437012093,1,160,20046000
1725140300398000,4625,371941892,0,0,172,437012093,1,160,20553000
1725140319792000,4626,371942052,0,0,172,437012093,1,160,19394000
1725140339619000,4627,371942212,0,0,172,437012093,1,160,19827000
1725140359847000,4628,371942372,0,0,172,437012093,1,160,20228000
1725140380288000,4629,371942532,0,0,172,437012093,1,160,20441000
1725140399845000,4630,371942692,0,0,172,437012093,1,160,19557000
1725140421441000,4631,371942852,0,0,172,437012093,1,160,21596000
1725140439756000,4632,371943012,0,0,172,437012093,1,160,18315000
1725140460180000,4633,371943172,0,0,172,437012093,1,160,20424000
1725140480103000,4634,371943332,0,0,172,437012093,1,160,19923000
1725140500119000,4635,371943492,0,0,172,437012093,1,160,20016000
1725140519857000,4636,371943652,0,0,172,437012093,1,160,19738000
1725140539715000,4637,371943812,0,0,172,437012093,1,160,19858000
1725140559900000,4638,371943972,0,0,172,437012093,1,160,20185000
1725140579611000,4639,371944132,0,0,172,437012093,1,160,19711000
1725140600495000,4640,371944292,0,0,172,437012093,1,160,20884000
1725140619818000,4641,371944452,0,0,172,437012093,1,160,19323000
1725140639839000,4642,371944612,0,0,172,437012093,1,160,20021000
1725140659699000,4643,371944772,0,0,172,437012093,1,160,19860000
1725140679751000,4644,371944932,0,0,172,437012093,1,160,20052000
1725140699638000,4645,371945092,0,0,172,437012093,1,160,19887000
1725140719861000,4646,371945252,0,0,172,437012093,1,160,20223000
1725140739953000,4647,371945412,0,0,172,437012093,1,160,20092000
1725140759740000,4648,371945572,0,0,172,437012093,1,160,19787000
1725140779471000,4649,371945732,0,0,172,437012093,1,160,19731000
1725140799663000,4650,371945892,0,0,172,437012093,1,160,20192000
1725140819768000,4651,371946052,0,0,172,437012093,1,160,20105000
1725140839572000,4652,371946212,0,0,172,437012093,1,160,19804000
1725140859808000,4653,371946372,0,0,172,437012093,1,160,20236000
1725140879631000,4654,371946532,0,0,172,437012093,1,160,19823000
1725140900295000,4655,371946692,0,0,172,437012093,1,160,20664000
1725140919852000,4656,371946852,0,0,172,437012093,1,160,19557000
1725140939585000,4657,371947012,0,0,172,437012093,1,160,19733000
1725140959784000,4658,371947172,0,0,172,437012093,1,160,20199000
1725140980360000,4659,371947332,0,0,172,437012093,1,160,20576000
1725140999633000,4660,371947492,0,0,172,437012093,1,160,19273000
1725141020514000,4661,371947652,0,0,172,437012093,1,160,20881000
1725141039826000,4662,371947812,0,0,172,437012093,1,160,19312000
1725141059832000,4663,371947972,0,0,172,437012093,1,160,20006000
1725141079315000,4664,371948132,0,0,172,437012093,1,160,19483000
1725141099862000,4665,371948292,0,0,172,437012093,1,160,20547000
1725141119757000,4666,371948452,0,0,172,437012093,1,160,19895000
1725141139773000,4667,371948612,0,0,172,437012093,1,160,20016000
1725141159497000,4668,371948772,0,0,172,437012093,1,160,19724000
1725141179678000,4669,371948932,0,0,172,437012093,1,160,20181000
1725141199716000,4670,371949092,0,0,172,437012093,1,160,20038000
1725141219756000,4671,371949252,0,0,172,437012093,1,160,20040000
1725141239546000,4672,371949412,0,0,172,437012093,1,160,19790000
1725141259757000,4673,371949572,0,0,172,437012093,1,160,20211000
1725141279841000,4674,371949732,0,0,172,437012093,1,160,20084000
1725141299644000,4675,371949892,0,0,172,437012093,1,160,19803000
1725141319562000,4676,371950052,0,0,172,437012093,1,160,19918000
1725141339734000,4677,371950212,0,0,172,437012093,1,160,20172000
1725141359938000,4678,371950372,0,0,172,437012093,1,160,20204000
1725141380867000,4679,371950532,0,0,172,437012093,1,160,20929000
1725141400368000,4680,371950692,0,0,172,437012093,1,160,19501000
1725141419891000,4681,371950852,0,0,172,437012093,1,160,19523000
1725141439695000,4682,371951012,0,0,172,437012093,1,160,19804000
1725141459581000,4683,371951172,0,0,172,437012093,1,160,19886000
1725141479605000,4684,371951332,0,0,172,437012093,1,160,20024000
1725141500395000,4685,371951492,0,0,172,437012093,1,160,20790000
1725141520785000,4686,371951652,0,0,172,437012093,1,160,20390000
1725141539845000,4687,371951812,0,0,172,437012093,1,160,19060000
1725141559904000,4688,371951972,0,0,172,437012093,1,160,20059000
1725141579597000,4689,371952132,0,0,172,437012093,1,160,19693000
1725141599783000,4690,371952292,0,0,172,437012093,1,160,20186000
1725141620003000,4691,371952452,0,0,172,437012093,1,160,20220000
1725141639919000,4692,371952612,0,0,172,437012093,1,160,19916000
1725141659931000,4693,371952772,0,0,172,437012093,1,160,20012000
1725141679447000,4694,371952932,0,0,172,437012093,1,160,19516000
1725141700824000,4695,371953092,0,0,172,437012093,1,160,21377000
1725141720893000,4696,371953252,0,0,172,437012093,1,160,20069000
1725141739601000,4697,371953412,0,0,172,437012093,1,160,18708000
1725141759896000,4698,371953572,0,0,172,437012093,1,160,20295000
1725141779899000,4699,371953732,0,0,172,437012093,1,160,20003000
1725141799501000,4700,371953892,0,0,172,437012093,1,160,19602000
1725141819793000,4701,371954052,0,0,172,437012093,1,160,20292000
1725141840069000,4702,371954212,0,0,172,437012093,1,160,20276000
1725141859961000,4703,371954372,0,0,172,437012093,1,160,19892000
1725141880197000,4704,371954532,0,0,172,437012093,1,160,20236000
1725141899296000,4705,371954692,0,0,172,437012093,1,160,19099000
1725141922098000,4706,371954852,0,0,172,437012093,1,160,22802000
1725141939781000,4707,371955012,0,0,172,437012093,1,160,17683000
1725141959285000,4708,371955172,0,0,172,437012093,1,160,19504000
1725141979597000,4709,371955332,0,0,172,437012093,1,160,20312000
1725142000648000,4710,371955492,0,0,172,437012093,1,160,21051000
1725142019861000,4711,371955652,0,0,172,437012093,1,160,19213000
1725142039833000,4712,371955812,0,0,172,437012093,1,160,19972000
1725142059544000,4713,371955972,0,0,172,437012093,1,160,19711000
1725142079558000,4714,371956132,0,0,172,437012093,1,160,20014000
1725142100348000,4715,371956292,0,0,172,437012093,1,160,20790000
1725142119995000,4716,371956452,0,0,172,437012093,1,160,19647000
1725142139852000,4717,371956612,0,0,172,437012093,1,160,19857000
1725142159663000,4718,371956772,0,0,172,437012093,1,160,19811000
1725142179561000,4719,371956932,0,0,172,437012093,1,160,19898000
1725142199681000,4720,371957092,0,0,172,437012093,1,160,20120000
1725142219850000,4721,371957252,0,0,172,437012093,1,160,20169000
1725142239830000,4722,371957412,0,0,172,437012093,1,160,19980000
1725142259950000,4723,371957572,0,0,172,437012093,1,160,20120000
1725142280215000,4724,371957732,0,0,172,437012093,1,160,20265000
1725142299773000,4725,371957892,0,0,172,437012093,1,160,19558000
1725142319750000,4726,371958052,0,0,172,437012093,1,160,19977000
1725142340192000,4727,371958212,0,0,172,437012093,1,160,20442000
1725142360216000,4728,371958372,0,0,172,437012093,1,160,20024000
1725142379591000,4729,371958532,0,0,172,437012093,1,160,19375000
1725142399639000,4730,371958692,0,0,172,437012093,1,160,20048000
1725142420059000,4731,371958852,0,0,172,437012093,1,160,20420000
1725142439670000,4732,371959012,0,0,172,437012093,1,160,19611000
1725142459739000,4733,371959172,0,0,172,437012093,1,160,20069000
1725142479468000,4734,371959332,0,0,172,437012093,1,160,19729000
1725142502279000,4735,371959492,0,0,172,437012093,1,160,22811000
1725142521227000,4736,371959652,0,0,172,437012093,1,160,18948000
1725142539652000,4737,371959812,0,0,172,437012093,1,160,18425000
1725142559493000,4738,371959972,0,0,172,437012093,1,160,19841000
1725142579680000,4739,371960132,0,0,172,437012093,1,160,20187000
1725142599702000,4740,371960292,0,0,172,437012093,1,160,20022000
1725142619872000,4741,371960452,0,0,172,437012093,1,160,20170000
1725142639734000,4742,371960612,0,0,172,437012093,1,160,19862000
1725142659815000,4743,371960772,0,0,172,437012093,1,160,20081000
1725142679594000,4744,371960932,0,0,172,437012093,1,160,19779000
1725142699749000,4745,371961092,0,0,172,437012093,1,160,20155000
1725142719793000,4746,371961252,0,0,172,437012093,1,160,20044000
1725142739545000,4747,371961412,0,0,172,437012093,1,160,19752000
1725142759796000,4748,371961572,0,0,172,437012093,1,160,20251000
1725142779701000,4749,371961732,0,0,172,437012093,1,160,19905000
1725142799918000,4750,371961892,0,0,172,437012093,1,160,20217000
1725142819391000,4751,371962052,0,0,172,437012093,1,160,19473000
1725142839561000,4752,371962212,0,0,172,437012093,1,160,20170000
1725142859773000,4753,371962372,0,0,172,437012093,1,160,20212000
1725142880159000,4754,371962532,0,0,172,437012093,1,160,20386000
1725142899549000,4755,371962692,0,0,172,437012093,1,160,19390000
1725142920542000,4756,371962852,0,0,172,437012093,1,160,20993000
1725142939736000,4757,371963012,0,0,172,437012093,1,160,19194000
1725142959139000,4758,371963172,0,0,172,437012093,1,160,19403000
1725142979657000,4759,371963332,0,0,172,437012093,1,160,20518000
1725142999583000,4760,371963492,0,0,172,437012093,1,160,19926000
1725143020037000,4761,371963652,0,0,172,437012093,1,160,20454000
1725143039695000,4762,371963812,0,0,172,437012093,1,160,19658000
1725143059700000,4763,371963972,0,0,172,437012093,1,160,20005000
1725143079617000,4764,371964132,0,0,172,437012093,1,160,19917000
1725143099993000,4765,371964292,0,0,172,437012093,1,160,20376000
1725143119799000,4766,371964452,0,0,172,437012093,1,160,19806000
1725143139624000,4767,371964612,0,0,172,437012093,1,160,19825000
1725143160640000,4768,371964772,0,0,172,437012093,1,160,21016000
1725143180151000,4769,371964932,0,0,172,437012093,1,160,19511000
1725143203200000,4770,371965092,0,0,172,437012093,1,160,23049000
1725143219536000,4771,371965252,0,0,172,437012093,1,160,16336000
1725143239599000,4772,371965412,0,0,172,437012093,1,160,20063000
1725143259478000,4773,371965572,0,0,172,437012093,1,160,19879000
1725143279481000,4774,371965732,0,0,172,437012093,1,160,20003000
1725143299448000,4775,371965892,0,0,172,437012093,1,160,19967000
1725143319696000,4776,371966052,0,0,172,437012093,1,160,20248000
1725143339361000,4777,371966212,0,0,172,437012093,1,160,19665000
1725143359592000,4778,371966372,0,0,172,437012093,1,160,20231000
1725143379364000,4779,371966532,0,0,172,437012093,1,160,19772000
1725143399515000,4780,371966692,0,0,172,437012093,1,160,20151000
1725143419468000,4781,371966852,0,0,172,437012093,1,160,19953000
1725143439565000,4782,371967012,0,0,172,437012093,1,160,20097000
1725143459554000,4783,371967172,0,0,172,437012093,1,160,19989000
1725143479583000,4784,371967332,0,0,172,437012093,1,160,20029000
1725143501409000,4785,371967492,0,0,172,437012093,1,160,21826000
1725143519837000,4786,371967652,0,0,172,437012093,1,160,18428000
1725143539605000,4787,371967812,0,0,172,437012093,1,160,19768000
1725143559578000,4788,371967972,0,0,172,437012093,1,160,19973000
1725143580575000,4789,371968132,0,0,172,437012093,1,160,20997000
1725143599415000,4790,371968292,0,0,172,437012093,1,160,18840000
1725143619592000,4791,371968452,0,0,172,437012093,1,160,20177000
1725143639438000,4792,371968612,0,0,172,437012093,1,160,19846000
1725143659421000,4793,371968772,0,0,172,437012093,1,160,19983000
1725143679444000,4794,371968932,0,0,172,437012093,1,160,20023000
1725143699764000,4795,371969092,0,0,172,437012093,1,160,20320000
1725143719978000,4796,371969252,0,0,172,437012093,1,160,20214000
1725143739611000,4797,371969412,0,0,172,437012093,1,160,19633000
1725143759641000,4798,371969572,0,0,172,437012093,1,160,20030000
1725143779526000,4799,371969732,0,0,172,437012093,1,160,19885000
1725143799584000,4800,371969892,0,0,172,437012093,1,160,20058000
1725143820857000,4801,371970052,0,0,172,437012093,1,160,21273000
1725143839611000,4802,371970212,0,0,172,437012093,1,160,18754000
1725143859742000,4803,371970372,0,0,172,437012093,1,160,20131000
1725143879255000,4804,371970532,0,0,172,437012093,1,160,19513000
1725143900639000,4805,371970692,0,0,172,437012093,1,160,21384000
1725143919928000,4806,371970852,0,0,172,437012093,1,160,19289000
1725143939665000,4807,371971012,0,0,172,437012093,1,160,19737000
1725143961349000,4808,371971172,0,0,172,437012093,1,160,21684000
1725143980049000,4809,371971332,0,0,172,437012093,1,160,18700000
1725143999769000,4810,371971492,0,0,172,437012093,1,160,19720000
1725144021504000,4811,371971652,0,0,172,437012093,1,160,21735000
1725144039484000,4812,371971812,0,0,172,437012093,1,160,17980000
1725144060065000,4813,371971972,0,0,172,437012093,1,160,20581000
1725144079399000,4814,371972132,0,0,172,437012093,1,160,19334000
1725144099297000,4815,371972292,0,0,172,437012093,1,160,19898000
1725144119584000,4816,371972452,0,0,172,437012093,1,160,20287000
1725144139501000,4817,371972612,0,0,172,437012093,1,160,19917000
1725144159377000,4818,371972772,0,0,172,437012093,1,160,19876000
1725144179956000,4819,371972932,0,0,172,437012093,1,160,20579000
1725144199379000,4820,371973092,0,0,172,437012093,1,160,19423000
1725144219576000,4821,371973252,0,0,172,437012093,1,160,20197000
1725144239482000,4822,371973412,0,0,172,437012093,1,160,19906000
1725144259473000,4823,371973572,0,0,172,437012093,1,160,19991000
1725144279590000,4824,371973732,0,0,172,437012093,1,160,20117000
1725144299315000,4825,371973892,0,0,172,437012093,1,160,19725000
1725144319696000,4826,371974052,0,0,172,437012093,1,160,20381000
1725144339700000,4827,371974212,0,0,172,437012093,1,160,20004000
1725144359172000,4828,371974372,0,0,172,437012093,1,160,19472000
1725144379907000,4829,371974532,0,0,172,437012093,1,160,20735000
1725144399732000,4830,371974692,0,0,172,437012093,1,160,19825000
1725144419497000,4831,371974852,0,0,172,437012093,1,160,19765000
1725144439323000,4832,371975012,0,0,172,437012093,1,160,19826000
1725144459499000,4833,371975172,0,0,172,437012093,1,160,20176000
1725144479962000,4834,371975332,0,0,172,437012093,1,160,20463000
1725144499407000,4835,371975492,0,0,172,437012093,1,160,19445000
1725144521845000,4836,371975652,0,0,172,437012093,1,160,22438000
1725144539659000,4837,371975812,0,0,172,437012093,1,160,17814000
1725144559723000,4838,371975972,0,0,172,437012093,1,160,20064000
1725144579704000,4839,371976132,0,0,172,437012093,1,160,19981000
1725144599643000,4840,371976292,0,0,172,437012093,1,160,19939000
1725144621875000,4841,371976452,0,0,172,437012093,1,160,22232000
1725144641014000,4842,371976612,0,0,172,437012093,1,160,19139000
1725144659602000,4843,371976772,0,0,172,437012093,1,160,18588000
1725144679337000,4844,371976932,0,0,172,437012093,1,160,19735000
1725144699310000,4845,371977092,0,0,172,437012093,1,160,19973000
1725144720583000,4846,371977252,0,0,172,437012093,1,160,21273000
1725144739709000,4847,371977412,0,0,172,437012093,1,160,19126000
1725144759526000,4848,371977572,0,0,172,437012093,1,160,19817000
1725144779386000,4849,371977732,0,0,172,437012093,1,160,19860000
1725144799330000,4850,371977892,0,0,172,437012093,1,160,19944000
1725144819381000,4851,371978052,0,0,172,437012093,1,160,20051000
1725144839609000,4852,371978212,0,0,172,437012093,1,160,20228000
1725144859410000,4853,371978372,0,0,172,437012093,1,160,19801000
1725144879479000,4854,371978532,0,0,172,437012093,1,160,20069000
1725144899655000,4855,371978692,0,0,172,437012093,1,160,20176000
1725144919663000,4856,371978852,0,0,172,437012093,1,160,20008000
1725144939495000,4857,371979012,0,0,172,437012093,1,160,19832000
1725144959752000,4858,371979172,0,0,172,437012093,1,160,20257000
1725144979520000,4859,371979332,0,0,172,437012093,1,160,19768000
1725144999347000,4860,371979492,0,0,172,437012093,1,160,19827000
1725145019550000,4861,371979652,0,0,172,437012093,1,160,20203000
1725145039892000,4862,371979812,0,0,172,437012093,1,160,20342000
1725145059541000,4863,371979972,0,0,172,437012093,1,160,19649000
1725145079957000,4864,371980132,0,0,172,437012093,1,160,20416000
1725145099655000,4865,371980292,0,0,172,437012093,1,160,19698000
1725145119808000,4866,371980452,0,0,172,437012093,1,160,20153000
1725145139556000,4867,371980612,0,0,172,437012093,1,160,19748000
1725145159922000,4868,371980772,0,0,172,437012093,1,160,20366000
1725145179442000,4869,371980932,0,0,172,437012093,1,160,19520000
1725145199115000,4870,371981092,0,0,172,437012093,1,160,19673000
1725145219581000,4871,371981252,0,0,172,437012093,1,160,20466000
1725145239663000,4872,371981412,0,0,172,437012093,1,160,20082000
1725145259408000,4873,371981572,0,0,172,437012093,1,160,19745000
1725145286130000,4874,371981732,0,0,172,437012093,1,160,26722000
1725145299831000,4875,371981892,0,0,172,437012093,1,160,13701000
1725145319667000,4876,371982052,0,0,172,437012093,1,160,19836000
1725145339540000,4877,371982212,0,0,172,437012093,1,160,19873000
1725145359623000,4878,371982372,0,0,172,437012093,1,160,20083000
1725145379646000,4879,371982532,0,0,172,437012093,1,160,20023000
1725145399347000,4880,371982692,0,0,172,437012093,1,160,19701000
1725145420122000,4881,371982852,0,0,172,437012093,1,160,20775000
1725145439210000,4882,371983012,0,0,172,437012093,1,160,19088000
1725145459515000,4883,371983172,0,0,172,437012093,1,160,20305000
1725145479390000,4884,371983332,0,0,172,437012093,1,160,19875000
1725145499530000,4885,371983492,0,0,172,437012093,1,160,20140000
1725145519456000,4886,371983652,0,0,172,437012093,1,160,19926000
1725145539585000,4887,371983812,0,0,172,437012093,1,160,20129000
1725145559510000,4888,371983972,0,0,172,437012093,1,160,19925000
1725145579317000,4889,371984132,0,0,172,437012093,1,160,19807000
1725145599363000,4890,371984292,0,0,172,437012093,1,160,20046000
1725145619527000,4891,371984452,0,0,172,437012093,1,160,20164000
1725145639608000,4892,371984612,0,0,172,437012093,1,160,20081000
1725145659503000,4893,371984772,0,0,172,437012093,1,160,19895000
1725145679411000,4894,371984932,0,0,172,437012093,1,160,19908000
1725145699798000,4895,371985092,0,0,172,437012093,1,160,20387000
1725145719617000,4896,371985252,0,0,172,437012093,1,160,19819000
1725145739541000,4897,371985412,0,0,172,437012093,1,160,19924000
1725145759534000,4898,371985572,0,0,172,437012093,1,160,19993000
1725145779448000,4899,371985732,0,0,172,437012093,1,160,19914000
1725145799609000,4900,371985892,0,0,172,437012093,1,160,20161000
1725145819462000,4901,371986052,0,0,172,437012093,1,160,19853000
1725145839818000,4902,371986212,0,0,172,437012093,1,160,20356000
1725145859667000,4903,371986372,0,0,172,437012093,1,160,19849000
1725145881239000,4904,371986532,0,0,172,437012093,1,160,21572000
1725145899840000,4905,371986692,0,0,172,437012093,1,160,18601000
1725145919501000,4906,371986852,0,0,172,437012093,1,160,19661000
1725145939609000,4907,371987012,0,0,172,437012093,1,160,20108000
1725145959524000,4908,371987172,0,0,172,437012093,1,160,19915000
1725145979387000,4909,371987332,0,0,172,437012093,1,160,19863000
1725145999220000,4910,371987492,0,0,172,437012093,1,160,19833000
1725146020817000,4911,371987652,0,0,172,437012093,1,160,21597000
1725146039819000,4912,371987812,0,0,172,437012093,1,160,19002000
1725146059474000,4913,371987972,0,0,172,437012093,1,160,19655000
1725146079488000,4914,371988132,0,0,172,437012093,1,160,20014000
1725146099512000,4915,371988292,0,0,172,437012093,1,160,20024000
1725146120463000,4916,371988452,0,0,172,437012093,1,160,20951000
1725146139569000,4917,371988612,0,0,172,437012093,1,160,19106000
1725146159751000,4918,371988772,0,0,172,437012093,1,160,20182000
1725146179230000,4919,371988932,0,0,172,437012093,1,160,19479000
1725146199578000,4920,371989092,0,0,172,437012093,1,160,20348000
1725146220622000,4921,371989252,0,0,172,437012093,1,160,21044000
1725146239739000,4922,371989412,0,0,172,437012093,1,160,19117000
1725146260190000,4923,371989572,0,0,172,437012093,1,160,20451000
1725146279356000,4924,371989732,0,0,172,437012093,1,160,19166000
1725146299573000,4925,371989892,0,0,172,437012093,1,160,20217000
1725146320894000,4926,371990052,0,0,172,437012093,1,160,21321000
1725146339322000,4927,371990212,0,0,172,437012093,1,160,18428000
1725146359566000,4928,371990372,0,0,172,437012093,1,160,20244000
1725146380022000,4929,371990532,0,0,172,437012093,1,160,20456000
1725146399618000,4930,371990692,0,0,172,437012093,1,160,19596000
1725146421199000,4931,371990852,0,0,172,437012093,1,160,21581000
1725146439533000,4932,371991012,0,0,172,437012093,1,160,18334000
1725146460257000,4933,371991172,0,0,172,437012093,1,160,20724000
1725146479453000,4934,371991332,0,0,172,437012093,1,160,19196000
1725146499214000,4935,371991492,0,0,172,437012093,1,160,19761000
1725146520266000,4936,371991652,0,0,172,437012093,1,160,21052000
1725146539376000,4937,371991812,0,0,172,437012093,1,160,19110000
1725146559917000,4938,371991972,0,0,172,437012093,1,160,20541000
1725146579572000,4939,371992132,0,0,172,437012093,1,160,19655000
1725146599479000,4940,371992292,0,0,172,437012093,1,160,19907000
1725146619571000,4941,371992452,0,0,172,437012093,1,160,20092000
1725146639654000,4942,371992612,0,0,172,437012093,1,160,20083000
1725146659657000,4943,371992772,0,0,172,437012093,1,160,20003000
1725146679511000,4944,371992932,0,0,172,437012093,1,160,19854000
1725146699587000,4945,371993092,0,0,172,437012093,1,160,20076000
1725146720372000,4946,371993252,0,0,172,437012093,1,160,20785000
1725146740129000,4947,371993412,0,0,172,437012093,1,160,19757000
1725146759943000,4948,371993572,0,0,172,437012093,1,160,19814000
1725146779043000,4949,371993732,0,0,172,437012093,1,160,19100000
1725146799647000,4950,371993892,0,0,172,437012093,1,160,20604000
1725146819296000,4951,371994052,0,0,172,437012093,1,160,19649000
1725146839534000,4952,371994212,0,0,172,437012093,1,160,20238000
1725146864269000,4953,371994372,0,0,172,437012093,1,160,24735000
1725146880110000,4954,371994532,0,0,172,437012093,1,160,15841000
1725146899230000,4955,371994692,0,0,172,437012093,1,160,19120000
1725146919323000,4956,371994852,0,0,172,437012093,1,160,20093000
1725146939455000,4957,371995012,0,0,172,437012093,1,160,20132000
1725146959573000,4958,371995172,0,0,172,437012093,1,160,20118000
1725146979798000,4959,371995332,0,0,172,437012093,1,160,20225000
1725146999299000,4960,371995492,0,0,172,437012093,1,160,19501000
1725147019415000,4961,371995652,0,0,172,437012093,1,160,20116000
1725147039308000,4962,371995812,0,0,172,437012093,1,160,19893000
1725147059450000,4963,371995972,0,0,172,437012093,1,160,20142000
1725147079074000,4964,371996132,0,0,172,437012093,1,160,19624000
1725147099395000,4965,371996292,0,0,172,437012093,1,160,20321000
1725147120308000,4966,371996452,0,0,172,437012093,1,160,20913000
1725147139336000,4967,371996612,0,0,172,437012093,1,160,19028000
1725147159262000,4968,371996772,0,0,172,437012093,1,160,19926000
1725147179312000,4969,371996932,0,0,172,437012093,1,160,20050000
1725147199580000,4970,371997092,0,0,172,437012093,1,160,20268000
1725147219415000,4971,371997252,0,0,172,437012093,1,160,19835000
1725147239271000,4972,371997412,0,0,172,437012093,1,160,19856000
1725147259736000,4973,371997572,0,0,172,437012093,1,160,20465000
1725147279306000,4974,371997732,0,0,172,437012093,1,160,19570000
1725147299263000,4975,371997892,0,0,172,437012093,1,160,19957000
1725147319593000,4976,371998052,0,0,172,437012093,1,160,20330000
1725147339550000,4977,371998212,0,0,172,437012093,1,160,19957000
1725147359539000,4978,371998372,0,0,172,437012093,1,160,19989000
1725147379859000,4979,371998532,0,0,172,437012093,1,160,20320000
1725147399434000,4980,371998692,0,0,172,437012093,1,160,19575000
1725147419095000,4981,371998852,0,0,172,437012093,1,160,19661000
1725147439557000,4982,371999012,0,0,172,437012093,1,160,20462000
1725147459767000,4983,371999172,0,0,172,437012093,1,160,20210000
1725147479813000,4984,371999332,0,0,172,437012093,1,160,20046000
1725147499226000,4985,371999492,0,0,172,437012093,1,160,19413000
1725147519098000,4986,371999652,0,0,172,437012093,1,160,19872000
1725147539654000,4987,371999812,0,0,172,437012093,1,160,20556000
1725147559867000,4988,371999972,0,0,172,437012093,1,160,20213000
1725147579393000,4989,372000132,0,0,172,437012093,1,160,19526000
1725147599533000,4990,372000292,0,0,172,437012093,1,160,20140000
1725147619323000,4991,372000452,0,0,172,437012093,1,160,19790000
1725147639535000,4992,372000612,0,0,172,437012093,1,160,20212000
1725147659590000,4993,372000772,0,0,172,437012093,1,160,20055000
1725147679404000,4994,372000932,0,0,172,437012093,1,160,19814000
1725147699461000,4995,372001092,0,0,172,437012093,1,160,20057000
1725147719642000,4996,372001252,0,0,172,437012093,1,160,20181000
1725147739432000,4997,372001412,0,0,172,437012093,1,160,19790000
1725147759818000,4998,372001572,0,0,172,437012093,1,160,20386000
1725147779997000,4999,372001732,0,0,172,437012093,1,160,20179000
1725147799484000,5000,372001892,0,0,172,437012093,1,160,19487000
1725147820312000,5001,372002052,0,0,172,437012093,1,160,20828000
1725147839363000,5002,372002212,0,0,172,437012093,1,160,19051000
1725147859463000,5003,372002372,0,0,172,437012093,1,160,20100000
1725147879505000,5004,372002532,0,0,172,437012093,1,160,20042000
1725147899289000,5005,372002692,0,0,172,437012093,1,160,19784000
1725147919591000,5006,372002852,0,0,172,437012093,1,160,20302000
1725147939571000,5007,372003012,0,0,172,437012093,1,160,19980000
1725147959295000,5008,372003172,0,0,172,437012093,1,160,19724000
1725147979442000,5009,372003332,0,0,172,437012093,1,160,20147000
1725147999665000,5010,372003492,0,0,172,437012093,1,160,20223000
1725148019719000,5011,372003652,0,0,172,437012093,1,160,20054000
1725148039211000,5012,372003812,0,0,172,437012093,1,160,19492000
1725148059516000,5013,372003972,0,0,172,437012093,1,160,20305000
1725148079280000,5014,372004132,0,0,172,437012093,1,160,19764000
1725148099267000,5015,372004292,0,0,172,437012093,1,160,19987000
1725148120341000,5016,372004452,0,0,172,437012093,1,160,21074000
1725148139546000,5017,372004612,0,0,172,437012093,1,160,19205000
1725148159145000,5018,372004772,0,0,172,437012093,1,160,19599000
1725148179713000,5019,372004932,0,0,172,437012093,1,160,20568000
1725148199307000,5020,372005092,0,0,172,437012093,1,160,19594000
1725148221564000,5021,372005252,0,0,172,437012093,1,160,22257000
1725148239404000,5022,372005412,0,0,172,437012093,1,160,17840000
1725148259739000,5023,372005572,0,0,172,437012093,1,160,20335000
1725148279195000,5024,372005732,0,0,172,437012093,1,160,19456000
1725148299208000,5025,372005892,0,0,172,437012093,1,160,20013000
1725148319272000,5026,372006052,0,0,172,437012093,1,160,20064000
1725148339207000,5027,372006212,0,0,172,437012093,1,160,19935000
1725148359430000,5028,372006372,0,0,172,437012093,1,160,20223000
1725148379294000,5029,372006532,0,0,172,437012093,1,160,19864000
1725148399406000,5030,372006692,0,0,172,437012093,1,160,20112000
1725148419335000,5031,372006852,0,0,172,437012093,1,160,19929000
1725148439383000,5032,372007012,0,0,172,437012093,1,160,20048000
1725148459333000,5033,372007172,0,0,172,437012093,1,160,19950000
1725148479164000,5034,372007332,0,0,172,437012093,1,160,19831000
1725148499327000,5035,372007492,0,0,172,437012093,1,160,20163000
1725148519352000,5036,372007652,0,0,172,437012093,1,160,20025000
1725148539563000,5037,372007812,0,0,172,437012093,1,160,20211000
1725148559366000,5038,372007972,0,0,172,437012093,1,160,19803000
1725148579395000,5039,372008132,0,0,172,437012093,1,160,20029000
1725148599254000,5040,372008292,0,0,172,437012093,1,160,19859000
1725148619992000,5041,372008452,0,0,172,437012093,1,160,20738000
1725148639419000,5042,372008612,0,0,172,437012093,1,160,19427000
1725148659729000,5043,372008772,0,0,172,437012093,1,160,20310000
1725148679265000,5044,372008932,0,0,172,437012093,1,160,19536000
1725148699218000,5045,372009092,0,0,172,437012093,1,160,19953000
1725148719779000,5046,372009252,0,0,172,437012093,1,160,20561000
1725148739509000,5047,372009412,0,0,172,437012093,1,160,19730000
1725148759559000,5048,372009572,0,0,172,437012093,1,160,20050000
1725148779730000,5049,372009732,0,0,172,437012093,1,160,20171000
1725148799532000,5050,372009892,0,0,172,437012093,1,160,19802000
1725148819376000,5051,372010052,0,0,172,437012093,1,160,19844000
1725148839557000,5052,372010212,0,0,172,437012093,1,160,20181000
1725148859363000,5053,372010372,0,0,172,437012093,1,160,19806000
1725148880278000,5054,372010532,0,0,172,437012093,1,160,20915000
1725148899336000,5055,372010692,0,0,172,437012093,1,160,19058000
1725148919225000,5056,372010852,0,0,172,437012093,1,160,19889000
1725148939312000,5057,372011012,0,0,172,437012093,1,160,20087000
1725148959509000,5058,372011172,0,0,172,437012093,1,160,20197000
1725148979188000,5059,372011332,0,0,172,437012093,1,160,19679000
1725148999224000,5060,372011492,0,0,172,437012093,1,160,20036000
1725149019799000,5061,372011652,0,0,172,437012093,1,160,20575000
1725149039464000,5062,372011812,0,0,172,437012093,1,160,19665000
1725149059103000,5063,372011972,0,0,172,437012093,1,160,19639000
1725149079357000,5064,372012132,0,0,172,437012093,1,160,20254000
1725149099182000,5065,372012292,0,0,172,437012093,1,160,19825000
1725149119334000,5066,372012452,0,0,172,437012093,1,160,20152000
1725149139529000,5067,372012612,0,0,172,437012093,1,160,20195000
1725149159300000,5068,372012772,0,0,172,437012093,1,160,19771000
1725149179242000,5069,372012932,0,0,172,437012093,1,160,19942000
1725149199624000,5070,372013092,0,0,172,437012093,1,160,20382000
1725149219867000,5071,372013252,0,0,172,437012093,1,160,20243000
1725149239313000,5072,372013412,0,0,172,437012093,1,160,19446000
1725149259521000,5073,372013572,0,0,172,437012093,1,160,20208000
1725149279200000,5074,372013732,0,0,172,437012093,1,160,19679000
1725149299357000,5075,372013892,0,0,172,437012093,1,160,20157000
1725149319597000,5076,372014052,0,0,172,437012093,1,160,20240000
1725149339501000,5077,372014212,0,0,172,437012093,1,160,19904000
1725149359404000,5078,372014372,0,0,172,437012093,1,160,19903000
1725149380182000,5079,372014532,0,0,172,437012093,1,160,20778000
1725149399293000,5080,372014692,0,0,172,437012093,1,160,19111000
1725149419399000,5081,372014852,0,0,172,437012093,1,160,20106000
1725149439624000,5082,372015012,0,0,172,437012093,1,160,20225000
1725149459928000,5083,372015172,0,0,172,437012093,1,160,20304000
1725149479475000,5084,372015332,0,0,172,437012093,1,160,19547000
1725149499502000,5085,372015492,0,0,172,437012093,1,160,20027000
1725149519627000,5086,372015652,0,0,172,437012093,1,160,20125000
1725149539424000,5087,372015812,0,0,172,437012093,1,160,19797000
1725149559212000,5088,372015972,0,0,172,437012093,1,160,19788000
1725149579411000,5089,372016132,0,0,172,437012093,1,160,20199000
1725149599448000,5090,372016292,0,0,172,437012093,1,160,20037000
1725149619244000,5091,372016452,0,0,172,437012093,1,160,19796000
1725149641436000,5092,372016612,0,0,172,437012093,1,160,22192000
1725149659449000,5093,372016772,0,0,172,437012093,1,160,18013000
1725149679519000,5094,372016932,0,0,172,437012093,1,160,20070000
1725149699194000,5095,372017092,0,0,172,437012093,1,160,19675000
1725149719427000,5096,372017252,0,0,172,437012093,1,160,20233000
1725149739315000,5097,372017412,0,0,172,437012093,1,160,19888000
1725149759455000,5098,372017572,0,0,172,437012093,1,160,20140000
1725149779217000,5099,372017732,0,0,172,437012093,1,160,19762000
1725149799225000,5100,372017892,0,0,172,437012093,1,160,20008000
1725149819571000,5101,372018052,0,0,172,437012093,1,160,20346000
1725149839556000,5102,372018212,0,0,172,437012093,1,160,19985000
1725149859298000,5103,372018372,0,0,172,437012093,1,160,19742000
1725149880510000,5104,372018532,0,0,172,437012093,1,160,21212000
1725149899386000,5105,372018692,0,0,172,437012093,1,160,18876000
1725149919172000,5106,372018852,0,0,172,437012093,1,160,19786000
1725149939226000,5107,372019012,0,0,172,437012093,1,160,20054000
1725149959269000,5108,372019172,0,0,172,437012093,1,160,20043000
1725149979180000,5109,372019332,0,0,172,437012093,1,160,19911000
1725149999282000,5110,372019492,0,0,172,437012093,1,160,20102000
1725150019083000,5111,372019652,0,0,172,437012093,1,160,19801000
1725150039311000,5112,372019812,0,0,172,437012093,1,160,20228000
1725150059901000,5113,372019972,0,0,172,437012093,1,160,20590000
1725150079089000,5114,372020132,0,0,172,437012093,1,160,19188000
1725150099221000,5115,372020292,0,0,172,437012093,1,160,20132000
1725150119173000,5116,372020452,0,0,172,437012093,1,160,19952000
1725150139343000,5117,372020612,0,0,172,437012093,1,160,20170000
1725150159492000,5118,372020772,0,0,172,437012093,1,160,20149000
1725150179062000,5119,372020932,0,0,172,437012093,1,160,19570000
1725150199077000,5120,372021092,0,0,172,437012093,1,160,20015000
1725150219214000,5121,372021252,0,0,172,437012093,1,160,20137000
1725150239292000,5122,372021412,0,0,172,437012093,1,160,20078000
1725150259009000,5123,372021572,0,0,172,437012093,1,160,19717000
1725150279145000,5124,372021732,0,0,172,437012093,1,160,20136000
1725150299430000,5125,372021892,0,0,172,437012093,1,160,20285000
1725150319713000,5126,372022052,0,0,172,437012093,1,160,20283000
1725150339764000,5127,372022212,0,0,172,437012093,1,160,20051000
1725150359251000,5128,372022372,0,0,172,437012093,1,160,19487000
1725150379345000,5129,372022532,0,0,172,437012093,1,160,20094000
1725150399290000,5130,372022692,0,0,172,437012093,1,160,19945000
1725150419330000,5131,372022852,0,0,172,437012093,1,160,20040000
1725150439392000,5132,372023012,0,0,172,437012093,1,160,20062000
1725150459308000,5133,372023172,0,0,172,437012093,1,160,19916000
1725150479226000,5134,372023332,0,0,172,437012093,1,160,19918000
1725150499575000,5135,372023492,0,0,172,437012093,1,160,20349000
1725150520135000,5136,372023652,0,0,172,437012093,1,160,20560000
1725150539446000,5137,372023812,0,0,172,437012093,1,160,19311000
1725150559292000,5138,372023972,0,0,172,437012093,1,160,19846000
1725150579302000,5139,372024132,0,0,172,437012093,1,160,20010000
1725150599749000,5140,372024292,0,0,172,437012093,1,160,20447000
1725150620600000,5141,372024452,0,0,172,437012093,1,160,20851000
1725150639181000,5142,372024612,0,0,172,437012093,1,160,18581000
1725150659694000,5143,372024772,0,0,172,437012093,1,160,20513000
1725150679450000,5144,372024932,0,0,172,437012093,1,160,19756000
1725150700812000,5145,372025092,0,0,172,437012093,1,160,21362000
1725150719667000,5146,372025252,0,0,172,437012093,1,160,18855000
1725150739477000,5147,372025412,0,0,172,437012093,1,160,19810000
1725150759865000,5148,372025572,0,0,172,437012093,1,160,20388000
1725150779127000,5149,372025732,0,0,172,437012093,1,160,19262000
1725150799779000,5150,372025892,0,0,172,437012093,1,160,20652000
1725150819721000,5151,372026052,0,0,172,437012093,1,160,19942000
1725150839453000,5152,372026212,0,0,172,437012093,1,160,19732000
1725150859432000,5153,372026372,0,0,172,437012093,1,160,19979000
1725150880357000,5154,372026532,0,0,172,437012093,1,160,20925000
1725150899316000,5155,372026692,0,0,172,437012093,1,160,18959000
1725150919550000,5156,372026852,0,0,172,437012093,1,160,20234000
1725150939292000,5157,372027012,0,0,172,437012093,1,160,19742000
1725150959033000,5158,372027172,0,0,172,437012093,1,160,19741000
1725150979115000,5159,372027332,0,0,172,437012093,1,160,20082000
1725150999335000,5160,372027492,0,0,172,437012093,1,160,20220000
1725151019261000,5161,372027652,0,0,172,437012093,1,160,19926000
1725151039263000,5162,372027812,0,0,172,437012093,1,160,20002000
1725151059259000,5163,372027972,0,0,172,437012093,1,160,19996000
1725151079223000,5164,372028132,0,0,172,437012093,1,160,19964000
1725151099112000,5165,372028292,0,0,172,437012093,1,160,19889000
1725151119410000,5166,372028452,0,0,172,437012093,1,160,20298000
1725151139280000,5167,372028612,0,0,172,437012093,1,160,19870000
1725151159480000,5168,372028772,0,0,172,437012093,1,160,20200000
1725151179119000,5169,372028932,0,0,172,437012093,1,160,19639000
1725151199034000,5170,372029092,0,0,172,437012093,1,160,19915000
1725151219283000,5171,372029252,0,0,172,437012093,1,160,20249000
1725151239257000,5172,372029412,0,0,172,437012093,1,160,19974000
1725151259483000,5173,372029572,0,0,172,437012093,1,160,20226000
1725151279174000,5174,372029732,0,0,172,437012093,1,160,19691000
1725151299338000,5175,372029892,0,0,172,437012093,1,160,20164000
1725151319500000,5176,372030052,0,0,172,437012093,1,160,20162000
1725151339337000,5177,372030212,0,0,172,437012093,1,160,19837000
1725151359086000,5178,372030372,0,0,172,437012093,1,160,19749000
1725151379800000,5179,372030532,0,0,172,437012093,1,160,20714000
1725151398874000,5180,372030692,0,0,172,437012093,1,160,19074000
1725151419514000,5181,372030852,0,0,172,437012093,1,160,20640000
1725151439536000,5182,372031012,0,0,172,437012093,1,160,20022000
1725151459348000,5183,372031172,0,0,172,437012093,1,160,19812000
1725151479442000,5184,372031332,0,0,172,437012093,1,160,20094000
1725151499334000,5185,372031492,0,0,172,437012093,1,160,19892000
1725151521056000,5186,372031652,0,0,172,437012093,1,160,21722000
1725151539209000,5187,372031812,0,0,172,437012093,1,160,18153000
1725151559256000,5188,372031972,0,0,172,437012093,1,160,20047000
1725151579039000,5189,372032132,0,0,172,437012093,1,160,19783000
1725151598945000,5190,372032292,0,0,172,437012093,1,160,19906000
1725151619216000,5191,372032452,0,0,172,437012093,1,160,20271000
1725151639145000,5192,372032612,0,0,172,437012093,1,160,19929000
1725151659177000,5193,372032772,0,0,172,437012093,1,160,20032000
1725151679082000,5194,372032932,0,0,172,437012093,1,160,19905000
1725151699406000,5195,372033092,0,0,172,437012093,1,160,20324000
1725151718997000,5196,372033252,0,0,172,437012093,1,160,19591000
1725151739235000,5197,372033412,0,0,172,437012093,1,160,20238000
1725151759409000,5198,372033572,0,0,172,437012093,1,160,20174000
1725151779128000,5199,372033732,0,0,172,437012093,1,160,19719000
1725151799192000,5200,372033892,0,0,172,437012093,1,160,20064000
1725151821018000,5201,372034052,0,0,172,437012093,1,160,21826000
1725151840127000,5202,372034212,0,0,172,437012093,1,160,19109000
1725151859082000,5203,372034372,0,0,172,437012093,1,160,18955000
1725151879592000,5204,372034532,0,0,172,437012093,1,160,20510000
1725151899294000,5205,372034692,0,0,172,437012093,1,160,19702000
1725151919152000,5206,372034852,0,0,172,437012093,1,160,19858000
1725151939102000,5207,372035012,0,0,172,437012093,1,160,19950000
1725151959180000,5208,372035172,0,0,172,437012093,1,160,20078000
1725151979149000,5209,372035332,0,0,172,437012093,1,160,19969000
1725151999263000,5210,372035492,0,0,172,437012093,1,160,20114000
1725152019309000,5211,372035652,0,0,172,437012093,1,160,20046000
1725152039323000,5212,372035812,0,0,172,437012093,1,160,20014000
1725152058999000,5213,372035972,0,0,172,437012093,1,160,19676000
1725152078760000,5214,372036132,0,0,172,437012093,1,160,19761000
1725152099223000,5215,372036292,0,0,172,437012093,1,160,20463000
1725152119086000,5216,372036452,0,0,172,437012093,1,160,19863000
1725152139208000,5217,372036612,0,0,172,437012093,1,160,20122000
1725152160173000,5218,372036772,0,0,172,437012093,1,160,20965000
1725152178753000,5219,372036932,0,0,172,437012093,1,160,18580000
1725152199460000,5220,372037092,0,0,172,437012093,1,160,20707000
1725152219645000,5221,372037252,0,0,172,437012093,1,160,20185000
1725152239333000,5222,372037412,0,0,172,437012093,1,160,19688000
1725152259859000,5223,372037572,0,0,172,437012093,1,160,20526000
1725152279362000,5224,372037732,0,0,172,437012093,1,160,19503000
1725152299137000,5225,372037892,0,0,172,437012093,1,160,19775000
1725152319408000,5226,372038052,0,0,172,437012093,1,160,20271000
1725152339695000,5227,372038212,0,0,172,437012093,1,160,20287000
1725152359218000,5228,372038372,0,0,172,437012093,1,160,19523000
1725152379890000,5229,372038532,0,0,172,437012093,1,160,20672000
1725152399236000,5230,372038692,0,0,172,437012093,1,160,19346000
1725152419154000,5231,372038852,0,0,172,437012093,1,160,19918000
1725152439224000,5232,372039012,0,0,172,437012093,1,160,20070000
1725152459551000,5233,372039172,0,0,172,437012093,1,160,20327000
1725152479037000,5234,372039332,0,0,172,437012093,1,160,19486000
1725152500468000,5235,372039492,0,0,172,437012093,1,160,21431000
1725152519730000,5236,372039652,0,0,172,437012093,1,160,19262000
1725152539249000,5237,372039812,0,0,172,437012093,1,160,19519000
1725152559293000,5238,372039972,0,0,172,437012093,1,160,20044000
1725152579191000,5239,372040132,0,0,172,437012093,1,160,19898000
1725152598901000,5240,372040292,0,0,172,437012093,1,160,19710000
1725152619171000,5241,372040452,0,0,172,437012093,1,160,20270000
1725152638933000,5242,372040612,0,0,172,437012093,1,160,19762000
1725152659456000,5243,372040772,0,0,172,437012093,1,160,20523000
1725152680039000,5244,372040932,0,0,172,437012093,1,160,20583000
1725152699078000,5245,372041092,0,0,172,437012093,1,160,19039000
1725152719312000,5246,372041252,0,0,172,437012093,1,160,20234000
1725152739072000,5247,372041412,0,0,172,437012093,1,160,19760000
1725152759267000,5248,372041572,0,0,172,437012093,1,160,20195000
1725152778994000,5249,372041732,0,0,172,437012093,1,160,19727000
1725152799468000,5250,372041892,0,0,172,437012093,1,160,20474000
1725152819119000,5251,372042052,0,0,172,437012093,1,160,19651000
1725152839741000,5252,372042212,0,0,172,437012093,1,160,20622000
1725152859433000,5253,372042372,0,0,172,437012093,1,160,19692000
1725152879385000,5254,372042532,0,0,172,437012093,1,160,19952000
1725152899186000,5255,372042692,0,0,172,437012093,1,160,19801000
1725152919646000,5256,372042852,0,0,172,437012093,1,160,20460000
1725152939181000,5257,372043012,0,0,172,437012093,1,160,19535000
1725152959032000,5258,372043172,0,0,172,437012093,1,160,19851000
1725152979043000,5259,372043332,0,0,172,437012093,1,160,20011000
1725153000062000,5260,372043492,0,0,172,437012093,1,160,21019000
1725153019250000,5261,372043652,0,0,172,437012093,1,160,19188000
1725153039184000,5262,372043812,0,0,172,437012093,1,160,19934000
1725153059045000,5263,372043972,0,0,172,437012093,1,160,19861000
1725153079124000,5264,372044132,0,0,172,437012093,1,160,20079000
1725153099527000,5265,372044292,0,0,172,437012093,1,160,20403000
1725153119159000,5266,372044452,0,0,172,437012093,1,160,19632000
1725153139286000,5267,372044612,0,0,172,437012093,1,160,20127000
1725153159066000,5268,372044772,0,0,172,437012093,1,160,19780000
1725153179503000,5269,372044932,0,0,172,437012093,1,160,20437000
1725153199102000,5270,372045092,0,0,172,437012093,1,160,19599000
1725153219449000,5271,372045252,0,0,172,437012093,1,160,20347000
1725153239365000,5272,372045412,0,0,172,437012093,1,160,19916000
1725153259472000,5273,372045572,0,0,172,437012093,1,160,20107000
1725153279065000,5274,372045732,0,0,172,437012093,1,160,19593000
1725153299195000,5275,372045892,0,0,172,437012093,1,160,20130000
1725153319402000,5276,372046052,0,0,172,437012093,1,160,20207000
1725153339366000,5277,372046212,0,0,172,437012093,1,160,19964000
1725153359360000,5278,372046372,0,0,172,437012093,1,160,19994000
1725153380108000,5279,372046532,0,0,172,437012093,1,160,20748000
1725153399437000,5280,372046692,0,0,172,437012093,1,160,19329000
1725153419540000,5281,372046852,0,0,172,437012093,1,160,20103000
1725153439157000,5282,372047012,0,0,172,437012093,1,160,19617000
1725153459187000,5283,372047172,0,0,172,437012093,1,160,20030000
1725153479332000,5284,372047332,0,0,172,437012093,1,160,20145000
1725153499465000,5285,372047492,0,0,172,437012093,1,160,20133000
1725153519575000,5286,372047652,0,0,172,437012093,1,160,20110000
1725153539282000,5287,372047812,0,0,172,437012093,1,160,19707000
1725153559281000,5288,372047972,0,0,172,437012093,1,160,19999000
1725153579112000,5289,372048132,0,0,172,437012093,1,160,19831000
1725153599341000,5290,372048292,0,0,172,437012093,1,160,20229000
1725153619280000,5291,372048452,0,0,172,437012093,1,160,19939000
1725153639258000,5292,372048612,0,0,172,437012093,1,160,19978000
1725153659181000,5293,372048772,0,0,172,437012093,1,160,19923000
1725153678956000,5294,372048932,0,0,172,437012093,1,160,19775000
1725153699332000,5295,372049092,0,0,172,437012093,1,160,20376000
1725153719586000,5296,372049252,0,0,172,437012093,1,160,20254000
1725153739006000,5297,372049412,0,0,172,437012093,1,160,19420000
1725153759261000,5298,372049572,0,0,172,437012093,1,160,20255000
1725153778939000,5299,372049732,0,0,172,437012093,1,160,19678000
1725153798975000,5300,372049892,0,0,172,437012093,1,160,20036000
1725153819349000,5301,372050052,0,0,172,437012093,1,160,20374000
1725153839309000,5302,372050212,0,0,172,437012093,1,160,19960000
1725153859151000,5303,372050372,0,0,172,437012093,1,160,19842000
1725153879633000,5304,372050532,0,0,172,437012093,1,160,20482000
1725153899140000,5305,372050692,0,0,172,437012093,1,160,19507000
1725153919551000,5306,372050852,0,0,172,437012093,1,160,20411000
1725153940482000,5307,372051012,0,0,172,437012093,1,160,20931000
1725153959126000,5308,372051172,0,0,172,437012093,1,160,18644000
1725153978977000,5309,372051332,0,0,172,437012093,1,160,19851000
1725153999051000,5310,372051492,0,0,172,437012093,1,160,20074000
1725154019419000,5311,372051652,0,0,172,437012093,1,160,20368000
1725154039088000,5312,372051812,0,0,172,437012093,1,160,19669000
1725154059591000,5313,372051972,0,0,172,437012093,1,160,20503000
1725154079057000,5314,372052132,0,0,172,437012093,1,160,19466000
1725154099152000,5315,372052292,0,0,172,437012093,1,160,20095000
1725154119460000,5316,372052452,0,0,172,437012093,1,160,20308000
1725154139296000,5317,372052612,0,0,172,437012093,1,160,19836000
1725154159209000,5318,372052772,0,0,172,437012093,1,160,19913000
1725154179185000,5319,372052932,0,0,172,437012093,1,160,19976000
1725154199034000,5320,372053092,0,0,172,437012093,1,160,19849000
1725154218986000,5321,372053252,0,0,172,437012093,1,160,19952000
1725154239144000,5322,372053412,0,0,172,437012093,1,160,20158000
1725154259097000,5323,372053572,0,0,172,437012093,1,160,19953000
1725154279573000,5324,372053732,0,0,172,437012093,1,160,20476000
1725154299045000,5325,372053892,0,0,172,437012093,1,160,19472000
1725154319714000,5326,372054052,0,0,172,437012093,1,160,20669000
1725154339209000,5327,372054212,0,0,172,437012093,1,160,19495000
1725154359333000,5328,372054372,0,0,172,437012093,1,160,20124000
1725154379381000,5329,372054532,0,0,172,437012093,1,160,20048000
1725154398986000,5330,372054692,0,0,172,437012093,1,160,19605000
1725154419767000,5331,372054852,0,0,172,437012093,1,160,20781000
1725154439099000,5332,372055012,0,0,172,437012093,1,160,19332000
1725154459025000,5333,372055172,0,0,172,437012093,1,160,19926000
1725154479333000,5334,372055332,0,0,172,437012093,1,160,20308000
1725154499302000,5335,372055492,0,0,172,437012093,1,160,19969000
1725154521441000,5336,372055652,0,0,172,437012093,1,160,22139000
1725154539261000,5337,372055812,0,0,172,437012093,1,160,17820000
1725154558947000,5338,372055972,0,0,172,437012093,1,160,19686000
1725154579059000,5339,372056132,0,0,172,437012093,1,160,20112000
1725154598809000,5340,372056292,0,0,172,437012093,1,160,19750000
1725154619708000,5341,372056452,0,0,172,437012093,1,160,20899000
1725154639226000,5342,372056612,0,0,172,437012093,1,160,19518000
1725154659372000,5343,372056772,0,0,172,437012093,1,160,20146000
1725154679634000,5344,372056932,0,0,172,437012093,1,160,20262000
1725154699038000,5345,372057092,0,0,172,437012093,1,160,19404000
1725154719140000,5346,372057252,0,0,172,437012093,1,160,20102000
1725154738708000,5347,372057412,0,0,172,437012093,1,160,19568000
1725154761001000,5348,372057572,0,0,172,437012093,1,160,22293000
1725154779208000,5349,372057732,0,0,172,437012093,1,160,18207000
1725154798837000,5350,372057892,0,0,172,437012093,1,160,19629000
1725154819028000,5351,372058052,0,0,172,437012093,1,160,20191000
1725154839284000,5352,372058212,0,0,172,437012093,1,160,20256000
1725154859565000,5353,372058372,0,0,172,437012093,1,160,20281000
1725154880164000,5354,372058532,0,0,172,437012093,1,160,20599000
1725154899130000,5355,372058692,0,0,172,437012093,1,160,18966000
1725154920436000,5356,372058852,0,0,172,437012093,1,160,21306000
1725154938831000,5357,372059012,0,0,172,437012093,1,160,18395000
1725154959098000,5358,372059172,0,0,172,437012093,1,160,20267000
1725154979052000,5359,372059332,0,0,172,437012093,1,160,19954000
1725154998986000,5360,372059492,0,0,172,437012093,1,160,19934000
1725155019029000,5361,372059652,0,0,172,437012093,1,160,20043000
1725155038983000,5362,372059812,0,0,172,437012093,1,160,19954000
1725155058847000,5363,372059972,0,0,172,437012093,1,160,19864000
1725155079028000,5364,372060132,0,0,172,437012093,1,160,20181000
1725155098888000,5365,372060292,0,0,172,437012093,1,160,19860000
1725155119210000,5366,372060452,0,0,172,437012093,1,160,20322000
1725155138848000,5367,372060612,0,0,172,437012093,1,160,19638000
1725155159145000,5368,372060772,0,0,172,437012093,1,160,20297000
1725155179197000,5369,372060932,0,0,172,437012093,1,160,20052000
1725155199684000,5370,372061092,0,0,172,437012093,1,160,20487000
1725155220380000,5371,372061252,0,0,172,437012093,1,160,20696000
1725155240306000,5372,372061412,0,0,172,437012093,1,160,19926000
1725155258893000,5373,372061572,0,0,172,437012093,1,160,18587000
1725155278941000,5374,372061732,0,0,172,437012093,1,160,20048000
1725155298747000,5375,372061892,0,0,172,437012093,1,160,19806000
1725155319151000,5376,372062052,0,0,172,437012093,1,160,20404000
1725155339018000,5377,372062212,0,0,172,437012093,1,160,19867000
1725155358815000,5378,372062372,0,0,172,437012093,1,160,19797000
1725155379044000,5379,372062532,0,0,172,437012093,1,160,20229000
1725155398909000,5380,372062692,0,0,172,437012093,1,160,19865000
1725155419065000,5381,372062852,0,0,172,437012093,1,160,20156000
1725155439095000,5382,372063012,0,0,172,437012093,1,160,20030000
1725155458923000,5383,372063172,0,0,172,437012093,1,160,19828000
1725155479419000,5384,372063332,0,0,172,437012093,1,160,20496000
1725155498970000,5385,372063492,0,0,172,437012093,1,160,19551000
1725155519332000,5386,372063652,0,0,172,437012093,1,160,20362000
1725155539052000,5387,372063812,0,0,172,437012093,1,160,19720000
1725155559242000,5388,372063972,0,0,172,437012093,1,160,20190000
1725155579088000,5389,372064132,0,0,172,437012093,1,160,19846000
1725155599089000,5390,372064292,0,0,172,437012093,1,160,20001000
1725155619435000,5391,372064452,0,0,172,437012093,1,160,20346000
1725155639235000,5392,372064612,0,0,172,437012093,1,160,19800000
1725155659001000,5393,372064772,0,0,172,437012093,1,160,19766000
1725155679022000,5394,372064932,0,0,172,437012093,1,160,20021000
1725155699241000,5395,372065092,0,0,172,437012093,1,160,20219000
1725155719014000,5396,372065252,0,0,172,437012093,1,160,19773000
1725155739256000,5397,372065412,0,0,172,437012093,1,160,20242000
1725155758924000,5398,372065572,0,0,172,437012093,1,160,19668000
1725155778975000,5399,372065732,0,0,172,437012093,1,160,20051000
1725155798946000,5400,372065892,0,0,172,437012093,1,160,19971000
1725155819172000,5401,372066052,0,0,172,437012093,1,160,20226000
1725155839054000,5402,372066212,0,0,172,437012093,1,160,19882000
1725155858976000,5403,372066372,0,0,172,437012093,1,160,19922000
1725155879501000,5404,372066532,0,0,172,437012093,1,160,20525000
1725155898968000,5405,372066692,0,0,172,437012093,1,160,19467000
1725155919211000,5406,372066852,0,0,172,437012093,1,160,20243000
1725155940042000,5407,372067012,0,0,172,437012093,1,160,20831000
1725155959144000,5408,372067172,0,0,172,437012093,1,160,19102000
1725155978920000,5409,372067332,0,0,172,437012093,1,160,19776000
1725155999078000,5410,372067492,0,0,172,437012093,1,160,20158000
1725156019513000,5411,372067652,0,0,172,437012093,1,160,20435000
1725156039113000,5412,372067812,0,0,172,437012093,1,160,19600000
1725156061330000,5413,372067972,0,0,172,437012093,1,160,22217000
1725156078923000,5414,372068132,0,0,172,437012093,1,160,17593000
1725156099020000,5415,372068292,0,0,172,437012093,1,160,20097000
1725156119371000,5416,372068452,0,0,172,437012093,1,160,20351000
1725156139033000,5417,372068612,0,0,172,437012093,1,160,19662000
1725156158984000,5418,372068772,0,0,172,437012093,1,160,19951000
1725156178885000,5419,372068932,0,0,172,437012093,1,160,19901000
1725156199195000,5420,372069092,0,0,172,437012093,1,160,20310000
1725156219884000,5421,372069252,0,0,172,437012093,1,160,20689000
1725156239100000,5422,372069412,0,0,172,437012093,1,160,19216000
1725156259036000,5423,372069572,0,0,172,437012093,1,160,19936000
1725156278937000,5424,372069732,0,0,172,437012093,1,160,19901000
1725156298996000,5425,372069892,0,0,172,437012093,1,160,20059000
1725156319311000,5426,372070052,0,0,172,437012093,1,160,20315000
1725156339049000,5427,372070212,0,0,172,437012093,1,160,19738000
1725156359131000,5428,372070372,0,0,172,437012093,1,160,20082000
1725156379550000,5429,372070532,0,0,172,437012093,1,160,20419000
1725156398916000,5430,372070692,0,0,172,437012093,1,160,19366000
1725156420466000,5431,372070852,0,0,172,437012093,1,160,21550000
1725156439008000,5432,372071012,0,0,172,437012093,1,160,18542000
1725156459164000,5433,372071172,0,0,172,437012093,1,160,20156000
1725156478881000,5434,372071332,0,0,172,437012093,1,160,19717000
1725156499026000,5435,372071492,0,0,172,437012093,1,160,20145000
1725156519359000,5436,372071652,0,0,172,437012093,1,160,20333000
1725156539064000,5437,372071812,0,0,172,437012093,1,160,19705000
1725156558922000,5438,372071972,0,0,172,437012093,1,160,19858000
1725156579211000,5439,372072132,0,0,172,437012093,1,160,20289000
1725156599239000,5440,372072292,0,0,172,437012093,1,160,20028000
1725156620992000,5441,372072452,0,0,172,437012093,1,160,21753000
1725156639103000,5442,372072612,0,0,172,437012093,1,160,18111000
1725156658937000,5443,372072772,0,0,172,437012093,1,160,19834000
1725156678931000,5444,372072932,0,0,172,437012093,1,160,19994000
1725156699122000,5445,372073092,0,0,172,437012093,1,160,20191000
1725156719156000,5446,372073252,0,0,172,437012093,1,160,20034000
1725156738939000,5447,372073412,0,0,172,437012093,1,160,19783000
1725156758977000,5448,372073572,0,0,172,437012093,1,160,20038000
1725156780088000,5449,372073732,0,0,172,437012093,1,160,21111000
1725156798629000,5450,372073892,0,0,172,437012093,1,160,18541000
1725156820456000,5451,372074052,0,0,172,437012093,1,160,21827000
1725156839141000,5452,372074212,0,0,172,437012093,1,160,18685000
1725156858994000,5453,372074372,0,0,172,437012093,1,160,19853000
1725156880474000,5454,372074532,0,0,172,437012093,1,160,21480000
1725156899003000,5455,372074692,0,0,172,437012093,1,160,18529000
1725156918786000,5456,372074852,0,0,172,437012093,1,160,19783000
1725156939131000,5457,372075012,0,0,172,437012093,1,160,20345000
1725156958800000,5458,372075172,0,0,172,437012093,1,160,19669000
1725156978770000,5459,372075332,0,0,172,437012093,1,160,19970000
1725156999660000,5460,372075492,0,0,172,437012093,1,160,20890000
1725157020863000,5461,372075652,0,0,172,437012093,1,160,21203000
1725157038663000,5462,372075812,0,0,172,437012093,1,160,17800000
1725157059011000,5463,372075972,0,0,172,437012093,1,160,20348000
1725157078713000,5464,372076132,0,0,172,437012093,1,160,19702000
1725157099036000,5465,372076292,0,0,172,437012093,1,160,20323000
1725157118810000,5466,372076452,0,0,172,437012093,1,160,19774000
1725157138909000,5467,372076612,0,0,172,437012093,1,160,20099000
1725157160016000,5468,372076772,0,0,172,437012093,1,160,21107000
1725157178561000,5469,372076932,0,0,172,437012093,1,160,18545000
1725157198770000,5470,372077092,0,0,172,437012093,1,160,20209000
1725157220368000,5471,372077252,0,0,172,437012093,1,160,21598000
1725157238991000,5472,372077412,0,0,172,437012093,1,160,18623000
1725157260254000,5473,372077572,0,0,172,437012093,1,160,21263000
1725157278848000,5474,372077732,0,0,172,437012093,1,160,18594000
1725157299064000,5475,372077892,0,0,172,437012093,1,160,20216000
1725157318899000,5476,372078052,0,0,172,437012093,1,160,19835000
1725157338939000,5477,372078212,0,0,172,437012093,1,160,20040000
1725157359179000,5478,372078372,0,0,172,437012093,1,160,20240000
1725157379326000,5479,372078532,0,0,172,437012093,1,160,20147000
1725157398921000,5480,372078692,0,0,172,437012093,1,160,19595000
1725157419050000,5481,372078852,0,0,172,437012093,1,160,20129000
1725157438868000,5482,372079012,0,0,172,437012093,1,160,19818000
1725157459146000,5483,372079172,0,0,172,437012093,1,160,20278000
1725157478633000,5484,372079332,0,0,172,437012093,1,160,19487000
1725157499059000,5485,372079492,0,0,172,437012093,1,160,20426000
1725157519094000,5486,372079652,0,0,172,437012093,1,160,20035000
1725157539050000,5487,372079812,0,0,172,437012093,1,160,19956000
1725157559148000,5488,372079972,0,0,172,437012093,1,160,20098000
1725157578783000,5489,372080132,0,0,172,437012093,1,160,19635000
1725157599332000,5490,372080292,0,0,172,437012093,1,160,20549000
1725157618933000,5491,372080452,0,0,172,437012093,1,160,19601000
1725157639032000,5492,372080612,0,0,172,437012093,1,160,20099000
1725157658803000,5493,372080772,0,0,172,437012093,1,160,19771000
1725157678531000,5494,372080932,0,0,172,437012093,1,160,19728000
1725157698957000,5495,372081092,0,0,172,437012093,1,160,20426000
1725157719390000,5496,372081252,0,0,172,437012093,1,160,20433000
1725157739110000,5497,372081412,0,0,172,437012093,1,160,19720000
1725157759039000,5498,372081572,0,0,172,437012093,1,160,19929000
1725157778902000,5499,372081732,0,0,172,437012093,1,160,19863000
1725157798822000,5500,372081892,0,0,172,437012093,1,160,19920000
1725157818698000,5501,372082052,0,0,172,437012093,1,160,19876000
1725157839108000,5502,372082212,0,0,172,437012093,1,160,20410000
1725157858747000,5503,372082372,0,0,172,437012093,1,160,19639000
1725157878714000,5504,372082532,0,0,172,437012093,1,160,19967000
1725157899277000,5505,372082692,0,0,172,437012093,1,160,20563000
1725157920065000,5506,372082852,0,0,172,437012093,1,160,20788000
1725157938795000,5507,372083012,0,0,172,437012093,1,160,18730000
1725157958882000,5508,372083172,0,0,172,437012093,1,160,20087000
1725157978583000,5509,372083332,0,0,172,437012093,1,160,19701000
1725157999010000,5510,372083492,0,0,172,437012093,1,160,20427000
1725158019286000,5511,372083652,0,0,172,437012093,1,160,20276000
1725158038864000,5512,372083812,0,0,172,437012093,1,160,19578000
1725158058776000,5513,372083972,0,0,172,437012093,1,160,19912000
1725158078910000,5514,372084132,0,0,172,437012093,1,160,20134000
1725158099342000,5515,372084292,0,0,172,437012093,1,160,20432000
1725158121083000,5516,372084452,0,0,172,437012093,1,160,21741000
1725158139057000,5517,372084612,0,0,172,437012093,1,160,17974000
1725158159408000,5518,372084772,0,0,172,437012093,1,160,20351000
1725158178813000,5519,372084932,0,0,172,437012093,1,160,19405000
1725158198849000,5520,372085092,0,0,172,437012093,1,160,20036000
1725158218838000,5521,372085252,0,0,172,437012093,1,160,19989000
1725158238799000,5522,372085412,0,0,172,437012093,1,160,19961000
1725158258865000,5523,372085572,0,0,172,437012093,1,160,20066000
1725158278928000,5524,372085732,0,0,172,437012093,1,160,20063000
1725158298900000,5525,372085892,0,0,172,437012093,1,160,19972000
1725158319231000,5526,372086052,0,0,172,437012093,1,160,20331000
1725158338956000,5527,372086212,0,0,172,437012093,1,160,19725000
1725158358670000,5528,372086372,0,0,172,437012093,1,160,19714000
1725158379523000,5529,372086532,0,0,172,437012093,1,160,20853000
1725158398759000,5530,372086692,0,0,172,437012093,1,160,19236000
1725158419057000,5531,372086852,0,0,172,437012093,1,160,20298000
1725158438919000,5532,372087012,0,0,172,437012093,1,160,19862000
1725158459213000,5533,372087172,0,0,172,437012093,1,160,20294000
1725158478754000,5534,372087332,0,0,172,437012093,1,160,19541000
1725158499192000,5535,372087492,0,0,172,437012093,1,160,20438000
1725158519066000,5536,372087652,0,0,172,437012093,1,160,19874000
1725158539069000,5537,372087812,0,0,172,437012093,1,160,20003000
1725158558855000,5538,372087972,0,0,172,437012093,1,160,19786000
1725158579058000,5539,372088132,0,0,172,437012093,1,160,20203000
1725158599615000,5540,372088292,0,0,172,437012093,1,160,20557000
1725158619553000,5541,372088452,0,0,172,437012093,1,160,19938000
1725158639055000,5542,372088612,0,0,172,437012093,1,160,19502000
1725158658923000,5543,372088772,0,0,172,437012093,1,160,19868000
1725158679071000,5544,372088932,0,0,172,437012093,1,160,20148000
1725158698605000,5545,372089092,0,0,172,437012093,1,160,19534000
1725158719199000,5546,372089252,0,0,172,437012093,1,160,20594000
1725158738804000,5547,372089412,0,0,172,437012093,1,160,19605000
1725158759123000,5548,372089572,0,0,172,437012093,1,160,20319000
1725158778545000,5549,372089732,0,0,172,437012093,1,160,19422000
1725158798934000,5550,372089892,0,0,172,437012093,1,160,20389000
1725158818923000,5551,372090052,0,0,172,437012093,1,160,19989000
1725158838616000,5552,372090212,0,0,172,437012093,1,160,19693000
1725158859487000,5553,372090372,0,0,172,437012093,1,160,20871000
1725158879199000,5554,372090532,0,0,172,437012093,1,160,19712000
1725158898714000,5555,372090692,0,0,172,437012093,1,160,19515000
1725158918490000,5556,372090852,0,0,172,437012093,1,160,19776000
1725158938731000,5557,372091012,0,0,172,437012093,1,160,20241000
1725158958785000,5558,372091172,0,0,172,437012093,1,160,20054000
1725158978709000,5559,372091332,0,0,172,437012093,1,160,19924000
1725158998756000,5560,372091492,0,0,172,437012093,1,160,20047000
1725159018952000,5561,372091652,0,0,172,437012093,1,160,20196000
1725159038971000,5562,372091812,0,0,172,437012093,1,160,20019000
1725159058887000,5563,372091972,0,0,172,437012093,1,160,19916000
1725159078997000,5564,372092132,0,0,172,437012093,1,160,20110000
1725159098858000,5565,372092292,0,0,172,437012093,1,160,19861000
1725159118625000,5566,372092452,0,0,172,437012093,1,160,19767000
1725159138784000,5567,372092612,0,0,172,437012093,1,160,20159000
1725159158811000,5568,372092772,0,0,172,437012093,1,160,20027000
1725159178809000,5569,372092932,0,0,172,437012093,1,160,19998000
1725159199681000,5570,372093092,0,0,172,437012093,1,160,20872000
1725159219426000,5571,372093252,0,0,172,437012093,1,160,19745000
1725159239067000,5572,372093412,0,0,172,437012093,1,160,19641000
1725159259039000,5573,372093572,0,0,172,437012093,1,160,19972000
1725159278954000,5574,372093732,0,0,172,437012093,1,160,19915000
1725159299974000,5575,372093892,0,0,172,437012093,1,160,21020000
1725159319425000,5576,372094052,0,0,172,437012093,1,160,19451000
1725159339173000,5577,372094212,0,0,172,437012093,1,160,19748000
1725159358985000,5578,372094372,0,0,172,437012093,1,160,19812000
1725159379645000,5579,372094532,0,0,172,437012093,1,160,20660000
1725159398922000,5580,372094692,0,0,172,437012093,1,160,19277000
1725159419175000,5581,372094852,0,0,172,437012093,1,160,20253000
1725159438818000,5582,372095012,0,0,172,437012093,1,160,19643000
1725159458941000,5583,372095172,0,0,172,437012093,1,160,20123000
1725159478945000,5584,372095332,0,0,172,437012093,1,160,20004000
1725159498989000,5585,372095492,0,0,172,437012093,1,160,20044000
1725159520927000,5586,372095652,0,0,172,437012093,1,160,21938000
1725159538951000,5587,372095812,0,0,172,437012093,1,160,18024000
1725159558932000,5588,372095972,0,0,172,437012093,1,160,19981000
1725159578898000,5589,372096132,0,0,172,437012093,1,160,19966000
1725159598949000,5590,372096292,0,0,172,437012093,1,160,20051000
1725159619844000,5591,372096452,0,0,172,437012093,1,160,20895000
1725159639771000,5592,372096612,0,0,172,437012093,1,160,19927000
1725159659057000,5593,372096772,0,0,172,437012093,1,160,19286000
1725159678895000,5594,372096932,0,0,172,437012093,1,160,19838000
1725159699274000,5595,372097092,0,0,172,437012093,1,160,20379000
1725159718970000,5596,372097252,0,0,172,437012093,1,160,19696000
1725159739039000,5597,372097412,0,0,172,437012093,1,160,20069000
1725159758770000,5598,372097572,0,0,172,437012093,1,160,19731000
1725159779118000,5599,372097732,0,0,172,437012093,1,160,20348000
1725159798837000,5600,372097892,0,0,172,437012093,1,160,19719000
1725159818782000,5601,372098052,0,0,172,437012093,1,160,19945000
1725159838848000,5602,372098212,0,0,172,437012093,1,160,20066000
1725159858961000,5603,372098372,0,0,172,437012093,1,160,20113000
1725159881026000,5604,372098532,0,0,172,437012093,1,160,22065000
1725159899054000,5605,372098692,0,0,172,437012093,1,160,18028000
1725159919322000,5606,372098852,0,0,172,437012093,1,160,20268000
1725159939086000,5607,372099012,0,0,172,437012093,1,160,19764000
1725159958758000,5608,372099172,0,0,172,437012093,1,160,19672000
1725159978873000,5609,372099332,0,0,172,437012093,1,160,20115000
1725159999057000,5610,372099492,0,0,172,437012093,1,160,20184000
1725160019014000,5611,372099652,0,0,172,437012093,1,160,19957000
1725160038840000,5612,372099812,0,0,172,437012093,1,160,19826000
1725160059336000,5613,372099972,0,0,172,437012093,1,160,20496000
1725160078770000,5614,372100132,0,0,172,437012093,1,160,19434000
1725160098978000,5615,372100292,0,0,172,437012093,1,160,20208000
1725160118813000,5616,372100452,0,0,172,437012093,1,160,19835000
1725160138980000,5617,372100612,0,0,172,437012093,1,160,20167000
1725160158861000,5618,372100772,0,0,172,437012093,1,160,19881000
1725160178805000,5619,372100932,0,0,172,437012093,1,160,19944000
1725160198622000,5620,372101092,0,0,172,437012093,1,160,19817000
1725160218737000,5621,372101252,0,0,172,437012093,1,160,20115000
1725160238896000,5622,372101412,0,0,172,437012093,1,160,20159000
1725160258823000,5623,372101572,0,0,172,437012093,1,160,19927000
1725160278771000,5624,372101732,0,0,172,437012093,1,160,19948000
1725160298800000,5625,372101892,0,0,172,437012093,1,160,20029000
1725160318697000,5626,372102052,0,0,172,437012093,1,160,19897000
1725160339405000,5627,372102212,0,0,172,437012093,1,160,20708000
1725160358854000,5628,372102372,0,0,172,437012093,1,160,19449000
1725160379676000,5629,372102532,0,0,172,437012093,1,160,20822000
1725160398696000,5630,372102692,0,0,172,437012093,1,160,19020000
1725160418702000,5631,372102852,0,0,172,437012093,1,160,20006000
1725160439045000,5632,372103012,0,0,172,437012093,1,160,20343000
1725160458845000,5633,372103172,0,0,172,437012093,1,160,19800000
1725160479014000,5634,372103332,0,0,172,437012093,1,160,20169000
1725160498821000,5635,372103492,0,0,172,437012093,1,160,19807000
1725160519035000,5636,372103652,0,0,172,437012093,1,160,20214000
1725160539023000,5637,372103812,0,0,172,437012093,1,160,19988000
1725160558705000,5638,372103972,0,0,172,437012093,1,160,19682000
1725160579251000,5639,372104132,0,0,172,437012093,1,160,20546000
1725160599148000,5640,372104292,0,0,172,437012093,1,160,19897000
1725160618927000,5641,372104452,0,0,172,437012093,1,160,19779000
1725160638903000,5642,372104612,0,0,172,437012093,1,160,19976000
1725160658912000,5643,372104772,0,0,172,437012093,1,160,20009000
1725160679048000,5644,372104932,0,0,172,437012093,1,160,20136000
1725160698716000,5645,372105092,0,0,172,437012093,1,160,19668000
1725160718992000,5646,372105252,0,0,172,437012093,1,160,20276000
1725160738801000,5647,372105412,0,0,172,437012093,1,160,19809000
1725160759153000,5648,372105572,0,0,172,437012093,1,160,20352000
1725160779006000,5649,372105732,0,0,172,437012093,1,160,19853000
1725160798908000,5650,372105892,0,0,172,437012093,1,160,19902000
1725160819434000,5651,372106052,0,0,172,437012093,1,160,20526000
1725160838858000,5652,372106212,0,0,172,437012093,1,160,19424000
1725160858835000,5653,372106372,0,0,172,437012093,1,160,19977000
1725160878745000,5654,372106532,0,0,172,437012093,1,160,19910000
1725160899023000,5655,372106692,0,0,172,437012093,1,160,20278000
1725160919058000,5656,372106852,0,0,172,437012093,1,160,20035000
1725160938868000,5657,372107012,0,0,172,437012093,1,160,19810000
1725160958805000,5658,372107172,0,0,172,437012093,1,160,19937000
1725160979145000,5659,372107332,0,0,172,437012093,1,160,20340000
1725160998906000,5660,372107492,0,0,172,437012093,1,160,19761000
1725161019459000,5661,372107652,0,0,172,437012093,1,160,20553000
1725161038830000,5662,372107812,0,0,172,437012093,1,160,19371000
1725161058797000,5663,372107972,0,0,172,437012093,1,160,19967000
1725161078822000,5664,372108132,0,0,172,437012093,1,160,20025000
1725161098844000,5665,372108292,0,0,172,437012093,1,160,20022000
1725161118583000,5666,372108452,0,0,172,437012093,1,160,19739000
1725161139013000,5667,372108612,0,0,172,437012093,1,160,20430000
1725161158837000,5668,372108772,0,0,172,437012093,1,160,19824000
1725161178986000,5669,372108932,0,0,172,437012093,1,160,20149000
1725161198973000,5670,372109092,0,0,172,437012093,1,160,19987000
1725161218891000,5671,372109252,0,0,172,437012093,1,160,19918000
1725161239004000,5672,372109412,0,0,172,437012093,1,160,20113000
1725161258918000,5673,372109572,0,0,172,437012093,1,160,19914000
1725161278675000,5674,372109732,0,0,172,437012093,1,160,19757000
1725161298845000,5675,372109892,0,0,172,437012093,1,160,20170000
1725161319369000,5676,372110052,0,0,172,437012093,1,160,20524000
1725161338937000,5677,372110212,0,0,172,437012093,1,160,19568000
1725161358891000,5678,372110372,0,0,172,437012093,1,160,19954000
1725161379021000,5679,372110532,0,0,172,437012093,1,160,20130000
1725161398997000,5680,372110692,0,0,172,437012093,1,160,19976000
1725161420196000,5681,372110852,0,0,172,437012093,1,160,21199000
1725161438726000,5682,372111012,0,0,172,437012093,1,160,18530000
1725161459181000,5683,372111172,0,0,172,437012093,1,160,20455000
1725161479095000,5684,372111332,0,0,172,437012093,1,160,19914000
1725161499098000,5685,372111492,0,0,172,437012093,1,160,20003000
1725161519639000,5686,372111652,0,0,172,437012093,1,160,20541000
1725161538878000,5687,372111812,0,0,172,437012093,1,160,19239000
1725161558877000,5688,372111972,0,0,172,437012093,1,160,19999000
1725161578733000,5689,372112132,0,0,172,437012093,1,160,19856000
1725161598722000,5690,372112292,0,0,172,437012093,1,160,19989000
1725161618794000,5691,372112452,0,0,172,437012093,1,160,20072000
1725161639233000,5692,372112612,0,0,172,437012093,1,160,20439000
1725161658713000,5693,372112772,0,0,172,437012093,1,160,19480000
1725161678823000,5694,372112932,0,0,172,437012093,1,160,20110000
1725161698877000,5695,372113092,0,0,172,437012093,1,160,20054000
1725161720389000,5696,372113252,0,0,172,437012093,1,160,21512000
1725161738955000,5697,372113412,0,0,172,437012093,1,160,18566000
1725161758779000,5698,372113572,0,0,172,437012093,1,160,19824000
1725161778971000,5699,372113732,0,0,172,437012093,1,160,20192000
1725161798954000,5700,372113892,0,0,172,437012093,1,160,19983000
1725161820114000,5701,372114052,0,0,172,437012093,1,160,21160000
1725161838759000,5702,372114212,0,0,172,437012093,1,160,18645000
1725161859071000,5703,372114372,0,0,172,437012093,1,160,20312000
1725161880237000,5704,372114532,0,0,172,437012093,1,160,21166000
1725161899104000,5705,372114692,0,0,172,437012093,1,160,18867000
1725161918927000,5706,372114852,0,0,172,437012093,1,160,19823000
1725161938883000,5707,372115012,0,0,172,437012093,1,160,19956000
1725161958792000,5708,372115172,0,0,172,437012093,1,160,19909000
1725161978793000,5709,372115332,0,0,172,437012093,1,160,20001000
1725162001587000,5710,372115492,0,0,172,437012093,1,160,22794000
1725162020440000,5711,372115652,0,0,172,437012093,1,160,18853000
1725162038870000,5712,372115812,0,0,172,437012093,1,160,18430000
1725162058804000,5713,372115972,0,0,172,437012093,1,160,19934000
1725162078599000,5714,372116132,0,0,172,437012093,1,160,19795000
1725162099047000,5715,372116292,0,0,172,437012093,1,160,20448000
1725162119584000,5716,372116452,0,0,172,437012093,1,160,20537000
1725162138745000,5717,372116612,0,0,172,437012093,1,160,19161000
1725162158843000,5718,372116772,0,0,172,437012093,1,160,20098000
1725162178955000,5719,372116932,0,0,172,437012093,1,160,20112000
1725162198705000,5720,372117092,0,0,172,437012093,1,160,19750000
1725162219194000,5721,372117252,0,0,172,437012093,1,160,20489000
1725162238700000,5722,372117412,0,0,172,437012093,1,160,19506000
1725162259321000,5723,372117572,0,0,172,437012093,1,160,20621000
1725162278915000,5724,372117732,0,0,172,437012093,1,160,19594000
1725162298745000,5725,372117892,0,0,172,437012093,1,160,19830000
1725162318830000,5726,372118052,0,0,172,437012093,1,160,20085000
1725162339466000,5727,372118212,0,0,172,437012093,1,160,20636000
1725162358771000,5728,372118372,0,0,172,437012093,1,160,19305000
1725162379747000,5729,372118532,0,0,172,437012093,1,160,20976000
1725162398727000,5730,372118692,0,0,172,437012093,1,160,18980000
1725162420408000,5731,372118852,0,0,172,437012093,1,160,21681000
1725162438736000,5732,372119012,0,0,172,437012093,1,160,18328000
1725162458621000,5733,372119172,0,0,172,437012093,1,160,19885000
1725162478689000,5734,372119332,0,0,172,437012093,1,160,20068000
1725162498678000,5735,372119492,0,0,172,437012093,1,160,19989000
1725162518941000,5736,372119652,0,0,172,437012093,1,160,20263000
1725162538987000,5737,372119812,0,0,172,437012093,1,160,20046000
1725162558737000,5738,372119972,0,0,172,437012093,1,160,19750000
1725162579045000,5739,372120132,0,0,172,437012093,1,160,20308000
1725162599103000,5740,372120292,0,0,172,437012093,1,160,20058000
1725162619776000,5741,372120452,0,0,172,437012093,1,160,20673000
1725162638924000,5742,372120612,0,0,172,437012093,1,160,19148000
1725162658746000,5743,372120772,0,0,172,437012093,1,160,19822000
1725162678914000,5744,372120932,0,0,172,437012093,1,160,20168000
1725162698706000,5745,372121092,0,0,172,437012093,1,160,19792000
1725162718758000,5746,372121252,0,0,172,437012093,1,160,20052000
1725162738692000,5747,372121412,0,0,172,437012093,1,160,19934000
1725162759210000,5748,372121572,0,0,172,437012093,1,160,20518000
1725162779152000,5749,372121732,0,0,172,437012093,1,160,19942000
1725162799000000,5750,372121892,0,0,172,437012093,1,160,19848000
1725162818943000,5751,372122052,0,0,172,437012093,1,160,19943000
1725162838890000,5752,372122212,0,0,172,437012093,1,160,19947000
1725162858772000,5753,372122372,0,0,172,437012093,1,160,19882000
1725162878821000,5754,372122532,0,0,172,437012093,1,160,20049000
1725162898817000,5755,372122692,0,0,172,437012093,1,160,19996000
1725162919351000,5756,372122852,0,0,172,437012093,1,160,20534000
1725162938764000,5757,372123012,0,0,172,437012093,1,160,19413000
1725162959281000,5758,372123172,0,0,172,437012093,1,160,20517000
1725162978847000,5759,372123332,0,0,172,437012093,1,160,19566000
1725162998750000,5760,372123492,0,0,172,437012093,1,160,19903000
1725163018712000,5761,372123652,0,0,172,437012093,1,160,19962000
1725163038957000,5762,372123812,0,0,172,437012093,1,160,20245000
1725163058603000,5763,372123972,0,0,172,437012093,1,160,19646000
1725163078927000,5764,372124132,0,0,172,437012093,1,160,20324000
1725163098792000,5765,372124292,0,0,172,437012093,1,160,19865000
1725163119099000,5766,372124452,0,0,172,437012093,1,160,20307000
1725163139224000,5767,372124612,0,0,172,437012093,1,160,20125000
1725163158675000,5768,372124772,0,0,172,437012093,1,160,19451000
1725163178692000,5769,372124932,0,0,172,437012093,1,160,20017000
1725163198328000,5770,372125092,0,0,172,437012093,1,160,19636000
1725163220713000,5771,372125252,0,0,172,437012093,1,160,22385000
1725163238670000,5772,372125412,0,0,172,437012093,1,160,17957000
1725163258462000,5773,372125572,0,0,172,437012093,1,160,19792000
1725163279310000,5774,372125732,0,0,172,437012093,1,160,20848000
1725163298735000,5775,372125892,0,0,172,437012093,1,160,19425000
1725163318383000,5776,372126052,0,0,172,437012093,1,160,19648000
1725163338969000,5777,372126212,0,0,172,437012093,1,160,20586000
1725163358549000,5778,372126372,0,0,172,437012093,1,160,19580000
1725163378686000,5779,372126532,0,0,172,437012093,1,160,20137000
1725163398848000,5780,372126692,0,0,172,437012093,1,160,20162000
1725163418764000,5781,372126852,0,0,172,437012093,1,160,19916000
1725163438974000,5782,372127012,0,0,172,437012093,1,160,20210000
1725163458668000,5783,372127172,0,0,172,437012093,1,160,19694000
1725163479021000,5784,372127332,0,0,172,437012093,1,160,20353000
1725163498819000,5785,372127492,0,0,172,437012093,1,160,19798000
1725163518870000,5786,372127652,0,0,172,437012093,1,160,20051000
1725163538943000,5787,372127812,0,0,172,437012093,1,160,20073000
1725163558709000,5788,372127972,0,0,172,437012093,1,160,19766000
1725163578888000,5789,372128132,0,0,172,437012093,1,160,20179000
1725163598954000,5790,372128292,0,0,172,437012093,1,160,20066000
1725163618936000,5791,372128452,0,0,172,437012093,1,160,19982000
1725163638848000,5792,372128612,0,0,172,437012093,1,160,19912000
1725163658739000,5793,372128772,0,0,172,437012093,1,160,19891000
1725163678684000,5794,372128932,0,0,172,437012093,1,160,19945000
1725163698718000,5795,372129092,0,0,172,437012093,1,160,20034000
1725163720538000,5796,372129252,0,0,172,437012093,1,160,21820000
1725163738636000,5797,372129412,0,0,172,437012093,1,160,18098000
1725163758520000,5798,372129572,0,0,172,437012093,1,160,19884000
1725163778780000,5799,372129732,0,0,172,437012093,1,160,20260000
1725163798648000,5800,372129892,0,0,172,437012093,1,160,19868000
1725163819034000,5801,372130052,0,0,172,437012093,1,160,20386000
1725163838610000,5802,372130212,0,0,172,437012093,1,160,19576000
1725163859472000,5803,372130372,0,0,172,437012093,1,160,20862000
1725163878558000,5804,372130532,0,0,172,437012093,1,160,19086000
1725163899310000,5805,372130692,0,0,172,437012093,1,160,20752000
1725163918807000,5806,372130852,0,0,172,437012093,1,160,19497000
