[ME] V.34 datapath: floating point
17:25:35.378         os_core_unix.c !pjlib 2.16 for POSIX initialized
17:25:35.379         sip_endpoint.c  .Creating endpoint instance...
17:25:35.379                  pjlib  .select() I/O Queue created (0xa42826018)
17:25:35.379         sip_endpoint.c  .Module "mod-msg-print" registered
17:25:35.379        sip_transport.c  .Transport manager created.
17:25:35.379           pjsua_core.c  .PJSUA state changed: NULL --> CREATED
17:25:35.450        coreaudio_dev.c  core audio detected 3 devices
17:25:35.450        coreaudio_dev.c   dev_id 78: MacBook Air Microphone  (in=1, out=0) 48000Hz
17:25:35.450        coreaudio_dev.c   dev_id 71: MacBook Air Speakers  (in=0, out=2) 48000Hz
17:25:35.451        coreaudio_dev.c   dev_id 83: iPhone69 Microphone  (in=1, out=0) 48000Hz
17:25:35.451        coreaudio_dev.c  core audio initialized
17:25:35.451           pjsua_core.c  .pjsua version 2.16 for Darwin-25.5/arm64 initialized
17:25:35.451              sip_modem  Binding SIP/RTP to local address 10.69.220.8
17:25:35.452              sip_modem  G.711 passthrough enabled
[DI] modem PTY slave: /dev/ttys005 (symlink: /tmp/v90faxprobe)
17:25:35.454              sip_modem  RTP media base port: 41000
17:25:35.456              sip_modem  SIP V.90 modem ready. PTY link: /tmp/v90faxprobe
17:25:35.456              sip_modem  ME trace (startup): state=IDLE mod=NONE law=ULAW role=answerer media=down phase_ms=0 v34_rx=0 v34_tx=0 v90_rx=-1 v90_tx=-1 v90_event=-1 phase3=0 s_events=0 dil=0 cp_bits=0 cp_valid=0 cp_rejected=0 v92=0 trn2u=0 trn2u_symbols=0 trn2u_ones=0 cpu_bits=0 cpu_valid=0 cpu_rejected=0 g711_rx=0 g711_tx=0 raw_v90_tx=0 linear_tx=0
17:25:35.464            pjsua_acc.c  ....sip:6000@asterisk.net.cryan.nz: registration success, status=200 (OK), will re-register in 299 seconds
17:26:10.168              sip_modem  ...RTP clock-recovery tap installed on call 0 media 0
17:26:10.169              sip_modem  ..Incoming call from "VG224 Port 2/22" <sip:8422@192.168.88.122>
17:26:10.169              sip_modem  .........Call 0 state: EARLY
17:26:10.169              sip_modem  ..RING 1/2
17:26:16.173              sip_modem !RING 2/2
17:26:16.173              sip_modem  Auto-answering after 2 rings
17:26:16.174              sip_modem  .....Installed G.711 passthrough stream wrapper (160 samples/frame)
17:26:16.174              sip_modem  ...Codec: PCMU (u-law passthrough)
17:26:16.174              sip_modem  ...Media clock wired: conf 1 <-> 0
17:26:16.174              sip_modem  ...ME trace (media-connected): state=V8 mod=NONE law=ULAW role=answerer media=up phase_ms=0 v34_rx=0 v34_tx=0 v90_rx=-1 v90_tx=-1 v90_event=-1 phase3=0 s_events=0 dil=0 cp_bits=0 cp_valid=0 cp_rejected=0 v92=0 trn2u=0 trn2u_symbols=0 trn2u_ones=0 cpu_bits=0 cpu_valid=0 cpu_rejected=0 g711_rx=0 g711_tx=0 raw_v90_tx=0 linear_tx=0
17:26:16.174              sip_modem  .......Call 0 state: CONNECTING
17:26:16.178              sip_modem  ...Call 0 state: CONFIRMED
17:26:16.178              sip_modem  ME trace (state-change): state=V8 mod=NONE law=ULAW role=answerer media=up phase_ms=4 v34_rx=0 v34_tx=0 v90_rx=-1 v90_tx=-1 v90_event=-1 phase3=0 s_events=0 dil=0 cp_bits=0 cp_valid=0 cp_rejected=0 v92=0 trn2u=0 trn2u_symbols=0 trn2u_ones=0 cpu_bits=0 cpu_valid=0 cpu_rejected=0 g711_rx=0 g711_tx=0 raw_v90_tx=0 linear_tx=0
FLOW [proto@0x1044afc9f] >CM:  81 85 d4 90 07
FLOW [proto@0x1044afc9f] >CM:  81 85 d4 90 07
FLOW [proto@0x1044afc9f] Decoding
FLOW [proto@0x1044afc9f] T.30 Tx FAX
FLOW [proto@0x1044afc9f] Far end offers: FLOW [proto@0x1044afc9f] V.17 half-duplex, V.21 duplex, V.27ter duplex, V.29 half-duplex, V.34 half-duplex supported
FLOW [proto@0x1044afc9f] Will offer: FLOW [proto@0x1044afc9f] V.34 half-duplex supported
FLOW [proto@0x1044afc9f] PCM unavailable
FLOW [proto@0x1044afc9f] >CM:  81 85 d4 90 07
FLOW [proto@0x1044afc9f] >CM:  81 85 d4 07
FLOW [proto@0x1044afc9f] >CM:  81 85 d4 90 07
FLOW [proto@0x1044afc9f] >CM:  81 85 d4 90 07
FLOW [proto@0x1044afc9f] >CM:  81 85 d4 90 07
FLOW [proto@0x1044afc9f] >CM:  81 85 d4 90 07
FLOW [proto@0x1044afc9f] >CM:  81 85 d4 90 07
FLOW [proto@0x1044afc9f] >CM:  81 85 d4 90 07
FLOW [proto@0x1044afc9f] >CM:  81 85 d4 90 07
FLOW [proto@0x1044afc9f] >CM:  81 85 d4 90 07
FLOW [proto@0x1044afc9f] CM recognised
[ME] V.8 peer offer: call function=T.30 Tx FAX, modulations=V.17 half-duplex,V.21 duplex,V.27ter duplex,V.29 half-duplex,V.34 half-duplex
[ME] V.8 peer summary: protocol=None, PSTN=PSTN access unknown, PCM=PCM unavailable, NSF=absent, T.66=-1
FLOW [proto@0x1044afc9f] <JM:  81 85 10 10 47 8d
FLOW [proto@0x1044afc9f] >CM:  81 85 d4 90 07
FLOW [proto@0x1044afc9f] <JM:  81 85 10 10 47 8d
FLOW [proto@0x1044afc9f] >CM:  81 85 d4 90 07
FLOW [proto@0x1044afc9f] <JM:  81 85 10 10 47 8d
FLOW [proto@0x1044afc9f] >CM:  81 85 d4 90 07
FLOW [proto@0x1044afc9f] >CM:  81 85 d4 90 07
FLOW [proto@0x1044afc9f] <JM:  81 85 10 10 47 8d
FLOW [proto@0x1044afc9f] CJ recognised
FLOW [proto@0x1044afc9f] FSK ends (13/160) 1 11
FLOW [proto@0x1044afc9f] Negotiation succeeded
[ME] V.8 peer offer: call function=T.30 Tx FAX, modulations=V.17 half-duplex,V.21 duplex,V.27ter duplex,V.29 half-duplex,V.34 half-duplex
[ME] V.8 peer summary: protocol=None, PSTN=PSTN access unknown, PCM=PCM unavailable, NSF=absent, T.66=-1
FLOW [proto@0x1044753ae] Rx - stage=INFO0 (1) demod=TONES (2)
FLOW [proto@0x1044753ae] Rx - event=NONE (0)
FLOW [proto@0x1044753ae] Signal up
FLOW [proto@0x1044753ae] Rx info_rx diag: ref=11933056 gate=1491632 carrier=1 stage=1 sig=1 pwr=11376829 bits=0
FLOW [proto@0x1044753ae] Tx - [digital] stage=UNKNOWN (0) mod=SILENCE (5) tx_t=0.000s
17:26:22.503              sip_modem !ME trace (state-change): state=TRAINING mod=V34 law=ULAW role=answerer media=up phase_ms=9 v34_rx=1 v34_tx=0 v90_rx=-1 v90_tx=-1 v90_event=-1 phase3=0 s_events=0 dil=0 cp_bits=0 cp_valid=0 cp_rejected=0 v92=0 trn2u=0 trn2u_symbols=0 trn2u_ones=0 cpu_bits=0 cpu_valid=0 cpu_rejected=0 g711_rx=50400 g711_tx=50560 raw_v90_tx=0 linear_tx=50560
FLOW [proto@0x1044753ae] Rx info_rx diag: ref=11475933 gate=1434491 carrier=0 stage=1 sig=1 pwr=56252 bits=0
FLOW [proto@0x1044753ae] Rx info_rx diag: ref=11253981 gate=1406747 carrier=0 stage=1 sig=1 pwr=4765 bits=0
FLOW [proto@0x1044753ae] Rx info_rx diag: ref=11036324 gate=1379540 carrier=0 stage=1 sig=1 pwr=5222 bits=0
FLOW [proto@0x1044753ae] Rx info_rx diag: ref=10822877 gate=1352859 carrier=0 stage=1 sig=1 pwr=3298 bits=0
FLOW [proto@0x1044753ae] Tx - transmission_preamble_init()
FLOW [proto@0x1044753ae] Tx - timing [digital]: UNKNOWN/SILENCE took 76.6 ms (phase 2 t=0.0 ms)
FLOW [proto@0x1044753ae] Tx - [digital] stage=INITIAL_PREAMBLE (1) mod=CC (1) tx_t=0.077s
FLOW [proto@0x1044753ae] Rx info_rx diag: ref=10009583 gate=1251197 carrier=1 stage=1 sig=1 pwr=5721889 bits=0
FLOW [proto@0x1044753ae] Rx info_rx diag: ref=9815997 gate=1226999 carrier=1 stage=1 sig=1 pwr=6799345 bits=0
FLOW [proto@0x1044753ae] Tx - info0_baud_init()
FLOW [proto@0x1044753ae] Tx INFO0:
FLOW [proto@0x1044753ae]   Baud rate 2400 low high
FLOW [proto@0x1044753ae]   Baud rate 2743 low high
FLOW [proto@0x1044753ae]   Baud rate 2800 low high
FLOW [proto@0x1044753ae]   Baud rate 3000 low high
FLOW [proto@0x1044753ae]   Baud rate 3200 low high
FLOW [proto@0x1044753ae]   Baud rate 3429 low high
FLOW [proto@0x1044753ae]   3429 baud allowed
FLOW [proto@0x1044753ae]   Tx power reduction supported
FLOW [proto@0x1044753ae]   Max different between Tx and Rx baud rates is 5
FLOW [proto@0x1044753ae]   Constellations up to 1664 supported
FLOW [proto@0x1044753ae]   Tx clock source - internal
FLOW [proto@0x1044753ae]   Message not from a CME modem
FLOW [proto@0x1044753ae]   INFO0 frame not acknowledged
FLOW [proto@0x1044753ae] Tx - timing [digital]: INITIAL_PREAMBLE/CC took 25.0 ms (phase 2 t=25.0 ms)
FLOW [proto@0x1044753ae] Tx - [digital] stage=INFO0 (2) mod=CC (1) tx_t=0.102s
FLOW [proto@0x1044753ae] Rx - info sync code detected
FLOW [proto@0x1044753ae] Rx info_rx diag: ref=9626156 gate=1203269 carrier=1 stage=1 sig=1 pwr=7825031 bits=2
FLOW [proto@0x1044753ae] Rx info_rx diag: ref=9439987 gate=1179998 carrier=1 stage=1 sig=1 pwr=6792657 bits=8
FLOW [proto@0x1044753ae] Rx info_rx diag: ref=9257420 gate=1157177 carrier=1 stage=1 sig=1 pwr=6498243 bits=13
FLOW [proto@0x1044753ae] Rx info_rx diag: ref=9078383 gate=1134797 carrier=1 stage=1 sig=1 pwr=7549114 bits=19
FLOW [proto@0x1044753ae] Rx info_rx diag: ref=8902810 gate=1112851 carrier=1 stage=1 sig=1 pwr=7341621 bits=25
FLOW [proto@0x1044753ae] Rx info_rx diag: ref=8730632 gate=1091329 carrier=1 stage=1 sig=1 pwr=7878693 bits=31
FLOW [proto@0x1044753ae] Rx - info CRC result 0x0 (target_bits=33)
FLOW [proto@0x1044753ae] Rx - info raw bytes: ff 20 7a 2e 17
FLOW [proto@0x1044753ae] Rx INFO0:
FLOW [proto@0x1044753ae]   Baud rate 2400 low high
FLOW [proto@0x1044753ae]   Baud rate 2743 low high
FLOW [proto@0x1044753ae]   Baud rate 2800 low high
FLOW [proto@0x1044753ae]   Baud rate 3000 low high
FLOW [proto@0x1044753ae]   Baud rate 3200 low high
FLOW [proto@0x1044753ae]   Baud rate 3429 low high
FLOW [proto@0x1044753ae]   3429 baud allowed
FLOW [proto@0x1044753ae]   Tx power reduction not supported
FLOW [proto@0x1044753ae]   Max different between Tx and Rx baud rates is 0
FLOW [proto@0x1044753ae]   Constellations up to 1664 supported
FLOW [proto@0x1044753ae]   Tx clock source - internal
FLOW [proto@0x1044753ae]   Message not from a CME modem
FLOW [proto@0x1044753ae]   INFO0 frame not acknowledged
FLOW [proto@0x1044753ae] Rx info_rx diag: ref=8561788 gate=1070223 carrier=1 stage=6 sig=1 pwr=7572497 bits=0
FLOW [proto@0x1044753ae] Rx - stage=TONE_B (6) demod=TONES (2)
FLOW [proto@0x1044753ae] Rx - event=INFO0_OK (5)
FLOW [proto@0x1044753ae] Tx - initial_ab_not_ab_baud_init() [calling=0 duplex=0 sample_time=1440]
FLOW [proto@0x1044753ae] Tx - timing [digital]: INFO0/CC took 81.6 ms (phase 2 t=106.6 ms)
FLOW [proto@0x1044753ae] Tx - [digital] stage=HDX_INITIAL_A (50) mod=CC (1) tx_t=0.183s
FLOW [proto@0x1044753ae] Rx - Tone B detected (power=7291471 ref=7887578)
FLOW [proto@0x1044753ae] Tx - timing [digital]: HDX_INITIAL_A/CC took 50.0 ms (phase 2 t=156.6 ms)
FLOW [proto@0x1044753ae] Tx - [digital] stage=HDX_FIRST_A (51) mod=CC (1) tx_t=0.233s
FLOW [proto@0x1044753ae] Tx - timing [digital]: HDX_FIRST_A/CC took 1.6 ms (phase 2 t=158.2 ms)
FLOW [proto@0x1044753ae] Tx - [digital] stage=HDX_FIRST_NOT_A (52) mod=CC (1) tx_t=0.235s
FLOW [proto@0x1044753ae] Tx - timing [digital]: HDX_FIRST_NOT_A/CC took 8.3 ms (phase 2 t=166.6 ms)
FLOW [proto@0x1044753ae] Tx - [digital] stage=HDX_FIRST_A_SILENCE (53) mod=CC (1) tx_t=0.243s
FLOW [proto@0x1044753ae] Rx - reversal 1 in tone B
FLOW [proto@0x1044753ae] Rx info_rx diag: ref=7758613 gate=969826 carrier=1 stage=6 sig=1 pwr=7650604 bits=0
FLOW [proto@0x1044753ae] Rx - event=REVERSAL_1 (2)
FLOW [proto@0x1044753ae] Tx - timing [digital]: HDX_FIRST_A_SILENCE/CC took 666.6 ms (phase 2 t=833.2 ms)
FLOW [proto@0x1044753ae] Tx - [digital] stage=HDX_SECOND_A (54) mod=CC (1) tx_t=0.910s
FLOW [proto@0x1044753ae] Tx - timing [digital]: HDX_SECOND_A/CC took 1.7 ms (phase 2 t=835.0 ms)
FLOW [proto@0x1044753ae] Tx - [digital] stage=HDX_SECOND_A_WAIT (55) mod=CC (1) tx_t=0.912s
FLOW [proto@0x1044753ae] Tx - infoh_baud_init()
FLOW [proto@0x1044753ae] Tx INFO0h:
FLOW [proto@0x1044753ae]   Minimum power reduction = 0dB
FLOW [proto@0x1044753ae]   Length of TRN = 1050ms
FLOW [proto@0x1044753ae]   High carrier
FLOW [proto@0x1044753ae]   Pre-emphasis filter = 0
FLOW [proto@0x1044753ae]   Baud rate = 2400
FLOW [proto@0x1044753ae]   Training constellation = 4 state
FLOW [proto@0x1044753ae] Rx - info_rx bits=600 bitstream=0x000 stage=6
FLOW [proto@0x1044753ae] Tx - half-duplex recipient: INFOh sent, silent while receiving Phase 3
FLOW [proto@0x1044753ae] Tx - hdx_recipient_phase3_init()
FLOW [proto@0x1044753ae] Rx - V.90: analogue Ja consumed; armed clean Phase 3 S detector (trn=unknown)
FLOW [proto@0x1044753ae] Rx - stage=PHASE3_WAIT_S (10) demod=V34 (0)
FLOW [proto@0x1044753ae] Rx - event=NONE (0)
FLOW [proto@0x1044753ae] Rx - primary_channel_rx: baud_rate=0 high_carrier=1 carrier=1800.0Hz agc=0.00170 power=8559422 shaper_sets=640
FLOW [proto@0x1044753ae] Rx - Phase 3 WAIT_S heartbeat: dur=1 demod=0 event=0 j_bits=0 trn_bits=0 trn_hint=-1/-1%
FLOW [proto@0x1044753ae] Rx - Phase 3 S baud 1: mag=0.000 data_bits=0 alt=0/32 stable=0 dom=0:1/32 rev=0/32 counts=1,0,0,0
FLOW [proto@0x1044753ae] Rx - Phase 3 Ja capture: emitted 2 bits using hyp=0
FLOW [proto@0x1044753ae] Rx - Phase 3 S baud 2: mag=0.000 data_bits=0 alt=0/32 stable=0 dom=0:2/32 rev=0/32 counts=2,0,0,0
FLOW [proto@0x1044753ae] Rx - Phase 3 S baud 3: mag=0.000 data_bits=0 alt=0/32 stable=0 dom=0:3/32 rev=0/32 counts=3,0,0,0
FLOW [proto@0x1044753ae] Rx - Phase 3 S baud 4: mag=0.000 data_bits=0 alt=0/32 stable=0 dom=0:4/32 rev=0/32 counts=4,0,0,0
FLOW [proto@0x1044753ae] Rx - primary_channel_rx: baud_rate=0 high_carrier=1 carrier=1800.0Hz agc=0.00076 power=8124799 shaper_sets=640
FLOW [proto@0x1044753ae] Rx - primary_channel_rx: baud_rate=0 high_carrier=1 carrier=1800.0Hz agc=0.00075 power=8339264 shaper_sets=640
FLOW [proto@0x1044753ae] Rx - primary_channel_rx: baud_rate=0 high_carrier=1 carrier=1800.0Hz agc=0.00075 power=8382416 shaper_sets=640
FLOW [proto@0x1044753ae] Rx - primary_channel_rx: baud_rate=0 high_carrier=1 carrier=1800.0Hz agc=0.00073 power=8928407 shaper_sets=640
FLOW [proto@0x1044753ae] Rx - primary_channel_rx: baud_rate=0 high_carrier=1 carrier=1800.0Hz agc=0.00076 power=8242490 shaper_sets=640
FLOW [proto@0x1044753ae] Rx - Phase 3 Ja capture: emitted 256 bits using hyp=0
FLOW [proto@0x1044753ae] Rx - primary_channel_rx: baud_rate=0 high_carrier=1 carrier=1800.0Hz agc=0.00074 power=8591159 shaper_sets=640
FLOW [proto@0x1044753ae] Rx - primary_channel_rx: baud_rate=0 high_carrier=1 carrier=1800.0Hz agc=0.00075 power=8401026 shaper_sets=640
FLOW [proto@0x1044753ae] Rx - primary_channel_rx: baud_rate=0 high_carrier=1 carrier=1800.0Hz agc=0.00132 power=2721632 shaper_sets=640
FLOW [proto@0x1044753ae] Rx - primary_channel_rx: baud_rate=0 high_carrier=1 carrier=1800.0Hz agc=0.00082 power=7040580 shaper_sets=640
FLOW [proto@0x1044753ae] Rx - primary_channel_rx: baud_rate=0 high_carrier=1 carrier=1800.0Hz agc=0.00081 power=7235909 shaper_sets=640
FLOW [proto@0x1044753ae] Rx - Phase 3 WAIT_S heartbeat: dur=256 demod=0 event=0 j_bits=510 trn_bits=0 trn_hint=-1/-1%
FLOW [proto@0x1044753ae] Rx - Phase 3 Ja capture: emitted 512 bits using hyp=0
FLOW [proto@0x1044753ae] Rx - primary_channel_rx: baud_rate=0 high_carrier=1 carrier=1800.0Hz agc=0.00081 power=7202880 shaper_sets=640
FLOW [proto@0x1044753ae] Rx - primary_channel_rx: baud_rate=0 high_carrier=1 carrier=1800.0Hz agc=0.00081 power=7148280 shaper_sets=640
FLOW [proto@0x1044753ae] Rx - primary_channel_rx: baud_rate=0 high_carrier=1 carrier=1800.0Hz agc=0.00081 power=7129528 shaper_sets=640
FLOW [proto@0x1044753ae] Rx - primary_channel_rx: baud_rate=0 high_carrier=1 carrier=1800.0Hz agc=0.00081 power=7130813 shaper_sets=640
FLOW [proto@0x1044753ae] Rx - primary_channel_rx: baud_rate=0 high_carrier=1 carrier=1800.0Hz agc=0.00081 power=7109673 shaper_sets=640
FLOW [proto@0x1044753ae] Rx - Phase 3 TRN: lock hint hyp=5 ones=187/256 (73%)
FLOW [proto@0x1044753ae] Rx - primary_channel_rx: baud_rate=0 high_carrier=1 carrier=1800.0Hz agc=0.00081 power=7134289 shaper_sets=640
FLOW [proto@0x1044753ae] Rx - Phase 3 Ja capture: emitted 768 bits using hyp=5
FLOW [proto@0x1044753ae] Rx - Phase 3 TRN: lock hint hyp=5 ones=218/296 (74%)
FLOW [proto@0x1044753ae] Rx - primary_channel_rx: baud_rate=0 high_carrier=1 carrier=1800.2Hz agc=0.00081 power=7122453 shaper_sets=640
FLOW [proto@0x1044753ae] Rx - primary_channel_rx: baud_rate=0 high_carrier=1 carrier=1800.3Hz agc=0.00081 power=7134509 shaper_sets=640
FLOW [proto@0x1044753ae] Rx - primary_channel_rx: baud_rate=0 high_carrier=1 carrier=1800.5Hz agc=0.00081 power=7121992 shaper_sets=640
FLOW [proto@0x1044753ae] Rx - primary_channel_rx: baud_rate=0 high_carrier=1 carrier=1800.6Hz agc=0.00081 power=7122143 shaper_sets=640
FLOW [proto@0x1044753ae] Rx - primary_channel_rx: baud_rate=0 high_carrier=1 carrier=1800.8Hz agc=0.00081 power=7121894 shaper_sets=640
FLOW [proto@0x1044753ae] Rx - Phase 3 TRN: rescoring after tracking settled (was hyp=5 74% over 512 bits)
FLOW [proto@0x1044753ae] Rx - Phase 3 WAIT_S heartbeat: dur=512 demod=0 event=0 j_bits=1022 trn_bits=0 trn_hint=-1/-1%
FLOW [proto@0x1044753ae] Rx - Phase 3 Ja capture: emitted 1024 bits using hyp=5
FLOW [proto@0x1044753ae] Rx - primary_channel_rx: baud_rate=0 high_carrier=1 carrier=1800.9Hz agc=0.00081 power=7113517 shaper_sets=640
FLOW [proto@0x1044753ae] Rx - primary_channel_rx: baud_rate=0 high_carrier=1 carrier=1801.1Hz agc=0.00081 power=7121246 shaper_sets=640
FLOW [proto@0x1044753ae] Rx - primary_channel_rx: baud_rate=0 high_carrier=1 carrier=1801.2Hz agc=0.00081 power=7114111 shaper_sets=640
FLOW [proto@0x1044753ae] Rx - primary_channel_rx: baud_rate=0 high_carrier=1 carrier=1801.3Hz agc=0.00081 power=7110606 shaper_sets=640
FLOW [proto@0x1044753ae] Rx - primary_channel_rx: baud_rate=0 high_carrier=1 carrier=1801.4Hz agc=0.00081 power=7109086 shaper_sets=640
FLOW [proto@0x1044753ae] Rx - Phase 3 TRN: lock hint hyp=0 ones=192/256 (75%)
FLOW [proto@0x1044753ae] Rx - Phase 3 Ja capture: emitted 1280 bits using hyp=0
FLOW [proto@0x1044753ae] Rx - primary_channel_rx: baud_rate=0 high_carrier=1 carrier=1801.4Hz agc=0.00081 power=7106236 shaper_sets=640
FLOW [proto@0x1044753ae] Rx - primary_channel_rx: baud_rate=0 high_carrier=1 carrier=1801.5Hz agc=0.00081 power=7156765 shaper_sets=640
FLOW [proto@0x1044753ae] Rx - primary_channel_rx: baud_rate=0 high_carrier=1 carrier=1801.5Hz agc=0.00081 power=7160888 shaper_sets=640
FLOW [proto@0x1044753ae] Rx - primary_channel_rx: baud_rate=0 high_carrier=1 carrier=1801.5Hz agc=0.00081 power=7164830 shaper_sets=640
FLOW [proto@0x1044753ae] Rx - primary_channel_rx: baud_rate=0 high_carrier=1 carrier=1801.5Hz agc=0.00081 power=7148348 shaper_sets=640
FLOW [proto@0x1044753ae] Rx - Phase 3 TRN: best hyp=0 ones=384/512 (75%)
FLOW [proto@0x1044753ae] Rx - Phase 3 WAIT_S heartbeat: dur=768 demod=0 event=0 j_bits=1534 trn_bits=512 trn_hint=0/75%
FLOW [proto@0x1044753ae] Rx - primary_channel_rx: baud_rate=0 high_carrier=1 carrier=1801.5Hz agc=0.00081 power=7171475 shaper_sets=640
FLOW [proto@0x1044753ae] Rx - Phase 3 Ja capture: emitted 1536 bits using hyp=0
FLOW [proto@0x1044753ae] Rx - primary_channel_rx: baud_rate=0 high_carrier=1 carrier=1801.5Hz agc=0.00081 power=7153890 shaper_sets=640
FLOW [proto@0x1044753ae] Rx - primary_channel_rx: baud_rate=0 high_carrier=1 carrier=1801.4Hz agc=0.00081 power=7151848 shaper_sets=640
FLOW [proto@0x1044753ae] Rx - primary_channel_rx: baud_rate=0 high_carrier=1 carrier=1801.3Hz agc=0.00081 power=7152164 shaper_sets=640
FLOW [proto@0x1044753ae] Rx - primary_channel_rx: baud_rate=0 high_carrier=1 carrier=1801.2Hz agc=0.00081 power=7165383 shaper_sets=640
FLOW [proto@0x1044753ae] Rx - primary_channel_rx: baud_rate=0 high_carrier=1 carrier=1801.1Hz agc=0.00081 power=7165855 shaper_sets=640
FLOW [proto@0x1044753ae] Rx - Phase 3 Ja capture: emitted 1792 bits using hyp=0
FLOW [proto@0x1044753ae] Rx - primary_channel_rx: baud_rate=0 high_carrier=1 carrier=1800.9Hz agc=0.00081 power=7165426 shaper_sets=640
FLOW [proto@0x1044753ae] Rx - primary_channel_rx: baud_rate=0 high_carrier=1 carrier=1800.8Hz agc=0.00081 power=7166255 shaper_sets=640
FLOW [proto@0x1044753ae] Rx - primary_channel_rx: baud_rate=0 high_carrier=1 carrier=1800.9Hz agc=0.00081 power=7177486 shaper_sets=640
FLOW [proto@0x1044753ae] Rx - primary_channel_rx: baud_rate=0 high_carrier=1 carrier=1801.0Hz agc=0.00081 power=7165194 shaper_sets=640
FLOW [proto@0x1044753ae] Rx - Phase 3 S baud 1000: mag=0.980 data_bits=3 alt=0/32 stable=0 dom=3:32/32 rev=0/32 counts=0,0,0,32
FLOW [proto@0x1044753ae] Rx - primary_channel_rx: baud_rate=0 high_carrier=1 carrier=1801.1Hz agc=0.00081 power=7169226 shaper_sets=640
FLOW [proto@0x1044753ae] Rx - Phase 3 TRN: best hyp=2 ones=764/1024 (75%)
FLOW [proto@0x1044753ae] Rx - Phase 3 WAIT_S heartbeat: dur=1024 demod=0 event=0 j_bits=2046 trn_bits=1024 trn_hint=0/75%
FLOW [proto@0x1044753ae] Rx - Phase 3 Ja parser input: hyp0 len=2048 bits (stage=10, need ~16340 to parse)
FLOW [proto@0x1044753ae] Rx - Phase 3 Ja capture: emitted 2048 bits using hyp=0
FLOW [proto@0x1044753ae] Rx - primary_channel_rx: baud_rate=0 high_carrier=1 carrier=1801.3Hz agc=0.00081 power=7163350 shaper_sets=640
FLOW [proto@0x1044753ae] Rx - primary_channel_rx: baud_rate=0 high_carrier=1 carrier=1801.4Hz agc=0.00081 power=7179966 shaper_sets=640
FLOW [proto@0x1044753ae] Rx - primary_channel_rx: baud_rate=0 high_carrier=1 carrier=1801.5Hz agc=0.00081 power=7163837 shaper_sets=640
FLOW [proto@0x1044753ae] Rx - primary_channel_rx: baud_rate=0 high_carrier=1 carrier=1801.6Hz agc=0.00081 power=7171991 shaper_sets=640
FLOW [proto@0x1044753ae] Rx - primary_channel_rx: baud_rate=0 high_carrier=1 carrier=1801.6Hz agc=0.00081 power=7160465 shaper_sets=640
FLOW [proto@0x1044753ae] Rx - primary_channel_rx: baud_rate=0 high_carrier=1 carrier=1801.7Hz agc=0.00081 power=7171695 shaper_sets=640
FLOW [proto@0x1044753ae] Rx - Phase 3 Ja capture: emitted 2304 bits using hyp=0
FLOW [proto@0x1044753ae] Rx - primary_channel_rx: baud_rate=0 high_carrier=1 carrier=1801.7Hz agc=0.00081 power=7160457 shaper_sets=640
FLOW [proto@0x1044753ae] Rx - primary_channel_rx: baud_rate=0 high_carrier=1 carrier=1801.7Hz agc=0.00081 power=7159168 shaper_sets=640
FLOW [proto@0x1044753ae] Rx - primary_channel_rx: baud_rate=0 high_carrier=1 carrier=1801.6Hz agc=0.00081 power=7159133 shaper_sets=640
FLOW [proto@0x1044753ae] Rx - primary_channel_rx: baud_rate=0 high_carrier=1 carrier=1801.6Hz agc=0.00081 power=7130321 shaper_sets=640
FLOW [proto@0x1044753ae] Rx - primary_channel_rx: baud_rate=0 high_carrier=1 carrier=1801.5Hz agc=0.00081 power=7154240 shaper_sets=640
FLOW [proto@0x1044753ae] Rx - Phase 3 TRN: best hyp=2 ones=1148/1536 (75%)
FLOW [proto@0x1044753ae] Rx - Phase 3 WAIT_S heartbeat: dur=1280 demod=0 event=0 j_bits=2558 trn_bits=1536 trn_hint=0/75%
FLOW [proto@0x1044753ae] Rx - Phase 3 Ja capture: emitted 2560 bits using hyp=0
FLOW [proto@0x1044753ae] Rx - primary_channel_rx: baud_rate=0 high_carrier=1 carrier=1801.4Hz agc=0.00081 power=7145554 shaper_sets=640
FLOW [proto@0x1044753ae] Rx - primary_channel_rx: baud_rate=0 high_carrier=1 carrier=1801.3Hz agc=0.00081 power=7128723 shaper_sets=640
FLOW [proto@0x1044753ae] Rx - primary_channel_rx: baud_rate=0 high_carrier=1 carrier=1801.2Hz agc=0.00081 power=7127470 shaper_sets=640
FLOW [proto@0x1044753ae] Rx - primary_channel_rx: baud_rate=0 high_carrier=1 carrier=1801.0Hz agc=0.00081 power=7133156 shaper_sets=640
FLOW [proto@0x1044753ae] Rx - primary_channel_rx: baud_rate=0 high_carrier=1 carrier=1801.1Hz agc=0.00081 power=7153042 shaper_sets=640
FLOW [proto@0x1044753ae] Rx - Phase 3 Ja capture: emitted 2816 bits using hyp=0
FLOW [proto@0x1044753ae] Rx - primary_channel_rx: baud_rate=0 high_carrier=1 carrier=1801.2Hz agc=0.00081 power=7135678 shaper_sets=640
FLOW [proto@0x1044753ae] Rx - primary_channel_rx: baud_rate=0 high_carrier=1 carrier=1801.3Hz agc=0.00081 power=7153299 shaper_sets=640
FLOW [proto@0x1044753ae] Rx - primary_channel_rx: baud_rate=0 high_carrier=1 carrier=1801.5Hz agc=0.00081 power=7140869 shaper_sets=640
FLOW [proto@0x1044753ae] Rx - primary_channel_rx: baud_rate=0 high_carrier=1 carrier=1801.6Hz agc=0.00081 power=7151043 shaper_sets=640
FLOW [proto@0x1044753ae] Rx - primary_channel_rx: baud_rate=0 high_carrier=1 carrier=1801.6Hz agc=0.00081 power=7148050 shaper_sets=640
FLOW [proto@0x1044753ae] Rx - Phase 3 TRN: best hyp=2 ones=1524/2048 (74%)
FLOW [proto@0x1044753ae] Rx - Phase 3 WAIT_S heartbeat: dur=1536 demod=0 event=0 j_bits=3070 trn_bits=2048 trn_hint=0/75%
FLOW [proto@0x1044753ae] Rx - primary_channel_rx: baud_rate=0 high_carrier=1 carrier=1801.7Hz agc=0.00081 power=7171469 shaper_sets=640
FLOW [proto@0x1044753ae] Rx - Phase 3 Ja capture: emitted 3072 bits using hyp=0
FLOW [proto@0x1044753ae] Rx - primary_channel_rx: baud_rate=0 high_carrier=1 carrier=1801.8Hz agc=0.00081 power=7149082 shaper_sets=640
FLOW [proto@0x1044753ae] Rx - primary_channel_rx: baud_rate=0 high_carrier=1 carrier=1801.8Hz agc=0.00081 power=7170892 shaper_sets=640
FLOW [proto@0x1044753ae] Rx - primary_channel_rx: baud_rate=0 high_carrier=1 carrier=1801.8Hz agc=0.00081 power=7140180 shaper_sets=640
FLOW [proto@0x1044753ae] Rx - primary_channel_rx: baud_rate=0 high_carrier=1 carrier=1801.7Hz agc=0.00081 power=7175453 shaper_sets=640
FLOW [proto@0x1044753ae] Rx - primary_channel_rx: baud_rate=0 high_carrier=1 carrier=1801.7Hz agc=0.00081 power=7227509 shaper_sets=640
FLOW [proto@0x1044753ae] Rx - Phase 3 Ja capture: emitted 3328 bits using hyp=0
FLOW [proto@0x1044753ae] Rx - primary_channel_rx: baud_rate=0 high_carrier=1 carrier=1801.6Hz agc=0.00081 power=7213996 shaper_sets=640
FLOW [proto@0x1044753ae] Rx - primary_channel_rx: baud_rate=0 high_carrier=1 carrier=1801.5Hz agc=0.00081 power=7222967 shaper_sets=640
FLOW [proto@0x1044753ae] Rx - primary_channel_rx: baud_rate=0 high_carrier=1 carrier=1801.4Hz agc=0.00081 power=7225969 shaper_sets=640
FLOW [proto@0x1044753ae] Rx - primary_channel_rx: baud_rate=0 high_carrier=1 carrier=1801.2Hz agc=0.00081 power=7217801 shaper_sets=640
FLOW [proto@0x1044753ae] Rx - primary_channel_rx: baud_rate=0 high_carrier=1 carrier=1801.1Hz agc=0.00081 power=7243544 shaper_sets=640
FLOW [proto@0x1044753ae] Rx - Phase 3 TRN: best hyp=2 ones=1903/2560 (74%)
FLOW [proto@0x1044753ae] Rx - Phase 3 WAIT_S heartbeat: dur=1792 demod=0 event=0 j_bits=3582 trn_bits=2560 trn_hint=0/75%
FLOW [proto@0x1044753ae] Rx - Phase 3 Ja capture: emitted 3584 bits using hyp=0
FLOW [proto@0x1044753ae] Rx - primary_channel_rx: baud_rate=0 high_carrier=1 carrier=1801.3Hz agc=0.00081 power=7182768 shaper_sets=640
FLOW [proto@0x1044753ae] Rx - primary_channel_rx: baud_rate=0 high_carrier=1 carrier=1801.4Hz agc=0.00081 power=7243276 shaper_sets=640
FLOW [proto@0x1044753ae] Rx - primary_channel_rx: baud_rate=0 high_carrier=1 carrier=1801.5Hz agc=0.00081 power=7223865 shaper_sets=640
FLOW [proto@0x1044753ae] Rx - primary_channel_rx: baud_rate=0 high_carrier=1 carrier=1801.6Hz agc=0.00081 power=7223637 shaper_sets=640
FLOW [proto@0x1044753ae] Rx - primary_channel_rx: baud_rate=0 high_carrier=1 carrier=1801.7Hz agc=0.00081 power=7234271 shaper_sets=640
FLOW [proto@0x1044753ae] Rx - primary_channel_rx: baud_rate=0 high_carrier=1 carrier=1801.8Hz agc=0.00081 power=7234512 shaper_sets=640
FLOW [proto@0x1044753ae] Rx - Phase 3 Ja capture: emitted 3840 bits using hyp=0
FLOW [proto@0x1044753ae] Rx - primary_channel_rx: baud_rate=0 high_carrier=1 carrier=1801.8Hz agc=0.00081 power=7237497 shaper_sets=640
FLOW [proto@0x1044753ae] Rx - primary_channel_rx: baud_rate=0 high_carrier=1 carrier=1801.9Hz agc=0.00081 power=7221975 shaper_sets=640
FLOW [proto@0x1044753ae] Rx - primary_channel_rx: baud_rate=0 high_carrier=1 carrier=1801.8Hz agc=0.00081 power=7220900 shaper_sets=640
FLOW [proto@0x1044753ae] Rx - Phase 3 S baud 2000: mag=0.986 data_bits=3 alt=0/32 stable=0 dom=3:32/32 rev=0/32 counts=0,0,0,32
FLOW [proto@0x1044753ae] Rx - primary_channel_rx: baud_rate=0 high_carrier=1 carrier=1801.8Hz agc=0.00081 power=7241487 shaper_sets=640
FLOW [proto@0x1044753ae] Rx - primary_channel_rx: baud_rate=0 high_carrier=1 carrier=1801.8Hz agc=0.00081 power=7233281 shaper_sets=640
FLOW [proto@0x1044753ae] Rx - Phase 3 TRN: best hyp=2 ones=2287/3072 (74%)
FLOW [proto@0x1044753ae] Rx - Phase 3 WAIT_S heartbeat: dur=2048 demod=0 event=0 j_bits=4094 trn_bits=3072 trn_hint=0/75%
FLOW [proto@0x1044753ae] Rx - Phase 3 Ja parser input: hyp0 len=4096 bits (stage=10, need ~16340 to parse)
FLOW [proto@0x1044753ae] Rx - Phase 3 Ja capture: emitted 4096 bits using hyp=0
FLOW [proto@0x1044753ae] Rx - primary_channel_rx: baud_rate=0 high_carrier=1 carrier=1801.7Hz agc=0.00081 power=7241172 shaper_sets=640
FLOW [proto@0x1044753ae] Rx - primary_channel_rx: baud_rate=0 high_carrier=1 carrier=1801.6Hz agc=0.00081 power=7236914 shaper_sets=640
FLOW [proto@0x1044753ae] Rx - primary_channel_rx: baud_rate=0 high_carrier=1 carrier=1801.4Hz agc=0.00081 power=7236932 shaper_sets=640
FLOW [proto@0x1044753ae] Rx - primary_channel_rx: baud_rate=0 high_carrier=1 carrier=1801.3Hz agc=0.00081 power=7209257 shaper_sets=640
FLOW [proto@0x1044753ae] Rx - primary_channel_rx: baud_rate=0 high_carrier=1 carrier=1801.4Hz agc=0.00081 power=7232418 shaper_sets=640
FLOW [proto@0x1044753ae] Rx - Phase 3 Ja capture: emitted 4352 bits using hyp=0
FLOW [proto@0x1044753ae] Rx - primary_channel_rx: baud_rate=0 high_carrier=1 carrier=1801.5Hz agc=0.00081 power=7210089 shaper_sets=640
FLOW [proto@0x1044753ae] Rx - primary_channel_rx: baud_rate=0 high_carrier=1 carrier=1801.6Hz agc=0.00081 power=7247330 shaper_sets=640
FLOW [proto@0x1044753ae] Rx - primary_channel_rx: baud_rate=0 high_carrier=1 carrier=1801.7Hz agc=0.00081 power=7204659 shaper_sets=640
FLOW [proto@0x1044753ae] Rx - primary_channel_rx: baud_rate=0 high_carrier=1 carrier=1801.8Hz agc=0.00081 power=7233912 shaper_sets=640
FLOW [proto@0x1044753ae] Rx - primary_channel_rx: baud_rate=0 high_carrier=1 carrier=1801.9Hz agc=0.00081 power=7203340 shaper_sets=640
FLOW [proto@0x1044753ae] Rx - Phase 3 TRN: best hyp=2 ones=2663/3584 (74%)
FLOW [proto@0x1044753ae] Rx - Phase 3 WAIT_S heartbeat: dur=2304 demod=0 event=0 j_bits=4606 trn_bits=3584 trn_hint=0/75%
FLOW [proto@0x1044753ae] Rx - primary_channel_rx: baud_rate=0 high_carrier=1 carrier=1801.9Hz agc=0.00081 power=7201025 shaper_sets=640
FLOW [proto@0x1044753ae] Rx - Phase 3 Ja capture: emitted 4608 bits using hyp=0
FLOW [proto@0x1044753ae] Rx - primary_channel_rx: baud_rate=0 high_carrier=1 carrier=1801.9Hz agc=0.00081 power=7186916 shaper_sets=640
FLOW [proto@0x1044753ae] Rx - primary_channel_rx: baud_rate=0 high_carrier=1 carrier=1801.9Hz agc=0.00081 power=7201209 shaper_sets=640
FLOW [proto@0x1044753ae] Rx - primary_channel_rx: baud_rate=0 high_carrier=1 carrier=1801.9Hz agc=0.00081 power=7182215 shaper_sets=640
FLOW [proto@0x1044753ae] Rx - primary_channel_rx: baud_rate=0 high_carrier=1 carrier=1801.8Hz agc=0.00081 power=7201266 shaper_sets=640
FLOW [proto@0x1044753ae] Rx - primary_channel_rx: baud_rate=0 high_carrier=1 carrier=1801.7Hz agc=0.00081 power=7182371 shaper_sets=640
FLOW [proto@0x1044753ae] Rx - Phase 3 Ja capture: emitted 4864 bits using hyp=0
FLOW [proto@0x1044753ae] Rx - primary_channel_rx: baud_rate=0 high_carrier=1 carrier=1801.6Hz agc=0.00081 power=7181144 shaper_sets=640
FLOW [proto@0x1044753ae] Rx - primary_channel_rx: baud_rate=0 high_carrier=1 carrier=1801.5Hz agc=0.00081 power=7195394 shaper_sets=640
FLOW [proto@0x1044753ae] Rx - primary_channel_rx: baud_rate=0 high_carrier=1 carrier=1801.4Hz agc=0.00081 power=7182300 shaper_sets=640
FLOW [proto@0x1044753ae] Rx - primary_channel_rx: baud_rate=0 high_carrier=1 carrier=1801.6Hz agc=0.00081 power=7186311 shaper_sets=640
FLOW [proto@0x1044753ae] Rx - primary_channel_rx: baud_rate=0 high_carrier=1 carrier=1801.7Hz agc=0.00081 power=7182223 shaper_sets=640
FLOW [proto@0x1044753ae] Rx - Phase 3 TRN: best hyp=2 ones=3043/4096 (74%)
FLOW [proto@0x1044753ae] Rx - Phase 3 WAIT_S heartbeat: dur=2560 demod=0 event=0 j_bits=5118 trn_bits=4096 trn_hint=0/75%
FLOW [proto@0x1044753ae] Rx - Phase 3 Ja capture: emitted 5120 bits using hyp=0
FLOW [proto@0x1044753ae] Rx - primary_channel_rx: baud_rate=0 high_carrier=1 carrier=1801.8Hz agc=0.00081 power=7186129 shaper_sets=640
FLOW [proto@0x1044753ae] Rx - primary_channel_rx: baud_rate=0 high_carrier=1 carrier=1801.9Hz agc=0.00081 power=7187543 shaper_sets=640
FLOW [proto@0x1044753ae] Rx - primary_channel_rx: baud_rate=0 high_carrier=1 carrier=1802.0Hz agc=0.00081 power=7197410 shaper_sets=640
FLOW [proto@0x1044753ae] Rx - primary_channel_rx: baud_rate=0 high_carrier=1 carrier=1802.0Hz agc=0.00081 power=7196543 shaper_sets=640
FLOW [proto@0x1044753ae] Rx - primary_channel_rx: baud_rate=0 high_carrier=1 carrier=1802.0Hz agc=0.00081 power=7185231 shaper_sets=640
FLOW [proto@0x1044753ae] Rx - primary_channel_rx: baud_rate=0 high_carrier=1 carrier=1802.0Hz agc=0.00081 power=7198766 shaper_sets=640
FLOW [proto@0x1044753ae] Rx - Phase 3 Ja capture: emitted 5376 bits using hyp=0
FLOW [proto@0x1044753ae] Rx - primary_channel_rx: baud_rate=0 high_carrier=1 carrier=1802.0Hz agc=0.00081 power=7185443 shaper_sets=640
FLOW [proto@0x1044753ae] Rx - primary_channel_rx: baud_rate=0 high_carrier=1 carrier=1801.9Hz agc=0.00081 power=7200124 shaper_sets=640
FLOW [proto@0x1044753ae] Rx - primary_channel_rx: baud_rate=0 high_carrier=1 carrier=1801.8Hz agc=0.00081 power=7190644 shaper_sets=640
FLOW [proto@0x1044753ae] Rx - primary_channel_rx: baud_rate=0 high_carrier=1 carrier=1801.7Hz agc=0.00081 power=7187941 shaper_sets=640
FLOW [proto@0x1044753ae] Rx - primary_channel_rx: baud_rate=0 high_carrier=1 carrier=1801.6Hz agc=0.00081 power=7199107 shaper_sets=640
FLOW [proto@0x1044753ae] Rx - Phase 3 TRN: best hyp=2 ones=3427/4608 (74%)
FLOW [proto@0x1044753ae] Rx - Phase 3 WAIT_S heartbeat: dur=2816 demod=0 event=0 j_bits=5630 trn_bits=4608 trn_hint=0/75%
FLOW [proto@0x1044753ae] Rx - Phase 3 Ja capture: emitted 5632 bits using hyp=0
FLOW [proto@0x1044753ae] Rx - primary_channel_rx: baud_rate=0 high_carrier=1 carrier=1801.6Hz agc=0.00081 power=7248574 shaper_sets=640
FLOW [proto@0x1044753ae] Rx - primary_channel_rx: baud_rate=0 high_carrier=1 carrier=1801.7Hz agc=0.00081 power=7158113 shaper_sets=640
FLOW [proto@0x1044753ae] Rx - primary_channel_rx: baud_rate=0 high_carrier=1 carrier=1801.8Hz agc=0.00081 power=7211529 shaper_sets=640
FLOW [proto@0x1044753ae] Rx - primary_channel_rx: baud_rate=0 high_carrier=1 carrier=1801.9Hz agc=0.00081 power=7152373 shaper_sets=640
FLOW [proto@0x1044753ae] Rx - primary_channel_rx: baud_rate=0 high_carrier=1 carrier=1802.0Hz agc=0.00081 power=7224138 shaper_sets=640
FLOW [proto@0x1044753ae] Rx - Phase 3 Ja capture: emitted 5888 bits using hyp=0
FLOW [proto@0x1044753ae] Rx - primary_channel_rx: baud_rate=0 high_carrier=1 carrier=1802.1Hz agc=0.00081 power=7199685 shaper_sets=640
FLOW [proto@0x1044753ae] Rx - primary_channel_rx: baud_rate=0 high_carrier=1 carrier=1802.1Hz agc=0.00081 power=7219281 shaper_sets=640
FLOW [proto@0x1044753ae] Rx - Phase 3 S baud 3000: mag=0.957 data_bits=3 alt=0/32 stable=0 dom=3:32/32 rev=0/32 counts=0,0,0,32
FLOW [proto@0x1044753ae] Rx - primary_channel_rx: baud_rate=0 high_carrier=1 carrier=1802.1Hz agc=0.00081 power=7219771 shaper_sets=640
FLOW [proto@0x1044753ae] Rx - primary_channel_rx: baud_rate=0 high_carrier=1 carrier=1802.1Hz agc=0.00081 power=7215075 shaper_sets=640
FLOW [proto@0x1044753ae] Rx - primary_channel_rx: baud_rate=0 high_carrier=1 carrier=1802.0Hz agc=0.00081 power=7224175 shaper_sets=640
FLOW [proto@0x1044753ae] Rx - Phase 3 TRN: best hyp=2 ones=3800/5120 (74%)
FLOW [proto@0x1044753ae] Rx - Phase 3 WAIT_S heartbeat: dur=3072 demod=0 event=0 j_bits=6142 trn_bits=5120 trn_hint=0/75%
FLOW [proto@0x1044753ae] Rx - primary_channel_rx: baud_rate=0 high_carrier=1 carrier=1801.9Hz agc=0.00081 power=7211091 shaper_sets=640
FLOW [proto@0x1044753ae] Rx - Phase 3 Ja parser input: hyp0 len=6144 bits (stage=10, need ~16340 to parse)
FLOW [proto@0x1044753ae] Rx - Phase 3 Ja capture: emitted 6144 bits using hyp=0
FLOW [proto@0x1044753ae] Rx - primary_channel_rx: baud_rate=0 high_carrier=1 carrier=1801.8Hz agc=0.00081 power=7205093 shaper_sets=640
FLOW [proto@0x1044753ae] Rx - primary_channel_rx: baud_rate=0 high_carrier=1 carrier=1801.7Hz agc=0.00081 power=7215834 shaper_sets=640
FLOW [proto@0x1044753ae] Rx - primary_channel_rx: baud_rate=0 high_carrier=1 carrier=1801.6Hz agc=0.00081 power=7207486 shaper_sets=640
FLOW [proto@0x1044753ae] Rx - primary_channel_rx: baud_rate=0 high_carrier=1 carrier=1801.8Hz agc=0.00081 power=7212326 shaper_sets=640
FLOW [proto@0x1044753ae] Rx - primary_channel_rx: baud_rate=0 high_carrier=1 carrier=1801.9Hz agc=0.00081 power=7236381 shaper_sets=640
FLOW [proto@0x1044753ae] Rx - Phase 3 Ja capture: emitted 6400 bits using hyp=0
FLOW [proto@0x1044753ae] Rx - primary_channel_rx: baud_rate=0 high_carrier=1 carrier=1802.0Hz agc=0.00081 power=7223604 shaper_sets=640
FLOW [proto@0x1044753ae] Rx - primary_channel_rx: baud_rate=0 high_carrier=1 carrier=1802.1Hz agc=0.00081 power=7236554 shaper_sets=640
FLOW [proto@0x1044753ae] Rx - primary_channel_rx: baud_rate=0 high_carrier=1 carrier=1802.1Hz agc=0.00081 power=7254234 shaper_sets=640
FLOW [proto@0x1044753ae] Rx - primary_channel_rx: baud_rate=0 high_carrier=1 carrier=1802.2Hz agc=0.00081 power=7234519 shaper_sets=640
FLOW [proto@0x1044753ae] Rx - primary_channel_rx: baud_rate=0 high_carrier=1 carrier=1802.2Hz agc=0.00081 power=7252966 shaper_sets=640
FLOW [proto@0x1044753ae] Rx - Phase 3 TRN: best hyp=2 ones=4177/5632 (74%)
FLOW [proto@0x1044753ae] Rx - Phase 3 WAIT_S heartbeat: dur=3328 demod=0 event=0 j_bits=6654 trn_bits=5632 trn_hint=0/75%
FLOW [proto@0x1044753ae] Rx - Phase 3 Ja capture: emitted 6656 bits using hyp=0
FLOW [proto@0x1044753ae] Rx - primary_channel_rx: baud_rate=0 high_carrier=1 carrier=1802.1Hz agc=0.00081 power=7253601 shaper_sets=640
FLOW [proto@0x1044753ae] Rx - primary_channel_rx: baud_rate=0 high_carrier=1 carrier=1802.1Hz agc=0.00081 power=7258663 shaper_sets=640
FLOW [proto@0x1044753ae] Rx - primary_channel_rx: baud_rate=0 high_carrier=1 carrier=1802.0Hz agc=0.00081 power=7252860 shaper_sets=640
FLOW [proto@0x1044753ae] Rx - primary_channel_rx: baud_rate=0 high_carrier=1 carrier=1801.8Hz agc=0.00081 power=7246358 shaper_sets=640
FLOW [proto@0x1044753ae] Rx - primary_channel_rx: baud_rate=0 high_carrier=1 carrier=1801.7Hz agc=0.00081 power=7252708 shaper_sets=640
FLOW [proto@0x1044753ae] Rx - primary_channel_rx: baud_rate=0 high_carrier=1 carrier=1801.8Hz agc=0.00081 power=7259161 shaper_sets=640
FLOW [proto@0x1044753ae] Rx - Phase 3 Ja capture: emitted 6912 bits using hyp=0
FLOW [proto@0x1044753ae] Rx - primary_channel_rx: baud_rate=0 high_carrier=1 carrier=1801.9Hz agc=0.00081 power=7252939 shaper_sets=640
FLOW [proto@0x1044753ae] Rx - primary_channel_rx: baud_rate=0 high_carrier=1 carrier=1802.0Hz agc=0.00081 power=7251057 shaper_sets=640
FLOW [proto@0x1044753ae] Rx - primary_channel_rx: baud_rate=0 high_carrier=1 carrier=1802.1Hz agc=0.00081 power=7238390 shaper_sets=640
FLOW [proto@0x1044753ae] Rx - primary_channel_rx: baud_rate=0 high_carrier=1 carrier=1802.2Hz agc=0.00081 power=7245128 shaper_sets=640
FLOW [proto@0x1044753ae] Rx - primary_channel_rx: baud_rate=0 high_carrier=1 carrier=1802.2Hz agc=0.00081 power=7238265 shaper_sets=640
FLOW [proto@0x1044753ae] Rx - Phase 3 TRN: best hyp=0 ones=4549/6144 (74%)
FLOW [proto@0x1044753ae] Rx - Phase 3 WAIT_S heartbeat: dur=3584 demod=0 event=0 j_bits=7166 trn_bits=6144 trn_hint=0/75%
FLOW [proto@0x1044753ae] Rx - Phase 3 Ja capture: emitted 7168 bits using hyp=0
FLOW [proto@0x1044753ae] Rx - primary_channel_rx: baud_rate=0 high_carrier=1 carrier=1802.2Hz agc=0.00081 power=7230959 shaper_sets=640
FLOW [proto@0x1044753ae] Rx - primary_channel_rx: baud_rate=0 high_carrier=1 carrier=1802.2Hz agc=0.00081 power=7238121 shaper_sets=640
FLOW [proto@0x1044753ae] Rx - primary_channel_rx: baud_rate=0 high_carrier=1 carrier=1802.1Hz agc=0.00081 power=7246861 shaper_sets=640
FLOW [proto@0x1044753ae] Rx - primary_channel_rx: baud_rate=0 high_carrier=1 carrier=1802.0Hz agc=0.00081 power=7236353 shaper_sets=640
FLOW [proto@0x1044753ae] Rx - primary_channel_rx: baud_rate=0 high_carrier=1 carrier=1801.9Hz agc=0.00081 power=7247692 shaper_sets=640
FLOW [proto@0x1044753ae] Rx - Phase 3 Ja capture: emitted 7424 bits using hyp=0
FLOW [proto@0x1044753ae] Rx - primary_channel_rx: baud_rate=0 high_carrier=1 carrier=1801.8Hz agc=0.00081 power=7188358 shaper_sets=640
FLOW [proto@0x1044753ae] Rx - primary_channel_rx: baud_rate=0 high_carrier=1 carrier=1801.8Hz agc=0.00081 power=7233620 shaper_sets=640
FLOW [proto@0x1044753ae] Rx - primary_channel_rx: baud_rate=0 high_carrier=1 carrier=1801.9Hz agc=0.00081 power=7185514 shaper_sets=640
FLOW [proto@0x1044753ae] Rx - primary_channel_rx: baud_rate=0 high_carrier=1 carrier=1802.1Hz agc=0.00081 power=7188588 shaper_sets=640
FLOW [proto@0x1044753ae] Rx - primary_channel_rx: baud_rate=0 high_carrier=1 carrier=1802.1Hz agc=0.00081 power=7181054 shaper_sets=640
FLOW [proto@0x1044753ae] Rx - Phase 3 TRN: best hyp=0 ones=4927/6656 (74%)
FLOW [proto@0x1044753ae] Rx - Phase 3 WAIT_S heartbeat: dur=3840 demod=0 event=0 j_bits=7678 trn_bits=6656 trn_hint=0/75%
FLOW [proto@0x1044753ae] Rx - primary_channel_rx: baud_rate=0 high_carrier=1 carrier=1802.2Hz agc=0.00081 power=7188180 shaper_sets=640
FLOW [proto@0x1044753ae] Rx - Phase 3 Ja capture: emitted 7680 bits using hyp=0
FLOW [proto@0x1044753ae] Rx - primary_channel_rx: baud_rate=0 high_carrier=1 carrier=1802.2Hz agc=0.00081 power=7206463 shaper_sets=640
FLOW [proto@0x1044753ae] Rx - primary_channel_rx: baud_rate=0 high_carrier=1 carrier=1802.3Hz agc=0.00081 power=7188342 shaper_sets=640
FLOW [proto@0x1044753ae] Rx - primary_channel_rx: baud_rate=0 high_carrier=1 carrier=1802.2Hz agc=0.00081 power=7212133 shaper_sets=640
FLOW [proto@0x1044753ae] Rx - primary_channel_rx: baud_rate=0 high_carrier=1 carrier=1802.2Hz agc=0.00081 power=7189088 shaper_sets=640
FLOW [proto@0x1044753ae] Rx - primary_channel_rx: baud_rate=0 high_carrier=1 carrier=1802.1Hz agc=0.00081 power=7212178 shaper_sets=640
FLOW [proto@0x1044753ae] Rx - Phase 3 Ja capture: emitted 7936 bits using hyp=0
FLOW [proto@0x1044753ae] Rx - primary_channel_rx: baud_rate=0 high_carrier=1 carrier=1802.0Hz agc=0.00081 power=7214244 shaper_sets=640
FLOW [proto@0x1044753ae] Rx - Phase 3 S baud 4000: mag=0.982 data_bits=3 alt=0/32 stable=0 dom=3:32/32 rev=0/32 counts=0,0,0,32
FLOW [proto@0x1044753ae] Rx - primary_channel_rx: baud_rate=0 high_carrier=1 carrier=1801.8Hz agc=0.00081 power=7214308 shaper_sets=640
FLOW [proto@0x1044753ae] Rx - primary_channel_rx: baud_rate=0 high_carrier=1 carrier=1801.8Hz agc=0.00081 power=7221601 shaper_sets=640
FLOW [proto@0x1044753ae] Rx - primary_channel_rx: baud_rate=0 high_carrier=1 carrier=1802.0Hz agc=0.00081 power=7222644 shaper_sets=640
FLOW [proto@0x1044753ae] Rx - primary_channel_rx: baud_rate=0 high_carrier=1 carrier=1802.1Hz agc=0.00081 power=7227265 shaper_sets=640
FLOW [proto@0x1044753ae] Rx - Phase 3 TRN: best hyp=0 ones=5305/7168 (74%)
FLOW [proto@0x1044753ae] Rx - Phase 3 WAIT_S heartbeat: dur=4096 demod=0 event=0 j_bits=8190 trn_bits=7168 trn_hint=0/75%
FLOW [proto@0x1044753ae] Rx - Phase 3 Ja parser input: hyp0 len=8192 bits (stage=10, need ~16340 to parse)
FLOW [proto@0x1044753ae] Rx - Phase 3 Ja capture: emitted 8192 bits using hyp=0
FLOW [proto@0x1044753ae] Rx - primary_channel_rx: baud_rate=0 high_carrier=1 carrier=1802.2Hz agc=0.00081 power=7225513 shaper_sets=640
FLOW [proto@0x1044753ae] Rx - primary_channel_rx: baud_rate=0 high_carrier=1 carrier=1802.2Hz agc=0.00081 power=7223190 shaper_sets=640
FLOW [proto@0x1044753ae] Rx - primary_channel_rx: baud_rate=0 high_carrier=1 carrier=1802.3Hz agc=0.00081 power=7225819 shaper_sets=640
FLOW [proto@0x1044753ae] Rx - primary_channel_rx: baud_rate=0 high_carrier=1 carrier=1802.3Hz agc=0.00081 power=7223902 shaper_sets=640
FLOW [proto@0x1044753ae] Rx - primary_channel_rx: baud_rate=0 high_carrier=1 carrier=1802.2Hz agc=0.00081 power=7225804 shaper_sets=640
FLOW [proto@0x1044753ae] Rx - primary_channel_rx: baud_rate=0 high_carrier=1 carrier=1802.2Hz agc=0.00081 power=7228264 shaper_sets=640
FLOW [proto@0x1044753ae] Rx - Phase 3 Ja capture: emitted 8448 bits using hyp=0
FLOW [proto@0x1044753ae] Rx - primary_channel_rx: baud_rate=0 high_carrier=1 carrier=1802.1Hz agc=0.00081 power=7223213 shaper_sets=640
FLOW [proto@0x1044753ae] Rx - primary_channel_rx: baud_rate=0 high_carrier=1 carrier=1802.0Hz agc=0.00081 power=7198928 shaper_sets=640
FLOW [proto@0x1044753ae] Rx - primary_channel_rx: baud_rate=0 high_carrier=1 carrier=1801.8Hz agc=0.00081 power=7193832 shaper_sets=640
FLOW [proto@0x1044753ae] Rx - primary_channel_rx: baud_rate=0 high_carrier=1 carrier=1801.9Hz agc=0.00081 power=7223118 shaper_sets=640
FLOW [proto@0x1044753ae] Rx - primary_channel_rx: baud_rate=0 high_carrier=1 carrier=1802.1Hz agc=0.00081 power=7191005 shaper_sets=640
FLOW [proto@0x1044753ae] Rx - Phase 3 TRN: best hyp=0 ones=5681/7680 (74%)
FLOW [proto@0x1044753ae] Rx - Phase 3 WAIT_S heartbeat: dur=4352 demod=0 event=0 j_bits=8702 trn_bits=7680 trn_hint=0/75%
FLOW [proto@0x1044753ae] Rx - Phase 3 Ja capture: emitted 8704 bits using hyp=0
FLOW [proto@0x1044753ae] Rx - primary_channel_rx: baud_rate=0 high_carrier=1 carrier=1802.2Hz agc=0.00081 power=7193165 shaper_sets=640
FLOW [proto@0x1044753ae] Rx - primary_channel_rx: baud_rate=0 high_carrier=1 carrier=1802.3Hz agc=0.00081 power=7192945 shaper_sets=640
FLOW [proto@0x1044753ae] Rx - primary_channel_rx: baud_rate=0 high_carrier=1 carrier=1802.3Hz agc=0.00081 power=7142277 shaper_sets=640
FLOW [proto@0x1044753ae] Rx - primary_channel_rx: baud_rate=0 high_carrier=1 carrier=1802.3Hz agc=0.00081 power=7156804 shaper_sets=640
FLOW [proto@0x1044753ae] Rx - primary_channel_rx: baud_rate=0 high_carrier=1 carrier=1802.3Hz agc=0.00081 power=7123322 shaper_sets=640
FLOW [proto@0x1044753ae] Rx - Phase 3 Ja capture: emitted 8960 bits using hyp=0
FLOW [proto@0x1044753ae] Rx - primary_channel_rx: baud_rate=0 high_carrier=1 carrier=1802.3Hz agc=0.00081 power=7147101 shaper_sets=640
FLOW [proto@0x1044753ae] Rx - primary_channel_rx: baud_rate=0 high_carrier=1 carrier=1802.2Hz agc=0.00081 power=7125594 shaper_sets=640
FLOW [proto@0x1044753ae] Rx - primary_channel_rx: baud_rate=0 high_carrier=1 carrier=1802.1Hz agc=0.00081 power=7125659 shaper_sets=640
FLOW [proto@0x1044753ae] Rx - primary_channel_rx: baud_rate=0 high_carrier=1 carrier=1802.0Hz agc=0.00081 power=7125614 shaper_sets=640
FLOW [proto@0x1044753ae] Rx - primary_channel_rx: baud_rate=0 high_carrier=1 carrier=1801.9Hz agc=0.00081 power=7123994 shaper_sets=640
FLOW [proto@0x1044753ae] Rx - Phase 3 TRN: best hyp=0 ones=6060/8192 (74%)
FLOW [proto@0x1044753ae] Rx - Phase 3 WAIT_S heartbeat: dur=4608 demod=0 event=0 j_bits=9214 trn_bits=8192 trn_hint=0/75%
FLOW [proto@0x1044753ae] Rx - primary_channel_rx: baud_rate=0 high_carrier=1 carrier=1802.1Hz agc=0.00081 power=7133210 shaper_sets=640
FLOW [proto@0x1044753ae] Rx - Phase 3 Ja capture: emitted 9216 bits using hyp=0
FLOW [proto@0x1044753ae] Rx - primary_channel_rx: baud_rate=0 high_carrier=1 carrier=1802.2Hz agc=0.00081 power=7133155 shaper_sets=640
FLOW [proto@0x1044753ae] Rx - primary_channel_rx: baud_rate=0 high_carrier=1 carrier=1802.3Hz agc=0.00081 power=7141026 shaper_sets=640
FLOW [proto@0x1044753ae] Rx - primary_channel_rx: baud_rate=0 high_carrier=1 carrier=1802.3Hz agc=0.00081 power=7141184 shaper_sets=640
FLOW [proto@0x1044753ae] Rx - primary_channel_rx: baud_rate=0 high_carrier=1 carrier=1802.4Hz agc=0.00081 power=7143966 shaper_sets=640
FLOW [proto@0x1044753ae] Rx - primary_channel_rx: baud_rate=0 high_carrier=1 carrier=1802.4Hz agc=0.00081 power=7171211 shaper_sets=640
FLOW [proto@0x1044753ae] Rx - Phase 3 Ja capture: emitted 9472 bits using hyp=0
FLOW [proto@0x1044753ae] Rx - primary_channel_rx: baud_rate=0 high_carrier=1 carrier=1802.4Hz agc=0.00081 power=7172864 shaper_sets=640
FLOW [proto@0x1044753ae] Rx - primary_channel_rx: baud_rate=0 high_carrier=1 carrier=1802.3Hz agc=0.00081 power=7173495 shaper_sets=640
FLOW [proto@0x1044753ae] Rx - primary_channel_rx: baud_rate=0 high_carrier=1 carrier=1802.2Hz agc=0.00081 power=7175269 shaper_sets=640
FLOW [proto@0x1044753ae] Rx - primary_channel_rx: baud_rate=0 high_carrier=1 carrier=1802.1Hz agc=0.00081 power=7173650 shaper_sets=640
FLOW [proto@0x1044753ae] Rx - primary_channel_rx: baud_rate=0 high_carrier=1 carrier=1802.0Hz agc=0.00081 power=7171072 shaper_sets=640
FLOW [proto@0x1044753ae] Rx - Phase 3 TRN: best hyp=0 ones=6439/8704 (74%)
FLOW [proto@0x1044753ae] Rx - Phase 3 WAIT_S heartbeat: dur=4864 demod=0 event=0 j_bits=9726 trn_bits=8704 trn_hint=0/75%
FLOW [proto@0x1044753ae] Rx - Phase 3 Ja capture: emitted 9728 bits using hyp=0
FLOW [proto@0x1044753ae] Rx - primary_channel_rx: baud_rate=0 high_carrier=1 carrier=1802.1Hz agc=0.00081 power=7160908 shaper_sets=640
FLOW [proto@0x1044753ae] Rx - primary_channel_rx: baud_rate=0 high_carrier=1 carrier=1802.2Hz agc=0.00081 power=7171536 shaper_sets=640
FLOW [proto@0x1044753ae] Rx - primary_channel_rx: baud_rate=0 high_carrier=1 carrier=1802.3Hz agc=0.00081 power=7169044 shaper_sets=640
FLOW [proto@0x1044753ae] Rx - primary_channel_rx: baud_rate=0 high_carrier=1 carrier=1802.4Hz agc=0.00081 power=7165205 shaper_sets=640
FLOW [proto@0x1044753ae] Rx - primary_channel_rx: baud_rate=0 high_carrier=1 carrier=1802.4Hz agc=0.00081 power=7161660 shaper_sets=640
FLOW [proto@0x1044753ae] Rx - primary_channel_rx: baud_rate=0 high_carrier=1 carrier=1802.4Hz agc=0.00081 power=7165350 shaper_sets=640
FLOW [proto@0x1044753ae] Rx - Phase 3 Ja capture: emitted 9984 bits using hyp=0
FLOW [proto@0x1044753ae] Rx - Phase 3 S baud 5000: mag=0.984 data_bits=3 alt=0/32 stable=0 dom=3:32/32 rev=0/32 counts=0,0,0,32
FLOW [proto@0x1044753ae] Rx - primary_channel_rx: baud_rate=0 high_carrier=1 carrier=1802.4Hz agc=0.00081 power=7154642 shaper_sets=640
FLOW [proto@0x1044753ae] Rx - primary_channel_rx: baud_rate=0 high_carrier=1 carrier=1802.3Hz agc=0.00081 power=7157775 shaper_sets=640
FLOW [proto@0x1044753ae] Rx - primary_channel_rx: baud_rate=0 high_carrier=1 carrier=1802.3Hz agc=0.00081 power=7159669 shaper_sets=640
FLOW [proto@0x1044753ae] Rx - primary_channel_rx: baud_rate=0 high_carrier=1 carrier=1802.1Hz agc=0.00081 power=7157333 shaper_sets=640
FLOW [proto@0x1044753ae] Rx - primary_channel_rx: baud_rate=0 high_carrier=1 carrier=1802.0Hz agc=0.00081 power=7157709 shaper_sets=640
FLOW [proto@0x1044753ae] Rx - Phase 3 TRN: best hyp=0 ones=6821/9216 (74%)
FLOW [proto@0x1044753ae] Rx - Phase 3 WAIT_S heartbeat: dur=5120 demod=0 event=0 j_bits=10238 trn_bits=9216 trn_hint=0/75%
FLOW [proto@0x1044753ae] Rx - Phase 3 Ja parser input: hyp0 len=10240 bits (stage=10, need ~16340 to parse)
FLOW [proto@0x1044753ae] Rx - Phase 3 Ja capture: emitted 10240 bits using hyp=0
FLOW [proto@0x1044753ae] Rx - primary_channel_rx: baud_rate=0 high_carrier=1 carrier=1802.1Hz agc=0.00081 power=7172566 shaper_sets=640
FLOW [proto@0x1044753ae] Rx - primary_channel_rx: baud_rate=0 high_carrier=1 carrier=1802.2Hz agc=0.00081 power=7218871 shaper_sets=640
FLOW [proto@0x1044753ae] Rx - primary_channel_rx: baud_rate=0 high_carrier=1 carrier=1802.3Hz agc=0.00081 power=7214597 shaper_sets=640
FLOW [proto@0x1044753ae] Rx - primary_channel_rx: baud_rate=0 high_carrier=1 carrier=1802.4Hz agc=0.00081 power=7206846 shaper_sets=640
FLOW [proto@0x1044753ae] Rx - primary_channel_rx: baud_rate=0 high_carrier=1 carrier=1802.5Hz agc=0.00081 power=7206764 shaper_sets=640
FLOW [proto@0x1044753ae] Rx - Phase 3 Ja capture: emitted 10496 bits using hyp=0
FLOW [proto@0x1044753ae] Rx - primary_channel_rx: baud_rate=0 high_carrier=1 carrier=1802.5Hz agc=0.00081 power=7206669 shaper_sets=640
FLOW [proto@0x1044753ae] Rx - primary_channel_rx: baud_rate=0 high_carrier=1 carrier=1802.4Hz agc=0.00081 power=7222628 shaper_sets=640
FLOW [proto@0x1044753ae] Rx - primary_channel_rx: baud_rate=0 high_carrier=1 carrier=1802.4Hz agc=0.00081 power=7224118 shaper_sets=640
FLOW [proto@0x1044753ae] Rx - primary_channel_rx: baud_rate=0 high_carrier=1 carrier=1802.3Hz agc=0.00081 power=7231965 shaper_sets=640
FLOW [proto@0x1044753ae] Rx - primary_channel_rx: baud_rate=0 high_carrier=1 carrier=1802.1Hz agc=0.00081 power=7209111 shaper_sets=640
FLOW [proto@0x1044753ae] Rx - Phase 3 TRN: best hyp=0 ones=7201/9728 (74%)
FLOW [proto@0x1044753ae] Rx - Phase 3 WAIT_S heartbeat: dur=5376 demod=0 event=0 j_bits=10750 trn_bits=9728 trn_hint=0/75%
FLOW [proto@0x1044753ae] Rx - primary_channel_rx: baud_rate=0 high_carrier=1 carrier=1802.1Hz agc=0.00081 power=7232184 shaper_sets=640
FLOW [proto@0x1044753ae] Rx - Phase 3 Ja capture: emitted 10752 bits using hyp=0
FLOW [proto@0x1044753ae] Rx - primary_channel_rx: baud_rate=0 high_carrier=1 carrier=1802.2Hz agc=0.00081 power=7231416 shaper_sets=640
FLOW [proto@0x1044753ae] Rx - primary_channel_rx: baud_rate=0 high_carrier=1 carrier=1802.3Hz agc=0.00081 power=7232999 shaper_sets=640
FLOW [proto@0x1044753ae] Rx - primary_channel_rx: baud_rate=0 high_carrier=1 carrier=1802.4Hz agc=0.00081 power=7232182 shaper_sets=640
FLOW [proto@0x1044753ae] Rx - primary_channel_rx: baud_rate=0 high_carrier=1 carrier=1802.5Hz agc=0.00081 power=7233228 shaper_sets=640
FLOW [proto@0x1044753ae] Rx - primary_channel_rx: baud_rate=0 high_carrier=1 carrier=1802.5Hz agc=0.00081 power=7233130 shaper_sets=640
FLOW [proto@0x1044753ae] Rx - Phase 3 Ja capture: emitted 11008 bits using hyp=0
FLOW [proto@0x1044753ae] Rx - primary_channel_rx: baud_rate=0 high_carrier=1 carrier=1802.5Hz agc=0.00081 power=7231794 shaper_sets=640
FLOW [proto@0x1044753ae] Rx - primary_channel_rx: baud_rate=0 high_carrier=1 carrier=1802.4Hz agc=0.00081 power=7234244 shaper_sets=640
FLOW [proto@0x1044753ae] Rx - primary_channel_rx: baud_rate=0 high_carrier=1 carrier=1802.4Hz agc=0.00081 power=7231916 shaper_sets=640
FLOW [proto@0x1044753ae] Rx - primary_channel_rx: baud_rate=0 high_carrier=1 carrier=1802.3Hz agc=0.00081 power=7234420 shaper_sets=640
FLOW [proto@0x1044753ae] Rx - primary_channel_rx: baud_rate=0 high_carrier=1 carrier=1802.1Hz agc=0.00081 power=7231917 shaper_sets=640
FLOW [proto@0x1044753ae] Rx - Phase 3 TRN: best hyp=0 ones=7581/10240 (74%)
FLOW [proto@0x1044753ae] Rx - Phase 3 WAIT_S heartbeat: dur=5632 demod=0 event=0 j_bits=11262 trn_bits=10240 trn_hint=0/75%
FLOW [proto@0x1044753ae] Rx - Phase 3 Ja capture: emitted 11264 bits using hyp=0
FLOW [proto@0x1044753ae] Rx - primary_channel_rx: baud_rate=0 high_carrier=1 carrier=1802.1Hz agc=0.00081 power=7232328 shaper_sets=640
FLOW [proto@0x1044753ae] Rx - primary_channel_rx: baud_rate=0 high_carrier=1 carrier=1802.3Hz agc=0.00081 power=7232899 shaper_sets=640
FLOW [proto@0x1044753ae] Rx - primary_channel_rx: baud_rate=0 high_carrier=1 carrier=1802.4Hz agc=0.00081 power=7237702 shaper_sets=640
FLOW [proto@0x1044753ae] Rx - primary_channel_rx: baud_rate=0 high_carrier=1 carrier=1802.5Hz agc=0.00081 power=7233894 shaper_sets=640
FLOW [proto@0x1044753ae] Rx - primary_channel_rx: baud_rate=0 high_carrier=1 carrier=1802.5Hz agc=0.00081 power=7238782 shaper_sets=640
FLOW [proto@0x1044753ae] Rx - primary_channel_rx: baud_rate=0 high_carrier=1 carrier=1802.5Hz agc=0.00081 power=7234944 shaper_sets=640
FLOW [proto@0x1044753ae] Rx - Phase 3 Ja capture: emitted 11520 bits using hyp=0
FLOW [proto@0x1044753ae] Rx - primary_channel_rx: baud_rate=0 high_carrier=1 carrier=1802.5Hz agc=0.00081 power=7234812 shaper_sets=640
FLOW [proto@0x1044753ae] Rx - primary_channel_rx: baud_rate=0 high_carrier=1 carrier=1802.4Hz agc=0.00081 power=7234482 shaper_sets=640
FLOW [proto@0x1044753ae] Rx - primary_channel_rx: baud_rate=0 high_carrier=1 carrier=1802.4Hz agc=0.00081 power=7212592 shaper_sets=640
FLOW [proto@0x1044753ae] Rx - primary_channel_rx: baud_rate=0 high_carrier=1 carrier=1802.2Hz agc=0.00081 power=7207798 shaper_sets=640
FLOW [proto@0x1044753ae] Rx - primary_channel_rx: baud_rate=0 high_carrier=1 carrier=1802.1Hz agc=0.00081 power=7213559 shaper_sets=640
FLOW [proto@0x1044753ae] Rx - Phase 3 TRN: best hyp=0 ones=7956/10752 (74%)
FLOW [proto@0x1044753ae] Rx - Phase 3 WAIT_S heartbeat: dur=5888 demod=0 event=0 j_bits=11774 trn_bits=10752 trn_hint=0/75%
FLOW [proto@0x1044753ae] Rx - Phase 3 Ja capture: emitted 11776 bits using hyp=0
FLOW [proto@0x1044753ae] Rx - primary_channel_rx: baud_rate=0 high_carrier=1 carrier=1802.2Hz agc=0.00081 power=7234510 shaper_sets=640
FLOW [proto@0x1044753ae] Rx - primary_channel_rx: baud_rate=0 high_carrier=1 carrier=1802.4Hz agc=0.00081 power=7212651 shaper_sets=640
FLOW [proto@0x1044753ae] Rx - primary_channel_rx: baud_rate=0 high_carrier=1 carrier=1802.4Hz agc=0.00081 power=7210611 shaper_sets=640
FLOW [proto@0x1044753ae] Rx - primary_channel_rx: baud_rate=0 high_carrier=1 carrier=1802.5Hz agc=0.00081 power=7211120 shaper_sets=640
FLOW [proto@0x1044753ae] Rx - Phase 3 S baud 6000: mag=0.983 data_bits=3 alt=0/32 stable=0 dom=3:32/32 rev=0/32 counts=0,0,0,32
FLOW [proto@0x1044753ae] Rx - Phase 3: S detect timeout (6000 bauds, alt=0/32 rev=0/32, j_bits=12000 trn_bits=10978 trn_hint=0/75%), continuing search
FLOW [proto@0x1044753ae] Rx - primary_channel_rx: baud_rate=0 high_carrier=1 carrier=1802.5Hz agc=0.00081 power=7247720 shaper_sets=640
FLOW [proto@0x1044753ae] Rx - Phase 3 WAIT_S heartbeat: dur=1 demod=0 event=0 j_bits=12000 trn_bits=10978 trn_hint=0/75%
FLOW [proto@0x1044753ae] Rx - Phase 3 S baud 1: mag=1.030 data_bits=3 alt=0/32 stable=0 dom=3:1/32 rev=0/32 counts=0,0,0,1
FLOW [proto@0x1044753ae] Rx - Phase 3 S baud 2: mag=1.037 data_bits=3 alt=0/32 stable=0 dom=3:2/32 rev=0/32 counts=0,0,0,2
FLOW [proto@0x1044753ae] Rx - Phase 3 S baud 3: mag=0.946 data_bits=3 alt=0/32 stable=0 dom=3:3/32 rev=0/32 counts=0,0,0,3
FLOW [proto@0x1044753ae] Rx - Phase 3 S baud 4: mag=0.987 data_bits=3 alt=0/32 stable=0 dom=3:4/32 rev=0/32 counts=0,0,0,4
FLOW [proto@0x1044753ae] Rx - Phase 3 Ja capture: emitted 12032 bits using hyp=0
FLOW [proto@0x1044753ae] Rx - primary_channel_rx: baud_rate=0 high_carrier=1 carrier=1802.5Hz agc=0.00081 power=7219847 shaper_sets=640
FLOW [proto@0x1044753ae] Rx - primary_channel_rx: baud_rate=0 high_carrier=1 carrier=1802.5Hz agc=0.00081 power=7259780 shaper_sets=640
FLOW [proto@0x1044753ae] Rx - primary_channel_rx: baud_rate=0 high_carrier=1 carrier=1802.4Hz agc=0.00081 power=7219799 shaper_sets=640
FLOW [proto@0x1044753ae] Rx - primary_channel_rx: baud_rate=0 high_carrier=1 carrier=1802.3Hz agc=0.00081 power=7259916 shaper_sets=640
FLOW [proto@0x1044753ae] Rx - primary_channel_rx: baud_rate=0 high_carrier=1 carrier=1802.2Hz agc=0.00081 power=7220412 shaper_sets=640
FLOW [proto@0x1044753ae] Rx - primary_channel_rx: baud_rate=0 high_carrier=1 carrier=1802.2Hz agc=0.00081 power=7256594 shaper_sets=640
FLOW [proto@0x1044753ae] Rx - Phase 3 Ja parser input: hyp0 len=12288 bits (stage=10, need ~16340 to parse)
FLOW [proto@0x1044753ae] Rx - Phase 3 Ja capture: emitted 12288 bits using hyp=0
FLOW [proto@0x1044753ae] Rx - primary_channel_rx: baud_rate=0 high_carrier=1 carrier=1802.3Hz agc=0.00081 power=7215715 shaper_sets=640
FLOW [proto@0x1044753ae] Rx - primary_channel_rx: baud_rate=0 high_carrier=1 carrier=1802.4Hz agc=0.00081 power=7262900 shaper_sets=640
FLOW [proto@0x1044753ae] Rx - primary_channel_rx: baud_rate=0 high_carrier=1 carrier=1802.5Hz agc=0.00081 power=7226441 shaper_sets=640
FLOW [proto@0x1044753ae] Rx - primary_channel_rx: baud_rate=0 high_carrier=1 carrier=1802.5Hz agc=0.00080 power=7272440 shaper_sets=640
FLOW [proto@0x1044753ae] Rx - Phase 3 WAIT_S heartbeat: dur=256 demod=0 event=0 j_bits=12510 trn_bits=10978 trn_hint=0/75%
FLOW [proto@0x1044753ae] Rx - primary_channel_rx: baud_rate=0 high_carrier=1 carrier=1802.6Hz agc=0.00081 power=7231080 shaper_sets=640
FLOW [proto@0x1044753ae] Rx - Phase 3 Ja capture: emitted 12544 bits using hyp=0
FLOW [proto@0x1044753ae] Rx - primary_channel_rx: baud_rate=0 high_carrier=1 carrier=1802.5Hz agc=0.00080 power=7272841 shaper_sets=640
FLOW [proto@0x1044753ae] Rx - primary_channel_rx: baud_rate=0 high_carrier=1 carrier=1802.5Hz agc=0.00081 power=7243295 shaper_sets=640
FLOW [proto@0x1044753ae] Rx - primary_channel_rx: baud_rate=0 high_carrier=1 carrier=1802.4Hz agc=0.00081 power=7245406 shaper_sets=640
FLOW [proto@0x1044753ae] Rx - primary_channel_rx: baud_rate=0 high_carrier=1 carrier=1802.2Hz agc=0.00081 power=7237220 shaper_sets=640
FLOW [proto@0x1044753ae] Rx - primary_channel_rx: baud_rate=0 high_carrier=1 carrier=1802.2Hz agc=0.00081 power=7260731 shaper_sets=640
FLOW [proto@0x1044753ae] Rx - Phase 3 TRN: best hyp=0 ones=8334/11264 (74%)
FLOW [proto@0x1044753ae] Rx - Phase 3 Ja capture: emitted 12800 bits using hyp=0
FLOW [proto@0x1044753ae] Rx - primary_channel_rx: baud_rate=0 high_carrier=1 carrier=1802.3Hz agc=0.00080 power=7295310 shaper_sets=640
FLOW [proto@0x1044753ae] Rx - primary_channel_rx: baud_rate=0 high_carrier=1 carrier=1802.4Hz agc=0.00081 power=7260816 shaper_sets=640
FLOW [proto@0x1044753ae] Rx - primary_channel_rx: baud_rate=0 high_carrier=1 carrier=1802.5Hz agc=0.00080 power=7293498 shaper_sets=640
FLOW [proto@0x1044753ae] Rx - primary_channel_rx: baud_rate=0 high_carrier=1 carrier=1802.6Hz agc=0.00080 power=7287101 shaper_sets=640
FLOW [proto@0x1044753ae] Rx - primary_channel_rx: baud_rate=0 high_carrier=1 carrier=1802.6Hz agc=0.00080 power=7292957 shaper_sets=640
FLOW [proto@0x1044753ae] Rx - Phase 3 WAIT_S heartbeat: dur=512 demod=0 event=0 j_bits=13022 trn_bits=11490 trn_hint=0/75%
FLOW [proto@0x1044753ae] Rx - primary_channel_rx: baud_rate=0 high_carrier=1 carrier=1802.6Hz agc=0.00080 power=7292181 shaper_sets=640
FLOW [proto@0x1044753ae] Rx - Phase 3 Ja capture: emitted 13056 bits using hyp=0
FLOW [proto@0x1044753ae] Rx - primary_channel_rx: baud_rate=0 high_carrier=1 carrier=1802.5Hz agc=0.00080 power=7292288 shaper_sets=640
FLOW [proto@0x1044753ae] Rx - primary_channel_rx: baud_rate=0 high_carrier=1 carrier=1802.4Hz agc=0.00080 power=7291136 shaper_sets=640
FLOW [proto@0x1044753ae] Rx - primary_channel_rx: baud_rate=0 high_carrier=1 carrier=1802.3Hz agc=0.00080 power=7285362 shaper_sets=640
FLOW [proto@0x1044753ae] Rx - primary_channel_rx: baud_rate=0 high_carrier=1 carrier=1802.2Hz agc=0.00080 power=7290561 shaper_sets=640
FLOW [proto@0x1044753ae] Rx - primary_channel_rx: baud_rate=0 high_carrier=1 carrier=1802.3Hz agc=0.00080 power=7285474 shaper_sets=640
FLOW [proto@0x1044753ae] Rx - Phase 3 TRN: best hyp=0 ones=8713/11776 (74%)
FLOW [proto@0x1044753ae] Rx - Phase 3 Ja capture: emitted 13312 bits using hyp=0
FLOW [proto@0x1044753ae] Rx - primary_channel_rx: baud_rate=0 high_carrier=1 carrier=1802.5Hz agc=0.00080 power=7285446 shaper_sets=640
FLOW [proto@0x1044753ae] Rx - primary_channel_rx: baud_rate=0 high_carrier=1 carrier=1802.5Hz agc=0.00080 power=7276862 shaper_sets=640
FLOW [proto@0x1044753ae] Rx - primary_channel_rx: baud_rate=0 high_carrier=1 carrier=1802.6Hz agc=0.00080 power=7284972 shaper_sets=640
FLOW [proto@0x1044753ae] Rx - primary_channel_rx: baud_rate=0 high_carrier=1 carrier=1802.6Hz agc=0.00080 power=7284946 shaper_sets=640
FLOW [proto@0x1044753ae] Rx - Phase 3 WAIT_S heartbeat: dur=768 demod=0 event=0 j_bits=13534 trn_bits=12002 trn_hint=0/75%
FLOW [proto@0x1044753ae] Rx - primary_channel_rx: baud_rate=0 high_carrier=1 carrier=1802.6Hz agc=0.00080 power=7293136 shaper_sets=640
FLOW [proto@0x1044753ae] Rx - Phase 3 Ja capture: emitted 13568 bits using hyp=0
FLOW [proto@0x1044753ae] Rx - primary_channel_rx: baud_rate=0 high_carrier=1 carrier=1802.6Hz agc=0.00080 power=7268338 shaper_sets=640
FLOW [proto@0x1044753ae] Rx - primary_channel_rx: baud_rate=0 high_carrier=1 carrier=1802.5Hz agc=0.00080 power=7283429 shaper_sets=640
FLOW [proto@0x1044753ae] Rx - primary_channel_rx: baud_rate=0 high_carrier=1 carrier=1802.3Hz agc=0.00080 power=7274214 shaper_sets=640
FLOW [proto@0x1044753ae] Rx - primary_channel_rx: baud_rate=0 high_carrier=1 carrier=1802.2Hz agc=0.00080 power=7283867 shaper_sets=640
FLOW [proto@0x1044753ae] Rx - primary_channel_rx: baud_rate=0 high_carrier=1 carrier=1802.4Hz agc=0.00080 power=7269770 shaper_sets=640
FLOW [proto@0x1044753ae] Rx - Phase 3 TRN: best hyp=0 ones=9093/12288 (74%)
FLOW [proto@0x1044753ae] Rx - primary_channel_rx: baud_rate=0 high_carrier=1 carrier=1802.5Hz agc=0.00080 power=7269498 shaper_sets=640
FLOW [proto@0x1044753ae] Rx - Phase 3 Ja capture: emitted 13824 bits using hyp=0
FLOW [proto@0x1044753ae] Rx - primary_channel_rx: baud_rate=0 high_carrier=1 carrier=1802.6Hz agc=0.00080 power=7268412 shaper_sets=640
FLOW [proto@0x1044753ae] Rx - primary_channel_rx: baud_rate=0 high_carrier=1 carrier=1802.6Hz agc=0.00080 power=7269579 shaper_sets=640
FLOW [proto@0x1044753ae] Rx - primary_channel_rx: baud_rate=0 high_carrier=1 carrier=1802.7Hz agc=0.00080 power=7276224 shaper_sets=640
FLOW [proto@0x1044753ae] Rx - Phase 3 S baud 1000: mag=0.994 data_bits=3 alt=0/32 stable=0 dom=3:32/32 rev=0/32 counts=0,0,0,32
FLOW [proto@0x1044753ae] Rx - primary_channel_rx: baud_rate=0 high_carrier=1 carrier=1802.6Hz agc=0.00080 power=7286654 shaper_sets=640
FLOW [proto@0x1044753ae] Rx - Phase 3 WAIT_S heartbeat: dur=1024 demod=0 event=0 j_bits=14046 trn_bits=12514 trn_hint=0/75%
FLOW [proto@0x1044753ae] Rx - primary_channel_rx: baud_rate=0 high_carrier=1 carrier=1802.6Hz agc=0.00080 power=7268663 shaper_sets=640
FLOW [proto@0x1044753ae] Rx - Phase 3 Ja capture: emitted 14080 bits using hyp=0
FLOW [proto@0x1044753ae] Rx - primary_channel_rx: baud_rate=0 high_carrier=1 carrier=1802.5Hz agc=0.00080 power=7286641 shaper_sets=640
FLOW [proto@0x1044753ae] Rx - primary_channel_rx: baud_rate=0 high_carrier=1 carrier=1802.4Hz agc=0.00080 power=7287221 shaper_sets=640
FLOW [proto@0x1044753ae] Rx - primary_channel_rx: baud_rate=0 high_carrier=1 carrier=1802.3Hz agc=0.00080 power=7283291 shaper_sets=640
FLOW [proto@0x1044753ae] Rx - primary_channel_rx: baud_rate=0 high_carrier=1 carrier=1802.4Hz agc=0.00080 power=7284684 shaper_sets=640
FLOW [proto@0x1044753ae] Rx - primary_channel_rx: baud_rate=0 high_carrier=1 carrier=1802.5Hz agc=0.00081 power=7230367 shaper_sets=640
FLOW [proto@0x1044753ae] Rx - Phase 3 TRN: best hyp=0 ones=9472/12800 (74%)
FLOW [proto@0x1044753ae] Rx - Phase 3 Ja parser input: hyp0 len=14336 bits (stage=10, need ~16340 to parse)
FLOW [proto@0x1044753ae] Rx - Phase 3 Ja capture: emitted 14336 bits using hyp=0
FLOW [proto@0x1044753ae] Rx - primary_channel_rx: baud_rate=0 high_carrier=1 carrier=1802.6Hz agc=0.00080 power=7289859 shaper_sets=640
FLOW [proto@0x1044753ae] Rx - primary_channel_rx: baud_rate=0 high_carrier=1 carrier=1802.7Hz agc=0.00081 power=7235494 shaper_sets=640
FLOW [proto@0x1044753ae] Rx - primary_channel_rx: baud_rate=0 high_carrier=1 carrier=1802.7Hz agc=0.00081 power=7236552 shaper_sets=640
FLOW [proto@0x1044753ae] Rx - primary_channel_rx: baud_rate=0 high_carrier=1 carrier=1802.7Hz agc=0.00080 power=7273335 shaper_sets=640
FLOW [proto@0x1044753ae] Rx - primary_channel_rx: baud_rate=0 high_carrier=1 carrier=1802.6Hz agc=0.00081 power=7235665 shaper_sets=640
FLOW [proto@0x1044753ae] Rx - Phase 3 WAIT_S heartbeat: dur=1280 demod=0 event=0 j_bits=14558 trn_bits=13026 trn_hint=0/75%
FLOW [proto@0x1044753ae] Rx - primary_channel_rx: baud_rate=0 high_carrier=1 carrier=1802.5Hz agc=0.00081 power=7231756 shaper_sets=640
FLOW [proto@0x1044753ae] Rx - Phase 3 Ja capture: emitted 14592 bits using hyp=0
FLOW [proto@0x1044753ae] Rx - primary_channel_rx: baud_rate=0 high_carrier=1 carrier=1802.4Hz agc=0.00081 power=7236471 shaper_sets=640
FLOW [proto@0x1044753ae] Rx - primary_channel_rx: baud_rate=0 high_carrier=1 carrier=1802.3Hz agc=0.00081 power=7234185 shaper_sets=640
FLOW [proto@0x1044753ae] Rx - primary_channel_rx: baud_rate=0 high_carrier=1 carrier=1802.5Hz agc=0.00081 power=7234173 shaper_sets=640
FLOW [proto@0x1044753ae] Rx - primary_channel_rx: baud_rate=0 high_carrier=1 carrier=1802.6Hz agc=0.00081 power=7226494 shaper_sets=640
FLOW [proto@0x1044753ae] Rx - primary_channel_rx: baud_rate=0 high_carrier=1 carrier=1802.7Hz agc=0.00081 power=7223305 shaper_sets=640
FLOW [proto@0x1044753ae] Rx - Phase 3 TRN: best hyp=0 ones=9853/13312 (74%)
FLOW [proto@0x1044753ae] Rx - Phase 3 Ja capture: emitted 14848 bits using hyp=0
FLOW [proto@0x1044753ae] Rx - primary_channel_rx: baud_rate=0 high_carrier=1 carrier=1802.7Hz agc=0.00081 power=7229983 shaper_sets=640
FLOW [proto@0x1044753ae] Rx - primary_channel_rx: baud_rate=0 high_carrier=1 carrier=1802.7Hz agc=0.00081 power=7226864 shaper_sets=640
FLOW [proto@0x1044753ae] Rx - primary_channel_rx: baud_rate=0 high_carrier=1 carrier=1802.7Hz agc=0.00081 power=7230931 shaper_sets=640
FLOW [proto@0x1044753ae] Rx - primary_channel_rx: baud_rate=0 high_carrier=1 carrier=1802.6Hz agc=0.00081 power=7223920 shaper_sets=640
FLOW [proto@0x1044753ae] Rx - Phase 3 WAIT_S heartbeat: dur=1536 demod=0 event=0 j_bits=15070 trn_bits=13538 trn_hint=0/75%
FLOW [proto@0x1044753ae] Rx - primary_channel_rx: baud_rate=0 high_carrier=1 carrier=1802.5Hz agc=0.00081 power=7216561 shaper_sets=640
FLOW [proto@0x1044753ae] Rx - Phase 3 Ja capture: emitted 15104 bits using hyp=0
FLOW [proto@0x1044753ae] Rx - primary_channel_rx: baud_rate=0 high_carrier=1 carrier=1802.4Hz agc=0.00081 power=7199318 shaper_sets=640
FLOW [proto@0x1044753ae] Rx - primary_channel_rx: baud_rate=0 high_carrier=1 carrier=1802.4Hz agc=0.00081 power=7196926 shaper_sets=640
FLOW [proto@0x1044753ae] Rx - primary_channel_rx: baud_rate=0 high_carrier=1 carrier=1802.6Hz agc=0.00081 power=7200424 shaper_sets=640
FLOW [proto@0x1044753ae] Rx - primary_channel_rx: baud_rate=0 high_carrier=1 carrier=1802.7Hz agc=0.00081 power=7213839 shaper_sets=640
FLOW [proto@0x1044753ae] Rx - primary_channel_rx: baud_rate=0 high_carrier=1 carrier=1802.7Hz agc=0.00081 power=7219614 shaper_sets=640
FLOW [proto@0x1044753ae] Rx - Phase 3 TRN: best hyp=0 ones=10230/13824 (74%)
FLOW [proto@0x1044753ae] Rx - primary_channel_rx: baud_rate=0 high_carrier=1 carrier=1802.7Hz agc=0.00081 power=7213948 shaper_sets=640
FLOW [proto@0x1044753ae] Rx - Phase 3 Ja capture: emitted 15360 bits using hyp=0
FLOW [proto@0x1044753ae] Rx - primary_channel_rx: baud_rate=0 high_carrier=1 carrier=1802.7Hz agc=0.00081 power=7220305 shaper_sets=640
FLOW [proto@0x1044753ae] Rx - primary_channel_rx: baud_rate=0 high_carrier=1 carrier=1802.7Hz agc=0.00081 power=7213577 shaper_sets=640
FLOW [proto@0x1044753ae] Rx - primary_channel_rx: baud_rate=0 high_carrier=1 carrier=1802.6Hz agc=0.00080 power=7268317 shaper_sets=640
FLOW [proto@0x1044753ae] Rx - primary_channel_rx: baud_rate=0 high_carrier=1 carrier=1802.5Hz agc=0.00081 power=7262936 shaper_sets=640
FLOW [proto@0x1044753ae] Rx - Phase 3 WAIT_S heartbeat: dur=1792 demod=0 event=0 j_bits=15582 trn_bits=14050 trn_hint=0/75%
FLOW [proto@0x1044753ae] Rx - primary_channel_rx: baud_rate=0 high_carrier=1 carrier=1802.4Hz agc=0.00080 power=7270287 shaper_sets=640
FLOW [proto@0x1044753ae] Rx - Phase 3 Ja capture: emitted 15616 bits using hyp=0
FLOW [proto@0x1044753ae] Rx - primary_channel_rx: baud_rate=0 high_carrier=1 carrier=1802.5Hz agc=0.00081 power=7262355 shaper_sets=640
FLOW [proto@0x1044753ae] Rx - primary_channel_rx: baud_rate=0 high_carrier=1 carrier=1802.6Hz agc=0.00080 power=7272676 shaper_sets=640
FLOW [proto@0x1044753ae] Rx - primary_channel_rx: baud_rate=0 high_carrier=1 carrier=1802.7Hz agc=0.00080 power=7267647 shaper_sets=640
FLOW [proto@0x1044753ae] Rx - primary_channel_rx: baud_rate=0 high_carrier=1 carrier=1802.7Hz agc=0.00080 power=7272931 shaper_sets=640
FLOW [proto@0x1044753ae] Rx - primary_channel_rx: baud_rate=0 high_carrier=1 carrier=1802.8Hz agc=0.00080 power=7267979 shaper_sets=640
FLOW [proto@0x1044753ae] Rx - Phase 3 TRN: best hyp=0 ones=10610/14336 (74%)
FLOW [proto@0x1044753ae] Rx - Phase 3 Ja capture: emitted 15872 bits using hyp=0
FLOW [proto@0x1044753ae] Rx - primary_channel_rx: baud_rate=0 high_carrier=1 carrier=1802.7Hz agc=0.00080 power=7269104 shaper_sets=640
FLOW [proto@0x1044753ae] Rx - primary_channel_rx: baud_rate=0 high_carrier=1 carrier=1802.7Hz agc=0.00080 power=7267641 shaper_sets=640
FLOW [proto@0x1044753ae] Rx - primary_channel_rx: baud_rate=0 high_carrier=1 carrier=1802.6Hz agc=0.00080 power=7267325 shaper_sets=640
FLOW [proto@0x1044753ae] Rx - Phase 3 S baud 2000: mag=0.970 data_bits=3 alt=0/32 stable=0 dom=3:32/32 rev=0/32 counts=0,0,0,32
FLOW [proto@0x1044753ae] Rx - primary_channel_rx: baud_rate=0 high_carrier=1 carrier=1802.4Hz agc=0.00080 power=7267632 shaper_sets=640
FLOW [proto@0x1044753ae] Rx - primary_channel_rx: baud_rate=0 high_carrier=1 carrier=1802.5Hz agc=0.00080 power=7280598 shaper_sets=640
FLOW [proto@0x1044753ae] Rx - Phase 3 WAIT_S heartbeat: dur=2048 demod=0 event=0 j_bits=16094 trn_bits=14562 trn_hint=0/75%
FLOW [proto@0x1044753ae] Rx - primary_channel_rx: baud_rate=0 high_carrier=1 carrier=1802.6Hz agc=0.00081 power=7264796 shaper_sets=640
FLOW [proto@0x1044753ae] Rx - Phase 3 Ja capture: emitted 16128 bits using hyp=0
FLOW [proto@0x1044753ae] Rx - primary_channel_rx: baud_rate=0 high_carrier=1 carrier=1802.7Hz agc=0.00081 power=7265716 shaper_sets=640
FLOW [proto@0x1044753ae] Rx - primary_channel_rx: baud_rate=0 high_carrier=1 carrier=1802.8Hz agc=0.00080 power=7287111 shaper_sets=640
FLOW [proto@0x1044753ae] Rx - primary_channel_rx: baud_rate=0 high_carrier=1 carrier=1802.8Hz agc=0.00081 power=7252492 shaper_sets=640
FLOW [proto@0x1044753ae] Rx - primary_channel_rx: baud_rate=0 high_carrier=1 carrier=1802.8Hz agc=0.00081 power=7248816 shaper_sets=640
FLOW [proto@0x1044753ae] Rx - primary_channel_rx: baud_rate=0 high_carrier=1 carrier=1802.7Hz agc=0.00081 power=7254121 shaper_sets=640
FLOW [proto@0x1044753ae] Rx - Phase 3 TRN: best hyp=0 ones=10990/14848 (74%)
FLOW [proto@0x1044753ae] Rx - Phase 3 Ja parser input: hyp0 len=16384 bits (stage=10, need ~16340 to parse)
FLOW [proto@0x1044753ae] Rx - Phase 3 Ja capture: emitted 16384 bits using hyp=0
FLOW [proto@0x1044753ae] Rx - primary_channel_rx: baud_rate=0 high_carrier=1 carrier=1802.6Hz agc=0.00080 power=7286831 shaper_sets=640
FLOW [proto@0x1044753ae] Rx - primary_channel_rx: baud_rate=0 high_carrier=1 carrier=1802.5Hz agc=0.00080 power=7283362 shaper_sets=640
FLOW [proto@0x1044753ae] Rx - primary_channel_rx: baud_rate=0 high_carrier=1 carrier=1802.4Hz agc=0.00080 power=7273665 shaper_sets=640
FLOW [proto@0x1044753ae] Rx - primary_channel_rx: baud_rate=0 high_carrier=1 carrier=1802.6Hz agc=0.00080 power=7267601 shaper_sets=640
FLOW [proto@0x1044753ae] Rx - Phase 3 WAIT_S heartbeat: dur=2304 demod=0 event=0 j_bits=16606 trn_bits=15074 trn_hint=0/75%
FLOW [proto@0x1044753ae] Rx - primary_channel_rx: baud_rate=0 high_carrier=1 carrier=1802.7Hz agc=0.00080 power=7272576 shaper_sets=640
FLOW [proto@0x1044753ae] Rx - Phase 3 Ja capture: emitted 16640 bits using hyp=0
FLOW [proto@0x1044753ae] Rx - primary_channel_rx: baud_rate=0 high_carrier=1 carrier=1802.7Hz agc=0.00080 power=7280490 shaper_sets=640
FLOW [proto@0x1044753ae] Rx - primary_channel_rx: baud_rate=0 high_carrier=1 carrier=1802.8Hz agc=0.00080 power=7268577 shaper_sets=640
FLOW [proto@0x1044753ae] Rx - primary_channel_rx: baud_rate=0 high_carrier=1 carrier=1802.8Hz agc=0.00080 power=7289032 shaper_sets=640
FLOW [proto@0x1044753ae] Rx - primary_channel_rx: baud_rate=0 high_carrier=1 carrier=1802.8Hz agc=0.00080 power=7270437 shaper_sets=640
FLOW [proto@0x1044753ae] Rx - primary_channel_rx: baud_rate=0 high_carrier=1 carrier=1802.7Hz agc=0.00080 power=7270487 shaper_sets=640
FLOW [proto@0x1044753ae] Rx - Phase 3 TRN: best hyp=0 ones=11365/15360 (74%)
FLOW [proto@0x1044753ae] Rx - primary_channel_rx: baud_rate=0 high_carrier=1 carrier=1802.6Hz agc=0.00080 power=7268233 shaper_sets=640
FLOW [proto@0x1044753ae] Rx - Phase 3 Ja capture: emitted 16896 bits using hyp=0
FLOW [proto@0x1044753ae] Rx - primary_channel_rx: baud_rate=0 high_carrier=1 carrier=1802.4Hz agc=0.00080 power=7292145 shaper_sets=640
FLOW [proto@0x1044753ae] Rx - primary_channel_rx: baud_rate=0 high_carrier=1 carrier=1802.5Hz agc=0.00080 power=7267699 shaper_sets=640
FLOW [proto@0x1044753ae] Rx - primary_channel_rx: baud_rate=0 high_carrier=1 carrier=1802.7Hz agc=0.00080 power=7270058 shaper_sets=640
FLOW [proto@0x1044753ae] Rx - primary_channel_rx: baud_rate=0 high_carrier=1 carrier=1802.8Hz agc=0.00080 power=7269993 shaper_sets=640
FLOW [proto@0x1044753ae] Rx - Phase 3 WAIT_S heartbeat: dur=2560 demod=0 event=0 j_bits=17118 trn_bits=15586 trn_hint=0/75%
FLOW [proto@0x1044753ae] Rx - primary_channel_rx: baud_rate=0 high_carrier=1 carrier=1802.8Hz agc=0.00080 power=7293909 shaper_sets=640
FLOW [proto@0x1044753ae] Rx - Phase 3 Ja capture: emitted 17152 bits using hyp=0
FLOW [proto@0x1044753ae] Rx - primary_channel_rx: baud_rate=0 high_carrier=1 carrier=1802.8Hz agc=0.00080 power=7268387 shaper_sets=640
FLOW [proto@0x1044753ae] Rx - primary_channel_rx: baud_rate=0 high_carrier=1 carrier=1802.8Hz agc=0.00080 power=7294987 shaper_sets=640
FLOW [proto@0x1044753ae] Rx - primary_channel_rx: baud_rate=0 high_carrier=1 carrier=1802.7Hz agc=0.00080 power=7290652 shaper_sets=640
FLOW [proto@0x1044753ae] Rx - primary_channel_rx: baud_rate=0 high_carrier=1 carrier=1802.6Hz agc=0.00080 power=7293096 shaper_sets=640
FLOW [proto@0x1044753ae] Rx - primary_channel_rx: baud_rate=0 high_carrier=1 carrier=1802.5Hz agc=0.00080 power=7269980 shaper_sets=640
FLOW [proto@0x1044753ae] Rx - Phase 3 TRN: best hyp=0 ones=11742/15872 (74%)
FLOW [proto@0x1044753ae] Rx - Phase 3 Ja capture: emitted 17408 bits using hyp=0
FLOW [proto@0x1044753ae] Rx - primary_channel_rx: baud_rate=0 high_carrier=1 carrier=1802.5Hz agc=0.00080 power=7290419 shaper_sets=640
FLOW [proto@0x1044753ae] Rx - primary_channel_rx: baud_rate=0 high_carrier=1 carrier=1802.7Hz agc=0.00080 power=7290909 shaper_sets=640
FLOW [proto@0x1044753ae] Rx - primary_channel_rx: baud_rate=0 high_carrier=1 carrier=1802.8Hz agc=0.00080 power=7291727 shaper_sets=640
FLOW [proto@0x1044753ae] Rx - primary_channel_rx: baud_rate=0 high_carrier=1 carrier=1802.8Hz agc=0.00080 power=7290338 shaper_sets=640
FLOW [proto@0x1044753ae] Rx - primary_channel_rx: baud_rate=0 high_carrier=1 carrier=1802.8Hz agc=0.00080 power=7284059 shaper_sets=640
FLOW [proto@0x1044753ae] Rx - Phase 3 WAIT_S heartbeat: dur=2816 demod=0 event=0 j_bits=17630 trn_bits=16098 trn_hint=0/75%
FLOW [proto@0x1044753ae] Rx - primary_channel_rx: baud_rate=0 high_carrier=1 carrier=1802.8Hz agc=0.00080 power=7272810 shaper_sets=640
FLOW [proto@0x1044753ae] Rx - Phase 3 Ja capture: emitted 17664 bits using hyp=0
FLOW [proto@0x1044753ae] Rx - primary_channel_rx: baud_rate=0 high_carrier=1 carrier=1802.8Hz agc=0.00080 power=7297180 shaper_sets=640
FLOW [proto@0x1044753ae] Rx - primary_channel_rx: baud_rate=0 high_carrier=1 carrier=1802.7Hz agc=0.00080 power=7298265 shaper_sets=640
FLOW [proto@0x1044753ae] Rx - primary_channel_rx: baud_rate=0 high_carrier=1 carrier=1802.6Hz agc=0.00080 power=7316447 shaper_sets=640
FLOW [proto@0x1044753ae] Rx - primary_channel_rx: baud_rate=0 high_carrier=1 carrier=1802.6Hz agc=0.00080 power=7290988 shaper_sets=640
FLOW [proto@0x1044753ae] Rx - primary_channel_rx: baud_rate=0 high_carrier=1 carrier=1802.7Hz agc=0.00080 power=7303736 shaper_sets=640
FLOW [proto@0x1044753ae] Rx - Phase 3 TRN: best hyp=0 ones=12115/16384 (74%)
FLOW [proto@0x1044753ae] Rx - Phase 3 Ja capture: emitted 17920 bits using hyp=0
FLOW [proto@0x1044753ae] Rx - primary_channel_rx: baud_rate=0 high_carrier=1 carrier=1802.8Hz agc=0.00080 power=7291070 shaper_sets=640
FLOW [proto@0x1044753ae] Rx - Phase 3 S baud 3000: mag=0.958 data_bits=3 alt=0/32 stable=0 dom=3:32/32 rev=0/32 counts=0,0,0,32
FLOW [proto@0x1044753ae] Rx - primary_channel_rx: baud_rate=0 high_carrier=1 carrier=1802.9Hz agc=0.00080 power=7311900 shaper_sets=640
FLOW [proto@0x1044753ae] Rx - primary_channel_rx: baud_rate=0 high_carrier=1 carrier=1802.9Hz agc=0.00080 power=7304078 shaper_sets=640
FLOW [proto@0x1044753ae] Rx - primary_channel_rx: baud_rate=0 high_carrier=1 carrier=1802.9Hz agc=0.00080 power=7332725 shaper_sets=640
FLOW [proto@0x1044753ae] Rx - Phase 3 WAIT_S heartbeat: dur=3072 demod=0 event=0 j_bits=18142 trn_bits=16610 trn_hint=0/75%
FLOW [proto@0x1044753ae] Rx - primary_channel_rx: baud_rate=0 high_carrier=1 carrier=1802.8Hz agc=0.00080 power=7308002 shaper_sets=640
FLOW [proto@0x1044753ae] Rx - Phase 3 Ja capture: emitted 18176 bits using hyp=0
FLOW [proto@0x1044753ae] Rx - primary_channel_rx: baud_rate=0 high_carrier=1 carrier=1802.7Hz agc=0.00080 power=7334114 shaper_sets=640
FLOW [proto@0x1044753ae] Rx - primary_channel_rx: baud_rate=0 high_carrier=1 carrier=1802.6Hz agc=0.00080 power=7307457 shaper_sets=640
FLOW [proto@0x1044753ae] Rx - primary_channel_rx: baud_rate=0 high_carrier=1 carrier=1802.6Hz agc=0.00080 power=7338941 shaper_sets=640
FLOW [proto@0x1044753ae] Rx - primary_channel_rx: baud_rate=0 high_carrier=1 carrier=1802.7Hz agc=0.00080 power=7342574 shaper_sets=640
FLOW [proto@0x1044753ae] Rx - primary_channel_rx: baud_rate=0 high_carrier=1 carrier=1802.8Hz agc=0.00080 power=7343004 shaper_sets=640
FLOW [proto@0x1044753ae] Rx - Phase 3 TRN: best hyp=0 ones=12495/16896 (74%)
FLOW [proto@0x1044753ae] Rx - primary_channel_rx: baud_rate=0 high_carrier=1 carrier=1802.9Hz agc=0.00080 power=7340502 shaper_sets=640
FLOW [proto@0x1044753ae] Rx - Phase 3 Ja parser input: hyp0 len=18432 bits (stage=10, need ~16340 to parse)
FLOW [proto@0x1044753ae] Rx - Phase 3 Ja capture: emitted 18432 bits using hyp=0
FLOW [proto@0x1044753ae] Rx - primary_channel_rx: baud_rate=0 high_carrier=1 carrier=1802.9Hz agc=0.00080 power=7342060 shaper_sets=640
FLOW [proto@0x1044753ae] Rx - primary_channel_rx: baud_rate=0 high_carrier=1 carrier=1802.9Hz agc=0.00080 power=7322760 shaper_sets=640
FLOW [proto@0x1044753ae] Rx - primary_channel_rx: baud_rate=0 high_carrier=1 carrier=1802.9Hz agc=0.00080 power=7338321 shaper_sets=640
FLOW [proto@0x1044753ae] Rx - primary_channel_rx: baud_rate=0 high_carrier=1 carrier=1802.8Hz agc=0.00080 power=7342043 shaper_sets=640
FLOW [proto@0x1044753ae] Rx - Phase 3 WAIT_S heartbeat: dur=3328 demod=0 event=0 j_bits=18654 trn_bits=17122 trn_hint=0/75%
FLOW [proto@0x1044753ae] Rx - primary_channel_rx: baud_rate=0 high_carrier=1 carrier=1802.6Hz agc=0.00080 power=7343619 shaper_sets=640
FLOW [proto@0x1044753ae] Rx - Phase 3 Ja capture: emitted 18688 bits using hyp=0
FLOW [proto@0x1044753ae] Rx - primary_channel_rx: baud_rate=0 high_carrier=1 carrier=1802.6Hz agc=0.00080 power=7346238 shaper_sets=640
FLOW [proto@0x1044753ae] Rx - primary_channel_rx: baud_rate=0 high_carrier=1 carrier=1802.8Hz agc=0.00080 power=7343556 shaper_sets=640
FLOW [proto@0x1044753ae] Rx - primary_channel_rx: baud_rate=0 high_carrier=1 carrier=1802.9Hz agc=0.00080 power=7347694 shaper_sets=640
FLOW [proto@0x1044753ae] Rx - primary_channel_rx: baud_rate=0 high_carrier=1 carrier=1802.9Hz agc=0.00080 power=7347039 shaper_sets=640
FLOW [proto@0x1044753ae] Rx - primary_channel_rx: baud_rate=0 high_carrier=1 carrier=1802.9Hz agc=0.00080 power=7333241 shaper_sets=640
FLOW [proto@0x1044753ae] Rx - Phase 3 TRN: best hyp=0 ones=12866/17408 (74%)
FLOW [proto@0x1044753ae] Rx - Phase 3 Ja capture: emitted 18944 bits using hyp=0
FLOW [proto@0x1044753ae] Rx - primary_channel_rx: baud_rate=0 high_carrier=1 carrier=1802.9Hz agc=0.00080 power=7338454 shaper_sets=640
FLOW [proto@0x1044753ae] Rx - primary_channel_rx: baud_rate=0 high_carrier=1 carrier=1802.9Hz agc=0.00080 power=7333193 shaper_sets=640
FLOW [proto@0x1044753ae] Rx - primary_channel_rx: baud_rate=0 high_carrier=1 carrier=1802.8Hz agc=0.00080 power=7341013 shaper_sets=640
FLOW [proto@0x1044753ae] Rx - primary_channel_rx: baud_rate=0 high_carrier=1 carrier=1802.6Hz agc=0.00080 power=7346724 shaper_sets=640
FLOW [proto@0x1044753ae] Rx - primary_channel_rx: baud_rate=0 high_carrier=1 carrier=1802.7Hz agc=0.00080 power=7291082 shaper_sets=640
FLOW [proto@0x1044753ae] Rx - Phase 3 WAIT_S heartbeat: dur=3584 demod=0 event=0 j_bits=19166 trn_bits=17634 trn_hint=0/75%
FLOW [proto@0x1044753ae] Rx - primary_channel_rx: baud_rate=0 high_carrier=1 carrier=1802.8Hz agc=0.00080 power=7338891 shaper_sets=640
FLOW [proto@0x1044753ae] Rx - Phase 3 Ja capture: emitted 19200 bits using hyp=0
FLOW [proto@0x1044753ae] Rx - primary_channel_rx: baud_rate=0 high_carrier=1 carrier=1802.9Hz agc=0.00080 power=7294467 shaper_sets=640
FLOW [proto@0x1044753ae] Rx - primary_channel_rx: baud_rate=0 high_carrier=1 carrier=1802.9Hz agc=0.00080 power=7339605 shaper_sets=640
FLOW [proto@0x1044753ae] Rx - primary_channel_rx: baud_rate=0 high_carrier=1 carrier=1803.0Hz agc=0.00080 power=7319888 shaper_sets=640
FLOW [proto@0x1044753ae] Rx - primary_channel_rx: baud_rate=0 high_carrier=1 carrier=1802.9Hz agc=0.00080 power=7326269 shaper_sets=640
FLOW [proto@0x1044753ae] Rx - primary_channel_rx: baud_rate=0 high_carrier=1 carrier=1802.9Hz agc=0.00080 power=7274106 shaper_sets=640
FLOW [proto@0x1044753ae] Rx - Phase 3 TRN: best hyp=0 ones=13246/17920 (74%)
FLOW [proto@0x1044753ae] Rx - Phase 3 Ja capture: emitted 19456 bits using hyp=0
FLOW [proto@0x1044753ae] Rx - primary_channel_rx: baud_rate=0 high_carrier=1 carrier=1802.8Hz agc=0.00080 power=7277872 shaper_sets=640
FLOW [proto@0x1044753ae] Rx - primary_channel_rx: baud_rate=0 high_carrier=1 carrier=1802.6Hz agc=0.00080 power=7274658 shaper_sets=640
FLOW [proto@0x1044753ae] Rx - primary_channel_rx: baud_rate=0 high_carrier=1 carrier=1802.7Hz agc=0.00080 power=7327953 shaper_sets=640
FLOW [proto@0x1044753ae] Rx - primary_channel_rx: baud_rate=0 high_carrier=1 carrier=1802.8Hz agc=0.00080 power=7277039 shaper_sets=640
FLOW [proto@0x1044753ae] Rx - Phase 3 WAIT_S heartbeat: dur=3840 demod=0 event=0 j_bits=19678 trn_bits=18146 trn_hint=0/75%
FLOW [proto@0x1044753ae] Rx - primary_channel_rx: baud_rate=0 high_carrier=1 carrier=1802.9Hz agc=0.00080 power=7324328 shaper_sets=640
FLOW [proto@0x1044753ae] Rx - Phase 3 Ja capture: emitted 19712 bits using hyp=0
FLOW [proto@0x1044753ae] Rx - primary_channel_rx: baud_rate=0 high_carrier=1 carrier=1803.0Hz agc=0.00080 power=7287194 shaper_sets=640
FLOW [proto@0x1044753ae] Rx - primary_channel_rx: baud_rate=0 high_carrier=1 carrier=1803.0Hz agc=0.00081 power=7250386 shaper_sets=640
FLOW [proto@0x1044753ae] Rx - primary_channel_rx: baud_rate=0 high_carrier=1 carrier=1803.0Hz agc=0.00081 power=7261556 shaper_sets=640
FLOW [proto@0x1044753ae] Rx - primary_channel_rx: baud_rate=0 high_carrier=1 carrier=1802.9Hz agc=0.00081 power=7266467 shaper_sets=640
FLOW [proto@0x1044753ae] Rx - primary_channel_rx: baud_rate=0 high_carrier=1 carrier=1802.8Hz agc=0.00081 power=7260503 shaper_sets=640
FLOW [proto@0x1044753ae] Rx - Phase 3 TRN: best hyp=0 ones=13620/18432 (74%)
FLOW [proto@0x1044753ae] Rx - primary_channel_rx: baud_rate=0 high_carrier=1 carrier=1802.6Hz agc=0.00080 power=7299391 shaper_sets=640
FLOW [proto@0x1044753ae] Rx - Phase 3 Ja capture: emitted 19968 bits using hyp=0
FLOW [proto@0x1044753ae] Rx - Phase 3 S baud 4000: mag=0.992 data_bits=3 alt=0/32 stable=0 dom=3:32/32 rev=0/32 counts=0,0,0,32
FLOW [proto@0x1044753ae] Rx - primary_channel_rx: baud_rate=0 high_carrier=1 carrier=1802.8Hz agc=0.00080 power=7301945 shaper_sets=640
FLOW [proto@0x1044753ae] Rx - primary_channel_rx: baud_rate=0 high_carrier=1 carrier=1802.9Hz agc=0.00080 power=7298915 shaper_sets=640
FLOW [proto@0x1044753ae] Rx - primary_channel_rx: baud_rate=0 high_carrier=1 carrier=1803.0Hz agc=0.00080 power=7304486 shaper_sets=640
FLOW [proto@0x1044753ae] Rx - primary_channel_rx: baud_rate=0 high_carrier=1 carrier=1803.0Hz agc=0.00080 power=7300974 shaper_sets=640
FLOW [proto@0x1044753ae] Rx - Phase 3 WAIT_S heartbeat: dur=4096 demod=0 event=0 j_bits=20190 trn_bits=18658 trn_hint=0/75%
FLOW [proto@0x1044753ae] Rx - primary_channel_rx: baud_rate=0 high_carrier=1 carrier=1803.0Hz agc=0.00080 power=7301462 shaper_sets=640
FLOW [proto@0x1044753ae] Rx - Phase 3 Ja capture: emitted 20224 bits using hyp=0
FLOW [proto@0x1044753ae] Rx - primary_channel_rx: baud_rate=0 high_carrier=1 carrier=1803.0Hz agc=0.00080 power=7283333 shaper_sets=640
FLOW [proto@0x1044753ae] Rx - primary_channel_rx: baud_rate=0 high_carrier=1 carrier=1802.9Hz agc=0.00080 power=7289482 shaper_sets=640
FLOW [proto@0x1044753ae] Rx - primary_channel_rx: baud_rate=0 high_carrier=1 carrier=1802.7Hz agc=0.00081 power=7235909 shaper_sets=640
FLOW [proto@0x1044753ae] Rx - primary_channel_rx: baud_rate=0 high_carrier=1 carrier=1802.7Hz agc=0.00080 power=7288804 shaper_sets=640
FLOW [proto@0x1044753ae] Rx - primary_channel_rx: baud_rate=0 high_carrier=1 carrier=1802.9Hz agc=0.00081 power=7245264 shaper_sets=640
FLOW [proto@0x1044753ae] Rx - Phase 3 TRN: best hyp=0 ones=13980/18944 (74%)
FLOW [proto@0x1044753ae] Rx - Phase 3 Ja parser input: hyp0 len=20480 bits (stage=10, need ~16340 to parse)
FLOW [proto@0x1044753ae] Rx - Phase 3 Ja capture: emitted 20480 bits using hyp=0
FLOW [proto@0x1044753ae] Rx - primary_channel_rx: baud_rate=0 high_carrier=1 carrier=1803.0Hz agc=0.00081 power=7244667 shaper_sets=640
FLOW [proto@0x1044753ae] Rx - primary_channel_rx: baud_rate=0 high_carrier=1 carrier=1803.0Hz agc=0.00081 power=7220327 shaper_sets=640
FLOW [proto@0x1044753ae] Rx - primary_channel_rx: baud_rate=0 high_carrier=1 carrier=1803.1Hz agc=0.00081 power=7244224 shaper_sets=640
FLOW [proto@0x1044753ae] Rx - primary_channel_rx: baud_rate=0 high_carrier=1 carrier=1803.0Hz agc=0.00081 power=7264364 shaper_sets=640
FLOW [proto@0x1044753ae] Rx - primary_channel_rx: baud_rate=0 high_carrier=1 carrier=1803.0Hz agc=0.00081 power=7248866 shaper_sets=640
FLOW [proto@0x1044753ae] Rx - Phase 3 WAIT_S heartbeat: dur=4352 demod=0 event=0 j_bits=20702 trn_bits=19170 trn_hint=0/75%
FLOW [proto@0x1044753ae] Rx - primary_channel_rx: baud_rate=0 high_carrier=1 carrier=1802.9Hz agc=0.00081 power=7225289 shaper_sets=640
FLOW [proto@0x1044753ae] Rx - Phase 3 Ja capture: emitted 20736 bits using hyp=0
FLOW [proto@0x1044753ae] Rx - primary_channel_rx: baud_rate=0 high_carrier=1 carrier=1802.7Hz agc=0.00081 power=7223174 shaper_sets=640
FLOW [proto@0x1044753ae] Rx - primary_channel_rx: baud_rate=0 high_carrier=1 carrier=1802.8Hz agc=0.00081 power=7238028 shaper_sets=640
FLOW [proto@0x1044753ae] Rx - primary_channel_rx: baud_rate=0 high_carrier=1 carrier=1802.9Hz agc=0.00081 power=7219903 shaper_sets=640
FLOW [proto@0x1044753ae] Rx - primary_channel_rx: baud_rate=0 high_carrier=1 carrier=1803.0Hz agc=0.00081 power=7237149 shaper_sets=640
FLOW [proto@0x1044753ae] Rx - primary_channel_rx: baud_rate=0 high_carrier=1 carrier=1803.1Hz agc=0.00081 power=7216472 shaper_sets=640
FLOW [proto@0x1044753ae] Rx - Phase 3 TRN: best hyp=0 ones=14352/19456 (74%)
FLOW [proto@0x1044753ae] Rx - Phase 3 Ja capture: emitted 20992 bits using hyp=0
FLOW [proto@0x1044753ae] Rx - primary_channel_rx: baud_rate=0 high_carrier=1 carrier=1803.1Hz agc=0.00081 power=7234810 shaper_sets=640
FLOW [proto@0x1044753ae] Rx - primary_channel_rx: baud_rate=0 high_carrier=1 carrier=1803.0Hz agc=0.00081 power=7217562 shaper_sets=640
FLOW [proto@0x1044753ae] Rx - primary_channel_rx: baud_rate=0 high_carrier=1 carrier=1802.9Hz agc=0.00081 power=7235671 shaper_sets=640
FLOW [proto@0x1044753ae] Rx - primary_channel_rx: baud_rate=0 high_carrier=1 carrier=1802.8Hz agc=0.00081 power=7242108 shaper_sets=640
FLOW [proto@0x1044753ae] Rx - Phase 3 WAIT_S heartbeat: dur=4608 demod=0 event=0 j_bits=21214 trn_bits=19682 trn_hint=0/75%
FLOW [proto@0x1044753ae] Rx - primary_channel_rx: baud_rate=0 high_carrier=1 carrier=1802.8Hz agc=0.00080 power=7288974 shaper_sets=640
FLOW [proto@0x1044753ae] Rx - Phase 3 Ja capture: emitted 21248 bits using hyp=0
FLOW [proto@0x1044753ae] Rx - primary_channel_rx: baud_rate=0 high_carrier=1 carrier=1802.9Hz agc=0.00081 power=7238081 shaper_sets=640
FLOW [proto@0x1044753ae] Rx - primary_channel_rx: baud_rate=0 high_carrier=1 carrier=1803.0Hz agc=0.00081 power=7238239 shaper_sets=640
FLOW [proto@0x1044753ae] Rx - primary_channel_rx: baud_rate=0 high_carrier=1 carrier=1803.1Hz agc=0.00080 power=7292309 shaper_sets=640
FLOW [proto@0x1044753ae] Rx - primary_channel_rx: baud_rate=0 high_carrier=1 carrier=1803.1Hz agc=0.00080 power=7288700 shaper_sets=640
FLOW [proto@0x1044753ae] Rx - primary_channel_rx: baud_rate=0 high_carrier=1 carrier=1803.1Hz agc=0.00081 power=7237265 shaper_sets=640
FLOW [proto@0x1044753ae] Rx - Phase 3 TRN: best hyp=0 ones=14731/19968 (74%)
FLOW [proto@0x1044753ae] Rx - primary_channel_rx: baud_rate=0 high_carrier=1 carrier=1803.0Hz agc=0.00081 power=7239170 shaper_sets=640
FLOW [proto@0x1044753ae] Rx - Phase 3 Ja capture: emitted 21504 bits using hyp=0
FLOW [proto@0x1044753ae] Rx - primary_channel_rx: baud_rate=0 high_carrier=1 carrier=1802.9Hz agc=0.00080 power=7290554 shaper_sets=640
FLOW [proto@0x1044753ae] Rx - primary_channel_rx: baud_rate=0 high_carrier=1 carrier=1802.8Hz agc=0.00080 power=7309006 shaper_sets=640
FLOW [proto@0x1044753ae] Rx - primary_channel_rx: baud_rate=0 high_carrier=1 carrier=1802.9Hz agc=0.00080 power=7310771 shaper_sets=640
FLOW [proto@0x1044753ae] Rx - primary_channel_rx: baud_rate=0 high_carrier=1 carrier=1803.0Hz agc=0.00080 power=7302939 shaper_sets=640
FLOW [proto@0x1044753ae] Rx - Phase 3 WAIT_S heartbeat: dur=4864 demod=0 event=0 j_bits=21726 trn_bits=20194 trn_hint=0/75%
FLOW [proto@0x1044753ae] Rx - primary_channel_rx: baud_rate=0 high_carrier=1 carrier=1803.1Hz agc=0.00080 power=7287334 shaper_sets=640
FLOW [proto@0x1044753ae] Rx - Phase 3 Ja capture: emitted 21760 bits using hyp=0
FLOW [proto@0x1044753ae] Rx - primary_channel_rx: baud_rate=0 high_carrier=1 carrier=1803.1Hz agc=0.00080 power=7311015 shaper_sets=640
FLOW [proto@0x1044753ae] Rx - primary_channel_rx: baud_rate=0 high_carrier=1 carrier=1803.1Hz agc=0.00080 power=7278326 shaper_sets=640
FLOW [proto@0x1044753ae] Rx - primary_channel_rx: baud_rate=0 high_carrier=1 carrier=1803.0Hz agc=0.00080 power=7303445 shaper_sets=640
FLOW [proto@0x1044753ae] Rx - primary_channel_rx: baud_rate=0 high_carrier=1 carrier=1802.9Hz agc=0.00080 power=7302056 shaper_sets=640
FLOW [proto@0x1044753ae] Rx - primary_channel_rx: baud_rate=0 high_carrier=1 carrier=1802.8Hz agc=0.00080 power=7303127 shaper_sets=640
FLOW [proto@0x1044753ae] Rx - Phase 3 S baud 5000: mag=0.977 data_bits=3 alt=0/32 stable=0 dom=3:32/32 rev=0/32 counts=0,0,0,32
FLOW [proto@0x1044753ae] Rx - Phase 3 TRN: best hyp=0 ones=15105/20480 (74%)
FLOW [proto@0x1044753ae] Rx - Phase 3 Ja capture: emitted 22016 bits using hyp=0
FLOW [proto@0x1044753ae] Rx - primary_channel_rx: baud_rate=0 high_carrier=1 carrier=1802.9Hz agc=0.00080 power=7302254 shaper_sets=640
FLOW [proto@0x1044753ae] Rx - primary_channel_rx: baud_rate=0 high_carrier=1 carrier=1803.0Hz agc=0.00080 power=7305259 shaper_sets=640
FLOW [proto@0x1044753ae] Rx - primary_channel_rx: baud_rate=0 high_carrier=1 carrier=1803.1Hz agc=0.00080 power=7283399 shaper_sets=640
FLOW [proto@0x1044753ae] Rx - primary_channel_rx: baud_rate=0 high_carrier=1 carrier=1803.1Hz agc=0.00080 power=7306708 shaper_sets=640
FLOW [proto@0x1044753ae] Rx - primary_channel_rx: baud_rate=0 high_carrier=1 carrier=1803.1Hz agc=0.00080 power=7288781 shaper_sets=640
FLOW [proto@0x1044753ae] Rx - Phase 3 WAIT_S heartbeat: dur=5120 demod=0 event=0 j_bits=22238 trn_bits=20706 trn_hint=0/75%
FLOW [proto@0x1044753ae] Rx - primary_channel_rx: baud_rate=0 high_carrier=1 carrier=1803.1Hz agc=0.00080 power=7290618 shaper_sets=640
FLOW [proto@0x1044753ae] Rx - Phase 3 Ja capture: emitted 22272 bits using hyp=0
FLOW [proto@0x1044753ae] Rx - primary_channel_rx: baud_rate=0 high_carrier=1 carrier=1803.0Hz agc=0.00080 power=7280644 shaper_sets=640
FLOW [proto@0x1044753ae] Rx - primary_channel_rx: baud_rate=0 high_carrier=1 carrier=1802.9Hz agc=0.00080 power=7302797 shaper_sets=640
FLOW [proto@0x1044753ae] Rx - primary_channel_rx: baud_rate=0 high_carrier=1 carrier=1802.8Hz agc=0.00080 power=7281177 shaper_sets=640
FLOW [proto@0x1044753ae] Rx - primary_channel_rx: baud_rate=0 high_carrier=1 carrier=1803.0Hz agc=0.00080 power=7285440 shaper_sets=640
FLOW [proto@0x1044753ae] Rx - primary_channel_rx: baud_rate=0 high_carrier=1 carrier=1803.1Hz agc=0.00080 power=7287454 shaper_sets=640
FLOW [proto@0x1044753ae] Rx - Phase 3 TRN: best hyp=0 ones=15474/20992 (74%)
FLOW [proto@0x1044753ae] Rx - Phase 3 Ja parser input: hyp0 len=22528 bits (stage=10, need ~16340 to parse)
FLOW [proto@0x1044753ae] Rx - Phase 3 Ja capture: emitted 22528 bits using hyp=0
FLOW [proto@0x1044753ae] Rx - primary_channel_rx: baud_rate=0 high_carrier=1 carrier=1803.1Hz agc=0.00080 power=7304335 shaper_sets=640
FLOW [proto@0x1044753ae] Rx - primary_channel_rx: baud_rate=0 high_carrier=1 carrier=1803.1Hz agc=0.00080 power=7280240 shaper_sets=640
FLOW [proto@0x1044753ae] Rx - primary_channel_rx: baud_rate=0 high_carrier=1 carrier=1803.1Hz agc=0.00080 power=7282943 shaper_sets=640
FLOW [proto@0x1044753ae] Rx - primary_channel_rx: baud_rate=0 high_carrier=1 carrier=1803.0Hz agc=0.00080 power=7282943 shaper_sets=640
FLOW [proto@0x1044753ae] Rx - Phase 3 WAIT_S heartbeat: dur=5376 demod=0 event=0 j_bits=22750 trn_bits=21218 trn_hint=0/75%
FLOW [proto@0x1044753ae] Rx - primary_channel_rx: baud_rate=0 high_carrier=1 carrier=1802.9Hz agc=0.00080 power=7289062 shaper_sets=640
FLOW [proto@0x1044753ae] Rx - Phase 3 Ja capture: emitted 22784 bits using hyp=0
FLOW [proto@0x1044753ae] Rx - primary_channel_rx: baud_rate=0 high_carrier=1 carrier=1802.8Hz agc=0.00080 power=7282472 shaper_sets=640
FLOW [proto@0x1044753ae] Rx - primary_channel_rx: baud_rate=0 high_carrier=1 carrier=1803.0Hz agc=0.00080 power=7281998 shaper_sets=640
FLOW [proto@0x1044753ae] Rx - primary_channel_rx: baud_rate=0 high_carrier=1 carrier=1803.1Hz agc=0.00080 power=7280588 shaper_sets=640
FLOW [proto@0x1044753ae] Rx - primary_channel_rx: baud_rate=0 high_carrier=1 carrier=1803.1Hz agc=0.00080 power=7280538 shaper_sets=640
FLOW [proto@0x1044753ae] Rx - primary_channel_rx: baud_rate=0 high_carrier=1 carrier=1803.2Hz agc=0.00080 power=7284014 shaper_sets=640
FLOW [proto@0x1044753ae] Rx - Phase 3 TRN: best hyp=0 ones=15854/21504 (74%)
FLOW [proto@0x1044753ae] Rx - primary_channel_rx: baud_rate=0 high_carrier=1 carrier=1803.1Hz agc=0.00080 power=7280556 shaper_sets=640
FLOW [proto@0x1044753ae] Rx - Phase 3 Ja capture: emitted 23040 bits using hyp=0
FLOW [proto@0x1044753ae] Rx - primary_channel_rx: baud_rate=0 high_carrier=1 carrier=1803.1Hz agc=0.00080 power=7283972 shaper_sets=640
FLOW [proto@0x1044753ae] Rx - primary_channel_rx: baud_rate=0 high_carrier=1 carrier=1803.0Hz agc=0.00080 power=7281483 shaper_sets=640
FLOW [proto@0x1044753ae] Rx - primary_channel_rx: baud_rate=0 high_carrier=1 carrier=1802.8Hz agc=0.00080 power=7272922 shaper_sets=640
FLOW [proto@0x1044753ae] Rx - primary_channel_rx: baud_rate=0 high_carrier=1 carrier=1803.0Hz agc=0.00080 power=7271183 shaper_sets=640
FLOW [proto@0x1044753ae] Rx - Phase 3 WAIT_S heartbeat: dur=5632 demod=0 event=0 j_bits=23262 trn_bits=21730 trn_hint=0/75%
FLOW [proto@0x1044753ae] Rx - primary_channel_rx: baud_rate=0 high_carrier=1 carrier=1803.1Hz agc=0.00081 power=7262023 shaper_sets=640
FLOW [proto@0x1044753ae] Rx - Phase 3 Ja capture: emitted 23296 bits using hyp=0
FLOW [proto@0x1044753ae] Rx - primary_channel_rx: baud_rate=0 high_carrier=1 carrier=1803.2Hz agc=0.00081 power=7252251 shaper_sets=640
FLOW [proto@0x1044753ae] Rx - primary_channel_rx: baud_rate=0 high_carrier=1 carrier=1803.2Hz agc=0.00081 power=7252146 shaper_sets=640
FLOW [proto@0x1044753ae] Rx - primary_channel_rx: baud_rate=0 high_carrier=1 carrier=1803.2Hz agc=0.00080 power=7272400 shaper_sets=640
FLOW [proto@0x1044753ae] Rx - primary_channel_rx: baud_rate=0 high_carrier=1 carrier=1803.1Hz agc=0.00080 power=7273812 shaper_sets=640
FLOW [proto@0x1044753ae] Rx - primary_channel_rx: baud_rate=0 high_carrier=1 carrier=1803.0Hz agc=0.00081 power=7260207 shaper_sets=640
FLOW [proto@0x1044753ae] Rx - Phase 3 TRN: best hyp=0 ones=16228/22016 (74%)
FLOW [proto@0x1044753ae] Rx - Phase 3 Ja capture: emitted 23552 bits using hyp=0
FLOW [proto@0x1044753ae] Rx - primary_channel_rx: baud_rate=0 high_carrier=1 carrier=1802.9Hz agc=0.00080 power=7278599 shaper_sets=640
FLOW [proto@0x1044753ae] Rx - primary_channel_rx: baud_rate=0 high_carrier=1 carrier=1803.0Hz agc=0.00080 power=7268110 shaper_sets=640
FLOW [proto@0x1044753ae] Rx - primary_channel_rx: baud_rate=0 high_carrier=1 carrier=1803.1Hz agc=0.00080 power=7293683 shaper_sets=640
FLOW [proto@0x1044753ae] Rx - primary_channel_rx: baud_rate=0 high_carrier=1 carrier=1803.2Hz agc=0.00080 power=7309622 shaper_sets=640
FLOW [proto@0x1044753ae] Rx - primary_channel_rx: baud_rate=0 high_carrier=1 carrier=1803.2Hz agc=0.00080 power=7317538 shaper_sets=640
FLOW [proto@0x1044753ae] Rx - Phase 3 WAIT_S heartbeat: dur=5888 demod=0 event=0 j_bits=23774 trn_bits=22242 trn_hint=0/75%
FLOW [proto@0x1044753ae] Rx - primary_channel_rx: baud_rate=0 high_carrier=1 carrier=1803.2Hz agc=0.00080 power=7320593 shaper_sets=640
FLOW [proto@0x1044753ae] Rx - Phase 3 Ja capture: emitted 23808 bits using hyp=0
FLOW [proto@0x1044753ae] Rx - primary_channel_rx: baud_rate=0 high_carrier=1 carrier=1803.1Hz agc=0.00080 power=7320523 shaper_sets=640
FLOW [proto@0x1044753ae] Rx - primary_channel_rx: baud_rate=0 high_carrier=1 carrier=1803.0Hz agc=0.00080 power=7320290 shaper_sets=640
FLOW [proto@0x1044753ae] Rx - primary_channel_rx: baud_rate=0 high_carrier=1 carrier=1802.9Hz agc=0.00080 power=7320321 shaper_sets=640
FLOW [proto@0x1044753ae] Rx - Phase 3 S baud 6000: mag=0.978 data_bits=3 alt=0/32 stable=0 dom=3:32/32 rev=0/32 counts=0,0,0,32
FLOW [proto@0x1044753ae] Rx - Phase 3: S detect timeout (6000 bauds, alt=0/32 rev=0/32, j_bits=24000 trn_bits=22468 trn_hint=0/75%), continuing search
FLOW [proto@0x1044753ae] Rx - primary_channel_rx: baud_rate=0 high_carrier=1 carrier=1803.0Hz agc=0.00080 power=7322723 shaper_sets=640
FLOW [proto@0x1044753ae] Rx - Phase 3 WAIT_S heartbeat: dur=1 demod=0 event=0 j_bits=24000 trn_bits=22468 trn_hint=0/75%
FLOW [proto@0x1044753ae] Rx - Phase 3 S baud 1: mag=0.999 data_bits=3 alt=0/32 stable=0 dom=3:1/32 rev=0/32 counts=0,0,0,1
FLOW [proto@0x1044753ae] Rx - Phase 3 S baud 2: mag=1.022 data_bits=3 alt=0/32 stable=0 dom=3:2/32 rev=0/32 counts=0,0,0,2
FLOW [proto@0x1044753ae] Rx - Phase 3 S baud 3: mag=0.985 data_bits=3 alt=0/32 stable=0 dom=3:3/32 rev=0/32 counts=0,0,0,3
FLOW [proto@0x1044753ae] Rx - Phase 3 S baud 4: mag=1.003 data_bits=3 alt=0/32 stable=0 dom=3:4/32 rev=0/32 counts=0,0,0,4
FLOW [proto@0x1044753ae] Rx - primary_channel_rx: baud_rate=0 high_carrier=1 carrier=1803.1Hz agc=0.00080 power=7316330 shaper_sets=640
FLOW [proto@0x1044753ae] Rx - Phase 3 Ja capture: emitted 24064 bits using hyp=0
FLOW [proto@0x1044753ae] Rx - primary_channel_rx: baud_rate=0 high_carrier=1 carrier=1803.2Hz agc=0.00080 power=7321401 shaper_sets=640
FLOW [proto@0x1044753ae] Rx - primary_channel_rx: baud_rate=0 high_carrier=1 carrier=1803.2Hz agc=0.00080 power=7308466 shaper_sets=640
FLOW [proto@0x1044753ae] Rx - primary_channel_rx: baud_rate=0 high_carrier=1 carrier=1803.2Hz agc=0.00080 power=7321182 shaper_sets=640
FLOW [proto@0x1044753ae] Rx - primary_channel_rx: baud_rate=0 high_carrier=1 carrier=1803.2Hz agc=0.00080 power=7314504 shaper_sets=640
FLOW [proto@0x1044753ae] Rx - primary_channel_rx: baud_rate=0 high_carrier=1 carrier=1803.1Hz agc=0.00080 power=7312091 shaper_sets=640
FLOW [proto@0x1044753ae] Rx - Phase 3 Ja capture: emitted 24320 bits using hyp=0
FLOW [proto@0x1044753ae] Rx - primary_channel_rx: baud_rate=0 high_carrier=1 carrier=1802.9Hz agc=0.00080 power=7301086 shaper_sets=640
FLOW [proto@0x1044753ae] Rx - primary_channel_rx: baud_rate=0 high_carrier=1 carrier=1803.0Hz agc=0.00080 power=7328965 shaper_sets=640
FLOW [proto@0x1044753ae] Rx - primary_channel_rx: baud_rate=0 high_carrier=1 carrier=1803.1Hz agc=0.00080 power=7310220 shaper_sets=640
FLOW [proto@0x1044753ae] Rx - primary_channel_rx: baud_rate=0 high_carrier=1 carrier=1803.2Hz agc=0.00080 power=7300898 shaper_sets=640
FLOW [proto@0x1044753ae] Rx - Phase 3 WAIT_S heartbeat: dur=256 demod=0 event=0 j_bits=24510 trn_bits=22468 trn_hint=0/75%
FLOW [proto@0x1044753ae] Rx - primary_channel_rx: baud_rate=0 high_carrier=1 carrier=1803.2Hz agc=0.00080 power=7338295 shaper_sets=640
FLOW [proto@0x1044753ae] Rx - Phase 3 TRN: best hyp=0 ones=16601/22528 (74%)
FLOW [proto@0x1044753ae] Rx - primary_channel_rx: baud_rate=0 high_carrier=1 carrier=1803.2Hz agc=0.00080 power=7292672 shaper_sets=640
FLOW [proto@0x1044753ae] Rx - Phase 3 Ja parser input: hyp0 len=24576 bits (stage=10, need ~16340 to parse)
FLOW [proto@0x1044753ae] Rx - Phase 3 Ja capture: emitted 24576 bits using hyp=0
FLOW [proto@0x1044753ae] Rx - primary_channel_rx: baud_rate=0 high_carrier=1 carrier=1803.2Hz agc=0.00080 power=7330389 shaper_sets=640
FLOW [proto@0x1044753ae] Rx - primary_channel_rx: baud_rate=0 high_carrier=1 carrier=1803.1Hz agc=0.00080 power=7319555 shaper_sets=640
FLOW [proto@0x1044753ae] Rx - primary_channel_rx: baud_rate=0 high_carrier=1 carrier=1802.9Hz agc=0.00080 power=7320824 shaper_sets=640
FLOW [proto@0x1044753ae] Rx - primary_channel_rx: baud_rate=0 high_carrier=1 carrier=1803.0Hz agc=0.00080 power=7321075 shaper_sets=640
FLOW [proto@0x1044753ae] Rx - primary_channel_rx: baud_rate=0 high_carrier=1 carrier=1803.1Hz agc=0.00080 power=7320102 shaper_sets=640
FLOW [proto@0x1044753ae] Rx - Phase 3 Ja capture: emitted 24832 bits using hyp=0
FLOW [proto@0x1044753ae] Rx - primary_channel_rx: baud_rate=0 high_carrier=1 carrier=1803.2Hz agc=0.00080 power=7320156 shaper_sets=640
FLOW [proto@0x1044753ae] Rx - primary_channel_rx: baud_rate=0 high_carrier=1 carrier=1803.2Hz agc=0.00080 power=7319538 shaper_sets=640
FLOW [proto@0x1044753ae] Rx - primary_channel_rx: baud_rate=0 high_carrier=1 carrier=1803.2Hz agc=0.00080 power=7314685 shaper_sets=640
FLOW [proto@0x1044753ae] Rx - primary_channel_rx: baud_rate=0 high_carrier=1 carrier=1803.2Hz agc=0.00080 power=7319016 shaper_sets=640
FLOW [proto@0x1044753ae] Rx - Phase 3 WAIT_S heartbeat: dur=512 demod=0 event=0 j_bits=25022 trn_bits=22980 trn_hint=0/75%
FLOW [proto@0x1044753ae] Rx - primary_channel_rx: baud_rate=0 high_carrier=1 carrier=1803.1Hz agc=0.00080 power=7323168 shaper_sets=640
FLOW [proto@0x1044753ae] Rx - Phase 3 TRN: best hyp=0 ones=16978/23040 (74%)
FLOW [proto@0x1044753ae] Rx - Phase 3 Ja capture: emitted 25088 bits using hyp=0
FLOW [proto@0x1044753ae] Rx - primary_channel_rx: baud_rate=0 high_carrier=1 carrier=1802.9Hz agc=0.00080 power=7318071 shaper_sets=640
FLOW [proto@0x1044753ae] Rx - primary_channel_rx: baud_rate=0 high_carrier=1 carrier=1803.0Hz agc=0.00080 power=7324679 shaper_sets=640
FLOW [proto@0x1044753ae] Rx - primary_channel_rx: baud_rate=0 high_carrier=1 carrier=1803.1Hz agc=0.00080 power=7318839 shaper_sets=640
FLOW [proto@0x1044753ae] Rx - primary_channel_rx: baud_rate=0 high_carrier=1 carrier=1803.2Hz agc=0.00080 power=7279188 shaper_sets=640
FLOW [proto@0x1044753ae] Rx - primary_channel_rx: baud_rate=0 high_carrier=1 carrier=1803.3Hz agc=0.00080 power=7323798 shaper_sets=640
FLOW [proto@0x1044753ae] Rx - primary_channel_rx: baud_rate=0 high_carrier=1 carrier=1803.2Hz agc=0.00080 power=7320476 shaper_sets=640
FLOW [proto@0x1044753ae] Rx - Phase 3 Ja capture: emitted 25344 bits using hyp=0
FLOW [proto@0x1044753ae] Rx - primary_channel_rx: baud_rate=0 high_carrier=1 carrier=1803.2Hz agc=0.00080 power=7280378 shaper_sets=640
FLOW [proto@0x1044753ae] Rx - primary_channel_rx: baud_rate=0 high_carrier=1 carrier=1803.1Hz agc=0.00080 power=7274880 shaper_sets=640
FLOW [proto@0x1044753ae] Rx - primary_channel_rx: baud_rate=0 high_carrier=1 carrier=1803.0Hz agc=0.00080 power=7320057 shaper_sets=640
FLOW [proto@0x1044753ae] Rx - Phase 3 WAIT_S heartbeat: dur=768 demod=0 event=0 j_bits=25534 trn_bits=23492 trn_hint=0/75%
FLOW [proto@0x1044753ae] Rx - primary_channel_rx: baud_rate=0 high_carrier=1 carrier=1803.1Hz agc=0.00080 power=7269328 shaper_sets=640
FLOW [proto@0x1044753ae] Rx - primary_channel_rx: baud_rate=0 high_carrier=1 carrier=1803.2Hz agc=0.00080 power=7293980 shaper_sets=640
FLOW [proto@0x1044753ae] Rx - Phase 3 TRN: best hyp=0 ones=17349/23552 (74%)
FLOW [proto@0x1044753ae] Rx - Phase 3 Ja capture: emitted 25600 bits using hyp=0
FLOW [proto@0x1044753ae] Rx - primary_channel_rx: baud_rate=0 high_carrier=1 carrier=1803.3Hz agc=0.00080 power=7269034 shaper_sets=640
FLOW [proto@0x1044753ae] Rx - primary_channel_rx: baud_rate=0 high_carrier=1 carrier=1803.3Hz agc=0.00080 power=7295243 shaper_sets=640
FLOW [proto@0x1044753ae] Rx - primary_channel_rx: baud_rate=0 high_carrier=1 carrier=1803.3Hz agc=0.00080 power=7269049 shaper_sets=640
FLOW [proto@0x1044753ae] Rx - primary_channel_rx: baud_rate=0 high_carrier=1 carrier=1803.2Hz agc=0.00080 power=7291563 shaper_sets=640
FLOW [proto@0x1044753ae] Rx - primary_channel_rx: baud_rate=0 high_carrier=1 carrier=1803.1Hz agc=0.00080 power=7274790 shaper_sets=640
FLOW [proto@0x1044753ae] Rx - Phase 3 Ja capture: emitted 25856 bits using hyp=0
FLOW [proto@0x1044753ae] Rx - primary_channel_rx: baud_rate=0 high_carrier=1 carrier=1803.0Hz agc=0.00080 power=7270136 shaper_sets=640
FLOW [proto@0x1044753ae] Rx - primary_channel_rx: baud_rate=0 high_carrier=1 carrier=1803.1Hz agc=0.00080 power=7277711 shaper_sets=640
FLOW [proto@0x1044753ae] Rx - primary_channel_rx: baud_rate=0 high_carrier=1 carrier=1803.2Hz agc=0.00080 power=7269798 shaper_sets=640
FLOW [proto@0x1044753ae] Rx - Phase 3 S baud 1000: mag=0.992 data_bits=3 alt=0/32 stable=0 dom=3:32/32 rev=0/32 counts=0,0,0,32
FLOW [proto@0x1044753ae] Rx - primary_channel_rx: baud_rate=0 high_carrier=1 carrier=1803.3Hz agc=0.00080 power=7269998 shaper_sets=640
FLOW [proto@0x1044753ae] Rx - Phase 3 WAIT_S heartbeat: dur=1024 demod=0 event=0 j_bits=26046 trn_bits=24004 trn_hint=0/75%
FLOW [proto@0x1044753ae] Rx - primary_channel_rx: baud_rate=0 high_carrier=1 carrier=1803.3Hz agc=0.00080 power=7269952 shaper_sets=640
FLOW [proto@0x1044753ae] Rx - Phase 3 TRN: best hyp=0 ones=17728/24064 (74%)
FLOW [proto@0x1044753ae] Rx - primary_channel_rx: baud_rate=0 high_carrier=1 carrier=1803.3Hz agc=0.00080 power=7275293 shaper_sets=640
FLOW [proto@0x1044753ae] Rx - Phase 3 Ja capture: emitted 26112 bits using hyp=0
FLOW [proto@0x1044753ae] Rx - primary_channel_rx: baud_rate=0 high_carrier=1 carrier=1803.2Hz agc=0.00080 power=7269905 shaper_sets=640
FLOW [proto@0x1044753ae] Rx - primary_channel_rx: baud_rate=0 high_carrier=1 carrier=1803.1Hz agc=0.00080 power=7269949 shaper_sets=640
FLOW [proto@0x1044753ae] Rx - primary_channel_rx: baud_rate=0 high_carrier=1 carrier=1803.0Hz agc=0.00080 power=7294060 shaper_sets=640
FLOW [proto@0x1044753ae] Rx - primary_channel_rx: baud_rate=0 high_carrier=1 carrier=1803.2Hz agc=0.00080 power=7291218 shaper_sets=640
FLOW [proto@0x1044753ae] Rx - primary_channel_rx: baud_rate=0 high_carrier=1 carrier=1803.3Hz agc=0.00080 power=7296727 shaper_sets=640
FLOW [proto@0x1044753ae] Rx - Phase 3 Ja capture: emitted 26368 bits using hyp=0
FLOW [proto@0x1044753ae] Rx - primary_channel_rx: baud_rate=0 high_carrier=1 carrier=1803.3Hz agc=0.00080 power=7279512 shaper_sets=640
FLOW [proto@0x1044753ae] Rx - primary_channel_rx: baud_rate=0 high_carrier=1 carrier=1803.3Hz agc=0.00080 power=7277797 shaper_sets=640
FLOW [proto@0x1044753ae] Rx - primary_channel_rx: baud_rate=0 high_carrier=1 carrier=1803.3Hz agc=0.00080 power=7281379 shaper_sets=640
FLOW [proto@0x1044753ae] Rx - primary_channel_rx: baud_rate=0 high_carrier=1 carrier=1803.2Hz agc=0.00080 power=7277359 shaper_sets=640
FLOW [proto@0x1044753ae] Rx - Phase 3 WAIT_S heartbeat: dur=1280 demod=0 event=0 j_bits=26558 trn_bits=24516 trn_hint=0/75%
FLOW [proto@0x1044753ae] Rx - primary_channel_rx: baud_rate=0 high_carrier=1 carrier=1803.1Hz agc=0.00080 power=7275972 shaper_sets=640
FLOW [proto@0x1044753ae] Rx - Phase 3 TRN: best hyp=0 ones=18104/24576 (74%)
FLOW [proto@0x1044753ae] Rx - Phase 3 Ja parser input: hyp0 len=26624 bits (stage=10, need ~16340 to parse)
FLOW [proto@0x1044753ae] Rx - Phase 3 Ja capture: emitted 26624 bits using hyp=0
FLOW [proto@0x1044753ae] Rx - primary_channel_rx: baud_rate=0 high_carrier=1 carrier=1803.1Hz agc=0.00080 power=7276084 shaper_sets=640
FLOW [proto@0x1044753ae] Rx - primary_channel_rx: baud_rate=0 high_carrier=1 carrier=1803.2Hz agc=0.00080 power=7269174 shaper_sets=640
FLOW [proto@0x1044753ae] Rx - primary_channel_rx: baud_rate=0 high_carrier=1 carrier=1803.3Hz agc=0.00080 power=7280943 shaper_sets=640
FLOW [proto@0x1044753ae] Rx - primary_channel_rx: baud_rate=0 high_carrier=1 carrier=1803.3Hz agc=0.00081 power=7263409 shaper_sets=640
FLOW [proto@0x1044753ae] Rx - primary_channel_rx: baud_rate=0 high_carrier=1 carrier=1803.3Hz agc=0.00080 power=7268337 shaper_sets=640
FLOW [proto@0x1044753ae] Rx - primary_channel_rx: baud_rate=0 high_carrier=1 carrier=1803.3Hz agc=0.00081 power=7262205 shaper_sets=640
FLOW [proto@0x1044753ae] Rx - Phase 3 Ja capture: emitted 26880 bits using hyp=0
FLOW [proto@0x1044753ae] Rx - primary_channel_rx: baud_rate=0 high_carrier=1 carrier=1803.2Hz agc=0.00080 power=7274365 shaper_sets=640
FLOW [proto@0x1044753ae] Rx - primary_channel_rx: baud_rate=0 high_carrier=1 carrier=1803.1Hz agc=0.00080 power=7282106 shaper_sets=640
FLOW [proto@0x1044753ae] Rx - primary_channel_rx: baud_rate=0 high_carrier=1 carrier=1803.1Hz agc=0.00081 power=7261454 shaper_sets=640
FLOW [proto@0x1044753ae] Rx - Phase 3 WAIT_S heartbeat: dur=1536 demod=0 event=0 j_bits=27070 trn_bits=25028 trn_hint=0/75%
FLOW [proto@0x1044753ae] Rx - primary_channel_rx: baud_rate=0 high_carrier=1 carrier=1803.2Hz agc=0.00080 power=7267084 shaper_sets=640
FLOW [proto@0x1044753ae] Rx - primary_channel_rx: baud_rate=0 high_carrier=1 carrier=1803.3Hz agc=0.00081 power=7264931 shaper_sets=640
FLOW [proto@0x1044753ae] Rx - Phase 3 TRN: best hyp=0 ones=18468/25088 (74%)
FLOW [proto@0x1044753ae] Rx - Phase 3 Ja capture: emitted 27136 bits using hyp=0
FLOW [proto@0x1044753ae] Rx - primary_channel_rx: baud_rate=0 high_carrier=1 carrier=1803.3Hz agc=0.00080 power=7271795 shaper_sets=640
FLOW [proto@0x1044753ae] Rx - primary_channel_rx: baud_rate=0 high_carrier=1 carrier=1803.3Hz agc=0.00081 power=7259650 shaper_sets=640
FLOW [proto@0x1044753ae] Rx - primary_channel_rx: baud_rate=0 high_carrier=1 carrier=1803.3Hz agc=0.00080 power=7269216 shaper_sets=640
FLOW [proto@0x1044753ae] Rx - primary_channel_rx: baud_rate=0 high_carrier=1 carrier=1803.2Hz agc=0.00081 power=7264216 shaper_sets=640
FLOW [proto@0x1044753ae] Rx - primary_channel_rx: baud_rate=0 high_carrier=1 carrier=1803.0Hz agc=0.00081 power=7262010 shaper_sets=640
FLOW [proto@0x1044753ae] Rx - Phase 3 Ja capture: emitted 27392 bits using hyp=0
FLOW [proto@0x1044753ae] Rx - primary_channel_rx: baud_rate=0 high_carrier=1 carrier=1803.2Hz agc=0.00081 power=7263872 shaper_sets=640
FLOW [proto@0x1044753ae] Rx - primary_channel_rx: baud_rate=0 high_carrier=1 carrier=1803.3Hz agc=0.00081 power=7262231 shaper_sets=640
FLOW [proto@0x1044753ae] Rx - primary_channel_rx: baud_rate=0 high_carrier=1 carrier=1803.3Hz agc=0.00080 power=7273905 shaper_sets=640
FLOW [proto@0x1044753ae] Rx - primary_channel_rx: baud_rate=0 high_carrier=1 carrier=1803.4Hz agc=0.00080 power=7283603 shaper_sets=640
FLOW [proto@0x1044753ae] Rx - Phase 3 WAIT_S heartbeat: dur=1792 demod=0 event=0 j_bits=27582 trn_bits=25540 trn_hint=0/75%
FLOW [proto@0x1044753ae] Rx - primary_channel_rx: baud_rate=0 high_carrier=1 carrier=1803.3Hz agc=0.00080 power=7284272 shaper_sets=640
FLOW [proto@0x1044753ae] Rx - Phase 3 TRN: best hyp=0 ones=18848/25600 (74%)
FLOW [proto@0x1044753ae] Rx - primary_channel_rx: baud_rate=0 high_carrier=1 carrier=1803.3Hz agc=0.00080 power=7294870 shaper_sets=640
FLOW [proto@0x1044753ae] Rx - Phase 3 Ja capture: emitted 27648 bits using hyp=0
FLOW [proto@0x1044753ae] Rx - primary_channel_rx: baud_rate=0 high_carrier=1 carrier=1803.1Hz agc=0.00080 power=7292505 shaper_sets=640
FLOW [proto@0x1044753ae] Rx - primary_channel_rx: baud_rate=0 high_carrier=1 carrier=1803.1Hz agc=0.00080 power=7301282 shaper_sets=640
FLOW [proto@0x1044753ae] Rx - primary_channel_rx: baud_rate=0 high_carrier=1 carrier=1803.2Hz agc=0.00080 power=7300291 shaper_sets=640
FLOW [proto@0x1044753ae] Rx - primary_channel_rx: baud_rate=0 high_carrier=1 carrier=1803.3Hz agc=0.00080 power=7347201 shaper_sets=640
FLOW [proto@0x1044753ae] Rx - primary_channel_rx: baud_rate=0 high_carrier=1 carrier=1803.4Hz agc=0.00080 power=7346706 shaper_sets=640
FLOW [proto@0x1044753ae] Rx - Phase 3 Ja capture: emitted 27904 bits using hyp=0
FLOW [proto@0x1044753ae] Rx - primary_channel_rx: baud_rate=0 high_carrier=1 carrier=1803.4Hz agc=0.00080 power=7355871 shaper_sets=640
FLOW [proto@0x1044753ae] Rx - primary_channel_rx: baud_rate=0 high_carrier=1 carrier=1803.3Hz agc=0.00080 power=7352072 shaper_sets=640
FLOW [proto@0x1044753ae] Rx - Phase 3 S baud 2000: mag=0.973 data_bits=3 alt=0/32 stable=0 dom=3:32/32 rev=0/32 counts=0,0,0,32
FLOW [proto@0x1044753ae] Rx - primary_channel_rx: baud_rate=0 high_carrier=1 carrier=1803.2Hz agc=0.00080 power=7351652 shaper_sets=640
FLOW [proto@0x1044753ae] Rx - primary_channel_rx: baud_rate=0 high_carrier=1 carrier=1803.1Hz agc=0.00080 power=7346297 shaper_sets=640
FLOW [proto@0x1044753ae] Rx - Phase 3 WAIT_S heartbeat: dur=2048 demod=0 event=0 j_bits=28094 trn_bits=26052 trn_hint=0/75%
FLOW [proto@0x1044753ae] Rx - primary_channel_rx: baud_rate=0 high_carrier=1 carrier=1803.2Hz agc=0.00080 power=7351851 shaper_sets=640
FLOW [proto@0x1044753ae] Rx - Phase 3 TRN: best hyp=0 ones=19216/26112 (74%)
FLOW [proto@0x1044753ae] Rx - Phase 3 Ja capture: emitted 28160 bits using hyp=0
FLOW [proto@0x1044753ae] Rx - primary_channel_rx: baud_rate=0 high_carrier=1 carrier=1803.3Hz agc=0.00080 power=7346584 shaper_sets=640
FLOW [proto@0x1044753ae] Rx - primary_channel_rx: baud_rate=0 high_carrier=1 carrier=1803.4Hz agc=0.00080 power=7345551 shaper_sets=640
FLOW [proto@0x1044753ae] Rx - primary_channel_rx: baud_rate=0 high_carrier=1 carrier=1803.4Hz agc=0.00080 power=7397677 shaper_sets=640
FLOW [proto@0x1044753ae] Rx - primary_channel_rx: baud_rate=0 high_carrier=1 carrier=1803.4Hz agc=0.00080 power=7357675 shaper_sets=640
FLOW [proto@0x1044753ae] Rx - primary_channel_rx: baud_rate=0 high_carrier=1 carrier=1803.3Hz agc=0.00080 power=7345814 shaper_sets=640
FLOW [proto@0x1044753ae] Rx - primary_channel_rx: baud_rate=0 high_carrier=1 carrier=1803.2Hz agc=0.00080 power=7353350 shaper_sets=640
FLOW [proto@0x1044753ae] Rx - Phase 3 Ja capture: emitted 28416 bits using hyp=0
FLOW [proto@0x1044753ae] Rx - primary_channel_rx: baud_rate=0 high_carrier=1 carrier=1803.2Hz agc=0.00080 power=7406810 shaper_sets=640
FLOW [proto@0x1044753ae] Rx - primary_channel_rx: baud_rate=0 high_carrier=1 carrier=1803.3Hz agc=0.00080 power=7341832 shaper_sets=640
FLOW [proto@0x1044753ae] Rx - primary_channel_rx: baud_rate=0 high_carrier=1 carrier=1803.4Hz agc=0.00080 power=7399255 shaper_sets=640
FLOW [proto@0x1044753ae] Rx - Phase 3 WAIT_S heartbeat: dur=2304 demod=0 event=0 j_bits=28606 trn_bits=26564 trn_hint=0/75%
FLOW [proto@0x1044753ae] Rx - primary_channel_rx: baud_rate=0 high_carrier=1 carrier=1803.4Hz agc=0.00080 power=7407756 shaper_sets=640
FLOW [proto@0x1044753ae] Rx - primary_channel_rx: baud_rate=0 high_carrier=1 carrier=1803.4Hz agc=0.00080 power=7408738 shaper_sets=640
FLOW [proto@0x1044753ae] Rx - Phase 3 TRN: best hyp=0 ones=19587/26624 (74%)
FLOW [proto@0x1044753ae] Rx - Phase 3 Ja parser input: hyp0 len=28672 bits (stage=10, need ~16340 to parse)
FLOW [proto@0x1044753ae] Rx - Phase 3 Ja capture: emitted 28672 bits using hyp=0
FLOW [proto@0x1044753ae] Rx - primary_channel_rx: baud_rate=0 high_carrier=1 carrier=1803.4Hz agc=0.00080 power=7407103 shaper_sets=640
FLOW [proto@0x1044753ae] Rx - primary_channel_rx: baud_rate=0 high_carrier=1 carrier=1803.3Hz agc=0.00080 power=7407484 shaper_sets=640
FLOW [proto@0x1044753ae] Rx - primary_channel_rx: baud_rate=0 high_carrier=1 carrier=1803.2Hz agc=0.00080 power=7402150 shaper_sets=640
FLOW [proto@0x1044753ae] Rx - primary_channel_rx: baud_rate=0 high_carrier=1 carrier=1803.3Hz agc=0.00080 power=7382313 shaper_sets=640
FLOW [proto@0x1044753ae] Rx - primary_channel_rx: baud_rate=0 high_carrier=1 carrier=1803.4Hz agc=0.00080 power=7389589 shaper_sets=640
FLOW [proto@0x1044753ae] Rx - Phase 3 Ja capture: emitted 28928 bits using hyp=0
FLOW [proto@0x1044753ae] Rx - primary_channel_rx: baud_rate=0 high_carrier=1 carrier=1803.5Hz agc=0.00080 power=7388686 shaper_sets=640
FLOW [proto@0x1044753ae] Rx - primary_channel_rx: baud_rate=0 high_carrier=1 carrier=1803.5Hz agc=0.00080 power=7393473 shaper_sets=640
FLOW [proto@0x1044753ae] Rx - primary_channel_rx: baud_rate=0 high_carrier=1 carrier=1803.5Hz agc=0.00080 power=7383105 shaper_sets=640
FLOW [proto@0x1044753ae] Rx - primary_channel_rx: baud_rate=0 high_carrier=1 carrier=1803.4Hz agc=0.00080 power=7392265 shaper_sets=640
FLOW [proto@0x1044753ae] Rx - Phase 3 WAIT_S heartbeat: dur=2560 demod=0 event=0 j_bits=29118 trn_bits=27076 trn_hint=0/75%
FLOW [proto@0x1044753ae] Rx - primary_channel_rx: baud_rate=0 high_carrier=1 carrier=1803.3Hz agc=0.00080 power=7383774 shaper_sets=640
FLOW [proto@0x1044753ae] Rx - Phase 3 TRN: best hyp=0 ones=19961/27136 (74%)
FLOW [proto@0x1044753ae] Rx - primary_channel_rx: baud_rate=0 high_carrier=1 carrier=1803.3Hz agc=0.00080 power=7382346 shaper_sets=640
FLOW [proto@0x1044753ae] Rx - Phase 3 Ja capture: emitted 29184 bits using hyp=0
FLOW [proto@0x1044753ae] Rx - primary_channel_rx: baud_rate=0 high_carrier=1 carrier=1803.4Hz agc=0.00080 power=7397516 shaper_sets=640
FLOW [proto@0x1044753ae] Rx - primary_channel_rx: baud_rate=0 high_carrier=1 carrier=1803.5Hz agc=0.00080 power=7392702 shaper_sets=640
FLOW [proto@0x1044753ae] Rx - primary_channel_rx: baud_rate=0 high_carrier=1 carrier=1803.5Hz agc=0.00080 power=7388810 shaper_sets=640
FLOW [proto@0x1044753ae] Rx - primary_channel_rx: baud_rate=0 high_carrier=1 carrier=1803.5Hz agc=0.00080 power=7412208 shaper_sets=640
FLOW [proto@0x1044753ae] Rx - primary_channel_rx: baud_rate=0 high_carrier=1 carrier=1803.5Hz agc=0.00080 power=7419778 shaper_sets=640
FLOW [proto@0x1044753ae] Rx - Phase 3 Ja capture: emitted 29440 bits using hyp=0
FLOW [proto@0x1044753ae] Rx - primary_channel_rx: baud_rate=0 high_carrier=1 carrier=1803.4Hz agc=0.00080 power=7419819 shaper_sets=640
FLOW [proto@0x1044753ae] Rx - primary_channel_rx: baud_rate=0 high_carrier=1 carrier=1803.2Hz agc=0.00080 power=7419745 shaper_sets=640
FLOW [proto@0x1044753ae] Rx - primary_channel_rx: baud_rate=0 high_carrier=1 carrier=1803.4Hz agc=0.00080 power=7393945 shaper_sets=640
FLOW [proto@0x1044753ae] Rx - primary_channel_rx: baud_rate=0 high_carrier=1 carrier=1803.5Hz agc=0.00080 power=7413355 shaper_sets=640
FLOW [proto@0x1044753ae] Rx - Phase 3 WAIT_S heartbeat: dur=2816 demod=0 event=0 j_bits=29630 trn_bits=27588 trn_hint=0/75%
FLOW [proto@0x1044753ae] Rx - primary_channel_rx: baud_rate=0 high_carrier=1 carrier=1803.5Hz agc=0.00080 power=7390918 shaper_sets=640
FLOW [proto@0x1044753ae] Rx - Phase 3 TRN: best hyp=0 ones=20336/27648 (74%)
FLOW [proto@0x1044753ae] Rx - Phase 3 Ja capture: emitted 29696 bits using hyp=0
FLOW [proto@0x1044753ae] Rx - primary_channel_rx: baud_rate=0 high_carrier=1 carrier=1803.5Hz agc=0.00080 power=7396477 shaper_sets=640
FLOW [proto@0x1044753ae] Rx - primary_channel_rx: baud_rate=0 high_carrier=1 carrier=1803.5Hz agc=0.00080 power=7393693 shaper_sets=640
FLOW [proto@0x1044753ae] Rx - primary_channel_rx: baud_rate=0 high_carrier=1 carrier=1803.4Hz agc=0.00080 power=7387664 shaper_sets=640
FLOW [proto@0x1044753ae] Rx - primary_channel_rx: baud_rate=0 high_carrier=1 carrier=1803.3Hz agc=0.00080 power=7394029 shaper_sets=640
FLOW [proto@0x1044753ae] Rx - primary_channel_rx: baud_rate=0 high_carrier=1 carrier=1803.3Hz agc=0.00080 power=7398670 shaper_sets=640
FLOW [proto@0x1044753ae] Rx - primary_channel_rx: baud_rate=0 high_carrier=1 carrier=1803.4Hz agc=0.00080 power=7383315 shaper_sets=640
FLOW [proto@0x1044753ae] Rx - Phase 3 Ja capture: emitted 29952 bits using hyp=0
FLOW [proto@0x1044753ae] Rx - Phase 3 S baud 3000: mag=0.980 data_bits=3 alt=0/32 stable=0 dom=3:32/32 rev=0/32 counts=0,0,0,32
FLOW [proto@0x1044753ae] Rx - primary_channel_rx: baud_rate=0 high_carrier=1 carrier=1803.5Hz agc=0.00080 power=7421154 shaper_sets=640
FLOW [proto@0x1044753ae] Rx - primary_channel_rx: baud_rate=0 high_carrier=1 carrier=1803.5Hz agc=0.00080 power=7406627 shaper_sets=640
FLOW [proto@0x1044753ae] Rx - primary_channel_rx: baud_rate=0 high_carrier=1 carrier=1803.5Hz agc=0.00080 power=7331407 shaper_sets=640
FLOW [proto@0x1044753ae] Rx - Phase 3 WAIT_S heartbeat: dur=3072 demod=0 event=0 j_bits=30142 trn_bits=28100 trn_hint=0/75%
FLOW [proto@0x1044753ae] Rx - primary_channel_rx: baud_rate=0 high_carrier=1 carrier=1803.4Hz agc=0.00080 power=7364709 shaper_sets=640
FLOW [proto@0x1044753ae] Rx - primary_channel_rx: baud_rate=0 high_carrier=1 carrier=1803.3Hz agc=0.00080 power=7300870 shaper_sets=640
FLOW [proto@0x1044753ae] Rx - Phase 3 TRN: best hyp=0 ones=20712/28160 (74%)
FLOW [proto@0x1044753ae] Rx - Phase 3 Ja capture: emitted 30208 bits using hyp=0
FLOW [proto@0x1044753ae] Rx - primary_channel_rx: baud_rate=0 high_carrier=1 carrier=1803.3Hz agc=0.00080 power=7319678 shaper_sets=640
FLOW [proto@0x1044753ae] Rx - primary_channel_rx: baud_rate=0 high_carrier=1 carrier=1803.4Hz agc=0.00080 power=7293956 shaper_sets=640
FLOW [proto@0x1044753ae] Rx - primary_channel_rx: baud_rate=0 high_carrier=1 carrier=1803.5Hz agc=0.00080 power=7297290 shaper_sets=640
FLOW [proto@0x1044753ae] Rx - primary_channel_rx: baud_rate=0 high_carrier=1 carrier=1803.5Hz agc=0.00080 power=7299144 shaper_sets=640
FLOW [proto@0x1044753ae] Rx - primary_channel_rx: baud_rate=0 high_carrier=1 carrier=1803.5Hz agc=0.00080 power=7299169 shaper_sets=640
FLOW [proto@0x1044753ae] Rx - Phase 3 Ja capture: emitted 30464 bits using hyp=0
FLOW [proto@0x1044753ae] Rx - primary_channel_rx: baud_rate=0 high_carrier=1 carrier=1803.4Hz agc=0.00080 power=7304039 shaper_sets=640
FLOW [proto@0x1044753ae] Rx - primary_channel_rx: baud_rate=0 high_carrier=1 carrier=1803.3Hz agc=0.00080 power=7342223 shaper_sets=640
FLOW [proto@0x1044753ae] Rx - primary_channel_rx: baud_rate=0 high_carrier=1 carrier=1803.2Hz agc=0.00080 power=7304325 shaper_sets=640
FLOW [proto@0x1044753ae] Rx - primary_channel_rx: baud_rate=0 high_carrier=1 carrier=1803.4Hz agc=0.00080 power=7300924 shaper_sets=640
FLOW [proto@0x1044753ae] Rx - Phase 3 WAIT_S heartbeat: dur=3328 demod=0 event=0 j_bits=30654 trn_bits=28612 trn_hint=0/75%
FLOW [proto@0x1044753ae] Rx - primary_channel_rx: baud_rate=0 high_carrier=1 carrier=1803.5Hz agc=0.00080 power=7313581 shaper_sets=640
FLOW [proto@0x1044753ae] Rx - Phase 3 TRN: best hyp=0 ones=21084/28672 (74%)
FLOW [proto@0x1044753ae] Rx - primary_channel_rx: baud_rate=0 high_carrier=1 carrier=1803.5Hz agc=0.00080 power=7320120 shaper_sets=640
FLOW [proto@0x1044753ae] Rx - Phase 3 Ja parser input: hyp0 len=30720 bits (stage=10, need ~16340 to parse)
FLOW [proto@0x1044753ae] Rx - Phase 3 Ja capture: emitted 30720 bits using hyp=0
FLOW [proto@0x1044753ae] Rx - primary_channel_rx: baud_rate=0 high_carrier=1 carrier=1803.5Hz agc=0.00080 power=7322726 shaper_sets=640
FLOW [proto@0x1044753ae] Rx - primary_channel_rx: baud_rate=0 high_carrier=1 carrier=1803.5Hz agc=0.00080 power=7319113 shaper_sets=640
FLOW [proto@0x1044753ae] Rx - primary_channel_rx: baud_rate=0 high_carrier=1 carrier=1803.4Hz agc=0.00080 power=7328573 shaper_sets=640
FLOW [proto@0x1044753ae] Rx - primary_channel_rx: baud_rate=0 high_carrier=1 carrier=1803.2Hz agc=0.00080 power=7319418 shaper_sets=640
FLOW [proto@0x1044753ae] Rx - primary_channel_rx: baud_rate=0 high_carrier=1 carrier=1803.4Hz agc=0.00080 power=7322472 shaper_sets=640
FLOW [proto@0x1044753ae] Rx - Phase 3 Ja capture: emitted 30976 bits using hyp=0
FLOW [proto@0x1044753ae] Rx - primary_channel_rx: baud_rate=0 high_carrier=1 carrier=1803.5Hz agc=0.00080 power=7326767 shaper_sets=640
FLOW [proto@0x1044753ae] Rx - primary_channel_rx: baud_rate=0 high_carrier=1 carrier=1803.5Hz agc=0.00080 power=7322143 shaper_sets=640
FLOW [proto@0x1044753ae] Rx - primary_channel_rx: baud_rate=0 high_carrier=1 carrier=1803.5Hz agc=0.00080 power=7330289 shaper_sets=640
FLOW [proto@0x1044753ae] Rx - primary_channel_rx: baud_rate=0 high_carrier=1 carrier=1803.5Hz agc=0.00080 power=7322891 shaper_sets=640
FLOW [proto@0x1044753ae] Rx - Phase 3 WAIT_S heartbeat: dur=3584 demod=0 event=0 j_bits=31166 trn_bits=29124 trn_hint=0/75%
FLOW [proto@0x1044753ae] Rx - primary_channel_rx: baud_rate=0 high_carrier=1 carrier=1803.4Hz agc=0.00080 power=7321768 shaper_sets=640
FLOW [proto@0x1044753ae] Rx - Phase 3 TRN: best hyp=0 ones=21460/29184 (74%)
FLOW [proto@0x1044753ae] Rx - Phase 3 Ja capture: emitted 31232 bits using hyp=0
FLOW [proto@0x1044753ae] Rx - primary_channel_rx: baud_rate=0 high_carrier=1 carrier=1803.3Hz agc=0.00080 power=7322924 shaper_sets=640
FLOW [proto@0x1044753ae] Rx - primary_channel_rx: baud_rate=0 high_carrier=1 carrier=1803.3Hz agc=0.00080 power=7321382 shaper_sets=640
FLOW [proto@0x1044753ae] Rx - primary_channel_rx: baud_rate=0 high_carrier=1 carrier=1803.5Hz agc=0.00080 power=7314722 shaper_sets=640
FLOW [proto@0x1044753ae] Rx - primary_channel_rx: baud_rate=0 high_carrier=1 carrier=1803.5Hz agc=0.00080 power=7313584 shaper_sets=640
FLOW [proto@0x1044753ae] Rx - primary_channel_rx: baud_rate=0 high_carrier=1 carrier=1803.6Hz agc=0.00080 power=7314728 shaper_sets=640
FLOW [proto@0x1044753ae] Rx - primary_channel_rx: baud_rate=0 high_carrier=1 carrier=1803.5Hz agc=0.00080 power=7313149 shaper_sets=640
FLOW [proto@0x1044753ae] Rx - Phase 3 Ja capture: emitted 31488 bits using hyp=0
FLOW [proto@0x1044753ae] Rx - primary_channel_rx: baud_rate=0 high_carrier=1 carrier=1803.5Hz agc=0.00080 power=7315188 shaper_sets=640
FLOW [proto@0x1044753ae] Rx - primary_channel_rx: baud_rate=0 high_carrier=1 carrier=1803.3Hz agc=0.00080 power=7325433 shaper_sets=640
FLOW [proto@0x1044753ae] Rx - primary_channel_rx: baud_rate=0 high_carrier=1 carrier=1803.3Hz agc=0.00080 power=7287677 shaper_sets=640
FLOW [proto@0x1044753ae] Rx - Phase 3 WAIT_S heartbeat: dur=3840 demod=0 event=0 j_bits=31678 trn_bits=29636 trn_hint=0/75%
FLOW [proto@0x1044753ae] Rx - primary_channel_rx: baud_rate=0 high_carrier=1 carrier=1803.5Hz agc=0.00080 power=7312200 shaper_sets=640
FLOW [proto@0x1044753ae] Rx - primary_channel_rx: baud_rate=0 high_carrier=1 carrier=1803.5Hz agc=0.00080 power=7315981 shaper_sets=640
FLOW [proto@0x1044753ae] Rx - Phase 3 TRN: best hyp=0 ones=21834/29696 (74%)
FLOW [proto@0x1044753ae] Rx - Phase 3 Ja capture: emitted 31744 bits using hyp=0
FLOW [proto@0x1044753ae] Rx - primary_channel_rx: baud_rate=0 high_carrier=1 carrier=1803.6Hz agc=0.00080 power=7291285 shaper_sets=640
FLOW [proto@0x1044753ae] Rx - primary_channel_rx: baud_rate=0 high_carrier=1 carrier=1803.6Hz agc=0.00080 power=7294312 shaper_sets=640
FLOW [proto@0x1044753ae] Rx - primary_channel_rx: baud_rate=0 high_carrier=1 carrier=1803.5Hz agc=0.00080 power=7292760 shaper_sets=640
FLOW [proto@0x1044753ae] Rx - primary_channel_rx: baud_rate=0 high_carrier=1 carrier=1803.4Hz agc=0.00080 power=7317373 shaper_sets=640
FLOW [proto@0x1044753ae] Rx - primary_channel_rx: baud_rate=0 high_carrier=1 carrier=1803.3Hz agc=0.00080 power=7344632 shaper_sets=640
FLOW [proto@0x1044753ae] Rx - Phase 3 S baud 4000: mag=1.011 data_bits=3 alt=0/32 stable=0 dom=3:32/32 rev=0/32 counts=0,0,0,32
FLOW [proto@0x1044753ae] Rx - Phase 3 Ja capture: emitted 32000 bits using hyp=0
FLOW [proto@0x1044753ae] Rx - primary_channel_rx: baud_rate=0 high_carrier=1 carrier=1803.4Hz agc=0.00080 power=7302472 shaper_sets=640
FLOW [proto@0x1044753ae] Rx - primary_channel_rx: baud_rate=0 high_carrier=1 carrier=1803.5Hz agc=0.00080 power=7340162 shaper_sets=640
FLOW [proto@0x1044753ae] Rx - primary_channel_rx: baud_rate=0 high_carrier=1 carrier=1803.6Hz agc=0.00080 power=7343300 shaper_sets=640
FLOW [proto@0x1044753ae] Rx - primary_channel_rx: baud_rate=0 high_carrier=1 carrier=1803.6Hz agc=0.00080 power=7343475 shaper_sets=640
FLOW [proto@0x1044753ae] Rx - Phase 3 WAIT_S heartbeat: dur=4096 demod=0 event=0 j_bits=32190 trn_bits=30148 trn_hint=0/75%
FLOW [proto@0x1044753ae] Rx - primary_channel_rx: baud_rate=0 high_carrier=1 carrier=1803.5Hz agc=0.00080 power=7351302 shaper_sets=640
FLOW [proto@0x1044753ae] Rx - Phase 3 TRN: best hyp=0 ones=22209/30208 (74%)
FLOW [proto@0x1044753ae] Rx - primary_channel_rx: baud_rate=0 high_carrier=1 carrier=1803.4Hz agc=0.00080 power=7348224 shaper_sets=640
FLOW [proto@0x1044753ae] Rx - Phase 3 Ja capture: emitted 32256 bits using hyp=0
FLOW [proto@0x1044753ae] Rx - primary_channel_rx: baud_rate=0 high_carrier=1 carrier=1803.3Hz agc=0.00080 power=7354440 shaper_sets=640
FLOW [proto@0x1044753ae] Rx - primary_channel_rx: baud_rate=0 high_carrier=1 carrier=1803.4Hz agc=0.00080 power=7357193 shaper_sets=640
FLOW [proto@0x1044753ae] Rx - primary_channel_rx: baud_rate=0 high_carrier=1 carrier=1803.5Hz agc=0.00080 power=7360022 shaper_sets=640
FLOW [proto@0x1044753ae] Rx - primary_channel_rx: baud_rate=0 high_carrier=1 carrier=1803.6Hz agc=0.00080 power=7357871 shaper_sets=640
FLOW [proto@0x1044753ae] Rx - primary_channel_rx: baud_rate=0 high_carrier=1 carrier=1803.6Hz agc=0.00080 power=7357835 shaper_sets=640
FLOW [proto@0x1044753ae] Rx - Phase 3 Ja capture: emitted 32512 bits using hyp=0
FLOW [proto@0x1044753ae] Rx - primary_channel_rx: baud_rate=0 high_carrier=1 carrier=1803.5Hz agc=0.00080 power=7365084 shaper_sets=640
FLOW [proto@0x1044753ae] Rx - primary_channel_rx: baud_rate=0 high_carrier=1 carrier=1803.4Hz agc=0.00080 power=7353637 shaper_sets=640
FLOW [proto@0x1044753ae] Rx - primary_channel_rx: baud_rate=0 high_carrier=1 carrier=1803.3Hz agc=0.00080 power=7387604 shaper_sets=640
FLOW [proto@0x1044753ae] Rx - primary_channel_rx: baud_rate=0 high_carrier=1 carrier=1803.4Hz agc=0.00080 power=7392816 shaper_sets=640
FLOW [proto@0x1044753ae] Rx - Phase 3 WAIT_S heartbeat: dur=4352 demod=0 event=0 j_bits=32702 trn_bits=30660 trn_hint=0/75%
FLOW [proto@0x1044753ae] Rx - primary_channel_rx: baud_rate=0 high_carrier=1 carrier=1803.5Hz agc=0.00080 power=7363645 shaper_sets=640
FLOW [proto@0x1044753ae] Rx - Phase 3 TRN: best hyp=0 ones=22572/30720 (73%)
FLOW [proto@0x1044753ae] Rx - Phase 3 Ja parser input: hyp0 len=32768 bits (stage=10, need ~16340 to parse)
FLOW [proto@0x1044753ae] Rx - Phase 3 Ja capture: emitted 32768 bits using hyp=0
FLOW [proto@0x1044753ae] Rx - primary_channel_rx: baud_rate=0 high_carrier=1 carrier=1803.6Hz agc=0.00080 power=7392916 shaper_sets=640
FLOW [proto@0x1044753ae] Rx - primary_channel_rx: baud_rate=0 high_carrier=1 carrier=1803.6Hz agc=0.00080 power=7352558 shaper_sets=640
FLOW [proto@0x1044753ae] Rx - primary_channel_rx: baud_rate=0 high_carrier=1 carrier=1803.5Hz agc=0.00080 power=7363817 shaper_sets=640
FLOW [proto@0x1044753ae] Rx - primary_channel_rx: baud_rate=0 high_carrier=1 carrier=1803.5Hz agc=0.00080 power=7392903 shaper_sets=640
FLOW [proto@0x1044753ae] Rx - primary_channel_rx: baud_rate=0 high_carrier=1 carrier=1803.3Hz agc=0.00080 power=7379945 shaper_sets=640
FLOW [proto@0x1044753ae] Rx - primary_channel_rx: baud_rate=0 high_carrier=1 carrier=1803.4Hz agc=0.00080 power=7370758 shaper_sets=640
FLOW [proto@0x1044753ae] Rx - Phase 3 Ja capture: emitted 33024 bits using hyp=0
FLOW [proto@0x1044753ae] Rx - primary_channel_rx: baud_rate=0 high_carrier=1 carrier=1803.5Hz agc=0.00080 power=7373670 shaper_sets=640
FLOW [proto@0x1044753ae] Rx - primary_channel_rx: baud_rate=0 high_carrier=1 carrier=1803.6Hz agc=0.00080 power=7352882 shaper_sets=640
FLOW [proto@0x1044753ae] Rx - primary_channel_rx: baud_rate=0 high_carrier=1 carrier=1803.6Hz agc=0.00080 power=7340787 shaper_sets=640
FLOW [proto@0x1044753ae] Rx - Phase 3 WAIT_S heartbeat: dur=4608 demod=0 event=0 j_bits=33214 trn_bits=31172 trn_hint=0/75%
FLOW [proto@0x1044753ae] Rx - primary_channel_rx: baud_rate=0 high_carrier=1 carrier=1803.6Hz agc=0.00080 power=7352936 shaper_sets=640
FLOW [proto@0x1044753ae] Rx - primary_channel_rx: baud_rate=0 high_carrier=1 carrier=1803.5Hz agc=0.00080 power=7353195 shaper_sets=640
FLOW [proto@0x1044753ae] Rx - Phase 3 TRN: best hyp=0 ones=22951/31232 (73%)
FLOW [proto@0x1044753ae] Rx - Phase 3 Ja capture: emitted 33280 bits using hyp=0
FLOW [proto@0x1044753ae] Rx - primary_channel_rx: baud_rate=0 high_carrier=1 carrier=1803.4Hz agc=0.00080 power=7350420 shaper_sets=640
FLOW [proto@0x1044753ae] Rx - primary_channel_rx: baud_rate=0 high_carrier=1 carrier=1803.4Hz agc=0.00080 power=7361285 shaper_sets=640
FLOW [proto@0x1044753ae] Rx - primary_channel_rx: baud_rate=0 high_carrier=1 carrier=1803.5Hz agc=0.00080 power=7350479 shaper_sets=640
FLOW [proto@0x1044753ae] Rx - primary_channel_rx: baud_rate=0 high_carrier=1 carrier=1803.6Hz agc=0.00080 power=7362202 shaper_sets=640
FLOW [proto@0x1044753ae] Rx - primary_channel_rx: baud_rate=0 high_carrier=1 carrier=1803.6Hz agc=0.00080 power=7362312 shaper_sets=640
FLOW [proto@0x1044753ae] Rx - Phase 3 Ja capture: emitted 33536 bits using hyp=0
FLOW [proto@0x1044753ae] Rx - primary_channel_rx: baud_rate=0 high_carrier=1 carrier=1803.6Hz agc=0.00080 power=7362481 shaper_sets=640
FLOW [proto@0x1044753ae] Rx - primary_channel_rx: baud_rate=0 high_carrier=1 carrier=1803.5Hz agc=0.00080 power=7365398 shaper_sets=640
FLOW [proto@0x1044753ae] Rx - primary_channel_rx: baud_rate=0 high_carrier=1 carrier=1803.4Hz agc=0.00080 power=7365265 shaper_sets=640
FLOW [proto@0x1044753ae] Rx - primary_channel_rx: baud_rate=0 high_carrier=1 carrier=1803.4Hz agc=0.00080 power=7365623 shaper_sets=640
FLOW [proto@0x1044753ae] Rx - Phase 3 WAIT_S heartbeat: dur=4864 demod=0 event=0 j_bits=33726 trn_bits=31684 trn_hint=0/75%
FLOW [proto@0x1044753ae] Rx - primary_channel_rx: baud_rate=0 high_carrier=1 carrier=1803.5Hz agc=0.00080 power=7365994 shaper_sets=640
FLOW [proto@0x1044753ae] Rx - Phase 3 TRN: best hyp=11 ones=23311/31744 (73%)
FLOW [proto@0x1044753ae] Rx - primary_channel_rx: baud_rate=0 high_carrier=1 carrier=1803.6Hz agc=0.00080 power=7369073 shaper_sets=640
FLOW [proto@0x1044753ae] Rx - Phase 3 Ja capture: emitted 33792 bits using hyp=0
FLOW [proto@0x1044753ae] Rx - primary_channel_rx: baud_rate=0 high_carrier=1 carrier=1803.6Hz agc=0.00080 power=7376290 shaper_sets=640
FLOW [proto@0x1044753ae] Rx - primary_channel_rx: baud_rate=0 high_carrier=1 carrier=1803.6Hz agc=0.00080 power=7378226 shaper_sets=640
FLOW [proto@0x1044753ae] Rx - primary_channel_rx: baud_rate=0 high_carrier=1 carrier=1803.5Hz agc=0.00080 power=7364241 shaper_sets=640
FLOW [proto@0x1044753ae] Rx - primary_channel_rx: baud_rate=0 high_carrier=1 carrier=1803.4Hz agc=0.00080 power=7383522 shaper_sets=640
FLOW [proto@0x1044753ae] Rx - Phase 3 S baud 5000: mag=0.987 data_bits=3 alt=0/32 stable=0 dom=3:32/32 rev=0/32 counts=0,0,0,32
FLOW [proto@0x1044753ae] Rx - primary_channel_rx: baud_rate=0 high_carrier=1 carrier=1803.4Hz agc=0.00080 power=7383096 shaper_sets=640
FLOW [proto@0x1044753ae] Rx - Phase 3 Ja capture: emitted 34048 bits using hyp=0
FLOW [proto@0x1044753ae] Rx - primary_channel_rx: baud_rate=0 high_carrier=1 carrier=1803.5Hz agc=0.00080 power=7382672 shaper_sets=640
FLOW [proto@0x1044753ae] Rx - primary_channel_rx: baud_rate=0 high_carrier=1 carrier=1803.6Hz agc=0.00080 power=7384410 shaper_sets=640
FLOW [proto@0x1044753ae] Rx - primary_channel_rx: baud_rate=0 high_carrier=1 carrier=1803.6Hz agc=0.00080 power=7382940 shaper_sets=640
FLOW [proto@0x1044753ae] Rx - primary_channel_rx: baud_rate=0 high_carrier=1 carrier=1803.6Hz agc=0.00080 power=7381342 shaper_sets=640
FLOW [proto@0x1044753ae] Rx - Phase 3 WAIT_S heartbeat: dur=5120 demod=0 event=0 j_bits=34238 trn_bits=32196 trn_hint=0/75%
FLOW [proto@0x1044753ae] Rx - primary_channel_rx: baud_rate=0 high_carrier=1 carrier=1803.6Hz agc=0.00080 power=7380311 shaper_sets=640
FLOW [proto@0x1044753ae] Rx - Phase 3 TRN: best hyp=11 ones=23690/32256 (73%)
FLOW [proto@0x1044753ae] Rx - Phase 3 Ja capture: emitted 34304 bits using hyp=0
FLOW [proto@0x1044753ae] Rx - primary_channel_rx: baud_rate=0 high_carrier=1 carrier=1803.5Hz agc=0.00080 power=7381320 shaper_sets=640
FLOW [proto@0x1044753ae] Rx - primary_channel_rx: baud_rate=0 high_carrier=1 carrier=1803.4Hz agc=0.00080 power=7361402 shaper_sets=640
FLOW [proto@0x1044753ae] Rx - primary_channel_rx: baud_rate=0 high_carrier=1 carrier=1803.5Hz agc=0.00080 power=7358991 shaper_sets=640
FLOW [proto@0x1044753ae] Rx - primary_channel_rx: baud_rate=0 high_carrier=1 carrier=1803.6Hz agc=0.00080 power=7317751 shaper_sets=640
FLOW [proto@0x1044753ae] Rx - primary_channel_rx: baud_rate=0 high_carrier=1 carrier=1803.7Hz agc=0.00080 power=7360308 shaper_sets=640
FLOW [proto@0x1044753ae] Rx - primary_channel_rx: baud_rate=0 high_carrier=1 carrier=1803.7Hz agc=0.00080 power=7320884 shaper_sets=640
FLOW [proto@0x1044753ae] Rx - Phase 3 Ja capture: emitted 34560 bits using hyp=0
FLOW [proto@0x1044753ae] Rx - primary_channel_rx: baud_rate=0 high_carrier=1 carrier=1803.6Hz agc=0.00080 power=7317409 shaper_sets=640
FLOW [proto@0x1044753ae] Rx - primary_channel_rx: baud_rate=0 high_carrier=1 carrier=1803.5Hz agc=0.00080 power=7341305 shaper_sets=640
FLOW [proto@0x1044753ae] Rx - primary_channel_rx: baud_rate=0 high_carrier=1 carrier=1803.4Hz agc=0.00080 power=7342072 shaper_sets=640
FLOW [proto@0x1044753ae] Rx - Phase 3 WAIT_S heartbeat: dur=5376 demod=0 event=0 j_bits=34750 trn_bits=32708 trn_hint=0/75%
FLOW [proto@0x1044753ae] Rx - primary_channel_rx: baud_rate=0 high_carrier=1 carrier=1803.5Hz agc=0.00080 power=7351713 shaper_sets=640
FLOW [proto@0x1044753ae] Rx - primary_channel_rx: baud_rate=0 high_carrier=1 carrier=1803.6Hz agc=0.00080 power=7346970 shaper_sets=640
FLOW [proto@0x1044753ae] Rx - Phase 3 TRN: best hyp=11 ones=24064/32768 (73%)
FLOW [proto@0x1044753ae] Rx - Phase 3 Ja parser input: hyp0 len=34816 bits (stage=10, need ~16340 to parse)
FLOW [proto@0x1044753ae] Rx - Phase 3 Ja capture: emitted 34816 bits using hyp=0
FLOW [proto@0x1044753ae] Rx - primary_channel_rx: baud_rate=0 high_carrier=1 carrier=1803.7Hz agc=0.00080 power=7352813 shaper_sets=640
FLOW [proto@0x1044753ae] Rx - primary_channel_rx: baud_rate=0 high_carrier=1 carrier=1803.7Hz agc=0.00080 power=7347775 shaper_sets=640
FLOW [proto@0x1044753ae] Rx - primary_channel_rx: baud_rate=0 high_carrier=1 carrier=1803.6Hz agc=0.00080 power=7354819 shaper_sets=640
FLOW [proto@0x1044753ae] Rx - primary_channel_rx: baud_rate=0 high_carrier=1 carrier=1803.5Hz agc=0.00080 power=7357281 shaper_sets=640
FLOW [proto@0x1044753ae] Rx - primary_channel_rx: baud_rate=0 high_carrier=1 carrier=1803.4Hz agc=0.00080 power=7355067 shaper_sets=640
FLOW [proto@0x1044753ae] Rx - Phase 3 Ja capture: emitted 35072 bits using hyp=0
FLOW [proto@0x1044753ae] Rx - primary_channel_rx: baud_rate=0 high_carrier=1 carrier=1803.6Hz agc=0.00080 power=7355476 shaper_sets=640
FLOW [proto@0x1044753ae] Rx - primary_channel_rx: baud_rate=0 high_carrier=1 carrier=1803.6Hz agc=0.00080 power=7358769 shaper_sets=640
FLOW [proto@0x1044753ae] Rx - primary_channel_rx: baud_rate=0 high_carrier=1 carrier=1803.7Hz agc=0.00080 power=7349921 shaper_sets=640
FLOW [proto@0x1044753ae] Rx - primary_channel_rx: baud_rate=0 high_carrier=1 carrier=1803.7Hz agc=0.00080 power=7352925 shaper_sets=640
FLOW [proto@0x1044753ae] Rx - Phase 3 WAIT_S heartbeat: dur=5632 demod=0 event=0 j_bits=35262 trn_bits=33220 trn_hint=0/75%
FLOW [proto@0x1044753ae] Rx - primary_channel_rx: baud_rate=0 high_carrier=1 carrier=1803.6Hz agc=0.00080 power=7353050 shaper_sets=640
FLOW [proto@0x1044753ae] Rx - Phase 3 TRN: best hyp=0 ones=24440/33280 (73%)
FLOW [proto@0x1044753ae] Rx - primary_channel_rx: baud_rate=0 high_carrier=1 carrier=1803.5Hz agc=0.00080 power=7354257 shaper_sets=640
FLOW [proto@0x1044753ae] Rx - Phase 3 Ja capture: emitted 35328 bits using hyp=0
FLOW [proto@0x1044753ae] Rx - primary_channel_rx: baud_rate=0 high_carrier=1 carrier=1803.5Hz agc=0.00080 power=7354070 shaper_sets=640
FLOW [proto@0x1044753ae] Rx - primary_channel_rx: baud_rate=0 high_carrier=1 carrier=1803.6Hz agc=0.00080 power=7360668 shaper_sets=640
FLOW [proto@0x1044753ae] Rx - primary_channel_rx: baud_rate=0 high_carrier=1 carrier=1803.7Hz agc=0.00080 power=7359730 shaper_sets=640
FLOW [proto@0x1044753ae] Rx - primary_channel_rx: baud_rate=0 high_carrier=1 carrier=1803.7Hz agc=0.00080 power=7359717 shaper_sets=640
FLOW [proto@0x1044753ae] Rx - primary_channel_rx: baud_rate=0 high_carrier=1 carrier=1803.7Hz agc=0.00080 power=7359710 shaper_sets=640
FLOW [proto@0x1044753ae] Rx - Phase 3 Ja capture: emitted 35584 bits using hyp=0
FLOW [proto@0x1044753ae] Rx - primary_channel_rx: baud_rate=0 high_carrier=1 carrier=1803.6Hz agc=0.00080 power=7342060 shaper_sets=640
FLOW [proto@0x1044753ae] Rx - primary_channel_rx: baud_rate=0 high_carrier=1 carrier=1803.5Hz agc=0.00080 power=7360455 shaper_sets=640
FLOW [proto@0x1044753ae] Rx - primary_channel_rx: baud_rate=0 high_carrier=1 carrier=1803.5Hz agc=0.00080 power=7358975 shaper_sets=640
FLOW [proto@0x1044753ae] Rx - primary_channel_rx: baud_rate=0 high_carrier=1 carrier=1803.6Hz agc=0.00080 power=7342346 shaper_sets=640
FLOW [proto@0x1044753ae] Rx - Phase 3 WAIT_S heartbeat: dur=5888 demod=0 event=0 j_bits=35774 trn_bits=33732 trn_hint=0/75%
FLOW [proto@0x1044753ae] Rx - primary_channel_rx: baud_rate=0 high_carrier=1 carrier=1803.7Hz agc=0.00080 power=7340942 shaper_sets=640
FLOW [proto@0x1044753ae] Rx - Phase 3 TRN: best hyp=0 ones=24808/33792 (73%)
FLOW [proto@0x1044753ae] Rx - Phase 3 Ja capture: emitted 35840 bits using hyp=0
FLOW [proto@0x1044753ae] Rx - primary_channel_rx: baud_rate=0 high_carrier=1 carrier=1803.7Hz agc=0.00080 power=7388851 shaper_sets=640
FLOW [proto@0x1044753ae] Rx - primary_channel_rx: baud_rate=0 high_carrier=1 carrier=1803.7Hz agc=0.00080 power=7369192 shaper_sets=640
FLOW [proto@0x1044753ae] Rx - primary_channel_rx: baud_rate=0 high_carrier=1 carrier=1803.6Hz agc=0.00080 power=7371098 shaper_sets=640
FLOW [proto@0x1044753ae] Rx - Phase 3 S baud 6000: mag=0.975 data_bits=3 alt=0/32 stable=0 dom=3:32/32 rev=0/32 counts=0,0,0,32
FLOW [proto@0x1044753ae] Rx - Phase 3: S detect timeout (6000 bauds, alt=0/32 rev=0/32, j_bits=36000 trn_bits=33958 trn_hint=0/75%), continuing search
FLOW [proto@0x1044753ae] Rx - primary_channel_rx: baud_rate=0 high_carrier=1 carrier=1803.5Hz agc=0.00080 power=7371431 shaper_sets=640
FLOW [proto@0x1044753ae] Rx - Phase 3 WAIT_S heartbeat: dur=1 demod=0 event=0 j_bits=36000 trn_bits=33958 trn_hint=0/75%
FLOW [proto@0x1044753ae] Rx - Phase 3 S baud 1: mag=1.026 data_bits=3 alt=0/32 stable=0 dom=3:1/32 rev=0/32 counts=0,0,0,1
FLOW [proto@0x1044753ae] Rx - Phase 3 S baud 2: mag=1.016 data_bits=3 alt=0/32 stable=0 dom=3:2/32 rev=0/32 counts=0,0,0,2
FLOW [proto@0x1044753ae] Rx - Phase 3 S baud 3: mag=0.992 data_bits=3 alt=0/32 stable=0 dom=3:3/32 rev=0/32 counts=0,0,0,3
FLOW [proto@0x1044753ae] Rx - Phase 3 S baud 4: mag=0.987 data_bits=3 alt=0/32 stable=0 dom=3:4/32 rev=0/32 counts=0,0,0,4
FLOW [proto@0x1044753ae] Rx - primary_channel_rx: baud_rate=0 high_carrier=1 carrier=1803.5Hz agc=0.00080 power=7369846 shaper_sets=640
FLOW [proto@0x1044753ae] Rx - primary_channel_rx: baud_rate=0 high_carrier=1 carrier=1803.6Hz agc=0.00080 power=7360244 shaper_sets=640
FLOW [proto@0x1044753ae] Rx - Phase 3 Ja capture: emitted 36096 bits using hyp=0
FLOW [proto@0x1044753ae] Rx - primary_channel_rx: baud_rate=0 high_carrier=1 carrier=1803.7Hz agc=0.00080 power=7368524 shaper_sets=640
FLOW [proto@0x1044753ae] Rx - primary_channel_rx: baud_rate=0 high_carrier=1 carrier=1803.7Hz agc=0.00080 power=7380479 shaper_sets=640
FLOW [proto@0x1044753ae] Rx - primary_channel_rx: baud_rate=0 high_carrier=1 carrier=1803.7Hz agc=0.00080 power=7371908 shaper_sets=640
FLOW [proto@0x1044753ae] Rx - primary_channel_rx: baud_rate=0 high_carrier=1 carrier=1803.6Hz agc=0.00080 power=7372263 shaper_sets=640
FLOW [proto@0x1044753ae] Rx - primary_channel_rx: baud_rate=0 high_carrier=1 carrier=1803.5Hz agc=0.00080 power=7372888 shaper_sets=640
FLOW [proto@0x1044753ae] Rx - Phase 3 Ja capture: emitted 36352 bits using hyp=0
FLOW [proto@0x1044753ae] Rx - primary_channel_rx: baud_rate=0 high_carrier=1 carrier=1803.5Hz agc=0.00080 power=7387610 shaper_sets=640
FLOW [proto@0x1044753ae] Rx - primary_channel_rx: baud_rate=0 high_carrier=1 carrier=1803.6Hz agc=0.00080 power=7373550 shaper_sets=640
FLOW [proto@0x1044753ae] Rx - primary_channel_rx: baud_rate=0 high_carrier=1 carrier=1803.7Hz agc=0.00080 power=7387930 shaper_sets=640
FLOW [proto@0x1044753ae] Rx - Phase 3 WAIT_S heartbeat: dur=256 demod=0 event=0 j_bits=36510 trn_bits=33958 trn_hint=0/75%
FLOW [proto@0x1044753ae] Rx - primary_channel_rx: baud_rate=0 high_carrier=1 carrier=1803.7Hz agc=0.00080 power=7373057 shaper_sets=640
FLOW [proto@0x1044753ae] Rx - primary_channel_rx: baud_rate=0 high_carrier=1 carrier=1803.7Hz agc=0.00080 power=7388474 shaper_sets=640
FLOW [proto@0x1044753ae] Rx - Phase 3 Ja capture: emitted 36608 bits using hyp=0
FLOW [proto@0x1044753ae] Rx - primary_channel_rx: baud_rate=0 high_carrier=1 carrier=1803.6Hz agc=0.00080 power=7373825 shaper_sets=640
FLOW [proto@0x1044753ae] Rx - primary_channel_rx: baud_rate=0 high_carrier=1 carrier=1803.5Hz agc=0.00080 power=7417212 shaper_sets=640
FLOW [proto@0x1044753ae] Rx - primary_channel_rx: baud_rate=0 high_carrier=1 carrier=1803.6Hz agc=0.00080 power=7433108 shaper_sets=640
FLOW [proto@0x1044753ae] Rx - primary_channel_rx: baud_rate=0 high_carrier=1 carrier=1803.7Hz agc=0.00080 power=7419954 shaper_sets=640
FLOW [proto@0x1044753ae] Rx - primary_channel_rx: baud_rate=0 high_carrier=1 carrier=1803.7Hz agc=0.00080 power=7441768 shaper_sets=640
FLOW [proto@0x1044753ae] Rx - Phase 3 TRN: best hyp=0 ones=25179/34304 (73%)
FLOW [proto@0x1044753ae] Rx - primary_channel_rx: baud_rate=0 high_carrier=1 carrier=1803.7Hz agc=0.00080 power=7424330 shaper_sets=640
FLOW [proto@0x1044753ae] Rx - Phase 3 Ja parser input: hyp0 len=36864 bits (stage=10, need ~16340 to parse)
FLOW [proto@0x1044753ae] Rx - Phase 3 Ja capture: emitted 36864 bits using hyp=0
FLOW [proto@0x1044753ae] Rx - primary_channel_rx: baud_rate=0 high_carrier=1 carrier=1803.7Hz agc=0.00080 power=7443096 shaper_sets=640
FLOW [proto@0x1044753ae] Rx - primary_channel_rx: baud_rate=0 high_carrier=1 carrier=1803.6Hz agc=0.00080 power=7427732 shaper_sets=640
FLOW [proto@0x1044753ae] Rx - primary_channel_rx: baud_rate=0 high_carrier=1 carrier=1803.5Hz agc=0.00080 power=7444745 shaper_sets=640
FLOW [proto@0x1044753ae] Rx - Phase 3 WAIT_S heartbeat: dur=512 demod=0 event=0 j_bits=37022 trn_bits=34470 trn_hint=0/75%
FLOW [proto@0x1044753ae] Rx - primary_channel_rx: baud_rate=0 high_carrier=1 carrier=1803.6Hz agc=0.00080 power=7432690 shaper_sets=640
FLOW [proto@0x1044753ae] Rx - primary_channel_rx: baud_rate=0 high_carrier=1 carrier=1803.7Hz agc=0.00080 power=7432966 shaper_sets=640
FLOW [proto@0x1044753ae] Rx - Phase 3 Ja capture: emitted 37120 bits using hyp=0
FLOW [proto@0x1044753ae] Rx - primary_channel_rx: baud_rate=0 high_carrier=1 carrier=1803.8Hz agc=0.00080 power=7434747 shaper_sets=640
FLOW [proto@0x1044753ae] Rx - primary_channel_rx: baud_rate=0 high_carrier=1 carrier=1803.8Hz agc=0.00080 power=7441690 shaper_sets=640
FLOW [proto@0x1044753ae] Rx - primary_channel_rx: baud_rate=0 high_carrier=1 carrier=1803.7Hz agc=0.00080 power=7433904 shaper_sets=640
FLOW [proto@0x1044753ae] Rx - primary_channel_rx: baud_rate=0 high_carrier=1 carrier=1803.6Hz agc=0.00079 power=7454464 shaper_sets=640
FLOW [proto@0x1044753ae] Rx - primary_channel_rx: baud_rate=0 high_carrier=1 carrier=1803.5Hz agc=0.00080 power=7407284 shaper_sets=640
FLOW [proto@0x1044753ae] Rx - Phase 3 TRN: best hyp=11 ones=25551/34816 (73%)
FLOW [proto@0x1044753ae] Rx - Phase 3 Ja capture: emitted 37376 bits using hyp=0
FLOW [proto@0x1044753ae] Rx - primary_channel_rx: baud_rate=0 high_carrier=1 carrier=1803.7Hz agc=0.00080 power=7445841 shaper_sets=640
FLOW [proto@0x1044753ae] Rx - primary_channel_rx: baud_rate=0 high_carrier=1 carrier=1803.7Hz agc=0.00080 power=7447152 shaper_sets=640
FLOW [proto@0x1044753ae] Rx - primary_channel_rx: baud_rate=0 high_carrier=1 carrier=1803.8Hz agc=0.00080 power=7450101 shaper_sets=640
FLOW [proto@0x1044753ae] Rx - Phase 3 WAIT_S heartbeat: dur=768 demod=0 event=0 j_bits=37534 trn_bits=34982 trn_hint=0/75%
FLOW [proto@0x1044753ae] Rx - primary_channel_rx: baud_rate=0 high_carrier=1 carrier=1803.8Hz agc=0.00080 power=7405718 shaper_sets=640
FLOW [proto@0x1044753ae] Rx - primary_channel_rx: baud_rate=0 high_carrier=1 carrier=1803.7Hz agc=0.00079 power=7459273 shaper_sets=640
FLOW [proto@0x1044753ae] Rx - primary_channel_rx: baud_rate=0 high_carrier=1 carrier=1803.6Hz agc=0.00079 power=7460484 shaper_sets=640
FLOW [proto@0x1044753ae] Rx - Phase 3 Ja capture: emitted 37632 bits using hyp=0
FLOW [proto@0x1044753ae] Rx - primary_channel_rx: baud_rate=0 high_carrier=1 carrier=1803.6Hz agc=0.00080 power=7416489 shaper_sets=640
FLOW [proto@0x1044753ae] Rx - primary_channel_rx: baud_rate=0 high_carrier=1 carrier=1803.7Hz agc=0.00080 power=7418756 shaper_sets=640
FLOW [proto@0x1044753ae] Rx - primary_channel_rx: baud_rate=0 high_carrier=1 carrier=1803.8Hz agc=0.00080 power=7416250 shaper_sets=640
FLOW [proto@0x1044753ae] Rx - primary_channel_rx: baud_rate=0 high_carrier=1 carrier=1803.8Hz agc=0.00080 power=7420114 shaper_sets=640
FLOW [proto@0x1044753ae] Rx - primary_channel_rx: baud_rate=0 high_carrier=1 carrier=1803.8Hz agc=0.00080 power=7413159 shaper_sets=640
FLOW [proto@0x1044753ae] Rx - Phase 3 TRN: best hyp=11 ones=25928/35328 (73%)
FLOW [proto@0x1044753ae] Rx - Phase 3 Ja capture: emitted 37888 bits using hyp=0
FLOW [proto@0x1044753ae] Rx - primary_channel_rx: baud_rate=0 high_carrier=1 carrier=1803.7Hz agc=0.00080 power=7416289 shaper_sets=640
FLOW [proto@0x1044753ae] Rx - primary_channel_rx: baud_rate=0 high_carrier=1 carrier=1803.6Hz agc=0.00080 power=7410693 shaper_sets=640
FLOW [proto@0x1044753ae] Rx - Phase 3 S baud 1000: mag=0.988 data_bits=3 alt=0/32 stable=0 dom=3:32/32 rev=0/32 counts=0,0,0,32
FLOW [proto@0x1044753ae] Rx - primary_channel_rx: baud_rate=0 high_carrier=1 carrier=1803.6Hz agc=0.00080 power=7417753 shaper_sets=640
FLOW [proto@0x1044753ae] Rx - Phase 3 WAIT_S heartbeat: dur=1024 demod=0 event=0 j_bits=38046 trn_bits=35494 trn_hint=0/75%
FLOW [proto@0x1044753ae] Rx - primary_channel_rx: baud_rate=0 high_carrier=1 carrier=1803.7Hz agc=0.00080 power=7409743 shaper_sets=640
FLOW [proto@0x1044753ae] Rx - primary_channel_rx: baud_rate=0 high_carrier=1 carrier=1803.8Hz agc=0.00080 power=7416991 shaper_sets=640
FLOW [proto@0x1044753ae] Rx - Phase 3 Ja capture: emitted 38144 bits using hyp=0
FLOW [proto@0x1044753ae] Rx - primary_channel_rx: baud_rate=0 high_carrier=1 carrier=1803.8Hz agc=0.00079 power=7471459 shaper_sets=640
FLOW [proto@0x1044753ae] Rx - primary_channel_rx: baud_rate=0 high_carrier=1 carrier=1803.8Hz agc=0.00080 power=7428835 shaper_sets=640
FLOW [proto@0x1044753ae] Rx - primary_channel_rx: baud_rate=0 high_carrier=1 carrier=1803.7Hz agc=0.00080 power=7417785 shaper_sets=640
FLOW [proto@0x1044753ae] Rx - primary_channel_rx: baud_rate=0 high_carrier=1 carrier=1803.5Hz agc=0.00079 power=7475978 shaper_sets=640
FLOW [proto@0x1044753ae] Rx - primary_channel_rx: baud_rate=0 high_carrier=1 carrier=1803.7Hz agc=0.00079 power=7455574 shaper_sets=640
FLOW [proto@0x1044753ae] Rx - Phase 3 TRN: best hyp=11 ones=26302/35840 (73%)
FLOW [proto@0x1044753ae] Rx - primary_channel_rx: baud_rate=0 high_carrier=1 carrier=1803.8Hz agc=0.00079 power=7458408 shaper_sets=640
FLOW [proto@0x1044753ae] Rx - Phase 3 Ja capture: emitted 38400 bits using hyp=0
FLOW [proto@0x1044753ae] Rx - primary_channel_rx: baud_rate=0 high_carrier=1 carrier=1803.8Hz agc=0.00079 power=7452482 shaper_sets=640
FLOW [proto@0x1044753ae] Rx - primary_channel_rx: baud_rate=0 high_carrier=1 carrier=1803.8Hz agc=0.00080 power=7409363 shaper_sets=640
FLOW [proto@0x1044753ae] Rx - primary_channel_rx: baud_rate=0 high_carrier=1 carrier=1803.8Hz agc=0.00080 power=7418033 shaper_sets=640
FLOW [proto@0x1044753ae] Rx - Phase 3 WAIT_S heartbeat: dur=1280 demod=0 event=0 j_bits=38558 trn_bits=36006 trn_hint=0/75%
FLOW [proto@0x1044753ae] Rx - primary_channel_rx: baud_rate=0 high_carrier=1 carrier=1803.7Hz agc=0.00080 power=7405546 shaper_sets=640
FLOW [proto@0x1044753ae] Rx - primary_channel_rx: baud_rate=0 high_carrier=1 carrier=1803.6Hz agc=0.00080 power=7415222 shaper_sets=640
FLOW [proto@0x1044753ae] Rx - Phase 3 Ja capture: emitted 38656 bits using hyp=0
FLOW [proto@0x1044753ae] Rx - primary_channel_rx: baud_rate=0 high_carrier=1 carrier=1803.7Hz agc=0.00080 power=7405742 shaper_sets=640
FLOW [proto@0x1044753ae] Rx - primary_channel_rx: baud_rate=0 high_carrier=1 carrier=1803.8Hz agc=0.00080 power=7405930 shaper_sets=640
FLOW [proto@0x1044753ae] Rx - primary_channel_rx: baud_rate=0 high_carrier=1 carrier=1803.8Hz agc=0.00080 power=7403520 shaper_sets=640
FLOW [proto@0x1044753ae] Rx - primary_channel_rx: baud_rate=0 high_carrier=1 carrier=1803.8Hz agc=0.00080 power=7406024 shaper_sets=640
FLOW [proto@0x1044753ae] Rx - primary_channel_rx: baud_rate=0 high_carrier=1 carrier=1803.8Hz agc=0.00217 power=996722 shaper_sets=640
FLOW [proto@0x1044753ae] Rx - Phase 3 TRN: best hyp=11 ones=26681/36352 (73%)
FLOW [proto@0x1044753ae] Rx - Phase 3 Ja parser input: hyp0 len=38912 bits (stage=10, need ~16340 to parse)
FLOW [proto@0x1044753ae] Rx - Phase 3 Ja capture: emitted 38912 bits using hyp=0
FLOW [proto@0x1044753ae] Rx - primary_channel_rx: baud_rate=0 high_carrier=1 carrier=1803.6Hz agc=0.00081 power=7259440 shaper_sets=640
FLOW [proto@0x1044753ae] Rx - primary_channel_rx: baud_rate=0 high_carrier=1 carrier=1803.6Hz agc=0.00079 power=7526551 shaper_sets=640
FLOW [proto@0x1044753ae] Rx - primary_channel_rx: baud_rate=0 high_carrier=1 carrier=1803.7Hz agc=0.00079 power=7538176 shaper_sets=640
FLOW [proto@0x1044753ae] Rx - Phase 3 WAIT_S heartbeat: dur=1536 demod=0 event=0 j_bits=39070 trn_bits=36518 trn_hint=0/75%
FLOW [proto@0x1044753ae] Rx - primary_channel_rx: baud_rate=0 high_carrier=1 carrier=1803.7Hz agc=0.00079 power=7539463 shaper_sets=640
FLOW [proto@0x1044753ae] Rx - primary_channel_rx: baud_rate=0 high_carrier=1 carrier=1803.7Hz agc=0.00079 power=7533137 shaper_sets=640
FLOW [proto@0x1044753ae] Rx - primary_channel_rx: baud_rate=0 high_carrier=1 carrier=1803.6Hz agc=0.00079 power=7524508 shaper_sets=640
FLOW [proto@0x1044753ae] Rx - Phase 3 Ja capture: emitted 39168 bits using hyp=0
FLOW [proto@0x1044753ae] Rx - primary_channel_rx: baud_rate=0 high_carrier=1 carrier=1803.5Hz agc=0.00079 power=7559364 shaper_sets=640
FLOW [proto@0x1044753ae] Rx - primary_channel_rx: baud_rate=0 high_carrier=1 carrier=1803.5Hz agc=0.00079 power=7534436 shaper_sets=640
FLOW [proto@0x1044753ae] Rx - primary_channel_rx: baud_rate=0 high_carrier=1 carrier=1803.6Hz agc=0.00079 power=7554296 shaper_sets=640
FLOW [proto@0x1044753ae] Rx - primary_channel_rx: baud_rate=0 high_carrier=1 carrier=1803.7Hz agc=0.00079 power=7558107 shaper_sets=640
FLOW [proto@0x1044753ae] Rx - primary_channel_rx: baud_rate=0 high_carrier=1 carrier=1803.7Hz agc=0.00079 power=7558793 shaper_sets=640
FLOW [proto@0x1044753ae] Rx - Phase 3 TRN: best hyp=11 ones=27038/36864 (73%)
FLOW [proto@0x1044753ae] Rx - Phase 3 Ja capture: emitted 39424 bits using hyp=0
FLOW [proto@0x1044753ae] Rx - primary_channel_rx: baud_rate=0 high_carrier=1 carrier=1803.7Hz agc=0.00079 power=7548411 shaper_sets=640
FLOW [proto@0x1044753ae] Rx - primary_channel_rx: baud_rate=0 high_carrier=1 carrier=1803.6Hz agc=0.00079 power=7558738 shaper_sets=640
FLOW [proto@0x1044753ae] Rx - primary_channel_rx: baud_rate=0 high_carrier=1 carrier=1803.5Hz agc=0.00079 power=7548987 shaper_sets=640
FLOW [proto@0x1044753ae] Rx - Phase 3 WAIT_S heartbeat: dur=1792 demod=0 event=0 j_bits=39582 trn_bits=37030 trn_hint=0/75%
FLOW [proto@0x1044753ae] Rx - primary_channel_rx: baud_rate=0 high_carrier=1 carrier=1803.5Hz agc=0.00079 power=7558624 shaper_sets=640
FLOW [proto@0x1044753ae] Rx - primary_channel_rx: baud_rate=0 high_carrier=1 carrier=1803.7Hz agc=0.00079 power=7560396 shaper_sets=640
FLOW [proto@0x1044753ae] Rx - Phase 3 Ja capture: emitted 39680 bits using hyp=0
FLOW [proto@0x1044753ae] Rx - primary_channel_rx: baud_rate=0 high_carrier=1 carrier=1803.7Hz agc=0.00079 power=7570513 shaper_sets=640
FLOW [proto@0x1044753ae] Rx - primary_channel_rx: baud_rate=0 high_carrier=1 carrier=1803.7Hz agc=0.00079 power=7560190 shaper_sets=640
FLOW [proto@0x1044753ae] Rx - primary_channel_rx: baud_rate=0 high_carrier=1 carrier=1803.7Hz agc=0.00079 power=7558336 shaper_sets=640
FLOW [proto@0x1044753ae] Rx - primary_channel_rx: baud_rate=0 high_carrier=1 carrier=1803.6Hz agc=0.00079 power=7577455 shaper_sets=640
FLOW [proto@0x1044753ae] Rx - primary_channel_rx: baud_rate=0 high_carrier=1 carrier=1803.5Hz agc=0.00079 power=7577944 shaper_sets=640
FLOW [proto@0x1044753ae] Rx - Phase 3 TRN: best hyp=11 ones=27410/37376 (73%)
FLOW [proto@0x1044753ae] Rx - primary_channel_rx: baud_rate=0 high_carrier=1 carrier=1803.6Hz agc=0.00079 power=7577324 shaper_sets=640
FLOW [proto@0x1044753ae] Rx - Phase 3 Ja capture: emitted 39936 bits using hyp=0
FLOW [proto@0x1044753ae] Rx - primary_channel_rx: baud_rate=0 high_carrier=1 carrier=1803.7Hz agc=0.00079 power=7578198 shaper_sets=640
FLOW [proto@0x1044753ae] Rx - Phase 3 S baud 2000: mag=1.001 data_bits=3 alt=0/32 stable=0 dom=3:32/32 rev=0/32 counts=0,0,0,32
FLOW [proto@0x1044753ae] Rx - primary_channel_rx: baud_rate=0 high_carrier=1 carrier=1803.7Hz agc=0.00079 power=7578003 shaper_sets=640
FLOW [proto@0x1044753ae] Rx - primary_channel_rx: baud_rate=0 high_carrier=1 carrier=1803.8Hz agc=0.00079 power=7577933 shaper_sets=640
FLOW [proto@0x1044753ae] Rx - Phase 3 WAIT_S heartbeat: dur=2048 demod=0 event=0 j_bits=40094 trn_bits=37542 trn_hint=0/75%
FLOW [proto@0x1044753ae] Rx - primary_channel_rx: baud_rate=0 high_carrier=1 carrier=1803.7Hz agc=0.00079 power=7570946 shaper_sets=640
FLOW [proto@0x1044753ae] Rx - primary_channel_rx: baud_rate=0 high_carrier=1 carrier=1803.6Hz agc=0.00079 power=7579574 shaper_sets=640
FLOW [proto@0x1044753ae] Rx - Phase 3 Ja capture: emitted 40192 bits using hyp=0
FLOW [proto@0x1044753ae] Rx - primary_channel_rx: baud_rate=0 high_carrier=1 carrier=1803.5Hz agc=0.00079 power=7572081 shaper_sets=640
FLOW [proto@0x1044753ae] Rx - primary_channel_rx: baud_rate=0 high_carrier=1 carrier=1803.6Hz agc=0.00079 power=7560601 shaper_sets=640
FLOW [proto@0x1044753ae] Rx - primary_channel_rx: baud_rate=0 high_carrier=1 carrier=1803.7Hz agc=0.00079 power=7559585 shaper_sets=640
FLOW [proto@0x1044753ae] Rx - primary_channel_rx: baud_rate=0 high_carrier=1 carrier=1803.8Hz agc=0.00079 power=7569905 shaper_sets=640
FLOW [proto@0x1044753ae] Rx - primary_channel_rx: baud_rate=0 high_carrier=1 carrier=1803.8Hz agc=0.00079 power=7601331 shaper_sets=640
FLOW [proto@0x1044753ae] Rx - Phase 3 TRN: best hyp=11 ones=27788/37888 (73%)
FLOW [proto@0x1044753ae] Rx - Phase 3 Ja capture: emitted 40448 bits using hyp=0
FLOW [proto@0x1044753ae] Rx - primary_channel_rx: baud_rate=0 high_carrier=1 carrier=1803.7Hz agc=0.00079 power=7604054 shaper_sets=640
FLOW [proto@0x1044753ae] Rx - primary_channel_rx: baud_rate=0 high_carrier=1 carrier=1803.6Hz agc=0.00079 power=7596639 shaper_sets=640
FLOW [proto@0x1044753ae] Rx - primary_channel_rx: baud_rate=0 high_carrier=1 carrier=1803.5Hz agc=0.00079 power=7616231 shaper_sets=640
FLOW [proto@0x1044753ae] Rx - Phase 3 WAIT_S heartbeat: dur=2304 demod=0 event=0 j_bits=40606 trn_bits=38054 trn_hint=0/75%
FLOW [proto@0x1044753ae] Rx - primary_channel_rx: baud_rate=0 high_carrier=1 carrier=1803.6Hz agc=0.00079 power=7615544 shaper_sets=640
FLOW [proto@0x1044753ae] Rx - primary_channel_rx: baud_rate=0 high_carrier=1 carrier=1803.7Hz agc=0.00079 power=7614886 shaper_sets=640
FLOW [proto@0x1044753ae] Rx - primary_channel_rx: baud_rate=0 high_carrier=1 carrier=1803.8Hz agc=0.00079 power=7620034 shaper_sets=640
FLOW [proto@0x1044753ae] Rx - Phase 3 Ja capture: emitted 40704 bits using hyp=0
FLOW [proto@0x1044753ae] Rx - primary_channel_rx: baud_rate=0 high_carrier=1 carrier=1803.8Hz agc=0.00079 power=7607064 shaper_sets=640
FLOW [proto@0x1044753ae] Rx - primary_channel_rx: baud_rate=0 high_carrier=1 carrier=1803.7Hz agc=0.00079 power=7614744 shaper_sets=640
FLOW [proto@0x1044753ae] Rx - primary_channel_rx: baud_rate=0 high_carrier=1 carrier=1803.6Hz agc=0.00079 power=7618422 shaper_sets=640
FLOW [proto@0x1044753ae] Rx - primary_channel_rx: baud_rate=0 high_carrier=1 carrier=1803.6Hz agc=0.00079 power=7613826 shaper_sets=640
FLOW [proto@0x1044753ae] Rx - primary_channel_rx: baud_rate=0 high_carrier=1 carrier=1803.7Hz agc=0.00079 power=7618753 shaper_sets=640
FLOW [proto@0x1044753ae] Rx - Phase 3 TRN: best hyp=11 ones=28161/38400 (73%)
FLOW [proto@0x1044753ae] Rx - Phase 3 Ja parser input: hyp0 len=40960 bits (stage=10, need ~16340 to parse)
FLOW [proto@0x1044753ae] Rx - Phase 3 Ja capture: emitted 40960 bits using hyp=0
FLOW [proto@0x1044753ae] Rx - primary_channel_rx: baud_rate=0 high_carrier=1 carrier=1803.8Hz agc=0.00079 power=7619650 shaper_sets=640
FLOW [proto@0x1044753ae] Rx - primary_channel_rx: baud_rate=0 high_carrier=1 carrier=1803.8Hz agc=0.00079 power=7614214 shaper_sets=640
FLOW [proto@0x1044753ae] Rx - primary_channel_rx: baud_rate=0 high_carrier=1 carrier=1803.8Hz agc=0.00079 power=7618111 shaper_sets=640
FLOW [proto@0x1044753ae] Rx - Phase 3 WAIT_S heartbeat: dur=2560 demod=0 event=0 j_bits=41118 trn_bits=38566 trn_hint=0/75%
FLOW [proto@0x1044753ae] Rx - primary_channel_rx: baud_rate=0 high_carrier=1 carrier=1803.7Hz agc=0.00079 power=7630100 shaper_sets=640
FLOW [proto@0x1044753ae] Rx - primary_channel_rx: baud_rate=0 high_carrier=1 carrier=1803.6Hz agc=0.00079 power=7617915 shaper_sets=640
FLOW [proto@0x1044753ae] Rx - Phase 3 Ja capture: emitted 41216 bits using hyp=0
FLOW [proto@0x1044753ae] Rx - primary_channel_rx: baud_rate=0 high_carrier=1 carrier=1803.6Hz agc=0.00079 power=7619126 shaper_sets=640
FLOW [proto@0x1044753ae] Rx - primary_channel_rx: baud_rate=0 high_carrier=1 carrier=1803.7Hz agc=0.00079 power=7618093 shaper_sets=640
FLOW [proto@0x1044753ae] Rx - primary_channel_rx: baud_rate=0 high_carrier=1 carrier=1803.8Hz agc=0.00079 power=7626189 shaper_sets=640
FLOW [proto@0x1044753ae] Rx - primary_channel_rx: baud_rate=0 high_carrier=1 carrier=1803.8Hz agc=0.00079 power=7618063 shaper_sets=640
FLOW [proto@0x1044753ae] Rx - primary_channel_rx: baud_rate=0 high_carrier=1 carrier=1803.8Hz agc=0.00079 power=7627738 shaper_sets=640
FLOW [proto@0x1044753ae] Rx - Phase 3 TRN: best hyp=11 ones=28541/38912 (73%)
FLOW [proto@0x1044753ae] Rx - primary_channel_rx: baud_rate=0 high_carrier=1 carrier=1803.7Hz agc=0.00079 power=7618741 shaper_sets=640
FLOW [proto@0x1044753ae] Rx - Phase 3 Ja capture: emitted 41472 bits using hyp=0
FLOW [proto@0x1044753ae] Rx - primary_channel_rx: baud_rate=0 high_carrier=1 carrier=1803.5Hz agc=0.00079 power=7629482 shaper_sets=640
FLOW [proto@0x1044753ae] Rx - primary_channel_rx: baud_rate=0 high_carrier=1 carrier=1803.7Hz agc=0.00079 power=7619552 shaper_sets=640
FLOW [proto@0x1044753ae] Rx - primary_channel_rx: baud_rate=0 high_carrier=1 carrier=1803.8Hz agc=0.00079 power=7629458 shaper_sets=640
FLOW [proto@0x1044753ae] Rx - Phase 3 WAIT_S heartbeat: dur=2816 demod=0 event=0 j_bits=41630 trn_bits=39078 trn_hint=0/75%
FLOW [proto@0x1044753ae] Rx - primary_channel_rx: baud_rate=0 high_carrier=1 carrier=1803.8Hz agc=0.00079 power=7614043 shaper_sets=640
FLOW [proto@0x1044753ae] Rx - primary_channel_rx: baud_rate=0 high_carrier=1 carrier=1803.8Hz agc=0.00079 power=7623199 shaper_sets=640
FLOW [proto@0x1044753ae] Rx - Phase 3 Ja capture: emitted 41728 bits using hyp=0
FLOW [proto@0x1044753ae] Rx - primary_channel_rx: baud_rate=0 high_carrier=1 carrier=1803.8Hz agc=0.00079 power=7612697 shaper_sets=640
FLOW [proto@0x1044753ae] Rx - primary_channel_rx: baud_rate=0 high_carrier=1 carrier=1803.7Hz agc=0.00079 power=7608753 shaper_sets=640
FLOW [proto@0x1044753ae] Rx - primary_channel_rx: baud_rate=0 high_carrier=1 carrier=1803.6Hz agc=0.00078 power=7654863 shaper_sets=640
FLOW [proto@0x1044753ae] Rx - primary_channel_rx: baud_rate=0 high_carrier=1 carrier=1803.7Hz agc=0.00079 power=7619198 shaper_sets=640
FLOW [proto@0x1044753ae] Rx - primary_channel_rx: baud_rate=0 high_carrier=1 carrier=1803.8Hz agc=0.00079 power=7640201 shaper_sets=640
FLOW [proto@0x1044753ae] Rx - Phase 3 TRN: best hyp=11 ones=28912/39424 (73%)
FLOW [proto@0x1044753ae] Rx - Phase 3 Ja capture: emitted 41984 bits using hyp=0
FLOW [proto@0x1044753ae] Rx - Phase 3 S baud 3000: mag=1.043 data_bits=3 alt=0/32 stable=0 dom=3:32/32 rev=0/32 counts=0,0,0,32
FLOW [proto@0x1044753ae] Rx - primary_channel_rx: baud_rate=0 high_carrier=1 carrier=1803.8Hz agc=0.00079 power=7605850 shaper_sets=640
FLOW [proto@0x1044753ae] Rx - primary_channel_rx: baud_rate=0 high_carrier=1 carrier=1803.8Hz agc=0.00079 power=7639601 shaper_sets=640
FLOW [proto@0x1044753ae] Rx - primary_channel_rx: baud_rate=0 high_carrier=1 carrier=1803.7Hz agc=0.00079 power=7604530 shaper_sets=640
FLOW [proto@0x1044753ae] Rx - Phase 3 WAIT_S heartbeat: dur=3072 demod=0 event=0 j_bits=42142 trn_bits=39590 trn_hint=0/75%
FLOW [proto@0x1044753ae] Rx - primary_channel_rx: baud_rate=0 high_carrier=1 carrier=1803.6Hz agc=0.00078 power=7642779 shaper_sets=640
FLOW [proto@0x1044753ae] Rx - primary_channel_rx: baud_rate=0 high_carrier=1 carrier=1803.6Hz agc=0.00078 power=7648472 shaper_sets=640
FLOW [proto@0x1044753ae] Rx - primary_channel_rx: baud_rate=0 high_carrier=1 carrier=1803.7Hz agc=0.00078 power=7647634 shaper_sets=640
FLOW [proto@0x1044753ae] Rx - Phase 3 Ja capture: emitted 42240 bits using hyp=0
FLOW [proto@0x1044753ae] Rx - primary_channel_rx: baud_rate=0 high_carrier=1 carrier=1803.8Hz agc=0.00078 power=7644885 shaper_sets=640
FLOW [proto@0x1044753ae] Rx - primary_channel_rx: baud_rate=0 high_carrier=1 carrier=1803.8Hz agc=0.00078 power=7647222 shaper_sets=640
FLOW [proto@0x1044753ae] Rx - primary_channel_rx: baud_rate=0 high_carrier=1 carrier=1803.8Hz agc=0.00079 power=7612274 shaper_sets=640
FLOW [proto@0x1044753ae] Rx - primary_channel_rx: baud_rate=0 high_carrier=1 carrier=1803.7Hz agc=0.00079 power=7615195 shaper_sets=640
FLOW [proto@0x1044753ae] Rx - primary_channel_rx: baud_rate=0 high_carrier=1 carrier=1803.6Hz agc=0.00079 power=7622264 shaper_sets=640
FLOW [proto@0x1044753ae] Rx - Phase 3 TRN: best hyp=11 ones=29289/39936 (73%)
FLOW [proto@0x1044753ae] Rx - Phase 3 Ja capture: emitted 42496 bits using hyp=0
FLOW [proto@0x1044753ae] Rx - primary_channel_rx: baud_rate=0 high_carrier=1 carrier=1803.7Hz agc=0.00079 power=7618160 shaper_sets=640
FLOW [proto@0x1044753ae] Rx - primary_channel_rx: baud_rate=0 high_carrier=1 carrier=1803.8Hz agc=0.00079 power=7628731 shaper_sets=640
FLOW [proto@0x1044753ae] Rx - primary_channel_rx: baud_rate=0 high_carrier=1 carrier=1803.8Hz agc=0.00079 power=7628118 shaper_sets=640
FLOW [proto@0x1044753ae] Rx - Phase 3 WAIT_S heartbeat: dur=3328 demod=0 event=0 j_bits=42654 trn_bits=40102 trn_hint=0/75%
FLOW [proto@0x1044753ae] Rx - primary_channel_rx: baud_rate=0 high_carrier=1 carrier=1803.8Hz agc=0.00079 power=7620624 shaper_sets=640
FLOW [proto@0x1044753ae] Rx - primary_channel_rx: baud_rate=0 high_carrier=1 carrier=1803.8Hz agc=0.00078 power=7652153 shaper_sets=640
FLOW [proto@0x1044753ae] Rx - Phase 3 Ja capture: emitted 42752 bits using hyp=0
FLOW [proto@0x1044753ae] Rx - primary_channel_rx: baud_rate=0 high_carrier=1 carrier=1803.7Hz agc=0.00078 power=7654963 shaper_sets=640
FLOW [proto@0x1044753ae] Rx - primary_channel_rx: baud_rate=0 high_carrier=1 carrier=1803.6Hz agc=0.00078 power=7656967 shaper_sets=640
FLOW [proto@0x1044753ae] Rx - primary_channel_rx: baud_rate=0 high_carrier=1 carrier=1803.7Hz agc=0.00078 power=7654836 shaper_sets=640
FLOW [proto@0x1044753ae] Rx - primary_channel_rx: baud_rate=0 high_carrier=1 carrier=1803.8Hz agc=0.00078 power=7656939 shaper_sets=640
FLOW [proto@0x1044753ae] Rx - primary_channel_rx: baud_rate=0 high_carrier=1 carrier=1803.9Hz agc=0.00078 power=7656619 shaper_sets=640
FLOW [proto@0x1044753ae] Rx - Phase 3 TRN: best hyp=11 ones=29662/40448 (73%)
FLOW [proto@0x1044753ae] Rx - primary_channel_rx: baud_rate=0 high_carrier=1 carrier=1803.9Hz agc=0.00078 power=7648903 shaper_sets=640
FLOW [proto@0x1044753ae] Rx - Phase 3 Ja parser input: hyp0 len=43008 bits (stage=10, need ~16340 to parse)
FLOW [proto@0x1044753ae] Rx - Phase 3 Ja capture: emitted 43008 bits using hyp=0
FLOW [proto@0x1044753ae] Rx - primary_channel_rx: baud_rate=0 high_carrier=1 carrier=1803.8Hz agc=0.00078 power=7650059 shaper_sets=640
FLOW [proto@0x1044753ae] Rx - primary_channel_rx: baud_rate=0 high_carrier=1 carrier=1803.7Hz agc=0.00078 power=7649867 shaper_sets=640
FLOW [proto@0x1044753ae] Rx - primary_channel_rx: baud_rate=0 high_carrier=1 carrier=1803.7Hz agc=0.00078 power=7650692 shaper_sets=640
FLOW [proto@0x1044753ae] Rx - Phase 3 WAIT_S heartbeat: dur=3584 demod=0 event=0 j_bits=43166 trn_bits=40614 trn_hint=0/75%
FLOW [proto@0x1044753ae] Rx - primary_channel_rx: baud_rate=0 high_carrier=1 carrier=1803.8Hz agc=0.00078 power=7651016 shaper_sets=640
FLOW [proto@0x1044753ae] Rx - primary_channel_rx: baud_rate=0 high_carrier=1 carrier=1803.9Hz agc=0.00079 power=7638405 shaper_sets=640
FLOW [proto@0x1044753ae] Rx - Phase 3 Ja capture: emitted 43264 bits using hyp=0
FLOW [proto@0x1044753ae] Rx - primary_channel_rx: baud_rate=0 high_carrier=1 carrier=1803.9Hz agc=0.00079 power=7634423 shaper_sets=640
FLOW [proto@0x1044753ae] Rx - primary_channel_rx: baud_rate=0 high_carrier=1 carrier=1803.8Hz agc=0.00079 power=7605504 shaper_sets=640
FLOW [proto@0x1044753ae] Rx - primary_channel_rx: baud_rate=0 high_carrier=1 carrier=1803.8Hz agc=0.00078 power=7642607 shaper_sets=640
FLOW [proto@0x1044753ae] Rx - primary_channel_rx: baud_rate=0 high_carrier=1 carrier=1803.6Hz agc=0.00079 power=7639433 shaper_sets=640
FLOW [proto@0x1044753ae] Rx - primary_channel_rx: baud_rate=0 high_carrier=1 carrier=1803.7Hz agc=0.00078 power=7653479 shaper_sets=640
FLOW [proto@0x1044753ae] Rx - Phase 3 TRN: best hyp=11 ones=30028/40960 (73%)
FLOW [proto@0x1044753ae] Rx - Phase 3 Ja capture: emitted 43520 bits using hyp=0
FLOW [proto@0x1044753ae] Rx - primary_channel_rx: baud_rate=0 high_carrier=1 carrier=1803.8Hz agc=0.00079 power=7615743 shaper_sets=640
FLOW [proto@0x1044753ae] Rx - primary_channel_rx: baud_rate=0 high_carrier=1 carrier=1803.9Hz agc=0.00078 power=7650172 shaper_sets=640
FLOW [proto@0x1044753ae] Rx - primary_channel_rx: baud_rate=0 high_carrier=1 carrier=1803.9Hz agc=0.00079 power=7613919 shaper_sets=640
FLOW [proto@0x1044753ae] Rx - Phase 3 WAIT_S heartbeat: dur=3840 demod=0 event=0 j_bits=43678 trn_bits=41126 trn_hint=0/75%
FLOW [proto@0x1044753ae] Rx - primary_channel_rx: baud_rate=0 high_carrier=1 carrier=1803.8Hz agc=0.00078 power=7649476 shaper_sets=640
FLOW [proto@0x1044753ae] Rx - primary_channel_rx: baud_rate=0 high_carrier=1 carrier=1803.7Hz agc=0.00079 power=7617995 shaper_sets=640
FLOW [proto@0x1044753ae] Rx - primary_channel_rx: baud_rate=0 high_carrier=1 carrier=1803.7Hz agc=0.00079 power=7616451 shaper_sets=640
FLOW [proto@0x1044753ae] Rx - Phase 3 Ja capture: emitted 43776 bits using hyp=0
FLOW [proto@0x1044753ae] Rx - primary_channel_rx: baud_rate=0 high_carrier=1 carrier=1803.8Hz agc=0.00079 power=7608407 shaper_sets=640
FLOW [proto@0x1044753ae] Rx - primary_channel_rx: baud_rate=0 high_carrier=1 carrier=1803.9Hz agc=0.00079 power=7614986 shaper_sets=640
FLOW [proto@0x1044753ae] Rx - primary_channel_rx: baud_rate=0 high_carrier=1 carrier=1803.9Hz agc=0.00079 power=7592829 shaper_sets=640
FLOW [proto@0x1044753ae] Rx - primary_channel_rx: baud_rate=0 high_carrier=1 carrier=1803.9Hz agc=0.00079 power=7616388 shaper_sets=640
FLOW [proto@0x1044753ae] Rx - Phase 3 S baud 4000: mag=1.027 data_bits=3 alt=0/32 stable=0 dom=3:32/32 rev=0/32 counts=0,0,0,32
FLOW [proto@0x1044753ae] Rx - primary_channel_rx: baud_rate=0 high_carrier=1 carrier=1803.8Hz agc=0.00078 power=7648001 shaper_sets=640
FLOW [proto@0x1044753ae] Rx - Phase 3 TRN: best hyp=11 ones=30408/41472 (73%)
FLOW [proto@0x1044753ae] Rx - Phase 3 Ja capture: emitted 44032 bits using hyp=0
FLOW [proto@0x1044753ae] Rx - primary_channel_rx: baud_rate=0 high_carrier=1 carrier=1803.7Hz agc=0.00078 power=7663497 shaper_sets=640
FLOW [proto@0x1044753ae] Rx - primary_channel_rx: baud_rate=0 high_carrier=1 carrier=1803.7Hz agc=0.00079 power=7597124 shaper_sets=640
FLOW [proto@0x1044753ae] Rx - primary_channel_rx: baud_rate=0 high_carrier=1 carrier=1803.8Hz agc=0.00078 power=7647369 shaper_sets=640
FLOW [proto@0x1044753ae] Rx - Phase 3 WAIT_S heartbeat: dur=4096 demod=0 event=0 j_bits=44190 trn_bits=41638 trn_hint=0/75%
FLOW [proto@0x1044753ae] Rx - primary_channel_rx: baud_rate=0 high_carrier=1 carrier=1803.9Hz agc=0.00078 power=7641784 shaper_sets=640
FLOW [proto@0x1044753ae] Rx - primary_channel_rx: baud_rate=0 high_carrier=1 carrier=1803.9Hz agc=0.00079 power=7639990 shaper_sets=640
FLOW [proto@0x1044753ae] Rx - Phase 3 Ja capture: emitted 44288 bits using hyp=0
FLOW [proto@0x1044753ae] Rx - primary_channel_rx: baud_rate=0 high_carrier=1 carrier=1803.8Hz agc=0.00079 power=7640520 shaper_sets=640
FLOW [proto@0x1044753ae] Rx - primary_channel_rx: baud_rate=0 high_carrier=1 carrier=1803.7Hz agc=0.00079 power=7640464 shaper_sets=640
FLOW [proto@0x1044753ae] Rx - primary_channel_rx: baud_rate=0 high_carrier=1 carrier=1803.7Hz agc=0.00078 power=7641688 shaper_sets=640
FLOW [proto@0x1044753ae] Rx - primary_channel_rx: baud_rate=0 high_carrier=1 carrier=1803.8Hz agc=0.00078 power=7655101 shaper_sets=640
FLOW [proto@0x1044753ae] Rx - primary_channel_rx: baud_rate=0 high_carrier=1 carrier=1803.9Hz agc=0.00079 power=7636506 shaper_sets=640
FLOW [proto@0x1044753ae] Rx - Phase 3 TRN: best hyp=11 ones=30779/41984 (73%)
FLOW [proto@0x1044753ae] Rx - primary_channel_rx: baud_rate=0 high_carrier=1 carrier=1803.9Hz agc=0.00078 power=7646760 shaper_sets=640
FLOW [proto@0x1044753ae] Rx - Phase 3 Ja capture: emitted 44544 bits using hyp=0
FLOW [proto@0x1044753ae] Rx - primary_channel_rx: baud_rate=0 high_carrier=1 carrier=1803.9Hz agc=0.00078 power=7647988 shaper_sets=640
FLOW [proto@0x1044753ae] Rx - primary_channel_rx: baud_rate=0 high_carrier=1 carrier=1803.8Hz agc=0.00078 power=7643898 shaper_sets=640
FLOW [proto@0x1044753ae] Rx - primary_channel_rx: baud_rate=0 high_carrier=1 carrier=1803.7Hz agc=0.00078 power=7644905 shaper_sets=640
FLOW [proto@0x1044753ae] Rx - Phase 3 WAIT_S heartbeat: dur=4352 demod=0 event=0 j_bits=44702 trn_bits=42150 trn_hint=0/75%
FLOW [proto@0x1044753ae] Rx - primary_channel_rx: baud_rate=0 high_carrier=1 carrier=1803.7Hz agc=0.00079 power=7630496 shaper_sets=640
FLOW [proto@0x1044753ae] Rx - primary_channel_rx: baud_rate=0 high_carrier=1 carrier=1803.8Hz agc=0.00079 power=7634611 shaper_sets=640
FLOW [proto@0x1044753ae] Rx - Phase 3 Ja capture: emitted 44800 bits using hyp=0
FLOW [proto@0x1044753ae] Rx - primary_channel_rx: baud_rate=0 high_carrier=1 carrier=1803.9Hz agc=0.00079 power=7613761 shaper_sets=640
FLOW [proto@0x1044753ae] Rx - primary_channel_rx: baud_rate=0 high_carrier=1 carrier=1803.9Hz agc=0.00079 power=7635483 shaper_sets=640
FLOW [proto@0x1044753ae] Rx - primary_channel_rx: baud_rate=0 high_carrier=1 carrier=1803.9Hz agc=0.00079 power=7618761 shaper_sets=640
FLOW [proto@0x1044753ae] Rx - primary_channel_rx: baud_rate=0 high_carrier=1 carrier=1803.8Hz agc=0.00079 power=7618981 shaper_sets=640
FLOW [proto@0x1044753ae] Rx - primary_channel_rx: baud_rate=0 high_carrier=1 carrier=1803.7Hz agc=0.00079 power=7630897 shaper_sets=640
FLOW [proto@0x1044753ae] Rx - Phase 3 TRN: best hyp=11 ones=31152/42496 (73%)
FLOW [proto@0x1044753ae] Rx - Phase 3 Ja parser input: hyp0 len=45056 bits (stage=10, need ~16340 to parse)
FLOW [proto@0x1044753ae] Rx - Phase 3 Ja capture: emitted 45056 bits using hyp=0
FLOW [proto@0x1044753ae] Rx - primary_channel_rx: baud_rate=0 high_carrier=1 carrier=1803.8Hz agc=0.00079 power=7629339 shaper_sets=640
FLOW [proto@0x1044753ae] Rx - primary_channel_rx: baud_rate=0 high_carrier=1 carrier=1803.9Hz agc=0.00079 power=7630628 shaper_sets=640
FLOW [proto@0x1044753ae] Rx - primary_channel_rx: baud_rate=0 high_carrier=1 carrier=1803.9Hz agc=0.00079 power=7636853 shaper_sets=640
FLOW [proto@0x1044753ae] Rx - Phase 3 WAIT_S heartbeat: dur=4608 demod=0 event=0 j_bits=45214 trn_bits=42662 trn_hint=0/75%
FLOW [proto@0x1044753ae] Rx - primary_channel_rx: baud_rate=0 high_carrier=1 carrier=1803.9Hz agc=0.00079 power=7632291 shaper_sets=640
FLOW [proto@0x1044753ae] Rx - primary_channel_rx: baud_rate=0 high_carrier=1 carrier=1803.8Hz agc=0.00079 power=7622321 shaper_sets=640
FLOW [proto@0x1044753ae] Rx - primary_channel_rx: baud_rate=0 high_carrier=1 carrier=1803.7Hz agc=0.00079 power=7635184 shaper_sets=640
FLOW [proto@0x1044753ae] Rx - Phase 3 Ja capture: emitted 45312 bits using hyp=0
FLOW [proto@0x1044753ae] Rx - primary_channel_rx: baud_rate=0 high_carrier=1 carrier=1803.7Hz agc=0.00079 power=7623598 shaper_sets=640
FLOW [proto@0x1044753ae] Rx - primary_channel_rx: baud_rate=0 high_carrier=1 carrier=1803.8Hz agc=0.00079 power=7625628 shaper_sets=640
FLOW [proto@0x1044753ae] Rx - primary_channel_rx: baud_rate=0 high_carrier=1 carrier=1803.9Hz agc=0.00079 power=7626947 shaper_sets=640
FLOW [proto@0x1044753ae] Rx - primary_channel_rx: baud_rate=0 high_carrier=1 carrier=1803.9Hz agc=0.00079 power=7639827 shaper_sets=640
FLOW [proto@0x1044753ae] Rx - primary_channel_rx: baud_rate=0 high_carrier=1 carrier=1803.9Hz agc=0.00079 power=7639628 shaper_sets=640
FLOW [proto@0x1044753ae] Rx - Phase 3 TRN: best hyp=11 ones=31532/43008 (73%)
FLOW [proto@0x1044753ae] Rx - Phase 3 Ja capture: emitted 45568 bits using hyp=0
FLOW [proto@0x1044753ae] Rx - primary_channel_rx: baud_rate=0 high_carrier=1 carrier=1803.8Hz agc=0.00079 power=7638651 shaper_sets=640
FLOW [proto@0x1044753ae] Rx - primary_channel_rx: baud_rate=0 high_carrier=1 carrier=1803.7Hz agc=0.00079 power=7637376 shaper_sets=640
FLOW [proto@0x1044753ae] Rx - primary_channel_rx: baud_rate=0 high_carrier=1 carrier=1803.8Hz agc=0.00079 power=7622494 shaper_sets=640
FLOW [proto@0x1044753ae] Rx - Phase 3 WAIT_S heartbeat: dur=4864 demod=0 event=0 j_bits=45726 trn_bits=43174 trn_hint=0/75%
FLOW [proto@0x1044753ae] Rx - primary_channel_rx: baud_rate=0 high_carrier=1 carrier=1803.9Hz agc=0.00079 power=7640203 shaper_sets=640
FLOW [proto@0x1044753ae] Rx - primary_channel_rx: baud_rate=0 high_carrier=1 carrier=1803.9Hz agc=0.00079 power=7640213 shaper_sets=640
FLOW [proto@0x1044753ae] Rx - Phase 3 Ja capture: emitted 45824 bits using hyp=0
FLOW [proto@0x1044753ae] Rx - primary_channel_rx: baud_rate=0 high_carrier=1 carrier=1803.9Hz agc=0.00079 power=7641265 shaper_sets=640
FLOW [proto@0x1044753ae] Rx - primary_channel_rx: baud_rate=0 high_carrier=1 carrier=1803.8Hz agc=0.00079 power=7636336 shaper_sets=640
FLOW [proto@0x1044753ae] Rx - primary_channel_rx: baud_rate=0 high_carrier=1 carrier=1803.7Hz agc=0.00079 power=7617338 shaper_sets=640
FLOW [proto@0x1044753ae] Rx - primary_channel_rx: baud_rate=0 high_carrier=1 carrier=1803.7Hz agc=0.00078 power=7644430 shaper_sets=640
FLOW [proto@0x1044753ae] Rx - Phase 3 S baud 5000: mag=1.004 data_bits=3 alt=0/32 stable=0 dom=3:32/32 rev=0/32 counts=0,0,0,32
FLOW [proto@0x1044753ae] Rx - primary_channel_rx: baud_rate=0 high_carrier=1 carrier=1803.9Hz agc=0.00079 power=7607452 shaper_sets=640
FLOW [proto@0x1044753ae] Rx - Phase 3 TRN: best hyp=11 ones=31900/43520 (73%)
FLOW [proto@0x1044753ae] Rx - primary_channel_rx: baud_rate=0 high_carrier=1 carrier=1803.9Hz agc=0.00079 power=7613895 shaper_sets=640
FLOW [proto@0x1044753ae] Rx - Phase 3 Ja capture: emitted 46080 bits using hyp=0
FLOW [proto@0x1044753ae] Rx - primary_channel_rx: baud_rate=0 high_carrier=1 carrier=1803.9Hz agc=0.00079 power=7616142 shaper_sets=640
FLOW [proto@0x1044753ae] Rx - primary_channel_rx: baud_rate=0 high_carrier=1 carrier=1803.9Hz agc=0.00079 power=7603813 shaper_sets=640
FLOW [proto@0x1044753ae] Rx - primary_channel_rx: baud_rate=0 high_carrier=1 carrier=1803.8Hz agc=0.00079 power=7602241 shaper_sets=640
FLOW [proto@0x1044753ae] Rx - Phase 3 WAIT_S heartbeat: dur=5120 demod=0 event=0 j_bits=46238 trn_bits=43686 trn_hint=0/75%
FLOW [proto@0x1044753ae] Rx - primary_channel_rx: baud_rate=0 high_carrier=1 carrier=1803.7Hz agc=0.00079 power=7601227 shaper_sets=640
FLOW [proto@0x1044753ae] Rx - primary_channel_rx: baud_rate=0 high_carrier=1 carrier=1803.8Hz agc=0.00079 power=7600987 shaper_sets=640
FLOW [proto@0x1044753ae] Rx - Phase 3 Ja capture: emitted 46336 bits using hyp=0
FLOW [proto@0x1044753ae] Rx - primary_channel_rx: baud_rate=0 high_carrier=1 carrier=1803.9Hz agc=0.00079 power=7601320 shaper_sets=640
FLOW [proto@0x1044753ae] Rx - primary_channel_rx: baud_rate=0 high_carrier=1 carrier=1803.9Hz agc=0.00079 power=7599101 shaper_sets=640
FLOW [proto@0x1044753ae] Rx - primary_channel_rx: baud_rate=0 high_carrier=1 carrier=1803.9Hz agc=0.00079 power=7604670 shaper_sets=640
FLOW [proto@0x1044753ae] Rx - primary_channel_rx: baud_rate=0 high_carrier=1 carrier=1803.8Hz agc=0.00079 power=7573489 shaper_sets=640
FLOW [proto@0x1044753ae] Rx - primary_channel_rx: baud_rate=0 high_carrier=1 carrier=1803.7Hz agc=0.00079 power=7639958 shaper_sets=640
FLOW [proto@0x1044753ae] Rx - Phase 3 TRN: best hyp=11 ones=32279/44032 (73%)
FLOW [proto@0x1044753ae] Rx - Phase 3 Ja capture: emitted 46592 bits using hyp=0
FLOW [proto@0x1044753ae] Rx - primary_channel_rx: baud_rate=0 high_carrier=1 carrier=1803.8Hz agc=0.00079 power=7636916 shaper_sets=640
FLOW [proto@0x1044753ae] Rx - primary_channel_rx: baud_rate=0 high_carrier=1 carrier=1803.9Hz agc=0.00079 power=7638413 shaper_sets=640
FLOW [proto@0x1044753ae] Rx - primary_channel_rx: baud_rate=0 high_carrier=1 carrier=1803.9Hz agc=0.00079 power=7637217 shaper_sets=640
FLOW [proto@0x1044753ae] Rx - Phase 3 WAIT_S heartbeat: dur=5376 demod=0 event=0 j_bits=46750 trn_bits=44198 trn_hint=0/75%
FLOW [proto@0x1044753ae] Rx - primary_channel_rx: baud_rate=0 high_carrier=1 carrier=1803.9Hz agc=0.00079 power=7610478 shaper_sets=640
FLOW [proto@0x1044753ae] Rx - primary_channel_rx: baud_rate=0 high_carrier=1 carrier=1803.9Hz agc=0.00078 power=7650082 shaper_sets=640
FLOW [proto@0x1044753ae] Rx - primary_channel_rx: baud_rate=0 high_carrier=1 carrier=1803.8Hz agc=0.00079 power=7611762 shaper_sets=640
FLOW [proto@0x1044753ae] Rx - Phase 3 Ja capture: emitted 46848 bits using hyp=0
FLOW [proto@0x1044753ae] Rx - primary_channel_rx: baud_rate=0 high_carrier=1 carrier=1803.7Hz agc=0.00079 power=7609222 shaper_sets=640
FLOW [proto@0x1044753ae] Rx - primary_channel_rx: baud_rate=0 high_carrier=1 carrier=1803.8Hz agc=0.00079 power=7610654 shaper_sets=640
FLOW [proto@0x1044753ae] Rx - primary_channel_rx: baud_rate=0 high_carrier=1 carrier=1803.9Hz agc=0.00079 power=7638771 shaper_sets=640
FLOW [proto@0x1044753ae] Rx - primary_channel_rx: baud_rate=0 high_carrier=1 carrier=1804.0Hz agc=0.00079 power=7611877 shaper_sets=640
FLOW [proto@0x1044753ae] Rx - primary_channel_rx: baud_rate=0 high_carrier=1 carrier=1803.9Hz agc=0.00079 power=7608984 shaper_sets=640
FLOW [proto@0x1044753ae] Rx - Phase 3 TRN: best hyp=11 ones=32649/44544 (73%)
FLOW [proto@0x1044753ae] Rx - Phase 3 Ja parser input: hyp0 len=47104 bits (stage=10, need ~16340 to parse)
FLOW [proto@0x1044753ae] Rx - Phase 3 Ja capture: emitted 47104 bits using hyp=0
FLOW [proto@0x1044753ae] Rx - primary_channel_rx: baud_rate=0 high_carrier=1 carrier=1803.9Hz agc=0.00079 power=7609393 shaper_sets=640
FLOW [proto@0x1044753ae] Rx - primary_channel_rx: baud_rate=0 high_carrier=1 carrier=1803.7Hz agc=0.00079 power=7608950 shaper_sets=640
FLOW [proto@0x1044753ae] Rx - primary_channel_rx: baud_rate=0 high_carrier=1 carrier=1803.8Hz agc=0.00079 power=7603276 shaper_sets=640
FLOW [proto@0x1044753ae] Rx - Phase 3 WAIT_S heartbeat: dur=5632 demod=0 event=0 j_bits=47262 trn_bits=44710 trn_hint=0/75%
FLOW [proto@0x1044753ae] Rx - primary_channel_rx: baud_rate=0 high_carrier=1 carrier=1803.9Hz agc=0.00079 power=7602502 shaper_sets=640
FLOW [proto@0x1044753ae] Rx - primary_channel_rx: baud_rate=0 high_carrier=1 carrier=1804.0Hz agc=0.00079 power=7602489 shaper_sets=640
FLOW [proto@0x1044753ae] Rx - Phase 3 Ja capture: emitted 47360 bits using hyp=0
FLOW [proto@0x1044753ae] Rx - primary_channel_rx: baud_rate=0 high_carrier=1 carrier=1804.0Hz agc=0.00079 power=7602658 shaper_sets=640
FLOW [proto@0x1044753ae] Rx - primary_channel_rx: baud_rate=0 high_carrier=1 carrier=1803.9Hz agc=0.00079 power=7606013 shaper_sets=640
FLOW [proto@0x1044753ae] Rx - primary_channel_rx: baud_rate=0 high_carrier=1 carrier=1803.8Hz agc=0.00079 power=7595476 shaper_sets=640
FLOW [proto@0x1044753ae] Rx - primary_channel_rx: baud_rate=0 high_carrier=1 carrier=1803.7Hz agc=0.00079 power=7595910 shaper_sets=640
FLOW [proto@0x1044753ae] Rx - primary_channel_rx: baud_rate=0 high_carrier=1 carrier=1803.9Hz agc=0.00079 power=7592408 shaper_sets=640
FLOW [proto@0x1044753ae] Rx - Phase 3 TRN: best hyp=11 ones=33023/45056 (73%)
FLOW [proto@0x1044753ae] Rx - primary_channel_rx: baud_rate=0 high_carrier=1 carrier=1804.0Hz agc=0.00079 power=7604864 shaper_sets=640
FLOW [proto@0x1044753ae] Rx - Phase 3 Ja capture: emitted 47616 bits using hyp=0
FLOW [proto@0x1044753ae] Rx - primary_channel_rx: baud_rate=0 high_carrier=1 carrier=1804.0Hz agc=0.00079 power=7591037 shaper_sets=640
FLOW [proto@0x1044753ae] Rx - primary_channel_rx: baud_rate=0 high_carrier=1 carrier=1804.0Hz agc=0.00079 power=7584029 shaper_sets=640
FLOW [proto@0x1044753ae] Rx - primary_channel_rx: baud_rate=0 high_carrier=1 carrier=1803.9Hz agc=0.00079 power=7594103 shaper_sets=640
FLOW [proto@0x1044753ae] Rx - Phase 3 WAIT_S heartbeat: dur=5888 demod=0 event=0 j_bits=47774 trn_bits=45222 trn_hint=0/75%
FLOW [proto@0x1044753ae] Rx - primary_channel_rx: baud_rate=0 high_carrier=1 carrier=1803.7Hz agc=0.00079 power=7591556 shaper_sets=640
FLOW [proto@0x1044753ae] Rx - primary_channel_rx: baud_rate=0 high_carrier=1 carrier=1803.9Hz agc=0.00079 power=7627384 shaper_sets=640
FLOW [proto@0x1044753ae] Rx - Phase 3 Ja capture: emitted 47872 bits using hyp=0
FLOW [proto@0x1044753ae] Rx - primary_channel_rx: baud_rate=0 high_carrier=1 carrier=1804.0Hz agc=0.00079 power=7594314 shaper_sets=640
FLOW [proto@0x1044753ae] Rx - primary_channel_rx: baud_rate=0 high_carrier=1 carrier=1804.0Hz agc=0.00079 power=7597288 shaper_sets=640
FLOW [proto@0x1044753ae] Rx - Phase 3 S baud 6000: mag=1.052 data_bits=3 alt=0/32 stable=0 dom=3:32/32 rev=0/32 counts=0,0,0,32
FLOW [proto@0x1044753ae] Rx - Phase 3: S detect timeout (6000 bauds, alt=0/32 rev=0/32, j_bits=48000 trn_bits=45448 trn_hint=0/75%), continuing search
FLOW [proto@0x1044753ae] Rx - primary_channel_rx: baud_rate=0 high_carrier=1 carrier=1804.0Hz agc=0.00078 power=7681029 shaper_sets=640
FLOW [proto@0x1044753ae] Rx - Phase 3 WAIT_S heartbeat: dur=1 demod=0 event=0 j_bits=48000 trn_bits=45448 trn_hint=0/75%
FLOW [proto@0x1044753ae] Rx - Phase 3 S baud 1: mag=1.032 data_bits=3 alt=0/32 stable=0 dom=3:1/32 rev=0/32 counts=0,0,0,1
FLOW [proto@0x1044753ae] Rx - Phase 3 S baud 2: mag=0.968 data_bits=3 alt=0/32 stable=0 dom=3:2/32 rev=0/32 counts=0,0,0,2
FLOW [proto@0x1044753ae] Rx - Phase 3 S baud 3: mag=0.997 data_bits=3 alt=0/32 stable=0 dom=3:3/32 rev=0/32 counts=0,0,0,3
FLOW [proto@0x1044753ae] Rx - Phase 3 S baud 4: mag=0.991 data_bits=3 alt=0/32 stable=0 dom=3:4/32 rev=0/32 counts=0,0,0,4
FLOW [proto@0x1044753ae] Rx - primary_channel_rx: baud_rate=0 high_carrier=1 carrier=1803.9Hz agc=0.00079 power=7640830 shaper_sets=640
FLOW [proto@0x1044753ae] Rx - primary_channel_rx: baud_rate=0 high_carrier=1 carrier=1803.8Hz agc=0.00078 power=7678307 shaper_sets=640
FLOW [proto@0x1044753ae] Rx - Phase 3 Ja capture: emitted 48128 bits using hyp=0
FLOW [proto@0x1044753ae] Rx - primary_channel_rx: baud_rate=0 high_carrier=1 carrier=1803.8Hz agc=0.00078 power=7680777 shaper_sets=640
FLOW [proto@0x1044753ae] Rx - primary_channel_rx: baud_rate=0 high_carrier=1 carrier=1803.9Hz agc=0.00078 power=7693497 shaper_sets=640
FLOW [proto@0x1044753ae] Rx - primary_channel_rx: baud_rate=0 high_carrier=1 carrier=1804.0Hz agc=0.00078 power=7680965 shaper_sets=640
FLOW [proto@0x1044753ae] Rx - primary_channel_rx: baud_rate=0 high_carrier=1 carrier=1804.0Hz agc=0.00078 power=7693658 shaper_sets=640
FLOW [proto@0x1044753ae] Rx - primary_channel_rx: baud_rate=0 high_carrier=1 carrier=1804.0Hz agc=0.00078 power=7681869 shaper_sets=640
FLOW [proto@0x1044753ae] Rx - primary_channel_rx: baud_rate=0 high_carrier=1 carrier=1803.9Hz agc=0.00078 power=7694600 shaper_sets=640
FLOW [proto@0x1044753ae] Rx - Phase 3 Ja capture: emitted 48384 bits using hyp=0
FLOW [proto@0x1044753ae] Rx - primary_channel_rx: baud_rate=0 high_carrier=1 carrier=1803.8Hz agc=0.00078 power=7707336 shaper_sets=640
FLOW [proto@0x1044753ae] Rx - primary_channel_rx: baud_rate=0 high_carrier=1 carrier=1803.9Hz agc=0.00078 power=7695433 shaper_sets=640
FLOW [proto@0x1044753ae] Rx - Phase 3 WAIT_S heartbeat: dur=256 demod=0 event=0 j_bits=48510 trn_bits=45448 trn_hint=0/75%
FLOW [proto@0x1044753ae] Rx - primary_channel_rx: baud_rate=0 high_carrier=1 carrier=1804.0Hz agc=0.00078 power=7709491 shaper_sets=640
FLOW [proto@0x1044753ae] Rx - primary_channel_rx: baud_rate=0 high_carrier=1 carrier=1804.0Hz agc=0.00078 power=7709225 shaper_sets=640
FLOW [proto@0x1044753ae] Rx - primary_channel_rx: baud_rate=0 high_carrier=1 carrier=1804.0Hz agc=0.00078 power=7703896 shaper_sets=640
FLOW [proto@0x1044753ae] Rx - Phase 3 TRN: best hyp=11 ones=33395/45568 (73%)
FLOW [proto@0x1044753ae] Rx - Phase 3 Ja capture: emitted 48640 bits using hyp=0
FLOW [proto@0x1044753ae] Rx - primary_channel_rx: baud_rate=0 high_carrier=1 carrier=1803.9Hz agc=0.00078 power=7701029 shaper_sets=640
FLOW [proto@0x1044753ae] Rx - primary_channel_rx: baud_rate=0 high_carrier=1 carrier=1803.8Hz agc=0.00078 power=7698859 shaper_sets=640
FLOW [proto@0x1044753ae] Rx - primary_channel_rx: baud_rate=0 high_carrier=1 carrier=1803.9Hz agc=0.00078 power=7659815 shaper_sets=640
FLOW [proto@0x1044753ae] Rx - primary_channel_rx: baud_rate=0 high_carrier=1 carrier=1804.0Hz agc=0.00078 power=7662277 shaper_sets=640
FLOW [proto@0x1044753ae] Rx - primary_channel_rx: baud_rate=0 high_carrier=1 carrier=1804.0Hz agc=0.00079 power=7607912 shaper_sets=640
FLOW [proto@0x1044753ae] Rx - Phase 3 Ja capture: emitted 48896 bits using hyp=0
FLOW [proto@0x1044753ae] Rx - primary_channel_rx: baud_rate=0 high_carrier=1 carrier=1804.0Hz agc=0.00078 power=7658536 shaper_sets=640
FLOW [proto@0x1044753ae] Rx - primary_channel_rx: baud_rate=0 high_carrier=1 carrier=1804.0Hz agc=0.00078 power=7668856 shaper_sets=640
FLOW [proto@0x1044753ae] Rx - primary_channel_rx: baud_rate=0 high_carrier=1 carrier=1803.9Hz agc=0.00078 power=7652991 shaper_sets=640
FLOW [proto@0x1044753ae] Rx - Phase 3 WAIT_S heartbeat: dur=512 demod=0 event=0 j_bits=49022 trn_bits=45960 trn_hint=0/75%
FLOW [proto@0x1044753ae] Rx - primary_channel_rx: baud_rate=0 high_carrier=1 carrier=1803.8Hz agc=0.00078 power=7651255 shaper_sets=640
FLOW [proto@0x1044753ae] Rx - primary_channel_rx: baud_rate=0 high_carrier=1 carrier=1803.9Hz agc=0.00079 power=7582371 shaper_sets=640
FLOW [proto@0x1044753ae] Rx - Phase 3 TRN: best hyp=11 ones=33766/46080 (73%)
FLOW [proto@0x1044753ae] Rx - primary_channel_rx: baud_rate=0 high_carrier=1 carrier=1804.0Hz agc=0.00078 power=7646250 shaper_sets=640
FLOW [proto@0x1044753ae] Rx - Phase 3 Ja parser input: hyp0 len=49152 bits (stage=10, need ~16340 to parse)
FLOW [proto@0x1044753ae] Rx - Phase 3 Ja capture: emitted 49152 bits using hyp=0
FLOW [proto@0x1044753ae] Rx - primary_channel_rx: baud_rate=0 high_carrier=1 carrier=1804.0Hz agc=0.00079 power=7580878 shaper_sets=640
FLOW [proto@0x1044753ae] Rx - primary_channel_rx: baud_rate=0 high_carrier=1 carrier=1804.0Hz agc=0.00079 power=7562255 shaper_sets=640
FLOW [proto@0x1044753ae] Rx - primary_channel_rx: baud_rate=0 high_carrier=1 carrier=1803.9Hz agc=0.00079 power=7589518 shaper_sets=640
FLOW [proto@0x1044753ae] Rx - primary_channel_rx: baud_rate=0 high_carrier=1 carrier=1803.8Hz agc=0.00079 power=7562278 shaper_sets=640
FLOW [proto@0x1044753ae] Rx - primary_channel_rx: baud_rate=0 high_carrier=1 carrier=1803.9Hz agc=0.00079 power=7588259 shaper_sets=640
FLOW [proto@0x1044753ae] Rx - Phase 3 Ja capture: emitted 49408 bits using hyp=0
FLOW [proto@0x1044753ae] Rx - primary_channel_rx: baud_rate=0 high_carrier=1 carrier=1804.0Hz agc=0.00079 power=7567532 shaper_sets=640
FLOW [proto@0x1044753ae] Rx - primary_channel_rx: baud_rate=0 high_carrier=1 carrier=1804.0Hz agc=0.00079 power=7592791 shaper_sets=640
FLOW [proto@0x1044753ae] Rx - Phase 3 WAIT_S heartbeat: dur=768 demod=0 event=0 j_bits=49534 trn_bits=46472 trn_hint=0/75%
FLOW [proto@0x1044753ae] Rx - primary_channel_rx: baud_rate=0 high_carrier=1 carrier=1804.0Hz agc=0.00079 power=7597394 shaper_sets=640
FLOW [proto@0x1044753ae] Rx - primary_channel_rx: baud_rate=0 high_carrier=1 carrier=1803.9Hz agc=0.00079 power=7621869 shaper_sets=640
FLOW [proto@0x1044753ae] Rx - primary_channel_rx: baud_rate=0 high_carrier=1 carrier=1803.8Hz agc=0.00079 power=7595441 shaper_sets=640
FLOW [proto@0x1044753ae] Rx - Phase 3 TRN: best hyp=11 ones=34138/46592 (73%)
FLOW [proto@0x1044753ae] Rx - Phase 3 Ja capture: emitted 49664 bits using hyp=0
FLOW [proto@0x1044753ae] Rx - primary_channel_rx: baud_rate=0 high_carrier=1 carrier=1803.9Hz agc=0.00079 power=7618413 shaper_sets=640
FLOW [proto@0x1044753ae] Rx - primary_channel_rx: baud_rate=0 high_carrier=1 carrier=1804.0Hz agc=0.00079 power=7595455 shaper_sets=640
FLOW [proto@0x1044753ae] Rx - primary_channel_rx: baud_rate=0 high_carrier=1 carrier=1804.0Hz agc=0.00079 power=7597170 shaper_sets=640
FLOW [proto@0x1044753ae] Rx - primary_channel_rx: baud_rate=0 high_carrier=1 carrier=1804.0Hz agc=0.00079 power=7595295 shaper_sets=640
FLOW [proto@0x1044753ae] Rx - primary_channel_rx: baud_rate=0 high_carrier=1 carrier=1804.0Hz agc=0.00079 power=7621824 shaper_sets=640
FLOW [proto@0x1044753ae] Rx - primary_channel_rx: baud_rate=0 high_carrier=1 carrier=1803.9Hz agc=0.00079 power=7620159 shaper_sets=640
FLOW [proto@0x1044753ae] Rx - Phase 3 Ja capture: emitted 49920 bits using hyp=0
FLOW [proto@0x1044753ae] Rx - primary_channel_rx: baud_rate=0 high_carrier=1 carrier=1803.9Hz agc=0.00079 power=7595378 shaper_sets=640
FLOW [proto@0x1044753ae] Rx - Phase 3 S baud 1000: mag=1.020 data_bits=3 alt=0/32 stable=0 dom=3:32/32 rev=0/32 counts=0,0,0,32
FLOW [proto@0x1044753ae] Rx - primary_channel_rx: baud_rate=0 high_carrier=1 carrier=1804.0Hz agc=0.00079 power=7618434 shaper_sets=640
FLOW [proto@0x1044753ae] Rx - Phase 3 WAIT_S heartbeat: dur=1024 demod=0 event=0 j_bits=50046 trn_bits=46984 trn_hint=0/75%
FLOW [proto@0x1044753ae] Rx - primary_channel_rx: baud_rate=0 high_carrier=1 carrier=1804.0Hz agc=0.00079 power=7572917 shaper_sets=640
FLOW [proto@0x1044753ae] Rx - primary_channel_rx: baud_rate=0 high_carrier=1 carrier=1804.1Hz agc=0.00079 power=7571866 shaper_sets=640
FLOW [proto@0x1044753ae] Rx - primary_channel_rx: baud_rate=0 high_carrier=1 carrier=1804.0Hz agc=0.00079 power=7597459 shaper_sets=640
FLOW [proto@0x1044753ae] Rx - Phase 3 TRN: best hyp=11 ones=34512/47104 (73%)
FLOW [proto@0x1044753ae] Rx - Phase 3 Ja capture: emitted 50176 bits using hyp=0
FLOW [proto@0x1044753ae] Rx - primary_channel_rx: baud_rate=0 high_carrier=1 carrier=1803.9Hz agc=0.00079 power=7594963 shaper_sets=640
FLOW [proto@0x1044753ae] Rx - primary_channel_rx: baud_rate=0 high_carrier=1 carrier=1803.8Hz agc=0.00079 power=7597450 shaper_sets=640
FLOW [proto@0x1044753ae] Rx - primary_channel_rx: baud_rate=0 high_carrier=1 carrier=1803.9Hz agc=0.00079 power=7598217 shaper_sets=640
FLOW [proto@0x1044753ae] Rx - primary_channel_rx: baud_rate=0 high_carrier=1 carrier=1804.0Hz agc=0.00079 power=7561869 shaper_sets=640
FLOW [proto@0x1044753ae] Rx - primary_channel_rx: baud_rate=0 high_carrier=1 carrier=1804.1Hz agc=0.00079 power=7587424 shaper_sets=640
FLOW [proto@0x1044753ae] Rx - Phase 3 Ja capture: emitted 50432 bits using hyp=0
FLOW [proto@0x1044753ae] Rx - primary_channel_rx: baud_rate=0 high_carrier=1 carrier=1804.0Hz agc=0.00079 power=7588711 shaper_sets=640
FLOW [proto@0x1044753ae] Rx - primary_channel_rx: baud_rate=0 high_carrier=1 carrier=1804.0Hz agc=0.00079 power=7561150 shaper_sets=640
FLOW [proto@0x1044753ae] Rx - primary_channel_rx: baud_rate=0 high_carrier=1 carrier=1803.8Hz agc=0.00079 power=7588351 shaper_sets=640
FLOW [proto@0x1044753ae] Rx - Phase 3 WAIT_S heartbeat: dur=1280 demod=0 event=0 j_bits=50558 trn_bits=47496 trn_hint=0/75%
FLOW [proto@0x1044753ae] Rx - primary_channel_rx: baud_rate=0 high_carrier=1 carrier=1803.9Hz agc=0.00079 power=7586716 shaper_sets=640
FLOW [proto@0x1044753ae] Rx - primary_channel_rx: baud_rate=0 high_carrier=1 carrier=1804.0Hz agc=0.00079 power=7588379 shaper_sets=640
FLOW [proto@0x1044753ae] Rx - Phase 3 TRN: best hyp=11 ones=34884/47616 (73%)
FLOW [proto@0x1044753ae] Rx - primary_channel_rx: baud_rate=0 high_carrier=1 carrier=1804.1Hz agc=0.00079 power=7613236 shaper_sets=640
FLOW [proto@0x1044753ae] Rx - Phase 3 Ja capture: emitted 50688 bits using hyp=0
FLOW [proto@0x1044753ae] Rx - primary_channel_rx: baud_rate=0 high_carrier=1 carrier=1804.1Hz agc=0.00079 power=7619292 shaper_sets=640
FLOW [proto@0x1044753ae] Rx - primary_channel_rx: baud_rate=0 high_carrier=1 carrier=1804.0Hz agc=0.00079 power=7619082 shaper_sets=640
FLOW [proto@0x1044753ae] Rx - primary_channel_rx: baud_rate=0 high_carrier=1 carrier=1803.9Hz agc=0.00079 power=7597730 shaper_sets=640
FLOW [proto@0x1044753ae] Rx - primary_channel_rx: baud_rate=0 high_carrier=1 carrier=1803.9Hz agc=0.00079 power=7587610 shaper_sets=640
FLOW [proto@0x1044753ae] Rx - primary_channel_rx: baud_rate=0 high_carrier=1 carrier=1804.0Hz agc=0.00079 power=7623458 shaper_sets=640
FLOW [proto@0x1044753ae] Rx - Phase 3 Ja capture: emitted 50944 bits using hyp=0
FLOW [proto@0x1044753ae] Rx - primary_channel_rx: baud_rate=0 high_carrier=1 carrier=1804.1Hz agc=0.00079 power=7594259 shaper_sets=640
FLOW [proto@0x1044753ae] Rx - primary_channel_rx: baud_rate=0 high_carrier=1 carrier=1804.1Hz agc=0.00079 power=7620646 shaper_sets=640
FLOW [proto@0x1044753ae] Rx - Phase 3 WAIT_S heartbeat: dur=1536 demod=0 event=0 j_bits=51070 trn_bits=48008 trn_hint=0/75%
FLOW [proto@0x1044753ae] Rx - primary_channel_rx: baud_rate=0 high_carrier=1 carrier=1804.0Hz agc=0.00079 power=7594022 shaper_sets=640
FLOW [proto@0x1044753ae] Rx - primary_channel_rx: baud_rate=0 high_carrier=1 carrier=1803.9Hz agc=0.00079 power=7620350 shaper_sets=640
FLOW [proto@0x1044753ae] Rx - primary_channel_rx: baud_rate=0 high_carrier=1 carrier=1803.9Hz agc=0.00079 power=7618841 shaper_sets=640
FLOW [proto@0x1044753ae] Rx - Phase 3 TRN: best hyp=11 ones=35254/48128 (73%)
FLOW [proto@0x1044753ae] Rx - Phase 3 Ja parser input: hyp0 len=51200 bits (stage=10, need ~16340 to parse)
FLOW [proto@0x1044753ae] Rx - Phase 3 Ja capture: emitted 51200 bits using hyp=0
FLOW [proto@0x1044753ae] Rx - primary_channel_rx: baud_rate=0 high_carrier=1 carrier=1804.0Hz agc=0.00079 power=7620440 shaper_sets=640
FLOW [proto@0x1044753ae] Rx - primary_channel_rx: baud_rate=0 high_carrier=1 carrier=1804.1Hz agc=0.00079 power=7618750 shaper_sets=640
FLOW [proto@0x1044753ae] Rx - primary_channel_rx: baud_rate=0 high_carrier=1 carrier=1804.1Hz agc=0.00079 power=7586199 shaper_sets=640
FLOW [proto@0x1044753ae] Rx - primary_channel_rx: baud_rate=0 high_carrier=1 carrier=1804.1Hz agc=0.00079 power=7609509 shaper_sets=640
FLOW [proto@0x1044753ae] Rx - primary_channel_rx: baud_rate=0 high_carrier=1 carrier=1804.0Hz agc=0.00079 power=7610512 shaper_sets=640
FLOW [proto@0x1044753ae] Rx - primary_channel_rx: baud_rate=0 high_carrier=1 carrier=1803.9Hz agc=0.00079 power=7609473 shaper_sets=640
FLOW [proto@0x1044753ae] Rx - Phase 3 Ja capture: emitted 51456 bits using hyp=0
FLOW [proto@0x1044753ae] Rx - primary_channel_rx: baud_rate=0 high_carrier=1 carrier=1804.0Hz agc=0.00079 power=7585638 shaper_sets=640
FLOW [proto@0x1044753ae] Rx - primary_channel_rx: baud_rate=0 high_carrier=1 carrier=1804.1Hz agc=0.00079 power=7623544 shaper_sets=640
FLOW [proto@0x1044753ae] Rx - Phase 3 WAIT_S heartbeat: dur=1792 demod=0 event=0 j_bits=51582 trn_bits=48520 trn_hint=0/75%
FLOW [proto@0x1044753ae] Rx - primary_channel_rx: baud_rate=0 high_carrier=1 carrier=1804.1Hz agc=0.00079 power=7627539 shaper_sets=640
FLOW [proto@0x1044753ae] Rx - primary_channel_rx: baud_rate=0 high_carrier=1 carrier=1804.1Hz agc=0.00079 power=7627386 shaper_sets=640
FLOW [proto@0x1044753ae] Rx - primary_channel_rx: baud_rate=0 high_carrier=1 carrier=1804.0Hz agc=0.00079 power=7624132 shaper_sets=640
FLOW [proto@0x1044753ae] Rx - Phase 3 TRN: best hyp=11 ones=35634/48640 (73%)
FLOW [proto@0x1044753ae] Rx - Phase 3 Ja capture: emitted 51712 bits using hyp=0
FLOW [proto@0x1044753ae] Rx - primary_channel_rx: baud_rate=0 high_carrier=1 carrier=1803.9Hz agc=0.00079 power=7616799 shaper_sets=640
FLOW [proto@0x1044753ae] Rx - primary_channel_rx: baud_rate=0 high_carrier=1 carrier=1804.0Hz agc=0.00079 power=7616698 shaper_sets=640
FLOW [proto@0x1044753ae] Rx - primary_channel_rx: baud_rate=0 high_carrier=1 carrier=1804.1Hz agc=0.00079 power=7615750 shaper_sets=640
FLOW [proto@0x1044753ae] Rx - primary_channel_rx: baud_rate=0 high_carrier=1 carrier=1804.1Hz agc=0.00079 power=7616681 shaper_sets=640
FLOW [proto@0x1044753ae] Rx - primary_channel_rx: baud_rate=0 high_carrier=1 carrier=1804.1Hz agc=0.00079 power=7614774 shaper_sets=640
FLOW [proto@0x1044753ae] Rx - Phase 3 Ja capture: emitted 51968 bits using hyp=0
FLOW [proto@0x1044753ae] Rx - primary_channel_rx: baud_rate=0 high_carrier=1 carrier=1804.0Hz agc=0.00078 power=7665984 shaper_sets=640
FLOW [proto@0x1044753ae] Rx - Phase 3 S baud 2000: mag=1.018 data_bits=3 alt=0/32 stable=0 dom=3:32/32 rev=0/32 counts=0,0,0,32
FLOW [proto@0x1044753ae] Rx - primary_channel_rx: baud_rate=0 high_carrier=1 carrier=1803.9Hz agc=0.00079 power=7623102 shaper_sets=640
FLOW [proto@0x1044753ae] Rx - primary_channel_rx: baud_rate=0 high_carrier=1 carrier=1804.0Hz agc=0.00079 power=7632587 shaper_sets=640
FLOW [proto@0x1044753ae] Rx - Phase 3 WAIT_S heartbeat: dur=2048 demod=0 event=0 j_bits=52094 trn_bits=49032 trn_hint=0/75%
FLOW [proto@0x1044753ae] Rx - primary_channel_rx: baud_rate=0 high_carrier=1 carrier=1804.1Hz agc=0.00079 power=7625798 shaper_sets=640
FLOW [proto@0x1044753ae] Rx - primary_channel_rx: baud_rate=0 high_carrier=1 carrier=1804.1Hz agc=0.00078 power=7661002 shaper_sets=640
FLOW [proto@0x1044753ae] Rx - Phase 3 TRN: best hyp=11 ones=36002/49152 (73%)
FLOW [proto@0x1044753ae] Rx - primary_channel_rx: baud_rate=0 high_carrier=1 carrier=1804.1Hz agc=0.00079 power=7623481 shaper_sets=640
FLOW [proto@0x1044753ae] Rx - Phase 3 Ja capture: emitted 52224 bits using hyp=0
FLOW [proto@0x1044753ae] Rx - primary_channel_rx: baud_rate=0 high_carrier=1 carrier=1804.1Hz agc=0.00078 power=7702177 shaper_sets=640
FLOW [proto@0x1044753ae] Rx - primary_channel_rx: baud_rate=0 high_carrier=1 carrier=1803.9Hz agc=0.00078 power=7686505 shaper_sets=640
FLOW [proto@0x1044753ae] Rx - primary_channel_rx: baud_rate=0 high_carrier=1 carrier=1804.0Hz agc=0.00078 power=7688497 shaper_sets=640
FLOW [proto@0x1044753ae] Rx - primary_channel_rx: baud_rate=0 high_carrier=1 carrier=1804.1Hz agc=0.00078 power=7699447 shaper_sets=640
FLOW [proto@0x1044753ae] Rx - primary_channel_rx: baud_rate=0 high_carrier=1 carrier=1804.1Hz agc=0.00078 power=7687453 shaper_sets=640
FLOW [proto@0x1044753ae] Rx - Phase 3 Ja capture: emitted 52480 bits using hyp=0
FLOW [proto@0x1044753ae] Rx - primary_channel_rx: baud_rate=0 high_carrier=1 carrier=1804.1Hz agc=0.00078 power=7711263 shaper_sets=640
FLOW [proto@0x1044753ae] Rx - primary_channel_rx: baud_rate=0 high_carrier=1 carrier=1804.1Hz agc=0.00078 power=7687110 shaper_sets=640
FLOW [proto@0x1044753ae] Rx - Phase 3 WAIT_S heartbeat: dur=2304 demod=0 event=0 j_bits=52606 trn_bits=49544 trn_hint=0/75%
FLOW [proto@0x1044753ae] Rx - primary_channel_rx: baud_rate=0 high_carrier=1 carrier=1804.0Hz agc=0.00078 power=7683991 shaper_sets=640
FLOW [proto@0x1044753ae] Rx - primary_channel_rx: baud_rate=0 high_carrier=1 carrier=1803.9Hz agc=0.00079 power=7635294 shaper_sets=640
FLOW [proto@0x1044753ae] Rx - primary_channel_rx: baud_rate=0 high_carrier=1 carrier=1804.1Hz agc=0.00078 power=7704901 shaper_sets=640
FLOW [proto@0x1044753ae] Rx - Phase 3 TRN: best hyp=11 ones=36375/49664 (73%)
FLOW [proto@0x1044753ae] Rx - Phase 3 Ja capture: emitted 52736 bits using hyp=0
FLOW [proto@0x1044753ae] Rx - primary_channel_rx: baud_rate=0 high_carrier=1 carrier=1804.1Hz agc=0.00078 power=7655764 shaper_sets=640
FLOW [proto@0x1044753ae] Rx - primary_channel_rx: baud_rate=0 high_carrier=1 carrier=1804.1Hz agc=0.00078 power=7702742 shaper_sets=640
FLOW [proto@0x1044753ae] Rx - primary_channel_rx: baud_rate=0 high_carrier=1 carrier=1804.1Hz agc=0.00078 power=7703484 shaper_sets=640
FLOW [proto@0x1044753ae] Rx - primary_channel_rx: baud_rate=0 high_carrier=1 carrier=1804.0Hz agc=0.00078 power=7686677 shaper_sets=640
FLOW [proto@0x1044753ae] Rx - primary_channel_rx: baud_rate=0 high_carrier=1 carrier=1803.9Hz agc=0.00078 power=7704370 shaper_sets=640
FLOW [proto@0x1044753ae] Rx - primary_channel_rx: baud_rate=0 high_carrier=1 carrier=1804.1Hz agc=0.00078 power=7675459 shaper_sets=640
FLOW [proto@0x1044753ae] Rx - Phase 3 Ja capture: emitted 52992 bits using hyp=0
FLOW [proto@0x1044753ae] Rx - primary_channel_rx: baud_rate=0 high_carrier=1 carrier=1804.1Hz agc=0.00078 power=7678676 shaper_sets=640
FLOW [proto@0x1044753ae] Rx - primary_channel_rx: baud_rate=0 high_carrier=1 carrier=1804.2Hz agc=0.00078 power=7696246 shaper_sets=640
FLOW [proto@0x1044753ae] Rx - Phase 3 WAIT_S heartbeat: dur=2560 demod=0 event=0 j_bits=53118 trn_bits=50056 trn_hint=0/75%
FLOW [proto@0x1044753ae] Rx - primary_channel_rx: baud_rate=0 high_carrier=1 carrier=1804.1Hz agc=0.00078 power=7670835 shaper_sets=640
FLOW [proto@0x1044753ae] Rx - primary_channel_rx: baud_rate=0 high_carrier=1 carrier=1804.0Hz agc=0.00078 power=7695179 shaper_sets=640
FLOW [proto@0x1044753ae] Rx - primary_channel_rx: baud_rate=0 high_carrier=1 carrier=1803.9Hz agc=0.00078 power=7668496 shaper_sets=640
FLOW [proto@0x1044753ae] Rx - Phase 3 TRN: best hyp=11 ones=36747/50176 (73%)
FLOW [proto@0x1044753ae] Rx - Phase 3 Ja parser input: hyp0 len=53248 bits (stage=10, need ~16340 to parse)
FLOW [proto@0x1044753ae] Rx - Phase 3 Ja capture: emitted 53248 bits using hyp=0
FLOW [proto@0x1044753ae] Rx - primary_channel_rx: baud_rate=0 high_carrier=1 carrier=1804.1Hz agc=0.00078 power=7658397 shaper_sets=640
FLOW [proto@0x1044753ae] Rx - primary_channel_rx: baud_rate=0 high_carrier=1 carrier=1804.1Hz agc=0.00078 power=7643950 shaper_sets=640
FLOW [proto@0x1044753ae] Rx - primary_channel_rx: baud_rate=0 high_carrier=1 carrier=1804.2Hz agc=0.00078 power=7655874 shaper_sets=640
FLOW [proto@0x1044753ae] Rx - primary_channel_rx: baud_rate=0 high_carrier=1 carrier=1804.1Hz agc=0.00079 power=7639650 shaper_sets=640
FLOW [proto@0x1044753ae] Rx - primary_channel_rx: baud_rate=0 high_carrier=1 carrier=1804.0Hz agc=0.00078 power=7662539 shaper_sets=640
FLOW [proto@0x1044753ae] Rx - Phase 3 Ja capture: emitted 53504 bits using hyp=0
FLOW [proto@0x1044753ae] Rx - primary_channel_rx: baud_rate=0 high_carrier=1 carrier=1803.9Hz agc=0.00078 power=7642953 shaper_sets=640
FLOW [proto@0x1044753ae] Rx - primary_channel_rx: baud_rate=0 high_carrier=1 carrier=1804.1Hz agc=0.00078 power=7666064 shaper_sets=640
FLOW [proto@0x1044753ae] Rx - primary_channel_rx: baud_rate=0 high_carrier=1 carrier=1804.1Hz agc=0.00078 power=7643186 shaper_sets=640
FLOW [proto@0x1044753ae] Rx - Phase 3 WAIT_S heartbeat: dur=2816 demod=0 event=0 j_bits=53630 trn_bits=50568 trn_hint=0/75%
FLOW [proto@0x1044753ae] Rx - primary_channel_rx: baud_rate=0 high_carrier=1 carrier=1804.2Hz agc=0.00078 power=7664691 shaper_sets=640
FLOW [proto@0x1044753ae] Rx - primary_channel_rx: baud_rate=0 high_carrier=1 carrier=1804.2Hz agc=0.00078 power=7641836 shaper_sets=640
FLOW [proto@0x1044753ae] Rx - Phase 3 TRN: best hyp=11 ones=37121/50688 (73%)
FLOW [proto@0x1044753ae] Rx - primary_channel_rx: baud_rate=0 high_carrier=1 carrier=1804.1Hz agc=0.00078 power=7673020 shaper_sets=640
FLOW [proto@0x1044753ae] Rx - Phase 3 Ja capture: emitted 53760 bits using hyp=0
FLOW [proto@0x1044753ae] Rx - primary_channel_rx: baud_rate=0 high_carrier=1 carrier=1803.9Hz agc=0.00078 power=7650231 shaper_sets=640
FLOW [proto@0x1044753ae] Rx - primary_channel_rx: baud_rate=0 high_carrier=1 carrier=1804.0Hz agc=0.00078 power=7673688 shaper_sets=640
FLOW [proto@0x1044753ae] Rx - primary_channel_rx: baud_rate=0 high_carrier=1 carrier=1804.1Hz agc=0.00078 power=7650841 shaper_sets=640
FLOW [proto@0x1044753ae] Rx - primary_channel_rx: baud_rate=0 high_carrier=1 carrier=1804.2Hz agc=0.00078 power=7661545 shaper_sets=640
FLOW [proto@0x1044753ae] Rx - Phase 3 S baud 3000: mag=1.017 data_bits=3 alt=0/32 stable=0 dom=3:32/32 rev=0/32 counts=0,0,0,32
FLOW [proto@0x1044753ae] Rx - primary_channel_rx: baud_rate=0 high_carrier=1 carrier=1804.2Hz agc=0.00079 power=7638058 shaper_sets=640
FLOW [proto@0x1044753ae] Rx - Phase 3 Ja capture: emitted 54016 bits using hyp=0
FLOW [proto@0x1044753ae] Rx - primary_channel_rx: baud_rate=0 high_carrier=1 carrier=1804.1Hz agc=0.00078 power=7659749 shaper_sets=640
FLOW [proto@0x1044753ae] Rx - primary_channel_rx: baud_rate=0 high_carrier=1 carrier=1804.0Hz agc=0.00078 power=7663466 shaper_sets=640
FLOW [proto@0x1044753ae] Rx - Phase 3 WAIT_S heartbeat: dur=3072 demod=0 event=0 j_bits=54142 trn_bits=51080 trn_hint=0/75%
FLOW [proto@0x1044753ae] Rx - primary_channel_rx: baud_rate=0 high_carrier=1 carrier=1804.1Hz agc=0.00078 power=7661052 shaper_sets=640
FLOW [proto@0x1044753ae] Rx - primary_channel_rx: baud_rate=0 high_carrier=1 carrier=1804.1Hz agc=0.00079 power=7639077 shaper_sets=640
FLOW [proto@0x1044753ae] Rx - primary_channel_rx: baud_rate=0 high_carrier=1 carrier=1804.2Hz agc=0.00078 power=7669151 shaper_sets=640
FLOW [proto@0x1044753ae] Rx - Phase 3 TRN: best hyp=11 ones=37494/51200 (73%)
FLOW [proto@0x1044753ae] Rx - Phase 3 Ja capture: emitted 54272 bits using hyp=0
FLOW [proto@0x1044753ae] Rx - primary_channel_rx: baud_rate=0 high_carrier=1 carrier=1804.2Hz agc=0.00078 power=7668725 shaper_sets=640
FLOW [proto@0x1044753ae] Rx - primary_channel_rx: baud_rate=0 high_carrier=1 carrier=1804.1Hz agc=0.00078 power=7688889 shaper_sets=640
FLOW [proto@0x1044753ae] Rx - primary_channel_rx: baud_rate=0 high_carrier=1 carrier=1804.0Hz agc=0.00078 power=7672821 shaper_sets=640
FLOW [proto@0x1044753ae] Rx - primary_channel_rx: baud_rate=0 high_carrier=1 carrier=1804.1Hz agc=0.00078 power=7684964 shaper_sets=640
FLOW [proto@0x1044753ae] Rx - primary_channel_rx: baud_rate=0 high_carrier=1 carrier=1804.2Hz agc=0.00078 power=7644984 shaper_sets=640
FLOW [proto@0x1044753ae] Rx - primary_channel_rx: baud_rate=0 high_carrier=1 carrier=1804.2Hz agc=0.00078 power=7651202 shaper_sets=640
FLOW [proto@0x1044753ae] Rx - Phase 3 Ja capture: emitted 54528 bits using hyp=0
FLOW [proto@0x1044753ae] Rx - primary_channel_rx: baud_rate=0 high_carrier=1 carrier=1804.2Hz agc=0.00078 power=7686416 shaper_sets=640
FLOW [proto@0x1044753ae] Rx - primary_channel_rx: baud_rate=0 high_carrier=1 carrier=1804.1Hz agc=0.00078 power=7677299 shaper_sets=640
FLOW [proto@0x1044753ae] Rx - Phase 3 WAIT_S heartbeat: dur=3328 demod=0 event=0 j_bits=54654 trn_bits=51592 trn_hint=0/75%
FLOW [proto@0x1044753ae] Rx - primary_channel_rx: baud_rate=0 high_carrier=1 carrier=1804.0Hz agc=0.00078 power=7645481 shaper_sets=640
FLOW [proto@0x1044753ae] Rx - primary_channel_rx: baud_rate=0 high_carrier=1 carrier=1804.1Hz agc=0.00079 power=7636371 shaper_sets=640
FLOW [proto@0x1044753ae] Rx - primary_channel_rx: baud_rate=0 high_carrier=1 carrier=1804.2Hz agc=0.00078 power=7711839 shaper_sets=640
FLOW [proto@0x1044753ae] Rx - Phase 3 TRN: best hyp=11 ones=37865/51712 (73%)
FLOW [proto@0x1044753ae] Rx - Phase 3 Ja capture: emitted 54784 bits using hyp=0
FLOW [proto@0x1044753ae] Rx - primary_channel_rx: baud_rate=0 high_carrier=1 carrier=1804.2Hz agc=0.00078 power=7643169 shaper_sets=640
FLOW [proto@0x1044753ae] Rx - primary_channel_rx: baud_rate=0 high_carrier=1 carrier=1804.2Hz agc=0.00078 power=7687036 shaper_sets=640
FLOW [proto@0x1044753ae] Rx - primary_channel_rx: baud_rate=0 high_carrier=1 carrier=1804.1Hz agc=0.00078 power=7668626 shaper_sets=640
FLOW [proto@0x1044753ae] Rx - primary_channel_rx: baud_rate=0 high_carrier=1 carrier=1804.0Hz agc=0.00078 power=7673160 shaper_sets=640
FLOW [proto@0x1044753ae] Rx - primary_channel_rx: baud_rate=0 high_carrier=1 carrier=1804.1Hz agc=0.00078 power=7717202 shaper_sets=640
FLOW [proto@0x1044753ae] Rx - Phase 3 Ja capture: emitted 55040 bits using hyp=0
FLOW [proto@0x1044753ae] Rx - primary_channel_rx: baud_rate=0 high_carrier=1 carrier=1804.2Hz agc=0.00078 power=7689740 shaper_sets=640
FLOW [proto@0x1044753ae] Rx - primary_channel_rx: baud_rate=0 high_carrier=1 carrier=1804.2Hz agc=0.00078 power=7678023 shaper_sets=640
FLOW [proto@0x1044753ae] Rx - primary_channel_rx: baud_rate=0 high_carrier=1 carrier=1804.2Hz agc=0.00078 power=7715719 shaper_sets=640
FLOW [proto@0x1044753ae] Rx - Phase 3 WAIT_S heartbeat: dur=3584 demod=0 event=0 j_bits=55166 trn_bits=52104 trn_hint=0/75%
FLOW [proto@0x1044753ae] Rx - primary_channel_rx: baud_rate=0 high_carrier=1 carrier=1804.1Hz agc=0.00078 power=7677871 shaper_sets=640
FLOW [proto@0x1044753ae] Rx - primary_channel_rx: baud_rate=0 high_carrier=1 carrier=1804.0Hz agc=0.00078 power=7713392 shaper_sets=640
FLOW [proto@0x1044753ae] Rx - Phase 3 TRN: best hyp=11 ones=38241/52224 (73%)
FLOW [proto@0x1044753ae] Rx - primary_channel_rx: baud_rate=0 high_carrier=1 carrier=1804.1Hz agc=0.00078 power=7711442 shaper_sets=640
FLOW [proto@0x1044753ae] Rx - Phase 3 Ja parser input: hyp0 len=55296 bits (stage=10, need ~16340 to parse)
FLOW [proto@0x1044753ae] Rx - Phase 3 Ja capture: emitted 55296 bits using hyp=0
FLOW [proto@0x1044753ae] Rx - primary_channel_rx: baud_rate=0 high_carrier=1 carrier=1804.2Hz agc=0.00078 power=7713285 shaper_sets=640
FLOW [proto@0x1044753ae] Rx - primary_channel_rx: baud_rate=0 high_carrier=1 carrier=1804.2Hz agc=0.00078 power=7673732 shaper_sets=640
FLOW [proto@0x1044753ae] Rx - primary_channel_rx: baud_rate=0 high_carrier=1 carrier=1804.2Hz agc=0.00078 power=7714082 shaper_sets=640
FLOW [proto@0x1044753ae] Rx - primary_channel_rx: baud_rate=0 high_carrier=1 carrier=1804.1Hz agc=0.00078 power=7673575 shaper_sets=640
FLOW [proto@0x1044753ae] Rx - primary_channel_rx: baud_rate=0 high_carrier=1 carrier=1804.0Hz agc=0.00078 power=7671888 shaper_sets=640
FLOW [proto@0x1044753ae] Rx - Phase 3 Ja capture: emitted 55552 bits using hyp=0
FLOW [proto@0x1044753ae] Rx - primary_channel_rx: baud_rate=0 high_carrier=1 carrier=1804.1Hz agc=0.00078 power=7698045 shaper_sets=640
FLOW [proto@0x1044753ae] Rx - primary_channel_rx: baud_rate=0 high_carrier=1 carrier=1804.2Hz agc=0.00078 power=7668964 shaper_sets=640
FLOW [proto@0x1044753ae] Rx - Phase 3 WAIT_S heartbeat: dur=3840 demod=0 event=0 j_bits=55678 trn_bits=52616 trn_hint=0/75%
FLOW [proto@0x1044753ae] Rx - primary_channel_rx: baud_rate=0 high_carrier=1 carrier=1804.2Hz agc=0.00078 power=7695688 shaper_sets=640
FLOW [proto@0x1044753ae] Rx - primary_channel_rx: baud_rate=0 high_carrier=1 carrier=1804.2Hz agc=0.00078 power=7670763 shaper_sets=640
FLOW [proto@0x1044753ae] Rx - primary_channel_rx: baud_rate=0 high_carrier=1 carrier=1804.2Hz agc=0.00079 power=7634019 shaper_sets=640
FLOW [proto@0x1044753ae] Rx - Phase 3 TRN: best hyp=11 ones=38617/52736 (73%)
FLOW [proto@0x1044753ae] Rx - Phase 3 Ja capture: emitted 55808 bits using hyp=0
FLOW [proto@0x1044753ae] Rx - primary_channel_rx: baud_rate=0 high_carrier=1 carrier=1804.0Hz agc=0.00078 power=7665799 shaper_sets=640
FLOW [proto@0x1044753ae] Rx - primary_channel_rx: baud_rate=0 high_carrier=1 carrier=1804.1Hz agc=0.00078 power=7662748 shaper_sets=640
FLOW [proto@0x1044753ae] Rx - primary_channel_rx: baud_rate=0 high_carrier=1 carrier=1804.2Hz agc=0.00079 power=7635082 shaper_sets=640
FLOW [proto@0x1044753ae] Rx - primary_channel_rx: baud_rate=0 high_carrier=1 carrier=1804.2Hz agc=0.00078 power=7663738 shaper_sets=640
FLOW [proto@0x1044753ae] Rx - Phase 3 S baud 4000: mag=1.007 data_bits=3 alt=0/32 stable=0 dom=3:32/32 rev=0/32 counts=0,0,0,32
FLOW [proto@0x1044753ae] Rx - primary_channel_rx: baud_rate=0 high_carrier=1 carrier=1804.2Hz agc=0.00078 power=7665879 shaper_sets=640
FLOW [proto@0x1044753ae] Rx - primary_channel_rx: baud_rate=0 high_carrier=1 carrier=1804.2Hz agc=0.00078 power=7666310 shaper_sets=640
FLOW [proto@0x1044753ae] Rx - Phase 3 Ja capture: emitted 56064 bits using hyp=0
FLOW [proto@0x1044753ae] Rx - primary_channel_rx: baud_rate=0 high_carrier=1 carrier=1804.0Hz agc=0.00078 power=7673397 shaper_sets=640
FLOW [proto@0x1044753ae] Rx - primary_channel_rx: baud_rate=0 high_carrier=1 carrier=1804.1Hz agc=0.00078 power=7671719 shaper_sets=640
FLOW [proto@0x1044753ae] Rx - Phase 3 WAIT_S heartbeat: dur=4096 demod=0 event=0 j_bits=56190 trn_bits=53128 trn_hint=0/75%
FLOW [proto@0x1044753ae] Rx - primary_channel_rx: baud_rate=0 high_carrier=1 carrier=1804.2Hz agc=0.00078 power=7665754 shaper_sets=640
FLOW [proto@0x1044753ae] Rx - primary_channel_rx: baud_rate=0 high_carrier=1 carrier=1804.2Hz agc=0.00078 power=7646837 shaper_sets=640
FLOW [proto@0x1044753ae] Rx - primary_channel_rx: baud_rate=0 high_carrier=1 carrier=1804.2Hz agc=0.00078 power=7675165 shaper_sets=640
FLOW [proto@0x1044753ae] Rx - Phase 3 TRN: best hyp=11 ones=38991/53248 (73%)
FLOW [proto@0x1044753ae] Rx - Phase 3 Ja capture: emitted 56320 bits using hyp=0
FLOW [proto@0x1044753ae] Rx - primary_channel_rx: baud_rate=0 high_carrier=1 carrier=1804.2Hz agc=0.00078 power=7683407 shaper_sets=640
FLOW [proto@0x1044753ae] Rx - primary_channel_rx: baud_rate=0 high_carrier=1 carrier=1804.1Hz agc=0.00078 power=7666205 shaper_sets=640
FLOW [proto@0x1044753ae] Rx - primary_channel_rx: baud_rate=0 high_carrier=1 carrier=1804.1Hz agc=0.00078 power=7743112 shaper_sets=640
FLOW [proto@0x1044753ae] Rx - primary_channel_rx: baud_rate=0 high_carrier=1 carrier=1804.2Hz agc=0.00078 power=7694012 shaper_sets=640
FLOW [proto@0x1044753ae] Rx - primary_channel_rx: baud_rate=0 high_carrier=1 carrier=1804.3Hz agc=0.00078 power=7655740 shaper_sets=640
FLOW [proto@0x1044753ae] Rx - Phase 3 Ja capture: emitted 56576 bits using hyp=0
FLOW [proto@0x1044753ae] Rx - primary_channel_rx: baud_rate=0 high_carrier=1 carrier=1804.3Hz agc=0.00078 power=7669038 shaper_sets=640
FLOW [proto@0x1044753ae] Rx - primary_channel_rx: baud_rate=0 high_carrier=1 carrier=1804.2Hz agc=0.00078 power=7713657 shaper_sets=640
FLOW [proto@0x1044753ae] Rx - primary_channel_rx: baud_rate=0 high_carrier=1 carrier=1804.1Hz agc=0.00078 power=7718740 shaper_sets=640
FLOW [proto@0x1044753ae] Rx - Phase 3 WAIT_S heartbeat: dur=4352 demod=0 event=0 j_bits=56702 trn_bits=53640 trn_hint=0/75%
FLOW [proto@0x1044753ae] Rx - primary_channel_rx: baud_rate=0 high_carrier=1 carrier=1804.1Hz agc=0.00078 power=7706764 shaper_sets=640
FLOW [proto@0x1044753ae] Rx - primary_channel_rx: baud_rate=0 high_carrier=1 carrier=1804.2Hz agc=0.00078 power=7696602 shaper_sets=640
FLOW [proto@0x1044753ae] Rx - Phase 3 TRN: best hyp=11 ones=39361/53760 (73%)
FLOW [proto@0x1044753ae] Rx - primary_channel_rx: baud_rate=0 high_carrier=1 carrier=1804.3Hz agc=0.00078 power=7717277 shaper_sets=640
FLOW [proto@0x1044753ae] Rx - Phase 3 Ja capture: emitted 56832 bits using hyp=0
FLOW [proto@0x1044753ae] Rx - primary_channel_rx: baud_rate=0 high_carrier=1 carrier=1804.3Hz agc=0.00078 power=7733864 shaper_sets=640
FLOW [proto@0x1044753ae] Rx - primary_channel_rx: baud_rate=0 high_carrier=1 carrier=1804.2Hz agc=0.00078 power=7720435 shaper_sets=640
FLOW [proto@0x1044753ae] Rx - primary_channel_rx: baud_rate=0 high_carrier=1 carrier=1804.1Hz agc=0.00078 power=7701650 shaper_sets=640
FLOW [proto@0x1044753ae] Rx - primary_channel_rx: baud_rate=0 high_carrier=1 carrier=1804.1Hz agc=0.00078 power=7718320 shaper_sets=640
FLOW [proto@0x1044753ae] Rx - primary_channel_rx: baud_rate=0 high_carrier=1 carrier=1804.2Hz agc=0.00078 power=7735831 shaper_sets=640
FLOW [proto@0x1044753ae] Rx - Phase 3 Ja capture: emitted 57088 bits using hyp=0
FLOW [proto@0x1044753ae] Rx - primary_channel_rx: baud_rate=0 high_carrier=1 carrier=1804.3Hz agc=0.00078 power=7657030 shaper_sets=640
FLOW [proto@0x1044753ae] Rx - primary_channel_rx: baud_rate=0 high_carrier=1 carrier=1804.3Hz agc=0.00078 power=7711127 shaper_sets=640
FLOW [proto@0x1044753ae] Rx - Phase 3 WAIT_S heartbeat: dur=4608 demod=0 event=0 j_bits=57214 trn_bits=54152 trn_hint=0/75%
FLOW [proto@0x1044753ae] Rx - primary_channel_rx: baud_rate=0 high_carrier=1 carrier=1804.2Hz agc=0.00078 power=7711420 shaper_sets=640
FLOW [proto@0x1044753ae] Rx - primary_channel_rx: baud_rate=0 high_carrier=1 carrier=1804.1Hz agc=0.00078 power=7699307 shaper_sets=640
FLOW [proto@0x1044753ae] Rx - primary_channel_rx: baud_rate=0 high_carrier=1 carrier=1804.1Hz agc=0.00078 power=7652620 shaper_sets=640
FLOW [proto@0x1044753ae] Rx - Phase 3 TRN: best hyp=11 ones=39728/54272 (73%)
FLOW [proto@0x1044753ae] Rx - Phase 3 Ja parser input: hyp0 len=57344 bits (stage=10, need ~16340 to parse)
FLOW [proto@0x1044753ae] Rx - Phase 3 Ja capture: emitted 57344 bits using hyp=0
FLOW [proto@0x1044753ae] Rx - primary_channel_rx: baud_rate=0 high_carrier=1 carrier=1804.2Hz agc=0.00078 power=7688753 shaper_sets=640
FLOW [proto@0x1044753ae] Rx - primary_channel_rx: baud_rate=0 high_carrier=1 carrier=1804.3Hz agc=0.00078 power=7664880 shaper_sets=640
FLOW [proto@0x1044753ae] Rx - primary_channel_rx: baud_rate=0 high_carrier=1 carrier=1804.3Hz agc=0.00078 power=7717460 shaper_sets=640
FLOW [proto@0x1044753ae] Rx - primary_channel_rx: baud_rate=0 high_carrier=1 carrier=1804.2Hz agc=0.00078 power=7663761 shaper_sets=640
FLOW [proto@0x1044753ae] Rx - primary_channel_rx: baud_rate=0 high_carrier=1 carrier=1804.1Hz agc=0.00078 power=7658107 shaper_sets=640
FLOW [proto@0x1044753ae] Rx - primary_channel_rx: baud_rate=0 high_carrier=1 carrier=1804.1Hz agc=0.00079 power=7627291 shaper_sets=640
FLOW [proto@0x1044753ae] Rx - Phase 3 Ja capture: emitted 57600 bits using hyp=0
FLOW [proto@0x1044753ae] Rx - primary_channel_rx: baud_rate=0 high_carrier=1 carrier=1804.2Hz agc=0.00079 power=7624721 shaper_sets=640
FLOW [proto@0x1044753ae] Rx - primary_channel_rx: baud_rate=0 high_carrier=1 carrier=1804.3Hz agc=0.00079 power=7626895 shaper_sets=640
FLOW [proto@0x1044753ae] Rx - Phase 3 WAIT_S heartbeat: dur=4864 demod=0 event=0 j_bits=57726 trn_bits=54664 trn_hint=0/75%
FLOW [proto@0x1044753ae] Rx - primary_channel_rx: baud_rate=0 high_carrier=1 carrier=1804.3Hz agc=0.00079 power=7625038 shaper_sets=640
FLOW [proto@0x1044753ae] Rx - primary_channel_rx: baud_rate=0 high_carrier=1 carrier=1804.2Hz agc=0.00079 power=7628108 shaper_sets=640
FLOW [proto@0x1044753ae] Rx - primary_channel_rx: baud_rate=0 high_carrier=1 carrier=1804.1Hz agc=0.00078 power=7644806 shaper_sets=640
FLOW [proto@0x1044753ae] Rx - Phase 3 TRN: best hyp=11 ones=40104/54784 (73%)
FLOW [proto@0x1044753ae] Rx - Phase 3 Ja capture: emitted 57856 bits using hyp=0
FLOW [proto@0x1044753ae] Rx - primary_channel_rx: baud_rate=0 high_carrier=1 carrier=1804.1Hz agc=0.00079 power=7628212 shaper_sets=640
FLOW [proto@0x1044753ae] Rx - primary_channel_rx: baud_rate=0 high_carrier=1 carrier=1804.2Hz agc=0.00079 power=7641353 shaper_sets=640
FLOW [proto@0x1044753ae] Rx - primary_channel_rx: baud_rate=0 high_carrier=1 carrier=1804.3Hz agc=0.00079 power=7625641 shaper_sets=640
FLOW [proto@0x1044753ae] Rx - Phase 3 S baud 5000: mag=1.008 data_bits=3 alt=0/32 stable=0 dom=3:32/32 rev=0/32 counts=0,0,0,32
FLOW [proto@0x1044753ae] Rx - primary_channel_rx: baud_rate=0 high_carrier=1 carrier=1804.3Hz agc=0.00078 power=7642449 shaper_sets=640
FLOW [proto@0x1044753ae] Rx - primary_channel_rx: baud_rate=0 high_carrier=1 carrier=1804.2Hz agc=0.00078 power=7642546 shaper_sets=640
FLOW [proto@0x1044753ae] Rx - Phase 3 Ja capture: emitted 58112 bits using hyp=0
FLOW [proto@0x1044753ae] Rx - primary_channel_rx: baud_rate=0 high_carrier=1 carrier=1804.1Hz agc=0.00078 power=7643832 shaper_sets=640
FLOW [proto@0x1044753ae] Rx - primary_channel_rx: baud_rate=0 high_carrier=1 carrier=1804.2Hz agc=0.00078 power=7643702 shaper_sets=640
FLOW [proto@0x1044753ae] Rx - primary_channel_rx: baud_rate=0 high_carrier=1 carrier=1804.2Hz agc=0.00078 power=7644001 shaper_sets=640
FLOW [proto@0x1044753ae] Rx - Phase 3 WAIT_S heartbeat: dur=5120 demod=0 event=0 j_bits=58238 trn_bits=55176 trn_hint=0/75%
FLOW [proto@0x1044753ae] Rx - primary_channel_rx: baud_rate=0 high_carrier=1 carrier=1804.3Hz agc=0.00079 power=7640793 shaper_sets=640
FLOW [proto@0x1044753ae] Rx - primary_channel_rx: baud_rate=0 high_carrier=1 carrier=1804.3Hz agc=0.00078 power=7642383 shaper_sets=640
FLOW [proto@0x1044753ae] Rx - Phase 3 TRN: best hyp=11 ones=40471/55296 (73%)
FLOW [proto@0x1044753ae] Rx - primary_channel_rx: baud_rate=0 high_carrier=1 carrier=1804.2Hz agc=0.00078 power=7644042 shaper_sets=640
FLOW [proto@0x1044753ae] Rx - Phase 3 Ja capture: emitted 58368 bits using hyp=0
FLOW [proto@0x1044753ae] Rx - primary_channel_rx: baud_rate=0 high_carrier=1 carrier=1804.1Hz agc=0.00078 power=7647261 shaper_sets=640
FLOW [proto@0x1044753ae] Rx - primary_channel_rx: baud_rate=0 high_carrier=1 carrier=1804.2Hz agc=0.00078 power=7649034 shaper_sets=640
FLOW [proto@0x1044753ae] Rx - primary_channel_rx: baud_rate=0 high_carrier=1 carrier=1804.3Hz agc=0.00078 power=7649460 shaper_sets=640
FLOW [proto@0x1044753ae] Rx - primary_channel_rx: baud_rate=0 high_carrier=1 carrier=1804.3Hz agc=0.00079 power=7630569 shaper_sets=640
FLOW [proto@0x1044753ae] Rx - primary_channel_rx: baud_rate=0 high_carrier=1 carrier=1804.3Hz agc=0.00078 power=7642390 shaper_sets=640
FLOW [proto@0x1044753ae] Rx - Phase 3 Ja capture: emitted 58624 bits using hyp=0
FLOW [proto@0x1044753ae] Rx - primary_channel_rx: baud_rate=0 high_carrier=1 carrier=1804.2Hz agc=0.00079 power=7629100 shaper_sets=640
FLOW [proto@0x1044753ae] Rx - primary_channel_rx: baud_rate=0 high_carrier=1 carrier=1804.1Hz agc=0.00079 power=7635976 shaper_sets=640
FLOW [proto@0x1044753ae] Rx - Phase 3 WAIT_S heartbeat: dur=5376 demod=0 event=0 j_bits=58750 trn_bits=55688 trn_hint=0/75%
FLOW [proto@0x1044753ae] Rx - primary_channel_rx: baud_rate=0 high_carrier=1 carrier=1804.2Hz agc=0.00079 power=7621481 shaper_sets=640
FLOW [proto@0x1044753ae] Rx - primary_channel_rx: baud_rate=0 high_carrier=1 carrier=1804.3Hz agc=0.00079 power=7606679 shaper_sets=640
FLOW [proto@0x1044753ae] Rx - primary_channel_rx: baud_rate=0 high_carrier=1 carrier=1804.3Hz agc=0.00079 power=7620310 shaper_sets=640
FLOW [proto@0x1044753ae] Rx - Phase 3 TRN: best hyp=11 ones=40844/55808 (73%)
FLOW [proto@0x1044753ae] Rx - Phase 3 Ja capture: emitted 58880 bits using hyp=0
FLOW [proto@0x1044753ae] Rx - primary_channel_rx: baud_rate=0 high_carrier=1 carrier=1804.3Hz agc=0.00079 power=7613830 shaper_sets=640
FLOW [proto@0x1044753ae] Rx - primary_channel_rx: baud_rate=0 high_carrier=1 carrier=1804.2Hz agc=0.00078 power=7664090 shaper_sets=640
FLOW [proto@0x1044753ae] Rx - primary_channel_rx: baud_rate=0 high_carrier=1 carrier=1804.1Hz agc=0.00078 power=7643901 shaper_sets=640
FLOW [proto@0x1044753ae] Rx - primary_channel_rx: baud_rate=0 high_carrier=1 carrier=1804.2Hz agc=0.00079 power=7627797 shaper_sets=640
FLOW [proto@0x1044753ae] Rx - primary_channel_rx: baud_rate=0 high_carrier=1 carrier=1804.3Hz agc=0.00078 power=7651736 shaper_sets=640
FLOW [proto@0x1044753ae] Rx - primary_channel_rx: baud_rate=0 high_carrier=1 carrier=1804.3Hz agc=0.00078 power=7653491 shaper_sets=640
FLOW [proto@0x1044753ae] Rx - Phase 3 Ja capture: emitted 59136 bits using hyp=0
FLOW [proto@0x1044753ae] Rx - primary_channel_rx: baud_rate=0 high_carrier=1 carrier=1804.3Hz agc=0.00079 power=7624026 shaper_sets=640
FLOW [proto@0x1044753ae] Rx - primary_channel_rx: baud_rate=0 high_carrier=1 carrier=1804.2Hz agc=0.00079 power=7629612 shaper_sets=640
FLOW [proto@0x1044753ae] Rx - Phase 3 WAIT_S heartbeat: dur=5632 demod=0 event=0 j_bits=59262 trn_bits=56200 trn_hint=0/75%
FLOW [proto@0x1044753ae] Rx - primary_channel_rx: baud_rate=0 high_carrier=1 carrier=1804.1Hz agc=0.00078 power=7657591 shaper_sets=640
FLOW [proto@0x1044753ae] Rx - primary_channel_rx: baud_rate=0 high_carrier=1 carrier=1804.2Hz agc=0.00079 power=7626279 shaper_sets=640
FLOW [proto@0x1044753ae] Rx - primary_channel_rx: baud_rate=0 high_carrier=1 carrier=1804.3Hz agc=0.00078 power=7660754 shaper_sets=640
FLOW [proto@0x1044753ae] Rx - Phase 3 TRN: best hyp=11 ones=41217/56320 (73%)
FLOW [proto@0x1044753ae] Rx - Phase 3 Ja parser input: hyp0 len=59392 bits (stage=10, need ~16340 to parse)
FLOW [proto@0x1044753ae] Rx - Phase 3 Ja capture: emitted 59392 bits using hyp=0
FLOW [proto@0x1044753ae] Rx - primary_channel_rx: baud_rate=0 high_carrier=1 carrier=1804.3Hz agc=0.00078 power=7660807 shaper_sets=640
FLOW [proto@0x1044753ae] Rx - primary_channel_rx: baud_rate=0 high_carrier=1 carrier=1804.3Hz agc=0.00078 power=7662488 shaper_sets=640
FLOW [proto@0x1044753ae] Rx - primary_channel_rx: baud_rate=0 high_carrier=1 carrier=1804.2Hz agc=0.00078 power=7662059 shaper_sets=640
FLOW [proto@0x1044753ae] Rx - primary_channel_rx: baud_rate=0 high_carrier=1 carrier=1804.1Hz agc=0.00078 power=7660438 shaper_sets=640
FLOW [proto@0x1044753ae] Rx - primary_channel_rx: baud_rate=0 high_carrier=1 carrier=1804.2Hz agc=0.00078 power=7660613 shaper_sets=640
FLOW [proto@0x1044753ae] Rx - Phase 3 Ja capture: emitted 59648 bits using hyp=0
FLOW [proto@0x1044753ae] Rx - primary_channel_rx: baud_rate=0 high_carrier=1 carrier=1804.3Hz agc=0.00078 power=7660772 shaper_sets=640
FLOW [proto@0x1044753ae] Rx - primary_channel_rx: baud_rate=0 high_carrier=1 carrier=1804.3Hz agc=0.00078 power=7662807 shaper_sets=640
FLOW [proto@0x1044753ae] Rx - primary_channel_rx: baud_rate=0 high_carrier=1 carrier=1804.3Hz agc=0.00078 power=7661047 shaper_sets=640
FLOW [proto@0x1044753ae] Rx - Phase 3 WAIT_S heartbeat: dur=5888 demod=0 event=0 j_bits=59774 trn_bits=56712 trn_hint=0/75%
FLOW [proto@0x1044753ae] Rx - primary_channel_rx: baud_rate=0 high_carrier=1 carrier=1804.2Hz agc=0.00078 power=7658130 shaper_sets=640
FLOW [proto@0x1044753ae] Rx - primary_channel_rx: baud_rate=0 high_carrier=1 carrier=1804.1Hz agc=0.00078 power=7663288 shaper_sets=640
FLOW [proto@0x1044753ae] Rx - Phase 3 TRN: best hyp=11 ones=41589/56832 (73%)
FLOW [proto@0x1044753ae] Rx - primary_channel_rx: baud_rate=0 high_carrier=1 carrier=1804.3Hz agc=0.00078 power=7658553 shaper_sets=640
FLOW [proto@0x1044753ae] Rx - Phase 3 Ja capture: emitted 59904 bits using hyp=0
FLOW [proto@0x1044753ae] Rx - primary_channel_rx: baud_rate=0 high_carrier=1 carrier=1804.3Hz agc=0.00078 power=7658543 shaper_sets=640
FLOW [proto@0x1044753ae] Rx - Phase 3 S baud 6000: mag=1.008 data_bits=3 alt=0/32 stable=0 dom=3:32/32 rev=0/32 counts=0,0,0,32
FLOW [proto@0x1044753ae] Rx - Phase 3: S detect timeout (6000 bauds, alt=0/32 rev=0/32, j_bits=60000 trn_bits=56938 trn_hint=0/75%), continuing search
FLOW [proto@0x1044753ae] Rx - primary_channel_rx: baud_rate=0 high_carrier=1 carrier=1804.3Hz agc=0.00078 power=7651995 shaper_sets=640
FLOW [proto@0x1044753ae] Rx - Phase 3 WAIT_S heartbeat: dur=1 demod=0 event=0 j_bits=60000 trn_bits=56938 trn_hint=0/75%
FLOW [proto@0x1044753ae] Rx - Phase 3 S baud 1: mag=1.018 data_bits=3 alt=0/32 stable=0 dom=3:1/32 rev=0/32 counts=0,0,0,1
FLOW [proto@0x1044753ae] Rx - Phase 3 S baud 2: mag=0.988 data_bits=3 alt=0/32 stable=0 dom=3:2/32 rev=0/32 counts=0,0,0,2
FLOW [proto@0x1044753ae] Rx - Phase 3 S baud 3: mag=0.997 data_bits=3 alt=0/32 stable=0 dom=3:3/32 rev=0/32 counts=0,0,0,3
FLOW [proto@0x1044753ae] Rx - Phase 3 S baud 4: mag=1.033 data_bits=3 alt=0/32 stable=0 dom=3:4/32 rev=0/32 counts=0,0,0,4
FLOW [proto@0x1044753ae] Rx - primary_channel_rx: baud_rate=0 high_carrier=1 carrier=1804.3Hz agc=0.00078 power=7658145 shaper_sets=640
FLOW [proto@0x1044753ae] Rx - primary_channel_rx: baud_rate=0 high_carrier=1 carrier=1804.2Hz agc=0.00078 power=7652056 shaper_sets=640
FLOW [proto@0x1044753ae] Rx - primary_channel_rx: baud_rate=0 high_carrier=1 carrier=1804.2Hz agc=0.00078 power=7652125 shaper_sets=640
FLOW [proto@0x1044753ae] Rx - Phase 3 Ja capture: emitted 60160 bits using hyp=0
FLOW [proto@0x1044753ae] Rx - primary_channel_rx: baud_rate=0 high_carrier=1 carrier=1804.3Hz agc=0.00078 power=7660105 shaper_sets=640
FLOW [proto@0x1044753ae] Rx - primary_channel_rx: baud_rate=0 high_carrier=1 carrier=1804.3Hz agc=0.00078 power=7670114 shaper_sets=640
FLOW [proto@0x1044753ae] Rx - primary_channel_rx: baud_rate=0 high_carrier=1 carrier=1804.3Hz agc=0.00078 power=7670806 shaper_sets=640
FLOW [proto@0x1044753ae] Rx - primary_channel_rx: baud_rate=0 high_carrier=1 carrier=1804.3Hz agc=0.00078 power=7671088 shaper_sets=640
FLOW [proto@0x1044753ae] Rx - primary_channel_rx: baud_rate=0 high_carrier=1 carrier=1804.1Hz agc=0.00078 power=7670862 shaper_sets=640
FLOW [proto@0x1044753ae] Rx - Phase 3 Ja capture: emitted 60416 bits using hyp=0
FLOW [proto@0x1044753ae] Rx - primary_channel_rx: baud_rate=0 high_carrier=1 carrier=1804.2Hz agc=0.00078 power=7670468 shaper_sets=640
FLOW [proto@0x1044753ae] Rx - primary_channel_rx: baud_rate=0 high_carrier=1 carrier=1804.3Hz agc=0.00078 power=7674651 shaper_sets=640
FLOW [proto@0x1044753ae] Rx - Phase 3 WAIT_S heartbeat: dur=256 demod=0 event=0 j_bits=60510 trn_bits=56938 trn_hint=0/75%
FLOW [proto@0x1044753ae] Rx - primary_channel_rx: baud_rate=0 high_carrier=1 carrier=1804.3Hz agc=0.00078 power=7665097 shaper_sets=640
FLOW [proto@0x1044753ae] Rx - primary_channel_rx: baud_rate=0 high_carrier=1 carrier=1804.3Hz agc=0.00078 power=7668325 shaper_sets=640
FLOW [proto@0x1044753ae] Rx - primary_channel_rx: baud_rate=0 high_carrier=1 carrier=1804.2Hz agc=0.00078 power=7666127 shaper_sets=640
FLOW [proto@0x1044753ae] Rx - primary_channel_rx: baud_rate=0 high_carrier=1 carrier=1804.1Hz agc=0.00078 power=7665573 shaper_sets=640
FLOW [proto@0x1044753ae] Rx - Phase 3 Ja capture: emitted 60672 bits using hyp=0
FLOW [proto@0x1044753ae] Rx - primary_channel_rx: baud_rate=0 high_carrier=1 carrier=1804.2Hz agc=0.00078 power=7665973 shaper_sets=640
FLOW [proto@0x1044753ae] Rx - primary_channel_rx: baud_rate=0 high_carrier=1 carrier=1804.3Hz agc=0.00078 power=7664381 shaper_sets=640
FLOW [proto@0x1044753ae] Rx - primary_channel_rx: baud_rate=0 high_carrier=1 carrier=1804.3Hz agc=0.00078 power=7666047 shaper_sets=640
FLOW [proto@0x1044753ae] Rx - primary_channel_rx: baud_rate=0 high_carrier=1 carrier=1804.3Hz agc=0.00078 power=7666819 shaper_sets=640
FLOW [proto@0x1044753ae] Rx - primary_channel_rx: baud_rate=0 high_carrier=1 carrier=1804.2Hz agc=0.00078 power=7682085 shaper_sets=640
FLOW [proto@0x1044753ae] Rx - Phase 3 TRN: best hyp=11 ones=41957/57344 (73%)
FLOW [proto@0x1044753ae] Rx - Phase 3 Ja capture: emitted 60928 bits using hyp=0
FLOW [proto@0x1044753ae] Rx - primary_channel_rx: baud_rate=0 high_carrier=1 carrier=1804.1Hz agc=0.00078 power=7666854 shaper_sets=640
FLOW [proto@0x1044753ae] Rx - primary_channel_rx: baud_rate=0 high_carrier=1 carrier=1804.2Hz agc=0.00078 power=7673479 shaper_sets=640
FLOW [proto@0x1044753ae] Rx - Phase 3 WAIT_S heartbeat: dur=512 demod=0 event=0 j_bits=61022 trn_bits=57450 trn_hint=0/75%
FLOW [proto@0x1044753ae] Rx - primary_channel_rx: baud_rate=0 high_carrier=1 carrier=1804.3Hz agc=0.00078 power=7667384 shaper_sets=640
FLOW [proto@0x1044753ae] Rx - primary_channel_rx: baud_rate=0 high_carrier=1 carrier=1804.4Hz agc=0.00078 power=7688844 shaper_sets=640
FLOW [proto@0x1044753ae] Rx - primary_channel_rx: baud_rate=0 high_carrier=1 carrier=1804.3Hz agc=0.00078 power=7663180 shaper_sets=640
FLOW [proto@0x1044753ae] Rx - Phase 3 Ja capture: emitted 61184 bits using hyp=0
FLOW [proto@0x1044753ae] Rx - primary_channel_rx: baud_rate=0 high_carrier=1 carrier=1804.2Hz agc=0.00078 power=7687513 shaper_sets=640
FLOW [proto@0x1044753ae] Rx - primary_channel_rx: baud_rate=0 high_carrier=1 carrier=1804.1Hz agc=0.00078 power=7689597 shaper_sets=640
FLOW [proto@0x1044753ae] Rx - primary_channel_rx: baud_rate=0 high_carrier=1 carrier=1804.3Hz agc=0.00078 power=7685010 shaper_sets=640
FLOW [proto@0x1044753ae] Rx - primary_channel_rx: baud_rate=0 high_carrier=1 carrier=1804.3Hz agc=0.00078 power=7722107 shaper_sets=640
FLOW [proto@0x1044753ae] Rx - primary_channel_rx: baud_rate=0 high_carrier=1 carrier=1804.4Hz agc=0.00078 power=7700912 shaper_sets=640
FLOW [proto@0x1044753ae] Rx - Phase 3 TRN: best hyp=11 ones=42327/57856 (73%)
FLOW [proto@0x1044753ae] Rx - primary_channel_rx: baud_rate=0 high_carrier=1 carrier=1804.3Hz agc=0.00078 power=7759255 shaper_sets=640
FLOW [proto@0x1044753ae] Rx - Phase 3 Ja parser input: hyp0 len=61440 bits (stage=10, need ~16340 to parse)
FLOW [proto@0x1044753ae] Rx - Phase 3 Ja capture: emitted 61440 bits using hyp=0
FLOW [proto@0x1044753ae] Rx - primary_channel_rx: baud_rate=0 high_carrier=1 carrier=1804.2Hz agc=0.00078 power=7704002 shaper_sets=640
FLOW [proto@0x1044753ae] Rx - Phase 3 WAIT_S heartbeat: dur=768 demod=0 event=0 j_bits=61534 trn_bits=57962 trn_hint=0/75%
FLOW [proto@0x1044753ae] Rx - primary_channel_rx: baud_rate=0 high_carrier=1 carrier=1804.2Hz agc=0.00078 power=7754147 shaper_sets=640
FLOW [proto@0x1044753ae] Rx - primary_channel_rx: baud_rate=0 high_carrier=1 carrier=1804.3Hz agc=0.00078 power=7685393 shaper_sets=640
FLOW [proto@0x1044753ae] Rx - primary_channel_rx: baud_rate=0 high_carrier=1 carrier=1804.4Hz agc=0.00078 power=7727536 shaper_sets=640
FLOW [proto@0x1044753ae] Rx - primary_channel_rx: baud_rate=0 high_carrier=1 carrier=1804.4Hz agc=0.00078 power=7728714 shaper_sets=640
FLOW [proto@0x1044753ae] Rx - Phase 3 Ja capture: emitted 61696 bits using hyp=0
FLOW [proto@0x1044753ae] Rx - primary_channel_rx: baud_rate=0 high_carrier=1 carrier=1804.3Hz agc=0.00078 power=7719200 shaper_sets=640
FLOW [proto@0x1044753ae] Rx - primary_channel_rx: baud_rate=0 high_carrier=1 carrier=1804.2Hz agc=0.00078 power=7734229 shaper_sets=640
FLOW [proto@0x1044753ae] Rx - primary_channel_rx: baud_rate=0 high_carrier=1 carrier=1804.2Hz agc=0.00078 power=7717143 shaper_sets=640
FLOW [proto@0x1044753ae] Rx - primary_channel_rx: baud_rate=0 high_carrier=1 carrier=1804.3Hz agc=0.00078 power=7731090 shaper_sets=640
FLOW [proto@0x1044753ae] Rx - primary_channel_rx: baud_rate=0 high_carrier=1 carrier=1804.4Hz agc=0.00078 power=7717928 shaper_sets=640
FLOW [proto@0x1044753ae] Rx - Phase 3 TRN: best hyp=11 ones=42697/58368 (73%)
FLOW [proto@0x1044753ae] Rx - Phase 3 Ja capture: emitted 61952 bits using hyp=0
FLOW [proto@0x1044753ae] Rx - primary_channel_rx: baud_rate=0 high_carrier=1 carrier=1804.4Hz agc=0.00078 power=7713616 shaper_sets=640
FLOW [proto@0x1044753ae] Rx - Phase 3 S baud 1000: mag=1.008 data_bits=3 alt=0/32 stable=0 dom=3:32/32 rev=0/32 counts=0,0,0,32
FLOW [proto@0x1044753ae] Rx - primary_channel_rx: baud_rate=0 high_carrier=1 carrier=1804.3Hz agc=0.00078 power=7717154 shaper_sets=640
FLOW [proto@0x1044753ae] Rx - Phase 3 WAIT_S heartbeat: dur=1024 demod=0 event=0 j_bits=62046 trn_bits=58474 trn_hint=0/75%
FLOW [proto@0x1044753ae] Rx - primary_channel_rx: baud_rate=0 high_carrier=1 carrier=1804.2Hz agc=0.00078 power=7715896 shaper_sets=640
FLOW [proto@0x1044753ae] Rx - primary_channel_rx: baud_rate=0 high_carrier=1 carrier=1804.3Hz agc=0.00078 power=7699108 shaper_sets=640
FLOW [proto@0x1044753ae] Rx - primary_channel_rx: baud_rate=0 high_carrier=1 carrier=1804.4Hz agc=0.00078 power=7715783 shaper_sets=640
FLOW [proto@0x1044753ae] Rx - primary_channel_rx: baud_rate=0 high_carrier=1 carrier=1804.4Hz agc=0.00078 power=7717662 shaper_sets=640
FLOW [proto@0x1044753ae] Rx - Phase 3 Ja capture: emitted 62208 bits using hyp=0
FLOW [proto@0x1044753ae] Rx - primary_channel_rx: baud_rate=0 high_carrier=1 carrier=1804.4Hz agc=0.00078 power=7672257 shaper_sets=640
FLOW [proto@0x1044753ae] Rx - primary_channel_rx: baud_rate=0 high_carrier=1 carrier=1804.3Hz agc=0.00078 power=7718870 shaper_sets=640
FLOW [proto@0x1044753ae] Rx - primary_channel_rx: baud_rate=0 high_carrier=1 carrier=1804.2Hz agc=0.00078 power=7701443 shaper_sets=640
FLOW [proto@0x1044753ae] Rx - primary_channel_rx: baud_rate=0 high_carrier=1 carrier=1804.3Hz agc=0.00078 power=7673051 shaper_sets=640
FLOW [proto@0x1044753ae] Rx - primary_channel_rx: baud_rate=0 high_carrier=1 carrier=1804.4Hz agc=0.00078 power=7675534 shaper_sets=640
FLOW [proto@0x1044753ae] Rx - Phase 3 TRN: best hyp=11 ones=43068/58880 (73%)
FLOW [proto@0x1044753ae] Rx - Phase 3 Ja capture: emitted 62464 bits using hyp=0
FLOW [proto@0x1044753ae] Rx - primary_channel_rx: baud_rate=0 high_carrier=1 carrier=1804.4Hz agc=0.00078 power=7685745 shaper_sets=640
FLOW [proto@0x1044753ae] Rx - primary_channel_rx: baud_rate=0 high_carrier=1 carrier=1804.4Hz agc=0.00078 power=7671292 shaper_sets=640
FLOW [proto@0x1044753ae] Rx - Phase 3 WAIT_S heartbeat: dur=1280 demod=0 event=0 j_bits=62558 trn_bits=58986 trn_hint=0/75%
FLOW [proto@0x1044753ae] Rx - primary_channel_rx: baud_rate=0 high_carrier=1 carrier=1804.3Hz agc=0.00078 power=7679469 shaper_sets=640
FLOW [proto@0x1044753ae] Rx - primary_channel_rx: baud_rate=0 high_carrier=1 carrier=1804.2Hz agc=0.00078 power=7683471 shaper_sets=640
FLOW [proto@0x1044753ae] Rx - primary_channel_rx: baud_rate=0 high_carrier=1 carrier=1804.3Hz agc=0.00078 power=7681363 shaper_sets=640
FLOW [proto@0x1044753ae] Rx - Phase 3 Ja capture: emitted 62720 bits using hyp=0
FLOW [proto@0x1044753ae] Rx - primary_channel_rx: baud_rate=0 high_carrier=1 carrier=1804.4Hz agc=0.00078 power=7681597 shaper_sets=640
FLOW [proto@0x1044753ae] Rx - primary_channel_rx: baud_rate=0 high_carrier=1 carrier=1804.4Hz agc=0.00078 power=7683076 shaper_sets=640
FLOW [proto@0x1044753ae] Rx - primary_channel_rx: baud_rate=0 high_carrier=1 carrier=1804.4Hz agc=0.00078 power=7712737 shaper_sets=640
FLOW [proto@0x1044753ae] Rx - primary_channel_rx: baud_rate=0 high_carrier=1 carrier=1804.3Hz agc=0.00078 power=7703447 shaper_sets=640
FLOW [proto@0x1044753ae] Rx - primary_channel_rx: baud_rate=0 high_carrier=1 carrier=1804.2Hz agc=0.00078 power=7707454 shaper_sets=640
FLOW [proto@0x1044753ae] Rx - Phase 3 TRN: best hyp=11 ones=43435/59392 (73%)
FLOW [proto@0x1044753ae] Rx - primary_channel_rx: baud_rate=0 high_carrier=1 carrier=1804.4Hz agc=0.00078 power=7713281 shaper_sets=640
FLOW [proto@0x1044753ae] Rx - Phase 3 Ja capture: emitted 62976 bits using hyp=0
FLOW [proto@0x1044753ae] Rx - primary_channel_rx: baud_rate=0 high_carrier=1 carrier=1804.4Hz agc=0.00078 power=7701293 shaper_sets=640
FLOW [proto@0x1044753ae] Rx - Phase 3 WAIT_S heartbeat: dur=1536 demod=0 event=0 j_bits=63070 trn_bits=59498 trn_hint=0/75%
FLOW [proto@0x1044753ae] Rx - primary_channel_rx: baud_rate=0 high_carrier=1 carrier=1804.4Hz agc=0.00078 power=7707160 shaper_sets=640
FLOW [proto@0x1044753ae] Rx - primary_channel_rx: baud_rate=0 high_carrier=1 carrier=1804.4Hz agc=0.00078 power=7698019 shaper_sets=640
FLOW [proto@0x1044753ae] Rx - primary_channel_rx: baud_rate=0 high_carrier=1 carrier=1804.2Hz agc=0.00078 power=7701106 shaper_sets=640
FLOW [proto@0x1044753ae] Rx - primary_channel_rx: baud_rate=0 high_carrier=1 carrier=1804.3Hz agc=0.00078 power=7690881 shaper_sets=640
FLOW [proto@0x1044753ae] Rx - Phase 3 Ja capture: emitted 63232 bits using hyp=0
FLOW [proto@0x1044753ae] Rx - primary_channel_rx: baud_rate=0 high_carrier=1 carrier=1804.4Hz agc=0.00078 power=7690823 shaper_sets=640
FLOW [proto@0x1044753ae] Rx - primary_channel_rx: baud_rate=0 high_carrier=1 carrier=1804.4Hz agc=0.00078 power=7695369 shaper_sets=640
FLOW [proto@0x1044753ae] Rx - primary_channel_rx: baud_rate=0 high_carrier=1 carrier=1804.4Hz agc=0.00078 power=7705128 shaper_sets=640
FLOW [proto@0x1044753ae] Rx - primary_channel_rx: baud_rate=0 high_carrier=1 carrier=1804.3Hz agc=0.00078 power=7690809 shaper_sets=640
FLOW [proto@0x1044753ae] Rx - primary_channel_rx: baud_rate=0 high_carrier=1 carrier=1804.2Hz agc=0.00078 power=7704469 shaper_sets=640
FLOW [proto@0x1044753ae] Rx - Phase 3 TRN: best hyp=11 ones=43810/59904 (73%)
FLOW [proto@0x1044753ae] Rx - Phase 3 Ja parser input: hyp0 len=63488 bits (stage=10, need ~16340 to parse)
FLOW [proto@0x1044753ae] Rx - Phase 3 Ja capture: emitted 63488 bits using hyp=0
FLOW [proto@0x1044753ae] Rx - primary_channel_rx: baud_rate=0 high_carrier=1 carrier=1804.3Hz agc=0.00078 power=7703701 shaper_sets=640
FLOW [proto@0x1044753ae] Rx - primary_channel_rx: baud_rate=0 high_carrier=1 carrier=1804.4Hz agc=0.00078 power=7691582 shaper_sets=640
FLOW [proto@0x1044753ae] Rx - Phase 3 WAIT_S heartbeat: dur=1792 demod=0 event=0 j_bits=63582 trn_bits=60010 trn_hint=0/75%
FLOW [proto@0x1044753ae] Rx - primary_channel_rx: baud_rate=0 high_carrier=1 carrier=1804.5Hz agc=0.00078 power=7705028 shaper_sets=640
FLOW [proto@0x1044753ae] Rx - primary_channel_rx: baud_rate=0 high_carrier=1 carrier=1804.4Hz agc=0.00078 power=7693662 shaper_sets=640
FLOW [proto@0x1044753ae] Rx - primary_channel_rx: baud_rate=0 high_carrier=1 carrier=1804.3Hz agc=0.00078 power=7695789 shaper_sets=640
FLOW [proto@0x1044753ae] Rx - primary_channel_rx: baud_rate=0 high_carrier=1 carrier=1804.3Hz agc=0.00078 power=7721513 shaper_sets=640
FLOW [proto@0x1044753ae] Rx - Phase 3 Ja capture: emitted 63744 bits using hyp=0
FLOW [proto@0x1044753ae] Rx - primary_channel_rx: baud_rate=0 high_carrier=1 carrier=1804.4Hz agc=0.00078 power=7667318 shaper_sets=640
FLOW [proto@0x1044753ae] Rx - primary_channel_rx: baud_rate=0 high_carrier=1 carrier=1804.5Hz agc=0.00078 power=7675415 shaper_sets=640
FLOW [proto@0x1044753ae] Rx - primary_channel_rx: baud_rate=0 high_carrier=1 carrier=1804.5Hz agc=0.00078 power=7672286 shaper_sets=640
FLOW [proto@0x1044753ae] Rx - primary_channel_rx: baud_rate=0 high_carrier=1 carrier=1804.4Hz agc=0.00078 power=7727844 shaper_sets=640
FLOW [proto@0x1044753ae] Rx - primary_channel_rx: baud_rate=0 high_carrier=1 carrier=1804.3Hz agc=0.00078 power=7668710 shaper_sets=640
FLOW [proto@0x1044753ae] Rx - Phase 3 TRN: best hyp=11 ones=44187/60416 (73%)
FLOW [proto@0x1044753ae] Rx - Phase 3 S baud 2000: mag=0.984 data_bits=3 alt=0/32 stable=0 dom=3:32/32 rev=0/32 counts=0,0,0,32
FLOW [proto@0x1044753ae] Rx - Phase 3 Ja capture: emitted 64000 bits using hyp=0
FLOW [proto@0x1044753ae] Rx - primary_channel_rx: baud_rate=0 high_carrier=1 carrier=1804.3Hz agc=0.00078 power=7675338 shaper_sets=640
FLOW [proto@0x1044753ae] Rx - primary_channel_rx: baud_rate=0 high_carrier=1 carrier=1804.4Hz agc=0.00078 power=7668408 shaper_sets=640
FLOW [proto@0x1044753ae] Rx - Phase 3 WAIT_S heartbeat: dur=2048 demod=0 event=0 j_bits=64094 trn_bits=60522 trn_hint=0/75%
FLOW [proto@0x1044753ae] Rx - primary_channel_rx: baud_rate=0 high_carrier=1 carrier=1804.5Hz agc=0.00078 power=7676078 shaper_sets=640
FLOW [proto@0x1044753ae] Rx - primary_channel_rx: baud_rate=0 high_carrier=1 carrier=1804.5Hz agc=0.00078 power=7667664 shaper_sets=640
FLOW [proto@0x1044753ae] Rx - primary_channel_rx: baud_rate=0 high_carrier=1 carrier=1804.4Hz agc=0.00078 power=7676119 shaper_sets=640
FLOW [proto@0x1044753ae] Rx - Phase 3 Ja capture: emitted 64256 bits using hyp=0
FLOW [proto@0x1044753ae] Rx - primary_channel_rx: baud_rate=0 high_carrier=1 carrier=1804.3Hz agc=0.00078 power=7669114 shaper_sets=640
FLOW [proto@0x1044753ae] Rx - primary_channel_rx: baud_rate=0 high_carrier=1 carrier=1804.4Hz agc=0.00078 power=7685190 shaper_sets=640
FLOW [proto@0x1044753ae] Rx - primary_channel_rx: baud_rate=0 high_carrier=1 carrier=1804.5Hz agc=0.00078 power=7674706 shaper_sets=640
FLOW [proto@0x1044753ae] Rx - primary_channel_rx: baud_rate=0 high_carrier=1 carrier=1804.5Hz agc=0.00078 power=7682276 shaper_sets=640
FLOW [proto@0x1044753ae] Rx - primary_channel_rx: baud_rate=0 high_carrier=1 carrier=1804.5Hz agc=0.00078 power=7682653 shaper_sets=640
FLOW [proto@0x1044753ae] Rx - Phase 3 TRN: best hyp=2 ones=44556/60928 (73%)
FLOW [proto@0x1044753ae] Rx - primary_channel_rx: baud_rate=0 high_carrier=1 carrier=1804.4Hz agc=0.00078 power=7677639 shaper_sets=640
FLOW [proto@0x1044753ae] Rx - Phase 3 Ja capture: emitted 64512 bits using hyp=0
FLOW [proto@0x1044753ae] Rx - primary_channel_rx: baud_rate=0 high_carrier=1 carrier=1804.3Hz agc=0.00078 power=7680284 shaper_sets=640
FLOW [proto@0x1044753ae] Rx - Phase 3 WAIT_S heartbeat: dur=2304 demod=0 event=0 j_bits=64606 trn_bits=61034 trn_hint=0/75%
FLOW [proto@0x1044753ae] Rx - primary_channel_rx: baud_rate=0 high_carrier=1 carrier=1804.4Hz agc=0.00078 power=7674691 shaper_sets=640
FLOW [proto@0x1044753ae] Rx - primary_channel_rx: baud_rate=0 high_carrier=1 carrier=1804.5Hz agc=0.00078 power=7680090 shaper_sets=640
FLOW [proto@0x1044753ae] Rx - primary_channel_rx: baud_rate=0 high_carrier=1 carrier=1804.5Hz agc=0.00078 power=7675591 shaper_sets=640
FLOW [proto@0x1044753ae] Rx - primary_channel_rx: baud_rate=0 high_carrier=1 carrier=1804.4Hz agc=0.00078 power=7692506 shaper_sets=640
FLOW [proto@0x1044753ae] Rx - Phase 3 Ja capture: emitted 64768 bits using hyp=0
FLOW [proto@0x1044753ae] Rx - primary_channel_rx: baud_rate=0 high_carrier=1 carrier=1804.3Hz agc=0.00078 power=7697439 shaper_sets=640
FLOW [proto@0x1044753ae] Rx - primary_channel_rx: baud_rate=0 high_carrier=1 carrier=1804.3Hz agc=0.00078 power=7699120 shaper_sets=640
FLOW [proto@0x1044753ae] Rx - primary_channel_rx: baud_rate=0 high_carrier=1 carrier=1804.4Hz agc=0.00078 power=7697627 shaper_sets=640
FLOW [proto@0x1044753ae] Rx - primary_channel_rx: baud_rate=0 high_carrier=1 carrier=1804.5Hz agc=0.00078 power=7698592 shaper_sets=640
FLOW [proto@0x1044753ae] Rx - primary_channel_rx: baud_rate=0 high_carrier=1 carrier=1804.5Hz agc=0.00078 power=7696490 shaper_sets=640
FLOW [proto@0x1044753ae] Rx - Phase 3 TRN: best hyp=2 ones=44924/61440 (73%)
FLOW [proto@0x1044753ae] Rx - Phase 3 Ja capture: emitted 65024 bits using hyp=0
FLOW [proto@0x1044753ae] Rx - primary_channel_rx: baud_rate=0 high_carrier=1 carrier=1804.4Hz agc=0.00078 power=7702767 shaper_sets=640
FLOW [proto@0x1044753ae] Rx - primary_channel_rx: baud_rate=0 high_carrier=1 carrier=1804.3Hz agc=0.00078 power=7683772 shaper_sets=640
FLOW [proto@0x1044753ae] Rx - Phase 3 WAIT_S heartbeat: dur=2560 demod=0 event=0 j_bits=65118 trn_bits=61546 trn_hint=0/75%
FLOW [proto@0x1044753ae] Rx - primary_channel_rx: baud_rate=0 high_carrier=1 carrier=1804.4Hz agc=0.00078 power=7697526 shaper_sets=640
FLOW [proto@0x1044753ae] Rx - primary_channel_rx: baud_rate=0 high_carrier=1 carrier=1804.5Hz agc=0.00078 power=7723196 shaper_sets=640
FLOW [proto@0x1044753ae] Rx - primary_channel_rx: baud_rate=0 high_carrier=1 carrier=1804.5Hz agc=0.00078 power=7663386 shaper_sets=640
FLOW [proto@0x1044753ae] Rx - primary_channel_rx: baud_rate=0 high_carrier=1 carrier=1804.5Hz agc=0.00078 power=7689244 shaper_sets=640
FLOW [proto@0x1044753ae] Rx - Phase 3 Ja capture: emitted 65280 bits using hyp=0
FLOW [proto@0x1044753ae] Rx - primary_channel_rx: baud_rate=0 high_carrier=1 carrier=1804.4Hz agc=0.00078 power=7663190 shaper_sets=640
FLOW [proto@0x1044753ae] Rx - primary_channel_rx: baud_rate=0 high_carrier=1 carrier=1804.3Hz agc=0.00078 power=7663514 shaper_sets=640
FLOW [proto@0x1044753ae] Rx - primary_channel_rx: baud_rate=0 high_carrier=1 carrier=1804.4Hz agc=0.00078 power=7661794 shaper_sets=640
FLOW [proto@0x1044753ae] Rx - primary_channel_rx: baud_rate=0 high_carrier=1 carrier=1804.5Hz agc=0.00078 power=7702709 shaper_sets=640
FLOW [proto@0x1044753ae] Rx - primary_channel_rx: baud_rate=0 high_carrier=1 carrier=1804.5Hz agc=0.00078 power=7662314 shaper_sets=640
FLOW [proto@0x1044753ae] Rx - Phase 3 TRN: best hyp=11 ones=45293/61952 (73%)
FLOW [proto@0x1044753ae] Rx - Phase 3 Ja parser input: hyp0 len=65536 bits (stage=10, need ~16340 to parse)
FLOW [proto@0x1044753ae] Rx - Phase 3 Ja capture: emitted 65536 bits using hyp=0
FLOW [proto@0x1044753ae] Rx - primary_channel_rx: baud_rate=0 high_carrier=1 carrier=1804.4Hz agc=0.00078 power=7704454 shaper_sets=640
FLOW [proto@0x1044753ae] Rx - primary_channel_rx: baud_rate=0 high_carrier=1 carrier=1804.3Hz agc=0.00078 power=7703836 shaper_sets=640
FLOW [proto@0x1044753ae] Rx - Phase 3 WAIT_S heartbeat: dur=2816 demod=0 event=0 j_bits=65630 trn_bits=62058 trn_hint=0/75%
FLOW [proto@0x1044753ae] Rx - primary_channel_rx: baud_rate=0 high_carrier=1 carrier=1804.4Hz agc=0.00078 power=7674613 shaper_sets=640
FLOW [proto@0x1044753ae] Rx - primary_channel_rx: baud_rate=0 high_carrier=1 carrier=1804.5Hz agc=0.00078 power=7660570 shaper_sets=640
FLOW [proto@0x1044753ae] Rx - primary_channel_rx: baud_rate=0 high_carrier=1 carrier=1804.5Hz agc=0.00078 power=7709377 shaper_sets=640
FLOW [proto@0x1044753ae] Rx - Phase 3 Ja capture: emitted 65792 bits using hyp=0
FLOW [proto@0x1044753ae] Rx - primary_channel_rx: baud_rate=0 high_carrier=1 carrier=1804.5Hz agc=0.00078 power=7656661 shaper_sets=640
FLOW [proto@0x1044753ae] Rx - primary_channel_rx: baud_rate=0 high_carrier=1 carrier=1804.4Hz agc=0.00078 power=7708396 shaper_sets=640
FLOW [proto@0x1044753ae] Rx - primary_channel_rx: baud_rate=0 high_carrier=1 carrier=1804.3Hz agc=0.00078 power=7708536 shaper_sets=640
FLOW [proto@0x1044753ae] Rx - primary_channel_rx: baud_rate=0 high_carrier=1 carrier=1804.4Hz agc=0.00078 power=7705788 shaper_sets=640
FLOW [proto@0x1044753ae] Rx - Phase 3 S baud 3000: mag=0.999 data_bits=3 alt=0/32 stable=0 dom=3:32/32 rev=0/32 counts=0,0,0,32
FLOW [proto@0x1044753ae] Rx - primary_channel_rx: baud_rate=0 high_carrier=1 carrier=1804.5Hz agc=0.00078 power=7667236 shaper_sets=640
FLOW [proto@0x1044753ae] Rx - Phase 3 TRN: best hyp=11 ones=45662/62464 (73%)
FLOW [proto@0x1044753ae] Rx - primary_channel_rx: baud_rate=0 high_carrier=1 carrier=1804.5Hz agc=0.00078 power=7707685 shaper_sets=640
FLOW [proto@0x1044753ae] Rx - Phase 3 Ja capture: emitted 66048 bits using hyp=0
FLOW [proto@0x1044753ae] Rx - primary_channel_rx: baud_rate=0 high_carrier=1 carrier=1804.5Hz agc=0.00078 power=7663427 shaper_sets=640
FLOW [proto@0x1044753ae] Rx - Phase 3 WAIT_S heartbeat: dur=3072 demod=0 event=0 j_bits=66142 trn_bits=62570 trn_hint=0/75%
FLOW [proto@0x1044753ae] Rx - primary_channel_rx: baud_rate=0 high_carrier=1 carrier=1804.4Hz agc=0.00078 power=7700847 shaper_sets=640
FLOW [proto@0x1044753ae] Rx - primary_channel_rx: baud_rate=0 high_carrier=1 carrier=1804.4Hz agc=0.00078 power=7684943 shaper_sets=640
FLOW [proto@0x1044753ae] Rx - primary_channel_rx: baud_rate=0 high_carrier=1 carrier=1804.5Hz agc=0.00078 power=7695932 shaper_sets=640
FLOW [proto@0x1044753ae] Rx - primary_channel_rx: baud_rate=0 high_carrier=1 carrier=1804.5Hz agc=0.00078 power=7724045 shaper_sets=640
FLOW [proto@0x1044753ae] Rx - Phase 3 Ja capture: emitted 66304 bits using hyp=0
FLOW [proto@0x1044753ae] Rx - primary_channel_rx: baud_rate=0 high_carrier=1 carrier=1804.5Hz agc=0.00078 power=7702242 shaper_sets=640
FLOW [proto@0x1044753ae] Rx - primary_channel_rx: baud_rate=0 high_carrier=1 carrier=1804.5Hz agc=0.00078 power=7719840 shaper_sets=640
FLOW [proto@0x1044753ae] Rx - primary_channel_rx: baud_rate=0 high_carrier=1 carrier=1804.4Hz agc=0.00078 power=7716776 shaper_sets=640
FLOW [proto@0x1044753ae] Rx - primary_channel_rx: baud_rate=0 high_carrier=1 carrier=1804.4Hz agc=0.00078 power=7753626 shaper_sets=640
FLOW [proto@0x1044753ae] Rx - primary_channel_rx: baud_rate=0 high_carrier=1 carrier=1804.5Hz agc=0.00078 power=7739641 shaper_sets=640
FLOW [proto@0x1044753ae] Rx - Phase 3 TRN: best hyp=11 ones=46031/62976 (73%)
FLOW [proto@0x1044753ae] Rx - Phase 3 Ja capture: emitted 66560 bits using hyp=0
FLOW [proto@0x1044753ae] Rx - primary_channel_rx: baud_rate=0 high_carrier=1 carrier=1804.5Hz agc=0.00078 power=7743032 shaper_sets=640
FLOW [proto@0x1044753ae] Rx - primary_channel_rx: baud_rate=0 high_carrier=1 carrier=1804.5Hz agc=0.00078 power=7728856 shaper_sets=640
FLOW [proto@0x1044753ae] Rx - Phase 3 WAIT_S heartbeat: dur=3328 demod=0 event=0 j_bits=66654 trn_bits=63082 trn_hint=0/75%
FLOW [proto@0x1044753ae] Rx - primary_channel_rx: baud_rate=0 high_carrier=1 carrier=1804.4Hz agc=0.00078 power=7731113 shaper_sets=640
FLOW [proto@0x1044753ae] Rx - primary_channel_rx: baud_rate=0 high_carrier=1 carrier=1804.4Hz agc=0.00078 power=7727726 shaper_sets=640
FLOW [proto@0x1044753ae] Rx - primary_channel_rx: baud_rate=0 high_carrier=1 carrier=1804.5Hz agc=0.00078 power=7732317 shaper_sets=640
FLOW [proto@0x1044753ae] Rx - primary_channel_rx: baud_rate=0 high_carrier=1 carrier=1804.6Hz agc=0.00078 power=7790239 shaper_sets=640
FLOW [proto@0x1044753ae] Rx - Phase 3 Ja capture: emitted 66816 bits using hyp=0
FLOW [proto@0x1044753ae] Rx - primary_channel_rx: baud_rate=0 high_carrier=1 carrier=1804.6Hz agc=0.00078 power=7737532 shaper_sets=640
FLOW [proto@0x1044753ae] Rx - primary_channel_rx: baud_rate=0 high_carrier=1 carrier=1804.5Hz agc=0.00078 power=7800919 shaper_sets=640
FLOW [proto@0x1044753ae] Rx - primary_channel_rx: baud_rate=0 high_carrier=1 carrier=1804.4Hz agc=0.00078 power=7801968 shaper_sets=640
FLOW [proto@0x1044753ae] Rx - primary_channel_rx: baud_rate=0 high_carrier=1 carrier=1804.4Hz agc=0.00078 power=7801770 shaper_sets=640
FLOW [proto@0x1044753ae] Rx - primary_channel_rx: baud_rate=0 high_carrier=1 carrier=1804.5Hz agc=0.00078 power=7802079 shaper_sets=640
FLOW [proto@0x1044753ae] Rx - Phase 3 TRN: best hyp=2 ones=46400/63488 (73%)
FLOW [proto@0x1044753ae] Rx - Phase 3 Ja capture: emitted 67072 bits using hyp=0
FLOW [proto@0x1044753ae] Rx - primary_channel_rx: baud_rate=0 high_carrier=1 carrier=1804.6Hz agc=0.00078 power=7802845 shaper_sets=640
FLOW [proto@0x1044753ae] Rx - primary_channel_rx: baud_rate=0 high_carrier=1 carrier=1804.5Hz agc=0.00078 power=7800486 shaper_sets=640
FLOW [proto@0x1044753ae] Rx - Phase 3 WAIT_S heartbeat: dur=3584 demod=0 event=0 j_bits=67166 trn_bits=63594 trn_hint=0/75%
FLOW [proto@0x1044753ae] Rx - primary_channel_rx: baud_rate=0 high_carrier=1 carrier=1804.5Hz agc=0.00078 power=7811309 shaper_sets=640
FLOW [proto@0x1044753ae] Rx - primary_channel_rx: baud_rate=0 high_carrier=1 carrier=1804.4Hz agc=0.00078 power=7800885 shaper_sets=640
FLOW [proto@0x1044753ae] Rx - primary_channel_rx: baud_rate=0 high_carrier=1 carrier=1804.5Hz agc=0.00078 power=7807761 shaper_sets=640
FLOW [proto@0x1044753ae] Rx - Phase 3 Ja capture: emitted 67328 bits using hyp=0
FLOW [proto@0x1044753ae] Rx - primary_channel_rx: baud_rate=0 high_carrier=1 carrier=1804.6Hz agc=0.00078 power=7807283 shaper_sets=640
FLOW [proto@0x1044753ae] Rx - primary_channel_rx: baud_rate=0 high_carrier=1 carrier=1804.6Hz agc=0.00078 power=7800959 shaper_sets=640
FLOW [proto@0x1044753ae] Rx - primary_channel_rx: baud_rate=0 high_carrier=1 carrier=1804.5Hz agc=0.00078 power=7809220 shaper_sets=640
FLOW [proto@0x1044753ae] Rx - primary_channel_rx: baud_rate=0 high_carrier=1 carrier=1804.4Hz agc=0.00098 power=4901688 shaper_sets=640
FLOW [proto@0x1044753ae] Rx - primary_channel_rx: baud_rate=0 high_carrier=1 carrier=1804.5Hz agc=0.00675 power=28486 shaper_sets=640
FLOW [proto@0x1044753ae] Rx - Phase 3 TRN: best hyp=2 ones=46768/64000 (73%)
FLOW [proto@0x1044753ae] Rx - primary_channel_rx: baud_rate=0 high_carrier=1 carrier=1804.5Hz agc=0.00675 power=175 shaper_sets=640
FLOW [proto@0x1044753ae] Rx - Phase 3 Ja parser input: hyp0 len=67584 bits (stage=10, need ~16340 to parse)
FLOW [proto@0x1044753ae] Rx - Phase 3 Ja capture: emitted 67584 bits using hyp=0
FLOW [proto@0x1044753ae] Rx - primary_channel_rx: baud_rate=0 high_carrier=1 carrier=1804.5Hz agc=0.00675 power=2 shaper_sets=640
FLOW [proto@0x1044753ae] Rx - Phase 3 WAIT_S heartbeat: dur=3840 demod=0 event=0 j_bits=67678 trn_bits=64106 trn_hint=0/75%
FLOW [proto@0x1044753ae] Rx - primary_channel_rx: baud_rate=0 high_carrier=1 carrier=1804.5Hz agc=0.00675 power=13 shaper_sets=640
FLOW [proto@0x1044753ae] Rx - primary_channel_rx: baud_rate=0 high_carrier=1 carrier=1804.5Hz agc=0.00675 power=13 shaper_sets=640
FLOW [proto@0x1044753ae] Rx - primary_channel_rx: baud_rate=0 high_carrier=1 carrier=1804.5Hz agc=0.00675 power=14 shaper_sets=640
FLOW [proto@0x1044753ae] Rx - primary_channel_rx: baud_rate=0 high_carrier=1 carrier=1804.5Hz agc=0.00675 power=2 shaper_sets=640
FLOW [proto@0x1044753ae] Rx - Phase 3 Ja capture: emitted 67840 bits using hyp=0
FLOW [proto@0x1044753ae] Rx - primary_channel_rx: baud_rate=0 high_carrier=1 carrier=1804.5Hz agc=0.00084 power=6607811 shaper_sets=640
FLOW [proto@0x1044753ae] Rx - primary_channel_rx: baud_rate=0 high_carrier=1 carrier=1804.5Hz agc=0.00080 power=7356557 shaper_sets=640
FLOW [proto@0x1044753ae] Rx - primary_channel_rx: baud_rate=0 high_carrier=1 carrier=1804.7Hz agc=0.00080 power=7361607 shaper_sets=640
FLOW [proto@0x1044753ae] Rx - Phase 3 S baud 4000: mag=0.931 data_bits=3 alt=0/32 stable=0 dom=3:32/32 rev=1/32 counts=0,0,0,32
FLOW [proto@0x1044753ae] Rx - primary_channel_rx: baud_rate=0 high_carrier=1 carrier=1804.6Hz agc=0.00080 power=7360282 shaper_sets=640
FLOW [proto@0x1044753ae] Rx - primary_channel_rx: baud_rate=0 high_carrier=1 carrier=1804.5Hz agc=0.00080 power=7338329 shaper_sets=640
FLOW [proto@0x1044753ae] Rx - Phase 3 TRN: best hyp=11 ones=47073/64512 (73%)
FLOW [proto@0x1044753ae] Rx - Phase 3 Ja capture: emitted 68096 bits using hyp=0
FLOW [proto@0x1044753ae] Rx - primary_channel_rx: baud_rate=0 high_carrier=1 carrier=1804.6Hz agc=0.00080 power=7372009 shaper_sets=640
FLOW [proto@0x1044753ae] Rx - primary_channel_rx: baud_rate=0 high_carrier=1 carrier=1804.7Hz agc=0.00080 power=7336899 shaper_sets=640
FLOW [proto@0x1044753ae] Rx - Phase 3 WAIT_S heartbeat: dur=4096 demod=0 event=0 j_bits=68190 trn_bits=64618 trn_hint=0/75%
FLOW [proto@0x1044753ae] Rx - primary_channel_rx: baud_rate=0 high_carrier=1 carrier=1804.7Hz agc=0.00080 power=7301761 shaper_sets=640
FLOW [proto@0x1044753ae] Rx - primary_channel_rx: baud_rate=0 high_carrier=1 carrier=1804.7Hz agc=0.00080 power=7352315 shaper_sets=640
FLOW [proto@0x1044753ae] Rx - primary_channel_rx: baud_rate=0 high_carrier=1 carrier=1804.6Hz agc=0.00080 power=7361180 shaper_sets=640
FLOW [proto@0x1044753ae] Rx - primary_channel_rx: baud_rate=0 high_carrier=1 carrier=1804.6Hz agc=0.00080 power=7305481 shaper_sets=640
FLOW [proto@0x1044753ae] Rx - Phase 3 Ja capture: emitted 68352 bits using hyp=0
FLOW [proto@0x1044753ae] Rx - primary_channel_rx: baud_rate=0 high_carrier=1 carrier=1804.7Hz agc=0.00080 power=7354152 shaper_sets=640
FLOW [proto@0x1044753ae] Rx - primary_channel_rx: baud_rate=0 high_carrier=1 carrier=1804.7Hz agc=0.00080 power=7305605 shaper_sets=640
FLOW [proto@0x1044753ae] Rx - primary_channel_rx: baud_rate=0 high_carrier=1 carrier=1804.7Hz agc=0.00080 power=7315027 shaper_sets=640
FLOW [proto@0x1044753ae] Rx - primary_channel_rx: baud_rate=0 high_carrier=1 carrier=1804.6Hz agc=0.00080 power=7300185 shaper_sets=640
FLOW [proto@0x1044753ae] Rx - primary_channel_rx: baud_rate=0 high_carrier=1 carrier=1804.5Hz agc=0.00080 power=7306631 shaper_sets=640
FLOW [proto@0x1044753ae] Rx - Phase 3 TRN: best hyp=11 ones=47443/65024 (73%)
FLOW [proto@0x1044753ae] Rx - Phase 3 Ja capture: emitted 68608 bits using hyp=0
FLOW [proto@0x1044753ae] Rx - primary_channel_rx: baud_rate=0 high_carrier=1 carrier=1804.7Hz agc=0.00080 power=7321781 shaper_sets=640
FLOW [proto@0x1044753ae] Rx - primary_channel_rx: baud_rate=0 high_carrier=1 carrier=1804.7Hz agc=0.00080 power=7303268 shaper_sets=640
FLOW [proto@0x1044753ae] Rx - Phase 3 WAIT_S heartbeat: dur=4352 demod=0 event=0 j_bits=68702 trn_bits=65130 trn_hint=0/75%
FLOW [proto@0x1044753ae] Rx - primary_channel_rx: baud_rate=0 high_carrier=1 carrier=1804.7Hz agc=0.00080 power=7328251 shaper_sets=640
FLOW [proto@0x1044753ae] Rx - primary_channel_rx: baud_rate=0 high_carrier=1 carrier=1804.7Hz agc=0.00080 power=7302141 shaper_sets=640
FLOW [proto@0x1044753ae] Rx - primary_channel_rx: baud_rate=0 high_carrier=1 carrier=1804.5Hz agc=0.00080 power=7327222 shaper_sets=640
FLOW [proto@0x1044753ae] Rx - Phase 3 Ja capture: emitted 68864 bits using hyp=0
FLOW [proto@0x1044753ae] Rx - primary_channel_rx: baud_rate=0 high_carrier=1 carrier=1804.6Hz agc=0.00080 power=7327443 shaper_sets=640
FLOW [proto@0x1044753ae] Rx - primary_channel_rx: baud_rate=0 high_carrier=1 carrier=1804.7Hz agc=0.00080 power=7327859 shaper_sets=640
FLOW [proto@0x1044753ae] Rx - primary_channel_rx: baud_rate=0 high_carrier=1 carrier=1804.8Hz agc=0.00080 power=7339395 shaper_sets=640
FLOW [proto@0x1044753ae] Rx - primary_channel_rx: baud_rate=0 high_carrier=1 carrier=1804.7Hz agc=0.00080 power=7334896 shaper_sets=640
FLOW [proto@0x1044753ae] Rx - primary_channel_rx: baud_rate=0 high_carrier=1 carrier=1804.6Hz agc=0.00080 power=7334771 shaper_sets=640
FLOW [proto@0x1044753ae] Rx - Phase 3 TRN: best hyp=11 ones=47816/65536 (73%)
FLOW [proto@0x1044753ae] Rx - primary_channel_rx: baud_rate=0 high_carrier=1 carrier=1804.6Hz agc=0.00080 power=7339851 shaper_sets=640
FLOW [proto@0x1044753ae] Rx - Phase 3 Ja capture: emitted 69120 bits using hyp=0
FLOW [proto@0x1044753ae] Rx - primary_channel_rx: baud_rate=0 high_carrier=1 carrier=1804.7Hz agc=0.00080 power=7341099 shaper_sets=640
FLOW [proto@0x1044753ae] Rx - Phase 3 WAIT_S heartbeat: dur=4608 demod=0 event=0 j_bits=69214 trn_bits=65642 trn_hint=0/75%
FLOW [proto@0x1044753ae] Rx - primary_channel_rx: baud_rate=0 high_carrier=1 carrier=1804.7Hz agc=0.00080 power=7338722 shaper_sets=640
FLOW [proto@0x1044753ae] Rx - primary_channel_rx: baud_rate=0 high_carrier=1 carrier=1804.7Hz agc=0.00080 power=7340856 shaper_sets=640
FLOW [proto@0x1044753ae] Rx - primary_channel_rx: baud_rate=0 high_carrier=1 carrier=1804.6Hz agc=0.00080 power=7351336 shaper_sets=640
FLOW [proto@0x1044753ae] Rx - primary_channel_rx: baud_rate=0 high_carrier=1 carrier=1804.6Hz agc=0.00080 power=7333978 shaper_sets=640
FLOW [proto@0x1044753ae] Rx - Phase 3 Ja capture: emitted 69376 bits using hyp=0
FLOW [proto@0x1044753ae] Rx - primary_channel_rx: baud_rate=0 high_carrier=1 carrier=1804.7Hz agc=0.00080 power=7336398 shaper_sets=640
FLOW [proto@0x1044753ae] Rx - primary_channel_rx: baud_rate=0 high_carrier=1 carrier=1804.7Hz agc=0.00080 power=7310981 shaper_sets=640
FLOW [proto@0x1044753ae] Rx - primary_channel_rx: baud_rate=0 high_carrier=1 carrier=1804.7Hz agc=0.00080 power=7312173 shaper_sets=640
FLOW [proto@0x1044753ae] Rx - primary_channel_rx: baud_rate=0 high_carrier=1 carrier=1804.7Hz agc=0.00080 power=7283159 shaper_sets=640
FLOW [proto@0x1044753ae] Rx - primary_channel_rx: baud_rate=0 high_carrier=1 carrier=1804.5Hz agc=0.00080 power=7308729 shaper_sets=640
FLOW [proto@0x1044753ae] Rx - Phase 3 TRN: best hyp=11 ones=48191/66048 (73%)
FLOW [proto@0x1044753ae] Rx - Phase 3 Ja parser input: hyp0 len=69632 bits (stage=10, need ~16340 to parse)
FLOW [proto@0x1044753ae] Rx - Phase 3 Ja capture: emitted 69632 bits using hyp=0
FLOW [proto@0x1044753ae] Rx - primary_channel_rx: baud_rate=0 high_carrier=1 carrier=1804.6Hz agc=0.00080 power=7309261 shaper_sets=640
FLOW [proto@0x1044753ae] Rx - primary_channel_rx: baud_rate=0 high_carrier=1 carrier=1804.7Hz agc=0.00080 power=7290516 shaper_sets=640
FLOW [proto@0x1044753ae] Rx - Phase 3 WAIT_S heartbeat: dur=4864 demod=0 event=0 j_bits=69726 trn_bits=66154 trn_hint=0/75%
FLOW [proto@0x1044753ae] Rx - primary_channel_rx: baud_rate=0 high_carrier=1 carrier=1804.8Hz agc=0.00081 power=7249261 shaper_sets=640
FLOW [proto@0x1044753ae] Rx - primary_channel_rx: baud_rate=0 high_carrier=1 carrier=1804.7Hz agc=0.00081 power=7259145 shaper_sets=640
FLOW [proto@0x1044753ae] Rx - primary_channel_rx: baud_rate=0 high_carrier=1 carrier=1804.6Hz agc=0.00081 power=7242527 shaper_sets=640
FLOW [proto@0x1044753ae] Rx - primary_channel_rx: baud_rate=0 high_carrier=1 carrier=1804.6Hz agc=0.00081 power=7249668 shaper_sets=640
FLOW [proto@0x1044753ae] Rx - Phase 3 Ja capture: emitted 69888 bits using hyp=0
FLOW [proto@0x1044753ae] Rx - primary_channel_rx: baud_rate=0 high_carrier=1 carrier=1804.7Hz agc=0.00081 power=7244636 shaper_sets=640
FLOW [proto@0x1044753ae] Rx - primary_channel_rx: baud_rate=0 high_carrier=1 carrier=1804.8Hz agc=0.00081 power=7244931 shaper_sets=640
FLOW [proto@0x1044753ae] Rx - Phase 3 S baud 5000: mag=1.014 data_bits=3 alt=0/32 stable=0 dom=3:32/32 rev=0/32 counts=0,0,0,32
FLOW [proto@0x1044753ae] Rx - primary_channel_rx: baud_rate=0 high_carrier=1 carrier=1804.7Hz agc=0.00081 power=7250922 shaper_sets=640
FLOW [proto@0x1044753ae] Rx - primary_channel_rx: baud_rate=0 high_carrier=1 carrier=1804.6Hz agc=0.00081 power=7253290 shaper_sets=640
FLOW [proto@0x1044753ae] Rx - primary_channel_rx: baud_rate=0 high_carrier=1 carrier=1804.6Hz agc=0.00081 power=7253183 shaper_sets=640
FLOW [proto@0x1044753ae] Rx - Phase 3 TRN: best hyp=11 ones=48558/66560 (73%)
FLOW [proto@0x1044753ae] Rx - Phase 3 Ja capture: emitted 70144 bits using hyp=0
FLOW [proto@0x1044753ae] Rx - primary_channel_rx: baud_rate=0 high_carrier=1 carrier=1804.7Hz agc=0.00081 power=7251646 shaper_sets=640
FLOW [proto@0x1044753ae] Rx - primary_channel_rx: baud_rate=0 high_carrier=1 carrier=1804.8Hz agc=0.00081 power=7258209 shaper_sets=640
FLOW [proto@0x1044753ae] Rx - Phase 3 WAIT_S heartbeat: dur=5120 demod=0 event=0 j_bits=70238 trn_bits=66666 trn_hint=0/75%
FLOW [proto@0x1044753ae] Rx - primary_channel_rx: baud_rate=0 high_carrier=1 carrier=1804.8Hz agc=0.00081 power=7259350 shaper_sets=640
FLOW [proto@0x1044753ae] Rx - primary_channel_rx: baud_rate=0 high_carrier=1 carrier=1804.7Hz agc=0.00081 power=7258941 shaper_sets=640
FLOW [proto@0x1044753ae] Rx - primary_channel_rx: baud_rate=0 high_carrier=1 carrier=1804.6Hz agc=0.00081 power=7259371 shaper_sets=640
FLOW [proto@0x1044753ae] Rx - Phase 3 Ja capture: emitted 70400 bits using hyp=0
FLOW [proto@0x1044753ae] Rx - primary_channel_rx: baud_rate=0 high_carrier=1 carrier=1804.7Hz agc=0.00080 power=7287541 shaper_sets=640
FLOW [proto@0x1044753ae] Rx - primary_channel_rx: baud_rate=0 high_carrier=1 carrier=1804.8Hz agc=0.00081 power=7259472 shaper_sets=640
FLOW [proto@0x1044753ae] Rx - primary_channel_rx: baud_rate=0 high_carrier=1 carrier=1804.8Hz agc=0.00080 power=7289791 shaper_sets=640
FLOW [proto@0x1044753ae] Rx - primary_channel_rx: baud_rate=0 high_carrier=1 carrier=1804.7Hz agc=0.00080 power=7288162 shaper_sets=640
FLOW [proto@0x1044753ae] Rx - primary_channel_rx: baud_rate=0 high_carrier=1 carrier=1804.6Hz agc=0.00080 power=7287168 shaper_sets=640
FLOW [proto@0x1044753ae] Rx - Phase 3 TRN: best hyp=11 ones=48928/67072 (73%)
FLOW [proto@0x1044753ae] Rx - primary_channel_rx: baud_rate=0 high_carrier=1 carrier=1804.7Hz agc=0.00080 power=7288576 shaper_sets=640
FLOW [proto@0x1044753ae] Rx - Phase 3 Ja capture: emitted 70656 bits using hyp=0
FLOW [proto@0x1044753ae] Rx - primary_channel_rx: baud_rate=0 high_carrier=1 carrier=1804.8Hz agc=0.00080 power=7284865 shaper_sets=640
FLOW [proto@0x1044753ae] Rx - Phase 3 WAIT_S heartbeat: dur=5376 demod=0 event=0 j_bits=70750 trn_bits=67178 trn_hint=0/75%
FLOW [proto@0x1044753ae] Rx - primary_channel_rx: baud_rate=0 high_carrier=1 carrier=1804.8Hz agc=0.00080 power=7287358 shaper_sets=640
FLOW [proto@0x1044753ae] Rx - primary_channel_rx: baud_rate=0 high_carrier=1 carrier=1804.8Hz agc=0.00080 power=7287486 shaper_sets=640
FLOW [proto@0x1044753ae] Rx - primary_channel_rx: baud_rate=0 high_carrier=1 carrier=1804.7Hz agc=0.00080 power=7281631 shaper_sets=640
FLOW [proto@0x1044753ae] Rx - primary_channel_rx: baud_rate=0 high_carrier=1 carrier=1804.6Hz agc=0.00080 power=7278057 shaper_sets=640
FLOW [proto@0x1044753ae] Rx - Phase 3 Ja capture: emitted 70912 bits using hyp=0
FLOW [proto@0x1044753ae] Rx - primary_channel_rx: baud_rate=0 high_carrier=1 carrier=1804.7Hz agc=0.00081 power=7234475 shaper_sets=640
FLOW [proto@0x1044753ae] Rx - primary_channel_rx: baud_rate=0 high_carrier=1 carrier=1804.8Hz agc=0.00081 power=7228084 shaper_sets=640
FLOW [proto@0x1044753ae] Rx - primary_channel_rx: baud_rate=0 high_carrier=1 carrier=1804.8Hz agc=0.00081 power=7231582 shaper_sets=640
FLOW [proto@0x1044753ae] Rx - primary_channel_rx: baud_rate=0 high_carrier=1 carrier=1804.7Hz agc=0.00081 power=7237858 shaper_sets=640
FLOW [proto@0x1044753ae] Rx - primary_channel_rx: baud_rate=0 high_carrier=1 carrier=1804.6Hz agc=0.00080 power=7276410 shaper_sets=640
FLOW [proto@0x1044753ae] Rx - Phase 3 TRN: best hyp=11 ones=49298/67584 (73%)
FLOW [proto@0x1044753ae] Rx - Phase 3 Ja capture: emitted 71168 bits using hyp=0
FLOW [proto@0x1044753ae] Rx - primary_channel_rx: baud_rate=0 high_carrier=1 carrier=1804.7Hz agc=0.00080 power=7286486 shaper_sets=640
FLOW [proto@0x1044753ae] Rx - primary_channel_rx: baud_rate=0 high_carrier=1 carrier=1804.8Hz agc=0.00081 power=7260587 shaper_sets=640
FLOW [proto@0x1044753ae] Rx - Phase 3 WAIT_S heartbeat: dur=5632 demod=0 event=0 j_bits=71262 trn_bits=67690 trn_hint=0/75%
FLOW [proto@0x1044753ae] Rx - primary_channel_rx: baud_rate=0 high_carrier=1 carrier=1804.8Hz agc=0.00080 power=7275844 shaper_sets=640
FLOW [proto@0x1044753ae] Rx - primary_channel_rx: baud_rate=0 high_carrier=1 carrier=1804.7Hz agc=0.00080 power=7273367 shaper_sets=640
FLOW [proto@0x1044753ae] Rx - primary_channel_rx: baud_rate=0 high_carrier=1 carrier=1804.6Hz agc=0.00080 power=7289224 shaper_sets=640
FLOW [proto@0x1044753ae] Rx - primary_channel_rx: baud_rate=0 high_carrier=1 carrier=1804.7Hz agc=0.00080 power=7290113 shaper_sets=640
FLOW [proto@0x1044753ae] Rx - Phase 3 Ja capture: emitted 71424 bits using hyp=0
FLOW [proto@0x1044753ae] Rx - primary_channel_rx: baud_rate=0 high_carrier=1 carrier=1804.8Hz agc=0.00080 power=7289671 shaper_sets=640
FLOW [proto@0x1044753ae] Rx - primary_channel_rx: baud_rate=0 high_carrier=1 carrier=1804.8Hz agc=0.00080 power=7289711 shaper_sets=640
FLOW [proto@0x1044753ae] Rx - primary_channel_rx: baud_rate=0 high_carrier=1 carrier=1804.8Hz agc=0.00080 power=7297361 shaper_sets=640
FLOW [proto@0x1044753ae] Rx - primary_channel_rx: baud_rate=0 high_carrier=1 carrier=1804.7Hz agc=0.00080 power=7296955 shaper_sets=640
FLOW [proto@0x1044753ae] Rx - primary_channel_rx: baud_rate=0 high_carrier=1 carrier=1804.7Hz agc=0.00080 power=7298038 shaper_sets=640
FLOW [proto@0x1044753ae] Rx - Phase 3 TRN: best hyp=11 ones=49669/68096 (73%)
FLOW [proto@0x1044753ae] Rx - Phase 3 Ja parser input: hyp0 len=71680 bits (stage=10, need ~16340 to parse)
FLOW [proto@0x1044753ae] Rx - Phase 3 Ja capture: emitted 71680 bits using hyp=0
FLOW [proto@0x1044753ae] Rx - primary_channel_rx: baud_rate=0 high_carrier=1 carrier=1804.8Hz agc=0.00080 power=7297648 shaper_sets=640
FLOW [proto@0x1044753ae] Rx - primary_channel_rx: baud_rate=0 high_carrier=1 carrier=1804.8Hz agc=0.00080 power=7297410 shaper_sets=640
FLOW [proto@0x1044753ae] Rx - Phase 3 WAIT_S heartbeat: dur=5888 demod=0 event=0 j_bits=71774 trn_bits=68202 trn_hint=0/75%
FLOW [proto@0x1044753ae] Rx - primary_channel_rx: baud_rate=0 high_carrier=1 carrier=1804.8Hz agc=0.00080 power=7298513 shaper_sets=640
FLOW [proto@0x1044753ae] Rx - primary_channel_rx: baud_rate=0 high_carrier=1 carrier=1804.7Hz agc=0.00080 power=7299072 shaper_sets=640
FLOW [proto@0x1044753ae] Rx - primary_channel_rx: baud_rate=0 high_carrier=1 carrier=1804.7Hz agc=0.00080 power=7299057 shaper_sets=640
FLOW [proto@0x1044753ae] Rx - Phase 3 Ja capture: emitted 71936 bits using hyp=0
FLOW [proto@0x1044753ae] Rx - primary_channel_rx: baud_rate=0 high_carrier=1 carrier=1804.8Hz agc=0.00080 power=7299256 shaper_sets=640
FLOW [proto@0x1044753ae] Rx - Phase 3 S baud 6000: mag=1.020 data_bits=3 alt=0/32 stable=0 dom=3:32/32 rev=0/32 counts=0,0,0,32
FLOW [proto@0x1044753ae] Rx - Phase 3: S detect timeout (6000 bauds, alt=0/32 rev=0/32, j_bits=72000 trn_bits=68428 trn_hint=0/75%), continuing search
FLOW [proto@0x1044753ae] Rx - primary_channel_rx: baud_rate=0 high_carrier=1 carrier=1804.8Hz agc=0.00080 power=7296883 shaper_sets=640
FLOW [proto@0x1044753ae] Rx - Phase 3 WAIT_S heartbeat: dur=1 demod=0 event=0 j_bits=72000 trn_bits=68428 trn_hint=0/75%
FLOW [proto@0x1044753ae] Rx - Phase 3 S baud 1: mag=0.994 data_bits=3 alt=0/32 stable=0 dom=3:1/32 rev=0/32 counts=0,0,0,1
FLOW [proto@0x1044753ae] Rx - Phase 3 S baud 2: mag=1.013 data_bits=3 alt=0/32 stable=0 dom=3:2/32 rev=0/32 counts=0,0,0,2
FLOW [proto@0x1044753ae] Rx - Phase 3 S baud 3: mag=0.977 data_bits=3 alt=0/32 stable=0 dom=3:3/32 rev=0/32 counts=0,0,0,3
FLOW [proto@0x1044753ae] Rx - Phase 3 S baud 4: mag=0.974 data_bits=3 alt=0/32 stable=0 dom=3:4/32 rev=0/32 counts=0,0,0,4
FLOW [proto@0x1044753ae] Rx - primary_channel_rx: baud_rate=0 high_carrier=1 carrier=1804.8Hz agc=0.00080 power=7297264 shaper_sets=640
FLOW [proto@0x1044753ae] Rx - primary_channel_rx: baud_rate=0 high_carrier=1 carrier=1804.8Hz agc=0.00080 power=7297276 shaper_sets=640
FLOW [proto@0x1044753ae] Rx - primary_channel_rx: baud_rate=0 high_carrier=1 carrier=1804.6Hz agc=0.00080 power=7294436 shaper_sets=640
FLOW [proto@0x1044753ae] Rx - primary_channel_rx: baud_rate=0 high_carrier=1 carrier=1804.8Hz agc=0.00080 power=7297255 shaper_sets=640
FLOW [proto@0x1044753ae] Rx - Phase 3 Ja capture: emitted 72192 bits using hyp=0
FLOW [proto@0x1044753ae] Rx - primary_channel_rx: baud_rate=0 high_carrier=1 carrier=1804.8Hz agc=0.00080 power=7295165 shaper_sets=640
FLOW [proto@0x1044753ae] Rx - primary_channel_rx: baud_rate=0 high_carrier=1 carrier=1804.8Hz agc=0.00080 power=7302860 shaper_sets=640
FLOW [proto@0x1044753ae] Rx - primary_channel_rx: baud_rate=0 high_carrier=1 carrier=1804.8Hz agc=0.00080 power=7303728 shaper_sets=640
FLOW [proto@0x1044753ae] Rx - primary_channel_rx: baud_rate=0 high_carrier=1 carrier=1804.6Hz agc=0.00080 power=7303786 shaper_sets=640
FLOW [proto@0x1044753ae] Rx - primary_channel_rx: baud_rate=0 high_carrier=1 carrier=1804.7Hz agc=0.00080 power=7303436 shaper_sets=640
FLOW [proto@0x1044753ae] Rx - Phase 3 Ja capture: emitted 72448 bits using hyp=0
FLOW [proto@0x1044753ae] Rx - primary_channel_rx: baud_rate=0 high_carrier=1 carrier=1804.8Hz agc=0.00080 power=7304411 shaper_sets=640
FLOW [proto@0x1044753ae] Rx - Phase 3 WAIT_S heartbeat: dur=256 demod=0 event=0 j_bits=72510 trn_bits=68428 trn_hint=0/75%
FLOW [proto@0x1044753ae] Rx - primary_channel_rx: baud_rate=0 high_carrier=1 carrier=1804.8Hz agc=0.00080 power=7298118 shaper_sets=640
FLOW [proto@0x1044753ae] Rx - primary_channel_rx: baud_rate=0 high_carrier=1 carrier=1804.8Hz agc=0.00080 power=7298832 shaper_sets=640
FLOW [proto@0x1044753ae] Rx - primary_channel_rx: baud_rate=0 high_carrier=1 carrier=1804.7Hz agc=0.00080 power=7277114 shaper_sets=640
FLOW [proto@0x1044753ae] Rx - primary_channel_rx: baud_rate=0 high_carrier=1 carrier=1804.7Hz agc=0.00080 power=7274955 shaper_sets=640
FLOW [proto@0x1044753ae] Rx - Phase 3 TRN: best hyp=11 ones=50030/68608 (73%)
FLOW [proto@0x1044753ae] Rx - Phase 3 Ja capture: emitted 72704 bits using hyp=0
FLOW [proto@0x1044753ae] Rx - primary_channel_rx: baud_rate=0 high_carrier=1 carrier=1804.8Hz agc=0.00080 power=7312954 shaper_sets=640
FLOW [proto@0x1044753ae] Rx - primary_channel_rx: baud_rate=0 high_carrier=1 carrier=1804.8Hz agc=0.00080 power=7277591 shaper_sets=640
FLOW [proto@0x1044753ae] Rx - primary_channel_rx: baud_rate=0 high_carrier=1 carrier=1804.8Hz agc=0.00080 power=7312517 shaper_sets=640
FLOW [proto@0x1044753ae] Rx - primary_channel_rx: baud_rate=0 high_carrier=1 carrier=1804.7Hz agc=0.00080 power=7288121 shaper_sets=640
FLOW [proto@0x1044753ae] Rx - primary_channel_rx: baud_rate=0 high_carrier=1 carrier=1804.7Hz agc=0.00080 power=7288144 shaper_sets=640
FLOW [proto@0x1044753ae] Rx - primary_channel_rx: baud_rate=0 high_carrier=1 carrier=1804.8Hz agc=0.00080 power=7322456 shaper_sets=640
FLOW [proto@0x1044753ae] Rx - Phase 3 Ja capture: emitted 72960 bits using hyp=0
FLOW [proto@0x1044753ae] Rx - primary_channel_rx: baud_rate=0 high_carrier=1 carrier=1804.8Hz agc=0.00080 power=7285744 shaper_sets=640
FLOW [proto@0x1044753ae] Rx - Phase 3 WAIT_S heartbeat: dur=512 demod=0 event=0 j_bits=73022 trn_bits=68940 trn_hint=0/75%
FLOW [proto@0x1044753ae] Rx - primary_channel_rx: baud_rate=0 high_carrier=1 carrier=1804.8Hz agc=0.00080 power=7329661 shaper_sets=640
FLOW [proto@0x1044753ae] Rx - primary_channel_rx: baud_rate=0 high_carrier=1 carrier=1804.7Hz agc=0.00080 power=7288823 shaper_sets=640
FLOW [proto@0x1044753ae] Rx - primary_channel_rx: baud_rate=0 high_carrier=1 carrier=1804.7Hz agc=0.00080 power=7322071 shaper_sets=640
FLOW [proto@0x1044753ae] Rx - primary_channel_rx: baud_rate=0 high_carrier=1 carrier=1804.8Hz agc=0.00080 power=7283432 shaper_sets=640
FLOW [proto@0x1044753ae] Rx - Phase 3 TRN: best hyp=11 ones=50403/69120 (73%)
FLOW [proto@0x1044753ae] Rx - Phase 3 Ja capture: emitted 73216 bits using hyp=0
FLOW [proto@0x1044753ae] Rx - primary_channel_rx: baud_rate=0 high_carrier=1 carrier=1804.9Hz agc=0.00080 power=7327790 shaper_sets=640
FLOW [proto@0x1044753ae] Rx - primary_channel_rx: baud_rate=0 high_carrier=1 carrier=1804.9Hz agc=0.00080 power=7327347 shaper_sets=640
FLOW [proto@0x1044753ae] Rx - primary_channel_rx: baud_rate=0 high_carrier=1 carrier=1804.8Hz agc=0.00080 power=7336195 shaper_sets=640
FLOW [proto@0x1044753ae] Rx - primary_channel_rx: baud_rate=0 high_carrier=1 carrier=1804.7Hz agc=0.00080 power=7309541 shaper_sets=640
FLOW [proto@0x1044753ae] Rx - primary_channel_rx: baud_rate=0 high_carrier=1 carrier=1804.8Hz agc=0.00080 power=7310632 shaper_sets=640
FLOW [proto@0x1044753ae] Rx - Phase 3 Ja capture: emitted 73472 bits using hyp=0
FLOW [proto@0x1044753ae] Rx - primary_channel_rx: baud_rate=0 high_carrier=1 carrier=1804.9Hz agc=0.00080 power=7334483 shaper_sets=640
FLOW [proto@0x1044753ae] Rx - Phase 3 WAIT_S heartbeat: dur=768 demod=0 event=0 j_bits=73534 trn_bits=69452 trn_hint=0/75%
FLOW [proto@0x1044753ae] Rx - primary_channel_rx: baud_rate=0 high_carrier=1 carrier=1804.9Hz agc=0.00080 power=7310826 shaper_sets=640
FLOW [proto@0x1044753ae] Rx - primary_channel_rx: baud_rate=0 high_carrier=1 carrier=1804.8Hz agc=0.00080 power=7323954 shaper_sets=640
FLOW [proto@0x1044753ae] Rx - primary_channel_rx: baud_rate=0 high_carrier=1 carrier=1804.7Hz agc=0.00080 power=7335169 shaper_sets=640
FLOW [proto@0x1044753ae] Rx - primary_channel_rx: baud_rate=0 high_carrier=1 carrier=1804.8Hz agc=0.00080 power=7322671 shaper_sets=640
FLOW [proto@0x1044753ae] Rx - Phase 3 TRN: best hyp=2 ones=50773/69632 (73%)
FLOW [proto@0x1044753ae] Rx - primary_channel_rx: baud_rate=0 high_carrier=1 carrier=1804.9Hz agc=0.00080 power=7322446 shaper_sets=640
FLOW [proto@0x1044753ae] Rx - Phase 3 Ja parser input: hyp0 len=73728 bits (stage=10, need ~16340 to parse)
FLOW [proto@0x1044753ae] Rx - Phase 3 Ja capture: emitted 73728 bits using hyp=0
FLOW [proto@0x1044753ae] Rx - primary_channel_rx: baud_rate=0 high_carrier=1 carrier=1804.9Hz agc=0.00080 power=7343813 shaper_sets=640
FLOW [proto@0x1044753ae] Rx - primary_channel_rx: baud_rate=0 high_carrier=1 carrier=1804.8Hz agc=0.00080 power=7356556 shaper_sets=640
FLOW [proto@0x1044753ae] Rx - primary_channel_rx: baud_rate=0 high_carrier=1 carrier=1804.7Hz agc=0.00080 power=7346284 shaper_sets=640
FLOW [proto@0x1044753ae] Rx - primary_channel_rx: baud_rate=0 high_carrier=1 carrier=1804.8Hz agc=0.00080 power=7352262 shaper_sets=640
FLOW [proto@0x1044753ae] Rx - primary_channel_rx: baud_rate=0 high_carrier=1 carrier=1804.9Hz agc=0.00080 power=7349382 shaper_sets=640
FLOW [proto@0x1044753ae] Rx - Phase 3 Ja capture: emitted 73984 bits using hyp=0
FLOW [proto@0x1044753ae] Rx - Phase 3 S baud 1000: mag=0.985 data_bits=3 alt=0/32 stable=0 dom=3:32/32 rev=0/32 counts=0,0,0,32
FLOW [proto@0x1044753ae] Rx - primary_channel_rx: baud_rate=0 high_carrier=1 carrier=1804.9Hz agc=0.00080 power=7345429 shaper_sets=640
FLOW [proto@0x1044753ae] Rx - Phase 3 WAIT_S heartbeat: dur=1024 demod=0 event=0 j_bits=74046 trn_bits=69964 trn_hint=0/75%
FLOW [proto@0x1044753ae] Rx - primary_channel_rx: baud_rate=0 high_carrier=1 carrier=1804.9Hz agc=0.00080 power=7346748 shaper_sets=640
FLOW [proto@0x1044753ae] Rx - primary_channel_rx: baud_rate=0 high_carrier=1 carrier=1804.8Hz agc=0.00080 power=7344900 shaper_sets=640
FLOW [proto@0x1044753ae] Rx - primary_channel_rx: baud_rate=0 high_carrier=1 carrier=1804.8Hz agc=0.00080 power=7346467 shaper_sets=640
FLOW [proto@0x1044753ae] Rx - primary_channel_rx: baud_rate=0 high_carrier=1 carrier=1804.9Hz agc=0.00080 power=7339321 shaper_sets=640
FLOW [proto@0x1044753ae] Rx - Phase 3 TRN: best hyp=11 ones=51139/70144 (73%)
FLOW [proto@0x1044753ae] Rx - Phase 3 Ja capture: emitted 74240 bits using hyp=0
FLOW [proto@0x1044753ae] Rx - primary_channel_rx: baud_rate=0 high_carrier=1 carrier=1804.9Hz agc=0.00080 power=7347456 shaper_sets=640
FLOW [proto@0x1044753ae] Rx - primary_channel_rx: baud_rate=0 high_carrier=1 carrier=1804.9Hz agc=0.00080 power=7345993 shaper_sets=640
FLOW [proto@0x1044753ae] Rx - primary_channel_rx: baud_rate=0 high_carrier=1 carrier=1804.8Hz agc=0.00080 power=7347344 shaper_sets=640
FLOW [proto@0x1044753ae] Rx - primary_channel_rx: baud_rate=0 high_carrier=1 carrier=1804.8Hz agc=0.00080 power=7347349 shaper_sets=640
FLOW [proto@0x1044753ae] Rx - primary_channel_rx: baud_rate=0 high_carrier=1 carrier=1804.9Hz agc=0.00080 power=7346237 shaper_sets=640
FLOW [proto@0x1044753ae] Rx - primary_channel_rx: baud_rate=0 high_carrier=1 carrier=1804.9Hz agc=0.00080 power=7333779 shaper_sets=640
FLOW [proto@0x1044753ae] Rx - Phase 3 Ja capture: emitted 74496 bits using hyp=0
FLOW [proto@0x1044753ae] Rx - primary_channel_rx: baud_rate=0 high_carrier=1 carrier=1804.9Hz agc=0.00080 power=7347466 shaper_sets=640
FLOW [proto@0x1044753ae] Rx - Phase 3 WAIT_S heartbeat: dur=1280 demod=0 event=0 j_bits=74558 trn_bits=70476 trn_hint=0/75%
FLOW [proto@0x1044753ae] Rx - primary_channel_rx: baud_rate=0 high_carrier=1 carrier=1804.8Hz agc=0.00080 power=7334234 shaper_sets=640
FLOW [proto@0x1044753ae] Rx - primary_channel_rx: baud_rate=0 high_carrier=1 carrier=1804.7Hz agc=0.00080 power=7354229 shaper_sets=640
FLOW [proto@0x1044753ae] Rx - primary_channel_rx: baud_rate=0 high_carrier=1 carrier=1804.9Hz agc=0.00080 power=7288314 shaper_sets=640
FLOW [proto@0x1044753ae] Rx - primary_channel_rx: baud_rate=0 high_carrier=1 carrier=1804.9Hz agc=0.00080 power=7341765 shaper_sets=640
FLOW [proto@0x1044753ae] Rx - Phase 3 TRN: best hyp=2 ones=51509/70656 (73%)
FLOW [proto@0x1044753ae] Rx - Phase 3 Ja capture: emitted 74752 bits using hyp=0
FLOW [proto@0x1044753ae] Rx - primary_channel_rx: baud_rate=0 high_carrier=1 carrier=1804.9Hz agc=0.00080 power=7302026 shaper_sets=640
FLOW [proto@0x1044753ae] Rx - primary_channel_rx: baud_rate=0 high_carrier=1 carrier=1804.9Hz agc=0.00080 power=7308626 shaper_sets=640
FLOW [proto@0x1044753ae] Rx - primary_channel_rx: baud_rate=0 high_carrier=1 carrier=1804.7Hz agc=0.00080 power=7283638 shaper_sets=640
FLOW [proto@0x1044753ae] Rx - primary_channel_rx: baud_rate=0 high_carrier=1 carrier=1804.9Hz agc=0.00080 power=7309434 shaper_sets=640
FLOW [proto@0x1044753ae] Rx - primary_channel_rx: baud_rate=0 high_carrier=1 carrier=1804.9Hz agc=0.00080 power=7278712 shaper_sets=640
FLOW [proto@0x1044753ae] Rx - Phase 3 Ja capture: emitted 75008 bits using hyp=0
FLOW [proto@0x1044753ae] Rx - primary_channel_rx: baud_rate=0 high_carrier=1 carrier=1804.9Hz agc=0.00080 power=7294886 shaper_sets=640
FLOW [proto@0x1044753ae] Rx - Phase 3 WAIT_S heartbeat: dur=1536 demod=0 event=0 j_bits=75070 trn_bits=70988 trn_hint=0/75%
FLOW [proto@0x1044753ae] Rx - primary_channel_rx: baud_rate=0 high_carrier=1 carrier=1804.9Hz agc=0.00080 power=7307262 shaper_sets=640
FLOW [proto@0x1044753ae] Rx - primary_channel_rx: baud_rate=0 high_carrier=1 carrier=1804.7Hz agc=0.00080 power=7309008 shaper_sets=640
FLOW [proto@0x1044753ae] Rx - primary_channel_rx: baud_rate=0 high_carrier=1 carrier=1804.9Hz agc=0.00080 power=7295402 shaper_sets=640
FLOW [proto@0x1044753ae] Rx - primary_channel_rx: baud_rate=0 high_carrier=1 carrier=1804.9Hz agc=0.00081 power=7258791 shaper_sets=640
FLOW [proto@0x1044753ae] Rx - Phase 3 TRN: best hyp=2 ones=51881/71168 (73%)
FLOW [proto@0x1044753ae] Rx - primary_channel_rx: baud_rate=0 high_carrier=1 carrier=1804.9Hz agc=0.00080 power=7305476 shaper_sets=640
FLOW [proto@0x1044753ae] Rx - Phase 3 Ja capture: emitted 75264 bits using hyp=0
FLOW [proto@0x1044753ae] Rx - primary_channel_rx: baud_rate=0 high_carrier=1 carrier=1804.9Hz agc=0.00080 power=7302017 shaper_sets=640
FLOW [proto@0x1044753ae] Rx - primary_channel_rx: baud_rate=0 high_carrier=1 carrier=1804.8Hz agc=0.00081 power=7252025 shaper_sets=640
FLOW [proto@0x1044753ae] Rx - primary_channel_rx: baud_rate=0 high_carrier=1 carrier=1804.8Hz agc=0.00081 power=7251740 shaper_sets=640
FLOW [proto@0x1044753ae] Rx - primary_channel_rx: baud_rate=0 high_carrier=1 carrier=1804.9Hz agc=0.00080 power=7300690 shaper_sets=640
FLOW [proto@0x1044753ae] Rx - primary_channel_rx: baud_rate=0 high_carrier=1 carrier=1805.0Hz agc=0.00081 power=7256421 shaper_sets=640
FLOW [proto@0x1044753ae] Rx - Phase 3 Ja capture: emitted 75520 bits using hyp=0
FLOW [proto@0x1044753ae] Rx - primary_channel_rx: baud_rate=0 high_carrier=1 carrier=1804.9Hz agc=0.00080 power=7283471 shaper_sets=640
FLOW [proto@0x1044753ae] Rx - Phase 3 WAIT_S heartbeat: dur=1792 demod=0 event=0 j_bits=75582 trn_bits=71500 trn_hint=0/75%
FLOW [proto@0x1044753ae] Rx - primary_channel_rx: baud_rate=0 high_carrier=1 carrier=1804.8Hz agc=0.00081 power=7243356 shaper_sets=640
FLOW [proto@0x1044753ae] Rx - primary_channel_rx: baud_rate=0 high_carrier=1 carrier=1804.8Hz agc=0.00081 power=7238677 shaper_sets=640
FLOW [proto@0x1044753ae] Rx - primary_channel_rx: baud_rate=0 high_carrier=1 carrier=1804.9Hz agc=0.00081 power=7243135 shaper_sets=640
FLOW [proto@0x1044753ae] Rx - primary_channel_rx: baud_rate=0 high_carrier=1 carrier=1805.0Hz agc=0.00081 power=7246669 shaper_sets=640
FLOW [proto@0x1044753ae] Rx - Phase 3 TRN: best hyp=11 ones=52253/71680 (73%)
FLOW [proto@0x1044753ae] Rx - Phase 3 Ja parser input: hyp0 len=75776 bits (stage=10, need ~16340 to parse)
FLOW [proto@0x1044753ae] Rx - Phase 3 Ja capture: emitted 75776 bits using hyp=0
FLOW [proto@0x1044753ae] Rx - primary_channel_rx: baud_rate=0 high_carrier=1 carrier=1804.9Hz agc=0.00081 power=7245161 shaper_sets=640
FLOW [proto@0x1044753ae] Rx - primary_channel_rx: baud_rate=0 high_carrier=1 carrier=1804.8Hz agc=0.00081 power=7250298 shaper_sets=640
FLOW [proto@0x1044753ae] Rx - primary_channel_rx: baud_rate=0 high_carrier=1 carrier=1804.8Hz agc=0.00081 power=7244342 shaper_sets=640
FLOW [proto@0x1044753ae] Rx - primary_channel_rx: baud_rate=0 high_carrier=1 carrier=1804.9Hz agc=0.00081 power=7223673 shaper_sets=640
FLOW [proto@0x1044753ae] Rx - primary_channel_rx: baud_rate=0 high_carrier=1 carrier=1805.0Hz agc=0.00081 power=7245099 shaper_sets=640
FLOW [proto@0x1044753ae] Rx - Phase 3 S baud 2000: mag=1.010 data_bits=3 alt=0/32 stable=0 dom=3:32/32 rev=0/32 counts=0,0,0,32
FLOW [proto@0x1044753ae] Rx - primary_channel_rx: baud_rate=0 high_carrier=1 carrier=1804.9Hz agc=0.00081 power=7236791 shaper_sets=640
FLOW [proto@0x1044753ae] Rx - Phase 3 Ja capture: emitted 76032 bits using hyp=0
FLOW [proto@0x1044753ae] Rx - primary_channel_rx: baud_rate=0 high_carrier=1 carrier=1804.8Hz agc=0.00080 power=7309210 shaper_sets=640
FLOW [proto@0x1044753ae] Rx - Phase 3 WAIT_S heartbeat: dur=2048 demod=0 event=0 j_bits=76094 trn_bits=72012 trn_hint=0/75%
FLOW [proto@0x1044753ae] Rx - primary_channel_rx: baud_rate=0 high_carrier=1 carrier=1804.8Hz agc=0.00081 power=7259308 shaper_sets=640
FLOW [proto@0x1044753ae] Rx - primary_channel_rx: baud_rate=0 high_carrier=1 carrier=1804.9Hz agc=0.00081 power=7233792 shaper_sets=640
FLOW [proto@0x1044753ae] Rx - primary_channel_rx: baud_rate=0 high_carrier=1 carrier=1805.0Hz agc=0.00080 power=7281425 shaper_sets=640
FLOW [proto@0x1044753ae] Rx - primary_channel_rx: baud_rate=0 high_carrier=1 carrier=1804.9Hz agc=0.00081 power=7238542 shaper_sets=640
FLOW [proto@0x1044753ae] Rx - Phase 3 TRN: best hyp=11 ones=52623/72192 (73%)
FLOW [proto@0x1044753ae] Rx - Phase 3 Ja capture: emitted 76288 bits using hyp=0
FLOW [proto@0x1044753ae] Rx - primary_channel_rx: baud_rate=0 high_carrier=1 carrier=1804.8Hz agc=0.00080 power=7286603 shaper_sets=640
FLOW [proto@0x1044753ae] Rx - primary_channel_rx: baud_rate=0 high_carrier=1 carrier=1804.8Hz agc=0.00080 power=7286314 shaper_sets=640
FLOW [proto@0x1044753ae] Rx - primary_channel_rx: baud_rate=0 high_carrier=1 carrier=1804.9Hz agc=0.00080 power=7288780 shaper_sets=640
FLOW [proto@0x1044753ae] Rx - primary_channel_rx: baud_rate=0 high_carrier=1 carrier=1805.0Hz agc=0.00080 power=7291767 shaper_sets=640
FLOW [proto@0x1044753ae] Rx - primary_channel_rx: baud_rate=0 high_carrier=1 carrier=1805.0Hz agc=0.00080 power=7285125 shaper_sets=640
FLOW [proto@0x1044753ae] Rx - Phase 3 Ja capture: emitted 76544 bits using hyp=0
FLOW [proto@0x1044753ae] Rx - primary_channel_rx: baud_rate=0 high_carrier=1 carrier=1804.9Hz agc=0.00080 power=7290129 shaper_sets=640
FLOW [proto@0x1044753ae] Rx - Phase 3 WAIT_S heartbeat: dur=2304 demod=0 event=0 j_bits=76606 trn_bits=72524 trn_hint=0/75%
FLOW [proto@0x1044753ae] Rx - primary_channel_rx: baud_rate=0 high_carrier=1 carrier=1804.8Hz agc=0.00080 power=7288119 shaper_sets=640
FLOW [proto@0x1044753ae] Rx - primary_channel_rx: baud_rate=0 high_carrier=1 carrier=1804.9Hz agc=0.00080 power=7289250 shaper_sets=640
FLOW [proto@0x1044753ae] Rx - primary_channel_rx: baud_rate=0 high_carrier=1 carrier=1805.0Hz agc=0.00080 power=7285609 shaper_sets=640
FLOW [proto@0x1044753ae] Rx - primary_channel_rx: baud_rate=0 high_carrier=1 carrier=1805.0Hz agc=0.00080 power=7285564 shaper_sets=640
FLOW [proto@0x1044753ae] Rx - Phase 3 TRN: best hyp=11 ones=52992/72704 (73%)
FLOW [proto@0x1044753ae] Rx - primary_channel_rx: baud_rate=0 high_carrier=1 carrier=1804.9Hz agc=0.00080 power=7285087 shaper_sets=640
FLOW [proto@0x1044753ae] Rx - Phase 3 Ja capture: emitted 76800 bits using hyp=0
FLOW [proto@0x1044753ae] Rx - primary_channel_rx: baud_rate=0 high_carrier=1 carrier=1804.8Hz agc=0.00080 power=7294450 shaper_sets=640
FLOW [proto@0x1044753ae] Rx - primary_channel_rx: baud_rate=0 high_carrier=1 carrier=1804.9Hz agc=0.00080 power=7278592 shaper_sets=640
FLOW [proto@0x1044753ae] Rx - primary_channel_rx: baud_rate=0 high_carrier=1 carrier=1805.0Hz agc=0.00080 power=7287403 shaper_sets=640
FLOW [proto@0x1044753ae] Rx - primary_channel_rx: baud_rate=0 high_carrier=1 carrier=1805.0Hz agc=0.00080 power=7294293 shaper_sets=640
FLOW [proto@0x1044753ae] Rx - primary_channel_rx: baud_rate=0 high_carrier=1 carrier=1804.9Hz agc=0.00080 power=7287646 shaper_sets=640
FLOW [proto@0x1044753ae] Rx - Phase 3 Ja capture: emitted 77056 bits using hyp=0
FLOW [proto@0x1044753ae] Rx - primary_channel_rx: baud_rate=0 high_carrier=1 carrier=1804.8Hz agc=0.00080 power=7292419 shaper_sets=640
FLOW [proto@0x1044753ae] Rx - Phase 3 WAIT_S heartbeat: dur=2560 demod=0 event=0 j_bits=77118 trn_bits=73036 trn_hint=0/75%
FLOW [proto@0x1044753ae] Rx - primary_channel_rx: baud_rate=0 high_carrier=1 carrier=1804.9Hz agc=0.00081 power=7266445 shaper_sets=640
FLOW [proto@0x1044753ae] Rx - primary_channel_rx: baud_rate=0 high_carrier=1 carrier=1805.0Hz agc=0.00080 power=7304979 shaper_sets=640
FLOW [proto@0x1044753ae] Rx - primary_channel_rx: baud_rate=0 high_carrier=1 carrier=1805.0Hz agc=0.00080 power=7299815 shaper_sets=640
FLOW [proto@0x1044753ae] Rx - primary_channel_rx: baud_rate=0 high_carrier=1 carrier=1804.9Hz agc=0.00080 power=7303503 shaper_sets=640
FLOW [proto@0x1044753ae] Rx - Phase 3 TRN: best hyp=11 ones=53367/73216 (73%)
FLOW [proto@0x1044753ae] Rx - Phase 3 Ja capture: emitted 77312 bits using hyp=0
FLOW [proto@0x1044753ae] Rx - primary_channel_rx: baud_rate=0 high_carrier=1 carrier=1804.8Hz agc=0.00080 power=7297791 shaper_sets=640
FLOW [proto@0x1044753ae] Rx - primary_channel_rx: baud_rate=0 high_carrier=1 carrier=1804.9Hz agc=0.00080 power=7286560 shaper_sets=640
FLOW [proto@0x1044753ae] Rx - primary_channel_rx: baud_rate=0 high_carrier=1 carrier=1805.0Hz agc=0.00080 power=7315326 shaper_sets=640
FLOW [proto@0x1044753ae] Rx - primary_channel_rx: baud_rate=0 high_carrier=1 carrier=1805.0Hz agc=0.00080 power=7286683 shaper_sets=640
FLOW [proto@0x1044753ae] Rx - primary_channel_rx: baud_rate=0 high_carrier=1 carrier=1804.9Hz agc=0.00080 power=7298484 shaper_sets=640
FLOW [proto@0x1044753ae] Rx - primary_channel_rx: baud_rate=0 high_carrier=1 carrier=1804.8Hz agc=0.00080 power=7286266 shaper_sets=640
FLOW [proto@0x1044753ae] Rx - Phase 3 Ja capture: emitted 77568 bits using hyp=0
FLOW [proto@0x1044753ae] Rx - primary_channel_rx: baud_rate=0 high_carrier=1 carrier=1804.9Hz agc=0.00080 power=7287316 shaper_sets=640
FLOW [proto@0x1044753ae] Rx - Phase 3 WAIT_S heartbeat: dur=2816 demod=0 event=0 j_bits=77630 trn_bits=73548 trn_hint=0/75%
FLOW [proto@0x1044753ae] Rx - primary_channel_rx: baud_rate=0 high_carrier=1 carrier=1805.0Hz agc=0.00080 power=7288047 shaper_sets=640
FLOW [proto@0x1044753ae] Rx - primary_channel_rx: baud_rate=0 high_carrier=1 carrier=1805.0Hz agc=0.00080 power=7288007 shaper_sets=640
FLOW [proto@0x1044753ae] Rx - primary_channel_rx: baud_rate=0 high_carrier=1 carrier=1804.9Hz agc=0.00080 power=7287902 shaper_sets=640
FLOW [proto@0x1044753ae] Rx - primary_channel_rx: baud_rate=0 high_carrier=1 carrier=1804.8Hz agc=0.00080 power=7307181 shaper_sets=640
FLOW [proto@0x1044753ae] Rx - Phase 3 TRN: best hyp=11 ones=53739/73728 (73%)
FLOW [proto@0x1044753ae] Rx - Phase 3 Ja parser input: hyp0 len=77824 bits (stage=10, need ~16340 to parse)
FLOW [proto@0x1044753ae] Rx - Phase 3 Ja capture: emitted 77824 bits using hyp=0
FLOW [proto@0x1044753ae] Rx - primary_channel_rx: baud_rate=0 high_carrier=1 carrier=1804.9Hz agc=0.00080 power=7306197 shaper_sets=640
FLOW [proto@0x1044753ae] Rx - primary_channel_rx: baud_rate=0 high_carrier=1 carrier=1805.0Hz agc=0.00080 power=7311787 shaper_sets=640
FLOW [proto@0x1044753ae] Rx - primary_channel_rx: baud_rate=0 high_carrier=1 carrier=1805.0Hz agc=0.00080 power=7288484 shaper_sets=640
FLOW [proto@0x1044753ae] Rx - Phase 3 S baud 3000: mag=0.992 data_bits=3 alt=0/32 stable=0 dom=3:32/32 rev=0/32 counts=0,0,0,32
FLOW [proto@0x1044753ae] Rx - primary_channel_rx: baud_rate=0 high_carrier=1 carrier=1804.9Hz agc=0.00080 power=7309644 shaper_sets=640
FLOW [proto@0x1044753ae] Rx - primary_channel_rx: baud_rate=0 high_carrier=1 carrier=1804.8Hz agc=0.00080 power=7308381 shaper_sets=640
FLOW [proto@0x1044753ae] Rx - Phase 3 Ja capture: emitted 78080 bits using hyp=0
FLOW [proto@0x1044753ae] Rx - primary_channel_rx: baud_rate=0 high_carrier=1 carrier=1804.9Hz agc=0.00080 power=7309375 shaper_sets=640
FLOW [proto@0x1044753ae] Rx - Phase 3 WAIT_S heartbeat: dur=3072 demod=0 event=0 j_bits=78142 trn_bits=74060 trn_hint=0/75%
FLOW [proto@0x1044753ae] Rx - primary_channel_rx: baud_rate=0 high_carrier=1 carrier=1805.0Hz agc=0.00080 power=7307950 shaper_sets=640
FLOW [proto@0x1044753ae] Rx - primary_channel_rx: baud_rate=0 high_carrier=1 carrier=1805.0Hz agc=0.00080 power=7309797 shaper_sets=640
FLOW [proto@0x1044753ae] Rx - primary_channel_rx: baud_rate=0 high_carrier=1 carrier=1804.9Hz agc=0.00081 power=7265281 shaper_sets=640
FLOW [proto@0x1044753ae] Rx - primary_channel_rx: baud_rate=0 high_carrier=1 carrier=1804.8Hz agc=0.00080 power=7308434 shaper_sets=640
FLOW [proto@0x1044753ae] Rx - Phase 3 TRN: best hyp=11 ones=54103/74240 (73%)
FLOW [proto@0x1044753ae] Rx - primary_channel_rx: baud_rate=0 high_carrier=1 carrier=1804.9Hz agc=0.00080 power=7268199 shaper_sets=640
FLOW [proto@0x1044753ae] Rx - Phase 3 Ja capture: emitted 78336 bits using hyp=0
FLOW [proto@0x1044753ae] Rx - primary_channel_rx: baud_rate=0 high_carrier=1 carrier=1805.0Hz agc=0.00080 power=7304631 shaper_sets=640
FLOW [proto@0x1044753ae] Rx - primary_channel_rx: baud_rate=0 high_carrier=1 carrier=1805.0Hz agc=0.00080 power=7275872 shaper_sets=640
FLOW [proto@0x1044753ae] Rx - primary_channel_rx: baud_rate=0 high_carrier=1 carrier=1804.9Hz agc=0.00080 power=7321863 shaper_sets=640
FLOW [proto@0x1044753ae] Rx - primary_channel_rx: baud_rate=0 high_carrier=1 carrier=1804.8Hz agc=0.00080 power=7266600 shaper_sets=640
FLOW [proto@0x1044753ae] Rx - primary_channel_rx: baud_rate=0 high_carrier=1 carrier=1804.9Hz agc=0.00080 power=7312365 shaper_sets=640
FLOW [proto@0x1044753ae] Rx - Phase 3 Ja capture: emitted 78592 bits using hyp=0
FLOW [proto@0x1044753ae] Rx - primary_channel_rx: baud_rate=0 high_carrier=1 carrier=1805.0Hz agc=0.00080 power=7288056 shaper_sets=640
FLOW [proto@0x1044753ae] Rx - Phase 3 WAIT_S heartbeat: dur=3328 demod=0 event=0 j_bits=78654 trn_bits=74572 trn_hint=0/75%
FLOW [proto@0x1044753ae] Rx - primary_channel_rx: baud_rate=0 high_carrier=1 carrier=1805.0Hz agc=0.00080 power=7272675 shaper_sets=640
FLOW [proto@0x1044753ae] Rx - primary_channel_rx: baud_rate=0 high_carrier=1 carrier=1805.0Hz agc=0.00080 power=7282224 shaper_sets=640
FLOW [proto@0x1044753ae] Rx - primary_channel_rx: baud_rate=0 high_carrier=1 carrier=1804.8Hz agc=0.00080 power=7276878 shaper_sets=640
FLOW [proto@0x1044753ae] Rx - primary_channel_rx: baud_rate=0 high_carrier=1 carrier=1804.9Hz agc=0.00080 power=7283983 shaper_sets=640
FLOW [proto@0x1044753ae] Rx - Phase 3 TRN: best hyp=11 ones=54476/74752 (73%)
FLOW [proto@0x1044753ae] Rx - Phase 3 Ja capture: emitted 78848 bits using hyp=0
FLOW [proto@0x1044753ae] Rx - primary_channel_rx: baud_rate=0 high_carrier=1 carrier=1805.0Hz agc=0.00080 power=7276690 shaper_sets=640
FLOW [proto@0x1044753ae] Rx - primary_channel_rx: baud_rate=0 high_carrier=1 carrier=1805.0Hz agc=0.00080 power=7278651 shaper_sets=640
FLOW [proto@0x1044753ae] Rx - primary_channel_rx: baud_rate=0 high_carrier=1 carrier=1805.0Hz agc=0.00080 power=7279943 shaper_sets=640
FLOW [proto@0x1044753ae] Rx - primary_channel_rx: baud_rate=0 high_carrier=1 carrier=1804.9Hz agc=0.00080 power=7282233 shaper_sets=640
FLOW [proto@0x1044753ae] Rx - primary_channel_rx: baud_rate=0 high_carrier=1 carrier=1804.9Hz agc=0.00080 power=7305602 shaper_sets=640
FLOW [proto@0x1044753ae] Rx - primary_channel_rx: baud_rate=0 high_carrier=1 carrier=1805.0Hz agc=0.00080 power=7312405 shaper_sets=640
FLOW [proto@0x1044753ae] Rx - Phase 3 Ja capture: emitted 79104 bits using hyp=0
FLOW [proto@0x1044753ae] Rx - primary_channel_rx: baud_rate=0 high_carrier=1 carrier=1805.0Hz agc=0.00080 power=7303552 shaper_sets=640
FLOW [proto@0x1044753ae] Rx - Phase 3 WAIT_S heartbeat: dur=3584 demod=0 event=0 j_bits=79166 trn_bits=75084 trn_hint=0/75%
FLOW [proto@0x1044753ae] Rx - primary_channel_rx: baud_rate=0 high_carrier=1 carrier=1805.0Hz agc=0.00080 power=7314781 shaper_sets=640
FLOW [proto@0x1044753ae] Rx - primary_channel_rx: baud_rate=0 high_carrier=1 carrier=1804.9Hz agc=0.00080 power=7313036 shaper_sets=640
FLOW [proto@0x1044753ae] Rx - primary_channel_rx: baud_rate=0 high_carrier=1 carrier=1804.9Hz agc=0.00080 power=7313067 shaper_sets=640
FLOW [proto@0x1044753ae] Rx - primary_channel_rx: baud_rate=0 high_carrier=1 carrier=1805.0Hz agc=0.00080 power=7316611 shaper_sets=640
FLOW [proto@0x1044753ae] Rx - Phase 3 TRN: best hyp=11 ones=54848/75264 (73%)
FLOW [proto@0x1044753ae] Rx - Phase 3 Ja capture: emitted 79360 bits using hyp=0
FLOW [proto@0x1044753ae] Rx - primary_channel_rx: baud_rate=0 high_carrier=1 carrier=1805.0Hz agc=0.00080 power=7313480 shaper_sets=640
FLOW [proto@0x1044753ae] Rx - primary_channel_rx: baud_rate=0 high_carrier=1 carrier=1805.0Hz agc=0.00080 power=7316666 shaper_sets=640
FLOW [proto@0x1044753ae] Rx - primary_channel_rx: baud_rate=0 high_carrier=1 carrier=1804.9Hz agc=0.00080 power=7316813 shaper_sets=640
FLOW [proto@0x1044753ae] Rx - primary_channel_rx: baud_rate=0 high_carrier=1 carrier=1804.9Hz agc=0.00080 power=7317355 shaper_sets=640
FLOW [proto@0x1044753ae] Rx - primary_channel_rx: baud_rate=0 high_carrier=1 carrier=1805.0Hz agc=0.00080 power=7317457 shaper_sets=640
FLOW [proto@0x1044753ae] Rx - Phase 3 Ja capture: emitted 79616 bits using hyp=0
FLOW [proto@0x1044753ae] Rx - primary_channel_rx: baud_rate=0 high_carrier=1 carrier=1805.0Hz agc=0.00080 power=7315840 shaper_sets=640
FLOW [proto@0x1044753ae] Rx - Phase 3 WAIT_S heartbeat: dur=3840 demod=0 event=0 j_bits=79678 trn_bits=75596 trn_hint=0/75%
FLOW [proto@0x1044753ae] Rx - primary_channel_rx: baud_rate=0 high_carrier=1 carrier=1805.0Hz agc=0.00080 power=7314172 shaper_sets=640
FLOW [proto@0x1044753ae] Rx - primary_channel_rx: baud_rate=0 high_carrier=1 carrier=1804.9Hz agc=0.00080 power=7315646 shaper_sets=640
FLOW [proto@0x1044753ae] Rx - primary_channel_rx: baud_rate=0 high_carrier=1 carrier=1804.9Hz agc=0.00080 power=7272212 shaper_sets=640
FLOW [proto@0x1044753ae] Rx - primary_channel_rx: baud_rate=0 high_carrier=1 carrier=1805.0Hz agc=0.00080 power=7312305 shaper_sets=640
FLOW [proto@0x1044753ae] Rx - Phase 3 TRN: best hyp=11 ones=55221/75776 (73%)
FLOW [proto@0x1044753ae] Rx - primary_channel_rx: baud_rate=0 high_carrier=1 carrier=1805.0Hz agc=0.00080 power=7266715 shaper_sets=640
FLOW [proto@0x1044753ae] Rx - Phase 3 Ja parser input: hyp0 len=79872 bits (stage=10, need ~16340 to parse)
FLOW [proto@0x1044753ae] Rx - Phase 3 Ja capture: emitted 79872 bits using hyp=0
FLOW [proto@0x1044753ae] Rx - primary_channel_rx: baud_rate=0 high_carrier=1 carrier=1805.0Hz agc=0.00080 power=7309015 shaper_sets=640
FLOW [proto@0x1044753ae] Rx - primary_channel_rx: baud_rate=0 high_carrier=1 carrier=1804.9Hz agc=0.00080 power=7268929 shaper_sets=640
FLOW [proto@0x1044753ae] Rx - Phase 3 S baud 4000: mag=0.970 data_bits=3 alt=0/32 stable=0 dom=3:32/32 rev=0/32 counts=0,0,0,32
FLOW [proto@0x1044753ae] Rx - primary_channel_rx: baud_rate=0 high_carrier=1 carrier=1804.9Hz agc=0.00080 power=7307019 shaper_sets=640
FLOW [proto@0x1044753ae] Rx - primary_channel_rx: baud_rate=0 high_carrier=1 carrier=1805.0Hz agc=0.00081 power=7264026 shaper_sets=640
FLOW [proto@0x1044753ae] Rx - primary_channel_rx: baud_rate=0 high_carrier=1 carrier=1805.0Hz agc=0.00080 power=7305786 shaper_sets=640
FLOW [proto@0x1044753ae] Rx - Phase 3 Ja capture: emitted 80128 bits using hyp=0
FLOW [proto@0x1044753ae] Rx - primary_channel_rx: baud_rate=0 high_carrier=1 carrier=1805.0Hz agc=0.00080 power=7270551 shaper_sets=640
FLOW [proto@0x1044753ae] Rx - Phase 3 WAIT_S heartbeat: dur=4096 demod=0 event=0 j_bits=80190 trn_bits=76108 trn_hint=0/75%
FLOW [proto@0x1044753ae] Rx - primary_channel_rx: baud_rate=0 high_carrier=1 carrier=1804.9Hz agc=0.00080 power=7298939 shaper_sets=640
FLOW [proto@0x1044753ae] Rx - primary_channel_rx: baud_rate=0 high_carrier=1 carrier=1804.9Hz agc=0.00081 power=7257818 shaper_sets=640
FLOW [proto@0x1044753ae] Rx - primary_channel_rx: baud_rate=0 high_carrier=1 carrier=1805.0Hz agc=0.00080 power=7290816 shaper_sets=640
FLOW [proto@0x1044753ae] Rx - primary_channel_rx: baud_rate=0 high_carrier=1 carrier=1805.0Hz agc=0.00080 power=7306580 shaper_sets=640
FLOW [proto@0x1044753ae] Rx - Phase 3 TRN: best hyp=11 ones=55588/76288 (73%)
FLOW [proto@0x1044753ae] Rx - Phase 3 Ja capture: emitted 80384 bits using hyp=0
FLOW [proto@0x1044753ae] Rx - primary_channel_rx: baud_rate=0 high_carrier=1 carrier=1805.0Hz agc=0.00081 power=7256479 shaper_sets=640
FLOW [proto@0x1044753ae] Rx - primary_channel_rx: baud_rate=0 high_carrier=1 carrier=1804.9Hz agc=0.00081 power=7251748 shaper_sets=640
FLOW [proto@0x1044753ae] Rx - primary_channel_rx: baud_rate=0 high_carrier=1 carrier=1804.9Hz agc=0.00080 power=7292500 shaper_sets=640
FLOW [proto@0x1044753ae] Rx - primary_channel_rx: baud_rate=0 high_carrier=1 carrier=1805.0Hz agc=0.00081 power=7261882 shaper_sets=640
FLOW [proto@0x1044753ae] Rx - primary_channel_rx: baud_rate=0 high_carrier=1 carrier=1805.0Hz agc=0.00080 power=7271290 shaper_sets=640
FLOW [proto@0x1044753ae] Rx - primary_channel_rx: baud_rate=0 high_carrier=1 carrier=1805.0Hz agc=0.00081 power=7239354 shaper_sets=640
FLOW [proto@0x1044753ae] Rx - Phase 3 Ja capture: emitted 80640 bits using hyp=0
FLOW [proto@0x1044753ae] Rx - primary_channel_rx: baud_rate=0 high_carrier=1 carrier=1804.9Hz agc=0.00081 power=7259980 shaper_sets=640
FLOW [proto@0x1044753ae] Rx - Phase 3 WAIT_S heartbeat: dur=4352 demod=0 event=0 j_bits=80702 trn_bits=76620 trn_hint=0/75%
FLOW [proto@0x1044753ae] Rx - primary_channel_rx: baud_rate=0 high_carrier=1 carrier=1804.9Hz agc=0.00080 power=7271697 shaper_sets=640
FLOW [proto@0x1044753ae] Rx - primary_channel_rx: baud_rate=0 high_carrier=1 carrier=1805.0Hz agc=0.00081 power=7240465 shaper_sets=640
FLOW [proto@0x1044753ae] Rx - primary_channel_rx: baud_rate=0 high_carrier=1 carrier=1805.0Hz agc=0.00080 power=7270626 shaper_sets=640
FLOW [proto@0x1044753ae] Rx - primary_channel_rx: baud_rate=0 high_carrier=1 carrier=1805.0Hz agc=0.00081 power=7232142 shaper_sets=640
FLOW [proto@0x1044753ae] Rx - Phase 3 TRN: best hyp=11 ones=55963/76800 (73%)
FLOW [proto@0x1044753ae] Rx - Phase 3 Ja capture: emitted 80896 bits using hyp=0
FLOW [proto@0x1044753ae] Rx - primary_channel_rx: baud_rate=0 high_carrier=1 carrier=1804.9Hz agc=0.00080 power=7276777 shaper_sets=640
FLOW [proto@0x1044753ae] Rx - primary_channel_rx: baud_rate=0 high_carrier=1 carrier=1804.9Hz agc=0.00081 power=7265221 shaper_sets=640
FLOW [proto@0x1044753ae] Rx - primary_channel_rx: baud_rate=0 high_carrier=1 carrier=1805.0Hz agc=0.00080 power=7275669 shaper_sets=640
FLOW [proto@0x1044753ae] Rx - primary_channel_rx: baud_rate=0 high_carrier=1 carrier=1805.0Hz agc=0.00080 power=7266551 shaper_sets=640
FLOW [proto@0x1044753ae] Rx - primary_channel_rx: baud_rate=0 high_carrier=1 carrier=1805.0Hz agc=0.00081 power=7216026 shaper_sets=640
FLOW [proto@0x1044753ae] Rx - Phase 3 Ja capture: emitted 81152 bits using hyp=0
FLOW [proto@0x1044753ae] Rx - primary_channel_rx: baud_rate=0 high_carrier=1 carrier=1804.9Hz agc=0.00081 power=7261818 shaper_sets=640
FLOW [proto@0x1044753ae] Rx - Phase 3 WAIT_S heartbeat: dur=4608 demod=0 event=0 j_bits=81214 trn_bits=77132 trn_hint=0/75%
FLOW [proto@0x1044753ae] Rx - primary_channel_rx: baud_rate=0 high_carrier=1 carrier=1804.9Hz agc=0.00081 power=7216046 shaper_sets=640
FLOW [proto@0x1044753ae] Rx - primary_channel_rx: baud_rate=0 high_carrier=1 carrier=1805.0Hz agc=0.00081 power=7261525 shaper_sets=640
FLOW [proto@0x1044753ae] Rx - primary_channel_rx: baud_rate=0 high_carrier=1 carrier=1805.0Hz agc=0.00081 power=7207443 shaper_sets=640
FLOW [proto@0x1044753ae] Rx - primary_channel_rx: baud_rate=0 high_carrier=1 carrier=1805.0Hz agc=0.00081 power=7264359 shaper_sets=640
FLOW [proto@0x1044753ae] Rx - Phase 3 TRN: best hyp=11 ones=56333/77312 (73%)
FLOW [proto@0x1044753ae] Rx - primary_channel_rx: baud_rate=0 high_carrier=1 carrier=1804.9Hz agc=0.00081 power=7197895 shaper_sets=640
FLOW [proto@0x1044753ae] Rx - Phase 3 Ja capture: emitted 81408 bits using hyp=0
FLOW [proto@0x1044753ae] Rx - primary_channel_rx: baud_rate=0 high_carrier=1 carrier=1804.9Hz agc=0.00081 power=7199185 shaper_sets=640
FLOW [proto@0x1044753ae] Rx - primary_channel_rx: baud_rate=0 high_carrier=1 carrier=1805.0Hz agc=0.00081 power=7224007 shaper_sets=640
FLOW [proto@0x1044753ae] Rx - primary_channel_rx: baud_rate=0 high_carrier=1 carrier=1805.0Hz agc=0.00080 power=7268729 shaper_sets=640
FLOW [proto@0x1044753ae] Rx - primary_channel_rx: baud_rate=0 high_carrier=1 carrier=1805.0Hz agc=0.00081 power=7201245 shaper_sets=640
FLOW [proto@0x1044753ae] Rx - primary_channel_rx: baud_rate=0 high_carrier=1 carrier=1804.9Hz agc=0.00081 power=7200858 shaper_sets=640
FLOW [proto@0x1044753ae] Rx - Phase 3 Ja capture: emitted 81664 bits using hyp=0
FLOW [proto@0x1044753ae] Rx - primary_channel_rx: baud_rate=0 high_carrier=1 carrier=1804.9Hz agc=0.00081 power=7212076 shaper_sets=640
FLOW [proto@0x1044753ae] Rx - Phase 3 WAIT_S heartbeat: dur=4864 demod=0 event=0 j_bits=81726 trn_bits=77644 trn_hint=0/75%
FLOW [proto@0x1044753ae] Rx - primary_channel_rx: baud_rate=0 high_carrier=1 carrier=1805.0Hz agc=0.00081 power=7211289 shaper_sets=640
FLOW [proto@0x1044753ae] Rx - primary_channel_rx: baud_rate=0 high_carrier=1 carrier=1805.0Hz agc=0.00081 power=7209346 shaper_sets=640
FLOW [proto@0x1044753ae] Rx - primary_channel_rx: baud_rate=0 high_carrier=1 carrier=1805.0Hz agc=0.00081 power=7214639 shaper_sets=640
FLOW [proto@0x1044753ae] Rx - primary_channel_rx: baud_rate=0 high_carrier=1 carrier=1804.9Hz agc=0.00081 power=7215065 shaper_sets=640
FLOW [proto@0x1044753ae] Rx - Phase 3 TRN: best hyp=11 ones=56705/77824 (73%)
FLOW [proto@0x1044753ae] Rx - Phase 3 Ja parser input: hyp0 len=81920 bits (stage=10, need ~16340 to parse)
FLOW [proto@0x1044753ae] Rx - Phase 3 Ja capture: emitted 81920 bits using hyp=0
FLOW [proto@0x1044753ae] Rx - primary_channel_rx: baud_rate=0 high_carrier=1 carrier=1804.9Hz agc=0.00081 power=7262865 shaper_sets=640
FLOW [proto@0x1044753ae] Rx - primary_channel_rx: baud_rate=0 high_carrier=1 carrier=1805.0Hz agc=0.00081 power=7214019 shaper_sets=640
FLOW [proto@0x1044753ae] Rx - Phase 3 S baud 5000: mag=1.002 data_bits=3 alt=0/32 stable=0 dom=3:32/32 rev=0/32 counts=0,0,0,32
FLOW [proto@0x1044753ae] Rx - primary_channel_rx: baud_rate=0 high_carrier=1 carrier=1805.0Hz agc=0.00080 power=7286359 shaper_sets=640
FLOW [proto@0x1044753ae] Rx - primary_channel_rx: baud_rate=0 high_carrier=1 carrier=1805.0Hz agc=0.00081 power=7219180 shaper_sets=640
FLOW [proto@0x1044753ae] Rx - primary_channel_rx: baud_rate=0 high_carrier=1 carrier=1804.9Hz agc=0.00081 power=7171026 shaper_sets=640
FLOW [proto@0x1044753ae] Rx - primary_channel_rx: baud_rate=0 high_carrier=1 carrier=1804.9Hz agc=0.00081 power=7172435 shaper_sets=640
FLOW [proto@0x1044753ae] Rx - Phase 3 Ja capture: emitted 82176 bits using hyp=0
FLOW [proto@0x1044753ae] Rx - primary_channel_rx: baud_rate=0 high_carrier=1 carrier=1805.0Hz agc=0.00081 power=7224570 shaper_sets=640
FLOW [proto@0x1044753ae] Rx - Phase 3 WAIT_S heartbeat: dur=5120 demod=0 event=0 j_bits=82238 trn_bits=78156 trn_hint=0/75%
FLOW [proto@0x1044753ae] Rx - primary_channel_rx: baud_rate=0 high_carrier=1 carrier=1805.0Hz agc=0.00081 power=7240149 shaper_sets=640
FLOW [proto@0x1044753ae] Rx - primary_channel_rx: baud_rate=0 high_carrier=1 carrier=1805.0Hz agc=0.00081 power=7226083 shaper_sets=640
FLOW [proto@0x1044753ae] Rx - primary_channel_rx: baud_rate=0 high_carrier=1 carrier=1804.9Hz agc=0.00081 power=7246949 shaper_sets=640
FLOW [proto@0x1044753ae] Rx - primary_channel_rx: baud_rate=0 high_carrier=1 carrier=1804.9Hz agc=0.00081 power=7226103 shaper_sets=640
FLOW [proto@0x1044753ae] Rx - Phase 3 TRN: best hyp=11 ones=57074/78336 (73%)
FLOW [proto@0x1044753ae] Rx - Phase 3 Ja capture: emitted 82432 bits using hyp=0
FLOW [proto@0x1044753ae] Rx - primary_channel_rx: baud_rate=0 high_carrier=1 carrier=1805.0Hz agc=0.00081 power=7247924 shaper_sets=640
FLOW [proto@0x1044753ae] Rx - primary_channel_rx: baud_rate=0 high_carrier=1 carrier=1805.0Hz agc=0.00081 power=7229284 shaper_sets=640
FLOW [proto@0x1044753ae] Rx - primary_channel_rx: baud_rate=0 high_carrier=1 carrier=1805.0Hz agc=0.00081 power=7243227 shaper_sets=640
FLOW [proto@0x1044753ae] Rx - primary_channel_rx: baud_rate=0 high_carrier=1 carrier=1804.9Hz agc=0.00081 power=7199068 shaper_sets=640
FLOW [proto@0x1044753ae] Rx - primary_channel_rx: baud_rate=0 high_carrier=1 carrier=1804.9Hz agc=0.00081 power=7240099 shaper_sets=640
FLOW [proto@0x1044753ae] Rx - Phase 3 Ja capture: emitted 82688 bits using hyp=0
FLOW [proto@0x1044753ae] Rx - primary_channel_rx: baud_rate=0 high_carrier=1 carrier=1805.0Hz agc=0.00081 power=7212679 shaper_sets=640
FLOW [proto@0x1044753ae] Rx - Phase 3 WAIT_S heartbeat: dur=5376 demod=0 event=0 j_bits=82750 trn_bits=78668 trn_hint=0/75%
FLOW [proto@0x1044753ae] Rx - primary_channel_rx: baud_rate=0 high_carrier=1 carrier=1805.0Hz agc=0.00081 power=7239112 shaper_sets=640
FLOW [proto@0x1044753ae] Rx - primary_channel_rx: baud_rate=0 high_carrier=1 carrier=1805.0Hz agc=0.00081 power=7214366 shaper_sets=640
FLOW [proto@0x1044753ae] Rx - primary_channel_rx: baud_rate=0 high_carrier=1 carrier=1804.9Hz agc=0.00081 power=7240352 shaper_sets=640
FLOW [proto@0x1044753ae] Rx - primary_channel_rx: baud_rate=0 high_carrier=1 carrier=1804.9Hz agc=0.00081 power=7211608 shaper_sets=640
FLOW [proto@0x1044753ae] Rx - Phase 3 TRN: best hyp=11 ones=57447/78848 (73%)
FLOW [proto@0x1044753ae] Rx - primary_channel_rx: baud_rate=0 high_carrier=1 carrier=1805.0Hz agc=0.00081 power=7243349 shaper_sets=640
FLOW [proto@0x1044753ae] Rx - Phase 3 Ja capture: emitted 82944 bits using hyp=0
FLOW [proto@0x1044753ae] Rx - primary_channel_rx: baud_rate=0 high_carrier=1 carrier=1805.1Hz agc=0.00081 power=7214089 shaper_sets=640
FLOW [proto@0x1044753ae] Rx - primary_channel_rx: baud_rate=0 high_carrier=1 carrier=1805.0Hz agc=0.00081 power=7242203 shaper_sets=640
FLOW [proto@0x1044753ae] Rx - primary_channel_rx: baud_rate=0 high_carrier=1 carrier=1805.0Hz agc=0.00081 power=7213680 shaper_sets=640
FLOW [proto@0x1044753ae] Rx - primary_channel_rx: baud_rate=0 high_carrier=1 carrier=1804.9Hz agc=0.00081 power=7242036 shaper_sets=640
FLOW [proto@0x1044753ae] Rx - primary_channel_rx: baud_rate=0 high_carrier=1 carrier=1805.0Hz agc=0.00081 power=7214470 shaper_sets=640
FLOW [proto@0x1044753ae] Rx - Phase 3 Ja capture: emitted 83200 bits using hyp=0
FLOW [proto@0x1044753ae] Rx - primary_channel_rx: baud_rate=0 high_carrier=1 carrier=1805.1Hz agc=0.00081 power=7219682 shaper_sets=640
FLOW [proto@0x1044753ae] Rx - Phase 3 WAIT_S heartbeat: dur=5632 demod=0 event=0 j_bits=83262 trn_bits=79180 trn_hint=0/75%
FLOW [proto@0x1044753ae] Rx - primary_channel_rx: baud_rate=0 high_carrier=1 carrier=1805.1Hz agc=0.00081 power=7215724 shaper_sets=640
FLOW [proto@0x1044753ae] Rx - primary_channel_rx: baud_rate=0 high_carrier=1 carrier=1805.0Hz agc=0.00081 power=7213692 shaper_sets=640
FLOW [proto@0x1044753ae] Rx - primary_channel_rx: baud_rate=0 high_carrier=1 carrier=1804.9Hz agc=0.00081 power=7213824 shaper_sets=640
FLOW [proto@0x1044753ae] Rx - primary_channel_rx: baud_rate=0 high_carrier=1 carrier=1805.0Hz agc=0.00081 power=7215047 shaper_sets=640
FLOW [proto@0x1044753ae] Rx - Phase 3 TRN: best hyp=11 ones=57815/79360 (73%)
FLOW [proto@0x1044753ae] Rx - Phase 3 Ja capture: emitted 83456 bits using hyp=0
FLOW [proto@0x1044753ae] Rx - primary_channel_rx: baud_rate=0 high_carrier=1 carrier=1805.1Hz agc=0.00081 power=7215837 shaper_sets=640
FLOW [proto@0x1044753ae] Rx - primary_channel_rx: baud_rate=0 high_carrier=1 carrier=1805.1Hz agc=0.00081 power=7215888 shaper_sets=640
FLOW [proto@0x1044753ae] Rx - primary_channel_rx: baud_rate=0 high_carrier=1 carrier=1805.0Hz agc=0.00081 power=7216072 shaper_sets=640
FLOW [proto@0x1044753ae] Rx - primary_channel_rx: baud_rate=0 high_carrier=1 carrier=1804.9Hz agc=0.00081 power=7215863 shaper_sets=640
FLOW [proto@0x1044753ae] Rx - primary_channel_rx: baud_rate=0 high_carrier=1 carrier=1805.0Hz agc=0.00081 power=7214695 shaper_sets=640
FLOW [proto@0x1044753ae] Rx - primary_channel_rx: baud_rate=0 high_carrier=1 carrier=1805.1Hz agc=0.00081 power=7213678 shaper_sets=640
FLOW [proto@0x1044753ae] Rx - Phase 3 Ja capture: emitted 83712 bits using hyp=0
FLOW [proto@0x1044753ae] Rx - primary_channel_rx: baud_rate=0 high_carrier=1 carrier=1805.1Hz agc=0.00081 power=7216858 shaper_sets=640
FLOW [proto@0x1044753ae] Rx - Phase 3 WAIT_S heartbeat: dur=5888 demod=0 event=0 j_bits=83774 trn_bits=79692 trn_hint=0/75%
FLOW [proto@0x1044753ae] Rx - primary_channel_rx: baud_rate=0 high_carrier=1 carrier=1805.0Hz agc=0.00081 power=7213650 shaper_sets=640
FLOW [proto@0x1044753ae] Rx - primary_channel_rx: baud_rate=0 high_carrier=1 carrier=1804.9Hz agc=0.00081 power=7217279 shaper_sets=640
FLOW [proto@0x1044753ae] Rx - primary_channel_rx: baud_rate=0 high_carrier=1 carrier=1805.0Hz agc=0.00081 power=7195547 shaper_sets=640
FLOW [proto@0x1044753ae] Rx - primary_channel_rx: baud_rate=0 high_carrier=1 carrier=1805.1Hz agc=0.00081 power=7216860 shaper_sets=640
FLOW [proto@0x1044753ae] Rx - Phase 3 TRN: best hyp=11 ones=58189/79872 (73%)
FLOW [proto@0x1044753ae] Rx - Phase 3 Ja parser input: hyp0 len=83968 bits (stage=10, need ~16340 to parse)
FLOW [proto@0x1044753ae] Rx - Phase 3 Ja capture: emitted 83968 bits using hyp=0
FLOW [proto@0x1044753ae] Rx - Phase 3 S baud 6000: mag=0.992 data_bits=3 alt=0/32 stable=0 dom=3:32/32 rev=0/32 counts=0,0,0,32
FLOW [proto@0x1044753ae] Rx - Phase 3: S detect timeout (6000 bauds, alt=0/32 rev=0/32, j_bits=84000 trn_bits=79918 trn_hint=0/75%), continuing search
FLOW [proto@0x1044753ae] Rx - primary_channel_rx: baud_rate=0 high_carrier=1 carrier=1805.1Hz agc=0.00081 power=7199728 shaper_sets=640
FLOW [proto@0x1044753ae] Rx - Phase 3 WAIT_S heartbeat: dur=1 demod=0 event=0 j_bits=84000 trn_bits=79918 trn_hint=0/75%
FLOW [proto@0x1044753ae] Rx - Phase 3 S baud 1: mag=1.007 data_bits=3 alt=0/32 stable=0 dom=3:1/32 rev=0/32 counts=0,0,0,1
FLOW [proto@0x1044753ae] Rx - Phase 3 S baud 2: mag=1.011 data_bits=3 alt=0/32 stable=0 dom=3:2/32 rev=0/32 counts=0,0,0,2
FLOW [proto@0x1044753ae] Rx - Phase 3 S baud 3: mag=0.991 data_bits=3 alt=0/32 stable=0 dom=3:3/32 rev=0/32 counts=0,0,0,3
FLOW [proto@0x1044753ae] Rx - Phase 3 S baud 4: mag=0.985 data_bits=3 alt=0/32 stable=0 dom=3:4/32 rev=0/32 counts=0,0,0,4
FLOW [proto@0x1044753ae] Rx - primary_channel_rx: baud_rate=0 high_carrier=1 carrier=1805.0Hz agc=0.00081 power=7206562 shaper_sets=640
FLOW [proto@0x1044753ae] Rx - primary_channel_rx: baud_rate=0 high_carrier=1 carrier=1804.9Hz agc=0.00081 power=7187015 shaper_sets=640
FLOW [proto@0x1044753ae] Rx - primary_channel_rx: baud_rate=0 high_carrier=1 carrier=1805.0Hz agc=0.00081 power=7225132 shaper_sets=640
FLOW [proto@0x1044753ae] Rx - primary_channel_rx: baud_rate=0 high_carrier=1 carrier=1805.1Hz agc=0.00081 power=7206576 shaper_sets=640
FLOW [proto@0x1044753ae] Rx - Phase 3 Ja capture: emitted 84224 bits using hyp=0
FLOW [proto@0x1044753ae] Rx - primary_channel_rx: baud_rate=0 high_carrier=1 carrier=1805.0Hz agc=0.00081 power=7186861 shaper_sets=640
FLOW [proto@0x1044753ae] Rx - primary_channel_rx: baud_rate=0 high_carrier=1 carrier=1805.0Hz agc=0.00081 power=7187567 shaper_sets=640
FLOW [proto@0x1044753ae] Rx - primary_channel_rx: baud_rate=0 high_carrier=1 carrier=1804.9Hz agc=0.00081 power=7206090 shaper_sets=640
FLOW [proto@0x1044753ae] Rx - primary_channel_rx: baud_rate=0 high_carrier=1 carrier=1805.0Hz agc=0.00081 power=7203207 shaper_sets=640
FLOW [proto@0x1044753ae] Rx - primary_channel_rx: baud_rate=0 high_carrier=1 carrier=1805.0Hz agc=0.00081 power=7217284 shaper_sets=640
FLOW [proto@0x1044753ae] Rx - primary_channel_rx: baud_rate=0 high_carrier=1 carrier=1805.0Hz agc=0.00081 power=7200822 shaper_sets=640
FLOW [proto@0x1044753ae] Rx - Phase 3 Ja capture: emitted 84480 bits using hyp=0
FLOW [proto@0x1044753ae] Rx - Phase 3 WAIT_S heartbeat: dur=256 demod=0 event=0 j_bits=84510 trn_bits=79918 trn_hint=0/75%
FLOW [proto@0x1044753ae] Rx - primary_channel_rx: baud_rate=0 high_carrier=1 carrier=1804.9Hz agc=0.00081 power=7213714 shaper_sets=640
FLOW [proto@0x1044753ae] Rx - primary_channel_rx: baud_rate=0 high_carrier=1 carrier=1804.9Hz agc=0.00081 power=7214474 shaper_sets=640
FLOW [proto@0x1044753ae] Rx - primary_channel_rx: baud_rate=0 high_carrier=1 carrier=1805.0Hz agc=0.00081 power=7216336 shaper_sets=640
FLOW [proto@0x1044753ae] Rx - primary_channel_rx: baud_rate=0 high_carrier=1 carrier=1805.1Hz agc=0.00081 power=7214577 shaper_sets=640
FLOW [proto@0x1044753ae] Rx - primary_channel_rx: baud_rate=0 high_carrier=1 carrier=1805.0Hz agc=0.00081 power=7251105 shaper_sets=640
FLOW [proto@0x1044753ae] Rx - Phase 3 Ja capture: emitted 84736 bits using hyp=0
FLOW [proto@0x1044753ae] Rx - primary_channel_rx: baud_rate=0 high_carrier=1 carrier=1804.9Hz agc=0.00081 power=7250900 shaper_sets=640
FLOW [proto@0x1044753ae] Rx - primary_channel_rx: baud_rate=0 high_carrier=1 carrier=1804.9Hz agc=0.00081 power=7250493 shaper_sets=640
FLOW [proto@0x1044753ae] Rx - primary_channel_rx: baud_rate=0 high_carrier=1 carrier=1805.0Hz agc=0.00081 power=7250820 shaper_sets=640
FLOW [proto@0x1044753ae] Rx - primary_channel_rx: baud_rate=0 high_carrier=1 carrier=1805.1Hz agc=0.00081 power=7253042 shaper_sets=640
FLOW [proto@0x1044753ae] Rx - primary_channel_rx: baud_rate=0 high_carrier=1 carrier=1805.0Hz agc=0.00081 power=7253844 shaper_sets=640
FLOW [proto@0x1044753ae] Rx - Phase 3 TRN: best hyp=11 ones=58559/80384 (73%)
FLOW [proto@0x1044753ae] Rx - Phase 3 Ja capture: emitted 84992 bits using hyp=0
FLOW [proto@0x1044753ae] Rx - primary_channel_rx: baud_rate=0 high_carrier=1 carrier=1804.9Hz agc=0.00081 power=7239919 shaper_sets=640
FLOW [proto@0x1044753ae] Rx - Phase 3 WAIT_S heartbeat: dur=512 demod=0 event=0 j_bits=85022 trn_bits=80430 trn_hint=0/75%
FLOW [proto@0x1044753ae] Rx - primary_channel_rx: baud_rate=0 high_carrier=1 carrier=1804.9Hz agc=0.00081 power=7246557 shaper_sets=640
FLOW [proto@0x1044753ae] Rx - primary_channel_rx: baud_rate=0 high_carrier=1 carrier=1805.0Hz agc=0.00081 power=7238083 shaper_sets=640
FLOW [proto@0x1044753ae] Rx - primary_channel_rx: baud_rate=0 high_carrier=1 carrier=1805.1Hz agc=0.00081 power=7244387 shaper_sets=640
FLOW [proto@0x1044753ae] Rx - primary_channel_rx: baud_rate=0 high_carrier=1 carrier=1805.0Hz agc=0.00081 power=7245014 shaper_sets=640
FLOW [proto@0x1044753ae] Rx - primary_channel_rx: baud_rate=0 high_carrier=1 carrier=1805.0Hz agc=0.00081 power=7222304 shaper_sets=640
FLOW [proto@0x1044753ae] Rx - Phase 3 Ja capture: emitted 85248 bits using hyp=0
FLOW [proto@0x1044753ae] Rx - primary_channel_rx: baud_rate=0 high_carrier=1 carrier=1804.9Hz agc=0.00081 power=7234649 shaper_sets=640
FLOW [proto@0x1044753ae] Rx - primary_channel_rx: baud_rate=0 high_carrier=1 carrier=1805.0Hz agc=0.00081 power=7247836 shaper_sets=640
FLOW [proto@0x1044753ae] Rx - primary_channel_rx: baud_rate=0 high_carrier=1 carrier=1805.1Hz agc=0.00081 power=7232239 shaper_sets=640
FLOW [proto@0x1044753ae] Rx - primary_channel_rx: baud_rate=0 high_carrier=1 carrier=1805.0Hz agc=0.00081 power=7227392 shaper_sets=640
FLOW [proto@0x1044753ae] Rx - Phase 3 TRN: best hyp=11 ones=58926/80896 (73%)
FLOW [proto@0x1044753ae] Rx - primary_channel_rx: baud_rate=0 high_carrier=1 carrier=1805.0Hz agc=0.00081 power=7239229 shaper_sets=640
FLOW [proto@0x1044753ae] Rx - Phase 3 Ja capture: emitted 85504 bits using hyp=0
FLOW [proto@0x1044753ae] Rx - Phase 3 WAIT_S heartbeat: dur=768 demod=0 event=0 j_bits=85534 trn_bits=80942 trn_hint=0/75%
FLOW [proto@0x1044753ae] Rx - primary_channel_rx: baud_rate=0 high_carrier=1 carrier=1804.9Hz agc=0.00081 power=7211552 shaper_sets=640
FLOW [proto@0x1044753ae] Rx - primary_channel_rx: baud_rate=0 high_carrier=1 carrier=1805.0Hz agc=0.00081 power=7221813 shaper_sets=640
FLOW [proto@0x1044753ae] Rx - primary_channel_rx: baud_rate=0 high_carrier=1 carrier=1805.1Hz agc=0.00081 power=7215781 shaper_sets=640
FLOW [proto@0x1044753ae] Rx - primary_channel_rx: baud_rate=0 high_carrier=1 carrier=1805.1Hz agc=0.00081 power=7201986 shaper_sets=640
FLOW [proto@0x1044753ae] Rx - primary_channel_rx: baud_rate=0 high_carrier=1 carrier=1805.0Hz agc=0.00081 power=7209454 shaper_sets=640
FLOW [proto@0x1044753ae] Rx - Phase 3 Ja capture: emitted 85760 bits using hyp=0
FLOW [proto@0x1044753ae] Rx - primary_channel_rx: baud_rate=0 high_carrier=1 carrier=1804.9Hz agc=0.00081 power=7218219 shaper_sets=640
FLOW [proto@0x1044753ae] Rx - primary_channel_rx: baud_rate=0 high_carrier=1 carrier=1805.0Hz agc=0.00081 power=7215780 shaper_sets=640
FLOW [proto@0x1044753ae] Rx - primary_channel_rx: baud_rate=0 high_carrier=1 carrier=1805.1Hz agc=0.00081 power=7225503 shaper_sets=640
FLOW [proto@0x1044753ae] Rx - primary_channel_rx: baud_rate=0 high_carrier=1 carrier=1805.1Hz agc=0.00081 power=7221127 shaper_sets=640
FLOW [proto@0x1044753ae] Rx - primary_channel_rx: baud_rate=0 high_carrier=1 carrier=1805.0Hz agc=0.00081 power=7215321 shaper_sets=640
FLOW [proto@0x1044753ae] Rx - Phase 3 TRN: best hyp=11 ones=59299/81408 (73%)
FLOW [proto@0x1044753ae] Rx - Phase 3 S baud 1000: mag=0.973 data_bits=3 alt=0/32 stable=0 dom=3:32/32 rev=0/32 counts=0,0,0,32
FLOW [proto@0x1044753ae] Rx - primary_channel_rx: baud_rate=0 high_carrier=1 carrier=1804.9Hz agc=0.00081 power=7215330 shaper_sets=640
FLOW [proto@0x1044753ae] Rx - Phase 3 Ja parser input: hyp0 len=86016 bits (stage=10, need ~16340 to parse)
FLOW [proto@0x1044753ae] Rx - Phase 3 Ja capture: emitted 86016 bits using hyp=0
FLOW [proto@0x1044753ae] Rx - Phase 3 WAIT_S heartbeat: dur=1024 demod=0 event=0 j_bits=86046 trn_bits=81454 trn_hint=0/75%
FLOW [proto@0x1044753ae] Rx - primary_channel_rx: baud_rate=0 high_carrier=1 carrier=1805.0Hz agc=0.00081 power=7215291 shaper_sets=640
FLOW [proto@0x1044753ae] Rx - primary_channel_rx: baud_rate=0 high_carrier=1 carrier=1805.1Hz agc=0.00081 power=7215173 shaper_sets=640
FLOW [proto@0x1044753ae] Rx - primary_channel_rx: baud_rate=0 high_carrier=1 carrier=1805.1Hz agc=0.00081 power=7188204 shaper_sets=640
FLOW [proto@0x1044753ae] Rx - primary_channel_rx: baud_rate=0 high_carrier=1 carrier=1805.0Hz agc=0.00081 power=7220365 shaper_sets=640
FLOW [proto@0x1044753ae] Rx - primary_channel_rx: baud_rate=0 high_carrier=1 carrier=1804.9Hz agc=0.00081 power=7215442 shaper_sets=640
FLOW [proto@0x1044753ae] Rx - Phase 3 Ja capture: emitted 86272 bits using hyp=0
FLOW [proto@0x1044753ae] Rx - primary_channel_rx: baud_rate=0 high_carrier=1 carrier=1805.0Hz agc=0.00081 power=7219760 shaper_sets=640
FLOW [proto@0x1044753ae] Rx - primary_channel_rx: baud_rate=0 high_carrier=1 carrier=1805.1Hz agc=0.00081 power=7211177 shaper_sets=640
FLOW [proto@0x1044753ae] Rx - primary_channel_rx: baud_rate=0 high_carrier=1 carrier=1805.1Hz agc=0.00081 power=7218769 shaper_sets=640
FLOW [proto@0x1044753ae] Rx - primary_channel_rx: baud_rate=0 high_carrier=1 carrier=1805.0Hz agc=0.00081 power=7162740 shaper_sets=640
FLOW [proto@0x1044753ae] Rx - primary_channel_rx: baud_rate=0 high_carrier=1 carrier=1804.9Hz agc=0.00081 power=7173081 shaper_sets=640
FLOW [proto@0x1044753ae] Rx - Phase 3 TRN: best hyp=11 ones=59665/81920 (73%)
FLOW [proto@0x1044753ae] Rx - Phase 3 Ja capture: emitted 86528 bits using hyp=0
FLOW [proto@0x1044753ae] Rx - primary_channel_rx: baud_rate=0 high_carrier=1 carrier=1805.1Hz agc=0.00081 power=7170138 shaper_sets=640
FLOW [proto@0x1044753ae] Rx - Phase 3 WAIT_S heartbeat: dur=1280 demod=0 event=0 j_bits=86558 trn_bits=81966 trn_hint=0/75%
FLOW [proto@0x1044753ae] Rx - primary_channel_rx: baud_rate=0 high_carrier=1 carrier=1805.1Hz agc=0.00081 power=7168808 shaper_sets=640
FLOW [proto@0x1044753ae] Rx - primary_channel_rx: baud_rate=0 high_carrier=1 carrier=1805.1Hz agc=0.00081 power=7189722 shaper_sets=640
FLOW [proto@0x1044753ae] Rx - primary_channel_rx: baud_rate=0 high_carrier=1 carrier=1805.0Hz agc=0.00081 power=7185469 shaper_sets=640
FLOW [proto@0x1044753ae] Rx - primary_channel_rx: baud_rate=0 high_carrier=1 carrier=1805.0Hz agc=0.00081 power=7163428 shaper_sets=640
FLOW [proto@0x1044753ae] Rx - primary_channel_rx: baud_rate=0 high_carrier=1 carrier=1805.1Hz agc=0.00081 power=7176920 shaper_sets=640
FLOW [proto@0x1044753ae] Rx - Phase 3 Ja capture: emitted 86784 bits using hyp=0
FLOW [proto@0x1044753ae] Rx - primary_channel_rx: baud_rate=0 high_carrier=1 carrier=1805.1Hz agc=0.00081 power=7173244 shaper_sets=640
FLOW [proto@0x1044753ae] Rx - primary_channel_rx: baud_rate=0 high_carrier=1 carrier=1805.1Hz agc=0.00081 power=7165406 shaper_sets=640
FLOW [proto@0x1044753ae] Rx - primary_channel_rx: baud_rate=0 high_carrier=1 carrier=1805.0Hz agc=0.00081 power=7170172 shaper_sets=640
FLOW [proto@0x1044753ae] Rx - primary_channel_rx: baud_rate=0 high_carrier=1 carrier=1805.0Hz agc=0.00081 power=7169896 shaper_sets=640
FLOW [proto@0x1044753ae] Rx - Phase 3 TRN: best hyp=11 ones=60034/82432 (73%)
FLOW [proto@0x1044753ae] Rx - primary_channel_rx: baud_rate=0 high_carrier=1 carrier=1805.1Hz agc=0.00081 power=7169904 shaper_sets=640
FLOW [proto@0x1044753ae] Rx - Phase 3 Ja capture: emitted 87040 bits using hyp=0
FLOW [proto@0x1044753ae] Rx - Phase 3 WAIT_S heartbeat: dur=1536 demod=0 event=0 j_bits=87070 trn_bits=82478 trn_hint=0/75%
FLOW [proto@0x1044753ae] Rx - primary_channel_rx: baud_rate=0 high_carrier=1 carrier=1805.1Hz agc=0.00081 power=7165193 shaper_sets=640
FLOW [proto@0x1044753ae] Rx - primary_channel_rx: baud_rate=0 high_carrier=1 carrier=1805.1Hz agc=0.00081 power=7170786 shaper_sets=640
FLOW [proto@0x1044753ae] Rx - primary_channel_rx: baud_rate=0 high_carrier=1 carrier=1805.0Hz agc=0.00081 power=7177881 shaper_sets=640
FLOW [proto@0x1044753ae] Rx - primary_channel_rx: baud_rate=0 high_carrier=1 carrier=1805.0Hz agc=0.00081 power=7186612 shaper_sets=640
FLOW [proto@0x1044753ae] Rx - primary_channel_rx: baud_rate=0 high_carrier=1 carrier=1805.1Hz agc=0.00081 power=7177844 shaper_sets=640
FLOW [proto@0x1044753ae] Rx - Phase 3 Ja capture: emitted 87296 bits using hyp=0
FLOW [proto@0x1044753ae] Rx - primary_channel_rx: baud_rate=0 high_carrier=1 carrier=1805.1Hz agc=0.00081 power=7171827 shaper_sets=640
FLOW [proto@0x1044753ae] Rx - primary_channel_rx: baud_rate=0 high_carrier=1 carrier=1805.1Hz agc=0.00081 power=7175574 shaper_sets=640
FLOW [proto@0x1044753ae] Rx - primary_channel_rx: baud_rate=0 high_carrier=1 carrier=1805.0Hz agc=0.00081 power=7170374 shaper_sets=640
FLOW [proto@0x1044753ae] Rx - primary_channel_rx: baud_rate=0 high_carrier=1 carrier=1805.0Hz agc=0.00081 power=7175567 shaper_sets=640
FLOW [proto@0x1044753ae] Rx - primary_channel_rx: baud_rate=0 high_carrier=1 carrier=1805.1Hz agc=0.00081 power=7175284 shaper_sets=640
FLOW [proto@0x1044753ae] Rx - Phase 3 TRN: best hyp=11 ones=60406/82944 (73%)
FLOW [proto@0x1044753ae] Rx - primary_channel_rx: baud_rate=0 high_carrier=1 carrier=1805.1Hz agc=0.00081 power=7175433 shaper_sets=640
FLOW [proto@0x1044753ae] Rx - Phase 3 Ja capture: emitted 87552 bits using hyp=0
FLOW [proto@0x1044753ae] Rx - Phase 3 WAIT_S heartbeat: dur=1792 demod=0 event=0 j_bits=87582 trn_bits=82990 trn_hint=0/75%
FLOW [proto@0x1044753ae] Rx - primary_channel_rx: baud_rate=0 high_carrier=1 carrier=1805.1Hz agc=0.00081 power=7174974 shaper_sets=640
FLOW [proto@0x1044753ae] Rx - primary_channel_rx: baud_rate=0 high_carrier=1 carrier=1805.0Hz agc=0.00081 power=7170417 shaper_sets=640
FLOW [proto@0x1044753ae] Rx - primary_channel_rx: baud_rate=0 high_carrier=1 carrier=1805.0Hz agc=0.00081 power=7174804 shaper_sets=640
FLOW [proto@0x1044753ae] Rx - primary_channel_rx: baud_rate=0 high_carrier=1 carrier=1805.1Hz agc=0.00081 power=7174129 shaper_sets=640
FLOW [proto@0x1044753ae] Rx - primary_channel_rx: baud_rate=0 high_carrier=1 carrier=1805.1Hz agc=0.00081 power=7163156 shaper_sets=640
FLOW [proto@0x1044753ae] Rx - Phase 3 Ja capture: emitted 87808 bits using hyp=0
FLOW [proto@0x1044753ae] Rx - primary_channel_rx: baud_rate=0 high_carrier=1 carrier=1805.1Hz agc=0.00081 power=7173283 shaper_sets=640
FLOW [proto@0x1044753ae] Rx - primary_channel_rx: baud_rate=0 high_carrier=1 carrier=1805.0Hz agc=0.00081 power=7167396 shaper_sets=640
FLOW [proto@0x1044753ae] Rx - primary_channel_rx: baud_rate=0 high_carrier=1 carrier=1805.1Hz agc=0.00081 power=7160436 shaper_sets=640
FLOW [proto@0x1044753ae] Rx - primary_channel_rx: baud_rate=0 high_carrier=1 carrier=1805.1Hz agc=0.00081 power=7167186 shaper_sets=640
FLOW [proto@0x1044753ae] Rx - Phase 3 S baud 2000: mag=1.019 data_bits=3 alt=0/32 stable=0 dom=3:32/32 rev=0/32 counts=0,0,0,32
FLOW [proto@0x1044753ae] Rx - primary_channel_rx: baud_rate=0 high_carrier=1 carrier=1805.1Hz agc=0.00081 power=7167530 shaper_sets=640
FLOW [proto@0x1044753ae] Rx - Phase 3 TRN: best hyp=11 ones=60775/83456 (73%)
FLOW [proto@0x1044753ae] Rx - Phase 3 Ja parser input: hyp0 len=88064 bits (stage=10, need ~16340 to parse)
FLOW [proto@0x1044753ae] Rx - Phase 3 Ja capture: emitted 88064 bits using hyp=0
FLOW [proto@0x1044753ae] Rx - primary_channel_rx: baud_rate=0 high_carrier=1 carrier=1805.1Hz agc=0.00081 power=7165215 shaper_sets=640
FLOW [proto@0x1044753ae] Rx - Phase 3 WAIT_S heartbeat: dur=2048 demod=0 event=0 j_bits=88094 trn_bits=83502 trn_hint=0/75%
FLOW [proto@0x1044753ae] Rx - primary_channel_rx: baud_rate=0 high_carrier=1 carrier=1804.9Hz agc=0.00081 power=7164579 shaper_sets=640
FLOW [proto@0x1044753ae] Rx - primary_channel_rx: baud_rate=0 high_carrier=1 carrier=1805.1Hz agc=0.00081 power=7177144 shaper_sets=640
FLOW [proto@0x1044753ae] Rx - primary_channel_rx: baud_rate=0 high_carrier=1 carrier=1805.1Hz agc=0.00081 power=7164826 shaper_sets=640
FLOW [proto@0x1044753ae] Rx - primary_channel_rx: baud_rate=0 high_carrier=1 carrier=1805.1Hz agc=0.00081 power=7162401 shaper_sets=640
FLOW [proto@0x1044753ae] Rx - primary_channel_rx: baud_rate=0 high_carrier=1 carrier=1805.1Hz agc=0.00081 power=7163781 shaper_sets=640
FLOW [proto@0x1044753ae] Rx - Phase 3 Ja capture: emitted 88320 bits using hyp=0
FLOW [proto@0x1044753ae] Rx - primary_channel_rx: baud_rate=0 high_carrier=1 carrier=1804.9Hz agc=0.00081 power=7171664 shaper_sets=640
FLOW [proto@0x1044753ae] Rx - primary_channel_rx: baud_rate=0 high_carrier=1 carrier=1805.1Hz agc=0.00081 power=7184648 shaper_sets=640
FLOW [proto@0x1044753ae] Rx - primary_channel_rx: baud_rate=0 high_carrier=1 carrier=1805.1Hz agc=0.00081 power=7189748 shaper_sets=640
FLOW [proto@0x1044753ae] Rx - primary_channel_rx: baud_rate=0 high_carrier=1 carrier=1805.1Hz agc=0.00081 power=7191079 shaper_sets=640
FLOW [proto@0x1044753ae] Rx - Phase 3 TRN: best hyp=11 ones=61145/83968 (73%)
FLOW [proto@0x1044753ae] Rx - primary_channel_rx: baud_rate=0 high_carrier=1 carrier=1805.1Hz agc=0.00081 power=7184872 shaper_sets=640
FLOW [proto@0x1044753ae] Rx - Phase 3 Ja capture: emitted 88576 bits using hyp=0
FLOW [proto@0x1044753ae] Rx - Phase 3 WAIT_S heartbeat: dur=2304 demod=0 event=0 j_bits=88606 trn_bits=84014 trn_hint=0/75%
FLOW [proto@0x1044753ae] Rx - primary_channel_rx: baud_rate=0 high_carrier=1 carrier=1804.9Hz agc=0.00081 power=7208823 shaper_sets=640
FLOW [proto@0x1044753ae] Rx - primary_channel_rx: baud_rate=0 high_carrier=1 carrier=1805.1Hz agc=0.00081 power=7194230 shaper_sets=640
FLOW [proto@0x1044753ae] Rx - primary_channel_rx: baud_rate=0 high_carrier=1 carrier=1805.1Hz agc=0.00081 power=7242362 shaper_sets=640
FLOW [proto@0x1044753ae] Rx - primary_channel_rx: baud_rate=0 high_carrier=1 carrier=1805.1Hz agc=0.00081 power=7241920 shaper_sets=640
FLOW [proto@0x1044753ae] Rx - primary_channel_rx: baud_rate=0 high_carrier=1 carrier=1805.0Hz agc=0.00081 power=7194000 shaper_sets=640
FLOW [proto@0x1044753ae] Rx - Phase 3 Ja capture: emitted 88832 bits using hyp=0
FLOW [proto@0x1044753ae] Rx - primary_channel_rx: baud_rate=0 high_carrier=1 carrier=1805.0Hz agc=0.00081 power=7241857 shaper_sets=640
FLOW [proto@0x1044753ae] Rx - primary_channel_rx: baud_rate=0 high_carrier=1 carrier=1805.1Hz agc=0.00081 power=7200360 shaper_sets=640
FLOW [proto@0x1044753ae] Rx - primary_channel_rx: baud_rate=0 high_carrier=1 carrier=1805.1Hz agc=0.00081 power=7208768 shaper_sets=640
FLOW [proto@0x1044753ae] Rx - primary_channel_rx: baud_rate=0 high_carrier=1 carrier=1805.1Hz agc=0.00081 power=7185775 shaper_sets=640
FLOW [proto@0x1044753ae] Rx - primary_channel_rx: baud_rate=0 high_carrier=1 carrier=1805.0Hz agc=0.00081 power=7203483 shaper_sets=640
FLOW [proto@0x1044753ae] Rx - Phase 3 TRN: best hyp=11 ones=61521/84480 (73%)
FLOW [proto@0x1044753ae] Rx - primary_channel_rx: baud_rate=0 high_carrier=1 carrier=1805.0Hz agc=0.00081 power=7194513 shaper_sets=640
FLOW [proto@0x1044753ae] Rx - Phase 3 Ja capture: emitted 89088 bits using hyp=0
FLOW [proto@0x1044753ae] Rx - Phase 3 WAIT_S heartbeat: dur=2560 demod=0 event=0 j_bits=89118 trn_bits=84526 trn_hint=0/75%
FLOW [proto@0x1044753ae] Rx - primary_channel_rx: baud_rate=0 high_carrier=1 carrier=1805.1Hz agc=0.00081 power=7209133 shaper_sets=640
FLOW [proto@0x1044753ae] Rx - primary_channel_rx: baud_rate=0 high_carrier=1 carrier=1805.2Hz agc=0.00081 power=7243876 shaper_sets=640
FLOW [proto@0x1044753ae] Rx - primary_channel_rx: baud_rate=0 high_carrier=1 carrier=1805.1Hz agc=0.00081 power=7209686 shaper_sets=640
FLOW [proto@0x1044753ae] Rx - primary_channel_rx: baud_rate=0 high_carrier=1 carrier=1805.0Hz agc=0.00081 power=7250086 shaper_sets=640
FLOW [proto@0x1044753ae] Rx - primary_channel_rx: baud_rate=0 high_carrier=1 carrier=1805.0Hz agc=0.00081 power=7213081 shaper_sets=640
FLOW [proto@0x1044753ae] Rx - Phase 3 Ja capture: emitted 89344 bits using hyp=0
FLOW [proto@0x1044753ae] Rx - primary_channel_rx: baud_rate=0 high_carrier=1 carrier=1805.1Hz agc=0.00081 power=7260871 shaper_sets=640
FLOW [proto@0x1044753ae] Rx - primary_channel_rx: baud_rate=0 high_carrier=1 carrier=1805.1Hz agc=0.00081 power=7216387 shaper_sets=640
FLOW [proto@0x1044753ae] Rx - primary_channel_rx: baud_rate=0 high_carrier=1 carrier=1805.1Hz agc=0.00081 power=7249711 shaper_sets=640
FLOW [proto@0x1044753ae] Rx - primary_channel_rx: baud_rate=0 high_carrier=1 carrier=1805.0Hz agc=0.00081 power=7257626 shaper_sets=640
FLOW [proto@0x1044753ae] Rx - primary_channel_rx: baud_rate=0 high_carrier=1 carrier=1805.0Hz agc=0.00081 power=7258891 shaper_sets=640
FLOW [proto@0x1044753ae] Rx - Phase 3 TRN: best hyp=11 ones=61883/84992 (73%)
FLOW [proto@0x1044753ae] Rx - Phase 3 Ja capture: emitted 89600 bits using hyp=0
FLOW [proto@0x1044753ae] Rx - primary_channel_rx: baud_rate=0 high_carrier=1 carrier=1805.1Hz agc=0.00081 power=7206300 shaper_sets=640
FLOW [proto@0x1044753ae] Rx - Phase 3 WAIT_S heartbeat: dur=2816 demod=0 event=0 j_bits=89630 trn_bits=85038 trn_hint=0/75%
FLOW [proto@0x1044753ae] Rx - primary_channel_rx: baud_rate=0 high_carrier=1 carrier=1805.2Hz agc=0.00081 power=7244644 shaper_sets=640
FLOW [proto@0x1044753ae] Rx - primary_channel_rx: baud_rate=0 high_carrier=1 carrier=1805.1Hz agc=0.00081 power=7250789 shaper_sets=640
FLOW [proto@0x1044753ae] Rx - primary_channel_rx: baud_rate=0 high_carrier=1 carrier=1805.0Hz agc=0.00081 power=7244909 shaper_sets=640
FLOW [proto@0x1044753ae] Rx - primary_channel_rx: baud_rate=0 high_carrier=1 carrier=1805.0Hz agc=0.00081 power=7239142 shaper_sets=640
FLOW [proto@0x1044753ae] Rx - primary_channel_rx: baud_rate=0 high_carrier=1 carrier=1805.1Hz agc=0.00081 power=7240274 shaper_sets=640
FLOW [proto@0x1044753ae] Rx - Phase 3 Ja capture: emitted 89856 bits using hyp=0
FLOW [proto@0x1044753ae] Rx - primary_channel_rx: baud_rate=0 high_carrier=1 carrier=1805.2Hz agc=0.00081 power=7237866 shaper_sets=640
FLOW [proto@0x1044753ae] Rx - primary_channel_rx: baud_rate=0 high_carrier=1 carrier=1805.1Hz agc=0.00081 power=7245175 shaper_sets=640
FLOW [proto@0x1044753ae] Rx - Phase 3 S baud 3000: mag=1.002 data_bits=3 alt=0/32 stable=0 dom=3:32/32 rev=0/32 counts=0,0,0,32
FLOW [proto@0x1044753ae] Rx - primary_channel_rx: baud_rate=0 high_carrier=1 carrier=1805.0Hz agc=0.00081 power=7239120 shaper_sets=640
FLOW [proto@0x1044753ae] Rx - primary_channel_rx: baud_rate=0 high_carrier=1 carrier=1805.0Hz agc=0.00081 power=7248347 shaper_sets=640
FLOW [proto@0x1044753ae] Rx - Phase 3 TRN: best hyp=11 ones=62254/85504 (73%)
FLOW [proto@0x1044753ae] Rx - primary_channel_rx: baud_rate=0 high_carrier=1 carrier=1805.1Hz agc=0.00081 power=7248119 shaper_sets=640
FLOW [proto@0x1044753ae] Rx - Phase 3 Ja parser input: hyp0 len=90112 bits (stage=10, need ~16340 to parse)
FLOW [proto@0x1044753ae] Rx - Phase 3 Ja capture: emitted 90112 bits using hyp=0
FLOW [proto@0x1044753ae] Rx - Phase 3 WAIT_S heartbeat: dur=3072 demod=0 event=0 j_bits=90142 trn_bits=85550 trn_hint=0/75%
FLOW [proto@0x1044753ae] Rx - primary_channel_rx: baud_rate=0 high_carrier=1 carrier=1805.2Hz agc=0.00081 power=7244909 shaper_sets=640
FLOW [proto@0x1044753ae] Rx - primary_channel_rx: baud_rate=0 high_carrier=1 carrier=1805.1Hz agc=0.00081 power=7244855 shaper_sets=640
FLOW [proto@0x1044753ae] Rx - primary_channel_rx: baud_rate=0 high_carrier=1 carrier=1805.0Hz agc=0.00081 power=7244853 shaper_sets=640
FLOW [proto@0x1044753ae] Rx - primary_channel_rx: baud_rate=0 high_carrier=1 carrier=1805.1Hz agc=0.00081 power=7244807 shaper_sets=640
FLOW [proto@0x1044753ae] Rx - primary_channel_rx: baud_rate=0 high_carrier=1 carrier=1805.1Hz agc=0.00080 power=7267559 shaper_sets=640
FLOW [proto@0x1044753ae] Rx - Phase 3 Ja capture: emitted 90368 bits using hyp=0
FLOW [proto@0x1044753ae] Rx - primary_channel_rx: baud_rate=0 high_carrier=1 carrier=1805.1Hz agc=0.00081 power=7262143 shaper_sets=640
FLOW [proto@0x1044753ae] Rx - primary_channel_rx: baud_rate=0 high_carrier=1 carrier=1805.1Hz agc=0.00080 power=7267639 shaper_sets=640
FLOW [proto@0x1044753ae] Rx - primary_channel_rx: baud_rate=0 high_carrier=1 carrier=1805.0Hz agc=0.00081 power=7242772 shaper_sets=640
FLOW [proto@0x1044753ae] Rx - primary_channel_rx: baud_rate=0 high_carrier=1 carrier=1805.1Hz agc=0.00081 power=7246695 shaper_sets=640
FLOW [proto@0x1044753ae] Rx - primary_channel_rx: baud_rate=0 high_carrier=1 carrier=1805.2Hz agc=0.00081 power=7246705 shaper_sets=640
FLOW [proto@0x1044753ae] Rx - Phase 3 TRN: best hyp=11 ones=62629/86016 (73%)
FLOW [proto@0x1044753ae] Rx - primary_channel_rx: baud_rate=0 high_carrier=1 carrier=1805.2Hz agc=0.00081 power=7250618 shaper_sets=640
FLOW [proto@0x1044753ae] Rx - Phase 3 Ja capture: emitted 90624 bits using hyp=0
FLOW [proto@0x1044753ae] Rx - Phase 3 WAIT_S heartbeat: dur=3328 demod=0 event=0 j_bits=90654 trn_bits=86062 trn_hint=0/75%
FLOW [proto@0x1044753ae] Rx - primary_channel_rx: baud_rate=0 high_carrier=1 carrier=1805.1Hz agc=0.00081 power=7249419 shaper_sets=640
FLOW [proto@0x1044753ae] Rx - primary_channel_rx: baud_rate=0 high_carrier=1 carrier=1805.0Hz agc=0.00080 power=7269830 shaper_sets=640
FLOW [proto@0x1044753ae] Rx - primary_channel_rx: baud_rate=0 high_carrier=1 carrier=1805.1Hz agc=0.00081 power=7255708 shaper_sets=640
FLOW [proto@0x1044753ae] Rx - primary_channel_rx: baud_rate=0 high_carrier=1 carrier=1805.2Hz agc=0.00080 power=7269406 shaper_sets=640
FLOW [proto@0x1044753ae] Rx - primary_channel_rx: baud_rate=0 high_carrier=1 carrier=1805.2Hz agc=0.00080 power=7279593 shaper_sets=640
FLOW [proto@0x1044753ae] Rx - Phase 3 Ja capture: emitted 90880 bits using hyp=0
FLOW [proto@0x1044753ae] Rx - primary_channel_rx: baud_rate=0 high_carrier=1 carrier=1805.1Hz agc=0.00081 power=7225642 shaper_sets=640
FLOW [proto@0x1044753ae] Rx - primary_channel_rx: baud_rate=0 high_carrier=1 carrier=1805.0Hz agc=0.00081 power=7261450 shaper_sets=640
FLOW [proto@0x1044753ae] Rx - primary_channel_rx: baud_rate=0 high_carrier=1 carrier=1805.1Hz agc=0.00081 power=7194101 shaper_sets=640
FLOW [proto@0x1044753ae] Rx - primary_channel_rx: baud_rate=0 high_carrier=1 carrier=1805.2Hz agc=0.00081 power=7233041 shaper_sets=640
FLOW [proto@0x1044753ae] Rx - primary_channel_rx: baud_rate=0 high_carrier=1 carrier=1805.1Hz agc=0.00081 power=7195013 shaper_sets=640
FLOW [proto@0x1044753ae] Rx - Phase 3 TRN: best hyp=11 ones=63003/86528 (73%)
FLOW [proto@0x1044753ae] Rx - Phase 3 Ja capture: emitted 91136 bits using hyp=0
FLOW [proto@0x1044753ae] Rx - primary_channel_rx: baud_rate=0 high_carrier=1 carrier=1805.1Hz agc=0.00081 power=7152570 shaper_sets=640
FLOW [proto@0x1044753ae] Rx - Phase 3 WAIT_S heartbeat: dur=3584 demod=0 event=0 j_bits=91166 trn_bits=86574 trn_hint=0/75%
FLOW [proto@0x1044753ae] Rx - primary_channel_rx: baud_rate=0 high_carrier=1 carrier=1805.0Hz agc=0.00081 power=7154452 shaper_sets=640
FLOW [proto@0x1044753ae] Rx - primary_channel_rx: baud_rate=0 high_carrier=1 carrier=1805.1Hz agc=0.00081 power=7152560 shaper_sets=640
FLOW [proto@0x1044753ae] Rx - primary_channel_rx: baud_rate=0 high_carrier=1 carrier=1805.2Hz agc=0.00081 power=7158483 shaper_sets=640
FLOW [proto@0x1044753ae] Rx - primary_channel_rx: baud_rate=0 high_carrier=1 carrier=1805.2Hz agc=0.00081 power=7149585 shaper_sets=640
FLOW [proto@0x1044753ae] Rx - primary_channel_rx: baud_rate=0 high_carrier=1 carrier=1805.1Hz agc=0.00081 power=7155815 shaper_sets=640
FLOW [proto@0x1044753ae] Rx - Phase 3 Ja capture: emitted 91392 bits using hyp=0
FLOW [proto@0x1044753ae] Rx - primary_channel_rx: baud_rate=0 high_carrier=1 carrier=1805.0Hz agc=0.00081 power=7200984 shaper_sets=640
FLOW [proto@0x1044753ae] Rx - primary_channel_rx: baud_rate=0 high_carrier=1 carrier=1805.1Hz agc=0.00081 power=7170636 shaper_sets=640
FLOW [proto@0x1044753ae] Rx - primary_channel_rx: baud_rate=0 high_carrier=1 carrier=1805.2Hz agc=0.00081 power=7169033 shaper_sets=640
FLOW [proto@0x1044753ae] Rx - primary_channel_rx: baud_rate=0 high_carrier=1 carrier=1805.2Hz agc=0.00081 power=7170503 shaper_sets=640
FLOW [proto@0x1044753ae] Rx - Phase 3 TRN: best hyp=11 ones=63380/87040 (73%)
FLOW [proto@0x1044753ae] Rx - primary_channel_rx: baud_rate=0 high_carrier=1 carrier=1805.1Hz agc=0.00081 power=7169936 shaper_sets=640
FLOW [proto@0x1044753ae] Rx - Phase 3 Ja capture: emitted 91648 bits using hyp=0
FLOW [proto@0x1044753ae] Rx - Phase 3 WAIT_S heartbeat: dur=3840 demod=0 event=0 j_bits=91678 trn_bits=87086 trn_hint=0/75%
FLOW [proto@0x1044753ae] Rx - primary_channel_rx: baud_rate=0 high_carrier=1 carrier=1805.0Hz agc=0.00081 power=7181613 shaper_sets=640
FLOW [proto@0x1044753ae] Rx - primary_channel_rx: baud_rate=0 high_carrier=1 carrier=1805.1Hz agc=0.00081 power=7178074 shaper_sets=640
FLOW [proto@0x1044753ae] Rx - primary_channel_rx: baud_rate=0 high_carrier=1 carrier=1805.2Hz agc=0.00081 power=7181691 shaper_sets=640
FLOW [proto@0x1044753ae] Rx - primary_channel_rx: baud_rate=0 high_carrier=1 carrier=1805.1Hz agc=0.00081 power=7169784 shaper_sets=640
FLOW [proto@0x1044753ae] Rx - primary_channel_rx: baud_rate=0 high_carrier=1 carrier=1805.0Hz agc=0.00081 power=7182224 shaper_sets=640
FLOW [proto@0x1044753ae] Rx - Phase 3 Ja capture: emitted 91904 bits using hyp=0
FLOW [proto@0x1044753ae] Rx - primary_channel_rx: baud_rate=0 high_carrier=1 carrier=1805.1Hz agc=0.00081 power=7177351 shaper_sets=640
FLOW [proto@0x1044753ae] Rx - primary_channel_rx: baud_rate=0 high_carrier=1 carrier=1805.2Hz agc=0.00081 power=7185159 shaper_sets=640
FLOW [proto@0x1044753ae] Rx - Phase 3 S baud 4000: mag=0.980 data_bits=3 alt=0/32 stable=0 dom=3:32/32 rev=0/32 counts=0,0,0,32
FLOW [proto@0x1044753ae] Rx - primary_channel_rx: baud_rate=0 high_carrier=1 carrier=1805.2Hz agc=0.00081 power=7177270 shaper_sets=640
FLOW [proto@0x1044753ae] Rx - primary_channel_rx: baud_rate=0 high_carrier=1 carrier=1805.1Hz agc=0.00081 power=7138798 shaper_sets=640
FLOW [proto@0x1044753ae] Rx - primary_channel_rx: baud_rate=0 high_carrier=1 carrier=1805.0Hz agc=0.00081 power=7146736 shaper_sets=640
FLOW [proto@0x1044753ae] Rx - Phase 3 TRN: best hyp=11 ones=63743/87552 (73%)
FLOW [proto@0x1044753ae] Rx - primary_channel_rx: baud_rate=0 high_carrier=1 carrier=1805.1Hz agc=0.00081 power=7135644 shaper_sets=640
FLOW [proto@0x1044753ae] Rx - Phase 3 Ja parser input: hyp0 len=92160 bits (stage=10, need ~16340 to parse)
FLOW [proto@0x1044753ae] Rx - Phase 3 Ja capture: emitted 92160 bits using hyp=0
FLOW [proto@0x1044753ae] Rx - Phase 3 WAIT_S heartbeat: dur=4096 demod=0 event=0 j_bits=92190 trn_bits=87598 trn_hint=0/75%
FLOW [proto@0x1044753ae] Rx - primary_channel_rx: baud_rate=0 high_carrier=1 carrier=1805.2Hz agc=0.00081 power=7141414 shaper_sets=640
FLOW [proto@0x1044753ae] Rx - primary_channel_rx: baud_rate=0 high_carrier=1 carrier=1805.2Hz agc=0.00081 power=7140724 shaper_sets=640
FLOW [proto@0x1044753ae] Rx - primary_channel_rx: baud_rate=0 high_carrier=1 carrier=1805.1Hz agc=0.00081 power=7142422 shaper_sets=640
FLOW [proto@0x1044753ae] Rx - primary_channel_rx: baud_rate=0 high_carrier=1 carrier=1805.0Hz agc=0.00081 power=7140778 shaper_sets=640
FLOW [proto@0x1044753ae] Rx - primary_channel_rx: baud_rate=0 high_carrier=1 carrier=1805.1Hz agc=0.00081 power=7145722 shaper_sets=640
FLOW [proto@0x1044753ae] Rx - Phase 3 Ja capture: emitted 92416 bits using hyp=0
FLOW [proto@0x1044753ae] Rx - primary_channel_rx: baud_rate=0 high_carrier=1 carrier=1805.2Hz agc=0.00081 power=7134322 shaper_sets=640
FLOW [proto@0x1044753ae] Rx - primary_channel_rx: baud_rate=0 high_carrier=1 carrier=1805.2Hz agc=0.00081 power=7140008 shaper_sets=640
FLOW [proto@0x1044753ae] Rx - primary_channel_rx: baud_rate=0 high_carrier=1 carrier=1805.1Hz agc=0.00081 power=7144995 shaper_sets=640
FLOW [proto@0x1044753ae] Rx - primary_channel_rx: baud_rate=0 high_carrier=1 carrier=1805.0Hz agc=0.00081 power=7130932 shaper_sets=640
FLOW [proto@0x1044753ae] Rx - primary_channel_rx: baud_rate=0 high_carrier=1 carrier=1805.1Hz agc=0.00081 power=7140525 shaper_sets=640
FLOW [proto@0x1044753ae] Rx - Phase 3 TRN: best hyp=11 ones=64116/88064 (73%)
FLOW [proto@0x1044753ae] Rx - Phase 3 Ja capture: emitted 92672 bits using hyp=0
FLOW [proto@0x1044753ae] Rx - primary_channel_rx: baud_rate=0 high_carrier=1 carrier=1805.2Hz agc=0.00081 power=7141976 shaper_sets=640
FLOW [proto@0x1044753ae] Rx - Phase 3 WAIT_S heartbeat: dur=4352 demod=0 event=0 j_bits=92702 trn_bits=88110 trn_hint=0/75%
FLOW [proto@0x1044753ae] Rx - primary_channel_rx: baud_rate=0 high_carrier=1 carrier=1805.2Hz agc=0.00081 power=7151716 shaper_sets=640
FLOW [proto@0x1044753ae] Rx - primary_channel_rx: baud_rate=0 high_carrier=1 carrier=1805.1Hz agc=0.00081 power=7123728 shaper_sets=640
FLOW [proto@0x1044753ae] Rx - primary_channel_rx: baud_rate=0 high_carrier=1 carrier=1805.0Hz agc=0.00081 power=7140295 shaper_sets=640
FLOW [proto@0x1044753ae] Rx - primary_channel_rx: baud_rate=0 high_carrier=1 carrier=1805.1Hz agc=0.00081 power=7128891 shaper_sets=640
FLOW [proto@0x1044753ae] Rx - primary_channel_rx: baud_rate=0 high_carrier=1 carrier=1805.2Hz agc=0.00081 power=7150810 shaper_sets=640
FLOW [proto@0x1044753ae] Rx - Phase 3 Ja capture: emitted 92928 bits using hyp=0
FLOW [proto@0x1044753ae] Rx - primary_channel_rx: baud_rate=0 high_carrier=1 carrier=1805.2Hz agc=0.00081 power=7122631 shaper_sets=640
FLOW [proto@0x1044753ae] Rx - primary_channel_rx: baud_rate=0 high_carrier=1 carrier=1805.1Hz agc=0.00081 power=7130314 shaper_sets=640
FLOW [proto@0x1044753ae] Rx - primary_channel_rx: baud_rate=0 high_carrier=1 carrier=1805.0Hz agc=0.00081 power=7159669 shaper_sets=640
FLOW [proto@0x1044753ae] Rx - primary_channel_rx: baud_rate=0 high_carrier=1 carrier=1805.2Hz agc=0.00081 power=7172099 shaper_sets=640
FLOW [proto@0x1044753ae] Rx - Phase 3 TRN: best hyp=11 ones=64488/88576 (73%)
FLOW [proto@0x1044753ae] Rx - primary_channel_rx: baud_rate=0 high_carrier=1 carrier=1805.2Hz agc=0.00081 power=7168954 shaper_sets=640
FLOW [proto@0x1044753ae] Rx - Phase 3 Ja capture: emitted 93184 bits using hyp=0
FLOW [proto@0x1044753ae] Rx - Phase 3 WAIT_S heartbeat: dur=4608 demod=0 event=0 j_bits=93214 trn_bits=88622 trn_hint=0/75%
FLOW [proto@0x1044753ae] Rx - primary_channel_rx: baud_rate=0 high_carrier=1 carrier=1805.2Hz agc=0.00081 power=7170644 shaper_sets=640
FLOW [proto@0x1044753ae] Rx - primary_channel_rx: baud_rate=0 high_carrier=1 carrier=1805.1Hz agc=0.00081 power=7170135 shaper_sets=640
FLOW [proto@0x1044753ae] Rx - primary_channel_rx: baud_rate=0 high_carrier=1 carrier=1805.1Hz agc=0.00081 power=7180928 shaper_sets=640
FLOW [proto@0x1044753ae] Rx - primary_channel_rx: baud_rate=0 high_carrier=1 carrier=1805.2Hz agc=0.00081 power=7176292 shaper_sets=640
FLOW [proto@0x1044753ae] Rx - primary_channel_rx: baud_rate=0 high_carrier=1 carrier=1805.2Hz agc=0.00081 power=7175911 shaper_sets=640
FLOW [proto@0x1044753ae] Rx - Phase 3 Ja capture: emitted 93440 bits using hyp=0
FLOW [proto@0x1044753ae] Rx - primary_channel_rx: baud_rate=0 high_carrier=1 carrier=1805.2Hz agc=0.00081 power=7200177 shaper_sets=640
FLOW [proto@0x1044753ae] Rx - primary_channel_rx: baud_rate=0 high_carrier=1 carrier=1805.1Hz agc=0.00081 power=7199072 shaper_sets=640
FLOW [proto@0x1044753ae] Rx - primary_channel_rx: baud_rate=0 high_carrier=1 carrier=1805.1Hz agc=0.00081 power=7182514 shaper_sets=640
FLOW [proto@0x1044753ae] Rx - primary_channel_rx: baud_rate=0 high_carrier=1 carrier=1805.2Hz agc=0.00081 power=7187511 shaper_sets=640
FLOW [proto@0x1044753ae] Rx - primary_channel_rx: baud_rate=0 high_carrier=1 carrier=1805.2Hz agc=0.00081 power=7188816 shaper_sets=640
FLOW [proto@0x1044753ae] Rx - Phase 3 TRN: best hyp=11 ones=64860/89088 (73%)
FLOW [proto@0x1044753ae] Rx - primary_channel_rx: baud_rate=0 high_carrier=1 carrier=1805.2Hz agc=0.00081 power=7180024 shaper_sets=640
FLOW [proto@0x1044753ae] Rx - Phase 3 Ja capture: emitted 93696 bits using hyp=0
FLOW [proto@0x1044753ae] Rx - Phase 3 WAIT_S heartbeat: dur=4864 demod=0 event=0 j_bits=93726 trn_bits=89134 trn_hint=0/75%
FLOW [proto@0x1044753ae] Rx - primary_channel_rx: baud_rate=0 high_carrier=1 carrier=1805.0Hz agc=0.00081 power=7181735 shaper_sets=640
FLOW [proto@0x1044753ae] Rx - primary_channel_rx: baud_rate=0 high_carrier=1 carrier=1805.1Hz agc=0.00081 power=7171283 shaper_sets=640
FLOW [proto@0x1044753ae] Rx - primary_channel_rx: baud_rate=0 high_carrier=1 carrier=1805.2Hz agc=0.00081 power=7206828 shaper_sets=640
FLOW [proto@0x1044753ae] Rx - primary_channel_rx: baud_rate=0 high_carrier=1 carrier=1805.2Hz agc=0.00081 power=7181399 shaper_sets=640
FLOW [proto@0x1044753ae] Rx - primary_channel_rx: baud_rate=0 high_carrier=1 carrier=1805.1Hz agc=0.00081 power=7182692 shaper_sets=640
FLOW [proto@0x1044753ae] Rx - Phase 3 Ja capture: emitted 93952 bits using hyp=0
FLOW [proto@0x1044753ae] Rx - primary_channel_rx: baud_rate=0 high_carrier=1 carrier=1805.0Hz agc=0.00081 power=7189022 shaper_sets=640
FLOW [proto@0x1044753ae] Rx - Phase 3 S baud 5000: mag=1.026 data_bits=3 alt=0/32 stable=0 dom=3:32/32 rev=0/32 counts=0,0,0,32
FLOW [proto@0x1044753ae] Rx - primary_channel_rx: baud_rate=0 high_carrier=1 carrier=1805.1Hz agc=0.00081 power=7190449 shaper_sets=640
FLOW [proto@0x1044753ae] Rx - primary_channel_rx: baud_rate=0 high_carrier=1 carrier=1805.2Hz agc=0.00081 power=7183238 shaper_sets=640
FLOW [proto@0x1044753ae] Rx - primary_channel_rx: baud_rate=0 high_carrier=1 carrier=1805.2Hz agc=0.00081 power=7178586 shaper_sets=640
FLOW [proto@0x1044753ae] Rx - primary_channel_rx: baud_rate=0 high_carrier=1 carrier=1805.1Hz agc=0.00081 power=7181480 shaper_sets=640
FLOW [proto@0x1044753ae] Rx - Phase 3 TRN: best hyp=11 ones=65231/89600 (73%)
FLOW [proto@0x1044753ae] Rx - Phase 3 Ja parser input: hyp0 len=94208 bits (stage=10, need ~16340 to parse)
FLOW [proto@0x1044753ae] Rx - Phase 3 Ja capture: emitted 94208 bits using hyp=0
FLOW [proto@0x1044753ae] Rx - primary_channel_rx: baud_rate=0 high_carrier=1 carrier=1805.0Hz agc=0.00081 power=7184295 shaper_sets=640
FLOW [proto@0x1044753ae] Rx - Phase 3 WAIT_S heartbeat: dur=5120 demod=0 event=0 j_bits=94238 trn_bits=89646 trn_hint=0/75%
FLOW [proto@0x1044753ae] Rx - primary_channel_rx: baud_rate=0 high_carrier=1 carrier=1805.1Hz agc=0.00081 power=7184670 shaper_sets=640
FLOW [proto@0x1044753ae] Rx - primary_channel_rx: baud_rate=0 high_carrier=1 carrier=1805.2Hz agc=0.00081 power=7183461 shaper_sets=640
FLOW [proto@0x1044753ae] Rx - primary_channel_rx: baud_rate=0 high_carrier=1 carrier=1805.2Hz agc=0.00081 power=7182582 shaper_sets=640
FLOW [proto@0x1044753ae] Rx - primary_channel_rx: baud_rate=0 high_carrier=1 carrier=1805.1Hz agc=0.00081 power=7183456 shaper_sets=640
FLOW [proto@0x1044753ae] Rx - primary_channel_rx: baud_rate=0 high_carrier=1 carrier=1805.0Hz agc=0.00081 power=7182769 shaper_sets=640
FLOW [proto@0x1044753ae] Rx - Phase 3 Ja capture: emitted 94464 bits using hyp=0
FLOW [proto@0x1044753ae] Rx - primary_channel_rx: baud_rate=0 high_carrier=1 carrier=1805.1Hz agc=0.00081 power=7183085 shaper_sets=640
FLOW [proto@0x1044753ae] Rx - primary_channel_rx: baud_rate=0 high_carrier=1 carrier=1805.2Hz agc=0.00081 power=7183024 shaper_sets=640
FLOW [proto@0x1044753ae] Rx - primary_channel_rx: baud_rate=0 high_carrier=1 carrier=1805.2Hz agc=0.00081 power=7183029 shaper_sets=640
FLOW [proto@0x1044753ae] Rx - primary_channel_rx: baud_rate=0 high_carrier=1 carrier=1805.1Hz agc=0.00081 power=7186093 shaper_sets=640
FLOW [proto@0x1044753ae] Rx - Phase 3 TRN: best hyp=9 ones=65500/90112 (73%)
FLOW [proto@0x1044753ae] Rx - primary_channel_rx: baud_rate=0 high_carrier=1 carrier=1805.1Hz agc=0.00081 power=7184850 shaper_sets=640
FLOW [proto@0x1044753ae] Rx - Phase 3 Ja capture: emitted 94720 bits using hyp=0
FLOW [proto@0x1044753ae] Rx - Phase 3 WAIT_S heartbeat: dur=5376 demod=0 event=0 j_bits=94750 trn_bits=90158 trn_hint=0/75%
FLOW [proto@0x1044753ae] Rx - primary_channel_rx: baud_rate=0 high_carrier=1 carrier=1805.2Hz agc=0.00081 power=7185944 shaper_sets=640
FLOW [proto@0x1044753ae] Rx - primary_channel_rx: baud_rate=0 high_carrier=1 carrier=1805.2Hz agc=0.00081 power=7193421 shaper_sets=640
FLOW [proto@0x1044753ae] Rx - primary_channel_rx: baud_rate=0 high_carrier=1 carrier=1805.2Hz agc=0.00081 power=7193508 shaper_sets=640
FLOW [proto@0x1044753ae] Rx - primary_channel_rx: baud_rate=0 high_carrier=1 carrier=1805.1Hz agc=0.00081 power=7199807 shaper_sets=640
FLOW [proto@0x1044753ae] Rx - primary_channel_rx: baud_rate=0 high_carrier=1 carrier=1805.1Hz agc=0.00081 power=7200402 shaper_sets=640
FLOW [proto@0x1044753ae] Rx - Phase 3 Ja capture: emitted 94976 bits using hyp=0
FLOW [proto@0x1044753ae] Rx - primary_channel_rx: baud_rate=0 high_carrier=1 carrier=1805.2Hz agc=0.00081 power=7200616 shaper_sets=640
FLOW [proto@0x1044753ae] Rx - primary_channel_rx: baud_rate=0 high_carrier=1 carrier=1805.2Hz agc=0.00081 power=7199180 shaper_sets=640
FLOW [proto@0x1044753ae] Rx - primary_channel_rx: baud_rate=0 high_carrier=1 carrier=1805.2Hz agc=0.00081 power=7200612 shaper_sets=640
FLOW [proto@0x1044753ae] Rx - primary_channel_rx: baud_rate=0 high_carrier=1 carrier=1805.1Hz agc=0.00081 power=7199170 shaper_sets=640
FLOW [proto@0x1044753ae] Rx - primary_channel_rx: baud_rate=0 high_carrier=1 carrier=1805.1Hz agc=0.00081 power=7146292 shaper_sets=640
FLOW [proto@0x1044753ae] Rx - Phase 3 TRN: best hyp=17 ones=45349/90624 (50%)
FLOW [proto@0x1044753ae] Rx - primary_channel_rx: baud_rate=0 high_carrier=1 carrier=1805.2Hz agc=0.00081 power=7105025 shaper_sets=640
FLOW [proto@0x1044753ae] Rx - Phase 3 Ja capture: emitted 95232 bits using hyp=0
FLOW [proto@0x1044753ae] Rx - Phase 3 WAIT_S heartbeat: dur=5632 demod=0 event=0 j_bits=95262 trn_bits=90670 trn_hint=0/75%
FLOW [proto@0x1044753ae] Rx - primary_channel_rx: baud_rate=0 high_carrier=1 carrier=1805.2Hz agc=0.00081 power=7161711 shaper_sets=640
FLOW [proto@0x1044753ae] Rx - primary_channel_rx: baud_rate=0 high_carrier=1 carrier=1805.2Hz agc=0.00081 power=7164825 shaper_sets=640
FLOW [proto@0x1044753ae] Rx - primary_channel_rx: baud_rate=0 high_carrier=1 carrier=1805.1Hz agc=0.00081 power=7146018 shaper_sets=640
FLOW [proto@0x1044753ae] Rx - primary_channel_rx: baud_rate=0 high_carrier=1 carrier=1805.1Hz agc=0.00081 power=7105421 shaper_sets=640
FLOW [proto@0x1044753ae] Rx - primary_channel_rx: baud_rate=0 high_carrier=1 carrier=1805.2Hz agc=0.00081 power=7126143 shaper_sets=640
FLOW [proto@0x1044753ae] Rx - Phase 3 Ja capture: emitted 95488 bits using hyp=0
FLOW [proto@0x1044753ae] Rx - primary_channel_rx: baud_rate=0 high_carrier=1 carrier=1805.2Hz agc=0.00081 power=7128205 shaper_sets=640
FLOW [proto@0x1044753ae] Rx - primary_channel_rx: baud_rate=0 high_carrier=1 carrier=1805.2Hz agc=0.00081 power=7135257 shaper_sets=640
FLOW [proto@0x1044753ae] Rx - primary_channel_rx: baud_rate=0 high_carrier=1 carrier=1805.0Hz agc=0.00081 power=7127981 shaper_sets=640
FLOW [proto@0x1044753ae] Rx - primary_channel_rx: baud_rate=0 high_carrier=1 carrier=1805.1Hz agc=0.00081 power=7133527 shaper_sets=640
FLOW [proto@0x1044753ae] Rx - primary_channel_rx: baud_rate=0 high_carrier=1 carrier=1805.2Hz agc=0.00081 power=7127707 shaper_sets=640
FLOW [proto@0x1044753ae] Rx - Phase 3 TRN: best hyp=17 ones=45605/91136 (50%)
FLOW [proto@0x1044753ae] Rx - Phase 3 Ja capture: emitted 95744 bits using hyp=0
FLOW [proto@0x1044753ae] Rx - primary_channel_rx: baud_rate=0 high_carrier=1 carrier=1805.2Hz agc=0.00081 power=7132910 shaper_sets=640
FLOW [proto@0x1044753ae] Rx - Phase 3 WAIT_S heartbeat: dur=5888 demod=0 event=0 j_bits=95774 trn_bits=91182 trn_hint=0/75%
FLOW [proto@0x1044753ae] Rx - primary_channel_rx: baud_rate=0 high_carrier=1 carrier=1805.1Hz agc=0.00081 power=7139317 shaper_sets=640
FLOW [proto@0x1044753ae] Rx - primary_channel_rx: baud_rate=0 high_carrier=1 carrier=1805.0Hz agc=0.00081 power=7133404 shaper_sets=640
FLOW [proto@0x1044753ae] Rx - primary_channel_rx: baud_rate=0 high_carrier=1 carrier=1805.2Hz agc=0.00081 power=7142806 shaper_sets=640
FLOW [proto@0x1044753ae] Rx - primary_channel_rx: baud_rate=0 high_carrier=1 carrier=1805.2Hz agc=0.00081 power=7140093 shaper_sets=640
FLOW [proto@0x1044753ae] Rx - Phase 3 S baud 6000: mag=0.985 data_bits=3 alt=0/32 stable=0 dom=3:32/32 rev=0/32 counts=0,0,0,32
FLOW [proto@0x1044753ae] Rx - Phase 3: S detect timeout (6000 bauds, alt=0/32 rev=0/32, j_bits=96000 trn_bits=91408 trn_hint=0/75%), continuing search
FLOW [proto@0x1044753ae] Rx - primary_channel_rx: baud_rate=0 high_carrier=1 carrier=1805.2Hz agc=0.00081 power=7143564 shaper_sets=640
FLOW [proto@0x1044753ae] Rx - Phase 3 WAIT_S heartbeat: dur=1 demod=0 event=0 j_bits=96000 trn_bits=91408 trn_hint=0/75%
FLOW [proto@0x1044753ae] Rx - Phase 3 Ja capture: emitted 96000 bits using hyp=0
FLOW [proto@0x1044753ae] Rx - Phase 3 S baud 1: mag=1.025 data_bits=3 alt=0/32 stable=0 dom=3:1/32 rev=0/32 counts=0,0,0,1
FLOW [proto@0x1044753ae] Rx - Phase 3 S baud 2: mag=1.025 data_bits=3 alt=0/32 stable=0 dom=3:2/32 rev=0/32 counts=0,0,0,2
FLOW [proto@0x1044753ae] Rx - Phase 3 S baud 3: mag=0.993 data_bits=3 alt=0/32 stable=0 dom=3:3/32 rev=0/32 counts=0,0,0,3
FLOW [proto@0x1044753ae] Rx - Phase 3 S baud 4: mag=0.980 data_bits=3 alt=0/32 stable=0 dom=3:4/32 rev=0/32 counts=0,0,0,4
FLOW [proto@0x1044753ae] Rx - primary_channel_rx: baud_rate=0 high_carrier=1 carrier=1805.1Hz agc=0.00081 power=7143898 shaper_sets=640
FLOW [proto@0x1044753ae] Rx - primary_channel_rx: baud_rate=0 high_carrier=1 carrier=1805.1Hz agc=0.00081 power=7144293 shaper_sets=640
FLOW [proto@0x1044753ae] Rx - primary_channel_rx: baud_rate=0 high_carrier=1 carrier=1805.2Hz agc=0.00081 power=7138670 shaper_sets=640
FLOW [proto@0x1044753ae] Rx - primary_channel_rx: baud_rate=0 high_carrier=1 carrier=1805.2Hz agc=0.00081 power=7139054 shaper_sets=640
FLOW [proto@0x1044753ae] Rx - primary_channel_rx: baud_rate=0 high_carrier=1 carrier=1805.2Hz agc=0.00081 power=7145237 shaper_sets=640
FLOW [proto@0x1044753ae] Rx - Phase 3 Ja parser input: hyp0 len=96256 bits (stage=10, need ~16340 to parse)
FLOW [proto@0x1044753ae] Rx - Phase 3 Ja capture: emitted 96256 bits using hyp=0
FLOW [proto@0x1044753ae] Rx - primary_channel_rx: baud_rate=0 high_carrier=1 carrier=1805.1Hz agc=0.00081 power=7144450 shaper_sets=640
FLOW [proto@0x1044753ae] Rx - primary_channel_rx: baud_rate=0 high_carrier=1 carrier=1805.1Hz agc=0.00081 power=7145475 shaper_sets=640
FLOW [proto@0x1044753ae] Rx - primary_channel_rx: baud_rate=0 high_carrier=1 carrier=1805.2Hz agc=0.00081 power=7145747 shaper_sets=640
FLOW [proto@0x1044753ae] Rx - primary_channel_rx: baud_rate=0 high_carrier=1 carrier=1805.2Hz agc=0.00081 power=7145778 shaper_sets=640
FLOW [proto@0x1044753ae] Rx - primary_channel_rx: baud_rate=0 high_carrier=1 carrier=1805.2Hz agc=0.00081 power=7144763 shaper_sets=640
FLOW [proto@0x1044753ae] Rx - Phase 3 WAIT_S heartbeat: dur=256 demod=0 event=0 j_bits=96510 trn_bits=91408 trn_hint=0/75%
FLOW [proto@0x1044753ae] Rx - Phase 3 Ja capture: emitted 96512 bits using hyp=0
FLOW [proto@0x1044753ae] Rx - primary_channel_rx: baud_rate=0 high_carrier=1 carrier=1805.1Hz agc=0.00081 power=7144482 shaper_sets=640
FLOW [proto@0x1044753ae] Rx - primary_channel_rx: baud_rate=0 high_carrier=1 carrier=1805.1Hz agc=0.00666 power=52193 shaper_sets=640
FLOW [proto@0x1044753ae] Rx - primary_channel_rx: baud_rate=0 high_carrier=1 carrier=1805.1Hz agc=0.00666 power=302 shaper_sets=640
FLOW [proto@0x1044753ae] Rx - primary_channel_rx: baud_rate=0 high_carrier=1 carrier=1805.2Hz agc=0.00666 power=15 shaper_sets=640
FLOW [proto@0x1044753ae] Rx - primary_channel_rx: baud_rate=0 high_carrier=1 carrier=1805.2Hz agc=0.00666 power=14 shaper_sets=640
FLOW [proto@0x1044753ae] Rx - Phase 3 TRN: best hyp=17 ones=45854/91648 (50%)
FLOW [proto@0x1044753ae] Rx - primary_channel_rx: baud_rate=0 high_carrier=1 carrier=1805.2Hz agc=0.00666 power=4 shaper_sets=640
FLOW [proto@0x1044753ae] Rx - Phase 3 Ja capture: emitted 96768 bits using hyp=0
FLOW [proto@0x1044753ae] Rx - primary_channel_rx: baud_rate=0 high_carrier=1 carrier=1805.2Hz agc=0.00666 power=1 shaper_sets=640
FLOW [proto@0x1044753ae] Rx - primary_channel_rx: baud_rate=0 high_carrier=1 carrier=1805.2Hz agc=0.00666 power=1 shaper_sets=640
FLOW [proto@0x1044753ae] Rx - primary_channel_rx: baud_rate=0 high_carrier=1 carrier=1805.2Hz agc=0.00666 power=13 shaper_sets=640
FLOW [proto@0x1044753ae] Rx - primary_channel_rx: baud_rate=0 high_carrier=1 carrier=1805.2Hz agc=0.00666 power=1 shaper_sets=640
FLOW [proto@0x1044753ae] Rx - primary_channel_rx: baud_rate=0 high_carrier=1 carrier=1805.2Hz agc=0.00666 power=0 shaper_sets=640
FLOW [proto@0x1044753ae] Rx - Phase 3 WAIT_S heartbeat: dur=512 demod=0 event=0 j_bits=97022 trn_bits=91920 trn_hint=0/75%
FLOW [proto@0x1044753ae] Rx - Phase 3 Ja capture: emitted 97024 bits using hyp=0
FLOW [proto@0x1044753ae] Rx - primary_channel_rx: baud_rate=0 high_carrier=1 carrier=1805.2Hz agc=0.00666 power=0 shaper_sets=640
FLOW [proto@0x1044753ae] Rx - primary_channel_rx: baud_rate=0 high_carrier=1 carrier=1805.2Hz agc=0.00666 power=0 shaper_sets=640
FLOW [proto@0x1044753ae] Rx - primary_channel_rx: baud_rate=0 high_carrier=1 carrier=1805.2Hz agc=0.00666 power=7 shaper_sets=640
FLOW [proto@0x1044753ae] Rx - primary_channel_rx: baud_rate=0 high_carrier=1 carrier=1805.2Hz agc=0.00666 power=5 shaper_sets=640
FLOW [proto@0x1044753ae] Rx - primary_channel_rx: baud_rate=0 high_carrier=1 carrier=1805.2Hz agc=0.00666 power=0 shaper_sets=640
FLOW [proto@0x1044753ae] Rx - Phase 3 TRN: best hyp=15 ones=46112/92160 (50%)
FLOW [proto@0x1044753ae] Rx - Phase 3 Ja capture: emitted 97280 bits using hyp=0
FLOW [proto@0x1044753ae] Rx - primary_channel_rx: baud_rate=0 high_carrier=1 carrier=1805.2Hz agc=0.00666 power=6 shaper_sets=640
FLOW [proto@0x1044753ae] Rx - primary_channel_rx: baud_rate=0 high_carrier=1 carrier=1805.2Hz agc=0.00666 power=10 shaper_sets=640
FLOW [proto@0x1044753ae] Rx - primary_channel_rx: baud_rate=0 high_carrier=1 carrier=1805.2Hz agc=0.00666 power=4 shaper_sets=640
FLOW [proto@0x1044753ae] Rx - primary_channel_rx: baud_rate=0 high_carrier=1 carrier=1805.2Hz agc=0.00666 power=0 shaper_sets=640
FLOW [proto@0x1044753ae] Rx - primary_channel_rx: baud_rate=0 high_carrier=1 carrier=1805.2Hz agc=0.00666 power=0 shaper_sets=640
FLOW [proto@0x1044753ae] Rx - Phase 3 WAIT_S heartbeat: dur=768 demod=0 event=0 j_bits=97534 trn_bits=92432 trn_hint=0/75%
FLOW [proto@0x1044753ae] Rx - primary_channel_rx: baud_rate=0 high_carrier=1 carrier=1805.2Hz agc=0.00666 power=0 shaper_sets=640
FLOW [proto@0x1044753ae] Rx - Phase 3 Ja capture: emitted 97536 bits using hyp=0
FLOW [proto@0x1044753ae] Rx - primary_channel_rx: baud_rate=0 high_carrier=1 carrier=1805.2Hz agc=0.00666 power=0 shaper_sets=640
FLOW [proto@0x1044753ae] Rx - primary_channel_rx: baud_rate=0 high_carrier=1 carrier=1805.2Hz agc=0.00666 power=5 shaper_sets=640
FLOW [proto@0x1044753ae] Rx - primary_channel_rx: baud_rate=0 high_carrier=1 carrier=1805.2Hz agc=0.00666 power=0 shaper_sets=640
FLOW [proto@0x1044753ae] Rx - primary_channel_rx: baud_rate=0 high_carrier=1 carrier=1805.2Hz agc=0.00666 power=0 shaper_sets=640
FLOW [proto@0x1044753ae] Rx - Phase 3 TRN: best hyp=19 ones=46386/92672 (50%)
FLOW [proto@0x1044753ae] Rx - primary_channel_rx: baud_rate=0 high_carrier=1 carrier=1805.2Hz agc=0.00666 power=3 shaper_sets=640
FLOW [proto@0x1044753ae] Rx - Phase 3 Ja capture: emitted 97792 bits using hyp=0
FLOW [proto@0x1044753ae] Rx - primary_channel_rx: baud_rate=0 high_carrier=1 carrier=1805.2Hz agc=0.00666 power=8 shaper_sets=640
FLOW [proto@0x1044753ae] Rx - primary_channel_rx: baud_rate=0 high_carrier=1 carrier=1805.2Hz agc=0.00666 power=4 shaper_sets=640
FLOW [proto@0x1044753ae] Rx - primary_channel_rx: baud_rate=0 high_carrier=1 carrier=1805.2Hz agc=0.00666 power=0 shaper_sets=640
FLOW [proto@0x1044753ae] Rx - primary_channel_rx: baud_rate=0 high_carrier=1 carrier=1805.2Hz agc=0.00666 power=6 shaper_sets=640
FLOW [proto@0x1044753ae] Rx - Phase 3 S baud 1000: mag=0.013 data_bits=3 alt=6/32 stable=0 dom=3:11/32 rev=0/32 counts=7,7,7,11
FLOW [proto@0x1044753ae] Rx - primary_channel_rx: baud_rate=0 high_carrier=1 carrier=1805.2Hz agc=0.00666 power=9 shaper_sets=640
FLOW [proto@0x1044753ae] Rx - Phase 3 WAIT_S heartbeat: dur=1024 demod=0 event=0 j_bits=98046 trn_bits=92944 trn_hint=0/75%
FLOW [proto@0x1044753ae] Rx - Phase 3 Ja capture: emitted 98048 bits using hyp=0
FLOW [proto@0x1044753ae] Rx - primary_channel_rx: baud_rate=0 high_carrier=1 carrier=1805.2Hz agc=0.00666 power=7 shaper_sets=640
FLOW [proto@0x1044753ae] Rx - primary_channel_rx: baud_rate=0 high_carrier=1 carrier=1805.2Hz agc=0.00666 power=3 shaper_sets=640
FLOW [proto@0x1044753ae] Rx - primary_channel_rx: baud_rate=0 high_carrier=1 carrier=1805.2Hz agc=0.00666 power=11 shaper_sets=640
FLOW [proto@0x1044753ae] Rx - primary_channel_rx: baud_rate=0 high_carrier=1 carrier=1805.2Hz agc=0.00666 power=1 shaper_sets=640
FLOW [proto@0x1044753ae] Rx - primary_channel_rx: baud_rate=0 high_carrier=1 carrier=1805.2Hz agc=0.00666 power=3 shaper_sets=640
FLOW [proto@0x1044753ae] Rx - Phase 3 TRN: best hyp=19 ones=46641/93184 (50%)
FLOW [proto@0x1044753ae] Rx - primary_channel_rx: baud_rate=0 high_carrier=1 carrier=1805.2Hz agc=0.00666 power=7 shaper_sets=640
FLOW [proto@0x1044753ae] Rx - Phase 3 Ja parser input: hyp0 len=98304 bits (stage=10, need ~16340 to parse)
FLOW [proto@0x1044753ae] Rx - Phase 3 Ja capture: emitted 98304 bits using hyp=0
FLOW [proto@0x1044753ae] Rx - primary_channel_rx: baud_rate=0 high_carrier=1 carrier=1805.2Hz agc=0.00666 power=19 shaper_sets=640
FLOW [proto@0x1044753ae] Rx - primary_channel_rx: baud_rate=0 high_carrier=1 carrier=1805.2Hz agc=0.00666 power=2 shaper_sets=640
FLOW [proto@0x1044753ae] Rx - primary_channel_rx: baud_rate=0 high_carrier=1 carrier=1805.2Hz agc=0.00666 power=3 shaper_sets=640
FLOW [proto@0x1044753ae] Rx - primary_channel_rx: baud_rate=0 high_carrier=1 carrier=1805.2Hz agc=0.00666 power=0 shaper_sets=640
FLOW [proto@0x1044753ae] Rx - primary_channel_rx: baud_rate=0 high_carrier=1 carrier=1805.2Hz agc=0.00666 power=6 shaper_sets=640
FLOW [proto@0x1044753ae] Rx - Phase 3 WAIT_S heartbeat: dur=1280 demod=0 event=0 j_bits=98558 trn_bits=93456 trn_hint=0/75%
FLOW [proto@0x1044753ae] Rx - Phase 3 Ja capture: emitted 98560 bits using hyp=0
FLOW [proto@0x1044753ae] Rx - primary_channel_rx: baud_rate=0 high_carrier=1 carrier=1805.2Hz agc=0.00666 power=13 shaper_sets=640
FLOW [proto@0x1044753ae] Rx - primary_channel_rx: baud_rate=0 high_carrier=1 carrier=1805.2Hz agc=0.00666 power=4 shaper_sets=640
FLOW [proto@0x1044753ae] Rx - primary_channel_rx: baud_rate=0 high_carrier=1 carrier=1805.2Hz agc=0.00666 power=7 shaper_sets=640
FLOW [proto@0x1044753ae] Rx - primary_channel_rx: baud_rate=0 high_carrier=1 carrier=1805.2Hz agc=0.00666 power=0 shaper_sets=640
FLOW [proto@0x1044753ae] Rx - primary_channel_rx: baud_rate=0 high_carrier=1 carrier=1805.2Hz agc=0.00666 power=0 shaper_sets=640
FLOW [proto@0x1044753ae] Rx - Phase 3 TRN: best hyp=13 ones=46897/93696 (50%)
FLOW [proto@0x1044753ae] Rx - Phase 3 Ja capture: emitted 98816 bits using hyp=0
FLOW [proto@0x1044753ae] Rx - primary_channel_rx: baud_rate=0 high_carrier=1 carrier=1805.2Hz agc=0.00666 power=1 shaper_sets=640
FLOW [proto@0x1044753ae] Rx - primary_channel_rx: baud_rate=0 high_carrier=1 carrier=1805.2Hz agc=0.00666 power=4 shaper_sets=640
FLOW [proto@0x1044753ae] Rx - primary_channel_rx: baud_rate=0 high_carrier=1 carrier=1805.2Hz agc=0.00666 power=5 shaper_sets=640
FLOW [proto@0x1044753ae] Rx - primary_channel_rx: baud_rate=0 high_carrier=1 carrier=1805.2Hz agc=0.00666 power=0 shaper_sets=640
FLOW [proto@0x1044753ae] Rx - primary_channel_rx: baud_rate=0 high_carrier=1 carrier=1805.2Hz agc=0.00666 power=2 shaper_sets=640
FLOW [proto@0x1044753ae] Rx - Phase 3 WAIT_S heartbeat: dur=1536 demod=0 event=0 j_bits=99070 trn_bits=93968 trn_hint=0/75%
FLOW [proto@0x1044753ae] Rx - primary_channel_rx: baud_rate=0 high_carrier=1 carrier=1805.2Hz agc=0.00666 power=5 shaper_sets=640
FLOW [proto@0x1044753ae] Rx - Phase 3 Ja capture: emitted 99072 bits using hyp=0
FLOW [proto@0x1044753ae] Rx - primary_channel_rx: baud_rate=0 high_carrier=1 carrier=1805.2Hz agc=0.00666 power=0 shaper_sets=640
FLOW [proto@0x1044753ae] Rx - primary_channel_rx: baud_rate=0 high_carrier=1 carrier=1805.2Hz agc=0.00666 power=0 shaper_sets=640
FLOW [proto@0x1044753ae] Rx - primary_channel_rx: baud_rate=0 high_carrier=1 carrier=1805.2Hz agc=0.00666 power=2 shaper_sets=640
FLOW [proto@0x1044753ae] Rx - primary_channel_rx: baud_rate=0 high_carrier=1 carrier=1805.2Hz agc=0.00666 power=0 shaper_sets=640
FLOW [proto@0x1044753ae] Rx - Phase 3 TRN: best hyp=13 ones=47148/94208 (50%)
FLOW [proto@0x1044753ae] Rx - primary_channel_rx: baud_rate=0 high_carrier=1 carrier=1805.2Hz agc=0.00666 power=0 shaper_sets=640
FLOW [proto@0x1044753ae] Rx - Phase 3 Ja capture: emitted 99328 bits using hyp=0
FLOW [proto@0x1044753ae] Rx - primary_channel_rx: baud_rate=0 high_carrier=1 carrier=1805.2Hz agc=0.00666 power=0 shaper_sets=640
FLOW [proto@0x1044753ae] Rx - primary_channel_rx: baud_rate=0 high_carrier=1 carrier=1805.2Hz agc=0.00666 power=0 shaper_sets=640
FLOW [proto@0x1044753ae] Rx - primary_channel_rx: baud_rate=0 high_carrier=1 carrier=1805.2Hz agc=0.00666 power=2 shaper_sets=640
FLOW [proto@0x1044753ae] Rx - primary_channel_rx: baud_rate=0 high_carrier=1 carrier=1805.2Hz agc=0.00666 power=0 shaper_sets=640
FLOW [proto@0x1044753ae] Rx - primary_channel_rx: baud_rate=0 high_carrier=1 carrier=1805.2Hz agc=0.00666 power=1 shaper_sets=640
FLOW [proto@0x1044753ae] Rx - Phase 3 WAIT_S heartbeat: dur=1792 demod=0 event=0 j_bits=99582 trn_bits=94480 trn_hint=0/75%
FLOW [proto@0x1044753ae] Rx - Phase 3 Ja capture: emitted 99584 bits using hyp=0
FLOW [proto@0x1044753ae] Rx - primary_channel_rx: baud_rate=0 high_carrier=1 carrier=1805.2Hz agc=0.00666 power=0 shaper_sets=640
FLOW [proto@0x1044753ae] Rx - primary_channel_rx: baud_rate=0 high_carrier=1 carrier=1805.2Hz agc=0.00666 power=2 shaper_sets=640
FLOW [proto@0x1044753ae] Rx - primary_channel_rx: baud_rate=0 high_carrier=1 carrier=1805.2Hz agc=0.00666 power=6 shaper_sets=640
FLOW [proto@0x1044753ae] Rx - primary_channel_rx: baud_rate=0 high_carrier=1 carrier=1805.2Hz agc=0.00666 power=3 shaper_sets=640
FLOW [proto@0x1044753ae] Rx - primary_channel_rx: baud_rate=0 high_carrier=1 carrier=1805.2Hz agc=0.00666 power=4 shaper_sets=640
FLOW [proto@0x1044753ae] Rx - Phase 3 TRN: best hyp=19 ones=47408/94720 (50%)
FLOW [proto@0x1044753ae] Rx - primary_channel_rx: baud_rate=0 high_carrier=1 carrier=1805.2Hz agc=0.00666 power=4 shaper_sets=640
FLOW [proto@0x1044753ae] Rx - Phase 3 Ja capture: emitted 99840 bits using hyp=0
FLOW [proto@0x1044753ae] Rx - primary_channel_rx: baud_rate=0 high_carrier=1 carrier=1805.2Hz agc=0.00666 power=0 shaper_sets=640
FLOW [proto@0x1044753ae] Rx - primary_channel_rx: baud_rate=0 high_carrier=1 carrier=1805.2Hz agc=0.00666 power=1 shaper_sets=640
FLOW [proto@0x1044753ae] Rx - primary_channel_rx: baud_rate=0 high_carrier=1 carrier=1805.2Hz agc=0.00666 power=0 shaper_sets=640
FLOW [proto@0x1044753ae] Rx - Phase 3 S baud 2000: mag=0.011 data_bits=1 alt=8/32 stable=0 dom=3:14/32 rev=0/32 counts=7,6,5,14
FLOW [proto@0x1044753ae] Rx - primary_channel_rx: baud_rate=0 high_carrier=1 carrier=1805.2Hz agc=0.00666 power=8 shaper_sets=640
FLOW [proto@0x1044753ae] Rx - primary_channel_rx: baud_rate=0 high_carrier=1 carrier=1805.2Hz agc=0.00666 power=0 shaper_sets=640
FLOW [proto@0x1044753ae] Rx - Phase 3 WAIT_S heartbeat: dur=2048 demod=0 event=0 j_bits=100094 trn_bits=94992 trn_hint=0/75%
FLOW [proto@0x1044753ae] Rx - Phase 3 Ja capture: emitted 100096 bits using hyp=0
FLOW [proto@0x1044753ae] Rx - primary_channel_rx: baud_rate=0 high_carrier=1 carrier=1805.2Hz agc=0.00666 power=5 shaper_sets=640
FLOW [proto@0x1044753ae] Rx - primary_channel_rx: baud_rate=0 high_carrier=1 carrier=1805.2Hz agc=0.00666 power=4 shaper_sets=640
FLOW [proto@0x1044753ae] Rx - primary_channel_rx: baud_rate=0 high_carrier=1 carrier=1805.2Hz agc=0.00666 power=0 shaper_sets=640
FLOW [proto@0x1044753ae] Rx - primary_channel_rx: baud_rate=0 high_carrier=1 carrier=1805.2Hz agc=0.00666 power=0 shaper_sets=640
FLOW [proto@0x1044753ae] Rx - primary_channel_rx: baud_rate=0 high_carrier=1 carrier=1805.2Hz agc=0.00666 power=6 shaper_sets=640
FLOW [proto@0x1044753ae] Rx - Phase 3 TRN: best hyp=19 ones=47669/95232 (50%)
FLOW [proto@0x1044753ae] Rx - Phase 3 Ja parser input: hyp0 len=100352 bits (stage=10, need ~16340 to parse)
FLOW [proto@0x1044753ae] Rx - Phase 3 Ja capture: emitted 100352 bits using hyp=0
FLOW [proto@0x1044753ae] Rx - primary_channel_rx: baud_rate=0 high_carrier=1 carrier=1805.2Hz agc=0.00666 power=4 shaper_sets=640
FLOW [proto@0x1044753ae] Rx - primary_channel_rx: baud_rate=0 high_carrier=1 carrier=1805.2Hz agc=0.00666 power=9 shaper_sets=640
FLOW [proto@0x1044753ae] Rx - primary_channel_rx: baud_rate=0 high_carrier=1 carrier=1805.2Hz agc=0.00666 power=4 shaper_sets=640
FLOW [proto@0x1044753ae] Rx - primary_channel_rx: baud_rate=0 high_carrier=1 carrier=1805.2Hz agc=0.00666 power=4 shaper_sets=640
FLOW [proto@0x1044753ae] Rx - primary_channel_rx: baud_rate=0 high_carrier=1 carrier=1805.2Hz agc=0.00666 power=5 shaper_sets=640
FLOW [proto@0x1044753ae] Rx - Phase 3 WAIT_S heartbeat: dur=2304 demod=0 event=0 j_bits=100606 trn_bits=95504 trn_hint=0/75%
FLOW [proto@0x1044753ae] Rx - primary_channel_rx: baud_rate=0 high_carrier=1 carrier=1805.2Hz agc=0.00666 power=8 shaper_sets=640
FLOW [proto@0x1044753ae] Rx - Phase 3 Ja capture: emitted 100608 bits using hyp=0
FLOW [proto@0x1044753ae] Rx - primary_channel_rx: baud_rate=0 high_carrier=1 carrier=1805.2Hz agc=0.00666 power=4 shaper_sets=640
FLOW [proto@0x1044753ae] Rx - primary_channel_rx: baud_rate=0 high_carrier=1 carrier=1805.2Hz agc=0.00666 power=6 shaper_sets=640
FLOW [proto@0x1044753ae] Rx - primary_channel_rx: baud_rate=0 high_carrier=1 carrier=1805.2Hz agc=0.00666 power=4 shaper_sets=640
FLOW [proto@0x1044753ae] Rx - primary_channel_rx: baud_rate=0 high_carrier=1 carrier=1805.2Hz agc=0.00666 power=6 shaper_sets=640
FLOW [proto@0x1044753ae] Rx - Phase 3 TRN: best hyp=19 ones=47928/95744 (50%)
FLOW [proto@0x1044753ae] Rx - primary_channel_rx: baud_rate=0 high_carrier=1 carrier=1805.2Hz agc=0.00666 power=7 shaper_sets=640
FLOW [proto@0x1044753ae] Rx - Phase 3 Ja capture: emitted 100864 bits using hyp=0
FLOW [proto@0x1044753ae] Rx - primary_channel_rx: baud_rate=0 high_carrier=1 carrier=1805.2Hz agc=0.00666 power=7 shaper_sets=640
FLOW [proto@0x1044753ae] Rx - primary_channel_rx: baud_rate=0 high_carrier=1 carrier=1805.2Hz agc=0.00666 power=7 shaper_sets=640
FLOW [proto@0x1044753ae] Rx - primary_channel_rx: baud_rate=0 high_carrier=1 carrier=1805.2Hz agc=0.00666 power=20 shaper_sets=640
FLOW [proto@0x1044753ae] Rx - primary_channel_rx: baud_rate=0 high_carrier=1 carrier=1805.2Hz agc=0.00666 power=3 shaper_sets=640
FLOW [proto@0x1044753ae] Rx - primary_channel_rx: baud_rate=0 high_carrier=1 carrier=1805.2Hz agc=0.00666 power=16 shaper_sets=640
FLOW [proto@0x1044753ae] Rx - Phase 3 WAIT_S heartbeat: dur=2560 demod=0 event=0 j_bits=101118 trn_bits=96016 trn_hint=0/75%
FLOW [proto@0x1044753ae] Rx - Phase 3 Ja capture: emitted 101120 bits using hyp=0
FLOW [proto@0x1044753ae] Rx - primary_channel_rx: baud_rate=0 high_carrier=1 carrier=1805.2Hz agc=0.00666 power=7 shaper_sets=640
FLOW [proto@0x1044753ae] Rx - primary_channel_rx: baud_rate=0 high_carrier=1 carrier=1805.2Hz agc=0.00666 power=6 shaper_sets=640
FLOW [proto@0x1044753ae] Rx - primary_channel_rx: baud_rate=0 high_carrier=1 carrier=1805.2Hz agc=0.00666 power=6 shaper_sets=640
FLOW [proto@0x1044753ae] Rx - primary_channel_rx: baud_rate=0 high_carrier=1 carrier=1805.2Hz agc=0.00666 power=14 shaper_sets=640
FLOW [proto@0x1044753ae] Rx - primary_channel_rx: baud_rate=0 high_carrier=1 carrier=1805.2Hz agc=0.00666 power=6 shaper_sets=640
FLOW [proto@0x1044753ae] Rx - Phase 3 TRN: best hyp=19 ones=48190/96256 (50%)
FLOW [proto@0x1044753ae] Rx - primary_channel_rx: baud_rate=0 high_carrier=1 carrier=1805.2Hz agc=0.00666 power=12 shaper_sets=640
FLOW [proto@0x1044753ae] Rx - Phase 3 Ja capture: emitted 101376 bits using hyp=0
FLOW [proto@0x1044753ae] Rx - primary_channel_rx: baud_rate=0 high_carrier=1 carrier=1805.2Hz agc=0.00666 power=0 shaper_sets=640
FLOW [proto@0x1044753ae] Rx - primary_channel_rx: baud_rate=0 high_carrier=1 carrier=1805.2Hz agc=0.00666 power=13 shaper_sets=640
FLOW [proto@0x1044753ae] Rx - primary_channel_rx: baud_rate=0 high_carrier=1 carrier=1805.2Hz agc=0.00666 power=5 shaper_sets=640
FLOW [proto@0x1044753ae] Rx - primary_channel_rx: baud_rate=0 high_carrier=1 carrier=1805.2Hz agc=0.00666 power=8 shaper_sets=640
FLOW [proto@0x1044753ae] Rx - primary_channel_rx: baud_rate=0 high_carrier=1 carrier=1805.2Hz agc=0.00666 power=1 shaper_sets=640
FLOW [proto@0x1044753ae] Rx - Phase 3 WAIT_S heartbeat: dur=2816 demod=0 event=0 j_bits=101630 trn_bits=96528 trn_hint=0/75%
FLOW [proto@0x1044753ae] Rx - Phase 3 Ja capture: emitted 101632 bits using hyp=0
FLOW [proto@0x1044753ae] Rx - primary_channel_rx: baud_rate=0 high_carrier=1 carrier=1805.2Hz agc=0.00666 power=7 shaper_sets=640
FLOW [proto@0x1044753ae] Rx - primary_channel_rx: baud_rate=0 high_carrier=1 carrier=1805.2Hz agc=0.00666 power=4 shaper_sets=640
FLOW [proto@0x1044753ae] Rx - primary_channel_rx: baud_rate=0 high_carrier=1 carrier=1805.2Hz agc=0.00666 power=25 shaper_sets=640
FLOW [proto@0x1044753ae] Rx - primary_channel_rx: baud_rate=0 high_carrier=1 carrier=1805.2Hz agc=0.00666 power=9 shaper_sets=640
FLOW [proto@0x1044753ae] Rx - primary_channel_rx: baud_rate=0 high_carrier=1 carrier=1805.2Hz agc=0.00666 power=5 shaper_sets=640
FLOW [proto@0x1044753ae] Rx - Phase 3 TRN: best hyp=19 ones=48453/96768 (50%)
FLOW [proto@0x1044753ae] Rx - Phase 3 Ja capture: emitted 101888 bits using hyp=0
FLOW [proto@0x1044753ae] Rx - primary_channel_rx: baud_rate=0 high_carrier=1 carrier=1805.2Hz agc=0.00666 power=5 shaper_sets=640
FLOW [proto@0x1044753ae] Rx - primary_channel_rx: baud_rate=0 high_carrier=1 carrier=1805.2Hz agc=0.00666 power=0 shaper_sets=640
FLOW [proto@0x1044753ae] Rx - Phase 3 S baud 3000: mag=0.002 data_bits=2 alt=5/32 stable=0 dom=2:12/32 rev=0/32 counts=4,7,12,9
FLOW [proto@0x1044753ae] Rx - primary_channel_rx: baud_rate=0 high_carrier=1 carrier=1805.2Hz agc=0.00666 power=7 shaper_sets=640
FLOW [proto@0x1044753ae] Rx - primary_channel_rx: baud_rate=0 high_carrier=1 carrier=1805.2Hz agc=0.00666 power=7 shaper_sets=640
FLOW [proto@0x1044753ae] Rx - primary_channel_rx: baud_rate=0 high_carrier=1 carrier=1805.2Hz agc=0.00666 power=3 shaper_sets=640
FLOW [proto@0x1044753ae] Rx - Phase 3 WAIT_S heartbeat: dur=3072 demod=0 event=0 j_bits=102142 trn_bits=97040 trn_hint=0/75%
FLOW [proto@0x1044753ae] Rx - primary_channel_rx: baud_rate=0 high_carrier=1 carrier=1805.2Hz agc=0.00666 power=0 shaper_sets=640
FLOW [proto@0x1044753ae] Rx - Phase 3 Ja capture: emitted 102144 bits using hyp=0
FLOW [proto@0x1044753ae] Rx - primary_channel_rx: baud_rate=0 high_carrier=1 carrier=1805.2Hz agc=0.00666 power=0 shaper_sets=640
FLOW [proto@0x1044753ae] Rx - primary_channel_rx: baud_rate=0 high_carrier=1 carrier=1805.2Hz agc=0.00666 power=6 shaper_sets=640
FLOW [proto@0x1044753ae] Rx - primary_channel_rx: baud_rate=0 high_carrier=1 carrier=1805.2Hz agc=0.00666 power=9 shaper_sets=640
FLOW [proto@0x1044753ae] Rx - primary_channel_rx: baud_rate=0 high_carrier=1 carrier=1805.2Hz agc=0.00666 power=0 shaper_sets=640
FLOW [proto@0x1044753ae] Rx - Phase 3 TRN: best hyp=19 ones=48705/97280 (50%)
FLOW [proto@0x1044753ae] Rx - primary_channel_rx: baud_rate=0 high_carrier=1 carrier=1805.2Hz agc=0.00666 power=10 shaper_sets=640
FLOW [proto@0x1044753ae] Rx - Phase 3 Ja parser input: hyp0 len=102400 bits (stage=10, need ~16340 to parse)
FLOW [proto@0x1044753ae] Rx - Phase 3 Ja capture: emitted 102400 bits using hyp=0
FLOW [proto@0x1044753ae] Rx - primary_channel_rx: baud_rate=0 high_carrier=1 carrier=1805.2Hz agc=0.00666 power=6 shaper_sets=640
FLOW [proto@0x1044753ae] Rx - primary_channel_rx: baud_rate=0 high_carrier=1 carrier=1805.2Hz agc=0.00666 power=8 shaper_sets=640
FLOW [proto@0x1044753ae] Rx - primary_channel_rx: baud_rate=0 high_carrier=1 carrier=1805.2Hz agc=0.00666 power=15 shaper_sets=640
FLOW [proto@0x1044753ae] Rx - primary_channel_rx: baud_rate=0 high_carrier=1 carrier=1805.2Hz agc=0.00666 power=9 shaper_sets=640
FLOW [proto@0x1044753ae] Rx - primary_channel_rx: baud_rate=0 high_carrier=1 carrier=1805.2Hz agc=0.00666 power=2 shaper_sets=640
FLOW [proto@0x1044753ae] Rx - Phase 3 WAIT_S heartbeat: dur=3328 demod=0 event=0 j_bits=102654 trn_bits=97552 trn_hint=0/75%
FLOW [proto@0x1044753ae] Rx - Phase 3 Ja capture: emitted 102656 bits using hyp=0
FLOW [proto@0x1044753ae] Rx - primary_channel_rx: baud_rate=0 high_carrier=1 carrier=1805.2Hz agc=0.00666 power=5 shaper_sets=640
FLOW [proto@0x1044753ae] Rx - primary_channel_rx: baud_rate=0 high_carrier=1 carrier=1805.2Hz agc=0.00666 power=8 shaper_sets=640
FLOW [proto@0x1044753ae] Rx - primary_channel_rx: baud_rate=0 high_carrier=1 carrier=1805.2Hz agc=0.00666 power=15 shaper_sets=640
FLOW [proto@0x1044753ae] Rx - primary_channel_rx: baud_rate=0 high_carrier=1 carrier=1805.2Hz agc=0.00666 power=9 shaper_sets=640
FLOW [proto@0x1044753ae] Rx - primary_channel_rx: baud_rate=0 high_carrier=1 carrier=1805.2Hz agc=0.00666 power=17 shaper_sets=640
FLOW [proto@0x1044753ae] Rx - Phase 3 TRN: best hyp=19 ones=48965/97792 (50%)
FLOW [proto@0x1044753ae] Rx - primary_channel_rx: baud_rate=0 high_carrier=1 carrier=1805.2Hz agc=0.00666 power=15 shaper_sets=640
FLOW [proto@0x1044753ae] Rx - Phase 3 Ja capture: emitted 102912 bits using hyp=0
FLOW [proto@0x1044753ae] Rx - primary_channel_rx: baud_rate=0 high_carrier=1 carrier=1805.2Hz agc=0.00666 power=0 shaper_sets=640
FLOW [proto@0x1044753ae] Rx - primary_channel_rx: baud_rate=0 high_carrier=1 carrier=1805.2Hz agc=0.00666 power=6 shaper_sets=640
FLOW [proto@0x1044753ae] Rx - primary_channel_rx: baud_rate=0 high_carrier=1 carrier=1805.2Hz agc=0.00666 power=18 shaper_sets=640
FLOW [proto@0x1044753ae] Rx - primary_channel_rx: baud_rate=0 high_carrier=1 carrier=1805.2Hz agc=0.00666 power=8 shaper_sets=640
FLOW [proto@0x1044753ae] Rx - primary_channel_rx: baud_rate=0 high_carrier=1 carrier=1805.2Hz agc=0.00666 power=0 shaper_sets=640
FLOW [proto@0x1044753ae] Rx - Phase 3 WAIT_S heartbeat: dur=3584 demod=0 event=0 j_bits=103166 trn_bits=98064 trn_hint=0/75%
FLOW [proto@0x1044753ae] Rx - Phase 3 Ja capture: emitted 103168 bits using hyp=0
FLOW [proto@0x1044753ae] Rx - primary_channel_rx: baud_rate=0 high_carrier=1 carrier=1805.2Hz agc=0.00666 power=13 shaper_sets=640
FLOW [proto@0x1044753ae] Rx - primary_channel_rx: baud_rate=0 high_carrier=1 carrier=1805.2Hz agc=0.00666 power=4 shaper_sets=640
FLOW [proto@0x1044753ae] Rx - primary_channel_rx: baud_rate=0 high_carrier=1 carrier=1805.2Hz agc=0.00666 power=13 shaper_sets=640
FLOW [proto@0x1044753ae] Rx - primary_channel_rx: baud_rate=0 high_carrier=1 carrier=1805.2Hz agc=0.00666 power=15 shaper_sets=640
FLOW [proto@0x1044753ae] Rx - primary_channel_rx: baud_rate=0 high_carrier=1 carrier=1805.2Hz agc=0.00666 power=7 shaper_sets=640
FLOW [proto@0x1044753ae] Rx - Phase 3 TRN: best hyp=19 ones=49226/98304 (50%)
FLOW [proto@0x1044753ae] Rx - Phase 3 Ja capture: emitted 103424 bits using hyp=0
FLOW [proto@0x1044753ae] Rx - primary_channel_rx: baud_rate=0 high_carrier=1 carrier=1805.2Hz agc=0.00666 power=7 shaper_sets=640
FLOW [proto@0x1044753ae] Rx - primary_channel_rx: baud_rate=0 high_carrier=1 carrier=1805.2Hz agc=0.00666 power=0 shaper_sets=640
FLOW [proto@0x1044753ae] Rx - primary_channel_rx: baud_rate=0 high_carrier=1 carrier=1805.2Hz agc=0.00666 power=9 shaper_sets=640
FLOW [proto@0x1044753ae] Rx - primary_channel_rx: baud_rate=0 high_carrier=1 carrier=1805.2Hz agc=0.00666 power=2 shaper_sets=640
FLOW [proto@0x1044753ae] Rx - primary_channel_rx: baud_rate=0 high_carrier=1 carrier=1805.2Hz agc=0.00666 power=10 shaper_sets=640
FLOW [proto@0x1044753ae] Rx - Phase 3 WAIT_S heartbeat: dur=3840 demod=0 event=0 j_bits=103678 trn_bits=98576 trn_hint=0/75%
FLOW [proto@0x1044753ae] Rx - primary_channel_rx: baud_rate=0 high_carrier=1 carrier=1805.2Hz agc=0.00666 power=2 shaper_sets=640
FLOW [proto@0x1044753ae] Rx - Phase 3 Ja capture: emitted 103680 bits using hyp=0
FLOW [proto@0x1044753ae] Rx - primary_channel_rx: baud_rate=0 high_carrier=1 carrier=1805.2Hz agc=0.00666 power=10 shaper_sets=640
FLOW [proto@0x1044753ae] Rx - primary_channel_rx: baud_rate=0 high_carrier=1 carrier=1805.2Hz agc=0.00666 power=10 shaper_sets=640
FLOW [proto@0x1044753ae] Rx - primary_channel_rx: baud_rate=0 high_carrier=1 carrier=1805.2Hz agc=0.00666 power=14 shaper_sets=640
FLOW [proto@0x1044753ae] Rx - primary_channel_rx: baud_rate=0 high_carrier=1 carrier=1805.2Hz agc=0.00666 power=1 shaper_sets=640
FLOW [proto@0x1044753ae] Rx - Phase 3 TRN: best hyp=19 ones=49480/98816 (50%)
FLOW [proto@0x1044753ae] Rx - primary_channel_rx: baud_rate=0 high_carrier=1 carrier=1805.2Hz agc=0.00666 power=23 shaper_sets=640
FLOW [proto@0x1044753ae] Rx - Phase 3 Ja capture: emitted 103936 bits using hyp=0
FLOW [proto@0x1044753ae] Rx - primary_channel_rx: baud_rate=0 high_carrier=1 carrier=1805.2Hz agc=0.00666 power=4 shaper_sets=640
FLOW [proto@0x1044753ae] Rx - Phase 3 S baud 4000: mag=0.015 data_bits=2 alt=6/32 stable=0 dom=2:11/32 rev=0/32 counts=5,8,11,8
FLOW [proto@0x1044753ae] Rx - primary_channel_rx: baud_rate=0 high_carrier=1 carrier=1805.2Hz agc=0.00666 power=16 shaper_sets=640
FLOW [proto@0x1044753ae] Rx - primary_channel_rx: baud_rate=0 high_carrier=1 carrier=1805.2Hz agc=0.00666 power=17 shaper_sets=640
FLOW [proto@0x1044753ae] Rx - primary_channel_rx: baud_rate=0 high_carrier=1 carrier=1805.2Hz agc=0.00666 power=13 shaper_sets=640
FLOW [proto@0x1044753ae] Rx - primary_channel_rx: baud_rate=0 high_carrier=1 carrier=1805.2Hz agc=0.00666 power=6 shaper_sets=640
FLOW [proto@0x1044753ae] Rx - Phase 3 WAIT_S heartbeat: dur=4096 demod=0 event=0 j_bits=104190 trn_bits=99088 trn_hint=0/75%
FLOW [proto@0x1044753ae] Rx - Phase 3 Ja capture: emitted 104192 bits using hyp=0
FLOW [proto@0x1044753ae] Rx - primary_channel_rx: baud_rate=0 high_carrier=1 carrier=1805.2Hz agc=0.00666 power=25 shaper_sets=640
FLOW [proto@0x1044753ae] Rx - primary_channel_rx: baud_rate=0 high_carrier=1 carrier=1805.2Hz agc=0.00666 power=7 shaper_sets=640
FLOW [proto@0x1044753ae] Rx - primary_channel_rx: baud_rate=0 high_carrier=1 carrier=1805.2Hz agc=0.00666 power=11 shaper_sets=640
FLOW [proto@0x1044753ae] Rx - primary_channel_rx: baud_rate=0 high_carrier=1 carrier=1805.2Hz agc=0.00666 power=23 shaper_sets=640
FLOW [proto@0x1044753ae] Rx - primary_channel_rx: baud_rate=0 high_carrier=1 carrier=1805.2Hz agc=0.00666 power=12 shaper_sets=640
FLOW [proto@0x1044753ae] Rx - Phase 3 TRN: best hyp=19 ones=49728/99328 (50%)
FLOW [proto@0x1044753ae] Rx - primary_channel_rx: baud_rate=0 high_carrier=1 carrier=1805.2Hz agc=0.00666 power=3 shaper_sets=640
FLOW [proto@0x1044753ae] Rx - Phase 3 Ja parser input: hyp0 len=104448 bits (stage=10, need ~16340 to parse)
FLOW [proto@0x1044753ae] Rx - Phase 3 Ja capture: emitted 104448 bits using hyp=0
FLOW [proto@0x1044753ae] Rx - primary_channel_rx: baud_rate=0 high_carrier=1 carrier=1805.2Hz agc=0.00666 power=0 shaper_sets=640
FLOW [proto@0x1044753ae] Rx - primary_channel_rx: baud_rate=0 high_carrier=1 carrier=1805.2Hz agc=0.00666 power=12 shaper_sets=640
FLOW [proto@0x1044753ae] Rx - primary_channel_rx: baud_rate=0 high_carrier=1 carrier=1805.2Hz agc=0.00666 power=20 shaper_sets=640
FLOW [proto@0x1044753ae] Rx - primary_channel_rx: baud_rate=0 high_carrier=1 carrier=1805.2Hz agc=0.00666 power=7 shaper_sets=640
FLOW [proto@0x1044753ae] Rx - primary_channel_rx: baud_rate=0 high_carrier=1 carrier=1805.2Hz agc=0.00666 power=17 shaper_sets=640
FLOW [proto@0x1044753ae] Rx - Phase 3 WAIT_S heartbeat: dur=4352 demod=0 event=0 j_bits=104702 trn_bits=99600 trn_hint=0/75%
FLOW [proto@0x1044753ae] Rx - Phase 3 Ja capture: emitted 104704 bits using hyp=0
FLOW [proto@0x1044753ae] Rx - primary_channel_rx: baud_rate=0 high_carrier=1 carrier=1805.2Hz agc=0.00666 power=0 shaper_sets=640
FLOW [proto@0x1044753ae] Rx - primary_channel_rx: baud_rate=0 high_carrier=1 carrier=1805.2Hz agc=0.00666 power=32 shaper_sets=640
FLOW [proto@0x1044753ae] Rx - primary_channel_rx: baud_rate=0 high_carrier=1 carrier=1805.2Hz agc=0.00666 power=5 shaper_sets=640
FLOW [proto@0x1044753ae] Rx - primary_channel_rx: baud_rate=0 high_carrier=1 carrier=1805.2Hz agc=0.00666 power=12 shaper_sets=640
FLOW [proto@0x1044753ae] Rx - primary_channel_rx: baud_rate=0 high_carrier=1 carrier=1805.2Hz agc=0.00666 power=6 shaper_sets=640
FLOW [proto@0x1044753ae] Rx - Phase 3 TRN: best hyp=19 ones=49999/99840 (50%)
FLOW [proto@0x1044753ae] Rx - Phase 3 Ja capture: emitted 104960 bits using hyp=0
FLOW [proto@0x1044753ae] Rx - primary_channel_rx: baud_rate=0 high_carrier=1 carrier=1805.2Hz agc=0.00666 power=5 shaper_sets=640
FLOW [proto@0x1044753ae] Rx - primary_channel_rx: baud_rate=0 high_carrier=1 carrier=1805.2Hz agc=0.00666 power=22 shaper_sets=640
FLOW [proto@0x1044753ae] Rx - primary_channel_rx: baud_rate=0 high_carrier=1 carrier=1805.2Hz agc=0.00666 power=25 shaper_sets=640
FLOW [proto@0x1044753ae] Rx - primary_channel_rx: baud_rate=0 high_carrier=1 carrier=1805.2Hz agc=0.00666 power=4 shaper_sets=640
FLOW [proto@0x1044753ae] Rx - primary_channel_rx: baud_rate=0 high_carrier=1 carrier=1805.2Hz agc=0.00666 power=22 shaper_sets=640
FLOW [proto@0x1044753ae] Rx - Phase 3 WAIT_S heartbeat: dur=4608 demod=0 event=0 j_bits=105214 trn_bits=100112 trn_hint=0/75%
FLOW [proto@0x1044753ae] Rx - primary_channel_rx: baud_rate=0 high_carrier=1 carrier=1805.2Hz agc=0.00666 power=4 shaper_sets=640
FLOW [proto@0x1044753ae] Rx - Phase 3 Ja capture: emitted 105216 bits using hyp=0
FLOW [proto@0x1044753ae] Rx - primary_channel_rx: baud_rate=0 high_carrier=1 carrier=1805.2Hz agc=0.00666 power=6 shaper_sets=640
FLOW [proto@0x1044753ae] Rx - primary_channel_rx: baud_rate=0 high_carrier=1 carrier=1805.2Hz agc=0.00666 power=13 shaper_sets=640
FLOW [proto@0x1044753ae] Rx - primary_channel_rx: baud_rate=0 high_carrier=1 carrier=1805.2Hz agc=0.00666 power=9 shaper_sets=640
FLOW [proto@0x1044753ae] Rx - primary_channel_rx: baud_rate=0 high_carrier=1 carrier=1805.2Hz agc=0.00666 power=17 shaper_sets=640
FLOW [proto@0x1044753ae] Rx - Phase 3 TRN: best hyp=19 ones=50258/100352 (50%)
FLOW [proto@0x1044753ae] Rx - primary_channel_rx: baud_rate=0 high_carrier=1 carrier=1805.2Hz agc=0.00666 power=17 shaper_sets=640
FLOW [proto@0x1044753ae] Rx - Phase 3 Ja capture: emitted 105472 bits using hyp=0
FLOW [proto@0x1044753ae] Rx - primary_channel_rx: baud_rate=0 high_carrier=1 carrier=1805.2Hz agc=0.00666 power=4 shaper_sets=640
FLOW [proto@0x1044753ae] Rx - primary_channel_rx: baud_rate=0 high_carrier=1 carrier=1805.2Hz agc=0.00666 power=21 shaper_sets=640
FLOW [proto@0x1044753ae] Rx - primary_channel_rx: baud_rate=0 high_carrier=1 carrier=1805.2Hz agc=0.00666 power=4 shaper_sets=640
FLOW [proto@0x1044753ae] Rx - primary_channel_rx: baud_rate=0 high_carrier=1 carrier=1805.2Hz agc=0.00666 power=13 shaper_sets=640
FLOW [proto@0x1044753ae] Rx - primary_channel_rx: baud_rate=0 high_carrier=1 carrier=1805.2Hz agc=0.00666 power=4 shaper_sets=640
FLOW [proto@0x1044753ae] Rx - Phase 3 WAIT_S heartbeat: dur=4864 demod=0 event=0 j_bits=105726 trn_bits=100624 trn_hint=0/75%
FLOW [proto@0x1044753ae] Rx - Phase 3 Ja capture: emitted 105728 bits using hyp=0
FLOW [proto@0x1044753ae] Rx - primary_channel_rx: baud_rate=0 high_carrier=1 carrier=1805.2Hz agc=0.00666 power=21 shaper_sets=640
FLOW [proto@0x1044753ae] Rx - primary_channel_rx: baud_rate=0 high_carrier=1 carrier=1805.2Hz agc=0.00666 power=3 shaper_sets=640
FLOW [proto@0x1044753ae] Rx - primary_channel_rx: baud_rate=0 high_carrier=1 carrier=1805.2Hz agc=0.00666 power=7 shaper_sets=640
FLOW [proto@0x1044753ae] Rx - primary_channel_rx: baud_rate=0 high_carrier=1 carrier=1805.2Hz agc=0.00666 power=21 shaper_sets=640
FLOW [proto@0x1044753ae] Rx - primary_channel_rx: baud_rate=0 high_carrier=1 carrier=1805.2Hz agc=0.00666 power=15 shaper_sets=640
FLOW [proto@0x1044753ae] Rx - Phase 3 TRN: best hyp=19 ones=50496/100864 (50%)
FLOW [proto@0x1044753ae] Rx - primary_channel_rx: baud_rate=0 high_carrier=1 carrier=1805.2Hz agc=0.00666 power=10 shaper_sets=640
FLOW [proto@0x1044753ae] Rx - Phase 3 Ja capture: emitted 105984 bits using hyp=0
FLOW [proto@0x1044753ae] Rx - Phase 3 S baud 5000: mag=0.019 data_bits=0 alt=7/32 stable=0 dom=3:17/32 rev=0/32 counts=7,1,7,17
FLOW [proto@0x1044753ae] Rx - primary_channel_rx: baud_rate=0 high_carrier=1 carrier=1805.2Hz agc=0.00666 power=13 shaper_sets=640
FLOW [proto@0x1044753ae] Rx - primary_channel_rx: baud_rate=0 high_carrier=1 carrier=1805.2Hz agc=0.00666 power=0 shaper_sets=640
FLOW [proto@0x1044753ae] Rx - primary_channel_rx: baud_rate=0 high_carrier=1 carrier=1805.2Hz agc=0.00666 power=10 shaper_sets=640
FLOW [proto@0x1044753ae] Rx - primary_channel_rx: baud_rate=0 high_carrier=1 carrier=1805.2Hz agc=0.00666 power=2 shaper_sets=640
FLOW [proto@0x1044753ae] Rx - primary_channel_rx: baud_rate=0 high_carrier=1 carrier=1805.2Hz agc=0.00666 power=0 shaper_sets=640
FLOW [proto@0x1044753ae] Rx - Phase 3 WAIT_S heartbeat: dur=5120 demod=0 event=0 j_bits=106238 trn_bits=101136 trn_hint=0/75%
FLOW [proto@0x1044753ae] Rx - Phase 3 Ja capture: emitted 106240 bits using hyp=0
FLOW [proto@0x1044753ae] Rx - primary_channel_rx: baud_rate=0 high_carrier=1 carrier=1805.2Hz agc=0.00666 power=1 shaper_sets=640
FLOW [proto@0x1044753ae] Rx - primary_channel_rx: baud_rate=0 high_carrier=1 carrier=1805.2Hz agc=0.00666 power=24 shaper_sets=640
FLOW [proto@0x1044753ae] Rx - primary_channel_rx: baud_rate=0 high_carrier=1 carrier=1805.2Hz agc=0.00666 power=12 shaper_sets=640
FLOW [proto@0x1044753ae] Rx - primary_channel_rx: baud_rate=0 high_carrier=1 carrier=1805.2Hz agc=0.00666 power=28 shaper_sets=640
FLOW [proto@0x1044753ae] Rx - primary_channel_rx: baud_rate=0 high_carrier=1 carrier=1805.2Hz agc=0.00666 power=11 shaper_sets=640
FLOW [proto@0x1044753ae] Rx - Phase 3 TRN: best hyp=19 ones=50765/101376 (50%)
FLOW [proto@0x1044753ae] Rx - Phase 3 Ja parser input: hyp0 len=106496 bits (stage=10, need ~16340 to parse)
FLOW [proto@0x1044753ae] Rx - Phase 3 Ja capture: emitted 106496 bits using hyp=0
FLOW [proto@0x1044753ae] Rx - primary_channel_rx: baud_rate=0 high_carrier=1 carrier=1805.2Hz agc=0.00666 power=17 shaper_sets=640
FLOW [proto@0x1044753ae] Rx - primary_channel_rx: baud_rate=0 high_carrier=1 carrier=1805.2Hz agc=0.00666 power=10 shaper_sets=640
FLOW [proto@0x1044753ae] Rx - primary_channel_rx: baud_rate=0 high_carrier=1 carrier=1805.2Hz agc=0.00666 power=15 shaper_sets=640
FLOW [proto@0x1044753ae] Rx - primary_channel_rx: baud_rate=0 high_carrier=1 carrier=1805.2Hz agc=0.00666 power=10 shaper_sets=640
FLOW [proto@0x1044753ae] Rx - primary_channel_rx: baud_rate=0 high_carrier=1 carrier=1805.2Hz agc=0.00666 power=21 shaper_sets=640
FLOW [proto@0x1044753ae] Rx - Phase 3 WAIT_S heartbeat: dur=5376 demod=0 event=0 j_bits=106750 trn_bits=101648 trn_hint=0/75%
FLOW [proto@0x1044753ae] Rx - primary_channel_rx: baud_rate=0 high_carrier=1 carrier=1805.2Hz agc=0.00666 power=4 shaper_sets=640
FLOW [proto@0x1044753ae] Rx - Phase 3 Ja capture: emitted 106752 bits using hyp=0
FLOW [proto@0x1044753ae] Rx - primary_channel_rx: baud_rate=0 high_carrier=1 carrier=1805.2Hz agc=0.00666 power=15 shaper_sets=640
FLOW [proto@0x1044753ae] Rx - primary_channel_rx: baud_rate=0 high_carrier=1 carrier=1805.2Hz agc=0.00666 power=11 shaper_sets=640
FLOW [proto@0x1044753ae] Rx - primary_channel_rx: baud_rate=0 high_carrier=1 carrier=1805.2Hz agc=0.00666 power=18 shaper_sets=640
FLOW [proto@0x1044753ae] Rx - primary_channel_rx: baud_rate=0 high_carrier=1 carrier=1805.2Hz agc=0.00666 power=13 shaper_sets=640
FLOW [proto@0x1044753ae] Rx - Phase 3 TRN: best hyp=19 ones=51034/101888 (50%)
FLOW [proto@0x1044753ae] Rx - primary_channel_rx: baud_rate=0 high_carrier=1 carrier=1805.2Hz agc=0.00666 power=6 shaper_sets=640
FLOW [proto@0x1044753ae] Rx - Phase 3 Ja capture: emitted 107008 bits using hyp=0
FLOW [proto@0x1044753ae] Rx - primary_channel_rx: baud_rate=0 high_carrier=1 carrier=1805.2Hz agc=0.00666 power=18 shaper_sets=640
FLOW [proto@0x1044753ae] Rx - primary_channel_rx: baud_rate=0 high_carrier=1 carrier=1805.2Hz agc=0.00666 power=9 shaper_sets=640
FLOW [proto@0x1044753ae] Rx - primary_channel_rx: baud_rate=0 high_carrier=1 carrier=1805.2Hz agc=0.00666 power=1 shaper_sets=640
FLOW [proto@0x1044753ae] Rx - primary_channel_rx: baud_rate=0 high_carrier=1 carrier=1805.2Hz agc=0.00666 power=8 shaper_sets=640
FLOW [proto@0x1044753ae] Rx - primary_channel_rx: baud_rate=0 high_carrier=1 carrier=1805.2Hz agc=0.00666 power=0 shaper_sets=640
FLOW [proto@0x1044753ae] Rx - Phase 3 WAIT_S heartbeat: dur=5632 demod=0 event=0 j_bits=107262 trn_bits=102160 trn_hint=0/75%
FLOW [proto@0x1044753ae] Rx - Phase 3 Ja capture: emitted 107264 bits using hyp=0
FLOW [proto@0x1044753ae] Rx - primary_channel_rx: baud_rate=0 high_carrier=1 carrier=1805.2Hz agc=0.00666 power=0 shaper_sets=640
FLOW [proto@0x1044753ae] Rx - primary_channel_rx: baud_rate=0 high_carrier=1 carrier=1805.2Hz agc=0.00666 power=13 shaper_sets=640
FLOW [proto@0x1044753ae] Rx - primary_channel_rx: baud_rate=0 high_carrier=1 carrier=1805.2Hz agc=0.00666 power=11 shaper_sets=640
FLOW [proto@0x1044753ae] Rx - primary_channel_rx: baud_rate=0 high_carrier=1 carrier=1805.2Hz agc=0.00666 power=0 shaper_sets=640
FLOW [proto@0x1044753ae] Rx - primary_channel_rx: baud_rate=0 high_carrier=1 carrier=1805.2Hz agc=0.00666 power=15 shaper_sets=640
FLOW [proto@0x1044753ae] Rx - Phase 3 TRN: best hyp=19 ones=51268/102400 (50%)
FLOW [proto@0x1044753ae] Rx - primary_channel_rx: baud_rate=0 high_carrier=1 carrier=1805.2Hz agc=0.00666 power=14 shaper_sets=640
FLOW [proto@0x1044753ae] Rx - Phase 3 Ja capture: emitted 107520 bits using hyp=0
FLOW [proto@0x1044753ae] Rx - primary_channel_rx: baud_rate=0 high_carrier=1 carrier=1805.2Hz agc=0.00666 power=7 shaper_sets=640
FLOW [proto@0x1044753ae] Rx - primary_channel_rx: baud_rate=0 high_carrier=1 carrier=1805.2Hz agc=0.00666 power=13 shaper_sets=640
FLOW [proto@0x1044753ae] Rx - primary_channel_rx: baud_rate=0 high_carrier=1 carrier=1805.2Hz agc=0.00666 power=13 shaper_sets=640
FLOW [proto@0x1044753ae] Rx - primary_channel_rx: baud_rate=0 high_carrier=1 carrier=1805.2Hz agc=0.00666 power=12 shaper_sets=640
FLOW [proto@0x1044753ae] Rx - primary_channel_rx: baud_rate=0 high_carrier=1 carrier=1805.2Hz agc=0.00666 power=2 shaper_sets=640
FLOW [proto@0x1044753ae] Rx - Phase 3 WAIT_S heartbeat: dur=5888 demod=0 event=0 j_bits=107774 trn_bits=102672 trn_hint=0/75%
FLOW [proto@0x1044753ae] Rx - Phase 3 Ja capture: emitted 107776 bits using hyp=0
FLOW [proto@0x1044753ae] Rx - primary_channel_rx: baud_rate=0 high_carrier=1 carrier=1805.2Hz agc=0.00666 power=5 shaper_sets=640
FLOW [proto@0x1044753ae] Rx - primary_channel_rx: baud_rate=0 high_carrier=1 carrier=1805.2Hz agc=0.00666 power=16 shaper_sets=640
FLOW [proto@0x1044753ae] Rx - primary_channel_rx: baud_rate=0 high_carrier=1 carrier=1805.2Hz agc=0.00666 power=13 shaper_sets=640
FLOW [proto@0x1044753ae] Rx - primary_channel_rx: baud_rate=0 high_carrier=1 carrier=1805.2Hz agc=0.00666 power=4 shaper_sets=640
FLOW [proto@0x1044753ae] Rx - Phase 3 S baud 6000: mag=0.005 data_bits=2 alt=7/32 stable=0 dom=2:10/32 rev=0/32 counts=8,4,10,10
FLOW [proto@0x1044753ae] Rx - Phase 3: S detect timeout (6000 bauds, alt=7/32 rev=0/32, j_bits=108000 trn_bits=102898 trn_hint=0/75%), continuing search
FLOW [proto@0x1044753ae] Rx - primary_channel_rx: baud_rate=0 high_carrier=1 carrier=1805.2Hz agc=0.00666 power=13 shaper_sets=640
FLOW [proto@0x1044753ae] Rx - Phase 3 WAIT_S heartbeat: dur=1 demod=0 event=0 j_bits=108000 trn_bits=102898 trn_hint=0/75%
FLOW [proto@0x1044753ae] Rx - Phase 3 S baud 1: mag=0.000 data_bits=0 alt=0/32 stable=0 dom=0:1/32 rev=0/32 counts=1,0,0,0
FLOW [proto@0x1044753ae] Rx - Phase 3 S baud 2: mag=0.005 data_bits=1 alt=0/32 stable=0 dom=0:1/32 rev=0/32 counts=1,1,0,0
FLOW [proto@0x1044753ae] Rx - Phase 3 S baud 3: mag=0.020 data_bits=0 alt=1/32 stable=0 dom=0:2/32 rev=0/32 counts=2,1,0,0
FLOW [proto@0x1044753ae] Rx - Phase 3 S baud 4: mag=0.010 data_bits=3 alt=1/32 stable=0 dom=0:2/32 rev=0/32 counts=2,1,0,1
FLOW [proto@0x1044753ae] Rx - Phase 3 Ja capture: emitted 108032 bits using hyp=0
FLOW [proto@0x1044753ae] Rx - primary_channel_rx: baud_rate=0 high_carrier=1 carrier=1805.2Hz agc=0.00666 power=8 shaper_sets=640
FLOW [proto@0x1044753ae] Rx - primary_channel_rx: baud_rate=0 high_carrier=1 carrier=1805.2Hz agc=0.00666 power=14 shaper_sets=640
FLOW [proto@0x1044753ae] Rx - primary_channel_rx: baud_rate=0 high_carrier=1 carrier=1805.2Hz agc=0.00666 power=1 shaper_sets=640
FLOW [proto@0x1044753ae] Rx - primary_channel_rx: baud_rate=0 high_carrier=1 carrier=1805.2Hz agc=0.00666 power=9 shaper_sets=640
FLOW [proto@0x1044753ae] Rx - primary_channel_rx: baud_rate=0 high_carrier=1 carrier=1805.2Hz agc=0.00666 power=5 shaper_sets=640
FLOW [proto@0x1044753ae] Rx - primary_channel_rx: baud_rate=0 high_carrier=1 carrier=1805.2Hz agc=0.00666 power=18 shaper_sets=640
FLOW [proto@0x1044753ae] Rx - Phase 3 Ja capture: emitted 108288 bits using hyp=0
FLOW [proto@0x1044753ae] Rx - primary_channel_rx: baud_rate=0 high_carrier=1 carrier=1805.2Hz agc=0.00666 power=15 shaper_sets=640
FLOW [proto@0x1044753ae] Rx - primary_channel_rx: baud_rate=0 high_carrier=1 carrier=1805.2Hz agc=0.00666 power=4 shaper_sets=640
FLOW [proto@0x1044753ae] Rx - primary_channel_rx: baud_rate=0 high_carrier=1 carrier=1805.2Hz agc=0.00666 power=13 shaper_sets=640
FLOW [proto@0x1044753ae] Rx - primary_channel_rx: baud_rate=0 high_carrier=1 carrier=1805.2Hz agc=0.00666 power=14 shaper_sets=640
FLOW [proto@0x1044753ae] Rx - Phase 3 WAIT_S heartbeat: dur=256 demod=0 event=0 j_bits=108510 trn_bits=102898 trn_hint=0/75%
FLOW [proto@0x1044753ae] Rx - Phase 3 TRN: best hyp=19 ones=51525/102912 (50%)
FLOW [proto@0x1044753ae] Rx - primary_channel_rx: baud_rate=0 high_carrier=1 carrier=1805.2Hz agc=0.00666 power=8 shaper_sets=640
FLOW [proto@0x1044753ae] Rx - Phase 3 Ja parser input: hyp0 len=108544 bits (stage=10, need ~16340 to parse)
FLOW [proto@0x1044753ae] Rx - Phase 3 Ja capture: emitted 108544 bits using hyp=0
FLOW [proto@0x1044753ae] Rx - primary_channel_rx: baud_rate=0 high_carrier=1 carrier=1805.2Hz agc=0.00666 power=9 shaper_sets=640
FLOW [proto@0x1044753ae] Rx - primary_channel_rx: baud_rate=0 high_carrier=1 carrier=1805.2Hz agc=0.00666 power=12 shaper_sets=640
FLOW [proto@0x1044753ae] Rx - primary_channel_rx: baud_rate=0 high_carrier=1 carrier=1805.2Hz agc=0.00666 power=0 shaper_sets=640
FLOW [proto@0x1044753ae] Rx - primary_channel_rx: baud_rate=0 high_carrier=1 carrier=1805.2Hz agc=0.00666 power=11 shaper_sets=640
FLOW [proto@0x1044753ae] Rx - primary_channel_rx: baud_rate=0 high_carrier=1 carrier=1805.2Hz agc=0.00666 power=0 shaper_sets=640
FLOW [proto@0x1044753ae] Rx - Phase 3 Ja capture: emitted 108800 bits using hyp=0
FLOW [proto@0x1044753ae] Rx - primary_channel_rx: baud_rate=0 high_carrier=1 carrier=1805.2Hz agc=0.00666 power=13 shaper_sets=640
FLOW [proto@0x1044753ae] Rx - primary_channel_rx: baud_rate=0 high_carrier=1 carrier=1805.2Hz agc=0.00666 power=4 shaper_sets=640
FLOW [proto@0x1044753ae] Rx - primary_channel_rx: baud_rate=0 high_carrier=1 carrier=1805.2Hz agc=0.00666 power=8 shaper_sets=640
FLOW [proto@0x1044753ae] Rx - primary_channel_rx: baud_rate=0 high_carrier=1 carrier=1805.2Hz agc=0.00666 power=0 shaper_sets=640
FLOW [proto@0x1044753ae] Rx - primary_channel_rx: baud_rate=0 high_carrier=1 carrier=1805.2Hz agc=0.00666 power=3 shaper_sets=640
FLOW [proto@0x1044753ae] Rx - Phase 3 WAIT_S heartbeat: dur=512 demod=0 event=0 j_bits=109022 trn_bits=103410 trn_hint=0/75%
FLOW [proto@0x1044753ae] Rx - Phase 3 TRN: best hyp=19 ones=51779/103424 (50%)
FLOW [proto@0x1044753ae] Rx - primary_channel_rx: baud_rate=0 high_carrier=1 carrier=1805.2Hz agc=0.00666 power=10 shaper_sets=640
FLOW [proto@0x1044753ae] Rx - Phase 3 Ja capture: emitted 109056 bits using hyp=0
FLOW [proto@0x1044753ae] Rx - primary_channel_rx: baud_rate=0 high_carrier=1 carrier=1805.2Hz agc=0.00666 power=0 shaper_sets=640
FLOW [proto@0x1044753ae] Rx - primary_channel_rx: baud_rate=0 high_carrier=1 carrier=1805.2Hz agc=0.00666 power=0 shaper_sets=640
FLOW [proto@0x1044753ae] Rx - primary_channel_rx: baud_rate=0 high_carrier=1 carrier=1805.2Hz agc=0.00666 power=12 shaper_sets=640
FLOW [proto@0x1044753ae] Rx - primary_channel_rx: baud_rate=0 high_carrier=1 carrier=1805.2Hz agc=0.00666 power=12 shaper_sets=640
FLOW [proto@0x1044753ae] Rx - primary_channel_rx: baud_rate=0 high_carrier=1 carrier=1805.2Hz agc=0.00666 power=15 shaper_sets=640
FLOW [proto@0x1044753ae] Rx - Phase 3 Ja capture: emitted 109312 bits using hyp=0
FLOW [proto@0x1044753ae] Rx - primary_channel_rx: baud_rate=0 high_carrier=1 carrier=1805.2Hz agc=0.00666 power=0 shaper_sets=640
FLOW [proto@0x1044753ae] Rx - primary_channel_rx: baud_rate=0 high_carrier=1 carrier=1805.2Hz agc=0.00666 power=5 shaper_sets=640
FLOW [proto@0x1044753ae] Rx - primary_channel_rx: baud_rate=0 high_carrier=1 carrier=1805.2Hz agc=0.00666 power=6 shaper_sets=640
FLOW [proto@0x1044753ae] Rx - primary_channel_rx: baud_rate=0 high_carrier=1 carrier=1805.2Hz agc=0.00666 power=0 shaper_sets=640
FLOW [proto@0x1044753ae] Rx - Phase 3 WAIT_S heartbeat: dur=768 demod=0 event=0 j_bits=109534 trn_bits=103922 trn_hint=0/75%
FLOW [proto@0x1044753ae] Rx - primary_channel_rx: baud_rate=0 high_carrier=1 carrier=1805.2Hz agc=0.00666 power=0 shaper_sets=640
FLOW [proto@0x1044753ae] Rx - Phase 3 TRN: best hyp=19 ones=52047/103936 (50%)
FLOW [proto@0x1044753ae] Rx - Phase 3 Ja capture: emitted 109568 bits using hyp=0
FLOW [proto@0x1044753ae] Rx - primary_channel_rx: baud_rate=0 high_carrier=1 carrier=1805.2Hz agc=0.00666 power=2 shaper_sets=640
FLOW [proto@0x1044753ae] Rx - primary_channel_rx: baud_rate=0 high_carrier=1 carrier=1805.2Hz agc=0.00666 power=7 shaper_sets=640
FLOW [proto@0x1044753ae] Rx - primary_channel_rx: baud_rate=0 high_carrier=1 carrier=1805.2Hz agc=0.00666 power=0 shaper_sets=640
FLOW [proto@0x1044753ae] Rx - primary_channel_rx: baud_rate=0 high_carrier=1 carrier=1805.2Hz agc=0.00666 power=3 shaper_sets=640
FLOW [proto@0x1044753ae] Rx - primary_channel_rx: baud_rate=0 high_carrier=1 carrier=1805.2Hz agc=0.00666 power=12 shaper_sets=640
FLOW [proto@0x1044753ae] Rx - primary_channel_rx: baud_rate=0 high_carrier=1 carrier=1805.2Hz agc=0.00666 power=0 shaper_sets=640
FLOW [proto@0x1044753ae] Rx - Phase 3 Ja capture: emitted 109824 bits using hyp=0
FLOW [proto@0x1044753ae] Rx - primary_channel_rx: baud_rate=0 high_carrier=1 carrier=1805.2Hz agc=0.00666 power=3 shaper_sets=640
FLOW [proto@0x1044753ae] Rx - primary_channel_rx: baud_rate=0 high_carrier=1 carrier=1805.2Hz agc=0.00666 power=10 shaper_sets=640
FLOW [proto@0x1044753ae] Rx - primary_channel_rx: baud_rate=0 high_carrier=1 carrier=1805.2Hz agc=0.00666 power=1 shaper_sets=640
FLOW [proto@0x1044753ae] Rx - Phase 3 S baud 1000: mag=0.013 data_bits=1 alt=3/32 stable=0 dom=2:10/32 rev=0/32 counts=7,9,10,6
FLOW [proto@0x1044753ae] Rx - primary_channel_rx: baud_rate=0 high_carrier=1 carrier=1805.2Hz agc=0.00666 power=9 shaper_sets=640
FLOW [proto@0x1044753ae] Rx - Phase 3 WAIT_S heartbeat: dur=1024 demod=0 event=0 j_bits=110046 trn_bits=104434 trn_hint=0/75%
FLOW [proto@0x1044753ae] Rx - Phase 3 TRN: best hyp=19 ones=52294/104448 (50%)
FLOW [proto@0x1044753ae] Rx - primary_channel_rx: baud_rate=0 high_carrier=1 carrier=1805.2Hz agc=0.00666 power=11 shaper_sets=640
FLOW [proto@0x1044753ae] Rx - Phase 3 Ja capture: emitted 110080 bits using hyp=0
FLOW [proto@0x1044753ae] Rx - primary_channel_rx: baud_rate=0 high_carrier=1 carrier=1805.2Hz agc=0.00666 power=8 shaper_sets=640
FLOW [proto@0x1044753ae] Rx - primary_channel_rx: baud_rate=0 high_carrier=1 carrier=1805.2Hz agc=0.00666 power=8 shaper_sets=640
FLOW [proto@0x1044753ae] Rx - primary_channel_rx: baud_rate=0 high_carrier=1 carrier=1805.2Hz agc=0.00666 power=3 shaper_sets=640
FLOW [proto@0x1044753ae] Rx - primary_channel_rx: baud_rate=0 high_carrier=1 carrier=1805.2Hz agc=0.00666 power=5 shaper_sets=640
FLOW [proto@0x1044753ae] Rx - primary_channel_rx: baud_rate=0 high_carrier=1 carrier=1805.2Hz agc=0.00666 power=12 shaper_sets=640
FLOW [proto@0x1044753ae] Rx - Phase 3 Ja capture: emitted 110336 bits using hyp=0
FLOW [proto@0x1044753ae] Rx - primary_channel_rx: baud_rate=0 high_carrier=1 carrier=1805.2Hz agc=0.00666 power=10 shaper_sets=640
FLOW [proto@0x1044753ae] Rx - primary_channel_rx: baud_rate=0 high_carrier=1 carrier=1805.2Hz agc=0.00666 power=2 shaper_sets=640
FLOW [proto@0x1044753ae] Rx - primary_channel_rx: baud_rate=0 high_carrier=1 carrier=1805.2Hz agc=0.00666 power=0 shaper_sets=640
FLOW [proto@0x1044753ae] Rx - primary_channel_rx: baud_rate=0 high_carrier=1 carrier=1805.2Hz agc=0.00666 power=0 shaper_sets=640
FLOW [proto@0x1044753ae] Rx - primary_channel_rx: baud_rate=0 high_carrier=1 carrier=1805.2Hz agc=0.00666 power=5 shaper_sets=640
FLOW [proto@0x1044753ae] Rx - Phase 3 WAIT_S heartbeat: dur=1280 demod=0 event=0 j_bits=110558 trn_bits=104946 trn_hint=0/75%
FLOW [proto@0x1044753ae] Rx - Phase 3 TRN: best hyp=13 ones=52545/104960 (50%)
FLOW [proto@0x1044753ae] Rx - primary_channel_rx: baud_rate=0 high_carrier=1 carrier=1805.2Hz agc=0.00666 power=0 shaper_sets=640
FLOW [proto@0x1044753ae] Rx - Phase 3 Ja parser input: hyp0 len=110592 bits (stage=10, need ~16340 to parse)
FLOW [proto@0x1044753ae] Rx - Phase 3 Ja capture: emitted 110592 bits using hyp=0
FLOW [proto@0x1044753ae] Rx - primary_channel_rx: baud_rate=0 high_carrier=1 carrier=1805.2Hz agc=0.00666 power=4 shaper_sets=640
FLOW [proto@0x1044753ae] Rx - primary_channel_rx: baud_rate=0 high_carrier=1 carrier=1805.2Hz agc=0.00666 power=0 shaper_sets=640
FLOW [proto@0x1044753ae] Rx - primary_channel_rx: baud_rate=0 high_carrier=1 carrier=1805.2Hz agc=0.00666 power=13 shaper_sets=640
FLOW [proto@0x1044753ae] Rx - primary_channel_rx: baud_rate=0 high_carrier=1 carrier=1805.2Hz agc=0.00666 power=7 shaper_sets=640
FLOW [proto@0x1044753ae] Rx - primary_channel_rx: baud_rate=0 high_carrier=1 carrier=1805.2Hz agc=0.00666 power=0 shaper_sets=640
FLOW [proto@0x1044753ae] Rx - Phase 3 Ja capture: emitted 110848 bits using hyp=0
FLOW [proto@0x1044753ae] Rx - primary_channel_rx: baud_rate=0 high_carrier=1 carrier=1805.2Hz agc=0.00666 power=6 shaper_sets=640
FLOW [proto@0x1044753ae] Rx - primary_channel_rx: baud_rate=0 high_carrier=1 carrier=1805.2Hz agc=0.00666 power=9 shaper_sets=640
FLOW [proto@0x1044753ae] Rx - primary_channel_rx: baud_rate=0 high_carrier=1 carrier=1805.2Hz agc=0.00666 power=3 shaper_sets=640
FLOW [proto@0x1044753ae] Rx - primary_channel_rx: baud_rate=0 high_carrier=1 carrier=1805.2Hz agc=0.00666 power=3 shaper_sets=640
FLOW [proto@0x1044753ae] Rx - Phase 3 WAIT_S heartbeat: dur=1536 demod=0 event=0 j_bits=111070 trn_bits=105458 trn_hint=0/75%
FLOW [proto@0x1044753ae] Rx - primary_channel_rx: baud_rate=0 high_carrier=1 carrier=1805.2Hz agc=0.00666 power=0 shaper_sets=640
FLOW [proto@0x1044753ae] Rx - Phase 3 TRN: best hyp=13 ones=52796/105472 (50%)
FLOW [proto@0x1044753ae] Rx - Phase 3 Ja capture: emitted 111104 bits using hyp=0
FLOW [proto@0x1044753ae] Rx - primary_channel_rx: baud_rate=0 high_carrier=1 carrier=1805.2Hz agc=0.00666 power=4 shaper_sets=640
FLOW [proto@0x1044753ae] Rx - primary_channel_rx: baud_rate=0 high_carrier=1 carrier=1805.2Hz agc=0.00666 power=7 shaper_sets=640
FLOW [proto@0x1044753ae] Rx - primary_channel_rx: baud_rate=0 high_carrier=1 carrier=1805.2Hz agc=0.00666 power=8 shaper_sets=640
FLOW [proto@0x1044753ae] Rx - primary_channel_rx: baud_rate=0 high_carrier=1 carrier=1805.2Hz agc=0.00666 power=0 shaper_sets=640
FLOW [proto@0x1044753ae] Rx - primary_channel_rx: baud_rate=0 high_carrier=1 carrier=1805.2Hz agc=0.00666 power=0 shaper_sets=640
FLOW [proto@0x1044753ae] Rx - primary_channel_rx: baud_rate=0 high_carrier=1 carrier=1805.2Hz agc=0.00666 power=4 shaper_sets=640
FLOW [proto@0x1044753ae] Rx - Phase 3 Ja capture: emitted 111360 bits using hyp=0
FLOW [proto@0x1044753ae] Rx - primary_channel_rx: baud_rate=0 high_carrier=1 carrier=1805.2Hz agc=0.00666 power=6 shaper_sets=640
FLOW [proto@0x1044753ae] Rx - primary_channel_rx: baud_rate=0 high_carrier=1 carrier=1805.2Hz agc=0.00666 power=13 shaper_sets=640
FLOW [proto@0x1044753ae] Rx - primary_channel_rx: baud_rate=0 high_carrier=1 carrier=1805.2Hz agc=0.00666 power=6 shaper_sets=640
FLOW [proto@0x1044753ae] Rx - primary_channel_rx: baud_rate=0 high_carrier=1 carrier=1805.2Hz agc=0.00666 power=7 shaper_sets=640
FLOW [proto@0x1044753ae] Rx - Phase 3 WAIT_S heartbeat: dur=1792 demod=0 event=0 j_bits=111582 trn_bits=105970 trn_hint=0/75%
FLOW [proto@0x1044753ae] Rx - Phase 3 TRN: best hyp=13 ones=53048/105984 (50%)
FLOW [proto@0x1044753ae] Rx - primary_channel_rx: baud_rate=0 high_carrier=1 carrier=1805.2Hz agc=0.00666 power=19 shaper_sets=640
FLOW [proto@0x1044753ae] Rx - Phase 3 Ja capture: emitted 111616 bits using hyp=0
FLOW [proto@0x1044753ae] Rx - primary_channel_rx: baud_rate=0 high_carrier=1 carrier=1805.2Hz agc=0.00666 power=7 shaper_sets=640
FLOW [proto@0x1044753ae] Rx - primary_channel_rx: baud_rate=0 high_carrier=1 carrier=1805.2Hz agc=0.00666 power=0 shaper_sets=640
FLOW [proto@0x1044753ae] Rx - primary_channel_rx: baud_rate=0 high_carrier=1 carrier=1805.2Hz agc=0.00666 power=0 shaper_sets=640
FLOW [proto@0x1044753ae] Rx - primary_channel_rx: baud_rate=0 high_carrier=1 carrier=1805.2Hz agc=0.00666 power=12 shaper_sets=640
FLOW [proto@0x1044753ae] Rx - primary_channel_rx: baud_rate=0 high_carrier=1 carrier=1805.2Hz agc=0.00666 power=10 shaper_sets=640
FLOW [proto@0x1044753ae] Rx - Phase 3 Ja capture: emitted 111872 bits using hyp=0
FLOW [proto@0x1044753ae] Rx - primary_channel_rx: baud_rate=0 high_carrier=1 carrier=1805.2Hz agc=0.00666 power=8 shaper_sets=640
FLOW [proto@0x1044753ae] Rx - primary_channel_rx: baud_rate=0 high_carrier=1 carrier=1805.2Hz agc=0.00666 power=12 shaper_sets=640
FLOW [proto@0x1044753ae] Rx - primary_channel_rx: baud_rate=0 high_carrier=1 carrier=1805.2Hz agc=0.00666 power=9 shaper_sets=640
FLOW [proto@0x1044753ae] Rx - Phase 3 S baud 2000: mag=0.006 data_bits=0 alt=7/32 stable=0 dom=3:11/32 rev=0/32 counts=10,2,9,11
FLOW [proto@0x1044753ae] Rx - primary_channel_rx: baud_rate=0 high_carrier=1 carrier=1805.2Hz agc=0.00666 power=1 shaper_sets=640
FLOW [proto@0x1044753ae] Rx - primary_channel_rx: baud_rate=0 high_carrier=1 carrier=1805.2Hz agc=0.00666 power=12 shaper_sets=640
FLOW [proto@0x1044753ae] Rx - Phase 3 WAIT_S heartbeat: dur=2048 demod=0 event=0 j_bits=112094 trn_bits=106482 trn_hint=0/75%
FLOW [proto@0x1044753ae] Rx - Phase 3 TRN: best hyp=19 ones=53309/106496 (50%)
FLOW [proto@0x1044753ae] Rx - primary_channel_rx: baud_rate=0 high_carrier=1 carrier=1805.2Hz agc=0.00666 power=15 shaper_sets=640
FLOW [proto@0x1044753ae] Rx - Phase 3 Ja capture: emitted 112128 bits using hyp=0
FLOW [proto@0x1044753ae] Rx - primary_channel_rx: baud_rate=0 high_carrier=1 carrier=1805.2Hz agc=0.00666 power=1 shaper_sets=640
FLOW [proto@0x1044753ae] Rx - primary_channel_rx: baud_rate=0 high_carrier=1 carrier=1805.2Hz agc=0.00666 power=7 shaper_sets=640
FLOW [proto@0x1044753ae] Rx - primary_channel_rx: baud_rate=0 high_carrier=1 carrier=1805.2Hz agc=0.00666 power=0 shaper_sets=640
FLOW [proto@0x1044753ae] Rx - primary_channel_rx: baud_rate=0 high_carrier=1 carrier=1805.2Hz agc=0.00666 power=7 shaper_sets=640
FLOW [proto@0x1044753ae] Rx - primary_channel_rx: baud_rate=0 high_carrier=1 carrier=1805.2Hz agc=0.00666 power=0 shaper_sets=640
FLOW [proto@0x1044753ae] Rx - Phase 3 Ja capture: emitted 112384 bits using hyp=0
FLOW [proto@0x1044753ae] Rx - primary_channel_rx: baud_rate=0 high_carrier=1 carrier=1805.2Hz agc=0.00666 power=6 shaper_sets=640
FLOW [proto@0x1044753ae] Rx - primary_channel_rx: baud_rate=0 high_carrier=1 carrier=1805.2Hz agc=0.00666 power=4 shaper_sets=640
FLOW [proto@0x1044753ae] Rx - primary_channel_rx: baud_rate=0 high_carrier=1 carrier=1805.2Hz agc=0.00666 power=2 shaper_sets=640
FLOW [proto@0x1044753ae] Rx - primary_channel_rx: baud_rate=0 high_carrier=1 carrier=1805.2Hz agc=0.00666 power=4 shaper_sets=640
FLOW [proto@0x1044753ae] Rx - Phase 3 WAIT_S heartbeat: dur=2304 demod=0 event=0 j_bits=112606 trn_bits=106994 trn_hint=0/75%
FLOW [proto@0x1044753ae] Rx - primary_channel_rx: baud_rate=0 high_carrier=1 carrier=1805.2Hz agc=0.00666 power=8 shaper_sets=640
FLOW [proto@0x1044753ae] Rx - Phase 3 TRN: best hyp=19 ones=53568/107008 (50%)
FLOW [proto@0x1044753ae] Rx - Phase 3 Ja parser input: hyp0 len=112640 bits (stage=10, need ~16340 to parse)
FLOW [proto@0x1044753ae] Rx - Phase 3 Ja capture: emitted 112640 bits using hyp=0
FLOW [proto@0x1044753ae] Rx - primary_channel_rx: baud_rate=0 high_carrier=1 carrier=1805.2Hz agc=0.00666 power=0 shaper_sets=640
FLOW [proto@0x1044753ae] Rx - primary_channel_rx: baud_rate=0 high_carrier=1 carrier=1805.2Hz agc=0.00666 power=7 shaper_sets=640
FLOW [proto@0x1044753ae] Rx - primary_channel_rx: baud_rate=0 high_carrier=1 carrier=1805.2Hz agc=0.00666 power=0 shaper_sets=640
FLOW [proto@0x1044753ae] Rx - primary_channel_rx: baud_rate=0 high_carrier=1 carrier=1805.2Hz agc=0.00666 power=0 shaper_sets=640
FLOW [proto@0x1044753ae] Rx - primary_channel_rx: baud_rate=0 high_carrier=1 carrier=1805.2Hz agc=0.00666 power=27 shaper_sets=640
FLOW [proto@0x1044753ae] Rx - primary_channel_rx: baud_rate=0 high_carrier=1 carrier=1805.2Hz agc=0.00666 power=0 shaper_sets=640
FLOW [proto@0x1044753ae] Rx - Phase 3 Ja capture: emitted 112896 bits using hyp=0
FLOW [proto@0x1044753ae] Rx - primary_channel_rx: baud_rate=0 high_carrier=1 carrier=1805.2Hz agc=0.00666 power=0 shaper_sets=640
FLOW [proto@0x1044753ae] Rx - primary_channel_rx: baud_rate=0 high_carrier=1 carrier=1805.2Hz agc=0.00666 power=20 shaper_sets=640
FLOW [proto@0x1044753ae] Rx - primary_channel_rx: baud_rate=0 high_carrier=1 carrier=1805.2Hz agc=0.00666 power=17 shaper_sets=640
FLOW [proto@0x1044753ae] Rx - primary_channel_rx: baud_rate=0 high_carrier=1 carrier=1805.2Hz agc=0.00666 power=0 shaper_sets=640
FLOW [proto@0x1044753ae] Rx - Phase 3 WAIT_S heartbeat: dur=2560 demod=0 event=0 j_bits=113118 trn_bits=107506 trn_hint=0/75%
FLOW [proto@0x1044753ae] Rx - Phase 3 TRN: best hyp=13 ones=53837/107520 (50%)
FLOW [proto@0x1044753ae] Rx - primary_channel_rx: baud_rate=0 high_carrier=1 carrier=1805.2Hz agc=0.00666 power=7 shaper_sets=640
FLOW [proto@0x1044753ae] Rx - Phase 3 Ja capture: emitted 113152 bits using hyp=0
FLOW [proto@0x1044753ae] Rx - primary_channel_rx: baud_rate=0 high_carrier=1 carrier=1805.2Hz agc=0.00666 power=3 shaper_sets=640
FLOW [proto@0x1044753ae] Rx - primary_channel_rx: baud_rate=0 high_carrier=1 carrier=1805.2Hz agc=0.00666 power=6 shaper_sets=640
FLOW [proto@0x1044753ae] Rx - primary_channel_rx: baud_rate=0 high_carrier=1 carrier=1805.2Hz agc=0.00666 power=13 shaper_sets=640
FLOW [proto@0x1044753ae] Rx - primary_channel_rx: baud_rate=0 high_carrier=1 carrier=1805.2Hz agc=0.00666 power=14 shaper_sets=640
FLOW [proto@0x1044753ae] Rx - primary_channel_rx: baud_rate=0 high_carrier=1 carrier=1805.2Hz agc=0.00666 power=0 shaper_sets=640
FLOW [proto@0x1044753ae] Rx - Phase 3 Ja capture: emitted 113408 bits using hyp=0
FLOW [proto@0x1044753ae] Rx - primary_channel_rx: baud_rate=0 high_carrier=1 carrier=1805.2Hz agc=0.00666 power=11 shaper_sets=640
FLOW [proto@0x1044753ae] Rx - primary_channel_rx: baud_rate=0 high_carrier=1 carrier=1805.2Hz agc=0.00666 power=17 shaper_sets=640
FLOW [proto@0x1044753ae] Rx - primary_channel_rx: baud_rate=0 high_carrier=1 carrier=1805.2Hz agc=0.00666 power=0 shaper_sets=640
FLOW [proto@0x1044753ae] Rx - primary_channel_rx: baud_rate=0 high_carrier=1 carrier=1805.2Hz agc=0.00666 power=0 shaper_sets=640
FLOW [proto@0x1044753ae] Rx - primary_channel_rx: baud_rate=0 high_carrier=1 carrier=1805.2Hz agc=0.00666 power=3 shaper_sets=640
FLOW [proto@0x1044753ae] Rx - Phase 3 WAIT_S heartbeat: dur=2816 demod=0 event=0 j_bits=113630 trn_bits=108018 trn_hint=0/75%
FLOW [proto@0x1044753ae] Rx - Phase 3 TRN: best hyp=19 ones=54081/108032 (50%)
FLOW [proto@0x1044753ae] Rx - primary_channel_rx: baud_rate=0 high_carrier=1 carrier=1805.2Hz agc=0.00666 power=20 shaper_sets=640
FLOW [proto@0x1044753ae] Rx - Phase 3 Ja capture: emitted 113664 bits using hyp=0
FLOW [proto@0x1044753ae] Rx - primary_channel_rx: baud_rate=0 high_carrier=1 carrier=1805.2Hz agc=0.00666 power=8 shaper_sets=640
FLOW [proto@0x1044753ae] Rx - primary_channel_rx: baud_rate=0 high_carrier=1 carrier=1805.2Hz agc=0.00666 power=5 shaper_sets=640
FLOW [proto@0x1044753ae] Rx - primary_channel_rx: baud_rate=0 high_carrier=1 carrier=1805.2Hz agc=0.00666 power=12 shaper_sets=640
FLOW [proto@0x1044753ae] Rx - primary_channel_rx: baud_rate=0 high_carrier=1 carrier=1805.2Hz agc=0.00666 power=0 shaper_sets=640
FLOW [proto@0x1044753ae] Rx - primary_channel_rx: baud_rate=0 high_carrier=1 carrier=1805.2Hz agc=0.00666 power=7 shaper_sets=640
FLOW [proto@0x1044753ae] Rx - Phase 3 Ja capture: emitted 113920 bits using hyp=0
FLOW [proto@0x1044753ae] Rx - primary_channel_rx: baud_rate=0 high_carrier=1 carrier=1805.2Hz agc=0.00666 power=5 shaper_sets=640
FLOW [proto@0x1044753ae] Rx - Phase 3 S baud 3000: mag=0.002 data_bits=1 alt=6/32 stable=0 dom=2:10/32 rev=0/32 counts=9,5,10,8
FLOW [proto@0x1044753ae] Rx - primary_channel_rx: baud_rate=0 high_carrier=1 carrier=1805.2Hz agc=0.00666 power=4 shaper_sets=640
FLOW [proto@0x1044753ae] Rx - primary_channel_rx: baud_rate=0 high_carrier=1 carrier=1805.2Hz agc=0.00666 power=19 shaper_sets=640
FLOW [proto@0x1044753ae] Rx - primary_channel_rx: baud_rate=0 high_carrier=1 carrier=1805.2Hz agc=0.00666 power=20 shaper_sets=640
FLOW [proto@0x1044753ae] Rx - Phase 3 WAIT_S heartbeat: dur=3072 demod=0 event=0 j_bits=114142 trn_bits=108530 trn_hint=0/75%
FLOW [proto@0x1044753ae] Rx - primary_channel_rx: baud_rate=0 high_carrier=1 carrier=1805.2Hz agc=0.00666 power=10 shaper_sets=640
FLOW [proto@0x1044753ae] Rx - Phase 3 TRN: best hyp=13 ones=54350/108544 (50%)
FLOW [proto@0x1044753ae] Rx - Phase 3 Ja capture: emitted 114176 bits using hyp=0
FLOW [proto@0x1044753ae] Rx - primary_channel_rx: baud_rate=0 high_carrier=1 carrier=1805.2Hz agc=0.00666 power=14 shaper_sets=640
FLOW [proto@0x1044753ae] Rx - primary_channel_rx: baud_rate=0 high_carrier=1 carrier=1805.2Hz agc=0.00666 power=2 shaper_sets=640
FLOW [proto@0x1044753ae] Rx - primary_channel_rx: baud_rate=0 high_carrier=1 carrier=1805.2Hz agc=0.00666 power=11 shaper_sets=640
FLOW [proto@0x1044753ae] Rx - primary_channel_rx: baud_rate=0 high_carrier=1 carrier=1805.2Hz agc=0.00666 power=0 shaper_sets=640
FLOW [proto@0x1044753ae] Rx - primary_channel_rx: baud_rate=0 high_carrier=1 carrier=1805.2Hz agc=0.00666 power=6 shaper_sets=640
FLOW [proto@0x1044753ae] Rx - primary_channel_rx: baud_rate=0 high_carrier=1 carrier=1805.2Hz agc=0.00666 power=17 shaper_sets=640
FLOW [proto@0x1044753ae] Rx - Phase 3 Ja capture: emitted 114432 bits using hyp=0
FLOW [proto@0x1044753ae] Rx - primary_channel_rx: baud_rate=0 high_carrier=1 carrier=1805.2Hz agc=0.00666 power=7 shaper_sets=640
FLOW [proto@0x1044753ae] Rx - primary_channel_rx: baud_rate=0 high_carrier=1 carrier=1805.2Hz agc=0.00666 power=5 shaper_sets=640
FLOW [proto@0x1044753ae] Rx - primary_channel_rx: baud_rate=0 high_carrier=1 carrier=1805.2Hz agc=0.00666 power=12 shaper_sets=640
FLOW [proto@0x1044753ae] Rx - primary_channel_rx: baud_rate=0 high_carrier=1 carrier=1805.2Hz agc=0.00666 power=12 shaper_sets=640
FLOW [proto@0x1044753ae] Rx - Phase 3 WAIT_S heartbeat: dur=3328 demod=0 event=0 j_bits=114654 trn_bits=109042 trn_hint=0/75%
FLOW [proto@0x1044753ae] Rx - Phase 3 TRN: best hyp=13 ones=54599/109056 (50%)
FLOW [proto@0x1044753ae] Rx - primary_channel_rx: baud_rate=0 high_carrier=1 carrier=1805.2Hz agc=0.00666 power=0 shaper_sets=640
FLOW [proto@0x1044753ae] Rx - Phase 3 Ja parser input: hyp0 len=114688 bits (stage=10, need ~16340 to parse)
FLOW [proto@0x1044753ae] Rx - Phase 3 Ja capture: emitted 114688 bits using hyp=0
FLOW [proto@0x1044753ae] Rx - primary_channel_rx: baud_rate=0 high_carrier=1 carrier=1805.2Hz agc=0.00666 power=2 shaper_sets=640
FLOW [proto@0x1044753ae] Rx - primary_channel_rx: baud_rate=0 high_carrier=1 carrier=1805.2Hz agc=0.00666 power=7 shaper_sets=640
FLOW [proto@0x1044753ae] Rx - primary_channel_rx: baud_rate=0 high_carrier=1 carrier=1805.2Hz agc=0.00666 power=6 shaper_sets=640
FLOW [proto@0x1044753ae] Rx - primary_channel_rx: baud_rate=0 high_carrier=1 carrier=1805.2Hz agc=0.00666 power=12 shaper_sets=640
FLOW [proto@0x1044753ae] Rx - primary_channel_rx: baud_rate=0 high_carrier=1 carrier=1805.2Hz agc=0.00666 power=19 shaper_sets=640
FLOW [proto@0x1044753ae] Rx - Phase 3 Ja capture: emitted 114944 bits using hyp=0
FLOW [proto@0x1044753ae] Rx - primary_channel_rx: baud_rate=0 high_carrier=1 carrier=1805.2Hz agc=0.00666 power=14 shaper_sets=640
FLOW [proto@0x1044753ae] Rx - primary_channel_rx: baud_rate=0 high_carrier=1 carrier=1805.2Hz agc=0.00666 power=8 shaper_sets=640
FLOW [proto@0x1044753ae] Rx - primary_channel_rx: baud_rate=0 high_carrier=1 carrier=1805.2Hz agc=0.00666 power=11 shaper_sets=640
FLOW [proto@0x1044753ae] Rx - primary_channel_rx: baud_rate=0 high_carrier=1 carrier=1805.2Hz agc=0.00666 power=18 shaper_sets=640
FLOW [proto@0x1044753ae] Rx - primary_channel_rx: baud_rate=0 high_carrier=1 carrier=1805.2Hz agc=0.00666 power=0 shaper_sets=640
FLOW [proto@0x1044753ae] Rx - Phase 3 WAIT_S heartbeat: dur=3584 demod=0 event=0 j_bits=115166 trn_bits=109554 trn_hint=0/75%
FLOW [proto@0x1044753ae] Rx - Phase 3 TRN: best hyp=19 ones=54864/109568 (50%)
FLOW [proto@0x1044753ae] Rx - primary_channel_rx: baud_rate=0 high_carrier=1 carrier=1805.2Hz agc=0.00666 power=13 shaper_sets=640
FLOW [proto@0x1044753ae] Rx - Phase 3 Ja capture: emitted 115200 bits using hyp=0
FLOW [proto@0x1044753ae] Rx - primary_channel_rx: baud_rate=0 high_carrier=1 carrier=1805.2Hz agc=0.00666 power=1 shaper_sets=640
FLOW [proto@0x1044753ae] Rx - primary_channel_rx: baud_rate=0 high_carrier=1 carrier=1805.2Hz agc=0.00666 power=13 shaper_sets=640
FLOW [proto@0x1044753ae] Rx - primary_channel_rx: baud_rate=0 high_carrier=1 carrier=1805.2Hz agc=0.00666 power=16 shaper_sets=640
FLOW [proto@0x1044753ae] Rx - primary_channel_rx: baud_rate=0 high_carrier=1 carrier=1805.2Hz agc=0.00666 power=10 shaper_sets=640
FLOW [proto@0x1044753ae] Rx - primary_channel_rx: baud_rate=0 high_carrier=1 carrier=1805.2Hz agc=0.00666 power=3 shaper_sets=640
FLOW [proto@0x1044753ae] Rx - Phase 3 Ja capture: emitted 115456 bits using hyp=0
FLOW [proto@0x1044753ae] Rx - primary_channel_rx: baud_rate=0 high_carrier=1 carrier=1805.2Hz agc=0.00666 power=11 shaper_sets=640
FLOW [proto@0x1044753ae] Rx - primary_channel_rx: baud_rate=0 high_carrier=1 carrier=1805.2Hz agc=0.00666 power=20 shaper_sets=640
FLOW [proto@0x1044753ae] Rx - primary_channel_rx: baud_rate=0 high_carrier=1 carrier=1805.2Hz agc=0.00666 power=4 shaper_sets=640
FLOW [proto@0x1044753ae] Rx - primary_channel_rx: baud_rate=0 high_carrier=1 carrier=1805.2Hz agc=0.00666 power=2 shaper_sets=640
FLOW [proto@0x1044753ae] Rx - Phase 3 WAIT_S heartbeat: dur=3840 demod=0 event=0 j_bits=115678 trn_bits=110066 trn_hint=0/75%
FLOW [proto@0x1044753ae] Rx - primary_channel_rx: baud_rate=0 high_carrier=1 carrier=1805.2Hz agc=0.00666 power=8 shaper_sets=640
FLOW [proto@0x1044753ae] Rx - Phase 3 TRN: best hyp=19 ones=55132/110080 (50%)
FLOW [proto@0x1044753ae] Rx - Phase 3 Ja capture: emitted 115712 bits using hyp=0
FLOW [proto@0x1044753ae] Rx - primary_channel_rx: baud_rate=0 high_carrier=1 carrier=1805.2Hz agc=0.00666 power=7 shaper_sets=640
FLOW [proto@0x1044753ae] Rx - primary_channel_rx: baud_rate=0 high_carrier=1 carrier=1805.2Hz agc=0.00666 power=13 shaper_sets=640
FLOW [proto@0x1044753ae] Rx - primary_channel_rx: baud_rate=0 high_carrier=1 carrier=1805.2Hz agc=0.00666 power=22 shaper_sets=640
FLOW [proto@0x1044753ae] Rx - primary_channel_rx: baud_rate=0 high_carrier=1 carrier=1805.2Hz agc=0.00666 power=0 shaper_sets=640
FLOW [proto@0x1044753ae] Rx - primary_channel_rx: baud_rate=0 high_carrier=1 carrier=1805.2Hz agc=0.00666 power=10 shaper_sets=640
FLOW [proto@0x1044753ae] Rx - primary_channel_rx: baud_rate=0 high_carrier=1 carrier=1805.2Hz agc=0.00666 power=17 shaper_sets=640
FLOW [proto@0x1044753ae] Rx - Phase 3 Ja capture: emitted 115968 bits using hyp=0
FLOW [proto@0x1044753ae] Rx - Phase 3 S baud 4000: mag=0.002 data_bits=3 alt=6/32 stable=0 dom=3:12/32 rev=0/32 counts=7,3,10,12
FLOW [proto@0x1044753ae] Rx - primary_channel_rx: baud_rate=0 high_carrier=1 carrier=1805.2Hz agc=0.00666 power=15 shaper_sets=640
FLOW [proto@0x1044753ae] Rx - primary_channel_rx: baud_rate=0 high_carrier=1 carrier=1805.2Hz agc=0.00666 power=3 shaper_sets=640
FLOW [proto@0x1044753ae] Rx - primary_channel_rx: baud_rate=0 high_carrier=1 carrier=1805.2Hz agc=0.00666 power=6 shaper_sets=640
FLOW [proto@0x1044753ae] Rx - primary_channel_rx: baud_rate=0 high_carrier=1 carrier=1805.2Hz agc=0.00666 power=13 shaper_sets=640
FLOW [proto@0x1044753ae] Rx - Phase 3 WAIT_S heartbeat: dur=4096 demod=0 event=0 j_bits=116190 trn_bits=110578 trn_hint=0/75%
FLOW [proto@0x1044753ae] Rx - Phase 3 TRN: best hyp=19 ones=55395/110592 (50%)
FLOW [proto@0x1044753ae] Rx - primary_channel_rx: baud_rate=0 high_carrier=1 carrier=1805.2Hz agc=0.00666 power=0 shaper_sets=640
FLOW [proto@0x1044753ae] Rx - Phase 3 Ja capture: emitted 116224 bits using hyp=0
FLOW [proto@0x1044753ae] Rx - primary_channel_rx: baud_rate=0 high_carrier=1 carrier=1805.2Hz agc=0.00666 power=8 shaper_sets=640
FLOW [proto@0x1044753ae] Rx - primary_channel_rx: baud_rate=0 high_carrier=1 carrier=1805.2Hz agc=0.00666 power=8 shaper_sets=640
FLOW [proto@0x1044753ae] Rx - primary_channel_rx: baud_rate=0 high_carrier=1 carrier=1805.2Hz agc=0.00666 power=3 shaper_sets=640
FLOW [proto@0x1044753ae] Rx - primary_channel_rx: baud_rate=0 high_carrier=1 carrier=1805.2Hz agc=0.00666 power=0 shaper_sets=640
FLOW [proto@0x1044753ae] Rx - primary_channel_rx: baud_rate=0 high_carrier=1 carrier=1805.2Hz agc=0.00666 power=17 shaper_sets=640
FLOW [proto@0x1044753ae] Rx - Phase 3 Ja capture: emitted 116480 bits using hyp=0
FLOW [proto@0x1044753ae] Rx - primary_channel_rx: baud_rate=0 high_carrier=1 carrier=1805.2Hz agc=0.00666 power=0 shaper_sets=640
FLOW [proto@0x1044753ae] Rx - primary_channel_rx: baud_rate=0 high_carrier=1 carrier=1805.2Hz agc=0.00666 power=8 shaper_sets=640
FLOW [proto@0x1044753ae] Rx - primary_channel_rx: baud_rate=0 high_carrier=1 carrier=1805.2Hz agc=0.00666 power=0 shaper_sets=640
FLOW [proto@0x1044753ae] Rx - primary_channel_rx: baud_rate=0 high_carrier=1 carrier=1805.2Hz agc=0.00666 power=15 shaper_sets=640
FLOW [proto@0x1044753ae] Rx - primary_channel_rx: baud_rate=0 high_carrier=1 carrier=1805.2Hz agc=0.00666 power=3 shaper_sets=640
FLOW [proto@0x1044753ae] Rx - Phase 3 WAIT_S heartbeat: dur=4352 demod=0 event=0 j_bits=116702 trn_bits=111090 trn_hint=0/75%
FLOW [proto@0x1044753ae] Rx - Phase 3 TRN: best hyp=19 ones=55646/111104 (50%)
FLOW [proto@0x1044753ae] Rx - primary_channel_rx: baud_rate=0 high_carrier=1 carrier=1805.2Hz agc=0.00666 power=0 shaper_sets=640
FLOW [proto@0x1044753ae] Rx - Phase 3 Ja parser input: hyp0 len=116736 bits (stage=10, need ~16340 to parse)
FLOW [proto@0x1044753ae] Rx - Phase 3 Ja capture: emitted 116736 bits using hyp=0
FLOW [proto@0x1044753ae] Rx - primary_channel_rx: baud_rate=0 high_carrier=1 carrier=1805.2Hz agc=0.00666 power=0 shaper_sets=640
FLOW [proto@0x1044753ae] Rx - primary_channel_rx: baud_rate=0 high_carrier=1 carrier=1805.2Hz agc=0.00666 power=14 shaper_sets=640
FLOW [proto@0x1044753ae] Rx - primary_channel_rx: baud_rate=0 high_carrier=1 carrier=1805.2Hz agc=0.00666 power=7 shaper_sets=640
FLOW [proto@0x1044753ae] Rx - primary_channel_rx: baud_rate=0 high_carrier=1 carrier=1805.2Hz agc=0.00666 power=10 shaper_sets=640
FLOW [proto@0x1044753ae] Rx - primary_channel_rx: baud_rate=0 high_carrier=1 carrier=1805.2Hz agc=0.00666 power=10 shaper_sets=640
FLOW [proto@0x1044753ae] Rx - Phase 3 Ja capture: emitted 116992 bits using hyp=0
FLOW [proto@0x1044753ae] Rx - primary_channel_rx: baud_rate=0 high_carrier=1 carrier=1805.2Hz agc=0.00666 power=5 shaper_sets=640
FLOW [proto@0x1044753ae] Rx - primary_channel_rx: baud_rate=0 high_carrier=1 carrier=1805.2Hz agc=0.00666 power=8 shaper_sets=640
FLOW [proto@0x1044753ae] Rx - primary_channel_rx: baud_rate=0 high_carrier=1 carrier=1805.2Hz agc=0.00666 power=5 shaper_sets=640
FLOW [proto@0x1044753ae] Rx - primary_channel_rx: baud_rate=0 high_carrier=1 carrier=1805.2Hz agc=0.00666 power=7 shaper_sets=640
FLOW [proto@0x1044753ae] Rx - Phase 3 WAIT_S heartbeat: dur=4608 demod=0 event=0 j_bits=117214 trn_bits=111602 trn_hint=0/75%
FLOW [proto@0x1044753ae] Rx - primary_channel_rx: baud_rate=0 high_carrier=1 carrier=1805.2Hz agc=0.00666 power=20 shaper_sets=640
FLOW [proto@0x1044753ae] Rx - Phase 3 TRN: best hyp=19 ones=55903/111616 (50%)
FLOW [proto@0x1044753ae] Rx - Phase 3 Ja capture: emitted 117248 bits using hyp=0
FLOW [proto@0x1044753ae] Rx - primary_channel_rx: baud_rate=0 high_carrier=1 carrier=1805.2Hz agc=0.00666 power=0 shaper_sets=640
FLOW [proto@0x1044753ae] Rx - primary_channel_rx: baud_rate=0 high_carrier=1 carrier=1805.2Hz agc=0.00666 power=19 shaper_sets=640
FLOW [proto@0x1044753ae] Rx - primary_channel_rx: baud_rate=0 high_carrier=1 carrier=1805.2Hz agc=0.00666 power=5 shaper_sets=640
FLOW [proto@0x1044753ae] Rx - primary_channel_rx: baud_rate=0 high_carrier=1 carrier=1805.2Hz agc=0.00666 power=21 shaper_sets=640
FLOW [proto@0x1044753ae] Rx - primary_channel_rx: baud_rate=0 high_carrier=1 carrier=1805.2Hz agc=0.00666 power=0 shaper_sets=640
FLOW [proto@0x1044753ae] Rx - primary_channel_rx: baud_rate=0 high_carrier=1 carrier=1805.2Hz agc=0.00666 power=14 shaper_sets=640
FLOW [proto@0x1044753ae] Rx - Phase 3 Ja capture: emitted 117504 bits using hyp=0
FLOW [proto@0x1044753ae] Rx - primary_channel_rx: baud_rate=0 high_carrier=1 carrier=1805.2Hz agc=0.00666 power=13 shaper_sets=640
FLOW [proto@0x1044753ae] Rx - primary_channel_rx: baud_rate=0 high_carrier=1 carrier=1805.2Hz agc=0.00666 power=0 shaper_sets=640
FLOW [proto@0x1044753ae] Rx - primary_channel_rx: baud_rate=0 high_carrier=1 carrier=1805.2Hz agc=0.00666 power=11 shaper_sets=640
FLOW [proto@0x1044753ae] Rx - primary_channel_rx: baud_rate=0 high_carrier=1 carrier=1805.2Hz agc=0.00666 power=19 shaper_sets=640
FLOW [proto@0x1044753ae] Rx - Phase 3 WAIT_S heartbeat: dur=4864 demod=0 event=0 j_bits=117726 trn_bits=112114 trn_hint=0/75%
FLOW [proto@0x1044753ae] Rx - Phase 3 TRN: best hyp=13 ones=56158/112128 (50%)
FLOW [proto@0x1044753ae] Rx - primary_channel_rx: baud_rate=0 high_carrier=1 carrier=1805.2Hz agc=0.00666 power=16 shaper_sets=640
FLOW [proto@0x1044753ae] Rx - Phase 3 Ja capture: emitted 117760 bits using hyp=0
FLOW [proto@0x1044753ae] Rx - primary_channel_rx: baud_rate=0 high_carrier=1 carrier=1805.2Hz agc=0.00666 power=5 shaper_sets=640
FLOW [proto@0x1044753ae] Rx - primary_channel_rx: baud_rate=0 high_carrier=1 carrier=1805.2Hz agc=0.00666 power=0 shaper_sets=640
FLOW [proto@0x1044753ae] Rx - primary_channel_rx: baud_rate=0 high_carrier=1 carrier=1805.2Hz agc=0.00666 power=8 shaper_sets=640
FLOW [proto@0x1044753ae] Rx - primary_channel_rx: baud_rate=0 high_carrier=1 carrier=1805.2Hz agc=0.00666 power=0 shaper_sets=640
FLOW [proto@0x1044753ae] Rx - primary_channel_rx: baud_rate=0 high_carrier=1 carrier=1805.2Hz agc=0.00666 power=11 shaper_sets=640
FLOW [proto@0x1044753ae] Rx - Phase 3 S baud 5000: mag=0.008 data_bits=2 alt=7/32 stable=0 dom=3:11/32 rev=0/32 counts=6,5,10,11
FLOW [proto@0x1044753ae] Rx - Phase 3 Ja capture: emitted 118016 bits using hyp=0
FLOW [proto@0x1044753ae] Rx - primary_channel_rx: baud_rate=0 high_carrier=1 carrier=1805.2Hz agc=0.00666 power=8 shaper_sets=640
FLOW [proto@0x1044753ae] Rx - primary_channel_rx: baud_rate=0 high_carrier=1 carrier=1805.2Hz agc=0.00666 power=9 shaper_sets=640
FLOW [proto@0x1044753ae] Rx - primary_channel_rx: baud_rate=0 high_carrier=1 carrier=1805.2Hz agc=0.00666 power=11 shaper_sets=640
FLOW [proto@0x1044753ae] Rx - primary_channel_rx: baud_rate=0 high_carrier=1 carrier=1805.2Hz agc=0.00666 power=0 shaper_sets=640
FLOW [proto@0x1044753ae] Rx - primary_channel_rx: baud_rate=0 high_carrier=1 carrier=1805.2Hz agc=0.00666 power=11 shaper_sets=640
FLOW [proto@0x1044753ae] Rx - Phase 3 WAIT_S heartbeat: dur=5120 demod=0 event=0 j_bits=118238 trn_bits=112626 trn_hint=0/75%
FLOW [proto@0x1044753ae] Rx - Phase 3 TRN: best hyp=13 ones=56430/112640 (50%)
FLOW [proto@0x1044753ae] Rx - primary_channel_rx: baud_rate=0 high_carrier=1 carrier=1805.2Hz agc=0.00666 power=12 shaper_sets=640
FLOW [proto@0x1044753ae] Rx - Phase 3 Ja capture: emitted 118272 bits using hyp=0
FLOW [proto@0x1044753ae] Rx - primary_channel_rx: baud_rate=0 high_carrier=1 carrier=1805.2Hz agc=0.00666 power=6 shaper_sets=640
FLOW [proto@0x1044753ae] Rx - primary_channel_rx: baud_rate=0 high_carrier=1 carrier=1805.2Hz agc=0.00666 power=5 shaper_sets=640
FLOW [proto@0x1044753ae] Rx - primary_channel_rx: baud_rate=0 high_carrier=1 carrier=1805.2Hz agc=0.00666 power=3 shaper_sets=640
FLOW [proto@0x1044753ae] Rx - primary_channel_rx: baud_rate=0 high_carrier=1 carrier=1805.2Hz agc=0.00666 power=14 shaper_sets=640
FLOW [proto@0x1044753ae] Rx - primary_channel_rx: baud_rate=0 high_carrier=1 carrier=1805.2Hz agc=0.00666 power=3 shaper_sets=640
FLOW [proto@0x1044753ae] Rx - Phase 3 Ja capture: emitted 118528 bits using hyp=0
FLOW [proto@0x1044753ae] Rx - primary_channel_rx: baud_rate=0 high_carrier=1 carrier=1805.2Hz agc=0.00666 power=3 shaper_sets=640
FLOW [proto@0x1044753ae] Rx - primary_channel_rx: baud_rate=0 high_carrier=1 carrier=1805.2Hz agc=0.00666 power=10 shaper_sets=640
FLOW [proto@0x1044753ae] Rx - primary_channel_rx: baud_rate=0 high_carrier=1 carrier=1805.2Hz agc=0.00666 power=5 shaper_sets=640
FLOW [proto@0x1044753ae] Rx - primary_channel_rx: baud_rate=0 high_carrier=1 carrier=1805.2Hz agc=0.00666 power=3 shaper_sets=640
FLOW [proto@0x1044753ae] Rx - Phase 3 WAIT_S heartbeat: dur=5376 demod=0 event=0 j_bits=118750 trn_bits=113138 trn_hint=0/75%
FLOW [proto@0x1044753ae] Rx - primary_channel_rx: baud_rate=0 high_carrier=1 carrier=1805.2Hz agc=0.00666 power=7 shaper_sets=640
FLOW [proto@0x1044753ae] Rx - Phase 3 TRN: best hyp=13 ones=56704/113152 (50%)
FLOW [proto@0x1044753ae] Rx - Phase 3 Ja parser input: hyp0 len=118784 bits (stage=10, need ~16340 to parse)
FLOW [proto@0x1044753ae] Rx - Phase 3 Ja capture: emitted 118784 bits using hyp=0
FLOW [proto@0x1044753ae] Rx - primary_channel_rx: baud_rate=0 high_carrier=1 carrier=1805.2Hz agc=0.00666 power=9 shaper_sets=640
FLOW [proto@0x1044753ae] Rx - primary_channel_rx: baud_rate=0 high_carrier=1 carrier=1805.2Hz agc=0.00666 power=9 shaper_sets=640
FLOW [proto@0x1044753ae] Rx - primary_channel_rx: baud_rate=0 high_carrier=1 carrier=1805.2Hz agc=0.00666 power=8 shaper_sets=640
FLOW [proto@0x1044753ae] Rx - primary_channel_rx: baud_rate=0 high_carrier=1 carrier=1805.2Hz agc=0.00666 power=20 shaper_sets=640
FLOW [proto@0x1044753ae] Rx - primary_channel_rx: baud_rate=0 high_carrier=1 carrier=1805.2Hz agc=0.00666 power=11 shaper_sets=640
FLOW [proto@0x1044753ae] Rx - primary_channel_rx: baud_rate=0 high_carrier=1 carrier=1805.2Hz agc=0.00666 power=9 shaper_sets=640
FLOW [proto@0x1044753ae] Rx - Phase 3 Ja capture: emitted 119040 bits using hyp=0
FLOW [proto@0x1044753ae] Rx - primary_channel_rx: baud_rate=0 high_carrier=1 carrier=1805.2Hz agc=0.00666 power=3 shaper_sets=640
FLOW [proto@0x1044753ae] Rx - primary_channel_rx: baud_rate=0 high_carrier=1 carrier=1805.2Hz agc=0.00666 power=19 shaper_sets=640
FLOW [proto@0x1044753ae] Rx - primary_channel_rx: baud_rate=0 high_carrier=1 carrier=1805.2Hz agc=0.00666 power=11 shaper_sets=640
FLOW [proto@0x1044753ae] Rx - primary_channel_rx: baud_rate=0 high_carrier=1 carrier=1805.2Hz agc=0.00666 power=0 shaper_sets=640
FLOW [proto@0x1044753ae] Rx - Phase 3 WAIT_S heartbeat: dur=5632 demod=0 event=0 j_bits=119262 trn_bits=113650 trn_hint=0/75%
FLOW [proto@0x1044753ae] Rx - Phase 3 TRN: best hyp=13 ones=56968/113664 (50%)
FLOW [proto@0x1044753ae] Rx - primary_channel_rx: baud_rate=0 high_carrier=1 carrier=1805.2Hz agc=0.00666 power=15 shaper_sets=640
FLOW [proto@0x1044753ae] Rx - Phase 3 Ja capture: emitted 119296 bits using hyp=0
FLOW [proto@0x1044753ae] Rx - primary_channel_rx: baud_rate=0 high_carrier=1 carrier=1805.2Hz agc=0.00666 power=10 shaper_sets=640
FLOW [proto@0x1044753ae] Rx - primary_channel_rx: baud_rate=0 high_carrier=1 carrier=1805.2Hz agc=0.00666 power=9 shaper_sets=640
FLOW [proto@0x1044753ae] Rx - primary_channel_rx: baud_rate=0 high_carrier=1 carrier=1805.2Hz agc=0.00666 power=7 shaper_sets=640
FLOW [proto@0x1044753ae] Rx - primary_channel_rx: baud_rate=0 high_carrier=1 carrier=1805.2Hz agc=0.00666 power=9 shaper_sets=640
FLOW [proto@0x1044753ae] Rx - primary_channel_rx: baud_rate=0 high_carrier=1 carrier=1805.2Hz agc=0.00666 power=11 shaper_sets=640
FLOW [proto@0x1044753ae] Rx - Phase 3 Ja capture: emitted 119552 bits using hyp=0
FLOW [proto@0x1044753ae] Rx - primary_channel_rx: baud_rate=0 high_carrier=1 carrier=1805.2Hz agc=0.00666 power=9 shaper_sets=640
FLOW [proto@0x1044753ae] Rx - primary_channel_rx: baud_rate=0 high_carrier=1 carrier=1805.2Hz agc=0.00666 power=12 shaper_sets=640
FLOW [proto@0x1044753ae] Rx - primary_channel_rx: baud_rate=0 high_carrier=1 carrier=1805.2Hz agc=0.00666 power=0 shaper_sets=640
FLOW [proto@0x1044753ae] Rx - primary_channel_rx: baud_rate=0 high_carrier=1 carrier=1805.2Hz agc=0.00666 power=17 shaper_sets=640
FLOW [proto@0x1044753ae] Rx - primary_channel_rx: baud_rate=0 high_carrier=1 carrier=1805.2Hz agc=0.00666 power=12 shaper_sets=640
FLOW [proto@0x1044753ae] Rx - Phase 3 WAIT_S heartbeat: dur=5888 demod=0 event=0 j_bits=119774 trn_bits=114162 trn_hint=0/75%
FLOW [proto@0x1044753ae] Rx - Phase 3 TRN: best hyp=13 ones=57229/114176 (50%)
FLOW [proto@0x1044753ae] Rx - primary_channel_rx: baud_rate=0 high_carrier=1 carrier=1805.2Hz agc=0.00666 power=17 shaper_sets=640
FLOW [proto@0x1044753ae] Rx - Phase 3 Ja capture: emitted 119808 bits using hyp=0
FLOW [proto@0x1044753ae] Rx - primary_channel_rx: baud_rate=0 high_carrier=1 carrier=1805.2Hz agc=0.00666 power=4 shaper_sets=640
FLOW [proto@0x1044753ae] Rx - primary_channel_rx: baud_rate=0 high_carrier=1 carrier=1805.2Hz agc=0.00666 power=2 shaper_sets=640
FLOW [proto@0x1044753ae] Rx - primary_channel_rx: baud_rate=0 high_carrier=1 carrier=1805.2Hz agc=0.00666 power=7 shaper_sets=640
FLOW [proto@0x1044753ae] Rx - Phase 3 S baud 6000: mag=0.009 data_bits=3 alt=5/32 stable=0 dom=2:11/32 rev=0/32 counts=5,8,11,8
FLOW [proto@0x1044753ae] Rx - Phase 3: S detect timeout (6000 bauds, alt=5/32 rev=0/32, j_bits=120000 trn_bits=114388 trn_hint=0/75%), continuing search
FLOW [proto@0x1044753ae] Rx - primary_channel_rx: baud_rate=0 high_carrier=1 carrier=1805.2Hz agc=0.00666 power=0 shaper_sets=640
FLOW [proto@0x1044753ae] Rx - Phase 3 WAIT_S heartbeat: dur=1 demod=0 event=0 j_bits=120000 trn_bits=114388 trn_hint=0/75%
FLOW [proto@0x1044753ae] Rx - Phase 3 S baud 1: mag=0.030 data_bits=2 alt=0/32 stable=0 dom=2:1/32 rev=0/32 counts=0,0,1,0
FLOW [proto@0x1044753ae] Rx - Phase 3 S baud 2: mag=0.021 data_bits=0 alt=0/32 stable=0 dom=0:1/32 rev=0/32 counts=1,0,1,0
FLOW [proto@0x1044753ae] Rx - Phase 3 S baud 3: mag=0.006 data_bits=2 alt=1/32 stable=0 dom=2:2/32 rev=0/32 counts=1,0,2,0
FLOW [proto@0x1044753ae] Rx - Phase 3 S baud 4: mag=0.004 data_bits=1 alt=1/32 stable=0 dom=2:2/32 rev=0/32 counts=1,1,2,0
FLOW [proto@0x1044753ae] Rx - primary_channel_rx: baud_rate=0 high_carrier=1 carrier=1805.2Hz agc=0.00666 power=12 shaper_sets=640
FLOW [proto@0x1044753ae] Rx - Phase 3 Ja capture: emitted 120064 bits using hyp=0
FLOW [proto@0x1044753ae] Rx - primary_channel_rx: baud_rate=0 high_carrier=1 carrier=1805.2Hz agc=0.00666 power=7 shaper_sets=640
FLOW [proto@0x1044753ae] Rx - primary_channel_rx: baud_rate=0 high_carrier=1 carrier=1805.2Hz agc=0.00666 power=9 shaper_sets=640
FLOW [proto@0x1044753ae] Rx - primary_channel_rx: baud_rate=0 high_carrier=1 carrier=1805.2Hz agc=0.00666 power=8 shaper_sets=640
FLOW [proto@0x1044753ae] Rx - primary_channel_rx: baud_rate=0 high_carrier=1 carrier=1805.2Hz agc=0.00666 power=2 shaper_sets=640
FLOW [proto@0x1044753ae] Rx - primary_channel_rx: baud_rate=0 high_carrier=1 carrier=1805.2Hz agc=0.00666 power=6 shaper_sets=640
FLOW [proto@0x1044753ae] Rx - Phase 3 Ja capture: emitted 120320 bits using hyp=0
FLOW [proto@0x1044753ae] Rx - primary_channel_rx: baud_rate=0 high_carrier=1 carrier=1805.2Hz agc=0.00666 power=12 shaper_sets=640
FLOW [proto@0x1044753ae] Rx - primary_channel_rx: baud_rate=0 high_carrier=1 carrier=1805.2Hz agc=0.00666 power=7 shaper_sets=640
FLOW [proto@0x1044753ae] Rx - primary_channel_rx: baud_rate=0 high_carrier=1 carrier=1805.2Hz agc=0.00666 power=10 shaper_sets=640
FLOW [proto@0x1044753ae] Rx - primary_channel_rx: baud_rate=0 high_carrier=1 carrier=1805.2Hz agc=0.00666 power=3 shaper_sets=640
FLOW [proto@0x1044753ae] Rx - Phase 3 WAIT_S heartbeat: dur=256 demod=0 event=0 j_bits=120510 trn_bits=114388 trn_hint=0/75%
FLOW [proto@0x1044753ae] Rx - primary_channel_rx: baud_rate=0 high_carrier=1 carrier=1805.2Hz agc=0.00666 power=0 shaper_sets=640
FLOW [proto@0x1044753ae] Rx - primary_channel_rx: baud_rate=0 high_carrier=1 carrier=1805.2Hz agc=0.00666 power=6 shaper_sets=640
FLOW [proto@0x1044753ae] Rx - Phase 3 Ja capture: emitted 120576 bits using hyp=0
FLOW [proto@0x1044753ae] Rx - primary_channel_rx: baud_rate=0 high_carrier=1 carrier=1805.2Hz agc=0.00666 power=0 shaper_sets=640
FLOW [proto@0x1044753ae] Rx - primary_channel_rx: baud_rate=0 high_carrier=1 carrier=1805.2Hz agc=0.00666 power=11 shaper_sets=640
FLOW [proto@0x1044753ae] Rx - primary_channel_rx: baud_rate=0 high_carrier=1 carrier=1805.2Hz agc=0.00666 power=12 shaper_sets=640
FLOW [proto@0x1044753ae] Rx - primary_channel_rx: baud_rate=0 high_carrier=1 carrier=1805.2Hz agc=0.00666 power=9 shaper_sets=640
FLOW [proto@0x1044753ae] Rx - Phase 3 TRN: best hyp=13 ones=57480/114688 (50%)
FLOW [proto@0x1044753ae] Rx - primary_channel_rx: baud_rate=0 high_carrier=1 carrier=1805.2Hz agc=0.00666 power=3 shaper_sets=640
FLOW [proto@0x1044753ae] Rx - Phase 3 Ja parser input: hyp0 len=120832 bits (stage=10, need ~16340 to parse)
FLOW [proto@0x1044753ae] Rx - Phase 3 Ja capture: emitted 120832 bits using hyp=0
FLOW [proto@0x1044753ae] Rx - primary_channel_rx: baud_rate=0 high_carrier=1 carrier=1805.2Hz agc=0.00666 power=9 shaper_sets=640
FLOW [proto@0x1044753ae] Rx - primary_channel_rx: baud_rate=0 high_carrier=1 carrier=1805.2Hz agc=0.00666 power=0 shaper_sets=640
FLOW [proto@0x1044753ae] Rx - primary_channel_rx: baud_rate=0 high_carrier=1 carrier=1805.2Hz agc=0.00666 power=2 shaper_sets=640
FLOW [proto@0x1044753ae] Rx - primary_channel_rx: baud_rate=0 high_carrier=1 carrier=1805.2Hz agc=0.00666 power=0 shaper_sets=640
FLOW [proto@0x1044753ae] Rx - Phase 3 WAIT_S heartbeat: dur=512 demod=0 event=0 j_bits=121022 trn_bits=114900 trn_hint=0/75%
FLOW [proto@0x1044753ae] Rx - primary_channel_rx: baud_rate=0 high_carrier=1 carrier=1805.2Hz agc=0.00666 power=16 shaper_sets=640
FLOW [proto@0x1044753ae] Rx - Phase 3 Ja capture: emitted 121088 bits using hyp=0
FLOW [proto@0x1044753ae] Rx - primary_channel_rx: baud_rate=0 high_carrier=1 carrier=1805.2Hz agc=0.00666 power=7 shaper_sets=640
FLOW [proto@0x1044753ae] Rx - primary_channel_rx: baud_rate=0 high_carrier=1 carrier=1805.2Hz agc=0.00666 power=9 shaper_sets=640
FLOW [proto@0x1044753ae] Rx - primary_channel_rx: baud_rate=0 high_carrier=1 carrier=1805.2Hz agc=0.00666 power=2 shaper_sets=640
FLOW [proto@0x1044753ae] Rx - primary_channel_rx: baud_rate=0 high_carrier=1 carrier=1805.2Hz agc=0.00666 power=10 shaper_sets=640
FLOW [proto@0x1044753ae] Rx - primary_channel_rx: baud_rate=0 high_carrier=1 carrier=1805.2Hz agc=0.00666 power=10 shaper_sets=640
FLOW [proto@0x1044753ae] Rx - Phase 3 TRN: best hyp=15 ones=57707/115200 (50%)
FLOW [proto@0x1044753ae] Rx - primary_channel_rx: baud_rate=0 high_carrier=1 carrier=1805.2Hz agc=0.00666 power=14 shaper_sets=640
FLOW [proto@0x1044753ae] Rx - Phase 3 Ja capture: emitted 121344 bits using hyp=0
FLOW [proto@0x1044753ae] Rx - primary_channel_rx: baud_rate=0 high_carrier=1 carrier=1805.2Hz agc=0.00666 power=3 shaper_sets=640
FLOW [proto@0x1044753ae] Rx - primary_channel_rx: baud_rate=0 high_carrier=1 carrier=1805.2Hz agc=0.00666 power=15 shaper_sets=640
FLOW [proto@0x1044753ae] Rx - primary_channel_rx: baud_rate=0 high_carrier=1 carrier=1805.2Hz agc=0.00666 power=8 shaper_sets=640
FLOW [proto@0x1044753ae] Rx - Phase 3 WAIT_S heartbeat: dur=768 demod=0 event=0 j_bits=121534 trn_bits=115412 trn_hint=0/75%
FLOW [proto@0x1044753ae] Rx - primary_channel_rx: baud_rate=0 high_carrier=1 carrier=1805.2Hz agc=0.00666 power=15 shaper_sets=640
FLOW [proto@0x1044753ae] Rx - primary_channel_rx: baud_rate=0 high_carrier=1 carrier=1805.2Hz agc=0.00666 power=0 shaper_sets=640
FLOW [proto@0x1044753ae] Rx - Phase 3 Ja capture: emitted 121600 bits using hyp=0
FLOW [proto@0x1044753ae] Rx - primary_channel_rx: baud_rate=0 high_carrier=1 carrier=1805.2Hz agc=0.00666 power=15 shaper_sets=640
FLOW [proto@0x1044753ae] Rx - primary_channel_rx: baud_rate=0 high_carrier=1 carrier=1805.2Hz agc=0.00666 power=8 shaper_sets=640
FLOW [proto@0x1044753ae] Rx - primary_channel_rx: baud_rate=0 high_carrier=1 carrier=1805.2Hz agc=0.00666 power=6 shaper_sets=640
FLOW [proto@0x1044753ae] Rx - primary_channel_rx: baud_rate=0 high_carrier=1 carrier=1805.2Hz agc=0.00666 power=0 shaper_sets=640
FLOW [proto@0x1044753ae] Rx - primary_channel_rx: baud_rate=0 high_carrier=1 carrier=1805.2Hz agc=0.00666 power=3 shaper_sets=640
FLOW [proto@0x1044753ae] Rx - Phase 3 TRN: best hyp=13 ones=57968/115712 (50%)
FLOW [proto@0x1044753ae] Rx - Phase 3 Ja capture: emitted 121856 bits using hyp=0
FLOW [proto@0x1044753ae] Rx - primary_channel_rx: baud_rate=0 high_carrier=1 carrier=1805.2Hz agc=0.00666 power=2 shaper_sets=640
FLOW [proto@0x1044753ae] Rx - primary_channel_rx: baud_rate=0 high_carrier=1 carrier=1805.2Hz agc=0.00666 power=9 shaper_sets=640
FLOW [proto@0x1044753ae] Rx - primary_channel_rx: baud_rate=0 high_carrier=1 carrier=1805.2Hz agc=0.00666 power=12 shaper_sets=640
FLOW [proto@0x1044753ae] Rx - Phase 3 S baud 1000: mag=0.041 data_bits=3 alt=9/32 stable=0 dom=3:15/32 rev=0/32 counts=7,4,6,15
FLOW [proto@0x1044753ae] Rx - primary_channel_rx: baud_rate=0 high_carrier=1 carrier=1805.2Hz agc=0.00666 power=7 shaper_sets=640
FLOW [proto@0x1044753ae] Rx - Phase 3 WAIT_S heartbeat: dur=1024 demod=0 event=0 j_bits=122046 trn_bits=115924 trn_hint=0/75%
FLOW [proto@0x1044753ae] Rx - primary_channel_rx: baud_rate=0 high_carrier=1 carrier=1805.2Hz agc=0.00666 power=0 shaper_sets=640
FLOW [proto@0x1044753ae] Rx - primary_channel_rx: baud_rate=0 high_carrier=1 carrier=1805.2Hz agc=0.00666 power=5 shaper_sets=640
FLOW [proto@0x1044753ae] Rx - Phase 3 Ja capture: emitted 122112 bits using hyp=0
FLOW [proto@0x1044753ae] Rx - primary_channel_rx: baud_rate=0 high_carrier=1 carrier=1805.2Hz agc=0.00666 power=0 shaper_sets=640
FLOW [proto@0x1044753ae] Rx - primary_channel_rx: baud_rate=0 high_carrier=1 carrier=1805.2Hz agc=0.00666 power=1 shaper_sets=640
FLOW [proto@0x1044753ae] Rx - primary_channel_rx: baud_rate=0 high_carrier=1 carrier=1805.2Hz agc=0.00666 power=12 shaper_sets=640
FLOW [proto@0x1044753ae] Rx - primary_channel_rx: baud_rate=0 high_carrier=1 carrier=1805.2Hz agc=0.00666 power=11 shaper_sets=640
FLOW [proto@0x1044753ae] Rx - Phase 3 TRN: best hyp=13 ones=58227/116224 (50%)
FLOW [proto@0x1044753ae] Rx - primary_channel_rx: baud_rate=0 high_carrier=1 carrier=1805.2Hz agc=0.00666 power=0 shaper_sets=640
FLOW [proto@0x1044753ae] Rx - Phase 3 Ja capture: emitted 122368 bits using hyp=0
FLOW [proto@0x1044753ae] Rx - primary_channel_rx: baud_rate=0 high_carrier=1 carrier=1805.2Hz agc=0.00666 power=0 shaper_sets=640
FLOW [proto@0x1044753ae] Rx - primary_channel_rx: baud_rate=0 high_carrier=1 carrier=1805.2Hz agc=0.00666 power=6 shaper_sets=640
FLOW [proto@0x1044753ae] Rx - primary_channel_rx: baud_rate=0 high_carrier=1 carrier=1805.2Hz agc=0.00666 power=15 shaper_sets=640
FLOW [proto@0x1044753ae] Rx - primary_channel_rx: baud_rate=0 high_carrier=1 carrier=1805.2Hz agc=0.00666 power=8 shaper_sets=640
FLOW [proto@0x1044753ae] Rx - Phase 3 WAIT_S heartbeat: dur=1280 demod=0 event=0 j_bits=122558 trn_bits=116436 trn_hint=0/75%
FLOW [proto@0x1044753ae] Rx - primary_channel_rx: baud_rate=0 high_carrier=1 carrier=1805.2Hz agc=0.00666 power=12 shaper_sets=640
FLOW [proto@0x1044753ae] Rx - Phase 3 Ja capture: emitted 122624 bits using hyp=0
FLOW [proto@0x1044753ae] Rx - primary_channel_rx: baud_rate=0 high_carrier=1 carrier=1805.2Hz agc=0.00666 power=2 shaper_sets=640
FLOW [proto@0x1044753ae] Rx - primary_channel_rx: baud_rate=0 high_carrier=1 carrier=1805.2Hz agc=0.00666 power=5 shaper_sets=640
FLOW [proto@0x1044753ae] Rx - primary_channel_rx: baud_rate=0 high_carrier=1 carrier=1805.2Hz agc=0.00666 power=6 shaper_sets=640
FLOW [proto@0x1044753ae] Rx - primary_channel_rx: baud_rate=0 high_carrier=1 carrier=1805.2Hz agc=0.00666 power=14 shaper_sets=640
FLOW [proto@0x1044753ae] Rx - primary_channel_rx: baud_rate=0 high_carrier=1 carrier=1805.2Hz agc=0.00666 power=0 shaper_sets=640
FLOW [proto@0x1044753ae] Rx - Phase 3 TRN: best hyp=15 ones=58477/116736 (50%)
FLOW [proto@0x1044753ae] Rx - primary_channel_rx: baud_rate=0 high_carrier=1 carrier=1805.2Hz agc=0.00666 power=0 shaper_sets=640
FLOW [proto@0x1044753ae] Rx - Phase 3 Ja parser input: hyp0 len=122880 bits (stage=10, need ~16340 to parse)
FLOW [proto@0x1044753ae] Rx - Phase 3 Ja capture: emitted 122880 bits using hyp=0
FLOW [proto@0x1044753ae] Rx - primary_channel_rx: baud_rate=0 high_carrier=1 carrier=1805.2Hz agc=0.00666 power=0 shaper_sets=640
FLOW [proto@0x1044753ae] Rx - primary_channel_rx: baud_rate=0 high_carrier=1 carrier=1805.2Hz agc=0.00666 power=0 shaper_sets=640
FLOW [proto@0x1044753ae] Rx - primary_channel_rx: baud_rate=0 high_carrier=1 carrier=1805.2Hz agc=0.00666 power=1 shaper_sets=640
FLOW [proto@0x1044753ae] Rx - Phase 3 WAIT_S heartbeat: dur=1536 demod=0 event=0 j_bits=123070 trn_bits=116948 trn_hint=0/75%
FLOW [proto@0x1044753ae] Rx - primary_channel_rx: baud_rate=0 high_carrier=1 carrier=1805.2Hz agc=0.00666 power=13 shaper_sets=640
FLOW [proto@0x1044753ae] Rx - primary_channel_rx: baud_rate=0 high_carrier=1 carrier=1805.2Hz agc=0.00666 power=6 shaper_sets=640
FLOW [proto@0x1044753ae] Rx - Phase 3 Ja capture: emitted 123136 bits using hyp=0
FLOW [proto@0x1044753ae] Rx - primary_channel_rx: baud_rate=0 high_carrier=1 carrier=1805.2Hz agc=0.00666 power=14 shaper_sets=640
FLOW [proto@0x1044753ae] Rx - primary_channel_rx: baud_rate=0 high_carrier=1 carrier=1805.2Hz agc=0.00666 power=5 shaper_sets=640
FLOW [proto@0x1044753ae] Rx - primary_channel_rx: baud_rate=0 high_carrier=1 carrier=1805.2Hz agc=0.00666 power=12 shaper_sets=640
FLOW [proto@0x1044753ae] Rx - primary_channel_rx: baud_rate=0 high_carrier=1 carrier=1805.2Hz agc=0.00666 power=4 shaper_sets=640
FLOW [proto@0x1044753ae] Rx - primary_channel_rx: baud_rate=0 high_carrier=1 carrier=1805.2Hz agc=0.00666 power=0 shaper_sets=640
FLOW [proto@0x1044753ae] Rx - Phase 3 TRN: best hyp=13 ones=58731/117248 (50%)
FLOW [proto@0x1044753ae] Rx - Phase 3 Ja capture: emitted 123392 bits using hyp=0
FLOW [proto@0x1044753ae] Rx - primary_channel_rx: baud_rate=0 high_carrier=1 carrier=1805.2Hz agc=0.00666 power=10 shaper_sets=640
FLOW [proto@0x1044753ae] Rx - primary_channel_rx: baud_rate=0 high_carrier=1 carrier=1805.2Hz agc=0.00666 power=8 shaper_sets=640
FLOW [proto@0x1044753ae] Rx - primary_channel_rx: baud_rate=0 high_carrier=1 carrier=1805.2Hz agc=0.00666 power=14 shaper_sets=640
FLOW [proto@0x1044753ae] Rx - primary_channel_rx: baud_rate=0 high_carrier=1 carrier=1805.2Hz agc=0.00666 power=1 shaper_sets=640
FLOW [proto@0x1044753ae] Rx - Phase 3 WAIT_S heartbeat: dur=1792 demod=0 event=0 j_bits=123582 trn_bits=117460 trn_hint=0/75%
FLOW [proto@0x1044753ae] Rx - primary_channel_rx: baud_rate=0 high_carrier=1 carrier=1805.2Hz agc=0.00666 power=0 shaper_sets=640
FLOW [proto@0x1044753ae] Rx - primary_channel_rx: baud_rate=0 high_carrier=1 carrier=1805.2Hz agc=0.00666 power=9 shaper_sets=640
FLOW [proto@0x1044753ae] Rx - Phase 3 Ja capture: emitted 123648 bits using hyp=0
FLOW [proto@0x1044753ae] Rx - primary_channel_rx: baud_rate=0 high_carrier=1 carrier=1805.2Hz agc=0.00666 power=0 shaper_sets=640
FLOW [proto@0x1044753ae] Rx - primary_channel_rx: baud_rate=0 high_carrier=1 carrier=1805.2Hz agc=0.00666 power=7 shaper_sets=640
FLOW [proto@0x1044753ae] Rx - primary_channel_rx: baud_rate=0 high_carrier=1 carrier=1805.2Hz agc=0.00666 power=13 shaper_sets=640
FLOW [proto@0x1044753ae] Rx - primary_channel_rx: baud_rate=0 high_carrier=1 carrier=1805.2Hz agc=0.00666 power=1 shaper_sets=640
FLOW [proto@0x1044753ae] Rx - Phase 3 TRN: best hyp=15 ones=59000/117760 (50%)
FLOW [proto@0x1044753ae] Rx - primary_channel_rx: baud_rate=0 high_carrier=1 carrier=1805.2Hz agc=0.00666 power=2 shaper_sets=640
FLOW [proto@0x1044753ae] Rx - Phase 3 Ja capture: emitted 123904 bits using hyp=0
FLOW [proto@0x1044753ae] Rx - primary_channel_rx: baud_rate=0 high_carrier=1 carrier=1805.2Hz agc=0.00666 power=12 shaper_sets=640
FLOW [proto@0x1044753ae] Rx - primary_channel_rx: baud_rate=0 high_carrier=1 carrier=1805.2Hz agc=0.00666 power=7 shaper_sets=640
FLOW [proto@0x1044753ae] Rx - Phase 3 S baud 2000: mag=0.021 data_bits=2 alt=7/32 stable=0 dom=3:12/32 rev=0/32 counts=4,7,9,12
FLOW [proto@0x1044753ae] Rx - primary_channel_rx: baud_rate=0 high_carrier=1 carrier=1805.2Hz agc=0.00666 power=16 shaper_sets=640
FLOW [proto@0x1044753ae] Rx - primary_channel_rx: baud_rate=0 high_carrier=1 carrier=1805.2Hz agc=0.00666 power=0 shaper_sets=640
FLOW [proto@0x1044753ae] Rx - Phase 3 WAIT_S heartbeat: dur=2048 demod=0 event=0 j_bits=124094 trn_bits=117972 trn_hint=0/75%
FLOW [proto@0x1044753ae] Rx - primary_channel_rx: baud_rate=0 high_carrier=1 carrier=1805.2Hz agc=0.00666 power=9 shaper_sets=640
FLOW [proto@0x1044753ae] Rx - Phase 3 Ja capture: emitted 124160 bits using hyp=0
FLOW [proto@0x1044753ae] Rx - primary_channel_rx: baud_rate=0 high_carrier=1 carrier=1805.2Hz agc=0.00666 power=1 shaper_sets=640
FLOW [proto@0x1044753ae] Rx - primary_channel_rx: baud_rate=0 high_carrier=1 carrier=1805.2Hz agc=0.00666 power=0 shaper_sets=640
FLOW [proto@0x1044753ae] Rx - primary_channel_rx: baud_rate=0 high_carrier=1 carrier=1805.2Hz agc=0.00666 power=2 shaper_sets=640
FLOW [proto@0x1044753ae] Rx - primary_channel_rx: baud_rate=0 high_carrier=1 carrier=1805.2Hz agc=0.00666 power=7 shaper_sets=640
FLOW [proto@0x1044753ae] Rx - primary_channel_rx: baud_rate=0 high_carrier=1 carrier=1805.2Hz agc=0.00666 power=2 shaper_sets=640
FLOW [proto@0x1044753ae] Rx - Phase 3 TRN: best hyp=13 ones=59256/118272 (50%)
FLOW [proto@0x1044753ae] Rx - primary_channel_rx: baud_rate=0 high_carrier=1 carrier=1805.2Hz agc=0.00666 power=4 shaper_sets=640
FLOW [proto@0x1044753ae] Rx - Phase 3 Ja capture: emitted 124416 bits using hyp=0
FLOW [proto@0x1044753ae] Rx - primary_channel_rx: baud_rate=0 high_carrier=1 carrier=1805.2Hz agc=0.00666 power=4 shaper_sets=640
FLOW [proto@0x1044753ae] Rx - primary_channel_rx: baud_rate=0 high_carrier=1 carrier=1805.2Hz agc=0.00666 power=0 shaper_sets=640
FLOW [proto@0x1044753ae] Rx - primary_channel_rx: baud_rate=0 high_carrier=1 carrier=1805.2Hz agc=0.00666 power=0 shaper_sets=640
FLOW [proto@0x1044753ae] Rx - Phase 3 WAIT_S heartbeat: dur=2304 demod=0 event=0 j_bits=124606 trn_bits=118484 trn_hint=0/75%
FLOW [proto@0x1044753ae] Rx - primary_channel_rx: baud_rate=0 high_carrier=1 carrier=1805.2Hz agc=0.00666 power=4 shaper_sets=640
FLOW [proto@0x1044753ae] Rx - primary_channel_rx: baud_rate=0 high_carrier=1 carrier=1805.2Hz agc=0.00666 power=6 shaper_sets=640
FLOW [proto@0x1044753ae] Rx - Phase 3 Ja capture: emitted 124672 bits using hyp=0
FLOW [proto@0x1044753ae] Rx - primary_channel_rx: baud_rate=0 high_carrier=1 carrier=1805.2Hz agc=0.00666 power=10 shaper_sets=640
FLOW [proto@0x1044753ae] Rx - primary_channel_rx: baud_rate=0 high_carrier=1 carrier=1805.2Hz agc=0.00666 power=2 shaper_sets=640
FLOW [proto@0x1044753ae] Rx - primary_channel_rx: baud_rate=0 high_carrier=1 carrier=1805.2Hz agc=0.00666 power=20 shaper_sets=640
FLOW [proto@0x1044753ae] Rx - primary_channel_rx: baud_rate=0 high_carrier=1 carrier=1805.2Hz agc=0.00666 power=0 shaper_sets=640
FLOW [proto@0x1044753ae] Rx - primary_channel_rx: baud_rate=0 high_carrier=1 carrier=1805.2Hz agc=0.00666 power=4 shaper_sets=640
FLOW [proto@0x1044753ae] Rx - Phase 3 TRN: best hyp=13 ones=59531/118784 (50%)
FLOW [proto@0x1044753ae] Rx - Phase 3 Ja parser input: hyp0 len=124928 bits (stage=10, need ~16340 to parse)
FLOW [proto@0x1044753ae] Rx - Phase 3 Ja capture: emitted 124928 bits using hyp=0
FLOW [proto@0x1044753ae] Rx - primary_channel_rx: baud_rate=0 high_carrier=1 carrier=1805.2Hz agc=0.00666 power=3 shaper_sets=640
FLOW [proto@0x1044753ae] Rx - primary_channel_rx: baud_rate=0 high_carrier=1 carrier=1805.2Hz agc=0.00666 power=5 shaper_sets=640
FLOW [proto@0x1044753ae] Rx - primary_channel_rx: baud_rate=0 high_carrier=1 carrier=1805.2Hz agc=0.00666 power=0 shaper_sets=640
FLOW [proto@0x1044753ae] Rx - primary_channel_rx: baud_rate=0 high_carrier=1 carrier=1805.2Hz agc=0.00666 power=13 shaper_sets=640
FLOW [proto@0x1044753ae] Rx - Phase 3 WAIT_S heartbeat: dur=2560 demod=0 event=0 j_bits=125118 trn_bits=118996 trn_hint=0/75%
FLOW [proto@0x1044753ae] Rx - primary_channel_rx: baud_rate=0 high_carrier=1 carrier=1805.2Hz agc=0.00666 power=15 shaper_sets=640
FLOW [proto@0x1044753ae] Rx - primary_channel_rx: baud_rate=0 high_carrier=1 carrier=1805.2Hz agc=0.00666 power=20 shaper_sets=640
FLOW [proto@0x1044753ae] Rx - Phase 3 Ja capture: emitted 125184 bits using hyp=0
FLOW [proto@0x1044753ae] Rx - primary_channel_rx: baud_rate=0 high_carrier=1 carrier=1805.2Hz agc=0.00666 power=19 shaper_sets=640
FLOW [proto@0x1044753ae] Rx - primary_channel_rx: baud_rate=0 high_carrier=1 carrier=1805.2Hz agc=0.00666 power=0 shaper_sets=640
FLOW [proto@0x1044753ae] Rx - primary_channel_rx: baud_rate=0 high_carrier=1 carrier=1805.2Hz agc=0.00666 power=9 shaper_sets=640
FLOW [proto@0x1044753ae] Rx - primary_channel_rx: baud_rate=0 high_carrier=1 carrier=1805.2Hz agc=0.00666 power=4 shaper_sets=640
FLOW [proto@0x1044753ae] Rx - Phase 3 TRN: best hyp=13 ones=59804/119296 (50%)
FLOW [proto@0x1044753ae] Rx - primary_channel_rx: baud_rate=0 high_carrier=1 carrier=1805.2Hz agc=0.00666 power=4 shaper_sets=640
FLOW [proto@0x1044753ae] Rx - Phase 3 Ja capture: emitted 125440 bits using hyp=0
FLOW [proto@0x1044753ae] Rx - primary_channel_rx: baud_rate=0 high_carrier=1 carrier=1805.2Hz agc=0.00666 power=18 shaper_sets=640
FLOW [proto@0x1044753ae] Rx - primary_channel_rx: baud_rate=0 high_carrier=1 carrier=1805.2Hz agc=0.00666 power=0 shaper_sets=640
FLOW [proto@0x1044753ae] Rx - primary_channel_rx: baud_rate=0 high_carrier=1 carrier=1805.2Hz agc=0.00666 power=1 shaper_sets=640
FLOW [proto@0x1044753ae] Rx - primary_channel_rx: baud_rate=0 high_carrier=1 carrier=1805.2Hz agc=0.00666 power=0 shaper_sets=640
FLOW [proto@0x1044753ae] Rx - Phase 3 WAIT_S heartbeat: dur=2816 demod=0 event=0 j_bits=125630 trn_bits=119508 trn_hint=0/75%
FLOW [proto@0x1044753ae] Rx - primary_channel_rx: baud_rate=0 high_carrier=1 carrier=1805.2Hz agc=0.00666 power=21 shaper_sets=640
FLOW [proto@0x1044753ae] Rx - Phase 3 Ja capture: emitted 125696 bits using hyp=0
FLOW [proto@0x1044753ae] Rx - primary_channel_rx: baud_rate=0 high_carrier=1 carrier=1805.2Hz agc=0.00666 power=0 shaper_sets=640
FLOW [proto@0x1044753ae] Rx - primary_channel_rx: baud_rate=0 high_carrier=1 carrier=1805.2Hz agc=0.00666 power=7 shaper_sets=640
FLOW [proto@0x1044753ae] Rx - primary_channel_rx: baud_rate=0 high_carrier=1 carrier=1805.2Hz agc=0.00666 power=0 shaper_sets=640
FLOW [proto@0x1044753ae] Rx - primary_channel_rx: baud_rate=0 high_carrier=1 carrier=1805.2Hz agc=0.00666 power=14 shaper_sets=640
FLOW [proto@0x1044753ae] Rx - primary_channel_rx: baud_rate=0 high_carrier=1 carrier=1805.2Hz agc=0.00666 power=7 shaper_sets=640
FLOW [proto@0x1044753ae] Rx - Phase 3 TRN: best hyp=13 ones=60070/119808 (50%)
FLOW [proto@0x1044753ae] Rx - primary_channel_rx: baud_rate=0 high_carrier=1 carrier=1805.2Hz agc=0.00666 power=0 shaper_sets=640
FLOW [proto@0x1044753ae] Rx - Phase 3 Ja capture: emitted 125952 bits using hyp=0
FLOW [proto@0x1044753ae] Rx - Phase 3 S baud 3000: mag=0.015 data_bits=2 alt=4/32 stable=0 dom=3:11/32 rev=0/32 counts=6,6,9,11
FLOW [proto@0x1044753ae] Rx - primary_channel_rx: baud_rate=0 high_carrier=1 carrier=1805.2Hz agc=0.00666 power=0 shaper_sets=640
FLOW [proto@0x1044753ae] Rx - primary_channel_rx: baud_rate=0 high_carrier=1 carrier=1805.2Hz agc=0.00666 power=0 shaper_sets=640
FLOW [proto@0x1044753ae] Rx - primary_channel_rx: baud_rate=0 high_carrier=1 carrier=1805.2Hz agc=0.00666 power=8 shaper_sets=640
FLOW [proto@0x1044753ae] Rx - Phase 3 WAIT_S heartbeat: dur=3072 demod=0 event=0 j_bits=126142 trn_bits=120020 trn_hint=0/75%
FLOW [proto@0x1044753ae] Rx - primary_channel_rx: baud_rate=0 high_carrier=1 carrier=1805.2Hz agc=0.00666 power=8 shaper_sets=640
FLOW [proto@0x1044753ae] Rx - primary_channel_rx: baud_rate=0 high_carrier=1 carrier=1805.2Hz agc=0.00666 power=11 shaper_sets=640
FLOW [proto@0x1044753ae] Rx - Phase 3 Ja capture: emitted 126208 bits using hyp=0
FLOW [proto@0x1044753ae] Rx - primary_channel_rx: baud_rate=0 high_carrier=1 carrier=1805.2Hz agc=0.00666 power=0 shaper_sets=640
FLOW [proto@0x1044753ae] Rx - primary_channel_rx: baud_rate=0 high_carrier=1 carrier=1805.2Hz agc=0.00666 power=14 shaper_sets=640
FLOW [proto@0x1044753ae] Rx - primary_channel_rx: baud_rate=0 high_carrier=1 carrier=1805.2Hz agc=0.00666 power=1 shaper_sets=640
FLOW [proto@0x1044753ae] Rx - primary_channel_rx: baud_rate=0 high_carrier=1 carrier=1805.2Hz agc=0.00666 power=3 shaper_sets=640
FLOW [proto@0x1044753ae] Rx - primary_channel_rx: baud_rate=0 high_carrier=1 carrier=1805.2Hz agc=0.00666 power=8 shaper_sets=640
FLOW [proto@0x1044753ae] Rx - Phase 3 TRN: best hyp=13 ones=60312/120320 (50%)
FLOW [proto@0x1044753ae] Rx - Phase 3 Ja capture: emitted 126464 bits using hyp=0
FLOW [proto@0x1044753ae] Rx - primary_channel_rx: baud_rate=0 high_carrier=1 carrier=1805.2Hz agc=0.00666 power=14 shaper_sets=640
FLOW [proto@0x1044753ae] Rx - primary_channel_rx: baud_rate=0 high_carrier=1 carrier=1805.2Hz agc=0.00666 power=2 shaper_sets=640
FLOW [proto@0x1044753ae] Rx - primary_channel_rx: baud_rate=0 high_carrier=1 carrier=1805.2Hz agc=0.00666 power=15 shaper_sets=640
FLOW [proto@0x1044753ae] Rx - primary_channel_rx: baud_rate=0 high_carrier=1 carrier=1805.2Hz agc=0.00666 power=0 shaper_sets=640
FLOW [proto@0x1044753ae] Rx - Phase 3 WAIT_S heartbeat: dur=3328 demod=0 event=0 j_bits=126654 trn_bits=120532 trn_hint=0/75%
FLOW [proto@0x1044753ae] Rx - primary_channel_rx: baud_rate=0 high_carrier=1 carrier=1805.2Hz agc=0.00666 power=0 shaper_sets=640
FLOW [proto@0x1044753ae] Rx - primary_channel_rx: baud_rate=0 high_carrier=1 carrier=1805.2Hz agc=0.00666 power=0 shaper_sets=640
FLOW [proto@0x1044753ae] Rx - Phase 3 Ja capture: emitted 126720 bits using hyp=0
FLOW [proto@0x1044753ae] Rx - primary_channel_rx: baud_rate=0 high_carrier=1 carrier=1805.2Hz agc=0.00666 power=0 shaper_sets=640
FLOW [proto@0x1044753ae] Rx - primary_channel_rx: baud_rate=0 high_carrier=1 carrier=1805.2Hz agc=0.00666 power=8 shaper_sets=640
FLOW [proto@0x1044753ae] Rx - primary_channel_rx: baud_rate=0 high_carrier=1 carrier=1805.2Hz agc=0.00666 power=4 shaper_sets=640
FLOW [proto@0x1044753ae] Rx - primary_channel_rx: baud_rate=0 high_carrier=1 carrier=1805.2Hz agc=0.00666 power=1 shaper_sets=640
FLOW [proto@0x1044753ae] Rx - Phase 3 TRN: best hyp=13 ones=60579/120832 (50%)
FLOW [proto@0x1044753ae] Rx - primary_channel_rx: baud_rate=0 high_carrier=1 carrier=1805.2Hz agc=0.00666 power=7 shaper_sets=640
FLOW [proto@0x1044753ae] Rx - Phase 3 Ja parser input: hyp0 len=126976 bits (stage=10, need ~16340 to parse)
FLOW [proto@0x1044753ae] Rx - Phase 3 Ja capture: emitted 126976 bits using hyp=0
FLOW [proto@0x1044753ae] Rx - primary_channel_rx: baud_rate=0 high_carrier=1 carrier=1805.2Hz agc=0.00666 power=8 shaper_sets=640
FLOW [proto@0x1044753ae] Rx - primary_channel_rx: baud_rate=0 high_carrier=1 carrier=1805.2Hz agc=0.00666 power=1 shaper_sets=640
FLOW [proto@0x1044753ae] Rx - primary_channel_rx: baud_rate=0 high_carrier=1 carrier=1805.2Hz agc=0.00666 power=8 shaper_sets=640
FLOW [proto@0x1044753ae] Rx - primary_channel_rx: baud_rate=0 high_carrier=1 carrier=1805.2Hz agc=0.00666 power=4 shaper_sets=640
FLOW [proto@0x1044753ae] Rx - Phase 3 WAIT_S heartbeat: dur=3584 demod=0 event=0 j_bits=127166 trn_bits=121044 trn_hint=0/75%
FLOW [proto@0x1044753ae] Rx - primary_channel_rx: baud_rate=0 high_carrier=1 carrier=1805.2Hz agc=0.00666 power=0 shaper_sets=640
FLOW [proto@0x1044753ae] Rx - Phase 3 Ja capture: emitted 127232 bits using hyp=0
FLOW [proto@0x1044753ae] Rx - primary_channel_rx: baud_rate=0 high_carrier=1 carrier=1805.2Hz agc=0.00666 power=15 shaper_sets=640
FLOW [proto@0x1044753ae] Rx - primary_channel_rx: baud_rate=0 high_carrier=1 carrier=1805.2Hz agc=0.00666 power=0 shaper_sets=640
FLOW [proto@0x1044753ae] Rx - primary_channel_rx: baud_rate=0 high_carrier=1 carrier=1805.2Hz agc=0.00666 power=9 shaper_sets=640
FLOW [proto@0x1044753ae] Rx - primary_channel_rx: baud_rate=0 high_carrier=1 carrier=1805.2Hz agc=0.00666 power=12 shaper_sets=640
FLOW [proto@0x1044753ae] Rx - primary_channel_rx: baud_rate=0 high_carrier=1 carrier=1805.2Hz agc=0.00666 power=9 shaper_sets=640
FLOW [proto@0x1044753ae] Rx - Phase 3 TRN: best hyp=13 ones=60846/121344 (50%)
FLOW [proto@0x1044753ae] Rx - primary_channel_rx: baud_rate=0 high_carrier=1 carrier=1805.2Hz agc=0.00666 power=0 shaper_sets=640
FLOW [proto@0x1044753ae] Rx - Phase 3 Ja capture: emitted 127488 bits using hyp=0
FLOW [proto@0x1044753ae] Rx - primary_channel_rx: baud_rate=0 high_carrier=1 carrier=1805.2Hz agc=0.00666 power=0 shaper_sets=640
FLOW [proto@0x1044753ae] Rx - primary_channel_rx: baud_rate=0 high_carrier=1 carrier=1805.2Hz agc=0.00666 power=0 shaper_sets=640
FLOW [proto@0x1044753ae] Rx - primary_channel_rx: baud_rate=0 high_carrier=1 carrier=1805.2Hz agc=0.00666 power=4 shaper_sets=640
FLOW [proto@0x1044753ae] Rx - Phase 3 WAIT_S heartbeat: dur=3840 demod=0 event=0 j_bits=127678 trn_bits=121556 trn_hint=0/75%
FLOW [proto@0x1044753ae] Rx - primary_channel_rx: baud_rate=0 high_carrier=1 carrier=1805.2Hz agc=0.00666 power=0 shaper_sets=640
FLOW [proto@0x1044753ae] Rx - primary_channel_rx: baud_rate=0 high_carrier=1 carrier=1805.2Hz agc=0.00666 power=2 shaper_sets=640
FLOW [proto@0x1044753ae] Rx - Phase 3 Ja capture: emitted 127744 bits using hyp=0
FLOW [proto@0x1044753ae] Rx - primary_channel_rx: baud_rate=0 high_carrier=1 carrier=1805.2Hz agc=0.00666 power=8 shaper_sets=640
FLOW [proto@0x1044753ae] Rx - primary_channel_rx: baud_rate=0 high_carrier=1 carrier=1805.2Hz agc=0.00666 power=0 shaper_sets=640
FLOW [proto@0x1044753ae] Rx - primary_channel_rx: baud_rate=0 high_carrier=1 carrier=1805.2Hz agc=0.00666 power=12 shaper_sets=640
FLOW [proto@0x1044753ae] Rx - primary_channel_rx: baud_rate=0 high_carrier=1 carrier=1805.2Hz agc=0.00666 power=0 shaper_sets=640
FLOW [proto@0x1044753ae] Rx - primary_channel_rx: baud_rate=0 high_carrier=1 carrier=1805.2Hz agc=0.00666 power=0 shaper_sets=640
FLOW [proto@0x1044753ae] Rx - Phase 3 TRN: best hyp=13 ones=61108/121856 (50%)
FLOW [proto@0x1044753ae] Rx - Phase 3 S baud 4000: mag=0.029 data_bits=1 alt=3/32 stable=0 dom=3:16/32 rev=0/32 counts=6,2,8,16
FLOW [proto@0x1044753ae] Rx - Phase 3 Ja capture: emitted 128000 bits using hyp=0
FLOW [proto@0x1044753ae] Rx - primary_channel_rx: baud_rate=0 high_carrier=1 carrier=1805.2Hz agc=0.00666 power=10 shaper_sets=640
FLOW [proto@0x1044753ae] Rx - primary_channel_rx: baud_rate=0 high_carrier=1 carrier=1805.2Hz agc=0.00666 power=0 shaper_sets=640
FLOW [proto@0x1044753ae] Rx - primary_channel_rx: baud_rate=0 high_carrier=1 carrier=1805.2Hz agc=0.00666 power=5 shaper_sets=640
FLOW [proto@0x1044753ae] Rx - primary_channel_rx: baud_rate=0 high_carrier=1 carrier=1805.2Hz agc=0.00666 power=13 shaper_sets=640
FLOW [proto@0x1044753ae] Rx - Phase 3 WAIT_S heartbeat: dur=4096 demod=0 event=0 j_bits=128190 trn_bits=122068 trn_hint=0/75%
FLOW [proto@0x1044753ae] Rx - primary_channel_rx: baud_rate=0 high_carrier=1 carrier=1805.2Hz agc=0.00666 power=13 shaper_sets=640
FLOW [proto@0x1044753ae] Rx - primary_channel_rx: baud_rate=0 high_carrier=1 carrier=1805.2Hz agc=0.00666 power=5 shaper_sets=640
FLOW [proto@0x1044753ae] Rx - Phase 3 Ja capture: emitted 128256 bits using hyp=0
FLOW [proto@0x1044753ae] Rx - primary_channel_rx: baud_rate=0 high_carrier=1 carrier=1805.2Hz agc=0.00666 power=19 shaper_sets=640
FLOW [proto@0x1044753ae] Rx - primary_channel_rx: baud_rate=0 high_carrier=1 carrier=1805.2Hz agc=0.00666 power=1 shaper_sets=640
FLOW [proto@0x1044753ae] Rx - primary_channel_rx: baud_rate=0 high_carrier=1 carrier=1805.2Hz agc=0.00666 power=0 shaper_sets=640
FLOW [proto@0x1044753ae] Rx - primary_channel_rx: baud_rate=0 high_carrier=1 carrier=1805.2Hz agc=0.00666 power=2 shaper_sets=640
FLOW [proto@0x1044753ae] Rx - Phase 3 TRN: best hyp=15 ones=61366/122368 (50%)
FLOW [proto@0x1044753ae] Rx - primary_channel_rx: baud_rate=0 high_carrier=1 carrier=1805.2Hz agc=0.00666 power=15 shaper_sets=640
FLOW [proto@0x1044753ae] Rx - Phase 3 Ja capture: emitted 128512 bits using hyp=0
FLOW [proto@0x1044753ae] Rx - primary_channel_rx: baud_rate=0 high_carrier=1 carrier=1805.2Hz agc=0.00666 power=6 shaper_sets=640
FLOW [proto@0x1044753ae] Rx - primary_channel_rx: baud_rate=0 high_carrier=1 carrier=1805.2Hz agc=0.00666 power=21 shaper_sets=640
FLOW [proto@0x1044753ae] Rx - primary_channel_rx: baud_rate=0 high_carrier=1 carrier=1805.2Hz agc=0.00666 power=8 shaper_sets=640
FLOW [proto@0x1044753ae] Rx - primary_channel_rx: baud_rate=0 high_carrier=1 carrier=1805.2Hz agc=0.00666 power=11 shaper_sets=640
FLOW [proto@0x1044753ae] Rx - Phase 3 WAIT_S heartbeat: dur=4352 demod=0 event=0 j_bits=128702 trn_bits=122580 trn_hint=0/75%
FLOW [proto@0x1044753ae] Rx - primary_channel_rx: baud_rate=0 high_carrier=1 carrier=1805.2Hz agc=0.00666 power=3 shaper_sets=640
FLOW [proto@0x1044753ae] Rx - Phase 3 Ja capture: emitted 128768 bits using hyp=0
FLOW [proto@0x1044753ae] Rx - primary_channel_rx: baud_rate=0 high_carrier=1 carrier=1805.2Hz agc=0.00666 power=3 shaper_sets=640
FLOW [proto@0x1044753ae] Rx - primary_channel_rx: baud_rate=0 high_carrier=1 carrier=1805.2Hz agc=0.00666 power=0 shaper_sets=640
FLOW [proto@0x1044753ae] Rx - primary_channel_rx: baud_rate=0 high_carrier=1 carrier=1805.2Hz agc=0.00666 power=0 shaper_sets=640
FLOW [proto@0x1044753ae] Rx - primary_channel_rx: baud_rate=0 high_carrier=1 carrier=1805.2Hz agc=0.00666 power=0 shaper_sets=640
FLOW [proto@0x1044753ae] Rx - primary_channel_rx: baud_rate=0 high_carrier=1 carrier=1805.2Hz agc=0.00666 power=0 shaper_sets=640
FLOW [proto@0x1044753ae] Rx - Phase 3 TRN: best hyp=13 ones=61627/122880 (50%)
FLOW [proto@0x1044753ae] Rx - primary_channel_rx: baud_rate=0 high_carrier=1 carrier=1805.2Hz agc=0.00666 power=0 shaper_sets=640
FLOW [proto@0x1044753ae] Rx - Phase 3 Ja parser input: hyp0 len=129024 bits (stage=10, need ~16340 to parse)
FLOW [proto@0x1044753ae] Rx - Phase 3 Ja capture: emitted 129024 bits using hyp=0
FLOW [proto@0x1044753ae] Rx - primary_channel_rx: baud_rate=0 high_carrier=1 carrier=1805.2Hz agc=0.00666 power=8 shaper_sets=640
FLOW [proto@0x1044753ae] Rx - primary_channel_rx: baud_rate=0 high_carrier=1 carrier=1805.2Hz agc=0.00666 power=15 shaper_sets=640
FLOW [proto@0x1044753ae] Rx - primary_channel_rx: baud_rate=0 high_carrier=1 carrier=1805.2Hz agc=0.00666 power=11 shaper_sets=640
FLOW [proto@0x1044753ae] Rx - Phase 3 WAIT_S heartbeat: dur=4608 demod=0 event=0 j_bits=129214 trn_bits=123092 trn_hint=0/75%
FLOW [proto@0x1044753ae] Rx - primary_channel_rx: baud_rate=0 high_carrier=1 carrier=1805.2Hz agc=0.00666 power=6 shaper_sets=640
FLOW [proto@0x1044753ae] Rx - primary_channel_rx: baud_rate=0 high_carrier=1 carrier=1805.2Hz agc=0.00666 power=0 shaper_sets=640
FLOW [proto@0x1044753ae] Rx - Phase 3 Ja capture: emitted 129280 bits using hyp=0
FLOW [proto@0x1044753ae] Rx - primary_channel_rx: baud_rate=0 high_carrier=1 carrier=1805.2Hz agc=0.00666 power=9 shaper_sets=640
FLOW [proto@0x1044753ae] Rx - primary_channel_rx: baud_rate=0 high_carrier=1 carrier=1805.2Hz agc=0.00666 power=7 shaper_sets=640
FLOW [proto@0x1044753ae] Rx - primary_channel_rx: baud_rate=0 high_carrier=1 carrier=1805.2Hz agc=0.00666 power=17 shaper_sets=640
FLOW [proto@0x1044753ae] Rx - primary_channel_rx: baud_rate=0 high_carrier=1 carrier=1805.2Hz agc=0.00666 power=5 shaper_sets=640
FLOW [proto@0x1044753ae] Rx - primary_channel_rx: baud_rate=0 high_carrier=1 carrier=1805.2Hz agc=0.00666 power=0 shaper_sets=640
FLOW [proto@0x1044753ae] Rx - Phase 3 TRN: best hyp=13 ones=61883/123392 (50%)
FLOW [proto@0x1044753ae] Rx - Phase 3 Ja capture: emitted 129536 bits using hyp=0
FLOW [proto@0x1044753ae] Rx - primary_channel_rx: baud_rate=0 high_carrier=1 carrier=1805.2Hz agc=0.00666 power=0 shaper_sets=640
FLOW [proto@0x1044753ae] Rx - primary_channel_rx: baud_rate=0 high_carrier=1 carrier=1805.2Hz agc=0.00666 power=4 shaper_sets=640
FLOW [proto@0x1044753ae] Rx - primary_channel_rx: baud_rate=0 high_carrier=1 carrier=1805.2Hz agc=0.00666 power=6 shaper_sets=640
FLOW [proto@0x1044753ae] Rx - primary_channel_rx: baud_rate=0 high_carrier=1 carrier=1805.2Hz agc=0.00666 power=13 shaper_sets=640
FLOW [proto@0x1044753ae] Rx - Phase 3 WAIT_S heartbeat: dur=4864 demod=0 event=0 j_bits=129726 trn_bits=123604 trn_hint=0/75%
FLOW [proto@0x1044753ae] Rx - primary_channel_rx: baud_rate=0 high_carrier=1 carrier=1805.2Hz agc=0.00666 power=12 shaper_sets=640
FLOW [proto@0x1044753ae] Rx - primary_channel_rx: baud_rate=0 high_carrier=1 carrier=1805.2Hz agc=0.00666 power=0 shaper_sets=640
FLOW [proto@0x1044753ae] Rx - Phase 3 Ja capture: emitted 129792 bits using hyp=0
FLOW [proto@0x1044753ae] Rx - primary_channel_rx: baud_rate=0 high_carrier=1 carrier=1805.2Hz agc=0.00666 power=0 shaper_sets=640
FLOW [proto@0x1044753ae] Rx - primary_channel_rx: baud_rate=0 high_carrier=1 carrier=1805.2Hz agc=0.00666 power=4 shaper_sets=640
FLOW [proto@0x1044753ae] Rx - primary_channel_rx: baud_rate=0 high_carrier=1 carrier=1805.2Hz agc=0.00666 power=2 shaper_sets=640
FLOW [proto@0x1044753ae] Rx - primary_channel_rx: baud_rate=0 high_carrier=1 carrier=1805.2Hz agc=0.00666 power=13 shaper_sets=640
FLOW [proto@0x1044753ae] Rx - Phase 3 S baud 5000: mag=0.005 data_bits=2 alt=6/32 stable=0 dom=2:13/32 rev=0/32 counts=6,6,13,7
FLOW [proto@0x1044753ae] Rx - Phase 3 TRN: best hyp=15 ones=62147/123904 (50%)
FLOW [proto@0x1044753ae] Rx - primary_channel_rx: baud_rate=0 high_carrier=1 carrier=1805.2Hz agc=0.00666 power=9 shaper_sets=640
FLOW [proto@0x1044753ae] Rx - Phase 3 Ja capture: emitted 130048 bits using hyp=0
FLOW [proto@0x1044753ae] Rx - primary_channel_rx: baud_rate=0 high_carrier=1 carrier=1805.2Hz agc=0.00666 power=0 shaper_sets=640
FLOW [proto@0x1044753ae] Rx - primary_channel_rx: baud_rate=0 high_carrier=1 carrier=1805.2Hz agc=0.00666 power=4 shaper_sets=640
FLOW [proto@0x1044753ae] Rx - primary_channel_rx: baud_rate=0 high_carrier=1 carrier=1805.2Hz agc=0.00666 power=8 shaper_sets=640
FLOW [proto@0x1044753ae] Rx - primary_channel_rx: baud_rate=0 high_carrier=1 carrier=1805.2Hz agc=0.00666 power=0 shaper_sets=640
FLOW [proto@0x1044753ae] Rx - Phase 3 WAIT_S heartbeat: dur=5120 demod=0 event=0 j_bits=130238 trn_bits=124116 trn_hint=0/75%
FLOW [proto@0x1044753ae] Rx - primary_channel_rx: baud_rate=0 high_carrier=1 carrier=1805.2Hz agc=0.00666 power=7 shaper_sets=640
FLOW [proto@0x1044753ae] Rx - Phase 3 Ja capture: emitted 130304 bits using hyp=0
FLOW [proto@0x1044753ae] Rx - primary_channel_rx: baud_rate=0 high_carrier=1 carrier=1805.2Hz agc=0.00666 power=0 shaper_sets=640
FLOW [proto@0x1044753ae] Rx - primary_channel_rx: baud_rate=0 high_carrier=1 carrier=1805.2Hz agc=0.00666 power=1 shaper_sets=640
FLOW [proto@0x1044753ae] Rx - primary_channel_rx: baud_rate=0 high_carrier=1 carrier=1805.2Hz agc=0.00666 power=0 shaper_sets=640
FLOW [proto@0x1044753ae] Rx - primary_channel_rx: baud_rate=0 high_carrier=1 carrier=1805.2Hz agc=0.00666 power=5 shaper_sets=640
FLOW [proto@0x1044753ae] Rx - primary_channel_rx: baud_rate=0 high_carrier=1 carrier=1805.2Hz agc=0.00666 power=1 shaper_sets=640
FLOW [proto@0x1044753ae] Rx - Phase 3 TRN: best hyp=15 ones=62400/124416 (50%)
FLOW [proto@0x1044753ae] Rx - primary_channel_rx: baud_rate=0 high_carrier=1 carrier=1805.2Hz agc=0.00666 power=0 shaper_sets=640
FLOW [proto@0x1044753ae] Rx - Phase 3 Ja capture: emitted 130560 bits using hyp=0
FLOW [proto@0x1044753ae] Rx - primary_channel_rx: baud_rate=0 high_carrier=1 carrier=1805.2Hz agc=0.00666 power=0 shaper_sets=640
FLOW [proto@0x1044753ae] Rx - primary_channel_rx: baud_rate=0 high_carrier=1 carrier=1805.2Hz agc=0.00666 power=6 shaper_sets=640
FLOW [proto@0x1044753ae] Rx - primary_channel_rx: baud_rate=0 high_carrier=1 carrier=1805.2Hz agc=0.00666 power=1 shaper_sets=640
FLOW [proto@0x1044753ae] Rx - Phase 3 WAIT_S heartbeat: dur=5376 demod=0 event=0 j_bits=130750 trn_bits=124628 trn_hint=0/75%
FLOW [proto@0x1044753ae] Rx - primary_channel_rx: baud_rate=0 high_carrier=1 carrier=1805.2Hz agc=0.00666 power=14 shaper_sets=640
FLOW [proto@0x1044753ae] Rx - primary_channel_rx: baud_rate=0 high_carrier=1 carrier=1805.2Hz agc=0.00666 power=18 shaper_sets=640
FLOW [proto@0x1044753ae] Rx - Phase 3 Ja capture: emitted 130816 bits using hyp=0
FLOW [proto@0x1044753ae] Rx - primary_channel_rx: baud_rate=0 high_carrier=1 carrier=1805.2Hz agc=0.00666 power=1 shaper_sets=640
FLOW [proto@0x1044753ae] Rx - primary_channel_rx: baud_rate=0 high_carrier=1 carrier=1805.2Hz agc=0.00666 power=32 shaper_sets=640
FLOW [proto@0x1044753ae] Rx - primary_channel_rx: baud_rate=0 high_carrier=1 carrier=1805.2Hz agc=0.00666 power=16 shaper_sets=640
FLOW [proto@0x1044753ae] Rx - primary_channel_rx: baud_rate=0 high_carrier=1 carrier=1805.2Hz agc=0.00666 power=6 shaper_sets=640
FLOW [proto@0x1044753ae] Rx - primary_channel_rx: baud_rate=0 high_carrier=1 carrier=1805.2Hz agc=0.00666 power=8 shaper_sets=640
FLOW [proto@0x1044753ae] Rx - Phase 3 TRN: best hyp=15 ones=62663/124928 (50%)
FLOW [proto@0x1044753ae] Rx - Phase 3 Ja parser input: hyp0 len=131072 bits (stage=10, need ~16340 to parse)
FLOW [proto@0x1044753ae] Rx - Phase 3 Ja capture: emitted 131072 bits using hyp=0
FLOW [proto@0x1044753ae] Rx - primary_channel_rx: baud_rate=0 high_carrier=1 carrier=1805.2Hz agc=0.00666 power=2 shaper_sets=640
FLOW [proto@0x1044753ae] Rx - primary_channel_rx: baud_rate=0 high_carrier=1 carrier=1805.2Hz agc=0.00666 power=0 shaper_sets=640
FLOW [proto@0x1044753ae] Rx - primary_channel_rx: baud_rate=0 high_carrier=1 carrier=1805.2Hz agc=0.00666 power=2 shaper_sets=640
FLOW [proto@0x1044753ae] Rx - primary_channel_rx: baud_rate=0 high_carrier=1 carrier=1805.2Hz agc=0.00666 power=12 shaper_sets=640
FLOW [proto@0x1044753ae] Rx - Phase 3 WAIT_S heartbeat: dur=5632 demod=0 event=0 j_bits=131262 trn_bits=125140 trn_hint=0/75%
FLOW [proto@0x1044753ae] Rx - primary_channel_rx: baud_rate=0 high_carrier=1 carrier=1805.2Hz agc=0.00666 power=8 shaper_sets=640
FLOW [proto@0x1044753ae] Rx - primary_channel_rx: baud_rate=0 high_carrier=1 carrier=1805.2Hz agc=0.00666 power=0 shaper_sets=640
FLOW [proto@0x1044753ae] Rx - Phase 3 Ja capture: emitted 131328 bits using hyp=0
FLOW [proto@0x1044753ae] Rx - primary_channel_rx: baud_rate=0 high_carrier=1 carrier=1805.2Hz agc=0.00666 power=11 shaper_sets=640
FLOW [proto@0x1044753ae] Rx - primary_channel_rx: baud_rate=0 high_carrier=1 carrier=1805.2Hz agc=0.00666 power=5 shaper_sets=640
FLOW [proto@0x1044753ae] Rx - primary_channel_rx: baud_rate=0 high_carrier=1 carrier=1805.2Hz agc=0.00666 power=25 shaper_sets=640
FLOW [proto@0x1044753ae] Rx - primary_channel_rx: baud_rate=0 high_carrier=1 carrier=1805.2Hz agc=0.00666 power=0 shaper_sets=640
FLOW [proto@0x1044753ae] Rx - Phase 3 TRN: best hyp=15 ones=62924/125440 (50%)
FLOW [proto@0x1044753ae] Rx - primary_channel_rx: baud_rate=0 high_carrier=1 carrier=1805.2Hz agc=0.00666 power=0 shaper_sets=640
FLOW [proto@0x1044753ae] Rx - Phase 3 Ja capture: emitted 131584 bits using hyp=0
FLOW [proto@0x1044753ae] Rx - primary_channel_rx: baud_rate=0 high_carrier=1 carrier=1805.2Hz agc=0.00666 power=0 shaper_sets=640
FLOW [proto@0x1044753ae] Rx - primary_channel_rx: baud_rate=0 high_carrier=1 carrier=1805.2Hz agc=0.00666 power=7 shaper_sets=640
FLOW [proto@0x1044753ae] Rx - primary_channel_rx: baud_rate=0 high_carrier=1 carrier=1805.2Hz agc=0.00666 power=7 shaper_sets=640
FLOW [proto@0x1044753ae] Rx - primary_channel_rx: baud_rate=0 high_carrier=1 carrier=1805.2Hz agc=0.00666 power=10 shaper_sets=640
FLOW [proto@0x1044753ae] Rx - Phase 3 WAIT_S heartbeat: dur=5888 demod=0 event=0 j_bits=131774 trn_bits=125652 trn_hint=0/75%
FLOW [proto@0x1044753ae] Rx - primary_channel_rx: baud_rate=0 high_carrier=1 carrier=1805.2Hz agc=0.00666 power=0 shaper_sets=640
FLOW [proto@0x1044753ae] Rx - Phase 3 Ja capture: emitted 131840 bits using hyp=0
FLOW [proto@0x1044753ae] Rx - primary_channel_rx: baud_rate=0 high_carrier=1 carrier=1805.2Hz agc=0.00666 power=10 shaper_sets=640
FLOW [proto@0x1044753ae] Rx - primary_channel_rx: baud_rate=0 high_carrier=1 carrier=1805.2Hz agc=0.00666 power=3 shaper_sets=640
FLOW [proto@0x1044753ae] Rx - primary_channel_rx: baud_rate=0 high_carrier=1 carrier=1805.2Hz agc=0.00666 power=10 shaper_sets=640
FLOW [proto@0x1044753ae] Rx - Phase 3 S baud 6000: mag=0.013 data_bits=2 alt=6/32 stable=0 dom=3:13/32 rev=0/32 counts=6,1,12,13
FLOW [proto@0x1044753ae] Rx - Phase 3: S detect timeout (6000 bauds, alt=6/32 rev=0/32, j_bits=132000 trn_bits=125878 trn_hint=0/75%), continuing search
FLOW [proto@0x1044753ae] Rx - primary_channel_rx: baud_rate=0 high_carrier=1 carrier=1805.2Hz agc=0.00666 power=2 shaper_sets=640
FLOW [proto@0x1044753ae] Rx - Phase 3 WAIT_S heartbeat: dur=1 demod=0 event=0 j_bits=132000 trn_bits=125878 trn_hint=0/75%
FLOW [proto@0x1044753ae] Rx - Phase 3 S baud 1: mag=0.006 data_bits=3 alt=0/32 stable=0 dom=3:1/32 rev=0/32 counts=0,0,0,1
FLOW [proto@0x1044753ae] Rx - Phase 3 S baud 2: mag=0.006 data_bits=0 alt=0/32 stable=0 dom=0:1/32 rev=0/32 counts=1,0,0,1
FLOW [proto@0x1044753ae] Rx - Phase 3 S baud 3: mag=0.027 data_bits=0 alt=0/32 stable=0 dom=0:2/32 rev=0/32 counts=2,0,0,1
FLOW [proto@0x1044753ae] Rx - Phase 3 S baud 4: mag=0.024 data_bits=2 alt=0/32 stable=0 dom=0:2/32 rev=0/32 counts=2,0,1,1
FLOW [proto@0x1044753ae] Rx - primary_channel_rx: baud_rate=0 high_carrier=1 carrier=1805.2Hz agc=0.00666 power=1 shaper_sets=640
FLOW [proto@0x1044753ae] Rx - primary_channel_rx: baud_rate=0 high_carrier=1 carrier=1805.2Hz agc=0.00666 power=0 shaper_sets=640
FLOW [proto@0x1044753ae] Rx - Phase 3 Ja capture: emitted 132096 bits using hyp=0
FLOW [proto@0x1044753ae] Rx - primary_channel_rx: baud_rate=0 high_carrier=1 carrier=1805.2Hz agc=0.00666 power=13 shaper_sets=640
FLOW [proto@0x1044753ae] Rx - primary_channel_rx: baud_rate=0 high_carrier=1 carrier=1805.2Hz agc=0.00666 power=5 shaper_sets=640
FLOW [proto@0x1044753ae] Rx - primary_channel_rx: baud_rate=0 high_carrier=1 carrier=1805.2Hz agc=0.00666 power=10 shaper_sets=640
FLOW [proto@0x1044753ae] Rx - primary_channel_rx: baud_rate=0 high_carrier=1 carrier=1805.2Hz agc=0.00666 power=11 shaper_sets=640
FLOW [proto@0x1044753ae] Rx - primary_channel_rx: baud_rate=0 high_carrier=1 carrier=1805.2Hz agc=0.00666 power=4 shaper_sets=640
FLOW [proto@0x1044753ae] Rx - Phase 3 Ja capture: emitted 132352 bits using hyp=0
FLOW [proto@0x1044753ae] Rx - primary_channel_rx: baud_rate=0 high_carrier=1 carrier=1805.2Hz agc=0.00666 power=6 shaper_sets=640
FLOW [proto@0x1044753ae] Rx - primary_channel_rx: baud_rate=0 high_carrier=1 carrier=1805.2Hz agc=0.00666 power=1 shaper_sets=640
FLOW [proto@0x1044753ae] Rx - primary_channel_rx: baud_rate=0 high_carrier=1 carrier=1805.2Hz agc=0.00666 power=6 shaper_sets=640
FLOW [proto@0x1044753ae] Rx - Phase 3 WAIT_S heartbeat: dur=256 demod=0 event=0 j_bits=132510 trn_bits=125878 trn_hint=0/75%
FLOW [proto@0x1044753ae] Rx - primary_channel_rx: baud_rate=0 high_carrier=1 carrier=1805.2Hz agc=0.00666 power=8 shaper_sets=640
FLOW [proto@0x1044753ae] Rx - primary_channel_rx: baud_rate=0 high_carrier=1 carrier=1805.2Hz agc=0.00666 power=7 shaper_sets=640
FLOW [proto@0x1044753ae] Rx - Phase 3 TRN: best hyp=15 ones=63183/125952 (50%)
FLOW [proto@0x1044753ae] Rx - Phase 3 Ja capture: emitted 132608 bits using hyp=0
FLOW [proto@0x1044753ae] Rx - primary_channel_rx: baud_rate=0 high_carrier=1 carrier=1805.2Hz agc=0.00666 power=6 shaper_sets=640
FLOW [proto@0x1044753ae] Rx - primary_channel_rx: baud_rate=0 high_carrier=1 carrier=1805.2Hz agc=0.00666 power=0 shaper_sets=640
FLOW [proto@0x1044753ae] Rx - primary_channel_rx: baud_rate=0 high_carrier=1 carrier=1805.2Hz agc=0.00666 power=4 shaper_sets=640
FLOW [proto@0x1044753ae] Rx - primary_channel_rx: baud_rate=0 high_carrier=1 carrier=1805.2Hz agc=0.00666 power=0 shaper_sets=640
FLOW [proto@0x1044753ae] Rx - primary_channel_rx: baud_rate=0 high_carrier=1 carrier=1805.2Hz agc=0.00666 power=14 shaper_sets=640
FLOW [proto@0x1044753ae] Rx - primary_channel_rx: baud_rate=0 high_carrier=1 carrier=1805.2Hz agc=0.00666 power=0 shaper_sets=640
FLOW [proto@0x1044753ae] Rx - Phase 3 Ja capture: emitted 132864 bits using hyp=0
FLOW [proto@0x1044753ae] Rx - primary_channel_rx: baud_rate=0 high_carrier=1 carrier=1805.2Hz agc=0.00666 power=19 shaper_sets=640
FLOW [proto@0x1044753ae] Rx - primary_channel_rx: baud_rate=0 high_carrier=1 carrier=1805.2Hz agc=0.00666 power=0 shaper_sets=640
FLOW [proto@0x1044753ae] Rx - primary_channel_rx: baud_rate=0 high_carrier=1 carrier=1805.2Hz agc=0.00666 power=0 shaper_sets=640
FLOW [proto@0x1044753ae] Rx - Phase 3 WAIT_S heartbeat: dur=512 demod=0 event=0 j_bits=133022 trn_bits=126390 trn_hint=0/75%
FLOW [proto@0x1044753ae] Rx - primary_channel_rx: baud_rate=0 high_carrier=1 carrier=1805.2Hz agc=0.00666 power=0 shaper_sets=640
FLOW [proto@0x1044753ae] Rx - Phase 3 TRN: best hyp=15 ones=63438/126464 (50%)
FLOW [proto@0x1044753ae] Rx - primary_channel_rx: baud_rate=0 high_carrier=1 carrier=1805.2Hz agc=0.00666 power=4 shaper_sets=640
FLOW [proto@0x1044753ae] Rx - Phase 3 Ja parser input: hyp0 len=133120 bits (stage=10, need ~16340 to parse)
FLOW [proto@0x1044753ae] Rx - Phase 3 Ja capture: emitted 133120 bits using hyp=0
FLOW [proto@0x1044753ae] Rx - primary_channel_rx: baud_rate=0 high_carrier=1 carrier=1805.2Hz agc=0.00666 power=0 shaper_sets=640
FLOW [proto@0x1044753ae] Rx - primary_channel_rx: baud_rate=0 high_carrier=1 carrier=1805.2Hz agc=0.00666 power=0 shaper_sets=640
FLOW [proto@0x1044753ae] Rx - primary_channel_rx: baud_rate=0 high_carrier=1 carrier=1805.2Hz agc=0.00666 power=0 shaper_sets=640
FLOW [proto@0x1044753ae] Rx - primary_channel_rx: baud_rate=0 high_carrier=1 carrier=1805.2Hz agc=0.00666 power=0 shaper_sets=640
FLOW [proto@0x1044753ae] Rx - primary_channel_rx: baud_rate=0 high_carrier=1 carrier=1805.2Hz agc=0.00666 power=4 shaper_sets=640
FLOW [proto@0x1044753ae] Rx - Phase 3 Ja capture: emitted 133376 bits using hyp=0
FLOW [proto@0x1044753ae] Rx - primary_channel_rx: baud_rate=0 high_carrier=1 carrier=1805.2Hz agc=0.00666 power=14 shaper_sets=640
FLOW [proto@0x1044753ae] Rx - primary_channel_rx: baud_rate=0 high_carrier=1 carrier=1805.2Hz agc=0.00666 power=4 shaper_sets=640
FLOW [proto@0x1044753ae] Rx - primary_channel_rx: baud_rate=0 high_carrier=1 carrier=1805.2Hz agc=0.00666 power=0 shaper_sets=640
FLOW [proto@0x1044753ae] Rx - Phase 3 WAIT_S heartbeat: dur=768 demod=0 event=0 j_bits=133534 trn_bits=126902 trn_hint=0/75%
FLOW [proto@0x1044753ae] Rx - primary_channel_rx: baud_rate=0 high_carrier=1 carrier=1805.2Hz agc=0.00666 power=1 shaper_sets=640
FLOW [proto@0x1044753ae] Rx - primary_channel_rx: baud_rate=0 high_carrier=1 carrier=1805.2Hz agc=0.00666 power=15 shaper_sets=640
FLOW [proto@0x1044753ae] Rx - Phase 3 TRN: best hyp=15 ones=63707/126976 (50%)
FLOW [proto@0x1044753ae] Rx - primary_channel_rx: baud_rate=0 high_carrier=1 carrier=1805.2Hz agc=0.00666 power=13 shaper_sets=640
FLOW [proto@0x1044753ae] Rx - Phase 3 Ja capture: emitted 133632 bits using hyp=0
FLOW [proto@0x1044753ae] Rx - primary_channel_rx: baud_rate=0 high_carrier=1 carrier=1805.2Hz agc=0.00666 power=3 shaper_sets=640
FLOW [proto@0x1044753ae] Rx - primary_channel_rx: baud_rate=0 high_carrier=1 carrier=1805.2Hz agc=0.00666 power=10 shaper_sets=640
FLOW [proto@0x1044753ae] Rx - primary_channel_rx: baud_rate=0 high_carrier=1 carrier=1805.2Hz agc=0.00666 power=0 shaper_sets=640
FLOW [proto@0x1044753ae] Rx - primary_channel_rx: baud_rate=0 high_carrier=1 carrier=1805.2Hz agc=0.00666 power=12 shaper_sets=640
FLOW [proto@0x1044753ae] Rx - primary_channel_rx: baud_rate=0 high_carrier=1 carrier=1805.2Hz agc=0.00666 power=9 shaper_sets=640
FLOW [proto@0x1044753ae] Rx - Phase 3 Ja capture: emitted 133888 bits using hyp=0
FLOW [proto@0x1044753ae] Rx - primary_channel_rx: baud_rate=0 high_carrier=1 carrier=1805.2Hz agc=0.00666 power=0 shaper_sets=640
FLOW [proto@0x1044753ae] Rx - primary_channel_rx: baud_rate=0 high_carrier=1 carrier=1805.2Hz agc=0.00666 power=0 shaper_sets=640
FLOW [proto@0x1044753ae] Rx - Phase 3 S baud 1000: mag=0.025 data_bits=2 alt=3/32 stable=0 dom=3:12/32 rev=0/32 counts=4,8,8,12
FLOW [proto@0x1044753ae] Rx - primary_channel_rx: baud_rate=0 high_carrier=1 carrier=1805.2Hz agc=0.00666 power=0 shaper_sets=640
FLOW [proto@0x1044753ae] Rx - Phase 3 WAIT_S heartbeat: dur=1024 demod=0 event=0 j_bits=134046 trn_bits=127414 trn_hint=0/75%
FLOW [proto@0x1044753ae] Rx - primary_channel_rx: baud_rate=0 high_carrier=1 carrier=1805.2Hz agc=0.00666 power=4 shaper_sets=640
FLOW [proto@0x1044753ae] Rx - primary_channel_rx: baud_rate=0 high_carrier=1 carrier=1805.2Hz agc=0.00666 power=4 shaper_sets=640
FLOW [proto@0x1044753ae] Rx - Phase 3 TRN: best hyp=15 ones=63958/127488 (50%)
FLOW [proto@0x1044753ae] Rx - Phase 3 Ja capture: emitted 134144 bits using hyp=0
FLOW [proto@0x1044753ae] Rx - primary_channel_rx: baud_rate=0 high_carrier=1 carrier=1805.2Hz agc=0.00666 power=7 shaper_sets=640
FLOW [proto@0x1044753ae] Rx - primary_channel_rx: baud_rate=0 high_carrier=1 carrier=1805.2Hz agc=0.00666 power=6 shaper_sets=640
FLOW [proto@0x1044753ae] Rx - primary_channel_rx: baud_rate=0 high_carrier=1 carrier=1805.2Hz agc=0.00666 power=0 shaper_sets=640
FLOW [proto@0x1044753ae] Rx - primary_channel_rx: baud_rate=0 high_carrier=1 carrier=1805.2Hz agc=0.00666 power=3 shaper_sets=640
FLOW [proto@0x1044753ae] Rx - primary_channel_rx: baud_rate=0 high_carrier=1 carrier=1805.2Hz agc=0.00666 power=6 shaper_sets=640
FLOW [proto@0x1044753ae] Rx - primary_channel_rx: baud_rate=0 high_carrier=1 carrier=1805.2Hz agc=0.00666 power=0 shaper_sets=640
FLOW [proto@0x1044753ae] Rx - Phase 3 Ja capture: emitted 134400 bits using hyp=0
FLOW [proto@0x1044753ae] Rx - primary_channel_rx: baud_rate=0 high_carrier=1 carrier=1805.2Hz agc=0.00666 power=4 shaper_sets=640
FLOW [proto@0x1044753ae] Rx - primary_channel_rx: baud_rate=0 high_carrier=1 carrier=1805.2Hz agc=0.00666 power=0 shaper_sets=640
FLOW [proto@0x1044753ae] Rx - primary_channel_rx: baud_rate=0 high_carrier=1 carrier=1805.2Hz agc=0.00666 power=10 shaper_sets=640
FLOW [proto@0x1044753ae] Rx - Phase 3 WAIT_S heartbeat: dur=1280 demod=0 event=0 j_bits=134558 trn_bits=127926 trn_hint=0/75%
FLOW [proto@0x1044753ae] Rx - primary_channel_rx: baud_rate=0 high_carrier=1 carrier=1805.2Hz agc=0.00666 power=0 shaper_sets=640
FLOW [proto@0x1044753ae] Rx - Phase 3 TRN: best hyp=15 ones=64229/128000 (50%)
FLOW [proto@0x1044753ae] Rx - primary_channel_rx: baud_rate=0 high_carrier=1 carrier=1805.2Hz agc=0.00666 power=5 shaper_sets=640
FLOW [proto@0x1044753ae] Rx - Phase 3 Ja capture: emitted 134656 bits using hyp=0
FLOW [proto@0x1044753ae] Rx - primary_channel_rx: baud_rate=0 high_carrier=1 carrier=1805.2Hz agc=0.00666 power=4 shaper_sets=640
FLOW [proto@0x1044753ae] Rx - primary_channel_rx: baud_rate=0 high_carrier=1 carrier=1805.2Hz agc=0.00666 power=2 shaper_sets=640
FLOW [proto@0x1044753ae] Rx - primary_channel_rx: baud_rate=0 high_carrier=1 carrier=1805.2Hz agc=0.00666 power=5 shaper_sets=640
FLOW [proto@0x1044753ae] Rx - primary_channel_rx: baud_rate=0 high_carrier=1 carrier=1805.2Hz agc=0.00666 power=7 shaper_sets=640
FLOW [proto@0x1044753ae] Rx - primary_channel_rx: baud_rate=0 high_carrier=1 carrier=1805.2Hz agc=0.00666 power=8 shaper_sets=640
FLOW [proto@0x1044753ae] Rx - Phase 3 Ja capture: emitted 134912 bits using hyp=0
FLOW [proto@0x1044753ae] Rx - primary_channel_rx: baud_rate=0 high_carrier=1 carrier=1805.2Hz agc=0.00666 power=10 shaper_sets=640
FLOW [proto@0x1044753ae] Rx - primary_channel_rx: baud_rate=0 high_carrier=1 carrier=1805.2Hz agc=0.00666 power=0 shaper_sets=640
FLOW [proto@0x1044753ae] Rx - primary_channel_rx: baud_rate=0 high_carrier=1 carrier=1805.2Hz agc=0.00666 power=8 shaper_sets=640
FLOW [proto@0x1044753ae] Rx - Phase 3 WAIT_S heartbeat: dur=1536 demod=0 event=0 j_bits=135070 trn_bits=128438 trn_hint=0/75%
FLOW [proto@0x1044753ae] Rx - primary_channel_rx: baud_rate=0 high_carrier=1 carrier=1805.2Hz agc=0.00666 power=7 shaper_sets=640
FLOW [proto@0x1044753ae] Rx - primary_channel_rx: baud_rate=0 high_carrier=1 carrier=1805.2Hz agc=0.00666 power=18 shaper_sets=640
FLOW [proto@0x1044753ae] Rx - Phase 3 TRN: best hyp=15 ones=64495/128512 (50%)
FLOW [proto@0x1044753ae] Rx - primary_channel_rx: baud_rate=0 high_carrier=1 carrier=1805.2Hz agc=0.00666 power=0 shaper_sets=640
FLOW [proto@0x1044753ae] Rx - Phase 3 Ja parser input: hyp0 len=135168 bits (stage=10, need ~16340 to parse)
FLOW [proto@0x1044753ae] Rx - Phase 3 Ja capture: emitted 135168 bits using hyp=0
FLOW [proto@0x1044753ae] Rx - primary_channel_rx: baud_rate=0 high_carrier=1 carrier=1805.2Hz agc=0.00666 power=6 shaper_sets=640
FLOW [proto@0x1044753ae] Rx - primary_channel_rx: baud_rate=0 high_carrier=1 carrier=1805.2Hz agc=0.00666 power=0 shaper_sets=640
FLOW [proto@0x1044753ae] Rx - primary_channel_rx: baud_rate=0 high_carrier=1 carrier=1805.2Hz agc=0.00666 power=0 shaper_sets=640
FLOW [proto@0x1044753ae] Rx - primary_channel_rx: baud_rate=0 high_carrier=1 carrier=1805.2Hz agc=0.00666 power=7 shaper_sets=640
FLOW [proto@0x1044753ae] Rx - primary_channel_rx: baud_rate=0 high_carrier=1 carrier=1805.2Hz agc=0.00666 power=1 shaper_sets=640
FLOW [proto@0x1044753ae] Rx - Phase 3 Ja capture: emitted 135424 bits using hyp=0
FLOW [proto@0x1044753ae] Rx - primary_channel_rx: baud_rate=0 high_carrier=1 carrier=1805.2Hz agc=0.00666 power=4 shaper_sets=640
FLOW [proto@0x1044753ae] Rx - primary_channel_rx: baud_rate=0 high_carrier=1 carrier=1805.2Hz agc=0.00666 power=1 shaper_sets=640
FLOW [proto@0x1044753ae] Rx - primary_channel_rx: baud_rate=0 high_carrier=1 carrier=1805.2Hz agc=0.00666 power=0 shaper_sets=640
FLOW [proto@0x1044753ae] Rx - Phase 3 WAIT_S heartbeat: dur=1792 demod=0 event=0 j_bits=135582 trn_bits=128950 trn_hint=0/75%
FLOW [proto@0x1044753ae] Rx - primary_channel_rx: baud_rate=0 high_carrier=1 carrier=1805.2Hz agc=0.00666 power=9 shaper_sets=640
FLOW [proto@0x1044753ae] Rx - primary_channel_rx: baud_rate=0 high_carrier=1 carrier=1805.2Hz agc=0.00666 power=9 shaper_sets=640
FLOW [proto@0x1044753ae] Rx - Phase 3 TRN: best hyp=15 ones=64751/129024 (50%)
FLOW [proto@0x1044753ae] Rx - Phase 3 Ja capture: emitted 135680 bits using hyp=0
FLOW [proto@0x1044753ae] Rx - primary_channel_rx: baud_rate=0 high_carrier=1 carrier=1805.2Hz agc=0.00666 power=13 shaper_sets=640
FLOW [proto@0x1044753ae] Rx - primary_channel_rx: baud_rate=0 high_carrier=1 carrier=1805.2Hz agc=0.00666 power=0 shaper_sets=640
FLOW [proto@0x1044753ae] Rx - primary_channel_rx: baud_rate=0 high_carrier=1 carrier=1805.2Hz agc=0.00666 power=2 shaper_sets=640
FLOW [proto@0x1044753ae] Rx - primary_channel_rx: baud_rate=0 high_carrier=1 carrier=1805.2Hz agc=0.00666 power=1 shaper_sets=640
FLOW [proto@0x1044753ae] Rx - primary_channel_rx: baud_rate=0 high_carrier=1 carrier=1805.2Hz agc=0.00666 power=0 shaper_sets=640
FLOW [proto@0x1044753ae] Rx - primary_channel_rx: baud_rate=0 high_carrier=1 carrier=1805.2Hz agc=0.00666 power=11 shaper_sets=640
FLOW [proto@0x1044753ae] Rx - Phase 3 Ja capture: emitted 135936 bits using hyp=0
FLOW [proto@0x1044753ae] Rx - primary_channel_rx: baud_rate=0 high_carrier=1 carrier=1805.2Hz agc=0.00666 power=1 shaper_sets=640
FLOW [proto@0x1044753ae] Rx - Phase 3 S baud 2000: mag=0.027 data_bits=2 alt=6/32 stable=0 dom=2:11/32 rev=0/32 counts=8,6,11,7
FLOW [proto@0x1044753ae] Rx - primary_channel_rx: baud_rate=0 high_carrier=1 carrier=1805.2Hz agc=0.00666 power=1 shaper_sets=640
FLOW [proto@0x1044753ae] Rx - primary_channel_rx: baud_rate=0 high_carrier=1 carrier=1805.2Hz agc=0.00666 power=0 shaper_sets=640
FLOW [proto@0x1044753ae] Rx - Phase 3 WAIT_S heartbeat: dur=2048 demod=0 event=0 j_bits=136094 trn_bits=129462 trn_hint=0/75%
FLOW [proto@0x1044753ae] Rx - primary_channel_rx: baud_rate=0 high_carrier=1 carrier=1805.2Hz agc=0.00666 power=12 shaper_sets=640
FLOW [proto@0x1044753ae] Rx - Phase 3 TRN: best hyp=15 ones=65003/129536 (50%)
FLOW [proto@0x1044753ae] Rx - primary_channel_rx: baud_rate=0 high_carrier=1 carrier=1805.2Hz agc=0.00666 power=0 shaper_sets=640
FLOW [proto@0x1044753ae] Rx - Phase 3 Ja capture: emitted 136192 bits using hyp=0
FLOW [proto@0x1044753ae] Rx - primary_channel_rx: baud_rate=0 high_carrier=1 carrier=1805.2Hz agc=0.00666 power=0 shaper_sets=640
FLOW [proto@0x1044753ae] Rx - primary_channel_rx: baud_rate=0 high_carrier=1 carrier=1805.2Hz agc=0.00666 power=1 shaper_sets=640
FLOW [proto@0x1044753ae] Rx - primary_channel_rx: baud_rate=0 high_carrier=1 carrier=1805.2Hz agc=0.00666 power=1 shaper_sets=640
FLOW [proto@0x1044753ae] Rx - primary_channel_rx: baud_rate=0 high_carrier=1 carrier=1805.2Hz agc=0.00666 power=3 shaper_sets=640
FLOW [proto@0x1044753ae] Rx - primary_channel_rx: baud_rate=0 high_carrier=1 carrier=1805.2Hz agc=0.00666 power=1 shaper_sets=640
FLOW [proto@0x1044753ae] Rx - Phase 3 Ja capture: emitted 136448 bits using hyp=0
FLOW [proto@0x1044753ae] Rx - primary_channel_rx: baud_rate=0 high_carrier=1 carrier=1805.2Hz agc=0.00666 power=14 shaper_sets=640
FLOW [proto@0x1044753ae] Rx - primary_channel_rx: baud_rate=0 high_carrier=1 carrier=1805.2Hz agc=0.00666 power=0 shaper_sets=640
FLOW [proto@0x1044753ae] Rx - primary_channel_rx: baud_rate=0 high_carrier=1 carrier=1805.2Hz agc=0.00666 power=0 shaper_sets=640
FLOW [proto@0x1044753ae] Rx - Phase 3 WAIT_S heartbeat: dur=2304 demod=0 event=0 j_bits=136606 trn_bits=129974 trn_hint=0/75%
FLOW [proto@0x1044753ae] Rx - primary_channel_rx: baud_rate=0 high_carrier=1 carrier=1805.2Hz agc=0.00666 power=0 shaper_sets=640
FLOW [proto@0x1044753ae] Rx - primary_channel_rx: baud_rate=0 high_carrier=1 carrier=1805.2Hz agc=0.00666 power=7 shaper_sets=640
FLOW [proto@0x1044753ae] Rx - Phase 3 TRN: best hyp=15 ones=65251/130048 (50%)
FLOW [proto@0x1044753ae] Rx - primary_channel_rx: baud_rate=0 high_carrier=1 carrier=1805.2Hz agc=0.00666 power=8 shaper_sets=640
FLOW [proto@0x1044753ae] Rx - Phase 3 Ja capture: emitted 136704 bits using hyp=0
FLOW [proto@0x1044753ae] Rx - primary_channel_rx: baud_rate=0 high_carrier=1 carrier=1805.2Hz agc=0.00666 power=3 shaper_sets=640
FLOW [proto@0x1044753ae] Rx - primary_channel_rx: baud_rate=0 high_carrier=1 carrier=1805.2Hz agc=0.00666 power=2 shaper_sets=640
FLOW [proto@0x1044753ae] Rx - primary_channel_rx: baud_rate=0 high_carrier=1 carrier=1805.2Hz agc=0.00666 power=6 shaper_sets=640
FLOW [proto@0x1044753ae] Rx - primary_channel_rx: baud_rate=0 high_carrier=1 carrier=1805.2Hz agc=0.00666 power=6 shaper_sets=640
FLOW [proto@0x1044753ae] Rx - primary_channel_rx: baud_rate=0 high_carrier=1 carrier=1805.2Hz agc=0.00666 power=4 shaper_sets=640
FLOW [proto@0x1044753ae] Rx - Phase 3 Ja capture: emitted 136960 bits using hyp=0
FLOW [proto@0x1044753ae] Rx - primary_channel_rx: baud_rate=0 high_carrier=1 carrier=1805.2Hz agc=0.00666 power=0 shaper_sets=640
FLOW [proto@0x1044753ae] Rx - primary_channel_rx: baud_rate=0 high_carrier=1 carrier=1805.2Hz agc=0.00666 power=6 shaper_sets=640
FLOW [proto@0x1044753ae] Rx - primary_channel_rx: baud_rate=0 high_carrier=1 carrier=1805.2Hz agc=0.00666 power=5 shaper_sets=640
FLOW [proto@0x1044753ae] Rx - Phase 3 WAIT_S heartbeat: dur=2560 demod=0 event=0 j_bits=137118 trn_bits=130486 trn_hint=0/75%
FLOW [proto@0x1044753ae] Rx - primary_channel_rx: baud_rate=0 high_carrier=1 carrier=1805.2Hz agc=0.00666 power=1 shaper_sets=640
FLOW [proto@0x1044753ae] Rx - primary_channel_rx: baud_rate=0 high_carrier=1 carrier=1805.2Hz agc=0.00666 power=4 shaper_sets=640
FLOW [proto@0x1044753ae] Rx - Phase 3 TRN: best hyp=15 ones=65513/130560 (50%)
FLOW [proto@0x1044753ae] Rx - Phase 3 Ja parser input: hyp0 len=137216 bits (stage=10, need ~16340 to parse)
FLOW [proto@0x1044753ae] Rx - Phase 3 Ja capture: emitted 137216 bits using hyp=0
FLOW [proto@0x1044753ae] Rx - primary_channel_rx: baud_rate=0 high_carrier=1 carrier=1805.2Hz agc=0.00666 power=0 shaper_sets=640
FLOW [proto@0x1044753ae] Rx - primary_channel_rx: baud_rate=0 high_carrier=1 carrier=1805.2Hz agc=0.00666 power=0 shaper_sets=640
FLOW [proto@0x1044753ae] Rx - primary_channel_rx: baud_rate=0 high_carrier=1 carrier=1805.2Hz agc=0.00666 power=1 shaper_sets=640
FLOW [proto@0x1044753ae] Rx - primary_channel_rx: baud_rate=0 high_carrier=1 carrier=1805.2Hz agc=0.00666 power=3 shaper_sets=640
FLOW [proto@0x1044753ae] Rx - primary_channel_rx: baud_rate=0 high_carrier=1 carrier=1805.2Hz agc=0.00666 power=11 shaper_sets=640
FLOW [proto@0x1044753ae] Rx - primary_channel_rx: baud_rate=0 high_carrier=1 carrier=1805.2Hz agc=0.00666 power=0 shaper_sets=640
FLOW [proto@0x1044753ae] Rx - Phase 3 Ja capture: emitted 137472 bits using hyp=0
FLOW [proto@0x1044753ae] Rx - primary_channel_rx: baud_rate=0 high_carrier=1 carrier=1805.2Hz agc=0.00666 power=0 shaper_sets=640
FLOW [proto@0x1044753ae] Rx - primary_channel_rx: baud_rate=0 high_carrier=1 carrier=1805.2Hz agc=0.00666 power=0 shaper_sets=640
FLOW [proto@0x1044753ae] Rx - primary_channel_rx: baud_rate=0 high_carrier=1 carrier=1805.2Hz agc=0.00666 power=0 shaper_sets=640
FLOW [proto@0x1044753ae] Rx - Phase 3 WAIT_S heartbeat: dur=2816 demod=0 event=0 j_bits=137630 trn_bits=130998 trn_hint=0/75%
FLOW [proto@0x1044753ae] Rx - primary_channel_rx: baud_rate=0 high_carrier=1 carrier=1805.2Hz agc=0.00666 power=0 shaper_sets=640
FLOW [proto@0x1044753ae] Rx - Phase 3 TRN: best hyp=16 ones=65496/131072 (50%)
FLOW [proto@0x1044753ae] Rx - primary_channel_rx: baud_rate=0 high_carrier=1 carrier=1805.2Hz agc=0.00666 power=12 shaper_sets=640
FLOW [proto@0x1044753ae] Rx - Phase 3 Ja capture: emitted 137728 bits using hyp=0
FLOW [proto@0x1044753ae] Rx - primary_channel_rx: baud_rate=0 high_carrier=1 carrier=1805.2Hz agc=0.00666 power=2 shaper_sets=640
FLOW [proto@0x1044753ae] Rx - primary_channel_rx: baud_rate=0 high_carrier=1 carrier=1805.2Hz agc=0.00666 power=0 shaper_sets=640
FLOW [proto@0x1044753ae] Rx - primary_channel_rx: baud_rate=0 high_carrier=1 carrier=1805.2Hz agc=0.00666 power=8 shaper_sets=640
FLOW [proto@0x1044753ae] Rx - primary_channel_rx: baud_rate=0 high_carrier=1 carrier=1805.2Hz agc=0.00666 power=8 shaper_sets=640
FLOW [proto@0x1044753ae] Rx - primary_channel_rx: baud_rate=0 high_carrier=1 carrier=1805.2Hz agc=0.00666 power=8 shaper_sets=640
FLOW [proto@0x1044753ae] Rx - Phase 3 Ja capture: emitted 137984 bits using hyp=0
FLOW [proto@0x1044753ae] Rx - Phase 3 S baud 3000: mag=0.027 data_bits=2 alt=8/32 stable=0 dom=3:11/32 rev=0/32 counts=9,3,9,11
FLOW [proto@0x1044753ae] Rx - primary_channel_rx: baud_rate=0 high_carrier=1 carrier=1805.2Hz agc=0.00666 power=6 shaper_sets=640
FLOW [proto@0x1044753ae] Rx - primary_channel_rx: baud_rate=0 high_carrier=1 carrier=1805.2Hz agc=0.00666 power=4 shaper_sets=640
FLOW [proto@0x1044753ae] Rx - primary_channel_rx: baud_rate=0 high_carrier=1 carrier=1805.2Hz agc=0.00666 power=10 shaper_sets=640
FLOW [proto@0x1044753ae] Rx - Phase 3 WAIT_S heartbeat: dur=3072 demod=0 event=0 j_bits=138142 trn_bits=131510 trn_hint=0/75%
FLOW [proto@0x1044753ae] Rx - primary_channel_rx: baud_rate=0 high_carrier=1 carrier=1805.2Hz agc=0.00666 power=0 shaper_sets=640
FLOW [proto@0x1044753ae] Rx - primary_channel_rx: baud_rate=0 high_carrier=1 carrier=1805.2Hz agc=0.00666 power=3 shaper_sets=640
FLOW [proto@0x1044753ae] Rx - Phase 3 TRN: best hyp=4 ones=45407/131584 (35%)
FLOW [proto@0x1044753ae] Rx - primary_channel_rx: baud_rate=0 high_carrier=1 carrier=1805.2Hz agc=0.00666 power=2 shaper_sets=640
FLOW [proto@0x1044753ae] Rx - Phase 3 Ja capture: emitted 138240 bits using hyp=0
FLOW [proto@0x1044753ae] Rx - primary_channel_rx: baud_rate=0 high_carrier=1 carrier=1805.2Hz agc=0.00666 power=4 shaper_sets=640
FLOW [proto@0x1044753ae] Rx - primary_channel_rx: baud_rate=0 high_carrier=1 carrier=1805.2Hz agc=0.00666 power=0 shaper_sets=640
FLOW [proto@0x1044753ae] Rx - primary_channel_rx: baud_rate=0 high_carrier=1 carrier=1805.2Hz agc=0.00666 power=8 shaper_sets=640
FLOW [proto@0x1044753ae] Rx - primary_channel_rx: baud_rate=0 high_carrier=1 carrier=1805.2Hz agc=0.00666 power=14 shaper_sets=640
FLOW [proto@0x1044753ae] Rx - primary_channel_rx: baud_rate=0 high_carrier=1 carrier=1805.2Hz agc=0.00666 power=3 shaper_sets=640
FLOW [proto@0x1044753ae] Rx - Phase 3 Ja capture: emitted 138496 bits using hyp=0
FLOW [proto@0x1044753ae] Rx - primary_channel_rx: baud_rate=0 high_carrier=1 carrier=1805.2Hz agc=0.00666 power=0 shaper_sets=640
FLOW [proto@0x1044753ae] Rx - primary_channel_rx: baud_rate=0 high_carrier=1 carrier=1805.2Hz agc=0.00666 power=0 shaper_sets=640
FLOW [proto@0x1044753ae] Rx - primary_channel_rx: baud_rate=0 high_carrier=1 carrier=1805.2Hz agc=0.00666 power=11 shaper_sets=640
FLOW [proto@0x1044753ae] Rx - Phase 3 WAIT_S heartbeat: dur=3328 demod=0 event=0 j_bits=138654 trn_bits=132022 trn_hint=0/75%
FLOW [proto@0x1044753ae] Rx - primary_channel_rx: baud_rate=0 high_carrier=1 carrier=1805.2Hz agc=0.00666 power=13 shaper_sets=640
FLOW [proto@0x1044753ae] Rx - primary_channel_rx: baud_rate=0 high_carrier=1 carrier=1805.2Hz agc=0.00666 power=0 shaper_sets=640
FLOW [proto@0x1044753ae] Rx - Phase 3 TRN: best hyp=4 ones=45663/132096 (35%)
FLOW [proto@0x1044753ae] Rx - Phase 3 Ja capture: emitted 138752 bits using hyp=0
FLOW [proto@0x1044753ae] Rx - primary_channel_rx: baud_rate=0 high_carrier=1 carrier=1805.2Hz agc=0.00666 power=0 shaper_sets=640
FLOW [proto@0x1044753ae] Rx - primary_channel_rx: baud_rate=0 high_carrier=1 carrier=1805.2Hz agc=0.00666 power=1 shaper_sets=640
FLOW [proto@0x1044753ae] Rx - primary_channel_rx: baud_rate=0 high_carrier=1 carrier=1805.2Hz agc=0.00666 power=2 shaper_sets=640
FLOW [proto@0x1044753ae] Rx - primary_channel_rx: baud_rate=0 high_carrier=1 carrier=1805.2Hz agc=0.00666 power=2 shaper_sets=640
FLOW [proto@0x1044753ae] Rx - primary_channel_rx: baud_rate=0 high_carrier=1 carrier=1805.2Hz agc=0.00666 power=0 shaper_sets=640
FLOW [proto@0x1044753ae] Rx - primary_channel_rx: baud_rate=0 high_carrier=1 carrier=1805.2Hz agc=0.00666 power=19 shaper_sets=640
FLOW [proto@0x1044753ae] Rx - Phase 3 Ja capture: emitted 139008 bits using hyp=0
FLOW [proto@0x1044753ae] Rx - primary_channel_rx: baud_rate=0 high_carrier=1 carrier=1805.2Hz agc=0.00666 power=4 shaper_sets=640
FLOW [proto@0x1044753ae] Rx - primary_channel_rx: baud_rate=0 high_carrier=1 carrier=1805.2Hz agc=0.00666 power=0 shaper_sets=640
FLOW [proto@0x1044753ae] Rx - primary_channel_rx: baud_rate=0 high_carrier=1 carrier=1805.2Hz agc=0.00666 power=5 shaper_sets=640
FLOW [proto@0x1044753ae] Rx - Phase 3 WAIT_S heartbeat: dur=3584 demod=0 event=0 j_bits=139166 trn_bits=132534 trn_hint=0/75%
FLOW [proto@0x1044753ae] Rx - primary_channel_rx: baud_rate=0 high_carrier=1 carrier=1805.2Hz agc=0.00666 power=1 shaper_sets=640
FLOW [proto@0x1044753ae] Rx - Phase 3 TRN: best hyp=4 ones=45899/132608 (35%)
FLOW [proto@0x1044753ae] Rx - primary_channel_rx: baud_rate=0 high_carrier=1 carrier=1805.2Hz agc=0.00666 power=3 shaper_sets=640
FLOW [proto@0x1044753ae] Rx - Phase 3 Ja parser input: hyp0 len=139264 bits (stage=10, need ~16340 to parse)
FLOW [proto@0x1044753ae] Rx - Phase 3 Ja capture: emitted 139264 bits using hyp=0
FLOW [proto@0x1044753ae] Rx - primary_channel_rx: baud_rate=0 high_carrier=1 carrier=1805.2Hz agc=0.00666 power=10 shaper_sets=640
FLOW [proto@0x1044753ae] Rx - primary_channel_rx: baud_rate=0 high_carrier=1 carrier=1805.2Hz agc=0.00666 power=4 shaper_sets=640
FLOW [proto@0x1044753ae] Rx - primary_channel_rx: baud_rate=0 high_carrier=1 carrier=1805.2Hz agc=0.00666 power=2 shaper_sets=640
FLOW [proto@0x1044753ae] Rx - primary_channel_rx: baud_rate=0 high_carrier=1 carrier=1805.2Hz agc=0.00666 power=0 shaper_sets=640
FLOW [proto@0x1044753ae] Rx - primary_channel_rx: baud_rate=0 high_carrier=1 carrier=1805.2Hz agc=0.00666 power=2 shaper_sets=640
FLOW [proto@0x1044753ae] Rx - Phase 3 Ja capture: emitted 139520 bits using hyp=0
FLOW [proto@0x1044753ae] Rx - primary_channel_rx: baud_rate=0 high_carrier=1 carrier=1805.2Hz agc=0.00666 power=2 shaper_sets=640
FLOW [proto@0x1044753ae] Rx - primary_channel_rx: baud_rate=0 high_carrier=1 carrier=1805.2Hz agc=0.00666 power=12 shaper_sets=640
FLOW [proto@0x1044753ae] Rx - primary_channel_rx: baud_rate=0 high_carrier=1 carrier=1805.2Hz agc=0.00666 power=0 shaper_sets=640
FLOW [proto@0x1044753ae] Rx - Phase 3 WAIT_S heartbeat: dur=3840 demod=0 event=0 j_bits=139678 trn_bits=133046 trn_hint=0/75%
FLOW [proto@0x1044753ae] Rx - primary_channel_rx: baud_rate=0 high_carrier=1 carrier=1805.2Hz agc=0.00666 power=0 shaper_sets=640
FLOW [proto@0x1044753ae] Rx - primary_channel_rx: baud_rate=0 high_carrier=1 carrier=1805.2Hz agc=0.00666 power=14 shaper_sets=640
FLOW [proto@0x1044753ae] Rx - Phase 3 TRN: best hyp=4 ones=46139/133120 (35%)
FLOW [proto@0x1044753ae] Rx - primary_channel_rx: baud_rate=0 high_carrier=1 carrier=1805.2Hz agc=0.00666 power=0 shaper_sets=640
FLOW [proto@0x1044753ae] Rx - Phase 3 Ja capture: emitted 139776 bits using hyp=0
FLOW [proto@0x1044753ae] Rx - primary_channel_rx: baud_rate=0 high_carrier=1 carrier=1805.2Hz agc=0.00666 power=0 shaper_sets=640
FLOW [proto@0x1044753ae] Rx - primary_channel_rx: baud_rate=0 high_carrier=1 carrier=1805.2Hz agc=0.00666 power=1 shaper_sets=640
FLOW [proto@0x1044753ae] Rx - primary_channel_rx: baud_rate=0 high_carrier=1 carrier=1805.2Hz agc=0.00666 power=0 shaper_sets=640
FLOW [proto@0x1044753ae] Rx - primary_channel_rx: baud_rate=0 high_carrier=1 carrier=1805.2Hz agc=0.00666 power=2 shaper_sets=640
FLOW [proto@0x1044753ae] Rx - Phase 3 S baud 4000: mag=0.064 data_bits=3 alt=4/32 stable=0 dom=3:13/32 rev=0/32 counts=7,4,8,13
FLOW [proto@0x1044753ae] Rx - primary_channel_rx: baud_rate=0 high_carrier=1 carrier=1805.2Hz agc=0.00666 power=0 shaper_sets=640
FLOW [proto@0x1044753ae] Rx - Phase 3 Ja capture: emitted 140032 bits using hyp=0
FLOW [proto@0x1044753ae] Rx - primary_channel_rx: baud_rate=0 high_carrier=1 carrier=1805.2Hz agc=0.00666 power=9 shaper_sets=640
FLOW [proto@0x1044753ae] Rx - primary_channel_rx: baud_rate=0 high_carrier=1 carrier=1805.2Hz agc=0.00666 power=7 shaper_sets=640
FLOW [proto@0x1044753ae] Rx - primary_channel_rx: baud_rate=0 high_carrier=1 carrier=1805.2Hz agc=0.00666 power=6 shaper_sets=640
FLOW [proto@0x1044753ae] Rx - Phase 3 WAIT_S heartbeat: dur=4096 demod=0 event=0 j_bits=140190 trn_bits=133558 trn_hint=0/75%
FLOW [proto@0x1044753ae] Rx - primary_channel_rx: baud_rate=0 high_carrier=1 carrier=1805.2Hz agc=0.00666 power=14 shaper_sets=640
FLOW [proto@0x1044753ae] Rx - primary_channel_rx: baud_rate=0 high_carrier=1 carrier=1805.2Hz agc=0.00666 power=0 shaper_sets=640
FLOW [proto@0x1044753ae] Rx - Phase 3 TRN: best hyp=4 ones=46406/133632 (35%)
FLOW [proto@0x1044753ae] Rx - Phase 3 Ja capture: emitted 140288 bits using hyp=0
FLOW [proto@0x1044753ae] Rx - primary_channel_rx: baud_rate=0 high_carrier=1 carrier=1805.2Hz agc=0.00666 power=3 shaper_sets=640
FLOW [proto@0x1044753ae] Rx - primary_channel_rx: baud_rate=0 high_carrier=1 carrier=1805.2Hz agc=0.00666 power=4 shaper_sets=640
FLOW [proto@0x1044753ae] Rx - primary_channel_rx: baud_rate=0 high_carrier=1 carrier=1805.2Hz agc=0.00666 power=14 shaper_sets=640
FLOW [proto@0x1044753ae] Rx - primary_channel_rx: baud_rate=0 high_carrier=1 carrier=1805.2Hz agc=0.00666 power=3 shaper_sets=640
FLOW [proto@0x1044753ae] Rx - primary_channel_rx: baud_rate=0 high_carrier=1 carrier=1805.2Hz agc=0.00666 power=11 shaper_sets=640
FLOW [proto@0x1044753ae] Rx - primary_channel_rx: baud_rate=0 high_carrier=1 carrier=1805.2Hz agc=0.00666 power=10 shaper_sets=640
FLOW [proto@0x1044753ae] Rx - Phase 3 Ja capture: emitted 140544 bits using hyp=0
FLOW [proto@0x1044753ae] Rx - primary_channel_rx: baud_rate=0 high_carrier=1 carrier=1805.2Hz agc=0.00666 power=12 shaper_sets=640
FLOW [proto@0x1044753ae] Rx - primary_channel_rx: baud_rate=0 high_carrier=1 carrier=1805.2Hz agc=0.00666 power=0 shaper_sets=640
FLOW [proto@0x1044753ae] Rx - primary_channel_rx: baud_rate=0 high_carrier=1 carrier=1805.2Hz agc=0.00666 power=3 shaper_sets=640
FLOW [proto@0x1044753ae] Rx - Phase 3 WAIT_S heartbeat: dur=4352 demod=0 event=0 j_bits=140702 trn_bits=134070 trn_hint=0/75%
FLOW [proto@0x1044753ae] Rx - primary_channel_rx: baud_rate=0 high_carrier=1 carrier=1805.2Hz agc=0.00666 power=3 shaper_sets=640
FLOW [proto@0x1044753ae] Rx - Phase 3 TRN: best hyp=4 ones=46671/134144 (35%)
FLOW [proto@0x1044753ae] Rx - primary_channel_rx: baud_rate=0 high_carrier=1 carrier=1805.2Hz agc=0.00666 power=0 shaper_sets=640
FLOW [proto@0x1044753ae] Rx - Phase 3 Ja capture: emitted 140800 bits using hyp=0
FLOW [proto@0x1044753ae] Rx - primary_channel_rx: baud_rate=0 high_carrier=1 carrier=1805.2Hz agc=0.00666 power=5 shaper_sets=640
FLOW [proto@0x1044753ae] Rx - primary_channel_rx: baud_rate=0 high_carrier=1 carrier=1805.2Hz agc=0.00666 power=0 shaper_sets=640
FLOW [proto@0x1044753ae] Rx - primary_channel_rx: baud_rate=0 high_carrier=1 carrier=1805.2Hz agc=0.00666 power=0 shaper_sets=640
FLOW [proto@0x1044753ae] Rx - primary_channel_rx: baud_rate=0 high_carrier=1 carrier=1805.2Hz agc=0.00666 power=11 shaper_sets=640
FLOW [proto@0x1044753ae] Rx - primary_channel_rx: baud_rate=0 high_carrier=1 carrier=1805.2Hz agc=0.00666 power=0 shaper_sets=640
FLOW [proto@0x1044753ae] Rx - Phase 3 Ja capture: emitted 141056 bits using hyp=0
FLOW [proto@0x1044753ae] Rx - primary_channel_rx: baud_rate=0 high_carrier=1 carrier=1805.2Hz agc=0.00666 power=4 shaper_sets=640
FLOW [proto@0x1044753ae] Rx - primary_channel_rx: baud_rate=0 high_carrier=1 carrier=1805.2Hz agc=0.00666 power=4 shaper_sets=640
FLOW [proto@0x1044753ae] Rx - primary_channel_rx: baud_rate=0 high_carrier=1 carrier=1805.2Hz agc=0.00666 power=4 shaper_sets=640
FLOW [proto@0x1044753ae] Rx - Phase 3 WAIT_S heartbeat: dur=4608 demod=0 event=0 j_bits=141214 trn_bits=134582 trn_hint=0/75%
FLOW [proto@0x1044753ae] Rx - primary_channel_rx: baud_rate=0 high_carrier=1 carrier=1805.2Hz agc=0.00666 power=11 shaper_sets=640
FLOW [proto@0x1044753ae] Rx - primary_channel_rx: baud_rate=0 high_carrier=1 carrier=1805.2Hz agc=0.00666 power=5 shaper_sets=640
FLOW [proto@0x1044753ae] Rx - Phase 3 TRN: best hyp=4 ones=46924/134656 (35%)
FLOW [proto@0x1044753ae] Rx - primary_channel_rx: baud_rate=0 high_carrier=1 carrier=1805.2Hz agc=0.00666 power=13 shaper_sets=640
FLOW [proto@0x1044753ae] Rx - Phase 3 Ja parser input: hyp0 len=141312 bits (stage=10, need ~16340 to parse)
FLOW [proto@0x1044753ae] Rx - Phase 3 Ja capture: emitted 141312 bits using hyp=0
FLOW [proto@0x1044753ae] Rx - primary_channel_rx: baud_rate=0 high_carrier=1 carrier=1805.2Hz agc=0.00666 power=0 shaper_sets=640
FLOW [proto@0x1044753ae] Rx - primary_channel_rx: baud_rate=0 high_carrier=1 carrier=1805.2Hz agc=0.00666 power=0 shaper_sets=640
FLOW [proto@0x1044753ae] Rx - primary_channel_rx: baud_rate=0 high_carrier=1 carrier=1805.2Hz agc=0.00666 power=14 shaper_sets=640
FLOW [proto@0x1044753ae] Rx - primary_channel_rx: baud_rate=0 high_carrier=1 carrier=1805.2Hz agc=0.00666 power=5 shaper_sets=640
FLOW [proto@0x1044753ae] Rx - primary_channel_rx: baud_rate=0 high_carrier=1 carrier=1805.2Hz agc=0.00666 power=8 shaper_sets=640
FLOW [proto@0x1044753ae] Rx - Phase 3 Ja capture: emitted 141568 bits using hyp=0
FLOW [proto@0x1044753ae] Rx - primary_channel_rx: baud_rate=0 high_carrier=1 carrier=1805.2Hz agc=0.00666 power=4 shaper_sets=640
FLOW [proto@0x1044753ae] Rx - primary_channel_rx: baud_rate=0 high_carrier=1 carrier=1805.2Hz agc=0.00666 power=0 shaper_sets=640
FLOW [proto@0x1044753ae] Rx - primary_channel_rx: baud_rate=0 high_carrier=1 carrier=1805.2Hz agc=0.00666 power=1 shaper_sets=640
FLOW [proto@0x1044753ae] Rx - Phase 3 WAIT_S heartbeat: dur=4864 demod=0 event=0 j_bits=141726 trn_bits=135094 trn_hint=0/75%
FLOW [proto@0x1044753ae] Rx - primary_channel_rx: baud_rate=0 high_carrier=1 carrier=1805.2Hz agc=0.00666 power=11 shaper_sets=640
FLOW [proto@0x1044753ae] Rx - primary_channel_rx: baud_rate=0 high_carrier=1 carrier=1805.2Hz agc=0.00666 power=7 shaper_sets=640
FLOW [proto@0x1044753ae] Rx - Phase 3 TRN: best hyp=4 ones=47185/135168 (35%)
FLOW [proto@0x1044753ae] Rx - Phase 3 Ja capture: emitted 141824 bits using hyp=0
FLOW [proto@0x1044753ae] Rx - primary_channel_rx: baud_rate=0 high_carrier=1 carrier=1805.2Hz agc=0.00666 power=13 shaper_sets=640
FLOW [proto@0x1044753ae] Rx - primary_channel_rx: baud_rate=0 high_carrier=1 carrier=1805.2Hz agc=0.00666 power=0 shaper_sets=640
FLOW [proto@0x1044753ae] Rx - primary_channel_rx: baud_rate=0 high_carrier=1 carrier=1805.2Hz agc=0.00666 power=9 shaper_sets=640
FLOW [proto@0x1044753ae] Rx - primary_channel_rx: baud_rate=0 high_carrier=1 carrier=1805.2Hz agc=0.00666 power=10 shaper_sets=640
FLOW [proto@0x1044753ae] Rx - Phase 3 S baud 5000: mag=0.039 data_bits=3 alt=9/32 stable=0 dom=3:14/32 rev=0/32 counts=3,4,11,14
FLOW [proto@0x1044753ae] Rx - primary_channel_rx: baud_rate=0 high_carrier=1 carrier=1805.2Hz agc=0.00666 power=0 shaper_sets=640
FLOW [proto@0x1044753ae] Rx - primary_channel_rx: baud_rate=0 high_carrier=1 carrier=1805.2Hz agc=0.00666 power=1 shaper_sets=640
FLOW [proto@0x1044753ae] Rx - Phase 3 Ja capture: emitted 142080 bits using hyp=0
FLOW [proto@0x1044753ae] Rx - primary_channel_rx: baud_rate=0 high_carrier=1 carrier=1805.2Hz agc=0.00666 power=0 shaper_sets=640
FLOW [proto@0x1044753ae] Rx - primary_channel_rx: baud_rate=0 high_carrier=1 carrier=1805.2Hz agc=0.00666 power=6 shaper_sets=640
FLOW [proto@0x1044753ae] Rx - primary_channel_rx: baud_rate=0 high_carrier=1 carrier=1805.2Hz agc=0.00666 power=5 shaper_sets=640
FLOW [proto@0x1044753ae] Rx - Phase 3 WAIT_S heartbeat: dur=5120 demod=0 event=0 j_bits=142238 trn_bits=135606 trn_hint=0/75%
FLOW [proto@0x1044753ae] Rx - primary_channel_rx: baud_rate=0 high_carrier=1 carrier=1805.2Hz agc=0.00666 power=2 shaper_sets=640
FLOW [proto@0x1044753ae] Rx - Phase 3 TRN: best hyp=4 ones=47442/135680 (35%)
FLOW [proto@0x1044753ae] Rx - primary_channel_rx: baud_rate=0 high_carrier=1 carrier=1805.2Hz agc=0.00666 power=15 shaper_sets=640
FLOW [proto@0x1044753ae] Rx - Phase 3 Ja capture: emitted 142336 bits using hyp=0
FLOW [proto@0x1044753ae] Rx - primary_channel_rx: baud_rate=0 high_carrier=1 carrier=1805.2Hz agc=0.00666 power=3 shaper_sets=640
FLOW [proto@0x1044753ae] Rx - primary_channel_rx: baud_rate=0 high_carrier=1 carrier=1805.2Hz agc=0.00666 power=0 shaper_sets=640
FLOW [proto@0x1044753ae] Rx - primary_channel_rx: baud_rate=0 high_carrier=1 carrier=1805.2Hz agc=0.00666 power=6 shaper_sets=640
FLOW [proto@0x1044753ae] Rx - primary_channel_rx: baud_rate=0 high_carrier=1 carrier=1805.2Hz agc=0.00666 power=0 shaper_sets=640
FLOW [proto@0x1044753ae] Rx - primary_channel_rx: baud_rate=0 high_carrier=1 carrier=1805.2Hz agc=0.00666 power=0 shaper_sets=640
FLOW [proto@0x1044753ae] Rx - Phase 3 Ja capture: emitted 142592 bits using hyp=0
FLOW [proto@0x1044753ae] Rx - primary_channel_rx: baud_rate=0 high_carrier=1 carrier=1805.2Hz agc=0.00666 power=6 shaper_sets=640
FLOW [proto@0x1044753ae] Rx - primary_channel_rx: baud_rate=0 high_carrier=1 carrier=1805.2Hz agc=0.00666 power=3 shaper_sets=640
FLOW [proto@0x1044753ae] Rx - primary_channel_rx: baud_rate=0 high_carrier=1 carrier=1805.2Hz agc=0.00666 power=0 shaper_sets=640
FLOW [proto@0x1044753ae] Rx - Phase 3 WAIT_S heartbeat: dur=5376 demod=0 event=0 j_bits=142750 trn_bits=136118 trn_hint=0/75%
FLOW [proto@0x1044753ae] Rx - primary_channel_rx: baud_rate=0 high_carrier=1 carrier=1805.2Hz agc=0.00666 power=7 shaper_sets=640
FLOW [proto@0x1044753ae] Rx - primary_channel_rx: baud_rate=0 high_carrier=1 carrier=1805.2Hz agc=0.00666 power=0 shaper_sets=640
FLOW [proto@0x1044753ae] Rx - Phase 3 TRN: best hyp=4 ones=47700/136192 (35%)
FLOW [proto@0x1044753ae] Rx - primary_channel_rx: baud_rate=0 high_carrier=1 carrier=1805.2Hz agc=0.00666 power=9 shaper_sets=640
FLOW [proto@0x1044753ae] Rx - Phase 3 Ja capture: emitted 142848 bits using hyp=0
FLOW [proto@0x1044753ae] Rx - primary_channel_rx: baud_rate=0 high_carrier=1 carrier=1805.2Hz agc=0.00666 power=14 shaper_sets=640
FLOW [proto@0x1044753ae] Rx - primary_channel_rx: baud_rate=0 high_carrier=1 carrier=1805.2Hz agc=0.00666 power=4 shaper_sets=640
FLOW [proto@0x1044753ae] Rx - primary_channel_rx: baud_rate=0 high_carrier=1 carrier=1805.2Hz agc=0.00666 power=4 shaper_sets=640
FLOW [proto@0x1044753ae] Rx - primary_channel_rx: baud_rate=0 high_carrier=1 carrier=1805.2Hz agc=0.00666 power=4 shaper_sets=640
FLOW [proto@0x1044753ae] Rx - primary_channel_rx: baud_rate=0 high_carrier=1 carrier=1805.2Hz agc=0.00666 power=0 shaper_sets=640
FLOW [proto@0x1044753ae] Rx - Phase 3 Ja capture: emitted 143104 bits using hyp=0
FLOW [proto@0x1044753ae] Rx - primary_channel_rx: baud_rate=0 high_carrier=1 carrier=1805.2Hz agc=0.00666 power=3 shaper_sets=640
FLOW [proto@0x1044753ae] Rx - primary_channel_rx: baud_rate=0 high_carrier=1 carrier=1805.2Hz agc=0.00666 power=14 shaper_sets=640
FLOW [proto@0x1044753ae] Rx - primary_channel_rx: baud_rate=0 high_carrier=1 carrier=1805.2Hz agc=0.00666 power=3 shaper_sets=640
FLOW [proto@0x1044753ae] Rx - Phase 3 WAIT_S heartbeat: dur=5632 demod=0 event=0 j_bits=143262 trn_bits=136630 trn_hint=0/75%
FLOW [proto@0x1044753ae] Rx - primary_channel_rx: baud_rate=0 high_carrier=1 carrier=1805.2Hz agc=0.00666 power=10 shaper_sets=640
FLOW [proto@0x1044753ae] Rx - primary_channel_rx: baud_rate=0 high_carrier=1 carrier=1805.2Hz agc=0.00666 power=6 shaper_sets=640
FLOW [proto@0x1044753ae] Rx - Phase 3 TRN: best hyp=4 ones=47961/136704 (35%)
FLOW [proto@0x1044753ae] Rx - Phase 3 Ja parser input: hyp0 len=143360 bits (stage=10, need ~16340 to parse)
FLOW [proto@0x1044753ae] Rx - Phase 3 Ja capture: emitted 143360 bits using hyp=0
FLOW [proto@0x1044753ae] Rx - primary_channel_rx: baud_rate=0 high_carrier=1 carrier=1805.2Hz agc=0.00666 power=0 shaper_sets=640
FLOW [proto@0x1044753ae] Rx - primary_channel_rx: baud_rate=0 high_carrier=1 carrier=1805.2Hz agc=0.00666 power=4 shaper_sets=640
FLOW [proto@0x1044753ae] Rx - primary_channel_rx: baud_rate=0 high_carrier=1 carrier=1805.2Hz agc=0.00666 power=0 shaper_sets=640
FLOW [proto@0x1044753ae] Rx - primary_channel_rx: baud_rate=0 high_carrier=1 carrier=1805.2Hz agc=0.00666 power=3 shaper_sets=640
FLOW [proto@0x1044753ae] Rx - primary_channel_rx: baud_rate=0 high_carrier=1 carrier=1805.2Hz agc=0.00666 power=0 shaper_sets=640
FLOW [proto@0x1044753ae] Rx - primary_channel_rx: baud_rate=0 high_carrier=1 carrier=1805.2Hz agc=0.00666 power=0 shaper_sets=640
FLOW [proto@0x1044753ae] Rx - Phase 3 Ja capture: emitted 143616 bits using hyp=0
FLOW [proto@0x1044753ae] Rx - primary_channel_rx: baud_rate=0 high_carrier=1 carrier=1805.2Hz agc=0.00666 power=9 shaper_sets=640
FLOW [proto@0x1044753ae] Rx - primary_channel_rx: baud_rate=0 high_carrier=1 carrier=1805.2Hz agc=0.00666 power=7 shaper_sets=640
FLOW [proto@0x1044753ae] Rx - primary_channel_rx: baud_rate=0 high_carrier=1 carrier=1805.2Hz agc=0.00666 power=15 shaper_sets=640
FLOW [proto@0x1044753ae] Rx - Phase 3 WAIT_S heartbeat: dur=5888 demod=0 event=0 j_bits=143774 trn_bits=137142 trn_hint=0/75%
FLOW [proto@0x1044753ae] Rx - primary_channel_rx: baud_rate=0 high_carrier=1 carrier=1805.2Hz agc=0.00666 power=4 shaper_sets=640
FLOW [proto@0x1044753ae] Rx - Phase 3 TRN: best hyp=4 ones=48220/137216 (35%)
FLOW [proto@0x1044753ae] Rx - primary_channel_rx: baud_rate=0 high_carrier=1 carrier=1805.2Hz agc=0.00666 power=6 shaper_sets=640
FLOW [proto@0x1044753ae] Rx - Phase 3 Ja capture: emitted 143872 bits using hyp=0
FLOW [proto@0x1044753ae] Rx - primary_channel_rx: baud_rate=0 high_carrier=1 carrier=1805.2Hz agc=0.00666 power=0 shaper_sets=640
FLOW [proto@0x1044753ae] Rx - primary_channel_rx: baud_rate=0 high_carrier=1 carrier=1805.2Hz agc=0.00666 power=7 shaper_sets=640
FLOW [proto@0x1044753ae] Rx - Phase 3 S baud 6000: mag=0.020 data_bits=3 alt=4/32 stable=0 dom=3:12/32 rev=0/32 counts=6,7,7,12
FLOW [proto@0x1044753ae] Rx - Phase 3: S detect timeout (6000 bauds, alt=4/32 rev=0/32, j_bits=144000 trn_bits=137368 trn_hint=0/75%), continuing search
FLOW [proto@0x1044753ae] Rx - primary_channel_rx: baud_rate=0 high_carrier=1 carrier=1805.2Hz agc=0.00666 power=9 shaper_sets=640
FLOW [proto@0x1044753ae] Rx - Phase 3 WAIT_S heartbeat: dur=1 demod=0 event=0 j_bits=144000 trn_bits=137368 trn_hint=0/75%
FLOW [proto@0x1044753ae] Rx - Phase 3 S baud 1: mag=0.023 data_bits=2 alt=0/32 stable=0 dom=2:1/32 rev=0/32 counts=0,0,1,0
FLOW [proto@0x1044753ae] Rx - Phase 3 S baud 2: mag=0.039 data_bits=0 alt=0/32 stable=0 dom=0:1/32 rev=0/32 counts=1,0,1,0
FLOW [proto@0x1044753ae] Rx - Phase 3 S baud 3: mag=0.047 data_bits=1 alt=0/32 stable=0 dom=0:1/32 rev=0/32 counts=1,1,1,0
FLOW [proto@0x1044753ae] Rx - Phase 3 S baud 4: mag=0.013 data_bits=2 alt=0/32 stable=0 dom=2:2/32 rev=0/32 counts=1,1,2,0
FLOW [proto@0x1044753ae] Rx - primary_channel_rx: baud_rate=0 high_carrier=1 carrier=1805.2Hz agc=0.00666 power=3 shaper_sets=640
FLOW [proto@0x1044753ae] Rx - primary_channel_rx: baud_rate=0 high_carrier=1 carrier=1805.2Hz agc=0.00666 power=0 shaper_sets=640
FLOW [proto@0x1044753ae] Rx - Phase 3 Ja capture: emitted 144128 bits using hyp=0
FLOW [proto@0x1044753ae] Rx - primary_channel_rx: baud_rate=0 high_carrier=1 carrier=1805.2Hz agc=0.00666 power=4 shaper_sets=640
FLOW [proto@0x1044753ae] Rx - primary_channel_rx: baud_rate=0 high_carrier=1 carrier=1805.2Hz agc=0.00666 power=8 shaper_sets=640
FLOW [proto@0x1044753ae] Rx - primary_channel_rx: baud_rate=0 high_carrier=1 carrier=1805.2Hz agc=0.00666 power=14 shaper_sets=640
FLOW [proto@0x1044753ae] Rx - primary_channel_rx: baud_rate=0 high_carrier=1 carrier=1805.2Hz agc=0.00666 power=0 shaper_sets=640
FLOW [proto@0x1044753ae] Rx - primary_channel_rx: baud_rate=0 high_carrier=1 carrier=1805.2Hz agc=0.00666 power=0 shaper_sets=640
FLOW [proto@0x1044753ae] Rx - primary_channel_rx: baud_rate=0 high_carrier=1 carrier=1805.2Hz agc=0.00666 power=5 shaper_sets=640
FLOW [proto@0x1044753ae] Rx - Phase 3 Ja capture: emitted 144384 bits using hyp=0
FLOW [proto@0x1044753ae] Rx - primary_channel_rx: baud_rate=0 high_carrier=1 carrier=1805.2Hz agc=0.00666 power=12 shaper_sets=640
FLOW [proto@0x1044753ae] Rx - primary_channel_rx: baud_rate=0 high_carrier=1 carrier=1805.2Hz agc=0.00666 power=0 shaper_sets=640
FLOW [proto@0x1044753ae] Rx - Phase 3 WAIT_S heartbeat: dur=256 demod=0 event=0 j_bits=144510 trn_bits=137368 trn_hint=0/75%
FLOW [proto@0x1044753ae] Rx - primary_channel_rx: baud_rate=0 high_carrier=1 carrier=1805.2Hz agc=0.00666 power=7 shaper_sets=640
FLOW [proto@0x1044753ae] Rx - primary_channel_rx: baud_rate=0 high_carrier=1 carrier=1805.2Hz agc=0.00666 power=0 shaper_sets=640
FLOW [proto@0x1044753ae] Rx - primary_channel_rx: baud_rate=0 high_carrier=1 carrier=1805.2Hz agc=0.00666 power=3 shaper_sets=640
FLOW [proto@0x1044753ae] Rx - Phase 3 Ja capture: emitted 144640 bits using hyp=0
FLOW [proto@0x1044753ae] Rx - primary_channel_rx: baud_rate=0 high_carrier=1 carrier=1805.2Hz agc=0.00666 power=0 shaper_sets=640
FLOW [proto@0x1044753ae] Rx - primary_channel_rx: baud_rate=0 high_carrier=1 carrier=1805.2Hz agc=0.00666 power=9 shaper_sets=640
FLOW [proto@0x1044753ae] Rx - primary_channel_rx: baud_rate=0 high_carrier=1 carrier=1805.2Hz agc=0.00666 power=7 shaper_sets=640
FLOW [proto@0x1044753ae] Rx - primary_channel_rx: baud_rate=0 high_carrier=1 carrier=1805.2Hz agc=0.00666 power=14 shaper_sets=640
FLOW [proto@0x1044753ae] Rx - primary_channel_rx: baud_rate=0 high_carrier=1 carrier=1805.2Hz agc=0.00666 power=12 shaper_sets=640
FLOW [proto@0x1044753ae] Rx - Phase 3 TRN: best hyp=4 ones=48480/137728 (35%)
FLOW [proto@0x1044753ae] Rx - Phase 3 Ja capture: emitted 144896 bits using hyp=0
FLOW [proto@0x1044753ae] Rx - primary_channel_rx: baud_rate=0 high_carrier=1 carrier=1805.2Hz agc=0.00666 power=7 shaper_sets=640
FLOW [proto@0x1044753ae] Rx - primary_channel_rx: baud_rate=0 high_carrier=1 carrier=1805.2Hz agc=0.00666 power=7 shaper_sets=640
FLOW [proto@0x1044753ae] Rx - primary_channel_rx: baud_rate=0 high_carrier=1 carrier=1805.2Hz agc=0.00666 power=4 shaper_sets=640
FLOW [proto@0x1044753ae] Rx - Phase 3 WAIT_S heartbeat: dur=512 demod=0 event=0 j_bits=145022 trn_bits=137880 trn_hint=0/75%
FLOW [proto@0x1044753ae] Rx - primary_channel_rx: baud_rate=0 high_carrier=1 carrier=1805.2Hz agc=0.00666 power=3 shaper_sets=640
FLOW [proto@0x1044753ae] Rx - primary_channel_rx: baud_rate=0 high_carrier=1 carrier=1805.2Hz agc=0.00666 power=4 shaper_sets=640
FLOW [proto@0x1044753ae] Rx - primary_channel_rx: baud_rate=0 high_carrier=1 carrier=1805.2Hz agc=0.00666 power=0 shaper_sets=640
FLOW [proto@0x1044753ae] Rx - Phase 3 Ja capture: emitted 145152 bits using hyp=0
FLOW [proto@0x1044753ae] Rx - primary_channel_rx: baud_rate=0 high_carrier=1 carrier=1805.2Hz agc=0.00666 power=4 shaper_sets=640
FLOW [proto@0x1044753ae] Rx - primary_channel_rx: baud_rate=0 high_carrier=1 carrier=1805.2Hz agc=0.00666 power=15 shaper_sets=640
FLOW [proto@0x1044753ae] Rx - primary_channel_rx: baud_rate=0 high_carrier=1 carrier=1805.2Hz agc=0.00666 power=4 shaper_sets=640
FLOW [proto@0x1044753ae] Rx - primary_channel_rx: baud_rate=0 high_carrier=1 carrier=1805.2Hz agc=0.00666 power=0 shaper_sets=640
FLOW [proto@0x1044753ae] Rx - Phase 3 TRN: best hyp=4 ones=48730/138240 (35%)
FLOW [proto@0x1044753ae] Rx - primary_channel_rx: baud_rate=0 high_carrier=1 carrier=1805.2Hz agc=0.00666 power=5 shaper_sets=640
FLOW [proto@0x1044753ae] Rx - Phase 3 Ja parser input: hyp0 len=145408 bits (stage=10, need ~16340 to parse)
FLOW [proto@0x1044753ae] Rx - Phase 3 Ja capture: emitted 145408 bits using hyp=0
FLOW [proto@0x1044753ae] Rx - primary_channel_rx: baud_rate=0 high_carrier=1 carrier=1805.2Hz agc=0.00666 power=0 shaper_sets=640
FLOW [proto@0x1044753ae] Rx - primary_channel_rx: baud_rate=0 high_carrier=1 carrier=1805.2Hz agc=0.00666 power=0 shaper_sets=640
FLOW [proto@0x1044753ae] Rx - Phase 3 WAIT_S heartbeat: dur=768 demod=0 event=0 j_bits=145534 trn_bits=138392 trn_hint=0/75%
FLOW [proto@0x1044753ae] Rx - primary_channel_rx: baud_rate=0 high_carrier=1 carrier=1805.2Hz agc=0.00666 power=14 shaper_sets=640
FLOW [proto@0x1044753ae] Rx - primary_channel_rx: baud_rate=0 high_carrier=1 carrier=1805.2Hz agc=0.00666 power=11 shaper_sets=640
FLOW [proto@0x1044753ae] Rx - primary_channel_rx: baud_rate=0 high_carrier=1 carrier=1805.2Hz agc=0.00666 power=7 shaper_sets=640
FLOW [proto@0x1044753ae] Rx - Phase 3 Ja capture: emitted 145664 bits using hyp=0
FLOW [proto@0x1044753ae] Rx - primary_channel_rx: baud_rate=0 high_carrier=1 carrier=1805.2Hz agc=0.00666 power=3 shaper_sets=640
FLOW [proto@0x1044753ae] Rx - primary_channel_rx: baud_rate=0 high_carrier=1 carrier=1805.2Hz agc=0.00666 power=0 shaper_sets=640
FLOW [proto@0x1044753ae] Rx - primary_channel_rx: baud_rate=0 high_carrier=1 carrier=1805.2Hz agc=0.00666 power=0 shaper_sets=640
FLOW [proto@0x1044753ae] Rx - primary_channel_rx: baud_rate=0 high_carrier=1 carrier=1805.2Hz agc=0.00666 power=0 shaper_sets=640
FLOW [proto@0x1044753ae] Rx - primary_channel_rx: baud_rate=0 high_carrier=1 carrier=1805.2Hz agc=0.00666 power=6 shaper_sets=640
FLOW [proto@0x1044753ae] Rx - Phase 3 TRN: best hyp=4 ones=48979/138752 (35%)
FLOW [proto@0x1044753ae] Rx - primary_channel_rx: baud_rate=0 high_carrier=1 carrier=1805.2Hz agc=0.00666 power=12 shaper_sets=640
FLOW [proto@0x1044753ae] Rx - Phase 3 Ja capture: emitted 145920 bits using hyp=0
FLOW [proto@0x1044753ae] Rx - primary_channel_rx: baud_rate=0 high_carrier=1 carrier=1805.2Hz agc=0.00666 power=7 shaper_sets=640
FLOW [proto@0x1044753ae] Rx - Phase 3 S baud 1000: mag=0.021 data_bits=0 alt=5/32 stable=0 dom=3:11/32 rev=0/32 counts=8,4,9,11
FLOW [proto@0x1044753ae] Rx - primary_channel_rx: baud_rate=0 high_carrier=1 carrier=1805.2Hz agc=0.00666 power=8 shaper_sets=640
FLOW [proto@0x1044753ae] Rx - Phase 3 WAIT_S heartbeat: dur=1024 demod=0 event=0 j_bits=146046 trn_bits=138904 trn_hint=0/75%
FLOW [proto@0x1044753ae] Rx - primary_channel_rx: baud_rate=0 high_carrier=1 carrier=1805.2Hz agc=0.00666 power=0 shaper_sets=640
FLOW [proto@0x1044753ae] Rx - primary_channel_rx: baud_rate=0 high_carrier=1 carrier=1805.2Hz agc=0.00666 power=5 shaper_sets=640
FLOW [proto@0x1044753ae] Rx - primary_channel_rx: baud_rate=0 high_carrier=1 carrier=1805.2Hz agc=0.00666 power=4 shaper_sets=640
FLOW [proto@0x1044753ae] Rx - Phase 3 Ja capture: emitted 146176 bits using hyp=0
FLOW [proto@0x1044753ae] Rx - primary_channel_rx: baud_rate=0 high_carrier=1 carrier=1805.2Hz agc=0.00666 power=7 shaper_sets=640
FLOW [proto@0x1044753ae] Rx - primary_channel_rx: baud_rate=0 high_carrier=1 carrier=1805.2Hz agc=0.00666 power=14 shaper_sets=640
FLOW [proto@0x1044753ae] Rx - primary_channel_rx: baud_rate=0 high_carrier=1 carrier=1805.2Hz agc=0.00666 power=8 shaper_sets=640
FLOW [proto@0x1044753ae] Rx - primary_channel_rx: baud_rate=0 high_carrier=1 carrier=1805.2Hz agc=0.00666 power=0 shaper_sets=640
FLOW [proto@0x1044753ae] Rx - primary_channel_rx: baud_rate=0 high_carrier=1 carrier=1805.2Hz agc=0.00666 power=7 shaper_sets=640
FLOW [proto@0x1044753ae] Rx - Phase 3 TRN: best hyp=4 ones=49244/139264 (35%)
FLOW [proto@0x1044753ae] Rx - Phase 3 Ja capture: emitted 146432 bits using hyp=0
FLOW [proto@0x1044753ae] Rx - primary_channel_rx: baud_rate=0 high_carrier=1 carrier=1805.2Hz agc=0.00666 power=0 shaper_sets=640
FLOW [proto@0x1044753ae] Rx - primary_channel_rx: baud_rate=0 high_carrier=1 carrier=1805.2Hz agc=0.00666 power=0 shaper_sets=640
FLOW [proto@0x1044753ae] Rx - primary_channel_rx: baud_rate=0 high_carrier=1 carrier=1805.2Hz agc=0.00666 power=5 shaper_sets=640
FLOW [proto@0x1044753ae] Rx - Phase 3 WAIT_S heartbeat: dur=1280 demod=0 event=0 j_bits=146558 trn_bits=139416 trn_hint=0/75%
FLOW [proto@0x1044753ae] Rx - primary_channel_rx: baud_rate=0 high_carrier=1 carrier=1805.2Hz agc=0.00666 power=0 shaper_sets=640
FLOW [proto@0x1044753ae] Rx - primary_channel_rx: baud_rate=0 high_carrier=1 carrier=1805.2Hz agc=0.00666 power=3 shaper_sets=640
FLOW [proto@0x1044753ae] Rx - primary_channel_rx: baud_rate=0 high_carrier=1 carrier=1805.2Hz agc=0.00666 power=9 shaper_sets=640
FLOW [proto@0x1044753ae] Rx - Phase 3 Ja capture: emitted 146688 bits using hyp=0
FLOW [proto@0x1044753ae] Rx - primary_channel_rx: baud_rate=0 high_carrier=1 carrier=1805.2Hz agc=0.00666 power=7 shaper_sets=640
FLOW [proto@0x1044753ae] Rx - primary_channel_rx: baud_rate=0 high_carrier=1 carrier=1805.2Hz agc=0.00666 power=8 shaper_sets=640
FLOW [proto@0x1044753ae] Rx - primary_channel_rx: baud_rate=0 high_carrier=1 carrier=1805.2Hz agc=0.00666 power=13 shaper_sets=640
FLOW [proto@0x1044753ae] Rx - primary_channel_rx: baud_rate=0 high_carrier=1 carrier=1805.2Hz agc=0.00666 power=0 shaper_sets=640
FLOW [proto@0x1044753ae] Rx - Phase 3 TRN: best hyp=4 ones=49488/139776 (35%)
FLOW [proto@0x1044753ae] Rx - primary_channel_rx: baud_rate=0 high_carrier=1 carrier=1805.2Hz agc=0.00666 power=0 shaper_sets=640
FLOW [proto@0x1044753ae] Rx - Phase 3 Ja capture: emitted 146944 bits using hyp=0
FLOW [proto@0x1044753ae] Rx - primary_channel_rx: baud_rate=0 high_carrier=1 carrier=1805.2Hz agc=0.00666 power=1 shaper_sets=640
FLOW [proto@0x1044753ae] Rx - primary_channel_rx: baud_rate=0 high_carrier=1 carrier=1805.2Hz agc=0.00666 power=4 shaper_sets=640
FLOW [proto@0x1044753ae] Rx - Phase 3 WAIT_S heartbeat: dur=1536 demod=0 event=0 j_bits=147070 trn_bits=139928 trn_hint=0/75%
FLOW [proto@0x1044753ae] Rx - primary_channel_rx: baud_rate=0 high_carrier=1 carrier=1805.2Hz agc=0.00666 power=5 shaper_sets=640
FLOW [proto@0x1044753ae] Rx - primary_channel_rx: baud_rate=0 high_carrier=1 carrier=1805.2Hz agc=0.00666 power=0 shaper_sets=640
FLOW [proto@0x1044753ae] Rx - primary_channel_rx: baud_rate=0 high_carrier=1 carrier=1805.2Hz agc=0.00666 power=15 shaper_sets=640
FLOW [proto@0x1044753ae] Rx - Phase 3 Ja capture: emitted 147200 bits using hyp=0
FLOW [proto@0x1044753ae] Rx - primary_channel_rx: baud_rate=0 high_carrier=1 carrier=1805.2Hz agc=0.00666 power=0 shaper_sets=640
FLOW [proto@0x1044753ae] Rx - primary_channel_rx: baud_rate=0 high_carrier=1 carrier=1805.2Hz agc=0.00666 power=0 shaper_sets=640
FLOW [proto@0x1044753ae] Rx - primary_channel_rx: baud_rate=0 high_carrier=1 carrier=1805.2Hz agc=0.00666 power=1 shaper_sets=640
FLOW [proto@0x1044753ae] Rx - primary_channel_rx: baud_rate=0 high_carrier=1 carrier=1805.2Hz agc=0.00666 power=2 shaper_sets=640
FLOW [proto@0x1044753ae] Rx - primary_channel_rx: baud_rate=0 high_carrier=1 carrier=1805.2Hz agc=0.00666 power=5 shaper_sets=640
FLOW [proto@0x1044753ae] Rx - Phase 3 TRN: best hyp=4 ones=49731/140288 (35%)
FLOW [proto@0x1044753ae] Rx - primary_channel_rx: baud_rate=0 high_carrier=1 carrier=1805.2Hz agc=0.00666 power=2 shaper_sets=640
FLOW [proto@0x1044753ae] Rx - Phase 3 Ja parser input: hyp0 len=147456 bits (stage=10, need ~16340 to parse)
FLOW [proto@0x1044753ae] Rx - Phase 3 Ja capture: emitted 147456 bits using hyp=0
FLOW [proto@0x1044753ae] Rx - primary_channel_rx: baud_rate=0 high_carrier=1 carrier=1805.2Hz agc=0.00666 power=4 shaper_sets=640
FLOW [proto@0x1044753ae] Rx - primary_channel_rx: baud_rate=0 high_carrier=1 carrier=1805.2Hz agc=0.00666 power=0 shaper_sets=640
FLOW [proto@0x1044753ae] Rx - Phase 3 WAIT_S heartbeat: dur=1792 demod=0 event=0 j_bits=147582 trn_bits=140440 trn_hint=0/75%
FLOW [proto@0x1044753ae] Rx - primary_channel_rx: baud_rate=0 high_carrier=1 carrier=1805.2Hz agc=0.00666 power=7 shaper_sets=640
FLOW [proto@0x1044753ae] Rx - primary_channel_rx: baud_rate=0 high_carrier=1 carrier=1805.2Hz agc=0.00666 power=0 shaper_sets=640
FLOW [proto@0x1044753ae] Rx - primary_channel_rx: baud_rate=0 high_carrier=1 carrier=1805.2Hz agc=0.00666 power=0 shaper_sets=640
FLOW [proto@0x1044753ae] Rx - Phase 3 Ja capture: emitted 147712 bits using hyp=0
FLOW [proto@0x1044753ae] Rx - primary_channel_rx: baud_rate=0 high_carrier=1 carrier=1805.2Hz agc=0.00666 power=1 shaper_sets=640
FLOW [proto@0x1044753ae] Rx - primary_channel_rx: baud_rate=0 high_carrier=1 carrier=1805.2Hz agc=0.00666 power=2 shaper_sets=640
FLOW [proto@0x1044753ae] Rx - primary_channel_rx: baud_rate=0 high_carrier=1 carrier=1805.2Hz agc=0.00666 power=2 shaper_sets=640
FLOW [proto@0x1044753ae] Rx - primary_channel_rx: baud_rate=0 high_carrier=1 carrier=1805.2Hz agc=0.00666 power=10 shaper_sets=640
FLOW [proto@0x1044753ae] Rx - primary_channel_rx: baud_rate=0 high_carrier=1 carrier=1805.2Hz agc=0.00666 power=3 shaper_sets=640
FLOW [proto@0x1044753ae] Rx - Phase 3 TRN: best hyp=23 ones=50006/140800 (36%)
FLOW [proto@0x1044753ae] Rx - Phase 3 Ja capture: emitted 147968 bits using hyp=0
FLOW [proto@0x1044753ae] Rx - primary_channel_rx: baud_rate=0 high_carrier=1 carrier=1805.2Hz agc=0.00666 power=2 shaper_sets=640
FLOW [proto@0x1044753ae] Rx - Phase 3 S baud 2000: mag=0.020 data_bits=3 alt=3/32 stable=0 dom=3:15/32 rev=0/32 counts=4,5,8,15
FLOW [proto@0x1044753ae] Rx - primary_channel_rx: baud_rate=0 high_carrier=1 carrier=1805.2Hz agc=0.00666 power=6 shaper_sets=640
FLOW [proto@0x1044753ae] Rx - primary_channel_rx: baud_rate=0 high_carrier=1 carrier=1805.2Hz agc=0.00666 power=12 shaper_sets=640
FLOW [proto@0x1044753ae] Rx - Phase 3 WAIT_S heartbeat: dur=2048 demod=0 event=0 j_bits=148094 trn_bits=140952 trn_hint=0/75%
FLOW [proto@0x1044753ae] Rx - primary_channel_rx: baud_rate=0 high_carrier=1 carrier=1805.2Hz agc=0.00666 power=14 shaper_sets=640
FLOW [proto@0x1044753ae] Rx - primary_channel_rx: baud_rate=0 high_carrier=1 carrier=1805.2Hz agc=0.00666 power=1 shaper_sets=640
FLOW [proto@0x1044753ae] Rx - primary_channel_rx: baud_rate=0 high_carrier=1 carrier=1805.2Hz agc=0.00666 power=0 shaper_sets=640
FLOW [proto@0x1044753ae] Rx - Phase 3 Ja capture: emitted 148224 bits using hyp=0
FLOW [proto@0x1044753ae] Rx - primary_channel_rx: baud_rate=0 high_carrier=1 carrier=1805.2Hz agc=0.00666 power=7 shaper_sets=640
FLOW [proto@0x1044753ae] Rx - primary_channel_rx: baud_rate=0 high_carrier=1 carrier=1805.2Hz agc=0.00666 power=0 shaper_sets=640
FLOW [proto@0x1044753ae] Rx - primary_channel_rx: baud_rate=0 high_carrier=1 carrier=1805.2Hz agc=0.00666 power=0 shaper_sets=640
FLOW [proto@0x1044753ae] Rx - primary_channel_rx: baud_rate=0 high_carrier=1 carrier=1805.2Hz agc=0.00666 power=4 shaper_sets=640
FLOW [proto@0x1044753ae] Rx - Phase 3 TRN: best hyp=23 ones=50270/141312 (36%)
FLOW [proto@0x1044753ae] Rx - primary_channel_rx: baud_rate=0 high_carrier=1 carrier=1805.2Hz agc=0.00666 power=17 shaper_sets=640
FLOW [proto@0x1044753ae] Rx - Phase 3 Ja capture: emitted 148480 bits using hyp=0
FLOW [proto@0x1044753ae] Rx - primary_channel_rx: baud_rate=0 high_carrier=1 carrier=1805.2Hz agc=0.00666 power=3 shaper_sets=640
FLOW [proto@0x1044753ae] Rx - primary_channel_rx: baud_rate=0 high_carrier=1 carrier=1805.2Hz agc=0.00666 power=7 shaper_sets=640
FLOW [proto@0x1044753ae] Rx - Phase 3 WAIT_S heartbeat: dur=2304 demod=0 event=0 j_bits=148606 trn_bits=141464 trn_hint=0/75%
FLOW [proto@0x1044753ae] Rx - primary_channel_rx: baud_rate=0 high_carrier=1 carrier=1805.2Hz agc=0.00666 power=0 shaper_sets=640
FLOW [proto@0x1044753ae] Rx - primary_channel_rx: baud_rate=0 high_carrier=1 carrier=1805.2Hz agc=0.00666 power=3 shaper_sets=640
FLOW [proto@0x1044753ae] Rx - primary_channel_rx: baud_rate=0 high_carrier=1 carrier=1805.2Hz agc=0.00666 power=0 shaper_sets=640
FLOW [proto@0x1044753ae] Rx - Phase 3 Ja capture: emitted 148736 bits using hyp=0
FLOW [proto@0x1044753ae] Rx - primary_channel_rx: baud_rate=0 high_carrier=1 carrier=1805.2Hz agc=0.00666 power=2 shaper_sets=640
FLOW [proto@0x1044753ae] Rx - primary_channel_rx: baud_rate=0 high_carrier=1 carrier=1805.2Hz agc=0.00666 power=4 shaper_sets=640
FLOW [proto@0x1044753ae] Rx - primary_channel_rx: baud_rate=0 high_carrier=1 carrier=1805.2Hz agc=0.00666 power=8 shaper_sets=640
FLOW [proto@0x1044753ae] Rx - primary_channel_rx: baud_rate=0 high_carrier=1 carrier=1805.2Hz agc=0.00666 power=16 shaper_sets=640
FLOW [proto@0x1044753ae] Rx - primary_channel_rx: baud_rate=0 high_carrier=1 carrier=1805.2Hz agc=0.00666 power=0 shaper_sets=640
FLOW [proto@0x1044753ae] Rx - Phase 3 TRN: best hyp=23 ones=50526/141824 (36%)
FLOW [proto@0x1044753ae] Rx - primary_channel_rx: baud_rate=0 high_carrier=1 carrier=1805.2Hz agc=0.00666 power=0 shaper_sets=640
FLOW [proto@0x1044753ae] Rx - Phase 3 Ja capture: emitted 148992 bits using hyp=0
FLOW [proto@0x1044753ae] Rx - primary_channel_rx: baud_rate=0 high_carrier=1 carrier=1805.2Hz agc=0.00666 power=6 shaper_sets=640
FLOW [proto@0x1044753ae] Rx - primary_channel_rx: baud_rate=0 high_carrier=1 carrier=1805.2Hz agc=0.00666 power=6 shaper_sets=640
FLOW [proto@0x1044753ae] Rx - Phase 3 WAIT_S heartbeat: dur=2560 demod=0 event=0 j_bits=149118 trn_bits=141976 trn_hint=0/75%
FLOW [proto@0x1044753ae] Rx - primary_channel_rx: baud_rate=0 high_carrier=1 carrier=1805.2Hz agc=0.00666 power=8 shaper_sets=640
FLOW [proto@0x1044753ae] Rx - primary_channel_rx: baud_rate=0 high_carrier=1 carrier=1805.2Hz agc=0.00666 power=11 shaper_sets=640
FLOW [proto@0x1044753ae] Rx - primary_channel_rx: baud_rate=0 high_carrier=1 carrier=1805.2Hz agc=0.00666 power=5 shaper_sets=640
FLOW [proto@0x1044753ae] Rx - Phase 3 Ja capture: emitted 149248 bits using hyp=0
FLOW [proto@0x1044753ae] Rx - primary_channel_rx: baud_rate=0 high_carrier=1 carrier=1805.2Hz agc=0.00666 power=0 shaper_sets=640
FLOW [proto@0x1044753ae] Rx - primary_channel_rx: baud_rate=0 high_carrier=1 carrier=1805.2Hz agc=0.00666 power=0 shaper_sets=640
FLOW [proto@0x1044753ae] Rx - primary_channel_rx: baud_rate=0 high_carrier=1 carrier=1805.2Hz agc=0.00666 power=0 shaper_sets=640
FLOW [proto@0x1044753ae] Rx - primary_channel_rx: baud_rate=0 high_carrier=1 carrier=1805.2Hz agc=0.00666 power=1 shaper_sets=640
FLOW [proto@0x1044753ae] Rx - primary_channel_rx: baud_rate=0 high_carrier=1 carrier=1805.2Hz agc=0.00666 power=2 shaper_sets=640
FLOW [proto@0x1044753ae] Rx - Phase 3 TRN: best hyp=23 ones=50763/142336 (36%)
FLOW [proto@0x1044753ae] Rx - Phase 3 Ja parser input: hyp0 len=149504 bits (stage=10, need ~16340 to parse)
FLOW [proto@0x1044753ae] Rx - Phase 3 Ja capture: emitted 149504 bits using hyp=0
FLOW [proto@0x1044753ae] Rx - primary_channel_rx: baud_rate=0 high_carrier=1 carrier=1805.2Hz agc=0.00666 power=19 shaper_sets=640
FLOW [proto@0x1044753ae] Rx - primary_channel_rx: baud_rate=0 high_carrier=1 carrier=1805.2Hz agc=0.00666 power=1 shaper_sets=640
FLOW [proto@0x1044753ae] Rx - primary_channel_rx: baud_rate=0 high_carrier=1 carrier=1805.2Hz agc=0.00666 power=13 shaper_sets=640
FLOW [proto@0x1044753ae] Rx - Phase 3 WAIT_S heartbeat: dur=2816 demod=0 event=0 j_bits=149630 trn_bits=142488 trn_hint=0/75%
FLOW [proto@0x1044753ae] Rx - primary_channel_rx: baud_rate=0 high_carrier=1 carrier=1805.2Hz agc=0.00666 power=13 shaper_sets=640
FLOW [proto@0x1044753ae] Rx - primary_channel_rx: baud_rate=0 high_carrier=1 carrier=1805.2Hz agc=0.00666 power=10 shaper_sets=640
FLOW [proto@0x1044753ae] Rx - primary_channel_rx: baud_rate=0 high_carrier=1 carrier=1805.2Hz agc=0.00666 power=0 shaper_sets=640
FLOW [proto@0x1044753ae] Rx - Phase 3 Ja capture: emitted 149760 bits using hyp=0
FLOW [proto@0x1044753ae] Rx - primary_channel_rx: baud_rate=0 high_carrier=1 carrier=1805.2Hz agc=0.00666 power=3 shaper_sets=640
FLOW [proto@0x1044753ae] Rx - primary_channel_rx: baud_rate=0 high_carrier=1 carrier=1805.2Hz agc=0.00666 power=0 shaper_sets=640
FLOW [proto@0x1044753ae] Rx - primary_channel_rx: baud_rate=0 high_carrier=1 carrier=1805.2Hz agc=0.00666 power=6 shaper_sets=640
FLOW [proto@0x1044753ae] Rx - primary_channel_rx: baud_rate=0 high_carrier=1 carrier=1805.2Hz agc=0.00666 power=5 shaper_sets=640
FLOW [proto@0x1044753ae] Rx - Phase 3 TRN: best hyp=23 ones=51033/142848 (36%)
FLOW [proto@0x1044753ae] Rx - Phase 3 S baud 3000: mag=0.049 data_bits=2 alt=1/32 stable=0 dom=2:13/32 rev=0/32 counts=6,4,13,9
FLOW [proto@0x1044753ae] Rx - primary_channel_rx: baud_rate=0 high_carrier=1 carrier=1805.2Hz agc=0.00666 power=11 shaper_sets=640
FLOW [proto@0x1044753ae] Rx - Phase 3 Ja capture: emitted 150016 bits using hyp=0
FLOW [proto@0x1044753ae] Rx - primary_channel_rx: baud_rate=0 high_carrier=1 carrier=1805.2Hz agc=0.00666 power=1 shaper_sets=640
FLOW [proto@0x1044753ae] Rx - primary_channel_rx: baud_rate=0 high_carrier=1 carrier=1805.2Hz agc=0.00666 power=2 shaper_sets=640
FLOW [proto@0x1044753ae] Rx - Phase 3 WAIT_S heartbeat: dur=3072 demod=0 event=0 j_bits=150142 trn_bits=143000 trn_hint=0/75%
FLOW [proto@0x1044753ae] Rx - primary_channel_rx: baud_rate=0 high_carrier=1 carrier=1805.2Hz agc=0.00666 power=0 shaper_sets=640
FLOW [proto@0x1044753ae] Rx - primary_channel_rx: baud_rate=0 high_carrier=1 carrier=1805.2Hz agc=0.00666 power=0 shaper_sets=640
FLOW [proto@0x1044753ae] Rx - primary_channel_rx: baud_rate=0 high_carrier=1 carrier=1805.2Hz agc=0.00666 power=0 shaper_sets=640
FLOW [proto@0x1044753ae] Rx - Phase 3 Ja capture: emitted 150272 bits using hyp=0
FLOW [proto@0x1044753ae] Rx - primary_channel_rx: baud_rate=0 high_carrier=1 carrier=1805.2Hz agc=0.00666 power=8 shaper_sets=640
FLOW [proto@0x1044753ae] Rx - primary_channel_rx: baud_rate=0 high_carrier=1 carrier=1805.2Hz agc=0.00666 power=0 shaper_sets=640
FLOW [proto@0x1044753ae] Rx - primary_channel_rx: baud_rate=0 high_carrier=1 carrier=1805.2Hz agc=0.00666 power=0 shaper_sets=640
FLOW [proto@0x1044753ae] Rx - primary_channel_rx: baud_rate=0 high_carrier=1 carrier=1805.2Hz agc=0.00666 power=0 shaper_sets=640
FLOW [proto@0x1044753ae] Rx - primary_channel_rx: baud_rate=0 high_carrier=1 carrier=1805.2Hz agc=0.00666 power=0 shaper_sets=640
FLOW [proto@0x1044753ae] Rx - Phase 3 TRN: best hyp=23 ones=51302/143360 (36%)
FLOW [proto@0x1044753ae] Rx - primary_channel_rx: baud_rate=0 high_carrier=1 carrier=1805.2Hz agc=0.00666 power=0 shaper_sets=640
FLOW [proto@0x1044753ae] Rx - Phase 3 Ja capture: emitted 150528 bits using hyp=0
FLOW [proto@0x1044753ae] Rx - primary_channel_rx: baud_rate=0 high_carrier=1 carrier=1805.2Hz agc=0.00666 power=2 shaper_sets=640
FLOW [proto@0x1044753ae] Rx - primary_channel_rx: baud_rate=0 high_carrier=1 carrier=1805.2Hz agc=0.00666 power=13 shaper_sets=640
FLOW [proto@0x1044753ae] Rx - Phase 3 WAIT_S heartbeat: dur=3328 demod=0 event=0 j_bits=150654 trn_bits=143512 trn_hint=0/75%
FLOW [proto@0x1044753ae] Rx - primary_channel_rx: baud_rate=0 high_carrier=1 carrier=1805.2Hz agc=0.00666 power=4 shaper_sets=640
FLOW [proto@0x1044753ae] Rx - primary_channel_rx: baud_rate=0 high_carrier=1 carrier=1805.2Hz agc=0.00666 power=1 shaper_sets=640
FLOW [proto@0x1044753ae] Rx - primary_channel_rx: baud_rate=0 high_carrier=1 carrier=1805.2Hz agc=0.00666 power=0 shaper_sets=640
FLOW [proto@0x1044753ae] Rx - Phase 3 Ja capture: emitted 150784 bits using hyp=0
FLOW [proto@0x1044753ae] Rx - primary_channel_rx: baud_rate=0 high_carrier=1 carrier=1805.2Hz agc=0.00666 power=2 shaper_sets=640
FLOW [proto@0x1044753ae] Rx - primary_channel_rx: baud_rate=0 high_carrier=1 carrier=1805.2Hz agc=0.00666 power=3 shaper_sets=640
FLOW [proto@0x1044753ae] Rx - primary_channel_rx: baud_rate=0 high_carrier=1 carrier=1805.2Hz agc=0.00666 power=2 shaper_sets=640
FLOW [proto@0x1044753ae] Rx - primary_channel_rx: baud_rate=0 high_carrier=1 carrier=1805.2Hz agc=0.00666 power=0 shaper_sets=640
FLOW [proto@0x1044753ae] Rx - primary_channel_rx: baud_rate=0 high_carrier=1 carrier=1805.2Hz agc=0.00666 power=5 shaper_sets=640
FLOW [proto@0x1044753ae] Rx - Phase 3 TRN: best hyp=23 ones=51573/143872 (36%)
FLOW [proto@0x1044753ae] Rx - Phase 3 Ja capture: emitted 151040 bits using hyp=0
FLOW [proto@0x1044753ae] Rx - primary_channel_rx: baud_rate=0 high_carrier=1 carrier=1805.2Hz agc=0.00666 power=0 shaper_sets=640
FLOW [proto@0x1044753ae] Rx - primary_channel_rx: baud_rate=0 high_carrier=1 carrier=1805.2Hz agc=0.00666 power=4 shaper_sets=640
FLOW [proto@0x1044753ae] Rx - primary_channel_rx: baud_rate=0 high_carrier=1 carrier=1805.2Hz agc=0.00666 power=13 shaper_sets=640
FLOW [proto@0x1044753ae] Rx - Phase 3 WAIT_S heartbeat: dur=3584 demod=0 event=0 j_bits=151166 trn_bits=144024 trn_hint=0/75%
FLOW [proto@0x1044753ae] Rx - primary_channel_rx: baud_rate=0 high_carrier=1 carrier=1805.2Hz agc=0.00666 power=0 shaper_sets=640
FLOW [proto@0x1044753ae] Rx - primary_channel_rx: baud_rate=0 high_carrier=1 carrier=1805.2Hz agc=0.00666 power=3 shaper_sets=640
FLOW [proto@0x1044753ae] Rx - primary_channel_rx: baud_rate=0 high_carrier=1 carrier=1805.2Hz agc=0.00666 power=0 shaper_sets=640
FLOW [proto@0x1044753ae] Rx - Phase 3 Ja capture: emitted 151296 bits using hyp=0
FLOW [proto@0x1044753ae] Rx - primary_channel_rx: baud_rate=0 high_carrier=1 carrier=1805.2Hz agc=0.00666 power=6 shaper_sets=640
FLOW [proto@0x1044753ae] Rx - primary_channel_rx: baud_rate=0 high_carrier=1 carrier=1805.2Hz agc=0.00666 power=6 shaper_sets=640
FLOW [proto@0x1044753ae] Rx - primary_channel_rx: baud_rate=0 high_carrier=1 carrier=1805.2Hz agc=0.00666 power=11 shaper_sets=640
FLOW [proto@0x1044753ae] Rx - primary_channel_rx: baud_rate=0 high_carrier=1 carrier=1805.2Hz agc=0.00666 power=0 shaper_sets=640
FLOW [proto@0x1044753ae] Rx - Phase 3 TRN: best hyp=23 ones=51834/144384 (36%)
FLOW [proto@0x1044753ae] Rx - primary_channel_rx: baud_rate=0 high_carrier=1 carrier=1805.2Hz agc=0.00666 power=12 shaper_sets=640
FLOW [proto@0x1044753ae] Rx - Phase 3 Ja parser input: hyp0 len=151552 bits (stage=10, need ~16340 to parse)
FLOW [proto@0x1044753ae] Rx - Phase 3 Ja capture: emitted 151552 bits using hyp=0
FLOW [proto@0x1044753ae] Rx - primary_channel_rx: baud_rate=0 high_carrier=1 carrier=1805.2Hz agc=0.00666 power=0 shaper_sets=640
FLOW [proto@0x1044753ae] Rx - primary_channel_rx: baud_rate=0 high_carrier=1 carrier=1805.2Hz agc=0.00666 power=2 shaper_sets=640
FLOW [proto@0x1044753ae] Rx - Phase 3 WAIT_S heartbeat: dur=3840 demod=0 event=0 j_bits=151678 trn_bits=144536 trn_hint=0/75%
FLOW [proto@0x1044753ae] Rx - primary_channel_rx: baud_rate=0 high_carrier=1 carrier=1805.2Hz agc=0.00666 power=0 shaper_sets=640
FLOW [proto@0x1044753ae] Rx - primary_channel_rx: baud_rate=0 high_carrier=1 carrier=1805.2Hz agc=0.00666 power=6 shaper_sets=640
FLOW [proto@0x1044753ae] Rx - primary_channel_rx: baud_rate=0 high_carrier=1 carrier=1805.2Hz agc=0.00666 power=0 shaper_sets=640
FLOW [proto@0x1044753ae] Rx - Phase 3 Ja capture: emitted 151808 bits using hyp=0
FLOW [proto@0x1044753ae] Rx - primary_channel_rx: baud_rate=0 high_carrier=1 carrier=1805.2Hz agc=0.00666 power=0 shaper_sets=640
FLOW [proto@0x1044753ae] Rx - primary_channel_rx: baud_rate=0 high_carrier=1 carrier=1805.2Hz agc=0.00666 power=0 shaper_sets=640
FLOW [proto@0x1044753ae] Rx - primary_channel_rx: baud_rate=0 high_carrier=1 carrier=1805.2Hz agc=0.00666 power=14 shaper_sets=640
FLOW [proto@0x1044753ae] Rx - primary_channel_rx: baud_rate=0 high_carrier=1 carrier=1805.2Hz agc=0.00666 power=0 shaper_sets=640
FLOW [proto@0x1044753ae] Rx - Phase 3 S baud 4000: mag=0.019 data_bits=1 alt=11/32 stable=0 dom=3:13/32 rev=0/32 counts=6,2,11,13
FLOW [proto@0x1044753ae] Rx - primary_channel_rx: baud_rate=0 high_carrier=1 carrier=1805.2Hz agc=0.00666 power=4 shaper_sets=640
FLOW [proto@0x1044753ae] Rx - Phase 3 TRN: best hyp=23 ones=52096/144896 (36%)
FLOW [proto@0x1044753ae] Rx - primary_channel_rx: baud_rate=0 high_carrier=1 carrier=1805.2Hz agc=0.00666 power=0 shaper_sets=640
FLOW [proto@0x1044753ae] Rx - Phase 3 Ja capture: emitted 152064 bits using hyp=0
FLOW [proto@0x1044753ae] Rx - primary_channel_rx: baud_rate=0 high_carrier=1 carrier=1805.2Hz agc=0.00666 power=12 shaper_sets=640
FLOW [proto@0x1044753ae] Rx - primary_channel_rx: baud_rate=0 high_carrier=1 carrier=1805.2Hz agc=0.00666 power=2 shaper_sets=640
FLOW [proto@0x1044753ae] Rx - Phase 3 WAIT_S heartbeat: dur=4096 demod=0 event=0 j_bits=152190 trn_bits=145048 trn_hint=0/75%
FLOW [proto@0x1044753ae] Rx - primary_channel_rx: baud_rate=0 high_carrier=1 carrier=1805.2Hz agc=0.00666 power=10 shaper_sets=640
FLOW [proto@0x1044753ae] Rx - primary_channel_rx: baud_rate=0 high_carrier=1 carrier=1805.2Hz agc=0.00666 power=6 shaper_sets=640
FLOW [proto@0x1044753ae] Rx - primary_channel_rx: baud_rate=0 high_carrier=1 carrier=1805.2Hz agc=0.00666 power=2 shaper_sets=640
FLOW [proto@0x1044753ae] Rx - Phase 3 Ja capture: emitted 152320 bits using hyp=0
FLOW [proto@0x1044753ae] Rx - primary_channel_rx: baud_rate=0 high_carrier=1 carrier=1805.2Hz agc=0.00666 power=0 shaper_sets=640
FLOW [proto@0x1044753ae] Rx - primary_channel_rx: baud_rate=0 high_carrier=1 carrier=1805.2Hz agc=0.00666 power=14 shaper_sets=640
FLOW [proto@0x1044753ae] Rx - primary_channel_rx: baud_rate=0 high_carrier=1 carrier=1805.2Hz agc=0.00666 power=7 shaper_sets=640
FLOW [proto@0x1044753ae] Rx - primary_channel_rx: baud_rate=0 high_carrier=1 carrier=1805.2Hz agc=0.00666 power=3 shaper_sets=640
FLOW [proto@0x1044753ae] Rx - primary_channel_rx: baud_rate=0 high_carrier=1 carrier=1805.2Hz agc=0.00666 power=5 shaper_sets=640
FLOW [proto@0x1044753ae] Rx - Phase 3 TRN: best hyp=23 ones=52350/145408 (36%)
FLOW [proto@0x1044753ae] Rx - Phase 3 Ja capture: emitted 152576 bits using hyp=0
FLOW [proto@0x1044753ae] Rx - primary_channel_rx: baud_rate=0 high_carrier=1 carrier=1805.2Hz agc=0.00666 power=1 shaper_sets=640
FLOW [proto@0x1044753ae] Rx - primary_channel_rx: baud_rate=0 high_carrier=1 carrier=1805.2Hz agc=0.00666 power=4 shaper_sets=640
FLOW [proto@0x1044753ae] Rx - primary_channel_rx: baud_rate=0 high_carrier=1 carrier=1805.2Hz agc=0.00666 power=16 shaper_sets=640
FLOW [proto@0x1044753ae] Rx - Phase 3 WAIT_S heartbeat: dur=4352 demod=0 event=0 j_bits=152702 trn_bits=145560 trn_hint=0/75%
FLOW [proto@0x1044753ae] Rx - primary_channel_rx: baud_rate=0 high_carrier=1 carrier=1805.2Hz agc=0.00666 power=3 shaper_sets=640
FLOW [proto@0x1044753ae] Rx - primary_channel_rx: baud_rate=0 high_carrier=1 carrier=1805.2Hz agc=0.00666 power=0 shaper_sets=640
FLOW [proto@0x1044753ae] Rx - primary_channel_rx: baud_rate=0 high_carrier=1 carrier=1805.2Hz agc=0.00666 power=0 shaper_sets=640
FLOW [proto@0x1044753ae] Rx - Phase 3 Ja capture: emitted 152832 bits using hyp=0
FLOW [proto@0x1044753ae] Rx - primary_channel_rx: baud_rate=0 high_carrier=1 carrier=1805.2Hz agc=0.00666 power=1 shaper_sets=640
FLOW [proto@0x1044753ae] Rx - primary_channel_rx: baud_rate=0 high_carrier=1 carrier=1805.2Hz agc=0.00666 power=9 shaper_sets=640
FLOW [proto@0x1044753ae] Rx - primary_channel_rx: baud_rate=0 high_carrier=1 carrier=1805.2Hz agc=0.00666 power=9 shaper_sets=640
FLOW [proto@0x1044753ae] Rx - primary_channel_rx: baud_rate=0 high_carrier=1 carrier=1805.2Hz agc=0.00666 power=0 shaper_sets=640
FLOW [proto@0x1044753ae] Rx - Phase 3 TRN: best hyp=23 ones=52609/145920 (36%)
FLOW [proto@0x1044753ae] Rx - primary_channel_rx: baud_rate=0 high_carrier=1 carrier=1805.2Hz agc=0.00666 power=0 shaper_sets=640
FLOW [proto@0x1044753ae] Rx - Phase 3 Ja capture: emitted 153088 bits using hyp=0
FLOW [proto@0x1044753ae] Rx - primary_channel_rx: baud_rate=0 high_carrier=1 carrier=1805.2Hz agc=0.00666 power=1 shaper_sets=640
FLOW [proto@0x1044753ae] Rx - primary_channel_rx: baud_rate=0 high_carrier=1 carrier=1805.2Hz agc=0.00666 power=5 shaper_sets=640
FLOW [proto@0x1044753ae] Rx - Phase 3 WAIT_S heartbeat: dur=4608 demod=0 event=0 j_bits=153214 trn_bits=146072 trn_hint=0/75%
FLOW [proto@0x1044753ae] Rx - primary_channel_rx: baud_rate=0 high_carrier=1 carrier=1805.2Hz agc=0.00666 power=5 shaper_sets=640
FLOW [proto@0x1044753ae] Rx - primary_channel_rx: baud_rate=0 high_carrier=1 carrier=1805.2Hz agc=0.00666 power=6 shaper_sets=640
FLOW [proto@0x1044753ae] Rx - primary_channel_rx: baud_rate=0 high_carrier=1 carrier=1805.2Hz agc=0.00666 power=10 shaper_sets=640
FLOW [proto@0x1044753ae] Rx - Phase 3 Ja capture: emitted 153344 bits using hyp=0
FLOW [proto@0x1044753ae] Rx - primary_channel_rx: baud_rate=0 high_carrier=1 carrier=1805.2Hz agc=0.00666 power=3 shaper_sets=640
FLOW [proto@0x1044753ae] Rx - primary_channel_rx: baud_rate=0 high_carrier=1 carrier=1805.2Hz agc=0.00666 power=2 shaper_sets=640
FLOW [proto@0x1044753ae] Rx - primary_channel_rx: baud_rate=0 high_carrier=1 carrier=1805.2Hz agc=0.00666 power=5 shaper_sets=640
FLOW [proto@0x1044753ae] Rx - primary_channel_rx: baud_rate=0 high_carrier=1 carrier=1805.2Hz agc=0.00666 power=2 shaper_sets=640
FLOW [proto@0x1044753ae] Rx - primary_channel_rx: baud_rate=0 high_carrier=1 carrier=1805.2Hz agc=0.00666 power=0 shaper_sets=640
FLOW [proto@0x1044753ae] Rx - Phase 3 TRN: best hyp=23 ones=52863/146432 (36%)
FLOW [proto@0x1044753ae] Rx - primary_channel_rx: baud_rate=0 high_carrier=1 carrier=1805.2Hz agc=0.00666 power=2 shaper_sets=640
FLOW [proto@0x1044753ae] Rx - Phase 3 Ja parser input: hyp0 len=153600 bits (stage=10, need ~16340 to parse)
FLOW [proto@0x1044753ae] Rx - Phase 3 Ja capture: emitted 153600 bits using hyp=0
FLOW [proto@0x1044753ae] Rx - primary_channel_rx: baud_rate=0 high_carrier=1 carrier=1805.2Hz agc=0.00666 power=7 shaper_sets=640
FLOW [proto@0x1044753ae] Rx - primary_channel_rx: baud_rate=0 high_carrier=1 carrier=1805.2Hz agc=0.00666 power=7 shaper_sets=640
FLOW [proto@0x1044753ae] Rx - Phase 3 WAIT_S heartbeat: dur=4864 demod=0 event=0 j_bits=153726 trn_bits=146584 trn_hint=0/75%
FLOW [proto@0x1044753ae] Rx - primary_channel_rx: baud_rate=0 high_carrier=1 carrier=1805.2Hz agc=0.00666 power=4 shaper_sets=640
FLOW [proto@0x1044753ae] Rx - primary_channel_rx: baud_rate=0 high_carrier=1 carrier=1805.2Hz agc=0.00666 power=2 shaper_sets=640
FLOW [proto@0x1044753ae] Rx - primary_channel_rx: baud_rate=0 high_carrier=1 carrier=1805.2Hz agc=0.00666 power=0 shaper_sets=640
FLOW [proto@0x1044753ae] Rx - Phase 3 Ja capture: emitted 153856 bits using hyp=0
FLOW [proto@0x1044753ae] Rx - primary_channel_rx: baud_rate=0 high_carrier=1 carrier=1805.2Hz agc=0.00666 power=0 shaper_sets=640
FLOW [proto@0x1044753ae] Rx - primary_channel_rx: baud_rate=0 high_carrier=1 carrier=1805.2Hz agc=0.00666 power=6 shaper_sets=640
FLOW [proto@0x1044753ae] Rx - primary_channel_rx: baud_rate=0 high_carrier=1 carrier=1805.2Hz agc=0.00666 power=8 shaper_sets=640
FLOW [proto@0x1044753ae] Rx - Phase 3 S baud 5000: mag=0.043 data_bits=3 alt=4/32 stable=0 dom=3:12/32 rev=0/32 counts=7,4,9,12
FLOW [proto@0x1044753ae] Rx - primary_channel_rx: baud_rate=0 high_carrier=1 carrier=1805.2Hz agc=0.00666 power=6 shaper_sets=640
FLOW [proto@0x1044753ae] Rx - primary_channel_rx: baud_rate=0 high_carrier=1 carrier=1805.2Hz agc=0.00666 power=4 shaper_sets=640
FLOW [proto@0x1044753ae] Rx - Phase 3 TRN: best hyp=23 ones=53111/146944 (36%)
FLOW [proto@0x1044753ae] Rx - Phase 3 Ja capture: emitted 154112 bits using hyp=0
FLOW [proto@0x1044753ae] Rx - primary_channel_rx: baud_rate=0 high_carrier=1 carrier=1805.2Hz agc=0.00666 power=0 shaper_sets=640
FLOW [proto@0x1044753ae] Rx - primary_channel_rx: baud_rate=0 high_carrier=1 carrier=1805.2Hz agc=0.00666 power=0 shaper_sets=640
FLOW [proto@0x1044753ae] Rx - primary_channel_rx: baud_rate=0 high_carrier=1 carrier=1805.2Hz agc=0.00666 power=1 shaper_sets=640
FLOW [proto@0x1044753ae] Rx - Phase 3 WAIT_S heartbeat: dur=5120 demod=0 event=0 j_bits=154238 trn_bits=147096 trn_hint=0/75%
FLOW [proto@0x1044753ae] Rx - primary_channel_rx: baud_rate=0 high_carrier=1 carrier=1805.2Hz agc=0.00666 power=0 shaper_sets=640
FLOW [proto@0x1044753ae] Rx - primary_channel_rx: baud_rate=0 high_carrier=1 carrier=1805.2Hz agc=0.00666 power=9 shaper_sets=640
FLOW [proto@0x1044753ae] Rx - primary_channel_rx: baud_rate=0 high_carrier=1 carrier=1805.2Hz agc=0.00666 power=0 shaper_sets=640
FLOW [proto@0x1044753ae] Rx - Phase 3 Ja capture: emitted 154368 bits using hyp=0
FLOW [proto@0x1044753ae] Rx - primary_channel_rx: baud_rate=0 high_carrier=1 carrier=1805.2Hz agc=0.00666 power=0 shaper_sets=640
FLOW [proto@0x1044753ae] Rx - primary_channel_rx: baud_rate=0 high_carrier=1 carrier=1805.2Hz agc=0.00666 power=0 shaper_sets=640
FLOW [proto@0x1044753ae] Rx - primary_channel_rx: baud_rate=0 high_carrier=1 carrier=1805.2Hz agc=0.00666 power=0 shaper_sets=640
FLOW [proto@0x1044753ae] Rx - primary_channel_rx: baud_rate=0 high_carrier=1 carrier=1805.2Hz agc=0.00666 power=15 shaper_sets=640
FLOW [proto@0x1044753ae] Rx - Phase 3 TRN: best hyp=23 ones=53375/147456 (36%)
FLOW [proto@0x1044753ae] Rx - primary_channel_rx: baud_rate=0 high_carrier=1 carrier=1805.2Hz agc=0.00666 power=0 shaper_sets=640
FLOW [proto@0x1044753ae] Rx - Phase 3 Ja capture: emitted 154624 bits using hyp=0
FLOW [proto@0x1044753ae] Rx - primary_channel_rx: baud_rate=0 high_carrier=1 carrier=1805.2Hz agc=0.00666 power=3 shaper_sets=640
FLOW [proto@0x1044753ae] Rx - primary_channel_rx: baud_rate=0 high_carrier=1 carrier=1805.2Hz agc=0.00666 power=1 shaper_sets=640
FLOW [proto@0x1044753ae] Rx - Phase 3 WAIT_S heartbeat: dur=5376 demod=0 event=0 j_bits=154750 trn_bits=147608 trn_hint=0/75%
FLOW [proto@0x1044753ae] Rx - primary_channel_rx: baud_rate=0 high_carrier=1 carrier=1805.2Hz agc=0.00666 power=1 shaper_sets=640
FLOW [proto@0x1044753ae] Rx - primary_channel_rx: baud_rate=0 high_carrier=1 carrier=1805.2Hz agc=0.00666 power=0 shaper_sets=640
FLOW [proto@0x1044753ae] Rx - primary_channel_rx: baud_rate=0 high_carrier=1 carrier=1805.2Hz agc=0.00666 power=12 shaper_sets=640
FLOW [proto@0x1044753ae] Rx - Phase 3 Ja capture: emitted 154880 bits using hyp=0
FLOW [proto@0x1044753ae] Rx - primary_channel_rx: baud_rate=0 high_carrier=1 carrier=1805.2Hz agc=0.00666 power=13 shaper_sets=640
FLOW [proto@0x1044753ae] Rx - primary_channel_rx: baud_rate=0 high_carrier=1 carrier=1805.2Hz agc=0.00666 power=13 shaper_sets=640
FLOW [proto@0x1044753ae] Rx - primary_channel_rx: baud_rate=0 high_carrier=1 carrier=1805.2Hz agc=0.00666 power=0 shaper_sets=640
FLOW [proto@0x1044753ae] Rx - primary_channel_rx: baud_rate=0 high_carrier=1 carrier=1805.2Hz agc=0.00666 power=2 shaper_sets=640
FLOW [proto@0x1044753ae] Rx - primary_channel_rx: baud_rate=0 high_carrier=1 carrier=1805.2Hz agc=0.00666 power=5 shaper_sets=640
FLOW [proto@0x1044753ae] Rx - Phase 3 TRN: best hyp=23 ones=53646/147968 (36%)
FLOW [proto@0x1044753ae] Rx - primary_channel_rx: baud_rate=0 high_carrier=1 carrier=1805.2Hz agc=0.00666 power=6 shaper_sets=640
FLOW [proto@0x1044753ae] Rx - Phase 3 Ja capture: emitted 155136 bits using hyp=0
FLOW [proto@0x1044753ae] Rx - primary_channel_rx: baud_rate=0 high_carrier=1 carrier=1805.2Hz agc=0.00666 power=13 shaper_sets=640
FLOW [proto@0x1044753ae] Rx - primary_channel_rx: baud_rate=0 high_carrier=1 carrier=1805.2Hz agc=0.00666 power=14 shaper_sets=640
FLOW [proto@0x1044753ae] Rx - Phase 3 WAIT_S heartbeat: dur=5632 demod=0 event=0 j_bits=155262 trn_bits=148120 trn_hint=0/75%
FLOW [proto@0x1044753ae] Rx - primary_channel_rx: baud_rate=0 high_carrier=1 carrier=1805.2Hz agc=0.00666 power=11 shaper_sets=640
FLOW [proto@0x1044753ae] Rx - primary_channel_rx: baud_rate=0 high_carrier=1 carrier=1805.2Hz agc=0.00666 power=0 shaper_sets=640
FLOW [proto@0x1044753ae] Rx - primary_channel_rx: baud_rate=0 high_carrier=1 carrier=1805.2Hz agc=0.00666 power=9 shaper_sets=640
FLOW [proto@0x1044753ae] Rx - Phase 3 Ja capture: emitted 155392 bits using hyp=0
FLOW [proto@0x1044753ae] Rx - primary_channel_rx: baud_rate=0 high_carrier=1 carrier=1805.2Hz agc=0.00666 power=0 shaper_sets=640
FLOW [proto@0x1044753ae] Rx - primary_channel_rx: baud_rate=0 high_carrier=1 carrier=1805.2Hz agc=0.00666 power=5 shaper_sets=640
FLOW [proto@0x1044753ae] Rx - primary_channel_rx: baud_rate=0 high_carrier=1 carrier=1805.2Hz agc=0.00666 power=5 shaper_sets=640
FLOW [proto@0x1044753ae] Rx - primary_channel_rx: baud_rate=0 high_carrier=1 carrier=1805.2Hz agc=0.00666 power=14 shaper_sets=640
FLOW [proto@0x1044753ae] Rx - primary_channel_rx: baud_rate=0 high_carrier=1 carrier=1805.2Hz agc=0.00666 power=0 shaper_sets=640
FLOW [proto@0x1044753ae] Rx - Phase 3 TRN: best hyp=23 ones=53892/148480 (36%)
FLOW [proto@0x1044753ae] Rx - Phase 3 Ja parser input: hyp0 len=155648 bits (stage=10, need ~16340 to parse)
FLOW [proto@0x1044753ae] Rx - Phase 3 Ja capture: emitted 155648 bits using hyp=0
FLOW [proto@0x1044753ae] Rx - primary_channel_rx: baud_rate=0 high_carrier=1 carrier=1805.2Hz agc=0.00666 power=4 shaper_sets=640
FLOW [proto@0x1044753ae] Rx - primary_channel_rx: baud_rate=0 high_carrier=1 carrier=1805.2Hz agc=0.00666 power=4 shaper_sets=640
FLOW [proto@0x1044753ae] Rx - primary_channel_rx: baud_rate=0 high_carrier=1 carrier=1805.2Hz agc=0.00666 power=3 shaper_sets=640
FLOW [proto@0x1044753ae] Rx - Phase 3 WAIT_S heartbeat: dur=5888 demod=0 event=0 j_bits=155774 trn_bits=148632 trn_hint=0/75%
FLOW [proto@0x1044753ae] Rx - primary_channel_rx: baud_rate=0 high_carrier=1 carrier=1805.2Hz agc=0.00666 power=0 shaper_sets=640
FLOW [proto@0x1044753ae] Rx - primary_channel_rx: baud_rate=0 high_carrier=1 carrier=1805.2Hz agc=0.00666 power=7 shaper_sets=640
FLOW [proto@0x1044753ae] Rx - primary_channel_rx: baud_rate=0 high_carrier=1 carrier=1805.2Hz agc=0.00666 power=10 shaper_sets=640
FLOW [proto@0x1044753ae] Rx - Phase 3 Ja capture: emitted 155904 bits using hyp=0
FLOW [proto@0x1044753ae] Rx - primary_channel_rx: baud_rate=0 high_carrier=1 carrier=1805.2Hz agc=0.00666 power=0 shaper_sets=640
FLOW [proto@0x1044753ae] Rx - Phase 3 S baud 6000: mag=0.008 data_bits=2 alt=9/32 stable=0 dom=3:16/32 rev=0/32 counts=5,3,8,16
FLOW [proto@0x1044753ae] Rx - Phase 3: S detect timeout (6000 bauds, alt=9/32 rev=0/32, j_bits=156000 trn_bits=148858 trn_hint=0/75%), continuing search
FLOW [proto@0x1044753ae] Rx - primary_channel_rx: baud_rate=0 high_carrier=1 carrier=1805.2Hz agc=0.00666 power=5 shaper_sets=640
FLOW [proto@0x1044753ae] Rx - Phase 3 WAIT_S heartbeat: dur=1 demod=0 event=0 j_bits=156000 trn_bits=148858 trn_hint=0/75%
FLOW [proto@0x1044753ae] Rx - Phase 3 S baud 1: mag=0.015 data_bits=2 alt=0/32 stable=0 dom=2:1/32 rev=0/32 counts=0,0,1,0
FLOW [proto@0x1044753ae] Rx - Phase 3 S baud 2: mag=0.027 data_bits=1 alt=0/32 stable=0 dom=1:1/32 rev=0/32 counts=0,1,1,0
FLOW [proto@0x1044753ae] Rx - Phase 3 S baud 3: mag=0.009 data_bits=2 alt=1/32 stable=0 dom=2:2/32 rev=0/32 counts=0,1,2,0
FLOW [proto@0x1044753ae] Rx - Phase 3 S baud 4: mag=0.004 data_bits=0 alt=1/32 stable=0 dom=2:2/32 rev=0/32 counts=1,1,2,0
FLOW [proto@0x1044753ae] Rx - primary_channel_rx: baud_rate=0 high_carrier=1 carrier=1805.2Hz agc=0.00666 power=5 shaper_sets=640
FLOW [proto@0x1044753ae] Rx - primary_channel_rx: baud_rate=0 high_carrier=1 carrier=1805.2Hz agc=0.00666 power=0 shaper_sets=640
FLOW [proto@0x1044753ae] Rx - primary_channel_rx: baud_rate=0 high_carrier=1 carrier=1805.2Hz agc=0.00666 power=5 shaper_sets=640
FLOW [proto@0x1044753ae] Rx - Phase 3 Ja capture: emitted 156160 bits using hyp=0
FLOW [proto@0x1044753ae] Rx - primary_channel_rx: baud_rate=0 high_carrier=1 carrier=1805.2Hz agc=0.00666 power=7 shaper_sets=640
FLOW [proto@0x1044753ae] Rx - primary_channel_rx: baud_rate=0 high_carrier=1 carrier=1805.2Hz agc=0.00666 power=3 shaper_sets=640
FLOW [proto@0x1044753ae] Rx - primary_channel_rx: baud_rate=0 high_carrier=1 carrier=1805.2Hz agc=0.00666 power=10 shaper_sets=640
FLOW [proto@0x1044753ae] Rx - primary_channel_rx: baud_rate=0 high_carrier=1 carrier=1805.2Hz agc=0.00666 power=0 shaper_sets=640
FLOW [proto@0x1044753ae] Rx - primary_channel_rx: baud_rate=0 high_carrier=1 carrier=1805.2Hz agc=0.00666 power=0 shaper_sets=640
FLOW [proto@0x1044753ae] Rx - Phase 3 Ja capture: emitted 156416 bits using hyp=0
FLOW [proto@0x1044753ae] Rx - primary_channel_rx: baud_rate=0 high_carrier=1 carrier=1805.2Hz agc=0.00666 power=4 shaper_sets=640
FLOW [proto@0x1044753ae] Rx - primary_channel_rx: baud_rate=0 high_carrier=1 carrier=1805.2Hz agc=0.00666 power=11 shaper_sets=640
FLOW [proto@0x1044753ae] Rx - Phase 3 WAIT_S heartbeat: dur=256 demod=0 event=0 j_bits=156510 trn_bits=148858 trn_hint=0/75%
FLOW [proto@0x1044753ae] Rx - primary_channel_rx: baud_rate=0 high_carrier=1 carrier=1805.2Hz agc=0.00666 power=11 shaper_sets=640
FLOW [proto@0x1044753ae] Rx - primary_channel_rx: baud_rate=0 high_carrier=1 carrier=1805.2Hz agc=0.00666 power=0 shaper_sets=640
FLOW [proto@0x1044753ae] Rx - primary_channel_rx: baud_rate=0 high_carrier=1 carrier=1805.2Hz agc=0.00666 power=11 shaper_sets=640
FLOW [proto@0x1044753ae] Rx - Phase 3 TRN: best hyp=23 ones=54156/148992 (36%)
FLOW [proto@0x1044753ae] Rx - primary_channel_rx: baud_rate=0 high_carrier=1 carrier=1805.2Hz agc=0.00666 power=3 shaper_sets=640
FLOW [proto@0x1044753ae] Rx - Phase 3 Ja capture: emitted 156672 bits using hyp=0
FLOW [proto@0x1044753ae] Rx - primary_channel_rx: baud_rate=0 high_carrier=1 carrier=1805.2Hz agc=0.00666 power=4 shaper_sets=640
FLOW [proto@0x1044753ae] Rx - primary_channel_rx: baud_rate=0 high_carrier=1 carrier=1805.2Hz agc=0.00666 power=19 shaper_sets=640
FLOW [proto@0x1044753ae] Rx - primary_channel_rx: baud_rate=0 high_carrier=1 carrier=1805.2Hz agc=0.00666 power=7 shaper_sets=640
FLOW [proto@0x1044753ae] Rx - primary_channel_rx: baud_rate=0 high_carrier=1 carrier=1805.2Hz agc=0.00666 power=11 shaper_sets=640
FLOW [proto@0x1044753ae] Rx - primary_channel_rx: baud_rate=0 high_carrier=1 carrier=1805.2Hz agc=0.00666 power=2 shaper_sets=640
FLOW [proto@0x1044753ae] Rx - Phase 3 Ja capture: emitted 156928 bits using hyp=0
FLOW [proto@0x1044753ae] Rx - primary_channel_rx: baud_rate=0 high_carrier=1 carrier=1805.2Hz agc=0.00666 power=3 shaper_sets=640
FLOW [proto@0x1044753ae] Rx - primary_channel_rx: baud_rate=0 high_carrier=1 carrier=1805.2Hz agc=0.00666 power=3 shaper_sets=640
FLOW [proto@0x1044753ae] Rx - Phase 3 WAIT_S heartbeat: dur=512 demod=0 event=0 j_bits=157022 trn_bits=149370 trn_hint=0/75%
FLOW [proto@0x1044753ae] Rx - primary_channel_rx: baud_rate=0 high_carrier=1 carrier=1805.2Hz agc=0.00666 power=9 shaper_sets=640
FLOW [proto@0x1044753ae] Rx - primary_channel_rx: baud_rate=0 high_carrier=1 carrier=1805.2Hz agc=0.00666 power=15 shaper_sets=640
FLOW [proto@0x1044753ae] Rx - primary_channel_rx: baud_rate=0 high_carrier=1 carrier=1805.2Hz agc=0.00666 power=12 shaper_sets=640
FLOW [proto@0x1044753ae] Rx - Phase 3 TRN: best hyp=23 ones=54405/149504 (36%)
FLOW [proto@0x1044753ae] Rx - Phase 3 Ja capture: emitted 157184 bits using hyp=0
FLOW [proto@0x1044753ae] Rx - primary_channel_rx: baud_rate=0 high_carrier=1 carrier=1805.2Hz agc=0.00666 power=15 shaper_sets=640
FLOW [proto@0x1044753ae] Rx - primary_channel_rx: baud_rate=0 high_carrier=1 carrier=1805.2Hz agc=0.00666 power=9 shaper_sets=640
FLOW [proto@0x1044753ae] Rx - primary_channel_rx: baud_rate=0 high_carrier=1 carrier=1805.2Hz agc=0.00666 power=0 shaper_sets=640
FLOW [proto@0x1044753ae] Rx - primary_channel_rx: baud_rate=0 high_carrier=1 carrier=1805.2Hz agc=0.00666 power=4 shaper_sets=640
FLOW [proto@0x1044753ae] Rx - primary_channel_rx: baud_rate=0 high_carrier=1 carrier=1805.2Hz agc=0.00666 power=8 shaper_sets=640
FLOW [proto@0x1044753ae] Rx - primary_channel_rx: baud_rate=0 high_carrier=1 carrier=1805.2Hz agc=0.00666 power=7 shaper_sets=640
FLOW [proto@0x1044753ae] Rx - Phase 3 Ja capture: emitted 157440 bits using hyp=0
FLOW [proto@0x1044753ae] Rx - primary_channel_rx: baud_rate=0 high_carrier=1 carrier=1805.2Hz agc=0.00666 power=0 shaper_sets=640
FLOW [proto@0x1044753ae] Rx - Phase 3 WAIT_S heartbeat: dur=768 demod=0 event=0 j_bits=157534 trn_bits=149882 trn_hint=0/75%
FLOW [proto@0x1044753ae] Rx - primary_channel_rx: baud_rate=0 high_carrier=1 carrier=1805.2Hz agc=0.00666 power=0 shaper_sets=640
FLOW [proto@0x1044753ae] Rx - primary_channel_rx: baud_rate=0 high_carrier=1 carrier=1805.2Hz agc=0.00666 power=0 shaper_sets=640
FLOW [proto@0x1044753ae] Rx - primary_channel_rx: baud_rate=0 high_carrier=1 carrier=1805.2Hz agc=0.00666 power=5 shaper_sets=640
FLOW [proto@0x1044753ae] Rx - Phase 3 TRN: best hyp=23 ones=54651/150016 (36%)
FLOW [proto@0x1044753ae] Rx - primary_channel_rx: baud_rate=0 high_carrier=1 carrier=1805.2Hz agc=0.00666 power=4 shaper_sets=640
FLOW [proto@0x1044753ae] Rx - Phase 3 Ja parser input: hyp0 len=157696 bits (stage=10, need ~16340 to parse)
FLOW [proto@0x1044753ae] Rx - Phase 3 Ja capture: emitted 157696 bits using hyp=0
FLOW [proto@0x1044753ae] Rx - primary_channel_rx: baud_rate=0 high_carrier=1 carrier=1805.2Hz agc=0.00666 power=1 shaper_sets=640
FLOW [proto@0x1044753ae] Rx - primary_channel_rx: baud_rate=0 high_carrier=1 carrier=1805.2Hz agc=0.00666 power=8 shaper_sets=640
FLOW [proto@0x1044753ae] Rx - primary_channel_rx: baud_rate=0 high_carrier=1 carrier=1805.2Hz agc=0.00666 power=0 shaper_sets=640
FLOW [proto@0x1044753ae] Rx - primary_channel_rx: baud_rate=0 high_carrier=1 carrier=1805.2Hz agc=0.00666 power=3 shaper_sets=640
FLOW [proto@0x1044753ae] Rx - primary_channel_rx: baud_rate=0 high_carrier=1 carrier=1805.2Hz agc=0.00666 power=3 shaper_sets=640
FLOW [proto@0x1044753ae] Rx - Phase 3 Ja capture: emitted 157952 bits using hyp=0
FLOW [proto@0x1044753ae] Rx - primary_channel_rx: baud_rate=0 high_carrier=1 carrier=1805.2Hz agc=0.00666 power=6 shaper_sets=640
FLOW [proto@0x1044753ae] Rx - Phase 3 S baud 1000: mag=0.037 data_bits=3 alt=8/32 stable=0 dom=3:10/32 rev=0/32 counts=7,6,9,10
FLOW [proto@0x1044753ae] Rx - primary_channel_rx: baud_rate=0 high_carrier=1 carrier=1805.2Hz agc=0.00666 power=6 shaper_sets=640
FLOW [proto@0x1044753ae] Rx - Phase 3 WAIT_S heartbeat: dur=1024 demod=0 event=0 j_bits=158046 trn_bits=150394 trn_hint=0/75%
FLOW [proto@0x1044753ae] Rx - primary_channel_rx: baud_rate=0 high_carrier=1 carrier=1805.2Hz agc=0.00666 power=0 shaper_sets=640
FLOW [proto@0x1044753ae] Rx - primary_channel_rx: baud_rate=0 high_carrier=1 carrier=1805.2Hz agc=0.00666 power=3 shaper_sets=640
FLOW [proto@0x1044753ae] Rx - primary_channel_rx: baud_rate=0 high_carrier=1 carrier=1805.2Hz agc=0.00666 power=0 shaper_sets=640
FLOW [proto@0x1044753ae] Rx - Phase 3 TRN: best hyp=23 ones=54906/150528 (36%)
FLOW [proto@0x1044753ae] Rx - primary_channel_rx: baud_rate=0 high_carrier=1 carrier=1805.2Hz agc=0.00666 power=3 shaper_sets=640
FLOW [proto@0x1044753ae] Rx - Phase 3 Ja capture: emitted 158208 bits using hyp=0
FLOW [proto@0x1044753ae] Rx - primary_channel_rx: baud_rate=0 high_carrier=1 carrier=1805.2Hz agc=0.00666 power=0 shaper_sets=640
FLOW [proto@0x1044753ae] Rx - primary_channel_rx: baud_rate=0 high_carrier=1 carrier=1805.2Hz agc=0.00666 power=5 shaper_sets=640
FLOW [proto@0x1044753ae] Rx - primary_channel_rx: baud_rate=0 high_carrier=1 carrier=1805.2Hz agc=0.00666 power=10 shaper_sets=640
FLOW [proto@0x1044753ae] Rx - primary_channel_rx: baud_rate=0 high_carrier=1 carrier=1805.2Hz agc=0.00666 power=8 shaper_sets=640
FLOW [proto@0x1044753ae] Rx - primary_channel_rx: baud_rate=0 high_carrier=1 carrier=1805.2Hz agc=0.00666 power=15 shaper_sets=640
FLOW [proto@0x1044753ae] Rx - Phase 3 Ja capture: emitted 158464 bits using hyp=0
FLOW [proto@0x1044753ae] Rx - primary_channel_rx: baud_rate=0 high_carrier=1 carrier=1805.2Hz agc=0.00666 power=0 shaper_sets=640
FLOW [proto@0x1044753ae] Rx - primary_channel_rx: baud_rate=0 high_carrier=1 carrier=1805.2Hz agc=0.00666 power=4 shaper_sets=640
FLOW [proto@0x1044753ae] Rx - Phase 3 WAIT_S heartbeat: dur=1280 demod=0 event=0 j_bits=158558 trn_bits=150906 trn_hint=0/75%
FLOW [proto@0x1044753ae] Rx - primary_channel_rx: baud_rate=0 high_carrier=1 carrier=1805.2Hz agc=0.00666 power=12 shaper_sets=640
FLOW [proto@0x1044753ae] Rx - primary_channel_rx: baud_rate=0 high_carrier=1 carrier=1805.2Hz agc=0.00666 power=4 shaper_sets=640
FLOW [proto@0x1044753ae] Rx - primary_channel_rx: baud_rate=0 high_carrier=1 carrier=1805.2Hz agc=0.00666 power=16 shaper_sets=640
FLOW [proto@0x1044753ae] Rx - Phase 3 TRN: best hyp=23 ones=55158/151040 (37%)
FLOW [proto@0x1044753ae] Rx - Phase 3 Ja capture: emitted 158720 bits using hyp=0
FLOW [proto@0x1044753ae] Rx - primary_channel_rx: baud_rate=0 high_carrier=1 carrier=1805.2Hz agc=0.00666 power=0 shaper_sets=640
FLOW [proto@0x1044753ae] Rx - primary_channel_rx: baud_rate=0 high_carrier=1 carrier=1805.2Hz agc=0.00666 power=0 shaper_sets=640
FLOW [proto@0x1044753ae] Rx - primary_channel_rx: baud_rate=0 high_carrier=1 carrier=1805.2Hz agc=0.00666 power=0 shaper_sets=640
FLOW [proto@0x1044753ae] Rx - primary_channel_rx: baud_rate=0 high_carrier=1 carrier=1805.2Hz agc=0.00666 power=6 shaper_sets=640
FLOW [proto@0x1044753ae] Rx - primary_channel_rx: baud_rate=0 high_carrier=1 carrier=1805.2Hz agc=0.00666 power=4 shaper_sets=640
FLOW [proto@0x1044753ae] Rx - primary_channel_rx: baud_rate=0 high_carrier=1 carrier=1805.2Hz agc=0.00666 power=13 shaper_sets=640
FLOW [proto@0x1044753ae] Rx - Phase 3 Ja capture: emitted 158976 bits using hyp=0
FLOW [proto@0x1044753ae] Rx - primary_channel_rx: baud_rate=0 high_carrier=1 carrier=1805.2Hz agc=0.00666 power=0 shaper_sets=640
FLOW [proto@0x1044753ae] Rx - Phase 3 WAIT_S heartbeat: dur=1536 demod=0 event=0 j_bits=159070 trn_bits=151418 trn_hint=0/75%
FLOW [proto@0x1044753ae] Rx - primary_channel_rx: baud_rate=0 high_carrier=1 carrier=1805.2Hz agc=0.00666 power=8 shaper_sets=640
FLOW [proto@0x1044753ae] Rx - primary_channel_rx: baud_rate=0 high_carrier=1 carrier=1805.2Hz agc=0.00666 power=6 shaper_sets=640
FLOW [proto@0x1044753ae] Rx - primary_channel_rx: baud_rate=0 high_carrier=1 carrier=1805.2Hz agc=0.00666 power=2 shaper_sets=640
FLOW [proto@0x1044753ae] Rx - Phase 3 TRN: best hyp=23 ones=55432/151552 (37%)
FLOW [proto@0x1044753ae] Rx - primary_channel_rx: baud_rate=0 high_carrier=1 carrier=1805.2Hz agc=0.00666 power=9 shaper_sets=640
FLOW [proto@0x1044753ae] Rx - Phase 3 Ja capture: emitted 159232 bits using hyp=0
FLOW [proto@0x1044753ae] Rx - primary_channel_rx: baud_rate=0 high_carrier=1 carrier=1805.2Hz agc=0.00666 power=4 shaper_sets=640
FLOW [proto@0x1044753ae] Rx - primary_channel_rx: baud_rate=0 high_carrier=1 carrier=1805.2Hz agc=0.00666 power=4 shaper_sets=640
FLOW [proto@0x1044753ae] Rx - primary_channel_rx: baud_rate=0 high_carrier=1 carrier=1805.2Hz agc=0.00666 power=7 shaper_sets=640
FLOW [proto@0x1044753ae] Rx - primary_channel_rx: baud_rate=0 high_carrier=1 carrier=1805.2Hz agc=0.00666 power=3 shaper_sets=640
FLOW [proto@0x1044753ae] Rx - primary_channel_rx: baud_rate=0 high_carrier=1 carrier=1805.2Hz agc=0.00666 power=4 shaper_sets=640
FLOW [proto@0x1044753ae] Rx - Phase 3 Ja capture: emitted 159488 bits using hyp=0
FLOW [proto@0x1044753ae] Rx - primary_channel_rx: baud_rate=0 high_carrier=1 carrier=1805.2Hz agc=0.00666 power=10 shaper_sets=640
FLOW [proto@0x1044753ae] Rx - primary_channel_rx: baud_rate=0 high_carrier=1 carrier=1805.2Hz agc=0.00666 power=4 shaper_sets=640
FLOW [proto@0x1044753ae] Rx - Phase 3 WAIT_S heartbeat: dur=1792 demod=0 event=0 j_bits=159582 trn_bits=151930 trn_hint=0/75%
FLOW [proto@0x1044753ae] Rx - primary_channel_rx: baud_rate=0 high_carrier=1 carrier=1805.2Hz agc=0.00666 power=8 shaper_sets=640
FLOW [proto@0x1044753ae] Rx - primary_channel_rx: baud_rate=0 high_carrier=1 carrier=1805.2Hz agc=0.00666 power=2 shaper_sets=640
FLOW [proto@0x1044753ae] Rx - primary_channel_rx: baud_rate=0 high_carrier=1 carrier=1805.2Hz agc=0.00666 power=3 shaper_sets=640
FLOW [proto@0x1044753ae] Rx - Phase 3 TRN: best hyp=23 ones=55670/152064 (37%)
FLOW [proto@0x1044753ae] Rx - primary_channel_rx: baud_rate=0 high_carrier=1 carrier=1805.2Hz agc=0.00666 power=0 shaper_sets=640
FLOW [proto@0x1044753ae] Rx - Phase 3 Ja parser input: hyp0 len=159744 bits (stage=10, need ~16340 to parse)
FLOW [proto@0x1044753ae] Rx - Phase 3 Ja capture: emitted 159744 bits using hyp=0
FLOW [proto@0x1044753ae] Rx - primary_channel_rx: baud_rate=0 high_carrier=1 carrier=1805.2Hz agc=0.00666 power=0 shaper_sets=640
FLOW [proto@0x1044753ae] Rx - primary_channel_rx: baud_rate=0 high_carrier=1 carrier=1805.2Hz agc=0.00666 power=0 shaper_sets=640
FLOW [proto@0x1044753ae] Rx - primary_channel_rx: baud_rate=0 high_carrier=1 carrier=1805.2Hz agc=0.00666 power=10 shaper_sets=640
FLOW [proto@0x1044753ae] Rx - primary_channel_rx: baud_rate=0 high_carrier=1 carrier=1805.2Hz agc=0.00666 power=4 shaper_sets=640
FLOW [proto@0x1044753ae] Rx - primary_channel_rx: baud_rate=0 high_carrier=1 carrier=1805.2Hz agc=0.00666 power=2 shaper_sets=640
FLOW [proto@0x1044753ae] Rx - Phase 3 S baud 2000: mag=0.013 data_bits=3 alt=4/32 stable=0 dom=3:17/32 rev=0/32 counts=7,2,6,17
FLOW [proto@0x1044753ae] Rx - Phase 3 Ja capture: emitted 160000 bits using hyp=0
FLOW [proto@0x1044753ae] Rx - primary_channel_rx: baud_rate=0 high_carrier=1 carrier=1805.2Hz agc=0.00666 power=0 shaper_sets=640
FLOW [proto@0x1044753ae] Rx - primary_channel_rx: baud_rate=0 high_carrier=1 carrier=1805.2Hz agc=0.00666 power=0 shaper_sets=640
FLOW [proto@0x1044753ae] Rx - Phase 3 WAIT_S heartbeat: dur=2048 demod=0 event=0 j_bits=160094 trn_bits=152442 trn_hint=0/75%
FLOW [proto@0x1044753ae] Rx - primary_channel_rx: baud_rate=0 high_carrier=1 carrier=1805.2Hz agc=0.00666 power=2 shaper_sets=640
FLOW [proto@0x1044753ae] Rx - primary_channel_rx: baud_rate=0 high_carrier=1 carrier=1805.2Hz agc=0.00666 power=11 shaper_sets=640
FLOW [proto@0x1044753ae] Rx - primary_channel_rx: baud_rate=0 high_carrier=1 carrier=1805.2Hz agc=0.00666 power=4 shaper_sets=640
FLOW [proto@0x1044753ae] Rx - Phase 3 TRN: best hyp=23 ones=55943/152576 (37%)
FLOW [proto@0x1044753ae] Rx - Phase 3 Ja capture: emitted 160256 bits using hyp=0
FLOW [proto@0x1044753ae] Rx - primary_channel_rx: baud_rate=0 high_carrier=1 carrier=1805.2Hz agc=0.00666 power=0 shaper_sets=640
FLOW [proto@0x1044753ae] Rx - primary_channel_rx: baud_rate=0 high_carrier=1 carrier=1805.2Hz agc=0.00666 power=0 shaper_sets=640
FLOW [proto@0x1044753ae] Rx - primary_channel_rx: baud_rate=0 high_carrier=1 carrier=1805.2Hz agc=0.00666 power=4 shaper_sets=640
FLOW [proto@0x1044753ae] Rx - primary_channel_rx: baud_rate=0 high_carrier=1 carrier=1805.2Hz agc=0.00666 power=1 shaper_sets=640
FLOW [proto@0x1044753ae] Rx - primary_channel_rx: baud_rate=0 high_carrier=1 carrier=1805.2Hz agc=0.00666 power=13 shaper_sets=640
FLOW [proto@0x1044753ae] Rx - primary_channel_rx: baud_rate=0 high_carrier=1 carrier=1805.2Hz agc=0.00666 power=0 shaper_sets=640
FLOW [proto@0x1044753ae] Rx - Phase 3 Ja capture: emitted 160512 bits using hyp=0
FLOW [proto@0x1044753ae] Rx - primary_channel_rx: baud_rate=0 high_carrier=1 carrier=1805.2Hz agc=0.00666 power=3 shaper_sets=640
FLOW [proto@0x1044753ae] Rx - Phase 3 WAIT_S heartbeat: dur=2304 demod=0 event=0 j_bits=160606 trn_bits=152954 trn_hint=0/75%
FLOW [proto@0x1044753ae] Rx - primary_channel_rx: baud_rate=0 high_carrier=1 carrier=1805.2Hz agc=0.00666 power=0 shaper_sets=640
FLOW [proto@0x1044753ae] Rx - primary_channel_rx: baud_rate=0 high_carrier=1 carrier=1805.2Hz agc=0.00666 power=2 shaper_sets=640
FLOW [proto@0x1044753ae] Rx - primary_channel_rx: baud_rate=0 high_carrier=1 carrier=1805.2Hz agc=0.00666 power=1 shaper_sets=640
FLOW [proto@0x1044753ae] Rx - Phase 3 TRN: best hyp=23 ones=56180/153088 (37%)
FLOW [proto@0x1044753ae] Rx - primary_channel_rx: baud_rate=0 high_carrier=1 carrier=1805.2Hz agc=0.00666 power=0 shaper_sets=640
FLOW [proto@0x1044753ae] Rx - Phase 3 Ja capture: emitted 160768 bits using hyp=0
FLOW [proto@0x1044753ae] Rx - primary_channel_rx: baud_rate=0 high_carrier=1 carrier=1805.2Hz agc=0.00666 power=16 shaper_sets=640
FLOW [proto@0x1044753ae] Rx - primary_channel_rx: baud_rate=0 high_carrier=1 carrier=1805.2Hz agc=0.00666 power=14 shaper_sets=640
FLOW [proto@0x1044753ae] Rx - primary_channel_rx: baud_rate=0 high_carrier=1 carrier=1805.2Hz agc=0.00666 power=5 shaper_sets=640
FLOW [proto@0x1044753ae] Rx - primary_channel_rx: baud_rate=0 high_carrier=1 carrier=1805.2Hz agc=0.00666 power=0 shaper_sets=640
FLOW [proto@0x1044753ae] Rx - primary_channel_rx: baud_rate=0 high_carrier=1 carrier=1805.2Hz agc=0.00666 power=11 shaper_sets=640
FLOW [proto@0x1044753ae] Rx - Phase 3 Ja capture: emitted 161024 bits using hyp=0
FLOW [proto@0x1044753ae] Rx - primary_channel_rx: baud_rate=0 high_carrier=1 carrier=1805.2Hz agc=0.00666 power=4 shaper_sets=640
FLOW [proto@0x1044753ae] Rx - primary_channel_rx: baud_rate=0 high_carrier=1 carrier=1805.2Hz agc=0.00666 power=5 shaper_sets=640
FLOW [proto@0x1044753ae] Rx - Phase 3 WAIT_S heartbeat: dur=2560 demod=0 event=0 j_bits=161118 trn_bits=153466 trn_hint=0/75%
FLOW [proto@0x1044753ae] Rx - primary_channel_rx: baud_rate=0 high_carrier=1 carrier=1805.2Hz agc=0.00666 power=0 shaper_sets=640
FLOW [proto@0x1044753ae] Rx - primary_channel_rx: baud_rate=0 high_carrier=1 carrier=1805.2Hz agc=0.00666 power=1 shaper_sets=640
FLOW [proto@0x1044753ae] Rx - primary_channel_rx: baud_rate=0 high_carrier=1 carrier=1805.2Hz agc=0.00666 power=0 shaper_sets=640
FLOW [proto@0x1044753ae] Rx - Phase 3 TRN: best hyp=22 ones=56436/153600 (37%)
FLOW [proto@0x1044753ae] Rx - primary_channel_rx: baud_rate=0 high_carrier=1 carrier=1805.2Hz agc=0.00666 power=0 shaper_sets=640
FLOW [proto@0x1044753ae] Rx - Phase 3 Ja capture: emitted 161280 bits using hyp=0
FLOW [proto@0x1044753ae] Rx - primary_channel_rx: baud_rate=0 high_carrier=1 carrier=1805.2Hz agc=0.00666 power=11 shaper_sets=640
FLOW [proto@0x1044753ae] Rx - primary_channel_rx: baud_rate=0 high_carrier=1 carrier=1805.2Hz agc=0.00666 power=0 shaper_sets=640
FLOW [proto@0x1044753ae] Rx - primary_channel_rx: baud_rate=0 high_carrier=1 carrier=1805.2Hz agc=0.00666 power=7 shaper_sets=640
FLOW [proto@0x1044753ae] Rx - primary_channel_rx: baud_rate=0 high_carrier=1 carrier=1805.2Hz agc=0.00666 power=0 shaper_sets=640
FLOW [proto@0x1044753ae] Rx - primary_channel_rx: baud_rate=0 high_carrier=1 carrier=1805.2Hz agc=0.00666 power=8 shaper_sets=640
FLOW [proto@0x1044753ae] Rx - Phase 3 Ja capture: emitted 161536 bits using hyp=0
FLOW [proto@0x1044753ae] Rx - primary_channel_rx: baud_rate=0 high_carrier=1 carrier=1805.2Hz agc=0.00666 power=2 shaper_sets=640
FLOW [proto@0x1044753ae] Rx - primary_channel_rx: baud_rate=0 high_carrier=1 carrier=1805.2Hz agc=0.00666 power=0 shaper_sets=640
FLOW [proto@0x1044753ae] Rx - Phase 3 WAIT_S heartbeat: dur=2816 demod=0 event=0 j_bits=161630 trn_bits=153978 trn_hint=0/75%
FLOW [proto@0x1044753ae] Rx - primary_channel_rx: baud_rate=0 high_carrier=1 carrier=1805.2Hz agc=0.00666 power=0 shaper_sets=640
FLOW [proto@0x1044753ae] Rx - primary_channel_rx: baud_rate=0 high_carrier=1 carrier=1805.2Hz agc=0.00666 power=0 shaper_sets=640
FLOW [proto@0x1044753ae] Rx - primary_channel_rx: baud_rate=0 high_carrier=1 carrier=1805.2Hz agc=0.00666 power=7 shaper_sets=640
FLOW [proto@0x1044753ae] Rx - Phase 3 TRN: best hyp=23 ones=56705/154112 (37%)
FLOW [proto@0x1044753ae] Rx - Phase 3 Ja parser input: hyp0 len=161792 bits (stage=10, need ~16340 to parse)
FLOW [proto@0x1044753ae] Rx - Phase 3 Ja capture: emitted 161792 bits using hyp=0
FLOW [proto@0x1044753ae] Rx - primary_channel_rx: baud_rate=0 high_carrier=1 carrier=1805.2Hz agc=0.00666 power=11 shaper_sets=640
FLOW [proto@0x1044753ae] Rx - primary_channel_rx: baud_rate=0 high_carrier=1 carrier=1805.2Hz agc=0.00666 power=16 shaper_sets=640
FLOW [proto@0x1044753ae] Rx - primary_channel_rx: baud_rate=0 high_carrier=1 carrier=1805.2Hz agc=0.00666 power=13 shaper_sets=640
FLOW [proto@0x1044753ae] Rx - primary_channel_rx: baud_rate=0 high_carrier=1 carrier=1805.2Hz agc=0.00666 power=0 shaper_sets=640
FLOW [proto@0x1044753ae] Rx - Phase 3 S baud 3000: mag=0.043 data_bits=1 alt=9/32 stable=0 dom=3:17/32 rev=0/32 counts=1,6,8,17
FLOW [proto@0x1044753ae] Rx - primary_channel_rx: baud_rate=0 high_carrier=1 carrier=1805.2Hz agc=0.00666 power=0 shaper_sets=640
FLOW [proto@0x1044753ae] Rx - primary_channel_rx: baud_rate=0 high_carrier=1 carrier=1805.2Hz agc=0.00666 power=10 shaper_sets=640
FLOW [proto@0x1044753ae] Rx - Phase 3 Ja capture: emitted 162048 bits using hyp=0
FLOW [proto@0x1044753ae] Rx - primary_channel_rx: baud_rate=0 high_carrier=1 carrier=1805.2Hz agc=0.00666 power=2 shaper_sets=640
FLOW [proto@0x1044753ae] Rx - Phase 3 WAIT_S heartbeat: dur=3072 demod=0 event=0 j_bits=162142 trn_bits=154490 trn_hint=0/75%
FLOW [proto@0x1044753ae] Rx - primary_channel_rx: baud_rate=0 high_carrier=1 carrier=1805.2Hz agc=0.00666 power=0 shaper_sets=640
FLOW [proto@0x1044753ae] Rx - primary_channel_rx: baud_rate=0 high_carrier=1 carrier=1805.2Hz agc=0.00666 power=12 shaper_sets=640
FLOW [proto@0x1044753ae] Rx - primary_channel_rx: baud_rate=0 high_carrier=1 carrier=1805.2Hz agc=0.00666 power=6 shaper_sets=640
FLOW [proto@0x1044753ae] Rx - Phase 3 TRN: best hyp=22 ones=56949/154624 (37%)
FLOW [proto@0x1044753ae] Rx - primary_channel_rx: baud_rate=0 high_carrier=1 carrier=1805.2Hz agc=0.00666 power=3 shaper_sets=640
FLOW [proto@0x1044753ae] Rx - Phase 3 Ja capture: emitted 162304 bits using hyp=0
FLOW [proto@0x1044753ae] Rx - primary_channel_rx: baud_rate=0 high_carrier=1 carrier=1805.2Hz agc=0.00666 power=17 shaper_sets=640
FLOW [proto@0x1044753ae] Rx - primary_channel_rx: baud_rate=0 high_carrier=1 carrier=1805.2Hz agc=0.00666 power=4 shaper_sets=640
FLOW [proto@0x1044753ae] Rx - primary_channel_rx: baud_rate=0 high_carrier=1 carrier=1805.2Hz agc=0.00666 power=10 shaper_sets=640
FLOW [proto@0x1044753ae] Rx - primary_channel_rx: baud_rate=0 high_carrier=1 carrier=1805.2Hz agc=0.00666 power=5 shaper_sets=640
FLOW [proto@0x1044753ae] Rx - primary_channel_rx: baud_rate=0 high_carrier=1 carrier=1805.2Hz agc=0.00666 power=4 shaper_sets=640
FLOW [proto@0x1044753ae] Rx - Phase 3 Ja capture: emitted 162560 bits using hyp=0
FLOW [proto@0x1044753ae] Rx - primary_channel_rx: baud_rate=0 high_carrier=1 carrier=1805.2Hz agc=0.00666 power=15 shaper_sets=640
FLOW [proto@0x1044753ae] Rx - primary_channel_rx: baud_rate=0 high_carrier=1 carrier=1805.2Hz agc=0.00666 power=15 shaper_sets=640
FLOW [proto@0x1044753ae] Rx - Phase 3 WAIT_S heartbeat: dur=3328 demod=0 event=0 j_bits=162654 trn_bits=155002 trn_hint=0/75%
FLOW [proto@0x1044753ae] Rx - primary_channel_rx: baud_rate=0 high_carrier=1 carrier=1805.2Hz agc=0.00666 power=7 shaper_sets=640
FLOW [proto@0x1044753ae] Rx - primary_channel_rx: baud_rate=0 high_carrier=1 carrier=1805.2Hz agc=0.00666 power=12 shaper_sets=640
FLOW [proto@0x1044753ae] Rx - primary_channel_rx: baud_rate=0 high_carrier=1 carrier=1805.2Hz agc=0.00666 power=0 shaper_sets=640
FLOW [proto@0x1044753ae] Rx - Phase 3 TRN: best hyp=22 ones=57203/155136 (37%)
FLOW [proto@0x1044753ae] Rx - primary_channel_rx: baud_rate=0 high_carrier=1 carrier=1805.2Hz agc=0.00666 power=9 shaper_sets=640
FLOW [proto@0x1044753ae] Rx - Phase 3 Ja capture: emitted 162816 bits using hyp=0
FLOW [proto@0x1044753ae] Rx - primary_channel_rx: baud_rate=0 high_carrier=1 carrier=1805.2Hz agc=0.00666 power=14 shaper_sets=640
FLOW [proto@0x1044753ae] Rx - primary_channel_rx: baud_rate=0 high_carrier=1 carrier=1805.2Hz agc=0.00666 power=6 shaper_sets=640
FLOW [proto@0x1044753ae] Rx - primary_channel_rx: baud_rate=0 high_carrier=1 carrier=1805.2Hz agc=0.00666 power=11 shaper_sets=640
FLOW [proto@0x1044753ae] Rx - primary_channel_rx: baud_rate=0 high_carrier=1 carrier=1805.2Hz agc=0.00666 power=4 shaper_sets=640
FLOW [proto@0x1044753ae] Rx - primary_channel_rx: baud_rate=0 high_carrier=1 carrier=1805.2Hz agc=0.00666 power=0 shaper_sets=640
FLOW [proto@0x1044753ae] Rx - Phase 3 Ja capture: emitted 163072 bits using hyp=0
FLOW [proto@0x1044753ae] Rx - primary_channel_rx: baud_rate=0 high_carrier=1 carrier=1805.2Hz agc=0.00666 power=10 shaper_sets=640
FLOW [proto@0x1044753ae] Rx - primary_channel_rx: baud_rate=0 high_carrier=1 carrier=1805.2Hz agc=0.00666 power=19 shaper_sets=640
FLOW [proto@0x1044753ae] Rx - Phase 3 WAIT_S heartbeat: dur=3584 demod=0 event=0 j_bits=163166 trn_bits=155514 trn_hint=0/75%
FLOW [proto@0x1044753ae] Rx - primary_channel_rx: baud_rate=0 high_carrier=1 carrier=1805.2Hz agc=0.00666 power=8 shaper_sets=640
FLOW [proto@0x1044753ae] Rx - primary_channel_rx: baud_rate=0 high_carrier=1 carrier=1805.2Hz agc=0.00666 power=7 shaper_sets=640
FLOW [proto@0x1044753ae] Rx - primary_channel_rx: baud_rate=0 high_carrier=1 carrier=1805.2Hz agc=0.00666 power=5 shaper_sets=640
FLOW [proto@0x1044753ae] Rx - Phase 3 TRN: best hyp=22 ones=57467/155648 (37%)
FLOW [proto@0x1044753ae] Rx - Phase 3 Ja capture: emitted 163328 bits using hyp=0
FLOW [proto@0x1044753ae] Rx - primary_channel_rx: baud_rate=0 high_carrier=1 carrier=1805.2Hz agc=0.00666 power=3 shaper_sets=640
FLOW [proto@0x1044753ae] Rx - primary_channel_rx: baud_rate=0 high_carrier=1 carrier=1805.2Hz agc=0.00666 power=8 shaper_sets=640
FLOW [proto@0x1044753ae] Rx - primary_channel_rx: baud_rate=0 high_carrier=1 carrier=1805.2Hz agc=0.00666 power=0 shaper_sets=640
FLOW [proto@0x1044753ae] Rx - primary_channel_rx: baud_rate=0 high_carrier=1 carrier=1805.2Hz agc=0.00666 power=3 shaper_sets=640
FLOW [proto@0x1044753ae] Rx - primary_channel_rx: baud_rate=0 high_carrier=1 carrier=1805.2Hz agc=0.00666 power=0 shaper_sets=640
FLOW [proto@0x1044753ae] Rx - primary_channel_rx: baud_rate=0 high_carrier=1 carrier=1805.2Hz agc=0.00666 power=6 shaper_sets=640
FLOW [proto@0x1044753ae] Rx - Phase 3 Ja capture: emitted 163584 bits using hyp=0
FLOW [proto@0x1044753ae] Rx - primary_channel_rx: baud_rate=0 high_carrier=1 carrier=1805.2Hz agc=0.00666 power=7 shaper_sets=640
FLOW [proto@0x1044753ae] Rx - Phase 3 WAIT_S heartbeat: dur=3840 demod=0 event=0 j_bits=163678 trn_bits=156026 trn_hint=0/75%
FLOW [proto@0x1044753ae] Rx - primary_channel_rx: baud_rate=0 high_carrier=1 carrier=1805.2Hz agc=0.00666 power=5 shaper_sets=640
FLOW [proto@0x1044753ae] Rx - primary_channel_rx: baud_rate=0 high_carrier=1 carrier=1805.2Hz agc=0.00666 power=7 shaper_sets=640
FLOW [proto@0x1044753ae] Rx - primary_channel_rx: baud_rate=0 high_carrier=1 carrier=1805.2Hz agc=0.00666 power=4 shaper_sets=640
FLOW [proto@0x1044753ae] Rx - Phase 3 TRN: best hyp=22 ones=57721/156160 (37%)
FLOW [proto@0x1044753ae] Rx - primary_channel_rx: baud_rate=0 high_carrier=1 carrier=1805.2Hz agc=0.00666 power=13 shaper_sets=640
FLOW [proto@0x1044753ae] Rx - Phase 3 Ja parser input: hyp0 len=163840 bits (stage=10, need ~16340 to parse)
FLOW [proto@0x1044753ae] Rx - Phase 3 Ja capture: emitted 163840 bits using hyp=0
FLOW [proto@0x1044753ae] Rx - primary_channel_rx: baud_rate=0 high_carrier=1 carrier=1805.2Hz agc=0.00666 power=0 shaper_sets=640
FLOW [proto@0x1044753ae] Rx - primary_channel_rx: baud_rate=0 high_carrier=1 carrier=1805.2Hz agc=0.00666 power=0 shaper_sets=640
FLOW [proto@0x1044753ae] Rx - primary_channel_rx: baud_rate=0 high_carrier=1 carrier=1805.2Hz agc=0.00666 power=0 shaper_sets=640
FLOW [proto@0x1044753ae] Rx - Phase 3 S baud 4000: mag=0.020 data_bits=2 alt=5/32 stable=0 dom=2:12/32 rev=0/32 counts=9,2,12,9
FLOW [proto@0x1044753ae] Rx - primary_channel_rx: baud_rate=0 high_carrier=1 carrier=1805.2Hz agc=0.00666 power=11 shaper_sets=640
FLOW [proto@0x1044753ae] Rx - primary_channel_rx: baud_rate=0 high_carrier=1 carrier=1805.2Hz agc=0.00666 power=0 shaper_sets=640
FLOW [proto@0x1044753ae] Rx - Phase 3 Ja capture: emitted 164096 bits using hyp=0
FLOW [proto@0x1044753ae] Rx - primary_channel_rx: baud_rate=0 high_carrier=1 carrier=1805.2Hz agc=0.00666 power=7 shaper_sets=640
FLOW [proto@0x1044753ae] Rx - primary_channel_rx: baud_rate=0 high_carrier=1 carrier=1805.2Hz agc=0.00666 power=2 shaper_sets=640
FLOW [proto@0x1044753ae] Rx - Phase 3 WAIT_S heartbeat: dur=4096 demod=0 event=0 j_bits=164190 trn_bits=156538 trn_hint=0/75%
FLOW [proto@0x1044753ae] Rx - primary_channel_rx: baud_rate=0 high_carrier=1 carrier=1805.2Hz agc=0.00666 power=0 shaper_sets=640
FLOW [proto@0x1044753ae] Rx - primary_channel_rx: baud_rate=0 high_carrier=1 carrier=1805.2Hz agc=0.00666 power=18 shaper_sets=640
FLOW [proto@0x1044753ae] Rx - primary_channel_rx: baud_rate=0 high_carrier=1 carrier=1805.2Hz agc=0.00666 power=6 shaper_sets=640
FLOW [proto@0x1044753ae] Rx - Phase 3 TRN: best hyp=22 ones=57970/156672 (37%)
FLOW [proto@0x1044753ae] Rx - primary_channel_rx: baud_rate=0 high_carrier=1 carrier=1805.2Hz agc=0.00022 power=94646566 shaper_sets=640
FLOW [proto@0x1044753ae] Rx - Phase 3 Ja capture: emitted 164352 bits using hyp=0
FLOW [proto@0x1044753ae] Rx - primary_channel_rx: baud_rate=0 high_carrier=1 carrier=1805.2Hz agc=0.00198 power=1196618 shaper_sets=640
FLOW [proto@0x1044753ae] Rx - primary_channel_rx: baud_rate=0 high_carrier=1 carrier=1805.2Hz agc=0.00628 power=119286 shaper_sets=640
FLOW [proto@0x1044753ae] Rx - primary_channel_rx: baud_rate=0 high_carrier=1 carrier=1805.1Hz agc=0.00667 power=783 shaper_sets=640
FLOW [proto@0x1044753ae] Rx - primary_channel_rx: baud_rate=0 high_carrier=1 carrier=1805.2Hz agc=0.00667 power=1909 shaper_sets=640
FLOW [proto@0x1044753ae] Rx - primary_channel_rx: baud_rate=0 high_carrier=1 carrier=1805.1Hz agc=0.00667 power=26 shaper_sets=640
FLOW [proto@0x1044753ae] Rx - Phase 3 Ja capture: emitted 164608 bits using hyp=0
FLOW [proto@0x1044753ae] Rx - primary_channel_rx: baud_rate=0 high_carrier=1 carrier=1805.1Hz agc=0.00667 power=10 shaper_sets=640
FLOW [proto@0x1044753ae] Rx - primary_channel_rx: baud_rate=0 high_carrier=1 carrier=1805.1Hz agc=0.00667 power=18 shaper_sets=640
FLOW [proto@0x1044753ae] Rx - Phase 3 WAIT_S heartbeat: dur=4352 demod=0 event=0 j_bits=164702 trn_bits=157050 trn_hint=0/75%
FLOW [proto@0x1044753ae] Rx - primary_channel_rx: baud_rate=0 high_carrier=1 carrier=1805.1Hz agc=0.00667 power=5 shaper_sets=640
FLOW [proto@0x1044753ae] Rx - primary_channel_rx: baud_rate=0 high_carrier=1 carrier=1805.2Hz agc=0.00667 power=6 shaper_sets=640
FLOW [proto@0x1044753ae] Rx - primary_channel_rx: baud_rate=0 high_carrier=1 carrier=1805.2Hz agc=0.00667 power=8 shaper_sets=640
FLOW [proto@0x1044753ae] Rx - Phase 3 TRN: best hyp=22 ones=58223/157184 (37%)
FLOW [proto@0x1044753ae] Rx - Phase 3 Ja capture: emitted 164864 bits using hyp=0
FLOW [proto@0x1044753ae] Rx - primary_channel_rx: baud_rate=0 high_carrier=1 carrier=1805.2Hz agc=0.00667 power=0 shaper_sets=640
FLOW [proto@0x1044753ae] Rx - primary_channel_rx: baud_rate=0 high_carrier=1 carrier=1805.2Hz agc=0.00667 power=17 shaper_sets=640
FLOW [proto@0x1044753ae] Rx - primary_channel_rx: baud_rate=0 high_carrier=1 carrier=1805.2Hz agc=0.00667 power=0 shaper_sets=640
FLOW [proto@0x1044753ae] Rx - primary_channel_rx: baud_rate=0 high_carrier=1 carrier=1805.2Hz agc=0.00667 power=6 shaper_sets=640
FLOW [proto@0x1044753ae] Rx - primary_channel_rx: baud_rate=0 high_carrier=1 carrier=1805.2Hz agc=0.00667 power=1 shaper_sets=640
FLOW [proto@0x1044753ae] Rx - primary_channel_rx: baud_rate=0 high_carrier=1 carrier=1805.2Hz agc=0.00667 power=4 shaper_sets=640
FLOW [proto@0x1044753ae] Rx - Phase 3 Ja capture: emitted 165120 bits using hyp=0
FLOW [proto@0x1044753ae] Rx - primary_channel_rx: baud_rate=0 high_carrier=1 carrier=1805.2Hz agc=0.00667 power=2 shaper_sets=640
FLOW [proto@0x1044753ae] Rx - Phase 3 WAIT_S heartbeat: dur=4608 demod=0 event=0 j_bits=165214 trn_bits=157562 trn_hint=0/75%
FLOW [proto@0x1044753ae] Rx - primary_channel_rx: baud_rate=0 high_carrier=1 carrier=1805.2Hz agc=0.00667 power=6 shaper_sets=640
FLOW [proto@0x1044753ae] Rx - primary_channel_rx: baud_rate=0 high_carrier=1 carrier=1805.2Hz agc=0.00667 power=0 shaper_sets=640
FLOW [proto@0x1044753ae] Rx - primary_channel_rx: baud_rate=0 high_carrier=1 carrier=1805.2Hz agc=0.00667 power=12 shaper_sets=640
FLOW [proto@0x1044753ae] Rx - Phase 3 TRN: best hyp=22 ones=58492/157696 (37%)
FLOW [proto@0x1044753ae] Rx - primary_channel_rx: baud_rate=0 high_carrier=1 carrier=1805.2Hz agc=0.00667 power=6 shaper_sets=640
FLOW [proto@0x1044753ae] Rx - Phase 3 Ja capture: emitted 165376 bits using hyp=0
FLOW [proto@0x1044753ae] Rx - primary_channel_rx: baud_rate=0 high_carrier=1 carrier=1805.2Hz agc=0.00667 power=14 shaper_sets=640
FLOW [proto@0x1044753ae] Rx - primary_channel_rx: baud_rate=0 high_carrier=1 carrier=1805.2Hz agc=0.00667 power=1 shaper_sets=640
FLOW [proto@0x1044753ae] Rx - primary_channel_rx: baud_rate=0 high_carrier=1 carrier=1805.2Hz agc=0.00667 power=13 shaper_sets=640
FLOW [proto@0x1044753ae] Rx - primary_channel_rx: baud_rate=0 high_carrier=1 carrier=1805.2Hz agc=0.00667 power=0 shaper_sets=640
FLOW [proto@0x1044753ae] Rx - primary_channel_rx: baud_rate=0 high_carrier=1 carrier=1805.2Hz agc=0.00667 power=10 shaper_sets=640
FLOW [proto@0x1044753ae] Rx - Phase 3 Ja capture: emitted 165632 bits using hyp=0
FLOW [proto@0x1044753ae] Rx - primary_channel_rx: baud_rate=0 high_carrier=1 carrier=1805.2Hz agc=0.00667 power=7 shaper_sets=640
FLOW [proto@0x1044753ae] Rx - primary_channel_rx: baud_rate=0 high_carrier=1 carrier=1805.2Hz agc=0.00667 power=7 shaper_sets=640
FLOW [proto@0x1044753ae] Rx - Phase 3 WAIT_S heartbeat: dur=4864 demod=0 event=0 j_bits=165726 trn_bits=158074 trn_hint=0/75%
FLOW [proto@0x1044753ae] Rx - primary_channel_rx: baud_rate=0 high_carrier=1 carrier=1805.2Hz agc=0.00667 power=3 shaper_sets=640
FLOW [proto@0x1044753ae] Rx - primary_channel_rx: baud_rate=0 high_carrier=1 carrier=1805.2Hz agc=0.00667 power=10 shaper_sets=640
FLOW [proto@0x1044753ae] Rx - primary_channel_rx: baud_rate=0 high_carrier=1 carrier=1805.2Hz agc=0.00667 power=0 shaper_sets=640
FLOW [proto@0x1044753ae] Rx - Phase 3 TRN: best hyp=22 ones=58739/158208 (37%)
FLOW [proto@0x1044753ae] Rx - primary_channel_rx: baud_rate=0 high_carrier=1 carrier=1805.2Hz agc=0.00667 power=7 shaper_sets=640
FLOW [proto@0x1044753ae] Rx - Phase 3 Ja parser input: hyp0 len=165888 bits (stage=10, need ~16340 to parse)
FLOW [proto@0x1044753ae] Rx - Phase 3 Ja capture: emitted 165888 bits using hyp=0
FLOW [proto@0x1044753ae] Rx - primary_channel_rx: baud_rate=0 high_carrier=1 carrier=1805.2Hz agc=0.00667 power=0 shaper_sets=640
FLOW [proto@0x1044753ae] Rx - primary_channel_rx: baud_rate=0 high_carrier=1 carrier=1805.2Hz agc=0.00667 power=11 shaper_sets=640
FLOW [proto@0x1044753ae] Rx - Phase 3 S baud 5000: mag=0.039 data_bits=3 alt=4/32 stable=0 dom=2:13/32 rev=0/32 counts=5,2,13,12
FLOW [proto@0x1044753ae] Rx - primary_channel_rx: baud_rate=0 high_carrier=1 carrier=1805.2Hz agc=0.00667 power=0 shaper_sets=640
FLOW [proto@0x1044753ae] Rx - primary_channel_rx: baud_rate=0 high_carrier=1 carrier=1805.1Hz agc=0.00667 power=9 shaper_sets=640
FLOW [proto@0x1044753ae] Rx - primary_channel_rx: baud_rate=0 high_carrier=1 carrier=1805.1Hz agc=0.00667 power=6 shaper_sets=640
FLOW [proto@0x1044753ae] Rx - Phase 3 Ja capture: emitted 166144 bits using hyp=0
FLOW [proto@0x1044753ae] Rx - primary_channel_rx: baud_rate=0 high_carrier=1 carrier=1805.2Hz agc=0.00667 power=13 shaper_sets=640
FLOW [proto@0x1044753ae] Rx - primary_channel_rx: baud_rate=0 high_carrier=1 carrier=1805.2Hz agc=0.00667 power=0 shaper_sets=640
FLOW [proto@0x1044753ae] Rx - Phase 3 WAIT_S heartbeat: dur=5120 demod=0 event=0 j_bits=166238 trn_bits=158586 trn_hint=0/75%
FLOW [proto@0x1044753ae] Rx - primary_channel_rx: baud_rate=0 high_carrier=1 carrier=1805.2Hz agc=0.00667 power=9 shaper_sets=640
FLOW [proto@0x1044753ae] Rx - primary_channel_rx: baud_rate=0 high_carrier=1 carrier=1805.2Hz agc=0.00667 power=2 shaper_sets=640
FLOW [proto@0x1044753ae] Rx - primary_channel_rx: baud_rate=0 high_carrier=1 carrier=1805.2Hz agc=0.00667 power=10 shaper_sets=640
FLOW [proto@0x1044753ae] Rx - Phase 3 TRN: best hyp=22 ones=58975/158720 (37%)
FLOW [proto@0x1044753ae] Rx - Phase 3 Ja capture: emitted 166400 bits using hyp=0
FLOW [proto@0x1044753ae] Rx - primary_channel_rx: baud_rate=0 high_carrier=1 carrier=1805.2Hz agc=0.00667 power=4 shaper_sets=640
FLOW [proto@0x1044753ae] Rx - primary_channel_rx: baud_rate=0 high_carrier=1 carrier=1805.2Hz agc=0.00667 power=13 shaper_sets=640
FLOW [proto@0x1044753ae] Rx - primary_channel_rx: baud_rate=0 high_carrier=1 carrier=1805.2Hz agc=0.00667 power=1 shaper_sets=640
FLOW [proto@0x1044753ae] Rx - primary_channel_rx: baud_rate=0 high_carrier=1 carrier=1805.2Hz agc=0.00667 power=14 shaper_sets=640
FLOW [proto@0x1044753ae] Rx - primary_channel_rx: baud_rate=0 high_carrier=1 carrier=1805.2Hz agc=0.00667 power=0 shaper_sets=640
FLOW [proto@0x1044753ae] Rx - primary_channel_rx: baud_rate=0 high_carrier=1 carrier=1805.2Hz agc=0.00667 power=11 shaper_sets=640
FLOW [proto@0x1044753ae] Rx - Phase 3 Ja capture: emitted 166656 bits using hyp=0
FLOW [proto@0x1044753ae] Rx - primary_channel_rx: baud_rate=0 high_carrier=1 carrier=1805.2Hz agc=0.00667 power=0 shaper_sets=640
FLOW [proto@0x1044753ae] Rx - Phase 3 WAIT_S heartbeat: dur=5376 demod=0 event=0 j_bits=166750 trn_bits=159098 trn_hint=0/75%
FLOW [proto@0x1044753ae] Rx - primary_channel_rx: baud_rate=0 high_carrier=1 carrier=1805.2Hz agc=0.00667 power=14 shaper_sets=640
FLOW [proto@0x1044753ae] Rx - primary_channel_rx: baud_rate=0 high_carrier=1 carrier=1805.1Hz agc=0.00667 power=0 shaper_sets=640
FLOW [proto@0x1044753ae] Rx - primary_channel_rx: baud_rate=0 high_carrier=1 carrier=1805.2Hz agc=0.00667 power=11 shaper_sets=640
FLOW [proto@0x1044753ae] Rx - Phase 3 TRN: best hyp=23 ones=59257/159232 (37%)
FLOW [proto@0x1044753ae] Rx - primary_channel_rx: baud_rate=0 high_carrier=1 carrier=1805.2Hz agc=0.00667 power=7 shaper_sets=640
FLOW [proto@0x1044753ae] Rx - Phase 3 Ja capture: emitted 166912 bits using hyp=0
FLOW [proto@0x1044753ae] Rx - primary_channel_rx: baud_rate=0 high_carrier=1 carrier=1805.2Hz agc=0.00667 power=14 shaper_sets=640
FLOW [proto@0x1044753ae] Rx - primary_channel_rx: baud_rate=0 high_carrier=1 carrier=1805.1Hz agc=0.00667 power=5 shaper_sets=640
FLOW [proto@0x1044753ae] Rx - primary_channel_rx: baud_rate=0 high_carrier=1 carrier=1805.1Hz agc=0.00667 power=15 shaper_sets=640
FLOW [proto@0x1044753ae] Rx - primary_channel_rx: baud_rate=0 high_carrier=1 carrier=1805.1Hz agc=0.00667 power=0 shaper_sets=640
FLOW [proto@0x1044753ae] Rx - primary_channel_rx: baud_rate=0 high_carrier=1 carrier=1805.1Hz agc=0.00667 power=10 shaper_sets=640
FLOW [proto@0x1044753ae] Rx - Phase 3 Ja capture: emitted 167168 bits using hyp=0
FLOW [proto@0x1044753ae] Rx - primary_channel_rx: baud_rate=0 high_carrier=1 carrier=1805.1Hz agc=0.00667 power=3 shaper_sets=640
FLOW [proto@0x1044753ae] Rx - primary_channel_rx: baud_rate=0 high_carrier=1 carrier=1805.1Hz agc=0.00667 power=12 shaper_sets=640
FLOW [proto@0x1044753ae] Rx - Phase 3 WAIT_S heartbeat: dur=5632 demod=0 event=0 j_bits=167262 trn_bits=159610 trn_hint=0/75%
FLOW [proto@0x1044753ae] Rx - primary_channel_rx: baud_rate=0 high_carrier=1 carrier=1805.1Hz agc=0.00667 power=0 shaper_sets=640
FLOW [proto@0x1044753ae] Rx - primary_channel_rx: baud_rate=0 high_carrier=1 carrier=1805.1Hz agc=0.00667 power=14 shaper_sets=640
FLOW [proto@0x1044753ae] Rx - primary_channel_rx: baud_rate=0 high_carrier=1 carrier=1805.1Hz agc=0.00667 power=0 shaper_sets=640
FLOW [proto@0x1044753ae] Rx - Phase 3 TRN: best hyp=23 ones=59507/159744 (37%)
FLOW [proto@0x1044753ae] Rx - primary_channel_rx: baud_rate=0 high_carrier=1 carrier=1805.1Hz agc=0.00667 power=15 shaper_sets=640
FLOW [proto@0x1044753ae] Rx - Phase 3 Ja capture: emitted 167424 bits using hyp=0
FLOW [proto@0x1044753ae] Rx - primary_channel_rx: baud_rate=0 high_carrier=1 carrier=1805.2Hz agc=0.00667 power=2 shaper_sets=640
FLOW [proto@0x1044753ae] Rx - primary_channel_rx: baud_rate=0 high_carrier=1 carrier=1805.2Hz agc=0.00667 power=18 shaper_sets=640
FLOW [proto@0x1044753ae] Rx - primary_channel_rx: baud_rate=0 high_carrier=1 carrier=1805.1Hz agc=0.00667 power=0 shaper_sets=640
FLOW [proto@0x1044753ae] Rx - primary_channel_rx: baud_rate=0 high_carrier=1 carrier=1805.1Hz agc=0.00667 power=26 shaper_sets=640
FLOW [proto@0x1044753ae] Rx - primary_channel_rx: baud_rate=0 high_carrier=1 carrier=1805.1Hz agc=0.00667 power=0 shaper_sets=640
FLOW [proto@0x1044753ae] Rx - Phase 3 Ja capture: emitted 167680 bits using hyp=0
FLOW [proto@0x1044753ae] Rx - primary_channel_rx: baud_rate=0 high_carrier=1 carrier=1805.1Hz agc=0.00667 power=10 shaper_sets=640
FLOW [proto@0x1044753ae] Rx - primary_channel_rx: baud_rate=0 high_carrier=1 carrier=1805.1Hz agc=0.00667 power=0 shaper_sets=640
FLOW [proto@0x1044753ae] Rx - Phase 3 WAIT_S heartbeat: dur=5888 demod=0 event=0 j_bits=167774 trn_bits=160122 trn_hint=0/75%
FLOW [proto@0x1044753ae] Rx - primary_channel_rx: baud_rate=0 high_carrier=1 carrier=1805.2Hz agc=0.00667 power=14 shaper_sets=640
FLOW [proto@0x1044753ae] Rx - primary_channel_rx: baud_rate=0 high_carrier=1 carrier=1805.2Hz agc=0.00667 power=0 shaper_sets=640
FLOW [proto@0x1044753ae] Rx - primary_channel_rx: baud_rate=0 high_carrier=1 carrier=1805.2Hz agc=0.00667 power=13 shaper_sets=640
FLOW [proto@0x1044753ae] Rx - Phase 3 TRN: best hyp=23 ones=59750/160256 (37%)
FLOW [proto@0x1044753ae] Rx - Phase 3 Ja parser input: hyp0 len=167936 bits (stage=10, need ~16340 to parse)
FLOW [proto@0x1044753ae] Rx - Phase 3 Ja capture: emitted 167936 bits using hyp=0
FLOW [proto@0x1044753ae] Rx - primary_channel_rx: baud_rate=0 high_carrier=1 carrier=1805.2Hz agc=0.00667 power=4 shaper_sets=640
FLOW [proto@0x1044753ae] Rx - Phase 3 S baud 6000: mag=0.018 data_bits=2 alt=7/32 stable=0 dom=2:12/32 rev=0/32 counts=6,6,12,8
FLOW [proto@0x1044753ae] Rx - Phase 3: S detect timeout (6000 bauds, alt=7/32 rev=0/32, j_bits=168000 trn_bits=160348 trn_hint=0/75%), continuing search
FLOW [proto@0x1044753ae] Rx - primary_channel_rx: baud_rate=0 high_carrier=1 carrier=1805.2Hz agc=0.00667 power=11 shaper_sets=640
FLOW [proto@0x1044753ae] Rx - Phase 3 WAIT_S heartbeat: dur=1 demod=0 event=0 j_bits=168000 trn_bits=160348 trn_hint=0/75%
FLOW [proto@0x1044753ae] Rx - Phase 3 S baud 1: mag=0.022 data_bits=3 alt=0/32 stable=0 dom=3:1/32 rev=0/32 counts=0,0,0,1
FLOW [proto@0x1044753ae] Rx - Phase 3 S baud 2: mag=0.021 data_bits=3 alt=0/32 stable=0 dom=3:2/32 rev=0/32 counts=0,0,0,2
FLOW [proto@0x1044753ae] Rx - Phase 3 S baud 3: mag=0.019 data_bits=2 alt=0/32 stable=0 dom=3:2/32 rev=0/32 counts=0,0,1,2
FLOW [proto@0x1044753ae] Rx - Phase 3 S baud 4: mag=0.046 data_bits=0 alt=0/32 stable=0 dom=3:2/32 rev=0/32 counts=1,0,1,2
FLOW [proto@0x1044753ae] Rx - primary_channel_rx: baud_rate=0 high_carrier=1 carrier=1805.2Hz agc=0.00667 power=1 shaper_sets=640
FLOW [proto@0x1044753ae] Rx - primary_channel_rx: baud_rate=0 high_carrier=1 carrier=1805.2Hz agc=0.00667 power=6 shaper_sets=640
FLOW [proto@0x1044753ae] Rx - primary_channel_rx: baud_rate=0 high_carrier=1 carrier=1805.2Hz agc=0.00667 power=4 shaper_sets=640
FLOW [proto@0x1044753ae] Rx - primary_channel_rx: baud_rate=0 high_carrier=1 carrier=1805.2Hz agc=0.00667 power=11 shaper_sets=640
FLOW [proto@0x1044753ae] Rx - Phase 3 Ja capture: emitted 168192 bits using hyp=0
FLOW [proto@0x1044753ae] Rx - primary_channel_rx: baud_rate=0 high_carrier=1 carrier=1805.2Hz agc=0.00667 power=0 shaper_sets=640
FLOW [proto@0x1044753ae] Rx - primary_channel_rx: baud_rate=0 high_carrier=1 carrier=1805.2Hz agc=0.00667 power=12 shaper_sets=640
FLOW [proto@0x1044753ae] Rx - primary_channel_rx: baud_rate=0 high_carrier=1 carrier=1805.2Hz agc=0.00667 power=6 shaper_sets=640
FLOW [proto@0x1044753ae] Rx - primary_channel_rx: baud_rate=0 high_carrier=1 carrier=1805.2Hz agc=0.00667 power=12 shaper_sets=640
FLOW [proto@0x1044753ae] Rx - primary_channel_rx: baud_rate=0 high_carrier=1 carrier=1805.1Hz agc=0.00667 power=0 shaper_sets=640
FLOW [proto@0x1044753ae] Rx - Phase 3 Ja capture: emitted 168448 bits using hyp=0
FLOW [proto@0x1044753ae] Rx - primary_channel_rx: baud_rate=0 high_carrier=1 carrier=1805.1Hz agc=0.00667 power=14 shaper_sets=640
FLOW [proto@0x1044753ae] Rx - Phase 3 WAIT_S heartbeat: dur=256 demod=0 event=0 j_bits=168510 trn_bits=160348 trn_hint=0/75%
FLOW [proto@0x1044753ae] Rx - primary_channel_rx: baud_rate=0 high_carrier=1 carrier=1805.1Hz agc=0.00667 power=1 shaper_sets=640
FLOW [proto@0x1044753ae] Rx - primary_channel_rx: baud_rate=0 high_carrier=1 carrier=1805.1Hz agc=0.00667 power=19 shaper_sets=640
FLOW [proto@0x1044753ae] Rx - primary_channel_rx: baud_rate=0 high_carrier=1 carrier=1805.1Hz agc=0.00667 power=3 shaper_sets=640
FLOW [proto@0x1044753ae] Rx - primary_channel_rx: baud_rate=0 high_carrier=1 carrier=1805.1Hz agc=0.00667 power=15 shaper_sets=640
FLOW [proto@0x1044753ae] Rx - Phase 3 Ja capture: emitted 168704 bits using hyp=0
FLOW [proto@0x1044753ae] Rx - primary_channel_rx: baud_rate=0 high_carrier=1 carrier=1805.1Hz agc=0.00667 power=0 shaper_sets=640
FLOW [proto@0x1044753ae] Rx - primary_channel_rx: baud_rate=0 high_carrier=1 carrier=1805.1Hz agc=0.00667 power=24 shaper_sets=640
FLOW [proto@0x1044753ae] Rx - primary_channel_rx: baud_rate=0 high_carrier=1 carrier=1805.1Hz agc=0.00667 power=3 shaper_sets=640
FLOW [proto@0x1044753ae] Rx - primary_channel_rx: baud_rate=0 high_carrier=1 carrier=1805.1Hz agc=0.00667 power=15 shaper_sets=640
FLOW [proto@0x1044753ae] Rx - primary_channel_rx: baud_rate=0 high_carrier=1 carrier=1805.1Hz agc=0.00667 power=0 shaper_sets=640
FLOW [proto@0x1044753ae] Rx - Phase 3 TRN: best hyp=23 ones=60025/160768 (37%)
FLOW [proto@0x1044753ae] Rx - primary_channel_rx: baud_rate=0 high_carrier=1 carrier=1805.1Hz agc=0.00667 power=13 shaper_sets=640
FLOW [proto@0x1044753ae] Rx - Phase 3 Ja capture: emitted 168960 bits using hyp=0
FLOW [proto@0x1044753ae] Rx - primary_channel_rx: baud_rate=0 high_carrier=1 carrier=1805.1Hz agc=0.00667 power=3 shaper_sets=640
FLOW [proto@0x1044753ae] Rx - Phase 3 WAIT_S heartbeat: dur=512 demod=0 event=0 j_bits=169022 trn_bits=160860 trn_hint=0/75%
FLOW [proto@0x1044753ae] Rx - primary_channel_rx: baud_rate=0 high_carrier=1 carrier=1805.1Hz agc=0.00667 power=15 shaper_sets=640
FLOW [proto@0x1044753ae] Rx - primary_channel_rx: baud_rate=0 high_carrier=1 carrier=1805.1Hz agc=0.00667 power=0 shaper_sets=640
FLOW [proto@0x1044753ae] Rx - primary_channel_rx: baud_rate=0 high_carrier=1 carrier=1805.1Hz agc=0.00667 power=22 shaper_sets=640
FLOW [proto@0x1044753ae] Rx - primary_channel_rx: baud_rate=0 high_carrier=1 carrier=1805.1Hz agc=0.00667 power=0 shaper_sets=640
FLOW [proto@0x1044753ae] Rx - Phase 3 Ja capture: emitted 169216 bits using hyp=0
FLOW [proto@0x1044753ae] Rx - primary_channel_rx: baud_rate=0 high_carrier=1 carrier=1805.1Hz agc=0.00667 power=21 shaper_sets=640
17:26:59.004          pjsua_media.c  .......
  [DISCONNECTED] To: "VG224 Port 2/22" <sip:8422@192.168.88.122>;tag=78e2634d-e571-4710-b35e-cb178202d34a
    Call time: 00h:00m:42s, 1st res in 2 ms, conn in 6011ms
    #0 audio PCMU @8kHz, sendrecv, peer=192.168.88.122:13650
       SRTP status: Not active Crypto-suite: 
       RX pt=0, last update:00h:00m:01.229s ago
          total 2.1Kpkt 342.0KB (427.6KB +IP hdr) @avg=63.8Kbps/79.8Kbps
          pkt loss=0 (0.0%), discrd=0 (0.0%), dup=0 (0.0%), reord=0 (0.0%)
                (msec)    min     avg     max     last    dev
          loss period:   0.000   0.000   0.000   0.000   0.000
          jitter     :   0.000   0.425   1.375   0.250   0.209
       TX pt=0, ptime=20, last update:00h:00m:02.809s ago
          total 2.1Kpkt 342.5KB (428.2KB +IP hdr) @avg=63.9Kbps/79.9Kbps
          pkt loss=0 (0.0%), dup=0 (0.0%), reorder=0 (0.0%)
                (msec)    min     avg     max     last    dev 
          loss period:   0.000   0.000   0.000   0.000   0.000
          jitter     :   0.500   0.797   1.250   0.500   0.233
       RTT msec      :   3.250   3.835   5.004   3.326   0.554
17:26:59.005              sip_modem  ......Call 0 state: DISCONNECTED
17:26:59.005              sip_modem  ME trace (state-change): state=IDLE mod=NONE law=ULAW role=answerer media=down phase_ms=0 v34_rx=0 v34_tx=0 v90_rx=-1 v90_tx=-1 v90_event=-1 phase3=0 s_events=0 dil=0 cp_bits=0 cp_valid=0 cp_rejected=0 v92=0 trn2u=0 trn2u_symbols=0 trn2u_ones=0 cpu_bits=0 cpu_valid=0 cpu_rejected=0 g711_rx=340800 g711_tx=342560 raw_v90_tx=0 linear_tx=342560
17:26:59.005              sip_modem  ME trace (media-down): state=IDLE mod=NONE law=ULAW role=answerer media=down phase_ms=0 v34_rx=0 v34_tx=0 v90_rx=-1 v90_tx=-1 v90_event=-1 phase3=0 s_events=0 dil=0 cp_bits=0 cp_valid=0 cp_rejected=0 v92=0 trn2u=0 trn2u_symbols=0 trn2u_ones=0 cpu_bits=0 cpu_valid=0 cpu_rejected=0 g711_rx=340800 g711_tx=342560 raw_v90_tx=0 linear_tx=342560
17:30:29.463            pjsua_acc.c  ....sip:6000@asterisk.net.cryan.nz: registration success, status=200 (OK), will re-register in 299 seconds
17:30:34.824              sip_modem  Shutting down...
17:30:35.047            pjsua_acc.c  .....sip:6000@asterisk.net.cryan.nz: unregistration success
17:30:36.057                timer.c  .Dumping timer heap:
17:30:36.057                timer.c  .  Cur size: 0 entries, max: 3070
