monotonic_ns,seq,timestamp,marker,payload_type,packet_bytes,ssrc,seq_delta,ts_delta,wall_delta_ns
1725544201286000,20430,160,1,0,172,815241331,0,0,0
1725544221363000,20431,320,0,0,172,815241331,1,160,20077000
1725544241582000,20432,480,0,0,172,815241331,1,160,20219000
1725544260901000,20433,640,0,0,172,815241331,1,160,19319000
1725544281308000,20434,800,0,0,172,815241331,1,160,20407000
1725544301489000,20435,960,0,0,172,815241331,1,160,20181000
1725544321679000,20436,1120,0,0,172,815241331,1,160,20190000
1725544341846000,20437,1280,0,0,172,815241331,1,160,20167000
1725544362048000,20438,1440,0,0,172,815241331,1,160,20202000
1725544381773000,20439,1600,0,0,172,815241331,1,160,19725000
1725544401960000,20440,1760,0,0,172,815241331,1,160,20187000
1725544422153000,20441,1920,0,0,172,815241331,1,160,20193000
1725544442346000,20442,2080,0,0,172,815241331,1,160,20193000
1725544461586000,20443,2240,0,0,172,815241331,1,160,19240000
1725544480770000,20444,2400,0,0,172,815241331,1,160,19184000
1725544501845000,20445,2560,0,0,172,815241331,1,160,21075000
1725544521963000,20446,2720,0,0,172,815241331,1,160,20118000
1725544542069000,20447,2880,0,0,172,815241331,1,160,20106000
1725544562133000,20448,3040,0,0,172,815241331,1,160,20064000
1725544581689000,20449,3200,0,0,172,815241331,1,160,19556000
1725544601814000,20450,3360,0,0,172,815241331,1,160,20125000
1725544621942000,20451,3520,0,0,172,815241331,1,160,20128000
1725544642144000,20452,3680,0,0,172,815241331,1,160,20202000
1725544662371000,20453,3840,0,0,172,815241331,1,160,20227000
1725544681636000,20454,4000,0,0,172,815241331,1,160,19265000
1725544701865000,20455,4160,0,0,172,815241331,1,160,20229000
1725544722070000,20456,4320,0,0,172,815241331,1,160,20205000
1725544742310000,20457,4480,0,0,172,815241331,1,160,20240000
1725544761653000,20458,4640,0,0,172,815241331,1,160,19343000
1725544781901000,20459,4800,0,0,172,815241331,1,160,20248000
1725544802130000,20460,4960,0,0,172,815241331,1,160,20229000
1725544822314000,20461,5120,0,0,172,815241331,1,160,20184000
1725544841425000,20462,5280,0,0,172,815241331,1,160,19111000
1725544861673000,20463,5440,0,0,172,815241331,1,160,20248000
1725544881729000,20464,5600,0,0,172,815241331,1,160,20056000
1725544901936000,20465,5760,0,0,172,815241331,1,160,20207000
1725544922185000,20466,5920,0,0,172,815241331,1,160,20249000
1725544941391000,20467,6080,0,0,172,815241331,1,160,19206000
1725544961639000,20468,6240,0,0,172,815241331,1,160,20248000
1725544981300000,20469,6400,0,0,172,815241331,1,160,19661000
1725545001523000,20470,6560,0,0,172,815241331,1,160,20223000
1725545021668000,20471,6720,0,0,172,815241331,1,160,20145000
1725545041875000,20472,6880,0,0,172,815241331,1,160,20207000
1725545061169000,20473,7040,0,0,172,815241331,1,160,19294000
1725545082401000,20474,7200,0,0,172,815241331,1,160,21232000
1725545101608000,20475,7360,0,0,172,815241331,1,160,19207000
1725545121813000,20476,7520,0,0,172,815241331,1,160,20205000
1725545141987000,20477,7680,0,0,172,815241331,1,160,20174000
1725545162236000,20478,7840,0,0,172,815241331,1,160,20249000
1725545181348000,20479,8000,0,0,172,815241331,1,160,19112000
1725545201557000,20480,8160,0,0,172,815241331,1,160,20209000
1725545221840000,20481,8320,0,0,172,815241331,1,160,20283000
1725545242050000,20482,8480,0,0,172,815241331,1,160,20210000
1725545262288000,20483,8640,0,0,172,815241331,1,160,20238000
1725545281578000,20484,8800,0,0,172,815241331,1,160,19290000
1725545301803000,20485,8960,0,0,172,815241331,1,160,20225000
1725545321041000,20486,9120,0,0,172,815241331,1,160,19238000
1725545342217000,20487,9280,0,0,172,815241331,1,160,21176000
1725545361434000,20488,9440,0,0,172,815241331,1,160,19217000
1725545381643000,20489,9600,0,0,172,815241331,1,160,20209000
1725545401851000,20490,9760,0,0,172,815241331,1,160,20208000
1725545422083000,20491,9920,0,0,172,815241331,1,160,20232000
1725545442276000,20492,10080,0,0,172,815241331,1,160,20193000
1725545461529000,20493,10240,0,0,172,815241331,1,160,19253000
1725545481740000,20494,10400,0,0,172,815241331,1,160,20211000
1725545501965000,20495,10560,0,0,172,815241331,1,160,20225000
1725545522211000,20496,10720,0,0,172,815241331,1,160,20246000
1725545541413000,20497,10880,0,0,172,815241331,1,160,19202000
1725545561067000,20498,11040,0,0,172,815241331,1,160,19654000
1725545581722000,20499,11200,0,0,172,815241331,1,160,20655000
1725545601915000,20500,11360,0,0,172,815241331,1,160,20193000
1725545622184000,20501,11520,0,0,172,815241331,1,160,20269000
1725545641370000,20502,11680,0,0,172,815241331,1,160,19186000
1725545661616000,20503,11840,0,0,172,815241331,1,160,20246000
1725545681436000,20504,12000,0,0,172,815241331,1,160,19820000
1725545701650000,20505,12160,0,0,172,815241331,1,160,20214000
1725545721905000,20506,12320,0,0,172,815241331,1,160,20255000
1725545742127000,20507,12480,0,0,172,815241331,1,160,20222000
1725545762362000,20508,12640,0,0,172,815241331,1,160,20235000
1725545781653000,20509,12800,0,0,172,815241331,1,160,19291000
1725545801591000,20510,12960,0,0,172,815241331,1,160,19938000
1725545821819000,20511,13120,0,0,172,815241331,1,160,20228000
1725545842055000,20512,13280,0,0,172,815241331,1,160,20236000
1725545862352000,20513,13440,0,0,172,815241331,1,160,20297000
1725545881588000,20514,13600,0,0,172,815241331,1,160,19236000
1725545901800000,20515,13760,0,0,172,815241331,1,160,20212000
1725545921706000,20516,13920,0,0,172,815241331,1,160,19906000
1725545941775000,20517,14080,0,0,172,815241331,1,160,20069000
1725545962055000,20518,14240,0,0,172,815241331,1,160,20280000
1725545982274000,20519,14400,0,0,172,815241331,1,160,20219000
1725546001428000,20520,14560,0,0,172,815241331,1,160,19154000
1725546020613000,20521,14720,0,0,172,815241331,1,160,19185000
1725546041741000,20522,14880,0,0,172,815241331,1,160,21128000
1725546061842000,20523,15040,0,0,172,815241331,1,160,20101000
1725546081664000,20524,15200,0,0,172,815241331,1,160,19822000
1725546100779000,20525,15360,0,0,172,815241331,1,160,19115000
1725546121885000,20526,15520,0,0,172,815241331,1,160,21106000
1725546141278000,20527,15680,0,0,172,815241331,1,160,19393000
1725546161353000,20528,15840,0,0,172,815241331,1,160,20075000
1725546180572000,20529,16000,0,0,172,815241331,1,160,19219000
1725546201288000,20530,16160,0,0,172,815241331,1,160,20716000
1725546221350000,20531,16320,0,0,172,815241331,1,160,20062000
1725546241429000,20532,16480,0,0,172,815241331,1,160,20079000
1725546260579000,20533,16640,0,0,172,815241331,1,160,19150000
1725546280700000,20534,16800,0,0,172,815241331,1,160,20121000
1725546301776000,20535,16960,0,0,172,815241331,1,160,21076000
1725546321875000,20536,17120,0,0,172,815241331,1,160,20099000
1725546342002000,20537,17280,0,0,172,815241331,1,160,20127000
1725546362123000,20538,17440,0,0,172,815241331,1,160,20121000
1725546382256000,20539,17600,0,0,172,815241331,1,160,20133000
1725546401074000,20540,17760,0,0,172,815241331,1,160,18818000
1725546422206000,20541,17920,0,0,172,815241331,1,160,21132000
1725546441152000,20542,18080,0,0,172,815241331,1,160,18946000
1725546462267000,20543,18240,0,0,172,815241331,1,160,21115000
1725546481451000,20544,18400,0,0,172,815241331,1,160,19184000
1725546501628000,20545,18560,0,0,172,815241331,1,160,20177000
1725546521818000,20546,18720,0,0,172,815241331,1,160,20190000
1725546541948000,20547,18880,0,0,172,815241331,1,160,20130000
1725546562061000,20548,19040,0,0,172,815241331,1,160,20113000
1725546582239000,20549,19200,0,0,172,815241331,1,160,20178000
1725546600391000,20550,19360,0,0,172,815241331,1,160,18152000
1725546621081000,20551,19520,0,0,172,815241331,1,160,20690000
1725546642158000,20552,19680,0,0,172,815241331,1,160,21077000
1725546661280000,20553,19840,0,0,172,815241331,1,160,19122000
1725546681402000,20554,20000,0,0,172,815241331,1,160,20122000
1725546701595000,20555,20160,0,0,172,815241331,1,160,20193000
1725546721808000,20556,20320,0,0,172,815241331,1,160,20213000
1725546740961000,20557,20480,0,0,172,815241331,1,160,19153000
1725546762092000,20558,20640,0,0,172,815241331,1,160,21131000
1725546782282000,20559,20800,0,0,172,815241331,1,160,20190000
1725546801479000,20560,20960,0,0,172,815241331,1,160,19197000
1725546821652000,20561,21120,0,0,172,815241331,1,160,20173000
1725546841793000,20562,21280,0,0,172,815241331,1,160,20141000
1725546861998000,20563,21440,0,0,172,815241331,1,160,20205000
1725546881638000,20564,21600,0,0,172,815241331,1,160,19640000
1725546901812000,20565,21760,0,0,172,815241331,1,160,20174000
1725546922942000,20566,21920,0,0,172,815241331,1,160,21130000
1725546942078000,20567,22080,0,0,172,815241331,1,160,19136000
1725546962017000,20568,22240,0,0,172,815241331,1,160,19939000
1725546981799000,20569,22400,0,0,172,815241331,1,160,19782000
1725547002120000,20570,22560,0,0,172,815241331,1,160,20321000
1725547021311000,20571,22720,0,0,172,815241331,1,160,19191000
1725547041501000,20572,22880,0,0,172,815241331,1,160,20190000
1725547061701000,20573,23040,0,0,172,815241331,1,160,20200000
1725547081876000,20574,23200,0,0,172,815241331,1,160,20175000
1725547101212000,20575,23360,0,0,172,815241331,1,160,19336000
1725547121408000,20576,23520,0,0,172,815241331,1,160,20196000
1725547141757000,20577,23680,0,0,172,815241331,1,160,20349000
1725547162004000,20578,23840,0,0,172,815241331,1,160,20247000
1725547182220000,20579,24000,0,0,172,815241331,1,160,20216000
1725547201446000,20580,24160,0,0,172,815241331,1,160,19226000
1725547221709000,20581,24320,0,0,172,815241331,1,160,20263000
1725547241929000,20582,24480,0,0,172,815241331,1,160,20220000
1725547262151000,20583,24640,0,0,172,815241331,1,160,20222000
1725547280746000,20584,24800,0,0,172,815241331,1,160,18595000
1725547301974000,20585,24960,0,0,172,815241331,1,160,21228000
1725547322217000,20586,25120,0,0,172,815241331,1,160,20243000
1725547340457000,20587,25280,0,0,172,815241331,1,160,18240000
1725547361401000,20588,25440,0,0,172,815241331,1,160,20944000
1725547380814000,20589,25600,0,0,172,815241331,1,160,19413000
1725547402041000,20590,25760,0,0,172,815241331,1,160,21227000
1725547422326000,20591,25920,0,0,172,815241331,1,160,20285000
1725547441493000,20592,26080,0,0,172,815241331,1,160,19167000
1725547461046000,20593,26240,0,0,172,815241331,1,160,19553000
1725547482299000,20594,26400,0,0,172,815241331,1,160,21253000
1725547501531000,20595,26560,0,0,172,815241331,1,160,19232000
1725547521539000,20596,26720,0,0,172,815241331,1,160,20008000
1725547541726000,20597,26880,0,0,172,815241331,1,160,20187000
1725547561970000,20598,27040,0,0,172,815241331,1,160,20244000
1725547581619000,20599,27200,0,0,172,815241331,1,160,19649000
1725547601955000,20600,27360,0,0,172,815241331,1,160,20336000
1725547622159000,20601,27520,0,0,172,815241331,1,160,20204000
1725547640418000,20602,27680,0,0,172,815241331,1,160,18259000
1725547661618000,20603,27840,0,0,172,815241331,1,160,21200000
1725547681661000,20604,28000,0,0,172,815241331,1,160,20043000
1725547701860000,20605,28160,0,0,172,815241331,1,160,20199000
1725547721788000,20606,28320,0,0,172,815241331,1,160,19928000
1725547741992000,20607,28480,0,0,172,815241331,1,160,20204000
1725547762219000,20608,28640,0,0,172,815241331,1,160,20227000
1725547781398000,20609,28800,0,0,172,815241331,1,160,19179000
1725547801592000,20610,28960,0,0,172,815241331,1,160,20194000
1725547821754000,20611,29120,0,0,172,815241331,1,160,20162000
1725547842041000,20612,29280,0,0,172,815241331,1,160,20287000
1725547862236000,20613,29440,0,0,172,815241331,1,160,20195000
1725547881407000,20614,29600,0,0,172,815241331,1,160,19171000
1725547900640000,20615,29760,0,0,172,815241331,1,160,19233000
1725547921850000,20616,29920,0,0,172,815241331,1,160,21210000
1725547941393000,20617,30080,0,0,172,815241331,1,160,19543000
1725547961594000,20618,30240,0,0,172,815241331,1,160,20201000
1725547981627000,20619,30400,0,0,172,815241331,1,160,20033000
1725548001837000,20620,30560,0,0,172,815241331,1,160,20210000
1725548022044000,20621,30720,0,0,172,815241331,1,160,20207000
1725548042239000,20622,30880,0,0,172,815241331,1,160,20195000
1725548061522000,20623,31040,0,0,172,815241331,1,160,19283000
1725548081610000,20624,31200,0,0,172,815241331,1,160,20088000
1725548101777000,20625,31360,0,0,172,815241331,1,160,20167000
1725548122046000,20626,31520,0,0,172,815241331,1,160,20269000
1725548140644000,20627,31680,0,0,172,815241331,1,160,18598000
1725548161838000,20628,31840,0,0,172,815241331,1,160,21194000
1725548181464000,20629,32000,0,0,172,815241331,1,160,19626000
1725548201610000,20630,32160,0,0,172,815241331,1,160,20146000
1725548221811000,20631,32320,0,0,172,815241331,1,160,20201000
1725548241110000,20632,32480,0,0,172,815241331,1,160,19299000
1725548261312000,20633,32640,0,0,172,815241331,1,160,20202000
1725548281513000,20634,32800,0,0,172,815241331,1,160,20201000
1725548301841000,20635,32960,0,0,172,815241331,1,160,20328000
1725548322054000,20636,33120,0,0,172,815241331,1,160,20213000
1725548342217000,20637,33280,0,0,172,815241331,1,160,20163000
1725548361375000,20638,33440,0,0,172,815241331,1,160,19158000
1725548381579000,20639,33600,0,0,172,815241331,1,160,20204000
1725548400932000,20640,33760,0,0,172,815241331,1,160,19353000
1725548422115000,20641,33920,0,0,172,815241331,1,160,21183000
1725548441322000,20642,34080,0,0,172,815241331,1,160,19207000
1725548460839000,20643,34240,0,0,172,815241331,1,160,19517000
1725548481587000,20644,34400,0,0,172,815241331,1,160,20748000
1725548501762000,20645,34560,0,0,172,815241331,1,160,20175000
1725548521938000,20646,34720,0,0,172,815241331,1,160,20176000
1725548542153000,20647,34880,0,0,172,815241331,1,160,20215000
1725548561295000,20648,35040,0,0,172,815241331,1,160,19142000
1725548581336000,20649,35200,0,0,172,815241331,1,160,20041000
1725548600664000,20650,35360,0,0,172,815241331,1,160,19328000
1725548621122000,20651,35520,0,0,172,815241331,1,160,20458000
1725548640613000,20652,35680,0,0,172,815241331,1,160,19491000
1725548661796000,20653,35840,0,0,172,815241331,1,160,21183000
1725548682015000,20654,36000,0,0,172,815241331,1,160,20219000
1725548702234000,20655,36160,0,0,172,815241331,1,160,20219000
1725548721464000,20656,36320,0,0,172,815241331,1,160,19230000
1725548741619000,20657,36480,0,0,172,815241331,1,160,20155000
1725548761319000,20658,36640,0,0,172,815241331,1,160,19700000
1725548781514000,20659,36800,0,0,172,815241331,1,160,20195000
1725548801654000,20660,36960,0,0,172,815241331,1,160,20140000
1725548821946000,20661,37120,0,0,172,815241331,1,160,20292000
1725548842051000,20662,37280,0,0,172,815241331,1,160,20105000
1725548861292000,20663,37440,0,0,172,815241331,1,160,19241000
1725548881655000,20664,37600,0,0,172,815241331,1,160,20363000
1725548901194000,20665,37760,0,0,172,815241331,1,160,19539000
1725548920780000,20666,37920,0,0,172,815241331,1,160,19586000
1725548941949000,20667,38080,0,0,172,815241331,1,160,21169000
1725548961239000,20668,38240,0,0,172,815241331,1,160,19290000
1725548981519000,20669,38400,0,0,172,815241331,1,160,20280000
1725549001884000,20670,38560,0,0,172,815241331,1,160,20365000
1725549021426000,20671,38720,0,0,172,815241331,1,160,19542000
1725549041630000,20672,38880,0,0,172,815241331,1,160,20204000
1725549061646000,20673,39040,0,0,172,815241331,1,160,20016000
1725549081783000,20674,39200,0,0,172,815241331,1,160,20137000
1725549101916000,20675,39360,0,0,172,815241331,1,160,20133000
1725549122064000,20676,39520,0,0,172,815241331,1,160,20148000
1725549141146000,20677,39680,0,0,172,815241331,1,160,19082000
1725549161264000,20678,39840,0,0,172,815241331,1,160,20118000
1725549181405000,20679,40000,0,0,172,815241331,1,160,20141000
1725549201202000,20680,40160,0,0,172,815241331,1,160,19797000
1725549221317000,20681,40320,0,0,172,815241331,1,160,20115000
1725549241474000,20682,40480,0,0,172,815241331,1,160,20157000
1725549261599000,20683,40640,0,0,172,815241331,1,160,20125000
1725549281464000,20684,40800,0,0,172,815241331,1,160,19865000
1725549301588000,20685,40960,0,0,172,815241331,1,160,20124000
1725549321701000,20686,41120,0,0,172,815241331,1,160,20113000
1725549341904000,20687,41280,0,0,172,815241331,1,160,20203000
1725549361632000,20688,41440,0,0,172,815241331,1,160,19728000
1725549381775000,20689,41600,0,0,172,815241331,1,160,20143000
1725549401131000,20690,41760,0,0,172,815241331,1,160,19356000
1725549420380000,20691,41920,0,0,172,815241331,1,160,19249000
1725549441593000,20692,42080,0,0,172,815241331,1,160,21213000
1725549461879000,20693,42240,0,0,172,815241331,1,160,20286000
1725549481126000,20694,42400,0,0,172,815241331,1,160,19247000
1725549501360000,20695,42560,0,0,172,815241331,1,160,20234000
1725549520707000,20696,42720,0,0,172,815241331,1,160,19347000
1725549541926000,20697,42880,0,0,172,815241331,1,160,21219000
1725549561249000,20698,43040,0,0,172,815241331,1,160,19323000
1725549580589000,20699,43200,0,0,172,815241331,1,160,19340000
1725549601766000,20700,43360,0,0,172,815241331,1,160,21177000
1725549622002000,20701,43520,0,0,172,815241331,1,160,20236000
1725549641229000,20702,43680,0,0,172,815241331,1,160,19227000
1725549661458000,20703,43840,0,0,172,815241331,1,160,20229000
1725549681680000,20704,44000,0,0,172,815241331,1,160,20222000
1725549701881000,20705,44160,0,0,172,815241331,1,160,20201000
1725549722140000,20706,44320,0,0,172,815241331,1,160,20259000
1725549741365000,20707,44480,0,0,172,815241331,1,160,19225000
1725549760635000,20708,44640,0,0,172,815241331,1,160,19270000
1725549781427000,20709,44800,0,0,172,815241331,1,160,20792000
1725549801550000,20710,44960,0,0,172,815241331,1,160,20123000
1725549820998000,20711,45120,0,0,172,815241331,1,160,19448000
1725549842106000,20712,45280,0,0,172,815241331,1,160,21108000
1725549861234000,20713,45440,0,0,172,815241331,1,160,19128000
1725549881460000,20714,45600,0,0,172,815241331,1,160,20226000
1725549901481000,20715,45760,0,0,172,815241331,1,160,20021000
1725549921239000,20716,45920,0,0,172,815241331,1,160,19758000
1725549941492000,20717,46080,0,0,172,815241331,1,160,20253000
1725549960803000,20718,46240,0,0,172,815241331,1,160,19311000
1725549981454000,20719,46400,0,0,172,815241331,1,160,20651000
1725550001615000,20720,46560,0,0,172,815241331,1,160,20161000
1725550021794000,20721,46720,0,0,172,815241331,1,160,20179000
1725550041138000,20722,46880,0,0,172,815241331,1,160,19344000
1725550061244000,20723,47040,0,0,172,815241331,1,160,20106000
1725550081413000,20724,47200,0,0,172,815241331,1,160,20169000
1725550101620000,20725,47360,0,0,172,815241331,1,160,20207000
1725550121815000,20726,47520,0,0,172,815241331,1,160,20195000
1725550141978000,20727,47680,0,0,172,815241331,1,160,20163000
1725550161098000,20728,47840,0,0,172,815241331,1,160,19120000
1725550181290000,20729,48000,0,0,172,815241331,1,160,20192000
1725550201137000,20730,48160,0,0,172,815241331,1,160,19847000
1725550221251000,20731,48320,0,0,172,815241331,1,160,20114000
1725550241300000,20732,48480,0,0,172,815241331,1,160,20049000
1725550261411000,20733,48640,0,0,172,815241331,1,160,20111000
1725550281133000,20734,48800,0,0,172,815241331,1,160,19722000
1725550301340000,20735,48960,0,0,172,815241331,1,160,20207000
1725550321541000,20736,49120,0,0,172,815241331,1,160,20201000
1725550341726000,20737,49280,0,0,172,815241331,1,160,20185000
1725550361924000,20738,49440,0,0,172,815241331,1,160,20198000
1725550380479000,20739,49600,0,0,172,815241331,1,160,18555000
1725550401610000,20740,49760,0,0,172,815241331,1,160,21131000
1725550421640000,20741,49920,0,0,172,815241331,1,160,20030000
1725550441794000,20742,50080,0,0,172,815241331,1,160,20154000
1725550461878000,20743,50240,0,0,172,815241331,1,160,20084000
1725550481464000,20744,50400,0,0,172,815241331,1,160,19586000
1725550505032000,20745,50560,0,0,172,815241331,1,160,23568000
1725550521045000,20746,50720,0,0,172,815241331,1,160,16013000
1725550540805000,20747,50880,0,0,172,815241331,1,160,19760000
1725550561205000,20748,51040,0,0,172,815241331,1,160,20400000
1725550581415000,20749,51200,0,0,172,815241331,1,160,20210000
1725550601840000,20750,51360,0,0,172,815241331,1,160,20425000
1725550622181000,20751,51520,0,0,172,815241331,1,160,20341000
1725550641498000,20752,51680,0,0,172,815241331,1,160,19317000
1725550661985000,20753,51840,0,0,172,815241331,1,160,20487000
1725550681700000,20754,52000,0,0,172,815241331,1,160,19715000
1725550702016000,20755,52160,0,0,172,815241331,1,160,20316000
1725550721495000,20756,52320,0,0,172,815241331,1,160,19479000
1725550741137000,20757,52480,0,0,172,815241331,1,160,19642000
1725550761645000,20758,52640,0,0,172,815241331,1,160,20508000
1725550782038000,20759,52800,0,0,172,815241331,1,160,20393000
1725550801336000,20760,52960,0,0,172,815241331,1,160,19298000
1725550820998000,20761,53120,0,0,172,815241331,1,160,19662000
1725550841245000,20762,53280,0,0,172,815241331,1,160,20247000
1725550861515000,20763,53440,0,0,172,815241331,1,160,20270000
1725550881884000,20764,53600,0,0,172,815241331,1,160,20369000
1725550901926000,20765,53760,0,0,172,815241331,1,160,20042000
1725550920732000,20766,53920,0,0,172,815241331,1,160,18806000
1725550941985000,20767,54080,0,0,172,815241331,1,160,21253000
1725550961377000,20768,54240,0,0,172,815241331,1,160,19392000
1725550981772000,20769,54400,0,0,172,815241331,1,160,20395000
1725551002184000,20770,54560,0,0,172,815241331,1,160,20412000
1725551021638000,20771,54720,0,0,172,815241331,1,160,19454000
1725551041877000,20772,54880,0,0,172,815241331,1,160,20239000
1725551062244000,20773,55040,0,0,172,815241331,1,160,20367000
1725551081557000,20774,55200,0,0,172,815241331,1,160,19313000
1725551101800000,20775,55360,0,0,172,815241331,1,160,20243000
1725551122169000,20776,55520,0,0,172,815241331,1,160,20369000
1725551141381000,20777,55680,0,0,172,815241331,1,160,19212000
1725551160667000,20778,55840,0,0,172,815241331,1,160,19286000
1725551182051000,20779,56000,0,0,172,815241331,1,160,21384000
1725551201001000,20780,56160,0,0,172,815241331,1,160,18950000
1725551221410000,20781,56320,0,0,172,815241331,1,160,20409000
1725551241848000,20782,56480,0,0,172,815241331,1,160,20438000
1725551261360000,20783,56640,0,0,172,815241331,1,160,19512000
1725551281296000,20784,56800,0,0,172,815241331,1,160,19936000
1725551301656000,20785,56960,0,0,172,815241331,1,160,20360000
1725551322046000,20786,57120,0,0,172,815241331,1,160,20390000
1725551341288000,20787,57280,0,0,172,815241331,1,160,19242000
1725551361661000,20788,57440,0,0,172,815241331,1,160,20373000
1725551381915000,20789,57600,0,0,172,815241331,1,160,20254000
1725551401434000,20790,57760,0,0,172,815241331,1,160,19519000
1725551421861000,20791,57920,0,0,172,815241331,1,160,20427000
1725551441135000,20792,58080,0,0,172,815241331,1,160,19274000
1725551461399000,20793,58240,0,0,172,815241331,1,160,20264000
1725551481567000,20794,58400,0,0,172,815241331,1,160,20168000
1725551501453000,20795,58560,0,0,172,815241331,1,160,19886000
1725551521626000,20796,58720,0,0,172,815241331,1,160,20173000
1725551542051000,20797,58880,0,0,172,815241331,1,160,20425000
1725551562865000,20798,59040,0,0,172,815241331,1,160,20814000
1725551583105000,20799,59200,0,0,172,815241331,1,160,20240000
1725551604241000,20800,59360,0,0,172,815241331,1,160,21136000
1725551623383000,20801,59520,0,0,172,815241331,1,160,19142000
1725551643022000,20802,59680,0,0,172,815241331,1,160,19639000
1725551662962000,20803,59840,0,0,172,815241331,1,160,19940000
1725551684814000,20804,60000,0,0,172,815241331,1,160,21852000
1725551705201000,20805,60160,0,0,172,815241331,1,160,20387000
1725551723657000,20806,60320,0,0,172,815241331,1,160,18456000
1725551743677000,20807,60480,0,0,172,815241331,1,160,20020000
1725551763946000,20808,60640,0,0,172,815241331,1,160,20269000
1725551783668000,20809,60800,0,0,172,815241331,1,160,19722000
1725551805463000,20810,60960,0,0,172,815241331,1,160,21795000
1725551823397000,20811,61120,0,0,172,815241331,1,160,17934000
1725551843534000,20812,61280,0,0,172,815241331,1,160,20137000
1725551863592000,20813,61440,0,0,172,815241331,1,160,20058000
1725551883906000,20814,61600,0,0,172,815241331,1,160,20314000
1725551903759000,20815,61760,0,0,172,815241331,1,160,19853000
1725551924207000,20816,61920,0,0,172,815241331,1,160,20448000
1725551943310000,20817,62080,0,0,172,815241331,1,160,19103000
1725551963390000,20818,62240,0,0,172,815241331,1,160,20080000
1725551983347000,20819,62400,0,0,172,815241331,1,160,19957000
1725552002623000,20820,62560,0,0,172,815241331,1,160,19276000
1725552022519000,20821,62720,0,0,172,815241331,1,160,19896000
1725552041623000,20822,62880,0,0,172,815241331,1,160,19104000
1725552062325000,20823,63040,0,0,172,815241331,1,160,20702000
1725552082023000,20824,63200,0,0,172,815241331,1,160,19698000
1725552101807000,20825,63360,0,0,172,815241331,1,160,19784000
1725552122680000,20826,63520,0,0,172,815241331,1,160,20873000
1725552142544000,20827,63680,0,0,172,815241331,1,160,19864000
1725552162540000,20828,63840,0,0,172,815241331,1,160,19996000
1725552182617000,20829,64000,0,0,172,815241331,1,160,20077000
1725552202782000,20830,64160,0,0,172,815241331,1,160,20165000
1725552223022000,20831,64320,0,0,172,815241331,1,160,20240000
1725552242259000,20832,64480,0,0,172,815241331,1,160,19237000
1725552262726000,20833,64640,0,0,172,815241331,1,160,20467000
1725552283392000,20834,64800,0,0,172,815241331,1,160,20666000
1725552303082000,20835,64960,0,0,172,815241331,1,160,19690000
1725552323006000,20836,65120,0,0,172,815241331,1,160,19924000
1725552342982000,20837,65280,0,0,172,815241331,1,160,19976000
1725552362914000,20838,65440,0,0,172,815241331,1,160,19932000
1725552382417000,20839,65600,0,0,172,815241331,1,160,19503000
1725552403327000,20840,65760,0,0,172,815241331,1,160,20910000
1725552423552000,20841,65920,0,0,172,815241331,1,160,20225000
1725552443876000,20842,66080,0,0,172,815241331,1,160,20324000
1725552464766000,20843,66240,0,0,172,815241331,1,160,20890000
1725552483727000,20844,66400,0,0,172,815241331,1,160,18961000
1725552504828000,20845,66560,0,0,172,815241331,1,160,21101000
1725552524676000,20846,66720,0,0,172,815241331,1,160,19848000
1725552544336000,20847,66880,0,0,172,815241331,1,160,19660000
1725552565709000,20848,67040,0,0,172,815241331,1,160,21373000
1725552585766000,20849,67200,0,0,172,815241331,1,160,20057000
1725552603835000,20850,67360,0,0,172,815241331,1,160,18069000
1725552624709000,20851,67520,0,0,172,815241331,1,160,20874000
1725552643949000,20852,67680,0,0,172,815241331,1,160,19240000
1725552663758000,20853,67840,0,0,172,815241331,1,160,19809000
1725552684878000,20854,68000,0,0,172,815241331,1,160,21120000
1725552703721000,20855,68160,0,0,172,815241331,1,160,18843000
1725552724684000,20856,68320,0,0,172,815241331,1,160,20963000
1725552742423000,20857,68480,0,0,172,815241331,1,160,17739000
1725552764965000,20858,68640,0,0,172,815241331,1,160,22542000
1725552784735000,20859,68800,0,0,172,815241331,1,160,19770000
1725552805901000,20860,68960,0,0,172,815241331,1,160,21166000
1725552823386000,20861,69120,0,0,172,815241331,1,160,17485000
1725552843451000,20862,69280,0,0,172,815241331,1,160,20065000
1725552863092000,20863,69440,0,0,172,815241331,1,160,19641000
1725552882352000,20864,69600,0,0,172,815241331,1,160,19260000
1725552903252000,20865,69760,0,0,172,815241331,1,160,20900000
1725552923294000,20866,69920,0,0,172,815241331,1,160,20042000
1725552943393000,20867,70080,0,0,172,815241331,1,160,20099000
1725552963662000,20868,70240,0,0,172,815241331,1,160,20269000
1725552983937000,20869,70400,0,0,172,815241331,1,160,20275000
1725553004250000,20870,70560,0,0,172,815241331,1,160,20313000
1725553025151000,20871,70720,0,0,172,815241331,1,160,20901000
1725553042326000,20872,70880,0,0,172,815241331,1,160,17175000
1725553062625000,20873,71040,0,0,172,815241331,1,160,20299000
1725553085056000,20874,71200,0,0,172,815241331,1,160,22431000
1725553101608000,20875,71360,0,0,172,815241331,1,160,16552000
1725553124686000,20876,71520,0,0,172,815241331,1,160,23078000
1725553143524000,20877,71680,0,0,172,815241331,1,160,18838000
1725553166038000,20878,71840,0,0,172,815241331,1,160,22514000
1725553182912000,20879,72000,0,0,172,815241331,1,160,16874000
1725553203896000,20880,72160,0,0,172,815241331,1,160,20984000
1725553222737000,20881,72320,0,0,172,815241331,1,160,18841000
1725553245806000,20882,72480,0,0,172,815241331,1,160,23069000
1725553263686000,20883,72640,0,0,172,815241331,1,160,17880000
1725553283616000,20884,72800,0,0,172,815241331,1,160,19930000
1725553304282000,20885,72960,0,0,172,815241331,1,160,20666000
1725553323609000,20886,73120,0,0,172,815241331,1,160,19327000
1725553343616000,20887,73280,0,0,172,815241331,1,160,20007000
1725553363876000,20888,73440,0,0,172,815241331,1,160,20260000
1725553384285000,20889,73600,0,0,172,815241331,1,160,20409000
1725553404782000,20890,73760,0,0,172,815241331,1,160,20497000
1725553423237000,20891,73920,0,0,172,815241331,1,160,18455000
1725553443826000,20892,74080,0,0,172,815241331,1,160,20589000
1725553462818000,20893,74240,0,0,172,815241331,1,160,18992000
1725553482293000,20894,74400,0,0,172,815241331,1,160,19475000
1725553504018000,20895,74560,0,0,172,815241331,1,160,21725000
1725553524353000,20896,74720,0,0,172,815241331,1,160,20335000
1725553544906000,20897,74880,0,0,172,815241331,1,160,20553000
1725553561674000,20898,75040,0,0,172,815241331,1,160,16768000
1725553585532000,20899,75200,0,0,172,815241331,1,160,23858000
1725553605390000,20900,75360,0,0,172,815241331,1,160,19858000
1725553623876000,20901,75520,0,0,172,815241331,1,160,18486000
1725553642796000,20902,75680,0,0,172,815241331,1,160,18920000
1725553664801000,20903,75840,0,0,172,815241331,1,160,22005000
1725553684339000,20904,76000,0,0,172,815241331,1,160,19538000
1725553705552000,20905,76160,0,0,172,815241331,1,160,21213000
1725553723703000,20906,76320,0,0,172,815241331,1,160,18151000
1725553742811000,20907,76480,0,0,172,815241331,1,160,19108000
1725553764060000,20908,76640,0,0,172,815241331,1,160,21249000
1725553784819000,20909,76800,0,0,172,815241331,1,160,20759000
1725553802643000,20910,76960,0,0,172,815241331,1,160,17824000
1725553823631000,20911,77120,0,0,172,815241331,1,160,20988000
1725553844249000,20912,77280,0,0,172,815241331,1,160,20618000
1725553865572000,20913,77440,0,0,172,815241331,1,160,21323000
1725553884858000,20914,77600,0,0,172,815241331,1,160,19286000
1725553904146000,20915,77760,0,0,172,815241331,1,160,19288000
1725553923746000,20916,77920,0,0,172,815241331,1,160,19600000
1725553942652000,20917,78080,0,0,172,815241331,1,160,18906000
1725553965227000,20918,78240,0,0,172,815241331,1,160,22575000
1725553984870000,20919,78400,0,0,172,815241331,1,160,19643000
1725554004637000,20920,78560,0,0,172,815241331,1,160,19767000
1725554023456000,20921,78720,0,0,172,815241331,1,160,18819000
1725554043080000,20922,78880,0,0,172,815241331,1,160,19624000
1725554064248000,20923,79040,0,0,172,815241331,1,160,21168000
1725554085111000,20924,79200,0,0,172,815241331,1,160,20863000
1725554103013000,20925,79360,0,0,172,815241331,1,160,17902000
1725554123410000,20926,79520,0,0,172,815241331,1,160,20397000
1725554144061000,20927,79680,0,0,172,815241331,1,160,20651000
1725554164538000,20928,79840,0,0,172,815241331,1,160,20477000
1725554184259000,20929,80000,0,0,172,815241331,1,160,19721000
1725554203704000,20930,80160,0,0,172,815241331,1,160,19445000
1725554223618000,20931,80320,0,0,172,815241331,1,160,19914000
1725554244430000,20932,80480,0,0,172,815241331,1,160,20812000
1725554265101000,20933,80640,0,0,172,815241331,1,160,20671000
1725554284679000,20934,80800,0,0,172,815241331,1,160,19578000
1725554305620000,20935,80960,0,0,172,815241331,1,160,20941000
1725554323649000,20936,81120,0,0,172,815241331,1,160,18029000
1725554345547000,20937,81280,0,0,172,815241331,1,160,21898000
1725554364851000,20938,81440,0,0,172,815241331,1,160,19304000
1725554384725000,20939,81600,0,0,172,815241331,1,160,19874000
1725554404316000,20940,81760,0,0,172,815241331,1,160,19591000
1725554423460000,20941,81920,0,0,172,815241331,1,160,19144000
1725554444746000,20942,82080,0,0,172,815241331,1,160,21286000
1725554464394000,20943,82240,0,0,172,815241331,1,160,19648000
1725554484094000,20944,82400,0,0,172,815241331,1,160,19700000
1725554503826000,20945,82560,0,0,172,815241331,1,160,19732000
1725554523600000,20946,82720,0,0,172,815241331,1,160,19774000
1725554544225000,20947,82880,0,0,172,815241331,1,160,20625000
1725554564497000,20948,83040,0,0,172,815241331,1,160,20272000
1725554584764000,20949,83200,0,0,172,815241331,1,160,20267000
1725554602165000,20950,83360,0,0,172,815241331,1,160,17401000
1725554623502000,20951,83520,0,0,172,815241331,1,160,21337000
1725554643954000,20952,83680,0,0,172,815241331,1,160,20452000
1725554662989000,20953,83840,0,0,172,815241331,1,160,19035000
1725554682775000,20954,84000,0,0,172,815241331,1,160,19786000
1725554702312000,20955,84160,0,0,172,815241331,1,160,19537000
1725554722849000,20956,84320,0,0,172,815241331,1,160,20537000
1725554742578000,20957,84480,0,0,172,815241331,1,160,19729000
1725554763292000,20958,84640,0,0,172,815241331,1,160,20714000
1725554782253000,20959,84800,0,0,172,815241331,1,160,18961000
1725554802883000,20960,84960,0,0,172,815241331,1,160,20630000
1725554822633000,20961,85120,0,0,172,815241331,1,160,19750000
1725554843347000,20962,85280,0,0,172,815241331,1,160,20714000
1725554862947000,20963,85440,0,0,172,815241331,1,160,19600000
1725554882891000,20964,85600,0,0,172,815241331,1,160,19944000
1725554903158000,20965,85760,0,0,172,815241331,1,160,20267000
1725554923518000,20966,85920,0,0,172,815241331,1,160,20360000
1725554944040000,20967,86080,0,0,172,815241331,1,160,20522000
1725554964306000,20968,86240,0,0,172,815241331,1,160,20266000
1725554984510000,20969,86400,0,0,172,815241331,1,160,20204000
1725555004244000,20970,86560,0,0,172,815241331,1,160,19734000
1725555024291000,20971,86720,0,0,172,815241331,1,160,20047000
1725555045300000,20972,86880,0,0,172,815241331,1,160,21009000
1725555065297000,20973,87040,0,0,172,815241331,1,160,19997000
1725555085208000,20974,87200,0,0,172,815241331,1,160,19911000
1725555104084000,20975,87360,0,0,172,815241331,1,160,18876000
1725555124806000,20976,87520,0,0,172,815241331,1,160,20722000
1725555144467000,20977,87680,0,0,172,815241331,1,160,19661000
1725555164964000,20978,87840,0,0,172,815241331,1,160,20497000
1725555183318000,20979,88000,0,0,172,815241331,1,160,18354000
1725555202999000,20980,88160,0,0,172,815241331,1,160,19681000
1725555225043000,20981,88320,0,0,172,815241331,1,160,22044000
1725555243917000,20982,88480,0,0,172,815241331,1,160,18874000
1725555264739000,20983,88640,0,0,172,815241331,1,160,20822000
1725555283770000,20984,88800,0,0,172,815241331,1,160,19031000
1725555304381000,20985,88960,0,0,172,815241331,1,160,20611000
1725555325116000,20986,89120,0,0,172,815241331,1,160,20735000
1725555343803000,20987,89280,0,0,172,815241331,1,160,18687000
1725555364854000,20988,89440,0,0,172,815241331,1,160,21051000
1725555385427000,20989,89600,0,0,172,815241331,1,160,20573000
1725555404109000,20990,89760,0,0,172,815241331,1,160,18682000
1725555425530000,20991,89920,0,0,172,815241331,1,160,21421000
1725555443862000,20992,90080,0,0,172,815241331,1,160,18332000
1725555465285000,20993,90240,0,0,172,815241331,1,160,21423000
1725555483268000,20994,90400,0,0,172,815241331,1,160,17983000
1725555505205000,20995,90560,0,0,172,815241331,1,160,21937000
1725555525285000,20996,90720,0,0,172,815241331,1,160,20080000
1725555545443000,20997,90880,0,0,172,815241331,1,160,20158000
1725555566002000,20998,91040,0,0,172,815241331,1,160,20559000
1725555584162000,20999,91200,0,0,172,815241331,1,160,18160000
1725555604686000,21000,91360,0,0,172,815241331,1,160,20524000
1725555625638000,21001,91520,0,0,172,815241331,1,160,20952000
1725555643977000,21002,91680,0,0,172,815241331,1,160,18339000
1725555665165000,21003,91840,0,0,172,815241331,1,160,21188000
1725555683904000,21004,92000,0,0,172,815241331,1,160,18739000
1725555704062000,21005,92160,0,0,172,815241331,1,160,20158000
1725555724816000,21006,92320,0,0,172,815241331,1,160,20754000
1725555742227000,21007,92480,0,0,172,815241331,1,160,17411000
1725555764945000,21008,92640,0,0,172,815241331,1,160,22718000
1725555784919000,21009,92800,0,0,172,815241331,1,160,19974000
1725555805319000,21010,92960,0,0,172,815241331,1,160,20400000
1725555825256000,21011,93120,0,0,172,815241331,1,160,19937000
1725555844624000,21012,93280,0,0,172,815241331,1,160,19368000
1725555866031000,21013,93440,0,0,172,815241331,1,160,21407000
1725555885411000,21014,93600,0,0,172,815241331,1,160,19380000
1725555904880000,21015,93760,0,0,172,815241331,1,160,19469000
1725555925278000,21016,93920,0,0,172,815241331,1,160,20398000
1725555943514000,21017,94080,0,0,172,815241331,1,160,18236000
1725555965252000,21018,94240,0,0,172,815241331,1,160,21738000
1725555985128000,21019,94400,0,0,172,815241331,1,160,19876000
1725556003418000,21020,94560,0,0,172,815241331,1,160,18290000
1725556024605000,21021,94720,0,0,172,815241331,1,160,21187000
1725556045189000,21022,94880,0,0,172,815241331,1,160,20584000
1725556064814000,21023,95040,0,0,172,815241331,1,160,19625000
1725556084249000,21024,95200,0,0,172,815241331,1,160,19435000
1725556104677000,21025,95360,0,0,172,815241331,1,160,20428000
1725556124450000,21026,95520,0,0,172,815241331,1,160,19773000
1725556145708000,21027,95680,0,0,172,815241331,1,160,21258000
1725556162969000,21028,95840,0,0,172,815241331,1,160,17261000
1725556182785000,21029,96000,0,0,172,815241331,1,160,19816000
1725556203659000,21030,96160,0,0,172,815241331,1,160,20874000
1725556224360000,21031,96320,0,0,172,815241331,1,160,20701000
1725556242054000,21032,96480,0,0,172,815241331,1,160,17694000
1725556263821000,21033,96640,0,0,172,815241331,1,160,21767000
1725556283885000,21034,96800,0,0,172,815241331,1,160,20064000
1725556303685000,21035,96960,0,0,172,815241331,1,160,19800000
1725556323196000,21036,97120,0,0,172,815241331,1,160,19511000
1725556343044000,21037,97280,0,0,172,815241331,1,160,19848000
1725556363431000,21038,97440,0,0,172,815241331,1,160,20387000
1725556384725000,21039,97600,0,0,172,815241331,1,160,21294000
1725556404379000,21040,97760,0,0,172,815241331,1,160,19654000
1725556424667000,21041,97920,0,0,172,815241331,1,160,20288000
1725556445476000,21042,98080,0,0,172,815241331,1,160,20809000
1725556465264000,21043,98240,0,0,172,815241331,1,160,19788000
1725556483303000,21044,98400,0,0,172,815241331,1,160,18039000
1725556504028000,21045,98560,0,0,172,815241331,1,160,20725000
1725556524560000,21046,98720,0,0,172,815241331,1,160,20532000
1725556544813000,21047,98880,0,0,172,815241331,1,160,20253000
1725556564920000,21048,99040,0,0,172,815241331,1,160,20107000
1725556581686000,21049,99200,0,0,172,815241331,1,160,16766000
1725556604601000,21050,99360,0,0,172,815241331,1,160,22915000
1725556624874000,21051,99520,0,0,172,815241331,1,160,20273000
1725556644498000,21052,99680,0,0,172,815241331,1,160,19624000
1725556662130000,21053,99840,0,0,172,815241331,1,160,17632000
1725556684358000,21054,100000,0,0,172,815241331,1,160,22228000
1725556704736000,21055,100160,0,0,172,815241331,1,160,20378000
1725556724801000,21056,100320,0,0,172,815241331,1,160,20065000
1725556743442000,21057,100480,0,0,172,815241331,1,160,18641000
1725556763392000,21058,100640,0,0,172,815241331,1,160,19950000
1725556783395000,21059,100800,0,0,172,815241331,1,160,20003000
1725556803195000,21060,100960,0,0,172,815241331,1,160,19800000
1725556823450000,21061,101120,0,0,172,815241331,1,160,20255000
1725556844490000,21062,101280,0,0,172,815241331,1,160,21040000
1725556865439000,21063,101440,0,0,172,815241331,1,160,20949000
1725556884355000,21064,101600,0,0,172,815241331,1,160,18916000
1725556905454000,21065,101760,0,0,172,815241331,1,160,21099000
1725556924937000,21066,101920,0,0,172,815241331,1,160,19483000
1725556945083000,21067,102080,0,0,172,815241331,1,160,20146000
1725556965071000,21068,102240,0,0,172,815241331,1,160,19988000
1725556985412000,21069,102400,0,0,172,815241331,1,160,20341000
1725557002558000,21070,102560,0,0,172,815241331,1,160,17146000
1725557025727000,21071,102720,0,0,172,815241331,1,160,23169000
1725557042954000,21072,102880,0,0,172,815241331,1,160,17227000
1725557065325000,21073,103040,0,0,172,815241331,1,160,22371000
1725557081709000,21074,103200,0,0,172,815241331,1,160,16384000
1725557104959000,21075,103360,0,0,172,815241331,1,160,23250000
1725557123274000,21076,103520,0,0,172,815241331,1,160,18315000
1725557144723000,21077,103680,0,0,172,815241331,1,160,21449000
1725557162519000,21078,103840,0,0,172,815241331,1,160,17796000
1725557185123000,21079,104000,0,0,172,815241331,1,160,22604000
1725557203863000,21080,104160,0,0,172,815241331,1,160,18740000
1725557224955000,21081,104320,0,0,172,815241331,1,160,21092000
1725557243340000,21082,104480,0,0,172,815241331,1,160,18385000
1725557262434000,21083,104640,0,0,172,815241331,1,160,19094000
1725557282432000,21084,104800,0,0,172,815241331,1,160,19998000
1725557302881000,21085,104960,0,0,172,815241331,1,160,20449000
1725557322315000,21086,105120,0,0,172,815241331,1,160,19434000
1725557342934000,21087,105280,0,0,172,815241331,1,160,20619000
1725557362374000,21088,105440,0,0,172,815241331,1,160,19440000
1725557383052000,21089,105600,0,0,172,815241331,1,160,20678000
1725557402771000,21090,105760,0,0,172,815241331,1,160,19719000
1725557422489000,21091,105920,0,0,172,815241331,1,160,19718000
1725557443318000,21092,106080,0,0,172,815241331,1,160,20829000
1725557462808000,21093,106240,0,0,172,815241331,1,160,19490000
1725557482026000,21094,106400,0,0,172,815241331,1,160,19218000
1725557503139000,21095,106560,0,0,172,815241331,1,160,21113000
1725557523308000,21096,106720,0,0,172,815241331,1,160,20169000
1725557543060000,21097,106880,0,0,172,815241331,1,160,19752000
1725557565208000,21098,107040,0,0,172,815241331,1,160,22148000
1725557585137000,21099,107200,0,0,172,815241331,1,160,19929000
1725557603789000,21100,107360,0,0,172,815241331,1,160,18652000
1725557622944000,21101,107520,0,0,172,815241331,1,160,19155000
1725557644447000,21102,107680,0,0,172,815241331,1,160,21503000
1725557665364000,21103,107840,0,0,172,815241331,1,160,20917000
1725557685133000,21104,108000,0,0,172,815241331,1,160,19769000
1725557702666000,21105,108160,0,0,172,815241331,1,160,17533000
1725557722908000,21106,108320,0,0,172,815241331,1,160,20242000
1725557743392000,21107,108480,0,0,172,815241331,1,160,20484000
1725557763330000,21108,108640,0,0,172,815241331,1,160,19938000
1725557783276000,21109,108800,0,0,172,815241331,1,160,19946000
1725557804158000,21110,108960,0,0,172,815241331,1,160,20882000
1725557824935000,21111,109120,0,0,172,815241331,1,160,20777000
1725557843363000,21112,109280,0,0,172,815241331,1,160,18428000
1725557864549000,21113,109440,0,0,172,815241331,1,160,21186000
1725557883409000,21114,109600,0,0,172,815241331,1,160,18860000
1725557905254000,21115,109760,0,0,172,815241331,1,160,21845000
1725557923547000,21116,109920,0,0,172,815241331,1,160,18293000
1725557942503000,21117,110080,0,0,172,815241331,1,160,18956000
1725557964994000,21118,110240,0,0,172,815241331,1,160,22491000
1725557984626000,21119,110400,0,0,172,815241331,1,160,19632000
1725558004359000,21120,110560,0,0,172,815241331,1,160,19733000
1725558023005000,21121,110720,0,0,172,815241331,1,160,18646000
1725558042414000,21122,110880,0,0,172,815241331,1,160,19409000
1725558065473000,21123,111040,0,0,172,815241331,1,160,23059000
1725558085217000,21124,111200,0,0,172,815241331,1,160,19744000
1725558105028000,21125,111360,0,0,172,815241331,1,160,19811000
1725558123773000,21126,111520,0,0,172,815241331,1,160,18745000
1725558144666000,21127,111680,0,0,172,815241331,1,160,20893000
1725558163154000,21128,111840,0,0,172,815241331,1,160,18488000
1725558184030000,21129,112000,0,0,172,815241331,1,160,20876000
1725558203467000,21130,112160,0,0,172,815241331,1,160,19437000
1725558223435000,21131,112320,0,0,172,815241331,1,160,19968000
1725558245331000,21132,112480,0,0,172,815241331,1,160,21896000
1725558264588000,21133,112640,0,0,172,815241331,1,160,19257000
1725558283007000,21134,112800,0,0,172,815241331,1,160,18419000
1725558303732000,21135,112960,0,0,172,815241331,1,160,20725000
1725558323069000,21136,113120,0,0,172,815241331,1,160,19337000
1725558345054000,21137,113280,0,0,172,815241331,1,160,21985000
1725558365238000,21138,113440,0,0,172,815241331,1,160,20184000
1725558385169000,21139,113600,0,0,172,815241331,1,160,19931000
1725558403618000,21140,113760,0,0,172,815241331,1,160,18449000
1725558422609000,21141,113920,0,0,172,815241331,1,160,18991000
1725558443006000,21142,114080,0,0,172,815241331,1,160,20397000
1725558464424000,21143,114240,0,0,172,815241331,1,160,21418000
1725558483984000,21144,114400,0,0,172,815241331,1,160,19560000
1725558502800000,21145,114560,0,0,172,815241331,1,160,18816000
1725558521869000,21146,114720,0,0,172,815241331,1,160,19069000
1725558541723000,21147,114880,0,0,172,815241331,1,160,19854000
1725558560820000,21148,115040,0,0,172,815241331,1,160,19097000
1725558581803000,21149,115200,0,0,172,815241331,1,160,20983000
1725558601284000,21150,115360,0,0,172,815241331,1,160,19481000
1725558622374000,21151,115520,0,0,172,815241331,1,160,21090000
1725558642577000,21152,115680,0,0,172,815241331,1,160,20203000
1725558661923000,21153,115840,0,0,172,815241331,1,160,19346000
1725558682592000,21154,116000,0,0,172,815241331,1,160,20669000
1725558702279000,21155,116160,0,0,172,815241331,1,160,19687000
1725558723823000,21156,116320,0,0,172,815241331,1,160,21544000
1725558743341000,21157,116480,0,0,172,815241331,1,160,19518000
1725558764089000,21158,116640,0,0,172,815241331,1,160,20748000
1725558782741000,21159,116800,0,0,172,815241331,1,160,18652000
1725558804364000,21160,116960,0,0,172,815241331,1,160,21623000
1725558825482000,21161,117120,0,0,172,815241331,1,160,21118000
1725558844785000,21162,117280,0,0,172,815241331,1,160,19303000
1725558864871000,21163,117440,0,0,172,815241331,1,160,20086000
1725558884719000,21164,117600,0,0,172,815241331,1,160,19848000
1725558902985000,21165,117760,0,0,172,815241331,1,160,18266000
1725558923030000,21166,117920,0,0,172,815241331,1,160,20045000
1725558942613000,21167,118080,0,0,172,815241331,1,160,19583000
1725558963273000,21168,118240,0,0,172,815241331,1,160,20660000
1725558984397000,21169,118400,0,0,172,815241331,1,160,21124000
1725559002978000,21170,118560,0,0,172,815241331,1,160,18581000
1725559024943000,21171,118720,0,0,172,815241331,1,160,21965000
1725559044723000,21172,118880,0,0,172,815241331,1,160,19780000
1725559064501000,21173,119040,0,0,172,815241331,1,160,19778000
1725559082529000,21174,119200,0,0,172,815241331,1,160,18028000
1725559104183000,21175,119360,0,0,172,815241331,1,160,21654000
1725559123068000,21176,119520,0,0,172,815241331,1,160,18885000
1725559145071000,21177,119680,0,0,172,815241331,1,160,22003000
1725559164967000,21178,119840,0,0,172,815241331,1,160,19896000
1725559184860000,21179,120000,0,0,172,815241331,1,160,19893000
1725559203282000,21180,120160,0,0,172,815241331,1,160,18422000
1725559224452000,21181,120320,0,0,172,815241331,1,160,21170000
1725559244278000,21182,120480,0,0,172,815241331,1,160,19826000
1725559264481000,21183,120640,0,0,172,815241331,1,160,20203000
1725559284136000,21184,120800,0,0,172,815241331,1,160,19655000
1725559303865000,21185,120960,0,0,172,815241331,1,160,19729000
1725559322764000,21186,121120,0,0,172,815241331,1,160,18899000
1725559343251000,21187,121280,0,0,172,815241331,1,160,20487000
1725559364743000,21188,121440,0,0,172,815241331,1,160,21492000
1725559384381000,21189,121600,0,0,172,815241331,1,160,19638000
1725559403890000,21190,121760,0,0,172,815241331,1,160,19509000
1725559423252000,21191,121920,0,0,172,815241331,1,160,19362000
1725559443939000,21192,122080,0,0,172,815241331,1,160,20687000
1725559464691000,21193,122240,0,0,172,815241331,1,160,20752000
1725559484364000,21194,122400,0,0,172,815241331,1,160,19673000
1725559503873000,21195,122560,0,0,172,815241331,1,160,19509000
1725559523283000,21196,122720,0,0,172,815241331,1,160,19410000
1725559543219000,21197,122880,0,0,172,815241331,1,160,19936000
1725559562717000,21198,123040,0,0,172,815241331,1,160,19498000
1725559584505000,21199,123200,0,0,172,815241331,1,160,21788000
1725559604071000,21200,123360,0,0,172,815241331,1,160,19566000
1725559623684000,21201,123520,0,0,172,815241331,1,160,19613000
1725559642000000,21202,123680,0,0,172,815241331,1,160,18316000
1725559664421000,21203,123840,0,0,172,815241331,1,160,22421000
1725559685013000,21204,124000,0,0,172,815241331,1,160,20592000
1725559703941000,21205,124160,0,0,172,815241331,1,160,18928000
1725559722933000,21206,124320,0,0,172,815241331,1,160,18992000
1725559744922000,21207,124480,0,0,172,815241331,1,160,21989000
1725559765191000,21208,124640,0,0,172,815241331,1,160,20269000
1725559784395000,21209,124800,0,0,172,815241331,1,160,19204000
1725559805140000,21210,124960,0,0,172,815241331,1,160,20745000
1725559823597000,21211,125120,0,0,172,815241331,1,160,18457000
1725559841572000,21212,125280,0,0,172,815241331,1,160,17975000
1725559864128000,21213,125440,0,0,172,815241331,1,160,22556000
1725559883139000,21214,125600,0,0,172,815241331,1,160,19011000
1725559905147000,21215,125760,0,0,172,815241331,1,160,22008000
1725559925091000,21216,125920,0,0,172,815241331,1,160,19944000
1725559944565000,21217,126080,0,0,172,815241331,1,160,19474000
1725559964233000,21218,126240,0,0,172,815241331,1,160,19668000
1725559985029000,21219,126400,0,0,172,815241331,1,160,20796000
1725560005556000,21220,126560,0,0,172,815241331,1,160,20527000
1725560021456000,21221,126720,0,0,172,815241331,1,160,15900000
1725560041523000,21222,126880,0,0,172,815241331,1,160,20067000
1725560061337000,21223,127040,0,0,172,815241331,1,160,19814000
1725560081568000,21224,127200,0,0,172,815241331,1,160,20231000
1725560101356000,21225,127360,0,0,172,815241331,1,160,19788000
1725560122012000,21226,127520,0,0,172,815241331,1,160,20656000
1725560141154000,21227,127680,0,0,172,815241331,1,160,19142000
1725560161888000,21228,127840,0,0,172,815241331,1,160,20734000
1725560181632000,21229,128000,0,0,172,815241331,1,160,19744000
1725560201495000,21230,128160,0,0,172,815241331,1,160,19863000
1725560221510000,21231,128320,0,0,172,815241331,1,160,20015000
1725560241637000,21232,128480,0,0,172,815241331,1,160,20127000
1725560261789000,21233,128640,0,0,172,815241331,1,160,20152000
1725560282060000,21234,128800,0,0,172,815241331,1,160,20271000
1725560302385000,21235,128960,0,0,172,815241331,1,160,20325000
1725560323053000,21236,129120,0,0,172,815241331,1,160,20668000
1725560342904000,21237,129280,0,0,172,815241331,1,160,19851000
1725560363011000,21238,129440,0,0,172,815241331,1,160,20107000
1725560383242000,21239,129600,0,0,172,815241331,1,160,20231000
1725560403355000,21240,129760,0,0,172,815241331,1,160,20113000
1725560423531000,21241,129920,0,0,172,815241331,1,160,20176000
1725560442771000,21242,130080,0,0,172,815241331,1,160,19240000
1725560462725000,21243,130240,0,0,172,815241331,1,160,19954000
1725560482578000,21244,130400,0,0,172,815241331,1,160,19853000
1725560502913000,21245,130560,0,0,172,815241331,1,160,20335000
1725560522354000,21246,130720,0,0,172,815241331,1,160,19441000
1725560545630000,21247,130880,0,0,172,815241331,1,160,23276000
1725560564469000,21248,131040,0,0,172,815241331,1,160,18839000
1725560583522000,21249,131200,0,0,172,815241331,1,160,19053000
1725560603970000,21250,131360,0,0,172,815241331,1,160,20448000
1725560624875000,21251,131520,0,0,172,815241331,1,160,20905000
1725560644132000,21252,131680,0,0,172,815241331,1,160,19257000
1725560664982000,21253,131840,0,0,172,815241331,1,160,20850000
1725560684229000,21254,132000,0,0,172,815241331,1,160,19247000
1725560705226000,21255,132160,0,0,172,815241331,1,160,20997000
1725560724526000,21256,132320,0,0,172,815241331,1,160,19300000
1725560742162000,21257,132480,0,0,172,815241331,1,160,17636000
1725560764415000,21258,132640,0,0,172,815241331,1,160,22253000
1725560784309000,21259,132800,0,0,172,815241331,1,160,19894000
1725560805547000,21260,132960,0,0,172,815241331,1,160,21238000
1725560824200000,21261,133120,0,0,172,815241331,1,160,18653000
1725560844009000,21262,133280,0,0,172,815241331,1,160,19809000
1725560863841000,21263,133440,0,0,172,815241331,1,160,19832000
1725560883546000,21264,133600,0,0,172,815241331,1,160,19705000
1725560904653000,21265,133760,0,0,172,815241331,1,160,21107000
1725560924586000,21266,133920,0,0,172,815241331,1,160,19933000
1725560944389000,21267,134080,0,0,172,815241331,1,160,19803000
1725560965574000,21268,134240,0,0,172,815241331,1,160,21185000
1725560984184000,21269,134400,0,0,172,815241331,1,160,18610000
1725561004678000,21270,134560,0,0,172,815241331,1,160,20494000
1725561025002000,21271,134720,0,0,172,815241331,1,160,20324000
1725561045126000,21272,134880,0,0,172,815241331,1,160,20124000
1725561064741000,21273,135040,0,0,172,815241331,1,160,19615000
1725561083975000,21274,135200,0,0,172,815241331,1,160,19234000
1725561103724000,21275,135360,0,0,172,815241331,1,160,19749000
1725561122993000,21276,135520,0,0,172,815241331,1,160,19269000
1725561143198000,21277,135680,0,0,172,815241331,1,160,20205000
1725561165161000,21278,135840,0,0,172,815241331,1,160,21963000
1725561185110000,21279,136000,0,0,172,815241331,1,160,19949000
1725561203636000,21280,136160,0,0,172,815241331,1,160,18526000
1725561222219000,21281,136320,0,0,172,815241331,1,160,18583000
1725561242340000,21282,136480,0,0,172,815241331,1,160,20121000
1725561262277000,21283,136640,0,0,172,815241331,1,160,19937000
1725561281643000,21284,136800,0,0,172,815241331,1,160,19366000
1725561301101000,21285,136960,0,0,172,815241331,1,160,19458000
1725561322341000,21286,137120,0,0,172,815241331,1,160,21240000
1725561342709000,21287,137280,0,0,172,815241331,1,160,20368000
1725561362350000,21288,137440,0,0,172,815241331,1,160,19641000
1725561383089000,21289,137600,0,0,172,815241331,1,160,20739000
1725561403208000,21290,137760,0,0,172,815241331,1,160,20119000
1725561423091000,21291,137920,0,0,172,815241331,1,160,19883000
1725561443067000,21292,138080,0,0,172,815241331,1,160,19976000
1725561464097000,21293,138240,0,0,172,815241331,1,160,21030000
1725561484948000,21294,138400,0,0,172,815241331,1,160,20851000
1725561504734000,21295,138560,0,0,172,815241331,1,160,19786000
1725561522737000,21296,138720,0,0,172,815241331,1,160,18003000
1725561544062000,21297,138880,0,0,172,815241331,1,160,21325000
1725561565370000,21298,139040,0,0,172,815241331,1,160,21308000
1725561584042000,21299,139200,0,0,172,815241331,1,160,18672000
1725561603015000,21300,139360,0,0,172,815241331,1,160,18973000
1725561622628000,21301,139520,0,0,172,815241331,1,160,19613000
1725561641708000,21302,139680,0,0,172,815241331,1,160,19080000
1725561664394000,21303,139840,0,0,172,815241331,1,160,22686000
1725561684104000,21304,140000,0,0,172,815241331,1,160,19710000
1725561704237000,21305,140160,0,0,172,815241331,1,160,20133000
1725561723756000,21306,140320,0,0,172,815241331,1,160,19519000
1725561742320000,21307,140480,0,0,172,815241331,1,160,18564000
1725561763235000,21308,140640,0,0,172,815241331,1,160,20915000
1725561784877000,21309,140800,0,0,172,815241331,1,160,21642000
1725561803723000,21310,140960,0,0,172,815241331,1,160,18846000
1725561823577000,21311,141120,0,0,172,815241331,1,160,19854000
1725561844049000,21312,141280,0,0,172,815241331,1,160,20472000
1725561865027000,21313,141440,0,0,172,815241331,1,160,20978000
1725561883925000,21314,141600,0,0,172,815241331,1,160,18898000
1725561903950000,21315,141760,0,0,172,815241331,1,160,20025000
1725561923142000,21316,141920,0,0,172,815241331,1,160,19192000
1725561943221000,21317,142080,0,0,172,815241331,1,160,20079000
1725561965452000,21318,142240,0,0,172,815241331,1,160,22231000
1725561984139000,21319,142400,0,0,172,815241331,1,160,18687000
1725562005155000,21320,142560,0,0,172,815241331,1,160,21016000
1725562023292000,21321,142720,0,0,172,815241331,1,160,18137000
1725562043959000,21322,142880,0,0,172,815241331,1,160,20667000
1725562064811000,21323,143040,0,0,172,815241331,1,160,20852000
1725562084462000,21324,143200,0,0,172,815241331,1,160,19651000
1725562104276000,21325,143360,0,0,172,815241331,1,160,19814000
1725562123304000,21326,143520,0,0,172,815241331,1,160,19028000
1725562143075000,21327,143680,0,0,172,815241331,1,160,19771000
1725562165104000,21328,143840,0,0,172,815241331,1,160,22029000
1725562184965000,21329,144000,0,0,172,815241331,1,160,19861000
1725562203376000,21330,144160,0,0,172,815241331,1,160,18411000
1725562222877000,21331,144320,0,0,172,815241331,1,160,19501000
1725562243477000,21332,144480,0,0,172,815241331,1,160,20600000
1725562263986000,21333,144640,0,0,172,815241331,1,160,20509000
1725562284333000,21334,144800,0,0,172,815241331,1,160,20347000
1725562303852000,21335,144960,0,0,172,815241331,1,160,19519000
1725562324962000,21336,145120,0,0,172,815241331,1,160,21110000
1725562344222000,21337,145280,0,0,172,815241331,1,160,19260000
1725562364951000,21338,145440,0,0,172,815241331,1,160,20729000
1725562384688000,21339,145600,0,0,172,815241331,1,160,19737000
1725562403559000,21340,145760,0,0,172,815241331,1,160,18871000
1725562423018000,21341,145920,0,0,172,815241331,1,160,19459000
1725562445150000,21342,146080,0,0,172,815241331,1,160,22132000
1725562465099000,21343,146240,0,0,172,815241331,1,160,19949000
1725562482935000,21344,146400,0,0,172,815241331,1,160,17836000
1725562503672000,21345,146560,0,0,172,815241331,1,160,20737000
1725562524550000,21346,146720,0,0,172,815241331,1,160,20878000
1725562543261000,21347,146880,0,0,172,815241331,1,160,18711000
1725562563003000,21348,147040,0,0,172,815241331,1,160,19742000
1725562582231000,21349,147200,0,0,172,815241331,1,160,19228000
1725562603485000,21350,147360,0,0,172,815241331,1,160,21254000
1725562621991000,21351,147520,0,0,172,815241331,1,160,18506000
1725562642459000,21352,147680,0,0,172,815241331,1,160,20468000
1725562661930000,21353,147840,0,0,172,815241331,1,160,19471000
1725562682621000,21354,148000,0,0,172,815241331,1,160,20691000
1725562702037000,21355,148160,0,0,172,815241331,1,160,19416000
1725562722565000,21356,148320,0,0,172,815241331,1,160,20528000
1725562742281000,21357,148480,0,0,172,815241331,1,160,19716000
1725562762874000,21358,148640,0,0,172,815241331,1,160,20593000
1725562782577000,21359,148800,0,0,172,815241331,1,160,19703000
1725562802283000,21360,148960,0,0,172,815241331,1,160,19706000
1725562823240000,21361,149120,0,0,172,815241331,1,160,20957000
1725562843167000,21362,149280,0,0,172,815241331,1,160,19927000
1725562863512000,21363,149440,0,0,172,815241331,1,160,20345000
1725562883192000,21364,149600,0,0,172,815241331,1,160,19680000
1725562903758000,21365,149760,0,0,172,815241331,1,160,20566000
1725562924309000,21366,149920,0,0,172,815241331,1,160,20551000
1725562944600000,21367,150080,0,0,172,815241331,1,160,20291000
1725562964264000,21368,150240,0,0,172,815241331,1,160,19664000
1725562984731000,21369,150400,0,0,172,815241331,1,160,20467000
1725563004786000,21370,150560,0,0,172,815241331,1,160,20055000
1725563022714000,21371,150720,0,0,172,815241331,1,160,17928000
1725563043106000,21372,150880,0,0,172,815241331,1,160,20392000
1725563063780000,21373,151040,0,0,172,815241331,1,160,20674000
1725563081485000,21374,151200,0,0,172,815241331,1,160,17705000
1725563104979000,21375,151360,0,0,172,815241331,1,160,23494000
1725563124028000,21376,151520,0,0,172,815241331,1,160,19049000
1725563144367000,21377,151680,0,0,172,815241331,1,160,20339000
1725563162758000,21378,151840,0,0,172,815241331,1,160,18391000
1725563182795000,21379,152000,0,0,172,815241331,1,160,20037000
1725563203119000,21380,152160,0,0,172,815241331,1,160,20324000
1725563222941000,21381,152320,0,0,172,815241331,1,160,19822000
1725563243860000,21382,152480,0,0,172,815241331,1,160,20919000
1725563262544000,21383,152640,0,0,172,815241331,1,160,18684000
1725563282962000,21384,152800,0,0,172,815241331,1,160,20418000
1725563305024000,21385,152960,0,0,172,815241331,1,160,22062000
1725563322034000,21386,153120,0,0,172,815241331,1,160,17010000
1725563342985000,21387,153280,0,0,172,815241331,1,160,20951000
1725563364780000,21388,153440,0,0,172,815241331,1,160,21795000
1725563385080000,21389,153600,0,0,172,815241331,1,160,20300000
1725563403725000,21390,153760,0,0,172,815241331,1,160,18645000
1725563424570000,21391,153920,0,0,172,815241331,1,160,20845000
1725563443964000,21392,154080,0,0,172,815241331,1,160,19394000
1725563465360000,21393,154240,0,0,172,815241331,1,160,21396000
1725563484460000,21394,154400,0,0,172,815241331,1,160,19100000
1725563503972000,21395,154560,0,0,172,815241331,1,160,19512000
1725563524814000,21396,154720,0,0,172,815241331,1,160,20842000
1725563542790000,21397,154880,0,0,172,815241331,1,160,17976000
1725563564571000,21398,155040,0,0,172,815241331,1,160,21781000
1725563584297000,21399,155200,0,0,172,815241331,1,160,19726000
1725563604692000,21400,155360,0,0,172,815241331,1,160,20395000
1725563624063000,21401,155520,0,0,172,815241331,1,160,19371000
1725563645577000,21402,155680,0,0,172,815241331,1,160,21514000
1725563662715000,21403,155840,0,0,172,815241331,1,160,17138000
1725563684190000,21404,156000,0,0,172,815241331,1,160,21475000
1725563705609000,21405,156160,0,0,172,815241331,1,160,21419000
1725563724686000,21406,156320,0,0,172,815241331,1,160,19077000
1725563741182000,21407,156480,0,0,172,815241331,1,160,16496000
1725563764936000,21408,156640,0,0,172,815241331,1,160,23754000
1725563784595000,21409,156800,0,0,172,815241331,1,160,19659000
1725563801565000,21410,156960,0,0,172,815241331,1,160,16970000
1725563824645000,21411,157120,0,0,172,815241331,1,160,23080000
1725563842306000,21412,157280,0,0,172,815241331,1,160,17661000
1725563863231000,21413,157440,0,0,172,815241331,1,160,20925000
1725563885686000,21414,157600,0,0,172,815241331,1,160,22455000
1725563905089000,21415,157760,0,0,172,815241331,1,160,19403000
1725563922436000,21416,157920,0,0,172,815241331,1,160,17347000
1725563944340000,21417,158080,0,0,172,815241331,1,160,21904000
1725563963828000,21418,158240,0,0,172,815241331,1,160,19488000
1725563984167000,21419,158400,0,0,172,815241331,1,160,20339000
1725564003718000,21420,158560,0,0,172,815241331,1,160,19551000
1725564024919000,21421,158720,0,0,172,815241331,1,160,21201000
1725564045103000,21422,158880,0,0,172,815241331,1,160,20184000
1725564062544000,21423,159040,0,0,172,815241331,1,160,17441000
1725564082776000,21424,159200,0,0,172,815241331,1,160,20232000
1725564104984000,21425,159360,0,0,172,815241331,1,160,22208000
1725564123067000,21426,159520,0,0,172,815241331,1,160,18083000
1725564143450000,21427,159680,0,0,172,815241331,1,160,20383000
1725564164371000,21428,159840,0,0,172,815241331,1,160,20921000
1725564182886000,21429,160000,0,0,172,815241331,1,160,18515000
1725564203483000,21430,160160,0,0,172,815241331,1,160,20597000
1725564224225000,21431,160320,0,0,172,815241331,1,160,20742000
1725564243932000,21432,160480,0,0,172,815241331,1,160,19707000
1725564264356000,21433,160640,0,0,172,815241331,1,160,20424000
1725564283092000,21434,160800,0,0,172,815241331,1,160,18736000
1725564304782000,21435,160960,0,0,172,815241331,1,160,21690000
1725564324802000,21436,161120,0,0,172,815241331,1,160,20020000
1725564344503000,21437,161280,0,0,172,815241331,1,160,19701000
1725564364941000,21438,161440,0,0,172,815241331,1,160,20438000
1725564385377000,21439,161600,0,0,172,815241331,1,160,20436000
1725564403684000,21440,161760,0,0,172,815241331,1,160,18307000
1725564424523000,21441,161920,0,0,172,815241331,1,160,20839000
1725564442771000,21442,162080,0,0,172,815241331,1,160,18248000
1725564464811000,21443,162240,0,0,172,815241331,1,160,22040000
1725564483292000,21444,162400,0,0,172,815241331,1,160,18481000
1725564504004000,21445,162560,0,0,172,815241331,1,160,20712000
1725564523265000,21446,162720,0,0,172,815241331,1,160,19261000
1725564542317000,21447,162880,0,0,172,815241331,1,160,19052000
1725564561094000,21448,163040,0,0,172,815241331,1,160,18777000
1725564581848000,21449,163200,0,0,172,815241331,1,160,20754000
1725564605084000,21450,163360,0,0,172,815241331,1,160,23236000
1725564625067000,21451,163520,0,0,172,815241331,1,160,19983000
1725564644593000,21452,163680,0,0,172,815241331,1,160,19526000
1725564664121000,21453,163840,0,0,172,815241331,1,160,19528000
1725564684819000,21454,164000,0,0,172,815241331,1,160,20698000
1725564703052000,21455,164160,0,0,172,815241331,1,160,18233000
1725564721791000,21456,164320,0,0,172,815241331,1,160,18739000
1725564744395000,21457,164480,0,0,172,815241331,1,160,22604000
1725564764043000,21458,164640,0,0,172,815241331,1,160,19648000
1725564784075000,21459,164800,0,0,172,815241331,1,160,20032000
1725564803064000,21460,164960,0,0,172,815241331,1,160,18989000
1725564823651000,21461,165120,0,0,172,815241331,1,160,20587000
1725564843427000,21462,165280,0,0,172,815241331,1,160,19776000
1725564860396000,21463,165440,0,0,172,815241331,1,160,16969000
1725564884391000,21464,165600,0,0,172,815241331,1,160,23995000
1725564904008000,21465,165760,0,0,172,815241331,1,160,19617000
1725564925235000,21466,165920,0,0,172,815241331,1,160,21227000
1725564943843000,21467,166080,0,0,172,815241331,1,160,18608000
1725564965170000,21468,166240,0,0,172,815241331,1,160,21327000
1725564984936000,21469,166400,0,0,172,815241331,1,160,19766000
1725565004415000,21470,166560,0,0,172,815241331,1,160,19479000
1725565023680000,21471,166720,0,0,172,815241331,1,160,19265000
1725565044373000,21472,166880,0,0,172,815241331,1,160,20693000
1725565064173000,21473,167040,0,0,172,815241331,1,160,19800000
1725565084042000,21474,167200,0,0,172,815241331,1,160,19869000
1725565104695000,21475,167360,0,0,172,815241331,1,160,20653000
1725565124004000,21476,167520,0,0,172,815241331,1,160,19309000
1725565142947000,21477,167680,0,0,172,815241331,1,160,18943000
1725565164325000,21478,167840,0,0,172,815241331,1,160,21378000
1725565183275000,21479,168000,0,0,172,815241331,1,160,18950000
1725565203508000,21480,168160,0,0,172,815241331,1,160,20233000
1725565224735000,21481,168320,0,0,172,815241331,1,160,21227000
1725565244756000,21482,168480,0,0,172,815241331,1,160,20021000
1725565265129000,21483,168640,0,0,172,815241331,1,160,20373000
1725565285270000,21484,168800,0,0,172,815241331,1,160,20141000
1725565302670000,21485,168960,0,0,172,815241331,1,160,17400000
1725565324366000,21486,169120,0,0,172,815241331,1,160,21696000
1725565343843000,21487,169280,0,0,172,815241331,1,160,19477000
1725565363044000,21488,169440,0,0,172,815241331,1,160,19201000
1725565384815000,21489,169600,0,0,172,815241331,1,160,21771000
1725565404614000,21490,169760,0,0,172,815241331,1,160,19799000
1725565421955000,21491,169920,0,0,172,815241331,1,160,17341000
1725565444486000,21492,170080,0,0,172,815241331,1,160,22531000
1725565463175000,21493,170240,0,0,172,815241331,1,160,18689000
1725565484536000,21494,170400,0,0,172,815241331,1,160,21361000
1725565503980000,21495,170560,0,0,172,815241331,1,160,19444000
1725565522882000,21496,170720,0,0,172,815241331,1,160,18902000
1725565542802000,21497,170880,0,0,172,815241331,1,160,19920000
1725565563471000,21498,171040,0,0,172,815241331,1,160,20669000
1725565581799000,21499,171200,0,0,172,815241331,1,160,18328000
1725565604929000,21500,171360,0,0,172,815241331,1,160,23130000
1725565622544000,21501,171520,0,0,172,815241331,1,160,17615000
1725565644416000,21502,171680,0,0,172,815241331,1,160,21872000
1725565663979000,21503,171840,0,0,172,815241331,1,160,19563000
1725565682317000,21504,172000,0,0,172,815241331,1,160,18338000
1725565702120000,21505,172160,0,0,172,815241331,1,160,19803000
1725565724288000,21506,172320,0,0,172,815241331,1,160,22168000
1725565743444000,21507,172480,0,0,172,815241331,1,160,19156000
1725565764137000,21508,172640,0,0,172,815241331,1,160,20693000
1725565784904000,21509,172800,0,0,172,815241331,1,160,20767000
1725565804360000,21510,172960,0,0,172,815241331,1,160,19456000
1725565823942000,21511,173120,0,0,172,815241331,1,160,19582000
1725565844081000,21512,173280,0,0,172,815241331,1,160,20139000
1725565863859000,21513,173440,0,0,172,815241331,1,160,19778000
1725565883235000,21514,173600,0,0,172,815241331,1,160,19376000
1725565903083000,21515,173760,0,0,172,815241331,1,160,19848000
1725565924285000,21516,173920,0,0,172,815241331,1,160,21202000
1725565943705000,21517,174080,0,0,172,815241331,1,160,19420000
1725565964288000,21518,174240,0,0,172,815241331,1,160,20583000
1725565984073000,21519,174400,0,0,172,815241331,1,160,19785000
1725566005114000,21520,174560,0,0,172,815241331,1,160,21041000
1725566025066000,21521,174720,0,0,172,815241331,1,160,19952000
1725566043209000,21522,174880,0,0,172,815241331,1,160,18143000
1725566064384000,21523,175040,0,0,172,815241331,1,160,21175000
1725566082183000,21524,175200,0,0,172,815241331,1,160,17799000
1725566104097000,21525,175360,0,0,172,815241331,1,160,21914000
1725566123177000,21526,175520,0,0,172,815241331,1,160,19080000
1725566142474000,21527,175680,0,0,172,815241331,1,160,19297000
1725566163040000,21528,175840,0,0,172,815241331,1,160,20566000
1725566182181000,21529,176000,0,0,172,815241331,1,160,19141000
1725566202509000,21530,176160,0,0,172,815241331,1,160,20328000
1725566224495000,21531,176320,0,0,172,815241331,1,160,21986000
1725566244503000,21532,176480,0,0,172,815241331,1,160,20008000
1725566263372000,21533,176640,0,0,172,815241331,1,160,18869000
1725566283664000,21534,176800,0,0,172,815241331,1,160,20292000
1725566304156000,21535,176960,0,0,172,815241331,1,160,20492000
1725566322707000,21536,177120,0,0,172,815241331,1,160,18551000
1725566342662000,21537,177280,0,0,172,815241331,1,160,19955000
1725566361984000,21538,177440,0,0,172,815241331,1,160,19322000
1725566384497000,21539,177600,0,0,172,815241331,1,160,22513000
1725566404095000,21540,177760,0,0,172,815241331,1,160,19598000
1725566423062000,21541,177920,0,0,172,815241331,1,160,18967000
1725566442961000,21542,178080,0,0,172,815241331,1,160,19899000
1725566463517000,21543,178240,0,0,172,815241331,1,160,20556000
1725566482723000,21544,178400,0,0,172,815241331,1,160,19206000
1725566504794000,21545,178560,0,0,172,815241331,1,160,22071000
1725566522724000,21546,178720,0,0,172,815241331,1,160,17930000
1725566542807000,21547,178880,0,0,172,815241331,1,160,20083000
1725566564162000,21548,179040,0,0,172,815241331,1,160,21355000
1725566584098000,21549,179200,0,0,172,815241331,1,160,19936000
1725566603917000,21550,179360,0,0,172,815241331,1,160,19819000
1725566625155000,21551,179520,0,0,172,815241331,1,160,21238000
1725566643003000,21552,179680,0,0,172,815241331,1,160,17848000
1725566663013000,21553,179840,0,0,172,815241331,1,160,20010000
1725566683159000,21554,180000,0,0,172,815241331,1,160,20146000
1725566704244000,21555,180160,0,0,172,815241331,1,160,21085000
1725566722936000,21556,180320,0,0,172,815241331,1,160,18692000
1725566743606000,21557,180480,0,0,172,815241331,1,160,20670000
1725566764284000,21558,180640,0,0,172,815241331,1,160,20678000
1725566783447000,21559,180800,0,0,172,815241331,1,160,19163000
1725566804537000,21560,180960,0,0,172,815241331,1,160,21090000
1725566822817000,21561,181120,0,0,172,815241331,1,160,18280000
1725566842822000,21562,181280,0,0,172,815241331,1,160,20005000
1725566864412000,21563,181440,0,0,172,815241331,1,160,21590000
1725566882327000,21564,181600,0,0,172,815241331,1,160,17915000
1725566903866000,21565,181760,0,0,172,815241331,1,160,21539000
1725566923655000,21566,181920,0,0,172,815241331,1,160,19789000
1725566942571000,21567,182080,0,0,172,815241331,1,160,18916000
1725566964642000,21568,182240,0,0,172,815241331,1,160,22071000
1725566984496000,21569,182400,0,0,172,815241331,1,160,19854000
1725567004369000,21570,182560,0,0,172,815241331,1,160,19873000
1725567022762000,21571,182720,0,0,172,815241331,1,160,18393000
1725567041957000,21572,182880,0,0,172,815241331,1,160,19195000
1725567064979000,21573,183040,0,0,172,815241331,1,160,23022000
1725567084267000,21574,183200,0,0,172,815241331,1,160,19288000
1725567102869000,21575,183360,0,0,172,815241331,1,160,18602000
1725567122896000,21576,183520,0,0,172,815241331,1,160,20027000
1725567144958000,21577,183680,0,0,172,815241331,1,160,22062000
1725567165008000,21578,183840,0,0,172,815241331,1,160,20050000
1725567184267000,21579,184000,0,0,172,815241331,1,160,19259000
1725567202961000,21580,184160,0,0,172,815241331,1,160,18694000
1725567222985000,21581,184320,0,0,172,815241331,1,160,20024000
1725567242905000,21582,184480,0,0,172,815241331,1,160,19920000
1725567264934000,21583,184640,0,0,172,815241331,1,160,22029000
1725567283577000,21584,184800,0,0,172,815241331,1,160,18643000
1725567304867000,21585,184960,0,0,172,815241331,1,160,21290000
1725567322972000,21586,185120,0,0,172,815241331,1,160,18105000
1725567344095000,21587,185280,0,0,172,815241331,1,160,21123000
1725567362409000,21588,185440,0,0,172,815241331,1,160,18314000
1725567383702000,21589,185600,0,0,172,815241331,1,160,21293000
1725567404242000,21590,185760,0,0,172,815241331,1,160,20540000
1725567422702000,21591,185920,0,0,172,815241331,1,160,18460000
1725567444832000,21592,186080,0,0,172,815241331,1,160,22130000
1725567464957000,21593,186240,0,0,172,815241331,1,160,20125000
1725567483625000,21594,186400,0,0,172,815241331,1,160,18668000
1725567504128000,21595,186560,0,0,172,815241331,1,160,20503000
1725567522945000,21596,186720,0,0,172,815241331,1,160,18817000
1725567543821000,21597,186880,0,0,172,815241331,1,160,20876000
1725567564434000,21598,187040,0,0,172,815241331,1,160,20613000
1725567583502000,21599,187200,0,0,172,815241331,1,160,19068000
1725567604017000,21600,187360,0,0,172,815241331,1,160,20515000
1725567622637000,21601,187520,0,0,172,815241331,1,160,18620000
1725567641878000,21602,187680,0,0,172,815241331,1,160,19241000
1725567663888000,21603,187840,0,0,172,815241331,1,160,22010000
1725567684689000,21604,188000,0,0,172,815241331,1,160,20801000
1725567704484000,21605,188160,0,0,172,815241331,1,160,19795000
1725567722518000,21606,188320,0,0,172,815241331,1,160,18034000
1725567743153000,21607,188480,0,0,172,815241331,1,160,20635000
1725567761914000,21608,188640,0,0,172,815241331,1,160,18761000
1725567784612000,21609,188800,0,0,172,815241331,1,160,22698000
1725567804139000,21610,188960,0,0,172,815241331,1,160,19527000
1725567822687000,21611,189120,0,0,172,815241331,1,160,18548000
1725567842637000,21612,189280,0,0,172,815241331,1,160,19950000
1725567864564000,21613,189440,0,0,172,815241331,1,160,21927000
1725567884182000,21614,189600,0,0,172,815241331,1,160,19618000
1725567903947000,21615,189760,0,0,172,815241331,1,160,19765000
1725567922892000,21616,189920,0,0,172,815241331,1,160,18945000
1725567942781000,21617,190080,0,0,172,815241331,1,160,19889000
1725567964863000,21618,190240,0,0,172,815241331,1,160,22082000
1725567983851000,21619,190400,0,0,172,815241331,1,160,18988000
1725568004627000,21620,190560,0,0,172,815241331,1,160,20776000
1725568022826000,21621,190720,0,0,172,815241331,1,160,18199000
1725568042973000,21622,190880,0,0,172,815241331,1,160,20147000
1725568063794000,21623,191040,0,0,172,815241331,1,160,20821000
1725568083842000,21624,191200,0,0,172,815241331,1,160,20048000
1725568104653000,21625,191360,0,0,172,815241331,1,160,20811000
1725568122887000,21626,191520,0,0,172,815241331,1,160,18234000
1725568143874000,21627,191680,0,0,172,815241331,1,160,20987000
1725568165171000,21628,191840,0,0,172,815241331,1,160,21297000
1725568182769000,21629,192000,0,0,172,815241331,1,160,17598000
1725568203359000,21630,192160,0,0,172,815241331,1,160,20590000
1725568222577000,21631,192320,0,0,172,815241331,1,160,19218000
1725568242543000,21632,192480,0,0,172,815241331,1,160,19966000
1725568264541000,21633,192640,0,0,172,815241331,1,160,21998000
1725568284395000,21634,192800,0,0,172,815241331,1,160,19854000
1725568304165000,21635,192960,0,0,172,815241331,1,160,19770000
1725568322695000,21636,193120,0,0,172,815241331,1,160,18530000
1725568343385000,21637,193280,0,0,172,815241331,1,160,20690000
1725568364599000,21638,193440,0,0,172,815241331,1,160,21214000
1725568383477000,21639,193600,0,0,172,815241331,1,160,18878000
1725568404169000,21640,193760,0,0,172,815241331,1,160,20692000
1725568422644000,21641,193920,0,0,172,815241331,1,160,18475000
1725568444155000,21642,194080,0,0,172,815241331,1,160,21511000
1725568463801000,21643,194240,0,0,172,815241331,1,160,19646000
1725568481940000,21644,194400,0,0,172,815241331,1,160,18139000
1725568504039000,21645,194560,0,0,172,815241331,1,160,22099000
1725568522465000,21646,194720,0,0,172,815241331,1,160,18426000
1725568542821000,21647,194880,0,0,172,815241331,1,160,20356000
1725568564403000,21648,195040,0,0,172,815241331,1,160,21582000
1725568582442000,21649,195200,0,0,172,815241331,1,160,18039000
1725568603043000,21650,195360,0,0,172,815241331,1,160,20601000
1725568623174000,21651,195520,0,0,172,815241331,1,160,20131000
1725568643399000,21652,195680,0,0,172,815241331,1,160,20225000
1725568664440000,21653,195840,0,0,172,815241331,1,160,21041000
1725568684319000,21654,196000,0,0,172,815241331,1,160,19879000
1725568704025000,21655,196160,0,0,172,815241331,1,160,19706000
1725568722584000,21656,196320,0,0,172,815241331,1,160,18559000
1725568742895000,21657,196480,0,0,172,815241331,1,160,20311000
1725568763541000,21658,196640,0,0,172,815241331,1,160,20646000
1725568783640000,21659,196800,0,0,172,815241331,1,160,20099000
1725568804465000,21660,196960,0,0,172,815241331,1,160,20825000
1725568822989000,21661,197120,0,0,172,815241331,1,160,18524000
1725568842087000,21662,197280,0,0,172,815241331,1,160,19098000
1725568864330000,21663,197440,0,0,172,815241331,1,160,22243000
1725568883436000,21664,197600,0,0,172,815241331,1,160,19106000
1725568903893000,21665,197760,0,0,172,815241331,1,160,20457000
1725568922956000,21666,197920,0,0,172,815241331,1,160,19063000
1725568943047000,21667,198080,0,0,172,815241331,1,160,20091000
1725568964247000,21668,198240,0,0,172,815241331,1,160,21200000
1725568983923000,21669,198400,0,0,172,815241331,1,160,19676000
1725569004416000,21670,198560,0,0,172,815241331,1,160,20493000
1725569022686000,21671,198720,0,0,172,815241331,1,160,18270000
1725569042331000,21672,198880,0,0,172,815241331,1,160,19645000
1725569063826000,21673,199040,0,0,172,815241331,1,160,21495000
1725569084208000,21674,199200,0,0,172,815241331,1,160,20382000
1725569103859000,21675,199360,0,0,172,815241331,1,160,19651000
1725569123723000,21676,199520,0,0,172,815241331,1,160,19864000
1725569142773000,21677,199680,0,0,172,815241331,1,160,19050000
1725569164122000,21678,199840,0,0,172,815241331,1,160,21349000
1725569183055000,21679,200000,0,0,172,815241331,1,160,18933000
1725569202437000,21680,200160,0,0,172,815241331,1,160,19382000
1725569222648000,21681,200320,0,0,172,815241331,1,160,20211000
1725569244330000,21682,200480,0,0,172,815241331,1,160,21682000
1725569264505000,21683,200640,0,0,172,815241331,1,160,20175000
1725569284474000,21684,200800,0,0,172,815241331,1,160,19969000
1725569304204000,21685,200960,0,0,172,815241331,1,160,19730000
1725569322628000,21686,201120,0,0,172,815241331,1,160,18424000
1725569343733000,21687,201280,0,0,172,815241331,1,160,21105000
1725569365045000,21688,201440,0,0,172,815241331,1,160,21312000
1725569382746000,21689,201600,0,0,172,815241331,1,160,17701000
1725569404703000,21690,201760,0,0,172,815241331,1,160,21957000
1725569421756000,21691,201920,0,0,172,815241331,1,160,17053000
1725569444500000,21692,202080,0,0,172,815241331,1,160,22744000
1725569464433000,21693,202240,0,0,172,815241331,1,160,19933000
1725569484306000,21694,202400,0,0,172,815241331,1,160,19873000
1725569502064000,21695,202560,0,0,172,815241331,1,160,17758000
1725569522981000,21696,202720,0,0,172,815241331,1,160,20917000
1725569543631000,21697,202880,0,0,172,815241331,1,160,20650000
1725569563057000,21698,203040,0,0,172,815241331,1,160,19426000
1725569582674000,21699,203200,0,0,172,815241331,1,160,19617000
1725569604146000,21700,203360,0,0,172,815241331,1,160,21472000
1725569624154000,21701,203520,0,0,172,815241331,1,160,20008000
1725569642101000,21702,203680,0,0,172,815241331,1,160,17947000
1725569663811000,21703,203840,0,0,172,815241331,1,160,21710000
1725569683468000,21704,204000,0,0,172,815241331,1,160,19657000
1725569704600000,21705,204160,0,0,172,815241331,1,160,21132000
1725569722598000,21706,204320,0,0,172,815241331,1,160,17998000
1725569742922000,21707,204480,0,0,172,815241331,1,160,20324000
1725569762774000,21708,204640,0,0,172,815241331,1,160,19852000
1725569781774000,21709,204800,0,0,172,815241331,1,160,19000000
1725569802724000,21710,204960,0,0,172,815241331,1,160,20950000
1725569822706000,21711,205120,0,0,172,815241331,1,160,19982000
1725569843132000,21712,205280,0,0,172,815241331,1,160,20426000
1725569864001000,21713,205440,0,0,172,815241331,1,160,20869000
1725569883940000,21714,205600,0,0,172,815241331,1,160,19939000
1725569903749000,21715,205760,0,0,172,815241331,1,160,19809000
1725569922543000,21716,205920,0,0,172,815241331,1,160,18794000
1725569944314000,21717,206080,0,0,172,815241331,1,160,21771000
1725569964448000,21718,206240,0,0,172,815241331,1,160,20134000
1725569983642000,21719,206400,0,0,172,815241331,1,160,19194000
1725570004528000,21720,206560,0,0,172,815241331,1,160,20886000
1725570022456000,21721,206720,0,0,172,815241331,1,160,17928000
1725570043109000,21722,206880,0,0,172,815241331,1,160,20653000
1725570063816000,21723,207040,0,0,172,815241331,1,160,20707000
1725570083796000,21724,207200,0,0,172,815241331,1,160,19980000
1725570104736000,21725,207360,0,0,172,815241331,1,160,20940000
1725570122589000,21726,207520,0,0,172,815241331,1,160,17853000
1725570143690000,21727,207680,0,0,172,815241331,1,160,21101000
1725570164397000,21728,207840,0,0,172,815241331,1,160,20707000
1725570182817000,21729,208000,0,0,172,815241331,1,160,18420000
1725570202839000,21730,208160,0,0,172,815241331,1,160,20022000
1725570222852000,21731,208320,0,0,172,815241331,1,160,20013000
1725570241999000,21732,208480,0,0,172,815241331,1,160,19147000
1725570262320000,21733,208640,0,0,172,815241331,1,160,20321000
1725570283548000,21734,208800,0,0,172,815241331,1,160,21228000
1725570304056000,21735,208960,0,0,172,815241331,1,160,20508000
1725570322010000,21736,209120,0,0,172,815241331,1,160,17954000
1725570343058000,21737,209280,0,0,172,815241331,1,160,21048000
1725570364304000,21738,209440,0,0,172,815241331,1,160,21246000
1725570382888000,21739,209600,0,0,172,815241331,1,160,18584000
1725570403751000,21740,209760,0,0,172,815241331,1,160,20863000
1725570422877000,21741,209920,0,0,172,815241331,1,160,19126000
1725570440854000,21742,210080,0,0,172,815241331,1,160,17977000
1725570464926000,21743,210240,0,0,172,815241331,1,160,24072000
1725570483491000,21744,210400,0,0,172,815241331,1,160,18565000
1725570504354000,21745,210560,0,0,172,815241331,1,160,20863000
1725570522633000,21746,210720,0,0,172,815241331,1,160,18279000
1725570543505000,21747,210880,0,0,172,815241331,1,160,20872000
1725570562868000,21748,211040,0,0,172,815241331,1,160,19363000
1725570583745000,21749,211200,0,0,172,815241331,1,160,20877000
1725570604686000,21750,211360,0,0,172,815241331,1,160,20941000
1725570622456000,21751,211520,0,0,172,815241331,1,160,17770000
1725570644544000,21752,211680,0,0,172,815241331,1,160,22088000
1725570664481000,21753,211840,0,0,172,815241331,1,160,19937000
1725570684035000,21754,212000,0,0,172,815241331,1,160,19554000
1725570703813000,21755,212160,0,0,172,815241331,1,160,19778000
1725570722830000,21756,212320,0,0,172,815241331,1,160,19017000
1725570742750000,21757,212480,0,0,172,815241331,1,160,19920000
1725570764714000,21758,212640,0,0,172,815241331,1,160,21964000
1725570784549000,21759,212800,0,0,172,815241331,1,160,19835000
1725570804292000,21760,212960,0,0,172,815241331,1,160,19743000
1725570822628000,21761,213120,0,0,172,815241331,1,160,18336000
1725570842932000,21762,213280,0,0,172,815241331,1,160,20304000
1725570863562000,21763,213440,0,0,172,815241331,1,160,20630000
1725570884611000,21764,213600,0,0,172,815241331,1,160,21049000
1725570904486000,21765,213760,0,0,172,815241331,1,160,19875000
1725570922703000,21766,213920,0,0,172,815241331,1,160,18217000
1725570943416000,21767,214080,0,0,172,815241331,1,160,20713000
1725570964070000,21768,214240,0,0,172,815241331,1,160,20654000
1725570983721000,21769,214400,0,0,172,815241331,1,160,19651000
1725571004723000,21770,214560,0,0,172,815241331,1,160,21002000
1725571022784000,21771,214720,0,0,172,815241331,1,160,18061000
1725571042607000,21772,214880,0,0,172,815241331,1,160,19823000
1725571064565000,21773,215040,0,0,172,815241331,1,160,21958000
1725571084304000,21774,215200,0,0,172,815241331,1,160,19739000
1725571103996000,21775,215360,0,0,172,815241331,1,160,19692000
1725571126554000,21776,215520,0,0,172,815241331,1,160,22558000
1725571141908000,21777,215680,0,0,172,815241331,1,160,15354000
1725571164200000,21778,215840,0,0,172,815241331,1,160,22292000
1725571182172000,21779,216000,0,0,172,815241331,1,160,17972000
1725571202717000,21780,216160,0,0,172,815241331,1,160,20545000
1725571222723000,21781,216320,0,0,172,815241331,1,160,20006000
1725571243729000,21782,216480,0,0,172,815241331,1,160,21006000
1725571262397000,21783,216640,0,0,172,815241331,1,160,18668000
1725571284541000,21784,216800,0,0,172,815241331,1,160,22144000
1725571304344000,21785,216960,0,0,172,815241331,1,160,19803000
1725571322658000,21786,217120,0,0,172,815241331,1,160,18314000
1725571343418000,21787,217280,0,0,172,815241331,1,160,20760000
1725571364193000,21788,217440,0,0,172,815241331,1,160,20775000
1725571383799000,21789,217600,0,0,172,815241331,1,160,19606000
1725571402636000,21790,217760,0,0,172,815241331,1,160,18837000
1725571422763000,21791,217920,0,0,172,815241331,1,160,20127000
1725571443526000,21792,218080,0,0,172,815241331,1,160,20763000
1725571462612000,21793,218240,0,0,172,815241331,1,160,19086000
1725571483020000,21794,218400,0,0,172,815241331,1,160,20408000
1725571503353000,21795,218560,0,0,172,815241331,1,160,20333000
1725571522785000,21796,218720,0,0,172,815241331,1,160,19432000
1725571544688000,21797,218880,0,0,172,815241331,1,160,21903000
1725571564607000,21798,219040,0,0,172,815241331,1,160,19919000
1725571583458000,21799,219200,0,0,172,815241331,1,160,18851000
1725571602638000,21800,219360,0,0,172,815241331,1,160,19180000
1725571622761000,21801,219520,0,0,172,815241331,1,160,20123000
1725571643052000,21802,219680,0,0,172,815241331,1,160,20291000
1725571662679000,21803,219840,0,0,172,815241331,1,160,19627000
1725571684637000,21804,220000,0,0,172,815241331,1,160,21958000
1725571704435000,21805,220160,0,0,172,815241331,1,160,19798000
1725571722626000,21806,220320,0,0,172,815241331,1,160,18191000
1725571742979000,21807,220480,0,0,172,815241331,1,160,20353000
1725571763201000,21808,220640,0,0,172,815241331,1,160,20222000
1725571783942000,21809,220800,0,0,172,815241331,1,160,20741000
1725571803400000,21810,220960,0,0,172,815241331,1,160,19458000
1725571824262000,21811,221120,0,0,172,815241331,1,160,20862000
1725571842140000,21812,221280,0,0,172,815241331,1,160,17878000
1725571863127000,21813,221440,0,0,172,815241331,1,160,20987000
1725571882953000,21814,221600,0,0,172,815241331,1,160,19826000
1725571903841000,21815,221760,0,0,172,815241331,1,160,20888000
1725571921899000,21816,221920,0,0,172,815241331,1,160,18058000
1725571942019000,21817,222080,0,0,172,815241331,1,160,20120000
1725571962035000,21818,222240,0,0,172,815241331,1,160,20016000
1725571982880000,21819,222400,0,0,172,815241331,1,160,20845000
1725572001752000,21820,222560,0,0,172,815241331,1,160,18872000
1725572022819000,21821,222720,0,0,172,815241331,1,160,21067000
1725572041794000,21822,222880,0,0,172,815241331,1,160,18975000
1725572062861000,21823,223040,0,0,172,815241331,1,160,21067000
1725572082256000,21824,223200,0,0,172,815241331,1,160,19395000
1725572102101000,21825,223360,0,0,172,815241331,1,160,19845000
1725572122084000,21826,223520,0,0,172,815241331,1,160,19983000
1725572141851000,21827,223680,0,0,172,815241331,1,160,19767000
1725572161621000,21828,223840,0,0,172,815241331,1,160,19770000
1725572182043000,21829,224000,0,0,172,815241331,1,160,20422000
1725572202263000,21830,224160,0,0,172,815241331,1,160,20220000
1725572222229000,21831,224320,0,0,172,815241331,1,160,19966000
1725572242251000,21832,224480,0,0,172,815241331,1,160,20022000
1725572262678000,21833,224640,0,0,172,815241331,1,160,20427000
1725572282252000,21834,224800,0,0,172,815241331,1,160,19574000
1725572302711000,21835,224960,0,0,172,815241331,1,160,20459000
1725572322678000,21836,225120,0,0,172,815241331,1,160,19967000
1725572342576000,21837,225280,0,0,172,815241331,1,160,19898000
1725572364252000,21838,225440,0,0,172,815241331,1,160,21676000
1725572382073000,21839,225600,0,0,172,815241331,1,160,17821000
1725572403104000,21840,225760,0,0,172,815241331,1,160,21031000
1725572421818000,21841,225920,0,0,172,815241331,1,160,18714000
1725572442595000,21842,226080,0,0,172,815241331,1,160,20777000
1725572464485000,21843,226240,0,0,172,815241331,1,160,21890000
1725572482748000,21844,226400,0,0,172,815241331,1,160,18263000
1725572504437000,21845,226560,0,0,172,815241331,1,160,21689000
1725572522720000,21846,226720,0,0,172,815241331,1,160,18283000
1725572542174000,21847,226880,0,0,172,815241331,1,160,19454000
1725572563688000,21848,227040,0,0,172,815241331,1,160,21514000
1725572583981000,21849,227200,0,0,172,815241331,1,160,20293000
1725572603469000,21850,227360,0,0,172,815241331,1,160,19488000
1725572622515000,21851,227520,0,0,172,815241331,1,160,19046000
1725572644512000,21852,227680,0,0,172,815241331,1,160,21997000
1725572664348000,21853,227840,0,0,172,815241331,1,160,19836000
1725572682435000,21854,228000,0,0,172,815241331,1,160,18087000
1725572702726000,21855,228160,0,0,172,815241331,1,160,20291000
1725572723415000,21856,228320,0,0,172,815241331,1,160,20689000
1725572742459000,21857,228480,0,0,172,815241331,1,160,19044000
1725572762830000,21858,228640,0,0,172,815241331,1,160,20371000
1725572782768000,21859,228800,0,0,172,815241331,1,160,19938000
1725572804001000,21860,228960,0,0,172,815241331,1,160,21233000
1725572822280000,21861,229120,0,0,172,815241331,1,160,18279000
1725572843060000,21862,229280,0,0,172,815241331,1,160,20780000
1725572862583000,21863,229440,0,0,172,815241331,1,160,19523000
1725572884165000,21864,229600,0,0,172,815241331,1,160,21582000
1725572904284000,21865,229760,0,0,172,815241331,1,160,20119000
1725572922606000,21866,229920,0,0,172,815241331,1,160,18322000
1725572943405000,21867,230080,0,0,172,815241331,1,160,20799000
1725572964003000,21868,230240,0,0,172,815241331,1,160,20598000
1725572983601000,21869,230400,0,0,172,815241331,1,160,19598000
1725573004507000,21870,230560,0,0,172,815241331,1,160,20906000
1725573022847000,21871,230720,0,0,172,815241331,1,160,18340000
1725573043935000,21872,230880,0,0,172,815241331,1,160,21088000
1725573063856000,21873,231040,0,0,172,815241331,1,160,19921000
1725573083472000,21874,231200,0,0,172,815241331,1,160,19616000
1725573103606000,21875,231360,0,0,172,815241331,1,160,20134000
1725573122671000,21876,231520,0,0,172,815241331,1,160,19065000
1725573144678000,21877,231680,0,0,172,815241331,1,160,22007000
1725573164756000,21878,231840,0,0,172,815241331,1,160,20078000
1725573183333000,21879,232000,0,0,172,815241331,1,160,18577000
1725573202848000,21880,232160,0,0,172,815241331,1,160,19515000
1725573223582000,21881,232320,0,0,172,815241331,1,160,20734000
1725573242496000,21882,232480,0,0,172,815241331,1,160,18914000
1725573264570000,21883,232640,0,0,172,815241331,1,160,22074000
1725573284444000,21884,232800,0,0,172,815241331,1,160,19874000
1725573304197000,21885,232960,0,0,172,815241331,1,160,19753000
1725573322580000,21886,233120,0,0,172,815241331,1,160,18383000
1725573343281000,21887,233280,0,0,172,815241331,1,160,20701000
1725573363925000,21888,233440,0,0,172,815241331,1,160,20644000
1725573383413000,21889,233600,0,0,172,815241331,1,160,19488000
1725573404279000,21890,233760,0,0,172,815241331,1,160,20866000
1725573422564000,21891,233920,0,0,172,815241331,1,160,18285000
1725573444520000,21892,234080,0,0,172,815241331,1,160,21956000
1725573464391000,21893,234240,0,0,172,815241331,1,160,19871000
1725573483780000,21894,234400,0,0,172,815241331,1,160,19389000
1725573502759000,21895,234560,0,0,172,815241331,1,160,18979000
1725573522374000,21896,234720,0,0,172,815241331,1,160,19615000
1725573544236000,21897,234880,0,0,172,815241331,1,160,21862000
1725573561744000,21898,235040,0,0,172,815241331,1,160,17508000
1725573583502000,21899,235200,0,0,172,815241331,1,160,21758000
1725573602570000,21900,235360,0,0,172,815241331,1,160,19068000
1725573622131000,21901,235520,0,0,172,815241331,1,160,19561000
1725573644192000,21902,235680,0,0,172,815241331,1,160,22061000
1725573664423000,21903,235840,0,0,172,815241331,1,160,20231000
1725573683593000,21904,236000,0,0,172,815241331,1,160,19170000
1725573703904000,21905,236160,0,0,172,815241331,1,160,20311000
1725573722404000,21906,236320,0,0,172,815241331,1,160,18500000
1725573742365000,21907,236480,0,0,172,815241331,1,160,19961000
1725573763960000,21908,236640,0,0,172,815241331,1,160,21595000
1725573783686000,21909,236800,0,0,172,815241331,1,160,19726000
1725573802936000,21910,236960,0,0,172,815241331,1,160,19250000
1725573822096000,21911,237120,0,0,172,815241331,1,160,19160000
1725573843287000,21912,237280,0,0,172,815241331,1,160,21191000
1725573862069000,21913,237440,0,0,172,815241331,1,160,18782000
1725573882120000,21914,237600,0,0,172,815241331,1,160,20051000
1725573903796000,21915,237760,0,0,172,815241331,1,160,21676000
1725573923565000,21916,237920,0,0,172,815241331,1,160,19769000
1725573944591000,21917,238080,0,0,172,815241331,1,160,21026000
1725573964767000,21918,238240,0,0,172,815241331,1,160,20176000
1725573983373000,21919,238400,0,0,172,815241331,1,160,18606000
1725574002114000,21920,238560,0,0,172,815241331,1,160,18741000
1725574022236000,21921,238720,0,0,172,815241331,1,160,20122000
1725574044150000,21922,238880,0,0,172,815241331,1,160,21914000
1725574063586000,21923,239040,0,0,172,815241331,1,160,19436000
1725574084226000,21924,239200,0,0,172,815241331,1,160,20640000
1725574102954000,21925,239360,0,0,172,815241331,1,160,18728000
1725574122164000,21926,239520,0,0,172,815241331,1,160,19210000
1725574142179000,21927,239680,0,0,172,815241331,1,160,20015000
1725574164330000,21928,239840,0,0,172,815241331,1,160,22151000
1725574183858000,21929,240000,0,0,172,815241331,1,160,19528000
1725574202418000,21930,240160,0,0,172,815241331,1,160,18560000
1725574222495000,21931,240320,0,0,172,815241331,1,160,20077000
1725574243532000,21932,240480,0,0,172,815241331,1,160,21037000
1725574264700000,21933,240640,0,0,172,815241331,1,160,21168000
1725574283494000,21934,240800,0,0,172,815241331,1,160,18794000
1725574304175000,21935,240960,0,0,172,815241331,1,160,20681000
1725574322502000,21936,241120,0,0,172,815241331,1,160,18327000
1725574343034000,21937,241280,0,0,172,815241331,1,160,20532000
1725574364066000,21938,241440,0,0,172,815241331,1,160,21032000
1725574383868000,21939,241600,0,0,172,815241331,1,160,19802000
1725574402965000,21940,241760,0,0,172,815241331,1,160,19097000
1725574423445000,21941,241920,0,0,172,815241331,1,160,20480000
1725574442372000,21942,242080,0,0,172,815241331,1,160,18927000
1725574464476000,21943,242240,0,0,172,815241331,1,160,22104000
1725574483361000,21944,242400,0,0,172,815241331,1,160,18885000
1725574503483000,21945,242560,0,0,172,815241331,1,160,20122000
1725574522581000,21946,242720,0,0,172,815241331,1,160,19098000
1725574544731000,21947,242880,0,0,172,815241331,1,160,22150000
1725574564197000,21948,243040,0,0,172,815241331,1,160,19466000
1725574583093000,21949,243200,0,0,172,815241331,1,160,18896000
1725574603526000,21950,243360,0,0,172,815241331,1,160,20433000
1725574622576000,21951,243520,0,0,172,815241331,1,160,19050000
1725574643342000,21952,243680,0,0,172,815241331,1,160,20766000
1725574663552000,21953,243840,0,0,172,815241331,1,160,20210000
1725574683386000,21954,244000,0,0,172,815241331,1,160,19834000
1725574704351000,21955,244160,0,0,172,815241331,1,160,20965000
1725574722548000,21956,244320,0,0,172,815241331,1,160,18197000
1725574743235000,21957,244480,0,0,172,815241331,1,160,20687000
1725574763944000,21958,244640,0,0,172,815241331,1,160,20709000
1725574783284000,21959,244800,0,0,172,815241331,1,160,19340000
1725574803305000,21960,244960,0,0,172,815241331,1,160,20021000
1725574822524000,21961,245120,0,0,172,815241331,1,160,19219000
1725574842666000,21962,245280,0,0,172,815241331,1,160,20142000
1725574861564000,21963,245440,0,0,172,815241331,1,160,18898000
1725574882700000,21964,245600,0,0,172,815241331,1,160,21136000
1725574903820000,21965,245760,0,0,172,815241331,1,160,21120000
1725574923809000,21966,245920,0,0,172,815241331,1,160,19989000
1725574943602000,21967,246080,0,0,172,815241331,1,160,19793000
1725574962981000,21968,246240,0,0,172,815241331,1,160,19379000
1725574982484000,21969,246400,0,0,172,815241331,1,160,19503000
1725575002517000,21970,246560,0,0,172,815241331,1,160,20033000
1725575022193000,21971,246720,0,0,172,815241331,1,160,19676000
1725575044235000,21972,246880,0,0,172,815241331,1,160,22042000
1725575063628000,21973,247040,0,0,172,815241331,1,160,19393000
1725575083796000,21974,247200,0,0,172,815241331,1,160,20168000
1725575102861000,21975,247360,0,0,172,815241331,1,160,19065000
1725575122197000,21976,247520,0,0,172,815241331,1,160,19336000
1725575142514000,21977,247680,0,0,172,815241331,1,160,20317000
1725575164515000,21978,247840,0,0,172,815241331,1,160,22001000
1725575183292000,21979,248000,0,0,172,815241331,1,160,18777000
1725575202854000,21980,248160,0,0,172,815241331,1,160,19562000
1725575221941000,21981,248320,0,0,172,815241331,1,160,19087000
1725575242861000,21982,248480,0,0,172,815241331,1,160,20920000
1725575263206000,21983,248640,0,0,172,815241331,1,160,20345000
1725575283550000,21984,248800,0,0,172,815241331,1,160,20344000
1725575303392000,21985,248960,0,0,172,815241331,1,160,19842000
1725575322855000,21986,249120,0,0,172,815241331,1,160,19463000
1725575343261000,21987,249280,0,0,172,815241331,1,160,20406000
1725575364050000,21988,249440,0,0,172,815241331,1,160,20789000
1725575383839000,21989,249600,0,0,172,815241331,1,160,19789000
1725575403571000,21990,249760,0,0,172,815241331,1,160,19732000
1725575422005000,21991,249920,0,0,172,815241331,1,160,18434000
1725575444132000,21992,250080,0,0,172,815241331,1,160,22127000
1725575464346000,21993,250240,0,0,172,815241331,1,160,20214000
1725575482531000,21994,250400,0,0,172,815241331,1,160,18185000
1725575502508000,21995,250560,0,0,172,815241331,1,160,19977000
1725575522571000,21996,250720,0,0,172,815241331,1,160,20063000
1725575543547000,21997,250880,0,0,172,815241331,1,160,20976000
1725575564394000,21998,251040,0,0,172,815241331,1,160,20847000
1725575582641000,21999,251200,0,0,172,815241331,1,160,18247000
1725575601383000,22000,251360,0,0,172,815241331,1,160,18742000
1725575622449000,22001,251520,0,0,172,815241331,1,160,21066000
1725575643059000,22002,251680,0,0,172,815241331,1,160,20610000
1725575663877000,22003,251840,0,0,172,815241331,1,160,20818000
1725575681954000,22004,252000,0,0,172,815241331,1,160,18077000
1725575703727000,22005,252160,0,0,172,815241331,1,160,21773000
1725575723490000,22006,252320,0,0,172,815241331,1,160,19763000
1725575742747000,22007,252480,0,0,172,815241331,1,160,19257000
1725575761698000,22008,252640,0,0,172,815241331,1,160,18951000
1725575781678000,22009,252800,0,0,172,815241331,1,160,19980000
1725575801586000,22010,252960,0,0,172,815241331,1,160,19908000
1725575821527000,22011,253120,0,0,172,815241331,1,160,19941000
1725575842435000,22012,253280,0,0,172,815241331,1,160,20908000
1725575862331000,22013,253440,0,0,172,815241331,1,160,19896000
1725575882223000,22014,253600,0,0,172,815241331,1,160,19892000
1725575903716000,22015,253760,0,0,172,815241331,1,160,21493000
1725575921389000,22016,253920,0,0,172,815241331,1,160,17673000
1725575943251000,22017,254080,0,0,172,815241331,1,160,21862000
1725575963992000,22018,254240,0,0,172,815241331,1,160,20741000
1725575983328000,22019,254400,0,0,172,815241331,1,160,19336000
1725576003649000,22020,254560,0,0,172,815241331,1,160,20321000
1725576021829000,22021,254720,0,0,172,815241331,1,160,18180000
1725576041750000,22022,254880,0,0,172,815241331,1,160,19921000
1725576062467000,22023,255040,0,0,172,815241331,1,160,20717000
1725576083651000,22024,255200,0,0,172,815241331,1,160,21184000
1725576103508000,22025,255360,0,0,172,815241331,1,160,19857000
1725576122255000,22026,255520,0,0,172,815241331,1,160,18747000
1725576143595000,22027,255680,0,0,172,815241331,1,160,21340000
1725576162234000,22028,255840,0,0,172,815241331,1,160,18639000
1725576181948000,22029,256000,0,0,172,815241331,1,160,19714000
1725576202231000,22030,256160,0,0,172,815241331,1,160,20283000
1725576223396000,22031,256320,0,0,172,815241331,1,160,21165000
1725576242817000,22032,256480,0,0,172,815241331,1,160,19421000
1725576261042000,22033,256640,0,0,172,815241331,1,160,18225000
1725576281294000,22034,256800,0,0,172,815241331,1,160,20252000
1725576301478000,22035,256960,0,0,172,815241331,1,160,20184000
1725576321841000,22036,257120,0,0,172,815241331,1,160,20363000
1725576340521000,22037,257280,0,0,172,815241331,1,160,18680000
1725576361633000,22038,257440,0,0,172,815241331,1,160,21112000
1725576381838000,22039,257600,0,0,172,815241331,1,160,20205000
1725576402076000,22040,257760,0,0,172,815241331,1,160,20238000
1725576422374000,22041,257920,0,0,172,815241331,1,160,20298000
1725576442311000,22042,258080,0,0,172,815241331,1,160,19937000
1725576463289000,22043,258240,0,0,172,815241331,1,160,20978000
1725576483997000,22044,258400,0,0,172,815241331,1,160,20708000
1725576502358000,22045,258560,0,0,172,815241331,1,160,18361000
1725576523215000,22046,258720,0,0,172,815241331,1,160,20857000
1725576542820000,22047,258880,0,0,172,815241331,1,160,19605000
1725576561583000,22048,259040,0,0,172,815241331,1,160,18763000
1725576582020000,22049,259200,0,0,172,815241331,1,160,20437000
1725576602607000,22050,259360,0,0,172,815241331,1,160,20587000
1725576621647000,22051,259520,0,0,172,815241331,1,160,19040000
1725576642124000,22052,259680,0,0,172,815241331,1,160,20477000
1725576662425000,22053,259840,0,0,172,815241331,1,160,20301000
1725576682684000,22054,260000,0,0,172,815241331,1,160,20259000
1725576702212000,22055,260160,0,0,172,815241331,1,160,19528000
1725576722377000,22056,260320,0,0,172,815241331,1,160,20165000
1725576743124000,22057,260480,0,0,172,815241331,1,160,20747000
1725576763019000,22058,260640,0,0,172,815241331,1,160,19895000
1725576782746000,22059,260800,0,0,172,815241331,1,160,19727000
1725576802197000,22060,260960,0,0,172,815241331,1,160,19451000
1725576822712000,22061,261120,0,0,172,815241331,1,160,20515000
1725576842638000,22062,261280,0,0,172,815241331,1,160,19926000
1725576866122000,22063,261440,0,0,172,815241331,1,160,23484000
1725576881874000,22064,261600,0,0,172,815241331,1,160,15752000
1725576901673000,22065,261760,0,0,172,815241331,1,160,19799000
1725576921465000,22066,261920,0,0,172,815241331,1,160,19792000
1725576941982000,22067,262080,0,0,172,815241331,1,160,20517000
1725576961044000,22068,262240,0,0,172,815241331,1,160,19062000
1725576981870000,22069,262400,0,0,172,815241331,1,160,20826000
1725577001979000,22070,262560,0,0,172,815241331,1,160,20109000
1725577022013000,22071,262720,0,0,172,815241331,1,160,20034000
1725577042002000,22072,262880,0,0,172,815241331,1,160,19989000
1725577061407000,22073,263040,0,0,172,815241331,1,160,19405000
1725577081336000,22074,263200,0,0,172,815241331,1,160,19929000
1725577101843000,22075,263360,0,0,172,815241331,1,160,20507000
1725577121267000,22076,263520,0,0,172,815241331,1,160,19424000
1725577141759000,22077,263680,0,0,172,815241331,1,160,20492000
1725577161137000,22078,263840,0,0,172,815241331,1,160,19378000
1725577180956000,22079,264000,0,0,172,815241331,1,160,19819000
1725577200795000,22080,264160,0,0,172,815241331,1,160,19839000
1725577220516000,22081,264320,0,0,172,815241331,1,160,19721000
1725577241231000,22082,264480,0,0,172,815241331,1,160,20715000
1725577262135000,22083,264640,0,0,172,815241331,1,160,20904000
1725577281894000,22084,264800,0,0,172,815241331,1,160,19759000
1725577302228000,22085,264960,0,0,172,815241331,1,160,20334000
1725577322397000,22086,265120,0,0,172,815241331,1,160,20169000
1725577342220000,22087,265280,0,0,172,815241331,1,160,19823000
1725577362612000,22088,265440,0,0,172,815241331,1,160,20392000
1725577382255000,22089,265600,0,0,172,815241331,1,160,19643000
1725577403121000,22090,265760,0,0,172,815241331,1,160,20866000
1725577422395000,22091,265920,0,0,172,815241331,1,160,19274000
1725577442254000,22092,266080,0,0,172,815241331,1,160,19859000
1725577462423000,22093,266240,0,0,172,815241331,1,160,20169000
1725577484253000,22094,266400,0,0,172,815241331,1,160,21830000
1725577502870000,22095,266560,0,0,172,815241331,1,160,18617000
1725577522557000,22096,266720,0,0,172,815241331,1,160,19687000
1725577543999000,22097,266880,0,0,172,815241331,1,160,21442000
1725577562742000,22098,267040,0,0,172,815241331,1,160,18743000
1725577583415000,22099,267200,0,0,172,815241331,1,160,20673000
1725577604093000,22100,267360,0,0,172,815241331,1,160,20678000
1725577623757000,22101,267520,0,0,172,815241331,1,160,19664000
1725577643193000,22102,267680,0,0,172,815241331,1,160,19436000
1725577664073000,22103,267840,0,0,172,815241331,1,160,20880000
1725577681726000,22104,268000,0,0,172,815241331,1,160,17653000
1725577701191000,22105,268160,0,0,172,815241331,1,160,19465000
1725577721088000,22106,268320,0,0,172,815241331,1,160,19897000
1725577740178000,22107,268480,0,0,172,815241331,1,160,19090000
1725577761274000,22108,268640,0,0,172,815241331,1,160,21096000
1725577781140000,22109,268800,0,0,172,815241331,1,160,19866000
1725577800577000,22110,268960,0,0,172,815241331,1,160,19437000
1725577820865000,22111,269120,0,0,172,815241331,1,160,20288000
1725577841754000,22112,269280,0,0,172,815241331,1,160,20889000
1725577861673000,22113,269440,0,0,172,815241331,1,160,19919000
1725577880957000,22114,269600,0,0,172,815241331,1,160,19284000
1725577901468000,22115,269760,0,0,172,815241331,1,160,20511000
1725577922681000,22116,269920,0,0,172,815241331,1,160,21213000
1725577940760000,22117,270080,0,0,172,815241331,1,160,18079000
1725577961829000,22118,270240,0,0,172,815241331,1,160,21069000
1725577981133000,22119,270400,0,0,172,815241331,1,160,19304000
1725578003222000,22120,270560,0,0,172,815241331,1,160,22089000
1725578023007000,22121,270720,0,0,172,815241331,1,160,19785000
1725578043573000,22122,270880,0,0,172,815241331,1,160,20566000
1725578063026000,22123,271040,0,0,172,815241331,1,160,19453000
1725578082727000,22124,271200,0,0,172,815241331,1,160,19701000
1725578101783000,22125,271360,0,0,172,815241331,1,160,19056000
1725578122118000,22126,271520,0,0,172,815241331,1,160,20335000
1725578142367000,22127,271680,0,0,172,815241331,1,160,20249000
1725578163829000,22128,271840,0,0,172,815241331,1,160,21462000
1725578182350000,22129,272000,0,0,172,815241331,1,160,18521000
1725578202228000,22130,272160,0,0,172,815241331,1,160,19878000
1725578222276000,22131,272320,0,0,172,815241331,1,160,20048000
1725578243029000,22132,272480,0,0,172,815241331,1,160,20753000
1725578263886000,22133,272640,0,0,172,815241331,1,160,20857000
1725578283602000,22134,272800,0,0,172,815241331,1,160,19716000
1725578303306000,22135,272960,0,0,172,815241331,1,160,19704000
1725578321694000,22136,273120,0,0,172,815241331,1,160,18388000
1725578342255000,22137,273280,0,0,172,815241331,1,160,20561000
1725578364396000,22138,273440,0,0,172,815241331,1,160,22141000
1725578383203000,22139,273600,0,0,172,815241331,1,160,18807000
1725578403169000,22140,273760,0,0,172,815241331,1,160,19966000
1725578422262000,22141,273920,0,0,172,815241331,1,160,19093000
1725578442140000,22142,274080,0,0,172,815241331,1,160,19878000
1725578461971000,22143,274240,0,0,172,815241331,1,160,19831000
1725578481981000,22144,274400,0,0,172,815241331,1,160,20010000
1725578503970000,22145,274560,0,0,172,815241331,1,160,21989000
1725578522242000,22146,274720,0,0,172,815241331,1,160,18272000
1725578542203000,22147,274880,0,0,172,815241331,1,160,19961000
1725578563026000,22148,275040,0,0,172,815241331,1,160,20823000
1725578583496000,22149,275200,0,0,172,815241331,1,160,20470000
1725578602258000,22150,275360,0,0,172,815241331,1,160,18762000
1725578622198000,22151,275520,0,0,172,815241331,1,160,19940000
1725578644187000,22152,275680,0,0,172,815241331,1,160,21989000
1725578663490000,22153,275840,0,0,172,815241331,1,160,19303000
1725578682416000,22154,276000,0,0,172,815241331,1,160,18926000
1725578703473000,22155,276160,0,0,172,815241331,1,160,21057000
1725578722013000,22156,276320,0,0,172,815241331,1,160,18540000
1725578741997000,22157,276480,0,0,172,815241331,1,160,19984000
1725578762961000,22158,276640,0,0,172,815241331,1,160,20964000
1725578783945000,22159,276800,0,0,172,815241331,1,160,20984000
1725578802729000,22160,276960,0,0,172,815241331,1,160,18784000
1725578822074000,22161,277120,0,0,172,815241331,1,160,19345000
1725578842754000,22162,277280,0,0,172,815241331,1,160,20680000
1725578863299000,22163,277440,0,0,172,815241331,1,160,20545000
1725578883123000,22164,277600,0,0,172,815241331,1,160,19824000
1725578903046000,22165,277760,0,0,172,815241331,1,160,19923000
1725578922255000,22166,277920,0,0,172,815241331,1,160,19209000
1725578943115000,22167,278080,0,0,172,815241331,1,160,20860000
1725578963772000,22168,278240,0,0,172,815241331,1,160,20657000
1725578983419000,22169,278400,0,0,172,815241331,1,160,19647000
1725579003021000,22170,278560,0,0,172,815241331,1,160,19602000
1725579022220000,22171,278720,0,0,172,815241331,1,160,19199000
1725579042184000,22172,278880,0,0,172,815241331,1,160,19964000
1725579063956000,22173,279040,0,0,172,815241331,1,160,21772000
1725579083684000,22174,279200,0,0,172,815241331,1,160,19728000
1725579103418000,22175,279360,0,0,172,815241331,1,160,19734000
1725579122221000,22176,279520,0,0,172,815241331,1,160,18803000
1725579142198000,22177,279680,0,0,172,815241331,1,160,19977000
1725579162395000,22178,279840,0,0,172,815241331,1,160,20197000
1725579182932000,22179,280000,0,0,172,815241331,1,160,20537000
1725579202340000,22180,280160,0,0,172,815241331,1,160,19408000
1725579222256000,22181,280320,0,0,172,815241331,1,160,19916000
1725579242763000,22182,280480,0,0,172,815241331,1,160,20507000
1725579261857000,22183,280640,0,0,172,815241331,1,160,19094000
1725579283182000,22184,280800,0,0,172,815241331,1,160,21325000
1725579302493000,22185,280960,0,0,172,815241331,1,160,19311000
1725579321980000,22186,281120,0,0,172,815241331,1,160,19487000
1725579341992000,22187,281280,0,0,172,815241331,1,160,20012000
1725579360485000,22188,281440,0,0,172,815241331,1,160,18493000
1725579380478000,22189,281600,0,0,172,815241331,1,160,19993000
1725579400256000,22190,281760,0,0,172,815241331,1,160,19778000
1725579421085000,22191,281920,0,0,172,815241331,1,160,20829000
1725579440914000,22192,282080,0,0,172,815241331,1,160,19829000
1725579466332000,22193,282240,0,0,172,815241331,1,160,25418000
1725579480514000,22194,282400,0,0,172,815241331,1,160,14182000
1725579500701000,22195,282560,0,0,172,815241331,1,160,20187000
1725579521029000,22196,282720,0,0,172,815241331,1,160,20328000
1725579541311000,22197,282880,0,0,172,815241331,1,160,20282000
1725579561776000,22198,283040,0,0,172,815241331,1,160,20465000
1725579581485000,22199,283200,0,0,172,815241331,1,160,19709000
1725579600692000,22200,283360,0,0,172,815241331,1,160,19207000
1725579621655000,22201,283520,0,0,172,815241331,1,160,20963000
1725579641802000,22202,283680,0,0,172,815241331,1,160,20147000
1725579661838000,22203,283840,0,0,172,815241331,1,160,20036000
1725579681716000,22204,284000,0,0,172,815241331,1,160,19878000
1725579701652000,22205,284160,0,0,172,815241331,1,160,19936000
1725579721419000,22206,284320,0,0,172,815241331,1,160,19767000
1725579742170000,22207,284480,0,0,172,815241331,1,160,20751000
1725579762310000,22208,284640,0,0,172,815241331,1,160,20140000
1725579782009000,22209,284800,0,0,172,815241331,1,160,19699000
1725579802338000,22210,284960,0,0,172,815241331,1,160,20329000
1725579824316000,22211,285120,0,0,172,815241331,1,160,21978000
1725579842295000,22212,285280,0,0,172,815241331,1,160,17979000
1725579862821000,22213,285440,0,0,172,815241331,1,160,20526000
1725579883469000,22214,285600,0,0,172,815241331,1,160,20648000
1725579901927000,22215,285760,0,0,172,815241331,1,160,18458000
1725579922451000,22216,285920,0,0,172,815241331,1,160,20524000
1725579942207000,22217,286080,0,0,172,815241331,1,160,19756000
1725579962633000,22218,286240,0,0,172,815241331,1,160,20426000
1725579980962000,22219,286400,0,0,172,815241331,1,160,18329000
1725580004204000,22220,286560,0,0,172,815241331,1,160,23242000
1725580023418000,22221,286720,0,0,172,815241331,1,160,19214000
1725580042191000,22222,286880,0,0,172,815241331,1,160,18773000
1725580064483000,22223,287040,0,0,172,815241331,1,160,22292000
1725580083132000,22224,287200,0,0,172,815241331,1,160,18649000
1725580104876000,22225,287360,0,0,172,815241331,1,160,21744000
1725580122423000,22226,287520,0,0,172,815241331,1,160,17547000
1725580144056000,22227,287680,0,0,172,815241331,1,160,21633000
1725580162126000,22228,287840,0,0,172,815241331,1,160,18070000
1725580182415000,22229,288000,0,0,172,815241331,1,160,20289000
1725580201784000,22230,288160,0,0,172,815241331,1,160,19369000
1725580221354000,22231,288320,0,0,172,815241331,1,160,19570000
1725580244031000,22232,288480,0,0,172,815241331,1,160,22677000
1725580263588000,22233,288640,0,0,172,815241331,1,160,19557000
1725580282938000,22234,288800,0,0,172,815241331,1,160,19350000
1725580303025000,22235,288960,0,0,172,815241331,1,160,20087000
1725580323758000,22236,289120,0,0,172,815241331,1,160,20733000
1725580343323000,22237,289280,0,0,172,815241331,1,160,19565000
1725580364553000,22238,289440,0,0,172,815241331,1,160,21230000
1725580382287000,22239,289600,0,0,172,815241331,1,160,17734000
1725580404678000,22240,289760,0,0,172,815241331,1,160,22391000
1725580424099000,22241,289920,0,0,172,815241331,1,160,19421000
1725580442191000,22242,290080,0,0,172,815241331,1,160,18092000
1725580462534000,22243,290240,0,0,172,815241331,1,160,20343000
1725580484102000,22244,290400,0,0,172,815241331,1,160,21568000
1725580504283000,22245,290560,0,0,172,815241331,1,160,20181000
1725580522354000,22246,290720,0,0,172,815241331,1,160,18071000
1725580541962000,22247,290880,0,0,172,815241331,1,160,19608000
1725580564264000,22248,291040,0,0,172,815241331,1,160,22302000
1725580583818000,22249,291200,0,0,172,815241331,1,160,19554000
1725580602179000,22250,291360,0,0,172,815241331,1,160,18361000
1725580622803000,22251,291520,0,0,172,815241331,1,160,20624000
1725580644464000,22252,291680,0,0,172,815241331,1,160,21661000
1725580660733000,22253,291840,0,0,172,815241331,1,160,16269000
1725580681399000,22254,292000,0,0,172,815241331,1,160,20666000
1725580701777000,22255,292160,0,0,172,815241331,1,160,20378000
1725580722371000,22256,292320,0,0,172,815241331,1,160,20594000
1725580744630000,22257,292480,0,0,172,815241331,1,160,22259000
1725580762783000,22258,292640,0,0,172,815241331,1,160,18153000
1725580783304000,22259,292800,0,0,172,815241331,1,160,20521000
1725580804298000,22260,292960,0,0,172,815241331,1,160,20994000
1725580824074000,22261,293120,0,0,172,815241331,1,160,19776000
1725580843764000,22262,293280,0,0,172,815241331,1,160,19690000
1725580862178000,22263,293440,0,0,172,815241331,1,160,18414000
1725580883532000,22264,293600,0,0,172,815241331,1,160,21354000
1725580903123000,22265,293760,0,0,172,815241331,1,160,19591000
1725580922950000,22266,293920,0,0,172,815241331,1,160,19827000
1725580943913000,22267,294080,0,0,172,815241331,1,160,20963000
1725580963776000,22268,294240,0,0,172,815241331,1,160,19863000
1725580983682000,22269,294400,0,0,172,815241331,1,160,19906000
1725581002641000,22270,294560,0,0,172,815241331,1,160,18959000
1725581023236000,22271,294720,0,0,172,815241331,1,160,20595000
1725581042325000,22272,294880,0,0,172,815241331,1,160,19089000
1725581061530000,22273,295040,0,0,172,815241331,1,160,19205000
1725581082139000,22274,295200,0,0,172,815241331,1,160,20609000
1725581103282000,22275,295360,0,0,172,815241331,1,160,21143000
1725581122247000,22276,295520,0,0,172,815241331,1,160,18965000
1725581144370000,22277,295680,0,0,172,815241331,1,160,22123000
1725581163379000,22278,295840,0,0,172,815241331,1,160,19009000
1725581183624000,22279,296000,0,0,172,815241331,1,160,20245000
1725581202136000,22280,296160,0,0,172,815241331,1,160,18512000
1725581222146000,22281,296320,0,0,172,815241331,1,160,20010000
1725581243696000,22282,296480,0,0,172,815241331,1,160,21550000
1725581263258000,22283,296640,0,0,172,815241331,1,160,19562000
1725581282987000,22284,296800,0,0,172,815241331,1,160,19729000
1725581301670000,22285,296960,0,0,172,815241331,1,160,18683000
1725581321851000,22286,297120,0,0,172,815241331,1,160,20181000
1725581342562000,22287,297280,0,0,172,815241331,1,160,20711000
1725581363290000,22288,297440,0,0,172,815241331,1,160,20728000
1725581383542000,22289,297600,0,0,172,815241331,1,160,20252000
1725581402955000,22290,297760,0,0,172,815241331,1,160,19413000
1725581422353000,22291,297920,0,0,172,815241331,1,160,19398000
1725581441262000,22292,298080,0,0,172,815241331,1,160,18909000
1725581463593000,22293,298240,0,0,172,815241331,1,160,22331000
1725581482646000,22294,298400,0,0,172,815241331,1,160,19053000
1725581502407000,22295,298560,0,0,172,815241331,1,160,19761000
1725581521851000,22296,298720,0,0,172,815241331,1,160,19444000
1725581543702000,22297,298880,0,0,172,815241331,1,160,21851000
1725581560170000,22298,299040,0,0,172,815241331,1,160,16468000
1725581583578000,22299,299200,0,0,172,815241331,1,160,23408000
1725581602311000,22300,299360,0,0,172,815241331,1,160,18733000
1725581621853000,22301,299520,0,0,172,815241331,1,160,19542000
1725581641757000,22302,299680,0,0,172,815241331,1,160,19904000
1725581664048000,22303,299840,0,0,172,815241331,1,160,22291000
1725581683044000,22304,300000,0,0,172,815241331,1,160,18996000
1725581703912000,22305,300160,0,0,172,815241331,1,160,20868000
1725581722058000,22306,300320,0,0,172,815241331,1,160,18146000
1725581742059000,22307,300480,0,0,172,815241331,1,160,20001000
1725581762800000,22308,300640,0,0,172,815241331,1,160,20741000
1725581783267000,22309,300800,0,0,172,815241331,1,160,20467000
1725581803567000,22310,300960,0,0,172,815241331,1,160,20300000
1725581821866000,22311,301120,0,0,172,815241331,1,160,18299000
1725581841760000,22312,301280,0,0,172,815241331,1,160,19894000
1725581862224000,22313,301440,0,0,172,815241331,1,160,20464000
1725581883121000,22314,301600,0,0,172,815241331,1,160,20897000
1725581902838000,22315,301760,0,0,172,815241331,1,160,19717000
1725581922039000,22316,301920,0,0,172,815241331,1,160,19201000
1725581942945000,22317,302080,0,0,172,815241331,1,160,20906000
1725581964296000,22318,302240,0,0,172,815241331,1,160,21351000
1725581983015000,22319,302400,0,0,172,815241331,1,160,18719000
1725582002522000,22320,302560,0,0,172,815241331,1,160,19507000
1725582020943000,22321,302720,0,0,172,815241331,1,160,18421000
1725582042071000,22322,302880,0,0,172,815241331,1,160,21128000
1725582063345000,22323,303040,0,0,172,815241331,1,160,21274000
1725582082274000,22324,303200,0,0,172,815241331,1,160,18929000
1725582102032000,22325,303360,0,0,172,815241331,1,160,19758000
1725582122215000,22326,303520,0,0,172,815241331,1,160,20183000
1725582143835000,22327,303680,0,0,172,815241331,1,160,21620000
1725582163387000,22328,303840,0,0,172,815241331,1,160,19552000
1725582181413000,22329,304000,0,0,172,815241331,1,160,18026000
1725582202079000,22330,304160,0,0,172,815241331,1,160,20666000
1725582222526000,22331,304320,0,0,172,815241331,1,160,20447000
1725582241493000,22332,304480,0,0,172,815241331,1,160,18967000
1725582262764000,22333,304640,0,0,172,815241331,1,160,21271000
1725582283026000,22334,304800,0,0,172,815241331,1,160,20262000
1725582303606000,22335,304960,0,0,172,815241331,1,160,20580000
1725582321928000,22336,305120,0,0,172,815241331,1,160,18322000
1725582341873000,22337,305280,0,0,172,815241331,1,160,19945000
1725582362574000,22338,305440,0,0,172,815241331,1,160,20701000
1725582382272000,22339,305600,0,0,172,815241331,1,160,19698000
1725582402040000,22340,305760,0,0,172,815241331,1,160,19768000
1725582422174000,22341,305920,0,0,172,815241331,1,160,20134000
1725582444057000,22342,306080,0,0,172,815241331,1,160,21883000
1725582464180000,22343,306240,0,0,172,815241331,1,160,20123000
1725582483355000,22344,306400,0,0,172,815241331,1,160,19175000
1725582501948000,22345,306560,0,0,172,815241331,1,160,18593000
1725582522026000,22346,306720,0,0,172,815241331,1,160,20078000
1725582541624000,22347,306880,0,0,172,815241331,1,160,19598000
1725582560755000,22348,307040,0,0,172,815241331,1,160,19131000
1725582581203000,22349,307200,0,0,172,815241331,1,160,20448000
1725582602064000,22350,307360,0,0,172,815241331,1,160,20861000
1725582622540000,22351,307520,0,0,172,815241331,1,160,20476000
1725582641755000,22352,307680,0,0,172,815241331,1,160,19215000
1725582662197000,22353,307840,0,0,172,815241331,1,160,20442000
1725582682511000,22354,308000,0,0,172,815241331,1,160,20314000
1725582701700000,22355,308160,0,0,172,815241331,1,160,19189000
1725582721626000,22356,308320,0,0,172,815241331,1,160,19926000
1725582741691000,22357,308480,0,0,172,815241331,1,160,20065000
1725582761607000,22358,308640,0,0,172,815241331,1,160,19916000
1725582782356000,22359,308800,0,0,172,815241331,1,160,20749000
1725582801713000,22360,308960,0,0,172,815241331,1,160,19357000
1725582822070000,22361,309120,0,0,172,815241331,1,160,20357000
1725582842539000,22362,309280,0,0,172,815241331,1,160,20469000
1725582861258000,22363,309440,0,0,172,815241331,1,160,18719000
1725582881671000,22364,309600,0,0,172,815241331,1,160,20413000
1725582901213000,22365,309760,0,0,172,815241331,1,160,19542000
1725582921856000,22366,309920,0,0,172,815241331,1,160,20643000
1725582941493000,22367,310080,0,0,172,815241331,1,160,19637000
1725582961582000,22368,310240,0,0,172,815241331,1,160,20089000
1725582982028000,22369,310400,0,0,172,815241331,1,160,20446000
1725583003302000,22370,310560,0,0,172,815241331,1,160,21274000
1725583023732000,22371,310720,0,0,172,815241331,1,160,20430000
1725583041978000,22372,310880,0,0,172,815241331,1,160,18246000
1725583063645000,22373,311040,0,0,172,815241331,1,160,21667000
1725583083140000,22374,311200,0,0,172,815241331,1,160,19495000
1725583104168000,22375,311360,0,0,172,815241331,1,160,21028000
1725583122881000,22376,311520,0,0,172,815241331,1,160,18713000
1725583142332000,22377,311680,0,0,172,815241331,1,160,19451000
1725583161052000,22378,311840,0,0,172,815241331,1,160,18720000
1725583182375000,22379,312000,0,0,172,815241331,1,160,21323000
1725583201649000,22380,312160,0,0,172,815241331,1,160,19274000
1725583220599000,22381,312320,0,0,172,815241331,1,160,18950000
1725583241087000,22382,312480,0,0,172,815241331,1,160,20488000
1725583261758000,22383,312640,0,0,172,815241331,1,160,20671000
1725583281421000,22384,312800,0,0,172,815241331,1,160,19663000
1725583300779000,22385,312960,0,0,172,815241331,1,160,19358000
1725583321638000,22386,313120,0,0,172,815241331,1,160,20859000
1725583340368000,22387,313280,0,0,172,815241331,1,160,18730000
1725583361122000,22388,313440,0,0,172,815241331,1,160,20754000
1725583381224000,22389,313600,0,0,172,815241331,1,160,20102000
1725583401714000,22390,313760,0,0,172,815241331,1,160,20490000
1725583421252000,22391,313920,0,0,172,815241331,1,160,19538000
1725583441337000,22392,314080,0,0,172,815241331,1,160,20085000
1725583461948000,22393,314240,0,0,172,815241331,1,160,20611000
1725583481214000,22394,314400,0,0,172,815241331,1,160,19266000
1725583503792000,22395,314560,0,0,172,815241331,1,160,22578000
1725583522579000,22396,314720,0,0,172,815241331,1,160,18787000
1725583542377000,22397,314880,0,0,172,815241331,1,160,19798000
1725583561990000,22398,315040,0,0,172,815241331,1,160,19613000
1725583582412000,22399,315200,0,0,172,815241331,1,160,20422000
1725583602039000,22400,315360,0,0,172,815241331,1,160,19627000
1725583622672000,22401,315520,0,0,172,815241331,1,160,20633000
1725583644244000,22402,315680,0,0,172,815241331,1,160,21572000
1725583661654000,22403,315840,0,0,172,815241331,1,160,17410000
1725583683384000,22404,316000,0,0,172,815241331,1,160,21730000
1725583702306000,22405,316160,0,0,172,815241331,1,160,18922000
1725583721739000,22406,316320,0,0,172,815241331,1,160,19433000
1725583742564000,22407,316480,0,0,172,815241331,1,160,20825000
1725583762050000,22408,316640,0,0,172,815241331,1,160,19486000
1725583781919000,22409,316800,0,0,172,815241331,1,160,19869000
1725583801436000,22410,316960,0,0,172,815241331,1,160,19517000
1725583820415000,22411,317120,0,0,172,815241331,1,160,18979000
1725583840273000,22412,317280,0,0,172,815241331,1,160,19858000
1725583860004000,22413,317440,0,0,172,815241331,1,160,19731000
1725583880447000,22414,317600,0,0,172,815241331,1,160,20443000
1725583900385000,22415,317760,0,0,172,815241331,1,160,19938000
1725583919926000,22416,317920,0,0,172,815241331,1,160,19541000
1725583940993000,22417,318080,0,0,172,815241331,1,160,21067000
1725583961284000,22418,318240,0,0,172,815241331,1,160,20291000
1725583980501000,22419,318400,0,0,172,815241331,1,160,19217000
1725584000728000,22420,318560,0,0,172,815241331,1,160,20227000
1725584021191000,22421,318720,0,0,172,815241331,1,160,20463000
1725584041989000,22422,318880,0,0,172,815241331,1,160,20798000
1725584062002000,22423,319040,0,0,172,815241331,1,160,20013000
1725584082035000,22424,319200,0,0,172,815241331,1,160,20033000
1725584101846000,22425,319360,0,0,172,815241331,1,160,19811000
1725584121496000,22426,319520,0,0,172,815241331,1,160,19650000
1725584141194000,22427,319680,0,0,172,815241331,1,160,19698000
1725584161329000,22428,319840,0,0,172,815241331,1,160,20135000
1725584181103000,22429,320000,0,0,172,815241331,1,160,19774000
1725584201853000,22430,320160,0,0,172,815241331,1,160,20750000
1725584221795000,22431,320320,0,0,172,815241331,1,160,19942000
1725584241691000,22432,320480,0,0,172,815241331,1,160,19896000
1725584262078000,22433,320640,0,0,172,815241331,1,160,20387000
1725584282197000,22434,320800,0,0,172,815241331,1,160,20119000
1725584301916000,22435,320960,0,0,172,815241331,1,160,19719000
1725584321955000,22436,321120,0,0,172,815241331,1,160,20039000
1725584341959000,22437,321280,0,0,172,815241331,1,160,20004000
1725584363638000,22438,321440,0,0,172,815241331,1,160,21679000
1725584383328000,22439,321600,0,0,172,815241331,1,160,19690000
1725584403069000,22440,321760,0,0,172,815241331,1,160,19741000
1725584422079000,22441,321920,0,0,172,815241331,1,160,19010000
1725584442208000,22442,322080,0,0,172,815241331,1,160,20129000
1725584463580000,22443,322240,0,0,172,815241331,1,160,21372000
1725584483463000,22444,322400,0,0,172,815241331,1,160,19883000
1725584502210000,22445,322560,0,0,172,815241331,1,160,18747000
1725584521684000,22446,322720,0,0,172,815241331,1,160,19474000
1725584542374000,22447,322880,0,0,172,815241331,1,160,20690000
1725584562887000,22448,323040,0,0,172,815241331,1,160,20513000
1725584583877000,22449,323200,0,0,172,815241331,1,160,20990000
1725584602782000,22450,323360,0,0,172,815241331,1,160,18905000
1725584621928000,22451,323520,0,0,172,815241331,1,160,19146000
1725584641908000,22452,323680,0,0,172,815241331,1,160,19980000
1725584664189000,22453,323840,0,0,172,815241331,1,160,22281000
1725584682973000,22454,324000,0,0,172,815241331,1,160,18784000
1725584703906000,22455,324160,0,0,172,815241331,1,160,20933000
1725584721952000,22456,324320,0,0,172,815241331,1,160,18046000
1725584742448000,22457,324480,0,0,172,815241331,1,160,20496000
1725584763584000,22458,324640,0,0,172,815241331,1,160,21136000
1725584783476000,22459,324800,0,0,172,815241331,1,160,19892000
1725584802417000,22460,324960,0,0,172,815241331,1,160,18941000
1725584821423000,22461,325120,0,0,172,815241331,1,160,19006000
1725584842282000,22462,325280,0,0,172,815241331,1,160,20859000
1725584861718000,22463,325440,0,0,172,815241331,1,160,19436000
1725584882878000,22464,325600,0,0,172,815241331,1,160,21160000
1725584903721000,22465,325760,0,0,172,815241331,1,160,20843000
1725584922160000,22466,325920,0,0,172,815241331,1,160,18439000
1725584941094000,22467,326080,0,0,172,815241331,1,160,18934000
1725584963485000,22468,326240,0,0,172,815241331,1,160,22391000
1725584983043000,22469,326400,0,0,172,815241331,1,160,19558000
1725585003902000,22470,326560,0,0,172,815241331,1,160,20859000
1725585021970000,22471,326720,0,0,172,815241331,1,160,18068000
1725585041894000,22472,326880,0,0,172,815241331,1,160,19924000
1725585063575000,22473,327040,0,0,172,815241331,1,160,21681000
1725585082435000,22474,327200,0,0,172,815241331,1,160,18860000
1725585103018000,22475,327360,0,0,172,815241331,1,160,20583000
1725585122055000,22476,327520,0,0,172,815241331,1,160,19037000
1725585141646000,22477,327680,0,0,172,815241331,1,160,19591000
1725585162583000,22478,327840,0,0,172,815241331,1,160,20937000
1725585182521000,22479,328000,0,0,172,815241331,1,160,19938000
1725585201940000,22480,328160,0,0,172,815241331,1,160,19419000
1725585221716000,22481,328320,0,0,172,815241331,1,160,19776000
1725585243238000,22482,328480,0,0,172,815241331,1,160,21522000
1725585262879000,22483,328640,0,0,172,815241331,1,160,19641000
1725585283905000,22484,328800,0,0,172,815241331,1,160,21026000
1725585303734000,22485,328960,0,0,172,815241331,1,160,19829000
1725585321899000,22486,329120,0,0,172,815241331,1,160,18165000
1725585342677000,22487,329280,0,0,172,815241331,1,160,20778000
1725585363421000,22488,329440,0,0,172,815241331,1,160,20744000
1725585382754000,22489,329600,0,0,172,815241331,1,160,19333000
1725585402648000,22490,329760,0,0,172,815241331,1,160,19894000
1725585421865000,22491,329920,0,0,172,815241331,1,160,19217000
1725585443796000,22492,330080,0,0,172,815241331,1,160,21931000
1725585463705000,22493,330240,0,0,172,815241331,1,160,19909000
1725585482210000,22494,330400,0,0,172,815241331,1,160,18505000
1725585501992000,22495,330560,0,0,172,815241331,1,160,19782000
1725585522002000,22496,330720,0,0,172,815241331,1,160,20010000
1725585544047000,22497,330880,0,0,172,815241331,1,160,22045000
1725585561774000,22498,331040,0,0,172,815241331,1,160,17727000
1725585583620000,22499,331200,0,0,172,815241331,1,160,21846000
1725585602387000,22500,331360,0,0,172,815241331,1,160,18767000
1725585621728000,22501,331520,0,0,172,815241331,1,160,19341000
1725585643746000,22502,331680,0,0,172,815241331,1,160,22018000
1725585664051000,22503,331840,0,0,172,815241331,1,160,20305000
1725585683663000,22504,332000,0,0,172,815241331,1,160,19612000
1725585703651000,22505,332160,0,0,172,815241331,1,160,19988000
1725585721809000,22506,332320,0,0,172,815241331,1,160,18158000
1725585742471000,22507,332480,0,0,172,815241331,1,160,20662000
1725585763303000,22508,332640,0,0,172,815241331,1,160,20832000
1725585783151000,22509,332800,0,0,172,815241331,1,160,19848000
1725585802739000,22510,332960,0,0,172,815241331,1,160,19588000
1725585822602000,22511,333120,0,0,172,815241331,1,160,19863000
1725585843624000,22512,333280,0,0,172,815241331,1,160,21022000
1725585861919000,22513,333440,0,0,172,815241331,1,160,18295000
1725585883600000,22514,333600,0,0,172,815241331,1,160,21681000
1725585901860000,22515,333760,0,0,172,815241331,1,160,18260000
1725585923528000,22516,333920,0,0,172,815241331,1,160,21668000
1725585943210000,22517,334080,0,0,172,815241331,1,160,19682000
1725585962356000,22518,334240,0,0,172,815241331,1,160,19146000
1725585982937000,22519,334400,0,0,172,815241331,1,160,20581000
1725586001973000,22520,334560,0,0,172,815241331,1,160,19036000
1725586022119000,22521,334720,0,0,172,815241331,1,160,20146000
1725586041419000,22522,334880,0,0,172,815241331,1,160,19300000
1725586062873000,22523,335040,0,0,172,815241331,1,160,21454000
1725586082527000,22524,335200,0,0,172,815241331,1,160,19654000
1725586100487000,22525,335360,0,0,172,815241331,1,160,17960000
1725586122153000,22526,335520,0,0,172,815241331,1,160,21666000
1725586142272000,22527,335680,0,0,172,815241331,1,160,20119000
1725586162542000,22528,335840,0,0,172,815241331,1,160,20270000
1725586182476000,22529,336000,0,0,172,815241331,1,160,19934000
1725586202136000,22530,336160,0,0,172,815241331,1,160,19660000
1725586222326000,22531,336320,0,0,172,815241331,1,160,20190000
1725586243238000,22532,336480,0,0,172,815241331,1,160,20912000
1725586262700000,22533,336640,0,0,172,815241331,1,160,19462000
1725586282506000,22534,336800,0,0,172,815241331,1,160,19806000
1725586301862000,22535,336960,0,0,172,815241331,1,160,19356000
1725586322199000,22536,337120,0,0,172,815241331,1,160,20337000
1725586343099000,22537,337280,0,0,172,815241331,1,160,20900000
1725586364487000,22538,337440,0,0,172,815241331,1,160,21388000
1725586383469000,22539,337600,0,0,172,815241331,1,160,18982000
1725586403891000,22540,337760,0,0,172,815241331,1,160,20422000
1725586424091000,22541,337920,0,0,172,815241331,1,160,20200000
1725586442701000,22542,338080,0,0,172,815241331,1,160,18610000
1725586464211000,22543,338240,0,0,172,815241331,1,160,21510000
1725586482809000,22544,338400,0,0,172,815241331,1,160,18598000
1725586503305000,22545,338560,0,0,172,815241331,1,160,20496000
1725586523807000,22546,338720,0,0,172,815241331,1,160,20502000
1725586541360000,22547,338880,0,0,172,815241331,1,160,17553000
1725586561601000,22548,339040,0,0,172,815241331,1,160,20241000
1725586584066000,22549,339200,0,0,172,815241331,1,160,22465000
1725586602675000,22550,339360,0,0,172,815241331,1,160,18609000
1725586623204000,22551,339520,0,0,172,815241331,1,160,20529000
1725586643694000,22552,339680,0,0,172,815241331,1,160,20490000
1725586663230000,22553,339840,0,0,172,815241331,1,160,19536000
1725586682986000,22554,340000,0,0,172,815241331,1,160,19756000
1725586702665000,22555,340160,0,0,172,815241331,1,160,19679000
1725586722931000,22556,340320,0,0,172,815241331,1,160,20266000
1725586744203000,22557,340480,0,0,172,815241331,1,160,21272000
1725586762720000,22558,340640,0,0,172,815241331,1,160,18517000
1725586782654000,22559,340800,0,0,172,815241331,1,160,19934000
1725586803625000,22560,340960,0,0,172,815241331,1,160,20971000
1725586823550000,22561,341120,0,0,172,815241331,1,160,19925000
1725586843275000,22562,341280,0,0,172,815241331,1,160,19725000
1725586861599000,22563,341440,0,0,172,815241331,1,160,18324000
1725586881487000,22564,341600,0,0,172,815241331,1,160,19888000
1725586900823000,22565,341760,0,0,172,815241331,1,160,19336000
1725586920592000,22566,341920,0,0,172,815241331,1,160,19769000
1725586940982000,22567,342080,0,0,172,815241331,1,160,20390000
1725586961990000,22568,342240,0,0,172,815241331,1,160,21008000
1725586980269000,22569,342400,0,0,172,815241331,1,160,18279000
1725586999862000,22570,342560,0,0,172,815241331,1,160,19593000
