monotonic_ns,seq,timestamp,marker,payload_type,packet_bytes,ssrc,seq_delta,ts_delta,wall_delta_ns
1725544236411000,753,3767845955,1,0,172,565790333,0,0,0
1725544256141000,754,3767846115,0,0,172,565790333,1,160,19730000
1725544276344000,755,3767846275,0,0,172,565790333,1,160,20203000
1725544296326000,756,3767846435,0,0,172,565790333,1,160,19982000
1725544316446000,757,3767846595,0,0,172,565790333,1,160,20120000
1725544336281000,758,3767846755,0,0,172,565790333,1,160,19835000
1725544358760000,759,3767846915,0,0,172,565790333,1,160,22479000
1725544376081000,760,3767847075,0,0,172,565790333,1,160,17321000
1725544396353000,761,3767847235,0,0,172,565790333,1,160,20272000
1725544416351000,762,3767847395,0,0,172,565790333,1,160,19998000
1725544436101000,763,3767847555,0,0,172,565790333,1,160,19750000
1725544456224000,764,3767847715,0,0,172,565790333,1,160,20123000
1725544476140000,765,3767847875,0,0,172,565790333,1,160,19916000
1725544496108000,766,3767848035,0,0,172,565790333,1,160,19968000
1725544516187000,767,3767848195,0,0,172,565790333,1,160,20079000
1725544536353000,768,3767848355,0,0,172,565790333,1,160,20166000
1725544560859000,769,3767848515,0,0,172,565790333,1,160,24506000
1725544576329000,770,3767848675,0,0,172,565790333,1,160,15470000
1725544596165000,771,3767848835,0,0,172,565790333,1,160,19836000
1725544616172000,772,3767848995,0,0,172,565790333,1,160,20007000
1725544636311000,773,3767849155,0,0,172,565790333,1,160,20139000
1725544656170000,774,3767849315,0,0,172,565790333,1,160,19859000
1725544676382000,775,3767849475,0,0,172,565790333,1,160,20212000
1725544696639000,776,3767849635,0,0,172,565790333,1,160,20257000
1725544716745000,777,3767849795,0,0,172,565790333,1,160,20106000
1725544736166000,778,3767849955,0,0,172,565790333,1,160,19421000
1725544756284000,779,3767850115,0,0,172,565790333,1,160,20118000
1725544776416000,780,3767850275,0,0,172,565790333,1,160,20132000
1725544796311000,781,3767850435,0,0,172,565790333,1,160,19895000
1725544816367000,782,3767850595,0,0,172,565790333,1,160,20056000
1725544836335000,783,3767850755,0,0,172,565790333,1,160,19968000
1725544856256000,784,3767850915,0,0,172,565790333,1,160,19921000
1725544876117000,785,3767851075,0,0,172,565790333,1,160,19861000
1725544896469000,786,3767851235,0,0,172,565790333,1,160,20352000
1725544916440000,787,3767851395,0,0,172,565790333,1,160,19971000
1725544936190000,788,3767851555,0,0,172,565790333,1,160,19750000
1725544956154000,789,3767851715,0,0,172,565790333,1,160,19964000
1725544976345000,790,3767851875,0,0,172,565790333,1,160,20191000
1725544996301000,791,3767852035,0,0,172,565790333,1,160,19956000
1725545016191000,792,3767852195,0,0,172,565790333,1,160,19890000
1725545036321000,793,3767852355,0,0,172,565790333,1,160,20130000
1725545056173000,794,3767852515,0,0,172,565790333,1,160,19852000
1725545076200000,795,3767852675,0,0,172,565790333,1,160,20027000
1725545096483000,796,3767852835,0,0,172,565790333,1,160,20283000
1725545116248000,797,3767852995,0,0,172,565790333,1,160,19765000
1725545136367000,798,3767853155,0,0,172,565790333,1,160,20119000
1725545156216000,799,3767853315,0,0,172,565790333,1,160,19849000
1725545176304000,800,3767853475,0,0,172,565790333,1,160,20088000
1725545196426000,801,3767853635,0,0,172,565790333,1,160,20122000
1725545218026000,802,3767853795,0,0,172,565790333,1,160,21600000
1725545236270000,803,3767853955,0,0,172,565790333,1,160,18244000
1725545256231000,804,3767854115,0,0,172,565790333,1,160,19961000
1725545276389000,805,3767854275,0,0,172,565790333,1,160,20158000
1725545296087000,806,3767854435,0,0,172,565790333,1,160,19698000
1725545316372000,807,3767854595,0,0,172,565790333,1,160,20285000
1725545336220000,808,3767854755,0,0,172,565790333,1,160,19848000
1725545358468000,809,3767854915,0,0,172,565790333,1,160,22248000
1725545376295000,810,3767855075,0,0,172,565790333,1,160,17827000
1725545396433000,811,3767855235,0,0,172,565790333,1,160,20138000
1725545416423000,812,3767855395,0,0,172,565790333,1,160,19990000
1725545436224000,813,3767855555,0,0,172,565790333,1,160,19801000
1725545456269000,814,3767855715,0,0,172,565790333,1,160,20045000
1725545476661000,815,3767855875,0,0,172,565790333,1,160,20392000
1725545496306000,816,3767856035,0,0,172,565790333,1,160,19645000
1725545517613000,817,3767856195,0,0,172,565790333,1,160,21307000
1725545536217000,818,3767856355,0,0,172,565790333,1,160,18604000
1725545561051000,819,3767856515,0,0,172,565790333,1,160,24834000
1725545576399000,820,3767856675,0,0,172,565790333,1,160,15348000
1725545596400000,821,3767856835,0,0,172,565790333,1,160,20001000
1725545616377000,822,3767856995,0,0,172,565790333,1,160,19977000
1725545637536000,823,3767857155,0,0,172,565790333,1,160,21159000
1725545656240000,824,3767857315,0,0,172,565790333,1,160,18704000
1725545676325000,825,3767857475,0,0,172,565790333,1,160,20085000
1725545696509000,826,3767857635,0,0,172,565790333,1,160,20184000
1725545716309000,827,3767857795,0,0,172,565790333,1,160,19800000
1725545736434000,828,3767857955,0,0,172,565790333,1,160,20125000
1725545756394000,829,3767858115,0,0,172,565790333,1,160,19960000
1725545776313000,830,3767858275,0,0,172,565790333,1,160,19919000
1725545796535000,831,3767858435,0,0,172,565790333,1,160,20222000
1725545816283000,832,3767858595,0,0,172,565790333,1,160,19748000
1725545836186000,833,3767858755,0,0,172,565790333,1,160,19903000
1725545856243000,834,3767858915,0,0,172,565790333,1,160,20057000
1725545876326000,835,3767859075,0,0,172,565790333,1,160,20083000
1725545896445000,836,3767859235,0,0,172,565790333,1,160,20119000
1725545916347000,837,3767859395,0,0,172,565790333,1,160,19902000
1725545936018000,838,3767859555,0,0,172,565790333,1,160,19671000
1725545956635000,839,3767859715,0,0,172,565790333,1,160,20617000
1725545976171000,840,3767859875,0,0,172,565790333,1,160,19536000
1725545996730000,841,3767860035,0,0,172,565790333,1,160,20559000
1725546016174000,842,3767860195,0,0,172,565790333,1,160,19444000
1725546036264000,843,3767860355,0,0,172,565790333,1,160,20090000
1725546056176000,844,3767860515,0,0,172,565790333,1,160,19912000
1725546076232000,845,3767860675,0,0,172,565790333,1,160,20056000
1725546096248000,846,3767860835,0,0,172,565790333,1,160,20016000
1725546116232000,847,3767860995,0,0,172,565790333,1,160,19984000
1725546137454000,848,3767861155,0,0,172,565790333,1,160,21222000
1725546155877000,849,3767861315,0,0,172,565790333,1,160,18423000
1725546175992000,850,3767861475,0,0,172,565790333,1,160,20115000
1725546196012000,851,3767861635,0,0,172,565790333,1,160,20020000
1725546215993000,852,3767861795,0,0,172,565790333,1,160,19981000
1725546236022000,853,3767861955,0,0,172,565790333,1,160,20029000
1725546255996000,854,3767862115,0,0,172,565790333,1,160,19974000
1725546276047000,855,3767862275,0,0,172,565790333,1,160,20051000
1725546296057000,856,3767862435,0,0,172,565790333,1,160,20010000
1725546316217000,857,3767862595,0,0,172,565790333,1,160,20160000
1725546336022000,858,3767862755,0,0,172,565790333,1,160,19805000
1725546358593000,859,3767862915,0,0,172,565790333,1,160,22571000
1725546375981000,860,3767863075,0,0,172,565790333,1,160,17388000
1725546396089000,861,3767863235,0,0,172,565790333,1,160,20108000
1725546416196000,862,3767863395,0,0,172,565790333,1,160,20107000
1725546436032000,863,3767863555,0,0,172,565790333,1,160,19836000
1725546456017000,864,3767863715,0,0,172,565790333,1,160,19985000
1725546476031000,865,3767863875,0,0,172,565790333,1,160,20014000
1725546496152000,866,3767864035,0,0,172,565790333,1,160,20121000
1725546516084000,867,3767864195,0,0,172,565790333,1,160,19932000
1725546536258000,868,3767864355,0,0,172,565790333,1,160,20174000
1725546560724000,869,3767864515,0,0,172,565790333,1,160,24466000
1725546575820000,870,3767864675,0,0,172,565790333,1,160,15096000
1725546596006000,871,3767864835,0,0,172,565790333,1,160,20186000
1725546616190000,872,3767864995,0,0,172,565790333,1,160,20184000
1725546636175000,873,3767865155,0,0,172,565790333,1,160,19985000
1725546655987000,874,3767865315,0,0,172,565790333,1,160,19812000
1725546675894000,875,3767865475,0,0,172,565790333,1,160,19907000
1725546695919000,876,3767865635,0,0,172,565790333,1,160,20025000
1725546716081000,877,3767865795,0,0,172,565790333,1,160,20162000
1725546736205000,878,3767865955,0,0,172,565790333,1,160,20124000
1725546755944000,879,3767866115,0,0,172,565790333,1,160,19739000
1725546776134000,880,3767866275,0,0,172,565790333,1,160,20190000
1725546796160000,881,3767866435,0,0,172,565790333,1,160,20026000
1725546816814000,882,3767866595,0,0,172,565790333,1,160,20654000
1725546836053000,883,3767866755,0,0,172,565790333,1,160,19239000
1725546855908000,884,3767866915,0,0,172,565790333,1,160,19855000
1725546876009000,885,3767867075,0,0,172,565790333,1,160,20101000
1725546896131000,886,3767867235,0,0,172,565790333,1,160,20122000
1725546916232000,887,3767867395,0,0,172,565790333,1,160,20101000
1725546938590000,888,3767867555,0,0,172,565790333,1,160,22358000
1725546956177000,889,3767867715,0,0,172,565790333,1,160,17587000
1725546976038000,890,3767867875,0,0,172,565790333,1,160,19861000
1725546996166000,891,3767868035,0,0,172,565790333,1,160,20128000
1725547016236000,892,3767868195,0,0,172,565790333,1,160,20070000
1725547036175000,893,3767868355,0,0,172,565790333,1,160,19939000
1725547056182000,894,3767868515,0,0,172,565790333,1,160,20007000
1725547076128000,895,3767868675,0,0,172,565790333,1,160,19946000
1725547096116000,896,3767868835,0,0,172,565790333,1,160,19988000
1725547116165000,897,3767868995,0,0,172,565790333,1,160,20049000
1725547136162000,898,3767869155,0,0,172,565790333,1,160,19997000
1725547156063000,899,3767869315,0,0,172,565790333,1,160,19901000
1725547176181000,900,3767869475,0,0,172,565790333,1,160,20118000
1725547196669000,901,3767869635,0,0,172,565790333,1,160,20488000
1725547216098000,902,3767869795,0,0,172,565790333,1,160,19429000
1725547236028000,903,3767869955,0,0,172,565790333,1,160,19930000
1725547256591000,904,3767870115,0,0,172,565790333,1,160,20563000
1725547276220000,905,3767870275,0,0,172,565790333,1,160,19629000
1725547296104000,906,3767870435,0,0,172,565790333,1,160,19884000
1725547316302000,907,3767870595,0,0,172,565790333,1,160,20198000
1725547336127000,908,3767870755,0,0,172,565790333,1,160,19825000
1725547358361000,909,3767870915,0,0,172,565790333,1,160,22234000
1725547376465000,910,3767871075,0,0,172,565790333,1,160,18104000
1725547396243000,911,3767871235,0,0,172,565790333,1,160,19778000
1725547416157000,912,3767871395,0,0,172,565790333,1,160,19914000
1725547436116000,913,3767871555,0,0,172,565790333,1,160,19959000
1725547456146000,914,3767871715,0,0,172,565790333,1,160,20030000
1725547477324000,915,3767871875,0,0,172,565790333,1,160,21178000
1725547496366000,916,3767872035,0,0,172,565790333,1,160,19042000
1725547516128000,917,3767872195,0,0,172,565790333,1,160,19762000
1725547536031000,918,3767872355,0,0,172,565790333,1,160,19903000
1725547561432000,919,3767872515,0,0,172,565790333,1,160,25401000
1725547576179000,920,3767872675,0,0,172,565790333,1,160,14747000
1725547596080000,921,3767872835,0,0,172,565790333,1,160,19901000
1725547616262000,922,3767872995,0,0,172,565790333,1,160,20182000
1725547636212000,923,3767873155,0,0,172,565790333,1,160,19950000
1725547656026000,924,3767873315,0,0,172,565790333,1,160,19814000
1725547675997000,925,3767873475,0,0,172,565790333,1,160,19971000
1725547695892000,926,3767873635,0,0,172,565790333,1,160,19895000
1725547715946000,927,3767873795,0,0,172,565790333,1,160,20054000
1725547736495000,928,3767873955,0,0,172,565790333,1,160,20549000
1725547756506000,929,3767874115,0,0,172,565790333,1,160,20011000
1725547776177000,930,3767874275,0,0,172,565790333,1,160,19671000
1725547796496000,931,3767874435,0,0,172,565790333,1,160,20319000
1725547816012000,932,3767874595,0,0,172,565790333,1,160,19516000
1725547836781000,933,3767874755,0,0,172,565790333,1,160,20769000
1725547855893000,934,3767874915,0,0,172,565790333,1,160,19112000
1725547875922000,935,3767875075,0,0,172,565790333,1,160,20029000
1725547895984000,936,3767875235,0,0,172,565790333,1,160,20062000
1725547916162000,937,3767875395,0,0,172,565790333,1,160,20178000
1725547936121000,938,3767875555,0,0,172,565790333,1,160,19959000
1725547956238000,939,3767875715,0,0,172,565790333,1,160,20117000
1725547976652000,940,3767875875,0,0,172,565790333,1,160,20414000
1725547995973000,941,3767876035,0,0,172,565790333,1,160,19321000
1725548015957000,942,3767876195,0,0,172,565790333,1,160,19984000
1725548035983000,943,3767876355,0,0,172,565790333,1,160,20026000
1725548055979000,944,3767876515,0,0,172,565790333,1,160,19996000
1725548075939000,945,3767876675,0,0,172,565790333,1,160,19960000
1725548095987000,946,3767876835,0,0,172,565790333,1,160,20048000
1725548116148000,947,3767876995,0,0,172,565790333,1,160,20161000
1725548136538000,948,3767877155,0,0,172,565790333,1,160,20390000
1725548156018000,949,3767877315,0,0,172,565790333,1,160,19480000
1725548176076000,950,3767877475,0,0,172,565790333,1,160,20058000
1725548195972000,951,3767877635,0,0,172,565790333,1,160,19896000
1725548216070000,952,3767877795,0,0,172,565790333,1,160,20098000
1725548235953000,953,3767877955,0,0,172,565790333,1,160,19883000
1725548255907000,954,3767878115,0,0,172,565790333,1,160,19954000
1725548276650000,955,3767878275,0,0,172,565790333,1,160,20743000
1725548295984000,956,3767878435,0,0,172,565790333,1,160,19334000
1725548315891000,957,3767878595,0,0,172,565790333,1,160,19907000
1725548335886000,958,3767878755,0,0,172,565790333,1,160,19995000
1725548358281000,959,3767878915,0,0,172,565790333,1,160,22395000
1725548375872000,960,3767879075,0,0,172,565790333,1,160,17591000
1725548395855000,961,3767879235,0,0,172,565790333,1,160,19983000
1725548415908000,962,3767879395,0,0,172,565790333,1,160,20053000
1725548435939000,963,3767879555,0,0,172,565790333,1,160,20031000
1725548456025000,964,3767879715,0,0,172,565790333,1,160,20086000
1725548475999000,965,3767879875,0,0,172,565790333,1,160,19974000
1725548496128000,966,3767880035,0,0,172,565790333,1,160,20129000
1725548515889000,967,3767880195,0,0,172,565790333,1,160,19761000
1725548535958000,968,3767880355,0,0,172,565790333,1,160,20069000
1725548560681000,969,3767880515,0,0,172,565790333,1,160,24723000
1725548577602000,970,3767880675,0,0,172,565790333,1,160,16921000
1725548596018000,971,3767880835,0,0,172,565790333,1,160,18416000
1725548616035000,972,3767880995,0,0,172,565790333,1,160,20017000
1725548636083000,973,3767881155,0,0,172,565790333,1,160,20048000
1725548656060000,974,3767881315,0,0,172,565790333,1,160,19977000
1725548676025000,975,3767881475,0,0,172,565790333,1,160,19965000
1725548697078000,976,3767881635,0,0,172,565790333,1,160,21053000
1725548716018000,977,3767881795,0,0,172,565790333,1,160,18940000
1725548736076000,978,3767881955,0,0,172,565790333,1,160,20058000
1725548756462000,979,3767882115,0,0,172,565790333,1,160,20386000
1725548776080000,980,3767882275,0,0,172,565790333,1,160,19618000
1725548796010000,981,3767882435,0,0,172,565790333,1,160,19930000
1725548816062000,982,3767882595,0,0,172,565790333,1,160,20052000
1725548835944000,983,3767882755,0,0,172,565790333,1,160,19882000
1725548855964000,984,3767882915,0,0,172,565790333,1,160,20020000
1725548876617000,985,3767883075,0,0,172,565790333,1,160,20653000
1725548895939000,986,3767883235,0,0,172,565790333,1,160,19322000
1725548916153000,987,3767883395,0,0,172,565790333,1,160,20214000
1725548936076000,988,3767883555,0,0,172,565790333,1,160,19923000
1725548956127000,989,3767883715,0,0,172,565790333,1,160,20051000
1725548976579000,990,3767883875,0,0,172,565790333,1,160,20452000
1725548996884000,991,3767884035,0,0,172,565790333,1,160,20305000
1725549016095000,992,3767884195,0,0,172,565790333,1,160,19211000
1725549035510000,993,3767884355,0,0,172,565790333,1,160,19415000
1725549055973000,994,3767884515,0,0,172,565790333,1,160,20463000
1725549076151000,995,3767884675,0,0,172,565790333,1,160,20178000
1725549095938000,996,3767884835,0,0,172,565790333,1,160,19787000
1725549116032000,997,3767884995,0,0,172,565790333,1,160,20094000
1725549135954000,998,3767885155,0,0,172,565790333,1,160,19922000
1725549155840000,999,3767885315,0,0,172,565790333,1,160,19886000
1725549176121000,1000,3767885475,0,0,172,565790333,1,160,20281000
1725549196284000,1001,3767885635,0,0,172,565790333,1,160,20163000
1725549215952000,1002,3767885795,0,0,172,565790333,1,160,19668000
1725549235968000,1003,3767885955,0,0,172,565790333,1,160,20016000
1725549255895000,1004,3767886115,0,0,172,565790333,1,160,19927000
1725549276136000,1005,3767886275,0,0,172,565790333,1,160,20241000
1725549296550000,1006,3767886435,0,0,172,565790333,1,160,20414000
1725549315811000,1007,3767886595,0,0,172,565790333,1,160,19261000
1725549335984000,1008,3767886755,0,0,172,565790333,1,160,20173000
1725549355741000,1009,3767886915,0,0,172,565790333,1,160,19757000
1725549376014000,1010,3767887075,0,0,172,565790333,1,160,20273000
1725549395966000,1011,3767887235,0,0,172,565790333,1,160,19952000
1725549415902000,1012,3767887395,0,0,172,565790333,1,160,19936000
1725549436102000,1013,3767887555,0,0,172,565790333,1,160,20200000
1725549455985000,1014,3767887715,0,0,172,565790333,1,160,19883000
1725549476211000,1015,3767887875,0,0,172,565790333,1,160,20226000
1725549496179000,1016,3767888035,0,0,172,565790333,1,160,19968000
1725549516271000,1017,3767888195,0,0,172,565790333,1,160,20092000
1725549536068000,1018,3767888355,0,0,172,565790333,1,160,19797000
1725549561630000,1019,3767888515,0,0,172,565790333,1,160,25562000
1725549576721000,1020,3767888675,0,0,172,565790333,1,160,15091000
1725549596104000,1021,3767888835,0,0,172,565790333,1,160,19383000
1725549616155000,1022,3767888995,0,0,172,565790333,1,160,20051000
1725549636174000,1023,3767889155,0,0,172,565790333,1,160,20019000
1725549655990000,1024,3767889315,0,0,172,565790333,1,160,19816000
1725549675985000,1025,3767889475,0,0,172,565790333,1,160,19995000
1725549695894000,1026,3767889635,0,0,172,565790333,1,160,19909000
1725549716032000,1027,3767889795,0,0,172,565790333,1,160,20138000
1725549736046000,1028,3767889955,0,0,172,565790333,1,160,20014000
1725549755845000,1029,3767890115,0,0,172,565790333,1,160,19799000
1725549776064000,1030,3767890275,0,0,172,565790333,1,160,20219000
1725549795928000,1031,3767890435,0,0,172,565790333,1,160,19864000
1725549816042000,1032,3767890595,0,0,172,565790333,1,160,20114000
1725549836566000,1033,3767890755,0,0,172,565790333,1,160,20524000
1725549855930000,1034,3767890915,0,0,172,565790333,1,160,19364000
1725549876046000,1035,3767891075,0,0,172,565790333,1,160,20116000
1725549896159000,1036,3767891235,0,0,172,565790333,1,160,20113000
1725549916034000,1037,3767891395,0,0,172,565790333,1,160,19875000
1725549935989000,1038,3767891555,0,0,172,565790333,1,160,19955000
1725549956675000,1039,3767891715,0,0,172,565790333,1,160,20686000
1725549976442000,1040,3767891875,0,0,172,565790333,1,160,19767000
1725549996154000,1041,3767892035,0,0,172,565790333,1,160,19712000
1725550016018000,1042,3767892195,0,0,172,565790333,1,160,19864000
1725550035886000,1043,3767892355,0,0,172,565790333,1,160,19868000
1725550056386000,1044,3767892515,0,0,172,565790333,1,160,20500000
1725550076476000,1045,3767892675,0,0,172,565790333,1,160,20090000
1725550097357000,1046,3767892835,0,0,172,565790333,1,160,20881000
1725550115970000,1047,3767892995,0,0,172,565790333,1,160,18613000
1725550135790000,1048,3767893155,0,0,172,565790333,1,160,19820000
1725550155854000,1049,3767893315,0,0,172,565790333,1,160,20064000
1725550176004000,1050,3767893475,0,0,172,565790333,1,160,20150000
1725550195958000,1051,3767893635,0,0,172,565790333,1,160,19954000
1725550216076000,1052,3767893795,0,0,172,565790333,1,160,20118000
1725550236116000,1053,3767893955,0,0,172,565790333,1,160,20040000
1725550256018000,1054,3767894115,0,0,172,565790333,1,160,19902000
1725550276179000,1055,3767894275,0,0,172,565790333,1,160,20161000
1725550295800000,1056,3767894435,0,0,172,565790333,1,160,19621000
1725550315476000,1057,3767894595,0,0,172,565790333,1,160,19676000
1725550335990000,1058,3767894755,0,0,172,565790333,1,160,20514000
1725550355829000,1059,3767894915,0,0,172,565790333,1,160,19839000
1725550376194000,1060,3767895075,0,0,172,565790333,1,160,20365000
1725550396427000,1061,3767895235,0,0,172,565790333,1,160,20233000
1725550415775000,1062,3767895395,0,0,172,565790333,1,160,19348000
1725550435753000,1063,3767895555,0,0,172,565790333,1,160,19978000
1725550455798000,1064,3767895715,0,0,172,565790333,1,160,20045000
1725550478801000,1065,3767895875,0,0,172,565790333,1,160,23003000
1725550495898000,1066,3767896035,0,0,172,565790333,1,160,17097000
1725550515574000,1067,3767896195,0,0,172,565790333,1,160,19676000
1725550535853000,1068,3767896355,0,0,172,565790333,1,160,20279000
1725550560691000,1069,3767896515,0,0,172,565790333,1,160,24838000
1725550576858000,1070,3767896675,0,0,172,565790333,1,160,16167000
1725550595955000,1071,3767896835,0,0,172,565790333,1,160,19097000
1725550616078000,1072,3767896995,0,0,172,565790333,1,160,20123000
1725550636023000,1073,3767897155,0,0,172,565790333,1,160,19945000
1725550655847000,1074,3767897315,0,0,172,565790333,1,160,19824000
1725550675765000,1075,3767897475,0,0,172,565790333,1,160,19918000
1725550695976000,1076,3767897635,0,0,172,565790333,1,160,20211000
1725550716009000,1077,3767897795,0,0,172,565790333,1,160,20033000
1725550736037000,1078,3767897955,0,0,172,565790333,1,160,20028000
1725550755921000,1079,3767898115,0,0,172,565790333,1,160,19884000
1725550776017000,1080,3767898275,0,0,172,565790333,1,160,20096000
1725550795964000,1081,3767898435,0,0,172,565790333,1,160,19947000
1725550816111000,1082,3767898595,0,0,172,565790333,1,160,20147000
1725550835997000,1083,3767898755,0,0,172,565790333,1,160,19886000
1725550855993000,1084,3767898915,0,0,172,565790333,1,160,19996000
1725550876016000,1085,3767899075,0,0,172,565790333,1,160,20023000
1725550895956000,1086,3767899235,0,0,172,565790333,1,160,19940000
1725550916050000,1087,3767899395,0,0,172,565790333,1,160,20094000
1725550936146000,1088,3767899555,0,0,172,565790333,1,160,20096000
1725550956048000,1089,3767899715,0,0,172,565790333,1,160,19902000
1725550976154000,1090,3767899875,0,0,172,565790333,1,160,20106000
1725550996186000,1091,3767900035,0,0,172,565790333,1,160,20032000
1725551016078000,1092,3767900195,0,0,172,565790333,1,160,19892000
1725551036384000,1093,3767900355,0,0,172,565790333,1,160,20306000
1725551055858000,1094,3767900515,0,0,172,565790333,1,160,19474000
1725551075855000,1095,3767900675,0,0,172,565790333,1,160,19997000
1725551097034000,1096,3767900835,0,0,172,565790333,1,160,21179000
1725551116064000,1097,3767900995,0,0,172,565790333,1,160,19030000
1725551135918000,1098,3767901155,0,0,172,565790333,1,160,19854000
1725551155887000,1099,3767901315,0,0,172,565790333,1,160,19969000
1725551175956000,1100,3767901475,0,0,172,565790333,1,160,20069000
1725551196062000,1101,3767901635,0,0,172,565790333,1,160,20106000
1725551216044000,1102,3767901795,0,0,172,565790333,1,160,19982000
1725551236180000,1103,3767901955,0,0,172,565790333,1,160,20136000
1725551256039000,1104,3767902115,0,0,172,565790333,1,160,19859000
1725551275968000,1105,3767902275,0,0,172,565790333,1,160,19929000
1725551296168000,1106,3767902435,0,0,172,565790333,1,160,20200000
1725551315987000,1107,3767902595,0,0,172,565790333,1,160,19819000
1725551335909000,1108,3767902755,0,0,172,565790333,1,160,19922000
1725551355925000,1109,3767902915,0,0,172,565790333,1,160,20016000
1725551376059000,1110,3767903075,0,0,172,565790333,1,160,20134000
1725551395888000,1111,3767903235,0,0,172,565790333,1,160,19829000
1725551415958000,1112,3767903395,0,0,172,565790333,1,160,20070000
1725551435964000,1113,3767903555,0,0,172,565790333,1,160,20006000
1725551455876000,1114,3767903715,0,0,172,565790333,1,160,19912000
1725551475847000,1115,3767903875,0,0,172,565790333,1,160,19971000
1725551496014000,1116,3767904035,0,0,172,565790333,1,160,20167000
1725551515853000,1117,3767904195,0,0,172,565790333,1,160,19839000
1725551536377000,1118,3767904355,0,0,172,565790333,1,160,20524000
1725551560542000,1119,3767904515,0,0,172,565790333,1,160,24165000
1725551575827000,1120,3767904675,0,0,172,565790333,1,160,15285000
1725551595942000,1121,3767904835,0,0,172,565790333,1,160,20115000
1725551615942000,1122,3767904995,0,0,172,565790333,1,160,20000000
1725551635933000,1123,3767905155,0,0,172,565790333,1,160,19991000
1725551656032000,1124,3767905315,0,0,172,565790333,1,160,20099000
1725551675869000,1125,3767905475,0,0,172,565790333,1,160,19837000
1725551695738000,1126,3767905635,0,0,172,565790333,1,160,19869000
1725551715805000,1127,3767905795,0,0,172,565790333,1,160,20067000
1725551735365000,1128,3767905955,0,0,172,565790333,1,160,19560000
1725551755714000,1129,3767906115,0,0,172,565790333,1,160,20349000
1725551775730000,1130,3767906275,0,0,172,565790333,1,160,20016000
1725551795748000,1131,3767906435,0,0,172,565790333,1,160,20018000
1725551815930000,1132,3767906595,0,0,172,565790333,1,160,20182000
1725551835756000,1133,3767906755,0,0,172,565790333,1,160,19826000
1725551855809000,1134,3767906915,0,0,172,565790333,1,160,20053000
1725551875745000,1135,3767907075,0,0,172,565790333,1,160,19936000
1725551895840000,1136,3767907235,0,0,172,565790333,1,160,20095000
1725551915854000,1137,3767907395,0,0,172,565790333,1,160,20014000
1725551935862000,1138,3767907555,0,0,172,565790333,1,160,20008000
1725551955974000,1139,3767907715,0,0,172,565790333,1,160,20112000
1725551977389000,1140,3767907875,0,0,172,565790333,1,160,21415000
1725551995775000,1141,3767908035,0,0,172,565790333,1,160,18386000
1725552015814000,1142,3767908195,0,0,172,565790333,1,160,20039000
1725552035880000,1143,3767908355,0,0,172,565790333,1,160,20066000
1725552058263000,1144,3767908515,0,0,172,565790333,1,160,22383000
1725552076118000,1145,3767908675,0,0,172,565790333,1,160,17855000
1725552097849000,1146,3767908835,0,0,172,565790333,1,160,21731000
1725552115519000,1147,3767908995,0,0,172,565790333,1,160,17670000
1725552135507000,1148,3767909155,0,0,172,565790333,1,160,19988000
1725552155524000,1149,3767909315,0,0,172,565790333,1,160,20017000
1725552178628000,1150,3767909475,0,0,172,565790333,1,160,23104000
1725552196129000,1151,3767909635,0,0,172,565790333,1,160,17501000
1725552215638000,1152,3767909795,0,0,172,565790333,1,160,19509000
1725552235566000,1153,3767909955,0,0,172,565790333,1,160,19928000
1725552255685000,1154,3767910115,0,0,172,565790333,1,160,20119000
1725552275810000,1155,3767910275,0,0,172,565790333,1,160,20125000
1725552296032000,1156,3767910435,0,0,172,565790333,1,160,20222000
1725552315571000,1157,3767910595,0,0,172,565790333,1,160,19539000
1725552335944000,1158,3767910755,0,0,172,565790333,1,160,20373000
1725552355867000,1159,3767910915,0,0,172,565790333,1,160,19923000
1725552376160000,1160,3767911075,0,0,172,565790333,1,160,20293000
1725552395953000,1161,3767911235,0,0,172,565790333,1,160,19793000
1725552415858000,1162,3767911395,0,0,172,565790333,1,160,19905000
1725552435879000,1163,3767911555,0,0,172,565790333,1,160,20021000
1725552455744000,1164,3767911715,0,0,172,565790333,1,160,19865000
1725552476594000,1165,3767911875,0,0,172,565790333,1,160,20850000
1725552495919000,1166,3767912035,0,0,172,565790333,1,160,19325000
1725552515832000,1167,3767912195,0,0,172,565790333,1,160,19913000
1725552535728000,1168,3767912355,0,0,172,565790333,1,160,19896000
1725552560329000,1169,3767912515,0,0,172,565790333,1,160,24601000
1725552575863000,1170,3767912675,0,0,172,565790333,1,160,15534000
1725552595764000,1171,3767912835,0,0,172,565790333,1,160,19901000
1725552615868000,1172,3767912995,0,0,172,565790333,1,160,20104000
1725552635692000,1173,3767913155,0,0,172,565790333,1,160,19824000
1725552655766000,1174,3767913315,0,0,172,565790333,1,160,20074000
1725552675784000,1175,3767913475,0,0,172,565790333,1,160,20018000
1725552696026000,1176,3767913635,0,0,172,565790333,1,160,20242000
1725552715933000,1177,3767913795,0,0,172,565790333,1,160,19907000
1725552735717000,1178,3767913955,0,0,172,565790333,1,160,19784000
1725552755865000,1179,3767914115,0,0,172,565790333,1,160,20148000
1725552775794000,1180,3767914275,0,0,172,565790333,1,160,19929000
1725552795781000,1181,3767914435,0,0,172,565790333,1,160,19987000
1725552815811000,1182,3767914595,0,0,172,565790333,1,160,20030000
1725552835724000,1183,3767914755,0,0,172,565790333,1,160,19913000
1725552855905000,1184,3767914915,0,0,172,565790333,1,160,20181000
1725552875939000,1185,3767915075,0,0,172,565790333,1,160,20034000
1725552895712000,1186,3767915235,0,0,172,565790333,1,160,19773000
1725552915803000,1187,3767915395,0,0,172,565790333,1,160,20091000
1725552935838000,1188,3767915555,0,0,172,565790333,1,160,20035000
1725552955549000,1189,3767915715,0,0,172,565790333,1,160,19711000
1725552975728000,1190,3767915875,0,0,172,565790333,1,160,20179000
1725552995693000,1191,3767916035,0,0,172,565790333,1,160,19965000
1725553015697000,1192,3767916195,0,0,172,565790333,1,160,20004000
1725553035947000,1193,3767916355,0,0,172,565790333,1,160,20250000
1725553055798000,1194,3767916515,0,0,172,565790333,1,160,19851000
1725553075733000,1195,3767916675,0,0,172,565790333,1,160,19935000
1725553095756000,1196,3767916835,0,0,172,565790333,1,160,20023000
1725553115756000,1197,3767916995,0,0,172,565790333,1,160,20000000
1725553136070000,1198,3767917155,0,0,172,565790333,1,160,20314000
1725553155805000,1199,3767917315,0,0,172,565790333,1,160,19735000
1725553176376000,1200,3767917475,0,0,172,565790333,1,160,20571000
1725553195902000,1201,3767917635,0,0,172,565790333,1,160,19526000
1725553215859000,1202,3767917795,0,0,172,565790333,1,160,19957000
1725553235904000,1203,3767917955,0,0,172,565790333,1,160,20045000
1725553255790000,1204,3767918115,0,0,172,565790333,1,160,19886000
1725553275942000,1205,3767918275,0,0,172,565790333,1,160,20152000
1725553296072000,1206,3767918435,0,0,172,565790333,1,160,20130000
1725553315921000,1207,3767918595,0,0,172,565790333,1,160,19849000
1725553335999000,1208,3767918755,0,0,172,565790333,1,160,20078000
1725553355812000,1209,3767918915,0,0,172,565790333,1,160,19813000
1725553375894000,1210,3767919075,0,0,172,565790333,1,160,20082000
1725553395967000,1211,3767919235,0,0,172,565790333,1,160,20073000
1725553415897000,1212,3767919395,0,0,172,565790333,1,160,19930000
1725553435869000,1213,3767919555,0,0,172,565790333,1,160,19972000
1725553455865000,1214,3767919715,0,0,172,565790333,1,160,19996000
1725553475703000,1215,3767919875,0,0,172,565790333,1,160,19838000
1725553496445000,1216,3767920035,0,0,172,565790333,1,160,20742000
1725553516023000,1217,3767920195,0,0,172,565790333,1,160,19578000
1725553535738000,1218,3767920355,0,0,172,565790333,1,160,19715000
1725553560336000,1219,3767920515,0,0,172,565790333,1,160,24598000
1725553575881000,1220,3767920675,0,0,172,565790333,1,160,15545000
1725553595772000,1221,3767920835,0,0,172,565790333,1,160,19891000
1725553615958000,1222,3767920995,0,0,172,565790333,1,160,20186000
1725553637070000,1223,3767921155,0,0,172,565790333,1,160,21112000
1725553657950000,1224,3767921315,0,0,172,565790333,1,160,20880000
1725553675920000,1225,3767921475,0,0,172,565790333,1,160,17970000
1725553695929000,1226,3767921635,0,0,172,565790333,1,160,20009000
1725553715864000,1227,3767921795,0,0,172,565790333,1,160,19935000
1725553735839000,1228,3767921955,0,0,172,565790333,1,160,19975000
1725553755820000,1229,3767922115,0,0,172,565790333,1,160,19981000
1725553775937000,1230,3767922275,0,0,172,565790333,1,160,20117000
1725553795939000,1231,3767922435,0,0,172,565790333,1,160,20002000
1725553815895000,1232,3767922595,0,0,172,565790333,1,160,19956000
1725553835863000,1233,3767922755,0,0,172,565790333,1,160,19968000
1725553855725000,1234,3767922915,0,0,172,565790333,1,160,19862000
1725553875876000,1235,3767923075,0,0,172,565790333,1,160,20151000
1725553895834000,1236,3767923235,0,0,172,565790333,1,160,19958000
1725553915971000,1237,3767923395,0,0,172,565790333,1,160,20137000
1725553936036000,1238,3767923555,0,0,172,565790333,1,160,20065000
1725553956143000,1239,3767923715,0,0,172,565790333,1,160,20107000
1725553976171000,1240,3767923875,0,0,172,565790333,1,160,20028000
1725553995897000,1241,3767924035,0,0,172,565790333,1,160,19726000
1725554015858000,1242,3767924195,0,0,172,565790333,1,160,19961000
1725554035879000,1243,3767924355,0,0,172,565790333,1,160,20021000
1725554055856000,1244,3767924515,0,0,172,565790333,1,160,19977000
1725554075766000,1245,3767924675,0,0,172,565790333,1,160,19910000
1725554095893000,1246,3767924835,0,0,172,565790333,1,160,20127000
1725554115847000,1247,3767924995,0,0,172,565790333,1,160,19954000
1725554135825000,1248,3767925155,0,0,172,565790333,1,160,19978000
1725554155562000,1249,3767925315,0,0,172,565790333,1,160,19737000
1725554175985000,1250,3767925475,0,0,172,565790333,1,160,20423000
1725554195705000,1251,3767925635,0,0,172,565790333,1,160,19720000
1725554215782000,1252,3767925795,0,0,172,565790333,1,160,20077000
1725554236076000,1253,3767925955,0,0,172,565790333,1,160,20294000
1725554256230000,1254,3767926115,0,0,172,565790333,1,160,20154000
1725554275847000,1255,3767926275,0,0,172,565790333,1,160,19617000
1725554295861000,1256,3767926435,0,0,172,565790333,1,160,20014000
1725554316031000,1257,3767926595,0,0,172,565790333,1,160,20170000
1725554335857000,1258,3767926755,0,0,172,565790333,1,160,19826000
1725554355753000,1259,3767926915,0,0,172,565790333,1,160,19896000
1725554376055000,1260,3767927075,0,0,172,565790333,1,160,20302000
1725554395832000,1261,3767927235,0,0,172,565790333,1,160,19777000
1725554415952000,1262,3767927395,0,0,172,565790333,1,160,20120000
1725554435906000,1263,3767927555,0,0,172,565790333,1,160,19954000
1725554455727000,1264,3767927715,0,0,172,565790333,1,160,19821000
1725554475806000,1265,3767927875,0,0,172,565790333,1,160,20079000
1725554495990000,1266,3767928035,0,0,172,565790333,1,160,20184000
1725554515765000,1267,3767928195,0,0,172,565790333,1,160,19775000
1725554535970000,1268,3767928355,0,0,172,565790333,1,160,20205000
1725554560637000,1269,3767928515,0,0,172,565790333,1,160,24667000
1725554575889000,1270,3767928675,0,0,172,565790333,1,160,15252000
1725554595802000,1271,3767928835,0,0,172,565790333,1,160,19913000
1725554615830000,1272,3767928995,0,0,172,565790333,1,160,20028000
1725554635793000,1273,3767929155,0,0,172,565790333,1,160,19963000
1725554655827000,1274,3767929315,0,0,172,565790333,1,160,20034000
1725554675972000,1275,3767929475,0,0,172,565790333,1,160,20145000
1725554695723000,1276,3767929635,0,0,172,565790333,1,160,19751000
1725554715971000,1277,3767929795,0,0,172,565790333,1,160,20248000
1725554735629000,1278,3767929955,0,0,172,565790333,1,160,19658000
1725554755873000,1279,3767930115,0,0,172,565790333,1,160,20244000
1725554775865000,1280,3767930275,0,0,172,565790333,1,160,19992000
1725554795745000,1281,3767930435,0,0,172,565790333,1,160,19880000
1725554815987000,1282,3767930595,0,0,172,565790333,1,160,20242000
1725554835685000,1283,3767930755,0,0,172,565790333,1,160,19698000
1725554855745000,1284,3767930915,0,0,172,565790333,1,160,20060000
1725554875565000,1285,3767931075,0,0,172,565790333,1,160,19820000
1725554895798000,1286,3767931235,0,0,172,565790333,1,160,20233000
1725554915655000,1287,3767931395,0,0,172,565790333,1,160,19857000
1725554935887000,1288,3767931555,0,0,172,565790333,1,160,20232000
1725554955858000,1289,3767931715,0,0,172,565790333,1,160,19971000
1725554975676000,1290,3767931875,0,0,172,565790333,1,160,19818000
1725554996037000,1291,3767932035,0,0,172,565790333,1,160,20361000
1725555016027000,1292,3767932195,0,0,172,565790333,1,160,19990000
1725555035712000,1293,3767932355,0,0,172,565790333,1,160,19685000
1725555055666000,1294,3767932515,0,0,172,565790333,1,160,19954000
1725555075668000,1295,3767932675,0,0,172,565790333,1,160,20002000
1725555096268000,1296,3767932835,0,0,172,565790333,1,160,20600000
1725555115917000,1297,3767932995,0,0,172,565790333,1,160,19649000
1725555135744000,1298,3767933155,0,0,172,565790333,1,160,19827000
1725555155621000,1299,3767933315,0,0,172,565790333,1,160,19877000
1725555175448000,1300,3767933475,0,0,172,565790333,1,160,19827000
1725555195691000,1301,3767933635,0,0,172,565790333,1,160,20243000
1725555215810000,1302,3767933795,0,0,172,565790333,1,160,20119000
1725555236408000,1303,3767933955,0,0,172,565790333,1,160,20598000
1725555255521000,1304,3767934115,0,0,172,565790333,1,160,19113000
1725555275651000,1305,3767934275,0,0,172,565790333,1,160,20130000
1725555295642000,1306,3767934435,0,0,172,565790333,1,160,19991000
1725555315679000,1307,3767934595,0,0,172,565790333,1,160,20037000
1725555335625000,1308,3767934755,0,0,172,565790333,1,160,19946000
1725555355618000,1309,3767934915,0,0,172,565790333,1,160,19993000
1725555375860000,1310,3767935075,0,0,172,565790333,1,160,20242000
1725555395774000,1311,3767935235,0,0,172,565790333,1,160,19914000
1725555415707000,1312,3767935395,0,0,172,565790333,1,160,19933000
1725555435815000,1313,3767935555,0,0,172,565790333,1,160,20108000
1725555455718000,1314,3767935715,0,0,172,565790333,1,160,19903000
1725555475755000,1315,3767935875,0,0,172,565790333,1,160,20037000
1725555495807000,1316,3767936035,0,0,172,565790333,1,160,20052000
1725555515620000,1317,3767936195,0,0,172,565790333,1,160,19813000
1725555535734000,1318,3767936355,0,0,172,565790333,1,160,20114000
1725555560590000,1319,3767936515,0,0,172,565790333,1,160,24856000
1725555575681000,1320,3767936675,0,0,172,565790333,1,160,15091000
1725555596179000,1321,3767936835,0,0,172,565790333,1,160,20498000
1725555615915000,1322,3767936995,0,0,172,565790333,1,160,19736000
1725555635683000,1323,3767937155,0,0,172,565790333,1,160,19768000
1725555655791000,1324,3767937315,0,0,172,565790333,1,160,20108000
1725555675628000,1325,3767937475,0,0,172,565790333,1,160,19837000
1725555695573000,1326,3767937635,0,0,172,565790333,1,160,19945000
1725555715633000,1327,3767937795,0,0,172,565790333,1,160,20060000
1725555735682000,1328,3767937955,0,0,172,565790333,1,160,20049000
1725555755836000,1329,3767938115,0,0,172,565790333,1,160,20154000
1725555775751000,1330,3767938275,0,0,172,565790333,1,160,19915000
1725555795740000,1331,3767938435,0,0,172,565790333,1,160,19989000
1725555815921000,1332,3767938595,0,0,172,565790333,1,160,20181000
1725555835840000,1333,3767938755,0,0,172,565790333,1,160,19919000
1725555855771000,1334,3767938915,0,0,172,565790333,1,160,19931000
1725555875618000,1335,3767939075,0,0,172,565790333,1,160,19847000
1725555895555000,1336,3767939235,0,0,172,565790333,1,160,19937000
1725555915573000,1337,3767939395,0,0,172,565790333,1,160,20018000
1725555935559000,1338,3767939555,0,0,172,565790333,1,160,19986000
1725555956181000,1339,3767939715,0,0,172,565790333,1,160,20622000
1725555976798000,1340,3767939875,0,0,172,565790333,1,160,20617000
1725555995636000,1341,3767940035,0,0,172,565790333,1,160,18838000
1725556015707000,1342,3767940195,0,0,172,565790333,1,160,20071000
1725556037046000,1343,3767940355,0,0,172,565790333,1,160,21339000
1725556055794000,1344,3767940515,0,0,172,565790333,1,160,18748000
1725556075891000,1345,3767940675,0,0,172,565790333,1,160,20097000
1725556095600000,1346,3767940835,0,0,172,565790333,1,160,19709000
1725556115755000,1347,3767940995,0,0,172,565790333,1,160,20155000
1725556135597000,1348,3767941155,0,0,172,565790333,1,160,19842000
1725556155593000,1349,3767941315,0,0,172,565790333,1,160,19996000
1725556175853000,1350,3767941475,0,0,172,565790333,1,160,20260000
1725556195756000,1351,3767941635,0,0,172,565790333,1,160,19903000
1725556215848000,1352,3767941795,0,0,172,565790333,1,160,20092000
1725556235626000,1353,3767941955,0,0,172,565790333,1,160,19778000
1725556255770000,1354,3767942115,0,0,172,565790333,1,160,20144000
1725556275686000,1355,3767942275,0,0,172,565790333,1,160,19916000
1725556295715000,1356,3767942435,0,0,172,565790333,1,160,20029000
1725556315640000,1357,3767942595,0,0,172,565790333,1,160,19925000
1725556335765000,1358,3767942755,0,0,172,565790333,1,160,20125000
1725556355927000,1359,3767942915,0,0,172,565790333,1,160,20162000
1725556375797000,1360,3767943075,0,0,172,565790333,1,160,19870000
1725556395556000,1361,3767943235,0,0,172,565790333,1,160,19759000
1725556415696000,1362,3767943395,0,0,172,565790333,1,160,20140000
1725556435672000,1363,3767943555,0,0,172,565790333,1,160,19976000
1725556455470000,1364,3767943715,0,0,172,565790333,1,160,19798000
1725556475739000,1365,3767943875,0,0,172,565790333,1,160,20269000
1725556495554000,1366,3767944035,0,0,172,565790333,1,160,19815000
1725556515701000,1367,3767944195,0,0,172,565790333,1,160,20147000
1725556535538000,1368,3767944355,0,0,172,565790333,1,160,19837000
1725556560611000,1369,3767944515,0,0,172,565790333,1,160,25073000
1725556575630000,1370,3767944675,0,0,172,565790333,1,160,15019000
1725556595499000,1371,3767944835,0,0,172,565790333,1,160,19869000
1725556615585000,1372,3767944995,0,0,172,565790333,1,160,20086000
1725556636216000,1373,3767945155,0,0,172,565790333,1,160,20631000
1725556655684000,1374,3767945315,0,0,172,565790333,1,160,19468000
1725556675516000,1375,3767945475,0,0,172,565790333,1,160,19832000
1725556695648000,1376,3767945635,0,0,172,565790333,1,160,20132000
1725556715694000,1377,3767945795,0,0,172,565790333,1,160,20046000
1725556735696000,1378,3767945955,0,0,172,565790333,1,160,20002000
1725556755576000,1379,3767946115,0,0,172,565790333,1,160,19880000
1725556775614000,1380,3767946275,0,0,172,565790333,1,160,20038000
1725556795534000,1381,3767946435,0,0,172,565790333,1,160,19920000
1725556815541000,1382,3767946595,0,0,172,565790333,1,160,20007000
1725556835611000,1383,3767946755,0,0,172,565790333,1,160,20070000
1725556855576000,1384,3767946915,0,0,172,565790333,1,160,19965000
1725556875502000,1385,3767947075,0,0,172,565790333,1,160,19926000
1725556895523000,1386,3767947235,0,0,172,565790333,1,160,20021000
1725556915957000,1387,3767947395,0,0,172,565790333,1,160,20434000
1725556935696000,1388,3767947555,0,0,172,565790333,1,160,19739000
1725556955697000,1389,3767947715,0,0,172,565790333,1,160,20001000
1725556975643000,1390,3767947875,0,0,172,565790333,1,160,19946000
1725556995574000,1391,3767948035,0,0,172,565790333,1,160,19931000
1725557015628000,1392,3767948195,0,0,172,565790333,1,160,20054000
1725557035588000,1393,3767948355,0,0,172,565790333,1,160,19960000
1725557055610000,1394,3767948515,0,0,172,565790333,1,160,20022000
1725557075663000,1395,3767948675,0,0,172,565790333,1,160,20053000
1725557095688000,1396,3767948835,0,0,172,565790333,1,160,20025000
1725557115680000,1397,3767948995,0,0,172,565790333,1,160,19992000
1725557135552000,1398,3767949155,0,0,172,565790333,1,160,19872000
1725557155479000,1399,3767949315,0,0,172,565790333,1,160,19927000
1725557178021000,1400,3767949475,0,0,172,565790333,1,160,22542000
1725557195893000,1401,3767949635,0,0,172,565790333,1,160,17872000
1725557220288000,1402,3767949795,0,0,172,565790333,1,160,24395000
1725557236328000,1403,3767949955,0,0,172,565790333,1,160,16040000
1725557255349000,1404,3767950115,0,0,172,565790333,1,160,19021000
1725557275693000,1405,3767950275,0,0,172,565790333,1,160,20344000
1725557295888000,1406,3767950435,0,0,172,565790333,1,160,20195000
1725557315623000,1407,3767950595,0,0,172,565790333,1,160,19735000
1725557335646000,1408,3767950755,0,0,172,565790333,1,160,20023000
1725557355621000,1409,3767950915,0,0,172,565790333,1,160,19975000
1725557375752000,1410,3767951075,0,0,172,565790333,1,160,20131000
1725557395673000,1411,3767951235,0,0,172,565790333,1,160,19921000
1725557415659000,1412,3767951395,0,0,172,565790333,1,160,19986000
1725557435593000,1413,3767951555,0,0,172,565790333,1,160,19934000
1725557456023000,1414,3767951715,0,0,172,565790333,1,160,20430000
1725557475769000,1415,3767951875,0,0,172,565790333,1,160,19746000
1725557495453000,1416,3767952035,0,0,172,565790333,1,160,19684000
1725557515725000,1417,3767952195,0,0,172,565790333,1,160,20272000
1725557535725000,1418,3767952355,0,0,172,565790333,1,160,20000000
1725557560128000,1419,3767952515,0,0,172,565790333,1,160,24403000
1725557575727000,1420,3767952675,0,0,172,565790333,1,160,15599000
1725557595658000,1421,3767952835,0,0,172,565790333,1,160,19931000
1725557615625000,1422,3767952995,0,0,172,565790333,1,160,19967000
1725557635641000,1423,3767953155,0,0,172,565790333,1,160,20016000
1725557655758000,1424,3767953315,0,0,172,565790333,1,160,20117000
1725557675492000,1425,3767953475,0,0,172,565790333,1,160,19734000
1725557695818000,1426,3767953635,0,0,172,565790333,1,160,20326000
1725557715672000,1427,3767953795,0,0,172,565790333,1,160,19854000
1725557735644000,1428,3767953955,0,0,172,565790333,1,160,19972000
1725557755730000,1429,3767954115,0,0,172,565790333,1,160,20086000
1725557775498000,1430,3767954275,0,0,172,565790333,1,160,19768000
1725557795752000,1431,3767954435,0,0,172,565790333,1,160,20254000
1725557815729000,1432,3767954595,0,0,172,565790333,1,160,19977000
1725557835598000,1433,3767954755,0,0,172,565790333,1,160,19869000
1725557855684000,1434,3767954915,0,0,172,565790333,1,160,20086000
1725557875708000,1435,3767955075,0,0,172,565790333,1,160,20024000
1725557895696000,1436,3767955235,0,0,172,565790333,1,160,19988000
1725557915780000,1437,3767955395,0,0,172,565790333,1,160,20084000
1725557935648000,1438,3767955555,0,0,172,565790333,1,160,19868000
1725557958419000,1439,3767955715,0,0,172,565790333,1,160,22771000
1725557975581000,1440,3767955875,0,0,172,565790333,1,160,17162000
1725557996189000,1441,3767956035,0,0,172,565790333,1,160,20608000
1725558015839000,1442,3767956195,0,0,172,565790333,1,160,19650000
1725558035698000,1443,3767956355,0,0,172,565790333,1,160,19859000
1725558055557000,1444,3767956515,0,0,172,565790333,1,160,19859000
1725558075677000,1445,3767956675,0,0,172,565790333,1,160,20120000
1725558096082000,1446,3767956835,0,0,172,565790333,1,160,20405000
1725558115614000,1447,3767956995,0,0,172,565790333,1,160,19532000
1725558135795000,1448,3767957155,0,0,172,565790333,1,160,20181000
1725558155793000,1449,3767957315,0,0,172,565790333,1,160,19998000
1725558175615000,1450,3767957475,0,0,172,565790333,1,160,19822000
1725558195775000,1451,3767957635,0,0,172,565790333,1,160,20160000
1725558215695000,1452,3767957795,0,0,172,565790333,1,160,19920000
1725558235664000,1453,3767957955,0,0,172,565790333,1,160,19969000
1725558255653000,1454,3767958115,0,0,172,565790333,1,160,19989000
1725558275778000,1455,3767958275,0,0,172,565790333,1,160,20125000
1725558295742000,1456,3767958435,0,0,172,565790333,1,160,19964000
1725558315958000,1457,3767958595,0,0,172,565790333,1,160,20216000
1725558335772000,1458,3767958755,0,0,172,565790333,1,160,19814000
1725558355619000,1459,3767958915,0,0,172,565790333,1,160,19847000
1725558375620000,1460,3767959075,0,0,172,565790333,1,160,20001000
1725558395681000,1461,3767959235,0,0,172,565790333,1,160,20061000
1725558415720000,1462,3767959395,0,0,172,565790333,1,160,20039000
1725558435638000,1463,3767959555,0,0,172,565790333,1,160,19918000
1725558455778000,1464,3767959715,0,0,172,565790333,1,160,20140000
1725558475704000,1465,3767959875,0,0,172,565790333,1,160,19926000
1725558495585000,1466,3767960035,0,0,172,565790333,1,160,19881000
1725558515653000,1467,3767960195,0,0,172,565790333,1,160,20068000
1725558535325000,1468,3767960355,0,0,172,565790333,1,160,19672000
1725558560441000,1469,3767960515,0,0,172,565790333,1,160,25116000
1725558575317000,1470,3767960675,0,0,172,565790333,1,160,14876000
1725558595837000,1471,3767960835,0,0,172,565790333,1,160,20520000
1725558615751000,1472,3767960995,0,0,172,565790333,1,160,19914000
1725558635626000,1473,3767961155,0,0,172,565790333,1,160,19875000
1725558655787000,1474,3767961315,0,0,172,565790333,1,160,20161000
1725558675646000,1475,3767961475,0,0,172,565790333,1,160,19859000
1725558695578000,1476,3767961635,0,0,172,565790333,1,160,19932000
1725558716001000,1477,3767961795,0,0,172,565790333,1,160,20423000
1725558735652000,1478,3767961955,0,0,172,565790333,1,160,19651000
1725558755545000,1479,3767962115,0,0,172,565790333,1,160,19893000
1725558775572000,1480,3767962275,0,0,172,565790333,1,160,20027000
1725558795577000,1481,3767962435,0,0,172,565790333,1,160,20005000
1725558815566000,1482,3767962595,0,0,172,565790333,1,160,19989000
1725558835790000,1483,3767962755,0,0,172,565790333,1,160,20224000
1725558855549000,1484,3767962915,0,0,172,565790333,1,160,19759000
1725558875615000,1485,3767963075,0,0,172,565790333,1,160,20066000
1725558895690000,1486,3767963235,0,0,172,565790333,1,160,20075000
1725558915642000,1487,3767963395,0,0,172,565790333,1,160,19952000
1725558935620000,1488,3767963555,0,0,172,565790333,1,160,19978000
1725558955960000,1489,3767963715,0,0,172,565790333,1,160,20340000
1725558975742000,1490,3767963875,0,0,172,565790333,1,160,19782000
1725558995854000,1491,3767964035,0,0,172,565790333,1,160,20112000
1725559015708000,1492,3767964195,0,0,172,565790333,1,160,19854000
1725559035619000,1493,3767964355,0,0,172,565790333,1,160,19911000
1725559055814000,1494,3767964515,0,0,172,565790333,1,160,20195000
1725559075555000,1495,3767964675,0,0,172,565790333,1,160,19741000
1725559095568000,1496,3767964835,0,0,172,565790333,1,160,20013000
1725559115536000,1497,3767964995,0,0,172,565790333,1,160,19968000
1725559135674000,1498,3767965155,0,0,172,565790333,1,160,20138000
1725559155523000,1499,3767965315,0,0,172,565790333,1,160,19849000
1725559175993000,1500,3767965475,0,0,172,565790333,1,160,20470000
1725559195661000,1501,3767965635,0,0,172,565790333,1,160,19668000
1725559215601000,1502,3767965795,0,0,172,565790333,1,160,19940000
1725559235862000,1503,3767965955,0,0,172,565790333,1,160,20261000
1725559255536000,1504,3767966115,0,0,172,565790333,1,160,19674000
1725559275590000,1505,3767966275,0,0,172,565790333,1,160,20054000
1725559295609000,1506,3767966435,0,0,172,565790333,1,160,20019000
1725559315678000,1507,3767966595,0,0,172,565790333,1,160,20069000
1725559335567000,1508,3767966755,0,0,172,565790333,1,160,19889000
1725559356276000,1509,3767966915,0,0,172,565790333,1,160,20709000
1725559375907000,1510,3767967075,0,0,172,565790333,1,160,19631000
1725559395748000,1511,3767967235,0,0,172,565790333,1,160,19841000
1725559415741000,1512,3767967395,0,0,172,565790333,1,160,19993000
1725559435835000,1513,3767967555,0,0,172,565790333,1,160,20094000
1725559455625000,1514,3767967715,0,0,172,565790333,1,160,19790000
1725559475571000,1515,3767967875,0,0,172,565790333,1,160,19946000
1725559495594000,1516,3767968035,0,0,172,565790333,1,160,20023000
1725559515676000,1517,3767968195,0,0,172,565790333,1,160,20082000
1725559536167000,1518,3767968355,0,0,172,565790333,1,160,20491000
1725559562939000,1519,3767968515,0,0,172,565790333,1,160,26772000
1725559575741000,1520,3767968675,0,0,172,565790333,1,160,12802000
1725559595595000,1521,3767968835,0,0,172,565790333,1,160,19854000
1725559615679000,1522,3767968995,0,0,172,565790333,1,160,20084000
1725559635619000,1523,3767969155,0,0,172,565790333,1,160,19940000
1725559655767000,1524,3767969315,0,0,172,565790333,1,160,20148000
1725559675673000,1525,3767969475,0,0,172,565790333,1,160,19906000
1725559695640000,1526,3767969635,0,0,172,565790333,1,160,19967000
1725559715818000,1527,3767969795,0,0,172,565790333,1,160,20178000
1725559735804000,1528,3767969955,0,0,172,565790333,1,160,19986000
1725559755341000,1529,3767970115,0,0,172,565790333,1,160,19537000
1725559775729000,1530,3767970275,0,0,172,565790333,1,160,20388000
1725559796163000,1531,3767970435,0,0,172,565790333,1,160,20434000
1725559815616000,1532,3767970595,0,0,172,565790333,1,160,19453000
1725559835552000,1533,3767970755,0,0,172,565790333,1,160,19936000
1725559856022000,1534,3767970915,0,0,172,565790333,1,160,20470000
1725559875443000,1535,3767971075,0,0,172,565790333,1,160,19421000
1725559895562000,1536,3767971235,0,0,172,565790333,1,160,20119000
1725559915490000,1537,3767971395,0,0,172,565790333,1,160,19928000
1725559935434000,1538,3767971555,0,0,172,565790333,1,160,19944000
1725559955526000,1539,3767971715,0,0,172,565790333,1,160,20092000
1725559976112000,1540,3767971875,0,0,172,565790333,1,160,20586000
1725559995620000,1541,3767972035,0,0,172,565790333,1,160,19508000
1725560016573000,1542,3767972195,0,0,172,565790333,1,160,20953000
1725560035544000,1543,3767972355,0,0,172,565790333,1,160,18971000
1725560055472000,1544,3767972515,0,0,172,565790333,1,160,19928000
1725560075340000,1545,3767972675,0,0,172,565790333,1,160,19868000
1725560095401000,1546,3767972835,0,0,172,565790333,1,160,20061000
1725560115459000,1547,3767972995,0,0,172,565790333,1,160,20058000
1725560135273000,1548,3767973155,0,0,172,565790333,1,160,19814000
1725560155498000,1549,3767973315,0,0,172,565790333,1,160,20225000
1725560175666000,1550,3767973475,0,0,172,565790333,1,160,20168000
1725560195599000,1551,3767973635,0,0,172,565790333,1,160,19933000
1725560215375000,1552,3767973795,0,0,172,565790333,1,160,19776000
1725560237902000,1553,3767973955,0,0,172,565790333,1,160,22527000
1725560255173000,1554,3767974115,0,0,172,565790333,1,160,17271000
1725560275724000,1555,3767974275,0,0,172,565790333,1,160,20551000
1725560295561000,1556,3767974435,0,0,172,565790333,1,160,19837000
1725560315465000,1557,3767974595,0,0,172,565790333,1,160,19904000
1725560335590000,1558,3767974755,0,0,172,565790333,1,160,20125000
1725560355592000,1559,3767974915,0,0,172,565790333,1,160,20002000
1725560376669000,1560,3767975075,0,0,172,565790333,1,160,21077000
1725560395560000,1561,3767975235,0,0,172,565790333,1,160,18891000
1725560415609000,1562,3767975395,0,0,172,565790333,1,160,20049000
1725560435559000,1563,3767975555,0,0,172,565790333,1,160,19950000
1725560455624000,1564,3767975715,0,0,172,565790333,1,160,20065000
1725560475500000,1565,3767975875,0,0,172,565790333,1,160,19876000
1725560495266000,1566,3767976035,0,0,172,565790333,1,160,19766000
1725560515531000,1567,3767976195,0,0,172,565790333,1,160,20265000
1725560535601000,1568,3767976355,0,0,172,565790333,1,160,20070000
1725560560256000,1569,3767976515,0,0,172,565790333,1,160,24655000
1725560575497000,1570,3767976675,0,0,172,565790333,1,160,15241000
1725560595624000,1571,3767976835,0,0,172,565790333,1,160,20127000
1725560615451000,1572,3767976995,0,0,172,565790333,1,160,19827000
1725560635336000,1573,3767977155,0,0,172,565790333,1,160,19885000
1725560655580000,1574,3767977315,0,0,172,565790333,1,160,20244000
1725560675384000,1575,3767977475,0,0,172,565790333,1,160,19804000
1725560695462000,1576,3767977635,0,0,172,565790333,1,160,20078000
1725560715592000,1577,3767977795,0,0,172,565790333,1,160,20130000
1725560735573000,1578,3767977955,0,0,172,565790333,1,160,19981000
1725560755301000,1579,3767978115,0,0,172,565790333,1,160,19728000
1725560775430000,1580,3767978275,0,0,172,565790333,1,160,20129000
1725560795483000,1581,3767978435,0,0,172,565790333,1,160,20053000
1725560815588000,1582,3767978595,0,0,172,565790333,1,160,20105000
1725560835676000,1583,3767978755,0,0,172,565790333,1,160,20088000
1725560855662000,1584,3767978915,0,0,172,565790333,1,160,19986000
1725560875577000,1585,3767979075,0,0,172,565790333,1,160,19915000
1725560895473000,1586,3767979235,0,0,172,565790333,1,160,19896000
1725560915558000,1587,3767979395,0,0,172,565790333,1,160,20085000
1725560935615000,1588,3767979555,0,0,172,565790333,1,160,20057000
1725560955563000,1589,3767979715,0,0,172,565790333,1,160,19948000
1725560975508000,1590,3767979875,0,0,172,565790333,1,160,19945000
1725560995414000,1591,3767980035,0,0,172,565790333,1,160,19906000
1725561015489000,1592,3767980195,0,0,172,565790333,1,160,20075000
1725561035696000,1593,3767980355,0,0,172,565790333,1,160,20207000
1725561055457000,1594,3767980515,0,0,172,565790333,1,160,19761000
1725561075465000,1595,3767980675,0,0,172,565790333,1,160,20008000
1725561095562000,1596,3767980835,0,0,172,565790333,1,160,20097000
1725561115631000,1597,3767980995,0,0,172,565790333,1,160,20069000
1725561135613000,1598,3767981155,0,0,172,565790333,1,160,19982000
1725561155637000,1599,3767981315,0,0,172,565790333,1,160,20024000
1725561175445000,1600,3767981475,0,0,172,565790333,1,160,19808000
1725561195498000,1601,3767981635,0,0,172,565790333,1,160,20053000
1725561215515000,1602,3767981795,0,0,172,565790333,1,160,20017000
1725561235550000,1603,3767981955,0,0,172,565790333,1,160,20035000
1725561255343000,1604,3767982115,0,0,172,565790333,1,160,19793000
1725561275494000,1605,3767982275,0,0,172,565790333,1,160,20151000
1725561295630000,1606,3767982435,0,0,172,565790333,1,160,20136000
1725561315428000,1607,3767982595,0,0,172,565790333,1,160,19798000
1725561335462000,1608,3767982755,0,0,172,565790333,1,160,20034000
1725561355405000,1609,3767982915,0,0,172,565790333,1,160,19943000
1725561375555000,1610,3767983075,0,0,172,565790333,1,160,20150000
1725561395522000,1611,3767983235,0,0,172,565790333,1,160,19967000
1725561415393000,1612,3767983395,0,0,172,565790333,1,160,19871000
1725561435474000,1613,3767983555,0,0,172,565790333,1,160,20081000
1725561459066000,1614,3767983715,0,0,172,565790333,1,160,23592000
1725561476380000,1615,3767983875,0,0,172,565790333,1,160,17314000
1725561495567000,1616,3767984035,0,0,172,565790333,1,160,19187000
1725561515556000,1617,3767984195,0,0,172,565790333,1,160,19989000
1725561535552000,1618,3767984355,0,0,172,565790333,1,160,19996000
1725561560430000,1619,3767984515,0,0,172,565790333,1,160,24878000
1725561575500000,1620,3767984675,0,0,172,565790333,1,160,15070000
1725561596145000,1621,3767984835,0,0,172,565790333,1,160,20645000
1725561615571000,1622,3767984995,0,0,172,565790333,1,160,19426000
1725561635509000,1623,3767985155,0,0,172,565790333,1,160,19938000
1725561655461000,1624,3767985315,0,0,172,565790333,1,160,19952000
1725561675622000,1625,3767985475,0,0,172,565790333,1,160,20161000
1725561696000000,1626,3767985635,0,0,172,565790333,1,160,20378000
1725561715503000,1627,3767985795,0,0,172,565790333,1,160,19503000
1725561735595000,1628,3767985955,0,0,172,565790333,1,160,20092000
1725561755300000,1629,3767986115,0,0,172,565790333,1,160,19705000
1725561775760000,1630,3767986275,0,0,172,565790333,1,160,20460000
1725561795685000,1631,3767986435,0,0,172,565790333,1,160,19925000
1725561815659000,1632,3767986595,0,0,172,565790333,1,160,19974000
1725561835449000,1633,3767986755,0,0,172,565790333,1,160,19790000
1725561855593000,1634,3767986915,0,0,172,565790333,1,160,20144000
1725561875510000,1635,3767987075,0,0,172,565790333,1,160,19917000
1725561895650000,1636,3767987235,0,0,172,565790333,1,160,20140000
1725561915564000,1637,3767987395,0,0,172,565790333,1,160,19914000
1725561935486000,1638,3767987555,0,0,172,565790333,1,160,19922000
1725561955618000,1639,3767987715,0,0,172,565790333,1,160,20132000
1725561975545000,1640,3767987875,0,0,172,565790333,1,160,19927000
1725561995577000,1641,3767988035,0,0,172,565790333,1,160,20032000
1725562015437000,1642,3767988195,0,0,172,565790333,1,160,19860000
1725562035674000,1643,3767988355,0,0,172,565790333,1,160,20237000
1725562055658000,1644,3767988515,0,0,172,565790333,1,160,19984000
1725562075531000,1645,3767988675,0,0,172,565790333,1,160,19873000
1725562095479000,1646,3767988835,0,0,172,565790333,1,160,19948000
1725562115464000,1647,3767988995,0,0,172,565790333,1,160,19985000
1725562135489000,1648,3767989155,0,0,172,565790333,1,160,20025000
1725562155461000,1649,3767989315,0,0,172,565790333,1,160,19972000
1725562175510000,1650,3767989475,0,0,172,565790333,1,160,20049000
1725562195541000,1651,3767989635,0,0,172,565790333,1,160,20031000
1725562215461000,1652,3767989795,0,0,172,565790333,1,160,19920000
1725562235477000,1653,3767989955,0,0,172,565790333,1,160,20016000
1725562255558000,1654,3767990115,0,0,172,565790333,1,160,20081000
1725562275545000,1655,3767990275,0,0,172,565790333,1,160,19987000
1725562297950000,1656,3767990435,0,0,172,565790333,1,160,22405000
1725562315548000,1657,3767990595,0,0,172,565790333,1,160,17598000
1725562335817000,1658,3767990755,0,0,172,565790333,1,160,20269000
1725562355453000,1659,3767990915,0,0,172,565790333,1,160,19636000
1725562375617000,1660,3767991075,0,0,172,565790333,1,160,20164000
1725562395508000,1661,3767991235,0,0,172,565790333,1,160,19891000
1725562415498000,1662,3767991395,0,0,172,565790333,1,160,19990000
1725562435437000,1663,3767991555,0,0,172,565790333,1,160,19939000
1725562455476000,1664,3767991715,0,0,172,565790333,1,160,20039000
1725562475647000,1665,3767991875,0,0,172,565790333,1,160,20171000
1725562495471000,1666,3767992035,0,0,172,565790333,1,160,19824000
1725562515580000,1667,3767992195,0,0,172,565790333,1,160,20109000
1725562535532000,1668,3767992355,0,0,172,565790333,1,160,19952000
1725562560971000,1669,3767992515,0,0,172,565790333,1,160,25439000
1725562575358000,1670,3767992675,0,0,172,565790333,1,160,14387000
1725562595433000,1671,3767992835,0,0,172,565790333,1,160,20075000
1725562615539000,1672,3767992995,0,0,172,565790333,1,160,20106000
1725562636142000,1673,3767993155,0,0,172,565790333,1,160,20603000
1725562655661000,1674,3767993315,0,0,172,565790333,1,160,19519000
1725562675438000,1675,3767993475,0,0,172,565790333,1,160,19777000
1725562695524000,1676,3767993635,0,0,172,565790333,1,160,20086000
1725562715447000,1677,3767993795,0,0,172,565790333,1,160,19923000
1725562735524000,1678,3767993955,0,0,172,565790333,1,160,20077000
1725562755437000,1679,3767994115,0,0,172,565790333,1,160,19913000
1725562775469000,1680,3767994275,0,0,172,565790333,1,160,20032000
1725562795468000,1681,3767994435,0,0,172,565790333,1,160,19999000
1725562816071000,1682,3767994595,0,0,172,565790333,1,160,20603000
1725562835466000,1683,3767994755,0,0,172,565790333,1,160,19395000
1725562856076000,1684,3767994915,0,0,172,565790333,1,160,20610000
1725562876034000,1685,3767995075,0,0,172,565790333,1,160,19958000
1725562895355000,1686,3767995235,0,0,172,565790333,1,160,19321000
1725562918856000,1687,3767995395,0,0,172,565790333,1,160,23501000
1725562936088000,1688,3767995555,0,0,172,565790333,1,160,17232000
1725562955862000,1689,3767995715,0,0,172,565790333,1,160,19774000
1725562975953000,1690,3767995875,0,0,172,565790333,1,160,20091000
1725562995290000,1691,3767996035,0,0,172,565790333,1,160,19337000
1725563015289000,1692,3767996195,0,0,172,565790333,1,160,19999000
1725563035342000,1693,3767996355,0,0,172,565790333,1,160,20053000
1725563055363000,1694,3767996515,0,0,172,565790333,1,160,20021000
1725563075225000,1695,3767996675,0,0,172,565790333,1,160,19862000
1725563095330000,1696,3767996835,0,0,172,565790333,1,160,20105000
1725563115420000,1697,3767996995,0,0,172,565790333,1,160,20090000
1725563135433000,1698,3767997155,0,0,172,565790333,1,160,20013000
1725563155395000,1699,3767997315,0,0,172,565790333,1,160,19962000
1725563175297000,1700,3767997475,0,0,172,565790333,1,160,19902000
1725563195244000,1701,3767997635,0,0,172,565790333,1,160,19947000
1725563215430000,1702,3767997795,0,0,172,565790333,1,160,20186000
1725563235380000,1703,3767997955,0,0,172,565790333,1,160,19950000
1725563255129000,1704,3767998115,0,0,172,565790333,1,160,19749000
1725563275317000,1705,3767998275,0,0,172,565790333,1,160,20188000
1725563295415000,1706,3767998435,0,0,172,565790333,1,160,20098000
1725563315429000,1707,3767998595,0,0,172,565790333,1,160,20014000
1725563335500000,1708,3767998755,0,0,172,565790333,1,160,20071000
1725563355321000,1709,3767998915,0,0,172,565790333,1,160,19821000
1725563375358000,1710,3767999075,0,0,172,565790333,1,160,20037000
1725563396884000,1711,3767999235,0,0,172,565790333,1,160,21526000
1725563415322000,1712,3767999395,0,0,172,565790333,1,160,18438000
1725563435186000,1713,3767999555,0,0,172,565790333,1,160,19864000
1725563455257000,1714,3767999715,0,0,172,565790333,1,160,20071000
1725563475188000,1715,3767999875,0,0,172,565790333,1,160,19931000
1725563495469000,1716,3768000035,0,0,172,565790333,1,160,20281000
1725563515540000,1717,3768000195,0,0,172,565790333,1,160,20071000
1725563535486000,1718,3768000355,0,0,172,565790333,1,160,19946000
1725563560039000,1719,3768000515,0,0,172,565790333,1,160,24553000
1725563575393000,1720,3768000675,0,0,172,565790333,1,160,15354000
1725563595303000,1721,3768000835,0,0,172,565790333,1,160,19910000
1725563615454000,1722,3768000995,0,0,172,565790333,1,160,20151000
1725563635478000,1723,3768001155,0,0,172,565790333,1,160,20024000
1725563655416000,1724,3768001315,0,0,172,565790333,1,160,19938000
1725563675492000,1725,3768001475,0,0,172,565790333,1,160,20076000
1725563695173000,1726,3768001635,0,0,172,565790333,1,160,19681000
1725563715198000,1727,3768001795,0,0,172,565790333,1,160,20025000
1725563735199000,1728,3768001955,0,0,172,565790333,1,160,20001000
1725563755262000,1729,3768002115,0,0,172,565790333,1,160,20063000
1725563775322000,1730,3768002275,0,0,172,565790333,1,160,20060000
1725563795108000,1731,3768002435,0,0,172,565790333,1,160,19786000
1725563815554000,1732,3768002595,0,0,172,565790333,1,160,20446000
1725563835444000,1733,3768002755,0,0,172,565790333,1,160,19890000
1725563855207000,1734,3768002915,0,0,172,565790333,1,160,19763000
1725563875190000,1735,3768003075,0,0,172,565790333,1,160,19983000
1725563895229000,1736,3768003235,0,0,172,565790333,1,160,20039000
1725563915260000,1737,3768003395,0,0,172,565790333,1,160,20031000
1725563937246000,1738,3768003555,0,0,172,565790333,1,160,21986000
1725563956095000,1739,3768003715,0,0,172,565790333,1,160,18849000
1725563975305000,1740,3768003875,0,0,172,565790333,1,160,19210000
1725563995693000,1741,3768004035,0,0,172,565790333,1,160,20388000
1725564015352000,1742,3768004195,0,0,172,565790333,1,160,19659000
1725564035150000,1743,3768004355,0,0,172,565790333,1,160,19798000
1725564055162000,1744,3768004515,0,0,172,565790333,1,160,20012000
1725564075306000,1745,3768004675,0,0,172,565790333,1,160,20144000
1725564095190000,1746,3768004835,0,0,172,565790333,1,160,19884000
1725564115434000,1747,3768004995,0,0,172,565790333,1,160,20244000
1725564135477000,1748,3768005155,0,0,172,565790333,1,160,20043000
1725564155431000,1749,3768005315,0,0,172,565790333,1,160,19954000
1725564175256000,1750,3768005475,0,0,172,565790333,1,160,19825000
1725564195277000,1751,3768005635,0,0,172,565790333,1,160,20021000
1725564215284000,1752,3768005795,0,0,172,565790333,1,160,20007000
1725564235184000,1753,3768005955,0,0,172,565790333,1,160,19900000
1725564255441000,1754,3768006115,0,0,172,565790333,1,160,20257000
1725564275472000,1755,3768006275,0,0,172,565790333,1,160,20031000
1725564295364000,1756,3768006435,0,0,172,565790333,1,160,19892000
1725564315450000,1757,3768006595,0,0,172,565790333,1,160,20086000
1725564335259000,1758,3768006755,0,0,172,565790333,1,160,19809000
1725564355261000,1759,3768006915,0,0,172,565790333,1,160,20002000
1725564375276000,1760,3768007075,0,0,172,565790333,1,160,20015000
1725564395155000,1761,3768007235,0,0,172,565790333,1,160,19879000
1725564417030000,1762,3768007395,0,0,172,565790333,1,160,21875000
1725564436065000,1763,3768007555,0,0,172,565790333,1,160,19035000
1725564455390000,1764,3768007715,0,0,172,565790333,1,160,19325000
1725564475410000,1765,3768007875,0,0,172,565790333,1,160,20020000
1725564495525000,1766,3768008035,0,0,172,565790333,1,160,20115000
1725564515308000,1767,3768008195,0,0,172,565790333,1,160,19783000
1725564535145000,1768,3768008355,0,0,172,565790333,1,160,19837000
1725564559973000,1769,3768008515,0,0,172,565790333,1,160,24828000
1725564575385000,1770,3768008675,0,0,172,565790333,1,160,15412000
1725564595316000,1771,3768008835,0,0,172,565790333,1,160,19931000
1725564615586000,1772,3768008995,0,0,172,565790333,1,160,20270000
1725564635313000,1773,3768009155,0,0,172,565790333,1,160,19727000
1725564655336000,1774,3768009315,0,0,172,565790333,1,160,20023000
1725564675223000,1775,3768009475,0,0,172,565790333,1,160,19887000
1725564695059000,1776,3768009635,0,0,172,565790333,1,160,19836000
1725564715249000,1777,3768009795,0,0,172,565790333,1,160,20190000
1725564735583000,1778,3768009955,0,0,172,565790333,1,160,20334000
1725564755269000,1779,3768010115,0,0,172,565790333,1,160,19686000
1725564775320000,1780,3768010275,0,0,172,565790333,1,160,20051000
1725564795199000,1781,3768010435,0,0,172,565790333,1,160,19879000
1725564815467000,1782,3768010595,0,0,172,565790333,1,160,20268000
1725564835557000,1783,3768010755,0,0,172,565790333,1,160,20090000
1725564856372000,1784,3768010915,0,0,172,565790333,1,160,20815000
1725564875257000,1785,3768011075,0,0,172,565790333,1,160,18885000
1725564895284000,1786,3768011235,0,0,172,565790333,1,160,20027000
1725564915852000,1787,3768011395,0,0,172,565790333,1,160,20568000
1725564934861000,1788,3768011555,0,0,172,565790333,1,160,19009000
1725564955277000,1789,3768011715,0,0,172,565790333,1,160,20416000
1725564975203000,1790,3768011875,0,0,172,565790333,1,160,19926000
1725564995205000,1791,3768012035,0,0,172,565790333,1,160,20002000
1725565015209000,1792,3768012195,0,0,172,565790333,1,160,20004000
1725565035294000,1793,3768012355,0,0,172,565790333,1,160,20085000
1725565055870000,1794,3768012515,0,0,172,565790333,1,160,20576000
1725565075411000,1795,3768012675,0,0,172,565790333,1,160,19541000
1725565095733000,1796,3768012835,0,0,172,565790333,1,160,20322000
1725565115173000,1797,3768012995,0,0,172,565790333,1,160,19440000
1725565135128000,1798,3768013155,0,0,172,565790333,1,160,19955000
1725565155188000,1799,3768013315,0,0,172,565790333,1,160,20060000
1725565175205000,1800,3768013475,0,0,172,565790333,1,160,20017000
1725565195188000,1801,3768013635,0,0,172,565790333,1,160,19983000
1725565215245000,1802,3768013795,0,0,172,565790333,1,160,20057000
1725565235094000,1803,3768013955,0,0,172,565790333,1,160,19849000
1725565255108000,1804,3768014115,0,0,172,565790333,1,160,20014000
1725565275417000,1805,3768014275,0,0,172,565790333,1,160,20309000
1725565295308000,1806,3768014435,0,0,172,565790333,1,160,19891000
1725565315326000,1807,3768014595,0,0,172,565790333,1,160,20018000
1725565335230000,1808,3768014755,0,0,172,565790333,1,160,19904000
1725565355259000,1809,3768014915,0,0,172,565790333,1,160,20029000
1725565375375000,1810,3768015075,0,0,172,565790333,1,160,20116000
1725565395163000,1811,3768015235,0,0,172,565790333,1,160,19788000
1725565415146000,1812,3768015395,0,0,172,565790333,1,160,19983000
1725565435069000,1813,3768015555,0,0,172,565790333,1,160,19923000
1725565455230000,1814,3768015715,0,0,172,565790333,1,160,20161000
1725565475137000,1815,3768015875,0,0,172,565790333,1,160,19907000
1725565495227000,1816,3768016035,0,0,172,565790333,1,160,20090000
1725565515188000,1817,3768016195,0,0,172,565790333,1,160,19961000
1725565535342000,1818,3768016355,0,0,172,565790333,1,160,20154000
1725565560603000,1819,3768016515,0,0,172,565790333,1,160,25261000
1725565575287000,1820,3768016675,0,0,172,565790333,1,160,14684000
1725565595222000,1821,3768016835,0,0,172,565790333,1,160,19935000
1725565615195000,1822,3768016995,0,0,172,565790333,1,160,19973000
1725565635063000,1823,3768017155,0,0,172,565790333,1,160,19868000
1725565655171000,1824,3768017315,0,0,172,565790333,1,160,20108000
1725565675140000,1825,3768017475,0,0,172,565790333,1,160,19969000
1725565695424000,1826,3768017635,0,0,172,565790333,1,160,20284000
1725565715516000,1827,3768017795,0,0,172,565790333,1,160,20092000
1725565735343000,1828,3768017955,0,0,172,565790333,1,160,19827000
1725565755207000,1829,3768018115,0,0,172,565790333,1,160,19864000
1725565775095000,1830,3768018275,0,0,172,565790333,1,160,19888000
1725565795116000,1831,3768018435,0,0,172,565790333,1,160,20021000
1725565815816000,1832,3768018595,0,0,172,565790333,1,160,20700000
1725565835186000,1833,3768018755,0,0,172,565790333,1,160,19370000
1725565855133000,1834,3768018915,0,0,172,565790333,1,160,19947000
1725565875107000,1835,3768019075,0,0,172,565790333,1,160,19974000
1725565895169000,1836,3768019235,0,0,172,565790333,1,160,20062000
1725565915316000,1837,3768019395,0,0,172,565790333,1,160,20147000
1725565935195000,1838,3768019555,0,0,172,565790333,1,160,19879000
1725565955847000,1839,3768019715,0,0,172,565790333,1,160,20652000
1725565975290000,1840,3768019875,0,0,172,565790333,1,160,19443000
1725565998929000,1841,3768020035,0,0,172,565790333,1,160,23639000
1725566015392000,1842,3768020195,0,0,172,565790333,1,160,16463000
1725566035510000,1843,3768020355,0,0,172,565790333,1,160,20118000
1725566055385000,1844,3768020515,0,0,172,565790333,1,160,19875000
1725566075301000,1845,3768020675,0,0,172,565790333,1,160,19916000
1725566095357000,1846,3768020835,0,0,172,565790333,1,160,20056000
1725566115140000,1847,3768020995,0,0,172,565790333,1,160,19783000
1725566135352000,1848,3768021155,0,0,172,565790333,1,160,20212000
1725566155523000,1849,3768021315,0,0,172,565790333,1,160,20171000
1725566175539000,1850,3768021475,0,0,172,565790333,1,160,20016000
1725566195327000,1851,3768021635,0,0,172,565790333,1,160,19788000
1725566215442000,1852,3768021795,0,0,172,565790333,1,160,20115000
1725566235321000,1853,3768021955,0,0,172,565790333,1,160,19879000
1725566255322000,1854,3768022115,0,0,172,565790333,1,160,20001000
1725566275378000,1855,3768022275,0,0,172,565790333,1,160,20056000
1725566295390000,1856,3768022435,0,0,172,565790333,1,160,20012000
1725566316366000,1857,3768022595,0,0,172,565790333,1,160,20976000
1725566335214000,1858,3768022755,0,0,172,565790333,1,160,18848000
1725566355230000,1859,3768022915,0,0,172,565790333,1,160,20016000
1725566375510000,1860,3768023075,0,0,172,565790333,1,160,20280000
1725566395559000,1861,3768023235,0,0,172,565790333,1,160,20049000
1725566415312000,1862,3768023395,0,0,172,565790333,1,160,19753000
1725566435233000,1863,3768023555,0,0,172,565790333,1,160,19921000
1725566455134000,1864,3768023715,0,0,172,565790333,1,160,19901000
1725566475198000,1865,3768023875,0,0,172,565790333,1,160,20064000
1725566495248000,1866,3768024035,0,0,172,565790333,1,160,20050000
1725566515326000,1867,3768024195,0,0,172,565790333,1,160,20078000
1725566535233000,1868,3768024355,0,0,172,565790333,1,160,19907000
1725566560255000,1869,3768024515,0,0,172,565790333,1,160,25022000
1725566575415000,1870,3768024675,0,0,172,565790333,1,160,15160000
1725566595476000,1871,3768024835,0,0,172,565790333,1,160,20061000
1725566615367000,1872,3768024995,0,0,172,565790333,1,160,19891000
1725566635305000,1873,3768025155,0,0,172,565790333,1,160,19938000
1725566655280000,1874,3768025315,0,0,172,565790333,1,160,19975000
1725566675316000,1875,3768025475,0,0,172,565790333,1,160,20036000
1725566695401000,1876,3768025635,0,0,172,565790333,1,160,20085000
1725566715424000,1877,3768025795,0,0,172,565790333,1,160,20023000
1725566735281000,1878,3768025955,0,0,172,565790333,1,160,19857000
1725566755182000,1879,3768026115,0,0,172,565790333,1,160,19901000
1725566775356000,1880,3768026275,0,0,172,565790333,1,160,20174000
1725566795325000,1881,3768026435,0,0,172,565790333,1,160,19969000
1725566815382000,1882,3768026595,0,0,172,565790333,1,160,20057000
1725566835688000,1883,3768026755,0,0,172,565790333,1,160,20306000
1725566855206000,1884,3768026915,0,0,172,565790333,1,160,19518000
1725566875580000,1885,3768027075,0,0,172,565790333,1,160,20374000
1725566895347000,1886,3768027235,0,0,172,565790333,1,160,19767000
1725566915265000,1887,3768027395,0,0,172,565790333,1,160,19918000
1725566935298000,1888,3768027555,0,0,172,565790333,1,160,20033000
1725566955277000,1889,3768027715,0,0,172,565790333,1,160,19979000
1725566975348000,1890,3768027875,0,0,172,565790333,1,160,20071000
1725566996161000,1891,3768028035,0,0,172,565790333,1,160,20813000
1725567015436000,1892,3768028195,0,0,172,565790333,1,160,19275000
1725567035439000,1893,3768028355,0,0,172,565790333,1,160,20003000
1725567055075000,1894,3768028515,0,0,172,565790333,1,160,19636000
1725567075269000,1895,3768028675,0,0,172,565790333,1,160,20194000
1725567095356000,1896,3768028835,0,0,172,565790333,1,160,20087000
1725567115145000,1897,3768028995,0,0,172,565790333,1,160,19789000
1725567135234000,1898,3768029155,0,0,172,565790333,1,160,20089000
1725567155807000,1899,3768029315,0,0,172,565790333,1,160,20573000
1725567175305000,1900,3768029475,0,0,172,565790333,1,160,19498000
1725567195246000,1901,3768029635,0,0,172,565790333,1,160,19941000
1725567215889000,1902,3768029795,0,0,172,565790333,1,160,20643000
1725567235321000,1903,3768029955,0,0,172,565790333,1,160,19432000
1725567255092000,1904,3768030115,0,0,172,565790333,1,160,19771000
1725567276360000,1905,3768030275,0,0,172,565790333,1,160,21268000
1725567295061000,1906,3768030435,0,0,172,565790333,1,160,18701000
1725567315296000,1907,3768030595,0,0,172,565790333,1,160,20235000
1725567335106000,1908,3768030755,0,0,172,565790333,1,160,19810000
1725567355086000,1909,3768030915,0,0,172,565790333,1,160,19980000
1725567375271000,1910,3768031075,0,0,172,565790333,1,160,20185000
1725567395336000,1911,3768031235,0,0,172,565790333,1,160,20065000
1725567418095000,1912,3768031395,0,0,172,565790333,1,160,22759000
1725567435278000,1913,3768031555,0,0,172,565790333,1,160,17183000
1725567455411000,1914,3768031715,0,0,172,565790333,1,160,20133000
1725567475241000,1915,3768031875,0,0,172,565790333,1,160,19830000
1725567495393000,1916,3768032035,0,0,172,565790333,1,160,20152000
1725567515258000,1917,3768032195,0,0,172,565790333,1,160,19865000
1725567535494000,1918,3768032355,0,0,172,565790333,1,160,20236000
1725567560191000,1919,3768032515,0,0,172,565790333,1,160,24697000
1725567575146000,1920,3768032675,0,0,172,565790333,1,160,14955000
1725567595447000,1921,3768032835,0,0,172,565790333,1,160,20301000
1725567615386000,1922,3768032995,0,0,172,565790333,1,160,19939000
1725567635267000,1923,3768033155,0,0,172,565790333,1,160,19881000
1725567655092000,1924,3768033315,0,0,172,565790333,1,160,19825000
1725567675005000,1925,3768033475,0,0,172,565790333,1,160,19913000
1725567695192000,1926,3768033635,0,0,172,565790333,1,160,20187000
1725567715336000,1927,3768033795,0,0,172,565790333,1,160,20144000
1725567735512000,1928,3768033955,0,0,172,565790333,1,160,20176000
1725567755277000,1929,3768034115,0,0,172,565790333,1,160,19765000
1725567775289000,1930,3768034275,0,0,172,565790333,1,160,20012000
1725567795252000,1931,3768034435,0,0,172,565790333,1,160,19963000
1725567815241000,1932,3768034595,0,0,172,565790333,1,160,19989000
1725567835187000,1933,3768034755,0,0,172,565790333,1,160,19946000
1725567855072000,1934,3768034915,0,0,172,565790333,1,160,19885000
1725567875200000,1935,3768035075,0,0,172,565790333,1,160,20128000
1725567895195000,1936,3768035235,0,0,172,565790333,1,160,19995000
1725567915351000,1937,3768035395,0,0,172,565790333,1,160,20156000
1725567935373000,1938,3768035555,0,0,172,565790333,1,160,20022000
1725567955061000,1939,3768035715,0,0,172,565790333,1,160,19688000
1725567975358000,1940,3768035875,0,0,172,565790333,1,160,20297000
1725567995404000,1941,3768036035,0,0,172,565790333,1,160,20046000
1725568015226000,1942,3768036195,0,0,172,565790333,1,160,19822000
1725568035327000,1943,3768036355,0,0,172,565790333,1,160,20101000
1725568055336000,1944,3768036515,0,0,172,565790333,1,160,20009000
1725568075314000,1945,3768036675,0,0,172,565790333,1,160,19978000
1725568095171000,1946,3768036835,0,0,172,565790333,1,160,19857000
1725568115315000,1947,3768036995,0,0,172,565790333,1,160,20144000
1725568138061000,1948,3768037155,0,0,172,565790333,1,160,22746000
1725568155138000,1949,3768037315,0,0,172,565790333,1,160,17077000
1725568176880000,1950,3768037475,0,0,172,565790333,1,160,21742000
1725568195153000,1951,3768037635,0,0,172,565790333,1,160,18273000
1725568215303000,1952,3768037795,0,0,172,565790333,1,160,20150000
1725568235373000,1953,3768037955,0,0,172,565790333,1,160,20070000
1725568255086000,1954,3768038115,0,0,172,565790333,1,160,19713000
1725568275259000,1955,3768038275,0,0,172,565790333,1,160,20173000
1725568295487000,1956,3768038435,0,0,172,565790333,1,160,20228000
1725568315154000,1957,3768038595,0,0,172,565790333,1,160,19667000
1725568335221000,1958,3768038755,0,0,172,565790333,1,160,20067000
1725568355110000,1959,3768038915,0,0,172,565790333,1,160,19889000
1725568375171000,1960,3768039075,0,0,172,565790333,1,160,20061000
1725568395194000,1961,3768039235,0,0,172,565790333,1,160,20023000
1725568415135000,1962,3768039395,0,0,172,565790333,1,160,19941000
1725568435161000,1963,3768039555,0,0,172,565790333,1,160,20026000
1725568455099000,1964,3768039715,0,0,172,565790333,1,160,19938000
1725568475601000,1965,3768039875,0,0,172,565790333,1,160,20502000
1725568495208000,1966,3768040035,0,0,172,565790333,1,160,19607000
1725568515706000,1967,3768040195,0,0,172,565790333,1,160,20498000
1725568535109000,1968,3768040355,0,0,172,565790333,1,160,19403000
1725568559919000,1969,3768040515,0,0,172,565790333,1,160,24810000
1725568574822000,1970,3768040675,0,0,172,565790333,1,160,14903000
1725568595259000,1971,3768040835,0,0,172,565790333,1,160,20437000
1725568615041000,1972,3768040995,0,0,172,565790333,1,160,19782000
1725568635244000,1973,3768041155,0,0,172,565790333,1,160,20203000
1725568655434000,1974,3768041315,0,0,172,565790333,1,160,20190000
1725568675522000,1975,3768041475,0,0,172,565790333,1,160,20088000
1725568695297000,1976,3768041635,0,0,172,565790333,1,160,19775000
1725568715181000,1977,3768041795,0,0,172,565790333,1,160,19884000
1725568735080000,1978,3768041955,0,0,172,565790333,1,160,19899000
1725568754761000,1979,3768042115,0,0,172,565790333,1,160,19681000
1725568775785000,1980,3768042275,0,0,172,565790333,1,160,21024000
1725568795184000,1981,3768042435,0,0,172,565790333,1,160,19399000
1725568815233000,1982,3768042595,0,0,172,565790333,1,160,20049000
1725568835215000,1983,3768042755,0,0,172,565790333,1,160,19982000
1725568854901000,1984,3768042915,0,0,172,565790333,1,160,19686000
1725568875099000,1985,3768043075,0,0,172,565790333,1,160,20198000
1725568895151000,1986,3768043235,0,0,172,565790333,1,160,20052000
1725568915254000,1987,3768043395,0,0,172,565790333,1,160,20103000
1725568935447000,1988,3768043555,0,0,172,565790333,1,160,20193000
1725568954989000,1989,3768043715,0,0,172,565790333,1,160,19542000
1725568975685000,1990,3768043875,0,0,172,565790333,1,160,20696000
1725568995171000,1991,3768044035,0,0,172,565790333,1,160,19486000
1725569015177000,1992,3768044195,0,0,172,565790333,1,160,20006000
1725569035147000,1993,3768044355,0,0,172,565790333,1,160,19970000
1725569055058000,1994,3768044515,0,0,172,565790333,1,160,19911000
1725569077244000,1995,3768044675,0,0,172,565790333,1,160,22186000
1725569095100000,1996,3768044835,0,0,172,565790333,1,160,17856000
1725569115194000,1997,3768044995,0,0,172,565790333,1,160,20094000
1725569135250000,1998,3768045155,0,0,172,565790333,1,160,20056000
1725569155190000,1999,3768045315,0,0,172,565790333,1,160,19940000
1725569175275000,2000,3768045475,0,0,172,565790333,1,160,20085000
1725569195147000,2001,3768045635,0,0,172,565790333,1,160,19872000
1725569215040000,2002,3768045795,0,0,172,565790333,1,160,19893000
1725569235156000,2003,3768045955,0,0,172,565790333,1,160,20116000
1725569255122000,2004,3768046115,0,0,172,565790333,1,160,19966000
1725569275212000,2005,3768046275,0,0,172,565790333,1,160,20090000
1725569298774000,2006,3768046435,0,0,172,565790333,1,160,23562000
1725569315128000,2007,3768046595,0,0,172,565790333,1,160,16354000
1725569335194000,2008,3768046755,0,0,172,565790333,1,160,20066000
1725569355168000,2009,3768046915,0,0,172,565790333,1,160,19974000
1725569375066000,2010,3768047075,0,0,172,565790333,1,160,19898000
1725569395065000,2011,3768047235,0,0,172,565790333,1,160,19999000
1725569415248000,2012,3768047395,0,0,172,565790333,1,160,20183000
1725569435162000,2013,3768047555,0,0,172,565790333,1,160,19914000
1725569455629000,2014,3768047715,0,0,172,565790333,1,160,20467000
1725569475077000,2015,3768047875,0,0,172,565790333,1,160,19448000
1725569495302000,2016,3768048035,0,0,172,565790333,1,160,20225000
1725569515084000,2017,3768048195,0,0,172,565790333,1,160,19782000
1725569535070000,2018,3768048355,0,0,172,565790333,1,160,19986000
1725569559749000,2019,3768048515,0,0,172,565790333,1,160,24679000
1725569575196000,2020,3768048675,0,0,172,565790333,1,160,15447000
1725569595378000,2021,3768048835,0,0,172,565790333,1,160,20182000
1725569614809000,2022,3768048995,0,0,172,565790333,1,160,19431000
1725569635627000,2023,3768049155,0,0,172,565790333,1,160,20818000
1725569654888000,2024,3768049315,0,0,172,565790333,1,160,19261000
1725569675207000,2025,3768049475,0,0,172,565790333,1,160,20319000
1725569695071000,2026,3768049635,0,0,172,565790333,1,160,19864000
1725569715200000,2027,3768049795,0,0,172,565790333,1,160,20129000
1725569735193000,2028,3768049955,0,0,172,565790333,1,160,19993000
1725569755166000,2029,3768050115,0,0,172,565790333,1,160,19973000
1725569782133000,2030,3768050275,0,0,172,565790333,1,160,26967000
1725569795256000,2031,3768050435,0,0,172,565790333,1,160,13123000
1725569815630000,2032,3768050595,0,0,172,565790333,1,160,20374000
1725569835204000,2033,3768050755,0,0,172,565790333,1,160,19574000
1725569855635000,2034,3768050915,0,0,172,565790333,1,160,20431000
1725569875117000,2035,3768051075,0,0,172,565790333,1,160,19482000
1725569895152000,2036,3768051235,0,0,172,565790333,1,160,20035000
1725569915133000,2037,3768051395,0,0,172,565790333,1,160,19981000
1725569935044000,2038,3768051555,0,0,172,565790333,1,160,19911000
1725569956206000,2039,3768051715,0,0,172,565790333,1,160,21162000
1725569975203000,2040,3768051875,0,0,172,565790333,1,160,18997000
1725569995225000,2041,3768052035,0,0,172,565790333,1,160,20022000
1725570015093000,2042,3768052195,0,0,172,565790333,1,160,19868000
1725570035213000,2043,3768052355,0,0,172,565790333,1,160,20120000
1725570055111000,2044,3768052515,0,0,172,565790333,1,160,19898000
1725570074978000,2045,3768052675,0,0,172,565790333,1,160,19867000
1725570095193000,2046,3768052835,0,0,172,565790333,1,160,20215000
1725570115036000,2047,3768052995,0,0,172,565790333,1,160,19843000
1725570135149000,2048,3768053155,0,0,172,565790333,1,160,20113000
1725570154951000,2049,3768053315,0,0,172,565790333,1,160,19802000
1725570175221000,2050,3768053475,0,0,172,565790333,1,160,20270000
1725570195140000,2051,3768053635,0,0,172,565790333,1,160,19919000
1725570215156000,2052,3768053795,0,0,172,565790333,1,160,20016000
1725570235111000,2053,3768053955,0,0,172,565790333,1,160,19955000
1725570254917000,2054,3768054115,0,0,172,565790333,1,160,19806000
1725570275165000,2055,3768054275,0,0,172,565790333,1,160,20248000
1725570295358000,2056,3768054435,0,0,172,565790333,1,160,20193000
1725570315025000,2057,3768054595,0,0,172,565790333,1,160,19667000
1725570335615000,2058,3768054755,0,0,172,565790333,1,160,20590000
1725570355272000,2059,3768054915,0,0,172,565790333,1,160,19657000
1725570375252000,2060,3768055075,0,0,172,565790333,1,160,19980000
1725570395106000,2061,3768055235,0,0,172,565790333,1,160,19854000
1725570415090000,2062,3768055395,0,0,172,565790333,1,160,19984000
1725570435045000,2063,3768055555,0,0,172,565790333,1,160,19955000
1725570454934000,2064,3768055715,0,0,172,565790333,1,160,19889000
1725570475075000,2065,3768055875,0,0,172,565790333,1,160,20141000
1725570495118000,2066,3768056035,0,0,172,565790333,1,160,20043000
1725570515206000,2067,3768056195,0,0,172,565790333,1,160,20088000
1725570535147000,2068,3768056355,0,0,172,565790333,1,160,19941000
1725570559840000,2069,3768056515,0,0,172,565790333,1,160,24693000
1725570575166000,2070,3768056675,0,0,172,565790333,1,160,15326000
1725570595179000,2071,3768056835,0,0,172,565790333,1,160,20013000
1725570615399000,2072,3768056995,0,0,172,565790333,1,160,20220000
1725570635247000,2073,3768057155,0,0,172,565790333,1,160,19848000
1725570655105000,2074,3768057315,0,0,172,565790333,1,160,19858000
1725570675208000,2075,3768057475,0,0,172,565790333,1,160,20103000
1725570695296000,2076,3768057635,0,0,172,565790333,1,160,20088000
1725570715193000,2077,3768057795,0,0,172,565790333,1,160,19897000
1725570735732000,2078,3768057955,0,0,172,565790333,1,160,20539000
1725570754965000,2079,3768058115,0,0,172,565790333,1,160,19233000
1725570775235000,2080,3768058275,0,0,172,565790333,1,160,20270000
1725570795092000,2081,3768058435,0,0,172,565790333,1,160,19857000
1725570815185000,2082,3768058595,0,0,172,565790333,1,160,20093000
1725570835284000,2083,3768058755,0,0,172,565790333,1,160,20099000
1725570855379000,2084,3768058915,0,0,172,565790333,1,160,20095000
1725570875128000,2085,3768059075,0,0,172,565790333,1,160,19749000
1725570895152000,2086,3768059235,0,0,172,565790333,1,160,20024000
1725570915077000,2087,3768059395,0,0,172,565790333,1,160,19925000
1725570935141000,2088,3768059555,0,0,172,565790333,1,160,20064000
1725570955057000,2089,3768059715,0,0,172,565790333,1,160,19916000
1725570975195000,2090,3768059875,0,0,172,565790333,1,160,20138000
1725570995104000,2091,3768060035,0,0,172,565790333,1,160,19909000
1725571015037000,2092,3768060195,0,0,172,565790333,1,160,19933000
1725571035155000,2093,3768060355,0,0,172,565790333,1,160,20118000
1725571055654000,2094,3768060515,0,0,172,565790333,1,160,20499000
1725571074991000,2095,3768060675,0,0,172,565790333,1,160,19337000
1725571096392000,2096,3768060835,0,0,172,565790333,1,160,21401000
1725571115092000,2097,3768060995,0,0,172,565790333,1,160,18700000
1725571135057000,2098,3768061155,0,0,172,565790333,1,160,19965000
1725571155356000,2099,3768061315,0,0,172,565790333,1,160,20299000
1725571175968000,2100,3768061475,0,0,172,565790333,1,160,20612000
1725571195035000,2101,3768061635,0,0,172,565790333,1,160,19067000
1725571215647000,2102,3768061795,0,0,172,565790333,1,160,20612000
1725571234994000,2103,3768061955,0,0,172,565790333,1,160,19347000
1725571255006000,2104,3768062115,0,0,172,565790333,1,160,20012000
1725571275039000,2105,3768062275,0,0,172,565790333,1,160,20033000
1725571295554000,2106,3768062435,0,0,172,565790333,1,160,20515000
1725571316654000,2107,3768062595,0,0,172,565790333,1,160,21100000
1725571335738000,2108,3768062755,0,0,172,565790333,1,160,19084000
1725571355729000,2109,3768062915,0,0,172,565790333,1,160,19991000
1725571379325000,2110,3768063075,0,0,172,565790333,1,160,23596000
1725571398700000,2111,3768063235,0,0,172,565790333,1,160,19375000
1725571415118000,2112,3768063395,0,0,172,565790333,1,160,16418000
1725571435057000,2113,3768063555,0,0,172,565790333,1,160,19939000
1725571455018000,2114,3768063715,0,0,172,565790333,1,160,19961000
1725571475105000,2115,3768063875,0,0,172,565790333,1,160,20087000
1725571495137000,2116,3768064035,0,0,172,565790333,1,160,20032000
1725571515217000,2117,3768064195,0,0,172,565790333,1,160,20080000
1725571535096000,2118,3768064355,0,0,172,565790333,1,160,19879000
1725571559626000,2119,3768064515,0,0,172,565790333,1,160,24530000
1725571575205000,2120,3768064675,0,0,172,565790333,1,160,15579000
1725571595048000,2121,3768064835,0,0,172,565790333,1,160,19843000
1725571615174000,2122,3768064995,0,0,172,565790333,1,160,20126000
1725571634807000,2123,3768065155,0,0,172,565790333,1,160,19633000
1725571655236000,2124,3768065315,0,0,172,565790333,1,160,20429000
1725571675168000,2125,3768065475,0,0,172,565790333,1,160,19932000
1725571695030000,2126,3768065635,0,0,172,565790333,1,160,19862000
1725571715470000,2127,3768065795,0,0,172,565790333,1,160,20440000
1725571735050000,2128,3768065955,0,0,172,565790333,1,160,19580000
1725571755125000,2129,3768066115,0,0,172,565790333,1,160,20075000
1725571775840000,2130,3768066275,0,0,172,565790333,1,160,20715000
1725571795045000,2131,3768066435,0,0,172,565790333,1,160,19205000
1725571815173000,2132,3768066595,0,0,172,565790333,1,160,20128000
1725571835133000,2133,3768066755,0,0,172,565790333,1,160,19960000
1725571855236000,2134,3768066915,0,0,172,565790333,1,160,20103000
1725571874705000,2135,3768067075,0,0,172,565790333,1,160,19469000
1725571895066000,2136,3768067235,0,0,172,565790333,1,160,20361000
1725571915259000,2137,3768067395,0,0,172,565790333,1,160,20193000
1725571935008000,2138,3768067555,0,0,172,565790333,1,160,19749000
1725571955223000,2139,3768067715,0,0,172,565790333,1,160,20215000
1725571974998000,2140,3768067875,0,0,172,565790333,1,160,19775000
1725571994957000,2141,3768068035,0,0,172,565790333,1,160,19959000
1725572015053000,2142,3768068195,0,0,172,565790333,1,160,20096000
1725572034933000,2143,3768068355,0,0,172,565790333,1,160,19880000
1725572055093000,2144,3768068515,0,0,172,565790333,1,160,20160000
1725572074831000,2145,3768068675,0,0,172,565790333,1,160,19738000
1725572094930000,2146,3768068835,0,0,172,565790333,1,160,20099000
1725572114885000,2147,3768068995,0,0,172,565790333,1,160,19955000
1725572135311000,2148,3768069155,0,0,172,565790333,1,160,20426000
1725572154852000,2149,3768069315,0,0,172,565790333,1,160,19541000
1725572174918000,2150,3768069475,0,0,172,565790333,1,160,20066000
1725572198006000,2151,3768069635,0,0,172,565790333,1,160,23088000
1725572214927000,2152,3768069795,0,0,172,565790333,1,160,16921000
1725572234955000,2153,3768069955,0,0,172,565790333,1,160,20028000
1725572254932000,2154,3768070115,0,0,172,565790333,1,160,19977000
1725572275075000,2155,3768070275,0,0,172,565790333,1,160,20143000
1725572295664000,2156,3768070435,0,0,172,565790333,1,160,20589000
1725572314923000,2157,3768070595,0,0,172,565790333,1,160,19259000
1725572334984000,2158,3768070755,0,0,172,565790333,1,160,20061000
1725572354835000,2159,3768070915,0,0,172,565790333,1,160,19851000
1725572374857000,2160,3768071075,0,0,172,565790333,1,160,20022000
1725572394851000,2161,3768071235,0,0,172,565790333,1,160,19994000
1725572414789000,2162,3768071395,0,0,172,565790333,1,160,19938000
1725572434795000,2163,3768071555,0,0,172,565790333,1,160,20006000
1725572454755000,2164,3768071715,0,0,172,565790333,1,160,19960000
1725572475311000,2165,3768071875,0,0,172,565790333,1,160,20556000
1725572494806000,2166,3768072035,0,0,172,565790333,1,160,19495000
1725572514975000,2167,3768072195,0,0,172,565790333,1,160,20169000
1725572537764000,2168,3768072355,0,0,172,565790333,1,160,22789000
1725572559482000,2169,3768072515,0,0,172,565790333,1,160,21718000
1725572574894000,2170,3768072675,0,0,172,565790333,1,160,15412000
1725572594909000,2171,3768072835,0,0,172,565790333,1,160,20015000
1725572614974000,2172,3768072995,0,0,172,565790333,1,160,20065000
1725572634974000,2173,3768073155,0,0,172,565790333,1,160,20000000
1725572655121000,2174,3768073315,0,0,172,565790333,1,160,20147000
1725572675034000,2175,3768073475,0,0,172,565790333,1,160,19913000
1725572694998000,2176,3768073635,0,0,172,565790333,1,160,19964000
1725572715004000,2177,3768073795,0,0,172,565790333,1,160,20006000
1725572734982000,2178,3768073955,0,0,172,565790333,1,160,19978000
1725572754951000,2179,3768074115,0,0,172,565790333,1,160,19969000
1725572775304000,2180,3768074275,0,0,172,565790333,1,160,20353000
1725572794924000,2181,3768074435,0,0,172,565790333,1,160,19620000
1725572815187000,2182,3768074595,0,0,172,565790333,1,160,20263000
1725572835019000,2183,3768074755,0,0,172,565790333,1,160,19832000
1725572854888000,2184,3768074915,0,0,172,565790333,1,160,19869000
1725572874980000,2185,3768075075,0,0,172,565790333,1,160,20092000
1725572895126000,2186,3768075235,0,0,172,565790333,1,160,20146000
1725572915068000,2187,3768075395,0,0,172,565790333,1,160,19942000
1725572934885000,2188,3768075555,0,0,172,565790333,1,160,19817000
1725572955017000,2189,3768075715,0,0,172,565790333,1,160,20132000
1725572975100000,2190,3768075875,0,0,172,565790333,1,160,20083000
1725572994702000,2191,3768076035,0,0,172,565790333,1,160,19602000
1725573015043000,2192,3768076195,0,0,172,565790333,1,160,20341000
1725573035167000,2193,3768076355,0,0,172,565790333,1,160,20124000
1725573054942000,2194,3768076515,0,0,172,565790333,1,160,19775000
1725573075036000,2195,3768076675,0,0,172,565790333,1,160,20094000
1725573095002000,2196,3768076835,0,0,172,565790333,1,160,19966000
1725573114968000,2197,3768076995,0,0,172,565790333,1,160,19966000
1725573134740000,2198,3768077155,0,0,172,565790333,1,160,19772000
1725573154935000,2199,3768077315,0,0,172,565790333,1,160,20195000
1725573175475000,2200,3768077475,0,0,172,565790333,1,160,20540000
1725573195051000,2201,3768077635,0,0,172,565790333,1,160,19576000
1725573214934000,2202,3768077795,0,0,172,565790333,1,160,19883000
1725573235027000,2203,3768077955,0,0,172,565790333,1,160,20093000
1725573255087000,2204,3768078115,0,0,172,565790333,1,160,20060000
1725573275003000,2205,3768078275,0,0,172,565790333,1,160,19916000
1725573295008000,2206,3768078435,0,0,172,565790333,1,160,20005000
1725573315009000,2207,3768078595,0,0,172,565790333,1,160,20001000
1725573334759000,2208,3768078755,0,0,172,565790333,1,160,19750000
1725573354953000,2209,3768078915,0,0,172,565790333,1,160,20194000
1725573374946000,2210,3768079075,0,0,172,565790333,1,160,19993000
1725573394977000,2211,3768079235,0,0,172,565790333,1,160,20031000
1725573415052000,2212,3768079395,0,0,172,565790333,1,160,20075000
1725573435041000,2213,3768079555,0,0,172,565790333,1,160,19989000
1725573454943000,2214,3768079715,0,0,172,565790333,1,160,19902000
1725573475428000,2215,3768079875,0,0,172,565790333,1,160,20485000
1725573494829000,2216,3768080035,0,0,172,565790333,1,160,19401000
1725573515022000,2217,3768080195,0,0,172,565790333,1,160,20193000
1725573534921000,2218,3768080355,0,0,172,565790333,1,160,19899000
1725573561735000,2219,3768080515,0,0,172,565790333,1,160,26814000
1725573575098000,2220,3768080675,0,0,172,565790333,1,160,13363000
1725573595218000,2221,3768080835,0,0,172,565790333,1,160,20120000
1725573614954000,2222,3768080995,0,0,172,565790333,1,160,19736000
1725573635037000,2223,3768081155,0,0,172,565790333,1,160,20083000
1725573655092000,2224,3768081315,0,0,172,565790333,1,160,20055000
1725573675780000,2225,3768081475,0,0,172,565790333,1,160,20688000
1725573695095000,2226,3768081635,0,0,172,565790333,1,160,19315000
1725573714957000,2227,3768081795,0,0,172,565790333,1,160,19862000
1725573735007000,2228,3768081955,0,0,172,565790333,1,160,20050000
1725573754895000,2229,3768082115,0,0,172,565790333,1,160,19888000
1725573775058000,2230,3768082275,0,0,172,565790333,1,160,20163000
1725573794905000,2231,3768082435,0,0,172,565790333,1,160,19847000
1725573815028000,2232,3768082595,0,0,172,565790333,1,160,20123000
1725573835019000,2233,3768082755,0,0,172,565790333,1,160,19991000
1725573854970000,2234,3768082915,0,0,172,565790333,1,160,19951000
1725573875468000,2235,3768083075,0,0,172,565790333,1,160,20498000
1725573894909000,2236,3768083235,0,0,172,565790333,1,160,19441000
1725573914886000,2237,3768083395,0,0,172,565790333,1,160,19977000
1725573935097000,2238,3768083555,0,0,172,565790333,1,160,20211000
1725573955184000,2239,3768083715,0,0,172,565790333,1,160,20087000
1725573975178000,2240,3768083875,0,0,172,565790333,1,160,19994000
1725573995161000,2241,3768084035,0,0,172,565790333,1,160,19983000
1725574015086000,2242,3768084195,0,0,172,565790333,1,160,19925000
1725574034954000,2243,3768084355,0,0,172,565790333,1,160,19868000
1725574055365000,2244,3768084515,0,0,172,565790333,1,160,20411000
1725574074906000,2245,3768084675,0,0,172,565790333,1,160,19541000
1725574094900000,2246,3768084835,0,0,172,565790333,1,160,19994000
1725574115015000,2247,3768084995,0,0,172,565790333,1,160,20115000
1725574135407000,2248,3768085155,0,0,172,565790333,1,160,20392000
1725574154944000,2249,3768085315,0,0,172,565790333,1,160,19537000
1725574174942000,2250,3768085475,0,0,172,565790333,1,160,19998000
1725574194932000,2251,3768085635,0,0,172,565790333,1,160,19990000
1725574214995000,2252,3768085795,0,0,172,565790333,1,160,20063000
1725574235711000,2253,3768085955,0,0,172,565790333,1,160,20716000
1725574254888000,2254,3768086115,0,0,172,565790333,1,160,19177000
1725574274909000,2255,3768086275,0,0,172,565790333,1,160,20021000
1725574294982000,2256,3768086435,0,0,172,565790333,1,160,20073000
1725574314988000,2257,3768086595,0,0,172,565790333,1,160,20006000
1725574334906000,2258,3768086755,0,0,172,565790333,1,160,19918000
1725574354889000,2259,3768086915,0,0,172,565790333,1,160,19983000
1725574375206000,2260,3768087075,0,0,172,565790333,1,160,20317000
1725574395027000,2261,3768087235,0,0,172,565790333,1,160,19821000
1725574414872000,2262,3768087395,0,0,172,565790333,1,160,19845000
1725574434779000,2263,3768087555,0,0,172,565790333,1,160,19907000
1725574454843000,2264,3768087715,0,0,172,565790333,1,160,20064000
1725574477185000,2265,3768087875,0,0,172,565790333,1,160,22342000
1725574494970000,2266,3768088035,0,0,172,565790333,1,160,17785000
1725574514967000,2267,3768088195,0,0,172,565790333,1,160,19997000
1725574535095000,2268,3768088355,0,0,172,565790333,1,160,20128000
1725574560034000,2269,3768088515,0,0,172,565790333,1,160,24939000
1725574575130000,2270,3768088675,0,0,172,565790333,1,160,15096000
1725574595155000,2271,3768088835,0,0,172,565790333,1,160,20025000
1725574614617000,2272,3768088995,0,0,172,565790333,1,160,19462000
1725574634843000,2273,3768089155,0,0,172,565790333,1,160,20226000
1725574655010000,2274,3768089315,0,0,172,565790333,1,160,20167000
1725574674984000,2275,3768089475,0,0,172,565790333,1,160,19974000
1725574695102000,2276,3768089635,0,0,172,565790333,1,160,20118000
1725574714951000,2277,3768089795,0,0,172,565790333,1,160,19849000
1725574734700000,2278,3768089955,0,0,172,565790333,1,160,19749000
1725574754972000,2279,3768090115,0,0,172,565790333,1,160,20272000
1725574774913000,2280,3768090275,0,0,172,565790333,1,160,19941000
1725574795033000,2281,3768090435,0,0,172,565790333,1,160,20120000
1725574814948000,2282,3768090595,0,0,172,565790333,1,160,19915000
1725574834957000,2283,3768090755,0,0,172,565790333,1,160,20009000
1725574854808000,2284,3768090915,0,0,172,565790333,1,160,19851000
1725574874948000,2285,3768091075,0,0,172,565790333,1,160,20140000
1725574894821000,2286,3768091235,0,0,172,565790333,1,160,19873000
1725574914940000,2287,3768091395,0,0,172,565790333,1,160,20119000
1725574934818000,2288,3768091555,0,0,172,565790333,1,160,19878000
1725574954987000,2289,3768091715,0,0,172,565790333,1,160,20169000
1725574975731000,2290,3768091875,0,0,172,565790333,1,160,20744000
1725574994930000,2291,3768092035,0,0,172,565790333,1,160,19199000
1725575015027000,2292,3768092195,0,0,172,565790333,1,160,20097000
1725575034879000,2293,3768092355,0,0,172,565790333,1,160,19852000
1725575054812000,2294,3768092515,0,0,172,565790333,1,160,19933000
1725575074978000,2295,3768092675,0,0,172,565790333,1,160,20166000
1725575094721000,2296,3768092835,0,0,172,565790333,1,160,19743000
1725575114959000,2297,3768092995,0,0,172,565790333,1,160,20238000
1725575134885000,2298,3768093155,0,0,172,565790333,1,160,19926000
1725575154776000,2299,3768093315,0,0,172,565790333,1,160,19891000
1725575174946000,2300,3768093475,0,0,172,565790333,1,160,20170000
1725575195003000,2301,3768093635,0,0,172,565790333,1,160,20057000
1725575214896000,2302,3768093795,0,0,172,565790333,1,160,19893000
1725575234847000,2303,3768093955,0,0,172,565790333,1,160,19951000
1725575255020000,2304,3768094115,0,0,172,565790333,1,160,20173000
1725575274660000,2305,3768094275,0,0,172,565790333,1,160,19640000
1725575295008000,2306,3768094435,0,0,172,565790333,1,160,20348000
1725575314924000,2307,3768094595,0,0,172,565790333,1,160,19916000
1725575334774000,2308,3768094755,0,0,172,565790333,1,160,19850000
1725575354765000,2309,3768094915,0,0,172,565790333,1,160,19991000
1725575374891000,2310,3768095075,0,0,172,565790333,1,160,20126000
1725575394740000,2311,3768095235,0,0,172,565790333,1,160,19849000
1725575415001000,2312,3768095395,0,0,172,565790333,1,160,20261000
1725575434845000,2313,3768095555,0,0,172,565790333,1,160,19844000
1725575455134000,2314,3768095715,0,0,172,565790333,1,160,20289000
1725575474916000,2315,3768095875,0,0,172,565790333,1,160,19782000
1725575494645000,2316,3768096035,0,0,172,565790333,1,160,19729000
1725575514783000,2317,3768096195,0,0,172,565790333,1,160,20138000
1725575535047000,2318,3768096355,0,0,172,565790333,1,160,20264000
1725575560965000,2319,3768096515,0,0,172,565790333,1,160,25918000
1725575574931000,2320,3768096675,0,0,172,565790333,1,160,13966000
1725575594959000,2321,3768096835,0,0,172,565790333,1,160,20028000
1725575615062000,2322,3768096995,0,0,172,565790333,1,160,20103000
1725575634853000,2323,3768097155,0,0,172,565790333,1,160,19791000
1725575655102000,2324,3768097315,0,0,172,565790333,1,160,20249000
1725575674859000,2325,3768097475,0,0,172,565790333,1,160,19757000
1725575694817000,2326,3768097635,0,0,172,565790333,1,160,19958000
1725575714757000,2327,3768097795,0,0,172,565790333,1,160,19940000
1725575734887000,2328,3768097955,0,0,172,565790333,1,160,20130000
1725575755810000,2329,3768098115,0,0,172,565790333,1,160,20923000
1725575774902000,2330,3768098275,0,0,172,565790333,1,160,19092000
1725575794906000,2331,3768098435,0,0,172,565790333,1,160,20004000
1725575814704000,2332,3768098595,0,0,172,565790333,1,160,19798000
1725575834821000,2333,3768098755,0,0,172,565790333,1,160,20117000
1725575854804000,2334,3768098915,0,0,172,565790333,1,160,19983000
1725575875094000,2335,3768099075,0,0,172,565790333,1,160,20290000
1725575894816000,2336,3768099235,0,0,172,565790333,1,160,19722000
1725575914815000,2337,3768099395,0,0,172,565790333,1,160,19999000
1725575934955000,2338,3768099555,0,0,172,565790333,1,160,20140000
1725575954857000,2339,3768099715,0,0,172,565790333,1,160,19902000
1725575975744000,2340,3768099875,0,0,172,565790333,1,160,20887000
1725575994737000,2341,3768100035,0,0,172,565790333,1,160,18993000
1725576014756000,2342,3768100195,0,0,172,565790333,1,160,20019000
1725576035081000,2343,3768100355,0,0,172,565790333,1,160,20325000
1725576054906000,2344,3768100515,0,0,172,565790333,1,160,19825000
1725576075220000,2345,3768100675,0,0,172,565790333,1,160,20314000
1725576094739000,2346,3768100835,0,0,172,565790333,1,160,19519000
1725576114532000,2347,3768100995,0,0,172,565790333,1,160,19793000
1725576134919000,2348,3768101155,0,0,172,565790333,1,160,20387000
1725576155201000,2349,3768101315,0,0,172,565790333,1,160,20282000
1725576174993000,2350,3768101475,0,0,172,565790333,1,160,19792000
1725576194843000,2351,3768101635,0,0,172,565790333,1,160,19850000
1725576215469000,2352,3768101795,0,0,172,565790333,1,160,20626000
1725576234804000,2353,3768101955,0,0,172,565790333,1,160,19335000
1725576255002000,2354,3768102115,0,0,172,565790333,1,160,20198000
1725576274899000,2355,3768102275,0,0,172,565790333,1,160,19897000
1725576294890000,2356,3768102435,0,0,172,565790333,1,160,19991000
1725576314913000,2357,3768102595,0,0,172,565790333,1,160,20023000
1725576334845000,2358,3768102755,0,0,172,565790333,1,160,19932000
1725576354848000,2359,3768102915,0,0,172,565790333,1,160,20003000
1725576375037000,2360,3768103075,0,0,172,565790333,1,160,20189000
1725576394900000,2361,3768103235,0,0,172,565790333,1,160,19863000
1725576414781000,2362,3768103395,0,0,172,565790333,1,160,19881000
1725576434986000,2363,3768103555,0,0,172,565790333,1,160,20205000
1725576454632000,2364,3768103715,0,0,172,565790333,1,160,19646000
1725576474818000,2365,3768103875,0,0,172,565790333,1,160,20186000
1725576494911000,2366,3768104035,0,0,172,565790333,1,160,20093000
1725576514779000,2367,3768104195,0,0,172,565790333,1,160,19868000
1725576534795000,2368,3768104355,0,0,172,565790333,1,160,20016000
1725576559566000,2369,3768104515,0,0,172,565790333,1,160,24771000
1725576574936000,2370,3768104675,0,0,172,565790333,1,160,15370000
1725576594903000,2371,3768104835,0,0,172,565790333,1,160,19967000
1725576614768000,2372,3768104995,0,0,172,565790333,1,160,19865000
1725576634789000,2373,3768105155,0,0,172,565790333,1,160,20021000
1725576655103000,2374,3768105315,0,0,172,565790333,1,160,20314000
1725576674756000,2375,3768105475,0,0,172,565790333,1,160,19653000
1725576694822000,2376,3768105635,0,0,172,565790333,1,160,20066000
1725576715226000,2377,3768105795,0,0,172,565790333,1,160,20404000
1725576734735000,2378,3768105955,0,0,172,565790333,1,160,19509000
1725576754757000,2379,3768106115,0,0,172,565790333,1,160,20022000
1725576776092000,2380,3768106275,0,0,172,565790333,1,160,21335000
1725576795501000,2381,3768106435,0,0,172,565790333,1,160,19409000
1725576814882000,2382,3768106595,0,0,172,565790333,1,160,19381000
1725576836595000,2383,3768106755,0,0,172,565790333,1,160,21713000
1725576855292000,2384,3768106915,0,0,172,565790333,1,160,18697000
1725576877380000,2385,3768107075,0,0,172,565790333,1,160,22088000
1725576894854000,2386,3768107235,0,0,172,565790333,1,160,17474000
1725576915692000,2387,3768107395,0,0,172,565790333,1,160,20838000
1725576934873000,2388,3768107555,0,0,172,565790333,1,160,19181000
1725576956709000,2389,3768107715,0,0,172,565790333,1,160,21836000
1725576975457000,2390,3768107875,0,0,172,565790333,1,160,18748000
1725576994765000,2391,3768108035,0,0,172,565790333,1,160,19308000
1725577014770000,2392,3768108195,0,0,172,565790333,1,160,20005000
1725577034811000,2393,3768108355,0,0,172,565790333,1,160,20041000
1725577054607000,2394,3768108515,0,0,172,565790333,1,160,19796000
1725577074937000,2395,3768108675,0,0,172,565790333,1,160,20330000
1725577094814000,2396,3768108835,0,0,172,565790333,1,160,19877000
1725577114675000,2397,3768108995,0,0,172,565790333,1,160,19861000
1725577134706000,2398,3768109155,0,0,172,565790333,1,160,20031000
1725577156866000,2399,3768109315,0,0,172,565790333,1,160,22160000
1725577174651000,2400,3768109475,0,0,172,565790333,1,160,17785000
1725577194713000,2401,3768109635,0,0,172,565790333,1,160,20062000
1725577214808000,2402,3768109795,0,0,172,565790333,1,160,20095000
1725577234668000,2403,3768109955,0,0,172,565790333,1,160,19860000
1725577254942000,2404,3768110115,0,0,172,565790333,1,160,20274000
1725577274684000,2405,3768110275,0,0,172,565790333,1,160,19742000
1725577294835000,2406,3768110435,0,0,172,565790333,1,160,20151000
1725577314434000,2407,3768110595,0,0,172,565790333,1,160,19599000
1725577334814000,2408,3768110755,0,0,172,565790333,1,160,20380000
1725577354526000,2409,3768110915,0,0,172,565790333,1,160,19712000
1725577375726000,2410,3768111075,0,0,172,565790333,1,160,21200000
1725577394619000,2411,3768111235,0,0,172,565790333,1,160,18893000
1725577414540000,2412,3768111395,0,0,172,565790333,1,160,19921000
1725577434639000,2413,3768111555,0,0,172,565790333,1,160,20099000
1725577454729000,2414,3768111715,0,0,172,565790333,1,160,20090000
1725577474877000,2415,3768111875,0,0,172,565790333,1,160,20148000
1725577494654000,2416,3768112035,0,0,172,565790333,1,160,19777000
1725577514660000,2417,3768112195,0,0,172,565790333,1,160,20006000
1725577534642000,2418,3768112355,0,0,172,565790333,1,160,19982000
1725577559389000,2419,3768112515,0,0,172,565790333,1,160,24747000
1725577574653000,2420,3768112675,0,0,172,565790333,1,160,15264000
1725577595162000,2421,3768112835,0,0,172,565790333,1,160,20509000
1725577614622000,2422,3768112995,0,0,172,565790333,1,160,19460000
1725577634685000,2423,3768113155,0,0,172,565790333,1,160,20063000
1725577657522000,2424,3768113315,0,0,172,565790333,1,160,22837000
1725577674869000,2425,3768113475,0,0,172,565790333,1,160,17347000
1725577694638000,2426,3768113635,0,0,172,565790333,1,160,19769000
1725577714702000,2427,3768113795,0,0,172,565790333,1,160,20064000
1725577734608000,2428,3768113955,0,0,172,565790333,1,160,19906000
1725577754521000,2429,3768114115,0,0,172,565790333,1,160,19913000
1725577774682000,2430,3768114275,0,0,172,565790333,1,160,20161000
1725577794815000,2431,3768114435,0,0,172,565790333,1,160,20133000
1725577814785000,2432,3768114595,0,0,172,565790333,1,160,19970000
1725577834779000,2433,3768114755,0,0,172,565790333,1,160,19994000
1725577854775000,2434,3768114915,0,0,172,565790333,1,160,19996000
1725577874658000,2435,3768115075,0,0,172,565790333,1,160,19883000
1725577894737000,2436,3768115235,0,0,172,565790333,1,160,20079000
1725577914695000,2437,3768115395,0,0,172,565790333,1,160,19958000
1725577934761000,2438,3768115555,0,0,172,565790333,1,160,20066000
1725577954889000,2439,3768115715,0,0,172,565790333,1,160,20128000
1725577974876000,2440,3768115875,0,0,172,565790333,1,160,19987000
1725577994745000,2441,3768116035,0,0,172,565790333,1,160,19869000
1725578014845000,2442,3768116195,0,0,172,565790333,1,160,20100000
1725578034855000,2443,3768116355,0,0,172,565790333,1,160,20010000
1725578054709000,2444,3768116515,0,0,172,565790333,1,160,19854000
1725578074785000,2445,3768116675,0,0,172,565790333,1,160,20076000
1725578094913000,2446,3768116835,0,0,172,565790333,1,160,20128000
1725578114830000,2447,3768116995,0,0,172,565790333,1,160,19917000
1725578134742000,2448,3768117155,0,0,172,565790333,1,160,19912000
1725578154689000,2449,3768117315,0,0,172,565790333,1,160,19947000
1725578174828000,2450,3768117475,0,0,172,565790333,1,160,20139000
1725578194776000,2451,3768117635,0,0,172,565790333,1,160,19948000
1725578214833000,2452,3768117795,0,0,172,565790333,1,160,20057000
1725578234852000,2453,3768117955,0,0,172,565790333,1,160,20019000
1725578254661000,2454,3768118115,0,0,172,565790333,1,160,19809000
1725578274792000,2455,3768118275,0,0,172,565790333,1,160,20131000
1725578294859000,2456,3768118435,0,0,172,565790333,1,160,20067000
1725578314764000,2457,3768118595,0,0,172,565790333,1,160,19905000
1725578334806000,2458,3768118755,0,0,172,565790333,1,160,20042000
1725578354707000,2459,3768118915,0,0,172,565790333,1,160,19901000
1725578374737000,2460,3768119075,0,0,172,565790333,1,160,20030000
1725578394652000,2461,3768119235,0,0,172,565790333,1,160,19915000
1725578415354000,2462,3768119395,0,0,172,565790333,1,160,20702000
1725578434587000,2463,3768119555,0,0,172,565790333,1,160,19233000
1725578454744000,2464,3768119715,0,0,172,565790333,1,160,20157000
1725578475170000,2465,3768119875,0,0,172,565790333,1,160,20426000
1725578494696000,2466,3768120035,0,0,172,565790333,1,160,19526000
1725578514748000,2467,3768120195,0,0,172,565790333,1,160,20052000
1725578534764000,2468,3768120355,0,0,172,565790333,1,160,20016000
1725578559625000,2469,3768120515,0,0,172,565790333,1,160,24861000
1725578574487000,2470,3768120675,0,0,172,565790333,1,160,14862000
1725578594670000,2471,3768120835,0,0,172,565790333,1,160,20183000
1725578614822000,2472,3768120995,0,0,172,565790333,1,160,20152000
1725578634822000,2473,3768121155,0,0,172,565790333,1,160,20000000
1725578655668000,2474,3768121315,0,0,172,565790333,1,160,20846000
1725578674557000,2475,3768121475,0,0,172,565790333,1,160,18889000
1725578694960000,2476,3768121635,0,0,172,565790333,1,160,20403000
1725578714840000,2477,3768121795,0,0,172,565790333,1,160,19880000
1725578734720000,2478,3768121955,0,0,172,565790333,1,160,19880000
1725578756117000,2479,3768122115,0,0,172,565790333,1,160,21397000
1725578774581000,2480,3768122275,0,0,172,565790333,1,160,18464000
1725578795265000,2481,3768122435,0,0,172,565790333,1,160,20684000
1725578814848000,2482,3768122595,0,0,172,565790333,1,160,19583000
1725578834733000,2483,3768122755,0,0,172,565790333,1,160,19885000
1725578854628000,2484,3768122915,0,0,172,565790333,1,160,19895000
1725578874921000,2485,3768123075,0,0,172,565790333,1,160,20293000
1725578895461000,2486,3768123235,0,0,172,565790333,1,160,20540000
1725578914728000,2487,3768123395,0,0,172,565790333,1,160,19267000
1725578935445000,2488,3768123555,0,0,172,565790333,1,160,20717000
1725578955349000,2489,3768123715,0,0,172,565790333,1,160,19904000
1725578976046000,2490,3768123875,0,0,172,565790333,1,160,20697000
1725578994665000,2491,3768124035,0,0,172,565790333,1,160,18619000
1725579015310000,2492,3768124195,0,0,172,565790333,1,160,20645000
1725579034762000,2493,3768124355,0,0,172,565790333,1,160,19452000
1725579054791000,2494,3768124515,0,0,172,565790333,1,160,20029000
1725579074735000,2495,3768124675,0,0,172,565790333,1,160,19944000
1725579094796000,2496,3768124835,0,0,172,565790333,1,160,20061000
1725579114692000,2497,3768124995,0,0,172,565790333,1,160,19896000
1725579134668000,2498,3768125155,0,0,172,565790333,1,160,19976000
1725579154747000,2499,3768125315,0,0,172,565790333,1,160,20079000
1725579174809000,2500,3768125475,0,0,172,565790333,1,160,20062000
1725579194702000,2501,3768125635,0,0,172,565790333,1,160,19893000
1725579214796000,2502,3768125795,0,0,172,565790333,1,160,20094000
1725579234730000,2503,3768125955,0,0,172,565790333,1,160,19934000
1725579254666000,2504,3768126115,0,0,172,565790333,1,160,19936000
1725579274743000,2505,3768126275,0,0,172,565790333,1,160,20077000
1725579294770000,2506,3768126435,0,0,172,565790333,1,160,20027000
1725579314775000,2507,3768126595,0,0,172,565790333,1,160,20005000
1725579334618000,2508,3768126755,0,0,172,565790333,1,160,19843000
1725579354632000,2509,3768126915,0,0,172,565790333,1,160,20014000
1725579375264000,2510,3768127075,0,0,172,565790333,1,160,20632000
1725579395135000,2511,3768127235,0,0,172,565790333,1,160,19871000
1725579414427000,2512,3768127395,0,0,172,565790333,1,160,19292000
1725579434504000,2513,3768127555,0,0,172,565790333,1,160,20077000
1725579454481000,2514,3768127715,0,0,172,565790333,1,160,19977000
1725579475731000,2515,3768127875,0,0,172,565790333,1,160,21250000
1725579495302000,2516,3768128035,0,0,172,565790333,1,160,19571000
1725579514354000,2517,3768128195,0,0,172,565790333,1,160,19052000
1725579534378000,2518,3768128355,0,0,172,565790333,1,160,20024000
1725579558854000,2519,3768128515,0,0,172,565790333,1,160,24476000
1725579574079000,2520,3768128675,0,0,172,565790333,1,160,15225000
1725579594524000,2521,3768128835,0,0,172,565790333,1,160,20445000
1725579614388000,2522,3768128995,0,0,172,565790333,1,160,19864000
1725579634689000,2523,3768129155,0,0,172,565790333,1,160,20301000
1725579654482000,2524,3768129315,0,0,172,565790333,1,160,19793000
1725579674275000,2525,3768129475,0,0,172,565790333,1,160,19793000
1725579694485000,2526,3768129635,0,0,172,565790333,1,160,20210000
1725579714772000,2527,3768129795,0,0,172,565790333,1,160,20287000
1725579734654000,2528,3768129955,0,0,172,565790333,1,160,19882000
1725579754571000,2529,3768130115,0,0,172,565790333,1,160,19917000
1725579774536000,2530,3768130275,0,0,172,565790333,1,160,19965000
1725579794459000,2531,3768130435,0,0,172,565790333,1,160,19923000
1725579814504000,2532,3768130595,0,0,172,565790333,1,160,20045000
1725579834464000,2533,3768130755,0,0,172,565790333,1,160,19960000
1725579854571000,2534,3768130915,0,0,172,565790333,1,160,20107000
1725579874450000,2535,3768131075,0,0,172,565790333,1,160,19879000
1725579894484000,2536,3768131235,0,0,172,565790333,1,160,20034000
1725579914766000,2537,3768131395,0,0,172,565790333,1,160,20282000
1725579934422000,2538,3768131555,0,0,172,565790333,1,160,19656000
1725579954677000,2539,3768131715,0,0,172,565790333,1,160,20255000
1725579974807000,2540,3768131875,0,0,172,565790333,1,160,20130000
1725579994645000,2541,3768132035,0,0,172,565790333,1,160,19838000
1725580014573000,2542,3768132195,0,0,172,565790333,1,160,19928000
1725580034471000,2543,3768132355,0,0,172,565790333,1,160,19898000
1725580054499000,2544,3768132515,0,0,172,565790333,1,160,20028000
1725580074521000,2545,3768132675,0,0,172,565790333,1,160,20022000
1725580095724000,2546,3768132835,0,0,172,565790333,1,160,21203000
1725580114498000,2547,3768132995,0,0,172,565790333,1,160,18774000
1725580134675000,2548,3768133155,0,0,172,565790333,1,160,20177000
1725580154785000,2549,3768133315,0,0,172,565790333,1,160,20110000
1725580174601000,2550,3768133475,0,0,172,565790333,1,160,19816000
1725580194425000,2551,3768133635,0,0,172,565790333,1,160,19824000
1725580214572000,2552,3768133795,0,0,172,565790333,1,160,20147000
1725580234645000,2553,3768133955,0,0,172,565790333,1,160,20073000
1725580254613000,2554,3768134115,0,0,172,565790333,1,160,19968000
1725580274519000,2555,3768134275,0,0,172,565790333,1,160,19906000
1725580294543000,2556,3768134435,0,0,172,565790333,1,160,20024000
1725580315295000,2557,3768134595,0,0,172,565790333,1,160,20752000
1725580334752000,2558,3768134755,0,0,172,565790333,1,160,19457000
1725580354587000,2559,3768134915,0,0,172,565790333,1,160,19835000
1725580374495000,2560,3768135075,0,0,172,565790333,1,160,19908000
1725580394507000,2561,3768135235,0,0,172,565790333,1,160,20012000
1725580414540000,2562,3768135395,0,0,172,565790333,1,160,20033000
1725580434457000,2563,3768135555,0,0,172,565790333,1,160,19917000
1725580454414000,2564,3768135715,0,0,172,565790333,1,160,19957000
1725580474883000,2565,3768135875,0,0,172,565790333,1,160,20469000
1725580494489000,2566,3768136035,0,0,172,565790333,1,160,19606000
1725580514498000,2567,3768136195,0,0,172,565790333,1,160,20009000
1725580535338000,2568,3768136355,0,0,172,565790333,1,160,20840000
1725580559058000,2569,3768136515,0,0,172,565790333,1,160,23720000
1725580574487000,2570,3768136675,0,0,172,565790333,1,160,15429000
1725580594485000,2571,3768136835,0,0,172,565790333,1,160,19998000
1725580614453000,2572,3768136995,0,0,172,565790333,1,160,19968000
1725580634966000,2573,3768137155,0,0,172,565790333,1,160,20513000
1725580655132000,2574,3768137315,0,0,172,565790333,1,160,20166000
1725580674522000,2575,3768137475,0,0,172,565790333,1,160,19390000
1725580694441000,2576,3768137635,0,0,172,565790333,1,160,19919000
1725580714535000,2577,3768137795,0,0,172,565790333,1,160,20094000
1725580735331000,2578,3768137955,0,0,172,565790333,1,160,20796000
1725580754548000,2579,3768138115,0,0,172,565790333,1,160,19217000
1725580774693000,2580,3768138275,0,0,172,565790333,1,160,20145000
1725580794538000,2581,3768138435,0,0,172,565790333,1,160,19845000
1725580815440000,2582,3768138595,0,0,172,565790333,1,160,20902000
1725580834731000,2583,3768138755,0,0,172,565790333,1,160,19291000
1725580854679000,2584,3768138915,0,0,172,565790333,1,160,19948000
1725580874720000,2585,3768139075,0,0,172,565790333,1,160,20041000
1725580894510000,2586,3768139235,0,0,172,565790333,1,160,19790000
1725580914559000,2587,3768139395,0,0,172,565790333,1,160,20049000
1725580934595000,2588,3768139555,0,0,172,565790333,1,160,20036000
1725580954560000,2589,3768139715,0,0,172,565790333,1,160,19965000
1725580975595000,2590,3768139875,0,0,172,565790333,1,160,21035000
1725580994566000,2591,3768140035,0,0,172,565790333,1,160,18971000
1725581014564000,2592,3768140195,0,0,172,565790333,1,160,19998000
1725581034651000,2593,3768140355,0,0,172,565790333,1,160,20087000
1725581054758000,2594,3768140515,0,0,172,565790333,1,160,20107000
1725581074688000,2595,3768140675,0,0,172,565790333,1,160,19930000
1725581094507000,2596,3768140835,0,0,172,565790333,1,160,19819000
1725581114641000,2597,3768140995,0,0,172,565790333,1,160,20134000
1725581134656000,2598,3768141155,0,0,172,565790333,1,160,20015000
1725581154640000,2599,3768141315,0,0,172,565790333,1,160,19984000
1725581174621000,2600,3768141475,0,0,172,565790333,1,160,19981000
1725581194573000,2601,3768141635,0,0,172,565790333,1,160,19952000
1725581214637000,2602,3768141795,0,0,172,565790333,1,160,20064000
1725581234648000,2603,3768141955,0,0,172,565790333,1,160,20011000
1725581254593000,2604,3768142115,0,0,172,565790333,1,160,19945000
1725581274599000,2605,3768142275,0,0,172,565790333,1,160,20006000
1725581294621000,2606,3768142435,0,0,172,565790333,1,160,20022000
1725581314675000,2607,3768142595,0,0,172,565790333,1,160,20054000
1725581335018000,2608,3768142755,0,0,172,565790333,1,160,20343000
1725581354600000,2609,3768142915,0,0,172,565790333,1,160,19582000
1725581374663000,2610,3768143075,0,0,172,565790333,1,160,20063000
1725581394749000,2611,3768143235,0,0,172,565790333,1,160,20086000
1725581414787000,2612,3768143395,0,0,172,565790333,1,160,20038000
1725581434740000,2613,3768143555,0,0,172,565790333,1,160,19953000
1725581454637000,2614,3768143715,0,0,172,565790333,1,160,19897000
1725581474586000,2615,3768143875,0,0,172,565790333,1,160,19949000
1725581494545000,2616,3768144035,0,0,172,565790333,1,160,19959000
1725581514619000,2617,3768144195,0,0,172,565790333,1,160,20074000
1725581535231000,2618,3768144355,0,0,172,565790333,1,160,20612000
1725581559145000,2619,3768144515,0,0,172,565790333,1,160,23914000
1725581575127000,2620,3768144675,0,0,172,565790333,1,160,15982000
1725581595179000,2621,3768144835,0,0,172,565790333,1,160,20052000
1725581615054000,2622,3768144995,0,0,172,565790333,1,160,19875000
1725581635854000,2623,3768145155,0,0,172,565790333,1,160,20800000
1725581654584000,2624,3768145315,0,0,172,565790333,1,160,18730000
1725581674469000,2625,3768145475,0,0,172,565790333,1,160,19885000
1725581694508000,2626,3768145635,0,0,172,565790333,1,160,20039000
1725581714622000,2627,3768145795,0,0,172,565790333,1,160,20114000
1725581734587000,2628,3768145955,0,0,172,565790333,1,160,19965000
1725581754724000,2629,3768146115,0,0,172,565790333,1,160,20137000
1725581774358000,2630,3768146275,0,0,172,565790333,1,160,19634000
1725581794701000,2631,3768146435,0,0,172,565790333,1,160,20343000
1725581815395000,2632,3768146595,0,0,172,565790333,1,160,20694000
1725581834571000,2633,3768146755,0,0,172,565790333,1,160,19176000
1725581854486000,2634,3768146915,0,0,172,565790333,1,160,19915000
1725581874769000,2635,3768147075,0,0,172,565790333,1,160,20283000
1725581894579000,2636,3768147235,0,0,172,565790333,1,160,19810000
1725581914653000,2637,3768147395,0,0,172,565790333,1,160,20074000
1725581934578000,2638,3768147555,0,0,172,565790333,1,160,19925000
1725581955075000,2639,3768147715,0,0,172,565790333,1,160,20497000
1725581974607000,2640,3768147875,0,0,172,565790333,1,160,19532000
1725581994599000,2641,3768148035,0,0,172,565790333,1,160,19992000
1725582014639000,2642,3768148195,0,0,172,565790333,1,160,20040000
1725582034699000,2643,3768148355,0,0,172,565790333,1,160,20060000
1725582054491000,2644,3768148515,0,0,172,565790333,1,160,19792000
1725582074495000,2645,3768148675,0,0,172,565790333,1,160,20004000
1725582094536000,2646,3768148835,0,0,172,565790333,1,160,20041000
1725582114590000,2647,3768148995,0,0,172,565790333,1,160,20054000
1725582134548000,2648,3768149155,0,0,172,565790333,1,160,19958000
1725582154561000,2649,3768149315,0,0,172,565790333,1,160,20013000
1725582174597000,2650,3768149475,0,0,172,565790333,1,160,20036000
1725582194548000,2651,3768149635,0,0,172,565790333,1,160,19951000
1725582214712000,2652,3768149795,0,0,172,565790333,1,160,20164000
1725582234723000,2653,3768149955,0,0,172,565790333,1,160,20011000
1725582255392000,2654,3768150115,0,0,172,565790333,1,160,20669000
1725582274702000,2655,3768150275,0,0,172,565790333,1,160,19310000
1725582294961000,2656,3768150435,0,0,172,565790333,1,160,20259000
1725582314760000,2657,3768150595,0,0,172,565790333,1,160,19799000
1725582334519000,2658,3768150755,0,0,172,565790333,1,160,19759000
1725582354935000,2659,3768150915,0,0,172,565790333,1,160,20416000
1725582378654000,2660,3768151075,0,0,172,565790333,1,160,23719000
1725582394575000,2661,3768151235,0,0,172,565790333,1,160,15921000
1725582414514000,2662,3768151395,0,0,172,565790333,1,160,19939000
1725582434527000,2663,3768151555,0,0,172,565790333,1,160,20013000
1725582454543000,2664,3768151715,0,0,172,565790333,1,160,20016000
1725582474666000,2665,3768151875,0,0,172,565790333,1,160,20123000
1725582494615000,2666,3768152035,0,0,172,565790333,1,160,19949000
1725582514630000,2667,3768152195,0,0,172,565790333,1,160,20015000
1725582534472000,2668,3768152355,0,0,172,565790333,1,160,19842000
1725582559036000,2669,3768152515,0,0,172,565790333,1,160,24564000
1725582574524000,2670,3768152675,0,0,172,565790333,1,160,15488000
1725582594341000,2671,3768152835,0,0,172,565790333,1,160,19817000
1725582614434000,2672,3768152995,0,0,172,565790333,1,160,20093000
1725582634562000,2673,3768153155,0,0,172,565790333,1,160,20128000
1725582654793000,2674,3768153315,0,0,172,565790333,1,160,20231000
1725582674449000,2675,3768153475,0,0,172,565790333,1,160,19656000
1725582694402000,2676,3768153635,0,0,172,565790333,1,160,19953000
1725582714346000,2677,3768153795,0,0,172,565790333,1,160,19944000
1725582734415000,2678,3768153955,0,0,172,565790333,1,160,20069000
1725582754371000,2679,3768154115,0,0,172,565790333,1,160,19956000
1725582777252000,2680,3768154275,0,0,172,565790333,1,160,22881000
1725582794571000,2681,3768154435,0,0,172,565790333,1,160,17319000
1725582814596000,2682,3768154595,0,0,172,565790333,1,160,20025000
1725582834253000,2683,3768154755,0,0,172,565790333,1,160,19657000
1725582854423000,2684,3768154915,0,0,172,565790333,1,160,20170000
1725582874344000,2685,3768155075,0,0,172,565790333,1,160,19921000
1725582894566000,2686,3768155235,0,0,172,565790333,1,160,20222000
1725582914496000,2687,3768155395,0,0,172,565790333,1,160,19930000
1725582934349000,2688,3768155555,0,0,172,565790333,1,160,19853000
1725582954344000,2689,3768155715,0,0,172,565790333,1,160,19995000
1725582974330000,2690,3768155875,0,0,172,565790333,1,160,19986000
1725582994364000,2691,3768156035,0,0,172,565790333,1,160,20034000
1725583014365000,2692,3768156195,0,0,172,565790333,1,160,20001000
1725583034305000,2693,3768156355,0,0,172,565790333,1,160,19940000
1725583054391000,2694,3768156515,0,0,172,565790333,1,160,20086000
1725583074296000,2695,3768156675,0,0,172,565790333,1,160,19905000
1725583094408000,2696,3768156835,0,0,172,565790333,1,160,20112000
1725583114295000,2697,3768156995,0,0,172,565790333,1,160,19887000
1725583134379000,2698,3768157155,0,0,172,565790333,1,160,20084000
1725583154442000,2699,3768157315,0,0,172,565790333,1,160,20063000
1725583174346000,2700,3768157475,0,0,172,565790333,1,160,19904000
1725583194401000,2701,3768157635,0,0,172,565790333,1,160,20055000
1725583214231000,2702,3768157795,0,0,172,565790333,1,160,19830000
1725583234228000,2703,3768157955,0,0,172,565790333,1,160,19997000
1725583254341000,2704,3768158115,0,0,172,565790333,1,160,20113000
1725583274568000,2705,3768158275,0,0,172,565790333,1,160,20227000
1725583294482000,2706,3768158435,0,0,172,565790333,1,160,19914000
1725583314413000,2707,3768158595,0,0,172,565790333,1,160,19931000
1725583334483000,2708,3768158755,0,0,172,565790333,1,160,20070000
1725583354265000,2709,3768158915,0,0,172,565790333,1,160,19782000
1725583374230000,2710,3768159075,0,0,172,565790333,1,160,19965000
1725583394390000,2711,3768159235,0,0,172,565790333,1,160,20160000
1725583414331000,2712,3768159395,0,0,172,565790333,1,160,19941000
1725583437426000,2713,3768159555,0,0,172,565790333,1,160,23095000
1725583454344000,2714,3768159715,0,0,172,565790333,1,160,16918000
1725583474123000,2715,3768159875,0,0,172,565790333,1,160,19779000
1725583494320000,2716,3768160035,0,0,172,565790333,1,160,20197000
1725583514439000,2717,3768160195,0,0,172,565790333,1,160,20119000
1725583534405000,2718,3768160355,0,0,172,565790333,1,160,19966000
1725583559516000,2719,3768160515,0,0,172,565790333,1,160,25111000
1725583574331000,2720,3768160675,0,0,172,565790333,1,160,14815000
1725583594509000,2721,3768160835,0,0,172,565790333,1,160,20178000
1725583614455000,2722,3768160995,0,0,172,565790333,1,160,19946000
1725583634398000,2723,3768161155,0,0,172,565790333,1,160,19943000
1725583654744000,2724,3768161315,0,0,172,565790333,1,160,20346000
1725583675225000,2725,3768161475,0,0,172,565790333,1,160,20481000
1725583694479000,2726,3768161635,0,0,172,565790333,1,160,19254000
1725583714550000,2727,3768161795,0,0,172,565790333,1,160,20071000
1725583734464000,2728,3768161955,0,0,172,565790333,1,160,19914000
1725583754486000,2729,3768162115,0,0,172,565790333,1,160,20022000
1725583774595000,2730,3768162275,0,0,172,565790333,1,160,20109000
1725583794407000,2731,3768162435,0,0,172,565790333,1,160,19812000
1725583814508000,2732,3768162595,0,0,172,565790333,1,160,20101000
1725583834283000,2733,3768162755,0,0,172,565790333,1,160,19775000
1725583854359000,2734,3768162915,0,0,172,565790333,1,160,20076000
1725583874220000,2735,3768163075,0,0,172,565790333,1,160,19861000
1725583894062000,2736,3768163235,0,0,172,565790333,1,160,19842000
1725583914112000,2737,3768163395,0,0,172,565790333,1,160,20050000
1725583934178000,2738,3768163555,0,0,172,565790333,1,160,20066000
1725583954243000,2739,3768163715,0,0,172,565790333,1,160,20065000
1725583974175000,2740,3768163875,0,0,172,565790333,1,160,19932000
1725583994108000,2741,3768164035,0,0,172,565790333,1,160,19933000
1725584014515000,2742,3768164195,0,0,172,565790333,1,160,20407000
1725584033914000,2743,3768164355,0,0,172,565790333,1,160,19399000
1725584054176000,2744,3768164515,0,0,172,565790333,1,160,20262000
1725584074279000,2745,3768164675,0,0,172,565790333,1,160,20103000
1725584094126000,2746,3768164835,0,0,172,565790333,1,160,19847000
1725584114036000,2747,3768164995,0,0,172,565790333,1,160,19910000
1725584134233000,2748,3768165155,0,0,172,565790333,1,160,20197000
1725584154214000,2749,3768165315,0,0,172,565790333,1,160,19981000
1725584174411000,2750,3768165475,0,0,172,565790333,1,160,20197000
1725584194567000,2751,3768165635,0,0,172,565790333,1,160,20156000
1725584214862000,2752,3768165795,0,0,172,565790333,1,160,20295000
1725584234499000,2753,3768165955,0,0,172,565790333,1,160,19637000
1725584254326000,2754,3768166115,0,0,172,565790333,1,160,19827000
1725584274554000,2755,3768166275,0,0,172,565790333,1,160,20228000
1725584294539000,2756,3768166435,0,0,172,565790333,1,160,19985000
1725584314456000,2757,3768166595,0,0,172,565790333,1,160,19917000
1725584334523000,2758,3768166755,0,0,172,565790333,1,160,20067000
1725584354524000,2759,3768166915,0,0,172,565790333,1,160,20001000
1725584374597000,2760,3768167075,0,0,172,565790333,1,160,20073000
1725584394470000,2761,3768167235,0,0,172,565790333,1,160,19873000
1725584414529000,2762,3768167395,0,0,172,565790333,1,160,20059000
1725584434511000,2763,3768167555,0,0,172,565790333,1,160,19982000
1725584454930000,2764,3768167715,0,0,172,565790333,1,160,20419000
1725584474442000,2765,3768167875,0,0,172,565790333,1,160,19512000
1725584494425000,2766,3768168035,0,0,172,565790333,1,160,19983000
1725584514530000,2767,3768168195,0,0,172,565790333,1,160,20105000
1725584534376000,2768,3768168355,0,0,172,565790333,1,160,19846000
1725584559241000,2769,3768168515,0,0,172,565790333,1,160,24865000
1725584574548000,2770,3768168675,0,0,172,565790333,1,160,15307000
1725584594715000,2771,3768168835,0,0,172,565790333,1,160,20167000
1725584614589000,2772,3768168995,0,0,172,565790333,1,160,19874000
1725584634721000,2773,3768169155,0,0,172,565790333,1,160,20132000
1725584654774000,2774,3768169315,0,0,172,565790333,1,160,20053000
1725584674449000,2775,3768169475,0,0,172,565790333,1,160,19675000
1725584694557000,2776,3768169635,0,0,172,565790333,1,160,20108000
1725584715115000,2777,3768169795,0,0,172,565790333,1,160,20558000
1725584734492000,2778,3768169955,0,0,172,565790333,1,160,19377000
1725584754387000,2779,3768170115,0,0,172,565790333,1,160,19895000
1725584774567000,2780,3768170275,0,0,172,565790333,1,160,20180000
1725584794433000,2781,3768170435,0,0,172,565790333,1,160,19866000
1725584815132000,2782,3768170595,0,0,172,565790333,1,160,20699000
1725584834420000,2783,3768170755,0,0,172,565790333,1,160,19288000
1725584854666000,2784,3768170915,0,0,172,565790333,1,160,20246000
1725584874463000,2785,3768171075,0,0,172,565790333,1,160,19797000
1725584894466000,2786,3768171235,0,0,172,565790333,1,160,20003000
1725584914560000,2787,3768171395,0,0,172,565790333,1,160,20094000
1725584934551000,2788,3768171555,0,0,172,565790333,1,160,19991000
1725584954393000,2789,3768171715,0,0,172,565790333,1,160,19842000
1725584974438000,2790,3768171875,0,0,172,565790333,1,160,20045000
1725584994401000,2791,3768172035,0,0,172,565790333,1,160,19963000
1725585014422000,2792,3768172195,0,0,172,565790333,1,160,20021000
1725585034534000,2793,3768172355,0,0,172,565790333,1,160,20112000
1725585054902000,2794,3768172515,0,0,172,565790333,1,160,20368000
1725585074516000,2795,3768172675,0,0,172,565790333,1,160,19614000
1725585095083000,2796,3768172835,0,0,172,565790333,1,160,20567000
1725585114443000,2797,3768172995,0,0,172,565790333,1,160,19360000
1725585134554000,2798,3768173155,0,0,172,565790333,1,160,20111000
1725585154568000,2799,3768173315,0,0,172,565790333,1,160,20014000
1725585174379000,2800,3768173475,0,0,172,565790333,1,160,19811000
1725585194474000,2801,3768173635,0,0,172,565790333,1,160,20095000
1725585215598000,2802,3768173795,0,0,172,565790333,1,160,21124000
1725585234913000,2803,3768173955,0,0,172,565790333,1,160,19315000
1725585254310000,2804,3768174115,0,0,172,565790333,1,160,19397000
1725585274536000,2805,3768174275,0,0,172,565790333,1,160,20226000
1725585294444000,2806,3768174435,0,0,172,565790333,1,160,19908000
1725585315027000,2807,3768174595,0,0,172,565790333,1,160,20583000
1725585334599000,2808,3768174755,0,0,172,565790333,1,160,19572000
1725585354355000,2809,3768174915,0,0,172,565790333,1,160,19756000
1725585374526000,2810,3768175075,0,0,172,565790333,1,160,20171000
1725585394453000,2811,3768175235,0,0,172,565790333,1,160,19927000
1725585414422000,2812,3768175395,0,0,172,565790333,1,160,19969000
1725585434369000,2813,3768175555,0,0,172,565790333,1,160,19947000
1725585454452000,2814,3768175715,0,0,172,565790333,1,160,20083000
1725585474405000,2815,3768175875,0,0,172,565790333,1,160,19953000
1725585494430000,2816,3768176035,0,0,172,565790333,1,160,20025000
1725585514455000,2817,3768176195,0,0,172,565790333,1,160,20025000
1725585534430000,2818,3768176355,0,0,172,565790333,1,160,19975000
1725585559558000,2819,3768176515,0,0,172,565790333,1,160,25128000
1725585574382000,2820,3768176675,0,0,172,565790333,1,160,14824000
1725585594403000,2821,3768176835,0,0,172,565790333,1,160,20021000
1725585614454000,2822,3768176995,0,0,172,565790333,1,160,20051000
1725585636676000,2823,3768177155,0,0,172,565790333,1,160,22222000
1725585654238000,2824,3768177315,0,0,172,565790333,1,160,17562000
1725585674469000,2825,3768177475,0,0,172,565790333,1,160,20231000
1725585694431000,2826,3768177635,0,0,172,565790333,1,160,19962000
1725585714572000,2827,3768177795,0,0,172,565790333,1,160,20141000
1725585734501000,2828,3768177955,0,0,172,565790333,1,160,19929000
1725585754422000,2829,3768178115,0,0,172,565790333,1,160,19921000
1725585774925000,2830,3768178275,0,0,172,565790333,1,160,20503000
1725585794394000,2831,3768178435,0,0,172,565790333,1,160,19469000
1725585814566000,2832,3768178595,0,0,172,565790333,1,160,20172000
1725585834244000,2833,3768178755,0,0,172,565790333,1,160,19678000
1725585854268000,2834,3768178915,0,0,172,565790333,1,160,20024000
1725585874192000,2835,3768179075,0,0,172,565790333,1,160,19924000
1725585894242000,2836,3768179235,0,0,172,565790333,1,160,20050000
1725585914260000,2837,3768179395,0,0,172,565790333,1,160,20018000
1725585934131000,2838,3768179555,0,0,172,565790333,1,160,19871000
1725585955219000,2839,3768179715,0,0,172,565790333,1,160,21088000
1725585974275000,2840,3768179875,0,0,172,565790333,1,160,19056000
1725585994165000,2841,3768180035,0,0,172,565790333,1,160,19890000
1725586014206000,2842,3768180195,0,0,172,565790333,1,160,20041000
1725586034229000,2843,3768180355,0,0,172,565790333,1,160,20023000
1725586054395000,2844,3768180515,0,0,172,565790333,1,160,20166000
1725586074290000,2845,3768180675,0,0,172,565790333,1,160,19895000
1725586095037000,2846,3768180835,0,0,172,565790333,1,160,20747000
1725586114503000,2847,3768180995,0,0,172,565790333,1,160,19466000
1725586134452000,2848,3768181155,0,0,172,565790333,1,160,19949000
1725586154339000,2849,3768181315,0,0,172,565790333,1,160,19887000
1725586174228000,2850,3768181475,0,0,172,565790333,1,160,19889000
1725586195715000,2851,3768181635,0,0,172,565790333,1,160,21487000
1725586215525000,2852,3768181795,0,0,172,565790333,1,160,19810000
1725586234319000,2853,3768181955,0,0,172,565790333,1,160,18794000
1725586254553000,2854,3768182115,0,0,172,565790333,1,160,20234000
1725586274419000,2855,3768182275,0,0,172,565790333,1,160,19866000
1725586293721000,2856,3768182435,0,0,172,565790333,1,160,19302000
1725586314761000,2857,3768182595,0,0,172,565790333,1,160,21040000
1725586335084000,2858,3768182755,0,0,172,565790333,1,160,20323000
1725586354134000,2859,3768182915,0,0,172,565790333,1,160,19050000
1725586374304000,2860,3768183075,0,0,172,565790333,1,160,20170000
1725586394212000,2861,3768183235,0,0,172,565790333,1,160,19908000
1725586414349000,2862,3768183395,0,0,172,565790333,1,160,20137000
1725586434312000,2863,3768183555,0,0,172,565790333,1,160,19963000
1725586454233000,2864,3768183715,0,0,172,565790333,1,160,19921000
1725586474335000,2865,3768183875,0,0,172,565790333,1,160,20102000
1725586494246000,2866,3768184035,0,0,172,565790333,1,160,19911000
1725586514367000,2867,3768184195,0,0,172,565790333,1,160,20121000
1725586534291000,2868,3768184355,0,0,172,565790333,1,160,19924000
1725586559359000,2869,3768184515,0,0,172,565790333,1,160,25068000
1725586574318000,2870,3768184675,0,0,172,565790333,1,160,14959000
1725586594173000,2871,3768184835,0,0,172,565790333,1,160,19855000
1725586614171000,2872,3768184995,0,0,172,565790333,1,160,19998000
1725586634305000,2873,3768185155,0,0,172,565790333,1,160,20134000
1725586654543000,2874,3768185315,0,0,172,565790333,1,160,20238000
1725586675150000,2875,3768185475,0,0,172,565790333,1,160,20607000
1725586694202000,2876,3768185635,0,0,172,565790333,1,160,19052000
1725586714390000,2877,3768185795,0,0,172,565790333,1,160,20188000
1725586734395000,2878,3768185955,0,0,172,565790333,1,160,20005000
1725586754378000,2879,3768186115,0,0,172,565790333,1,160,19983000
1725586774341000,2880,3768186275,0,0,172,565790333,1,160,19963000
1725586794237000,2881,3768186435,0,0,172,565790333,1,160,19896000
1725586814390000,2882,3768186595,0,0,172,565790333,1,160,20153000
1725586834467000,2883,3768186755,0,0,172,565790333,1,160,20077000
1725586854463000,2884,3768186915,0,0,172,565790333,1,160,19996000
1725586874365000,2885,3768187075,0,0,172,565790333,1,160,19902000
1725586894424000,2886,3768187235,0,0,172,565790333,1,160,20059000
1725586914590000,2887,3768187395,0,0,172,565790333,1,160,20166000
1725586934393000,2888,3768187555,0,0,172,565790333,1,160,19803000
1725586954329000,2889,3768187715,0,0,172,565790333,1,160,19936000
1725586974289000,2890,3768187875,0,0,172,565790333,1,160,19960000
