# V.34 Phase 3 baseband IQ symbols
# sym_rate=2400  fc=1800  t0=8.0  t1=10.5
# columns: sym_idx  time_ms  I  Q  s_score  pp_score  trn_score  label
     0      0.000  +0.364100  -0.172044  0.000  0.000  0.000  T  d1
     1      0.417  +0.675944  +0.545136  0.000  0.000  0.000  T  d1
     2      0.833  -0.183011  +0.775578  0.000  0.000  0.000  T  d1
     3      1.250  -0.839472  +0.356216  0.000  0.000  0.000  T  d0
     4      1.667  -0.715680  -0.276335  0.000  0.000  0.000  T  d0
     5      2.083  -0.377103  -0.771567  0.000  0.000  0.000  T  d1
     6      2.500  +0.301325  -0.807953  0.000  0.000  0.000  T  d0
     7      2.917  +0.742403  -0.343864  0.000  0.000  0.000  T  d0
     8      3.333  +0.869862  +0.289780  0.000  0.000  0.000  T  d1
     9      3.750  +0.382274  +0.764602  0.000  0.000  0.000  T  d1
    10      4.167  -0.318550  +0.825640  0.000  0.000  0.000  T  d0
    11      4.583  -0.789065  +0.434961  0.000  0.000  0.000  T  d1
    12      5.000  -0.794862  -0.329948  0.000  0.000  0.000  T  d0
    13      5.417  -0.448606  -0.815618  0.000  0.000  0.000  T  d1
    14      5.833  +0.317937  -0.802276  0.000  0.000  0.000  T  d0
    15      6.250  +0.834816  -0.444277  0.000  0.000  0.000  T  d1
    16      6.667  +0.830894  +0.305737  0.000  0.000  0.000  T  d0
    17      7.083  +0.430253  +0.864270  0.000  0.000  0.000  T  d1
    18      7.500  -0.302372  +0.864487  0.000  0.000  0.000  T  d1
    19      7.917  -0.869676  +0.404212  0.000  0.000  0.000  T  d0
    20      8.333  -0.910675  -0.294133  0.000  0.000  0.000  T  d1
    21      8.750  -0.396122  -0.871013  0.000  0.000  0.000  T  d0
    22      9.167  +0.332091  -0.925647  0.000  0.000  0.000  T  d0
    23      9.583  +0.845245  -0.420257  0.000  0.000  0.000  T  d1
    24     10.000  +0.926558  +0.351218  0.000  0.000  0.000  T  d0
    25     10.417  +0.438370  +0.859478  0.000  0.000  0.000  T  d1
    26     10.833  -0.307243  +0.927190  0.000  0.000  0.000  T  d1
    27     11.250  -0.930963  +0.435611  0.000  0.000  0.000  T  d0
    28     11.667  -0.935396  -0.307823  0.000  0.000  0.000  T  d1
    29     12.083  -0.412557  -0.909681  0.000  0.000  0.000  T  d0
    30     12.500  +0.325719  -0.984953  0.000  0.000  0.000  T  d1
    31     12.917  +0.893723  -0.414554  0.000  0.000  0.000  T  d0
    32     13.333  +0.970681  +0.348521  0.484  0.000  0.000  T  d0
    33     13.750  +0.461771  +0.913176  0.484  0.000  0.000  T  d1
    34     14.167  -0.352702  +0.956702  0.500  0.000  0.000  T  d0
    35     14.583  -0.956246  +0.452512  0.500  0.000  0.000  T  d0
    36     15.000  -0.957993  -0.320795  0.500  0.000  0.000  T  d1
    37     15.417  -0.436854  -0.963076  0.500  0.000  0.000  T  d0
    38     15.833  +0.331370  -0.998080  0.500  0.000  0.000  T  d1
    39     16.250  +0.933602  -0.449616  0.500  0.000  0.000  T  d1
    40     16.667  +1.015933  +0.375195  0.484  0.000  0.000  T  d0
    41     17.083  +0.485299  +0.934615  0.500  0.000  0.000  T  d1
    42     17.500  -0.386357  +0.994814  0.516  0.000  0.000  T  d0
    43     17.917  -0.981662  +0.499035  0.500  0.000  0.000  T  d1
    44     18.333  -0.958336  -0.369844  0.516  0.000  0.000  T  d0
    45     18.750  -0.504185  -0.992340  0.500  0.000  0.000  T  d1
    46     19.167  +0.335721  -0.989606  0.516  0.000  0.000  T  d1
    47     19.583  +1.040922  -0.478104  0.500  0.000  0.000  T  d0
    48     20.000  +0.973835  +0.341479  0.516  0.000  0.000  T  d1
    49     20.417  +0.463951  +1.016280  0.500  0.000  0.000  T  d0
    50     20.833  -0.324643  +0.999826  0.516  0.000  0.000  T  d1
    51     21.250  -1.001095  +0.454717  0.531  0.000  0.000  T  d0
    52     21.667  -1.040542  -0.327116  0.516  0.000  0.000  T  d1
    53     22.083  -0.448864  -0.990527  0.531  0.000  0.000  T  d0
    54     22.500  +0.348200  -1.035306  0.516  0.000  0.000  T  d0
    55     22.917  +0.985878  -0.502824  0.516  0.000  0.000  T  d1
    56     23.333  +1.026813  +0.386828  0.516  0.000  0.481  T  d0
    57     23.750  +0.507245  +1.005603  0.516  0.000  0.481  T  d1
    58     24.167  -0.372404  +1.014493  0.516  0.000  0.481  T  d1
    59     24.583  -1.027166  +0.470284  0.531  0.000  0.481  T  d0
    60     25.000  -1.011132  -0.341208  0.516  0.000  0.481  T  d1
    61     25.417  -0.437826  -1.006006  0.531  0.000  0.481  T  d0
    62     25.833  +0.307980  -1.035744  0.531  0.000  0.481  T  d1
    63     26.250  +1.005175  -0.435861  0.531  0.000  0.481  T  d0
    64     26.667  +1.045813  +0.319746  0.531  0.000  0.481  T  d1
    65     27.083  +0.425431  +0.994124  0.516  0.000  0.481  T  d0
    66     27.500  -0.339485  +1.034512  0.516  0.000  0.481  T  d1
    67     27.917  -0.947138  +0.435014  0.516  0.000  0.481  T  d0
    68     28.333  -1.032273  -0.344777  0.500  0.000  0.481  T  d0
    69     28.750  -0.484359  -0.947702  0.516  0.000  0.481  T  d1
    70     29.167  +0.378268  -1.015670  0.516  0.000  0.481  T  d0
    71     29.583  +0.977888  -0.475082  0.516  0.000  0.481  T  d1
    72     30.000  +0.958749  +0.358446  0.531  0.000  0.498  T  d0
    73     30.417  +0.463959  +0.974009  0.516  0.000  0.498  T  d0
    74     30.833  -0.325944  +0.981503  0.531  0.000  0.498  T  d1
    75     31.250  -0.962185  +0.421022  0.531  0.000  0.498  T  d0
    76     31.667  -1.008276  -0.323554  0.531  0.000  0.498  T  d1
    77     32.083  -0.385488  -0.933009  0.531  0.000  0.498  T  d0
    78     32.500  +0.322863  -0.993340  0.531  0.000  0.498  T  d1
    79     32.917  +0.897958  -0.408751  0.547  0.000  0.498  T  d0
    80     33.333  +0.993294  +0.345227  0.531  0.000  0.498  T  d1
    81     33.750  +0.417944  +0.867091  0.547  0.000  0.498  T  d0
    82     34.167  -0.336821  +0.987740  0.531  0.000  0.498  T  d0
    83     34.583  -0.877521  +0.442824  0.547  0.000  0.498  T  d1
    84     35.000  -0.971577  -0.368966  0.547  0.000  0.498  T  d0
    85     35.417  -0.441593  -0.854693  0.547  0.000  0.498  T  d1
    86     35.833  +0.371600  -0.947956  0.547  0.000  0.498  T  d0
    87     36.250  +0.857795  -0.454209  0.531  0.000  0.498  T  d1
    88     36.667  +0.898880  +0.383421  0.547  0.000  0.472  T  d0
    89     37.083  +0.463878  +0.831062  0.547  0.000  0.472  T  d1
    90     37.500  -0.354584  +0.894884  0.547  0.000  0.472  T  d0
    91     37.917  -0.865250  +0.440432  0.562  0.000  0.472  T  d1
    92     38.333  -0.854190  -0.339746  0.547  0.000  0.472  T  d0
    93     38.750  -0.396215  -0.837240  0.562  0.000  0.472  T  d0
    94     39.167  +0.274631  -0.873809  0.562  0.000  0.472  T  d1
    95     39.583  +0.852377  -0.358857  0.562  0.000  0.472  T  d0
    96     40.000  +0.847956  +0.288404  0.562  0.000  0.472  T  d1
    97     40.417  +0.379838  +0.780181  0.562  0.000  0.472  T  d1
    98     40.833  -0.310535  +0.860341  0.547  0.000  0.472  T  d0
    99     41.250  -0.779967  +0.396849  0.562  0.000  0.472  T  d1
   100     41.667  -0.815487  -0.304912  0.547  0.000  0.472  T  d0
   101     42.083  -0.390335  -0.809452  0.547  0.000  0.472  T  d0
   102     42.500  +0.272794  -0.792636  0.562  0.000  0.472  T  d1
   103     42.917  +0.801782  -0.351778  0.547  0.000  0.472  T  d0
   104     43.333  +0.804267  +0.264913  0.562  0.000  0.515  T  d1
   105     43.750  +0.338265  +0.747878  0.547  0.000  0.515  T  d0
   106     44.167  -0.287185  +0.807713  0.531  0.000  0.515  T  d0
   107     44.583  -0.714964  +0.367987  0.547  0.000  0.515  T  d1
   108     45.000  -0.773036  -0.307600  0.531  0.000  0.515  T  d0
   109     45.417  -0.395306  -0.723715  0.547  0.000  0.515  T  d1
   110     45.833  +0.294237  -0.729225  0.531  0.000  0.515  T  d0
   111     46.250  +0.737368  -0.398558  0.547  0.000  0.515  T  d1
   112     46.667  +0.718556  +0.270231  0.531  0.000  0.515  T  d0
   113     47.083  +0.388290  +0.744425  0.547  0.000  0.515  T  d1
   114     47.500  -0.266583  +0.721069  0.547  0.000  0.515  T  d0
   115     47.917  -0.738419  +0.352807  0.531  0.000  0.515  T  d0
   116     48.333  -0.719445  -0.238757  0.547  0.000  0.515  T  d1
   117     48.750  -0.323243  -0.726515  0.531  0.000  0.515  T  d0
   118     49.167  +0.232625  -0.731890  0.547  0.000  0.515  T  d1
   119     49.583  +0.676664  -0.321751  0.531  0.000  0.515  T  d0
   120     50.000  +0.755885  +0.259186  0.531  0.000  0.536  T  d0
   121     50.417  +0.334479  +0.664510  0.531  0.000  0.536  T  d1
   122     50.833  -0.274133  +0.710922  0.531  0.000  0.536  T  d0
   123     51.250  -0.675139  +0.357738  0.531  0.000  0.536  T  d1
   124     51.667  -0.693643  -0.254168  0.531  0.000  0.536  T  d0
   125     52.083  -0.321653  -0.688105  0.516  0.000  0.536  T  d0
   126     52.500  +0.214263  -0.702417  0.516  0.000  0.536  T  d1
   127     52.917  +0.667402  -0.308139  0.516  0.000  0.536  T  d0
   128     53.333  +0.741556  +0.238997  0.516  0.000  0.536  T  d1
   129     53.750  +0.301373  +0.640564  0.531  0.000  0.536  T  d1
   130     54.167  -0.257374  +0.706031  0.531  0.000  0.536  T  d0
   131     54.583  -0.650141  +0.339342  0.531  0.000  0.536  T  d1
   132     55.000  -0.669532  -0.235594  0.531  0.000  0.536  T  d0
   133     55.417  -0.340075  -0.679439  0.531  0.000  0.536  T  d0
   134     55.833  +0.207857  -0.691100  0.531  0.000  0.536  T  d1
   135     56.250  +0.677674  -0.309032  0.531  0.000  0.536  T  d0
   136     56.667  +0.718129  +0.228939  0.531  0.000  0.605  T  d1
   137     57.083  +0.311744  +0.638500  0.531  0.000  0.605  T  d1
   138     57.500  -0.261537  +0.713900  0.516  0.520  0.605  P  d0
   139     57.917  -0.639343  +0.342441  0.500  0.520  0.605  P  d1
   140     58.333  -0.669227  -0.261476  0.500  0.520  0.605  P  d0
   141     58.750  -0.368890  -0.674589  0.484  0.520  0.605  P  d1
   142     59.167  +0.240708  -0.645652  0.484  0.520  0.605  P  d0
   143     59.583  +0.697147  -0.363229  0.469  0.520  0.605  P  d1
   144     60.000  +0.655651  +0.222707  0.469  0.520  0.605  P  d0
   145     60.417  +0.347918  +0.694596  0.453  0.520  0.605  P  d0
   146     60.833  -0.203434  +0.691816  0.453  0.520  0.605  P  d1
   147     61.250  -0.711974  +0.326639  0.438  0.520  0.605  P  d0
   148     61.667  -0.698297  -0.205344  0.438  0.520  0.605  P  d1
   149     62.083  -0.331538  -0.685841  0.438  0.520  0.605  P  d0
   150     62.500  +0.217899  -0.742395  0.422  0.526  0.605  P  d1
   151     62.917  +0.672941  -0.339438  0.422  0.526  0.605  P  d1
   152     63.333  +0.750113  +0.256367  0.422  0.526  0.674  P  d0
   153     63.750  +0.361024  +0.666258  0.406  0.526  0.674  P  d1
   154     64.167  -0.260042  +0.726868  0.406  0.526  0.674  P  d0
   155     64.583  -0.696500  +0.371844  0.391  0.526  0.674  P  d1
   156     65.000  -0.721527  -0.225773  0.391  0.526  0.674  P  d1
   157     65.417  -0.357448  -0.729141  0.375  0.526  0.674  P  d0
   158     65.833  +0.223646  -0.754687  0.359  0.526  0.674  P  d1
   159     66.250  +0.720387  -0.347593  0.359  0.526  0.674  P  d0
   160     66.667  +0.792386  +0.272064  0.344  0.526  0.674  P  d0
   161     67.083  +0.356659  +0.696280  0.344  0.526  0.674  P  d1
   162     67.500  -0.266706  +0.791396  0.344  0.517  0.674  P  d0
   163     67.917  -0.755452  +0.405280  0.328  0.517  0.674  P  d1
   164     68.333  -0.774165  -0.253464  0.328  0.517  0.674  P  d0
   165     68.750  -0.409509  -0.777756  0.312  0.517  0.674  P  d0
   166     69.167  +0.226493  -0.813754  0.297  0.517  0.674  P  d1
   167     69.583  +0.743901  -0.382203  0.297  0.517  0.674  P  d0
   168     70.000  +0.828277  +0.224763  0.281  0.517  0.700  P  d1
   169     70.417  +0.387088  +0.708236  0.281  0.517  0.700  P  d1
   170     70.833  -0.263077  +0.788195  0.281  0.517  0.700  P  d1
   171     71.250  -0.763833  +0.296830  0.266  0.517  0.700  P  d1
   172     71.667  -0.611282  -0.381734  0.266  0.517  0.700  P  d1
   173     72.083  +0.148311  -0.681730  0.250  0.517  0.700  P  d1
   174     72.500  +0.202292  -0.109920  0.250  0.500  0.700  P  d1
   175     72.917  +0.231329  +0.226624  0.234  0.500  0.700  P  d2
   176     73.333  -0.009627  -0.147834  0.234  0.500  0.700  P  d2
   177     73.750  +0.008927  +0.146245  0.219  0.500  0.700  P  d3
   178     74.167  +0.056403  -0.039107  0.203  0.500  0.700  P  d2
   179     74.583  -0.018847  +0.035131  0.203  0.500  0.700  P  d0
   180     75.000  -0.011959  +0.030940  0.188  0.500  0.700  P  d3
   181     75.417  +0.027960  +0.025702  0.188  0.500  0.700  P  d2
   182     75.833  -0.028091  -0.020284  0.172  0.500  0.700  P  d3
   183     76.250  -0.018905  +0.022522  0.172  0.500  0.700  P  d0
   184     76.667  -0.005271  +0.013420  0.172  0.500  0.657  P  d2
   185     77.083  +0.014512  -0.010112  0.156  0.500  0.657  P  d3
   186     77.500  -0.027240  -0.020704  0.156  0.478  0.657  P  d3
   187     77.917  -0.018465  +0.006285  0.141  0.478  0.657  P  d3
   188     78.333  +0.017150  +0.014542  0.141  0.478  0.657  P  d3
   189     78.750  +0.020419  -0.033962  0.141  0.478  0.657  P  d3
   190     79.167  -0.036606  -0.012349  0.125  0.478  0.657  P  d3
   191     79.583  +0.012124  +0.042768  0.125  0.478  0.657  P  d3
   192     80.000  +0.034930  -0.034507  0.109  0.478  0.657  P  d3
   193     80.417  -0.040850  -0.010270  0.094  0.478  0.657  P  d3
   194     80.833  +0.021151  +0.042392  0.094  0.478  0.657  P  d3
   195     81.250  +0.020628  -0.032078  0.078  0.478  0.657  P  d3
   196     81.667  -0.036478  +0.000477  0.078  0.478  0.657  P  d3
   197     82.083  +0.015661  +0.029492  0.062  0.478  0.657  P  d3
   198     82.500  +0.015645  -0.016881  0.047  0.459  0.657  P  d3
   199     82.917  -0.016303  -0.012575  0.047  0.459  0.657  P  d3
   200     83.333  -0.010829  +0.015038  0.031  0.459  0.687  P  d3
   201     83.750  +0.015488  +0.013151  0.047  0.459  0.687  P  d3
   202     84.167  +0.010923  -0.017144  0.047  0.459  0.687  P  d3
   203     84.583  -0.021451  -0.008454  0.062  0.459  0.687  P  d3
   204     85.000  -0.010513  +0.015526  0.078  0.459  0.687  P  d3
   205     85.417  +0.022164  +0.007161  0.078  0.459  0.687  P  d3
   206     85.833  +0.007743  -0.019297  0.078  0.459  0.687  P  d3
   207     86.250  -0.020902  -0.007894  0.078  0.459  0.687  P  d3
   208     86.667  -0.006104  +0.024063  0.094  0.459  0.687  P  d3
   209     87.083  +0.024500  +0.003087  0.109  0.459  0.687  P  d3
   210     87.500  +0.002397  -0.020770  0.109  0.435  0.687  P  d3
   211     87.917  -0.026172  +0.000247  0.125  0.435  0.687  P  d3
   212     88.333  -0.002648  +0.023182  0.109  0.435  0.687  P  d3
   213     88.750  +0.030312  -0.002444  0.109  0.435  0.687  P  d3
   214     89.167  -0.010161  -0.037508  0.109  0.435  0.687  P  d3
   215     89.583  -0.031817  +0.031671  0.109  0.435  0.687  P  d3
   216     90.000  +0.042247  +0.012112  0.094  0.435  0.657  P  d3
   217     90.417  -0.010614  -0.047815  0.094  0.435  0.657  P  d3
   218     90.833  -0.025075  +0.034878  0.094  0.435  0.657  P  d3
   219     91.250  +0.042513  +0.002819  0.094  0.435  0.657  P  d3
   220     91.667  -0.021251  -0.036926  0.094  0.435  0.657  P  d3
   221     92.083  -0.016893  +0.034991  0.094  0.435  0.657  P  d3
   222     92.500  +0.046037  -0.003975  0.094  0.398  0.657  P  d3
   223     92.917  -0.027147  -0.030331  0.094  0.398  0.657  P  d3
   224     93.333  -0.012239  +0.042310  0.109  0.398  0.657  P  d3
   225     93.750  +0.039886  -0.001884  0.109  0.398  0.657  P  d2
   226     94.167  -0.033131  -0.025286  0.109  0.398  0.657  P  d3
   227     94.583  -0.013588  +0.048687  0.109  0.398  0.657  P  d3
   228     95.000  +0.029840  -0.012288  0.109  0.398  0.657  P  d3
   229     95.417  -0.035143  -0.020909  0.109  0.398  0.657  P  d3
   230     95.833  -0.013517  +0.028362  0.109  0.398  0.657  P  d2
   231     96.250  +0.019516  -0.009994  0.109  0.398  0.657  P  d3
   232     96.667  -0.003918  -0.032114  0.109  0.398  0.665  P  d0
   233     97.083  -0.019725  -0.017117  0.109  0.398  0.665  P  d1
   234     97.500  +0.013545  -0.011500  0.109  0.339  0.665  P  d0
   235     97.917  +0.038976  -0.032266  0.109  0.339  0.665  P  d0
   236     98.333  +0.049246  -0.065153  0.109  0.339  0.665  P  d1
   237     98.750  +0.097978  +0.100059  0.109  0.339  0.665  P  d1
   238     99.167  -0.076942  +0.175544  0.109  0.339  0.665  P  d1
   239     99.583  -0.097374  -0.034722  0.109  0.339  0.665  P  d0
   240    100.000  -0.047256  -0.064032  0.109  0.339  0.665  P  d0
   241    100.417  -0.022746  -0.020287  0.109  0.339  0.665  P  d1
   242    100.833  +0.011919  -0.002715  0.109  0.339  0.665  P  d0
   243    101.250  +0.048979  -0.032098  0.125  0.339  0.665  P  d3
   244    101.667  +0.000410  -0.015709  0.125  0.339  0.665  P  d2
   245    102.083  -0.000208  +0.021715  0.125  0.339  0.665  P  d3
   246    102.500  +0.049165  +0.007106  0.125  0.241  0.665  P  d3
   247    102.917  +0.021173  -0.036788  0.125  0.241  0.665  P  d2
   248    103.333  -0.038339  +0.025487  0.125  0.241  0.627  P  d3
   249    103.750  +0.025406  +0.021073  0.125  0.241  0.627  P  d3
   250    104.167  +0.005136  -0.035696  0.125  0.241  0.627  P  d3
   251    104.583  -0.056541  +0.026625  0.125  0.241  0.627  P  d3
   252    105.000  +0.016562  +0.021490  0.125  0.241  0.627  P  d3
   253    105.417  +0.007158  -0.041484  0.125  0.241  0.627  P  d2
   254    105.833  -0.043586  +0.033910  0.125  0.241  0.627  P  d2
   255    106.250  +0.017501  -0.008723  0.125  0.241  0.627  P  d0
   256    106.667  +0.032075  +0.008846  0.125  0.241  0.627  P  d2
   257    107.083  -0.011439  -0.012006  0.125  0.241  0.627  P  d3
   258    107.500  -0.026392  +0.020644  0.125  0.075  0.627  T  d3
   259    107.917  +0.026575  +0.004358  0.141  0.075  0.627  T  d3
   260    108.333  +0.017438  -0.038431  0.141  0.075  0.627  T  d3
   261    108.750  -0.018124  -0.008450  0.141  0.075  0.627  T  d3
   262    109.167  -0.008362  +0.026815  0.141  0.075  0.627  T  d3
   263    109.583  +0.049415  +0.001869  0.141  0.075  0.627  T  d3
   264    110.000  -0.037728  -0.042498  0.141  0.075  0.562  T  d3
   265    110.417  -0.024801  +0.042471  0.141  0.075  0.562  T  d3
   266    110.833  +0.037752  +0.003241  0.141  0.075  0.562  T  d3
   267    111.250  -0.034036  -0.047646  0.125  0.075  0.562  T  d2
   268    111.667  -0.001607  +0.051158  0.109  0.075  0.562  T  d3
   269    112.083  +0.014989  -0.008434  0.109  0.075  0.562  T  d3
   270    112.500  -0.004939  -0.036382  0.125  0.000  0.562  T  d2
   271    112.917  -0.005088  +0.043618  0.125  0.000  0.562  T  d3
   272    113.333  +0.021087  +0.003623  0.109  0.000  0.562  T  d3
   273    113.750  +0.011495  -0.017442  0.094  0.000  0.562  T  d2
   274    114.167  -0.014816  +0.004999  0.094  0.000  0.562  T  d0
   275    114.583  -0.015365  +0.017472  0.078  0.000  0.562  T  d3
   276    115.000  +0.031069  +0.002925  0.078  0.000  0.562  T  d3
   277    115.417  -0.010587  -0.039545  0.078  0.000  0.562  T  d3
   278    115.833  -0.023475  -0.013128  0.078  0.000  0.562  T  d2
   279    116.250  +0.020239  +0.056537  0.078  0.000  0.562  T  d2
   280    116.667  +0.014750  -0.047814  0.078  0.000  0.536  T  d3
   281    117.083  -0.042920  -0.022886  0.078  0.000  0.536  T  d2
   282    117.500  +0.022522  +0.065146  0.078  0.000  0.536  T  d2
   283    117.917  +0.014787  -0.040026  0.078  0.000  0.536  T  d3
   284    118.333  -0.037872  -0.005453  0.078  0.000  0.536  T  d3
   285    118.750  +0.020993  +0.056964  0.094  0.000  0.536  T  d2
   286    119.167  +0.000020  -0.037350  0.094  0.000  0.536  T  d3
   287    119.583  -0.017774  -0.009164  0.109  0.000  0.536  T  d3
   288    120.000  +0.007964  +0.030266  0.094  0.000  0.536  T  d3
   289    120.417  +0.030190  -0.005371  0.109  0.000  0.536  T  d3
   290    120.833  -0.006689  -0.008909  0.109  0.000  0.536  T  d0
   291    121.250  -0.019132  -0.015810  0.125  0.000  0.536  T  d2
   292    121.667  +0.019765  +0.029133  0.141  0.000  0.536  T  d3
   293    122.083  +0.009884  -0.001128  0.141  0.000  0.536  T  d3
   294    122.500  -0.016169  -0.026964  0.141  0.000  0.536  T  d3
   295    122.917  -0.024205  +0.004970  0.141  0.000  0.536  T  d2
   296    123.333  +0.009707  +0.003692  0.141  0.000  0.545  T  d0
   297    123.750  +0.026705  -0.006535  0.141  0.000  0.545  T  d2
   298    124.167  -0.031971  -0.016271  0.141  0.000  0.545  T  d3
   299    124.583  -0.022291  +0.019682  0.156  0.000  0.545  T  d3
   300    125.000  +0.032672  +0.010940  0.156  0.000  0.545  T  d3
   301    125.417  +0.001821  -0.017348  0.156  0.000  0.545  T  d0
   302    125.833  -0.012131  -0.026952  0.156  0.000  0.545  T  d2
   303    126.250  +0.004980  +0.043597  0.156  0.000  0.545  T  d3
   304    126.667  +0.060761  +0.010937  0.156  0.000  0.545  T  d2
   305    127.083  -0.025411  -0.017240  0.156  0.000  0.545  T  d3
   306    127.500  -0.024309  +0.023879  0.156  0.000  0.545  T  d3
   307    127.917  +0.036057  +0.012937  0.141  0.000  0.545  T  d3
   308    128.333  -0.008228  -0.034381  0.141  0.000  0.545  T  d3
   309    128.750  -0.036746  +0.051573  0.141  0.000  0.545  T  d2
   310    129.167  +0.009269  -0.016460  0.141  0.000  0.545  T  d3
   311    129.583  -0.039017  -0.057885  0.141  0.000  0.545  T  d3
   312    130.000  -0.015401  +0.056586  0.141  0.000  0.528  T  d2
   313    130.417  +0.010468  -0.042886  0.141  0.000  0.528  T  d3
   314    130.833  -0.042525  -0.045448  0.141  0.000  0.528  T  d2
   315    131.250  +0.008479  +0.031793  0.141  0.000  0.528  T  d3
   316    131.667  +0.046088  -0.052122  0.141  0.000  0.528  T  d0
   317    132.083  -0.001871  -0.044156  0.141  0.000  0.528  T  d1
   318    132.500  +0.105618  +0.018937  0.141  0.193  0.528  P  d0
   319    132.917  +0.114298  +0.072936  0.141  0.193  0.528  P  d1
   320    133.333  -0.067794  +0.098978  0.141  0.193  0.528  P  d0
   321    133.750  -0.059819  +0.061825  0.141  0.193  0.528  P  d1
   322    134.167  -0.022069  -0.034237  0.141  0.193  0.528  P  d0
   323    134.583  -0.084969  -0.033221  0.125  0.193  0.528  P  d0
   324    135.000  -0.009926  +0.000748  0.125  0.193  0.528  P  d1
   325    135.417  +0.010839  -0.080823  0.125  0.193  0.528  P  d3
   326    135.833  -0.029623  -0.021567  0.125  0.193  0.528  P  d2
   327    136.250  +0.019143  +0.015101  0.125  0.193  0.528  P  d3
   328    136.667  +0.045793  -0.036624  0.125  0.193  0.515  P  d2
   329    137.083  -0.032361  +0.014266  0.109  0.193  0.515  P  d3
   330    137.500  +0.045876  +0.020869  0.109  0.199  0.515  P  d0
   331    137.917  +0.024728  -0.003621  0.125  0.199  0.515  P  d2
   332    138.333  -0.032350  +0.014499  0.125  0.199  0.515  P  d3
   333    138.750  +0.036606  +0.034780  0.125  0.199  0.515  P  d2
   334    139.167  -0.001624  -0.027385  0.109  0.199  0.515  P  d3
   335    139.583  -0.038321  +0.011027  0.125  0.199  0.515  P  d3
   336    140.000  +0.033194  +0.026030  0.125  0.199  0.515  P  d3
   337    140.417  -0.004019  -0.043981  0.125  0.199  0.515  P  d3
   338    140.833  -0.054478  +0.025689  0.141  0.199  0.515  P  d2
   339    141.250  +0.045935  +0.003842  0.141  0.199  0.515  P  d3
   340    141.667  -0.003865  -0.045194  0.156  0.199  0.515  P  d3
   341    142.083  -0.042288  +0.040050  0.156  0.199  0.515  P  d2
   342    142.500  +0.041475  -0.000807  0.156  0.122  0.515  P  d3
   343    142.917  -0.005317  -0.040745  0.156  0.122  0.515  P  d3
   344    143.333  -0.035055  +0.025030  0.156  0.122  0.494  P  d3
   345    143.750  +0.062194  +0.017532  0.156  0.122  0.494  P  d2
   346    144.167  -0.021410  -0.037671  0.156  0.122  0.494  P  d3
   347    144.583  -0.026035  +0.047048  0.156  0.122  0.494  P  d3
   348    145.000  +0.039182  -0.010542  0.156  0.122  0.494  P  d3
   349    145.417  -0.031794  -0.030093  0.141  0.122  0.494  P  d3
   350    145.833  -0.007010  +0.044543  0.141  0.122  0.494  P  d2
   351    146.250  +0.025985  -0.022349  0.125  0.122  0.494  P  d3
   352    146.667  -0.024123  -0.029943  0.125  0.122  0.494  P  d2
   353    147.083  -0.004859  +0.052302  0.109  0.122  0.494  P  d2
   354    147.500  +0.017500  -0.017143  0.109  0.090  0.494  T  d3
   355    147.917  -0.036679  -0.051235  0.094  0.090  0.494  T  d2
   356    148.333  +0.011488  +0.051207  0.078  0.090  0.494  T  d3
   357    148.750  +0.041855  -0.035697  0.078  0.090  0.494  T  d3
   358    149.167  -0.045692  -0.011970  0.078  0.090  0.494  T  d2
   359    149.583  +0.037701  +0.022321  0.078  0.090  0.494  T  d3
   360    150.000  +0.035798  -0.017605  0.078  0.090  0.498  T  d3
   361    150.417  -0.013299  -0.013242  0.078  0.090  0.498  T  d2
   362    150.833  +0.048439  +0.061295  0.078  0.090  0.498  T  d0
   363    151.250  +0.024181  +0.010803  0.062  0.090  0.498  T  d1
   364    151.667  -0.062530  +0.029286  0.062  0.090  0.498  T  d3
   365    152.083  -0.018937  +0.056428  0.062  0.090  0.498  T  d1
   366    152.500  -0.036938  -0.030716  0.062  0.107  0.498  T  d0
   367    152.917  -0.110939  -0.008984  0.078  0.107  0.498  T  d1
   368    153.333  -0.028071  -0.057671  0.094  0.107  0.498  T  d1
   369    153.750  +0.063553  -0.114951  0.094  0.107  0.498  T  d0
   370    154.167  +0.016433  -0.021223  0.109  0.107  0.498  T  d1
   371    154.583  +0.083838  +0.050679  0.125  0.107  0.498  T  d0
   372    155.000  +0.045942  -0.007662  0.125  0.107  0.498  T  d1
   373    155.417  -0.016229  +0.048560  0.141  0.107  0.498  T  d3
   374    155.833  +0.037686  +0.045939  0.156  0.107  0.498  T  d2
   375    156.250  -0.001943  -0.004750  0.156  0.107  0.498  T  d3
   376    156.667  -0.051908  +0.026810  0.172  0.107  0.536  T  d3
   377    157.083  +0.020668  +0.018204  0.172  0.107  0.536  T  d2
   378    157.500  -0.018348  -0.048657  0.172  0.140  0.536  P  d3
   379    157.917  -0.063292  +0.015534  0.188  0.140  0.536  P  d2
   380    158.333  +0.032788  +0.002240  0.203  0.140  0.536  P  d3
   381    158.750  -0.026383  -0.057371  0.219  0.140  0.536  P  d3
   382    159.167  -0.015187  +0.016385  0.234  0.140  0.536  P  d3
   383    159.583  +0.041940  +0.002179  0.250  0.140  0.536  P  d3
   384    160.000  +0.000755  -0.018961  0.250  0.140  0.536  P  d2
   385    160.417  -0.016290  +0.034173  0.250  0.140  0.536  P  d3
   386    160.833  +0.053900  +0.001116  0.250  0.140  0.536  P  d3
   387    161.250  -0.010274  -0.023020  0.266  0.140  0.536  P  d2
   388    161.667  -0.008098  +0.054241  0.266  0.140  0.536  P  d3
   389    162.083  +0.032572  -0.006473  0.281  0.140  0.536  P  d3
   390    162.500  -0.030561  -0.024225  0.297  0.107  0.536  T  d3
   391    162.917  -0.021411  +0.044265  0.312  0.107  0.536  T  d2
   392    163.333  +0.001498  -0.028177  0.312  0.107  0.536  T  d3
   393    163.750  -0.020657  -0.018340  0.312  0.107  0.536  T  d3
   394    164.167  -0.049463  +0.003314  0.312  0.107  0.536  T  d1
   395    164.583  -0.004515  -0.008353  0.297  0.107  0.536  T  d1
   396    165.000  +0.021625  -0.047758  0.297  0.107  0.536  T  d3
   397    165.417  -0.023487  -0.034744  0.297  0.107  0.536  T  d1
   398    165.833  +0.025197  -0.005584  0.297  0.107  0.536  T  d0
   399    166.250  +0.092124  -0.028180  0.281  0.107  0.536  T  d0
   400    166.667  +0.124468  +0.002245  0.281  0.107  0.536  T  d1
   401    167.083  +0.017645  +0.142489  0.281  0.107  0.536  T  d0
   402    167.500  -0.039796  +0.097435  0.281  0.131  0.536  P  d0
   403    167.917  -0.051059  +0.036515  0.281  0.131  0.536  P  d1
   404    168.333  -0.070953  -0.013985  0.266  0.131  0.536  P  d0
   405    168.750  -0.070730  -0.038271  0.266  0.131  0.536  P  d0
   406    169.167  -0.059590  -0.019943  0.266  0.131  0.536  P  d1
   407    169.583  -0.020548  -0.067217  0.266  0.131  0.536  P  d0
   408    170.000  -0.026916  -0.114493  0.266  0.131  0.528  P  d1
   409    170.417  +0.059009  -0.084237  0.266  0.131  0.528  P  d1
   410    170.833  +0.118799  +0.036443  0.266  0.131  0.528  P  d0
   411    171.250  +0.083976  +0.064350  0.266  0.131  0.528  P  d0
   412    171.667  +0.012257  +0.065814  0.266  0.131  0.528  P  d0
   413    172.083  -0.039555  +0.082314  0.266  0.131  0.528  P  d0
   414    172.500  -0.056533  +0.052020  0.266  0.200  0.528  P  d0
   415    172.917  -0.053723  +0.000556  0.266  0.200  0.528  P  d1
   416    173.333  -0.077155  -0.110719  0.266  0.200  0.528  P  d1
   417    173.750  +0.033909  -0.093144  0.266  0.200  0.528  P  d1
   418    174.167  +0.079217  +0.011789  0.266  0.200  0.528  P  d0
   419    174.583  +0.071265  -0.011596  0.266  0.200  0.528  P  d1
   420    175.000  -0.006300  +0.032271  0.266  0.200  0.528  P  d0
   421    175.417  -0.025137  +0.048076  0.266  0.200  0.528  P  d0
   422    175.833  +0.004366  +0.023169  0.266  0.200  0.528  P  d0
   423    176.250  -0.012131  +0.019675  0.281  0.200  0.528  P  d1
   424    176.667  -0.039562  -0.030736  0.281  0.200  0.545  P  d3
   425    177.083  -0.019564  +0.032066  0.297  0.200  0.545  P  d3
   426    177.500  +0.016268  +0.000924  0.297  0.165  0.545  P  d3
   427    177.917  +0.009846  -0.035502  0.312  0.165  0.545  P  d3
   428    178.333  -0.024953  -0.018258  0.312  0.165  0.545  P  d2
   429    178.750  +0.008457  +0.012082  0.328  0.165  0.545  P  d3
   430    179.167  +0.026968  +0.001570  0.328  0.165  0.545  P  d3
   431    179.583  -0.003359  -0.015428  0.328  0.165  0.545  P  d3
   432    180.000  -0.029853  -0.018222  0.328  0.165  0.545  P  d2
   433    180.417  +0.017360  +0.014806  0.328  0.165  0.545  P  d0
   434    180.833  +0.013360  +0.007007  0.312  0.165  0.545  P  d3
   435    181.250  +0.018591  -0.018212  0.297  0.165  0.545  P  d2
   436    181.667  -0.038492  +0.006223  0.297  0.165  0.545  P  d3
   437    182.083  +0.015300  +0.031519  0.281  0.165  0.545  P  d3
   438    182.500  +0.017295  +0.000433  0.266  0.166  0.545  P  d3
   439    182.917  -0.014044  -0.039184  0.266  0.166  0.545  P  d2
   440    183.333  -0.010112  +0.023165  0.250  0.166  0.545  P  d3
   441    183.750  +0.007280  +0.015930  0.250  0.166  0.545  P  d3
   442    184.167  +0.039801  -0.016168  0.250  0.166  0.545  P  d2
   443    184.583  -0.032150  -0.008545  0.234  0.166  0.545  P  d3
   444    185.000  -0.016398  +0.037029  0.234  0.166  0.545  P  d2
   445    185.417  +0.054673  -0.023406  0.219  0.166  0.545  P  d2
   446    185.833  -0.045785  -0.008343  0.219  0.166  0.545  P  d3
   447    186.250  +0.008735  +0.042309  0.219  0.166  0.545  P  d3
   448    186.667  +0.018763  -0.021935  0.234  0.166  0.545  P  d2
   449    187.083  -0.063443  +0.011377  0.250  0.166  0.545  P  d3
   450    187.500  -0.001373  +0.021080  0.266  0.142  0.545  P  d2
   451    187.917  +0.006757  -0.042562  0.250  0.142  0.545  P  d3
   452    188.333  -0.064373  -0.023440  0.266  0.142  0.545  P  d2
   453    188.750  +0.033979  +0.005774  0.250  0.142  0.545  P  d3
   454    189.167  +0.024211  -0.048033  0.250  0.142  0.545  P  d0
   455    189.583  -0.006971  -0.038622  0.250  0.142  0.545  P  d1
   456    190.000  +0.095609  +0.009536  0.250  0.142  0.545  P  d0
   457    190.417  +0.099269  +0.006227  0.266  0.142  0.545  P  d1
   458    190.833  -0.014608  +0.120431  0.266  0.142  0.545  P  d0
   459    191.250  -0.039942  +0.086233  0.266  0.142  0.545  P  d1
   460    191.667  -0.046921  -0.034190  0.266  0.142  0.545  P  d0
   461    192.083  -0.100211  -0.004757  0.266  0.142  0.545  P  d1
   462    192.500  +0.003446  -0.010046  0.281  0.143  0.545  P  d0
   463    192.917  -0.017196  -0.078487  0.281  0.143  0.545  P  d0
   464    193.333  -0.036953  -0.027088  0.297  0.143  0.545  P  d2
   465    193.750  +0.066491  +0.001859  0.312  0.143  0.545  P  d3
   466    194.167  +0.021283  -0.037655  0.297  0.143  0.545  P  d2
   467    194.583  -0.006777  +0.049258  0.297  0.143  0.545  P  d3
   468    195.000  +0.051398  +0.011268  0.312  0.143  0.545  P  d3
   469    195.417  +0.002312  -0.017465  0.328  0.143  0.545  P  d2
   470    195.833  -0.021109  +0.050254  0.344  0.143  0.545  P  d3
   471    196.250  +0.044570  +0.004392  0.359  0.143  0.545  P  d3
   472    196.667  -0.008524  -0.024618  0.359  0.143  0.558  P  d3
   473    197.083  -0.049076  +0.045246  0.375  0.143  0.558  P  d3
   474    197.500  +0.008374  +0.014652  0.391  0.114  0.558  T  d2
   475    197.917  -0.050981  -0.047359  0.391  0.114  0.558  T  d0
   476    198.333  -0.049957  -0.015628  0.406  0.114  0.558  T  d1
   477    198.750  +0.000530  -0.007568  0.406  0.114  0.558  T  d0
   478    199.167  +0.023132  -0.055209  0.422  0.114  0.558  T  d0
   479    199.583  +0.008555  -0.035948  0.438  0.114  0.558  T  d0
   480    200.000  +0.024569  -0.019999  0.438  0.114  0.558  T  d0
   481    200.417  +0.114217  +0.003078  0.453  0.114  0.558  T  d0
   482    200.833  +0.118746  +0.063218  0.469  0.114  0.558  T  d1
   483    201.250  -0.039099  +0.087439  0.469  0.114  0.558  T  d0
   484    201.667  -0.040500  +0.118427  0.484  0.114  0.558  T  d1
   485    202.083  -0.040638  -0.004848  0.484  0.114  0.558  T  d0
   486    202.500  -0.096788  -0.040644  0.500  0.102  0.558  T  d0
   487    202.917  -0.042962  +0.013739  0.500  0.102  0.558  T  d1
   488    203.333  -0.037981  -0.064900  0.500  0.102  0.549  T  d0
   489    203.750  -0.063452  -0.092938  0.500  0.102  0.549  T  d1
   490    204.167  +0.016004  -0.059051  0.500  0.102  0.549  T  d1
   491    204.583  +0.125514  -0.058448  0.484  0.102  0.549  T  d1
   492    205.000  +0.067338  +0.026658  0.500  0.102  0.549  T  d1
   493    205.417  +0.034437  +0.092915  0.484  0.102  0.549  T  d0
   494    205.833  +0.017967  +0.097032  0.484  0.102  0.549  T  d1
   495    206.250  -0.036100  +0.031130  0.484  0.102  0.549  T  d0
   496    206.667  -0.089424  +0.015067  0.469  0.102  0.549  T  d0
   497    207.083  -0.084894  -0.020404  0.469  0.102  0.549  T  d1
   498    207.500  -0.002861  -0.123042  0.469  0.096  0.549  T  d1
   499    207.917  +0.094060  -0.088963  0.469  0.096  0.549  T  d0
   500    208.333  +0.043186  -0.006440  0.469  0.096  0.549  T  d0
   501    208.750  +0.039836  +0.025056  0.469  0.096  0.549  T  d0
   502    209.167  +0.052453  +0.055861  0.469  0.096  0.549  T  d0
   503    209.583  +0.007249  +0.024859  0.469  0.096  0.549  T  d1
   504    210.000  -0.033302  +0.054234  0.469  0.096  0.519  T  d0
   505    210.417  -0.031985  +0.090152  0.469  0.096  0.519  T  d0
   506    210.833  -0.048261  +0.056697  0.484  0.096  0.519  T  d1
   507    211.250  -0.111317  -0.063115  0.484  0.096  0.519  T  d0
   508    211.667  -0.051837  -0.093806  0.484  0.096  0.519  T  d1
   509    212.083  +0.050464  -0.062257  0.484  0.096  0.519  T  d0
   510    212.500  +0.082594  -0.058389  0.484  0.100  0.519  T  d0
   511    212.917  +0.069805  -0.017251  0.484  0.100  0.519  T  d1
   512    213.333  +0.038226  +0.039453  0.469  0.100  0.519  T  d0
   513    213.750  +0.036991  +0.104644  0.469  0.100  0.519  T  d0
   514    214.167  -0.033911  +0.076693  0.453  0.100  0.519  T  d1
   515    214.583  -0.119166  -0.022421  0.469  0.100  0.519  T  d0
   516    215.000  -0.081359  -0.046613  0.453  0.100  0.519  T  d1
   517    215.417  +0.015797  -0.033805  0.469  0.100  0.519  T  d0
   518    215.833  +0.067003  -0.056378  0.453  0.100  0.519  T  d0
   519    216.250  +0.006309  -0.011980  0.453  0.100  0.519  T  d1
   520    216.667  +0.027526  +0.027394  0.453  0.100  0.519  T  d0
   521    217.083  +0.030934  +0.029743  0.453  0.100  0.519  T  d3
   522    217.500  +0.023134  -0.005034  0.469  0.052  0.519  T  d1
   523    217.917  -0.007283  +0.013990  0.469  0.052  0.519  T  d0
   524    218.333  -0.044918  +0.023315  0.484  0.052  0.519  T  d3
   525    218.750  +0.011958  +0.020165  0.484  0.052  0.519  T  d2
   526    219.167  -0.013697  -0.035397  0.484  0.052  0.519  T  d0
   527    219.583  -0.013994  -0.006346  0.500  0.052  0.519  T  d3
   528    220.000  -0.024378  +0.016282  0.484  0.052  0.519  T  d3
   529    220.417  +0.015115  +0.009803  0.484  0.052  0.519  T  d3
   530    220.833  +0.012989  -0.036617  0.500  0.052  0.519  T  d3
   531    221.250  -0.039236  -0.022405  0.500  0.052  0.519  T  d2
   532    221.667  +0.011006  +0.028517  0.500  0.052  0.519  T  d3
   533    222.083  +0.059571  -0.043764  0.484  0.052  0.519  T  d3
   534    222.500  -0.011779  -0.025442  0.484  0.008  0.519  T  d2
   535    222.917  +0.024932  +0.053949  0.469  0.008  0.519  T  d3
   536    223.333  +0.055804  +0.012269  0.469  0.008  0.519  T  d1
   537    223.750  -0.039089  +0.034888  0.453  0.008  0.519  T  d0
   538    224.167  -0.028154  +0.101728  0.438  0.008  0.519  T  d1
   539    224.583  -0.070379  -0.017419  0.453  0.008  0.519  T  d0
   540    225.000  -0.104842  -0.096453  0.438  0.008  0.519  T  d1
   541    225.417  +0.050376  -0.052087  0.438  0.008  0.519  T  d0
   542    225.833  +0.072314  -0.069766  0.438  0.008  0.519  T  d0
   543    226.250  +0.032040  -0.024106  0.422  0.008  0.519  T  d1
   544    226.667  +0.093097  +0.062606  0.438  0.008  0.519  T  d0
   545    227.083  +0.049637  +0.037957  0.438  0.008  0.519  T  d1
   546    227.500  -0.030523  +0.091017  0.422  0.055  0.519  T  d0
   547    227.917  -0.074521  +0.127947  0.438  0.055  0.519  T  d1
   548    228.333  -0.127360  -0.079510  0.438  0.055  0.519  T  d0
   549    228.750  -0.077898  -0.063737  0.438  0.055  0.519  T  d1
   550    229.167  +0.039883  -0.039360  0.438  0.055  0.519  T  d0
   551    229.583  +0.019087  -0.085607  0.422  0.055  0.519  T  d1
   552    230.000  +0.017109  -0.003004  0.438  0.055  0.519  T  d0
   553    230.417  +0.089101  -0.009536  0.438  0.055  0.519  T  d0
   554    230.833  +0.068259  -0.051532  0.438  0.055  0.519  T  d1
   555    231.250  +0.061815  +0.075365  0.453  0.055  0.519  T  d0
   556    231.667  +0.036896  +0.135987  0.438  0.055  0.519  T  d1
   557    232.083  -0.109131  +0.030484  0.453  0.055  0.519  T  d0
   558    232.500  -0.096555  -0.013239  0.453  0.057  0.519  T  d0
   559    232.917  -0.062550  -0.025467  0.453  0.057  0.519  T  d1
   560    233.333  -0.002999  -0.061980  0.469  0.057  0.519  T  d0
   561    233.750  -0.002425  -0.073419  0.469  0.057  0.519  T  d0
   562    234.167  +0.039009  -0.074468  0.484  0.057  0.519  T  d1
   563    234.583  +0.123688  +0.043361  0.500  0.057  0.519  T  d0
   564    235.000  +0.104236  +0.088105  0.500  0.057  0.519  T  d1
   565    235.417  -0.052061  +0.055364  0.516  0.057  0.519  T  d0
   566    235.833  -0.051990  +0.087826  0.516  0.057  0.519  T  d3
   567    236.250  +0.016414  +0.005658  0.516  0.057  0.519  T  d2
   568    236.667  -0.093314  -0.031270  0.516  0.057  0.502  T  d3
   569    237.083  -0.055343  +0.033930  0.516  0.057  0.502  T  d1
   570    237.500  -0.043650  -0.074417  0.500  0.014  0.502  T  d0
   571    237.917  -0.074862  -0.121347  0.516  0.014  0.502  T  d1
   572    238.333  +0.047832  -0.079287  0.500  0.014  0.502  T  d1
   573    238.750  +0.131952  -0.014829  0.516  0.014  0.502  T  d0
   574    239.167  +0.067298  +0.018274  0.500  0.014  0.502  T  d1
   575    239.583  +0.014353  +0.069192  0.500  0.014  0.502  T  d0
   576    240.000  +0.015284  +0.087903  0.516  0.014  0.502  T  d0
   577    240.417  +0.006863  +0.033567  0.500  0.014  0.502  T  d1
   578    240.833  -0.044642  +0.014159  0.516  0.014  0.502  T  d0
   579    241.250  -0.055556  +0.024212  0.516  0.014  0.502  T  d0
   580    241.667  -0.014407  +0.003879  0.516  0.014  0.502  T  d1
   581    242.083  -0.011222  -0.070211  0.516  0.014  0.502  T  d0
   582    242.500  -0.051667  -0.041043  0.516  0.055  0.502  T  d1
   583    242.917  +0.014664  -0.008170  0.516  0.055  0.502  T  d0
   584    243.333  +0.039518  -0.080399  0.516  0.055  0.506  T  d0
   585    243.750  +0.005362  -0.007856  0.500  0.055  0.506  T  d1
   586    244.167  +0.079353  +0.019730  0.484  0.055  0.506  T  d0
   587    244.583  +0.087852  +0.036444  0.484  0.055  0.506  T  d1
   588    245.000  -0.038715  +0.119134  0.469  0.055  0.506  T  d0
   589    245.417  -0.060699  +0.079006  0.469  0.055  0.506  T  d1
   590    245.833  -0.045030  -0.045428  0.453  0.055  0.506  T  d0
   591    246.250  -0.033472  -0.025941  0.438  0.055  0.506  T  d0
   592    246.667  -0.024298  -0.032755  0.453  0.055  0.506  T  d1
   593    247.083  +0.026206  -0.015107  0.438  0.055  0.506  T  d0
   594    247.500  +0.009382  -0.023666  0.438  0.042  0.506  T  d0
   595    247.917  -0.005938  -0.051860  0.438  0.042  0.506  T  d2
   596    248.333  -0.000387  +0.025493  0.422  0.042  0.506  T  d0
   597    248.750  +0.009047  +0.013919  0.422  0.042  0.506  T  d3
   598    249.167  +0.010912  -0.007239  0.406  0.042  0.506  T  d3
   599    249.583  -0.020127  -0.008149  0.406  0.042  0.506  T  d3
   600    250.000  -0.028204  +0.015682  0.406  0.042  0.532  T  d2
   601    250.417  +0.025286  -0.001988  0.406  0.042  0.532  T  d3
   602    250.833  +0.040553  -0.058176  0.422  0.042  0.532  T  d0
   603    251.250  +0.036299  -0.028287  0.406  0.042  0.532  T  d1
   604    251.667  +0.079258  +0.072137  0.422  0.042  0.532  T  d0
   605    252.083  +0.027736  +0.108599  0.422  0.042  0.532  T  d1
   606    252.500  -0.067668  +0.033207  0.422  0.010  0.532  T  d0
   607    252.917  -0.111323  +0.010080  0.422  0.010  0.532  T  d0
   608    253.333  -0.076648  -0.015153  0.422  0.010  0.532  T  d1
   609    253.750  -0.002418  -0.082754  0.422  0.010  0.532  T  d0
   610    254.167  -0.005387  -0.079373  0.438  0.010  0.532  T  d0
   611    254.583  +0.018422  -0.070256  0.438  0.010  0.532  T  d1
   612    255.000  +0.109452  +0.001146  0.438  0.010  0.532  T  d0
   613    255.417  +0.114788  +0.061469  0.438  0.010  0.532  T  d1
   614    255.833  -0.027113  +0.069804  0.438  0.010  0.532  T  d0
   615    256.250  -0.062214  +0.084728  0.438  0.010  0.532  T  d2
   616    256.667  -0.001563  -0.018001  0.422  0.010  0.541  T  d3
   617    257.083  -0.059748  -0.041406  0.406  0.010  0.541  T  d3
   618    257.500  -0.023768  +0.026931  0.422  0.000  0.541  T  d2
   619    257.917  +0.020784  -0.058657  0.406  0.000  0.541  T  d3
   620    258.333  -0.027422  -0.041819  0.406  0.000  0.541  T  d2
   621    258.750  +0.024006  +0.027316  0.391  0.000  0.541  T  d3
   622    259.167  +0.041021  -0.000981  0.391  0.000  0.541  T  d2
   623    259.583  -0.003419  -0.000959  0.375  0.000  0.541  T  d0
   624    260.000  -0.021002  +0.003479  0.359  0.000  0.541  T  d3
   625    260.417  +0.027976  +0.023167  0.359  0.000  0.541  T  d0
   626    260.833  +0.018769  +0.009802  0.344  0.000  0.541  T  d2
   627    261.250  -0.017429  -0.020416  0.328  0.000  0.541  T  d3
   628    261.667  -0.030527  +0.026299  0.328  0.000  0.541  T  d3
   629    262.083  +0.017441  +0.017914  0.312  0.000  0.541  T  d2
   630    262.500  -0.004564  -0.027758  0.312  0.006  0.541  T  d3
   631    262.917  -0.069440  -0.006229  0.312  0.006  0.541  T  d2
   632    263.333  +0.039189  +0.012536  0.328  0.006  0.536  T  d3
   633    263.750  -0.011509  -0.045196  0.328  0.006  0.536  T  d0
   634    264.167  -0.018482  -0.031894  0.344  0.006  0.536  T  d1
   635    264.583  +0.059520  -0.011187  0.328  0.006  0.536  T  d0
   636    265.000  +0.089607  -0.032824  0.344  0.006  0.536  T  d1
   637    265.417  +0.026703  +0.074629  0.344  0.006  0.536  T  d0
   638    265.833  -0.012700  +0.123937  0.344  0.006  0.536  T  d1
   639    266.250  -0.053846  +0.010965  0.344  0.006  0.536  T  d0
   640    266.667  -0.103384  -0.005972  0.328  0.006  0.536  T  d0
   641    267.083  -0.050739  -0.040106  0.344  0.006  0.536  T  d0
   642    267.500  -0.018808  -0.046202  0.344  0.000  0.536  T  d0
   643    267.917  +0.028457  -0.094885  0.328  0.000  0.536  T  d0
   644    268.333  +0.052261  -0.074685  0.344  0.000  0.536  T  d1
   645    268.750  +0.098391  +0.057282  0.344  0.000  0.536  T  d0
   646    269.167  +0.079309  +0.096773  0.344  0.000  0.536  T  d1
   647    269.583  -0.041132  +0.006892  0.344  0.000  0.536  T  d3
   648    270.000  -0.060265  +0.085539  0.344  0.000  0.545  T  d1
   649    270.417  -0.004300  -0.012872  0.359  0.000  0.545  T  d0
   650    270.833  -0.051898  -0.043676  0.375  0.000  0.545  T  d3
   651    271.250  -0.030679  +0.007592  0.375  0.000  0.545  T  d1
   652    271.667  +0.020665  -0.034602  0.391  0.000  0.545  T  d3
   653    272.083  -0.023707  -0.053632  0.391  0.000  0.545  T  d2
   654    272.500  +0.013337  +0.031256  0.406  0.000  0.545  T  d3
   655    272.917  +0.058648  -0.009410  0.406  0.000  0.545  T  d3
   656    273.333  -0.013669  -0.021830  0.406  0.000  0.545  T  d2
   657    273.750  -0.005356  +0.049217  0.422  0.000  0.545  T  d3
   658    274.167  +0.057707  -0.009087  0.422  0.000  0.545  T  d2
   659    274.583  -0.033949  -0.001551  0.438  0.000  0.545  T  d3
   660    275.000  -0.002411  +0.039848  0.453  0.000  0.545  T  d3
   661    275.417  +0.019562  +0.004672  0.453  0.000  0.545  T  d2
   662    275.833  -0.044400  -0.026185  0.469  0.000  0.545  T  d3
   663    276.250  -0.015274  +0.031830  0.469  0.000  0.545  T  d0
   664    276.667  -0.013365  +0.007631  0.469  0.000  0.541  T  d1
   665    277.083  -0.006129  -0.048152  0.484  0.000  0.541  T  d0
   666    277.500  -0.029018  -0.028027  0.469  0.000  0.541  T  d1
   667    277.917  +0.014913  -0.013349  0.484  0.000  0.541  T  d0
   668    278.333  +0.054371  -0.044759  0.469  0.000  0.541  T  d0
   669    278.750  +0.107247  -0.019625  0.469  0.000  0.541  T  d1
   670    279.167  +0.009970  +0.103792  0.453  0.000  0.541  T  d0
   671    279.583  -0.060770  +0.102094  0.453  0.000  0.541  T  d1
   672    280.000  -0.040910  +0.001800  0.438  0.000  0.541  T  d0
   673    280.417  -0.073137  -0.044288  0.438  0.000  0.541  T  d0
   674    280.833  -0.067288  -0.038550  0.422  0.000  0.541  T  d1
   675    281.250  +0.011049  -0.066011  0.406  0.000  0.541  T  d0
   676    281.667  +0.073179  -0.074998  0.406  0.000  0.541  T  d0
   677    282.083  +0.110344  -0.022439  0.406  0.000  0.541  T  d1
   678    282.500  +0.039805  +0.099343  0.406  0.000  0.541  T  d0
   679    282.917  +0.027875  +0.108330  0.406  0.000  0.541  T  d1
   680    283.333  -0.020685  +0.020668  0.422  0.000  0.532  T  d0
   681    283.750  -0.102706  +0.029665  0.438  0.000  0.532  T  d0
   682    284.167  -0.007426  +0.006396  0.422  0.000  0.532  T  d1
   683    284.583  -0.046877  -0.043794  0.438  0.000  0.532  T  d0
   684    285.000  -0.089072  -0.026390  0.438  0.000  0.532  T  d1
   685    285.417  -0.016538  -0.051559  0.438  0.000  0.532  T  d0
   686    285.833  +0.034961  -0.149669  0.438  0.000  0.532  T  d1
   687    286.250  +0.086152  -0.005177  0.438  0.000  0.532  T  d0
   688    286.667  +0.100283  +0.062719  0.453  0.000  0.532  T  d0
   689    287.083  +0.050069  +0.062403  0.453  0.000  0.532  T  d0
   690    287.500  -0.005409  +0.063244  0.469  0.000  0.532  T  d0
   691    287.917  -0.055421  +0.067706  0.484  0.000  0.532  T  d0
   692    288.333  -0.050673  +0.056914  0.484  0.000  0.532  T  d1
   693    288.750  -0.082781  -0.051631  0.500  0.000  0.532  T  d0
   694    289.167  -0.051429  -0.113838  0.516  0.000  0.532  T  d1
   695    289.583  +0.038523  -0.062882  0.516  0.000  0.532  T  d1
   696    290.000  +0.065792  -0.000950  0.516  0.000  0.532  T  d0
   697    290.417  +0.057685  +0.008342  0.516  0.000  0.532  T  d1
   698    290.833  -0.011825  +0.012568  0.500  0.000  0.532  T  d0
   699    291.250  -0.028854  +0.036837  0.516  0.000  0.532  T  d3
   700    291.667  +0.023340  +0.032797  0.516  0.000  0.532  T  d3
   701    292.083  +0.010059  -0.012436  0.500  0.000  0.532  T  d3
   702    292.500  -0.028125  -0.007201  0.516  0.000  0.532  T  d3
   703    292.917  -0.004990  +0.014332  0.500  0.000  0.532  T  d3
   704    293.333  +0.043414  -0.008953  0.500  0.000  0.532  T  d0
   705    293.750  +0.016544  -0.021604  0.484  0.000  0.532  T  d2
   706    294.167  -0.006272  +0.002679  0.469  0.000  0.532  T  d3
   707    294.583  +0.009042  +0.058473  0.469  0.000  0.532  T  d0
   708    295.000  -0.015803  +0.048258  0.453  0.000  0.532  T  d1
   709    295.417  -0.049398  -0.001611  0.453  0.000  0.532  T  d0
   710    295.833  -0.141913  -0.009109  0.469  0.000  0.532  T  d1
   711    296.250  -0.001620  -0.070998  0.453  0.000  0.532  T  d0
   712    296.667  +0.070429  -0.087486  0.469  0.000  0.506  T  d0
   713    297.083  +0.007923  -0.030532  0.453  0.000  0.506  T  d1
   714    297.500  +0.069264  +0.041190  0.453  0.000  0.506  T  d0
   715    297.917  +0.085788  -0.009365  0.469  0.000  0.506  T  d1
   716    298.333  -0.025719  +0.041259  0.453  0.000  0.506  T  d3
   717    298.750  +0.036460  +0.062346  0.469  0.000  0.506  T  d1
   718    299.167  -0.007991  +0.013144  0.453  0.000  0.506  T  d1
   719    299.583  -0.063790  +0.011383  0.469  0.000  0.506  T  d0
   720    300.000  -0.035987  +0.033065  0.453  0.000  0.506  T  d1
   721    300.417  -0.030794  -0.029412  0.453  0.000  0.506  T  d0
   722    300.833  -0.031670  -0.024952  0.453  0.000  0.506  T  d0
   723    301.250  -0.043588  -0.037442  0.438  0.000  0.506  T  d1
   724    301.667  +0.006223  -0.028030  0.438  0.000  0.506  T  d0
   725    302.083  +0.062474  -0.077904  0.453  0.000  0.506  T  d0
   726    302.500  +0.089722  -0.046173  0.453  0.000  0.506  T  d1
   727    302.917  +0.074217  +0.086362  0.469  0.000  0.506  T  d0
   728    303.333  +0.025835  +0.099854  0.469  0.000  0.502  T  d1
   729    303.750  -0.037665  +0.035863  0.469  0.000  0.502  T  d1
   730    304.167  -0.058232  -0.011555  0.484  0.000  0.502  T  d0
   731    304.583  -0.045349  +0.003576  0.469  0.000  0.502  T  d0
   732    305.000  -0.021234  +0.001309  0.484  0.000  0.502  T  d1
   733    305.417  -0.005051  -0.043857  0.484  0.000  0.502  T  d0
   734    305.833  -0.005900  -0.017866  0.500  0.000  0.502  T  d3
   735    306.250  -0.022039  +0.010751  0.500  0.000  0.502  T  d3
   736    306.667  +0.035314  +0.018575  0.516  0.000  0.502  T  d3
   737    307.083  +0.018638  -0.008609  0.516  0.000  0.502  T  d2
   738    307.500  -0.032886  -0.009636  0.516  0.000  0.502  T  d3
   739    307.917  +0.001309  +0.036472  0.531  0.000  0.502  T  d2
   740    308.333  -0.003186  -0.019785  0.516  0.000  0.502  T  d0
   741    308.750  -0.010603  -0.061584  0.531  0.000  0.502  T  d0
   742    309.167  -0.011641  -0.072884  0.531  0.000  0.502  T  d1
   743    309.583  +0.090651  -0.006001  0.547  0.000  0.502  T  d0
   744    310.000  +0.113989  +0.059585  0.531  0.000  0.519  T  d1
   745    310.417  -0.030106  +0.050295  0.531  0.000  0.519  T  d0
   746    310.833  -0.049948  +0.110747  0.531  0.000  0.519  T  d0
   747    311.250  -0.026472  +0.032613  0.531  0.000  0.519  T  d1
   748    311.667  -0.110485  -0.036077  0.547  0.000  0.519  T  d0
   749    312.083  -0.080425  -0.007139  0.547  0.000  0.519  T  d1
   750    312.500  +0.015069  -0.123237  0.562  0.005  0.519  T  d0
   751    312.917  +0.047455  -0.122805  0.562  0.005  0.519  T  d1
   752    313.333  +0.112047  +0.019312  0.547  0.005  0.519  T  d0
   753    313.750  +0.080231  +0.038270  0.562  0.005  0.519  T  d0
   754    314.167  +0.034502  +0.043005  0.547  0.005  0.519  T  d1
   755    314.583  -0.023900  +0.048495  0.531  0.005  0.519  T  d0
   756    315.000  -0.023404  +0.070694  0.531  0.005  0.519  T  d0
   757    315.417  -0.031676  +0.054128  0.531  0.005  0.519  T  d0
   758    315.833  -0.064927  +0.018049  0.516  0.005  0.519  T  d0
   759    316.250  -0.159623  -0.031842  0.516  0.005  0.519  T  d1
   760    316.667  +0.011688  -0.089331  0.500  0.005  0.502  T  d0
   761    317.083  +0.089933  -0.102318  0.500  0.005  0.502  T  d0
   762    317.500  +0.030911  -0.032411  0.500  0.056  0.502  T  d1
   763    317.917  +0.096626  +0.045882  0.484  0.056  0.502  T  d0
   764    318.333  +0.076491  +0.022927  0.469  0.056  0.502  T  d1
   765    318.750  -0.028692  +0.073910  0.469  0.056  0.502  T  d0
   766    319.167  -0.029332  +0.094590  0.453  0.056  0.502  T  d1
   767    319.583  -0.079806  +0.013117  0.453  0.056  0.502  T  d0
   768    320.000  -0.130892  -0.082766  0.469  0.056  0.502  T  d0
   769    320.417  -0.012176  -0.046174  0.469  0.056  0.502  T  d1
   770    320.833  +0.048543  -0.064052  0.484  0.056  0.502  T  d0
   771    321.250  +0.018396  -0.041150  0.500  0.056  0.502  T  d1
   772    321.667  +0.030235  -0.010358  0.500  0.056  0.502  T  d0
   773    322.083  +0.082043  +0.021246  0.500  0.056  0.502  T  d0
   774    322.500  +0.073994  +0.013152  0.500  0.085  0.502  T  d0
   775    322.917  +0.069594  +0.072639  0.500  0.085  0.502  T  d1
   776    323.333  -0.073957  +0.101656  0.500  0.085  0.481  T  d0
   777    323.750  -0.077310  +0.050588  0.500  0.085  0.481  T  d1
   778    324.167  -0.060421  -0.038278  0.500  0.085  0.481  T  d0
   779    324.583  -0.060781  -0.084798  0.500  0.085  0.481  T  d0
   780    325.000  -0.041142  -0.051068  0.500  0.085  0.481  T  d1
   781    325.417  +0.055284  -0.052154  0.500  0.085  0.481  T  d0
   782    325.833  +0.095445  -0.050136  0.516  0.085  0.481  T  d1
   783    326.250  +0.075045  +0.024666  0.516  0.085  0.481  T  d1
   784    326.667  -0.019833  +0.152496  0.516  0.085  0.481  T  d0
   785    327.083  -0.010998  +0.039024  0.516  0.085  0.481  T  d1
   786    327.500  -0.048627  -0.046203  0.500  0.036  0.481  T  d3
   787    327.917  -0.050737  +0.030400  0.516  0.036  0.481  T  d2
   788    328.333  +0.019951  -0.032925  0.500  0.036  0.481  T  d0
   789    328.750  +0.004224  -0.063802  0.500  0.036  0.481  T  d2
   790    329.167  -0.014580  +0.041447  0.484  0.036  0.481  T  d3
   791    329.583  +0.030672  -0.014239  0.484  0.036  0.481  T  d3
   792    330.000  -0.027284  -0.040475  0.484  0.036  0.476  T  d3
   793    330.417  -0.009184  +0.043475  0.484  0.036  0.476  T  d3
   794    330.833  +0.040265  +0.016027  0.484  0.036  0.476  T  d2
   795    331.250  -0.061925  -0.030156  0.484  0.036  0.476  T  d2
   796    331.667  +0.004987  +0.012466  0.484  0.036  0.476  T  d3
   797    332.083  +0.035414  -0.019069  0.500  0.036  0.476  T  d3
   798    332.500  -0.026455  -0.070589  0.500  0.036  0.476  T  d1
   799    332.917  +0.090467  -0.001230  0.516  0.036  0.476  T  d0
   800    333.333  +0.096245  +0.056083  0.516  0.036  0.476  T  d1
   801    333.750  -0.027945  +0.063674  0.500  0.036  0.476  T  d0
   802    334.167  -0.074558  +0.083114  0.516  0.036  0.476  T  d0
   803    334.583  -0.065922  +0.019627  0.500  0.036  0.476  T  d1
   804    335.000  -0.053622  -0.064705  0.516  0.036  0.476  T  d0
   805    335.417  -0.058000  -0.063676  0.500  0.036  0.476  T  d0
   806    335.833  -0.010091  -0.045996  0.500  0.036  0.476  T  d1
   807    336.250  +0.069354  -0.086584  0.484  0.036  0.476  T  d0
   808    336.667  +0.145749  -0.031478  0.484  0.036  0.481  T  d1
   809    337.083  +0.052647  +0.083548  0.484  0.036  0.481  T  d0
   810    337.500  -0.013240  +0.099370  0.484  0.073  0.481  T  d0
   811    337.917  +0.006437  +0.042767  0.484  0.073  0.481  T  d1
   812    338.333  -0.021450  +0.001611  0.484  0.073  0.481  T  d0
   813    338.750  -0.071268  +0.021057  0.484  0.073  0.481  T  d0
   814    339.167  -0.061235  +0.029510  0.484  0.073  0.481  T  d0
   815    339.583  -0.063673  -0.020770  0.500  0.073  0.481  T  d1
   816    340.000  -0.050746  -0.119285  0.500  0.073  0.481  T  d0
   817    340.417  +0.019557  -0.082650  0.500  0.073  0.481  T  d1
   818    340.833  +0.124530  +0.015296  0.500  0.073  0.481  T  d0
   819    341.250  +0.097158  +0.006420  0.500  0.073  0.481  T  d1
   820    341.667  -0.027617  +0.083334  0.516  0.073  0.481  T  d0
   821    342.083  +0.027665  +0.083199  0.500  0.073  0.481  T  d1
   822    342.500  -0.034849  +0.002522  0.500  0.071  0.481  T  d0
   823    342.917  -0.119546  +0.032758  0.500  0.071  0.481  T  d1
   824    343.333  -0.049013  -0.059363  0.500  0.071  0.502  T  d0
   825    343.750  +0.003178  -0.142117  0.500  0.071  0.502  T  d0
   826    344.167  +0.035765  -0.067855  0.500  0.071  0.502  T  d1
   827    344.583  +0.083218  +0.021584  0.516  0.071  0.502  T  d0
   828    345.000  +0.051360  +0.002600  0.516  0.071  0.502  T  d0
   829    345.417  +0.032735  +0.032684  0.516  0.071  0.502  T  d0
   830    345.833  +0.017213  +0.049613  0.516  0.071  0.502  T  d0
   831    346.250  +0.021071  +0.109089  0.531  0.071  0.502  T  d0
   832    346.667  +0.007429  +0.087677  0.516  0.071  0.502  T  d1
   833    347.083  -0.141415  +0.014542  0.531  0.071  0.502  T  d0
   834    347.500  -0.098125  -0.004185  0.516  0.117  0.502  T  d1
   835    347.917  +0.010858  -0.094570  0.516  0.117  0.502  T  d0
   836    348.333  -0.011438  -0.105889  0.516  0.117  0.502  T  d1
   837    348.750  +0.013807  -0.010850  0.500  0.117  0.502  T  d0
   838    349.167  +0.085597  -0.034142  0.484  0.117  0.502  T  d3
   839    349.583  +0.009921  -0.031907  0.484  0.117  0.502  T  d2
   840    350.000  +0.024508  +0.056905  0.469  0.117  0.506  T  d0
   841    350.417  +0.034134  +0.025210  0.469  0.117  0.506  T  d1
   842    350.833  -0.005748  +0.014095  0.453  0.117  0.506  T  d0
   843    351.250  -0.028701  +0.057963  0.438  0.117  0.506  T  d0
   844    351.667  -0.012200  +0.050027  0.438  0.117  0.506  T  d1
   845    352.083  -0.022384  +0.006761  0.422  0.117  0.506  T  d0
   846    352.500  -0.061644  -0.028789  0.406  0.171  0.506  P  d0
   847    352.917  -0.057094  -0.027059  0.391  0.171  0.506  P  d1
   848    353.333  +0.010057  -0.080049  0.406  0.171  0.506  P  d0
   849    353.750  +0.087376  -0.106911  0.391  0.171  0.506  P  d1
   850    354.167  +0.046978  -0.002557  0.406  0.171  0.506  P  d1
   851    354.583  +0.085527  +0.088918  0.391  0.171  0.506  P  d0
   852    355.000  +0.014156  +0.033177  0.406  0.171  0.506  P  d1
   853    355.417  -0.073065  +0.027929  0.391  0.171  0.506  P  d3
   854    355.833  -0.012382  +0.074583  0.406  0.171  0.506  P  d2
   855    356.250  -0.006585  -0.046336  0.406  0.171  0.506  P  d3
   856    356.667  -0.060346  +0.028035  0.406  0.171  0.502  P  d3
   857    357.083  -0.001893  +0.009305  0.391  0.171  0.502  P  d2
   858    357.500  +0.000330  -0.040409  0.375  0.190  0.502  P  d0
   859    357.917  +0.005160  -0.020935  0.375  0.190  0.502  P  d2
   860    358.333  -0.013428  +0.010404  0.359  0.190  0.502  P  d2
   861    358.750  +0.021456  -0.014955  0.344  0.190  0.502  P  d3
   862    359.167  +0.005605  -0.033233  0.328  0.190  0.502  P  d0
   863    359.583  +0.009244  -0.018677  0.312  0.190  0.502  P  d2
   864    360.000  +0.006410  +0.023833  0.297  0.190  0.502  P  d0
   865    360.417  +0.030450  +0.019076  0.297  0.190  0.502  P  d2
   866    360.833  -0.015831  -0.021807  0.281  0.190  0.502  P  d0
   867    361.250  -0.011126  -0.016302  0.281  0.190  0.502  P  d2
   868    361.667  +0.013324  +0.045856  0.266  0.190  0.502  P  d3
   869    362.083  +0.026404  +0.000330  0.266  0.190  0.502  P  d3
   870    362.500  +0.000280  -0.004041  0.250  0.194  0.502  P  d3
   871    362.917  -0.041105  +0.013240  0.250  0.194  0.502  P  d3
   872    363.333  +0.005606  +0.042158  0.250  0.194  0.528  P  d3
   873    363.750  +0.006358  -0.004480  0.234  0.194  0.528  P  d3
   874    364.167  -0.034047  -0.031260  0.234  0.194  0.528  P  d3
   875    364.583  -0.041043  +0.041647  0.219  0.194  0.528  P  d2
   876    365.000  +0.033645  -0.001790  0.203  0.194  0.528  P  d3
   877    365.417  -0.051284  -0.058109  0.203  0.194  0.528  P  d3
   878    365.833  -0.025205  +0.005884  0.188  0.194  0.528  P  d2
   879    366.250  +0.048469  -0.058531  0.172  0.194  0.528  P  d0
   880    366.667  +0.011650  -0.099922  0.172  0.194  0.528  P  d1
   881    367.083  +0.097659  +0.024376  0.156  0.194  0.528  P  d0
   882    367.500  +0.126374  +0.056231  0.156  0.215  0.528  P  d1
   883    367.917  -0.055018  +0.068786  0.156  0.215  0.528  P  d0
   884    368.333  -0.044270  +0.091200  0.141  0.215  0.528  P  d1
   885    368.750  -0.018911  -0.009937  0.141  0.215  0.528  P  d0
   886    369.167  -0.090208  -0.019838  0.141  0.215  0.528  P  d0
   887    369.583  -0.028516  +0.014869  0.141  0.215  0.528  P  d2
   888    370.000  +0.023400  -0.037014  0.141  0.215  0.558  P  d3
   889    370.417  -0.048265  -0.038407  0.141  0.215  0.558  P  d2
   890    370.833  +0.022648  +0.029830  0.141  0.215  0.558  P  d3
   891    371.250  +0.053441  -0.041516  0.125  0.215  0.558  P  d3
   892    371.667  -0.037170  -0.005060  0.125  0.215  0.558  P  d2
   893    372.083  +0.033620  +0.035265  0.125  0.215  0.558  P  d3
   894    372.500  +0.040583  -0.051142  0.125  0.242  0.558  P  d2
   895    372.917  -0.034146  +0.007263  0.109  0.242  0.558  P  d3
   896    373.333  +0.032399  +0.032141  0.109  0.242  0.558  P  d2
   897    373.750  -0.002791  -0.027522  0.094  0.242  0.558  P  d3
   898    374.167  -0.029273  -0.009483  0.094  0.242  0.558  P  d2
   899    374.583  +0.031424  +0.044747  0.078  0.242  0.558  P  d2
   900    375.000  +0.002431  -0.015231  0.078  0.242  0.558  P  d3
   901    375.417  -0.069833  +0.018728  0.078  0.242  0.558  P  d2
   902    375.833  +0.039295  +0.009752  0.078  0.242  0.558  P  d3
   903    376.250  -0.000280  -0.025339  0.078  0.242  0.558  P  d3
   904    376.667  -0.036440  +0.013437  0.078  0.242  0.558  P  d2
   905    377.083  +0.035466  +0.012301  0.078  0.242  0.558  P  d3
   906    377.500  +0.013111  -0.032715  0.078  0.186  0.558  P  d2
   907    377.917  -0.037497  +0.019384  0.078  0.186  0.558  P  d2
   908    378.333  +0.051348  +0.014414  0.078  0.186  0.558  P  d3
   909    378.750  -0.022237  -0.044345  0.078  0.186  0.558  P  d3
   910    379.167  -0.019279  +0.016985  0.078  0.186  0.558  P  d3
   911    379.583  +0.044891  +0.013174  0.078  0.186  0.558  P  d2
   912    380.000  -0.031427  -0.037132  0.062  0.186  0.558  P  d3
   913    380.417  -0.025381  +0.019322  0.062  0.186  0.558  P  d2
   914    380.833  +0.055914  -0.001720  0.047  0.186  0.558  P  d2
   915    381.250  -0.024236  -0.014185  0.047  0.186  0.558  P  d3
   916    381.667  -0.037525  +0.036439  0.031  0.186  0.558  P  d3
   917    382.083  +0.052597  +0.001979  0.031  0.186  0.558  P  d3
   918    382.500  -0.035870  -0.039987  0.016  0.111  0.558  T  d3
   919    382.917  -0.013726  +0.050127  0.000  0.111  0.558  T  d3
   920    383.333  +0.050943  -0.011454  0.000  0.111  0.545  T  d3
   921    383.750  -0.032849  -0.035852  0.000  0.111  0.545  T  d2
   922    384.167  +0.010836  +0.060067  0.000  0.111  0.545  T  d3
   923    384.583  +0.022175  -0.020938  0.000  0.111  0.545  T  d3
   924    385.000  -0.039845  -0.044498  0.000  0.111  0.545  T  d2
   925    385.417  +0.024275  +0.039226  0.000  0.111  0.545  T  d3
   926    385.833  +0.034379  -0.011035  0.000  0.111  0.545  T  d2
   927    386.250  -0.049822  -0.013456  0.000  0.111  0.545  T  d3
   928    386.667  -0.002809  +0.020630  0.000  0.111  0.545  T  d3
   929    387.083  +0.032664  -0.021468  0.000  0.111  0.545  T  d3
   930    387.500  -0.034443  -0.012511  0.000  0.125  0.545  P  d3
   931    387.917  +0.002020  +0.037467  0.000  0.125  0.545  P  d3
   932    388.333  +0.028686  -0.024300  0.000  0.125  0.545  P  d2
   933    388.750  -0.043716  +0.000069  0.000  0.125  0.545  P  d3
   934    389.167  +0.024485  +0.043926  0.016  0.125  0.545  P  d3
   935    389.583  +0.013775  -0.031900  0.031  0.125  0.545  P  d3
   936    390.000  -0.045314  -0.004432  0.031  0.125  0.549  P  d2
   937    390.417  +0.038926  +0.040496  0.031  0.125  0.549  P  d3
   938    390.833  +0.011404  -0.046959  0.047  0.125  0.549  P  d3
   939    391.250  -0.039832  +0.012475  0.047  0.125  0.549  P  d2
   940    391.667  +0.043928  +0.013131  0.062  0.125  0.549  P  d3
   941    392.083  +0.009037  -0.031856  0.078  0.125  0.549  P  d3
   942    392.500  -0.044518  +0.015518  0.078  0.112  0.549  T  d2
   943    392.917  +0.035027  +0.016150  0.094  0.112  0.549  T  d3
   944    393.333  +0.003476  -0.043171  0.094  0.112  0.549  T  d3
   945    393.750  -0.043961  +0.031056  0.109  0.112  0.549  T  d3
   946    394.167  +0.036823  +0.015236  0.125  0.112  0.549  T  d2
   947    394.583  -0.024180  -0.032464  0.125  0.112  0.549  T  d3
   948    395.000  -0.035618  +0.012436  0.125  0.112  0.549  T  d2
   949    395.417  +0.057042  +0.024808  0.141  0.112  0.549  T  d2
   950    395.833  -0.028953  -0.043808  0.141  0.112  0.549  T  d3
   951    396.250  -0.014484  +0.026086  0.141  0.112  0.549  T  d3
   952    396.667  +0.059568  +0.024666  0.156  0.112  0.549  T  d2
   953    397.083  -0.039548  -0.034926  0.156  0.112  0.549  T  d3
   954    397.500  -0.017135  +0.027320  0.172  0.109  0.549  T  d3
   955    397.917  +0.049042  -0.009058  0.172  0.109  0.549  T  d3
   956    398.333  -0.040500  -0.044497  0.188  0.109  0.549  T  d2
   957    398.750  +0.013705  +0.014395  0.188  0.109  0.549  T  d3
   958    399.167  +0.042400  -0.012328  0.188  0.109  0.549  T  d3
   959    399.583  -0.010840  -0.007850  0.188  0.109  0.549  T  d3
   960    400.000  -0.006449  +0.036165  0.188  0.109  0.549  T  d3
   961    400.417  +0.030585  -0.002383  0.188  0.109  0.549  T  d2
   962    400.833  -0.042286  -0.001797  0.188  0.109  0.549  T  d3
   963    401.250  -0.008811  +0.040568  0.188  0.109  0.549  T  d3
   964    401.667  +0.030815  +0.012479  0.188  0.109  0.549  T  d2
   965    402.083  -0.033960  +0.005159  0.188  0.109  0.549  T  d0
   966    402.500  -0.038064  +0.028110  0.188  0.198  0.549  P  d0
   967    402.917  -0.038300  -0.001230  0.203  0.198  0.549  P  d1
   968    403.333  +0.014929  -0.033029  0.203  0.198  0.541  P  d3
   969    403.750  -0.042919  -0.069440  0.203  0.198  0.541  P  d0
   970    404.167  -0.010410  -0.080400  0.203  0.198  0.541  P  d1
   971    404.583  +0.126711  -0.043425  0.203  0.198  0.541  P  d0
   972    405.000  +0.097034  +0.024038  0.203  0.198  0.541  P  d0
   973    405.417  +0.034759  +0.043576  0.203  0.198  0.541  P  d1
   974    405.833  -0.050415  +0.084869  0.219  0.198  0.541  P  d0
   975    406.250  -0.010892  +0.053487  0.219  0.198  0.541  P  d1
   976    406.667  -0.021276  -0.005435  0.219  0.198  0.541  P  d0
   977    407.083  -0.072465  +0.002131  0.234  0.198  0.541  P  d0
   978    407.500  -0.035255  +0.002665  0.234  0.125  0.541  P  d2
   979    407.917  +0.010798  +0.002445  0.234  0.125  0.541  P  d3
   980    408.333  +0.004786  -0.038653  0.234  0.125  0.541  P  d0
   981    408.750  -0.015189  -0.020741  0.234  0.125  0.541  P  d3
   982    409.167  -0.004547  +0.006146  0.234  0.125  0.541  P  d2
   983    409.583  +0.042185  -0.023704  0.234  0.125  0.541  P  d0
   984    410.000  +0.035457  -0.021594  0.234  0.125  0.524  P  d2
   985    410.417  -0.005099  +0.012452  0.234  0.125  0.524  P  d0
   986    410.833  -0.023020  +0.030318  0.234  0.125  0.524  P  d2
   987    411.250  +0.025133  -0.012777  0.250  0.125  0.524  P  d0
   988    411.667  +0.005737  -0.012036  0.250  0.125  0.524  P  d3
   989    412.083  -0.021229  +0.006518  0.266  0.125  0.524  P  d3
   990    412.500  -0.006019  +0.022548  0.266  0.091  0.524  T  d3
   991    412.917  +0.011007  +0.007095  0.281  0.091  0.524  T  d3
   992    413.333  +0.003658  -0.022658  0.297  0.091  0.524  T  d3
   993    413.750  -0.022581  -0.004126  0.297  0.091  0.524  T  d3
   994    414.167  -0.005982  +0.038195  0.312  0.091  0.524  T  d2
   995    414.583  +0.028064  -0.020896  0.312  0.091  0.524  T  d3
   996    415.000  +0.001854  -0.023515  0.312  0.091  0.524  T  d3
   997    415.417  -0.042616  +0.022411  0.312  0.091  0.524  T  d2
   998    415.833  +0.021732  +0.003932  0.297  0.091  0.524  T  d0
   999    416.250  +0.028645  -0.019302  0.281  0.091  0.524  T  d3
  1000    416.667  -0.006176  -0.010214  0.281  0.091  0.511  T  d3
  1001    417.083  -0.023302  +0.021753  0.281  0.091  0.511  T  d3
  1002    417.500  +0.014000  +0.021941  0.266  0.035  0.511  T  d3
  1003    417.917  +0.012179  -0.021164  0.266  0.035  0.511  T  d3
  1004    418.333  -0.011032  -0.012431  0.250  0.035  0.511  T  d3
  1005    418.750  -0.010331  +0.033572  0.234  0.035  0.511  T  d0
  1006    419.167  +0.001954  +0.016110  0.234  0.035  0.511  T  d2
  1007    419.583  +0.001934  -0.014241  0.219  0.035  0.511  T  d3
  1008    420.000  -0.027082  -0.017226  0.219  0.035  0.511  T  d0
  1009    420.417  -0.022003  +0.002301  0.203  0.035  0.511  T  d2
  1010    420.833  +0.019968  -0.001631  0.188  0.035  0.511  T  d3
  1011    421.250  +0.030505  -0.039598  0.188  0.035  0.511  T  d3
  1012    421.667  -0.031912  -0.025289  0.188  0.035  0.511  T  d2
  1013    422.083  +0.017623  +0.046477  0.172  0.035  0.511  T  d3
  1014    422.500  +0.039260  -0.048001  0.172  0.080  0.511  T  d3
  1015    422.917  -0.013428  -0.030339  0.172  0.080  0.511  T  d2
  1016    423.333  +0.035340  +0.057970  0.172  0.080  0.519  T  d3
  1017    423.750  +0.053968  -0.007139  0.188  0.080  0.519  T  d1
  1018    424.167  -0.019519  +0.060228  0.172  0.080  0.519  T  d0
  1019    424.583  -0.005078  +0.110789  0.188  0.080  0.519  T  d1
  1020    425.000  -0.072072  +0.014706  0.188  0.080  0.519  T  d0
  1021    425.417  -0.129975  -0.045792  0.188  0.080  0.519  T  d1
  1022    425.833  +0.009398  -0.036821  0.203  0.080  0.519  T  d0
  1023    426.250  +0.035295  -0.089109  0.203  0.080  0.519  T  d0
  1024    426.667  -0.011601  -0.033483  0.203  0.080  0.519  T  d1
  1025    427.083  +0.068912  +0.003752  0.219  0.080  0.519  T  d0
  1026    427.500  +0.064214  -0.035533  0.234  0.098  0.519  T  d2
  1027    427.917  -0.024102  +0.032688  0.250  0.098  0.519  T  d3
  1028    428.333  +0.032209  +0.033305  0.250  0.098  0.519  T  d3
  1029    428.750  +0.010483  -0.011766  0.266  0.098  0.519  T  d2
  1030    429.167  -0.059135  +0.035987  0.266  0.098  0.519  T  d3
  1031    429.583  +0.020538  +0.027472  0.266  0.098  0.519  T  d2
  1032    430.000  -0.010261  -0.025604  0.281  0.098  0.541  T  d3
  1033    430.417  -0.049160  +0.023662  0.281  0.098  0.541  T  d3
  1034    430.833  +0.034163  +0.020579  0.297  0.098  0.541  T  d2
  1035    431.250  -0.021774  -0.047082  0.312  0.098  0.541  T  d3
  1036    431.667  -0.011308  +0.003091  0.312  0.098  0.541  T  d2
  1037    432.083  +0.048400  +0.015635  0.328  0.098  0.541  T  d3
  1038    432.500  -0.010548  -0.051125  0.312  0.084  0.541  T  d3
  1039    432.917  -0.018807  +0.018310  0.312  0.084  0.541  T  d2
  1040    433.333  +0.049862  -0.005602  0.328  0.084  0.541  T  d3
  1041    433.750  -0.005432  -0.036440  0.312  0.084  0.541  T  d2
  1042    434.167  -0.004882  +0.052964  0.328  0.084  0.541  T  d3
  1043    434.583  +0.024303  +0.014789  0.328  0.084  0.541  T  d2
  1044    435.000  -0.035066  -0.014591  0.328  0.084  0.541  T  d3
  1045    435.417  -0.017778  +0.043535  0.328  0.084  0.541  T  d3
  1046    435.833  +0.018078  +0.023824  0.328  0.084  0.541  T  d1
  1047    436.250  -0.028947  +0.008120  0.328  0.084  0.541  T  d0
  1048    436.667  -0.054603  -0.009906  0.328  0.084  0.519  T  d0
  1049    437.083  -0.025325  +0.009940  0.328  0.084  0.519  T  d1
  1050    437.500  -0.004068  -0.048205  0.328  0.132  0.519  P  d0
  1051    437.917  -0.004031  -0.092086  0.312  0.132  0.519  P  d0
  1052    438.333  +0.018636  -0.099603  0.328  0.132  0.519  P  d1
  1053    438.750  +0.134010  +0.010419  0.312  0.132  0.519  P  d0
  1054    439.167  +0.115780  +0.038994  0.312  0.132  0.519  P  d1
  1055    439.583  -0.038280  +0.042743  0.297  0.132  0.519  P  d3
  1056    440.000  +0.010251  +0.100094  0.281  0.132  0.519  P  d0
  1057    440.417  -0.011315  +0.023148  0.281  0.132  0.519  P  d0
  1058    440.833  -0.071984  +0.033622  0.266  0.132  0.519  P  d0
  1059    441.250  -0.063672  +0.085352  0.266  0.132  0.519  P  d1
  1060    441.667  -0.063302  -0.024917  0.281  0.132  0.519  P  d0
  1061    442.083  -0.111240  -0.089285  0.281  0.132  0.519  P  d1
  1062    442.500  +0.036908  -0.076929  0.281  0.161  0.519  P  d0
  1063    442.917  +0.078486  -0.058368  0.281  0.161  0.519  P  d0
  1064    443.333  +0.092821  -0.038827  0.281  0.161  0.515  P  d1
  1065    443.750  +0.047060  +0.047026  0.281  0.161  0.515  P  d0
  1066    444.167  +0.031280  +0.086682  0.281  0.161  0.515  P  d0
  1067    444.583  +0.002821  +0.034514  0.281  0.161  0.515  P  d1
  1068    445.000  -0.069868  +0.043982  0.281  0.161  0.515  P  d0
  1069    445.417  -0.118509  -0.019893  0.281  0.161  0.515  P  d1
  1070    445.833  -0.022463  -0.077251  0.281  0.161  0.515  P  d1
  1071    446.250  +0.057095  -0.051913  0.281  0.161  0.515  P  d0
  1072    446.667  +0.031383  -0.037788  0.297  0.161  0.515  P  d1
  1073    447.083  +0.010527  +0.046551  0.297  0.161  0.515  P  d0
  1074    447.500  +0.023695  +0.039981  0.297  0.146  0.515  P  d3
  1075    447.917  +0.024961  -0.007707  0.297  0.146  0.515  P  d2
  1076    448.333  -0.004919  -0.000109  0.297  0.146  0.515  P  d3
  1077    448.750  -0.013753  +0.049109  0.312  0.146  0.515  P  d2
  1078    449.167  -0.003433  -0.014036  0.312  0.146  0.515  P  d1
  1079    449.583  +0.010632  -0.000650  0.328  0.146  0.515  P  d2
  1080    450.000  -0.025352  -0.021349  0.312  0.146  0.528  P  d3
  1081    450.417  -0.018553  +0.009901  0.312  0.146  0.528  P  d3
  1082    450.833  +0.019444  +0.022898  0.312  0.146  0.528  P  d2
  1083    451.250  -0.012404  -0.036328  0.312  0.146  0.528  P  d0
  1084    451.667  -0.017126  -0.013008  0.297  0.146  0.528  P  d2
  1085    452.083  +0.005028  +0.027183  0.297  0.146  0.528  P  d3
  1086    452.500  +0.015307  +0.007113  0.281  0.113  0.528  T  d3
  1087    452.917  +0.004802  -0.021431  0.281  0.113  0.528  T  d3
  1088    453.333  -0.012600  -0.016589  0.281  0.113  0.528  T  d3
  1089    453.750  -0.009376  +0.046588  0.266  0.113  0.528  T  d2
  1090    454.167  +0.021435  -0.015533  0.250  0.113  0.528  T  d3
  1091    454.583  -0.003876  -0.024014  0.234  0.113  0.528  T  d0
  1092    455.000  -0.012559  -0.014966  0.234  0.113  0.528  T  d2
  1093    455.417  +0.008737  +0.025668  0.219  0.113  0.528  T  d3
  1094    455.833  +0.025062  -0.010045  0.219  0.113  0.528  T  d3
  1095    456.250  +0.002201  -0.014047  0.203  0.113  0.528  T  d3
  1096    456.667  -0.018542  +0.006503  0.203  0.113  0.541  T  d3
  1097    457.083  +0.005353  +0.023586  0.203  0.113  0.541  T  d3
  1098    457.500  +0.021520  -0.002404  0.188  0.105  0.541  T  d3
  1099    457.917  -0.008464  -0.025507  0.188  0.105  0.541  T  d3
  1100    458.333  -0.015878  +0.019284  0.188  0.105  0.541  T  d3
  1101    458.750  +0.024373  +0.051578  0.188  0.105  0.541  T  d3
  1102    459.167  +0.011221  -0.028913  0.203  0.105  0.541  T  d2
  1103    459.583  -0.042568  +0.031888  0.203  0.105  0.541  T  d0
  1104    460.000  -0.026123  +0.035186  0.203  0.105  0.541  T  d2
  1105    460.417  +0.020376  -0.023864  0.203  0.105  0.541  T  d3
  1106    460.833  -0.075042  -0.034198  0.203  0.105  0.541  T  d3
  1107    461.250  -0.009614  +0.020646  0.219  0.105  0.541  T  d2
  1108    461.667  +0.007826  -0.122931  0.219  0.105  0.541  T  d0
  1109    462.083  +0.011652  -0.081406  0.234  0.105  0.541  T  d1
  1110    462.500  +0.125830  +0.030386  0.234  0.092  0.541  T  d0
  1111    462.917  +0.088837  +0.020829  0.250  0.092  0.541  T  d1
  1112    463.333  -0.045472  +0.090358  0.250  0.092  0.558  T  d0
  1113    463.750  -0.006979  +0.075712  0.250  0.092  0.558  T  d1
  1114    464.167  -0.028234  -0.004934  0.266  0.092  0.558  T  d0
  1115    464.583  -0.087032  +0.014942  0.266  0.092  0.558  T  d3
  1116    465.000  -0.007632  +0.016116  0.266  0.092  0.558  T  d2
  1117    465.417  +0.007877  -0.063568  0.281  0.092  0.558  T  d3
  1118    465.833  -0.037621  -0.003256  0.281  0.092  0.558  T  d2
  1119    466.250  +0.038220  +0.013388  0.297  0.092  0.558  T  d3
  1120    466.667  +0.015759  -0.071045  0.297  0.092  0.558  T  d2
  1121    467.083  -0.016428  +0.015115  0.312  0.092  0.558  T  d2
  1122    467.500  +0.050555  -0.005525  0.312  0.108  0.558  T  d3
  1123    467.917  +0.011580  -0.040894  0.312  0.108  0.558  T  d2
  1124    468.333  -0.011903  +0.054297  0.297  0.108  0.558  T  d3
  1125    468.750  +0.025091  +0.012091  0.297  0.108  0.558  T  d3
  1126    469.167  +0.000694  -0.004717  0.312  0.108  0.558  T  d2
  1127    469.583  -0.034355  +0.048793  0.312  0.108  0.558  T  d0
  1128    470.000  -0.002055  +0.046544  0.312  0.108  0.558  T  d1
  1129    470.417  -0.032409  +0.010304  0.328  0.108  0.558  T  d1
  1130    470.833  -0.042146  -0.031654  0.328  0.108  0.558  T  d0
  1131    471.250  -0.045157  -0.008954  0.344  0.108  0.558  T  d1
  1132    471.667  -0.003400  -0.029194  0.359  0.108  0.558  T  d0
  1133    472.083  +0.000631  -0.112791  0.359  0.108  0.558  T  d0
  1134    472.500  +0.055150  -0.109362  0.375  0.067  0.558  T  d1
  1135    472.917  +0.121965  +0.039374  0.375  0.067  0.558  T  d0
  1136    473.333  +0.101861  +0.049327  0.359  0.067  0.558  T  d1
  1137    473.750  -0.024470  +0.036208  0.375  0.067  0.558  T  d0
  1138    474.167  -0.028324  +0.113055  0.375  0.067  0.558  T  d0
  1139    474.583  +0.002403  +0.032109  0.391  0.067  0.558  T  d1
  1140    475.000  -0.082147  +0.011343  0.391  0.067  0.558  T  d0
  1141    475.417  -0.068462  +0.086660  0.375  0.067  0.558  T  d1
  1142    475.833  -0.071419  -0.040070  0.391  0.067  0.558  T  d0
  1143    476.250  -0.057411  -0.116414  0.375  0.067  0.558  T  d1
  1144    476.667  +0.037787  -0.069412  0.375  0.067  0.545  T  d1
  1145    477.083  +0.104892  -0.019137  0.375  0.067  0.545  T  d0
  1146    477.500  +0.078273  -0.028555  0.391  0.076  0.545  T  d1
  1147    477.917  +0.040544  +0.051456  0.375  0.076  0.545  T  d0
  1148    478.333  +0.003719  +0.090106  0.391  0.076  0.545  T  d0
  1149    478.750  -0.017487  +0.077379  0.391  0.076  0.545  T  d1
  1150    479.167  -0.128976  -0.014601  0.391  0.076  0.545  T  d0
  1151    479.583  -0.091572  -0.086893  0.406  0.076  0.545  T  d1
  1152    480.000  +0.011845  -0.030661  0.406  0.076  0.545  T  d0
  1153    480.417  +0.039574  -0.095934  0.406  0.076  0.545  T  d1
  1154    480.833  +0.031801  -0.011232  0.406  0.076  0.545  T  d1
  1155    481.250  +0.056134  +0.041553  0.406  0.076  0.545  T  d3
  1156    481.667  +0.060428  -0.016489  0.406  0.076  0.545  T  d1
  1157    482.083  +0.025571  +0.035339  0.406  0.076  0.545  T  d0
  1158    482.500  +0.076124  +0.105688  0.406  0.070  0.545  T  d1
  1159    482.917  -0.046340  +0.077588  0.422  0.070  0.545  T  d1
  1160    483.333  -0.120675  -0.002821  0.406  0.070  0.541  T  d0
  1161    483.750  -0.070881  -0.022917  0.422  0.070  0.541  T  d1
  1162    484.167  -0.013241  -0.062793  0.422  0.070  0.541  T  d0
  1163    484.583  -0.001079  -0.094346  0.422  0.070  0.541  T  d0
  1164    485.000  +0.015279  -0.040169  0.438  0.070  0.541  T  d1
  1165    485.417  +0.078410  -0.007937  0.422  0.070  0.541  T  d0
  1166    485.833  +0.111315  +0.056975  0.422  0.070  0.541  T  d1
  1167    486.250  -0.030243  +0.093073  0.438  0.070  0.541  T  d1
  1168    486.667  -0.090071  +0.031114  0.422  0.070  0.541  T  d0
  1169    487.083  -0.028513  +0.014659  0.438  0.070  0.541  T  d1
  1170    487.500  -0.000507  -0.038914  0.422  0.027  0.541  T  d0
  1171    487.917  -0.002336  -0.047961  0.422  0.027  0.541  T  d3
  1172    488.333  -0.022078  -0.010268  0.422  0.027  0.541  T  d2
  1173    488.750  +0.023232  -0.006070  0.422  0.027  0.541  T  d0
  1174    489.167  +0.049047  -0.028007  0.438  0.027  0.541  T  d2
  1175    489.583  -0.016608  +0.003415  0.422  0.027  0.541  T  d3
  1176    490.000  +0.000344  +0.006657  0.438  0.027  0.562  T  d0
  1177    490.417  +0.015063  +0.025597  0.438  0.027  0.562  T  d0
  1178    490.833  +0.020227  +0.013835  0.438  0.027  0.562  T  d2
  1179    491.250  -0.027129  -0.005379  0.453  0.027  0.562  T  d0
  1180    491.667  -0.018902  +0.012602  0.438  0.027  0.562  T  d3
  1181    492.083  +0.036269  +0.026418  0.438  0.027  0.562  T  d2
  1182    492.500  -0.012179  -0.012163  0.453  0.000  0.562  T  d0
  1183    492.917  -0.047120  -0.010317  0.438  0.000  0.562  T  d3
  1184    493.333  -0.018687  +0.013707  0.453  0.000  0.562  T  d2
  1185    493.750  +0.026278  -0.031209  0.438  0.000  0.562  T  d3
  1186    494.167  -0.025583  -0.052971  0.453  0.000  0.562  T  d2
  1187    494.583  +0.015576  +0.025846  0.469  0.000  0.562  T  d3
  1188    495.000  +0.051210  -0.030512  0.469  0.000  0.562  T  d3
  1189    495.417  +0.005985  -0.028204  0.484  0.000  0.562  T  d1
  1190    495.833  +0.074824  +0.080242  0.469  0.000  0.562  T  d0
  1191    496.250  +0.035904  +0.070157  0.484  0.000  0.562  T  d1
  1192    496.667  -0.113684  +0.054633  0.484  0.000  0.558  T  d0
  1193    497.083  -0.094460  -0.014096  0.484  0.000  0.558  T  d1
  1194    497.500  -0.030206  -0.058038  0.484  0.000  0.558  T  d0
  1195    497.917  +0.004145  -0.098329  0.484  0.000  0.558  T  d0
  1196    498.333  +0.019294  -0.060483  0.484  0.000  0.558  T  d1
  1197    498.750  +0.069776  -0.018347  0.484  0.000  0.558  T  d0
  1198    499.167  +0.106708  +0.029197  0.484  0.000  0.558  T  d0
  1199    499.583  +0.069107  +0.064514  0.484  0.000  0.558  T  d1
  1200    500.000  -0.070637  +0.117187  0.484  0.000  0.558  T  d0
  1201    500.417  -0.032761  +0.088981  0.469  0.000  0.558  T  d1
  1202    500.833  -0.058690  -0.043409  0.469  0.000  0.558  T  d0
  1203    501.250  -0.105178  -0.010362  0.469  0.000  0.558  T  d1
  1204    501.667  +0.007749  -0.031269  0.484  0.000  0.558  T  d0
  1205    502.083  -0.016066  -0.101774  0.484  0.000  0.558  T  d0
  1206    502.500  -0.033465  -0.081731  0.484  0.014  0.558  T  d1
  1207    502.917  +0.110840  -0.058424  0.484  0.014  0.558  T  d0
  1208    503.333  +0.119844  +0.004241  0.500  0.014  0.558  T  d1
  1209    503.750  +0.013415  +0.086971  0.484  0.014  0.558  T  d0
  1210    504.167  -0.002894  +0.109573  0.469  0.014  0.558  T  d0
  1211    504.583  -0.031610  +0.065972  0.484  0.014  0.558  T  d1
  1212    505.000  -0.070279  +0.002882  0.484  0.014  0.558  T  d0
  1213    505.417  -0.096793  -0.012302  0.484  0.014  0.558  T  d0
  1214    505.833  -0.046661  -0.042789  0.500  0.014  0.558  T  d1
  1215    506.250  +0.039956  -0.124190  0.484  0.014  0.558  T  d0
  1216    506.667  +0.082638  -0.096489  0.484  0.014  0.558  T  d1
  1217    507.083  +0.080429  +0.041070  0.484  0.014  0.558  T  d0
  1218    507.500  +0.086524  +0.062572  0.484  0.000  0.558  T  d0
  1219    507.917  +0.005143  +0.003057  0.484  0.000  0.558  T  d1
  1220    508.333  -0.041697  +0.094262  0.484  0.000  0.558  T  d0
  1221    508.750  +0.010082  +0.056205  0.484  0.000  0.558  T  d1
  1222    509.167  -0.074214  +0.014074  0.484  0.000  0.558  T  d0
  1223    509.583  -0.112026  +0.083803  0.469  0.000  0.558  T  d1
  1224    510.000  -0.068267  -0.069353  0.484  0.000  0.545  T  d0
  1225    510.417  -0.047044  -0.136802  0.469  0.000  0.545  T  d1
  1226    510.833  +0.063497  -0.029253  0.469  0.000  0.545  T  d0
  1227    511.250  +0.093401  -0.043449  0.453  0.000  0.545  T  d0
  1228    511.667  +0.031141  -0.020020  0.453  0.000  0.545  T  d1
  1229    512.083  +0.045904  +0.055762  0.469  0.000  0.545  T  d0
  1230    512.500  +0.067770  +0.024875  0.453  0.003  0.545  T  d2
  1231    512.917  -0.046840  +0.008629  0.453  0.003  0.545  T  d3
  1232    513.333  -0.014509  +0.067332  0.453  0.003  0.545  T  d1
  1233    513.750  -0.010207  +0.005235  0.438  0.003  0.545  T  d1
  1234    514.167  -0.054897  -0.017919  0.453  0.003  0.545  T  d0
  1235    514.583  -0.038100  +0.014620  0.438  0.003  0.545  T  d0
  1236    515.000  -0.040037  +0.015067  0.453  0.003  0.545  T  d1
  1237    515.417  -0.003028  -0.074650  0.438  0.003  0.545  T  d0
  1238    515.833  -0.001454  -0.060035  0.422  0.003  0.545  T  d1
  1239    516.250  +0.038283  -0.038827  0.438  0.003  0.545  T  d0
  1240    516.667  +0.129339  -0.006814  0.422  0.003  0.562  T  d1
  1241    517.083  +0.069504  +0.076710  0.422  0.003  0.562  T  d1
  1242    517.500  -0.037316  +0.043148  0.406  0.036  0.562  T  d0
  1243    517.917  -0.034498  +0.055837  0.391  0.036  0.562  T  d0
  1244    518.333  -0.035510  +0.019900  0.391  0.036  0.562  T  d1
  1245    518.750  -0.031705  -0.051696  0.375  0.036  0.562  T  d0
  1246    519.167  -0.032020  -0.012460  0.375  0.036  0.562  T  d3
  1247    519.583  -0.016042  +0.007175  0.375  0.036  0.562  T  d2
  1248    520.000  +0.021933  +0.004447  0.359  0.036  0.562  T  d3
  1249    520.417  +0.015761  -0.035374  0.359  0.036  0.562  T  d2
  1250    520.833  -0.051805  +0.030347  0.344  0.036  0.562  T  d3
  1251    521.250  +0.056860  +0.019192  0.328  0.036  0.562  T  d3
  1252    521.667  +0.004639  -0.018469  0.328  0.036  0.562  T  d3
  1253    522.083  -0.066232  +0.008135  0.312  0.036  0.562  T  d2
  1254    522.500  +0.021352  -0.006407  0.312  0.005  0.562  T  d3
  1255    522.917  -0.028307  -0.103259  0.297  0.005  0.562  T  d0
  1256    523.333  +0.018335  -0.047631  0.312  0.005  0.554  T  d1
  1257    523.750  +0.136913  +0.007039  0.297  0.005  0.554  T  d1
  1258    524.167  +0.052777  +0.061985  0.312  0.005  0.554  T  d1
  1259    524.583  -0.020505  +0.071630  0.297  0.005  0.554  T  d0
  1260    525.000  -0.055296  +0.084994  0.297  0.005  0.554  T  d0
  1261    525.417  -0.038211  +0.031773  0.312  0.005  0.554  T  d1
  1262    525.833  -0.063747  -0.024285  0.297  0.005  0.554  T  d0
  1263    526.250  -0.104491  -0.048290  0.312  0.005  0.554  T  d1
  1264    526.667  -0.004996  -0.094375  0.328  0.005  0.554  T  d1
  1265    527.083  +0.132894  -0.069656  0.328  0.005  0.554  T  d0
  1266    527.500  +0.056288  +0.002351  0.344  0.000  0.554  T  d1
  1267    527.917  +0.011972  +0.051716  0.328  0.000  0.554  T  d0
  1268    528.333  +0.005265  +0.046259  0.328  0.000  0.554  T  d3
  1269    528.750  +0.018136  +0.013814  0.344  0.000  0.554  T  d1
  1270    529.167  -0.032693  +0.013601  0.328  0.000  0.554  T  d0
  1271    529.583  -0.064348  +0.018145  0.344  0.000  0.554  T  d2
  1272    530.000  +0.013145  +0.002337  0.328  0.000  0.575  T  d3
  1273    530.417  +0.005580  -0.008758  0.328  0.000  0.575  T  d3
  1274    530.833  -0.024465  -0.038541  0.344  0.000  0.575  T  d3
  1275    531.250  -0.012864  +0.008777  0.328  0.000  0.575  T  d2
  1276    531.667  +0.032296  -0.003435  0.312  0.000  0.575  T  d3
  1277    532.083  +0.020466  -0.028673  0.328  0.000  0.575  T  d0
  1278    532.500  +0.000790  -0.013693  0.312  0.000  0.575  T  d2
  1279    532.917  -0.005974  +0.026339  0.312  0.000  0.575  T  d3
  1280    533.333  +0.022433  +0.026002  0.328  0.000  0.575  T  d3
  1281    533.750  +0.018056  -0.016825  0.328  0.000  0.575  T  d2
  1282    534.167  -0.041759  +0.001723  0.328  0.000  0.575  T  d3
  1283    534.583  +0.017688  +0.067120  0.328  0.000  0.575  T  d2
  1284    535.000  +0.005336  -0.018630  0.328  0.000  0.575  T  d3
  1285    535.417  -0.071445  -0.003858  0.328  0.000  0.575  T  d3
  1286    535.833  -0.004301  +0.028135  0.328  0.000  0.575  T  d2
  1287    536.250  -0.022258  -0.087089  0.328  0.000  0.575  T  d0
  1288    536.667  -0.042994  -0.073811  0.312  0.000  0.571  T  d1
  1289    537.083  +0.110756  -0.024392  0.312  0.000  0.571  T  d0
  1290    537.500  +0.107335  +0.001959  0.312  0.000  0.571  T  d1
  1291    537.917  +0.014142  +0.078307  0.312  0.000  0.571  T  d0
  1292    538.333  -0.016528  +0.102247  0.297  0.000  0.571  T  d0
  1293    538.750  -0.042138  +0.051335  0.297  0.000  0.571  T  d1
  1294    539.167  -0.061184  +0.001856  0.312  0.000  0.571  T  d0
  1295    539.583  -0.094607  -0.028840  0.312  0.000  0.571  T  d0
  1296    540.000  -0.064871  -0.068204  0.328  0.000  0.571  T  d1
  1297    540.417  +0.083045  -0.110258  0.328  0.000  0.571  T  d0
  1298    540.833  +0.099748  -0.033275  0.328  0.000  0.571  T  d1
  1299    541.250  +0.027191  +0.038439  0.328  0.000  0.571  T  d0
  1300    541.667  +0.016853  +0.051839  0.312  0.000  0.571  T  d0
  1301    542.083  +0.019550  +0.048865  0.328  0.000  0.571  T  d1
  1302    542.500  -0.033613  -0.001076  0.328  0.000  0.571  T  d0
  1303    542.917  -0.049877  +0.010548  0.328  0.000  0.571  T  d3
  1304    543.333  -0.016963  +0.030103  0.344  0.000  0.536  T  d2
  1305    543.750  +0.006897  -0.020196  0.359  0.000  0.536  T  d0
  1306    544.167  -0.000593  -0.035537  0.375  0.000  0.536  T  d3
  1307    544.583  -0.027786  +0.011211  0.375  0.000  0.536  T  d2
  1308    545.000  +0.008081  -0.004356  0.391  0.000  0.536  T  d0
  1309    545.417  +0.039948  -0.015577  0.406  0.000  0.536  T  d3
  1310    545.833  -0.022744  -0.041108  0.406  0.000  0.536  T  d2
  1311    546.250  +0.012833  +0.011877  0.422  0.000  0.536  T  d0
  1312    546.667  +0.026489  +0.025423  0.422  0.000  0.536  T  d3
  1313    547.083  +0.026974  -0.004125  0.438  0.000  0.536  T  d2
  1314    547.500  -0.016803  -0.002118  0.438  0.000  0.536  T  d3
  1315    547.917  -0.025789  +0.063829  0.438  0.000  0.536  T  d3
  1316    548.333  +0.033558  +0.012181  0.453  0.000  0.536  T  d2
  1317    548.750  -0.059398  -0.047810  0.453  0.000  0.536  T  d3
  1318    549.167  -0.006789  +0.052798  0.469  0.000  0.536  T  d2
  1319    549.583  +0.003998  -0.017929  0.484  0.000  0.536  T  d3
  1320    550.000  -0.079895  -0.064297  0.469  0.000  0.528  T  d1
  1321    550.417  +0.008514  -0.052743  0.469  0.000  0.528  T  d1
  1322    550.833  +0.123369  -0.045797  0.453  0.000  0.528  T  d1
  1323    551.250  +0.052389  +0.035745  0.453  0.000  0.528  T  d1
  1324    551.667  +0.001467  +0.091870  0.438  0.000  0.528  T  d0
  1325    552.083  -0.021530  +0.073178  0.422  0.000  0.528  T  d0
  1326    552.500  -0.034329  +0.023364  0.422  0.000  0.528  T  d0
  1327    552.917  -0.094173  -0.016050  0.406  0.000  0.528  T  d0
  1328    553.333  -0.078078  -0.047045  0.391  0.000  0.528  T  d1
  1329    553.750  +0.027410  -0.084432  0.391  0.000  0.528  T  d0
  1330    554.167  +0.092655  -0.106915  0.391  0.000  0.528  T  d1
  1331    554.583  +0.063112  +0.006342  0.406  0.000  0.528  T  d1
  1332    555.000  +0.053935  +0.082056  0.391  0.000  0.528  T  d0
  1333    555.417  +0.043742  +0.009462  0.391  0.000  0.528  T  d1
  1334    555.833  -0.038088  +0.041320  0.391  0.000  0.528  T  d0
  1335    556.250  -0.005644  +0.092847  0.391  0.000  0.528  T  d0
  1336    556.667  -0.024144  +0.024058  0.391  0.000  0.558  T  d0
  1337    557.083  -0.121128  +0.048314  0.406  0.000  0.558  T  d0
  1338    557.500  -0.096858  -0.018573  0.406  0.000  0.558  T  d1
  1339    557.917  -0.004836  -0.143536  0.406  0.000  0.558  T  d0
  1340    558.333  +0.041640  -0.087090  0.422  0.000  0.558  T  d0
  1341    558.750  +0.067098  -0.033065  0.406  0.000  0.558  T  d0
  1342    559.167  +0.108361  +0.018790  0.422  0.000  0.558  T  d0
  1343    559.583  +0.056465  +0.023857  0.438  0.000  0.558  T  d1
  1344    560.000  +0.018259  +0.063542  0.422  0.000  0.558  T  d0
  1345    560.417  -0.031837  +0.127730  0.438  0.000  0.558  T  d1
  1346    560.833  -0.114016  +0.026489  0.453  0.000  0.558  T  d1
  1347    561.250  -0.053274  -0.079327  0.453  0.000  0.558  T  d0
  1348    561.667  -0.031202  -0.060583  0.453  0.000  0.558  T  d1
  1349    562.083  +0.020110  -0.004528  0.469  0.000  0.558  T  d0
  1350    562.500  +0.036856  -0.005791  0.469  0.002  0.558  T  d0
  1351    562.917  +0.028704  -0.021546  0.484  0.002  0.558  T  d2
  1352    563.333  -0.005070  +0.000610  0.484  0.002  0.536  T  d3
  1353    563.750  +0.013085  +0.039983  0.484  0.002  0.536  T  d3
  1354    564.167  +0.030854  -0.009179  0.484  0.002  0.536  T  d3
  1355    564.583  -0.023305  -0.036120  0.484  0.002  0.536  T  d3
  1356    565.000  -0.038745  +0.019911  0.484  0.002  0.536  T  d2
  1357    565.417  +0.040344  -0.014748  0.469  0.002  0.536  T  d3
  1358    565.833  +0.001076  -0.060689  0.453  0.002  0.536  T  d2
  1359    566.250  +0.014263  +0.042857  0.438  0.002  0.536  T  d3
  1360    566.667  +0.074594  +0.035553  0.422  0.002  0.536  T  d1
  1361    567.083  -0.003955  +0.033901  0.438  0.002  0.536  T  d0
  1362    567.500  -0.036644  +0.110760  0.422  0.000  0.536  T  d0
  1363    567.917  -0.056568  +0.030120  0.438  0.000  0.536  T  d1
  1364    568.333  -0.084262  -0.072368  0.438  0.000  0.536  T  d0
  1365    568.750  -0.049143  -0.019552  0.438  0.000  0.536  T  d1
  1366    569.167  +0.055201  -0.096044  0.453  0.000  0.536  T  d0
  1367    569.583  +0.010441  -0.055308  0.438  0.000  0.536  T  d1
  1368    570.000  +0.036461  +0.013762  0.438  0.000  0.528  T  d0
  1369    570.417  +0.068636  -0.017195  0.422  0.000  0.528  T  d0
  1370    570.833  +0.014338  -0.002895  0.422  0.000  0.528  T  d1
  1371    571.250  +0.003667  +0.087528  0.438  0.000  0.528  T  d0
  1372    571.667  +0.008393  +0.026072  0.422  0.000  0.528  T  d1
  1373    572.083  -0.011410  +0.016959  0.422  0.000  0.528  T  d0
  1374    572.500  -0.046558  +0.033123  0.406  0.000  0.528  T  d0
  1375    572.917  -0.013098  +0.051809  0.391  0.000  0.528  T  d1
  1376    573.333  -0.053860  -0.022167  0.391  0.000  0.528  T  d0
  1377    573.750  -0.064598  -0.075483  0.391  0.000  0.528  T  d0
  1378    574.167  -0.024454  -0.089702  0.406  0.000  0.528  T  d1
  1379    574.583  +0.107569  -0.067488  0.406  0.000  0.528  T  d1
  1380    575.000  +0.082950  +0.024674  0.406  0.000  0.528  T  d0
  1381    575.417  +0.018663  +0.004372  0.406  0.000  0.528  T  d1
  1382    575.833  -0.002276  +0.059709  0.406  0.000  0.528  T  d0
  1383    576.250  -0.011404  +0.064656  0.406  0.000  0.528  T  d2
  1384    576.667  -0.000900  -0.004400  0.406  0.000  0.536  T  d3
  1385    577.083  -0.036686  -0.004532  0.422  0.000  0.536  T  d3
  1386    577.500  -0.026955  +0.027507  0.438  0.005  0.536  T  d3
  1387    577.917  +0.031548  +0.023203  0.438  0.005  0.536  T  d3
  1388    578.333  -0.003615  -0.065320  0.453  0.005  0.536  T  d3
  1389    578.750  -0.027412  +0.017316  0.453  0.005  0.536  T  d3
  1390    579.167  +0.055302  +0.020829  0.469  0.005  0.536  T  d3
  1391    579.583  -0.003353  -0.035954  0.469  0.005  0.536  T  d2
  1392    580.000  -0.037735  +0.049477  0.469  0.005  0.536  T  d0
  1393    580.417  -0.025067  +0.029155  0.484  0.005  0.536  T  d1
  1394    580.833  -0.071756  -0.064341  0.469  0.005  0.536  T  d0
  1395    581.250  -0.052317  -0.078432  0.469  0.005  0.536  T  d1
  1396    581.667  +0.104920  -0.053258  0.469  0.005  0.536  T  d0
  1397    582.083  +0.084506  -0.010881  0.469  0.005  0.536  T  d0
  1398    582.500  +0.060411  +0.043497  0.484  0.029  0.536  T  d1
  1399    582.917  +0.011179  +0.088837  0.469  0.029  0.536  T  d0
  1400    583.333  +0.007715  +0.088288  0.484  0.029  0.502  T  d1
  1401    583.750  -0.053984  +0.034256  0.484  0.029  0.502  T  d0
  1402    584.167  -0.118888  +0.007054  0.469  0.029  0.502  T  d0
  1403    584.583  -0.113798  -0.048264  0.484  0.029  0.502  T  d1
  1404    585.000  +0.049870  -0.138728  0.469  0.029  0.502  T  d0
  1405    585.417  +0.033829  -0.088832  0.484  0.029  0.502  T  d1
  1406    585.833  +0.032507  +0.029713  0.484  0.029  0.502  T  d3
  1407    586.250  +0.103102  -0.012940  0.469  0.029  0.502  T  d1
  1408    586.667  +0.010488  +0.019759  0.484  0.029  0.502  T  d0
  1409    587.083  +0.042598  +0.098144  0.469  0.029  0.502  T  d0
  1410    587.500  +0.046046  +0.052692  0.453  0.056  0.502  T  d1
  1411    587.917  -0.073920  +0.076066  0.453  0.056  0.502  T  d0
  1412    588.333  -0.106557  +0.020464  0.453  0.056  0.502  T  d1
  1413    588.750  -0.041179  -0.055429  0.438  0.056  0.502  T  d0
  1414    589.167  -0.013289  -0.097496  0.438  0.056  0.502  T  d0
  1415    589.583  -0.003461  -0.063456  0.422  0.056  0.502  T  d1
  1416    590.000  +0.038935  -0.033082  0.422  0.056  0.494  T  d0
  1417    590.417  +0.099411  -0.026227  0.422  0.056  0.494  T  d0
  1418    590.833  +0.090203  +0.034117  0.422  0.056  0.494  T  d1
  1419    591.250  -0.028186  +0.135445  0.422  0.056  0.494  T  d0
  1420    591.667  -0.055594  +0.116627  0.438  0.056  0.494  T  d1
  1421    592.083  -0.058875  -0.037425  0.438  0.056  0.494  T  d0
  1422    592.500  -0.109419  -0.026374  0.453  0.105  0.494  T  d2
  1423    592.917  +0.011801  +0.005081  0.453  0.105  0.494  T  d3
  1424    593.333  -0.003836  -0.102648  0.469  0.105  0.494  T  d0
  1425    593.750  -0.018326  -0.057030  0.453  0.105  0.494  T  d1
  1426    594.167  +0.072068  -0.044499  0.469  0.105  0.494  T  d0
  1427    594.583  +0.094911  -0.064235  0.469  0.105  0.494  T  d1
  1428    595.000  +0.060688  +0.052230  0.469  0.105  0.494  T  d0
  1429    595.417  +0.029631  +0.114769  0.469  0.105  0.494  T  d0
  1430    595.833  -0.031984  +0.078963  0.453  0.105  0.494  T  d1
  1431    596.250  -0.065238  +0.011882  0.469  0.105  0.494  T  d0
  1432    596.667  -0.105510  +0.009283  0.453  0.105  0.485  T  d0
  1433    597.083  -0.032073  -0.008252  0.469  0.105  0.485  T  d1
  1434    597.500  -0.008119  -0.115362  0.469  0.095  0.485  T  d0
  1435    597.917  +0.049901  -0.075127  0.453  0.095  0.485  T  d1
  1436    598.333  +0.063070  +0.014660  0.469  0.095  0.485  T  d0
  1437    598.750  +0.074722  +0.062934  0.453  0.095  0.485  T  d0
  1438    599.167  +0.019676  +0.023558  0.469  0.095  0.485  T  d1
  1439    599.583  -0.062778  +0.015119  0.469  0.095  0.485  T  d0
  1440    600.000  -0.024401  +0.010697  0.484  0.095  0.485  T  d3
  1441    600.417  -0.002836  +0.019977  0.469  0.095  0.485  T  d2
  1442    600.833  -0.003465  -0.036750  0.469  0.095  0.485  T  d3
  1443    601.250  -0.035807  -0.013980  0.469  0.095  0.485  T  d3
  1444    601.667  +0.007397  +0.026709  0.453  0.095  0.485  T  d3
  1445    602.083  +0.044802  +0.011399  0.453  0.095  0.485  T  d2
  1446    602.500  -0.024251  -0.030927  0.438  0.083  0.485  T  d3
  1447    602.917  -0.017334  +0.050870  0.422  0.083  0.485  T  d3
  1448    603.333  +0.038063  -0.000984  0.422  0.083  0.494  T  d2
  1449    603.750  -0.060662  -0.039136  0.422  0.083  0.494  T  d3
  1450    604.167  -0.039077  +0.022140  0.406  0.083  0.494  T  d1
  1451    604.583  +0.016040  -0.094783  0.406  0.083  0.494  T  d0
  1452    605.000  +0.023825  -0.096061  0.406  0.083  0.494  T  d1
  1453    605.417  +0.101403  +0.072663  0.406  0.083  0.494  T  d0
  1454    605.833  +0.075168  +0.040820  0.406  0.083  0.494  T  d1
  1455    606.250  -0.039754  +0.061244  0.406  0.083  0.494  T  d0
  1456    606.667  -0.027640  +0.104373  0.422  0.083  0.494  T  d1
  1457    607.083  -0.034850  +0.013171  0.406  0.083  0.494  T  d0
  1458    607.500  -0.137910  -0.016852  0.422  0.111  0.494  T  d0
  1459    607.917  -0.046977  -0.039996  0.406  0.111  0.494  T  d1
  1460    608.333  +0.024341  -0.164658  0.422  0.111  0.494  T  d0
  1461    608.750  +0.055165  -0.068369  0.406  0.111  0.494  T  d1
  1462    609.167  +0.112063  +0.032534  0.391  0.111  0.494  T  d0
  1463    609.583  +0.060980  +0.007135  0.391  0.111  0.494  T  d1
  1464    610.000  -0.016353  +0.057792  0.375  0.111  0.485  T  d0
  1465    610.417  +0.016280  +0.066777  0.359  0.111  0.485  T  d0
  1466    610.833  +0.009814  +0.012980  0.359  0.111  0.485  T  d1
  1467    611.250  -0.063039  +0.092511  0.344  0.111  0.485  T  d0
  1468    611.667  -0.058450  +0.055949  0.359  0.111  0.485  T  d1
  1469    612.083  -0.072894  -0.087550  0.344  0.111  0.485  T  d0
  1470    612.500  -0.048192  -0.073441  0.344  0.154  0.485  P  d1
  1471    612.917  +0.073782  -0.044602  0.344  0.154  0.485  P  d0
  1472    613.333  +0.076819  -0.086182  0.328  0.154  0.485  P  d1
  1473    613.750  +0.027664  +0.044280  0.328  0.154  0.485  P  d0
  1474    614.167  +0.080766  +0.061775  0.344  0.154  0.485  P  d1
  1475    614.583  +0.003099  +0.053728  0.344  0.154  0.485  P  d1
  1476    615.000  -0.135834  +0.096701  0.344  0.154  0.485  P  d1
  1477    615.417  -0.060161  -0.013428  0.344  0.154  0.485  P  d1
  1478    615.833  -0.061480  -0.117266  0.344  0.154  0.485  P  d3
  1479    616.250  -0.038779  -0.006108  0.344  0.154  0.485  P  d1
  1480    616.667  +0.072290  -0.056445  0.344  0.154  0.502  P  d0
  1481    617.083  +0.031677  -0.062545  0.344  0.154  0.502  P  d1
  1482    617.500  +0.019404  +0.022960  0.344  0.156  0.502  P  d3
  1483    617.917  +0.120856  -0.021314  0.344  0.156  0.502  P  d0
  1484    618.333  +0.091248  -0.001076  0.328  0.156  0.502  P  d1
  1485    618.750  -0.006216  +0.156517  0.328  0.156  0.502  P  d0
  1486    619.167  -0.003003  +0.073704  0.312  0.156  0.502  P  d1
  1487    619.583  -0.132398  -0.019579  0.312  0.156  0.502  P  d0
  1488    620.000  -0.058013  +0.023654  0.297  0.156  0.502  P  d1
  1489    620.417  -0.019897  -0.054383  0.297  0.156  0.502  P  d0
  1490    620.833  -0.049352  -0.072527  0.281  0.156  0.502  P  d1
  1491    621.250  +0.007482  +0.001279  0.266  0.156  0.502  P  d0
  1492    621.667  +0.053584  -0.025248  0.266  0.156  0.502  P  d3
  1493    622.083  -0.009964  -0.046674  0.250  0.156  0.502  P  d2
  1494    622.500  +0.044859  +0.049049  0.250  0.191  0.502  P  d3
  1495    622.917  +0.086718  -0.006398  0.234  0.191  0.502  P  d2
  1496    623.333  -0.018730  +0.017065  0.234  0.191  0.489  P  d3
  1497    623.750  +0.010646  +0.085149  0.219  0.191  0.489  P  d3
  1498    624.167  +0.016522  +0.007438  0.203  0.191  0.489  P  d2
  1499    624.583  -0.083966  +0.003783  0.203  0.191  0.489  P  d0
  1500    625.000  -0.069920  +0.065787  0.203  0.191  0.489  P  d1
  1501    625.417  -0.053056  -0.122676  0.203  0.191  0.489  P  d0
  1502    625.833  -0.033485  -0.103319  0.203  0.191  0.489  P  d1
  1503    626.250  +0.098843  +0.016149  0.203  0.191  0.489  P  d3
  1504    626.667  +0.055407  -0.042251  0.203  0.191  0.489  P  d1
  1505    627.083  +0.000740  +0.049822  0.219  0.191  0.489  P  d0
  1506    627.500  +0.032062  +0.040302  0.203  0.203  0.489  P  d3
  1507    627.917  +0.035815  +0.003204  0.219  0.203  0.489  P  d1
  1508    628.333  -0.037473  +0.037651  0.234  0.203  0.489  P  d3
  1509    628.750  +0.017772  +0.030714  0.234  0.203  0.489  P  d2
  1510    629.167  -0.005909  -0.018749  0.250  0.203  0.489  P  d3
  1511    629.583  -0.049878  -0.004762  0.250  0.203  0.489  P  d3
  1512    630.000  +0.010321  +0.025835  0.250  0.203  0.528  P  d2
  1513    630.417  +0.001487  -0.048152  0.234  0.203  0.528  P  d3
  1514    630.833  -0.055796  +0.010592  0.234  0.203  0.528  P  d2
  1515    631.250  +0.031939  +0.014469  0.234  0.203  0.528  P  d3
  1516    631.667  -0.013336  -0.056073  0.219  0.203  0.528  P  d3
  1517    632.083  -0.033905  +0.015776  0.219  0.203  0.528  P  d2
  1518    632.500  +0.052093  -0.001932  0.203  0.207  0.528  P  d3
  1519    632.917  -0.000670  -0.034728  0.203  0.207  0.528  P  d2
  1520    633.333  -0.018524  +0.032123  0.203  0.207  0.528  P  d3
  1521    633.750  +0.051375  -0.001628  0.203  0.207  0.528  P  d3
  1522    634.167  -0.018897  -0.026335  0.188  0.207  0.528  P  d3
  1523    634.583  -0.006715  +0.026410  0.188  0.207  0.528  P  d3
  1524    635.000  +0.062970  +0.017889  0.172  0.207  0.528  P  d2
  1525    635.417  -0.015661  -0.022416  0.172  0.207  0.528  P  d3
  1526    635.833  -0.017278  +0.067830  0.188  0.207  0.528  P  d3
  1527    636.250  +0.030831  +0.005818  0.188  0.207  0.528  P  d2
  1528    636.667  -0.035384  -0.018157  0.188  0.207  0.545  P  d3
  1529    637.083  -0.023148  +0.056762  0.188  0.207  0.545  P  d2
  1530    637.500  -0.000015  -0.014044  0.188  0.225  0.545  P  d3
  1531    637.917  -0.066035  -0.025322  0.188  0.225  0.545  P  d0
  1532    638.333  -0.078048  -0.011363  0.172  0.225  0.545  P  d1
  1533    638.750  +0.021908  -0.124749  0.172  0.225  0.545  P  d0
  1534    639.167  +0.068697  -0.083289  0.156  0.225  0.545  P  d1
  1535    639.583  +0.064073  +0.028848  0.156  0.225  0.545  P  d0
  1536    640.000  +0.071922  +0.066756  0.156  0.225  0.545  P  d0
  1537    640.417  +0.020930  +0.038952  0.156  0.225  0.545  P  d1
  1538    640.833  -0.044681  +0.046113  0.141  0.225  0.545  P  d0
  1539    641.250  -0.020574  +0.045814  0.141  0.225  0.545  P  d0
  1540    641.667  -0.010482  +0.017042  0.141  0.225  0.545  P  d1
  1541    642.083  -0.006912  -0.023443  0.141  0.225  0.545  P  d0
  1542    642.500  -0.028719  -0.023870  0.141  0.246  0.545  P  d3
  1543    642.917  -0.015742  +0.025419  0.156  0.246  0.545  P  d2
  1544    643.333  +0.028328  -0.030498  0.156  0.246  0.571  P  d3
  1545    643.750  -0.002116  -0.030924  0.156  0.246  0.571  P  d3
  1546    644.167  -0.036930  -0.015501  0.156  0.246  0.571  P  d2
  1547    644.583  +0.010610  +0.015969  0.156  0.246  0.571  P  d3
  1548    645.000  +0.021902  -0.006925  0.156  0.246  0.571  P  d3
  1549    645.417  -0.002014  -0.028151  0.172  0.246  0.571  P  d3
  1550    645.833  -0.023662  +0.018205  0.172  0.246  0.571  P  d3
  1551    646.250  +0.020513  +0.022870  0.172  0.246  0.571  P  d0
  1552    646.667  +0.027526  +0.008202  0.172  0.246  0.571  P  d2
  1553    647.083  -0.016794  -0.025682  0.172  0.246  0.571  P  d3
  1554    647.500  -0.013160  +0.025219  0.172  0.214  0.571  P  d3
  1555    647.917  +0.030258  +0.016769  0.172  0.214  0.571  P  d3
  1556    648.333  +0.003253  -0.006286  0.172  0.214  0.571  P  d3
  1557    648.750  -0.012651  -0.020553  0.172  0.214  0.571  P  d0
  1558    649.167  -0.018801  -0.005622  0.172  0.214  0.571  P  d2
  1559    649.583  +0.023408  +0.026820  0.172  0.214  0.571  P  d3
  1560    650.000  +0.014487  -0.019316  0.172  0.214  0.567  P  d3
  1561    650.417  -0.029343  -0.013737  0.172  0.214  0.567  P  d3
  1562    650.833  -0.038357  +0.014903  0.172  0.214  0.567  P  d2
  1563    651.250  +0.039760  -0.000561  0.172  0.214  0.567  P  d3
  1564    651.667  +0.011540  -0.013717  0.156  0.214  0.567  P  d3
  1565    652.083  -0.026476  -0.002701  0.156  0.214  0.567  P  d3
  1566    652.500  -0.010320  +0.027441  0.141  0.137  0.567  P  d3
  1567    652.917  +0.015915  +0.009974  0.141  0.137  0.567  P  d3
  1568    653.333  +0.018643  -0.034719  0.125  0.137  0.567  P  d2
  1569    653.750  -0.018454  +0.007396  0.109  0.137  0.567  P  d3
  1570    654.167  +0.002276  +0.027235  0.109  0.137  0.567  P  d3
  1571    654.583  +0.025364  +0.004510  0.094  0.137  0.567  P  d3
  1572    655.000  -0.007160  -0.037019  0.078  0.137  0.567  P  d3
  1573    655.417  -0.010697  +0.002520  0.078  0.137  0.567  P  d3
  1574    655.833  +0.004903  +0.017787  0.062  0.137  0.567  P  d0
  1575    656.250  +0.012512  +0.015930  0.062  0.137  0.567  P  d2
  1576    656.667  -0.012655  -0.045690  0.062  0.137  0.558  P  d3
  1577    657.083  -0.024365  -0.004928  0.062  0.137  0.558  P  d3
  1578    657.500  +0.015857  +0.035593  0.062  0.122  0.558  P  d3
  1579    657.917  +0.012210  -0.007009  0.062  0.122  0.558  P  d3
  1580    658.333  -0.021981  -0.019004  0.062  0.122  0.558  P  d0
  1581    658.750  -0.013388  -0.004661  0.062  0.122  0.558  P  d2
  1582    659.167  +0.023518  +0.039041  0.062  0.122  0.558  P  d3
  1583    659.583  +0.024296  -0.009077  0.062  0.122  0.558  P  d2
  1584    660.000  -0.044236  -0.018488  0.047  0.122  0.558  P  d3
  1585    660.417  +0.003661  +0.044912  0.047  0.122  0.558  P  d3
  1586    660.833  +0.049847  -0.032921  0.062  0.122  0.558  P  d2
  1587    661.250  -0.048954  -0.007097  0.078  0.122  0.558  P  d2
  1588    661.667  +0.021800  +0.027089  0.078  0.122  0.558  P  d3
  1589    662.083  +0.022134  -0.025398  0.094  0.122  0.558  P  d3
  1590    662.500  -0.040345  -0.013694  0.094  0.117  0.558  T  d2
  1591    662.917  +0.024769  +0.023386  0.094  0.117  0.558  T  d3
  1592    663.333  +0.018852  -0.012993  0.109  0.117  0.575  T  d3
  1593    663.750  -0.048016  -0.012662  0.109  0.117  0.575  T  d3
  1594    664.167  +0.019998  +0.040276  0.125  0.117  0.575  T  d2
  1595    664.583  +0.000250  -0.035997  0.125  0.117  0.575  T  d3
  1596    665.000  -0.048117  -0.003782  0.141  0.117  0.575  T  d2
  1597    665.417  +0.053719  +0.023868  0.141  0.117  0.575  T  d3
  1598    665.833  +0.002775  -0.031396  0.141  0.117  0.575  T  d2
  1599    666.250  -0.033462  +0.036885  0.141  0.117  0.575  T  d3
  1600    666.667  +0.044996  +0.016359  0.141  0.117  0.575  T  d3
  1601    667.083  -0.010563  -0.033824  0.141  0.117  0.575  T  d3
  1602    667.500  -0.025641  +0.026964  0.156  0.082  0.575  T  d3
  1603    667.917  +0.032814  +0.010135  0.156  0.082  0.575  T  d3
  1604    668.333  +0.001998  -0.039921  0.172  0.082  0.575  T  d3
  1605    668.750  -0.043153  +0.035875  0.172  0.082  0.575  T  d2
  1606    669.167  +0.036066  -0.005482  0.172  0.082  0.575  T  d3
  1607    669.583  -0.016325  -0.053832  0.156  0.082  0.575  T  d3
  1608    670.000  -0.028822  +0.038640  0.156  0.082  0.579  T  d2
  1609    670.417  +0.029525  -0.015813  0.156  0.082  0.579  T  d3
  1610    670.833  -0.015055  -0.024743  0.156  0.082  0.579  T  d3
  1611    671.250  -0.017228  +0.012476  0.156  0.082  0.579  T  d3
  1612    671.667  +0.037088  +0.011252  0.156  0.082  0.579  T  d3
  1613    672.083  -0.006454  -0.041295  0.141  0.082  0.579  T  d2
  1614    672.500  -0.002061  +0.049688  0.141  0.132  0.579  P  d3
  1615    672.917  +0.032359  +0.004905  0.141  0.132  0.579  P  d3
  1616    673.333  +0.018290  -0.034339  0.141  0.132  0.579  P  d2
  1617    673.750  +0.009427  +0.049180  0.141  0.132  0.579  P  d0
  1618    674.167  +0.015074  +0.033445  0.141  0.132  0.579  P  d0
  1619    674.583  +0.007135  +0.020034  0.141  0.132  0.579  P  d1
  1620    675.000  -0.046850  +0.011428  0.141  0.132  0.579  P  d0
  1621    675.417  -0.068774  +0.021689  0.156  0.132  0.579  P  d0
  1622    675.833  -0.059676  -0.002448  0.156  0.132  0.579  P  d1
  1623    676.250  -0.047321  -0.130989  0.156  0.132  0.579  P  d0
  1624    676.667  +0.024342  -0.100177  0.156  0.132  0.562  P  d1
  1625    677.083  +0.066156  +0.023809  0.172  0.132  0.562  P  d0
  1626    677.500  +0.098584  -0.009353  0.172  0.064  0.562  T  d1
  1627    677.917  -0.009819  +0.030875  0.172  0.064  0.562  T  d0
  1628    678.333  +0.027861  +0.092188  0.172  0.064  0.562  T  d2
  1629    678.750  +0.001026  -0.006967  0.188  0.064  0.562  T  d3
  1630    679.167  -0.026560  +0.014788  0.188  0.064  0.562  T  d3
  1631    679.583  +0.004092  +0.055017  0.188  0.064  0.562  T  d2
  1632    680.000  +0.000768  -0.020453  0.188  0.064  0.562  T  d3
  1633    680.417  -0.032931  -0.018157  0.203  0.064  0.562  T  d0
  1634    680.833  -0.035132  +0.004513  0.203  0.064  0.562  T  d2
  1635    681.250  +0.013530  -0.011300  0.203  0.064  0.562  T  d0
  1636    681.667  +0.007912  -0.038883  0.219  0.064  0.562  T  d3
  1637    682.083  -0.009199  -0.012673  0.219  0.064  0.562  T  d3
  1638    682.500  -0.020053  +0.021702  0.234  0.049  0.562  T  d3
  1639    682.917  +0.031989  +0.004008  0.250  0.049  0.562  T  d3
  1640    683.333  +0.008191  -0.030567  0.250  0.049  0.567  T  d3
  1641    683.750  -0.022033  +0.012636  0.266  0.049  0.567  T  d3
  1642    684.167  +0.004187  +0.017028  0.266  0.049  0.567  T  d3
  1643    684.583  +0.035060  +0.001367  0.281  0.049  0.567  T  d3
  1644    685.000  +0.002206  -0.013960  0.297  0.049  0.567  T  d3
  1645    685.417  -0.031606  +0.015935  0.297  0.049  0.567  T  d3
  1646    685.833  +0.000220  +0.019060  0.297  0.049  0.567  T  d3
  1647    686.250  +0.023046  +0.004131  0.297  0.049  0.567  T  d3
  1648    686.667  -0.025325  -0.047250  0.312  0.049  0.567  T  d3
  1649    687.083  -0.008828  +0.006104  0.312  0.049  0.567  T  d3
  1650    687.500  +0.015018  +0.025731  0.297  0.024  0.567  T  d3
  1651    687.917  +0.024410  -0.012305  0.281  0.024  0.567  T  d3
  1652    688.333  -0.019027  -0.012926  0.281  0.024  0.567  T  d0
  1653    688.750  -0.022324  -0.002742  0.266  0.024  0.567  T  d3
  1654    689.167  +0.026111  +0.033543  0.250  0.024  0.567  T  d3
  1655    689.583  +0.019410  -0.026376  0.250  0.024  0.567  T  d3
  1656    690.000  -0.016195  -0.001274  0.234  0.024  0.541  T  d0
  1657    690.417  -0.010125  +0.007055  0.234  0.024  0.541  T  d3
  1658    690.833  +0.017270  +0.021334  0.219  0.024  0.541  T  d3
  1659    691.250  +0.035174  -0.008795  0.219  0.024  0.541  T  d2
  1660    691.667  -0.042364  +0.004351  0.203  0.024  0.541  T  d0
  1661    692.083  -0.012763  +0.012514  0.203  0.024  0.541  T  d3
  1662    692.500  +0.004488  +0.027848  0.203  0.047  0.541  T  d2
  1663    692.917  -0.004363  -0.035722  0.203  0.047  0.541  T  d3
  1664    693.333  -0.035526  -0.005257  0.203  0.047  0.541  T  d0
  1665    693.750  -0.033146  -0.005171  0.203  0.047  0.541  T  d2
  1666    694.167  +0.021327  -0.005080  0.203  0.047  0.541  T  d3
  1667    694.583  -0.005273  -0.057999  0.203  0.047  0.541  T  d0
  1668    695.000  +0.003129  -0.017030  0.203  0.047  0.541  T  d1
  1669    695.417  +0.026186  -0.005550  0.219  0.047  0.541  T  d0
  1670    695.833  +0.077869  -0.012815  0.219  0.047  0.541  T  d0
  1671    696.250  +0.092425  +0.007734  0.234  0.047  0.541  T  d1
  1672    696.667  +0.005362  +0.116266  0.250  0.047  0.562  T  d0
  1673    697.083  -0.057243  +0.102527  0.250  0.047  0.562  T  d1
  1674    697.500  -0.034022  -0.012104  0.266  0.069  0.562  T  d0
  1675    697.917  -0.102296  -0.042842  0.266  0.069  0.562  T  d0
  1676    698.333  -0.014184  +0.002746  0.281  0.069  0.562  T  d1
  1677    698.750  +0.016333  -0.081722  0.281  0.069  0.562  T  d3
  1678    699.167  -0.046797  -0.016870  0.297  0.069  0.562  T  d2
  1679    699.583  +0.025148  -0.007108  0.312  0.069  0.562  T  d0
  1680    700.000  +0.046061  -0.050929  0.312  0.069  0.562  T  d2
  1681    700.417  -0.017316  +0.023153  0.328  0.069  0.562  T  d3
  1682    700.833  +0.038308  +0.037470  0.328  0.069  0.562  T  d3
  1683    701.250  +0.029841  -0.013043  0.344  0.069  0.562  T  d2
  1684    701.667  -0.033465  +0.020154  0.359  0.069  0.562  T  d3
  1685    702.083  +0.032751  +0.043204  0.344  0.069  0.562  T  d3
  1686    702.500  +0.010934  -0.048781  0.359  0.054  0.562  T  d2
  1687    702.917  -0.039340  +0.037365  0.375  0.054  0.562  T  d3
  1688    703.333  +0.028604  +0.027910  0.375  0.054  0.549  T  d2
  1689    703.750  -0.025463  -0.061348  0.375  0.054  0.549  T  d3
  1690    704.167  -0.042048  +0.021658  0.375  0.054  0.549  T  d2
  1691    704.583  +0.022189  -0.005245  0.391  0.054  0.549  T  d3
  1692    705.000  -0.014242  -0.050403  0.391  0.054  0.549  T  d3
  1693    705.417  -0.025732  +0.023251  0.375  0.054  0.549  T  d2
  1694    705.833  +0.059384  -0.007766  0.375  0.054  0.549  T  d3
  1695    706.250  -0.004792  -0.030356  0.375  0.054  0.549  T  d2
  1696    706.667  -0.001166  +0.045055  0.375  0.054  0.549  T  d3
  1697    707.083  +0.051961  +0.012854  0.359  0.054  0.549  T  d0
  1698    707.500  +0.011461  +0.002963  0.359  0.071  0.549  T  d1
  1699    707.917  -0.003134  +0.019981  0.359  0.071  0.549  T  d0
  1700    708.333  +0.007185  +0.044513  0.344  0.071  0.549  T  d0
  1701    708.750  +0.003136  +0.039286  0.344  0.071  0.549  T  d1
  1702    709.167  -0.063897  -0.000474  0.328  0.071  0.549  T  d0
  1703    709.583  -0.086496  -0.015333  0.312  0.071  0.549  T  d0
  1704    710.000  -0.083984  -0.006499  0.328  0.071  0.545  T  d1
  1705    710.417  +0.016154  -0.156927  0.312  0.071  0.545  T  d0
  1706    710.833  +0.023990  -0.094595  0.328  0.071  0.545  T  d1
  1707    711.250  +0.065574  +0.024084  0.312  0.071  0.545  T  d0
  1708    711.667  +0.102877  -0.007455  0.297  0.071  0.545  T  d1
  1709    712.083  +0.027665  +0.034558  0.297  0.071  0.545  T  d0
  1710    712.500  +0.022595  +0.096494  0.297  0.114  0.545  T  d0
  1711    712.917  +0.052931  +0.034296  0.297  0.114  0.545  T  d1
  1712    713.333  -0.021878  +0.068708  0.297  0.114  0.545  T  d0
  1713    713.750  -0.080528  +0.108973  0.297  0.114  0.545  T  d1
  1714    714.167  -0.081115  -0.048555  0.297  0.114  0.545  T  d0
  1715    714.583  -0.057064  -0.086224  0.297  0.114  0.545  T  d0
  1716    715.000  -0.024782  -0.077674  0.297  0.114  0.545  T  d1
  1717    715.417  +0.048015  -0.057487  0.297  0.114  0.545  T  d0
  1718    715.833  +0.077958  -0.038924  0.297  0.114  0.545  T  d0
  1719    716.250  +0.074064  +0.004639  0.297  0.114  0.545  T  d1
  1720    716.667  +0.007174  +0.113783  0.297  0.114  0.541  T  d0
  1721    717.083  -0.029281  +0.099817  0.297  0.114  0.541  T  d1
  1722    717.500  -0.079066  -0.028206  0.297  0.171  0.541  P  d0
  1723    717.917  -0.065972  -0.041470  0.297  0.171  0.541  P  d2
  1724    718.333  +0.022201  +0.012786  0.297  0.171  0.541  P  d3
  1725    718.750  +0.031699  -0.057540  0.297  0.171  0.541  P  d3
  1726    719.167  -0.030636  -0.017821  0.297  0.171  0.541  P  d2
  1727    719.583  +0.061668  +0.018240  0.297  0.171  0.541  P  d3
  1728    720.000  +0.024383  -0.038906  0.297  0.171  0.541  P  d2
  1729    720.417  -0.033227  +0.023019  0.312  0.171  0.541  P  d3
  1730    720.833  +0.024122  +0.017054  0.297  0.171  0.541  P  d3
  1731    721.250  +0.019204  -0.011984  0.312  0.171  0.541  P  d2
  1732    721.667  -0.019735  +0.000397  0.312  0.171  0.541  P  d3
  1733    722.083  -0.022007  +0.026693  0.297  0.171  0.541  P  d3
  1734    722.500  +0.024038  +0.023663  0.312  0.131  0.541  P  d2
  1735    722.917  -0.010330  -0.017197  0.312  0.131  0.541  P  d0
  1736    723.333  -0.021697  -0.019551  0.297  0.131  0.532  P  d2
  1737    723.750  +0.010097  +0.027378  0.297  0.131  0.532  P  d0
  1738    724.167  +0.013887  +0.010563  0.297  0.131  0.532  P  d3
  1739    724.583  +0.006678  -0.017521  0.297  0.131  0.532  P  d3
  1740    725.000  -0.041029  -0.007743  0.281  0.131  0.532  P  d3
  1741    725.417  +0.000397  +0.009638  0.281  0.131  0.532  P  d3
  1742    725.833  +0.033164  -0.004653  0.266  0.131  0.532  P  d3
  1743    726.250  -0.010631  -0.018694  0.250  0.131  0.532  P  d0
  1744    726.667  -0.009128  -0.004235  0.250  0.131  0.532  P  d3
  1745    727.083  -0.018173  +0.039177  0.234  0.131  0.532  P  d2
  1746    727.500  +0.025339  -0.022058  0.234  0.136  0.532  P  d3
  1747    727.917  -0.013108  -0.031866  0.234  0.136  0.532  P  d3
  1748    728.333  -0.010520  +0.008614  0.234  0.136  0.532  P  d3
  1749    728.750  +0.005288  +0.012417  0.234  0.136  0.532  P  d3
  1750    729.167  +0.023871  -0.000695  0.234  0.136  0.532  P  d3
  1751    729.583  -0.000684  -0.023563  0.234  0.136  0.532  P  d3
  1752    730.000  -0.003590  +0.001187  0.234  0.136  0.536  P  d3
  1753    730.417  +0.013870  +0.031623  0.234  0.136  0.536  P  d3
  1754    730.833  +0.039216  -0.009664  0.250  0.136  0.536  P  d3
  1755    731.250  -0.015422  -0.019071  0.234  0.136  0.536  P  d2
  1756    731.667  +0.013178  +0.060779  0.250  0.136  0.536  P  d3
  1757    732.083  +0.038039  +0.012627  0.250  0.136  0.536  P  d2
  1758    732.500  -0.063537  +0.005668  0.266  0.088  0.536  T  d3
  1759    732.917  -0.033411  +0.051484  0.266  0.088  0.536  T  d1
  1760    733.333  -0.023467  -0.003292  0.266  0.088  0.536  T  d0
  1761    733.750  -0.136136  -0.074263  0.281  0.088  0.536  T  d1
  1762    734.167  +0.021288  -0.073165  0.281  0.088  0.536  T  d0
  1763    734.583  +0.084685  -0.058668  0.297  0.088  0.536  T  d0
  1764    735.000  +0.038659  -0.025049  0.297  0.088  0.536  T  d1
  1765    735.417  +0.054465  +0.044128  0.312  0.088  0.536  T  d0
  1766    735.833  +0.033252  +0.058112  0.312  0.088  0.536  T  d0
  1767    736.250  +0.029188  +0.030560  0.328  0.088  0.536  T  d1
  1768    736.667  -0.034155  +0.010544  0.328  0.088  0.536  T  d3
  1769    737.083  -0.020101  +0.044257  0.328  0.088  0.536  T  d0
  1770    737.500  -0.013013  +0.023857  0.328  0.122  0.536  P  d2
  1771    737.917  -0.001907  -0.055823  0.328  0.122  0.536  P  d3
  1772    738.333  -0.078123  -0.012961  0.344  0.122  0.536  P  d2
  1773    738.750  +0.035970  +0.013441  0.344  0.122  0.536  P  d3
  1774    739.167  -0.007945  -0.052459  0.359  0.122  0.536  P  d3
  1775    739.583  -0.048795  -0.006971  0.375  0.122  0.536  P  d2
  1776    740.000  +0.060864  +0.005241  0.359  0.122  0.536  P  d3
  1777    740.417  +0.014960  -0.032744  0.375  0.122  0.536  P  d2
  1778    740.833  +0.007290  +0.030532  0.391  0.122  0.536  P  d0
  1779    741.250  +0.028243  +0.025781  0.391  0.122  0.536  P  d0
  1780    741.667  +0.037141  +0.002717  0.406  0.122  0.536  P  d1
  1781    742.083  +0.007057  +0.013674  0.406  0.122  0.536  P  d0
  1782    742.500  -0.008957  +0.065528  0.406  0.096  0.536  T  d0
  1783    742.917  -0.012274  +0.037919  0.422  0.096  0.536  T  d1
  1784    743.333  -0.057113  +0.003931  0.438  0.096  0.562  T  d0
  1785    743.750  -0.112879  -0.021823  0.438  0.096  0.562  T  d0
  1786    744.167  -0.084697  -0.077884  0.453  0.096  0.562  T  d1
  1787    744.583  +0.069905  -0.093545  0.453  0.096  0.562  T  d0
  1788    745.000  +0.027999  -0.108438  0.469  0.096  0.562  T  d1
  1789    745.417  +0.053055  +0.049848  0.469  0.096  0.562  T  d0
  1790    745.833  +0.100413  +0.025197  0.469  0.096  0.562  T  d3
  1791    746.250  +0.001758  -0.002504  0.469  0.096  0.562  T  d1
  1792    746.667  +0.043383  +0.080784  0.469  0.096  0.562  T  d0
  1793    747.083  +0.066929  +0.075963  0.453  0.096  0.562  T  d1
  1794    747.500  -0.059782  +0.054775  0.453  0.096  0.562  T  d0
  1795    747.917  -0.100023  +0.090359  0.453  0.096  0.562  T  d1
  1796    748.333  -0.053174  -0.092872  0.438  0.096  0.562  T  d0
  1797    748.750  -0.063403  -0.111503  0.438  0.096  0.562  T  d1
  1798    749.167  +0.034905  -0.012278  0.422  0.096  0.562  T  d0
  1799    749.583  +0.068727  -0.077756  0.406  0.096  0.562  T  d0
  1800    750.000  +0.015953  -0.022257  0.406  0.096  0.554  T  d1
  1801    750.417  +0.090602  +0.082483  0.406  0.096  0.554  T  d0
  1802    750.833  +0.026810  +0.089395  0.406  0.096  0.554  T  d1
  1803    751.250  -0.111493  +0.057559  0.406  0.096  0.554  T  d0
  1804    751.667  -0.080728  +0.025304  0.406  0.096  0.554  T  d1
  1805    752.083  -0.024490  -0.035540  0.406  0.096  0.554  T  d0
  1806    752.500  -0.026244  -0.051792  0.406  0.124  0.554  P  d0
  1807    752.917  -0.009640  -0.075866  0.422  0.124  0.554  P  d1
  1808    753.333  +0.031065  -0.021533  0.438  0.124  0.554  P  d0
  1809    753.750  +0.059865  -0.056892  0.438  0.124  0.554  P  d0
  1810    754.167  +0.090329  -0.070667  0.453  0.124  0.554  P  d1
  1811    754.583  +0.075075  +0.070436  0.438  0.124  0.554  P  d0
  1812    755.000  +0.016686  +0.139040  0.422  0.124  0.554  P  d1
  1813    755.417  -0.056057  +0.067365  0.438  0.124  0.554  P  d1
  1814    755.833  -0.079863  -0.003733  0.422  0.124  0.554  P  d0
  1815    756.250  -0.094282  -0.011378  0.406  0.124  0.554  P  d0
  1816    756.667  -0.022192  -0.023914  0.422  0.124  0.541  P  d1
  1817    757.083  +0.010434  -0.070266  0.406  0.124  0.541  P  d0
  1818    757.500  +0.035185  -0.106037  0.406  0.082  0.541  T  d1
  1819    757.917  +0.080629  +0.032714  0.406  0.082  0.541  T  d0
  1820    758.333  +0.088833  +0.105580  0.391  0.082  0.541  T  d2
  1821    758.750  -0.038379  -0.013003  0.406  0.082  0.541  T  d3
  1822    759.167  -0.057169  +0.037475  0.391  0.082  0.541  T  d3
  1823    759.583  +0.012783  +0.025759  0.406  0.082  0.541  T  d2
  1824    760.000  -0.029786  -0.053263  0.406  0.082  0.541  T  d3
  1825    760.417  -0.049810  +0.011155  0.406  0.082  0.541  T  d2
  1826    760.833  +0.013489  -0.007832  0.422  0.082  0.541  T  d0
  1827    761.250  +0.014739  -0.046916  0.406  0.082  0.541  T  d2
  1828    761.667  -0.020386  +0.015025  0.422  0.082  0.541  T  d3
  1829    762.083  +0.026699  +0.012366  0.406  0.082  0.541  T  d3
  1830    762.500  +0.025553  -0.034316  0.422  0.061  0.541  T  d1
  1831    762.917  +0.012314  +0.014531  0.422  0.061  0.541  T  d1
  1832    763.333  -0.015574  +0.014199  0.406  0.061  0.558  T  d3
  1833    763.750  +0.027117  +0.014315  0.422  0.061  0.558  T  d0
  1834    764.167  +0.011954  +0.011680  0.406  0.061  0.558  T  d2
  1835    764.583  -0.038765  -0.008004  0.406  0.061  0.558  T  d3
  1836    765.000  -0.012641  +0.010524  0.406  0.061  0.558  T  d3
  1837    765.417  +0.000461  +0.048138  0.406  0.061  0.558  T  d2
  1838    765.833  -0.016104  -0.039935  0.406  0.061  0.558  T  d0
  1839    766.250  -0.035909  -0.027951  0.406  0.061  0.558  T  d0
  1840    766.667  -0.013759  -0.001566  0.406  0.061  0.558  T  d1
  1841    767.083  +0.015274  -0.030148  0.406  0.061  0.558  T  d0
  1842    767.500  +0.057420  -0.095158  0.406  0.038  0.558  T  d1
  1843    767.917  +0.081332  +0.010238  0.406  0.038  0.558  T  d1
  1844    768.333  +0.033879  +0.124040  0.406  0.038  0.558  T  d0
  1845    768.750  -0.006275  +0.067615  0.406  0.038  0.558  T  d1
  1846    769.167  -0.084471  +0.043215  0.406  0.038  0.558  T  d1
  1847    769.583  -0.090854  -0.036777  0.406  0.038  0.558  T  d0
  1848    770.000  -0.048761  +0.005069  0.391  0.038  0.575  T  d1
  1849    770.417  -0.016684  -0.079412  0.406  0.038  0.575  T  d0
  1850    770.833  +0.016323  -0.130245  0.406  0.038  0.575  T  d1
  1851    771.250  +0.089582  -0.043893  0.406  0.038  0.575  T  d1
  1852    771.667  +0.136052  +0.077634  0.391  0.038  0.575  T  d0
  1853    772.083  +0.053692  +0.048539  0.406  0.038  0.575  T  d1
  1854    772.500  -0.053030  +0.066285  0.406  0.057  0.575  T  d0
  1855    772.917  -0.015557  +0.066866  0.406  0.057  0.575  T  d1
  1856    773.333  -0.026142  -0.008400  0.406  0.057  0.575  T  d0
  1857    773.750  -0.084365  +0.017678  0.406  0.057  0.575  T  d0
  1858    774.167  -0.076482  +0.032977  0.422  0.057  0.575  T  d1
  1859    774.583  -0.057990  -0.111371  0.406  0.057  0.575  T  d0
  1860    775.000  -0.005335  -0.102925  0.422  0.057  0.575  T  d1
  1861    775.417  +0.095658  -0.021079  0.422  0.057  0.575  T  d0
  1862    775.833  +0.106926  +0.011026  0.438  0.057  0.575  T  d0
  1863    776.250  +0.046984  +0.032551  0.453  0.057  0.575  T  d1
  1864    776.667  +0.001244  +0.074994  0.453  0.057  0.571  T  d0
  1865    777.083  +0.007060  +0.081167  0.469  0.057  0.571  T  d1
  1866    777.500  -0.067007  +0.051786  0.469  0.086  0.571  T  d1
  1867    777.917  -0.123790  -0.052581  0.469  0.086  0.571  T  d0
  1868    778.333  -0.075994  -0.093069  0.484  0.086  0.571  T  d1
  1869    778.750  +0.049336  -0.083768  0.484  0.086  0.571  T  d0
  1870    779.167  +0.072082  -0.062758  0.484  0.086  0.571  T  d0
  1871    779.583  +0.034073  -0.005514  0.469  0.086  0.571  T  d1
  1872    780.000  +0.025682  +0.035670  0.453  0.086  0.571  T  d0
  1873    780.417  +0.066481  +0.037016  0.453  0.086  0.571  T  d0
  1874    780.833  +0.069661  +0.035006  0.438  0.086  0.571  T  d1
  1875    781.250  +0.010006  +0.105922  0.453  0.086  0.571  T  d0
  1876    781.667  -0.086020  +0.113718  0.453  0.086  0.571  T  d1
  1877    782.083  -0.082617  +0.003148  0.453  0.086  0.571  T  d1
  1878    782.500  -0.059515  -0.070320  0.453  0.062  0.571  T  d0
  1879    782.917  -0.047907  -0.097350  0.469  0.062  0.571  T  d1
  1880    783.333  +0.011485  -0.024480  0.469  0.062  0.558  T  d0
  1881    783.750  +0.040818  -0.045545  0.469  0.062  0.558  T  d0
  1882    784.167  +0.047726  -0.060699  0.469  0.062  0.558  T  d1
  1883    784.583  +0.020166  +0.006721  0.469  0.062  0.558  T  d1
  1884    785.000  +0.025046  +0.068994  0.469  0.062  0.558  T  d0
  1885    785.417  +0.040434  +0.027763  0.469  0.062  0.558  T  d2
  1886    785.833  -0.019267  -0.002861  0.469  0.062  0.558  T  d3
  1887    786.250  -0.019602  +0.098933  0.469  0.062  0.558  T  d3
  1888    786.667  +0.012936  +0.007916  0.484  0.062  0.558  T  d2
  1889    787.083  -0.074169  -0.007984  0.469  0.062  0.558  T  d0
  1890    787.500  -0.055546  +0.029864  0.469  0.096  0.558  T  d1
  1891    787.917  -0.031394  -0.091118  0.484  0.096  0.558  T  d0
  1892    788.333  -0.001521  -0.135033  0.469  0.096  0.558  T  d1
  1893    788.750  +0.079376  -0.010308  0.469  0.096  0.558  T  d0
  1894    789.167  +0.082444  +0.014497  0.453  0.096  0.558  T  d0
  1895    789.583  +0.030554  +0.035348  0.438  0.096  0.558  T  d1
  1896    790.000  -0.033475  +0.036811  0.438  0.096  0.532  T  d0
  1897    790.417  -0.010177  +0.055230  0.422  0.096  0.532  T  d0
  1898    790.833  +0.002183  +0.005364  0.422  0.096  0.532  T  d2
  1899    791.250  -0.008856  -0.006077  0.422  0.096  0.532  T  d0
  1900    791.667  -0.044738  +0.003680  0.406  0.096  0.532  T  d2
  1901    792.083  +0.040608  +0.033159  0.406  0.096  0.532  T  d3
  1902    792.500  +0.011920  -0.038761  0.391  0.086  0.532  T  d3
  1903    792.917  -0.035765  -0.011757  0.375  0.086  0.532  T  d2
  1904    793.333  +0.046563  +0.030806  0.375  0.086  0.532  T  d2
  1905    793.750  -0.005040  -0.005557  0.359  0.086  0.532  T  d3
  1906    794.167  -0.061751  +0.025604  0.359  0.086  0.532  T  d0
  1907    794.583  -0.040840  +0.027590  0.359  0.086  0.532  T  d1
  1908    795.000  -0.055525  -0.078599  0.359  0.086  0.532  T  d0
  1909    795.417  -0.024112  -0.102174  0.359  0.086  0.532  T  d1
  1910    795.833  +0.094784  -0.030136  0.375  0.086  0.532  T  d0
  1911    796.250  +0.103051  +0.008453  0.359  0.086  0.532  T  d0
  1912    796.667  +0.054624  +0.035653  0.375  0.086  0.519  T  d1
  1913    797.083  -0.007237  +0.080521  0.375  0.086  0.519  T  d0
  1914    797.500  +0.010875  +0.089228  0.359  0.075  0.519  T  d1
  1915    797.917  -0.050011  +0.046985  0.375  0.075  0.519  T  d1
  1916    798.333  -0.115449  -0.012107  0.391  0.075  0.519  T  d0
  1917    798.750  -0.101426  -0.095298  0.375  0.075  0.519  T  d1
  1918    799.167  +0.066127  -0.064517  0.391  0.075  0.519  T  d0
  1919    799.583  +0.069078  -0.047111  0.391  0.075  0.519  T  d0
  1920    800.000  +0.014756  -0.001313  0.406  0.075  0.519  T  d1
  1921    800.417  +0.014971  +0.044109  0.422  0.075  0.519  T  d0
  1922    800.833  +0.019650  +0.037126  0.406  0.075  0.519  T  d0
  1923    801.250  +0.016363  +0.006158  0.422  0.075  0.519  T  d2
  1924    801.667  -0.024085  -0.009025  0.406  0.075  0.519  T  d3
  1925    802.083  -0.025929  +0.044800  0.406  0.075  0.519  T  d3
  1926    802.500  +0.036995  -0.006807  0.391  0.043  0.519  T  d3
  1927    802.917  -0.029336  -0.036086  0.375  0.043  0.519  T  d3
  1928    803.333  -0.040551  +0.032130  0.375  0.043  0.519  T  d2
  1929    803.750  +0.031277  -0.018394  0.359  0.043  0.519  T  d3
  1930    804.167  -0.021927  -0.043423  0.344  0.043  0.519  T  d3
  1931    804.583  -0.008175  +0.024233  0.344  0.043  0.519  T  d3
  1932    805.000  +0.047811  -0.007191  0.328  0.043  0.519  T  d3
  1933    805.417  -0.011972  -0.029466  0.328  0.043  0.519  T  d2
  1934    805.833  -0.006253  +0.043947  0.328  0.043  0.519  T  d3
  1935    806.250  +0.063874  -0.020094  0.328  0.043  0.519  T  d2
  1936    806.667  -0.021752  -0.003652  0.344  0.043  0.519  T  d3
  1937    807.083  +0.015674  +0.067572  0.344  0.043  0.519  T  d0
  1938    807.500  +0.002663  +0.022865  0.344  0.027  0.519  T  d1
  1939    807.917  -0.076349  +0.006907  0.344  0.027  0.519  T  d0
  1940    808.333  -0.080240  +0.033054  0.359  0.027  0.519  T  d1
  1941    808.750  -0.034044  -0.121843  0.344  0.027  0.519  T  d0
  1942    809.167  +0.046483  -0.098096  0.344  0.027  0.519  T  d1
  1943    809.583  +0.066412  -0.000321  0.328  0.027  0.519  T  d0
  1944    810.000  +0.084598  +0.033385  0.328  0.027  0.511  T  d0
  1945    810.417  +0.061386  +0.022687  0.344  0.027  0.511  T  d1
  1946    810.833  -0.012803  +0.072387  0.328  0.027  0.511  T  d0
  1947    811.250  -0.035943  +0.090963  0.344  0.027  0.511  T  d0
  1948    811.667  -0.053811  +0.040038  0.344  0.027  0.511  T  d1
  1949    812.083  -0.110003  -0.061547  0.344  0.027  0.511  T  d0
  1950    812.500  -0.037130  -0.108025  0.344  0.000  0.511  T  d1
  1951    812.917  +0.038156  -0.026456  0.344  0.000  0.511  T  d0
  1952    813.333  +0.078922  -0.020634  0.328  0.000  0.511  T  d0
  1953    813.750  +0.021780  -0.008858  0.328  0.000  0.511  T  d1
  1954    814.167  -0.001917  +0.033343  0.328  0.000  0.511  T  d0
  1955    814.583  +0.010848  +0.044843  0.312  0.000  0.511  T  d3
  1956    815.000  +0.040794  +0.013669  0.328  0.000  0.511  T  d2
  1957    815.417  -0.019550  -0.007600  0.344  0.000  0.511  T  d3
  1958    815.833  -0.046568  +0.024178  0.344  0.000  0.511  T  d3
  1959    816.250  +0.021192  +0.027564  0.359  0.000  0.511  T  d2
  1960    816.667  -0.011251  -0.061126  0.375  0.000  0.494  T  d3
  1961    817.083  -0.059719  +0.023353  0.375  0.000  0.494  T  d2
  1962    817.500  +0.039627  -0.017061  0.391  0.000  0.494  T  d3
  1963    817.917  +0.000452  -0.032652  0.391  0.000  0.494  T  d3
  1964    818.333  -0.031490  +0.018020  0.406  0.000  0.494  T  d2
  1965    818.750  +0.035349  -0.004506  0.406  0.000  0.494  T  d3
  1966    819.167  +0.032154  -0.046721  0.422  0.000  0.494  T  d2
  1967    819.583  -0.005139  +0.042138  0.422  0.000  0.494  T  d0
  1968    820.000  +0.006607  +0.023613  0.438  0.000  0.494  T  d3
  1969    820.417  +0.040937  -0.015238  0.453  0.000  0.494  T  d1
  1970    820.833  -0.006296  +0.028807  0.438  0.000  0.494  T  d0
  1971    821.250  -0.044826  +0.043787  0.453  0.000  0.494  T  d0
  1972    821.667  -0.023825  +0.031195  0.438  0.000  0.494  T  d1
  1973    822.083  -0.071180  -0.009870  0.438  0.000  0.494  T  d1
  1974    822.500  -0.057507  -0.144729  0.422  0.000  0.494  T  d1
  1975    822.917  +0.073276  -0.005343  0.422  0.000  0.494  T  d0
  1976    823.333  +0.105006  -0.029208  0.406  0.000  0.481  T  d0
  1977    823.750  +0.034142  +0.015211  0.391  0.000  0.481  T  d1
  1978    824.167  +0.017854  +0.107383  0.391  0.000  0.481  T  d0
  1979    824.583  +0.030845  +0.041380  0.391  0.000  0.481  T  d1
  1980    825.000  -0.100183  +0.044431  0.375  0.000  0.481  T  d0
  1981    825.417  -0.115473  +0.036079  0.391  0.000  0.481  T  d1
  1982    825.833  -0.034537  -0.133106  0.391  0.000  0.481  T  d0
  1983    826.250  +0.007245  -0.103592  0.391  0.000  0.481  T  d1
  1984    826.667  +0.034265  -0.029351  0.391  0.000  0.481  T  d1
  1985    827.083  +0.081182  +0.013034  0.375  0.000  0.481  T  d0
  1986    827.500  +0.041678  -0.007822  0.391  0.000  0.481  T  d1
  1987    827.917  +0.027453  +0.019059  0.391  0.000  0.481  T  d0
  1988    828.333  +0.044640  +0.072899  0.391  0.000  0.481  T  d0
  1989    828.750  +0.057695  +0.100505  0.406  0.000  0.481  T  d1
  1990    829.167  -0.069970  +0.061897  0.406  0.000  0.481  T  d0
  1991    829.583  -0.137666  +0.003361  0.406  0.000  0.481  T  d0
  1992    830.000  -0.061313  -0.024102  0.406  0.000  0.485  T  d1
  1993    830.417  -0.002972  -0.125234  0.406  0.000  0.485  T  d0
  1994    830.833  -0.032479  -0.082043  0.422  0.000  0.485  T  d1
  1995    831.250  +0.089415  -0.015682  0.422  0.000  0.485  T  d0
  1996    831.667  +0.087821  -0.069021  0.438  0.000  0.485  T  d1
  1997    832.083  +0.056561  +0.077090  0.438  0.000  0.485  T  d0
  1998    832.500  +0.035668  +0.147900  0.453  0.021  0.485  T  d1
  1999    832.917  -0.071185  +0.022403  0.453  0.021  0.485  T  d0
  2000    833.333  -0.073419  +0.004676  0.438  0.021  0.485  T  d0
  2001    833.750  -0.037062  -0.014195  0.453  0.021  0.485  T  d1
  2002    834.167  +0.025758  -0.035658  0.453  0.021  0.485  T  d0
  2003    834.583  +0.012313  -0.020909  0.438  0.021  0.485  T  d3
  2004    835.000  -0.016062  -0.021821  0.422  0.021  0.485  T  d2
  2005    835.417  +0.005094  +0.013238  0.422  0.021  0.485  T  d3
  2006    835.833  +0.013783  -0.006464  0.422  0.021  0.485  T  d3
  2007    836.250  +0.004273  -0.015219  0.422  0.021  0.485  T  d3
  2008    836.667  -0.049912  +0.006404  0.406  0.021  0.494  T  d3
  2009    837.083  -0.007007  +0.021808  0.391  0.021  0.494  T  d2
  2010    837.500  +0.016746  -0.026811  0.391  0.015  0.494  T  d0
  2011    837.917  -0.001932  -0.045354  0.375  0.015  0.494  T  d1
  2012    838.333  +0.017604  -0.014949  0.375  0.015  0.494  T  d0
  2013    838.750  +0.054417  +0.002918  0.359  0.015  0.494  T  d0
  2014    839.167  +0.126845  +0.006214  0.375  0.015  0.494  T  d1
  2015    839.583  -0.005457  +0.087788  0.359  0.015  0.494  T  d0
  2016    840.000  -0.086347  +0.100256  0.375  0.015  0.494  T  d1
  2017    840.417  -0.011041  -0.010208  0.375  0.015  0.494  T  d0
  2018    840.833  -0.091880  -0.044345  0.375  0.015  0.494  T  d0
  2019    841.250  -0.046228  +0.003925  0.375  0.015  0.494  T  d1
  2020    841.667  +0.021888  -0.065948  0.375  0.015  0.494  T  d0
  2021    842.083  -0.026436  -0.059312  0.375  0.015  0.494  T  d2
  2022    842.500  +0.026365  +0.022262  0.375  0.017  0.494  T  d3
  2023    842.917  +0.074532  -0.028755  0.375  0.017  0.494  T  d3
  2024    843.333  -0.017350  -0.010838  0.359  0.017  0.481  T  d2
  2025    843.750  +0.052782  +0.049060  0.375  0.017  0.481  T  d0
  2026    844.167  +0.066086  +0.002439  0.359  0.017  0.481  T  d1
  2027    844.583  -0.028971  +0.031542  0.375  0.017  0.481  T  d0
  2028    845.000  -0.002897  +0.083145  0.359  0.017  0.481  T  d1
  2029    845.417  -0.026558  +0.016614  0.359  0.017  0.481  T  d0
  2030    845.833  -0.140939  +0.000017  0.359  0.017  0.481  T  d1
  2031    846.250  -0.048432  -0.052941  0.359  0.017  0.481  T  d1
  2032    846.667  +0.037747  -0.114158  0.359  0.017  0.481  T  d0
  2033    847.083  +0.011632  -0.025359  0.344  0.017  0.481  T  d1
  2034    847.500  +0.070034  +0.041071  0.359  0.000  0.481  T  d3
  2035    847.917  +0.036355  -0.018646  0.344  0.000  0.481  T  d2
  2036    848.333  -0.031186  +0.024911  0.359  0.000  0.481  T  d3
  2037    848.750  +0.060061  +0.057374  0.359  0.000  0.481  T  d3
  2038    849.167  -0.000445  -0.049682  0.359  0.000  0.481  T  d2
  2039    849.583  -0.036415  +0.038993  0.359  0.000  0.481  T  d3
  2040    850.000  +0.021373  +0.009362  0.359  0.000  0.476  T  d3
  2041    850.417  -0.003465  -0.056260  0.375  0.000  0.476  T  d3
  2042    850.833  -0.031867  +0.005035  0.375  0.000  0.476  T  d2
  2043    851.250  +0.051503  +0.028730  0.375  0.000  0.476  T  d3
  2044    851.667  +0.010967  -0.017973  0.375  0.000  0.476  T  d2
  2045    852.083  -0.027526  +0.059358  0.359  0.000  0.476  T  d0
  2046    852.500  +0.003759  +0.090295  0.359  0.000  0.476  T  d1
  2047    852.917  -0.110537  -0.029941  0.359  0.000  0.476  T  d0
  2048    853.333  -0.075925  -0.050701  0.359  0.000  0.476  T  d1
  2049    853.750  +0.050093  -0.089412  0.359  0.000  0.476  T  d0
  2050    854.167  +0.049134  -0.080023  0.359  0.000  0.476  T  d1
  2051    854.583  +0.045380  +0.011400  0.344  0.000  0.476  T  d0
  2052    855.000  +0.110034  +0.027253  0.359  0.000  0.476  T  d0
  2053    855.417  +0.036698  +0.015129  0.344  0.000  0.476  T  d1
  2054    855.833  -0.025409  +0.150105  0.359  0.000  0.476  T  d0
  2055    856.250  -0.037889  +0.073110  0.359  0.000  0.476  T  d1
  2056    856.667  -0.154148  -0.049821  0.375  0.000  0.498  T  d0
  2057    857.083  -0.049782  -0.016867  0.375  0.000  0.498  T  d1
  2058    857.500  +0.012446  -0.060850  0.375  0.027  0.498  T  d0
  2059    857.917  -0.015531  -0.085045  0.375  0.027  0.498  T  d1
  2060    858.333  +0.035097  +0.005476  0.359  0.027  0.498  T  d3
  2061    858.750  +0.080857  -0.065795  0.359  0.027  0.498  T  d0
  2062    859.167  +0.059839  -0.050285  0.344  0.027  0.498  T  d1
  2063    859.583  +0.100506  +0.109521  0.344  0.027  0.498  T  d0
  2064    860.000  +0.032916  +0.086788  0.344  0.027  0.498  T  d1
  2065    860.417  -0.121955  +0.057218  0.328  0.027  0.498  T  d0
  2066    860.833  -0.087311  +0.045491  0.328  0.027  0.498  T  d1
  2067    861.250  -0.030123  -0.070428  0.328  0.027  0.498  T  d0
  2068    861.667  -0.077121  -0.075407  0.328  0.027  0.498  T  d1
  2069    862.083  +0.018713  -0.000629  0.328  0.027  0.498  T  d3
  2070    862.500  +0.068426  -0.117109  0.328  0.042  0.498  T  d1
  2071    862.917  +0.072776  -0.013867  0.328  0.042  0.498  T  d1
  2072    863.333  +0.105159  +0.129227  0.328  0.042  0.494  T  d0
  2073    863.750  +0.012365  +0.044256  0.328  0.042  0.494  T  d1
  2074    864.167  -0.066131  +0.047289  0.344  0.042  0.494  T  d0
  2075    864.583  -0.019782  +0.066359  0.344  0.042  0.494  T  d1
  2076    865.000  -0.040983  -0.057832  0.359  0.042  0.494  T  d3
  2077    865.417  -0.086792  +0.006006  0.375  0.042  0.494  T  d0
  2078    865.833  -0.044314  -0.009569  0.359  0.042  0.494  T  d1
  2079    866.250  -0.030502  -0.134608  0.375  0.042  0.494  T  d0
  2080    866.667  +0.015205  -0.082195  0.375  0.042  0.494  T  d1
  2081    867.083  +0.138252  +0.018404  0.375  0.042  0.494  T  d0
  2082    867.500  +0.071642  +0.004047  0.375  0.069  0.494  T  d1
  2083    867.917  +0.002018  +0.099352  0.391  0.069  0.494  T  d0
  2084    868.333  +0.040253  +0.080765  0.375  0.069  0.494  T  d1
  2085    868.750  -0.064852  +0.020967  0.375  0.069  0.494  T  d0
  2086    869.167  -0.100812  +0.044252  0.391  0.069  0.494  T  d1
  2087    869.583  -0.038827  -0.054828  0.375  0.069  0.494  T  d0
  2088    870.000  -0.012329  -0.138347  0.391  0.069  0.489  T  d1
  2089    870.417  +0.041144  -0.012635  0.375  0.069  0.489  T  d0
  2090    870.833  +0.085360  +0.014209  0.391  0.069  0.489  T  d3
  2091    871.250  -0.003356  -0.012092  0.391  0.069  0.489  T  d2
  2092    871.667  -0.019329  +0.049794  0.391  0.069  0.489  T  d3
  2093    872.083  +0.049236  +0.034097  0.406  0.069  0.489  T  d2
  2094    872.500  -0.048402  -0.022178  0.391  0.053  0.489  T  d3
  2095    872.917  -0.016350  +0.058623  0.391  0.053  0.489  T  d2
  2096    873.333  +0.025571  -0.030886  0.391  0.053  0.489  T  d3
  2097    873.750  -0.006479  -0.045661  0.391  0.053  0.489  T  d2
  2098    874.167  -0.001134  +0.045128  0.391  0.053  0.489  T  d3
  2099    874.583  +0.059989  -0.006556  0.406  0.053  0.489  T  d2
  2100    875.000  -0.051782  -0.014115  0.391  0.053  0.489  T  d3
  2101    875.417  -0.003622  +0.055668  0.406  0.053  0.489  T  d3
  2102    875.833  +0.033135  +0.006666  0.422  0.053  0.489  T  d2
  2103    876.250  -0.145945  +0.027111  0.422  0.053  0.489  T  d1
  2104    876.667  -0.045575  -0.066146  0.438  0.053  0.489  T  d1
  2105    877.083  +0.051369  -0.092202  0.422  0.053  0.489  T  d0
  2106    877.500  +0.062608  -0.058947  0.422  0.052  0.489  T  d1
  2107    877.917  +0.065131  +0.019613  0.422  0.052  0.489  T  d0
  2108    878.333  +0.066720  +0.070934  0.438  0.052  0.489  T  d0
  2109    878.750  +0.045337  +0.042598  0.438  0.052  0.489  T  d1
  2110    879.167  -0.027746  +0.074030  0.438  0.052  0.489  T  d0
  2111    879.583  -0.094150  +0.074085  0.453  0.052  0.489  T  d0
  2112    880.000  -0.103979  +0.007971  0.438  0.052  0.489  T  d1
  2113    880.417  -0.058812  -0.132708  0.453  0.052  0.489  T  d0
  2114    880.833  +0.011324  -0.080008  0.438  0.052  0.489  T  d0
  2115    881.250  +0.016507  -0.031521  0.438  0.052  0.489  T  d1
  2116    881.667  +0.055370  -0.004235  0.422  0.052  0.489  T  d0
  2117    882.083  +0.080440  -0.008138  0.438  0.052  0.489  T  d0
  2118    882.500  +0.007411  -0.006333  0.422  0.103  0.489  T  d1
  2119    882.917  +0.072280  +0.054147  0.438  0.103  0.489  T  d0
  2120    883.333  +0.055945  +0.106119  0.438  0.103  0.506  T  d1
  2121    883.750  -0.068960  +0.053020  0.438  0.103  0.506  T  d0
  2122    884.167  -0.116457  -0.014561  0.438  0.103  0.506  T  d0
  2123    884.583  -0.059916  -0.031538  0.438  0.103  0.506  T  d1
  2124    885.000  +0.005400  -0.067101  0.453  0.103  0.506  T  d0
  2125    885.417  +0.007870  -0.098351  0.453  0.103  0.506  T  d1
  2126    885.833  +0.057863  -0.028682  0.453  0.103  0.506  T  d1
  2127    886.250  +0.071953  +0.039884  0.453  0.103  0.506  T  d0
  2128    886.667  +0.090347  +0.091447  0.453  0.103  0.506  T  d1
  2129    887.083  -0.041940  +0.091469  0.453  0.103  0.506  T  d0
  2130    887.500  -0.104915  +0.050229  0.453  0.093  0.506  T  d0
  2131    887.917  -0.052517  +0.002221  0.453  0.093  0.506  T  d1
  2132    888.333  -0.011439  -0.024725  0.453  0.093  0.506  T  d0
  2133    888.750  -0.035290  -0.059740  0.453  0.093  0.506  T  d0
  2134    889.167  -0.051985  -0.053801  0.453  0.093  0.506  T  d1
  2135    889.583  +0.006427  -0.073401  0.453  0.093  0.506  T  d0
  2136    890.000  +0.080319  -0.116703  0.453  0.093  0.489  T  d1
  2137    890.417  +0.121106  -0.018238  0.453  0.093  0.489  T  d1
  2138    890.833  +0.034237  +0.084173  0.438  0.093  0.489  T  d0
  2139    891.250  +0.029802  +0.107145  0.438  0.093  0.489  T  d0
  2140    891.667  -0.014642  +0.042700  0.422  0.093  0.489  T  d1
  2141    892.083  -0.063799  +0.028008  0.406  0.093  0.489  T  d0
  2142    892.500  -0.050483  +0.033280  0.406  0.130  0.489  P  d0
  2143    892.917  -0.024537  +0.014772  0.391  0.130  0.489  P  d1
  2144    893.333  -0.023664  -0.041029  0.375  0.130  0.489  P  d0
  2145    893.750  -0.026031  -0.061062  0.375  0.130  0.489  P  d1
  2146    894.167  +0.020899  -0.034220  0.359  0.130  0.489  P  d1
  2147    894.583  +0.037664  +0.001311  0.344  0.130  0.489  P  d3
  2148    895.000  +0.037700  -0.047941  0.344  0.130  0.489  P  d0
  2149    895.417  +0.008841  -0.014007  0.328  0.130  0.489  P  d1
  2150    895.833  +0.025682  +0.021022  0.312  0.130  0.489  P  d0
  2151    896.250  +0.068651  +0.066673  0.312  0.130  0.489  P  d0
  2152    896.667  +0.001709  +0.057091  0.312  0.130  0.468  P  d1
  2153    897.083  -0.126058  +0.076551  0.312  0.130  0.468  P  d0
  2154    897.500  -0.077785  +0.011566  0.312  0.150  0.468  P  d1
  2155    897.917  -0.010515  -0.091787  0.297  0.150  0.468  P  d0
  2156    898.333  -0.019789  -0.072880  0.312  0.150  0.468  P  d1
  2157    898.750  +0.035631  +0.019978  0.312  0.150  0.468  P  d3
  2158    899.167  +0.070045  -0.063326  0.312  0.150  0.468  P  d2
  2159    899.583  -0.017644  +0.000929  0.328  0.150  0.468  P  d2
  2160    900.000  +0.055077  +0.032446  0.328  0.150  0.468  P  d3
  2161    900.417  +0.036240  -0.025163  0.328  0.150  0.468  P  d2
  2162    900.833  -0.051845  +0.036884  0.328  0.150  0.468  P  d3
  2163    901.250  +0.009890  +0.026879  0.312  0.150  0.468  P  d3
  2164    901.667  +0.028070  -0.029672  0.312  0.150  0.468  P  d2
  2165    902.083  -0.071112  +0.025692  0.297  0.150  0.468  P  d3
  2166    902.500  +0.043137  +0.039843  0.281  0.179  0.468  P  d2
  2167    902.917  -0.013294  -0.033855  0.281  0.179  0.468  P  d3
  2168    903.333  -0.046980  +0.012807  0.266  0.179  0.476  P  d3
  2169    903.750  +0.035789  +0.033610  0.266  0.179  0.476  P  d2
  2170    904.167  -0.011945  -0.055438  0.266  0.179  0.476  P  d3
  2171    904.583  -0.042609  +0.031437  0.250  0.179  0.476  P  d2
  2172    905.000  +0.029522  -0.010891  0.250  0.179  0.476  P  d3
  2173    905.417  +0.004703  -0.039282  0.250  0.179  0.476  P  d3
  2174    905.833  -0.037487  +0.016546  0.234  0.179  0.476  P  d2
  2175    906.250  +0.049380  -0.020763  0.219  0.179  0.476  P  d3
  2176    906.667  +0.003484  -0.023579  0.234  0.179  0.476  P  d2
  2177    907.083  -0.011710  +0.013634  0.219  0.179  0.476  P  d3
  2178    907.500  +0.054603  -0.002589  0.219  0.217  0.476  P  d3
  2179    907.917  +0.007849  -0.038231  0.219  0.217  0.476  P  d2
  2180    908.333  +0.009497  +0.070566  0.219  0.217  0.476  P  d3
  2181    908.750  +0.031934  +0.011685  0.203  0.217  0.476  P  d2
  2182    909.167  -0.013181  -0.001518  0.203  0.217  0.476  P  d3
  2183    909.583  -0.034805  +0.088329  0.203  0.217  0.476  P  d0
  2184    910.000  -0.028280  +0.040005  0.188  0.217  0.485  P  d1
  2185    910.417  -0.121194  -0.031877  0.188  0.217  0.485  P  d0
  2186    910.833  -0.052635  -0.063518  0.172  0.217  0.485  P  d1
  2187    911.250  +0.028534  -0.068136  0.172  0.217  0.485  P  d0
  2188    911.667  +0.061759  -0.060982  0.156  0.217  0.485  P  d0
  2189    912.083  +0.048076  -0.005674  0.172  0.217  0.485  P  d1
  2190    912.500  +0.027699  +0.039606  0.172  0.258  0.485  P  d0
  2191    912.917  +0.060567  +0.019856  0.172  0.258  0.485  P  d0
  2192    913.333  +0.007404  +0.001266  0.172  0.258  0.485  P  d1
  2193    913.750  -0.027743  +0.023843  0.172  0.258  0.485  P  d0
  2194    914.167  -0.009546  +0.037007  0.172  0.258  0.485  P  d2
  2195    914.583  +0.028124  -0.029718  0.172  0.258  0.485  P  d2
  2196    915.000  -0.051653  +0.002806  0.172  0.258  0.485  P  d3
  2197    915.417  -0.029870  +0.054577  0.172  0.258  0.485  P  d2
  2198    915.833  +0.022639  -0.058650  0.172  0.258  0.485  P  d3
  2199    916.250  -0.052114  +0.004286  0.172  0.258  0.485  P  d3
  2200    916.667  +0.022303  +0.038886  0.172  0.258  0.528  P  d3
  2201    917.083  +0.018970  -0.041073  0.172  0.258  0.528  P  d3
  2202    917.500  -0.036305  +0.004544  0.172  0.259  0.528  P  d2
  2203    917.917  +0.022266  +0.009119  0.172  0.259  0.528  P  d0
  2204    918.333  +0.019533  -0.001437  0.172  0.259  0.528  P  d3
  2205    918.750  +0.002887  -0.028988  0.172  0.259  0.528  P  d3
  2206    919.167  -0.008615  -0.002015  0.188  0.259  0.528  P  d2
  2207    919.583  +0.018771  +0.018226  0.188  0.259  0.528  P  d0
  2208    920.000  +0.013023  +0.004386  0.188  0.259  0.528  P  d2
  2209    920.417  -0.018610  -0.029895  0.188  0.259  0.528  P  d3
  2210    920.833  -0.016787  +0.010419  0.188  0.259  0.528  P  d3
  2211    921.250  +0.014473  +0.028134  0.188  0.259  0.528  P  d3
  2212    921.667  +0.005243  -0.012112  0.188  0.259  0.528  P  d3
  2213    922.083  -0.028447  -0.015139  0.188  0.259  0.528  P  d3
  2214    922.500  -0.002343  +0.009745  0.188  0.188  0.528  P  d0
  2215    922.917  +0.017108  +0.034850  0.188  0.188  0.528  P  d3
  2216    923.333  +0.009766  -0.024924  0.172  0.188  0.536  P  d3
  2217    923.750  -0.021840  -0.011076  0.172  0.188  0.536  P  d3
  2218    924.167  +0.001125  +0.022830  0.156  0.188  0.536  P  d3
  2219    924.583  +0.022192  +0.006673  0.156  0.188  0.536  P  d3
  2220    925.000  +0.002426  -0.014700  0.141  0.188  0.536  P  d0
  2221    925.417  -0.009179  -0.021736  0.125  0.188  0.536  P  d3
  2222    925.833  -0.024469  +0.023032  0.125  0.188  0.536  P  d2
  2223    926.250  +0.043608  -0.023101  0.109  0.188  0.536  P  d1
  2224    926.667  +0.009734  +0.006124  0.094  0.188  0.536  P  d2
  2225    927.083  -0.041583  -0.006389  0.094  0.188  0.536  P  d3
  2226    927.500  -0.011081  +0.018904  0.078  0.150  0.536  P  d2
  2227    927.917  +0.034015  -0.013405  0.078  0.150  0.536  P  d3
  2228    928.333  -0.004631  -0.007404  0.078  0.150  0.536  P  d3
  2229    928.750  -0.027408  +0.005203  0.078  0.150  0.536  P  d3
  2230    929.167  +0.001893  +0.024233  0.078  0.150  0.536  P  d3
  2231    929.583  +0.024048  +0.009985  0.078  0.150  0.536  P  d3
  2232    930.000  -0.008786  -0.034018  0.078  0.150  0.536  P  d3
  2233    930.417  -0.016817  +0.011680  0.078  0.150  0.536  P  d3
  2234    930.833  +0.011467  +0.026488  0.078  0.150  0.536  P  d3
  2235    931.250  +0.019106  -0.019764  0.094  0.150  0.536  P  d3
  2236    931.667  -0.002164  -0.022901  0.078  0.150  0.536  P  d2
  2237    932.083  -0.006268  +0.011721  0.078  0.150  0.536  P  d0
  2238    932.500  +0.006693  +0.029127  0.094  0.143  0.536  P  d2
  2239    932.917  +0.008212  -0.030420  0.109  0.143  0.536  P  d3
  2240    933.333  -0.010499  -0.013307  0.094  0.143  0.536  P  d3
  2241    933.750  -0.029945  +0.009905  0.109  0.143  0.536  P  d3
  2242    934.167  +0.017765  +0.015355  0.125  0.143  0.536  P  d3
  2243    934.583  +0.033629  -0.027479  0.125  0.143  0.536  P  d2
  2244    935.000  -0.064167  -0.002088  0.141  0.143  0.536  P  d3
  2245    935.417  +0.031958  +0.043743  0.141  0.143  0.536  P  d3
  2246    935.833  +0.020862  -0.032370  0.156  0.143  0.536  P  d2
  2247    936.250  -0.043694  +0.024526  0.141  0.143  0.536  P  d3
  2248    936.667  +0.005707  +0.020583  0.156  0.143  0.545  P  d2
  2249    937.083  +0.022957  -0.057695  0.172  0.143  0.545  P  d2
  2250    937.500  -0.021223  +0.026744  0.172  0.105  0.545  T  d3
  2251    937.917  +0.026674  +0.013399  0.172  0.105  0.545  T  d3
  2252    938.333  +0.020170  -0.032535  0.172  0.105  0.545  T  d3
  2253    938.750  -0.038244  +0.006419  0.156  0.105  0.545  T  d3
  2254    939.167  +0.038629  +0.035764  0.156  0.105  0.545  T  d2
  2255    939.583  -0.007900  -0.050581  0.156  0.105  0.545  T  d3
  2256    940.000  -0.034995  +0.016660  0.156  0.105  0.545  T  d3
  2257    940.417  +0.032789  +0.018742  0.172  0.105  0.545  T  d3
  2258    940.833  -0.002620  -0.041088  0.172  0.105  0.545  T  d2
  2259    941.250  -0.021880  +0.037657  0.188  0.105  0.545  T  d3
  2260    941.667  +0.012084  +0.035391  0.188  0.105  0.545  T  d2
  2261    942.083  -0.028402  -0.037946  0.188  0.105  0.545  T  d3
  2262    942.500  -0.029573  +0.006580  0.188  0.065  0.545  T  d2
  2263    942.917  +0.044519  +0.020198  0.188  0.065  0.545  T  d3
  2264    943.333  -0.015510  -0.042438  0.188  0.065  0.549  T  d3
  2265    943.750  -0.031869  +0.033741  0.188  0.065  0.549  T  d2
  2266    944.167  +0.038290  -0.032254  0.188  0.065  0.549  T  d0
  2267    944.583  +0.015880  -0.044497  0.188  0.065  0.549  T  d2
  2268    945.000  -0.001976  +0.017832  0.188  0.065  0.549  T  d3
  2269    945.417  +0.019874  -0.004156  0.188  0.065  0.549  T  d0
  2270    945.833  +0.038682  -0.025468  0.188  0.065  0.549  T  d0
  2271    946.250  +0.016528  -0.013895  0.188  0.065  0.549  T  d1
  2272    946.667  +0.009810  +0.072962  0.188  0.065  0.549  T  d0
  2273    947.083  +0.020713  +0.051422  0.188  0.065  0.549  T  d0
  2274    947.500  -0.015443  +0.054971  0.188  0.127  0.549  P  d1
  2275    947.917  -0.129422  +0.044819  0.188  0.127  0.549  P  d0
  2276    948.333  -0.099954  -0.023843  0.203  0.127  0.549  P  d1
  2277    948.750  +0.036355  -0.087077  0.203  0.127  0.549  P  d0
  2278    949.167  -0.024817  -0.080246  0.203  0.127  0.549  P  d1
  2279    949.583  +0.053678  +0.006486  0.219  0.127  0.549  P  d0
  2280    950.000  +0.079124  -0.029583  0.219  0.127  0.541  P  d0
  2281    950.417  +0.011481  -0.002592  0.219  0.127  0.541  P  d1
  2282    950.833  +0.019844  +0.058208  0.219  0.127  0.541  P  d3
  2283    951.250  +0.023026  -0.019697  0.219  0.127  0.541  P  d2
  2284    951.667  -0.015820  +0.000199  0.219  0.127  0.541  P  d3
  2285    952.083  -0.013502  +0.024519  0.234  0.127  0.541  P  d3
  2286    952.500  +0.010403  +0.026364  0.234  0.099  0.541  T  d2
  2287    952.917  -0.002586  -0.015488  0.234  0.099  0.541  T  d3
  2288    953.333  -0.044926  +0.014409  0.250  0.099  0.541  T  d0
  2289    953.750  -0.016597  +0.015971  0.266  0.099  0.541  T  d2
  2290    954.167  +0.015027  -0.012109  0.266  0.099  0.541  T  d0
  2291    954.583  +0.010987  -0.021777  0.281  0.099  0.541  T  d2
  2292    955.000  -0.039229  +0.015224  0.297  0.099  0.541  T  d3
  2293    955.417  +0.020480  +0.009722  0.297  0.099  0.541  T  d3
  2294    955.833  +0.030003  -0.042163  0.312  0.099  0.541  T  d2
  2295    956.250  -0.044653  +0.009060  0.312  0.099  0.541  T  d3
  2296    956.667  +0.040970  +0.028420  0.312  0.099  0.536  T  d3
  2297    957.083  -0.003320  -0.037238  0.312  0.099  0.536  T  d3
  2298    957.500  -0.030897  +0.004353  0.328  0.086  0.536  T  d2
  2299    957.917  +0.034210  +0.019925  0.312  0.086  0.536  T  d3
  2300    958.333  +0.017508  -0.034301  0.312  0.086  0.536  T  d2
  2301    958.750  -0.025271  +0.026149  0.328  0.086  0.536  T  d0
  2302    959.167  -0.004262  +0.026437  0.312  0.086  0.536  T  d2
  2303    959.583  +0.007930  -0.009240  0.312  0.086  0.536  T  d3
  2304    960.000  -0.008880  -0.018961  0.312  0.086  0.536  T  d3
  2305    960.417  -0.021738  -0.005036  0.297  0.086  0.536  T  d2
  2306    960.833  +0.015888  +0.020552  0.281  0.086  0.536  T  d3
  2307    961.250  +0.008321  -0.010245  0.297  0.086  0.536  T  d0
  2308    961.667  +0.004774  -0.039258  0.281  0.086  0.536  T  d2
  2309    962.083  -0.023480  +0.023153  0.281  0.086  0.536  T  d3
  2310    962.500  +0.027254  +0.004691  0.266  0.051  0.536  T  d0
  2311    962.917  +0.025077  -0.013316  0.266  0.051  0.536  T  d2
  2312    963.333  -0.006904  -0.000282  0.250  0.051  0.515  T  d3
  2313    963.750  -0.013007  +0.017159  0.234  0.051  0.515  T  d3
  2314    964.167  +0.016645  +0.032798  0.234  0.051  0.515  T  d2
  2315    964.583  +0.003834  -0.016753  0.234  0.051  0.515  T  d2
  2316    965.000  -0.020896  +0.022864  0.234  0.051  0.515  T  d0
  2317    965.417  -0.024355  +0.006369  0.234  0.051  0.515  T  d3
  2318    965.833  -0.002773  +0.043820  0.234  0.051  0.515  T  d2
  2319    966.250  -0.017258  -0.023015  0.234  0.051  0.515  T  d0
  2320    966.667  -0.052365  -0.039479  0.250  0.051  0.515  T  d0
  2321    967.083  -0.022973  -0.009476  0.250  0.051  0.515  T  d1
  2322    967.500  +0.033675  -0.059515  0.250  0.082  0.515  T  d0
  2323    967.917  +0.035603  -0.079955  0.250  0.082  0.515  T  d0
  2324    968.333  +0.078575  -0.051817  0.250  0.082  0.515  T  d1
  2325    968.750  +0.075958  +0.119448  0.250  0.082  0.515  T  d0
  2326    969.167  +0.036971  +0.056272  0.266  0.082  0.515  T  d1
  2327    969.583  -0.076746  +0.020760  0.266  0.082  0.515  T  d3
  2328    970.000  -0.037828  +0.065998  0.281  0.082  0.506  T  d1
  2329    970.417  -0.020726  -0.017202  0.281  0.082  0.506  T  d0
  2330    970.833  -0.061275  -0.028118  0.297  0.082  0.506  T  d3
  2331    971.250  +0.006372  +0.035519  0.312  0.082  0.506  T  d2
  2332    971.667  -0.005529  -0.042107  0.312  0.082  0.506  T  d0
  2333    972.083  -0.021843  -0.023459  0.328  0.082  0.506  T  d1
  2334    972.500  +0.021657  -0.017540  0.312  0.091  0.506  T  d0
  2335    972.917  +0.047959  +0.002536  0.328  0.091  0.506  T  d3
  2336    973.333  +0.011711  -0.016331  0.328  0.091  0.506  T  d3
  2337    973.750  -0.013181  -0.006642  0.344  0.091  0.506  T  d2
  2338    974.167  +0.018685  +0.021307  0.359  0.091  0.506  T  d0
  2339    974.583  +0.010683  +0.009249  0.359  0.091  0.506  T  d2
  2340    975.000  -0.007396  -0.026361  0.359  0.091  0.506  T  d3
  2341    975.417  -0.040987  +0.026371  0.359  0.091  0.506  T  d3
  2342    975.833  +0.028554  +0.033594  0.375  0.091  0.506  T  d2
  2343    976.250  -0.010311  -0.033189  0.359  0.091  0.506  T  d3
  2344    976.667  -0.049497  +0.026552  0.359  0.091  0.502  T  d3
  2345    977.083  +0.033625  +0.012140  0.359  0.091  0.502  T  d2
  2346    977.500  -0.019326  -0.039718  0.375  0.085  0.502  T  d3
  2347    977.917  -0.028080  -0.005000  0.391  0.085  0.502  T  d2
  2348    978.333  +0.062121  +0.003920  0.406  0.085  0.502  T  d3
  2349    978.750  +0.008527  -0.051782  0.391  0.085  0.502  T  d3
  2350    979.167  -0.014482  +0.003196  0.391  0.085  0.502  T  d2
  2351    979.583  +0.037076  -0.011778  0.391  0.085  0.502  T  d0
  2352    980.000  +0.054943  +0.000322  0.375  0.085  0.502  T  d0
  2353    980.417  +0.016119  +0.013162  0.359  0.085  0.502  T  d1
  2354    980.833  -0.007617  +0.047263  0.375  0.085  0.502  T  d0
  2355    981.250  +0.017647  +0.099424  0.359  0.085  0.502  T  d1
  2356    981.667  -0.064382  +0.067931  0.344  0.085  0.502  T  d1
  2357    982.083  -0.149299  -0.018740  0.344  0.085  0.502  T  d0
  2358    982.500  -0.068496  -0.040832  0.328  0.141  0.502  P  d1
  2359    982.917  +0.026117  -0.070013  0.328  0.141  0.502  P  d0
  2360    983.333  -0.013097  -0.094807  0.328  0.141  0.502  P  d1
  2361    983.750  +0.045803  -0.011170  0.328  0.141  0.502  P  d0
  2362    984.167  +0.095398  -0.038793  0.312  0.141  0.502  P  d0
  2363    984.583  +0.037205  -0.052594  0.312  0.141  0.502  P  d1
  2364    985.000  +0.089423  +0.056693  0.312  0.141  0.502  P  d0
  2365    985.417  +0.097326  +0.072696  0.297  0.141  0.502  P  d1
  2366    985.833  -0.076234  +0.080151  0.297  0.141  0.502  P  d0
  2367    986.250  -0.096246  +0.086182  0.281  0.141  0.502  P  d1
  2368    986.667  -0.046993  -0.037765  0.281  0.141  0.502  P  d0
  2369    987.083  -0.099767  -0.066466  0.297  0.141  0.502  P  d0
  2370    987.500  -0.010733  -0.012623  0.297  0.219  0.502  P  d1
  2371    987.917  +0.061316  -0.112058  0.297  0.219  0.502  P  d0
  2372    988.333  +0.049797  -0.027973  0.297  0.219  0.502  P  d1
  2373    988.750  +0.096933  +0.094070  0.297  0.219  0.502  P  d0
  2374    989.167  +0.015100  +0.085704  0.297  0.219  0.502  P  d1
  2375    989.583  -0.072063  -0.007705  0.297  0.219  0.502  P  d3
  2376    990.000  -0.032027  +0.028492  0.297  0.219  0.515  P  d1
  2377    990.417  -0.009719  -0.013241  0.297  0.219  0.515  P  d0
  2378    990.833  -0.001818  -0.044484  0.312  0.219  0.515  P  d0
  2379    991.250  -0.025131  -0.025939  0.312  0.219  0.515  P  d0
  2380    991.667  -0.004845  -0.003747  0.328  0.219  0.515  P  d2
  2381    992.083  +0.020558  +0.006660  0.344  0.219  0.515  P  d3
  2382    992.500  +0.009359  -0.022631  0.344  0.176  0.515  P  d3
  2383    992.917  -0.013720  -0.013193  0.359  0.176  0.515  P  d2
  2384    993.333  +0.007513  +0.026413  0.359  0.176  0.515  P  d3
  2385    993.750  +0.039731  +0.000059  0.344  0.176  0.515  P  d0
  2386    994.167  +0.016291  +0.004067  0.359  0.176  0.515  P  d2
  2387    994.583  -0.028632  +0.009479  0.359  0.176  0.515  P  d3
  2388    995.000  -0.008473  +0.024488  0.359  0.176  0.515  P  d3
  2389    995.417  +0.024728  +0.000019  0.375  0.176  0.515  P  d3
  2390    995.833  -0.012640  -0.050513  0.359  0.176  0.515  P  d3
  2391    996.250  -0.025313  +0.035681  0.359  0.176  0.515  P  d3
  2392    996.667  +0.033030  +0.016708  0.344  0.176  0.511  P  d2
  2393    997.083  -0.019291  -0.050866  0.344  0.176  0.511  P  d3
  2394    997.500  -0.016036  +0.024638  0.328  0.181  0.511  P  d3
  2395    997.917  +0.054614  +0.015927  0.312  0.181  0.511  P  d2
  2396    998.333  -0.039623  -0.017375  0.312  0.181  0.511  P  d3
  2397    998.750  -0.017805  +0.022762  0.297  0.181  0.511  P  d3
  2398    999.167  +0.019349  +0.005143  0.297  0.181  0.511  P  d3
  2399    999.583  -0.001028  -0.022837  0.281  0.181  0.511  P  d2
  2400   1000.000  -0.010591  +0.015158  0.297  0.181  0.511  P  d0
  2401   1000.417  -0.031095  +0.012762  0.281  0.181  0.511  P  d2
  2402   1000.833  +0.027627  -0.025667  0.281  0.181  0.511  P  d0
  2403   1001.250  +0.004708  -0.011062  0.281  0.181  0.511  P  d3
  2404   1001.667  -0.031450  -0.018271  0.281  0.181  0.511  P  d2
  2405   1002.083  +0.019609  +0.011688  0.297  0.181  0.511  P  d3
  2406   1002.500  +0.033924  -0.017470  0.297  0.171  0.511  P  d3
  2407   1002.917  -0.005416  -0.039082  0.297  0.171  0.511  P  d2
  2408   1003.333  +0.004425  +0.015864  0.312  0.171  0.536  P  d3
  2409   1003.750  +0.040445  +0.011379  0.312  0.171  0.536  P  d0
  2410   1004.167  +0.032985  +0.017589  0.312  0.171  0.536  P  d1
  2411   1004.583  -0.000984  +0.021754  0.312  0.171  0.536  P  d0
  2412   1005.000  -0.009451  +0.074218  0.312  0.171  0.536  P  d0
  2413   1005.417  -0.055469  +0.095183  0.328  0.171  0.536  P  d1
  2414   1005.833  -0.085871  -0.031355  0.344  0.171  0.536  P  d0
  2415   1006.250  -0.065687  -0.087098  0.344  0.171  0.536  P  d0
  2416   1006.667  +0.001634  -0.057263  0.344  0.171  0.536  P  d1
  2417   1007.083  +0.058597  -0.028203  0.359  0.171  0.536  P  d0
  2418   1007.500  +0.059000  -0.034898  0.344  0.172  0.536  P  d0
  2419   1007.917  +0.015990  -0.015977  0.359  0.172  0.536  P  d1
  2420   1008.333  +0.033172  +0.033757  0.375  0.172  0.536  P  d0
  2421   1008.750  +0.027802  +0.033411  0.375  0.172  0.536  P  d3
  2422   1009.167  +0.004600  -0.005604  0.391  0.172  0.536  P  d2
  2423   1009.583  -0.043337  +0.017189  0.391  0.172  0.536  P  d3
  2424   1010.000  -0.010147  +0.064846  0.406  0.172  0.549  P  d2
  2425   1010.417  +0.003669  -0.029136  0.422  0.172  0.549  P  d3
  2426   1010.833  -0.068860  +0.002227  0.422  0.172  0.549  P  d3
  2427   1011.250  +0.012811  +0.029001  0.422  0.172  0.549  P  d2
  2428   1011.667  -0.002074  -0.057568  0.422  0.172  0.549  P  d3
  2429   1012.083  -0.016691  -0.003301  0.438  0.172  0.549  P  d2
  2430   1012.500  +0.026760  +0.001504  0.453  0.129  0.549  P  d3
  2431   1012.917  +0.020996  -0.054238  0.453  0.129  0.549  P  d0
  2432   1013.333  +0.021195  -0.022006  0.469  0.129  0.549  P  d1
  2433   1013.750  +0.013368  +0.008116  0.453  0.129  0.549  P  d0
  2434   1014.167  +0.072321  +0.013611  0.469  0.129  0.549  P  d1
  2435   1014.583  +0.008411  +0.015277  0.469  0.129  0.549  P  d0
  2436   1015.000  +0.000534  +0.048063  0.469  0.129  0.549  P  d0
  2437   1015.417  -0.019422  +0.119990  0.484  0.129  0.549  P  d0
  2438   1015.833  -0.090587  +0.065556  0.484  0.129  0.549  P  d1
  2439   1016.250  -0.099631  -0.070835  0.500  0.129  0.549  P  d0
  2440   1016.667  -0.074464  -0.054287  0.500  0.129  0.532  P  d1
  2441   1017.083  +0.017799  -0.054164  0.500  0.129  0.532  P  d0
  2442   1017.500  +0.050314  -0.043522  0.484  0.122  0.532  P  d0
  2443   1017.917  +0.038171  -0.069637  0.484  0.122  0.532  P  d0
  2444   1018.333  +0.025567  -0.021220  0.469  0.122  0.532  P  d0
  2445   1018.750  +0.091371  -0.009064  0.453  0.122  0.532  P  d0
  2446   1019.167  +0.123324  +0.022996  0.453  0.122  0.532  P  d1
  2447   1019.583  -0.005706  +0.107904  0.438  0.122  0.532  P  d1
  2448   1020.000  -0.082194  +0.073245  0.422  0.122  0.532  P  d0
  2449   1020.417  -0.081548  +0.039229  0.438  0.122  0.532  P  d1
  2450   1020.833  -0.061647  -0.032619  0.422  0.122  0.532  P  d0
  2451   1021.250  -0.045949  -0.092352  0.406  0.122  0.532  P  d0
  2452   1021.667  -0.019042  -0.040100  0.406  0.122  0.532  P  d1
  2453   1022.083  +0.075050  -0.051918  0.391  0.122  0.532  P  d0
  2454   1022.500  +0.151008  -0.011670  0.391  0.123  0.532  P  d1
  2455   1022.917  +0.014919  +0.099423  0.391  0.123  0.532  P  d0
  2456   1023.333  -0.030621  +0.111583  0.391  0.123  0.511  P  d0
  2457   1023.750  +0.004746  +0.010349  0.406  0.123  0.511  P  d1
  2458   1024.167  -0.068784  -0.012332  0.406  0.123  0.511  P  d3
  2459   1024.583  -0.051260  +0.036824  0.422  0.123  0.511  P  d1
  2460   1025.000  -0.029037  -0.050061  0.422  0.123  0.511  P  d0
  2461   1025.417  -0.086227  -0.074418  0.438  0.123  0.511  P  d0
  2462   1025.833  -0.011331  -0.064334  0.453  0.123  0.511  P  d1
  2463   1026.250  +0.095477  -0.079590  0.453  0.123  0.511  P  d0
  2464   1026.667  +0.081922  -0.021380  0.453  0.123  0.511  P  d1
  2465   1027.083  +0.045807  +0.085047  0.453  0.123  0.511  P  d0
  2466   1027.500  +0.046145  +0.085909  0.453  0.111  0.511  T  d0
  2467   1027.917  -0.004620  +0.061163  0.453  0.111  0.511  T  d1
  2468   1028.333  -0.095912  +0.036043  0.453  0.111  0.511  T  d0
  2469   1028.750  -0.081272  +0.001179  0.438  0.111  0.511  T  d1
  2470   1029.167  -0.026253  -0.056035  0.438  0.111  0.511  T  d0
  2471   1029.583  +0.024494  -0.141238  0.453  0.111  0.511  T  d1
  2472   1030.000  +0.051744  -0.021803  0.438  0.111  0.506  T  d1
  2473   1030.417  +0.065631  +0.072009  0.453  0.111  0.506  T  d3
  2474   1030.833  +0.035647  -0.017533  0.438  0.111  0.506  T  d2
  2475   1031.250  -0.051121  +0.048860  0.422  0.111  0.506  T  d3
  2476   1031.667  +0.003652  +0.048522  0.406  0.111  0.506  T  d2
  2477   1032.083  -0.003843  -0.023782  0.406  0.111  0.506  T  d3
  2478   1032.500  -0.048170  +0.019500  0.406  0.065  0.506  T  d3
  2479   1032.917  -0.002150  +0.031280  0.406  0.065  0.506  T  d2
  2480   1033.333  -0.001947  -0.052793  0.422  0.065  0.506  T  d0
  2481   1033.750  -0.012134  -0.029414  0.406  0.065  0.506  T  d2
  2482   1034.167  +0.004854  +0.009501  0.422  0.065  0.506  T  d3
  2483   1034.583  +0.020493  -0.004057  0.422  0.065  0.506  T  d3
  2484   1035.000  +0.014235  -0.025595  0.406  0.065  0.506  T  d3
  2485   1035.417  -0.012462  -0.009232  0.422  0.065  0.506  T  d2
  2486   1035.833  +0.004054  +0.016813  0.406  0.065  0.506  T  d3
  2487   1036.250  +0.062902  +0.020159  0.422  0.065  0.506  T  d2
  2488   1036.667  -0.022652  +0.003799  0.406  0.065  0.532  T  d0
  2489   1037.083  -0.025524  +0.007024  0.391  0.065  0.532  T  d3
  2490   1037.500  +0.015781  +0.044234  0.406  0.032  0.532  T  d0
  2491   1037.917  +0.002280  +0.009804  0.422  0.032  0.532  T  d1
  2492   1038.333  -0.036081  -0.017740  0.422  0.032  0.532  T  d0
  2493   1038.750  -0.068074  +0.005298  0.422  0.032  0.532  T  d0
  2494   1039.167  -0.043493  -0.027566  0.422  0.032  0.532  T  d1
  2495   1039.583  +0.052468  -0.116257  0.422  0.032  0.532  T  d0
  2496   1040.000  +0.065657  -0.054985  0.422  0.032  0.532  T  d1
  2497   1040.417  +0.059915  +0.089679  0.422  0.032  0.532  T  d0
  2498   1040.833  +0.074809  +0.068358  0.406  0.032  0.532  T  d1
  2499   1041.250  -0.051222  +0.027100  0.406  0.032  0.532  T  d0
  2500   1041.667  -0.058911  +0.094180  0.406  0.032  0.532  T  d1
  2501   1042.083  -0.010260  -0.004332  0.406  0.032  0.532  T  d0
  2502   1042.500  -0.131517  -0.037125  0.406  0.104  0.532  T  d0
  2503   1042.917  -0.056682  -0.074558  0.391  0.104  0.532  T  d1
  2504   1043.333  +0.111396  -0.138561  0.406  0.104  0.558  T  d0
  2505   1043.750  +0.035451  -0.026955  0.406  0.104  0.558  T  d1
  2506   1044.167  +0.065905  +0.057349  0.422  0.104  0.558  T  d3
  2507   1044.583  +0.066692  -0.012109  0.438  0.104  0.558  T  d1
  2508   1045.000  -0.016921  +0.055126  0.438  0.104  0.558  T  d0
  2509   1045.417  +0.012877  +0.101345  0.453  0.104  0.558  T  d0
  2510   1045.833  +0.016080  +0.040059  0.453  0.104  0.558  T  d1
  2511   1046.250  -0.113727  +0.066104  0.469  0.104  0.558  T  d0
  2512   1046.667  -0.105828  -0.002955  0.484  0.104  0.558  T  d1
  2513   1047.083  -0.010090  -0.119673  0.469  0.104  0.558  T  d0
  2514   1047.500  +0.028597  -0.091296  0.484  0.115  0.558  T  d0
  2515   1047.917  +0.038181  -0.047593  0.484  0.115  0.558  T  d1
  2516   1048.333  +0.083079  +0.005867  0.500  0.115  0.558  T  d0
  2517   1048.750  +0.086394  +0.028790  0.500  0.115  0.558  T  d1
  2518   1049.167  +0.009253  +0.042325  0.500  0.115  0.558  T  d0
  2519   1049.583  -0.033343  +0.133937  0.500  0.115  0.558  T  d1
  2520   1050.000  -0.122476  +0.057055  0.500  0.115  0.549  T  d1
  2521   1050.417  -0.055958  -0.063573  0.484  0.115  0.549  T  d0
  2522   1050.833  -0.072429  -0.058623  0.484  0.115  0.549  T  d0
  2523   1051.250  -0.006648  -0.045862  0.469  0.115  0.549  T  d1
  2524   1051.667  +0.049919  -0.037485  0.469  0.115  0.549  T  d0
  2525   1052.083  +0.050082  -0.051384  0.453  0.115  0.549  T  d0
  2526   1052.500  +0.037942  -0.056968  0.453  0.073  0.549  T  d1
  2527   1052.917  +0.094229  +0.009628  0.453  0.073  0.549  T  d0
  2528   1053.333  +0.113020  +0.083161  0.438  0.073  0.549  T  d1
  2529   1053.750  -0.003652  +0.066422  0.453  0.073  0.549  T  d1
  2530   1054.167  -0.104721  +0.077547  0.438  0.073  0.549  T  d0
  2531   1054.583  -0.034130  +0.033283  0.453  0.073  0.549  T  d1
  2532   1055.000  -0.063091  -0.050930  0.438  0.073  0.549  T  d0
  2533   1055.417  -0.080737  -0.007273  0.453  0.073  0.549  T  d2
  2534   1055.833  +0.035632  -0.018057  0.438  0.073  0.549  T  d3
  2535   1056.250  -0.025412  -0.073496  0.438  0.073  0.549  T  d0
  2536   1056.667  -0.006447  -0.011816  0.438  0.073  0.541  T  d1
  2537   1057.083  +0.078240  +0.000172  0.422  0.073  0.541  T  d0
  2538   1057.500  +0.050986  -0.027206  0.422  0.094  0.541  T  d0
  2539   1057.917  +0.022948  +0.006513  0.422  0.094  0.541  T  d1
  2540   1058.333  +0.026399  +0.061037  0.438  0.094  0.541  T  d0
  2541   1058.750  +0.030121  +0.040236  0.422  0.094  0.541  T  d1
  2542   1059.167  -0.019717  +0.033090  0.422  0.094  0.541  T  d0
  2543   1059.583  -0.097957  +0.036740  0.438  0.094  0.541  T  d0
  2544   1060.000  -0.104783  +0.009943  0.422  0.094  0.541  T  d1
  2545   1060.417  +0.022711  -0.092599  0.422  0.094  0.541  T  d0
  2546   1060.833  -0.043706  -0.093040  0.406  0.094  0.541  T  d2
  2547   1061.250  +0.049876  +0.026486  0.406  0.094  0.541  T  d0
  2548   1061.667  +0.088638  -0.015537  0.406  0.094  0.541  T  d2
  2549   1062.083  -0.034278  -0.003342  0.391  0.094  0.541  T  d2
  2550   1062.500  +0.040989  +0.048913  0.391  0.095  0.541  T  d3
  2551   1062.917  +0.045263  -0.003560  0.375  0.095  0.541  T  d2
  2552   1063.333  -0.036064  -0.010747  0.391  0.095  0.536  T  d3
  2553   1063.750  +0.006017  +0.032143  0.391  0.095  0.536  T  d3
  2554   1064.167  +0.005455  -0.006708  0.375  0.095  0.536  T  d3
  2555   1064.583  -0.011427  -0.040352  0.359  0.095  0.536  T  d2
  2556   1065.000  -0.005819  +0.011820  0.359  0.095  0.536  T  d3
  2557   1065.417  +0.016155  +0.024385  0.344  0.095  0.536  T  d0
  2558   1065.833  +0.032685  +0.016096  0.328  0.095  0.536  T  d1
  2559   1066.250  -0.001332  +0.044197  0.328  0.095  0.536  T  d1
  2560   1066.667  -0.090249  +0.076220  0.328  0.095  0.536  T  d0
  2561   1067.083  -0.073552  +0.006967  0.328  0.095  0.536  T  d1
  2562   1067.500  -0.019299  -0.127308  0.344  0.077  0.536  T  d0
  2563   1067.917  -0.025846  -0.080689  0.328  0.077  0.536  T  d1
  2564   1068.333  +0.091953  -0.004635  0.344  0.077  0.536  T  d0
  2565   1068.750  +0.069065  -0.072369  0.328  0.077  0.536  T  d1
  2566   1069.167  +0.039115  +0.039109  0.344  0.077  0.536  T  d0
  2567   1069.583  +0.097290  +0.083199  0.344  0.077  0.536  T  d1
  2568   1070.000  -0.014968  +0.082883  0.344  0.077  0.519  T  d1
  2569   1070.417  -0.141022  +0.064075  0.344  0.077  0.519  T  d1
  2570   1070.833  -0.059102  -0.032066  0.328  0.077  0.519  T  d1
  2571   1071.250  +0.002345  -0.052909  0.328  0.077  0.519  T  d0
  2572   1071.667  -0.019719  -0.048347  0.328  0.077  0.519  T  d1
  2573   1072.083  +0.014059  -0.009299  0.312  0.077  0.519  T  d0
  2574   1072.500  +0.039787  -0.003048  0.312  0.063  0.519  T  d0
  2575   1072.917  +0.037159  -0.020986  0.297  0.063  0.519  T  d1
  2576   1073.333  +0.001968  +0.000554  0.281  0.063  0.519  T  d1
  2577   1073.750  -0.002978  +0.028453  0.281  0.063  0.519  T  d3
  2578   1074.167  +0.012471  +0.012230  0.266  0.063  0.519  T  d0
  2579   1074.583  +0.011312  +0.003296  0.266  0.063  0.519  T  d2
  2580   1075.000  -0.028715  -0.007462  0.250  0.063  0.519  T  d3
  2581   1075.417  -0.026486  +0.039188  0.250  0.063  0.519  T  d3
  2582   1075.833  +0.021219  +0.015264  0.250  0.063  0.519  T  d2
  2583   1076.250  -0.027945  -0.046161  0.250  0.063  0.519  T  d0
  2584   1076.667  -0.016250  -0.016436  0.250  0.063  0.515  T  d2
  2585   1077.083  +0.003176  +0.035051  0.250  0.063  0.515  T  d2
  2586   1077.500  +0.035660  -0.045065  0.250  0.066  0.515  T  d3
  2587   1077.917  -0.017076  -0.043945  0.250  0.066  0.515  T  d2
  2588   1078.333  +0.003999  +0.037859  0.250  0.066  0.515  T  d3
  2589   1078.750  +0.077541  -0.011872  0.250  0.066  0.515  T  d2
  2590   1079.167  -0.017249  -0.006990  0.234  0.066  0.515  T  d3
  2591   1079.583  +0.026032  +0.086937  0.234  0.066  0.515  T  d0
  2592   1080.000  +0.028113  +0.054277  0.234  0.066  0.515  T  d1
  2593   1080.417  -0.145982  +0.043086  0.219  0.066  0.515  T  d0
  2594   1080.833  -0.071789  -0.037800  0.234  0.066  0.515  T  d1
  2595   1081.250  +0.014916  -0.104244  0.219  0.066  0.515  T  d0
  2596   1081.667  -0.006255  -0.091495  0.234  0.066  0.515  T  d1
  2597   1082.083  +0.074715  +0.018535  0.219  0.066  0.515  T  d0
  2598   1082.500  +0.089017  -0.043101  0.234  0.038  0.515  T  d1
  2599   1082.917  +0.013675  +0.024180  0.234  0.038  0.515  T  d0
  2600   1083.333  +0.076187  +0.123802  0.250  0.038  0.515  T  d1
  2601   1083.750  -0.033641  +0.065747  0.266  0.038  0.515  T  d1
  2602   1084.167  -0.162691  +0.019616  0.266  0.038  0.515  T  d0
  2603   1084.583  -0.022569  -0.015855  0.281  0.038  0.515  T  d1
  2604   1085.000  +0.014339  -0.097586  0.266  0.038  0.515  T  d3
  2605   1085.417  -0.037877  -0.007206  0.281  0.038  0.515  T  d2
  2606   1085.833  +0.066753  -0.003936  0.266  0.038  0.515  T  d3
  2607   1086.250  +0.033310  -0.044113  0.266  0.038  0.515  T  d2
  2608   1086.667  -0.020556  +0.023286  0.281  0.038  0.515  T  d3
  2609   1087.083  +0.054332  +0.027701  0.281  0.038  0.515  T  d3
  2610   1087.500  -0.009892  -0.039394  0.297  0.009  0.515  T  d3
  2611   1087.917  -0.022416  +0.031122  0.281  0.009  0.515  T  d3
  2612   1088.333  +0.044237  +0.041420  0.297  0.009  0.515  T  d2
  2613   1088.750  -0.023160  -0.017761  0.297  0.009  0.515  T  d3
  2614   1089.167  -0.068787  +0.028467  0.312  0.009  0.515  T  d2
  2615   1089.583  +0.043766  +0.006850  0.328  0.009  0.515  T  d3
  2616   1090.000  -0.022926  -0.046261  0.312  0.009  0.545  T  d3
  2617   1090.417  -0.043418  +0.027830  0.328  0.009  0.545  T  d2
  2618   1090.833  +0.050232  -0.036741  0.328  0.009  0.545  T  d3
  2619   1091.250  -0.009276  -0.033962  0.344  0.009  0.545  T  d3
  2620   1091.667  -0.014945  +0.008909  0.344  0.009  0.545  T  d2
  2621   1092.083  +0.067000  -0.001444  0.359  0.009  0.545  T  d3
  2622   1092.500  +0.003041  -0.025789  0.359  0.031  0.545  T  d2
  2623   1092.917  -0.003798  +0.046578  0.359  0.031  0.545  T  d3
  2624   1093.333  +0.080200  +0.046593  0.344  0.031  0.545  T  d1
  2625   1093.750  -0.056693  +0.054756  0.344  0.031  0.545  T  d0
  2626   1094.167  -0.113178  +0.045471  0.328  0.031  0.545  T  d1
  2627   1094.583  -0.017589  -0.078699  0.328  0.031  0.545  T  d0
  2628   1095.000  -0.023505  -0.104760  0.312  0.031  0.545  T  d1
  2629   1095.417  +0.037513  -0.009500  0.312  0.031  0.545  T  d0
  2630   1095.833  +0.102451  -0.047579  0.297  0.031  0.545  T  d0
  2631   1096.250  +0.029618  +0.010819  0.297  0.031  0.545  T  d0
  2632   1096.667  +0.049691  +0.100454  0.281  0.031  0.536  T  d0
  2633   1097.083  +0.010394  +0.087533  0.281  0.031  0.536  T  d1
  2634   1097.500  -0.134561  +0.031658  0.297  0.033  0.536  T  d0
  2635   1097.917  -0.093148  +0.017391  0.281  0.033  0.536  T  d1
  2636   1098.333  +0.000798  -0.094202  0.297  0.033  0.536  T  d0
  2637   1098.750  -0.041470  -0.052223  0.297  0.033  0.536  T  d1
  2638   1099.167  +0.025616  -0.002981  0.312  0.033  0.536  T  d0
  2639   1099.583  +0.071872  -0.089491  0.328  0.033  0.536  T  d0
  2640   1100.000  +0.007454  -0.020574  0.328  0.033  0.536  T  d1
  2641   1100.417  +0.107698  +0.004256  0.344  0.033  0.536  T  d0
  2642   1100.833  +0.102641  +0.028839  0.344  0.033  0.536  T  d1
  2643   1101.250  -0.048314  +0.118546  0.344  0.033  0.536  T  d0
  2644   1101.667  -0.038360  +0.102358  0.344  0.033  0.536  T  d1
  2645   1102.083  -0.082933  -0.031785  0.359  0.033  0.536  T  d0
  2646   1102.500  -0.103853  -0.012196  0.375  0.043  0.536  T  d0
  2647   1102.917  -0.022521  -0.014428  0.391  0.043  0.536  T  d1
  2648   1103.333  -0.000526  -0.126029  0.391  0.043  0.515  T  d0
  2649   1103.750  +0.014756  -0.061771  0.406  0.043  0.515  T  d1
  2650   1104.167  +0.138699  +0.016115  0.406  0.043  0.515  T  d0
  2651   1104.583  +0.069969  +0.029272  0.406  0.043  0.515  T  d1
  2652   1105.000  -0.041339  +0.078405  0.422  0.043  0.515  T  d0
  2653   1105.417  +0.014466  +0.052052  0.422  0.043  0.515  T  d2
  2654   1105.833  -0.040556  -0.041010  0.438  0.043  0.515  T  d3
  2655   1106.250  -0.061310  +0.008169  0.453  0.043  0.515  T  d2
  2656   1106.667  +0.042054  -0.004324  0.453  0.043  0.515  T  d3
  2657   1107.083  -0.016505  -0.037947  0.469  0.043  0.515  T  d3
  2658   1107.500  -0.032891  +0.037856  0.453  0.043  0.515  T  d3
  2659   1107.917  +0.047749  +0.013845  0.453  0.043  0.515  T  d2
  2660   1108.333  -0.020159  -0.020241  0.453  0.043  0.515  T  d3
  2661   1108.750  -0.042048  +0.059998  0.453  0.043  0.515  T  d2
  2662   1109.167  +0.032178  -0.019916  0.453  0.043  0.515  T  d3
  2663   1109.583  -0.045820  -0.040232  0.438  0.043  0.515  T  d3
  2664   1110.000  -0.032556  +0.010251  0.422  0.043  0.498  T  d1
  2665   1110.417  +0.021024  -0.068547  0.406  0.043  0.498  T  d0
  2666   1110.833  +0.012060  -0.125610  0.406  0.043  0.498  T  d1
  2667   1111.250  +0.108750  +0.031083  0.391  0.043  0.498  T  d0
  2668   1111.667  +0.083926  +0.066564  0.391  0.043  0.498  T  d1
  2669   1112.083  -0.025332  +0.038850  0.375  0.043  0.498  T  d0
  2670   1112.500  -0.041027  +0.101511  0.391  0.045  0.498  T  d0
  2671   1112.917  -0.002794  +0.005742  0.391  0.045  0.498  T  d1
  2672   1113.333  -0.086787  +0.001833  0.375  0.045  0.498  T  d0
  2673   1113.750  -0.038911  +0.013943  0.391  0.045  0.498  T  d2
  2674   1114.167  +0.028968  -0.045870  0.391  0.045  0.498  T  d3
  2675   1114.583  -0.051608  -0.043282  0.391  0.045  0.498  T  d1
  2676   1115.000  +0.008854  -0.011591  0.391  0.045  0.498  T  d0
  2677   1115.417  +0.050086  -0.054126  0.391  0.045  0.498  T  d0
  2678   1115.833  +0.030197  -0.027452  0.391  0.045  0.498  T  d0
  2679   1116.250  +0.020072  -0.013746  0.391  0.045  0.498  T  d1
  2680   1116.667  +0.040254  +0.036903  0.391  0.045  0.494  T  d0
  2681   1117.083  +0.067655  +0.047472  0.391  0.045  0.494  T  d1
  2682   1117.500  -0.000732  +0.097526  0.406  0.000  0.494  T  d1
  2683   1117.917  -0.123727  +0.051239  0.391  0.000  0.494  T  d0
  2684   1118.333  -0.075449  +0.008861  0.391  0.000  0.494  T  d1
  2685   1118.750  -0.010508  -0.066375  0.375  0.000  0.494  T  d0
  2686   1119.167  +0.007655  -0.072961  0.375  0.000  0.494  T  d0
  2687   1119.583  +0.009276  -0.019830  0.391  0.000  0.494  T  d1
  2688   1120.000  +0.037372  +0.013295  0.391  0.000  0.494  T  d0
  2689   1120.417  +0.031822  -0.010195  0.406  0.000  0.494  T  d3
  2690   1120.833  -0.006757  -0.037983  0.422  0.000  0.494  T  d2
  2691   1121.250  -0.001202  +0.021925  0.422  0.000  0.494  T  d0
  2692   1121.667  -0.009140  +0.034353  0.422  0.000  0.494  T  d2
  2693   1122.083  +0.000486  -0.028261  0.438  0.000  0.494  T  d0
  2694   1122.500  -0.002446  -0.021407  0.438  0.024  0.494  T  d3
  2695   1122.917  -0.014903  +0.018658  0.453  0.024  0.494  T  d3
  2696   1123.333  +0.021792  +0.012771  0.469  0.024  0.532  T  d3
  2697   1123.750  +0.056656  -0.031549  0.469  0.024  0.532  T  d1
  2698   1124.167  +0.052024  +0.017261  0.469  0.024  0.532  T  d1
  2699   1124.583  -0.011497  +0.125700  0.484  0.024  0.532  T  d1
  2700   1125.000  -0.065400  +0.053795  0.469  0.024  0.532  T  d1
  2701   1125.417  -0.070588  -0.037818  0.484  0.024  0.532  T  d0
  2702   1125.833  -0.068920  -0.084180  0.469  0.024  0.532  T  d0
  2703   1126.250  -0.013767  -0.044141  0.469  0.024  0.532  T  d1
  2704   1126.667  +0.041968  -0.047386  0.484  0.024  0.532  T  d0
  2705   1127.083  +0.056478  -0.080423  0.469  0.024  0.532  T  d0
  2706   1127.500  +0.095644  -0.018980  0.484  0.059  0.532  T  d1
  2707   1127.917  +0.080651  +0.150437  0.500  0.059  0.532  T  d0
  2708   1128.333  -0.013105  +0.099670  0.500  0.059  0.532  T  d1
  2709   1128.750  -0.069190  +0.041560  0.500  0.059  0.532  T  d0
  2710   1129.167  -0.079270  -0.001572  0.484  0.059  0.532  T  d0
  2711   1129.583  -0.043280  +0.000617  0.484  0.059  0.532  T  d1
  2712   1130.000  -0.015509  -0.036309  0.484  0.059  0.532  T  d0
  2713   1130.417  -0.044457  -0.091927  0.469  0.059  0.532  T  d0
  2714   1130.833  -0.025613  -0.076459  0.469  0.059  0.532  T  d1
  2715   1131.250  +0.069960  -0.063540  0.484  0.059  0.532  T  d1
  2716   1131.667  +0.134807  +0.010038  0.469  0.059  0.532  T  d1
  2717   1132.083  +0.038645  +0.055170  0.469  0.059  0.532  T  d1
  2718   1132.500  -0.016889  +0.081415  0.453  0.115  0.532  T  d0
  2719   1132.917  -0.013895  +0.113539  0.438  0.115  0.532  T  d1
  2720   1133.333  -0.057113  +0.015811  0.438  0.115  0.532  T  d0
  2721   1133.750  -0.086814  -0.030273  0.422  0.115  0.532  T  d0
  2722   1134.167  -0.078321  -0.055438  0.422  0.115  0.532  T  d1
  2723   1134.583  +0.027343  -0.100862  0.422  0.115  0.532  T  d1
  2724   1135.000  +0.121088  -0.066378  0.406  0.115  0.532  T  d0
  2725   1135.417  +0.050923  -0.012268  0.406  0.115  0.532  T  d1
  2726   1135.833  +0.029660  +0.054813  0.406  0.115  0.532  T  d0
  2727   1136.250  +0.037527  +0.051089  0.406  0.115  0.532  T  d0
  2728   1136.667  +0.008316  +0.039526  0.422  0.115  0.506  T  d1
  2729   1137.083  -0.039454  +0.031661  0.438  0.115  0.506  T  d0
  2730   1137.500  -0.063854  +0.088447  0.438  0.166  0.506  P  d0
  2731   1137.917  -0.067765  +0.050548  0.453  0.166  0.506  P  d1
  2732   1138.333  -0.090795  -0.099250  0.469  0.166  0.506  P  d0
  2733   1138.750  -0.012097  -0.111748  0.469  0.166  0.506  P  d1
  2734   1139.167  +0.060826  -0.052590  0.469  0.166  0.506  P  d0
  2735   1139.583  +0.088909  +0.001599  0.453  0.166  0.506  P  d0
  2736   1140.000  +0.079709  -0.014770  0.453  0.166  0.506  P  d1
  2737   1140.417  +0.003239  +0.042315  0.453  0.166  0.506  P  d0
  2738   1140.833  +0.023224  +0.091869  0.453  0.166  0.506  P  d0
  2739   1141.250  -0.045734  +0.083372  0.469  0.166  0.506  P  d1
  2740   1141.667  -0.104501  -0.052828  0.469  0.166  0.506  P  d0
  2741   1142.083  -0.045677  -0.068147  0.469  0.166  0.506  P  d1
  2742   1142.500  +0.014276  -0.000183  0.469  0.095  0.506  T  d0
  2743   1142.917  +0.049907  -0.016359  0.469  0.095  0.506  T  d3
  2744   1143.333  +0.010880  -0.024649  0.469  0.095  0.489  T  d2
  2745   1143.750  -0.019994  +0.013540  0.469  0.095  0.489  T  d3
  2746   1144.167  +0.041830  +0.022356  0.453  0.095  0.489  T  d0
  2747   1144.583  +0.030239  +0.008040  0.453  0.095  0.489  T  d2
  2748   1145.000  -0.035240  -0.047285  0.469  0.095  0.489  T  d3
  2749   1145.417  -0.007431  +0.038882  0.469  0.095  0.489  T  d3
  2750   1145.833  +0.028513  +0.006502  0.484  0.095  0.489  T  d3
  2751   1146.250  -0.025579  -0.069994  0.484  0.095  0.489  T  d2
  2752   1146.667  +0.001641  +0.034643  0.484  0.095  0.489  T  d3
  2753   1147.083  +0.065500  +0.022245  0.484  0.095  0.489  T  d2
  2754   1147.500  -0.007036  -0.013785  0.484  0.129  0.489  P  d2
  2755   1147.917  +0.009714  +0.123446  0.484  0.129  0.489  P  d1
  2756   1148.333  -0.063513  +0.048539  0.500  0.129  0.489  P  d1
  2757   1148.750  -0.093466  -0.068492  0.484  0.129  0.489  P  d0
  2758   1149.167  -0.037823  -0.070477  0.484  0.129  0.489  P  d1
  2759   1149.583  +0.026080  -0.040125  0.484  0.129  0.489  P  d0
  2760   1150.000  +0.054230  -0.074450  0.484  0.129  0.494  P  d0
  2761   1150.417  +0.063428  -0.044713  0.500  0.129  0.494  P  d1
  2762   1150.833  +0.059109  +0.042692  0.500  0.129  0.494  P  d0
  2763   1151.250  +0.075359  +0.087796  0.500  0.129  0.494  P  d0
  2764   1151.667  -0.000520  +0.100201  0.500  0.129  0.494  P  d1
  2765   1152.083  -0.116435  +0.051009  0.500  0.129  0.494  P  d0
  2766   1152.500  -0.095631  +0.016497  0.516  0.166  0.494  P  d1
  2767   1152.917  -0.043232  -0.032551  0.516  0.166  0.494  P  d1
  2768   1153.333  -0.005786  -0.068005  0.516  0.166  0.494  P  d0
  2769   1153.750  -0.004884  -0.087434  0.531  0.166  0.494  P  d0
  2770   1154.167  +0.008195  -0.013121  0.516  0.166  0.494  P  d0
  2771   1154.583  +0.069167  -0.056791  0.516  0.166  0.494  P  d0
  2772   1155.000  +0.106475  -0.057997  0.516  0.166  0.494  P  d1
  2773   1155.417  +0.046963  +0.081780  0.500  0.166  0.494  P  d0
  2774   1155.833  -0.011123  +0.113644  0.516  0.166  0.494  P  d0
  2775   1156.250  -0.060491  +0.072400  0.500  0.166  0.494  P  d1
  2776   1156.667  -0.049263  -0.036344  0.516  0.166  0.519  P  d0
  2777   1157.083  -0.088147  +0.005043  0.531  0.166  0.519  P  d1
  2778   1157.500  -0.048531  -0.050402  0.531  0.088  0.519  T  d1
  2779   1157.917  +0.041502  -0.095021  0.531  0.088  0.519  T  d0
  2780   1158.333  +0.120202  -0.075915  0.531  0.088  0.519  T  d1
  2781   1158.750  +0.080379  +0.057108  0.531  0.088  0.519  T  d0
  2782   1159.167  +0.034280  +0.120998  0.531  0.088  0.519  T  d0
  2783   1159.583  +0.002528  +0.032778  0.547  0.088  0.519  T  d1
  2784   1160.000  -0.032888  +0.013699  0.547  0.088  0.519  T  d0
  2785   1160.417  -0.066404  +0.038025  0.547  0.088  0.519  T  d0
  2786   1160.833  -0.053416  +0.030863  0.547  0.088  0.519  T  d1
  2787   1161.250  -0.068724  -0.021854  0.562  0.088  0.519  T  d0
  2788   1161.667  -0.100166  -0.088640  0.562  0.088  0.519  T  d1
  2789   1162.083  +0.002359  -0.095126  0.562  0.088  0.519  T  d1
  2790   1162.500  +0.070046  -0.046630  0.547  0.072  0.519  T  d0
  2791   1162.917  +0.118069  -0.003979  0.547  0.072  0.519  T  d0
  2792   1163.333  +0.020749  +0.014132  0.531  0.072  0.519  T  d0
  2793   1163.750  +0.035806  +0.058425  0.516  0.072  0.519  T  d0
  2794   1164.167  +0.030546  +0.058716  0.516  0.072  0.519  T  d0
  2795   1164.583  +0.008145  +0.033889  0.500  0.072  0.519  T  d1
  2796   1165.000  -0.051911  +0.006468  0.500  0.072  0.519  T  d0
  2797   1165.417  -0.061396  +0.009876  0.500  0.072  0.519  T  d0
  2798   1165.833  -0.003981  -0.001997  0.484  0.072  0.519  T  d0
  2799   1166.250  -0.023684  -0.040572  0.484  0.072  0.519  T  d0
  2800   1166.667  -0.043881  -0.047622  0.484  0.072  0.519  T  d0
  2801   1167.083  -0.007650  -0.023279  0.469  0.072  0.519  T  d1
  2802   1167.500  +0.040460  -0.020609  0.453  0.102  0.519  T  d0
  2803   1167.917  +0.061054  -0.047343  0.438  0.102  0.519  T  d1
  2804   1168.333  +0.064814  +0.021066  0.438  0.102  0.519  T  d1
  2805   1168.750  +0.049310  +0.100466  0.438  0.102  0.519  T  d0
  2806   1169.167  -0.010180  +0.104372  0.438  0.102  0.519  T  d1
  2807   1169.583  -0.066557  -0.013212  0.422  0.102  0.519  T  d0
  2808   1170.000  -0.069676  +0.003101  0.438  0.102  0.519  T  d0
  2809   1170.417  -0.035964  -0.027058  0.438  0.102  0.519  T  d1
  2810   1170.833  +0.009125  -0.048899  0.438  0.102  0.519  T  d0
  2811   1171.250  +0.013305  -0.051583  0.453  0.102  0.519  T  d3
  2812   1171.667  -0.023977  -0.014788  0.438  0.102  0.519  T  d2
  2813   1172.083  +0.026753  +0.023715  0.438  0.102  0.519  T  d3
  2814   1172.500  +0.014625  -0.008304  0.422  0.103  0.519  T  d0
  2815   1172.917  +0.012583  -0.033958  0.422  0.103  0.519  T  d2
  2816   1173.333  -0.011776  +0.035987  0.422  0.103  0.519  T  d3
  2817   1173.750  +0.026561  +0.030801  0.422  0.103  0.519  T  d3
  2818   1174.167  +0.015027  -0.012237  0.422  0.103  0.519  T  d0
  2819   1174.583  +0.005055  -0.009503  0.422  0.103  0.519  T  d2
  2820   1175.000  -0.019687  +0.020137  0.406  0.103  0.519  T  d3
  2821   1175.417  +0.016716  +0.036091  0.406  0.103  0.519  T  d3
  2822   1175.833  +0.011984  -0.014258  0.406  0.103  0.519  T  d3
  2823   1176.250  -0.025040  -0.015818  0.391  0.103  0.519  T  d3
  2824   1176.667  -0.026816  +0.025032  0.375  0.103  0.519  T  d3
  2825   1177.083  +0.019009  +0.015771  0.359  0.103  0.519  T  d2
  2826   1177.500  -0.009053  -0.028718  0.359  0.063  0.519  T  d3
  2827   1177.917  -0.024079  -0.007362  0.344  0.063  0.519  T  d0
  2828   1178.333  -0.039796  +0.000051  0.344  0.063  0.519  T  d2
  2829   1178.750  +0.029767  -0.012986  0.328  0.063  0.519  T  d3
  2830   1179.167  +0.019700  -0.051125  0.312  0.063  0.519  T  d3
  2831   1179.583  -0.046023  -0.007167  0.297  0.063  0.519  T  d2
  2832   1180.000  +0.046899  +0.017908  0.281  0.063  0.519  T  d3
  2833   1180.417  +0.041092  -0.066159  0.266  0.063  0.519  T  d2
  2834   1180.833  -0.012526  +0.039446  0.281  0.063  0.519  T  d3
  2835   1181.250  +0.077700  +0.023638  0.266  0.063  0.519  T  d0
  2836   1181.667  +0.061606  +0.038141  0.281  0.063  0.519  T  d1
  2837   1182.083  -0.050224  +0.133402  0.281  0.063  0.519  T  d0
  2838   1182.500  -0.091894  +0.059244  0.266  0.044  0.519  T  d1
  2839   1182.917  -0.066426  -0.074021  0.266  0.044  0.519  T  d0
  2840   1183.333  -0.035242  -0.059414  0.250  0.044  0.541  T  d0
  2841   1183.750  -0.013513  -0.034668  0.234  0.044  0.541  T  d1
  2842   1184.167  +0.044809  -0.048522  0.234  0.044  0.541  T  d0
  2843   1184.583  +0.045535  -0.040970  0.219  0.044  0.541  T  d3
  2844   1185.000  -0.001904  -0.001740  0.219  0.044  0.541  T  d3
  2845   1185.417  +0.000522  +0.034292  0.219  0.044  0.541  T  d3
  2846   1185.833  +0.035774  -0.016932  0.219  0.044  0.541  T  d0
  2847   1186.250  +0.016974  +0.002100  0.203  0.044  0.541  T  d1
  2848   1186.667  -0.034906  +0.047633  0.203  0.044  0.541  T  d0
  2849   1187.083  +0.000842  +0.008094  0.203  0.044  0.541  T  d0
  2850   1187.500  +0.029604  +0.027577  0.203  0.064  0.541  T  d2
  2851   1187.917  -0.008807  -0.012557  0.188  0.064  0.541  T  d3
  2852   1188.333  -0.048965  +0.012010  0.203  0.064  0.541  T  d2
  2853   1188.750  +0.015138  +0.005156  0.203  0.064  0.541  T  d3
  2854   1189.167  +0.035299  -0.026981  0.203  0.064  0.541  T  d3
  2855   1189.583  -0.008680  -0.010439  0.203  0.064  0.541  T  d3
  2856   1190.000  -0.035815  +0.013866  0.203  0.064  0.545  T  d2
  2857   1190.417  +0.012611  -0.002965  0.203  0.064  0.545  T  d0
  2858   1190.833  +0.022837  -0.021400  0.203  0.064  0.545  T  d3
  2859   1191.250  -0.016707  -0.008764  0.203  0.064  0.545  T  d3
  2860   1191.667  -0.031598  +0.017892  0.203  0.064  0.545  T  d3
  2861   1192.083  +0.019172  +0.015034  0.203  0.064  0.545  T  d3
  2862   1192.500  +0.013628  -0.021679  0.203  0.070  0.545  T  d3
  2863   1192.917  -0.016011  -0.013428  0.203  0.070  0.545  T  d3
  2864   1193.333  -0.012256  +0.028532  0.203  0.070  0.545  T  d3
  2865   1193.750  +0.034846  +0.008341  0.203  0.070  0.545  T  d0
  2866   1194.167  +0.014571  -0.004133  0.203  0.070  0.545  T  d2
  2867   1194.583  -0.028881  -0.003811  0.203  0.070  0.545  T  d0
  2868   1195.000  -0.017258  +0.002789  0.203  0.070  0.545  T  d2
  2869   1195.417  +0.053682  -0.004025  0.203  0.070  0.545  T  d2
  2870   1195.833  -0.004688  +0.002405  0.203  0.070  0.545  T  d1
  2871   1196.250  -0.028126  -0.018397  0.203  0.070  0.545  T  d3
  2872   1196.667  -0.006004  +0.018127  0.188  0.070  0.545  T  d3
  2873   1197.083  +0.029261  +0.004312  0.172  0.070  0.545  T  d3
  2874   1197.500  -0.017400  -0.032918  0.172  0.052  0.545  T  d3
  2875   1197.917  -0.018607  +0.013191  0.172  0.052  0.545  T  d3
  2876   1198.333  -0.001319  +0.011208  0.172  0.052  0.545  T  d3
  2877   1198.750  +0.008833  +0.001065  0.172  0.052  0.545  T  d3
  2878   1199.167  +0.015863  -0.015688  0.188  0.052  0.545  T  d2
  2879   1199.583  -0.026484  +0.004297  0.172  0.052  0.545  T  d3
  2880   1200.000  -0.003694  +0.034945  0.172  0.052  0.545  T  d3
  2881   1200.417  +0.026066  -0.015304  0.156  0.052  0.545  T  d3
  2882   1200.833  +0.002907  -0.027764  0.141  0.052  0.545  T  d2
  2883   1201.250  -0.006443  +0.018650  0.141  0.052  0.545  T  d0
  2884   1201.667  -0.000977  +0.030421  0.141  0.052  0.545  T  d2
  2885   1202.083  +0.023941  -0.023541  0.141  0.052  0.545  T  d3
  2886   1202.500  -0.017979  -0.021123  0.141  0.054  0.545  T  d3
  2887   1202.917  -0.007987  +0.006130  0.141  0.054  0.545  T  d3
  2888   1203.333  +0.010342  +0.019080  0.141  0.054  0.549  T  d3
  2889   1203.750  +0.004146  -0.007277  0.141  0.054  0.549  T  d3
  2890   1204.167  -0.027706  -0.036721  0.125  0.054  0.549  T  d2
  2891   1204.583  -0.000441  +0.010166  0.141  0.054  0.549  T  d0
  2892   1205.000  +0.023976  +0.035715  0.141  0.054  0.549  T  d2
  2893   1205.417  -0.003923  -0.019690  0.141  0.054  0.549  T  d3
  2894   1205.833  -0.020851  -0.010559  0.141  0.054  0.549  T  d3
  2895   1206.250  -0.005658  +0.014304  0.141  0.054  0.549  T  d3
  2896   1206.667  +0.029842  +0.031346  0.141  0.054  0.549  T  d3
  2897   1207.083  +0.000813  -0.023919  0.141  0.054  0.549  T  d3
  2898   1207.500  -0.023916  -0.010857  0.125  0.049  0.549  T  d2
  2899   1207.917  +0.005258  +0.012142  0.125  0.049  0.549  T  d0
  2900   1208.333  +0.030712  +0.012706  0.109  0.049  0.549  T  d3
  2901   1208.750  -0.000676  -0.017489  0.109  0.049  0.549  T  d0
  2902   1209.167  -0.017276  -0.024999  0.109  0.049  0.549  T  d2
  2903   1209.583  -0.003774  +0.034359  0.109  0.049  0.549  T  d3
  2904   1210.000  +0.019572  -0.002262  0.109  0.049  0.558  T  d3
  2905   1210.417  -0.002216  -0.029425  0.109  0.049  0.558  T  d3
  2906   1210.833  -0.029213  +0.015642  0.109  0.049  0.558  T  d0
  2907   1211.250  -0.019781  +0.003901  0.125  0.049  0.558  T  d2
  2908   1211.667  +0.050406  -0.000524  0.141  0.049  0.558  T  d2
  2909   1212.083  -0.027116  -0.010505  0.141  0.049  0.558  T  d0
  2910   1212.500  -0.027419  +0.011506  0.141  0.060  0.558  T  d3
  2911   1212.917  +0.010863  +0.021136  0.141  0.060  0.558  T  d3
  2912   1213.333  +0.030879  -0.024144  0.141  0.060  0.558  T  d3
  2913   1213.750  -0.029564  -0.038027  0.141  0.060  0.558  T  d2
  2914   1214.167  +0.040298  +0.070222  0.141  0.060  0.558  T  d3
  2915   1214.583  +0.021893  -0.039897  0.141  0.060  0.558  T  d3
  2916   1215.000  -0.023239  -0.003692  0.141  0.060  0.558  T  d3
  2917   1215.417  +0.020514  +0.035818  0.141  0.060  0.558  T  d3
  2918   1215.833  +0.017236  -0.029365  0.141  0.060  0.558  T  d3
  2919   1216.250  -0.035188  -0.001669  0.156  0.060  0.558  T  d3
  2920   1216.667  +0.017792  +0.049424  0.172  0.060  0.562  T  d2
  2921   1217.083  -0.016931  -0.034135  0.172  0.060  0.562  T  d3
  2922   1217.500  -0.063066  +0.026571  0.172  0.073  0.562  T  d0
  2923   1217.917  -0.021100  +0.048110  0.172  0.073  0.562  T  d1
  2924   1218.333  -0.029264  -0.041494  0.156  0.073  0.562  T  d3
  2925   1218.750  -0.106706  +0.017670  0.172  0.073  0.562  T  d1
  2926   1219.167  +0.129179  -0.359867  0.172  0.073  0.562  T  d1
  2927   1219.583  +0.243146  +0.033396  0.172  0.073  0.562  T  d1
  2928   1220.000  -0.059641  +0.477425  0.172  0.073  0.562  T  d2
  2929   1220.417  +0.016168  -0.166157  0.172  0.073  0.562  T  d3
  2930   1220.833  -0.102167  +0.045112  0.172  0.073  0.562  T  d1
  2931   1221.250  +0.004465  -0.055737  0.172  0.073  0.562  T  d3
  2932   1221.667  -0.051893  +0.003826  0.156  0.073  0.562  T  d1
  2933   1222.083  +0.003005  -0.033157  0.172  0.073  0.562  T  d3
  2934   1222.500  -0.017307  +0.003376  0.156  0.030  0.562  T  d1
  2935   1222.917  +0.007757  -0.020875  0.156  0.030  0.562  T  d2
  2936   1223.333  +0.002500  +0.008268  0.156  0.030  0.519  T  d3
  2937   1223.750  +0.006888  -0.010637  0.156  0.030  0.519  T  d1
  2938   1224.167  +0.008927  +0.005933  0.156  0.030  0.519  T  d0
  2939   1224.583  +0.009007  +0.003161  0.141  0.030  0.519  T  d0
  2940   1225.000  +0.006184  +0.003219  0.141  0.030  0.519  T  d1
  2941   1225.417  -0.000052  +0.004716  0.156  0.030  0.519  T  d3
  2942   1225.833  +0.004081  +0.001963  0.141  0.030  0.519  T  d2
  2943   1226.250  -0.000146  -0.000209  0.141  0.030  0.519  T  d2
  2944   1226.667  +0.000262  +0.002235  0.141  0.030  0.519  T  d1
  2945   1227.083  -0.002520  +0.001685  0.141  0.030  0.519  T  d1
  2946   1227.500  -0.000903  -0.001310  0.141  0.033  0.519  T  d3
  2947   1227.917  -0.001393  +0.000084  0.141  0.033  0.519  T  d0
  2948   1228.333  -0.004646  -0.000549  0.141  0.033  0.519  T  d2
  2949   1228.750  +0.001592  -0.001004  0.156  0.033  0.519  T  d2
  2950   1229.167  -0.002392  -0.000157  0.156  0.033  0.519  T  d0
  2951   1229.583  -0.000415  -0.000121  0.156  0.033  0.519  T  d0
  2952   1230.000  -0.001599  -0.002261  0.156  0.033  0.536  T  d2
  2953   1230.417  +0.002545  +0.001457  0.156  0.033  0.536  T  d3
  2954   1230.833  -0.000686  -0.002651  0.156  0.033  0.536  T  d2
  2955   1231.250  +0.000268  +0.003422  0.141  0.033  0.536  T  d2
  2956   1231.667  +0.000116  -0.001150  0.141  0.033  0.536  T  d0
  2957   1232.083  -0.001223  -0.002474  0.141  0.033  0.536  T  d1
  2958   1232.500  +0.006389  -0.000030  0.141  0.000  0.536  T  d2
  2959   1232.917  -0.004093  +0.002914  0.141  0.000  0.536  T  d3
  2960   1233.333  +0.003968  +0.000955  0.141  0.000  0.536  T  d2
  2961   1233.750  -0.005025  -0.000877  0.141  0.000  0.536  T  d2
  2962   1234.167  +0.002520  -0.000653  0.141  0.000  0.536  T  d2
  2963   1234.583  -0.000933  -0.000270  0.141  0.000  0.536  T  d2
  2964   1235.000  +0.000927  +0.000965  0.141  0.000  0.536  T  d0
  2965   1235.417  +0.000496  +0.000189  0.141  0.000  0.536  T  d2
  2966   1235.833  -0.002732  -0.000738  0.141  0.000  0.536  T  d2
  2967   1236.250  +0.001944  +0.000451  0.141  0.000  0.536  T  d1
  2968   1236.667  -0.000282  +0.001250  0.141  0.000  0.549  T  d1
  2969   1237.083  -0.004045  -0.001436  0.156  0.000  0.549  T  d2
  2970   1237.500  +0.005601  -0.002503  0.156  0.000  0.549  T  d2
  2971   1237.917  -0.002678  +0.003373  0.141  0.000  0.549  T  d2
  2972   1238.333  +0.000692  -0.000888  0.125  0.000  0.549  T  d0
  2973   1238.750  +0.000379  -0.002219  0.141  0.000  0.549  T  d2
  2974   1239.167  +0.000443  +0.004157  0.141  0.000  0.549  T  d2
  2975   1239.583  -0.002643  -0.002436  0.141  0.000  0.549  T  d1
  2976   1240.000  +0.003340  -0.000567  0.141  0.000  0.549  T  d1
  2977   1240.417  -0.001393  +0.002002  0.156  0.000  0.549  T  d2
  2978   1240.833  +0.000612  -0.001247  0.156  0.000  0.549  T  d2
  2979   1241.250  -0.001902  +0.001212  0.156  0.000  0.549  T  d2
  2980   1241.667  +0.000343  -0.000597  0.141  0.000  0.549  T  d0
  2981   1242.083  -0.000129  -0.002911  0.141  0.000  0.549  T  d2
  2982   1242.500  +0.002433  +0.002497  0.141  0.000  0.549  T  d1
  2983   1242.917  -0.001341  +0.001059  0.125  0.000  0.549  T  d1
  2984   1243.333  -0.000283  -0.002005  0.109  0.000  0.554  T  d1
  2985   1243.750  +0.001481  +0.000178  0.109  0.000  0.554  T  d2
  2986   1244.167  -0.002943  +0.001507  0.109  0.000  0.554  T  d2
  2987   1244.583  +0.002757  -0.000405  0.109  0.000  0.554  T  d3
  2988   1245.000  +0.001458  -0.002088  0.109  0.000  0.554  T  d2
  2989   1245.417  -0.004986  +0.006665  0.094  0.000  0.554  T  d2
  2990   1245.833  +0.001914  -0.006663  0.094  0.000  0.554  T  d2
  2991   1246.250  -0.000828  +0.001509  0.094  0.000  0.554  T  d3
  2992   1246.667  +0.000214  +0.000299  0.094  0.000  0.554  T  d3
  2993   1247.083  +0.002727  -0.003848  0.109  0.000  0.554  T  d2
  2994   1247.500  -0.001487  +0.005555  0.109  0.000  0.554  T  d2
  2995   1247.917  +0.001244  -0.002733  0.125  0.000  0.554  T  d2
  2996   1248.333  -0.002038  +0.002579  0.125  0.000  0.554  T  d2
  2997   1248.750  +0.002517  -0.001426  0.109  0.000  0.554  T  d2
  2998   1249.167  -0.002814  -0.000764  0.109  0.000  0.554  T  d3
  2999   1249.583  -0.000910  +0.002348  0.109  0.000  0.554  T  d2
  3000   1250.000  +0.002594  -0.001886  0.109  0.000  0.575  T  d0
  3001   1250.417  +0.000370  -0.001064  0.109  0.000  0.575  T  d2
  3002   1250.833  -0.002614  +0.003446  0.109  0.000  0.575  T  d1
  3003   1251.250  -0.002128  -0.003239  0.109  0.000  0.575  T  d1
  3004   1251.667  +0.004006  -0.002278  0.109  0.000  0.575  T  d0
  3005   1252.083  +0.003017  +0.000620  0.094  0.000  0.575  T  d1
  3006   1252.500  -0.002193  +0.003408  0.094  0.000  0.575  T  d3
  3007   1252.917  +0.001110  +0.001713  0.109  0.000  0.575  T  d2
  3008   1253.333  -0.002149  -0.000879  0.109  0.000  0.575  T  d0
  3009   1253.750  -0.002916  -0.001905  0.109  0.000  0.575  T  d2
  3010   1254.167  +0.003650  +0.001849  0.125  0.000  0.575  T  d2
  3011   1254.583  -0.001667  -0.002509  0.125  0.000  0.575  T  d2
  3012   1255.000  +0.000026  +0.002738  0.125  0.000  0.575  T  d2
  3013   1255.417  -0.000989  -0.002291  0.109  0.000  0.575  T  d1
  3014   1255.833  +0.000686  -0.001510  0.109  0.000  0.575  T  d1
  3015   1256.250  +0.001771  +0.001796  0.109  0.000  0.575  T  d3
  3016   1256.667  +0.000097  -0.001978  0.109  0.000  0.554  T  d2
  3017   1257.083  -0.000918  +0.003275  0.109  0.000  0.554  T  d2
  3018   1257.500  +0.000334  -0.002009  0.109  0.125  0.554  P  d1
  3019   1257.917  +0.001793  -0.000402  0.125  0.125  0.554  P  d1
  3020   1258.333  -0.000828  +0.004529  0.125  0.125  0.554  P  d1
  3021   1258.750  -0.004340  -0.003840  0.125  0.125  0.554  P  d1
  3022   1259.167  +0.004628  -0.001358  0.141  0.125  0.554  P  d1
  3023   1259.583  +0.001708  +0.003426  0.141  0.125  0.554  P  d1
  3024   1260.000  -0.003205  +0.001098  0.156  0.125  0.554  P  d0
  3025   1260.417  -0.003473  -0.000155  0.156  0.125  0.554  P  d1
  3026   1260.833  +0.001826  -0.003220  0.156  0.125  0.554  P  d0
  3027   1261.250  +0.000659  -0.001044  0.156  0.125  0.554  P  d1
  3028   1261.667  +0.001680  +0.000551  0.156  0.125  0.554  P  d2
  3029   1262.083  -0.002531  +0.000866  0.156  0.125  0.554  P  d2
  3030   1262.500  +0.004615  -0.001650  0.156  0.270  0.554  P  d2
  3031   1262.917  -0.002836  +0.002211  0.156  0.270  0.554  P  d3
  3032   1263.333  +0.002627  +0.000792  0.156  0.270  0.545  P  d2
  3033   1263.750  -0.003743  -0.001832  0.141  0.270  0.545  P  d2
  3034   1264.167  +0.003840  +0.003283  0.156  0.270  0.545  P  d2
  3035   1264.583  -0.003615  -0.001091  0.156  0.270  0.545  P  d3
  3036   1265.000  +0.000105  +0.000682  0.156  0.270  0.545  P  d2
  3037   1265.417  -0.002794  -0.002895  0.141  0.270  0.545  P  d1
  3038   1265.833  +0.003950  -0.000474  0.141  0.270  0.545  P  d0
  3039   1266.250  +0.001380  -0.000941  0.141  0.270  0.545  P  d2
  3040   1266.667  -0.003018  +0.004584  0.141  0.270  0.545  P  d2
  3041   1267.083  +0.001404  -0.003535  0.125  0.270  0.545  P  d0
  3042   1267.500  +0.002082  -0.001255  0.125  0.358  0.545  P  d2
  3043   1267.917  -0.001735  +0.004783  0.125  0.358  0.545  P  d2
  3044   1268.333  -0.000329  -0.001168  0.125  0.358  0.545  P  d1
  3045   1268.750  +0.000590  +0.000159  0.125  0.358  0.545  P  d2
  3046   1269.167  -0.003073  -0.001065  0.125  0.358  0.545  P  d1
  3047   1269.583  +0.001918  -0.001944  0.125  0.358  0.545  P  d1
  3048   1270.000  +0.001591  +0.001783  0.125  0.358  0.536  P  d1
  3049   1270.417  -0.000574  +0.001538  0.125  0.358  0.536  P  d2
  3050   1270.833  -0.000780  -0.001781  0.125  0.358  0.536  P  d0
  3051   1271.250  -0.000821  -0.000843  0.141  0.358  0.536  P  d2
  3052   1271.667  +0.002310  +0.002876  0.141  0.358  0.536  P  d2
  3053   1272.083  -0.001629  -0.000365  0.141  0.358  0.536  P  d0
  3054   1272.500  -0.003404  -0.004339  0.141  0.410  0.536  P  d2
  3055   1272.917  +0.004270  +0.002270  0.141  0.410  0.536  P  d0
  3056   1273.333  +0.000823  +0.000494  0.141  0.410  0.536  P  d3
  3057   1273.750  -0.000245  -0.001792  0.141  0.410  0.536  P  d2
  3058   1274.167  -0.000259  +0.000563  0.156  0.410  0.536  P  d3
  3059   1274.583  +0.001615  +0.003641  0.156  0.410  0.536  P  d1
  3060   1275.000  -0.002185  -0.000283  0.172  0.410  0.536  P  d1
  3061   1275.417  -0.000622  -0.001683  0.188  0.410  0.536  P  d3
  3062   1275.833  -0.001096  +0.001736  0.203  0.410  0.536  P  d2
  3063   1276.250  +0.002042  -0.002571  0.219  0.410  0.536  P  d2
  3064   1276.667  -0.002363  +0.001693  0.234  0.410  0.541  P  d2
  3065   1277.083  +0.000331  -0.001910  0.250  0.410  0.541  P  d0
  3066   1277.500  +0.001172  -0.001763  0.250  0.434  0.541  P  d1
  3067   1277.917  +0.001619  +0.002457  0.250  0.434  0.541  P  d1
  3068   1278.333  -0.000757  +0.001226  0.250  0.434  0.541  P  d2
  3069   1278.750  -0.000054  -0.000753  0.266  0.434  0.541  P  d2
  3070   1279.167  -0.000033  +0.000071  0.266  0.434  0.541  P  d1
  3071   1279.583  -0.003689  -0.000321  0.266  0.434  0.541  P  d2
  3072   1280.000  +0.005073  -0.000968  0.266  0.434  0.541  P  d2
  3073   1280.417  -0.002823  +0.001641  0.266  0.434  0.541  P  d1
  3074   1280.833  -0.001200  -0.001362  0.250  0.434  0.541  P  d1
  3075   1281.250  +0.001431  -0.000659  0.250  0.434  0.541  P  d3
  3076   1281.667  -0.001866  -0.003200  0.250  0.434  0.541  P  d1
  3077   1282.083  +0.006624  +0.000509  0.250  0.434  0.541  P  d2
  3078   1282.500  -0.002205  +0.001244  0.250  0.461  0.541  P  d3
  3079   1282.917  +0.004525  +0.001847  0.250  0.461  0.541  P  d1
  3080   1283.333  -0.001775  +0.004112  0.250  0.461  0.567  P  d3
  3081   1283.750  +0.000508  +0.000650  0.250  0.461  0.567  P  d1
  3082   1284.167  -0.002715  +0.003724  0.250  0.461  0.567  P  d0
  3083   1284.583  -0.003792  +0.002241  0.234  0.461  0.567  P  d1
  3084   1285.000  -0.001821  -0.004198  0.234  0.461  0.567  P  d3
  3085   1285.417  -0.002816  +0.001546  0.234  0.461  0.567  P  d1
  3086   1285.833  -0.003517  -0.002248  0.219  0.461  0.567  P  d1
  3087   1286.250  +0.000778  -0.003384  0.219  0.461  0.567  P  d3
  3088   1286.667  -0.005033  -0.006819  0.203  0.461  0.567  P  d0
  3089   1287.083  -0.000575  -0.004266  0.203  0.461  0.567  P  d0
  3090   1287.500  +0.006289  -0.010113  0.203  0.480  0.567  P  d0
  3091   1287.917  +0.004892  -0.002863  0.203  0.480  0.567  P  d0
  3092   1288.333  +0.008995  -0.003830  0.203  0.480  0.567  P  d0
  3093   1288.750  +0.011067  +0.002621  0.203  0.480  0.567  P  d0
  3094   1289.167  +0.012980  +0.008033  0.203  0.480  0.567  P  d0
  3095   1289.583  +0.012365  +0.012717  0.203  0.480  0.567  P  d0
  3096   1290.000  +0.013752  +0.029489  0.203  0.480  0.584  P  d0
  3097   1290.417  +0.003686  +0.032112  0.203  0.480  0.584  P  d1
  3098   1290.833  -0.039296  +0.037514  0.188  0.480  0.584  P  d1
  3099   1291.250  -0.215209  -0.008776  0.188  0.480  0.584  P  d2
  3100   1291.667  +0.132514  -0.121139  0.188  0.480  0.584  P  d0
  3101   1292.083  +0.054035  -0.083220  0.188  0.480  0.584  P  d1
  3102   1292.500  +0.019180  +0.048056  0.188  0.481  0.584  P  d0
  3103   1292.917  +0.092266  +0.049227  0.188  0.481  0.584  P  d1
  3104   1293.333  -0.087929  +0.100022  0.188  0.481  0.584  P  d2
  3105   1293.750  +0.011909  -0.047211  0.188  0.481  0.584  P  d2
  3106   1294.167  -0.091298  +0.152712  0.188  0.481  0.584  P  d1
  3107   1294.583  -0.204068  -0.234210  0.188  0.481  0.584  P  d1
  3108   1295.000  +0.210555  -0.061409  0.188  0.481  0.584  P  d2
  3109   1295.417  -0.340916  -0.140861  0.188  0.481  0.584  P  d1
  3110   1295.833  +0.812139  -0.829134  0.188  0.481  0.584  P  d1
  3111   1296.250  +1.109042  +1.491389  0.188  0.481  0.584  P  d1
  3112   1296.667  -1.730080  +0.872214  0.188  0.481  0.614  P  d1
  3113   1297.083  -0.115583  -1.147392  0.188  0.481  0.614  P  d2
  3114   1297.500  -0.091523  +0.765558  0.188  0.468  0.614  P  d1
  3115   1297.917  -1.256211  -1.354264  0.172  0.468  0.614  P  d1
  3116   1298.333  +1.887751  -1.035625  0.172  0.468  0.614  P  d1
  3117   1298.750  +0.179863  +1.338853  0.172  0.468  0.614  P  d2
  3118   1299.167  +0.051595  -0.799625  0.172  0.468  0.614  P  d1
  3119   1299.583  +1.301975  +1.420706  0.172  0.468  0.614  P  d1
  3120   1300.000  -1.974920  +1.085550  0.172  0.468  0.614  P  d1
  3121   1300.417  -0.171796  -1.412410  0.156  0.468  0.614  P  d2
  3122   1300.833  -0.061704  +0.814595  0.141  0.468  0.614  P  d1
  3123   1301.250  -1.318732  -1.403396  0.125  0.468  0.614  P  d1
  3124   1301.667  +2.007991  -1.109266  0.109  0.468  0.614  P  d1
  3125   1302.083  +0.154038  +1.423757  0.094  0.468  0.614  P  d2
  3126   1302.500  +0.019609  -0.750252  0.078  0.448  0.614  P  d1
  3127   1302.917  +1.204104  +1.250876  0.062  0.448  0.614  P  d1
  3128   1303.333  -1.824501  +1.004773  0.047  0.448  0.631  P  d1
  3129   1303.750  -0.169846  -1.311223  0.031  0.448  0.631  P  d2
  3130   1304.167  +0.108143  +0.543162  0.031  0.448  0.631  P  d2
  3131   1304.583  -0.928553  -0.908897  0.031  0.448  0.631  P  d1
  3132   1305.000  +1.564249  -1.015015  0.031  0.448  0.631  P  d1
  3133   1305.417  +0.814326  +1.686828  0.016  0.448  0.631  P  d1
  3134   1305.833  -1.544843  +0.876126  0.016  0.448  0.631  P  d1
  3135   1306.250  -0.913976  -1.629159  0.000  0.448  0.631  P  d1
  3136   1306.667  +1.434221  -0.615381  0.000  0.448  0.631  P  d1
  3137   1307.083  +0.081259  +0.862749  0.000  0.448  0.631  P  d2
  3138   1307.500  +0.135289  -0.749796  0.000  0.425  0.631  P  d1
  3139   1307.917  +1.230236  +1.339825  0.000  0.425  0.631  P  d1
  3140   1308.333  -1.799475  +0.943884  0.000  0.425  0.631  P  d1
  3141   1308.750  -0.201193  -1.263836  0.000  0.425  0.631  P  d2
  3142   1309.167  +0.047437  +0.755149  0.000  0.425  0.631  P  d2
  3143   1309.583  -1.242384  -1.305402  0.000  0.425  0.631  P  d1
  3144   1310.000  +1.797529  -0.954677  0.000  0.425  0.609  P  d1
  3145   1310.417  +0.200362  +1.316356  0.000  0.425  0.609  P  d2
  3146   1310.833  -0.081598  -0.619900  0.000  0.425  0.609  P  d2
  3147   1311.250  +1.029263  +1.063309  0.000  0.425  0.609  P  d1
  3148   1311.667  -1.732294  +1.087899  0.000  0.425  0.609  P  d1
  3149   1312.083  -0.801148  -1.764742  0.000  0.425  0.609  P  d1
  3150   1312.500  +1.383158  -0.606283  0.000  0.392  0.609  P  d1
  3151   1312.917  +0.521643  +1.147055  0.000  0.392  0.609  P  d1
  3152   1313.333  -1.012819  +0.497874  0.000  0.392  0.609  P  d1
  3153   1313.750  -0.734263  -1.120311  0.000  0.392  0.609  P  d1
  3154   1314.167  +1.413484  -0.889073  0.000  0.392  0.609  P  d1
  3155   1314.583  +0.941068  +1.529460  0.000  0.392  0.609  P  d1
  3156   1315.000  -1.480907  +0.700262  0.000  0.392  0.609  P  d1
  3157   1315.417  -0.069588  -0.932996  0.000  0.392  0.609  P  d2
  3158   1315.833  +0.007156  +0.475223  0.000  0.392  0.609  P  d2
  3159   1316.250  -0.810564  -0.795564  0.000  0.392  0.609  P  d1
  3160   1316.667  +1.400348  -0.884760  0.000  0.392  0.618  P  d1
  3161   1317.083  +0.796362  +1.526249  0.000  0.392  0.618  P  d1
  3162   1317.500  -1.551690  +0.877065  0.000  0.362  0.618  P  d1
  3163   1317.917  -0.914277  -1.547986  0.000  0.362  0.618  P  d1
  3164   1318.333  +1.463957  -0.692719  0.000  0.362  0.618  P  d1
  3165   1318.750  +0.061650  +0.878038  0.000  0.362  0.618  P  d2
  3166   1319.167  +0.119684  -0.717040  0.000  0.362  0.618  P  d1
  3167   1319.583  +1.217082  +1.288950  0.000  0.362  0.618  P  d1
  3168   1320.000  -1.779288  +0.959246  0.000  0.362  0.618  P  d1
  3169   1320.417  -0.192307  -1.253678  0.000  0.362  0.618  P  d2
  3170   1320.833  -0.015451  +0.812327  0.000  0.362  0.618  P  d2
  3171   1321.250  -1.339176  -1.451887  0.000  0.362  0.618  P  d1
  3172   1321.667  +1.952609  -1.059933  0.000  0.362  0.618  P  d1
  3173   1322.083  +0.212936  +1.402436  0.000  0.362  0.618  P  d2
  3174   1322.500  +0.035011  -0.822069  0.000  0.304  0.618  P  d1
  3175   1322.917  +1.341220  +1.394346  0.000  0.304  0.618  P  d1
  3176   1323.333  -1.991763  +1.134016  0.000  0.304  0.601  P  d1
  3177   1323.750  -0.176200  -1.414915  0.000  0.304  0.601  P  d2
  3178   1324.167  -0.050682  +0.815360  0.000  0.304  0.601  P  d1
  3179   1324.583  -1.329896  -1.376076  0.000  0.304  0.601  P  d1
  3180   1325.000  +1.988314  -1.142546  0.000  0.304  0.601  P  d1
  3181   1325.417  +0.158968  +1.422172  0.000  0.304  0.601  P  d2
  3182   1325.833  +0.060039  -0.808195  0.000  0.304  0.601  P  d1
  3183   1326.250  +1.316465  +1.373396  0.000  0.304  0.601  P  d1
  3184   1326.667  -1.989056  +1.132890  0.000  0.304  0.601  P  d1
  3185   1327.083  -0.162025  -1.427065  0.000  0.304  0.601  P  d2
  3186   1327.500  -0.051023  +0.810932  0.000  0.217  0.601  P  d1
  3187   1327.917  -1.325803  -1.366517  0.000  0.217  0.601  P  d1
  3188   1328.333  +1.983023  -1.151935  0.000  0.217  0.601  P  d1
  3189   1328.750  +0.193643  +1.422356  0.000  0.217  0.601  P  d2
  3190   1329.167  +0.032575  -0.790826  0.000  0.217  0.601  P  d1
  3191   1329.583  +1.318196  +1.355209  0.000  0.217  0.601  P  d1
  3192   1330.000  -1.974641  +1.136396  0.000  0.217  0.592  P  d1
  3193   1330.417  -0.175533  -1.424759  0.000  0.217  0.592  P  d2
  3194   1330.833  +0.002893  +0.755192  0.000  0.217  0.592  P  d2
  3195   1331.250  -1.214987  -1.243758  0.000  0.217  0.592  P  d1
  3196   1331.667  +1.804128  -1.025385  0.000  0.217  0.592  P  d1
  3197   1332.083  +0.188721  +1.316293  0.000  0.217  0.592  P  d2
  3198   1332.500  -0.072522  -0.592802  0.000  0.110  0.592  T  d2
  3199   1332.917  +1.020542  +1.020800  0.000  0.110  0.592  T  d1
  3200   1333.333  -1.700819  +1.105665  0.000  0.110  0.592  T  d1
  3201   1333.750  -0.816858  -1.754714  0.000  0.110  0.592  T  d1
  3202   1334.167  +1.418002  -0.684008  0.000  0.110  0.592  T  d1
  3203   1334.583  +0.661901  +1.280637  0.000  0.110  0.592  T  d1
  3204   1335.000  -1.182099  +0.628697  0.000  0.110  0.592  T  d1
  3205   1335.417  -0.766658  -1.216272  0.000  0.110  0.592  T  d1
  3206   1335.833  +1.358589  -0.769490  0.000  0.110  0.592  T  d1
  3207   1336.250  +0.753608  +1.342738  0.000  0.110  0.592  T  d1
  3208   1336.667  -1.380862  +0.785607  0.000  0.110  0.592  T  d1
  3209   1337.083  -0.713254  -1.360905  0.000  0.110  0.592  T  d1
  3210   1337.500  +1.272655  -0.711555  0.000  0.114  0.592  T  d1
  3211   1337.917  +0.660244  +1.268441  0.000  0.114  0.592  T  d1
  3212   1338.333  -1.184710  +0.639318  0.000  0.114  0.592  T  d1
  3213   1338.750  -0.751926  -1.274091  0.000  0.114  0.592  T  d1
  3214   1339.167  +1.385719  -0.895554  0.000  0.114  0.592  T  d1
  3215   1339.583  +0.959301  +1.575268  0.000  0.114  0.592  T  d1
  3216   1340.000  -1.446069  +0.673870  0.000  0.114  0.592  T  d1
  3217   1340.417  -0.108643  -0.934600  0.000  0.114  0.592  T  d2
  3218   1340.833  -0.026274  +0.534669  0.000  0.114  0.592  T  d1
  3219   1341.250  -0.930688  -0.921326  0.000  0.114  0.592  T  d1
  3220   1341.667  +1.556706  -1.008404  0.000  0.114  0.592  T  d1
  3221   1342.083  +0.824394  +1.603377  0.000  0.114  0.592  T  d1
  3222   1342.500  -1.440120  +0.694843  0.000  0.151  0.592  P  d1
  3223   1342.917  -0.627336  -1.218895  0.000  0.151  0.592  P  d1
  3224   1343.333  +1.195658  -0.664681  0.000  0.151  0.588  P  d1
  3225   1343.750  +0.717984  +1.193368  0.000  0.151  0.588  P  d1
  3226   1344.167  -1.294507  +0.732392  0.000  0.151  0.588  P  d1
  3227   1344.583  -0.645292  -1.225103  0.000  0.151  0.588  P  d1
  3228   1345.000  +1.211181  -0.683475  0.000  0.151  0.588  P  d1
  3229   1345.417  +0.721456  +1.270273  0.000  0.151  0.588  P  d1
  3230   1345.833  -1.375100  +0.916018  0.000  0.151  0.588  P  d1
  3231   1346.250  -0.958361  -1.590611  0.000  0.151  0.588  P  d1
  3232   1346.667  +1.433709  -0.669181  0.000  0.151  0.588  P  d1
  3233   1347.083  +0.120926  +0.934553  0.000  0.151  0.588  P  d2
  3234   1347.500  +0.019769  -0.545432  0.000  0.215  0.588  P  d1
  3235   1347.917  +0.928062  +0.928213  0.000  0.215  0.588  P  d1
  3236   1348.333  -1.541484  +1.010292  0.000  0.215  0.588  P  d1
  3237   1348.750  -0.831582  -1.613003  0.000  0.215  0.588  P  d1
  3238   1349.167  +1.436099  -0.689151  0.000  0.215  0.588  P  d1
  3239   1349.583  +0.635614  +1.215036  0.000  0.215  0.588  P  d1
  3240   1350.000  -1.199088  +0.681664  0.000  0.215  0.558  P  d1
  3241   1350.417  -0.732955  -1.216563  0.000  0.215  0.558  P  d1
  3242   1350.833  +1.317763  -0.733015  0.000  0.215  0.558  P  d1
  3243   1351.250  +0.640303  +1.222905  0.000  0.215  0.558  P  d1
  3244   1351.667  -1.197575  +0.692718  0.000  0.215  0.558  P  d1
  3245   1352.083  -0.743843  -1.273676  0.000  0.215  0.558  P  d1
  3246   1352.500  +1.433808  -0.980995  0.000  0.320  0.558  P  d1
  3247   1352.917  +1.065994  +1.732763  0.000  0.320  0.558  P  d1
  3248   1353.333  -1.601431  +0.769633  0.000  0.320  0.558  P  d1
  3249   1353.750  -0.129007  -1.025961  0.000  0.320  0.558  P  d2
  3250   1354.167  -0.110690  +0.733292  0.000  0.320  0.558  P  d1
  3251   1354.583  -1.233375  -1.227936  0.000  0.320  0.558  P  d1
  3252   1355.000  +1.801188  -1.056247  0.000  0.320  0.558  P  d1
  3253   1355.417  +0.184072  +1.274027  0.000  0.320  0.558  P  d2
  3254   1355.833  +0.012892  -0.799128  0.000  0.320  0.558  P  d2
  3255   1356.250  +1.354525  +1.400025  0.000  0.320  0.558  P  d1
  3256   1356.667  -1.944231  +1.108310  0.000  0.320  0.549  P  d1
  3257   1357.083  -0.223109  -1.415590  0.000  0.320  0.549  P  d2
  3258   1357.500  -0.017544  +0.814426  0.000  0.327  0.549  P  d1
  3259   1357.917  -1.357608  -1.383118  0.000  0.327  0.549  P  d1
  3260   1358.333  +1.996564  -1.139969  0.000  0.327  0.549  P  d1
  3261   1358.750  +0.200747  +1.408610  0.000  0.327  0.549  P  d2
  3262   1359.167  +0.013946  -0.796505  0.000  0.327  0.549  P  d1
  3263   1359.583  +1.355714  +1.346977  0.000  0.327  0.549  P  d1
  3264   1360.000  -1.958495  +1.165781  0.000  0.327  0.549  P  d1
  3265   1360.417  -0.213446  -1.412794  0.000  0.327  0.549  P  d2
  3266   1360.833  +0.023555  +0.747028  0.000  0.327  0.549  P  d2
  3267   1361.250  -1.246708  -1.209901  0.000  0.327  0.549  P  d1
  3268   1361.667  +1.783378  -1.058263  0.000  0.327  0.549  P  d1
  3269   1362.083  +0.201959  +1.306566  0.000  0.327  0.549  P  d2
  3270   1362.500  -0.111857  -0.552980  0.000  0.273  0.549  P  d2
  3271   1362.917  +0.944425  +0.900766  0.000  0.273  0.549  P  d1
  3272   1363.333  -1.540219  +1.017049  0.000  0.273  0.549  P  d1
  3273   1363.750  -0.833043  -1.648385  0.000  0.273  0.549  P  d1
  3274   1364.167  +1.516074  -0.894559  0.000  0.273  0.549  P  d1
  3275   1364.583  +0.948659  +1.575107  0.000  0.273  0.549  P  d1
  3276   1365.000  -1.401211  +0.668120  0.000  0.273  0.549  P  d1
  3277   1365.417  -0.134533  -0.867853  0.000  0.273  0.549  P  d2
  3278   1365.833  -0.052810  +0.679764  0.000  0.273  0.549  P  d1
  3279   1366.250  -1.142876  -1.167655  0.000  0.273  0.549  P  d1
  3280   1366.667  +1.619124  -0.887043  0.000  0.273  0.549  P  d1
  3281   1367.083  +0.204977  +1.164333  0.000  0.273  0.549  P  d2
  3282   1367.500  -0.100579  -0.608895  0.000  0.237  0.549  P  d2
  3283   1367.917  +1.075700  +1.096936  0.000  0.237  0.549  P  d1
  3284   1368.333  -1.686723  +1.090823  0.000  0.237  0.549  P  d1
  3285   1368.750  -0.893107  -1.759236  0.000  0.237  0.549  P  d1
  3286   1369.167  +1.395274  -0.640621  0.000  0.237  0.549  P  d1
  3287   1369.583  +0.545181  +1.137652  0.000  0.237  0.549  P  d1
  3288   1370.000  -0.990516  +0.526502  0.000  0.237  0.549  P  d1
  3289   1370.417  -0.780284  -1.110481  0.000  0.237  0.549  P  d1
  3290   1370.833  +1.442817  -0.986623  0.000  0.237  0.549  P  d1
  3291   1371.250  +1.083105  +1.630744  0.000  0.237  0.549  P  d1
  3292   1371.667  -1.612674  +0.851847  0.000  0.237  0.549  P  d1
  3293   1372.083  -0.098625  -1.016883  0.000  0.237  0.549  P  d2
  3294   1372.500  -0.126261  +0.713470  0.000  0.221  0.549  P  d1
  3295   1372.917  -1.226873  -1.210506  0.000  0.221  0.549  P  d1
  3296   1373.333  +1.799327  -1.046401  0.000  0.221  0.549  P  d1
  3297   1373.750  +0.180649  +1.262050  0.000  0.221  0.549  P  d2
  3298   1374.167  -0.002620  -0.796785  0.000  0.221  0.549  P  d2
  3299   1374.583  +1.378113  +1.379458  0.000  0.221  0.549  P  d1
  3300   1375.000  -1.934573  +1.147930  0.000  0.221  0.549  P  d1
  3301   1375.417  -0.237091  -1.412668  0.000  0.221  0.549  P  d2
  3302   1375.833  -0.040945  +0.808506  0.000  0.221  0.549  P  d1
  3303   1376.250  -1.339575  -1.356162  0.000  0.221  0.549  P  d1
  3304   1376.667  +1.958375  -1.182480  0.000  0.221  0.549  P  d1
  3305   1377.083  +0.216055  +1.431320  0.000  0.221  0.549  P  d2
  3306   1377.500  -0.025457  -0.752678  0.000  0.244  0.549  P  d2
  3307   1377.917  +1.247040  +1.202700  0.000  0.244  0.549  P  d1
  3308   1378.333  -1.779528  +1.083317  0.000  0.244  0.549  P  d1
  3309   1378.750  -0.212124  -1.318928  0.000  0.244  0.549  P  d2
  3310   1379.167  +0.073277  +0.608799  0.000  0.244  0.549  P  d2
  3311   1379.583  -1.061072  -1.014554  0.000  0.244  0.549  P  d1
  3312   1380.000  +1.707911  -1.177277  0.000  0.244  0.549  P  d1
  3313   1380.417  +0.857294  +1.779448  0.000  0.244  0.549  P  d1
  3314   1380.833  -1.410923  +0.719075  0.000  0.244  0.549  P  d1
  3315   1381.250  -0.682834  -1.280347  0.000  0.244  0.549  P  d1
  3316   1381.667  +1.157360  -0.642268  0.000  0.244  0.549  P  d1
  3317   1382.083  +0.798486  +1.205689  0.000  0.244  0.549  P  d1
  3318   1382.500  -1.359741  +0.780513  0.000  0.229  0.549  P  d1
  3319   1382.917  -0.767226  -1.303088  0.000  0.229  0.549  P  d1
  3320   1383.333  +1.364181  -0.830563  0.000  0.229  0.536  P  d1
  3321   1383.750  +0.737040  +1.368417  0.000  0.229  0.536  P  d1
  3322   1384.167  -1.299866  +0.785463  0.000  0.229  0.536  P  d1
  3323   1384.583  -0.797448  -1.366483  0.000  0.229  0.536  P  d1
  3324   1385.000  +1.314750  -0.770466  0.000  0.229  0.536  P  d1
  3325   1385.417  +0.800050  +1.341921  0.000  0.229  0.536  P  d1
  3326   1385.833  -1.323103  +0.785096  0.000  0.229  0.536  P  d1
  3327   1386.250  -0.797989  -1.359286  0.000  0.229  0.536  P  d1
  3328   1386.667  +1.331772  -0.788218  0.000  0.229  0.536  P  d1
  3329   1387.083  +0.802745  +1.365376  0.000  0.229  0.536  P  d1
  3330   1387.500  -1.329891  +0.788101  0.000  0.233  0.536  P  d1
  3331   1387.917  -0.809354  -1.372174  0.000  0.233  0.536  P  d1
  3332   1388.333  +1.354621  -0.774348  0.000  0.233  0.536  P  d1
  3333   1388.750  +0.774312  +1.361643  0.000  0.233  0.536  P  d1
  3334   1389.167  -1.317255  +0.781446  0.000  0.233  0.536  P  d1
  3335   1389.583  -0.794446  -1.350844  0.000  0.233  0.536  P  d1
  3336   1390.000  +1.316604  -0.789757  0.000  0.233  0.519  P  d1
  3337   1390.417  +0.799523  +1.355133  0.000  0.233  0.519  P  d1
  3338   1390.833  -1.320107  +0.801225  0.000  0.233  0.519  P  d1
  3339   1391.250  -0.815009  -1.374984  0.000  0.233  0.519  P  d1
  3340   1391.667  +1.332663  -0.788673  0.000  0.233  0.519  P  d1
  3341   1392.083  +0.806048  +1.366206  0.000  0.233  0.519  P  d1
  3342   1392.500  -1.324741  +0.783232  0.000  0.287  0.519  P  d1
  3343   1392.917  -0.801083  -1.354912  0.000  0.287  0.519  P  d1
  3344   1393.333  +1.309132  -0.791328  0.000  0.287  0.519  P  d1
  3345   1393.750  +0.815630  +1.360134  0.000  0.287  0.519  P  d1
  3346   1394.167  -1.320672  +0.781132  0.000  0.287  0.519  P  d1
  3347   1394.583  -0.804012  -1.345633  0.000  0.287  0.519  P  d1
  3348   1395.000  +1.316526  -0.794861  0.000  0.287  0.519  P  d1
  3349   1395.417  +0.809054  +1.353052  0.000  0.287  0.519  P  d1
  3350   1395.833  -1.318773  +0.803916  0.000  0.287  0.519  P  d1
  3351   1396.250  -0.819880  -1.366226  0.000  0.287  0.519  P  d1
  3352   1396.667  +1.332069  -0.795391  0.000  0.287  0.511  P  d1
  3353   1397.083  +0.804259  +1.365496  0.000  0.287  0.511  P  d1
  3354   1397.500  -1.319066  +0.785181  0.000  0.296  0.511  P  d1
  3355   1397.917  -0.802461  -1.352652  0.000  0.296  0.511  P  d1
  3356   1398.333  +1.303913  -0.792428  0.000  0.296  0.511  P  d1
  3357   1398.750  +0.821481  +1.359011  0.000  0.296  0.511  P  d1
  3358   1399.167  -1.324374  +0.782420  0.000  0.296  0.511  P  d1
  3359   1399.583  -0.806866  -1.344593  0.000  0.296  0.511  P  d1
  3360   1400.000  +1.319858  -0.798163  0.000  0.296  0.511  P  d1
  3361   1400.417  +0.807604  +1.353498  0.000  0.296  0.511  P  d1
  3362   1400.833  -1.317537  +0.803563  0.000  0.296  0.511  P  d1
  3363   1401.250  -0.820496  -1.366533  0.000  0.296  0.511  P  d1
  3364   1401.667  +1.332824  -0.794970  0.000  0.296  0.511  P  d1
  3365   1402.083  +0.805298  +1.364295  0.000  0.296  0.511  P  d1
  3366   1402.500  -1.318548  +0.786658  0.000  0.280  0.511  P  d1
  3367   1402.917  -0.804669  -1.351430  0.000  0.280  0.511  P  d1
  3368   1403.333  +1.305791  -0.794482  0.000  0.280  0.502  P  d1
  3369   1403.750  +0.820653  +1.359234  0.000  0.280  0.502  P  d1
  3370   1404.167  -1.320410  +0.784870  0.000  0.280  0.502  P  d1
  3371   1404.583  -0.810475  -1.341861  0.000  0.280  0.502  P  d1
  3372   1405.000  +1.313484  -0.803427  0.000  0.280  0.502  P  d1
  3373   1405.417  +0.814818  +1.355647  0.000  0.280  0.502  P  d1
  3374   1405.833  -1.319690  +0.801051  0.000  0.280  0.502  P  d1
  3375   1406.250  -0.819543  -1.362106  0.000  0.280  0.502  P  d1
  3376   1406.667  +1.328236  -0.801191  0.000  0.280  0.502  P  d1
  3377   1407.083  +0.809466  +1.364097  0.000  0.280  0.502  P  d1
  3378   1407.500  -1.313693  +0.790789  0.000  0.232  0.502  P  d1
  3379   1407.917  -0.810166  -1.352972  0.000  0.232  0.502  P  d1
  3380   1408.333  +1.307432  -0.792784  0.000  0.232  0.502  P  d1
  3381   1408.750  +0.820049  +1.357780  0.000  0.232  0.502  P  d1
  3382   1409.167  -1.318314  +0.786794  0.000  0.232  0.502  P  d1
  3383   1409.583  -0.814431  -1.342330  0.000  0.232  0.502  P  d1
  3384   1410.000  +1.314051  -0.804065  0.000  0.232  0.502  P  d1
  3385   1410.417  +0.815351  +1.353202  0.000  0.232  0.502  P  d1
  3386   1410.833  -1.315523  +0.805520  0.000  0.232  0.502  P  d1
  3387   1411.250  -0.824734  -1.362897  0.000  0.232  0.502  P  d1
  3388   1411.667  +1.327347  -0.804481  0.000  0.232  0.502  P  d1
  3389   1412.083  +0.812755  +1.366705  0.000  0.232  0.502  P  d1
  3390   1412.500  -1.315066  +0.789304  0.000  0.201  0.502  P  d1
  3391   1412.917  -0.809304  -1.352243  0.000  0.201  0.502  P  d1
  3392   1413.333  +1.305430  -0.791925  0.000  0.201  0.502  P  d1
  3393   1413.750  +0.821806  +1.353364  0.000  0.201  0.502  P  d1
  3394   1414.167  -1.316728  +0.790311  0.000  0.201  0.502  P  d1
  3395   1414.583  -0.815433  -1.341644  0.000  0.201  0.502  P  d1
  3396   1415.000  +1.313567  -0.805174  0.000  0.201  0.502  P  d1
  3397   1415.417  +0.815438  +1.354365  0.000  0.201  0.502  P  d1
  3398   1415.833  -1.315288  +0.804263  0.000  0.201  0.502  P  d1
  3399   1416.250  -0.824842  -1.360195  0.000  0.201  0.502  P  d1
  3400   1416.667  +1.325532  -0.807584  0.000  0.201  0.502  P  d1
  3401   1417.083  +0.815116  +1.366622  0.000  0.201  0.502  P  d1
  3402   1417.500  -1.314313  +0.791201  0.000  0.017  0.502  T  d1
  3403   1417.917  -0.813355  -1.349523  0.000  0.017  0.502  T  d1
  3404   1418.333  +1.305236  -0.796046  0.000  0.017  0.502  T  d1
  3405   1418.750  +0.824585  +1.349517  0.000  0.017  0.502  T  d1
  3406   1419.167  -1.316936  +0.795131  0.000  0.017  0.502  T  d1
  3407   1419.583  -0.814681  -1.342879  0.000  0.017  0.502  T  d1
  3408   1420.000  +1.313022  -0.805039  0.000  0.017  0.502  T  d1
  3409   1420.417  +0.818485  +1.351695  0.000  0.017  0.502  T  d1
  3410   1420.833  -1.317004  +0.811428  0.000  0.017  0.502  T  d1
  3411   1421.250  -0.825203  -1.359268  0.000  0.017  0.502  T  d1
  3412   1421.667  +1.318945  -0.808160  0.000  0.017  0.502  T  d1
  3413   1422.083  +0.817717  +1.354097  0.000  0.017  0.502  T  d1
  3414   1422.500  -1.312089  +0.800175  0.000  0.004  0.502  T  d1
  3415   1422.917  -0.810892  -1.352281  0.000  0.004  0.502  T  d1
  3416   1423.333  +1.303457  -0.794429  0.000  0.004  0.502  T  d1
  3417   1423.750  +0.826206  +1.348309  0.000  0.004  0.502  T  d1
  3418   1424.167  -1.314053  +0.798997  0.000  0.004  0.502  T  d1
  3419   1424.583  -0.819779  -1.341873  0.000  0.004  0.502  T  d1
  3420   1425.000  +1.308353  -0.808471  0.000  0.004  0.502  T  d1
  3421   1425.417  +0.824145  +1.350555  0.000  0.004  0.502  T  d1
  3422   1425.833  -1.315090  +0.811527  0.000  0.004  0.502  T  d1
  3423   1426.250  -0.827757  -1.355554  0.000  0.004  0.502  T  d1
  3424   1426.667  +1.317634  -0.811390  0.000  0.004  0.502  T  d1
  3425   1427.083  +0.818912  +1.353778  0.000  0.004  0.502  T  d1
  3426   1427.500  -1.303878  +0.802138  0.000  0.007  0.502  T  d1
  3427   1427.917  -0.824080  -1.345564  0.000  0.007  0.502  T  d1
  3428   1428.333  +1.299781  -0.802943  0.000  0.007  0.502  T  d1
  3429   1428.750  +0.836309  +1.341811  0.000  0.007  0.502  T  d1
  3430   1429.167  -1.311729  +0.809825  0.000  0.007  0.502  T  d1
  3431   1429.583  -0.826191  -1.348848  0.000  0.007  0.502  T  d1
  3432   1430.000  +1.310599  -0.804997  0.000  0.007  0.502  T  d1
  3433   1430.417  +0.824033  +1.346248  0.000  0.007  0.502  T  d1
  3434   1430.833  -1.311391  +0.816116  0.000  0.007  0.502  T  d1
  3435   1431.250  -0.829835  -1.358328  0.000  0.007  0.502  T  d1
  3436   1431.667  +1.318759  -0.812939  0.000  0.007  0.502  T  d1
  3437   1432.083  +0.824063  +1.356260  0.000  0.007  0.502  T  d1
  3438   1432.500  -1.304701  +0.817585  0.000  0.009  0.502  T  d1
  3439   1432.917  -0.838826  -1.351065  0.000  0.009  0.502  T  d1
  3440   1433.333  +1.305688  -0.829347  0.000  0.009  0.502  T  d1
  3441   1433.750  +0.846751  +1.365390  0.000  0.009  0.502  T  d1
  3442   1434.167  -1.311767  +0.809193  0.000  0.009  0.502  T  d1
  3443   1434.583  -0.831672  -1.342754  0.000  0.009  0.502  T  d1
  3444   1435.000  +1.306643  -0.807511  0.000  0.009  0.502  T  d1
  3445   1435.417  +0.819081  +1.348165  0.000  0.009  0.502  T  d1
  3446   1435.833  -1.316238  +0.811770  0.000  0.009  0.502  T  d1
  3447   1436.250  -0.834277  -1.359721  0.000  0.009  0.502  T  d1
  3448   1436.667  +1.313756  -0.823900  0.000  0.009  0.502  T  d1
  3449   1437.083  +0.826635  +1.347401  0.000  0.009  0.502  T  d1
  3450   1437.500  -1.299816  +0.811235  0.000  0.021  0.502  T  d1
  3451   1437.917  -0.835278  -1.357153  0.000  0.021  0.502  T  d1
  3452   1438.333  +1.319325  -0.836752  0.000  0.021  0.502  T  d1
  3453   1438.750  +0.865992  +1.359587  0.000  0.021  0.502  T  d1
  3454   1439.167  -1.289004  +0.825338  0.000  0.021  0.502  T  d1
  3455   1439.583  -0.814080  -1.334478  0.000  0.021  0.502  T  d1
  3456   1440.000  +1.331391  -0.770602  0.000  0.021  0.502  T  d1
  3457   1440.417  +0.829771  +1.363492  0.000  0.021  0.502  T  d1
  3458   1440.833  -1.306377  +0.885235  0.000  0.021  0.502  T  d1
  3459   1441.250  -0.881915  -1.237964  0.000  0.021  0.502  T  d1
  3460   1441.667  +0.946227  -0.095488  0.000  0.021  0.502  T  d2
  3461   1442.083  -0.397867  -0.272154  0.000  0.021  0.502  T  d1
  3462   1442.500  +0.676317  -0.658488  0.000  0.031  0.502  T  d1
  3463   1442.917  +1.112913  +1.369756  0.000  0.031  0.502  T  d1
  3464   1443.333  -1.576143  +0.800520  0.000  0.031  0.502  T  d1
  3465   1443.750  -0.738019  -1.272620  0.000  0.031  0.502  T  d1
  3466   1444.167  +1.247919  -0.876579  0.000  0.031  0.502  T  d1
  3467   1444.583  +0.871474  +1.316356  0.000  0.031  0.502  T  d1
  3468   1445.000  -1.412151  +0.832549  0.000  0.031  0.502  T  d1
  3469   1445.417  -0.793913  -1.327314  0.000  0.031  0.502  T  d1
  3470   1445.833  +1.326045  -0.827747  0.000  0.031  0.502  T  d1
  3471   1446.250  +0.827130  +1.279494  0.000  0.031  0.502  T  d1
  3472   1446.667  -1.353318  +0.850936  0.000  0.031  0.502  T  d1
  3473   1447.083  -0.817145  -1.339766  0.000  0.031  0.502  T  d1
  3474   1447.500  +1.367239  -0.828765  0.000  0.033  0.502  T  d1
  3475   1447.917  +0.825452  +1.310508  0.000  0.033  0.502  T  d1
  3476   1448.333  -1.345804  +0.835392  0.000  0.033  0.502  T  d1
  3477   1448.750  -0.815722  -1.298493  0.000  0.033  0.502  T  d1
  3478   1449.167  +1.347883  -0.833218  0.000  0.033  0.502  T  d1
  3479   1449.583  +0.812887  +1.309925  0.000  0.033  0.502  T  d1
  3480   1450.000  -1.334417  +0.825181  0.000  0.033  0.502  T  d1
  3481   1450.417  -0.823113  -1.283359  0.000  0.033  0.502  T  d1
  3482   1450.833  +1.329110  -0.839702  0.000  0.033  0.502  T  d1
  3483   1451.250  +0.824484  +1.295774  0.000  0.033  0.502  T  d1
  3484   1451.667  -1.337937  +0.832219  0.000  0.033  0.502  T  d1
  3485   1452.083  -0.824793  -1.284569  0.000  0.033  0.502  T  d1
  3486   1452.500  +1.331566  -0.851222  0.000  0.034  0.502  T  d1
  3487   1452.917  +0.829999  +1.297228  0.000  0.034  0.502  T  d1
  3488   1453.333  -1.339811  +0.841167  0.000  0.034  0.502  T  d1
  3489   1453.750  -0.824365  -1.295165  0.000  0.034  0.502  T  d1
  3490   1454.167  +1.339265  -0.843817  0.000  0.034  0.502  T  d1
  3491   1454.583  +0.821777  +1.296300  0.000  0.034  0.502  T  d1
  3492   1455.000  -1.333960  +0.837281  0.000  0.034  0.502  T  d1
  3493   1455.417  -0.819272  -1.287344  0.000  0.034  0.502  T  d1
  3494   1455.833  +1.329614  -0.848103  0.000  0.034  0.502  T  d1
  3495   1456.250  +0.827259  +1.299492  0.000  0.034  0.502  T  d1
  3496   1456.667  -1.329843  +0.839144  0.000  0.034  0.502  T  d1
  3497   1457.083  -0.832698  -1.284278  0.000  0.034  0.502  T  d1
  3498   1457.500  +1.333814  -0.851250  0.000  0.035  0.502  T  d1
  3499   1457.917  +0.828743  +1.297413  0.000  0.035  0.502  T  d1
  3500   1458.333  -1.339794  +0.841121  0.000  0.035  0.502  T  d1
  3501   1458.750  -0.825346  -1.295085  0.000  0.035  0.502  T  d1
  3502   1459.167  +1.338940  -0.844400  0.000  0.035  0.502  T  d1
  3503   1459.583  +0.821757  +1.295184  0.000  0.035  0.502  T  d1
  3504   1460.000  -1.325887  +0.838546  0.000  0.035  0.502  T  d1
  3505   1460.417  -0.831779  -1.281721  0.000  0.035  0.502  T  d1
  3506   1460.833  +1.331768  -0.852383  0.000  0.035  0.502  T  d1
  3507   1461.250  +0.829788  +1.296368  0.000  0.035  0.502  T  d1
  3508   1461.667  -1.330884  +0.841111  0.000  0.035  0.502  T  d1
  3509   1462.083  -0.831402  -1.284866  0.000  0.035  0.502  T  d1
  3510   1462.500  +1.334066  -0.850153  0.000  0.036  0.502  T  d1
  3511   1462.917  +0.827780  +1.297350  0.000  0.036  0.502  T  d1
  3512   1463.333  -1.337314  +0.842757  0.000  0.036  0.502  T  d1
  3513   1463.750  -0.840587  -1.294064  0.000  0.036  0.502  T  d1
  3514   1464.167  +1.351047  -0.857927  0.000  0.036  0.502  T  d1
  3515   1464.583  +0.835644  +1.299816  0.000  0.036  0.502  T  d1
  3516   1465.000  -1.340944  +0.847414  0.000  0.036  0.502  T  d1
  3517   1465.417  -0.826076  -1.280917  0.000  0.036  0.502  T  d1
  3518   1465.833  +1.323508  -0.854269  0.000  0.036  0.502  T  d1
  3519   1466.250  +0.837097  +1.290389  0.000  0.036  0.502  T  d1
  3520   1466.667  -1.333208  +0.847978  0.000  0.036  0.502  T  d1
  3521   1467.083  -0.832414  -1.287456  0.000  0.036  0.502  T  d1
  3522   1467.500  +1.332458  -0.849490  0.000  0.036  0.502  T  d1
  3523   1467.917  +0.829341  +1.293790  0.000  0.036  0.502  T  d1
  3524   1468.333  -1.334874  +0.844809  0.000  0.036  0.502  T  d1
  3525   1468.750  -0.841539  -1.294972  0.000  0.036  0.502  T  d1
  3526   1469.167  +1.349344  -0.856485  0.000  0.036  0.502  T  d1
  3527   1469.583  +0.840208  +1.294386  0.000  0.036  0.502  T  d1
  3528   1470.000  -1.338016  +0.868682  0.000  0.036  0.502  T  d1
  3529   1470.417  -0.844423  -1.295425  0.000  0.036  0.502  T  d1
  3530   1470.833  +1.329528  -0.867154  0.000  0.036  0.502  T  d1
  3531   1471.250  +0.844894  +1.302876  0.000  0.036  0.502  T  d1
  3532   1471.667  -1.332207  +0.841149  0.000  0.036  0.502  T  d1
  3533   1472.083  -0.833653  -1.280679  0.000  0.036  0.502  T  d1
  3534   1472.500  +1.334405  -0.852981  0.000  0.036  0.502  T  d1
  3535   1472.917  +0.830641  +1.299475  0.000  0.036  0.502  T  d1
  3536   1473.333  -1.336645  +0.851571  0.000  0.036  0.502  T  d1
  3537   1473.750  -0.855089  -1.302842  0.000  0.036  0.502  T  d1
  3538   1474.167  +1.354381  -0.861512  0.000  0.036  0.502  T  d1
  3539   1474.583  +0.843154  +1.298914  0.000  0.036  0.502  T  d1
  3540   1475.000  -1.339233  +0.850814  0.000  0.036  0.502  T  d1
  3541   1475.417  -0.828618  -1.281694  0.000  0.036  0.502  T  d1
  3542   1475.833  +1.321880  -0.851453  0.000  0.036  0.502  T  d1
  3543   1476.250  +0.839226  +1.284838  0.000  0.036  0.502  T  d1
  3544   1476.667  -1.331803  +0.853080  0.000  0.036  0.502  T  d1
  3545   1477.083  -0.833892  -1.287285  0.000  0.036  0.502  T  d1
  3546   1477.500  +1.324129  -0.851614  0.000  0.037  0.502  T  d1
  3547   1477.917  +0.846078  +1.286525  0.000  0.037  0.502  T  d1
  3548   1478.333  -1.335330  +0.864575  0.000  0.037  0.502  T  d1
  3549   1478.750  -0.861180  -1.300520  0.000  0.037  0.502  T  d1
  3550   1479.167  +1.353690  -0.866770  0.000  0.037  0.502  T  d1
  3551   1479.583  +0.844543  +1.299697  0.000  0.037  0.502  T  d1
  3552   1480.000  -1.338346  +0.851867  0.000  0.037  0.502  T  d1
  3553   1480.417  -0.832303  -1.281239  0.000  0.037  0.502  T  d1
  3554   1480.833  +1.325179  -0.854010  0.000  0.037  0.502  T  d1
  3555   1481.250  +0.837775  +1.285533  0.000  0.037  0.502  T  d1
  3556   1481.667  -1.329311  +0.853725  0.000  0.037  0.502  T  d1
  3557   1482.083  -0.837198  -1.287106  0.000  0.037  0.502  T  d1
  3558   1482.500  +1.325333  -0.852432  0.000  0.045  0.502  T  d1
  3559   1482.917  +0.847154  +1.286070  0.000  0.045  0.502  T  d1
  3560   1483.333  -1.335153  +0.865101  0.000  0.045  0.502  T  d1
  3561   1483.750  -0.860600  -1.299418  0.000  0.045  0.502  T  d1
  3562   1484.167  +1.352763  -0.868127  0.000  0.045  0.502  T  d1
  3563   1484.583  +0.846426  +1.298401  0.000  0.045  0.502  T  d1
  3564   1485.000  -1.338169  +0.867634  0.000  0.045  0.502  T  d1
  3565   1485.417  -0.843446  -1.294524  0.000  0.045  0.502  T  d1
  3566   1485.833  +1.327028  -0.866111  0.000  0.045  0.502  T  d1
  3567   1486.250  +0.847335  +1.298366  0.000  0.045  0.502  T  d1
  3568   1486.667  -1.325834  +0.848937  0.000  0.045  0.502  T  d1
  3569   1487.083  -0.841504  -1.276469  0.000  0.045  0.502  T  d1
  3570   1487.500  +1.315529  -0.863201  0.000  0.051  0.502  T  d1
  3571   1487.917  +0.858465  +1.288314  0.000  0.051  0.502  T  d1
  3572   1488.333  -1.333406  +0.863169  0.000  0.051  0.502  T  d1
  3573   1488.750  -0.864905  -1.287141  0.000  0.051  0.502  T  d1
  3574   1489.167  +1.348793  -0.874549  0.000  0.051  0.502  T  d1
  3575   1489.583  +0.847160  +1.291298  0.000  0.051  0.502  T  d1
  3576   1490.000  -1.336019  +0.873014  0.000  0.051  0.502  T  d1
  3577   1490.417  -0.843251  -1.293906  0.000  0.051  0.502  T  d1
  3578   1490.833  +1.324291  -0.866916  0.000  0.051  0.502  T  d1
  3579   1491.250  +0.851350  +1.293003  0.000  0.051  0.502  T  d1
  3580   1491.667  -1.326736  +0.854663  0.000  0.051  0.502  T  d1
  3581   1492.083  -0.839921  -1.277790  0.000  0.051  0.502  T  d1
  3582   1492.500  +1.313837  -0.862008  0.000  0.056  0.502  T  d1
  3583   1492.917  +0.859008  +1.287342  0.000  0.056  0.502  T  d1
  3584   1493.333  -1.332370  +0.866653  0.000  0.056  0.502  T  d1
  3585   1493.750  -0.868623  -1.286548  0.000  0.056  0.502  T  d1
  3586   1494.167  +1.345391  -0.881052  0.000  0.056  0.502  T  d1
  3587   1494.583  +0.851669  +1.289672  0.000  0.056  0.502  T  d1
  3588   1495.000  -1.331008  +0.877325  0.000  0.056  0.502  T  d1
  3589   1495.417  -0.846988  -1.290966  0.000  0.056  0.502  T  d1
  3590   1495.833  +1.321005  -0.870233  0.000  0.056  0.502  T  d1
  3591   1496.250  +0.854699  +1.290687  0.000  0.056  0.502  T  d1
  3592   1496.667  -1.324423  +0.858219  0.000  0.056  0.502  T  d1
  3593   1497.083  -0.844657  -1.276793  0.000  0.056  0.502  T  d1
  3594   1497.500  +1.314958  -0.864523  0.000  0.062  0.502  T  d1
  3595   1497.917  +0.860320  +1.287929  0.000  0.062  0.502  T  d1
  3596   1498.333  -1.333318  +0.866310  0.000  0.062  0.502  T  d1
  3597   1498.750  -0.867963  -1.286243  0.000  0.062  0.502  T  d1
  3598   1499.167  +1.345467  -0.881592  0.000  0.062  0.502  T  d1
  3599   1499.583  +0.853495  +1.293579  0.000  0.062  0.502  T  d1
  3600   1500.000  -1.336348  +0.874051  0.000  0.062  0.502  T  d1
  3601   1500.417  -0.845573  -1.292542  0.000  0.062  0.502  T  d1
  3602   1500.833  +1.323740  -0.868497  0.000  0.062  0.502  T  d1
  3603   1501.250  +0.853151  +1.289465  0.000  0.062  0.502  T  d1
  3604   1501.667  -1.322931  +0.859227  0.000  0.062  0.502  T  d1
  3605   1502.083  -0.845387  -1.276998  0.000  0.062  0.502  T  d1
  3606   1502.500  +1.315306  -0.864008  0.000  0.728  0.502  P  d1
  3607   1502.917  +0.859942  +1.288252  0.000  0.728  0.502  P  d1
  3608   1503.333  -1.333162  +0.866566  0.000  0.728  0.502  P  d1
  3609   1503.750  -0.868247  -1.284153  0.000  0.728  0.502  P  d1
  3610   1504.167  +1.341574  -0.885827  0.000  0.728  0.502  P  d1
  3611   1504.583  +0.854622  +1.288550  0.000  0.728  0.502  P  d1
  3612   1505.000  -1.324886  +0.882834  0.000  0.728  0.502  P  d1
  3613   1505.417  -0.857646  -1.287819  0.000  0.728  0.502  P  d1
  3614   1505.833  +1.324306  -0.881826  0.000  0.728  0.502  P  d1
  3615   1506.250  +0.855964  +1.294146  0.000  0.728  0.502  P  d1
  3616   1506.667  -1.319840  +0.862799  0.000  0.728  0.502  P  d1
  3617   1507.083  -0.850654  -1.279293  0.000  0.728  0.502  P  d1
  3618   1507.500  +1.318473  -0.863313  0.000  0.749  0.502  P  d1
  3619   1507.917  +0.858809  +1.287210  0.000  0.749  0.502  P  d1
  3620   1508.333  -1.332455  +0.866962  0.000  0.749  0.502  P  d1
  3621   1508.750  -0.867998  -1.282385  0.000  0.749  0.502  P  d1
  3622   1509.167  +1.338878  -0.884828  0.000  0.749  0.502  P  d1
  3623   1509.583  +0.855687  +1.281888  0.000  0.749  0.502  P  d1
  3624   1510.000  -1.323677  +0.887802  0.000  0.749  0.502  P  d1
  3625   1510.417  -0.858140  -1.286740  0.000  0.749  0.502  P  d1
  3626   1510.833  +1.321576  -0.883372  0.000  0.749  0.502  P  d1
  3627   1511.250  +0.860028  +1.289580  0.000  0.749  0.502  P  d1
  3628   1511.667  -1.321214  +0.867864  0.000  0.749  0.502  P  d1
  3629   1512.083  -0.848823  -1.280255  0.000  0.749  0.502  P  d1
  3630   1512.500  +1.315221  -0.862184  0.000  0.757  0.502  P  d1
  3631   1512.917  +0.859769  +1.284659  0.000  0.757  0.502  P  d1
  3632   1513.333  -1.329534  +0.868116  0.000  0.757  0.502  P  d1
  3633   1513.750  -0.870590  -1.279948  0.000  0.757  0.502  P  d1
  3634   1514.167  +1.337847  -0.887501  0.000  0.757  0.502  P  d1
  3635   1514.583  +0.857466  +1.281237  0.000  0.757  0.502  P  d1
  3636   1515.000  -1.322900  +0.890488  0.000  0.757  0.502  P  d1
  3637   1515.417  -0.860956  -1.287006  0.000  0.757  0.502  P  d1
  3638   1515.833  +1.322023  -0.883859  0.000  0.757  0.502  P  d1
  3639   1516.250  +0.860265  +1.287262  0.000  0.757  0.502  P  d1
  3640   1516.667  -1.319737  +0.868482  0.000  0.757  0.502  P  d1
  3641   1517.083  -0.849666  -1.279053  0.000  0.757  0.502  P  d1
  3642   1517.500  +1.315991  -0.862924  0.000  0.761  0.502  P  d1
  3643   1517.917  +0.859016  +1.285006  0.000  0.761  0.502  P  d1
  3644   1518.333  -1.327784  +0.870244  0.000  0.761  0.502  P  d1
  3645   1518.750  -0.874489  -1.280555  0.000  0.761  0.502  P  d1
  3646   1519.167  +1.336958  -0.892090  0.000  0.761  0.502  P  d1
  3647   1519.583  +0.861591  +1.282981  0.000  0.761  0.502  P  d1
  3648   1520.000  -1.315887  +0.890413  0.000  0.761  0.502  P  d1
  3649   1520.417  -0.872802  -1.279790  0.000  0.761  0.502  P  d1
  3650   1520.833  +1.322751  -0.888602  0.000  0.761  0.502  P  d1
  3651   1521.250  +0.864129  +1.281926  0.000  0.761  0.502  P  d1
  3652   1521.667  -1.318762  +0.874725  0.000  0.761  0.502  P  d1
  3653   1522.083  -0.852338  -1.281293  0.000  0.761  0.502  P  d1
  3654   1522.500  +1.316237  -0.862948  0.000  0.761  0.502  P  d1
  3655   1522.917  +0.861205  +1.284428  0.000  0.761  0.502  P  d1
  3656   1523.333  -1.328692  +0.872040  0.000  0.761  0.502  P  d1
  3657   1523.750  -0.874535  -1.279360  0.000  0.761  0.502  P  d1
  3658   1524.167  +1.335691  -0.894443  0.000  0.761  0.502  P  d1
  3659   1524.583  +0.862208  +1.283523  0.000  0.761  0.502  P  d1
  3660   1525.000  -1.315643  +0.891190  0.000  0.761  0.502  P  d1
  3661   1525.417  -0.872743  -1.280661  0.000  0.761  0.502  P  d1
  3662   1525.833  +1.319314  -0.886481  0.000  0.761  0.502  P  d1
  3663   1526.250  +0.865855  +1.277646  0.000  0.761  0.502  P  d1
  3664   1526.667  -1.311845  +0.874759  0.000  0.761  0.502  P  d1
  3665   1527.083  -0.866385  -1.277301  0.000  0.761  0.502  P  d1
  3666   1527.500  +1.326843  -0.867145  0.000  0.764  0.502  P  d1
  3667   1527.917  +0.856331  +1.281744  0.000  0.764  0.502  P  d1
  3668   1528.333  -1.317181  +0.870543  0.000  0.764  0.502  P  d1
  3669   1528.750  -0.870265  -1.268139  0.000  0.764  0.502  P  d1
  3670   1529.167  +1.311962  -0.888205  0.000  0.764  0.502  P  d1
  3671   1529.583  +0.873865  +1.272230  0.000  0.764  0.502  P  d1
  3672   1530.000  -1.317730  +0.889272  0.000  0.764  0.502  P  d1
  3673   1530.417  -0.871418  -1.277238  0.000  0.764  0.502  P  d1
  3674   1530.833  +1.318135  -0.887716  0.000  0.764  0.502  P  d1
  3675   1531.250  +0.862009  +1.277439  0.000  0.764  0.502  P  d1
  3676   1531.667  -1.302650  +0.871345  0.000  0.764  0.502  P  d1
  3677   1532.083  -0.862406  -1.268959  0.000  0.764  0.502  P  d1
  3678   1532.500  +1.302163  -0.869877  0.000  0.759  0.502  P  d1
  3679   1532.917  +0.880535  +1.276251  0.000  0.759  0.502  P  d1
  3680   1533.333  -1.326778  +0.875974  0.000  0.759  0.502  P  d1
  3681   1533.750  -0.882067  -1.269708  0.000  0.759  0.502  P  d1
  3682   1534.167  +1.338629  -0.901771  0.000  0.759  0.502  P  d1
  3683   1534.583  +0.861269  +1.285867  0.000  0.759  0.502  P  d1
  3684   1535.000  -1.312642  +0.890489  0.000  0.759  0.502  P  d1
  3685   1535.417  -0.877594  -1.275549  0.000  0.759  0.502  P  d1
  3686   1535.833  +1.320475  -0.890912  0.000  0.759  0.502  P  d1
  3687   1536.250  +0.863216  +1.274053  0.000  0.759  0.502  P  d1
  3688   1536.667  -1.298491  +0.875823  0.000  0.759  0.502  P  d1
  3689   1537.083  -0.868891  -1.248195  0.000  0.759  0.502  P  d1
  3690   1537.500  +1.283002  -0.883732  0.000  0.762  0.502  P  d1
  3691   1537.917  +0.893271  +1.236803  0.000  0.762  0.502  P  d1
  3692   1538.333  -1.318195  +0.915184  0.000  0.762  0.502  P  d1
  3693   1538.750  -0.877922  -1.278950  0.000  0.762  0.502  P  d1
  3694   1539.167  +1.327884  -0.898325  0.000  0.762  0.502  P  d1
  3695   1539.583  +0.867677  +1.277536  0.000  0.762  0.502  P  d1
  3696   1540.000  -1.314837  +0.898972  0.000  0.762  0.502  P  d1
  3697   1540.417  -0.874707  -1.278089  0.000  0.762  0.502  P  d1
  3698   1540.833  +1.312942  -0.892472  0.000  0.762  0.502  P  d1
  3699   1541.250  +0.878994  +1.270596  0.000  0.762  0.502  P  d1
  3700   1541.667  -1.304471  +0.896324  0.000  0.762  0.502  P  d1
  3701   1542.083  -0.896756  -1.255190  0.000  0.762  0.502  P  d1
  3702   1542.500  +1.311417  -0.908329  0.000  0.760  0.502  P  d1
  3703   1542.917  +0.883265  +1.249717  0.000  0.760  0.502  P  d1
  3704   1543.333  -1.303511  +0.918500  0.000  0.760  0.502  P  d1
  3705   1543.750  -0.877122  -1.275484  0.000  0.760  0.502  P  d1
  3706   1544.167  +1.301035  -0.890463  0.000  0.760  0.502  P  d1
  3707   1544.583  +0.882955  +1.264660  0.000  0.760  0.502  P  d1
  3708   1545.000  -1.314581  +0.898585  0.000  0.760  0.502  P  d1
  3709   1545.417  -0.877478  -1.275911  0.000  0.760  0.502  P  d1
  3710   1545.833  +1.312437  -0.894998  0.000  0.760  0.502  P  d1
  3711   1546.250  +0.880524  +1.270077  0.000  0.760  0.502  P  d1
  3712   1546.667  -1.301182  +0.893459  0.000  0.760  0.502  P  d1
  3713   1547.083  -0.883917  -1.255799  0.000  0.760  0.502  P  d1
  3714   1547.500  +1.292545  -0.885958  0.000  0.756  0.502  P  d1
  3715   1547.917  +0.888635  +1.235214  0.000  0.756  0.502  P  d1
  3716   1548.333  -1.308945  +0.915013  0.000  0.756  0.502  P  d1
  3717   1548.750  -0.872111  -1.272157  0.000  0.756  0.502  P  d1
  3718   1549.167  +1.294495  -0.889924  0.000  0.756  0.502  P  d1
  3719   1549.583  +0.885110  +1.255912  0.000  0.756  0.502  P  d1
  3720   1550.000  -1.301309  +0.896506  0.000  0.756  0.502  P  d1
  3721   1550.417  -0.875294  -1.257390  0.000  0.756  0.502  P  d1
  3722   1550.833  +1.287785  -0.900885  0.000  0.756  0.502  P  d1
  3723   1551.250  +0.899402  +1.267140  0.000  0.756  0.502  P  d1
  3724   1551.667  -1.306016  +0.896770  0.000  0.756  0.502  P  d1
  3725   1552.083  -0.898474  -1.248828  0.000  0.756  0.502  P  d1
  3726   1552.500  +1.303303  -0.916013  0.000  0.754  0.502  P  d1
  3727   1552.917  +0.892360  +1.251458  0.000  0.754  0.502  P  d1
  3728   1553.333  -1.303891  +0.916432  0.000  0.754  0.502  P  d1
  3729   1553.750  -0.875735  -1.271255  0.000  0.754  0.502  P  d1
  3730   1554.167  +1.295257  -0.887771  0.000  0.754  0.502  P  d1
  3731   1554.583  +0.884285  +1.255028  0.000  0.754  0.502  P  d1
  3732   1555.000  -1.300819  +0.899200  0.000  0.754  0.502  P  d1
  3733   1555.417  -0.882567  -1.250382  0.000  0.754  0.502  P  d1
  3734   1555.833  +1.285840  -0.916129  0.000  0.754  0.502  P  d1
  3735   1556.250  +0.905724  +1.265540  0.000  0.754  0.502  P  d1
  3736   1556.667  -1.303002  +0.904872  0.000  0.754  0.502  P  d1
  3737   1557.083  -0.901471  -1.250193  0.000  0.754  0.502  P  d1
  3738   1557.500  +1.304719  -0.914130  0.000  0.749  0.502  P  d1
  3739   1557.917  +0.884690  +1.246463  0.000  0.749  0.502  P  d1
  3740   1558.333  -1.293154  +0.916767  0.000  0.749  0.502  P  d1
  3741   1558.750  -0.874980  -1.264146  0.000  0.749  0.502  P  d1
  3742   1559.167  +1.283494  -0.889887  0.000  0.749  0.502  P  d1
  3743   1559.583  +0.889288  +1.245225  0.000  0.749  0.502  P  d1
  3744   1560.000  -1.296528  +0.908255  0.000  0.749  0.502  P  d1
  3745   1560.417  -0.884130  -1.250474  0.000  0.749  0.502  P  d1
  3746   1560.833  +1.283137  -0.918345  0.000  0.749  0.502  P  d1
  3747   1561.250  +0.907433  +1.265618  0.000  0.749  0.502  P  d1
  3748   1561.667  -1.304073  +0.903852  0.000  0.749  0.502  P  d1
  3749   1562.083  -0.899278  -1.250402  0.000  0.749  0.502  P  d1
  3750   1562.500  +1.303928  -0.914691  0.000  0.745  0.502  P  d1
  3751   1562.917  +0.893842  +1.251904  0.000  0.745  0.502  P  d1
  3752   1563.333  -1.302743  +0.923587  0.000  0.745  0.502  P  d1
  3753   1563.750  -0.888264  -1.276386  0.000  0.745  0.502  P  d1
  3754   1564.167  +1.298310  -0.887943  0.000  0.745  0.502  P  d1
  3755   1564.583  +0.886268  +1.242361  0.000  0.745  0.502  P  d1
  3756   1565.000  -1.294238  +0.910622  0.000  0.745  0.502  P  d1
  3757   1565.417  -0.884516  -1.251179  0.000  0.745  0.502  P  d1
  3758   1565.833  +1.282739  -0.916894  0.000  0.745  0.502  P  d1
  3759   1566.250  +0.907504  +1.264426  0.000  0.745  0.502  P  d1
  3760   1566.667  -1.302052  +0.905825  0.000  0.745  0.502  P  d1
  3761   1567.083  -0.903115  -1.251295  0.000  0.745  0.502  P  d1
  3762   1567.500  +1.305624  -0.914782  0.000  0.751  0.502  P  d1
  3763   1567.917  +0.895286  +1.248826  0.000  0.751  0.502  P  d1
  3764   1568.333  -1.298906  +0.929022  0.000  0.751  0.502  P  d1
  3765   1568.750  -0.895922  -1.270603  0.000  0.751  0.502  P  d1
  3766   1569.167  +1.296757  -0.900393  0.000  0.751  0.502  P  d1
  3767   1569.583  +0.889755  +1.246986  0.000  0.751  0.502  P  d1
  3768   1570.000  -1.292721  +0.909152  0.000  0.751  0.502  P  d1
  3769   1570.417  -0.885232  -1.249651  0.000  0.751  0.502  P  d1
  3770   1570.833  +1.281828  -0.916266  0.000  0.751  0.502  P  d1
  3771   1571.250  +0.908946  +1.261329  0.000  0.751  0.502  P  d1
  3772   1571.667  -1.300676  +0.909876  0.000  0.751  0.502  P  d1
  3773   1572.083  -0.904850  -1.249981  0.000  0.751  0.502  P  d1
  3774   1572.500  +1.303378  -0.915227  0.000  0.747  0.502  P  d1
  3775   1572.917  +0.888978  +1.244438  0.000  0.747  0.502  P  d1
  3776   1573.333  -1.286391  +0.927812  0.000  0.747  0.502  P  d1
  3777   1573.750  -0.898745  -1.264401  0.000  0.747  0.502  P  d1
  3778   1574.167  +1.278653  -0.911044  0.000  0.747  0.502  P  d1
  3779   1574.583  +0.922383  +1.249446  0.000  0.747  0.502  P  d1
  3780   1575.000  -1.298859  +0.913945  0.000  0.747  0.502  P  d1
  3781   1575.417  -0.900764  -1.239656  0.000  0.747  0.502  P  d1
  3782   1575.833  +1.285451  -0.924089  0.000  0.747  0.502  P  d1
  3783   1576.250  +0.909341  +1.258857  0.000  0.747  0.502  P  d1
  3784   1576.667  -1.298741  +0.911118  0.000  0.747  0.502  P  d1
  3785   1577.083  -0.906656  -1.249167  0.000  0.747  0.502  P  d1
  3786   1577.500  +1.299523  -0.919496  0.000  0.739  0.502  P  d1
  3787   1577.917  +0.894651  +1.244702  0.000  0.739  0.502  P  d1
  3788   1578.333  -1.287257  +0.926889  0.000  0.739  0.502  P  d1
  3789   1578.750  -0.894568  -1.263473  0.000  0.739  0.502  P  d1
  3790   1579.167  +1.288146  -0.903147  0.000  0.739  0.502  P  d1
  3791   1579.583  +0.896833  +1.246902  0.000  0.739  0.502  P  d1
  3792   1580.000  -1.287312  +0.911976  0.000  0.739  0.502  P  d1
  3793   1580.417  -0.900617  -1.240157  0.000  0.739  0.502  P  d1
  3794   1580.833  +1.281904  -0.925020  0.000  0.739  0.502  P  d1
  3795   1581.250  +0.916800  +1.250791  0.000  0.739  0.502  P  d1
  3796   1581.667  -1.299389  +0.922402  0.000  0.739  0.502  P  d1
  3797   1582.083  -0.908017  -1.251559  0.000  0.739  0.502  P  d1
  3798   1582.500  +1.298675  -0.917385  0.000  0.744  0.502  P  d1
  3799   1582.917  +0.896170  +1.244020  0.000  0.744  0.502  P  d1
  3800   1583.333  -1.289472  +0.928526  0.000  0.744  0.502  P  d1
  3801   1583.750  -0.897201  -1.260674  0.000  0.744  0.502  P  d1
  3802   1584.167  +1.271537  -0.914740  0.000  0.744  0.502  P  d1
  3803   1584.583  +0.927807  +1.240812  0.000  0.744  0.502  P  d1
  3804   1585.000  -1.292220  +0.924219  0.000  0.744  0.502  P  d1
  3805   1585.417  -0.909126  -1.238509  0.000  0.744  0.502  P  d1
  3806   1585.833  +1.283003  -0.925527  0.000  0.744  0.502  P  d1
  3807   1586.250  +0.915865  +1.244088  0.000  0.744  0.502  P  d1
  3808   1586.667  -1.291304  +0.920119  0.000  0.744  0.502  P  d1
  3809   1587.083  -0.907393  -1.228957  0.000  0.744  0.502  P  d1
  3810   1587.500  +1.286464  -0.935711  0.000  0.743  0.502  P  d1
  3811   1587.917  +0.902173  +1.249932  0.000  0.743  0.502  P  d1
  3812   1588.333  -1.291444  +0.927707  0.000  0.743  0.502  P  d1
  3813   1588.750  -0.903863  -1.261962  0.000  0.743  0.502  P  d1
  3814   1589.167  +1.280856  -0.918685  0.000  0.743  0.502  P  d1
  3815   1589.583  +0.923850  +1.241243  0.000  0.743  0.502  P  d1
  3816   1590.000  -1.287418  +0.925475  0.000  0.743  0.502  P  d1
  3817   1590.417  -0.912275  -1.238072  0.000  0.743  0.502  P  d1
  3818   1590.833  +1.285657  -0.925555  0.000  0.743  0.502  P  d1
  3819   1591.250  +0.914822  +1.244967  0.000  0.743  0.502  P  d1
  3820   1591.667  -1.291180  +0.920559  0.000  0.743  0.502  P  d1
  3821   1592.083  -0.907952  -1.228781  0.000  0.743  0.502  P  d1
  3822   1592.500  +1.285752  -0.936021  0.000  0.719  0.502  P  d1
  3823   1592.917  +0.901494  +1.248788  0.000  0.719  0.502  P  d1
  3824   1593.333  -1.286675  +0.930410  0.000  0.719  0.502  P  d1
  3825   1593.750  -0.909846  -1.262011  0.000  0.719  0.502  P  d1
  3826   1594.167  +1.280444  -0.922803  0.000  0.719  0.502  P  d1
  3827   1594.583  +0.927201  +1.243717  0.000  0.719  0.502  P  d1
  3828   1595.000  -1.287977  +0.924190  0.000  0.719  0.502  P  d1
  3829   1595.417  -0.911728  -1.237178  0.000  0.719  0.502  P  d1
  3830   1595.833  +1.285309  -0.925693  0.000  0.719  0.502  P  d1
  3831   1596.250  +0.915277  +1.243415  0.000  0.719  0.502  P  d1
  3832   1596.667  -1.286117  +0.926148  0.000  0.719  0.502  P  d1
  3833   1597.083  -0.915339  -1.226484  0.000  0.719  0.502  P  d1
  3834   1597.500  +1.275094  -0.941415  0.000  0.662  0.502  P  d1
  3835   1597.917  +0.913729  +1.240582  0.000  0.662  0.502  P  d1
  3836   1598.333  -1.283295  +0.932208  0.000  0.662  0.502  P  d1
  3837   1598.750  -0.906204  -1.251718  0.000  0.662  0.502  P  d1
  3838   1599.167  +1.270685  -0.928291  0.000  0.662  0.502  P  d1
  3839   1599.583  +0.932035  +1.247148  0.000  0.662  0.502  P  d1
  3840   1600.000  -1.290678  +0.922768  0.000  0.662  0.502  P  d1
  3841   1600.417  -0.910841  -1.236592  0.000  0.662  0.502  P  d1
  3842   1600.833  +1.282118  -0.925404  0.000  0.662  0.502  P  d1
  3843   1601.250  +0.917206  +1.240519  0.000  0.662  0.502  P  d1
  3844   1601.667  -1.286379  +0.926264  0.000  0.662  0.502  P  d1
  3845   1602.083  -0.916413  -1.225971  0.000  0.662  0.502  P  d1
  3846   1602.500  +1.275684  -0.943352  0.000  0.619  0.502  P  d1
  3847   1602.917  +0.912338  +1.238575  0.000  0.619  0.502  P  d1
  3848   1603.333  -1.264023  +0.926387  0.000  0.619  0.502  P  d1
  3849   1603.750  -0.921599  -1.230164  0.000  0.619  0.502  P  d1
  3850   1604.167  +1.267205  -0.932030  0.000  0.619  0.502  P  d1
  3851   1604.583  +0.936137  +1.235146  0.000  0.619  0.502  P  d1
  3852   1605.000  -1.292308  +0.932032  0.000  0.619  0.502  P  d1
  3853   1605.417  -0.918358  -1.232182  0.000  0.619  0.502  P  d1
  3854   1605.833  +1.285509  -0.946175  0.000  0.619  0.502  P  d1
  3855   1606.250  +0.920186  +1.247716  0.000  0.619  0.502  P  d1
  3856   1606.667  -1.281563  +0.930217  0.000  0.619  0.502  P  d1
  3857   1607.083  -0.918538  -1.227988  0.000  0.619  0.502  P  d1
  3858   1607.500  +1.277526  -0.940225  0.000  0.605  0.502  P  d1
  3859   1607.917  +0.910086  +1.237880  0.000  0.605  0.502  P  d1
  3860   1608.333  -1.262493  +0.927094  0.000  0.605  0.502  P  d1
  3861   1608.750  -0.923669  -1.225981  0.000  0.605  0.502  P  d1
  3862   1609.167  +1.263687  -0.934730  0.000  0.605  0.502  P  d1
  3863   1609.583  +0.937187  +1.228452  0.000  0.605  0.502  P  d1
  3864   1610.000  -1.290161  +0.937943  0.000  0.605  0.502  P  d1
  3865   1610.417  -0.918247  -1.234249  0.000  0.605  0.502  P  d1
  3866   1610.833  +1.282860  -0.944628  0.000  0.605  0.502  P  d1
  3867   1611.250  +0.922620  +1.244023  0.000  0.605  0.502  P  d1
  3868   1611.667  -1.280668  +0.932157  0.000  0.605  0.502  P  d1
  3869   1612.083  -0.921270  -1.228493  0.000  0.605  0.502  P  d1
  3870   1612.500  +1.278684  -0.942269  0.000  0.587  0.502  P  d1
  3871   1612.917  +0.922046  +1.237278  0.000  0.587  0.502  P  d1
  3872   1613.333  -1.271173  +0.939623  0.000  0.587  0.502  P  d1
  3873   1613.750  -0.933098  -1.228582  0.000  0.587  0.502  P  d1
  3874   1614.167  +1.269862  -0.945794  0.000  0.587  0.502  P  d1
  3875   1614.583  +0.938514  +1.235964  0.000  0.587  0.502  P  d1
  3876   1615.000  -1.290837  +0.940088  0.000  0.587  0.502  P  d1
  3877   1615.417  -0.925080  -1.245236  0.000  0.587  0.502  P  d1
  3878   1615.833  +1.290951  -0.938778  0.000  0.587  0.502  P  d1
  3879   1616.250  +0.922682  +1.242822  0.000  0.587  0.502  P  d1
  3880   1616.667  -1.280808  +0.933273  0.000  0.587  0.502  P  d1
  3881   1617.083  -0.920829  -1.227158  0.000  0.587  0.502  P  d1
  3882   1617.500  +1.276583  -0.942349  0.000  0.562  0.502  P  d1
  3883   1617.917  +0.921639  +1.235689  0.000  0.562  0.502  P  d1
  3884   1618.333  -1.267746  +0.940744  0.000  0.562  0.502  P  d1
  3885   1618.750  -0.936022  -1.226868  0.000  0.562  0.502  P  d1
  3886   1619.167  +1.268491  -0.947975  0.000  0.562  0.502  P  d1
  3887   1619.583  +0.940783  +1.234436  0.000  0.562  0.502  P  d1
  3888   1620.000  -1.290079  +0.943017  0.000  0.562  0.502  P  d1
  3889   1620.417  -0.928325  -1.245629  0.000  0.562  0.502  P  d1
  3890   1620.833  +1.293098  -0.940979  0.000  0.562  0.502  P  d1
  3891   1621.250  +0.922543  +1.241103  0.000  0.562  0.502  P  d1
  3892   1621.667  -1.274950  +0.939183  0.000  0.562  0.502  P  d1
  3893   1622.083  -0.928022  -1.226112  0.000  0.562  0.502  P  d1
  3894   1622.500  +1.273254  -0.947148  0.000  0.542  0.502  P  d1
  3895   1622.917  +0.927413  +1.237054  0.000  0.542  0.502  P  d1
  3896   1623.333  -1.269676  +0.939487  0.000  0.542  0.502  P  d1
  3897   1623.750  -0.934395  -1.225317  0.000  0.542  0.502  P  d1
  3898   1624.167  +1.265360  -0.949447  0.000  0.542  0.502  P  d1
  3899   1624.583  +0.941493  +1.230001  0.000  0.542  0.502  P  d1
  3900   1625.000  -1.279964  +0.949328  0.000  0.542  0.502  P  d1
  3901   1625.417  -0.937176  -1.240776  0.000  0.542  0.502  P  d1
  3902   1625.833  +1.287340  -0.944227  0.000  0.542  0.502  P  d1
  3903   1626.250  +0.930381  +1.231186  0.000  0.542  0.502  P  d1
  3904   1626.667  -1.278076  +0.949369  0.000  0.542  0.502  P  d1
  3905   1627.083  -0.924995  -1.230225  0.000  0.542  0.502  P  d1
  3906   1627.500  +1.270853  -0.945078  0.000  0.514  0.502  P  d1
  3907   1627.917  +0.929147  +1.235642  0.000  0.514  0.502  P  d1
  3908   1628.333  -1.271484  +0.940091  0.000  0.514  0.502  P  d1
  3909   1628.750  -0.933468  -1.224553  0.000  0.514  0.502  P  d1
  3910   1629.167  +1.263519  -0.953068  0.000  0.514  0.502  P  d1
  3911   1629.583  +0.944599  +1.230603  0.000  0.514  0.502  P  d1
  3912   1630.000  -1.280396  +0.948898  0.000  0.514  0.502  P  d1
  3913   1630.417  -0.924296  -1.231832  0.000  0.514  0.502  P  d1
  3914   1630.833  +1.265237  -0.942414  0.000  0.514  0.502  P  d1
  3915   1631.250  +0.927393  +1.220534  0.000  0.514  0.502  P  d1
  3916   1631.667  -1.261456  +0.949251  0.000  0.514  0.502  P  d1
  3917   1632.083  -0.933395  -1.229438  0.000  0.514  0.502  P  d1
  3918   1632.500  +1.276874  -0.944539  0.000  0.017  0.502  T  d1
  3919   1632.917  +0.925908  +1.235762  0.000  0.017  0.502  T  d1
  3920   1633.333  -1.268439  +0.940618  0.000  0.017  0.502  T  d1
  3921   1633.750  -0.934650  -1.221881  0.000  0.017  0.502  T  d1
  3922   1634.167  +1.257449  -0.946693  0.000  0.017  0.502  T  d1
  3923   1634.583  +0.943942  +1.213240  0.000  0.017  0.502  T  d1
  3924   1635.000  -1.266408  +0.952138  0.000  0.017  0.502  T  d1
  3925   1635.417  -0.935250  -1.219804  0.000  0.017  0.502  T  d1
  3926   1635.833  +1.266702  -0.948772  0.000  0.017  0.502  T  d1
  3927   1636.250  +0.929852  +1.219367  0.000  0.017  0.502  T  d1
  3928   1636.667  -1.261161  +0.950879  0.000  0.017  0.502  T  d1
  3929   1637.083  -0.932230  -1.223513  0.000  0.017  0.502  T  d1
  3930   1637.500  +1.266183  -0.949304  0.000  0.015  0.502  T  d1
  3931   1637.917  +0.923291  +1.225489  0.000  0.015  0.502  T  d1
  3932   1638.333  -1.247090  +0.948296  0.000  0.015  0.502  T  d1
  3933   1638.750  -0.942042  -1.218640  0.000  0.015  0.502  T  d1
  3934   1639.167  +1.248926  -0.951806  0.000  0.015  0.502  T  d1
  3935   1639.583  +0.954940  +1.215454  0.000  0.015  0.502  T  d1
  3936   1640.000  -1.270339  +0.966694  0.000  0.015  0.502  T  d1
  3937   1640.417  -0.947557  -1.230645  0.000  0.015  0.502  T  d1
  3938   1640.833  +1.269629  -0.964656  0.000  0.015  0.502  T  d1
  3939   1641.250  +0.939052  +1.233650  0.000  0.015  0.502  T  d1
  3940   1641.667  -1.259377  +0.943912  0.000  0.015  0.502  T  d1
  3941   1642.083  -0.934607  -1.213691  0.000  0.015  0.502  T  d1
  3942   1642.500  +1.261637  -0.958244  0.000  0.002  0.502  T  d1
  3943   1642.917  +0.935522  +1.232622  0.000  0.002  0.502  T  d1
  3944   1643.333  -1.257387  +0.947256  0.000  0.002  0.502  T  d1
  3945   1643.750  -0.946638  -1.215412  0.000  0.002  0.502  T  d1
  3946   1644.167  +1.256282  -0.958716  0.000  0.002  0.502  T  d1
  3947   1644.583  +0.951385  +1.216890  0.000  0.002  0.502  T  d1
  3948   1645.000  -1.267009  +0.966806  0.000  0.002  0.502  T  d1
  3949   1645.417  -0.949275  -1.229538  0.000  0.002  0.502  T  d1
  3950   1645.833  +1.270504  -0.964711  0.000  0.002  0.502  T  d1
  3951   1646.250  +0.938848  +1.233228  0.000  0.002  0.502  T  d1
  3952   1646.667  -1.258357  +0.946719  0.000  0.002  0.502  T  d1
  3953   1647.083  -0.936753  -1.212976  0.000  0.002  0.502  T  d1
  3954   1647.500  +1.252760  -0.959703  0.000  0.004  0.502  T  d1
  3955   1647.917  +0.942102  +1.222495  0.000  0.004  0.502  T  d1
  3956   1648.333  -1.249007  +0.950035  0.000  0.004  0.502  T  d1
  3957   1648.750  -0.947386  -1.205817  0.000  0.004  0.502  T  d1
  3958   1649.167  +1.248830  -0.964251  0.000  0.004  0.502  T  d1
  3959   1649.583  +0.955107  +1.219092  0.000  0.004  0.502  T  d1
  3960   1650.000  -1.268442  +0.965127  0.000  0.004  0.502  T  d1
  3961   1650.417  -0.947076  -1.229895  0.000  0.004  0.502  T  d1
  3962   1650.833  +1.268224  -0.963740  0.000  0.004  0.502  T  d1
  3963   1651.250  +0.943159  +1.229825  0.000  0.004  0.502  T  d1
  3964   1651.667  -1.260577  +0.963746  0.000  0.004  0.502  T  d1
  3965   1652.083  -0.928301  -1.222105  0.000  0.004  0.502  T  d1
  3966   1652.500  +1.228538  -0.992355  0.000  0.000  0.502  T  d1
  3967   1652.917  +0.937901  +1.279352  0.000  0.000  0.502  T  d1
  3968   1653.333  -1.201179  +0.939408  0.000  0.000  0.502  T  d1
  3969   1653.750  -0.982386  -1.251891  0.000  0.000  0.502  T  d1
  3970   1654.167  +1.233202  -0.956469  0.000  0.000  0.502  T  d1
  3971   1654.583  +0.960485  +1.261125  0.000  0.000  0.502  T  d1
  3972   1655.000  -1.210254  +0.950175  0.000  0.000  0.502  T  d1
  3973   1655.417  -0.970592  -1.247294  0.000  0.000  0.502  T  d1
  3974   1655.833  +1.202675  -0.963604  0.000  0.000  0.502  T  d1
  3975   1656.250  +0.982201  +1.264857  0.000  0.000  0.502  T  d1
  3976   1656.667  -1.221341  +0.933951  0.000  0.000  0.502  T  d1
  3977   1657.083  -0.957678  -1.243581  0.000  0.000  0.502  T  d1
  3978   1657.500  +1.214466  -0.940003  0.000  0.000  0.502  T  d1
  3979   1657.917  +0.953554  +1.253906  0.000  0.000  0.502  T  d1
  3980   1658.333  -1.215008  +0.935161  0.000  0.000  0.502  T  d1
  3981   1658.750  -0.961582  -1.248578  0.000  0.000  0.502  T  d1
  3982   1659.167  +1.213068  -0.955658  0.000  0.000  0.502  T  d1
  3983   1659.583  +0.975653  +1.253672  0.000  0.000  0.502  T  d1
  3984   1660.000  -1.214489  +0.958168  0.000  0.000  0.502  T  d1
  3985   1660.417  -0.963556  -1.245207  0.000  0.000  0.502  T  d1
  3986   1660.833  +1.200407  -0.950527  0.000  0.000  0.502  T  d1
  3987   1661.250  +0.963549  +1.242424  0.000  0.000  0.502  T  d1
  3988   1661.667  -1.210326  +0.948659  0.000  0.000  0.502  T  d1
  3989   1662.083  -0.979631  -1.246658  0.000  0.000  0.502  T  d1
  3990   1662.500  +1.243209  -0.954119  0.000  0.000  0.502  T  d1
  3991   1662.917  +0.963747  +1.235704  0.000  0.000  0.502  T  d1
  3992   1663.333  -1.236339  +0.961109  0.000  0.000  0.502  T  d1
  3993   1663.750  -0.952119  -1.231639  0.000  0.000  0.502  T  d1
  3994   1664.167  +1.229058  -0.950038  0.000  0.000  0.502  T  d1
  3995   1664.583  +0.949012  +1.227520  0.000  0.000  0.502  T  d1
  3996   1665.000  -1.229670  +0.949649  0.000  0.000  0.502  T  d1
  3997   1665.417  -0.956981  -1.228059  0.000  0.000  0.502  T  d1
  3998   1665.833  +1.240654  -0.953612  0.000  0.000  0.502  T  d1
  3999   1666.250  +0.952360  +1.224976  0.000  0.000  0.502  T  d1
  4000   1666.667  -1.231460  +0.972768  0.000  0.000  0.502  T  d1
  4001   1667.083  -0.970215  -1.235087  0.000  0.000  0.502  T  d1
  4002   1667.500  +1.233744  -0.976280  0.000  0.182  0.502  P  d1
  4003   1667.917  +0.968004  +1.232388  0.000  0.182  0.502  P  d1
  4004   1668.333  -1.222944  +0.968562  0.000  0.182  0.502  P  d1
  4005   1668.750  -0.965872  -1.223519  0.000  0.182  0.502  P  d1
  4006   1669.167  +1.223820  -0.966529  0.000  0.182  0.502  P  d1
  4007   1669.583  +0.961644  +1.232239  0.000  0.182  0.502  P  d1
  4008   1670.000  -1.226444  +0.962432  0.000  0.182  0.502  P  d1
  4009   1670.417  -0.972896  -1.246701  0.000  0.182  0.502  P  d1
  4010   1670.833  +1.250343  -0.942000  0.000  0.182  0.502  P  d1
  4011   1671.250  +0.950919  +1.219706  0.000  0.182  0.502  P  d1
  4012   1671.667  -1.227460  +0.973040  0.000  0.182  0.502  P  d1
  4013   1672.083  -0.971593  -1.233348  0.000  0.182  0.502  P  d1
  4014   1672.500  +1.232848  -0.973414  0.000  0.334  0.502  P  d1
  4015   1672.917  +0.967442  +1.230431  0.000  0.334  0.502  P  d1
  4016   1673.333  -1.223641  +0.970495  0.000  0.334  0.502  P  d1
  4017   1673.750  -0.966381  -1.225570  0.000  0.334  0.502  P  d1
  4018   1674.167  +1.223554  -0.965063  0.000  0.334  0.502  P  d1
  4019   1674.583  +0.959673  +1.226842  0.000  0.334  0.502  P  d1
  4020   1675.000  -1.221014  +0.966356  0.000  0.334  0.502  P  d1
  4021   1675.417  -0.973557  -1.245970  0.000  0.334  0.502  P  d1
  4022   1675.833  +1.245889  -0.942217  0.000  0.334  0.502  P  d1
  4023   1676.250  +0.953486  +1.218169  0.000  0.334  0.502  P  d1
  4024   1676.667  -1.227352  +0.972562  0.000  0.334  0.506  P  d1
  4025   1677.083  -0.971710  -1.232048  0.000  0.334  0.506  P  d1
  4026   1677.500  +1.232224  -0.974290  0.000  0.409  0.506  P  d1
  4027   1677.917  +0.968970  +1.228046  0.000  0.409  0.506  P  d1
  4028   1678.333  -1.218349  +0.972794  0.000  0.409  0.506  P  d1
  4029   1678.750  -0.973102  -1.217677  0.000  0.409  0.506  P  d1
  4030   1679.167  +1.223498  -0.972916  0.000  0.409  0.506  P  d1
  4031   1679.583  +0.959916  +1.228286  0.000  0.409  0.506  P  d1
  4032   1680.000  -1.219548  +0.967984  0.000  0.409  0.506  P  d1
  4033   1680.417  -0.978376  -1.245403  0.000  0.409  0.506  P  d1
  4034   1680.833  +1.248297  -0.945043  0.000  0.409  0.506  P  d1
  4035   1681.250  +0.951768  +1.217934  0.000  0.409  0.506  P  d1
  4036   1681.667  -1.226296  +0.971856  0.000  0.409  0.506  P  d1
  4037   1682.083  -0.972141  -1.233204  0.000  0.409  0.506  P  d1
  4038   1682.500  +1.232904  -0.975814  0.000  0.457  0.506  P  d1
  4039   1682.917  +0.972330  +1.227694  0.000  0.457  0.506  P  d1
  4040   1683.333  -1.215766  +0.978373  0.000  0.457  0.506  P  d1
  4041   1683.750  -0.982315  -1.226553  0.000  0.457  0.506  P  d1
  4042   1684.167  +1.233116  -0.970606  0.000  0.457  0.506  P  d1
  4043   1684.583  +0.963586  +1.228064  0.000  0.457  0.506  P  d1
  4044   1685.000  -1.218516  +0.971340  0.000  0.457  0.506  P  d1
  4045   1685.417  -0.978605  -1.238234  0.000  0.457  0.506  P  d1
  4046   1685.833  +1.243115  -0.943415  0.000  0.457  0.506  P  d1
  4047   1686.250  +0.957870  +1.210851  0.000  0.457  0.506  P  d1
  4048   1686.667  -1.228194  +0.992274  0.000  0.457  0.506  P  d1
  4049   1687.083  -0.982296  -1.231718  0.000  0.457  0.506  P  d1
  4050   1687.500  +1.218775  -0.977631  0.000  0.527  0.506  P  d1
  4051   1687.917  +0.970834  +1.224872  0.000  0.527  0.506  P  d1
  4052   1688.333  -1.227633  +0.971507  0.000  0.527  0.506  P  d1
  4053   1688.750  -0.986627  -1.235254  0.000  0.527  0.506  P  d1
  4054   1689.167  +1.225514  -0.989291  0.000  0.527  0.506  P  d1
  4055   1689.583  +0.973982  +1.199719  0.000  0.527  0.506  P  d1
  4056   1690.000  -1.208766  +0.956551  0.000  0.527  0.519  P  d1
  4057   1690.417  -0.945520  -1.266674  0.000  0.527  0.519  P  d1
  4058   1690.833  +1.255167  -0.953519  0.000  0.527  0.519  P  d1
  4059   1691.250  +1.031906  +1.189771  0.016  0.527  0.519  P  d1
  4060   1691.667  -1.111158  +1.021481  0.016  0.527  0.519  P  d1
  4061   1692.083  -0.215550  -0.934919  0.016  0.527  0.519  P  d2
  4062   1692.500  -0.231456  +0.391590  0.016  0.580  0.519  P  d1
  4063   1692.917  -0.729976  -0.543173  0.016  0.580  0.519  P  d1
  4064   1693.333  +1.266036  -1.269496  0.016  0.580  0.519  P  d1
  4065   1693.750  +0.939125  +1.440051  0.016  0.580  0.519  P  d1
  4066   1694.167  -1.178270  +0.885587  0.016  0.580  0.519  P  d1
  4067   1694.583  -0.993830  -1.114869  0.031  0.580  0.519  P  d1
  4068   1695.000  +1.228569  -1.016166  0.031  0.580  0.519  P  d1
  4069   1695.417  +0.964772  +1.297021  0.031  0.580  0.519  P  d1
  4070   1695.833  -1.240892  +0.948849  0.031  0.580  0.519  P  d1
  4071   1696.250  -0.976042  -1.196102  0.031  0.580  0.519  P  d1
  4072   1696.667  +1.190511  -0.994280  0.031  0.580  0.532  P  d1
  4073   1697.083  +0.988927  +1.227184  0.031  0.580  0.532  P  d1
  4074   1697.500  -1.230244  +0.974183  0.031  0.609  0.532  P  d1
  4075   1697.917  -0.988561  -1.228297  0.031  0.609  0.532  P  d1
  4076   1698.333  +1.201917  -0.984173  0.031  0.609  0.532  P  d1
  4077   1698.750  +0.988603  +1.199883  0.031  0.609  0.532  P  d1
  4078   1699.167  -1.228431  +0.970102  0.031  0.609  0.532  P  d1
  4079   1699.583  -0.977200  -1.232419  0.031  0.609  0.532  P  d1
  4080   1700.000  +1.227657  -0.998777  0.031  0.609  0.532  P  d1
  4081   1700.417  +0.981149  +1.214941  0.031  0.609  0.532  P  d1
  4082   1700.833  -1.197886  +0.985212  0.031  0.609  0.532  P  d1
  4083   1701.250  -0.990495  -1.236444  0.047  0.609  0.532  P  d1
  4084   1701.667  +1.264685  -0.944819  0.047  0.609  0.532  P  d1
  4085   1702.083  +1.038432  +1.066342  0.047  0.609  0.532  P  d1
  4086   1702.500  -0.585112  +0.804064  0.047  0.629  0.532  P  d1
  4087   1702.917  -1.091001  -0.091863  0.047  0.629  0.532  P  d2
  4088   1703.333  +0.392275  -0.070021  0.047  0.629  0.545  P  d2
  4089   1703.750  -1.259774  -0.512015  0.047  0.629  0.545  P  d1
  4090   1704.167  +0.947880  -0.919959  0.047  0.629  0.545  P  d0
  4091   1704.583  +0.770981  -0.545573  0.047  0.629  0.545  P  d1
  4092   1705.000  +1.688234  +2.393033  0.047  0.629  0.545  P  d2
  4093   1705.417  -3.721183  -0.745505  0.047  0.629  0.545  P  d2
  4094   1705.833  +1.937586  +0.010799  0.047  0.629  0.545  P  d2
  4095   1706.250  -0.828197  +0.586913  0.047  0.629  0.545  P  d1
  4096   1706.667  -0.551546  -3.275937  0.047  0.629  0.545  P  d2
  4097   1707.083  +2.648353  +2.062185  0.047  0.629  0.545  P  d1
  4098   1707.500  -0.468248  +0.543959  0.047  0.661  0.545  P  d0
  4099   1707.917  -0.952817  +0.808074  0.062  0.661  0.545  P  d1
  4100   1708.333  -0.010342  -0.849056  0.062  0.661  0.545  P  d2
  4101   1708.750  -0.167163  +1.054420  0.062  0.661  0.545  P  d2
  4102   1709.167  +0.484650  -1.586240  0.062  0.661  0.545  P  d3
  4103   1709.583  -2.187163  +0.807562  0.062  0.661  0.545  P  d2
  4104   1710.000  +2.302318  +0.099777  0.062  0.661  0.558  P  d2
  4105   1710.417  -2.159903  -0.945292  0.062  0.661  0.558  P  d2
  4106   1710.833  +1.595914  -0.375294  0.062  0.661  0.558  P  d3
  4107   1711.250  +0.322855  -0.797276  0.062  0.661  0.558  P  d1
  4108   1711.667  +2.060913  +2.628969  0.062  0.661  0.558  P  d2
  4109   1712.083  -4.040905  -0.772058  0.062  0.661  0.558  P  d2
  4110   1712.500  +2.132539  +0.079970  0.062  0.687  0.558  P  d2
  4111   1712.917  -1.049558  +0.592910  0.062  0.687  0.558  P  d1
  4112   1713.333  -0.456160  -3.358182  0.062  0.687  0.558  P  d2
  4113   1713.750  +2.591420  +2.162964  0.062  0.687  0.558  P  d1
  4114   1714.167  -0.474066  +0.470471  0.062  0.687  0.558  P  d0
  4115   1714.583  -0.963542  +0.829419  0.078  0.687  0.558  P  d1
  4116   1715.000  -0.020587  -0.850456  0.078  0.687  0.558  P  d2
  4117   1715.417  -0.181527  +1.053486  0.078  0.687  0.558  P  d2
  4118   1715.833  +0.466372  -1.664492  0.078  0.687  0.558  P  d3
  4119   1716.250  -2.163718  +0.845121  0.078  0.687  0.558  P  d2
  4120   1716.667  +2.317043  +0.070694  0.078  0.687  0.571  P  d2
  4121   1717.083  -2.156356  -0.966637  0.078  0.687  0.571  P  d2
  4122   1717.500  +1.647335  -0.348478  0.078  0.701  0.571  P  d3
  4123   1717.917  +0.305004  -0.809820  0.062  0.701  0.571  P  d1
  4124   1718.333  +2.083694  +2.685611  0.062  0.701  0.571  P  d2
  4125   1718.750  -4.081761  -0.795349  0.062  0.701  0.571  P  d2
  4126   1719.167  +2.146740  +0.096689  0.062  0.701  0.571  P  d2
  4127   1719.583  -1.043540  +0.576138  0.062  0.701  0.571  P  d1
  4128   1720.000  -0.466301  -3.355899  0.062  0.701  0.571  P  d2
  4129   1720.417  +2.588869  +2.178354  0.062  0.701  0.571  P  d1
  4130   1720.833  -0.493203  +0.506014  0.062  0.701  0.571  P  d0
  4131   1721.250  -0.959637  +0.759811  0.062  0.701  0.571  P  d1
  4132   1721.667  -0.043095  -0.860084  0.062  0.701  0.571  P  d2
  4133   1722.083  -0.105060  +1.057802  0.062  0.701  0.571  P  d2
  4134   1722.500  +0.429696  -1.600743  0.062  0.713  0.571  P  d3
  4135   1722.917  -2.167440  +0.814544  0.062  0.713  0.571  P  d2
  4136   1723.333  +2.296788  +0.067276  0.062  0.713  0.579  P  d2
  4137   1723.750  -2.160014  -0.967420  0.062  0.713  0.579  P  d2
  4138   1724.167  +1.676659  -0.376018  0.062  0.713  0.579  P  d3
  4139   1724.583  +0.285215  -0.789775  0.062  0.713  0.579  P  d1
  4140   1725.000  +2.109070  +2.671866  0.062  0.713  0.579  P  d2
  4141   1725.417  -4.087164  -0.774548  0.062  0.713  0.579  P  d2
  4142   1725.833  +2.152664  +0.095409  0.062  0.713  0.579  P  d2
  4143   1726.250  -1.054145  +0.597945  0.062  0.713  0.579  P  d1
  4144   1726.667  -0.501770  -3.378937  0.062  0.713  0.579  P  d2
  4145   1727.083  +2.633412  +2.167943  0.062  0.713  0.579  P  d1
  4146   1727.500  -0.508144  +0.475941  0.062  0.730  0.579  P  d0
  4147   1727.917  -0.938038  +0.826477  0.062  0.730  0.579  P  d1
  4148   1728.333  -0.049302  -0.875180  0.062  0.730  0.579  P  d2
  4149   1728.750  -0.138911  +1.082443  0.062  0.730  0.579  P  d2
  4150   1729.167  +0.435121  -1.668382  0.062  0.730  0.579  P  d3
  4151   1729.583  -2.165106  +0.824102  0.062  0.730  0.579  P  d2
  4152   1730.000  +2.317208  +0.097390  0.062  0.730  0.588  P  d2
  4153   1730.417  -2.167453  -1.010357  0.062  0.730  0.588  P  d2
  4154   1730.833  +1.704009  -0.324129  0.062  0.730  0.588  P  d3
  4155   1731.250  +0.274010  -0.802440  0.062  0.730  0.588  P  d1
  4156   1731.667  +2.094376  +2.680754  0.062  0.730  0.588  P  d2
  4157   1732.083  -4.101609  -0.760597  0.062  0.730  0.588  P  d2
  4158   1732.500  +2.135388  +0.051153  0.062  0.741  0.588  P  d2
  4159   1732.917  -1.023146  +0.597299  0.062  0.741  0.588  P  d1
  4160   1733.333  -0.488938  -3.354843  0.062  0.741  0.588  P  d2
  4161   1733.750  +2.608634  +2.154401  0.062  0.741  0.588  P  d1
  4162   1734.167  -0.484745  +0.473580  0.062  0.741  0.588  P  d0
  4163   1734.583  -0.957255  +0.830322  0.062  0.741  0.588  P  d1
  4164   1735.000  -0.025920  -0.857681  0.062  0.741  0.588  P  d2
  4165   1735.417  -0.168336  +1.059429  0.062  0.741  0.588  P  d2
  4166   1735.833  +0.449399  -1.665465  0.062  0.741  0.588  P  d3
  4167   1736.250  -2.152373  +0.848575  0.062  0.741  0.588  P  d2
  4168   1736.667  +2.312067  +0.058486  0.062  0.741  0.588  P  d2
  4169   1737.083  -2.152670  -0.955649  0.062  0.741  0.588  P  d2
  4170   1737.500  +1.650304  -0.338165  0.062  0.749  0.588  P  d3
  4171   1737.917  +0.274875  -0.825358  0.062  0.749  0.588  P  d1
  4172   1738.333  +2.116587  +2.660300  0.062  0.749  0.588  P  d2
  4173   1738.750  -4.081744  -0.734123  0.062  0.749  0.588  P  d2
  4174   1739.167  +2.119564  +0.018847  0.062  0.749  0.588  P  d2
  4175   1739.583  -0.987312  +0.634717  0.062  0.749  0.588  P  d1
  4176   1740.000  -0.518723  -3.349139  0.062  0.749  0.588  P  d2
  4177   1740.417  +2.593145  +2.154862  0.062  0.749  0.588  P  d1
  4178   1740.833  -0.497763  +0.477402  0.062  0.749  0.588  P  d0
  4179   1741.250  -0.916627  +0.776454  0.062  0.749  0.588  P  d1
  4180   1741.667  -0.045378  -0.819741  0.062  0.749  0.588  P  d2
  4181   1742.083  -0.144839  +1.034691  0.062  0.749  0.588  P  d2
  4182   1742.500  +0.438586  -1.608809  0.062  0.752  0.588  P  d3
  4183   1742.917  -2.155600  +0.818814  0.062  0.752  0.588  P  d2
  4184   1743.333  +2.298040  +0.072524  0.062  0.752  0.588  P  d2
  4185   1743.750  -2.167546  -0.968341  0.062  0.752  0.588  P  d2
  4186   1744.167  +1.666682  -0.358276  0.062  0.752  0.588  P  d3
  4187   1744.583  +0.279928  -0.833462  0.062  0.752  0.588  P  d1
  4188   1745.000  +2.137729  +2.679178  0.062  0.752  0.588  P  d2
  4189   1745.417  -4.095959  -0.744689  0.062  0.752  0.588  P  d2
  4190   1745.833  +2.146081  +0.067581  0.062  0.752  0.588  P  d2
  4191   1746.250  -1.032518  +0.628240  0.062  0.752  0.588  P  d1
  4192   1746.667  -0.546296  -3.390585  0.062  0.752  0.588  P  d2
  4193   1747.083  +2.646217  +2.151022  0.062  0.752  0.588  P  d1
  4194   1747.500  -0.473910  +0.475909  0.062  0.770  0.588  P  d0
  4195   1747.917  -0.960971  +0.841681  0.062  0.770  0.588  P  d1
  4196   1748.333  -0.052300  -0.872345  0.062  0.770  0.588  P  d2
  4197   1748.750  -0.143987  +1.068479  0.062  0.770  0.588  P  d2
  4198   1749.167  +0.430344  -1.686807  0.062  0.770  0.588  P  d3
  4199   1749.583  -2.123544  +0.845442  0.062  0.770  0.588  P  d2
  4200   1750.000  +2.325811  +0.085094  0.062  0.770  0.588  P  d2
  4201   1750.417  -2.164897  -0.932844  0.062  0.770  0.588  P  d2
  4202   1750.833  +1.603370  -0.368746  0.062  0.770  0.588  P  d3
  4203   1751.250  +0.313675  -0.822958  0.062  0.770  0.588  P  d1
  4204   1751.667  +2.114332  +2.654153  0.062  0.770  0.588  P  d2
  4205   1752.083  -4.083330  -0.727434  0.062  0.770  0.588  P  d2
  4206   1752.500  +2.130565  +0.037418  0.062  0.801  0.588  P  d2
  4207   1752.917  -1.004127  +0.638006  0.062  0.801  0.588  P  d1
  4208   1753.333  -0.577551  -3.364795  0.062  0.801  0.588  P  d2
  4209   1753.750  +2.653689  +2.109916  0.062  0.801  0.588  P  d1
  4210   1754.167  -0.472061  +0.474944  0.062  0.801  0.588  P  d0
  4211   1754.583  -0.930740  +0.844432  0.062  0.801  0.588  P  d1
  4212   1755.000  -0.054639  -0.851021  0.062  0.801  0.588  P  d2
  4213   1755.417  -0.157014  +1.060153  0.062  0.801  0.588  P  d2
  4214   1755.833  +0.450193  -1.675748  0.062  0.801  0.588  P  d3
  4215   1756.250  -2.132631  +0.863932  0.062  0.801  0.588  P  d2
  4216   1756.667  +2.289877  +0.086987  0.062  0.801  0.588  P  d2
  4217   1757.083  -2.158023  -0.960813  0.062  0.801  0.588  P  d2
  4218   1757.500  +1.602206  -0.365134  0.062  0.814  0.588  P  d3
  4219   1757.917  +0.323478  -0.831775  0.062  0.814  0.588  P  d1
  4220   1758.333  +2.113268  +2.644320  0.062  0.814  0.588  P  d2
  4221   1758.750  -4.068528  -0.703842  0.062  0.814  0.588  P  d2
  4222   1759.167  +2.106126  +0.009854  0.062  0.814  0.588  P  d2
  4223   1759.583  -0.981521  +0.646270  0.062  0.814  0.588  P  d1
  4224   1760.000  -0.553519  -3.357338  0.062  0.814  0.588  P  d2
  4225   1760.417  +2.638160  +2.127247  0.062  0.814  0.588  P  d1
  4226   1760.833  -0.504122  +0.501653  0.062  0.814  0.588  P  d0
  4227   1761.250  -0.920687  +0.784147  0.062  0.814  0.588  P  d1
  4228   1761.667  -0.059230  -0.834300  0.062  0.814  0.588  P  d2
  4229   1762.083  -0.115955  +1.041447  0.062  0.814  0.588  P  d2
  4230   1762.500  +0.425652  -1.606320  0.062  0.836  0.588  P  d3
  4231   1762.917  -2.158231  +0.823568  0.062  0.836  0.588  P  d2
  4232   1763.333  +2.307819  +0.077713  0.062  0.836  0.588  P  d2
  4233   1763.750  -2.190456  -0.957646  0.062  0.836  0.588  P  d2
  4234   1764.167  +1.655388  -0.387341  0.062  0.836  0.588  P  d3
  4235   1764.583  +0.282746  -0.828504  0.062  0.836  0.588  P  d1
  4236   1765.000  +2.185980  +2.651854  0.062  0.836  0.588  P  d2
  4237   1765.417  -4.135251  -0.691792  0.062  0.836  0.588  P  d2
  4238   1765.833  +2.160713  +0.035387  0.062  0.836  0.588  P  d2
  4239   1766.250  -1.025690  +0.642543  0.062  0.836  0.588  P  d1
  4240   1766.667  -0.584247  -3.381387  0.062  0.836  0.588  P  d2
  4241   1767.083  +2.676358  +2.121659  0.062  0.836  0.588  P  d1
  4242   1767.500  -0.480584  +0.478933  0.062  0.834  0.588  P  d0
  4243   1767.917  -0.953871  +0.860271  0.062  0.834  0.588  P  d1
  4244   1768.333  -0.057021  -0.895145  0.062  0.834  0.588  P  d2
  4245   1768.750  -0.114114  +1.075860  0.062  0.834  0.588  P  d2
  4246   1769.167  +0.393317  -1.654227  0.062  0.834  0.588  P  d3
  4247   1769.583  -2.100798  +0.833699  0.062  0.834  0.588  P  d2
  4248   1770.000  +2.302926  +0.078354  0.062  0.834  0.588  P  d2
  4249   1770.417  -2.163062  -0.926306  0.062  0.834  0.588  P  d2
  4250   1770.833  +1.573961  -0.363635  0.062  0.834  0.588  P  d3
  4251   1771.250  +0.336840  -0.865546  0.062  0.834  0.588  P  d1
  4252   1771.667  +2.139059  +2.644553  0.062  0.834  0.588  P  d2
  4253   1772.083  -4.091714  -0.680320  0.062  0.834  0.588  P  d2
  4254   1772.500  +2.135753  +0.004292  0.062  0.833  0.588  P  d2
  4255   1772.917  -0.990187  +0.665717  0.062  0.833  0.588  P  d1
  4256   1773.333  -0.591528  -3.338719  0.062  0.833  0.588  P  d2
  4257   1773.750  +2.620873  +2.074130  0.062  0.833  0.588  P  d1
  4258   1774.167  -0.454948  +0.472501  0.062  0.833  0.588  P  d0
  4259   1774.583  -0.903875  +0.859008  0.062  0.833  0.588  P  d1
  4260   1775.000  -0.090862  -0.853079  0.062  0.833  0.588  P  d2
  4261   1775.417  -0.158035  +1.040376  0.062  0.833  0.588  P  d2
  4262   1775.833  +0.468185  -1.667303  0.062  0.833  0.588  P  d3
  4263   1776.250  -2.123068  +0.866106  0.062  0.833  0.588  P  d2
  4264   1776.667  +2.284566  +0.084329  0.062  0.833  0.588  P  d2
  4265   1777.083  -2.162974  -0.951447  0.062  0.833  0.588  P  d2
  4266   1777.500  +1.607780  -0.358852  0.062  0.833  0.588  P  d3
  4267   1777.917  +0.299428  -0.848971  0.062  0.833  0.588  P  d1
  4268   1778.333  +2.145969  +2.635859  0.062  0.833  0.588  P  d2
  4269   1778.750  -4.073508  -0.662695  0.062  0.833  0.588  P  d2
  4270   1779.167  +2.083967  -0.020052  0.062  0.833  0.588  P  d2
  4271   1779.583  -0.965649  +0.655549  0.062  0.833  0.588  P  d1
  4272   1780.000  -0.570209  -3.356350  0.062  0.833  0.588  P  d2
  4273   1780.417  +2.634974  +2.109223  0.062  0.833  0.588  P  d1
  4274   1780.833  -0.479563  +0.500014  0.062  0.833  0.588  P  d0
  4275   1781.250  -0.920463  +0.795280  0.062  0.833  0.588  P  d1
  4276   1781.667  -0.063771  -0.832608  0.062  0.833  0.588  P  d2
  4277   1782.083  -0.122110  +1.038910  0.062  0.833  0.588  P  d2
  4278   1782.500  +0.442390  -1.609478  0.062  0.833  0.588  P  d3
  4279   1782.917  -2.164094  +0.857835  0.062  0.833  0.588  P  d2
  4280   1783.333  +2.283979  +0.038342  0.062  0.833  0.588  P  d2
  4281   1783.750  -2.171413  -0.937106  0.062  0.833  0.588  P  d2
  4282   1784.167  +1.640208  -0.390020  0.062  0.833  0.588  P  d3
  4283   1784.583  +0.287513  -0.847114  0.062  0.833  0.588  P  d1
  4284   1785.000  +2.197534  +2.649583  0.062  0.833  0.588  P  d2
  4285   1785.417  -4.126088  -0.664100  0.062  0.833  0.588  P  d2
  4286   1785.833  +2.141908  +0.020129  0.062  0.833  0.588  P  d2
  4287   1786.250  -1.017548  +0.650445  0.062  0.833  0.588  P  d1
  4288   1786.667  -0.588138  -3.378276  0.062  0.833  0.588  P  d2
  4289   1787.083  +2.647284  +2.114997  0.062  0.833  0.588  P  d1
  4290   1787.500  -0.453098  +0.463795  0.062  0.834  0.588  P  d0
  4291   1787.917  -0.944094  +0.850978  0.062  0.834  0.588  P  d1
  4292   1788.333  -0.057392  -0.873545  0.062  0.834  0.588  P  d2
  4293   1788.750  -0.117387  +1.071431  0.062  0.834  0.588  P  d2
  4294   1789.167  +0.411044  -1.660348  0.062  0.834  0.588  P  d3
  4295   1789.583  -2.109301  +0.870030  0.062  0.834  0.588  P  d2
  4296   1790.000  +2.283754  +0.071616  0.062  0.834  0.588  P  d2
  4297   1790.417  -2.161989  -0.926533  0.062  0.834  0.588  P  d2
  4298   1790.833  +1.556291  -0.387938  0.062  0.834  0.588  P  d3
  4299   1791.250  +0.328902  -0.866387  0.062  0.834  0.588  P  d1
  4300   1791.667  +2.198265  +2.622658  0.062  0.834  0.588  P  d2
  4301   1792.083  -4.124075  -0.640498  0.062  0.834  0.588  P  d2
  4302   1792.500  +2.144754  -0.005700  0.062  0.834  0.588  P  d2
  4303   1792.917  -1.003027  +0.672803  0.062  0.834  0.588  P  d1
  4304   1793.333  -0.599842  -3.363215  0.062  0.834  0.588  P  d2
  4305   1793.750  +2.647338  +2.066862  0.062  0.834  0.588  P  d1
  4306   1794.167  -0.440304  +0.517416  0.062  0.834  0.588  P  d0
  4307   1794.583  -0.935888  +0.831955  0.062  0.834  0.588  P  d1
  4308   1795.000  -0.081522  -0.841456  0.062  0.834  0.588  P  d2
  4309   1795.417  -0.153654  +1.033685  0.062  0.834  0.588  P  d2
  4310   1795.833  +0.461603  -1.655637  0.062  0.834  0.588  P  d3
  4311   1796.250  -2.128440  +0.859691  0.062  0.834  0.588  P  d2
  4312   1796.667  +2.287276  +0.081238  0.062  0.834  0.588  P  d2
  4313   1797.083  -2.179680  -0.936355  0.062  0.834  0.588  P  d2
  4314   1797.500  +1.632125  -0.396795  0.062  0.834  0.588  P  d3
  4315   1797.917  +0.280063  -0.827866  0.062  0.834  0.588  P  d1
  4316   1798.333  +2.166664  +2.622391  0.062  0.834  0.588  P  d2
  4317   1798.750  -4.074171  -0.648042  0.062  0.834  0.588  P  d2
  4318   1799.167  +2.077534  -0.015441  0.062  0.834  0.588  P  d2
  4319   1799.583  -0.951915  +0.643341  0.062  0.834  0.588  P  d1
  4320   1800.000  -0.594638  -3.337355  0.062  0.834  0.588  P  d2
  4321   1800.417  +2.637050  +2.094384  0.062  0.834  0.588  P  d1
  4322   1800.833  -0.460198  +0.485554  0.062  0.834  0.588  P  d0
  4323   1801.250  -0.921077  +0.825009  0.062  0.834  0.588  P  d1
  4324   1801.667  -0.077045  -0.837147  0.062  0.834  0.588  P  d2
  4325   1802.083  -0.134645  +1.021836  0.062  0.834  0.588  P  d2
  4326   1802.500  +0.463673  -1.608103  0.062  0.832  0.588  P  d3
  4327   1802.917  -2.160267  +0.861722  0.062  0.832  0.588  P  d2
  4328   1803.333  +2.287337  +0.057374  0.062  0.832  0.588  P  d2
  4329   1803.750  -2.189878  -0.942539  0.062  0.832  0.588  P  d2
  4330   1804.167  +1.630234  -0.401638  0.062  0.832  0.588  P  d3
  4331   1804.583  +0.302250  -0.854400  0.062  0.832  0.588  P  d1
  4332   1805.000  +2.201224  +2.652181  0.062  0.832  0.588  P  d2
  4333   1805.417  -4.120659  -0.644953  0.062  0.832  0.588  P  d2
  4334   1805.833  +2.129492  +0.005245  0.062  0.832  0.588  P  d2
  4335   1806.250  -1.016531  +0.660150  0.062  0.832  0.588  P  d1
  4336   1806.667  -0.604605  -3.389459  0.062  0.832  0.588  P  d2
  4337   1807.083  +2.663973  +2.099292  0.062  0.832  0.588  P  d1
  4338   1807.500  -0.435595  +0.474780  0.062  0.809  0.588  P  d0
  4339   1807.917  -0.949380  +0.849409  0.062  0.809  0.588  P  d1
  4340   1808.333  -0.054857  -0.851288  0.062  0.809  0.588  P  d2
  4341   1808.750  -0.117346  +1.064921  0.062  0.809  0.588  P  d2
  4342   1809.167  +0.384252  -1.653712  0.062  0.809  0.588  P  d3
  4343   1809.583  -2.097747  +0.856029  0.062  0.809  0.588  P  d2
  4344   1810.000  +2.289131  +0.066562  0.062  0.809  0.588  P  d2
  4345   1810.417  -2.160960  -0.914210  0.062  0.809  0.588  P  d2
  4346   1810.833  +1.553362  -0.384648  0.062  0.809  0.588  P  d3
  4347   1811.250  +0.312465  -0.878437  0.062  0.809  0.588  P  d1
  4348   1811.667  +2.216227  +2.610385  0.062  0.809  0.588  P  d2
  4349   1812.083  -4.115745  -0.621038  0.062  0.809  0.588  P  d2
  4350   1812.500  +2.131618  -0.000369  0.062  0.784  0.588  P  d2
  4351   1812.917  -0.987235  +0.650480  0.062  0.784  0.588  P  d1
  4352   1813.333  -0.650289  -3.323744  0.062  0.784  0.588  P  d2
  4353   1813.750  +2.694461  +2.012548  0.062  0.784  0.588  P  d1
  4354   1814.167  -0.433847  +0.517934  0.062  0.784  0.588  P  d0
  4355   1814.583  -0.943795  +0.885072  0.062  0.784  0.588  P  d1
  4356   1815.000  -0.087544  -0.868816  0.062  0.784  0.588  P  d2
  4357   1815.417  -0.157369  +1.044260  0.062  0.784  0.588  P  d2
  4358   1815.833  +0.454073  -1.677776  0.062  0.784  0.588  P  d3
  4359   1816.250  -2.105439  +0.884592  0.062  0.784  0.588  P  d2
  4360   1816.667  +2.270978  +0.063161  0.062  0.784  0.588  P  d2
  4361   1817.083  -2.178883  -0.926102  0.062  0.784  0.588  P  d2
  4362   1817.500  +1.634213  -0.393660  0.062  0.761  0.588  P  d3
  4363   1817.917  +0.269303  -0.837140  0.062  0.761  0.588  P  d1
  4364   1818.333  +2.181623  +2.610579  0.062  0.761  0.588  P  d2
  4365   1818.750  -4.075607  -0.625227  0.062  0.761  0.588  P  d2
  4366   1819.167  +2.080918  -0.035155  0.062  0.761  0.588  P  d2
  4367   1819.583  -0.952372  +0.675483  0.062  0.761  0.588  P  d1
  4368   1820.000  -0.635187  -3.349774  0.062  0.761  0.588  P  d2
  4369   1820.417  +2.680022  +2.049996  0.062  0.761  0.588  P  d1
  4370   1820.833  -0.461849  +0.514887  0.062  0.761  0.588  P  d0
  4371   1821.250  -0.916406  +0.830267  0.062  0.761  0.588  P  d1
  4372   1821.667  -0.077778  -0.835012  0.062  0.761  0.588  P  d2
  4373   1822.083  -0.128393  +1.052155  0.062  0.761  0.588  P  d2
  4374   1822.500  +0.416845  -1.645710  0.062  0.743  0.588  P  d3
  4375   1822.917  -2.138643  +0.866725  0.062  0.743  0.588  P  d2
  4376   1823.333  +2.304908  +0.053153  0.062  0.743  0.588  P  d2
  4377   1823.750  -2.205355  -0.938606  0.062  0.743  0.588  P  d2
  4378   1824.167  +1.638852  -0.401974  0.062  0.743  0.588  P  d3
  4379   1824.583  +0.294179  -0.859898  0.062  0.743  0.588  P  d1
  4380   1825.000  +2.218658  +2.648808  0.062  0.743  0.588  P  d2
  4381   1825.417  -4.118847  -0.618346  0.062  0.743  0.588  P  d2
  4382   1825.833  +2.106270  -0.013744  0.062  0.743  0.588  P  d2
  4383   1826.250  -1.006277  +0.673758  0.062  0.743  0.588  P  d1
  4384   1826.667  -0.619585  -3.402315  0.062  0.743  0.588  P  d2
  4385   1827.083  +2.682158  +2.086188  0.062  0.743  0.588  P  d1
  4386   1827.500  -0.432043  +0.486202  0.062  0.742  0.588  P  d0
  4387   1827.917  -0.939834  +0.868207  0.062  0.742  0.588  P  d1
  4388   1828.333  -0.092163  -0.861677  0.062  0.742  0.588  P  d2
  4389   1828.750  -0.101649  +1.045488  0.062  0.742  0.588  P  d2
  4390   1829.167  +0.404292  -1.633139  0.062  0.742  0.588  P  d3
  4391   1829.583  -2.117782  +0.853121  0.062  0.742  0.588  P  d2
  4392   1830.000  +2.286599  +0.061374  0.062  0.742  0.588  P  d2
  4393   1830.417  -2.148709  -0.912807  0.062  0.742  0.588  P  d2
  4394   1830.833  +1.546299  -0.388520  0.062  0.742  0.588  P  d3
  4395   1831.250  +0.316273  -0.875824  0.062  0.742  0.588  P  d1
  4396   1831.667  +2.221440  +2.605540  0.062  0.742  0.588  P  d2
  4397   1832.083  -4.115594  -0.591560  0.062  0.742  0.588  P  d2
  4398   1832.500  +2.114500  -0.034736  0.062  0.740  0.588  P  d2
  4399   1832.917  -0.973995  +0.670637  0.062  0.740  0.588  P  d1
  4400   1833.333  -0.655531  -3.329237  0.062  0.740  0.588  P  d2
  4401   1833.750  +2.684211  +2.009338  0.062  0.740  0.588  P  d1
  4402   1834.167  -0.432217  +0.504928  0.062  0.740  0.588  P  d0
  4403   1834.583  -0.919916  +0.889943  0.062  0.740  0.588  P  d1
  4404   1835.000  -0.096923  -0.872905  0.062  0.740  0.588  P  d2
  4405   1835.417  -0.127115  +1.070237  0.062  0.740  0.588  P  d2
  4406   1835.833  +0.411511  -1.672569  0.062  0.740  0.588  P  d3
  4407   1836.250  -2.126984  +0.871656  0.062  0.740  0.588  P  d2
  4408   1836.667  +2.308836  +0.041720  0.062  0.740  0.588  P  d2
  4409   1837.083  -2.182194  -0.909908  0.062  0.740  0.588  P  d2
  4410   1837.500  +1.630758  -0.383406  0.062  0.741  0.588  P  d3
  4411   1837.917  +0.255607  -0.856563  0.062  0.741  0.588  P  d1
  4412   1838.333  +2.210786  +2.599376  0.062  0.741  0.588  P  d2
  4413   1838.750  -4.092570  -0.581575  0.062  0.741  0.588  P  d2
  4414   1839.167  +2.080888  -0.060662  0.062  0.741  0.588  P  d2
  4415   1839.583  -0.946075  +0.682984  0.062  0.741  0.588  P  d1
  4416   1840.000  -0.653059  -3.348069  0.062  0.741  0.588  P  d2
  4417   1840.417  +2.675684  +2.037312  0.062  0.741  0.588  P  d1
  4418   1840.833  -0.445562  +0.509093  0.062  0.741  0.588  P  d0
  4419   1841.250  -0.916236  +0.837502  0.062  0.741  0.588  P  d1
  4420   1841.667  -0.076285  -0.846109  0.062  0.741  0.588  P  d2
  4421   1842.083  -0.103134  +1.049406  0.062  0.741  0.588  P  d2
  4422   1842.500  +0.389689  -1.607653  0.062  0.744  0.588  P  d3
  4423   1842.917  -2.137755  +0.857714  0.062  0.744  0.588  P  d2
  4424   1843.333  +2.307658  +0.021284  0.062  0.744  0.579  P  d2
  4425   1843.750  -2.189556  -0.903466  0.062  0.744  0.579  P  d2
  4426   1844.167  +1.641663  -0.385948  0.062  0.744  0.579  P  d3
  4427   1844.583  +0.222166  -0.850191  0.062  0.744  0.579  P  d1
  4428   1845.000  +2.230693  +2.546873  0.062  0.744  0.579  P  d2
  4429   1845.417  -4.056478  -0.543825  0.062  0.744  0.579  P  d2
  4430   1845.833  +2.070746  -0.044793  0.062  0.744  0.579  P  d2
  4431   1846.250  -0.960554  +0.679777  0.062  0.744  0.579  P  d1
  4432   1846.667  -0.663136  -3.350230  0.062  0.744  0.579  P  d2
  4433   1847.083  +2.678958  +2.018000  0.062  0.744  0.579  P  d1
  4434   1847.500  -0.436160  +0.526440  0.062  0.737  0.579  P  d0
  4435   1847.917  -0.912255  +0.831472  0.062  0.737  0.579  P  d1
  4436   1848.333  -0.095049  -0.839762  0.062  0.737  0.579  P  d2
  4437   1848.750  -0.106830  +1.045073  0.062  0.737  0.579  P  d2
  4438   1849.167  +0.422619  -1.639802  0.062  0.737  0.579  P  d3
  4439   1849.583  -2.146327  +0.881490  0.062  0.737  0.579  P  d2
  4440   1850.000  +2.314978  +0.049198  0.062  0.737  0.579  P  d2
  4441   1850.417  -2.188360  -0.902451  0.062  0.737  0.579  P  d2
  4442   1850.833  +1.572807  -0.411524  0.062  0.737  0.579  P  d3
  4443   1851.250  +0.295813  -0.862931  0.062  0.737  0.579  P  d1
  4444   1851.667  +2.235688  +2.585992  0.062  0.737  0.579  P  d2
  4445   1852.083  -4.106829  -0.551587  0.062  0.737  0.579  P  d2
  4446   1852.500  +2.076371  -0.074990  0.062  0.728  0.579  P  d2
  4447   1852.917  -0.933943  +0.699948  0.062  0.728  0.579  P  d1
  4448   1853.333  -0.684598  -3.347393  0.062  0.728  0.579  P  d2
  4449   1853.750  +2.682353  +1.991678  0.062  0.728  0.579  P  d1
  4450   1854.167  -0.407796  +0.518296  0.062  0.728  0.579  P  d0
  4451   1854.583  -0.915404  +0.892015  0.062  0.728  0.579  P  d1
  4452   1855.000  -0.117724  -0.879634  0.062  0.728  0.579  P  d2
  4453   1855.417  -0.112685  +1.074858  0.062  0.728  0.579  P  d2
  4454   1855.833  +0.424796  -1.688671  0.062  0.728  0.579  P  d3
  4455   1856.250  -2.140243  +0.904952  0.062  0.728  0.579  P  d2
  4456   1856.667  +2.314140  +0.038730  0.062  0.728  0.579  P  d2
  4457   1857.083  -2.174765  -0.913608  0.062  0.728  0.579  P  d2
  4458   1857.500  +1.589872  -0.390111  0.062  0.723  0.579  P  d3
  4459   1857.917  +0.287075  -0.859549  0.062  0.723  0.579  P  d1
  4460   1858.333  +2.230452  +2.595528  0.062  0.723  0.579  P  d2
  4461   1858.750  -4.092985  -0.536080  0.062  0.723  0.579  P  d2
  4462   1859.167  +2.050159  -0.076858  0.062  0.723  0.579  P  d2
  4463   1859.583  -0.933604  +0.693573  0.062  0.723  0.579  P  d1
  4464   1860.000  -0.693996  -3.325639  0.062  0.723  0.579  P  d2
  4465   1860.417  +2.691399  +1.956260  0.062  0.723  0.579  P  d1
  4466   1860.833  -0.426337  +0.564403  0.062  0.723  0.579  P  d0
  4467   1861.250  -0.976135  +0.859463  0.062  0.723  0.579  P  d1
  4468   1861.667  -0.096070  -0.935798  0.062  0.723  0.579  P  d2
  4469   1862.083  -0.107606  +1.039067  0.062  0.723  0.579  P  d2
  4470   1862.500  +0.423444  -1.674353  0.062  0.720  0.579  P  d3
  4471   1862.917  -2.241747  +0.902468  0.062  0.720  0.579  P  d2
  4472   1863.333  +2.617868  -0.276037  0.062  0.720  0.579  P  d2
  4473   1863.750  -1.684589  -0.634587  0.062  0.720  0.579  P  d2
  4474   1864.167  +1.133816  +0.216201  0.062  0.720  0.579  P  d3
  4475   1864.583  -0.079683  -0.696273  0.062  0.720  0.579  P  d2
  4476   1865.000  +1.317101  +1.499186  0.062  0.720  0.579  P  d2
  4477   1865.417  -2.234492  -0.360397  0.062  0.720  0.579  P  d2
  4478   1865.833  +1.180469  +0.021867  0.062  0.720  0.579  P  d2
  4479   1866.250  -0.543349  +0.347821  0.062  0.720  0.579  P  d1
  4480   1866.667  -0.351267  -1.644283  0.062  0.720  0.579  P  d2
  4481   1867.083  +1.318155  +0.989893  0.062  0.720  0.579  P  d1
  4482   1867.500  -0.202468  +0.239636  0.062  0.704  0.579  P  d0
  4483   1867.917  -0.482641  +0.456105  0.062  0.704  0.579  P  d1
  4484   1868.333  -0.055292  -0.474060  0.062  0.704  0.579  P  d2
  4485   1868.750  -0.026238  +0.535340  0.062  0.704  0.579  P  d2
  4486   1869.167  +0.188168  -0.823417  0.062  0.704  0.579  P  d3
  4487   1869.583  -1.048803  +0.447983  0.062  0.704  0.579  P  d2
  4488   1870.000  +1.142304  +0.001575  0.062  0.704  0.579  P  d2
  4489   1870.417  -1.079506  -0.435568  0.062  0.704  0.579  P  d2
  4490   1870.833  +0.785515  -0.198528  0.062  0.704  0.579  P  d3
  4491   1871.250  +0.134777  -0.440990  0.062  0.704  0.579  P  d1
  4492   1871.667  +1.123278  +1.275618  0.062  0.704  0.579  P  d2
  4493   1872.083  -2.049755  -0.263786  0.062  0.704  0.579  P  d2
  4494   1872.500  +1.058723  -0.036976  0.062  0.683  0.579  P  d2
  4495   1872.917  -0.443873  +0.355169  0.062  0.683  0.579  P  d1
  4496   1873.333  -0.416926  -1.650739  0.062  0.683  0.579  P  d2
  4497   1873.750  +1.393846  +0.971881  0.062  0.683  0.579  P  d1
  4498   1874.167  -0.230714  +0.269605  0.062  0.683  0.579  P  d0
  4499   1874.583  -0.454603  +0.434147  0.062  0.683  0.579  P  d1
  4500   1875.000  -0.051628  -0.431240  0.062  0.683  0.579  P  d2
  4501   1875.417  -0.038416  +0.506925  0.062  0.683  0.579  P  d2
  4502   1875.833  +0.195941  -0.781641  0.062  0.683  0.579  P  d3
  4503   1876.250  -1.071339  +0.430428  0.062  0.683  0.579  P  d2
  4504   1876.667  +1.146054  +0.004419  0.062  0.683  0.579  P  d2
  4505   1877.083  -1.082796  -0.444885  0.062  0.683  0.579  P  d2
  4506   1877.500  +0.788354  -0.193250  0.062  0.667  0.579  P  d3
  4507   1877.917  +0.133761  -0.444656  0.062  0.667  0.579  P  d1
  4508   1878.333  +1.129726  +1.286378  0.062  0.667  0.579  P  d2
  4509   1878.750  -2.074516  -0.273625  0.062  0.667  0.579  P  d2
  4510   1879.167  +1.070703  -0.046079  0.062  0.667  0.579  P  d2
  4511   1879.583  -0.432608  +0.364073  0.062  0.667  0.579  P  d1
  4512   1880.000  -0.425895  -1.649842  0.062  0.667  0.579  P  d2
  4513   1880.417  +1.390774  +0.958826  0.062  0.667  0.579  P  d1
  4514   1880.833  -0.216212  +0.273157  0.062  0.667  0.579  P  d0
  4515   1881.250  -0.451718  +0.448280  0.062  0.667  0.579  P  d1
  4516   1881.667  -0.062200  -0.439836  0.062  0.667  0.579  P  d2
  4517   1882.083  -0.048647  +0.529478  0.062  0.667  0.579  P  d2
  4518   1882.500  +0.199034  -0.823394  0.062  0.654  0.579  P  d3
  4519   1882.917  -1.054838  +0.443561  0.062  0.654  0.579  P  d2
  4520   1883.333  +1.141682  +0.019494  0.062  0.654  0.584  P  d2
  4521   1883.750  -1.093663  -0.449065  0.062  0.654  0.584  P  d2
  4522   1884.167  +0.804894  -0.199108  0.062  0.654  0.584  P  d3
  4523   1884.583  +0.112341  -0.435409  0.062  0.654  0.584  P  d1
  4524   1885.000  +1.135413  +1.266268  0.062  0.654  0.584  P  d2
  4525   1885.417  -2.061680  -0.258462  0.062  0.654  0.584  P  d2
  4526   1885.833  +1.075343  -0.043256  0.062  0.654  0.584  P  d2
  4527   1886.250  -0.453940  +0.367189  0.062  0.654  0.584  P  d1
  4528   1886.667  -0.420691  -1.672989  0.062  0.654  0.584  P  d2
  4529   1887.083  +1.406092  +0.987853  0.062  0.654  0.584  P  d1
  4530   1887.500  -0.243914  +0.267020  0.062  0.621  0.584  P  d0
  4531   1887.917  -0.437846  +0.425698  0.062  0.621  0.584  P  d1
  4532   1888.333  -0.058612  -0.427376  0.062  0.621  0.584  P  d2
  4533   1888.750  -0.034229  +0.526225  0.062  0.621  0.584  P  d2
  4534   1889.167  +0.184039  -0.809730  0.062  0.621  0.584  P  d3
  4535   1889.583  -1.068523  +0.448820  0.062  0.621  0.584  P  d2
  4536   1890.000  +1.159331  -0.004630  0.062  0.621  0.588  P  d2
  4537   1890.417  -1.096567  -0.438152  0.062  0.621  0.588  P  d2
  4538   1890.833  +0.793852  -0.197951  0.062  0.621  0.588  P  d3
  4539   1891.250  +0.124144  -0.445816  0.062  0.621  0.588  P  d1
  4540   1891.667  +1.150486  +1.278691  0.062  0.621  0.588  P  d2
  4541   1892.083  -2.076772  -0.250320  0.062  0.621  0.588  P  d2
  4542   1892.500  +1.053575  -0.049903  0.062  0.572  0.588  P  d2
  4543   1892.917  -0.432856  +0.349110  0.062  0.572  0.588  P  d1
  4544   1893.333  -0.415961  -1.646068  0.062  0.572  0.588  P  d2
  4545   1893.750  +1.385904  +0.967386  0.062  0.572  0.588  P  d1
  4546   1894.167  -0.221538  +0.267659  0.062  0.572  0.588  P  d0
  4547   1894.583  -0.446826  +0.433820  0.062  0.572  0.588  P  d1
  4548   1895.000  -0.059666  -0.424668  0.062  0.572  0.588  P  d2
  4549   1895.417  -0.033980  +0.508183  0.062  0.572  0.588  P  d2
  4550   1895.833  +0.188841  -0.787611  0.062  0.572  0.588  P  d3
  4551   1896.250  -1.062029  +0.440390  0.062  0.572  0.588  P  d2
  4552   1896.667  +1.140173  -0.004294  0.062  0.572  0.588  P  d2
  4553   1897.083  -1.079834  -0.437424  0.062  0.572  0.588  P  d2
  4554   1897.500  +0.783486  -0.190768  0.062  0.530  0.588  P  d3
  4555   1897.917  +0.123377  -0.453713  0.062  0.530  0.588  P  d1
  4556   1898.333  +1.141677  +1.271783  0.062  0.530  0.588  P  d2
  4557   1898.750  -2.058374  -0.240606  0.062  0.530  0.588  P  d2
  4558   1899.167  +1.047611  -0.065569  0.062  0.530  0.588  P  d2
  4559   1899.583  -0.425371  +0.368142  0.062  0.530  0.588  P  d1
  4560   1900.000  -0.435682  -1.645250  0.062  0.530  0.588  P  d2
  4561   1900.417  +1.399576  +0.946196  0.062  0.530  0.588  P  d1
  4562   1900.833  -0.211674  +0.274422  0.062  0.530  0.588  P  d0
  4563   1901.250  -0.453501  +0.456602  0.062  0.530  0.588  P  d1
  4564   1901.667  -0.060952  -0.445012  0.062  0.530  0.588  P  d2
  4565   1902.083  -0.051324  +0.534899  0.062  0.530  0.588  P  d2
  4566   1902.500  +0.201252  -0.825885  0.062  0.495  0.588  P  d3
  4567   1902.917  -1.060229  +0.455417  0.062  0.495  0.588  P  d2
  4568   1903.333  +1.140639  -0.000372  0.062  0.495  0.588  P  d2
  4569   1903.750  -1.091552  -0.439526  0.062  0.495  0.588  P  d2
  4570   1904.167  +0.801370  -0.199053  0.062  0.495  0.588  P  d3
  4571   1904.583  +0.113936  -0.450936  0.062  0.495  0.588  P  d1
  4572   1905.000  +1.158653  +1.277583  0.062  0.495  0.588  P  d2
  4573   1905.417  -2.085538  -0.240845  0.062  0.495  0.588  P  d2
  4574   1905.833  +1.071931  -0.057741  0.062  0.495  0.588  P  d2
  4575   1906.250  -0.438312  +0.365446  0.062  0.495  0.588  P  d1
  4576   1906.667  -0.439331  -1.667088  0.062  0.495  0.588  P  d2
  4577   1907.083  +1.408221  +0.972469  0.062  0.495  0.588  P  d1
  4578   1907.500  -0.224925  +0.278471  0.062  0.539  0.588  P  d0
  4579   1907.917  -0.452657  +0.421141  0.062  0.539  0.588  P  d1
  4580   1908.333  -0.048815  -0.424082  0.062  0.539  0.588  P  d2
  4581   1908.750  -0.040457  +0.525415  0.062  0.539  0.588  P  d2
  4582   1909.167  +0.189928  -0.805513  0.062  0.539  0.588  P  d3
  4583   1909.583  -1.073958  +0.449038  0.062  0.539  0.588  P  d2
  4584   1910.000  +1.155897  -0.009528  0.062  0.539  0.588  P  d2
  4585   1910.417  -1.083935  -0.431946  0.062  0.539  0.588  P  d2
  4586   1910.833  +0.769743  -0.192137  0.062  0.539  0.588  P  d3
  4587   1911.250  +0.136551  -0.467355  0.062  0.539  0.588  P  d1
  4588   1911.667  +1.158755  +1.282543  0.062  0.539  0.588  P  d2
  4589   1912.083  -2.084864  -0.236376  0.062  0.539  0.588  P  d2
  4590   1912.500  +1.058405  -0.060574  0.062  0.622  0.588  P  d2
  4591   1912.917  -0.431118  +0.356837  0.062  0.622  0.588  P  d1
  4592   1913.333  -0.424733  -1.645601  0.062  0.622  0.588  P  d2
  4593   1913.750  +1.379912  +0.957062  0.062  0.622  0.588  P  d1
  4594   1914.167  -0.204591  +0.266989  0.062  0.622  0.588  P  d0
  4595   1914.583  -0.447139  +0.443479  0.062  0.622  0.588  P  d1
  4596   1915.000  -0.067683  -0.430416  0.062  0.622  0.588  P  d2
  4597   1915.417  -0.024133  +0.510104  0.062  0.622  0.588  P  d2
  4598   1915.833  +0.182885  -0.781936  0.062  0.622  0.588  P  d3
  4599   1916.250  -1.061877  +0.440335  0.062  0.622  0.588  P  d2
  4600   1916.667  +1.138478  -0.003607  0.062  0.622  0.588  P  d2
  4601   1917.083  -1.091589  -0.429219  0.062  0.622  0.588  P  d2
  4602   1917.500  +0.788955  -0.212875  0.062  0.720  0.588  P  d3
  4603   1917.917  +0.110845  -0.453842  0.062  0.720  0.588  P  d1
  4604   1918.333  +1.181899  +1.266516  0.062  0.720  0.588  P  d2
  4605   1918.750  -2.081911  -0.224642  0.062  0.720  0.588  P  d2
  4606   1919.167  +1.055650  -0.069047  0.062  0.720  0.588  P  d2
  4607   1919.583  -0.422539  +0.374889  0.062  0.720  0.588  P  d1
  4608   1920.000  -0.447815  -1.638588  0.062  0.720  0.588  P  d2
  4609   1920.417  +1.394767  +0.931340  0.062  0.720  0.588  P  d1
  4610   1920.833  -0.203111  +0.276633  0.062  0.720  0.588  P  d0
  4611   1921.250  -0.456271  +0.462016  0.062  0.720  0.588  P  d1
  4612   1921.667  -0.070788  -0.453157  0.062  0.720  0.588  P  d2
  4613   1922.083  -0.023944  +0.520179  0.062  0.720  0.588  P  d2
  4614   1922.500  +0.183583  -0.794675  0.062  0.830  0.588  P  d3
  4615   1922.917  -1.059438  +0.441656  0.062  0.830  0.588  P  d2
  4616   1923.333  +1.146918  -0.002305  0.062  0.830  0.588  P  d2
  4617   1923.750  -1.090696  -0.430098  0.062  0.830  0.588  P  d2
  4618   1924.167  +0.785178  -0.200915  0.062  0.830  0.588  P  d3
  4619   1924.583  +0.120649  -0.460063  0.062  0.830  0.588  P  d1
  4620   1925.000  +1.165044  +1.275124  0.062  0.830  0.588  P  d2
  4621   1925.417  -2.085180  -0.227518  0.062  0.830  0.588  P  d2
  4622   1925.833  +1.062529  -0.069406  0.062  0.830  0.588  P  d2
  4623   1926.250  -0.420727  +0.371742  0.062  0.830  0.588  P  d1
  4624   1926.667  -0.462469  -1.661951  0.062  0.830  0.588  P  d2
  4625   1927.083  +1.422390  +0.960269  0.062  0.830  0.588  P  d1
  4626   1927.500  -0.229179  +0.277187  0.062  0.834  0.588  P  d0
  4627   1927.917  -0.440278  +0.433865  0.062  0.834  0.588  P  d1
  4628   1928.333  -0.063335  -0.428821  0.062  0.834  0.588  P  d2
  4629   1928.750  -0.035296  +0.521755  0.062  0.834  0.588  P  d2
  4630   1929.167  +0.188064  -0.801254  0.062  0.834  0.588  P  d3
  4631   1929.583  -1.073272  +0.450807  0.062  0.834  0.588  P  d2
  4632   1930.000  +1.159229  -0.014828  0.062  0.834  0.588  P  d2
  4633   1930.417  -1.088306  -0.427410  0.062  0.834  0.588  P  d2
  4634   1930.833  +0.771260  -0.189350  0.062  0.834  0.588  P  d3
  4635   1931.250  +0.126758  -0.476188  0.062  0.834  0.588  P  d1
  4636   1931.667  +1.168336  +1.281005  0.062  0.834  0.588  P  d2
  4637   1932.083  -2.085482  -0.228690  0.062  0.834  0.588  P  d2
  4638   1932.500  +1.065229  -0.079250  0.062  0.833  0.588  P  d2
  4639   1932.917  -0.421698  +0.385857  0.062  0.833  0.588  P  d1
  4640   1933.333  -0.460370  -1.639421  0.062  0.833  0.588  P  d2
  4641   1933.750  +1.399380  +0.921482  0.062  0.833  0.588  P  d1
  4642   1934.167  -0.210450  +0.277369  0.062  0.833  0.588  P  d0
  4643   1934.583  -0.431860  +0.445428  0.062  0.833  0.588  P  d1
  4644   1935.000  -0.068136  -0.422499  0.062  0.833  0.588  P  d2
  4645   1935.417  -0.034775  +0.509983  0.062  0.833  0.588  P  d2
  4646   1935.833  +0.185582  -0.782783  0.062  0.833  0.588  P  d3
  4647   1936.250  -1.067084  +0.439131  0.062  0.833  0.588  P  d2
  4648   1936.667  +1.141543  -0.008141  0.062  0.833  0.588  P  d2
  4649   1937.083  -1.086505  -0.428822  0.062  0.833  0.588  P  d2
  4650   1937.500  +0.785595  -0.204595  0.062  0.833  0.588  P  d3
  4651   1937.917  +0.107640  -0.460699  0.062  0.833  0.588  P  d1
  4652   1938.333  +1.184337  +1.264815  0.062  0.833  0.588  P  d2
  4653   1938.750  -2.078729  -0.219866  0.062  0.833  0.588  P  d2
  4654   1939.167  +1.050885  -0.069982  0.062  0.833  0.588  P  d2
  4655   1939.583  -0.417681  +0.374071  0.062  0.833  0.588  P  d1
  4656   1940.000  -0.455429  -1.634289  0.062  0.833  0.588  P  d2
  4657   1940.417  +1.394185  +0.926669  0.062  0.833  0.588  P  d1
  4658   1940.833  -0.204432  +0.262356  0.062  0.833  0.588  P  d0
  4659   1941.250  -0.441213  +0.467612  0.062  0.833  0.588  P  d1
  4660   1941.667  -0.064152  -0.434481  0.062  0.833  0.588  P  d2
  4661   1942.083  -0.042380  +0.509926  0.062  0.833  0.588  P  d2
  4662   1942.500  +0.186399  -0.794382  0.062  0.834  0.588  P  d3
  4663   1942.917  -1.051318  +0.445675  0.062  0.834  0.588  P  d2
  4664   1943.333  +1.136256  +0.000228  0.062  0.834  0.588  P  d2
  4665   1943.750  -1.088562  -0.431263  0.062  0.834  0.588  P  d2
  4666   1944.167  +0.778245  -0.208927  0.062  0.834  0.588  P  d3
  4667   1944.583  +0.122884  -0.454679  0.062  0.834  0.588  P  d1
  4668   1945.000  +1.173571  +1.257552  0.062  0.834  0.588  P  d2
  4669   1945.417  -2.083575  -0.207323  0.062  0.834  0.588  P  d2
  4670   1945.833  +1.060417  -0.076807  0.062  0.834  0.588  P  d2
  4671   1946.250  -0.422226  +0.378018  0.062  0.834  0.588  P  d1
  4672   1946.667  -0.468445  -1.661628  0.062  0.834  0.588  P  d2
  4673   1947.083  +1.420876  +0.952021  0.062  0.834  0.588  P  d1
  4674   1947.500  -0.217298  +0.272778  0.062  0.834  0.588  P  d0
  4675   1947.917  -0.440296  +0.439993  0.062  0.834  0.588  P  d1
  4676   1948.333  -0.068421  -0.419800  0.062  0.834  0.588  P  d2
  4677   1948.750  -0.034116  +0.513083  0.062  0.834  0.588  P  d2
  4678   1949.167  +0.179179  -0.802949  0.062  0.834  0.588  P  d3
  4679   1949.583  -1.050454  +0.451889  0.062  0.834  0.588  P  d2
  4680   1950.000  +1.145981  -0.010398  0.062  0.834  0.588  P  d2
  4681   1950.417  -1.095925  -0.413181  0.062  0.834  0.588  P  d2
  4682   1950.833  +0.778491  -0.212460  0.062  0.834  0.588  P  d3
  4683   1951.250  +0.117113  -0.462204  0.062  0.834  0.588  P  d1
  4684   1951.667  +1.171555  +1.257636  0.062  0.834  0.588  P  d2
  4685   1952.083  -2.075776  -0.204874  0.062  0.834  0.588  P  d2
  4686   1952.500  +1.061045  -0.087228  0.062  0.834  0.588  P  d2
  4687   1952.917  -0.419727  +0.385074  0.062  0.834  0.588  P  d1
  4688   1953.333  -0.469486  -1.642148  0.062  0.834  0.588  P  d2
  4689   1953.750  +1.412564  +0.927017  0.062  0.834  0.588  P  d1
  4690   1954.167  -0.216652  +0.275931  0.062  0.834  0.588  P  d0
  4691   1954.583  -0.434302  +0.446710  0.062  0.834  0.588  P  d1
  4692   1955.000  -0.068974  -0.424920  0.062  0.834  0.588  P  d2
  4693   1955.417  -0.031745  +0.507752  0.062  0.834  0.588  P  d2
  4694   1955.833  +0.183318  -0.788551  0.062  0.834  0.588  P  d3
  4695   1956.250  -1.055757  +0.451783  0.062  0.834  0.588  P  d2
  4696   1956.667  +1.141318  -0.012078  0.062  0.834  0.588  P  d2
  4697   1957.083  -1.091361  -0.415809  0.062  0.834  0.588  P  d2
  4698   1957.500  +0.767604  -0.214507  0.062  0.833  0.588  P  d3
  4699   1957.917  +0.116708  -0.460798  0.062  0.833  0.588  P  d1
  4700   1958.333  +1.191637  +1.252150  0.062  0.833  0.588  P  d2
  4701   1958.750  -2.084850  -0.204740  0.062  0.833  0.588  P  d2
  4702   1959.167  +1.052448  -0.080032  0.062  0.833  0.588  P  d2
  4703   1959.583  -0.405079  +0.380313  0.062  0.833  0.588  P  d1
  4704   1960.000  -0.482984  -1.633461  0.062  0.833  0.588  P  d2
  4705   1960.417  +1.411819  +0.914480  0.062  0.833  0.588  P  d1
  4706   1960.833  -0.198007  +0.263855  0.062  0.833  0.588  P  d0
  4707   1961.250  -0.442822  +0.478131  0.062  0.833  0.588  P  d1
  4708   1961.667  -0.064873  -0.437957  0.062  0.833  0.588  P  d2
  4709   1962.083  -0.038477  +0.525463  0.062  0.833  0.588  P  d2
  4710   1962.500  +0.169502  -0.812625  0.062  0.833  0.588  P  d3
  4711   1962.917  -1.048314  +0.456461  0.062  0.833  0.588  P  d2
  4712   1963.333  +1.148170  -0.010308  0.062  0.833  0.588  P  d2
  4713   1963.750  -1.098048  -0.424766  0.062  0.833  0.588  P  d2
  4714   1964.167  +0.779029  -0.203630  0.062  0.833  0.588  P  d3
  4715   1964.583  +0.111704  -0.468424  0.062  0.833  0.588  P  d1
  4716   1965.000  +1.188289  +1.252026  0.062  0.833  0.588  P  d2
  4717   1965.417  -2.078164  -0.195521  0.062  0.833  0.588  P  d2
  4718   1965.833  +1.058412  -0.083442  0.062  0.833  0.588  P  d2
  4719   1966.250  -0.417040  +0.393711  0.062  0.833  0.588  P  d1
  4720   1966.667  -0.493050  -1.662948  0.062  0.833  0.588  P  d2
  4721   1967.083  +1.434369  +0.936625  0.062  0.833  0.588  P  d1
  4722   1967.500  -0.213313  +0.278419  0.062  0.833  0.588  P  d0
  4723   1967.917  -0.446403  +0.442634  0.062  0.833  0.588  P  d1
  4724   1968.333  -0.062773  -0.423528  0.062  0.833  0.588  P  d2
  4725   1968.750  -0.034683  +0.514612  0.062  0.833  0.588  P  d2
  4726   1969.167  +0.176460  -0.806324  0.062  0.833  0.588  P  d3
  4727   1969.583  -1.046382  +0.460467  0.062  0.833  0.588  P  d2
  4728   1970.000  +1.144301  -0.009402  0.062  0.833  0.588  P  d2
  4729   1970.417  -1.099451  -0.420137  0.062  0.833  0.588  P  d2
  4730   1970.833  +0.776967  -0.210845  0.062  0.833  0.588  P  d3
  4731   1971.250  +0.120914  -0.466005  0.062  0.833  0.588  P  d1
  4732   1971.667  +1.180360  +1.262193  0.062  0.833  0.588  P  d2
  4733   1972.083  -2.083379  -0.192145  0.062  0.833  0.588  P  d2
  4734   1972.500  +1.042587  -0.108805  0.062  0.834  0.588  P  d2
  4735   1972.917  -0.389582  +0.391974  0.062  0.834  0.588  P  d1
  4736   1973.333  -0.494497  -1.628298  0.062  0.834  0.588  P  d2
  4737   1973.750  +1.418744  +0.906358  0.062  0.834  0.588  P  d1
  4738   1974.167  -0.208282  +0.268739  0.062  0.834  0.588  P  d0
  4739   1974.583  -0.429620  +0.465460  0.062  0.834  0.588  P  d1
  4740   1975.000  -0.073833  -0.431606  0.062  0.834  0.588  P  d2
  4741   1975.417  -0.027752  +0.517825  0.062  0.834  0.588  P  d2
  4742   1975.833  +0.173367  -0.792006  0.062  0.834  0.588  P  d3
  4743   1976.250  -1.054068  +0.452126  0.062  0.834  0.588  P  d2
  4744   1976.667  +1.140537  -0.019458  0.062  0.834  0.588  P  d2
  4745   1977.083  -1.085401  -0.410889  0.062  0.834  0.588  P  d2
  4746   1977.500  +0.761372  -0.209808  0.062  0.834  0.588  P  d3
  4747   1977.917  +0.109585  -0.471180  0.062  0.834  0.588  P  d1
  4748   1978.333  +1.207270  +1.238565  0.062  0.834  0.588  P  d2
  4749   1978.750  -2.080398  -0.165231  0.062  0.834  0.588  P  d2
  4750   1979.167  +1.037484  -0.111061  0.062  0.834  0.588  P  d2
  4751   1979.583  -0.399097  +0.392567  0.062  0.834  0.588  P  d1
  4752   1980.000  -0.485510  -1.627640  0.062  0.834  0.588  P  d2
  4753   1980.417  +1.406479  +0.901031  0.062  0.834  0.588  P  d1
  4754   1980.833  -0.191170  +0.266434  0.062  0.834  0.588  P  d0
  4755   1981.250  -0.441862  +0.478387  0.062  0.834  0.588  P  d1
  4756   1981.667  -0.067206  -0.436731  0.062  0.834  0.588  P  d2
  4757   1982.083  -0.033555  +0.521455  0.062  0.834  0.588  P  d2
  4758   1982.500  +0.170718  -0.807365  0.062  0.834  0.588  P  d3
  4759   1982.917  -1.056392  +0.461876  0.062  0.834  0.588  P  d2
  4760   1983.333  +1.158231  -0.014680  0.062  0.834  0.588  P  d2
  4761   1983.750  -1.110779  -0.420738  0.062  0.834  0.588  P  d2
  4762   1984.167  +0.779438  -0.214994  0.062  0.834  0.588  P  d3
  4763   1984.583  +0.117661  -0.463225  0.062  0.834  0.588  P  d1
  4764   1985.000  +1.193432  +1.246327  0.062  0.834  0.588  P  d2
  4765   1985.417  -2.077190  -0.176061  0.062  0.834  0.588  P  d2
  4766   1985.833  +1.039724  -0.096225  0.062  0.834  0.588  P  d2
  4767   1986.250  -0.403842  +0.392161  0.062  0.834  0.588  P  d1
  4768   1986.667  -0.501226  -1.662917  0.062  0.834  0.588  P  d2
  4769   1987.083  +1.443262  +0.930897  0.062  0.834  0.588  P  d1
  4770   1987.500  -0.212159  +0.284265  0.062  0.833  0.588  P  d0
  4771   1987.917  -0.446238  +0.445196  0.062  0.833  0.588  P  d1
  4772   1988.333  -0.068511  -0.423691  0.062  0.833  0.588  P  d2
  4773   1988.750  -0.031186  +0.510631  0.062  0.833  0.588  P  d2
  4774   1989.167  +0.178391  -0.806659  0.062  0.833  0.588  P  d3
  4775   1989.583  -1.046819  +0.467750  0.062  0.833  0.588  P  d2
  4776   1990.000  +1.143263  -0.013698  0.062  0.833  0.588  P  d2
  4777   1990.417  -1.097476  -0.416093  0.062  0.833  0.588  P  d2
  4778   1990.833  +0.772435  -0.205014  0.062  0.833  0.588  P  d3
  4779   1991.250  +0.098760  -0.477236  0.062  0.833  0.588  P  d1
  4780   1991.667  +1.219329  +1.244532  0.062  0.833  0.588  P  d2
  4781   1992.083  -2.096565  -0.167480  0.062  0.833  0.588  P  d2
  4782   1992.500  +1.043779  -0.106370  0.062  0.834  0.588  P  d2
  4783   1992.917  -0.392678  +0.391280  0.062  0.834  0.588  P  d1
  4784   1993.333  -0.513753  -1.635060  0.062  0.834  0.588  P  d2
  4785   1993.750  +1.433227  +0.888945  0.062  0.834  0.588  P  d1
  4786   1994.167  -0.194067  +0.287210  0.062  0.834  0.588  P  d0
  4787   1994.583  -0.436069  +0.456838  0.062  0.834  0.588  P  d1
  4788   1995.000  -0.076498  -0.422494  0.062  0.834  0.588  P  d2
  4789   1995.417  -0.015360  +0.519800  0.062  0.834  0.588  P  d2
  4790   1995.833  +0.150772  -0.791219  0.062  0.834  0.588  P  d3
  4791   1996.250  -1.050066  +0.448908  0.062  0.834  0.588  P  d2
  4792   1996.667  +1.151951  -0.025381  0.062  0.834  0.588  P  d2
  4793   1997.083  -1.094706  -0.403075  0.062  0.834  0.588  P  d2
  4794   1997.500  +0.766406  -0.211120  0.062  0.834  0.588  P  d3
  4795   1997.917  +0.100081  -0.476255  0.062  0.834  0.588  P  d1
  4796   1998.333  +1.220476  +1.234006  0.062  0.834  0.588  P  d2
  4797   1998.750  -2.082688  -0.153682  0.062  0.834  0.588  P  d2
  4798   1999.167  +1.034019  -0.114036  0.062  0.834  0.588  P  d2
  4799   1999.583  -0.390787  +0.397976  0.062  0.834  0.588  P  d1
  4800   2000.000  -0.509179  -1.621161  0.062  0.834  0.588  P  d2
  4801   2000.417  +1.413675  +0.875381  0.062  0.834  0.588  P  d1
  4802   2000.833  -0.181786  +0.274400  0.062  0.834  0.588  P  d0
  4803   2001.250  -0.441514  +0.469927  0.062  0.834  0.588  P  d1
  4804   2001.667  -0.063105  -0.419337  0.062  0.834  0.588  P  d2
  4805   2002.083  -0.033081  +0.523808  0.062  0.834  0.588  P  d2
  4806   2002.500  +0.159818  -0.823176  0.062  0.834  0.588  P  d3
  4807   2002.917  -1.042962  +0.470512  0.062  0.834  0.588  P  d2
  4808   2003.333  +1.148512  -0.016440  0.062  0.834  0.588  P  d2
  4809   2003.750  -1.095747  -0.407248  0.062  0.834  0.588  P  d2
  4810   2004.167  +0.767026  -0.207006  0.062  0.834  0.588  P  d3
  4811   2004.583  +0.091135  -0.480595  0.062  0.834  0.588  P  d1
  4812   2005.000  +1.210228  +1.228667  0.062  0.834  0.588  P  d2
  4813   2005.417  -2.060997  -0.159974  0.062  0.834  0.588  P  d2
  4814   2005.833  +1.027954  -0.101096  0.062  0.834  0.588  P  d2
  4815   2006.250  -0.393823  +0.386878  0.062  0.834  0.588  P  d1
  4816   2006.667  -0.500721  -1.633171  0.062  0.834  0.588  P  d2
  4817   2007.083  +1.423640  +0.894641  0.062  0.834  0.588  P  d1
  4818   2007.500  -0.194367  +0.303992  0.062  0.833  0.588  P  d0
  4819   2007.917  -0.446771  +0.432934  0.062  0.833  0.588  P  d1
  4820   2008.333  -0.069702  -0.411103  0.062  0.833  0.588  P  d2
  4821   2008.750  -0.026267  +0.505565  0.062  0.833  0.588  P  d2
  4822   2009.167  +0.169379  -0.795119  0.062  0.833  0.588  P  d3
  4823   2009.583  -1.042690  +0.466925  0.062  0.833  0.588  P  d2
  4824   2010.000  +1.128662  -0.022491  0.062  0.833  0.588  P  d2
  4825   2010.417  -1.089621  -0.417838  0.062  0.833  0.588  P  d2
  4826   2010.833  +0.775756  -0.207484  0.062  0.833  0.588  P  d3
  4827   2011.250  +0.092690  -0.474959  0.062  0.833  0.588  P  d1
  4828   2011.667  +1.229000  +1.237314  0.062  0.833  0.588  P  d2
  4829   2012.083  -2.092743  -0.155832  0.062  0.833  0.588  P  d2
  4830   2012.500  +1.033964  -0.110252  0.062  0.833  0.588  P  d2
  4831   2012.917  -0.384435  +0.394744  0.062  0.833  0.588  P  d1
  4832   2013.333  -0.523307  -1.635179  0.062  0.833  0.588  P  d2
  4833   2013.750  +1.433647  +0.886737  0.062  0.833  0.588  P  d1
  4834   2014.167  -0.191292  +0.284642  0.062  0.833  0.588  P  d0
  4835   2014.583  -0.434958  +0.455245  0.062  0.833  0.588  P  d1
  4836   2015.000  -0.076055  -0.417939  0.062  0.833  0.588  P  d2
  4837   2015.417  -0.015673  +0.517020  0.062  0.833  0.588  P  d2
  4838   2015.833  +0.159791  -0.798445  0.062  0.833  0.588  P  d3
  4839   2016.250  -1.056344  +0.471207  0.062  0.833  0.588  P  d2
  4840   2016.667  +1.148899  -0.031084  0.062  0.833  0.588  P  d2
  4841   2017.083  -1.100457  -0.411303  0.062  0.833  0.588  P  d2
  4842   2017.500  +0.766850  -0.203802  0.062  0.834  0.588  P  d3
  4843   2017.917  +0.100805  -0.491432  0.062  0.834  0.588  P  d1
  4844   2018.333  +1.227755  +1.239118  0.062  0.834  0.588  P  d2
  4845   2018.750  -2.081595  -0.149103  0.062  0.834  0.588  P  d2
  4846   2019.167  +1.027107  -0.111668  0.062  0.834  0.588  P  d2
  4847   2019.583  -0.382269  +0.392552  0.062  0.834  0.588  P  d1
  4848   2020.000  -0.518220  -1.614229  0.062  0.834  0.588  P  d2
  4849   2020.417  +1.413628  +0.869288  0.062  0.834  0.588  P  d1
  4850   2020.833  -0.190534  +0.276265  0.062  0.834  0.588  P  d0
  4851   2021.250  -0.418690  +0.460378  0.062  0.834  0.588  P  d1
  4852   2021.667  -0.072973  -0.414026  0.062  0.834  0.588  P  d2
  4853   2022.083  -0.024494  +0.514862  0.062  0.834  0.588  P  d2
  4854   2022.500  +0.158045  -0.794461  0.062  0.834  0.588  P  d3
  4855   2022.917  -1.056433  +0.471380  0.062  0.834  0.588  P  d2
  4856   2023.333  +1.154530  -0.041645  0.062  0.834  0.588  P  d2
  4857   2023.750  -1.101415  -0.395679  0.062  0.834  0.588  P  d2
  4858   2024.167  +0.769304  -0.214446  0.062  0.834  0.588  P  d3
  4859   2024.583  +0.088836  -0.474453  0.062  0.834  0.588  P  d1
  4860   2025.000  +1.220828  +1.212560  0.062  0.834  0.588  P  d2
  4861   2025.417  -2.061318  -0.141186  0.062  0.834  0.588  P  d2
  4862   2025.833  +1.026217  -0.110037  0.062  0.834  0.588  P  d2
  4863   2026.250  -0.372566  +0.391838  0.062  0.834  0.588  P  d1
  4864   2026.667  -0.545113  -1.591828  0.062  0.834  0.588  P  d2
  4865   2027.083  +1.424612  +0.839706  0.062  0.834  0.588  P  d1
  4866   2027.500  -0.188290  +0.292392  0.062  0.834  0.588  P  d0
  4867   2027.917  -0.417550  +0.457945  0.062  0.834  0.588  P  d1
  4868   2028.333  -0.079907  -0.422491  0.062  0.834  0.588  P  d2
  4869   2028.750  -0.029040  +0.521223  0.062  0.834  0.588  P  d2
  4870   2029.167  +0.177456  -0.796268  0.062  0.834  0.588  P  d3
  4871   2029.583  -1.063599  +0.469865  0.062  0.834  0.588  P  d2
  4872   2030.000  +1.146078  -0.030459  0.062  0.834  0.588  P  d2
  4873   2030.417  -1.101972  -0.411096  0.062  0.834  0.588  P  d2
  4874   2030.833  +0.778021  -0.213479  0.062  0.834  0.588  P  d3
  4875   2031.250  +0.091731  -0.473400  0.062  0.834  0.588  P  d1
  4876   2031.667  +1.235238  +1.225671  0.062  0.834  0.588  P  d2
  4877   2032.083  -2.093640  -0.137265  0.062  0.834  0.588  P  d2
  4878   2032.500  +1.031549  -0.113753  0.062  0.833  0.588  P  d2
  4879   2032.917  -0.386460  +0.388350  0.062  0.833  0.588  P  d1
  4880   2033.333  -0.525501  -1.631226  0.062  0.833  0.588  P  d2
  4881   2033.750  +1.437876  +0.875343  0.062  0.833  0.588  P  d1
  4882   2034.167  -0.190446  +0.295906  0.062  0.833  0.588  P  d0
  4883   2034.583  -0.433230  +0.449748  0.062  0.833  0.588  P  d1
  4884   2035.000  -0.073190  -0.414712  0.062  0.833  0.588  P  d2
  4885   2035.417  -0.015846  +0.516712  0.062  0.833  0.588  P  d2
  4886   2035.833  +0.158678  -0.792929  0.062  0.833  0.588  P  d3
  4887   2036.250  -1.061663  +0.471004  0.062  0.833  0.588  P  d2
  4888   2036.667  +1.150131  -0.031493  0.062  0.833  0.588  P  d2
  4889   2037.083  -1.110530  -0.407728  0.062  0.833  0.588  P  d2
  4890   2037.500  +0.780778  -0.219551  0.062  0.833  0.588  P  d3
  4891   2037.917  +0.087291  -0.482172  0.062  0.833  0.588  P  d1
  4892   2038.333  +1.239168  +1.224356  0.062  0.833  0.588  P  d2
  4893   2038.750  -2.079545  -0.129788  0.062  0.833  0.588  P  d2
  4894   2039.167  +1.027409  -0.124835  0.062  0.833  0.588  P  d2
  4895   2039.583  -0.371904  +0.405849  0.062  0.833  0.588  P  d1
  4896   2040.000  -0.548747  -1.607384  0.062  0.833  0.588  P  d2
  4897   2040.417  +1.432412  +0.841257  0.062  0.833  0.588  P  d1
  4898   2040.833  -0.189871  +0.297049  0.062  0.833  0.588  P  d0
  4899   2041.250  -0.424067  +0.457655  0.062  0.833  0.588  P  d1
  4900   2041.667  -0.070219  -0.421278  0.062  0.833  0.588  P  d2
  4901   2042.083  -0.027668  +0.519499  0.062  0.833  0.588  P  d2
  4902   2042.500  +0.165106  -0.801552  0.062  0.833  0.588  P  d3
  4903   2042.917  -1.052463  +0.483544  0.062  0.833  0.588  P  d2
  4904   2043.333  +1.144808  -0.041523  0.062  0.833  0.588  P  d2
  4905   2043.750  -1.101401  -0.393082  0.062  0.833  0.588  P  d2
  4906   2044.167  +0.762585  -0.226418  0.062  0.833  0.588  P  d3
  4907   2044.583  +0.095271  -0.473698  0.062  0.833  0.588  P  d1
  4908   2045.000  +1.226765  +1.210639  0.062  0.833  0.588  P  d2
  4909   2045.417  -2.059168  -0.127460  0.062  0.833  0.588  P  d2
  4910   2045.833  +1.011460  -0.121457  0.062  0.833  0.588  P  d2
  4911   2046.250  -0.362895  +0.399018  0.062  0.833  0.588  P  d1
  4912   2046.667  -0.553976  -1.597623  0.062  0.833  0.588  P  d2
  4913   2047.083  +1.432657  +0.835123  0.062  0.833  0.588  P  d1
  4914   2047.500  -0.188575  +0.289657  0.062  0.833  0.588  P  d0
  4915   2047.917  -0.409188  +0.465937  0.062  0.833  0.588  P  d1
  4916   2048.333  -0.086279  -0.417170  0.062  0.833  0.588  P  d2
  4917   2048.750  -0.021348  +0.515550  0.062  0.833  0.588  P  d2
  4918   2049.167  +0.163021  -0.789154  0.062  0.833  0.588  P  d3
  4919   2049.583  -1.056927  +0.466744  0.062  0.833  0.588  P  d2
  4920   2050.000  +1.144184  -0.031420  0.062  0.833  0.588  P  d2
  4921   2050.417  -1.105634  -0.396183  0.062  0.833  0.588  P  d2
  4922   2050.833  +0.777193  -0.240075  0.062  0.833  0.588  P  d3
  4923   2051.250  +0.085143  -0.465157  0.062  0.833  0.588  P  d1
  4924   2051.667  +1.236188  +1.217408  0.062  0.833  0.588  P  d2
  4925   2052.083  -2.063624  -0.128433  0.062  0.833  0.588  P  d2
  4926   2052.500  +1.008565  -0.113578  0.062  0.833  0.588  P  d2
  4927   2052.917  -0.381075  +0.388188  0.062  0.833  0.588  P  d1
  4928   2053.333  -0.526377  -1.626497  0.062  0.833  0.588  P  d2
  4929   2053.750  +1.433161  +0.868346  0.062  0.833  0.588  P  d1
  4930   2054.167  -0.180010  +0.294361  0.062  0.833  0.588  P  d0
  4931   2054.583  -0.436140  +0.468585  0.062  0.833  0.588  P  d1
  4932   2055.000  -0.081380  -0.418618  0.062  0.833  0.588  P  d2
  4933   2055.417  -0.024548  +0.493866  0.062  0.833  0.588  P  d2
  4934   2055.833  +0.166890  -0.785830  0.062  0.833  0.588  P  d3
  4935   2056.250  -1.047748  +0.473511  0.062  0.833  0.588  P  d2
  4936   2056.667  +1.151676  -0.029832  0.062  0.833  0.588  P  d2
  4937   2057.083  -1.117734  -0.391304  0.062  0.833  0.588  P  d2
  4938   2057.500  +0.761983  -0.234080  0.062  0.833  0.588  P  d3
  4939   2057.917  +0.099264  -0.484131  0.062  0.833  0.588  P  d1
  4940   2058.333  +1.245833  +1.215201  0.062  0.833  0.588  P  d2
  4941   2058.750  -2.078104  -0.106045  0.062  0.833  0.588  P  d2
  4942   2059.167  +1.015112  -0.143001  0.062  0.833  0.588  P  d2
  4943   2059.583  -0.361436  +0.408342  0.062  0.833  0.588  P  d1
  4944   2060.000  -0.554686  -1.599494  0.062  0.833  0.588  P  d2
  4945   2060.417  +1.430872  +0.832477  0.062  0.833  0.588  P  d1
  4946   2060.833  -0.181765  +0.296994  0.062  0.833  0.588  P  d0
  4947   2061.250  -0.425527  +0.462264  0.062  0.833  0.588  P  d1
  4948   2061.667  -0.073170  -0.421329  0.062  0.833  0.588  P  d2
  4949   2062.083  -0.028050  +0.518186  0.062  0.833  0.588  P  d2
  4950   2062.500  +0.166178  -0.803415  0.062  0.832  0.588  P  d3
  4951   2062.917  -1.050566  +0.485777  0.062  0.832  0.588  P  d2
  4952   2063.333  +1.146452  -0.040678  0.062  0.832  0.588  P  d2
  4953   2063.750  -1.103442  -0.387470  0.062  0.832  0.588  P  d2
  4954   2064.167  +0.751196  -0.229073  0.062  0.832  0.588  P  d3
  4955   2064.583  +0.097658  -0.485070  0.062  0.832  0.588  P  d1
  4956   2065.000  +1.252130  +1.208050  0.062  0.832  0.588  P  d2
  4957   2065.417  -2.084382  -0.103561  0.062  0.832  0.588  P  d2
  4958   2065.833  +1.019170  -0.136821  0.062  0.832  0.588  P  d2
  4959   2066.250  -0.356803  +0.402797  0.062  0.832  0.588  P  d1
  4960   2066.667  -0.576286  -1.594531  0.062  0.832  0.588  P  d2
  4961   2067.083  +1.449368  +0.820060  0.062  0.832  0.588  P  d1
  4962   2067.500  -0.183773  +0.300288  0.062  0.833  0.588  P  d0
  4963   2067.917  -0.416764  +0.463864  0.062  0.833  0.588  P  d1
  4964   2068.333  -0.086145  -0.413184  0.062  0.833  0.588  P  d2
  4965   2068.750  -0.021469  +0.507466  0.062  0.833  0.588  P  d2
  4966   2069.167  +0.169910  -0.786004  0.062  0.833  0.588  P  d3
  4967   2069.583  -1.061058  +0.473198  0.062  0.833  0.588  P  d2
  4968   2070.000  +1.144488  -0.039241  0.062  0.833  0.588  P  d2
  4969   2070.417  -1.107774  -0.389312  0.062  0.833  0.588  P  d2
  4970   2070.833  +0.782844  -0.235904  0.062  0.833  0.588  P  d3
  4971   2071.250  +0.071807  -0.467147  0.062  0.833  0.588  P  d1
  4972   2071.667  +1.237690  +1.190463  0.062  0.833  0.588  P  d2
  4973   2072.083  -2.050598  -0.095998  0.062  0.833  0.588  P  d2
  4974   2072.500  +1.010036  -0.142250  0.062  0.833  0.588  P  d2
  4975   2072.917  -0.363040  +0.426084  0.062  0.833  0.588  P  d1
  4976   2073.333  -0.585202  -1.616584  0.062  0.833  0.588  P  d2
  4977   2073.750  +1.455956  +0.817152  0.062  0.833  0.588  P  d1
  4978   2074.167  -0.177291  +0.300566  0.062  0.833  0.588  P  d0
  4979   2074.583  -0.413648  +0.479763  0.062  0.833  0.588  P  d1
  4980   2075.000  -0.093966  -0.418285  0.062  0.833  0.588  P  d2
  4981   2075.417  -0.021581  +0.501929  0.062  0.833  0.588  P  d2
  4982   2075.833  +0.161386  -0.789532  0.062  0.833  0.588  P  d3
  4983   2076.250  -1.047756  +0.476354  0.062  0.833  0.588  P  d2
  4984   2076.667  +1.151664  -0.036862  0.062  0.833  0.588  P  d2
  4985   2077.083  -1.112321  -0.388215  0.062  0.833  0.588  P  d2
  4986   2077.500  +0.756131  -0.227127  0.062  0.833  0.588  P  d3
  4987   2077.917  +0.094069  -0.489640  0.062  0.833  0.588  P  d1
  4988   2078.333  +1.255192  +1.204937  0.062  0.833  0.588  P  d2
  4989   2078.750  -2.076548  -0.092063  0.062  0.833  0.588  P  d2
  4990   2079.167  +1.007242  -0.143351  0.062  0.833  0.588  P  d2
  4991   2079.583  -0.357502  +0.410872  0.062  0.833  0.588  P  d1
  4992   2080.000  -0.573149  -1.606227  0.062  0.833  0.588  P  d2
  4993   2080.417  +1.451196  +0.819196  0.062  0.833  0.588  P  d1
  4994   2080.833  -0.182173  +0.306278  0.062  0.833  0.588  P  d0
  4995   2081.250  -0.426107  +0.468605  0.062  0.833  0.588  P  d1
  4996   2081.667  -0.079689  -0.431400  0.062  0.833  0.588  P  d2
  4997   2082.083  -0.014216  +0.525938  0.062  0.833  0.588  P  d2
  4998   2082.500  +0.159447  -0.805960  0.062  0.832  0.588  P  d3
  4999   2082.917  -1.049483  +0.490785  0.062  0.832  0.588  P  d2
  5000   2083.333  +1.146820  -0.037327  0.062  0.832  0.588  P  d2
  5001   2083.750  -1.110093  -0.389030  0.062  0.832  0.588  P  d2
  5002   2084.167  +0.748457  -0.232119  0.062  0.832  0.588  P  d3
  5003   2084.583  +0.100645  -0.490823  0.062  0.832  0.588  P  d1
  5004   2085.000  +1.255510  +1.208831  0.062  0.832  0.588  P  d2
  5005   2085.417  -2.083855  -0.093721  0.062  0.832  0.588  P  d2
  5006   2085.833  +1.015576  -0.147421  0.062  0.832  0.588  P  d2
  5007   2086.250  -0.352024  +0.407500  0.062  0.832  0.588  P  d1
  5008   2086.667  -0.584849  -1.592233  0.062  0.832  0.588  P  d2
  5009   2087.083  +1.456095  +0.811722  0.062  0.832  0.588  P  d1
  5010   2087.500  -0.185741  +0.307054  0.062  0.832  0.588  P  d0
  5011   2087.917  -0.418880  +0.462718  0.062  0.832  0.588  P  d1
  5012   2088.333  -0.078567  -0.420312  0.062  0.832  0.588  P  d2
  5013   2088.750  -0.022758  +0.516501  0.062  0.832  0.588  P  d2
  5014   2089.167  +0.157664  -0.799039  0.062  0.832  0.588  P  d3
  5015   2089.583  -1.030671  +0.486954  0.062  0.832  0.588  P  d2
  5016   2090.000  +1.124463  -0.032371  0.062  0.832  0.588  P  d2
  5017   2090.417  -1.103951  -0.395009  0.062  0.832  0.588  P  d2
  5018   2090.833  +0.760514  -0.225379  0.062  0.832  0.588  P  d3
  5019   2091.250  +0.083475  -0.491414  0.062  0.832  0.588  P  d1
  5020   2091.667  +1.245496  +1.191983  0.062  0.832  0.588  P  d2
  5021   2092.083  -2.054992  -0.085200  0.062  0.832  0.588  P  d2
  5022   2092.500  +1.014029  -0.148459  0.062  0.833  0.588  P  d2
  5023   2092.917  -0.360615  +0.423967  0.062  0.833  0.588  P  d1
  5024   2093.333  -0.587684  -1.602463  0.062  0.833  0.588  P  d2
  5025   2093.750  +1.447796  +0.810539  0.062  0.833  0.588  P  d1
  5026   2094.167  -0.166279  +0.290551  0.062  0.833  0.588  P  d0
  5027   2094.583  -0.413861  +0.487094  0.062  0.833  0.588  P  d1
  5028   2095.000  -0.099619  -0.412735  0.062  0.833  0.588  P  d2
  5029   2095.417  -0.020006  +0.499502  0.062  0.833  0.588  P  d2
  5030   2095.833  +0.158032  -0.797393  0.062  0.833  0.588  P  d3
  5031   2096.250  -1.037840  +0.487400  0.062  0.833  0.588  P  d2
  5032   2096.667  +1.144070  -0.043442  0.062  0.833  0.588  P  d2
  5033   2097.083  -1.112801  -0.382809  0.062  0.833  0.588  P  d2
  5034   2097.500  +0.755391  -0.226097  0.062  0.833  0.588  P  d3
  5035   2097.917  +0.085646  -0.497091  0.062  0.833  0.588  P  d1
  5036   2098.333  +1.263951  +1.192841  0.062  0.833  0.588  P  d2
  5037   2098.750  -2.066258  -0.073106  0.062  0.833  0.588  P  d2
  5038   2099.167  +1.000339  -0.154904  0.062  0.833  0.588  P  d2
  5039   2099.583  -0.350729  +0.423242  0.062  0.833  0.588  P  d1
  5040   2100.000  -0.587370  -1.602504  0.062  0.833  0.588  P  d2
  5041   2100.417  +1.450651  +0.804650  0.062  0.833  0.588  P  d1
  5042   2100.833  -0.174345  +0.306823  0.062  0.833  0.588  P  d0
  5043   2101.250  -0.423983  +0.471518  0.062  0.833  0.588  P  d1
  5044   2101.667  -0.080127  -0.431496  0.062  0.833  0.588  P  d2
  5045   2102.083  -0.008466  +0.540093  0.062  0.833  0.588  P  d2
  5046   2102.500  +0.141618  -0.818687  0.062  0.833  0.588  P  d3
  5047   2102.917  -1.049427  +0.494815  0.062  0.833  0.588  P  d2
  5048   2103.333  +1.161568  -0.048932  0.062  0.833  0.588  P  d2
  5049   2103.750  -1.116452  -0.379277  0.062  0.833  0.588  P  d2
  5050   2104.167  +0.746940  -0.226317  0.062  0.833  0.588  P  d3
  5051   2104.583  +0.089761  -0.504715  0.062  0.833  0.588  P  d1
  5052   2105.000  +1.281351  +1.199281  0.062  0.833  0.588  P  d2
  5053   2105.417  -2.090108  -0.068499  0.062  0.833  0.588  P  d2
  5054   2105.833  +1.007356  -0.158713  0.062  0.833  0.588  P  d2
  5055   2106.250  -0.347121  +0.424167  0.062  0.833  0.588  P  d1
  5056   2106.667  -0.597442  -1.609885  0.062  0.833  0.588  P  d2
  5057   2107.083  +1.463737  +0.808866  0.062  0.833  0.588  P  d1
  5058   2107.500  -0.182091  +0.313122  0.062  0.832  0.588  P  d0
  5059   2107.917  -0.420621  +0.461496  0.062  0.832  0.588  P  d1
  5060   2108.333  -0.079300  -0.418934  0.062  0.832  0.588  P  d2
  5061   2108.750  -0.021650  +0.513965  0.062  0.832  0.588  P  d2
  5062   2109.167  +0.159652  -0.798817  0.062  0.832  0.588  P  d3
  5063   2109.583  -1.030779  +0.493439  0.062  0.832  0.588  P  d2
  5064   2110.000  +1.121318  -0.036634  0.062  0.832  0.588  P  d2
  5065   2110.417  -1.105729  -0.393552  0.062  0.832  0.588  P  d2
  5066   2110.833  +0.764708  -0.222390  0.062  0.832  0.588  P  d3
  5067   2111.250  +0.072612  -0.500170  0.062  0.832  0.588  P  d1
  5068   2111.667  +1.259606  +1.186949  0.062  0.832  0.588  P  d2
  5069   2112.083  -2.056886  -0.067530  0.062  0.832  0.588  P  d2
  5070   2112.500  +1.009335  -0.153869  0.062  0.833  0.588  P  d2
  5071   2112.917  -0.357168  +0.421630  0.062  0.833  0.588  P  d1
  5072   2113.333  -0.601673  -1.607565  0.062  0.833  0.588  P  d2
  5073   2113.750  +1.464075  +0.806815  0.062  0.833  0.588  P  d1
  5074   2114.167  -0.164172  +0.307724  0.062  0.833  0.588  P  d0
  5075   2114.583  -0.425412  +0.469654  0.062  0.833  0.588  P  d1
  5076   2115.000  -0.089381  -0.397727  0.062  0.833  0.588  P  d2
  5077   2115.417  -0.026730  +0.488558  0.062  0.833  0.588  P  d2
  5078   2115.833  +0.160175  -0.789906  0.062  0.833  0.588  P  d3
  5079   2116.250  -1.043416  +0.483063  0.062  0.833  0.588  P  d2
  5080   2116.667  +1.153292  -0.051004  0.062  0.833  0.588  P  d2
  5081   2117.083  -1.109331  -0.369031  0.062  0.833  0.588  P  d2
  5082   2117.500  +0.747745  -0.222819  0.062  0.833  0.588  P  d3
  5083   2117.917  +0.078450  -0.504322  0.062  0.833  0.588  P  d1
  5084   2118.333  +1.272854  +1.184111  0.062  0.833  0.588  P  d2
  5085   2118.750  -2.066884  -0.062422  0.062  0.833  0.588  P  d2
  5086   2119.167  +0.999603  -0.156246  0.062  0.833  0.588  P  d2
  5087   2119.583  -0.347519  +0.424171  0.062  0.833  0.588  P  d1
  5088   2120.000  -0.603904  -1.595267  0.062  0.833  0.588  P  d2
  5089   2120.417  +1.456262  +0.779215  0.062  0.833  0.588  P  d1
  5090   2120.833  -0.162907  +0.314920  0.062  0.833  0.588  P  d0
  5091   2121.250  -0.419267  +0.481699  0.062  0.833  0.588  P  d1
  5092   2121.667  -0.092085  -0.431325  0.062  0.833  0.588  P  d2
  5093   2122.083  -0.002303  +0.523009  0.062  0.833  0.588  P  d2
  5094   2122.500  +0.141949  -0.796529  0.062  0.833  0.588  P  d3
  5095   2122.917  -1.044709  +0.491519  0.062  0.833  0.588  P  d2
  5096   2123.333  +1.145702  -0.056222  0.062  0.833  0.588  P  d2
  5097   2123.750  -1.101987  -0.369594  0.062  0.833  0.588  P  d2
  5098   2124.167  +0.740837  -0.235150  0.062  0.833  0.588  P  d3
  5099   2124.583  +0.088479  -0.492385  0.062  0.833  0.588  P  d1
  5100   2125.000  +1.264768  +1.179368  0.062  0.833  0.588  P  d2
  5101   2125.417  -2.066484  -0.055094  0.062  0.833  0.588  P  d2
  5102   2125.833  +1.001998  -0.171278  0.062  0.833  0.588  P  d2
  5103   2126.250  -0.339925  +0.438588  0.062  0.833  0.588  P  d1
  5104   2126.667  -0.620973  -1.611630  0.062  0.833  0.588  P  d2
  5105   2127.083  +1.478302  +0.793271  0.062  0.833  0.588  P  d1
  5106   2127.500  -0.172395  +0.323552  0.062  0.833  0.588  P  d0
  5107   2127.917  -0.430367  +0.464755  0.062  0.833  0.588  P  d1
  5108   2128.333  -0.082233  -0.423001  0.062  0.833  0.588  P  d2
  5109   2128.750  -0.010641  +0.508638  0.062  0.833  0.588  P  d2
  5110   2129.167  +0.149512  -0.787278  0.062  0.833  0.588  P  d3
  5111   2129.583  -1.028476  +0.487874  0.062  0.833  0.588  P  d2
  5112   2130.000  +1.132904  -0.044288  0.062  0.833  0.588  P  d2
  5113   2130.417  -1.093319  -0.367597  0.062  0.833  0.588  P  d2
  5114   2130.833  +0.707893  -0.230530  0.062  0.833  0.588  P  d3
  5115   2131.250  +0.106000  -0.510023  0.062  0.833  0.588  P  d1
  5116   2131.667  +1.262522  +1.179435  0.062  0.833  0.588  P  d2
  5117   2132.083  -2.051671  -0.049596  0.062  0.833  0.588  P  d2
  5118   2132.500  +0.978628  -0.170842  0.062  0.833  0.588  P  d2
  5119   2132.917  -0.324968  +0.428945  0.062  0.833  0.588  P  d1
  5120   2133.333  -0.616987  -1.612833  0.062  0.833  0.588  P  d2
  5121   2133.750  +1.472126  +0.810746  0.062  0.833  0.588  P  d1
  5122   2134.167  -0.167235  +0.303525  0.062  0.833  0.588  P  d0
  5123   2134.583  -0.421489  +0.472629  0.062  0.833  0.588  P  d1
  5124   2135.000  -0.089140  -0.402172  0.062  0.833  0.588  P  d2
  5125   2135.417  -0.010273  +0.502118  0.062  0.833  0.588  P  d2
  5126   2135.833  +0.132812  -0.787348  0.062  0.833  0.588  P  d3
  5127   2136.250  -1.044606  +0.472553  0.062  0.833  0.588  P  d2
  5128   2136.667  +1.175136  -0.047766  0.062  0.833  0.588  P  d2
  5129   2137.083  -1.120690  -0.362680  0.062  0.833  0.588  P  d2
  5130   2137.500  +0.733595  -0.226559  0.062  0.833  0.588  P  d3
  5131   2137.917  +0.083129  -0.506919  0.062  0.833  0.588  P  d1
  5132   2138.333  +1.280315  +1.173274  0.062  0.833  0.588  P  d2
  5133   2138.750  -2.071218  -0.049138  0.062  0.833  0.588  P  d2
  5134   2139.167  +0.997810  -0.170007  0.062  0.833  0.588  P  d2
  5135   2139.583  -0.330884  +0.435971  0.062  0.833  0.588  P  d1
  5136   2140.000  -0.624116  -1.620136  0.062  0.833  0.588  P  d2
  5137   2140.417  +1.481833  +0.800534  0.062  0.833  0.588  P  d1
  5138   2140.833  -0.166763  +0.337801  0.062  0.833  0.588  P  d0
  5139   2141.250  -0.433260  +0.453742  0.062  0.833  0.588  P  d1
  5140   2141.667  -0.093566  -0.415919  0.062  0.833  0.588  P  d2
  5141   2142.083  -0.001673  +0.510209  0.062  0.833  0.588  P  d2
  5142   2142.500  +0.143577  -0.792073  0.062  0.833  0.588  P  d3
  5143   2142.917  -1.044502  +0.489853  0.062  0.833  0.588  P  d2
  5144   2143.333  +1.147335  -0.054681  0.062  0.833  0.588  P  d2
  5145   2143.750  -1.100779  -0.375139  0.062  0.833  0.588  P  d2
  5146   2144.167  +0.750197  -0.223479  0.062  0.833  0.588  P  d3
  5147   2144.583  +0.064158  -0.496044  0.062  0.833  0.588  P  d1
  5148   2145.000  +1.276026  +1.174621  0.062  0.833  0.588  P  d2
  5149   2145.417  -2.063069  -0.052594  0.062  0.833  0.588  P  d2
  5150   2145.833  +0.996793  -0.177865  0.062  0.833  0.588  P  d2
  5151   2146.250  -0.327501  +0.443207  0.062  0.833  0.588  P  d1
  5152   2146.667  -0.636216  -1.605760  0.062  0.833  0.588  P  d2
  5153   2147.083  +1.481112  +0.784201  0.062  0.833  0.588  P  d1
  5154   2147.500  -0.166240  +0.318109  0.062  0.833  0.588  P  d0
  5155   2147.917  -0.417924  +0.477328  0.062  0.833  0.588  P  d1
  5156   2148.333  -0.100541  -0.416239  0.062  0.833  0.588  P  d2
  5157   2148.750  -0.014072  +0.497076  0.062  0.833  0.588  P  d2
  5158   2149.167  +0.162940  -0.787807  0.062  0.833  0.588  P  d3
  5159   2149.583  -1.039476  +0.494181  0.062  0.833  0.588  P  d2
  5160   2150.000  +1.141069  -0.049331  0.062  0.833  0.588  P  d2
  5161   2150.417  -1.101743  -0.363432  0.062  0.833  0.588  P  d2
  5162   2150.833  +0.710638  -0.238062  0.062  0.833  0.588  P  d3
  5163   2151.250  +0.107625  -0.505796  0.062  0.833  0.588  P  d1
  5164   2151.667  +1.269152  +1.167821  0.062  0.833  0.588  P  d2
  5165   2152.083  -2.051922  -0.028346  0.062  0.833  0.588  P  d2
  5166   2152.500  +0.974509  -0.175999  0.062  0.786  0.588  P  d2
  5167   2152.917  -0.322490  +0.429901  0.062  0.786  0.588  P  d1
  5168   2153.333  -0.628408  -1.609451  0.062  0.786  0.588  P  d2
  5169   2153.750  +1.471885  +0.797140  0.062  0.786  0.588  P  d1
  5170   2154.167  -0.174898  +0.315662  0.062  0.786  0.588  P  d0
  5171   2154.583  -0.400075  +0.452067  0.062  0.786  0.588  P  d1
  5172   2155.000  -0.098973  -0.401549  0.062  0.786  0.588  P  d2
  5173   2155.417  -0.001727  +0.517657  0.062  0.786  0.588  P  d2
  5174   2155.833  +0.132167  -0.803543  0.062  0.786  0.588  P  d3
  5175   2156.250  -1.024456  +0.497520  0.062  0.786  0.588  P  d2
  5176   2156.667  +1.138040  -0.049998  0.062  0.786  0.588  P  d2
  5177   2157.083  -1.106125  -0.367081  0.062  0.786  0.588  P  d2
  5178   2157.500  +0.727727  -0.230564  0.062  0.743  0.588  P  d3
  5179   2157.917  +0.082044  -0.508237  0.062  0.743  0.588  P  d1
  5180   2158.333  +1.287596  +1.167999  0.062  0.743  0.588  P  d2
  5181   2158.750  -2.073116  -0.033488  0.062  0.743  0.588  P  d2
  5182   2159.167  +0.993259  -0.187704  0.062  0.743  0.588  P  d2
  5183   2159.583  -0.322768  +0.445629  0.062  0.743  0.588  P  d1
  5184   2160.000  -0.632678  -1.612559  0.062  0.743  0.588  P  d2
  5185   2160.417  +1.480061  +0.786856  0.062  0.743  0.588  P  d1
  5186   2160.833  -0.164817  +0.330579  0.062  0.743  0.588  P  d0
  5187   2161.250  -0.421413  +0.458120  0.062  0.743  0.588  P  d1
  5188   2161.667  -0.095149  -0.401432  0.062  0.743  0.588  P  d2
  5189   2162.083  -0.003973  +0.497770  0.062  0.743  0.588  P  d2
  5190   2162.500  +0.144446  -0.785156  0.062  0.698  0.588  P  d3
  5191   2162.917  -1.050662  +0.497295  0.062  0.698  0.588  P  d2
  5192   2163.333  +1.152563  -0.063495  0.062  0.698  0.588  P  d2
  5193   2163.750  -1.109519  -0.368886  0.062  0.698  0.588  P  d2
  5194   2164.167  +0.746015  -0.226222  0.062  0.698  0.588  P  d3
  5195   2164.583  +0.064148  -0.506755  0.062  0.698  0.588  P  d1
  5196   2165.000  +1.291142  +1.156548  0.062  0.698  0.588  P  d2
  5197   2165.417  -2.053209  -0.016629  0.062  0.698  0.588  P  d2
  5198   2165.833  +0.983543  -0.181506  0.062  0.698  0.588  P  d2
  5199   2166.250  -0.320582  +0.437938  0.062  0.698  0.588  P  d1
  5200   2166.667  -0.663769  -1.591932  0.062  0.698  0.588  P  d2
  5201   2167.083  +1.485099  +0.763008  0.062  0.698  0.588  P  d1
  5202   2167.500  -0.150683  +0.311093  0.062  0.660  0.588  P  d0
  5203   2167.917  -0.416028  +0.478495  0.062  0.660  0.588  P  d1
  5204   2168.333  -0.100841  -0.407537  0.062  0.660  0.588  P  d2
  5205   2168.750  +0.001341  +0.496452  0.062  0.660  0.588  P  d2
  5206   2169.167  +0.142361  -0.773513  0.062  0.660  0.588  P  d3
  5207   2169.583  -1.038203  +0.487110  0.062  0.660  0.588  P  d2
  5208   2170.000  +1.143762  -0.054975  0.062  0.660  0.597  P  d2
  5209   2170.417  -1.108558  -0.351418  0.062  0.660  0.597  P  d2
  5210   2170.833  +0.720687  -0.251258  0.062  0.660  0.597  P  d3
  5211   2171.250  +0.091963  -0.502553  0.062  0.660  0.597  P  d1
  5212   2171.667  +1.275305  +1.161506  0.062  0.660  0.597  P  d2
  5213   2172.083  -2.042967  -0.022597  0.062  0.660  0.597  P  d2
  5214   2172.500  +0.971871  -0.177757  0.062  0.653  0.597  P  d2
  5215   2172.917  -0.318613  +0.430025  0.062  0.653  0.597  P  d1
  5216   2173.333  -0.650413  -1.598686  0.062  0.653  0.597  P  d2
  5217   2173.750  +1.489277  +0.778847  0.062  0.653  0.597  P  d1
  5218   2174.167  -0.164440  +0.309925  0.062  0.653  0.597  P  d0
  5219   2174.583  -0.412140  +0.474026  0.062  0.653  0.597  P  d1
  5220   2175.000  -0.091250  -0.409732  0.062  0.653  0.597  P  d2
  5221   2175.417  -0.006671  +0.524634  0.062  0.653  0.597  P  d2
  5222   2175.833  +0.131070  -0.808102  0.062  0.653  0.597  P  d3
  5223   2176.250  -1.026309  +0.500679  0.062  0.653  0.597  P  d2
  5224   2176.667  +1.138975  -0.050692  0.062  0.653  0.588  P  d2
  5225   2177.083  -1.116615  -0.362668  0.062  0.653  0.588  P  d2
  5226   2177.500  +0.739363  -0.247872  0.062  0.653  0.588  P  d3
  5227   2177.917  +0.069675  -0.500386  0.062  0.653  0.588  P  d1
  5228   2178.333  +1.300861  +1.153744  0.062  0.653  0.588  P  d2
  5229   2178.750  -2.061995  -0.013803  0.062  0.653  0.588  P  d2
  5230   2179.167  +0.980393  -0.187574  0.062  0.653  0.588  P  d2
  5231   2179.583  -0.320083  +0.442503  0.062  0.653  0.588  P  d1
  5232   2180.000  -0.645841  -1.607964  0.062  0.653  0.588  P  d2
  5233   2180.417  +1.491209  +0.775624  0.062  0.653  0.588  P  d1
  5234   2180.833  -0.163496  +0.331008  0.062  0.653  0.588  P  d0
  5235   2181.250  -0.423263  +0.466087  0.062  0.653  0.588  P  d1
  5236   2181.667  -0.094124  -0.405300  0.062  0.653  0.588  P  d2
  5237   2182.083  -0.006767  +0.499376  0.062  0.653  0.588  P  d2
  5238   2182.500  +0.147236  -0.788544  0.062  0.652  0.588  P  d3
  5239   2182.917  -1.049774  +0.501404  0.062  0.652  0.588  P  d2
  5240   2183.333  +1.155033  -0.063369  0.062  0.652  0.579  P  d2
  5241   2183.750  -1.115249  -0.363535  0.062  0.652  0.579  P  d2
  5242   2184.167  +0.740711  -0.229590  0.062  0.652  0.579  P  d3
  5243   2184.583  +0.062416  -0.510335  0.062  0.652  0.579  P  d1
  5244   2185.000  +1.299722  +1.146560  0.062  0.652  0.579  P  d2
  5245   2185.417  -2.052628  -0.006694  0.062  0.652  0.579  P  d2
  5246   2185.833  +0.983096  -0.182992  0.062  0.652  0.579  P  d2
  5247   2186.250  -0.319709  +0.440645  0.062  0.652  0.579  P  d1
  5248   2186.667  -0.669041  -1.593467  0.062  0.652  0.579  P  d2
  5249   2187.083  +1.490344  +0.756344  0.062  0.652  0.579  P  d1
  5250   2187.500  -0.146519  +0.318212  0.062  0.643  0.579  P  d0
  5251   2187.917  -0.417620  +0.480474  0.062  0.643  0.579  P  d1
  5252   2188.333  -0.104519  -0.406979  0.062  0.643  0.579  P  d2
  5253   2188.750  +0.003294  +0.494881  0.062  0.643  0.579  P  d2
  5254   2189.167  +0.143259  -0.767857  0.062  0.643  0.579  P  d3
  5255   2189.583  -1.055829  +0.492257  0.062  0.643  0.579  P  d2
  5256   2190.000  +1.158659  -0.080681  0.062  0.643  0.567  P  d2
  5257   2190.417  -1.108760  -0.335931  0.062  0.643  0.567  P  d2
  5258   2190.833  +0.715922  -0.250034  0.062  0.643  0.567  P  d3
  5259   2191.250  +0.081070  -0.508120  0.062  0.643  0.567  P  d1
  5260   2191.667  +1.309890  +1.142464  0.062  0.643  0.567  P  d2
  5261   2192.083  -2.060293  +0.017676  0.062  0.643  0.567  P  d2
  5262   2192.500  +0.964906  -0.207925  0.062  0.634  0.567  P  d2
  5263   2192.917  -0.303746  +0.440975  0.062  0.634  0.567  P  d1
  5264   2193.333  -0.655921  -1.579956  0.062  0.634  0.567  P  d2
  5265   2193.750  +1.476996  +0.749805  0.062  0.634  0.567  P  d1
  5266   2194.167  -0.152634  +0.331059  0.062  0.634  0.567  P  d0
  5267   2194.583  -0.420661  +0.465630  0.062  0.634  0.567  P  d1
  5268   2195.000  -0.093336  -0.412372  0.062  0.634  0.567  P  d2
  5269   2195.417  -0.000852  +0.521798  0.062  0.634  0.567  P  d2
  5270   2195.833  +0.137197  -0.811311  0.062  0.634  0.567  P  d3
  5271   2196.250  -1.055609  +0.513162  0.062  0.634  0.567  P  d2
  5272   2196.667  +1.176414  -0.059439  0.062  0.634  0.554  P  d2
  5273   2197.083  -1.107214  -0.382186  0.062  0.634  0.554  P  d2
  5274   2197.500  +0.707392  -0.217877  0.062  0.625  0.554  P  d3
  5275   2197.917  +0.067904  -0.497529  0.062  0.625  0.554  P  d1
  5276   2198.333  +1.339416  +1.150131  0.062  0.625  0.554  P  d2
  5277   2198.750  -2.081006  -0.019114  0.062  0.625  0.554  P  d2
  5278   2199.167  +0.950666  -0.192737  0.062  0.625  0.554  P  d1
  5279   2199.583  -0.291280  +0.461944  0.062  0.625  0.554  P  d1
  5280   2200.000  -0.658670  -1.593588  0.062  0.625  0.554  P  d2
  5281   2200.417  +1.485377  +0.736436  0.062  0.625  0.554  P  d1
  5282   2200.833  -0.182805  +0.316169  0.062  0.625  0.554  P  d0
  5283   2201.250  -0.398692  +0.499649  0.047  0.625  0.554  P  d1
  5284   2201.667  -0.086452  -0.429845  0.047  0.625  0.554  P  d2
  5285   2202.083  +0.012384  +0.496737  0.047  0.625  0.554  P  d2
  5286   2202.500  +0.099466  -0.788015  0.047  0.592  0.554  P  d3
  5287   2202.917  -1.017094  +0.516008  0.047  0.592  0.554  P  d2
  5288   2203.333  +1.173918  -0.070313  0.047  0.592  0.541  P  d2
  5289   2203.750  -1.114975  -0.365396  0.047  0.592  0.541  P  d2
  5290   2204.167  +0.718578  -0.235203  0.047  0.592  0.541  P  d3
  5291   2204.583  +0.074168  -0.478215  0.047  0.592  0.541  P  d1
  5292   2205.000  +1.333639  +1.156725  0.047  0.592  0.541  P  d2
  5293   2205.417  -2.069974  -0.003701  0.047  0.592  0.541  P  d2
  5294   2205.833  +0.933203  -0.179374  0.047  0.592  0.541  P  d1
  5295   2206.250  -0.311632  +0.468744  0.047  0.592  0.541  P  d1
  5296   2206.667  -0.662259  -1.598117  0.047  0.592  0.541  P  d2
  5297   2207.083  +1.458269  +0.731903  0.047  0.592  0.541  P  d1
  5298   2207.500  -0.198046  +0.314367  0.047  0.570  0.541  P  d0
  5299   2207.917  -0.432745  +0.456479  0.031  0.570  0.541  P  d1
  5300   2208.333  -0.087775  -0.460664  0.031  0.570  0.541  P  d2
  5301   2208.750  +0.002739  +0.438005  0.031  0.570  0.541  P  d2
  5302   2209.167  +0.101757  -0.873335  0.031  0.570  0.541  P  d3
  5303   2209.583  -0.928541  +0.450456  0.031  0.570  0.541  P  d2
  5304   2210.000  +1.350586  -0.122366  0.031  0.570  0.528  P  d3
  5305   2210.417  -0.215349  -0.319352  0.031  0.570  0.528  P  d2
  5306   2210.833  +0.159445  +1.321682  0.031  0.570  0.528  P  d1
  5307   2211.250  -1.788870  -0.794899  0.031  0.570  0.528  P  d1
  5308   2211.667  +1.382211  -1.266640  0.031  0.570  0.528  P  d1
  5309   2212.083  +0.985288  +0.905010  0.031  0.570  0.528  P  d1
  5310   2212.500  -0.745724  +1.274164  0.031  0.410  0.528  P  d1
  5311   2212.917  -1.377951  -0.893090  0.031  0.410  0.528  P  d1
  5312   2213.333  +1.062583  -1.259896  0.031  0.410  0.528  P  d1
  5313   2213.750  +1.161647  +0.973830  0.031  0.410  0.528  P  d1
  5314   2214.167  -0.937646  +1.215178  0.031  0.410  0.528  P  d1
  5315   2214.583  -1.268384  -0.882467  0.016  0.410  0.528  P  d1
  5316   2215.000  +0.962258  -1.279065  0.016  0.410  0.528  P  d1
  5317   2215.417  +1.232301  +0.939417  0.016  0.410  0.528  P  d1
  5318   2215.833  -0.978682  +1.217721  0.016  0.410  0.528  P  d1
  5319   2216.250  -1.218438  -0.907415  0.016  0.410  0.528  P  d1
  5320   2216.667  +0.952146  -1.261923  0.016  0.410  0.532  P  d1
  5321   2217.083  +1.256282  +0.926491  0.016  0.410  0.532  P  d1
  5322   2217.500  -0.981338  +1.243224  0.016  0.255  0.532  P  d1
  5323   2217.917  -1.224142  -0.917867  0.016  0.255  0.532  P  d1
  5324   2218.333  +0.962405  -1.251556  0.016  0.255  0.532  P  d1
  5325   2218.750  +1.234718  +0.911636  0.016  0.255  0.532  P  d1
  5326   2219.167  -0.952808  +1.258770  0.016  0.255  0.532  P  d1
  5327   2219.583  -1.224952  -0.924344  0.016  0.255  0.532  P  d1
  5328   2220.000  +0.943127  -1.231939  0.016  0.255  0.532  P  d1
  5329   2220.417  +1.246894  +0.916474  0.016  0.255  0.532  P  d1
  5330   2220.833  -0.972882  +1.251235  0.016  0.255  0.532  P  d1
  5331   2221.250  -1.245024  -0.930263  0.000  0.255  0.532  P  d1
  5332   2221.667  +0.973120  -1.250283  0.000  0.255  0.532  P  d1
  5333   2222.083  +1.235578  +0.926526  0.000  0.255  0.532  P  d1
  5334   2222.500  -0.963105  +1.246771  0.000  0.172  0.532  P  d1
  5335   2222.917  -1.235561  -0.927724  0.000  0.172  0.532  P  d1
  5336   2223.333  +0.962201  -1.244385  0.000  0.172  0.528  P  d1
  5337   2223.750  +1.238337  +0.923235  0.000  0.172  0.528  P  d1
  5338   2224.167  -0.958529  +1.246912  0.000  0.172  0.528  P  d1
  5339   2224.583  -1.228287  -0.918646  0.000  0.172  0.528  P  d1
  5340   2225.000  +0.941518  -1.238265  0.000  0.172  0.528  P  d1
  5341   2225.417  +1.239610  +0.907243  0.000  0.172  0.528  P  d1
  5342   2225.833  -0.951934  +1.252435  0.000  0.172  0.528  P  d1
  5343   2226.250  -1.241634  -0.917794  0.000  0.172  0.528  P  d1
  5344   2226.667  +0.951308  -1.255666  0.000  0.172  0.528  P  d1
  5345   2227.083  +1.255360  +0.919383  0.000  0.172  0.528  P  d1
  5346   2227.500  -0.974553  +1.262904  0.000  0.085  0.528  T  d1
  5347   2227.917  -1.231126  -0.936688  0.000  0.085  0.528  T  d1
  5348   2228.333  +0.955702  -1.244833  0.000  0.085  0.528  T  d1
  5349   2228.750  +1.243144  +0.919805  0.000  0.085  0.528  T  d1
  5350   2229.167  -0.956282  +1.245394  0.000  0.085  0.528  T  d1
  5351   2229.583  -1.226200  -0.904892  0.000  0.085  0.528  T  d1
  5352   2230.000  +0.933292  -1.248814  0.000  0.085  0.515  T  d1
  5353   2230.417  +1.243050  +0.906725  0.000  0.085  0.515  T  d1
  5354   2230.833  -0.947837  +1.253810  0.000  0.085  0.515  T  d1
  5355   2231.250  -1.246678  -0.907428  0.000  0.085  0.515  T  d1
  5356   2231.667  +0.947625  -1.270493  0.000  0.085  0.515  T  d1
  5357   2232.083  +1.262827  +0.919246  0.000  0.085  0.515  T  d1
  5358   2232.500  -0.970205  +1.271505  0.000  0.142  0.515  P  d1
  5359   2232.917  -1.243012  -0.934135  0.000  0.142  0.515  P  d1
  5360   2233.333  +0.962146  -1.251198  0.000  0.142  0.515  P  d1
  5361   2233.750  +1.239975  +0.919813  0.000  0.142  0.515  P  d1
  5362   2234.167  -0.952887  +1.245089  0.000  0.142  0.515  P  d1
  5363   2234.583  -1.228221  -0.902586  0.000  0.142  0.515  P  d1
  5364   2235.000  +0.934382  -1.249689  0.000  0.142  0.515  P  d1
  5365   2235.417  +1.241941  +0.907048  0.000  0.142  0.515  P  d1
  5366   2235.833  -0.947238  +1.253910  0.000  0.142  0.515  P  d1
  5367   2236.250  -1.247652  -0.906916  0.000  0.142  0.515  P  d1
  5368   2236.667  +0.947204  -1.271585  0.000  0.142  0.502  P  d1
  5369   2237.083  +1.260085  +0.912430  0.000  0.142  0.502  P  d1
  5370   2237.500  -0.959301  +1.277081  0.000  0.224  0.502  P  d1
  5371   2237.917  -1.246328  -0.926228  0.000  0.224  0.502  P  d1
  5372   2238.333  +0.947657  -1.259080  0.000  0.224  0.502  P  d1
  5373   2238.750  +1.267093  +0.912667  0.000  0.224  0.502  P  d1
  5374   2239.167  -0.970210  +1.263687  0.000  0.224  0.502  P  d1
  5375   2239.583  -1.237648  -0.908007  0.000  0.224  0.502  P  d1
  5376   2240.000  +0.947565  -1.257435  0.000  0.224  0.502  P  d1
  5377   2240.417  +1.235663  +0.907972  0.000  0.224  0.502  P  d1
  5378   2240.833  -0.939020  +1.252470  0.000  0.224  0.502  P  d1
  5379   2241.250  -1.252946  -0.902211  0.000  0.224  0.502  P  d1
  5380   2241.667  +0.948155  -1.271275  0.000  0.224  0.502  P  d1
  5381   2242.083  +1.259914  +0.909590  0.000  0.224  0.502  P  d1
  5382   2242.500  -0.959343  +1.278624  0.000  0.289  0.502  P  d1
  5383   2242.917  -1.245982  -0.926852  0.000  0.289  0.502  P  d1
  5384   2243.333  +0.947318  -1.258143  0.000  0.289  0.506  P  d1
  5385   2243.750  +1.267445  +0.910071  0.000  0.289  0.506  P  d1
  5386   2244.167  -0.969305  +1.267458  0.000  0.289  0.506  P  d1
  5387   2244.583  -1.237889  -0.907778  0.000  0.289  0.506  P  d1
  5388   2245.000  +0.944344  -1.256185  0.000  0.289  0.506  P  d1
  5389   2245.417  +1.236715  +0.897594  0.000  0.289  0.506  P  d1
  5390   2245.833  -0.936329  +1.263540  0.000  0.289  0.506  P  d1
  5391   2246.250  -1.255348  -0.903532  0.000  0.289  0.506  P  d1
  5392   2246.667  +0.944949  -1.275179  0.000  0.289  0.506  P  d1
  5393   2247.083  +1.262322  +0.905009  0.000  0.289  0.506  P  d1
  5394   2247.500  -0.947583  +1.283213  0.000  0.337  0.506  P  d1
  5395   2247.917  -1.258802  -0.921215  0.000  0.337  0.506  P  d1
  5396   2248.333  +0.946034  -1.261326  0.000  0.337  0.506  P  d1
  5397   2248.750  +1.273403  +0.905211  0.000  0.337  0.506  P  d1
  5398   2249.167  -0.971303  +1.269719  0.000  0.337  0.506  P  d1
  5399   2249.583  -1.234354  -0.906758  0.000  0.337  0.506  P  d1
  5400   2250.000  +0.938945  -1.256311  0.000  0.337  0.498  P  d1
  5401   2250.417  +1.243186  +0.894772  0.000  0.337  0.498  P  d1
  5402   2250.833  -0.934965  +1.268207  0.000  0.337  0.498  P  d1
  5403   2251.250  -1.259228  -0.898718  0.000  0.337  0.498  P  d1
  5404   2251.667  +0.944963  -1.276039  0.000  0.337  0.498  P  d1
  5405   2252.083  +1.258621  +0.906779  0.000  0.337  0.498  P  d1
  5406   2252.500  -0.949364  +1.282956  0.000  0.395  0.498  P  d1
  5407   2252.917  -1.262719  -0.921856  0.000  0.395  0.498  P  d1
  5408   2253.333  +0.944174  -1.264198  0.000  0.395  0.498  P  d1
  5409   2253.750  +1.271178  +0.899900  0.000  0.395  0.498  P  d1
  5410   2254.167  -0.970079  +1.267600  0.000  0.395  0.498  P  d1
  5411   2254.583  -1.233869  -0.912993  0.000  0.395  0.498  P  d1
  5412   2255.000  +0.941141  -1.262695  0.000  0.395  0.498  P  d1
  5413   2255.417  +1.250425  +0.890148  0.000  0.395  0.498  P  d1
  5414   2255.833  -0.925216  +1.263216  0.000  0.395  0.498  P  d1
  5415   2256.250  -1.237198  -0.893170  0.000  0.395  0.498  P  d1
  5416   2256.667  +0.935054  -1.260268  0.000  0.395  0.562  P  d1
  5417   2257.083  +1.266409  +0.910214  0.000  0.395  0.562  P  d1
  5418   2257.500  -0.936603  +1.293228  0.000  0.440  0.562  P  d1
  5419   2257.917  -1.267218  -0.894842  0.000  0.440  0.562  P  d1
  5420   2258.333  +0.931706  -1.243427  0.000  0.440  0.562  P  d1
  5421   2258.750  +1.244907  +0.926793  0.000  0.440  0.562  P  d1
  5422   2259.167  -0.959102  +1.276275  0.000  0.440  0.562  P  d1
  5423   2259.583  -1.314865  -0.866873  0.000  0.440  0.562  P  d1
  5424   2260.000  +0.840862  -1.280585  0.000  0.440  0.562  P  d1
  5425   2260.417  +0.454932  +0.810824  0.000  0.440  0.562  P  d2
  5426   2260.833  +0.070331  -0.350592  0.000  0.440  0.562  P  d1
  5427   2261.250  +0.862036  +0.273896  0.000  0.440  0.562  P  d1
  5428   2261.667  -0.866117  +1.579331  0.000  0.440  0.562  P  d1
  5429   2262.083  -1.300320  -1.166276  0.016  0.440  0.562  P  d1
  5430   2262.500  +0.870872  -1.171493  0.016  0.477  0.562  P  d1
  5431   2262.917  +1.294387  +0.835735  0.016  0.477  0.562  P  d1
  5432   2263.333  -0.909978  +1.299873  0.016  0.477  0.631  P  d1
  5433   2263.750  -1.275859  -0.992108  0.016  0.477  0.631  P  d1
  5434   2264.167  +0.920554  -1.250598  0.016  0.477  0.631  P  d1
  5435   2264.583  +1.263172  +0.910356  0.016  0.477  0.631  P  d1
  5436   2265.000  -0.862452  +1.271158  0.016  0.477  0.631  P  d1
  5437   2265.417  -1.278700  -0.929107  0.016  0.477  0.631  P  d1
  5438   2265.833  +0.902806  -1.251600  0.016  0.477  0.631  P  d1
  5439   2266.250  +1.258417  +0.922989  0.016  0.477  0.631  P  d1
  5440   2266.667  -0.877840  +1.258295  0.016  0.477  0.631  P  d1
  5441   2267.083  -1.259155  -0.927439  0.016  0.477  0.631  P  d1
  5442   2267.500  +0.891696  -1.252050  0.016  0.504  0.631  P  d1
  5443   2267.917  +1.268759  +0.932454  0.016  0.504  0.631  P  d1
  5444   2268.333  -0.884714  +1.264635  0.016  0.504  0.631  P  d1
  5445   2268.750  -1.284812  -0.926378  0.016  0.504  0.631  P  d1
  5446   2269.167  +0.887328  -1.253275  0.016  0.504  0.631  P  d1
  5447   2269.583  +1.282542  +0.928189  0.016  0.504  0.631  P  d1
  5448   2270.000  -0.896910  +1.298719  0.016  0.504  0.700  P  d1
  5449   2270.417  -0.973670  -1.089838  0.016  0.504  0.700  P  d1
  5450   2270.833  +0.518189  -0.519744  0.016  0.504  0.700  P  d1
  5451   2271.250  +0.373898  +0.495952  0.016  0.504  0.700  P  d2
  5452   2271.667  -0.046091  -0.186206  0.016  0.504  0.700  P  d2
  5453   2272.083  -0.005203  +0.158259  0.016  0.504  0.700  P  d2
  5454   2272.500  -0.029774  -0.053022  0.016  0.506  0.700  P  d2
  5455   2272.917  -0.006002  +0.100855  0.016  0.506  0.700  P  d2
  5456   2273.333  +0.002135  -0.035923  0.016  0.506  0.700  P  d2
  5457   2273.750  -0.011982  +0.014237  0.016  0.506  0.700  P  d1
  5458   2274.167  -0.038621  -0.016090  0.016  0.506  0.700  P  d3
  5459   2274.583  +0.007450  +0.030099  0.016  0.506  0.700  P  d2
  5460   2275.000  +0.009468  -0.019752  0.016  0.506  0.700  P  d0
  5461   2275.417  -0.002268  -0.025728  0.016  0.506  0.700  P  d3
  5462   2275.833  -0.026720  +0.002270  0.016  0.506  0.700  P  d3
  5463   2276.250  +0.014232  +0.013209  0.016  0.506  0.700  P  d3
  5464   2276.667  +0.020376  -0.008644  0.016  0.506  0.768  P  d3
  5465   2277.083  -0.002221  -0.023362  0.016  0.506  0.768  P  d3
  5466   2277.500  -0.018951  +0.009913  0.016  0.493  0.768  P  d3
  5467   2277.917  +0.009262  +0.016750  0.016  0.493  0.768  P  d3
  5468   2278.333  +0.022067  -0.001827  0.016  0.493  0.768  P  d3
  5469   2278.750  -0.006494  -0.020101  0.016  0.493  0.768  P  d3
  5470   2279.167  -0.019949  +0.008812  0.016  0.493  0.768  P  d3
  5471   2279.583  +0.007679  +0.020700  0.016  0.493  0.768  P  d3
  5472   2280.000  +0.019795  -0.004615  0.016  0.493  0.768  P  d3
  5473   2280.417  -0.009315  -0.018520  0.016  0.493  0.768  P  d3
  5474   2280.833  -0.020633  +0.007568  0.016  0.493  0.768  P  d3
  5475   2281.250  +0.006602  +0.016291  0.016  0.493  0.768  P  d3
  5476   2281.667  +0.020366  -0.003635  0.016  0.493  0.768  P  d3
  5477   2282.083  -0.009442  -0.021134  0.016  0.493  0.768  P  d3
  5478   2282.500  -0.018733  +0.005153  0.016  0.469  0.768  P  d3
  5479   2282.917  +0.008758  +0.020149  0.016  0.469  0.768  P  d3
  5480   2283.333  +0.016518  -0.005997  0.016  0.469  0.837  P  d3
  5481   2283.750  -0.004618  -0.023237  0.016  0.469  0.837  P  d3
  5482   2284.167  -0.019180  +0.009667  0.016  0.469  0.837  P  d3
  5483   2284.583  +0.006358  +0.020891  0.016  0.469  0.837  P  d3
  5484   2285.000  +0.017727  -0.009469  0.016  0.469  0.837  P  d3
  5485   2285.417  -0.005246  -0.019020  0.016  0.469  0.837  P  d3
  5486   2285.833  -0.017809  +0.003430  0.016  0.469  0.837  P  d3
  5487   2286.250  +0.005862  +0.026022  0.016  0.469  0.837  P  d3
  5488   2286.667  +0.017992  -0.007162  0.016  0.469  0.837  P  d3
  5489   2287.083  -0.006558  -0.025358  0.016  0.469  0.837  P  d3
  5490   2287.500  -0.018089  +0.011016  0.016  0.431  0.837  P  d3
  5491   2287.917  +0.005042  +0.017413  0.016  0.431  0.837  P  d3
  5492   2288.333  +0.022810  -0.004923  0.016  0.431  0.837  P  d3
  5493   2288.750  -0.008637  -0.020025  0.000  0.431  0.837  P  d3
  5494   2289.167  -0.018906  +0.006370  0.000  0.431  0.837  P  d3
  5495   2289.583  +0.005462  +0.021797  0.000  0.431  0.837  P  d3
  5496   2290.000  +0.019818  -0.008206  0.000  0.431  0.901  P  d3
  5497   2290.417  -0.005984  -0.019293  0.000  0.431  0.901  P  d3
  5498   2290.833  -0.021990  +0.005964  0.000  0.431  0.901  P  d3
  5499   2291.250  +0.008129  +0.019467  0.000  0.431  0.901  P  d3
  5500   2291.667  +0.019250  -0.005869  0.000  0.431  0.901  P  d3
  5501   2292.083  -0.005069  -0.020589  0.000  0.431  0.901  P  d3
  5502   2292.500  -0.022041  +0.006455  0.000  0.377  0.901  P  d3
  5503   2292.917  +0.006821  +0.018815  0.000  0.377  0.901  P  d3
  5504   2293.333  +0.023463  -0.005400  0.000  0.377  0.901  P  d3
  5505   2293.750  -0.008823  -0.020508  0.000  0.377  0.901  P  d3
  5506   2294.167  -0.018607  +0.009320  0.000  0.377  0.901  P  d3
  5507   2294.583  +0.005390  +0.018382  0.000  0.377  0.901  P  d3
  5508   2295.000  +0.018221  -0.005646  0.000  0.377  0.901  P  d3
  5509   2295.417  -0.005350  -0.021440  0.000  0.377  0.901  P  d3
  5510   2295.833  -0.020019  +0.006723  0.000  0.377  0.901  P  d3
  5511   2296.250  +0.006765  +0.019839  0.000  0.377  0.901  P  d3
  5512   2296.667  +0.019155  -0.005229  0.000  0.377  0.979  P  d3
  5513   2297.083  -0.005858  -0.023144  0.000  0.377  0.979  P  d3
  5514   2297.500  -0.019487  +0.008599  0.000  0.298  0.979  P  d3
  5515   2297.917  +0.006143  +0.019031  0.000  0.298  0.979  P  d3
  5516   2298.333  +0.022464  -0.005471  0.000  0.298  0.979  P  d3
  5517   2298.750  -0.008560  -0.018397  0.000  0.298  0.979  P  d3
  5518   2299.167  -0.020818  +0.005831  0.000  0.298  0.979  P  d3
  5519   2299.583  +0.006477  +0.019462  0.000  0.298  0.979  P  d3
  5520   2300.000  +0.018923  -0.007579  0.000  0.298  0.979  P  d3
  5521   2300.417  -0.004496  -0.019902  0.000  0.298  0.979  P  d3
  5522   2300.833  -0.019859  +0.008784  0.000  0.298  0.979  P  d3
  5523   2301.250  +0.004651  +0.016703  0.000  0.298  0.979  P  d3
  5524   2301.667  +0.021304  -0.004457  0.000  0.298  0.979  P  d3
  5525   2302.083  -0.007807  -0.021042  0.000  0.298  0.979  P  d3
  5526   2302.500  -0.019313  +0.004630  0.000  0.204  0.979  P  d3
  5527   2302.917  +0.009780  +0.022749  0.000  0.204  0.979  P  d3
  5528   2303.333  +0.018151  -0.007907  0.000  0.204  1.000  P  d3
  5529   2303.750  -0.005467  -0.018624  0.000  0.204  1.000  P  d3
  5530   2304.167  -0.021932  +0.009159  0.000  0.204  1.000  P  d3
  5531   2304.583  +0.007011  +0.018931  0.000  0.204  1.000  P  d3
  5532   2305.000  +0.016836  -0.007419  0.000  0.204  1.000  P  d3
  5533   2305.417  -0.005309  -0.021986  0.000  0.204  1.000  P  d3
  5534   2305.833  -0.019470  +0.005607  0.000  0.204  1.000  P  d3
  5535   2306.250  +0.008696  +0.020281  0.000  0.204  1.000  P  d3
  5536   2306.667  +0.019890  -0.002804  0.000  0.204  1.000  P  d3
  5537   2307.083  -0.007073  -0.022638  0.000  0.204  1.000  P  d3
  5538   2307.500  -0.021694  +0.007959  0.000  0.028  1.000  T  d3
  5539   2307.917  +0.005934  +0.017325  0.000  0.028  1.000  T  d3
  5540   2308.333  +0.024064  -0.004608  0.000  0.028  1.000  T  d3
  5541   2308.750  -0.009063  -0.020454  0.000  0.028  1.000  T  d3
  5542   2309.167  -0.018654  +0.006601  0.000  0.028  1.000  T  d3
  5543   2309.583  +0.005284  +0.022102  0.000  0.028  1.000  T  d3
  5544   2310.000  +0.019904  -0.008270  0.000  0.028  1.000  T  d3
  5545   2310.417  -0.006901  -0.018876  0.000  0.028  1.000  T  d3
  5546   2310.833  -0.020856  +0.003221  0.000  0.028  1.000  T  d3
  5547   2311.250  +0.008446  +0.020949  0.000  0.028  1.000  T  d3
  5548   2311.667  +0.020898  -0.004119  0.000  0.028  1.000  T  d3
  5549   2312.083  -0.007522  -0.021585  0.000  0.028  1.000  T  d3
  5550   2312.500  -0.019857  +0.007307  0.000  0.000  1.000  T  d3
  5551   2312.917  +0.004897  +0.019959  0.000  0.000  1.000  T  d3
  5552   2313.333  +0.020398  -0.005659  0.000  0.000  1.000  T  d3
  5553   2313.750  -0.005275  -0.023489  0.000  0.000  1.000  T  d3
  5554   2314.167  -0.020359  +0.009465  0.000  0.000  1.000  T  d3
  5555   2314.583  +0.006526  +0.019486  0.000  0.000  1.000  T  d3
  5556   2315.000  +0.018641  -0.006075  0.000  0.000  1.000  T  d3
  5557   2315.417  -0.005583  -0.020995  0.000  0.000  1.000  T  d3
  5558   2315.833  -0.019645  +0.006443  0.000  0.000  1.000  T  d3
  5559   2316.250  +0.006075  +0.020229  0.000  0.000  1.000  T  d3
  5560   2316.667  +0.020419  -0.007180  0.000  0.000  1.000  T  d3
  5561   2317.083  -0.006202  -0.020309  0.000  0.000  1.000  T  d3
  5562   2317.500  -0.019891  +0.009085  0.000  0.000  1.000  T  d3
  5563   2317.917  +0.005907  +0.016990  0.000  0.000  1.000  T  d3
  5564   2318.333  +0.021834  -0.004612  0.000  0.000  1.000  T  d3
  5565   2318.750  -0.007600  -0.019053  0.000  0.000  1.000  T  d3
  5566   2319.167  -0.020875  +0.006654  0.000  0.000  1.000  T  d3
  5567   2319.583  +0.006048  +0.018770  0.000  0.000  1.000  T  d3
  5568   2320.000  +0.019305  -0.005624  0.000  0.000  1.000  T  d3
  5569   2320.417  -0.006108  -0.021807  0.000  0.000  1.000  T  d3
  5570   2320.833  -0.017947  +0.006711  0.000  0.000  1.000  T  d3
  5571   2321.250  +0.003211  +0.020650  0.000  0.000  1.000  T  d3
  5572   2321.667  +0.023326  -0.007234  0.000  0.000  1.000  T  d3
  5573   2322.083  -0.008316  -0.020176  0.000  0.000  1.000  T  d3
  5574   2322.500  -0.019962  +0.005757  0.000  0.000  1.000  T  d3
  5575   2322.917  +0.010133  +0.022165  0.000  0.000  1.000  T  d3
  5576   2323.333  +0.015896  -0.006757  0.000  0.000  1.000  T  d3
  5577   2323.750  -0.003897  -0.022202  0.000  0.000  1.000  T  d3
  5578   2324.167  -0.020266  +0.009387  0.000  0.000  1.000  T  d3
  5579   2324.583  +0.005443  +0.022976  0.000  0.000  1.000  T  d3
  5580   2325.000  +0.017831  -0.012830  0.000  0.000  1.000  T  d3
  5581   2325.417  -0.004202  -0.016997  0.000  0.000  1.000  T  d3
  5582   2325.833  -0.019866  +0.006571  0.000  0.000  1.000  T  d3
  5583   2326.250  +0.005157  +0.018905  0.000  0.000  1.000  T  d3
  5584   2326.667  +0.019755  -0.005327  0.000  0.000  1.000  T  d3
  5585   2327.083  -0.005565  -0.023086  0.000  0.000  1.000  T  d3
  5586   2327.500  -0.019679  +0.009101  0.000  0.000  1.000  T  d3
  5587   2327.917  +0.006045  +0.018508  0.000  0.000  1.000  T  d3
  5588   2328.333  +0.021821  -0.005590  0.000  0.000  1.000  T  d3
  5589   2328.750  -0.007760  -0.019782  0.000  0.000  1.000  T  d3
  5590   2329.167  -0.019381  +0.006059  0.000  0.000  1.000  T  d3
  5591   2329.583  +0.006009  +0.022428  0.000  0.000  1.000  T  d3
  5592   2330.000  +0.019375  -0.009775  0.000  0.000  1.000  T  d3
  5593   2330.417  -0.004753  -0.017760  0.000  0.000  1.000  T  d3
  5594   2330.833  -0.022818  +0.007443  0.000  0.000  1.000  T  d3
  5595   2331.250  +0.007441  +0.017839  0.000  0.000  1.000  T  d3
  5596   2331.667  +0.018782  -0.005362  0.000  0.000  1.000  T  d3
  5597   2332.083  -0.005548  -0.023478  0.000  0.000  1.000  T  d3
  5598   2332.500  -0.019184  +0.008777  0.000  0.291  1.000  P  d3
  5599   2332.917  +0.005989  +0.018775  0.000  0.291  1.000  P  d3
  5600   2333.333  +0.023351  -0.005803  0.000  0.291  1.000  P  d3
  5601   2333.750  -0.007412  -0.017738  0.000  0.291  1.000  P  d3
  5602   2334.167  -0.023803  +0.007386  0.000  0.291  1.000  P  d3
  5603   2334.583  +0.008198  +0.017079  0.000  0.291  1.000  P  d3
  5604   2335.000  +0.020550  -0.005655  0.000  0.291  1.000  P  d3
  5605   2335.417  -0.007975  -0.019349  0.000  0.291  1.000  P  d3
  5606   2335.833  -0.019650  +0.005782  0.000  0.291  1.000  P  d3
  5607   2336.250  +0.007105  +0.018905  0.000  0.291  1.000  P  d3
  5608   2336.667  +0.019148  -0.004529  0.000  0.291  1.000  P  d3
  5609   2337.083  -0.005663  -0.023105  0.000  0.291  1.000  P  d3
  5610   2337.500  -0.019899  +0.008713  0.000  0.295  1.000  P  d3
  5611   2337.917  +0.006147  +0.018741  0.000  0.295  1.000  P  d3
  5612   2338.333  +0.022466  -0.005357  0.000  0.295  1.000  P  d3
  5613   2338.750  -0.008662  -0.019461  0.000  0.295  1.000  P  d3
  5614   2339.167  -0.019229  +0.005825  0.000  0.295  1.000  P  d3
  5615   2339.583  +0.005937  +0.022397  0.000  0.295  1.000  P  d3
  5616   2340.000  +0.018413  -0.009872  0.000  0.295  1.000  P  d3
  5617   2340.417  -0.004467  -0.019014  0.000  0.295  1.000  P  d3
  5618   2340.833  -0.020120  +0.008827  0.000  0.295  1.000  P  d3
  5619   2341.250  +0.002867  +0.018111  0.000  0.295  1.000  P  d3
  5620   2341.667  +0.023513  -0.009550  0.000  0.295  1.000  P  d3
  5621   2342.083  -0.007581  -0.017959  0.000  0.295  1.000  P  d3
  5622   2342.500  -0.017309  +0.007427  0.000  0.270  1.000  P  d3
  5623   2342.917  +0.004600  +0.019867  0.000  0.270  1.000  P  d3
  5624   2343.333  +0.018275  -0.005126  0.000  0.270  1.000  P  d3
  5625   2343.750  -0.004940  -0.024800  0.000  0.270  1.000  P  d3
  5626   2344.167  -0.017046  +0.009386  0.000  0.270  1.000  P  d3
  5627   2344.583  +0.004158  +0.023373  0.000  0.270  1.000  P  d3
  5628   2345.000  +0.020135  -0.009602  0.000  0.270  1.000  P  d3
  5629   2345.417  -0.009288  -0.017807  0.000  0.270  1.000  P  d3
  5630   2345.833  -0.018387  +0.004058  0.000  0.270  1.000  P  d3
  5631   2346.250  +0.006392  +0.019999  0.000  0.270  1.000  P  d3
  5632   2346.667  +0.019384  -0.005448  0.000  0.270  1.000  P  d3
  5633   2347.083  -0.005715  -0.022973  0.000  0.270  1.000  P  d3
  5634   2347.500  -0.018601  +0.008626  0.000  0.260  1.000  P  d3
  5635   2347.917  +0.005956  +0.019895  0.000  0.260  1.000  P  d3
  5636   2348.333  +0.019386  -0.005920  0.000  0.260  1.000  P  d3
  5637   2348.750  -0.005892  -0.020308  0.000  0.260  1.000  P  d3
  5638   2349.167  -0.019923  +0.005241  0.000  0.260  1.000  P  d3
  5639   2349.583  +0.006745  +0.022890  0.000  0.260  1.000  P  d3
  5640   2350.000  +0.019289  -0.008413  0.000  0.260  1.000  P  d3
  5641   2350.417  -0.005680  -0.018950  0.000  0.260  1.000  P  d3
  5642   2350.833  -0.021853  +0.005858  0.000  0.260  1.000  P  d3
  5643   2351.250  +0.007968  +0.022051  0.000  0.260  1.000  P  d3
  5644   2351.667  +0.017412  -0.009343  0.000  0.260  1.000  P  d3
  5645   2352.083  -0.003804  -0.019790  0.000  0.260  1.000  P  d3
  5646   2352.500  -0.021610  +0.007264  0.000  0.269  1.000  P  d3
  5647   2352.917  +0.006176  +0.018038  0.000  0.269  1.000  P  d3
  5648   2353.333  +0.022576  -0.004038  0.000  0.269  1.000  P  d3
  5649   2353.750  -0.007921  -0.022430  0.000  0.269  1.000  P  d3
  5650   2354.167  -0.018070  +0.007225  0.000  0.269  1.000  P  d3
  5651   2354.583  +0.004012  +0.021779  0.000  0.269  1.000  P  d3
  5652   2355.000  +0.022431  -0.007573  0.000  0.269  1.000  P  d3
  5653   2355.417  -0.006641  -0.017839  0.000  0.269  1.000  P  d3
  5654   2355.833  -0.023696  +0.004965  0.000  0.269  1.000  P  d3
  5655   2356.250  +0.008499  +0.020206  0.000  0.269  1.000  P  d3
  5656   2356.667  +0.018877  -0.006855  0.000  0.269  1.000  P  d3
  5657   2357.083  -0.005250  -0.021826  0.000  0.269  1.000  P  d3
  5658   2357.500  -0.020220  +0.008225  0.000  0.281  1.000  P  d3
  5659   2357.917  +0.006332  +0.018827  0.000  0.281  1.000  P  d3
  5660   2358.333  +0.022160  -0.005564  0.000  0.281  1.000  P  d3
  5661   2358.750  -0.008508  -0.019627  0.000  0.281  1.000  P  d3
  5662   2359.167  -0.018882  +0.005871  0.000  0.281  1.000  P  d3
  5663   2359.583  +0.005889  +0.022435  0.000  0.281  1.000  P  d3
  5664   2360.000  +0.018198  -0.009677  0.000  0.281  1.000  P  d3
  5665   2360.417  -0.004786  -0.018948  0.000  0.281  1.000  P  d3
  5666   2360.833  -0.019512  +0.007643  0.000  0.281  1.000  P  d3
  5667   2361.250  +0.004967  +0.017325  0.000  0.281  1.000  P  d3
  5668   2361.667  +0.021341  -0.004672  0.000  0.281  1.000  P  d3
  5669   2362.083  -0.006460  -0.019045  0.000  0.281  1.000  P  d3
  5670   2362.500  -0.022704  +0.003734  0.000  0.302  1.000  P  d3
  5671   2362.917  +0.010619  +0.021966  0.000  0.302  1.000  P  d3
  5672   2363.333  +0.016956  -0.006191  0.000  0.302  1.000  P  d3
  5673   2363.750  -0.006224  -0.023264  0.000  0.302  1.000  P  d3
  5674   2364.167  -0.016278  +0.008207  0.000  0.302  1.000  P  d3
  5675   2364.583  +0.004170  +0.024182  0.000  0.302  1.000  P  d3
  5676   2365.000  +0.019719  -0.011699  0.000  0.302  1.000  P  d3
  5677   2365.417  -0.007253  -0.016238  0.000  0.302  1.000  P  d3
  5678   2365.833  -0.019643  +0.006549  0.000  0.302  1.000  P  d3
  5679   2366.250  +0.004133  +0.016972  0.000  0.302  1.000  P  d3
  5680   2366.667  +0.022830  -0.005617  0.000  0.302  1.000  P  d3
  5681   2367.083  -0.007281  -0.021910  0.000  0.302  1.000  P  d3
  5682   2367.500  -0.019226  +0.009345  0.000  0.293  1.000  P  d3
  5683   2367.917  +0.005268  +0.017965  0.000  0.293  1.000  P  d3
  5684   2368.333  +0.023066  -0.005447  0.000  0.293  1.000  P  d3
  5685   2368.750  -0.008734  -0.019600  0.000  0.293  1.000  P  d3
  5686   2369.167  -0.019095  +0.005831  0.000  0.293  1.000  P  d3
  5687   2369.583  +0.005881  +0.022234  0.000  0.293  1.000  P  d3
  5688   2370.000  +0.019640  -0.008329  0.000  0.293  1.000  P  d3
  5689   2370.417  -0.006158  -0.019279  0.000  0.293  1.000  P  d3
  5690   2370.833  -0.020332  +0.005084  0.000  0.293  1.000  P  d3
  5691   2371.250  +0.006426  +0.021946  0.000  0.293  1.000  P  d3
  5692   2371.667  +0.019050  -0.006703  0.000  0.293  1.000  P  d3
  5693   2372.083  -0.004607  -0.021661  0.000  0.293  1.000  P  d3
  5694   2372.500  -0.022489  +0.007360  0.000  0.272  1.000  P  d3
  5695   2372.917  +0.006574  +0.017841  0.000  0.272  1.000  P  d3
  5696   2373.333  +0.024105  -0.005299  0.000  0.272  1.000  P  d3
  5697   2373.750  -0.008961  -0.019682  0.000  0.272  1.000  P  d3
  5698   2374.167  -0.018524  +0.006381  0.000  0.272  1.000  P  d3
  5699   2374.583  +0.005610  +0.021926  0.000  0.272  1.000  P  d3
  5700   2375.000  +0.021413  -0.007579  0.000  0.272  1.000  P  d3
  5701   2375.417  -0.008867  -0.018066  0.000  0.272  1.000  P  d3
  5702   2375.833  -0.022003  +0.005438  0.000  0.272  1.000  P  d3
  5703   2376.250  +0.008628  +0.018273  0.000  0.272  1.000  P  d3
  5704   2376.667  +0.019089  -0.005493  0.000  0.272  1.000  P  d3
  5705   2377.083  -0.005709  -0.022353  0.000  0.272  1.000  P  d3
  5706   2377.500  -0.019578  +0.008133  0.000  0.264  1.000  P  d3
  5707   2377.917  +0.006283  +0.019035  0.000  0.264  1.000  P  d3
  5708   2378.333  +0.022106  -0.005801  0.000  0.264  1.000  P  d3
  5709   2378.750  -0.007874  -0.018461  0.000  0.264  1.000  P  d3
  5710   2379.167  -0.020383  +0.005927  0.000  0.264  1.000  P  d3
  5711   2379.583  +0.006129  +0.019516  0.000  0.264  1.000  P  d3
  5712   2380.000  +0.020343  -0.006283  0.000  0.264  1.000  P  d3
  5713   2380.417  -0.005279  -0.019951  0.000  0.264  1.000  P  d3
  5714   2380.833  -0.021293  +0.006741  0.000  0.264  1.000  P  d3
  5715   2381.250  +0.004991  +0.022873  0.000  0.264  1.000  P  d3
  5716   2381.667  +0.020159  -0.010871  0.000  0.264  1.000  P  d3
  5717   2382.083  -0.005834  -0.021881  0.000  0.264  1.000  P  d3
  5718   2382.500  -0.018278  +0.010248  0.000  0.233  1.000  P  d3
  5719   2382.917  +0.005574  +0.018301  0.000  0.233  1.000  P  d3
  5720   2383.333  +0.020653  -0.004322  0.000  0.233  1.000  P  d3
  5721   2383.750  -0.007457  -0.021065  0.000  0.233  1.000  P  d3
  5722   2384.167  -0.019383  +0.006625  0.000  0.233  1.000  P  d3
  5723   2384.583  +0.003064  +0.019157  0.000  0.233  1.000  P  d3
  5724   2385.000  +0.023671  -0.006569  0.000  0.233  1.000  P  d3
  5725   2385.417  -0.004829  -0.019694  0.000  0.233  1.000  P  d3
  5726   2385.833  -0.023406  +0.006721  0.000  0.233  1.000  P  d3
  5727   2386.250  +0.007908  +0.020345  0.000  0.233  1.000  P  d3
  5728   2386.667  +0.018973  -0.006481  0.000  0.233  1.000  P  d3
  5729   2387.083  -0.005008  -0.020871  0.000  0.233  1.000  P  d3
  5730   2387.500  -0.020144  +0.008133  0.000  0.216  1.000  P  d3
  5731   2387.917  +0.005412  +0.018922  0.000  0.216  1.000  P  d3
  5732   2388.333  +0.019719  -0.007775  0.000  0.216  1.000  P  d3
  5733   2388.750  -0.004296  -0.017127  0.000  0.216  1.000  P  d3
  5734   2389.167  -0.022706  +0.006336  0.000  0.216  1.000  P  d3
  5735   2389.583  +0.006752  +0.017657  0.000  0.216  1.000  P  d3
  5736   2390.000  +0.020921  -0.006943  0.000  0.216  1.000  P  d3
  5737   2390.417  -0.005310  -0.017325  0.000  0.216  1.000  P  d3
  5738   2390.833  -0.022770  +0.004877  0.000  0.216  1.000  P  d3
  5739   2391.250  +0.008540  +0.020367  0.000  0.216  1.000  P  d3
  5740   2391.667  +0.018712  -0.006286  0.000  0.216  1.000  P  d3
  5741   2392.083  -0.005622  -0.022340  0.000  0.216  1.000  P  d3
  5742   2392.500  -0.019316  +0.008585  0.000  0.228  1.000  P  d3
  5743   2392.917  +0.005974  +0.019493  0.000  0.228  1.000  P  d3
  5744   2393.333  +0.021720  -0.005904  0.000  0.228  1.000  P  d3
  5745   2393.750  -0.008142  -0.018531  0.000  0.228  1.000  P  d3
  5746   2394.167  -0.020857  +0.006064  0.000  0.228  1.000  P  d3
  5747   2394.583  +0.006976  +0.019114  0.000  0.228  1.000  P  d3
  5748   2395.000  +0.018420  -0.007362  0.000  0.228  1.000  P  d3
  5749   2395.417  -0.004090  -0.019906  0.000  0.228  1.000  P  d3
  5750   2395.833  -0.020169  +0.008940  0.000  0.228  1.000  P  d3
  5751   2396.250  +0.003429  +0.017406  0.000  0.228  1.000  P  d3
  5752   2396.667  +0.023304  -0.006087  0.000  0.228  1.000  P  d3
  5753   2397.083  -0.008000  -0.021944  0.000  0.228  1.000  P  d3
  5754   2397.500  -0.018338  +0.009184  0.000  0.203  1.000  P  d3
  5755   2397.917  +0.005226  +0.018438  0.000  0.203  1.000  P  d3
  5756   2398.333  +0.021606  -0.004816  0.000  0.203  1.000  P  d3
  5757   2398.750  -0.005622  -0.020673  0.000  0.203  1.000  P  d3
  5758   2399.167  -0.023096  +0.008243  0.000  0.203  1.000  P  d3
  5759   2399.583  +0.007078  +0.019036  0.000  0.203  1.000  P  d3
  5760   2400.000  +0.019786  -0.007387  0.000  0.203  1.000  P  d3
  5761   2400.417  -0.005147  -0.018888  0.000  0.203  1.000  P  d3
  5762   2400.833  -0.023043  +0.005801  0.000  0.203  1.000  P  d3
  5763   2401.250  +0.008514  +0.019117  0.000  0.203  1.000  P  d3
  5764   2401.667  +0.019211  -0.006045  0.000  0.203  1.000  P  d3
  5765   2402.083  -0.005354  -0.022019  0.000  0.203  1.000  P  d3
  5766   2402.500  -0.018780  +0.008326  0.000  0.181  1.000  P  d3
  5767   2402.917  +0.005618  +0.020321  0.000  0.181  1.000  P  d3
  5768   2403.333  +0.020173  -0.007019  0.000  0.181  1.000  P  d3
  5769   2403.750  -0.004478  -0.018095  0.000  0.181  1.000  P  d3
  5770   2404.167  -0.024571  +0.007112  0.000  0.181  1.000  P  d3
  5771   2404.583  +0.008673  +0.017757  0.000  0.181  1.000  P  d3
  5772   2405.000  +0.019090  -0.005998  0.000  0.181  1.000  P  d3
  5773   2405.417  -0.005012  -0.019399  0.000  0.181  1.000  P  d3
  5774   2405.833  -0.022923  +0.005980  0.000  0.181  1.000  P  d3
  5775   2406.250  +0.008502  +0.019540  0.000  0.181  1.000  P  d3
  5776   2406.667  +0.019085  -0.006214  0.000  0.181  1.000  P  d3
  5777   2407.083  -0.005782  -0.022234  0.000  0.181  1.000  P  d3
  5778   2407.500  -0.019264  +0.008292  0.000  0.188  1.000  P  d3
  5779   2407.917  +0.006133  +0.019420  0.000  0.188  1.000  P  d3
  5780   2408.333  +0.022180  -0.005970  0.000  0.188  1.000  P  d3
  5781   2408.750  -0.008225  -0.018375  0.000  0.188  1.000  P  d3
  5782   2409.167  -0.020620  +0.006118  0.000  0.188  1.000  P  d3
  5783   2409.583  +0.006494  +0.018736  0.000  0.188  1.000  P  d3
  5784   2410.000  +0.019919  -0.005552  0.000  0.188  1.000  P  d3
  5785   2410.417  -0.004824  -0.019700  0.000  0.188  1.000  P  d3
  5786   2410.833  -0.022623  +0.007664  0.000  0.188  1.000  P  d3
  5787   2411.250  +0.005688  +0.017345  0.000  0.188  1.000  P  d3
  5788   2411.667  +0.020612  -0.005346  0.000  0.188  1.000  P  d3
  5789   2412.083  -0.005350  -0.023256  0.000  0.188  1.000  P  d3
  5790   2412.500  -0.019606  +0.009145  0.000  0.106  1.000  T  d3
  5791   2412.917  +0.006415  +0.018583  0.000  0.106  1.000  T  d3
  5792   2413.333  +0.022130  -0.005375  0.000  0.106  1.000  T  d3
  5793   2413.750  -0.007960  -0.018489  0.000  0.106  1.000  T  d3
  5794   2414.167  -0.020764  +0.006340  0.000  0.106  1.000  T  d3
  5795   2414.583  +0.006519  +0.019094  0.000  0.106  1.000  T  d3
  5796   2415.000  +0.019822  -0.005618  0.000  0.106  1.000  T  d3
  5797   2415.417  -0.005340  -0.020134  0.000  0.106  1.000  T  d3
  5798   2415.833  -0.023593  +0.007098  0.000  0.106  1.000  T  d3
  5799   2416.250  +0.007282  +0.017961  0.000  0.106  1.000  T  d3
  5800   2416.667  +0.022328  -0.006796  0.000  0.106  1.000  T  d3
  5801   2417.083  -0.007517  -0.021025  0.000  0.106  1.000  T  d3
  5802   2417.500  -0.018787  +0.008424  0.000  0.092  1.000  T  d3
  5803   2417.917  +0.005676  +0.019270  0.000  0.092  1.000  T  d3
  5804   2418.333  +0.022522  -0.005939  0.000  0.092  1.000  T  d3
  5805   2418.750  -0.008548  -0.018567  0.000  0.092  1.000  T  d3
  5806   2419.167  -0.020344  +0.006478  0.000  0.092  1.000  T  d3
  5807   2419.583  +0.005963  +0.019047  0.000  0.092  1.000  T  d3
  5808   2420.000  +0.020067  -0.006213  0.000  0.092  1.000  T  d3
  5809   2420.417  -0.005620  -0.019612  0.000  0.092  1.000  T  d3
  5810   2420.833  -0.022934  +0.006104  0.000  0.092  1.000  T  d3
  5811   2421.250  +0.008580  +0.018139  0.000  0.092  1.000  T  d3
  5812   2421.667  +0.020186  -0.006003  0.000  0.092  1.000  T  d3
  5813   2422.083  -0.006304  -0.019358  0.000  0.092  1.000  T  d3
  5814   2422.500  -0.019701  +0.005642  0.000  0.000  1.000  T  d3
  5815   2422.917  +0.005891  +0.019916  0.000  0.000  1.000  T  d3
  5816   2423.333  +0.023333  -0.006315  0.000  0.000  1.000  T  d3
  5817   2423.750  -0.006990  -0.017473  0.000  0.000  1.000  T  d3
  5818   2424.167  -0.024743  +0.008789  0.000  0.000  1.000  T  d3
  5819   2424.583  +0.008056  +0.015181  0.000  0.000  1.000  T  d3
  5820   2425.000  +0.020184  -0.006605  0.000  0.000  1.000  T  d3
  5821   2425.417  -0.004453  -0.017508  0.000  0.000  1.000  T  d3
  5822   2425.833  -0.023193  +0.007028  0.000  0.000  1.000  T  d3
  5823   2426.250  +0.004821  +0.016999  0.000  0.000  1.000  T  d3
  5824   2426.667  +0.023995  -0.006596  0.000  0.000  1.000  T  d3
  5825   2427.083  -0.007365  -0.021243  0.000  0.000  1.000  T  d3
  5826   2427.500  -0.019183  +0.008797  0.000  0.000  1.000  T  d3
  5827   2427.917  +0.006073  +0.018753  0.000  0.000  1.000  T  d3
  5828   2428.333  +0.022978  -0.005552  0.000  0.000  1.000  T  d3
  5829   2428.750  -0.007062  -0.017914  0.000  0.000  1.000  T  d3
  5830   2429.167  -0.025112  +0.009509  0.000  0.000  1.000  T  d3
  5831   2429.583  +0.007892  +0.014334  0.000  0.000  1.000  T  d3
  5832   2430.000  +0.019366  -0.006392  0.000  0.000  1.000  T  d3
  5833   2430.417  -0.004879  -0.019191  0.000  0.000  1.000  T  d3
  5834   2430.833  -0.019695  +0.005597  0.000  0.000  1.000  T  d3
  5835   2431.250  +0.006109  +0.020729  0.000  0.000  1.000  T  d3
  5836   2431.667  +0.019791  -0.006311  0.000  0.000  1.000  T  d3
  5837   2432.083  -0.005147  -0.020656  0.000  0.000  1.000  T  d3
  5838   2432.500  -0.020939  +0.006505  0.000  0.044  1.000  T  d3
  5839   2432.917  +0.008178  +0.021094  0.000  0.044  1.000  T  d3
  5840   2433.333  +0.017858  -0.005301  0.000  0.044  1.000  T  d3
  5841   2433.750  -0.007295  -0.022040  0.000  0.044  1.000  T  d3
  5842   2434.167  -0.017530  +0.006366  0.000  0.044  1.000  T  d3
  5843   2434.583  +0.005347  +0.021772  0.000  0.044  1.000  T  d3
  5844   2435.000  +0.020898  -0.007632  0.000  0.044  1.000  T  d3
  5845   2435.417  -0.009600  -0.018816  0.000  0.044  1.000  T  d3
  5846   2435.833  -0.018476  +0.005178  0.000  0.044  1.000  T  d3
  5847   2436.250  +0.006641  +0.019049  0.000  0.044  1.000  T  d3
  5848   2436.667  +0.019676  -0.005342  0.000  0.044  1.000  T  d3
  5849   2437.083  -0.005906  -0.022332  0.000  0.044  1.000  T  d3
  5850   2437.500  -0.018494  +0.008489  0.000  0.000  1.000  T  d3
  5851   2437.917  +0.006320  +0.019837  0.000  0.000  1.000  T  d3
  5852   2438.333  +0.019044  -0.005895  0.000  0.000  1.000  T  d3
  5853   2438.750  -0.005605  -0.019161  0.000  0.000  1.000  T  d3
  5854   2439.167  -0.021122  +0.005786  0.000  0.000  1.000  T  d3
  5855   2439.583  +0.006818  +0.020012  0.000  0.000  1.000  T  d3
  5856   2440.000  +0.019550  -0.004889  0.000  0.000  1.000  T  d3
  5857   2440.417  -0.006962  -0.022626  0.000  0.000  1.000  T  d3
  5858   2440.833  -0.021449  +0.007567  0.000  0.000  1.000  T  d3
  5859   2441.250  +0.009365  +0.019046  0.000  0.000  1.000  T  d3
  5860   2441.667  +0.017899  -0.005197  0.000  0.000  1.000  T  d3
  5861   2442.083  -0.005353  -0.023036  0.000  0.000  1.000  T  d3
  5862   2442.500  -0.019780  +0.008552  0.000  0.000  1.000  T  d3
  5863   2442.917  +0.006439  +0.019049  0.000  0.000  1.000  T  d3
  5864   2443.333  +0.021993  -0.005509  0.000  0.000  0.991  T  d3
  5865   2443.750  -0.008277  -0.019759  0.000  0.000  0.991  T  d3
  5866   2444.167  -0.018749  +0.006270  0.000  0.000  0.991  T  d3
  5867   2444.583  +0.005288  +0.022236  0.000  0.000  0.991  T  d3
  5868   2445.000  +0.019557  -0.007963  0.000  0.000  0.991  T  d3
  5869   2445.417  -0.006058  -0.019477  0.000  0.000  0.991  T  d3
  5870   2445.833  -0.022546  +0.005791  0.000  0.000  0.991  T  d3
  5871   2446.250  +0.008489  +0.019169  0.000  0.000  0.991  T  d3
  5872   2446.667  +0.019326  -0.005864  0.000  0.000  0.991  T  d3
  5873   2447.083  -0.005948  -0.022147  0.000  0.000  0.991  T  d3
  5874   2447.500  -0.019400  +0.008104  0.000  0.000  0.991  T  d3
  5875   2447.917  +0.006079  +0.019292  0.000  0.000  0.991  T  d3
  5876   2448.333  +0.022208  -0.006228  0.000  0.000  0.991  T  d3
  5877   2448.750  -0.008089  -0.018881  0.000  0.000  0.991  T  d3
  5878   2449.167  -0.019200  +0.005714  0.000  0.000  0.991  T  d3
  5879   2449.583  +0.005912  +0.022532  0.000  0.000  0.991  T  d3
  5880   2450.000  +0.019291  -0.008453  0.000  0.000  0.974  T  d3
  5881   2450.417  -0.005924  -0.018925  0.000  0.000  0.974  T  d3
  5882   2450.833  -0.022540  +0.006093  0.000  0.000  0.974  T  d3
  5883   2451.250  +0.008280  +0.018992  0.000  0.000  0.974  T  d3
  5884   2451.667  +0.019063  -0.005945  0.000  0.000  0.974  T  d3
  5885   2452.083  -0.005796  -0.022572  0.000  0.000  0.974  T  d3
  5886   2452.500  -0.019379  +0.008572  0.000  0.000  0.974  T  d3
  5887   2452.917  +0.006052  +0.018829  0.000  0.000  0.974  T  d3
  5888   2453.333  +0.022530  -0.005685  0.000  0.000  0.974  T  d3
  5889   2453.750  -0.008612  -0.019313  0.000  0.000  0.974  T  d3
  5890   2454.167  -0.018807  +0.005825  0.000  0.000  0.974  T  d3
  5891   2454.583  +0.005745  +0.022474  0.000  0.000  0.974  T  d3
  5892   2455.000  +0.019220  -0.008560  0.000  0.000  0.974  T  d3
  5893   2455.417  -0.005365  -0.018894  0.000  0.000  0.974  T  d3
  5894   2455.833  -0.022715  +0.005861  0.000  0.000  0.974  T  d3
  5895   2456.250  +0.008322  +0.019672  0.000  0.000  0.974  T  d3
  5896   2456.667  +0.019006  -0.006272  0.000  0.000  0.923  T  d3
  5897   2457.083  -0.004958  -0.020861  0.000  0.000  0.923  T  d3
  5898   2457.500  -0.021871  +0.006586  0.000  0.000  0.923  T  d3
  5899   2457.917  +0.006744  +0.019017  0.000  0.000  0.923  T  d3
  5900   2458.333  +0.023605  -0.005703  0.000  0.000  0.923  T  d3
  5901   2458.750  -0.008861  -0.019682  0.000  0.000  0.923  T  d3
  5902   2459.167  -0.018721  +0.006729  0.000  0.000  0.923  T  d3
  5903   2459.583  +0.005335  +0.021668  0.000  0.000  0.923  T  d3
  5904   2460.000  +0.019924  -0.007813  0.000  0.000  0.923  T  d3
  5905   2460.417  -0.006186  -0.019369  0.000  0.000  0.923  T  d3
  5906   2460.833  -0.021980  +0.006164  0.000  0.000  0.923  T  d3
  5907   2461.250  +0.007858  +0.019562  0.000  0.000  0.923  T  d3
  5908   2461.667  +0.019068  -0.006100  0.000  0.000  0.923  T  d3
  5909   2462.083  -0.005909  -0.022149  0.000  0.000  0.923  T  d3
  5910   2462.500  -0.019379  +0.007869  0.000  0.000  0.923  T  d3
  5911   2462.917  +0.005948  +0.019230  0.000  0.000  0.923  T  d3
  5912   2463.333  +0.022296  -0.005558  0.000  0.000  0.867  T  d3
  5913   2463.750  -0.008394  -0.019856  0.000  0.000  0.867  T  d3
  5914   2464.167  -0.019084  +0.006284  0.000  0.000  0.867  T  d3
  5915   2464.583  +0.005177  +0.020268  0.000  0.000  0.867  T  d3
  5916   2465.000  +0.021918  -0.006138  0.000  0.000  0.867  T  d3
  5917   2465.417  -0.006697  -0.018385  0.000  0.000  0.867  T  d3
  5918   2465.833  -0.023857  +0.005011  0.000  0.000  0.867  T  d3
  5919   2466.250  +0.008786  +0.020093  0.000  0.000  0.867  T  d3
  5920   2466.667  +0.018354  -0.006495  0.000  0.000  0.867  T  d3
  5921   2467.083  -0.005742  -0.022657  0.000  0.000  0.867  T  d3
  5922   2467.500  -0.019228  +0.007745  0.000  0.000  0.867  T  d3
  5923   2467.917  +0.006425  +0.019192  0.000  0.000  0.867  T  d3
  5924   2468.333  +0.022165  -0.006081  0.016  0.000  0.867  T  d3
  5925   2468.750  -0.007378  -0.020186  0.016  0.000  0.867  T  d3
  5926   2469.167  -0.018504  +0.006482  0.016  0.000  0.867  T  d3
  5927   2469.583  +0.006486  +0.021849  0.016  0.000  0.867  T  d3
  5928   2470.000  +0.020242  -0.007328  0.016  0.000  0.000  T  d3
  5929   2470.417  -0.011108  -0.017785  0.016  0.000  0.000  T  d3
  5930   2470.833  -0.022110  +0.029224  0.016  0.000  0.000  T  d2
  5931   2471.250  +0.028403  -0.019729  0.016  0.000  0.000  T  d3
  5932   2471.667  -0.025672  -0.019514  0.016  0.000  0.000  T  d2
  5933   2472.083  +0.009108  +0.040084  0.016  0.000  0.000  T  d3
  5934   2472.500  +0.017879  -0.018497  0.016  0.000  0.000  T  d3
  5935   2472.917  -0.003129  -0.012389  0.016  0.000  0.000  T  d3
  5936   2473.333  -0.021276  +0.002415  0.016  0.000  0.000  T  d3
  5937   2473.750  +0.006962  +0.025991  0.016  0.000  0.000  T  d3
  5938   2474.167  +0.019336  -0.009522  0.016  0.000  0.000  T  d3
  5939   2474.583  -0.008895  -0.018978  0.016  0.000  0.000  T  d3
  5940   2475.000  -0.016831  +0.006298  0.016  0.000  0.000  T  d3
  5941   2475.417  +0.003797  +0.021007  0.016  0.000  0.000  T  d3
  5942   2475.833  +0.018280  -0.006765  0.016  0.000  0.000  T  d3
  5943   2476.250  -0.004060  -0.024563  0.016  0.000  0.000  T  d3
  5944   2476.667  -0.020552  +0.010325  0.016  0.000  0.000  T  d3
  5945   2477.083  +0.006832  +0.018194  0.031  0.000  0.000  T  d3
  5946   2477.500  +0.020649  -0.008008  0.031  0.000  0.000  T  d3
  5947   2477.917  -0.006577  -0.019082  0.031  0.000  0.000  T  d3
  5948   2478.333  -0.019507  +0.005957  0.031  0.000  0.000  T  d3
  5949   2478.750  +0.009596  +0.020012  0.031  0.000  0.000  T  d3
  5950   2479.167  +0.021108  -0.005628  0.031  0.000  0.000  T  d3
  5951   2479.583  -0.009337  -0.015348  0.031  0.000  0.000  T  d3
  5952   2480.000  -0.017051  +0.005937  0.031  0.000  0.000  T  d3
  5953   2480.417  +0.002645  +0.024335  0.031  0.000  0.000  T  d3
  5954   2480.833  +0.023497  -0.005154  0.031  0.000  0.000  T  d2
  5955   2481.250  -0.028658  -0.015001  0.031  0.000  0.000  T  d0
  5956   2481.667  -0.018240  +0.002856  0.031  0.000  0.000  T  d2
  5957   2482.083  +0.021738  -0.008367  0.031  0.000  0.000  T  d3
  5958   2482.500  -0.014294  -0.029913  0.031  0.000  0.000  T  d1
  5959   2482.917  +0.056855  +0.008705  0.031  0.000  0.000  T  d1
  5960   2483.333  +0.008124  +0.040711  0.031  0.000  0.000  T  d1
  5961   2483.750  -0.048517  +0.048990  0.047  0.000  0.000  T  d1
  5962   2484.167  -0.042986  -0.116704  0.047  0.000  0.000  T  d2
  5963   2484.583  +0.059397  +0.088588  0.047  0.000  0.000  T  d2
  5964   2485.000  -0.043357  -0.069127  0.047  0.000  0.000  T  d1
  5965   2485.417  +0.091435  -0.023480  0.047  0.000  0.000  T  d1
  5966   2485.833  -0.028804  +0.114773  0.000  0.000  0.000  T  d1
  5967   2486.250  -0.030056  -0.038523  0.000  0.000  0.000  T  d3
  5968   2486.667  -0.023478  +0.003703  0.000  0.000  0.000  T  d1
  5969   2487.083  +0.016779  -0.024389  0.000  0.000  0.000  T  d2
  5970   2487.500  -0.014266  +0.034292  0.000  0.000  0.000  T  d2
  5971   2487.917  +0.029540  -0.063225  0.000  0.000  0.000  T  d2
  5972   2488.333  -0.058106  +0.025691  0.000  0.000  0.000  T  d2
  5973   2488.750  +0.063602  +0.002733  0.000  0.000  0.000  T  d2
  5974   2489.167  -0.044067  -0.038342  0.000  0.000  0.000  T  d2
  5975   2489.583  +0.077930  +0.015130  0.000  0.000  0.000  T  d1
  5976   2490.000  -0.008597  +0.040430  0.000  0.000  0.000  T  d0
  5977   2490.417  -0.036550  +0.053184  0.000  0.000  0.000  T  d1
  5978   2490.833  -0.054711  -0.118936  0.000  0.000  0.000  T  d2
  5979   2491.250  +0.063646  +0.087973  0.000  0.000  0.000  T  d2
  5980   2491.667  -0.049107  -0.068736  0.000  0.000  0.000  T  d1
  5981   2492.083  +0.095763  -0.026916  0.000  0.000  0.000  T  d1
  5982   2492.500  -0.028878  +0.117612  0.000  0.000  0.000  T  d1
  5983   2492.917  -0.033946  -0.042912  0.000  0.000  0.000  T  d3
  5984   2493.333  -0.020642  +0.005004  0.000  0.000  0.000  T  d1
  5985   2493.750  +0.016918  -0.028147  0.000  0.000  0.000  T  d2
  5986   2494.167  -0.012188  +0.034979  0.000  0.000  0.000  T  d2
  5987   2494.583  +0.035452  -0.063172  0.000  0.000  0.000  T  d2
  5988   2495.000  -0.058661  +0.027805  0.000  0.000  0.000  T  d2
  5989   2495.417  +0.063699  +0.009479  0.000  0.000  0.000  T  d2
  5990   2495.833  -0.045080  -0.040818  0.000  0.000  0.000  T  d2
  5991   2496.250  +0.076206  +0.021549  0.000  0.000  0.000  T  d1
  5992   2496.667  -0.011814  +0.039032  0.000  0.000  0.000  T  d0
  5993   2497.083  -0.038024  +0.053807  0.000  0.000  0.000  T  d1
  5994   2497.500  -0.060830  -0.115904  0.000  0.000  0.000  T  d2
  5995   2497.917  +0.060031  +0.081884  0.000  0.000  0.000  T  d2
  5996   2498.333  -0.048007  -0.077025  0.000  0.000  0.000  T  d1
  5997   2498.750  +0.093726  -0.034363  0.000  0.000  0.000  T  d0
  5998   2499.167  +0.000000  +0.000000  0.000  0.000  0.000  T  d-
