# V.34 Phase 3 baseband IQ symbols
# sym_rate=3200  fc=1829  t0=3.5  t1=8.0
# demod_path=raw  score=64.165  trn_score=0.6479  trn_evm=0.9590  full_evm=0.7192
# columns: sym_idx  time_ms  I  Q  s_score  pp_score  trn_score  label
     0      0.000  +0.423800  -0.021040  0.000  0.000  0.000  T  d1
     1      0.312  +0.578420  +1.497796  0.000  0.000  0.000  T  d3
     2      0.625  +1.773097  -1.038839  0.000  0.000  0.000  T  d3
     3      0.938  -0.832067  -0.558223  0.000  0.000  0.000  T  d3
     4      1.250  -0.766881  +0.438665  0.000  0.000  0.000  T  d3
     5      1.562  +0.675225  +1.403711  0.000  0.000  0.000  T  d3
     6      1.875  +0.943247  -0.971679  0.000  0.000  0.000  T  d3
     7      2.188  -0.846901  -0.739986  0.000  0.000  0.000  T  d3
     8      2.500  -1.213473  +0.664112  0.000  0.000  0.000  T  d3
     9      2.812  +0.693519  +1.153104  0.000  0.000  0.000  T  d3
    10      3.125  +0.785282  -0.871353  0.000  0.000  0.000  T  d3
    11      3.438  -0.849106  -0.848724  0.000  0.000  0.000  T  d3
    12      3.750  -1.104120  +0.715604  0.000  0.000  0.000  T  d3
    13      4.062  +0.854285  +1.024012  0.000  0.000  0.000  T  d3
    14      4.375  +0.794960  -0.903598  0.000  0.000  0.000  T  d3
    15      4.688  -0.742402  -0.864958  0.000  0.000  0.000  T  d3
    16      5.000  -1.025116  +0.815327  0.000  0.000  0.000  T  d3
    17      5.312  +0.987403  +0.898439  0.000  0.000  0.000  T  d3
    18      5.625  +0.826118  -0.880331  0.000  0.000  0.000  T  d3
    19      5.938  -0.745053  -0.957992  0.000  0.000  0.000  T  d3
    20      6.250  -0.925282  +0.910202  0.000  0.000  0.000  T  d3
    21      6.562  +0.959372  +0.807550  0.000  0.000  0.000  T  d3
    22      6.875  +0.876733  -0.846062  0.000  0.000  0.000  T  d3
    23      7.188  -0.861608  -0.942331  0.000  0.000  0.000  T  d3
    24      7.500  -0.859574  +0.946983  0.000  0.000  0.000  T  d3
    25      7.812  +0.940416  +0.819970  0.000  0.000  0.000  T  d3
    26      8.125  +0.863616  -0.873290  0.000  0.000  0.000  T  d3
    27      8.438  -0.912802  -0.876717  0.000  0.000  0.000  T  d3
    28      8.750  -0.832328  +0.966878  0.000  0.000  0.000  T  d3
    29      9.062  +0.914518  +0.791551  0.000  0.000  0.000  T  d3
    30      9.375  +0.832033  -0.891513  0.000  0.000  0.000  T  d3
    31      9.688  -0.981892  -0.860160  0.000  0.000  0.000  T  d3
    32     10.000  -0.790443  +0.974405  0.000  0.000  0.000  T  d3
    33     10.312  +0.897606  +0.816275  0.000  0.000  0.000  T  d3
    34     10.625  +0.857462  -0.928511  0.000  0.000  0.000  T  d3
    35     10.938  -1.005876  -0.789675  0.000  0.000  0.000  T  d3
    36     11.250  -0.771341  +0.943716  0.000  0.000  0.000  T  d3
    37     11.562  +0.921404  +0.810018  0.000  0.000  0.000  T  d3
    38     11.875  +0.822854  -0.982413  0.000  0.000  0.000  T  d3
    39     12.188  -0.988086  -0.796535  0.000  0.000  0.000  T  d3
    40     12.500  -0.783625  +0.953609  0.000  0.000  0.000  T  d3
    41     12.812  +0.943216  +0.823673  0.000  0.000  0.000  T  d3
    42     13.125  +0.799876  -0.889280  0.000  0.000  0.000  T  d3
    43     13.438  -0.748616  -0.799200  0.000  0.000  0.000  T  d3
    44     13.750  -0.848975  +0.504753  0.000  0.000  0.000  T  d3
    45     14.062  +0.271568  +0.932124  0.000  0.000  0.000  T  d3
    46     14.375  +0.960779  -0.029540  0.000  0.000  0.000  T  d3
    47     14.688  +0.282277  -0.889054  0.000  0.000  0.000  T  d3
    48     15.000  -0.764131  -0.627063  0.000  0.000  0.000  T  d3
    49     15.312  -0.853488  +0.510547  0.000  0.000  0.000  T  d3
    50     15.625  +0.148736  +1.016949  0.000  0.000  0.000  T  d3
    51     15.938  +1.073769  +0.196306  0.000  0.000  0.000  T  d3
    52     16.250  +0.566769  -0.902539  0.000  0.000  0.000  T  d3
    53     16.562  -0.617853  -0.920888  0.000  0.000  0.000  T  d3
    54     16.875  -1.099410  +0.251029  0.000  0.000  0.000  T  d3
    55     17.188  -0.154991  +1.127984  0.000  0.000  0.000  T  d3
    56     17.500  +0.996716  +0.627469  0.000  0.000  0.500  T  d3
    57     17.812  +0.984298  -0.708245  0.000  0.000  0.500  T  d3
    58     18.125  -0.305143  -1.165673  0.000  0.000  0.500  T  d3
    59     18.438  -1.177963  -0.128932  0.000  0.000  0.500  T  d3
    60     18.750  -0.648970  +1.054797  0.000  0.000  0.500  T  d3
    61     19.062  +0.717228  +0.966671  0.000  0.000  0.500  T  d3
    62     19.375  +1.175296  -0.289189  0.000  0.000  0.500  T  d3
    63     19.688  +0.190235  -1.283321  0.000  0.000  0.500  T  d3
    64     20.000  -1.251117  -0.675483  0.000  0.000  0.500  T  d3
    65     20.312  -1.073796  +1.109367  0.000  0.000  0.500  T  d3
    66     20.625  +0.974543  +1.307654  0.000  0.000  0.500  T  d3
    67     20.938  +1.365240  -0.782922  0.000  0.000  0.500  T  d3
    68     21.250  -0.609185  -1.353900  0.000  0.000  0.500  T  d3
    69     21.562  -1.240788  +0.517091  0.000  0.000  0.500  T  d3
    70     21.875  +0.497662  +1.133913  0.000  0.000  0.500  T  d3
    71     22.188  +0.993547  -0.525946  0.000  0.000  0.500  T  d3
    72     22.500  -0.596824  -0.880893  0.000  0.000  0.500  T  d3
    73     22.812  -0.837205  +0.678148  0.000  0.000  0.500  T  d3
    74     23.125  +0.771220  +0.808811  0.000  0.000  0.500  T  d3
    75     23.438  +0.833340  -0.846376  0.000  0.000  0.500  T  d3
    76     23.750  -0.903215  -0.889740  0.000  0.000  0.500  T  d3
    77     24.062  -0.921678  +0.931127  0.000  0.000  0.500  T  d3
    78     24.375  +0.917636  +0.967127  0.000  0.000  0.500  T  d3
    79     24.688  +0.971526  -0.892938  0.000  0.000  0.500  T  d3
    80     25.000  -0.849328  -0.980442  0.000  0.000  0.500  T  d3
    81     25.312  -0.960909  +0.854307  0.000  0.000  0.500  T  d3
    82     25.625  +0.806171  +0.934487  0.000  0.000  0.500  T  d3
    83     25.938  +0.913119  -0.834021  0.000  0.000  0.500  T  d3
    84     26.250  -0.820783  -0.904741  0.000  0.000  0.500  T  d3
    85     26.562  -0.854549  +0.865804  0.000  0.000  0.500  T  d3
    86     26.875  +0.861385  +0.854329  0.000  0.000  0.500  T  d3
    87     27.188  +0.822226  -0.887193  0.000  0.000  0.500  T  d3
    88     27.500  -0.912616  -0.846963  0.000  0.000  0.500  T  d3
    89     27.812  -0.826195  +0.913782  0.000  0.000  0.500  T  d3
    90     28.125  +0.948312  +0.860387  0.000  0.000  0.500  T  d3
    91     28.438  +0.845575  -0.939695  0.000  0.000  0.500  T  d3
    92     28.750  -0.942015  -0.851739  0.000  0.000  0.500  T  d3
    93     29.062  -0.838569  +0.931659  0.000  0.000  0.500  T  d3
    94     29.375  +0.924222  +0.838279  0.000  0.000  0.500  T  d3
    95     29.688  +0.829738  -0.943363  0.000  0.000  0.500  T  d3
    96     30.000  -0.948186  -0.816176  0.000  0.000  0.500  T  d3
    97     30.312  -0.814884  +0.950351  0.000  0.000  0.500  T  d3
    98     30.625  +0.951421  +0.820620  0.000  0.000  0.500  T  d3
    99     30.938  +0.811102  -0.971022  0.000  0.000  0.500  T  d3
   100     31.250  -0.950031  -0.774437  0.000  0.000  0.500  T  d3
   101     31.562  -0.786131  +0.965557  0.000  0.000  0.500  T  d3
   102     31.875  +0.951164  +0.778582  0.000  0.000  0.500  T  d3
   103     32.188  +0.769164  -0.971374  0.000  0.000  0.500  T  d3
   104     32.500  -0.972478  -0.781595  0.000  0.000  0.500  T  d3
   105     32.812  -0.773379  +0.952145  0.000  0.000  0.500  T  d3
   106     33.125  +0.970609  +0.768926  0.000  0.000  0.500  T  d3
   107     33.438  +0.777564  -0.972446  0.000  0.000  0.500  T  d3
   108     33.750  -0.963637  -0.764415  0.000  0.000  0.500  T  d3
   109     34.062  -0.772616  +0.972993  0.000  0.000  0.500  T  d3
   110     34.375  +0.997781  +0.786273  0.000  0.000  0.500  T  d3
   111     34.688  +0.772356  -0.990577  0.000  0.000  0.500  T  d3
   112     35.000  -1.005127  -0.764992  0.000  0.000  0.500  T  d3
   113     35.312  -0.767976  +0.996954  0.000  0.000  0.500  T  d3
   114     35.625  +0.990479  +0.767129  0.000  0.000  0.500  T  d3
   115     35.938  +0.749655  -0.996312  0.000  0.000  0.500  T  d3
   116     36.250  -0.999674  -0.746065  0.000  0.000  0.500  T  d3
   117     36.562  -0.760589  +0.987973  0.000  0.000  0.500  T  d3
   118     36.875  +1.008087  +0.753848  0.000  0.000  0.500  T  d3
   119     37.188  +0.749966  -0.999547  0.000  0.000  0.500  T  d3
   120     37.500  -0.986924  -0.759641  0.000  0.000  0.500  T  d3
   121     37.812  -0.738157  +0.987944  0.000  0.000  0.500  T  d3
   122     38.125  +0.991064  +0.741427  0.000  0.000  0.500  T  d3
   123     38.438  +0.754553  -0.997334  0.000  0.000  0.500  T  d3
   124     38.750  -1.014830  -0.742125  0.000  0.000  0.500  T  d3
   125     39.062  -0.745799  +0.996770  0.000  0.000  0.500  T  d3
   126     39.375  +1.001208  +0.746878  0.000  0.000  0.500  T  d3
   127     39.688  +0.736768  -0.919129  0.000  0.000  0.500  T  d3
   128     40.000  -0.806572  -0.751640  0.000  0.000  0.500  T  d3
   129     40.312  -0.837861  +0.622700  0.000  0.000  0.500  T  d3
   130     40.625  +0.383663  +0.901314  0.000  0.000  0.500  T  d3
   131     40.938  +0.958734  -0.118388  0.000  0.000  0.500  T  d3
   132     41.250  +0.181024  -0.944352  0.000  0.000  0.500  T  d3
   133     41.562  -0.822203  -0.512167  0.000  0.000  0.500  T  d3
   134     41.875  -0.776238  +0.600588  0.000  0.000  0.500  T  d3
   135     42.188  +0.290340  +0.968318  0.000  0.000  0.500  T  d3
   136     42.500  +1.038418  +0.084792  0.000  0.000  0.500  T  d3
   137     42.812  +0.475643  -0.952311  0.000  0.000  0.500  T  d3
   138     43.125  -0.732342  -0.815830  0.000  0.000  0.500  T  d3
   139     43.438  -1.062516  +0.367248  0.000  0.000  0.500  T  d3
   140     43.750  -0.038568  +1.158797  0.000  0.000  0.500  T  d3
   141     44.062  +1.069544  +0.490161  0.000  0.000  0.500  T  d3
   142     44.375  +0.881303  -0.822027  0.000  0.000  0.500  T  d3
   143     44.688  -0.431552  -1.118443  0.000  0.000  0.500  T  d3
   144     45.000  -1.206086  -0.039310  0.000  0.000  0.500  T  d3
   145     45.312  -0.492903  +1.116333  0.000  0.000  0.500  T  d3
   146     45.625  +0.846896  +0.888520  0.000  0.000  0.500  T  d3
   147     45.938  +1.135065  -0.433568  0.000  0.000  0.500  T  d3
   148     46.250  +0.057714  -1.253371  0.000  0.000  0.500  T  d3
   149     46.562  -1.269815  -0.566394  0.000  0.000  0.500  T  d3
   150     46.875  -0.998150  +1.187467  0.000  0.000  0.500  T  d3
   151     47.188  +1.000472  +1.252862  0.000  0.000  0.500  T  d3
   152     47.500  +1.378865  -0.831511  0.000  0.000  0.500  T  d3
   153     47.812  -0.607409  -1.374776  0.000  0.000  0.500  T  d3
   154     48.125  -1.315244  +0.477087  0.000  0.000  0.500  T  d3
   155     48.438  +0.431866  +1.185145  0.000  0.000  0.500  T  d3
   156     48.750  +1.069436  -0.446177  0.000  0.000  0.500  T  d3
   157     49.062  -0.490982  -0.952209  0.000  0.000  0.500  T  d3
   158     49.375  -0.899918  +0.597407  0.000  0.000  0.500  T  d3
   159     49.688  +0.681017  +0.877903  0.000  0.000  0.500  T  d3
   160     50.000  +0.899301  -0.760014  0.000  0.000  0.500  T  d3
   161     50.312  -0.822508  -0.920876  0.000  0.000  0.500  T  d3
   162     50.625  -0.989661  +0.823575  0.000  0.000  0.500  T  d3
   163     50.938  +0.837525  +1.028449  0.000  0.000  0.500  T  d3
   164     51.250  +1.046508  -0.815766  0.000  0.000  0.500  T  d3
   165     51.562  -0.782336  -1.054978  0.000  0.000  0.500  T  d3
   166     51.875  -1.022580  +0.748149  0.000  0.000  0.500  T  d3
   167     52.188  +0.742971  +1.026979  0.000  0.000  0.500  T  d3
   168     52.500  +1.006350  -0.734788  0.000  0.000  0.500  T  d3
   169     52.812  -0.767658  -0.977374  0.000  0.000  0.500  T  d3
   170     53.125  -0.963419  +0.762548  0.000  0.000  0.500  T  d3
   171     53.438  +0.776638  +0.918356  0.000  0.000  0.500  T  d3
   172     53.750  +0.922299  -0.785846  0.000  0.000  0.500  T  d3
   173     54.062  -0.806463  -0.898945  0.000  0.000  0.500  T  d3
   174     54.375  -0.919907  +0.823280  0.000  0.000  0.500  T  d3
   175     54.688  +0.839517  +0.920946  0.000  0.000  0.500  T  d3
   176     55.000  +0.921793  -0.841849  0.000  0.000  0.500  T  d3
   177     55.312  -0.849347  -0.925347  0.000  0.000  0.500  T  d3
   178     55.625  -0.927419  +0.842100  0.000  0.000  0.500  T  d3
   179     55.938  +0.849801  +0.919308  0.000  0.000  0.500  T  d3
   180     56.250  +0.926999  -0.851177  0.000  0.000  0.500  T  d3
   181     56.562  -0.850840  -0.908645  0.000  0.000  0.500  T  d3
   182     56.875  -0.895669  +0.857924  0.000  0.000  0.500  T  d3
   183     57.188  +0.870217  +0.889423  0.000  0.000  0.500  T  d3
   184     57.500  +0.884434  -0.878974  0.000  0.000  0.500  T  d3
   185     57.812  -0.896834  -0.892332  0.000  0.000  0.500  T  d3
   186     58.125  -0.879666  +0.897860  0.000  0.000  0.500  T  d3
   187     58.438  +0.909763  +0.873682  0.000  0.000  0.500  T  d3
   188     58.750  +0.865468  -0.902794  0.000  0.000  0.500  T  d3
   189     59.062  -0.914709  -0.851291  0.000  0.000  0.500  T  d3
   190     59.375  -0.845158  +0.919670  0.000  0.000  0.500  T  d3
   191     59.688  +0.911424  +0.850572  0.000  0.000  0.500  T  d3
   192     60.000  +0.847931  -0.929729  0.000  0.000  0.500  T  d3
   193     60.312  -0.922213  -0.831381  0.000  0.000  0.500  T  d3
   194     60.625  -0.856347  +0.950816  0.000  0.000  0.500  T  d3
   195     60.938  +0.929650  +0.822525  0.000  0.000  0.500  T  d3
   196     61.250  +0.826444  -0.958362  0.000  0.000  0.500  T  d3
   197     61.562  -0.947258  -0.820150  0.000  0.000  0.500  T  d3
   198     61.875  -0.813550  +0.943209  0.000  0.000  0.500  T  d3
   199     62.188  +0.972227  +0.803045  0.000  0.000  0.500  T  d3
   200     62.500  +0.804656  -0.956359  0.000  0.000  0.500  T  d3
   201     62.812  -0.965861  -0.790948  0.000  0.000  0.500  T  d3
   202     63.125  -0.795273  +0.952004  0.000  0.000  0.500  T  d3
   203     63.438  +0.973308  +0.798722  0.000  0.000  0.500  T  d3
   204     63.750  +0.805452  -0.965332  0.000  0.000  0.500  T  d3
   205     64.062  -0.996202  -0.782994  0.000  0.000  0.500  T  d3
   206     64.375  -0.773302  +0.975889  0.000  0.000  0.500  T  d3
   207     64.688  +0.983437  +0.769570  0.000  0.000  0.500  T  d3
   208     65.000  +0.768675  -0.984467  0.000  0.000  0.500  T  d3
   209     65.312  -0.990725  -0.756116  0.000  0.000  0.500  T  d3
   210     65.625  -0.749783  +1.011599  0.000  0.000  0.500  T  d3
   211     65.938  +0.995019  +0.736170  0.000  0.000  0.500  T  d3
   212     66.250  +0.723374  -0.966283  0.000  0.000  0.500  T  d3
   213     66.562  -0.873052  -0.748392  0.000  0.000  0.500  T  d3
   214     66.875  -0.798803  +0.698526  0.000  0.000  0.500  T  d3
   215     67.188  +0.485738  +0.862504  0.000  0.000  0.500  T  d3
   216     67.500  +0.931692  -0.211946  0.000  0.000  0.500  T  d3
   217     67.812  +0.074655  -0.938884  0.000  0.000  0.500  T  d3
   218     68.125  -0.870880  -0.385338  0.000  0.000  0.500  T  d3
   219     68.438  -0.681664  +0.676300  0.000  0.000  0.500  T  d3
   220     68.750  +0.405875  +0.930230  0.000  0.000  0.500  T  d3
   221     69.062  +1.030568  -0.053817  0.000  0.000  0.500  T  d3
   222     69.375  +0.343524  -1.020523  0.000  0.000  0.500  T  d3
   223     69.688  -0.830858  -0.722849  0.000  0.000  0.500  T  d3
   224     70.000  -0.993808  +0.525156  0.000  0.000  0.500  T  d3
   225     70.312  +0.118744  +1.145749  0.000  0.000  0.500  T  d3
   226     70.625  +1.126366  +0.320726  0.000  0.000  0.500  T  d3
   227     70.938  +0.727866  -0.930035  0.000  0.000  0.500  T  d3
   228     71.250  -0.583465  -1.049644  0.000  0.000  0.500  T  d3
   229     71.562  -1.193879  +0.159075  0.000  0.000  0.500  T  d3
   230     71.875  -0.328473  +1.164929  0.000  0.000  0.500  T  d3
   231     72.188  +0.964275  +0.739141  0.000  0.000  0.500  T  d3
   232     72.500  +1.060960  -0.605593  0.000  0.000  0.500  T  d3
   233     72.812  -0.142785  -1.222832  0.000  0.000  0.500  T  d3
   234     73.125  -1.288081  -0.352022  0.000  0.000  0.500  T  d3
   235     73.438  -0.824742  +1.254498  0.000  0.000  0.500  T  d3
   236     73.750  +1.122820  +1.144352  0.000  0.000  0.500  T  d3
   237     74.062  +1.331225  -0.952393  0.000  0.000  0.500  T  d3
   238     74.375  -0.728800  -1.373409  0.000  0.000  0.500  T  d3
   239     74.688  -1.329677  +0.572029  0.000  0.000  0.500  T  d3
   240     75.000  +0.496473  +1.223916  0.000  0.000  0.500  T  d3
   241     75.312  +1.078524  -0.477695  0.000  0.000  0.500  T  d3
   242     75.625  -0.508284  -0.949884  0.000  0.000  0.500  T  d3
   243     75.938  -0.885456  +0.583975  0.000  0.000  0.500  T  d3
   244     76.250  +0.640891  +0.829791  0.000  0.000  0.500  T  d3
   245     76.562  +0.807827  -0.639119  0.000  0.000  0.500  T  d3
   246     76.875  -0.528190  -0.841146  0.000  0.000  0.500  T  d3
   247     77.188  -0.904168  +0.310459  0.000  0.000  0.500  T  d3
   248     77.500  +0.051483  +0.944491  0.000  0.000  0.500  T  d3
   249     77.812  +0.930745  +0.253220  0.000  0.000  0.500  T  d3
   250     78.125  +0.574490  -0.777976  0.000  0.000  0.500  T  d3
   251     78.438  -0.531124  -0.845051  0.000  0.000  0.500  T  d3
   252     78.750  -1.007050  +0.176230  0.000  0.000  0.500  T  d3
   253     79.062  -0.205479  +1.044669  0.000  0.000  0.500  T  d3
   254     79.375  +0.904625  +0.606759  0.000  0.000  0.500  T  d3
   255     79.688  +0.921182  -0.614581  0.000  0.000  0.500  T  d3
   256     80.000  -0.251592  -1.107575  0.000  0.000  0.500  T  d3
   257     80.312  -1.125297  -0.194493  0.000  0.000  0.500  T  d3
   258     80.625  -0.624883  +0.987157  0.000  0.000  0.500  T  d3
   259     80.938  +0.673170  +0.958948  0.000  0.000  0.500  T  d3
   260     81.250  +1.172218  -0.274697  0.000  0.000  0.500  T  d3
   261     81.562  +0.185961  -1.196726  0.000  0.000  0.500  T  d3
   262     81.875  -1.025595  -0.625490  0.000  0.000  0.500  T  d3
   263     82.188  -0.987469  +0.707113  0.000  0.000  0.500  T  d3
   264     82.500  +0.279549  +1.199255  0.000  0.000  0.500  T  d3
   265     82.812  +1.245240  +0.222546  0.000  0.000  0.500  T  d3
   266     83.125  +0.719410  -1.150046  0.000  0.000  0.500  T  d3
   267     83.438  -0.976576  -1.144313  0.000  0.000  0.500  T  d3
   268     83.750  -1.427443  +0.726591  0.000  0.000  0.500  T  d3
   269     84.062  +0.518492  +1.514936  0.000  0.000  0.500  T  d3
   270     84.375  +1.513385  -0.283770  0.000  0.000  0.500  T  d3
   271     84.688  -0.175015  -1.419099  0.000  0.000  0.500  T  d3
   272     85.000  -1.301469  +0.129254  0.000  0.000  0.500  T  d3
   273     85.312  +0.167959  +1.162815  0.000  0.000  0.500  T  d3
   274     85.625  +1.076283  -0.225399  0.000  0.000  0.500  T  d3
   275     85.938  -0.339217  -1.005621  0.000  0.000  0.500  T  d3
   276     86.250  -0.968546  +0.395796  0.000  0.000  0.500  T  d3
   277     86.562  +0.404359  +0.931161  0.000  0.000  0.500  T  d3
   278     86.875  +0.933722  -0.267762  0.000  0.000  0.500  T  d3
   279     87.188  -0.055937  -0.951352  0.000  0.000  0.500  T  d3
   280     87.500  -0.925792  -0.209784  0.000  0.000  0.500  T  d3
   281     87.812  -0.505662  +0.826541  0.000  0.000  0.500  T  d3
   282     88.125  +0.591285  +0.758913  0.000  0.000  0.500  T  d3
   283     88.438  +0.956660  -0.281131  0.000  0.000  0.500  T  d3
   284     88.750  +0.085716  -1.022425  0.000  0.000  0.500  T  d3
   285     89.062  -0.942266  -0.477726  0.000  0.000  0.500  T  d3
   286     89.375  -0.819027  +0.707810  0.000  0.000  0.500  T  d3
   287     89.688  +0.364485  +1.076416  0.000  0.000  0.500  T  d3
   288     90.000  +1.138562  +0.058705  0.000  0.000  0.500  T  d3
   289     90.312  +0.519866  -1.054477  0.000  0.000  0.500  T  d3
   290     90.625  -0.787024  -0.887033  0.000  0.000  0.500  T  d3
   291     90.938  -1.148445  +0.389765  0.000  0.000  0.500  T  d3
   292     91.250  -0.064629  +1.212472  0.000  0.000  0.500  T  d3
   293     91.562  +1.094988  +0.504577  0.000  0.000  0.500  T  d3
   294     91.875  +0.896818  -0.811168  0.000  0.000  0.500  T  d3
   295     92.188  -0.407882  -1.139150  0.000  0.000  0.500  T  d3
   296     92.500  -1.206110  -0.059687  0.000  0.000  0.500  T  d3
   297     92.812  -0.531735  +1.105137  0.000  0.000  0.500  T  d3
   298     93.125  +0.840097  +0.916383  0.000  0.000  0.500  T  d3
   299     93.438  +1.184163  -0.418631  0.000  0.000  0.500  T  d3
   300     93.750  +0.032328  -1.242050  0.000  0.000  0.500  T  d3
   301     94.062  -1.141490  -0.519737  0.000  0.000  0.500  T  d3
   302     94.375  -0.927750  +0.857019  0.000  0.000  0.500  T  d3
   303     94.688  +0.448830  +1.177423  0.000  0.000  0.500  T  d3
   304     95.000  +1.252808  +0.042074  0.000  0.000  0.500  T  d3
   305     95.312  +0.505273  -1.150770  0.000  0.000  0.500  T  d3
   306     95.625  -0.852466  -0.908667  0.000  0.000  0.500  T  d3
   307     95.938  -1.157183  +0.440189  0.000  0.000  0.500  T  d3
   308     96.250  -0.048658  +1.271731  0.000  0.000  0.500  T  d3
   309     96.562  +1.263007  +0.537238  0.000  0.000  0.500  T  d3
   310     96.875  +0.947594  -1.147542  0.000  0.000  0.500  T  d3
   311     97.188  -1.016371  -1.243889  0.000  0.000  0.500  T  d3
   312     97.500  -1.328614  +0.817149  0.000  0.000  0.500  T  d3
   313     97.812  +0.643344  +1.351978  0.000  0.000  0.500  T  d3
   314     98.125  +1.273227  -0.512645  0.000  0.000  0.500  T  d3
   315     98.438  -0.459455  -1.163155  0.000  0.000  0.500  T  d3
   316     98.750  -1.028325  +0.462235  0.000  0.000  0.500  T  d3
   317     99.062  +0.537942  +0.941797  0.000  0.000  0.500  T  d3
   318     99.375  +0.853615  -0.610186  0.000  0.000  0.500  T  d3
   319     99.688  -0.653834  -0.796933  0.000  0.000  0.500  T  d3
   320    100.000  -0.805585  +0.599704  0.000  0.000  0.500  T  d3
   321    100.312  +0.440526  +0.856054  0.000  0.000  0.500  T  d3
   322    100.625  +0.930985  -0.210348  0.000  0.000  0.500  T  d3
   323    100.938  +0.059710  -0.960086  0.000  0.000  0.500  T  d3
   324    101.250  -0.885797  -0.384918  0.000  0.000  0.500  T  d3
   325    101.562  -0.696268  +0.694179  0.000  0.000  0.500  T  d3
   326    101.875  +0.396877  +0.933170  0.000  0.000  0.500  T  d3
   327    102.188  +1.029630  -0.045779  0.000  0.000  0.500  T  d3
   328    102.500  +0.353015  -1.024871  0.000  0.000  0.500  T  d3
   329    102.812  -0.805927  -0.731852  0.000  0.000  0.500  T  d3
   330    103.125  -0.997012  +0.501305  0.000  0.000  0.500  T  d3
   331    103.438  +0.091661  +1.147570  0.000  0.000  0.500  T  d3
   332    103.750  +1.132545  +0.360817  0.000  0.000  0.500  T  d3
   333    104.062  +0.769408  -0.922252  0.000  0.000  0.500  T  d3
   334    104.375  -0.564092  -1.049912  0.000  0.000  0.500  T  d3
   335    104.688  -1.217160  +0.125316  0.000  0.000  0.500  T  d3
   336    105.000  -0.340653  +1.157800  0.000  0.000  0.500  T  d3
   337    105.312  +0.957306  +0.767777  0.000  0.000  0.500  T  d3
   338    105.625  +1.059870  -0.573697  0.000  0.000  0.500  T  d3
   339    105.938  -0.133714  -1.220296  0.000  0.000  0.500  T  d3
   340    106.250  -1.201758  -0.349021  0.000  0.000  0.500  T  d3
   341    106.562  -0.788349  +0.968386  0.000  0.000  0.500  T  d3
   342    106.875  +0.594723  +1.090148  0.000  0.000  0.500  T  d3
   343    107.188  +1.247965  -0.151539  0.000  0.000  0.500  T  d3
   344    107.500  +0.339033  -1.222006  0.000  0.000  0.500  T  d3
   345    107.812  -0.986776  -0.740562  0.000  0.000  0.500  T  d3
   346    108.125  -1.072226  +0.636960  0.000  0.000  0.500  T  d3
   347    108.438  +0.175418  +1.239494  0.000  0.000  0.500  T  d3
   348    108.750  +1.222927  +0.282016  0.000  0.000  0.500  T  d3
   349    109.062  +0.750464  -1.013616  0.000  0.000  0.500  T  d3
   350    109.375  -0.664097  -1.057704  0.000  0.000  0.500  T  d3
   351    109.688  -1.239095  +0.200705  0.000  0.000  0.500  T  d3
   352    110.000  -0.281360  +1.201441  0.000  0.000  0.500  T  d3
   353    110.312  +1.038371  +0.708097  0.000  0.000  0.500  T  d3
   354    110.625  +1.053519  -0.668522  0.000  0.000  0.500  T  d3
   355    110.938  -0.227743  -1.209701  0.000  0.000  0.500  T  d3
   356    111.250  -1.226000  -0.226169  0.000  0.000  0.500  T  d3
   357    111.562  -0.692412  +1.046425  0.000  0.000  0.500  T  d3
   358    111.875  +0.683209  +1.024485  0.000  0.000  0.500  T  d3
   359    112.188  +1.214726  -0.277798  0.000  0.000  0.500  T  d3
   360    112.500  +0.198958  -1.211921  0.000  0.000  0.500  T  d3
   361    112.812  -1.047899  -0.663016  0.000  0.000  0.500  T  d3
   362    113.125  -1.004604  +0.716624  0.000  0.000  0.500  T  d3
   363    113.438  +0.275675  +1.202168  0.000  0.000  0.500  T  d3
   364    113.750  +1.242141  +0.180587  0.000  0.000  0.500  T  d3
   365    114.062  +0.640245  -1.087140  0.000  0.000  0.500  T  d3
   366    114.375  -0.737124  -0.990392  0.000  0.000  0.500  T  d3
   367    114.688  -1.188967  +0.325911  0.000  0.000  0.500  T  d3
   368    115.000  -0.141529  +1.255131  0.000  0.000  0.500  T  d3
   369    115.312  +1.078185  +0.609615  0.000  0.000  0.500  T  d3
   370    115.625  +0.967651  -0.778855  0.000  0.000  0.500  T  d3
   371    115.938  -0.343519  -1.205376  0.000  0.000  0.500  T  d3
   372    116.250  -1.280126  -0.149006  0.000  0.000  0.500  T  d3
   373    116.562  -0.656713  +1.247245  0.000  0.000  0.500  T  d3
   374    116.875  +1.073278  +1.038264  0.000  0.000  0.500  T  d3
   375    117.188  +1.327324  -0.917825  0.000  0.000  0.500  T  d3
   376    117.500  -0.712950  -1.401634  0.000  0.000  0.500  T  d3
   377    117.812  -1.391156  +0.541677  0.000  0.000  0.500  T  d3
   378    118.125  +0.426475  +1.303418  0.000  0.000  0.500  T  d3
   379    118.438  +1.184214  -0.371706  0.000  0.000  0.500  T  d3
   380    118.750  -0.397624  -1.074172  0.000  0.000  0.500  T  d3
   381    119.062  -0.974324  +0.458644  0.000  0.000  0.500  T  d3
   382    119.375  +0.549255  +0.909015  0.000  0.000  0.500  T  d3
   383    119.688  +0.909092  -0.639942  0.000  0.000  0.500  T  d3
   384    120.000  -0.720487  -0.928855  0.000  0.000  0.500  T  d3
   385    120.312  -0.980301  +0.779872  0.000  0.000  0.500  T  d3
   386    120.625  +0.790617  +1.019267  0.000  0.000  0.500  T  d3
   387    120.938  +1.057154  -0.786904  0.000  0.000  0.500  T  d3
   388    121.250  -0.758348  -1.080532  0.000  0.000  0.500  T  d3
   389    121.562  -1.082486  +0.735096  0.000  0.000  0.500  T  d3
   390    121.875  +0.723522  +1.084292  0.000  0.000  0.500  T  d3
   391    122.188  +1.063422  -0.703918  0.000  0.000  0.500  T  d3
   392    122.500  -0.703954  -1.026455  0.000  0.000  0.500  T  d3
   393    122.812  -0.991740  +0.683161  0.000  0.000  0.500  T  d3
   394    123.125  +0.625857  +0.947086  0.000  0.000  0.500  T  d3
   395    123.438  +0.922694  -0.502163  0.000  0.000  0.500  T  d3
   396    123.750  -0.293689  -0.937949  0.000  0.000  0.500  T  d3
   397    124.062  -0.949807  +0.048900  0.000  0.000  0.500  T  d3
   398    124.375  -0.218778  +0.929982  0.000  0.000  0.500  T  d3
   399    124.688  +0.792576  +0.505988  0.000  0.000  0.500  T  d3
   400    125.000  +0.769696  -0.573280  0.000  0.000  0.500  T  d3
   401    125.312  -0.274995  -0.952342  0.000  0.000  0.500  T  d3
   402    125.625  -1.030316  -0.084921  0.000  0.000  0.500  T  d3
   403    125.938  -0.460169  +0.929064  0.000  0.000  0.500  T  d3
   404    126.250  +0.706413  +0.819768  0.000  0.000  0.500  T  d3
   405    126.562  +1.044288  -0.364771  0.000  0.000  0.500  T  d3
   406    126.875  +0.052845  -1.141021  0.000  0.000  0.500  T  d3
   407    127.188  -1.039537  -0.482047  0.000  0.000  0.500  T  d3
   408    127.500  -0.872068  +0.789988  0.000  0.000  0.500  T  d3
   409    127.812  +0.410290  +1.098148  0.000  0.000  0.500  T  d3
   410    128.125  +1.206230  +0.024901  0.000  0.000  0.500  T  d3
   411    128.438  +0.496894  -1.095733  0.000  0.000  0.500  T  d3
   412    128.750  -0.828053  -0.887830  0.000  0.000  0.500  T  d3
   413    129.062  -1.146061  +0.437684  0.000  0.000  0.500  T  d3
   414    129.375  -0.022143  +1.254395  0.000  0.000  0.500  T  d3
   415    129.688  +1.149196  +0.515502  0.000  0.000  0.500  T  d3
   416    130.000  +0.885122  -0.864218  0.000  0.000  0.500  T  d3
   417    130.312  -0.462257  -1.165307  0.000  0.000  0.500  T  d3
   418    130.625  -1.244030  -0.023354  0.000  0.000  0.500  T  d3
   419    130.938  -0.482706  +1.159344  0.000  0.000  0.500  T  d3
   420    131.250  +0.862900  +0.899699  0.000  0.000  0.500  T  d3
   421    131.562  +1.145623  -0.467026  0.000  0.000  0.500  T  d3
   422    131.875  +0.009197  -1.268665  0.000  0.000  0.500  T  d3
   423    132.188  -1.172603  -0.483891  0.000  0.000  0.500  T  d3
   424    132.500  -0.880279  +0.879839  0.000  0.000  0.500  T  d3
   425    132.812  +0.498433  +1.148491  0.000  0.000  0.500  T  d3
   426    133.125  +1.233783  +0.007678  0.000  0.000  0.500  T  d3
   427    133.438  +0.472221  -1.176142  0.000  0.000  0.500  T  d3
   428    133.750  -0.895214  -0.879502  0.000  0.000  0.500  T  d3
   429    134.062  -1.134258  +0.496821  0.000  0.000  0.500  T  d3
   430    134.375  +0.035449  +1.246507  0.000  0.000  0.500  T  d3
   431    134.688  +1.172320  +0.440255  0.000  0.000  0.500  T  d3
   432    135.000  +0.843834  -0.918706  0.000  0.000  0.500  T  d3
   433    135.312  -0.527832  -1.119872  0.000  0.000  0.500  T  d3
   434    135.625  -1.256921  +0.065173  0.000  0.000  0.500  T  d3
   435    135.938  -0.407244  +1.190764  0.000  0.000  0.500  T  d3
   436    136.250  +0.950961  +0.831417  0.000  0.000  0.500  T  d3
   437    136.562  +1.117200  -0.586552  0.000  0.000  0.500  T  d3
   438    136.875  -0.102964  -1.245379  0.000  0.000  0.500  T  d3
   439    137.188  -1.188124  -0.364213  0.000  0.000  0.500  T  d3
   440    137.500  -0.798329  +0.972796  0.000  0.000  0.500  T  d3
   441    137.812  +0.607326  +1.102240  0.000  0.000  0.500  T  d3
   442    138.125  +1.237262  -0.142952  0.000  0.000  0.500  T  d3
   443    138.438  +0.317693  -1.192292  0.000  0.000  0.500  T  d3
   444    138.750  -1.004478  -0.764998  0.000  0.000  0.500  T  d3
   445    139.062  -1.053148  +0.634176  0.000  0.000  0.500  T  d3
   446    139.375  +0.174029  +1.208878  0.000  0.000  0.500  T  d3
   447    139.688  +1.193066  +0.279802  0.000  0.000  0.500  T  d3
   448    140.000  +0.748420  -1.004702  0.000  0.000  0.500  T  d3
   449    140.312  -0.659480  -1.032056  0.000  0.000  0.500  T  d3
   450    140.625  -1.229124  +0.207504  0.000  0.000  0.500  T  d3
   451    140.938  -0.254951  +1.202253  0.000  0.000  0.500  T  d3
   452    141.250  +1.022386  +0.692494  0.000  0.000  0.500  T  d3
   453    141.562  +1.049109  -0.669903  0.000  0.000  0.500  T  d3
   454    141.875  -0.236666  -1.218374  0.000  0.000  0.500  T  d3
   455    142.188  -1.239138  -0.224834  0.000  0.000  0.500  T  d3
   456    142.500  -0.684522  +1.043129  0.000  0.000  0.500  T  d3
   457    142.812  +0.700350  +1.025410  0.000  0.000  0.500  T  d3
   458    143.125  +1.224987  -0.274890  0.000  0.000  0.500  T  d3
   459    143.438  +0.203168  -1.243896  0.000  0.000  0.500  T  d3
   460    143.750  -1.064554  -0.629348  0.000  0.000  0.500  T  d3
   461    144.062  -1.002335  +0.745976  0.000  0.000  0.500  T  d3
   462    144.375  +0.304290  +1.209798  0.000  0.000  0.500  T  d3
   463    144.688  +1.252869  +0.153181  0.000  0.000  0.500  T  d3
   464    145.000  +0.636499  -1.081135  0.000  0.000  0.500  T  d3
   465    145.312  -0.771514  -0.989235  0.000  0.000  0.500  T  d3
   466    145.625  -1.206371  +0.327625  0.000  0.000  0.500  T  d3
   467    145.938  -0.148577  +1.227088  0.000  0.000  0.500  T  d3
   468    146.250  +1.093798  +0.636637  0.000  0.000  0.500  T  d3
   469    146.562  +1.056577  -0.866444  0.000  0.000  0.500  T  d3
   470    146.875  -0.583494  -1.382475  0.000  0.000  0.500  T  d3
   471    147.188  -1.531905  +0.354218  0.000  0.000  0.500  T  d3
   472    147.500  +0.123267  +1.574494  0.000  0.000  0.500  T  d3
   473    147.812  +1.485915  +0.025309  0.000  0.000  0.500  T  d3
   474    148.125  +0.124982  -1.366931  0.000  0.000  0.500  T  d3
   475    148.438  -1.253303  -0.142426  0.000  0.000  0.500  T  d3
   476    148.750  -0.068378  +1.128734  0.000  0.000  0.500  T  d3
   477    149.062  +1.088174  -0.017679  0.000  0.000  0.500  T  d3
   478    149.375  -0.130265  -1.042939  0.000  0.000  0.500  T  d3
   479    149.688  -1.013818  +0.190782  0.000  0.000  0.500  T  d3
   480    150.000  +0.141695  +0.991744  0.000  0.000  0.500  T  d3
   481    150.312  +0.963374  +0.014786  0.000  0.000  0.500  T  d3
   482    150.625  +0.261341  -0.916078  0.000  0.000  0.500  T  d3
   483    150.938  -0.809646  -0.524387  0.000  0.000  0.500  T  d3
   484    151.250  -0.765604  +0.589553  0.000  0.000  0.500  T  d3
   485    151.562  +0.275212  +0.939415  0.000  0.000  0.500  T  d3
   486    151.875  +1.010352  +0.093593  0.000  0.000  0.500  T  d3
   487    152.188  +0.455627  -0.930104  0.000  0.000  0.500  T  d3
   488    152.500  -0.716978  -0.799686  0.000  0.000  0.500  T  d3
   489    152.812  -1.023845  +0.360446  0.000  0.000  0.500  T  d3
   490    153.125  -0.046751  +1.110488  0.000  0.000  0.500  T  d3
   491    153.438  +1.045455  +0.480225  0.000  0.000  0.500  T  d3
   492    153.750  +0.876531  -0.801749  0.000  0.000  0.500  T  d3
   493    154.062  -0.420810  -1.125282  0.000  0.000  0.500  T  d3
   494    154.375  -1.194636  -0.024387  0.000  0.000  0.500  T  d3
   495    154.688  -0.504564  +1.115103  0.000  0.000  0.500  T  d3
   496    155.000  +0.824503  +0.893403  0.000  0.000  0.500  T  d3
   497    155.312  +1.147029  -0.415495  0.000  0.000  0.500  T  d3
   498    155.625  +0.044731  -1.247692  0.000  0.000  0.500  T  d3
   499    155.938  -1.120756  -0.512672  0.000  0.000  0.500  T  d3
   500    156.250  -0.915258  +0.853962  0.000  0.000  0.500  T  d3
   501    156.562  +0.435299  +1.169698  0.000  0.000  0.500  T  d3
   502    156.875  +1.242940  +0.036953  0.000  0.000  0.500  T  d3
   503    157.188  +0.497866  -1.137999  0.000  0.000  0.500  T  d3
   504    157.500  -0.873330  -0.917308  0.000  0.000  0.500  T  d3
   505    157.812  -1.142367  +0.460513  0.000  0.000  0.500  T  d3
   506    158.125  -0.007074  +1.246497  0.000  0.000  0.500  T  d3
   507    158.438  +1.149435  +0.498358  0.000  0.000  0.500  T  d3
   508    158.750  +0.888289  -0.887475  0.000  0.000  0.500  T  d3
   509    159.062  -0.464611  -1.172641  0.000  0.000  0.500  T  d3
   510    159.375  -1.251179  +0.011825  0.000  0.000  0.500  T  d3
   511    159.688  -0.461753  +1.161310  0.000  0.000  0.500  T  d3
   512    160.000  +0.878266  +0.868096  0.000  0.000  0.500  T  d3
   513    160.312  +1.146685  -0.513157  0.000  0.000  0.500  T  d3
   514    160.625  -0.027279  -1.248256  0.000  0.000  0.500  T  d3
   515    160.938  -1.173868  -0.412569  0.000  0.000  0.500  T  d3
   516    161.250  -0.832757  +0.932932  0.000  0.000  0.500  T  d3
   517    161.562  +0.542674  +1.131971  0.000  0.000  0.500  T  d3
   518    161.875  +1.244507  -0.081681  0.000  0.000  0.500  T  d3
   519    162.188  +0.372963  -1.186711  0.000  0.000  0.500  T  d3
   520    162.500  -0.931666  -0.793613  0.000  0.000  0.500  T  d3
   521    162.812  -1.106750  +0.559486  0.000  0.000  0.500  T  d3
   522    163.125  +0.116107  +1.231596  0.000  0.000  0.500  T  d3
   523    163.438  +1.174409  +0.367912  0.000  0.000  0.500  T  d3
   524    163.750  +0.774101  -0.975199  0.000  0.000  0.500  T  d3
   525    164.062  -0.605886  -1.102197  0.000  0.000  0.500  T  d3
   526    164.375  -1.225703  +0.138006  0.000  0.000  0.500  T  d3
   527    164.688  -0.312651  +1.194721  0.000  0.000  0.500  T  d3
   528    165.000  +1.008388  +0.761634  0.000  0.000  0.500  T  d3
   529    165.312  +1.066762  -0.620587  0.000  0.000  0.500  T  d3
   530    165.625  -0.191949  -1.226129  0.000  0.000  0.500  T  d3
   531    165.938  -1.221756  -0.294744  0.000  0.000  0.500  T  d3
   532    166.250  -0.734160  +1.010513  0.000  0.000  0.500  T  d3
   533    166.562  +0.669214  +1.079852  0.000  0.000  0.500  T  d3
   534    166.875  +1.230563  -0.211309  0.000  0.000  0.500  T  d3
   535    167.188  +0.247362  -1.234178  0.000  0.000  0.500  T  d3
   536    167.500  -1.034718  -0.714394  0.000  0.000  0.500  T  d3
   537    167.812  -1.015653  +0.681778  0.000  0.000  0.500  T  d3
   538    168.125  +0.257365  +1.238494  0.000  0.000  0.500  T  d3
   539    168.438  +1.223159  +0.217864  0.000  0.000  0.500  T  d3
   540    168.750  +0.668882  -1.049762  0.000  0.000  0.500  T  d3
   541    169.062  -0.717003  -1.020149  0.000  0.000  0.500  T  d3
   542    169.375  -1.219081  +0.286246  0.000  0.000  0.500  T  d3
   543    169.688  -0.180885  +1.217803  0.000  0.000  0.500  T  d3
   544    170.000  +1.056086  +0.654793  0.000  0.000  0.500  T  d3
   545    170.312  +0.991607  -0.728926  0.000  0.000  0.500  T  d3
   546    170.625  -0.313406  -1.194477  0.000  0.000  0.500  T  d3
   547    170.938  -1.236060  -0.193146  0.000  0.000  0.500  T  d3
   548    171.250  -0.611494  +1.071398  0.000  0.000  0.500  T  d3
   549    171.562  +0.769260  +0.988190  0.000  0.000  0.500  T  d3
   550    171.875  +1.166132  -0.329136  0.000  0.000  0.500  T  d3
   551    172.188  +0.130451  -1.226716  0.000  0.000  0.500  T  d3
   552    172.500  -1.064854  -0.604187  0.000  0.000  0.500  T  d3
   553    172.812  -0.983887  +0.767192  0.000  0.000  0.500  T  d3
   554    173.125  +0.351795  +1.320010  0.000  0.000  0.500  T  d3
   555    173.438  +1.508906  +0.030351  0.000  0.000  0.500  T  d3
   556    173.750  +0.378791  -1.558159  0.000  0.000  0.500  T  d3
   557    174.062  -1.460092  -0.630757  0.000  0.000  0.500  T  d3
   558    174.375  -0.773446  +1.334156  0.000  0.000  0.500  T  d3
   559    174.688  +1.167968  +0.830619  0.000  0.000  0.500  T  d3
   560    175.000  +0.745456  -1.060385  0.000  0.000  0.500  T  d3
   561    175.312  -0.956107  -0.675283  0.000  0.000  0.500  T  d3
   562    175.625  -0.552814  +0.918284  0.000  0.000  0.500  T  d3
   563    175.938  +0.960650  +0.468986  0.000  0.000  0.500  T  d3
   564    176.250  +0.386207  -1.010166  0.000  0.000  0.500  T  d3
   565    176.562  -1.095957  -0.353522  0.000  0.000  0.500  T  d3
   566    176.875  -0.358702  +1.153782  0.000  0.000  0.500  T  d3
   567    177.188  +1.215257  +0.392719  0.000  0.000  0.500  T  d3
   568    177.500  +0.430504  -1.232705  0.000  0.000  0.500  T  d3
   569    177.812  -1.245631  -0.482846  0.000  0.000  0.500  T  d3
   570    178.125  -0.499199  +1.225369  0.000  0.000  0.500  T  d3
   571    178.438  +1.180341  +0.523091  0.000  0.000  0.500  T  d3
   572    178.750  +0.529157  -1.178130  0.000  0.000  0.500  T  d3
   573    179.062  -1.144849  -0.500085  0.000  0.000  0.500  T  d3
   574    179.375  -0.493527  +1.128235  0.000  0.000  0.500  T  d3
   575    179.688  +1.078917  +0.471981  0.000  0.000  0.500  T  d3
   576    180.000  +0.511349  -0.953817  0.000  0.000  0.500  T  d3
   577    180.312  -0.787132  -0.611162  0.000  0.000  0.500  T  d3
   578    180.625  -0.742351  +0.591571  0.000  0.000  0.500  T  d3
   579    180.938  +0.345863  +0.873833  0.000  0.000  0.500  T  d3
   580    181.250  +0.931560  -0.068086  0.000  0.000  0.500  T  d3
   581    181.562  +0.255729  -0.911419  0.000  0.000  0.500  T  d3
   582    181.875  -0.774131  -0.575224  0.000  0.000  0.500  T  d3
   583    182.188  -0.861621  +0.527216  0.000  0.000  0.500  T  d3
   584    182.500  +0.187255  +1.014105  0.000  0.000  0.500  T  d3
   585    182.812  +1.054534  +0.192399  0.000  0.000  0.500  T  d3
   586    183.125  +0.592355  -0.901054  0.000  0.000  0.500  T  d3
   587    183.438  -0.651663  -0.923351  0.000  0.000  0.500  T  d3
   588    183.750  -1.120827  +0.254592  0.000  0.000  0.500  T  d3
   589    184.062  -0.170600  +1.145336  0.000  0.000  0.500  T  d3
   590    184.375  +1.015150  +0.606366  0.000  0.000  0.500  T  d3
   591    184.688  +0.968356  -0.713402  0.000  0.000  0.500  T  d3
   592    185.000  -0.300433  -1.164549  0.000  0.000  0.500  T  d3
   593    185.312  -1.210635  -0.153254  0.000  0.000  0.500  T  d3
   594    185.625  -0.610684  +1.052830  0.000  0.000  0.500  T  d3
   595    185.938  +0.741350  +0.984094  0.000  0.000  0.500  T  d3
   596    186.250  +1.198528  -0.317738  0.000  0.000  0.500  T  d3
   597    186.562  +0.167901  -1.245656  0.000  0.000  0.500  T  d3
   598    186.875  -1.077344  -0.621000  0.000  0.000  0.500  T  d3
   599    187.188  -1.009965  +0.772961  0.000  0.000  0.500  T  d3
   600    187.500  +0.324351  +1.206597  0.000  0.000  0.500  T  d3
   601    187.812  +1.243690  +0.145914  0.000  0.000  0.500  T  d3
   602    188.125  +0.618264  -1.078708  0.000  0.000  0.500  T  d3
   603    188.438  -0.769747  -0.967661  0.000  0.000  0.500  T  d3
   604    188.750  -1.219537  +0.338886  0.000  0.000  0.500  T  d3
   605    189.062  -0.117360  +1.236229  0.000  0.000  0.500  T  d3
   606    189.375  +1.098008  +0.580334  0.000  0.000  0.500  T  d3
   607    189.688  +0.965040  -0.801322  0.000  0.000  0.500  T  d3
   608    190.000  -0.358802  -1.200460  0.000  0.000  0.500  T  d3
   609    190.312  -1.224464  -0.092196  0.000  0.000  0.500  T  d3
   610    190.625  -0.593824  +1.105726  0.000  0.000  0.500  T  d3
   611    190.938  +0.795158  +0.945978  0.000  0.000  0.500  T  d3
   612    191.250  +1.209068  -0.382387  0.000  0.000  0.500  T  d3
   613    191.562  +0.086204  -1.239705  0.000  0.000  0.500  T  d3
   614    191.875  -1.117423  -0.550821  0.000  0.000  0.500  T  d3
   615    192.188  -0.950179  +0.831549  0.000  0.000  0.500  T  d3
   616    192.500  +0.400160  +1.184543  0.000  0.000  0.500  T  d3
   617    192.812  +1.237591  +0.065716  0.000  0.000  0.500  T  d3
   618    193.125  +0.532126  -1.143353  0.000  0.000  0.500  T  d3
   619    193.438  -0.843483  -0.932904  0.000  0.000  0.500  T  d3
   620    193.750  -1.153913  +0.447151  0.000  0.000  0.500  T  d3
   621    194.062  -0.028808  +1.251773  0.000  0.000  0.500  T  d3
   622    194.375  +1.138148  +0.516927  0.000  0.000  0.500  T  d3
   623    194.688  +0.907571  -0.874349  0.000  0.000  0.500  T  d3
   624    195.000  -0.444928  -1.171034  0.000  0.000  0.500  T  d3
   625    195.312  -1.253946  -0.004314  0.000  0.000  0.500  T  d3
   626    195.625  -0.497815  +1.144790  0.000  0.000  0.500  T  d3
   627    195.938  +0.855302  +0.891108  0.000  0.000  0.500  T  d3
   628    196.250  +1.166987  -0.490974  0.000  0.000  0.500  T  d3
   629    196.562  -0.007938  -1.255409  0.000  0.000  0.500  T  d3
   630    196.875  -1.159909  -0.442296  0.000  0.000  0.500  T  d3
   631    197.188  -0.860214  +0.913299  0.000  0.000  0.500  T  d3
   632    197.500  +0.514895  +1.147295  0.000  0.000  0.500  T  d3
   633    197.812  +1.237267  -0.050679  0.000  0.000  0.500  T  d3
   634    198.125  +0.407044  -1.179595  0.000  0.000  0.500  T  d3
   635    198.438  -0.915088  -0.819344  0.000  0.000  0.500  T  d3
   636    198.750  -1.105233  +0.535331  0.000  0.000  0.500  T  d3
   637    199.062  +0.073261  +1.230863  0.000  0.000  0.500  T  d3
   638    199.375  +1.173546  +0.403224  0.000  0.000  0.500  T  d3
   639    199.688  +0.868052  -0.994993  0.000  0.000  0.500  T  d3
   640    200.000  -0.699617  -1.225862  0.000  0.000  0.500  T  d3
   641    200.312  -1.475910  +0.412488  0.000  0.000  0.500  T  d3
   642    200.625  +0.152863  +1.571259  0.000  0.000  0.500  T  d3
   643    200.938  +1.554528  +0.066003  0.000  0.000  0.500  T  d3
   644    201.250  +0.169225  -1.459036  0.000  0.000  0.500  T  d3
   645    201.562  -1.298804  -0.239623  0.000  0.000  0.500  T  d3
   646    201.875  -0.209041  +1.179805  0.000  0.000  0.500  T  d3
   647    202.188  +1.102809  +0.131499  0.000  0.000  0.500  T  d3
   648    202.500  +0.032059  -1.081739  0.000  0.000  0.500  T  d3
   649    202.812  -1.064619  +0.048595  0.000  0.000  0.500  T  d3
   650    203.125  +0.090369  +1.069260  0.000  0.000  0.500  T  d3
   651    203.438  +0.997406  -0.017379  0.000  0.000  0.500  T  d3
   652    203.750  +0.164937  -0.945276  0.000  0.000  0.500  T  d3
   653    204.062  -0.861867  -0.427498  0.000  0.000  0.500  T  d3
   654    204.375  -0.669375  +0.700405  0.000  0.000  0.500  T  d3
   655    204.688  +0.440261  +0.869494  0.000  0.000  0.500  T  d3
   656    205.000  +0.980274  -0.095359  0.000  0.000  0.500  T  d3
   657    205.312  +0.298741  -0.991546  0.000  0.000  0.500  T  d3
   658    205.625  -0.832733  -0.650939  0.000  0.000  0.500  T  d3
   659    205.938  -0.932846  +0.527545  0.000  0.000  0.500  T  d3
   660    206.250  +0.134070  +1.135174  0.000  0.000  0.500  T  d3
   661    206.562  +1.224523  +0.328889  0.000  0.000  0.500  T  d3
   662    206.875  +0.732534  -1.218250  0.000  0.000  0.500  T  d3
   663    207.188  -1.159834  -1.039914  0.000  0.000  0.500  T  d3
   664    207.500  -1.226304  +1.007585  0.000  0.000  0.500  T  d3
   665    207.812  +0.837073  +1.251594  0.000  0.000  0.500  T  d3
   666    208.125  +1.215599  -0.688423  0.000  0.000  0.500  T  d3
   667    208.438  -0.590719  -1.158920  0.000  0.000  0.500  T  d3
   668    208.750  -1.018176  +0.583634  0.000  0.000  0.500  T  d3
   669    209.062  +0.628493  +0.932386  0.000  0.000  0.500  T  d3
   670    209.375  +0.839010  -0.672540  0.000  0.000  0.500  T  d3
   671    209.688  -0.750034  -0.792330  0.000  0.000  0.500  T  d3
   672    210.000  -0.803334  +0.812825  0.000  0.000  0.500  T  d3
   673    210.312  +0.875362  +0.817391  0.000  0.000  0.500  T  d3
   674    210.625  +0.865657  -0.918128  0.000  0.000  0.500  T  d3
   675    210.938  -0.934609  -0.917299  0.000  0.000  0.500  T  d3
   676    211.250  -0.941831  +0.929946  0.000  0.000  0.500  T  d3
   677    211.562  +0.915080  +0.960296  0.000  0.000  0.500  T  d3
   678    211.875  +0.961235  -0.872563  0.000  0.000  0.500  T  d3
   679    212.188  -0.869627  -0.949653  0.000  0.000  0.500  T  d3
   680    212.500  -0.920333  +0.859799  0.000  0.000  0.500  T  d3
   681    212.812  +0.848836  +0.885165  0.000  0.000  0.500  T  d3
   682    213.125  +0.823861  -0.776978  0.000  0.000  0.500  T  d3
   683    213.438  -0.639407  -0.830302  0.000  0.000  0.500  T  d3
   684    213.750  -0.872125  +0.422738  0.000  0.000  0.500  T  d3
   685    214.062  +0.186474  +0.921936  0.000  0.000  0.500  T  d3
   686    214.375  +0.930157  +0.086786  0.000  0.000  0.500  T  d3
   687    214.688  +0.388621  -0.851221  0.000  0.000  0.500  T  d3
   688    215.000  -0.660172  -0.678902  0.000  0.000  0.500  T  d3
   689    215.312  -0.904018  +0.394645  0.000  0.000  0.500  T  d3
   690    215.625  +0.040535  +1.019434  0.000  0.000  0.500  T  d3
   691    215.938  +0.997790  +0.324296  0.000  0.000  0.500  T  d3
   692    216.250  +0.726542  -0.805332  0.000  0.000  0.500  T  d3
   693    216.562  -0.526353  -0.993842  0.000  0.000  0.500  T  d3
   694    216.875  -1.130905  +0.114357  0.000  0.000  0.500  T  d3
   695    217.188  -0.311795  +1.112982  0.000  0.000  0.500  T  d3
   696    217.500  +0.919339  +0.734162  0.000  0.000  0.500  T  d3
   697    217.812  +1.043319  -0.591517  0.000  0.000  0.500  T  d3
   698    218.125  -0.151071  -1.197487  0.000  0.000  0.500  T  d3
   699    218.438  -1.177371  -0.310079  0.000  0.000  0.500  T  d3
   700    218.750  -0.750901  +0.982892  0.000  0.000  0.500  T  d3
   701    219.062  +0.598169  +1.064726  0.000  0.000  0.500  T  d3
   702    219.375  +1.216325  -0.177999  0.000  0.000  0.500  T  d3
   703    219.688  +0.313398  -1.206878  0.000  0.000  0.500  T  d3
   704    220.000  -0.995422  -0.741853  0.000  0.000  0.500  T  d3
   705    220.312  -1.068061  +0.645686  0.000  0.000  0.500  T  d3
   706    220.625  +0.183739  +1.243519  0.000  0.000  0.500  T  d3
   707    220.938  +1.235461  +0.293616  0.000  0.000  0.500  T  d3
   708    221.250  +0.728338  -1.027431  0.000  0.000  0.500  T  d3
   709    221.562  -0.648013  -1.065566  0.000  0.000  0.500  T  d3
   710    221.875  -1.225732  +0.200853  0.000  0.000  0.500  T  d3
   711    222.188  -0.267418  +1.223874  0.000  0.000  0.500  T  d3
   712    222.500  +1.022302  +0.723969  0.000  0.000  0.500  T  d3
   713    222.812  +1.081087  -0.674331  0.000  0.000  0.500  T  d3
   714    223.125  -0.246583  -1.334734  0.000  0.000  0.500  T  d3
   715    223.438  -1.490849  -0.189209  0.000  0.000  0.500  T  d3
   716    223.750  -0.556107  +1.495724  0.000  0.000  0.500  T  d3
   717    224.062  +1.401868  +0.778777  0.000  0.000  0.500  T  d3
   718    224.375  +0.921885  -1.238967  0.000  0.000  0.500  T  d3
   719    224.688  -1.066292  -0.925731  0.000  0.000  0.500  T  d3
   720    225.000  -0.876866  +0.942016  0.000  0.000  0.500  T  d3
   721    225.312  +0.867954  +0.780202  0.000  0.000  0.500  T  d3
   722    225.625  +0.648160  -0.861807  0.000  0.000  0.500  T  d3
   723    225.938  -0.886464  -0.554152  0.000  0.000  0.500  T  d3
   724    226.250  -0.495659  +0.975418  0.000  0.000  0.500  T  d3
   725    226.562  +1.043047  +0.479116  0.000  0.000  0.500  T  d3
   726    226.875  +0.485639  -1.134162  0.000  0.000  0.500  T  d3
   727    227.188  -1.151672  -0.518650  0.000  0.000  0.500  T  d3
   728    227.500  -0.566591  +1.181924  0.000  0.000  0.500  T  d3
   729    227.812  +1.177635  +0.590174  0.000  0.000  0.500  T  d3
   730    228.125  +0.630266  -1.164310  0.000  0.000  0.500  T  d3
   731    228.438  -1.141456  -0.633993  0.000  0.000  0.500  T  d3
   732    228.750  -0.627779  +1.108284  0.000  0.000  0.500  T  d3
   733    229.062  +1.096723  +0.627053  0.000  0.000  0.500  T  d3
   734    229.375  +0.595661  -1.073592  0.000  0.000  0.500  T  d3
   735    229.688  -1.087449  -0.573427  0.000  0.000  0.500  T  d3
   736    230.000  -0.561531  +1.080844  0.000  0.000  0.500  T  d3
   737    230.312  +1.096958  +0.535453  0.000  0.000  0.500  T  d3
   738    230.625  +0.534346  -1.105991  0.000  0.000  0.500  T  d3
   739    230.938  -1.119434  -0.545320  0.000  0.000  0.500  T  d3
   740    231.250  -0.544246  +1.136346  0.000  0.000  0.500  T  d3
   741    231.562  +1.125170  +0.563699  0.000  0.000  0.500  T  d3
   742    231.875  +0.550377  -1.136018  0.000  0.000  0.500  T  d3
   743    232.188  -1.129126  -0.566846  0.000  0.000  0.500  T  d3
   744    232.500  -0.525610  +1.141890  0.000  0.000  0.500  T  d3
   745    232.812  +1.097309  +0.526468  0.000  0.000  0.500  T  d3
   746    233.125  +0.553276  -1.039027  0.000  0.000  0.500  T  d3
   747    233.438  -0.882985  -0.586891  0.000  0.000  0.500  T  d3
   748    233.750  -0.716391  +0.689942  0.000  0.000  0.500  T  d3
   749    234.062  +0.462245  +0.839679  0.000  0.000  0.500  T  d3
   750    234.375  +0.926673  -0.201810  0.000  0.000  0.500  T  d3
   751    234.688  +0.107545  -0.934380  0.000  0.000  0.500  T  d3
   752    235.000  -0.844725  -0.443978  0.000  0.000  0.500  T  d3
   753    235.312  -0.756022  +0.659597  0.000  0.000  0.500  T  d3
   754    235.625  +0.353172  +0.956292  0.000  0.000  0.500  T  d3
   755    235.938  +1.045276  +0.023133  0.000  0.000  0.500  T  d3
   756    236.250  +0.430886  -0.989929  0.000  0.000  0.500  T  d3
   757    236.562  -0.799718  -0.804768  0.000  0.000  0.500  T  d3
   758    236.875  -1.038800  +0.449077  0.000  0.000  0.500  T  d3
   759    237.188  +0.028019  +1.154427  0.000  0.000  0.500  T  d3
   760    237.500  +1.099343  +0.415184  0.000  0.000  0.500  T  d3
   761    237.812  +0.818320  -0.875445  0.000  0.000  0.500  T  d3
   762    238.125  -0.504832  -1.088474  0.000  0.000  0.500  T  d3
   763    238.438  -1.202389  +0.058621  0.000  0.000  0.500  T  d3
   764    238.750  -0.399631  +1.143923  0.000  0.000  0.500  T  d3
   765    239.062  +0.922122  +0.824300  0.000  0.000  0.500  T  d3
   766    239.375  +1.110857  -0.536368  0.000  0.000  0.500  T  d3
   767    239.688  -0.061951  -1.284345  0.000  0.000  0.500  T  d3
   768    240.000  -1.359730  -0.405948  0.000  0.000  0.500  T  d3
   769    240.312  -0.830786  +1.300650  0.000  0.000  0.500  T  d3
   770    240.625  +1.190261  +1.064774  0.000  0.000  0.500  T  d3
   771    240.938  +1.192824  -0.999534  0.000  0.000  0.500  T  d3
   772    241.250  -0.825380  -1.195019  0.000  0.000  0.500  T  d3
   773    241.562  -1.138860  +0.706460  0.000  0.000  0.500  T  d3
   774    241.875  +0.659039  +1.027755  0.000  0.000  0.500  T  d3
   775    242.188  +0.914159  -0.657566  0.000  0.000  0.500  T  d3
   776    242.500  -0.698305  -0.788001  0.000  0.000  0.500  T  d3
   777    242.812  -0.741650  +0.742999  0.000  0.000  0.500  T  d3
   778    243.125  +0.750584  +0.689910  0.000  0.000  0.500  T  d3
   779    243.438  +0.750451  -0.687007  0.000  0.000  0.500  T  d3
   780    243.750  -0.516814  -0.815486  0.000  0.000  0.500  T  d3
   781    244.062  -0.926924  +0.292962  0.000  0.000  0.500  T  d3
   782    244.375  -0.012992  +0.962536  0.000  0.000  0.500  T  d3
   783    244.688  +0.899004  +0.346081  0.000  0.000  0.500  T  d3
   784    245.000  +0.665098  -0.730411  0.000  0.000  0.500  T  d3
   785    245.312  -0.440616  -0.921072  0.000  0.000  0.500  T  d3
   786    245.625  -1.040018  +0.085022  0.000  0.000  0.500  T  d3
   787    245.938  -0.319774  +1.013056  0.000  0.000  0.500  T  d3
   788    246.250  +0.855495  +0.709785  0.000  0.000  0.500  T  d3
   789    246.562  +1.008038  -0.533548  0.000  0.000  0.500  T  d3
   790    246.875  -0.121985  -1.166609  0.000  0.000  0.500  T  d3
   791    247.188  -1.147121  -0.315857  0.000  0.000  0.500  T  d3
   792    247.500  -0.749921  +0.955963  0.000  0.000  0.500  T  d3
   793    247.812  +0.593055  +1.057933  0.000  0.000  0.500  T  d3
   794    248.125  +1.195731  -0.166047  0.000  0.000  0.500  T  d3
   795    248.438  +0.321397  -1.170728  0.000  0.000  0.500  T  d3
   796    248.750  -0.967972  -0.740628  0.000  0.000  0.500  T  d3
   797    249.062  -1.049113  +0.607390  0.000  0.000  0.500  T  d3
   798    249.375  +0.159681  +1.217293  0.000  0.000  0.500  T  d3
   799    249.688  +1.218044  +0.292411  0.000  0.000  0.500  T  d3
   800    250.000  +0.743362  -0.996117  0.000  0.000  0.500  T  d3
   801    250.312  -0.653021  -1.056329  0.000  0.000  0.500  T  d3
   802    250.625  -1.243941  +0.193817  0.000  0.000  0.500  T  d3
   803    250.938  -0.298595  +1.217104  0.000  0.000  0.500  T  d3
   804    251.250  +1.027696  +0.737841  0.000  0.000  0.500  T  d3
   805    251.562  +1.065211  -0.655257  0.000  0.000  0.500  T  d3
   806    251.875  -0.208170  -1.240520  0.000  0.000  0.500  T  d3
   807    252.188  -1.220904  -0.268039  0.000  0.000  0.500  T  d3
   808    252.500  -0.706933  +1.017404  0.000  0.000  0.500  T  d3
   809    252.812  +0.690299  +1.066782  0.000  0.000  0.500  T  d3
   810    253.125  +1.211147  -0.229831  0.000  0.000  0.500  T  d3
   811    253.438  +0.234942  -1.252625  0.000  0.000  0.500  T  d3
   812    253.750  -1.050418  -0.700566  0.000  0.000  0.500  T  d3
   813    254.062  -1.035387  +0.728486  0.000  0.000  0.500  T  d3
   814    254.375  +0.270916  +1.208327  0.000  0.000  0.500  T  d3
   815    254.688  +1.222690  +0.201226  0.000  0.000  0.500  T  d3
   816    255.000  +0.654536  -1.037939  0.000  0.000  0.500  T  d3
   817    255.312  -0.707403  -1.002697  0.000  0.000  0.500  T  d3
   818    255.625  -1.214013  +0.282430  0.000  0.000  0.500  T  d3
   819    255.938  -0.177983  +1.212907  0.000  0.000  0.500  T  d3
   820    256.250  +1.084584  +0.664089  0.000  0.000  0.500  T  d3
   821    256.562  +1.115651  -0.832577  0.000  0.000  0.500  T  d3
   822    256.875  -0.533427  -1.401487  0.000  0.000  0.500  T  d3
   823    257.188  -1.581769  +0.297735  0.000  0.000  0.500  T  d3
   824    257.500  +0.059904  +1.591173  0.000  0.000  0.500  T  d3
   825    257.812  +1.491643  +0.088807  0.000  0.000  0.500  T  d3
   826    258.125  +0.168185  -1.357513  0.000  0.000  0.500  T  d3
   827    258.438  -1.231471  -0.175199  0.000  0.000  0.500  T  d3
   828    258.750  -0.115910  +1.136989  0.000  0.000  0.500  T  d3
   829    259.062  +1.076629  +0.009515  0.000  0.000  0.500  T  d3
   830    259.375  -0.063505  -1.060537  0.000  0.000  0.500  T  d3
   831    259.688  -1.048024  +0.104596  0.000  0.000  0.500  T  d3
   832    260.000  +0.075710  +1.028726  0.000  0.000  0.500  T  d3
   833    260.312  +0.977632  +0.063684  0.000  0.000  0.500  T  d3
   834    260.625  +0.317869  -0.918880  0.000  0.000  0.500  T  d3
   835    260.938  -0.784477  -0.581685  0.000  0.000  0.500  T  d3
   836    261.250  -0.800201  +0.557969  0.000  0.000  0.500  T  d3
   837    261.562  +0.240832  +0.956749  0.000  0.000  0.500  T  d3
   838    261.875  +1.022204  +0.148767  0.000  0.000  0.500  T  d3
   839    262.188  +0.500237  -0.926304  0.000  0.000  0.500  T  d3
   840    262.500  -0.662577  -0.832207  0.000  0.000  0.500  T  d3
   841    262.812  -1.075871  +0.299594  0.000  0.000  0.500  T  d3
   842    263.125  -0.143038  +1.227903  0.000  0.000  0.500  T  d3
   843    263.438  +1.272530  +0.595639  0.000  0.000  0.500  T  d3
   844    263.750  +0.902113  -1.236563  0.000  0.000  0.500  T  d3
   845    264.062  -1.082989  -1.154729  0.000  0.000  0.500  T  d3
   846    264.375  -1.243864  +0.935822  0.000  0.000  0.500  T  d3
   847    264.688  +0.770096  +1.250599  0.000  0.000  0.500  T  d3
   848    265.000  +1.173351  -0.672233  0.000  0.000  0.500  T  d3
   849    265.312  -0.606693  -1.057320  0.000  0.000  0.500  T  d3
   850    265.625  -0.942066  +0.615306  0.000  0.000  0.500  T  d3
   851    265.938  +0.667046  +0.837615  0.000  0.000  0.500  T  d3
   852    266.250  +0.784407  -0.712154  0.000  0.000  0.500  T  d3
   853    266.562  -0.698617  -0.738461  0.000  0.000  0.500  T  d3
   854    266.875  -0.777694  +0.589651  0.000  0.000  0.500  T  d3
   855    267.188  +0.381070  +0.864451  0.000  0.000  0.500  T  d3
   856    267.500  +0.923467  -0.131753  0.000  0.000  0.500  T  d3
   857    267.812  +0.160726  -0.936467  0.000  0.000  0.500  T  d3
   858    268.125  -0.826675  -0.493068  0.000  0.000  0.500  T  d3
   859    268.438  -0.786776  +0.604646  0.000  0.000  0.500  T  d3
   860    268.750  +0.290820  +0.984549  0.000  0.000  0.500  T  d3
   861    269.062  +1.054492  +0.082495  0.000  0.000  0.500  T  d3
   862    269.375  +0.518224  -0.966455  0.000  0.000  0.500  T  d3
   863    269.688  -0.733415  -0.921483  0.000  0.000  0.500  T  d3
   864    270.000  -1.233934  +0.424865  0.000  0.000  0.500  T  d3
   865    270.312  +0.127193  +1.485387  0.000  0.000  0.500  T  d3
   866    270.625  +1.546114  +0.135153  0.000  0.000  0.500  T  d3
   867    270.938  +0.337209  -1.511628  0.000  0.000  0.500  T  d3
   868    271.250  -1.405543  -0.456921  0.000  0.000  0.500  T  d3
   869    271.562  -0.537729  +1.271303  0.000  0.000  0.500  T  d3
   870    271.875  +1.188358  +0.486573  0.000  0.000  0.500  T  d3
   871    272.188  +0.421407  -1.098804  0.000  0.000  0.500  T  d3
   872    272.500  -1.066250  -0.309119  0.000  0.000  0.500  T  d3
   873    272.812  -0.230823  +1.059087  0.000  0.000  0.500  T  d3
   874    273.125  +1.107721  +0.168456  0.000  0.000  0.500  T  d3
   875    273.438  +0.143926  -1.162546  0.000  0.000  0.500  T  d3
   876    273.750  -1.229165  -0.129886  0.000  0.000  0.500  T  d3
   877    274.062  -0.172559  +1.258868  0.000  0.000  0.500  T  d3
   878    274.375  +1.300386  +0.205215  0.000  0.000  0.500  T  d3
   879    274.688  +0.239855  -1.301697  0.000  0.000  0.500  T  d3
   880    275.000  -1.285602  -0.273792  0.000  0.000  0.500  T  d3
   881    275.312  -0.284462  +1.260791  0.000  0.000  0.500  T  d3
   882    275.625  +1.234137  +0.282921  0.000  0.000  0.500  T  d3
   883    275.938  +0.277247  -1.217052  0.000  0.000  0.500  T  d3
   884    276.250  -1.157171  -0.282365  0.000  0.000  0.500  T  d3
   885    276.562  -0.305924  +1.088678  0.000  0.000  0.500  T  d3
   886    276.875  +0.935398  +0.401423  0.000  0.000  0.500  T  d3
   887    277.188  +0.564891  -0.765990  0.000  0.000  0.500  T  d3
   888    277.500  -0.580988  -0.738436  0.000  0.000  0.500  T  d3
   889    277.812  -0.876801  +0.333151  0.000  0.000  0.500  T  d3
   890    278.125  +0.022878  +0.948238  0.000  0.000  0.500  T  d3
   891    278.438  +0.918778  +0.321708  0.000  0.000  0.500  T  d3
   892    278.750  +0.649916  -0.776933  0.000  0.000  0.500  T  d3
   893    279.062  -0.481319  -0.907883  0.000  0.000  0.500  T  d3
   894    279.375  -1.056908  +0.118767  0.000  0.000  0.500  T  d3
   895    279.688  -0.322289  +1.118134  0.000  0.000  0.500  T  d3
   896    280.000  +1.049963  +0.743842  0.000  0.000  0.500  T  d3
   897    280.312  +1.099981  -0.954829  0.000  0.000  0.500  T  d3
   898    280.625  -0.796181  -1.318855  0.000  0.000  0.500  T  d3
   899    280.938  -1.392396  +0.616151  0.000  0.000  0.500  T  d3
   900    281.250  +0.455464  +1.377681  0.000  0.000  0.500  T  d3
   901    281.562  +1.326821  -0.366229  0.000  0.000  0.500  T  d3
   902    281.875  -0.323131  -1.198800  0.000  0.000  0.500  T  d3
   903    282.188  -1.118201  +0.368483  0.000  0.000  0.500  T  d3
   904    282.500  +0.419862  +1.022346  0.000  0.000  0.500  T  d3
   905    282.812  +0.957408  -0.476717  0.000  0.000  0.500  T  d3
   906    283.125  -0.507115  -0.924923  0.000  0.000  0.500  T  d3
   907    283.438  -0.897164  +0.396750  0.000  0.000  0.500  T  d3
   908    283.750  +0.224592  +0.920715  0.000  0.000  0.500  T  d3
   909    284.062  +0.935650  +0.032060  0.000  0.000  0.500  T  d3
   910    284.375  +0.324599  -0.887344  0.000  0.000  0.500  T  d3
   911    284.688  -0.732731  -0.604066  0.000  0.000  0.500  T  d3
   912    285.000  -0.855325  +0.473705  0.000  0.000  0.500  T  d3
   913    285.312  +0.148224  +1.019779  0.000  0.000  0.500  T  d3
   914    285.625  +1.006858  +0.225443  0.000  0.000  0.500  T  d3
   915    285.938  +0.615142  -0.875599  0.000  0.000  0.500  T  d3
   916    286.250  -0.573787  -0.971136  0.000  0.000  0.500  T  d3
   917    286.562  -1.249163  +0.191759  0.000  0.000  0.500  T  d3
   918    286.875  -0.135161  +1.437076  0.000  0.005  0.500  T  d3
   919    287.188  +1.492119  +0.457051  0.000  0.005  0.500  T  d3
   920    287.500  +0.650067  -1.409085  0.000  0.005  0.500  T  d3
   921    287.812  -1.265944  -0.795439  0.000  0.005  0.500  T  d3
   922    288.125  -0.840358  +1.133527  0.000  0.005  0.500  T  d3
   923    288.438  +1.026529  +0.825475  0.000  0.005  0.500  T  d3
   924    288.750  +0.700657  -0.965198  0.000  0.005  0.500  T  d3
   925    289.062  -0.928914  -0.615834  0.000  0.005  0.500  T  d3
   926    289.375  -0.512904  +0.936257  0.000  0.005  0.500  T  d3
   927    289.688  +0.941309  +0.467289  0.000  0.005  0.500  T  d3
   928    290.000  +0.471628  -0.895776  0.000  0.005  0.500  T  d3
   929    290.312  -0.780629  -0.575300  0.000  0.005  0.500  T  d3
   930    290.625  -0.718626  +0.597183  0.000  0.000  0.500  T  d3
   931    290.938  +0.354212  +0.874720  0.000  0.000  0.500  T  d3
   932    291.250  +0.950756  -0.065018  0.000  0.000  0.500  T  d3
   933    291.562  +0.274702  -0.941455  0.000  0.000  0.500  T  d3
   934    291.875  -0.785541  -0.614836  0.000  0.000  0.500  T  d3
   935    292.188  -0.894880  +0.513361  0.000  0.000  0.500  T  d3
   936    292.500  +0.157923  +1.065450  0.000  0.000  0.500  T  d3
   937    292.812  +1.067772  +0.257665  0.000  0.000  0.500  T  d3
   938    293.125  +0.659639  -0.918767  0.000  0.000  0.500  T  d3
   939    293.438  -0.600501  -0.960975  0.000  0.000  0.500  T  d3
   940    293.750  -1.149044  +0.191892  0.000  0.000  0.500  T  d3
   941    294.062  -0.253257  +1.152990  0.000  0.000  0.500  T  d3
   942    294.375  +0.978811  +0.686830  0.000  0.000  0.500  T  d3
   943    294.688  +1.004412  -0.648282  0.000  0.000  0.500  T  d3
   944    295.000  -0.211679  -1.202648  0.000  0.000  0.500  T  d3
   945    295.312  -1.200295  -0.247813  0.000  0.000  0.500  T  d3
   946    295.625  -0.711538  +1.021610  0.000  0.000  0.500  T  d3
   947    295.938  +0.678222  +1.036355  0.000  0.000  0.500  T  d3
   948    296.250  +1.233696  -0.234904  0.000  0.000  0.500  T  d3
   949    296.562  +0.245825  -1.232686  0.000  0.000  0.500  T  d3
   950    296.875  -1.039133  -0.684167  0.000  0.000  0.500  T  d3
   951    297.188  -1.031428  +0.665608  0.000  0.000  0.500  T  d3
   952    297.500  +0.254956  +1.230985  0.000  0.000  0.500  T  d3
   953    297.812  +1.233470  +0.247914  0.000  0.000  0.500  T  d3
   954    298.125  +0.682402  -1.036382  0.000  0.000  0.500  T  d3
   955    298.438  -0.707266  -1.033818  0.000  0.000  0.500  T  d3
   956    298.750  -1.234925  +0.263855  0.000  0.000  0.500  T  d3
   957    299.062  -0.220566  +1.223224  0.000  0.000  0.500  T  d3
   958    299.375  +1.043778  +0.672336  0.000  0.000  0.500  T  d3
   959    299.688  +1.027613  -0.733631  0.000  0.000  0.500  T  d3
   960    300.000  -0.281719  -1.218953  0.000  0.000  0.500  T  d3
   961    300.312  -1.231918  -0.171799  0.000  0.000  0.500  T  d3
   962    300.625  -0.661922  +1.071785  0.000  0.000  0.500  T  d3
   963    300.938  +0.746393  +1.005507  0.000  0.000  0.500  T  d3
   964    301.250  +1.223328  -0.326977  0.000  0.000  0.500  T  d3
   965    301.562  +0.173194  -1.238982  0.000  0.000  0.500  T  d3
   966    301.875  -1.088302  -0.619936  0.000  0.000  0.500  T  d3
   967    302.188  -0.988947  +0.758097  0.000  0.000  0.500  T  d3
   968    302.500  +0.330628  +1.185825  0.000  0.000  0.500  T  d3
   969    302.812  +1.257566  +0.137179  0.000  0.000  0.500  T  d3
   970    303.125  +0.601635  -1.080803  0.000  0.000  0.500  T  d3
   971    303.438  -0.773298  -0.956123  0.000  0.000  0.500  T  d3
   972    303.750  -1.202174  +0.369127  0.000  0.000  0.500  T  d3
   973    304.062  -0.120680  +1.245073  0.000  0.000  0.500  T  d3
   974    304.375  +1.089387  +0.558553  0.000  0.000  0.500  T  d3
   975    304.688  +0.952008  -0.801048  0.000  0.000  0.500  T  d3
   976    305.000  -0.391875  -1.170320  0.000  0.000  0.500  T  d3
   977    305.312  -1.223447  -0.095153  0.000  0.000  0.500  T  d3
   978    305.625  -0.566160  +1.107857  0.000  0.000  0.500  T  d3
   979    305.938  +0.808733  +0.939284  0.000  0.000  0.500  T  d3
   980    306.250  +1.187855  -0.403712  0.000  0.000  0.500  T  d3
   981    306.562  +0.071471  -1.255840  0.000  0.000  0.500  T  d3
   982    306.875  -1.106934  -0.528693  0.000  0.000  0.500  T  d3
   983    307.188  -0.914615  +0.838406  0.000  0.000  0.500  T  d3
   984    307.500  +0.426166  +1.189017  0.000  0.000  0.500  T  d3
   985    307.812  +1.227552  +0.028630  0.000  0.000  0.500  T  d3
   986    308.125  +0.506839  -1.145617  0.000  0.000  0.500  T  d3
   987    308.438  -0.850557  -0.926227  0.000  0.000  0.500  T  d3
   988    308.750  -1.170172  +0.453729  0.000  0.000  0.500  T  d3
   989    309.062  -0.035200  +1.259764  0.000  0.000  0.500  T  d3
   990    309.375  +1.150695  +0.491847  0.000  0.011  0.500  T  d3
   991    309.688  +0.899243  -0.863901  0.000  0.011  0.500  T  d3
   992    310.000  -0.447137  -1.157309  0.000  0.011  0.500  T  d3
   993    310.312  -1.243970  +0.019668  0.000  0.011  0.500  T  d3
   994    310.625  -0.465376  +1.161621  0.000  0.011  0.500  T  d3
   995    310.938  +0.896809  +0.857144  0.000  0.011  0.500  T  d3
   996    311.250  +1.142011  -0.507371  0.000  0.011  0.500  T  d3
   997    311.562  -0.047095  -1.246930  0.000  0.011  0.500  T  d3
   998    311.875  -1.165765  -0.425130  0.000  0.011  0.500  T  d3
   999    312.188  -0.828706  +0.924240  0.000  0.011  0.500  T  d3
  1000    312.500  +0.520086  +1.119703  0.000  0.011  0.500  T  d3
  1001    312.812  +1.229613  -0.069101  0.000  0.011  0.500  T  d3
  1002    313.125  +0.387445  -1.184534  0.000  0.000  0.500  T  d3
  1003    313.438  -0.913353  -0.815868  0.000  0.000  0.500  T  d3
  1004    313.750  -1.109969  +0.579618  0.000  0.000  0.500  T  d3
  1005    314.062  +0.096102  +1.224107  0.000  0.000  0.500  T  d3
  1006    314.375  +1.169024  +0.351688  0.000  0.000  0.500  T  d3
  1007    314.688  +0.792348  -0.939006  0.000  0.000  0.500  T  d3
  1008    315.000  -0.594277  -1.110445  0.000  0.000  0.500  T  d3
  1009    315.312  -1.231301  +0.141089  0.000  0.000  0.500  T  d3
  1010    315.625  -0.314894  +1.198557  0.000  0.000  0.500  T  d3
  1011    315.938  +0.994987  +0.758681  0.000  0.000  0.500  T  d3
  1012    316.250  +1.079067  -0.630818  0.000  0.000  0.500  T  d3
  1013    316.562  -0.179660  -1.232747  0.000  0.000  0.500  T  d3
  1014    316.875  -1.208199  -0.286495  0.000  0.019  0.500  T  d3
  1015    317.188  -0.751123  +1.013431  0.000  0.019  0.500  T  d3
  1016    317.500  +0.653511  +1.075907  0.000  0.019  0.500  T  d3
  1017    317.812  +1.236284  -0.211716  0.000  0.019  0.500  T  d3
  1018    318.125  +0.262218  -1.231090  0.000  0.019  0.500  T  d3
  1019    318.438  -1.020655  -0.711517  0.000  0.019  0.500  T  d3
  1020    318.750  -1.051926  +0.676304  0.000  0.019  0.500  T  d3
  1021    319.062  +0.225229  +1.229240  0.000  0.019  0.500  T  d3
  1022    319.375  +1.234025  +0.228709  0.000  0.019  0.500  T  d3
  1023    319.688  +0.677828  -1.036891  0.000  0.019  0.500  T  d3
  1024    320.000  -0.693249  -1.014591  0.000  0.019  0.500  T  d3
  1025    320.312  -1.195675  +0.274729  0.000  0.019  0.500  T  d3
  1026    320.625  -0.197099  +1.216647  0.000  0.017  0.500  T  d3
  1027    320.938  +1.022856  +0.644770  0.000  0.017  0.500  T  d3
  1028    321.250  +1.010826  -0.730002  0.000  0.017  0.500  T  d3
  1029    321.562  -0.277978  -1.213357  0.000  0.017  0.500  T  d3
  1030    321.875  -1.231691  -0.149090  0.000  0.017  0.500  T  d3
  1031    322.188  -0.640989  +1.062447  0.000  0.017  0.500  T  d3
  1032    322.500  +0.740557  +0.979399  0.000  0.017  0.500  T  d3
  1033    322.812  +1.192272  -0.329317  0.000  0.017  0.500  T  d3
  1034    323.125  +0.163725  -1.229743  0.000  0.017  0.500  T  d3
  1035    323.438  -1.087020  -0.612893  0.000  0.017  0.500  T  d3
  1036    323.750  -0.988224  +0.785493  0.000  0.017  0.500  T  d3
  1037    324.062  +0.339394  +1.195329  0.000  0.017  0.500  T  d3
  1038    324.375  +1.233249  +0.132781  0.000  0.071  0.500  T  d3
  1039    324.688  +0.597704  -1.110705  0.000  0.071  0.500  T  d3
  1040    325.000  -0.771653  -0.963582  0.000  0.071  0.500  T  d3
  1041    325.312  -1.183459  +0.382462  0.000  0.071  0.500  T  d3
  1042    325.625  -0.094261  +1.244926  0.000  0.071  0.500  T  d3
  1043    325.938  +1.108483  +0.574067  0.000  0.071  0.500  T  d3
  1044    326.250  +0.957167  -0.831651  0.000  0.071  0.500  T  d3
  1045    326.562  -0.392056  -1.186158  0.000  0.071  0.500  T  d3
  1046    326.875  -1.256708  -0.068991  0.000  0.071  0.500  T  d3
  1047    327.188  -0.563579  +1.112790  0.000  0.071  0.500  T  d3
  1048    327.500  +0.811822  +0.922551  0.000  0.071  0.500  T  d3
  1049    327.812  +1.199207  -0.418215  0.000  0.071  0.500  T  d3
  1050    328.125  +0.050148  -1.237750  0.000  0.087  0.500  T  d3
  1051    328.438  -1.130817  -0.518166  0.000  0.087  0.500  T  d3
  1052    328.750  -0.921140  +0.855632  0.000  0.087  0.500  T  d3
  1053    329.062  +0.443469  +1.174663  0.000  0.087  0.500  T  d3
  1054    329.375  +1.239134  +0.021029  0.000  0.087  0.500  T  d3
  1055    329.688  +0.504259  -1.134330  0.000  0.087  0.500  T  d3
  1056    330.000  -0.854505  -0.885301  0.000  0.087  0.500  T  d3
  1057    330.312  -1.147098  +0.437212  0.000  0.087  0.500  T  d3
  1058    330.625  -0.019567  +1.248710  0.000  0.087  0.500  T  d3
  1059    330.938  +1.126394  +0.483322  0.000  0.087  0.500  T  d3
  1060    331.250  +0.891471  -0.882096  0.000  0.087  0.500  T  d3
  1061    331.562  -0.465880  -1.162950  0.000  0.087  0.500  T  d3
  1062    331.875  -1.227207  +0.006481  0.000  0.105  0.500  T  d3
  1063    332.188  -0.444529  +1.160552  0.000  0.105  0.500  T  d3
  1064    332.500  +0.907361  +0.881264  0.000  0.105  0.500  T  d3
  1065    332.812  +1.117808  -0.508166  0.000  0.105  0.500  T  d3
  1066    333.125  -0.056340  -1.249080  0.000  0.105  0.500  T  d3
  1067    333.438  -1.177541  -0.435338  0.000  0.105  0.500  T  d3
  1068    333.750  -0.839488  +0.934495  0.000  0.105  0.500  T  d3
  1069    334.062  +0.532389  +1.145827  0.000  0.105  0.500  T  d3
  1070    334.375  +1.249012  -0.084869  0.000  0.105  0.500  T  d3
  1071    334.688  +0.382548  -1.200218  0.000  0.105  0.500  T  d3
  1072    335.000  -0.929933  -0.817647  0.000  0.105  0.500  T  d3
  1073    335.312  -1.096844  +0.588795  0.000  0.105  0.500  T  d3
  1074    335.625  +0.111548  +1.250274  0.000  0.128  0.500  P  d3
  1075    335.938  +1.191394  +0.347842  0.000  0.128  0.500  P  d3
  1076    336.250  +0.781633  -0.971908  0.000  0.128  0.500  P  d3
  1077    336.562  -0.598403  -1.108530  0.000  0.128  0.500  P  d3
  1078    336.875  -1.234712  +0.147647  0.000  0.128  0.500  P  d3
  1079    337.188  -0.307898  +1.204641  0.000  0.128  0.500  P  d3
  1080    337.500  +0.973753  +0.760639  0.000  0.128  0.500  P  d3
  1081    337.812  +1.061514  -0.617039  0.000  0.128  0.500  P  d3
  1082    338.125  -0.185708  -1.230600  0.000  0.128  0.500  P  d3
  1083    338.438  -1.191475  -0.310689  0.000  0.128  0.500  P  d3
  1084    338.750  -0.720961  +1.026094  0.000  0.128  0.500  P  d3
  1085    339.062  +0.648490  +1.056844  0.000  0.128  0.500  P  d3
  1086    339.375  +1.195396  -0.208913  0.000  0.124  0.500  P  d3
  1087    339.688  +0.277409  -1.198684  0.000  0.124  0.500  P  d3
  1088    340.000  -1.035852  -0.724793  0.000  0.124  0.500  P  d3
  1089    340.312  -1.040289  +0.669886  0.000  0.124  0.500  P  d3
  1090    340.625  +0.244706  +1.222395  0.000  0.124  0.500  P  d3
  1091    340.938  +1.231553  +0.240264  0.000  0.124  0.500  P  d3
  1092    341.250  +0.679198  -1.055978  0.000  0.124  0.500  P  d3
  1093    341.562  -0.707138  -1.027731  0.000  0.124  0.500  P  d3
  1094    341.875  -1.210862  +0.269788  0.000  0.124  0.500  P  d3
  1095    342.188  -0.209886  +1.239488  0.000  0.124  0.500  P  d3
  1096    342.500  +1.064096  +0.664541  0.000  0.124  0.500  P  d3
  1097    342.812  +1.052441  -0.737699  0.000  0.124  0.500  P  d3
  1098    343.125  -0.299798  -1.320919  0.000  0.101  0.500  T  d3
  1099    343.438  -1.464104  -0.108513  0.000  0.101  0.500  T  d3
  1100    343.750  -0.477853  +1.523870  0.000  0.101  0.500  T  d3
  1101    344.062  +1.416200  +0.725595  0.000  0.101  0.500  T  d3
  1102    344.375  +0.827358  -1.279761  0.000  0.101  0.500  T  d3
  1103    344.688  -1.113350  -0.880366  0.000  0.101  0.500  T  d3
  1104    345.000  -0.825999  +0.994590  0.000  0.101  0.500  T  d3
  1105    345.312  +0.914859  +0.733600  0.000  0.101  0.500  T  d3
  1106    345.625  +0.618956  -0.905904  0.000  0.101  0.500  T  d3
  1107    345.938  -0.936532  -0.529426  0.000  0.101  0.500  T  d3
  1108    346.250  -0.436634  +0.968253  0.000  0.101  0.500  T  d3
  1109    346.562  +0.942696  +0.450565  0.000  0.101  0.500  T  d3
  1110    346.875  +0.517342  -0.848053  0.000  0.100  0.500  T  d3
  1111    347.188  -0.678196  -0.685676  0.000  0.100  0.500  T  d3
  1112    347.500  -0.842772  +0.443540  0.000  0.100  0.500  T  d3
  1113    347.812  +0.161557  +0.941523  0.000  0.100  0.500  T  d3
  1114    348.125  +0.957062  +0.168095  0.000  0.100  0.500  T  d3
  1115    348.438  +0.536404  -0.844280  0.000  0.100  0.500  T  d3
  1116    348.750  -0.605068  -0.826814  0.000  0.100  0.500  T  d3
  1117    349.062  -1.030072  +0.265755  0.000  0.100  0.500  T  d3
  1118    349.375  -0.151100  +1.081285  0.000  0.100  0.500  T  d3
  1119    349.688  +0.998760  +0.622496  0.000  0.100  0.500  T  d3
  1120    350.000  +1.044538  -0.838081  0.000  0.100  0.500  T  d3
  1121    350.312  -0.599000  -1.328633  0.000  0.100  0.500  T  d3
  1122    350.625  -1.523392  +0.418762  0.000  0.093  0.500  T  d3
  1123    350.938  +0.190307  +1.536854  0.000  0.093  0.500  T  d3
  1124    351.250  +1.476099  -0.065961  0.000  0.093  0.500  T  d3
  1125    351.562  +0.024110  -1.377761  0.000  0.093  0.500  T  d3
  1126    351.875  -1.249377  -0.036639  0.000  0.093  0.500  T  d3
  1127    352.188  +0.004142  +1.151146  0.000  0.093  0.500  T  d3
  1128    352.500  +1.072900  -0.102039  0.000  0.093  0.500  T  d3
  1129    352.812  -0.175554  -1.058917  0.000  0.093  0.500  T  d3
  1130    353.125  -1.008077  +0.197215  0.000  0.093  0.500  T  d3
  1131    353.438  +0.147976  +1.000411  0.000  0.093  0.500  T  d3
  1132    353.750  +0.945046  +0.041189  0.000  0.093  0.500  T  d3
  1133    354.062  +0.281793  -0.894902  0.000  0.093  0.500  T  d3
  1134    354.375  -0.777421  -0.559992  0.000  0.073  0.500  T  d3
  1135    354.688  -0.782371  +0.553984  0.000  0.073  0.500  T  d3
  1136    355.000  +0.238420  +0.956363  0.000  0.073  0.500  T  d3
  1137    355.312  +1.009297  +0.142230  0.000  0.073  0.500  T  d3
  1138    355.625  +0.500239  -0.899094  0.000  0.073  0.500  T  d3
  1139    355.938  -0.657932  -0.847780  0.000  0.073  0.500  T  d3
  1140    356.250  -1.061312  +0.292149  0.000  0.073  0.500  T  d3
  1141    356.562  -0.116226  +1.126137  0.000  0.073  0.500  T  d3
  1142    356.875  +1.026877  +0.537903  0.000  0.073  0.500  T  d3
  1143    357.188  +0.913312  -0.755224  0.000  0.073  0.500  T  d3
  1144    357.500  -0.353819  -1.141727  0.000  0.073  0.500  T  d3
  1145    357.812  -1.206496  -0.089656  0.000  0.073  0.500  T  d3
  1146    358.125  -0.560267  +1.071301  0.000  0.071  0.500  T  d3
  1147    358.438  +0.792297  +0.942381  0.000  0.071  0.500  T  d3
  1148    358.750  +1.168221  -0.365502  0.000  0.071  0.500  T  d3
  1149    359.062  +0.095908  -1.207428  0.000  0.071  0.500  T  d3
  1150    359.375  -1.099502  -0.595809  0.000  0.071  0.500  T  d3
  1151    359.688  -1.014472  +0.793994  0.000  0.071  0.500  T  d3
  1152    360.000  +0.461560  +1.378800  0.000  0.071  0.500  T  d3
  1153    360.312  +1.562961  -0.124598  0.000  0.071  0.500  T  d3
  1154    360.625  +0.151987  -1.631411  0.000  0.071  0.500  T  d3
  1155    360.938  -1.546495  -0.361827  0.000  0.071  0.500  T  d3
  1156    361.250  -0.497679  +1.415701  0.000  0.071  0.500  T  d3
  1157    361.562  +1.246692  +0.521736  0.000  0.071  0.500  T  d3
  1158    361.875  +0.471073  -1.145919  0.000  0.073  0.500  T  d3
  1159    362.188  -1.056557  -0.366416  0.000  0.073  0.500  T  d3
  1160    362.500  -0.267344  +1.022256  0.000  0.073  0.500  T  d3
  1161    362.812  +1.052950  +0.164409  0.000  0.073  0.500  T  d3
  1162    363.125  +0.125260  -1.115079  0.000  0.073  0.500  T  d3
  1163    363.438  -1.169732  -0.085771  0.000  0.073  0.500  T  d3
  1164    363.750  -0.106488  +1.253810  0.000  0.073  0.500  T  d3
  1165    364.062  +1.293552  +0.147656  0.000  0.073  0.500  T  d3
  1166    364.375  +0.196242  -1.330216  0.000  0.073  0.500  T  d3
  1167    364.688  -1.322419  -0.211242  0.000  0.073  0.500  T  d3
  1168    365.000  -0.270471  +1.291283  0.000  0.073  0.500  T  d3
  1169    365.312  +1.271288  +0.271117  0.000  0.073  0.500  T  d3
  1170    365.625  +0.272119  -1.233164  0.000  0.071  0.500  T  d3
  1171    365.938  -1.224209  -0.256789  0.000  0.071  0.500  T  d3
  1172    366.250  -0.230685  +1.151917  0.000  0.071  0.500  T  d3
  1173    366.562  +1.076513  +0.273661  0.000  0.071  0.500  T  d3
  1174    366.875  +0.368193  -0.942952  0.000  0.071  0.500  T  d3
  1175    367.188  -0.770517  -0.546538  0.000  0.071  0.500  T  d3
  1176    367.500  -0.728837  +0.594907  0.000  0.071  0.500  T  d3
  1177    367.812  +0.335043  +0.870940  0.000  0.071  0.500  T  d3
  1178    368.125  +0.932390  -0.041359  0.000  0.071  0.500  T  d3
  1179    368.438  +0.299119  -0.907402  0.000  0.071  0.500  T  d3
  1180    368.750  -0.767475  -0.632543  0.000  0.071  0.500  T  d3
  1181    369.062  -0.888796  +0.516997  0.000  0.071  0.500  T  d3
  1182    369.375  +0.133799  +1.032914  0.000  0.003  0.500  T  d3
  1183    369.688  +1.061352  +0.259637  0.000  0.003  0.500  T  d3
  1184    370.000  +0.667403  -0.923425  0.000  0.003  0.500  T  d3
  1185    370.312  -0.614367  -0.968201  0.000  0.003  0.500  T  d3
  1186    370.625  -1.150123  +0.196447  0.000  0.003  0.500  T  d3
  1187    370.938  -0.243754  +1.163524  0.000  0.003  0.500  T  d3
  1188    371.250  +0.993549  +0.684411  0.000  0.003  0.500  T  d3
  1189    371.562  +1.017945  -0.663268  0.000  0.003  0.500  T  d3
  1190    371.875  -0.241882  -1.172467  0.000  0.003  0.500  T  d3
  1191    372.188  -1.194694  -0.240265  0.000  0.003  0.500  T  d3
  1192    372.500  -0.673119  +0.995101  0.000  0.003  0.500  T  d3
  1193    372.812  +0.677603  +1.045097  0.000  0.003  0.500  T  d3
  1194    373.125  +1.220412  -0.241775  0.000  0.000  0.500  T  d3
  1195    373.438  +0.230851  -1.222551  0.000  0.000  0.500  T  d3
  1196    373.750  -1.041987  -0.707300  0.000  0.000  0.500  T  d3
  1197    374.062  -1.052190  +0.705826  0.000  0.000  0.500  T  d3
  1198    374.375  +0.262955  +1.227495  0.000  0.000  0.500  T  d3
  1199    374.688  +1.230856  +0.221862  0.000  0.000  0.500  T  d3
  1200    375.000  +0.675192  -1.043284  0.000  0.000  0.500  T  d3
  1201    375.312  -0.710759  -1.026621  0.000  0.000  0.500  T  d3
  1202    375.625  -1.219257  +0.281698  0.000  0.000  0.500  T  d3
  1203    375.938  -0.208495  +1.229487  0.000  0.000  0.500  T  d3
  1204    376.250  +1.049379  +0.658110  0.000  0.000  0.500  T  d3
  1205    376.562  +1.024451  -0.739718  0.000  0.000  0.500  T  d3
  1206    376.875  -0.276813  -1.213208  0.000  0.004  0.500  T  d3
  1207    377.188  -1.234283  -0.159349  0.000  0.004  0.500  T  d3
  1208    377.500  -0.663104  +1.050614  0.000  0.004  0.500  T  d3
  1209    377.812  +0.745120  +1.004101  0.000  0.004  0.500  T  d3
  1210    378.125  +1.227585  -0.319648  0.000  0.004  0.500  T  d3
  1211    378.438  +0.158232  -1.256357  0.000  0.004  0.500  T  d3
  1212    378.750  -1.065332  -0.616707  0.000  0.004  0.500  T  d3
  1213    379.062  -0.994990  +0.773238  0.000  0.004  0.500  T  d3
  1214    379.375  +0.319474  +1.209203  0.000  0.004  0.500  T  d3
  1215    379.688  +1.237821  +0.130195  0.000  0.004  0.500  T  d3
  1216    380.000  +0.607696  -1.091661  0.000  0.004  0.500  T  d3
  1217    380.312  -0.792567  -0.967381  0.000  0.004  0.500  T  d3
  1218    380.625  -1.196048  +0.370047  0.000  0.000  0.500  T  d3
  1219    380.938  -0.104369  +1.234340  0.000  0.000  0.500  T  d3
  1220    381.250  +1.114172  +0.586821  0.000  0.000  0.500  T  d3
  1221    381.562  +0.966697  -0.804454  0.000  0.000  0.500  T  d3
  1222    381.875  -0.387684  -1.197342  0.000  0.000  0.500  T  d3
  1223    382.188  -1.258234  -0.081783  0.000  0.000  0.500  T  d3
  1224    382.500  -0.562457  +1.109561  0.000  0.000  0.500  T  d3
  1225    382.812  +0.811673  +0.944665  0.000  0.000  0.500  T  d3
  1226    383.125  +1.182741  -0.397301  0.000  0.000  0.500  T  d3
  1227    383.438  +0.070547  -1.247736  0.000  0.000  0.500  T  d3
  1228    383.750  -1.114644  -0.530704  0.000  0.000  0.500  T  d3
  1229    384.062  -0.925982  +0.818756  0.000  0.000  0.500  T  d3
  1230    384.375  +0.426011  +1.157568  0.000  0.000  0.500  T  d3
  1231    384.688  +1.221483  +0.055024  0.000  0.000  0.500  T  d3
  1232    385.000  +0.537767  -1.134735  0.000  0.000  0.500  T  d3
  1233    385.312  -0.847692  -0.902505  0.000  0.000  0.500  T  d3
  1234    385.625  -1.183781  +0.435801  0.000  0.000  0.500  T  d3
  1235    385.938  -0.021378  +1.234779  0.000  0.000  0.500  T  d3
  1236    386.250  +1.178022  +0.557893  0.000  0.000  0.500  T  d3
  1237    386.562  +1.006004  -0.960957  0.000  0.000  0.500  T  d3
  1238    386.875  -0.720367  -1.338739  0.000  0.000  0.500  T  d3
  1239    387.188  -1.529371  +0.481795  0.000  0.000  0.500  T  d3
  1240    387.500  +0.237983  +1.560810  0.000  0.000  0.500  T  d3
  1241    387.812  +1.507393  -0.083713  0.000  0.000  0.500  T  d3
  1242    388.125  +0.002763  -1.395623  0.000  0.000  0.500  T  d3
  1243    388.438  -1.270836  -0.039149  0.000  0.000  0.500  T  d3
  1244    388.750  +0.014403  +1.153412  0.000  0.000  0.500  T  d3
  1245    389.062  +1.078381  -0.115226  0.000  0.000  0.500  T  d3
  1246    389.375  -0.219847  -1.056789  0.000  0.000  0.500  T  d3
  1247    389.688  -1.054144  +0.310753  0.000  0.000  0.500  T  d3
  1248    390.000  +0.385105  +1.127715  0.000  0.000  0.500  T  d3
  1249    390.312  +1.156686  -0.421603  0.000  0.000  0.500  T  d3
  1250    390.625  -0.418051  -1.218925  0.000  0.000  0.500  T  d3
  1251    390.938  -1.260114  +0.431365  0.000  0.000  0.500  T  d3
  1252    391.250  +0.388876  +1.270972  0.000  0.000  0.500  T  d3
  1253    391.562  +1.266841  -0.361032  0.000  0.000  0.500  T  d3
  1254    391.875  -0.355672  -1.269936  0.000  0.001  0.500  T  d3
  1255    392.188  -1.217039  +0.333987  0.000  0.001  0.500  T  d3
  1256    392.500  +0.363063  +1.179302  0.000  0.001  0.500  T  d3
  1257    392.812  +1.149940  -0.352945  0.000  0.001  0.500  T  d3
  1258    393.125  -0.391566  -1.150951  0.000  0.001  0.500  T  d3
  1259    393.438  -1.138891  +0.413026  0.000  0.001  0.500  T  d3
  1260    393.750  +0.453772  +1.150579  0.000  0.001  0.500  T  d3
  1261    394.062  +1.144547  -0.457051  0.000  0.001  0.500  T  d3
  1262    394.375  -0.488691  -1.151564  0.000  0.001  0.500  T  d3
  1263    394.688  -1.154241  +0.486871  0.000  0.001  0.500  T  d3
  1264    395.000  +0.502882  +1.155857  0.000  0.001  0.500  T  d3
  1265    395.312  +1.162030  -0.503144  0.000  0.001  0.500  T  d3
  1266    395.625  -0.497345  -1.147667  0.000  0.000  0.500  T  d3
  1267    395.938  -1.162351  +0.526969  0.000  0.000  0.500  T  d3
  1268    396.250  +0.498817  +1.096240  0.000  0.000  0.500  T  d3
  1269    396.562  +1.052551  -0.428332  0.000  0.000  0.500  T  d3
  1270    396.875  -0.246555  -1.008310  0.000  0.000  0.500  T  d3
  1271    397.188  -0.979151  +0.026598  0.000  0.000  0.500  T  d3
  1272    397.500  -0.233647  +0.930933  0.000  0.000  0.500  T  d3
  1273    397.812  +0.806863  +0.497165  0.000  0.000  0.500  T  d3
  1274    398.125  +0.747275  -0.584674  0.000  0.000  0.500  T  d3
  1275    398.438  -0.294204  -0.928139  0.000  0.000  0.500  T  d3
  1276    398.750  -1.021430  -0.051999  0.000  0.000  0.500  T  d3
  1277    399.062  -0.420732  +0.939488  0.000  0.000  0.500  T  d3
  1278    399.375  +0.727530  +0.774203  0.000  0.000  0.500  T  d3
  1279    399.688  +1.015177  -0.410471  0.000  0.000  0.500  T  d3
  1280    400.000  -0.015196  -1.123790  0.000  0.000  0.500  T  d3
  1281    400.312  -1.055507  -0.405408  0.000  0.000  0.500  T  d3
  1282    400.625  -0.780586  +0.829990  0.000  0.000  0.500  T  d3
  1283    400.938  +0.478149  +1.063110  0.000  0.000  0.500  T  d3
  1284    401.250  +1.196472  -0.041477  0.000  0.000  0.500  T  d3
  1285    401.562  +0.418597  -1.129444  0.000  0.000  0.500  T  d3
  1286    401.875  -0.906318  -0.813814  0.000  0.000  0.500  T  d3
  1287    402.188  -1.111682  +0.523211  0.000  0.000  0.500  T  d3
  1288    402.500  +0.049104  +1.219455  0.000  0.000  0.500  T  d3
  1289    402.812  +1.170987  +0.406726  0.000  0.000  0.500  T  d3
  1290    403.125  +0.834491  -0.907331  0.000  0.000  0.500  T  d3
  1291    403.438  -0.566503  -1.111793  0.000  0.000  0.500  T  d3
  1292    403.750  -1.231143  +0.074802  0.000  0.000  0.500  T  d3
  1293    404.062  -0.377949  +1.169990  0.000  0.000  0.500  T  d3
  1294    404.375  +0.951437  +0.806692  0.000  0.000  0.500  T  d3
  1295    404.688  +1.100041  -0.553935  0.000  0.000  0.500  T  d3
  1296    405.000  -0.109054  -1.245914  0.000  0.000  0.500  T  d3
  1297    405.312  -1.192859  -0.365829  0.000  0.000  0.500  T  d3
  1298    405.625  -0.793522  +0.962782  0.000  0.000  0.500  T  d3
  1299    405.938  +0.587553  +1.094909  0.000  0.000  0.500  T  d3
  1300    406.250  +1.250436  -0.130969  0.000  0.000  0.500  T  d3
  1301    406.562  +0.346824  -1.207413  0.000  0.000  0.500  T  d3
  1302    406.875  -0.992411  -0.783103  0.000  0.000  0.500  T  d3
  1303    407.188  -1.086643  +0.641865  0.000  0.000  0.500  T  d3
  1304    407.500  +0.161589  +1.240106  0.000  0.000  0.500  T  d3
  1305    407.812  +1.204753  +0.310007  0.000  0.000  0.500  T  d3
  1306    408.125  +0.752153  -1.005727  0.000  0.000  0.500  T  d3
  1307    408.438  -0.653984  -1.072316  0.000  0.000  0.500  T  d3
  1308    408.750  -1.231784  +0.191652  0.000  0.000  0.500  T  d3
  1309    409.062  -0.267092  +1.208737  0.000  0.000  0.500  T  d3
  1310    409.375  +1.041167  +0.734708  0.000  0.000  0.500  T  d3
  1311    409.688  +1.046631  -0.647429  0.000  0.000  0.500  T  d3
  1312    410.000  -0.227907  -1.247036  0.000  0.000  0.500  T  d3
  1313    410.312  -1.244766  -0.258085  0.000  0.000  0.500  T  d3
  1314    410.625  -0.704076  +1.038999  0.000  0.000  0.500  T  d3
  1315    410.938  +0.704341  +1.010141  0.000  0.000  0.500  T  d3
  1316    411.250  +1.228133  -0.248423  0.000  0.000  0.500  T  d3
  1317    411.562  +0.214462  -1.208048  0.000  0.000  0.500  T  d3
  1318    411.875  -1.041077  -0.654523  0.000  0.000  0.500  T  d3
  1319    412.188  -1.022716  +0.709310  0.000  0.000  0.500  T  d3
  1320    412.500  +0.280832  +1.202721  0.000  0.000  0.500  T  d3
  1321    412.812  +1.243176  +0.223048  0.000  0.000  0.500  T  d3
  1322    413.125  +0.704970  -1.152034  0.000  0.000  0.500  T  d3
  1323    413.438  -0.945370  -1.128349  0.000  0.000  0.500  T  d3
  1324    413.750  -1.401478  +0.734667  0.000  0.000  0.500  T  d3
  1325    414.062  +0.500537  +1.517401  0.000  0.000  0.500  T  d3
  1326    414.375  +1.509121  -0.333520  0.000  0.000  0.500  T  d3
  1327    414.688  -0.191857  -1.398257  0.000  0.000  0.500  T  d3
  1328    415.000  -1.287933  +0.142776  0.000  0.000  0.500  T  d3
  1329    415.312  +0.173780  +1.172870  0.000  0.000  0.500  T  d3
  1330    415.625  +1.085803  -0.243466  0.000  0.000  0.500  T  d3
  1331    415.938  -0.346147  -1.006866  0.000  0.000  0.500  T  d3
  1332    416.250  -0.999474  +0.432388  0.000  0.000  0.500  T  d3
  1333    416.562  +0.504954  +1.020647  0.000  0.000  0.500  T  d3
  1334    416.875  +1.079897  -0.567920  0.000  0.000  0.500  T  d3
  1335    417.188  -0.604660  -1.129320  0.000  0.000  0.500  T  d3
  1336    417.500  -1.174126  +0.586635  0.000  0.000  0.500  T  d3
  1337    417.812  +0.556313  +1.185970  0.000  0.000  0.500  T  d3
  1338    418.125  +1.207617  -0.560822  0.000  0.000  0.500  T  d3
  1339    418.438  -0.517847  -1.183515  0.000  0.000  0.500  T  d3
  1340    418.750  -1.172571  +0.530357  0.000  0.000  0.500  T  d3
  1341    419.062  +0.522031  +1.160420  0.000  0.000  0.500  T  d3
  1342    419.375  +1.111863  -0.533479  0.000  0.000  0.500  T  d3
  1343    419.688  -0.536328  -1.091619  0.000  0.000  0.500  T  d3
  1344    420.000  -1.082491  +0.567533  0.000  0.000  0.500  T  d3
  1345    420.312  +0.596647  +1.071079  0.000  0.000  0.500  T  d3
  1346    420.625  +1.077434  -0.626199  0.000  0.000  0.500  T  d3
  1347    420.938  -0.634481  -1.075965  0.000  0.000  0.500  T  d3
  1348    421.250  -1.065866  +0.638285  0.000  0.000  0.500  T  d3
  1349    421.562  +0.644427  +1.085456  0.000  0.000  0.500  T  d3
  1350    421.875  +1.082515  -0.650639  0.000  0.000  0.500  T  d3
  1351    422.188  -0.673954  -1.077334  0.000  0.000  0.500  T  d3
  1352    422.500  -1.072896  +0.654349  0.000  0.000  0.500  T  d3
  1353    422.812  +0.654632  +1.047761  0.000  0.000  0.500  T  d3
  1354    423.125  +1.003207  -0.587355  0.000  0.000  0.500  T  d3
  1355    423.438  -0.460464  -0.967641  0.000  0.000  0.500  T  d3
  1356    423.750  -0.958710  +0.232467  0.000  0.000  0.500  T  d3
  1357    424.062  -0.020541  +0.963815  0.000  0.000  0.500  T  d3
  1358    424.375  +0.915965  +0.303144  0.000  0.000  0.500  T  d3
  1359    424.688  +0.574201  -0.750668  0.000  0.000  0.500  T  d3
  1360    425.000  -0.493136  -0.823014  0.000  0.000  0.500  T  d3
  1361    425.312  -0.970122  +0.191784  0.000  0.000  0.500  T  d3
  1362    425.625  -0.179094  +1.008899  0.000  0.000  0.500  T  d3
  1363    425.938  +0.888093  +0.541312  0.000  0.000  0.500  T  d3
  1364    426.250  +0.872943  -0.636400  0.000  0.000  0.500  T  d3
  1365    426.562  -0.293105  -1.075826  0.000  0.000  0.500  T  d3
  1366    426.875  -1.139621  -0.135160  0.000  0.000  0.500  T  d3
  1367    427.188  -0.580614  +0.998192  0.000  0.000  0.500  T  d3
  1368    427.500  +0.741641  +0.929902  0.000  0.000  0.500  T  d3
  1369    427.812  +1.139938  -0.334069  0.000  0.000  0.500  T  d3
  1370    428.125  +0.118943  -1.200975  0.000  0.000  0.500  T  d3
  1371    428.438  -1.046707  -0.588787  0.000  0.000  0.500  T  d3
  1372    428.750  -0.931004  +0.777741  0.000  0.000  0.500  T  d3
  1373    429.062  +0.354781  +1.170791  0.000  0.000  0.500  T  d3
  1374    429.375  +1.232040  +0.114773  0.000  0.000  0.500  T  d3
  1375    429.688  +0.591514  -1.080305  0.000  0.000  0.500  T  d3
  1376    430.000  -0.806024  -0.950154  0.000  0.000  0.500  T  d3
  1377    430.312  -1.199475  +0.374985  0.000  0.000  0.500  T  d3
  1378    430.625  -0.110832  +1.238584  0.000  0.000  0.500  T  d3
  1379    430.938  +1.098944  +0.583941  0.000  0.000  0.500  T  d3
  1380    431.250  +0.968563  -0.807710  0.000  0.000  0.500  T  d3
  1381    431.562  -0.390011  -1.209888  0.000  0.000  0.500  T  d3
  1382    431.875  -1.258016  -0.092954  0.000  0.000  0.500  T  d3
  1383    432.188  -0.566559  +1.134390  0.000  0.000  0.500  T  d3
  1384    432.500  +0.828617  +0.939066  0.000  0.000  0.500  T  d3
  1385    432.812  +1.200234  -0.404135  0.000  0.000  0.500  T  d3
  1386    433.125  +0.074242  -1.251038  0.000  0.000  0.500  T  d3
  1387    433.438  -1.129308  -0.546782  0.000  0.000  0.500  T  d3
  1388    433.750  -0.934100  +0.829272  0.000  0.000  0.500  T  d3
  1389    434.062  +0.421674  +1.162635  0.000  0.000  0.500  T  d3
  1390    434.375  +1.259837  +0.048326  0.000  0.000  0.500  T  d3
  1391    434.688  +0.513674  -1.122010  0.000  0.000  0.500  T  d3
  1392    435.000  -0.848482  -0.893997  0.000  0.000  0.500  T  d3
  1393    435.312  -1.175757  +0.446608  0.000  0.000  0.500  T  d3
  1394    435.625  -0.032051  +1.248766  0.000  0.000  0.500  T  d3
  1395    435.938  +1.126336  +0.480018  0.000  0.000  0.500  T  d3
  1396    436.250  +0.910264  -0.860665  0.000  0.000  0.500  T  d3
  1397    436.562  -0.452143  -1.143753  0.000  0.000  0.500  T  d3
  1398    436.875  -1.231103  -0.001078  0.000  0.000  0.500  T  d3
  1399    437.188  -0.498147  +1.139295  0.000  0.000  0.500  T  d3
  1400    437.500  +0.871904  +0.884176  0.000  0.000  0.500  T  d3
  1401    437.812  +1.160822  -0.488999  0.000  0.000  0.500  T  d3
  1402    438.125  -0.006354  -1.248551  0.000  0.000  0.500  T  d3
  1403    438.438  -1.154285  -0.454599  0.000  0.000  0.500  T  d3
  1404    438.750  -0.863088  +0.908882  0.000  0.000  0.500  T  d3
  1405    439.062  +0.514823  +1.155390  0.000  0.000  0.500  T  d3
  1406    439.375  +1.234874  -0.070022  0.000  0.000  0.500  T  d3
  1407    439.688  +0.405560  -1.179409  0.000  0.000  0.500  T  d3
  1408    440.000  -0.927417  -0.840639  0.000  0.000  0.500  T  d3
  1409    440.312  -1.124725  +0.568247  0.000  0.000  0.500  T  d3
  1410    440.625  +0.082895  +1.253935  0.000  0.000  0.500  T  d3
  1411    440.938  +1.199532  +0.373137  0.000  0.000  0.500  T  d3
  1412    441.250  +0.807563  -0.951664  0.000  0.000  0.500  T  d3
  1413    441.562  -0.561369  -1.094039  0.000  0.000  0.500  T  d3
  1414    441.875  -1.260313  +0.124493  0.000  0.000  0.500  T  d3
  1415    442.188  -0.354306  +1.192170  0.000  0.000  0.500  T  d3
  1416    442.500  +0.974512  +0.762326  0.000  0.000  0.500  T  d3
  1417    442.812  +1.094328  -0.609969  0.000  0.000  0.500  T  d3
  1418    443.125  -0.146790  -1.344410  0.000  0.000  0.500  T  d3
  1419    443.438  -1.433452  -0.292827  0.000  0.000  0.500  T  d3
  1420    443.750  -0.646487  +1.474626  0.000  0.000  0.500  T  d3
  1421    444.062  +1.353018  +0.882715  0.000  0.000  0.500  T  d3
  1422    444.375  +0.999152  -1.168996  0.000  0.000  0.500  T  d3
  1423    444.688  -1.004681  -1.000113  0.000  0.000  0.500  T  d3
  1424    445.000  -0.943214  +0.887570  0.000  0.000  0.500  T  d3
  1425    445.312  +0.823949  +0.819689  0.000  0.000  0.500  T  d3
  1426    445.625  +0.710435  -0.826406  0.000  0.000  0.500  T  d3
  1427    445.938  -0.864093  -0.610322  0.000  0.000  0.500  T  d3
  1428    446.250  -0.577298  +0.940597  0.000  0.000  0.500  T  d3
  1429    446.562  +1.024644  +0.535401  0.000  0.000  0.500  T  d3
  1430    446.875  +0.547867  -1.093191  0.000  0.000  0.500  T  d3
  1431    447.188  -1.128900  -0.569590  0.000  0.000  0.500  T  d3
  1432    447.500  -0.635622  +1.138351  0.000  0.000  0.500  T  d3
  1433    447.812  +1.135738  +0.661121  0.000  0.000  0.500  T  d3
  1434    448.125  +0.689770  -1.118969  0.000  0.000  0.500  T  d3
  1435    448.438  -1.086422  -0.698397  0.000  0.000  0.500  T  d3
  1436    448.750  -0.682738  +1.060202  0.000  0.000  0.500  T  d3
  1437    449.062  +1.052100  +0.687861  0.000  0.000  0.500  T  d3
  1438    449.375  +0.665180  -1.050468  0.000  0.000  0.500  T  d3
  1439    449.688  -1.038588  -0.629830  0.000  0.000  0.500  T  d3
  1440    450.000  -0.616698  +1.060993  0.000  0.000  0.500  T  d3
  1441    450.312  +1.064196  +0.603531  0.000  0.000  0.500  T  d3
  1442    450.625  +0.592932  -1.097164  0.000  0.000  0.500  T  d3
  1443    450.938  -1.100029  -0.604471  0.000  0.000  0.500  T  d3
  1444    451.250  -0.608773  +1.134821  0.000  0.000  0.500  T  d3
  1445    451.562  +1.101945  +0.606613  0.000  0.000  0.500  T  d3
  1446    451.875  +0.594840  -1.110146  0.000  0.000  0.500  T  d3
  1447    452.188  -1.096543  -0.625247  0.000  0.000  0.500  T  d3
  1448    452.500  -0.604491  +1.099382  0.000  0.000  0.500  T  d3
  1449    452.812  +1.068437  +0.599465  0.000  0.000  0.500  T  d3
  1450    453.125  +0.622915  -1.013372  0.000  0.000  0.500  T  d3
  1451    453.438  -0.850285  -0.645148  0.000  0.000  0.500  T  d3
  1452    453.750  -0.741935  +0.674089  0.000  0.000  0.500  T  d3
  1453    454.062  +0.442821  +0.855504  0.000  0.000  0.500  T  d3
  1454    454.375  +0.933963  -0.162787  0.000  0.000  0.500  T  d3
  1455    454.688  +0.133440  -0.930524  0.000  0.000  0.500  T  d3
  1456    455.000  -0.838926  -0.474326  0.000  0.000  0.500  T  d3
  1457    455.312  -0.777995  +0.635102  0.000  0.000  0.500  T  d3
  1458    455.625  +0.318695  +0.977165  0.000  0.000  0.500  T  d3
  1459    455.938  +1.034581  +0.045683  0.000  0.000  0.500  T  d3
  1460    456.250  +0.446187  -0.978185  0.000  0.000  0.500  T  d3
  1461    456.562  -0.753339  -0.808562  0.000  0.000  0.500  T  d3
  1462    456.875  -1.043914  +0.398343  0.000  0.000  0.500  T  d3
  1463    457.188  -0.012101  +1.142573  0.000  0.000  0.500  T  d3
  1464    457.500  +1.090985  +0.469362  0.000  0.000  0.500  T  d3
  1465    457.812  +0.853602  -0.821298  0.000  0.000  0.500  T  d3
  1466    458.125  -0.442656  -1.100724  0.000  0.000  0.500  T  d3
  1467    458.438  -1.208712  -0.008433  0.000  0.000  0.500  T  d3
  1468    458.750  -0.464458  +1.108000  0.000  0.000  0.500  T  d3
  1469    459.062  +0.848291  +0.868168  0.000  0.000  0.500  T  d3
  1470    459.375  +1.129657  -0.460215  0.000  0.002  0.500  T  d3
  1471    459.688  +0.001739  -1.244587  0.000  0.002  0.500  T  d3
  1472    460.000  -1.148101  -0.474278  0.000  0.002  0.500  T  d3
  1473    460.312  -0.892961  +0.885303  0.000  0.002  0.500  T  d3
  1474    460.625  +0.476283  +1.159234  0.000  0.002  0.500  T  d3
  1475    460.938  +1.238264  -0.020276  0.000  0.002  0.500  T  d3
  1476    461.250  +0.456258  -1.158672  0.000  0.002  0.500  T  d3
  1477    461.562  -0.888702  -0.844204  0.000  0.002  0.500  T  d3
  1478    461.875  -1.121993  +0.493014  0.000  0.002  0.500  T  d3
  1479    462.188  +0.021449  +1.236638  0.000  0.002  0.500  T  d3
  1480    462.500  +1.163723  +0.426918  0.000  0.002  0.500  T  d3
  1481    462.812  +0.882165  -0.903932  0.000  0.002  0.500  T  d3
  1482    463.125  -0.561783  -1.233146  0.000  0.016  0.500  T  d3
  1483    463.438  -1.458440  +0.159373  0.000  0.016  0.500  T  d3
  1484    463.750  -0.146528  +1.587762  0.000  0.016  0.500  T  d3
  1485    464.062  +1.536526  +0.430103  0.000  0.016  0.500  T  d3
  1486    464.375  +0.588466  -1.431339  0.000  0.016  0.500  T  d3
  1487    464.688  -1.265298  -0.647244  0.000  0.016  0.500  T  d3
  1488    465.000  -0.620345  +1.132072  0.000  0.016  0.500  T  d3
  1489    465.312  +1.023259  +0.534674  0.000  0.016  0.500  T  d3
  1490    465.625  +0.427914  -1.018360  0.000  0.016  0.500  T  d3
  1491    465.938  -1.014695  -0.330486  0.000  0.016  0.500  T  d3
  1492    466.250  -0.268647  +1.035126  0.000  0.016  0.500  T  d3
  1493    466.562  +1.027638  +0.270806  0.000  0.016  0.500  T  d3
  1494    466.875  +0.357508  -0.923186  0.000  0.012  0.500  T  d3
  1495    467.188  -0.787817  -0.537383  0.000  0.012  0.500  T  d3
  1496    467.500  -0.764218  +0.596460  0.000  0.012  0.500  T  d3
  1497    467.812  +0.342430  +0.907088  0.000  0.012  0.500  T  d3
  1498    468.125  +0.979248  -0.002456  0.000  0.012  0.500  T  d3
  1499    468.438  +0.348906  -0.942085  0.000  0.012  0.500  T  d3
  1500    468.750  -0.760449  -0.711113  0.000  0.012  0.500  T  d3
  1501    469.062  -0.961736  +0.458288  0.000  0.012  0.500  T  d3
  1502    469.375  +0.052993  +1.098429  0.000  0.012  0.500  T  d3
  1503    469.688  +1.131808  +0.385681  0.000  0.012  0.500  T  d3
  1504    470.000  +0.834055  -1.012040  0.000  0.012  0.500  T  d3
  1505    470.312  -0.857524  -1.179651  0.000  0.012  0.500  T  d3
  1506    470.625  -1.384701  +0.671381  0.000  0.034  0.500  T  d3
  1507    470.938  +0.486424  +1.449755  0.000  0.034  0.500  T  d3
  1508    471.250  +1.426343  -0.328692  0.000  0.034  0.500  T  d3
  1509    471.562  -0.231473  -1.335083  0.000  0.034  0.500  T  d3
  1510    471.875  -1.264974  +0.207039  0.000  0.034  0.500  T  d3
  1511    472.188  +0.248277  +1.151934  0.000  0.034  0.500  T  d3
  1512    472.500  +1.068858  -0.331095  0.000  0.034  0.500  T  d3
  1513    472.812  -0.398655  -0.980195  0.000  0.034  0.500  T  d3
  1514    473.125  -0.948214  +0.416870  0.000  0.034  0.500  T  d3
  1515    473.438  +0.332939  +0.925146  0.000  0.034  0.500  T  d3
  1516    473.750  +0.934444  -0.158787  0.000  0.034  0.500  T  d3
  1517    474.062  +0.096140  -0.943589  0.000  0.034  0.500  T  d3
  1518    474.375  -0.881089  -0.371145  0.000  0.001  0.500  T  d3
  1519    474.688  -0.651695  +0.693294  0.000  0.001  0.500  T  d3
  1520    475.000  +0.424873  +0.873982  0.000  0.001  0.500  T  d3
  1521    475.312  +1.016631  -0.066653  0.000  0.001  0.500  T  d3
  1522    475.625  +0.287836  -1.024924  0.000  0.001  0.500  T  d3
  1523    475.938  -0.824311  -0.676990  0.000  0.001  0.500  T  d3
  1524    476.250  -0.998260  +0.511478  0.000  0.001  0.500  T  d3
  1525    476.562  +0.132765  +1.275624  0.000  0.001  0.500  T  d3
  1526    476.875  +1.428742  +0.249486  0.000  0.001  0.500  T  d3
  1527    477.188  +0.556976  -1.452057  0.000  0.001  0.500  T  d3
  1528    477.500  -1.361870  -0.775584  0.000  0.001  0.500  T  d3
  1529    477.812  -0.909485  +1.248248  0.000  0.001  0.500  T  d3
  1530    478.125  +1.066374  +0.918447  0.000  0.000  0.500  T  d3
  1531    478.438  +0.862752  -0.987949  0.000  0.000  0.500  T  d3
  1532    478.750  -0.896080  -0.763749  0.000  0.000  0.500  T  d3
  1533    479.062  -0.667980  +0.877095  0.000  0.000  0.500  T  d3
  1534    479.375  +0.910361  +0.596937  0.000  0.000  0.500  T  d3
  1535    479.688  +0.528255  -0.910474  0.000  0.000  0.500  T  d3
  1536    480.000  -0.869182  -0.551033  0.000  0.000  0.500  T  d3
  1537    480.312  -0.605413  +0.743356  0.000  0.000  0.500  T  d3
  1538    480.625  +0.545187  +0.748943  0.000  0.000  0.500  T  d3
  1539    480.938  +0.897069  -0.308235  0.000  0.000  0.500  T  d3
  1540    481.250  -0.019051  -0.950091  0.000  0.000  0.500  T  d3
  1541    481.562  -0.913123  -0.319308  0.000  0.000  0.500  T  d3
  1542    481.875  -0.659136  +0.748407  0.000  0.000  0.500  T  d3
  1543    482.188  +0.458945  +0.913984  0.000  0.000  0.500  T  d3
  1544    482.500  +1.061754  -0.099455  0.000  0.000  0.500  T  d3
  1545    482.812  +0.309939  -1.033000  0.000  0.000  0.500  T  d3
  1546    483.125  -0.872863  -0.701258  0.000  0.000  0.500  T  d3
  1547    483.438  -1.000984  +0.557269  0.000  0.000  0.500  T  d3
  1548    483.750  +0.153582  +1.148618  0.000  0.000  0.500  T  d3
  1549    484.062  +1.149909  +0.293991  0.000  0.000  0.500  T  d3
  1550    484.375  +0.736125  -0.949117  0.000  0.000  0.500  T  d3
  1551    484.688  -0.593482  -1.034486  0.000  0.000  0.500  T  d3
  1552    485.000  -1.231036  +0.167890  0.000  0.000  0.500  T  d3
  1553    485.312  -0.323897  +1.197022  0.000  0.000  0.500  T  d3
  1554    485.625  +0.966540  +0.728539  0.000  0.013  0.500  T  d3
  1555    485.938  +1.067180  -0.623523  0.000  0.013  0.500  T  d3
  1556    486.250  -0.165242  -1.231123  0.000  0.013  0.500  T  d3
  1557    486.562  -1.187343  -0.298568  0.000  0.013  0.500  T  d3
  1558    486.875  -0.726216  +1.000899  0.000  0.013  0.500  T  d3
  1559    487.188  +0.627821  +1.083770  0.000  0.013  0.500  T  d3
  1560    487.500  +1.217220  -0.196198  0.000  0.013  0.500  T  d3
  1561    487.812  +0.291472  -1.220101  0.000  0.013  0.500  T  d3
  1562    488.125  -1.003527  -0.741054  0.000  0.013  0.500  T  d3
  1563    488.438  -1.065207  +0.651212  0.000  0.013  0.500  T  d3
  1564    488.750  +0.223384  +1.227098  0.000  0.013  0.500  T  d3
  1565    489.062  +1.226803  +0.271924  0.000  0.013  0.500  T  d3
  1566    489.375  +0.689735  -1.024501  0.000  0.016  0.500  T  d3
  1567    489.688  -0.682404  -1.046406  0.000  0.016  0.500  T  d3
  1568    490.000  -1.230896  +0.228593  0.000  0.016  0.500  T  d3
  1569    490.312  -0.228521  +1.239065  0.000  0.016  0.500  T  d3
  1570    490.625  +1.038672  +0.701801  0.000  0.016  0.500  T  d3
  1571    490.938  +1.033218  -0.709114  0.000  0.016  0.500  T  d3
  1572    491.250  -0.255561  -1.223232  0.000  0.016  0.500  T  d3
  1573    491.562  -1.213931  -0.224036  0.000  0.016  0.500  T  d3
  1574    491.875  -0.671958  +1.074506  0.000  0.016  0.500  T  d3
  1575    492.188  +0.727342  +1.021842  0.000  0.016  0.500  T  d3
  1576    492.500  +1.193299  -0.299390  0.000  0.016  0.500  T  d3
  1577    492.812  +0.195548  -1.246622  0.000  0.016  0.500  T  d3
  1578    493.125  -1.149856  -0.713961  0.000  0.014  0.500  T  d3
  1579    493.438  -1.133079  +0.942814  0.000  0.014  0.500  T  d3
  1580    493.750  +0.753866  +1.418192  0.000  0.014  0.500  T  d3
  1581    494.062  +1.532722  -0.522824  0.000  0.014  0.500  T  d3
  1582    494.375  -0.329343  -1.496032  0.000  0.014  0.500  T  d3
  1583    494.688  -1.397524  +0.199561  0.000  0.014  0.500  T  d3
  1584    495.000  +0.142780  +1.285720  0.000  0.014  0.500  T  d3
  1585    495.312  +1.155213  -0.169425  0.000  0.014  0.500  T  d3
  1586    495.625  -0.268597  -1.080296  0.000  0.014  0.500  T  d3
  1587    495.938  -1.009876  +0.349194  0.000  0.014  0.500  T  d3
  1588    496.250  +0.455366  +1.009469  0.000  0.014  0.500  T  d3
  1589    496.562  +1.035728  -0.531131  0.000  0.014  0.500  T  d3
  1590    496.875  -0.581663  -1.073718  0.000  0.000  0.500  T  d3
  1591    497.188  -1.110711  +0.601861  0.000  0.000  0.500  T  d3
  1592    497.500  +0.589161  +1.162850  0.000  0.000  0.500  T  d3
  1593    497.812  +1.179242  -0.571263  0.000  0.000  0.500  T  d3
  1594    498.125  -0.548519  -1.204462  0.000  0.000  0.500  T  d3
  1595    498.438  -1.179058  +0.533228  0.000  0.000  0.500  T  d3
  1596    498.750  +0.519277  +1.190815  0.000  0.000  0.500  T  d3
  1597    499.062  +1.129649  -0.539215  0.000  0.000  0.500  T  d3
  1598    499.375  -0.540526  -1.101257  0.000  0.000  0.500  T  d3
  1599    499.688  -1.033931  +0.502652  0.000  0.000  0.500  T  d3
  1600    500.000  +0.403871  +0.983874  0.000  0.000  0.500  T  d3
  1601    500.312  +0.958792  -0.229146  0.000  0.000  0.500  T  d3
  1602    500.625  +0.005227  -0.943432  0.000  0.004  0.500  T  d3
  1603    500.938  -0.888873  -0.266372  0.000  0.004  0.500  T  d3
  1604    501.250  -0.530711  +0.767292  0.000  0.004  0.500  T  d3
  1605    501.562  +0.535516  +0.777473  0.000  0.004  0.500  T  d3
  1606    501.875  +0.938732  -0.229939  0.000  0.004  0.500  T  d3
  1607    502.188  +0.122409  -1.014286  0.000  0.004  0.500  T  d3
  1608    502.500  -0.904465  -0.491886  0.000  0.004  0.500  T  d3
  1609    502.812  -0.837057  +0.663234  0.000  0.004  0.500  T  d3
  1610    503.125  +0.319786  +1.158025  0.000  0.004  0.500  T  d3
  1611    503.438  +1.341742  +0.030107  0.000  0.004  0.500  T  d3
  1612    503.750  +0.375860  -1.479855  0.000  0.004  0.500  T  d3
  1613    504.062  -1.418309  -0.603658  0.000  0.004  0.500  T  d3
  1614    504.375  -0.765473  +1.332141  0.000  0.013  0.500  T  d3
  1615    504.688  +1.158314  +0.843668  0.000  0.013  0.500  T  d3
  1616    505.000  +0.808598  -1.059063  0.000  0.013  0.500  T  d3
  1617    505.312  -0.979517  -0.742484  0.000  0.013  0.500  T  d3
  1618    505.625  -0.635435  +0.913622  0.000  0.013  0.500  T  d3
  1619    505.938  +0.942905  +0.542966  0.000  0.013  0.500  T  d3
  1620    506.250  +0.458861  -0.985535  0.000  0.013  0.500  T  d3
  1621    506.562  -1.029678  -0.440827  0.000  0.013  0.500  T  d3
  1622    506.875  -0.418233  +1.118465  0.000  0.013  0.500  T  d3
  1623    507.188  +1.158292  +0.470928  0.000  0.013  0.500  T  d3
  1624    507.500  +0.489453  -1.181196  0.000  0.013  0.500  T  d3
  1625    507.812  -1.181344  -0.502904  0.000  0.013  0.500  T  d3
  1626    508.125  -0.551238  +1.159976  0.000  0.000  0.500  T  d3
  1627    508.438  +1.152727  +0.569171  0.000  0.000  0.500  T  d3
  1628    508.750  +0.574209  -1.162584  0.000  0.000  0.500  T  d3
  1629    509.062  -1.127907  -0.571337  0.000  0.000  0.500  T  d3
  1630    509.375  -0.544109  +1.129140  0.000  0.000  0.500  T  d3
  1631    509.688  +1.101656  +0.526302  0.000  0.000  0.500  T  d3
  1632    510.000  +0.506373  -1.120161  0.000  0.000  0.500  T  d3
  1633    510.312  -1.136805  -0.498673  0.000  0.000  0.500  T  d3
  1634    510.625  -0.491123  +1.148266  0.000  0.000  0.500  T  d3
  1635    510.938  +1.138794  +0.486469  0.000  0.000  0.500  T  d3
  1636    511.250  +0.521156  -1.160791  0.000  0.000  0.500  T  d3
  1637    511.562  -1.150090  -0.492960  0.000  0.000  0.500  T  d3
  1638    511.875  -0.503778  +1.159921  0.000  0.000  0.500  T  d3
  1639    512.188  +1.155012  +0.503796  0.000  0.000  0.500  T  d3
  1640    512.500  +0.496497  -1.142644  0.000  0.000  0.500  T  d3
  1641    512.812  -1.138538  -0.510968  0.000  0.000  0.500  T  d3
  1642    513.125  -0.513221  +1.058168  0.000  0.000  0.500  T  d3
  1643    513.438  +0.931962  +0.576487  0.000  0.000  0.500  T  d3
  1644    513.750  +0.682722  -0.747936  0.000  0.000  0.500  T  d3
  1645    514.062  -0.509725  -0.821489  0.000  0.000  0.500  T  d3
  1646    514.375  -0.927492  +0.255079  0.000  0.000  0.500  T  d3
  1647    514.688  -0.053454  +0.956161  0.000  0.000  0.500  T  d3
  1648    515.000  +0.882034  +0.394998  0.000  0.000  0.500  T  d3
  1649    515.312  +0.712287  -0.690407  0.000  0.000  0.500  T  d3
  1650    515.625  -0.400104  -0.943005  0.000  0.000  0.500  T  d3
  1651    515.938  -1.073664  +0.033737  0.000  0.000  0.500  T  d3
  1652    516.250  -0.390470  +1.044600  0.000  0.000  0.500  T  d3
  1653    516.562  +0.952305  +0.836025  0.000  0.000  0.500  T  d3
  1654    516.875  +1.185369  -0.779673  0.000  0.000  0.500  T  d3
  1655    517.188  -0.573494  -1.428067  0.000  0.000  0.500  T  d3
  1656    517.500  -1.501041  +0.381128  0.000  0.000  0.500  T  d3
  1657    517.812  +0.219463  +1.468972  0.000  0.000  0.500  T  d3
  1658    518.125  +1.379075  -0.104160  0.000  0.000  0.500  T  d3
  1659    518.438  -0.086928  -1.272597  0.000  0.000  0.500  T  d3
  1660    518.750  -1.176431  +0.117959  0.000  0.000  0.500  T  d3
  1661    519.062  +0.177861  +1.113604  0.000  0.000  0.500  T  d3
  1662    519.375  +1.078042  -0.259324  0.000  0.000  0.500  T  d3
  1663    519.688  -0.358845  -1.054848  0.000  0.000  0.500  T  d3
  1664    520.000  -1.085979  +0.423754  0.000  0.000  0.500  T  d3
  1665    520.312  +0.461468  +1.104414  0.000  0.000  0.500  T  d3
  1666    520.625  +1.171535  -0.494406  0.000  0.000  0.500  T  d3
  1667    520.938  -0.475495  -1.213773  0.000  0.000  0.500  T  d3
  1668    521.250  -1.236821  +0.469283  0.000  0.000  0.500  T  d3
  1669    521.562  +0.453685  +1.231761  0.000  0.000  0.500  T  d3
  1670    521.875  +1.229690  -0.449109  0.000  0.000  0.500  T  d3
  1671    522.188  -0.432950  -1.203815  0.000  0.000  0.500  T  d3
  1672    522.500  -1.182100  +0.449101  0.000  0.000  0.500  T  d3
  1673    522.812  +0.440762  +1.133789  0.000  0.000  0.500  T  d3
  1674    523.125  +1.076305  -0.377974  0.000  0.000  0.500  T  d3
  1675    523.438  -0.277485  -1.020183  0.000  0.000  0.500  T  d3
  1676    523.750  -0.972613  +0.079092  0.000  0.000  0.500  T  d3
  1677    524.062  -0.165936  +0.929064  0.000  0.000  0.500  T  d3
  1678    524.375  +0.838605  +0.430150  0.000  0.000  0.500  T  d3
  1679    524.688  +0.682207  -0.644860  0.000  0.000  0.500  T  d3
  1680    525.000  -0.377736  -0.890582  0.000  0.000  0.500  T  d3
  1681    525.312  -0.990941  +0.048975  0.000  0.000  0.500  T  d3
  1682    525.625  -0.307461  +0.978279  0.000  0.000  0.500  T  d3
  1683    525.938  +0.787648  +0.679624  0.000  0.000  0.500  T  d3
  1684    526.250  +0.999647  -0.498413  0.000  0.000  0.500  T  d3
  1685    526.562  -0.133497  -1.271396  0.000  0.000  0.500  T  d3
  1686    526.875  -1.402557  -0.198737  0.000  0.000  0.500  T  d3
  1687    527.188  -0.541277  +1.427133  0.000  0.000  0.500  T  d3
  1688    527.500  +1.357498  +0.732041  0.000  0.000  0.500  T  d3
  1689    527.812  +0.862988  -1.218341  0.000  0.000  0.500  T  d3
  1690    528.125  -1.092530  -0.905638  0.000  0.000  0.500  T  d3
  1691    528.438  -0.830755  +0.977683  0.000  0.000  0.500  T  d3
  1692    528.750  +0.908842  +0.768682  0.000  0.000  0.500  T  d3
  1693    529.062  +0.668703  -0.897010  0.000  0.000  0.500  T  d3
  1694    529.375  -0.913719  -0.570499  0.000  0.000  0.500  T  d3
  1695    529.688  -0.521702  +0.981428  0.000  0.000  0.500  T  d3
  1696    530.000  +1.042179  +0.490811  0.000  0.000  0.500  T  d3
  1697    530.312  +0.506818  -1.098703  0.000  0.000  0.500  T  d3
  1698    530.625  -1.144012  -0.523852  0.000  0.000  0.500  T  d3
  1699    530.938  -0.560194  +1.178571  0.000  0.000  0.500  T  d3
  1700    531.250  +1.161437  +0.579959  0.000  0.000  0.500  T  d3
  1701    531.562  +0.604513  -1.150648  0.000  0.000  0.500  T  d3
  1702    531.875  -1.129377  -0.634013  0.000  0.000  0.500  T  d3
  1703    532.188  -0.641046  +1.092962  0.000  0.000  0.500  T  d3
  1704    532.500  +1.087269  +0.614666  0.000  0.000  0.500  T  d3
  1705    532.812  +0.601948  -1.065443  0.000  0.000  0.500  T  d3
  1706    533.125  -1.059719  -0.582317  0.000  0.000  0.500  T  d3
  1707    533.438  -0.559650  +1.088701  0.000  0.000  0.500  T  d3
  1708    533.750  +1.102192  +0.557892  0.000  0.000  0.500  T  d3
  1709    534.062  +0.540239  -1.102648  0.000  0.000  0.500  T  d3
  1710    534.375  -1.134918  -0.549695  0.000  0.000  0.500  T  d3
  1711    534.688  -0.542327  +1.113557  0.000  0.000  0.500  T  d3
  1712    535.000  +1.126180  +0.543585  0.000  0.000  0.500  T  d3
  1713    535.312  +0.543898  -1.127474  0.000  0.000  0.500  T  d3
  1714    535.625  -1.125958  -0.555483  0.000  0.000  0.500  T  d3
  1715    535.938  -0.542843  +1.135589  0.000  0.000  0.500  T  d3
  1716    536.250  +1.104112  +0.540698  0.000  0.000  0.500  T  d3
  1717    536.562  +0.560087  -0.992558  0.000  0.000  0.500  T  d3
  1718    536.875  -0.830056  -0.618100  0.000  0.000  0.500  T  d3
  1719    537.188  -0.751015  +0.619305  0.000  0.000  0.500  T  d3
  1720    537.500  +0.389833  +0.875486  0.000  0.000  0.500  T  d3
  1721    537.812  +0.929740  -0.119759  0.000  0.000  0.500  T  d3
  1722    538.125  +0.205459  -0.928010  0.000  0.000  0.500  T  d3
  1723    538.438  -0.815576  -0.545624  0.000  0.000  0.500  T  d3
  1724    538.750  -0.836192  +0.595996  0.000  0.000  0.500  T  d3
  1725    539.062  +0.272042  +1.021200  0.000  0.000  0.500  T  d3
  1726    539.375  +1.047713  +0.129662  0.000  0.000  0.500  T  d3
  1727    539.688  +0.591344  -1.000329  0.000  0.000  0.500  T  d3
  1728    540.000  -0.830994  -0.989584  0.000  0.000  0.500  T  d3
  1729    540.312  -1.314085  +0.621469  0.000  0.000  0.500  T  d3
  1730    540.625  +0.451116  +1.476434  0.000  0.000  0.500  T  d3
  1731    540.938  +1.535337  -0.244990  0.000  0.000  0.500  T  d3
  1732    541.250  -0.126970  -1.462777  0.000  0.000  0.500  T  d3
  1733    541.562  -1.359802  +0.027968  0.000  0.000  0.500  T  d3
  1734    541.875  +0.042657  +1.250498  0.000  0.000  0.500  T  d3
  1735    542.188  +1.147243  -0.072671  0.000  0.000  0.500  T  d3
  1736    542.500  -0.181641  -1.093374  0.000  0.000  0.500  T  d3
  1737    542.812  -1.050030  +0.249869  0.000  0.000  0.500  T  d3
  1738    543.125  +0.257666  +1.022428  0.000  0.000  0.500  T  d3
  1739    543.438  +0.993817  -0.187324  0.000  0.000  0.500  T  d3
  1740    543.750  -0.009698  -0.959331  0.000  0.000  0.500  T  d3
  1741    544.062  -0.913910  -0.232116  0.000  0.000  0.500  T  d3
  1742    544.375  -0.498795  +0.811624  0.000  0.000  0.500  T  d3
  1743    544.688  +0.597769  +0.742111  0.000  0.000  0.500  T  d3
  1744    545.000  +0.939961  -0.293924  0.000  0.000  0.500  T  d3
  1745    545.312  +0.066239  -1.022004  0.000  0.000  0.500  T  d3
  1746    545.625  -0.948766  -0.453165  0.000  0.000  0.500  T  d3
  1747    545.938  -0.793410  +0.699640  0.000  0.000  0.500  T  d3
  1748    546.250  +0.377184  +1.039769  0.000  0.000  0.500  T  d3
  1749    546.562  +1.132111  +0.051491  0.000  0.000  0.500  T  d3
  1750    546.875  +0.467852  -1.039530  0.000  0.000  0.500  T  d3
  1751    547.188  -0.811653  -0.856374  0.000  0.000  0.500  T  d3
  1752    547.500  -1.116341  +0.410642  0.000  0.000  0.500  T  d3
  1753    547.812  +0.000062  +1.198911  0.000  0.000  0.500  T  d3
  1754    548.125  +1.111991  +0.483807  0.000  0.000  0.500  T  d3
  1755    548.438  +0.865791  -0.843524  0.000  0.000  0.500  T  d3
  1756    548.750  -0.450565  -1.126611  0.000  0.000  0.500  T  d3
  1757    549.062  -1.236959  -0.000846  0.000  0.000  0.500  T  d3
  1758    549.375  -0.475421  +1.128832  0.000  0.000  0.500  T  d3
  1759    549.688  +0.857661  +0.873131  0.000  0.000  0.500  T  d3
  1760    550.000  +1.155685  -0.468662  0.000  0.000  0.500  T  d3
  1761    550.312  +0.011805  -1.236106  0.000  0.000  0.500  T  d3
  1762    550.625  -1.151309  -0.482564  0.000  0.000  0.500  T  d3
  1763    550.938  -0.890832  +0.872774  0.000  0.000  0.500  T  d3
  1764    551.250  +0.477131  +1.155413  0.000  0.000  0.500  T  d3
  1765    551.562  +1.238063  -0.009947  0.000  0.000  0.500  T  d3
  1766    551.875  +0.465006  -1.167102  0.000  0.000  0.500  T  d3
  1767    552.188  -0.910355  -0.876369  0.000  0.000  0.500  T  d3
  1768    552.500  -1.148660  +0.512789  0.000  0.000  0.500  T  d3
  1769    552.812  +0.027635  +1.265652  0.000  0.000  0.500  T  d3
  1770    553.125  +1.246140  +0.486332  0.000  0.000  0.500  T  d3
  1771    553.438  +0.937333  -1.149340  0.000  0.000  0.500  T  d3
  1772    553.750  -0.985274  -1.243917  0.000  0.000  0.500  T  d3
  1773    554.062  -1.381495  +0.774574  0.000  0.000  0.500  T  d3
  1774    554.375  +0.588846  +1.421892  0.000  0.000  0.500  T  d3
  1775    554.688  +1.364544  -0.434823  0.000  0.000  0.500  T  d3
  1776    555.000  -0.368886  -1.253147  0.000  0.000  0.500  T  d3
  1777    555.312  -1.117913  +0.372274  0.000  0.000  0.500  T  d3
  1778    555.625  +0.429320  +1.008818  0.000  0.000  0.500  T  d3
  1779    555.938  +0.936130  -0.511166  0.000  0.000  0.500  T  d3
  1780    556.250  -0.609646  -0.901661  0.000  0.000  0.500  T  d3
  1781    556.562  -0.938251  +0.691619  0.000  0.000  0.500  T  d3
  1782    556.875  +0.747981  +0.973540  0.000  0.000  0.500  T  d3
  1783    557.188  +1.008788  -0.780839  0.000  0.000  0.500  T  d3
  1784    557.500  -0.792828  -1.060003  0.000  0.000  0.500  T  d3
  1785    557.812  -1.080386  +0.736116  0.000  0.000  0.500  T  d3
  1786    558.125  +0.744077  +1.099209  0.000  0.000  0.500  T  d3
  1787    558.438  +1.072126  -0.702360  0.000  0.000  0.500  T  d3
  1788    558.750  -0.676795  -1.082449  0.000  0.000  0.500  T  d3
  1789    559.062  -1.035838  +0.694119  0.000  0.000  0.500  T  d3
  1790    559.375  +0.709957  +1.024636  0.000  0.000  0.500  T  d3
  1791    559.688  +0.986717  -0.716814  0.000  0.000  0.500  T  d3
  1792    560.000  -0.726823  -0.970772  0.000  0.000  0.500  T  d3
  1793    560.312  -0.961154  +0.764386  0.000  0.000  0.500  T  d3
  1794    560.625  +0.765829  +0.961348  0.000  0.000  0.500  T  d3
  1795    560.938  +0.954892  -0.790841  0.000  0.000  0.500  T  d3
  1796    561.250  -0.806858  -0.958904  0.000  0.000  0.500  T  d3
  1797    561.562  -0.984414  +0.802232  0.000  0.000  0.500  T  d3
  1798    561.875  +0.812353  +0.963488  0.000  0.000  0.500  T  d3
  1799    562.188  +0.973980  -0.807902  0.000  0.000  0.500  T  d3
  1800    562.500  -0.802932  -0.960495  0.000  0.000  0.500  T  d3
  1801    562.812  -0.955749  +0.808106  0.000  0.000  0.500  T  d3
  1802    563.125  +0.820320  +0.938213  0.000  0.000  0.500  T  d3
  1803    563.438  +0.943122  -0.832801  0.000  0.000  0.500  T  d3
  1804    563.750  -0.838236  -0.945274  0.000  0.000  0.500  T  d3
  1805    564.062  -0.927349  +0.850613  0.000  0.000  0.500  T  d3
  1806    564.375  +0.866096  +0.928913  0.000  0.000  0.500  T  d3
  1807    564.688  +0.901091  -0.853316  0.000  0.000  0.500  T  d3
  1808    565.000  -0.851266  -0.888038  0.000  0.000  0.500  T  d3
  1809    565.312  -0.892553  +0.870697  0.000  0.000  0.500  T  d3
  1810    565.625  +0.862013  +0.891948  0.000  0.000  0.500  T  d3
  1811    565.938  +0.868644  -0.863293  0.000  0.000  0.500  T  d3
  1812    566.250  -0.879252  -0.880292  0.000  0.000  0.500  T  d3
  1813    566.562  -0.880549  +0.877692  0.000  0.000  0.500  T  d3
  1814    566.875  +0.888022  +0.855994  0.000  0.000  0.500  T  d3
  1815    567.188  +0.871879  -0.914172  0.000  0.000  0.500  T  d3
  1816    567.500  -0.910847  -0.875370  0.000  0.000  0.500  T  d3
  1817    567.812  -0.855227  +0.925810  0.000  0.000  0.500  T  d3
  1818    568.125  +0.927167  +0.855760  0.000  0.000  0.500  T  d3
  1819    568.438  +0.850962  -0.924610  0.000  0.000  0.500  T  d3
  1820    568.750  -0.920549  -0.838253  0.000  0.000  0.500  T  d3
  1821    569.062  -0.829034  +0.936848  0.000  0.000  0.500  T  d3
  1822    569.375  +0.941620  +0.825323  0.000  0.000  0.500  T  d3
  1823    569.688  +0.822825  -0.929267  0.000  0.000  0.500  T  d3
  1824    570.000  -0.951976  -0.828721  0.000  0.000  0.500  T  d3
  1825    570.312  -0.810759  +0.958328  0.000  0.000  0.500  T  d3
  1826    570.625  +0.935937  +0.794776  0.000  0.000  0.500  T  d3
  1827    570.938  +0.795889  -0.949425  0.000  0.000  0.500  T  d3
  1828    571.250  -0.958661  -0.798992  0.000  0.000  0.500  T  d3
  1829    571.562  -0.788191  +0.966797  0.000  0.000  0.500  T  d3
  1830    571.875  +0.974454  +0.806420  0.000  0.000  0.500  T  d3
  1831    572.188  +0.773279  -0.981585  0.000  0.000  0.500  T  d3
  1832    572.500  -0.990061  -0.778558  0.000  0.000  0.500  T  d3
  1833    572.812  -0.753828  +0.969486  0.000  0.000  0.500  T  d3
  1834    573.125  +0.895188  +0.736936  0.000  0.000  0.500  T  d3
  1835    573.438  +0.793081  -0.754550  0.000  0.000  0.500  T  d3
  1836    573.750  -0.530339  -0.835501  0.000  0.000  0.500  T  d3
  1837    574.062  -0.923348  +0.288751  0.000  0.000  0.500  T  d3
  1838    574.375  +0.014086  +0.943122  0.000  0.000  0.500  T  d3
  1839    574.688  +0.893556  +0.300001  0.000  0.000  0.500  T  d3
  1840    575.000  +0.592901  -0.762176  0.000  0.000  0.500  T  d3
  1841    575.312  -0.506581  -0.858130  0.000  0.000  0.500  T  d3
  1842    575.625  -0.998194  +0.179461  0.000  0.000  0.500  T  d3
  1843    575.938  -0.214419  +1.032836  0.000  0.000  0.500  T  d3
  1844    576.250  +0.909412  +0.605128  0.000  0.000  0.500  T  d3
  1845    576.562  +0.908033  -0.630799  0.000  0.000  0.500  T  d3
  1846    576.875  -0.259067  -1.110965  0.000  0.000  0.500  T  d3
  1847    577.188  -1.142920  -0.184850  0.000  0.000  0.500  T  d3
  1848    577.500  -0.606188  +1.010770  0.000  0.000  0.500  T  d3
  1849    577.812  +0.713976  +0.953889  0.000  0.000  0.500  T  d3
  1850    578.125  +1.155452  -0.288528  0.000  0.000  0.500  T  d3
  1851    578.438  +0.164529  -1.200888  0.000  0.000  0.500  T  d3
  1852    578.750  -1.063237  -0.624351  0.000  0.000  0.500  T  d3
  1853    579.062  -0.951046  +0.738166  0.000  0.000  0.500  T  d3
  1854    579.375  +0.306663  +1.195041  0.000  0.000  0.500  T  d3
  1855    579.688  +1.258236  +0.199992  0.000  0.000  0.500  T  d3
  1856    580.000  +0.702208  -1.244536  0.000  0.000  0.500  T  d3
  1857    580.312  -1.125236  -1.062934  0.000  0.000  0.500  T  d3
  1858    580.625  -1.308743  +0.952628  0.000  0.000  0.500  T  d3
  1859    580.938  +0.759829  +1.372811  0.000  0.000  0.500  T  d3
  1860    581.250  +1.355171  -0.584371  0.000  0.000  0.500  T  d3
  1861    581.562  -0.473194  -1.267925  0.000  0.000  0.500  T  d3
  1862    581.875  -1.142173  +0.432595  0.000  0.000  0.500  T  d3
  1863    582.188  +0.464868  +1.015295  0.000  0.000  0.500  T  d3
  1864    582.500  +0.921088  -0.526240  0.000  0.000  0.500  T  d3
  1865    582.812  -0.640582  -0.870990  0.000  0.000  0.500  T  d3
  1866    583.125  -0.876265  +0.717249  0.000  0.000  0.500  T  d3
  1867    583.438  +0.803443  +0.886538  0.000  0.000  0.500  T  d3
  1868    583.750  +0.930989  -0.823735  0.000  0.000  0.500  T  d3
  1869    584.062  -0.831191  -0.980984  0.000  0.000  0.500  T  d3
  1870    584.375  -1.006842  +0.838954  0.000  0.000  0.500  T  d3
  1871    584.688  +0.805230  +1.039089  0.000  0.000  0.500  T  d3
  1872    585.000  +1.033225  -0.800159  0.000  0.000  0.500  T  d3
  1873    585.312  -0.751962  -1.029175  0.000  0.000  0.500  T  d3
  1874    585.625  -1.008891  +0.744945  0.000  0.000  0.500  T  d3
  1875    585.938  +0.749830  +0.992317  0.000  0.000  0.500  T  d3
  1876    586.250  +0.962469  -0.755941  0.000  0.000  0.500  T  d3
  1877    586.562  -0.785999  -0.925210  0.000  0.000  0.500  T  d3
  1878    586.875  -0.916133  +0.780547  0.000  0.000  0.500  T  d3
  1879    587.188  +0.811863  +0.914314  0.000  0.000  0.500  T  d3
  1880    587.500  +0.914298  -0.828649  0.000  0.000  0.500  T  d3
  1881    587.812  -0.840584  -0.922288  0.000  0.000  0.500  T  d3
  1882    588.125  -0.917246  +0.852312  0.000  0.000  0.500  T  d3
  1883    588.438  +0.853525  +0.926218  0.000  0.000  0.500  T  d3
  1884    588.750  +0.911512  -0.853352  0.000  0.000  0.500  T  d3
  1885    589.062  -0.857412  -0.917394  0.000  0.000  0.500  T  d3
  1886    589.375  -0.915595  +0.852552  0.000  0.000  0.500  T  d3
  1887    589.688  +0.859169  +0.903312  0.000  0.000  0.500  T  d3
  1888    590.000  +0.890267  -0.861771  0.000  0.000  0.500  T  d3
  1889    590.312  -0.871978  -0.881628  0.000  0.000  0.500  T  d3
  1890    590.625  -0.880194  +0.895661  0.000  0.000  0.500  T  d3
  1891    590.938  +0.895430  +0.858776  0.000  0.000  0.500  T  d3
  1892    591.250  +0.871036  -0.904838  0.000  0.000  0.500  T  d3
  1893    591.562  -0.908472  -0.864647  0.000  0.000  0.500  T  d3
  1894    591.875  -0.854970  +0.910235  0.000  0.000  0.500  T  d3
  1895    592.188  +0.921148  +0.850895  0.000  0.000  0.500  T  d3
  1896    592.500  +0.845791  -0.923614  0.000  0.000  0.500  T  d3
  1897    592.812  -0.915703  -0.833228  0.000  0.000  0.500  T  d3
  1898    593.125  -0.852618  +0.925742  0.000  0.000  0.500  T  d3
  1899    593.438  +0.949858  +0.825947  0.000  0.000  0.500  T  d3
  1900    593.750  +0.848487  -0.937054  0.000  0.000  0.500  T  d3
  1901    594.062  -0.950634  -0.811193  0.000  0.000  0.500  T  d3
  1902    594.375  -0.826715  +0.949179  0.000  0.000  0.500  T  d3
  1903    594.688  +0.953180  +0.812148  0.000  0.000  0.500  T  d3
  1904    595.000  +0.793965  -0.961200  0.000  0.000  0.500  T  d3
  1905    595.312  -0.972939  -0.805336  0.000  0.000  0.500  T  d3
  1906    595.625  -0.789419  +0.963238  0.000  0.000  0.500  T  d3
  1907    595.938  +0.961899  +0.782231  0.000  0.000  0.500  T  d3
  1908    596.250  +0.782589  -0.963614  0.000  0.000  0.500  T  d3
  1909    596.562  -0.969250  -0.768361  0.000  0.000  0.500  T  d3
  1910    596.875  -0.783099  +0.973158  0.000  0.000  0.500  T  d3
  1911    597.188  +0.991466  +0.780027  0.000  0.000  0.500  T  d3
  1912    597.500  +0.752915  -0.990678  0.000  0.000  0.500  T  d3
  1913    597.812  -0.981132  -0.762508  0.000  0.000  0.500  T  d3
  1914    598.125  -0.741200  +0.994762  0.000  0.134  0.500  P  d3
  1915    598.438  +1.000645  +0.746028  0.000  0.134  0.500  P  d3
  1916    598.750  +0.751698  -1.006452  0.000  0.134  0.500  P  d3
  1917    599.062  -1.023270  -0.744136  0.000  0.134  0.500  P  d3
  1918    599.375  -0.726508  +1.007472  0.000  0.134  0.500  P  d3
  1919    599.688  +0.976128  +0.723142  0.000  0.134  0.500  P  d3
  1920    600.000  +0.724245  -0.836523  0.000  0.134  0.500  P  d3
  1921    600.312  -0.647854  -0.802301  0.000  0.134  0.500  P  d3
  1922    600.625  -0.888540  +0.410399  0.000  0.134  0.500  P  d3
  1923    600.938  +0.153525  +0.948260  0.000  0.134  0.500  P  d3
  1924    601.250  +0.927543  +0.150339  0.000  0.134  0.500  P  d3
  1925    601.562  +0.464257  -0.819264  0.000  0.134  0.500  P  d3
  1926    601.875  -0.639024  -0.765772  0.000  0.255  0.500  P  d3
  1927    602.188  -0.966977  +0.323923  0.000  0.255  0.500  P  d3
  1928    602.500  -0.043035  +1.041702  0.000  0.255  0.500  P  d3
  1929    602.812  +0.976496  +0.448826  0.000  0.255  0.500  P  d3
  1930    603.125  +0.805837  -0.770625  0.000  0.255  0.500  P  d3
  1931    603.438  -0.409677  -1.036431  0.000  0.255  0.500  P  d3
  1932    603.750  -1.129104  -0.000913  0.000  0.255  0.500  P  d3
  1933    604.062  -0.446532  +1.061174  0.000  0.255  0.500  P  d3
  1934    604.375  +0.849128  +0.848490  0.000  0.255  0.500  P  d3
  1935    604.688  +1.104650  -0.464132  0.000  0.255  0.500  P  d3
  1936    605.000  -0.020845  -1.207624  0.000  0.255  0.500  P  d3
  1937    605.312  -1.157054  -0.453845  0.000  0.255  0.500  P  d3
  1938    605.625  -0.862537  +0.902605  0.000  0.348  0.500  P  d3
  1939    605.938  +0.507493  +1.130438  0.000  0.348  0.500  P  d3
  1940    606.250  +1.264554  -0.019896  0.000  0.348  0.500  P  d3
  1941    606.562  +0.471409  -1.282767  0.000  0.348  0.500  P  d3
  1942    606.875  -1.203640  -0.920081  0.000  0.348  0.500  P  d3
  1943    607.188  -1.192260  +1.077439  0.000  0.348  0.500  P  d3
  1944    607.500  +0.860531  +1.331771  0.000  0.348  0.966  P  d3
  1945    607.812  +1.346288  -0.683837  0.000  0.348  0.966  P  d3
  1946    608.125  -0.536418  -1.295018  0.000  0.348  0.966  P  d3
  1947    608.438  -1.162611  +0.473831  0.000  0.348  0.966  P  d3
  1948    608.750  +0.490023  +1.042197  0.000  0.348  0.966  P  d3
  1949    609.062  +0.930426  -0.532332  0.000  0.348  0.966  P  d3
  1950    609.375  -0.611430  -0.854920  0.000  0.401  0.966  P  d3
  1951    609.688  -0.840530  +0.713576  0.000  0.401  0.966  P  d3
  1952    610.000  +0.798814  +0.848121  0.000  0.401  0.966  P  d3
  1953    610.312  +0.886046  -0.844937  0.000  0.401  0.966  P  d3
  1954    610.625  -0.884718  -0.936532  0.000  0.401  0.966  P  d3
  1955    610.938  -1.003998  +0.865619  0.000  0.401  0.966  P  d3
  1956    611.250  +0.846359  +1.007272  0.000  0.401  0.966  P  d3
  1957    611.562  +1.046285  -0.829922  0.000  0.401  0.966  P  d3
  1958    611.875  -0.807174  -1.015339  0.000  0.401  0.966  P  d3
  1959    612.188  -1.009700  +0.778406  0.000  0.401  0.966  P  d3
  1960    612.500  +0.798187  +0.981953  0.000  0.401  0.897  P  d3
  1961    612.812  +0.949953  -0.772256  0.000  0.401  0.897  P  d3
  1962    613.125  -0.795157  -0.904302  0.000  0.441  0.897  P  d3
  1963    613.438  -0.914338  +0.816292  0.000  0.441  0.897  P  d3
  1964    613.750  +0.825890  +0.887571  0.000  0.441  0.897  P  d3
  1965    614.062  +0.903368  -0.862517  0.000  0.441  0.897  P  d3
  1966    614.375  -0.863167  -0.902496  0.000  0.441  0.897  P  d3
  1967    614.688  -0.892309  +0.870326  0.000  0.441  0.897  P  d3
  1968    615.000  +0.880549  +0.888406  0.000  0.441  0.897  P  d3
  1969    615.312  +0.902456  -0.892861  0.000  0.441  0.897  P  d3
  1970    615.625  -0.878234  -0.907609  0.000  0.441  0.897  P  d3
  1971    615.938  -0.893062  +0.896128  0.000  0.441  0.897  P  d3
  1972    616.250  +0.873001  +0.894574  0.000  0.441  0.897  P  d3
  1973    616.562  +0.864902  -0.877156  0.000  0.441  0.897  P  d3
  1974    616.875  -0.886767  -0.862245  0.000  0.466  0.897  P  d3
  1975    617.188  -0.847611  +0.906498  0.000  0.466  0.897  P  d3
  1976    617.500  +0.896480  +0.865632  0.000  0.466  0.833  P  d3
  1977    617.812  +0.830826  -0.906279  0.000  0.466  0.833  P  d3
  1978    618.125  -0.913004  -0.830899  0.000  0.466  0.833  P  d3
  1979    618.438  -0.834811  +0.927961  0.000  0.466  0.833  P  d3
  1980    618.750  +0.931662  +0.810750  0.000  0.466  0.833  P  d3
  1981    619.062  +0.821827  -0.941419  0.000  0.466  0.833  P  d3
  1982    619.375  -0.942369  -0.846889  0.000  0.466  0.833  P  d3
  1983    619.688  -0.804643  +0.954418  0.000  0.466  0.833  P  d3
  1984    620.000  +0.946609  +0.808272  0.000  0.466  0.833  P  d3
  1985    620.312  +0.811991  -0.963520  0.000  0.466  0.833  P  d3
  1986    620.625  -0.943199  -0.797220  0.000  0.482  0.833  P  d3
  1987    620.938  -0.791000  +0.955083  0.000  0.482  0.833  P  d3
  1988    621.250  +0.972621  +0.782414  0.000  0.482  0.833  P  d3
  1989    621.562  +0.791402  -0.984370  0.000  0.482  0.833  P  d3
  1990    621.875  -0.993114  -0.793754  0.000  0.482  0.833  P  d3
  1991    622.188  -0.787216  +0.981224  0.000  0.482  0.833  P  d3
  1992    622.500  +0.975639  +0.761432  0.000  0.482  0.768  P  d3
  1993    622.812  +0.753043  -0.977477  0.000  0.482  0.768  P  d3
  1994    623.125  -0.998634  -0.738175  0.000  0.482  0.768  P  d3
  1995    623.438  -0.746396  +1.023075  0.000  0.482  0.768  P  d3
  1996    623.750  +1.007145  +0.777064  0.000  0.482  0.768  P  d3
  1997    624.062  +0.738838  -0.965209  0.000  0.482  0.768  P  d3
  1998    624.375  -1.016708  -0.692569  0.000  0.487  0.768  P  d3
  1999    624.688  -0.742739  +1.048752  0.000  0.487  0.768  P  d3
  2000    625.000  +1.025615  +0.801872  0.016  0.487  0.768  P  d3
  2001    625.312  +0.703537  -1.026600  0.016  0.487  0.768  P  d3
  2002    625.625  -0.901916  -0.547979  0.016  0.487  0.768  P  d3
  2003    625.938  -0.064346  +0.349090  0.016  0.487  0.768  P  d2
  2004    626.250  +0.110714  -0.119091  0.016  0.487  0.768  P  d2
  2005    626.562  -0.071099  +0.168384  0.016  0.487  0.768  P  d3
  2006    626.875  +0.084461  -0.027745  0.016  0.487  0.768  P  d2
  2007    627.188  -0.050354  +0.086229  0.031  0.487  0.768  P  d3
  2008    627.500  +0.070616  +0.001300  0.031  0.487  0.725  P  d1
  2009    627.812  -0.036904  +0.045231  0.031  0.487  0.725  P  d3
  2010    628.125  +0.057489  -0.003212  0.031  0.482  0.725  P  d2
  2011    628.438  -0.035643  +0.024559  0.031  0.482  0.725  P  d2
  2012    628.750  +0.036462  -0.006735  0.031  0.482  0.725  P  d2
  2013    629.062  -0.027203  +0.013660  0.031  0.482  0.725  P  d2
  2014    629.375  +0.025357  -0.006275  0.047  0.482  0.725  P  d2
  2015    629.688  -0.020190  -0.005274  0.047  0.482  0.725  P  d2
  2016    630.000  +0.023024  -0.013206  0.047  0.482  0.725  P  d3
  2017    630.312  -0.024264  -0.006812  0.047  0.482  0.725  P  d1
  2018    630.625  +0.015366  -0.010376  0.047  0.482  0.725  P  d2
  2019    630.938  -0.026026  -0.004012  0.047  0.482  0.725  P  d1
  2020    631.250  +0.012668  -0.010574  0.047  0.482  0.725  P  d3
  2021    631.562  -0.017138  -0.001944  0.047  0.482  0.725  P  d2
  2022    631.875  +0.007006  -0.004603  0.047  0.484  0.725  P  d3
  2023    632.188  -0.009504  -0.003278  0.047  0.484  0.725  P  d2
  2024    632.500  +0.011148  +0.006630  0.047  0.484  0.687  P  d1
  2025    632.812  -0.004976  +0.005062  0.047  0.484  0.687  P  d3
  2026    633.125  +0.010231  +0.002255  0.062  0.484  0.687  P  d2
  2027    633.438  -0.009911  -0.002084  0.078  0.484  0.687  P  d2
  2028    633.750  +0.005060  +0.002443  0.078  0.484  0.687  P  d1
  2029    634.062  -0.004733  +0.009271  0.078  0.484  0.687  P  d3
  2030    634.375  +0.007291  -0.000728  0.078  0.484  0.687  P  d3
  2031    634.688  -0.001170  -0.002052  0.078  0.484  0.687  P  d0
  2032    635.000  -0.000222  -0.003536  0.078  0.484  0.687  P  d3
  2033    635.312  -0.002914  +0.000964  0.078  0.484  0.687  P  d2
  2034    635.625  +0.003508  +0.001548  0.078  0.454  0.687  P  d1
  2035    635.938  -0.002388  +0.001289  0.078  0.454  0.687  P  d2
  2036    636.250  +0.002686  -0.000229  0.078  0.454  0.687  P  d2
  2037    636.562  -0.002834  +0.002026  0.078  0.454  0.687  P  d2
  2038    636.875  +0.004340  -0.001516  0.078  0.454  0.687  P  d0
  2039    637.188  +0.003877  -0.002918  0.078  0.454  0.687  P  d3
  2040    637.500  -0.000130  -0.003149  0.078  0.454  0.635  P  d3
  2041    637.812  -0.006817  +0.002838  0.078  0.454  0.635  P  d2
  2042    638.125  +0.003556  +0.000736  0.078  0.454  0.635  P  d2
  2043    638.438  -0.002571  +0.000369  0.078  0.454  0.635  P  d2
  2044    638.750  +0.003669  +0.000806  0.078  0.454  0.635  P  d2
  2045    639.062  -0.003980  -0.003229  0.078  0.454  0.635  P  d0
  2046    639.375  -0.004009  -0.002434  0.078  0.412  0.635  P  d3
  2047    639.688  -0.000912  +0.002612  0.078  0.412  0.635  P  d3
  2048    640.000  +0.003671  +0.005953  0.078  0.412  0.635  P  d3
  2049    640.312  +0.004495  -0.006761  0.078  0.412  0.635  P  d3
  2050    640.625  -0.000933  -0.002040  0.078  0.412  0.635  P  d3
  2051    640.938  -0.004187  +0.002363  0.078  0.412  0.635  P  d3
  2052    641.250  +0.001503  +0.005767  0.078  0.412  0.635  P  d3
  2053    641.562  +0.002913  -0.000435  0.078  0.412  0.635  P  d3
  2054    641.875  -0.002260  -0.005847  0.078  0.412  0.635  P  d3
  2055    642.188  -0.002916  +0.003854  0.078  0.412  0.635  P  d3
  2056    642.500  +0.003275  +0.004771  0.094  0.412  0.592  P  d2
  2057    642.812  -0.000071  -0.002933  0.094  0.412  0.592  P  d0
  2058    643.125  -0.002424  -0.004756  0.094  0.351  0.592  P  d0
  2059    643.438  -0.003339  -0.001432  0.109  0.351  0.592  P  d2
  2060    643.750  +0.002272  +0.005576  0.109  0.351  0.592  P  d3
  2061    644.062  +0.005442  +0.000248  0.109  0.351  0.592  P  d3
  2062    644.375  +0.002883  -0.002829  0.125  0.351  0.592  P  d3
  2063    644.688  -0.001059  -0.003922  0.141  0.351  0.592  P  d3
  2064    645.000  -0.005050  -0.001229  0.125  0.351  0.592  P  d3
  2065    645.312  -0.001492  +0.004914  0.125  0.351  0.592  P  d3
  2066    645.625  +0.003491  +0.004569  0.125  0.351  0.592  P  d3
  2067    645.938  +0.001979  -0.003683  0.125  0.351  0.592  P  d3
  2068    646.250  -0.002447  -0.004131  0.125  0.351  0.592  P  d3
  2069    646.562  -0.003966  -0.000080  0.125  0.351  0.592  P  d3
  2070    646.875  +0.000754  +0.007280  0.125  0.282  0.592  P  d3
  2071    647.188  +0.003032  -0.000898  0.109  0.282  0.592  P  d3
  2072    647.500  +0.001502  -0.004513  0.125  0.282  0.618  P  d3
  2073    647.812  -0.005734  +0.000665  0.125  0.282  0.618  P  d3
  2074    648.125  +0.000353  +0.003195  0.125  0.282  0.618  P  d3
  2075    648.438  +0.006644  +0.001294  0.125  0.282  0.618  P  d3
  2076    648.750  -0.001344  -0.005396  0.125  0.282  0.618  P  d3
  2077    649.062  -0.003370  -0.001714  0.125  0.282  0.618  P  d3
  2078    649.375  -0.001091  +0.006131  0.109  0.282  0.618  P  d3
  2079    649.688  +0.004486  -0.000580  0.125  0.282  0.618  P  d3
  2080    650.000  +0.002357  -0.004455  0.125  0.282  0.618  P  d3
  2081    650.312  -0.005156  -0.000545  0.125  0.282  0.618  P  d3
  2082    650.625  -0.003710  +0.004605  0.125  0.158  0.618  P  d3
  2083    650.938  +0.001374  +0.003706  0.125  0.158  0.618  P  d3
  2084    651.250  +0.005716  -0.002036  0.125  0.158  0.618  P  d3
  2085    651.562  +0.001803  -0.005487  0.125  0.158  0.618  P  d3
  2086    651.875  -0.001627  -0.000784  0.141  0.158  0.618  P  d3
  2087    652.188  -0.003645  +0.004104  0.141  0.158  0.618  P  d0
  2088    652.500  -0.002435  +0.003815  0.141  0.158  0.635  P  d2
  2089    652.812  +0.004671  -0.001356  0.156  0.158  0.635  P  d3
  2090    653.125  +0.000102  -0.005651  0.141  0.158  0.635  P  d0
  2091    653.438  -0.002229  -0.002827  0.125  0.158  0.635  P  d3
  2092    653.750  -0.005817  +0.000663  0.125  0.158  0.635  P  d3
  2093    654.062  +0.002246  +0.003338  0.125  0.158  0.635  P  d0
  2094    654.375  +0.005014  +0.003019  0.125  0.000  0.635  T  d0
  2095    654.688  +0.003596  +0.001302  0.125  0.000  0.635  T  d3
  2096    655.000  -0.000391  -0.007517  0.125  0.000  0.635  T  d3
  2097    655.312  -0.003910  +0.001309  0.125  0.000  0.635  T  d3
  2098    655.625  -0.001543  +0.004790  0.125  0.000  0.635  T  d3
  2099    655.938  +0.002384  +0.004139  0.125  0.000  0.635  T  d3
  2100    656.250  +0.002375  -0.004141  0.125  0.000  0.635  T  d3
  2101    656.562  -0.002337  -0.004836  0.125  0.000  0.635  T  d3
  2102    656.875  -0.005472  -0.001376  0.125  0.000  0.635  T  d3
  2103    657.188  -0.000515  +0.005591  0.125  0.000  0.635  T  d0
  2104    657.500  +0.002418  +0.003979  0.125  0.000  0.695  T  d3
  2105    657.812  +0.004902  +0.000156  0.125  0.000  0.695  T  d3
  2106    658.125  +0.002253  -0.004089  0.125  0.000  0.695  T  d3
  2107    658.438  -0.001818  -0.003863  0.141  0.000  0.695  T  d3
  2108    658.750  -0.006736  -0.001273  0.141  0.000  0.695  T  d3
  2109    659.062  -0.000088  +0.004251  0.141  0.000  0.695  T  d3
  2110    659.375  +0.005723  -0.001110  0.141  0.000  0.695  T  d0
  2111    659.688  +0.005178  +0.000662  0.141  0.000  0.695  T  d3
  2112    660.000  -0.002050  -0.004372  0.141  0.000  0.695  T  d3
  2113    660.312  -0.005172  +0.000152  0.141  0.000  0.695  T  d3
  2114    660.625  -0.002958  +0.003939  0.141  0.000  0.695  T  d3
  2115    660.938  +0.001554  +0.006370  0.141  0.000  0.695  T  d3
  2116    661.250  +0.002827  -0.002319  0.141  0.000  0.695  T  d3
  2117    661.562  -0.002022  -0.005159  0.156  0.000  0.695  T  d0
  2118    661.875  -0.001169  -0.004189  0.156  0.000  0.695  T  d2
  2119    662.188  -0.002326  +0.005168  0.172  0.000  0.695  T  d3
  2120    662.500  +0.003037  +0.005388  0.156  0.000  0.721  T  d0
  2121    662.812  +0.005074  +0.001520  0.156  0.000  0.721  T  d3
  2122    663.125  +0.001175  -0.005467  0.156  0.000  0.721  T  d3
  2123    663.438  -0.001900  -0.002798  0.141  0.000  0.721  T  d3
  2124    663.750  -0.004292  +0.000943  0.141  0.000  0.721  T  d3
  2125    664.062  -0.000424  +0.004965  0.141  0.000  0.721  T  d3
  2126    664.375  +0.005096  -0.003767  0.125  0.000  0.721  T  d3
  2127    664.688  -0.000198  -0.004498  0.109  0.000  0.721  T  d3
  2128    665.000  -0.003569  -0.002565  0.109  0.000  0.721  T  d3
  2129    665.312  -0.001002  +0.006908  0.109  0.000  0.721  T  d3
  2130    665.625  +0.003889  -0.000276  0.109  0.000  0.721  T  d2
  2131    665.938  -0.004525  -0.001258  0.109  0.000  0.721  T  d3
  2132    666.250  -0.003818  +0.004526  0.109  0.000  0.721  T  d3
  2133    666.562  +0.004628  +0.000560  0.109  0.000  0.721  T  d3
  2134    666.875  +0.003595  -0.002926  0.109  0.000  0.721  T  d3
  2135    667.188  -0.001503  -0.005356  0.109  0.000  0.721  T  d2
  2136    667.500  -0.003239  +0.006250  0.094  0.000  0.687  T  d3
  2137    667.812  +0.001821  +0.002595  0.094  0.000  0.687  T  d3
  2138    668.125  +0.001689  -0.004212  0.094  0.000  0.687  T  d0
  2139    668.438  +0.002278  -0.003034  0.094  0.000  0.687  T  d2
  2140    668.750  -0.005329  +0.001096  0.094  0.000  0.687  T  d3
  2141    669.062  +0.003231  +0.004030  0.094  0.000  0.687  T  d3
  2142    669.375  +0.004137  -0.001801  0.094  0.000  0.687  T  d3
  2143    669.688  +0.000042  -0.002613  0.078  0.000  0.687  T  d3
  2144    670.000  -0.008065  +0.000632  0.078  0.000  0.687  T  d3
  2145    670.312  +0.000804  +0.004463  0.078  0.000  0.687  T  d3
  2146    670.625  +0.004268  +0.002417  0.078  0.000  0.687  T  d3
  2147    670.938  -0.000359  -0.004808  0.078  0.000  0.687  T  d3
  2148    671.250  -0.004895  -0.001634  0.078  0.000  0.687  T  d0
  2149    671.562  -0.003347  -0.001503  0.078  0.000  0.687  T  d2
  2150    671.875  +0.003281  +0.002610  0.062  0.000  0.687  T  d0
  2151    672.188  +0.006869  +0.001224  0.062  0.000  0.687  T  d3
  2152    672.500  +0.001285  -0.003008  0.062  0.000  0.695  T  d3
  2153    672.812  -0.004252  -0.001237  0.047  0.000  0.695  T  d3
  2154    673.125  -0.004580  +0.003053  0.047  0.013  0.695  T  d3
  2155    673.438  +0.003077  +0.003969  0.047  0.013  0.695  T  d3
  2156    673.750  +0.005577  -0.000657  0.047  0.013  0.695  T  d3
  2157    674.062  -0.002455  -0.005011  0.047  0.013  0.695  T  d3
  2158    674.375  -0.004637  -0.000847  0.047  0.013  0.695  T  d3
  2159    674.688  -0.002704  +0.002932  0.047  0.013  0.695  T  d3
  2160    675.000  +0.005766  +0.003174  0.047  0.013  0.695  T  d3
  2161    675.312  +0.000538  -0.003975  0.047  0.013  0.695  T  d3
  2162    675.625  -0.002896  -0.003740  0.062  0.013  0.695  T  d3
  2163    675.938  -0.003059  +0.005776  0.078  0.013  0.695  T  d3
  2164    676.250  +0.002971  +0.002159  0.078  0.013  0.695  T  d3
  2165    676.562  +0.004705  -0.005202  0.078  0.013  0.695  T  d3
  2166    676.875  -0.003024  -0.000038  0.078  0.115  0.695  T  d3
  2167    677.188  -0.001514  +0.005862  0.078  0.115  0.695  T  d3
  2168    677.500  +0.005304  -0.002368  0.078  0.115  0.708  T  d3
  2169    677.812  +0.001630  -0.004304  0.078  0.115  0.708  T  d3
  2170    678.125  -0.006248  -0.001155  0.094  0.115  0.708  T  d3
  2171    678.438  +0.000044  +0.003493  0.078  0.115  0.708  T  d3
  2172    678.750  +0.005241  +0.000445  0.078  0.115  0.708  T  d2
  2173    679.062  -0.003346  -0.003472  0.094  0.115  0.708  T  d3
  2174    679.375  -0.005099  +0.001229  0.094  0.115  0.708  T  d3
  2175    679.688  -0.001657  +0.004930  0.094  0.115  0.708  T  d3
  2176    680.000  +0.005316  -0.000448  0.094  0.115  0.708  T  d3
  2177    680.312  +0.002569  -0.003603  0.109  0.115  0.708  T  d3
  2178    680.625  -0.006136  -0.002503  0.109  0.119  0.708  T  d3
  2179    680.938  -0.000300  +0.003957  0.125  0.119  0.708  T  d3
  2180    681.250  +0.004085  +0.003631  0.125  0.119  0.708  T  d3
  2181    681.562  +0.002387  -0.004852  0.109  0.119  0.708  T  d3
  2182    681.875  -0.002746  -0.001380  0.125  0.119  0.708  T  d2
  2183    682.188  +0.002421  +0.007010  0.109  0.119  0.708  T  d3
  2184    682.500  +0.004076  -0.000749  0.109  0.119  0.695  T  d3
  2185    682.812  -0.000362  -0.005130  0.109  0.119  0.695  T  d3
  2186    683.125  -0.003827  -0.002094  0.109  0.119  0.695  T  d3
  2187    683.438  -0.005813  +0.002766  0.109  0.119  0.695  T  d3
  2188    683.750  +0.000600  +0.004269  0.109  0.119  0.695  T  d3
  2189    684.062  +0.003595  -0.003649  0.125  0.119  0.695  T  d3
  2190    684.375  -0.001988  -0.003800  0.125  0.109  0.695  T  d3
  2191    684.688  -0.003827  -0.000156  0.125  0.109  0.695  T  d3
  2192    685.000  -0.000356  +0.007447  0.125  0.109  0.695  T  d3
  2193    685.312  +0.003422  -0.001338  0.125  0.109  0.695  T  d0
  2194    685.625  +0.004199  -0.003394  0.141  0.109  0.695  T  d0
  2195    685.938  +0.002225  -0.003401  0.141  0.109  0.695  T  d3
  2196    686.250  -0.006944  -0.000830  0.156  0.109  0.695  T  d3
  2197    686.562  +0.000662  +0.003496  0.156  0.109  0.695  T  d3
  2198    686.875  +0.005127  +0.003119  0.156  0.109  0.695  T  d3
  2199    687.188  +0.004776  -0.003408  0.156  0.109  0.695  T  d2
  2200    687.500  -0.001328  +0.000027  0.156  0.109  0.665  T  d3
  2201    687.812  -0.004219  +0.004550  0.156  0.109  0.665  T  d0
  2202    688.125  -0.001529  +0.003621  0.156  0.126  0.665  P  d3
  2203    688.438  +0.002630  -0.000717  0.156  0.126  0.665  P  d2
  2204    688.750  -0.004885  -0.002210  0.156  0.126  0.665  P  d0
  2205    689.062  -0.004048  -0.001934  0.156  0.126  0.665  P  d3
  2206    689.375  +0.001014  +0.003929  0.156  0.126  0.665  P  d3
  2207    689.688  +0.003554  -0.004368  0.156  0.126  0.665  P  d3
  2208    690.000  -0.003142  -0.002341  0.156  0.126  0.665  P  d0
  2209    690.312  -0.000975  -0.002462  0.156  0.126  0.665  P  d1
  2210    690.625  +0.005957  +0.000596  0.156  0.126  0.665  P  d0
  2211    690.938  +0.003806  -0.000199  0.156  0.126  0.665  P  d2
  2212    691.250  -0.005342  -0.003011  0.156  0.126  0.665  P  d3
  2213    691.562  -0.000511  +0.004779  0.156  0.126  0.665  P  d0
  2214    691.875  +0.002627  +0.005826  0.156  0.142  0.665  P  d3
  2215    692.188  +0.003408  -0.004363  0.156  0.142  0.665  P  d3
  2216    692.500  -0.001995  -0.001336  0.156  0.142  0.661  P  d3
  2217    692.812  -0.005396  +0.003751  0.156  0.142  0.661  P  d3
  2218    693.125  +0.004705  +0.003420  0.172  0.142  0.661  P  d3
  2219    693.438  +0.003909  -0.001755  0.172  0.142  0.661  P  d3
  2220    693.750  -0.003693  -0.004560  0.188  0.142  0.661  P  d0
  2221    694.062  -0.004968  -0.000759  0.188  0.142  0.661  P  d3
  2222    694.375  -0.003789  +0.003986  0.188  0.142  0.661  P  d3
  2223    694.688  +0.001169  +0.003616  0.188  0.142  0.661  P  d3
  2224    695.000  +0.004900  -0.003577  0.203  0.142  0.661  P  d3
  2225    695.312  -0.000297  -0.005628  0.203  0.142  0.661  P  d0
  2226    695.625  +0.000898  -0.004286  0.203  0.108  0.661  T  d2
  2227    695.938  -0.002070  +0.003182  0.188  0.108  0.661  T  d0
  2228    696.250  +0.000521  +0.003606  0.188  0.108  0.661  T  d3
  2229    696.562  +0.005294  +0.001045  0.203  0.108  0.661  T  d3
  2230    696.875  +0.001488  -0.003995  0.203  0.108  0.661  T  d3
  2231    697.188  -0.006195  +0.000630  0.203  0.108  0.661  T  d3
  2232    697.500  -0.001482  +0.003541  0.219  0.108  0.614  T  d3
  2233    697.812  +0.001957  +0.003547  0.234  0.108  0.614  T  d3
  2234    698.125  +0.006141  -0.000320  0.219  0.108  0.614  T  d2
  2235    698.438  -0.004141  -0.002623  0.219  0.108  0.614  T  d3
  2236    698.750  -0.004249  +0.003822  0.219  0.108  0.614  T  d2
  2237    699.062  +0.003983  -0.001049  0.203  0.108  0.614  T  d3
  2238    699.375  +0.001413  -0.004988  0.219  0.067  0.614  T  d3
  2239    699.688  -0.006376  +0.002258  0.219  0.067  0.614  T  d3
  2240    700.000  -0.000503  +0.003222  0.219  0.067  0.614  T  d2
  2241    700.312  +0.003700  -0.003293  0.203  0.067  0.614  T  d3
  2242    700.625  -0.001266  -0.004805  0.203  0.067  0.614  T  d3
  2243    700.938  -0.003903  -0.000783  0.188  0.067  0.614  T  d2
  2244    701.250  +0.003375  +0.004444  0.188  0.067  0.614  T  d3
  2245    701.562  +0.004403  -0.000678  0.188  0.067  0.614  T  d3
  2246    701.875  +0.002076  -0.003853  0.172  0.067  0.614  T  d3
  2247    702.188  -0.006588  -0.000868  0.172  0.067  0.614  T  d3
  2248    702.500  -0.001815  +0.003635  0.172  0.067  0.618  T  d3
  2249    702.812  +0.005365  +0.001897  0.172  0.067  0.618  T  d0
  2250    703.125  +0.003016  -0.000516  0.172  0.076  0.618  T  d2
  2251    703.438  -0.003863  +0.001370  0.172  0.076  0.618  T  d0
  2252    703.750  -0.002796  +0.004876  0.172  0.076  0.618  T  d3
  2253    704.062  +0.004538  +0.000566  0.156  0.076  0.618  T  d3
  2254    704.375  +0.003521  -0.003692  0.156  0.076  0.618  T  d3
  2255    704.688  -0.004899  -0.002194  0.156  0.076  0.618  T  d0
  2256    705.000  -0.004375  +0.001573  0.156  0.076  0.618  T  d2
  2257    705.312  +0.002731  -0.001726  0.156  0.076  0.618  T  d0
  2258    705.625  +0.001295  -0.003784  0.141  0.076  0.618  T  d3
  2259    705.938  -0.005659  -0.000259  0.141  0.076  0.618  T  d3
  2260    706.250  +0.003264  +0.004914  0.125  0.076  0.618  T  d0
  2261    706.562  +0.004848  +0.001066  0.141  0.076  0.618  T  d3
  2262    706.875  +0.000522  -0.006869  0.156  0.031  0.618  T  d3
  2263    707.188  -0.001989  +0.001139  0.156  0.031  0.618  T  d0
  2264    707.500  -0.004045  +0.003486  0.172  0.031  0.648  T  d0
  2265    707.812  -0.001650  +0.002563  0.172  0.031  0.648  T  d3
  2266    708.125  +0.007375  +0.000963  0.172  0.031  0.648  T  d3
  2267    708.438  -0.000811  -0.005211  0.172  0.031  0.648  T  d3
  2268    708.750  -0.005327  -0.002074  0.172  0.031  0.648  T  d3
  2269    709.062  -0.000042  +0.004935  0.172  0.031  0.648  T  d0
  2270    709.375  -0.001316  +0.005455  0.172  0.031  0.648  T  d3
  2271    709.688  +0.003030  -0.000242  0.172  0.031  0.648  T  d3
  2272    710.000  +0.003535  -0.004943  0.172  0.031  0.648  T  d3
  2273    710.312  -0.002685  -0.005306  0.172  0.031  0.648  T  d3
  2274    710.625  -0.001767  +0.002321  0.172  0.068  0.648  T  d3
  2275    710.938  +0.005175  +0.003793  0.172  0.068  0.648  T  d3
  2276    711.250  +0.000675  -0.006019  0.172  0.068  0.648  T  d3
  2277    711.562  -0.002521  -0.003120  0.172  0.068  0.648  T  d3
  2278    711.875  -0.003054  +0.004168  0.188  0.068  0.648  T  d3
  2279    712.188  +0.003285  +0.004250  0.188  0.068  0.648  T  d3
  2280    712.500  +0.003778  -0.001151  0.188  0.068  0.639  T  d3
  2281    712.812  -0.004548  -0.003622  0.188  0.068  0.639  T  d3
  2282    713.125  -0.003883  +0.002436  0.172  0.068  0.639  T  d3
  2283    713.438  -0.000657  +0.003973  0.172  0.068  0.639  T  d3
  2284    713.750  +0.003532  +0.003922  0.156  0.068  0.639  T  d3
  2285    714.062  +0.003575  -0.005134  0.156  0.068  0.639  T  d3
  2286    714.375  -0.002540  -0.003111  0.156  0.059  0.639  T  d3
  2287    714.688  -0.004031  +0.004697  0.156  0.059  0.639  T  d3
  2288    715.000  +0.003987  -0.000181  0.141  0.059  0.639  T  d2
  2289    715.312  -0.003348  -0.002926  0.141  0.059  0.639  T  d1
  2290    715.625  +0.003990  -0.002256  0.125  0.059  0.639  T  d3
  2291    715.938  -0.003666  -0.004612  0.125  0.059  0.639  T  d2
  2292    716.250  +0.001396  +0.004318  0.125  0.059  0.639  T  d0
  2293    716.562  +0.000409  +0.003628  0.109  0.059  0.639  T  d0
  2294    716.875  +0.001223  +0.004884  0.109  0.059  0.639  T  d2
  2295    717.188  +0.002195  -0.004871  0.109  0.059  0.639  T  d0
  2296    717.500  +0.000647  -0.002440  0.094  0.059  0.665  T  d3
  2297    717.812  -0.002831  -0.004050  0.078  0.059  0.665  T  d3
  2298    718.125  -0.003632  +0.002424  0.078  0.056  0.665  T  d3
  2299    718.438  +0.001121  +0.006650  0.078  0.056  0.665  T  d3
  2300    718.750  +0.002827  -0.001895  0.078  0.056  0.665  T  d3
  2301    719.062  +0.000207  -0.005514  0.078  0.056  0.665  T  d3
  2302    719.375  -0.003571  -0.002832  0.062  0.056  0.665  T  d3
  2303    719.688  -0.002733  +0.004873  0.062  0.056  0.665  T  d3
  2304    720.000  +0.002249  +0.004616  0.062  0.056  0.665  T  d3
  2305    720.312  +0.004557  +0.001552  0.078  0.056  0.665  T  d3
  2306    720.625  +0.003842  -0.002749  0.078  0.056  0.665  T  d3
  2307    720.938  -0.000443  -0.005799  0.078  0.056  0.665  T  d3
  2308    721.250  -0.005082  +0.000815  0.078  0.056  0.665  T  d3
  2309    721.562  -0.001779  +0.005262  0.094  0.056  0.665  T  d0
  2310    721.875  +0.001544  +0.003365  0.094  0.078  0.665  T  d3
  2311    722.188  +0.003114  -0.004037  0.094  0.078  0.665  T  d3
  2312    722.500  -0.001780  -0.005330  0.094  0.078  0.695  T  d3
  2313    722.812  -0.004686  -0.000679  0.094  0.078  0.695  T  d3
  2314    723.125  -0.001472  +0.005372  0.094  0.078  0.695  T  d3
  2315    723.438  +0.003317  +0.004058  0.094  0.078  0.695  T  d3
  2316    723.750  +0.003225  -0.001788  0.094  0.078  0.695  T  d3
  2317    724.062  -0.003799  -0.006487  0.094  0.078  0.695  T  d3
  2318    724.375  -0.001056  +0.003459  0.094  0.078  0.695  T  d3
  2319    724.688  +0.004562  +0.002069  0.094  0.078  0.695  T  d3
  2320    725.000  +0.004757  -0.002804  0.094  0.078  0.695  T  d3
  2321    725.312  -0.002461  -0.003732  0.094  0.078  0.695  T  d3
  2322    725.625  -0.006192  -0.000305  0.094  0.049  0.695  T  d3
  2323    725.938  +0.002947  +0.005282  0.094  0.049  0.695  T  d3
  2324    726.250  +0.003135  -0.000774  0.094  0.049  0.695  T  d2
  2325    726.562  -0.006450  -0.003103  0.078  0.049  0.695  T  d3
  2326    726.875  -0.001992  +0.003143  0.062  0.049  0.695  T  d3
  2327    727.188  +0.003844  +0.003286  0.062  0.049  0.695  T  d3
  2328    727.500  +0.004954  -0.001718  0.047  0.049  0.700  T  d3
  2329    727.812  -0.001473  -0.003060  0.047  0.049  0.700  T  d3
  2330    728.125  -0.004859  +0.005323  0.047  0.049  0.700  T  d3
  2331    728.438  +0.003608  +0.001335  0.047  0.049  0.700  T  d3
  2332    728.750  +0.003934  -0.002271  0.047  0.049  0.700  T  d3
  2333    729.062  -0.006427  -0.002936  0.047  0.049  0.700  T  d3
  2334    729.375  -0.003015  +0.002394  0.047  0.063  0.700  T  d2
  2335    729.688  +0.004926  +0.000035  0.047  0.063  0.700  T  d3
  2336    730.000  +0.001674  -0.005134  0.047  0.063  0.700  T  d0
  2337    730.312  -0.002047  -0.004036  0.047  0.063  0.700  T  d3
  2338    730.625  -0.006359  +0.003913  0.047  0.063  0.700  T  d3
  2339    730.938  +0.002368  +0.002924  0.047  0.063  0.700  T  d3
  2340    731.250  +0.004851  -0.002388  0.047  0.063  0.700  T  d0
  2341    731.562  +0.000625  -0.001578  0.047  0.063  0.700  T  d2
  2342    731.875  -0.003526  +0.004727  0.031  0.063  0.700  T  d3
  2343    732.188  +0.005144  -0.000578  0.031  0.063  0.700  T  d1
  2344    732.500  +0.002085  +0.001722  0.031  0.063  0.730  T  d2
  2345    732.812  -0.005404  -0.002483  0.031  0.063  0.730  T  d3
  2346    733.125  -0.001607  +0.004705  0.031  0.039  0.730  T  d3
  2347    733.438  +0.002922  +0.002763  0.047  0.039  0.730  T  d3
  2348    733.750  +0.002338  -0.004239  0.062  0.039  0.730  T  d3
  2349    734.062  -0.002527  -0.004969  0.062  0.039  0.730  T  d3
  2350    734.375  -0.003706  +0.002094  0.062  0.039  0.730  T  d2
  2351    734.688  +0.003991  +0.000062  0.062  0.039  0.730  T  d3
  2352    735.000  -0.000139  -0.004847  0.062  0.039  0.730  T  d3
  2353    735.312  -0.006244  +0.002475  0.062  0.039  0.730  T  d3
  2354    735.625  +0.000483  +0.004428  0.062  0.039  0.730  T  d3
  2355    735.938  +0.005542  +0.001454  0.062  0.039  0.730  T  d3
  2356    736.250  +0.003560  -0.003517  0.062  0.039  0.730  T  d3
  2357    736.562  -0.003960  -0.001624  0.062  0.039  0.730  T  d3
  2358    736.875  -0.004933  +0.004717  0.062  0.052  0.730  T  d3
  2359    737.188  +0.004319  +0.000301  0.062  0.052  0.730  T  d3
  2360    737.500  +0.001768  -0.004155  0.062  0.052  0.742  T  d3
  2361    737.812  -0.003186  -0.003269  0.062  0.052  0.742  T  d3
  2362    738.125  -0.001220  +0.003450  0.062  0.052  0.742  T  d3
  2363    738.438  +0.004345  +0.002882  0.062  0.052  0.742  T  d3
  2364    738.750  +0.003788  -0.002521  0.062  0.052  0.742  T  d3
  2365    739.062  -0.002780  -0.002552  0.062  0.052  0.742  T  d3
  2366    739.375  -0.005859  +0.000658  0.078  0.052  0.742  T  d3
  2367    739.688  +0.003784  +0.004816  0.078  0.052  0.742  T  d3
  2368    740.000  +0.002439  -0.001207  0.078  0.052  0.742  T  d3
  2369    740.312  -0.006235  -0.002747  0.062  0.052  0.742  T  d3
  2370    740.625  -0.001445  +0.002958  0.062  0.074  0.742  T  d3
  2371    740.938  +0.005636  +0.002995  0.062  0.074  0.742  T  d3
  2372    741.250  +0.001731  -0.005995  0.062  0.074  0.742  T  d3
  2373    741.562  -0.002601  -0.003784  0.047  0.074  0.742  T  d3
  2374    741.875  -0.002179  +0.004108  0.047  0.074  0.742  T  d3
  2375    742.188  +0.002047  +0.003835  0.047  0.074  0.742  T  d3
  2376    742.500  +0.005152  -0.000677  0.062  0.074  0.734  T  d3
  2377    742.812  -0.005427  -0.004881  0.062  0.074  0.734  T  d2
  2378    743.125  +0.000265  +0.002379  0.078  0.074  0.734  T  d0
  2379    743.438  -0.000205  +0.002192  0.078  0.074  0.734  T  d0
  2380    743.750  +0.000714  +0.002583  0.078  0.074  0.734  T  d2
  2381    744.062  +0.001978  -0.004594  0.078  0.074  0.734  T  d3
  2382    744.375  -0.004427  -0.001606  0.078  0.067  0.734  T  d3
  2383    744.688  -0.003255  +0.002476  0.078  0.067  0.734  T  d3
  2384    745.000  +0.004526  +0.002808  0.078  0.067  0.734  T  d3
  2385    745.312  +0.005463  -0.002088  0.078  0.067  0.734  T  d3
  2386    745.625  -0.002655  -0.004460  0.078  0.067  0.734  T  d3
  2387    745.938  -0.003762  -0.000559  0.078  0.067  0.734  T  d3
  2388    746.250  -0.003089  +0.004352  0.078  0.067  0.734  T  d3
  2389    746.562  +0.002607  +0.003706  0.094  0.067  0.734  T  d3
  2390    746.875  +0.005380  -0.002969  0.094  0.067  0.734  T  d3
  2391    747.188  +0.001330  -0.005881  0.094  0.067  0.734  T  d3
  2392    747.500  -0.003733  -0.001576  0.094  0.067  0.751  T  d3
  2393    747.812  -0.003396  +0.004951  0.094  0.067  0.751  T  d3
  2394    748.125  +0.001124  +0.004153  0.094  0.054  0.751  T  d3
  2395    748.438  +0.005422  +0.002556  0.094  0.054  0.751  T  d3
  2396    748.750  +0.001403  -0.003551  0.094  0.054  0.751  T  d3
  2397    749.062  -0.004891  -0.003427  0.094  0.054  0.751  T  d0
  2398    749.375  -0.007043  +0.000794  0.094  0.054  0.751  T  d3
  2399    749.688  +0.000278  +0.004119  0.094  0.054  0.751  T  d3
  2400    750.000  +0.005110  +0.000204  0.094  0.054  0.751  T  d3
  2401    750.312  +0.002612  -0.002989  0.094  0.054  0.751  T  d3
  2402    750.625  -0.001936  -0.005792  0.094  0.054  0.751  T  d3
  2403    750.938  -0.003349  +0.001264  0.094  0.054  0.751  T  d3
  2404    751.250  +0.001979  +0.004510  0.094  0.054  0.751  T  d3
  2405    751.562  +0.005542  -0.001611  0.094  0.054  0.751  T  d3
  2406    751.875  -0.001384  -0.003378  0.094  0.066  0.751  T  d2
  2407    752.188  -0.000224  +0.003483  0.094  0.066  0.751  T  d0
  2408    752.500  +0.003603  +0.004546  0.094  0.066  0.721  T  d2
  2409    752.812  -0.002558  -0.001503  0.094  0.066  0.721  T  d0
  2410    753.125  -0.003225  -0.004696  0.094  0.066  0.721  T  d3
  2411    753.438  -0.003632  +0.000623  0.078  0.066  0.721  T  d3
  2412    753.750  +0.005098  +0.005094  0.062  0.066  0.721  T  d3
  2413    754.062  +0.002101  -0.002285  0.062  0.066  0.721  T  d3
  2414    754.375  -0.004495  -0.002250  0.062  0.066  0.721  T  d3
  2415    754.688  -0.004012  +0.003125  0.062  0.066  0.721  T  d3
  2416    755.000  +0.002390  +0.002295  0.062  0.066  0.721  T  d3
  2417    755.312  +0.003153  -0.006421  0.062  0.066  0.721  T  d3
  2418    755.625  -0.002000  -0.001445  0.062  0.097  0.721  T  d3
  2419    755.938  -0.003094  +0.004993  0.062  0.097  0.721  T  d3
  2420    756.250  +0.005797  +0.000750  0.062  0.097  0.721  T  d0
  2421    756.562  +0.003921  -0.002737  0.062  0.097  0.721  T  d3
  2422    756.875  -0.004795  -0.003602  0.062  0.097  0.721  T  d3
  2423    757.188  -0.000534  +0.004395  0.062  0.097  0.721  T  d3
  2424    757.500  +0.004515  +0.003604  0.062  0.097  0.661  T  d2
  2425    757.812  -0.000901  -0.004337  0.062  0.097  0.661  T  d3
  2426    758.125  -0.004831  -0.000629  0.062  0.097  0.661  T  d3
  2427    758.438  -0.003066  +0.004151  0.062  0.097  0.661  T  d3
  2428    758.750  +0.003158  +0.000402  0.062  0.097  0.661  T  d3
  2429    759.062  +0.002367  -0.006457  0.062  0.097  0.661  T  d3
  2430    759.375  -0.004990  +0.001519  0.047  0.091  0.661  T  d3
  2431    759.688  -0.000691  +0.003515  0.047  0.091  0.661  T  d3
  2432    760.000  +0.005568  +0.001260  0.047  0.091  0.661  T  d3
  2433    760.312  +0.003698  -0.004503  0.047  0.091  0.661  T  d3
  2434    760.625  -0.001187  -0.003154  0.062  0.091  0.661  T  d3
  2435    760.938  -0.005707  +0.001607  0.062  0.091  0.661  T  d3
  2436    761.250  +0.004158  +0.003543  0.062  0.091  0.661  T  d3
  2437    761.562  +0.004259  -0.001756  0.078  0.091  0.661  T  d2
  2438    761.875  -0.005080  -0.001907  0.078  0.091  0.661  T  d3
  2439    762.188  -0.003660  +0.003357  0.094  0.091  0.661  T  d3
  2440    762.500  +0.001721  +0.004897  0.094  0.091  0.678  T  d2
  2441    762.812  +0.001569  -0.004295  0.094  0.091  0.678  T  d3
  2442    763.125  -0.003261  -0.004132  0.078  0.072  0.678  T  d3
  2443    763.438  -0.000919  +0.006013  0.078  0.072  0.678  T  d3
  2444    763.750  +0.002482  +0.001598  0.094  0.072  0.678  T  d3
  2445    764.062  +0.005321  -0.003583  0.109  0.072  0.678  T  d3
  2446    764.375  -0.004945  -0.001674  0.109  0.072  0.678  T  d3
  2447    764.688  -0.003077  +0.003540  0.109  0.072  0.678  T  d2
  2448    765.000  +0.006063  -0.000675  0.109  0.072  0.678  T  d3
  2449    765.312  +0.001750  -0.003901  0.109  0.072  0.678  T  d3
  2450    765.625  -0.002119  -0.003380  0.109  0.072  0.678  T  d3
  2451    765.938  -0.003208  +0.006053  0.109  0.072  0.678  T  d3
  2452    766.250  +0.002570  +0.003001  0.109  0.072  0.678  T  d2
  2453    766.562  +0.000315  -0.005668  0.094  0.072  0.678  T  d3
  2454    766.875  -0.004240  -0.001657  0.094  0.088  0.678  T  d3
  2455    767.188  -0.003517  +0.001579  0.094  0.088  0.678  T  d3
  2456    767.500  +0.003840  +0.005983  0.094  0.088  0.648  T  d3
  2457    767.812  +0.003484  -0.003026  0.094  0.088  0.648  T  d3
  2458    768.125  -0.001635  -0.005284  0.094  0.088  0.648  T  d2
  2459    768.438  -0.000622  +0.005214  0.094  0.088  0.648  T  d3
  2460    768.750  +0.004886  +0.002946  0.094  0.088  0.648  T  d3
  2461    769.062  +0.000767  -0.004534  0.109  0.088  0.648  T  d3
  2462    769.375  -0.003017  -0.003533  0.109  0.088  0.648  T  d3
  2463    769.688  -0.004212  +0.000730  0.109  0.088  0.648  T  d3
  2464    770.000  +0.002861  +0.006893  0.109  0.088  0.648  T  d3
  2465    770.312  +0.002720  -0.001964  0.109  0.088  0.648  T  d0
  2466    770.625  +0.000795  -0.004858  0.109  0.097  0.648  T  d3
  2467    770.938  -0.006767  +0.002962  0.109  0.097  0.648  T  d3
  2468    771.250  +0.001641  +0.003582  0.109  0.097  0.648  T  d0
  2469    771.562  +0.001437  +0.002675  0.109  0.097  0.648  T  d2
  2470    771.875  -0.000017  -0.001852  0.109  0.097  0.648  T  d0
  2471    772.188  -0.000779  -0.003146  0.109  0.097  0.648  T  d0
  2472    772.500  -0.001244  -0.004229  0.109  0.097  0.657  T  d3
  2473    772.812  -0.002624  +0.003469  0.109  0.097  0.657  T  d3
  2474    773.125  +0.005167  +0.001785  0.109  0.097  0.657  T  d3
  2475    773.438  +0.000824  -0.002988  0.109  0.097  0.657  T  d0
  2476    773.750  +0.000576  -0.003061  0.109  0.097  0.657  T  d0
  2477    774.062  -0.000815  -0.002170  0.109  0.097  0.657  T  d3
  2478    774.375  -0.005790  +0.006505  0.109  0.114  0.657  T  d3
  2479    774.688  +0.003148  +0.003738  0.109  0.114  0.657  T  d3
  2480    775.000  +0.005266  -0.000422  0.109  0.114  0.657  T  d3
  2481    775.312  +0.001423  -0.003818  0.109  0.114  0.657  T  d3
  2482    775.625  -0.002318  -0.003091  0.109  0.114  0.657  T  d3
  2483    775.938  -0.005458  +0.000213  0.109  0.114  0.657  T  d3
  2484    776.250  -0.000945  +0.004376  0.125  0.114  0.657  T  d3
  2485    776.562  +0.006173  +0.003523  0.125  0.114  0.657  T  d3
  2486    776.875  +0.000332  -0.003864  0.141  0.114  0.657  T  d3
  2487    777.188  -0.003048  -0.003318  0.141  0.114  0.657  T  d3
  2488    777.500  -0.005930  +0.000980  0.141  0.114  0.631  T  d2
  2489    777.812  +0.004259  +0.001827  0.141  0.114  0.631  T  d3
  2490    778.125  +0.003884  -0.004590  0.141  0.086  0.631  T  d2
  2491    778.438  -0.004115  +0.002590  0.141  0.086  0.631  T  d3
  2492    778.750  +0.000364  +0.004770  0.141  0.086  0.631  T  d0
  2493    779.062  +0.003881  +0.003411  0.141  0.086  0.631  T  d3
  2494    779.375  +0.002078  -0.004801  0.141  0.086  0.631  T  d3
  2495    779.688  -0.002107  -0.003348  0.141  0.086  0.631  T  d3
  2496    780.000  -0.003644  +0.005509  0.141  0.086  0.631  T  d3
  2497    780.312  +0.002490  +0.000523  0.141  0.086  0.631  T  d3
  2498    780.625  +0.000683  -0.006025  0.125  0.086  0.631  T  d3
  2499    780.938  -0.004943  -0.003482  0.125  0.086  0.631  T  d3
  2500    781.250  -0.002065  +0.001488  0.125  0.086  0.631  T  d3
  2501    781.562  +0.003060  +0.005952  0.109  0.086  0.631  T  d3
  2502    781.875  +0.003467  -0.005005  0.109  0.076  0.631  T  d3
  2503    782.188  -0.001987  -0.003962  0.094  0.076  0.631  T  d2
  2504    782.500  -0.000472  +0.004912  0.078  0.076  0.605  T  d3
  2505    782.812  +0.004390  +0.002900  0.078  0.076  0.605  T  d3
  2506    783.125  +0.004307  -0.002540  0.078  0.076  0.605  T  d3
  2507    783.438  -0.004161  -0.001120  0.078  0.076  0.605  T  d3
  2508    783.750  -0.003988  +0.004020  0.062  0.076  0.605  T  d3
  2509    784.062  +0.002129  +0.004540  0.047  0.076  0.605  T  d2
  2510    784.375  +0.000389  -0.002644  0.047  0.076  0.605  T  d3
  2511    784.688  -0.005618  -0.004657  0.047  0.076  0.605  T  d3
  2512    785.000  -0.001004  +0.005747  0.047  0.076  0.605  T  d3
  2513    785.312  +0.001987  +0.002692  0.047  0.076  0.605  T  d3
  2514    785.625  +0.002703  -0.005000  0.047  0.014  0.605  T  d3
  2515    785.938  -0.003858  -0.004310  0.047  0.014  0.605  T  d0
  2516    786.250  +0.000070  -0.003201  0.047  0.014  0.605  T  d1
  2517    786.562  +0.004111  +0.002717  0.047  0.014  0.605  T  d0
  2518    786.875  +0.003781  -0.000545  0.047  0.014  0.605  T  d3
  2519    787.188  -0.000374  -0.004030  0.047  0.014  0.605  T  d2
  2520    787.500  -0.004104  +0.005616  0.062  0.014  0.622  T  d3
  2521    787.812  +0.001411  +0.004490  0.062  0.014  0.622  T  d3
  2522    788.125  +0.004276  -0.003473  0.062  0.014  0.622  T  d3
  2523    788.438  -0.003113  -0.001274  0.062  0.014  0.622  T  d3
  2524    788.750  -0.005106  +0.004124  0.062  0.014  0.622  T  d2
  2525    789.062  +0.004501  +0.000020  0.047  0.014  0.622  T  d3
  2526    789.375  +0.001955  -0.004348  0.047  0.021  0.622  T  d3
  2527    789.688  -0.006265  +0.000982  0.062  0.021  0.622  T  d3
  2528    790.000  -0.001227  +0.004321  0.062  0.021  0.622  T  d3
  2529    790.312  +0.005842  +0.002812  0.062  0.021  0.622  T  d3
  2530    790.625  +0.000207  -0.004058  0.062  0.021  0.622  T  d3
  2531    790.938  -0.003509  -0.002995  0.062  0.021  0.622  T  d3
  2532    791.250  -0.004892  +0.002182  0.062  0.021  0.622  T  d3
  2533    791.562  +0.004288  +0.001819  0.078  0.021  0.622  T  d3
  2534    791.875  +0.003431  -0.003962  0.078  0.021  0.622  T  d3
  2535    792.188  -0.001188  -0.005133  0.078  0.021  0.622  T  d2
  2536    792.500  -0.001374  +0.002924  0.078  0.021  0.635  T  d3
  2537    792.812  +0.005767  +0.003776  0.078  0.021  0.635  T  d2
  2538    793.125  -0.001002  -0.003545  0.078  0.023  0.635  T  d3
  2539    793.438  -0.005869  +0.000441  0.078  0.023  0.635  T  d3
  2540    793.750  +0.002261  +0.004218  0.078  0.023  0.635  T  d3
  2541    794.062  +0.004208  +0.000336  0.094  0.023  0.635  T  d3
  2542    794.375  -0.000842  -0.007548  0.109  0.023  0.635  T  d3
  2543    794.688  -0.003807  +0.001145  0.109  0.023  0.635  T  d3
  2544    795.000  -0.001748  +0.004769  0.109  0.023  0.635  T  d3
  2545    795.312  +0.003444  +0.003622  0.109  0.023  0.635  T  d2
  2546    795.625  -0.000319  -0.003227  0.109  0.023  0.635  T  d3
  2547    795.938  -0.005214  +0.003913  0.109  0.023  0.635  T  d3
  2548    796.250  +0.002841  +0.002828  0.094  0.023  0.635  T  d3
  2549    796.562  +0.004744  -0.003121  0.109  0.023  0.635  T  d3
  2550    796.875  -0.005108  -0.002747  0.094  0.030  0.635  T  d1
  2551    797.188  +0.000787  -0.002228  0.109  0.030  0.635  T  d0
  2552    797.500  +0.002805  -0.005527  0.125  0.030  0.614  T  d3
  2553    797.812  -0.001481  -0.000791  0.125  0.030  0.614  T  d2
  2554    798.125  +0.002236  +0.005360  0.125  0.030  0.614  T  d2
  2555    798.438  -0.000940  -0.001716  0.125  0.030  0.614  T  d3
  2556    798.750  -0.005223  +0.000248  0.125  0.030  0.614  T  d2
  2557    799.062  +0.005870  -0.000462  0.125  0.030  0.614  T  d1
  2558    799.375  -0.001633  +0.004103  0.141  0.030  0.614  T  d0
  2559    799.688  -0.004027  +0.005345  0.141  0.030  0.614  T  d2
  2560    800.000  +0.002648  -0.000613  0.156  0.030  0.614  T  d3
  2561    800.312  -0.000766  -0.006389  0.156  0.030  0.614  T  d2
  2562    800.625  -0.001589  +0.003702  0.156  0.080  0.614  T  d3
  2563    800.938  +0.007826  -0.001848  0.156  0.080  0.614  T  d3
  2564    801.250  -0.001524  -0.002725  0.156  0.080  0.614  T  d0
  2565    801.562  -0.000496  -0.001420  0.156  0.080  0.614  T  d2
  2566    801.875  +0.000361  +0.003341  0.156  0.080  0.614  T  d3
  2567    802.188  +0.002944  +0.001009  0.156  0.080  0.614  T  d2
  2568    802.500  -0.002202  -0.004492  0.156  0.080  0.592  T  d3
  2569    802.812  -0.003853  +0.003100  0.156  0.080  0.592  T  d1
  2570    803.125  -0.000572  -0.002016  0.156  0.080  0.592  T  d3
  2571    803.438  -0.005718  -0.000292  0.156  0.080  0.592  T  d3
  2572    803.750  +0.002444  +0.003468  0.172  0.080  0.592  T  d0
  2573    804.062  +0.001163  +0.002383  0.172  0.080  0.592  T  d0
  2574    804.375  +0.000678  +0.003770  0.188  0.049  0.592  T  d2
  2575    804.688  +0.000741  -0.007285  0.188  0.049  0.592  T  d3
  2576    805.000  -0.004344  +0.001251  0.188  0.049  0.592  T  d2
  2577    805.312  +0.003655  +0.001301  0.188  0.049  0.592  T  d3
  2578    805.625  +0.003714  -0.003760  0.188  0.049  0.592  T  d1
  2579    805.938  +0.005001  +0.001875  0.188  0.049  0.592  T  d3
  2580    806.250  +0.001647  -0.003563  0.188  0.049  0.592  T  d0
  2581    806.562  +0.002460  -0.001747  0.188  0.049  0.592  T  d2
  2582    806.875  -0.003475  +0.003240  0.188  0.049  0.592  T  d0
  2583    807.188  -0.007583  +0.001634  0.188  0.049  0.592  T  d0
  2584    807.500  -0.005549  -0.002958  0.172  0.049  0.567  T  d3
  2585    807.812  +0.000349  +0.003223  0.172  0.049  0.567  T  d3
  2586    808.125  +0.001840  -0.000103  0.188  0.056  0.567  T  d2
  2587    808.438  -0.005090  +0.001253  0.188  0.056  0.567  T  d3
  2588    808.750  +0.004111  +0.005329  0.188  0.056  0.567  T  d3
  2589    809.062  +0.002910  -0.001899  0.188  0.056  0.567  T  d0
  2590    809.375  +0.004326  -0.000481  0.188  0.056  0.567  T  d3
  2591    809.688  +0.000572  -0.003626  0.172  0.056  0.567  T  d0
  2592    810.000  +0.002393  -0.005057  0.172  0.056  0.567  T  d3
  2593    810.312  -0.003569  +0.000124  0.172  0.056  0.567  T  d3
  2594    810.625  +0.001979  +0.002118  0.172  0.056  0.567  T  d2
  2595    810.938  -0.004785  -0.005034  0.172  0.056  0.567  T  d3
  2596    811.250  -0.003160  +0.002600  0.172  0.056  0.567  T  d2
  2597    811.562  +0.005797  -0.000645  0.172  0.056  0.567  T  d1
  2598    811.875  -0.001751  +0.006426  0.188  0.041  0.567  T  d3
  2599    812.188  +0.003198  +0.002410  0.188  0.041  0.567  T  d2
  2600    812.500  -0.001334  -0.002139  0.188  0.041  0.545  T  d1
  2601    812.812  +0.003037  +0.000647  0.203  0.041  0.545  T  d3
  2602    813.125  -0.001201  -0.002022  0.203  0.041  0.545  T  d3
  2603    813.438  -0.003253  +0.005486  0.203  0.041  0.545  T  d0
  2604    813.750  -0.004387  +0.001565  0.203  0.041  0.545  T  d1
  2605    814.062  -0.001240  -0.004066  0.188  0.041  0.545  T  d0
  2606    814.375  -0.002991  -0.002697  0.188  0.041  0.545  T  d1
  2607    814.688  +0.006735  -0.003336  0.188  0.041  0.545  T  d3
  2608    815.000  -0.001566  -0.001762  0.188  0.041  0.545  T  d2
  2609    815.312  +0.003214  +0.002449  0.188  0.041  0.545  T  d2
  2610    815.625  -0.001860  -0.001657  0.188  0.015  0.545  T  d3
  2611    815.938  -0.002279  +0.002409  0.188  0.015  0.545  T  d2
  2612    816.250  +0.006142  -0.002459  0.188  0.015  0.545  T  d1
  2613    816.562  +0.006243  +0.002956  0.172  0.015  0.545  T  d3
  2614    816.875  +0.002474  -0.001837  0.172  0.015  0.545  T  d2
  2615    817.188  -0.005630  +0.000973  0.156  0.015  0.545  T  d3
  2616    817.500  -0.000411  +0.005314  0.141  0.015  0.536  T  d1
  2617    817.812  -0.003568  -0.001812  0.156  0.015  0.536  T  d0
  2618    818.125  -0.004383  -0.001575  0.156  0.015  0.536  T  d3
  2619    818.438  -0.003849  +0.002286  0.172  0.015  0.536  T  d3
  2620    818.750  +0.000503  +0.005921  0.172  0.015  0.536  T  d3
  2621    819.062  +0.002248  -0.001302  0.172  0.015  0.536  T  d3
  2622    819.375  -0.000254  -0.004159  0.172  0.000  0.536  T  d1
  2623    819.688  +0.003353  -0.003438  0.172  0.000  0.536  T  d3
  2624    820.000  -0.000553  -0.006695  0.156  0.000  0.536  T  d1
  2625    820.312  +0.003275  -0.003564  0.156  0.000  0.536  T  d1
  2626    820.625  +0.002153  +0.003857  0.172  0.000  0.536  T  d1
  2627    820.938  -0.004561  +0.001395  0.172  0.000  0.536  T  d3
  2628    821.250  +0.002652  +0.002116  0.172  0.000  0.536  T  d0
  2629    821.562  +0.003626  +0.002294  0.188  0.000  0.536  T  d0
  2630    821.875  +0.003497  +0.001403  0.188  0.000  0.536  T  d2
  2631    822.188  -0.002459  -0.000330  0.203  0.000  0.536  T  d3
  2632    822.500  -0.005623  +0.004531  0.203  0.000  0.541  T  d0
  2633    822.812  -0.004362  +0.002993  0.203  0.000  0.541  T  d1
  2634    823.125  -0.001728  -0.003695  0.203  0.000  0.541  T  d3
  2635    823.438  -0.000768  +0.001917  0.203  0.000  0.541  T  d3
  2636    823.750  +0.000522  -0.000054  0.188  0.000  0.541  T  d3
  2637    824.062  +0.002571  -0.003513  0.188  0.000  0.541  T  d0
  2638    824.375  +0.000236  -0.000551  0.188  0.000  0.541  T  d1
  2639    824.688  +0.004396  -0.000307  0.188  0.000  0.541  T  d3
  2640    825.000  +0.000731  -0.003589  0.188  0.000  0.541  T  d3
  2641    825.312  -0.004221  -0.003491  0.188  0.000  0.541  T  d1
  2642    825.625  +0.005066  -0.000646  0.188  0.000  0.541  T  d2
  2643    825.938  -0.001402  -0.000622  0.188  0.000  0.541  T  d2
  2644    826.250  +0.002190  +0.002299  0.188  0.000  0.541  T  d2
  2645    826.562  -0.001850  -0.003638  0.188  0.000  0.541  T  d3
  2646    826.875  -0.004607  +0.002594  0.188  0.000  0.541  T  d3
  2647    827.188  +0.004516  +0.002710  0.188  0.000  0.541  T  d1
  2648    827.500  -0.003844  +0.001825  0.203  0.000  0.524  T  d0
  2649    827.812  -0.001994  +0.002879  0.219  0.000  0.524  T  d3
  2650    828.125  +0.003369  +0.004562  0.203  0.000  0.524  T  d0
  2651    828.438  +0.001349  +0.001773  0.203  0.000  0.524  T  d1
  2652    828.750  -0.003475  +0.001052  0.203  0.000  0.524  T  d2
  2653    829.062  +0.005859  -0.004346  0.219  0.000  0.524  T  d0
  2654    829.375  +0.002669  -0.001613  0.219  0.000  0.524  T  d2
  2655    829.688  -0.001407  +0.000496  0.219  0.000  0.524  T  d1
  2656    830.000  -0.002542  -0.005713  0.219  0.000  0.524  T  d3
  2657    830.312  -0.003580  -0.000009  0.219  0.000  0.524  T  d0
  2658    830.625  -0.004744  -0.001739  0.219  0.000  0.524  T  d3
  2659    830.938  +0.000778  +0.004713  0.219  0.000  0.524  T  d2
  2660    831.250  +0.001786  -0.003912  0.219  0.000  0.524  T  d0
  2661    831.562  +0.000145  -0.003499  0.203  0.000  0.524  T  d2
  2662    831.875  +0.004025  +0.004764  0.188  0.000  0.524  T  d0
  2663    832.188  +0.002728  +0.002708  0.188  0.000  0.524  T  d2
  2664    832.500  -0.001525  -0.006496  0.203  0.000  0.532  T  d3
  2665    832.812  -0.002899  +0.003278  0.188  0.000  0.532  T  d2
  2666    833.125  +0.001945  -0.001589  0.188  0.000  0.532  T  d2
  2667    833.438  -0.004478  +0.003945  0.203  0.000  0.532  T  d3
  2668    833.750  +0.002020  +0.006235  0.203  0.000  0.532  T  d2
  2669    834.062  +0.001348  -0.004216  0.203  0.000  0.532  T  d0
  2670    834.375  +0.003538  -0.001999  0.188  0.000  0.532  T  d1
  2671    834.688  +0.000998  +0.000294  0.188  0.000  0.532  T  d1
  2672    835.000  -0.005230  +0.004133  0.188  0.000  0.532  T  d3
  2673    835.312  +0.003313  +0.000638  0.188  0.000  0.532  T  d2
  2674    835.625  -0.004576  -0.005709  0.188  0.000  0.532  T  d1
  2675    835.938  +0.003443  -0.000106  0.203  0.000  0.532  T  d3
  2676    836.250  +0.001080  -0.001664  0.203  0.000  0.532  T  d3
  2677    836.562  -0.000520  -0.002293  0.203  0.000  0.532  T  d1
  2678    836.875  +0.005449  +0.000468  0.203  0.000  0.532  T  d2
  2679    837.188  -0.004747  +0.001740  0.219  0.000  0.532  T  d0
  2680    837.500  -0.004682  +0.001598  0.234  0.000  0.545  T  d0
  2681    837.812  -0.002818  +0.001926  0.219  0.000  0.545  T  d1
  2682    838.125  -0.000811  -0.003552  0.219  0.000  0.545  T  d2
  2683    838.438  +0.002583  +0.007618  0.203  0.000  0.545  T  d2
  2684    838.750  -0.000124  -0.001804  0.203  0.000  0.545  T  d0
  2685    839.062  -0.000458  -0.001006  0.203  0.000  0.545  T  d1
  2686    839.375  +0.001850  -0.003763  0.188  0.000  0.545  T  d3
  2687    839.688  -0.001017  -0.001814  0.188  0.000  0.545  T  d2
  2688    840.000  +0.004194  +0.003104  0.203  0.000  0.545  T  d2
  2689    840.312  -0.002412  -0.003689  0.219  0.000  0.545  T  d2
  2690    840.625  +0.005602  +0.003938  0.203  0.000  0.545  T  d3
  2691    840.938  +0.002350  -0.000560  0.203  0.000  0.545  T  d1
  2692    841.250  -0.001861  +0.003878  0.203  0.000  0.545  T  d3
  2693    841.562  +0.003074  +0.000093  0.188  0.000  0.545  T  d2
  2694    841.875  -0.007645  -0.000083  0.188  0.000  0.545  T  d1
  2695    842.188  +0.001350  -0.001506  0.172  0.000  0.545  T  d0
  2696    842.500  +0.000393  -0.004971  0.172  0.000  0.519  T  d3
  2697    842.812  -0.003290  -0.002367  0.172  0.000  0.519  T  d3
  2698    843.125  -0.003511  +0.000893  0.172  0.000  0.519  T  d0
  2699    843.438  -0.002669  +0.004195  0.172  0.000  0.519  T  d2
  2700    843.750  +0.000159  -0.002823  0.172  0.000  0.519  T  d1
  2701    844.062  +0.007361  -0.000853  0.172  0.000  0.519  T  d2
  2702    844.375  -0.003753  -0.001359  0.156  0.000  0.519  T  d3
  2703    844.688  -0.000050  +0.000574  0.172  0.000  0.519  T  d3
  2704    845.000  +0.003963  +0.003311  0.188  0.000  0.519  T  d1
  2705    845.312  -0.001033  +0.003337  0.188  0.000  0.519  T  d3
  2706    845.625  +0.004077  +0.002604  0.203  0.007  0.519  T  d0
  2707    845.938  +0.002783  +0.001316  0.203  0.007  0.519  T  d1
  2708    846.250  -0.001994  +0.002719  0.219  0.007  0.519  T  d2
  2709    846.562  +0.003414  -0.001992  0.219  0.007  0.519  T  d3
  2710    846.875  -0.003395  -0.004777  0.234  0.007  0.519  T  d0
  2711    847.188  -0.002822  -0.003450  0.234  0.007  0.519  T  d0
  2712    847.500  -0.001450  -0.001352  0.219  0.007  0.515  T  d1
  2713    847.812  +0.000354  -0.001687  0.203  0.007  0.515  T  d2
  2714    848.125  -0.003017  +0.003271  0.203  0.007  0.515  T  d2
  2715    848.438  +0.000669  -0.005384  0.203  0.007  0.515  T  d3
  2716    848.750  -0.002241  +0.001129  0.203  0.007  0.515  T  d3
  2717    849.062  -0.000014  +0.008478  0.188  0.007  0.515  T  d1
  2718    849.375  -0.002621  -0.000660  0.188  0.001  0.515  T  d2
  2719    849.688  +0.002973  -0.001359  0.188  0.001  0.515  T  d0
  2720    850.000  +0.004551  -0.001301  0.188  0.001  0.515  T  d0
  2721    850.312  +0.004858  +0.001297  0.188  0.001  0.515  T  d3
  2722    850.625  -0.000053  -0.000574  0.188  0.001  0.515  T  d3
  2723    850.938  -0.007305  +0.003300  0.188  0.001  0.515  T  d2
  2724    851.250  +0.001770  -0.004028  0.188  0.001  0.515  T  d2
  2725    851.562  -0.002648  +0.001469  0.188  0.001  0.515  T  d2
  2726    851.875  +0.004761  +0.000494  0.188  0.001  0.515  T  d3
  2727    852.188  -0.002437  -0.006197  0.203  0.001  0.515  T  d2
  2728    852.500  +0.001820  +0.003344  0.203  0.001  0.545  T  d2
  2729    852.812  +0.000656  -0.002236  0.203  0.001  0.545  T  d1
  2730    853.125  +0.001452  +0.001718  0.203  0.019  0.545  T  d3
  2731    853.438  +0.001052  -0.002113  0.188  0.019  0.545  T  d2
  2732    853.750  -0.003598  +0.001634  0.188  0.019  0.545  T  d1
  2733    854.062  -0.002083  -0.001832  0.188  0.019  0.545  T  d2
  2734    854.375  +0.000521  +0.006498  0.188  0.019  0.545  T  d0
  2735    854.688  +0.002052  +0.003842  0.188  0.019  0.545  T  d0
  2736    855.000  +0.001305  +0.003345  0.188  0.019  0.545  T  d2
  2737    855.312  -0.001825  -0.004767  0.203  0.019  0.545  T  d0
  2738    855.625  -0.001494  -0.003948  0.203  0.019  0.545  T  d3
  2739    855.938  -0.005811  -0.001041  0.203  0.019  0.545  T  d0
  2740    856.250  -0.003313  -0.003350  0.203  0.019  0.545  T  d1
  2741    856.562  +0.003450  -0.001101  0.219  0.019  0.545  T  d0
  2742    856.875  +0.005724  +0.001912  0.219  0.042  0.545  T  d1
  2743    857.188  +0.002125  +0.004430  0.203  0.042  0.545  T  d1
  2744    857.500  -0.001026  +0.000785  0.203  0.042  0.545  T  d2
  2745    857.812  +0.003753  -0.002848  0.203  0.042  0.545  T  d3
  2746    858.125  -0.001851  -0.003518  0.203  0.042  0.545  T  d2
  2747    858.438  +0.000915  +0.005983  0.203  0.042  0.545  T  d2
  2748    858.750  +0.001388  -0.004779  0.203  0.042  0.545  T  d3
  2749    859.062  -0.002457  -0.000168  0.219  0.042  0.545  T  d3
  2750    859.375  -0.002631  +0.004746  0.219  0.042  0.545  T  d1
  2751    859.688  -0.001507  -0.003757  0.219  0.042  0.545  T  d2
  2752    860.000  +0.001633  +0.002265  0.203  0.042  0.545  T  d2
  2753    860.312  +0.000593  -0.004313  0.188  0.042  0.545  T  d2
  2754    860.625  -0.003724  +0.003106  0.188  0.058  0.545  T  d3
  2755    860.938  +0.003146  +0.004784  0.203  0.058  0.545  T  d2
  2756    861.250  +0.000362  -0.002652  0.203  0.058  0.545  T  d2
  2757    861.562  +0.002572  +0.003401  0.203  0.058  0.545  T  d2
  2758    861.875  +0.000046  -0.004234  0.203  0.058  0.545  T  d0
  2759    862.188  -0.002578  -0.003670  0.203  0.058  0.545  T  d0
  2760    862.500  -0.003049  -0.001737  0.219  0.058  0.549  T  d3
  2761    862.812  -0.003863  +0.003301  0.219  0.058  0.549  T  d3
  2762    863.125  +0.005871  +0.005068  0.219  0.058  0.549  T  d3
  2763    863.438  +0.000343  -0.000765  0.219  0.058  0.549  T  d3
  2764    863.750  -0.003457  -0.001109  0.219  0.058  0.549  T  d1
  2765    864.062  +0.002393  -0.002740  0.219  0.058  0.549  T  d1
  2766    864.375  +0.002939  +0.004206  0.219  0.055  0.549  T  d2
  2767    864.688  +0.000257  -0.004663  0.219  0.055  0.549  T  d1
  2768    865.000  +0.000271  -0.000154  0.219  0.055  0.549  T  d0
  2769    865.312  +0.005595  +0.000961  0.219  0.055  0.549  T  d2
  2770    865.625  -0.006326  +0.001341  0.203  0.055  0.549  T  d0
  2771    865.938  -0.002653  +0.002253  0.203  0.055  0.549  T  d1
  2772    866.250  -0.001201  -0.003439  0.188  0.055  0.549  T  d0
  2773    866.562  +0.000463  -0.001395  0.188  0.055  0.549  T  d1
  2774    866.875  +0.004748  +0.000965  0.172  0.055  0.549  T  d3
  2775    867.188  -0.000220  -0.000358  0.172  0.055  0.549  T  d0
  2776    867.500  -0.000879  -0.005194  0.172  0.055  0.558  T  d3
  2777    867.812  -0.003596  +0.000212  0.172  0.055  0.558  T  d3
  2778    868.125  +0.004094  +0.007136  0.188  0.063  0.558  T  d1
  2779    868.438  -0.003424  +0.000534  0.188  0.063  0.558  T  d3
  2780    868.750  +0.000084  +0.001653  0.188  0.063  0.558  T  d0
  2781    869.062  +0.000789  +0.003537  0.203  0.063  0.558  T  d1
  2782    869.375  -0.003190  -0.001894  0.203  0.063  0.558  T  d1
  2783    869.688  -0.000403  -0.005031  0.203  0.063  0.558  T  d2
  2784    870.000  +0.001342  +0.004778  0.203  0.063  0.558  T  d3
  2785    870.312  +0.005688  +0.000104  0.203  0.063  0.558  T  d3
  2786    870.625  -0.000459  -0.006186  0.203  0.063  0.558  T  d0
  2787    870.938  +0.003294  -0.005331  0.203  0.063  0.558  T  d3
  2788    871.250  -0.005713  -0.000123  0.203  0.063  0.558  T  d3
  2789    871.562  -0.000379  +0.002865  0.203  0.063  0.558  T  d3
  2790    871.875  +0.004147  +0.001322  0.203  0.053  0.558  T  d1
  2791    872.188  -0.003179  +0.005031  0.188  0.053  0.558  T  d0
  2792    872.500  -0.004164  +0.001658  0.172  0.053  0.532  T  d2
  2793    872.812  +0.004813  -0.003645  0.188  0.053  0.532  T  d2
  2794    873.125  -0.002942  +0.000405  0.188  0.053  0.532  T  d2
  2795    873.438  +0.004348  +0.000890  0.188  0.053  0.532  T  d2
  2796    873.750  -0.004951  -0.002298  0.188  0.053  0.532  T  d3
  2797    874.062  -0.000518  +0.005619  0.188  0.053  0.532  T  d2
  2798    874.375  +0.000748  -0.003269  0.203  0.053  0.532  T  d0
  2799    874.688  +0.000080  -0.001951  0.203  0.053  0.532  T  d0
  2800    875.000  +0.000243  -0.002852  0.203  0.053  0.532  T  d2
  2801    875.312  -0.000365  +0.004466  0.188  0.053  0.532  T  d2
  2802    875.625  +0.005133  -0.005748  0.188  0.000  0.532  T  d2
  2803    875.938  -0.003032  +0.002171  0.172  0.000  0.532  T  d2
  2804    876.250  +0.003411  +0.000433  0.172  0.000  0.532  T  d1
  2805    876.562  -0.001871  +0.002317  0.156  0.000  0.532  T  d3
  2806    876.875  +0.004132  +0.005350  0.156  0.000  0.532  T  d2
  2807    877.188  -0.003044  -0.002701  0.172  0.000  0.532  T  d3
  2808    877.500  -0.004686  +0.000721  0.156  0.000  0.549  T  d1
  2809    877.812  +0.000108  -0.001640  0.156  0.000  0.549  T  d0
  2810    878.125  +0.000700  -0.006307  0.156  0.000  0.549  T  d3
  2811    878.438  -0.004225  +0.001006  0.156  0.000  0.549  T  d2
  2812    878.750  +0.003980  +0.000160  0.156  0.000  0.549  T  d0
  2813    879.062  +0.003676  -0.001121  0.141  0.000  0.549  T  d1
  2814    879.375  +0.001774  +0.004736  0.141  0.000  0.549  T  d2
  2815    879.688  -0.002703  -0.004564  0.141  0.000  0.549  T  d3
  2816    880.000  -0.003966  +0.003758  0.141  0.000  0.549  T  d3
  2817    880.312  +0.000733  +0.005526  0.141  0.000  0.549  T  d2
  2818    880.625  -0.001153  -0.005432  0.141  0.000  0.549  T  d1
  2819    880.938  +0.002548  +0.001630  0.141  0.000  0.549  T  d3
  2820    881.250  +0.003823  -0.000884  0.141  0.000  0.549  T  d2
  2821    881.562  -0.004362  +0.001917  0.156  0.000  0.549  T  d3
  2822    881.875  +0.000320  +0.000454  0.172  0.000  0.549  T  d3
  2823    882.188  +0.000432  -0.001119  0.172  0.000  0.549  T  d3
  2824    882.500  -0.000241  -0.000043  0.172  0.000  0.545  T  d0
  2825    882.812  -0.002251  -0.002737  0.172  0.000  0.545  T  d2
  2826    883.125  +0.005742  +0.001848  0.172  0.013  0.545  T  d3
  2827    883.438  +0.000358  -0.004652  0.172  0.013  0.545  T  d1
  2828    883.750  +0.002006  +0.001094  0.172  0.013  0.545  T  d2
  2829    884.062  -0.002589  +0.000359  0.172  0.013  0.545  T  d0
  2830    884.375  -0.004323  +0.000919  0.172  0.013  0.545  T  d2
  2831    884.688  +0.002933  +0.001216  0.156  0.013  0.545  T  d2
  2832    885.000  -0.005509  -0.004816  0.141  0.013  0.545  T  d3
  2833    885.312  -0.002286  +0.003860  0.141  0.013  0.545  T  d3
  2834    885.625  +0.006740  +0.000443  0.141  0.013  0.545  T  d3
  2835    885.938  -0.001555  -0.002156  0.156  0.013  0.545  T  d2
  2836    886.250  -0.000149  +0.006172  0.156  0.013  0.545  T  d3
  2837    886.562  +0.004895  +0.001375  0.172  0.013  0.545  T  d2
  2838    886.875  -0.002992  -0.000246  0.172  0.007  0.545  T  d0
  2839    887.188  -0.002855  +0.001481  0.172  0.007  0.545  T  d1
  2840    887.500  -0.001913  -0.005369  0.172  0.007  0.532  T  d1
  2841    887.812  +0.007204  +0.000363  0.172  0.007  0.532  T  d3
  2842    888.125  +0.001402  -0.002695  0.156  0.007  0.532  T  d3
  2843    888.438  -0.005232  +0.001218  0.156  0.007  0.532  T  d2
  2844    888.750  +0.004805  -0.001877  0.156  0.007  0.532  T  d3
  2845    889.062  -0.001664  -0.004495  0.141  0.007  0.532  T  d3
  2846    889.375  -0.004267  +0.000412  0.141  0.007  0.532  T  d3
  2847    889.688  +0.002638  +0.002949  0.141  0.007  0.532  T  d1
  2848    890.000  -0.002456  +0.002442  0.141  0.007  0.532  T  d3
  2849    890.312  +0.004441  +0.001712  0.141  0.007  0.532  T  d1
  2850    890.625  +0.000656  +0.003624  0.141  0.014  0.532  T  d0
  2851    890.938  +0.001007  +0.002224  0.141  0.014  0.532  T  d1
  2852    891.250  -0.005724  -0.000471  0.141  0.014  0.532  T  d0
  2853    891.562  -0.003781  -0.001183  0.141  0.014  0.532  T  d0
  2854    891.875  -0.004264  -0.004575  0.141  0.014  0.532  T  d1
  2855    892.188  +0.005660  -0.001684  0.156  0.014  0.532  T  d0
  2856    892.500  +0.004982  -0.003155  0.156  0.014  0.541  T  d2
  2857    892.812  -0.003757  +0.000067  0.141  0.014  0.541  T  d3
  2858    893.125  -0.001389  +0.005037  0.141  0.014  0.541  T  d3
  2859    893.438  +0.007290  -0.001006  0.156  0.014  0.541  T  d3
  2860    893.750  +0.001859  -0.003641  0.156  0.014  0.541  T  d2
  2861    894.062  -0.003617  +0.003135  0.172  0.014  0.541  T  d3
  2862    894.375  +0.004813  +0.002609  0.156  0.038  0.541  T  d3
  2863    894.688  -0.001333  -0.005388  0.156  0.038  0.541  T  d3
  2864    895.000  -0.002596  +0.002612  0.156  0.038  0.541  T  d1
  2865    895.312  -0.000463  -0.001628  0.172  0.038  0.541  T  d2
  2866    895.625  -0.000199  +0.001330  0.172  0.038  0.541  T  d0
  2867    895.938  +0.001125  +0.002290  0.172  0.038  0.541  T  d1
  2868    896.250  -0.002394  +0.002450  0.172  0.038  0.541  T  d0
  2869    896.562  -0.000125  +0.003426  0.188  0.038  0.541  T  d2
  2870    896.875  -0.001639  -0.003708  0.188  0.038  0.541  T  d3
  2871    897.188  -0.004394  +0.001741  0.188  0.038  0.541  T  d1
  2872    897.500  +0.001776  -0.004370  0.188  0.038  0.528  T  d2
  2873    897.812  -0.001954  +0.001293  0.188  0.038  0.528  T  d3
  2874    898.125  +0.003199  +0.001275  0.188  0.071  0.528  T  d3
  2875    898.438  +0.000284  -0.005241  0.188  0.071  0.528  T  d1
  2876    898.750  +0.003680  -0.001907  0.188  0.071  0.528  T  d3
  2877    899.062  -0.001439  -0.002648  0.188  0.071  0.528  T  d3
  2878    899.375  -0.002253  +0.004810  0.188  0.071  0.528  T  d2
  2879    899.688  +0.001966  -0.001976  0.188  0.071  0.528  T  d1
  2880    900.000  +0.002285  +0.004558  0.188  0.071  0.528  T  d3
  2881    900.312  +0.003882  -0.002254  0.188  0.071  0.528  T  d2
  2882    900.625  -0.004528  +0.002722  0.203  0.071  0.528  T  d3
  2883    900.938  +0.003732  +0.002576  0.188  0.071  0.528  T  d3
  2884    901.250  +0.001955  -0.003347  0.188  0.071  0.528  T  d3
  2885    901.562  -0.002456  -0.002606  0.172  0.071  0.528  T  d3
  2886    901.875  -0.004895  +0.000515  0.156  0.031  0.528  T  d0
  2887    902.188  -0.003697  +0.004158  0.156  0.031  0.528  T  d2
  2888    902.500  +0.004077  -0.002236  0.141  0.031  0.519  T  d1
  2889    902.812  +0.003909  +0.002702  0.141  0.031  0.519  T  d2
  2890    903.125  -0.004151  -0.000855  0.141  0.031  0.519  T  d0
  2891    903.438  -0.003104  +0.001575  0.141  0.031  0.519  T  d1
  2892    903.750  +0.000182  -0.000576  0.141  0.031  0.519  T  d0
  2893    904.062  +0.000395  -0.005777  0.141  0.031  0.519  T  d3
  2894    904.375  -0.001697  -0.001175  0.141  0.031  0.519  T  d1
  2895    904.688  +0.005343  -0.003137  0.156  0.031  0.519  T  d1
  2896    905.000  +0.002034  +0.007336  0.156  0.031  0.519  T  d0
  2897    905.312  -0.000219  +0.003676  0.172  0.031  0.519  T  d1
  2898    905.625  -0.004367  +0.000535  0.172  0.029  0.519  T  d2
  2899    905.938  +0.003049  +0.001206  0.172  0.029  0.519  T  d3
  2900    906.250  +0.000725  -0.005927  0.172  0.029  0.519  T  d0
  2901    906.562  +0.000773  -0.005845  0.156  0.029  0.519  T  d2
  2902    906.875  -0.001565  +0.002328  0.156  0.029  0.519  T  d0
  2903    907.188  +0.000415  +0.003376  0.156  0.029  0.519  T  d1
  2904    907.500  -0.007215  -0.000331  0.172  0.029  0.545  T  d3
  2905    907.812  +0.001027  +0.003353  0.188  0.029  0.545  T  d3
  2906    908.125  +0.005845  -0.005123  0.188  0.029  0.545  T  d1
  2907    908.438  +0.003063  +0.001748  0.203  0.029  0.545  T  d1
  2908    908.750  -0.000897  +0.003845  0.203  0.029  0.545  T  d1
  2909    909.062  -0.004912  -0.005045  0.203  0.029  0.545  T  d3
  2910    909.375  -0.001332  +0.001797  0.203  0.038  0.545  T  d3
  2911    909.688  +0.006115  +0.000622  0.203  0.038  0.545  T  d1
  2912    910.000  -0.000663  +0.004470  0.203  0.038  0.545  T  d1
  2913    910.312  -0.002482  -0.002085  0.203  0.038  0.545  T  d0
  2914    910.625  -0.002694  +0.000075  0.203  0.038  0.545  T  d1
  2915    910.938  +0.002616  -0.007249  0.203  0.038  0.545  T  d3
  2916    911.250  -0.000807  -0.000941  0.203  0.038  0.545  T  d2
  2917    911.562  +0.003414  +0.004954  0.219  0.038  0.545  T  d1
  2918    911.875  -0.002592  +0.001363  0.234  0.038  0.545  T  d1
  2919    912.188  +0.001356  -0.005037  0.219  0.038  0.545  T  d2
  2920    912.500  -0.002244  +0.002878  0.219  0.038  0.524  T  d1
  2921    912.812  -0.000590  -0.002885  0.219  0.038  0.524  T  d2
  2922    913.125  -0.001414  +0.005119  0.234  0.017  0.524  T  d3
  2923    913.438  +0.005393  +0.003434  0.219  0.017  0.524  T  d2
  2924    913.750  -0.002244  -0.001388  0.219  0.017  0.524  T  d2
  2925    914.062  +0.004086  +0.002385  0.203  0.017  0.524  T  d2
  2926    914.375  -0.004019  -0.002739  0.203  0.017  0.524  T  d0
  2927    914.688  -0.002851  -0.000180  0.219  0.017  0.524  T  d1
  2928    915.000  +0.001765  -0.003656  0.219  0.017  0.524  T  d0
  2929    915.312  -0.001070  -0.004624  0.203  0.017  0.524  T  d2
  2930    915.625  +0.000320  +0.001687  0.203  0.017  0.524  T  d0
  2931    915.938  +0.001854  +0.005602  0.203  0.017  0.524  T  d2
  2932    916.250  -0.000210  -0.003555  0.219  0.017  0.524  T  d1
  2933    916.562  +0.003017  -0.002185  0.203  0.017  0.524  T  d2
  2934    916.875  -0.004155  +0.000723  0.203  0.007  0.524  T  d2
  2935    917.188  +0.002512  +0.001462  0.203  0.007  0.524  T  d0
  2936    917.500  +0.000466  +0.001411  0.219  0.007  0.498  T  d0
  2937    917.812  -0.000068  +0.008351  0.219  0.007  0.498  T  d2
  2938    918.125  -0.001318  -0.003444  0.234  0.007  0.498  T  d0
  2939    918.438  -0.002324  -0.001379  0.234  0.007  0.498  T  d1
  2940    918.750  -0.000025  -0.004062  0.234  0.007  0.498  T  d2
  2941    919.062  +0.000540  +0.001264  0.250  0.007  0.498  T  d2
  2942    919.375  +0.001946  -0.005304  0.266  0.007  0.498  T  d2
  2943    919.688  +0.000955  +0.002679  0.266  0.007  0.498  T  d3
  2944    920.000  +0.001332  -0.000173  0.266  0.007  0.498  T  d2
  2945    920.312  -0.005378  +0.001969  0.266  0.007  0.498  T  d2
  2946    920.625  +0.005192  +0.000722  0.250  0.009  0.498  T  d2
  2947    920.938  -0.003381  -0.003659  0.266  0.009  0.498  T  d2
  2948    921.250  +0.000180  +0.004625  0.266  0.009  0.498  T  d0
  2949    921.562  +0.000853  +0.003271  0.266  0.009  0.498  T  d0
  2950    921.875  +0.000656  +0.004813  0.281  0.009  0.498  T  d2
  2951    922.188  -0.000375  -0.006119  0.281  0.009  0.498  T  d3
  2952    922.500  -0.003921  -0.000054  0.281  0.009  0.502  T  d1
  2953    922.812  -0.000198  -0.004242  0.281  0.009  0.502  T  d0
  2954    923.125  -0.000194  -0.003477  0.281  0.009  0.502  T  d1
  2955    923.438  +0.005192  -0.000304  0.281  0.009  0.502  T  d1
  2956    923.750  +0.003345  +0.004465  0.281  0.009  0.502  T  d3
  2957    924.062  +0.001655  -0.003993  0.281  0.009  0.502  T  d2
  2958    924.375  -0.004637  +0.002014  0.281  0.013  0.502  T  d0
  2959    924.688  -0.002775  -0.000344  0.281  0.013  0.502  T  d3
  2960    925.000  -0.001223  +0.005135  0.281  0.013  0.502  T  d3
  2961    925.312  +0.005179  -0.002064  0.266  0.013  0.502  T  d3
  2962    925.625  -0.003458  -0.003322  0.266  0.013  0.502  T  d3
  2963    925.938  -0.001011  +0.002598  0.250  0.013  0.502  T  d0
  2964    926.250  -0.000961  +0.002628  0.250  0.013  0.502  T  d3
  2965    926.562  +0.001953  +0.004040  0.250  0.013  0.502  T  d2
  2966    926.875  -0.000080  -0.000678  0.250  0.013  0.502  T  d0
  2967    927.188  +0.001574  -0.008010  0.250  0.013  0.502  T  d0
  2968    927.500  -0.000597  -0.002215  0.234  0.013  0.536  T  d3
  2969    927.812  -0.004369  +0.003125  0.234  0.013  0.536  T  d0
  2970    928.125  -0.003014  +0.001881  0.250  0.009  0.536  T  d3
  2971    928.438  +0.007483  +0.004711  0.234  0.009  0.536  T  d3
  2972    928.750  +0.002161  -0.002014  0.250  0.009  0.536  T  d0
  2973    929.062  +0.002098  -0.001347  0.266  0.009  0.536  T  d0
  2974    929.375  +0.003002  -0.001274  0.281  0.009  0.536  T  d2
  2975    929.688  -0.005135  +0.000591  0.297  0.009  0.536  T  d1
  2976    930.000  -0.001302  -0.003012  0.297  0.009  0.536  T  d3
  2977    930.312  -0.003810  -0.000121  0.297  0.009  0.536  T  d1
  2978    930.625  +0.000056  -0.000999  0.312  0.009  0.536  T  d0
  2979    930.938  -0.001557  -0.002839  0.312  0.009  0.536  T  d2
  2980    931.250  +0.005257  +0.005612  0.312  0.009  0.536  T  d1
  2981    931.562  -0.000892  +0.002554  0.312  0.009  0.536  T  d0
  2982    931.875  -0.000189  +0.004408  0.297  0.021  0.536  T  d2
  2983    932.188  +0.002643  -0.004837  0.312  0.021  0.536  T  d3
  2984    932.500  -0.006040  -0.001586  0.312  0.021  0.524  T  d2
  2985    932.812  +0.003158  +0.000105  0.312  0.021  0.524  T  d2
  2986    933.125  -0.003031  -0.002302  0.297  0.021  0.524  T  d1
  2987    933.438  +0.002418  -0.000877  0.297  0.021  0.524  T  d3
  2988    933.750  -0.003986  -0.002148  0.312  0.021  0.524  T  d3
  2989    934.062  +0.000172  +0.005529  0.328  0.021  0.524  T  d3
  2990    934.375  +0.003645  -0.000091  0.328  0.021  0.524  T  d0
  2991    934.688  +0.002492  -0.002343  0.328  0.021  0.524  T  d1
  2992    935.000  +0.001219  +0.001780  0.344  0.021  0.524  T  d3
  2993    935.312  +0.005250  -0.001057  0.344  0.021  0.524  T  d2
  2994    935.625  -0.003492  +0.003355  0.344  0.018  0.524  T  d2
  2995    935.938  +0.000672  -0.000752  0.344  0.018  0.524  T  d3
  2996    936.250  -0.004022  -0.001947  0.328  0.018  0.524  T  d3
  2997    936.562  -0.001392  +0.006022  0.344  0.018  0.524  T  d3
  2998    936.875  +0.004738  -0.002435  0.359  0.018  0.524  T  d2
  2999    937.188  -0.001687  +0.001476  0.344  0.018  0.524  T  d1
  3000    937.500  -0.005520  -0.000674  0.328  0.018  0.545  T  d0
  3001    937.812  -0.004830  -0.001691  0.328  0.018  0.545  T  d0
  3002    938.125  -0.003454  +0.001641  0.312  0.018  0.545  T  d2
  3003    938.438  +0.003859  -0.004406  0.328  0.018  0.545  T  d0
  3004    938.750  +0.001322  -0.002123  0.328  0.018  0.545  T  d0
  3005    939.062  +0.005480  -0.002047  0.312  0.018  0.545  T  d0
  3006    939.375  +0.001510  +0.000674  0.297  0.009  0.545  T  d0
  3007    939.688  +0.006544  +0.001126  0.312  0.009  0.545  T  d3
  3008    940.000  +0.000886  -0.005424  0.312  0.009  0.545  T  d3
  3009    940.312  -0.004677  +0.002835  0.328  0.009  0.545  T  d0
  3010    940.625  -0.006413  +0.000693  0.328  0.009  0.545  T  d2
  3011    940.938  +0.002960  +0.001824  0.312  0.009  0.545  T  d1
  3012    941.250  -0.000101  +0.001647  0.328  0.009  0.545  T  d0
  3013    941.562  +0.002390  +0.005455  0.328  0.009  0.545  T  d1
  3014    941.875  -0.001281  +0.001973  0.328  0.009  0.545  T  d0
  3015    942.188  -0.002950  +0.003036  0.344  0.009  0.545  T  d2
  3016    942.500  +0.001067  -0.002373  0.344  0.009  0.536  T  d2
  3017    942.812  -0.001591  +0.004099  0.359  0.009  0.536  T  d2
  3018    943.125  +0.002614  -0.002751  0.375  0.025  0.536  T  d3
  3019    943.438  -0.000103  -0.004008  0.391  0.025  0.536  T  d0
  3020    943.750  -0.001361  -0.002756  0.391  0.025  0.536  T  d0
  3021    944.062  -0.003604  -0.002598  0.406  0.025  0.536  T  d1
  3022    944.375  +0.000028  -0.004239  0.406  0.025  0.536  T  d0
  3023    944.688  +0.002347  -0.002436  0.391  0.025  0.536  T  d0
  3024    945.000  +0.001412  -0.004166  0.391  0.025  0.536  T  d2
  3025    945.312  -0.002123  +0.003811  0.391  0.025  0.536  T  d3
  3026    945.625  +0.005100  +0.001915  0.391  0.025  0.536  T  d1
  3027    945.938  -0.004983  +0.006772  0.391  0.025  0.536  T  d3
  3028    946.250  +0.003094  +0.001061  0.391  0.025  0.536  T  d0
  3029    946.562  +0.003452  +0.002019  0.391  0.025  0.536  T  d0
  3030    946.875  +0.002705  -0.000585  0.391  0.112  0.536  T  d3
  3031    947.188  -0.001586  -0.001717  0.391  0.112  0.536  T  d2
  3032    947.500  +0.000693  +0.002811  0.391  0.112  0.528  T  d1
  3033    947.812  -0.003395  +0.001807  0.391  0.112  0.528  T  d1
  3034    948.125  -0.002117  -0.000887  0.375  0.112  0.528  T  d0
  3035    948.438  -0.004993  -0.006331  0.375  0.112  0.528  T  d2
  3036    948.750  -0.000215  +0.003848  0.359  0.112  0.528  T  d2
  3037    949.062  -0.000706  -0.004242  0.344  0.112  0.528  T  d1
  3038    949.375  +0.005389  +0.001554  0.344  0.112  0.528  T  d0
  3039    949.688  +0.001341  +0.001438  0.328  0.112  0.528  T  d1
  3040    950.000  -0.003594  +0.002497  0.344  0.112  0.528  T  d0
  3041    950.312  -0.003185  +0.000688  0.344  0.112  0.528  T  d1
  3042    950.625  -0.003362  -0.004963  0.328  0.144  0.528  P  d1
  3043    950.938  +0.004760  -0.002746  0.328  0.144  0.528  P  d0
  3044    951.250  +0.004480  -0.002156  0.328  0.144  0.528  P  d1
  3045    951.562  +0.004351  +0.002007  0.312  0.144  0.528  P  d0
  3046    951.875  +0.004069  -0.000761  0.312  0.144  0.528  P  d0
  3047    952.188  +0.002424  +0.001048  0.297  0.144  0.528  P  d1
  3048    952.500  -0.002079  +0.002271  0.312  0.144  0.511  P  d0
  3049    952.812  -0.005503  +0.000545  0.312  0.144  0.511  P  d0
  3050    953.125  -0.004062  +0.002631  0.328  0.144  0.511  P  d0
  3051    953.438  -0.004055  +0.003833  0.344  0.144  0.511  P  d1
  3052    953.750  -0.000085  -0.000445  0.328  0.144  0.511  P  d0
  3053    954.062  +0.001935  -0.004402  0.328  0.144  0.511  P  d1
  3054    954.375  +0.003654  +0.004270  0.328  0.167  0.511  P  d2
  3055    954.688  +0.000158  -0.005372  0.328  0.167  0.511  P  d3
  3056    955.000  -0.003728  -0.003342  0.312  0.167  0.511  P  d3
  3057    955.312  -0.005645  +0.001434  0.312  0.167  0.511  P  d2
  3058    955.625  +0.004456  +0.002639  0.312  0.167  0.511  P  d3
  3059    955.938  +0.001156  -0.003682  0.312  0.167  0.511  P  d1
  3060    956.250  +0.002839  +0.002615  0.312  0.167  0.511  P  d2
  3061    956.562  -0.001270  -0.000955  0.297  0.167  0.511  P  d3
  3062    956.875  -0.002072  +0.004901  0.281  0.167  0.511  P  d2
  3063    957.188  +0.002950  -0.004335  0.281  0.167  0.511  P  d1
  3064    957.500  +0.000823  -0.000076  0.281  0.167  0.519  P  d0
  3065    957.812  +0.005128  +0.004166  0.297  0.167  0.519  P  d3
  3066    958.125  +0.003636  -0.001737  0.297  0.166  0.519  P  d3
  3067    958.438  +0.001329  -0.003816  0.297  0.166  0.519  P  d3
  3068    958.750  -0.003223  -0.002724  0.312  0.166  0.519  P  d3
  3069    959.062  -0.003579  +0.001640  0.328  0.166  0.519  P  d0
  3070    959.375  -0.004343  +0.001123  0.344  0.166  0.519  P  d3
  3071    959.688  -0.001961  +0.003732  0.328  0.166  0.519  P  d0
  3072    960.000  -0.003085  +0.004814  0.328  0.166  0.519  P  d1
  3073    960.312  -0.002486  -0.001918  0.328  0.166  0.519  P  d1
  3074    960.625  +0.002101  -0.007479  0.328  0.166  0.519  P  d3
  3075    960.938  -0.003177  +0.000274  0.344  0.166  0.519  P  d3
  3076    961.250  +0.004640  +0.005964  0.344  0.166  0.519  P  d3
  3077    961.562  +0.000559  -0.003605  0.359  0.166  0.519  P  d2
  3078    961.875  +0.000272  +0.002522  0.344  0.162  0.519  P  d2
  3079    962.188  +0.000551  -0.003619  0.344  0.162  0.519  P  d0
  3080    962.500  +0.001316  -0.002741  0.344  0.162  0.433  P  d1
  3081    962.812  +0.006882  -0.000044  0.328  0.162  0.433  P  d0
  3082    963.125  +0.005072  +0.002468  0.328  0.162  0.433  P  d0
  3083    963.438  +0.003910  +0.004142  0.328  0.162  0.433  P  d1
  3084    963.750  -0.004843  +0.002311  0.328  0.162  0.433  P  d0
  3085    964.062  -0.003861  +0.000703  0.328  0.162  0.433  P  d1
  3086    964.375  -0.003144  -0.002678  0.344  0.162  0.433  P  d0
  3087    964.688  -0.001586  -0.002921  0.359  0.162  0.433  P  d3
  3088    965.000  -0.004821  +0.002484  0.375  0.162  0.433  P  d1
  3089    965.312  -0.000743  -0.001459  0.391  0.162  0.433  P  d1
  3090    965.625  +0.004882  -0.005363  0.406  0.152  0.433  P  d2
  3091    965.938  -0.002630  +0.000964  0.406  0.152  0.433  P  d3
  3092    966.250  -0.001064  +0.005292  0.406  0.152  0.433  P  d2
  3093    966.562  -0.000901  -0.004853  0.422  0.152  0.433  P  d3
  3094    966.875  -0.003176  +0.003032  0.438  0.152  0.433  P  d3
  3095    967.188  +0.004706  +0.000448  0.453  0.152  0.433  P  d3
  3096    967.500  -0.001150  -0.003407  0.469  0.152  0.378  P  d0
  3097    967.812  +0.000498  -0.003975  0.469  0.152  0.378  P  d2
  3098    968.125  +0.000254  +0.000956  0.484  0.152  0.378  P  d0
  3099    968.438  +0.001637  +0.004720  0.500  0.152  0.378  P  d0
  3100    968.750  +0.003512  +0.001749  0.516  0.152  0.378  P  d0
  3101    969.062  +0.003281  +0.006070  0.531  0.152  0.378  P  d0
  3102    969.375  -0.000869  +0.005567  0.531  0.150  0.378  P  d2
  3103    969.688  -0.000938  -0.003713  0.547  0.150  0.378  P  d2
  3104    970.000  +0.000042  +0.000785  0.547  0.150  0.378  P  d0
  3105    970.312  +0.002560  +0.004778  0.562  0.150  0.378  P  d2
  3106    970.625  -0.000460  -0.004130  0.578  0.150  0.378  P  d0
  3107    970.938  -0.000989  -0.002510  0.594  0.150  0.378  P  d0
  3108    971.250  -0.001354  -0.008812  0.609  0.150  0.378  P  d0
  3109    971.562  -0.002426  -0.001862  0.625  0.150  0.378  P  d1
  3110    971.875  +0.000070  -0.001325  0.641  0.150  0.378  P  d0
  3111    972.188  +0.000877  -0.006410  0.656  0.150  0.378  P  d1
  3112    972.500  +0.004061  -0.002157  0.656  0.150  0.305  P  d3
  3113    972.812  +0.000895  -0.006479  0.672  0.150  0.305  P  d0
  3114    973.125  -0.003091  -0.008660  0.672  0.130  0.305  P  d0
  3115    973.438  -0.001997  -0.002088  0.672  0.130  0.305  P  d3
  3116    973.750  -0.003503  +0.004998  0.688  0.130  0.305  P  d0
  3117    974.062  -0.003151  +0.005893  0.688  0.130  0.305  P  d0
  3118    974.375  -0.007103  +0.007312  0.703  0.130  0.305  P  d0
  3119    974.688  -0.012733  +0.013933  0.703  0.130  0.305  P  d0
  3120    975.000  -0.008889  +0.020818  0.719  0.130  0.305  P  d0
  3121    975.312  -0.009935  +0.022050  0.734  0.130  0.305  P  d0
  3122    975.625  +0.001749  +0.027383  0.750  0.130  0.305  P  d3
  3123    975.938  +0.029044  +0.003539  0.766  0.130  0.305  P  d3
  3124    976.250  +0.026897  -0.026592  0.781  0.130  0.305  P  d0
  3125    976.562  +0.019299  -0.016455  0.797  0.130  0.305  P  d0
  3126    976.875  +0.015249  -0.022625  0.812  0.115  0.305  S  d0
  3127    977.188  +0.003215  -0.018481  0.828  0.115  0.305  S  d0
  3128    977.500  -0.003521  -0.015603  0.844  0.115  0.223  S  d0
  3129    977.812  -0.010116  -0.012217  0.844  0.115  0.223  S  d0
  3130    978.125  -0.008366  -0.005474  0.859  0.115  0.223  S  d0
  3131    978.438  -0.014080  -0.005861  0.859  0.115  0.223  S  d0
  3132    978.750  -0.011001  +0.000573  0.859  0.115  0.223  S  d0
  3133    979.062  -0.011262  +0.002647  0.859  0.115  0.223  S  d0
  3134    979.375  -0.009181  +0.009411  0.859  0.115  0.223  S  d0
  3135    979.688  -0.016158  +0.014627  0.875  0.115  0.223  S  d0
  3136    980.000  -0.006961  +0.008636  0.891  0.115  0.223  S  d0
  3137    980.312  -0.002555  +0.007746  0.891  0.115  0.223  S  d0
  3138    980.625  +0.001482  +0.014677  0.906  0.087  0.223  S  d0
  3139    980.938  +0.005310  +0.007335  0.906  0.087  0.223  S  d0
  3140    981.250  +0.004859  +0.007662  0.906  0.087  0.223  S  d0
  3141    981.562  +0.004660  +0.007875  0.906  0.087  0.223  S  d0
  3142    981.875  +0.008237  +0.006946  0.922  0.087  0.223  S  d0
  3143    982.188  +0.013084  -0.000218  0.922  0.087  0.223  S  d0
  3144    982.500  +0.013841  -0.004634  0.938  0.087  0.176  S  d0
  3145    982.812  +0.007773  -0.004223  0.953  0.087  0.176  S  d0
  3146    983.125  +0.011762  -0.005331  0.953  0.087  0.176  S  d0
  3147    983.438  +0.005572  -0.007283  0.953  0.087  0.176  S  d0
  3148    983.750  +0.003775  -0.007533  0.969  0.087  0.176  S  d0
  3149    984.062  +0.000828  -0.011050  0.969  0.087  0.176  S  d0
  3150    984.375  -0.000927  -0.011111  0.969  0.063  0.176  S  d0
  3151    984.688  -0.007514  -0.009345  0.969  0.063  0.176  S  d0
  3152    985.000  -0.008105  -0.005880  0.969  0.063  0.176  S  d0
  3153    985.312  -0.008012  -0.008074  0.969  0.063  0.176  S  d0
  3154    985.625  -0.007961  -0.001145  0.969  0.063  0.176  S  d0
  3155    985.938  -0.007946  +0.000903  0.984  0.063  0.176  S  d0
  3156    986.250  -0.011912  -0.000949  1.000  0.063  0.176  S  d0
  3157    986.562  -0.008914  +0.003517  1.000  0.063  0.176  S  d0
  3158    986.875  -0.007122  +0.003239  1.000  0.063  0.176  S  d0
  3159    987.188  -0.006010  +0.009757  1.000  0.063  0.176  S  d0
  3160    987.500  -0.002153  +0.010151  1.000  0.063  0.112  S  d0
  3161    987.812  +0.000434  +0.011361  1.000  0.063  0.112  S  d0
  3162    988.125  +0.002392  +0.011498  1.000  0.018  0.112  S  d0
  3163    988.438  +0.003796  +0.010102  1.000  0.018  0.112  S  d0
  3164    988.750  +0.006971  +0.006094  1.000  0.018  0.112  S  d0
  3165    989.062  +0.004989  +0.004340  1.000  0.018  0.112  S  d0
  3166    989.375  +0.011751  +0.000394  1.000  0.018  0.112  S  d0
  3167    989.688  +0.009523  -0.000020  1.000  0.018  0.112  S  d0
  3168    990.000  +0.010548  -0.000028  1.000  0.018  0.112  S  d0
  3169    990.312  +0.008524  -0.007268  1.000  0.018  0.112  S  d0
  3170    990.625  +0.007089  -0.007623  1.000  0.018  0.112  S  d0
  3171    990.938  +0.001998  -0.008797  1.000  0.018  0.112  S  d0
  3172    991.250  +0.002641  -0.006597  1.000  0.018  0.112  S  d0
  3173    991.562  +0.001622  -0.006472  1.000  0.018  0.112  S  d0
  3174    991.875  -0.002652  -0.006559  1.000  0.000  0.112  S  d0
  3175    992.188  -0.005858  -0.011831  1.000  0.000  0.112  S  d0
  3176    992.500  -0.009367  -0.009291  1.000  0.000  0.500  S  d0
  3177    992.812  -0.005862  -0.005453  1.000  0.000  0.500  S  d0
  3178    993.125  -0.005612  -0.000238  1.000  0.000  0.500  S  d0
  3179    993.438  -0.007234  +0.002176  0.984  0.000  0.500  S  d0
  3180    993.750  -0.007093  -0.000656  0.984  0.000  0.500  S  d0
  3181    994.062  -0.008908  +0.003799  0.984  0.000  0.500  S  d0
  3182    994.375  -0.007235  +0.006033  0.984  0.000  0.500  S  d0
  3183    994.688  -0.008117  +0.008414  0.984  0.000  0.500  S  d0
  3184    995.000  -0.004460  +0.007432  0.984  0.000  0.500  S  d0
  3185    995.312  -0.001469  +0.010714  0.984  0.000  0.500  S  d0
  3186    995.625  +0.003226  +0.007444  0.984  0.000  0.500  S  d0
  3187    995.938  +0.004839  +0.006008  0.984  0.000  0.500  S  d0
  3188    996.250  +0.005186  +0.010288  0.984  0.000  0.500  S  d0
  3189    996.562  +0.007758  +0.006196  0.984  0.000  0.500  S  d0
  3190    996.875  +0.006026  +0.004540  0.984  0.000  0.500  S  d0
  3191    997.188  +0.011172  +0.000571  0.984  0.000  0.500  S  d0
  3192    997.500  +0.009938  -0.002504  0.984  0.000  0.500  S  d0
  3193    997.812  +0.009788  -0.005758  0.984  0.000  0.500  S  d0
  3194    998.125  +0.008451  -0.007919  0.984  0.000  0.500  S  d0
  3195    998.438  +0.006560  -0.007146  0.984  0.000  0.500  S  d0
  3196    998.750  +0.002194  -0.008464  0.984  0.000  0.500  S  d0
  3197    999.062  +0.001013  -0.007057  0.984  0.000  0.500  S  d0
  3198    999.375  -0.004731  -0.010809  0.984  0.000  0.500  S  d0
  3199    999.688  -0.004769  -0.008128  0.984  0.000  0.500  S  d0
  3200   1000.000  -0.005344  -0.010281  0.984  0.000  0.500  S  d0
  3201   1000.312  -0.010637  -0.004034  0.984  0.000  0.500  S  d0
  3202   1000.625  -0.009434  -0.002878  0.984  0.000  0.500  S  d0
  3203   1000.938  -0.007896  +0.002896  0.984  0.000  0.500  S  d0
  3204   1001.250  -0.005823  -0.001154  0.984  0.000  0.500  S  d0
  3205   1001.562  -0.008525  +0.004297  0.984  0.000  0.500  S  d0
  3206   1001.875  -0.003989  +0.007837  0.984  0.000  0.500  S  d0
  3207   1002.188  -0.007519  +0.008108  0.984  0.000  0.500  S  d0
  3208   1002.500  -0.002990  +0.011801  0.984  0.000  0.500  S  d0
  3209   1002.812  -0.002059  +0.006887  0.984  0.000  0.500  S  d0
  3210   1003.125  +0.000043  +0.009057  0.984  0.000  0.500  S  d3
  3211   1003.438  +0.005704  +0.004152  0.984  0.000  0.500  S  d0
  3212   1003.750  +0.002353  +0.006353  0.984  0.000  0.500  S  d0
  3213   1004.062  +0.007909  +0.005470  0.984  0.000  0.500  S  d0
  3214   1004.375  +0.009056  +0.003301  0.984  0.000  0.500  S  d0
  3215   1004.688  +0.010995  +0.003232  0.984  0.000  0.500  S  d0
  3216   1005.000  +0.009237  +0.000451  0.984  0.000  0.500  S  d0
  3217   1005.312  +0.009591  -0.003693  0.984  0.000  0.500  S  d0
  3218   1005.625  +0.008027  -0.005732  0.984  0.000  0.500  S  d0
  3219   1005.938  +0.007647  -0.007970  0.984  0.000  0.500  S  d0
  3220   1006.250  +0.000884  -0.008711  0.984  0.000  0.500  S  d0
  3221   1006.562  -0.000213  -0.010135  0.984  0.000  0.500  S  d0
  3222   1006.875  -0.001076  -0.010885  0.984  0.000  0.500  S  d0
  3223   1007.188  -0.004065  -0.008871  0.984  0.000  0.500  S  d0
  3224   1007.500  -0.006366  -0.006436  0.984  0.000  0.500  S  d0
  3225   1007.812  -0.009446  -0.004090  0.984  0.000  0.500  S  d0
  3226   1008.125  -0.010151  -0.003500  0.984  0.000  0.500  S  d0
  3227   1008.438  -0.009484  -0.001947  0.984  0.000  0.500  S  d0
  3228   1008.750  -0.008286  +0.002064  0.984  0.000  0.500  S  d0
  3229   1009.062  -0.005259  +0.001495  0.984  0.000  0.500  S  d0
  3230   1009.375  -0.005399  +0.008741  0.984  0.000  0.500  S  d0
  3231   1009.688  -0.003300  +0.007013  0.984  0.000  0.500  S  d0
  3232   1010.000  -0.005483  +0.007926  0.984  0.000  0.500  S  d0
  3233   1010.312  -0.003161  +0.012077  0.984  0.000  0.500  S  d0
  3234   1010.625  +0.002923  +0.008407  0.984  0.000  0.500  S  d0
  3235   1010.938  +0.004139  +0.009691  0.984  0.000  0.500  S  d0
  3236   1011.250  +0.004733  +0.003758  0.984  0.000  0.500  S  d0
  3237   1011.562  +0.004149  +0.005110  0.984  0.000  0.500  S  d0
  3238   1011.875  +0.007548  +0.003593  0.984  0.000  0.500  S  d0
  3239   1012.188  +0.009525  +0.002302  0.984  0.000  0.500  S  d0
  3240   1012.500  +0.011053  -0.001532  0.984  0.000  0.500  S  d0
  3241   1012.812  +0.007974  -0.005154  0.984  0.000  0.500  S  d0
  3242   1013.125  +0.010959  -0.003738  0.984  0.000  0.500  S  d0
  3243   1013.438  +0.004646  -0.007038  1.000  0.000  0.500  S  d0
  3244   1013.750  +0.003127  -0.005954  1.000  0.000  0.500  S  d0
  3245   1014.062  +0.001416  -0.009556  1.000  0.000  0.500  S  d0
  3246   1014.375  -0.001685  -0.009691  1.000  0.000  0.500  S  d0
  3247   1014.688  -0.003298  -0.011407  1.000  0.000  0.500  S  d0
  3248   1015.000  -0.005257  -0.007718  1.000  0.000  0.500  S  d0
  3249   1015.312  -0.007349  -0.006110  1.000  0.000  0.500  S  d0
  3250   1015.625  -0.008915  -0.003994  1.000  0.000  0.500  S  d0
  3251   1015.938  -0.011375  -0.001206  1.000  0.000  0.500  S  d0
  3252   1016.250  -0.008898  -0.000827  1.000  0.000  0.500  S  d0
  3253   1016.562  -0.009718  +0.004437  1.000  0.000  0.500  S  d0
  3254   1016.875  -0.008391  +0.007636  1.000  0.000  0.500  S  d0
  3255   1017.188  -0.005602  +0.008316  0.984  0.000  0.500  S  d0
  3256   1017.500  -0.002320  +0.010151  0.984  0.000  0.086  S  d0
  3257   1017.812  -0.000311  +0.010927  0.984  0.000  0.086  S  d0
  3258   1018.125  +0.001966  +0.010187  0.984  0.000  0.086  S  d0
  3259   1018.438  +0.002892  +0.008772  0.984  0.000  0.086  S  d0
  3260   1018.750  +0.005841  +0.006168  0.984  0.000  0.086  S  d0
  3261   1019.062  +0.004673  +0.003859  0.984  0.000  0.086  S  d0
  3262   1019.375  +0.010709  +0.001233  0.984  0.000  0.086  S  d0
  3263   1019.688  +0.008527  +0.000065  0.984  0.000  0.086  S  d0
  3264   1020.000  +0.010444  +0.000275  0.984  0.000  0.086  S  d0
  3265   1020.312  +0.012898  -0.003448  0.984  0.000  0.086  S  d0
  3266   1020.625  +0.007735  -0.006572  0.984  0.000  0.086  S  d0
  3267   1020.938  +0.001353  -0.007801  0.984  0.000  0.086  S  d0
  3268   1021.250  +0.001949  -0.006085  0.984  0.000  0.086  S  d0
  3269   1021.562  +0.003828  -0.005791  0.984  0.000  0.086  S  d0
  3270   1021.875  +0.002745  -0.008878  0.984  0.051  0.086  S  d0
  3271   1022.188  -0.005477  -0.010457  0.984  0.051  0.086  S  d0
  3272   1022.500  -0.007678  -0.010087  0.984  0.051  0.500  S  d0
  3273   1022.812  -0.009988  -0.002658  0.969  0.051  0.500  S  d0
  3274   1023.125  -0.009817  -0.006451  0.969  0.051  0.500  S  d0
  3275   1023.438  -0.006704  -0.002725  0.969  0.051  0.500  S  d0
  3276   1023.750  -0.006576  +0.000474  0.969  0.051  0.500  S  d0
  3277   1024.062  -0.008298  +0.003849  0.969  0.051  0.500  S  d0
  3278   1024.375  -0.007600  +0.006049  0.969  0.051  0.500  S  d0
  3279   1024.688  -0.008225  +0.008384  0.969  0.051  0.500  S  d0
  3280   1025.000  -0.004269  +0.008151  0.969  0.051  0.500  S  d0
  3281   1025.312  -0.002784  +0.011799  0.969  0.051  0.500  S  d0
  3282   1025.625  +0.002272  +0.007395  0.969  0.062  0.500  S  d0
  3283   1025.938  +0.003071  +0.007131  0.969  0.062  0.500  S  d0
  3284   1026.250  +0.008222  +0.007849  0.969  0.062  0.500  S  d0
  3285   1026.562  +0.007981  +0.005279  0.969  0.062  0.500  S  d0
  3286   1026.875  +0.004407  +0.005098  0.969  0.062  0.500  S  d3
  3287   1027.188  +0.010836  +0.000448  0.969  0.062  0.500  S  d0
  3288   1027.500  +0.009586  -0.001724  0.969  0.062  0.500  S  d0
  3289   1027.812  +0.010973  +0.000656  0.969  0.062  0.500  S  d0
  3290   1028.125  +0.008503  -0.006826  0.953  0.062  0.500  S  d0
  3291   1028.438  +0.006699  -0.006902  0.953  0.062  0.500  S  d0
  3292   1028.750  +0.002723  -0.009131  0.953  0.062  0.500  S  d0
  3293   1029.062  +0.001661  -0.007335  0.953  0.062  0.500  S  d0
  3294   1029.375  -0.004441  -0.011345  0.953  0.047  0.500  S  d0
  3295   1029.688  -0.004453  -0.008906  0.953  0.047  0.500  S  d0
  3296   1030.000  -0.004435  -0.010152  0.953  0.047  0.500  S  d0
  3297   1030.312  -0.009471  -0.005363  0.953  0.047  0.500  S  d0
  3298   1030.625  -0.009674  -0.003657  0.953  0.047  0.500  S  d0
  3299   1030.938  -0.007798  -0.000063  0.953  0.047  0.500  S  d0
  3300   1031.250  -0.006858  +0.002582  0.953  0.047  0.500  S  d0
  3301   1031.562  -0.006739  +0.004162  0.953  0.047  0.500  S  d0
  3302   1031.875  -0.004519  +0.003559  0.953  0.047  0.500  S  d0
  3303   1032.188  -0.008893  +0.004933  0.953  0.047  0.500  S  d0
  3304   1032.500  -0.005784  +0.007768  0.953  0.047  0.120  S  d3
  3305   1032.812  +0.003428  +0.010489  0.953  0.047  0.120  S  d0
  3306   1033.125  -0.000553  +0.011178  0.953  0.061  0.120  S  d0
  3307   1033.438  +0.001113  +0.007624  0.953  0.061  0.120  S  d0
  3308   1033.750  +0.004022  +0.004946  0.953  0.061  0.120  S  d0
  3309   1034.062  +0.008135  +0.006276  0.953  0.061  0.120  S  d0
  3310   1034.375  +0.008856  +0.003369  0.953  0.061  0.120  S  d0
  3311   1034.688  +0.005869  +0.005299  0.953  0.061  0.120  S  d0
  3312   1035.000  +0.009597  +0.000792  0.953  0.061  0.120  S  d0
  3313   1035.312  +0.011473  -0.003506  0.953  0.061  0.120  S  d0
  3314   1035.625  +0.005887  -0.004705  0.953  0.061  0.120  S  d0
  3315   1035.938  +0.003808  -0.007462  0.953  0.061  0.120  S  d0
  3316   1036.250  +0.007493  -0.007836  0.953  0.061  0.120  S  d0
  3317   1036.562  +0.002040  -0.010516  0.953  0.061  0.120  S  d0
  3318   1036.875  -0.001597  -0.012260  0.953  0.060  0.120  S  d0
  3319   1037.188  -0.003536  -0.008528  0.969  0.060  0.120  S  d0
  3320   1037.500  -0.007290  -0.008781  0.969  0.060  0.120  S  d0
  3321   1037.812  -0.003361  -0.005918  0.969  0.060  0.120  S  d3
  3322   1038.125  -0.008142  -0.001972  0.969  0.060  0.120  S  d0
  3323   1038.438  -0.010587  -0.003452  0.969  0.060  0.120  S  d0
  3324   1038.750  -0.008484  +0.001580  0.969  0.060  0.120  S  d0
  3325   1039.062  -0.007010  +0.001819  0.969  0.060  0.120  S  d0
  3326   1039.375  -0.007557  +0.008874  0.969  0.060  0.120  S  d0
  3327   1039.688  -0.005025  +0.007413  0.969  0.060  0.120  S  d0
  3328   1040.000  -0.006774  +0.008375  0.969  0.060  0.120  S  d0
  3329   1040.312  -0.004459  +0.012230  0.953  0.060  0.120  S  d0
  3330   1040.625  +0.002430  +0.008278  0.953  0.062  0.120  S  d0
  3331   1040.938  +0.005866  +0.005134  0.953  0.062  0.120  S  d0
  3332   1041.250  +0.004687  +0.003949  0.938  0.062  0.120  S  d0
  3333   1041.562  +0.003321  +0.006070  0.938  0.062  0.120  S  d0
  3334   1041.875  +0.007550  +0.005088  0.938  0.062  0.120  S  d0
  3335   1042.188  +0.008803  +0.003782  0.938  0.062  0.120  S  d0
  3336   1042.500  +0.011153  -0.000581  0.938  0.062  0.155  S  d0
  3337   1042.812  +0.008063  -0.004588  0.953  0.062  0.155  S  d0
  3338   1043.125  +0.010902  -0.002923  0.953  0.062  0.155  S  d0
  3339   1043.438  +0.005790  -0.006185  0.953  0.062  0.155  S  d0
  3340   1043.750  +0.003476  -0.005452  0.953  0.062  0.155  S  d0
  3341   1044.062  +0.002086  -0.009794  0.953  0.062  0.155  S  d0
  3342   1044.375  -0.001519  -0.009047  0.953  0.052  0.155  S  d0
  3343   1044.688  -0.002037  -0.011156  0.953  0.052  0.155  S  d0
  3344   1045.000  -0.004648  -0.008449  0.953  0.052  0.155  S  d0
  3345   1045.312  -0.007449  -0.006482  0.953  0.052  0.155  S  d0
  3346   1045.625  -0.009297  -0.003766  0.953  0.052  0.155  S  d0
  3347   1045.938  -0.010840  -0.002390  0.953  0.052  0.155  S  d0
  3348   1046.250  -0.009967  -0.000862  0.953  0.052  0.155  S  d0
  3349   1046.562  -0.009508  +0.002808  0.953  0.052  0.155  S  d0
  3350   1046.875  -0.005963  +0.002880  0.953  0.052  0.155  S  d0
  3351   1047.188  -0.006421  +0.008998  0.953  0.052  0.155  S  d0
  3352   1047.500  -0.002758  +0.010013  0.953  0.052  0.137  S  d0
  3353   1047.812  -0.000898  +0.010792  0.953  0.052  0.137  S  d0
  3354   1048.125  +0.002234  +0.010856  0.969  0.047  0.137  S  d0
  3355   1048.438  +0.002096  +0.009654  0.969  0.047  0.137  S  d0
  3356   1048.750  +0.006305  +0.006340  0.969  0.047  0.137  S  d0
  3357   1049.062  +0.003522  +0.004816  0.969  0.047  0.137  S  d0
  3358   1049.375  +0.007212  +0.005438  0.969  0.047  0.137  S  d0
  3359   1049.688  +0.009344  -0.001056  0.969  0.047  0.137  S  d0
  3360   1050.000  +0.010219  +0.000735  0.969  0.047  0.137  S  d3
  3361   1050.312  +0.008021  -0.007389  0.953  0.047  0.137  S  d0
  3362   1050.625  +0.006690  -0.003886  0.953  0.047  0.137  S  d0
  3363   1050.938  +0.009370  -0.004592  0.953  0.047  0.137  S  d3
  3364   1051.250  +0.000667  -0.007417  0.938  0.047  0.137  S  d0
  3365   1051.562  +0.003526  -0.006068  0.938  0.047  0.137  S  d0
  3366   1051.875  +0.000443  -0.009744  0.938  0.032  0.137  S  d0
  3367   1052.188  -0.001213  -0.009547  0.938  0.032  0.137  S  d0
  3368   1052.500  -0.006777  -0.009525  0.938  0.032  0.129  S  d0
  3369   1052.812  -0.007536  -0.004711  0.938  0.032  0.129  S  d0
  3370   1053.125  -0.007977  -0.007737  0.938  0.032  0.129  S  d0
  3371   1053.438  -0.008333  -0.002197  0.938  0.032  0.129  S  d0
  3372   1053.750  -0.006704  +0.000055  0.938  0.032  0.129  S  d0
  3373   1054.062  -0.009750  +0.003445  0.938  0.032  0.129  S  d0
  3374   1054.375  -0.008485  +0.005396  0.938  0.032  0.129  S  d0
  3375   1054.688  -0.008840  +0.008601  0.938  0.032  0.129  S  d0
  3376   1055.000  -0.004831  +0.008360  0.938  0.032  0.129  S  d0
  3377   1055.312  -0.002900  +0.010774  0.938  0.032  0.129  S  d0
  3378   1055.625  +0.002053  +0.007513  0.938  0.017  0.129  S  d0
  3379   1055.938  +0.004784  +0.006282  0.938  0.017  0.129  S  d0
  3380   1056.250  +0.003729  +0.010186  0.938  0.017  0.129  S  d0
  3381   1056.562  +0.007379  +0.006459  0.938  0.017  0.129  S  d0
  3382   1056.875  +0.005641  +0.004574  0.938  0.017  0.129  S  d0
  3383   1057.188  +0.010690  +0.000678  0.938  0.017  0.129  S  d0
  3384   1057.500  +0.009933  -0.001602  0.938  0.017  0.112  S  d0
  3385   1057.812  +0.011076  +0.000574  0.938  0.017  0.112  S  d0
  3386   1058.125  +0.009043  -0.007179  0.938  0.017  0.112  S  d0
  3387   1058.438  +0.006888  -0.007458  0.938  0.017  0.112  S  d0
  3388   1058.750  +0.003605  -0.008356  0.938  0.017  0.112  S  d0
  3389   1059.062  +0.001646  -0.005960  0.938  0.017  0.112  S  d0
  3390   1059.375  -0.003370  -0.010909  0.938  0.016  0.112  S  d0
  3391   1059.688  -0.004401  -0.007621  0.922  0.016  0.112  S  d0
  3392   1060.000  -0.003387  -0.009429  0.922  0.016  0.112  S  d3
  3393   1060.312  -0.010247  -0.003338  0.938  0.016  0.112  S  d0
  3394   1060.625  -0.006916  -0.004850  0.938  0.016  0.112  S  d0
  3395   1060.938  -0.008568  -0.006102  0.938  0.016  0.112  S  d3
  3396   1061.250  -0.006947  +0.002017  0.953  0.016  0.112  S  d0
  3397   1061.562  -0.006729  +0.000010  0.953  0.016  0.112  S  d0
  3398   1061.875  -0.009115  +0.002262  0.953  0.016  0.112  S  d0
  3399   1062.188  -0.006769  +0.009944  0.953  0.016  0.112  S  d0
  3400   1062.500  -0.004691  +0.013197  0.953  0.016  0.112  S  d0
  3401   1062.812  -0.000065  +0.007201  0.953  0.016  0.112  S  d0
  3402   1063.125  +0.000439  +0.006210  0.953  0.025  0.112  S  d0
  3403   1063.438  +0.001280  +0.008934  0.953  0.025  0.112  S  d0
  3404   1063.750  +0.002968  +0.010831  0.953  0.025  0.112  S  d0
  3405   1064.062  +0.006679  +0.005847  0.953  0.025  0.112  S  d0
  3406   1064.375  +0.008830  +0.004252  0.953  0.025  0.112  S  d0
  3407   1064.688  +0.010951  +0.003568  0.953  0.025  0.112  S  d0
  3408   1065.000  +0.009084  +0.000314  0.953  0.025  0.112  S  d0
  3409   1065.312  +0.009523  -0.003533  0.953  0.025  0.112  S  d0
  3410   1065.625  +0.008104  -0.005845  0.953  0.025  0.112  S  d0
  3411   1065.938  +0.008588  -0.007999  0.953  0.025  0.112  S  d0
  3412   1066.250  +0.000674  -0.009829  0.953  0.025  0.112  S  d0
  3413   1066.562  +0.001035  -0.009373  0.953  0.025  0.112  S  d0
  3414   1066.875  +0.001403  -0.005895  0.953  0.041  0.112  S  d0
  3415   1067.188  -0.004810  -0.009404  0.953  0.041  0.112  S  d0
  3416   1067.500  -0.005913  -0.007280  0.953  0.041  0.086  S  d0
  3417   1067.812  -0.004816  -0.009585  0.953  0.041  0.086  S  d0
  3418   1068.125  -0.009471  -0.004045  0.953  0.041  0.086  S  d0
  3419   1068.438  -0.009083  -0.002194  0.953  0.041  0.086  S  d0
  3420   1068.750  -0.008226  +0.002392  0.953  0.041  0.086  S  d0
  3421   1069.062  -0.005979  +0.000725  0.953  0.041  0.086  S  d0
  3422   1069.375  -0.007780  +0.003208  0.953  0.041  0.086  S  d3
  3423   1069.688  -0.003469  +0.008980  0.953  0.041  0.086  S  d0
  3424   1070.000  -0.005422  +0.007715  0.953  0.041  0.086  S  d0
  3425   1070.312  -0.003018  +0.013595  0.969  0.041  0.086  S  d0
  3426   1070.625  +0.000927  +0.007059  0.969  0.000  0.086  S  d0
  3427   1070.938  +0.000592  +0.006175  0.969  0.000  0.086  S  d0
  3428   1071.250  +0.002027  +0.008894  0.984  0.000  0.086  S  d0
  3429   1071.562  +0.004054  +0.005226  0.984  0.000  0.086  S  d0
  3430   1071.875  +0.007564  +0.005207  0.984  0.000  0.086  S  d0
  3431   1072.188  +0.009653  +0.003562  0.984  0.000  0.086  S  d0
  3432   1072.500  +0.010565  -0.000421  0.984  0.000  0.500  S  d0
  3433   1072.812  +0.008094  -0.004661  0.984  0.000  0.500  S  d0
  3434   1073.125  +0.009564  -0.002365  0.984  0.000  0.500  S  d0
  3435   1073.438  +0.006218  -0.006420  0.984  0.000  0.500  S  d0
  3436   1073.750  +0.006833  -0.009299  0.984  0.000  0.500  S  d0
  3437   1074.062  +0.004860  -0.008233  0.984  0.000  0.500  S  d0
  3438   1074.375  +0.001126  -0.008984  0.984  0.011  0.500  S  d0
  3439   1074.688  -0.004440  -0.011836  0.984  0.011  0.500  S  d0
  3440   1075.000  -0.004424  -0.008398  0.984  0.011  0.500  S  d0
  3441   1075.312  -0.008177  -0.007201  0.984  0.011  0.500  S  d0
  3442   1075.625  -0.009470  -0.004590  0.984  0.011  0.500  S  d0
  3443   1075.938  -0.011889  -0.002715  0.984  0.011  0.500  S  d0
  3444   1076.250  -0.009365  +0.003772  0.984  0.011  0.500  S  d0
  3445   1076.562  -0.008945  +0.004358  0.984  0.011  0.500  S  d0
  3446   1076.875  -0.006410  +0.001390  0.984  0.011  0.500  S  d0
  3447   1077.188  -0.006062  +0.008801  0.984  0.011  0.500  S  d0
  3448   1077.500  -0.003383  +0.009016  0.984  0.011  0.052  S  d0
  3449   1077.812  -0.005355  +0.009022  0.984  0.011  0.052  S  d0
  3450   1078.125  +0.001246  +0.010293  0.984  0.011  0.052  S  d0
  3451   1078.438  +0.003424  +0.009227  0.984  0.011  0.052  S  d0
  3452   1078.750  +0.005343  +0.006048  0.984  0.011  0.052  S  d0
  3453   1079.062  +0.004992  +0.003815  0.984  0.011  0.052  S  d0
  3454   1079.375  +0.011054  +0.001565  0.984  0.011  0.052  S  d0
  3455   1079.688  +0.011547  +0.005785  1.000  0.011  0.052  S  d0
  3456   1080.000  +0.005699  -0.000300  1.000  0.011  0.052  S  d0
  3457   1080.312  +0.011778  -0.004764  1.000  0.011  0.052  S  d0
  3458   1080.625  +0.008732  -0.003164  1.000  0.011  0.052  S  d0
  3459   1080.938  +0.003323  -0.004587  1.000  0.011  0.052  S  d0
  3460   1081.250  +0.002467  -0.006689  1.000  0.011  0.052  S  d0
  3461   1081.562  +0.001807  -0.009240  1.000  0.011  0.052  S  d0
  3462   1081.875  -0.000770  -0.011009  1.000  0.018  0.052  S  d0
  3463   1082.188  +0.000435  -0.008520  1.000  0.018  0.052  S  d0
  3464   1082.500  -0.006140  -0.009090  1.000  0.018  0.500  S  d0
  3465   1082.812  -0.007832  -0.003805  1.000  0.018  0.500  S  d0
  3466   1083.125  -0.007569  -0.006903  1.000  0.018  0.500  S  d0
  3467   1083.438  -0.007681  -0.001738  1.000  0.018  0.500  S  d0
  3468   1083.750  -0.006569  +0.002248  1.000  0.018  0.500  S  d0
  3469   1084.062  -0.010691  +0.000184  1.000  0.018  0.500  S  d0
  3470   1084.375  -0.008987  +0.003826  1.000  0.018  0.500  S  d0
  3471   1084.688  -0.006354  +0.003785  1.000  0.018  0.500  S  d0
  3472   1085.000  -0.005074  +0.008337  1.000  0.018  0.500  S  d0
  3473   1085.312  -0.001544  +0.010734  1.000  0.018  0.500  S  d0
  3474   1085.625  +0.000469  +0.010117  1.000  0.019  0.500  S  d0
  3475   1085.938  +0.003496  +0.011241  1.000  0.019  0.500  S  d0
  3476   1086.250  +0.003617  +0.009213  1.000  0.019  0.500  S  d0
  3477   1086.562  +0.007044  +0.005965  1.000  0.019  0.500  S  d0
  3478   1086.875  +0.004408  +0.003612  1.000  0.019  0.500  S  d0
  3479   1087.188  +0.010119  +0.001002  1.000  0.019  0.500  S  d0
  3480   1087.500  +0.008964  -0.002540  1.000  0.019  0.500  S  d0
  3481   1087.812  +0.009035  -0.000976  1.000  0.019  0.500  S  d0
  3482   1088.125  +0.013055  -0.005876  1.000  0.019  0.500  S  d0
  3483   1088.438  +0.007732  -0.007757  1.000  0.019  0.500  S  d0
  3484   1088.750  +0.001062  -0.009320  1.000  0.019  0.500  S  d0
  3485   1089.062  +0.001384  -0.006689  1.000  0.019  0.500  S  d0
  3486   1089.375  +0.002111  -0.007668  1.000  0.025  0.500  S  d0
  3487   1089.688  -0.002007  -0.005868  1.000  0.025  0.500  S  d0
  3488   1090.000  -0.005525  -0.009159  0.984  0.025  0.500  S  d0
  3489   1090.312  -0.010954  -0.003751  0.984  0.025  0.500  S  d0
  3490   1090.625  -0.007697  -0.004075  0.984  0.025  0.500  S  d0
  3491   1090.938  -0.009311  -0.006995  0.984  0.025  0.500  S  d0
  3492   1091.250  -0.008547  -0.002048  0.984  0.025  0.500  S  d0
  3493   1091.562  -0.006584  +0.000844  0.984  0.025  0.500  S  d0
  3494   1091.875  -0.008181  +0.004451  0.984  0.025  0.500  S  d0
  3495   1092.188  -0.007681  +0.006815  0.984  0.025  0.500  S  d0
  3496   1092.500  -0.005019  +0.010000  0.984  0.025  0.500  S  d0
  3497   1092.812  +0.000183  +0.009476  0.984  0.025  0.500  S  d0
  3498   1093.125  -0.002399  +0.011735  0.984  0.052  0.500  S  d0
  3499   1093.438  +0.002690  +0.008641  0.984  0.052  0.500  S  d0
  3500   1093.750  +0.004023  +0.005887  0.984  0.052  0.500  S  d0
  3501   1094.062  +0.008491  +0.006785  0.984  0.052  0.500  S  d0
  3502   1094.375  +0.009519  +0.003797  0.984  0.052  0.500  S  d0
  3503   1094.688  +0.005591  +0.005241  0.984  0.052  0.500  S  d0
  3504   1095.000  +0.008996  +0.000241  0.984  0.052  0.500  S  d0
  3505   1095.312  +0.010204  -0.003331  0.984  0.052  0.500  S  d0
  3506   1095.625  +0.008475  -0.005484  0.984  0.052  0.500  S  d0
  3507   1095.938  +0.007520  -0.008577  0.984  0.052  0.500  S  d0
  3508   1096.250  +0.006331  -0.007788  0.984  0.052  0.500  S  d0
  3509   1096.562  +0.002018  -0.009011  0.984  0.052  0.500  S  d0
  3510   1096.875  +0.000518  -0.006700  0.984  0.095  0.500  S  d0
  3511   1097.188  -0.004488  -0.009934  0.984  0.095  0.500  S  d0
  3512   1097.500  -0.006239  -0.007496  0.984  0.095  0.500  S  d0
  3513   1097.812  -0.004789  -0.009448  0.984  0.095  0.500  S  d0
  3514   1098.125  -0.010426  -0.003880  0.984  0.095  0.500  S  d0
  3515   1098.438  -0.010211  -0.002038  0.984  0.095  0.500  S  d0
  3516   1098.750  -0.008288  +0.001016  0.984  0.095  0.500  S  d0
  3517   1099.062  -0.006420  +0.004082  0.984  0.095  0.500  S  d0
  3518   1099.375  -0.006095  +0.006349  0.984  0.095  0.500  S  d0
  3519   1099.688  -0.009769  +0.001561  0.969  0.095  0.500  S  d3
  3520   1100.000  -0.006293  +0.009822  0.969  0.095  0.500  S  d0
  3521   1100.312  +0.002308  +0.011204  0.969  0.095  0.500  S  d0
  3522   1100.625  -0.000954  +0.008986  0.969  0.077  0.500  S  d0
  3523   1100.938  +0.001245  +0.004698  0.969  0.077  0.500  S  d0
  3524   1101.250  +0.006115  +0.005025  0.969  0.077  0.500  S  d0
  3525   1101.562  +0.003156  +0.005998  0.969  0.077  0.500  S  d0
  3526   1101.875  +0.007489  +0.006271  0.969  0.077  0.500  S  d0
  3527   1102.188  +0.008382  +0.003072  0.969  0.077  0.500  S  d0
  3528   1102.500  +0.011014  +0.002801  0.969  0.077  0.103  S  d0
  3529   1102.812  +0.009479  -0.000152  0.969  0.077  0.103  S  d0
  3530   1103.125  +0.009723  -0.003091  0.969  0.077  0.103  S  d0
  3531   1103.438  +0.006526  -0.006274  0.969  0.077  0.103  S  d0
  3532   1103.750  +0.006885  -0.008938  0.969  0.077  0.103  S  d0
  3533   1104.062  +0.001011  -0.008990  0.969  0.077  0.103  S  d0
  3534   1104.375  -0.001161  -0.009846  0.969  0.054  0.103  S  d0
  3535   1104.688  -0.003121  -0.011157  0.969  0.054  0.103  S  d0
  3536   1105.000  -0.004395  -0.008405  0.969  0.054  0.103  S  d0
  3537   1105.312  -0.008143  -0.005413  0.969  0.054  0.103  S  d0
  3538   1105.625  -0.006308  -0.007761  0.969  0.054  0.103  S  d0
  3539   1105.938  -0.010858  -0.002937  0.969  0.054  0.103  S  d0
  3540   1106.250  -0.010559  -0.000235  0.969  0.054  0.103  S  d0
  3541   1106.562  -0.009451  +0.003054  0.969  0.054  0.103  S  d0
  3542   1106.875  -0.006099  +0.003734  0.969  0.054  0.103  S  d0
  3543   1107.188  -0.006118  +0.009120  0.969  0.054  0.103  S  d0
  3544   1107.500  -0.002881  +0.009731  0.969  0.054  0.103  S  d0
  3545   1107.812  -0.005366  +0.008943  0.969  0.054  0.103  S  d0
  3546   1108.125  +0.002491  +0.010674  0.969  0.048  0.103  S  d0
  3547   1108.438  +0.003415  +0.008894  0.969  0.048  0.103  S  d0
  3548   1108.750  +0.006608  +0.005977  0.953  0.048  0.103  S  d0
  3549   1109.062  +0.005398  +0.004612  0.953  0.048  0.103  S  d0
  3550   1109.375  +0.005635  +0.006204  0.953  0.048  0.103  S  d3
  3551   1109.688  +0.006312  -0.000213  0.953  0.048  0.103  S  d0
  3552   1110.000  +0.009981  +0.002417  0.969  0.048  0.103  S  d0
  3553   1110.312  +0.011177  -0.000618  0.969  0.048  0.103  S  d0
  3554   1110.625  +0.007243  -0.005719  0.969  0.048  0.103  S  d0
  3555   1110.938  +0.009954  -0.004532  0.969  0.048  0.103  S  d0
  3556   1111.250  +0.005644  -0.007174  0.953  0.048  0.103  S  d0
  3557   1111.562  +0.001314  -0.006050  0.953  0.048  0.103  S  d0
  3558   1111.875  +0.000068  -0.010864  0.953  0.059  0.103  S  d0
  3559   1112.188  -0.004005  -0.010172  0.953  0.059  0.103  S  d0
  3560   1112.500  -0.005951  -0.012614  0.953  0.059  0.120  S  d0
  3561   1112.812  -0.007677  -0.008922  0.953  0.059  0.120  S  d0
  3562   1113.125  -0.010906  -0.007551  0.953  0.059  0.120  S  d0
  3563   1113.438  -0.010839  -0.002558  0.953  0.059  0.120  S  d0
  3564   1113.750  -0.010476  +0.000828  0.953  0.059  0.120  S  d0
  3565   1114.062  -0.011328  +0.003724  0.953  0.059  0.120  S  d0
  3566   1114.375  -0.009394  +0.006832  0.953  0.059  0.120  S  d0
  3567   1114.688  -0.009341  +0.007575  0.953  0.059  0.120  S  d0
  3568   1115.000  -0.004505  +0.008834  0.953  0.059  0.120  S  d0
  3569   1115.312  -0.000111  +0.010617  0.953  0.059  0.120  S  d0
  3570   1115.625  +0.004399  +0.010849  0.953  0.045  0.120  S  d0
  3571   1115.938  +0.008094  +0.011557  0.953  0.045  0.120  S  d0
  3572   1116.250  +0.010210  +0.009204  0.953  0.045  0.120  S  d0
  3573   1116.562  +0.014553  +0.006358  0.953  0.045  0.120  S  d0
  3574   1116.875  +0.012602  +0.003696  0.953  0.045  0.120  S  d0
  3575   1117.188  +0.017357  +0.000455  0.953  0.045  0.120  S  d0
  3576   1117.500  +0.015729  -0.003367  0.953  0.045  0.103  S  d0
  3577   1117.812  +0.013889  -0.000225  0.953  0.045  0.103  S  d0
  3578   1118.125  +0.008529  -0.008554  0.953  0.045  0.103  S  d0
  3579   1118.438  +0.002507  -0.006531  0.953  0.045  0.103  S  d3
  3580   1118.750  -0.008586  -0.008810  0.953  0.045  0.103  S  d0
  3581   1119.062  -0.011681  -0.010352  0.953  0.045  0.103  S  d0
  3582   1119.375  -0.016503  -0.010530  0.953  0.037  0.103  S  d0
  3583   1119.688  -0.021395  -0.011863  0.969  0.037  0.103  S  d0
  3584   1120.000  -0.021042  -0.014318  0.969  0.037  0.103  S  d0
  3585   1120.312  -0.016685  -0.004806  0.969  0.037  0.103  S  d0
  3586   1120.625  -0.011697  -0.005214  0.969  0.037  0.103  S  d0
  3587   1120.938  -0.009247  +0.001619  0.969  0.037  0.103  S  d3
  3588   1121.250  -0.000322  +0.002120  0.969  0.037  0.103  S  d0
  3589   1121.562  +0.004269  +0.011091  0.969  0.037  0.103  S  d0
  3590   1121.875  +0.006995  +0.008671  0.969  0.037  0.103  S  d0
  3591   1122.188  +0.009615  +0.016590  0.953  0.037  0.103  S  d0
  3592   1122.500  +0.014973  +0.017647  0.953  0.037  0.129  S  d0
  3593   1122.812  +0.015286  +0.018816  0.953  0.037  0.129  S  d0
  3594   1123.125  +0.012404  +0.011679  0.953  0.038  0.129  S  d0
  3595   1123.438  +0.014701  +0.007611  0.953  0.038  0.129  S  d0
  3596   1123.750  +0.011771  +0.000456  0.953  0.038  0.129  S  d0
  3597   1124.062  +0.006288  -0.004007  0.953  0.038  0.129  S  d0
  3598   1124.375  +0.005821  -0.006925  0.953  0.038  0.129  S  d0
  3599   1124.688  -0.000299  -0.013052  0.953  0.038  0.129  S  d0
  3600   1125.000  -0.001890  -0.019922  0.953  0.038  0.129  S  d0
  3601   1125.312  -0.007471  -0.014050  0.953  0.038  0.129  S  d0
  3602   1125.625  -0.005735  -0.010473  0.953  0.038  0.129  S  d0
  3603   1125.938  -0.009907  -0.014994  0.953  0.038  0.129  S  d0
  3604   1126.250  -0.013432  -0.005161  0.953  0.038  0.129  S  d0
  3605   1126.562  -0.014629  -0.004612  0.953  0.038  0.129  S  d0
  3606   1126.875  -0.015352  -0.000674  0.953  0.022  0.129  S  d0
  3607   1127.188  -0.010323  +0.003699  0.953  0.022  0.129  S  d0
  3608   1127.500  -0.008846  +0.006166  0.953  0.022  0.129  S  d0
  3609   1127.812  -0.004328  +0.013499  0.953  0.022  0.129  S  d0
  3610   1128.125  -0.000726  +0.012813  0.953  0.022  0.129  S  d0
  3611   1128.438  +0.005679  +0.009627  0.953  0.022  0.129  S  d0
  3612   1128.750  +0.005461  +0.013046  0.969  0.022  0.129  S  d0
  3613   1129.062  +0.008985  +0.011541  0.969  0.022  0.129  S  d0
  3614   1129.375  +0.007883  +0.006785  0.969  0.022  0.129  S  d0
  3615   1129.688  +0.011286  +0.004693  0.969  0.022  0.129  S  d0
  3616   1130.000  +0.008653  +0.002069  0.969  0.022  0.129  S  d0
  3617   1130.312  +0.010037  +0.001442  0.969  0.022  0.129  S  d0
  3618   1130.625  +0.011748  -0.005613  0.969  0.000  0.129  S  d0
  3619   1130.938  +0.007211  -0.007684  0.969  0.000  0.129  S  d0
  3620   1131.250  +0.005131  -0.009420  0.984  0.000  0.129  S  d0
  3621   1131.562  +0.000024  -0.008219  0.984  0.000  0.129  S  d0
  3622   1131.875  +0.003093  -0.008115  0.969  0.000  0.129  S  d3
  3623   1132.188  -0.005561  -0.010399  0.969  0.000  0.129  S  d0
  3624   1132.500  -0.004854  -0.008604  0.969  0.000  0.167  S  d0
  3625   1132.812  -0.004137  -0.012381  0.969  0.000  0.167  S  d0
  3626   1133.125  -0.011841  -0.006803  0.969  0.000  0.167  S  d0
  3627   1133.438  -0.006855  -0.003259  0.969  0.000  0.167  S  d0
  3628   1133.750  -0.008507  +0.002054  0.969  0.000  0.167  S  d0
  3629   1134.062  -0.007351  +0.001250  0.969  0.000  0.167  S  d0
  3630   1134.375  -0.009152  +0.002038  0.969  0.000  0.167  S  d0
  3631   1134.688  -0.007815  +0.006674  0.953  0.000  0.167  S  d0
  3632   1135.000  -0.008357  +0.008859  0.953  0.000  0.167  S  d0
  3633   1135.312  +0.000173  +0.011066  0.953  0.000  0.167  S  d0
  3634   1135.625  -0.001127  +0.010204  0.953  0.000  0.167  S  d0
  3635   1135.938  +0.001726  +0.012039  0.953  0.000  0.167  S  d0
  3636   1136.250  +0.005198  +0.005798  0.953  0.000  0.167  S  d0
  3637   1136.562  +0.008784  +0.007838  0.953  0.000  0.167  S  d0
  3638   1136.875  +0.011123  +0.004562  0.953  0.000  0.167  S  d0
  3639   1137.188  +0.012548  +0.004974  0.953  0.000  0.167  S  d0
  3640   1137.500  +0.011174  +0.001851  0.953  0.000  0.137  S  d0
  3641   1137.812  +0.010696  -0.002284  0.953  0.000  0.137  S  d0
  3642   1138.125  +0.008580  -0.005239  0.938  0.000  0.137  S  d0
  3643   1138.438  +0.006449  -0.009181  0.922  0.000  0.137  S  d0
  3644   1138.750  +0.003683  -0.008686  0.922  0.000  0.137  S  d0
  3645   1139.062  -0.000361  -0.010358  0.922  0.000  0.137  S  d0
  3646   1139.375  -0.005395  -0.008194  0.922  0.000  0.137  S  d0
  3647   1139.688  -0.008549  -0.009687  0.922  0.000  0.137  S  d0
  3648   1140.000  -0.015297  -0.008765  0.922  0.000  0.137  S  d0
  3649   1140.312  -0.012268  -0.009162  0.922  0.000  0.137  S  d0
  3650   1140.625  -0.016208  -0.006689  0.906  0.000  0.137  S  d0
  3651   1140.938  -0.015809  -0.002174  0.906  0.000  0.137  S  d0
  3652   1141.250  -0.011768  +0.000958  0.906  0.000  0.137  S  d0
  3653   1141.562  -0.004368  +0.002855  0.906  0.000  0.137  S  d3
  3654   1141.875  +0.001551  +0.007110  0.906  0.000  0.137  S  d0
  3655   1142.188  +0.004937  +0.009462  0.922  0.000  0.137  S  d0
  3656   1142.500  +0.010536  +0.011508  0.922  0.000  0.120  S  d0
  3657   1142.812  +0.016544  +0.010043  0.922  0.000  0.120  S  d0
  3658   1143.125  +0.014043  +0.013320  0.922  0.000  0.120  S  d0
  3659   1143.438  +0.013550  +0.011482  0.922  0.000  0.120  S  d0
  3660   1143.750  +0.010424  +0.003932  0.922  0.000  0.120  S  d0
  3661   1144.062  +0.011324  +0.002393  0.922  0.000  0.120  S  d0
  3662   1144.375  +0.007583  -0.001973  0.922  0.000  0.120  S  d3
  3663   1144.688  +0.001063  -0.006144  0.922  0.000  0.120  S  d0
  3664   1145.000  -0.001144  -0.011532  0.922  0.000  0.120  S  d0
  3665   1145.312  -0.006835  -0.010926  0.922  0.000  0.120  S  d0
  3666   1145.625  -0.013655  -0.003667  0.922  0.000  0.120  S  d0
  3667   1145.938  -0.009539  -0.007346  0.922  0.000  0.120  S  d0
  3668   1146.250  -0.015857  -0.003978  0.922  0.000  0.120  S  d0
  3669   1146.562  -0.014251  +0.001547  0.922  0.000  0.120  S  d0
  3670   1146.875  -0.009348  +0.001840  0.922  0.000  0.120  S  d0
  3671   1147.188  -0.008047  +0.007588  0.922  0.000  0.120  S  d0
  3672   1147.500  -0.006875  +0.001043  0.922  0.000  0.137  S  d0
  3673   1147.812  -0.005757  +0.001912  0.922  0.000  0.137  S  d3
  3674   1148.125  +0.001009  +0.002613  0.922  0.000  0.137  S  d3
  3675   1148.438  +0.008484  +0.002480  0.922  0.000  0.137  S  d0
  3676   1148.750  +0.011532  +0.000986  0.922  0.000  0.137  S  d0
  3677   1149.062  +0.018006  +0.000548  0.922  0.000  0.137  S  d0
  3678   1149.375  +0.018798  +0.000468  0.922  0.000  0.137  S  d0
  3679   1149.688  +0.014893  -0.000981  0.922  0.000  0.137  S  d0
  3680   1150.000  +0.015157  -0.001436  0.922  0.000  0.137  S  d0
  3681   1150.312  +0.007498  -0.004086  0.922  0.000  0.137  S  d3
  3682   1150.625  +0.000872  -0.008600  0.922  0.000  0.137  S  d0
  3683   1150.938  -0.003528  -0.010585  0.922  0.000  0.137  S  d0
  3684   1151.250  -0.008061  -0.005806  0.922  0.000  0.137  S  d0
  3685   1151.562  -0.008548  -0.006448  0.922  0.000  0.137  S  d0
  3686   1151.875  -0.011214  -0.004121  0.938  0.000  0.137  S  d0
  3687   1152.188  -0.014202  +0.001745  0.938  0.000  0.137  S  d0
  3688   1152.500  -0.019123  +0.002503  0.938  0.000  0.155  S  d0
  3689   1152.812  -0.014904  +0.007909  0.938  0.000  0.155  S  d0
  3690   1153.125  -0.009671  +0.013330  0.938  0.000  0.155  S  d0
  3691   1153.438  -0.004431  +0.010686  0.938  0.000  0.155  S  d0
  3692   1153.750  +0.001349  +0.008027  0.938  0.000  0.155  S  d0
  3693   1154.062  +0.002909  +0.011914  0.938  0.000  0.155  S  d0
  3694   1154.375  +0.007295  +0.008609  0.938  0.000  0.155  S  d0
  3695   1154.688  +0.007379  +0.004525  0.953  0.000  0.155  S  d0
  3696   1155.000  +0.011885  +0.001946  0.953  0.000  0.155  S  d0
  3697   1155.312  +0.012881  -0.003556  0.953  0.000  0.155  S  d0
  3698   1155.625  +0.012056  -0.000987  0.953  0.000  0.155  S  d0
  3699   1155.938  +0.015713  -0.007346  0.953  0.000  0.155  S  d0
  3700   1156.250  +0.011329  -0.008945  0.953  0.000  0.155  S  d0
  3701   1156.562  +0.003476  -0.010518  0.953  0.000  0.155  S  d0
  3702   1156.875  +0.002821  -0.007462  0.953  0.003  0.155  S  d0
  3703   1157.188  -0.004092  -0.010665  0.953  0.003  0.155  S  d0
  3704   1157.500  -0.005846  -0.008226  0.953  0.003  0.172  S  d0
  3705   1157.812  -0.005264  -0.009543  0.953  0.003  0.172  S  d0
  3706   1158.125  -0.011001  -0.004002  0.953  0.003  0.172  S  d0
  3707   1158.438  -0.009955  -0.001252  0.953  0.003  0.172  S  d0
  3708   1158.750  -0.008643  +0.002379  0.953  0.003  0.172  S  d0
  3709   1159.062  -0.008556  -0.001659  0.953  0.003  0.172  S  d0
  3710   1159.375  -0.008168  +0.002056  0.953  0.003  0.172  S  d0
  3711   1159.688  -0.008475  +0.005003  0.953  0.003  0.172  S  d0
  3712   1160.000  -0.007357  +0.007787  0.953  0.003  0.172  S  d0
  3713   1160.312  -0.005203  +0.010806  0.953  0.003  0.172  S  d0
  3714   1160.625  +0.000841  +0.010257  0.969  0.010  0.172  S  d0
  3715   1160.938  -0.001096  +0.011035  0.969  0.010  0.172  S  d0
  3716   1161.250  +0.003690  +0.009867  0.953  0.010  0.172  S  d0
  3717   1161.562  +0.005352  +0.004372  0.953  0.010  0.172  S  d0
  3718   1161.875  +0.009287  +0.005848  0.953  0.010  0.172  S  d0
  3719   1162.188  +0.010471  +0.001327  0.953  0.010  0.172  S  d0
  3720   1162.500  +0.014038  +0.001547  0.953  0.010  0.172  S  d0
  3721   1162.812  +0.011203  -0.002314  0.953  0.010  0.172  S  d0
  3722   1163.125  +0.011982  -0.005752  0.953  0.010  0.172  S  d0
  3723   1163.438  +0.007504  -0.007860  0.953  0.010  0.172  S  d0
  3724   1163.750  +0.004133  -0.008839  0.953  0.010  0.172  S  d0
  3725   1164.062  +0.002470  -0.012019  0.953  0.010  0.172  S  d0
  3726   1164.375  -0.000967  -0.012027  0.953  0.039  0.172  S  d0
  3727   1164.688  -0.001976  -0.012331  0.953  0.039  0.172  S  d0
  3728   1165.000  -0.005224  -0.007704  0.938  0.039  0.172  S  d0
  3729   1165.312  -0.008690  -0.006589  0.938  0.039  0.172  S  d0
  3730   1165.625  -0.009714  +0.000436  0.938  0.039  0.172  S  d0
  3731   1165.938  -0.010377  +0.004919  0.938  0.039  0.172  S  d0
  3732   1166.250  -0.012988  +0.003211  0.938  0.039  0.172  S  d0
  3733   1166.562  -0.010913  +0.008946  0.938  0.039  0.172  S  d0
  3734   1166.875  -0.007851  +0.009015  0.938  0.039  0.172  S  d0
  3735   1167.188  -0.007593  +0.014843  0.938  0.039  0.172  S  d0
  3736   1167.500  -0.003313  +0.014644  0.922  0.039  0.120  S  d0
  3737   1167.812  -0.004912  +0.010748  0.922  0.039  0.120  S  d3
  3738   1168.125  +0.004039  +0.009977  0.922  0.022  0.120  S  d3
  3739   1168.438  +0.003950  +0.001547  0.922  0.022  0.120  S  d0
  3740   1168.750  +0.005221  -0.000524  0.922  0.022  0.120  S  d0
  3741   1169.062  +0.013377  -0.006222  0.922  0.022  0.120  S  d0
  3742   1169.375  +0.015182  -0.012446  0.922  0.022  0.120  S  d0
  3743   1169.688  +0.013281  -0.009154  0.922  0.022  0.120  S  d0
  3744   1170.000  +0.014627  -0.012397  0.922  0.022  0.120  S  d0
  3745   1170.312  +0.007791  -0.013796  0.906  0.022  0.120  S  d0
  3746   1170.625  +0.005336  -0.007863  0.906  0.022  0.120  S  d0
  3747   1170.938  -0.001559  -0.008980  0.906  0.022  0.120  S  d3
  3748   1171.250  -0.008751  -0.001091  0.906  0.022  0.120  S  d0
  3749   1171.562  -0.005910  -0.002257  0.906  0.022  0.120  S  d0
  3750   1171.875  -0.011880  +0.002500  0.906  0.000  0.120  S  d0
  3751   1172.188  -0.005032  +0.002652  0.906  0.000  0.120  S  d0
  3752   1172.500  -0.009176  +0.008333  0.906  0.000  0.120  S  d0
  3753   1172.812  -0.004697  +0.013523  0.906  0.000  0.120  S  d0
  3754   1173.125  -0.004742  +0.014280  0.906  0.000  0.120  S  d0
  3755   1173.438  +0.000467  +0.012642  0.906  0.000  0.120  S  d0
  3756   1173.750  -0.003166  +0.010843  0.906  0.000  0.120  S  d0
  3757   1174.062  +0.001844  +0.011853  0.906  0.000  0.120  S  d0
  3758   1174.375  +0.004756  +0.004709  0.906  0.000  0.120  S  d0
  3759   1174.688  +0.005403  +0.002622  0.906  0.000  0.120  S  d3
  3760   1175.000  +0.005993  -0.002452  0.906  0.000  0.120  S  d0
  3761   1175.312  +0.003750  -0.007369  0.906  0.000  0.120  S  d0
  3762   1175.625  +0.005072  -0.018154  0.906  0.016  0.120  S  d0
  3763   1175.938  +0.004586  -0.022335  0.906  0.016  0.120  S  d0
  3764   1176.250  +0.002203  -0.019126  0.906  0.016  0.120  S  d0
  3765   1176.562  -0.001167  -0.015598  0.906  0.016  0.120  S  d0
  3766   1176.875  -0.005296  -0.009925  0.906  0.016  0.120  S  d0
  3767   1177.188  -0.008530  -0.006307  0.906  0.016  0.120  S  d3
  3768   1177.500  -0.009648  +0.002395  0.906  0.016  0.163  S  d0
  3769   1177.812  -0.007986  +0.006992  0.906  0.016  0.163  S  d0
  3770   1178.125  -0.006021  +0.008699  0.922  0.016  0.163  S  d0
  3771   1178.438  -0.009988  +0.012597  0.938  0.016  0.163  S  d0
  3772   1178.750  -0.004886  +0.012915  0.938  0.016  0.163  S  d0
  3773   1179.062  +0.002282  +0.017226  0.938  0.016  0.163  S  d0
  3774   1179.375  +0.007205  +0.014055  0.938  0.025  0.163  S  d0
  3775   1179.688  +0.008684  +0.011043  0.938  0.025  0.163  S  d0
  3776   1180.000  +0.006530  +0.010636  0.938  0.025  0.163  S  d3
  3777   1180.312  +0.011556  +0.001846  0.938  0.025  0.163  S  d0
  3778   1180.625  +0.010767  -0.001737  0.938  0.025  0.163  S  d0
  3779   1180.938  +0.012397  -0.002104  0.938  0.025  0.163  S  d0
  3780   1181.250  +0.008074  -0.010267  0.953  0.025  0.163  S  d0
  3781   1181.562  +0.005842  -0.010868  0.953  0.025  0.163  S  d0
  3782   1181.875  +0.000886  -0.011749  0.953  0.025  0.163  S  d0
  3783   1182.188  +0.000168  -0.009747  0.953  0.025  0.163  S  d0
  3784   1182.500  -0.006749  -0.012805  0.953  0.025  0.210  S  d0
  3785   1182.812  -0.006583  -0.009715  0.953  0.025  0.210  S  d0
  3786   1183.125  -0.007606  -0.011266  0.953  0.023  0.210  S  d0
  3787   1183.438  -0.011044  -0.003634  0.953  0.023  0.210  S  d0
  3788   1183.750  -0.010513  -0.003086  0.953  0.023  0.210  S  d0
  3789   1184.062  -0.007612  +0.002733  0.953  0.023  0.210  S  d0
  3790   1184.375  -0.006811  -0.000163  0.953  0.023  0.210  S  d0
  3791   1184.688  -0.006982  +0.006205  0.953  0.023  0.210  S  d0
  3792   1185.000  -0.003207  +0.008429  0.953  0.023  0.210  S  d0
  3793   1185.312  -0.004801  +0.010754  0.938  0.023  0.210  S  d0
  3794   1185.625  -0.000136  +0.013875  0.938  0.023  0.210  S  d0
  3795   1185.938  +0.001072  +0.007955  0.938  0.023  0.210  S  d0
  3796   1186.250  +0.000466  +0.012459  0.938  0.023  0.210  S  d0
  3797   1186.562  +0.004687  +0.007348  0.938  0.023  0.210  S  d0
  3798   1186.875  +0.006023  +0.005713  0.938  0.030  0.210  S  d0
  3799   1187.188  +0.009868  +0.004387  0.938  0.030  0.210  S  d0
  3800   1187.500  +0.010614  +0.003158  0.953  0.030  0.215  S  d0
  3801   1187.812  +0.010654  -0.003305  0.953  0.030  0.215  S  d0
  3802   1188.125  +0.008315  -0.005213  0.938  0.030  0.215  S  d0
  3803   1188.438  +0.009586  -0.004702  0.938  0.030  0.215  S  d0
  3804   1188.750  +0.005314  -0.008945  0.938  0.030  0.215  S  d0
  3805   1189.062  +0.005298  -0.011065  0.938  0.030  0.215  S  d0
  3806   1189.375  -0.002581  -0.010341  0.938  0.030  0.215  S  d0
  3807   1189.688  -0.003410  -0.011456  0.938  0.030  0.215  S  d0
  3808   1190.000  -0.006142  -0.011612  0.938  0.030  0.215  S  d0
  3809   1190.312  -0.007546  -0.008351  0.953  0.030  0.215  S  d0
  3810   1190.625  -0.010525  -0.005360  0.953  0.000  0.215  S  d0
  3811   1190.938  -0.011490  -0.002674  0.953  0.000  0.215  S  d0
  3812   1191.250  -0.011581  +0.000225  0.938  0.000  0.215  S  d0
  3813   1191.562  -0.009072  +0.000939  0.922  0.000  0.215  S  d0
  3814   1191.875  -0.006142  +0.006785  0.906  0.000  0.215  S  d0
  3815   1192.188  -0.002903  +0.004336  0.906  0.000  0.215  S  d0
  3816   1192.500  -0.002580  +0.009078  0.906  0.000  0.189  S  d0
  3817   1192.812  +0.004413  +0.012897  0.906  0.000  0.189  S  d0
  3818   1193.125  +0.003432  +0.014574  0.906  0.000  0.189  S  d0
  3819   1193.438  +0.008213  +0.017367  0.906  0.000  0.189  S  d0
  3820   1193.750  +0.012365  +0.011477  0.891  0.000  0.189  S  d0
  3821   1194.062  +0.014177  +0.006086  0.891  0.000  0.189  S  d0
  3822   1194.375  +0.010820  +0.005507  0.891  0.000  0.189  S  d0
  3823   1194.688  +0.007652  +0.003239  0.891  0.000  0.189  S  d3
  3824   1195.000  +0.004311  -0.003075  0.891  0.000  0.189  S  d3
  3825   1195.312  -0.001618  -0.008596  0.891  0.000  0.189  S  d0
  3826   1195.625  -0.002879  -0.010240  0.891  0.000  0.189  S  d0
  3827   1195.938  -0.006854  -0.014009  0.891  0.000  0.189  S  d0
  3828   1196.250  -0.006959  -0.018754  0.891  0.000  0.189  S  d0
  3829   1196.562  -0.009020  -0.016480  0.891  0.000  0.189  S  d0
  3830   1196.875  -0.008105  -0.011565  0.891  0.000  0.189  S  d0
  3831   1197.188  -0.012023  -0.006225  0.891  0.000  0.189  S  d0
  3832   1197.500  -0.008054  -0.002332  0.891  0.000  0.172  S  d0
  3833   1197.812  -0.001406  -0.000382  0.875  0.000  0.172  S  d3
  3834   1198.125  -0.005108  +0.005413  0.875  0.000  0.172  S  d0
  3835   1198.438  -0.001702  +0.007592  0.875  0.000  0.172  S  d0
  3836   1198.750  +0.007027  +0.011166  0.875  0.000  0.172  S  d0
  3837   1199.062  +0.006678  +0.010562  0.875  0.000  0.172  S  d0
  3838   1199.375  +0.009775  +0.007999  0.875  0.000  0.172  S  d0
  3839   1199.688  +0.010962  +0.008864  0.875  0.000  0.172  S  d0
  3840   1200.000  +0.009530  +0.007456  0.875  0.000  0.172  S  d0
  3841   1200.312  +0.014519  +0.003243  0.875  0.000  0.172  S  d0
  3842   1200.625  +0.006002  -0.001162  0.875  0.000  0.172  S  d0
  3843   1200.938  +0.006789  +0.001042  0.875  0.000  0.172  S  d3
  3844   1201.250  +0.008158  -0.006350  0.875  0.000  0.172  S  d3
  3845   1201.562  -0.001624  -0.006332  0.875  0.000  0.172  S  d3
  3846   1201.875  -0.008466  -0.004602  0.875  0.000  0.172  S  d0
  3847   1202.188  -0.010889  -0.004583  0.875  0.000  0.172  S  d0
  3848   1202.500  -0.017763  -0.005236  0.875  0.000  0.189  S  d0
  3849   1202.812  -0.019320  -0.006639  0.875  0.000  0.189  S  d0
  3850   1203.125  -0.013363  -0.006293  0.875  0.000  0.189  S  d0
  3851   1203.438  -0.014769  -0.004255  0.875  0.000  0.189  S  d3
  3852   1203.750  -0.008052  +0.004706  0.875  0.000  0.189  S  d0
  3853   1204.062  -0.003408  +0.007063  0.875  0.000  0.189  S  d0
  3854   1204.375  +0.001161  +0.008750  0.875  0.000  0.189  S  d0
  3855   1204.688  +0.008296  +0.010748  0.875  0.000  0.189  S  d0
  3856   1205.000  +0.009061  +0.012671  0.891  0.000  0.189  S  d0
  3857   1205.312  +0.013574  +0.003531  0.906  0.000  0.189  S  d0
  3858   1205.625  +0.011590  +0.005308  0.906  0.087  0.189  S  d0
  3859   1205.938  +0.017269  +0.003702  0.906  0.087  0.189  S  d0
  3860   1206.250  +0.012369  -0.004655  0.906  0.087  0.189  S  d0
  3861   1206.562  +0.011978  -0.006216  0.906  0.087  0.189  S  d0
  3862   1206.875  +0.009768  -0.010604  0.906  0.087  0.189  S  d0
  3863   1207.188  +0.003640  -0.009028  0.906  0.087  0.189  S  d0
  3864   1207.500  +0.001064  -0.009401  0.906  0.087  0.215  S  d3
  3865   1207.812  -0.007976  -0.009429  0.906  0.087  0.215  S  d0
  3866   1208.125  -0.007296  -0.008764  0.922  0.087  0.215  S  d0
  3867   1208.438  -0.011762  -0.007996  0.922  0.087  0.215  S  d0
  3868   1208.750  -0.013219  -0.002275  0.922  0.087  0.215  S  d0
  3869   1209.062  -0.013200  -0.000809  0.922  0.087  0.215  S  d0
  3870   1209.375  -0.009201  +0.004178  0.922  0.096  0.215  S  d0
  3871   1209.688  -0.010826  +0.002262  0.922  0.096  0.215  S  d0
  3872   1210.000  -0.007432  +0.003652  0.922  0.096  0.215  S  d0
  3873   1210.312  -0.005453  +0.007625  0.922  0.096  0.215  S  d0
  3874   1210.625  -0.002252  +0.012616  0.922  0.096  0.215  S  d0
  3875   1210.938  +0.004451  +0.009938  0.922  0.096  0.215  S  d0
  3876   1211.250  -0.000832  +0.011235  0.938  0.096  0.215  S  d0
  3877   1211.562  +0.005228  +0.008841  0.953  0.096  0.215  S  d0
  3878   1211.875  +0.006596  +0.003596  0.953  0.096  0.215  S  d0
  3879   1212.188  +0.006331  +0.006387  0.953  0.096  0.215  S  d0
  3880   1212.500  +0.011244  +0.002206  0.953  0.096  0.223  S  d0
  3881   1212.812  +0.012181  +0.001844  0.953  0.096  0.223  S  d0
  3882   1213.125  +0.011165  -0.005893  0.953  0.104  0.223  S  d0
  3883   1213.438  +0.009676  -0.005004  0.953  0.104  0.223  S  d0
  3884   1213.750  +0.010725  -0.007810  0.969  0.104  0.223  S  d0
  3885   1214.062  +0.003218  -0.007702  0.969  0.104  0.223  S  d0
  3886   1214.375  +0.003060  -0.009897  0.969  0.104  0.223  S  d0
  3887   1214.688  -0.001530  -0.010936  0.953  0.104  0.223  S  d0
  3888   1215.000  -0.003662  -0.011642  0.953  0.104  0.223  S  d0
  3889   1215.312  -0.010461  -0.006262  0.953  0.104  0.223  S  d0
  3890   1215.625  -0.008938  -0.006977  0.953  0.104  0.223  S  d0
  3891   1215.938  -0.011022  -0.004651  0.953  0.104  0.223  S  d0
  3892   1216.250  -0.008886  +0.001439  0.953  0.104  0.223  S  d0
  3893   1216.562  -0.010956  +0.002420  0.953  0.104  0.223  S  d0
  3894   1216.875  -0.010781  +0.007442  0.953  0.175  0.223  S  d0
  3895   1217.188  -0.008400  +0.004562  0.953  0.175  0.223  S  d0
  3896   1217.500  -0.007309  +0.006646  0.953  0.175  0.258  S  d0
  3897   1217.812  -0.002735  +0.012049  0.969  0.175  0.258  S  d0
  3898   1218.125  -0.003093  +0.009334  0.969  0.175  0.258  S  d0
  3899   1218.438  -0.000713  +0.010689  0.969  0.175  0.258  S  d0
  3900   1218.750  +0.006464  +0.009017  0.953  0.175  0.258  S  d0
  3901   1219.062  +0.008569  +0.006608  0.953  0.175  0.258  S  d0
  3902   1219.375  +0.010491  +0.001186  0.953  0.175  0.258  S  d0
  3903   1219.688  +0.012721  -0.001285  0.953  0.175  0.258  S  d0
  3904   1220.000  +0.017506  -0.005617  0.953  0.175  0.258  S  d0
  3905   1220.312  +0.013149  -0.004808  0.953  0.175  0.258  S  d0
  3906   1220.625  +0.018064  -0.007510  0.953  0.246  0.258  S  d0
  3907   1220.938  +0.012638  -0.010745  0.938  0.246  0.258  S  d0
  3908   1221.250  +0.009622  -0.006436  0.938  0.246  0.258  S  d0
  3909   1221.562  +0.003186  -0.007491  0.938  0.246  0.258  S  d3
  3910   1221.875  -0.005273  -0.001874  0.938  0.246  0.258  S  d0
  3911   1222.188  -0.011235  -0.003644  0.938  0.246  0.258  S  d0
  3912   1222.500  -0.020155  -0.001334  0.938  0.246  0.232  S  d0
  3913   1222.812  -0.021854  +0.001521  0.938  0.246  0.232  S  d0
  3914   1223.125  -0.022208  +0.000899  0.938  0.246  0.232  S  d0
  3915   1223.438  -0.018624  +0.003053  0.938  0.246  0.232  S  d0
  3916   1223.750  -0.016248  +0.000933  0.922  0.246  0.232  S  d0
  3917   1224.062  -0.013383  +0.003701  0.906  0.246  0.232  S  d0
  3918   1224.375  -0.007272  +0.003900  0.906  0.218  0.232  S  d3
  3919   1224.688  +0.002424  +0.004107  0.906  0.218  0.232  S  d0
  3920   1225.000  +0.010742  +0.005178  0.891  0.218  0.232  S  d0
  3921   1225.312  +0.016772  +0.007989  0.875  0.218  0.232  S  d0
  3922   1225.625  +0.021075  +0.006470  0.875  0.218  0.232  S  d0
  3923   1225.938  +0.019573  +0.006875  0.859  0.218  0.232  S  d0
  3924   1226.250  +0.018930  -0.000003  0.844  0.218  0.232  S  d0
  3925   1226.562  +0.011687  -0.003305  0.844  0.218  0.232  S  d0
  3926   1226.875  +0.007895  -0.007858  0.844  0.218  0.232  S  d0
  3927   1227.188  +0.000310  -0.013400  0.844  0.218  0.232  S  d0
  3928   1227.500  +0.001111  -0.013385  0.844  0.218  0.292  S  d0
  3929   1227.812  -0.008233  -0.012378  0.844  0.218  0.292  S  d0
  3930   1228.125  -0.003838  -0.010435  0.828  0.212  0.292  S  d0
  3931   1228.438  -0.006424  -0.010855  0.828  0.212  0.292  S  d3
  3932   1228.750  -0.009368  +0.000804  0.828  0.212  0.292  S  d0
  3933   1229.062  -0.006155  +0.006869  0.828  0.212  0.292  S  d0
  3934   1229.375  -0.012467  +0.011558  0.828  0.212  0.292  S  d0
  3935   1229.688  -0.006054  +0.014010  0.828  0.212  0.292  S  d0
  3936   1230.000  -0.005562  +0.013161  0.828  0.212  0.292  S  d0
  3937   1230.312  -0.000781  +0.014559  0.828  0.212  0.292  S  d0
  3938   1230.625  +0.001066  +0.010463  0.828  0.212  0.292  S  d3
  3939   1230.938  +0.006701  +0.003601  0.828  0.212  0.292  S  d0
  3940   1231.250  +0.000797  +0.000098  0.828  0.212  0.292  S  d0
  3941   1231.562  +0.001891  -0.000955  0.828  0.212  0.292  S  d0
  3942   1231.875  +0.004434  -0.007013  0.828  0.199  0.292  S  d0
  3943   1232.188  +0.005629  -0.005853  0.828  0.199  0.292  S  d0
  3944   1232.500  +0.003072  -0.007958  0.812  0.199  0.339  S  d0
  3945   1232.812  +0.000179  -0.005567  0.812  0.199  0.339  S  d0
  3946   1233.125  -0.001613  -0.006918  0.812  0.199  0.339  S  d0
  3947   1233.438  -0.001614  -0.002172  0.812  0.199  0.339  S  d1
  3948   1233.750  +0.001386  -0.002711  0.812  0.199  0.339  S  d2
  3949   1234.062  -0.001362  +0.001374  0.812  0.199  0.339  S  d0
  3950   1234.375  -0.005134  +0.003529  0.797  0.199  0.339  P  d0
  3951   1234.688  -0.004182  -0.000428  0.797  0.199  0.339  P  d3
  3952   1235.000  +0.000221  +0.001510  0.781  0.199  0.339  P  d3
  3953   1235.312  +0.003229  +0.002043  0.781  0.199  0.339  P  d0
  3954   1235.625  +0.001791  -0.000104  0.781  0.180  0.339  P  d2
  3955   1235.938  -0.002155  -0.000098  0.781  0.180  0.339  P  d1
  3956   1236.250  +0.002564  -0.002529  0.781  0.180  0.339  P  d0
  3957   1236.562  +0.000964  -0.005062  0.781  0.180  0.339  P  d0
  3958   1236.875  +0.002990  -0.002721  0.781  0.180  0.339  P  d0
  3959   1237.188  +0.002702  -0.005797  0.781  0.180  0.339  P  d0
  3960   1237.500  -0.000803  -0.002497  0.766  0.180  0.378  P  d0
  3961   1237.812  +0.000593  -0.001460  0.766  0.180  0.378  P  d2
  3962   1238.125  -0.001145  +0.000939  0.766  0.180  0.378  P  d0
  3963   1238.438  -0.000377  +0.001490  0.750  0.180  0.378  P  d0
  3964   1238.750  -0.005218  +0.008320  0.750  0.180  0.378  P  d0
  3965   1239.062  -0.004757  +0.009090  0.734  0.180  0.378  P  d0
  3966   1239.375  -0.006848  +0.007963  0.734  0.193  0.378  P  d0
  3967   1239.688  -0.002388  +0.006141  0.719  0.193  0.378  P  d0
  3968   1240.000  +0.001655  +0.006296  0.719  0.193  0.378  P  d0
  3969   1240.312  +0.006296  +0.004305  0.703  0.193  0.378  P  d0
  3970   1240.625  +0.009251  -0.001517  0.688  0.193  0.378  P  d0
  3971   1240.938  +0.006256  -0.005204  0.703  0.193  0.378  P  d0
  3972   1241.250  +0.012167  -0.002545  0.688  0.193  0.378  P  d0
  3973   1241.562  +0.010844  -0.004889  0.672  0.193  0.378  P  d3
  3974   1241.875  +0.002615  -0.007325  0.672  0.193  0.378  P  d0
  3975   1242.188  +0.000591  -0.003411  0.672  0.193  0.378  P  d3
  3976   1242.500  -0.005082  -0.003456  0.672  0.193  0.433  P  d0
  3977   1242.812  -0.014639  -0.003995  0.672  0.193  0.433  P  d0
  3978   1243.125  -0.014361  -0.001941  0.672  0.220  0.433  P  d0
  3979   1243.438  -0.009424  +0.000022  0.656  0.220  0.433  P  d0
  3980   1243.750  -0.011985  +0.003394  0.672  0.220  0.433  P  d0
  3981   1244.062  -0.006070  +0.001720  0.688  0.220  0.433  P  d3
  3982   1244.375  +0.001039  +0.002903  0.688  0.220  0.433  P  d1
  3983   1244.688  -0.002180  +0.003278  0.688  0.220  0.433  P  d3
  3984   1245.000  +0.004544  -0.000383  0.703  0.220  0.433  P  d0
  3985   1245.312  +0.005256  +0.001756  0.719  0.220  0.433  P  d0
  3986   1245.625  +0.006739  +0.001762  0.703  0.220  0.433  P  d0
  3987   1245.938  +0.007970  -0.001447  0.719  0.220  0.433  P  d0
  3988   1246.250  +0.005074  -0.002128  0.734  0.220  0.433  P  d0
  3989   1246.562  +0.002163  -0.001396  0.734  0.220  0.433  P  d0
  3990   1246.875  +0.002870  -0.001097  0.734  0.181  0.433  P  d0
  3991   1247.188  +0.001442  -0.001011  0.734  0.181  0.433  P  d3
  3992   1247.500  -0.001986  -0.000543  0.734  0.181  0.459  P  d0
  3993   1247.812  -0.002730  -0.002636  0.719  0.181  0.459  P  d0
  3994   1248.125  -0.003549  -0.001913  0.719  0.181  0.459  P  d3
  3995   1248.438  -0.001848  +0.001344  0.703  0.181  0.459  P  d3
  3996   1248.750  +0.001490  +0.000268  0.703  0.181  0.459  P  d1
  3997   1249.062  -0.000404  +0.002218  0.703  0.181  0.459  P  d0
  3998   1249.375  +0.003029  +0.004399  0.703  0.181  0.459  P  d3
  3999   1249.688  +0.003578  -0.002282  0.703  0.181  0.459  P  d0
  4000   1250.000  +0.003604  -0.000248  0.703  0.181  0.459  P  d1
  4001   1250.312  +0.001726  +0.002499  0.703  0.181  0.459  P  d3
  4002   1250.625  +0.005164  -0.001027  0.688  0.115  0.459  T  d0
  4003   1250.938  +0.003667  +0.002112  0.688  0.115  0.459  T  d3
  4004   1251.250  +0.003218  -0.002151  0.688  0.115  0.459  T  d3
  4005   1251.562  -0.002949  -0.002338  0.672  0.115  0.459  T  d0
  4006   1251.875  -0.001151  +0.000029  0.672  0.115  0.459  T  d0
  4007   1252.188  -0.008589  -0.000077  0.672  0.115  0.459  T  d0
  4008   1252.500  -0.012134  -0.002551  0.672  0.115  0.442  T  d0
  4009   1252.812  -0.012548  -0.005893  0.656  0.115  0.442  T  d0
  4010   1253.125  -0.005575  +0.000808  0.641  0.115  0.442  T  d3
  4011   1253.438  -0.002583  +0.003622  0.641  0.115  0.442  T  d0
  4012   1253.750  +0.000534  +0.006892  0.641  0.115  0.442  T  d0
  4013   1254.062  +0.000418  +0.006633  0.641  0.115  0.442  T  d0
  4014   1254.375  +0.004126  +0.010250  0.641  0.040  0.442  T  d0
  4015   1254.688  +0.007922  +0.007598  0.641  0.040  0.442  T  d0
  4016   1255.000  +0.007052  +0.005836  0.656  0.040  0.442  T  d0
  4017   1255.312  +0.003510  +0.001791  0.641  0.040  0.442  T  d3
  4018   1255.625  +0.004295  -0.004867  0.641  0.040  0.442  T  d0
  4019   1255.938  +0.005785  -0.011367  0.641  0.040  0.442  T  d0
  4020   1256.250  +0.004536  -0.011063  0.625  0.040  0.442  T  d0
  4021   1256.562  -0.001427  -0.009095  0.609  0.040  0.442  T  d0
  4022   1256.875  -0.003415  -0.009482  0.594  0.040  0.442  T  d0
  4023   1257.188  -0.004887  -0.010436  0.594  0.040  0.442  T  d0
  4024   1257.500  -0.004889  -0.003217  0.594  0.040  0.459  T  d3
  4025   1257.812  -0.001997  +0.000769  0.578  0.040  0.459  T  d1
  4026   1258.125  -0.001162  -0.001668  0.562  0.000  0.459  T  d3
  4027   1258.438  -0.004782  +0.003041  0.578  0.000  0.459  T  d0
  4028   1258.750  -0.003901  +0.007758  0.578  0.000  0.459  T  d0
  4029   1259.062  +0.001554  +0.007660  0.578  0.000  0.459  T  d0
  4030   1259.375  +0.001311  +0.006489  0.562  0.000  0.459  T  d0
  4031   1259.688  +0.002252  +0.006549  0.562  0.000  0.459  T  d0
  4032   1260.000  +0.001928  +0.002214  0.547  0.000  0.459  T  d0
  4033   1260.312  +0.004639  +0.004055  0.562  0.000  0.459  T  d3
  4034   1260.625  +0.003762  -0.001660  0.562  0.000  0.459  T  d0
  4035   1260.938  +0.001838  +0.000691  0.547  0.000  0.459  T  d0
  4036   1261.250  +0.004518  +0.002367  0.547  0.000  0.459  T  d3
  4037   1261.562  +0.002508  -0.001586  0.547  0.000  0.459  T  d3
  4038   1261.875  -0.001658  -0.003741  0.531  0.000  0.459  T  d0
  4039   1262.188  -0.001689  -0.003938  0.531  0.000  0.459  T  d3
  4040   1262.500  -0.003359  +0.000271  0.516  0.000  0.455  T  d1
  4041   1262.812  -0.001312  -0.001748  0.516  0.000  0.455  T  d3
  4042   1263.125  -0.004007  -0.000276  0.516  0.000  0.455  T  d0
  4043   1263.438  -0.001150  -0.000427  0.531  0.000  0.455  T  d0
  4044   1263.750  -0.001710  -0.002145  0.531  0.000  0.455  T  d0
  4045   1264.062  -0.001923  -0.002087  0.531  0.000  0.455  T  d1
  4046   1264.375  +0.000544  -0.000029  0.531  0.000  0.455  T  d1
  4047   1264.688  -0.000496  +0.001286  0.531  0.000  0.455  T  d0
  4048   1265.000  +0.000468  +0.002449  0.516  0.000  0.455  T  d3
  4049   1265.312  +0.002449  -0.000068  0.516  0.000  0.455  T  d0
  4050   1265.625  +0.000814  +0.000254  0.531  0.000  0.455  T  d0
  4051   1265.938  +0.001532  +0.000965  0.531  0.000  0.455  T  d1
  4052   1266.250  -0.000191  +0.004066  0.531  0.000  0.455  T  d2
  4053   1266.562  -0.001598  -0.002093  0.531  0.000  0.455  T  d1
  4054   1266.875  +0.001114  -0.000236  0.516  0.000  0.455  T  d0
  4055   1267.188  +0.002351  -0.002540  0.516  0.000  0.455  T  d1
  4056   1267.500  +0.002354  +0.001154  0.516  0.000  0.489  T  d1
  4057   1267.812  +0.000240  +0.002125  0.531  0.000  0.489  T  d1
  4058   1268.125  -0.005013  -0.001655  0.547  0.000  0.489  T  d0
  4059   1268.438  -0.002422  -0.000832  0.562  0.000  0.489  T  d3
  4060   1268.750  -0.001082  +0.001862  0.547  0.000  0.489  T  d1
  4061   1269.062  -0.002183  -0.003044  0.547  0.000  0.489  T  d1
  4062   1269.375  +0.001694  -0.001886  0.547  0.000  0.489  T  d1
  4063   1269.688  +0.001157  +0.000858  0.547  0.000  0.489  T  d1
  4064   1270.000  -0.001523  +0.001017  0.547  0.000  0.489  T  d0
  4065   1270.312  -0.002326  +0.001064  0.547  0.000  0.489  T  d3
  4066   1270.625  -0.000119  +0.002486  0.562  0.000  0.489  T  d3
  4067   1270.938  +0.001248  -0.000280  0.562  0.000  0.489  T  d1
  4068   1271.250  -0.000222  +0.001537  0.547  0.000  0.489  T  d1
  4069   1271.562  -0.001423  -0.000115  0.547  0.000  0.489  T  d1
  4070   1271.875  -0.000526  -0.001026  0.562  0.000  0.489  T  d0
  4071   1272.188  -0.000267  -0.000409  0.562  0.000  0.489  T  d1
  4072   1272.500  +0.005404  -0.002677  0.578  0.000  0.494  T  d0
  4073   1272.812  +0.002819  -0.003011  0.594  0.000  0.494  T  d0
  4074   1273.125  +0.005833  -0.000969  0.609  0.000  0.494  T  d0
  4075   1273.438  +0.003890  -0.003583  0.609  0.000  0.494  T  d0
  4076   1273.750  +0.002584  -0.002686  0.594  0.000  0.494  T  d0
  4077   1274.062  +0.002184  -0.001850  0.578  0.000  0.494  T  d0
  4078   1274.375  +0.001219  -0.002935  0.594  0.000  0.494  T  d0
  4079   1274.688  +0.001318  -0.001224  0.594  0.000  0.494  T  d2
  4080   1275.000  -0.000625  +0.000446  0.578  0.000  0.494  T  d0
  4081   1275.312  -0.008313  +0.003546  0.578  0.000  0.494  T  d0
  4082   1275.625  -0.009046  +0.003476  0.578  0.000  0.494  T  d0
  4083   1275.938  -0.010052  +0.002874  0.562  0.000  0.494  T  d0
  4084   1276.250  -0.009727  +0.005087  0.562  0.000  0.494  T  d0
  4085   1276.562  -0.004188  +0.005199  0.578  0.000  0.494  T  d3
  4086   1276.875  +0.002329  +0.006561  0.594  0.000  0.494  T  d0
  4087   1277.188  +0.005569  +0.007442  0.594  0.000  0.494  T  d0
  4088   1277.500  +0.011962  +0.005439  0.594  0.000  0.511  T  d0
  4089   1277.812  +0.012375  +0.001217  0.594  0.000  0.511  T  d0
  4090   1278.125  +0.010731  +0.000285  0.594  0.000  0.511  T  d0
  4091   1278.438  +0.005066  +0.001665  0.578  0.000  0.511  T  d2
  4092   1278.750  -0.001892  -0.000943  0.578  0.000  0.511  T  d0
  4093   1279.062  -0.002053  -0.005105  0.578  0.000  0.511  T  d0
  4094   1279.375  -0.004054  -0.013835  0.594  0.000  0.511  T  d0
  4095   1279.688  -0.008129  -0.010652  0.609  0.000  0.511  T  d0
  4096   1280.000  -0.008456  -0.009616  0.609  0.000  0.511  T  d0
  4097   1280.312  -0.005762  -0.007939  0.594  0.000  0.511  T  d0
  4098   1280.625  -0.009829  -0.004806  0.594  0.000  0.511  T  d0
  4099   1280.938  -0.003192  -0.001202  0.594  0.000  0.511  T  d3
  4100   1281.250  -0.000896  +0.000659  0.594  0.000  0.511  T  d3
  4101   1281.562  +0.000151  +0.008002  0.594  0.000  0.511  T  d0
  4102   1281.875  +0.002433  +0.007021  0.594  0.000  0.511  T  d0
  4103   1282.188  +0.005230  +0.006160  0.594  0.000  0.511  T  d0
  4104   1282.500  +0.006827  +0.004292  0.594  0.000  0.481  T  d0
  4105   1282.812  +0.004425  +0.004354  0.578  0.000  0.481  T  d0
  4106   1283.125  +0.006785  +0.003359  0.562  0.000  0.481  T  d0
  4107   1283.438  +0.002786  +0.002166  0.547  0.000  0.481  T  d3
  4108   1283.750  +0.001178  -0.000905  0.531  0.000  0.481  T  d3
  4109   1284.062  -0.000172  -0.001067  0.531  0.000  0.481  T  d0
  4110   1284.375  +0.000072  -0.003346  0.516  0.000  0.481  T  d1
  4111   1284.688  +0.002736  -0.002199  0.500  0.000  0.481  T  d2
  4112   1285.000  -0.002438  +0.000747  0.500  0.000  0.481  T  d1
  4113   1285.312  -0.001283  -0.001727  0.484  0.000  0.481  T  d0
  4114   1285.625  -0.001128  -0.001876  0.469  0.000  0.481  T  d1
  4115   1285.938  +0.000582  -0.002025  0.453  0.000  0.481  T  d3
  4116   1286.250  -0.004338  +0.000055  0.438  0.000  0.481  T  d0
  4117   1286.562  -0.003328  +0.000276  0.438  0.000  0.481  T  d0
  4118   1286.875  -0.001064  +0.000675  0.438  0.000  0.481  T  d0
  4119   1287.188  -0.000595  +0.002471  0.422  0.000  0.481  T  d2
  4120   1287.500  -0.000557  -0.001722  0.406  0.000  0.498  T  d3
  4121   1287.812  -0.000741  -0.000298  0.406  0.000  0.498  T  d1
  4122   1288.125  +0.000024  -0.000842  0.406  0.000  0.498  T  d1
  4123   1288.438  +0.001412  +0.000702  0.391  0.000  0.498  T  d1
  4124   1288.750  +0.000196  +0.002925  0.391  0.000  0.498  T  d3
  4125   1289.062  +0.002466  -0.000577  0.391  0.000  0.498  T  d0
  4126   1289.375  +0.000270  -0.000213  0.375  0.000  0.498  T  d0
  4127   1289.688  +0.001197  -0.000392  0.359  0.000  0.498  T  d1
  4128   1290.000  +0.001353  +0.003640  0.359  0.000  0.498  T  d1
  4129   1290.312  -0.001569  +0.001269  0.359  0.000  0.498  T  d1
  4130   1290.625  -0.001735  -0.000338  0.359  0.000  0.498  T  d1
  4131   1290.938  +0.001846  -0.001936  0.359  0.000  0.498  T  d2
  4132   1291.250  -0.000024  +0.000105  0.359  0.000  0.498  T  d3
  4133   1291.562  +0.002015  -0.001132  0.359  0.000  0.498  T  d2
  4134   1291.875  -0.006313  +0.000778  0.344  0.000  0.498  T  d0
  4135   1292.188  -0.001795  +0.000449  0.344  0.000  0.498  T  d2
  4136   1292.500  +0.003077  -0.001902  0.344  0.000  0.498  T  d2
  4137   1292.812  -0.001062  +0.000864  0.344  0.000  0.498  T  d1
  4138   1293.125  -0.001298  -0.002156  0.328  0.000  0.498  T  d1
  4139   1293.438  +0.002921  -0.001510  0.328  0.000  0.498  T  d1
  4140   1293.750  +0.000296  +0.000720  0.344  0.000  0.498  T  d0
  4141   1294.062  +0.000832  +0.000368  0.344  0.000  0.498  T  d1
  4142   1294.375  -0.000512  +0.002428  0.344  0.000  0.498  T  d2
  4143   1294.688  +0.001365  -0.001504  0.359  0.000  0.498  T  d3
  4144   1295.000  -0.000733  -0.000097  0.375  0.000  0.498  T  d2
  4145   1295.312  +0.002384  +0.000357  0.391  0.000  0.498  T  d3
  4146   1295.625  -0.000105  -0.000822  0.375  0.000  0.498  T  d3
  4147   1295.938  -0.004731  +0.000499  0.375  0.000  0.498  T  d1
  4148   1296.250  -0.000500  -0.000838  0.391  0.000  0.498  T  d0
  4149   1296.562  -0.002900  -0.002655  0.391  0.000  0.498  T  d3
  4150   1296.875  -0.000919  +0.000779  0.391  0.000  0.498  T  d1
  4151   1297.188  -0.000278  -0.001490  0.391  0.000  0.498  T  d3
  4152   1297.500  -0.002806  +0.001835  0.406  0.000  0.524  T  d0
  4153   1297.812  -0.000669  +0.001681  0.422  0.000  0.524  T  d0
  4154   1298.125  -0.000346  +0.000459  0.422  0.000  0.524  T  d2
  4155   1298.438  +0.000821  -0.001064  0.438  0.000  0.524  T  d1
  4156   1298.750  +0.004873  -0.000438  0.453  0.000  0.524  T  d0
  4157   1299.062  +0.002362  -0.001889  0.469  0.000  0.524  T  d1
  4158   1299.375  +0.001371  +0.004316  0.469  0.000  0.524  T  d3
  4159   1299.688  +0.003978  +0.000602  0.469  0.000  0.524  T  d0
  4160   1300.000  +0.009472  -0.003156  0.469  0.000  0.524  T  d0
  4161   1300.312  +0.004407  -0.000820  0.484  0.000  0.524  T  d0
  4162   1300.625  +0.003892  +0.000101  0.500  0.000  0.524  T  d0
  4163   1300.938  +0.003998  -0.002019  0.516  0.000  0.524  T  d1
  4164   1301.250  +0.000618  +0.000218  0.531  0.000  0.524  T  d1
  4165   1301.562  -0.002940  +0.003796  0.531  0.000  0.524  T  d1
  4166   1301.875  -0.003017  -0.000112  0.531  0.000  0.524  T  d0
  4167   1302.188  -0.010250  -0.000758  0.516  0.000  0.524  T  d0
  4168   1302.500  -0.011493  -0.004219  0.531  0.000  0.519  T  d0
  4169   1302.812  -0.009528  -0.008486  0.547  0.000  0.519  T  d3
  4170   1303.125  -0.008452  +0.003018  0.547  0.000  0.519  T  d0
  4171   1303.438  -0.005471  +0.004419  0.547  0.000  0.519  T  d0
  4172   1303.750  -0.002074  +0.004869  0.547  0.000  0.519  T  d3
  4173   1304.062  +0.005427  +0.008171  0.531  0.000  0.519  T  d0
  4174   1304.375  +0.005794  +0.009329  0.531  0.000  0.519  T  d0
  4175   1304.688  +0.008551  +0.009755  0.531  0.000  0.519  T  d0
  4176   1305.000  +0.005210  +0.008280  0.531  0.000  0.519  T  d0
  4177   1305.312  +0.002523  +0.001805  0.531  0.000  0.519  T  d3
  4178   1305.625  +0.004932  -0.003125  0.531  0.000  0.519  T  d3
  4179   1305.938  +0.001121  -0.011510  0.531  0.000  0.519  T  d0
  4180   1306.250  +0.004503  -0.011298  0.531  0.000  0.519  T  d0
  4181   1306.562  +0.000499  -0.017515  0.531  0.000  0.519  T  d0
  4182   1306.875  +0.000648  -0.012137  0.531  0.000  0.519  T  d0
  4183   1307.188  -0.003627  -0.006173  0.531  0.000  0.519  T  d0
  4184   1307.500  -0.005291  -0.005235  0.531  0.000  0.498  T  d0
  4185   1307.812  -0.004675  -0.003255  0.531  0.000  0.498  T  d3
  4186   1308.125  -0.000616  +0.004949  0.516  0.000  0.498  T  d0
  4187   1308.438  +0.000833  +0.001680  0.516  0.000  0.498  T  d0
  4188   1308.750  -0.002614  +0.010673  0.516  0.000  0.498  T  d0
  4189   1309.062  -0.002692  +0.008876  0.500  0.000  0.498  T  d0
  4190   1309.375  -0.003460  +0.008315  0.500  0.000  0.498  T  d0
  4191   1309.688  +0.000375  +0.007122  0.500  0.000  0.498  T  d3
  4192   1310.000  +0.002789  +0.001064  0.500  0.000  0.498  T  d0
  4193   1310.312  +0.006772  +0.004979  0.484  0.000  0.498  T  d0
  4194   1310.625  +0.003647  +0.001058  0.469  0.000  0.498  T  d0
  4195   1310.938  +0.002049  -0.001124  0.453  0.000  0.498  T  d0
  4196   1311.250  +0.002097  -0.002694  0.453  0.000  0.498  T  d3
  4197   1311.562  -0.001408  -0.003098  0.453  0.000  0.498  T  d1
  4198   1311.875  +0.003597  -0.000776  0.469  0.000  0.498  T  d3
  4199   1312.188  -0.002178  -0.004786  0.453  0.000  0.498  T  d0
  4200   1312.500  -0.000386  -0.001696  0.438  0.000  0.481  T  d0
  4201   1312.812  -0.005223  -0.004305  0.422  0.000  0.481  T  d2
  4202   1313.125  +0.000681  +0.000201  0.422  0.000  0.481  T  d1
  4203   1313.438  -0.000400  +0.000880  0.422  0.000  0.481  T  d1
  4204   1313.750  -0.004243  -0.000457  0.406  0.000  0.481  T  d1
  4205   1314.062  +0.002599  -0.002380  0.406  0.000  0.481  T  d2
  4206   1314.375  -0.002654  +0.004053  0.391  0.000  0.481  T  d3
  4207   1314.688  +0.001152  +0.001004  0.375  0.000  0.481  T  d1
  4208   1315.000  -0.000009  +0.000644  0.359  0.000  0.481  T  d3
  4209   1315.312  +0.002865  +0.001975  0.344  0.000  0.481  T  d2
  4210   1315.625  -0.004637  -0.000215  0.344  0.000  0.481  T  d1
  4211   1315.938  -0.000365  -0.000695  0.359  0.000  0.481  T  d2
  4212   1316.250  -0.000079  +0.004236  0.359  0.000  0.481  T  d0
  4213   1316.562  +0.001277  +0.001807  0.359  0.000  0.481  T  d2
  4214   1316.875  +0.000309  -0.004310  0.359  0.000  0.481  T  d3
  4215   1317.188  -0.000809  -0.000494  0.359  0.000  0.481  T  d1
  4216   1317.500  +0.002353  -0.002585  0.359  0.000  0.472  T  d0
  4217   1317.812  +0.000965  -0.002507  0.359  0.000  0.472  T  d2
  4218   1318.125  -0.001150  +0.003299  0.359  0.000  0.472  T  d3
  4219   1318.438  +0.000748  +0.000109  0.344  0.000  0.472  T  d2
  4220   1318.750  -0.002825  -0.001613  0.344  0.000  0.472  T  d2
  4221   1319.062  +0.001084  +0.000950  0.344  0.000  0.472  T  d3
  4222   1319.375  +0.000328  -0.001762  0.344  0.000  0.472  T  d2
  4223   1319.688  +0.000186  +0.003130  0.344  0.000  0.472  T  d0
  4224   1320.000  +0.001274  +0.001257  0.359  0.000  0.472  T  d2
  4225   1320.312  -0.002319  -0.002589  0.359  0.000  0.472  T  d3
  4226   1320.625  -0.001748  +0.000253  0.359  0.000  0.472  T  d2
  4227   1320.938  +0.002267  -0.000758  0.344  0.000  0.472  T  d1
  4228   1321.250  +0.002873  +0.002510  0.344  0.000  0.472  T  d1
  4229   1321.562  -0.000662  +0.000675  0.359  0.000  0.472  T  d0
  4230   1321.875  -0.000743  +0.001043  0.375  0.000  0.472  T  d1
  4231   1322.188  -0.001963  -0.002899  0.391  0.000  0.472  T  d1
  4232   1322.500  +0.001156  -0.002502  0.391  0.000  0.459  T  d1
  4233   1322.812  +0.001763  +0.000510  0.391  0.000  0.459  T  d2
  4234   1323.125  -0.001226  -0.001649  0.406  0.000  0.459  T  d0
  4235   1323.438  -0.000922  -0.003805  0.422  0.000  0.459  T  d3
  4236   1323.750  -0.003091  -0.000470  0.438  0.000  0.459  T  d1
  4237   1324.062  +0.000484  -0.003911  0.453  0.000  0.459  T  d3
  4238   1324.375  -0.001216  -0.000080  0.469  0.000  0.459  T  d1
  4239   1324.688  +0.001083  -0.001294  0.484  0.000  0.459  T  d2
  4240   1325.000  +0.000061  +0.001652  0.500  0.000  0.459  T  d3
  4241   1325.312  +0.002201  -0.000756  0.500  0.000  0.459  T  d1
  4242   1325.625  -0.001675  +0.005455  0.500  0.000  0.459  T  d0
  4243   1325.938  +0.001777  +0.004634  0.516  0.000  0.459  T  d0
  4244   1326.250  +0.001985  +0.004184  0.531  0.000  0.459  T  d0
  4245   1326.562  +0.004070  +0.005051  0.531  0.000  0.459  T  d0
  4246   1326.875  +0.006912  +0.008247  0.547  0.000  0.459  T  d0
  4247   1327.188  +0.002150  +0.006550  0.562  0.000  0.459  T  d0
  4248   1327.500  +0.003239  +0.002734  0.578  0.000  0.446  T  d0
  4249   1327.812  +0.004118  +0.002034  0.562  0.000  0.446  T  d3
  4250   1328.125  +0.001878  -0.001237  0.578  0.000  0.446  T  d3
  4251   1328.438  -0.003034  -0.004891  0.594  0.000  0.446  T  d0
  4252   1328.750  -0.008018  -0.007307  0.609  0.000  0.446  T  d0
  4253   1329.062  -0.004976  -0.012235  0.625  0.000  0.446  T  d0
  4254   1329.375  -0.005389  -0.013368  0.641  0.000  0.446  T  d0
  4255   1329.688  -0.007577  -0.013976  0.656  0.000  0.446  T  d0
  4256   1330.000  -0.005385  -0.008110  0.656  0.000  0.446  T  d0
  4257   1330.312  -0.007618  -0.003626  0.672  0.000  0.446  T  d0
  4258   1330.625  -0.008533  +0.001804  0.672  0.000  0.446  T  d3
  4259   1330.938  -0.006326  +0.009879  0.688  0.000  0.446  T  d0
  4260   1331.250  -0.003598  +0.012593  0.688  0.000  0.446  T  d0
  4261   1331.562  +0.002780  +0.014450  0.688  0.000  0.446  T  d0
  4262   1331.875  +0.002451  +0.011682  0.672  0.000  0.446  T  d0
  4263   1332.188  +0.007995  +0.011547  0.688  0.000  0.446  T  d0
  4264   1332.500  +0.005873  +0.004421  0.703  0.000  0.442  T  d0
  4265   1332.812  +0.011076  +0.005638  0.719  0.000  0.442  T  d0
  4266   1333.125  +0.011289  -0.002057  0.734  0.000  0.442  T  d0
  4267   1333.438  +0.013172  -0.007254  0.719  0.000  0.442  T  d0
  4268   1333.750  +0.012581  -0.010118  0.734  0.000  0.442  T  d0
  4269   1334.062  +0.008939  -0.014165  0.750  0.000  0.442  T  d0
  4270   1334.375  +0.006094  -0.014888  0.750  0.000  0.442  T  d0
  4271   1334.688  -0.002672  -0.013451  0.750  0.000  0.442  T  d0
  4272   1335.000  -0.001135  -0.007535  0.750  0.000  0.442  T  d3
  4273   1335.312  -0.002253  -0.000961  0.750  0.000  0.442  T  d3
  4274   1335.625  -0.010785  +0.006047  0.766  0.000  0.442  T  d0
  4275   1335.938  -0.019312  +0.007209  0.766  0.000  0.442  T  d0
  4276   1336.250  -0.015483  +0.007270  0.750  0.000  0.442  T  d0
  4277   1336.562  -0.012481  +0.008496  0.734  0.000  0.442  T  d0
  4278   1336.875  -0.007065  +0.011256  0.719  0.000  0.442  T  d0
  4279   1337.188  -0.005265  +0.012193  0.719  0.000  0.442  T  d0
  4280   1337.500  -0.001037  +0.003711  0.719  0.000  0.468  T  d3
  4281   1337.812  +0.003868  +0.004625  0.703  0.000  0.468  T  d0
  4282   1338.125  +0.003190  +0.003065  0.703  0.000  0.468  T  d0
  4283   1338.438  +0.006130  +0.001451  0.703  0.000  0.468  T  d0
  4284   1338.750  +0.012270  -0.005717  0.688  0.000  0.468  T  d0
  4285   1339.062  +0.005809  -0.008433  0.672  0.000  0.468  T  d0
  4286   1339.375  +0.005661  -0.006365  0.672  0.000  0.468  T  d0
  4287   1339.688  +0.001569  -0.004725  0.672  0.000  0.468  T  d0
  4288   1340.000  +0.003212  -0.003807  0.656  0.000  0.468  T  d0
  4289   1340.312  +0.003657  -0.009181  0.641  0.000  0.468  T  d3
  4290   1340.625  -0.001347  -0.001067  0.641  0.000  0.468  T  d0
  4291   1340.938  -0.002531  -0.005726  0.656  0.000  0.468  T  d3
  4292   1341.250  -0.003808  -0.000174  0.641  0.000  0.468  T  d2
  4293   1341.562  +0.003410  +0.002835  0.625  0.000  0.468  T  d1
  4294   1341.875  -0.003396  +0.000581  0.609  0.000  0.468  T  d0
  4295   1342.188  -0.003494  +0.003822  0.594  0.000  0.468  T  d0
  4296   1342.500  -0.002646  +0.001700  0.578  0.000  0.429  T  d0
  4297   1342.812  -0.001604  +0.002245  0.562  0.000  0.429  T  d0
  4298   1343.125  -0.001983  +0.000690  0.562  0.000  0.429  T  d3
  4299   1343.438  +0.000447  +0.006686  0.562  0.000  0.429  T  d0
  4300   1343.750  -0.000243  +0.001690  0.547  0.000  0.429  T  d0
  4301   1344.062  -0.000046  +0.001679  0.547  0.000  0.429  T  d2
  4302   1344.375  +0.001227  -0.001694  0.547  0.000  0.429  T  d1
  4303   1344.688  +0.005033  -0.000345  0.531  0.000  0.429  T  d1
  4304   1345.000  -0.000474  +0.001007  0.516  0.000  0.429  T  d2
  4305   1345.312  +0.000616  -0.001814  0.531  0.000  0.429  T  d0
  4306   1345.625  +0.001401  -0.002055  0.547  0.000  0.429  T  d0
  4307   1345.938  +0.000949  -0.003037  0.547  0.000  0.429  T  d2
  4308   1346.250  -0.000119  +0.000565  0.547  0.000  0.429  T  d3
  4309   1346.562  +0.001909  +0.000121  0.531  0.000  0.429  T  d2
  4310   1346.875  -0.000551  -0.000037  0.531  0.000  0.429  T  d0
  4311   1347.188  -0.003918  +0.001760  0.531  0.000  0.429  T  d0
  4312   1347.500  -0.003723  -0.001240  0.516  0.000  0.429  T  d1
  4313   1347.812  +0.000595  -0.000585  0.531  0.000  0.429  T  d2
  4314   1348.125  -0.000714  +0.000732  0.531  0.000  0.429  T  d2
  4315   1348.438  +0.003699  -0.001503  0.531  0.000  0.429  T  d2
  4316   1348.750  -0.002914  -0.000731  0.516  0.000  0.429  T  d2
  4317   1349.062  +0.000551  +0.000787  0.500  0.000  0.429  T  d0
  4318   1349.375  +0.002100  +0.002066  0.500  0.000  0.429  T  d0
  4319   1349.688  +0.003550  +0.002968  0.500  0.000  0.429  T  d1
  4320   1350.000  -0.002655  +0.002674  0.500  0.000  0.429  T  d3
  4321   1350.312  +0.002602  +0.001457  0.500  0.000  0.429  T  d0
  4322   1350.625  +0.002864  -0.000110  0.516  0.000  0.429  T  d0
  4323   1350.938  +0.002737  +0.001843  0.516  0.000  0.429  T  d3
  4324   1351.250  -0.000095  -0.001136  0.531  0.000  0.429  T  d3
  4325   1351.562  -0.006338  -0.000123  0.531  0.000  0.429  T  d1
  4326   1351.875  +0.003425  -0.004616  0.547  0.000  0.429  T  d3
  4327   1352.188  -0.001817  -0.000876  0.547  0.000  0.429  T  d3
  4328   1352.500  -0.003416  +0.002295  0.547  0.000  0.438  T  d1
  4329   1352.812  -0.005065  -0.002092  0.547  0.000  0.438  T  d0
  4330   1353.125  -0.006163  -0.004104  0.547  0.000  0.438  T  d0
  4331   1353.438  -0.002261  -0.003925  0.562  0.000  0.438  T  d3
  4332   1353.750  -0.005548  -0.001089  0.562  0.000  0.438  T  d0
  4333   1354.062  -0.005233  -0.001918  0.562  0.000  0.438  T  d0
  4334   1354.375  -0.003668  +0.000948  0.578  0.000  0.438  T  d1
  4335   1354.688  +0.000357  -0.001866  0.594  0.000  0.438  T  d1
  4336   1355.000  +0.002351  +0.001137  0.609  0.000  0.438  T  d0
  4337   1355.312  +0.004952  +0.003477  0.625  0.000  0.438  T  d0
  4338   1355.625  +0.009504  +0.003770  0.625  0.000  0.438  T  d0
  4339   1355.938  +0.014032  +0.008227  0.625  0.000  0.438  T  d0
  4340   1356.250  +0.006203  +0.009169  0.641  0.000  0.438  T  d3
  4341   1356.562  +0.009805  +0.000819  0.656  0.000  0.438  T  d0
  4342   1356.875  +0.005895  -0.000265  0.672  0.000  0.438  T  d0
  4343   1357.188  +0.006216  -0.003812  0.672  0.000  0.438  T  d3
  4344   1357.500  -0.002255  -0.010716  0.672  0.000  0.442  T  d0
  4345   1357.812  -0.003483  -0.014032  0.688  0.000  0.442  T  d0
  4346   1358.125  -0.001078  -0.013368  0.703  0.000  0.442  T  d0
  4347   1358.438  -0.003643  -0.010285  0.719  0.000  0.442  T  d3
  4348   1358.750  -0.003636  -0.001320  0.719  0.000  0.442  T  d3
  4349   1359.062  -0.006216  +0.003058  0.734  0.000  0.442  T  d0
  4350   1359.375  -0.014797  +0.012509  0.734  0.000  0.442  T  d0
  4351   1359.688  -0.010467  +0.015554  0.734  0.000  0.442  T  d0
  4352   1360.000  -0.012335  +0.012747  0.750  0.000  0.442  T  d0
  4353   1360.312  -0.005368  +0.020027  0.766  0.000  0.442  T  d0
  4354   1360.625  -0.003844  +0.012114  0.766  0.000  0.442  T  d0
  4355   1360.938  -0.001829  +0.009631  0.750  0.000  0.442  T  d0
  4356   1361.250  +0.002187  +0.006165  0.750  0.000  0.442  T  d3
  4357   1361.562  +0.004432  -0.002169  0.766  0.000  0.442  T  d0
  4358   1361.875  +0.010555  -0.007670  0.781  0.000  0.442  T  d0
  4359   1362.188  +0.014285  -0.016206  0.797  0.000  0.442  T  d0
  4360   1362.500  +0.015740  -0.014439  0.812  0.000  0.421  S  d0
  4361   1362.812  +0.012913  -0.014391  0.828  0.000  0.421  S  d0
  4362   1363.125  +0.012026  -0.013177  0.828  0.000  0.421  S  d0
  4363   1363.438  +0.004171  -0.010788  0.828  0.000  0.421  S  d0
  4364   1363.750  -0.004328  -0.010986  0.828  0.000  0.421  S  d0
  4365   1364.062  -0.008593  -0.009704  0.812  0.000  0.421  S  d0
  4366   1364.375  -0.011304  -0.002247  0.812  0.000  0.421  S  d0
  4367   1364.688  -0.011057  -0.000286  0.812  0.000  0.421  S  d0
  4368   1365.000  -0.012570  +0.003009  0.812  0.000  0.421  S  d0
  4369   1365.312  -0.012454  +0.009191  0.797  0.000  0.421  T  d0
  4370   1365.625  -0.007603  +0.010165  0.797  0.000  0.421  T  d0
  4371   1365.938  -0.004679  +0.009593  0.797  0.000  0.421  T  d0
  4372   1366.250  -0.003447  +0.019548  0.797  0.000  0.421  T  d0
  4373   1366.562  +0.004672  +0.014647  0.812  0.000  0.421  S  d0
  4374   1366.875  +0.008944  +0.010746  0.812  0.000  0.421  S  d0
  4375   1367.188  +0.014804  +0.009039  0.812  0.000  0.421  S  d0
  4376   1367.500  +0.015314  +0.005342  0.828  0.000  0.352  S  d0
  4377   1367.812  +0.011198  +0.004973  0.828  0.000  0.352  S  d0
  4378   1368.125  +0.011934  -0.001971  0.812  0.000  0.352  S  d0
  4379   1368.438  +0.008233  -0.005598  0.797  0.000  0.352  T  d3
  4380   1368.750  -0.001463  -0.009305  0.797  0.000  0.352  T  d0
  4381   1369.062  -0.005664  -0.011112  0.812  0.000  0.352  S  d0
  4382   1369.375  -0.008632  -0.015831  0.812  0.000  0.352  S  d0
  4383   1369.688  -0.012107  -0.012615  0.812  0.000  0.352  S  d0
  4384   1370.000  -0.010415  -0.011072  0.812  0.000  0.352  S  d0
  4385   1370.312  -0.013296  -0.008458  0.812  0.000  0.352  S  d0
  4386   1370.625  -0.009052  -0.005026  0.812  0.000  0.352  S  d3
  4387   1370.938  -0.007632  +0.003192  0.812  0.000  0.352  S  d3
  4388   1371.250  -0.001853  +0.007929  0.797  0.000  0.352  T  d0
  4389   1371.562  +0.002488  +0.007236  0.812  0.000  0.352  S  d0
  4390   1371.875  +0.004356  +0.006125  0.812  0.000  0.352  S  d0
  4391   1372.188  +0.003901  +0.006651  0.812  0.000  0.352  S  d0
  4392   1372.500  +0.006633  +0.004949  0.812  0.000  0.343  S  d0
  4393   1372.812  +0.006632  +0.001557  0.812  0.000  0.343  S  d0
  4394   1373.125  +0.008264  +0.001740  0.812  0.000  0.343  S  d0
  4395   1373.438  +0.003917  -0.000971  0.812  0.000  0.343  S  d1
  4396   1373.750  +0.001975  +0.001618  0.812  0.000  0.343  S  d3
  4397   1374.062  +0.003484  -0.008616  0.812  0.000  0.343  S  d0
  4398   1374.375  -0.001404  -0.005414  0.812  0.000  0.343  S  d2
  4399   1374.688  -0.000077  +0.000256  0.812  0.000  0.343  S  d2
  4400   1375.000  -0.000646  -0.001574  0.812  0.000  0.343  S  d3
  4401   1375.312  -0.002560  +0.002599  0.812  0.000  0.343  S  d0
  4402   1375.625  -0.000213  +0.002417  0.812  0.000  0.343  S  d0
  4403   1375.938  -0.002449  +0.002057  0.812  0.000  0.343  S  d0
  4404   1376.250  -0.001217  +0.004513  0.812  0.000  0.343  S  d0
  4405   1376.562  +0.000762  +0.004689  0.812  0.000  0.343  S  d0
  4406   1376.875  +0.004260  +0.007085  0.812  0.000  0.343  S  d0
  4407   1377.188  -0.000838  +0.006863  0.812  0.000  0.343  S  d0
  4408   1377.500  +0.001225  +0.003587  0.812  0.000  0.330  S  d0
  4409   1377.812  +0.003602  +0.001951  0.812  0.000  0.330  S  d3
  4410   1378.125  +0.001483  -0.000665  0.812  0.000  0.330  S  d3
  4411   1378.438  +0.000935  -0.003560  0.812  0.000  0.330  S  d3
  4412   1378.750  -0.005892  -0.007090  0.812  0.000  0.330  S  d0
  4413   1379.062  -0.004926  -0.011482  0.812  0.000  0.330  S  d0
  4414   1379.375  -0.002347  -0.015948  0.812  0.000  0.330  S  d0
  4415   1379.688  -0.003411  -0.011048  0.812  0.000  0.330  S  d0
  4416   1380.000  -0.007767  -0.009097  0.812  0.000  0.330  S  d0
  4417   1380.312  -0.004930  -0.005192  0.812  0.000  0.330  S  d0
  4418   1380.625  -0.002171  -0.000076  0.812  0.000  0.330  S  d0
  4419   1380.938  -0.008506  +0.003180  0.812  0.000  0.330  S  d3
  4420   1381.250  -0.001354  +0.005019  0.812  0.000  0.330  S  d0
  4421   1381.562  -0.002409  +0.012876  0.812  0.000  0.330  S  d0
  4422   1381.875  -0.001349  +0.014861  0.812  0.000  0.330  S  d0
  4423   1382.188  +0.000342  +0.012145  0.812  0.000  0.330  S  d0
  4424   1382.500  +0.007049  +0.012504  0.812  0.000  0.356  S  d0
  4425   1382.812  +0.012318  +0.007513  0.812  0.000  0.356  S  d0
  4426   1383.125  +0.015725  +0.005370  0.812  0.000  0.356  S  d0
  4427   1383.438  +0.009756  +0.001942  0.812  0.000  0.356  S  d0
  4428   1383.750  +0.009702  -0.003719  0.828  0.000  0.356  S  d0
  4429   1384.062  +0.009619  -0.006446  0.844  0.000  0.356  S  d0
  4430   1384.375  +0.008674  -0.009727  0.844  0.000  0.356  S  d0
  4431   1384.688  +0.004739  -0.009852  0.859  0.000  0.356  S  d0
  4432   1385.000  +0.000232  -0.011808  0.859  0.000  0.356  S  d0
  4433   1385.312  -0.003359  -0.012117  0.875  0.000  0.356  S  d0
  4434   1385.625  -0.009784  -0.009109  0.875  0.000  0.356  S  d0
  4435   1385.938  -0.011914  -0.003415  0.875  0.000  0.356  S  d0
  4436   1386.250  -0.013054  -0.004272  0.875  0.000  0.356  S  d0
  4437   1386.562  -0.014312  +0.002402  0.875  0.000  0.356  S  d0
  4438   1386.875  -0.012169  +0.007310  0.859  0.000  0.356  S  d0
  4439   1387.188  -0.014985  +0.006065  0.859  0.000  0.356  S  d0
  4440   1387.500  -0.011300  +0.009737  0.859  0.000  0.318  S  d0
  4441   1387.812  -0.008945  +0.013614  0.859  0.000  0.318  S  d0
  4442   1388.125  -0.003107  +0.009473  0.875  0.000  0.318  S  d0
  4443   1388.438  +0.001758  +0.007581  0.891  0.000  0.318  S  d3
  4444   1388.750  +0.009067  +0.000988  0.906  0.000  0.318  S  d0
  4445   1389.062  +0.013106  -0.001505  0.891  0.000  0.318  S  d0
  4446   1389.375  +0.019485  -0.002816  0.891  0.000  0.318  S  d0
  4447   1389.688  +0.016529  -0.005070  0.891  0.000  0.318  S  d0
  4448   1390.000  +0.016284  -0.010438  0.891  0.000  0.318  S  d0
  4449   1390.312  +0.013505  -0.009969  0.891  0.000  0.318  S  d0
  4450   1390.625  +0.008676  -0.007573  0.891  0.000  0.318  S  d3
  4451   1390.938  +0.000003  -0.008891  0.891  0.000  0.318  S  d3
  4452   1391.250  -0.001694  -0.000251  0.906  0.000  0.318  S  d0
  4453   1391.562  -0.008215  -0.002947  0.891  0.000  0.318  S  d0
  4454   1391.875  -0.009416  +0.001531  0.891  0.000  0.318  S  d0
  4455   1392.188  -0.009256  +0.001096  0.891  0.000  0.318  S  d0
  4456   1392.500  -0.009772  +0.005157  0.891  0.000  0.253  S  d0
  4457   1392.812  -0.007335  +0.008570  0.891  0.000  0.253  S  d0
  4458   1393.125  -0.007466  +0.009835  0.891  0.000  0.253  S  d0
  4459   1393.438  -0.003057  +0.008209  0.891  0.000  0.253  S  d0
  4460   1393.750  +0.001070  +0.008102  0.891  0.000  0.253  S  d0
  4461   1394.062  -0.001680  +0.008418  0.891  0.000  0.253  S  d0
  4462   1394.375  +0.000801  +0.008431  0.891  0.000  0.253  S  d0
  4463   1394.688  +0.003012  +0.003958  0.891  0.000  0.253  S  d3
  4464   1395.000  +0.001493  -0.004397  0.891  0.000  0.253  S  d0
  4465   1395.312  +0.005290  -0.008551  0.891  0.000  0.253  S  d0
  4466   1395.625  +0.009485  -0.013339  0.891  0.000  0.253  S  d0
  4467   1395.938  +0.006582  -0.012052  0.891  0.000  0.253  S  d0
  4468   1396.250  +0.002582  -0.014944  0.891  0.000  0.253  S  d0
  4469   1396.562  +0.000656  -0.007680  0.891  0.000  0.253  S  d3
  4470   1396.875  -0.007494  -0.003859  0.891  0.000  0.253  S  d0
  4471   1397.188  -0.009304  -0.000536  0.891  0.000  0.253  S  d0
  4472   1397.500  -0.012418  -0.001799  0.891  0.000  0.249  S  d0
  4473   1397.812  -0.012409  +0.005721  0.891  0.000  0.249  S  d0
  4474   1398.125  -0.010724  +0.006231  0.875  0.000  0.249  S  d0
  4475   1398.438  -0.007249  +0.007384  0.875  0.000  0.249  S  d0
  4476   1398.750  -0.000118  +0.003454  0.891  0.000  0.249  S  d3
  4477   1399.062  +0.009859  +0.005067  0.891  0.000  0.249  S  d0
  4478   1399.375  +0.015275  +0.005317  0.891  0.000  0.249  S  d0
  4479   1399.688  +0.015685  +0.002378  0.891  0.000  0.249  S  d0
  4480   1400.000  +0.017854  +0.004387  0.891  0.000  0.249  S  d0
  4481   1400.312  +0.018820  +0.001145  0.891  0.000  0.249  S  d0
  4482   1400.625  +0.012030  +0.001191  0.891  0.000  0.249  S  d0
  4483   1400.938  +0.009070  -0.003385  0.906  0.000  0.249  S  d0
  4484   1401.250  +0.004376  -0.004940  0.922  0.000  0.249  S  d3
  4485   1401.562  -0.003760  -0.002539  0.922  0.000  0.249  S  d0
  4486   1401.875  -0.011926  -0.005981  0.922  0.000  0.249  S  d0
  4487   1402.188  -0.019599  -0.005456  0.922  0.000  0.249  S  d0
  4488   1402.500  -0.018699  -0.006743  0.922  0.000  0.266  S  d0
  4489   1402.812  -0.017081  -0.003251  0.922  0.000  0.266  S  d0
  4490   1403.125  -0.015684  -0.002227  0.922  0.000  0.266  S  d0
  4491   1403.438  -0.009823  +0.004045  0.922  0.000  0.266  S  d0
  4492   1403.750  -0.007652  +0.011783  0.922  0.000  0.266  S  d0
  4493   1404.062  -0.000862  +0.009857  0.922  0.000  0.266  S  d0
  4494   1404.375  +0.001149  +0.012984  0.922  0.000  0.266  S  d0
  4495   1404.688  +0.008609  +0.015685  0.922  0.000  0.266  S  d0
  4496   1405.000  +0.007423  +0.005609  0.938  0.000  0.266  S  d0
  4497   1405.312  +0.006168  +0.001921  0.922  0.000  0.266  S  d0
  4498   1405.625  +0.011196  -0.004877  0.922  0.000  0.266  S  d0
  4499   1405.938  +0.011586  -0.010291  0.922  0.000  0.266  S  d0
  4500   1406.250  +0.010171  -0.013101  0.922  0.000  0.266  S  d0
  4501   1406.562  +0.010704  -0.019304  0.922  0.000  0.266  S  d0
  4502   1406.875  +0.011039  -0.018602  0.938  0.000  0.266  S  d0
  4503   1407.188  +0.007630  -0.018613  0.938  0.000  0.266  S  d0
  4504   1407.500  -0.000858  -0.010088  0.938  0.000  0.270  S  d0
  4505   1407.812  -0.003261  -0.003320  0.938  0.000  0.270  S  d3
  4506   1408.125  -0.005945  +0.003352  0.938  0.000  0.270  S  d0
  4507   1408.438  -0.007472  +0.005746  0.922  0.000  0.270  S  d0
  4508   1408.750  -0.014882  +0.012935  0.922  0.000  0.270  S  d0
  4509   1409.062  -0.013703  +0.014746  0.938  0.000  0.270  S  d0
  4510   1409.375  -0.016472  +0.016196  0.938  0.000  0.270  S  d0
  4511   1409.688  -0.012137  +0.018222  0.938  0.000  0.270  S  d0
  4512   1410.000  -0.009312  +0.015270  0.938  0.000  0.270  S  d0
  4513   1410.312  +0.001477  +0.012324  0.938  0.000  0.270  S  d0
  4514   1410.625  +0.006839  +0.006705  0.938  0.000  0.270  S  d0
  4515   1410.938  +0.009590  +0.003807  0.938  0.000  0.270  S  d0
  4516   1411.250  +0.008732  -0.002536  0.938  0.000  0.270  S  d0
  4517   1411.562  +0.014217  -0.004714  0.938  0.000  0.270  S  d0
  4518   1411.875  +0.016068  -0.005273  0.938  0.000  0.270  S  d0
  4519   1412.188  +0.012753  -0.015696  0.922  0.000  0.270  S  d0
  4520   1412.500  +0.006161  -0.015974  0.922  0.000  0.288  S  d0
  4521   1412.812  +0.006628  -0.016024  0.922  0.000  0.288  S  d0
  4522   1413.125  +0.002704  -0.014721  0.922  0.000  0.288  S  d0
  4523   1413.438  -0.002931  -0.012327  0.922  0.000  0.288  S  d0
  4524   1413.750  -0.008049  -0.006365  0.922  0.000  0.288  S  d0
  4525   1414.062  -0.012528  -0.005515  0.922  0.000  0.288  S  d0
  4526   1414.375  -0.013485  -0.001412  0.922  0.000  0.288  S  d0
  4527   1414.688  -0.009664  +0.003044  0.922  0.000  0.288  S  d0
  4528   1415.000  -0.011339  +0.002077  0.906  0.000  0.288  S  d3
  4529   1415.312  -0.007453  +0.011279  0.906  0.000  0.288  S  d0
  4530   1415.625  -0.007096  +0.010432  0.906  0.000  0.288  S  d0
  4531   1415.938  -0.005655  +0.010530  0.906  0.000  0.288  S  d0
  4532   1416.250  +0.003086  +0.012456  0.906  0.000  0.288  S  d0
  4533   1416.562  -0.001538  +0.013985  0.906  0.000  0.288  S  d0
  4534   1416.875  +0.006203  +0.010534  0.906  0.000  0.288  S  d0
  4535   1417.188  +0.006082  +0.006597  0.906  0.000  0.288  S  d0
  4536   1417.500  +0.008649  +0.008328  0.906  0.000  0.292  S  d0
  4537   1417.812  +0.010912  +0.003560  0.906  0.000  0.292  S  d0
  4538   1418.125  +0.012627  +0.002268  0.906  0.000  0.292  S  d3
  4539   1418.438  +0.009896  -0.007072  0.906  0.000  0.292  S  d0
  4540   1418.750  +0.009383  -0.005278  0.906  0.000  0.292  S  d0
  4541   1419.062  +0.006941  -0.009526  0.906  0.000  0.292  S  d0
  4542   1419.375  -0.000159  -0.009907  0.906  0.000  0.292  S  d0
  4543   1419.688  -0.002115  -0.014068  0.906  0.000  0.292  S  d0
  4544   1420.000  -0.006533  -0.014440  0.891  0.000  0.292  S  d0
  4545   1420.312  -0.009353  -0.015535  0.891  0.000  0.292  S  d0
  4546   1420.625  -0.014435  -0.009607  0.875  0.000  0.292  S  d0
  4547   1420.938  -0.011031  -0.010058  0.875  0.000  0.292  S  d0
  4548   1421.250  -0.010927  -0.005256  0.875  0.000  0.292  S  d3
  4549   1421.562  -0.005851  +0.003243  0.875  0.000  0.292  S  d0
  4550   1421.875  -0.003630  +0.003531  0.875  0.000  0.292  S  d3
  4551   1422.188  +0.001828  +0.007869  0.859  0.000  0.292  S  d0
  4552   1422.500  +0.005366  +0.014943  0.859  0.000  0.330  S  d0
  4553   1422.812  +0.004167  +0.019404  0.859  0.000  0.330  S  d0
  4554   1423.125  +0.006579  +0.016751  0.859  0.000  0.330  S  d0
  4555   1423.438  +0.011624  +0.012238  0.859  0.000  0.330  S  d0
  4556   1423.750  +0.008598  +0.011765  0.859  0.000  0.330  S  d0
  4557   1424.062  +0.006295  +0.004314  0.859  0.000  0.330  S  d0
  4558   1424.375  +0.005025  +0.000335  0.844  0.000  0.330  S  d0
  4559   1424.688  +0.005914  -0.004481  0.828  0.000  0.330  S  d3
  4560   1425.000  +0.000946  -0.009075  0.812  0.000  0.330  S  d0
  4561   1425.312  -0.004296  -0.009188  0.812  0.000  0.330  S  d0
  4562   1425.625  -0.001145  -0.007099  0.812  0.000  0.330  S  d0
  4563   1425.938  -0.008275  -0.009660  0.812  0.000  0.330  S  d0
  4564   1426.250  -0.008256  -0.007005  0.812  0.000  0.330  S  d0
  4565   1426.562  -0.011310  -0.009356  0.812  0.000  0.330  S  d0
  4566   1426.875  -0.009441  -0.001851  0.812  0.000  0.330  S  d0
  4567   1427.188  -0.010336  -0.000724  0.797  0.000  0.330  T  d0
  4568   1427.500  -0.004743  +0.003746  0.781  0.000  0.318  T  d0
  4569   1427.812  -0.002745  +0.001738  0.781  0.000  0.318  T  d3
  4570   1428.125  +0.000612  +0.004147  0.766  0.000  0.318  T  d0
  4571   1428.438  +0.002521  +0.002290  0.766  0.000  0.318  T  d0
  4572   1428.750  +0.010899  +0.005734  0.750  0.000  0.318  T  d0
  4573   1429.062  +0.011333  +0.003717  0.734  0.000  0.318  T  d0
  4574   1429.375  +0.011172  +0.005411  0.719  0.000  0.318  T  d0
  4575   1429.688  +0.011769  +0.005853  0.719  0.000  0.318  T  d3
  4576   1430.000  +0.008753  -0.003454  0.719  0.000  0.318  T  d0
  4577   1430.312  +0.002356  -0.003532  0.719  0.000  0.318  T  d3
  4578   1430.625  -0.003328  -0.005235  0.719  0.000  0.318  T  d0
  4579   1430.938  -0.001418  -0.009545  0.719  0.000  0.318  T  d0
  4580   1431.250  -0.006012  -0.011022  0.719  0.000  0.318  T  d0
  4581   1431.562  -0.007055  -0.009795  0.719  0.000  0.318  T  d0
  4582   1431.875  -0.006760  -0.005645  0.719  0.000  0.318  T  d3
  4583   1432.188  -0.005987  +0.003014  0.734  0.000  0.318  T  d0
  4584   1432.500  -0.001811  +0.004353  0.734  0.000  0.313  T  d0
  4585   1432.812  -0.002561  +0.011839  0.734  0.000  0.313  T  d0
  4586   1433.125  +0.000437  +0.009471  0.734  0.000  0.313  T  d0
  4587   1433.438  +0.003650  +0.010201  0.734  0.000  0.313  T  d0
  4588   1433.750  +0.003090  +0.012045  0.734  0.000  0.313  T  d0
  4589   1434.062  -0.001509  +0.006643  0.734  0.000  0.313  T  d3
  4590   1434.375  +0.003941  +0.000423  0.734  0.000  0.313  T  d3
  4591   1434.688  +0.001793  -0.002865  0.734  0.000  0.313  T  d1
  4592   1435.000  +0.004028  -0.000534  0.750  0.000  0.313  T  d3
  4593   1435.312  +0.001545  -0.002697  0.750  0.000  0.313  T  d0
  4594   1435.625  -0.000470  -0.006024  0.750  0.000  0.313  T  d0
  4595   1435.938  -0.002645  -0.005145  0.750  0.000  0.313  T  d0
  4596   1436.250  -0.005748  -0.004605  0.750  0.000  0.313  T  d0
  4597   1436.562  -0.002276  -0.006526  0.750  0.000  0.313  T  d0
  4598   1436.875  -0.001104  -0.000854  0.750  0.000  0.313  T  d3
  4599   1437.188  -0.003293  +0.000982  0.750  0.000  0.313  T  d3
  4600   1437.500  +0.001175  +0.001170  0.750  0.000  0.309  T  d0
  4601   1437.812  +0.000643  +0.000072  0.750  0.000  0.309  T  d1
  4602   1438.125  -0.001858  +0.005114  0.766  0.000  0.309  T  d3
  4603   1438.438  +0.001850  +0.001855  0.766  0.000  0.309  T  d2
  4604   1438.750  -0.000626  -0.001611  0.766  0.000  0.309  T  d1
  4605   1439.062  +0.002427  -0.000364  0.766  0.000  0.309  T  d3
  4606   1439.375  +0.002964  -0.005005  0.766  0.000  0.309  T  d0
  4607   1439.688  +0.001596  -0.003052  0.766  0.000  0.309  T  d0
  4608   1440.000  +0.002529  -0.004752  0.781  0.000  0.309  T  d0
  4609   1440.312  +0.001460  -0.005474  0.781  0.000  0.309  T  d0
  4610   1440.625  -0.000909  -0.006860  0.797  0.000  0.309  T  d0
  4611   1440.938  +0.000513  -0.007257  0.797  0.000  0.309  T  d0
  4612   1441.250  -0.002516  -0.004211  0.797  0.000  0.309  T  d3
  4613   1441.562  -0.002228  +0.001162  0.797  0.000  0.309  T  d0
  4614   1441.875  -0.002770  +0.005056  0.797  0.000  0.309  T  d0
  4615   1442.188  -0.000883  +0.010905  0.812  0.000  0.309  S  d0
  4616   1442.500  -0.002831  +0.012889  0.812  0.000  0.300  S  d0
  4617   1442.812  -0.006769  +0.018276  0.812  0.000  0.300  S  d0
  4618   1443.125  -0.003821  +0.014266  0.812  0.000  0.300  S  d0
  4619   1443.438  +0.001336  +0.008067  0.797  0.000  0.300  T  d0
  4620   1443.750  +0.007001  +0.007957  0.797  0.000  0.300  T  d0
  4621   1444.062  +0.009973  +0.002297  0.797  0.000  0.300  T  d0
  4622   1444.375  +0.007753  -0.001580  0.797  0.000  0.300  T  d0
  4623   1444.688  +0.007245  -0.007129  0.812  0.000  0.300  S  d0
  4624   1445.000  +0.005751  -0.009193  0.828  0.000  0.300  S  d0
  4625   1445.312  +0.006535  -0.013160  0.844  0.000  0.300  S  d0
  4626   1445.625  +0.004006  -0.015853  0.844  0.000  0.300  S  d0
  4627   1445.938  -0.002312  -0.013529  0.844  0.000  0.300  S  d0
  4628   1446.250  -0.005509  -0.016567  0.844  0.000  0.300  S  d0
  4629   1446.562  -0.006795  -0.008911  0.844  0.000  0.300  S  d0
  4630   1446.875  -0.007226  -0.003064  0.844  0.000  0.300  S  d0
  4631   1447.188  -0.012403  -0.003923  0.859  0.000  0.300  S  d0
  4632   1447.500  -0.011315  +0.001353  0.875  0.000  0.249  S  d0
  4633   1447.812  -0.008579  +0.002748  0.875  0.000  0.249  S  d0
  4634   1448.125  -0.008346  +0.008972  0.891  0.000  0.249  S  d0
  4635   1448.438  -0.004969  +0.012152  0.906  0.000  0.249  S  d0
  4636   1448.750  -0.002080  +0.012671  0.922  0.000  0.249  S  d0
  4637   1449.062  +0.001149  +0.014689  0.922  0.000  0.249  S  d0
  4638   1449.375  +0.001423  +0.011728  0.938  0.000  0.249  S  d0
  4639   1449.688  +0.007019  +0.009962  0.938  0.000  0.249  S  d0
  4640   1450.000  +0.010107  +0.007113  0.938  0.000  0.249  S  d0
  4641   1450.312  +0.009717  +0.003334  0.938  0.000  0.249  S  d0
  4642   1450.625  +0.010240  +0.000045  0.938  0.000  0.249  S  d0
  4643   1450.938  +0.010084  +0.001546  0.938  0.000  0.249  S  d0
  4644   1451.250  +0.009260  -0.006634  0.938  0.000  0.249  S  d0
  4645   1451.562  +0.007703  -0.006822  0.953  0.000  0.249  S  d0
  4646   1451.875  +0.002797  -0.009173  0.938  0.000  0.249  S  d0
  4647   1452.188  +0.001947  -0.006921  0.938  0.000  0.249  S  d0
  4648   1452.500  +0.001475  -0.010524  0.938  0.000  0.223  S  d0
  4649   1452.812  -0.000373  -0.012869  0.938  0.000  0.223  S  d0
  4650   1453.125  -0.003302  -0.011508  0.938  0.000  0.223  S  d3
  4651   1453.438  -0.010459  -0.004065  0.938  0.000  0.223  S  d0
  4652   1453.750  -0.006960  -0.005715  0.938  0.000  0.223  S  d0
  4653   1454.062  -0.008140  -0.006257  0.938  0.000  0.223  S  d3
  4654   1454.375  -0.007837  +0.002324  0.938  0.000  0.223  S  d0
  4655   1454.688  -0.006230  +0.000706  0.922  0.000  0.223  S  d0
  4656   1455.000  -0.008699  +0.004092  0.922  0.000  0.223  S  d0
  4657   1455.312  -0.006979  +0.008338  0.922  0.000  0.223  S  d0
  4658   1455.625  -0.006884  +0.004764  0.922  0.000  0.223  S  d0
  4659   1455.938  -0.003599  +0.008523  0.922  0.000  0.223  S  d0
  4660   1456.250  -0.002230  +0.014286  0.922  0.000  0.223  S  d0
  4661   1456.562  +0.003096  +0.010088  0.922  0.000  0.223  S  d0
  4662   1456.875  +0.004945  +0.008579  0.922  0.000  0.223  S  d0
  4663   1457.188  +0.008480  +0.008900  0.922  0.000  0.223  S  d0
  4664   1457.500  +0.010260  +0.006452  0.922  0.000  0.146  S  d0
  4665   1457.812  +0.011019  +0.005520  0.922  0.000  0.146  S  d0
  4666   1458.125  +0.009941  +0.001311  0.906  0.000  0.146  S  d0
  4667   1458.438  +0.008733  -0.003495  0.906  0.000  0.146  S  d0
  4668   1458.750  +0.007516  -0.001245  0.906  0.000  0.146  S  d3
  4669   1459.062  +0.005741  -0.010235  0.906  0.000  0.146  S  d0
  4670   1459.375  +0.001380  -0.011355  0.906  0.000  0.146  S  d0
  4671   1459.688  -0.002840  -0.014594  0.906  0.000  0.146  S  d0
  4672   1460.000  -0.007178  -0.016442  0.906  0.000  0.146  S  d0
  4673   1460.312  -0.003916  -0.012984  0.906  0.000  0.146  S  d0
  4674   1460.625  -0.012177  -0.012784  0.891  0.000  0.146  S  d0
  4675   1460.938  -0.009769  -0.012280  0.891  0.000  0.146  S  d0
  4676   1461.250  -0.012623  -0.005884  0.891  0.000  0.146  S  d0
  4677   1461.562  -0.008674  -0.001305  0.891  0.000  0.146  S  d3
  4678   1461.875  -0.002410  +0.005317  0.891  0.000  0.146  S  d0
  4679   1462.188  +0.001131  +0.011023  0.891  0.000  0.146  S  d0
  4680   1462.500  +0.003372  +0.020001  0.891  0.000  0.129  S  d0
  4681   1462.812  +0.007773  +0.017717  0.891  0.000  0.129  S  d0
  4682   1463.125  +0.004009  +0.017036  0.891  0.000  0.129  S  d0
  4683   1463.438  +0.006982  +0.017636  0.906  0.000  0.129  S  d0
  4684   1463.750  +0.008000  +0.011363  0.906  0.000  0.129  S  d0
  4685   1464.062  +0.010037  +0.008891  0.906  0.000  0.129  S  d0
  4686   1464.375  +0.007312  +0.001101  0.922  0.000  0.129  S  d3
  4687   1464.688  +0.001511  -0.008417  0.922  0.000  0.129  S  d0
  4688   1465.000  +0.003012  -0.009493  0.922  0.000  0.129  S  d0
  4689   1465.312  -0.003174  -0.008529  0.922  0.000  0.129  S  d0
  4690   1465.625  -0.003337  -0.015299  0.922  0.000  0.129  S  d0
  4691   1465.938  -0.007193  -0.014974  0.922  0.000  0.129  S  d0
  4692   1466.250  -0.011664  -0.009752  0.922  0.000  0.129  S  d0
  4693   1466.562  -0.010052  -0.003826  0.922  0.000  0.129  S  d0
  4694   1466.875  -0.010567  -0.005623  0.922  0.000  0.129  S  d0
  4695   1467.188  -0.011080  -0.001832  0.922  0.000  0.129  S  d0
  4696   1467.500  -0.005101  -0.000639  0.922  0.000  0.137  S  d0
  4697   1467.812  -0.003620  +0.000428  0.922  0.000  0.137  S  d3
  4698   1468.125  -0.001428  +0.005631  0.922  0.020  0.137  S  d0
  4699   1468.438  +0.003456  +0.008797  0.922  0.020  0.137  S  d0
  4700   1468.750  +0.009343  +0.007407  0.922  0.020  0.137  S  d0
  4701   1469.062  +0.013070  +0.008563  0.938  0.020  0.137  S  d0
  4702   1469.375  +0.014520  +0.011403  0.938  0.020  0.137  S  d0
  4703   1469.688  +0.017297  +0.008468  0.938  0.020  0.137  S  d0
  4704   1470.000  +0.011300  +0.007424  0.938  0.020  0.137  S  d0
  4705   1470.312  +0.011425  -0.000869  0.938  0.020  0.137  S  d3
  4706   1470.625  +0.007407  -0.009556  0.938  0.020  0.137  S  d0
  4707   1470.938  +0.000256  -0.009700  0.938  0.020  0.137  S  d0
  4708   1471.250  -0.002739  -0.011606  0.938  0.020  0.137  S  d0
  4709   1471.562  -0.004950  -0.011344  0.938  0.020  0.137  S  d0
  4710   1471.875  -0.008080  -0.009120  0.953  0.035  0.137  S  d0
  4711   1472.188  -0.016347  -0.008754  0.953  0.035  0.137  S  d0
  4712   1472.500  -0.016782  -0.001836  0.953  0.035  0.137  S  d0
  4713   1472.812  -0.015655  -0.000241  0.953  0.035  0.137  S  d0
  4714   1473.125  -0.014128  -0.000638  0.953  0.035  0.137  S  d0
  4715   1473.438  -0.009946  +0.007827  0.953  0.035  0.137  S  d0
  4716   1473.750  -0.007108  +0.010908  0.953  0.035  0.137  S  d0
  4717   1474.062  +0.000727  +0.008604  0.953  0.035  0.137  S  d0
  4718   1474.375  +0.003173  +0.009892  0.953  0.035  0.137  S  d0
  4719   1474.688  +0.004346  +0.013142  0.969  0.035  0.137  S  d0
  4720   1475.000  +0.008118  +0.008916  0.969  0.035  0.137  S  d0
  4721   1475.312  +0.008034  +0.006915  0.969  0.035  0.137  S  d0
  4722   1475.625  +0.014114  +0.002560  0.969  0.047  0.137  S  d0
  4723   1475.938  +0.011655  -0.000413  0.969  0.047  0.137  S  d0
  4724   1476.250  +0.012671  -0.004826  0.969  0.047  0.137  S  d0
  4725   1476.562  +0.010109  -0.005790  0.969  0.047  0.137  S  d0
  4726   1476.875  +0.008459  -0.006679  0.969  0.047  0.137  S  d0
  4727   1477.188  +0.003018  -0.007828  0.969  0.047  0.137  S  d0
  4728   1477.500  +0.004694  -0.006012  0.969  0.047  0.146  S  d0
  4729   1477.812  -0.000669  -0.009246  0.969  0.047  0.146  S  d0
  4730   1478.125  -0.004877  -0.007663  0.984  0.047  0.146  S  d0
  4731   1478.438  -0.005610  -0.010549  0.984  0.047  0.146  S  d0
  4732   1478.750  -0.010403  -0.008765  0.969  0.047  0.146  S  d0
  4733   1479.062  -0.010619  -0.002247  0.969  0.047  0.146  S  d0
  4734   1479.375  -0.012410  -0.001623  0.969  0.041  0.146  S  d0
  4735   1479.688  -0.006699  +0.001970  0.969  0.041  0.146  S  d0
  4736   1480.000  -0.009206  +0.000495  0.969  0.041  0.146  S  d0
  4737   1480.312  -0.008288  +0.005721  0.969  0.041  0.146  S  d0
  4738   1480.625  -0.009295  +0.007153  0.984  0.041  0.146  S  d0
  4739   1480.938  -0.003774  +0.011229  0.984  0.041  0.146  S  d0
  4740   1481.250  -0.001685  +0.009527  0.969  0.041  0.146  S  d0
  4741   1481.562  +0.001462  +0.010114  0.969  0.041  0.146  S  d0
  4742   1481.875  +0.006001  +0.005210  0.969  0.041  0.146  S  d0
  4743   1482.188  +0.004192  +0.007214  0.969  0.041  0.146  S  d0
  4744   1482.500  +0.010232  +0.004754  0.969  0.041  0.137  S  d0
  4745   1482.812  +0.011019  +0.003998  0.969  0.041  0.137  S  d0
  4746   1483.125  +0.013654  +0.001935  0.969  0.008  0.137  S  d0
  4747   1483.438  +0.011172  -0.000710  0.969  0.008  0.137  S  d0
  4748   1483.750  +0.012092  -0.003992  0.969  0.008  0.137  S  d0
  4749   1484.062  +0.005254  -0.006807  0.969  0.008  0.137  S  d0
  4750   1484.375  +0.004514  -0.008988  0.969  0.008  0.137  S  d0
  4751   1484.688  +0.006781  -0.009041  0.969  0.008  0.137  S  d0
  4752   1485.000  +0.000237  -0.008821  0.953  0.008  0.137  S  d0
  4753   1485.312  -0.001208  -0.006494  0.953  0.008  0.137  S  d0
  4754   1485.625  -0.009465  -0.008605  0.953  0.008  0.137  S  d0
  4755   1485.938  -0.010212  -0.004754  0.953  0.008  0.137  S  d0
  4756   1486.250  -0.011590  -0.005866  0.953  0.008  0.137  S  d0
  4757   1486.562  -0.015856  +0.000359  0.953  0.008  0.137  S  d0
  4758   1486.875  -0.015914  +0.002405  0.953  0.000  0.137  S  d0
  4759   1487.188  -0.013096  +0.006721  0.953  0.000  0.137  S  d0
  4760   1487.500  -0.010576  +0.006304  0.938  0.000  0.103  S  d0
  4761   1487.812  -0.008246  +0.011822  0.938  0.000  0.103  S  d0
  4762   1488.125  -0.003739  +0.006098  0.938  0.000  0.103  S  d0
  4763   1488.438  -0.001293  +0.005857  0.938  0.000  0.103  S  d3
  4764   1488.750  +0.006215  +0.003106  0.938  0.000  0.103  S  d0
  4765   1489.062  +0.016364  +0.000242  0.938  0.000  0.103  S  d0
  4766   1489.375  +0.021152  +0.002432  0.938  0.000  0.103  S  d0
  4767   1489.688  +0.018546  +0.002057  0.938  0.000  0.103  S  d0
  4768   1490.000  +0.016433  -0.004356  0.938  0.000  0.103  S  d0
  4769   1490.312  +0.015626  -0.005522  0.938  0.000  0.103  S  d0
  4770   1490.625  +0.007793  -0.004939  0.938  0.000  0.103  S  d0
  4771   1490.938  +0.003360  -0.007625  0.938  0.000  0.103  S  d3
  4772   1491.250  -0.003859  -0.005295  0.938  0.000  0.103  S  d0
  4773   1491.562  -0.004740  -0.002507  0.938  0.000  0.103  S  d0
  4774   1491.875  -0.009291  -0.003428  0.938  0.000  0.103  S  d0
  4775   1492.188  -0.011667  +0.000567  0.938  0.000  0.103  S  d0
  4776   1492.500  -0.009644  +0.001751  0.938  0.000  0.094  S  d0
  4777   1492.812  -0.012175  +0.005894  0.938  0.000  0.094  S  d0
  4778   1493.125  -0.011146  +0.004711  0.938  0.000  0.094  S  d0
  4779   1493.438  -0.007799  +0.010187  0.938  0.000  0.094  S  d0
  4780   1493.750  -0.008312  +0.007824  0.938  0.000  0.094  S  d0
  4781   1494.062  -0.004924  +0.011561  0.938  0.000  0.094  S  d0
  4782   1494.375  -0.001290  +0.009738  0.938  0.000  0.094  S  d0
  4783   1494.688  +0.002990  +0.005710  0.938  0.000  0.094  S  d3
  4784   1495.000  +0.007817  -0.003940  0.938  0.000  0.094  S  d0
  4785   1495.312  +0.007648  -0.010907  0.938  0.000  0.094  S  d0
  4786   1495.625  +0.014790  -0.011030  0.938  0.000  0.094  S  d0
  4787   1495.938  +0.013725  -0.012687  0.938  0.000  0.094  S  d0
  4788   1496.250  +0.014593  -0.007998  0.938  0.000  0.094  S  d0
  4789   1496.562  +0.009303  -0.011306  0.938  0.000  0.094  S  d0
  4790   1496.875  +0.000232  -0.013493  0.938  0.000  0.094  S  d0
  4791   1497.188  -0.001339  -0.010120  0.938  0.000  0.094  S  d3
  4792   1497.500  -0.006648  -0.003775  0.938  0.000  0.120  S  d0
  4793   1497.812  -0.011331  -0.000869  0.938  0.000  0.120  S  d0
  4794   1498.125  -0.011705  +0.002699  0.938  0.011  0.120  S  d0
  4795   1498.438  -0.011606  +0.010124  0.938  0.011  0.120  S  d0
  4796   1498.750  -0.012178  +0.009316  0.953  0.011  0.120  S  d0
  4797   1499.062  -0.011611  +0.011297  0.953  0.011  0.120  S  d0
  4798   1499.375  -0.003075  +0.012572  0.953  0.011  0.120  S  d0
  4799   1499.688  -0.002331  +0.013040  0.953  0.011  0.120  S  d0
  4800   1500.000  +0.002383  +0.015180  0.953  0.011  0.120  S  d0
  4801   1500.312  +0.005150  +0.008694  0.953  0.011  0.120  S  d0
  4802   1500.625  +0.007528  +0.006853  0.953  0.011  0.120  S  d0
  4803   1500.938  +0.012576  -0.000522  0.953  0.011  0.120  S  d0
  4804   1501.250  +0.011521  +0.000397  0.969  0.011  0.120  S  d0
  4805   1501.562  +0.013550  -0.004309  0.969  0.011  0.120  S  d0
  4806   1501.875  +0.009433  -0.009906  0.969  0.013  0.120  S  d0
  4807   1502.188  +0.007801  -0.011102  0.969  0.013  0.120  S  d0
  4808   1502.500  +0.003793  -0.010445  0.969  0.013  0.159  S  d0
  4809   1502.812  +0.001343  -0.011583  0.969  0.013  0.159  S  d0
  4810   1503.125  -0.005826  -0.013561  0.969  0.013  0.159  S  d0
  4811   1503.438  -0.002297  -0.010483  0.969  0.013  0.159  S  d0
  4812   1503.750  -0.006539  -0.005594  0.969  0.013  0.159  S  d0
  4813   1504.062  -0.009847  -0.006198  0.969  0.013  0.159  S  d0
  4814   1504.375  -0.010337  -0.003002  0.969  0.013  0.159  S  d0
  4815   1504.688  -0.007655  -0.000070  0.969  0.013  0.159  S  d0
  4816   1505.000  -0.009128  +0.004324  0.984  0.013  0.159  S  d0
  4817   1505.312  -0.006738  +0.008864  0.969  0.013  0.159  S  d0
  4818   1505.625  -0.008180  +0.005621  0.969  0.000  0.159  S  d0
  4819   1505.938  -0.003032  +0.011532  0.969  0.000  0.159  S  d0
  4820   1506.250  +0.001130  +0.009406  0.969  0.000  0.159  S  d0
  4821   1506.562  -0.003479  +0.009232  0.969  0.000  0.159  S  d0
  4822   1506.875  -0.000842  +0.011626  0.969  0.000  0.159  S  d0
  4823   1507.188  +0.002439  +0.006619  0.969  0.000  0.159  S  d0
  4824   1507.500  +0.005244  +0.006918  0.984  0.000  0.137  S  d0
  4825   1507.812  +0.009192  +0.004427  0.984  0.000  0.137  S  d0
  4826   1508.125  +0.010954  +0.003867  0.984  0.000  0.137  S  d0
  4827   1508.438  +0.010281  -0.004346  0.984  0.000  0.137  S  d0
  4828   1508.750  +0.010040  -0.002450  0.984  0.000  0.137  S  d0
  4829   1509.062  +0.010008  -0.005717  0.984  0.000  0.137  S  d0
  4830   1509.375  +0.003497  -0.007831  0.984  0.000  0.137  S  d0
  4831   1509.688  +0.004738  -0.009771  0.984  0.000  0.137  S  d0
  4832   1510.000  +0.000164  -0.013052  0.984  0.000  0.137  S  d0
  4833   1510.312  +0.002125  -0.010313  0.984  0.000  0.137  S  d0
  4834   1510.625  -0.000671  -0.009749  0.984  0.000  0.137  S  d0
  4835   1510.938  -0.006381  -0.011212  0.984  0.000  0.137  S  d0
  4836   1511.250  -0.007491  -0.006806  0.969  0.000  0.137  S  d0
  4837   1511.562  -0.010706  -0.004874  0.969  0.000  0.137  S  d0
  4838   1511.875  -0.008916  -0.001306  0.969  0.000  0.137  S  d0
  4839   1512.188  -0.008295  +0.001416  0.969  0.000  0.137  S  d0
  4840   1512.500  -0.008802  +0.009840  0.969  0.000  0.120  S  d0
  4841   1512.812  -0.005898  +0.010462  0.969  0.000  0.120  S  d0
  4842   1513.125  -0.002470  +0.015555  0.969  0.010  0.120  S  d0
  4843   1513.438  -0.001831  +0.013042  0.969  0.010  0.120  S  d0
  4844   1513.750  -0.002343  +0.018390  0.953  0.010  0.120  S  d0
  4845   1514.062  +0.000899  +0.017113  0.953  0.010  0.120  S  d0
  4846   1514.375  +0.006667  +0.011014  0.953  0.010  0.120  S  d0
  4847   1514.688  +0.006812  +0.004719  0.953  0.010  0.120  S  d0
  4848   1515.000  +0.003148  +0.002935  0.953  0.010  0.120  S  d3
  4849   1515.312  +0.006151  -0.007639  0.953  0.010  0.120  S  d0
  4850   1515.625  +0.001990  -0.012742  0.953  0.010  0.120  S  d0
  4851   1515.938  +0.009996  -0.015135  0.953  0.010  0.120  S  d0
  4852   1516.250  +0.009523  -0.018836  0.953  0.010  0.120  S  d0
  4853   1516.562  +0.004196  -0.017035  0.953  0.010  0.120  S  d0
  4854   1516.875  +0.002603  -0.015212  0.953  0.002  0.120  S  d0
  4855   1517.188  -0.004322  -0.011888  0.953  0.002  0.120  S  d0
  4856   1517.500  -0.006845  -0.006329  0.953  0.002  0.120  S  d0
  4857   1517.812  -0.004075  -0.000265  0.953  0.002  0.120  S  d0
  4858   1518.125  -0.006783  +0.001715  0.953  0.002  0.120  S  d0
  4859   1518.438  -0.007774  +0.006191  0.953  0.002  0.120  S  d0
  4860   1518.750  -0.006846  +0.011793  0.953  0.002  0.120  S  d0
  4861   1519.062  +0.000045  +0.013668  0.953  0.002  0.120  S  d0
  4862   1519.375  +0.000119  +0.012395  0.953  0.002  0.120  S  d0
  4863   1519.688  +0.001408  +0.012485  0.953  0.002  0.120  S  d0
  4864   1520.000  +0.008813  +0.009505  0.953  0.002  0.120  S  d0
  4865   1520.312  +0.007118  +0.008109  0.953  0.002  0.120  S  d0
  4866   1520.625  +0.011203  +0.005116  0.938  0.024  0.120  S  d0
  4867   1520.938  +0.007051  +0.004991  0.938  0.024  0.120  S  d3
  4868   1521.250  +0.001940  -0.000543  0.938  0.024  0.120  S  d0
  4869   1521.562  +0.002849  -0.004096  0.938  0.024  0.120  S  d0
  4870   1521.875  -0.001037  -0.008369  0.938  0.024  0.120  S  d0
  4871   1522.188  -0.005996  -0.010135  0.938  0.024  0.120  S  d0
  4872   1522.500  -0.007481  -0.013751  0.938  0.024  0.159  S  d0
  4873   1522.812  -0.008829  -0.018367  0.938  0.024  0.159  S  d0
  4874   1523.125  -0.009620  -0.016477  0.938  0.024  0.159  S  d0
  4875   1523.438  -0.009167  -0.009468  0.938  0.024  0.159  S  d3
  4876   1523.750  -0.010386  -0.000142  0.938  0.024  0.159  S  d0
  4877   1524.062  -0.009135  +0.004999  0.938  0.024  0.159  S  d0
  4878   1524.375  -0.003787  +0.008128  0.922  0.007  0.159  S  d0
  4879   1524.688  -0.003213  +0.008593  0.922  0.007  0.159  S  d0
  4880   1525.000  -0.000105  +0.010817  0.922  0.007  0.159  S  d0
  4881   1525.312  +0.006887  +0.013153  0.938  0.007  0.159  S  d0
  4882   1525.625  +0.009053  +0.017616  0.938  0.007  0.159  S  d0
  4883   1525.938  +0.012304  +0.012746  0.938  0.007  0.159  S  d0
  4884   1526.250  +0.016352  +0.006483  0.938  0.007  0.159  S  d0
  4885   1526.562  +0.012368  +0.001716  0.938  0.007  0.159  S  d0
  4886   1526.875  +0.007786  -0.003161  0.938  0.007  0.159  S  d0
  4887   1527.188  +0.011293  -0.005706  0.938  0.007  0.159  S  d0
  4888   1527.500  +0.006876  -0.009403  0.938  0.007  0.189  S  d0
  4889   1527.812  +0.003864  -0.008807  0.938  0.007  0.189  S  d0
  4890   1528.125  -0.000913  -0.012072  0.938  0.015  0.189  S  d0
  4891   1528.438  -0.006196  -0.012358  0.938  0.015  0.189  S  d0
  4892   1528.750  -0.008281  -0.009841  0.938  0.015  0.189  S  d0
  4893   1529.062  -0.011585  -0.007990  0.938  0.015  0.189  S  d0
  4894   1529.375  -0.009789  -0.006672  0.938  0.015  0.189  S  d0
  4895   1529.688  -0.011065  -0.001967  0.938  0.015  0.189  S  d0
  4896   1530.000  -0.007797  -0.000534  0.938  0.015  0.189  S  d0
  4897   1530.312  -0.010262  +0.000019  0.938  0.015  0.189  S  d3
  4898   1530.625  -0.006981  +0.007550  0.938  0.015  0.189  S  d0
  4899   1530.938  -0.006909  +0.006809  0.938  0.015  0.189  S  d0
  4900   1531.250  -0.006353  +0.012960  0.953  0.015  0.189  S  d0
  4901   1531.562  -0.001202  +0.011100  0.953  0.015  0.189  S  d0
  4902   1531.875  +0.005300  +0.008120  0.938  0.017  0.189  S  d0
  4903   1532.188  +0.003708  +0.006341  0.938  0.017  0.189  S  d0
  4904   1532.500  +0.005841  +0.007823  0.938  0.017  0.215  S  d0
  4905   1532.812  +0.011427  +0.007070  0.938  0.017  0.215  S  d0
  4906   1533.125  +0.008707  +0.006390  0.938  0.017  0.215  S  d0
  4907   1533.438  +0.011966  +0.002650  0.938  0.017  0.215  S  d0
  4908   1533.750  +0.009798  -0.002711  0.953  0.017  0.215  S  d0
  4909   1534.062  +0.010826  -0.002257  0.953  0.017  0.215  S  d3
  4910   1534.375  +0.003954  -0.008543  0.938  0.017  0.215  S  d0
  4911   1534.688  +0.004042  -0.004601  0.922  0.017  0.215  S  d0
  4912   1535.000  +0.003492  -0.009772  0.922  0.017  0.215  S  d0
  4913   1535.312  -0.000756  -0.009636  0.922  0.017  0.215  S  d0
  4914   1535.625  -0.001894  -0.012722  0.922  0.024  0.215  S  d0
  4915   1535.938  -0.004880  -0.009398  0.922  0.024  0.215  S  d0
  4916   1536.250  -0.009157  -0.009098  0.922  0.024  0.215  S  d0
  4917   1536.562  -0.009303  -0.004893  0.922  0.024  0.215  S  d0
  4918   1536.875  -0.009662  +0.000477  0.922  0.024  0.215  S  d0
  4919   1537.188  -0.013158  -0.002593  0.922  0.024  0.215  S  d0
  4920   1537.500  -0.012054  +0.001049  0.922  0.024  0.202  S  d0
  4921   1537.812  -0.008307  +0.001805  0.922  0.024  0.202  S  d0
  4922   1538.125  -0.007324  +0.007044  0.906  0.024  0.202  S  d0
  4923   1538.438  -0.004162  +0.010061  0.891  0.024  0.202  S  d0
  4924   1538.750  +0.000445  +0.011061  0.891  0.024  0.202  S  d0
  4925   1539.062  +0.004805  +0.012202  0.891  0.024  0.202  S  d0
  4926   1539.375  +0.006408  +0.010005  0.891  0.012  0.202  S  d0
  4927   1539.688  +0.011882  +0.007967  0.891  0.012  0.202  S  d0
  4928   1540.000  +0.011124  +0.004237  0.891  0.012  0.202  S  d0
  4929   1540.312  +0.016834  +0.002701  0.891  0.012  0.202  S  d0
  4930   1540.625  +0.016546  -0.000941  0.906  0.012  0.202  S  d0
  4931   1540.938  +0.014211  +0.001435  0.891  0.012  0.202  S  d0
  4932   1541.250  +0.011319  -0.005593  0.891  0.012  0.202  S  d0
  4933   1541.562  +0.005564  -0.005487  0.891  0.012  0.202  S  d3
  4934   1541.875  -0.003636  -0.005739  0.891  0.012  0.202  S  d0
  4935   1542.188  -0.009305  -0.005582  0.891  0.012  0.202  S  d0
  4936   1542.500  -0.013772  -0.008005  0.891  0.012  0.163  S  d0
  4937   1542.812  -0.016281  -0.010356  0.891  0.012  0.163  S  d0
  4938   1543.125  -0.014603  -0.008420  0.891  0.010  0.163  S  d0
  4939   1543.438  -0.018355  -0.002064  0.891  0.010  0.163  S  d0
  4940   1543.750  -0.015393  -0.003709  0.891  0.010  0.163  S  d0
  4941   1544.062  -0.006870  -0.002714  0.875  0.010  0.163  S  d3
  4942   1544.375  -0.004450  +0.003593  0.891  0.010  0.163  S  d3
  4943   1544.688  +0.002718  +0.005937  0.891  0.010  0.163  S  d0
  4944   1545.000  +0.004850  +0.009789  0.891  0.010  0.163  S  d0
  4945   1545.312  +0.006413  +0.010674  0.891  0.010  0.163  S  d0
  4946   1545.625  +0.009193  +0.003495  0.891  0.010  0.163  S  d0
  4947   1545.938  +0.016535  +0.002145  0.891  0.010  0.163  S  d0
  4948   1546.250  +0.014515  -0.001223  0.891  0.010  0.163  S  d0
  4949   1546.562  +0.009836  -0.000649  0.891  0.010  0.163  S  d0
  4950   1546.875  +0.011293  -0.004137  0.891  0.019  0.163  S  d0
  4951   1547.188  +0.008900  -0.007553  0.891  0.019  0.163  S  d0
  4952   1547.500  +0.003805  -0.004170  0.891  0.019  0.163  S  d0
  4953   1547.812  +0.003093  -0.003205  0.891  0.019  0.163  S  d3
  4954   1548.125  -0.002140  -0.006941  0.891  0.019  0.163  S  d3
  4955   1548.438  -0.007276  -0.000469  0.891  0.019  0.163  S  d0
  4956   1548.750  -0.008064  +0.004849  0.891  0.019  0.163  S  d0
  4957   1549.062  -0.020516  +0.005377  0.891  0.019  0.163  S  d0
  4958   1549.375  -0.019228  +0.001945  0.891  0.019  0.163  S  d0
  4959   1549.688  -0.016020  +0.006004  0.891  0.019  0.163  S  d0
  4960   1550.000  -0.011614  +0.003668  0.891  0.019  0.163  S  d0
  4961   1550.312  -0.006580  +0.007434  0.891  0.019  0.163  S  d0
  4962   1550.625  -0.001587  +0.007887  0.891  0.016  0.163  S  d3
  4963   1550.938  +0.007738  +0.006620  0.891  0.016  0.163  S  d0
  4964   1551.250  +0.010604  +0.005166  0.891  0.016  0.163  S  d0
  4965   1551.562  +0.011578  +0.004263  0.891  0.016  0.163  S  d0
  4966   1551.875  +0.011899  -0.001241  0.906  0.016  0.163  S  d0
  4967   1552.188  +0.017443  -0.004737  0.906  0.016  0.163  S  d0
  4968   1552.500  +0.011987  -0.006910  0.906  0.016  0.172  S  d0
  4969   1552.812  +0.010621  -0.012010  0.906  0.016  0.172  S  d0
  4970   1553.125  +0.008062  -0.010601  0.906  0.016  0.172  S  d0
  4971   1553.438  +0.001936  -0.012391  0.906  0.016  0.172  S  d0
  4972   1553.750  +0.000847  -0.010535  0.906  0.016  0.172  S  d3
  4973   1554.062  -0.007612  -0.005232  0.906  0.016  0.172  S  d0
  4974   1554.375  -0.009279  -0.004407  0.922  0.031  0.172  S  d0
  4975   1554.688  -0.013427  -0.005039  0.938  0.031  0.172  S  d0
  4976   1555.000  -0.011548  +0.000754  0.938  0.031  0.172  S  d0
  4977   1555.312  -0.010498  +0.002189  0.938  0.031  0.172  S  d0
  4978   1555.625  -0.010093  +0.006673  0.938  0.031  0.172  S  d0
  4979   1555.938  -0.008666  +0.004133  0.938  0.031  0.172  S  d0
  4980   1556.250  -0.008960  +0.011507  0.938  0.031  0.172  S  d0
  4981   1556.562  -0.002224  +0.011387  0.938  0.031  0.172  S  d0
  4982   1556.875  -0.001259  +0.012117  0.938  0.031  0.172  S  d0
  4983   1557.188  +0.004782  +0.007071  0.938  0.031  0.172  S  d0
  4984   1557.500  +0.001959  +0.007981  0.938  0.031  0.180  S  d0
  4985   1557.812  +0.007635  +0.006229  0.938  0.031  0.180  S  d0
  4986   1558.125  +0.008956  +0.001644  0.953  0.025  0.180  S  d0
  4987   1558.438  +0.010909  +0.002572  0.969  0.025  0.180  S  d0
  4988   1558.750  +0.013178  -0.002760  0.953  0.025  0.180  S  d0
  4989   1559.062  +0.007274  -0.003335  0.953  0.025  0.180  S  d0
  4990   1559.375  +0.011828  -0.003242  0.953  0.025  0.180  S  d0
  4991   1559.688  +0.006424  -0.005900  0.953  0.025  0.180  S  d0
  4992   1560.000  +0.003102  -0.007064  0.953  0.025  0.180  S  d0
  4993   1560.312  +0.001693  -0.010858  0.953  0.025  0.180  S  d0
  4994   1560.625  -0.001207  -0.010753  0.953  0.025  0.180  S  d0
  4995   1560.938  -0.002822  -0.012634  0.969  0.025  0.180  S  d0
  4996   1561.250  -0.005293  -0.008739  0.969  0.025  0.180  S  d0
  4997   1561.562  -0.008079  -0.008396  0.969  0.025  0.180  S  d0
  4998   1561.875  -0.007944  -0.002266  0.953  0.023  0.180  S  d0
  4999   1562.188  -0.008931  -0.000121  0.953  0.023  0.180  S  d0
  5000   1562.500  -0.011524  +0.003996  0.953  0.023  0.180  S  d0
  5001   1562.812  -0.010125  +0.005951  0.953  0.023  0.180  S  d0
  5002   1563.125  -0.010884  +0.007726  0.953  0.023  0.180  S  d0
  5003   1563.438  -0.006639  +0.009917  0.953  0.023  0.180  S  d0
  5004   1563.750  -0.003954  +0.011378  0.953  0.023  0.180  S  d0
  5005   1564.062  -0.000499  +0.012458  0.969  0.023  0.180  S  d0
  5006   1564.375  +0.001745  +0.012059  0.969  0.023  0.180  S  d0
  5007   1564.688  +0.002962  +0.009688  0.969  0.023  0.180  S  d0
  5008   1565.000  +0.006498  +0.005926  0.953  0.023  0.180  S  d0
  5009   1565.312  +0.006255  +0.002262  0.953  0.023  0.180  S  d0
  5010   1565.625  +0.012856  -0.002007  0.953  0.034  0.180  S  d0
  5011   1565.938  +0.010266  -0.004390  0.953  0.034  0.180  S  d0
  5012   1566.250  +0.013013  -0.004310  0.953  0.034  0.180  S  d0
  5013   1566.562  +0.009978  -0.013529  0.953  0.034  0.180  S  d0
  5014   1566.875  +0.008823  -0.013516  0.953  0.034  0.180  S  d0
  5015   1567.188  +0.002583  -0.014972  0.953  0.034  0.180  S  d0
  5016   1567.500  +0.004542  -0.010912  0.953  0.034  0.150  S  d0
  5017   1567.812  -0.000357  -0.012188  0.938  0.034  0.150  S  d0
  5018   1568.125  -0.004275  -0.007534  0.938  0.034  0.150  S  d0
  5019   1568.438  -0.005212  -0.005470  0.938  0.034  0.150  S  d3
  5020   1568.750  -0.008964  +0.002246  0.938  0.034  0.150  S  d0
  5021   1569.062  -0.013664  +0.011781  0.938  0.034  0.150  S  d0
  5022   1569.375  -0.011274  +0.013418  0.938  0.043  0.150  S  d0
  5023   1569.688  -0.008893  +0.012786  0.938  0.043  0.150  S  d0
  5024   1570.000  -0.009685  +0.015663  0.938  0.043  0.150  S  d0
  5025   1570.312  -0.008351  +0.014381  0.938  0.043  0.150  S  d0
  5026   1570.625  -0.000492  +0.010375  0.938  0.043  0.150  S  d0
  5027   1570.938  +0.006003  +0.007084  0.922  0.043  0.150  S  d0
  5028   1571.250  +0.003774  +0.000528  0.922  0.043  0.150  S  d0
  5029   1571.562  +0.006747  +0.002668  0.922  0.043  0.150  S  d3
  5030   1571.875  +0.007253  -0.005022  0.922  0.043  0.150  S  d0
  5031   1572.188  +0.007150  -0.009627  0.922  0.043  0.150  S  d0
  5032   1572.500  +0.004427  -0.009462  0.922  0.043  0.112  S  d0
  5033   1572.812  +0.004022  -0.014053  0.922  0.043  0.112  S  d0
  5034   1573.125  +0.003301  -0.013160  0.922  0.027  0.112  S  d0
  5035   1573.438  -0.002220  -0.013722  0.922  0.027  0.112  S  d0
  5036   1573.750  -0.001227  -0.013031  0.922  0.027  0.112  S  d0
  5037   1574.062  -0.000535  -0.005876  0.922  0.027  0.112  S  d0
  5038   1574.375  -0.003892  -0.004084  0.922  0.027  0.112  S  d0
  5039   1574.688  -0.008197  -0.004368  0.922  0.027  0.112  S  d3
  5040   1575.000  -0.002981  +0.006401  0.922  0.027  0.112  S  d0
  5041   1575.312  +0.001738  +0.010902  0.922  0.027  0.112  S  d0
  5042   1575.625  -0.002730  +0.014957  0.922  0.027  0.112  S  d0
  5043   1575.938  +0.000802  +0.019616  0.922  0.027  0.112  S  d0
  5044   1576.250  -0.000673  +0.020726  0.922  0.027  0.112  S  d0
  5045   1576.562  +0.000392  +0.014647  0.922  0.027  0.112  S  d0
  5046   1576.875  +0.006692  +0.010541  0.922  0.039  0.112  S  d0
  5047   1577.188  +0.007324  +0.004952  0.922  0.039  0.112  S  d0
  5048   1577.500  +0.007940  +0.000920  0.922  0.039  0.155  S  d3
  5049   1577.812  +0.006894  -0.008884  0.922  0.039  0.155  S  d0
  5050   1578.125  +0.004025  -0.012382  0.922  0.039  0.155  S  d0
  5051   1578.438  +0.006523  -0.015415  0.922  0.039  0.155  S  d0
  5052   1578.750  +0.001163  -0.011811  0.938  0.039  0.155  S  d0
  5053   1579.062  -0.000161  -0.018018  0.938  0.039  0.155  S  d0
  5054   1579.375  -0.004591  -0.015389  0.938  0.039  0.155  S  d0
  5055   1579.688  -0.009720  -0.009710  0.938  0.039  0.155  S  d0
  5056   1580.000  -0.013600  -0.008112  0.938  0.039  0.155  S  d0
  5057   1580.312  -0.010231  -0.001802  0.938  0.039  0.155  S  d0
  5058   1580.625  -0.009504  +0.000929  0.938  0.047  0.155  S  d3
  5059   1580.938  -0.007886  +0.009762  0.938  0.047  0.155  S  d0
  5060   1581.250  -0.007391  +0.008559  0.938  0.047  0.155  S  d0
  5061   1581.562  -0.006011  +0.012716  0.938  0.047  0.155  S  d0
  5062   1581.875  +0.001196  +0.012439  0.953  0.047  0.155  S  d0
  5063   1582.188  +0.002493  +0.012665  0.953  0.047  0.155  S  d0
  5064   1582.500  +0.006252  +0.008165  0.953  0.047  0.176  S  d0
  5065   1582.812  +0.004847  +0.010315  0.953  0.047  0.176  S  d0
  5066   1583.125  +0.005741  +0.007222  0.953  0.047  0.176  S  d0
  5067   1583.438  +0.008613  +0.003886  0.953  0.047  0.176  S  d0
  5068   1583.750  +0.014938  +0.001876  0.953  0.047  0.176  S  d0
  5069   1584.062  +0.012877  -0.001998  0.953  0.047  0.176  S  d0
  5070   1584.375  +0.007098  -0.007147  0.953  0.064  0.176  S  d0
  5071   1584.688  +0.004137  -0.006680  0.953  0.064  0.176  S  d0
  5072   1585.000  +0.004726  -0.006257  0.969  0.064  0.176  S  d0
  5073   1585.312  +0.002497  -0.012249  0.953  0.064  0.176  S  d0
  5074   1585.625  +0.001010  -0.010812  0.953  0.064  0.176  S  d0
  5075   1585.938  -0.005183  -0.013005  0.953  0.064  0.176  S  d0
  5076   1586.250  -0.007121  -0.009507  0.953  0.064  0.176  S  d0
  5077   1586.562  -0.005608  -0.003732  0.953  0.064  0.176  S  d0
  5078   1586.875  -0.006767  -0.004797  0.953  0.064  0.176  S  d0
  5079   1587.188  -0.010538  -0.005013  0.953  0.064  0.176  S  d0
  5080   1587.500  -0.011062  -0.001539  0.953  0.064  0.155  S  d0
  5081   1587.812  -0.007836  +0.004421  0.953  0.064  0.155  S  d0
  5082   1588.125  -0.009224  +0.005213  0.953  0.064  0.155  S  d0
  5083   1588.438  -0.007621  +0.007365  0.953  0.064  0.155  S  d0
  5084   1588.750  -0.004245  +0.008929  0.953  0.064  0.155  S  d0
  5085   1589.062  -0.001475  +0.012134  0.953  0.064  0.155  S  d0
  5086   1589.375  +0.005168  +0.007892  0.953  0.064  0.155  S  d0
  5087   1589.688  +0.004143  +0.010776  0.953  0.064  0.155  S  d0
  5088   1590.000  +0.006228  +0.011861  0.953  0.064  0.155  S  d0
  5089   1590.312  +0.007871  +0.008109  0.953  0.064  0.155  S  d0
  5090   1590.625  +0.009046  +0.006030  0.953  0.064  0.155  S  d0
  5091   1590.938  +0.014188  +0.002086  0.969  0.064  0.155  S  d0
  5092   1591.250  +0.010541  -0.000704  0.969  0.064  0.155  S  d0
  5093   1591.562  +0.005642  -0.006058  0.953  0.064  0.155  S  d0
  5094   1591.875  +0.007625  -0.006068  0.953  0.064  0.155  S  d0
  5095   1592.188  +0.005717  -0.009493  0.953  0.064  0.155  S  d0
  5096   1592.500  -0.000332  -0.008649  0.953  0.064  0.146  S  d0
  5097   1592.812  -0.003481  -0.011029  0.953  0.064  0.146  S  d0
  5098   1593.125  -0.010899  -0.013018  0.953  0.064  0.146  S  d0
  5099   1593.438  -0.008182  -0.010821  0.953  0.064  0.146  S  d0
  5100   1593.750  -0.012915  -0.011179  0.953  0.064  0.146  S  d0
  5101   1594.062  -0.015036  -0.004144  0.953  0.064  0.146  S  d0
  5102   1594.375  -0.010096  -0.009019  0.938  0.064  0.146  S  d0
  5103   1594.688  -0.009877  -0.002252  0.938  0.064  0.146  S  d0
  5104   1595.000  -0.004091  +0.002234  0.938  0.064  0.146  S  d3
  5105   1595.312  +0.004076  +0.005199  0.938  0.064  0.146  S  d0
  5106   1595.625  +0.008453  +0.011186  0.938  0.052  0.146  S  d0
  5107   1595.938  +0.004278  +0.018647  0.938  0.052  0.146  S  d0
  5108   1596.250  +0.008066  +0.020381  0.938  0.052  0.146  S  d0
  5109   1596.562  +0.010118  +0.014666  0.938  0.052  0.146  S  d0
  5110   1596.875  +0.010234  +0.011847  0.938  0.052  0.146  S  d0
  5111   1597.188  +0.011366  +0.005123  0.938  0.052  0.146  S  d0
  5112   1597.500  +0.008571  +0.000558  0.938  0.052  0.129  S  d3
  5113   1597.812  +0.002536  -0.002252  0.938  0.052  0.129  S  d0
  5114   1598.125  +0.002248  -0.006433  0.938  0.052  0.129  S  d0
  5115   1598.438  -0.000234  -0.009555  0.938  0.052  0.129  S  d0
  5116   1598.750  -0.006175  -0.011558  0.938  0.052  0.129  S  d0
  5117   1599.062  -0.006900  -0.010240  0.938  0.052  0.129  S  d0
  5118   1599.375  -0.007982  -0.008059  0.938  0.000  0.129  S  d0
  5119   1599.688  -0.012879  -0.006165  0.938  0.000  0.129  S  d0
  5120   1600.000  -0.009226  -0.002376  0.938  0.000  0.129  S  d0
  5121   1600.312  -0.011840  -0.004443  0.938  0.000  0.129  S  d0
  5122   1600.625  -0.014105  +0.002691  0.922  0.000  0.129  S  d0
  5123   1600.938  -0.008938  +0.003683  0.922  0.000  0.129  S  d0
  5124   1601.250  -0.007038  +0.006402  0.922  0.000  0.129  S  d3
  5125   1601.562  +0.005874  +0.004579  0.922  0.000  0.129  S  d0
  5126   1601.875  +0.008716  +0.004058  0.922  0.000  0.129  S  d0
  5127   1602.188  +0.015037  +0.005021  0.922  0.000  0.129  S  d0
  5128   1602.500  +0.015247  +0.002427  0.922  0.000  0.146  S  d0
  5129   1602.812  +0.019082  +0.005354  0.922  0.000  0.146  S  d0
  5130   1603.125  +0.018275  +0.003845  0.922  0.000  0.146  S  d0
  5131   1603.438  +0.013108  -0.000212  0.922  0.000  0.146  S  d0
  5132   1603.750  +0.007907  -0.007553  0.922  0.000  0.146  S  d0
  5133   1604.062  +0.003564  -0.004285  0.922  0.000  0.146  S  d3
  5134   1604.375  -0.001237  -0.007718  0.922  0.000  0.146  S  d0
  5135   1604.688  -0.011216  -0.011291  0.922  0.000  0.146  S  d0
  5136   1605.000  -0.012567  -0.010366  0.922  0.000  0.146  S  d0
  5137   1605.312  -0.011444  -0.004022  0.938  0.000  0.146  S  d0
  5138   1605.625  -0.018059  -0.004977  0.938  0.000  0.146  S  d0
  5139   1605.938  -0.016615  +0.000798  0.938  0.000  0.146  S  d0
  5140   1606.250  -0.013011  +0.008724  0.938  0.000  0.146  S  d0
  5141   1606.562  -0.012262  +0.006231  0.938  0.000  0.146  S  d0
  5142   1606.875  -0.004441  +0.007426  0.938  0.000  0.146  S  d0
  5143   1607.188  -0.000900  +0.012379  0.938  0.000  0.146  S  d0
  5144   1607.500  +0.003085  +0.011467  0.938  0.000  0.180  S  d0
  5145   1607.812  +0.004792  +0.007757  0.953  0.000  0.180  S  d0
  5146   1608.125  +0.010163  +0.006747  0.953  0.000  0.180  S  d0
  5147   1608.438  +0.013108  +0.002619  0.938  0.000  0.180  S  d0
  5148   1608.750  +0.012163  +0.005529  0.938  0.000  0.180  S  d0
  5149   1609.062  +0.014092  -0.001689  0.938  0.000  0.180  S  d0
  5150   1609.375  +0.011245  -0.003989  0.938  0.000  0.180  S  d0
  5151   1609.688  +0.008286  -0.006682  0.938  0.000  0.180  S  d0
  5152   1610.000  +0.004771  -0.005371  0.938  0.000  0.180  S  d0
  5153   1610.312  +0.006084  -0.007263  0.938  0.000  0.180  S  d3
  5154   1610.625  -0.001891  -0.009313  0.938  0.000  0.180  S  d0
  5155   1610.938  -0.000890  -0.008178  0.938  0.000  0.180  S  d0
  5156   1611.250  -0.006419  -0.012187  0.938  0.000  0.180  S  d0
  5157   1611.562  -0.007711  -0.005863  0.953  0.000  0.180  S  d0
  5158   1611.875  -0.007142  -0.008299  0.953  0.000  0.180  S  d0
  5159   1612.188  -0.009155  -0.005754  0.938  0.000  0.180  S  d0
  5160   1612.500  -0.007381  -0.000280  0.938  0.000  0.206  S  d0
  5161   1612.812  -0.010174  +0.000806  0.938  0.000  0.206  S  d0
  5162   1613.125  -0.009636  +0.004271  0.938  0.000  0.206  S  d0
  5163   1613.438  -0.009308  +0.006649  0.938  0.000  0.206  S  d0
  5164   1613.750  -0.003075  +0.009727  0.938  0.000  0.206  S  d0
  5165   1614.062  -0.005822  +0.008155  0.938  0.000  0.206  S  d0
  5166   1614.375  -0.000718  +0.014592  0.953  0.000  0.206  S  d0
  5167   1614.688  +0.002343  +0.011992  0.938  0.000  0.206  S  d0
  5168   1615.000  +0.002861  +0.008667  0.938  0.000  0.206  S  d0
  5169   1615.312  +0.005723  +0.007134  0.938  0.000  0.206  S  d0
  5170   1615.625  +0.012263  +0.004484  0.938  0.000  0.206  S  d0
  5171   1615.938  +0.010523  +0.001406  0.938  0.000  0.206  S  d0
  5172   1616.250  +0.013096  -0.001833  0.938  0.000  0.206  S  d0
  5173   1616.562  +0.009937  -0.004957  0.938  0.000  0.206  S  d0
  5174   1616.875  +0.006092  -0.009104  0.938  0.000  0.206  S  d0
  5175   1617.188  +0.009621  -0.007938  0.938  0.000  0.206  S  d0
  5176   1617.500  +0.006025  -0.010144  0.938  0.000  0.180  S  d0
  5177   1617.812  +0.001936  -0.008147  0.938  0.000  0.180  S  d0
  5178   1618.125  +0.003919  -0.008538  0.922  0.000  0.180  S  d3
  5179   1618.438  -0.005579  -0.008661  0.922  0.000  0.180  S  d0
  5180   1618.750  -0.005080  -0.008662  0.922  0.000  0.180  S  d0
  5181   1619.062  -0.011136  -0.005386  0.922  0.000  0.180  S  d0
  5182   1619.375  -0.012170  -0.001365  0.922  0.000  0.180  S  d0
  5183   1619.688  -0.013531  +0.002532  0.922  0.000  0.180  S  d0
  5184   1620.000  -0.010796  +0.006087  0.922  0.000  0.180  S  d0
  5185   1620.312  -0.012903  +0.010602  0.922  0.000  0.180  S  d0
  5186   1620.625  -0.009969  +0.012634  0.922  0.000  0.180  S  d0
  5187   1620.938  -0.008669  +0.008026  0.922  0.000  0.180  S  d0
  5188   1621.250  -0.007228  +0.013175  0.906  0.000  0.180  S  d0
  5189   1621.562  +0.000133  +0.006607  0.906  0.000  0.180  S  d0
  5190   1621.875  +0.001087  +0.001161  0.906  0.038  0.180  S  d3
  5191   1622.188  +0.008315  -0.001437  0.906  0.038  0.180  S  d0
  5192   1622.500  +0.016911  -0.001126  0.906  0.038  0.172  S  d0
  5193   1622.812  +0.020870  -0.004785  0.906  0.038  0.172  S  d0
  5194   1623.125  +0.018324  -0.007908  0.906  0.038  0.172  S  d0
  5195   1623.438  +0.019188  -0.008433  0.906  0.038  0.172  S  d0
  5196   1623.750  +0.008824  -0.012084  0.906  0.038  0.172  S  d0
  5197   1624.062  +0.000687  -0.006604  0.906  0.038  0.172  S  d0
  5198   1624.375  +0.002071  -0.007535  0.906  0.038  0.172  S  d3
  5199   1624.688  -0.004580  -0.001911  0.906  0.038  0.172  S  d0
  5200   1625.000  -0.008579  -0.002746  0.906  0.038  0.172  S  d0
  5201   1625.312  -0.012626  -0.001739  0.906  0.038  0.172  S  d0
  5202   1625.625  -0.013001  +0.008335  0.906  0.081  0.172  S  d0
  5203   1625.938  -0.011288  +0.009378  0.906  0.081  0.172  S  d0
  5204   1626.250  -0.007789  +0.006848  0.906  0.081  0.172  S  d0
  5205   1626.562  -0.005613  +0.008897  0.906  0.081  0.172  S  d0
  5206   1626.875  -0.004814  +0.012396  0.906  0.081  0.172  S  d0
  5207   1627.188  +0.000493  +0.013279  0.906  0.081  0.172  S  d0
  5208   1627.500  +0.000706  +0.007450  0.906  0.081  0.227  S  d0
  5209   1627.812  +0.001604  +0.005880  0.906  0.081  0.227  S  d3
  5210   1628.125  +0.006355  -0.001018  0.906  0.081  0.227  S  d0
  5211   1628.438  +0.004703  -0.005532  0.922  0.081  0.227  S  d0
  5212   1628.750  +0.004607  -0.007777  0.922  0.081  0.227  S  d0
  5213   1629.062  +0.008746  -0.013549  0.922  0.081  0.227  S  d0
  5214   1629.375  +0.009850  -0.017884  0.922  0.134  0.227  S  d0
  5215   1629.688  +0.007268  -0.014981  0.922  0.134  0.227  S  d0
  5216   1630.000  +0.001004  -0.015438  0.922  0.134  0.227  S  d0
  5217   1630.312  -0.002665  -0.011572  0.922  0.134  0.227  S  d3
  5218   1630.625  -0.008063  -0.004024  0.922  0.134  0.227  S  d0
  5219   1630.938  -0.006066  -0.003158  0.922  0.134  0.227  S  d3
  5220   1631.250  -0.007539  +0.005251  0.922  0.134  0.227  S  d0
  5221   1631.562  -0.012995  +0.006523  0.922  0.134  0.227  S  d0
  5222   1631.875  -0.008633  +0.010134  0.922  0.134  0.227  S  d0
  5223   1632.188  -0.004988  +0.016236  0.938  0.134  0.227  S  d0
  5224   1632.500  -0.007450  +0.015962  0.938  0.134  0.296  S  d0
  5225   1632.812  +0.002194  +0.016543  0.922  0.134  0.296  S  d0
  5226   1633.125  +0.004176  +0.012632  0.922  0.167  0.296  S  d0
  5227   1633.438  +0.009319  +0.009190  0.922  0.167  0.296  S  d0
  5228   1633.750  +0.007971  +0.006729  0.922  0.167  0.296  S  d0
  5229   1634.062  +0.010539  +0.003183  0.922  0.167  0.296  S  d0
  5230   1634.375  +0.010620  -0.005301  0.922  0.167  0.296  S  d0
  5231   1634.688  +0.013603  -0.008113  0.938  0.167  0.296  S  d0
  5232   1635.000  +0.007457  -0.010870  0.938  0.167  0.296  S  d0
  5233   1635.312  +0.006610  -0.009890  0.938  0.167  0.296  S  d0
  5234   1635.625  +0.000100  -0.014631  0.922  0.167  0.296  S  d0
  5235   1635.938  -0.001072  -0.012974  0.922  0.167  0.296  S  d0
  5236   1636.250  -0.002288  -0.013817  0.906  0.167  0.296  S  d0
  5237   1636.562  -0.007881  -0.014232  0.891  0.167  0.296  S  d0
  5238   1636.875  -0.010759  -0.006099  0.891  0.182  0.296  S  d0
  5239   1637.188  -0.010398  +0.000327  0.891  0.182  0.296  S  d0
  5240   1637.500  -0.009829  +0.000842  0.875  0.182  0.335  S  d0
  5241   1637.812  -0.009369  +0.002281  0.859  0.182  0.335  S  d0
  5242   1638.125  -0.007507  +0.009628  0.875  0.182  0.335  S  d0
  5243   1638.438  -0.011319  +0.009065  0.859  0.182  0.335  S  d0
  5244   1638.750  -0.007030  +0.014550  0.844  0.182  0.335  S  d0
  5245   1639.062  -0.001696  +0.014712  0.844  0.182  0.335  S  d0
  5246   1639.375  -0.003270  +0.015356  0.828  0.182  0.335  S  d0
  5247   1639.688  +0.004025  +0.012635  0.812  0.182  0.335  S  d0
  5248   1640.000  +0.007195  +0.008750  0.812  0.182  0.335  S  d0
  5249   1640.312  +0.013446  +0.007148  0.797  0.182  0.335  P  d0
  5250   1640.625  +0.014929  +0.001099  0.797  0.201  0.335  P  d0
  5251   1640.938  +0.017979  -0.002146  0.781  0.201  0.335  P  d0
  5252   1641.250  +0.015899  -0.011190  0.781  0.201  0.335  P  d0
  5253   1641.562  +0.016127  -0.018764  0.766  0.201  0.335  P  d0
  5254   1641.875  +0.009981  -0.026065  0.750  0.201  0.335  P  d0
  5255   1642.188  +0.002626  -0.033977  0.734  0.201  0.335  P  d0
  5256   1642.500  -0.011721  -0.018545  0.719  0.201  0.373  P  d3
  5257   1642.812  -0.020193  +0.016674  0.703  0.201  0.373  P  d0
  5258   1643.125  -0.021526  +0.009368  0.688  0.201  0.373  P  d0
  5259   1643.438  -0.012304  +0.010848  0.672  0.201  0.373  P  d0
  5260   1643.750  -0.004172  +0.008498  0.672  0.201  0.373  P  d0
  5261   1644.062  -0.003531  +0.005966  0.672  0.201  0.373  P  d0
  5262   1644.375  -0.002759  +0.012574  0.656  0.219  0.373  P  d0
  5263   1644.688  -0.001617  +0.002347  0.641  0.219  0.373  P  d0
  5264   1645.000  -0.000011  +0.003658  0.641  0.219  0.373  P  d0
  5265   1645.312  -0.000453  +0.001852  0.625  0.219  0.373  P  d3
  5266   1645.625  +0.009292  +0.002300  0.609  0.219  0.373  P  d0
  5267   1645.938  +0.005337  -0.001383  0.594  0.219  0.373  P  d1
  5268   1646.250  +0.004451  +0.003785  0.578  0.219  0.373  P  d3
  5269   1646.562  +0.000676  -0.005631  0.562  0.219  0.373  P  d0
  5270   1646.875  +0.003078  -0.004922  0.547  0.219  0.373  P  d0
  5271   1647.188  +0.000911  -0.008159  0.531  0.219  0.373  P  d1
  5272   1647.500  +0.002843  +0.002958  0.516  0.219  0.395  P  d3
  5273   1647.812  +0.001046  -0.005502  0.500  0.219  0.395  P  d0
  5274   1648.125  +0.003162  -0.002645  0.484  0.236  0.395  P  d1
  5275   1648.438  +0.003299  +0.000348  0.469  0.236  0.395  P  d2
  5276   1648.750  -0.005404  +0.002157  0.469  0.236  0.395  P  d0
  5277   1649.062  -0.003371  +0.001209  0.469  0.236  0.395  P  d1
  5278   1649.375  -0.002442  -0.005423  0.469  0.236  0.395  P  d3
  5279   1649.688  -0.003900  +0.004354  0.453  0.236  0.395  P  d0
  5280   1650.000  +0.000246  +0.006558  0.438  0.236  0.395  P  d3
  5281   1650.312  +0.004636  +0.000694  0.422  0.236  0.395  P  d1
  5282   1650.625  -0.000316  +0.000871  0.406  0.236  0.395  P  d1
  5283   1650.938  -0.001582  -0.001746  0.391  0.236  0.395  P  d3
  5284   1651.250  -0.003033  +0.003513  0.375  0.236  0.395  P  d1
  5285   1651.562  -0.001131  -0.004145  0.359  0.236  0.395  P  d1
  5286   1651.875  +0.005956  -0.000726  0.344  0.215  0.395  P  d2
  5287   1652.188  -0.005221  -0.003303  0.328  0.215  0.395  P  d1
  5288   1652.500  +0.000038  -0.001920  0.312  0.215  0.429  P  d2
  5289   1652.812  -0.000239  +0.001240  0.312  0.215  0.429  P  d1
  5290   1653.125  -0.003530  -0.000663  0.297  0.215  0.429  P  d2
  5291   1653.438  +0.004891  +0.001087  0.281  0.215  0.429  P  d0
  5292   1653.750  +0.003785  +0.004558  0.266  0.215  0.429  P  d0
  5293   1654.062  +0.000034  +0.005174  0.266  0.215  0.429  P  d3
  5294   1654.375  +0.003624  +0.000664  0.266  0.215  0.429  P  d2
  5295   1654.688  -0.004718  -0.005588  0.250  0.215  0.429  P  d0
  5296   1655.000  -0.000530  -0.004029  0.234  0.215  0.429  P  d1
  5297   1655.312  +0.004693  -0.000258  0.219  0.215  0.429  P  d1
  5298   1655.625  -0.001321  +0.004592  0.219  0.218  0.429  P  d1
  5299   1655.938  -0.005826  -0.001936  0.219  0.218  0.429  P  d2
  5300   1656.250  +0.001229  +0.001545  0.234  0.218  0.429  P  d2
  5301   1656.562  -0.001192  -0.002318  0.250  0.218  0.429  P  d3
  5302   1656.875  -0.003438  +0.002831  0.234  0.218  0.429  P  d2
  5303   1657.188  +0.003905  -0.006259  0.219  0.218  0.429  P  d3
  5304   1657.500  -0.003042  +0.000020  0.219  0.218  0.485  P  d2
  5305   1657.812  +0.005977  +0.002570  0.234  0.218  0.485  P  d2
  5306   1658.125  -0.003916  -0.002338  0.219  0.218  0.485  P  d2
  5307   1658.438  +0.001437  +0.000794  0.234  0.218  0.485  P  d0
  5308   1658.750  +0.004878  +0.000314  0.234  0.218  0.485  P  d0
  5309   1659.062  +0.003574  +0.003551  0.219  0.218  0.485  P  d0
  5310   1659.375  +0.001493  +0.001401  0.219  0.208  0.485  P  d1
  5311   1659.688  -0.004103  +0.001118  0.219  0.208  0.485  P  d1
  5312   1660.000  -0.002321  -0.002282  0.203  0.208  0.485  P  d3
  5313   1660.312  -0.002494  +0.000341  0.203  0.208  0.485  P  d3
  5314   1660.625  -0.001225  +0.002384  0.203  0.208  0.485  P  d1
  5315   1660.938  -0.002875  +0.000533  0.219  0.208  0.485  P  d1
  5316   1661.250  -0.003210  -0.002472  0.234  0.208  0.485  P  d1
  5317   1661.562  +0.000889  -0.002779  0.250  0.208  0.485  P  d1
  5318   1661.875  +0.006165  +0.003449  0.250  0.208  0.485  P  d2
  5319   1662.188  -0.004364  +0.000376  0.250  0.208  0.485  P  d1
  5320   1662.500  +0.001828  -0.005504  0.250  0.208  0.524  P  d3
  5321   1662.812  -0.002522  -0.001442  0.250  0.208  0.524  P  d2
  5322   1663.125  +0.006567  +0.001443  0.250  0.180  0.524  P  d3
  5323   1663.438  +0.002046  -0.006097  0.250  0.180  0.524  P  d2
  5324   1663.750  +0.000217  +0.002237  0.250  0.180  0.524  P  d0
  5325   1664.062  +0.000381  +0.002008  0.250  0.180  0.524  P  d0
  5326   1664.375  +0.000467  +0.002341  0.250  0.180  0.524  P  d3
  5327   1664.688  +0.004420  +0.000655  0.250  0.180  0.524  P  d1
  5328   1665.000  -0.003391  +0.004899  0.234  0.180  0.524  P  d3
  5329   1665.312  +0.002020  +0.003403  0.234  0.180  0.524  P  d1
  5330   1665.625  -0.004783  +0.000576  0.234  0.180  0.524  P  d0
  5331   1665.938  -0.004918  -0.001805  0.234  0.180  0.524  P  d0
  5332   1666.250  -0.003779  -0.003208  0.234  0.180  0.524  P  d0
  5333   1666.562  -0.003399  -0.004192  0.250  0.180  0.524  P  d3
  5334   1666.875  -0.000455  +0.004227  0.250  0.136  0.524  P  d3
  5335   1667.188  +0.006984  +0.002299  0.266  0.136  0.524  P  d2
  5336   1667.500  -0.002312  -0.004032  0.266  0.136  0.506  P  d0
  5337   1667.812  -0.001002  -0.004074  0.266  0.136  0.506  P  d1
  5338   1668.125  +0.005646  +0.002259  0.266  0.136  0.506  P  d0
  5339   1668.438  +0.004715  -0.000339  0.266  0.136  0.506  P  d3
  5340   1668.750  +0.002246  -0.003054  0.250  0.136  0.506  P  d3
  5341   1669.062  -0.002646  -0.005220  0.234  0.136  0.506  P  d3
  5342   1669.375  -0.001732  +0.004177  0.219  0.136  0.506  P  d3
  5343   1669.688  +0.006254  +0.002673  0.219  0.136  0.506  P  d2
  5344   1670.000  -0.000812  -0.001648  0.219  0.136  0.506  P  d2
  5345   1670.312  -0.001297  +0.004295  0.219  0.136  0.506  P  d1
  5346   1670.625  -0.002791  +0.000655  0.219  0.022  0.506  T  d0
  5347   1670.938  -0.004898  +0.003652  0.219  0.022  0.506  T  d0
  5348   1671.250  -0.001742  +0.004022  0.234  0.022  0.506  T  d0
  5349   1671.562  -0.001874  +0.002342  0.234  0.022  0.506  T  d1
  5350   1671.875  -0.001997  -0.002865  0.234  0.022  0.506  T  d1
  5351   1672.188  +0.002550  -0.004043  0.234  0.022  0.506  T  d3
  5352   1672.500  -0.002628  -0.005059  0.234  0.022  0.519  T  d1
  5353   1672.812  +0.005306  +0.001065  0.234  0.022  0.519  T  d2
  5354   1673.125  -0.002904  -0.003668  0.250  0.022  0.519  T  d1
  5355   1673.438  +0.003506  -0.000284  0.250  0.022  0.519  T  d0
  5356   1673.750  +0.006089  -0.000001  0.250  0.022  0.519  T  d0
  5357   1674.062  +0.004677  +0.003691  0.234  0.022  0.519  T  d2
  5358   1674.375  -0.004714  -0.002232  0.219  0.004  0.519  T  d3
  5359   1674.688  -0.000139  +0.002757  0.234  0.004  0.519  T  d2
  5360   1675.000  -0.000451  -0.001781  0.234  0.004  0.519  T  d2
  5361   1675.312  +0.000030  +0.002054  0.234  0.004  0.519  T  d2
  5362   1675.625  -0.000748  -0.003234  0.234  0.004  0.519  T  d2
  5363   1675.938  -0.002002  +0.005151  0.234  0.004  0.519  T  d1
  5364   1676.250  -0.004780  -0.003664  0.219  0.004  0.519  T  d0
  5365   1676.562  -0.005037  -0.000131  0.203  0.004  0.519  T  d3
  5366   1676.875  +0.001635  +0.003899  0.203  0.004  0.519  T  d0
  5367   1677.188  -0.000333  +0.004447  0.203  0.004  0.519  T  d2
  5368   1677.500  +0.002922  -0.004994  0.219  0.004  0.511  T  d1
  5369   1677.812  +0.001703  +0.000784  0.203  0.004  0.511  T  d3
  5370   1678.125  +0.005836  -0.003900  0.219  0.000  0.511  T  d1
  5371   1678.438  -0.000339  +0.002219  0.203  0.000  0.511  T  d3
  5372   1678.750  +0.001811  +0.000657  0.203  0.000  0.511  T  d2
  5373   1679.062  -0.003916  -0.002704  0.203  0.000  0.511  T  d2
  5374   1679.375  +0.004386  +0.003373  0.203  0.000  0.511  T  d3
  5375   1679.688  +0.002762  -0.005384  0.203  0.000  0.511  T  d2
  5376   1680.000  -0.002802  +0.002403  0.219  0.000  0.511  T  d3
  5377   1680.312  +0.001318  +0.001407  0.219  0.000  0.511  T  d2
  5378   1680.625  -0.002990  -0.005228  0.219  0.000  0.511  T  d3
  5379   1680.938  -0.002587  +0.003605  0.203  0.000  0.511  T  d0
  5380   1681.250  -0.003253  +0.004225  0.188  0.000  0.511  T  d1
  5381   1681.562  -0.006546  +0.000035  0.172  0.000  0.511  T  d1
  5382   1681.875  -0.000220  -0.000636  0.172  0.005  0.511  T  d1
  5383   1682.188  +0.002737  -0.002858  0.172  0.005  0.511  T  d2
  5384   1682.500  -0.004031  +0.000624  0.172  0.005  0.511  T  d2
  5385   1682.812  +0.005815  +0.000116  0.172  0.005  0.511  T  d0
  5386   1683.125  +0.004454  -0.000684  0.172  0.005  0.511  T  d1
  5387   1683.438  +0.003152  +0.002405  0.188  0.005  0.511  T  d3
  5388   1683.750  +0.003651  -0.004062  0.172  0.005  0.511  T  d3
  5389   1684.062  -0.004243  -0.000574  0.172  0.005  0.511  T  d2
  5390   1684.375  +0.000782  +0.000409  0.188  0.005  0.511  T  d0
  5391   1684.688  +0.003906  -0.001048  0.188  0.005  0.511  T  d1
  5392   1685.000  -0.000373  +0.005205  0.188  0.005  0.511  T  d2
  5393   1685.312  -0.001551  -0.006351  0.188  0.005  0.511  T  d3
  5394   1685.625  -0.003947  +0.003318  0.188  0.000  0.511  T  d0
  5395   1685.938  -0.003691  +0.001532  0.188  0.000  0.511  T  d2
  5396   1686.250  +0.002872  -0.001577  0.188  0.000  0.511  T  d1
  5397   1686.562  -0.000778  +0.006028  0.172  0.000  0.511  T  d3
  5398   1686.875  +0.003264  +0.000688  0.172  0.000  0.511  T  d2
  5399   1687.188  -0.003100  -0.001921  0.156  0.000  0.511  T  d0
  5400   1687.500  -0.006138  +0.000587  0.172  0.000  0.532  T  d2
  5401   1687.812  +0.002228  -0.000599  0.172  0.000  0.532  T  d0
  5402   1688.125  +0.002254  -0.001319  0.172  0.000  0.532  T  d3
  5403   1688.438  -0.004867  -0.006506  0.172  0.000  0.532  T  d1
  5404   1688.750  +0.003381  -0.000510  0.172  0.000  0.532  T  d3
  5405   1689.062  +0.001112  -0.003223  0.172  0.000  0.532  T  d1
  5406   1689.375  +0.003191  +0.001242  0.172  0.000  0.532  T  d1
  5407   1689.688  +0.000186  +0.000752  0.172  0.000  0.532  T  d0
  5408   1690.000  +0.002386  +0.005140  0.172  0.000  0.532  T  d3
  5409   1690.312  +0.001273  -0.003124  0.172  0.000  0.532  T  d2
  5410   1690.625  -0.004987  +0.002276  0.172  0.000  0.532  T  d3
  5411   1690.938  +0.000614  +0.006013  0.188  0.000  0.532  T  d3
  5412   1691.250  +0.003130  +0.001847  0.172  0.000  0.532  T  d3
  5413   1691.562  +0.002595  -0.000773  0.172  0.000  0.532  T  d3
  5414   1691.875  -0.000715  -0.004467  0.172  0.000  0.532  T  d3
  5415   1692.188  -0.003909  -0.000042  0.172  0.000  0.532  T  d3
  5416   1692.500  -0.002120  +0.005326  0.172  0.000  0.524  T  d2
  5417   1692.812  +0.001899  -0.002307  0.172  0.000  0.524  T  d3
  5418   1693.125  -0.000758  -0.002592  0.156  0.000  0.524  T  d0
  5419   1693.438  +0.000323  -0.003081  0.172  0.000  0.524  T  d3
  5420   1693.750  -0.004476  -0.001094  0.172  0.000  0.524  T  d0
  5421   1694.062  -0.002337  -0.002552  0.188  0.000  0.524  T  d0
  5422   1694.375  -0.003233  -0.001817  0.188  0.000  0.524  T  d2
  5423   1694.688  +0.001708  +0.005912  0.172  0.000  0.524  T  d3
  5424   1695.000  +0.005411  +0.002195  0.172  0.000  0.524  T  d3
  5425   1695.312  +0.003639  -0.002385  0.172  0.000  0.524  T  d3
  5426   1695.625  +0.000516  -0.003471  0.172  0.000  0.524  T  d2
  5427   1695.938  -0.000143  +0.005909  0.172  0.000  0.524  T  d3
  5428   1696.250  +0.003055  -0.001271  0.172  0.000  0.524  T  d1
  5429   1696.562  +0.003250  +0.002777  0.172  0.000  0.524  T  d2
  5430   1696.875  -0.000523  -0.003556  0.188  0.000  0.524  T  d3
  5431   1697.188  -0.004608  +0.002765  0.188  0.000  0.524  T  d0
  5432   1697.500  -0.005454  +0.002621  0.188  0.000  0.532  T  d1
  5433   1697.812  -0.003117  -0.002636  0.188  0.000  0.532  T  d2
  5434   1698.125  +0.004746  +0.000031  0.172  0.000  0.532  T  d2
  5435   1698.438  -0.002039  -0.000139  0.188  0.000  0.532  T  d1
  5436   1698.750  +0.003395  -0.004288  0.188  0.000  0.532  T  d2
  5437   1699.062  +0.000416  +0.003598  0.188  0.000  0.532  T  d2
  5438   1699.375  +0.000337  -0.003671  0.188  0.000  0.532  T  d3
  5439   1699.688  -0.006374  -0.003779  0.188  0.000  0.532  T  d3
  5440   1700.000  +0.000044  +0.003100  0.172  0.000  0.532  T  d3
  5441   1700.312  +0.005603  +0.000329  0.172  0.000  0.532  T  d1
  5442   1700.625  -0.000618  +0.004706  0.172  0.000  0.532  T  d0
  5443   1700.938  +0.000818  +0.005457  0.172  0.000  0.532  T  d2
  5444   1701.250  -0.001458  -0.002077  0.172  0.000  0.532  T  d1
  5445   1701.562  +0.002132  -0.005425  0.172  0.000  0.532  T  d1
  5446   1701.875  +0.002099  +0.002598  0.188  0.000  0.532  T  d2
  5447   1702.188  -0.002652  -0.001337  0.188  0.000  0.532  T  d3
  5448   1702.500  -0.002366  +0.001204  0.203  0.000  0.528  T  d2
  5449   1702.812  +0.004957  -0.004510  0.203  0.000  0.528  T  d2
  5450   1703.125  -0.000536  +0.000349  0.203  0.000  0.528  T  d0
  5451   1703.438  -0.000769  +0.000454  0.188  0.000  0.528  T  d1
  5452   1703.750  -0.001397  -0.001416  0.188  0.000  0.528  T  d0
  5453   1704.062  -0.003760  -0.001787  0.188  0.000  0.528  T  d3
  5454   1704.375  +0.000636  +0.003419  0.172  0.000  0.528  T  d3
  5455   1704.688  +0.003445  -0.000267  0.188  0.000  0.528  T  d3
  5456   1705.000  -0.001963  -0.001940  0.188  0.000  0.528  T  d2
  5457   1705.312  +0.002462  +0.003077  0.188  0.000  0.528  T  d1
  5458   1705.625  -0.004491  +0.004097  0.203  0.000  0.528  T  d0
  5459   1705.938  -0.000446  +0.005292  0.219  0.000  0.528  T  d2
  5460   1706.250  -0.000491  -0.003086  0.219  0.000  0.528  T  d1
  5461   1706.562  +0.004854  -0.002504  0.219  0.000  0.528  T  d0
  5462   1706.875  +0.002423  -0.002158  0.219  0.000  0.528  T  d2
  5463   1707.188  -0.006130  -0.000227  0.234  0.000  0.528  T  d0
  5464   1707.500  -0.003366  -0.000907  0.219  0.000  0.524  T  d1
  5465   1707.812  +0.004277  -0.004171  0.219  0.000  0.524  T  d1
  5466   1708.125  +0.002124  +0.001874  0.219  0.000  0.524  T  d0
  5467   1708.438  +0.001548  +0.004460  0.219  0.000  0.524  T  d2
  5468   1708.750  +0.002959  -0.006177  0.219  0.000  0.524  T  d3
  5469   1709.062  -0.002581  -0.000208  0.219  0.000  0.524  T  d3
  5470   1709.375  -0.002159  +0.004078  0.219  0.000  0.524  T  d2
  5471   1709.688  +0.001619  -0.006299  0.219  0.000  0.524  T  d1
  5472   1710.000  +0.001688  -0.000795  0.219  0.000  0.524  T  d2
  5473   1710.312  -0.001799  +0.003217  0.219  0.000  0.524  T  d3
  5474   1710.625  +0.001800  +0.004557  0.219  0.000  0.524  T  d1
  5475   1710.938  -0.002487  +0.003013  0.203  0.000  0.524  T  d3
  5476   1711.250  +0.002577  +0.004019  0.203  0.000  0.524  T  d2
  5477   1711.562  -0.002934  -0.001365  0.219  0.000  0.524  T  d0
  5478   1711.875  -0.004028  +0.001410  0.219  0.000  0.524  T  d1
  5479   1712.188  -0.001351  -0.001386  0.219  0.000  0.524  T  d0
  5480   1712.500  -0.004622  -0.001157  0.219  0.000  0.515  T  d1
  5481   1712.812  +0.000169  -0.005374  0.219  0.000  0.515  T  d1
  5482   1713.125  +0.004201  -0.001726  0.219  0.000  0.515  T  d1
  5483   1713.438  +0.005675  +0.003641  0.219  0.000  0.515  T  d3
  5484   1713.750  +0.000132  -0.006027  0.234  0.000  0.515  T  d0
  5485   1714.062  +0.000061  -0.005053  0.219  0.000  0.515  T  d1
  5486   1714.375  +0.005822  +0.001601  0.219  0.000  0.515  T  d0
  5487   1714.688  +0.002718  +0.002786  0.234  0.000  0.515  T  d1
  5488   1715.000  -0.003129  +0.001711  0.234  0.000  0.515  T  d3
  5489   1715.312  -0.000664  +0.004165  0.234  0.000  0.515  T  d0
  5490   1715.625  -0.003432  +0.003085  0.234  0.000  0.515  T  d0
  5491   1715.938  -0.005394  +0.002191  0.219  0.000  0.515  T  d1
  5492   1716.250  -0.004396  -0.002042  0.234  0.000  0.515  T  d1
  5493   1716.562  +0.002463  -0.006599  0.234  0.000  0.515  T  d1
  5494   1716.875  +0.003436  +0.003427  0.219  0.000  0.515  T  d0
  5495   1717.188  +0.001374  +0.002434  0.234  0.000  0.515  T  d1
  5496   1717.500  -0.006018  +0.002084  0.219  0.000  0.541  T  d2
  5497   1717.812  +0.003505  -0.001052  0.234  0.000  0.541  T  d3
  5498   1718.125  +0.001362  -0.005397  0.250  0.000  0.541  T  d1
  5499   1718.438  +0.005925  -0.000833  0.234  0.000  0.541  T  d3
  5500   1718.750  -0.002723  -0.003549  0.234  0.000  0.541  T  d2
  5501   1719.062  -0.000187  +0.002558  0.234  0.000  0.541  T  d1
  5502   1719.375  -0.002300  -0.002529  0.250  0.000  0.541  T  d2
  5503   1719.688  -0.000028  +0.003996  0.250  0.000  0.541  T  d3
  5504   1720.000  +0.005436  -0.000024  0.250  0.000  0.541  T  d1
  5505   1720.312  -0.002926  +0.006350  0.250  0.000  0.541  T  d2
  5506   1720.625  +0.002368  -0.001190  0.266  0.000  0.541  T  d2
  5507   1720.938  -0.004832  -0.000581  0.281  0.000  0.541  T  d1
  5508   1721.250  -0.000791  -0.004159  0.281  0.000  0.541  T  d0
  5509   1721.562  -0.001347  -0.001163  0.297  0.000  0.541  T  d2
  5510   1721.875  +0.002009  +0.004764  0.281  0.000  0.541  T  d1
  5511   1722.188  -0.002156  +0.000742  0.281  0.000  0.541  T  d2
  5512   1722.500  +0.004268  -0.001368  0.281  0.000  0.536  T  d2
  5513   1722.812  -0.004197  +0.000553  0.281  0.000  0.536  T  d2
  5514   1723.125  +0.001214  -0.001449  0.281  0.000  0.536  T  d0
  5515   1723.438  +0.001592  -0.002438  0.281  0.000  0.536  T  d0
  5516   1723.750  +0.001038  -0.002607  0.297  0.000  0.536  T  d3
  5517   1724.062  -0.002524  -0.004288  0.297  0.000  0.536  T  d2
  5518   1724.375  -0.000185  +0.004583  0.312  0.000  0.536  T  d0
  5519   1724.688  -0.001673  +0.003306  0.297  0.000  0.536  T  d3
  5520   1725.000  +0.005258  -0.000125  0.312  0.000  0.536  T  d1
  5521   1725.312  -0.000151  +0.000327  0.312  0.000  0.536  T  d3
  5522   1725.625  +0.003979  +0.002442  0.297  0.000  0.536  T  d1
  5523   1725.938  -0.004475  +0.002285  0.281  0.000  0.536  T  d0
  5524   1726.250  -0.001069  -0.000245  0.297  0.000  0.536  T  d1
  5525   1726.562  +0.001530  -0.005675  0.297  0.000  0.536  T  d2
  5526   1726.875  -0.004502  +0.003725  0.312  0.000  0.536  T  d0
  5527   1727.188  -0.002954  +0.004035  0.312  0.000  0.536  T  d2
  5528   1727.500  +0.002439  -0.002641  0.312  0.000  0.541  T  d0
  5529   1727.812  +0.001275  -0.005114  0.312  0.000  0.541  T  d0
  5530   1728.125  +0.002687  -0.005880  0.312  0.000  0.541  T  d3
  5531   1728.438  -0.002614  +0.000478  0.312  0.000  0.541  T  d2
  5532   1728.750  +0.006365  +0.002231  0.312  0.000  0.541  T  d1
  5533   1729.062  +0.000333  +0.003575  0.312  0.000  0.541  T  d0
  5534   1729.375  +0.001535  +0.006211  0.312  0.000  0.541  T  d3
  5535   1729.688  +0.002425  -0.003350  0.312  0.000  0.541  T  d2
  5536   1730.000  -0.005806  +0.002145  0.312  0.000  0.541  T  d1
  5537   1730.312  -0.003489  -0.002450  0.312  0.000  0.541  T  d0
  5538   1730.625  -0.003446  -0.001154  0.328  0.000  0.541  T  d0
  5539   1730.938  -0.004797  +0.001858  0.344  0.000  0.541  T  d2
  5540   1731.250  +0.000656  -0.000278  0.344  0.000  0.541  T  d0
  5541   1731.562  +0.004532  -0.003978  0.344  0.000  0.541  T  d2
  5542   1731.875  -0.003829  +0.002238  0.344  0.000  0.541  T  d2
  5543   1732.188  +0.006265  -0.001235  0.344  0.000  0.541  T  d0
  5544   1732.500  +0.000212  +0.000001  0.344  0.000  0.558  T  d1
  5545   1732.812  +0.000861  +0.003504  0.344  0.000  0.558  T  d2
  5546   1733.125  -0.002165  -0.006504  0.344  0.000  0.558  T  d1
  5547   1733.438  +0.002133  -0.001773  0.328  0.000  0.558  T  d0
  5548   1733.750  +0.004625  +0.000168  0.312  0.000  0.558  T  d0
  5549   1734.062  +0.002686  +0.001867  0.328  0.000  0.558  T  d0
  5550   1734.375  +0.001721  +0.004118  0.328  0.000  0.558  T  d1
  5551   1734.688  -0.002760  +0.000625  0.312  0.000  0.558  T  d0
  5552   1735.000  -0.005771  +0.002600  0.312  0.000  0.558  T  d3
  5553   1735.312  +0.000899  +0.003055  0.312  0.000  0.558  T  d3
  5554   1735.625  +0.003798  -0.002162  0.312  0.000  0.558  T  d2
  5555   1735.938  -0.004637  +0.001175  0.312  0.000  0.558  T  d0
  5556   1736.250  -0.002551  +0.001420  0.312  0.000  0.558  T  d1
  5557   1736.562  -0.004736  -0.006427  0.328  0.000  0.558  T  d0
  5558   1736.875  +0.000277  -0.002754  0.328  0.000  0.558  T  d0
  5559   1737.188  +0.002713  -0.004144  0.312  0.000  0.558  T  d2
  5560   1737.500  -0.004965  +0.002245  0.312  0.000  0.549  T  d3
  5561   1737.812  +0.004961  +0.002464  0.297  0.000  0.549  T  d3
  5562   1738.125  +0.000609  -0.000501  0.281  0.000  0.549  T  d1
  5563   1738.438  +0.001205  +0.002125  0.281  0.000  0.549  T  d3
  5564   1738.750  +0.001821  -0.003031  0.281  0.000  0.549  T  d1
  5565   1739.062  +0.002118  +0.001856  0.297  0.000  0.549  T  d3
  5566   1739.375  +0.003507  -0.002284  0.297  0.000  0.549  T  d2
  5567   1739.688  -0.003202  +0.004544  0.297  0.000  0.549  T  d2
  5568   1740.000  +0.002974  -0.002948  0.297  0.000  0.549  T  d2
  5569   1740.312  -0.000228  +0.002915  0.297  0.000  0.549  T  d0
  5570   1740.625  +0.001074  +0.004607  0.281  0.000  0.549  T  d0
  5571   1740.938  +0.000392  +0.000548  0.266  0.000  0.549  T  d2
  5572   1741.250  -0.007088  -0.002432  0.266  0.000  0.549  T  d0
  5573   1741.562  -0.003663  -0.000957  0.266  0.000  0.549  T  d1
  5574   1741.875  +0.000657  -0.007534  0.266  0.000  0.549  T  d3
  5575   1742.188  -0.003339  +0.002502  0.281  0.000  0.549  T  d2
  5576   1742.500  +0.002134  -0.000549  0.281  0.000  0.554  T  d2
  5577   1742.812  -0.002981  +0.001203  0.281  0.000  0.554  T  d3
  5578   1743.125  +0.006092  +0.004736  0.281  0.000  0.554  T  d3
  5579   1743.438  -0.000340  -0.004444  0.281  0.000  0.554  T  d2
  5580   1743.750  +0.000118  +0.000287  0.266  0.000  0.554  T  d0
  5581   1744.062  +0.003110  +0.004069  0.250  0.000  0.554  T  d3
  5582   1744.375  +0.003460  -0.006254  0.234  0.000  0.554  T  d2
  5583   1744.688  -0.002706  +0.001352  0.234  0.000  0.554  T  d2
  5584   1745.000  +0.003203  -0.000360  0.219  0.000  0.554  T  d2
  5585   1745.312  -0.001128  +0.000488  0.219  0.000  0.554  T  d3
  5586   1745.625  +0.003963  +0.003520  0.219  0.000  0.554  T  d1
  5587   1745.938  -0.005564  +0.002017  0.219  0.000  0.554  T  d0
  5588   1746.250  -0.003313  -0.000881  0.203  0.000  0.554  T  d0
  5589   1746.562  -0.005740  -0.001732  0.203  0.000  0.554  T  d2
  5590   1746.875  +0.004228  -0.000168  0.188  0.000  0.554  T  d2
  5591   1747.188  -0.002395  -0.002212  0.172  0.000  0.554  T  d1
  5592   1747.500  +0.003619  -0.000668  0.172  0.000  0.554  T  d2
  5593   1747.812  -0.003968  -0.002127  0.188  0.000  0.554  T  d2
  5594   1748.125  +0.005038  +0.005619  0.188  0.000  0.554  T  d2
  5595   1748.438  -0.000979  -0.005125  0.188  0.000  0.554  T  d2
  5596   1748.750  -0.000348  +0.001440  0.188  0.000  0.554  T  d0
  5597   1749.062  -0.000255  +0.002047  0.188  0.000  0.554  T  d0
  5598   1749.375  +0.000320  +0.002313  0.188  0.000  0.554  T  d3
  5599   1749.688  +0.001432  -0.000912  0.188  0.000  0.554  T  d3
  5600   1750.000  -0.000602  -0.001197  0.188  0.000  0.554  T  d2
  5601   1750.312  +0.004455  +0.003871  0.188  0.000  0.554  T  d3
  5602   1750.625  +0.002774  -0.001132  0.188  0.000  0.554  T  d3
  5603   1750.938  -0.001018  -0.005972  0.172  0.000  0.554  T  d3
  5604   1751.250  -0.002915  +0.003816  0.188  0.000  0.554  T  d0
  5605   1751.562  -0.002920  +0.003731  0.172  0.000  0.554  T  d2
  5606   1751.875  +0.000599  -0.005346  0.172  0.000  0.554  T  d0
  5607   1752.188  -0.001141  -0.002367  0.188  0.000  0.554  T  d0
  5608   1752.500  -0.003622  -0.003028  0.188  0.000  0.541  T  d3
  5609   1752.812  -0.001703  +0.001499  0.188  0.000  0.541  T  d3
  5610   1753.125  +0.000019  +0.004677  0.188  0.000  0.541  T  d3
  5611   1753.438  +0.003936  -0.000631  0.188  0.000  0.541  T  d1
  5612   1753.750  +0.004662  +0.005117  0.188  0.000  0.541  T  d1
  5613   1754.062  -0.003556  +0.001979  0.172  0.000  0.541  T  d2
  5614   1754.375  +0.002864  -0.004778  0.172  0.000  0.541  T  d1
  5615   1754.688  +0.000936  +0.001946  0.172  0.000  0.541  T  d2
  5616   1755.000  -0.003080  -0.002645  0.172  0.000  0.541  T  d1
  5617   1755.312  -0.000065  -0.005739  0.172  0.000  0.541  T  d3
  5618   1755.625  -0.002612  -0.000565  0.172  0.000  0.541  T  d2
  5619   1755.938  +0.005102  +0.005899  0.188  0.000  0.541  T  d3
  5620   1756.250  +0.002515  -0.003156  0.172  0.000  0.541  T  d2
  5621   1756.562  -0.002274  +0.003708  0.156  0.000  0.541  T  d1
  5622   1756.875  -0.003624  +0.000695  0.172  0.000  0.541  T  d3
  5623   1757.188  -0.000091  +0.002990  0.172  0.000  0.541  T  d2
  5624   1757.500  +0.001202  -0.005147  0.188  0.000  0.545  T  d0
  5625   1757.812  -0.001291  -0.004868  0.188  0.000  0.545  T  d2
  5626   1758.125  -0.000147  +0.002917  0.188  0.000  0.545  T  d1
  5627   1758.438  -0.005793  +0.005171  0.203  0.000  0.545  T  d3
  5628   1758.750  +0.004809  +0.000920  0.203  0.000  0.545  T  d3
  5629   1759.062  +0.001635  -0.002834  0.188  0.000  0.545  T  d3
  5630   1759.375  -0.003298  -0.003067  0.172  0.000  0.545  T  d2
  5631   1759.688  +0.004256  +0.003176  0.172  0.000  0.545  T  d3
  5632   1760.000  +0.002120  -0.004783  0.172  0.000  0.545  T  d2
  5633   1760.312  +0.000303  +0.002157  0.188  0.000  0.545  T  d0
  5634   1760.625  +0.002324  +0.005780  0.188  0.012  0.545  T  d2
  5635   1760.938  -0.000526  -0.000737  0.188  0.012  0.545  T  d0
  5636   1761.250  +0.000476  -0.006817  0.188  0.012  0.545  T  d2
  5637   1761.562  -0.001643  +0.001677  0.188  0.012  0.545  T  d1
  5638   1761.875  -0.001737  -0.000220  0.203  0.012  0.545  T  d0
  5639   1762.188  -0.003142  -0.001292  0.188  0.012  0.545  T  d3
  5640   1762.500  -0.000437  +0.006188  0.172  0.012  0.549  T  d2
  5641   1762.812  -0.000743  -0.002366  0.172  0.012  0.549  T  d3
  5642   1763.125  -0.002792  -0.000544  0.172  0.012  0.549  T  d2
  5643   1763.438  +0.005104  +0.002747  0.172  0.012  0.549  T  d2
  5644   1763.750  -0.001522  -0.002341  0.188  0.012  0.549  T  d1
  5645   1764.062  +0.001672  -0.000620  0.188  0.012  0.549  T  d3
  5646   1764.375  -0.001672  -0.004265  0.188  0.000  0.549  T  d2
  5647   1764.688  -0.001773  +0.005734  0.203  0.000  0.549  T  d3
  5648   1765.000  +0.005124  +0.000271  0.203  0.000  0.549  T  d2
  5649   1765.312  -0.001534  -0.001582  0.203  0.000  0.549  T  d2
  5650   1765.625  +0.001942  +0.000519  0.219  0.000  0.549  T  d0
  5651   1765.938  +0.001775  -0.000153  0.219  0.000  0.549  T  d1
  5652   1766.250  +0.002620  +0.003477  0.219  0.000  0.549  T  d2
  5653   1766.562  -0.003899  -0.001203  0.219  0.000  0.549  T  d0
  5654   1766.875  -0.003728  -0.000876  0.219  0.000  0.549  T  d1
  5655   1767.188  -0.000137  -0.001397  0.219  0.000  0.549  T  d0
  5656   1767.500  -0.000105  -0.000961  0.234  0.000  0.567  T  d1
  5657   1767.812  +0.003046  +0.000947  0.219  0.000  0.567  T  d2
  5658   1768.125  -0.001230  -0.001065  0.219  0.000  0.567  T  d0
  5659   1768.438  -0.000361  -0.004037  0.234  0.000  0.567  T  d3
  5660   1768.750  -0.004529  +0.001288  0.234  0.000  0.567  T  d3
  5661   1769.062  -0.000568  +0.003714  0.234  0.000  0.567  T  d2
  5662   1769.375  -0.000604  -0.003721  0.234  0.000  0.567  T  d2
  5663   1769.688  +0.002498  +0.004798  0.234  0.000  0.567  T  d3
  5664   1770.000  +0.002586  -0.001536  0.234  0.000  0.567  T  d0
  5665   1770.312  +0.004328  -0.001473  0.234  0.000  0.567  T  d3
  5666   1770.625  +0.001160  -0.004401  0.219  0.000  0.567  T  d1
  5667   1770.938  +0.002541  +0.002129  0.219  0.000  0.567  T  d1
  5668   1771.250  -0.002868  +0.002486  0.203  0.000  0.567  T  d0
  5669   1771.562  -0.000911  +0.004288  0.203  0.000  0.567  T  d0
  5670   1771.875  -0.001569  +0.004887  0.203  0.000  0.567  T  d3
  5671   1772.188  +0.003772  -0.000238  0.203  0.000  0.567  T  d3
  5672   1772.500  -0.001864  -0.006766  0.203  0.000  0.554  T  d2
  5673   1772.812  -0.001977  +0.003541  0.219  0.000  0.554  T  d1
  5674   1773.125  -0.002356  +0.000398  0.219  0.000  0.554  T  d1
  5675   1773.438  -0.002403  -0.004856  0.219  0.000  0.554  T  d0
  5676   1773.750  -0.001621  -0.002147  0.234  0.000  0.554  T  d3
  5677   1774.062  -0.005052  -0.000131  0.234  0.000  0.554  T  d2
  5678   1774.375  +0.001227  +0.000781  0.234  0.000  0.554  T  d0
  5679   1774.688  +0.004617  +0.003786  0.234  0.000  0.554  T  d2
  5680   1775.000  -0.000537  -0.005333  0.234  0.000  0.554  T  d1
  5681   1775.312  +0.002137  +0.000458  0.234  0.000  0.554  T  d0
  5682   1775.625  +0.005845  +0.001194  0.234  0.000  0.554  T  d3
  5683   1775.938  -0.000262  -0.002249  0.219  0.000  0.554  T  d2
  5684   1776.250  -0.001233  +0.005706  0.234  0.000  0.554  T  d3
  5685   1776.562  +0.003925  -0.002216  0.234  0.000  0.554  T  d3
  5686   1776.875  -0.002062  -0.003622  0.219  0.000  0.554  T  d2
  5687   1777.188  +0.001668  +0.003319  0.219  0.000  0.554  T  d0
  5688   1777.500  -0.001871  +0.005873  0.203  0.000  0.532  T  d2
  5689   1777.812  +0.001911  -0.004550  0.203  0.000  0.532  T  d2
  5690   1778.125  -0.004387  +0.002338  0.203  0.000  0.532  T  d0
  5691   1778.438  -0.005503  +0.002406  0.188  0.000  0.532  T  d1
  5692   1778.750  -0.003529  -0.001787  0.188  0.000  0.532  T  d1
  5693   1779.062  +0.005502  -0.004987  0.188  0.000  0.532  T  d3
  5694   1779.375  -0.002392  -0.002614  0.188  0.114  0.532  T  d2
  5695   1779.688  +0.002125  +0.004041  0.203  0.114  0.532  T  d2
  5696   1780.000  +0.000006  -0.001621  0.219  0.114  0.532  T  d3
  5697   1780.312  -0.000565  -0.000336  0.203  0.114  0.532  T  d2
  5698   1780.625  +0.004902  -0.000238  0.203  0.114  0.532  T  d1
  5699   1780.938  -0.001318  +0.001836  0.203  0.114  0.532  T  d3
  5700   1781.250  +0.003661  +0.000289  0.203  0.114  0.532  T  d1
  5701   1781.562  +0.001422  +0.003127  0.188  0.114  0.532  T  d2
  5702   1781.875  -0.001837  -0.002462  0.172  0.114  0.532  T  d0
  5703   1782.188  -0.004703  -0.006194  0.172  0.114  0.532  T  d2
  5704   1782.500  +0.000240  +0.002275  0.172  0.114  0.554  T  d0
  5705   1782.812  +0.000702  +0.002294  0.172  0.114  0.554  T  d3
  5706   1783.125  +0.002833  +0.000361  0.172  0.251  0.554  P  d2
  5707   1783.438  -0.002841  +0.001912  0.172  0.251  0.554  P  d0
  5708   1783.750  -0.003622  +0.003783  0.156  0.251  0.554  P  d3
  5709   1784.062  +0.002358  +0.003602  0.156  0.251  0.554  P  d2
  5710   1784.375  +0.000248  -0.005214  0.156  0.251  0.554  P  d1
  5711   1784.688  +0.003016  +0.001325  0.156  0.251  0.554  P  d3
  5712   1785.000  -0.001040  -0.005455  0.156  0.251  0.554  P  d3
  5713   1785.312  -0.005628  -0.001028  0.156  0.251  0.554  P  d2
  5714   1785.625  +0.002361  +0.001395  0.141  0.251  0.554  P  d3
  5715   1785.938  +0.003215  -0.004564  0.156  0.251  0.554  P  d0
  5716   1786.250  +0.002492  -0.003581  0.156  0.251  0.554  P  d2
  5717   1786.562  -0.004050  +0.002117  0.156  0.251  0.554  P  d3
  5718   1786.875  +0.000301  +0.005759  0.172  0.343  0.554  P  d3
  5719   1787.188  +0.004638  +0.002849  0.172  0.343  0.554  P  d2
  5720   1787.500  -0.001275  -0.002975  0.156  0.343  0.536  P  d3
  5721   1787.812  -0.002680  +0.006286  0.156  0.343  0.536  P  d1
  5722   1788.125  -0.003843  -0.004411  0.156  0.343  0.536  P  d2
  5723   1788.438  +0.001543  +0.002464  0.141  0.343  0.536  P  d3
  5724   1788.750  +0.003358  -0.001229  0.156  0.343  0.536  P  d2
  5725   1789.062  -0.002440  +0.001407  0.156  0.343  0.536  P  d2
  5726   1789.375  +0.001634  -0.002533  0.156  0.343  0.536  P  d0
  5727   1789.688  -0.000138  -0.003334  0.156  0.343  0.536  P  d0
  5728   1790.000  +0.001763  -0.004364  0.172  0.343  0.536  P  d2
  5729   1790.312  -0.005711  +0.005303  0.188  0.343  0.536  P  d3
  5730   1790.625  +0.004435  +0.000877  0.188  0.406  0.536  P  d2
  5731   1790.938  -0.004136  -0.002416  0.188  0.406  0.536  P  d2
  5732   1791.250  +0.005018  +0.002001  0.203  0.406  0.536  P  d1
  5733   1791.562  -0.002508  +0.003518  0.219  0.406  0.536  P  d1
  5734   1791.875  -0.001481  -0.001311  0.234  0.406  0.536  P  d1
  5735   1792.188  +0.006081  -0.002041  0.219  0.406  0.536  P  d3
  5736   1792.500  +0.000779  -0.003257  0.234  0.406  0.592  P  d2
  5737   1792.812  -0.005681  +0.004246  0.219  0.406  0.592  P  d3
  5738   1793.125  +0.002286  +0.001494  0.219  0.406  0.592  P  d2
  5739   1793.438  -0.001140  -0.001457  0.234  0.406  0.592  P  d3
  5740   1793.750  -0.003751  +0.003809  0.234  0.406  0.592  P  d2
  5741   1794.062  +0.004499  -0.004438  0.250  0.406  0.592  P  d2
  5742   1794.375  -0.000202  +0.001285  0.250  0.449  0.592  P  d0
  5743   1794.688  -0.002244  +0.003553  0.250  0.449  0.592  P  d2
  5744   1795.000  +0.002904  -0.002003  0.266  0.449  0.592  P  d3
  5745   1795.312  -0.005224  -0.004421  0.266  0.449  0.592  P  d1
  5746   1795.625  +0.003634  -0.001061  0.266  0.449  0.592  P  d0
  5747   1795.938  +0.006162  +0.000551  0.281  0.449  0.592  P  d3
  5748   1796.250  -0.002188  -0.003640  0.281  0.449  0.592  P  d3
  5749   1796.562  -0.005451  -0.000026  0.297  0.449  0.592  P  d0
  5750   1796.875  -0.003674  +0.003144  0.312  0.449  0.592  P  d3
  5751   1797.188  +0.005361  +0.004117  0.328  0.449  0.592  P  d3
  5752   1797.500  +0.002535  -0.001554  0.344  0.449  0.665  P  d2
  5753   1797.812  -0.005449  +0.001422  0.344  0.449  0.665  P  d1
  5754   1798.125  +0.001933  -0.004417  0.344  0.478  0.665  P  d2
  5755   1798.438  +0.000374  +0.004795  0.344  0.478  0.665  P  d0
  5756   1798.750  -0.002498  +0.003054  0.344  0.478  0.665  P  d1
  5757   1799.062  -0.003523  +0.000235  0.344  0.478  0.665  P  d2
  5758   1799.375  +0.005008  +0.003623  0.344  0.478  0.665  P  d3
  5759   1799.688  +0.003054  -0.004045  0.328  0.478  0.665  P  d0
  5760   1800.000  -0.000085  -0.002565  0.312  0.478  0.665  P  d0
  5761   1800.312  -0.000536  -0.003326  0.312  0.478  0.665  P  d3
  5762   1800.625  -0.001167  +0.000270  0.312  0.478  0.665  P  d2
  5763   1800.938  +0.004685  -0.002948  0.312  0.478  0.665  P  d0
  5764   1801.250  +0.006452  -0.001156  0.312  0.478  0.665  P  d0
  5765   1801.562  +0.005553  +0.001508  0.312  0.478  0.665  P  d0
  5766   1801.875  +0.004825  -0.000348  0.312  0.495  0.665  P  d2
  5767   1802.188  -0.005654  -0.000796  0.312  0.495  0.665  P  d0
  5768   1802.500  -0.006879  +0.002626  0.312  0.495  0.742  P  d1
  5769   1802.812  -0.004829  -0.004630  0.312  0.495  0.742  P  d3
  5770   1803.125  -0.008086  +0.002736  0.312  0.495  0.742  P  d0
  5771   1803.438  -0.009362  +0.005546  0.312  0.495  0.742  P  d0
  5772   1803.750  -0.008055  -0.000866  0.312  0.495  0.742  P  d0
  5773   1804.062  -0.005813  -0.001787  0.312  0.495  0.742  P  d3
  5774   1804.375  -0.009079  +0.006005  0.312  0.495  0.742  P  d3
  5775   1804.688  +0.000480  +0.006014  0.297  0.495  0.742  P  d0
  5776   1805.000  -0.000511  +0.006922  0.297  0.495  0.742  P  d3
  5777   1805.312  +0.008290  +0.003432  0.297  0.495  0.742  P  d3
  5778   1805.625  +0.003136  -0.001642  0.297  0.503  0.742  P  d0
  5779   1805.938  +0.012764  -0.001958  0.281  0.503  0.742  P  d0
  5780   1806.250  +0.022752  -0.001190  0.281  0.503  0.742  P  d0
  5781   1806.562  +0.020767  -0.005378  0.281  0.503  0.742  P  d0
  5782   1806.875  +0.027555  -0.005268  0.266  0.503  0.742  P  d0
  5783   1807.188  +0.037227  -0.027588  0.266  0.503  0.742  P  d0
  5784   1807.500  +0.039538  -0.006544  0.266  0.503  0.781  P  d3
  5785   1807.812  +0.032251  -0.059264  0.266  0.503  0.781  P  d1
  5786   1808.125  +0.086675  +0.029822  0.266  0.503  0.781  P  d3
  5787   1808.438  -0.136395  -0.401838  0.266  0.503  0.781  P  d3
  5788   1808.750  -1.049555  +0.263419  0.250  0.503  0.781  P  d3
  5789   1809.062  +0.556282  +1.226745  0.250  0.503  0.781  P  d3
  5790   1809.375  +1.192739  -0.755865  0.250  0.501  0.781  P  d3
  5791   1809.688  -0.648384  -1.054344  0.250  0.501  0.781  P  d3
  5792   1810.000  -0.998829  +0.563803  0.234  0.501  0.781  P  d3
  5793   1810.312  +0.596314  +1.093176  0.219  0.501  0.781  P  d3
  5794   1810.625  +1.136235  -0.689454  0.219  0.501  0.781  P  d3
  5795   1810.938  -0.690346  -1.062839  0.219  0.501  0.781  P  d3
  5796   1811.250  -1.008077  +0.647337  0.203  0.501  0.781  P  d3
  5797   1811.562  +0.628703  +1.063597  0.188  0.501  0.781  P  d3
  5798   1811.875  +1.062965  -0.689064  0.172  0.501  0.781  P  d3
  5799   1812.188  -0.715436  -1.026921  0.172  0.501  0.781  P  d3
  5800   1812.500  -1.024209  +0.689892  0.156  0.501  0.841  P  d3
  5801   1812.812  +0.672005  +1.020068  0.156  0.501  0.841  P  d3
  5802   1813.125  +1.042217  -0.703532  0.156  0.490  0.841  P  d3
  5803   1813.438  -0.744317  -1.007278  0.141  0.490  0.841  P  d3
  5804   1813.750  -1.000632  +0.740159  0.125  0.490  0.841  P  d3
  5805   1814.062  +0.720767  +1.008894  0.109  0.490  0.841  P  d3
  5806   1814.375  +1.005637  -0.738207  0.109  0.490  0.841  P  d3
  5807   1814.688  -0.757241  -1.009573  0.109  0.490  0.841  P  d3
  5808   1815.000  -0.972026  +0.767391  0.094  0.490  0.841  P  d3
  5809   1815.312  +0.767210  +0.996855  0.094  0.490  0.841  P  d3
  5810   1815.625  +1.014896  -0.767102  0.094  0.490  0.841  P  d3
  5811   1815.938  -0.796983  -0.958154  0.078  0.490  0.841  P  d3
  5812   1816.250  -0.977076  +0.768458  0.062  0.490  0.841  P  d3
  5813   1816.562  +0.782786  +0.955265  0.047  0.490  0.841  P  d3
  5814   1816.875  +0.964375  -0.813468  0.031  0.467  0.841  P  d3
  5815   1817.188  -0.817462  -0.957249  0.016  0.467  0.841  P  d3
  5816   1817.500  -0.941246  +0.800082  0.000  0.467  0.914  P  d3
  5817   1817.812  +0.813067  +0.940000  0.000  0.467  0.914  P  d3
  5818   1818.125  +0.934452  -0.830201  0.000  0.467  0.914  P  d3
  5819   1818.438  -0.830898  -0.933915  0.000  0.467  0.914  P  d3
  5820   1818.750  -0.923696  +0.855331  0.000  0.467  0.914  P  d3
  5821   1819.062  +0.848896  +0.930338  0.000  0.467  0.914  P  d3
  5822   1819.375  +0.918783  -0.840698  0.000  0.467  0.914  P  d3
  5823   1819.688  -0.855874  -0.889927  0.000  0.467  0.914  P  d3
  5824   1820.000  -0.900435  +0.853253  0.000  0.467  0.914  P  d3
  5825   1820.312  +0.864906  +0.890944  0.000  0.467  0.914  P  d3
  5826   1820.625  +0.893505  -0.885809  0.000  0.433  0.914  P  d3
  5827   1820.938  -0.878065  -0.894098  0.000  0.433  0.914  P  d3
  5828   1821.250  -0.887621  +0.885452  0.000  0.433  0.914  P  d3
  5829   1821.562  +0.884610  +0.887425  0.000  0.433  0.914  P  d3
  5830   1821.875  +0.876185  -0.887717  0.000  0.433  0.914  P  d3
  5831   1822.188  -0.904441  -0.868352  0.000  0.433  0.914  P  d3
  5832   1822.500  -0.850490  +0.891877  0.000  0.433  0.961  P  d3
  5833   1822.812  +0.915766  +0.848259  0.000  0.433  0.961  P  d3
  5834   1823.125  +0.851714  -0.908025  0.000  0.433  0.961  P  d3
  5835   1823.438  -0.928294  -0.839801  0.000  0.433  0.961  P  d3
  5836   1823.750  -0.844248  +0.923411  0.000  0.433  0.961  P  d3
  5837   1824.062  +0.929636  +0.838349  0.000  0.433  0.961  P  d3
  5838   1824.375  +0.830634  -0.940657  0.000  0.382  0.961  P  d3
  5839   1824.688  -0.941643  -0.822604  0.000  0.382  0.961  P  d3
  5840   1825.000  -0.827720  +0.933185  0.000  0.382  0.961  P  d3
  5841   1825.312  +0.951099  +0.813467  0.000  0.382  0.961  P  d3
  5842   1825.625  +0.812800  -0.940029  0.000  0.382  0.961  P  d3
  5843   1825.938  -0.947970  -0.790813  0.000  0.382  0.961  P  d3
  5844   1826.250  -0.807021  +0.957019  0.000  0.382  0.961  P  d3
  5845   1826.562  +0.971351  +0.787054  0.000  0.382  0.961  P  d3
  5846   1826.875  +0.784494  -0.978683  0.000  0.382  0.961  P  d3
  5847   1827.188  -0.973379  -0.786198  0.000  0.382  0.961  P  d3
  5848   1827.500  -0.781389  +0.984390  0.000  0.382  0.500  P  d3
  5849   1827.812  +0.978427  +0.786689  0.000  0.382  0.500  P  d3
  5850   1828.125  +0.766583  -0.975912  0.000  0.307  0.500  P  d3
  5851   1828.438  -0.980423  -0.762339  0.000  0.307  0.500  P  d3
  5852   1828.750  -0.757450  +0.968059  0.000  0.307  0.500  P  d3
  5853   1829.062  +1.003832  +0.750980  0.000  0.307  0.500  P  d3
  5854   1829.375  +0.760205  -1.009415  0.000  0.307  0.500  P  d3
  5855   1829.688  -1.016655  -0.750961  0.000  0.307  0.500  P  d3
  5856   1830.000  -0.740238  +1.014593  0.000  0.307  0.500  P  d3
  5857   1830.312  +1.003703  +0.738478  0.000  0.307  0.500  P  d3
  5858   1830.625  +0.733293  -1.004750  0.000  0.307  0.500  P  d3
  5859   1830.938  -1.009368  -0.714751  0.000  0.307  0.500  P  d3
  5860   1831.250  -0.731576  +1.017357  0.000  0.307  0.500  P  d3
  5861   1831.562  +1.027309  +0.745286  0.000  0.307  0.500  P  d3
  5862   1831.875  +0.705510  -1.034170  0.000  0.199  0.500  P  d3
  5863   1832.188  -1.035740  -0.721649  0.000  0.199  0.500  P  d3
  5864   1832.500  -0.703906  +1.016637  0.000  0.199  0.500  P  d3
  5865   1832.812  +1.025870  +0.686627  0.000  0.199  0.500  P  d3
  5866   1833.125  +0.708316  -1.035711  0.000  0.199  0.500  P  d3
  5867   1833.438  -1.028544  -0.699252  0.000  0.199  0.500  P  d3
  5868   1833.750  -0.695558  +1.053612  0.000  0.199  0.500  P  d3
  5869   1834.062  +1.044105  +0.680128  0.000  0.199  0.500  P  d3
  5870   1834.375  +0.682983  -1.044461  0.000  0.199  0.500  P  d3
  5871   1834.688  -1.034848  -0.673476  0.000  0.199  0.500  P  d3
  5872   1835.000  -0.682644  +1.066399  0.000  0.199  0.500  P  d3
  5873   1835.312  +1.052745  +0.684434  0.000  0.199  0.500  P  d3
  5874   1835.625  +0.679328  -1.072230  0.000  0.034  0.500  T  d3
  5875   1835.938  -1.064114  -0.664678  0.000  0.034  0.500  T  d3
  5876   1836.250  -0.670475  +1.054956  0.000  0.034  0.500  T  d3
  5877   1836.562  +1.065835  +0.663064  0.000  0.034  0.500  T  d3
  5878   1836.875  +0.650828  -1.066617  0.000  0.034  0.500  T  d3
  5879   1837.188  -1.073253  -0.644955  0.000  0.034  0.500  T  d3
  5880   1837.500  -0.649641  +1.079959  0.000  0.034  0.500  T  d3
  5881   1837.812  +1.080926  +0.652101  0.000  0.034  0.500  T  d3
  5882   1838.125  +0.634058  -1.092589  0.000  0.034  0.500  T  d3
  5883   1838.438  -1.087943  -0.641982  0.000  0.034  0.500  T  d3
  5884   1838.750  -0.625286  +1.063921  0.000  0.034  0.500  T  d3
  5885   1839.062  +1.082656  +0.610834  0.000  0.034  0.500  T  d3
  5886   1839.375  +0.615644  -1.080860  0.000  0.000  0.500  T  d3
  5887   1839.688  -1.063675  -0.607770  0.000  0.000  0.500  T  d3
  5888   1840.000  -0.603937  +1.083288  0.000  0.000  0.500  T  d3
  5889   1840.312  +1.084525  +0.614756  0.000  0.000  0.500  T  d3
  5890   1840.625  +0.602116  -1.073352  0.000  0.000  0.500  T  d3
  5891   1840.938  -1.084150  -0.604557  0.000  0.000  0.500  T  d3
  5892   1841.250  -0.613332  +1.110569  0.000  0.000  0.500  T  d3
  5893   1841.562  +1.103476  +0.603658  0.000  0.000  0.500  T  d3
  5894   1841.875  +0.592635  -1.117778  0.000  0.000  0.500  T  d3
  5895   1842.188  -1.108007  -0.591813  0.000  0.000  0.500  T  d3
  5896   1842.500  -0.594297  +1.102185  0.000  0.000  0.500  T  d3
  5897   1842.812  +1.109992  +0.579033  0.000  0.000  0.500  T  d3
  5898   1843.125  +0.572217  -1.105114  0.000  0.000  0.500  T  d3
  5899   1843.438  -1.101861  -0.578811  0.000  0.000  0.500  T  d3
  5900   1843.750  -0.573868  +1.122673  0.000  0.000  0.500  T  d3
  5901   1844.062  +1.114105  +0.577266  0.000  0.000  0.500  T  d3
  5902   1844.375  +0.557024  -1.139072  0.000  0.000  0.500  T  d3
  5903   1844.688  -1.110410  -0.560216  0.000  0.000  0.500  T  d3
  5904   1845.000  -0.557889  +1.115095  0.000  0.000  0.500  T  d3
  5905   1845.312  +1.107634  +0.569317  0.000  0.000  0.500  T  d3
  5906   1845.625  +0.561000  -1.126843  0.000  0.000  0.500  T  d3
  5907   1845.938  -1.110780  -0.565247  0.000  0.000  0.500  T  d3
  5908   1846.250  -0.556127  +1.129564  0.000  0.000  0.500  T  d3
  5909   1846.562  +1.128495  +0.553826  0.000  0.000  0.500  T  d3
  5910   1846.875  +0.561176  -1.113897  0.000  0.000  0.500  T  d3
  5911   1847.188  -1.127884  -0.538909  0.000  0.000  0.500  T  d3
  5912   1847.500  -0.545582  +1.104439  0.000  0.000  0.500  T  d3
  5913   1847.812  +1.126634  +0.537968  0.000  0.000  0.500  T  d3
  5914   1848.125  +0.541440  -1.117974  0.000  0.000  0.500  T  d3
  5915   1848.438  -1.135210  -0.537944  0.000  0.000  0.500  T  d3
  5916   1848.750  -0.542272  +1.128022  0.000  0.000  0.500  T  d3
  5917   1849.062  +1.123033  +0.534634  0.000  0.000  0.500  T  d3
  5918   1849.375  +0.533027  -1.139996  0.000  0.000  0.500  T  d3
  5919   1849.688  -1.140221  -0.530919  0.000  0.000  0.500  T  d3
  5920   1850.000  -0.526314  +1.146717  0.000  0.000  0.500  T  d3
  5921   1850.312  +1.143353  +0.531558  0.000  0.000  0.500  T  d3
  5922   1850.625  +0.513726  -1.132611  0.000  0.004  0.500  T  d3
  5923   1850.938  -1.129004  -0.514486  0.000  0.004  0.500  T  d3
  5924   1851.250  -0.512232  +1.123670  0.000  0.004  0.500  T  d3
  5925   1851.562  +1.145938  +0.508272  0.000  0.004  0.500  T  d3
  5926   1851.875  +0.504708  -1.147279  0.000  0.004  0.500  T  d3
  5927   1852.188  -1.132832  -0.509128  0.000  0.004  0.500  T  d3
  5928   1852.500  -0.510674  +1.151670  0.000  0.004  0.500  T  d3
  5929   1852.812  +1.145536  +0.511255  0.000  0.004  0.500  T  d3
  5930   1853.125  +0.485922  -1.142095  0.000  0.004  0.500  T  d3
  5931   1853.438  -1.144843  -0.495370  0.000  0.004  0.500  T  d3
  5932   1853.750  -0.485763  +1.140973  0.000  0.004  0.500  T  d3
  5933   1854.062  +1.152091  +0.492774  0.000  0.004  0.500  T  d3
  5934   1854.375  +0.503900  -1.158946  0.000  0.000  0.500  T  d3
  5935   1854.688  -1.157028  -0.495370  0.000  0.000  0.500  T  d3
  5936   1855.000  -0.490777  +1.158909  0.000  0.000  0.500  T  d3
  5937   1855.312  +1.148181  +0.489292  0.000  0.000  0.500  T  d3
  5938   1855.625  +0.477580  -1.157521  0.000  0.000  0.500  T  d3
  5939   1855.938  -1.158565  -0.481157  0.000  0.000  0.500  T  d3
  5940   1856.250  -0.482694  +1.143859  0.000  0.000  0.500  T  d3
  5941   1856.562  +1.158650  +0.478861  0.000  0.000  0.500  T  d3
  5942   1856.875  +0.473955  -1.137023  0.000  0.000  0.500  T  d3
  5943   1857.188  -1.161122  -0.469754  0.000  0.000  0.500  T  d3
  5944   1857.500  -0.471418  +1.140740  0.000  0.000  0.500  T  d3
  5945   1857.812  +1.167402  +0.480884  0.000  0.000  0.500  T  d3
  5946   1858.125  +0.472218  -1.166131  0.000  0.000  0.500  T  d3
  5947   1858.438  -1.153931  -0.466322  0.000  0.000  0.500  T  d3
  5948   1858.750  -0.467489  +1.168761  0.000  0.000  0.500  T  d3
  5949   1859.062  +1.157989  +0.463904  0.000  0.000  0.500  T  d3
  5950   1859.375  +0.450224  -1.156694  0.000  0.000  0.500  T  d3
  5951   1859.688  -1.152755  -0.462053  0.000  0.000  0.500  T  d3
  5952   1860.000  -0.447638  +1.143959  0.000  0.000  0.500  T  d3
  5953   1860.312  +1.156955  +0.468617  0.000  0.000  0.500  T  d3
  5954   1860.625  +0.463403  -1.176009  0.000  0.000  0.500  T  d3
  5955   1860.938  -1.156527  -0.451289  0.000  0.000  0.500  T  d3
  5956   1861.250  -0.466649  +1.159492  0.000  0.000  0.500  T  d3
  5957   1861.562  +1.164244  +0.464794  0.000  0.000  0.500  T  d3
  5958   1861.875  +0.446148  -1.160054  0.000  0.000  0.500  T  d3
  5959   1862.188  -1.171128  -0.456592  0.000  0.000  0.500  T  d3
  5960   1862.500  -0.460708  +1.177362  0.000  0.000  0.500  T  d3
  5961   1862.812  +1.170000  +0.464609  0.000  0.000  0.500  T  d3
  5962   1863.125  +0.448062  -1.186232  0.000  0.000  0.500  T  d3
  5963   1863.438  -1.164507  -0.448645  0.000  0.000  0.500  T  d3
  5964   1863.750  -0.442616  +1.155713  0.000  0.000  0.500  T  d3
  5965   1864.062  +1.160217  +0.434673  0.000  0.000  0.500  T  d3
  5966   1864.375  +0.446871  -1.160406  0.000  0.000  0.500  T  d3
  5967   1864.688  -1.141773  -0.443527  0.000  0.000  0.500  T  d3
  5968   1865.000  -0.436791  +1.165386  0.000  0.000  0.500  T  d3
  5969   1865.312  +1.165434  +0.433149  0.000  0.000  0.500  T  d3
  5970   1865.625  +0.434472  -1.162446  0.000  0.000  0.500  T  d3
  5971   1865.938  -1.173846  -0.424148  0.000  0.000  0.500  T  d3
  5972   1866.250  -0.452466  +1.184328  0.000  0.000  0.500  T  d3
  5973   1866.562  +1.180910  +0.438454  0.000  0.000  0.500  T  d3
  5974   1866.875  +0.436595  -1.185287  0.000  0.000  0.500  T  d3
  5975   1867.188  -1.177199  -0.434320  0.000  0.000  0.500  T  d3
  5976   1867.500  -0.436772  +1.169552  0.000  0.000  0.500  T  d3
  5977   1867.812  +1.178405  +0.431895  0.000  0.000  0.500  T  d3
  5978   1868.125  +0.423991  -1.172944  0.000  0.000  0.500  T  d3
  5979   1868.438  -1.181835  -0.424717  0.000  0.000  0.500  T  d3
  5980   1868.750  -0.428209  +1.187980  0.000  0.000  0.500  T  d3
  5981   1869.062  +1.182738  +0.428890  0.000  0.000  0.500  T  d3
  5982   1869.375  +0.422846  -1.198376  0.000  0.000  0.500  T  d3
  5983   1869.688  -1.163830  -0.431325  0.000  0.000  0.500  T  d3
  5984   1870.000  -0.419576  +1.168727  0.000  0.000  0.500  T  d3
  5985   1870.312  +1.171210  +0.434542  0.000  0.000  0.500  T  d3
  5986   1870.625  +0.421927  -1.183380  0.000  0.000  0.500  T  d3
  5987   1870.938  -1.171406  -0.431372  0.000  0.000  0.500  T  d3
  5988   1871.250  -0.415702  +1.181794  0.000  0.000  0.500  T  d3
  5989   1871.562  +1.172049  +0.426114  0.000  0.000  0.500  T  d3
  5990   1871.875  +0.414340  -1.157759  0.000  0.000  0.500  T  d3
  5991   1872.188  -1.176520  -0.423433  0.000  0.000  0.500  T  d3
  5992   1872.500  -0.426837  +1.199989  0.000  0.000  0.500  T  d3
  5993   1872.812  +1.190244  +0.408128  0.000  0.000  0.500  T  d3
  5994   1873.125  +0.414330  -1.195019  0.000  0.000  0.500  T  d3
  5995   1873.438  -1.184636  -0.411673  0.000  0.000  0.500  T  d3
  5996   1873.750  -0.414549  +1.171992  0.000  0.000  0.500  T  d3
  5997   1874.062  +1.171748  +0.411909  0.000  0.000  0.500  T  d3
  5998   1874.375  +0.425359  -1.184231  0.000  0.000  0.500  T  d3
  5999   1874.688  -1.186121  -0.427905  0.000  0.000  0.500  T  d3
  6000   1875.000  -0.423670  +1.187622  0.000  0.000  0.500  T  d3
  6001   1875.312  +1.193273  +0.421513  0.000  0.000  0.500  T  d3
  6002   1875.625  +0.408712  -1.159308  0.000  0.000  0.500  T  d3
  6003   1875.938  -1.174201  -0.404940  0.000  0.000  0.500  T  d3
  6004   1876.250  -0.415437  +1.167585  0.000  0.000  0.500  T  d3
  6005   1876.562  +1.178404  +0.406769  0.000  0.000  0.500  T  d3
  6006   1876.875  +0.416042  -1.188705  0.000  0.000  0.500  T  d3
  6007   1877.188  -1.181839  -0.413720  0.000  0.000  0.500  T  d3
  6008   1877.500  -0.414560  +1.183982  0.000  0.000  0.500  T  d3
  6009   1877.812  +1.194932  +0.421822  0.000  0.000  0.500  T  d3
  6010   1878.125  +0.400411  -1.173272  0.000  0.000  0.500  T  d3
  6011   1878.438  -1.175673  -0.419997  0.000  0.000  0.500  T  d3
  6012   1878.750  -0.403489  +1.168318  0.000  0.000  0.500  T  d3
  6013   1879.062  +1.185553  +0.408105  0.000  0.000  0.500  T  d3
  6014   1879.375  +0.401354  -1.173796  0.000  0.000  0.500  T  d3
  6015   1879.688  -1.186927  -0.408931  0.000  0.000  0.500  T  d3
  6016   1880.000  -0.412751  +1.182498  0.000  0.000  0.500  T  d3
  6017   1880.312  +1.178983  +0.405303  0.000  0.000  0.500  T  d3
  6018   1880.625  +0.409498  -1.191069  0.000  0.000  0.500  T  d3
  6019   1880.938  -1.188695  -0.407345  0.000  0.000  0.500  T  d3
  6020   1881.250  -0.403248  +1.198660  0.000  0.000  0.500  T  d3
  6021   1881.562  +1.185273  +0.406069  0.000  0.000  0.500  T  d3
  6022   1881.875  +0.406075  -1.171594  0.000  0.000  0.500  T  d3
  6023   1882.188  -1.179641  -0.405085  0.000  0.000  0.500  T  d3
  6024   1882.500  -0.411351  +1.170617  0.000  0.000  0.500  T  d3
  6025   1882.812  +1.190841  +0.395589  0.000  0.000  0.500  T  d3
  6026   1883.125  +0.402763  -1.194444  0.000  0.000  0.500  T  d3
  6027   1883.438  -1.177287  -0.397202  0.000  0.000  0.500  T  d3
  6028   1883.750  -0.412575  +1.187704  0.000  0.000  0.500  T  d3
  6029   1884.062  +1.177178  +0.414611  0.000  0.000  0.500  T  d3
  6030   1884.375  +0.404049  -1.177600  0.000  0.000  0.500  T  d3
  6031   1884.688  -1.174687  -0.398234  0.000  0.000  0.500  T  d3
  6032   1885.000  -0.403176  +1.174865  0.000  0.000  0.500  T  d3
  6033   1885.312  +1.195800  +0.402795  0.000  0.000  0.500  T  d3
  6034   1885.625  +0.408635  -1.193698  0.000  0.000  0.500  T  d3
  6035   1885.938  -1.193497  -0.407347  0.000  0.000  0.500  T  d3
  6036   1886.250  -0.404379  +1.189693  0.000  0.000  0.500  T  d3
  6037   1886.562  +1.177275  +0.400174  0.000  0.000  0.500  T  d3
  6038   1886.875  +0.400350  -1.165073  0.000  0.000  0.500  T  d3
  6039   1887.188  -1.191023  -0.404698  0.000  0.000  0.500  T  d3
  6040   1887.500  -0.398289  +1.176380  0.000  0.000  0.500  T  d3
  6041   1887.812  +1.180226  +0.412178  0.000  0.000  0.500  T  d3
  6042   1888.125  +0.394913  -1.208241  0.000  0.000  0.500  T  d3
  6043   1888.438  -1.181646  -0.419456  0.000  0.000  0.500  T  d3
  6044   1888.750  -0.388694  +1.194061  0.000  0.000  0.500  T  d3
  6045   1889.062  +1.187581  +0.407400  0.000  0.000  0.500  T  d3
  6046   1889.375  +0.408680  -1.185465  0.000  0.000  0.500  T  d3
  6047   1889.688  -1.184070  -0.391394  0.000  0.000  0.500  T  d3
  6048   1890.000  -0.408422  +1.193523  0.000  0.000  0.500  T  d3
  6049   1890.312  +1.180422  +0.395045  0.000  0.000  0.500  T  d3
  6050   1890.625  +0.411033  -1.176946  0.000  0.000  0.500  T  d3
  6051   1890.938  -1.174274  -0.408205  0.000  0.000  0.500  T  d3
  6052   1891.250  -0.434200  +1.191633  0.000  0.000  0.500  T  d3
  6053   1891.562  +1.186985  +0.405710  0.000  0.000  0.500  T  d3
  6054   1891.875  +0.417899  -1.190379  0.000  0.000  0.500  T  d3
  6055   1892.188  -1.177936  -0.401569  0.000  0.000  0.500  T  d3
  6056   1892.500  -0.413049  +1.173800  0.000  0.000  0.500  T  d3
  6057   1892.812  +1.180641  +0.416328  0.000  0.000  0.500  T  d3
  6058   1893.125  +0.402948  -1.185022  0.000  0.000  0.500  T  d3
  6059   1893.438  -1.186110  -0.411068  0.000  0.000  0.500  T  d3
  6060   1893.750  -0.420633  +1.193074  0.000  0.000  0.500  T  d3
  6061   1894.062  +1.187170  +0.415650  0.000  0.000  0.500  T  d3
  6062   1894.375  +0.411445  -1.199692  0.000  0.000  0.500  T  d3
  6063   1894.688  -1.178371  -0.423260  0.000  0.000  0.500  T  d3
  6064   1895.000  -0.398537  +1.165239  0.000  0.000  0.500  T  d3
  6065   1895.312  +1.181052  +0.405221  0.000  0.000  0.500  T  d3
  6066   1895.625  +0.412998  -1.167574  0.000  0.000  0.500  T  d3
  6067   1895.938  -1.155523  -0.399004  0.000  0.000  0.500  T  d3
  6068   1896.250  -0.411459  +1.175061  0.000  0.000  0.500  T  d3
  6069   1896.562  +1.171713  +0.420806  0.000  0.000  0.500  T  d3
  6070   1896.875  +0.401902  -1.165826  0.000  0.000  0.500  T  d3
  6071   1897.188  -1.192695  -0.412982  0.000  0.000  0.500  T  d3
  6072   1897.500  -0.427118  +1.191368  0.000  0.000  0.500  T  d3
  6073   1897.812  +1.190757  +0.411558  0.000  0.000  0.500  T  d3
  6074   1898.125  +0.416562  -1.192045  0.000  0.000  0.500  T  d3
  6075   1898.438  -1.183380  -0.419461  0.000  0.000  0.500  T  d3
  6076   1898.750  -0.417559  +1.174765  0.000  0.000  0.500  T  d3
  6077   1899.062  +1.182634  +0.410906  0.000  0.000  0.500  T  d3
  6078   1899.375  +0.410683  -1.177593  0.000  0.000  0.500  T  d3
  6079   1899.688  -1.168261  -0.415089  0.000  0.000  0.500  T  d3
  6080   1900.000  -0.427451  +1.197286  0.000  0.000  0.500  T  d3
  6081   1900.312  +1.185509  +0.405456  0.000  0.000  0.500  T  d3
  6082   1900.625  +0.415221  -1.195165  0.000  0.000  0.500  T  d3
  6083   1900.938  -1.168394  -0.408172  0.000  0.000  0.500  T  d3
  6084   1901.250  -0.423772  +1.176837  0.000  0.000  0.500  T  d3
  6085   1901.562  +1.172935  +0.423783  0.000  0.000  0.500  T  d3
  6086   1901.875  +0.440185  -1.183497  0.000  0.000  0.500  T  d3
  6087   1902.188  -1.169290  -0.421585  0.000  0.000  0.500  T  d3
  6088   1902.500  -0.419882  +1.186691  0.000  0.000  0.500  T  d3
  6089   1902.812  +1.157375  +0.424963  0.000  0.000  0.500  T  d3
  6090   1903.125  +0.400458  -1.162579  0.000  0.000  0.500  T  d3
  6091   1903.438  -1.160613  -0.434943  0.000  0.000  0.500  T  d3
  6092   1903.750  -0.421373  +1.157645  0.000  0.000  0.500  T  d3
  6093   1904.062  +1.182557  +0.434288  0.000  0.000  0.500  T  d3
  6094   1904.375  +0.424503  -1.169460  0.000  0.000  0.500  T  d3
  6095   1904.688  -1.171199  -0.433772  0.000  0.000  0.500  T  d3
  6096   1905.000  -0.439814  +1.173045  0.000  0.000  0.500  T  d3
  6097   1905.312  +1.173306  +0.426067  0.000  0.000  0.500  T  d3
  6098   1905.625  +0.434795  -1.178920  0.000  0.000  0.500  T  d3
  6099   1905.938  -1.186193  -0.434706  0.000  0.000  0.500  T  d3
  6100   1906.250  -0.429573  +1.187039  0.000  0.000  0.500  T  d3
  6101   1906.562  +1.172024  +0.438850  0.000  0.000  0.500  T  d3
  6102   1906.875  +0.429382  -1.169067  0.000  0.000  0.500  T  d3
  6103   1907.188  -1.163789  -0.427228  0.000  0.000  0.500  T  d3
  6104   1907.500  -0.426058  +1.167971  0.000  0.000  0.500  T  d3
  6105   1907.812  +1.179393  +0.421829  0.000  0.000  0.500  T  d3
  6106   1908.125  +0.438756  -1.177567  0.000  0.000  0.500  T  d3
  6107   1908.438  -1.168763  -0.431692  0.000  0.000  0.500  T  d3
  6108   1908.750  -0.448712  +1.175185  0.000  0.000  0.500  T  d3
  6109   1909.062  +1.167154  +0.442989  0.000  0.000  0.500  T  d3
  6110   1909.375  +0.420734  -1.175635  0.000  0.000  0.500  T  d3
  6111   1909.688  -1.160398  -0.431980  0.000  0.000  0.500  T  d3
  6112   1910.000  -0.435970  +1.166386  0.000  0.000  0.500  T  d3
  6113   1910.312  +1.177990  +0.443219  0.000  0.000  0.500  T  d3
  6114   1910.625  +0.450326  -1.178749  0.000  0.000  0.500  T  d3
  6115   1910.938  -1.178899  -0.443795  0.000  0.000  0.500  T  d3
  6116   1911.250  -0.446069  +1.175230  0.000  0.000  0.500  T  d3
  6117   1911.562  +1.166463  +0.436768  0.000  0.000  0.500  T  d3
  6118   1911.875  +0.436309  -1.169995  0.000  0.000  0.500  T  d3
  6119   1912.188  -1.172190  -0.448521  0.000  0.000  0.500  T  d3
  6120   1912.500  -0.437105  +1.173606  0.000  0.000  0.500  T  d3
  6121   1912.812  +1.163510  +0.445947  0.000  0.000  0.500  T  d3
  6122   1913.125  +0.447191  -1.088938  0.000  0.000  0.500  T  d3
  6123   1913.438  -0.974462  -0.512164  0.000  0.000  0.500  T  d3
  6124   1913.750  -0.622522  +0.778330  0.000  0.000  0.500  T  d3
  6125   1914.062  +0.576752  +0.789438  0.000  0.000  0.500  T  d3
  6126   1914.375  +0.898470  -0.312341  0.000  0.000  0.500  T  d3
  6127   1914.688  -0.017650  -0.949853  0.000  0.000  0.500  T  d3
  6128   1915.000  -0.899286  -0.331404  0.000  0.000  0.500  T  d3
  6129   1915.312  -0.648968  +0.752247  0.000  0.000  0.500  T  d3
  6130   1915.625  +0.481514  +0.905679  0.000  0.000  0.500  T  d3
  6131   1915.938  +1.040386  -0.117440  0.000  0.000  0.500  T  d3
  6132   1916.250  +0.303056  -1.042388  0.000  0.000  0.500  T  d3
  6133   1916.562  -0.953000  -0.748849  0.000  0.000  0.500  T  d3
  6134   1916.875  -1.122593  +0.789073  0.000  0.000  0.500  T  d3
  6135   1917.188  +0.591303  +1.400450  0.000  0.000  0.500  T  d3
  6136   1917.500  +1.483091  -0.427423  0.000  0.000  0.500  T  d3
  6137   1917.812  -0.244344  -1.506204  0.000  0.000  0.500  T  d3
  6138   1918.125  -1.424708  +0.126895  0.000  0.000  0.500  T  d3
  6139   1918.438  +0.084154  +1.302870  0.000  0.000  0.500  T  d3
  6140   1918.750  +1.209543  -0.107757  0.000  0.000  0.500  T  d3
  6141   1919.062  -0.156960  -1.096345  0.000  0.000  0.500  T  d3
  6142   1919.375  -1.055620  +0.232179  0.000  0.000  0.500  T  d3
  6143   1919.688  +0.322733  +1.073966  0.000  0.000  0.500  T  d3
  6144   1920.000  +1.093644  -0.402897  0.000  0.000  0.500  T  d3
  6145   1920.312  -0.446725  -1.127276  0.000  0.000  0.500  T  d3
  6146   1920.625  -1.180858  +0.466344  0.000  0.000  0.500  T  d3
  6147   1920.938  +0.459573  +1.212655  0.000  0.000  0.500  T  d3
  6148   1921.250  +1.256028  -0.468017  0.000  0.000  0.500  T  d3
  6149   1921.562  -0.430338  -1.230229  0.000  0.000  0.500  T  d3
  6150   1921.875  -1.244949  +0.423734  0.000  0.000  0.500  T  d3
  6151   1922.188  +0.391137  +1.234938  0.000  0.000  0.500  T  d3
  6152   1922.500  +1.201210  -0.399801  0.000  0.000  0.500  T  d3
  6153   1922.812  -0.408645  -1.175243  0.000  0.000  0.500  T  d3
  6154   1923.125  -1.155693  +0.423478  0.000  0.000  0.500  T  d3
  6155   1923.438  +0.436302  +1.129816  0.000  0.000  0.500  T  d3
  6156   1923.750  +1.130813  -0.463914  0.000  0.000  0.500  T  d3
  6157   1924.062  -0.486579  -1.141102  0.000  0.000  0.500  T  d3
  6158   1924.375  -1.126032  +0.480737  0.000  0.000  0.500  T  d3
  6159   1924.688  +0.519942  +1.146132  0.000  0.000  0.500  T  d3
  6160   1925.000  +1.152866  -0.515164  0.000  0.000  0.500  T  d3
  6161   1925.312  -0.531679  -1.130443  0.000  0.000  0.500  T  d3
  6162   1925.625  -1.147645  +0.524772  0.000  0.000  0.500  T  d3
  6163   1925.938  +0.525692  +1.136674  0.000  0.000  0.500  T  d3
  6164   1926.250  +1.134906  -0.535135  0.000  0.000  0.500  T  d3
  6165   1926.562  -0.542566  -1.126679  0.000  0.000  0.500  T  d3
  6166   1926.875  -1.126878  +0.534467  0.000  0.000  0.500  T  d3
  6167   1927.188  +0.558023  +1.119359  0.000  0.000  0.500  T  d3
  6168   1927.500  +1.110804  -0.556571  0.000  0.000  0.500  T  d3
  6169   1927.812  -0.574308  -1.099957  0.000  0.000  0.500  T  d3
  6170   1928.125  -1.093578  +0.576836  0.000  0.000  0.500  T  d3
  6171   1928.438  +0.599523  +1.098382  0.000  0.000  0.500  T  d3
  6172   1928.750  +1.094746  -0.609741  0.000  0.000  0.500  T  d3
  6173   1929.062  -0.601848  -1.091230  0.000  0.000  0.500  T  d3
  6174   1929.375  -1.096815  +0.617784  0.000  0.000  0.500  T  d3
  6175   1929.688  +0.607423  +1.093926  0.000  0.000  0.500  T  d3
  6176   1930.000  +1.077945  -0.618689  0.000  0.000  0.500  T  d3
  6177   1930.312  -0.626810  -1.070679  0.000  0.000  0.500  T  d3
  6178   1930.625  -1.069724  +0.637623  0.000  0.000  0.500  T  d3
  6179   1930.938  +0.652718  +1.065029  0.000  0.000  0.500  T  d3
  6180   1931.250  +1.077356  -0.661545  0.000  0.000  0.500  T  d3
  6181   1931.562  -0.670004  -1.067423  0.000  0.000  0.500  T  d3
  6182   1931.875  -1.061316  +0.675568  0.000  0.000  0.500  T  d3
  6183   1932.188  +0.669419  +1.052796  0.000  0.000  0.500  T  d3
  6184   1932.500  +1.044670  -0.691569  0.000  0.000  0.500  T  d3
  6185   1932.812  -0.694027  -1.038149  0.000  0.000  0.500  T  d3
  6186   1933.125  -1.035773  +0.687041  0.000  0.000  0.500  T  d3
  6187   1933.438  +0.701951  +1.048459  0.000  0.000  0.500  T  d3
  6188   1933.750  +1.023194  -0.713312  0.000  0.000  0.500  T  d3
  6189   1934.062  -0.714508  -1.053551  0.000  0.000  0.500  T  d3
  6190   1934.375  -1.012688  +0.722080  0.000  0.000  0.500  T  d3
  6191   1934.688  +0.734623  +1.031652  0.000  0.000  0.500  T  d3
  6192   1935.000  +1.018855  -0.729913  0.000  0.000  0.500  T  d3
  6193   1935.312  -0.726588  -1.001639  0.000  0.000  0.500  T  d3
  6194   1935.625  -1.016489  +0.759654  0.000  0.000  0.500  T  d3
  6195   1935.938  +0.753589  +1.001897  0.000  0.000  0.500  T  d3
  6196   1936.250  +0.971278  -0.736283  0.000  0.000  0.500  T  d3
  6197   1936.562  -0.673870  -0.953635  0.000  0.000  0.500  T  d3
  6198   1936.875  -0.928408  +0.486232  0.000  0.000  0.500  T  d3
  6199   1937.188  +0.259272  +0.956961  0.000  0.000  0.500  T  d3
  6200   1937.500  +0.965133  +0.002103  0.000  0.000  0.500  T  d3
  6201   1937.812  +0.299485  -0.913998  0.000  0.000  0.500  T  d3
  6202   1938.125  -0.754730  -0.576582  0.000  0.000  0.500  T  d3
  6203   1938.438  -0.836104  +0.488517  0.000  0.000  0.500  T  d3
  6204   1938.750  +0.179800  +0.994165  0.000  0.000  0.500  T  d3
  6205   1939.062  +1.011894  +0.200312  0.000  0.000  0.500  T  d3
  6206   1939.375  +0.573273  -0.901969  0.000  0.000  0.500  T  d3
  6207   1939.688  -0.614417  -0.903730  0.000  0.000  0.500  T  d3
  6208   1940.000  -1.101655  +0.273785  0.000  0.000  0.500  T  d3
  6209   1940.312  -0.160835  +1.124682  0.000  0.000  0.500  T  d3
  6210   1940.625  +0.995346  +0.594599  0.000  0.000  0.500  T  d3
  6211   1940.938  +0.938462  -0.710170  0.000  0.000  0.500  T  d3
  6212   1941.250  -0.277757  -1.132277  0.000  0.000  0.500  T  d3
  6213   1941.562  -1.194464  -0.150492  0.000  0.000  0.500  T  d3
  6214   1941.875  -0.611829  +1.031291  0.000  0.000  0.500  T  d3
  6215   1942.188  +0.748708  +0.960437  0.000  0.000  0.500  T  d3
  6216   1942.500  +1.163181  -0.294595  0.000  0.000  0.500  T  d3
  6217   1942.812  +0.175697  -1.220703  0.000  0.000  0.500  T  d3
  6218   1943.125  -1.140322  -0.679909  0.000  0.000  0.500  T  d3
  6219   1943.438  -1.096215  +0.893087  0.000  0.000  0.500  T  d3
  6220   1943.750  +0.668847  +1.418262  0.000  0.000  0.500  T  d3
  6221   1944.062  +1.521632  -0.433208  0.000  0.000  0.500  T  d3
  6222   1944.375  -0.223447  -1.536461  0.000  0.000  0.500  T  d3
  6223   1944.688  -1.433309  +0.091463  0.000  0.000  0.500  T  d3
  6224   1945.000  +0.039612  +1.301071  0.000  0.000  0.500  T  d3
  6225   1945.312  +1.193555  -0.056108  0.000  0.000  0.500  T  d3
  6226   1945.625  -0.125619  -1.097026  0.000  0.000  0.500  T  d3
  6227   1945.938  -1.025470  +0.230241  0.000  0.000  0.500  T  d3
  6228   1946.250  +0.318837  +1.027770  0.000  0.000  0.500  T  d3
  6229   1946.562  +1.052752  -0.398481  0.000  0.000  0.500  T  d3
  6230   1946.875  -0.460942  -1.101525  0.000  0.000  0.500  T  d3
  6231   1947.188  -1.157547  +0.491840  0.000  0.000  0.500  T  d3
  6232   1947.500  +0.485675  +1.222362  0.000  0.000  0.500  T  d3
  6233   1947.812  +1.224653  -0.470016  0.000  0.000  0.500  T  d3
  6234   1948.125  -0.439679  -1.241574  0.000  0.000  0.500  T  d3
  6235   1948.438  -1.241417  +0.412259  0.000  0.000  0.500  T  d3
  6236   1948.750  +0.399191  +1.206102  0.000  0.000  0.500  T  d3
  6237   1949.062  +1.188625  -0.399445  0.000  0.000  0.500  T  d3
  6238   1949.375  -0.409984  -1.173735  0.000  0.000  0.500  T  d3
  6239   1949.688  -1.156194  +0.432045  0.000  0.000  0.500  T  d3
  6240   1950.000  +0.482177  +1.130751  0.000  0.000  0.500  T  d3
  6241   1950.312  +1.126586  -0.473797  0.000  0.000  0.500  T  d3
  6242   1950.625  -0.513795  -1.127139  0.000  0.000  0.500  T  d3
  6243   1950.938  -1.119036  +0.502676  0.000  0.000  0.500  T  d3
  6244   1951.250  +0.527703  +1.131377  0.000  0.000  0.500  T  d3
  6245   1951.562  +1.142583  -0.515813  0.000  0.000  0.500  T  d3
  6246   1951.875  -0.548458  -1.155320  0.000  0.000  0.500  T  d3
  6247   1952.188  -1.146803  +0.539742  0.000  0.000  0.500  T  d3
  6248   1952.500  +0.553787  +1.132949  0.000  0.000  0.500  T  d3
  6249   1952.812  +1.116666  -0.524474  0.000  0.000  0.500  T  d3
  6250   1953.125  -0.547790  -1.098397  0.000  0.000  0.500  T  d3
  6251   1953.438  -1.113636  +0.545057  0.000  0.000  0.500  T  d3
  6252   1953.750  +0.581658  +1.101257  0.000  0.000  0.500  T  d3
  6253   1954.062  +1.112310  -0.587177  0.000  0.000  0.500  T  d3
  6254   1954.375  -0.597723  -1.107493  0.000  0.000  0.500  T  d3
  6255   1954.688  -1.097160  +0.607159  0.000  0.000  0.500  T  d3
  6256   1955.000  +0.614989  +1.087127  0.000  0.000  0.500  T  d3
  6257   1955.312  +1.081270  -0.621203  0.000  0.000  0.500  T  d3
  6258   1955.625  -0.643879  -1.087207  0.000  0.000  0.500  T  d3
  6259   1955.938  -1.081308  +0.642340  0.000  0.000  0.500  T  d3
  6260   1956.250  +0.640924  +1.075180  0.000  0.000  0.500  T  d3
  6261   1956.562  +1.073473  -0.642297  0.000  0.000  0.500  T  d3
  6262   1956.875  -0.647548  -1.044773  0.000  0.000  0.500  T  d3
  6263   1957.188  -1.059523  +0.646274  0.000  0.000  0.500  T  d3
  6264   1957.500  +0.653540  +1.055198  0.000  0.000  0.500  T  d3
  6265   1957.812  +1.060279  -0.673398  0.000  0.000  0.500  T  d3
  6266   1958.125  -0.667987  -1.064759  0.000  0.000  0.500  T  d3
  6267   1958.438  -1.042089  +0.686827  0.000  0.000  0.500  T  d3
  6268   1958.750  +0.696415  +1.039434  0.000  0.000  0.500  T  d3
  6269   1959.062  +1.053544  -0.697918  0.000  0.000  0.500  T  d3
  6270   1959.375  -0.710387  -1.023864  0.000  0.000  0.500  T  d3
  6271   1959.688  -1.054696  +0.722191  0.000  0.000  0.500  T  d3
  6272   1960.000  +0.719012  +1.011800  0.000  0.000  0.500  T  d3
  6273   1960.312  +1.022880  -0.721092  0.000  0.000  0.500  T  d3
  6274   1960.625  -0.733895  -1.014969  0.000  0.000  0.500  T  d3
  6275   1960.938  -1.011678  +0.732255  0.000  0.000  0.500  T  d3
  6276   1961.250  +0.735015  +1.007486  0.000  0.000  0.500  T  d3
  6277   1961.562  +1.005367  -0.755492  0.000  0.000  0.500  T  d3
  6278   1961.875  -0.754242  -1.003493  0.000  0.000  0.500  T  d3
  6279   1962.188  -0.997883  +0.767881  0.000  0.000  0.500  T  d3
  6280   1962.500  +0.786078  +1.000154  0.000  0.000  0.500  T  d3
  6281   1962.812  +0.975055  -0.763854  0.000  0.000  0.500  T  d3
  6282   1963.125  -0.716863  -0.932730  0.000  0.000  0.500  T  d3
  6283   1963.438  -0.918645  +0.578225  0.000  0.000  0.500  T  d3
  6284   1963.750  +0.366843  +0.926652  0.000  0.000  0.500  T  d3
  6285   1964.062  +0.944151  -0.117965  0.000  0.000  0.500  T  d3
  6286   1964.375  +0.160266  -0.945032  0.000  0.000  0.500  T  d3
  6287   1964.688  -0.823689  -0.448239  0.000  0.000  0.500  T  d3
  6288   1965.000  -0.722034  +0.614392  0.000  0.000  0.500  T  d3
  6289   1965.312  +0.327285  +0.933601  0.000  0.000  0.500  T  d3
  6290   1965.625  +1.019545  +0.037864  0.000  0.000  0.500  T  d3
  6291   1965.938  +0.410748  -0.965508  0.000  0.000  0.500  T  d3
  6292   1966.250  -0.767930  -0.763883  0.000  0.000  0.500  T  d3
  6293   1966.562  -1.021301  +0.413838  0.000  0.000  0.500  T  d3
  6294   1966.875  +0.026849  +1.135037  0.000  0.000  0.500  T  d3
  6295   1967.188  +1.075899  +0.408598  0.000  0.000  0.500  T  d3
  6296   1967.500  +0.820030  -0.860258  0.000  0.000  0.500  T  d3
  6297   1967.812  -0.494725  -1.089078  0.000  0.000  0.500  T  d3
  6298   1968.125  -1.211295  +0.048038  0.000  0.000  0.500  T  d3
  6299   1968.438  -0.394786  +1.153172  0.000  0.000  0.500  T  d3
  6300   1968.750  +0.889821  +0.830087  0.000  0.000  0.500  T  d3
  6301   1969.062  +1.099523  -0.519125  0.000  0.000  0.500  T  d3
  6302   1969.375  -0.058192  -1.251523  0.000  0.000  0.500  T  d3
  6303   1969.688  -1.188297  -0.442983  0.000  0.000  0.500  T  d3
  6304   1970.000  -0.925777  +1.064615  0.000  0.000  0.500  T  d3
  6305   1970.312  +0.845887  +1.300363  0.000  0.000  0.500  T  d3
  6306   1970.625  +1.506471  -0.607844  0.000  0.000  0.500  T  d3
  6307   1970.938  -0.418501  -1.545118  0.000  0.000  0.500  T  d3
  6308   1971.250  -1.476545  +0.213775  0.000  0.000  0.500  T  d3
  6309   1971.562  +0.131865  +1.338907  0.000  0.000  0.500  T  d3
  6310   1971.875  +1.225516  -0.111810  0.000  0.000  0.500  T  d3
  6311   1972.188  -0.160720  -1.102302  0.000  0.000  0.500  T  d3
  6312   1972.500  -1.036540  +0.252106  0.000  0.000  0.500  T  d3
  6313   1972.812  +0.353615  +1.005644  0.000  0.000  0.500  T  d3
  6314   1973.125  +1.014074  -0.449821  0.000  0.000  0.500  T  d3
  6315   1973.438  -0.517744  -1.040745  0.000  0.000  0.500  T  d3
  6316   1973.750  -1.118366  +0.559249  0.000  0.000  0.500  T  d3
  6317   1974.062  +0.555870  +1.147921  0.000  0.000  0.500  T  d3
  6318   1974.375  +1.209151  -0.548192  0.000  0.000  0.500  T  d3
  6319   1974.688  -0.505347  -1.208936  0.000  0.000  0.500  T  d3
  6320   1975.000  -1.203365  +0.495249  0.000  0.000  0.500  T  d3
  6321   1975.312  +0.464930  +1.184210  0.000  0.000  0.500  T  d3
  6322   1975.625  +1.163042  -0.468060  0.000  0.000  0.500  T  d3
  6323   1975.938  -0.467665  -1.137389  0.000  0.000  0.500  T  d3
  6324   1976.250  -1.122923  +0.488287  0.000  0.000  0.500  T  d3
  6325   1976.562  +0.501141  +1.100542  0.000  0.000  0.500  T  d3
  6326   1976.875  +1.100163  -0.527124  0.000  0.000  0.500  T  d3
  6327   1977.188  -0.567400  -1.112234  0.000  0.000  0.500  T  d3
  6328   1977.500  -1.088334  +0.580692  0.000  0.000  0.500  T  d3
  6329   1977.812  +0.591074  +1.107789  0.000  0.000  0.500  T  d3
  6330   1978.125  +1.102632  -0.593271  0.000  0.000  0.500  T  d3
  6331   1978.438  -0.596229  -1.094029  0.000  0.000  0.500  T  d3
  6332   1978.750  -1.098113  +0.598404  0.000  0.000  0.500  T  d3
  6333   1979.062  +0.598209  +1.112222  0.000  0.000  0.500  T  d3
  6334   1979.375  +1.102050  -0.605362  0.000  0.000  0.500  T  d3
  6335   1979.688  -0.626766  -1.112422  0.000  0.000  0.500  T  d3
  6336   1980.000  -1.081190  +0.625355  0.000  0.000  0.500  T  d3
  6337   1980.312  +0.619549  +1.053496  0.000  0.000  0.500  T  d3
  6338   1980.625  +1.072287  -0.644923  0.000  0.000  0.500  T  d3
  6339   1980.938  -0.649366  -1.066089  0.000  0.000  0.500  T  d3
  6340   1981.250  -1.053996  +0.681738  0.000  0.000  0.500  T  d3
  6341   1981.562  +0.678522  +1.054648  0.000  0.000  0.500  T  d3
  6342   1981.875  +1.044202  -0.680868  0.000  0.000  0.500  T  d3
  6343   1982.188  -0.670768  -1.044112  0.000  0.000  0.500  T  d3
  6344   1982.500  -1.042977  +0.689331  0.000  0.000  0.500  T  d3
  6345   1982.812  +0.686104  +1.064070  0.000  0.000  0.500  T  d3
  6346   1983.125  +1.038346  -0.716449  0.000  0.000  0.500  T  d3
  6347   1983.438  -0.705617  -1.034391  0.000  0.000  0.500  T  d3
  6348   1983.750  -1.019236  +0.717858  0.000  0.000  0.500  T  d3
  6349   1984.062  +0.713415  +1.021792  0.000  0.000  0.500  T  d3
  6350   1984.375  +1.016602  -0.727346  0.000  0.000  0.500  T  d3
  6351   1984.688  -0.744479  -1.009710  0.000  0.000  0.500  T  d3
  6352   1985.000  -1.009897  +0.746278  0.000  0.000  0.500  T  d3
  6353   1985.312  +0.752214  +1.017333  0.000  0.000  0.500  T  d3
  6354   1985.625  +1.001025  -0.762854  0.000  0.005  0.500  T  d3
  6355   1985.938  -0.775875  -1.003299  0.000  0.005  0.500  T  d3
  6356   1986.250  -0.990308  +0.754941  0.000  0.005  0.500  T  d3
  6357   1986.562  +0.773858  +0.962363  0.000  0.005  0.500  T  d3
  6358   1986.875  +0.971253  -0.782567  0.000  0.005  0.500  T  d3
  6359   1987.188  -0.770420  -0.963467  0.000  0.005  0.500  T  d3
  6360   1987.500  -0.944566  +0.785396  0.000  0.005  0.500  T  d3
  6361   1987.812  +0.793058  +0.961520  0.000  0.005  0.500  T  d3
  6362   1988.125  +0.956720  -0.787891  0.000  0.005  0.500  T  d3
  6363   1988.438  -0.810687  -0.936167  0.000  0.005  0.500  T  d3
  6364   1988.750  -0.959181  +0.826438  0.000  0.005  0.500  T  d3
  6365   1989.062  +0.822798  +0.955386  0.000  0.005  0.500  T  d3
  6366   1989.375  +0.947018  -0.843593  0.000  0.000  0.500  T  d3
  6367   1989.688  -0.790810  -0.917432  0.000  0.000  0.500  T  d3
  6368   1990.000  -0.892592  +0.679065  0.000  0.000  0.500  T  d3
  6369   1990.312  +0.495572  +0.910377  0.000  0.000  0.500  T  d3
  6370   1990.625  +0.926647  -0.267940  0.000  0.000  0.500  T  d3
  6371   1990.938  +0.006747  -0.947255  0.000  0.000  0.500  T  d3
  6372   1991.250  -0.889952  -0.309959  0.000  0.000  0.500  T  d3
  6373   1991.562  -0.613284  +0.744413  0.000  0.000  0.500  T  d3
  6374   1991.875  +0.480267  +0.864484  0.000  0.000  0.500  T  d3
  6375   1992.188  +1.003890  -0.151646  0.000  0.000  0.500  T  d3
  6376   1992.500  +0.233305  -1.038722  0.000  0.000  0.500  T  d3
  6377   1992.812  -0.871019  -0.613804  0.000  0.000  0.500  T  d3
  6378   1993.125  -0.916841  +0.609578  0.000  0.000  0.500  T  d3
  6379   1993.438  +0.224372  +1.085048  0.000  0.000  0.500  T  d3
  6380   1993.750  +1.127236  +0.201413  0.000  0.000  0.500  T  d3
  6381   1994.062  +0.622816  -0.967283  0.000  0.000  0.500  T  d3
  6382   1994.375  -0.680743  -0.958623  0.000  0.000  0.500  T  d3
  6383   1994.688  -1.165364  +0.274839  0.000  0.000  0.500  T  d3
  6384   1995.000  -0.203563  +1.174804  0.000  0.000  0.500  T  d3
  6385   1995.312  +1.031193  +0.638727  0.000  0.000  0.500  T  d3
  6386   1995.625  +1.007753  -0.710732  0.000  0.000  0.500  T  d3
  6387   1995.938  -0.283083  -1.173931  0.000  0.000  0.500  T  d3
  6388   1996.250  -1.215461  -0.221540  0.000  0.000  0.500  T  d3
  6389   1996.562  -0.713311  +1.145680  0.000  0.000  0.500  T  d3
  6390   1996.875  +0.969958  +1.112393  0.000  0.000  0.500  T  d3
  6391   1997.188  +1.386547  -0.757232  0.000  0.000  0.500  T  d3
  6392   1997.500  -0.548164  -1.502420  0.000  0.000  0.500  T  d3
  6393   1997.812  -1.508133  +0.347920  0.000  0.000  0.500  T  d3
  6394   1998.125  +0.229782  +1.415253  0.000  0.000  0.500  T  d3
  6395   1998.438  +1.260867  -0.173491  0.000  0.000  0.500  T  d3
  6396   1998.750  -0.178228  -1.135156  0.000  0.000  0.500  T  d3
  6397   1999.062  -1.051847  +0.272270  0.000  0.000  0.500  T  d3
  6398   1999.375  +0.362943  +0.983860  0.000  0.000  0.500  T  d3
  6399   1999.688  +1.009084  -0.470918  0.000  0.000  0.500  T  d3
  6400   2000.000  -0.542237  -1.024181  0.000  0.000  0.500  T  d3
  6401   2000.312  -1.090506  +0.600244  0.000  0.000  0.500  T  d3
  6402   2000.625  +0.612834  +1.119441  0.000  0.000  0.500  T  d3
  6403   2000.938  +1.178229  -0.626414  0.000  0.000  0.500  T  d3
  6404   2001.250  -0.590538  -1.186200  0.000  0.000  0.500  T  d3
  6405   2001.562  -1.193910  +0.561848  0.000  0.000  0.500  T  d3
  6406   2001.875  +0.538158  +1.186911  0.000  0.000  0.500  T  d3
  6407   2002.188  +1.154837  -0.527121  0.000  0.000  0.500  T  d3
  6408   2002.500  -0.524856  -1.138176  0.000  0.000  0.500  T  d3
  6409   2002.812  -1.105448  +0.539946  0.000  0.000  0.500  T  d3
  6410   2003.125  +0.560943  +1.094753  0.000  0.000  0.500  T  d3
  6411   2003.438  +1.069424  -0.568883  0.000  0.000  0.500  T  d3
  6412   2003.750  -0.602908  -1.065616  0.000  0.000  0.500  T  d3
  6413   2004.062  -1.066180  +0.618029  0.000  0.000  0.500  T  d3
  6414   2004.375  +0.623109  +1.076949  0.000  0.000  0.500  T  d3
  6415   2004.688  +1.091068  -0.643984  0.000  0.000  0.500  T  d3
  6416   2005.000  -0.626915  -1.082192  0.000  0.000  0.500  T  d3
  6417   2005.312  -1.085188  +0.663913  0.000  0.000  0.500  T  d3
  6418   2005.625  +0.638356  +1.071402  0.000  0.000  0.500  T  d3
  6419   2005.938  +1.067802  -0.666275  0.000  0.000  0.500  T  d3
  6420   2006.250  -0.665450  -1.082320  0.000  0.000  0.500  T  d3
  6421   2006.562  -1.060708  +0.662798  0.000  0.000  0.500  T  d3
  6422   2006.875  +0.680176  +1.059095  0.000  0.000  0.500  T  d3
  6423   2007.188  +1.040568  -0.691956  0.000  0.000  0.500  T  d3
  6424   2007.500  -0.695965  -1.041602  0.000  0.000  0.500  T  d3
  6425   2007.812  -1.034778  +0.714826  0.000  0.000  0.500  T  d3
  6426   2008.125  +0.731775  +1.033049  0.000  0.000  0.500  T  d3
  6427   2008.438  +1.036335  -0.711644  0.000  0.000  0.500  T  d3
  6428   2008.750  -0.741840  -1.018349  0.000  0.000  0.500  T  d3
  6429   2009.062  -1.035252  +0.731225  0.000  0.000  0.500  T  d3
  6430   2009.375  +0.743509  +1.012586  0.000  0.000  0.500  T  d3
  6431   2009.688  +0.999780  -0.753450  0.000  0.000  0.500  T  d3
  6432   2010.000  -0.754838  -1.002924  0.000  0.000  0.500  T  d3
  6433   2010.312  -0.982668  +0.760109  0.000  0.000  0.500  T  d3
  6434   2010.625  +0.765865  +0.994355  0.000  0.000  0.500  T  d3
  6435   2010.938  +0.989477  -0.770085  0.000  0.000  0.500  T  d3
  6436   2011.250  -0.773202  -0.963750  0.000  0.000  0.500  T  d3
  6437   2011.562  -0.963492  +0.780428  0.000  0.000  0.500  T  d3
  6438   2011.875  +0.791983  +0.957785  0.000  0.000  0.500  T  d3
  6439   2012.188  +0.964437  -0.808601  0.000  0.000  0.500  T  d3
  6440   2012.500  -0.812109  -0.970301  0.000  0.000  0.500  T  d3
  6441   2012.812  -0.959453  +0.815824  0.000  0.000  0.500  T  d3
  6442   2013.125  +0.819260  +0.952007  0.000  0.000  0.500  T  d3
  6443   2013.438  +0.933070  -0.822492  0.000  0.000  0.500  T  d3
  6444   2013.750  -0.836670  -0.933706  0.000  0.000  0.500  T  d3
  6445   2014.062  -0.937593  +0.835007  0.000  0.000  0.500  T  d3
  6446   2014.375  +0.836404  +0.918917  0.000  0.000  0.500  T  d3
  6447   2014.688  +0.927144  -0.839118  0.000  0.000  0.500  T  d3
  6448   2015.000  -0.839921  -0.894003  0.000  0.000  0.500  T  d3
  6449   2015.312  -0.910513  +0.858870  0.000  0.000  0.500  T  d3
  6450   2015.625  +0.870687  +0.904092  0.000  0.000  0.500  T  d3
  6451   2015.938  +0.916554  -0.866933  0.000  0.000  0.500  T  d3
  6452   2016.250  -0.859921  -0.898946  0.000  0.000  0.500  T  d3
  6453   2016.562  -0.867336  +0.757744  0.000  0.000  0.500  T  d3
  6454   2016.875  +0.610262  +0.874860  0.000  0.000  0.500  T  d3
  6455   2017.188  +0.910819  -0.377117  0.000  0.000  0.500  T  d3
  6456   2017.500  -0.120468  -0.953649  0.000  0.000  0.500  T  d3
  6457   2017.812  -0.951929  -0.160565  0.000  0.000  0.500  T  d3
  6458   2018.125  -0.469473  +0.830992  0.000  0.000  0.500  T  d3
  6459   2018.438  +0.618396  +0.748510  0.000  0.000  0.500  T  d3
  6460   2018.750  +0.953079  -0.319851  0.000  0.000  0.500  T  d3
  6461   2019.062  +0.039405  -1.033755  0.000  0.000  0.500  T  d3
  6462   2019.375  -0.967484  -0.428116  0.000  0.000  0.500  T  d3
  6463   2019.688  -0.784938  +0.735696  0.000  0.000  0.500  T  d3
  6464   2020.000  +0.418919  +1.044524  0.000  0.000  0.500  T  d3
  6465   2020.312  +1.138956  -0.002133  0.000  0.000  0.500  T  d3
  6466   2020.625  +0.430523  -1.083785  0.000  0.000  0.500  T  d3
  6467   2020.938  -0.820981  -0.798668  0.000  0.000  0.500  T  d3
  6468   2021.250  -1.102286  +0.480412  0.000  0.000  0.500  T  d3
  6469   2021.562  +0.020400  +1.201733  0.000  0.000  0.500  T  d3
  6470   2021.875  +1.133150  +0.421290  0.000  0.000  0.500  T  d3
  6471   2022.188  +0.849902  -0.900287  0.000  0.000  0.500  T  d3
  6472   2022.500  -0.514960  -1.134624  0.000  0.000  0.500  T  d3
  6473   2022.812  -1.246381  +0.042991  0.000  0.000  0.500  T  d3
  6474   2023.125  -0.427672  +1.177487  0.000  0.000  0.500  T  d3
  6475   2023.438  +0.913255  +0.830541  0.000  0.000  0.500  T  d3
  6476   2023.750  +1.126270  -0.519972  0.000  0.000  0.500  T  d3
  6477   2024.062  -0.068099  -1.221787  0.000  0.000  0.500  T  d3
  6478   2024.375  -1.160231  -0.399752  0.000  0.000  0.500  T  d3
  6479   2024.688  -0.837554  +0.918389  0.000  0.000  0.500  T  d3
  6480   2025.000  +0.551682  +1.106812  0.000  0.000  0.500  T  d3
  6481   2025.312  +1.254149  -0.084391  0.000  0.000  0.500  T  d3
  6482   2025.625  +0.397990  -1.179708  0.000  0.000  0.500  T  d3
  6483   2025.938  -0.933841  -0.816828  0.000  0.000  0.500  T  d3
  6484   2026.250  -1.143497  +0.560071  0.000  0.000  0.500  T  d3
  6485   2026.562  +0.097822  +1.364815  0.000  0.000  0.500  T  d3
  6486   2026.875  +1.464997  +0.316827  0.000  0.000  0.500  T  d3
  6487   2027.188  +0.642248  -1.458421  0.000  0.000  0.500  T  d3
  6488   2027.500  -1.341456  -0.869032  0.000  0.000  0.500  T  d3
  6489   2027.812  -0.971842  +1.166220  0.000  0.000  0.500  T  d3
  6490   2028.125  +1.000701  +0.963904  0.000  0.000  0.500  T  d3
  6491   2028.438  +0.904899  -0.894131  0.000  0.000  0.500  T  d3
  6492   2028.750  -0.840925  -0.801314  0.000  0.000  0.500  T  d3
  6493   2029.062  -0.678651  +0.851280  0.000  0.000  0.500  T  d3
  6494   2029.375  +0.895100  +0.604980  0.000  0.000  0.500  T  d3
  6495   2029.688  +0.524658  -0.918428  0.000  0.000  0.500  T  d3
  6496   2030.000  -0.880320  -0.522718  0.000  0.000  0.500  T  d3
  6497   2030.312  -0.604278  +0.761034  0.000  0.000  0.500  T  d3
  6498   2030.625  +0.574463  +0.755687  0.000  0.000  0.500  T  d3
  6499   2030.938  +0.905835  -0.337221  0.000  0.000  0.500  T  d3
  6500   2031.250  -0.046552  -0.973030  0.000  0.000  0.500  T  d3
  6501   2031.562  -0.925423  -0.309087  0.000  0.000  0.500  T  d3
  6502   2031.875  -0.647926  +0.773470  0.000  0.000  0.500  T  d3
  6503   2032.188  +0.472067  +0.922441  0.000  0.000  0.500  T  d3
  6504   2032.500  +1.065482  -0.125550  0.000  0.000  0.500  T  d3
  6505   2032.812  +0.295744  -1.072994  0.000  0.000  0.500  T  d3
  6506   2033.125  -0.910694  -0.751764  0.000  0.000  0.500  T  d3
  6507   2033.438  -1.135880  +0.715073  0.000  0.000  0.500  T  d3
  6508   2033.750  +0.464693  +1.424587  0.000  0.000  0.500  T  d3
  6509   2034.062  +1.567961  -0.241576  0.000  0.000  0.500  T  d3
  6510   2034.375  -0.058576  -1.547496  0.000  0.000  0.500  T  d3
  6511   2034.688  -1.460130  -0.054149  0.000  0.000  0.500  T  d3
  6512   2035.000  -0.168224  +1.338740  0.000  0.000  0.500  T  d3
  6513   2035.312  +1.245396  +0.145290  0.000  0.000  0.500  T  d3
  6514   2035.625  +0.077453  -1.146731  0.000  0.000  0.500  T  d3
  6515   2035.938  -1.098026  -0.010203  0.000  0.000  0.500  T  d3
  6516   2036.250  +0.055008  +1.054527  0.000  0.000  0.500  T  d3
  6517   2036.562  +1.014478  -0.076263  0.000  0.000  0.500  T  d3
  6518   2036.875  +0.017873  -0.977399  0.000  0.000  0.500  T  d3
  6519   2037.188  -0.923612  -0.206164  0.000  0.000  0.500  T  d3
  6520   2037.500  -0.444301  +0.819033  0.000  0.000  0.500  T  d3
  6521   2037.812  +0.644133  +0.682350  0.000  0.000  0.500  T  d3
  6522   2038.125  +0.878904  -0.387492  0.000  0.000  0.500  T  d3
  6523   2038.438  -0.030896  -0.974020  0.000  0.000  0.500  T  d3
  6524   2038.750  -0.964943  -0.322764  0.000  0.000  0.500  T  d3
  6525   2039.062  -0.674938  +0.787749  0.000  0.000  0.500  T  d3
  6526   2039.375  +0.500556  +0.955444  0.000  0.000  0.500  T  d3
  6527   2039.688  +1.102663  -0.104101  0.000  0.000  0.500  T  d3
  6528   2040.000  +0.312013  -1.067301  0.000  0.000  0.500  T  d3
  6529   2040.312  -0.882727  -0.720523  0.000  0.000  0.500  T  d3
  6530   2040.625  -1.033730  +0.563819  0.000  0.000  0.500  T  d3
  6531   2040.938  +0.130354  +1.182582  0.000  0.000  0.500  T  d3
  6532   2041.250  +1.141831  +0.313306  0.000  0.000  0.500  T  d3
  6533   2041.562  +0.743783  -0.951538  0.000  0.000  0.500  T  d3
  6534   2041.875  -0.590240  -1.050305  0.000  0.000  0.500  T  d3
  6535   2042.188  -1.201951  +0.147040  0.000  0.000  0.500  T  d3
  6536   2042.500  -0.321790  +1.168732  0.000  0.000  0.500  T  d3
  6537   2042.812  +0.962159  +0.769526  0.000  0.000  0.500  T  d3
  6538   2043.125  +1.063290  -0.621608  0.000  0.000  0.500  T  d3
  6539   2043.438  -0.168160  -1.242824  0.000  0.000  0.500  T  d3
  6540   2043.750  -1.210849  -0.315834  0.000  0.000  0.500  T  d3
  6541   2044.062  -0.738813  +0.988106  0.000  0.000  0.500  T  d3
  6542   2044.375  +0.642670  +1.096577  0.000  0.000  0.500  T  d3
  6543   2044.688  +1.253876  -0.179228  0.000  0.000  0.500  T  d3
  6544   2045.000  +0.293488  -1.229400  0.000  0.000  0.500  T  d3
  6545   2045.312  -0.996525  -0.735553  0.000  0.000  0.500  T  d3
  6546   2045.625  -1.062682  +0.660296  0.000  0.000  0.500  T  d3
  6547   2045.938  +0.192691  +1.234956  0.000  0.000  0.500  T  d3
  6548   2046.250  +1.218868  +0.311333  0.000  0.000  0.500  T  d3
  6549   2046.562  +0.803775  -1.093080  0.000  0.000  0.500  T  d3
  6550   2046.875  -0.892379  -1.216589  0.000  0.000  0.500  T  d3
  6551   2047.188  -1.450435  +0.684763  0.000  0.000  0.500  T  d3
  6552   2047.500  +0.443016  +1.520113  0.000  0.000  0.500  T  d3
  6553   2047.812  +1.465761  -0.262277  0.000  0.000  0.500  T  d3
  6554   2048.125  -0.158130  -1.396339  0.000  0.000  0.500  T  d3
  6555   2048.438  -1.252851  +0.105652  0.000  0.000  0.500  T  d3
  6556   2048.750  +0.166276  +1.132091  0.000  0.000  0.500  T  d3
  6557   2049.062  +1.052328  -0.233785  0.000  0.000  0.500  T  d3
  6558   2049.375  -0.326342  -0.980607  0.000  0.000  0.500  T  d3
  6559   2049.688  -0.963076  +0.391646  0.000  0.000  0.500  T  d3
  6560   2050.000  +0.369378  +0.953475  0.000  0.000  0.500  T  d3
  6561   2050.312  +0.970471  -0.232787  0.000  0.000  0.500  T  d3
  6562   2050.625  -0.002440  -0.970302  0.000  0.000  0.500  T  d3
  6563   2050.938  -0.931284  -0.269473  0.000  0.000  0.500  T  d3
  6564   2051.250  -0.561637  +0.802684  0.000  0.000  0.500  T  d3
  6565   2051.562  +0.536784  +0.814633  0.000  0.000  0.500  T  d3
  6566   2051.875  +0.991219  -0.209215  0.000  0.000  0.500  T  d3
  6567   2052.188  +0.159302  -1.044297  0.000  0.000  0.500  T  d3
  6568   2052.500  -0.919752  -0.561429  0.000  0.000  0.500  T  d3
  6569   2052.812  -0.892785  +0.647042  0.000  0.000  0.500  T  d3
  6570   2053.125  +0.269162  +1.179724  0.000  0.000  0.500  T  d3
  6571   2053.438  +1.360835  +0.128738  0.000  0.000  0.500  T  d3
  6572   2053.750  +0.475503  -1.428275  0.000  0.000  0.500  T  d3
  6573   2054.062  -1.377198  -0.743486  0.000  0.000  0.500  T  d3
  6574   2054.375  -0.902557  +1.263547  0.000  0.000  0.500  T  d3
  6575   2054.688  +1.098535  +0.973919  0.000  0.000  0.500  T  d3
  6576   2055.000  +0.943022  -0.964206  0.000  0.000  0.500  T  d3
  6577   2055.312  -0.880790  -0.885385  0.000  0.000  0.500  T  d3
  6578   2055.625  -0.758528  +0.830733  0.000  0.000  0.500  T  d3
  6579   2055.938  +0.854241  +0.669345  0.000  0.000  0.500  T  d3
  6580   2056.250  +0.588490  -0.916488  0.000  0.000  0.500  T  d3
  6581   2056.562  -0.967413  -0.540932  0.000  0.000  0.500  T  d3
  6582   2056.875  -0.552736  +1.043484  0.000  0.000  0.500  T  d3
  6583   2057.188  +1.091940  +0.560698  0.000  0.000  0.500  T  d3
  6584   2057.500  +0.610568  -1.119571  0.000  0.000  0.500  T  d3
  6585   2057.812  -1.135116  -0.656841  0.000  0.000  0.500  T  d3
  6586   2058.125  -0.669460  +1.131235  0.000  0.000  0.500  T  d3
  6587   2058.438  +1.105802  +0.710066  0.000  0.000  0.500  T  d3
  6588   2058.750  +0.689059  -1.073013  0.000  0.000  0.500  T  d3
  6589   2059.062  -1.055114  -0.709014  0.000  0.000  0.500  T  d3
  6590   2059.375  -0.675310  +1.053639  0.000  0.000  0.500  T  d3
  6591   2059.688  +1.024369  +0.652439  0.000  0.000  0.500  T  d3
  6592   2060.000  +0.649509  -1.051608  0.000  0.000  0.500  T  d3
  6593   2060.312  -1.039203  -0.623337  0.000  0.000  0.500  T  d3
  6594   2060.625  -0.624431  +1.073621  0.000  0.000  0.500  T  d3
  6595   2060.938  +1.082707  +0.617415  0.000  0.000  0.500  T  d3
  6596   2061.250  +0.614942  -1.089609  0.000  0.000  0.500  T  d3
  6597   2061.562  -1.098079  -0.611228  0.000  0.000  0.500  T  d3
  6598   2061.875  -0.619897  +1.091575  0.000  0.000  0.500  T  d3
  6599   2062.188  +1.097175  +0.621395  0.000  0.000  0.500  T  d3
  6600   2062.500  +0.611869  -1.096562  0.000  0.000  0.500  T  d3
  6601   2062.812  -1.070746  -0.618433  0.000  0.000  0.500  T  d3
  6602   2063.125  -0.609793  +1.009943  0.000  0.000  0.500  T  d3
  6603   2063.438  +0.879088  +0.645006  0.000  0.000  0.500  T  d3
  6604   2063.750  +0.721870  -0.691928  0.000  0.000  0.500  T  d3
  6605   2064.062  -0.460672  -0.843791  0.000  0.000  0.500  T  d3
  6606   2064.375  -0.928019  +0.196927  0.000  0.000  0.500  T  d3
  6607   2064.688  -0.100611  +0.952094  0.000  0.000  0.500  T  d3
  6608   2065.000  +0.856876  +0.439777  0.000  0.000  0.500  T  d3
  6609   2065.312  +0.750202  -0.657536  0.000  0.000  0.500  T  d3
  6610   2065.625  -0.369859  -0.958214  0.000  0.000  0.500  T  d3
  6611   2065.938  -1.051448  -0.012160  0.000  0.000  0.500  T  d3
  6612   2066.250  -0.444040  +0.985723  0.000  0.000  0.500  T  d3
  6613   2066.562  +0.846761  +0.870638  0.000  0.000  0.500  T  d3
  6614   2066.875  +1.233988  -0.642937  0.000  0.000  0.500  T  d3
  6615   2067.188  -0.425837  -1.447508  0.000  0.000  0.500  T  d3
  6616   2067.500  -1.545713  +0.221360  0.000  0.000  0.500  T  d3
  6617   2067.812  +0.067127  +1.522551  0.000  0.000  0.500  T  d3
  6618   2068.125  +1.433756  +0.069286  0.000  0.000  0.500  T  d3
  6619   2068.438  +0.096921  -1.312052  0.000  0.000  0.500  T  d3
  6620   2068.750  -1.207452  -0.086312  0.000  0.000  0.500  T  d3
  6621   2069.062  -0.032507  +1.114300  0.000  0.000  0.500  T  d3
  6622   2069.375  +1.073588  -0.053420  0.000  0.000  0.500  T  d3
  6623   2069.688  -0.135227  -1.113878  0.000  0.000  0.500  T  d3
  6624   2070.000  -1.140633  +0.208946  0.000  0.000  0.500  T  d3
  6625   2070.312  +0.260166  +1.197234  0.000  0.000  0.500  T  d3
  6626   2070.625  +1.234690  -0.276439  0.000  0.000  0.500  T  d3
  6627   2070.938  -0.258678  -1.257519  0.000  0.000  0.500  T  d3
  6628   2071.250  -1.276559  +0.262536  0.000  0.000  0.500  T  d3
  6629   2071.562  +0.233967  +1.283431  0.000  0.000  0.500  T  d3
  6630   2071.875  +1.272827  -0.226095  0.000  0.000  0.500  T  d3
  6631   2072.188  -0.201021  -1.285949  0.000  0.000  0.500  T  d3
  6632   2072.500  -1.252442  +0.229795  0.000  0.000  0.500  T  d3
  6633   2072.812  +0.224418  +1.215487  0.000  0.000  0.500  T  d3
  6634   2073.125  +1.149062  -0.217118  0.000  0.000  0.500  T  d3
  6635   2073.438  -0.120610  -1.053860  0.000  0.000  0.500  T  d3
  6636   2073.750  -0.993862  -0.046555  0.000  0.000  0.500  T  d3
  6637   2074.062  -0.288458  +0.900170  0.000  0.000  0.500  T  d3
  6638   2074.375  +0.759871  +0.531300  0.000  0.000  0.500  T  d3
  6639   2074.688  +0.753113  -0.569954  0.000  0.000  0.500  T  d3
  6640   2075.000  -0.258604  -0.915287  0.000  0.000  0.500  T  d3
  6641   2075.312  -0.978025  -0.082315  0.000  0.000  0.500  T  d3
  6642   2075.625  -0.446590  +0.914823  0.000  0.000  0.500  T  d3
  6643   2075.938  +0.706385  +0.791414  0.000  0.000  0.500  T  d3
  6644   2076.250  +1.049936  -0.359662  0.000  0.000  0.500  T  d3
  6645   2076.562  +0.042396  -1.199598  0.000  0.000  0.500  T  d3
  6646   2076.875  -1.293276  -0.437511  0.000  0.000  0.500  T  d3
  6647   2077.188  -0.805626  +1.275980  0.000  0.000  0.500  T  d3
  6648   2077.500  +1.188211  +0.962487  0.000  0.000  0.500  T  d3
  6649   2077.812  +1.090736  -1.070096  0.000  0.000  0.500  T  d3
  6650   2078.125  -0.896090  -1.098003  0.000  0.000  0.500  T  d3
  6651   2078.438  -1.058964  +0.809483  0.000  0.000  0.500  T  d3
  6652   2078.750  +0.747905  +0.973801  0.000  0.000  0.500  T  d3
  6653   2079.062  +0.845720  -0.766026  0.000  0.000  0.500  T  d3
  6654   2079.375  -0.772727  -0.760406  0.000  0.000  0.500  T  d3
  6655   2079.688  -0.708107  +0.862794  0.000  0.000  0.500  T  d3
  6656   2080.000  +0.925112  +0.702469  0.000  0.000  0.500  T  d3
  6657   2080.312  +0.707501  -0.996562  0.000  0.000  0.500  T  d3
  6658   2080.625  -1.010935  -0.727814  0.000  0.000  0.500  T  d3
  6659   2080.938  -0.776063  +1.025691  0.000  0.000  0.500  T  d3
  6660   2081.250  +1.040094  +0.802853  0.000  0.000  0.500  T  d3
  6661   2081.562  +0.807833  -1.014568  0.000  0.000  0.500  T  d3
  6662   2081.875  -1.001354  -0.837481  0.000  0.000  0.500  T  d3
  6663   2082.188  -0.841651  +0.975818  0.000  0.000  0.500  T  d3
  6664   2082.500  +0.970028  +0.826963  0.000  0.000  0.500  T  d3
  6665   2082.812  +0.789725  -0.938705  0.000  0.000  0.500  T  d3
  6666   2083.125  -0.875830  -0.761697  0.000  0.000  0.500  T  d3
  6667   2083.438  -0.751662  +0.757734  0.000  0.000  0.500  T  d3
  6668   2083.750  +0.557880  +0.816328  0.000  0.000  0.500  T  d3
  6669   2084.062  +0.879877  -0.340870  0.000  0.000  0.500  T  d3
  6670   2084.375  -0.064457  -0.933715  0.000  0.000  0.500  T  d3
  6671   2084.688  -0.905464  -0.231600  0.000  0.000  0.500  T  d3
  6672   2085.000  -0.547980  +0.761836  0.000  0.000  0.500  T  d3
  6673   2085.312  +0.549425  +0.810641  0.000  0.000  0.500  T  d3
  6674   2085.625  +0.990485  -0.229531  0.000  0.000  0.500  T  d3
  6675   2085.938  +0.145258  -1.018745  0.000  0.000  0.500  T  d3
  6676   2086.250  -0.905831  -0.533169  0.000  0.000  0.500  T  d3
  6677   2086.562  -0.881116  +0.674282  0.000  0.000  0.500  T  d3
  6678   2086.875  +0.299245  +1.087197  0.000  0.000  0.500  T  d3
  6679   2087.188  +1.134952  +0.128625  0.000  0.000  0.500  T  d3
  6680   2087.500  +0.574223  -1.025027  0.000  0.000  0.500  T  d3
  6681   2087.812  -0.725622  -0.925271  0.000  0.000  0.500  T  d3
  6682   2088.125  -1.168915  +0.321073  0.000  0.000  0.500  T  d3
  6683   2088.438  -0.117540  +1.213355  0.000  0.000  0.500  T  d3
  6684   2088.750  +1.077810  +0.578866  0.000  0.000  0.500  T  d3
  6685   2089.062  +0.940506  -0.781636  0.000  0.000  0.500  T  d3
  6686   2089.375  -0.349072  -1.208948  0.000  0.000  0.500  T  d3
  6687   2089.688  -1.277328  -0.132728  0.000  0.000  0.500  T  d3
  6688   2090.000  -0.656208  +1.274227  0.000  0.000  0.500  T  d3
  6689   2090.312  +1.134740  +1.057751  0.000  0.000  0.500  T  d3
  6690   2090.625  +1.303582  -0.959973  0.000  0.000  0.500  T  d3
  6691   2090.938  -0.737437  -1.391776  0.000  0.000  0.500  T  d3
  6692   2091.250  -1.401959  +0.560393  0.000  0.000  0.500  T  d3
  6693   2091.562  +0.445756  +1.283620  0.000  0.000  0.500  T  d3
  6694   2091.875  +1.187470  -0.394311  0.000  0.000  0.500  T  d3
  6695   2092.188  -0.407504  -1.050794  0.000  0.000  0.500  T  d3
  6696   2092.500  -0.963930  +0.479169  0.000  0.000  0.500  T  d3
  6697   2092.812  +0.560446  +0.882376  0.000  0.000  0.500  T  d3
  6698   2093.125  +0.840627  -0.586957  0.000  0.000  0.500  T  d3
  6699   2093.438  -0.540588  -0.842035  0.000  0.000  0.500  T  d3
  6700   2093.750  -0.889069  +0.360685  0.000  0.000  0.500  T  d3
  6701   2094.062  +0.134760  +0.928937  0.000  0.000  0.500  T  d3
  6702   2094.375  +0.944594  +0.159234  0.000  0.000  0.500  T  d3
  6703   2094.688  +0.464329  -0.841112  0.000  0.000  0.500  T  d3
  6704   2095.000  -0.603497  -0.749577  0.000  0.000  0.500  T  d3
  6705   2095.312  -0.960317  +0.298350  0.000  0.000  0.500  T  d3
  6706   2095.625  -0.074954  +1.054057  0.000  0.000  0.500  T  d3
  6707   2095.938  +0.966092  +0.478834  0.000  0.000  0.500  T  d3
  6708   2096.250  +0.835885  -0.710961  0.000  0.000  0.500  T  d3
  6709   2096.562  -0.365600  -1.169479  0.000  0.000  0.500  T  d3
  6710   2096.875  -1.418395  +0.036145  0.000  0.000  0.500  T  d3
  6711   2097.188  -0.295514  +1.492443  0.000  0.000  0.500  T  d3
  6712   2097.500  +1.490184  +0.512975  0.000  0.000  0.500  T  d3
  6713   2097.812  +0.670136  -1.361528  0.000  0.000  0.500  T  d3
  6714   2098.125  -1.205390  -0.743535  0.000  0.000  0.500  T  d3
  6715   2098.438  -0.723405  +1.093397  0.000  0.000  0.500  T  d3
  6716   2098.750  +1.016817  +0.641131  0.000  0.000  0.500  T  d3
  6717   2099.062  +0.553813  -0.992789  0.000  0.000  0.500  T  d3
  6718   2099.375  -0.975092  -0.446832  0.000  0.000  0.500  T  d3
  6719   2099.688  -0.395373  +0.980800  0.000  0.000  0.500  T  d3
  6720   2100.000  +0.934156  +0.399014  0.000  0.000  0.500  T  d3
  6721   2100.312  +0.494149  -0.842560  0.000  0.000  0.500  T  d3
  6722   2100.625  -0.692637  -0.652454  0.000  0.000  0.500  T  d3
  6723   2100.938  -0.818212  +0.486782  0.000  0.000  0.500  T  d3
  6724   2101.250  +0.193722  +0.937494  0.000  0.000  0.500  T  d3
  6725   2101.562  +0.944290  +0.142588  0.000  0.000  0.500  T  d3
  6726   2101.875  +0.498720  -0.865798  0.000  0.000  0.500  T  d3
  6727   2102.188  -0.620706  -0.810652  0.000  0.000  0.500  T  d3
  6728   2102.500  -1.004539  +0.300247  0.000  0.000  0.500  T  d3
  6729   2102.812  -0.137182  +1.085166  0.000  0.000  0.500  T  d3
  6730   2103.125  +1.039496  +0.595859  0.000  0.000  0.500  T  d3
  6731   2103.438  +1.016961  -0.890506  0.000  0.000  0.500  T  d3
  6732   2103.750  -0.711353  -1.326194  0.000  0.000  0.500  T  d3
  6733   2104.062  -1.490430  +0.493530  0.000  0.000  0.500  T  d3
  6734   2104.375  +0.317523  +1.523563  0.000  0.000  0.500  T  d3
  6735   2104.688  +1.463033  -0.169041  0.000  0.000  0.500  T  d3
  6736   2105.000  -0.090023  -1.347951  0.000  0.000  0.500  T  d3
  6737   2105.312  -1.231091  +0.077774  0.000  0.000  0.500  T  d3
  6738   2105.625  +0.130088  +1.117131  0.000  0.000  0.500  T  d3
  6739   2105.938  +1.061179  -0.202260  0.000  0.000  0.500  T  d3
  6740   2106.250  -0.313314  -1.039878  0.000  0.000  0.500  T  d3
  6741   2106.562  -1.041598  +0.390798  0.000  0.000  0.500  T  d3
  6742   2106.875  +0.443309  +1.097180  0.000  0.000  0.500  T  d3
  6743   2107.188  +1.121018  -0.490178  0.000  0.000  0.500  T  d3
  6744   2107.500  -0.492624  -1.184742  0.000  0.000  0.500  T  d3
  6745   2107.812  -1.209404  +0.480102  0.000  0.000  0.500  T  d3
  6746   2108.125  +0.479015  +1.226945  0.000  0.000  0.500  T  d3
  6747   2108.438  +1.230511  -0.445321  0.000  0.000  0.500  T  d3
  6748   2108.750  -0.428292  -1.197353  0.000  0.000  0.500  T  d3
  6749   2109.062  -1.201619  +0.419921  0.000  0.000  0.500  T  d3
  6750   2109.375  +0.447310  +1.158807  0.000  0.000  0.500  T  d3
  6751   2109.688  +1.136751  -0.439523  0.000  0.000  0.500  T  d3
  6752   2110.000  -0.475194  -1.144412  0.000  0.000  0.500  T  d3
  6753   2110.312  -1.110928  +0.500042  0.000  0.000  0.500  T  d3
  6754   2110.625  +0.524591  +1.128633  0.000  0.000  0.500  T  d3
  6755   2110.938  +1.115089  -0.533786  0.000  0.000  0.500  T  d3
  6756   2111.250  -0.555651  -1.121096  0.000  0.000  0.500  T  d3
  6757   2111.562  -1.117297  +0.560754  0.000  0.000  0.500  T  d3
  6758   2111.875  +0.564713  +1.118284  0.000  0.000  0.500  T  d3
  6759   2112.188  +1.128773  -0.576758  0.000  0.000  0.500  T  d3
  6760   2112.500  -0.586133  -1.110119  0.000  0.000  0.500  T  d3
  6761   2112.812  -1.122502  +0.598777  0.000  0.000  0.500  T  d3
  6762   2113.125  +0.578947  +1.093362  0.000  0.000  0.500  T  d3
  6763   2113.438  +1.089410  -0.601001  0.000  0.000  0.500  T  d3
  6764   2113.750  -0.613125  -1.084797  0.000  0.000  0.500  T  d3
  6765   2114.062  -1.071853  +0.610006  0.000  0.000  0.500  T  d3
  6766   2114.375  +0.635313  +1.052825  0.000  0.000  0.500  T  d3
  6767   2114.688  +1.062874  -0.643687  0.000  0.000  0.500  T  d3
  6768   2115.000  -0.643371  -1.059167  0.000  0.000  0.500  T  d3
  6769   2115.312  -1.043217  +0.671185  0.000  0.000  0.500  T  d3
  6770   2115.625  +0.683699  +1.064486  0.000  0.000  0.500  T  d3
  6771   2115.938  +1.061708  -0.682244  0.000  0.000  0.500  T  d3
  6772   2116.250  -0.705387  -1.047460  0.000  0.000  0.500  T  d3
  6773   2116.562  -1.046921  +0.701168  0.000  0.000  0.500  T  d3
  6774   2116.875  +0.707297  +1.036059  0.000  0.000  0.500  T  d3
  6775   2117.188  +1.022473  -0.714392  0.000  0.000  0.500  T  d3
  6776   2117.500  -0.725485  -1.017316  0.000  0.000  0.500  T  d3
  6777   2117.812  -1.012467  +0.730508  0.000  0.000  0.500  T  d3
  6778   2118.125  +0.732426  +1.002161  0.000  0.000  0.500  T  d3
  6779   2118.438  +1.024045  -0.749681  0.000  0.000  0.500  T  d3
  6780   2118.750  -0.774191  -0.992103  0.000  0.000  0.500  T  d3
  6781   2119.062  -0.995127  +0.769080  0.000  0.000  0.500  T  d3
  6782   2119.375  +0.767050  +0.974382  0.000  0.000  0.500  T  d3
  6783   2119.688  +0.989016  -0.763971  0.000  0.000  0.500  T  d3
  6784   2120.000  -0.779858  -0.974941  0.000  0.000  0.500  T  d3
  6785   2120.312  -0.987160  +0.781981  0.000  0.000  0.500  T  d3
  6786   2120.625  +0.793214  +0.964334  0.000  0.124  0.500  P  d3
  6787   2120.938  +0.970926  -0.797215  0.000  0.124  0.500  P  d3
  6788   2121.250  -0.804901  -0.970007  0.000  0.124  0.500  P  d3
  6789   2121.562  -0.933454  +0.810004  0.000  0.124  0.500  P  d3
  6790   2121.875  +0.804174  +0.955114  0.000  0.124  0.500  P  d3
  6791   2122.188  +0.934131  -0.816860  0.000  0.124  0.500  P  d3
  6792   2122.500  -0.822190  -0.936183  0.000  0.124  0.500  P  d3
  6793   2122.812  -0.914328  +0.806503  0.000  0.124  0.500  P  d3
  6794   2123.125  +0.763319  +0.896975  0.000  0.124  0.500  P  d3
  6795   2123.438  +0.900404  -0.623229  0.000  0.124  0.500  P  d3
  6796   2123.750  -0.433374  -0.925611  0.000  0.124  0.500  P  d3
  6797   2124.062  -0.958315  +0.182750  0.000  0.124  0.500  P  d3
  6798   2124.375  -0.106931  +0.951605  0.000  0.080  0.500  T  d3
  6799   2124.688  +0.871526  +0.401188  0.000  0.080  0.500  T  d3
  6800   2125.000  +0.681570  -0.672957  0.000  0.080  0.500  T  d3
  6801   2125.312  -0.387982  -0.896983  0.000  0.080  0.500  T  d3
  6802   2125.625  -1.015646  +0.058825  0.000  0.080  0.500  T  d3
  6803   2125.938  -0.344100  +0.981543  0.000  0.080  0.500  T  d3
  6804   2126.250  +0.807601  +0.701782  0.000  0.080  0.500  T  d3
  6805   2126.562  +0.982359  -0.503155  0.000  0.080  0.500  T  d3
  6806   2126.875  -0.127956  -1.144052  0.000  0.080  0.500  T  d3
  6807   2127.188  -1.097464  -0.298719  0.000  0.080  0.500  T  d3
  6808   2127.500  -0.711106  +0.909083  0.000  0.080  0.500  T  d3
  6809   2127.812  +0.601280  +1.023449  0.000  0.080  0.500  T  d3
  6810   2128.125  +1.201436  -0.169335  0.000  0.000  0.500  T  d3
  6811   2128.438  +0.292630  -1.174067  0.000  0.000  0.500  T  d3
  6812   2128.750  -0.966485  -0.725376  0.000  0.000  0.500  T  d3
  6813   2129.062  -1.063885  +0.640022  0.000  0.000  0.500  T  d3
  6814   2129.375  +0.152745  +1.201274  0.000  0.000  0.500  T  d3
  6815   2129.688  +1.210066  +0.333738  0.000  0.000  0.500  T  d3
  6816   2130.000  +0.824389  -1.124028  0.000  0.000  0.500  T  d3
  6817   2130.312  -0.953194  -1.196679  0.000  0.000  0.500  T  d3
  6818   2130.625  -1.407721  +0.753154  0.000  0.000  0.500  T  d3
  6819   2130.938  +0.539215  +1.496131  0.000  0.000  0.500  T  d3
  6820   2131.250  +1.459147  -0.379204  0.000  0.000  0.500  T  d3
  6821   2131.562  -0.245419  -1.346488  0.000  0.000  0.500  T  d3
  6822   2131.875  -1.219999  +0.249845  0.000  0.000  0.500  T  d3
  6823   2132.188  +0.261850  +1.105612  0.000  0.000  0.500  T  d3
  6824   2132.500  +1.004270  -0.346718  0.000  0.000  0.500  T  d3
  6825   2132.812  -0.436348  -0.980874  0.000  0.000  0.500  T  d3
  6826   2133.125  -0.970214  +0.535831  0.000  0.000  0.500  T  d3
  6827   2133.438  +0.609262  +0.989059  0.000  0.000  0.500  T  d3
  6828   2133.750  +1.043791  -0.663820  0.000  0.000  0.500  T  d3
  6829   2134.062  -0.670667  -1.095534  0.000  0.000  0.500  T  d3
  6830   2134.375  -1.139339  +0.666166  0.000  0.000  0.500  T  d3
  6831   2134.688  +0.637997  +1.155948  0.000  0.000  0.500  T  d3
  6832   2135.000  +1.149976  -0.603162  0.000  0.000  0.500  T  d3
  6833   2135.312  -0.594803  -1.175372  0.000  0.000  0.500  T  d3
  6834   2135.625  -1.116263  +0.594332  0.000  0.038  0.500  T  d3
  6835   2135.938  +0.596825  +1.120080  0.000  0.038  0.500  T  d3
  6836   2136.250  +1.059885  -0.608877  0.000  0.038  0.500  T  d3
  6837   2136.562  -0.615953  -1.045664  0.000  0.038  0.500  T  d3
  6838   2136.875  -1.037365  +0.655098  0.000  0.038  0.500  T  d3
  6839   2137.188  +0.662038  +1.031290  0.000  0.038  0.500  T  d3
  6840   2137.500  +1.045383  -0.687634  0.000  0.038  0.500  T  d3
  6841   2137.812  -0.701101  -1.052188  0.000  0.038  0.500  T  d3
  6842   2138.125  -1.039346  +0.706306  0.000  0.038  0.500  T  d3
  6843   2138.438  +0.718175  +1.048445  0.000  0.038  0.500  T  d3
  6844   2138.750  +1.053948  -0.720693  0.000  0.038  0.500  T  d3
  6845   2139.062  -0.729661  -1.047258  0.000  0.038  0.500  T  d3
  6846   2139.375  -1.040685  +0.728502  0.000  0.194  0.500  P  d3
  6847   2139.688  +0.727910  +1.016845  0.000  0.194  0.500  P  d3
  6848   2140.000  +1.007994  -0.727570  0.000  0.194  0.500  P  d3
  6849   2140.312  -0.745354  -0.992150  0.000  0.194  0.500  P  d3
  6850   2140.625  -0.987477  +0.740810  0.000  0.194  0.500  P  d3
  6851   2140.938  +0.769895  +0.992878  0.000  0.194  0.500  P  d3
  6852   2141.250  +0.972820  -0.770914  0.000  0.194  0.500  P  d3
  6853   2141.562  -0.770994  -0.983811  0.000  0.194  0.500  P  d3
  6854   2141.875  -0.976373  +0.811611  0.000  0.194  0.500  P  d3
  6855   2142.188  +0.787356  +0.977017  0.000  0.194  0.500  P  d3
  6856   2142.500  +0.954379  -0.819265  0.000  0.194  0.500  P  d3
  6857   2142.812  -0.803469  -0.961098  0.000  0.194  0.500  P  d3
  6858   2143.125  -0.959226  +0.817123  0.000  0.299  0.500  P  d3
  6859   2143.438  +0.819925  +0.938865  0.000  0.299  0.500  P  d3
  6860   2143.750  +0.952193  -0.836129  0.000  0.299  0.500  P  d3
  6861   2144.062  -0.835108  -0.921750  0.000  0.299  0.500  P  d3
  6862   2144.375  -0.925755  +0.829946  0.000  0.299  0.500  P  d3
  6863   2144.688  +0.837249  +0.920006  0.000  0.299  0.500  P  d3
  6864   2145.000  +0.945347  -0.847174  0.000  0.299  0.500  P  d3
  6865   2145.312  -0.861798  -0.911644  0.000  0.299  0.500  P  d3
  6866   2145.625  -0.919046  +0.864520  0.000  0.299  0.500  P  d3
  6867   2145.938  +0.865254  +0.893383  0.000  0.299  0.500  P  d3
  6868   2146.250  +0.898046  -0.861620  0.000  0.299  0.500  P  d3
  6869   2146.562  -0.874996  -0.895812  0.000  0.299  0.500  P  d3
  6870   2146.875  -0.885868  +0.885332  0.000  0.375  0.500  P  d3
  6871   2147.188  +0.893159  +0.881712  0.000  0.375  0.500  P  d3
  6872   2147.500  +0.885094  -0.900255  0.000  0.375  0.961  P  d3
  6873   2147.812  -0.904074  -0.877514  0.000  0.375  0.961  P  d3
  6874   2148.125  -0.873501  +0.922038  0.000  0.375  0.961  P  d3
  6875   2148.438  +0.902406  +0.862749  0.000  0.375  0.961  P  d3
  6876   2148.750  +0.834909  -0.904893  0.000  0.375  0.961  P  d3
  6877   2149.062  -0.924263  -0.848955  0.000  0.375  0.961  P  d3
  6878   2149.375  -0.832823  +0.915180  0.000  0.375  0.961  P  d3
  6879   2149.688  +0.896597  +0.815991  0.000  0.375  0.961  P  d3
  6880   2150.000  +0.839587  -0.780149  0.000  0.375  0.961  P  d3
  6881   2150.312  -0.588625  -0.865179  0.000  0.375  0.961  P  d3
  6882   2150.625  -0.934784  +0.363633  0.000  0.426  0.961  P  d3
  6883   2150.938  +0.098879  +0.956339  0.000  0.426  0.961  P  d3
  6884   2151.250  +0.928765  +0.196359  0.000  0.426  0.961  P  d3
  6885   2151.562  +0.507298  -0.807343  0.000  0.426  0.961  P  d3
  6886   2151.875  -0.593668  -0.780653  0.000  0.426  0.961  P  d3
  6887   2152.188  -0.959561  +0.273737  0.000  0.426  0.961  P  d3
  6888   2152.500  -0.095750  +1.043659  0.000  0.426  0.897  P  d3
  6889   2152.812  +0.942981  +0.497942  0.000  0.426  0.897  P  d3
  6890   2153.125  +0.837590  -0.720309  0.000  0.426  0.897  P  d3
  6891   2153.438  -0.374606  -1.072974  0.000  0.426  0.897  P  d3
  6892   2153.750  -1.150743  -0.064090  0.000  0.426  0.897  P  d3
  6893   2154.062  -0.496738  +1.060121  0.000  0.426  0.897  P  d3
  6894   2154.375  +0.811095  +0.873214  0.000  0.470  0.897  P  d3
  6895   2154.688  +1.120319  -0.413102  0.000  0.470  0.897  P  d3
  6896   2155.000  +0.039024  -1.191804  0.000  0.470  0.897  P  d3
  6897   2155.312  -1.121742  -0.498695  0.000  0.470  0.897  P  d3
  6898   2155.625  -0.876872  +0.828284  0.000  0.470  0.897  P  d3
  6899   2155.938  +0.428797  +1.114397  0.000  0.470  0.897  P  d3
  6900   2156.250  +1.243658  +0.055911  0.000  0.470  0.897  P  d3
  6901   2156.562  +0.585119  -1.208823  0.000  0.470  0.897  P  d3
  6902   2156.875  -1.116314  -1.007760  0.000  0.470  0.897  P  d3
  6903   2157.188  -1.281781  +0.944086  0.000  0.470  0.897  P  d3
  6904   2157.500  +0.732322  +1.444830  0.000  0.470  0.837  P  d3
  6905   2157.812  +1.437830  -0.537998  0.000  0.470  0.837  P  d3
  6906   2158.125  -0.396846  -1.384907  0.000  0.495  0.837  P  d3
  6907   2158.438  -1.268661  +0.330355  0.000  0.495  0.837  P  d3
  6908   2158.750  +0.358823  +1.114168  0.000  0.495  0.837  P  d3
  6909   2159.062  +1.018638  -0.394865  0.000  0.495  0.837  P  d3
  6910   2159.375  -0.488325  -0.923580  0.000  0.495  0.837  P  d3
  6911   2159.688  -0.921038  +0.570472  0.000  0.495  0.837  P  d3
  6912   2160.000  +0.663702  +0.944273  0.000  0.495  0.837  P  d3
  6913   2160.312  +0.960423  -0.711949  0.000  0.495  0.837  P  d3
  6914   2160.625  -0.764304  -1.050007  0.000  0.495  0.837  P  d3
  6915   2160.938  -1.108258  +0.767410  0.000  0.495  0.837  P  d3
  6916   2161.250  +0.722563  +1.123381  0.000  0.495  0.837  P  d3
  6917   2161.562  +1.118124  -0.710243  0.000  0.495  0.837  P  d3
  6918   2161.875  -0.688525  -1.106485  0.000  0.501  0.837  P  d3
  6919   2162.188  -1.088746  +0.660370  0.000  0.501  0.837  P  d3
  6920   2162.500  +0.658888  +1.073964  0.000  0.501  0.785  P  d3
  6921   2162.812  +1.029075  -0.681472  0.000  0.501  0.785  P  d3
  6922   2163.125  -0.673362  -1.048127  0.000  0.501  0.785  P  d3
  6923   2163.438  -0.956476  +0.662662  0.000  0.501  0.785  P  d3
  6924   2163.750  +0.768303  +0.944670  0.000  0.501  0.785  P  d3
  6925   2164.062  +1.066290  -0.793026  0.000  0.501  0.785  P  d3
  6926   2164.375  -0.719544  -1.048120  0.000  0.501  0.785  P  d3
  6927   2164.688  -0.900877  +0.731160  0.000  0.501  0.785  P  d3
  6928   2165.000  +0.747005  +0.960347  0.000  0.501  0.785  P  d3
  6929   2165.312  +0.859900  -0.102429  0.000  0.501  0.785  P  d3
  6930   2165.625  -0.542167  -0.813456  0.000  0.498  0.785  P  d3
  6931   2165.938  -0.890129  +0.381119  0.000  0.498  0.785  P  d3
  6932   2166.250  +0.142459  +0.210144  0.000  0.498  0.785  P  d2
  6933   2166.562  +0.004709  -0.243830  0.000  0.498  0.785  P  d1
  6934   2166.875  +0.153905  +0.090901  0.000  0.498  0.785  P  d3
  6935   2167.188  +0.037946  -0.143460  0.000  0.498  0.785  P  d1
  6936   2167.500  +0.084213  +0.055030  0.000  0.498  0.755  P  d3
  6937   2167.812  +0.032730  -0.103108  0.016  0.498  0.755  P  d1
  6938   2168.125  +0.038865  +0.056457  0.016  0.498  0.755  P  d3
  6939   2168.438  +0.012292  -0.065675  0.016  0.498  0.755  P  d2
  6940   2168.750  +0.017939  +0.045121  0.016  0.498  0.755  P  d2
  6941   2169.062  +0.005609  -0.039244  0.016  0.498  0.755  P  d2
  6942   2169.375  -0.003612  +0.043843  0.016  0.486  0.755  P  d2
  6943   2169.688  +0.002391  -0.024225  0.016  0.486  0.755  P  d2
  6944   2170.000  -0.013350  +0.036841  0.016  0.486  0.755  P  d2
  6945   2170.312  -0.006118  -0.019860  0.016  0.486  0.755  P  d2
  6946   2170.625  -0.018156  +0.039771  0.016  0.486  0.755  P  d2
  6947   2170.938  -0.003061  -0.015849  0.016  0.486  0.755  P  d2
  6948   2171.250  -0.007747  +0.026839  0.016  0.486  0.755  P  d1
  6949   2171.562  -0.007708  -0.011588  0.016  0.486  0.755  P  d3
  6950   2171.875  -0.011962  +0.015870  0.016  0.486  0.755  P  d2
  6951   2172.188  +0.002554  -0.012638  0.016  0.486  0.755  P  d2
  6952   2172.500  -0.005436  +0.010338  0.016  0.486  0.700  P  d2
  6953   2172.812  -0.001210  -0.012110  0.016  0.486  0.700  P  d2
  6954   2173.125  -0.002761  +0.013531  0.016  0.459  0.700  P  d2
  6955   2173.438  +0.003984  -0.010669  0.016  0.459  0.700  P  d1
  6956   2173.750  +0.003805  +0.005386  0.016  0.459  0.700  P  d2
  6957   2174.062  +0.001420  -0.015702  0.016  0.459  0.700  P  d2
  6958   2174.375  +0.004407  +0.005307  0.016  0.459  0.700  P  d3
  6959   2174.688  +0.006945  -0.007484  0.016  0.459  0.700  P  d2
  6960   2175.000  -0.000320  +0.003096  0.016  0.459  0.700  P  d2
  6961   2175.312  +0.000655  -0.008133  0.016  0.459  0.700  P  d3
  6962   2175.625  -0.001888  +0.000975  0.016  0.459  0.700  P  d2
  6963   2175.938  +0.001296  -0.002787  0.016  0.459  0.700  P  d2
  6964   2176.250  +0.000139  +0.003826  0.016  0.459  0.700  P  d2
  6965   2176.562  -0.002233  -0.003329  0.016  0.459  0.700  P  d2
  6966   2176.875  +0.001311  +0.007702  0.016  0.425  0.700  P  d3
  6967   2177.188  +0.002290  -0.001037  0.016  0.425  0.700  P  d3
  6968   2177.500  +0.000103  -0.001328  0.031  0.425  0.644  P  d0
  6969   2177.812  +0.000341  -0.001712  0.031  0.425  0.644  P  d2
  6970   2178.125  -0.002864  +0.003396  0.031  0.425  0.644  P  d1
  6971   2178.438  -0.001029  -0.000828  0.031  0.425  0.644  P  d3
  6972   2178.750  -0.001680  +0.002831  0.031  0.425  0.644  P  d1
  6973   2179.062  -0.000888  -0.002109  0.031  0.425  0.644  P  d2
  6974   2179.375  -0.001348  +0.005483  0.047  0.425  0.644  P  d3
  6975   2179.688  +0.005386  +0.002049  0.047  0.425  0.644  P  d3
  6976   2180.000  +0.002858  -0.001484  0.047  0.425  0.644  P  d3
  6977   2180.312  -0.003942  -0.004508  0.047  0.425  0.644  P  d3
  6978   2180.625  -0.003519  +0.002351  0.047  0.384  0.644  P  d2
  6979   2180.938  +0.007676  +0.000395  0.047  0.384  0.644  P  d3
  6980   2181.250  +0.000614  -0.003390  0.047  0.384  0.644  P  d3
  6981   2181.562  -0.004483  -0.002461  0.062  0.384  0.644  P  d3
  6982   2181.875  -0.004476  +0.003359  0.062  0.384  0.644  P  d3
  6983   2182.188  +0.002163  +0.001773  0.062  0.384  0.644  P  d3
  6984   2182.500  +0.003480  -0.006361  0.062  0.384  0.588  P  d3
  6985   2182.812  -0.004392  -0.000547  0.062  0.384  0.588  P  d3
  6986   2183.125  -0.002775  +0.003751  0.062  0.384  0.588  P  d3
  6987   2183.438  +0.001010  +0.005891  0.062  0.384  0.588  P  d3
  6988   2183.750  +0.005013  -0.002585  0.062  0.384  0.588  P  d3
  6989   2184.062  -0.002116  -0.004670  0.062  0.384  0.588  P  d2
  6990   2184.375  -0.000380  +0.004035  0.062  0.309  0.588  P  d3
  6991   2184.688  +0.005411  -0.000170  0.062  0.309  0.588  P  d3
  6992   2185.000  +0.002615  -0.004666  0.062  0.309  0.588  P  d3
  6993   2185.312  -0.004115  -0.001426  0.062  0.309  0.588  P  d3
  6994   2185.625  -0.005034  +0.003615  0.078  0.309  0.588  P  d3
  6995   2185.938  +0.004135  +0.003775  0.094  0.309  0.588  P  d3
  6996   2186.250  +0.001544  -0.002236  0.094  0.309  0.588  P  d3
  6997   2186.562  -0.005970  -0.004412  0.094  0.309  0.588  P  d3
  6998   2186.875  -0.000757  +0.003186  0.094  0.309  0.588  P  d3
  6999   2187.188  +0.004246  +0.002930  0.094  0.309  0.588  P  d0
  7000   2187.500  +0.002962  +0.002577  0.094  0.309  0.532  P  d2
  7001   2187.812  -0.000458  -0.005526  0.078  0.309  0.532  P  d3
  7002   2188.125  -0.005252  -0.002721  0.078  0.182  0.532  P  d3
  7003   2188.438  -0.004344  +0.001782  0.078  0.182  0.532  P  d3
  7004   2188.750  +0.003409  +0.005561  0.078  0.182  0.532  P  d3
  7005   2189.062  +0.004409  +0.000695  0.078  0.182  0.532  P  d0
  7006   2189.375  +0.003630  -0.002382  0.094  0.182  0.532  P  d3
  7007   2189.688  -0.000594  -0.005232  0.094  0.182  0.532  P  d3
  7008   2190.000  -0.003964  -0.002561  0.094  0.182  0.532  P  d3
  7009   2190.312  -0.001689  +0.006100  0.109  0.182  0.532  P  d3
  7010   2190.625  +0.002629  +0.001497  0.125  0.182  0.532  P  d3
  7011   2190.938  +0.003653  -0.005549  0.141  0.182  0.532  P  d3
  7012   2191.250  -0.004503  -0.000818  0.141  0.182  0.532  P  d0
  7013   2191.562  -0.004145  +0.002776  0.141  0.182  0.532  P  d3
  7014   2191.875  +0.000025  +0.003782  0.156  0.028  0.532  T  d3
  7015   2192.188  +0.003452  +0.002857  0.156  0.028  0.532  T  d3
  7016   2192.500  +0.005836  -0.001726  0.156  0.028  0.498  T  d3
  7017   2192.812  -0.001718  -0.004808  0.172  0.028  0.498  T  d3
  7018   2193.125  -0.005933  -0.001774  0.188  0.028  0.498  T  d3
  7019   2193.438  -0.004396  +0.003780  0.203  0.028  0.498  T  d3
  7020   2193.750  +0.003318  +0.002443  0.219  0.028  0.498  T  d3
  7021   2194.062  +0.004296  -0.002389  0.234  0.028  0.498  T  d3
  7022   2194.375  +0.000617  -0.004223  0.250  0.028  0.498  T  d3
  7023   2194.688  -0.003536  -0.004490  0.266  0.028  0.498  T  d3
  7024   2195.000  -0.003787  +0.003827  0.281  0.028  0.498  T  d3
  7025   2195.312  +0.001243  +0.005307  0.297  0.028  0.498  T  d0
  7026   2195.625  +0.004356  +0.002736  0.312  0.000  0.498  T  d0
  7027   2195.938  +0.005728  -0.001248  0.328  0.000  0.498  T  d3
  7028   2196.250  -0.002420  -0.002559  0.344  0.000  0.498  T  d3
  7029   2196.562  -0.004329  +0.001579  0.359  0.000  0.498  T  d3
  7030   2196.875  -0.001367  +0.004008  0.375  0.000  0.498  T  d3
  7031   2197.188  +0.007414  +0.000373  0.391  0.000  0.498  T  d3
  7032   2197.500  +0.002872  -0.003975  0.391  0.000  0.442  T  d2
  7033   2197.812  -0.004012  +0.001266  0.406  0.000  0.442  T  d3
  7034   2198.125  +0.000498  +0.002519  0.422  0.000  0.442  T  d3
  7035   2198.438  +0.003282  +0.001512  0.438  0.000  0.442  T  d3
  7036   2198.750  +0.005013  -0.004381  0.453  0.000  0.442  T  d3
  7037   2199.062  -0.005879  -0.005162  0.469  0.000  0.442  T  d0
  7038   2199.375  -0.006668  -0.000806  0.469  0.000  0.442  T  d2
  7039   2199.688  +0.002609  -0.001713  0.484  0.000  0.442  T  d3
  7040   2200.000  -0.003705  -0.007731  0.500  0.000  0.442  T  d0
  7041   2200.312  -0.005696  -0.005068  0.516  0.000  0.442  T  d0
  7042   2200.625  -0.008732  -0.000998  0.531  0.000  0.442  T  d0
  7043   2200.938  -0.006462  +0.002988  0.547  0.000  0.442  T  d3
  7044   2201.250  +0.000502  +0.002352  0.547  0.000  0.442  T  d1
  7045   2201.562  -0.007286  -0.001994  0.547  0.000  0.442  T  d0
  7046   2201.875  -0.002784  -0.000900  0.562  0.000  0.442  T  d3
  7047   2202.188  -0.003735  +0.008097  0.578  0.000  0.442  T  d3
  7048   2202.500  +0.007498  +0.015119  0.594  0.000  0.365  T  d0
  7049   2202.812  +0.008705  +0.008619  0.609  0.000  0.365  T  d0
  7050   2203.125  +0.012893  +0.005777  0.625  0.000  0.365  T  d0
  7051   2203.438  +0.014835  +0.008119  0.641  0.000  0.365  T  d0
  7052   2203.750  +0.013883  +0.012709  0.656  0.000  0.365  T  d0
  7053   2204.062  +0.020758  +0.012795  0.672  0.000  0.365  T  d0
  7054   2204.375  +0.025113  +0.004670  0.688  0.000  0.365  T  d0
  7055   2204.688  +0.023856  -0.007824  0.703  0.000  0.365  T  d0
  7056   2205.000  +0.013834  -0.006001  0.719  0.000  0.365  T  d0
  7057   2205.312  +0.011877  -0.008967  0.734  0.000  0.365  T  d0
  7058   2205.625  +0.003897  -0.024167  0.734  0.000  0.365  T  d0
  7059   2205.938  -0.011524  -0.031280  0.734  0.000  0.365  T  d0
  7060   2206.250  -0.033173  -0.027847  0.750  0.000  0.365  T  d0
  7061   2206.562  -0.038715  -0.029882  0.766  0.000  0.365  T  d0
  7062   2206.875  -0.058637  -0.033467  0.781  0.000  0.365  T  d0
  7063   2207.188  -0.071176  -0.028514  0.781  0.000  0.365  T  d0
  7064   2207.500  -0.081194  -0.017611  0.781  0.000  0.361  T  d0
  7065   2207.812  -0.081530  +0.000221  0.797  0.000  0.361  T  d0
  7066   2208.125  -0.066489  +0.019462  0.812  0.000  0.361  S  d0
  7067   2208.438  -0.048460  +0.032626  0.828  0.000  0.361  S  d0
  7068   2208.750  -0.020471  +0.049360  0.844  0.000  0.361  S  d0
  7069   2209.062  +0.016445  +0.065590  0.859  0.000  0.361  S  d0
  7070   2209.375  +0.070427  +0.083539  0.859  0.000  0.361  S  d0
  7071   2209.688  +0.139697  +0.097029  0.875  0.000  0.361  S  d0
  7072   2210.000  +0.217486  +0.081812  0.891  0.000  0.361  S  d0
  7073   2210.312  +0.298543  +0.099999  0.891  0.000  0.361  S  d0
  7074   2210.625  +0.245956  +0.138928  0.891  0.000  0.361  S  d0
  7075   2210.938  +0.108578  +0.012791  0.891  0.000  0.361  S  d3
  7076   2211.250  +0.056406  -0.138669  0.906  0.000  0.361  S  d0
  7077   2211.562  +0.003080  -0.240902  0.922  0.000  0.361  S  d0
  7078   2211.875  -0.071465  -0.300175  0.922  0.000  0.361  S  d0
  7079   2212.188  -0.164040  -0.309794  0.938  0.000  0.361  S  d0
  7080   2212.500  -0.245422  -0.241807  0.953  0.000  0.369  S  d0
  7081   2212.812  -0.296911  -0.126939  0.953  0.000  0.369  S  d0
  7082   2213.125  -0.319802  -0.012365  0.953  0.000  0.369  S  d0
  7083   2213.438  -0.305875  +0.114259  0.953  0.000  0.369  S  d0
  7084   2213.750  -0.236376  +0.218124  0.953  0.000  0.369  S  d0
  7085   2214.062  -0.156404  +0.318866  0.953  0.000  0.369  S  d0
  7086   2214.375  -0.040169  +0.362294  0.953  0.000  0.369  S  d0
  7087   2214.688  +0.077190  +0.337950  0.953  0.000  0.369  S  d0
  7088   2215.000  +0.214078  +0.302713  0.953  0.000  0.369  S  d0
  7089   2215.312  +0.316447  +0.173283  0.953  0.000  0.369  S  d0
  7090   2215.625  +0.396489  +0.037233  0.953  0.000  0.369  S  d0
  7091   2215.938  +0.437293  -0.132084  0.953  0.000  0.369  S  d0
  7092   2216.250  +0.437886  -0.336376  0.953  0.000  0.369  S  d0
  7093   2216.562  +0.379558  -0.532829  0.938  0.000  0.369  S  d0
  7094   2216.875  +0.236488  -0.724001  0.922  0.000  0.369  S  d3
  7095   2217.188  -0.299642  -0.152290  0.906  0.000  0.369  S  d3
  7096   2217.500  -0.527650  +0.199210  0.891  0.000  0.373  S  d0
  7097   2217.812  -0.384160  +0.069275  0.875  0.000  0.373  S  d0
  7098   2218.125  -0.297975  +0.180793  0.875  0.000  0.373  S  d0
  7099   2218.438  -0.198079  +0.128196  0.859  0.000  0.373  S  d0
  7100   2218.750  -0.128345  +0.158068  0.859  0.000  0.373  S  d0
  7101   2219.062  -0.041739  +0.111286  0.859  0.000  0.373  S  d0
  7102   2219.375  +0.000571  +0.103572  0.844  0.000  0.373  S  d0
  7103   2219.688  +0.050818  +0.054812  0.828  0.000  0.373  S  d0
  7104   2220.000  +0.070883  +0.046157  0.812  0.000  0.373  S  d0
  7105   2220.312  +0.092699  +0.005334  0.797  0.000  0.373  T  d0
  7106   2220.625  +0.086388  -0.007668  0.781  0.000  0.373  T  d0
  7107   2220.938  +0.091970  -0.028537  0.766  0.000  0.373  T  d0
  7108   2221.250  +0.071812  -0.037310  0.766  0.000  0.373  T  d0
  7109   2221.562  +0.060802  -0.045900  0.750  0.000  0.373  T  d0
  7110   2221.875  +0.038786  -0.042744  0.734  0.000  0.373  T  d0
  7111   2222.188  +0.024308  -0.043585  0.719  0.000  0.373  T  d0
  7112   2222.500  +0.007024  -0.031366  0.703  0.000  0.421  T  d0
  7113   2222.812  -0.005510  -0.031062  0.688  0.000  0.421  T  d0
  7114   2223.125  -0.022017  -0.019236  0.672  0.000  0.421  T  d0
  7115   2223.438  -0.020769  -0.003973  0.656  0.000  0.421  T  d0
  7116   2223.750  -0.021010  +0.002447  0.641  0.000  0.421  T  d0
  7117   2224.062  -0.021909  +0.002125  0.625  0.000  0.421  T  d0
  7118   2224.375  -0.026437  +0.012694  0.609  0.000  0.421  T  d0
  7119   2224.688  -0.021313  +0.015505  0.594  0.000  0.421  T  d0
  7120   2225.000  -0.017692  +0.017092  0.578  0.000  0.421  T  d0
  7121   2225.312  -0.005163  +0.011175  0.578  0.000  0.421  T  d0
  7122   2225.625  -0.008939  +0.014562  0.562  0.000  0.421  T  d0
  7123   2225.938  -0.001998  +0.016444  0.547  0.000  0.421  T  d0
  7124   2226.250  +0.005016  +0.009413  0.531  0.000  0.421  T  d3
  7125   2226.562  +0.007393  -0.001342  0.516  0.000  0.421  T  d1
  7126   2226.875  +0.001951  +0.002982  0.500  0.000  0.421  T  d3
  7127   2227.188  +0.001353  -0.001465  0.500  0.000  0.421  T  d1
  7128   2227.500  +0.006276  +0.000446  0.500  0.000  0.498  T  d3
  7129   2227.812  +0.008979  -0.008264  0.500  0.000  0.498  T  d0
  7130   2228.125  +0.002206  -0.008756  0.484  0.000  0.498  T  d1
  7131   2228.438  +0.002764  +0.000805  0.469  0.000  0.498  T  d0
  7132   2228.750  +0.006462  -0.002739  0.453  0.000  0.498  T  d0
  7133   2229.062  +0.005645  -0.010359  0.438  0.000  0.498  T  d3
  7134   2229.375  -0.002697  -0.003401  0.422  0.000  0.498  T  d3
  7135   2229.688  -0.001476  +0.002096  0.406  0.000  0.498  T  d3
  7136   2230.000  +0.003324  +0.000860  0.391  0.000  0.498  T  d3
  7137   2230.312  -0.000750  -0.004827  0.375  0.000  0.498  T  d3
  7138   2230.625  -0.005920  +0.002807  0.359  0.000  0.498  T  d3
  7139   2230.938  -0.000004  +0.004937  0.344  0.000  0.498  T  d3
  7140   2231.250  +0.001921  +0.001892  0.328  0.000  0.498  T  d2
  7141   2231.562  -0.002271  -0.004799  0.312  0.000  0.498  T  d3
  7142   2231.875  -0.005867  +0.000052  0.297  0.000  0.498  T  d3
  7143   2232.188  -0.003019  +0.006308  0.281  0.000  0.498  T  d3
  7144   2232.500  +0.004106  -0.000236  0.266  0.000  0.519  T  d3
  7145   2232.812  +0.001331  -0.003205  0.266  0.000  0.519  T  d3
  7146   2233.125  -0.007168  -0.001616  0.250  0.000  0.519  T  d3
  7147   2233.438  -0.000079  +0.003571  0.234  0.000  0.519  T  d3
  7148   2233.750  +0.004214  +0.003038  0.234  0.000  0.519  T  d3
  7149   2234.062  +0.005824  -0.002794  0.219  0.000  0.519  T  d3
  7150   2234.375  -0.002305  -0.003285  0.203  0.000  0.519  T  d3
  7151   2234.688  -0.003019  +0.003089  0.188  0.000  0.519  T  d3
  7152   2235.000  +0.002751  +0.002920  0.172  0.000  0.519  T  d0
  7153   2235.312  +0.000144  +0.003504  0.156  0.000  0.519  T  d3
  7154   2235.625  +0.005208  -0.004812  0.141  0.000  0.519  T  d3
  7155   2235.938  -0.000118  -0.004929  0.125  0.000  0.519  T  d3
  7156   2236.250  -0.005038  +0.000053  0.125  0.000  0.519  T  d3
  7157   2236.562  -0.002241  +0.004072  0.125  0.000  0.519  T  d3
  7158   2236.875  +0.002621  +0.002725  0.125  0.000  0.519  T  d3
  7159   2237.188  +0.004290  -0.004382  0.125  0.000  0.519  T  d3
  7160   2237.500  -0.004014  -0.001355  0.125  0.000  0.567  T  d0
  7161   2237.812  -0.004929  +0.002437  0.125  0.000  0.567  T  d3
  7162   2238.125  -0.000618  +0.005435  0.109  0.000  0.567  T  d2
  7163   2238.438  +0.002301  -0.002217  0.109  0.000  0.567  T  d3
  7164   2238.750  -0.000098  -0.005342  0.109  0.000  0.567  T  d1
  7165   2239.062  +0.003710  -0.001556  0.094  0.000  0.567  T  d2
  7166   2239.375  -0.001299  +0.002222  0.094  0.000  0.567  T  d2
  7167   2239.688  +0.004202  -0.001540  0.094  0.000  0.567  T  d3
  7168   2240.000  -0.003745  -0.002391  0.109  0.000  0.567  T  d3
  7169   2240.312  -0.003983  +0.002138  0.109  0.000  0.567  T  d3
  7170   2240.625  +0.003359  +0.006705  0.125  0.000  0.567  T  d3
  7171   2240.938  +0.002714  -0.002238  0.125  0.000  0.567  T  d3
  7172   2241.250  -0.000774  -0.004766  0.125  0.000  0.567  T  d3
  7173   2241.562  -0.005380  +0.004234  0.125  0.000  0.567  T  d3
  7174   2241.875  +0.001439  +0.002867  0.125  0.000  0.567  T  d3
  7175   2242.188  +0.006385  -0.001047  0.141  0.000  0.567  T  d3
  7176   2242.500  -0.003324  -0.004351  0.141  0.000  0.597  T  d0
  7177   2242.812  -0.003983  -0.000745  0.141  0.000  0.597  T  d3
  7178   2243.125  +0.002372  +0.006074  0.141  0.000  0.597  T  d3
  7179   2243.438  +0.003399  -0.002785  0.141  0.000  0.597  T  d0
  7180   2243.750  +0.000605  -0.005388  0.141  0.000  0.597  T  d3
  7181   2244.062  -0.004995  +0.000482  0.141  0.000  0.597  T  d3
  7182   2244.375  -0.001550  +0.003493  0.141  0.000  0.597  T  d3
  7183   2244.688  +0.002233  +0.003361  0.141  0.000  0.597  T  d3
  7184   2245.000  +0.004973  +0.000524  0.156  0.000  0.597  T  d3
  7185   2245.312  -0.001118  -0.007269  0.141  0.000  0.597  T  d3
  7186   2245.625  -0.002475  -0.000505  0.156  0.000  0.597  T  d3
  7187   2245.938  -0.002722  +0.004852  0.156  0.000  0.597  T  d0
  7188   2246.250  -0.001830  +0.002773  0.156  0.000  0.597  T  d3
  7189   2246.562  +0.006549  -0.000487  0.172  0.000  0.597  T  d3
  7190   2246.875  -0.000162  -0.003881  0.172  0.000  0.597  T  d3
  7191   2247.188  -0.005669  -0.001907  0.188  0.000  0.597  T  d3
  7192   2247.500  +0.000212  +0.004793  0.188  0.000  0.588  T  d3
  7193   2247.812  +0.004258  +0.003833  0.172  0.000  0.588  T  d3
  7194   2248.125  +0.004940  -0.001053  0.188  0.000  0.588  T  d3
  7195   2248.438  -0.003690  -0.003337  0.203  0.000  0.588  T  d0
  7196   2248.750  -0.002307  -0.004181  0.203  0.000  0.588  T  d3
  7197   2249.062  -0.005155  -0.000787  0.203  0.000  0.588  T  d1
  7198   2249.375  +0.002520  -0.003751  0.219  0.000  0.588  T  d2
  7199   2249.688  -0.001696  +0.003527  0.234  0.000  0.588  T  d0
  7200   2250.000  +0.000560  +0.003818  0.234  0.000  0.588  T  d3
  7201   2250.312  +0.005979  +0.000611  0.234  0.000  0.588  T  d0
  7202   2250.625  +0.004636  +0.001487  0.234  0.000  0.588  T  d2
  7203   2250.938  -0.003965  -0.001621  0.234  0.000  0.588  T  d3
  7204   2251.250  -0.004229  +0.005072  0.234  0.000  0.588  T  d2
  7205   2251.562  +0.004811  -0.001586  0.234  0.000  0.588  T  d3
  7206   2251.875  +0.000427  -0.004701  0.234  0.000  0.588  T  d0
  7207   2252.188  -0.002855  -0.004114  0.234  0.000  0.588  T  d3
  7208   2252.500  -0.002918  +0.004653  0.234  0.000  0.618  T  d3
  7209   2252.812  +0.001946  +0.003847  0.219  0.000  0.618  T  d2
  7210   2253.125  -0.000259  -0.004884  0.219  0.000  0.618  T  d3
  7211   2253.438  -0.005262  -0.001377  0.219  0.000  0.618  T  d3
  7212   2253.750  -0.004037  +0.002383  0.203  0.000  0.618  T  d3
  7213   2254.062  +0.004034  +0.004273  0.219  0.000  0.618  T  d3
  7214   2254.375  +0.005739  -0.000134  0.219  0.000  0.618  T  d3
  7215   2254.688  +0.001549  -0.003812  0.219  0.000  0.618  T  d0
  7216   2255.000  +0.001558  -0.005492  0.234  0.000  0.618  T  d2
  7217   2255.312  -0.001114  +0.002742  0.234  0.000  0.618  T  d0
  7218   2255.625  +0.000593  +0.003530  0.234  0.000  0.618  T  d3
  7219   2255.938  +0.006406  -0.002470  0.234  0.000  0.618  T  d3
  7220   2256.250  -0.004196  -0.003048  0.219  0.000  0.618  T  d0
  7221   2256.562  -0.005284  +0.000420  0.219  0.000  0.618  T  d3
  7222   2256.875  -0.003524  +0.004474  0.219  0.000  0.618  T  d0
  7223   2257.188  +0.000253  +0.005239  0.219  0.000  0.618  T  d3
  7224   2257.500  +0.004830  +0.003030  0.219  0.000  0.631  T  d3
  7225   2257.812  -0.000254  -0.002783  0.219  0.000  0.631  T  d0
  7226   2258.125  -0.002485  -0.004702  0.219  0.000  0.631  T  d0
  7227   2258.438  -0.003442  -0.003798  0.219  0.000  0.631  T  d3
  7228   2258.750  -0.002168  +0.000967  0.203  0.000  0.631  T  d3
  7229   2259.062  +0.004076  +0.002246  0.203  0.000  0.631  T  d0
  7230   2259.375  +0.002177  +0.000511  0.203  0.000  0.631  T  d0
  7231   2259.688  +0.003252  -0.000624  0.203  0.000  0.631  T  d3
  7232   2260.000  -0.002028  -0.004118  0.188  0.000  0.631  T  d3
  7233   2260.312  -0.003090  +0.003252  0.188  0.000  0.631  T  d3
  7234   2260.625  +0.003962  +0.001926  0.172  0.000  0.631  T  d3
  7235   2260.938  +0.001308  -0.004077  0.172  0.000  0.631  T  d3
  7236   2261.250  -0.002409  -0.002232  0.172  0.000  0.631  T  d3
  7237   2261.562  -0.001761  +0.005485  0.172  0.000  0.631  T  d3
  7238   2261.875  +0.004048  +0.003165  0.188  0.000  0.631  T  d3
  7239   2262.188  +0.002881  -0.001637  0.172  0.000  0.631  T  d3
  7240   2262.500  -0.003462  -0.005894  0.172  0.000  0.614  T  d3
  7241   2262.812  -0.002856  +0.002223  0.172  0.000  0.614  T  d3
  7242   2263.125  +0.002704  +0.004023  0.172  0.000  0.614  T  d2
  7243   2263.438  +0.000255  -0.004323  0.172  0.000  0.614  T  d3
  7244   2263.750  -0.005374  +0.001457  0.172  0.000  0.614  T  d0
  7245   2264.062  -0.004664  -0.000852  0.172  0.000  0.614  T  d2
  7246   2264.375  +0.003234  +0.003312  0.172  0.000  0.614  T  d3
  7247   2264.688  +0.006649  -0.001946  0.172  0.000  0.614  T  d0
  7248   2265.000  +0.003534  +0.001911  0.156  0.000  0.614  T  d1
  7249   2265.312  -0.001637  +0.001663  0.156  0.000  0.614  T  d1
  7250   2265.625  -0.004463  -0.003915  0.156  0.000  0.614  T  d3
  7251   2265.938  -0.003755  +0.002088  0.156  0.000  0.614  T  d3
  7252   2266.250  +0.001145  +0.003153  0.156  0.000  0.614  T  d3
  7253   2266.562  +0.004641  -0.004698  0.141  0.000  0.614  T  d3
  7254   2266.875  -0.001325  -0.005010  0.141  0.000  0.614  T  d3
  7255   2267.188  -0.002723  -0.000557  0.125  0.000  0.614  T  d3
  7256   2267.500  +0.000692  +0.007717  0.125  0.000  0.631  T  d3
  7257   2267.812  +0.004663  -0.000656  0.125  0.000  0.631  T  d3
  7258   2268.125  +0.002281  -0.004441  0.109  0.000  0.631  T  d2
  7259   2268.438  -0.005763  +0.002182  0.094  0.000  0.631  T  d3
  7260   2268.750  -0.000323  +0.004088  0.094  0.000  0.631  T  d2
  7261   2269.062  +0.004189  -0.004438  0.094  0.000  0.631  T  d3
  7262   2269.375  -0.002724  -0.002335  0.078  0.000  0.631  T  d3
  7263   2269.688  -0.006237  +0.002683  0.062  0.000  0.631  T  d3
  7264   2270.000  +0.003319  +0.003120  0.062  0.000  0.631  T  d3
  7265   2270.312  +0.004431  -0.001279  0.062  0.000  0.631  T  d3
  7266   2270.625  +0.002552  -0.004708  0.062  0.000  0.631  T  d3
  7267   2270.938  -0.007048  -0.000916  0.062  0.000  0.631  T  d3
  7268   2271.250  -0.002136  +0.002456  0.078  0.000  0.631  T  d3
  7269   2271.562  +0.003395  +0.003387  0.094  0.000  0.631  T  d0
  7270   2271.875  +0.001702  +0.002638  0.094  0.000  0.631  T  d3
  7271   2272.188  +0.004715  -0.001537  0.094  0.000  0.631  T  d3
  7272   2272.500  -0.004018  -0.005118  0.094  0.000  0.644  T  d3
  7273   2272.812  -0.005156  -0.000065  0.094  0.000  0.644  T  d3
  7274   2273.125  +0.000609  +0.005007  0.094  0.000  0.644  T  d3
  7275   2273.438  +0.004623  +0.002224  0.094  0.000  0.644  T  d3
  7276   2273.750  +0.002375  -0.003117  0.094  0.000  0.644  T  d3
  7277   2274.062  -0.004358  -0.005041  0.078  0.000  0.644  T  d3
  7278   2274.375  -0.001426  +0.004611  0.078  0.000  0.644  T  d3
  7279   2274.688  +0.002910  +0.003369  0.078  0.000  0.644  T  d3
  7280   2275.000  +0.005187  -0.005820  0.062  0.000  0.644  T  d3
  7281   2275.312  -0.002018  -0.000773  0.062  0.000  0.644  T  d0
  7282   2275.625  -0.005175  -0.000718  0.062  0.000  0.644  T  d3
  7283   2275.938  -0.001874  +0.001598  0.062  0.000  0.644  T  d2
  7284   2276.250  +0.004469  -0.001567  0.062  0.000  0.644  T  d2
  7285   2276.562  -0.004770  -0.001613  0.062  0.000  0.644  T  d3
  7286   2276.875  -0.001350  +0.003255  0.062  0.000  0.644  T  d3
  7287   2277.188  +0.001814  +0.003882  0.062  0.000  0.644  T  d3
  7288   2277.500  +0.006457  +0.001716  0.078  0.000  0.700  T  d3
  7289   2277.812  -0.002154  -0.004174  0.078  0.000  0.700  T  d3
  7290   2278.125  -0.004881  +0.000115  0.094  0.000  0.700  T  d2
  7291   2278.438  +0.004218  +0.003897  0.094  0.000  0.700  T  d3
  7292   2278.750  +0.003247  -0.001500  0.094  0.000  0.700  T  d3
  7293   2279.062  -0.001841  -0.007164  0.094  0.000  0.700  T  d3
  7294   2279.375  -0.004319  +0.003340  0.094  0.000  0.700  T  d3
  7295   2279.688  -0.000362  +0.003968  0.094  0.000  0.700  T  d3
  7296   2280.000  +0.005778  -0.001051  0.094  0.000  0.700  T  d3
  7297   2280.312  -0.002818  -0.003523  0.094  0.000  0.700  T  d3
  7298   2280.625  -0.006296  +0.000655  0.109  0.000  0.700  T  d2
  7299   2280.938  +0.002766  +0.000527  0.109  0.000  0.700  T  d0
  7300   2281.250  +0.005005  -0.001111  0.109  0.000  0.700  T  d0
  7301   2281.562  +0.001688  -0.002278  0.109  0.000  0.700  T  d2
  7302   2281.875  -0.003885  +0.001816  0.094  0.000  0.700  T  d3
  7303   2282.188  +0.003861  +0.005234  0.094  0.000  0.700  T  d2
  7304   2282.500  -0.001210  -0.004015  0.094  0.000  0.734  T  d3
  7305   2282.812  -0.006744  -0.001148  0.094  0.000  0.734  T  d3
  7306   2283.125  +0.000722  +0.004313  0.094  0.000  0.734  T  d3
  7307   2283.438  +0.003908  +0.001903  0.094  0.000  0.734  T  d3
  7308   2283.750  +0.004012  -0.002298  0.094  0.000  0.734  T  d3
  7309   2284.062  -0.004346  -0.005072  0.094  0.000  0.734  T  d3
  7310   2284.375  -0.002821  +0.001488  0.094  0.000  0.734  T  d3
  7311   2284.688  +0.002343  +0.004296  0.094  0.000  0.734  T  d3
  7312   2285.000  +0.005069  +0.000534  0.094  0.000  0.734  T  d3
  7313   2285.312  -0.000293  -0.004289  0.094  0.000  0.734  T  d3
  7314   2285.625  -0.006841  +0.002034  0.078  0.000  0.734  T  d3
  7315   2285.938  +0.002117  +0.001346  0.078  0.000  0.734  T  d3
  7316   2286.250  +0.002492  -0.007210  0.078  0.000  0.734  T  d3
  7317   2286.562  -0.004725  -0.000919  0.078  0.000  0.734  T  d3
  7318   2286.875  -0.003694  +0.002851  0.078  0.000  0.734  T  d2
  7319   2287.188  +0.004133  +0.000338  0.078  0.000  0.734  T  d0
  7320   2287.500  +0.004954  +0.002253  0.078  0.000  0.742  T  d1
  7321   2287.812  -0.003178  +0.002872  0.078  0.000  0.742  T  d0
  7322   2288.125  -0.000785  +0.003194  0.078  0.000  0.742  T  d3
  7323   2288.438  +0.004849  -0.000020  0.078  0.000  0.742  T  d3
  7324   2288.750  +0.002080  -0.004263  0.078  0.000  0.742  T  d3
  7325   2289.062  -0.004056  -0.001677  0.078  0.000  0.742  T  d3
  7326   2289.375  -0.005569  +0.004405  0.078  0.000  0.742  T  d2
  7327   2289.688  +0.004225  +0.000065  0.094  0.000  0.742  T  d3
  7328   2290.000  +0.000751  -0.004548  0.094  0.000  0.742  T  d3
  7329   2290.312  -0.003135  -0.002546  0.094  0.000  0.742  T  d0
  7330   2290.625  -0.003402  -0.000938  0.094  0.000  0.742  T  d2
  7331   2290.938  +0.006077  +0.001999  0.094  0.000  0.742  T  d3
  7332   2291.250  -0.000143  -0.004542  0.078  0.000  0.742  T  d3
  7333   2291.562  -0.002796  -0.000940  0.062  0.000  0.742  T  d3
  7334   2291.875  +0.000003  +0.005980  0.062  0.000  0.742  T  d3
  7335   2292.188  +0.005194  +0.004090  0.062  0.000  0.742  T  d3
  7336   2292.500  +0.003840  -0.001028  0.062  0.000  0.747  T  d2
  7337   2292.812  -0.004144  -0.001769  0.062  0.000  0.747  T  d3
  7338   2293.125  -0.002712  +0.004035  0.078  0.000  0.747  T  d3
  7339   2293.438  +0.001895  +0.003736  0.078  0.000  0.747  T  d3
  7340   2293.750  +0.002814  -0.005453  0.078  0.000  0.747  T  d3
  7341   2294.062  -0.003081  -0.004732  0.078  0.000  0.747  T  d3
  7342   2294.375  -0.003485  +0.000050  0.078  0.000  0.747  T  d3
  7343   2294.688  -0.002881  +0.003008  0.078  0.000  0.747  T  d3
  7344   2295.000  +0.002167  +0.004525  0.078  0.000  0.747  T  d3
  7345   2295.312  +0.002877  -0.002555  0.078  0.000  0.747  T  d3
  7346   2295.625  -0.000118  -0.006310  0.078  0.000  0.747  T  d3
  7347   2295.938  -0.003634  -0.003188  0.078  0.000  0.747  T  d3
  7348   2296.250  -0.002555  +0.004051  0.078  0.000  0.747  T  d3
  7349   2296.562  +0.002307  +0.004889  0.078  0.000  0.747  T  d3
  7350   2296.875  +0.004621  +0.001474  0.078  0.000  0.747  T  d3
  7351   2297.188  +0.003050  -0.001757  0.078  0.000  0.747  T  d3
  7352   2297.500  -0.001609  -0.005149  0.062  0.000  0.760  T  d3
  7353   2297.812  -0.003668  +0.001348  0.062  0.000  0.760  T  d3
  7354   2298.125  +0.002551  +0.005270  0.047  0.000  0.760  T  d3
  7355   2298.438  +0.003711  +0.000032  0.047  0.000  0.760  T  d3
  7356   2298.750  +0.002784  -0.003992  0.047  0.000  0.760  T  d3
  7357   2299.062  -0.001599  -0.002468  0.047  0.000  0.760  T  d3
  7358   2299.375  -0.004768  +0.003207  0.047  0.000  0.760  T  d0
  7359   2299.688  -0.005044  +0.002765  0.047  0.000  0.760  T  d3
  7360   2300.000  +0.002870  +0.001717  0.047  0.000  0.760  T  d3
  7361   2300.312  +0.002335  -0.005184  0.047  0.000  0.760  T  d3
  7362   2300.625  -0.002869  -0.004841  0.031  0.000  0.760  T  d3
  7363   2300.938  -0.003181  +0.002566  0.031  0.000  0.760  T  d3
  7364   2301.250  -0.000064  +0.005412  0.031  0.000  0.760  T  d3
  7365   2301.562  +0.004814  -0.003079  0.031  0.000  0.760  T  d3
  7366   2301.875  -0.001828  -0.003414  0.031  0.000  0.760  T  d3
  7367   2302.188  -0.003348  +0.006489  0.047  0.000  0.760  T  d3
  7368   2302.500  +0.002186  +0.001554  0.047  0.000  0.794  T  d3
  7369   2302.812  +0.003567  -0.003115  0.047  0.000  0.794  T  d0
  7370   2303.125  +0.002476  -0.002436  0.047  0.000  0.794  T  d2
  7371   2303.438  -0.003541  +0.000955  0.047  0.000  0.794  T  d3
  7372   2303.750  +0.005010  +0.005079  0.047  0.000  0.794  T  d3
  7373   2304.062  +0.001360  -0.003948  0.047  0.000  0.794  T  d3
  7374   2304.375  -0.002588  -0.003987  0.047  0.000  0.794  T  d3
  7375   2304.688  -0.003100  +0.005640  0.047  0.000  0.794  T  d3
  7376   2305.000  +0.002828  +0.002521  0.047  0.000  0.794  T  d3
  7377   2305.312  +0.000665  -0.005545  0.047  0.000  0.794  T  d3
  7378   2305.625  -0.002975  -0.002208  0.047  0.000  0.794  T  d3
  7379   2305.938  -0.004433  +0.000908  0.047  0.000  0.794  T  d3
  7380   2306.250  +0.000767  +0.004918  0.047  0.000  0.794  T  d3
  7381   2306.562  +0.002978  -0.003516  0.047  0.000  0.794  T  d3
  7382   2306.875  -0.004323  -0.002036  0.047  0.000  0.794  T  d3
  7383   2307.188  -0.002391  +0.002515  0.062  0.000  0.794  T  d3
  7384   2307.500  +0.002996  +0.002284  0.062  0.000  0.803  T  d3
  7385   2307.812  +0.007581  -0.004455  0.062  0.000  0.803  T  d3
  7386   2308.125  -0.002839  -0.002295  0.062  0.000  0.803  T  d3
  7387   2308.438  -0.001873  +0.002966  0.062  0.000  0.803  T  d3
  7388   2308.750  +0.003072  +0.003751  0.062  0.000  0.803  T  d3
  7389   2309.062  +0.002604  -0.003599  0.062  0.000  0.803  T  d3
  7390   2309.375  -0.004684  +0.000664  0.078  0.000  0.803  T  d3
  7391   2309.688  -0.000532  +0.004854  0.062  0.000  0.803  T  d3
  7392   2310.000  +0.002849  +0.002889  0.062  0.000  0.803  T  d3
  7393   2310.312  +0.002150  -0.006227  0.062  0.000  0.803  T  d3
  7394   2310.625  -0.003303  -0.002228  0.062  0.000  0.803  T  d3
  7395   2310.938  -0.005111  +0.004652  0.062  0.000  0.803  T  d3
  7396   2311.250  +0.003904  +0.002807  0.062  0.000  0.803  T  d3
  7397   2311.562  +0.002674  -0.002462  0.062  0.000  0.803  T  d3
  7398   2311.875  -0.005353  -0.002434  0.062  0.000  0.803  T  d0
  7399   2312.188  -0.002435  -0.004058  0.062  0.000  0.803  T  d1
  7400   2312.500  +0.001750  +0.000362  0.062  0.000  0.764  T  d3
  7401   2312.812  +0.003313  -0.002901  0.062  0.000  0.764  T  d3
  7402   2313.125  -0.002994  -0.002211  0.047  0.000  0.764  T  d3
  7403   2313.438  -0.000787  +0.007059  0.047  0.000  0.764  T  d3
  7404   2313.750  +0.003003  +0.003227  0.047  0.000  0.764  T  d3
  7405   2314.062  +0.004497  -0.000249  0.047  0.000  0.764  T  d3
  7406   2314.375  +0.000679  -0.005157  0.047  0.000  0.764  T  d3
  7407   2314.688  -0.003637  +0.002371  0.047  0.000  0.764  T  d3
  7408   2315.000  +0.005766  +0.002042  0.047  0.000  0.764  T  d3
  7409   2315.312  -0.001445  -0.003306  0.047  0.000  0.764  T  d3
  7410   2315.625  -0.005922  +0.001222  0.047  0.000  0.764  T  d3
  7411   2315.938  -0.002160  +0.005234  0.047  0.000  0.764  T  d3
  7412   2316.250  +0.002908  +0.001142  0.047  0.000  0.764  T  d3
  7413   2316.562  +0.003510  -0.005620  0.047  0.000  0.764  T  d3
  7414   2316.875  -0.005188  -0.001033  0.047  0.000  0.764  T  d0
  7415   2317.188  -0.003880  +0.002309  0.047  0.000  0.764  T  d3
  7416   2317.500  +0.005494  +0.003053  0.062  0.000  0.742  T  d3
  7417   2317.812  +0.001125  -0.003811  0.078  0.000  0.742  T  d3
  7418   2318.125  -0.003117  -0.005100  0.078  0.000  0.742  T  d3
  7419   2318.438  -0.003530  +0.005631  0.078  0.000  0.742  T  d3
  7420   2318.750  +0.001562  +0.000930  0.078  0.000  0.742  T  d3
  7421   2319.062  +0.004553  -0.002357  0.078  0.000  0.742  T  d0
  7422   2319.375  +0.003756  -0.002607  0.078  0.000  0.742  T  d3
  7423   2319.688  -0.003201  -0.001094  0.078  0.000  0.742  T  d2
  7424   2320.000  +0.004226  +0.004843  0.078  0.000  0.742  T  d3
  7425   2320.312  +0.000920  -0.003585  0.078  0.000  0.742  T  d3
  7426   2320.625  -0.006061  -0.001562  0.078  0.000  0.742  T  d3
  7427   2320.938  -0.003788  +0.002713  0.078  0.000  0.742  T  d3
  7428   2321.250  -0.000113  +0.004242  0.078  0.000  0.742  T  d3
  7429   2321.562  +0.004509  +0.002775  0.078  0.000  0.742  T  d3
  7430   2321.875  +0.004972  -0.001749  0.078  0.000  0.742  T  d3
  7431   2322.188  -0.002965  -0.004974  0.062  0.000  0.742  T  d3
  7432   2322.500  -0.004733  -0.000916  0.062  0.000  0.717  T  d3
  7433   2322.812  -0.003662  +0.003484  0.062  0.000  0.717  T  d3
  7434   2323.125  +0.001289  +0.004287  0.078  0.000  0.717  T  d3
  7435   2323.438  +0.005191  -0.002557  0.078  0.000  0.717  T  d3
  7436   2323.750  +0.001480  -0.006153  0.078  0.000  0.717  T  d3
  7437   2324.062  -0.002353  -0.002613  0.078  0.000  0.717  T  d3
  7438   2324.375  -0.002665  +0.004391  0.094  0.000  0.717  T  d3
  7439   2324.688  +0.001740  +0.005607  0.094  0.000  0.717  T  d3
  7440   2325.000  +0.004407  -0.000121  0.094  0.000  0.717  T  d3
  7441   2325.312  +0.000432  -0.005252  0.094  0.000  0.717  T  d3
  7442   2325.625  -0.002569  -0.002614  0.094  0.000  0.717  T  d3
  7443   2325.938  -0.005199  +0.001430  0.094  0.000  0.717  T  d3
  7444   2326.250  +0.000990  +0.003731  0.094  0.000  0.717  T  d3
  7445   2326.562  +0.005310  +0.001332  0.094  0.000  0.717  T  d3
  7446   2326.875  +0.003873  -0.003603  0.094  0.000  0.717  T  d3
  7447   2327.188  -0.002976  -0.001156  0.078  0.000  0.717  T  d0
  7448   2327.500  -0.005895  +0.000150  0.078  0.000  0.674  T  d0
  7449   2327.812  -0.004010  +0.001601  0.078  0.000  0.674  T  d2
  7450   2328.125  +0.005579  +0.000958  0.094  0.000  0.674  T  d3
  7451   2328.438  -0.000086  -0.004180  0.094  0.000  0.674  T  d2
  7452   2328.750  -0.001717  +0.004654  0.094  0.000  0.674  T  d3
  7453   2329.062  +0.004021  -0.001226  0.094  0.000  0.674  T  d1
  7454   2329.375  +0.001187  +0.004861  0.078  0.000  0.674  T  d2
  7455   2329.688  +0.000427  -0.005236  0.094  0.000  0.674  T  d3
  7456   2330.000  -0.004871  +0.001487  0.094  0.000  0.674  T  d3
  7457   2330.312  +0.002712  +0.003120  0.094  0.000  0.674  T  d3
  7458   2330.625  +0.002186  -0.001892  0.094  0.000  0.674  T  d3
  7459   2330.938  -0.002783  -0.003815  0.094  0.000  0.674  T  d3
  7460   2331.250  -0.002878  +0.004544  0.094  0.000  0.674  T  d3
  7461   2331.562  +0.005007  -0.000508  0.094  0.000  0.674  T  d3
  7462   2331.875  +0.000513  -0.003837  0.094  0.000  0.674  T  d3
  7463   2332.188  -0.003366  -0.003746  0.094  0.000  0.674  T  d3
  7464   2332.500  -0.005873  +0.001415  0.109  0.000  0.661  T  d3
  7465   2332.812  +0.002352  +0.001674  0.109  0.000  0.661  T  d0
  7466   2333.125  +0.005830  -0.000405  0.125  0.000  0.661  T  d3
  7467   2333.438  +0.001638  -0.002603  0.125  0.000  0.661  T  d2
  7468   2333.750  -0.003270  +0.001107  0.141  0.000  0.661  T  d3
  7469   2334.062  +0.001040  +0.005556  0.141  0.000  0.661  T  d0
  7470   2334.375  +0.001279  +0.002330  0.156  0.000  0.661  T  d2
  7471   2334.688  -0.000301  -0.003222  0.172  0.000  0.661  T  d3
  7472   2335.000  -0.006548  +0.003059  0.172  0.000  0.661  T  d3
  7473   2335.312  +0.002259  +0.001680  0.172  0.000  0.661  T  d3
  7474   2335.625  +0.004189  -0.003385  0.172  0.000  0.661  T  d3
  7475   2335.938  -0.000135  -0.002141  0.172  0.000  0.661  T  d3
  7476   2336.250  -0.000677  +0.000116  0.172  0.000  0.661  T  d1
  7477   2336.562  +0.000850  -0.005385  0.188  0.000  0.661  T  d2
  7478   2336.875  -0.003169  +0.002599  0.203  0.000  0.661  T  d3
  7479   2337.188  +0.006269  +0.002521  0.203  0.000  0.661  T  d1
  7480   2337.500  -0.004938  +0.003204  0.203  0.000  0.644  T  d1
  7481   2337.812  -0.003054  -0.003366  0.188  0.000  0.644  T  d0
  7482   2338.125  -0.003770  -0.001961  0.203  0.000  0.644  T  d2
  7483   2338.438  +0.001890  +0.005874  0.203  0.000  0.644  T  d3
  7484   2338.750  +0.003838  +0.001270  0.203  0.000  0.644  T  d3
  7485   2339.062  +0.003829  -0.003109  0.203  0.000  0.644  T  d3
  7486   2339.375  -0.001335  -0.004799  0.203  0.000  0.644  T  d0
  7487   2339.688  -0.000836  -0.001349  0.203  0.000  0.644  T  d2
  7488   2340.000  +0.000633  +0.006474  0.203  0.000  0.644  T  d2
  7489   2340.312  -0.002258  -0.003136  0.203  0.000  0.644  T  d1
  7490   2340.625  +0.002417  -0.002091  0.219  0.000  0.644  T  d1
  7491   2340.938  +0.002642  +0.000531  0.219  0.000  0.644  T  d2
  7492   2341.250  -0.004811  -0.001469  0.219  0.000  0.644  T  d3
  7493   2341.562  -0.001910  +0.006597  0.219  0.000  0.644  T  d2
  7494   2341.875  +0.004156  -0.002937  0.234  0.009  0.644  T  d1
  7495   2342.188  -0.000348  +0.003295  0.234  0.009  0.644  T  d0
  7496   2342.500  +0.000999  +0.004313  0.234  0.009  0.605  T  d2
  7497   2342.812  -0.002803  -0.004754  0.250  0.009  0.605  T  d0
  7498   2343.125  -0.005251  -0.005176  0.234  0.009  0.605  T  d2
  7499   2343.438  +0.000031  +0.000322  0.234  0.009  0.605  T  d0
  7500   2343.750  +0.001929  +0.004206  0.234  0.009  0.605  T  d3
  7501   2344.062  +0.003085  -0.001877  0.234  0.009  0.605  T  d0
  7502   2344.375  +0.002778  -0.002104  0.219  0.009  0.605  T  d0
  7503   2344.688  +0.002023  -0.003676  0.219  0.009  0.605  T  d3
  7504   2345.000  -0.000474  -0.000381  0.234  0.009  0.605  T  d3
  7505   2345.312  -0.001105  +0.006984  0.234  0.009  0.605  T  d3
  7506   2345.625  +0.003259  +0.001829  0.250  0.018  0.605  T  d2
  7507   2345.938  -0.002483  -0.000370  0.250  0.018  0.605  T  d3
  7508   2346.250  -0.003471  +0.003356  0.250  0.018  0.605  T  d0
  7509   2346.562  -0.004866  +0.000160  0.250  0.018  0.605  T  d0
  7510   2346.875  -0.002240  -0.001528  0.250  0.018  0.605  T  d1
  7511   2347.188  +0.002278  -0.001719  0.250  0.018  0.605  T  d0
  7512   2347.500  +0.006029  -0.000431  0.250  0.018  0.584  T  d3
  7513   2347.812  +0.000585  -0.004969  0.250  0.018  0.584  T  d0
  7514   2348.125  +0.000741  -0.004741  0.234  0.018  0.584  T  d2
  7515   2348.438  +0.000754  +0.002476  0.250  0.018  0.584  T  d1
  7516   2348.750  -0.002209  +0.002470  0.250  0.018  0.584  T  d1
  7517   2349.062  -0.003919  -0.003322  0.250  0.018  0.584  T  d2
  7518   2349.375  +0.000750  +0.007151  0.266  0.051  0.584  T  d2
  7519   2349.688  +0.002141  -0.003543  0.266  0.051  0.584  T  d3
  7520   2350.000  -0.001653  +0.000037  0.281  0.051  0.584  T  d3
  7521   2350.312  +0.002419  +0.004694  0.281  0.051  0.584  T  d0
  7522   2350.625  +0.000439  +0.002635  0.281  0.051  0.584  T  d3
  7523   2350.938  +0.005738  +0.000203  0.297  0.051  0.584  T  d3
  7524   2351.250  -0.002768  -0.005009  0.312  0.051  0.584  T  d3
  7525   2351.562  -0.005895  +0.001990  0.328  0.051  0.584  T  d0
  7526   2351.875  -0.002200  -0.000096  0.344  0.051  0.584  T  d1
  7527   2352.188  -0.000193  -0.000965  0.344  0.051  0.584  T  d1
  7528   2352.500  +0.004341  -0.000661  0.344  0.051  0.562  T  d0
  7529   2352.812  +0.003487  -0.002022  0.344  0.051  0.562  T  d2
  7530   2353.125  -0.003433  +0.004770  0.328  0.039  0.562  T  d1
  7531   2353.438  -0.005498  -0.005090  0.328  0.039  0.562  T  d1
  7532   2353.750  +0.000676  -0.003344  0.312  0.039  0.562  T  d1
  7533   2354.062  +0.005400  -0.000490  0.312  0.039  0.562  T  d2
  7534   2354.375  -0.003168  +0.003639  0.297  0.039  0.562  T  d2
  7535   2354.688  +0.001867  -0.000168  0.281  0.039  0.562  T  d0
  7536   2355.000  +0.004769  -0.002397  0.281  0.039  0.562  T  d2
  7537   2355.312  -0.002307  +0.004565  0.281  0.039  0.562  T  d0
  7538   2355.625  -0.001218  +0.004463  0.281  0.039  0.562  T  d3
  7539   2355.938  +0.003731  -0.001551  0.281  0.039  0.562  T  d1
  7540   2356.250  +0.002307  +0.004496  0.281  0.039  0.562  T  d2
  7541   2356.562  -0.000439  -0.005308  0.266  0.039  0.562  T  d3
  7542   2356.875  -0.006335  +0.000850  0.250  0.034  0.562  T  d1
  7543   2357.188  -0.002007  -0.002028  0.250  0.034  0.562  T  d3
  7544   2357.500  -0.002959  +0.000527  0.234  0.034  0.532  T  d2
  7545   2357.812  +0.002904  +0.000859  0.234  0.034  0.532  T  d2
  7546   2358.125  -0.003602  -0.004593  0.219  0.034  0.532  T  d0
  7547   2358.438  -0.002135  -0.004318  0.234  0.034  0.532  T  d2
  7548   2358.750  -0.000771  +0.003784  0.234  0.034  0.532  T  d3
  7549   2359.062  +0.005469  +0.001846  0.250  0.034  0.532  T  d0
  7550   2359.375  +0.003972  -0.001258  0.266  0.034  0.532  T  d0
  7551   2359.688  +0.003830  -0.001513  0.281  0.034  0.532  T  d0
  7552   2360.000  +0.002235  -0.002093  0.297  0.034  0.532  T  d1
  7553   2360.312  +0.002340  +0.003605  0.297  0.034  0.532  T  d1
  7554   2360.625  -0.002537  +0.004658  0.281  0.040  0.532  T  d0
  7555   2360.938  -0.002015  +0.002368  0.281  0.040  0.532  T  d0
  7556   2361.250  -0.004055  +0.002701  0.281  0.040  0.532  T  d0
  7557   2361.562  -0.002913  -0.000268  0.281  0.040  0.532  T  d0
  7558   2361.875  -0.004358  -0.000807  0.266  0.040  0.532  T  d1
  7559   2362.188  +0.001619  -0.004318  0.266  0.040  0.532  T  d0
  7560   2362.500  +0.003113  -0.004613  0.266  0.040  0.524  T  d3
  7561   2362.812  -0.003070  +0.000523  0.250  0.040  0.524  T  d3
  7562   2363.125  +0.004028  +0.003546  0.250  0.040  0.524  T  d3
  7563   2363.438  +0.004518  -0.002435  0.250  0.040  0.524  T  d3
  7564   2363.750  -0.005871  -0.003443  0.250  0.040  0.524  T  d1
  7565   2364.062  +0.002099  -0.003826  0.250  0.040  0.524  T  d1
  7566   2364.375  +0.004515  +0.001646  0.266  0.010  0.524  T  d1
  7567   2364.688  -0.004481  +0.005066  0.266  0.010  0.524  T  d3
  7568   2365.000  +0.002714  +0.002286  0.250  0.010  0.524  T  d3
  7569   2365.312  +0.001710  -0.001954  0.250  0.010  0.524  T  d2
  7570   2365.625  -0.004059  +0.002450  0.234  0.010  0.524  T  d3
  7571   2365.938  +0.001931  +0.002074  0.250  0.010  0.524  T  d1
  7572   2366.250  -0.002136  +0.004172  0.250  0.010  0.524  T  d2
  7573   2366.562  +0.000841  -0.002786  0.250  0.010  0.524  T  d3
  7574   2366.875  -0.004685  -0.004073  0.266  0.010  0.524  T  d2
  7575   2367.188  +0.003963  +0.002628  0.266  0.010  0.524  T  d1
  7576   2367.500  -0.002950  +0.000713  0.281  0.010  0.541  T  d2
  7577   2367.812  +0.003146  -0.001869  0.281  0.010  0.541  T  d3
  7578   2368.125  -0.004448  -0.003469  0.297  0.000  0.541  T  d0
  7579   2368.438  -0.004285  -0.003534  0.297  0.000  0.541  T  d1
  7580   2368.750  +0.004018  -0.002401  0.297  0.000  0.541  T  d0
  7581   2369.062  +0.004557  +0.000338  0.297  0.000  0.541  T  d0
  7582   2369.375  +0.003255  +0.003197  0.281  0.000  0.541  T  d0
  7583   2369.688  +0.002875  +0.003351  0.281  0.000  0.541  T  d0
  7584   2370.000  +0.003153  +0.000905  0.266  0.000  0.541  T  d1
  7585   2370.312  -0.002642  +0.005876  0.266  0.000  0.541  T  d1
  7586   2370.625  -0.003236  -0.005011  0.281  0.000  0.541  T  d3
  7587   2370.938  -0.004210  +0.000326  0.266  0.000  0.541  T  d2
  7588   2371.250  +0.004103  +0.001369  0.250  0.000  0.541  T  d2
  7589   2371.562  -0.004995  -0.003639  0.234  0.000  0.541  T  d3
  7590   2371.875  -0.003621  +0.002931  0.219  0.000  0.541  T  d1
  7591   2372.188  -0.002581  -0.003453  0.234  0.000  0.541  T  d1
  7592   2372.500  +0.005205  -0.000674  0.219  0.000  0.545  T  d2
  7593   2372.812  -0.001074  +0.000048  0.234  0.000  0.545  T  d3
  7594   2373.125  +0.001132  +0.002726  0.234  0.000  0.545  T  d1
  7595   2373.438  -0.000894  -0.000192  0.250  0.000  0.545  T  d3
  7596   2373.750  +0.001829  +0.003695  0.250  0.000  0.545  T  d3
  7597   2374.062  +0.004261  -0.004750  0.266  0.000  0.545  T  d0
  7598   2374.375  +0.002599  -0.001380  0.266  0.000  0.545  T  d2
  7599   2374.688  -0.005235  -0.000679  0.266  0.000  0.545  T  d3
  7600   2375.000  -0.001162  +0.004793  0.281  0.000  0.545  T  d3
  7601   2375.312  +0.006725  -0.003340  0.281  0.000  0.545  T  d3
  7602   2375.625  -0.002294  -0.001746  0.281  0.000  0.545  T  d0
  7603   2375.938  -0.001402  -0.001834  0.297  0.000  0.545  T  d2
  7604   2376.250  +0.001346  +0.004101  0.297  0.000  0.545  T  d1
  7605   2376.562  -0.004134  -0.001023  0.297  0.000  0.545  T  d0
  7606   2376.875  -0.000981  -0.000964  0.297  0.000  0.545  T  d3
  7607   2377.188  -0.001597  +0.006241  0.297  0.000  0.545  T  d0
  7608   2377.500  +0.000746  +0.003818  0.297  0.000  0.528  T  d2
  7609   2377.812  +0.001503  -0.003812  0.297  0.000  0.528  T  d0
  7610   2378.125  -0.001510  -0.007034  0.297  0.000  0.528  T  d0
  7611   2378.438  +0.002720  -0.004496  0.297  0.000  0.528  T  d1
  7612   2378.750  +0.003081  +0.002808  0.297  0.000  0.528  T  d1
  7613   2379.062  -0.004194  +0.003347  0.297  0.000  0.528  T  d3
  7614   2379.375  +0.002373  +0.001286  0.281  0.000  0.528  T  d0
  7615   2379.688  +0.004570  +0.002935  0.266  0.000  0.528  T  d3
  7616   2380.000  +0.000655  -0.000649  0.250  0.000  0.528  T  d2
  7617   2380.312  -0.007615  +0.000605  0.250  0.000  0.528  T  d0
  7618   2380.625  -0.004635  +0.001312  0.266  0.000  0.528  T  d1
  7619   2380.938  +0.001357  -0.003370  0.281  0.000  0.528  T  d1
  7620   2381.250  +0.003351  +0.001354  0.281  0.000  0.528  T  d2
  7621   2381.562  -0.001872  -0.003760  0.297  0.000  0.528  T  d2
  7622   2381.875  +0.000616  +0.001399  0.312  0.000  0.528  T  d0
  7623   2382.188  +0.003239  +0.003848  0.328  0.000  0.528  T  d2
  7624   2382.500  -0.002744  -0.001726  0.328  0.000  0.519  T  d0
  7625   2382.812  -0.000399  -0.000676  0.328  0.000  0.519  T  d1
  7626   2383.125  +0.003699  -0.001182  0.328  0.022  0.519  T  d0
  7627   2383.438  +0.001279  -0.000944  0.328  0.022  0.519  T  d3
  7628   2383.750  -0.000173  -0.002780  0.328  0.022  0.519  T  d0
  7629   2384.062  +0.000385  -0.000706  0.328  0.022  0.519  T  d3
  7630   2384.375  -0.000918  -0.000722  0.328  0.022  0.519  T  d3
  7631   2384.688  -0.000508  +0.000487  0.328  0.022  0.519  T  d0
  7632   2385.000  -0.001568  +0.002863  0.328  0.022  0.519  T  d1
  7633   2385.312  -0.000997  -0.001943  0.328  0.022  0.519  T  d2
  7634   2385.625  +0.000158  +0.001793  0.344  0.022  0.519  T  d0
  7635   2385.938  -0.000176  +0.002153  0.328  0.022  0.519  T  d1
  7636   2386.250  -0.000908  -0.000660  0.344  0.022  0.519  T  d2
  7637   2386.562  +0.000992  +0.003280  0.344  0.022  0.519  T  d3
  7638   2386.875  +0.006129  +0.003227  0.328  0.008  0.519  T  d1
  7639   2387.188  -0.000596  +0.001507  0.328  0.008  0.519  T  d1
  7640   2387.500  -0.002678  -0.001774  0.312  0.008  0.545  T  d3
  7641   2387.812  -0.001453  +0.001553  0.312  0.008  0.545  T  d1
  7642   2388.125  -0.000265  -0.001700  0.297  0.008  0.545  T  d0
  7643   2388.438  -0.000410  -0.005918  0.281  0.008  0.545  T  d3
  7644   2388.750  -0.004236  +0.000037  0.281  0.008  0.545  T  d0
  7645   2389.062  -0.004527  -0.004406  0.281  0.008  0.545  T  d1
  7646   2389.375  +0.000860  -0.000673  0.281  0.008  0.545  T  d1
  7647   2389.688  +0.003579  +0.004559  0.266  0.008  0.545  T  d3
  7648   2390.000  +0.003182  -0.001004  0.266  0.008  0.545  T  d3
  7649   2390.312  +0.001813  -0.003784  0.266  0.008  0.545  T  d0
  7650   2390.625  +0.002484  -0.001537  0.250  0.002  0.545  T  d0
  7651   2390.938  +0.004295  +0.000871  0.250  0.002  0.545  T  d1
  7652   2391.250  -0.000201  +0.002291  0.250  0.002  0.545  T  d0
  7653   2391.562  -0.002825  +0.005314  0.250  0.002  0.545  T  d0
  7654   2391.875  -0.004223  +0.002109  0.250  0.002  0.545  T  d0
  7655   2392.188  -0.001389  +0.002753  0.234  0.002  0.545  T  d2
  7656   2392.500  +0.003457  -0.005362  0.234  0.002  0.558  T  d3
  7657   2392.812  -0.005400  -0.000482  0.219  0.002  0.558  T  d2
  7658   2393.125  +0.003377  +0.003016  0.219  0.002  0.558  T  d3
  7659   2393.438  +0.003752  -0.002609  0.219  0.002  0.558  T  d2
  7660   2393.750  -0.000291  +0.001503  0.219  0.002  0.558  T  d1
  7661   2394.062  -0.002916  -0.002385  0.203  0.002  0.558  T  d0
  7662   2394.375  -0.001714  -0.004086  0.219  0.020  0.558  T  d3
  7663   2394.688  -0.004980  +0.005823  0.219  0.020  0.558  T  d2
  7664   2395.000  +0.002475  -0.003144  0.203  0.020  0.558  T  d1
  7665   2395.312  +0.002618  +0.003774  0.203  0.020  0.558  T  d0
  7666   2395.625  +0.003023  +0.002586  0.203  0.020  0.558  T  d2
  7667   2395.938  -0.003438  -0.003312  0.188  0.020  0.558  T  d0
  7668   2396.250  -0.003688  -0.002872  0.188  0.020  0.558  T  d1
  7669   2396.562  +0.002032  -0.002162  0.188  0.020  0.558  T  d1
  7670   2396.875  +0.006191  +0.004033  0.188  0.020  0.558  T  d3
  7671   2397.188  +0.000903  -0.004190  0.188  0.020  0.558  T  d3
  7672   2397.500  -0.004683  -0.002608  0.188  0.020  0.549  T  d2
  7673   2397.812  +0.002823  +0.004586  0.188  0.020  0.549  T  d3
  7674   2398.125  +0.000201  -0.000062  0.188  0.005  0.549  T  d2
  7675   2398.438  -0.004384  -0.001572  0.172  0.005  0.549  T  d3
  7676   2398.750  +0.002988  +0.006945  0.172  0.005  0.549  T  d3
  7677   2399.062  +0.002279  -0.003821  0.156  0.005  0.549  T  d2
  7678   2399.375  -0.001265  +0.002344  0.172  0.005  0.549  T  d3
  7679   2399.688  +0.002186  +0.001029  0.172  0.005  0.549  T  d2
  7680   2400.000  -0.003850  -0.004337  0.172  0.005  0.549  T  d3
  7681   2400.312  -0.001199  +0.002514  0.172  0.005  0.549  T  d1
  7682   2400.625  -0.004667  -0.000447  0.156  0.005  0.549  T  d2
  7683   2400.938  +0.003691  -0.000053  0.141  0.005  0.549  T  d2
  7684   2401.250  -0.002879  -0.000716  0.141  0.005  0.549  T  d2
  7685   2401.562  +0.005007  +0.001342  0.125  0.005  0.549  T  d3
  7686   2401.875  +0.000847  -0.004661  0.109  0.004  0.549  T  d3
  7687   2402.188  -0.003444  +0.002321  0.094  0.004  0.549  T  d1
  7688   2402.500  -0.000963  -0.002897  0.094  0.004  0.532  T  d2
  7689   2402.812  +0.001045  +0.005665  0.109  0.004  0.532  T  d3
  7690   2403.125  +0.006385  -0.001523  0.109  0.004  0.532  T  d0
  7691   2403.438  +0.001628  -0.001614  0.125  0.004  0.532  T  d3
  7692   2403.750  -0.001684  -0.001795  0.125  0.004  0.532  T  d3
  7693   2404.062  -0.003260  +0.004825  0.125  0.004  0.532  T  d0
  7694   2404.375  +0.000113  +0.000644  0.125  0.004  0.532  T  d1
  7695   2404.688  -0.001677  +0.000757  0.125  0.004  0.532  T  d2
  7696   2405.000  +0.002337  -0.001890  0.125  0.004  0.532  T  d3
  7697   2405.312  -0.002007  -0.000743  0.125  0.004  0.532  T  d1
  7698   2405.625  +0.001485  -0.003987  0.109  0.000  0.532  T  d3
  7699   2405.938  -0.000160  -0.000038  0.109  0.000  0.532  T  d3
  7700   2406.250  -0.000510  +0.004205  0.094  0.000  0.532  T  d1
  7701   2406.562  -0.002453  -0.000888  0.094  0.000  0.532  T  d3
  7702   2406.875  -0.004570  +0.003119  0.094  0.000  0.532  T  d2
  7703   2407.188  +0.002800  -0.005312  0.094  0.000  0.532  T  d1
  7704   2407.500  +0.001588  +0.000719  0.109  0.000  0.549  T  d3
  7705   2407.812  +0.002627  -0.001292  0.109  0.000  0.549  T  d3
  7706   2408.125  +0.000787  -0.003699  0.125  0.000  0.549  T  d2
  7707   2408.438  -0.000936  +0.003536  0.141  0.000  0.549  T  d3
  7708   2408.750  +0.005258  +0.003674  0.141  0.000  0.549  T  d1
  7709   2409.062  -0.005755  +0.001394  0.156  0.000  0.549  T  d0
  7710   2409.375  -0.004351  +0.000679  0.172  0.000  0.549  T  d3
  7711   2409.688  +0.003808  +0.004594  0.172  0.000  0.549  T  d3
  7712   2410.000  +0.002746  -0.002054  0.172  0.000  0.549  T  d3
  7713   2410.312  -0.003639  -0.005033  0.172  0.000  0.549  T  d2
  7714   2410.625  +0.000196  +0.002830  0.172  0.000  0.549  T  d3
  7715   2410.938  +0.004964  -0.002674  0.172  0.000  0.549  T  d3
  7716   2411.250  +0.000215  -0.005977  0.188  0.000  0.549  T  d3
  7717   2411.562  -0.001459  -0.000320  0.188  0.000  0.549  T  d3
  7718   2411.875  -0.001081  +0.002891  0.203  0.000  0.549  T  d1
  7719   2412.188  -0.002002  -0.000736  0.203  0.000  0.549  T  d2
  7720   2412.500  +0.004373  +0.006528  0.203  0.000  0.536  T  d0
  7721   2412.812  -0.000209  +0.001201  0.203  0.000  0.536  T  d1
  7722   2413.125  -0.003712  -0.004006  0.219  0.000  0.536  T  d0
  7723   2413.438  -0.000751  -0.004415  0.203  0.000  0.536  T  d3
  7724   2413.750  -0.003177  +0.001023  0.203  0.000  0.536  T  d3
  7725   2414.062  -0.000083  +0.002833  0.203  0.000  0.536  T  d0
  7726   2414.375  -0.002074  +0.005000  0.188  0.000  0.536  T  d2
  7727   2414.688  +0.003937  -0.002105  0.188  0.000  0.536  T  d3
  7728   2415.000  -0.001420  -0.000749  0.188  0.000  0.536  T  d3
  7729   2415.312  -0.001299  +0.001841  0.188  0.000  0.536  T  d2
  7730   2415.625  +0.003545  -0.005975  0.188  0.000  0.536  T  d1
  7731   2415.938  +0.004156  -0.001011  0.188  0.000  0.536  T  d1
  7732   2416.250  +0.001391  +0.002993  0.188  0.000  0.536  T  d3
  7733   2416.562  +0.003897  -0.003608  0.188  0.000  0.536  T  d2
  7734   2416.875  -0.002482  +0.002273  0.188  0.000  0.536  T  d3
  7735   2417.188  +0.000286  +0.005739  0.188  0.000  0.536  T  d0
  7736   2417.500  -0.001116  +0.003128  0.188  0.000  0.541  T  d1
  7737   2417.812  -0.004870  -0.004262  0.188  0.000  0.541  T  d0
  7738   2418.125  -0.001663  -0.003710  0.188  0.000  0.541  T  d0
  7739   2418.438  -0.002233  -0.006022  0.188  0.000  0.541  T  d2
  7740   2418.750  +0.000626  +0.004401  0.188  0.000  0.541  T  d0
  7741   2419.062  +0.001246  +0.001048  0.188  0.000  0.541  T  d0
  7742   2419.375  +0.000661  +0.000152  0.172  0.000  0.541  T  d2
  7743   2419.688  -0.003603  +0.002128  0.172  0.000  0.541  T  d3
  7744   2420.000  +0.003188  +0.003184  0.172  0.000  0.541  T  d3
  7745   2420.312  +0.004402  -0.005365  0.172  0.000  0.541  T  d2
  7746   2420.625  -0.002839  +0.002860  0.172  0.113  0.541  T  d2
  7747   2420.938  +0.004368  -0.001194  0.172  0.113  0.541  T  d0
  7748   2421.250  +0.000978  +0.000213  0.188  0.113  0.541  T  d2
  7749   2421.562  -0.003289  -0.000283  0.188  0.113  0.541  T  d0
  7750   2421.875  -0.003494  -0.000345  0.188  0.113  0.541  T  d1
  7751   2422.188  +0.002011  -0.003883  0.203  0.113  0.541  T  d1
  7752   2422.500  +0.004361  +0.004874  0.203  0.113  0.541  T  d1
  7753   2422.812  -0.003317  +0.002762  0.203  0.113  0.541  T  d0
  7754   2423.125  -0.006343  +0.001012  0.203  0.113  0.541  T  d1
  7755   2423.438  +0.002310  -0.004864  0.188  0.113  0.541  T  d1
  7756   2423.750  +0.003208  +0.002625  0.203  0.113  0.541  T  d3
  7757   2424.062  +0.003663  -0.002259  0.219  0.113  0.541  T  d3
  7758   2424.375  -0.003759  -0.005066  0.203  0.240  0.541  P  d2
  7759   2424.688  +0.001359  +0.003204  0.219  0.240  0.541  P  d2
  7760   2425.000  -0.001330  -0.004074  0.219  0.240  0.541  P  d3
  7761   2425.312  -0.006223  +0.002785  0.219  0.240  0.541  P  d3
  7762   2425.625  +0.003049  +0.001234  0.219  0.240  0.541  P  d1
  7763   2425.938  -0.001524  +0.003374  0.219  0.240  0.541  P  d3
  7764   2426.250  +0.003251  -0.001161  0.234  0.240  0.541  P  d1
  7765   2426.562  +0.002407  +0.002885  0.234  0.240  0.541  P  d3
  7766   2426.875  +0.000390  -0.002686  0.250  0.240  0.541  P  d2
  7767   2427.188  -0.000168  +0.001263  0.250  0.240  0.541  P  d3
  7768   2427.500  +0.004368  +0.000029  0.250  0.240  0.464  P  d2
  7769   2427.812  -0.001632  -0.000699  0.250  0.240  0.464  P  d1
  7770   2428.125  -0.001269  -0.006082  0.250  0.321  0.464  P  d3
  7771   2428.438  -0.004107  +0.002217  0.234  0.321  0.464  P  d2
  7772   2428.750  +0.004020  -0.000420  0.234  0.321  0.464  P  d2
  7773   2429.062  -0.001531  +0.000974  0.219  0.321  0.464  P  d3
  7774   2429.375  +0.003644  +0.005240  0.203  0.321  0.464  P  d1
  7775   2429.688  -0.004150  +0.003192  0.219  0.321  0.464  P  d1
  7776   2430.000  -0.000661  -0.002435  0.234  0.321  0.464  P  d3
  7777   2430.312  -0.005517  +0.000888  0.234  0.321  0.464  P  d2
  7778   2430.625  +0.002729  -0.002258  0.234  0.321  0.464  P  d3
  7779   2430.938  -0.000388  -0.003002  0.250  0.321  0.464  P  d0
  7780   2431.250  -0.000040  -0.004967  0.250  0.321  0.464  P  d2
  7781   2431.562  -0.002763  +0.003333  0.266  0.321  0.464  P  d3
  7782   2431.875  +0.004823  +0.000210  0.266  0.373  0.464  P  d0
  7783   2432.188  +0.003757  -0.000932  0.281  0.373  0.464  P  d1
  7784   2432.500  -0.001458  +0.006100  0.297  0.373  0.412  P  d0
  7785   2432.812  -0.003922  +0.003338  0.297  0.373  0.412  P  d1
  7786   2433.125  -0.003947  -0.006422  0.297  0.373  0.412  P  d1
  7787   2433.438  +0.003877  -0.001374  0.312  0.373  0.412  P  d0
  7788   2433.750  +0.004455  -0.003138  0.328  0.373  0.412  P  d0
  7789   2434.062  +0.002156  -0.003106  0.344  0.373  0.412  P  d1
  7790   2434.375  +0.002523  +0.002578  0.359  0.373  0.412  P  d0
  7791   2434.688  +0.000485  +0.003315  0.375  0.373  0.412  P  d2
  7792   2435.000  -0.004162  -0.003878  0.391  0.373  0.412  P  d2
  7793   2435.312  +0.000192  +0.000447  0.406  0.373  0.412  P  d2
  7794   2435.625  -0.000738  -0.000934  0.422  0.404  0.412  P  d3
  7795   2435.938  -0.001722  +0.002454  0.438  0.404  0.412  P  d0
  7796   2436.250  -0.001481  +0.001777  0.453  0.404  0.412  P  d3
  7797   2436.562  +0.002892  +0.004444  0.469  0.404  0.412  P  d0
  7798   2436.875  -0.000178  +0.001833  0.484  0.404  0.412  P  d3
  7799   2437.188  +0.002447  +0.000184  0.500  0.404  0.412  P  d0
  7800   2437.500  +0.002569  -0.001571  0.516  0.404  0.339  P  d2
  7801   2437.812  -0.002771  +0.004875  0.531  0.404  0.339  P  d0
  7802   2438.125  -0.003940  +0.003287  0.547  0.404  0.339  P  d1
  7803   2438.438  -0.003531  -0.001675  0.562  0.404  0.339  P  d2
  7804   2438.750  +0.002867  -0.000887  0.578  0.404  0.339  P  d1
  7805   2439.062  -0.002110  +0.008404  0.594  0.404  0.339  P  d2
  7806   2439.375  -0.000333  -0.001079  0.609  0.419  0.339  P  d0
  7807   2439.688  -0.000859  -0.001884  0.609  0.419  0.339  P  d0
  7808   2440.000  -0.000795  -0.003610  0.625  0.419  0.339  P  d3
  7809   2440.312  -0.010049  -0.006109  0.625  0.419  0.339  P  d1
  7810   2440.625  +0.000230  -0.006238  0.641  0.419  0.339  P  d0
  7811   2440.938  +0.000160  -0.004523  0.656  0.419  0.339  P  d0
  7812   2441.250  +0.000628  -0.005628  0.656  0.419  0.339  P  d0
  7813   2441.562  +0.003212  -0.011742  0.672  0.419  0.339  P  d0
  7814   2441.875  +0.000668  -0.014641  0.688  0.419  0.339  P  d0
  7815   2442.188  +0.004097  -0.014551  0.688  0.419  0.339  P  d0
  7816   2442.500  -0.001613  -0.006799  0.703  0.419  0.266  P  d1
  7817   2442.812  +0.005577  +0.002186  0.703  0.419  0.266  P  d0
  7818   2443.125  +0.007289  +0.001824  0.719  0.422  0.266  P  d0
  7819   2443.438  +0.006598  +0.010321  0.734  0.422  0.266  P  d0
  7820   2443.750  +0.011522  +0.005974  0.734  0.422  0.266  P  d0
  7821   2444.062  +0.013633  +0.020064  0.734  0.422  0.266  P  d0
  7822   2444.375  +0.015760  +0.025045  0.750  0.422  0.266  P  d0
  7823   2444.688  +0.004194  +0.029272  0.750  0.422  0.266  P  d0
  7824   2445.000  +0.006924  +0.033780  0.766  0.422  0.266  P  d0
  7825   2445.312  +0.010223  +0.039365  0.781  0.422  0.266  P  d0
  7826   2445.625  +0.000076  +0.034054  0.797  0.422  0.266  P  d0
  7827   2445.938  -0.009277  +0.034784  0.812  0.422  0.266  S  d0
  7828   2446.250  -0.019483  +0.024287  0.812  0.422  0.266  S  d0
  7829   2446.562  -0.029433  +0.005570  0.828  0.422  0.266  S  d0
  7830   2446.875  -0.033489  -0.012590  0.828  0.413  0.266  S  d0
  7831   2447.188  -0.052241  -0.036712  0.844  0.413  0.266  S  d0
  7832   2447.500  -0.060333  -0.057384  0.844  0.413  0.197  S  d0
  7833   2447.812  -0.078399  -0.089620  0.859  0.413  0.197  S  d0
  7834   2448.125  -0.086216  -0.122803  0.859  0.413  0.197  S  d0
  7835   2448.438  -0.089861  -0.153692  0.875  0.413  0.197  S  d0
  7836   2448.750  -0.114325  -0.176295  0.891  0.413  0.197  S  d0
  7837   2449.062  -0.077681  -0.201054  0.906  0.413  0.197  S  d0
  7838   2449.375  -0.182800  -0.199079  0.922  0.413  0.197  S  d1
  7839   2449.688  +0.481715  -0.263287  0.922  0.413  0.197  S  d0
  7840   2450.000  +1.506080  -0.052642  0.922  0.413  0.197  S  d1
  7841   2450.312  +0.866403  +0.862560  0.938  0.413  0.197  S  d0
  7842   2450.625  +0.137548  +1.229611  0.953  0.395  0.197  S  d0
  7843   2450.938  -0.751782  +1.080245  0.953  0.395  0.197  S  d0
  7844   2451.250  -1.300462  +0.483128  0.953  0.395  0.197  S  d0
  7845   2451.562  -1.457329  -0.394640  0.953  0.395  0.197  S  d0
  7846   2451.875  -0.989826  -1.095042  0.953  0.395  0.197  S  d0
  7847   2452.188  -0.197278  -1.501404  0.953  0.395  0.197  S  d0
  7848   2452.500  +0.684142  -1.311759  0.953  0.395  0.129  S  d0
  7849   2452.812  +1.288894  -0.682142  0.969  0.395  0.129  S  d0
  7850   2453.125  +1.450957  +0.195000  0.969  0.395  0.129  S  d0
  7851   2453.438  +1.060696  +1.009360  0.969  0.395  0.129  S  d0
  7852   2453.750  +0.287679  +1.460288  0.969  0.395  0.129  S  d0
  7853   2454.062  -0.578477  +1.321611  0.969  0.395  0.129  S  d0
  7854   2454.375  -1.216888  +0.734268  0.969  0.366  0.129  S  d0
  7855   2454.688  -1.400334  -0.123681  0.969  0.366  0.129  S  d0
  7856   2455.000  -1.041021  -0.931605  0.969  0.366  0.129  S  d0
  7857   2455.312  -0.310384  -1.369582  0.969  0.366  0.129  S  d0
  7858   2455.625  +0.561068  -1.266624  0.969  0.366  0.129  S  d0
  7859   2455.938  +1.195039  -0.711006  0.969  0.366  0.129  S  d0
  7860   2456.250  +1.399636  +0.129148  0.969  0.366  0.129  S  d0
  7861   2456.562  +1.033300  +0.889716  0.969  0.366  0.129  S  d0
  7862   2456.875  +0.319821  +1.352577  0.969  0.366  0.129  S  d0
  7863   2457.188  -0.518847  +1.283820  0.969  0.366  0.129  S  d0
  7864   2457.500  -1.175388  +0.716593  0.969  0.366  0.500  S  d0
  7865   2457.812  -1.369712  -0.084334  0.969  0.366  0.500  S  d0
  7866   2458.125  -1.061214  -0.852649  0.969  0.327  0.500  S  d0
  7867   2458.438  -0.352637  -1.337902  0.969  0.327  0.500  S  d0
  7868   2458.750  +0.444135  -1.282103  0.969  0.327  0.500  S  d0
  7869   2459.062  +1.127598  -0.759850  0.969  0.327  0.500  S  d0
  7870   2459.375  +1.363092  +0.020247  0.969  0.327  0.500  S  d0
  7871   2459.688  +1.077757  +0.820742  0.984  0.327  0.500  S  d0
  7872   2460.000  +0.397758  +1.282308  0.984  0.327  0.500  S  d0
  7873   2460.312  -0.438728  +1.283074  1.000  0.327  0.500  S  d0
  7874   2460.625  -1.104685  +0.771947  1.000  0.327  0.500  S  d0
  7875   2460.938  -1.313356  +0.004056  1.000  0.327  0.500  S  d0
  7876   2461.250  -1.057394  -0.757493  1.000  0.327  0.500  S  d0
  7877   2461.562  -0.421484  -1.254470  1.000  0.327  0.500  S  d0
  7878   2461.875  +0.369350  -1.230013  1.000  0.277  0.500  S  d0
  7879   2462.188  +1.014645  -0.775736  1.000  0.277  0.500  S  d0
  7880   2462.500  +1.282653  -0.055083  1.000  0.277  0.500  S  d0
  7881   2462.812  +1.071107  +0.691985  1.000  0.277  0.500  S  d0
  7882   2463.125  +0.458410  +1.190238  1.000  0.277  0.500  S  d0
  7883   2463.438  -0.315396  +1.228098  1.000  0.277  0.500  S  d0
  7884   2463.750  -0.975266  +0.798488  1.000  0.277  0.500  S  d0
  7885   2464.062  -1.249360  +0.082428  1.000  0.277  0.500  S  d0
  7886   2464.375  -1.061698  -0.655714  1.000  0.277  0.500  S  d0
  7887   2464.688  -0.480629  -1.147328  1.000  0.277  0.500  S  d0
  7888   2465.000  +0.265309  -1.192075  1.000  0.277  0.500  S  d0
  7889   2465.312  +0.925436  -0.810928  1.000  0.277  0.500  S  d0
  7890   2465.625  +1.198258  -0.130972  1.000  0.214  0.500  S  d0
  7891   2465.938  +1.067568  +0.608103  1.000  0.214  0.500  S  d0
  7892   2466.250  +0.514405  +1.105322  1.000  0.214  0.500  S  d0
  7893   2466.562  -0.211828  +1.164288  1.000  0.214  0.500  S  d0
  7894   2466.875  -0.873595  +0.825733  1.000  0.214  0.500  S  d0
  7895   2467.188  -1.180855  +0.165063  1.000  0.214  0.500  S  d0
  7896   2467.500  -1.024094  -0.547775  1.000  0.214  0.500  S  d0
  7897   2467.812  -0.535050  -1.049650  1.000  0.214  0.500  S  d0
  7898   2468.125  +0.163536  -1.141480  1.000  0.214  0.500  S  d0
  7899   2468.438  +0.797167  -0.825816  1.000  0.214  0.500  S  d0
  7900   2468.750  +1.127920  -0.186780  1.000  0.214  0.500  S  d0
  7901   2469.062  +1.023893  +0.490233  1.000  0.214  0.500  S  d0
  7902   2469.375  +0.539838  +0.993026  1.000  0.135  0.500  S  d0
  7903   2469.688  -0.134439  +1.100271  1.000  0.135  0.500  S  d0
  7904   2470.000  -0.746536  +0.820798  1.000  0.135  0.500  S  d0
  7905   2470.312  -1.076708  +0.222138  1.000  0.135  0.500  S  d0
  7906   2470.625  -1.002995  -0.446802  1.000  0.135  0.500  S  d0
  7907   2470.938  -0.550787  -0.956923  1.000  0.135  0.500  S  d0
  7908   2471.250  +0.100209  -1.086252  1.000  0.135  0.500  S  d0
  7909   2471.562  +0.700160  -0.798758  1.000  0.135  0.500  S  d0
  7910   2471.875  +1.055668  -0.240505  1.000  0.135  0.500  S  d0
  7911   2472.188  +0.991107  +0.403232  1.000  0.135  0.500  S  d0
  7912   2472.500  +0.562990  +0.911872  1.000  0.135  0.500  S  d0
  7913   2472.812  -0.064647  +1.054222  1.000  0.135  0.500  S  d0
  7914   2473.125  -0.674711  +0.818744  1.000  0.028  0.500  S  d0
  7915   2473.438  -1.029547  +0.268950  1.000  0.028  0.500  S  d0
  7916   2473.750  -0.971575  -0.352694  1.000  0.028  0.500  S  d0
  7917   2474.062  -0.573492  -0.883139  1.000  0.028  0.500  S  d0
  7918   2474.375  +0.029879  -1.061294  1.000  0.028  0.500  S  d0
  7919   2474.688  +0.643332  -0.801652  1.000  0.028  0.500  S  d0
  7920   2475.000  +0.992458  -0.285962  1.000  0.028  0.500  S  d0
  7921   2475.312  +0.959832  +0.333592  1.000  0.028  0.500  S  d0
  7922   2475.625  +0.575536  +0.833834  1.000  0.028  0.500  S  d0
  7923   2475.938  -0.005562  +1.016481  1.000  0.028  0.500  S  d0
  7924   2476.250  -0.595811  +0.806137  1.000  0.028  0.500  S  d0
  7925   2476.562  -0.956618  +0.310435  1.000  0.028  0.500  S  d0
  7926   2476.875  -0.967456  -0.305794  1.000  0.000  0.500  S  d0
  7927   2477.188  -0.587301  -0.800894  1.000  0.000  0.500  S  d0
  7928   2477.500  +0.001958  -0.993608  1.000  0.000  0.500  S  d0
  7929   2477.812  +0.560393  -0.808358  1.000  0.000  0.500  S  d0
  7930   2478.125  +0.938113  -0.330103  1.000  0.000  0.500  S  d0
  7931   2478.438  +0.948577  +0.282644  1.000  0.000  0.500  S  d0
  7932   2478.750  +0.593107  +0.778043  1.000  0.000  0.500  S  d0
  7933   2479.062  +0.029978  +0.994233  1.000  0.000  0.500  S  d0
  7934   2479.375  -0.527967  +0.803849  1.000  0.000  0.500  S  d0
  7935   2479.688  -0.909910  +0.348404  1.000  0.000  0.500  S  d0
  7936   2480.000  -0.945313  -0.241534  1.000  0.000  0.500  S  d0
  7937   2480.312  -0.614588  -0.746081  1.000  0.000  0.500  S  d0
  7938   2480.625  -0.061039  -0.965953  1.000  0.000  0.500  S  d0
  7939   2480.938  +0.491052  -0.824378  1.000  0.000  0.500  S  d0
  7940   2481.250  +0.887655  -0.377601  1.000  0.000  0.500  S  d0
  7941   2481.562  +0.937777  +0.205369  1.000  0.000  0.500  S  d0
  7942   2481.875  +0.647328  +0.720207  1.000  0.000  0.500  S  d0
  7943   2482.188  +0.102923  +0.950163  1.000  0.000  0.500  S  d0
  7944   2482.500  -0.478843  +0.840423  1.000  0.000  0.500  S  d0
  7945   2482.812  -0.872448  +0.414641  1.000  0.000  0.500  S  d0
  7946   2483.125  -0.938253  -0.179383  1.000  0.000  0.500  S  d0
  7947   2483.438  -0.668632  -0.690692  1.000  0.000  0.500  S  d0
  7948   2483.750  -0.130615  -0.960318  1.000  0.000  0.500  S  d0
  7949   2484.062  +0.440333  -0.856313  1.000  0.000  0.500  S  d0
  7950   2484.375  +0.851949  -0.435729  1.000  0.000  0.500  S  d0
  7951   2484.688  +0.960532  +0.143948  1.000  0.000  0.500  S  d0
  7952   2485.000  +0.693496  +0.674431  1.000  0.000  0.500  S  d0
  7953   2485.312  +0.156991  +0.957946  1.000  0.000  0.500  S  d0
  7954   2485.625  -0.413994  +0.888947  1.000  0.000  0.500  S  d0
  7955   2485.938  -0.844199  +0.457765  1.000  0.000  0.500  S  d0
  7956   2486.250  -0.955891  -0.105937  1.000  0.000  0.500  S  d0
  7957   2486.562  -0.719724  -0.671602  1.000  0.000  0.500  S  d0
  7958   2486.875  -0.206259  -0.962127  1.000  0.000  0.500  S  d0
  7959   2487.188  +0.398449  -0.897179  1.000  0.000  0.500  S  d0
  7960   2487.500  +0.844084  -0.502514  1.000  0.000  0.500  S  d0
  7961   2487.812  +0.981064  +0.082679  1.000  0.000  0.500  S  d0
  7962   2488.125  +0.752263  +0.653270  1.000  0.000  0.500  S  d0
  7963   2488.438  +0.224940  +0.965564  1.000  0.000  0.500  S  d0
  7964   2488.750  -0.385309  +0.932132  1.000  0.000  0.500  S  d0
  7965   2489.062  -0.856057  +0.533565  1.000  0.000  0.500  S  d0
  7966   2489.375  -0.996948  -0.063082  1.000  0.000  0.500  S  d0
  7967   2489.688  -0.770390  -0.646570  1.000  0.000  0.500  S  d0
  7968   2490.000  -0.258868  -0.971857  1.000  0.000  0.500  S  d0
  7969   2490.312  +0.369330  -0.947130  1.000  0.000  0.500  S  d0
  7970   2490.625  +0.840335  -0.575657  1.000  0.000  0.500  S  d0
  7971   2490.938  +1.024570  +0.046524  1.000  0.000  0.500  S  d0
  7972   2491.250  +0.818654  +0.624150  1.000  0.000  0.500  S  d0
  7973   2491.562  +0.282053  +0.997246  1.000  0.000  0.500  S  d0
  7974   2491.875  -0.333317  +0.981870  1.000  0.059  0.500  S  d0
  7975   2492.188  -0.868639  +0.599615  1.000  0.059  0.500  S  d0
  7976   2492.500  -1.055842  +0.001105  1.000  0.059  0.500  S  d0
  7977   2492.812  -0.849038  -0.624402  1.000  0.059  0.500  S  d0
  7978   2493.125  -0.324566  -1.014225  1.000  0.059  0.500  S  d0
  7979   2493.438  +0.309349  -1.024531  1.000  0.059  0.500  S  d0
  7980   2493.750  +0.867819  -0.646084  1.000  0.059  0.500  S  d0
  7981   2494.062  +1.066150  -0.036552  1.000  0.059  0.500  S  d0
  7982   2494.375  +0.896598  +0.596869  1.000  0.059  0.500  S  d0
  7983   2494.688  +0.389577  +1.028592  1.000  0.059  0.500  S  d0
  7984   2495.000  -0.291249  +1.067207  1.000  0.059  0.500  S  d0
  7985   2495.312  -0.859629  +0.707547  1.000  0.059  0.500  S  d0
  7986   2495.625  -1.106689  +0.054352  1.000  0.069  0.500  S  d0
  7987   2495.938  -0.952382  -0.577477  1.000  0.069  0.500  S  d0
  7988   2496.250  -0.421936  -1.032843  1.000  0.069  0.500  S  d0
  7989   2496.562  +0.250912  -1.101906  1.000  0.069  0.500  S  d0
  7990   2496.875  +0.861421  -0.747019  1.000  0.069  0.500  S  d0
  7991   2497.188  +1.128305  -0.110190  1.000  0.069  0.500  S  d0
  7992   2497.500  +1.001752  +0.568671  1.000  0.069  0.500  S  d0
  7993   2497.812  +0.493755  +1.055939  1.000  0.069  0.500  S  d0
  7994   2498.125  -0.207848  +1.135386  1.000  0.069  0.500  S  d0
  7995   2498.438  -0.861595  +0.799980  1.000  0.069  0.500  S  d0
  7996   2498.750  -1.196408  +0.158737  1.000  0.069  0.500  S  d0
  7997   2499.062  -1.048863  -0.550068  1.000  0.069  0.500  S  d0
  7998   2499.375  -0.529087  -1.071113  1.000  0.066  0.500  S  d0
  7999   2499.688  +0.186757  -1.216496  1.000  0.066  0.500  S  d0
  8000   2500.000  +0.846960  -0.852135  1.000  0.066  0.500  S  d0
  8001   2500.312  +1.207663  -0.180544  1.000  0.066  0.500  S  d0
  8002   2500.625  +1.107079  +0.530469  1.000  0.066  0.500  S  d0
  8003   2500.938  +0.590200  +1.090795  1.000  0.066  0.500  S  d0
  8004   2501.250  -0.152955  +1.232011  1.000  0.066  0.500  S  d0
  8005   2501.562  -0.855941  +0.909919  1.000  0.066  0.500  S  d0
  8006   2501.875  -1.233036  +0.237045  1.000  0.066  0.500  S  d0
  8007   2502.188  -1.152285  -0.516471  1.000  0.066  0.500  S  d0
  8008   2502.500  -0.638089  -1.097852  1.000  0.066  0.500  S  d0
  8009   2502.812  +0.121451  -1.254745  1.000  0.066  0.500  S  d0
  8010   2503.125  +0.867718  -0.947993  1.000  0.102  0.500  S  d0
  8011   2503.438  +1.256801  -0.290732  1.000  0.102  0.500  S  d0
  8012   2503.750  +1.175145  +0.478779  1.000  0.102  0.500  S  d0
  8013   2504.062  +0.686504  +1.113530  1.000  0.102  0.500  S  d0
  8014   2504.375  -0.085758  +1.299198  1.000  0.102  0.500  S  d0
  8015   2504.688  -0.828862  +0.981811  1.000  0.102  0.500  S  d0
  8016   2505.000  -1.284854  +0.326698  1.000  0.102  0.500  S  d0
  8017   2505.312  -1.241750  -0.471594  1.000  0.102  0.500  S  d0
  8018   2505.625  -0.734588  -1.093273  1.000  0.102  0.500  S  d0
  8019   2505.938  +0.054949  -1.318741  1.000  0.102  0.500  S  d0
  8020   2506.250  +0.837724  -1.056215  1.000  0.102  0.500  S  d0
  8021   2506.562  +1.293039  -0.360264  1.000  0.102  0.500  S  d0
  8022   2506.875  +1.269012  +0.442028  1.000  0.160  0.500  S  d0
  8023   2507.188  +0.782993  +1.125107  1.000  0.160  0.500  S  d0
  8024   2507.500  -0.025408  +1.342932  1.000  0.160  0.500  S  d0
  8025   2507.812  -0.824535  +1.089631  1.000  0.160  0.500  S  d0
  8026   2508.125  -1.303062  +0.412582  1.000  0.160  0.500  S  d0
  8027   2508.438  -1.316159  -0.437169  1.000  0.160  0.500  S  d0
  8028   2508.750  -0.822380  -1.129510  1.000  0.160  0.500  S  d0
  8029   2509.062  -0.015620  -1.366109  1.000  0.160  0.500  S  d0
  8030   2509.375  +0.791636  -1.126479  1.000  0.160  0.500  S  d0
  8031   2509.688  +1.338592  -0.473811  1.000  0.160  0.500  S  d0
  8032   2510.000  +1.353222  +0.378298  1.000  0.160  0.500  S  d0
  8033   2510.312  +0.882811  +1.098225  1.000  0.160  0.500  S  d0
  8034   2510.625  +0.054920  +1.426675  1.000  0.211  0.500  S  d0
  8035   2510.938  -0.750321  +1.184355  1.000  0.211  0.500  S  d0
  8036   2511.250  -1.334942  +0.510361  1.000  0.211  0.500  S  d0
  8037   2511.562  -1.389111  -0.337835  1.000  0.211  0.500  S  d0
  8038   2511.875  -0.929665  -1.101161  1.000  0.211  0.500  S  d0
  8039   2512.188  -0.128645  -1.431743  1.000  0.211  0.500  S  d0
  8040   2512.500  +0.727225  -1.207330  1.000  0.211  0.500  S  d0
  8041   2512.812  +1.322323  -0.564087  1.000  0.211  0.500  S  d0
  8042   2513.125  +1.420970  +0.302311  1.000  0.211  0.500  S  d0
  8043   2513.438  +0.963664  +1.047596  1.000  0.211  0.500  S  d0
  8044   2513.750  +0.153435  +1.434745  1.000  0.211  0.500  S  d0
  8045   2514.062  -0.686813  +1.265349  1.000  0.211  0.500  S  d0
  8046   2514.375  -1.295819  +0.614964  1.000  0.231  0.500  S  d0
  8047   2514.688  -1.392624  -0.246877  1.000  0.231  0.500  S  d0
  8048   2515.000  -1.027594  -1.040072  1.000  0.231  0.500  S  d0
  8049   2515.312  -0.203642  -1.423895  1.000  0.231  0.500  S  d0
  8050   2515.625  +0.654998  -1.299302  1.000  0.231  0.500  S  d0
  8051   2515.938  +1.277043  -0.664180  1.000  0.231  0.500  S  d0
  8052   2516.250  +1.415487  +0.208738  1.000  0.231  0.500  S  d0
  8053   2516.562  +1.024299  +1.004881  1.000  0.231  0.500  S  d0
  8054   2516.875  +0.246168  +1.427150  1.000  0.231  0.500  S  d0
  8055   2517.188  -0.605630  +1.319241  1.000  0.231  0.500  S  d0
  8056   2517.500  -1.244688  +0.683815  1.000  0.231  0.500  S  d0
  8057   2517.812  -1.425732  -0.164975  1.000  0.231  0.500  S  d0
  8058   2518.125  -1.077204  -0.968830  1.000  0.218  0.500  S  d0
  8059   2518.438  -0.283297  -1.411280  1.000  0.218  0.500  S  d0
  8060   2518.750  +0.590714  -1.332365  1.000  0.218  0.500  S  d0
  8061   2519.062  +1.237729  -0.718881  1.000  0.218  0.500  S  d0
  8062   2519.375  +1.425040  +0.129135  1.000  0.218  0.500  S  d0
  8063   2519.688  +1.076485  +0.944733  1.000  0.218  0.500  S  d0
  8064   2520.000  +0.319368  +1.392465  1.000  0.218  0.500  S  d0
  8065   2520.312  -0.517024  +1.326528  1.000  0.218  0.500  S  d0
  8066   2520.625  -1.197172  +0.750052  1.000  0.218  0.500  S  d0
  8067   2520.938  -1.439890  -0.083146  1.000  0.218  0.500  S  d0
  8068   2521.250  -1.102946  -0.902008  1.000  0.218  0.500  S  d0
  8069   2521.562  -0.369762  -1.384674  1.000  0.218  0.500  S  d0
  8070   2521.875  +0.485432  -1.311911  1.000  0.172  0.500  S  d0
  8071   2522.188  +1.158008  -0.762101  1.000  0.172  0.500  S  d0
  8072   2522.500  +1.405052  +0.032805  1.000  0.172  0.500  S  d0
  8073   2522.812  +1.122576  +0.855391  1.000  0.172  0.500  S  d0
  8074   2523.125  +0.416866  +1.322023  1.000  0.172  0.500  S  d0
  8075   2523.438  -0.451766  +1.317434  1.000  0.172  0.500  S  d0
  8076   2523.750  -1.148296  +0.810197  1.000  0.172  0.500  S  d0
  8077   2524.062  -1.380357  -0.010123  1.000  0.172  0.500  S  d0
  8078   2524.375  -1.109508  -0.814519  1.000  0.172  0.500  S  d0
  8079   2524.688  -0.408524  -1.292721  1.000  0.172  0.500  S  d0
  8080   2525.000  +0.402385  -1.337270  1.000  0.172  0.500  S  d0
  8081   2525.312  +1.084996  -0.801869  1.000  0.172  0.500  S  d0
  8082   2525.625  +1.372374  -0.018635  1.000  0.115  0.500  S  d0
  8083   2525.938  +1.118033  +0.786842  1.000  0.115  0.500  S  d0
  8084   2526.250  +0.472754  +1.261755  1.000  0.115  0.500  S  d0
  8085   2526.562  -0.367965  +1.289450  1.000  0.115  0.500  S  d0
  8086   2526.875  -1.037744  +0.844996  1.000  0.115  0.500  S  d0
  8087   2527.188  -1.318012  +0.060342  1.000  0.115  0.500  S  d0
  8088   2527.500  -1.127502  -0.710295  1.000  0.115  0.500  S  d0
  8089   2527.812  -0.502171  -1.221552  1.000  0.115  0.500  S  d0
  8090   2528.125  +0.294548  -1.286295  1.000  0.115  0.500  S  d0
  8091   2528.438  +0.976318  -0.864377  1.000  0.115  0.500  S  d0
  8092   2528.750  +1.274208  -0.122947  1.000  0.115  0.500  S  d0
  8093   2529.062  +1.134305  +0.660003  1.000  0.115  0.500  S  d0
  8094   2529.375  +0.540947  +1.186123  1.000  0.072  0.500  S  d0
  8095   2529.688  -0.253985  +1.262608  1.000  0.072  0.500  S  d0
  8096   2530.000  -0.935613  +0.854728  1.000  0.072  0.500  S  d0
  8097   2530.312  -1.263095  +0.150516  1.000  0.072  0.500  S  d0
  8098   2530.625  -1.102707  -0.574968  1.000  0.072  0.500  S  d0
  8099   2530.938  -0.558016  -1.122325  1.000  0.072  0.500  S  d0
  8100   2531.250  +0.205284  -1.230425  1.000  0.072  0.500  S  d0
  8101   2531.562  +0.881921  -0.885891  1.000  0.072  0.500  S  d0
  8102   2531.875  +1.240632  -0.192609  1.000  0.072  0.500  S  d0
  8103   2532.188  +1.112040  +0.535758  1.000  0.072  0.500  S  d0
  8104   2532.500  +0.557405  +1.088405  1.000  0.072  0.500  S  d0
  8105   2532.812  -0.163173  +1.212758  1.000  0.072  0.500  S  d0
  8106   2533.125  -0.829501  +0.861041  1.000  0.068  0.500  S  d0
  8107   2533.438  -1.166290  +0.223072  1.000  0.068  0.500  S  d0
  8108   2533.750  -1.110081  -0.505938  1.000  0.068  0.500  S  d0
  8109   2534.062  -0.588886  -1.031843  1.000  0.068  0.500  S  d0
  8110   2534.375  +0.117056  -1.172217  1.000  0.068  0.500  S  d0
  8111   2534.688  +0.774561  -0.849905  1.000  0.068  0.500  S  d0
  8112   2535.000  +1.138095  -0.259160  1.000  0.068  0.500  S  d0
  8113   2535.312  +1.064280  +0.459424  1.000  0.068  0.500  S  d0
  8114   2535.625  +0.600145  +0.988741  1.000  0.068  0.500  S  d0
  8115   2535.938  -0.069066  +1.127407  1.000  0.068  0.500  S  d0
  8116   2536.250  -0.723986  +0.860993  1.000  0.068  0.500  S  d0
  8117   2536.562  -1.096829  +0.280224  1.000  0.068  0.500  S  d0
  8118   2536.875  -1.053886  -0.403507  1.000  0.106  0.500  S  d0
  8119   2537.188  -0.614401  -0.934530  1.000  0.106  0.500  S  d0
  8120   2537.500  +0.055168  -1.116898  1.000  0.106  0.500  S  d0
  8121   2537.812  +0.684986  -0.857604  1.000  0.106  0.500  S  d0
  8122   2538.125  +1.060825  -0.301943  1.000  0.106  0.500  S  d0
  8123   2538.438  +1.030616  +0.358677  1.000  0.106  0.500  S  d0
  8124   2538.750  +0.614067  +0.905258  1.000  0.106  0.500  S  d0
  8125   2539.062  -0.012385  +1.071993  1.000  0.106  0.500  S  d0
  8126   2539.375  -0.649228  +0.855108  1.000  0.106  0.500  S  d0
  8127   2539.688  -1.040664  +0.324712  1.000  0.106  0.500  S  d0
  8128   2540.000  -1.007009  -0.340630  1.000  0.106  0.500  S  d0
  8129   2540.312  -0.615584  -0.851739  1.000  0.106  0.500  S  d0
  8130   2540.625  +0.003361  -1.055629  1.000  0.165  0.500  S  d0
  8131   2540.938  +0.623896  -0.837861  1.000  0.165  0.500  S  d0
  8132   2541.250  +0.990538  -0.323036  1.000  0.165  0.500  S  d0
  8133   2541.562  +0.964786  +0.293907  1.000  0.165  0.500  S  d0
  8134   2541.875  +0.608445  +0.810958  1.000  0.165  0.500  S  d0
  8135   2542.188  +0.029672  +1.047781  1.000  0.165  0.500  S  d0
  8136   2542.500  -0.561081  +0.836984  1.000  0.165  0.500  S  d0
  8137   2542.812  -0.940086  +0.353854  1.000  0.165  0.500  S  d0
  8138   2543.125  -0.979965  -0.258225  1.000  0.165  0.500  S  d0
  8139   2543.438  -0.635164  -0.777453  1.000  0.165  0.500  S  d0
  8140   2543.750  -0.060708  -1.013988  1.000  0.165  0.500  S  d0
  8141   2544.062  +0.533503  -0.858131  1.000  0.165  0.500  S  d0
  8142   2544.375  +0.920135  -0.378076  1.000  0.213  0.500  S  d0
  8143   2544.688  +0.969984  +0.226945  1.000  0.213  0.500  S  d0
  8144   2545.000  +0.654446  +0.745192  1.000  0.213  0.500  S  d0
  8145   2545.312  +0.080463  +0.990815  1.000  0.213  0.500  S  d0
  8146   2545.625  -0.498578  +0.850355  1.000  0.213  0.500  S  d0
  8147   2545.938  -0.885507  +0.404206  1.000  0.213  0.500  S  d0
  8148   2546.250  -0.950591  -0.174737  1.000  0.213  0.500  S  d0
  8149   2546.562  -0.668119  -0.722624  1.000  0.213  0.500  S  d0
  8150   2546.875  -0.130974  -0.970016  1.000  0.213  0.500  S  d0
  8151   2547.188  +0.459286  -0.856661  1.000  0.213  0.500  S  d0
  8152   2547.500  +0.861517  -0.435533  1.000  0.213  0.500  S  d0
  8153   2547.812  +0.952623  +0.152603  1.000  0.213  0.500  S  d0
  8154   2548.125  +0.682875  +0.692351  1.000  0.231  0.500  S  d0
  8155   2548.438  +0.151438  +0.961433  1.000  0.231  0.500  S  d0
  8156   2548.750  -0.416154  +0.861495  1.000  0.231  0.500  S  d0
  8157   2549.062  -0.845168  +0.449829  1.000  0.231  0.500  S  d0
  8158   2549.375  -0.948293  -0.122810  1.000  0.231  0.500  S  d0
  8159   2549.688  -0.700029  -0.661596  1.000  0.231  0.500  S  d0
  8160   2550.000  -0.187384  -0.933654  1.000  0.231  0.500  S  d0
  8161   2550.312  +0.394905  -0.885235  1.000  0.231  0.500  S  d0
  8162   2550.625  +0.828828  -0.481596  1.000  0.231  0.500  S  d0
  8163   2550.938  +0.963635  +0.094896  1.000  0.231  0.500  S  d0
  8164   2551.250  +0.724252  +0.645406  1.000  0.231  0.500  S  d0
  8165   2551.562  +0.206645  +0.935725  1.000  0.231  0.500  S  d0
  8166   2551.875  -0.377502  +0.887571  1.000  0.215  0.500  S  d0
  8167   2552.188  -0.832072  +0.508004  1.000  0.215  0.500  S  d0
  8168   2552.500  -0.967903  -0.067309  1.000  0.215  0.500  S  d0
  8169   2552.812  -0.739488  -0.621719  1.000  0.215  0.500  S  d0
  8170   2553.125  -0.234623  -0.947256  1.000  0.215  0.500  S  d0
  8171   2553.438  +0.345023  -0.914624  1.000  0.215  0.500  S  d0
  8172   2553.750  +0.817437  -0.531066  1.000  0.215  0.500  S  d0
  8173   2554.062  +1.001432  +0.048954  1.000  0.215  0.500  S  d0
  8174   2554.375  +0.779538  +0.616908  1.000  0.215  0.500  S  d0
  8175   2554.688  +0.262755  +0.956751  1.000  0.215  0.500  S  d0
  8176   2555.000  -0.332338  +0.929157  1.000  0.215  0.500  S  d0
  8177   2555.312  -0.830282  +0.546227  1.000  0.215  0.500  S  d0
  8178   2555.625  -1.001634  -0.011916  1.000  0.170  0.500  S  d0
  8179   2555.938  -0.806113  -0.602575  1.000  0.170  0.500  S  d0
  8180   2556.250  -0.291191  -0.962880  1.000  0.170  0.500  S  d0
  8181   2556.562  +0.314883  -0.957921  1.000  0.170  0.500  S  d0
  8182   2556.875  +0.824625  -0.584329  1.000  0.170  0.500  S  d0
  8183   2557.188  +1.008513  -0.002783  1.000  0.170  0.500  S  d0
  8184   2557.500  +0.834455  +0.590209  1.000  0.170  0.500  S  d0
  8185   2557.812  +0.346119  +0.959327  1.000  0.170  0.500  S  d0
  8186   2558.125  -0.282930  +0.978168  1.000  0.170  0.500  S  d0
  8187   2558.438  -0.806216  +0.631215  1.000  0.170  0.500  S  d0
  8188   2558.750  -1.032693  +0.060002  1.000  0.170  0.500  S  d0
  8189   2559.062  -0.885537  -0.581285  1.000  0.170  0.500  S  d0
  8190   2559.375  -0.389177  -0.970597  1.000  0.110  0.500  S  d0
  8191   2559.688  +0.265760  -1.020337  1.000  0.110  0.500  S  d0
  8192   2560.000  +0.806031  -0.683060  1.000  0.110  0.500  S  d0
  8193   2560.312  +1.054575  -0.071745  1.000  0.110  0.500  S  d0
  8194   2560.625  +0.904537  +0.552759  1.000  0.110  0.500  S  d0
  8195   2560.938  +0.432620  +0.990647  1.000  0.110  0.500  S  d0
  8196   2561.250  -0.224276  +1.042083  1.000  0.110  0.500  S  d0
  8197   2561.562  -0.796362  +0.723757  1.000  0.110  0.500  S  d0
  8198   2561.875  -1.068867  +0.117354  1.000  0.110  0.500  S  d0
  8199   2562.188  -0.980693  -0.527459  1.000  0.110  0.500  S  d0
  8200   2562.500  -0.481241  -1.007938  1.000  0.110  0.500  S  d0
  8201   2562.812  +0.196408  -1.098349  1.000  0.110  0.500  S  d0
  8202   2563.125  +0.809690  -0.773292  1.000  0.068  0.500  S  d0
  8203   2563.438  +1.121435  -0.142047  1.000  0.068  0.500  S  d0
  8204   2563.750  +1.025030  +0.532910  1.000  0.068  0.500  S  d0
  8205   2564.062  +0.515833  +1.007335  1.000  0.068  0.500  S  d0
  8206   2564.375  -0.170862  +1.125912  1.000  0.068  0.500  S  d0
  8207   2564.688  -0.807301  +0.826571  1.000  0.068  0.500  S  d0
  8208   2565.000  -1.150223  +0.201277  1.000  0.068  0.500  S  d0
  8209   2565.312  -1.062890  -0.499161  1.000  0.068  0.500  S  d0
  8210   2565.625  -0.570433  -1.037629  1.000  0.068  0.500  S  d0
  8211   2565.938  +0.139400  -1.182851  1.000  0.068  0.500  S  d0
  8212   2566.250  +0.806670  -0.873126  1.000  0.068  0.500  S  d0
  8213   2566.562  +1.170869  -0.243598  1.000  0.068  0.500  S  d0
  8214   2566.875  +1.092692  +0.481354  1.000  0.068  0.500  S  d0
  8215   2567.188  +0.632813  +1.055297  1.000  0.068  0.500  S  d0
  8216   2567.500  -0.109513  +1.199702  1.000  0.068  0.500  S  d0
  8217   2567.812  -0.804397  +0.926640  1.000  0.068  0.500  S  d0
  8218   2568.125  -1.207082  +0.282430  1.000  0.068  0.500  S  d0
  8219   2568.438  -1.145766  -0.462668  1.000  0.068  0.500  S  d0
  8220   2568.750  -0.651480  -1.034090  1.000  0.068  0.500  S  d0
  8221   2569.062  +0.072296  -1.246723  1.000  0.068  0.500  S  d0
  8222   2569.375  +0.800600  -0.971417  1.000  0.068  0.500  S  d0
  8223   2569.688  +1.239348  -0.338237  1.000  0.068  0.500  S  d0
  8224   2570.000  +1.171811  +0.438541  1.000  0.068  0.500  S  d0
  8225   2570.312  +0.725017  +1.064597  1.000  0.068  0.500  S  d0
  8226   2570.625  -0.054962  +1.291871  1.000  0.106  0.500  S  d0
  8227   2570.938  -0.779137  +1.017172  1.000  0.106  0.500  S  d0
  8228   2571.250  -1.263261  +0.358458  1.000  0.106  0.500  S  d0
  8229   2571.562  -1.242044  -0.425587  1.000  0.106  0.500  S  d0
  8230   2571.875  -0.755567  -1.078368  1.000  0.106  0.500  S  d0
  8231   2572.188  +0.013992  -1.311588  1.000  0.106  0.500  S  d0
  8232   2572.500  +0.787622  -1.060673  1.000  0.106  0.500  S  d0
  8233   2572.812  +1.269742  -0.394428  1.000  0.106  0.500  S  d0
  8234   2573.125  +1.280960  +0.385551  1.000  0.106  0.500  S  d0
  8235   2573.438  +0.796866  +1.077531  1.000  0.106  0.500  S  d0
  8236   2573.750  +0.019495  +1.349847  1.000  0.106  0.500  S  d0
  8237   2574.062  -0.775025  +1.132295  1.000  0.106  0.500  S  d0
  8238   2574.375  -1.280748  +0.470241  1.000  0.164  0.500  S  d0
  8239   2574.688  -1.291875  -0.367113  1.000  0.164  0.500  S  d0
  8240   2575.000  -0.851836  -1.081050  1.000  0.164  0.500  S  d0
  8241   2575.312  -0.087870  -1.373001  1.000  0.164  0.500  S  d0
  8242   2575.625  +0.745182  -1.162674  1.000  0.164  0.500  S  d0
  8243   2575.938  +1.292103  -0.518429  1.000  0.164  0.500  S  d0
  8244   2576.250  +1.342866  +0.328996  1.000  0.164  0.500  S  d0
  8245   2576.562  +0.893610  +1.042236  1.000  0.164  0.500  S  d0
  8246   2576.875  +0.111882  +1.378682  1.000  0.164  0.500  S  d0
  8247   2577.188  -0.713249  +1.229223  1.000  0.164  0.500  S  d0
  8248   2577.500  -1.273348  +0.566241  1.000  0.164  0.500  S  d0
  8249   2577.812  -1.362955  -0.284593  1.000  0.164  0.500  S  d0
  8250   2578.125  -0.953347  -1.033144  1.000  0.213  0.500  S  d0
  8251   2578.438  -0.165980  -1.401891  1.000  0.213  0.500  S  d0
  8252   2578.750  +0.671058  -1.248154  1.000  0.213  0.500  S  d0
  8253   2579.062  +1.293956  -0.621730  1.000  0.213  0.500  S  d0
  8254   2579.375  +1.405789  +0.229296  1.000  0.213  0.500  S  d0
  8255   2579.688  +0.974981  +1.006260  1.000  0.213  0.500  S  d0
  8256   2580.000  +0.212365  +1.421843  1.000  0.213  0.500  S  d0
  8257   2580.312  -0.627211  +1.300142  1.000  0.213  0.500  S  d0
  8258   2580.625  -1.294717  +0.663701  1.000  0.213  0.500  S  d0
  8259   2580.938  -1.410915  -0.185539  1.000  0.213  0.500  S  d0
  8260   2581.250  -1.037172  -1.009953  1.000  0.213  0.500  S  d0
  8261   2581.562  -0.262894  -1.417336  1.000  0.213  0.500  S  d0
  8262   2581.875  +0.612719  -1.303857  1.000  0.230  0.500  S  d0
  8263   2582.188  +1.253390  -0.709728  1.000  0.230  0.500  S  d0
  8264   2582.500  +1.445456  +0.155150  1.000  0.230  0.500  S  d0
  8265   2582.812  +1.063694  +0.960808  1.000  0.230  0.500  S  d0
  8266   2583.125  +0.288685  +1.404779  1.000  0.230  0.500  S  d0
  8267   2583.438  -0.551126  +1.348985  1.000  0.230  0.500  S  d0
  8268   2583.750  -1.251487  +0.742356  1.000  0.230  0.500  S  d0
  8269   2584.062  -1.434550  -0.102615  1.000  0.230  0.500  S  d0
  8270   2584.375  -1.088503  -0.933783  1.000  0.230  0.500  S  d0
  8271   2584.688  -0.353526  -1.414941  1.000  0.230  0.500  S  d0
  8272   2585.000  +0.542076  -1.349936  1.000  0.230  0.500  S  d0
  8273   2585.312  +1.221991  -0.775178  1.000  0.230  0.500  S  d0
  8274   2585.625  +1.431662  +0.057070  1.000  0.212  0.500  S  d0
  8275   2585.938  +1.110115  +0.888326  1.000  0.212  0.500  S  d0
  8276   2586.250  +0.381378  +1.402557  1.000  0.212  0.500  S  d0
  8277   2586.562  -0.488181  +1.352419  1.000  0.212  0.500  S  d0
  8278   2586.875  -1.188194  +0.804860  1.000  0.212  0.500  S  d0
  8279   2587.188  -1.426482  -0.030229  1.000  0.212  0.500  S  d0
  8280   2587.500  -1.152777  -0.888802  1.000  0.212  0.500  S  d0
  8281   2587.812  -0.411146  -1.356346  1.000  0.212  0.500  S  d0
  8282   2588.125  +0.460476  -1.328142  1.000  0.212  0.500  S  d0
  8283   2588.438  +1.153698  -0.816044  1.000  0.212  0.500  S  d0
  8284   2588.750  +1.420285  -0.006772  1.000  0.212  0.500  S  d0
  8285   2589.062  +1.163003  +0.832065  1.000  0.212  0.500  S  d0
  8286   2589.375  +0.469083  +1.343975  1.000  0.164  0.500  S  d0
  8287   2589.688  -0.407950  +1.343596  1.000  0.164  0.500  S  d0
  8288   2590.000  -1.101532  +0.848139  1.000  0.164  0.500  S  d0
  8289   2590.312  -1.399684  +0.026728  1.000  0.164  0.500  S  d0
  8290   2590.625  -1.177221  -0.773734  1.000  0.164  0.500  S  d0
  8291   2590.938  -0.505440  -1.307108  1.000  0.164  0.500  S  d0
  8292   2591.250  +0.338687  -1.336502  1.000  0.164  0.500  S  d0
  8293   2591.562  +1.059623  -0.873325  1.000  0.164  0.500  S  d0
  8294   2591.875  +1.367030  -0.092289  1.000  0.164  0.500  S  d0
  8295   2592.188  +1.172347  +0.709173  1.000  0.164  0.500  S  d0
  8296   2592.500  +0.548296  +1.268736  1.000  0.164  0.500  S  d0
  8297   2592.812  -0.291941  +1.321031  1.000  0.164  0.500  S  d0
  8298   2593.125  -1.002432  +0.893166  1.000  0.106  0.500  S  d0
  8299   2593.438  -1.335405  +0.135752  1.000  0.106  0.500  S  d0
  8300   2593.750  -1.182048  -0.661168  1.000  0.106  0.500  S  d0
  8301   2594.062  -0.558625  -1.188591  1.000  0.106  0.500  S  d0
  8302   2594.375  +0.242481  -1.291764  1.000  0.106  0.500  S  d0
  8303   2594.688  +0.966223  -0.925429  1.000  0.106  0.500  S  d0
  8304   2595.000  +1.308909  -0.174493  1.000  0.106  0.500  S  d0
  8305   2595.312  +1.149944  +0.591263  1.000  0.106  0.500  S  d0
  8306   2595.625  +0.586709  +1.173132  1.000  0.106  0.500  S  d0
  8307   2595.938  -0.208057  +1.266036  1.000  0.106  0.500  S  d0
  8308   2596.250  -0.907844  +0.923373  1.000  0.106  0.500  S  d0
  8309   2596.562  -1.264198  +0.211760  1.000  0.106  0.500  S  d0
  8310   2596.875  -1.149854  -0.550157  1.000  0.066  0.500  S  d0
  8311   2597.188  -0.611536  -1.138532  1.000  0.066  0.500  S  d0
  8312   2597.500  +0.163807  -1.236740  1.000  0.066  0.500  S  d0
  8313   2597.812  +0.868282  -0.907457  1.000  0.066  0.500  S  d0
  8314   2598.125  +1.216697  -0.242534  1.000  0.066  0.500  S  d0
  8315   2598.438  +1.148659  +0.496879  1.000  0.066  0.500  S  d0
  8316   2598.750  +0.617522  +1.052232  1.000  0.066  0.500  S  d0
  8317   2599.062  -0.115305  +1.240272  1.000  0.066  0.500  S  d0
  8318   2599.375  -0.818206  +0.931541  1.000  0.066  0.500  S  d0
  8319   2599.688  -1.176094  +0.263975  1.000  0.066  0.500  S  d0
  8320   2600.000  -1.134103  -0.457532  1.000  0.066  0.500  S  d0
  8321   2600.312  -0.637770  -1.019479  1.000  0.066  0.500  S  d0
  8322   2600.625  +0.072652  -1.205207  1.000  0.066  0.500  S  d0
  8323   2600.938  +0.765105  -0.926126  1.000  0.066  0.500  S  d0
  8324   2601.250  +1.155347  -0.296245  1.000  0.066  0.500  S  d0
  8325   2601.562  +1.116259  +0.432431  1.000  0.066  0.500  S  d0
  8326   2601.875  +0.629912  +0.959641  1.000  0.066  0.500  S  d0
  8327   2602.188  -0.046383  +1.170866  1.000  0.066  0.500  S  d0
  8328   2602.500  -0.711875  +0.920960  1.000  0.066  0.500  S  d0
  8329   2602.812  -1.098851  +0.312886  1.000  0.066  0.500  S  d0
  8330   2603.125  -1.079695  -0.372075  1.000  0.066  0.500  S  d0
  8331   2603.438  -0.639082  -0.948881  1.000  0.066  0.500  S  d0
  8332   2603.750  +0.005167  -1.117878  1.000  0.066  0.500  S  d0
  8333   2604.062  +0.677112  -0.895436  1.000  0.066  0.500  S  d0
  8334   2604.375  +1.064747  -0.341944  1.000  0.109  0.500  S  d0
  8335   2604.688  +1.028745  +0.348197  1.000  0.109  0.500  S  d0
  8336   2605.000  +0.648399  +0.888907  1.000  0.109  0.500  S  d0
  8337   2605.312  +0.021309  +1.084932  1.000  0.109  0.500  S  d0
  8338   2605.625  -0.619975  +0.887942  1.000  0.109  0.500  S  d0
  8339   2605.938  -1.014930  +0.373515  1.000  0.109  0.500  S  d0
  8340   2606.250  -1.032552  -0.286979  1.000  0.109  0.500  S  d0
  8341   2606.562  -0.662910  -0.837840  1.000  0.109  0.500  S  d0
  8342   2606.875  -0.047719  -1.068447  1.000  0.109  0.500  S  d0
  8343   2607.188  +0.565527  -0.884723  1.000  0.109  0.500  S  d0
  8344   2607.500  +0.986236  -0.391335  1.000  0.109  0.500  S  d0
  8345   2607.812  +1.008070  +0.242673  1.000  0.109  0.500  S  d0
  8346   2608.125  +0.665630  +0.790090  1.000  0.166  0.500  S  d0
  8347   2608.438  +0.090604  +1.035615  1.000  0.166  0.500  S  d0
  8348   2608.750  -0.528874  +0.897919  1.000  0.166  0.500  S  d0
  8349   2609.062  -0.921983  +0.406313  1.000  0.166  0.500  S  d0
  8350   2609.375  -0.986849  -0.212385  1.000  0.166  0.500  S  d0
  8351   2609.688  -0.690829  -0.762632  1.000  0.166  0.500  S  d0
  8352   2610.000  -0.122645  -0.996545  1.000  0.166  0.500  S  d0
  8353   2610.312  +0.475837  -0.881941  1.000  0.166  0.500  S  d0
  8354   2610.625  +0.908331  -0.437729  1.000  0.166  0.500  S  d0
  8355   2610.938  +0.978479  +0.165258  1.000  0.166  0.500  S  d0
  8356   2611.250  +0.689151  +0.712010  1.000  0.166  0.500  S  d0
  8357   2611.562  +0.157109  +1.000207  1.000  0.166  0.500  S  d0
  8358   2611.875  -0.452445  +0.895821  1.000  0.212  0.500  S  d0
  8359   2612.188  -0.881674  +0.463435  1.000  0.212  0.500  S  d0
  8360   2612.500  -0.975589  -0.143076  1.000  0.212  0.500  S  d0
  8361   2612.812  -0.700463  -0.689618  1.000  0.212  0.500  S  d0
  8362   2613.125  -0.165076  -0.976168  1.000  0.212  0.500  S  d0
  8363   2613.438  +0.426409  -0.890802  1.000  0.212  0.500  S  d0
  8364   2613.750  +0.842643  -0.475879  1.000  0.212  0.500  S  d0
  8365   2614.062  +0.953984  +0.105169  1.000  0.212  0.500  S  d0
  8366   2614.375  +0.713655  +0.654543  1.000  0.212  0.500  S  d0
  8367   2614.688  +0.200708  +0.949238  1.000  0.212  0.500  S  d0
  8368   2615.000  -0.381880  +0.884559  1.000  0.212  0.500  S  d0
  8369   2615.312  -0.811572  +0.497966  1.000  0.212  0.500  S  d0
  8370   2615.625  -0.971442  -0.077238  1.000  0.227  0.500  S  d0
  8371   2615.938  -0.732359  -0.616698  1.000  0.227  0.500  S  d0
  8372   2616.250  -0.222209  -0.930156  1.000  0.227  0.500  S  d0
  8373   2616.562  +0.349897  -0.900083  1.000  0.227  0.500  S  d0
  8374   2616.875  +0.813919  -0.511113  1.000  0.227  0.500  S  d0
  8375   2617.188  +0.959323  +0.047782  1.000  0.227  0.500  S  d0
  8376   2617.500  +0.748006  +0.609648  1.000  0.227  0.500  S  d0
  8377   2617.812  +0.254211  +0.915238  1.000  0.227  0.500  S  d0
  8378   2618.125  -0.334501  +0.901194  1.000  0.227  0.500  S  d0
  8379   2618.438  -0.807252  +0.540266  1.000  0.227  0.500  S  d0
  8380   2618.750  -0.967929  -0.026990  1.000  0.227  0.500  S  d0
  8381   2619.062  -0.756038  -0.590304  1.000  0.227  0.500  S  d0
  8382   2619.375  -0.272918  -0.925374  1.000  0.203  0.500  S  d0
  8383   2619.688  +0.317244  -0.921606  1.000  0.203  0.500  S  d0
  8384   2620.000  +0.795713  -0.546944  1.000  0.203  0.500  S  d0
  8385   2620.312  +0.968965  +0.004244  1.000  0.203  0.500  S  d0
  8386   2620.625  +0.783867  +0.571184  1.000  0.203  0.500  S  d0
  8387   2620.938  +0.304810  +0.937994  1.000  0.203  0.500  S  d0
  8388   2621.250  -0.288929  +0.930999  1.000  0.203  0.500  S  d0
  8389   2621.562  -0.790282  +0.583774  1.000  0.203  0.500  S  d0
  8390   2621.875  -1.006982  +0.022352  1.000  0.203  0.500  S  d0
  8391   2622.188  -0.822565  -0.557483  1.000  0.203  0.500  S  d0
  8392   2622.500  -0.336323  -0.945197  1.000  0.203  0.500  S  d0
  8393   2622.812  +0.260576  -0.960260  1.000  0.203  0.500  S  d0
  8394   2623.125  +0.784963  -0.629316  1.000  0.150  0.500  S  d0
  8395   2623.438  +1.001008  -0.057293  1.000  0.150  0.500  S  d0
  8396   2623.750  +0.870544  +0.556476  1.000  0.150  0.500  S  d0
  8397   2624.062  +0.379956  +0.937045  1.000  0.150  0.500  S  d0
  8398   2624.375  -0.240864  +0.982093  1.000  0.150  0.500  S  d0
  8399   2624.688  -0.771084  +0.677469  1.000  0.150  0.500  S  d0
  8400   2625.000  -1.026811  +0.093978  1.000  0.150  0.500  S  d0
  8401   2625.312  -0.896971  -0.521168  1.000  0.150  0.500  S  d0
  8402   2625.625  -0.411094  -0.949908  1.000  0.150  0.500  S  d0
  8403   2625.938  +0.218131  -1.027851  1.000  0.150  0.500  S  d0
  8404   2626.250  +0.763923  -0.716872  1.000  0.150  0.500  S  d0
  8405   2626.562  +1.029807  -0.117661  1.000  0.150  0.500  S  d0
  8406   2626.875  +0.946611  +0.507327  1.000  0.091  0.500  S  d0
  8407   2627.188  +0.458117  +0.945716  1.000  0.091  0.500  S  d0
  8408   2627.500  -0.177926  +1.054359  1.000  0.091  0.500  S  d0
  8409   2627.812  -0.773360  +0.755257  1.000  0.091  0.500  S  d0
  8410   2628.125  -1.065266  +0.159262  1.000  0.091  0.500  S  d0
  8411   2628.438  -0.972504  -0.479205  1.000  0.091  0.500  S  d0
  8412   2628.750  -0.518852  -0.975380  1.000  0.091  0.500  S  d0
  8413   2629.062  +0.146510  -1.070680  1.000  0.091  0.500  S  d0
  8414   2629.375  +0.763065  -0.807284  1.000  0.091  0.500  S  d0
  8415   2629.688  +1.089149  -0.195485  1.000  0.091  0.500  S  d0
  8416   2630.000  +1.047345  +0.458713  1.000  0.091  0.500  S  d0
  8417   2630.312  +0.545671  +0.975566  1.000  0.091  0.500  S  d0
  8418   2630.625  -0.115931  +1.131869  1.000  0.053  0.500  S  d0
  8419   2630.938  -0.770036  +0.847400  1.000  0.053  0.500  S  d0
  8420   2631.250  -1.105917  +0.246871  1.000  0.053  0.500  S  d0
  8421   2631.562  -1.079040  -0.463701  1.000  0.053  0.500  S  d0
  8422   2631.875  -0.604565  -0.976923  1.000  0.053  0.500  S  d0
  8423   2632.188  +0.091842  -1.158896  1.000  0.053  0.500  S  d0
  8424   2632.500  +0.771868  -0.898287  1.000  0.053  0.500  S  d0
  8425   2632.812  +1.156423  -0.296283  1.000  0.053  0.500  S  d0
  8426   2633.125  +1.105145  +0.437845  1.000  0.053  0.500  S  d0
  8427   2633.438  +0.636701  +0.992795  1.000  0.053  0.500  S  d0
  8428   2633.750  -0.076474  +1.205128  1.000  0.053  0.500  S  d0
  8429   2634.062  -0.758850  +0.942224  1.000  0.053  0.500  S  d0
  8430   2634.375  -1.193601  +0.332308  1.000  0.062  0.500  S  d0
  8431   2634.688  -1.126839  -0.417898  1.000  0.062  0.500  S  d0
  8432   2635.000  -0.676389  -1.018072  1.000  0.062  0.500  S  d0
  8433   2635.312  +0.025296  -1.222165  1.000  0.062  0.500  S  d0
  8434   2635.625  +0.767544  -0.982608  1.000  0.062  0.500  S  d0
  8435   2635.938  +1.182632  -0.374804  1.000  0.062  0.500  S  d0
  8436   2636.250  +1.200246  +0.397755  1.000  0.062  0.500  S  d0
  8437   2636.562  +0.734862  +1.018580  1.000  0.062  0.500  S  d0
  8438   2636.875  -0.000630  +1.248403  1.000  0.062  0.500  S  d0
  8439   2637.188  -0.754572  +1.040952  1.000  0.062  0.500  S  d0
  8440   2637.500  -1.220863  +0.417601  1.000  0.062  0.500  S  d0
  8441   2637.812  -1.229879  -0.392992  1.000  0.062  0.500  S  d0
  8442   2638.125  -0.787127  -1.032769  1.000  0.111  0.500  S  d0
  8443   2638.438  -0.022563  -1.292441  1.000  0.111  0.500  S  d0
  8444   2638.750  +0.724957  -1.082834  1.000  0.111  0.500  S  d0
  8445   2639.062  +1.230894  -0.459722  1.000  0.111  0.500  S  d0
  8446   2639.375  +1.273176  +0.343315  1.000  0.111  0.500  S  d0
  8447   2639.688  +0.837742  +1.036685  1.000  0.111  0.500  S  d0
  8448   2640.000  +0.087785  +1.344948  1.000  0.111  0.500  S  d0
  8449   2640.312  -0.704895  +1.151177  1.000  0.111  0.500  S  d0
  8450   2640.625  -1.248782  +0.500663  1.000  0.111  0.500  S  d0
  8451   2640.938  -1.313953  -0.306735  1.000  0.111  0.500  S  d0
  8452   2641.250  -0.895636  -1.057751  1.000  0.111  0.500  S  d0
  8453   2641.562  -0.120263  -1.369757  1.000  0.111  0.500  S  d0
  8454   2641.875  +0.685225  -1.183912  1.000  0.169  0.500  S  d0
  8455   2642.188  +1.249082  -0.558550  1.000  0.169  0.500  S  d0
  8456   2642.500  +1.342706  +0.281721  1.000  0.169  0.500  S  d0
  8457   2642.812  +0.930402  +1.014455  1.000  0.169  0.500  S  d0
  8458   2643.125  +0.174684  +1.378242  1.000  0.169  0.500  S  d0
  8459   2643.438  -0.646063  +1.242012  1.000  0.169  0.500  S  d0
  8460   2643.750  -1.254811  +0.606293  1.000  0.169  0.500  S  d0
  8461   2644.062  -1.371612  -0.226733  1.000  0.169  0.500  S  d0
  8462   2644.375  -0.990569  -1.014597  1.000  0.169  0.500  S  d0
  8463   2644.688  -0.209834  -1.374568  1.000  0.169  0.500  S  d0
  8464   2645.000  +0.625577  -1.277250  1.000  0.169  0.500  S  d0
  8465   2645.312  +1.245496  -0.681152  1.000  0.169  0.500  S  d0
  8466   2645.625  +1.405131  +0.190498  1.000  0.216  0.500  S  d0
  8467   2645.938  +1.026433  +0.988920  1.000  0.216  0.500  S  d0
  8468   2646.250  +0.262358  +1.427396  1.000  0.216  0.500  S  d0
  8469   2646.562  -0.598816  +1.308174  1.000  0.216  0.500  S  d0
  8470   2646.875  -1.246840  +0.703243  1.000  0.216  0.500  S  d0
  8471   2647.188  -1.416345  -0.151038  1.000  0.216  0.500  S  d0
  8472   2647.500  -1.063838  -0.966582  1.000  0.216  0.500  S  d0
  8473   2647.812  -0.297365  -1.408367  1.000  0.216  0.500  S  d0
  8474   2648.125  +0.555543  -1.330990  1.000  0.216  0.500  S  d0
  8475   2648.438  +1.227029  -0.749128  1.000  0.216  0.500  S  d0
  8476   2648.750  +1.425899  +0.103129  1.000  0.216  0.500  S  d0
  8477   2649.062  +1.093306  +0.930802  1.000  0.216  0.500  S  d0
  8478   2649.375  +0.345730  +1.397772  1.000  0.229  0.500  S  d0
  8479   2649.688  -0.523314  +1.363809  1.000  0.229  0.500  S  d0
  8480   2650.000  -1.198373  +0.783291  1.000  0.229  0.500  S  d0
  8481   2650.312  -1.442499  -0.090332  1.000  0.229  0.500  S  d0
  8482   2650.625  -1.143085  -0.899429  1.000  0.229  0.500  S  d0
  8483   2650.938  -0.375048  -1.375406  1.000  0.229  0.500  S  d0
  8484   2651.250  +0.513019  -1.363713  1.000  0.229  0.500  S  d0
  8485   2651.562  +1.195326  -0.811837  1.000  0.229  0.500  S  d0
  8486   2651.875  +1.436612  +0.036040  1.000  0.229  0.500  S  d0
  8487   2652.188  +1.133652  +0.868897  1.000  0.229  0.500  S  d0
  8488   2652.500  +0.410830  +1.377070  1.000  0.229  0.500  S  d0
  8489   2652.812  -0.463658  +1.357500  1.000  0.229  0.500  S  d0
  8490   2653.125  -1.164903  +0.842058  1.000  0.204  0.500  S  d0
  8491   2653.438  -1.431324  +0.001160  1.000  0.204  0.500  S  d0
  8492   2653.750  -1.165368  -0.822252  1.000  0.204  0.500  S  d0
  8493   2654.062  -0.457113  -1.364423  1.000  0.204  0.500  S  d0
  8494   2654.375  +0.404176  -1.367543  1.000  0.204  0.500  S  d0
  8495   2654.688  +1.112045  -0.845064  1.000  0.204  0.500  S  d0
  8496   2655.000  +1.421580  -0.057179  1.000  0.204  0.500  S  d0
  8497   2655.312  +1.198121  +0.760585  1.000  0.204  0.500  S  d0
  8498   2655.625  +0.501623  +1.324425  1.000  0.204  0.500  S  d0
  8499   2655.938  -0.362895  +1.371188  1.000  0.204  0.500  S  d0
  8500   2656.250  -1.059181  +0.894475  1.000  0.204  0.500  S  d0
  8501   2656.562  -1.410520  +0.099478  1.000  0.204  0.500  S  d0
  8502   2656.875  -1.195194  -0.717853  1.000  0.151  0.500  S  d0
  8503   2657.188  -0.552713  -1.284902  1.000  0.151  0.500  S  d0
  8504   2657.500  +0.307314  -1.358234  1.000  0.151  0.500  S  d0
  8505   2657.812  +1.039151  -0.927067  1.000  0.151  0.500  S  d0
  8506   2658.125  +1.362553  -0.146053  1.000  0.151  0.500  S  d0
  8507   2658.438  +1.195721  +0.657588  1.000  0.151  0.500  S  d0
  8508   2658.750  +0.580818  +1.244018  1.000  0.151  0.500  S  d0
  8509   2659.062  -0.252770  +1.352417  1.000  0.151  0.500  S  d0
  8510   2659.375  -0.988119  +0.943626  1.000  0.151  0.500  S  d0
  8511   2659.688  -1.318592  +0.180304  1.000  0.151  0.500  S  d0
  8512   2660.000  -1.197222  -0.616545  1.000  0.151  0.500  S  d0
  8513   2660.312  -0.625944  -1.194141  1.000  0.151  0.500  S  d0
  8514   2660.625  +0.201160  -1.325444  1.000  0.094  0.500  S  d0
  8515   2660.938  +0.952454  -0.949506  1.000  0.094  0.500  S  d0
  8516   2661.250  +1.310169  -0.218016  1.000  0.094  0.500  S  d0
  8517   2661.562  +1.188280  +0.572499  1.000  0.094  0.500  S  d0
  8518   2661.875  +0.623462  +1.157782  1.000  0.094  0.500  S  d0
  8519   2662.188  -0.165470  +1.295912  1.000  0.094  0.500  S  d0
  8520   2662.500  -0.881605  +0.955194  1.000  0.094  0.500  S  d0
  8521   2662.812  -1.269868  +0.246874  1.000  0.094  0.500  S  d0
  8522   2663.125  -1.190773  -0.517404  1.000  0.094  0.500  S  d0
  8523   2663.438  -0.634705  -1.114807  1.000  0.094  0.500  S  d0
  8524   2663.750  +0.125902  -1.286221  1.000  0.094  0.500  S  d0
  8525   2664.062  +0.830240  -0.940181  1.000  0.094  0.500  S  d0
  8526   2664.375  +1.216864  -0.274724  1.000  0.058  0.500  S  d0
  8527   2664.688  +1.176711  +0.472975  1.000  0.058  0.500  S  d0
  8528   2665.000  +0.647501  +1.041494  1.000  0.058  0.500  S  d0
  8529   2665.312  -0.078816  +1.252010  1.000  0.058  0.500  S  d0
  8530   2665.625  -0.783516  +0.938803  1.000  0.058  0.500  S  d0
  8531   2665.938  -1.188767  +0.313558  1.000  0.058  0.500  S  d0
  8532   2666.250  -1.131782  -0.421128  1.000  0.058  0.500  S  d0
  8533   2666.562  -0.665657  -1.002204  1.000  0.058  0.500  S  d0
  8534   2666.875  +0.051802  -1.191603  1.000  0.058  0.500  S  d0
  8535   2667.188  +0.736626  -0.961626  1.000  0.058  0.500  S  d0
  8536   2667.500  +1.131098  -0.329557  1.000  0.058  0.500  S  d0
  8537   2667.812  +1.107494  +0.376932  1.000  0.058  0.500  S  d0
  8538   2668.125  +0.672420  +0.967788  1.000  0.067  0.500  S  d0
  8539   2668.438  -0.007473  +1.167590  1.000  0.067  0.500  S  d0
  8540   2668.750  -0.707312  +0.940393  1.000  0.067  0.500  S  d0
  8541   2669.062  -1.083650  +0.345856  1.000  0.067  0.500  S  d0
  8542   2669.375  -1.076986  -0.353561  1.000  0.067  0.500  S  d0
  8543   2669.688  -0.677673  -0.914583  1.000  0.067  0.500  S  d0
  8544   2670.000  -0.012212  -1.137387  1.000  0.067  0.500  S  d0
  8545   2670.312  +0.634005  -0.933927  1.000  0.067  0.500  S  d0
  8546   2670.625  +1.046658  -0.382450  1.000  0.067  0.500  S  d0
  8547   2670.938  +1.066055  +0.309081  1.000  0.067  0.500  S  d0
  8548   2671.250  +0.700875  +0.875872  1.000  0.067  0.500  S  d0
  8549   2671.562  +0.042168  +1.105719  1.000  0.067  0.500  S  d0
  8550   2671.875  -0.577037  +0.923362  1.000  0.117  0.500  S  d0
  8551   2672.188  -1.021451  +0.397809  1.000  0.117  0.500  S  d0
  8552   2672.500  -1.056833  -0.260730  1.000  0.117  0.500  S  d0
  8553   2672.812  -0.695839  -0.820592  1.000  0.117  0.500  S  d0
  8554   2673.125  -0.093583  -1.072688  1.000  0.117  0.500  S  d0
  8555   2673.438  +0.548658  -0.922953  1.000  0.117  0.500  S  d0
  8556   2673.750  +0.959568  -0.418948  1.000  0.117  0.500  S  d0
  8557   2674.062  +1.047259  +0.224051  1.000  0.117  0.500  S  d0
  8558   2674.375  +0.711369  +0.768119  1.000  0.117  0.500  S  d0
  8559   2674.688  +0.117023  +1.035939  1.000  0.117  0.500  S  d0
  8560   2675.000  -0.486434  +0.908696  1.000  0.117  0.500  S  d0
  8561   2675.312  -0.936945  +0.453799  1.000  0.117  0.500  S  d0
  8562   2675.625  -1.019907  -0.173041  1.000  0.175  0.500  S  d0
  8563   2675.938  -0.720761  -0.742123  1.000  0.175  0.500  S  d0
  8564   2676.250  -0.147885  -1.016742  1.000  0.175  0.500  S  d0
  8565   2676.562  +0.450132  -0.906156  1.000  0.175  0.500  S  d0
  8566   2676.875  +0.895131  -0.460242  1.000  0.175  0.500  S  d0
  8567   2677.188  +1.019536  +0.145675  1.000  0.175  0.500  S  d0
  8568   2677.500  +0.725340  +0.702345  1.000  0.175  0.500  S  d0
  8569   2677.812  +0.164493  +0.993136  1.000  0.175  0.500  S  d0
  8570   2678.125  -0.412119  +0.898127  1.000  0.175  0.500  S  d0
  8571   2678.438  -0.862731  +0.486054  1.000  0.175  0.500  S  d0
  8572   2678.750  -0.993322  -0.108240  1.000  0.175  0.500  S  d0
  8573   2679.062  -0.742157  -0.681833  1.000  0.175  0.500  S  d0
  8574   2679.375  -0.208562  -0.970987  1.000  0.218  0.500  S  d0
  8575   2679.688  +0.390176  -0.889338  1.000  0.218  0.500  S  d0
  8576   2680.000  +0.844182  -0.500374  1.000  0.218  0.500  S  d0
  8577   2680.312  +0.972767  +0.086234  1.000  0.218  0.500  S  d0
  8578   2680.625  +0.745109  +0.630527  1.000  0.218  0.500  S  d0
  8579   2680.938  +0.231704  +0.938711  1.000  0.218  0.500  S  d0
  8580   2681.250  -0.364874  +0.900662  1.000  0.218  0.500  S  d0
  8581   2681.562  -0.820386  +0.517749  1.000  0.218  0.500  S  d0
  8582   2681.875  -0.961715  -0.058814  1.000  0.218  0.500  S  d0
  8583   2682.188  -0.741360  -0.607220  1.000  0.218  0.500  S  d0
  8584   2682.500  -0.236756  -0.928153  1.000  0.218  0.500  S  d0
  8585   2682.812  +0.339814  -0.902720  1.000  0.218  0.500  S  d0
  8586   2683.125  +0.781390  -0.527467  1.000  0.230  0.500  S  d0
  8587   2683.438  +0.948410  +0.030624  1.000  0.230  0.500  S  d0
  8588   2683.750  +0.758589  +0.593999  1.000  0.230  0.500  S  d0
  8589   2684.062  +0.271470  +0.923688  1.000  0.230  0.500  S  d0
  8590   2684.375  -0.313776  +0.909764  1.000  0.230  0.500  S  d0
  8591   2684.688  -0.784345  +0.555236  1.000  0.230  0.500  S  d0
  8592   2685.000  -0.950634  -0.016534  1.000  0.230  0.500  S  d0
  8593   2685.312  -0.775859  -0.580220  1.000  0.230  0.500  S  d0
  8594   2685.625  -0.287493  -0.917813  1.000  0.230  0.500  S  d0
  8595   2685.938  +0.283721  -0.921692  1.000  0.230  0.500  S  d0
  8596   2686.250  +0.783939  -0.571595  1.000  0.230  0.500  S  d0
  8597   2686.562  +0.970620  -0.020290  1.000  0.230  0.500  S  d0
  8598   2686.875  +0.796541  +0.543800  1.000  0.202  0.500  S  d0
  8599   2687.188  +0.325492  +0.906450  1.000  0.202  0.500  S  d0
  8600   2687.500  -0.258963  +0.952704  1.000  0.202  0.500  S  d0
  8601   2687.812  -0.768463  +0.626882  1.000  0.202  0.500  S  d0
  8602   2688.125  -0.982692  +0.059361  1.000  0.202  0.500  S  d0
  8603   2688.438  -0.836784  -0.522328  1.000  0.202  0.500  S  d0
  8604   2688.750  -0.367213  -0.922665  1.000  0.202  0.500  S  d0
  8605   2689.062  +0.233575  -0.976002  1.000  0.202  0.500  S  d0
  8606   2689.375  +0.770936  -0.651471  1.000  0.202  0.500  S  d0
  8607   2689.688  +0.990067  -0.088804  1.000  0.202  0.500  S  d0
  8608   2690.000  +0.867412  +0.507831  1.000  0.202  0.500  S  d0
  8609   2690.312  +0.409131  +0.921439  1.000  0.202  0.500  S  d0
  8610   2690.625  -0.213296  +0.980797  1.000  0.148  0.500  S  d0
  8611   2690.938  -0.742175  +0.677566  1.000  0.148  0.500  S  d0
  8612   2691.250  -1.022464  +0.125648  1.000  0.148  0.500  S  d0
  8613   2691.562  -0.896680  -0.481874  1.000  0.148  0.500  S  d0
  8614   2691.875  -0.436611  -0.904017  1.000  0.148  0.500  S  d0
  8615   2692.188  +0.176794  -1.024640  1.000  0.148  0.500  S  d0
  8616   2692.500  +0.747376  -0.725962  1.000  0.148  0.500  S  d0
  8617   2692.812  +1.022747  -0.158185  1.000  0.148  0.500  S  d0
  8618   2693.125  +0.922489  +0.462089  1.000  0.148  0.500  S  d0
  8619   2693.438  +0.485476  +0.938860  1.000  0.148  0.500  S  d0
  8620   2693.750  -0.139817  +1.041848  1.000  0.148  0.500  S  d0
  8621   2694.062  -0.737755  +0.768111  1.000  0.148  0.500  S  d0
  8622   2694.375  -1.051688  +0.192050  1.000  0.092  0.500  S  d0
  8623   2694.688  -0.972260  -0.446173  1.000  0.092  0.500  S  d0
  8624   2695.000  -0.516420  -0.945970  1.000  0.092  0.500  S  d0
  8625   2695.312  +0.115372  -1.081767  1.000  0.092  0.500  S  d0
  8626   2695.625  +0.730739  -0.795419  1.000  0.092  0.500  S  d0
  8627   2695.938  +1.076340  -0.226324  1.000  0.092  0.500  S  d0
  8628   2696.250  +1.004412  +0.416360  1.000  0.092  0.500  S  d0
  8629   2696.562  +0.569853  +0.950231  1.000  0.092  0.500  S  d0
  8630   2696.875  -0.079729  +1.127487  1.000  0.092  0.500  S  d0
  8631   2697.188  -0.726483  +0.836845  1.000  0.092  0.500  S  d0
  8632   2697.500  -1.110857  +0.282116  1.000  0.092  0.500  S  d0
  8633   2697.812  -1.054453  -0.422683  1.000  0.092  0.500  S  d0
  8634   2698.125  -0.633466  -0.971615  1.000  0.063  0.500  S  d0
  8635   2698.438  +0.065573  -1.153176  1.000  0.063  0.500  S  d0
  8636   2698.750  +0.751661  -0.910004  1.000  0.063  0.500  S  d0
  8637   2699.062  +1.104327  -0.302498  1.000  0.063  0.500  S  d0
  8638   2699.375  +1.116534  +0.413774  1.000  0.063  0.500  S  d0
  8639   2699.688  +0.673014  +0.989100  1.000  0.063  0.500  S  d0
  8640   2700.000  -0.038835  +1.197694  1.000  0.063  0.500  S  d0
  8641   2700.312  -0.741878  +0.949462  1.000  0.063  0.500  S  d0
  8642   2700.625  -1.153446  +0.338834  1.000  0.063  0.500  S  d0
  8643   2700.938  -1.147956  -0.407139  1.000  0.063  0.500  S  d0
  8644   2701.250  -0.704691  -0.982864  1.000  0.063  0.500  S  d0
  8645   2701.562  +0.013335  -1.231120  1.000  0.063  0.500  S  d0
  8646   2701.875  +0.744714  -1.005258  1.000  0.078  0.500  S  d0
  8647   2702.188  +1.170641  -0.378908  1.000  0.078  0.500  S  d0
  8648   2702.500  +1.177973  +0.388198  1.000  0.078  0.500  S  d0
  8649   2702.812  +0.758661  +0.990449  1.000  0.078  0.500  S  d0
  8650   2703.125  +0.008892  +1.262847  1.000  0.078  0.500  S  d0
  8651   2703.438  -0.704940  +1.060968  1.000  0.078  0.500  S  d0
  8652   2703.750  -1.204555  +0.433180  1.000  0.078  0.500  S  d0
  8653   2704.062  -1.228609  -0.334430  1.000  0.078  0.500  S  d0
  8654   2704.375  -0.803776  -1.003779  1.000  0.078  0.500  S  d0
  8655   2704.688  -0.058452  -1.288522  1.000  0.078  0.500  S  d0
  8656   2705.000  +0.666843  -1.096712  1.000  0.078  0.500  S  d0
  8657   2705.312  +1.216963  -0.494108  1.000  0.078  0.500  S  d0
  8658   2705.625  +1.275163  +0.284944  1.000  0.127  0.500  S  d0
  8659   2705.938  +0.856116  +1.000570  1.000  0.127  0.500  S  d0
  8660   2706.250  +0.113681  +1.329538  1.000  0.127  0.500  S  d0
  8661   2706.562  -0.667359  +1.146432  1.000  0.127  0.500  S  d0
  8662   2706.875  -1.197258  +0.526419  1.000  0.127  0.500  S  d0
  8663   2707.188  -1.320761  -0.269366  1.000  0.127  0.500  S  d0
  8664   2707.500  -0.918156  -0.988530  1.000  0.127  0.500  S  d0
  8665   2707.812  -0.157066  -1.328089  1.000  0.127  0.500  S  d0
  8666   2708.125  +0.635703  -1.189415  1.000  0.127  0.500  S  d0
  8667   2708.438  +1.245667  -0.589206  1.000  0.127  0.500  S  d0
  8668   2708.750  +1.351145  +0.231602  1.000  0.127  0.500  S  d0
  8669   2709.062  +0.960966  +0.978252  1.000  0.127  0.500  S  d0
  8670   2709.375  +0.211483  +1.354635  1.000  0.185  0.500  S  d0
  8671   2709.688  -0.616817  +1.230736  1.000  0.185  0.500  S  d0
  8672   2710.000  -1.243950  +0.641416  1.000  0.185  0.500  S  d0
  8673   2710.312  -1.391529  -0.192072  1.000  0.185  0.500  S  d0
  8674   2710.625  -1.028311  -0.961197  1.000  0.185  0.500  S  d0
  8675   2710.938  -0.253886  -1.362865  1.000  0.185  0.500  S  d0
  8676   2711.250  +0.583685  -1.278176  1.000  0.185  0.500  S  d0
  8677   2711.562  +1.237274  -0.687658  1.000  0.185  0.500  S  d0
  8678   2711.875  +1.425966  +0.152117  1.000  0.185  0.500  S  d0
  8679   2712.188  +1.050689  +0.951464  1.000  0.185  0.500  S  d0
  8680   2712.500  +0.301310  +1.379447  1.000  0.185  0.500  S  d0
  8681   2712.812  -0.546441  +1.291931  1.000  0.185  0.500  S  d0
  8682   2713.125  -1.215096  +0.743701  1.000  0.223  0.500  S  d0
  8683   2713.438  -1.450034  -0.116479  1.000  0.223  0.500  S  d0
  8684   2713.750  -1.084418  -0.936547  1.000  0.223  0.500  S  d0
  8685   2714.062  -0.330501  -1.396316  1.000  0.223  0.500  S  d0
  8686   2714.375  +0.532378  -1.331596  1.000  0.223  0.500  S  d0
  8687   2714.688  +1.229954  -0.778950  1.000  0.223  0.500  S  d0
  8688   2715.000  +1.424176  +0.081393  1.000  0.223  0.500  S  d0
  8689   2715.312  +1.094787  +0.916722  1.000  0.223  0.500  S  d0
  8690   2715.625  +0.377617  +1.396820  1.000  0.223  0.500  S  d0
  8691   2715.938  -0.493564  +1.366682  1.000  0.223  0.500  S  d0
  8692   2716.250  -1.213497  +0.810799  1.000  0.223  0.500  S  d0
  8693   2716.562  -1.441796  -0.041876  1.000  0.223  0.500  S  d0
  8694   2716.875  -1.121900  -0.884067  1.000  0.229  0.500  S  d0
  8695   2717.188  -0.423790  -1.396759  1.000  0.229  0.500  S  d0
  8696   2717.500  +0.488123  -1.366655  1.000  0.229  0.500  S  d0
  8697   2717.812  +1.173645  -0.844378  1.000  0.229  0.500  S  d0
  8698   2718.125  +1.424832  +0.003987  1.000  0.229  0.500  S  d0
  8699   2718.438  +1.170170  +0.858728  1.000  0.229  0.500  S  d0
  8700   2718.750  +0.439828  +1.371464  1.000  0.229  0.500  S  d0
  8701   2719.062  -0.432124  +1.368828  1.000  0.229  0.500  S  d0
  8702   2719.375  -1.155146  +0.855745  1.000  0.229  0.500  S  d0
  8703   2719.688  -1.452809  +0.037630  1.000  0.229  0.500  S  d0
  8704   2720.000  -1.170416  -0.806348  1.000  0.229  0.500  S  d0
  8705   2720.312  -0.480914  -1.333408  1.000  0.229  0.500  S  d0
  8706   2720.625  +0.385761  -1.386324  1.000  0.200  0.500  S  d0
  8707   2720.938  +1.127650  -0.896906  1.000  0.200  0.500  S  d0
  8708   2721.250  +1.400896  -0.081328  1.000  0.200  0.500  S  d0
  8709   2721.562  +1.194966  +0.748733  1.000  0.200  0.500  S  d0
  8710   2721.875  +0.539960  +1.328655  1.000  0.200  0.500  S  d0
  8711   2722.188  -0.331818  +1.371773  1.000  0.200  0.500  S  d0
  8712   2722.500  -1.067236  +0.920384  1.000  0.200  0.500  S  d0
  8713   2722.812  -1.399025  +0.114347  1.000  0.200  0.500  S  d0
  8714   2723.125  -1.209093  -0.701234  1.000  0.200  0.500  S  d0
  8715   2723.438  -0.562792  -1.274375  1.000  0.200  0.500  S  d0
  8716   2723.750  +0.263317  -1.359335  1.000  0.200  0.500  S  d0
  8717   2724.062  +1.014650  -0.941217  1.000  0.200  0.500  S  d0
  8718   2724.375  +1.364325  -0.173915  1.000  0.145  0.500  S  d0
  8719   2724.688  +1.217199  +0.653472  1.000  0.145  0.500  S  d0
  8720   2725.000  +0.618942  +1.239861  1.000  0.145  0.500  S  d0
  8721   2725.312  -0.205877  +1.359091  1.000  0.145  0.500  S  d0
  8722   2725.625  -0.991230  +0.952124  1.000  0.145  0.500  S  d0
  8723   2725.938  -1.364370  +0.212405  1.000  0.145  0.500  S  d0
  8724   2726.250  -1.210900  -0.589973  1.000  0.145  0.500  S  d0
  8725   2726.562  -0.624076  -1.203780  1.000  0.145  0.500  S  d0
  8726   2726.875  +0.185470  -1.362182  1.000  0.145  0.500  S  d0
  8727   2727.188  +0.931164  -0.977300  1.000  0.145  0.500  S  d0
  8728   2727.500  +1.321171  -0.244334  1.000  0.145  0.500  S  d0
  8729   2727.812  +1.201782  +0.579299  1.000  0.145  0.500  S  d0
  8730   2728.125  +0.660408  +1.163601  1.000  0.088  0.500  S  d0
  8731   2728.438  -0.139871  +1.311443  1.000  0.088  0.500  S  d0
  8732   2728.750  -0.879072  +0.980346  1.000  0.088  0.500  S  d0
  8733   2729.062  -1.287835  +0.274181  1.000  0.088  0.500  S  d0
  8734   2729.375  -1.204575  -0.513894  1.000  0.088  0.500  S  d0
  8735   2729.688  -0.685374  -1.130550  1.000  0.088  0.500  S  d0
  8736   2730.000  +0.107748  -1.273206  1.000  0.088  0.500  S  d0
  8737   2730.312  +0.837520  -0.993911  1.000  0.088  0.500  S  d0
  8738   2730.625  +1.252654  -0.291411  1.000  0.088  0.500  S  d0
  8739   2730.938  +1.173056  +0.457943  1.000  0.088  0.500  S  d0
  8740   2731.250  +0.673604  +1.083460  1.000  0.088  0.500  S  d0
  8741   2731.562  -0.059804  +1.261526  1.000  0.088  0.500  S  d0
  8742   2731.875  -0.791693  +0.966295  1.000  0.060  0.500  S  d0
  8743   2732.188  -1.178897  +0.316671  1.000  0.060  0.500  S  d0
  8744   2732.500  -1.153766  -0.428835  1.000  0.060  0.500  S  d0
  8745   2732.812  -0.702645  -1.011879  1.000  0.060  0.500  S  d0
  8746   2733.125  +0.050371  -1.213777  1.000  0.060  0.500  S  d0
  8747   2733.438  +0.744296  -0.960723  1.000  0.060  0.500  S  d0
  8748   2733.750  +1.134029  -0.348446  1.000  0.060  0.500  S  d0
  8749   2734.062  +1.135879  +0.374511  1.000  0.060  0.500  S  d0
  8750   2734.375  +0.693588  +0.970803  1.000  0.060  0.500  S  d0
  8751   2734.688  +0.003264  +1.190565  1.000  0.060  0.500  S  d0
  8752   2735.000  -0.678231  +0.968868  1.000  0.060  0.500  S  d0
  8753   2735.312  -1.121742  +0.384165  1.000  0.060  0.500  S  d0
  8754   2735.625  -1.125042  -0.338099  1.000  0.076  0.500  S  d0
  8755   2735.938  -0.710981  -0.927742  1.000  0.076  0.500  S  d0
  8756   2736.250  -0.039041  -1.152907  1.000  0.076  0.500  S  d0
  8757   2736.562  +0.625919  -0.954532  1.000  0.076  0.500  S  d0
  8758   2736.875  +1.052737  -0.399337  1.000  0.076  0.500  S  d0
  8759   2737.188  +1.116252  +0.289577  1.000  0.076  0.500  S  d0
  8760   2737.500  +0.736608  +0.873055  1.000  0.076  0.500  S  d0
  8761   2737.812  +0.076493  +1.104872  1.000  0.076  0.500  S  d0
  8762   2738.125  -0.570881  +0.938876  1.000  0.076  0.500  S  d0
  8763   2738.438  -1.028095  +0.416849  1.000  0.076  0.500  S  d0
  8764   2738.750  -1.089020  -0.253068  1.000  0.076  0.500  S  d0
  8765   2739.062  -0.719602  -0.805070  1.000  0.076  0.500  S  d0
  8766   2739.375  -0.105575  -1.061309  1.000  0.129  0.500  S  d0
  8767   2739.688  +0.521441  -0.929152  1.000  0.129  0.500  S  d0
  8768   2740.000  +0.977841  -0.437573  1.000  0.129  0.500  S  d0
  8769   2740.312  +1.050042  +0.189188  1.000  0.129  0.500  S  d0
  8770   2740.625  +0.724178  +0.770259  1.000  0.129  0.500  S  d0
  8771   2740.938  +0.146614  +1.040304  1.000  0.129  0.500  S  d0
  8772   2741.250  -0.467614  +0.921373  1.000  0.129  0.500  S  d0
  8773   2741.562  -0.935743  +0.464958  1.000  0.129  0.500  S  d0
  8774   2741.875  -1.052692  -0.160310  1.000  0.129  0.500  S  d0
  8775   2742.188  -0.731748  -0.733180  1.000  0.129  0.500  S  d0
  8776   2742.500  -0.168344  -1.010512  1.000  0.129  0.500  S  d0
  8777   2742.812  +0.444741  -0.919502  1.000  0.129  0.500  S  d0
  8778   2743.125  +0.899163  -0.476294  1.000  0.187  0.500  S  d0
  8779   2743.438  +1.017847  +0.125085  1.000  0.187  0.500  S  d0
  8780   2743.750  +0.737059  +0.683814  1.000  0.187  0.500  S  d0
  8781   2744.062  +0.203773  +0.988622  1.000  0.187  0.500  S  d0
  8782   2744.375  -0.412609  +0.914290  1.000  0.187  0.500  S  d0
  8783   2744.688  -0.868187  +0.503109  1.000  0.187  0.500  S  d0
  8784   2745.000  -0.994044  -0.085058  1.000  0.187  0.500  S  d0
  8785   2745.312  -0.741069  -0.658829  1.000  0.187  0.500  S  d0
  8786   2745.625  -0.231006  -0.979111  1.000  0.187  0.500  S  d0
  8787   2745.938  +0.368894  -0.910624  1.000  0.187  0.500  S  d0
  8788   2746.250  +0.827349  -0.520791  1.000  0.187  0.500  S  d0
  8789   2746.562  +0.990136  +0.067963  1.000  0.187  0.500  S  d0
  8790   2746.875  +0.771156  +0.643471  1.000  0.224  0.500  S  d0
  8791   2747.188  +0.242555  +0.948145  1.000  0.224  0.500  S  d0
  8792   2747.500  -0.350089  +0.904027  1.000  0.224  0.500  S  d0
  8793   2747.812  -0.816004  +0.535054  1.000  0.224  0.500  S  d0
  8794   2748.125  -0.968424  -0.043411  1.000  0.224  0.500  S  d0
  8795   2748.438  -0.755409  -0.605600  1.000  0.224  0.500  S  d0
  8796   2748.750  -0.265818  -0.938887  1.000  0.224  0.500  S  d0
  8797   2749.062  +0.320850  -0.911295  1.000  0.224  0.500  S  d0
  8798   2749.375  +0.784411  -0.544167  1.000  0.224  0.500  S  d0
  8799   2749.688  +0.966613  +0.019119  1.000  0.224  0.500  S  d0
  8800   2750.000  +0.770572  +0.587865  1.000  0.224  0.500  S  d0
  8801   2750.312  +0.274578  +0.918146  1.000  0.224  0.500  S  d0
  8802   2750.625  -0.293346  +0.907741  1.000  0.229  0.500  S  d0
  8803   2750.938  -0.773453  +0.560911  1.000  0.229  0.500  S  d0
  8804   2751.250  -0.967267  +0.007951  1.000  0.229  0.500  S  d0
  8805   2751.562  -0.785064  -0.550431  1.000  0.229  0.500  S  d0
  8806   2751.875  -0.319251  -0.903968  1.000  0.229  0.500  S  d0
  8807   2752.188  +0.268197  -0.916341  1.000  0.229  0.500  S  d0
  8808   2752.500  +0.764057  -0.597517  1.000  0.229  0.500  S  d0
  8809   2752.812  +0.971266  -0.046274  1.000  0.229  0.500  S  d0
  8810   2753.125  +0.811458  +0.526025  1.000  0.229  0.500  S  d0
  8811   2753.438  +0.341731  +0.898848  1.000  0.229  0.500  S  d0
  8812   2753.750  -0.234186  +0.945676  1.000  0.229  0.500  S  d0
  8813   2754.062  -0.748530  +0.623130  1.000  0.229  0.500  S  d0
  8814   2754.375  -0.986936  +0.077126  1.000  0.200  0.500  S  d0
  8815   2754.688  -0.825450  -0.502259  1.000  0.200  0.500  S  d0
  8816   2755.000  -0.379510  -0.895819  1.000  0.200  0.500  S  d0
  8817   2755.312  +0.198533  -0.962391  1.000  0.200  0.500  S  d0
  8818   2755.625  +0.729171  -0.676084  1.000  0.200  0.500  S  d0
  8819   2755.938  +0.984313  -0.109201  1.000  0.200  0.500  S  d0
  8820   2756.250  +0.872189  +0.482473  1.000  0.200  0.500  S  d0
  8821   2756.562  +0.426261  +0.895790  1.000  0.200  0.500  S  d0
  8822   2756.875  -0.177603  +0.989046  1.000  0.200  0.500  S  d0
  8823   2757.188  -0.727050  +0.708216  1.000  0.200  0.500  S  d0
  8824   2757.500  -0.988330  +0.143276  1.000  0.200  0.500  S  d0
  8825   2757.812  -0.898664  -0.470589  1.000  0.200  0.500  S  d0
  8826   2758.125  -0.450469  -0.900058  1.000  0.141  0.500  S  d0
  8827   2758.438  +0.152149  -0.995454  1.000  0.141  0.500  S  d0
  8828   2758.750  +0.707507  -0.730071  1.000  0.141  0.500  S  d0
  8829   2759.062  +1.001655  -0.175472  1.000  0.141  0.500  S  d0
  8830   2759.375  +0.911755  +0.431181  1.000  0.141  0.500  S  d0
  8831   2759.688  +0.499246  +0.909360  1.000  0.141  0.500  S  d0
  8832   2760.000  -0.106958  +1.037032  1.000  0.141  0.500  S  d0
  8833   2760.312  -0.710811  +0.776554  1.000  0.141  0.500  S  d0
  8834   2760.625  -1.027703  +0.205177  1.000  0.141  0.500  S  d0
  8835   2760.938  -0.969000  -0.425266  1.000  0.141  0.500  S  d0
  8836   2761.250  -0.540271  -0.939195  1.000  0.141  0.500  S  d0
  8837   2761.562  +0.100612  -1.077483  1.000  0.141  0.500  S  d0
  8838   2761.875  +0.708060  -0.796976  1.000  0.087  0.500  S  d0
  8839   2762.188  +1.066042  -0.246595  1.000  0.087  0.500  S  d0
  8840   2762.500  +1.006537  +0.420765  1.000  0.087  0.500  S  d0
  8841   2762.812  +0.571862  +0.943060  1.000  0.087  0.500  S  d0
  8842   2763.125  -0.070981  +1.091104  1.000  0.087  0.500  S  d0
  8843   2763.438  -0.714407  +0.858507  1.000  0.087  0.500  S  d0
  8844   2763.750  -1.080531  +0.273321  1.000  0.087  0.500  S  d0
  8845   2764.062  -1.055156  -0.406007  1.000  0.087  0.500  S  d0
  8846   2764.375  -0.617182  -0.946296  1.000  0.087  0.500  S  d0
  8847   2764.688  +0.046312  -1.128067  1.000  0.087  0.500  S  d0
  8848   2765.000  +0.709248  -0.874920  1.000  0.087  0.500  S  d0
  8849   2765.312  +1.108151  -0.312707  1.000  0.087  0.500  S  d0
  8850   2765.625  +1.100258  +0.372866  1.000  0.061  0.500  S  d0
  8851   2765.938  +0.656978  +0.964317  1.000  0.061  0.500  S  d0
  8852   2766.250  -0.004549  +1.156671  1.000  0.061  0.500  S  d0
  8853   2766.562  -0.703236  +0.936749  1.000  0.061  0.500  S  d0
  8854   2766.875  -1.129488  +0.361069  1.000  0.061  0.500  S  d0
  8855   2767.188  -1.151060  -0.365762  1.000  0.061  0.500  S  d0
  8856   2767.500  -0.720073  -0.976996  1.000  0.061  0.500  S  d0
  8857   2767.812  -0.020678  -1.224860  1.000  0.061  0.500  S  d0
  8858   2768.125  +0.698172  -0.993286  1.000  0.061  0.500  S  d0
  8859   2768.438  +1.152618  -0.422588  1.000  0.061  0.500  S  d0
  8860   2768.750  +1.176962  +0.346809  1.000  0.061  0.500  S  d0
  8861   2769.062  +0.781101  +0.991475  1.000  0.061  0.500  S  d0
  8862   2769.375  +0.048916  +1.247718  1.000  0.080  0.500  S  d0
  8863   2769.688  -0.672456  +1.055265  1.000  0.080  0.500  S  d0
  8864   2770.000  -1.167341  +0.453399  1.000  0.080  0.500  S  d0
  8865   2770.312  -1.205756  -0.306729  1.000  0.080  0.500  S  d0
  8866   2770.625  -0.818614  -0.970543  1.000  0.080  0.500  S  d0
  8867   2770.938  -0.118499  -1.261021  1.000  0.080  0.500  S  d0
  8868   2771.250  +0.652935  -1.111992  1.000  0.080  0.500  S  d0
  8869   2771.562  +1.187297  -0.515578  1.000  0.080  0.500  S  d0
  8870   2771.875  +1.284186  +0.261149  1.000  0.080  0.500  S  d0
  8871   2772.188  +0.861996  +0.959075  1.000  0.080  0.500  S  d0
  8872   2772.500  +0.154684  +1.321792  1.000  0.080  0.500  S  d0
  8873   2772.812  -0.649524  +1.145227  1.000  0.080  0.500  S  d0
  8874   2773.125  -1.193852  +0.560981  1.000  0.135  0.500  S  d0
  8875   2773.438  -1.314112  -0.234395  1.000  0.135  0.500  S  d0
  8876   2773.750  -0.932211  -0.945109  1.000  0.135  0.500  S  d0
  8877   2774.062  -0.189573  -1.318074  1.000  0.135  0.500  S  d0
  8878   2774.375  +0.600141  -1.211025  1.000  0.135  0.500  S  d0
  8879   2774.688  +1.191452  -0.606536  1.000  0.135  0.500  S  d0
  8880   2775.000  +1.362048  +0.174855  1.000  0.135  0.500  S  d0
  8881   2775.312  +0.985448  +0.944840  1.000  0.135  0.500  S  d0
  8882   2775.625  +0.260787  +1.337312  1.000  0.135  0.500  S  d0
  8883   2775.938  -0.591830  +1.258401  1.000  0.135  0.500  S  d0
  8884   2776.250  -1.210329  +0.666106  1.000  0.135  0.500  S  d0
  8885   2776.562  -1.393271  -0.162925  1.000  0.135  0.500  S  d0
  8886   2776.875  -1.008430  -0.928809  1.000  0.190  0.500  S  d0
  8887   2777.188  -0.287065  -1.372356  1.000  0.190  0.500  S  d0
  8888   2777.500  +0.559597  -1.284139  1.000  0.190  0.500  S  d0
  8889   2777.812  +1.197309  -0.689106  1.000  0.190  0.500  S  d0
  8890   2778.125  +1.408269  +0.136159  1.000  0.190  0.500  S  d0
  8891   2778.438  +1.053140  +0.925416  1.000  0.190  0.500  S  d0
  8892   2778.750  +0.338593  +1.354230  1.000  0.190  0.500  S  d0
  8893   2779.062  -0.510915  +1.291354  1.000  0.190  0.500  S  d0
  8894   2779.375  -1.209176  +0.765469  1.000  0.190  0.500  S  d0
  8895   2779.688  -1.424392  -0.079191  1.000  0.190  0.500  S  d0
  8896   2780.000  -1.111714  -0.916755  1.000  0.190  0.500  S  d0
  8897   2780.312  -0.378160  -1.371235  1.000  0.190  0.500  S  d0
  8898   2780.625  +0.511386  -1.321274  1.000  0.225  0.500  S  d0
  8899   2780.938  +1.181969  -0.802950  1.000  0.225  0.500  S  d0
  8900   2781.250  +1.431010  +0.036774  1.000  0.225  0.500  S  d0
  8901   2781.562  +1.132232  +0.872970  1.000  0.225  0.500  S  d0
  8902   2781.875  +0.417108  +1.369581  1.000  0.225  0.500  S  d0
  8903   2782.188  -0.467611  +1.374474  1.000  0.225  0.500  S  d0
  8904   2782.500  -1.171993  +0.844471  1.000  0.225  0.500  S  d0
  8905   2782.812  -1.445860  -0.027425  1.000  0.225  0.500  S  d0
  8906   2783.125  -1.157567  -0.858450  1.000  0.225  0.500  S  d0
  8907   2783.438  -0.441190  -1.352024  1.000  0.225  0.500  S  d0
  8908   2783.750  +0.449890  -1.369336  1.000  0.225  0.500  S  d0
  8909   2784.062  +1.164363  -0.869478  1.000  0.225  0.500  S  d0
  8910   2784.375  +1.432429  -0.025523  1.000  0.227  0.500  S  d0
  8911   2784.688  +1.176173  +0.803187  1.000  0.227  0.500  S  d0
  8912   2785.000  +0.489491  +1.351318  1.000  0.227  0.500  S  d0
  8913   2785.312  -0.390713  +1.383551  1.000  0.227  0.500  S  d0
  8914   2785.625  -1.130994  +0.912137  1.000  0.227  0.500  S  d0
  8915   2785.938  -1.421971  +0.073423  1.000  0.227  0.500  S  d0
  8916   2786.250  -1.210565  -0.758608  1.000  0.227  0.500  S  d0
  8917   2786.562  -0.532859  -1.328744  1.000  0.227  0.500  S  d0
  8918   2786.875  +0.332208  -1.393681  1.000  0.227  0.500  S  d0
  8919   2787.188  +1.096802  -0.943125  1.000  0.227  0.500  S  d0
  8920   2787.500  +1.405324  -0.112127  1.000  0.227  0.500  S  d0
  8921   2787.812  +1.244490  +0.713434  1.000  0.227  0.500  S  d0
  8922   2788.125  +0.580774  +1.317256  1.000  0.193  0.500  S  d0
  8923   2788.438  -0.277556  +1.384943  1.000  0.193  0.500  S  d0
  8924   2788.750  -1.070023  +0.952917  1.000  0.193  0.500  S  d0
  8925   2789.062  -1.391307  +0.165669  1.000  0.193  0.500  S  d0
  8926   2789.375  -1.251569  -0.692463  1.000  0.193  0.500  S  d0
  8927   2789.688  -0.629926  -1.296538  1.000  0.193  0.500  S  d0
  8928   2790.000  +0.238353  -1.377784  1.000  0.193  0.500  S  d0
  8929   2790.312  +1.013747  -0.956336  1.000  0.193  0.500  S  d0
  8930   2790.625  +1.393795  -0.197559  1.000  0.193  0.500  S  d0
  8931   2790.938  +1.248769  +0.637109  1.000  0.193  0.500  S  d0
  8932   2791.250  +0.647181  +1.260989  1.000  0.193  0.500  S  d0
  8933   2791.562  -0.188769  +1.371429  1.000  0.193  0.500  S  d0
  8934   2791.875  -0.950811  +0.972958  1.000  0.138  0.500  S  d0
  8935   2792.188  -1.371853  +0.239923  1.000  0.138  0.500  S  d0
  8936   2792.500  -1.262264  -0.587146  1.000  0.138  0.500  S  d0
  8937   2792.812  -0.663027  -1.200519  1.000  0.138  0.500  S  d0
  8938   2793.125  +0.158127  -1.360984  1.000  0.138  0.500  S  d0
  8939   2793.438  +0.898270  -1.000245  1.000  0.138  0.500  S  d0
  8940   2793.750  +1.340959  -0.270407  1.000  0.138  0.500  S  d0
  8941   2794.062  +1.229350  +0.537562  1.000  0.138  0.500  S  d0
  8942   2794.375  +0.691457  +1.155993  1.000  0.138  0.500  S  d0
  8943   2794.688  -0.118970  +1.333798  1.000  0.138  0.500  S  d0
  8944   2795.000  -0.860598  +1.016870  1.000  0.138  0.500  S  d0
  8945   2795.312  -1.268006  +0.291481  1.000  0.138  0.500  S  d0
  8946   2795.625  -1.235333  -0.499919  1.000  0.082  0.500  S  d0
  8947   2795.938  -0.706290  -1.128945  1.000  0.082  0.500  S  d0
  8948   2796.250  +0.067085  -1.285978  1.000  0.082  0.500  S  d0
  8949   2796.562  +0.823646  -1.002200  1.000  0.082  0.500  S  d0
  8950   2796.875  +1.266349  -0.337501  1.000  0.082  0.500  S  d0
  8951   2797.188  +1.192536  +0.450486  1.000  0.082  0.500  S  d0
  8952   2797.500  +0.702164  +1.076802  1.000  0.082  0.500  S  d0
  8953   2797.812  -0.023212  +1.291580  1.000  0.082  0.500  S  d0
  8954   2798.125  -0.769023  +1.000484  1.000  0.082  0.500  S  d0
  8955   2798.438  -1.218412  +0.350918  1.000  0.082  0.500  S  d0
  8956   2798.750  -1.191363  -0.412153  1.000  0.082  0.500  S  d0
  8957   2799.062  -0.725758  -1.026841  1.000  0.082  0.500  S  d0
  8958   2799.375  +0.012229  -1.248215  1.000  0.060  0.500  S  d0
  8959   2799.688  +0.728148  -1.003711  1.000  0.060  0.500  S  d0
  8960   2800.000  +1.187120  -0.371657  1.000  0.060  0.500  S  d0
  8961   2800.312  +1.157604  +0.376966  1.000  0.060  0.500  S  d0
  8962   2800.625  +0.716190  +0.978009  1.000  0.060  0.500  S  d0
  8963   2800.938  +0.013665  +1.196543  1.000  0.060  0.500  S  d0
  8964   2801.250  -0.688084  +0.997982  1.000  0.060  0.500  S  d0
  8965   2801.562  -1.103230  +0.395072  1.000  0.060  0.500  S  d0
  8966   2801.875  -1.154871  -0.322667  1.000  0.060  0.500  S  d0
  8967   2802.188  -0.710785  -0.909691  1.000  0.060  0.500  S  d0
  8968   2802.500  -0.052225  -1.152010  1.000  0.060  0.500  S  d0
  8969   2802.812  +0.613003  -0.979987  1.000  0.060  0.500  S  d0
  8970   2803.125  +1.078028  -0.427762  1.000  0.082  0.500  S  d0
  8971   2803.438  +1.116193  +0.268458  1.000  0.082  0.500  S  d0
  8972   2803.750  +0.730476  +0.857375  1.000  0.082  0.500  S  d0
  8973   2804.062  +0.093768  +1.128038  1.000  0.082  0.500  S  d0
  8974   2804.375  -0.576713  +0.972351  1.000  0.082  0.500  S  d0
  8975   2804.688  -1.029363  +0.451300  1.000  0.082  0.500  S  d0
  8976   2805.000  -1.087313  -0.234890  1.000  0.082  0.500  S  d0
  8977   2805.312  -0.742010  -0.819289  1.000  0.082  0.500  S  d0
  8978   2805.625  -0.136750  -1.080121  1.000  0.082  0.500  S  d0
  8979   2805.938  +0.529508  -0.967002  1.000  0.082  0.500  S  d0
  8980   2806.250  +0.989160  -0.472925  1.000  0.082  0.500  S  d0
  8981   2806.562  +1.069502  +0.187437  1.000  0.082  0.500  S  d0
  8982   2806.875  +0.738414  +0.756685  1.000  0.136  0.500  S  d0
  8983   2807.188  +0.165045  +1.069377  1.000  0.136  0.500  S  d0
  8984   2807.500  -0.472401  +0.953362  1.000  0.136  0.500  S  d0
  8985   2807.812  -0.939250  +0.498768  1.000  0.136  0.500  S  d0
  8986   2808.125  -1.046507  -0.139538  1.000  0.136  0.500  S  d0
  8987   2808.438  -0.749140  -0.739116  1.000  0.136  0.500  S  d0
  8988   2808.750  -0.184349  -1.045173  1.000  0.136  0.500  S  d0
  8989   2809.062  +0.433550  -0.928563  1.000  0.136  0.500  S  d0
  8990   2809.375  +0.872176  -0.488020  1.000  0.136  0.500  S  d0
  8991   2809.688  +1.022969  +0.112139  1.000  0.136  0.500  S  d0
  8992   2810.000  +0.766386  +0.684278  1.000  0.136  0.500  S  d0
  8993   2810.312  +0.212747  +0.985708  1.000  0.136  0.500  S  d0
  8994   2810.625  -0.391709  +0.932575  1.000  0.195  0.500  S  d0
  8995   2810.938  -0.862001  +0.512570  1.000  0.195  0.500  S  d0
  8996   2811.250  -1.005484  -0.084217  1.000  0.195  0.500  S  d0
  8997   2811.562  -0.754759  -0.652650  1.000  0.195  0.500  S  d0
  8998   2811.875  -0.239796  -0.978990  1.000  0.195  0.500  S  d0
  8999   2812.188  +0.370875  -0.907960  1.000  0.195  0.500  S  d0
  9000   2812.500  +0.838888  -0.533597  1.000  0.195  0.500  S  d0
  9001   2812.812  +0.995372  +0.057382  1.000  0.195  0.500  S  d0
  9002   2813.125  +0.762435  +0.627407  1.000  0.195  0.500  S  d0
  9003   2813.438  +0.246282  +0.946233  1.000  0.195  0.500  S  d0
  9004   2813.750  -0.340138  +0.920824  1.000  0.195  0.500  S  d0
  9005   2814.062  -0.817760  +0.533546  1.000  0.195  0.500  S  d0
  9006   2814.375  -0.988867  -0.026271  1.000  0.227  0.500  S  d0
  9007   2814.688  -0.756642  -0.591416  1.000  0.227  0.500  S  d0
  9008   2815.000  -0.267091  -0.921121  1.000  0.227  0.500  S  d0
  9009   2815.312  +0.310481  -0.918469  1.000  0.227  0.500  S  d0
  9010   2815.625  +0.786699  -0.562745  1.000  0.227  0.500  S  d0
  9011   2815.938  +0.967628  +0.006292  1.000  0.227  0.500  S  d0
  9012   2816.250  +0.768459  +0.565693  1.000  0.227  0.500  S  d0
  9013   2816.562  +0.295579  +0.917515  1.000  0.227  0.500  S  d0
  9014   2816.875  -0.287694  +0.915727  1.000  0.227  0.500  S  d0
  9015   2817.188  -0.760386  +0.562117  1.000  0.227  0.500  S  d0
  9016   2817.500  -0.958734  +0.018492  1.000  0.227  0.500  S  d0
  9017   2817.812  -0.787181  -0.535014  1.000  0.227  0.500  S  d0
  9018   2818.125  -0.331321  -0.897781  1.000  0.224  0.500  S  d0
  9019   2818.438  +0.247247  -0.921924  1.000  0.224  0.500  S  d0
  9020   2818.750  +0.745084  -0.599156  1.000  0.224  0.500  S  d0
  9021   2819.062  +0.968303  -0.046412  1.000  0.224  0.500  S  d0
  9022   2819.375  +0.811912  +0.509092  1.000  0.224  0.500  S  d0
  9023   2819.688  +0.358446  +0.896106  1.000  0.224  0.500  S  d0
  9024   2820.000  -0.230847  +0.929370  1.000  0.224  0.500  S  d0
  9025   2820.312  -0.734487  +0.631713  1.000  0.224  0.500  S  d0
  9026   2820.625  -0.963431  +0.087223  1.000  0.224  0.500  S  d0
  9027   2820.938  -0.834166  -0.495362  1.000  0.224  0.500  S  d0
  9028   2821.250  -0.389385  -0.897693  1.000  0.224  0.500  S  d0
  9029   2821.562  +0.185546  -0.941385  1.000  0.224  0.500  S  d0
  9030   2821.875  +0.730986  -0.669525  1.000  0.187  0.500  S  d0
  9031   2822.188  +0.970581  -0.124708  1.000  0.187  0.500  S  d0
  9032   2822.500  +0.866814  +0.470993  1.000  0.187  0.500  S  d0
  9033   2822.812  +0.422617  +0.896900  1.000  0.187  0.500  S  d0
  9034   2823.125  -0.170031  +0.987881  1.000  0.187  0.500  S  d0
  9035   2823.438  -0.703971  +0.702742  1.000  0.187  0.500  S  d0
  9036   2823.750  -0.981220  +0.154493  1.000  0.187  0.500  S  d0
  9037   2824.062  -0.900200  -0.463460  1.000  0.187  0.500  S  d0
  9038   2824.375  -0.465491  -0.887288  1.000  0.187  0.500  S  d0
  9039   2824.688  +0.148311  -1.016428  1.000  0.187  0.500  S  d0
  9040   2825.000  +0.711778  -0.740614  1.000  0.187  0.500  S  d0
  9041   2825.312  +0.998822  -0.176902  1.000  0.187  0.500  S  d0
  9042   2825.625  +0.917613  +0.426521  1.000  0.128  0.500  S  d0
  9043   2825.938  +0.498299  +0.904659  1.000  0.128  0.500  S  d0
  9044   2826.250  -0.102784  +1.022196  1.000  0.128  0.500  S  d0
  9045   2826.562  -0.712671  +0.777332  1.000  0.128  0.500  S  d0
  9046   2826.875  -1.038581  +0.221397  1.000  0.128  0.500  S  d0
  9047   2827.188  -0.944234  -0.409822  1.000  0.128  0.500  S  d0
  9048   2827.500  -0.540549  -0.910505  1.000  0.128  0.500  S  d0
  9049   2827.812  +0.090911  -1.059134  1.000  0.128  0.500  S  d0
  9050   2828.125  +0.692955  -0.796822  1.000  0.128  0.500  S  d0
  9051   2828.438  +1.037669  -0.246825  1.000  0.128  0.500  S  d0
  9052   2828.750  +0.996110  +0.395530  1.000  0.128  0.500  S  d0
  9053   2829.062  +0.583423  +0.915550  1.000  0.128  0.500  S  d0
  9054   2829.375  -0.059848  +1.063919  1.000  0.074  0.500  S  d0
  9055   2829.688  -0.689635  +0.841149  1.000  0.074  0.500  S  d0
  9056   2830.000  -1.063820  +0.291799  1.000  0.074  0.500  S  d0
  9057   2830.312  -1.031937  -0.375208  1.000  0.074  0.500  S  d0
  9058   2830.625  -0.597265  -0.930756  1.000  0.074  0.500  S  d0
  9059   2830.938  +0.040393  -1.121191  1.000  0.074  0.500  S  d0
  9060   2831.250  +0.672706  -0.877664  1.000  0.074  0.500  S  d0
  9061   2831.562  +1.083818  -0.316928  1.000  0.074  0.500  S  d0
  9062   2831.875  +1.072716  +0.369464  1.000  0.074  0.500  S  d0
  9063   2832.188  +0.662709  +0.937844  1.000  0.074  0.500  S  d0
  9064   2832.500  -0.018666  +1.139773  1.000  0.074  0.500  S  d0
  9065   2832.812  -0.697969  +0.938100  1.000  0.074  0.500  S  d0
  9066   2833.125  -1.122871  +0.357411  1.000  0.057  0.500  S  d0
  9067   2833.438  -1.113681  -0.343058  1.000  0.057  0.500  S  d0
  9068   2833.750  -0.700087  -0.951388  1.000  0.057  0.500  S  d0
  9069   2834.062  -0.019167  -1.207711  1.000  0.057  0.500  S  d0
  9070   2834.375  +0.671285  -0.973526  1.000  0.057  0.500  S  d0
  9071   2834.688  +1.139511  -0.407232  1.000  0.057  0.500  S  d0
  9072   2835.000  +1.188712  +0.324734  1.000  0.057  0.500  S  d0
  9073   2835.312  +0.748259  +0.944724  1.000  0.057  0.500  S  d0
  9074   2835.625  +0.061948  +1.224495  1.000  0.057  0.500  S  d0
  9075   2835.938  -0.646706  +1.033820  1.000  0.057  0.500  S  d0
  9076   2836.250  -1.151916  +0.459513  1.000  0.057  0.500  S  d0
  9077   2836.562  -1.211111  -0.285469  1.000  0.057  0.500  S  d0
  9078   2836.875  -0.814348  -0.953095  1.000  0.083  0.500  S  d0
  9079   2837.188  -0.106417  -1.258262  1.000  0.083  0.500  S  d0
  9080   2837.500  +0.643185  -1.095112  1.000  0.083  0.500  S  d0
  9081   2837.812  +1.175265  -0.517074  1.000  0.083  0.500  S  d0
  9082   2838.125  +1.245821  +0.262120  1.000  0.083  0.500  S  d0
  9083   2838.438  +0.862458  +0.943925  1.000  0.083  0.500  S  d0
  9084   2838.750  +0.131517  +1.303506  1.000  0.083  0.500  S  d0
  9085   2839.062  -0.637808  +1.164155  1.000  0.083  0.500  S  d0
  9086   2839.375  -1.187327  +0.559209  1.000  0.083  0.500  S  d0
  9087   2839.688  -1.287786  -0.223217  1.000  0.083  0.500  S  d0
  9088   2840.000  -0.902357  -0.940956  1.000  0.083  0.500  S  d0
  9089   2840.312  -0.202209  -1.336493  1.000  0.083  0.500  S  d0
  9090   2840.625  +0.611388  -1.216824  1.000  0.139  0.500  S  d0
  9091   2840.938  +1.201241  -0.612819  1.000  0.139  0.500  S  d0
  9092   2841.250  +1.342133  +0.202826  1.000  0.139  0.500  S  d0
  9093   2841.562  +0.967268  +0.954298  1.000  0.139  0.500  S  d0
  9094   2841.875  +0.243103  +1.347547  1.000  0.139  0.500  S  d0
  9095   2842.188  -0.585744  +1.208333  1.000  0.139  0.500  S  d0
  9096   2842.500  -1.203604  +0.675407  1.000  0.139  0.500  S  d0
  9097   2842.812  -1.354099  -0.179510  1.000  0.139  0.500  S  d0
  9098   2843.125  -1.002792  -0.924817  1.000  0.139  0.500  S  d0
  9099   2843.438  -0.296097  -1.338619  1.000  0.139  0.500  S  d0
  9100   2843.750  +0.548492  -1.271425  1.000  0.139  0.500  S  d0
  9101   2844.062  +1.201086  -0.709666  1.000  0.139  0.500  S  d0
  9102   2844.375  +1.358199  +0.112214  1.000  0.197  0.500  S  d0
  9103   2844.688  +1.051655  +0.914248  1.000  0.197  0.500  S  d0
  9104   2845.000  +0.341729  +1.385058  1.000  0.197  0.500  S  d0
  9105   2845.312  -0.531020  +1.319941  1.000  0.197  0.500  S  d0
  9106   2845.625  -1.177578  +0.772464  1.000  0.197  0.500  S  d0
  9107   2845.938  -1.409019  -0.107568  1.000  0.197  0.500  S  d0
  9108   2846.250  -1.111130  -0.911718  1.000  0.197  0.500  S  d0
  9109   2846.562  -0.363964  -1.379350  1.000  0.197  0.500  S  d0
  9110   2846.875  +0.498261  -1.340299  1.000  0.197  0.500  S  d0
  9111   2847.188  +1.206403  -0.796831  1.000  0.197  0.500  S  d0
  9112   2847.500  +1.438574  +0.044508  1.000  0.197  0.500  S  d0
  9113   2847.812  +1.115849  +0.871196  1.000  0.197  0.500  S  d0
  9114   2848.125  +0.411470  +1.376919  1.000  0.227  0.500  S  d0
  9115   2848.438  -0.464149  +1.364162  1.000  0.227  0.500  S  d0
  9116   2848.750  -1.194478  +0.832107  1.000  0.227  0.500  S  d0
  9117   2849.062  -1.456671  -0.012523  1.000  0.227  0.500  S  d0
  9118   2849.375  -1.150730  -0.861012  1.000  0.227  0.500  S  d0
  9119   2849.688  -0.423288  -1.363900  1.000  0.227  0.500  S  d0
  9120   2850.000  +0.443770  -1.365769  1.000  0.227  0.500  S  d0
  9121   2850.312  +1.150212  -0.841401  1.000  0.227  0.500  S  d0
  9122   2850.625  +1.451438  -0.011934  1.000  0.227  0.500  S  d0
  9123   2850.938  +1.181958  +0.810831  1.000  0.227  0.500  S  d0
  9124   2851.250  +0.486519  +1.348309  1.000  0.227  0.500  S  d0
  9125   2851.562  -0.387519  +1.375883  1.000  0.227  0.500  S  d0
  9126   2851.875  -1.120875  +0.890388  1.000  0.226  0.500  S  d0
  9127   2852.188  -1.454218  +0.062796  1.000  0.226  0.500  S  d0
  9128   2852.500  -1.220750  -0.772472  1.000  0.226  0.500  S  d0
  9129   2852.812  -0.515469  -1.334260  1.000  0.226  0.500  S  d0
  9130   2853.125  +0.328506  -1.399044  1.000  0.226  0.500  S  d0
  9131   2853.438  +1.088564  -0.935103  1.000  0.226  0.500  S  d0
  9132   2853.750  +1.445254  -0.115142  1.000  0.226  0.500  S  d0
  9133   2854.062  +1.250032  +0.743141  1.000  0.226  0.500  S  d0
  9134   2854.375  +0.564267  +1.318632  1.000  0.226  0.500  S  d0
  9135   2854.688  -0.291866  +1.401445  1.000  0.226  0.500  S  d0
  9136   2855.000  -1.058164  +0.961572  1.000  0.226  0.500  S  d0
  9137   2855.312  -1.414510  +0.175409  1.000  0.226  0.500  S  d0
  9138   2855.625  -1.263869  -0.693180  1.000  0.188  0.500  S  d0
  9139   2855.938  -0.623094  -1.295913  1.000  0.188  0.500  S  d0
  9140   2856.250  +0.246542  -1.408263  1.000  0.188  0.500  S  d0
  9141   2856.562  +1.029888  -0.980957  1.000  0.188  0.500  S  d0
  9142   2856.875  +1.414484  -0.204915  1.000  0.188  0.500  S  d0
  9143   2857.188  +1.234055  +0.637974  1.000  0.188  0.500  S  d0
  9144   2857.500  +0.638188  +1.238502  1.000  0.188  0.500  S  d0
  9145   2857.812  -0.198116  +1.405505  1.000  0.188  0.500  S  d0
  9146   2858.125  -0.961541  +1.003784  1.000  0.188  0.500  S  d0
  9147   2858.438  -1.347728  +0.246543  1.000  0.188  0.500  S  d0
  9148   2858.750  -1.254224  -0.598189  1.000  0.188  0.500  S  d0
  9149   2859.062  -0.678367  -1.222366  1.000  0.188  0.500  S  d0
  9150   2859.375  +0.157529  -1.366660  1.000  0.154  0.500  S  d0
  9151   2859.688  +0.921056  -1.008711  1.000  0.154  0.500  S  d0
  9152   2860.000  +1.331891  -0.274788  1.000  0.154  0.500  S  d0
  9153   2860.312  +1.239701  +0.543916  1.000  0.154  0.500  S  d0
  9154   2860.625  +0.670728  +1.177091  1.000  0.154  0.500  S  d0
  9155   2860.938  -0.116168  +1.351451  1.000  0.154  0.500  S  d0
  9156   2861.250  -0.867592  +1.007532  1.000  0.154  0.500  S  d0
  9157   2861.562  -1.308671  +0.317340  1.000  0.154  0.500  S  d0
  9158   2861.875  -1.205767  -0.491164  1.000  0.154  0.500  S  d0
  9159   2862.188  -0.707419  -1.116759  1.000  0.154  0.500  S  d0
  9160   2862.500  +0.075314  -1.320623  1.000  0.154  0.500  S  d0
  9161   2862.812  +0.833046  -1.038719  1.000  0.154  0.500  S  d0
  9162   2863.125  +1.260785  -0.341230  1.000  0.108  0.500  S  d0
  9163   2863.438  +1.219397  +0.459046  1.000  0.108  0.500  S  d0
  9164   2863.750  +0.723519  +1.063120  1.000  0.108  0.500  S  d0
  9165   2864.062  -0.054389  +1.280930  1.000  0.108  0.500  S  d0
  9166   2864.375  -0.784413  +1.022314  1.000  0.108  0.500  S  d0
  9167   2864.688  -1.212430  +0.350635  1.000  0.108  0.500  S  d0
  9168   2865.000  -1.223918  -0.401675  1.000  0.108  0.500  S  d0
  9169   2865.312  -0.719998  -1.036297  1.000  0.108  0.500  S  d0
  9170   2865.625  +0.017262  -1.247144  1.000  0.108  0.500  S  d0
  9171   2865.938  +0.732592  -0.984994  1.000  0.108  0.500  S  d0
  9172   2866.250  +1.185630  -0.385517  1.000  0.108  0.500  S  d0
  9173   2866.562  +1.184813  +0.386919  1.000  0.108  0.500  S  d0
  9174   2866.875  +0.741748  +1.004260  1.000  0.090  0.500  S  d0
  9175   2867.188  +0.017444  +1.203562  1.000  0.090  0.500  S  d0
  9176   2867.500  -0.692375  +0.974839  1.000  0.090  0.500  S  d0
  9177   2867.812  -1.137380  +0.408698  1.000  0.090  0.500  S  d0
  9178   2868.125  -1.162835  -0.331532  1.000  0.090  0.500  S  d0
  9179   2868.438  -0.750274  -0.915377  1.000  0.090  0.500  S  d0
  9180   2868.750  -0.046596  -1.185365  1.000  0.090  0.500  S  d0
  9181   2869.062  +0.610918  -0.987072  1.000  0.090  0.500  S  d0
  9182   2869.375  +1.103497  -0.433849  1.000  0.090  0.500  S  d0
  9183   2869.688  +1.137408  +0.274117  1.000  0.090  0.500  S  d0
  9184   2870.000  +0.748010  +0.889403  1.000  0.090  0.500  S  d0
  9185   2870.312  +0.100081  +1.129270  1.000  0.090  0.500  S  d0
  9186   2870.625  -0.595230  +0.975470  1.000  0.110  0.500  S  d0
  9187   2870.938  -1.036301  +0.455290  1.000  0.110  0.500  S  d0
  9188   2871.250  -1.091307  -0.220509  1.000  0.110  0.500  S  d0
  9189   2871.562  -0.749958  -0.831093  1.000  0.110  0.500  S  d0
  9190   2871.875  -0.137675  -1.116562  1.000  0.110  0.500  S  d0
  9191   2872.188  +0.528386  -0.952832  1.000  0.110  0.500  S  d0
  9192   2872.500  +1.001601  -0.478991  1.000  0.110  0.500  S  d0
  9193   2872.812  +1.072933  +0.196317  1.000  0.110  0.500  S  d0
  9194   2873.125  +0.751513  +0.772466  1.000  0.110  0.500  S  d0
  9195   2873.438  +0.164912  +1.069447  1.000  0.110  0.500  S  d0
  9196   2873.750  -0.486570  +0.956197  1.000  0.110  0.500  S  d0
  9197   2874.062  -0.961222  +0.495586  1.000  0.110  0.500  S  d0
  9198   2874.375  -1.053610  -0.161216  1.000  0.122  0.500  S  d0
  9199   2874.688  -0.754994  -0.732004  1.000  0.122  0.500  S  d0
  9200   2875.000  -0.173634  -1.026389  1.000  0.122  0.500  S  d0
  9201   2875.312  +0.447082  -0.939262  1.000  0.122  0.500  S  d0
  9202   2875.625  +0.901978  -0.501108  1.000  0.122  0.500  S  d0
  9203   2875.938  +1.024361  +0.103146  1.000  0.122  0.500  S  d0
  9204   2876.250  +0.760183  +0.698963  1.000  0.122  0.500  S  d0
  9205   2876.562  +0.209176  +1.009131  1.000  0.122  0.500  S  d0
  9206   2876.875  -0.405055  +0.912066  1.000  0.122  0.500  S  d0
  9207   2877.188  -0.873984  +0.516008  1.000  0.122  0.500  S  d0
  9208   2877.500  -1.007682  -0.087132  1.000  0.122  0.500  S  d0
  9209   2877.812  -0.769907  -0.655412  1.000  0.122  0.500  S  d0
  9210   2878.125  -0.230021  -0.966476  1.000  0.174  0.500  S  d0
  9211   2878.438  +0.385185  -0.926469  1.000  0.174  0.500  S  d0
  9212   2878.750  +0.844981  -0.530419  1.000  0.174  0.500  S  d0
  9213   2879.062  +0.980989  +0.058988  1.000  0.174  0.500  S  d0
  9214   2879.375  +0.776502  +0.635833  1.000  0.174  0.500  S  d0
  9215   2879.688  +0.259541  +0.959366  1.000  0.174  0.500  S  d0
  9216   2880.000  -0.347882  +0.911303  1.000  0.174  0.500  S  d0
  9217   2880.312  -0.820529  +0.544527  1.000  0.174  0.500  S  d0
  9218   2880.625  -0.985322  -0.038472  1.000  0.174  0.500  S  d0
  9219   2880.938  -0.772185  -0.608427  1.000  0.174  0.500  S  d0
  9220   2881.250  -0.273783  -0.929986  1.000  0.174  0.500  S  d0
  9221   2881.562  +0.322584  -0.916827  1.000  0.174  0.500  S  d0
  9222   2881.875  +0.786745  -0.553714  1.000  0.200  0.500  S  d0
  9223   2882.188  +0.976641  +0.016686  1.000  0.200  0.500  S  d0
  9224   2882.500  +0.778527  +0.576162  1.000  0.200  0.500  S  d0
  9225   2882.812  +0.280156  +0.922869  1.000  0.200  0.500  S  d0
  9226   2883.125  -0.284410  +0.901717  1.000  0.200  0.500  S  d0
  9227   2883.438  -0.784763  +0.571226  1.000  0.200  0.500  S  d0
  9228   2883.750  -0.961977  +0.008335  1.000  0.200  0.500  S  d0
  9229   2884.062  -0.788527  -0.539274  1.000  0.200  0.500  S  d0
  9230   2884.375  -0.320526  -0.904439  1.000  0.200  0.500  S  d0
  9231   2884.688  +0.258371  -0.919559  1.000  0.200  0.500  S  d0
  9232   2885.000  +0.757670  -0.605103  1.000  0.200  0.500  S  d0
  9233   2885.312  +0.953330  -0.036566  1.000  0.200  0.500  S  d0
  9234   2885.625  +0.809445  +0.519662  1.000  0.191  0.500  S  d0
  9235   2885.938  +0.365550  +0.885797  1.000  0.191  0.500  S  d0
  9236   2886.250  -0.227293  +0.942280  1.000  0.191  0.500  S  d0
  9237   2886.562  -0.742660  +0.626896  1.000  0.191  0.500  S  d0
  9238   2886.875  -0.956655  +0.076884  1.000  0.191  0.500  S  d0
  9239   2887.188  -0.834420  -0.492113  1.000  0.191  0.500  S  d0
  9240   2887.500  -0.395281  -0.894828  1.000  0.191  0.500  S  d0
  9241   2887.812  +0.211435  -0.953292  1.000  0.191  0.500  S  d0
  9242   2888.125  +0.729069  -0.655187  1.000  0.191  0.500  S  d0
  9243   2888.438  +0.966598  -0.115095  1.000  0.191  0.500  S  d0
  9244   2888.750  +0.852487  +0.460873  1.000  0.191  0.500  S  d0
  9245   2889.062  +0.418303  +0.887133  1.000  0.191  0.500  S  d0
  9246   2889.375  -0.176209  +0.990313  1.000  0.154  0.500  S  d0
  9247   2889.688  -0.719793  +0.692270  1.000  0.154  0.500  S  d0
  9248   2890.000  -0.971573  +0.132537  1.000  0.154  0.500  S  d0
  9249   2890.312  -0.881868  -0.450507  1.000  0.154  0.500  S  d0
  9250   2890.625  -0.452194  -0.881126  1.000  0.154  0.500  S  d0
  9251   2890.938  +0.144522  -0.973580  1.000  0.154  0.500  S  d0
  9252   2891.250  +0.693572  -0.716245  1.000  0.154  0.500  S  d0
  9253   2891.562  +0.987897  -0.177663  1.000  0.154  0.500  S  d0
  9254   2891.875  +0.907076  +0.428393  1.000  0.154  0.500  S  d0
  9255   2892.188  +0.483587  +0.890060  0.984  0.154  0.500  S  d0
  9256   2892.500  -0.117162  +1.000330  0.969  0.154  0.500  S  d0
  9257   2892.812  -0.710402  +0.751957  0.969  0.154  0.500  S  d0
  9258   2893.125  -1.008583  +0.202621  0.953  0.103  0.500  S  d0
  9259   2893.438  -0.944192  -0.432828  0.953  0.103  0.500  S  d0
  9260   2893.750  -0.520381  -0.895001  0.938  0.103  0.500  S  d0
  9261   2894.062  +0.099050  -1.034772  0.938  0.103  0.500  S  d0
  9262   2894.375  +0.721928  -0.814500  0.922  0.103  0.500  S  d0
  9263   2894.688  +1.036015  -0.251562  0.922  0.103  0.500  S  d0
  9264   2895.000  +1.014018  +0.398257  0.922  0.103  0.500  S  d0
  9265   2895.312  +0.587097  +0.905481  0.922  0.103  0.500  S  d0
  9266   2895.625  -0.053988  +1.069604  0.922  0.103  0.500  S  d0
  9267   2895.938  -0.681327  +0.838080  0.922  0.103  0.500  S  d0
  9268   2896.250  -1.066429  +0.276534  0.922  0.103  0.500  S  d0
  9269   2896.562  -1.012700  -0.372301  0.922  0.103  0.500  S  d0
  9270   2896.875  -0.601283  -0.906977  0.922  0.060  0.500  S  d0
  9271   2897.188  +0.026850  -1.065409  0.922  0.060  0.500  S  d0
  9272   2897.500  +0.669163  -0.854703  0.922  0.060  0.500  S  d0
  9273   2897.812  +1.043058  -0.281506  0.922  0.060  0.500  S  d0
  9274   2898.125  +1.015276  +0.416443  0.922  0.060  0.500  S  d0
  9275   2898.438  +0.588295  +0.980861  0.922  0.060  0.500  S  d0
  9276   2898.750  -0.073758  +1.189459  0.922  0.060  0.500  S  d0
  9277   2899.062  -0.747012  +0.939721  0.922  0.060  0.500  S  d0
  9278   2899.375  -1.128110  +0.352338  0.922  0.060  0.500  S  d0
  9279   2899.688  -1.133284  -0.368637  0.922  0.060  0.500  S  d0
  9280   2900.000  -0.723451  -0.971329  0.922  0.060  0.500  S  d0
  9281   2900.312  -0.024245  -1.251857  0.922  0.060  0.500  S  d0
  9282   2900.625  +0.683954  -1.098461  0.922  0.050  0.500  S  d0
  9283   2900.938  +1.194378  -0.558282  0.922  0.050  0.500  S  d0
  9284   2901.250  +1.238016  +0.116360  0.922  0.050  0.500  S  d0
  9285   2901.562  +0.856241  +0.695830  0.922  0.050  0.500  S  d0
  9286   2901.875  +0.232822  +0.919784  0.922  0.050  0.500  S  d1
  9287   2902.188  -0.459844  +0.696642  0.922  0.050  0.500  S  d1
  9288   2902.500  -0.904581  +0.170758  0.922  0.050  0.500  S  d0
  9289   2902.812  -1.001478  -0.668005  0.922  0.050  0.500  S  d2
  9290   2903.125  +0.334936  +0.189523  0.922  0.050  0.500  S  d0
  9291   2903.438  +0.784682  +1.145948  0.922  0.050  0.500  S  d1
  9292   2903.750  -0.549690  +0.737959  0.922  0.050  0.500  S  d0
  9293   2904.062  -0.829537  +0.342951  0.922  0.050  0.500  S  d1
  9294   2904.375  -1.037097  -0.510298  0.922  0.077  0.500  S  d0
  9295   2904.688  -0.596613  -1.024016  0.922  0.077  0.500  S  d0
  9296   2905.000  +0.020910  -1.411957  0.922  0.077  0.500  S  d0
  9297   2905.312  +0.771542  -1.148182  0.922  0.077  0.500  S  d0
  9298   2905.625  +1.271128  -0.565770  0.922  0.077  0.500  S  d0
  9299   2905.938  +1.351357  +0.309628  0.922  0.077  0.500  S  d0
  9300   2906.250  +0.907754  +0.951000  0.922  0.077  0.500  S  d0
  9301   2906.562  +0.168469  +1.369243  0.922  0.077  0.500  S  d0
  9302   2906.875  -0.629608  +1.206634  0.922  0.077  0.500  S  d0
  9303   2907.188  -1.214986  +0.649906  0.922  0.077  0.500  S  d0
  9304   2907.500  -1.340290  -0.185121  0.922  0.077  0.500  S  d0
  9305   2907.812  -0.972206  -0.885528  0.922  0.077  0.500  S  d0
  9306   2908.125  -0.253884  -1.289311  0.922  0.124  0.500  S  d0
  9307   2908.438  +0.566744  -1.166343  0.922  0.124  0.500  S  d0
  9308   2908.750  +1.175146  -0.632190  0.922  0.124  0.500  S  d0
  9309   2909.062  +1.307435  +0.200108  0.922  0.124  0.500  S  d0
  9310   2909.375  +0.979996  +0.936073  0.922  0.124  0.500  S  d0
  9311   2909.688  +0.245339  +1.368357  0.922  0.124  0.500  S  d0
  9312   2910.000  -0.573511  +1.225211  0.922  0.124  0.500  S  d0
  9313   2910.312  -1.211087  +0.667110  0.922  0.124  0.500  S  d0
  9314   2910.625  -1.378912  -0.161149  0.922  0.124  0.500  S  d0
  9315   2910.938  -1.025321  -0.954536  0.922  0.124  0.500  S  d0
  9316   2911.250  -0.290901  -1.377925  0.922  0.124  0.500  S  d0
  9317   2911.562  +0.541236  -1.283415  0.922  0.124  0.500  S  d0
  9318   2911.875  +1.225399  -0.741211  0.922  0.169  0.500  S  d0
  9319   2912.188  +1.402773  +0.098678  0.938  0.169  0.500  S  d0
  9320   2912.500  +1.093015  +0.922473  0.953  0.169  0.500  S  d0
  9321   2912.812  +0.326362  +1.351950  0.953  0.169  0.500  S  d0
  9322   2913.125  -0.506383  +1.316348  0.969  0.169  0.500  S  d0
  9323   2913.438  -1.197134  +0.759440  0.969  0.169  0.500  S  d0
  9324   2913.750  -1.424344  -0.078930  0.984  0.169  0.500  S  d0
  9325   2914.062  -1.089411  -0.880817  0.984  0.169  0.500  S  d0
  9326   2914.375  -0.373559  -1.383372  1.000  0.169  0.500  S  d0
  9327   2914.688  +0.491885  -1.326387  1.000  0.169  0.500  S  d0
  9328   2915.000  +1.176632  -0.785429  1.000  0.169  0.500  S  d0
  9329   2915.312  +1.444490  +0.041370  1.000  0.169  0.500  S  d0
  9330   2915.625  +1.124719  +0.874345  1.000  0.190  0.500  S  d0
  9331   2915.938  +0.400842  +1.390310  1.000  0.190  0.500  S  d0
  9332   2916.250  -0.475548  +1.370699  1.000  0.190  0.500  S  d0
  9333   2916.562  -1.180133  +0.825331  1.000  0.190  0.500  S  d0
  9334   2916.875  -1.433228  -0.007720  1.000  0.190  0.500  S  d0
  9335   2917.188  -1.162943  -0.858383  1.000  0.190  0.500  S  d0
  9336   2917.500  -0.447302  -1.378259  1.000  0.190  0.500  S  d0
  9337   2917.812  +0.437917  -1.410362  1.000  0.190  0.500  S  d0
  9338   2918.125  +1.170578  -0.854630  1.000  0.190  0.500  S  d0
  9339   2918.438  +1.452425  -0.014060  1.000  0.190  0.500  S  d0
  9340   2918.750  +1.200613  +0.828550  1.000  0.190  0.500  S  d0
  9341   2919.062  +0.488239  +1.376012  1.000  0.190  0.500  S  d0
  9342   2919.375  -0.385902  +1.370141  1.000  0.177  0.500  S  d0
  9343   2919.688  -1.145393  +0.897609  1.000  0.177  0.500  S  d0
  9344   2920.000  -1.438268  +0.081462  1.000  0.177  0.500  S  d0
  9345   2920.312  -1.222936  -0.781869  1.000  0.177  0.500  S  d0
  9346   2920.625  -0.535355  -1.323183  1.000  0.177  0.500  S  d0
  9347   2920.938  +0.345674  -1.406978  1.000  0.177  0.500  S  d0
  9348   2921.250  +1.101683  -0.936188  1.000  0.177  0.500  S  d0
  9349   2921.562  +1.427075  -0.116978  1.000  0.177  0.500  S  d0
  9350   2921.875  +1.229820  +0.721202  1.000  0.177  0.500  S  d0
  9351   2922.188  +0.575173  +1.319683  1.000  0.177  0.500  S  d0
  9352   2922.500  -0.300318  +1.399338  1.000  0.177  0.500  S  d0
  9353   2922.812  -1.052211  +0.932609  1.000  0.177  0.500  S  d0
  9354   2923.125  -1.411081  +0.164424  1.000  0.137  0.500  S  d0
  9355   2923.438  -1.245854  -0.650351  1.000  0.137  0.500  S  d0
  9356   2923.750  -0.604939  -1.268726  1.000  0.137  0.500  S  d0
  9357   2924.062  +0.228954  -1.388999  1.000  0.137  0.500  S  d0
  9358   2924.375  +1.027089  -0.996935  1.000  0.137  0.500  S  d0
  9359   2924.688  +1.394440  -0.213561  1.000  0.137  0.500  S  d0
  9360   2925.000  +1.259643  +0.627844  1.000  0.137  0.500  S  d0
  9361   2925.312  +0.638452  +1.236427  1.000  0.137  0.500  S  d0
  9362   2925.625  -0.209274  +1.396602  1.000  0.137  0.500  S  d0
  9363   2925.938  -0.970707  +0.988282  1.000  0.137  0.500  S  d0
  9364   2926.250  -1.365628  +0.250903  1.000  0.137  0.500  S  d0
  9365   2926.562  -1.239126  -0.588227  1.000  0.137  0.500  S  d0
  9366   2926.875  -0.665234  -1.197976  1.000  0.081  0.500  S  d0
  9367   2927.188  +0.163224  -1.369977  1.000  0.081  0.500  S  d0
  9368   2927.500  +0.930676  -1.000432  1.000  0.081  0.500  S  d0
  9369   2927.812  +1.310382  -0.250801  1.000  0.081  0.500  S  d0
  9370   2928.125  +1.231069  +0.530501  1.000  0.081  0.500  S  d0
  9371   2928.438  +0.681749  +1.129411  1.000  0.081  0.500  S  d0
  9372   2928.750  -0.123541  +1.337270  1.000  0.081  0.500  S  d0
  9373   2929.062  -0.874073  +1.014285  1.000  0.081  0.500  S  d0
  9374   2929.375  -1.271843  +0.305375  1.000  0.081  0.500  S  d0
  9375   2929.688  -1.230485  -0.500164  1.000  0.081  0.500  S  d0
  9376   2930.000  -0.700369  -1.092146  1.000  0.081  0.500  S  d0
  9377   2930.312  +0.084434  -1.310510  1.000  0.081  0.500  S  d0
  9378   2930.625  +0.826261  -1.004979  1.000  0.036  0.500  S  d0
  9379   2930.938  +1.260445  -0.328108  1.000  0.036  0.500  S  d0
  9380   2931.250  +1.197138  +0.447131  1.000  0.036  0.500  S  d0
  9381   2931.562  +0.711855  +1.078292  1.000  0.036  0.500  S  d0
  9382   2931.875  -0.057309  +1.248841  1.000  0.036  0.500  S  d0
  9383   2932.188  -0.779020  +0.992365  1.000  0.036  0.500  S  d0
  9384   2932.500  -1.207873  +0.350908  1.000  0.036  0.500  S  d0
  9385   2932.812  -1.185458  -0.403506  1.000  0.036  0.500  S  d0
  9386   2933.125  -0.699246  -1.014967  1.000  0.036  0.500  S  d0
  9387   2933.438  +0.031233  -1.240081  1.000  0.036  0.500  S  d0
  9388   2933.750  +0.731319  -0.979694  1.000  0.036  0.500  S  d0
  9389   2934.062  +1.158543  -0.359569  1.000  0.036  0.500  S  d0
  9390   2934.375  +1.133184  +0.359874  1.000  0.000  0.500  S  d0
  9391   2934.688  +0.708953  +0.975449  1.000  0.000  0.500  S  d0
  9392   2935.000  +0.029259  +1.219815  1.000  0.000  0.500  S  d0
  9393   2935.312  -0.676387  +0.969364  1.000  0.000  0.500  S  d0
  9394   2935.625  -1.117808  +0.394690  1.000  0.000  0.500  S  d0
  9395   2935.938  -1.136760  -0.316792  1.000  0.000  0.500  S  d0
  9396   2936.250  -0.724385  -0.939549  1.000  0.000  0.500  S  d0
  9397   2936.562  -0.049391  -1.153555  1.000  0.000  0.500  S  d0
  9398   2936.875  +0.638086  -0.979092  1.000  0.000  0.500  S  d0
  9399   2937.188  +1.064779  -0.424637  1.000  0.000  0.500  S  d0
  9400   2937.500  +1.087456  +0.280632  1.000  0.000  0.500  S  d0
  9401   2937.812  +0.732990  +0.867739  1.000  0.000  0.500  S  d0
  9402   2938.125  +0.091359  +1.144260  1.000  0.025  0.500  S  d0
  9403   2938.438  -0.585716  +0.960570  1.000  0.025  0.500  S  d0
  9404   2938.750  -1.002434  +0.442284  1.000  0.025  0.500  S  d0
  9405   2939.062  -1.073264  -0.225531  1.000  0.025  0.500  S  d0
  9406   2939.375  -0.757147  -0.836591  1.000  0.025  0.500  S  d0
  9407   2939.688  -0.128807  -1.104300  1.000  0.025  0.500  S  d0
  9408   2940.000  +0.537336  -0.943204  1.000  0.025  0.500  S  d0
  9409   2940.312  +0.978233  -0.466743  1.000  0.025  0.500  S  d0
  9410   2940.625  +1.075334  +0.189998  1.000  0.025  0.500  S  d0
  9411   2940.938  +0.750154  +0.778123  1.000  0.025  0.500  S  d0
  9412   2941.250  +0.156675  +1.058398  1.000  0.025  0.500  S  d0
  9413   2941.562  -0.486217  +0.947476  1.000  0.025  0.500  S  d0
  9414   2941.875  -0.951643  +0.487601  1.000  0.081  0.500  S  d0
  9415   2942.188  -1.057703  -0.154231  1.000  0.081  0.500  S  d0
  9416   2942.500  -0.747288  -0.735342  1.000  0.081  0.500  S  d0
  9417   2942.812  -0.173535  -1.016493  1.000  0.081  0.500  S  d0
  9418   2943.125  +0.454558  -0.941836  1.000  0.081  0.500  S  d0
  9419   2943.438  +0.893372  -0.508362  1.000  0.081  0.500  S  d0
  9420   2943.750  +1.026341  +0.130724  1.000  0.081  0.500  S  d0
  9421   2944.062  +0.757861  +0.699168  1.000  0.081  0.500  S  d0
  9422   2944.375  +0.201943  +0.986300  1.000  0.081  0.500  S  d0
  9423   2944.688  -0.416771  +0.930567  1.000  0.081  0.500  S  d0
  9424   2945.000  -0.871665  +0.516558  1.000  0.081  0.500  S  d0
  9425   2945.312  -1.006682  -0.092482  1.000  0.081  0.500  S  d0
  9426   2945.625  -0.763150  -0.664508  1.000  0.137  0.500  S  d0
  9427   2945.938  -0.229186  -0.975534  1.000  0.137  0.500  S  d0
  9428   2946.250  +0.377925  -0.927702  1.000  0.137  0.500  S  d0
  9429   2946.562  +0.857994  -0.527661  1.000  0.137  0.500  S  d0
  9430   2946.875  +1.000685  +0.069940  1.000  0.137  0.500  S  d0
  9431   2947.188  +0.771684  +0.645085  1.000  0.137  0.500  S  d0
  9432   2947.500  +0.235706  +0.941269  1.000  0.137  0.500  S  d0
  9433   2947.812  -0.350314  +0.918988  1.000  0.137  0.500  S  d0
  9434   2948.125  -0.812398  +0.534624  1.000  0.137  0.500  S  d0
  9435   2948.438  -0.990920  -0.037076  1.000  0.137  0.500  S  d0
  9436   2948.750  -0.769698  -0.602969  1.000  0.137  0.500  S  d0
  9437   2949.062  -0.270210  -0.942670  1.000  0.137  0.500  S  d0
  9438   2949.375  +0.318689  -0.902278  1.000  0.228  0.500  S  d0
  9439   2949.688  +0.802367  -0.546963  1.000  0.228  0.500  S  d0
  9440   2950.000  +0.974178  +0.013493  1.000  0.228  0.500  S  d0
  9441   2950.312  +0.778401  +0.584592  1.000  0.228  0.500  S  d0
  9442   2950.625  +0.288941  +0.924018  1.000  0.228  0.500  S  d0
  9443   2950.938  -0.304766  +0.910023  1.000  0.228  0.500  S  d0
  9444   2951.250  -0.788997  +0.561830  1.000  0.228  0.500  S  d0
  9445   2951.562  -0.970972  +0.003753  1.000  0.228  0.500  S  d0
  9446   2951.875  -0.782305  -0.552621  1.000  0.228  0.500  S  d0
  9447   2952.188  -0.314920  -0.913603  1.000  0.228  0.500  S  d0
  9448   2952.500  +0.264103  -0.936862  1.000  0.228  0.500  S  d0
  9449   2952.812  +0.763813  -0.592926  1.000  0.228  0.500  S  d0
  9450   2953.125  +0.964817  -0.034482  1.000  0.215  0.500  S  d0
  9451   2953.438  +0.814001  +0.538909  1.000  0.215  0.500  S  d0
  9452   2953.750  +0.354111  +0.905594  1.000  0.215  0.500  S  d0
  9453   2954.062  -0.229689  +0.946552  1.000  0.215  0.500  S  d0
  9454   2954.375  -0.748309  +0.617036  1.000  0.215  0.500  S  d0
  9455   2954.688  -0.993013  +0.073505  1.000  0.215  0.500  S  d0
  9456   2955.000  -0.827922  -0.507603  1.000  0.215  0.500  S  d0
  9457   2955.312  -0.385652  -0.893876  1.000  0.215  0.500  S  d0
  9458   2955.625  +0.205694  -0.958376  1.000  0.215  0.500  S  d0
  9459   2955.938  +0.741963  -0.669387  1.000  0.215  0.500  S  d0
  9460   2956.250  +0.971981  -0.120237  1.000  0.215  0.500  S  d0
  9461   2956.562  +0.868350  +0.489296  1.000  0.215  0.500  S  d0
  9462   2956.875  +0.431426  +0.911100  1.000  0.170  0.500  S  d0
  9463   2957.188  -0.184919  +0.994219  1.000  0.170  0.500  S  d0
  9464   2957.500  -0.717929  +0.692357  1.000  0.170  0.500  S  d0
  9465   2957.812  -1.009568  +0.134210  1.000  0.170  0.500  S  d0
  9466   2958.125  -0.896800  -0.467248  1.000  0.170  0.500  S  d0
  9467   2958.438  -0.440926  -0.912531  1.000  0.170  0.500  S  d0
  9468   2958.750  +0.154472  -0.997072  1.000  0.170  0.500  S  d0
  9469   2959.062  +0.724822  -0.729270  1.000  0.170  0.500  S  d0
  9470   2959.375  +0.991640  -0.172593  1.000  0.170  0.500  S  d0
  9471   2959.688  +0.918947  +0.441703  1.000  0.170  0.500  S  d0
  9472   2960.000  +0.493513  +0.907173  1.000  0.170  0.500  S  d0
  9473   2960.312  -0.117931  +1.034884  1.000  0.170  0.500  S  d0
  9474   2960.625  -0.712877  +0.761980  1.000  0.113  0.500  S  d0
  9475   2960.938  -1.026426  +0.205758  1.000  0.113  0.500  S  d0
  9476   2961.250  -0.958493  -0.422544  1.000  0.113  0.500  S  d0
  9477   2961.562  -0.540651  -0.926640  1.000  0.113  0.500  S  d0
  9478   2961.875  +0.102946  -1.066203  1.000  0.113  0.500  S  d0
  9479   2962.188  +0.703132  -0.801085  1.000  0.113  0.500  S  d0
  9480   2962.500  +1.046874  -0.233085  1.000  0.113  0.500  S  d0
  9481   2962.812  +1.027745  +0.413455  1.000  0.113  0.500  S  d0
  9482   2963.125  +0.561277  +0.946462  1.000  0.113  0.500  S  d0
  9483   2963.438  -0.079788  +1.094695  1.000  0.113  0.500  S  d0
  9484   2963.750  -0.702068  +0.839793  1.000  0.113  0.500  S  d0
  9485   2964.062  -1.063890  +0.277709  1.000  0.113  0.500  S  d0
  9486   2964.375  -1.053224  -0.399186  1.000  0.073  0.500  S  d0
  9487   2964.688  -0.618828  -0.952021  1.000  0.073  0.500  S  d0
  9488   2965.000  +0.044226  -1.141527  1.000  0.073  0.500  S  d0
  9489   2965.312  +0.710300  -0.906463  1.000  0.073  0.500  S  d0
  9490   2965.625  +1.092904  -0.288514  1.000  0.073  0.500  S  d0
  9491   2965.938  +1.092068  +0.389855  1.000  0.073  0.500  S  d0
  9492   2966.250  +0.654982  +0.953804  1.000  0.073  0.500  S  d0
  9493   2966.562  -0.012588  +1.170045  1.000  0.073  0.500  S  d0
  9494   2966.875  -0.706791  +0.930633  1.000  0.073  0.500  S  d0
  9495   2967.188  -1.139146  +0.356223  1.000  0.073  0.500  S  d0
  9496   2967.500  -1.114950  -0.367317  1.000  0.073  0.500  S  d0
  9497   2967.812  -0.698138  -0.983450  1.000  0.073  0.500  S  d0
  9498   2968.125  -0.009960  -1.213007  1.000  0.069  0.500  S  d0
  9499   2968.438  +0.683723  -0.978689  1.000  0.069  0.500  S  d0
  9500   2968.750  +1.143448  -0.396188  1.000  0.069  0.500  S  d0
  9501   2969.062  +1.181528  +0.338906  1.000  0.069  0.500  S  d0
  9502   2969.375  +0.764825  +0.986386  1.000  0.069  0.500  S  d0
  9503   2969.688  +0.053109  +1.219977  1.000  0.069  0.500  S  d0
  9504   2970.000  -0.696983  +1.041913  1.000  0.069  0.500  S  d0
  9505   2970.312  -1.161046  +0.445288  1.000  0.069  0.500  S  d0
  9506   2970.625  -1.208672  -0.309967  1.000  0.069  0.500  S  d0
  9507   2970.938  -0.815238  -0.968666  1.000  0.069  0.500  S  d0
  9508   2971.250  -0.098048  -1.266887  1.000  0.069  0.500  S  d0
  9509   2971.562  +0.643723  -1.078479  1.000  0.069  0.500  S  d0
  9510   2971.875  +1.191243  -0.506716  1.000  0.107  0.500  S  d0
  9511   2972.188  +1.285277  +0.270051  1.000  0.107  0.500  S  d0
  9512   2972.500  +0.870073  +0.976560  1.000  0.107  0.500  S  d0
  9513   2972.812  +0.149593  +1.296174  1.000  0.107  0.500  S  d0
  9514   2973.125  -0.648143  +1.151122  1.000  0.107  0.500  S  d0
  9515   2973.438  -1.204361  +0.553380  1.000  0.107  0.500  S  d0
  9516   2973.750  -1.320543  -0.255412  1.000  0.107  0.500  S  d0
  9517   2974.062  -0.930125  -0.964343  1.000  0.107  0.500  S  d0
  9518   2974.375  -0.173762  -1.312897  1.000  0.107  0.500  S  d0
  9519   2974.688  +0.616243  -1.203892  1.000  0.107  0.500  S  d0
  9520   2975.000  +1.190772  -0.592535  1.000  0.107  0.500  S  d0
  9521   2975.312  +1.354683  +0.201615  1.000  0.107  0.500  S  d0
  9522   2975.625  +0.968273  +0.964537  1.000  0.164  0.500  S  d0
  9523   2975.938  +0.239101  +1.333268  1.000  0.164  0.500  S  d0
  9524   2976.250  -0.587301  +1.213934  1.000  0.164  0.500  S  d0
  9525   2976.562  -1.230158  +0.653936  1.000  0.164  0.500  S  d0
  9526   2976.875  -1.364457  -0.172416  1.000  0.164  0.500  S  d0
  9527   2977.188  -1.008218  -0.944829  1.000  0.164  0.500  S  d0
  9528   2977.500  -0.268889  -1.350584  1.000  0.164  0.500  S  d0
  9529   2977.812  +0.569532  -1.266379  1.000  0.164  0.500  S  d0
  9530   2978.125  +1.217982  -0.690418  1.000  0.164  0.500  S  d0
  9531   2978.438  +1.392681  +0.135810  1.000  0.164  0.500  S  d0
  9532   2978.750  +1.049232  +0.938296  1.000  0.164  0.500  S  d0
  9533   2979.062  +0.317919  +1.375283  1.000  0.164  0.500  S  d0
  9534   2979.375  -0.554388  +1.317359  1.000  0.210  0.500  S  d0
  9535   2979.688  -1.202460  +0.737280  1.000  0.210  0.500  S  d0
  9536   2980.000  -1.397401  -0.115499  1.000  0.210  0.500  S  d0
  9537   2980.312  -1.105117  -0.917126  1.000  0.210  0.500  S  d0
  9538   2980.625  -0.360802  -1.396789  1.000  0.210  0.500  S  d0
  9539   2980.938  +0.504398  -1.340084  1.000  0.210  0.500  S  d0
  9540   2981.250  +1.192336  -0.766706  1.000  0.210  0.500  S  d0
  9541   2981.562  +1.454362  +0.069872  1.000  0.210  0.500  S  d0
  9542   2981.875  +1.123200  +0.896851  1.000  0.210  0.500  S  d0
  9543   2982.188  +0.388435  +1.379900  1.000  0.210  0.500  S  d0
  9544   2982.500  -0.489415  +1.355855  1.000  0.210  0.500  S  d0
  9545   2982.812  -1.179919  +0.818209  1.000  0.210  0.500  S  d0
  9546   2983.125  -1.456252  -0.017727  1.000  0.229  0.500  S  d0
  9547   2983.438  -1.142523  -0.880925  1.000  0.229  0.500  S  d0
  9548   2983.750  -0.429799  -1.388349  1.000  0.229  0.500  S  d0
  9549   2984.062  +0.468345  -1.379461  1.000  0.229  0.500  S  d0
  9550   2984.375  +1.161960  -0.841626  1.000  0.229  0.500  S  d0
  9551   2984.688  +1.441346  +0.001227  1.000  0.229  0.500  S  d0
  9552   2985.000  +1.189822  +0.845447  1.000  0.229  0.500  S  d0
  9553   2985.312  +0.448432  +1.373972  1.000  0.229  0.500  S  d0
  9554   2985.625  -0.436035  +1.384143  1.000  0.229  0.500  S  d0
  9555   2985.938  -1.131259  +0.861110  1.000  0.229  0.500  S  d0
  9556   2986.250  -1.436362  +0.045226  1.000  0.229  0.500  S  d0
  9557   2986.562  -1.212863  -0.807778  1.000  0.229  0.500  S  d0
  9558   2986.875  -0.504510  -1.346596  1.000  0.213  0.500  S  d0
  9559   2987.188  +0.368785  -1.385312  1.000  0.213  0.500  S  d0
  9560   2987.500  +1.119881  -0.892313  1.000  0.213  0.500  S  d0
  9561   2987.812  +1.429217  -0.097079  1.000  0.213  0.500  S  d0
  9562   2988.125  +1.225418  +0.752968  1.000  0.213  0.500  S  d0
  9563   2988.438  +0.545039  +1.313869  1.000  0.213  0.500  S  d0
  9564   2988.750  -0.327115  +1.394605  1.000  0.213  0.500  S  d0
  9565   2989.062  -1.076416  +0.936369  1.000  0.213  0.500  S  d0
  9566   2989.375  -1.437709  +0.132214  1.000  0.213  0.500  S  d0
  9567   2989.688  -1.231612  -0.702609  1.000  0.213  0.500  S  d0
  9568   2990.000  -0.569802  -1.273444  1.000  0.213  0.500  S  d0
  9569   2990.312  +0.270421  -1.404308  1.000  0.213  0.500  S  d0
  9570   2990.625  +1.052362  -0.974361  1.000  0.164  0.500  S  d0
  9571   2990.938  +1.412493  -0.176026  1.000  0.164  0.500  S  d0
  9572   2991.250  +1.230910  +0.669252  1.000  0.164  0.500  S  d0
  9573   2991.562  +0.605047  +1.246368  1.000  0.164  0.500  S  d0
  9574   2991.875  -0.245614  +1.398991  1.000  0.164  0.500  S  d0
  9575   2992.188  -0.988282  +0.969081  1.000  0.164  0.500  S  d0
  9576   2992.500  -1.358692  +0.195245  1.000  0.164  0.500  S  d0
  9577   2992.812  -1.226707  -0.608158  1.000  0.164  0.500  S  d0
  9578   2993.125  -0.639150  -1.217955  1.000  0.164  0.500  S  d0
  9579   2993.438  +0.168168  -1.346690  1.000  0.164  0.500  S  d0
  9580   2993.750  +0.939952  -0.982719  1.000  0.164  0.500  S  d0
  9581   2994.062  +1.338168  -0.251657  1.000  0.164  0.500  S  d0
  9582   2994.375  +1.247141  +0.575525  1.000  0.105  0.500  S  d0
  9583   2994.688  +0.666293  +1.176683  1.000  0.105  0.500  S  d0
  9584   2995.000  -0.159052  +1.320456  1.000  0.105  0.500  S  d0
  9585   2995.312  -0.903562  +1.013645  1.000  0.105  0.500  S  d0
  9586   2995.625  -1.313490  +0.293559  1.000  0.105  0.500  S  d0
  9587   2995.938  -1.222651  -0.540564  1.000  0.105  0.500  S  d0
  9588   2996.250  -0.670047  -1.151040  1.000  0.105  0.500  S  d0
  9589   2996.562  +0.112219  -1.318044  1.000  0.105  0.500  S  d0
  9590   2996.875  +0.856360  -0.997374  1.000  0.105  0.500  S  d0
  9591   2997.188  +1.274288  -0.308559  1.000  0.105  0.500  S  d0
  9592   2997.500  +1.211726  +0.483787  1.000  0.105  0.500  S  d0
  9593   2997.812  +0.698543  +1.106085  1.000  0.105  0.500  S  d0
  9594   2998.125  -0.077195  +1.278481  1.000  0.063  0.500  S  d0
  9595   2998.438  -0.807711  +0.996955  1.000  0.063  0.500  S  d0
  9596   2998.750  -1.242443  +0.333957  1.000  0.063  0.500  S  d0
  9597   2999.062  -1.204127  -0.451230  1.000  0.063  0.500  S  d0
  9598   2999.375  -0.694624  -1.032822  1.000  0.063  0.500  S  d0
  9599   2999.688  +0.043160  -1.252441  1.000  0.063  0.500  S  d0
  9600   3000.000  +0.773137  -1.003631  1.000  0.063  0.500  S  d0
  9601   3000.312  +1.183012  -0.330889  1.000  0.063  0.500  S  d0
  9602   3000.625  +1.169151  +0.406916  1.000  0.063  0.500  S  d0
  9603   3000.938  +0.696545  +0.990061  1.000  0.063  0.500  S  d0
  9604   3001.250  -0.011034  +1.216056  1.000  0.063  0.500  S  d0
  9605   3001.562  -0.717586  +0.964939  1.000  0.063  0.500  S  d0
  9606   3001.875  -1.143407  +0.367562  1.000  0.063  0.500  S  d0
  9607   3002.188  -1.134112  -0.366839  1.000  0.063  0.500  S  d0
  9608   3002.500  -0.700586  -0.938104  1.000  0.063  0.500  S  d0
  9609   3002.812  -0.017811  -1.190495  1.000  0.063  0.500  S  d0
  9610   3003.125  +0.655019  -0.986449  1.000  0.063  0.500  S  d0
  9611   3003.438  +1.108515  -0.383211  1.000  0.063  0.500  S  d0
  9612   3003.750  +1.126090  +0.322717  1.000  0.063  0.500  S  d0
  9613   3004.062  +0.710297  +0.914483  1.000  0.063  0.500  S  d0
  9614   3004.375  +0.056627  +1.127027  1.000  0.063  0.500  S  d0
  9615   3004.688  -0.622611  +0.959380  1.000  0.063  0.500  S  d0
  9616   3005.000  -1.056366  +0.431177  1.000  0.063  0.500  S  d0
  9617   3005.312  -1.118296  -0.254681  1.000  0.063  0.500  S  d0
  9618   3005.625  -0.714473  -0.850687  1.000  0.106  0.500  S  d0
  9619   3005.938  -0.091813  -1.129829  1.000  0.106  0.500  S  d0
  9620   3006.250  +0.588818  -0.967325  1.000  0.106  0.500  S  d0
  9621   3006.562  +1.006768  -0.448827  1.000  0.106  0.500  S  d0
  9622   3006.875  +1.078999  +0.233470  1.000  0.106  0.500  S  d0
  9623   3007.188  +0.728411  +0.798967  1.000  0.106  0.500  S  d0
  9624   3007.500  +0.122206  +1.101164  1.000  0.106  0.500  S  d0
  9625   3007.812  -0.515397  +0.960847  1.000  0.106  0.500  S  d0
  9626   3008.125  -0.983495  +0.449418  1.000  0.106  0.500  S  d0
  9627   3008.438  -1.054191  -0.198642  1.000  0.106  0.500  S  d0
  9628   3008.750  -0.727970  -0.761992  1.000  0.106  0.500  S  d0
  9629   3009.062  -0.150622  -1.032695  1.000  0.106  0.500  S  d0
  9630   3009.375  +0.491646  -0.954480  1.000  0.166  0.500  S  d0
  9631   3009.688  +0.929057  -0.477816  1.000  0.166  0.500  S  d0
  9632   3010.000  +1.012980  +0.161766  1.000  0.166  0.500  S  d0
  9633   3010.312  +0.734762  +0.729709  1.000  0.166  0.500  S  d0
  9634   3010.625  +0.172391  +1.019565  1.000  0.166  0.500  S  d0
  9635   3010.938  -0.439797  +0.918425  1.000  0.166  0.500  S  d0
  9636   3011.250  -0.891857  +0.488630  1.000  0.166  0.500  S  d0
  9637   3011.562  -1.010046  -0.128000  1.000  0.166  0.500  S  d0
  9638   3011.875  -0.738833  -0.686916  1.000  0.166  0.500  S  d0
  9639   3012.188  -0.197875  -0.991888  1.000  0.166  0.500  S  d0
  9640   3012.500  +0.403598  -0.910339  1.000  0.166  0.500  S  d0
  9641   3012.812  +0.873185  -0.506513  1.000  0.166  0.500  S  d0
  9642   3013.125  +0.989080  +0.089921  1.000  0.214  0.500  S  d0
  9643   3013.438  +0.758411  +0.660537  1.000  0.214  0.500  S  d0
  9644   3013.750  +0.229547  +0.957658  1.000  0.214  0.500  S  d0
  9645   3014.062  -0.372962  +0.914720  1.000  0.214  0.500  S  d0
  9646   3014.375  -0.857123  +0.526544  1.000  0.214  0.500  S  d0
  9647   3014.688  -0.984751  -0.060914  1.000  0.214  0.500  S  d0
  9648   3015.000  -0.751265  -0.629732  1.000  0.214  0.500  S  d0
  9649   3015.312  -0.244584  -0.941585  1.000  0.214  0.500  S  d0
  9650   3015.625  +0.335282  -0.912989  1.000  0.214  0.500  S  d0
  9651   3015.938  +0.816288  -0.533522  1.000  0.214  0.500  S  d0
  9652   3016.250  +0.967093  +0.036409  1.000  0.214  0.500  S  d0
  9653   3016.562  +0.775752  +0.606578  1.000  0.214  0.500  S  d0
  9654   3016.875  +0.267541  +0.922121  1.000  0.232  0.500  S  d0
  9655   3017.188  -0.321244  +0.908425  1.000  0.232  0.500  S  d0
  9656   3017.500  -0.790764  +0.543075  1.000  0.232  0.500  S  d0
  9657   3017.812  -0.963040  -0.017927  1.000  0.232  0.500  S  d0
  9658   3018.125  -0.778478  -0.573850  1.000  0.232  0.500  S  d0
  9659   3018.438  -0.283099  -0.922682  1.000  0.232  0.500  S  d0
  9660   3018.750  +0.296569  -0.906680  1.000  0.232  0.500  S  d0
  9661   3019.062  +0.779121  -0.559800  1.000  0.232  0.500  S  d0
  9662   3019.375  +0.958901  -0.008770  1.000  0.232  0.500  S  d0
  9663   3019.688  +0.791043  +0.559971  1.000  0.232  0.500  S  d0
  9664   3020.000  +0.320207  +0.909713  1.000  0.232  0.500  S  d0
  9665   3020.312  -0.264968  +0.922470  1.000  0.232  0.500  S  d0
  9666   3020.625  -0.755369  +0.586773  1.000  0.210  0.500  S  d0
  9667   3020.938  -0.973056  +0.041193  1.000  0.210  0.500  S  d0
  9668   3021.250  -0.810109  -0.524411  1.000  0.210  0.500  S  d0
  9669   3021.562  -0.361744  -0.909746  1.000  0.210  0.500  S  d0
  9670   3021.875  +0.246986  -0.957867  1.000  0.210  0.500  S  d0
  9671   3022.188  +0.744862  -0.623687  1.000  0.210  0.500  S  d0
  9672   3022.500  +0.990015  -0.071891  1.000  0.210  0.500  S  d0
  9673   3022.812  +0.838413  +0.502717  1.000  0.210  0.500  S  d0
  9674   3023.125  +0.372743  +0.919468  1.000  0.210  0.500  S  d0
  9675   3023.438  -0.216429  +0.983666  1.000  0.210  0.500  S  d0
  9676   3023.750  -0.736049  +0.663459  1.000  0.210  0.500  S  d0
  9677   3024.062  -0.988728  +0.107880  1.000  0.210  0.500  S  d0
  9678   3024.375  -0.876060  -0.487189  1.000  0.161  0.500  S  d0
  9679   3024.688  -0.421919  -0.918452  1.000  0.161  0.500  S  d0
  9680   3025.000  +0.188237  -1.003260  1.000  0.161  0.500  S  d0
  9681   3025.312  +0.744988  -0.706241  1.000  0.161  0.500  S  d0
  9682   3025.625  +1.004960  -0.148143  1.000  0.161  0.500  S  d0
  9683   3025.938  +0.904237  +0.477366  1.000  0.161  0.500  S  d0
  9684   3026.250  +0.466653  +0.915556  1.000  0.161  0.500  S  d0
  9685   3026.562  -0.141948  +1.008497  1.000  0.161  0.500  S  d0
  9686   3026.875  -0.743890  +0.742797  1.000  0.161  0.500  S  d0
  9687   3027.188  -1.046455  +0.182871  1.000  0.161  0.500  S  d0
  9688   3027.500  -0.942120  -0.455044  1.000  0.161  0.500  S  d0
  9689   3027.812  -0.500301  -0.910118  1.000  0.161  0.500  S  d0
  9690   3028.125  +0.131987  -1.043646  1.000  0.099  0.500  S  d0
  9691   3028.438  +0.731578  -0.771652  1.000  0.099  0.500  S  d0
  9692   3028.750  +1.045257  -0.219257  1.000  0.099  0.500  S  d0
  9693   3029.062  +0.991098  +0.456852  1.000  0.099  0.500  S  d0
  9694   3029.375  +0.537257  +0.925476  1.000  0.099  0.500  S  d0
  9695   3029.688  -0.110502  +1.073110  1.000  0.099  0.500  S  d0
  9696   3030.000  -0.716424  +0.807037  1.000  0.099  0.500  S  d0
  9697   3030.312  -1.078539  +0.233197  1.000  0.099  0.500  S  d0
  9698   3030.625  -1.021885  -0.415645  1.000  0.099  0.500  S  d0
  9699   3030.938  -0.579078  -0.941222  1.000  0.099  0.500  S  d0
  9700   3031.250  +0.083460  -1.130416  1.000  0.099  0.500  S  d0
  9701   3031.562  +0.734064  -0.865366  1.000  0.099  0.500  S  d0
  9702   3031.875  +1.089315  -0.279699  1.000  0.057  0.500  S  d0
  9703   3032.188  +1.052048  +0.413467  1.000  0.057  0.500  S  d0
  9704   3032.500  +0.630986  +0.981356  1.000  0.057  0.500  S  d0
  9705   3032.812  -0.049176  +1.157953  1.000  0.057  0.500  S  d0
  9706   3033.125  -0.737250  +0.907890  1.000  0.057  0.500  S  d0
  9707   3033.438  -1.122313  +0.311805  1.000  0.057  0.500  S  d0
  9708   3033.750  -1.094446  -0.402674  1.000  0.057  0.500  S  d0
  9709   3034.062  -0.663252  -0.970960  1.000  0.057  0.500  S  d0
  9710   3034.375  +0.017643  -1.192726  1.000  0.057  0.500  S  d0
  9711   3034.688  +0.724781  -0.953046  1.000  0.057  0.500  S  d0
  9712   3035.000  +1.145198  -0.358308  1.000  0.057  0.500  S  d0
  9713   3035.312  +1.149468  +0.383372  1.000  0.057  0.500  S  d0
  9714   3035.625  +0.703980  +0.995552  1.000  0.058  0.500  S  d0
  9715   3035.938  +0.008218  +1.216956  1.000  0.058  0.500  S  d0
  9716   3036.250  -0.717751  +1.005074  1.000  0.058  0.500  S  d0
  9717   3036.562  -1.166778  +0.410153  1.000  0.058  0.500  S  d0
  9718   3036.875  -1.180708  -0.358911  1.000  0.058  0.500  S  d0
  9719   3037.188  -0.772405  -0.992739  1.000  0.058  0.500  S  d0
  9720   3037.500  -0.034019  -1.236511  1.000  0.058  0.500  S  d0
  9721   3037.812  +0.699327  -1.057621  1.000  0.058  0.500  S  d0
  9722   3038.125  +1.177873  -0.466668  1.000  0.058  0.500  S  d0
  9723   3038.438  +1.240012  +0.306281  1.000  0.058  0.500  S  d0
  9724   3038.750  +0.820389  +0.996503  1.000  0.058  0.500  S  d0
  9725   3039.062  +0.085501  +1.289649  1.000  0.058  0.500  S  d0
  9726   3039.375  -0.680058  +1.115920  1.000  0.100  0.500  S  d0
  9727   3039.688  -1.212088  +0.505681  1.000  0.100  0.500  S  d0
  9728   3040.000  -1.297473  -0.284779  1.000  0.100  0.500  S  d0
  9729   3040.312  -0.860483  -0.971972  1.000  0.100  0.500  S  d0
  9730   3040.625  -0.151658  -1.324966  1.000  0.100  0.500  S  d0
  9731   3040.938  +0.678684  -1.164539  1.000  0.100  0.500  S  d0
  9732   3041.250  +1.222649  -0.565321  1.000  0.100  0.500  S  d0
  9733   3041.562  +1.306609  +0.237958  1.000  0.100  0.500  S  d0
  9734   3041.875  +0.924970  +0.985721  1.000  0.100  0.500  S  d0
  9735   3042.188  +0.192594  +1.357903  1.000  0.100  0.500  S  d0
  9736   3042.500  -0.631124  +1.197423  1.000  0.100  0.500  S  d0
  9737   3042.812  -1.208574  +0.609551  1.000  0.100  0.500  S  d0
  9738   3043.125  -1.339290  -0.225295  1.000  0.161  0.500  S  d0
  9739   3043.438  -0.975810  -0.962610  1.000  0.161  0.500  S  d0
  9740   3043.750  -0.231443  -1.360064  1.000  0.161  0.500  S  d0
  9741   3044.062  +0.590265  -1.241738  1.000  0.161  0.500  S  d0
  9742   3044.375  +1.213591  -0.657057  1.000  0.161  0.500  S  d0
  9743   3044.688  +1.373904  +0.173088  1.000  0.161  0.500  S  d0
  9744   3045.000  +1.016159  +0.953837  1.000  0.161  0.500  S  d0
  9745   3045.312  +0.274563  +1.392178  1.000  0.161  0.500  S  d0
  9746   3045.625  -0.570584  +1.284420  1.000  0.161  0.500  S  d0
  9747   3045.938  -1.246496  +0.695821  1.000  0.161  0.500  S  d0
  9748   3046.250  -1.403750  -0.145514  1.000  0.161  0.500  S  d0
  9749   3046.562  -1.035838  -0.930655  1.000  0.161  0.500  S  d0
  9750   3046.875  -0.305352  -1.386197  1.000  0.209  0.500  S  d0
  9751   3047.188  +0.551115  -1.327252  1.000  0.209  0.500  S  d0
  9752   3047.500  +1.217931  -0.739648  1.000  0.209  0.500  S  d0
  9753   3047.812  +1.421013  +0.092877  1.000  0.209  0.500  S  d0
  9754   3048.125  +1.089787  +0.925219  1.000  0.209  0.500  S  d0
  9755   3048.438  +0.350178  +1.400508  1.000  0.209  0.500  S  d0
  9756   3048.750  -0.523553  +1.335236  1.000  0.209  0.500  S  d0
  9757   3049.062  -1.202701  +0.775144  1.000  0.209  0.500  S  d0
  9758   3049.375  -1.431476  -0.063764  1.000  0.209  0.500  S  d0
  9759   3049.688  -1.123365  -0.902560  1.000  0.209  0.500  S  d0
  9760   3050.000  -0.398111  -1.400287  1.000  0.209  0.500  S  d0
  9761   3050.312  +0.500222  -1.338659  1.000  0.209  0.500  S  d0
  9762   3050.625  +1.191584  -0.809097  1.000  0.228  0.500  S  d0
  9763   3050.938  +1.434514  +0.021585  1.000  0.228  0.500  S  d0
  9764   3051.250  +1.147007  +0.876191  1.000  0.228  0.500  S  d0
  9765   3051.562  +0.415261  +1.395992  1.000  0.228  0.500  S  d0
  9766   3051.875  -0.453212  +1.360927  1.000  0.228  0.500  S  d0
  9767   3052.188  -1.176513  +0.830156  1.000  0.228  0.500  S  d0
  9768   3052.500  -1.465760  +0.012660  1.000  0.228  0.500  S  d0
  9769   3052.812  -1.158371  -0.828572  1.000  0.228  0.500  S  d0
  9770   3053.125  -0.451145  -1.375370  1.000  0.228  0.500  S  d0
  9771   3053.438  +0.414392  -1.383315  1.000  0.228  0.500  S  d0
  9772   3053.750  +1.139265  -0.872991  1.000  0.228  0.500  S  d0
  9773   3054.062  +1.431495  -0.047856  1.000  0.228  0.500  S  d0
  9774   3054.375  +1.197537  +0.781956  1.000  0.211  0.500  S  d0
  9775   3054.688  +0.515014  +1.344069  1.000  0.211  0.500  S  d0
  9776   3055.000  -0.359747  +1.405313  1.000  0.211  0.500  S  d0
  9777   3055.312  -1.097521  +0.900067  1.000  0.211  0.500  S  d0
  9778   3055.625  -1.425589  +0.096673  1.000  0.211  0.500  S  d0
  9779   3055.938  -1.232491  -0.752483  1.000  0.211  0.500  S  d0
  9780   3056.250  -0.559825  -1.322390  1.000  0.211  0.500  S  d0
  9781   3056.562  +0.289059  -1.370122  1.000  0.211  0.500  S  d0
  9782   3056.875  +1.067401  -0.945941  1.000  0.211  0.500  S  d0
  9783   3057.188  +1.421871  -0.153542  1.000  0.211  0.500  S  d0
  9784   3057.500  +1.234705  +0.697176  1.000  0.211  0.500  S  d0
  9785   3057.812  +0.587418  +1.284302  1.000  0.211  0.500  S  d0
  9786   3058.125  -0.262897  +1.386563  1.000  0.161  0.500  S  d0
  9787   3058.438  -0.996550  +0.967456  1.000  0.161  0.500  S  d0
  9788   3058.750  -1.372009  +0.191493  1.000  0.161  0.500  S  d0
  9789   3059.062  -1.255837  -0.670987  1.000  0.161  0.500  S  d0
  9790   3059.375  -0.619314  -1.233479  1.000  0.161  0.500  S  d0
  9791   3059.688  +0.221191  -1.367760  1.000  0.161  0.500  S  d0
  9792   3060.000  +0.980177  -0.985365  1.000  0.161  0.500  S  d0
  9793   3060.312  +1.337299  -0.214008  1.000  0.161  0.500  S  d0
  9794   3060.625  +1.220008  +0.613929  1.000  0.161  0.500  S  d0
  9795   3060.938  +0.657002  +1.209480  1.000  0.161  0.500  S  d0
  9796   3061.250  -0.168857  +1.353089  1.000  0.161  0.500  S  d0
  9797   3061.562  -0.902151  +0.977715  1.000  0.161  0.500  S  d0
  9798   3061.875  -1.333041  +0.259386  1.000  0.107  0.500  S  d0
  9799   3062.188  -1.243763  -0.558983  1.000  0.107  0.500  S  d0
  9800   3062.500  -0.665800  -1.174372  1.000  0.107  0.500  S  d0
  9801   3062.812  +0.121046  -1.331215  1.000  0.107  0.500  S  d0
  9802   3063.125  +0.891804  -0.992070  1.000  0.107  0.500  S  d0
  9803   3063.438  +1.280730  -0.292315  1.000  0.107  0.500  S  d0
  9804   3063.750  +1.203158  +0.515536  1.000  0.107  0.500  S  d0
  9805   3064.062  +0.687240  +1.116041  1.000  0.107  0.500  S  d0
  9806   3064.375  -0.101071  +1.316292  1.000  0.107  0.500  S  d0
  9807   3064.688  -0.834321  +0.985704  1.000  0.107  0.500  S  d0
  9808   3065.000  -1.226516  +0.291320  1.000  0.107  0.500  S  d0
  9809   3065.312  -1.194262  -0.471054  1.000  0.107  0.500  S  d0
  9810   3065.625  -0.684995  -1.053241  1.000  0.071  0.500  S  d0
  9811   3065.938  +0.066659  -1.271790  1.000  0.071  0.500  S  d0
  9812   3066.250  +0.772706  -0.962393  1.000  0.071  0.500  S  d0
  9813   3066.562  +1.225599  -0.331229  1.000  0.071  0.500  S  d0
  9814   3066.875  +1.174545  +0.424787  1.000  0.071  0.500  S  d0
  9815   3067.188  +0.693306  +1.028702  1.000  0.071  0.500  S  d0
  9816   3067.500  -0.037714  +1.229022  1.000  0.071  0.500  S  d0
  9817   3067.812  -0.754859  +0.953550  1.000  0.071  0.500  S  d0
  9818   3068.125  -1.163297  +0.338401  1.000  0.071  0.500  S  d0
  9819   3068.438  -1.152698  -0.385537  1.000  0.071  0.500  S  d0
  9820   3068.750  -0.714933  -0.967770  1.000  0.071  0.500  S  d0
  9821   3069.062  +0.005097  -1.176140  1.000  0.071  0.500  S  d0
  9822   3069.375  +0.701359  -0.961110  1.000  0.076  0.500  S  d0
  9823   3069.688  +1.139161  -0.369937  1.000  0.076  0.500  S  d0
  9824   3070.000  +1.140077  +0.349158  1.000  0.076  0.500  S  d0
  9825   3070.312  +0.683107  +0.928580  1.000  0.076  0.500  S  d0
  9826   3070.625  +0.025753  +1.159942  1.000  0.076  0.500  S  d0
  9827   3070.938  -0.649150  +0.953923  1.000  0.076  0.500  S  d0
  9828   3071.250  -1.082097  +0.391898  1.000  0.076  0.500  S  d0
  9829   3071.562  -1.097779  -0.311096  1.000  0.076  0.500  S  d0
  9830   3071.875  -0.710825  -0.887229  1.000  0.076  0.500  S  d0
  9831   3072.188  -0.056625  -1.127381  1.000  0.076  0.500  S  d0
  9832   3072.500  +0.597545  -0.929779  1.000  0.076  0.500  S  d0
  9833   3072.812  +1.029634  -0.411800  1.000  0.076  0.500  S  d0
  9834   3073.125  +1.076394  +0.243587  1.000  0.122  0.500  S  d0
  9835   3073.438  +0.715737  +0.830648  1.000  0.122  0.500  S  d0
  9836   3073.750  +0.096246  +1.096946  1.000  0.122  0.500  S  d0
  9837   3074.062  -0.557497  +0.950410  1.000  0.122  0.500  S  d0
  9838   3074.375  -0.975068  +0.430345  1.000  0.122  0.500  S  d0
  9839   3074.688  -1.047432  -0.217694  1.000  0.122  0.500  S  d0
  9840   3075.000  -0.723076  -0.784708  1.000  0.122  0.500  S  d0
  9841   3075.312  -0.124166  -1.037668  1.000  0.122  0.500  S  d0
  9842   3075.625  +0.493927  -0.926008  1.000  0.122  0.500  S  d0
  9843   3075.938  +0.938375  -0.457460  1.000  0.122  0.500  S  d0
  9844   3076.250  +1.029081  +0.176364  1.000  0.122  0.500  S  d0
  9845   3076.562  +0.726867  +0.734630  1.000  0.122  0.500  S  d0
  9846   3076.875  +0.160488  +1.003917  1.000  0.177  0.500  S  d0
  9847   3077.188  -0.459692  +0.903189  1.000  0.177  0.500  S  d0
  9848   3077.500  -0.906614  +0.486147  1.000  0.177  0.500  S  d0
  9849   3077.812  -1.003099  -0.145025  1.000  0.177  0.500  S  d0
  9850   3078.125  -0.748684  -0.706247  1.000  0.177  0.500  S  d0
  9851   3078.438  -0.183580  -0.988642  1.000  0.177  0.500  S  d0
  9852   3078.750  +0.428246  -0.908256  1.000  0.177  0.500  S  d0
  9853   3079.062  +0.873042  -0.482271  1.000  0.177  0.500  S  d0
  9854   3079.375  +1.002113  +0.110625  1.000  0.177  0.500  S  d0
  9855   3079.688  +0.741323  +0.684955  1.000  0.177  0.500  S  d0
  9856   3080.000  +0.205985  +0.971935  1.000  0.177  0.500  S  d0
  9857   3080.312  -0.397170  +0.891086  1.000  0.177  0.500  S  d0
  9858   3080.625  -0.848470  +0.492928  1.000  0.221  0.500  S  d0
  9859   3080.938  -0.971802  -0.080150  1.000  0.221  0.500  S  d0
  9860   3081.250  -0.737716  -0.630634  1.000  0.221  0.500  S  d0
  9861   3081.562  -0.221224  -0.947779  1.000  0.221  0.500  S  d0
  9862   3081.875  +0.358186  -0.900582  1.000  0.221  0.500  S  d0
  9863   3082.188  +0.809172  -0.510548  1.000  0.221  0.500  S  d0
  9864   3082.500  +0.962468  +0.058088  1.000  0.221  0.500  S  d0
  9865   3082.812  +0.749368  +0.608963  1.000  0.221  0.500  S  d0
  9866   3083.125  +0.243380  +0.912990  1.000  0.221  0.500  S  d0
  9867   3083.438  -0.324364  +0.904921  1.000  0.221  0.500  S  d0
  9868   3083.750  -0.797163  +0.537512  1.000  0.221  0.500  S  d0
  9869   3084.062  -0.969554  -0.034150  1.000  0.221  0.500  S  d0
  9870   3084.375  -0.759707  -0.590006  1.000  0.229  0.500  S  d0
  9871   3084.688  -0.264884  -0.926394  1.000  0.229  0.500  S  d0
  9872   3085.000  +0.313441  -0.902251  1.000  0.229  0.500  S  d0
  9873   3085.312  +0.774800  -0.538584  1.000  0.229  0.500  S  d0
  9874   3085.625  +0.959418  -0.004371  1.000  0.229  0.500  S  d0
  9875   3085.938  +0.790616  +0.566570  1.000  0.229  0.500  S  d0
  9876   3086.250  +0.304700  +0.922555  1.000  0.229  0.500  S  d0
  9877   3086.562  -0.279549  +0.915119  1.000  0.229  0.500  S  d0
  9878   3086.875  -0.765601  +0.573719  1.000  0.229  0.500  S  d0
  9879   3087.188  -0.957046  +0.025642  1.000  0.229  0.500  S  d0
  9880   3087.500  -0.799164  -0.542696  1.000  0.229  0.500  S  d0
  9881   3087.812  -0.336973  -0.899844  1.000  0.229  0.500  S  d0
  9882   3088.125  +0.236692  -0.933155  1.000  0.206  0.500  S  d0
  9883   3088.438  +0.755189  -0.614419  1.000  0.206  0.500  S  d0
  9884   3088.750  +0.973128  -0.053876  1.000  0.206  0.500  S  d0
  9885   3089.062  +0.818354  +0.510880  1.000  0.206  0.500  S  d0
  9886   3089.375  +0.366807  +0.909954  1.000  0.206  0.500  S  d0
  9887   3089.688  -0.223044  +0.964553  1.000  0.206  0.500  S  d0
  9888   3090.000  -0.740259  +0.634536  1.000  0.206  0.500  S  d0
  9889   3090.312  -0.982529  +0.086246  1.000  0.206  0.500  S  d0
  9890   3090.625  -0.866448  -0.497557  1.000  0.206  0.500  S  d0
  9891   3090.938  -0.387858  -0.909574  1.000  0.206  0.500  S  d0
  9892   3091.250  +0.194979  -0.984026  1.000  0.206  0.500  S  d0
  9893   3091.562  +0.746000  -0.675274  1.000  0.206  0.500  S  d0
  9894   3091.875  +1.002895  -0.128498  1.000  0.153  0.500  S  d0
  9895   3092.188  +0.882123  +0.488389  1.000  0.153  0.500  S  d0
  9896   3092.500  +0.449673  +0.920382  1.000  0.153  0.500  S  d0
  9897   3092.812  -0.173579  +1.001585  1.000  0.153  0.500  S  d0
  9898   3093.125  -0.745097  +0.718442  1.000  0.153  0.500  S  d0
  9899   3093.438  -1.021278  +0.155870  1.000  0.153  0.500  S  d0
  9900   3093.750  -0.923508  -0.461135  1.000  0.153  0.500  S  d0
  9901   3094.062  -0.486553  -0.920570  1.000  0.153  0.500  S  d0
  9902   3094.375  +0.139499  -1.015571  1.000  0.153  0.500  S  d0
  9903   3094.688  +0.743460  -0.773848  1.000  0.153  0.500  S  d0
  9904   3095.000  +1.040789  -0.197303  1.000  0.153  0.500  S  d0
  9905   3095.312  +0.950475  +0.452896  1.000  0.153  0.500  S  d0
  9906   3095.625  +0.530185  +0.918592  1.000  0.097  0.500  S  d0
  9907   3095.938  -0.112684  +1.050293  1.000  0.097  0.500  S  d0
  9908   3096.250  -0.728217  +0.797446  1.000  0.097  0.500  S  d0
  9909   3096.562  -1.066127  +0.219477  1.000  0.097  0.500  S  d0
  9910   3096.875  -0.988756  -0.421092  1.000  0.097  0.500  S  d0
  9911   3097.188  -0.543110  -0.925566  1.000  0.097  0.500  S  d0
  9912   3097.500  +0.082263  -1.091074  1.000  0.097  0.500  S  d0
  9913   3097.812  +0.708700  -0.828132  1.000  0.097  0.500  S  d0
  9914   3098.125  +1.070952  -0.257510  1.000  0.097  0.500  S  d0
  9915   3098.438  +1.040828  +0.429401  1.000  0.097  0.500  S  d0
  9916   3098.750  +0.607122  +0.948902  1.000  0.097  0.500  S  d0
  9917   3099.062  -0.072951  +1.112197  1.000  0.097  0.500  S  d0
  9918   3099.375  -0.721136  +0.875145  1.000  0.064  0.500  S  d0
  9919   3099.688  -1.094753  +0.283932  1.000  0.064  0.500  S  d0
  9920   3100.000  -1.102883  -0.408753  1.000  0.064  0.500  S  d0
  9921   3100.312  -0.631654  -0.954582  1.000  0.064  0.500  S  d0
  9922   3100.625  +0.052903  -1.172412  1.000  0.064  0.500  S  d0
  9923   3100.938  +0.708724  -0.932490  1.000  0.064  0.500  S  d0
  9924   3101.250  +1.135608  -0.331102  1.000  0.064  0.500  S  d0
  9925   3101.562  +1.143301  +0.407471  1.000  0.064  0.500  S  d0
  9926   3101.875  +0.686060  +0.976022  1.000  0.064  0.500  S  d0
  9927   3102.188  -0.016638  +1.192310  1.000  0.064  0.500  S  d0
  9928   3102.500  -0.721973  +0.974806  1.000  0.064  0.500  S  d0
  9929   3102.812  -1.175203  +0.376905  1.000  0.064  0.500  S  d0
  9930   3103.125  -1.165670  -0.357769  1.000  0.072  0.500  S  d0
  9931   3103.438  -0.732894  -0.992049  1.000  0.072  0.500  S  d0
  9932   3103.750  -0.014168  -1.249622  1.000  0.072  0.500  S  d0
  9933   3104.062  +0.721601  -1.023476  1.000  0.072  0.500  S  d0
  9934   3104.375  +1.183606  -0.422573  1.000  0.072  0.500  S  d0
  9935   3104.688  +1.212786  +0.344823  1.000  0.072  0.500  S  d0
  9936   3105.000  +0.782735  +0.987818  1.000  0.072  0.500  S  d0
  9937   3105.312  +0.047370  +1.266933  1.000  0.072  0.500  S  d0
  9938   3105.625  -0.688059  +1.062205  1.000  0.072  0.500  S  d0
  9939   3105.938  -1.204352  +0.462995  1.000  0.072  0.500  S  d0
  9940   3106.250  -1.265752  -0.307537  1.000  0.072  0.500  S  d0
  9941   3106.562  -0.835108  -0.961086  1.000  0.072  0.500  S  d0
  9942   3106.875  -0.104669  -1.291289  1.000  0.121  0.500  S  d0
  9943   3107.188  +0.667701  -1.126834  1.000  0.121  0.500  S  d0
  9944   3107.500  +1.232900  -0.533048  1.000  0.121  0.500  S  d0
  9945   3107.812  +1.306402  +0.262983  1.000  0.121  0.500  S  d0
  9946   3108.125  +0.877143  +0.991082  1.000  0.121  0.500  S  d0
  9947   3108.438  +0.157337  +1.333331  1.000  0.121  0.500  S  d0
  9948   3108.750  -0.643656  +1.157234  1.000  0.121  0.500  S  d0
  9949   3109.062  -1.231462  +0.586012  1.000  0.121  0.500  S  d0
  9950   3109.375  -1.314770  -0.225743  1.000  0.121  0.500  S  d0
  9951   3109.688  -0.958273  -0.987428  1.000  0.121  0.500  S  d0
  9952   3110.000  -0.198917  -1.356635  1.000  0.121  0.500  S  d0
  9953   3110.312  +0.624758  -1.240411  1.000  0.121  0.500  S  d0
  9954   3110.625  +1.219397  -0.625714  1.000  0.178  0.500  S  d0
  9955   3110.938  +1.362801  +0.221530  1.000  0.178  0.500  S  d0
  9956   3111.250  +0.985695  +0.981121  1.000  0.178  0.500  S  d0
  9957   3111.562  +0.237830  +1.394792  1.000  0.178  0.500  S  d0
  9958   3111.875  -0.589712  +1.247853  1.000  0.178  0.500  S  d0
  9959   3112.188  -1.209356  +0.654478  1.000  0.178  0.500  S  d0
  9960   3112.500  -1.402853  -0.164984  1.000  0.178  0.500  S  d0
  9961   3112.812  -1.029957  -0.963714  1.000  0.178  0.500  S  d0
  9962   3113.125  -0.267789  -1.382267  1.000  0.178  0.500  S  d0
  9963   3113.438  +0.554870  -1.301119  1.000  0.178  0.500  S  d0
  9964   3113.750  +1.197322  -0.720065  1.000  0.178  0.500  S  d0
  9965   3114.062  +1.420681  +0.140801  1.000  0.178  0.500  S  d0
  9966   3114.375  +1.079703  +0.943257  1.000  0.221  0.500  S  d0
  9967   3114.688  +0.319568  +1.392742  1.000  0.221  0.500  S  d0
  9968   3115.000  -0.531092  +1.328872  1.000  0.221  0.500  S  d0
  9969   3115.312  -1.201389  +0.733034  1.000  0.221  0.500  S  d0
  9970   3115.625  -1.442319  -0.085324  1.000  0.221  0.500  S  d0
  9971   3115.938  -1.083545  -0.910836  1.000  0.221  0.500  S  d0
  9972   3116.250  -0.359842  -1.407959  1.000  0.221  0.500  S  d0
  9973   3116.562  +0.492908  -1.325711  1.000  0.221  0.500  S  d0
  9974   3116.875  +1.188633  -0.786277  1.000  0.221  0.500  S  d0
  9975   3117.188  +1.441684  +0.059845  1.000  0.221  0.500  S  d0
  9976   3117.500  +1.137451  +0.891028  1.000  0.221  0.500  S  d0
  9977   3117.812  +0.384376  +1.378060  1.000  0.221  0.500  S  d0
  9978   3118.125  -0.455320  +1.380755  1.000  0.230  0.500  S  d0
  9979   3118.438  -1.186143  +0.803813  1.000  0.230  0.500  S  d0
  9980   3118.750  -1.463161  -0.040369  1.000  0.230  0.500  S  d0
  9981   3119.062  -1.155815  -0.866436  1.000  0.230  0.500  S  d0
  9982   3119.375  -0.431229  -1.372252  1.000  0.230  0.500  S  d0
  9983   3119.688  +0.448737  -1.361277  1.000  0.230  0.500  S  d0
  9984   3120.000  +1.170570  -0.836223  1.000  0.230  0.500  S  d0
  9985   3120.312  +1.458493  -0.006209  1.000  0.230  0.500  S  d0
  9986   3120.625  +1.184777  +0.813936  1.000  0.230  0.500  S  d0
  9987   3120.938  +0.458402  +1.339486  1.000  0.230  0.500  S  d0
  9988   3121.250  -0.413508  +1.387266  1.000  0.230  0.500  S  d0
  9989   3121.562  -1.107684  +0.876566  1.000  0.230  0.500  S  d0
  9990   3121.875  -1.429119  +0.057424  1.000  0.203  0.500  S  d0
  9991   3122.188  -1.199336  -0.777516  1.000  0.203  0.500  S  d0
  9992   3122.500  -0.510479  -1.306762  1.000  0.203  0.500  S  d0
  9993   3122.812  +0.358931  -1.394041  1.000  0.203  0.500  S  d0
  9994   3123.125  +1.083678  -0.905379  1.000  0.203  0.500  S  d0
  9995   3123.438  +1.412847  -0.105249  1.000  0.203  0.500  S  d0
  9996   3123.750  +1.190857  +0.718007  1.000  0.203  0.500  S  d0
  9997   3124.062  +0.558787  +1.316378  1.000  0.203  0.500  S  d0
  9998   3124.375  -0.301177  +1.367356  1.000  0.203  0.500  S  d0
  9999   3124.688  -1.047575  +0.940282  1.000  0.203  0.500  S  d0
 10000   3125.000  -1.410237  +0.139807  1.000  0.203  0.500  S  d0
 10001   3125.312  -1.226542  -0.668283  1.000  0.203  0.500  S  d0
 10002   3125.625  -0.583263  -1.260326  1.000  0.151  0.500  S  d0
 10003   3125.938  +0.246128  -1.383539  1.000  0.151  0.500  S  d0
 10004   3126.250  +1.019915  -0.953498  1.000  0.151  0.500  S  d0
 10005   3126.562  +1.403588  -0.178854  1.000  0.151  0.500  S  d0
 10006   3126.875  +1.228635  +0.632246  1.000  0.151  0.500  S  d0
 10007   3127.188  +0.614974  +1.223072  1.000  0.151  0.500  S  d0
 10008   3127.500  -0.206977  +1.320099  1.000  0.151  0.500  S  d0
 10009   3127.812  -0.964471  +0.962998  1.000  0.151  0.500  S  d0
 10010   3128.125  -1.359821  +0.233117  1.000  0.151  0.500  S  d0
 10011   3128.438  -1.217464  -0.575642  1.000  0.151  0.500  S  d0
 10012   3128.750  -0.634945  -1.171969  1.000  0.151  0.500  S  d0
 10013   3129.062  +0.157687  -1.319699  1.000  0.151  0.500  S  d0
 10014   3129.375  +0.907111  -0.964973  1.000  0.092  0.500  S  d0
 10015   3129.688  +1.297605  -0.256167  1.000  0.092  0.500  S  d0
 10016   3130.000  +1.205743  +0.533389  1.000  0.092  0.500  S  d0
 10017   3130.312  +0.661220  +1.146182  1.000  0.092  0.500  S  d0
 10018   3130.625  -0.114110  +1.297909  1.000  0.092  0.500  S  d0
 10019   3130.938  -0.878436  +0.974853  1.000  0.092  0.500  S  d0
 10020   3131.250  -1.272236  +0.281965  1.000  0.092  0.500  S  d0
 10021   3131.562  -1.176202  -0.492044  1.000  0.092  0.500  S  d0
 10022   3131.875  -0.670521  -1.112231  1.000  0.092  0.500  S  d0
 10023   3132.188  +0.091521  -1.299382  1.000  0.092  0.500  S  d0
 10024   3132.500  +0.834818  -0.975207  1.000  0.092  0.500  S  d0
 10025   3132.812  +1.223341  -0.303211  1.000  0.092  0.500  S  d0
 10026   3133.125  +1.170533  +0.467910  1.000  0.062  0.500  S  d0
 10027   3133.438  +0.697709  +1.042417  1.000  0.062  0.500  S  d0
 10028   3133.750  -0.066433  +1.256629  1.000  0.062  0.500  S  d0
 10029   3134.062  -0.782054  +0.976065  1.000  0.062  0.500  S  d0
 10030   3134.375  -1.211680  +0.337353  1.000  0.062  0.500  S  d0
 10031   3134.688  -1.141432  -0.403858  1.000  0.062  0.500  S  d0
 10032   3135.000  -0.687770  -1.005067  1.000  0.062  0.500  S  d0
 10033   3135.312  +0.027617  -1.197778  1.000  0.062  0.500  S  d0
 10034   3135.625  +0.740118  -0.973048  1.000  0.062  0.500  S  d0
 10035   3135.938  +1.142659  -0.353047  1.000  0.062  0.500  S  d0
 10036   3136.250  +1.132909  +0.361393  1.000  0.062  0.500  S  d0
 10037   3136.562  +0.679550  +0.934673  1.000  0.062  0.500  S  d0
 10038   3136.875  -0.001227  +1.180736  1.000  0.072  0.500  S  d0
 10039   3137.188  -0.696629  +0.959725  1.000  0.072  0.500  S  d0
 10040   3137.500  -1.090516  +0.356582  1.000  0.072  0.500  S  d0
 10041   3137.812  -1.106156  -0.332173  1.000  0.072  0.500  S  d0
 10042   3138.125  -0.691242  -0.911732  1.000  0.072  0.500  S  d0
 10043   3138.438  -0.010040  -1.145932  1.000  0.072  0.500  S  d0
 10044   3138.750  +0.634120  -0.944197  1.000  0.072  0.500  S  d0
 10045   3139.062  +1.051417  -0.389872  1.000  0.072  0.500  S  d0
 10046   3139.375  +1.090455  +0.294724  1.000  0.072  0.500  S  d0
 10047   3139.688  +0.702205  +0.877220  1.000  0.072  0.500  S  d0
 10048   3140.000  +0.059604  +1.117893  1.000  0.072  0.500  S  d0
 10049   3140.312  -0.593769  +0.941315  1.000  0.072  0.500  S  d0
 10050   3140.625  -1.020176  +0.408058  1.000  0.122  0.500  S  d0
 10051   3140.938  -1.059638  -0.249372  1.000  0.122  0.500  S  d0
 10052   3141.250  -0.708698  -0.825329  1.000  0.122  0.500  S  d0
 10053   3141.562  -0.090567  -1.091159  1.000  0.122  0.500  S  d0
 10054   3141.875  +0.546384  -0.928819  1.000  0.122  0.500  S  d0
 10055   3142.188  +0.964571  -0.429628  1.000  0.122  0.500  S  d0
 10056   3142.500  +1.026685  +0.214977  1.000  0.122  0.500  S  d0
 10057   3142.812  +0.730838  +0.771252  1.000  0.122  0.500  S  d0
 10058   3143.125  +0.124326  +1.032687  1.000  0.122  0.500  S  d0
 10059   3143.438  -0.498154  +0.924654  1.000  0.122  0.500  S  d0
 10060   3143.750  -0.937074  +0.451617  1.000  0.122  0.500  S  d0
 10061   3144.062  -1.028412  -0.188181  1.000  0.122  0.500  S  d0
 10062   3144.375  -0.706290  -0.722708  1.000  0.183  0.500  S  d0
 10063   3144.688  -0.144075  -0.997741  1.000  0.183  0.500  S  d0
 10064   3145.000  +0.454166  -0.898916  1.000  0.183  0.500  S  d0
 10065   3145.312  +0.892926  -0.468680  1.000  0.183  0.500  S  d0
 10066   3145.625  +1.003850  +0.136903  1.000  0.183  0.500  S  d0
 10067   3145.938  +0.721234  +0.689897  1.000  0.183  0.500  S  d0
 10068   3146.250  +0.175003  +0.974997  1.000  0.183  0.500  S  d0
 10069   3146.562  -0.412464  +0.909553  1.000  0.183  0.500  S  d0
 10070   3146.875  -0.872792  +0.479411  1.000  0.183  0.500  S  d0
 10071   3147.188  -0.994925  -0.107163  1.000  0.183  0.500  S  d0
 10072   3147.500  -0.722051  -0.671633  1.000  0.183  0.500  S  d0
 10073   3147.812  -0.206273  -0.962566  1.000  0.183  0.500  S  d0
 10074   3148.125  +0.395367  -0.885144  1.000  0.222  0.500  S  d0
 10075   3148.438  +0.839317  -0.505509  1.000  0.222  0.500  S  d0
 10076   3148.750  +0.975421  +0.079320  1.000  0.222  0.500  S  d0
 10077   3149.062  +0.737151  +0.645021  1.000  0.222  0.500  S  d0
 10078   3149.375  +0.220982  +0.942829  1.000  0.222  0.500  S  d0
 10079   3149.688  -0.365160  +0.891496  1.000  0.222  0.500  S  d0
 10080   3150.000  -0.819555  +0.521869  1.000  0.222  0.500  S  d0
 10081   3150.312  -0.965246  -0.062256  1.000  0.222  0.500  S  d0
 10082   3150.625  -0.729204  -0.617085  1.000  0.222  0.500  S  d0
 10083   3150.938  -0.255656  -0.927545  1.000  0.222  0.500  S  d0
 10084   3151.250  +0.335065  -0.897056  1.000  0.222  0.500  S  d0
 10085   3151.562  +0.809609  -0.533772  1.000  0.222  0.500  S  d0
 10086   3151.875  +0.956575  +0.040772  1.000  0.230  0.500  S  d0
 10087   3152.188  +0.756380  +0.590060  1.000  0.230  0.500  S  d0
 10088   3152.500  +0.266072  +0.914616  1.000  0.230  0.500  S  d0
 10089   3152.812  -0.310149  +0.912603  1.000  0.230  0.500  S  d0
 10090   3153.125  -0.797799  +0.547810  1.000  0.230  0.500  S  d0
 10091   3153.438  -0.962004  -0.030204  1.000  0.230  0.500  S  d0
 10092   3153.750  -0.777154  -0.563947  1.000  0.230  0.500  S  d0
 10093   3154.062  -0.283606  -0.908531  1.000  0.230  0.500  S  d0
 10094   3154.375  +0.298453  -0.925344  1.000  0.230  0.500  S  d0
 10095   3154.688  +0.778497  -0.569500  1.000  0.230  0.500  S  d0
 10096   3155.000  +0.972816  -0.014486  1.000  0.230  0.500  S  d0
 10097   3155.312  +0.795496  +0.554764  1.000  0.230  0.500  S  d0
 10098   3155.625  +0.335788  +0.926485  1.000  0.197  0.500  S  d0
 10099   3155.938  -0.269837  +0.949902  1.000  0.197  0.500  S  d0
 10100   3156.250  -0.772893  +0.608171  1.000  0.197  0.500  S  d0
 10101   3156.562  -0.973046  +0.037922  1.000  0.197  0.500  S  d0
 10102   3156.875  -0.839199  -0.545222  1.000  0.197  0.500  S  d0
 10103   3157.188  -0.363012  -0.929142  1.000  0.197  0.500  S  d0
 10104   3157.500  +0.240154  -0.953622  1.000  0.197  0.500  S  d0
 10105   3157.812  +0.762717  -0.643279  1.000  0.197  0.500  S  d0
 10106   3158.125  +0.996573  -0.086745  1.000  0.197  0.500  S  d0
 10107   3158.438  +0.851148  +0.516428  1.000  0.197  0.500  S  d0
 10108   3158.750  +0.395877  +0.935114  1.000  0.197  0.500  S  d0
 10109   3159.062  -0.212224  +0.991942  1.000  0.197  0.500  S  d0
 10110   3159.375  -0.753050  +0.676425  1.000  0.145  0.500  S  d0
 10111   3159.688  -0.994164  +0.108051  1.000  0.145  0.500  S  d0
 10112   3160.000  -0.908243  -0.496704  1.000  0.145  0.500  S  d0
 10113   3160.312  -0.434007  -0.933420  1.000  0.145  0.500  S  d0
 10114   3160.625  +0.196806  -1.011182  1.000  0.145  0.500  S  d0
 10115   3160.938  +0.747672  -0.714276  1.000  0.145  0.500  S  d0
 10116   3161.250  +1.031420  -0.152444  1.000  0.145  0.500  S  d0
 10117   3161.562  +0.930567  +0.468354  1.000  0.145  0.500  S  d0
 10118   3161.875  +0.478045  +0.942344  1.000  0.145  0.500  S  d0
 10119   3162.188  -0.157944  +1.053833  1.000  0.145  0.500  S  d0
 10120   3162.500  -0.757757  +0.771372  1.000  0.145  0.500  S  d0
 10121   3162.812  -1.052745  +0.177312  1.000  0.145  0.500  S  d0
 10122   3163.125  -0.971987  -0.473540  1.000  0.087  0.500  S  d0
 10123   3163.438  -0.510621  -0.954099  1.000  0.087  0.500  S  d0
 10124   3163.750  +0.130887  -1.081896  1.000  0.087  0.500  S  d0
 10125   3164.062  +0.723147  -0.789853  1.000  0.087  0.500  S  d0
 10126   3164.375  +1.069474  -0.217098  1.000  0.087  0.500  S  d0
 10127   3164.688  +1.035625  +0.460041  1.000  0.087  0.500  S  d0
 10128   3165.000  +0.560588  +0.965969  1.000  0.087  0.500  S  d0
 10129   3165.312  -0.108600  +1.108297  1.000  0.087  0.500  S  d0
 10130   3165.625  -0.742010  +0.843125  1.000  0.087  0.500  S  d0
 10131   3165.938  -1.096805  +0.248806  1.000  0.087  0.500  S  d0
 10132   3166.250  -1.046747  -0.441314  1.000  0.087  0.500  S  d0
 10133   3166.562  -0.599115  -0.995055  1.000  0.087  0.500  S  d0
 10134   3166.875  +0.079133  -1.135437  1.000  0.058  0.500  S  d0
 10135   3167.188  +0.755143  -0.897056  1.000  0.058  0.500  S  d0
 10136   3167.500  +1.117432  -0.279057  1.000  0.058  0.500  S  d0
 10137   3167.812  +1.069291  +0.426277  1.000  0.058  0.500  S  d0
 10138   3168.125  +0.650717  +0.992678  1.000  0.058  0.500  S  d0
 10139   3168.438  -0.057294  +1.174308  1.000  0.058  0.500  S  d0
 10140   3168.750  -0.753878  +0.939936  1.000  0.058  0.500  S  d0
 10141   3169.062  -1.150988  +0.319644  1.000  0.058  0.500  S  d0
 10142   3169.375  -1.128039  -0.404671  1.000  0.058  0.500  S  d0
 10143   3169.688  -0.669238  -0.981827  1.000  0.058  0.500  S  d0
 10144   3170.000  +0.032921  -1.230134  1.000  0.058  0.500  S  d0
 10145   3170.312  +0.745854  -0.992839  1.000  0.058  0.500  S  d0
 10146   3170.625  +1.174771  -0.358187  1.000  0.076  0.500  S  d0
 10147   3170.938  +1.166306  +0.398340  1.000  0.076  0.500  S  d0
 10148   3171.250  +0.726876  +1.017740  1.000  0.076  0.500  S  d0
 10149   3171.562  -0.010342  +1.255267  1.000  0.076  0.500  S  d0
 10150   3171.875  -0.746454  +1.031569  1.000  0.076  0.500  S  d0
 10151   3172.188  -1.192267  +0.382516  1.000  0.076  0.500  S  d0
 10152   3172.500  -1.220075  -0.370600  1.000  0.076  0.500  S  d0
 10153   3172.812  -0.766622  -1.034530  1.000  0.076  0.500  S  d0
 10154   3173.125  -0.035878  -1.292378  1.000  0.076  0.500  S  d0
 10155   3173.438  +0.744423  -1.070613  1.000  0.076  0.500  S  d0
 10156   3173.750  +1.216689  -0.457336  1.000  0.076  0.500  S  d0
 10157   3174.062  +1.262882  +0.354425  1.000  0.076  0.500  S  d0
 10158   3174.375  +0.836115  +1.032376  1.000  0.124  0.500  S  d0
 10159   3174.688  +0.063962  +1.316217  1.000  0.124  0.500  S  d0
 10160   3175.000  -0.691141  +1.110805  1.000  0.124  0.500  S  d0
 10161   3175.312  -1.230856  +0.486878  1.000  0.124  0.500  S  d0
 10162   3175.625  -1.325173  -0.291974  1.000  0.124  0.500  S  d0
 10163   3175.938  -0.900944  -1.011368  1.000  0.124  0.500  S  d0
 10164   3176.250  -0.126310  -1.346925  1.000  0.124  0.500  S  d0
 10165   3176.562  +0.683106  -1.170257  1.000  0.124  0.500  S  d0
 10166   3176.875  +1.249038  -0.553214  1.000  0.124  0.500  S  d0
 10167   3177.188  +1.347112  +0.273257  1.000  0.124  0.500  S  d0
 10168   3177.500  +0.951017  +1.026372  1.000  0.124  0.500  S  d0
 10169   3177.812  +0.173605  +1.371646  1.000  0.124  0.500  S  d0
 10170   3178.125  -0.655855  +1.202038  1.000  0.184  0.500  S  d0
 10171   3178.438  -1.259430  +0.598302  1.000  0.184  0.500  S  d0
 10172   3178.750  -1.382814  -0.261908  1.000  0.184  0.500  S  d0
 10173   3179.062  -0.968244  -0.987177  1.000  0.184  0.500  S  d0
 10174   3179.375  -0.201950  -1.391244  1.000  0.184  0.500  S  d0
 10175   3179.688  +0.625882  -1.252583  1.000  0.184  0.500  S  d0
 10176   3180.000  +1.252606  -0.641944  1.000  0.184  0.500  S  d0
 10177   3180.312  +1.387961  +0.203516  1.000  0.184  0.500  S  d0
 10178   3180.625  +1.019159  +0.994066  1.000  0.184  0.500  S  d0
 10179   3180.938  +0.236943  +1.395133  1.000  0.184  0.500  S  d0
 10180   3181.250  -0.594756  +1.293532  1.000  0.184  0.500  S  d0
 10181   3181.562  -1.243447  +0.695900  1.000  0.184  0.500  S  d0
 10182   3181.875  -1.412824  -0.156060  1.000  0.222  0.500  S  d0
 10183   3182.188  -1.057461  -0.970211  1.000  0.222  0.500  S  d0
 10184   3182.500  -0.298552  -1.422649  1.000  0.222  0.500  S  d0
 10185   3182.812  +0.571238  -1.328588  1.000  0.222  0.500  S  d0
 10186   3183.125  +1.246988  -0.724318  1.000  0.222  0.500  S  d0
 10187   3183.438  +1.428912  +0.129249  1.000  0.222  0.500  S  d0
 10188   3183.750  +1.077934  +0.931797  1.000  0.222  0.500  S  d0
 10189   3184.062  +0.331862  +1.411768  1.000  0.222  0.500  S  d0
 10190   3184.375  -0.537673  +1.343385  1.000  0.222  0.500  S  d0
 10191   3184.688  -1.211840  +0.758731  1.000  0.222  0.500  S  d0
 10192   3185.000  -1.423649  -0.082537  1.000  0.222  0.500  S  d0
 10193   3185.312  -1.105340  -0.908843  1.000  0.222  0.500  S  d0
 10194   3185.625  -0.365462  -1.389646  1.000  0.227  0.500  S  d0
 10195   3185.938  +0.497742  -1.361130  1.000  0.227  0.500  S  d0
 10196   3186.250  +1.189275  -0.789914  1.000  0.227  0.500  S  d0
 10197   3186.562  +1.429753  +0.053186  1.000  0.227  0.500  S  d0
 10198   3186.875  +1.123417  +0.880832  1.000  0.227  0.500  S  d0
 10199   3187.188  +0.405529  +1.378078  1.000  0.227  0.500  S  d0
 10200   3187.500  -0.477995  +1.374627  1.000  0.227  0.500  S  d0
 10201   3187.812  -1.185642  +0.828169  1.000  0.227  0.500  S  d0
 10202   3188.125  -1.440028  -0.032203  1.000  0.227  0.500  S  d0
 10203   3188.438  -1.143106  -0.867806  1.000  0.227  0.500  S  d0
 10204   3188.750  -0.426420  -1.358344  1.000  0.227  0.500  S  d0
 10205   3189.062  +0.453553  -1.378552  1.000  0.227  0.500  S  d0
 10206   3189.375  +1.168742  -0.853436  1.000  0.195  0.500  S  d0
 10207   3189.688  +1.429512  -0.010585  1.000  0.195  0.500  S  d0
 10208   3190.000  +1.173635  +0.815176  1.000  0.195  0.500  S  d0
 10209   3190.312  +0.477914  +1.346548  1.000  0.195  0.500  S  d0
 10210   3190.625  -0.396177  +1.384664  1.000  0.195  0.500  S  d0
 10211   3190.938  -1.126026  +0.884435  1.000  0.195  0.500  S  d0
 10212   3191.250  -1.417884  +0.051701  1.000  0.195  0.500  S  d0
 10213   3191.562  -1.194723  -0.777825  1.000  0.195  0.500  S  d0
 10214   3191.875  -0.506081  -1.289662  1.000  0.195  0.500  S  d0
 10215   3192.188  +0.353471  -1.372564  1.000  0.195  0.500  S  d0
 10216   3192.500  +1.077507  -0.895966  1.000  0.195  0.500  S  d0
 10217   3192.812  +1.384379  -0.101023  1.000  0.195  0.500  S  d0
 10218   3193.125  +1.170485  +0.725217  1.000  0.139  0.500  S  d0
 10219   3193.438  +0.550685  +1.265437  1.000  0.139  0.500  S  d0
 10220   3193.750  -0.275568  +1.324897  1.000  0.139  0.500  S  d0
 10221   3194.062  -1.032122  +0.921153  1.000  0.139  0.500  S  d0
 10222   3194.375  -1.369718  +0.150660  1.000  0.139  0.500  S  d0
 10223   3194.688  -1.192863  -0.663013  1.000  0.139  0.500  S  d0
 10224   3195.000  -0.577986  -1.225968  1.000  0.139  0.500  S  d0
 10225   3195.312  +0.239740  -1.337487  1.000  0.139  0.500  S  d0
 10226   3195.625  +0.973263  -0.937278  1.000  0.139  0.500  S  d0
 10227   3195.938  +1.350655  -0.183839  1.000  0.139  0.500  S  d0
 10228   3196.250  +1.197484  +0.605999  1.000  0.139  0.500  S  d0
 10229   3196.562  +0.587107  +1.190037  1.000  0.139  0.500  S  d0
 10230   3196.875  -0.193322  +1.322090  1.000  0.085  0.500  S  d0
 10231   3197.188  -0.921417  +0.927029  1.000  0.085  0.500  S  d0
 10232   3197.500  -1.310621  +0.233486  1.000  0.085  0.500  S  d0
 10233   3197.812  -1.182807  -0.568668  1.000  0.085  0.500  S  d0
 10234   3198.125  -0.598418  -1.129511  1.000  0.085  0.500  S  d0
 10235   3198.438  +0.163922  -1.280078  1.000  0.085  0.500  S  d0
 10236   3198.750  +0.876933  -0.934507  1.000  0.085  0.500  S  d0
 10237   3199.062  +1.246230  -0.249713  1.000  0.085  0.500  S  d0
 10238   3199.375  +1.157298  +0.516881  1.000  0.085  0.500  S  d0
 10239   3199.688  +0.621078  +1.087831  1.000  0.085  0.500  S  d0
 10240   3200.000  -0.109446  +1.234047  1.000  0.085  0.500  S  d0
 10241   3200.312  -0.832487  +0.926893  1.000  0.085  0.500  S  d0
 10242   3200.625  -1.218169  +0.287147  1.000  0.059  0.500  S  d0
 10243   3200.938  -1.143087  -0.488310  1.000  0.059  0.500  S  d0
 10244   3201.250  -0.640456  -1.031067  1.000  0.059  0.500  S  d0
 10245   3201.562  +0.102250  -1.234194  1.000  0.059  0.500  S  d0
 10246   3201.875  +0.773644  -0.921679  1.000  0.059  0.500  S  d0
 10247   3202.188  +1.155912  -0.285457  1.000  0.059  0.500  S  d0
 10248   3202.500  +1.122450  +0.428767  1.000  0.059  0.500  S  d0
 10249   3202.812  +0.660135  +1.009846  1.000  0.059  0.500  S  d0
 10250   3203.125  -0.044251  +1.184077  1.000  0.059  0.500  S  d0
 10251   3203.438  -0.745497  +0.922438  1.000  0.059  0.500  S  d0
 10252   3203.750  -1.121774  +0.323657  1.000  0.059  0.500  S  d0
 10253   3204.062  -1.118324  -0.396059  1.000  0.059  0.500  S  d0
 10254   3204.375  -0.649203  -0.964428  1.000  0.079  0.500  S  d0
 10255   3204.688  +0.015062  -1.157488  1.000  0.079  0.500  S  d0
 10256   3205.000  +0.701766  -0.908159  1.000  0.079  0.500  S  d0
 10257   3205.312  +1.110502  -0.349882  1.000  0.079  0.500  S  d0
 10258   3205.625  +1.087598  +0.374388  1.000  0.079  0.500  S  d0
 10259   3205.938  +0.649191  +0.923123  1.000  0.079  0.500  S  d0
 10260   3206.250  -0.010614  +1.109558  1.000  0.079  0.500  S  d0
 10261   3206.562  -0.646461  +0.895034  1.000  0.079  0.500  S  d0
 10262   3206.875  -1.066662  +0.348926  1.000  0.079  0.500  S  d0
 10263   3207.188  -1.073453  -0.334923  1.000  0.079  0.500  S  d0
 10264   3207.500  -0.636700  -0.864939  1.000  0.079  0.500  S  d0
 10265   3207.812  -0.025162  -1.083960  1.000  0.079  0.500  S  d0
 10266   3208.125  +0.606404  -0.892962  1.000  0.133  0.500  S  d0
 10267   3208.438  +1.021627  -0.378059  1.000  0.133  0.500  S  d0
 10268   3208.750  +1.028137  +0.268739  1.000  0.133  0.500  S  d0
 10269   3209.062  +0.666446  +0.834111  1.000  0.133  0.500  S  d0
 10270   3209.375  +0.055920  +1.069262  1.000  0.133  0.500  S  d0
 10271   3209.688  -0.566823  +0.897718  1.000  0.133  0.500  S  d0
 10272   3210.000  -0.971540  +0.392764  1.000  0.133  0.500  S  d0
 10273   3210.312  -1.018330  -0.242407  1.000  0.133  0.500  S  d0
 10274   3210.625  -0.674628  -0.795529  1.000  0.133  0.500  S  d0
 10275   3210.938  -0.077283  -1.019024  1.000  0.133  0.500  S  d0
 10276   3211.250  +0.521364  -0.889172  1.000  0.133  0.500  S  d0
 10277   3211.562  +0.942127  -0.416846  1.000  0.133  0.500  S  d0
 10278   3211.875  +0.999257  +0.200487  1.000  0.190  0.500  S  d0
 10279   3212.188  +0.670411  +0.740719  1.000  0.190  0.500  S  d0
 10280   3212.500  +0.126396  +1.014478  1.000  0.190  0.500  S  d0
 10281   3212.812  -0.482044  +0.884764  1.000  0.190  0.500  S  d0
 10282   3213.125  -0.906374  +0.417215  1.000  0.190  0.500  S  d0
 10283   3213.438  -0.991633  -0.165923  1.000  0.190  0.500  S  d0
 10284   3213.750  -0.699255  -0.707997  1.000  0.190  0.500  S  d0
 10285   3214.062  -0.150885  -0.973714  1.000  0.190  0.500  S  d0
 10286   3214.375  +0.443028  -0.873507  1.000  0.190  0.500  S  d0
 10287   3214.688  +0.890894  -0.465753  1.000  0.190  0.500  S  d0
 10288   3215.000  +0.984720  +0.139600  1.000  0.190  0.500  S  d0
 10289   3215.312  +0.699446  +0.689020  1.000  0.190  0.500  S  d0
 10290   3215.625  +0.168247  +0.954506  1.000  0.227  0.500  S  d0
 10291   3215.938  -0.419739  +0.870507  1.000  0.227  0.500  S  d0
 10292   3216.250  -0.849475  +0.469335  1.000  0.227  0.500  S  d0
 10293   3216.562  -0.955672  -0.104195  1.000  0.227  0.500  S  d0
 10294   3216.875  -0.714827  -0.651075  1.000  0.227  0.500  S  d0
 10295   3217.188  -0.194467  -0.942649  1.000  0.227  0.500  S  d0
 10296   3217.500  +0.389398  -0.886830  1.000  0.227  0.500  S  d0
 10297   3217.812  +0.829423  -0.479706  1.000  0.227  0.500  S  d0
 10298   3218.125  +0.946273  +0.090966  1.000  0.227  0.500  S  d0
 10299   3218.438  +0.721103  +0.630043  1.000  0.227  0.500  S  d0
 10300   3218.750  +0.213240  +0.927767  1.000  0.227  0.500  S  d0
 10301   3219.062  -0.359274  +0.886544  1.000  0.227  0.500  S  d0
 10302   3219.375  -0.804543  +0.502871  1.000  0.226  0.500  S  d0
 10303   3219.688  -0.959302  -0.060611  1.000  0.226  0.500  S  d0
 10304   3220.000  -0.740517  -0.615052  1.000  0.226  0.500  S  d0
 10305   3220.312  -0.239532  -0.921335  1.000  0.226  0.500  S  d0
 10306   3220.625  +0.340459  -0.903584  1.000  0.226  0.500  S  d0
 10307   3220.938  +0.812051  -0.522393  1.000  0.226  0.500  S  d0
 10308   3221.250  +0.966694  +0.039756  1.000  0.226  0.500  S  d0
 10309   3221.562  +0.755353  +0.591831  1.000  0.226  0.500  S  d0
 10310   3221.875  +0.265935  +0.928706  1.000  0.226  0.500  S  d0
 10311   3222.188  -0.320809  +0.904493  1.000  0.226  0.500  S  d0
 10312   3222.500  -0.806668  +0.553530  1.000  0.226  0.500  S  d0
 10313   3222.812  -0.987588  -0.011794  1.000  0.226  0.500  S  d0
 10314   3223.125  -0.786289  -0.577829  1.000  0.191  0.500  S  d0
 10315   3223.438  -0.280380  -0.931281  1.000  0.191  0.500  S  d0
 10316   3223.750  +0.309673  -0.946771  1.000  0.191  0.500  S  d0
 10317   3224.062  +0.799439  -0.573436  1.000  0.191  0.500  S  d0
 10318   3224.375  +0.983378  -0.003444  1.000  0.191  0.500  S  d0
 10319   3224.688  +0.827644  +0.578643  1.000  0.191  0.500  S  d0
 10320   3225.000  +0.328707  +0.940820  1.000  0.191  0.500  S  d0
 10321   3225.312  -0.278350  +0.950385  1.000  0.191  0.500  S  d0
 10322   3225.625  -0.793820  +0.614993  1.000  0.191  0.500  S  d0
 10323   3225.938  -1.008576  +0.036476  1.000  0.191  0.500  S  d0
 10324   3226.250  -0.846486  -0.550479  1.000  0.191  0.500  S  d0
 10325   3226.562  -0.361077  -0.962392  1.000  0.191  0.500  S  d0
 10326   3226.875  +0.252437  -0.989683  1.000  0.132  0.500  S  d0
 10327   3227.188  +0.776912  -0.634904  1.000  0.132  0.500  S  d0
 10328   3227.500  +1.020335  -0.074141  1.000  0.132  0.500  S  d0
 10329   3227.812  +0.877685  +0.524958  1.000  0.132  0.500  S  d0
 10330   3228.125  +0.413943  +0.961148  1.000  0.132  0.500  S  d0
 10331   3228.438  -0.212723  +1.029039  1.000  0.132  0.500  S  d0
 10332   3228.750  -0.783816  +0.700257  1.000  0.132  0.500  S  d0
 10333   3229.062  -1.062323  +0.111811  1.000  0.132  0.500  S  d0
 10334   3229.375  -0.934649  -0.527622  1.000  0.132  0.500  S  d0
 10335   3229.688  -0.439882  -0.959238  1.000  0.132  0.500  S  d0
 10336   3230.000  +0.200723  -1.072932  1.000  0.132  0.500  S  d0
 10337   3230.312  +0.795828  -0.752045  1.000  0.132  0.500  S  d0
 10338   3230.625  +1.075832  -0.139458  1.000  0.081  0.500  S  d0
 10339   3230.938  +0.973932  +0.509657  1.000  0.081  0.500  S  d0
 10340   3231.250  +0.487574  +0.979653  1.000  0.081  0.500  S  d0
 10341   3231.562  -0.171484  +1.094037  1.000  0.081  0.500  S  d0
 10342   3231.875  -0.789503  +0.796488  1.000  0.081  0.500  S  d0
 10343   3232.188  -1.109941  +0.186648  1.000  0.081  0.500  S  d0
 10344   3232.500  -1.019701  -0.495782  1.000  0.081  0.500  S  d0
 10345   3232.812  -0.534675  -0.998292  1.000  0.081  0.500  S  d0
 10346   3233.125  +0.147944  -1.129080  1.000  0.081  0.500  S  d0
 10347   3233.438  +0.794355  -0.824826  1.000  0.081  0.500  S  d0
 10348   3233.750  +1.132879  -0.226484  1.000  0.081  0.500  S  d0
 10349   3234.062  +1.048238  +0.459277  1.000  0.081  0.500  S  d0
 10350   3234.375  +0.571749  +1.003930  1.000  0.059  0.500  S  d0
 10351   3234.688  -0.117849  +1.187322  1.000  0.059  0.500  S  d0
 10352   3235.000  -0.784475  +0.872655  1.000  0.059  0.500  S  d0
 10353   3235.312  -1.145417  +0.245260  1.000  0.059  0.500  S  d0
 10354   3235.625  -1.106581  -0.444640  1.000  0.059  0.500  S  d0
 10355   3235.938  -0.627016  -1.016933  1.000  0.059  0.500  S  d0
 10356   3236.250  +0.106316  -1.204339  1.000  0.059  0.500  S  d0
 10357   3236.562  +0.806795  -0.938894  1.000  0.059  0.500  S  d0
 10358   3236.875  +1.169418  -0.288030  1.000  0.059  0.500  S  d0
 10359   3237.188  +1.142953  +0.448927  1.000  0.059  0.500  S  d0
 10360   3237.500  +0.654278  +1.046410  1.000  0.059  0.500  S  d0
 10361   3237.812  -0.055802  +1.237149  1.000  0.059  0.500  S  d0
 10362   3238.125  -0.788157  +0.975130  1.000  0.081  0.500  S  d0
 10363   3238.438  -1.217966  +0.345416  1.000  0.081  0.500  S  d0
 10364   3238.750  -1.203134  -0.453404  1.000  0.081  0.500  S  d0
 10365   3239.062  -0.703314  -1.045600  1.000  0.081  0.500  S  d0
 10366   3239.375  +0.035307  -1.275047  1.000  0.081  0.500  S  d0
 10367   3239.688  +0.801567  -1.036669  1.000  0.081  0.500  S  d0
 10368   3240.000  +1.238847  -0.370217  1.000  0.081  0.500  S  d0
 10369   3240.312  +1.223867  +0.419644  1.000  0.081  0.500  S  d0
 10370   3240.625  +0.720222  +1.060711  1.000  0.081  0.500  S  d0
 10371   3240.938  -0.007993  +1.313227  1.000  0.081  0.500  S  d0
 10372   3241.250  -0.766829  +1.048810  1.000  0.081  0.500  S  d0
 10373   3241.562  -1.247439  +0.407360  1.000  0.081  0.500  S  d0
 10374   3241.875  -1.256414  -0.392713  1.000  0.136  0.500  S  d0
 10375   3242.188  -0.785829  -1.061434  1.000  0.136  0.500  S  d0
 10376   3242.500  -0.027237  -1.333368  1.000  0.136  0.500  S  d0
 10377   3242.812  +0.767800  -1.105387  1.000  0.136  0.500  S  d0
 10378   3243.125  +1.268919  -0.468877  1.000  0.136  0.500  S  d0
 10379   3243.438  +1.296418  +0.358296  1.000  0.136  0.500  S  d0
 10380   3243.750  +0.858807  +1.060811  1.000  0.136  0.500  S  d0
 10381   3244.062  +0.061342  +1.384797  1.000  0.136  0.500  S  d0
 10382   3244.375  -0.741686  +1.165306  1.000  0.136  0.500  S  d0
 10383   3244.688  -1.264110  +0.504999  1.000  0.136  0.500  S  d0
 10384   3245.000  -1.356534  -0.333638  1.000  0.136  0.500  S  d0
 10385   3245.312  -0.887713  -1.045884  1.000  0.136  0.500  S  d0
 10386   3245.625  -0.127920  -1.401968  1.000  0.190  0.500  S  d0
 10387   3245.938  +0.695129  -1.199241  1.000  0.190  0.500  S  d0
 10388   3246.250  +1.264293  -0.569069  1.000  0.190  0.500  S  d0
 10389   3246.562  +1.375427  +0.295462  1.000  0.190  0.500  S  d0
 10390   3246.875  +0.953458  +1.034414  1.000  0.190  0.500  S  d0
 10391   3247.188  +0.158609  +1.411562  1.000  0.190  0.500  S  d0
 10392   3247.500  -0.661757  +1.224679  1.000  0.190  0.500  S  d0
 10393   3247.812  -1.261772  +0.608237  1.000  0.190  0.500  S  d0
 10394   3248.125  -1.398021  -0.242701  1.000  0.190  0.500  S  d0
 10395   3248.438  -0.999322  -1.029956  1.000  0.190  0.500  S  d0
 10396   3248.750  -0.202109  -1.416972  1.000  0.190  0.500  S  d0
 10397   3249.062  +0.640999  -1.248846  1.000  0.190  0.500  S  d0
 10398   3249.375  +1.292762  -0.651412  1.000  0.226  0.500  S  d0
 10399   3249.688  +1.415984  +0.218207  1.000  0.226  0.500  S  d0
 10400   3250.000  +1.018602  +0.999866  1.000  0.226  0.500  S  d0
 10401   3250.312  +0.237885  +1.414411  1.000  0.226  0.500  S  d0
 10402   3250.625  -0.613830  +1.285155  1.000  0.226  0.500  S  d0
 10403   3250.938  -1.271533  +0.684759  1.000  0.226  0.500  S  d0
 10404   3251.250  -1.421489  -0.179720  1.000  0.226  0.500  S  d0
 10405   3251.562  -1.062372  -0.967957  1.000  0.226  0.500  S  d0
 10406   3251.875  -0.285470  -1.402439  1.000  0.226  0.500  S  d0
 10407   3252.188  +0.583826  -1.310166  1.000  0.226  0.500  S  d0
 10408   3252.500  +1.262633  -0.729468  1.000  0.226  0.500  S  d0
 10409   3252.812  +1.432191  +0.138709  1.000  0.226  0.500  S  d0
 10410   3253.125  +1.062093  +0.939669  1.000  0.225  0.500  S  d0
 10411   3253.438  +0.328605  +1.402907  1.000  0.225  0.500  S  d0
 10412   3253.750  -0.538986  +1.335813  1.000  0.225  0.500  S  d0
 10413   3254.062  -1.247467  +0.747872  1.000  0.225  0.500  S  d0
 10414   3254.375  -1.444964  -0.102636  1.000  0.225  0.500  S  d0
 10415   3254.688  -1.094456  -0.933130  1.000  0.225  0.500  S  d0
 10416   3255.000  -0.351025  -1.385070  1.000  0.225  0.500  S  d0
 10417   3255.312  +0.524401  -1.340272  1.000  0.225  0.500  S  d0
 10418   3255.625  +1.197079  -0.777391  1.000  0.225  0.500  S  d0
 10419   3255.938  +1.445482  +0.069588  1.000  0.225  0.500  S  d0
 10420   3256.250  +1.118061  +0.897960  1.000  0.225  0.500  S  d0
 10421   3256.562  +0.405562  +1.376780  1.000  0.225  0.500  S  d0
 10422   3256.875  -0.475011  +1.342984  1.000  0.187  0.500  S  d0
 10423   3257.188  -1.174803  +0.804875  1.000  0.187  0.500  S  d0
 10424   3257.500  -1.443174  -0.025717  1.000  0.187  0.500  S  d0
 10425   3257.812  -1.133633  -0.855161  1.000  0.187  0.500  S  d0
 10426   3258.125  -0.397084  -1.357397  1.000  0.187  0.500  S  d0
 10427   3258.438  +0.421903  -1.344306  1.000  0.187  0.500  S  d0
 10428   3258.750  +1.122892  -0.823415  1.000  0.187  0.500  S  d0
 10429   3259.062  +1.404726  -0.002360  1.000  0.187  0.500  S  d0
 10430   3259.375  +1.149311  +0.805266  1.000  0.187  0.500  S  d0
 10431   3259.688  +0.447323  +1.295468  1.000  0.187  0.500  S  d0
 10432   3260.000  -0.388593  +1.352090  1.000  0.187  0.500  S  d0
 10433   3260.312  -1.088306  +0.847822  1.000  0.187  0.500  S  d0
 10434   3260.625  -1.382458  +0.058410  1.000  0.130  0.500  S  d0
 10435   3260.938  -1.134394  -0.760808  1.000  0.130  0.500  S  d0
 10436   3261.250  -0.485254  -1.273607  1.000  0.130  0.500  S  d0
 10437   3261.562  +0.342705  -1.326852  1.000  0.130  0.500  S  d0
 10438   3261.875  +1.054575  -0.866643  1.000  0.130  0.500  S  d0
 10439   3262.188  +1.365544  -0.095672  1.000  0.130  0.500  S  d0
 10440   3262.500  +1.120942  +0.696033  1.000  0.130  0.500  S  d0
 10441   3262.812  +0.519144  +1.230682  1.000  0.130  0.500  S  d0
 10442   3263.125  -0.292673  +1.305490  1.000  0.130  0.500  S  d0
 10443   3263.438  -0.992884  +0.888317  1.000  0.130  0.500  S  d0
 10444   3263.750  -1.301738  +0.161145  1.000  0.130  0.500  S  d0
 10445   3264.062  -1.163259  -0.658546  1.000  0.130  0.500  S  d0
 10446   3264.375  -0.548841  -1.205977  1.000  0.075  0.500  S  d0
 10447   3264.688  +0.253423  -1.286720  1.000  0.075  0.500  S  d0
 10448   3265.000  +0.946454  -0.886390  1.000  0.075  0.500  S  d0
 10449   3265.312  +1.273927  -0.176203  1.000  0.075  0.500  S  d0
 10450   3265.625  +1.125183  +0.598875  1.000  0.075  0.500  S  d0
 10451   3265.938  +0.563795  +1.153769  1.000  0.075  0.500  S  d0
 10452   3266.250  -0.203104  +1.270587  1.000  0.075  0.500  S  d0
 10453   3266.562  -0.870445  +0.888010  1.000  0.075  0.500  S  d0
 10454   3266.875  -1.234115  +0.212690  1.000  0.075  0.500  S  d0
 10455   3267.188  -1.123037  -0.544886  1.000  0.075  0.500  S  d0
 10456   3267.500  -0.594861  -1.102734  1.000  0.075  0.500  S  d0
 10457   3267.812  +0.161044  -1.245557  1.000  0.075  0.500  S  d0
 10458   3268.125  +0.838766  -0.911141  1.000  0.058  0.500  S  d0
 10459   3268.438  +1.198187  -0.241894  1.000  0.058  0.500  S  d0
 10460   3268.750  +1.110403  +0.512421  1.000  0.058  0.500  S  d0
 10461   3269.062  +0.591384  +1.066770  1.000  0.058  0.500  S  d0
 10462   3269.375  -0.128340  +1.204641  1.000  0.058  0.500  S  d0
 10463   3269.688  -0.804817  +0.888967  1.000  0.058  0.500  S  d0
 10464   3270.000  -1.149657  +0.257523  1.000  0.058  0.500  S  d0
 10465   3270.312  -1.075697  -0.468962  1.000  0.058  0.500  S  d0
 10466   3270.625  -0.614591  -1.007988  1.000  0.058  0.500  S  d0
 10467   3270.938  +0.089106  -1.155806  1.000  0.058  0.500  S  d0
 10468   3271.250  +0.755603  -0.884769  1.000  0.058  0.500  S  d0
 10469   3271.562  +1.146171  -0.272552  1.000  0.058  0.500  S  d0
 10470   3271.875  +1.061978  +0.420770  1.000  0.085  0.500  S  d0
 10471   3272.188  +0.602371  +0.953044  1.000  0.085  0.500  S  d0
 10472   3272.500  -0.057278  +1.132039  1.000  0.085  0.500  S  d0
 10473   3272.812  -0.712239  +0.876465  1.000  0.085  0.500  S  d0
 10474   3273.125  -1.076440  +0.299297  1.000  0.085  0.500  S  d0
 10475   3273.438  -1.045242  -0.396072  1.000  0.085  0.500  S  d0
 10476   3273.750  -0.629115  -0.926266  1.000  0.085  0.500  S  d0
 10477   3274.062  +0.023666  -1.090104  1.000  0.085  0.500  S  d0
 10478   3274.375  +0.667666  -0.856696  1.000  0.085  0.500  S  d0
 10479   3274.688  +1.022328  -0.305402  1.000  0.085  0.500  S  d0
 10480   3275.000  +1.037824  +0.348699  1.000  0.085  0.500  S  d0
 10481   3275.312  +0.635494  +0.884083  1.000  0.085  0.500  S  d0
 10482   3275.625  +0.001272  +1.062877  1.000  0.140  0.500  S  d0
 10483   3275.938  -0.623024  +0.874602  1.000  0.140  0.500  S  d0
 10484   3276.250  -1.003879  +0.334086  1.000  0.140  0.500  S  d0
 10485   3276.562  -1.009886  -0.303953  1.000  0.140  0.500  S  d0
 10486   3276.875  -0.637105  -0.846304  1.000  0.140  0.500  S  d0
 10487   3277.188  -0.038765  -1.052496  1.000  0.140  0.500  S  d0
 10488   3277.500  +0.575859  -0.844963  1.000  0.140  0.500  S  d0
 10489   3277.812  +0.973435  -0.380497  1.000  0.140  0.500  S  d0
 10490   3278.125  +0.999144  +0.263098  1.000  0.140  0.500  S  d0
 10491   3278.438  +0.646469  +0.799431  1.000  0.140  0.500  S  d0
 10492   3278.750  +0.068044  +1.012770  1.000  0.140  0.500  S  d0
 10493   3279.062  -0.531853  +0.855587  1.000  0.140  0.500  S  d0
 10494   3279.375  -0.944784  +0.391722  1.000  0.196  0.500  S  d0
 10495   3279.688  -0.979102  -0.223881  1.000  0.196  0.500  S  d0
 10496   3280.000  -0.656550  -0.745462  1.000  0.196  0.500  S  d0
 10497   3280.312  -0.095858  -0.992746  1.000  0.196  0.500  S  d0
 10498   3280.625  +0.496813  -0.859479  1.000  0.196  0.500  S  d0
 10499   3280.938  +0.907054  -0.397202  1.000  0.196  0.500  S  d0
 10500   3281.250  +0.961080  +0.191860  1.000  0.196  0.500  S  d0
 10501   3281.562  +0.668283  +0.703751  1.000  0.196  0.500  S  d0
 10502   3281.875  +0.130683  +0.960988  1.000  0.196  0.500  S  d0
 10503   3282.188  -0.465721  +0.874166  1.000  0.196  0.500  S  d0
 10504   3282.500  -0.872210  +0.427685  1.000  0.196  0.500  S  d0
 10505   3282.812  -0.963016  -0.164997  1.000  0.196  0.500  S  d0
 10506   3283.125  -0.680062  -0.676501  1.000  0.226  0.500  S  d0
 10507   3283.438  -0.152109  -0.955499  1.000  0.226  0.500  S  d0
 10508   3283.750  +0.437734  -0.869142  1.000  0.226  0.500  S  d0
 10509   3284.062  +0.855487  -0.453323  1.000  0.226  0.500  S  d0
 10510   3284.375  +0.944145  +0.128677  1.000  0.226  0.500  S  d0
 10511   3284.688  +0.693556  +0.665234  1.000  0.226  0.500  S  d0
 10512   3285.000  +0.178073  +0.941903  1.000  0.226  0.500  S  d0
 10513   3285.312  -0.405450  +0.879940  1.000  0.226  0.500  S  d0
 10514   3285.625  -0.832211  +0.464781  1.000  0.226  0.500  S  d0
 10515   3285.938  -0.951979  -0.102343  1.000  0.226  0.500  S  d0
 10516   3286.250  -0.720512  -0.637838  1.000  0.226  0.500  S  d0
 10517   3286.562  -0.198799  -0.944968  1.000  0.226  0.500  S  d0
 10518   3286.875  +0.381248  -0.885937  1.000  0.223  0.500  S  d0
 10519   3287.188  +0.818131  -0.491417  1.000  0.223  0.500  S  d0
 10520   3287.500  +0.964246  +0.080866  1.000  0.223  0.500  S  d0
 10521   3287.812  +0.738681  +0.631584  1.000  0.223  0.500  S  d0
 10522   3288.125  +0.230714  +0.933569  1.000  0.223  0.500  S  d0
 10523   3288.438  -0.361115  +0.896665  1.000  0.223  0.500  S  d0
 10524   3288.750  -0.825689  +0.516098  1.000  0.223  0.500  S  d0
 10525   3289.062  -0.969873  -0.059626  1.000  0.223  0.500  S  d0
 10526   3289.375  -0.754367  -0.617895  1.000  0.223  0.500  S  d0
 10527   3289.688  -0.246850  -0.926298  1.000  0.223  0.500  S  d0
 10528   3290.000  +0.346228  -0.917276  1.000  0.223  0.500  S  d0
 10529   3290.312  +0.818364  -0.543777  1.000  0.223  0.500  S  d0
 10530   3290.625  +0.991025  +0.037120  1.000  0.182  0.500  S  d0
 10531   3290.938  +0.774193  +0.591994  1.000  0.182  0.500  S  d0
 10532   3291.250  +0.266402  +0.946028  1.000  0.182  0.500  S  d0
 10533   3291.562  -0.327511  +0.942148  1.000  0.182  0.500  S  d0
 10534   3291.875  -0.823372  +0.575219  1.000  0.182  0.500  S  d0
 10535   3292.188  -1.000989  -0.012047  1.000  0.182  0.500  S  d0
 10536   3292.500  -0.808087  -0.602765  1.000  0.182  0.500  S  d0
 10537   3292.812  -0.298473  -0.959911  1.000  0.182  0.500  S  d0
 10538   3293.125  +0.312396  -0.953572  1.000  0.182  0.500  S  d0
 10539   3293.438  +0.816259  -0.593231  1.000  0.182  0.500  S  d0
 10540   3293.750  +1.017882  -0.010720  1.000  0.182  0.500  S  d0
 10541   3294.062  +0.846644  +0.593705  1.000  0.182  0.500  S  d0
 10542   3294.375  +0.343690  +0.969542  1.000  0.128  0.500  S  d0
 10543   3294.688  -0.274559  +0.968740  1.000  0.128  0.500  S  d0
 10544   3295.000  -0.806362  +0.635805  1.000  0.128  0.500  S  d0
 10545   3295.312  -1.040682  +0.050378  1.000  0.128  0.500  S  d0
 10546   3295.625  -0.888589  -0.565979  1.000  0.128  0.500  S  d0
 10547   3295.938  -0.392256  -0.976433  1.000  0.128  0.500  S  d0
 10548   3296.250  +0.260263  -1.037608  1.000  0.128  0.500  S  d0
 10549   3296.562  +0.809340  -0.687335  1.000  0.128  0.500  S  d0
 10550   3296.875  +1.064579  -0.082638  1.000  0.128  0.500  S  d0
 10551   3297.188  +0.914684  +0.541716  1.000  0.128  0.500  S  d0
 10552   3297.500  +0.430989  +0.991890  1.000  0.128  0.500  S  d0
 10553   3297.812  -0.217917  +1.092695  1.000  0.128  0.500  S  d0
 10554   3298.125  -0.811410  +0.739568  1.000  0.076  0.500  S  d0
 10555   3298.438  -1.094499  +0.114679  1.000  0.076  0.500  S  d0
 10556   3298.750  -0.971137  -0.552566  1.000  0.076  0.500  S  d0
 10557   3299.062  -0.474972  -0.993170  1.000  0.076  0.500  S  d0
 10558   3299.375  +0.195947  -1.093866  1.000  0.076  0.500  S  d0
 10559   3299.688  +0.812535  -0.787434  1.000  0.076  0.500  S  d0
 10560   3300.000  +1.135074  -0.166039  1.000  0.076  0.500  S  d0
 10561   3300.312  +1.026467  +0.528264  1.000  0.076  0.500  S  d0
 10562   3300.625  +0.526207  +1.035230  1.000  0.076  0.500  S  d0
 10563   3300.938  -0.176008  +1.123416  1.000  0.076  0.500  S  d0
 10564   3301.250  -0.837417  +0.837235  1.000  0.076  0.500  S  d0
 10565   3301.562  -1.166369  +0.194949  1.000  0.076  0.500  S  d0
 10566   3301.875  -1.069476  -0.526205  1.000  0.059  0.500  S  d0
 10567   3302.188  -0.566187  -1.042840  1.000  0.059  0.500  S  d0
 10568   3302.500  +0.152617  -1.182332  1.000  0.059  0.500  S  d0
 10569   3302.812  +0.818770  -0.857472  1.000  0.059  0.500  S  d0
 10570   3303.125  +1.194725  -0.247902  1.000  0.059  0.500  S  d0
 10571   3303.438  +1.116368  +0.487232  1.000  0.059  0.500  S  d0
 10572   3303.750  +0.611014  +1.081425  1.000  0.059  0.500  S  d0
 10573   3304.062  -0.107418  +1.217411  1.000  0.059  0.500  S  d0
 10574   3304.375  -0.814766  +0.915732  1.000  0.059  0.500  S  d0
 10575   3304.688  -1.209960  +0.284598  1.000  0.059  0.500  S  d0
 10576   3305.000  -1.166086  -0.488937  1.000  0.059  0.500  S  d0
 10577   3305.312  -0.672037  -1.077946  1.000  0.059  0.500  S  d0
 10578   3305.625  +0.104687  -1.246085  1.000  0.090  0.500  S  d0
 10579   3305.938  +0.823530  -0.972247  1.000  0.090  0.500  S  d0
 10580   3306.250  +1.212573  -0.317903  1.000  0.090  0.500  S  d0
 10581   3306.562  +1.204400  +0.473075  1.000  0.090  0.500  S  d0
 10582   3306.875  +0.701907  +1.068293  1.000  0.090  0.500  S  d0
 10583   3307.188  -0.069771  +1.295614  1.000  0.090  0.500  S  d0
 10584   3307.500  -0.812889  +1.030970  1.000  0.090  0.500  S  d0
 10585   3307.812  -1.272018  +0.347978  1.000  0.090  0.500  S  d0
 10586   3308.125  -1.238816  -0.451059  1.000  0.090  0.500  S  d0
 10587   3308.438  -0.735645  -1.104142  1.000  0.090  0.500  S  d0
 10588   3308.750  +0.034515  -1.315644  1.000  0.090  0.500  S  d0
 10589   3309.062  +0.820921  -1.062000  1.000  0.090  0.500  S  d0
 10590   3309.375  +1.290682  -0.395682  1.000  0.125  0.500  S  d0
 10591   3309.688  +1.300418  +0.436942  1.000  0.125  0.500  S  d0
 10592   3310.000  +0.780907  +1.095926  1.000  0.125  0.500  S  d0
 10593   3310.312  -0.014916  +1.348578  1.000  0.125  0.500  S  d0
 10594   3310.625  -0.814344  +1.119838  1.000  0.125  0.500  S  d0
 10595   3310.938  -1.301682  +0.436417  1.000  0.125  0.500  S  d0
 10596   3311.250  -1.315981  -0.433486  1.000  0.125  0.500  S  d0
 10597   3311.562  -0.823842  -1.115284  1.000  0.125  0.500  S  d0
 10598   3311.875  -0.021762  -1.379680  1.000  0.125  0.500  S  d0
 10599   3312.188  +0.775601  -1.137287  1.000  0.125  0.500  S  d0
 10600   3312.500  +1.297690  -0.466068  1.000  0.125  0.500  S  d0
 10601   3312.812  +1.337876  +0.376026  1.000  0.125  0.500  S  d0
 10602   3313.125  +0.873384  +1.077582  1.000  0.174  0.500  S  d0
 10603   3313.438  +0.080063  +1.400502  1.000  0.174  0.500  S  d0
 10604   3313.750  -0.739489  +1.194728  1.000  0.174  0.500  S  d0
 10605   3314.062  -1.304188  +0.527445  1.000  0.174  0.500  S  d0
 10606   3314.375  -1.373850  -0.335601  1.000  0.174  0.500  S  d0
 10607   3314.688  -0.926903  -1.091101  1.000  0.174  0.500  S  d0
 10608   3315.000  -0.122978  -1.402563  1.000  0.174  0.500  S  d0
 10609   3315.312  +0.733660  -1.214946  1.000  0.174  0.500  S  d0
 10610   3315.625  +1.313893  -0.579606  1.000  0.174  0.500  S  d0
 10611   3315.938  +1.380720  +0.305499  1.000  0.174  0.500  S  d0
 10612   3316.250  +0.956683  +1.028087  1.000  0.174  0.500  S  d0
 10613   3316.562  +0.169288  +1.417443  1.000  0.174  0.500  S  d0
 10614   3316.875  -0.689693  +1.269270  1.000  0.197  0.500  S  d0
 10615   3317.188  -1.292577  +0.616897  1.000  0.197  0.500  S  d0
 10616   3317.500  -1.409855  -0.246110  1.000  0.197  0.500  S  d0
 10617   3317.812  -1.005662  -1.031709  1.000  0.197  0.500  S  d0
 10618   3318.125  -0.213866  -1.437039  1.000  0.197  0.500  S  d0
 10619   3318.438  +0.649681  -1.269715  1.000  0.197  0.500  S  d0
 10620   3318.750  +1.291473  -0.662520  1.000  0.197  0.500  S  d0
 10621   3319.062  +1.426968  +0.209465  1.000  0.197  0.500  S  d0
 10622   3319.375  +1.042505  +1.020532  1.000  0.197  0.500  S  d0
 10623   3319.688  +0.259353  +1.399022  1.000  0.197  0.500  S  d0
 10624   3320.000  -0.617831  +1.313446  1.000  0.197  0.500  S  d0
 10625   3320.312  -1.270830  +0.707571  1.000  0.197  0.500  S  d0
 10626   3320.625  -1.444268  -0.167746  1.000  0.189  0.500  S  d0
 10627   3320.938  -1.062423  -0.981702  1.000  0.189  0.500  S  d0
 10628   3321.250  -0.298182  -1.431589  1.000  0.189  0.500  S  d0
 10629   3321.562  +0.572601  -1.304017  1.000  0.189  0.500  S  d0
 10630   3321.875  +1.255266  -0.735386  1.000  0.189  0.500  S  d0
 10631   3322.188  +1.424928  +0.128548  1.000  0.189  0.500  S  d0
 10632   3322.500  +1.081885  +0.943043  1.000  0.189  0.500  S  d0
 10633   3322.812  +0.328305  +1.402106  1.000  0.189  0.500  S  d0
 10634   3323.125  -0.548417  +1.342675  1.000  0.189  0.500  S  d0
 10635   3323.438  -1.212899  +0.738757  1.000  0.189  0.500  S  d0
 10636   3323.750  -1.399974  -0.094827  1.000  0.189  0.500  S  d0
 10637   3324.062  -1.089293  -0.905500  1.000  0.189  0.500  S  d0
 10638   3324.375  -0.353128  -1.373986  1.000  0.153  0.500  S  d0
 10639   3324.688  +0.513532  -1.339569  1.000  0.153  0.500  S  d0
 10640   3325.000  +1.177433  -0.773052  1.000  0.153  0.500  S  d0
 10641   3325.312  +1.399943  +0.058507  1.000  0.153  0.500  S  d0
 10642   3325.625  +1.079273  +0.865066  1.000  0.153  0.500  S  d0
 10643   3325.938  +0.371937  +1.364281  1.000  0.153  0.500  S  d0
 10644   3326.250  -0.469757  +1.324744  1.000  0.153  0.500  S  d0
 10645   3326.562  -1.147292  +0.782127  1.000  0.153  0.500  S  d0
 10646   3326.875  -1.379536  -0.019515  1.000  0.153  0.500  S  d0
 10647   3327.188  -1.091713  -0.823596  1.000  0.153  0.500  S  d0
 10648   3327.500  -0.399050  -1.311689  1.000  0.153  0.500  S  d0
 10649   3327.812  +0.430926  -1.301611  1.000  0.153  0.500  S  d0
 10650   3328.125  +1.123384  -0.806553  1.000  0.103  0.500  S  d0
 10651   3328.438  +1.369618  -0.024697  1.000  0.103  0.500  S  d0
 10652   3328.750  +1.098232  +0.761905  1.000  0.103  0.500  S  d0
 10653   3329.062  +0.442609  +1.280487  1.000  0.103  0.500  S  d0
 10654   3329.375  -0.380926  +1.299658  1.000  0.103  0.500  S  d0
 10655   3329.688  -1.089365  +0.839787  1.000  0.103  0.500  S  d0
 10656   3330.000  -1.346409  +0.049580  1.000  0.103  0.500  S  d0
 10657   3330.312  -1.118909  -0.736711  1.000  0.103  0.500  S  d0
 10658   3330.625  -0.459109  -1.235847  1.000  0.103  0.500  S  d0
 10659   3330.938  +0.333658  -1.280373  1.000  0.103  0.500  S  d0
 10660   3331.250  +1.023511  -0.852668  1.000  0.103  0.500  S  d0
 10661   3331.562  +1.313666  -0.088712  1.000  0.103  0.500  S  d0
 10662   3331.875  +1.116191  +0.690489  1.000  0.067  0.500  S  d0
 10663   3332.188  +0.508811  +1.196510  1.000  0.067  0.500  S  d0
 10664   3332.500  -0.286436  +1.281532  1.000  0.067  0.500  S  d0
 10665   3332.812  -0.955726  +0.834877  1.000  0.067  0.500  S  d0
 10666   3333.125  -1.279878  +0.122972  1.000  0.067  0.500  S  d0
 10667   3333.438  -1.096136  -0.626060  1.000  0.067  0.500  S  d0
 10668   3333.750  -0.520160  -1.159763  1.000  0.067  0.500  S  d0
 10669   3334.062  +0.213166  -1.215456  1.000  0.067  0.500  S  d0
 10670   3334.375  +0.897075  -0.850066  1.000  0.067  0.500  S  d0
 10671   3334.688  +1.245365  -0.170141  1.000  0.067  0.500  S  d0
 10672   3335.000  +1.080026  +0.567731  1.000  0.067  0.500  S  d0
 10673   3335.312  +0.538220  +1.091958  1.000  0.067  0.500  S  d0
 10674   3335.625  -0.191766  +1.203512  1.000  0.059  0.500  S  d0
 10675   3335.938  -0.852581  +0.855373  1.000  0.059  0.500  S  d0
 10676   3336.250  -1.185077  +0.202538  1.000  0.059  0.500  S  d0
 10677   3336.562  -1.076662  -0.519247  1.000  0.059  0.500  S  d0
 10678   3336.875  -0.558680  -1.054307  1.000  0.059  0.500  S  d0
 10679   3337.188  +0.155065  -1.178325  1.000  0.059  0.500  S  d0
 10680   3337.500  +0.811648  -0.864007  1.000  0.059  0.500  S  d0
 10681   3337.812  +1.158948  -0.218198  1.000  0.059  0.500  S  d0
 10682   3338.125  +1.069838  +0.486649  1.000  0.059  0.500  S  d0
 10683   3338.438  +0.573482  +1.016218  1.000  0.059  0.500  S  d0
 10684   3338.750  -0.113891  +1.137496  1.000  0.059  0.500  S  d0
 10685   3339.062  -0.776471  +0.859433  1.000  0.059  0.500  S  d0
 10686   3339.375  -1.123554  +0.251414  1.000  0.090  0.500  S  d0
 10687   3339.688  -1.033010  -0.433274  1.000  0.090  0.500  S  d0
 10688   3340.000  -0.594567  -0.971553  1.000  0.090  0.500  S  d0
 10689   3340.312  +0.083217  -1.129952  1.000  0.090  0.500  S  d0
 10690   3340.625  +0.723026  -0.845588  1.000  0.090  0.500  S  d0
 10691   3340.938  +1.065164  -0.260133  1.000  0.090  0.500  S  d0
 10692   3341.250  +1.015043  +0.405803  1.000  0.090  0.500  S  d0
 10693   3341.562  +0.581801  +0.899988  1.000  0.090  0.500  S  d0
 10694   3341.875  -0.059843  +1.072468  1.000  0.090  0.500  S  d0
 10695   3342.188  -0.675146  +0.832948  0.984  0.090  0.500  S  d0
 10696   3342.500  -1.025133  +0.279431  0.969  0.090  0.500  S  d0
 10697   3342.812  -0.991221  -0.362874  0.953  0.090  0.500  S  d0
 10698   3343.125  -0.585256  -0.875893  0.938  0.139  0.500  S  d0
 10699   3343.438  +0.040819  -1.039061  0.938  0.139  0.500  S  d0
 10700   3343.750  +0.654258  -0.816855  0.922  0.139  0.500  S  d0
 10701   3344.062  +1.012037  -0.297017  0.922  0.139  0.500  S  d0
 10702   3344.375  +0.979886  +0.345242  0.906  0.139  0.500  S  d0
 10703   3344.688  +0.586444  +0.831170  0.906  0.139  0.500  S  d0
 10704   3345.000  +0.000312  +1.036095  0.906  0.139  0.500  S  d0
 10705   3345.312  -0.588739  +0.851090  0.906  0.139  0.500  S  d0
 10706   3345.625  -0.956947  +0.324103  0.906  0.139  0.500  S  d0
 10707   3345.938  -0.978688  -0.287638  0.906  0.139  0.500  S  d0
 10708   3346.250  -0.609544  -0.787876  0.906  0.139  0.500  S  d0
 10709   3346.562  -0.032194  -1.002584  0.906  0.139  0.500  S  d0
 10710   3346.875  +0.549491  -0.831516  0.906  0.183  0.500  S  d0
 10711   3347.188  +0.919390  -0.349005  0.906  0.183  0.500  S  d0
 10712   3347.500  +0.942905  +0.250824  0.906  0.183  0.500  S  d0
 10713   3347.812  +0.592960  +0.759781  0.906  0.183  0.500  S  d0
 10714   3348.125  +0.018152  +0.968802  0.906  0.183  0.500  S  d0
 10715   3348.438  -0.566177  +0.814626  0.906  0.183  0.500  S  d0
 10716   3348.750  -0.958035  +0.346066  0.906  0.183  0.500  S  d0
 10717   3349.062  -0.993245  -0.254957  0.906  0.183  0.500  S  d0
 10718   3349.375  -0.668314  -0.775949  0.906  0.183  0.500  S  d0
 10719   3349.688  -0.093468  -0.991792  0.906  0.183  0.500  S  d0
 10720   3350.000  +0.505785  -0.878740  0.906  0.183  0.500  S  d0
 10721   3350.312  +0.930393  -0.432531  0.906  0.183  0.500  S  d0
 10722   3350.625  +1.032352  +0.170927  0.906  0.204  0.500  S  d0
 10723   3350.938  +0.784586  +0.711083  0.906  0.204  0.500  S  d0
 10724   3351.250  +0.294841  +0.967668  0.906  0.204  0.500  S  d0
 10725   3351.562  -0.234699  +0.851880  0.906  0.204  0.500  S  d0
 10726   3351.875  -0.632036  +0.460927  0.906  0.204  0.500  S  d1
 10727   3352.188  -0.666903  -0.117760  0.906  0.204  0.500  S  d1
 10728   3352.500  -0.394843  -0.591296  0.906  0.204  0.500  S  d1
 10729   3352.812  +0.190967  -0.920880  0.906  0.204  0.500  S  d2
 10730   3353.125  -0.006506  +0.208290  0.906  0.204  0.500  S  d0
 10731   3353.438  -0.579780  +0.905121  0.906  0.204  0.500  S  d1
 10732   3353.750  -0.674913  -0.164852  0.906  0.204  0.500  S  d0
 10733   3354.062  -0.473802  -0.474783  0.906  0.204  0.500  S  d1
 10734   3354.375  +0.080597  -0.888255  0.906  0.196  0.500  S  d0
 10735   3354.688  +0.560067  -0.702779  0.906  0.196  0.500  S  d0
 10736   3355.000  +1.010139  -0.359885  0.906  0.196  0.500  S  d0
 10737   3355.312  +1.011279  +0.230252  0.906  0.196  0.500  S  d0
 10738   3355.625  +0.751724  +0.737975  0.906  0.196  0.500  S  d0
 10739   3355.938  +0.138775  +1.022424  0.906  0.196  0.500  S  d0
 10740   3356.250  -0.423453  +0.904100  0.906  0.196  0.500  S  d0
 10741   3356.562  -0.900627  +0.486484  0.906  0.196  0.500  S  d0
 10742   3356.875  -0.998901  -0.105867  0.906  0.196  0.500  S  d0
 10743   3357.188  -0.784821  -0.670879  0.906  0.196  0.500  S  d0
 10744   3357.500  -0.230817  -0.966624  0.906  0.196  0.500  S  d0
 10745   3357.812  +0.339616  -0.910979  0.906  0.196  0.500  S  d0
 10746   3358.125  +0.822856  -0.514201  0.906  0.162  0.500  S  d0
 10747   3358.438  +0.961932  +0.067759  0.906  0.162  0.500  S  d0
 10748   3358.750  +0.738166  +0.641195  0.906  0.162  0.500  S  d0
 10749   3359.062  +0.201338  +0.966256  0.906  0.162  0.500  S  d0
 10750   3359.375  -0.384534  +0.908018  0.906  0.162  0.500  S  d0
 10751   3359.688  -0.855422  +0.522095  0.906  0.162  0.500  S  d0
 10752   3360.000  -1.009102  -0.078218  0.906  0.162  0.500  S  d0
 10753   3360.312  -0.781272  -0.650773  0.906  0.162  0.500  S  d0
 10754   3360.625  -0.231139  -0.991793  0.906  0.162  0.500  S  d0
 10755   3360.938  +0.383906  -0.964738  0.906  0.162  0.500  S  d0
 10756   3361.250  +0.881775  -0.568469  0.906  0.162  0.500  S  d0
 10757   3361.562  +1.044638  +0.054312  0.906  0.162  0.500  S  d0
 10758   3361.875  +0.824684  +0.641225  0.906  0.113  0.500  S  d0
 10759   3362.188  +0.282246  +1.024453  0.922  0.113  0.500  S  d0
 10760   3362.500  -0.345581  +1.007780  0.938  0.113  0.500  S  d0
 10761   3362.812  -0.877975  +0.592874  0.953  0.113  0.500  S  d0
 10762   3363.125  -1.056158  -0.018490  0.969  0.113  0.500  S  d0
 10763   3363.438  -0.854678  -0.655857  0.969  0.113  0.500  S  d0
 10764   3363.750  -0.319585  -1.017978  0.984  0.113  0.500  S  d0
 10765   3364.062  +0.357443  -1.023335  0.984  0.113  0.500  S  d0
 10766   3364.375  +0.876266  -0.636631  1.000  0.113  0.500  S  d0
 10767   3364.688  +1.093429  +0.012403  1.000  0.113  0.500  S  d0
 10768   3365.000  +0.894450  +0.642564  1.000  0.113  0.500  S  d0
 10769   3365.312  +0.323121  +1.032050  1.000  0.113  0.500  S  d0
 10770   3365.625  -0.322181  +1.058833  1.000  0.076  0.500  S  d0
 10771   3365.938  -0.894883  +0.669067  1.000  0.076  0.500  S  d0
 10772   3366.250  -1.133324  +0.023055  1.000  0.076  0.500  S  d0
 10773   3366.562  -0.944757  -0.629429  1.000  0.076  0.500  S  d0
 10774   3366.875  -0.390709  -1.070939  1.000  0.076  0.500  S  d0
 10775   3367.188  +0.295835  -1.087959  1.000  0.076  0.500  S  d0
 10776   3367.500  +0.894523  -0.716513  1.000  0.076  0.500  S  d0
 10777   3367.812  +1.174076  -0.073780  1.000  0.076  0.500  S  d0
 10778   3368.125  +0.984908  +0.627386  1.000  0.076  0.500  S  d0
 10779   3368.438  +0.428859  +1.079765  1.000  0.076  0.500  S  d0
 10780   3368.750  -0.284389  +1.141353  1.000  0.076  0.500  S  d0
 10781   3369.062  -0.885831  +0.772943  1.000  0.076  0.500  S  d0
 10782   3369.375  -1.170698  +0.100901  1.000  0.064  0.500  S  d0
 10783   3369.688  -1.031145  -0.600227  1.000  0.064  0.500  S  d0
 10784   3370.000  -0.491031  -1.102791  1.000  0.064  0.500  S  d0
 10785   3370.312  +0.243039  -1.180273  1.000  0.064  0.500  S  d0
 10786   3370.625  +0.896590  -0.834746  1.000  0.064  0.500  S  d0
 10787   3370.938  +1.213766  -0.145229  1.000  0.064  0.500  S  d0
 10788   3371.250  +1.099246  +0.589853  1.000  0.064  0.500  S  d0
 10789   3371.562  +0.525506  +1.110686  1.000  0.064  0.500  S  d0
 10790   3371.875  -0.221185  +1.248725  1.000  0.064  0.500  S  d0
 10791   3372.188  -0.893515  +0.869939  1.000  0.064  0.500  S  d0
 10792   3372.500  -1.259502  +0.175868  1.000  0.064  0.500  S  d0
 10793   3372.812  -1.134988  -0.574687  1.000  0.064  0.500  S  d0
 10794   3373.125  -0.575789  -1.131780  1.000  0.091  0.500  S  d0
 10795   3373.438  +0.187591  -1.268316  1.000  0.091  0.500  S  d0
 10796   3373.750  +0.898357  -0.915730  1.000  0.091  0.500  S  d0
 10797   3374.062  +1.272737  -0.230673  1.000  0.091  0.500  S  d0
 10798   3374.375  +1.176901  +0.556202  1.000  0.091  0.500  S  d0
 10799   3374.688  +0.635989  +1.146456  1.000  0.091  0.500  S  d0
 10800   3375.000  -0.156820  +1.314712  1.000  0.091  0.500  S  d0
 10801   3375.312  -0.886885  +0.977862  1.000  0.091  0.500  S  d0
 10802   3375.625  -1.290096  +0.252683  1.000  0.091  0.500  S  d0
 10803   3375.938  -1.232352  -0.535786  1.000  0.091  0.500  S  d0
 10804   3376.250  -0.674968  -1.172358  1.000  0.091  0.500  S  d0
 10805   3376.562  +0.109925  -1.337154  1.000  0.091  0.500  S  d0
 10806   3376.875  +0.871716  -1.002041  1.000  0.141  0.500  S  d0
 10807   3377.188  +1.335536  -0.298041  1.000  0.141  0.500  S  d0
 10808   3377.500  +1.268974  +0.520131  1.000  0.141  0.500  S  d0
 10809   3377.812  +0.721850  +1.162991  1.000  0.141  0.500  S  d0
 10810   3378.125  -0.099054  +1.363817  1.000  0.141  0.500  S  d0
 10811   3378.438  -0.876756  +1.055136  1.000  0.141  0.500  S  d0
 10812   3378.750  -1.343793  +0.325061  1.000  0.141  0.500  S  d0
 10813   3379.062  -1.290200  -0.501983  1.000  0.141  0.500  S  d0
 10814   3379.375  -0.756416  -1.181003  1.000  0.141  0.500  S  d0
 10815   3379.688  +0.057632  -1.366583  1.000  0.141  0.500  S  d0
 10816   3380.000  +0.867315  -1.083987  1.000  0.141  0.500  S  d0
 10817   3380.312  +1.343835  -0.386156  1.000  0.141  0.500  S  d0
 10818   3380.625  +1.350636  +0.475404  1.000  0.180  0.500  S  d0
 10819   3380.938  +0.813832  +1.162955  1.000  0.180  0.500  S  d0
 10820   3381.250  -0.031832  +1.416066  1.000  0.180  0.500  S  d0
 10821   3381.562  -0.870423  +1.139162  1.000  0.180  0.500  S  d0
 10822   3381.875  -1.392026  +0.417351  1.000  0.180  0.500  S  d0
 10823   3382.188  -1.353191  -0.457725  1.000  0.180  0.500  S  d0
 10824   3382.500  -0.829041  -1.165936  1.000  0.180  0.500  S  d0
 10825   3382.812  +0.004985  -1.429165  1.000  0.180  0.500  S  d0
 10826   3383.125  +0.847137  -1.158690  1.000  0.180  0.500  S  d0
 10827   3383.438  +1.376516  -0.449684  1.000  0.180  0.500  S  d0
 10828   3383.750  +1.354947  +0.431786  1.000  0.180  0.500  S  d0
 10829   3384.062  +0.867167  +1.150124  1.000  0.180  0.500  S  d0
 10830   3384.375  +0.036048  +1.427958  1.000  0.203  0.500  S  d0
 10831   3384.688  -0.802119  +1.192160  1.000  0.203  0.500  S  d0
 10832   3385.000  -1.357204  +0.504016  1.000  0.203  0.500  S  d0
 10833   3385.312  -1.402640  -0.379140  1.000  0.203  0.500  S  d0
 10834   3385.625  -0.888079  -1.116789  1.000  0.203  0.500  S  d0
 10835   3385.938  -0.073034  -1.452272  1.000  0.203  0.500  S  d0
 10836   3386.250  +0.745770  -1.227233  1.000  0.203  0.500  S  d0
 10837   3386.562  +1.339207  -0.527505  1.000  0.203  0.500  S  d0
 10838   3386.875  +1.420240  +0.340861  1.000  0.203  0.500  S  d0
 10839   3387.188  +0.933552  +1.093468  1.000  0.203  0.500  S  d0
 10840   3387.500  +0.120745  +1.429473  1.000  0.203  0.500  S  d0
 10841   3387.812  -0.728352  +1.233601  1.000  0.203  0.500  S  d0
 10842   3388.125  -1.311559  +0.577531  1.000  0.188  0.500  S  d0
 10843   3388.438  -1.419610  -0.294760  1.000  0.188  0.500  S  d0
 10844   3388.750  -0.968176  -1.051842  1.000  0.188  0.500  S  d0
 10845   3389.062  -0.165301  -1.429029  1.000  0.188  0.500  S  d0
 10846   3389.375  +0.679933  -1.250481  1.000  0.188  0.500  S  d0
 10847   3389.688  +1.295520  -0.622163  1.000  0.188  0.500  S  d0
 10848   3390.000  +1.419166  +0.255603  1.000  0.188  0.500  S  d0
 10849   3390.312  +1.020496  +1.032230  1.000  0.188  0.500  S  d0
 10850   3390.625  +0.199033  +1.410974  1.000  0.188  0.500  S  d0
 10851   3390.938  -0.673635  +1.276529  1.000  0.188  0.500  S  d0
 10852   3391.250  -1.275624  +0.630356  1.000  0.188  0.500  S  d0
 10853   3391.562  -1.397846  -0.201013  1.000  0.188  0.500  S  d0
 10854   3391.875  -0.996267  -0.972312  1.000  0.148  0.500  S  d0
 10855   3392.188  -0.249439  -1.404913  1.000  0.148  0.500  S  d0
 10856   3392.500  +0.615521  -1.296915  1.000  0.148  0.500  S  d0
 10857   3392.812  +1.224072  -0.663562  1.000  0.148  0.500  S  d0
 10858   3393.125  +1.390320  +0.173388  1.000  0.148  0.500  S  d0
 10859   3393.438  +1.015426  +0.932287  1.000  0.148  0.500  S  d0
 10860   3393.750  +0.265197  +1.380893  1.000  0.148  0.500  S  d0
 10861   3394.062  -0.548233  +1.274027  1.000  0.148  0.500  S  d0
 10862   3394.375  -1.180111  +0.686901  1.000  0.148  0.500  S  d0
 10863   3394.688  -1.367523  -0.118739  1.000  0.148  0.500  S  d0
 10864   3395.000  -1.039174  -0.912178  1.000  0.148  0.500  S  d0
 10865   3395.312  -0.328450  -1.341707  1.000  0.148  0.500  S  d0
 10866   3395.625  +0.530818  -1.245202  1.000  0.103  0.500  S  d0
 10867   3395.938  +1.165806  -0.711156  1.000  0.103  0.500  S  d0
 10868   3396.250  +1.347830  +0.103141  1.000  0.103  0.500  S  d0
 10869   3396.562  +1.034431  +0.865474  1.000  0.103  0.500  S  d0
 10870   3396.875  +0.321637  +1.292128  1.000  0.103  0.500  S  d0
 10871   3397.188  -0.461164  +1.224447  1.000  0.103  0.500  S  d0
 10872   3397.500  -1.124563  +0.717116  1.000  0.103  0.500  S  d0
 10873   3397.812  -1.323928  -0.054708  1.000  0.103  0.500  S  d0
 10874   3398.125  -1.038645  -0.835301  1.000  0.103  0.500  S  d0
 10875   3398.438  -0.356362  -1.254169  1.000  0.103  0.500  S  d0
 10876   3398.750  +0.439018  -1.216514  1.000  0.103  0.500  S  d0
 10877   3399.062  +1.074769  -0.723620  1.000  0.103  0.500  S  d0
 10878   3399.375  +1.303426  +0.027915  1.000  0.065  0.500  S  d0
 10879   3399.688  +1.042373  +0.800340  1.000  0.065  0.500  S  d0
 10880   3400.000  +0.371667  +1.220553  1.000  0.065  0.500  S  d0
 10881   3400.312  -0.404736  +1.194125  1.000  0.065  0.500  S  d0
 10882   3400.625  -1.044636  +0.745143  1.000  0.065  0.500  S  d0
 10883   3400.938  -1.278051  -0.013203  1.000  0.065  0.500  S  d0
 10884   3401.250  -1.015113  -0.742317  1.000  0.065  0.500  S  d0
 10885   3401.562  -0.381384  -1.185563  1.000  0.065  0.500  S  d0
 10886   3401.875  +0.348229  -1.182290  1.000  0.065  0.500  S  d0
 10887   3402.188  +0.999844  -0.735276  1.000  0.065  0.500  S  d0
 10888   3402.500  +1.244244  -0.034326  1.000  0.065  0.500  S  d0
 10889   3402.812  +1.018706  +0.689468  1.000  0.065  0.500  S  d0
 10890   3403.125  +0.417925  +1.133839  1.000  0.060  0.500  S  d0
 10891   3403.438  -0.327441  +1.166727  1.000  0.060  0.500  S  d0
 10892   3403.750  -0.948939  +0.746212  1.000  0.060  0.500  S  d0
 10893   3404.062  -1.175546  +0.070895  1.000  0.060  0.500  S  d0
 10894   3404.375  -0.992253  -0.632560  1.000  0.060  0.500  S  d0
 10895   3404.688  -0.439811  -1.113706  1.000  0.060  0.500  S  d0
 10896   3405.000  +0.278083  -1.127104  1.000  0.060  0.500  S  d0
 10897   3405.312  +0.873804  -0.737058  1.000  0.060  0.500  S  d0
 10898   3405.625  +1.150256  -0.087714  1.000  0.060  0.500  S  d0
 10899   3405.938  +0.989375  +0.580394  1.000  0.060  0.500  S  d0
 10900   3406.250  +0.447890  +1.041043  1.000  0.060  0.500  S  d0
 10901   3406.562  -0.232617  +1.113271  1.000  0.060  0.500  S  d0
 10902   3406.875  -0.843086  +0.758205  1.000  0.096  0.500  S  d0
 10903   3407.188  -1.121046  +0.121973  1.000  0.096  0.500  S  d0
 10904   3407.500  -0.979764  -0.546372  1.000  0.096  0.500  S  d0
 10905   3407.812  -0.463093  -1.003602  1.000  0.096  0.500  S  d0
 10906   3408.125  +0.193714  -1.093653  1.000  0.096  0.500  S  d0
 10907   3408.438  +0.799716  -0.761321  1.000  0.096  0.500  S  d0
 10908   3408.750  +1.079284  -0.164954  1.000  0.096  0.500  S  d0
 10909   3409.062  +0.972435  +0.511774  1.000  0.096  0.500  S  d0
 10910   3409.375  +0.492436  +0.976270  1.000  0.096  0.500  S  d0
 10911   3409.688  -0.157914  +1.048695  1.000  0.096  0.500  S  d0
 10912   3410.000  -0.748644  +0.766181  1.000  0.096  0.500  S  d0
 10913   3410.312  -1.044640  +0.189645  1.000  0.096  0.500  S  d0
 10914   3410.625  -0.949192  -0.465516  1.000  0.154  0.500  S  d0
 10915   3410.938  -0.500231  -0.927569  1.000  0.154  0.500  S  d0
 10916   3411.250  +0.122937  -1.032605  1.000  0.154  0.500  S  d0
 10917   3411.562  +0.703228  -0.753393  1.000  0.154  0.500  S  d0
 10918   3411.875  +1.010071  -0.196835  1.000  0.154  0.500  S  d0
 10919   3412.188  +0.924075  +0.404532  1.000  0.154  0.500  S  d0
 10920   3412.500  +0.513413  +0.884570  1.000  0.154  0.500  S  d0
 10921   3412.812  -0.095853  +1.027265  1.000  0.154  0.500  S  d0
 10922   3413.125  -0.675830  +0.751464  1.000  0.154  0.500  S  d0
 10923   3413.438  -0.982382  +0.218248  1.000  0.154  0.500  S  d0
 10924   3413.750  -0.928350  -0.391337  1.000  0.154  0.500  S  d0
 10925   3414.062  -0.528713  -0.841686  1.000  0.154  0.500  S  d0
 10926   3414.375  +0.071515  -0.995539  1.000  0.208  0.500  S  d0
 10927   3414.688  +0.648695  -0.766844  1.000  0.208  0.500  S  d0
 10928   3415.000  +0.982648  -0.245183  1.000  0.208  0.500  S  d0
 10929   3415.312  +0.922981  +0.358708  1.000  0.208  0.500  S  d0
 10930   3415.625  +0.536205  +0.821598  1.000  0.208  0.500  S  d0
 10931   3415.938  -0.039563  +0.982850  1.000  0.208  0.500  S  d0
 10932   3416.250  -0.621919  +0.782807  1.000  0.208  0.500  S  d0
 10933   3416.562  -0.958246  +0.262013  1.000  0.208  0.500  S  d0
 10934   3416.875  -0.919058  -0.339046  1.000  0.208  0.500  S  d0
 10935   3417.188  -0.553613  -0.825585  1.000  0.208  0.500  S  d0
 10936   3417.500  +0.028163  -0.958579  1.000  0.208  0.500  S  d0
 10937   3417.812  +0.594163  -0.770160  1.000  0.208  0.500  S  d0
 10938   3418.125  +0.926184  -0.284291  1.000  0.229  0.500  S  d0
 10939   3418.438  +0.915244  +0.317854  1.000  0.229  0.500  S  d0
 10940   3418.750  +0.551942  +0.796784  1.000  0.229  0.500  S  d0
 10941   3419.062  +0.002956  +0.960904  1.000  0.229  0.500  S  d0
 10942   3419.375  -0.560477  +0.784707  1.000  0.229  0.500  S  d0
 10943   3419.688  -0.906882  +0.306097  1.000  0.229  0.500  S  d0
 10944   3420.000  -0.926592  -0.281976  1.000  0.229  0.500  S  d0
 10945   3420.312  -0.576581  -0.758450  1.000  0.229  0.500  S  d0
 10946   3420.625  -0.018908  -0.966048  1.000  0.229  0.500  S  d0
 10947   3420.938  +0.531351  -0.806728  1.000  0.229  0.500  S  d0
 10948   3421.250  +0.896116  -0.328169  1.000  0.229  0.500  S  d0
 10949   3421.562  +0.930106  +0.240020  1.000  0.229  0.500  S  d0
 10950   3421.875  +0.607889  +0.755557  1.000  0.213  0.500  S  d0
 10951   3422.188  +0.054336  +0.960724  1.000  0.213  0.500  S  d0
 10952   3422.500  -0.511861  +0.814348  1.000  0.213  0.500  S  d0
 10953   3422.812  -0.901696  +0.369556  1.000  0.213  0.500  S  d0
 10954   3423.125  -0.947400  -0.211983  1.000  0.213  0.500  S  d0
 10955   3423.438  -0.635888  -0.739916  1.000  0.213  0.500  S  d0
 10956   3423.750  -0.103673  -0.974560  1.000  0.213  0.500  S  d0
 10957   3424.062  +0.497562  -0.849457  1.000  0.213  0.500  S  d0
 10958   3424.375  +0.909245  -0.405560  1.000  0.213  0.500  S  d0
 10959   3424.688  +0.983277  +0.196456  1.000  0.213  0.500  S  d0
 10960   3425.000  +0.679232  +0.745948  1.000  0.213  0.500  S  d0
 10961   3425.312  +0.122307  +0.977805  1.000  0.213  0.500  S  d0
 10962   3425.625  -0.489916  +0.872502  1.000  0.167  0.500  S  d0
 10963   3425.938  -0.913365  +0.440205  1.000  0.167  0.500  S  d0
 10964   3426.250  -0.982938  -0.168261  1.000  0.167  0.500  S  d0
 10965   3426.562  -0.706852  -0.723063  1.000  0.167  0.500  S  d0
 10966   3426.875  -0.151964  -1.017299  1.000  0.167  0.500  S  d0
 10967   3427.188  +0.445586  -0.898425  1.000  0.167  0.500  S  d0
 10968   3427.500  +0.910572  -0.463834  1.000  0.167  0.500  S  d0
 10969   3427.812  +1.016599  +0.137248  1.000  0.167  0.500  S  d0
 10970   3428.125  +0.736884  +0.722411  1.000  0.167  0.500  S  d0
 10971   3428.438  +0.200810  +1.012653  1.000  0.167  0.500  S  d0
 10972   3428.750  -0.442728  +0.949054  1.000  0.167  0.500  S  d0
 10973   3429.062  -0.918846  +0.519544  1.000  0.167  0.500  S  d0
 10974   3429.375  -1.044433  -0.122503  1.000  0.108  0.500  S  d0
 10975   3429.688  -0.785522  -0.719334  1.000  0.108  0.500  S  d0
 10976   3430.000  -0.211463  -1.052808  1.000  0.108  0.500  S  d0
 10977   3430.312  +0.422741  -0.974702  1.000  0.108  0.500  S  d0
 10978   3430.625  +0.927014  -0.531273  1.000  0.108  0.500  S  d0
 10979   3430.938  +1.078759  +0.078974  1.000  0.108  0.500  S  d0
 10980   3431.250  +0.820343  +0.715693  1.000  0.108  0.500  S  d0
 10981   3431.562  +0.252930  +1.059940  1.000  0.108  0.500  S  d0
 10982   3431.875  -0.406445  +1.000554  1.000  0.108  0.500  S  d0
 10983   3432.188  -0.953593  +0.592543  1.000  0.108  0.500  S  d0
 10984   3432.500  -1.122511  -0.066802  1.000  0.108  0.500  S  d0
 10985   3432.812  -0.840253  -0.706293  1.000  0.108  0.500  S  d0
 10986   3433.125  -0.291419  -1.091733  1.000  0.065  0.500  S  d0
 10987   3433.438  +0.404780  -1.058478  1.000  0.065  0.500  S  d0
 10988   3433.750  +0.947727  -0.629688  1.000  0.065  0.500  S  d0
 10989   3434.062  +1.155026  +0.071452  1.000  0.065  0.500  S  d0
 10990   3434.375  +0.912329  +0.713601  1.000  0.065  0.500  S  d0
 10991   3434.688  +0.301679  +1.116589  1.000  0.065  0.500  S  d0
 10992   3435.000  -0.372680  +1.094567  1.000  0.065  0.500  S  d0
 10993   3435.312  -0.979962  +0.672822  1.000  0.065  0.500  S  d0
 10994   3435.625  -1.193489  -0.013301  1.000  0.065  0.500  S  d0
 10995   3435.938  -0.934137  -0.728168  1.000  0.065  0.500  S  d0
 10996   3436.250  -0.342772  -1.146018  1.000  0.065  0.500  S  d0
 10997   3436.562  +0.373992  -1.163008  1.000  0.065  0.500  S  d0
 10998   3436.875  +0.984713  -0.696973  1.000  0.064  0.500  S  d0
 10999   3437.188  +1.189387  -0.010806  1.000  0.064  0.500  S  d0
 11000   3437.500  +0.981638  +0.695607  1.000  0.064  0.500  S  d0
 11001   3437.812  +0.408477  +1.153233  1.000  0.064  0.500  S  d0
 11002   3438.125  -0.343933  +1.200332  1.000  0.064  0.500  S  d0
 11003   3438.438  -0.970236  +0.760564  1.000  0.064  0.500  S  d0
 11004   3438.750  -1.225659  +0.040692  1.000  0.064  0.500  S  d0
 11005   3439.062  -1.033696  -0.681019  1.000  0.064  0.500  S  d0
 11006   3439.375  -0.446701  -1.170114  1.000  0.064  0.500  S  d0
 11007   3439.688  +0.310950  -1.218303  1.000  0.064  0.500  S  d0
 11008   3440.000  +0.975530  -0.807996  1.000  0.064  0.500  S  d0
 11009   3440.312  +1.266101  -0.083231  1.000  0.064  0.500  S  d0
 11010   3440.625  +1.087645  +0.677773  1.000  0.104  0.500  S  d0
 11011   3440.938  +0.491214  +1.185146  1.000  0.104  0.500  S  d0
 11012   3441.250  -0.269946  +1.264582  1.000  0.104  0.500  S  d0
 11013   3441.562  -0.989401  +0.857518  1.000  0.104  0.500  S  d0
 11014   3441.875  -1.329840  +0.124682  1.000  0.104  0.500  S  d0
 11015   3442.188  -1.136730  -0.646415  1.000  0.104  0.500  S  d0
 11016   3442.500  -0.543965  -1.206201  1.000  0.104  0.500  S  d0
 11017   3442.812  +0.255170  -1.334836  1.000  0.104  0.500  S  d0
 11018   3443.125  +0.965771  -0.926619  1.000  0.104  0.500  S  d0
 11019   3443.438  +1.343616  -0.162620  1.000  0.104  0.500  S  d0
 11020   3443.750  +1.214686  +0.643536  1.000  0.104  0.500  S  d0
 11021   3444.062  +0.607851  +1.234473  1.000  0.104  0.500  S  d0
 11022   3444.375  -0.210495  +1.353272  1.000  0.163  0.500  S  d0
 11023   3444.688  -0.972545  +0.961721  1.000  0.163  0.500  S  d0
 11024   3445.000  -1.359619  +0.216051  1.000  0.163  0.500  S  d0
 11025   3445.312  -1.239013  -0.609608  1.000  0.163  0.500  S  d0
 11026   3445.625  -0.665151  -1.246095  1.000  0.163  0.500  S  d0
 11027   3445.938  +0.184386  -1.380425  1.000  0.163  0.500  S  d0
 11028   3446.250  +0.951125  -1.017278  1.000  0.163  0.500  S  d0
 11029   3446.562  +1.362552  -0.250942  1.000  0.163  0.500  S  d0
 11030   3446.875  +1.275536  +0.579554  1.000  0.163  0.500  S  d0
 11031   3447.188  +0.696426  +1.244894  1.000  0.163  0.500  S  d0
 11032   3447.500  -0.144520  +1.411740  1.000  0.163  0.500  S  d0
 11033   3447.812  -0.953241  +1.052955  1.000  0.163  0.500  S  d0
 11034   3448.125  -1.373775  +0.296072  1.000  0.213  0.500  S  d0
 11035   3448.438  -1.311003  -0.555024  1.000  0.213  0.500  S  d0
 11036   3448.750  -0.717676  -1.219220  1.000  0.213  0.500  S  d0
 11037   3449.062  +0.118043  -1.445840  1.000  0.213  0.500  S  d0
 11038   3449.375  +0.929915  -1.082047  1.000  0.213  0.500  S  d0
 11039   3449.688  +1.390313  -0.337550  1.000  0.213  0.500  S  d0
 11040   3450.000  +1.336030  +0.546114  1.000  0.213  0.500  S  d0
 11041   3450.312  +0.778876  +1.217154  1.000  0.213  0.500  S  d0
 11042   3450.625  -0.091449  +1.417378  1.000  0.213  0.500  S  d0
 11043   3450.938  -0.921052  +1.108767  1.000  0.213  0.500  S  d0
 11044   3451.250  -1.401573  +0.386404  1.000  0.213  0.500  S  d0
 11045   3451.562  -1.354877  -0.512085  1.000  0.213  0.500  S  d0
 11046   3451.875  -0.802892  -1.220454  1.000  0.229  0.500  S  d0
 11047   3452.188  +0.043619  -1.423434  1.000  0.229  0.500  S  d0
 11048   3452.500  +0.901050  -1.137072  1.000  0.229  0.500  S  d0
 11049   3452.812  +1.389942  -0.404135  1.000  0.229  0.500  S  d0
 11050   3453.125  +1.377576  +0.479787  1.000  0.229  0.500  S  d0
 11051   3453.438  +0.815098  +1.185127  1.000  0.229  0.500  S  d0
 11052   3453.750  -0.020699  +1.459942  1.000  0.229  0.500  S  d0
 11053   3454.062  -0.861794  +1.154220  1.000  0.229  0.500  S  d0
 11054   3454.375  -1.370761  +0.424602  1.000  0.229  0.500  S  d0
 11055   3454.688  -1.364665  -0.452594  1.000  0.229  0.500  S  d0
 11056   3455.000  -0.845462  -1.177003  1.000  0.229  0.500  S  d0
 11057   3455.312  -0.025174  -1.453894  1.000  0.229  0.500  S  d0
 11058   3455.625  +0.817750  -1.161499  1.000  0.210  0.500  S  d0
 11059   3455.938  +1.353803  -0.474445  1.000  0.210  0.500  S  d0
 11060   3456.250  +1.398463  +0.387615  1.000  0.210  0.500  S  d0
 11061   3456.562  +0.874630  +1.142084  1.000  0.210  0.500  S  d0
 11062   3456.875  +0.053407  +1.453225  1.000  0.210  0.500  S  d0
 11063   3457.188  -0.786980  +1.194697  1.000  0.210  0.500  S  d0
 11064   3457.500  -1.329407  +0.504122  1.000  0.210  0.500  S  d0
 11065   3457.812  -1.380500  -0.354731  1.000  0.210  0.500  S  d0
 11066   3458.125  -0.901447  -1.088478  1.000  0.210  0.500  S  d0
 11067   3458.438  -0.106049  -1.417191  1.000  0.210  0.500  S  d0
 11068   3458.750  +0.740488  -1.208545  1.000  0.210  0.500  S  d0
 11069   3459.062  +1.294010  -0.557051  1.000  0.210  0.500  S  d0
 11070   3459.375  +1.379687  +0.291717  1.000  0.161  0.500  S  d0
 11071   3459.688  +0.924538  +1.057216  1.000  0.161  0.500  S  d0
 11072   3460.000  +0.154383  +1.400124  1.000  0.161  0.500  S  d0
 11073   3460.312  -0.686356  +1.203324  1.000  0.161  0.500  S  d0
 11074   3460.625  -1.276190  +0.603758  1.000  0.161  0.500  S  d0
 11075   3460.938  -1.364426  -0.256866  1.000  0.161  0.500  S  d0
 11076   3461.250  -0.953567  -0.996878  1.000  0.161  0.500  S  d0
 11077   3461.562  -0.189907  -1.373115  1.000  0.161  0.500  S  d0
 11078   3461.875  +0.659890  -1.233268  1.000  0.161  0.500  S  d0
 11079   3462.188  +1.232337  -0.604395  1.000  0.161  0.500  S  d0
 11080   3462.500  +1.347408  +0.214510  1.000  0.161  0.500  S  d0
 11081   3462.812  +0.955583  +0.961773  1.000  0.161  0.500  S  d0
 11082   3463.125  +0.216602  +1.318882  1.000  0.102  0.500  S  d0
 11083   3463.438  -0.591246  +1.204778  1.000  0.102  0.500  S  d0
 11084   3463.750  -1.200431  +0.628720  1.000  0.102  0.500  S  d0
 11085   3464.062  -1.325715  -0.161212  1.000  0.102  0.500  S  d0
 11086   3464.375  -0.954765  -0.898351  1.000  0.102  0.500  S  d0
 11087   3464.688  -0.256114  -1.289378  1.000  0.102  0.500  S  d0
 11088   3465.000  +0.544803  -1.201652  1.000  0.102  0.500  S  d0
 11089   3465.312  +1.147450  -0.647938  1.000  0.102  0.500  S  d0
 11090   3465.625  +1.321708  +0.119595  1.000  0.102  0.500  S  d0
 11091   3465.938  +0.962618  +0.869313  1.000  0.102  0.500  S  d0
 11092   3466.250  +0.257353  +1.272188  1.000  0.102  0.500  S  d0
 11093   3466.562  -0.513917  +1.183629  1.000  0.102  0.500  S  d0
 11094   3466.875  -1.096790  +0.659374  1.000  0.064  0.500  S  d0
 11095   3467.188  -1.249498  -0.094716  1.000  0.064  0.500  S  d0
 11096   3467.500  -0.956911  -0.826065  1.000  0.064  0.500  S  d0
 11097   3467.812  -0.315817  -1.246590  1.000  0.064  0.500  S  d0
 11098   3468.125  +0.462592  -1.177518  1.000  0.064  0.500  S  d0
 11099   3468.438  +1.052585  -0.652672  1.000  0.064  0.500  S  d0
 11100   3468.750  +1.237506  +0.059942  1.000  0.064  0.500  S  d0
 11101   3469.062  +0.954029  +0.805668  1.000  0.064  0.500  S  d0
 11102   3469.375  +0.326944  +1.180886  1.000  0.064  0.500  S  d0
 11103   3469.688  -0.436304  +1.143593  1.000  0.064  0.500  S  d0
 11104   3470.000  -1.004292  +0.683503  1.000  0.064  0.500  S  d0
 11105   3470.312  -1.188410  -0.050981  1.000  0.064  0.500  S  d0
 11106   3470.625  -0.937180  -0.745771  1.000  0.064  0.500  S  d0
 11107   3470.938  -0.336403  -1.140757  1.000  0.064  0.500  S  d0
 11108   3471.250  +0.381010  -1.107591  1.000  0.064  0.500  S  d0
 11109   3471.562  +0.950454  -0.681555  1.000  0.064  0.500  S  d0
 11110   3471.875  +1.154250  +0.007155  1.000  0.064  0.500  S  d0
 11111   3472.188  +0.949982  +0.703169  1.000  0.064  0.500  S  d0
 11112   3472.500  +0.339072  +1.087499  1.000  0.064  0.500  S  d0
 11113   3472.812  -0.352700  +1.107780  1.000  0.064  0.500  S  d0
 11114   3473.125  -0.922694  +0.668015  1.000  0.064  0.500  S  d0
 11115   3473.438  -1.134673  +0.016842  1.000  0.064  0.500  S  d0
 11116   3473.750  -0.922032  -0.647444  1.000  0.064  0.500  S  d0
 11117   3474.062  -0.383238  -1.052998  1.000  0.064  0.500  S  d0
 11118   3474.375  +0.315514  -1.072041  1.000  0.109  0.500  S  d0
 11119   3474.688  +0.893536  -0.698443  1.000  0.109  0.500  S  d0
 11120   3475.000  +1.093141  -0.043616  1.000  0.109  0.500  S  d0
 11121   3475.312  +0.934126  +0.604925  1.000  0.109  0.500  S  d0
 11122   3475.625  +0.387460  +1.022466  1.000  0.109  0.500  S  d0
 11123   3475.938  -0.270078  +1.048487  1.000  0.109  0.500  S  d0
 11124   3476.250  -0.829188  +0.688048  1.000  0.109  0.500  S  d0
 11125   3476.562  -1.069994  +0.084132  1.000  0.109  0.500  S  d0
 11126   3476.875  -0.925495  -0.560099  1.000  0.109  0.500  S  d0
 11127   3477.188  -0.411509  -0.982970  1.000  0.109  0.500  S  d0
 11128   3477.500  +0.227795  -1.031776  1.000  0.109  0.500  S  d0
 11129   3477.812  +0.776521  -0.685087  1.000  0.109  0.500  S  d0
 11130   3478.125  +1.049067  -0.116474  1.000  0.169  0.500  S  d0
 11131   3478.438  +0.903384  +0.513716  1.000  0.169  0.500  S  d0
 11132   3478.750  +0.431830  +0.933199  1.000  0.169  0.500  S  d0
 11133   3479.062  -0.190682  +1.014878  1.000  0.169  0.500  S  d0
 11134   3479.375  -0.755595  +0.712903  1.000  0.169  0.500  S  d0
 11135   3479.688  -0.993011  +0.132518  1.000  0.169  0.500  S  d0
 11136   3480.000  -0.896585  -0.471234  1.000  0.169  0.500  S  d0
 11137   3480.312  -0.456003  -0.902846  1.000  0.169  0.500  S  d0
 11138   3480.625  +0.153441  -0.995064  1.000  0.169  0.500  S  d0
 11139   3480.938  +0.707281  -0.714842  1.000  0.169  0.500  S  d0
 11140   3481.250  +0.999630  -0.170929  1.000  0.169  0.500  S  d0
 11141   3481.562  +0.900533  +0.441936  1.000  0.169  0.500  S  d0
 11142   3481.875  +0.463090  +0.867672  1.000  0.214  0.500  S  d0
 11143   3482.188  -0.131680  +0.993604  1.000  0.214  0.500  S  d0
 11144   3482.500  -0.687317  +0.726313  1.000  0.214  0.500  S  d0
 11145   3482.812  -0.964184  +0.182905  1.000  0.214  0.500  S  d0
 11146   3483.125  -0.888610  -0.412007  1.000  0.214  0.500  S  d0
 11147   3483.438  -0.491880  -0.851399  1.000  0.214  0.500  S  d0
 11148   3483.750  +0.110421  -0.965434  1.000  0.214  0.500  S  d0
 11149   3484.062  +0.649592  -0.729522  1.000  0.214  0.500  S  d0
 11150   3484.375  +0.948986  -0.208409  1.000  0.214  0.500  S  d0
 11151   3484.688  +0.887059  +0.372085  1.000  0.214  0.500  S  d0
 11152   3485.000  +0.497726  +0.827476  1.000  0.214  0.500  S  d0
 11153   3485.312  -0.072304  +0.972798  1.000  0.214  0.500  S  d0
 11154   3485.625  -0.619900  +0.739765  1.000  0.232  0.500  S  d0
 11155   3485.938  -0.933641  +0.230732  1.000  0.232  0.500  S  d0
 11156   3486.250  -0.901264  -0.362423  1.000  0.232  0.500  S  d0
 11157   3486.562  -0.517368  -0.824061  1.000  0.232  0.500  S  d0
 11158   3486.875  +0.046276  -0.956203  1.000  0.232  0.500  S  d0
 11159   3487.188  +0.604585  -0.743642  1.000  0.232  0.500  S  d0
 11160   3487.500  +0.924724  -0.250524  1.000  0.232  0.500  S  d0
 11161   3487.812  +0.899362  +0.332448  1.000  0.232  0.500  S  d0
 11162   3488.125  +0.549228  +0.810427  1.000  0.232  0.500  S  d0
 11163   3488.438  -0.021022  +0.968205  1.000  0.232  0.500  S  d0
 11164   3488.750  -0.587456  +0.761538  1.000  0.232  0.500  S  d0
 11165   3489.062  -0.929916  +0.270859  1.000  0.232  0.500  S  d0
 11166   3489.375  -0.919084  -0.309663  1.000  0.206  0.500  S  d0
 11167   3489.688  -0.560175  -0.812128  1.000  0.206  0.500  S  d0
 11168   3490.000  +0.006879  -0.979460  1.000  0.206  0.500  S  d0
 11169   3490.312  +0.582986  -0.775730  1.000  0.206  0.500  S  d0
 11170   3490.625  +0.929946  -0.302240  1.000  0.206  0.500  S  d0
 11171   3490.938  +0.941071  +0.307901  1.000  0.206  0.500  S  d0
 11172   3491.250  +0.571162  +0.791055  1.000  0.206  0.500  S  d0
 11173   3491.562  +0.007330  +0.990116  1.000  0.206  0.500  S  d0
 11174   3491.875  -0.561005  +0.817876  1.000  0.206  0.500  S  d0
 11175   3492.188  -0.942888  +0.334805  1.000  0.206  0.500  S  d0
 11176   3492.500  -0.958769  -0.270260  1.000  0.206  0.500  S  d0
 11177   3492.812  -0.605438  -0.782279  1.000  0.206  0.500  S  d0
 11178   3493.125  -0.043946  -1.008706  1.000  0.152  0.500  S  d0
 11179   3493.438  +0.542954  -0.851917  1.000  0.152  0.500  S  d0
 11180   3493.750  +0.953201  -0.358537  1.000  0.152  0.500  S  d0
 11181   3494.062  +0.982943  +0.242557  1.000  0.152  0.500  S  d0
 11182   3494.375  +0.648154  +0.778044  1.000  0.152  0.500  S  d0
 11183   3494.688  +0.079764  +1.007628  1.000  0.152  0.500  S  d0
 11184   3495.000  -0.523421  +0.872125  1.000  0.152  0.500  S  d0
 11185   3495.312  -0.963721  +0.416661  1.000  0.152  0.500  S  d0
 11186   3495.625  -1.018484  -0.208127  1.000  0.152  0.500  S  d0
 11187   3495.938  -0.692358  -0.780793  1.000  0.152  0.500  S  d0
 11188   3496.250  -0.122926  -1.047838  1.000  0.152  0.500  S  d0
 11189   3496.562  +0.520642  -0.923960  1.000  0.152  0.500  S  d0
 11190   3496.875  +0.989498  -0.448890  1.000  0.090  0.500  S  d0
 11191   3497.188  +1.042522  +0.198880  1.000  0.090  0.500  S  d0
 11192   3497.500  +0.730888  +0.786313  1.000  0.090  0.500  S  d0
 11193   3497.812  +0.148451  +1.077968  1.000  0.090  0.500  S  d0
 11194   3498.125  -0.507394  +0.966220  1.000  0.090  0.500  S  d0
 11195   3498.438  -0.972489  +0.498667  1.000  0.090  0.500  S  d0
 11196   3498.750  -1.091144  -0.174921  1.000  0.090  0.500  S  d0
 11197   3499.062  -0.777949  -0.795303  1.000  0.090  0.500  S  d0
 11198   3499.375  -0.184264  -1.107272  1.000  0.090  0.500  S  d0
 11199   3499.688  +0.493369  -1.014614  1.000  0.090  0.500  S  d0
 11200   3500.000  +0.997425  -0.527152  1.000  0.090  0.500  S  d0
 11201   3500.312  +1.114427  +0.148085  1.000  0.090  0.500  S  d0
 11202   3500.625  +0.816077  +0.786763  1.000  0.052  0.500  S  d0
 11203   3500.938  +0.221824  +1.120673  1.000  0.052  0.500  S  d0
 11204   3501.250  -0.480703  +1.052645  1.000  0.052  0.500  S  d0
 11205   3501.562  -1.007853  +0.578478  1.000  0.052  0.500  S  d0
 11206   3501.875  -1.142816  -0.113623  1.000  0.052  0.500  S  d0
 11207   3502.188  -0.879166  -0.797307  1.000  0.052  0.500  S  d0
 11208   3502.500  -0.249566  -1.142362  1.000  0.052  0.500  S  d0
 11209   3502.812  +0.467345  -1.093967  1.000  0.052  0.500  S  d0
 11210   3503.125  +1.020033  -0.615606  1.000  0.052  0.500  S  d0
 11211   3503.438  +1.207882  +0.092794  1.000  0.052  0.500  S  d0
 11212   3503.750  +0.911454  +0.792439  1.000  0.052  0.500  S  d0
 11213   3504.062  +0.283995  +1.179026  1.000  0.052  0.500  S  d0
 11214   3504.375  -0.452567  +1.135428  1.000  0.060  0.500  S  d0
 11215   3504.688  -1.026113  +0.645963  1.000  0.060  0.500  S  d0
 11216   3505.000  -1.257835  -0.062935  1.000  0.060  0.500  S  d0
 11217   3505.312  -0.961610  -0.789152  1.000  0.060  0.500  S  d0
 11218   3505.625  -0.326755  -1.211514  1.000  0.060  0.500  S  d0
 11219   3505.938  +0.441378  -1.169529  1.000  0.060  0.500  S  d0
 11220   3506.250  +1.040693  -0.707414  1.000  0.060  0.500  S  d0
 11221   3506.562  +1.272160  +0.033714  1.000  0.060  0.500  S  d0
 11222   3506.875  +1.017961  +0.785110  1.000  0.060  0.500  S  d0
 11223   3507.188  +0.364555  +1.254813  1.000  0.060  0.500  S  d0
 11224   3507.500  -0.420016  +1.232799  1.000  0.060  0.500  S  d0
 11225   3507.812  -1.044400  +0.730053  1.000  0.060  0.500  S  d0
 11226   3508.125  -1.306957  -0.019845  1.000  0.106  0.500  S  d0
 11227   3508.438  -1.058236  -0.790033  1.000  0.106  0.500  S  d0
 11228   3508.750  -0.396562  -1.254854  1.000  0.106  0.500  S  d0
 11229   3509.062  +0.420367  -1.256782  1.000  0.106  0.500  S  d0
 11230   3509.375  +1.064078  -0.771117  1.000  0.106  0.500  S  d0
 11231   3509.688  +1.318400  -0.021236  1.000  0.106  0.500  S  d0
 11232   3510.000  +1.076848  +0.753016  1.000  0.106  0.500  S  d0
 11233   3510.312  +0.467116  +1.272882  1.000  0.106  0.500  S  d0
 11234   3510.625  -0.384293  +1.288679  1.000  0.106  0.500  S  d0
 11235   3510.938  -1.055759  +0.854983  1.000  0.106  0.500  S  d0
 11236   3511.250  -1.344400  +0.044989  1.000  0.106  0.500  S  d0
 11237   3511.562  -1.158333  -0.747613  1.000  0.106  0.500  S  d0
 11238   3511.875  -0.496413  -1.256935  1.000  0.168  0.500  S  d0
 11239   3512.188  +0.327276  -1.327633  1.000  0.168  0.500  S  d0
 11240   3512.500  +1.059377  -0.889894  1.000  0.168  0.500  S  d0
 11241   3512.812  +1.398146  -0.115391  1.000  0.168  0.500  S  d0
 11242   3513.125  +1.192414  +0.706984  1.000  0.168  0.500  S  d0
 11243   3513.438  +0.533211  +1.286988  1.000  0.168  0.500  S  d0
 11244   3513.750  -0.296825  +1.382675  1.000  0.168  0.500  S  d0
 11245   3514.062  -1.047919  +0.923843  1.000  0.168  0.500  S  d0
 11246   3514.375  -1.373834  +0.154543  1.000  0.168  0.500  S  d0
 11247   3514.688  -1.232251  -0.678305  1.000  0.168  0.500  S  d0
 11248   3515.000  -0.608188  -1.306177  1.000  0.168  0.500  S  d0
 11249   3515.312  +0.253279  -1.397803  1.000  0.168  0.500  S  d0
 11250   3515.625  +1.039961  -0.957270  1.000  0.215  0.500  S  d0
 11251   3515.938  +1.420247  -0.191194  1.000  0.215  0.500  S  d0
 11252   3516.250  +1.241487  +0.660807  1.000  0.215  0.500  S  d0
 11253   3516.562  +0.632630  +1.263979  1.000  0.215  0.500  S  d0
 11254   3516.875  -0.219579  +1.407789  1.000  0.215  0.500  S  d0
 11255   3517.188  -1.003168  +1.019507  1.000  0.215  0.500  S  d0
 11256   3517.500  -1.430200  +0.237929  1.000  0.215  0.500  S  d0
 11257   3517.812  -1.293590  -0.618812  1.000  0.215  0.500  S  d0
 11258   3518.125  -0.664509  -1.270597  1.000  0.215  0.500  S  d0
 11259   3518.438  +0.159210  -1.437163  1.000  0.215  0.500  S  d0
 11260   3518.750  +1.011430  -1.050973  1.000  0.215  0.500  S  d0
 11261   3519.062  +1.437794  -0.268456  1.000  0.215  0.500  S  d0
 11262   3519.375  +1.319890  +0.604304  1.000  0.230  0.500  S  d0
 11263   3519.688  +0.711417  +1.250784  1.000  0.230  0.500  S  d0
 11264   3520.000  -0.150767  +1.428769  1.000  0.230  0.500  S  d0
 11265   3520.312  -0.961459  +1.075446  1.000  0.230  0.500  S  d0
 11266   3520.625  -1.408724  +0.312239  1.000  0.230  0.500  S  d0
 11267   3520.938  -1.353785  -0.554477  1.000  0.230  0.500  S  d0
 11268   3521.250  -0.750030  -1.229009  1.000  0.230  0.500  S  d0
 11269   3521.562  +0.100339  -1.454978  1.000  0.230  0.500  S  d0
 11270   3521.875  +0.951026  -1.096050  1.000  0.230  0.500  S  d0
 11271   3522.188  +1.399507  -0.353451  1.000  0.230  0.500  S  d0
 11272   3522.500  +1.337104  +0.543654  1.000  0.230  0.500  S  d0
 11273   3522.812  +0.779842  +1.200012  1.000  0.230  0.500  S  d0
 11274   3523.125  -0.080193  +1.429401  1.000  0.209  0.500  S  d0
 11275   3523.438  -0.906733  +1.131314  1.000  0.209  0.500  S  d0
 11276   3523.750  -1.376409  +0.393362  1.000  0.209  0.500  S  d0
 11277   3524.062  -1.331296  -0.479454  1.000  0.209  0.500  S  d0
 11278   3524.375  -0.802664  -1.205065  1.000  0.209  0.500  S  d0
 11279   3524.688  +0.035718  -1.435935  1.000  0.209  0.500  S  d0
 11280   3525.000  +0.886118  -1.132152  1.000  0.209  0.500  S  d0
 11281   3525.312  +1.358371  -0.404889  1.000  0.209  0.500  S  d0
 11282   3525.625  +1.332103  +0.469092  1.000  0.209  0.500  S  d0
 11283   3525.938  +0.821569  +1.147925  1.000  0.209  0.500  S  d0
 11284   3526.250  -0.025856  +1.408713  1.000  0.209  0.500  S  d0
 11285   3526.562  -0.846712  +1.123840  1.000  0.209  0.500  S  d0
 11286   3526.875  -1.352867  +0.422899  1.000  0.160  0.500  S  d0
 11287   3527.188  -1.309942  -0.418713  1.000  0.160  0.500  S  d0
 11288   3527.500  -0.812924  -1.113062  1.000  0.160  0.500  S  d0
 11289   3527.812  -0.026629  -1.405231  1.000  0.160  0.500  S  d0
 11290   3528.125  +0.803190  -1.140520  1.000  0.160  0.500  S  d0
 11291   3528.438  +1.301199  -0.460971  1.000  0.160  0.500  S  d0
 11292   3528.750  +1.329380  +0.392818  1.000  0.160  0.500  S  d0
 11293   3529.062  +0.852236  +1.056475  1.000  0.160  0.500  S  d0
 11294   3529.375  +0.051125  +1.377821  1.000  0.160  0.500  S  d0
 11295   3529.688  -0.733589  +1.157184  1.000  0.160  0.500  S  d0
 11296   3530.000  -1.281327  +0.496322  1.000  0.160  0.500  S  d0
 11297   3530.312  -1.309682  -0.323336  1.000  0.160  0.500  S  d0
 11298   3530.625  -0.847491  -1.035377  1.000  0.107  0.500  S  d0
 11299   3530.938  -0.118925  -1.330494  1.000  0.107  0.500  S  d0
 11300   3531.250  +0.701603  -1.140397  1.000  0.107  0.500  S  d0
 11301   3531.562  +1.210076  -0.527618  1.000  0.107  0.500  S  d0
 11302   3531.875  +1.270305  +0.265539  1.000  0.107  0.500  S  d0
 11303   3532.188  +0.876120  +0.979503  1.000  0.107  0.500  S  d0
 11304   3532.500  +0.146232  +1.298335  1.000  0.107  0.500  S  d0
 11305   3532.812  -0.628072  +1.107358  1.000  0.107  0.500  S  d0
 11306   3533.125  -1.169463  +0.550927  1.000  0.107  0.500  S  d0
 11307   3533.438  -1.272746  -0.233206  1.000  0.107  0.500  S  d0
 11308   3533.750  -0.866234  -0.917818  1.000  0.107  0.500  S  d0
 11309   3534.062  -0.172247  -1.251404  1.000  0.107  0.500  S  d0
 11310   3534.375  +0.588039  -1.111322  1.000  0.075  0.500  S  d0
 11311   3534.688  +1.119856  -0.565517  1.000  0.075  0.500  S  d0
 11312   3535.000  +1.236935  +0.192749  1.000  0.075  0.500  S  d0
 11313   3535.312  +0.880817  +0.875143  1.000  0.075  0.500  S  d0
 11314   3535.625  +0.207970  +1.221318  1.000  0.075  0.500  S  d0
 11315   3535.938  -0.542169  +1.103524  1.000  0.075  0.500  S  d0
 11316   3536.250  -1.078746  +0.594083  1.000  0.075  0.500  S  d0
 11317   3536.562  -1.194884  -0.160449  1.000  0.075  0.500  S  d0
 11318   3536.875  -0.893551  -0.841897  1.000  0.075  0.500  S  d0
 11319   3537.188  -0.228305  -1.170702  1.000  0.075  0.500  S  d0
 11320   3537.500  +0.490400  -1.081608  1.000  0.075  0.500  S  d0
 11321   3537.812  +1.047004  -0.610349  1.000  0.075  0.500  S  d0
 11322   3538.125  +1.158747  +0.118750  1.000  0.084  0.500  S  d0
 11323   3538.438  +0.861033  +0.792050  1.000  0.084  0.500  S  d0
 11324   3538.750  +0.241640  +1.132718  1.000  0.084  0.500  S  d0
 11325   3539.062  -0.442860  +1.056893  1.000  0.084  0.500  S  d0
 11326   3539.375  -0.973560  +0.589616  1.000  0.084  0.500  S  d0
 11327   3539.688  -1.136517  -0.077773  1.000  0.084  0.500  S  d0
 11328   3540.000  -0.865249  -0.736041  1.000  0.084  0.500  S  d0
 11329   3540.312  -0.265802  -1.081325  1.000  0.084  0.500  S  d0
 11330   3540.625  +0.413079  -1.039903  1.000  0.084  0.500  S  d0
 11331   3540.938  +0.938687  -0.598709  1.000  0.084  0.500  S  d0
 11332   3541.250  +1.114568  +0.058924  1.000  0.084  0.500  S  d0
 11333   3541.562  +0.855287  +0.690190  1.000  0.084  0.500  S  d0
 11334   3541.875  +0.274989  +1.063741  1.000  0.128  0.500  S  d0
 11335   3542.188  -0.369316  +1.010717  1.000  0.128  0.500  S  d0
 11336   3542.500  -0.896908  +0.592932  1.000  0.128  0.500  S  d0
 11337   3542.812  -1.085163  -0.025049  1.000  0.128  0.500  S  d0
 11338   3543.125  -0.845870  -0.658627  1.000  0.128  0.500  S  d0
 11339   3543.438  -0.298260  -1.035479  1.000  0.128  0.500  S  d0
 11340   3543.750  +0.339141  -0.997980  1.000  0.128  0.500  S  d0
 11341   3544.062  +0.869435  -0.593129  1.000  0.128  0.500  S  d0
 11342   3544.375  +1.046537  +0.002546  1.000  0.128  0.500  S  d0
 11343   3544.688  +0.827952  +0.636876  1.000  0.128  0.500  S  d0
 11344   3545.000  +0.319236  +0.983507  1.000  0.128  0.500  S  d0
 11345   3545.312  -0.325670  +0.989727  1.000  0.128  0.500  S  d0
 11346   3545.625  -0.814731  +0.616925  1.000  0.183  0.500  S  d0
 11347   3545.938  -1.028144  +0.005030  1.000  0.183  0.500  S  d0
 11348   3546.250  -0.846149  -0.588199  1.000  0.183  0.500  S  d0
 11349   3546.562  -0.341795  -0.959124  1.000  0.183  0.500  S  d0
 11350   3546.875  +0.287146  -0.981292  1.000  0.183  0.500  S  d0
 11351   3547.188  +0.790461  -0.624839  1.000  0.183  0.500  S  d0
 11352   3547.500  +1.008347  -0.035868  1.000  0.183  0.500  S  d0
 11353   3547.812  +0.849165  +0.540289  1.000  0.183  0.500  S  d0
 11354   3548.125  +0.357485  +0.934272  1.000  0.183  0.500  S  d0
 11355   3548.438  -0.240986  +0.965557  1.000  0.183  0.500  S  d0
 11356   3548.750  -0.755366  +0.630987  1.000  0.183  0.500  S  d0
 11357   3549.062  -0.982561  +0.072047  1.000  0.183  0.500  S  d0
 11358   3549.375  -0.843555  -0.497020  1.000  0.221  0.500  S  d0
 11359   3549.688  -0.385090  -0.912150  1.000  0.221  0.500  S  d0
 11360   3550.000  +0.199156  -0.955335  1.000  0.221  0.500  S  d0
 11361   3550.312  +0.718786  -0.639711  1.000  0.221  0.500  S  d0
 11362   3550.625  +0.951672  -0.105236  1.000  0.221  0.500  S  d0
 11363   3550.938  +0.856322  +0.481156  1.000  0.221  0.500  S  d0
 11364   3551.250  +0.410226  +0.873704  1.000  0.221  0.500  S  d0
 11365   3551.562  -0.170773  +0.943105  1.000  0.221  0.500  S  d0
 11366   3551.875  -0.694855  +0.660437  1.000  0.221  0.500  S  d0
 11367   3552.188  -0.956410  +0.130387  1.000  0.221  0.500  S  d0
 11368   3552.500  -0.848613  -0.443054  1.000  0.221  0.500  S  d0
 11369   3552.812  -0.426191  -0.851907  1.000  0.221  0.500  S  d0
 11370   3553.125  +0.146639  -0.951854  1.000  0.230  0.500  S  d0
 11371   3553.438  +0.666462  -0.679847  1.000  0.230  0.500  S  d0
 11372   3553.750  +0.959355  -0.157632  1.000  0.230  0.500  S  d0
 11373   3554.062  +0.863195  +0.412846  1.000  0.230  0.500  S  d0
 11374   3554.375  +0.446657  +0.846970  1.000  0.230  0.500  S  d0
 11375   3554.688  -0.118880  +0.958456  1.000  0.230  0.500  S  d0
 11376   3555.000  -0.663022  +0.694112  1.000  0.230  0.500  S  d0
 11377   3555.312  -0.943478  +0.182805  1.000  0.230  0.500  S  d0
 11378   3555.625  -0.871837  -0.399616  1.000  0.230  0.500  S  d0
 11379   3555.938  -0.486603  -0.832821  1.000  0.230  0.500  S  d0
 11380   3556.250  +0.096599  -0.961315  1.000  0.230  0.500  S  d0
 11381   3556.562  +0.657802  -0.716617  1.000  0.230  0.500  S  d0
 11382   3556.875  +0.949532  -0.207859  1.000  0.204  0.500  S  d0
 11383   3557.188  +0.884341  +0.380202  1.000  0.204  0.500  S  d0
 11384   3557.500  +0.497445  +0.826988  1.000  0.204  0.500  S  d0
 11385   3557.812  -0.080026  +0.988862  1.000  0.204  0.500  S  d0
 11386   3558.125  -0.633185  +0.739407  1.000  0.204  0.500  S  d0
 11387   3558.438  -0.966836  +0.230274  1.000  0.204  0.500  S  d0
 11388   3558.750  -0.904573  -0.363939  1.000  0.204  0.500  S  d0
 11389   3559.062  -0.524033  -0.826886  1.000  0.204  0.500  S  d0
 11390   3559.375  +0.056114  -0.992156  1.000  0.204  0.500  S  d0
 11391   3559.688  +0.637605  -0.784834  1.000  0.204  0.500  S  d0
 11392   3560.000  +0.972733  -0.257408  1.000  0.204  0.500  S  d0
 11393   3560.312  +0.934999  +0.345970  1.000  0.204  0.500  S  d0
 11394   3560.625  +0.544148  +0.835069  1.000  0.151  0.500  S  d0
 11395   3560.938  -0.020814  +1.007547  1.000  0.151  0.500  S  d0
 11396   3561.250  -0.627526  +0.796621  1.000  0.151  0.500  S  d0
 11397   3561.562  -0.986960  +0.290600  1.000  0.151  0.500  S  d0
 11398   3561.875  -0.969280  -0.350746  1.000  0.151  0.500  S  d0
 11399   3562.188  -0.587608  -0.831967  1.000  0.151  0.500  S  d0
 11400   3562.500  +0.020709  -1.014359  1.000  0.151  0.500  S  d0
 11401   3562.812  +0.620399  -0.825121  1.000  0.151  0.500  S  d0
 11402   3563.125  +0.991265  -0.303709  1.000  0.151  0.500  S  d0
 11403   3563.438  +0.987315  +0.319014  1.000  0.151  0.500  S  d0
 11404   3563.750  +0.628801  +0.848641  1.000  0.151  0.500  S  d0
 11405   3564.062  +0.017692  +1.054821  1.000  0.151  0.500  S  d0
 11406   3564.375  -0.616065  +0.872353  1.000  0.096  0.500  S  d0
 11407   3564.688  -1.008174  +0.356157  1.000  0.096  0.500  S  d0
 11408   3565.000  -1.023346  -0.296012  1.000  0.096  0.500  S  d0
 11409   3565.312  -0.677948  -0.868140  1.000  0.096  0.500  S  d0
 11410   3565.625  -0.051455  -1.094053  1.000  0.096  0.500  S  d0
 11411   3565.938  +0.598396  -0.912381  1.000  0.096  0.500  S  d0
 11412   3566.250  +1.028377  -0.406157  1.000  0.096  0.500  S  d0
 11413   3566.562  +1.076724  +0.274859  1.000  0.096  0.500  S  d0
 11414   3566.875  +0.706839  +0.846704  1.000  0.096  0.500  S  d0
 11415   3567.188  +0.086662  +1.126553  1.000  0.096  0.500  S  d0
 11416   3567.500  -0.584603  +0.966900  1.000  0.096  0.500  S  d0
 11417   3567.812  -1.041490  +0.459518  1.000  0.096  0.500  S  d0
 11418   3568.125  -1.114791  -0.250376  1.000  0.064  0.500  S  d0
 11419   3568.438  -0.760529  -0.852300  1.000  0.064  0.500  S  d0
 11420   3568.750  -0.114642  -1.154486  1.000  0.064  0.500  S  d0
 11421   3569.062  +0.567382  -1.012698  1.000  0.064  0.500  S  d0
 11422   3569.375  +1.072675  -0.489821  1.000  0.064  0.500  S  d0
 11423   3569.688  +1.139751  +0.218661  1.000  0.064  0.500  S  d0
 11424   3570.000  +0.820413  +0.874663  1.000  0.064  0.500  S  d0
 11425   3570.312  +0.148771  +1.162335  1.000  0.064  0.500  S  d0
 11426   3570.625  -0.558464  +1.048793  1.000  0.064  0.500  S  d0
 11427   3570.938  -1.083739  +0.548011  1.000  0.064  0.500  S  d0
 11428   3571.250  -1.198874  -0.184049  1.000  0.064  0.500  S  d0
 11429   3571.562  -0.860279  -0.864478  1.000  0.064  0.500  S  d0
 11430   3571.875  -0.197802  -1.216013  1.000  0.078  0.500  S  d0
 11431   3572.188  +0.551577  -1.116858  1.000  0.078  0.500  S  d0
 11432   3572.500  +1.103696  -0.585790  1.000  0.078  0.500  S  d0
 11433   3572.812  +1.258346  +0.161965  1.000  0.078  0.500  S  d0
 11434   3573.125  +0.883145  +0.861044  1.000  0.078  0.500  S  d0
 11435   3573.438  +0.231187  +1.252948  1.000  0.078  0.500  S  d0
 11436   3573.750  -0.530124  +1.162659  1.000  0.078  0.500  S  d0
 11437   3574.062  -1.116394  +0.632778  1.000  0.078  0.500  S  d0
 11438   3574.375  -1.258933  -0.128081  1.000  0.078  0.500  S  d0
 11439   3574.688  -0.946726  -0.870314  1.000  0.078  0.500  S  d0
 11440   3575.000  -0.284977  -1.284703  1.000  0.078  0.500  S  d0
 11441   3575.312  +0.516941  -1.195749  1.000  0.078  0.500  S  d0
 11442   3575.625  +1.125538  -0.656479  1.000  0.126  0.500  S  d0
 11443   3575.938  +1.294900  +0.105149  1.000  0.126  0.500  S  d0
 11444   3576.250  +0.989836  +0.860449  1.000  0.126  0.500  S  d0
 11445   3576.562  +0.323880  +1.290663  1.000  0.126  0.500  S  d0
 11446   3576.875  -0.503685  +1.226166  1.000  0.126  0.500  S  d0
 11447   3577.188  -1.122729  +0.710835  1.000  0.126  0.500  S  d0
 11448   3577.500  -1.350157  -0.084693  1.000  0.126  0.500  S  d0
 11449   3577.812  -1.016661  -0.848312  1.000  0.126  0.500  S  d0
 11450   3578.125  -0.348898  -1.307757  1.000  0.126  0.500  S  d0
 11451   3578.438  +0.476242  -1.271226  1.000  0.126  0.500  S  d0
 11452   3578.750  +1.130861  -0.761406  1.000  0.126  0.500  S  d0
 11453   3579.062  +1.357619  +0.054497  1.000  0.126  0.500  S  d0
 11454   3579.375  +1.088851  +0.860153  1.000  0.182  0.500  S  d0
 11455   3579.688  +0.386871  +1.323480  1.000  0.182  0.500  S  d0
 11456   3580.000  -0.465797  +1.286984  1.000  0.182  0.500  S  d0
 11457   3580.312  -1.151019  +0.808062  1.000  0.182  0.500  S  d0
 11458   3580.625  -1.394646  -0.029762  1.000  0.182  0.500  S  d0
 11459   3580.938  -1.125326  -0.828121  1.000  0.182  0.500  S  d0
 11460   3581.250  -0.410942  -1.323065  1.000  0.182  0.500  S  d0
 11461   3581.562  +0.449175  -1.349192  1.000  0.182  0.500  S  d0
 11462   3581.875  +1.154687  -0.828676  1.000  0.182  0.500  S  d0
 11463   3582.188  +1.430657  -0.006475  1.000  0.182  0.500  S  d0
 11464   3582.500  +1.159883  +0.816435  1.000  0.182  0.500  S  d0
 11465   3582.812  +0.448544  +1.321555  1.000  0.182  0.500  S  d0
 11466   3583.125  -0.405486  +1.364081  1.000  0.222  0.500  S  d0
 11467   3583.438  -1.126571  +0.886819  1.000  0.222  0.500  S  d0
 11468   3583.750  -1.422446  +0.054573  1.000  0.222  0.500  S  d0
 11469   3584.062  -1.205166  -0.771426  1.000  0.222  0.500  S  d0
 11470   3584.375  -0.509405  -1.361664  1.000  0.222  0.500  S  d0
 11471   3584.688  +0.357663  -1.392093  1.000  0.222  0.500  S  d0
 11472   3585.000  +1.106729  -0.912704  1.000  0.222  0.500  S  d0
 11473   3585.312  +1.422317  -0.094665  1.000  0.222  0.500  S  d0
 11474   3585.625  +1.225780  +0.752583  1.000  0.222  0.500  S  d0
 11475   3585.938  +0.549957  +1.331343  1.000  0.222  0.500  S  d0
 11476   3586.250  -0.305832  +1.407910  1.000  0.222  0.500  S  d0
 11477   3586.562  -1.073225  +0.955299  1.000  0.222  0.500  S  d0
 11478   3586.875  -1.421963  +0.147353  1.000  0.227  0.500  S  d0
 11479   3587.188  -1.246685  -0.709553  1.000  0.227  0.500  S  d0
 11480   3587.500  -0.598627  -1.310040  1.000  0.227  0.500  S  d0
 11481   3587.812  +0.266968  -1.436899  1.000  0.227  0.500  S  d0
 11482   3588.125  +1.036700  -0.986556  1.000  0.227  0.500  S  d0
 11483   3588.438  +1.436267  -0.169090  1.000  0.227  0.500  S  d0
 11484   3588.750  +1.292348  +0.665901  1.000  0.227  0.500  S  d0
 11485   3589.062  +0.626611  +1.278867  1.000  0.227  0.500  S  d0
 11486   3589.375  -0.252034  +1.433690  1.000  0.227  0.500  S  d0
 11487   3589.688  -1.026082  +1.013759  1.000  0.227  0.500  S  d0
 11488   3590.000  -1.417829  +0.226396  1.000  0.227  0.500  S  d0
 11489   3590.312  -1.278103  -0.641212  1.000  0.227  0.500  S  d0
 11490   3590.625  -0.679021  -1.259296  1.000  0.198  0.500  S  d0
 11491   3590.938  +0.199494  -1.419328  1.000  0.198  0.500  S  d0
 11492   3591.250  +0.991436  -1.047621  1.000  0.198  0.500  S  d0
 11493   3591.562  +1.408247  -0.264271  1.000  0.198  0.500  S  d0
 11494   3591.875  +1.294933  +0.596651  1.000  0.198  0.500  S  d0
 11495   3592.188  +0.697824  +1.259289  1.000  0.198  0.500  S  d0
 11496   3592.500  -0.150992  +1.416107  1.000  0.198  0.500  S  d0
 11497   3592.812  -0.948751  +1.026076  1.000  0.198  0.500  S  d0
 11498   3593.125  -1.384893  +0.301193  1.000  0.198  0.500  S  d0
 11499   3593.438  -1.308853  -0.542139  1.000  0.198  0.500  S  d0
 11500   3593.750  -0.708252  -1.218200  1.000  0.198  0.500  S  d0
 11501   3594.062  +0.131890  -1.404700  1.000  0.198  0.500  S  d0
 11502   3594.375  +0.912574  -1.048115  1.000  0.144  0.500  S  d0
 11503   3594.688  +1.343900  -0.316658  1.000  0.144  0.500  S  d0
 11504   3595.000  +1.271378  +0.525701  1.000  0.144  0.500  S  d0
 11505   3595.312  +0.725055  +1.164166  1.000  0.144  0.500  S  d0
 11506   3595.625  -0.072990  +1.365799  1.000  0.144  0.500  S  d0
 11507   3595.938  -0.864095  +1.050562  1.000  0.144  0.500  S  d0
 11508   3596.250  -1.315116  +0.350811  1.000  0.144  0.500  S  d0
 11509   3596.562  -1.281412  -0.474834  1.000  0.144  0.500  S  d0
 11510   3596.875  -0.755496  -1.128679  1.000  0.144  0.500  S  d0
 11511   3597.188  +0.060094  -1.368596  1.000  0.144  0.500  S  d0
 11512   3597.500  +0.832979  -1.064010  1.000  0.144  0.500  S  d0
 11513   3597.812  +1.269277  -0.358210  1.000  0.144  0.500  S  d0
 11514   3598.125  +1.268098  +0.459044  1.000  0.087  0.500  S  d0
 11515   3598.438  +0.760381  +1.103686  1.000  0.087  0.500  S  d0
 11516   3598.750  -0.009895  +1.309713  1.000  0.087  0.500  S  d0
 11517   3599.062  -0.782406  +1.046469  1.000  0.087  0.500  S  d0
 11518   3599.375  -1.255775  +0.396544  1.000  0.087  0.500  S  d0
 11519   3599.688  -1.225561  -0.402237  1.000  0.087  0.500  S  d0
 11520   3600.000  -0.776248  -1.058740  1.000  0.087  0.500  S  d0
 11521   3600.312  -0.009517  -1.296167  1.000  0.087  0.500  S  d0
 11522   3600.625  +0.734394  -1.055266  1.000  0.087  0.500  S  d0
 11523   3600.938  +1.189725  -0.413509  1.000  0.087  0.500  S  d0
 11524   3601.250  +1.221546  +0.364547  1.000  0.087  0.500  S  d0
 11525   3601.562  +0.776637  +0.998186  1.000  0.087  0.500  S  d0
 11526   3601.875  +0.054121  +1.236532  1.000  0.059  0.500  S  d0
 11527   3602.188  -0.693296  +1.046854  1.000  0.059  0.500  S  d0
 11528   3602.500  -1.144855  +0.451206  1.000  0.059  0.500  S  d0
 11529   3602.812  -1.197183  -0.313998  1.000  0.059  0.500  S  d0
 11530   3603.125  -0.787449  -0.940459  1.000  0.059  0.500  S  d0
 11531   3603.438  -0.080390  -1.216850  1.000  0.059  0.500  S  d0
 11532   3603.750  +0.628337  -1.037567  1.000  0.059  0.500  S  d0
 11533   3604.062  +1.124935  -0.471087  1.000  0.059  0.500  S  d0
 11534   3604.375  +1.165392  +0.278004  1.000  0.059  0.500  S  d0
 11535   3604.688  +0.792480  +0.893417  1.000  0.059  0.500  S  d0
 11536   3605.000  +0.116161  +1.182372  1.000  0.059  0.500  S  d0
 11537   3605.312  -0.575568  +1.009569  1.000  0.059  0.500  S  d0
 11538   3605.625  -1.076139  +0.486831  1.000  0.075  0.500  S  d0
 11539   3605.938  -1.160221  -0.211934  1.000  0.075  0.500  S  d0
 11540   3606.250  -0.787206  -0.840134  1.000  0.075  0.500  S  d0
 11541   3606.562  -0.131349  -1.156284  1.000  0.075  0.500  S  d0
 11542   3606.875  +0.522081  -1.003082  1.000  0.075  0.500  S  d0
 11543   3607.188  +1.005361  -0.497038  1.000  0.075  0.500  S  d0
 11544   3607.500  +1.116425  +0.176569  1.000  0.075  0.500  S  d0
 11545   3607.812  +0.800517  +0.803238  1.000  0.075  0.500  S  d0
 11546   3608.125  +0.194016  +1.110017  1.000  0.075  0.500  S  d0
 11547   3608.438  -0.481273  +0.983066  1.000  0.075  0.500  S  d0
 11548   3608.750  -0.985529  +0.498135  1.000  0.075  0.500  S  d0
 11549   3609.062  -1.084970  -0.147482  1.000  0.075  0.500  S  d0
 11550   3609.375  -0.782267  -0.750728  1.000  0.125  0.500  S  d0
 11551   3609.688  -0.200454  -1.058712  1.000  0.125  0.500  S  d0
 11552   3610.000  +0.454745  -0.971904  1.000  0.125  0.500  S  d0
 11553   3610.312  +0.910084  -0.514084  1.000  0.125  0.500  S  d0
 11554   3610.625  +1.052477  +0.111288  1.000  0.125  0.500  S  d0
 11555   3610.938  +0.782864  +0.707533  1.000  0.125  0.500  S  d0
 11556   3611.250  +0.209697  +1.028091  1.000  0.125  0.500  S  d0
 11557   3611.562  -0.416076  +0.961654  1.000  0.125  0.500  S  d0
 11558   3611.875  -0.903901  +0.531184  1.000  0.125  0.500  S  d0
 11559   3612.188  -1.007889  -0.087558  1.000  0.125  0.500  S  d0
 11560   3612.500  -0.758726  -0.668421  1.000  0.125  0.500  S  d0
 11561   3612.812  -0.237336  -0.995566  1.000  0.125  0.500  S  d0
 11562   3613.125  +0.385519  -0.949707  1.000  0.184  0.500  S  d0
 11563   3613.438  +0.865804  -0.541709  1.000  0.184  0.500  S  d0
 11564   3613.750  +0.995422  +0.062241  1.000  0.184  0.500  S  d0
 11565   3614.062  +0.771371  +0.627886  1.000  0.184  0.500  S  d0
 11566   3614.375  +0.251903  +0.966711  1.000  0.184  0.500  S  d0
 11567   3614.688  -0.354846  +0.950130  1.000  0.184  0.500  S  d0
 11568   3615.000  -0.837655  +0.549357  1.000  0.184  0.500  S  d0
 11569   3615.312  -0.988048  -0.032532  1.000  0.184  0.500  S  d0
 11570   3615.625  -0.771102  -0.609397  1.000  0.184  0.500  S  d0
 11571   3615.938  -0.281375  -0.947946  1.000  0.184  0.500  S  d0
 11572   3616.250  +0.323330  -0.938031  1.000  0.184  0.500  S  d0
 11573   3616.562  +0.816429  -0.563909  1.000  0.184  0.500  S  d0
 11574   3616.875  +0.979884  +0.002370  1.000  0.222  0.500  S  d0
 11575   3617.188  +0.774541  +0.588982  1.000  0.222  0.500  S  d0
 11576   3617.500  +0.299898  +0.944764  1.000  0.222  0.500  S  d0
 11577   3617.812  -0.300716  +0.926153  1.000  0.222  0.500  S  d0
 11578   3618.125  -0.787002  +0.579552  1.000  0.222  0.500  S  d0
 11579   3618.438  -0.969579  -0.000368  1.000  0.222  0.500  S  d0
 11580   3618.750  -0.778022  -0.568893  1.000  0.222  0.500  S  d0
 11581   3619.062  -0.309603  -0.915447  1.000  0.222  0.500  S  d0
 11582   3619.375  +0.277240  -0.919225  1.000  0.222  0.500  S  d0
 11583   3619.688  +0.760228  -0.572189  1.000  0.222  0.500  S  d0
 11584   3620.000  +0.962643  -0.025044  1.000  0.222  0.500  S  d0
 11585   3620.312  +0.794890  +0.531871  1.000  0.222  0.500  S  d0
 11586   3620.625  +0.330188  +0.889693  1.000  0.227  0.500  S  d0
 11587   3620.938  -0.259256  +0.931099  1.000  0.227  0.500  S  d0
 11588   3621.250  -0.734286  +0.595632  1.000  0.227  0.500  S  d0
 11589   3621.562  -0.951011  +0.053367  1.000  0.227  0.500  S  d0
 11590   3621.875  -0.815528  -0.514508  1.000  0.227  0.500  S  d0
 11591   3622.188  -0.363446  -0.890459  1.000  0.227  0.500  S  d0
 11592   3622.500  +0.225713  -0.933735  1.000  0.227  0.500  S  d0
 11593   3622.812  +0.725675  -0.623898  1.000  0.227  0.500  S  d0
 11594   3623.125  +0.970253  -0.077918  1.000  0.227  0.500  S  d0
 11595   3623.438  +0.840298  +0.494242  1.000  0.227  0.500  S  d0
 11596   3623.750  +0.385554  +0.889448  1.000  0.227  0.500  S  d0
 11597   3624.062  -0.183844  +0.948474  1.000  0.227  0.500  S  d0
 11598   3624.375  -0.711325  +0.654267  1.000  0.196  0.500  S  d0
 11599   3624.688  -0.979814  +0.116310  1.000  0.196  0.500  S  d0
 11600   3625.000  -0.884066  -0.477777  1.000  0.196  0.500  S  d0
 11601   3625.312  -0.422493  -0.888306  1.000  0.196  0.500  S  d0
 11602   3625.625  +0.176230  -0.967442  1.000  0.196  0.500  S  d0
 11603   3625.938  +0.712295  -0.690762  1.000  0.196  0.500  S  d0
 11604   3626.250  +0.979625  -0.145017  1.000  0.196  0.500  S  d0
 11605   3626.562  +0.882333  +0.449445  1.000  0.196  0.500  S  d0
 11606   3626.875  +0.455376  +0.891652  1.000  0.196  0.500  S  d0
 11607   3627.188  -0.144402  +0.998292  1.000  0.196  0.500  S  d0
 11608   3627.500  -0.703676  +0.721298  1.000  0.196  0.500  S  d0
 11609   3627.812  -0.998495  +0.184261  1.000  0.196  0.500  S  d0
 11610   3628.125  -0.913910  -0.438176  1.000  0.138  0.500  S  d0
 11611   3628.438  -0.482285  -0.901124  1.000  0.138  0.500  S  d0
 11612   3628.750  +0.126076  -1.026727  1.000  0.138  0.500  S  d0
 11613   3629.062  +0.706498  -0.758144  1.000  0.138  0.500  S  d0
 11614   3629.375  +1.002216  -0.203267  1.000  0.138  0.500  S  d0
 11615   3629.688  +0.951796  +0.428427  1.000  0.138  0.500  S  d0
 11616   3630.000  +0.539028  +0.922176  1.000  0.138  0.500  S  d0
 11617   3630.312  -0.100741  +1.031974  1.000  0.138  0.500  S  d0
 11618   3630.625  -0.699097  +0.779514  1.000  0.138  0.500  S  d0
 11619   3630.938  -1.048300  +0.226361  1.000  0.138  0.500  S  d0
 11620   3631.250  -0.992165  -0.412902  1.000  0.138  0.500  S  d0
 11621   3631.562  -0.546325  -0.909704  1.000  0.138  0.500  S  d0
 11622   3631.875  +0.072067  -1.060254  1.000  0.082  0.500  S  d0
 11623   3632.188  +0.690668  -0.822227  1.000  0.082  0.500  S  d0
 11624   3632.500  +1.033429  -0.269593  1.000  0.082  0.500  S  d0
 11625   3632.812  +1.027322  +0.396862  1.000  0.082  0.500  S  d0
 11626   3633.125  +0.629301  +0.929611  1.000  0.082  0.500  S  d0
 11627   3633.438  -0.050156  +1.110863  1.000  0.082  0.500  S  d0
 11628   3633.750  -0.704042  +0.867269  1.000  0.082  0.500  S  d0
 11629   3634.062  -1.079412  +0.306299  1.000  0.082  0.500  S  d0
 11630   3634.375  -1.072047  -0.403691  1.000  0.082  0.500  S  d0
 11631   3634.688  -0.640017  -0.947411  1.000  0.082  0.500  S  d0
 11632   3635.000  +0.033171  -1.126881  1.000  0.082  0.500  S  d0
 11633   3635.312  +0.699566  -0.917182  1.000  0.082  0.500  S  d0
 11634   3635.625  +1.112281  -0.344361  1.000  0.056  0.500  S  d0
 11635   3635.938  +1.108396  +0.379761  1.000  0.056  0.500  S  d0
 11636   3636.250  +0.668561  +0.954035  1.000  0.056  0.500  S  d0
 11637   3636.562  -0.012415  +1.176633  1.000  0.056  0.500  S  d0
 11638   3636.875  -0.702841  +0.950974  1.000  0.056  0.500  S  d0
 11639   3637.188  -1.135603  +0.362295  1.000  0.056  0.500  S  d0
 11640   3637.500  -1.135918  -0.355594  1.000  0.056  0.500  S  d0
 11641   3637.812  -0.712892  -0.953852  1.000  0.056  0.500  S  d0
 11642   3638.125  -0.008753  -1.192150  1.000  0.056  0.500  S  d0
 11643   3638.438  +0.687343  -1.023161  1.000  0.056  0.500  S  d0
 11644   3638.750  +1.166711  -0.414302  1.000  0.056  0.500  S  d0
 11645   3639.062  +1.185319  +0.341634  1.000  0.056  0.500  S  d0
 11646   3639.375  +0.749411  +0.954343  1.000  0.076  0.500  S  d0
 11647   3639.688  +0.058045  +1.232490  1.000  0.076  0.500  S  d0
 11648   3640.000  -0.672574  +1.062149  1.000  0.076  0.500  S  d0
 11649   3640.312  -1.195942  +0.468957  1.000  0.076  0.500  S  d0
 11650   3640.625  -1.246024  -0.297279  1.000  0.076  0.500  S  d0
 11651   3640.938  -0.809525  -0.985260  1.000  0.076  0.500  S  d0
 11652   3641.250  -0.092078  -1.275470  1.000  0.076  0.500  S  d0
 11653   3641.562  +0.681830  -1.113017  1.000  0.076  0.500  S  d0
 11654   3641.875  +1.198152  -0.515618  1.000  0.076  0.500  S  d0
 11655   3642.188  +1.278882  +0.278918  1.000  0.076  0.500  S  d0
 11656   3642.500  +0.867628  +0.977489  1.000  0.076  0.500  S  d0
 11657   3642.812  +0.139598  +1.306917  1.000  0.076  0.500  S  d0
 11658   3643.125  -0.661520  +1.155073  1.000  0.131  0.500  S  d0
 11659   3643.438  -1.203458  +0.559164  1.000  0.131  0.500  S  d0
 11660   3643.750  -1.302100  -0.233337  1.000  0.131  0.500  S  d0
 11661   3644.062  -0.917859  -0.952499  1.000  0.131  0.500  S  d0
 11662   3644.375  -0.189179  -1.334372  1.000  0.131  0.500  S  d0
 11663   3644.688  +0.624815  -1.203841  1.000  0.131  0.500  S  d0
 11664   3645.000  +1.230701  -0.621542  1.000  0.131  0.500  S  d0
 11665   3645.312  +1.328090  +0.211535  1.000  0.131  0.500  S  d0
 11666   3645.625  +0.975196  +0.965020  1.000  0.131  0.500  S  d0
 11667   3645.938  +0.216656  +1.350760  1.000  0.131  0.500  S  d0
 11668   3646.250  -0.628527  +1.221624  1.000  0.131  0.500  S  d0
 11669   3646.562  -1.214609  +0.650321  1.000  0.131  0.500  S  d0
 11670   3646.875  -1.367115  -0.182520  1.000  0.189  0.500  S  d0
 11671   3647.188  -0.998209  -0.941780  1.000  0.189  0.500  S  d0
 11672   3647.500  -0.258603  -1.353554  1.000  0.189  0.500  S  d0
 11673   3647.812  +0.575664  -1.254970  1.000  0.189  0.500  S  d0
 11674   3648.125  +1.220482  -0.685393  1.000  0.189  0.500  S  d0
 11675   3648.438  +1.396419  +0.144337  1.000  0.189  0.500  S  d0
 11676   3648.750  +1.054511  +0.928697  1.000  0.189  0.500  S  d0
 11677   3649.062  +0.292654  +1.352150  1.000  0.189  0.500  S  d0
 11678   3649.375  -0.549908  +1.294933  1.000  0.189  0.500  S  d0
 11679   3649.688  -1.218029  +0.726442  1.000  0.189  0.500  S  d0
 11680   3650.000  -1.433388  -0.110355  1.000  0.189  0.500  S  d0
 11681   3650.312  -1.072515  -0.930558  1.000  0.189  0.500  S  d0
 11682   3650.625  -0.332640  -1.373582  1.000  0.225  0.500  S  d0
 11683   3650.938  +0.536677  -1.307550  1.000  0.225  0.500  S  d0
 11684   3651.250  +1.199191  -0.770675  1.000  0.225  0.500  S  d0
 11685   3651.562  +1.452545  +0.086538  1.000  0.225  0.500  S  d0
 11686   3651.875  +1.112408  +0.913254  1.000  0.225  0.500  S  d0
 11687   3652.188  +0.373478  +1.388549  1.000  0.225  0.500  S  d0
 11688   3652.500  -0.509685  +1.340598  1.000  0.225  0.500  S  d0
 11689   3652.812  -1.202929  +0.800867  1.000  0.225  0.500  S  d0
 11690   3653.125  -1.461787  -0.044981  1.000  0.225  0.500  S  d0
 11691   3653.438  -1.160011  -0.894247  1.000  0.225  0.500  S  d0
 11692   3653.750  -0.389361  -1.394203  1.000  0.225  0.500  S  d0
 11693   3654.062  +0.479881  -1.374265  1.000  0.225  0.500  S  d0
 11694   3654.375  +1.209165  -0.828981  1.000  0.226  0.500  S  d0
 11695   3654.688  +1.446260  +0.020955  1.000  0.226  0.500  S  d0
 11696   3655.000  +1.140609  +0.865025  1.000  0.226  0.500  S  d0
 11697   3655.312  +0.437475  +1.391367  1.000  0.226  0.500  S  d0
 11698   3655.625  -0.450211  +1.370723  1.000  0.226  0.500  S  d0
 11699   3655.938  -1.161464  +0.854644  1.000  0.226  0.500  S  d0
 11700   3656.250  -1.427649  +0.010345  1.000  0.226  0.500  S  d0
 11701   3656.562  -1.192839  -0.831539  1.000  0.226  0.500  S  d0
 11702   3656.875  -0.472155  -1.359168  1.000  0.226  0.500  S  d0
 11703   3657.188  +0.394823  -1.374639  1.000  0.226  0.500  S  d0
 11704   3657.500  +1.131795  -0.876428  1.000  0.226  0.500  S  d0
 11705   3657.812  +1.444553  -0.054484  1.000  0.226  0.500  S  d0
 11706   3658.125  +1.185543  +0.780226  1.000  0.193  0.500  S  d0
 11707   3658.438  +0.498929  +1.316284  1.000  0.193  0.500  S  d0
 11708   3658.750  -0.331756  +1.382994  1.000  0.193  0.500  S  d0
 11709   3659.062  -1.107643  +0.909985  1.000  0.193  0.500  S  d0
 11710   3659.375  -1.407844  +0.110676  1.000  0.193  0.500  S  d0
 11711   3659.688  -1.205640  -0.732426  1.000  0.193  0.500  S  d0
 11712   3660.000  -0.562762  -1.316272  1.000  0.193  0.500  S  d0
 11713   3660.312  +0.309924  -1.374985  1.000  0.193  0.500  S  d0
 11714   3660.625  +1.057755  -0.930260  1.000  0.193  0.500  S  d0
 11715   3660.938  +1.395904  -0.130390  1.000  0.193  0.500  S  d0
 11716   3661.250  +1.214436  +0.688455  1.000  0.193  0.500  S  d0
 11717   3661.562  +0.570726  +1.265137  1.000  0.193  0.500  S  d0
 11718   3661.875  -0.253600  +1.357813  1.000  0.138  0.500  S  d0
 11719   3662.188  -1.010581  +0.940659  1.000  0.138  0.500  S  d0
 11720   3662.500  -1.362290  +0.178713  1.000  0.138  0.500  S  d0
 11721   3662.812  -1.228918  -0.646928  1.000  0.138  0.500  S  d0
 11722   3663.125  -0.594967  -1.210738  1.000  0.138  0.500  S  d0
 11723   3663.438  +0.209109  -1.362880  1.000  0.138  0.500  S  d0
 11724   3663.750  +0.982441  -0.952278  1.000  0.138  0.500  S  d0
 11725   3664.062  +1.351789  -0.190452  1.000  0.138  0.500  S  d0
 11726   3664.375  +1.196685  +0.603695  1.000  0.138  0.500  S  d0
 11727   3664.688  +0.619519  +1.170596  1.000  0.138  0.500  S  d0
 11728   3665.000  -0.175720  +1.294454  1.000  0.138  0.500  S  d0
 11729   3665.312  -0.930602  +0.970520  1.000  0.138  0.500  S  d0
 11730   3665.625  -1.308515  +0.263948  1.000  0.087  0.500  S  d0
 11731   3665.938  -1.195282  -0.546862  1.000  0.087  0.500  S  d0
 11732   3666.250  -0.637631  -1.134341  1.000  0.087  0.500  S  d0
 11733   3666.562  +0.153332  -1.307677  1.000  0.087  0.500  S  d0
 11734   3666.875  +0.882211  -0.973292  1.000  0.087  0.500  S  d0
 11735   3667.188  +1.246590  -0.259458  1.000  0.087  0.500  S  d0
 11736   3667.500  +1.193108  +0.512259  1.000  0.087  0.500  S  d0
 11737   3667.812  +0.635831  +1.077940  1.000  0.087  0.500  S  d0
 11738   3668.125  -0.111415  +1.261942  1.000  0.087  0.500  S  d0
 11739   3668.438  -0.823001  +0.941436  1.000  0.087  0.500  S  d0
 11740   3668.750  -1.236490  +0.300304  1.000  0.087  0.500  S  d0
 11741   3669.062  -1.155261  -0.458159  1.000  0.087  0.500  S  d0
 11742   3669.375  -0.651437  -1.025263  1.000  0.062  0.500  S  d0
 11743   3669.688  +0.083561  -1.228811  1.000  0.062  0.500  S  d0
 11744   3670.000  +0.792005  -0.964627  1.000  0.062  0.500  S  d0
 11745   3670.312  +1.186016  -0.313071  1.000  0.062  0.500  S  d0
 11746   3670.625  +1.121315  +0.432066  1.000  0.062  0.500  S  d0
 11747   3670.938  +0.655051  +1.011183  1.000  0.062  0.500  S  d0
 11748   3671.250  -0.027242  +1.191512  1.000  0.062  0.500  S  d0
 11749   3671.562  -0.737858  +0.930105  1.000  0.062  0.500  S  d0
 11750   3671.875  -1.137727  +0.330904  1.000  0.062  0.500  S  d0
 11751   3672.188  -1.127131  -0.404193  1.000  0.062  0.500  S  d0
 11752   3672.500  -0.664219  -0.958782  1.000  0.062  0.500  S  d0
 11753   3672.812  +0.025825  -1.158386  1.000  0.062  0.500  S  d0
 11754   3673.125  +0.691789  -0.918473  1.000  0.083  0.500  S  d0
 11755   3673.438  +1.087928  -0.327790  1.000  0.083  0.500  S  d0
 11756   3673.750  +1.094464  +0.350631  1.000  0.083  0.500  S  d0
 11757   3674.062  +0.661499  +0.917133  1.000  0.083  0.500  S  d0
 11758   3674.375  -0.002267  +1.129851  1.000  0.083  0.500  S  d0
 11759   3674.688  -0.650523  +0.890777  1.000  0.083  0.500  S  d0
 11760   3675.000  -1.076759  +0.357495  1.000  0.083  0.500  S  d0
 11761   3675.312  -1.044041  -0.323825  1.000  0.083  0.500  S  d0
 11762   3675.625  -0.649826  -0.872713  1.000  0.083  0.500  S  d0
 11763   3675.938  -0.012144  -1.095989  1.000  0.083  0.500  S  d0
 11764   3676.250  +0.603354  -0.907406  1.000  0.083  0.500  S  d0
 11765   3676.562  +1.008745  -0.369143  1.000  0.083  0.500  S  d0
 11766   3676.875  +1.027305  +0.274983  1.000  0.134  0.500  S  d0
 11767   3677.188  +0.670256  +0.838761  1.000  0.134  0.500  S  d0
 11768   3677.500  +0.060653  +1.071223  1.000  0.134  0.500  S  d0
 11769   3677.812  -0.568064  +0.908694  1.000  0.134  0.500  S  d0
 11770   3678.125  -0.969429  +0.385261  1.000  0.134  0.500  S  d0
 11771   3678.438  -1.012111  -0.253291  1.000  0.134  0.500  S  d0
 11772   3678.750  -0.678583  -0.798258  1.000  0.134  0.500  S  d0
 11773   3679.062  -0.090339  -1.044911  1.000  0.134  0.500  S  d0
 11774   3679.375  +0.528315  -0.889477  1.000  0.134  0.500  S  d0
 11775   3679.688  +0.933595  -0.410428  1.000  0.134  0.500  S  d0
 11776   3680.000  +0.987098  +0.211881  1.000  0.134  0.500  S  d0
 11777   3680.312  +0.694123  +0.759010  1.000  0.134  0.500  S  d0
 11778   3680.625  +0.113650  +1.008018  1.000  0.188  0.500  S  d0
 11779   3680.938  -0.486161  +0.896177  1.000  0.188  0.500  S  d0
 11780   3681.250  -0.904820  +0.437280  1.000  0.188  0.500  S  d0
 11781   3681.562  -0.987721  -0.167162  1.000  0.188  0.500  S  d0
 11782   3681.875  -0.692412  -0.723196  1.000  0.188  0.500  S  d0
 11783   3682.188  -0.137819  -0.994883  1.000  0.188  0.500  S  d0
 11784   3682.500  +0.463043  -0.893058  1.000  0.188  0.500  S  d0
 11785   3682.812  +0.883655  -0.450839  1.000  0.188  0.500  S  d0
 11786   3683.125  +0.958160  +0.154172  1.000  0.188  0.500  S  d0
 11787   3683.438  +0.708604  +0.682807  1.000  0.188  0.500  S  d0
 11788   3683.750  +0.153529  +0.958213  1.000  0.188  0.500  S  d0
 11789   3684.062  -0.428691  +0.884029  1.000  0.188  0.500  S  d0
 11790   3684.375  -0.858838  +0.459716  1.000  0.223  0.500  S  d0
 11791   3684.688  -0.967035  -0.117927  1.000  0.223  0.500  S  d0
 11792   3685.000  -0.696756  -0.655057  1.000  0.223  0.500  S  d0
 11793   3685.312  -0.181353  -0.937342  1.000  0.223  0.500  S  d0
 11794   3685.625  +0.396572  -0.886880  1.000  0.223  0.500  S  d0
 11795   3685.938  +0.840763  -0.492074  1.000  0.223  0.500  S  d0
 11796   3686.250  +0.960531  +0.094261  1.000  0.223  0.500  S  d0
 11797   3686.562  +0.715818  +0.644240  1.000  0.223  0.500  S  d0
 11798   3686.875  +0.209247  +0.948266  1.000  0.223  0.500  S  d0
 11799   3687.188  -0.375227  +0.888190  1.000  0.223  0.500  S  d0
 11800   3687.500  -0.815605  +0.493292  1.000  0.223  0.500  S  d0
 11801   3687.812  -0.964538  -0.069562  1.000  0.223  0.500  S  d0
 11802   3688.125  -0.737258  -0.623301  1.000  0.220  0.500  S  d0
 11803   3688.438  -0.220475  -0.936444  1.000  0.220  0.500  S  d0
 11804   3688.750  +0.347443  -0.892387  1.000  0.220  0.500  S  d0
 11805   3689.062  +0.804098  -0.508776  1.000  0.220  0.500  S  d0
 11806   3689.375  +0.966160  +0.053923  1.000  0.220  0.500  S  d0
 11807   3689.688  +0.742683  +0.601230  1.000  0.220  0.500  S  d0
 11808   3690.000  +0.252320  +0.925005  1.000  0.220  0.500  S  d0
 11809   3690.312  -0.335780  +0.890600  1.000  0.220  0.500  S  d0
 11810   3690.625  -0.805295  +0.539716  1.000  0.220  0.500  S  d0
 11811   3690.938  -0.974894  -0.027365  1.000  0.220  0.500  S  d0
 11812   3691.250  -0.761241  -0.595427  1.000  0.220  0.500  S  d0
 11813   3691.562  -0.267067  -0.928248  1.000  0.220  0.500  S  d0
 11814   3691.875  +0.317573  -0.921929  1.000  0.182  0.500  S  d0
 11815   3692.188  +0.789499  -0.559682  1.000  0.182  0.500  S  d0
 11816   3692.500  +1.005684  +0.012802  1.000  0.182  0.500  S  d0
 11817   3692.812  +0.789869  +0.585272  1.000  0.182  0.500  S  d0
 11818   3693.125  +0.295717  +0.943653  1.000  0.182  0.500  S  d0
 11819   3693.438  -0.308537  +0.943655  1.000  0.182  0.500  S  d0
 11820   3693.750  -0.810255  +0.592782  1.000  0.182  0.500  S  d0
 11821   3694.062  -0.989904  +0.018195  1.000  0.182  0.500  S  d0
 11822   3694.375  -0.829925  -0.583596  1.000  0.182  0.500  S  d0
 11823   3694.688  -0.339036  -0.962499  1.000  0.182  0.500  S  d0
 11824   3695.000  +0.272356  -0.961262  1.000  0.182  0.500  S  d0
 11825   3695.312  +0.810369  -0.633244  1.000  0.182  0.500  S  d0
 11826   3695.625  +1.028669  -0.037456  1.000  0.125  0.500  S  d0
 11827   3695.938  +0.850475  +0.555662  1.000  0.125  0.500  S  d0
 11828   3696.250  +0.379823  +0.958810  1.000  0.125  0.500  S  d0
 11829   3696.562  -0.242923  +1.018140  1.000  0.125  0.500  S  d0
 11830   3696.875  -0.808301  +0.667986  1.000  0.125  0.500  S  d0
 11831   3697.188  -1.065373  +0.074633  1.000  0.125  0.500  S  d0
 11832   3697.500  -0.909099  -0.554612  1.000  0.125  0.500  S  d0
 11833   3697.812  -0.416203  -0.975857  1.000  0.125  0.500  S  d0
 11834   3698.125  +0.245511  -1.038374  1.000  0.125  0.500  S  d0
 11835   3698.438  +0.805016  -0.710411  1.000  0.125  0.500  S  d0
 11836   3698.750  +1.072948  -0.123836  1.000  0.125  0.500  S  d0
 11837   3699.062  +0.951664  +0.531849  1.000  0.125  0.500  S  d0
 11838   3699.375  +0.455335  +0.986234  1.000  0.074  0.500  S  d0
 11839   3699.688  -0.213578  +1.088135  1.000  0.074  0.500  S  d0
 11840   3700.000  -0.820499  +0.771672  1.000  0.074  0.500  S  d0
 11841   3700.312  -1.081437  +0.143229  1.000  0.074  0.500  S  d0
 11842   3700.625  -0.957750  -0.523548  1.000  0.074  0.500  S  d0
 11843   3700.938  -0.498408  -1.008827  1.000  0.074  0.500  S  d0
 11844   3701.250  +0.168247  -1.108408  1.000  0.074  0.500  S  d0
 11845   3701.562  +0.800935  -0.788763  1.000  0.074  0.500  S  d0
 11846   3701.875  +1.116746  -0.186452  1.000  0.074  0.500  S  d0
 11847   3702.188  +1.021829  +0.501261  1.000  0.074  0.500  S  d0
 11848   3702.500  +0.529986  +0.995415  1.000  0.074  0.500  S  d0
 11849   3702.812  -0.158684  +1.149315  1.000  0.074  0.500  S  d0
 11850   3703.125  -0.803573  +0.865861  1.000  0.056  0.500  S  d0
 11851   3703.438  -1.141897  +0.226275  1.000  0.056  0.500  S  d0
 11852   3703.750  -1.063200  -0.494902  1.000  0.056  0.500  S  d0
 11853   3704.062  -0.588565  -1.034781  1.000  0.056  0.500  S  d0
 11854   3704.375  +0.142812  -1.210880  1.000  0.056  0.500  S  d0
 11855   3704.688  +0.812599  -0.891415  1.000  0.056  0.500  S  d0
 11856   3705.000  +1.165277  -0.237566  1.000  0.056  0.500  S  d0
 11857   3705.312  +1.114466  +0.481512  1.000  0.056  0.500  S  d0
 11858   3705.625  +0.631535  +1.042813  1.000  0.056  0.500  S  d0
 11859   3705.938  -0.097064  +1.238027  1.000  0.056  0.500  S  d0
 11860   3706.250  -0.808304  +0.933158  1.000  0.056  0.500  S  d0
 11861   3706.562  -1.221356  +0.273615  1.000  0.056  0.500  S  d0
 11862   3706.875  -1.169311  -0.463925  1.000  0.085  0.500  S  d0
 11863   3707.188  -0.667738  -1.066119  1.000  0.085  0.500  S  d0
 11864   3707.500  +0.074063  -1.242668  1.000  0.085  0.500  S  d0
 11865   3707.812  +0.823155  -0.987564  1.000  0.085  0.500  S  d0
 11866   3708.125  +1.229679  -0.326202  1.000  0.085  0.500  S  d0
 11867   3708.438  +1.206543  +0.464475  1.000  0.085  0.500  S  d0
 11868   3708.750  +0.718103  +1.071306  1.000  0.085  0.500  S  d0
 11869   3709.062  -0.070495  +1.303375  1.000  0.085  0.500  S  d0
 11870   3709.375  -0.796761  +1.011283  1.000  0.085  0.500  S  d0
 11871   3709.688  -1.248641  +0.354586  1.000  0.085  0.500  S  d0
 11872   3710.000  -1.235012  -0.438012  1.000  0.085  0.500  S  d0
 11873   3710.312  -0.758711  -1.105308  1.000  0.085  0.500  S  d0
 11874   3710.625  +0.022395  -1.333018  1.000  0.140  0.500  S  d0
 11875   3710.938  +0.811607  -1.040663  1.000  0.140  0.500  S  d0
 11876   3711.250  +1.274139  -0.398650  1.000  0.140  0.500  S  d0
 11877   3711.562  +1.268969  +0.405987  1.000  0.140  0.500  S  d0
 11878   3711.875  +0.790240  +1.114975  1.000  0.140  0.500  S  d0
 11879   3712.188  +0.005768  +1.379764  1.000  0.140  0.500  S  d0
 11880   3712.500  -0.794994  +1.117291  1.000  0.140  0.500  S  d0
 11881   3712.812  -1.295784  +0.452534  1.000  0.140  0.500  S  d0
 11882   3713.125  -1.322591  -0.389928  1.000  0.140  0.500  S  d0
 11883   3713.438  -0.841804  -1.106643  1.000  0.140  0.500  S  d0
 11884   3713.750  -0.040521  -1.402563  1.000  0.140  0.500  S  d0
 11885   3714.062  +0.771161  -1.170870  1.000  0.140  0.500  S  d0
 11886   3714.375  +1.327007  -0.489193  1.000  0.195  0.500  S  d0
 11887   3714.688  +1.340737  +0.344607  1.000  0.195  0.500  S  d0
 11888   3715.000  +0.886074  +1.099349  1.000  0.195  0.500  S  d0
 11889   3715.312  +0.099079  +1.400359  1.000  0.195  0.500  S  d0
 11890   3715.625  -0.756213  +1.214107  1.000  0.195  0.500  S  d0
 11891   3715.938  -1.299229  +0.554561  1.000  0.195  0.500  S  d0
 11892   3716.250  -1.378576  -0.337397  1.000  0.195  0.500  S  d0
 11893   3716.562  -0.947878  -1.046673  1.000  0.195  0.500  S  d0
 11894   3716.875  -0.133995  -1.428063  1.000  0.195  0.500  S  d0
 11895   3717.188  +0.712865  -1.253154  1.000  0.195  0.500  S  d0
 11896   3717.500  +1.302718  -0.586868  1.000  0.195  0.500  S  d0
 11897   3717.812  +1.397708  +0.275916  1.000  0.195  0.500  S  d0
 11898   3718.125  +0.980877  +1.060575  1.000  0.226  0.500  S  d0
 11899   3718.438  +0.176147  +1.420884  1.000  0.226  0.500  S  d0
 11900   3718.750  -0.691154  +1.250537  1.000  0.226  0.500  S  d0
 11901   3719.062  -1.273203  +0.635658  1.000  0.226  0.500  S  d0
 11902   3719.375  -1.411970  -0.224703  1.000  0.226  0.500  S  d0
 11903   3719.688  -1.002593  -1.015601  1.000  0.226  0.500  S  d0
 11904   3720.000  -0.230811  -1.411503  1.000  0.226  0.500  S  d0
 11905   3720.312  +0.647311  -1.302122  1.000  0.226  0.500  S  d0
 11906   3720.625  +1.273588  -0.684083  1.000  0.226  0.500  S  d0
 11907   3720.938  +1.430916  +0.214326  1.000  0.226  0.500  S  d0
 11908   3721.250  +1.035480  +1.000746  1.000  0.226  0.500  S  d0
 11909   3721.562  +0.261137  +1.396935  1.000  0.226  0.500  S  d0
 11910   3721.875  -0.624867  +1.299379  1.000  0.222  0.500  S  d0
 11911   3722.188  -1.269638  +0.711306  1.000  0.222  0.500  S  d0
 11912   3722.500  -1.425902  -0.156718  1.000  0.222  0.500  S  d0
 11913   3722.812  -1.057890  -0.961500  1.000  0.222  0.500  S  d0
 11914   3723.125  -0.286037  -1.407210  1.000  0.222  0.500  S  d0
 11915   3723.438  +0.593195  -1.320735  1.000  0.222  0.500  S  d0
 11916   3723.750  +1.238929  -0.738388  1.000  0.222  0.500  S  d0
 11917   3724.062  +1.413457  +0.127778  1.000  0.222  0.500  S  d0
 11918   3724.375  +1.075128  +0.939922  1.000  0.222  0.500  S  d0
 11919   3724.688  +0.317764  +1.396854  1.000  0.222  0.500  S  d0
 11920   3725.000  -0.541137  +1.334077  1.000  0.222  0.500  S  d0
 11921   3725.312  -1.192662  +0.739740  1.000  0.222  0.500  S  d0
 11922   3725.625  -1.409978  -0.097270  1.000  0.184  0.500  S  d0
 11923   3725.938  -1.113442  -0.905891  1.000  0.184  0.500  S  d0
 11924   3726.250  -0.344103  -1.380185  1.000  0.184  0.500  S  d0
 11925   3726.562  +0.510812  -1.314925  1.000  0.184  0.500  S  d0
 11926   3726.875  +1.163408  -0.768504  1.000  0.184  0.500  S  d0
 11927   3727.188  +1.394241  +0.068884  1.000  0.184  0.500  S  d0
 11928   3727.500  +1.108741  +0.870513  1.000  0.184  0.500  S  d0
 11929   3727.812  +0.374351  +1.354205  1.000  0.184  0.500  S  d0
 11930   3728.125  -0.464290  +1.313177  1.000  0.184  0.500  S  d0
 11931   3728.438  -1.150644  +0.762165  1.000  0.184  0.500  S  d0
 11932   3728.750  -1.362861  -0.013079  1.000  0.184  0.500  S  d0
 11933   3729.062  -1.100731  -0.856944  1.000  0.184  0.500  S  d0
 11934   3729.375  -0.398383  -1.300700  1.000  0.126  0.500  S  d0
 11935   3729.688  +0.431638  -1.298490  1.000  0.126  0.500  S  d0
 11936   3730.000  +1.115558  -0.800033  1.000  0.126  0.500  S  d0
 11937   3730.312  +1.339576  +0.002651  1.000  0.126  0.500  S  d0
 11938   3730.625  +1.080579  +0.799718  1.000  0.126  0.500  S  d0
 11939   3730.938  +0.431001  +1.299088  1.000  0.126  0.500  S  d0
 11940   3731.250  -0.396566  +1.282933  1.000  0.126  0.500  S  d0
 11941   3731.562  -1.079209  +0.783322  1.000  0.126  0.500  S  d0
 11942   3731.875  -1.328090  +0.017765  1.000  0.126  0.500  S  d0
 11943   3732.188  -1.090687  -0.745291  1.000  0.126  0.500  S  d0
 11944   3732.500  -0.443623  -1.235635  1.000  0.126  0.500  S  d0
 11945   3732.812  +0.355868  -1.261252  1.000  0.126  0.500  S  d0
 11946   3733.125  +1.031744  -0.809055  1.000  0.075  0.500  S  d0
 11947   3733.438  +1.290860  -0.070722  1.000  0.075  0.500  S  d0
 11948   3733.750  +1.074400  +0.690246  1.000  0.075  0.500  S  d0
 11949   3734.062  +0.481034  +1.186097  1.000  0.075  0.500  S  d0
 11950   3734.375  -0.315256  +1.254342  1.000  0.075  0.500  S  d0
 11951   3734.688  -0.974131  +0.823092  1.000  0.075  0.500  S  d0
 11952   3735.000  -1.240321  +0.101156  1.000  0.075  0.500  S  d0
 11953   3735.312  -1.098285  -0.652302  1.000  0.075  0.500  S  d0
 11954   3735.625  -0.510336  -1.142197  1.000  0.075  0.500  S  d0
 11955   3735.938  +0.266717  -1.204800  1.000  0.075  0.500  S  d0
 11956   3736.250  +0.935965  -0.823373  1.000  0.075  0.500  S  d0
 11957   3736.562  +1.228962  -0.149096  1.000  0.075  0.500  S  d0
 11958   3736.875  +1.069360  +0.615181  1.000  0.056  0.500  S  d0
 11959   3737.188  +0.514932  +1.099513  1.000  0.056  0.500  S  d0
 11960   3737.500  -0.226100  +1.171360  1.000  0.056  0.500  S  d0
 11961   3737.812  -0.861415  +0.819285  1.000  0.056  0.500  S  d0
 11962   3738.125  -1.172016  +0.154461  1.000  0.056  0.500  S  d0
 11963   3738.438  -1.074445  -0.539351  1.000  0.056  0.500  S  d0
 11964   3738.750  -0.537631  -1.045627  1.000  0.056  0.500  S  d0
 11965   3739.062  +0.188889  -1.166501  1.000  0.056  0.500  S  d0
 11966   3739.375  +0.825355  -0.820750  1.000  0.056  0.500  S  d0
 11967   3739.688  +1.130831  -0.196747  1.000  0.056  0.500  S  d0
 11968   3740.000  +1.047750  +0.515985  1.000  0.056  0.500  S  d0
 11969   3740.312  +0.556938  +1.013598  1.000  0.056  0.500  S  d0
 11970   3740.625  -0.161943  +1.139668  1.000  0.083  0.500  S  d0
 11971   3740.938  -0.779838  +0.826401  1.000  0.083  0.500  S  d0
 11972   3741.250  -1.101280  +0.201229  1.000  0.083  0.500  S  d0
 11973   3741.562  -1.028818  -0.472805  1.000  0.083  0.500  S  d0
 11974   3741.875  -0.558802  -0.980110  1.000  0.083  0.500  S  d0
 11975   3742.188  +0.124080  -1.087785  1.000  0.083  0.500  S  d0
 11976   3742.500  +0.736445  -0.822159  1.000  0.083  0.500  S  d0
 11977   3742.812  +1.064855  -0.224902  1.000  0.083  0.500  S  d0
 11978   3743.125  +1.028387  +0.423551  1.000  0.083  0.500  S  d0
 11979   3743.438  +0.558899  +0.926702  1.000  0.083  0.500  S  d0
 11980   3743.750  -0.092274  +1.079410  1.000  0.083  0.500  S  d0
 11981   3744.062  -0.705347  +0.804381  1.000  0.083  0.500  S  d0
 11982   3744.375  -1.047773  +0.253545  1.000  0.141  0.500  S  d0
 11983   3744.688  -0.969526  -0.392072  1.000  0.141  0.500  S  d0
 11984   3745.000  -0.574796  -0.899076  1.000  0.141  0.500  S  d0
 11985   3745.312  +0.066395  -1.030853  1.000  0.141  0.500  S  d0
 11986   3745.625  +0.663874  -0.822091  1.000  0.141  0.500  S  d0
 11987   3745.938  +1.004983  -0.252464  1.000  0.141  0.500  S  d0
 11988   3746.250  +0.960381  +0.362848  1.000  0.141  0.500  S  d0
 11989   3746.562  +0.562954  +0.851884  1.000  0.141  0.500  S  d0
 11990   3746.875  -0.037325  +1.017494  1.000  0.141  0.500  S  d0
 11991   3747.188  -0.630986  +0.802354  1.000  0.141  0.500  S  d0
 11992   3747.500  -0.967891  +0.278371  1.000  0.141  0.500  S  d0
 11993   3747.812  -0.951551  -0.332901  1.000  0.141  0.500  S  d0
 11994   3748.125  -0.562198  -0.822726  1.000  0.197  0.500  S  d0
 11995   3748.438  +0.007790  -1.003888  1.000  0.197  0.500  S  d0
 11996   3748.750  +0.604060  -0.794361  1.000  0.197  0.500  S  d0
 11997   3749.062  +0.951706  -0.307427  1.000  0.197  0.500  S  d0
 11998   3749.375  +0.932143  +0.307255  1.000  0.197  0.500  S  d0
 11999   3749.688  +0.583397  +0.809439  1.000  0.197  0.500  S  d0
 12000   3750.000  +0.011325  +1.003057  1.000  0.197  0.500  S  d0
 12001   3750.312  -0.570598  +0.798970  1.000  0.197  0.500  S  d0
 12002   3750.625  -0.922143  +0.319225  1.000  0.197  0.500  S  d0
 12003   3750.938  -0.939730  -0.287619  1.000  0.197  0.500  S  d0
 12004   3751.250  -0.598057  -0.762309  1.000  0.197  0.500  S  d0
 12005   3751.562  -0.033044  -0.974798  1.000  0.197  0.500  S  d0
 12006   3751.875  +0.516847  -0.800717  1.000  0.228  0.500  S  d0
 12007   3752.188  +0.910906  -0.352624  1.000  0.228  0.500  S  d0
 12008   3752.500  +0.929175  +0.237676  1.000  0.228  0.500  S  d0
 12009   3752.812  +0.620705  +0.740878  1.000  0.228  0.500  S  d0
 12010   3753.125  +0.064477  +0.953549  1.000  0.228  0.500  S  d0
 12011   3753.438  -0.495550  +0.827613  1.000  0.228  0.500  S  d0
 12012   3753.750  -0.885984  +0.379048  1.000  0.228  0.500  S  d0
 12013   3754.062  -0.938945  -0.213642  1.000  0.228  0.500  S  d0
 12014   3754.375  -0.628031  -0.716776  1.000  0.228  0.500  S  d0
 12015   3754.688  -0.092486  -0.959661  1.000  0.228  0.500  S  d0
 12016   3755.000  +0.473990  -0.835116  1.000  0.228  0.500  S  d0
 12017   3755.312  +0.863317  -0.391271  1.000  0.228  0.500  S  d0
 12018   3755.625  +0.940842  +0.180812  1.000  0.226  0.500  S  d0
 12019   3755.938  +0.654630  +0.693889  1.000  0.226  0.500  S  d0
 12020   3756.250  +0.118392  +0.955692  1.000  0.226  0.500  S  d0
 12021   3756.562  -0.454391  +0.858378  1.000  0.226  0.500  S  d0
 12022   3756.875  -0.852562  +0.420847  1.000  0.226  0.500  S  d0
 12023   3757.188  -0.956214  -0.160320  1.000  0.226  0.500  S  d0
 12024   3757.500  -0.671634  -0.682237  1.000  0.226  0.500  S  d0
 12025   3757.812  -0.146416  -0.951416  1.000  0.226  0.500  S  d0
 12026   3758.125  +0.440352  -0.877066  1.000  0.226  0.500  S  d0
 12027   3758.438  +0.858794  -0.458724  1.000  0.226  0.500  S  d0
 12028   3758.750  +0.960363  +0.128347  1.000  0.226  0.500  S  d0
 12029   3759.062  +0.703104  +0.672265  1.000  0.226  0.500  S  d0
 12030   3759.375  +0.186392  +0.969268  1.000  0.184  0.500  S  d0
 12031   3759.688  -0.423673  +0.903529  1.000  0.184  0.500  S  d0
 12032   3760.000  -0.877336  +0.490188  1.000  0.184  0.500  S  d0
 12033   3760.312  -1.005439  -0.113166  1.000  0.184  0.500  S  d0
 12034   3760.625  -0.728226  -0.674991  1.000  0.184  0.500  S  d0
 12035   3760.938  -0.196260  -0.973901  1.000  0.184  0.500  S  d0
 12036   3761.250  +0.407875  -0.922719  1.000  0.184  0.500  S  d0
 12037   3761.562  +0.883638  -0.516530  1.000  0.184  0.500  S  d0
 12038   3761.875  +1.013272  +0.096470  1.000  0.184  0.500  S  d0
 12039   3762.188  +0.764887  +0.672978  1.000  0.184  0.500  S  d0
 12040   3762.500  +0.231304  +0.974484  1.000  0.184  0.500  S  d0
 12041   3762.812  -0.391333  +0.950681  1.000  0.184  0.500  S  d0
 12042   3763.125  -0.871146  +0.549711  1.000  0.089  0.500  S  d0
 12043   3763.438  -1.036411  -0.069828  1.000  0.089  0.500  S  d0
 12044   3763.750  -0.817462  -0.672409  1.000  0.089  0.500  S  d0
 12045   3764.062  -0.260843  -1.010176  1.000  0.089  0.500  S  d0
 12046   3764.375  +0.376324  -0.974438  1.000  0.089  0.500  S  d0
 12047   3764.688  +0.882908  -0.570912  1.000  0.089  0.500  S  d0
 12048   3765.000  +1.068688  +0.046956  1.000  0.089  0.500  S  d0
 12049   3765.312  +0.839969  +0.671779  1.000  0.089  0.500  S  d0
 12050   3765.625  +0.289833  +1.028790  1.000  0.089  0.500  S  d0
 12051   3765.938  -0.363702  +0.998424  1.000  0.089  0.500  S  d0
 12052   3766.250  -0.904755  +0.610202  1.000  0.089  0.500  S  d0
 12053   3766.562  -1.093992  -0.036144  1.000  0.089  0.500  S  d0
 12054   3766.875  -0.865361  -0.647562  1.000  0.037  0.500  S  d0
 12055   3767.188  -0.313225  -1.038567  1.000  0.037  0.500  S  d0
 12056   3767.500  +0.365995  -1.072597  1.000  0.037  0.500  S  d0
 12057   3767.812  +0.911564  -0.655024  1.000  0.037  0.500  S  d0
 12058   3768.125  +1.107396  +0.009959  1.000  0.037  0.500  S  d0
 12059   3768.438  +0.903329  +0.677839  1.000  0.037  0.500  S  d0
 12060   3768.750  +0.359157  +1.084926  1.000  0.037  0.500  S  d0
 12061   3769.062  -0.339194  +1.095282  1.000  0.037  0.500  S  d0
 12062   3769.375  -0.933856  +0.695047  1.000  0.037  0.500  S  d0
 12063   3769.688  -1.171422  +0.011550  1.000  0.037  0.500  S  d0
 12064   3770.000  -0.975960  -0.672483  1.000  0.037  0.500  S  d0
 12065   3770.312  -0.377082  -1.089130  1.000  0.037  0.500  S  d0
 12066   3770.625  +0.331012  -1.161605  1.000  0.024  0.500  S  d0
 12067   3770.938  +0.931249  -0.753637  1.000  0.024  0.500  S  d0
 12068   3771.250  +1.193959  -0.045587  1.000  0.024  0.500  S  d0
 12069   3771.562  +1.015742  +0.664764  1.000  0.024  0.500  S  d0
 12070   3771.875  +0.447967  +1.120397  1.000  0.024  0.500  S  d0
 12071   3772.188  -0.284880  +1.171315  1.000  0.024  0.500  S  d0
 12072   3772.500  -0.953232  +0.807637  1.000  0.024  0.500  S  d0
 12073   3772.812  -1.232087  +0.098814  1.000  0.024  0.500  S  d0
 12074   3773.125  -1.056642  -0.630648  1.000  0.024  0.500  S  d0
 12075   3773.438  -0.513708  -1.150038  1.000  0.024  0.500  S  d0
 12076   3773.750  +0.270365  -1.226343  1.000  0.024  0.500  S  d0
 12077   3774.062  +0.947781  -0.847256  1.000  0.024  0.500  S  d0
 12078   3774.375  +1.248341  -0.127241  1.000  0.051  0.500  S  d0
 12079   3774.688  +1.119054  +0.616324  1.000  0.051  0.500  S  d0
 12080   3775.000  +0.532995  +1.172970  1.000  0.051  0.500  S  d0
 12081   3775.312  -0.221146  +1.255279  1.000  0.051  0.500  S  d0
 12082   3775.625  -0.930157  +0.871154  1.000  0.051  0.500  S  d0
 12083   3775.938  -1.268035  +0.171916  1.000  0.051  0.500  S  d0
 12084   3776.250  -1.161904  -0.609848  1.000  0.051  0.500  S  d0
 12085   3776.562  -0.604401  -1.144312  1.000  0.051  0.500  S  d0
 12086   3776.875  +0.200900  -1.305854  1.000  0.051  0.500  S  d0
 12087   3777.188  +0.943566  -0.938061  1.000  0.051  0.500  S  d0
 12088   3777.500  +1.286717  -0.213393  1.000  0.051  0.500  S  d0
 12089   3777.812  +1.198829  +0.580418  1.000  0.051  0.500  S  d0
 12090   3778.125  +0.650324  +1.198242  1.000  0.123  0.500  S  d0
 12091   3778.438  -0.174040  +1.337591  1.000  0.123  0.500  S  d0
 12092   3778.750  -0.941655  +0.984009  1.000  0.123  0.500  S  d0
 12093   3779.062  -1.330306  +0.237075  1.000  0.123  0.500  S  d0
 12094   3779.375  -1.243792  -0.573300  1.000  0.123  0.500  S  d0
 12095   3779.688  -0.670465  -1.191862  1.000  0.123  0.500  S  d0
 12096   3780.000  +0.141287  -1.366636  1.000  0.123  0.500  S  d0
 12097   3780.312  +0.936099  -1.029074  1.000  0.123  0.500  S  d0
 12098   3780.625  +1.347936  -0.287436  1.000  0.123  0.500  S  d0
 12099   3780.938  +1.273597  +0.570377  1.000  0.123  0.500  S  d0
 12100   3781.250  +0.741317  +1.192045  1.000  0.123  0.500  S  d0
 12101   3781.562  -0.127033  +1.385896  1.000  0.123  0.500  S  d0
 12102   3781.875  -0.916199  +1.072974  1.000  0.172  0.500  S  d0
 12103   3782.188  -1.356338  +0.326018  1.000  0.172  0.500  S  d0
 12104   3782.500  -1.329267  -0.531457  1.000  0.172  0.500  S  d0
 12105   3782.812  -0.766032  -1.201696  1.000  0.172  0.500  S  d0
 12106   3783.125  +0.079398  -1.419546  1.000  0.172  0.500  S  d0
 12107   3783.438  +0.894851  -1.103264  1.000  0.172  0.500  S  d0
 12108   3783.750  +1.394163  -0.363541  1.000  0.172  0.500  S  d0
 12109   3784.062  +1.350535  +0.505261  1.000  0.172  0.500  S  d0
 12110   3784.375  +0.794635  +1.196528  1.000  0.172  0.500  S  d0
 12111   3784.688  -0.058769  +1.428553  1.000  0.172  0.500  S  d0
 12112   3785.000  -0.881939  +1.129675  1.000  0.172  0.500  S  d0
 12113   3785.312  -1.396687  +0.397451  1.000  0.172  0.500  S  d0
 12114   3785.625  -1.362442  -0.471721  1.000  0.194  0.500  S  d0
 12115   3785.938  -0.799626  -1.184010  1.000  0.194  0.500  S  d0
 12116   3786.250  +0.011924  -1.434669  1.000  0.194  0.500  S  d0
 12117   3786.562  +0.859389  -1.151355  1.000  0.194  0.500  S  d0
 12118   3786.875  +1.388441  -0.422827  1.000  0.194  0.500  S  d0
 12119   3787.188  +1.381216  +0.457425  1.000  0.194  0.500  S  d0
 12120   3787.500  +0.833979  +1.171580  1.000  0.194  0.500  S  d0
 12121   3787.812  +0.004155  +1.428349  1.000  0.194  0.500  S  d0
 12122   3788.125  -0.833251  +1.171719  1.000  0.194  0.500  S  d0
 12123   3788.438  -1.349617  +0.463928  1.000  0.194  0.500  S  d0
 12124   3788.750  -1.392385  -0.415341  1.000  0.194  0.500  S  d0
 12125   3789.062  -0.878113  -1.133128  1.000  0.194  0.500  S  d0
 12126   3789.375  -0.055405  -1.430903  1.000  0.184  0.500  S  d0
 12127   3789.688  +0.782835  -1.193616  1.000  0.184  0.500  S  d0
 12128   3790.000  +1.332834  -0.511144  1.000  0.184  0.500  S  d0
 12129   3790.312  +1.404184  +0.361175  1.000  0.184  0.500  S  d0
 12130   3790.625  +0.916161  +1.109411  1.000  0.184  0.500  S  d0
 12131   3790.938  +0.092875  +1.413917  1.000  0.184  0.500  S  d0
 12132   3791.250  -0.748674  +1.232615  1.000  0.184  0.500  S  d0
 12133   3791.562  -1.328489  +0.549076  1.000  0.184  0.500  S  d0
 12134   3791.875  -1.375576  -0.317256  1.000  0.184  0.500  S  d0
 12135   3792.188  -0.926498  -1.050208  1.000  0.184  0.500  S  d0
 12136   3792.500  -0.138933  -1.431120  1.000  0.184  0.500  S  d0
 12137   3792.812  +0.704678  -1.245672  1.000  0.184  0.500  S  d0
 12138   3793.125  +1.300135  -0.587937  1.000  0.146  0.500  S  d0
 12139   3793.438  +1.385667  +0.246935  1.000  0.146  0.500  S  d0
 12140   3793.750  +0.910306  +1.041293  1.000  0.146  0.500  S  d0
 12141   3794.062  +0.161389  +1.466993  1.000  0.146  0.500  S  d0
 12142   3794.375  -0.601857  +1.241419  1.000  0.146  0.500  S  d0
 12143   3794.688  -1.265542  +0.556181  1.000  0.146  0.500  S  d0
 12144   3795.000  -1.423697  -0.235075  1.000  0.146  0.500  S  d0
 12145   3795.312  -0.980602  -0.961721  1.000  0.146  0.500  S  d0
 12146   3795.625  -0.142310  -1.366607  1.000  0.146  0.500  S  d0
 12147   3795.938  +0.612290  -1.291894  1.000  0.146  0.500  S  d0
 12148   3796.250  +1.164864  -0.628613  1.000  0.146  0.500  S  d0
 12149   3796.562  +1.369832  +0.231786  1.000  0.146  0.500  S  d0
 12150   3796.875  +1.050838  +0.970188  1.000  0.092  0.500  S  d0
 12151   3797.188  +0.246905  +1.257175  1.000  0.092  0.500  S  d0
 12152   3797.500  -0.634256  +1.237017  1.000  0.092  0.500  S  d0
 12153   3797.812  -1.189018  +0.719704  1.000  0.092  0.500  S  d0
 12154   3798.125  -1.281787  -0.151789  1.000  0.092  0.500  S  d0
 12155   3798.438  -0.982605  -0.956745  1.000  0.092  0.500  S  d0
 12156   3798.750  -0.323132  -1.301192  1.000  0.092  0.500  S  d0
 12157   3799.062  +0.538477  -1.156227  0.984  0.092  0.500  S  d0
 12158   3799.375  +1.200852  -0.679085  0.969  0.092  0.500  S  d0
 12159   3799.688  +1.311570  +0.067132  0.969  0.092  0.500  S  d0
 12160   3800.000  +0.924112  +0.883407  0.953  0.092  0.500  S  d0
 12161   3800.312  +0.284483  +1.319225  0.938  0.092  0.500  S  d0
 12162   3800.625  -0.452195  +1.198444  0.922  0.055  0.500  S  d0
 12163   3800.938  -1.121127  +0.614344  0.922  0.055  0.500  S  d0
 12164   3801.250  -1.342640  -0.067692  0.922  0.055  0.500  S  d0
 12165   3801.562  -0.976981  -0.760194  0.922  0.055  0.500  S  d0
 12166   3801.875  -0.284984  -1.251183  0.922  0.055  0.500  S  d0
 12167   3802.188  +0.451523  -1.256995  0.922  0.055  0.500  S  d0
 12168   3802.500  +0.993737  -0.681244  0.922  0.055  0.500  S  d0
 12169   3802.812  +1.233295  +0.113978  0.922  0.055  0.500  S  d0
 12170   3803.125  +1.035690  +0.770841  0.922  0.055  0.500  S  d0
 12171   3803.438  +0.342653  +1.125287  0.922  0.055  0.500  S  d0
 12172   3803.750  -0.464714  +1.138924  0.922  0.055  0.500  S  d0
 12173   3804.062  -0.985886  +0.731857  0.922  0.055  0.500  S  d0
 12174   3804.375  -1.135509  -0.057154  0.922  0.049  0.500  S  d0
 12175   3804.688  -0.922462  -0.805859  0.922  0.049  0.500  S  d0
 12176   3805.000  -0.341403  -1.150261  0.922  0.049  0.500  S  d0
 12177   3805.312  +0.453276  -1.081475  0.922  0.049  0.500  S  d0
 12178   3805.625  +1.061112  -0.678216  0.922  0.049  0.500  S  d0
 12179   3805.938  +1.213577  -0.027545  0.922  0.049  0.500  S  d0
 12180   3806.250  +0.954042  +0.715098  0.922  0.049  0.500  S  d0
 12181   3806.562  +0.399556  +1.186547  0.922  0.049  0.500  S  d0
 12182   3806.875  -0.275186  +1.136391  0.922  0.049  0.500  S  d0
 12183   3807.188  -0.991516  +0.706432  0.922  0.049  0.500  S  d0
 12184   3807.500  -1.277745  +0.136071  0.922  0.049  0.500  S  d0
 12185   3807.812  -1.076891  -0.486261  0.922  0.049  0.500  S  d0
 12186   3808.125  -0.544599  -0.937531  0.922  0.080  0.500  S  d0
 12187   3808.438  +0.042903  -1.015556  0.922  0.080  0.500  S  d0
 12188   3808.750  +0.532783  -0.550110  0.922  0.080  0.500  S  d1
 12189   3809.062  +0.814031  +0.085831  0.922  0.080  0.500  S  d1
 12190   3809.375  +0.653108  +0.827265  0.922  0.080  0.500  S  d0
 12191   3809.688  +0.053067  +0.471119  0.922  0.080  0.500  S  d2
 12192   3810.000  -0.281391  -1.149822  0.922  0.080  0.500  S  d1
 12193   3810.312  +0.468420  -0.596683  0.922  0.080  0.500  S  d1
 12194   3810.625  +0.871265  -0.051785  0.922  0.080  0.500  S  d0
 12195   3810.938  +0.586462  +0.512784  0.922  0.080  0.500  S  d0
 12196   3811.250  +0.175823  +1.010061  0.922  0.080  0.500  S  d0
 12197   3811.562  -0.436672  +1.081418  0.922  0.080  0.500  S  d0
 12198   3811.875  -0.840176  +0.702724  0.922  0.137  0.500  S  d0
 12199   3812.188  -1.170743  +0.035166  0.922  0.137  0.500  S  d0
 12200   3812.500  -1.002786  -0.512436  0.922  0.137  0.500  S  d0
 12201   3812.812  -0.489124  -0.952727  0.922  0.137  0.500  S  d0
 12202   3813.125  +0.252064  -1.086224  0.922  0.137  0.500  S  d0
 12203   3813.438  +0.734538  -0.825186  0.922  0.137  0.500  S  d0
 12204   3813.750  +1.016964  -0.149617  0.922  0.137  0.500  S  d0
 12205   3814.062  +0.979309  +0.489244  0.922  0.137  0.500  S  d0
 12206   3814.375  +0.585862  +0.884042  0.922  0.137  0.500  S  d0
 12207   3814.688  -0.125316  +0.915350  0.922  0.137  0.500  S  d0
 12208   3815.000  -0.708457  +0.735819  0.922  0.137  0.500  S  d0
 12209   3815.312  -0.949991  +0.216574  0.922  0.137  0.500  S  d0
 12210   3815.625  -0.828335  -0.449929  0.922  0.182  0.500  S  d0
 12211   3815.938  -0.487110  -0.914221  0.922  0.182  0.500  S  d0
 12212   3816.250  +0.092784  -0.959814  0.922  0.182  0.500  S  d0
 12213   3816.562  +0.697229  -0.657199  0.922  0.182  0.500  S  d0
 12214   3816.875  +1.024328  -0.198318  0.922  0.182  0.500  S  d0
 12215   3817.188  +0.855564  +0.358592  0.922  0.182  0.500  S  d0
 12216   3817.500  +0.435257  +0.871892  0.922  0.182  0.500  S  d0
 12217   3817.812  -0.093427  +1.043194  0.922  0.182  0.500  S  d0
 12218   3818.125  -0.606030  +0.727194  0.922  0.182  0.500  S  d0
 12219   3818.438  -1.003914  +0.154121  0.922  0.182  0.500  S  d0
 12220   3818.750  -0.952101  -0.353994  0.922  0.182  0.500  S  d0
 12221   3819.062  -0.489709  -0.770538  0.938  0.182  0.500  S  d0
 12222   3819.375  +0.120308  -0.992893  0.953  0.204  0.500  S  d0
 12223   3819.688  +0.601790  -0.806212  0.953  0.204  0.500  S  d0
 12224   3820.000  +0.885196  -0.209734  0.969  0.204  0.500  S  d0
 12225   3820.312  +0.936876  +0.401318  0.984  0.204  0.500  S  d0
 12226   3820.625  +0.570225  +0.777879  1.000  0.204  0.500  S  d0
 12227   3820.938  -0.082835  +0.917663  1.000  0.204  0.500  S  d0
 12228   3821.250  -0.644177  +0.780274  1.000  0.204  0.500  S  d0
 12229   3821.562  -0.909420  +0.302433  1.000  0.204  0.500  S  d0
 12230   3821.875  -0.854247  -0.353014  1.000  0.204  0.500  S  d0
 12231   3822.188  -0.557112  -0.859903  1.000  0.204  0.500  S  d0
 12232   3822.500  -0.022113  -0.937301  1.000  0.204  0.500  S  d0
 12233   3822.812  +0.614870  -0.718298  1.000  0.204  0.500  S  d0
 12234   3823.125  +0.969567  -0.309923  1.000  0.195  0.500  S  d0
 12235   3823.438  +0.894076  +0.257736  1.000  0.195  0.500  S  d0
 12236   3823.750  +0.527657  +0.812616  1.000  0.195  0.500  S  d0
 12237   3824.062  +0.028552  +1.005969  1.000  0.195  0.500  S  d0
 12238   3824.375  -0.527954  +0.770872  1.000  0.195  0.500  S  d0
 12239   3824.688  -0.944737  +0.275613  1.000  0.195  0.500  S  d0
 12240   3825.000  -0.979511  -0.245522  1.000  0.195  0.500  S  d0
 12241   3825.312  -0.577117  -0.737372  1.000  0.195  0.500  S  d0
 12242   3825.625  +0.006453  -1.016833  1.000  0.195  0.500  S  d0
 12243   3825.938  +0.525615  -0.867651  1.000  0.195  0.500  S  d0
 12244   3826.250  +0.893183  -0.304459  1.000  0.195  0.500  S  d0
 12245   3826.562  +0.987517  +0.311270  1.000  0.195  0.500  S  d0
 12246   3826.875  +0.665195  +0.746874  1.000  0.154  0.500  S  d0
 12247   3827.188  +0.033025  +0.947581  1.000  0.154  0.500  S  d0
 12248   3827.500  -0.595707  +0.895468  1.000  0.154  0.500  S  d0
 12249   3827.812  -0.907717  +0.425204  1.000  0.154  0.500  S  d0
 12250   3828.125  -0.932622  -0.271271  1.000  0.154  0.500  S  d0
 12251   3828.438  -0.693945  -0.814877  1.000  0.154  0.500  S  d0
 12252   3828.750  -0.137852  -0.984757  1.000  0.154  0.500  S  d0
 12253   3829.062  +0.553377  -0.834812  1.000  0.154  0.500  S  d0
 12254   3829.375  +0.991715  -0.453799  1.000  0.154  0.500  S  d0
 12255   3829.688  +0.982317  +0.176967  1.000  0.154  0.500  S  d0
 12256   3830.000  +0.669200  +0.808419  1.000  0.154  0.500  S  d0
 12257   3830.312  +0.138092  +1.070964  1.000  0.154  0.500  S  d0
 12258   3830.625  -0.462664  +0.869740  1.000  0.100  0.500  S  d0
 12259   3830.938  -0.988947  +0.401783  1.000  0.100  0.500  S  d0
 12260   3831.250  -1.076036  -0.156879  1.000  0.100  0.500  S  d0
 12261   3831.562  -0.711391  -0.720852  1.000  0.100  0.500  S  d0
 12262   3831.875  -0.096280  -1.095490  1.000  0.100  0.500  S  d0
 12263   3832.188  +0.459834  -0.998291  1.000  0.100  0.500  S  d0
 12264   3832.500  +0.905698  -0.444950  1.000  0.100  0.500  S  d0
 12265   3832.812  +1.114173  +0.212106  1.000  0.100  0.500  S  d0
 12266   3833.125  +0.823788  +0.736132  1.000  0.100  0.500  S  d0
 12267   3833.438  +0.135188  +1.048260  1.000  0.100  0.500  S  d0
 12268   3833.750  -0.524377  +1.031141  1.000  0.100  0.500  S  d0
 12269   3834.062  -0.936846  +0.562675  1.000  0.100  0.500  S  d0
 12270   3834.375  -1.063646  -0.177656  1.000  0.066  0.500  S  d0
 12271   3834.688  -0.852890  -0.800798  1.000  0.066  0.500  S  d0
 12272   3835.000  -0.254189  -1.089765  1.000  0.066  0.500  S  d0
 12273   3835.312  +0.476671  -0.991287  1.000  0.066  0.500  S  d0
 12274   3835.625  +1.051312  -0.581743  1.000  0.066  0.500  S  d0
 12275   3835.938  +1.155449  +0.074705  1.000  0.066  0.500  S  d0
 12276   3836.250  +0.833088  +0.730394  1.000  0.066  0.500  S  d0
 12277   3836.562  +0.212652  +1.160168  1.000  0.066  0.500  S  d0
 12278   3836.875  -0.475578  +1.132702  1.000  0.066  0.500  S  d0
 12279   3837.188  -0.978274  +0.624013  1.000  0.066  0.500  S  d0
 12280   3837.500  -1.135380  -0.131658  1.000  0.066  0.500  S  d0
 12281   3837.812  -0.919989  -0.800336  1.000  0.066  0.500  S  d0
 12282   3838.125  -0.332167  -1.169222  1.000  0.084  0.500  S  d0
 12283   3838.438  +0.438358  -1.063948  1.000  0.084  0.500  S  d0
 12284   3838.750  +1.065553  -0.611572  1.000  0.084  0.500  S  d0
 12285   3839.062  +1.255695  +0.029260  1.000  0.084  0.500  S  d0
 12286   3839.375  +0.940467  +0.719414  1.000  0.084  0.500  S  d0
 12287   3839.688  +0.266922  +1.172877  1.000  0.084  0.500  S  d0
 12288   3840.000  -0.463034  +1.217369  1.000  0.084  0.500  S  d0
 12289   3840.312  -1.014855  +0.736348  1.000  0.084  0.500  S  d0
 12290   3840.625  -1.183312  -0.052621  1.000  0.084  0.500  S  d0
 12291   3840.938  -0.985322  -0.826702  1.000  0.084  0.500  S  d0
 12292   3841.250  -0.405574  -1.249313  1.000  0.084  0.500  S  d0
 12293   3841.562  +0.380717  -1.177702  1.000  0.084  0.500  S  d0
 12294   3841.875  +1.044258  -0.696632  1.000  0.124  0.500  S  d0
 12295   3842.188  +1.339492  +0.023115  1.000  0.124  0.500  S  d0
 12296   3842.500  +1.069772  +0.727266  1.000  0.124  0.500  S  d0
 12297   3842.812  +0.357031  +1.208492  1.000  0.124  0.500  S  d0
 12298   3843.125  -0.452974  +1.274184  1.000  0.124  0.500  S  d0
 12299   3843.438  -1.069864  +0.843446  1.000  0.124  0.500  S  d0
 12300   3843.750  -1.274859  +0.043744  1.000  0.124  0.500  S  d0
 12301   3844.062  -1.052437  -0.806172  1.000  0.124  0.500  S  d0
 12302   3844.375  -0.455608  -1.313767  1.000  0.124  0.500  S  d0
 12303   3844.688  +0.337800  -1.310563  1.000  0.124  0.500  S  d0
 12304   3845.000  +1.040795  -0.786769  1.000  0.124  0.500  S  d0
 12305   3845.312  +1.392948  -0.008799  1.000  0.124  0.500  S  d0
 12306   3845.625  +1.159076  +0.720212  1.000  0.178  0.500  S  d0
 12307   3845.938  +0.495347  +1.225005  1.000  0.178  0.500  S  d0
 12308   3846.250  -0.391011  +1.315377  1.000  0.178  0.500  S  d0
 12309   3846.562  -1.096321  +0.920551  1.000  0.178  0.500  S  d0
 12310   3846.875  -1.348239  +0.139552  1.000  0.178  0.500  S  d0
 12311   3847.188  -1.124668  -0.722387  1.000  0.178  0.500  S  d0
 12312   3847.500  -0.514205  -1.338032  1.000  0.178  0.500  S  d0
 12313   3847.812  +0.273536  -1.393832  1.000  0.178  0.500  S  d0
 12314   3848.125  +1.007643  -0.919403  1.000  0.178  0.500  S  d0
 12315   3848.438  +1.369903  -0.069763  1.000  0.178  0.500  S  d0
 12316   3848.750  +1.261355  +0.708586  1.000  0.178  0.500  S  d0
 12317   3849.062  +0.619304  +1.253096  1.000  0.178  0.500  S  d0
 12318   3849.375  -0.298998  +1.350446  1.000  0.217  0.500  S  d0
 12319   3849.688  -1.066802  +0.961956  1.000  0.217  0.500  S  d0
 12320   3850.000  -1.418884  +0.223483  1.000  0.217  0.500  S  d0
 12321   3850.312  -1.227809  -0.628211  1.000  0.217  0.500  S  d0
 12322   3850.625  -0.570322  -1.309054  1.000  0.217  0.500  S  d0
 12323   3850.938  +0.224715  -1.460789  1.000  0.217  0.500  S  d0
 12324   3851.250  +0.970384  -1.012028  1.000  0.217  0.500  S  d0
 12325   3851.562  +1.378811  -0.177576  1.000  0.217  0.500  S  d0
 12326   3851.875  +1.302674  +0.676997  1.000  0.217  0.500  S  d0
 12327   3852.188  +0.718743  +1.284517  1.000  0.217  0.500  S  d0
 12328   3852.500  -0.166408  +1.354538  1.000  0.217  0.500  S  d0
 12329   3852.812  -1.032315  +0.997786  1.000  0.217  0.500  S  d0
 12330   3853.125  -1.455788  +0.288928  1.000  0.228  0.500  S  d0
 12331   3853.438  -1.322664  -0.546264  1.000  0.228  0.500  S  d0
 12332   3853.750  -0.661331  -1.251302  1.000  0.228  0.500  S  d0
 12333   3854.062  +0.213179  -1.486519  1.000  0.228  0.500  S  d0
 12334   3854.375  +0.945543  -1.109875  1.000  0.228  0.500  S  d0
 12335   3854.688  +1.333227  -0.298234  1.000  0.228  0.500  S  d0
 12336   3855.000  +1.314915  +0.634405  1.000  0.228  0.500  S  d0
 12337   3855.312  +0.791121  +1.280201  1.000  0.228  0.500  S  d0
 12338   3855.625  -0.065643  +1.398945  1.000  0.228  0.500  S  d0
 12339   3855.938  -0.984950  +1.058522  1.000  0.228  0.500  S  d0
 12340   3856.250  -1.467262  +0.351971  1.000  0.228  0.500  S  d0
 12341   3856.562  -1.318111  -0.490572  1.000  0.228  0.500  S  d0
 12342   3856.875  -0.714664  -1.244324  1.000  0.212  0.500  S  d0
 12343   3857.188  +0.066387  -1.484210  1.000  0.212  0.500  S  d0
 12344   3857.500  +0.892162  -1.110400  1.000  0.212  0.500  S  d0
 12345   3857.812  +1.416929  -0.333036  1.000  0.212  0.500  S  d0
 12346   3858.125  +1.388303  +0.498805  1.000  0.212  0.500  S  d0
 12347   3858.438  +0.757750  +1.161722  1.000  0.212  0.500  S  d0
 12348   3858.750  -0.096289  +1.471955  1.000  0.212  0.500  S  d0
 12349   3859.062  -0.842909  +1.176741  1.000  0.212  0.500  S  d0
 12350   3859.375  -1.343162  +0.369906  1.000  0.212  0.500  S  d0
 12351   3859.688  -1.378778  -0.525417  1.000  0.212  0.500  S  d0
 12352   3860.000  -0.871720  -1.168855  1.000  0.212  0.500  S  d0
 12353   3860.312  +0.058153  -1.380845  1.000  0.212  0.500  S  d0
 12354   3860.625  +0.902233  -1.147878  1.000  0.168  0.500  S  d0
 12355   3860.938  +1.325943  -0.461478  1.000  0.168  0.500  S  d0
 12356   3861.250  +1.295288  +0.472223  1.000  0.168  0.500  S  d0
 12357   3861.562  +0.842017  +1.182301  1.000  0.168  0.500  S  d0
 12358   3861.875  +0.046502  +1.369807  1.000  0.168  0.500  S  d0
 12359   3862.188  -0.849306  +1.104620  1.000  0.168  0.500  S  d0
 12360   3862.500  -1.338611  +0.484040  1.000  0.168  0.500  S  d0
 12361   3862.812  -1.291400  -0.350904  1.000  0.168  0.500  S  d0
 12362   3863.125  -0.789370  -1.104641  1.000  0.168  0.500  S  d0
 12363   3863.438  -0.072099  -1.426793  1.000  0.168  0.500  S  d0
 12364   3863.750  +0.703937  -1.131867  1.000  0.168  0.500  S  d0
 12365   3864.062  +1.297108  -0.438728  1.000  0.168  0.500  S  d0
 12366   3864.375  +1.358277  +0.318007  1.000  0.113  0.500  S  d0
 12367   3864.688  +0.824638  +1.009925  1.000  0.113  0.500  S  d0
 12368   3865.000  +0.048452  +1.357435  1.000  0.113  0.500  S  d0
 12369   3865.312  -0.673170  +1.187619  1.000  0.113  0.500  S  d0
 12370   3865.625  -1.203178  +0.489850  1.000  0.113  0.500  S  d0
 12371   3865.938  -1.334478  -0.341371  1.000  0.113  0.500  S  d0
 12372   3866.250  -0.899926  -0.967204  1.000  0.113  0.500  S  d0
 12373   3866.562  -0.087266  -1.267181  1.000  0.113  0.500  S  d0
 12374   3866.875  +0.686452  -1.168637  1.000  0.113  0.500  S  d0
 12375   3867.188  +1.162995  -0.574986  1.000  0.113  0.500  S  d0
 12376   3867.500  +1.230418  +0.280179  1.000  0.113  0.500  S  d0
 12377   3867.812  +0.904358  +0.989525  1.000  0.113  0.500  S  d0
 12378   3868.125  +0.219778  +1.258025  1.000  0.065  0.500  S  d0
 12379   3868.438  -0.634756  +1.097918  1.000  0.065  0.500  S  d0
 12380   3868.750  -1.181089  +0.584100  1.000  0.065  0.500  S  d0
 12381   3869.062  -1.240253  -0.182084  1.000  0.065  0.500  S  d0
 12382   3869.375  -0.851391  -0.933691  1.000  0.065  0.500  S  d0
 12383   3869.688  -0.186614  -1.276900  1.000  0.065  0.500  S  d0
 12384   3870.000  +0.526312  -1.128358  1.000  0.065  0.500  S  d0
 12385   3870.312  +1.081671  -0.539874  1.000  0.065  0.500  S  d0
 12386   3870.625  +1.242218  +0.215938  1.000  0.065  0.500  S  d0
 12387   3870.938  +0.905988  +0.841237  1.000  0.065  0.500  S  d0
 12388   3871.250  +0.216313  +1.160511  1.000  0.065  0.500  S  d0
 12389   3871.562  -0.559631  +1.078496  1.000  0.065  0.500  S  d0
 12390   3871.875  -1.079934  +0.606869  1.000  0.064  0.500  S  d0
 12391   3872.188  -1.172257  -0.092053  1.000  0.064  0.500  S  d0
 12392   3872.500  -0.807342  -0.792622  1.000  0.064  0.500  S  d0
 12393   3872.812  -0.218977  -1.242847  1.000  0.064  0.500  S  d0
 12394   3873.125  +0.407449  -1.099915  1.000  0.064  0.500  S  d0
 12395   3873.438  +0.992177  -0.512022  1.000  0.064  0.500  S  d0
 12396   3873.750  +1.213202  +0.136573  1.000  0.064  0.500  S  d0
 12397   3874.062  +0.881912  +0.723971  1.000  0.064  0.500  S  d0
 12398   3874.375  +0.198890  +1.100327  1.000  0.064  0.500  S  d0
 12399   3874.688  -0.450851  +1.085074  1.000  0.064  0.500  S  d0
 12400   3875.000  -0.897402  +0.597695  1.000  0.064  0.500  S  d0
 12401   3875.312  -1.133250  -0.133168  1.000  0.064  0.500  S  d0
 12402   3875.625  -0.909025  -0.738471  1.000  0.101  0.500  S  d0
 12403   3875.938  -0.289554  -1.034033  1.000  0.101  0.500  S  d0
 12404   3876.250  +0.423565  -0.996739  1.000  0.101  0.500  S  d0
 12405   3876.562  +0.960227  -0.620725  1.000  0.101  0.500  S  d0
 12406   3876.875  +1.106830  +0.022317  1.000  0.101  0.500  S  d0
 12407   3877.188  +0.803847  +0.663964  1.000  0.101  0.500  S  d0
 12408   3877.500  +0.266368  +1.095475  1.000  0.101  0.500  S  d0
 12409   3877.812  -0.342072  +1.054179  1.000  0.101  0.500  S  d0
 12410   3878.125  -0.844222  +0.597871  1.000  0.101  0.500  S  d0
 12411   3878.438  -1.050316  -0.096320  1.000  0.101  0.500  S  d0
 12412   3878.750  -0.880621  -0.689566  1.000  0.101  0.500  S  d0
 12413   3879.062  -0.350775  -0.987189  1.000  0.101  0.500  S  d0
 12414   3879.375  +0.348983  -0.944524  1.000  0.159  0.500  S  d0
 12415   3879.688  +0.887265  -0.591849  1.000  0.159  0.500  S  d0
 12416   3880.000  +1.072619  -0.034955  1.000  0.159  0.500  S  d0
 12417   3880.312  +0.830076  +0.567625  1.000  0.159  0.500  S  d0
 12418   3880.625  +0.274874  +1.000631  1.000  0.159  0.500  S  d0
 12419   3880.938  -0.317909  +1.047190  1.000  0.159  0.500  S  d0
 12420   3881.250  -0.768381  +0.637626  1.000  0.159  0.500  S  d0
 12421   3881.562  -0.969156  +0.004307  1.000  0.159  0.500  S  d0
 12422   3881.875  -0.857580  -0.625408  1.000  0.159  0.500  S  d0
 12423   3882.188  -0.407336  -0.968579  1.000  0.159  0.500  S  d0
 12424   3882.500  +0.233336  -0.920485  1.000  0.159  0.500  S  d0
 12425   3882.812  +0.801843  -0.586421  1.000  0.159  0.500  S  d0
 12426   3883.125  +1.063333  -0.080325  1.000  0.205  0.500  S  d0
 12427   3883.438  +0.853882  +0.468511  1.000  0.205  0.500  S  d0
 12428   3883.750  +0.324854  +0.896141  1.000  0.205  0.500  S  d0
 12429   3884.062  -0.261361  +0.998236  1.000  0.205  0.500  S  d0
 12430   3884.375  -0.739307  +0.696090  1.000  0.205  0.500  S  d0
 12431   3884.688  -0.930977  +0.091947  1.000  0.205  0.500  S  d0
 12432   3885.000  -0.821008  -0.548573  1.000  0.205  0.500  S  d0
 12433   3885.312  -0.424788  -0.917473  1.000  0.205  0.500  S  d0
 12434   3885.625  +0.154942  -0.937924  1.000  0.205  0.500  S  d0
 12435   3885.938  +0.706700  -0.604787  1.000  0.205  0.500  S  d0
 12436   3886.250  +1.009088  -0.078426  1.000  0.205  0.500  S  d0
 12437   3886.562  +0.889302  +0.424987  1.000  0.205  0.500  S  d0
 12438   3886.875  +0.400755  +0.815238  1.000  0.221  0.500  S  d0
 12439   3887.188  -0.218019  +0.941918  1.000  0.221  0.500  S  d0
 12440   3887.500  -0.721128  +0.717542  1.000  0.221  0.500  S  d0
 12441   3887.812  -0.931224  +0.188641  1.000  0.221  0.500  S  d0
 12442   3888.125  -0.809265  -0.453365  1.000  0.221  0.500  S  d0
 12443   3888.438  -0.443555  -0.922242  1.000  0.221  0.500  S  d0
 12444   3888.750  +0.106210  -0.987892  1.000  0.221  0.500  S  d0
 12445   3889.062  +0.654643  -0.645942  1.000  0.221  0.500  S  d0
 12446   3889.375  +0.962379  -0.114301  1.000  0.221  0.500  S  d0
 12447   3889.688  +0.917316  +0.413688  1.000  0.221  0.500  S  d0
 12448   3890.000  +0.484926  +0.801283  1.000  0.221  0.500  S  d0
 12449   3890.312  -0.150300  +0.932444  1.000  0.221  0.500  S  d0
 12450   3890.625  -0.711977  +0.736869  1.000  0.202  0.500  S  d0
 12451   3890.938  -0.959075  +0.243665  1.000  0.202  0.500  S  d0
 12452   3891.250  -0.849362  -0.378796  1.000  0.202  0.500  S  d0
 12453   3891.562  -0.430431  -0.885183  1.000  0.202  0.500  S  d0
 12454   3891.875  +0.086232  -1.031132  1.000  0.202  0.500  S  d0
 12455   3892.188  +0.593138  -0.725717  1.000  0.202  0.500  S  d0
 12456   3892.500  +0.931949  -0.156630  1.000  0.202  0.500  S  d0
 12457   3892.812  +0.948683  +0.418107  1.000  0.202  0.500  S  d0
 12458   3893.125  +0.555749  +0.793772  1.000  0.202  0.500  S  d0
 12459   3893.438  -0.108005  +0.927709  1.000  0.202  0.500  S  d0
 12460   3893.750  -0.698123  +0.792264  1.000  0.202  0.500  S  d0
 12461   3894.062  -0.934822  +0.298445  1.000  0.202  0.500  S  d0
 12462   3894.375  -0.888777  -0.400529  1.000  0.155  0.500  S  d0
 12463   3894.688  -0.562298  -0.889171  1.000  0.155  0.500  S  d0
 12464   3895.000  +0.014337  -0.967319  1.000  0.155  0.500  S  d0
 12465   3895.312  +0.673677  -0.762309  1.000  0.155  0.500  S  d0
 12466   3895.625  +1.012299  -0.293031  1.000  0.155  0.500  S  d0
 12467   3895.938  +0.924298  +0.308444  1.000  0.155  0.500  S  d0
 12468   3896.250  +0.515780  +0.885928  1.000  0.155  0.500  S  d0
 12469   3896.562  +0.013655  +1.083416  1.000  0.155  0.500  S  d0
 12470   3896.875  -0.567451  +0.790835  1.000  0.155  0.500  S  d0
 12471   3897.188  -1.043304  +0.261651  1.000  0.155  0.500  S  d0
 12472   3897.500  -1.020380  -0.287530  1.000  0.155  0.500  S  d0
 12473   3897.812  -0.584771  -0.818821  1.000  0.155  0.500  S  d0
 12474   3898.125  +0.036773  -1.086514  1.000  0.100  0.500  S  d0
 12475   3898.438  +0.593623  -0.903644  1.000  0.100  0.500  S  d0
 12476   3898.750  +0.955346  -0.295588  1.000  0.100  0.500  S  d0
 12477   3899.062  +1.058974  +0.373970  1.000  0.100  0.500  S  d0
 12478   3899.375  +0.694589  +0.827754  1.000  0.100  0.500  S  d0
 12479   3899.688  -0.014789  +1.028507  1.000  0.100  0.500  S  d0
 12480   3900.000  -0.657133  +0.915055  1.000  0.100  0.500  S  d0
 12481   3900.312  -0.998518  +0.402116  1.000  0.100  0.500  S  d0
 12482   3900.625  -1.021782  -0.343848  1.000  0.100  0.500  S  d0
 12483   3900.938  -0.721799  -0.912091  1.000  0.100  0.500  S  d0
 12484   3901.250  -0.085628  -1.070427  1.000  0.100  0.500  S  d0
 12485   3901.562  +0.653070  -0.902742  1.000  0.100  0.500  S  d0
 12486   3901.875  +1.092486  -0.432094  1.000  0.063  0.500  S  d0
 12487   3902.188  +1.077053  +0.240235  1.000  0.063  0.500  S  d0
 12488   3902.500  +0.685490  +0.916187  1.000  0.063  0.500  S  d0
 12489   3902.812  +0.108592  +1.169438  1.000  0.063  0.500  S  d0
 12490   3903.125  -0.568487  +0.975351  1.000  0.063  0.500  S  d0
 12491   3903.438  -1.079823  +0.404005  1.000  0.063  0.500  S  d0
 12492   3903.750  -1.184210  -0.266964  1.000  0.063  0.500  S  d0
 12493   3904.062  -0.787963  -0.840839  1.000  0.063  0.500  S  d0
 12494   3904.375  -0.094275  -1.127890  1.000  0.063  0.500  S  d0
 12495   3904.688  +0.645936  -1.046869  1.000  0.063  0.500  S  d0
 12496   3905.000  +1.084469  -0.557456  1.000  0.063  0.500  S  d0
 12497   3905.312  +1.115125  +0.209978  1.000  0.063  0.500  S  d0
 12498   3905.625  +0.789462  +0.916638  1.000  0.066  0.500  S  d0
 12499   3905.938  +0.190070  +1.260644  1.000  0.066  0.500  S  d0
 12500   3906.250  -0.529115  +1.080911  1.000  0.066  0.500  S  d0
 12501   3906.562  -1.091939  +0.487800  1.000  0.066  0.500  S  d0
 12502   3906.875  -1.266818  -0.223175  1.000  0.066  0.500  S  d0
 12503   3907.188  -0.911852  -0.835613  1.000  0.066  0.500  S  d0
 12504   3907.500  -0.137585  -1.202997  1.000  0.066  0.500  S  d0
 12505   3907.812  +0.593872  -1.206618  1.000  0.066  0.500  S  d0
 12506   3908.125  +1.073461  -0.601569  1.000  0.066  0.500  S  d0
 12507   3908.438  +1.231648  +0.221148  1.000  0.066  0.500  S  d0
 12508   3908.750  +0.957861  +0.910032  1.000  0.066  0.500  S  d0
 12509   3909.062  +0.248574  +1.238798  1.000  0.066  0.500  S  d0
 12510   3909.375  -0.562507  +1.147906  1.000  0.104  0.500  S  d0
 12511   3909.688  -1.156403  +0.671716  1.000  0.104  0.500  S  d0
 12512   3910.000  -1.266233  -0.113212  1.000  0.104  0.500  S  d0
 12513   3910.312  -0.941549  -0.918740  1.000  0.104  0.500  S  d0
 12514   3910.625  -0.298868  -1.348374  1.000  0.104  0.500  S  d0
 12515   3910.938  +0.473178  -1.230277  1.000  0.104  0.500  S  d0
 12516   3911.250  +1.141637  -0.633060  1.000  0.104  0.500  S  d0
 12517   3911.562  +1.386038  +0.153747  1.000  0.104  0.500  S  d0
 12518   3911.875  +1.066006  +0.882043  1.000  0.104  0.500  S  d0
 12519   3912.188  +0.304586  +1.259182  1.000  0.104  0.500  S  d0
 12520   3912.500  -0.576241  +1.264406  1.000  0.104  0.500  S  d0
 12521   3912.812  -1.196825  +0.771089  1.000  0.104  0.500  S  d0
 12522   3913.125  -1.340277  -0.042347  1.000  0.159  0.500  S  d0
 12523   3913.438  -0.989856  -0.901615  1.000  0.159  0.500  S  d0
 12524   3913.750  -0.333880  -1.414605  1.000  0.159  0.500  S  d0
 12525   3914.062  +0.424577  -1.297824  1.000  0.159  0.500  S  d0
 12526   3914.375  +1.165290  -0.686342  1.000  0.159  0.500  S  d0
 12527   3914.688  +1.429615  +0.043764  1.000  0.159  0.500  S  d0
 12528   3915.000  +1.085440  +0.831880  1.000  0.159  0.500  S  d0
 12529   3915.312  +0.330210  +1.352855  1.000  0.159  0.500  S  d0
 12530   3915.625  -0.456317  +1.345937  1.000  0.159  0.500  S  d0
 12531   3915.938  -1.121828  +0.772626  1.000  0.159  0.500  S  d0
 12532   3916.250  -1.416558  -0.057008  1.000  0.159  0.500  S  d0
 12533   3916.562  -1.155182  -0.851745  1.000  0.159  0.500  S  d0
 12534   3916.875  -0.432020  -1.310314  1.000  0.203  0.500  S  d0
 12535   3917.188  +0.490045  -1.320751  1.000  0.203  0.500  S  d0
 12536   3917.500  +1.199878  -0.872305  1.000  0.203  0.500  S  d0
 12537   3917.812  +1.407902  -0.031646  1.000  0.203  0.500  S  d0
 12538   3918.125  +1.126639  +0.835401  1.000  0.203  0.500  S  d0
 12539   3918.438  +0.445233  +1.407264  1.000  0.203  0.500  S  d0
 12540   3918.750  -0.356533  +1.419140  1.000  0.203  0.500  S  d0
 12541   3919.062  -1.115546  +0.836016  1.000  0.203  0.500  S  d0
 12542   3919.375  -1.471887  -0.011879  1.000  0.203  0.500  S  d0
 12543   3919.688  -1.246726  -0.813231  1.000  0.203  0.500  S  d0
 12544   3920.000  -0.514801  -1.329619  1.000  0.203  0.500  S  d0
 12545   3920.312  +0.412033  -1.332105  1.000  0.203  0.500  S  d0
 12546   3920.625  +1.208768  -0.913929  1.000  0.215  0.500  S  d0
 12547   3920.938  +1.454932  -0.124210  1.000  0.215  0.500  S  d0
 12548   3921.250  +1.177990  +0.744861  1.000  0.215  0.500  S  d0
 12549   3921.562  +0.503362  +1.345258  1.000  0.215  0.500  S  d0
 12550   3921.875  -0.341725  +1.470465  1.000  0.215  0.500  S  d0
 12551   3922.188  -1.049826  +0.955510  1.000  0.215  0.500  S  d0
 12552   3922.500  -1.392454  +0.062046  1.000  0.215  0.500  S  d0
 12553   3922.812  -1.294290  -0.789018  1.000  0.215  0.500  S  d0
 12554   3923.125  -0.637307  -1.319495  1.000  0.215  0.500  S  d0
 12555   3923.438  +0.293280  -1.338515  1.000  0.215  0.500  S  d0
 12556   3923.750  +1.141721  -0.924046  1.000  0.215  0.500  S  d0
 12557   3924.062  +1.441673  -0.213606  1.000  0.215  0.500  S  d0
 12558   3924.375  +1.189031  +0.662338  1.000  0.196  0.500  S  d0
 12559   3924.688  +0.591085  +1.365455  1.000  0.196  0.500  S  d0
 12560   3925.000  -0.214687  +1.443086  1.000  0.196  0.500  S  d0
 12561   3925.312  -1.020512  +0.934518  1.000  0.196  0.500  S  d0
 12562   3925.625  -1.444048  +0.169919  1.000  0.196  0.500  S  d0
 12563   3925.938  -1.257681  -0.621987  1.000  0.196  0.500  S  d0
 12564   3926.250  -0.588469  -1.277352  1.000  0.196  0.500  S  d0
 12565   3926.562  +0.214696  -1.459391  1.000  0.196  0.500  S  d0
 12566   3926.875  +0.940387  -1.004999  1.000  0.196  0.500  S  d0
 12567   3927.188  +1.389282  -0.177037  1.000  0.196  0.500  S  d0
 12568   3927.500  +1.341209  +0.643437  1.000  0.196  0.500  S  d0
 12569   3927.812  +0.671825  +1.187030  1.000  0.196  0.500  S  d0
 12570   3928.125  -0.257119  +1.373375  1.000  0.146  0.500  S  d0
 12571   3928.438  -0.969245  +1.052161  1.000  0.146  0.500  S  d0
 12572   3928.750  -1.315075  +0.264046  1.000  0.146  0.500  S  d0
 12573   3929.062  -1.265530  -0.605714  1.000  0.146  0.500  S  d0
 12574   3929.375  -0.743688  -1.210343  1.000  0.146  0.500  S  d0
 12575   3929.688  +0.126970  -1.302208  1.000  0.146  0.500  S  d0
 12576   3930.000  +0.975047  -1.013187  1.000  0.146  0.500  S  d0
 12577   3930.312  +1.395109  -0.337680  1.000  0.146  0.500  S  d0
 12578   3930.625  +1.236542  +0.509279  1.000  0.146  0.500  S  d0
 12579   3930.938  +0.660327  +1.187792  1.000  0.146  0.500  S  d0
 12580   3931.250  -0.124784  +1.384045  1.000  0.146  0.500  S  d0
 12581   3931.562  -0.833936  +1.034559  1.000  0.146  0.500  S  d0
 12582   3931.875  -1.282270  +0.282326  1.000  0.089  0.500  S  d0
 12583   3932.188  -1.300690  -0.545318  1.000  0.089  0.500  S  d0
 12584   3932.500  -0.758513  -1.129938  1.000  0.089  0.500  S  d0
 12585   3932.812  +0.072179  -1.276412  1.000  0.089  0.500  S  d0
 12586   3933.125  +0.899607  -0.985525  1.000  0.089  0.500  S  d0
 12587   3933.438  +1.324076  -0.358564  1.000  0.089  0.500  S  d0
 12588   3933.750  +1.210272  +0.392796  1.000  0.089  0.500  S  d0
 12589   3934.062  +0.642625  +1.113202  1.000  0.089  0.500  S  d0
 12590   3934.375  -0.015827  +1.346818  1.000  0.089  0.500  S  d0
 12591   3934.688  -0.757582  +1.007495  1.000  0.089  0.500  S  d0
 12592   3935.000  -1.261420  +0.309056  1.000  0.089  0.500  S  d0
 12593   3935.312  -1.248783  -0.409128  1.000  0.089  0.500  S  d0
 12594   3935.625  -0.705689  -1.000877  1.000  0.049  0.500  S  d0
 12595   3935.938  +0.061966  -1.284429  1.000  0.049  0.500  S  d0
 12596   3936.250  +0.752030  -1.048357  1.000  0.049  0.500  S  d0
 12597   3936.562  +1.167247  -0.352566  1.000  0.049  0.500  S  d0
 12598   3936.875  +1.199596  +0.444652  1.000  0.049  0.500  S  d0
 12599   3937.188  +0.751419  +0.991070  1.000  0.049  0.500  S  d0
 12600   3937.500  +0.021463  +1.181478  1.000  0.049  0.500  S  d0
 12601   3937.812  -0.747930  +0.984687  1.000  0.049  0.500  S  d0
 12602   3938.125  -1.198722  +0.433284  1.000  0.049  0.500  S  d0
 12603   3938.438  -1.162942  -0.314626  1.000  0.049  0.500  S  d0
 12604   3938.750  -0.689407  -0.940488  1.000  0.049  0.500  S  d0
 12605   3939.062  -0.004091  -1.243706  1.000  0.049  0.500  S  d0
 12606   3939.375  +0.625640  -1.038379  1.000  0.051  0.500  S  d0
 12607   3939.688  +1.053823  -0.406522  1.000  0.051  0.500  S  d0
 12608   3940.000  +1.123707  +0.343353  1.000  0.051  0.500  S  d0
 12609   3940.312  +0.810801  +0.939100  1.000  0.051  0.500  S  d0
 12610   3940.625  +0.129798  +1.124012  1.000  0.051  0.500  S  d0
 12611   3940.938  -0.654854  +0.944376  1.000  0.051  0.500  S  d0
 12612   3941.250  -1.108285  +0.475261  1.000  0.051  0.500  S  d0
 12613   3941.562  -1.090395  -0.210605  1.000  0.051  0.500  S  d0
 12614   3941.875  -0.706743  -0.889807  1.000  0.051  0.500  S  d0
 12615   3942.188  -0.145883  -1.160136  1.000  0.051  0.500  S  d0
 12616   3942.500  +0.527976  -0.944466  1.000  0.051  0.500  S  d0
 12617   3942.812  +1.065283  -0.437887  1.000  0.051  0.500  S  d0
 12618   3943.125  +1.120631  +0.183901  1.000  0.099  0.500  S  d0
 12619   3943.438  +0.704157  +0.785190  1.000  0.099  0.500  S  d0
 12620   3943.750  +0.091160  +1.132039  1.000  0.099  0.500  S  d0
 12621   3944.062  -0.465798  +0.996878  1.000  0.099  0.500  S  d0
 12622   3944.375  -0.935496  +0.434232  1.000  0.099  0.500  S  d0
 12623   3944.688  -1.119369  -0.228317  1.000  0.099  0.500  S  d0
 12624   3945.000  -0.791978  -0.735384  1.000  0.099  0.500  S  d0
 12625   3945.312  -0.114159  -1.014961  1.000  0.099  0.500  S  d0
 12626   3945.625  +0.520863  -0.991045  1.000  0.099  0.500  S  d0
 12627   3945.938  +0.897380  -0.523365  1.000  0.099  0.500  S  d0
 12628   3946.250  +1.004885  +0.203409  1.000  0.099  0.500  S  d0
 12629   3946.562  +0.798972  +0.763106  1.000  0.099  0.500  S  d0
 12630   3946.875  +0.219195  +0.983316  1.000  0.157  0.500  S  d0
 12631   3947.188  -0.467807  +0.910759  1.000  0.157  0.500  S  d0
 12632   3947.500  -0.938816  +0.511149  1.000  0.157  0.500  S  d0
 12633   3947.812  -1.034248  -0.079557  1.000  0.157  0.500  S  d0
 12634   3948.125  -0.715296  -0.692325  1.000  0.157  0.500  S  d0
 12635   3948.438  -0.173448  -1.036656  1.000  0.157  0.500  S  d0
 12636   3948.750  +0.377531  -0.958854  1.000  0.157  0.500  S  d0
 12637   3949.062  +0.819634  -0.486837  1.000  0.157  0.500  S  d0
 12638   3949.375  +1.009800  +0.144295  1.000  0.157  0.500  S  d0
 12639   3949.688  +0.807949  +0.681507  1.000  0.157  0.500  S  d0
 12640   3950.000  +0.259316  +0.938350  1.000  0.157  0.500  S  d0
 12641   3950.312  -0.395395  +0.872448  1.000  0.157  0.500  S  d0
 12642   3950.625  -0.891979  +0.510230  1.000  0.201  0.500  S  d0
 12643   3950.938  -1.015777  -0.024957  1.000  0.201  0.500  S  d0
 12644   3951.250  -0.728507  -0.589557  1.000  0.201  0.500  S  d0
 12645   3951.562  -0.195170  -0.959244  1.000  0.201  0.500  S  d0
 12646   3951.875  +0.360415  -0.976641  1.000  0.201  0.500  S  d0
 12647   3952.188  +0.765331  -0.559542  1.000  0.201  0.500  S  d0
 12648   3952.500  +0.938040  +0.084502  1.000  0.201  0.500  S  d0
 12649   3952.812  +0.779432  +0.662760  1.000  0.201  0.500  S  d0
 12650   3953.125  +0.303813  +0.935383  1.000  0.201  0.500  S  d0
 12651   3953.438  -0.300703  +0.862993  1.000  0.201  0.500  S  d0
 12652   3953.750  -0.839845  +0.497599  1.000  0.201  0.500  S  d0
 12653   3954.062  -1.018650  +0.009371  1.000  0.201  0.500  S  d0
 12654   3954.375  -0.740152  -0.512323  1.000  0.211  0.500  S  d0
 12655   3954.688  -0.225051  -0.939174  1.000  0.211  0.500  S  d0
 12656   3955.000  +0.284931  -0.983783  1.000  0.211  0.500  S  d0
 12657   3955.312  +0.718591  -0.549796  1.000  0.211  0.500  S  d0
 12658   3955.625  +0.975545  +0.048260  1.000  0.211  0.500  S  d0
 12659   3955.938  +0.831786  +0.538490  1.000  0.211  0.500  S  d0
 12660   3956.250  +0.275520  +0.871238  1.000  0.211  0.500  S  d0
 12661   3956.562  -0.316171  +0.948599  1.000  0.211  0.500  S  d0
 12662   3956.875  -0.752748  +0.638944  1.000  0.211  0.500  S  d0
 12663   3957.188  -0.929169  +0.005114  1.000  0.211  0.500  S  d0
 12664   3957.500  -0.818035  -0.588036  1.000  0.211  0.500  S  d0
 12665   3957.812  -0.370044  -0.916674  1.000  0.211  0.500  S  d0
 12666   3958.125  +0.232377  -0.900676  1.000  0.188  0.500  S  d0
 12667   3958.438  +0.802169  -0.577656  1.000  0.188  0.500  S  d0
 12668   3958.750  +1.010037  -0.081463  1.000  0.188  0.500  S  d0
 12669   3959.062  +0.820527  +0.469211  1.000  0.188  0.500  S  d0
 12670   3959.375  +0.324395  +0.895954  1.000  0.188  0.500  S  d0
 12671   3959.688  -0.259693  +0.989906  1.000  0.188  0.500  S  d0
 12672   3960.000  -0.737129  +0.691145  1.000  0.188  0.500  S  d0
 12673   3960.312  -0.935340  +0.088868  1.000  0.188  0.500  S  d0
 12674   3960.625  -0.826208  -0.555925  1.000  0.188  0.500  S  d0
 12675   3960.938  -0.430897  -0.945726  1.000  0.188  0.500  S  d0
 12676   3961.250  +0.153785  -0.951163  1.000  0.188  0.500  S  d0
 12677   3961.562  +0.752627  -0.619548  1.000  0.188  0.500  S  d0
 12678   3961.875  +1.040153  -0.106464  1.000  0.135  0.500  S  d0
 12679   3962.188  +0.914868  +0.439019  1.000  0.135  0.500  S  d0
 12680   3962.500  +0.407860  +0.866684  1.000  0.135  0.500  S  d0
 12681   3962.812  -0.230646  +1.029267  1.000  0.135  0.500  S  d0
 12682   3963.125  -0.753571  +0.762259  1.000  0.135  0.500  S  d0
 12683   3963.438  -0.979447  +0.182632  1.000  0.135  0.500  S  d0
 12684   3963.750  -0.860056  -0.506124  1.000  0.135  0.500  S  d0
 12685   3964.062  -0.477229  -0.984270  1.000  0.135  0.500  S  d0
 12686   3964.375  +0.099004  -1.036194  1.000  0.135  0.500  S  d0
 12687   3964.688  +0.704630  -0.708855  1.000  0.135  0.500  S  d0
 12688   3965.000  +1.049068  -0.131354  1.000  0.135  0.500  S  d0
 12689   3965.312  +1.023214  +0.450711  1.000  0.135  0.500  S  d0
 12690   3965.625  +0.525220  +0.877612  1.000  0.078  0.500  S  d0
 12691   3965.938  -0.176494  +1.031772  1.000  0.078  0.500  S  d0
 12692   3966.250  -0.783280  +0.808552  1.000  0.078  0.500  S  d0
 12693   3966.562  -1.063028  +0.252343  1.000  0.078  0.500  S  d0
 12694   3966.875  -0.934929  -0.445480  1.000  0.078  0.500  S  d0
 12695   3967.188  -0.507094  -0.973534  1.000  0.078  0.500  S  d0
 12696   3967.500  +0.070045  -1.127571  1.000  0.078  0.500  S  d0
 12697   3967.812  +0.657968  -0.785404  1.000  0.078  0.500  S  d0
 12698   3968.125  +1.107068  -0.176859  1.000  0.078  0.500  S  d0
 12699   3968.438  +1.108123  +0.401437  1.000  0.078  0.500  S  d0
 12700   3968.750  +0.557986  +0.904991  1.000  0.078  0.500  S  d0
 12701   3969.062  -0.138080  +1.141647  1.000  0.078  0.500  S  d0
 12702   3969.375  -0.703003  +0.910472  1.000  0.043  0.500  S  d0
 12703   3969.688  -1.066498  +0.253521  1.000  0.043  0.500  S  d0
 12704   3970.000  -1.094477  -0.468499  1.000  0.043  0.500  S  d0
 12705   3970.312  -0.674476  -0.967922  1.000  0.043  0.500  S  d0
 12706   3970.625  +0.086831  -1.124191  1.000  0.043  0.500  S  d0
 12707   3970.938  +0.788851  -0.921343  1.000  0.043  0.500  S  d0
 12708   3971.250  +1.137120  -0.345596  1.000  0.043  0.500  S  d0
 12709   3971.562  +1.080491  +0.409219  1.000  0.043  0.500  S  d0
 12710   3971.875  +0.629146  +1.038809  1.000  0.043  0.500  S  d0
 12711   3972.188  -0.011157  +1.235472  1.000  0.043  0.500  S  d0
 12712   3972.500  -0.711112  +0.956520  1.000  0.043  0.500  S  d0
 12713   3972.812  -1.158116  +0.296599  1.000  0.043  0.500  S  d0
 12714   3973.125  -1.177023  -0.435381  1.000  0.047  0.500  S  d0
 12715   3973.438  -0.765791  -0.989156  1.000  0.047  0.500  S  d0
 12716   3973.750  +0.016999  -1.189460  1.000  0.047  0.500  S  d0
 12717   3974.062  +0.781108  -0.986404  1.000  0.047  0.500  S  d0
 12718   3974.375  +1.236130  -0.413511  1.000  0.047  0.500  S  d0
 12719   3974.688  +1.191052  +0.353822  1.000  0.047  0.500  S  d0
 12720   3975.000  +0.682337  +1.027249  1.000  0.047  0.500  S  d0
 12721   3975.312  -0.005023  +1.320817  1.000  0.047  0.500  S  d0
 12722   3975.625  -0.705683  +1.063421  1.000  0.047  0.500  S  d0
 12723   3975.938  -1.168313  +0.369964  1.000  0.047  0.500  S  d0
 12724   3976.250  -1.239420  -0.429804  1.000  0.047  0.500  S  d0
 12725   3976.562  -0.840527  -1.053172  1.000  0.047  0.500  S  d0
 12726   3976.875  -0.055369  -1.246998  1.000  0.094  0.500  S  d0
 12727   3977.188  +0.752617  -1.035331  1.000  0.094  0.500  S  d0
 12728   3977.500  +1.305410  -0.467874  1.000  0.094  0.500  S  d0
 12729   3977.812  +1.281763  +0.287285  1.000  0.094  0.500  S  d0
 12730   3978.125  +0.770778  +0.998687  1.000  0.094  0.500  S  d0
 12731   3978.438  +0.045580  +1.366219  1.000  0.094  0.500  S  d0
 12732   3978.750  -0.700331  +1.204750  1.000  0.094  0.500  S  d0
 12733   3979.062  -1.198602  +0.510291  1.000  0.094  0.500  S  d0
 12734   3979.375  -1.292573  -0.368854  1.000  0.094  0.500  S  d0
 12735   3979.688  -0.909266  -1.073001  1.000  0.094  0.500  S  d0
 12736   3980.000  -0.170320  -1.335147  1.000  0.094  0.500  S  d0
 12737   3980.312  +0.682873  -1.121362  1.000  0.094  0.500  S  d0
 12738   3980.625  +1.290521  -0.535586  1.000  0.150  0.500  S  d0
 12739   3980.938  +1.400316  +0.246055  1.000  0.150  0.500  S  d0
 12740   3981.250  +0.901548  +0.937234  1.000  0.150  0.500  S  d0
 12741   3981.562  +0.092866  +1.407926  1.000  0.150  0.500  S  d0
 12742   3981.875  -0.650623  +1.289390  1.000  0.150  0.500  S  d0
 12743   3982.188  -1.215955  +0.589112  1.000  0.150  0.500  S  d0
 12744   3982.500  -1.365546  -0.286734  1.000  0.150  0.500  S  d0
 12745   3982.812  -1.010126  -0.989317  1.000  0.150  0.500  S  d0
 12746   3983.125  -0.200056  -1.357169  1.000  0.150  0.500  S  d0
 12747   3983.438  +0.695585  -1.271900  1.000  0.150  0.500  S  d0
 12748   3983.750  +1.248248  -0.696871  1.000  0.150  0.500  S  d0
 12749   3984.062  +1.334741  +0.212529  1.000  0.150  0.500  S  d0
 12750   3984.375  +1.015924  +1.037108  1.000  0.194  0.500  S  d0
 12751   3984.688  +0.291931  +1.421136  1.000  0.194  0.500  S  d0
 12752   3985.000  -0.590768  +1.238809  1.000  0.194  0.500  S  d0
 12753   3985.312  -1.279215  +0.657485  1.000  0.194  0.500  S  d0
 12754   3985.625  -1.450444  -0.135474  1.000  0.194  0.500  S  d0
 12755   3985.938  -1.033653  -0.943822  1.000  0.194  0.500  S  d0
 12756   3986.250  -0.257088  -1.414348  1.000  0.194  0.500  S  d0
 12757   3986.562  +0.594819  -1.341066  1.000  0.194  0.500  S  d0
 12758   3986.875  +1.203953  -0.757376  1.000  0.194  0.500  S  d0
 12759   3987.188  +1.399994  +0.170160  1.000  0.194  0.500  S  d0
 12760   3987.500  +1.061932  +0.994529  1.000  0.194  0.500  S  d0
 12761   3987.812  +0.373108  +1.432366  1.000  0.194  0.500  S  d0
 12762   3988.125  -0.525040  +1.287121  1.000  0.207  0.500  S  d0
 12763   3988.438  -1.272154  +0.700609  1.000  0.207  0.500  S  d0
 12764   3988.750  -1.472624  -0.069285  1.000  0.207  0.500  S  d0
 12765   3989.062  -1.045620  -0.885187  1.000  0.207  0.500  S  d0
 12766   3989.375  -0.311121  -1.455167  1.000  0.207  0.500  S  d0
 12767   3989.688  +0.472762  -1.356520  1.000  0.207  0.500  S  d0
 12768   3990.000  +1.194064  -0.742204  1.000  0.207  0.500  S  d0
 12769   3990.312  +1.498065  +0.107839  1.000  0.207  0.500  S  d0
 12770   3990.625  +1.137310  +0.861970  1.000  0.207  0.500  S  d0
 12771   3990.938  +0.330331  +1.351412  1.000  0.207  0.500  S  d0
 12772   3991.250  -0.538367  +1.402322  1.000  0.207  0.500  S  d0
 12773   3991.562  -1.168310  +0.837698  1.000  0.207  0.500  S  d0
 12774   3991.875  -1.398631  -0.081298  1.000  0.185  0.500  S  d0
 12775   3992.188  -1.145177  -0.926287  1.000  0.185  0.500  S  d0
 12776   3992.500  -0.432458  -1.376319  1.000  0.185  0.500  S  d0
 12777   3992.812  +0.440442  -1.330078  1.000  0.185  0.500  S  d0
 12778   3993.125  +1.175959  -0.754876  1.000  0.185  0.500  S  d0
 12779   3993.438  +1.481060  +0.024658  1.000  0.185  0.500  S  d0
 12780   3993.750  +1.175418  +0.804221  1.000  0.185  0.500  S  d0
 12781   3994.062  +0.387869  +1.296888  1.000  0.185  0.500  S  d0
 12782   3994.375  -0.478536  +1.362135  1.000  0.185  0.500  S  d0
 12783   3994.688  -1.148683  +0.883677  1.000  0.185  0.500  S  d0
 12784   3995.000  -1.372750  +0.026904  1.000  0.185  0.500  S  d0
 12785   3995.312  -1.115280  -0.837802  1.000  0.185  0.500  S  d0
 12786   3995.625  -0.497340  -1.385878  1.000  0.135  0.500  S  d0
 12787   3995.938  +0.344050  -1.321266  1.000  0.135  0.500  S  d0
 12788   3996.250  +1.097394  -0.804239  1.000  0.135  0.500  S  d0
 12789   3996.562  +1.427244  -0.017894  1.000  0.135  0.500  S  d0
 12790   3996.875  +1.206664  +0.741393  1.000  0.135  0.500  S  d0
 12791   3997.188  +0.486588  +1.218040  1.000  0.135  0.500  S  d0
 12792   3997.500  -0.407156  +1.332877  1.000  0.135  0.500  S  d0
 12793   3997.812  -1.082308  +0.917621  1.000  0.135  0.500  S  d0
 12794   3998.125  -1.312364  +0.148799  1.000  0.135  0.500  S  d0
 12795   3998.438  -1.090174  -0.734634  1.000  0.135  0.500  S  d0
 12796   3998.750  -0.557630  -1.318852  1.000  0.135  0.500  S  d0
 12797   3999.062  +0.240042  -1.304630  1.000  0.135  0.500  S  d0
 12798   3999.375  +1.018657  -0.824569  1.000  0.080  0.500  S  d0
 12799   3999.688  +1.384717  -0.139014  1.000  0.080  0.500  S  d0
 12800   4000.000  +1.117676  +0.600699  1.000  0.080  0.500  S  d0
 12801   4000.312  +0.505174  +1.214816  1.000  0.080  0.500  S  d0
 12802   4000.625  -0.224173  +1.317746  1.000  0.080  0.500  S  d0
 12803   4000.938  -0.920547  +0.862696  1.000  0.080  0.500  S  d0
 12804   4001.250  -1.332255  +0.136906  1.000  0.080  0.500  S  d0
 12805   4001.562  -1.181329  -0.570716  1.000  0.080  0.500  S  d0
 12806   4001.875  -0.542400  -1.104099  1.000  0.080  0.500  S  d0
 12807   4002.188  +0.257328  -1.274263  1.000  0.080  0.500  S  d0
 12808   4002.500  +0.891074  -0.952918  1.000  0.080  0.500  S  d0
 12809   4002.812  +1.230180  -0.176858  1.000  0.080  0.500  S  d0
 12810   4003.125  +1.161571  +0.612464  1.000  0.051  0.500  S  d0
 12811   4003.438  +0.618827  +1.089727  1.000  0.051  0.500  S  d0
 12812   4003.750  -0.191248  +1.183627  1.000  0.051  0.500  S  d0
 12813   4004.062  -0.907116  +0.906368  1.000  0.051  0.500  S  d0
 12814   4004.375  -1.218619  +0.253561  1.000  0.051  0.500  S  d0
 12815   4004.688  -1.071287  -0.534328  1.000  0.051  0.500  S  d0
 12816   4005.000  -0.589272  -1.093649  1.000  0.051  0.500  S  d0
 12817   4005.312  +0.096226  -1.187309  1.000  0.051  0.500  S  d0
 12818   4005.625  +0.784235  -0.841118  1.000  0.051  0.500  S  d0
 12819   4005.938  +1.202239  -0.221247  1.000  0.051  0.500  S  d0
 12820   4006.250  +1.134744  +0.441122  1.000  0.051  0.500  S  d0
 12821   4006.562  +0.598393  +0.973052  1.000  0.051  0.500  S  d0
 12822   4006.875  -0.131795  +1.145900  1.000  0.066  0.500  S  d0
 12823   4007.188  -0.807294  +0.929174  1.000  0.066  0.500  S  d0
 12824   4007.500  -1.092219  +0.304771  1.000  0.066  0.500  S  d0
 12825   4007.812  -1.034022  -0.451082  1.000  0.066  0.500  S  d0
 12826   4008.125  -0.590479  -1.032474  1.000  0.066  0.500  S  d0
 12827   4008.438  +0.004910  -1.165467  1.000  0.066  0.500  S  d0
 12828   4008.750  +0.691897  -0.817763  1.000  0.066  0.500  S  d0
 12829   4009.062  +1.149502  -0.255690  1.000  0.066  0.500  S  d0
 12830   4009.375  +1.092965  +0.379085  1.000  0.066  0.500  S  d0
 12831   4009.688  +0.569466  +0.893332  1.000  0.066  0.500  S  d0
 12832   4010.000  -0.096108  +1.157507  1.000  0.066  0.500  S  d0
 12833   4010.312  -0.658630  +0.907051  1.000  0.066  0.500  S  d0
 12834   4010.625  -1.023846  +0.245217  1.000  0.116  0.500  S  d0
 12835   4010.938  -1.057828  -0.390963  1.000  0.116  0.500  S  d0
 12836   4011.250  -0.633298  -0.862977  1.000  0.116  0.500  S  d0
 12837   4011.562  +0.059980  -1.056955  1.000  0.116  0.500  S  d0
 12838   4011.875  +0.699262  -0.875073  1.000  0.116  0.500  S  d0
 12839   4012.188  +0.999799  -0.344456  1.000  0.116  0.500  S  d0
 12840   4012.500  +0.959689  +0.349817  1.000  0.116  0.500  S  d0
 12841   4012.812  +0.598032  +0.899931  1.000  0.116  0.500  S  d0
 12842   4013.125  +0.023502  +1.065850  1.000  0.116  0.500  S  d0
 12843   4013.438  -0.577092  +0.822393  1.000  0.116  0.500  S  d0
 12844   4013.750  -0.979672  +0.279272  1.000  0.116  0.500  S  d0
 12845   4014.062  -1.033007  -0.314005  1.000  0.116  0.500  S  d0
 12846   4014.375  -0.660709  -0.773199  1.000  0.172  0.500  S  d0
 12847   4014.688  +0.018799  -0.977398  1.000  0.172  0.500  S  d0
 12848   4015.000  +0.632682  -0.854786  1.000  0.172  0.500  S  d0
 12849   4015.312  +0.928628  -0.400004  1.000  0.172  0.500  S  d0
 12850   4015.625  +0.914036  +0.275702  1.000  0.172  0.500  S  d0
 12851   4015.938  +0.608836  +0.853355  1.000  0.172  0.500  S  d0
 12852   4016.250  +0.101056  +1.005450  1.000  0.172  0.500  S  d0
 12853   4016.562  -0.527413  +0.782372  1.000  0.172  0.500  S  d0
 12854   4016.875  -0.970957  +0.368929  1.000  0.172  0.500  S  d0
 12855   4017.188  -0.964423  -0.194117  1.000  0.172  0.500  S  d0
 12856   4017.500  -0.576294  -0.748690  1.000  0.172  0.500  S  d0
 12857   4017.812  -0.075355  -1.025220  1.000  0.172  0.500  S  d0
 12858   4018.125  +0.450717  -0.835054  1.000  0.210  0.500  S  d0
 12859   4018.438  +0.907376  -0.343679  1.000  0.210  0.500  S  d0
 12860   4018.750  +1.016034  +0.205173  1.000  0.210  0.500  S  d0
 12861   4019.062  +0.632854  +0.668304  1.000  0.210  0.500  S  d0
 12862   4019.375  +0.033748  +0.966693  1.000  0.210  0.500  S  d0
 12863   4019.688  -0.465990  +0.897365  1.000  0.210  0.500  S  d0
 12864   4020.000  -0.808303  +0.398543  1.000  0.210  0.500  S  d0
 12865   4020.312  -0.974000  -0.237809  1.000  0.210  0.500  S  d0
 12866   4020.625  -0.720142  -0.698446  1.000  0.210  0.500  S  d0
 12867   4020.938  -0.117367  -0.901586  1.000  0.210  0.500  S  d0
 12868   4021.250  +0.500834  -0.862031  1.000  0.210  0.500  S  d0
 12869   4021.562  +0.863147  -0.467970  1.000  0.210  0.500  S  d0
 12870   4021.875  +0.901853  +0.152662  1.000  0.214  0.500  S  d0
 12871   4022.188  +0.667477  +0.730368  1.000  0.214  0.500  S  d0
 12872   4022.500  +0.186136  +0.987737  1.000  0.214  0.500  S  d0
 12873   4022.812  -0.385444  +0.836018  1.000  0.214  0.500  S  d0
 12874   4023.125  -0.856797  +0.393431  1.000  0.214  0.500  S  d0
 12875   4023.438  -1.000355  -0.133729  1.000  0.214  0.500  S  d0
 12876   4023.750  -0.721289  -0.633283  1.000  0.214  0.500  S  d0
 12877   4024.062  -0.146448  -0.904689  1.000  0.214  0.500  S  d0
 12878   4024.375  +0.450492  -0.890559  1.000  0.214  0.500  S  d0
 12879   4024.688  +0.837395  -0.527565  1.000  0.214  0.500  S  d0
 12880   4025.000  +0.926263  +0.080232  1.000  0.214  0.500  S  d0
 12881   4025.312  +0.677111  +0.691302  1.000  0.214  0.500  S  d0
 12882   4025.625  +0.225691  +1.004865  1.000  0.184  0.500  S  d0
 12883   4025.938  -0.341972  +0.896507  1.000  0.184  0.500  S  d0
 12884   4026.250  -0.818860  +0.448436  1.000  0.184  0.500  S  d0
 12885   4026.562  -1.013797  -0.123042  1.000  0.184  0.500  S  d0
 12886   4026.875  -0.793603  -0.621983  1.000  0.184  0.500  S  d0
 12887   4027.188  -0.234308  -0.907861  1.000  0.184  0.500  S  d0
 12888   4027.500  +0.432927  -0.892888  1.000  0.184  0.500  S  d0
 12889   4027.812  +0.880909  -0.565945  1.000  0.184  0.500  S  d0
 12890   4028.125  +0.972947  +0.023633  1.000  0.184  0.500  S  d0
 12891   4028.438  +0.721511  +0.628963  1.000  0.184  0.500  S  d0
 12892   4028.750  +0.224723  +1.027173  1.000  0.184  0.500  S  d0
 12893   4029.062  -0.316501  +0.975406  1.000  0.184  0.500  S  d0
 12894   4029.375  -0.786498  +0.536237  1.000  0.132  0.500  S  d0
 12895   4029.688  -1.028765  -0.109455  1.000  0.132  0.500  S  d0
 12896   4030.000  -0.859561  -0.660680  1.000  0.132  0.500  S  d0
 12897   4030.312  -0.313594  -0.953276  1.000  0.132  0.500  S  d0
 12898   4030.625  +0.357596  -0.923155  1.000  0.132  0.500  S  d0
 12899   4030.938  +0.910868  -0.564287  1.000  0.132  0.500  S  d0
 12900   4031.250  +1.073629  -0.028945  1.000  0.132  0.500  S  d0
 12901   4031.562  +0.808677  +0.579761  1.000  0.132  0.500  S  d0
 12902   4031.875  +0.266087  +1.036004  1.000  0.132  0.500  S  d0
 12903   4032.188  -0.332023  +1.069706  1.000  0.132  0.500  S  d0
 12904   4032.500  -0.783379  +0.634601  1.000  0.132  0.500  S  d0
 12905   4032.812  -1.040048  -0.028768  1.000  0.132  0.500  S  d0
 12906   4033.125  -0.901858  -0.677711  1.000  0.076  0.500  S  d0
 12907   4033.438  -0.392253  -1.026995  1.000  0.076  0.500  S  d0
 12908   4033.750  +0.293609  -0.983319  1.000  0.076  0.500  S  d0
 12909   4034.062  +0.901408  -0.614995  1.000  0.076  0.500  S  d0
 12910   4034.375  +1.154229  -0.033455  1.000  0.076  0.500  S  d0
 12911   4034.688  +0.914214  +0.546908  1.000  0.076  0.500  S  d0
 12912   4035.000  +0.327131  +0.995484  1.000  0.076  0.500  S  d0
 12913   4035.312  -0.327340  +1.135422  1.000  0.076  0.500  S  d0
 12914   4035.625  -0.838637  +0.760162  1.000  0.076  0.500  S  d0
 12915   4035.938  -1.071701  +0.020739  1.000  0.076  0.500  S  d0
 12916   4036.250  -0.978349  -0.665108  1.000  0.076  0.500  S  d0
 12917   4036.562  -0.487505  -1.026961  1.000  0.076  0.500  S  d0
 12918   4036.875  +0.272828  -1.058857  1.000  0.046  0.500  S  d0
 12919   4037.188  +0.940738  -0.776879  1.000  0.046  0.500  S  d0
 12920   4037.500  +1.122574  -0.157055  1.000  0.046  0.500  S  d0
 12921   4037.812  +0.974702  +0.616278  1.000  0.046  0.500  S  d0
 12922   4038.125  +0.507144  +1.126140  1.000  0.046  0.500  S  d0
 12923   4038.438  -0.191813  +1.151680  1.000  0.046  0.500  S  d0
 12924   4038.750  -0.892632  +0.759780  1.000  0.046  0.500  S  d0
 12925   4039.062  -1.241273  +0.130126  1.000  0.046  0.500  S  d0
 12926   4039.375  -1.072049  -0.529766  1.000  0.046  0.500  S  d0
 12927   4039.688  -0.478562  -1.074238  1.000  0.046  0.500  S  d0
 12928   4040.000  +0.233620  -1.225105  1.000  0.046  0.500  S  d0
 12929   4040.312  +0.863336  -0.897456  1.000  0.046  0.500  S  d0
 12930   4040.625  +1.190666  -0.184305  1.000  0.062  0.500  S  d0
 12931   4040.938  +1.087555  +0.612916  1.000  0.062  0.500  S  d0
 12932   4041.250  +0.590173  +1.157676  1.000  0.062  0.500  S  d0
 12933   4041.562  -0.133546  +1.218971  1.000  0.062  0.500  S  d0
 12934   4041.875  -0.884449  +0.829600  1.000  0.062  0.500  S  d0
 12935   4042.188  -1.300181  +0.193818  1.000  0.062  0.500  S  d0
 12936   4042.500  -1.195280  -0.491130  1.000  0.062  0.500  S  d0
 12937   4042.812  -0.540302  -1.073170  1.000  0.062  0.500  S  d0
 12938   4043.125  +0.196590  -1.351379  1.000  0.062  0.500  S  d0
 12939   4043.438  +0.840905  -0.992737  1.000  0.062  0.500  S  d0
 12940   4043.750  +1.236730  -0.215981  1.000  0.062  0.500  S  d0
 12941   4044.062  +1.234246  +0.592272  1.000  0.062  0.500  S  d0
 12942   4044.375  +0.671854  +1.121952  1.000  0.113  0.500  S  d0
 12943   4044.688  -0.166493  +1.284320  1.000  0.113  0.500  S  d0
 12944   4045.000  -0.909471  +1.030773  1.000  0.113  0.500  S  d0
 12945   4045.312  -1.258385  +0.322434  1.000  0.113  0.500  S  d0
 12946   4045.625  -1.203564  -0.581556  1.000  0.113  0.500  S  d0
 12947   4045.938  -0.751254  -1.187878  1.000  0.113  0.500  S  d0
 12948   4046.250  +0.069685  -1.312122  1.000  0.113  0.500  S  d0
 12949   4046.562  +0.938828  -0.991471  1.000  0.113  0.500  S  d0
 12950   4046.875  +1.354173  -0.376410  1.000  0.113  0.500  S  d0
 12951   4047.188  +1.213895  +0.475133  1.000  0.113  0.500  S  d0
 12952   4047.500  +0.713672  +1.208562  1.000  0.113  0.500  S  d0
 12953   4047.812  -0.029824  +1.418529  1.000  0.113  0.500  S  d0
 12954   4048.125  -0.834895  +1.020688  1.000  0.172  0.500  S  d0
 12955   4048.438  -1.386296  +0.328843  1.000  0.172  0.500  S  d0
 12956   4048.750  -1.326144  -0.431171  1.000  0.172  0.500  S  d0
 12957   4049.062  -0.718349  -1.153041  1.000  0.172  0.500  S  d0
 12958   4049.375  +0.077892  -1.438230  1.000  0.172  0.500  S  d0
 12959   4049.688  +0.818792  -1.123210  1.000  0.172  0.500  S  d0
 12960   4050.000  +1.308782  -0.339623  1.000  0.172  0.500  S  d0
 12961   4050.312  +1.356793  +0.485370  1.000  0.172  0.500  S  d0
 12962   4050.625  +0.819923  +1.111148  1.000  0.172  0.500  S  d0
 12963   4050.938  -0.073485  +1.382771  1.000  0.172  0.500  S  d0
 12964   4051.250  -0.862389  +1.173463  1.000  0.172  0.500  S  d0
 12965   4051.562  -1.304950  +0.443084  1.000  0.172  0.500  S  d0
 12966   4051.875  -1.329856  -0.499891  1.000  0.211  0.500  S  d0
 12967   4052.188  -0.861852  -1.167363  1.000  0.211  0.500  S  d0
 12968   4052.500  -0.037965  -1.373733  1.000  0.211  0.500  S  d0
 12969   4052.812  +0.833695  -1.132941  1.000  0.211  0.500  S  d0
 12970   4053.125  +1.406773  -0.496477  1.000  0.211  0.500  S  d0
 12971   4053.438  +1.393410  +0.353752  1.000  0.211  0.500  S  d0
 12972   4053.750  +0.834256  +1.130430  1.000  0.211  0.500  S  d0
 12973   4054.062  +0.030477  +1.460971  1.000  0.211  0.500  S  d0
 12974   4054.375  -0.777334  +1.252537  1.000  0.211  0.500  S  d0
 12975   4054.688  -1.311393  +0.516761  1.000  0.211  0.500  S  d0
 12976   4055.000  -1.366385  -0.404330  1.000  0.211  0.500  S  d0
 12977   4055.312  -0.958191  -1.144882  1.000  0.211  0.500  S  d0
 12978   4055.625  -0.152261  -1.433243  1.000  0.219  0.500  S  d0
 12979   4055.938  +0.743405  -1.185535  1.000  0.219  0.500  S  d0
 12980   4056.250  +1.381166  -0.525185  1.000  0.219  0.500  S  d0
 12981   4056.562  +1.453415  +0.279976  1.000  0.219  0.500  S  d0
 12982   4056.875  +0.909290  +1.045431  1.000  0.219  0.500  S  d0
 12983   4057.188  +0.084309  +1.430550  1.000  0.219  0.500  S  d0
 12984   4057.500  -0.731856  +1.308216  1.000  0.219  0.500  S  d0
 12985   4057.812  -1.258894  +0.611489  1.000  0.219  0.500  S  d0
 12986   4058.125  -1.349258  -0.295541  1.000  0.219  0.500  S  d0
 12987   4058.438  -0.984019  -1.109202  1.000  0.219  0.500  S  d0
 12988   4058.750  -0.245261  -1.449851  1.000  0.219  0.500  S  d0
 12989   4059.062  +0.673164  -1.203982  1.000  0.219  0.500  S  d0
 12990   4059.375  +1.322542  -0.573637  1.000  0.188  0.500  S  d0
 12991   4059.688  +1.455331  +0.196182  1.000  0.188  0.500  S  d0
 12992   4060.000  +0.974334  +0.961886  1.000  0.188  0.500  S  d0
 12993   4060.312  +0.160404  +1.425825  1.000  0.188  0.500  S  d0
 12994   4060.625  -0.610690  +1.308524  1.000  0.188  0.500  S  d0
 12995   4060.938  -1.223661  +0.636944  1.000  0.188  0.500  S  d0
 12996   4061.250  -1.437898  -0.231533  1.000  0.188  0.500  S  d0
 12997   4061.562  -1.052082  -0.940844  1.000  0.188  0.500  S  d0
 12998   4061.875  -0.210400  -1.346194  1.000  0.188  0.500  S  d0
 12999   4062.188  +0.626841  -1.295098  1.000  0.188  0.500  S  d0
 13000   4062.500  +1.192079  -0.711991  1.000  0.188  0.500  S  d0
 13001   4062.812  +1.358771  +0.168936  1.000  0.188  0.500  S  d0
 13002   4063.125  +1.032572  +0.984455  1.000  0.136  0.500  S  d0
 13003   4063.438  +0.303069  +1.360322  1.000  0.136  0.500  S  d0
 13004   4063.750  -0.531751  +1.234365  1.000  0.136  0.500  S  d0
 13005   4064.062  -1.200154  +0.648230  1.000  0.136  0.500  S  d0
 13006   4064.375  -1.405481  -0.095441  1.000  0.136  0.500  S  d0
 13007   4064.688  -1.039459  -0.864733  1.000  0.136  0.500  S  d0
 13008   4065.000  -0.266139  -1.331451  1.000  0.136  0.500  S  d0
 13009   4065.312  +0.551465  -1.266081  1.000  0.136  0.500  S  d0
 13010   4065.625  +1.141368  -0.763290  1.000  0.136  0.500  S  d0
 13011   4065.938  +1.318386  +0.086617  1.000  0.136  0.500  S  d0
 13012   4066.250  +0.995136  +0.902875  1.000  0.136  0.500  S  d0
 13013   4066.562  +0.355182  +1.352580  1.000  0.136  0.500  S  d0
 13014   4066.875  -0.423096  +1.220396  1.000  0.083  0.500  S  d0
 13015   4067.188  -1.120626  +0.662699  1.000  0.083  0.500  S  d0
 13016   4067.500  -1.385109  -0.096266  1.000  0.083  0.500  S  d0
 13017   4067.812  -1.060754  -0.779405  1.000  0.083  0.500  S  d0
 13018   4068.125  -0.319791  -1.193320  1.000  0.083  0.500  S  d0
 13019   4068.438  +0.495236  -1.203512  1.000  0.083  0.500  S  d0
 13020   4068.750  +1.104644  -0.784966  1.000  0.083  0.500  S  d0
 13021   4069.062  +1.242529  +0.001471  1.000  0.083  0.500  S  d0
 13022   4069.375  +0.941695  +0.814749  1.000  0.083  0.500  S  d0
 13023   4069.688  +0.375693  +1.280083  1.000  0.083  0.500  S  d0
 13024   4070.000  -0.337327  +1.167888  1.000  0.083  0.500  S  d0
 13025   4070.312  -1.012566  +0.643573  1.000  0.083  0.500  S  d0
 13026   4070.625  -1.304272  -0.024003  1.000  0.057  0.500  S  d0
 13027   4070.938  -0.998411  -0.678883  1.000  0.057  0.500  S  d0
 13028   4071.250  -0.335397  -1.170185  1.000  0.057  0.500  S  d0
 13029   4071.562  +0.354198  -1.202866  1.000  0.057  0.500  S  d0
 13030   4071.875  +0.951764  -0.708958  1.000  0.057  0.500  S  d0
 13031   4072.188  +1.233684  +0.028044  1.000  0.057  0.500  S  d0
 13032   4072.500  +1.038097  +0.699605  1.000  0.057  0.500  S  d0
 13033   4072.812  +0.377299  +1.070667  1.000  0.057  0.500  S  d0
 13034   4073.125  -0.404624  +1.156066  1.000  0.057  0.500  S  d0
 13035   4073.438  -0.934268  +0.780905  1.000  0.057  0.500  S  d0
 13036   4073.750  -1.125509  +0.022680  1.000  0.057  0.500  S  d0
 13037   4074.062  -0.984868  -0.699499  1.000  0.057  0.500  S  d0
 13038   4074.375  -0.475857  -1.092363  1.000  0.076  0.500  S  d0
 13039   4074.688  +0.315007  -1.063785  1.000  0.076  0.500  S  d0
 13040   4075.000  +0.942357  -0.736120  1.000  0.076  0.500  S  d0
 13041   4075.312  +1.121530  -0.119979  1.000  0.076  0.500  S  d0
 13042   4075.625  +0.922049  +0.617007  1.000  0.076  0.500  S  d0
 13043   4075.938  +0.433581  +1.090275  1.000  0.076  0.500  S  d0
 13044   4076.250  -0.214008  +1.092271  1.000  0.076  0.500  S  d0
 13045   4076.562  -0.840891  +0.679695  1.000  0.076  0.500  S  d0
 13046   4076.875  -1.150165  +0.105638  1.000  0.076  0.500  S  d0
 13047   4077.188  -0.939957  -0.508349  1.000  0.076  0.500  S  d0
 13048   4077.500  -0.399526  -1.004294  1.000  0.076  0.500  S  d0
 13049   4077.812  +0.212711  -1.116407  1.000  0.076  0.500  S  d0
 13050   4078.125  +0.754084  -0.737954  1.000  0.126  0.500  S  d0
 13051   4078.438  +1.083088  -0.074169  1.000  0.126  0.500  S  d0
 13052   4078.750  +0.986842  +0.496667  1.000  0.126  0.500  S  d0
 13053   4079.062  +0.444791  +0.909430  1.000  0.126  0.500  S  d0
 13054   4079.375  -0.230907  +1.058457  1.000  0.126  0.500  S  d0
 13055   4079.688  -0.751652  +0.781998  1.000  0.126  0.500  S  d0
 13056   4080.000  -0.994032  +0.143318  1.000  0.126  0.500  S  d0
 13057   4080.312  -0.932862  -0.525040  1.000  0.126  0.500  S  d0
 13058   4080.625  -0.531994  -0.913342  1.000  0.126  0.500  S  d0
 13059   4080.938  +0.164000  -0.957739  1.000  0.126  0.500  S  d0
 13060   4081.250  +0.779247  -0.747191  1.000  0.126  0.500  S  d0
 13061   4081.562  +0.997947  -0.223386  1.000  0.126  0.500  S  d0
 13062   4081.875  +0.867758  +0.454826  1.000  0.177  0.500  S  d0
 13063   4082.188  +0.497674  +0.932838  1.000  0.177  0.500  S  d0
 13064   4082.500  -0.071421  +1.000418  1.000  0.177  0.500  S  d0
 13065   4082.812  -0.706189  +0.679861  1.000  0.177  0.500  S  d0
 13066   4083.125  -1.029040  +0.205698  1.000  0.177  0.500  S  d0
 13067   4083.438  -0.886701  -0.358251  1.000  0.177  0.500  S  d0
 13068   4083.750  -0.454129  -0.880870  1.000  0.177  0.500  S  d0
 13069   4084.062  +0.071036  -1.051058  1.000  0.177  0.500  S  d0
 13070   4084.375  +0.601978  -0.711733  1.000  0.177  0.500  S  d0
 13071   4084.688  +0.981549  -0.156640  1.000  0.177  0.500  S  d0
 13072   4085.000  +0.956711  +0.368942  1.000  0.177  0.500  S  d0
 13073   4085.312  +0.490576  +0.787072  1.000  0.177  0.500  S  d0
 13074   4085.625  -0.129960  +0.981460  1.000  0.213  0.500  S  d0
 13075   4085.938  -0.613316  +0.790605  1.000  0.213  0.500  S  d0
 13076   4086.250  -0.882576  +0.205469  1.000  0.213  0.500  S  d0
 13077   4086.562  -0.911576  -0.410520  1.000  0.213  0.500  S  d0
 13078   4086.875  -0.563634  -0.783112  1.000  0.213  0.500  S  d0
 13079   4087.188  +0.067129  -0.907108  1.000  0.213  0.500  S  d0
 13080   4087.500  +0.672487  -0.772475  1.000  0.213  0.500  S  d0
 13081   4087.812  +0.900345  -0.298416  1.000  0.213  0.500  S  d0
 13082   4088.125  +0.851805  +0.359995  1.000  0.213  0.500  S  d0
 13083   4088.438  +0.551212  +0.839672  1.000  0.213  0.500  S  d0
 13084   4088.750  +0.007110  +0.934107  1.000  0.213  0.500  S  d0
 13085   4089.062  -0.608654  +0.728144  1.000  0.213  0.500  S  d0
 13086   4089.375  -0.974246  +0.306604  1.000  0.216  0.500  S  d0
 13087   4089.688  -0.883219  -0.246041  1.000  0.216  0.500  S  d0
 13088   4090.000  -0.515438  -0.816725  1.000  0.216  0.500  S  d0
 13089   4090.312  -0.024230  -1.014099  1.000  0.216  0.500  S  d0
 13090   4090.625  +0.510163  -0.757738  1.000  0.216  0.500  S  d0
 13091   4090.938  +0.934249  -0.258475  1.000  0.216  0.500  S  d0
 13092   4091.250  +0.982308  +0.245335  1.000  0.216  0.500  S  d0
 13093   4091.562  +0.571217  +0.716530  1.000  0.216  0.500  S  d0
 13094   4091.875  -0.012116  +0.981004  1.000  0.216  0.500  S  d0
 13095   4092.188  -0.527499  +0.849062  1.000  0.216  0.500  S  d0
 13096   4092.500  -0.861833  +0.303385  1.000  0.216  0.500  S  d0
 13097   4092.812  -0.951209  -0.303270  1.000  0.216  0.500  S  d0
 13098   4093.125  -0.650143  -0.730508  1.000  0.186  0.500  S  d0
 13099   4093.438  -0.031905  -0.927670  1.000  0.186  0.500  S  d0
 13100   4093.750  +0.566507  -0.858028  1.000  0.186  0.500  S  d0
 13101   4094.062  +0.879929  -0.420911  1.000  0.186  0.500  S  d0
 13102   4094.375  +0.907447  +0.272790  1.000  0.186  0.500  S  d0
 13103   4094.688  +0.658935  +0.814930  1.000  0.186  0.500  S  d0
 13104   4095.000  +0.116328  +0.975887  1.000  0.186  0.500  S  d0
 13105   4095.312  -0.532322  +0.801197  1.000  0.186  0.500  S  d0
 13106   4095.625  -0.962709  +0.407004  1.000  0.186  0.500  S  d0
 13107   4095.938  -0.949569  -0.169541  1.000  0.186  0.500  S  d0
 13108   4096.250  -0.618688  -0.776382  1.000  0.186  0.500  S  d0
 13109   4096.562  -0.127244  -1.053429  1.000  0.186  0.500  S  d0
 13110   4096.875  +0.443486  -0.862332  1.000  0.135  0.500  S  d0
 13111   4097.188  +0.958745  -0.380053  1.000  0.135  0.500  S  d0
 13112   4097.500  +1.053823  +0.155312  1.000  0.135  0.500  S  d0
 13113   4097.812  +0.681573  +0.717393  1.000  0.135  0.500  S  d0
 13114   4098.125  +0.100456  +1.040601  1.000  0.135  0.500  S  d0
 13115   4098.438  -0.466781  +0.977623  1.000  0.135  0.500  S  d0
 13116   4098.750  -0.888558  +0.440585  1.000  0.135  0.500  S  d0
 13117   4099.062  -1.074559  -0.210363  1.000  0.135  0.500  S  d0
 13118   4099.375  -0.787316  -0.731462  1.000  0.135  0.500  S  d0
 13119   4099.688  -0.141686  -0.998990  1.000  0.135  0.500  S  d0
 13120   4100.000  +0.518261  -0.983806  1.000  0.135  0.500  S  d0
 13121   4100.312  +0.918180  -0.555201  1.000  0.135  0.500  S  d0
 13122   4100.625  +1.023768  +0.171913  1.000  0.085  0.500  S  d0
 13123   4100.938  +0.814487  +0.791985  1.000  0.085  0.500  S  d0
 13124   4101.250  +0.241074  +1.049825  1.000  0.085  0.500  S  d0
 13125   4101.562  -0.500208  +0.960875  1.000  0.085  0.500  S  d0
 13126   4101.875  -1.004866  +0.577544  1.000  0.085  0.500  S  d0
 13127   4102.188  -1.071524  -0.074270  1.000  0.085  0.500  S  d0
 13128   4102.500  -0.772524  -0.790809  1.000  0.085  0.500  S  d0
 13129   4102.812  -0.264634  -1.144261  1.000  0.085  0.500  S  d0
 13130   4103.125  +0.417840  -1.019265  1.000  0.085  0.500  S  d0
 13131   4103.438  +1.011071  -0.545382  1.000  0.085  0.500  S  d0
 13132   4103.750  +1.192243  +0.071795  1.000  0.085  0.500  S  d0
 13133   4104.062  +0.835566  +0.708521  1.000  0.085  0.500  S  d0
 13134   4104.375  +0.222284  +1.159721  1.000  0.060  0.500  S  d0
 13135   4104.688  -0.427889  +1.134512  1.000  0.060  0.500  S  d0
 13136   4105.000  -0.957098  +0.590004  1.000  0.060  0.500  S  d0
 13137   4105.312  -1.235158  -0.120093  1.000  0.060  0.500  S  d0
 13138   4105.625  -0.939697  -0.722368  1.000  0.060  0.500  S  d0
 13139   4105.938  -0.252089  -1.123991  1.000  0.060  0.500  S  d0
 13140   4106.250  +0.474634  -1.151688  1.000  0.060  0.500  S  d0
 13141   4106.562  +0.990369  -0.689521  1.000  0.060  0.500  S  d0
 13142   4106.875  +1.172319  +0.076256  1.000  0.060  0.500  S  d0
 13143   4107.188  +0.956609  +0.806650  1.000  0.060  0.500  S  d0
 13144   4107.500  +0.376857  +1.191997  1.000  0.060  0.500  S  d0
 13145   4107.812  -0.395597  +1.112673  1.000  0.060  0.500  S  d0
 13146   4108.125  -1.041063  +0.668047  1.000  0.083  0.500  S  d0
 13147   4108.438  -1.304573  -0.022389  1.000  0.083  0.500  S  d0
 13148   4108.750  -1.009833  -0.712101  1.000  0.083  0.500  S  d0
 13149   4109.062  -0.321896  -1.182785  1.000  0.083  0.500  S  d0
 13150   4109.375  +0.440855  -1.246961  1.000  0.083  0.500  S  d0
 13151   4109.688  +1.010502  -0.791633  1.000  0.083  0.500  S  d0
 13152   4110.000  +1.237074  -0.004819  1.000  0.083  0.500  S  d0
 13153   4110.312  +1.040937  +0.794723  1.000  0.083  0.500  S  d0
 13154   4110.625  +0.448897  +1.253972  1.000  0.083  0.500  S  d0
 13155   4110.938  -0.310924  +1.243521  1.000  0.083  0.500  S  d0
 13156   4111.250  -1.054752  +0.760876  1.000  0.083  0.500  S  d0
 13157   4111.562  -1.358796  +0.014895  1.000  0.083  0.500  S  d0
 13158   4111.875  -1.138821  -0.693307  1.000  0.131  0.500  S  d0
 13159   4112.188  -0.447066  -1.190063  1.000  0.131  0.500  S  d0
 13160   4112.500  +0.395084  -1.282129  1.000  0.131  0.500  S  d0
 13161   4112.812  +1.061045  -0.897291  1.000  0.131  0.500  S  d0
 13162   4113.125  +1.307619  -0.124941  1.000  0.131  0.500  S  d0
 13163   4113.438  +1.102310  +0.721763  1.000  0.131  0.500  S  d0
 13164   4113.750  +0.517043  +1.303375  1.000  0.131  0.500  S  d0
 13165   4114.062  -0.267884  +1.370149  1.000  0.131  0.500  S  d0
 13166   4114.375  -1.014780  +0.863077  1.000  0.131  0.500  S  d0
 13167   4114.688  -1.373626  +0.073680  1.000  0.131  0.500  S  d0
 13168   4115.000  -1.250760  -0.717518  1.000  0.131  0.500  S  d0
 13169   4115.312  -0.595524  -1.236158  1.000  0.131  0.500  S  d0
 13170   4115.625  +0.326260  -1.325656  1.000  0.184  0.500  S  d0
 13171   4115.938  +1.087900  -0.951711  1.000  0.184  0.500  S  d0
 13172   4116.250  +1.403360  -0.212583  1.000  0.184  0.500  S  d0
 13173   4116.562  +1.186168  +0.657431  1.000  0.184  0.500  S  d0
 13174   4116.875  +0.560555  +1.324561  1.000  0.184  0.500  S  d0
 13175   4117.188  -0.226010  +1.439698  1.000  0.184  0.500  S  d0
 13176   4117.500  -0.969763  +0.979639  1.000  0.184  0.500  S  d0
 13177   4117.812  -1.391069  +0.149444  1.000  0.184  0.500  S  d0
 13178   4118.125  -1.320054  -0.683517  1.000  0.184  0.500  S  d0
 13179   4118.438  -0.696253  -1.239992  1.000  0.184  0.500  S  d0
 13180   4118.750  +0.221750  -1.350884  1.000  0.184  0.500  S  d0
 13181   4119.062  +1.062914  -1.018284  1.000  0.184  0.500  S  d0
 13182   4119.375  +1.465566  -0.272855  1.000  0.220  0.500  S  d0
 13183   4119.688  +1.273136  +0.565605  1.000  0.220  0.500  S  d0
 13184   4120.000  +0.609587  +1.258235  1.000  0.220  0.500  S  d0
 13185   4120.312  -0.193045  +1.480949  1.000  0.220  0.500  S  d0
 13186   4120.625  -0.951921  +1.082086  1.000  0.220  0.500  S  d0
 13187   4120.938  -1.364299  +0.238019  1.000  0.220  0.500  S  d0
 13188   4121.250  -1.314612  -0.640975  1.000  0.220  0.500  S  d0
 13189   4121.562  -0.751452  -1.250410  1.000  0.220  0.500  S  d0
 13190   4121.875  +0.089933  -1.386653  1.000  0.220  0.500  S  d0
 13191   4122.188  +0.983253  -1.023507  1.000  0.220  0.500  S  d0
 13192   4122.500  +1.485784  -0.311160  1.000  0.220  0.500  S  d0
 13193   4122.812  +1.337104  +0.509076  1.000  0.220  0.500  S  d0
 13194   4123.125  +0.675267  +1.177420  1.000  0.216  0.500  S  d0
 13195   4123.438  -0.157282  +1.460576  1.000  0.216  0.500  S  d0
 13196   4123.750  -0.918424  +1.150106  1.000  0.216  0.500  S  d0
 13197   4124.062  -1.329551  +0.358415  1.000  0.216  0.500  S  d0
 13198   4124.375  -1.299313  -0.563229  1.000  0.216  0.500  S  d0
 13199   4124.688  -0.794771  -1.272951  1.000  0.216  0.500  S  d0
 13200   4125.000  +0.016972  -1.410618  1.000  0.216  0.500  S  d0
 13201   4125.312  +0.896667  -1.046994  1.000  0.216  0.500  S  d0
 13202   4125.625  +1.434804  -0.351207  1.000  0.216  0.500  S  d0
 13203   4125.938  +1.366186  +0.476376  1.000  0.216  0.500  S  d0
 13204   4126.250  +0.783549  +1.120267  1.000  0.216  0.500  S  d0
 13205   4126.562  -0.088873  +1.409747  1.000  0.216  0.500  S  d0
 13206   4126.875  -0.916657  +1.185728  1.000  0.182  0.500  S  d0
 13207   4127.188  -1.342383  +0.441566  1.000  0.182  0.500  S  d0
 13208   4127.500  -1.281824  -0.500801  1.000  0.182  0.500  S  d0
 13209   4127.812  -0.826862  -1.232294  1.000  0.182  0.500  S  d0
 13210   4128.125  -0.044155  -1.391768  1.000  0.182  0.500  S  d0
 13211   4128.438  +0.851460  -1.091016  1.000  0.182  0.500  S  d0
 13212   4128.750  +1.383807  -0.453155  1.000  0.182  0.500  S  d0
 13213   4129.062  +1.328548  +0.391670  1.000  0.182  0.500  S  d0
 13214   4129.375  +0.806913  +1.143971  1.000  0.182  0.500  S  d0
 13215   4129.688  +0.033206  +1.442387  1.000  0.182  0.500  S  d0
 13216   4130.000  -0.732574  +1.124385  1.000  0.182  0.500  S  d0
 13217   4130.312  -1.309334  +0.414594  1.000  0.182  0.500  S  d0
 13218   4130.625  -1.406725  -0.342111  1.000  0.128  0.500  S  d0
 13219   4130.938  -0.830019  -1.039575  1.000  0.128  0.500  S  d0
 13220   4131.250  +0.007166  -1.386324  1.000  0.128  0.500  S  d0
 13221   4131.562  +0.699531  -1.210296  1.000  0.128  0.500  S  d0
 13222   4131.875  +1.224521  -0.458112  1.000  0.128  0.500  S  d0
 13223   4132.188  +1.341032  +0.383633  1.000  0.128  0.500  S  d0
 13224   4132.500  +0.913714  +1.028251  1.000  0.128  0.500  S  d0
 13225   4132.812  +0.072595  +1.290367  1.000  0.128  0.500  S  d0
 13226   4133.125  -0.751278  +1.182509  1.000  0.128  0.500  S  d0
 13227   4133.438  -1.218825  +0.568049  1.000  0.128  0.500  S  d0
 13228   4133.750  -1.259713  -0.335568  1.000  0.128  0.500  S  d0
 13229   4134.062  -0.886937  -1.035253  1.000  0.128  0.500  S  d0
 13230   4134.375  -0.180904  -1.275414  1.000  0.078  0.500  S  d0
 13231   4134.688  +0.690134  -1.080243  1.000  0.078  0.500  S  d0
 13232   4135.000  +1.223750  -0.574659  1.000  0.078  0.500  S  d0
 13233   4135.312  +1.230747  +0.209112  1.000  0.078  0.500  S  d0
 13234   4135.625  +0.853972  +0.981885  1.000  0.078  0.500  S  d0
 13235   4135.938  +0.190973  +1.300912  1.000  0.078  0.500  S  d0
 13236   4136.250  -0.551124  +1.082419  1.000  0.078  0.500  S  d0
 13237   4136.562  -1.170379  +0.519495  1.000  0.078  0.500  S  d0
 13238   4136.875  -1.305524  -0.197720  1.000  0.078  0.500  S  d0
 13239   4137.188  -0.848179  -0.849742  1.000  0.078  0.500  S  d0
 13240   4137.500  -0.132216  -1.274695  1.000  0.078  0.500  S  d0
 13241   4137.812  +0.525319  -1.142949  1.000  0.078  0.500  S  d0
 13242   4138.125  +1.046842  -0.516622  1.000  0.062  0.500  S  d0
 13243   4138.438  +1.249922  +0.218989  1.000  0.062  0.500  S  d0
 13244   4138.750  +0.923452  +0.828423  1.000  0.062  0.500  S  d0
 13245   4139.062  +0.181943  +1.138246  1.000  0.062  0.500  S  d0
 13246   4139.375  -0.559353  +1.132228  1.000  0.062  0.500  S  d0
 13247   4139.688  -1.027388  +0.625016  1.000  0.062  0.500  S  d0
 13248   4140.000  -1.153074  -0.178914  1.000  0.062  0.500  S  d0
 13249   4140.312  -0.899417  -0.858850  1.000  0.062  0.500  S  d0
 13250   4140.625  -0.272195  -1.143072  1.000  0.062  0.500  S  d0
 13251   4140.938  +0.492783  -1.039490  1.000  0.062  0.500  S  d0
 13252   4141.250  +1.046921  -0.578991  1.000  0.062  0.500  S  d0
 13253   4141.562  +1.181208  +0.062319  1.000  0.062  0.500  S  d0
 13254   4141.875  +0.828406  +0.746614  1.000  0.080  0.500  S  d0
 13255   4142.188  +0.212671  +1.162505  1.000  0.080  0.500  S  d0
 13256   4142.500  -0.440047  +1.104552  1.000  0.080  0.500  S  d0
 13257   4142.812  -0.907881  +0.590680  1.000  0.080  0.500  S  d0
 13258   4143.125  -1.094613  -0.122893  1.000  0.080  0.500  S  d0
 13259   4143.438  -0.883911  -0.772376  1.000  0.080  0.500  S  d0
 13260   4143.750  -0.321258  -1.067194  1.000  0.080  0.500  S  d0
 13261   4144.062  +0.382968  -0.973369  1.000  0.080  0.500  S  d0
 13262   4144.375  +0.991554  -0.568016  1.000  0.080  0.500  S  d0
 13263   4144.688  +1.134107  -0.002912  1.000  0.080  0.500  S  d0
 13264   4145.000  +0.782583  +0.619852  1.000  0.080  0.500  S  d0
 13265   4145.312  +0.267703  +1.095267  1.000  0.080  0.500  S  d0
 13266   4145.625  -0.304771  +1.058416  1.000  0.135  0.500  S  d0
 13267   4145.938  -0.853188  +0.552331  1.000  0.135  0.500  S  d0
 13268   4146.250  -1.107334  -0.049993  1.000  0.135  0.500  S  d0
 13269   4146.562  -0.856998  -0.592059  1.000  0.135  0.500  S  d0
 13270   4146.875  -0.254021  -0.978931  1.000  0.135  0.500  S  d0
 13271   4147.188  +0.331972  -1.023776  1.000  0.135  0.500  S  d0
 13272   4147.500  +0.807136  -0.624086  1.000  0.135  0.500  S  d0
 13273   4147.812  +1.006860  +0.027583  1.000  0.135  0.500  S  d0
 13274   4148.125  +0.830091  +0.633823  1.000  0.135  0.500  S  d0
 13275   4148.438  +0.366956  +0.962879  1.000  0.135  0.500  S  d0
 13276   4148.750  -0.292220  +0.920628  1.000  0.135  0.500  S  d0
 13277   4149.062  -0.843496  +0.602142  1.000  0.135  0.500  S  d0
 13278   4149.375  -1.038900  +0.049044  1.000  0.190  0.500  S  d0
 13279   4149.688  -0.824662  -0.521676  1.000  0.190  0.500  S  d0
 13280   4150.000  -0.289072  -0.940876  1.000  0.190  0.500  S  d0
 13281   4150.312  +0.293824  -1.019737  1.000  0.190  0.500  S  d0
 13282   4150.625  +0.749164  -0.658858  1.000  0.190  0.500  S  d0
 13283   4150.938  +0.937402  -0.033034  1.000  0.190  0.500  S  d0
 13284   4151.250  +0.819151  +0.587447  1.000  0.190  0.500  S  d0
 13285   4151.562  +0.409338  +0.942817  1.000  0.190  0.500  S  d0
 13286   4151.875  -0.192525  +0.916433  1.000  0.190  0.500  S  d0
 13287   4152.188  -0.765338  +0.587705  1.000  0.190  0.500  S  d0
 13288   4152.500  -1.020008  +0.073815  1.000  0.190  0.500  S  d0
 13289   4152.812  -0.855423  -0.443333  1.000  0.190  0.500  S  d0
 13290   4153.125  -0.353935  -0.852125  1.000  0.219  0.500  S  d0
 13291   4153.438  +0.243168  -0.971356  1.000  0.219  0.500  S  d0
 13292   4153.750  +0.717362  -0.709412  1.000  0.219  0.500  S  d0
 13293   4154.062  +0.912318  -0.133049  1.000  0.219  0.500  S  d0
 13294   4154.375  +0.811007  +0.513944  1.000  0.219  0.500  S  d0
 13295   4154.688  +0.431603  +0.924565  1.000  0.219  0.500  S  d0
 13296   4155.000  -0.117014  +0.952935  1.000  0.219  0.500  S  d0
 13297   4155.312  -0.671121  +0.607494  1.000  0.219  0.500  S  d0
 13298   4155.625  -0.996217  +0.097655  1.000  0.219  0.500  S  d0
 13299   4155.938  -0.904869  -0.416811  1.000  0.219  0.500  S  d0
 13300   4156.250  -0.425752  -0.802509  1.000  0.219  0.500  S  d0
 13301   4156.562  +0.199240  -0.941026  1.000  0.219  0.500  S  d0
 13302   4156.875  +0.710590  -0.724423  1.000  0.215  0.500  S  d0
 13303   4157.188  +0.926011  -0.202265  1.000  0.215  0.500  S  d0
 13304   4157.500  +0.812020  +0.428705  1.000  0.215  0.500  S  d0
 13305   4157.812  +0.432844  +0.895265  1.000  0.215  0.500  S  d0
 13306   4158.125  -0.084304  +0.992905  1.000  0.215  0.500  S  d0
 13307   4158.438  -0.618415  +0.676215  1.000  0.215  0.500  S  d0
 13308   4158.750  -0.956932  +0.127742  1.000  0.215  0.500  S  d0
 13309   4159.062  -0.919866  -0.427808  1.000  0.215  0.500  S  d0
 13310   4159.375  -0.508129  -0.805383  1.000  0.215  0.500  S  d0
 13311   4159.688  +0.132003  -0.919573  1.000  0.215  0.500  S  d0
 13312   4160.000  +0.700597  -0.715646  1.000  0.215  0.500  S  d0
 13313   4160.312  +0.974790  -0.251170  1.000  0.215  0.500  S  d0
 13314   4160.625  +0.860652  +0.350208  1.000  0.177  0.500  S  d0
 13315   4160.938  +0.453486  +0.864645  1.000  0.177  0.500  S  d0
 13316   4161.250  -0.085966  +1.042336  1.000  0.177  0.500  S  d0
 13317   4161.562  -0.596875  +0.763103  1.000  0.177  0.500  S  d0
 13318   4161.875  -0.929793  +0.196670  1.000  0.177  0.500  S  d0
 13319   4162.188  -0.960803  -0.431961  1.000  0.177  0.500  S  d0
 13320   4162.500  -0.584893  -0.827680  1.000  0.177  0.500  S  d0
 13321   4162.812  +0.044417  -0.945092  1.000  0.177  0.500  S  d0
 13322   4163.125  +0.690562  -0.756557  1.000  0.177  0.500  S  d0
 13323   4163.438  +1.044520  -0.294140  1.000  0.177  0.500  S  d0
 13324   4163.750  +0.933312  +0.305854  1.000  0.177  0.500  S  d0
 13325   4164.062  +0.505046  +0.841927  1.000  0.177  0.500  S  d0
 13326   4164.375  -0.074565  +1.073610  1.000  0.123  0.500  S  d0
 13327   4164.688  -0.585967  +0.857869  1.000  0.123  0.500  S  d0
 13328   4165.000  -0.949075  +0.246688  1.000  0.123  0.500  S  d0
 13329   4165.312  -0.999980  -0.400834  1.000  0.123  0.500  S  d0
 13330   4165.625  -0.642216  -0.838634  1.000  0.123  0.500  S  d0
 13331   4165.938  +0.034150  -1.017813  1.000  0.123  0.500  S  d0
 13332   4166.250  +0.684879  -0.862233  1.000  0.123  0.500  S  d0
 13333   4166.562  +0.991034  -0.354453  1.000  0.123  0.500  S  d0
 13334   4166.875  +0.977003  +0.360032  1.000  0.123  0.500  S  d0
 13335   4167.188  +0.657320  +0.921517  1.000  0.123  0.500  S  d0
 13336   4167.500  +0.035839  +1.067115  1.000  0.123  0.500  S  d0
 13337   4167.812  -0.664681  +0.856476  1.000  0.123  0.500  S  d0
 13338   4168.125  -1.089682  +0.388752  1.000  0.072  0.500  S  d0
 13339   4168.438  -1.039969  -0.260061  1.000  0.072  0.500  S  d0
 13340   4168.750  -0.605869  -0.915239  1.000  0.072  0.500  S  d0
 13341   4169.062  -0.048632  -1.167422  1.000  0.072  0.500  S  d0
 13342   4169.375  +0.571732  -0.903388  1.000  0.072  0.500  S  d0
 13343   4169.688  +1.080119  -0.355701  1.000  0.072  0.500  S  d0
 13344   4170.000  +1.132947  +0.255551  1.000  0.072  0.500  S  d0
 13345   4170.312  +0.681496  +0.830742  1.000  0.072  0.500  S  d0
 13346   4170.625  +0.030087  +1.176744  1.000  0.072  0.500  S  d0
 13347   4170.938  -0.567845  +1.016980  1.000  0.072  0.500  S  d0
 13348   4171.250  -1.023358  +0.408752  1.000  0.072  0.500  S  d0
 13349   4171.562  -1.175849  -0.310217  1.000  0.072  0.500  S  d0
 13350   4171.875  -0.805994  -0.872764  1.000  0.053  0.500  S  d0
 13351   4172.188  -0.083124  -1.121465  1.000  0.053  0.500  S  d0
 13352   4172.500  +0.646144  -1.048231  1.000  0.053  0.500  S  d0
 13353   4172.812  +1.062562  -0.533621  1.000  0.053  0.500  S  d0
 13354   4173.125  +1.119292  +0.286724  1.000  0.053  0.500  S  d0
 13355   4173.438  +0.837091  +0.930972  1.000  0.053  0.500  S  d0
 13356   4173.750  +0.206536  +1.184705  1.000  0.053  0.500  S  d0
 13357   4174.062  -0.600617  +1.034540  1.000  0.053  0.500  S  d0
 13358   4174.375  -1.159625  +0.549736  1.000  0.053  0.500  S  d0
 13359   4174.688  -1.198188  -0.165492  1.000  0.053  0.500  S  d0
 13360   4175.000  -0.815940  -0.904900  1.000  0.053  0.500  S  d0
 13361   4175.312  -0.189012  -1.287433  1.000  0.053  0.500  S  d0
 13362   4175.625  +0.537687  -1.138356  1.000  0.077  0.500  S  d0
 13363   4175.938  +1.089273  -0.559446  1.000  0.077  0.500  S  d0
 13364   4176.250  +1.262448  +0.255496  1.000  0.077  0.500  S  d0
 13365   4176.562  +0.960245  +0.898119  1.000  0.077  0.500  S  d0
 13366   4176.875  +0.236856  +1.212080  1.000  0.077  0.500  S  d0
 13367   4177.188  -0.587925  +1.115548  1.000  0.077  0.500  S  d0
 13368   4177.500  -1.176356  +0.641442  1.000  0.077  0.500  S  d0
 13369   4177.812  -1.275210  -0.097190  1.000  0.077  0.500  S  d0
 13370   4178.125  -0.916287  -0.892231  1.000  0.077  0.500  S  d0
 13371   4178.438  -0.240931  -1.360774  1.000  0.077  0.500  S  d0
 13372   4178.750  +0.476971  -1.253404  1.000  0.077  0.500  S  d0
 13373   4179.062  +1.124172  -0.597263  1.000  0.077  0.500  S  d0
 13374   4179.375  +1.387624  +0.189713  1.000  0.133  0.500  S  d0
 13375   4179.688  +1.035551  +0.862070  1.000  0.133  0.500  S  d0
 13376   4180.000  +0.242629  +1.277034  1.000  0.133  0.500  S  d0
 13377   4180.312  -0.552408  +1.302694  1.000  0.133  0.500  S  d0
 13378   4180.625  -1.111069  +0.716510  1.000  0.133  0.500  S  d0
 13379   4180.938  -1.338815  -0.143606  1.000  0.133  0.500  S  d0
 13380   4181.250  -1.072544  -0.908374  1.000  0.133  0.500  S  d0
 13381   4181.562  -0.344224  -1.314793  1.000  0.133  0.500  S  d0
 13382   4181.875  +0.521245  -1.254670  1.000  0.133  0.500  S  d0
 13383   4182.188  +1.177204  -0.759135  1.000  0.133  0.500  S  d0
 13384   4182.500  +1.398717  +0.034173  1.000  0.133  0.500  S  d0
 13385   4182.812  +1.049752  +0.877220  1.000  0.133  0.500  S  d0
 13386   4183.125  +0.330276  +1.372302  1.000  0.182  0.500  S  d0
 13387   4183.438  -0.464247  +1.343418  1.000  0.182  0.500  S  d0
 13388   4183.750  -1.130901  +0.777422  1.000  0.182  0.500  S  d0
 13389   4184.062  -1.403767  -0.108735  1.000  0.182  0.500  S  d0
 13390   4184.375  -1.139637  -0.875472  1.000  0.182  0.500  S  d0
 13391   4184.688  -0.445207  -1.321183  1.000  0.182  0.500  S  d0
 13392   4185.000  +0.481229  -1.277296  1.000  0.182  0.500  S  d0
 13393   4185.312  +1.229294  -0.831647  1.000  0.182  0.500  S  d0
 13394   4185.625  +1.416609  -0.048425  1.000  0.182  0.500  S  d0
 13395   4185.938  +1.105935  +0.846712  1.000  0.182  0.500  S  d0
 13396   4186.250  +0.447496  +1.414471  1.000  0.182  0.500  S  d0
 13397   4186.562  -0.378467  +1.347754  1.000  0.182  0.500  S  d0
 13398   4186.875  -1.149756  +0.818427  1.000  0.216  0.500  S  d0
 13399   4187.188  -1.476063  +0.043320  1.000  0.216  0.500  S  d0
 13400   4187.500  -1.173621  -0.741219  1.000  0.216  0.500  S  d0
 13401   4187.812  -0.439189  -1.365985  1.000  0.216  0.500  S  d0
 13402   4188.125  +0.367058  -1.444621  1.000  0.216  0.500  S  d0
 13403   4188.438  +1.085408  -0.902684  1.000  0.216  0.500  S  d0
 13404   4188.750  +1.415961  -0.050014  1.000  0.216  0.500  S  d0
 13405   4189.062  +1.241379  +0.799621  1.000  0.216  0.500  S  d0
 13406   4189.375  +0.568308  +1.322160  1.000  0.216  0.500  S  d0
 13407   4189.688  -0.339034  +1.350820  1.000  0.216  0.500  S  d0
 13408   4190.000  -1.158429  +0.922072  1.000  0.216  0.500  S  d0
 13409   4190.312  -1.477030  +0.160593  1.000  0.216  0.500  S  d0
 13410   4190.625  -1.190340  -0.702204  1.000  0.208  0.500  S  d0
 13411   4190.938  -0.513730  -1.325372  1.000  0.208  0.500  S  d0
 13412   4191.250  +0.307508  -1.442046  1.000  0.208  0.500  S  d0
 13413   4191.562  +1.016168  -0.978042  1.000  0.208  0.500  S  d0
 13414   4191.875  +1.396885  -0.118767  1.000  0.208  0.500  S  d0
 13415   4192.188  +1.267358  +0.719191  1.000  0.208  0.500  S  d0
 13416   4192.500  +0.660641  +1.307382  1.000  0.208  0.500  S  d0
 13417   4192.812  -0.234741  +1.367565  1.000  0.208  0.500  S  d0
 13418   4193.125  -1.057923  +0.924462  1.000  0.208  0.500  S  d0
 13419   4193.438  -1.472318  +0.209473  1.000  0.208  0.500  S  d0
 13420   4193.750  -1.269041  -0.603277  1.000  0.208  0.500  S  d0
 13421   4194.062  -0.582941  -1.238241  1.000  0.208  0.500  S  d0
 13422   4194.375  +0.235513  -1.430623  1.000  0.163  0.500  S  d0
 13423   4194.688  +0.975579  -1.051068  1.000  0.163  0.500  S  d0
 13424   4195.000  +1.345297  -0.224080  1.000  0.163  0.500  S  d0
 13425   4195.312  +1.263038  +0.682734  1.000  0.163  0.500  S  d0
 13426   4195.625  +0.711036  +1.244164  1.000  0.163  0.500  S  d0
 13427   4195.938  -0.163398  +1.337064  1.000  0.163  0.500  S  d0
 13428   4196.250  -1.022874  +0.995752  1.000  0.163  0.500  S  d0
 13429   4196.562  -1.365505  +0.311908  1.000  0.163  0.500  S  d0
 13430   4196.875  -1.205479  -0.561258  1.000  0.163  0.500  S  d0
 13431   4197.188  -0.668392  -1.280805  1.000  0.163  0.500  S  d0
 13432   4197.500  +0.095777  -1.373383  1.000  0.163  0.500  S  d0
 13433   4197.812  +0.913595  -0.961459  1.000  0.163  0.500  S  d0
 13434   4198.125  +1.393906  -0.277275  1.000  0.108  0.500  S  d0
 13435   4198.438  +1.248049  +0.488769  1.000  0.108  0.500  S  d0
 13436   4198.750  +0.618272  +1.153743  1.000  0.108  0.500  S  d0
 13437   4199.062  -0.105595  +1.408239  1.000  0.108  0.500  S  d0
 13438   4199.375  -0.822378  +1.022974  1.000  0.108  0.500  S  d0
 13439   4199.688  -1.296245  +0.260267  1.000  0.108  0.500  S  d0
 13440   4200.000  -1.285845  -0.514282  1.000  0.108  0.500  S  d0
 13441   4200.312  -0.727058  -1.075700  1.000  0.108  0.500  S  d0
 13442   4200.625  +0.148109  -1.307629  1.000  0.108  0.500  S  d0
 13443   4200.938  +0.861243  -1.073727  1.000  0.108  0.500  S  d0
 13444   4201.250  +1.216549  -0.340957  1.000  0.108  0.500  S  d0
 13445   4201.562  +1.203290  +0.513780  1.000  0.108  0.500  S  d0
 13446   4201.875  +0.750555  +1.106616  1.000  0.056  0.500  S  d0
 13447   4202.188  -0.033338  +1.274933  1.000  0.056  0.500  S  d0
 13448   4202.500  -0.817118  +0.977807  1.000  0.056  0.500  S  d0
 13449   4202.812  -1.268709  +0.353567  1.000  0.056  0.500  S  d0
 13450   4203.125  -1.224606  -0.388227  1.000  0.056  0.500  S  d0
 13451   4203.438  -0.687478  -1.024436  1.000  0.056  0.500  S  d0
 13452   4203.750  +0.059350  -1.302919  1.000  0.056  0.500  S  d0
 13453   4204.062  +0.743619  -1.053792  1.000  0.056  0.500  S  d0
 13454   4204.375  +1.173463  -0.366624  1.000  0.056  0.500  S  d0
 13455   4204.688  +1.166615  +0.460829  1.000  0.056  0.500  S  d0
 13456   4205.000  +0.750555  +1.043115  1.000  0.056  0.500  S  d0
 13457   4205.312  +0.050133  +1.178502  1.000  0.056  0.500  S  d0
 13458   4205.625  -0.729285  +0.930406  1.000  0.042  0.500  S  d0
 13459   4205.938  -1.211239  +0.423873  1.000  0.042  0.500  S  d0
 13460   4206.250  -1.149510  -0.288225  1.000  0.042  0.500  S  d0
 13461   4206.562  -0.681359  -0.956602  1.000  0.042  0.500  S  d0
 13462   4206.875  -0.044763  -1.245583  1.000  0.042  0.500  S  d0
 13463   4207.188  +0.608734  -0.979787  1.000  0.042  0.500  S  d0
 13464   4207.500  +1.111233  -0.362797  1.000  0.042  0.500  S  d0
 13465   4207.812  +1.202032  +0.285567  1.000  0.042  0.500  S  d0
 13466   4208.125  +0.707771  +0.849768  1.000  0.042  0.500  S  d0
 13467   4208.438  +0.033100  +1.166655  1.000  0.042  0.500  S  d0
 13468   4208.750  -0.607485  +1.014571  1.000  0.042  0.500  S  d0
 13469   4209.062  -1.027944  +0.464943  1.000  0.042  0.500  S  d0
 13470   4209.375  -1.081607  -0.294901  1.000  0.062  0.500  S  d0
 13471   4209.688  -0.772950  -0.908061  1.000  0.062  0.500  S  d0
 13472   4210.000  -0.153889  -1.097388  1.000  0.062  0.500  S  d0
 13473   4210.312  +0.551247  -0.905616  1.000  0.062  0.500  S  d0
 13474   4210.625  +1.076066  -0.441526  1.000  0.062  0.500  S  d0
 13475   4210.938  +1.136336  +0.180525  1.000  0.062  0.500  S  d0
 13476   4211.250  +0.723099  +0.756438  1.000  0.062  0.500  S  d0
 13477   4211.562  +0.071581  +1.086296  1.000  0.062  0.500  S  d0
 13478   4211.875  -0.537024  +1.015107  1.000  0.062  0.500  S  d0
 13479   4212.188  -0.921634  +0.500687  1.000  0.062  0.500  S  d0
 13480   4212.500  -1.012132  -0.229783  1.000  0.062  0.500  S  d0
 13481   4212.812  -0.797312  -0.819519  1.000  0.062  0.500  S  d0
 13482   4213.125  -0.200553  -1.020173  1.000  0.108  0.500  S  d0
 13483   4213.438  +0.513197  -0.894642  1.000  0.108  0.500  S  d0
 13484   4213.750  +0.975271  -0.512330  1.000  0.108  0.500  S  d0
 13485   4214.062  +1.001854  +0.100734  1.000  0.108  0.500  S  d0
 13486   4214.375  +0.703543  +0.785696  1.000  0.108  0.500  S  d0
 13487   4214.688  +0.223752  +1.060026  1.000  0.108  0.500  S  d0
 13488   4215.000  -0.402193  +0.874791  1.000  0.108  0.500  S  d0
 13489   4215.312  -0.946923  +0.467177  1.000  0.108  0.500  S  d0
 13490   4215.625  -1.060203  -0.080999  1.000  0.108  0.500  S  d0
 13491   4215.938  -0.700064  -0.661518  1.000  0.108  0.500  S  d0
 13492   4216.250  -0.153398  -1.036667  1.000  0.108  0.500  S  d0
 13493   4216.562  +0.366863  -0.952240  1.000  0.108  0.500  S  d0
 13494   4216.875  +0.821632  -0.473079  1.000  0.160  0.500  S  d0
 13495   4217.188  +1.047161  +0.142122  1.000  0.160  0.500  S  d0
 13496   4217.500  +0.788014  +0.620118  1.000  0.160  0.500  S  d0
 13497   4217.812  +0.165641  +0.935666  1.000  0.160  0.500  S  d0
 13498   4218.125  -0.413773  +0.955461  1.000  0.160  0.500  S  d0
 13499   4218.438  -0.818362  +0.544928  1.000  0.160  0.500  S  d0
 13500   4218.750  -0.933189  -0.101193  1.000  0.160  0.500  S  d0
 13501   4219.062  -0.757615  -0.675958  1.000  0.160  0.500  S  d0
 13502   4219.375  -0.280271  -0.933740  1.000  0.160  0.500  S  d0
 13503   4219.688  +0.352449  -0.874533  1.000  0.160  0.500  S  d0
 13504   4220.000  +0.861640  -0.506034  1.000  0.160  0.500  S  d0
 13505   4220.312  +1.001527  +0.016414  1.000  0.160  0.500  S  d0
 13506   4220.625  +0.728476  +0.558788  1.000  0.185  0.500  S  d0
 13507   4220.938  +0.202270  +0.934618  1.000  0.185  0.500  S  d0
 13508   4221.250  -0.358815  +0.964766  1.000  0.185  0.500  S  d0
 13509   4221.562  -0.766187  +0.577824  1.000  0.185  0.500  S  d0
 13510   4221.875  -0.908417  -0.042989  1.000  0.185  0.500  S  d0
 13511   4222.188  -0.752946  -0.642548  1.000  0.185  0.500  S  d0
 13512   4222.500  -0.317251  -0.963308  1.000  0.185  0.500  S  d0
 13513   4222.812  +0.275139  -0.860604  1.000  0.185  0.500  S  d0
 13514   4223.125  +0.808584  -0.504626  1.000  0.185  0.500  S  d0
 13515   4223.438  +1.008673  +0.010692  1.000  0.185  0.500  S  d0
 13516   4223.750  +0.781658  +0.534877  1.000  0.185  0.500  S  d0
 13517   4224.062  +0.247229  +0.866927  1.000  0.185  0.500  S  d0
 13518   4224.375  -0.347153  +0.935271  1.000  0.177  0.500  S  d0
 13519   4224.688  -0.769602  +0.623491  1.000  0.177  0.500  S  d0
 13520   4225.000  -0.911471  +0.029195  1.000  0.177  0.500  S  d0
 13521   4225.312  -0.746116  -0.591521  1.000  0.177  0.500  S  d0
 13522   4225.625  -0.354650  -0.965148  1.000  0.177  0.500  S  d0
 13523   4225.938  +0.209644  -0.909073  1.000  0.177  0.500  S  d0
 13524   4226.250  +0.785007  -0.535500  1.000  0.177  0.500  S  d0
 13525   4226.562  +1.034283  -0.056418  1.000  0.177  0.500  S  d0
 13526   4226.875  +0.803073  +0.478757  1.000  0.177  0.500  S  d0
 13527   4227.188  +0.293526  +0.925819  1.000  0.177  0.500  S  d0
 13528   4227.500  -0.230894  +0.996686  1.000  0.177  0.500  S  d0
 13529   4227.812  -0.699744  +0.602966  1.000  0.177  0.500  S  d0
 13530   4228.125  -1.012299  +0.027168  1.000  0.137  0.500  S  d0
 13531   4228.438  -0.893198  -0.488080  1.000  0.137  0.500  S  d0
 13532   4228.750  -0.365219  -0.862674  1.000  0.137  0.500  S  d0
 13533   4229.062  +0.259462  -0.976457  1.000  0.137  0.500  S  d0
 13534   4229.375  +0.758283  -0.704476  1.000  0.137  0.500  S  d0
 13535   4229.688  +0.963756  -0.118881  1.000  0.137  0.500  S  d0
 13536   4230.000  +0.845994  +0.527206  1.000  0.137  0.500  S  d0
 13537   4230.312  +0.437625  +0.961466  1.000  0.137  0.500  S  d0
 13538   4230.625  -0.151568  +0.987098  1.000  0.137  0.500  S  d0
 13539   4230.938  -0.733715  +0.640918  1.000  0.137  0.500  S  d0
 13540   4231.250  -1.064788  +0.098904  1.000  0.137  0.500  S  d0
 13541   4231.562  -0.951900  -0.450359  1.000  0.137  0.500  S  d0
 13542   4231.875  -0.434662  -0.874134  1.000  0.084  0.500  S  d0
 13543   4232.188  +0.225806  -1.027257  1.000  0.084  0.500  S  d0
 13544   4232.500  +0.774107  -0.775094  1.000  0.084  0.500  S  d0
 13545   4232.812  +1.011711  -0.199686  1.000  0.084  0.500  S  d0
 13546   4233.125  +0.894541  +0.492928  1.000  0.084  0.500  S  d0
 13547   4233.438  +0.481816  +0.997927  1.000  0.084  0.500  S  d0
 13548   4233.750  -0.107510  +1.082101  1.000  0.084  0.500  S  d0
 13549   4234.062  -0.706110  +0.741187  1.000  0.084  0.500  S  d0
 13550   4234.375  -1.074208  +0.150826  1.000  0.084  0.500  S  d0
 13551   4234.688  -1.033951  -0.464428  1.000  0.084  0.500  S  d0
 13552   4235.000  -0.575217  -0.926731  1.000  0.084  0.500  S  d0
 13553   4235.312  +0.158119  -1.051014  1.000  0.084  0.500  S  d0
 13554   4235.625  +0.804531  -0.829621  1.000  0.038  0.500  S  d0
 13555   4235.938  +1.103974  -0.284695  1.000  0.038  0.500  S  d0
 13556   4236.250  +0.978811  +0.424892  1.000  0.038  0.500  S  d0
 13557   4236.562  +0.540175  +0.999227  1.000  0.038  0.500  S  d0
 13558   4236.875  -0.110008  +1.177642  1.000  0.038  0.500  S  d0
 13559   4237.188  -0.691946  +0.870494  1.000  0.038  0.500  S  d0
 13560   4237.500  -1.091337  +0.205344  1.000  0.038  0.500  S  d0
 13561   4237.812  -1.100648  -0.480945  1.000  0.038  0.500  S  d0
 13562   4238.125  -0.641271  -0.965529  1.000  0.038  0.500  S  d0
 13563   4238.438  +0.072792  -1.090105  1.000  0.038  0.500  S  d0
 13564   4238.750  +0.800141  -0.867142  1.000  0.038  0.500  S  d0
 13565   4239.062  +1.202550  -0.332352  1.000  0.038  0.500  S  d0
 13566   4239.375  +1.067983  +0.359338  1.000  0.022  0.500  S  d0
 13567   4239.688  +0.572657  +1.008054  1.000  0.022  0.500  S  d0
 13568   4240.000  -0.044507  +1.267284  1.000  0.022  0.500  S  d0
 13569   4240.312  -0.713330  +0.947921  1.000  0.022  0.500  S  d0
 13570   4240.625  -1.184087  +0.268999  1.000  0.022  0.500  S  d0
 13571   4240.938  -1.188085  -0.419666  1.000  0.022  0.500  S  d0
 13572   4241.250  -0.683638  -0.970265  1.000  0.022  0.500  S  d0
 13573   4241.562  +0.078783  -1.256947  1.000  0.022  0.500  S  d0
 13574   4241.875  +0.765459  -1.041512  1.000  0.022  0.500  S  d0
 13575   4242.188  +1.165271  -0.342074  1.000  0.022  0.500  S  d0
 13576   4242.500  +1.203730  +0.460635  1.000  0.022  0.500  S  d0
 13577   4242.812  +0.767224  +1.032340  1.000  0.022  0.500  S  d0
 13578   4243.125  -0.002555  +1.219403  1.000  0.048  0.500  S  d0
 13579   4243.438  -0.807224  +1.017548  1.000  0.048  0.500  S  d0
 13580   4243.750  -1.252085  +0.415961  1.000  0.048  0.500  S  d0
 13581   4244.062  -1.221509  -0.342948  1.000  0.048  0.500  S  d0
 13582   4244.375  -0.722939  -1.010480  1.000  0.048  0.500  S  d0
 13583   4244.688  +0.010246  -1.349803  1.000  0.048  0.500  S  d0
 13584   4245.000  +0.735749  -1.119569  1.000  0.048  0.500  S  d0
 13585   4245.312  +1.181806  -0.401305  1.000  0.048  0.500  S  d0
 13586   4245.625  +1.263375  +0.436799  0.984  0.048  0.500  S  d0
 13587   4245.938  +0.848344  +1.089387  0.969  0.048  0.500  S  d0
 13588   4246.250  +0.074946  +1.308207  0.969  0.048  0.500  S  d0
 13589   4246.562  -0.772847  +1.049706  0.953  0.048  0.500  S  d0
 13590   4246.875  -1.314104  +0.449641  0.953  0.098  0.500  S  d0
 13591   4247.188  -1.335584  -0.326984  0.938  0.098  0.500  S  d0
 13592   4247.500  -0.821003  -0.999815  0.938  0.098  0.500  S  d0
 13593   4247.812  -0.021653  -1.398215  0.938  0.098  0.500  S  d0
 13594   4248.125  +0.729870  -1.242788  0.938  0.098  0.500  S  d0
 13595   4248.438  +1.220341  -0.553868  0.938  0.098  0.500  S  d0
 13596   4248.750  +1.311559  +0.324129  0.938  0.098  0.500  S  d0
 13597   4249.062  +0.941857  +1.066143  0.938  0.098  0.500  S  d0
 13598   4249.375  +0.183928  +1.385738  0.938  0.098  0.500  S  d0
 13599   4249.688  -0.661572  +1.162921  0.938  0.098  0.500  S  d0
 13600   4250.000  -1.309887  +0.533619  0.938  0.098  0.500  S  d0
 13601   4250.312  -1.392865  -0.242035  0.938  0.098  0.500  S  d0
 13602   4250.625  -0.936411  -0.949064  0.938  0.146  0.500  S  d0
 13603   4250.938  -0.115178  -1.336060  0.938  0.146  0.500  S  d0
 13604   4251.250  +0.732102  -1.200277  0.938  0.146  0.500  S  d0
 13605   4251.562  +1.272627  -0.604160  0.938  0.146  0.500  S  d0
 13606   4251.875  +1.340252  +0.317473  0.938  0.146  0.500  S  d0
 13607   4252.188  +0.955108  +1.168164  0.938  0.146  0.500  S  d0
 13608   4252.500  +0.215080  +1.523982  0.938  0.146  0.500  S  d0
 13609   4252.812  -0.632612  +1.310232  0.938  0.146  0.500  S  d0
 13610   4253.125  -1.325562  +0.595023  0.938  0.146  0.500  S  d0
 13611   4253.438  -1.519463  -0.218247  0.938  0.146  0.500  S  d0
 13612   4253.750  -1.114653  -1.004773  0.938  0.146  0.500  S  d0
 13613   4254.062  -0.283137  -1.557774  0.938  0.146  0.500  S  d0
 13614   4254.375  +0.515749  -1.525060  0.938  0.170  0.500  S  d0
 13615   4254.688  +1.082853  -0.950566  0.938  0.170  0.500  S  d0
 13616   4255.000  +1.315194  -0.083518  0.938  0.170  0.500  S  d0
 13617   4255.312  +1.001044  +0.564008  0.938  0.170  0.500  S  d1
 13618   4255.625  +0.139001  +0.927553  0.938  0.170  0.500  S  d1
 13619   4255.938  -0.771839  +0.831942  0.938  0.170  0.500  S  d0
 13620   4256.250  -1.273256  +0.472138  0.938  0.170  0.500  S  d2
 13621   4256.562  +0.962325  +0.047398  0.938  0.170  0.500  S  d0
 13622   4256.875  +1.369539  +0.147548  0.938  0.170  0.500  S  d1
 13623   4257.188  +0.094782  +1.048374  0.938  0.170  0.500  S  d0
 13624   4257.500  -0.469895  +0.833551  0.938  0.170  0.500  S  d0
 13625   4257.812  -1.321746  +0.493570  0.938  0.170  0.500  S  d0
 13626   4258.125  -1.268397  -0.404277  0.938  0.159  0.500  S  d0
 13627   4258.438  -1.132918  -1.177086  0.938  0.159  0.500  S  d0
 13628   4258.750  -0.253157  -1.610337  0.938  0.159  0.500  S  d0
 13629   4259.062  +0.447838  -1.444010  0.938  0.159  0.500  S  d0
 13630   4259.375  +1.311324  -0.758446  0.938  0.159  0.500  S  d0
 13631   4259.688  +1.511006  +0.101571  0.938  0.159  0.500  S  d0
 13632   4260.000  +1.239456  +0.877937  0.938  0.159  0.500  S  d0
 13633   4260.312  +0.343747  +1.394247  0.938  0.159  0.500  S  d0
 13634   4260.625  -0.466437  +1.476954  0.938  0.159  0.500  S  d0
 13635   4260.938  -1.146292  +0.919470  0.938  0.159  0.500  S  d0
 13636   4261.250  -1.335103  +0.019089  0.938  0.159  0.500  S  d0
 13637   4261.562  -1.178849  -0.845010  0.938  0.159  0.500  S  d0
 13638   4261.875  -0.440539  -1.265121  0.938  0.114  0.500  S  d0
 13639   4262.188  +0.478338  -1.280195  0.938  0.114  0.500  S  d0
 13640   4262.500  +1.160449  -0.842276  0.938  0.114  0.500  S  d0
 13641   4262.812  +1.337833  -0.019339  0.938  0.114  0.500  S  d0
 13642   4263.125  +1.119699  +0.839358  0.938  0.114  0.500  S  d0
 13643   4263.438  +0.438589  +1.346256  0.938  0.114  0.500  S  d0
 13644   4263.750  -0.337403  +1.329059  0.938  0.114  0.500  S  d0
 13645   4264.062  -1.123875  +0.779038  0.938  0.114  0.500  S  d0
 13646   4264.375  -1.411026  +0.043903  0.938  0.114  0.500  S  d0
 13647   4264.688  -1.210461  -0.763251  0.938  0.114  0.500  S  d0
 13648   4265.000  -0.498222  -1.254503  0.938  0.114  0.500  S  d0
 13649   4265.312  +0.385823  -1.331686  0.938  0.114  0.500  S  d0
 13650   4265.625  +1.090773  -0.932255  0.953  0.060  0.500  S  d0
 13651   4265.938  +1.318470  -0.143216  0.969  0.060  0.500  S  d0
 13652   4266.250  +1.121242  +0.694383  0.969  0.060  0.500  S  d0
 13653   4266.562  +0.503173  +1.283203  0.984  0.060  0.500  S  d0
 13654   4266.875  -0.241723  +1.362821  0.984  0.060  0.500  S  d0
 13655   4267.188  -0.960973  +0.863102  1.000  0.060  0.500  S  d0
 13656   4267.500  -1.333337  +0.082746  1.000  0.060  0.500  S  d0
 13657   4267.812  -1.204121  -0.667372  1.000  0.060  0.500  S  d0
 13658   4268.125  -0.570475  -1.158026  1.000  0.060  0.500  S  d0
 13659   4268.438  +0.284114  -1.249007  1.000  0.060  0.500  S  d0
 13660   4268.750  +1.018518  -0.900040  1.000  0.060  0.500  S  d0
 13661   4269.062  +1.310076  -0.205385  1.000  0.060  0.500  S  d0
 13662   4269.375  +1.099596  +0.583380  1.000  0.021  0.500  S  d0
 13663   4269.688  +0.505104  +1.196214  1.000  0.021  0.500  S  d0
 13664   4270.000  -0.192347  +1.349486  1.000  0.021  0.500  S  d0
 13665   4270.312  -0.838310  +0.852684  1.000  0.021  0.500  S  d0
 13666   4270.625  -1.286690  +0.132294  1.000  0.021  0.500  S  d0
 13667   4270.938  -1.162511  -0.545803  1.000  0.021  0.500  S  d0
 13668   4271.250  -0.581776  -1.075940  1.000  0.021  0.500  S  d0
 13669   4271.562  +0.231809  -1.255776  1.000  0.021  0.500  S  d0
 13670   4271.875  +0.838048  -0.935725  1.000  0.021  0.500  S  d0
 13671   4272.188  +1.179286  -0.193615  1.000  0.021  0.500  S  d0
 13672   4272.500  +1.141973  +0.572202  1.000  0.021  0.500  S  d0
 13673   4272.812  +0.622925  +1.044713  1.000  0.021  0.500  S  d0
 13674   4273.125  -0.165459  +1.145708  1.000  0.018  0.500  S  d0
 13675   4273.438  -0.883008  +0.922258  1.000  0.018  0.500  S  d0
 13676   4273.750  -1.138971  +0.296732  1.000  0.018  0.500  S  d0
 13677   4274.062  -1.034431  -0.502246  1.000  0.018  0.500  S  d0
 13678   4274.375  -0.622876  -1.080640  1.000  0.018  0.500  S  d0
 13679   4274.688  +0.055553  -1.166426  1.000  0.018  0.500  S  d0
 13680   4275.000  +0.814372  -0.832728  1.000  0.018  0.500  S  d0
 13681   4275.312  +1.156994  -0.286862  1.000  0.018  0.500  S  d0
 13682   4275.625  +1.043844  +0.395980  1.000  0.018  0.500  S  d0
 13683   4275.938  +0.570630  +1.005682  1.000  0.018  0.500  S  d0
 13684   4276.250  -0.054953  +1.211428  1.000  0.018  0.500  S  d0
 13685   4276.562  -0.687392  +0.858667  1.000  0.018  0.500  S  d0
 13686   4276.875  -1.109170  +0.211014  1.000  0.060  0.500  S  d0
 13687   4277.188  -1.084929  -0.419672  1.000  0.060  0.500  S  d0
 13688   4277.500  -0.629490  -0.897489  1.000  0.060  0.500  S  d0
 13689   4277.812  +0.069560  -1.056005  1.000  0.060  0.500  S  d0
 13690   4278.125  +0.738814  -0.859734  1.000  0.060  0.500  S  d0
 13691   4278.438  +1.071709  -0.348550  1.000  0.060  0.500  S  d0
 13692   4278.750  +0.990128  +0.337708  1.000  0.060  0.500  S  d0
 13693   4279.062  +0.572861  +0.933972  1.000  0.060  0.500  S  d0
 13694   4279.375  -0.013981  +1.121876  1.000  0.060  0.500  S  d0
 13695   4279.688  -0.596536  +0.857320  1.000  0.060  0.500  S  d0
 13696   4280.000  -1.016326  +0.246774  1.000  0.060  0.500  S  d0
 13697   4280.312  -1.066307  -0.380570  1.000  0.060  0.500  S  d0
 13698   4280.625  -0.652878  -0.813353  1.000  0.115  0.500  S  d0
 13699   4280.938  +0.047686  -1.018713  1.000  0.115  0.500  S  d0
 13700   4281.250  +0.671146  -0.875086  1.000  0.115  0.500  S  d0
 13701   4281.562  +0.965670  -0.354275  1.000  0.115  0.500  S  d0
 13702   4281.875  +0.944724  +0.353587  1.000  0.115  0.500  S  d0
 13703   4282.188  +0.655133  +0.869769  1.000  0.115  0.500  S  d0
 13704   4282.500  +0.041366  +0.984793  1.000  0.115  0.500  S  d0
 13705   4282.812  -0.633879  +0.823691  1.000  0.115  0.500  S  d0
 13706   4283.125  -0.972858  +0.370416  1.000  0.115  0.500  S  d0
 13707   4283.438  -0.948467  -0.248104  1.000  0.115  0.500  S  d0
 13708   4283.750  -0.583292  -0.813067  1.000  0.115  0.500  S  d0
 13709   4284.062  -0.045978  -1.044105  1.000  0.115  0.500  S  d0
 13710   4284.375  +0.496644  -0.840100  1.000  0.168  0.500  S  d0
 13711   4284.688  +0.913719  -0.315667  1.000  0.168  0.500  S  d0
 13712   4285.000  +0.984101  +0.272220  1.000  0.168  0.500  S  d0
 13713   4285.312  +0.674577  +0.743205  1.000  0.168  0.500  S  d0
 13714   4285.625  +0.073242  +0.928134  1.000  0.168  0.500  S  d0
 13715   4285.938  -0.545274  +0.817140  1.000  0.168  0.500  S  d0
 13716   4286.250  -0.949002  +0.421535  1.000  0.168  0.500  S  d0
 13717   4286.562  -0.936222  -0.154852  1.000  0.168  0.500  S  d0
 13718   4286.875  -0.587134  -0.751895  1.000  0.168  0.500  S  d0
 13719   4287.188  -0.097205  -1.037116  1.000  0.168  0.500  S  d0
 13720   4287.500  +0.410077  -0.846588  1.000  0.168  0.500  S  d0
 13721   4287.812  +0.877397  -0.341796  1.000  0.168  0.500  S  d0
 13722   4288.125  +1.018470  +0.188782  1.000  0.184  0.500  S  d0
 13723   4288.438  +0.668730  +0.656415  1.000  0.184  0.500  S  d0
 13724   4288.750  +0.071642  +0.948074  1.000  0.184  0.500  S  d0
 13725   4289.062  -0.453057  +0.905448  1.000  0.184  0.500  S  d0
 13726   4289.375  -0.814307  +0.431147  1.000  0.184  0.500  S  d0
 13727   4289.688  -0.954432  -0.202903  1.000  0.184  0.500  S  d0
 13728   4290.000  -0.736283  -0.682397  1.000  0.184  0.500  S  d0
 13729   4290.312  -0.150661  -0.886751  1.000  0.184  0.500  S  d0
 13730   4290.625  +0.489822  -0.876201  1.000  0.184  0.500  S  d0
 13731   4290.938  +0.851569  -0.516060  1.000  0.184  0.500  S  d0
 13732   4291.250  +0.899826  +0.137765  1.000  0.184  0.500  S  d0
 13733   4291.562  +0.713544  +0.718578  1.000  0.184  0.500  S  d0
 13734   4291.875  +0.238230  +0.948330  1.000  0.172  0.500  S  d0
 13735   4292.188  -0.425406  +0.834969  1.000  0.172  0.500  S  d0
 13736   4292.500  -0.916692  +0.480798  1.000  0.172  0.500  S  d0
 13737   4292.812  -0.961558  -0.058992  1.000  0.172  0.500  S  d0
 13738   4293.125  -0.664400  -0.662190  1.000  0.172  0.500  S  d0
 13739   4293.438  -0.202330  -1.001277  1.000  0.172  0.500  S  d0
 13740   4293.750  +0.363755  -0.903200  1.000  0.172  0.500  S  d0
 13741   4294.062  +0.820130  -0.475737  1.000  0.172  0.500  S  d0
 13742   4294.375  +0.995103  +0.115283  1.000  0.172  0.500  S  d0
 13743   4294.688  +0.786002  +0.648209  1.000  0.172  0.500  S  d0
 13744   4295.000  +0.226329  +0.923372  1.000  0.172  0.500  S  d0
 13745   4295.312  -0.413718  +0.898885  1.000  0.172  0.500  S  d0
 13746   4295.625  -0.873741  +0.546102  1.000  0.131  0.500  S  d0
 13747   4295.938  -0.989090  -0.012697  1.000  0.131  0.500  S  d0
 13748   4296.250  -0.709619  -0.653807  1.000  0.131  0.500  S  d0
 13749   4296.562  -0.242509  -1.021180  1.000  0.131  0.500  S  d0
 13750   4296.875  +0.331543  -0.977703  1.000  0.131  0.500  S  d0
 13751   4297.188  +0.795593  -0.537057  1.000  0.131  0.500  S  d0
 13752   4297.500  +1.029738  +0.098572  1.000  0.131  0.500  S  d0
 13753   4297.812  +0.845733  +0.653403  1.000  0.131  0.500  S  d0
 13754   4298.125  +0.321470  +0.976421  1.000  0.131  0.500  S  d0
 13755   4298.438  -0.375380  +0.930130  1.000  0.131  0.500  S  d0
 13756   4298.750  -0.913043  +0.583984  1.000  0.131  0.500  S  d0
 13757   4299.062  -1.068414  +0.016392  1.000  0.131  0.500  S  d0
 13758   4299.375  -0.799298  -0.587470  1.000  0.083  0.500  S  d0
 13759   4299.688  -0.270735  -1.040218  1.000  0.083  0.500  S  d0
 13760   4300.000  +0.325752  -1.056749  1.000  0.083  0.500  S  d0
 13761   4300.312  +0.830617  -0.649611  1.000  0.083  0.500  S  d0
 13762   4300.625  +1.025326  +0.028056  1.000  0.083  0.500  S  d0
 13763   4300.938  +0.869331  +0.677395  1.000  0.083  0.500  S  d0
 13764   4301.250  +0.403460  +1.030005  1.000  0.083  0.500  S  d0
 13765   4301.562  -0.289959  +0.987225  1.000  0.083  0.500  S  d0
 13766   4301.875  -0.900688  +0.633105  1.000  0.083  0.500  S  d0
 13767   4302.188  -1.156714  +0.042058  1.000  0.083  0.500  S  d0
 13768   4302.500  -0.931391  -0.571074  1.000  0.083  0.500  S  d0
 13769   4302.812  -0.329223  -1.039243  1.000  0.083  0.500  S  d0
 13770   4303.125  +0.329714  -1.107946  1.000  0.053  0.500  S  d0
 13771   4303.438  +0.855448  -0.738864  1.000  0.053  0.500  S  d0
 13772   4303.750  +1.081138  -0.078153  1.000  0.053  0.500  S  d0
 13773   4304.062  +0.953519  +0.657542  1.000  0.053  0.500  S  d0
 13774   4304.375  +0.479436  +1.104303  1.000  0.053  0.500  S  d0
 13775   4304.688  -0.225443  +1.119407  1.000  0.053  0.500  S  d0
 13776   4305.000  -0.880729  +0.704039  1.000  0.053  0.500  S  d0
 13777   4305.312  -1.228901  +0.085115  1.000  0.053  0.500  S  d0
 13778   4305.625  -1.052631  -0.562745  1.000  0.053  0.500  S  d0
 13779   4305.938  -0.456489  -1.042813  1.000  0.053  0.500  S  d0
 13780   4306.250  +0.311577  -1.183581  1.000  0.053  0.500  S  d0
 13781   4306.562  +0.895895  -0.872248  1.000  0.053  0.500  S  d0
 13782   4306.875  +1.144841  -0.164212  1.000  0.053  0.500  S  d0
 13783   4307.188  +1.015023  +0.623529  1.000  0.053  0.500  S  d0
 13784   4307.500  +0.554253  +1.164276  1.000  0.053  0.500  S  d0
 13785   4307.812  -0.162756  +1.199572  1.000  0.053  0.500  S  d0
 13786   4308.125  -0.910572  +0.790699  1.000  0.053  0.500  S  d0
 13787   4308.438  -1.260859  +0.175726  1.000  0.053  0.500  S  d0
 13788   4308.750  -1.078613  -0.519037  1.000  0.053  0.500  S  d0
 13789   4309.062  -0.528213  -1.130597  1.000  0.053  0.500  S  d0
 13790   4309.375  +0.145065  -1.278736  1.000  0.053  0.500  S  d0
 13791   4309.688  +0.850922  -0.873084  1.000  0.053  0.500  S  d0
 13792   4310.000  +1.294162  -0.170820  1.000  0.053  0.500  S  d0
 13793   4310.312  +1.195977  +0.539184  1.000  0.053  0.500  S  d0
 13794   4310.625  +0.598403  +1.083461  1.000  0.091  0.500  S  d0
 13795   4310.938  -0.208749  +1.272609  1.000  0.091  0.500  S  d0
 13796   4311.250  -0.924168  +0.991001  1.000  0.091  0.500  S  d0
 13797   4311.562  -1.254746  +0.285541  1.000  0.091  0.500  S  d0
 13798   4311.875  -1.140898  -0.569568  1.000  0.091  0.500  S  d0
 13799   4312.188  -0.659675  -1.187460  1.000  0.091  0.500  S  d0
 13800   4312.500  +0.086476  -1.346343  1.000  0.091  0.500  S  d0
 13801   4312.812  +0.871725  -0.966716  1.000  0.091  0.500  S  d0
 13802   4313.125  +1.312596  -0.235516  1.000  0.091  0.500  S  d0
 13803   4313.438  +1.287475  +0.522317  1.000  0.091  0.500  S  d0
 13804   4313.750  +0.719772  +1.104070  1.000  0.091  0.500  S  d0
 13805   4314.062  -0.154104  +1.335601  1.000  0.091  0.500  S  d0
 13806   4314.375  -0.909935  +1.094173  1.000  0.151  0.500  S  d0
 13807   4314.688  -1.292942  +0.367601  1.000  0.151  0.500  S  d0
 13808   4315.000  -1.240160  -0.547316  1.000  0.151  0.500  S  d0
 13809   4315.312  -0.773510  -1.199732  1.000  0.151  0.500  S  d0
 13810   4315.625  +0.032506  -1.352192  1.000  0.151  0.500  S  d0
 13811   4315.938  +0.922652  -1.070478  1.000  0.151  0.500  S  d0
 13812   4316.250  +1.384204  -0.388816  1.000  0.151  0.500  S  d0
 13813   4316.562  +1.274068  +0.448102  1.000  0.151  0.500  S  d0
 13814   4316.875  +0.739037  +1.216451  1.000  0.151  0.500  S  d0
 13815   4317.188  -0.006963  +1.449544  1.000  0.151  0.500  S  d0
 13816   4317.500  -0.854470  +1.057821  1.000  0.151  0.500  S  d0
 13817   4317.812  -1.426245  +0.371046  1.000  0.151  0.500  S  d0
 13818   4318.125  -1.359159  -0.420780  1.000  0.199  0.500  S  d0
 13819   4318.438  -0.733252  -1.124522  1.000  0.199  0.500  S  d0
 13820   4318.750  +0.044248  -1.484897  1.000  0.199  0.500  S  d0
 13821   4319.062  +0.808448  -1.179822  1.000  0.199  0.500  S  d0
 13822   4319.375  +1.361027  -0.379154  1.000  0.199  0.500  S  d0
 13823   4319.688  +1.403290  +0.471809  1.000  0.199  0.500  S  d0
 13824   4320.000  +0.864617  +1.117261  1.000  0.199  0.500  S  d0
 13825   4320.312  -0.038211  +1.425150  1.000  0.199  0.500  S  d0
 13826   4320.625  -0.886151  +1.228074  1.000  0.199  0.500  S  d0
 13827   4320.938  -1.327395  +0.484357  1.000  0.199  0.500  S  d0
 13828   4321.250  -1.356960  -0.479507  1.000  0.199  0.500  S  d0
 13829   4321.562  -0.931487  -1.187742  1.000  0.199  0.500  S  d0
 13830   4321.875  -0.039290  -1.414753  1.000  0.219  0.500  S  d0
 13831   4322.188  +0.863794  -1.178978  1.000  0.219  0.500  S  d0
 13832   4322.500  +1.379709  -0.540477  1.000  0.219  0.500  S  d0
 13833   4322.812  +1.369787  +0.374699  1.000  0.219  0.500  S  d0
 13834   4323.125  +0.876432  +1.169747  1.000  0.219  0.500  S  d0
 13835   4323.438  +0.106528  +1.456113  1.000  0.219  0.500  S  d0
 13836   4323.750  -0.741385  +1.188852  1.000  0.219  0.500  S  d0
 13837   4324.062  -1.362790  +0.508202  1.000  0.219  0.500  S  d0
 13838   4324.375  -1.459000  -0.324006  1.000  0.219  0.500  S  d0
 13839   4324.688  -0.926034  -1.055040  1.000  0.219  0.500  S  d0
 13840   4325.000  -0.079044  -1.419142  1.000  0.219  0.500  S  d0
 13841   4325.312  +0.739377  -1.286556  1.000  0.219  0.500  S  d0
 13842   4325.625  +1.285927  -0.603475  1.000  0.202  0.500  S  d0
 13843   4325.938  +1.394771  +0.323021  1.000  0.202  0.500  S  d0
 13844   4326.250  +0.986987  +1.115714  1.000  0.202  0.500  S  d0
 13845   4326.562  +0.197112  +1.417677  1.000  0.202  0.500  S  d0
 13846   4326.875  -0.687063  +1.215604  1.000  0.202  0.500  S  d0
 13847   4327.188  -1.311144  +0.582525  1.000  0.202  0.500  S  d0
 13848   4327.500  -1.463650  -0.247962  1.000  0.202  0.500  S  d0
 13849   4327.812  -0.997853  -0.980640  1.000  0.202  0.500  S  d0
 13850   4328.125  -0.152027  -1.374665  1.000  0.202  0.500  S  d0
 13851   4328.438  +0.703206  -1.290250  1.000  0.202  0.500  S  d0
 13852   4328.750  +1.270452  -0.703218  1.000  0.202  0.500  S  d0
 13853   4329.062  +1.344515  +0.196907  1.000  0.202  0.500  S  d0
 13854   4329.375  +0.947049  +1.049468  1.000  0.158  0.500  S  d0
 13855   4329.688  +0.252430  +1.438736  1.000  0.158  0.500  S  d0
 13856   4330.000  -0.554055  +1.233763  1.000  0.158  0.500  S  d0
 13857   4330.312  -1.233328  +0.606499  1.000  0.158  0.500  S  d0
 13858   4330.625  -1.435501  -0.209611  1.000  0.158  0.500  S  d0
 13859   4330.938  -1.053938  -0.907628  1.000  0.158  0.500  S  d0
 13860   4331.250  -0.223005  -1.297346  1.000  0.158  0.500  S  d0
 13861   4331.562  +0.645549  -1.277248  1.000  0.158  0.500  S  d0
 13862   4331.875  +1.182499  -0.743483  1.000  0.158  0.500  S  d0
 13863   4332.188  +1.331102  +0.185056  1.000  0.158  0.500  S  d0
 13864   4332.500  +1.031364  +0.955657  1.000  0.158  0.500  S  d0
 13865   4332.812  +0.321882  +1.294813  1.000  0.158  0.500  S  d0
 13866   4333.125  -0.564158  +1.193159  1.000  0.103  0.500  S  d0
 13867   4333.438  -1.199733  +0.715942  1.000  0.103  0.500  S  d0
 13868   4333.750  -1.311008  -0.076787  1.000  0.103  0.500  S  d0
 13869   4334.062  -0.979997  -0.898132  1.000  0.103  0.500  S  d0
 13870   4334.375  -0.337304  -1.313895  1.000  0.103  0.500  S  d0
 13871   4334.688  +0.441563  -1.205357  1.000  0.103  0.500  S  d0
 13872   4335.000  +1.121942  -0.661891  1.000  0.103  0.500  S  d0
 13873   4335.312  +1.359435  +0.089252  1.000  0.103  0.500  S  d0
 13874   4335.625  +1.033664  +0.800693  1.000  0.103  0.500  S  d0
 13875   4335.938  +0.325201  +1.210954  1.000  0.103  0.500  S  d0
 13876   4336.250  -0.519801  +1.192209  1.000  0.103  0.500  S  d0
 13877   4336.562  -1.097559  +0.754225  1.000  0.103  0.500  S  d0
 13878   4336.875  -1.239372  -0.015134  1.000  0.071  0.500  S  d0
 13879   4337.188  -0.944931  -0.777144  1.000  0.071  0.500  S  d0
 13880   4337.500  -0.350385  -1.259230  1.000  0.071  0.500  S  d0
 13881   4337.812  +0.378462  -1.232233  1.000  0.071  0.500  S  d0
 13882   4338.125  +0.998894  -0.680149  1.000  0.071  0.500  S  d0
 13883   4338.438  +1.275782  +0.074959  1.000  0.071  0.500  S  d0
 13884   4338.750  +1.034631  +0.742602  1.000  0.071  0.500  S  d0
 13885   4339.062  +0.394110  +1.123758  1.000  0.071  0.500  S  d0
 13886   4339.375  -0.434362  +1.123064  1.000  0.071  0.500  S  d0
 13887   4339.688  -1.050539  +0.735573  1.000  0.071  0.500  S  d0
 13888   4340.000  -1.231492  +0.052552  1.000  0.071  0.500  S  d0
 13889   4340.312  -0.922902  -0.669258  1.000  0.071  0.500  S  d0
 13890   4340.625  -0.339567  -1.160399  1.000  0.071  0.500  S  d0
 13891   4340.938  +0.310065  -1.199431  1.000  0.071  0.500  S  d0
 13892   4341.250  +0.865608  -0.713804  1.000  0.071  0.500  S  d0
 13893   4341.562  +1.187370  +0.023210  1.000  0.071  0.500  S  d0
 13894   4341.875  +1.035709  +0.679305  1.000  0.071  0.500  S  d0
 13895   4342.188  +0.398548  +1.044116  1.000  0.071  0.500  S  d0
 13896   4342.500  -0.375862  +1.108533  1.000  0.071  0.500  S  d0
 13897   4342.812  -0.894053  +0.753998  1.000  0.071  0.500  S  d0
 13898   4343.125  -1.086311  +0.055481  1.000  0.071  0.500  S  d0
 13899   4343.438  -0.953259  -0.659551  1.000  0.071  0.500  S  d0
 13900   4343.750  -0.480466  -1.068222  1.000  0.071  0.500  S  d0
 13901   4344.062  +0.277535  -1.037924  1.000  0.071  0.500  S  d0
 13902   4344.375  +0.908168  -0.731927  1.000  0.110  0.500  S  d0
 13903   4344.688  +1.112307  -0.124084  1.000  0.110  0.500  S  d0
 13904   4345.000  +0.897254  +0.567894  1.000  0.110  0.500  S  d0
 13905   4345.312  +0.429996  +1.046496  1.000  0.110  0.500  S  d0
 13906   4345.625  -0.173421  +1.079686  1.000  0.110  0.500  S  d0
 13907   4345.938  -0.824156  +0.681998  1.000  0.110  0.500  S  d0
 13908   4346.250  -1.130243  +0.136078  1.000  0.110  0.500  S  d0
 13909   4346.562  -0.931817  -0.470066  1.000  0.110  0.500  S  d0
 13910   4346.875  -0.406700  -0.982796  1.000  0.110  0.500  S  d0
 13911   4347.188  +0.194893  -1.103328  1.000  0.110  0.500  S  d0
 13912   4347.500  +0.735604  -0.724242  1.000  0.110  0.500  S  d0
 13913   4347.812  +1.031107  -0.092259  1.000  0.110  0.500  S  d0
 13914   4348.125  +0.975966  +0.476361  1.000  0.168  0.500  S  d0
 13915   4348.438  +0.457255  +0.868507  1.000  0.168  0.500  S  d0
 13916   4348.750  -0.217137  +1.024195  1.000  0.168  0.500  S  d0
 13917   4349.062  -0.718568  +0.792384  1.000  0.168  0.500  S  d0
 13918   4349.375  -0.954095  +0.163026  1.000  0.168  0.500  S  d0
 13919   4349.688  -0.915569  -0.500090  1.000  0.168  0.500  S  d0
 13920   4350.000  -0.527390  -0.908564  1.000  0.168  0.500  S  d0
 13921   4350.312  +0.146398  -0.948074  1.000  0.168  0.500  S  d0
 13922   4350.625  +0.740617  -0.719440  1.000  0.168  0.500  S  d0
 13923   4350.938  +0.977147  -0.231000  1.000  0.168  0.500  S  d0
 13924   4351.250  +0.853487  +0.422626  1.000  0.168  0.500  S  d0
 13925   4351.562  +0.503001  +0.920640  1.000  0.168  0.500  S  d0
 13926   4351.875  -0.063403  +0.978717  1.000  0.207  0.500  S  d0
 13927   4352.188  -0.681609  +0.681990  1.000  0.207  0.500  S  d0
 13928   4352.500  -1.025748  +0.210576  1.000  0.207  0.500  S  d0
 13929   4352.812  -0.897648  -0.337445  1.000  0.207  0.500  S  d0
 13930   4353.125  -0.441843  -0.854339  1.000  0.207  0.500  S  d0
 13931   4353.438  +0.069990  -1.047545  1.000  0.207  0.500  S  d0
 13932   4353.750  +0.591047  -0.730761  1.000  0.207  0.500  S  d0
 13933   4354.062  +0.980719  -0.162320  1.000  0.207  0.500  S  d0
 13934   4354.375  +0.957858  +0.360204  1.000  0.207  0.500  S  d0
 13935   4354.688  +0.497049  +0.769491  1.000  0.207  0.500  S  d0
 13936   4355.000  -0.114648  +0.981554  1.000  0.207  0.500  S  d0
 13937   4355.312  -0.610498  +0.802521  1.000  0.207  0.500  S  d0
 13938   4355.625  -0.887082  +0.229220  1.000  0.224  0.500  S  d0
 13939   4355.938  -0.905027  -0.395346  1.000  0.224  0.500  S  d0
 13940   4356.250  -0.583833  -0.795683  1.000  0.224  0.500  S  d0
 13941   4356.562  +0.056806  -0.903348  1.000  0.224  0.500  S  d0
 13942   4356.875  +0.643079  -0.774625  1.000  0.224  0.500  S  d0
 13943   4357.188  +0.901613  -0.320908  1.000  0.224  0.500  S  d0
 13944   4357.500  +0.849646  +0.345007  1.000  0.224  0.500  S  d0
 13945   4357.812  +0.569963  +0.849456  1.000  0.224  0.500  S  d0
 13946   4358.125  +0.024564  +0.946410  1.000  0.224  0.500  S  d0
 13947   4358.438  -0.592838  +0.722038  1.000  0.224  0.500  S  d0
 13948   4358.750  -0.963596  +0.299357  1.000  0.224  0.500  S  d0
 13949   4359.062  -0.899639  -0.241682  1.000  0.224  0.500  S  d0
 13950   4359.375  -0.511909  -0.796556  1.000  0.201  0.500  S  d0
 13951   4359.688  -0.029005  -1.016331  1.000  0.201  0.500  S  d0
 13952   4360.000  +0.502772  -0.772640  1.000  0.201  0.500  S  d0
 13953   4360.312  +0.954703  -0.275744  1.000  0.201  0.500  S  d0
 13954   4360.625  +0.973249  +0.252952  1.000  0.201  0.500  S  d0
 13955   4360.938  +0.575812  +0.720641  1.000  0.201  0.500  S  d0
 13956   4361.250  -0.013598  +1.013752  1.000  0.201  0.500  S  d0
 13957   4361.562  -0.525862  +0.862704  1.000  0.201  0.500  S  d0
 13958   4361.875  -0.886036  +0.316370  1.000  0.201  0.500  S  d0
 13959   4362.188  -0.981556  -0.320718  1.000  0.201  0.500  S  d0
 13960   4362.500  -0.679719  -0.756806  1.000  0.201  0.500  S  d0
 13961   4362.812  -0.023037  -0.944924  1.000  0.201  0.500  S  d0
 13962   4363.125  +0.592925  -0.895584  1.000  0.157  0.500  S  d0
 13963   4363.438  +0.916911  -0.419968  1.000  0.157  0.500  S  d0
 13964   4363.750  +0.937192  +0.270207  1.000  0.157  0.500  S  d0
 13965   4364.062  +0.669769  +0.837730  1.000  0.157  0.500  S  d0
 13966   4364.375  +0.144476  +1.002042  1.000  0.157  0.500  S  d0
 13967   4364.688  -0.537944  +0.834470  1.000  0.157  0.500  S  d0
 13968   4365.000  -1.002001  +0.439863  1.000  0.157  0.500  S  d0
 13969   4365.312  -0.992798  -0.162808  1.000  0.157  0.500  S  d0
 13970   4365.625  -0.654409  -0.805165  1.000  0.157  0.500  S  d0
 13971   4365.938  -0.145369  -1.103837  1.000  0.157  0.500  S  d0
 13972   4366.250  +0.459022  -0.895101  1.000  0.157  0.500  S  d0
 13973   4366.562  +0.987808  -0.392317  1.000  0.157  0.500  S  d0
 13974   4366.875  +1.096270  +0.155433  1.000  0.103  0.500  S  d0
 13975   4367.188  +0.707627  +0.716625  1.000  0.103  0.500  S  d0
 13976   4367.500  +0.104343  +1.104966  1.000  0.103  0.500  S  d0
 13977   4367.812  -0.469096  +1.007851  1.000  0.103  0.500  S  d0
 13978   4368.125  -0.911390  +0.457903  1.000  0.103  0.500  S  d0
 13979   4368.438  -1.114391  -0.201864  1.000  0.103  0.500  S  d0
 13980   4368.750  -0.819962  -0.752797  1.000  0.103  0.500  S  d0
 13981   4369.062  -0.170725  -1.043400  1.000  0.103  0.500  S  d0
 13982   4369.375  +0.528702  -1.018838  1.000  0.103  0.500  S  d0
 13983   4369.688  +0.976736  -0.582427  1.000  0.103  0.500  S  d0
 13984   4370.000  +1.058070  +0.161126  1.000  0.103  0.500  S  d0
 13985   4370.312  +0.848300  +0.819652  1.000  0.103  0.500  S  d0
 13986   4370.625  +0.264623  +1.081078  1.000  0.068  0.500  S  d0
 13987   4370.938  -0.501918  +1.018281  1.000  0.068  0.500  S  d0
 13988   4371.250  -1.039418  +0.588867  1.000  0.068  0.500  S  d0
 13989   4371.562  -1.123336  -0.085687  1.000  0.068  0.500  S  d0
 13990   4371.875  -0.818002  -0.809252  1.000  0.068  0.500  S  d0
 13991   4372.188  -0.283938  -1.168151  1.000  0.068  0.500  S  d0
 13992   4372.500  +0.410281  -1.034190  1.000  0.068  0.500  S  d0
 13993   4372.812  +1.058083  -0.567742  1.000  0.068  0.500  S  d0
 13994   4373.125  +1.234065  +0.058901  1.000  0.068  0.500  S  d0
 13995   4373.438  +0.859205  +0.723388  1.000  0.068  0.500  S  d0
 13996   4373.750  +0.227121  +1.188017  1.000  0.068  0.500  S  d0
 13997   4374.062  -0.422753  +1.168893  1.000  0.068  0.500  S  d0
 13998   4374.375  -0.979832  +0.622699  1.000  0.073  0.500  S  d0
 13999   4374.688  -1.236646  -0.113774  1.000  0.073  0.500  S  d0
 14000   4375.000  -0.990294  -0.752614  1.000  0.073  0.500  S  d0
 14001   4375.312  -0.284926  -1.151998  1.000  0.073  0.500  S  d0
 14002   4375.625  +0.487090  -1.185724  1.000  0.073  0.500  S  d0
 14003   4375.938  +1.022012  -0.729111  1.000  0.073  0.500  S  d0
 14004   4376.250  +1.213628  +0.077158  1.000  0.073  0.500  S  d0
 14005   4376.562  +1.007457  +0.812946  1.000  0.073  0.500  S  d0
 14006   4376.875  +0.389350  +1.193934  1.000  0.073  0.500  S  d0
 14007   4377.188  -0.441636  +1.151091  1.000  0.073  0.500  S  d0
 14008   4377.500  -1.126842  +0.768551  1.000  0.073  0.500  S  d0
 14009   4377.812  -1.275319  +0.015603  1.000  0.073  0.500  S  d0
 14010   4378.125  -0.987053  -0.788105  1.000  0.112  0.500  S  d0
 14011   4378.438  -0.405489  -1.266536  1.000  0.112  0.500  S  d0
 14012   4378.750  +0.353977  -1.251374  1.000  0.112  0.500  S  d0
 14013   4379.062  +1.041212  -0.735571  1.000  0.112  0.500  S  d0
 14014   4379.375  +1.358646  +0.012400  1.000  0.112  0.500  S  d0
 14015   4379.688  +1.127989  +0.731494  1.000  0.112  0.500  S  d0
 14016   4380.000  +0.412547  +1.196618  1.000  0.112  0.500  S  d0
 14017   4380.312  -0.424515  +1.289307  1.000  0.112  0.500  S  d0
 14018   4380.625  -1.077781  +0.854983  1.000  0.112  0.500  S  d0
 14019   4380.938  -1.300462  +0.073735  1.000  0.112  0.500  S  d0
 14020   4381.250  -1.091479  -0.768199  1.000  0.112  0.500  S  d0
 14021   4381.562  -0.502027  -1.328583  1.000  0.112  0.500  S  d0
 14022   4381.875  +0.289770  -1.332446  1.000  0.166  0.500  S  d0
 14023   4382.188  +1.019920  -0.814063  1.000  0.166  0.500  S  d0
 14024   4382.500  +1.385618  -0.043529  1.000  0.166  0.500  S  d0
 14025   4382.812  +1.251618  +0.746975  1.000  0.166  0.500  S  d0
 14026   4383.125  +0.559609  +1.231605  1.000  0.166  0.500  S  d0
 14027   4383.438  -0.360738  +1.295093  1.000  0.166  0.500  S  d0
 14028   4383.750  -1.095871  +0.941118  1.000  0.166  0.500  S  d0
 14029   4384.062  -1.404103  +0.202763  1.000  0.166  0.500  S  d0
 14030   4384.375  -1.166455  -0.704368  1.000  0.166  0.500  S  d0
 14031   4384.688  -0.536600  -1.329712  1.000  0.166  0.500  S  d0
 14032   4385.000  +0.275258  -1.445204  1.000  0.166  0.500  S  d0
 14033   4385.312  +0.995878  -0.956228  1.000  0.166  0.500  S  d0
 14034   4385.625  +1.383897  -0.117856  1.000  0.210  0.500  S  d0
 14035   4385.938  +1.281584  +0.729064  1.000  0.210  0.500  S  d0
 14036   4386.250  +0.663232  +1.261666  1.000  0.210  0.500  S  d0
 14037   4386.562  -0.267806  +1.339981  1.000  0.210  0.500  S  d0
 14038   4386.875  -1.097715  +0.980082  1.000  0.210  0.500  S  d0
 14039   4387.188  -1.443349  +0.244347  1.000  0.210  0.500  S  d0
 14040   4387.500  -1.231879  -0.593807  1.000  0.210  0.500  S  d0
 14041   4387.812  -0.596321  -1.259234  1.000  0.210  0.500  S  d0
 14042   4388.125  +0.230838  -1.477147  1.000  0.210  0.500  S  d0
 14043   4388.438  +0.962941  -1.060241  1.000  0.210  0.500  S  d0
 14044   4388.750  +1.389383  -0.229878  1.000  0.210  0.500  S  d0
 14045   4389.062  +1.292409  +0.670429  1.000  0.210  0.500  S  d0
 14046   4389.375  +0.727411  +1.268947  1.000  0.225  0.500  S  d0
 14047   4389.688  -0.132355  +1.393962  1.000  0.225  0.500  S  d0
 14048   4390.000  -1.019433  +1.016377  1.000  0.225  0.500  S  d0
 14049   4390.312  -1.462421  +0.288014  1.000  0.225  0.500  S  d0
 14050   4390.625  -1.317315  -0.532614  1.000  0.225  0.500  S  d0
 14051   4390.938  -0.691502  -1.232248  1.000  0.225  0.500  S  d0
 14052   4391.250  +0.191046  -1.477361  1.000  0.225  0.500  S  d0
 14053   4391.562  +0.953689  -1.116868  1.000  0.225  0.500  S  d0
 14054   4391.875  +1.348820  -0.330816  1.000  0.225  0.500  S  d0
 14055   4392.188  +1.293788  +0.606562  1.000  0.225  0.500  S  d0
 14056   4392.500  +0.777570  +1.265093  1.000  0.225  0.500  S  d0
 14057   4392.812  -0.066304  +1.439668  1.000  0.225  0.500  S  d0
 14058   4393.125  -0.918862  +1.056739  1.000  0.207  0.500  S  d0
 14059   4393.438  -1.425188  +0.311801  1.000  0.207  0.500  S  d0
 14060   4393.750  -1.382570  -0.502958  1.000  0.207  0.500  S  d0
 14061   4394.062  -0.789559  -1.156734  1.000  0.207  0.500  S  d0
 14062   4394.375  +0.144367  -1.416994  1.000  0.207  0.500  S  d0
 14063   4394.688  +0.950836  -1.154825  1.000  0.207  0.500  S  d0
 14064   4395.000  +1.362628  -0.413590  1.000  0.207  0.500  S  d0
 14065   4395.312  +1.271799  +0.510321  1.000  0.207  0.500  S  d0
 14066   4395.625  +0.777853  +1.236007  1.000  0.207  0.500  S  d0
 14067   4395.938  +0.002295  +1.450270  1.000  0.207  0.500  S  d0
 14068   4396.250  -0.817484  +1.080502  1.000  0.207  0.500  S  d0
 14069   4396.562  -1.354597  +0.348599  1.000  0.207  0.500  S  d0
 14070   4396.875  -1.390196  -0.450164  1.000  0.163  0.500  S  d0
 14071   4397.188  -0.852569  -1.115512  1.000  0.163  0.500  S  d0
 14072   4397.500  +0.035778  -1.350454  1.000  0.163  0.500  S  d0
 14073   4397.812  +0.869469  -1.110263  1.000  0.163  0.500  S  d0
 14074   4398.125  +1.320043  -0.478843  1.000  0.163  0.500  S  d0
 14075   4398.438  +1.266110  +0.397149  1.000  0.163  0.500  S  d0
 14076   4398.750  +0.783600  +1.152531  1.000  0.163  0.500  S  d0
 14077   4399.062  +0.044133  +1.425938  1.000  0.163  0.500  S  d0
 14078   4399.375  -0.705437  +1.092999  1.000  0.163  0.500  S  d0
 14079   4399.688  -1.268513  +0.393452  1.000  0.163  0.500  S  d0
 14080   4400.000  -1.375538  -0.353479  1.000  0.163  0.500  S  d0
 14081   4400.312  -0.833820  -1.008433  1.000  0.163  0.500  S  d0
 14082   4400.625  -0.013806  -1.352041  1.000  0.108  0.500  S  d0
 14083   4400.938  +0.705426  -1.195818  1.000  0.108  0.500  S  d0
 14084   4401.250  +1.195035  -0.463985  1.000  0.108  0.500  S  d0
 14085   4401.562  +1.316243  +0.373052  1.000  0.108  0.500  S  d0
 14086   4401.875  +0.893518  +1.005562  1.000  0.108  0.500  S  d0
 14087   4402.188  +0.068161  +1.251085  1.000  0.108  0.500  S  d0
 14088   4402.500  -0.719137  +1.154197  1.000  0.108  0.500  S  d0
 14089   4402.812  -1.157918  +0.559532  1.000  0.108  0.500  S  d0
 14090   4403.125  -1.216910  -0.293144  1.000  0.108  0.500  S  d0
 14091   4403.438  -0.871321  -1.003359  1.000  0.108  0.500  S  d0
 14092   4403.750  -0.199842  -1.264079  1.000  0.108  0.500  S  d0
 14093   4404.062  +0.644581  -1.074647  1.000  0.108  0.500  S  d0
 14094   4404.375  +1.179462  -0.553067  1.000  0.072  0.500  S  d0
 14095   4404.688  +1.219732  +0.185594  1.000  0.072  0.500  S  d0
 14096   4405.000  +0.820604  +0.945212  1.000  0.072  0.500  S  d0
 14097   4405.312  +0.191590  +1.298529  1.000  0.072  0.500  S  d0
 14098   4405.625  -0.512216  +1.047899  1.000  0.072  0.500  S  d0
 14099   4405.938  -1.137206  +0.501787  1.000  0.072  0.500  S  d0
 14100   4406.250  -1.253042  -0.163653  1.000  0.072  0.500  S  d0
 14101   4406.562  -0.834112  -0.824989  1.000  0.072  0.500  S  d0
 14102   4406.875  -0.141106  -1.233361  1.000  0.072  0.500  S  d0
 14103   4407.188  +0.488105  -1.125679  1.000  0.072  0.500  S  d0
 14104   4407.500  +0.992977  -0.524979  1.000  0.072  0.500  S  d0
 14105   4407.812  +1.219279  +0.203239  1.000  0.072  0.500  S  d0
 14106   4408.125  +0.914540  +0.799160  1.000  0.078  0.500  S  d0
 14107   4408.438  +0.194060  +1.116274  1.000  0.078  0.500  S  d0
 14108   4408.750  -0.534651  +1.111310  1.000  0.078  0.500  S  d0
 14109   4409.062  -0.977450  +0.623400  1.000  0.078  0.500  S  d0
 14110   4409.375  -1.119549  -0.162862  1.000  0.078  0.500  S  d0
 14111   4409.688  -0.895770  -0.847211  1.000  0.078  0.500  S  d0
 14112   4410.000  -0.281345  -1.095025  1.000  0.078  0.500  S  d0
 14113   4410.312  +0.488376  -1.004091  1.000  0.078  0.500  S  d0
 14114   4410.625  +1.022209  -0.608514  1.000  0.078  0.500  S  d0
 14115   4410.938  +1.104136  +0.053977  1.000  0.078  0.500  S  d0
 14116   4411.250  +0.803053  +0.763451  1.000  0.078  0.500  S  d0
 14117   4411.562  +0.281856  +1.133282  1.000  0.078  0.500  S  d0
 14118   4411.875  -0.391313  +0.999819  1.000  0.112  0.500  S  d0
 14119   4412.188  -0.954668  +0.548100  1.000  0.112  0.500  S  d0
 14120   4412.500  -1.116208  -0.048144  1.000  0.112  0.500  S  d0
 14121   4412.812  -0.839305  -0.654441  1.000  0.112  0.500  S  d0
 14122   4413.125  -0.243965  -1.044633  1.000  0.112  0.500  S  d0
 14123   4413.438  +0.407353  -1.044071  1.000  0.112  0.500  S  d0
 14124   4413.750  +0.875478  -0.625542  1.000  0.112  0.500  S  d0
 14125   4414.062  +1.022564  +0.061974  1.000  0.112  0.500  S  d0
 14126   4414.375  +0.823429  +0.703039  1.000  0.112  0.500  S  d0
 14127   4414.688  +0.311822  +1.050365  1.000  0.112  0.500  S  d0
 14128   4415.000  -0.318567  +0.946984  1.000  0.112  0.500  S  d0
 14129   4415.312  -0.855963  +0.532240  1.000  0.112  0.500  S  d0
 14130   4415.625  -1.093573  -0.033122  1.000  0.166  0.500  S  d0
 14131   4415.938  -0.855883  -0.563944  1.000  0.166  0.500  S  d0
 14132   4416.250  -0.227691  -0.940354  1.000  0.166  0.500  S  d0
 14133   4416.562  +0.366238  -1.022012  1.000  0.166  0.500  S  d0
 14134   4416.875  +0.784354  -0.630308  1.000  0.166  0.500  S  d0
 14135   4417.188  +0.978664  +0.040139  1.000  0.166  0.500  S  d0
 14136   4417.500  +0.850867  +0.621434  1.000  0.166  0.500  S  d0
 14137   4417.812  +0.338058  +0.916552  1.000  0.166  0.500  S  d0
 14138   4418.125  -0.350381  +0.937070  1.000  0.166  0.500  S  d0
 14139   4418.438  -0.822618  +0.644235  1.000  0.166  0.500  S  d0
 14140   4418.750  -0.939352  +0.027001  1.000  0.166  0.500  S  d0
 14141   4419.062  -0.793645  -0.602920  1.000  0.166  0.500  S  d0
 14142   4419.375  -0.377063  -0.950226  1.000  0.210  0.500  S  d0
 14143   4419.688  +0.233078  -0.916376  1.000  0.210  0.500  S  d0
 14144   4420.000  +0.775014  -0.568437  1.000  0.210  0.500  S  d0
 14145   4420.312  +1.014755  -0.036697  1.000  0.210  0.500  S  d0
 14146   4420.625  +0.849289  +0.488074  1.000  0.210  0.500  S  d0
 14147   4420.938  +0.316991  +0.873658  1.000  0.210  0.500  S  d0
 14148   4421.250  -0.282398  +0.961239  1.000  0.210  0.500  S  d0
 14149   4421.562  -0.736467  +0.662069  1.000  0.210  0.500  S  d0
 14150   4421.875  -0.917068  +0.093043  1.000  0.210  0.500  S  d0
 14151   4422.188  -0.789414  -0.527467  1.000  0.210  0.500  S  d0
 14152   4422.500  -0.396727  -0.966535  1.000  0.210  0.500  S  d0
 14153   4422.812  +0.158788  -0.956281  1.000  0.210  0.500  S  d0
 14154   4423.125  +0.699323  -0.578585  1.000  0.217  0.500  S  d0
 14155   4423.438  +0.985181  -0.053975  1.000  0.217  0.500  S  d0
 14156   4423.750  +0.890321  +0.463687  1.000  0.217  0.500  S  d0
 14157   4424.062  +0.405275  +0.833808  1.000  0.217  0.500  S  d0
 14158   4424.375  -0.225639  +0.927841  1.000  0.217  0.500  S  d0
 14159   4424.688  -0.734900  +0.701113  1.000  0.217  0.500  S  d0
 14160   4425.000  -0.938361  +0.174323  1.000  0.217  0.500  S  d0
 14161   4425.312  -0.795967  -0.458472  1.000  0.217  0.500  S  d0
 14162   4425.625  -0.418885  -0.936158  1.000  0.217  0.500  S  d0
 14163   4425.938  +0.119766  -0.988066  1.000  0.217  0.500  S  d0
 14164   4426.250  +0.629851  -0.654588  1.000  0.217  0.500  S  d0
 14165   4426.562  +0.952869  -0.094930  1.000  0.217  0.500  S  d0
 14166   4426.875  +0.925167  +0.449944  1.000  0.193  0.500  S  d0
 14167   4427.188  +0.496938  +0.815731  1.000  0.193  0.500  S  d0
 14168   4427.500  -0.160005  +0.916657  1.000  0.193  0.500  S  d0
 14169   4427.812  -0.720034  +0.710816  1.000  0.193  0.500  S  d0
 14170   4428.125  -0.980093  +0.221056  1.000  0.193  0.500  S  d0
 14171   4428.438  -0.863212  -0.369380  1.000  0.193  0.500  S  d0
 14172   4428.750  -0.425865  -0.876100  1.000  0.193  0.500  S  d0
 14173   4429.062  +0.119733  -1.029106  1.000  0.193  0.500  S  d0
 14174   4429.375  +0.620136  -0.748005  1.000  0.193  0.500  S  d0
 14175   4429.688  +0.938899  -0.158611  1.000  0.193  0.500  S  d0
 14176   4430.000  +0.924327  +0.439777  1.000  0.193  0.500  S  d0
 14177   4430.312  +0.557560  +0.845358  1.000  0.193  0.500  S  d0
 14178   4430.625  -0.066922  +0.947868  1.000  0.139  0.500  S  d0
 14179   4430.938  -0.703467  +0.724050  1.000  0.139  0.500  S  d0
 14180   4431.250  -1.047985  +0.259510  1.000  0.139  0.500  S  d0
 14181   4431.562  -0.931906  -0.337732  1.000  0.139  0.500  S  d0
 14182   4431.875  -0.494603  -0.857156  1.000  0.139  0.500  S  d0
 14183   4432.188  +0.093287  -1.055767  1.000  0.139  0.500  S  d0
 14184   4432.500  +0.640480  -0.842820  1.000  0.139  0.500  S  d0
 14185   4432.812  +0.963277  -0.259049  1.000  0.139  0.500  S  d0
 14186   4433.125  +0.966839  +0.433039  1.000  0.139  0.500  S  d0
 14187   4433.438  +0.619293  +0.922651  1.000  0.139  0.500  S  d0
 14188   4433.750  -0.002280  +1.025398  1.000  0.139  0.500  S  d0
 14189   4434.062  -0.664018  +0.766708  1.000  0.139  0.500  S  d0
 14190   4434.375  -1.080357  +0.272765  1.000  0.081  0.500  S  d0
 14191   4434.688  -1.030528  -0.328522  1.000  0.081  0.500  S  d0
 14192   4435.000  -0.582016  -0.849018  1.000  0.081  0.500  S  d0
 14193   4435.312  +0.077400  -1.070327  1.000  0.081  0.500  S  d0
 14194   4435.625  +0.665458  -0.908804  1.000  0.081  0.500  S  d0
 14195   4435.938  +0.994283  -0.346939  1.000  0.081  0.500  S  d0
 14196   4436.250  +0.988531  +0.388184  1.000  0.081  0.500  S  d0
 14197   4436.562  +0.683582  +0.957294  1.000  0.081  0.500  S  d0
 14198   4436.875  +0.053366  +1.073166  1.000  0.081  0.500  S  d0
 14199   4437.188  -0.686622  +0.850764  1.000  0.081  0.500  S  d0
 14200   4437.500  -1.121387  +0.369523  1.000  0.081  0.500  S  d0
 14201   4437.812  -1.062312  -0.275751  1.000  0.081  0.500  S  d0
 14202   4438.125  -0.634141  -0.919808  1.000  0.046  0.500  S  d0
 14203   4438.438  -0.049765  -1.178535  1.000  0.046  0.500  S  d0
 14204   4438.750  +0.593420  -0.926345  1.000  0.046  0.500  S  d0
 14205   4439.062  +1.108632  -0.363175  1.000  0.046  0.500  S  d0
 14206   4439.375  +1.167160  +0.273615  1.000  0.046  0.500  S  d0
 14207   4439.688  +0.716124  +0.870498  1.000  0.046  0.500  S  d0
 14208   4440.000  +0.028408  +1.198714  1.000  0.046  0.500  S  d0
 14209   4440.312  -0.595174  +1.041914  1.000  0.046  0.500  S  d0
 14210   4440.625  -1.040777  +0.415899  1.000  0.046  0.500  S  d0
 14211   4440.938  -1.194828  -0.326046  1.000  0.046  0.500  S  d0
 14212   4441.250  -0.862028  -0.881520  1.000  0.046  0.500  S  d0
 14213   4441.562  -0.064319  -1.154606  1.000  0.046  0.500  S  d0
 14214   4441.875  +0.650853  -1.080705  1.000  0.051  0.500  S  d0
 14215   4442.188  +1.089940  -0.540140  1.000  0.051  0.500  S  d0
 14216   4442.500  +1.162778  +0.269765  1.000  0.051  0.500  S  d0
 14217   4442.812  +0.866776  +0.968905  1.000  0.051  0.500  S  d0
 14218   4443.125  +0.198625  +1.209367  1.000  0.051  0.500  S  d0
 14219   4443.438  -0.642265  +1.069256  1.000  0.051  0.500  S  d0
 14220   4443.750  -1.193079  +0.586285  1.000  0.051  0.500  S  d0
 14221   4444.062  -1.222845  -0.198919  1.000  0.051  0.500  S  d0
 14222   4444.375  -0.839370  -0.966381  1.000  0.051  0.500  S  d0
 14223   4444.688  -0.194894  -1.304213  1.000  0.051  0.500  S  d0
 14224   4445.000  +0.536655  -1.116322  1.000  0.051  0.500  S  d0
 14225   4445.312  +1.190084  -0.537025  1.000  0.051  0.500  S  d0
 14226   4445.625  +1.337997  +0.156735  1.000  0.098  0.500  S  d0
 14227   4445.938  +0.902502  +0.887021  1.000  0.098  0.500  S  d0
 14228   4446.250  +0.180721  +1.309036  1.000  0.098  0.500  S  d0
 14229   4446.562  -0.568175  +1.246627  1.000  0.098  0.500  S  d0
 14230   4446.875  -1.136723  +0.629533  1.000  0.098  0.500  S  d0
 14231   4447.188  -1.309006  -0.207080  1.000  0.098  0.500  S  d0
 14232   4447.500  -0.995499  -0.956298  1.000  0.098  0.500  S  d0
 14233   4447.812  -0.299062  -1.320766  1.000  0.098  0.500  S  d0
 14234   4448.125  +0.577583  -1.181997  1.000  0.098  0.500  S  d0
 14235   4448.438  +1.221080  -0.658715  1.000  0.098  0.500  S  d0
 14236   4448.750  +1.385051  +0.113824  1.000  0.098  0.500  S  d0
 14237   4449.062  +1.004563  +0.865134  1.000  0.098  0.500  S  d0
 14238   4449.375  +0.226683  +1.350992  1.000  0.150  0.500  S  d0
 14239   4449.688  -0.559406  +1.343893  1.000  0.150  0.500  S  d0
 14240   4450.000  -1.147445  +0.741930  1.000  0.150  0.500  S  d0
 14241   4450.312  -1.353570  -0.178657  1.000  0.150  0.500  S  d0
 14242   4450.625  -1.093701  -0.932767  1.000  0.150  0.500  S  d0
 14243   4450.938  -0.355207  -1.311112  1.000  0.150  0.500  S  d0
 14244   4451.250  +0.567269  -1.273119  1.000  0.150  0.500  S  d0
 14245   4451.562  +1.215909  -0.789564  1.000  0.150  0.500  S  d0
 14246   4451.875  +1.341881  +0.045142  1.000  0.150  0.500  S  d0
 14247   4452.188  +1.081163  +0.944365  1.000  0.150  0.500  S  d0
 14248   4452.500  +0.398860  +1.389053  1.000  0.150  0.500  S  d0
 14249   4452.812  -0.479741  +1.281555  1.000  0.150  0.500  S  d0
 14250   4453.125  -1.219561  +0.753538  1.000  0.000  0.500  S  d0
 14251   4453.438  -1.434241  -0.027818  1.000  0.000  0.500  S  d0
 14252   4453.750  -1.091936  -0.851085  1.000  0.000  0.500  S  d0
 14253   4454.062  -0.344529  -1.380362  1.000  0.000  0.500  S  d0
 14254   4454.375  +0.489163  -1.393176  1.000  0.000  0.500  S  d0
 14255   4454.688  +1.113485  -0.828350  1.000  0.000  0.500  S  d0
 14256   4455.000  +1.385688  +0.045948  1.000  0.000  0.500  S  d0
 14257   4455.312  +1.169889  +0.927345  1.000  0.000  0.500  S  d0
 14258   4455.625  +0.485342  +1.381936  1.000  0.000  0.500  S  d0
 14259   4455.938  -0.428216  +1.318957  1.000  0.000  0.500  S  d0
 14260   4456.250  -1.206780  +0.810204  1.000  0.000  0.500  S  d0
 14261   4456.562  -1.522218  +0.015866  1.000  0.000  0.500  S  d0
 14262   4456.875  -1.173712  -0.748658  1.000  0.000  0.500  S  d0
 14263   4457.188  -0.392672  -1.374184  1.000  0.000  0.500  S  d0
 14264   4457.500  +0.421772  -1.456031  1.000  0.000  0.500  S  d0
 14265   4457.812  +1.089924  -0.883177  1.000  0.000  0.500  S  d0
 14266   4458.125  +1.425629  +0.007222  1.000  0.000  0.500  S  d0
 14267   4458.438  +1.244767  +0.813468  1.000  0.000  0.500  S  d0
 14268   4458.750  +0.467480  +1.291389  1.000  0.000  0.500  S  d0
 14269   4459.062  -0.414945  +1.391594  1.000  0.000  0.500  S  d0
 14270   4459.375  -1.103874  +0.942803  1.000  0.000  0.500  S  d0
 14271   4459.688  -1.401045  +0.068410  1.000  0.000  0.500  S  d0
 14272   4460.000  -1.203841  -0.808610  1.000  0.000  0.500  S  d0
 14273   4460.312  -0.561106  -1.332419  1.000  0.000  0.500  S  d0
 14274   4460.625  +0.316105  -1.370502  1.000  0.000  0.500  S  d0
 14275   4460.938  +1.129331  -0.899665  1.000  0.000  0.500  S  d0
 14276   4461.250  +1.452268  -0.121584  1.000  0.000  0.500  S  d0
 14277   4461.562  +1.233748  +0.704017  1.000  0.000  0.500  S  d0
 14278   4461.875  +0.518482  +1.266230  1.000  0.000  0.500  S  d0
 14279   4462.188  -0.343358  +1.421722  1.000  0.000  0.500  S  d0
 14280   4462.500  -1.045801  +0.999042  1.000  0.000  0.500  S  d0
 14281   4462.812  -1.361183  +0.157178  1.000  0.000  0.500  S  d0
 14282   4463.125  -1.220785  -0.747704  1.000  0.000  0.500  S  d0
 14283   4463.438  -0.610382  -1.293451  1.000  0.000  0.500  S  d0
 14284   4463.750  +0.211015  -1.355391  1.000  0.000  0.500  S  d0
 14285   4464.062  +1.006046  -0.913263  1.000  0.000  0.500  S  d0
 14286   4464.375  +1.446574  -0.161064  1.000  0.000  0.500  S  d0
 14287   4464.688  +1.268304  +0.595704  1.000  0.000  0.500  S  d0
 14288   4465.000  +0.608809  +1.202532  1.000  0.000  0.500  S  d0
 14289   4465.312  -0.268892  +1.345408  1.000  0.000  0.500  S  d0
 14290   4465.625  -0.998174  +1.021755  1.000  0.000  0.500  S  d0
 14291   4465.938  -1.332401  +0.256475  1.000  0.000  0.500  S  d0
 14292   4466.250  -1.175721  -0.612307  1.000  0.000  0.500  S  d0
 14293   4466.562  -0.617783  -1.278326  1.000  0.000  0.500  S  d0
 14294   4466.875  +0.109183  -1.359006  1.000  0.000  0.500  S  d0
 14295   4467.188  +0.880785  -0.898774  1.000  0.000  0.500  S  d0
 14296   4467.500  +1.370830  -0.226094  1.000  0.000  0.500  S  d0
 14297   4467.812  +1.252426  +0.507374  1.000  0.000  0.500  S  d0
 14298   4468.125  +0.615525  +1.145953  1.000  0.000  0.500  S  d0
 14299   4468.438  -0.166248  +1.353753  1.000  0.000  0.500  S  d0
 14300   4468.750  -0.849433  +0.972124  1.000  0.000  0.500  S  d0
 14301   4469.062  -1.265558  +0.252385  1.000  0.000  0.500  S  d0
 14302   4469.375  -1.236687  -0.529611  1.000  0.000  0.500  S  d0
 14303   4469.688  -0.675271  -1.050340  1.000  0.000  0.500  S  d0
 14304   4470.000  +0.172144  -1.295948  1.000  0.000  0.500  S  d0
 14305   4470.312  +0.850865  -1.021367  1.000  0.000  0.500  S  d0
 14306   4470.625  +1.181923  -0.313569  1.000  0.000  0.500  S  d0
 14307   4470.938  +1.178703  +0.546158  1.000  0.000  0.500  S  d0
 14308   4471.250  +0.729626  +1.086241  1.000  0.000  0.500  S  d0
 14309   4471.562  -0.074298  +1.204667  1.000  0.000  0.500  S  d0
 14310   4471.875  -0.851460  +0.954290  1.000  0.000  0.500  S  d0
 14311   4472.188  -1.230532  +0.358914  1.000  0.000  0.500  S  d0
 14312   4472.500  -1.110424  -0.437775  1.000  0.000  0.500  S  d0
 14313   4472.812  -0.664729  -1.112161  1.000  0.000  0.500  S  d0
 14314   4473.125  +0.009528  -1.228858  1.000  0.000  0.500  S  d0
 14315   4473.438  +0.751971  -0.908797  1.000  0.000  0.500  S  d0
 14316   4473.750  +1.181719  -0.289434  1.000  0.000  0.500  S  d0
 14317   4474.062  +1.168051  +0.385174  1.000  0.000  0.500  S  d0
 14318   4474.375  +0.655800  +0.953371  1.000  0.000  0.500  S  d0
 14319   4474.688  -0.061103  +1.189519  1.000  0.000  0.500  S  d0
 14320   4475.000  -0.744359  +0.984357  1.000  0.000  0.500  S  d0
 14321   4475.312  -1.076953  +0.363702  1.000  0.000  0.500  S  d0
 14322   4475.625  -1.063654  -0.382457  1.000  0.000  0.500  S  d0
 14323   4475.938  -0.659656  -0.998463  1.000  0.000  0.500  S  d0
 14324   4476.250  -0.034212  -1.158620  1.000  0.000  0.500  S  d0
 14325   4476.562  +0.615955  -0.903884  1.000  0.000  0.500  S  d0
 14326   4476.875  +1.106860  -0.313205  1.000  0.000  0.500  S  d0
 14327   4477.188  +1.138162  +0.280807  1.000  0.000  0.500  S  d0
 14328   4477.500  +0.671490  +0.833743  1.000  0.000  0.000  S  d0
 14329   4477.812  -0.045598  +1.134849  1.000  0.000  0.000  S  d0
 14330   4478.125  -0.619817  +0.985426  1.000  0.000  0.000  S  d0
 14331   4478.438  -0.980874  +0.358546  1.000  0.000  0.000  S  d0
 14332   4478.750  -1.051914  -0.341566  1.000  0.000  0.000  S  d0
 14333   4479.062  -0.729824  -0.856060  1.000  0.000  0.000  S  d0
 14334   4479.375  -0.025087  -1.042038  1.000  0.000  0.000  S  d0
 14335   4479.688  +0.609019  -0.910602  1.000  0.000  0.000  S  d0
 14336   4480.000  +0.992870  -0.434314  1.000  0.000  0.000  S  d0
 14337   4480.312  +0.969984  +0.259580  1.000  0.000  0.000  S  d0
 14338   4480.625  +0.683969  +0.843530  1.000  0.000  0.000  S  d0
 14339   4480.938  +0.100000  +1.085028  0.984  0.000  0.000  S  d0
 14340   4481.250  -0.485990  +0.861071  0.984  0.000  0.000  S  d0
 14341   4481.562  -0.970737  +0.371210  0.984  0.000  0.000  S  d0
 14342   4481.875  -1.057140  -0.246008  0.984  0.000  0.000  S  d0
 14343   4482.188  -0.698713  -0.703556  0.984  0.000  0.000  S  d0
 14344   4482.500  -0.072192  -0.998104  0.984  0.000  0.000  S  d0
 14345   4482.812  +0.559980  -0.879617  0.984  0.000  0.000  S  d0
 14346   4483.125  +0.912737  -0.485656  0.984  0.000  0.000  S  d0
 14347   4483.438  +0.960872  +0.180114  0.984  0.000  0.000  S  d0
 14348   4483.750  +0.641384  +0.765701  0.984  0.000  0.000  S  d0
 14349   4484.062  +0.178549  +1.058096  0.984  0.000  0.000  S  d0
 14350   4484.375  -0.429248  +0.830003  0.984  0.000  0.000  S  d0
 14351   4484.688  -0.929843  +0.399146  0.984  0.000  0.000  S  d0
 14352   4485.000  -1.082111  -0.150038  0.969  0.000  0.000  S  d0
 14353   4485.312  -0.639295  -0.656792  0.969  0.000  0.000  S  d0
 14354   4485.625  -0.147553  -1.011185  0.969  0.000  0.000  S  d0
 14355   4485.938  +0.456644  -0.921263  0.969  0.000  0.000  S  d0
 14356   4486.250  +0.807364  -0.416627  0.969  0.000  0.000  S  d0
 14357   4486.562  +1.044229  +0.157539  0.969  0.000  0.000  S  d0
 14358   4486.875  +0.723254  +0.667503  0.969  0.000  0.000  S  d0
 14359   4487.188  +0.149076  +0.881082  0.969  0.000  0.000  S  d0
 14360   4487.500  -0.453471  +0.959109  0.953  0.000  0.000  S  d0
 14361   4487.812  -0.821194  +0.485551  0.953  0.000  0.000  S  d0
 14362   4488.125  -0.893250  -0.109221  0.953  0.000  0.000  S  d0
 14363   4488.438  -0.760118  -0.733326  0.938  0.000  0.000  S  d0
 14364   4488.750  -0.211762  -0.880468  0.938  0.000  0.000  S  d0
 14365   4489.062  +0.424409  -0.865416  0.922  0.000  0.000  S  d0
 14366   4489.375  +0.906675  -0.479580  0.922  0.000  0.000  S  d0
 14367   4489.688  +0.907254  +0.025349  0.000  0.000  0.000  T  d0
 14368   4490.000  +0.719795  +0.707082  0.000  0.000  0.000  T  d0
 14369   4490.312  +0.207967  +0.944952  0.000  0.000  0.000  T  d0
 14370   4490.625  -0.285340  +0.906697  0.000  0.000  0.000  T  d1
 14371   4490.938  -0.891071  +0.432592  0.000  0.000  0.000  T  d0
 14372   4491.250  -0.943206  -0.074074  0.000  0.000  0.000  T  d0
 14373   4491.562  -0.863514  -0.591405  0.000  0.000  0.000  T  d0
 14374   4491.875  -0.185049  -0.930971  0.000  0.000  0.000  T  d0
 14375   4492.188  +0.278604  -0.889636  0.000  0.000  0.000  T  d0
 14376   4492.500  +0.817748  -0.624895  0.000  0.000  0.000  T  d0
 14377   4492.812  +0.831530  +0.076960  0.000  0.000  0.000  T  d0
 14378   4493.125  +0.703429  +0.571494  0.000  0.000  0.000  T  d0
 14379   4493.438  +0.211764  +1.039967  0.000  0.000  0.000  T  d0
 14380   4493.750  -0.281884  +0.855769  0.000  0.000  0.000  T  d0
 14381   4494.062  -0.810662  +0.552316  0.000  0.000  0.000  T  d0
 14382   4494.375  -0.967787  -0.131749  0.000  0.000  0.000  T  d0
 14383   4494.688  -0.808993  -0.479594  0.000  0.000  0.000  T  d1
 14384   4495.000  -0.181587  -0.987560  0.000  0.000  0.000  T  d0
 14385   4495.312  +0.479696  -0.804104  0.000  0.000  0.000  T  d0
 14386   4495.625  +0.969610  -0.744568  0.000  0.000  0.000  T  d0
 14387   4495.938  +1.164072  +0.093683  0.000  0.000  0.000  T  d0
 14388   4496.250  +0.824930  +0.471593  0.000  0.000  0.000  T  d0
 14389   4496.562  +0.493780  +1.102972  0.000  0.000  0.000  T  d0
 14390   4496.875  -0.244407  +0.889791  0.000  0.000  0.000  T  d0
 14391   4497.188  -0.585816  +0.669607  0.000  0.000  0.000  T  d1
 14392   4497.500  -1.129527  -0.127338  0.000  0.000  0.000  T  d0
 14393   4497.812  -0.888436  -0.428810  0.000  0.000  0.000  T  d0
 14394   4498.125  -0.618111  -0.976535  0.000  0.000  0.000  T  d1
 14395   4498.438  +0.193437  -0.763431  0.000  0.000  0.000  T  d0
 14396   4498.750  +0.286960  -0.745904  0.000  0.000  0.000  T  d1
 14397   4499.062  +0.698354  +0.320634  0.000  0.000  0.000  T  d0
 14398   4499.375  +0.249008  +0.579502  0.000  0.000  0.000  T  d0
 14399   4499.688  +0.091783  +1.434742  0.000  0.000  0.000  T  d-
