# V.34 Phase 3 baseband IQ symbols
# sym_rate=3200  fc=1829  t0=9.476  t1=13.28
# demod_path=raw  score=26.691  trn_score=0.5486  trn_evm=0.9982  full_evm=1.0449
# columns: sym_idx  time_ms  I  Q  s_score  pp_score  trn_score  label
     0      0.000  +0.645917  -0.091348  0.000  0.000  0.000  T  d1
     1      0.312  +0.184160  +0.510006  0.000  0.000  0.000  T  d3
     2      0.625  +1.920529  -1.312740  0.000  0.000  0.000  T  d0
     3      0.938  +0.968926  -0.889881  0.000  0.000  0.000  T  d2
     4      1.250  -0.119230  +0.631093  0.000  0.000  0.000  T  d1
     5      1.562  -0.174323  -0.095159  0.000  0.000  0.000  T  d2
     6      1.875  +0.301870  +0.213959  0.000  0.000  0.000  T  d2
     7      2.188  -1.709320  +0.279252  0.000  0.000  0.000  T  d0
     8      2.500  -2.097437  +0.953798  0.000  0.000  0.000  T  d2
     9      2.812  +0.267301  -0.354535  0.000  0.000  0.000  T  d2
    10      3.125  -0.530961  +0.186104  0.000  0.000  0.000  T  d2
    11      3.438  +2.294512  -1.381013  0.000  0.000  0.000  T  d0
    12      3.750  +0.301580  -0.488696  0.000  0.000  0.000  T  d2
    13      4.062  -0.260155  +0.204453  0.000  0.000  0.000  T  d1
    14      4.375  -0.112316  -0.432815  0.000  0.000  0.000  T  d2
    15      4.688  +1.275710  +2.460288  0.000  0.000  0.000  T  d0
    16      5.000  +0.438613  +0.304253  0.000  0.000  0.000  T  d1
    17      5.312  -0.124703  +0.226890  0.000  0.000  0.000  T  d1
    18      5.625  -0.297388  -0.643220  0.000  0.000  0.000  T  d0
    19      5.938  -1.927305  -1.754764  0.000  0.000  0.000  T  d2
    20      6.250  +0.407403  +0.353765  0.000  0.000  0.000  T  d1
    21      6.562  -0.476457  +0.196135  0.000  0.000  0.000  T  d2
    22      6.875  +0.659267  -0.279566  0.000  0.000  0.000  T  d0
    23      7.188  +1.749726  -1.834889  0.000  0.000  0.000  T  d2
    24      7.500  -0.451028  +0.413310  0.000  0.000  0.000  T  d2
    25      7.812  +0.307927  -0.383349  0.000  0.000  0.000  T  d2
    26      8.125  -1.641988  +1.649488  0.000  0.000  0.000  T  d0
    27      8.438  -0.717221  +1.094006  0.000  0.000  0.000  T  d2
    28      8.750  +0.151722  -0.520948  0.000  0.000  0.000  T  d2
    29      9.062  +0.034698  +0.097013  0.000  0.000  0.000  T  d2
    30      9.375  +0.063953  -0.179579  0.000  0.000  0.000  T  d1
    31      9.688  +0.190412  -0.053280  0.000  0.000  0.000  T  d0
    32     10.000  +0.233459  -0.143640  0.203  0.000  0.000  T  d0
    33     10.312  +0.092254  +0.011965  0.203  0.000  0.000  T  d0
    34     10.625  +0.121822  -0.020112  0.219  0.000  0.000  T  d1
    35     10.938  -0.047588  +0.111673  0.203  0.000  0.000  T  d3
    36     11.250  +0.032930  +0.060667  0.203  0.000  0.000  T  d3
    37     11.562  +0.058228  +0.009822  0.203  0.000  0.000  T  d1
    38     11.875  +0.019415  +0.062100  0.203  0.000  0.000  T  d2
    39     12.188  -0.084270  -0.140171  0.203  0.000  0.000  T  d3
    40     12.500  -0.038085  +0.002102  0.188  0.000  0.000  T  d1
    41     12.812  -0.008605  -0.018419  0.188  0.000  0.000  T  d2
    42     13.125  +0.011346  +0.039060  0.188  0.000  0.000  T  d0
    43     13.438  +0.114757  +0.080757  0.188  0.000  0.000  T  d2
    44     13.750  -0.028215  -0.025816  0.172  0.000  0.000  T  d1
    45     14.062  +0.025142  -0.028678  0.172  0.000  0.000  T  d2
    46     14.375  -0.029127  +0.022461  0.172  0.000  0.000  T  d0
    47     14.688  -0.095253  +0.117663  0.172  0.000  0.000  T  d3
    48     15.000  +0.043483  -0.003273  0.172  0.000  0.000  T  d1
    49     15.312  -0.011185  +0.014312  0.172  0.000  0.000  T  d2
    50     15.625  +0.129014  -0.022298  0.172  0.000  0.000  T  d0
    51     15.938  +0.285904  -0.124870  0.156  0.000  0.000  T  d3
    52     16.250  +0.029919  -0.289844  0.172  0.000  0.000  T  d3
    53     16.562  -0.230373  -0.182288  0.172  0.000  0.000  T  d3
    54     16.875  -0.308673  +0.068845  0.172  0.000  0.000  T  d3
    55     17.188  -0.145660  +0.301150  0.156  0.000  0.000  T  d3
    56     17.500  +0.136761  +0.289797  0.172  0.000  0.567  T  d3
    57     17.812  +0.309187  +0.067873  0.172  0.000  0.567  T  d3
    58     18.125  +0.261022  -0.211569  0.172  0.000  0.567  T  d3
    59     18.438  -0.010742  -0.321321  0.172  0.000  0.567  T  d3
    60     18.750  -0.209810  -0.191997  0.172  0.000  0.567  T  d3
    61     19.062  -0.314483  +0.103438  0.172  0.000  0.567  T  d3
    62     19.375  +0.075232  +0.229722  0.172  0.000  0.567  T  d2
    63     19.688  +0.045270  -0.229850  0.188  0.000  0.567  T  d3
    64     20.000  -0.337151  -0.022551  0.172  0.000  0.567  T  d3
    65     20.312  -0.131392  +0.234943  0.156  0.000  0.567  T  d0
    66     20.625  +0.076151  +0.307008  0.141  0.000  0.567  T  d3
    67     20.938  +0.327083  +0.134418  0.156  0.000  0.567  T  d3
    68     21.250  +0.294507  -0.140197  0.156  0.000  0.567  T  d3
    69     21.562  +0.075183  -0.311777  0.156  0.000  0.567  T  d3
    70     21.875  -0.205294  -0.238665  0.156  0.000  0.567  T  d3
    71     22.188  -0.309244  +0.021456  0.156  0.000  0.567  T  d3
    72     22.500  -0.170018  +0.248871  0.156  0.000  0.588  T  d3
    73     22.812  +0.110475  +0.302319  0.156  0.000  0.588  T  d3
    74     23.125  +0.267218  +0.008702  0.156  0.000  0.588  T  d3
    75     23.438  +0.013020  -0.120144  0.141  0.000  0.588  T  d2
    76     23.750  -0.014692  +0.013276  0.141  0.000  0.588  T  d2
    77     24.062  +0.004171  -0.042183  0.141  0.000  0.588  T  d3
    78     24.375  -0.033304  -0.003287  0.141  0.000  0.588  T  d2
    79     24.688  +0.089574  -0.069639  0.125  0.000  0.588  T  d0
    80     25.000  +0.108499  -0.094108  0.125  0.000  0.588  T  d2
    81     25.312  -0.027227  +0.006066  0.125  0.000  0.588  T  d2
    82     25.625  +0.025394  -0.028998  0.141  0.000  0.588  T  d2
    83     25.938  -0.134862  +0.103564  0.125  0.000  0.588  T  d0
    84     26.250  -0.013533  +0.023359  0.125  0.000  0.588  T  d2
    85     26.562  +0.002200  -0.016075  0.125  0.000  0.588  T  d2
    86     26.875  +0.008497  +0.018764  0.125  0.000  0.588  T  d2
    87     27.188  -0.112793  -0.132924  0.125  0.000  0.588  T  d0
    88     27.500  -0.035585  -0.016318  0.125  0.000  0.597  T  d1
    89     27.812  +0.005201  -0.005162  0.125  0.000  0.597  T  d1
    90     28.125  +0.020226  +0.041022  0.125  0.000  0.597  T  d0
    91     28.438  +0.139510  +0.096593  0.125  0.000  0.597  T  d2
    92     28.750  -0.029372  -0.004117  0.125  0.000  0.597  T  d2
    93     29.062  +0.034306  -0.004000  0.125  0.000  0.597  T  d1
    94     29.375  -0.034453  +0.046569  0.125  0.000  0.597  T  d0
    95     29.688  -0.086679  +0.142236  0.125  0.000  0.597  T  d3
    96     30.000  +0.031573  +0.008663  0.141  0.000  0.597  T  d1
    97     30.312  -0.012587  +0.022582  0.141  0.000  0.597  T  d3
    98     30.625  +0.117921  -0.016391  0.125  0.000  0.597  T  d0
    99     30.938  +0.287843  -0.126912  0.125  0.000  0.597  T  d3
   100     31.250  +0.025768  -0.287477  0.141  0.000  0.597  T  d3
   101     31.562  -0.224074  -0.192101  0.141  0.000  0.597  T  d3
   102     31.875  -0.307253  +0.070181  0.141  0.000  0.597  T  d3
   103     32.188  -0.141873  +0.291136  0.141  0.000  0.597  T  d3
   104     32.500  +0.142711  +0.293781  0.156  0.000  0.614  T  d3
   105     32.812  +0.312058  +0.064755  0.156  0.000  0.614  T  d3
   106     33.125  +0.272059  -0.206000  0.156  0.000  0.614  T  d3
   107     33.438  -0.007244  -0.322124  0.172  0.000  0.614  T  d3
   108     33.750  -0.201165  -0.191466  0.172  0.000  0.614  T  d3
   109     34.062  -0.316566  +0.101548  0.172  0.000  0.614  T  d3
   110     34.375  +0.076612  +0.231983  0.172  0.000  0.614  T  d2
   111     34.688  +0.044818  -0.227873  0.188  0.000  0.614  T  d3
   112     35.000  -0.335085  -0.026903  0.172  0.000  0.614  T  d3
   113     35.312  -0.137947  +0.233286  0.172  0.000  0.614  T  d0
   114     35.625  +0.073398  +0.305260  0.172  0.000  0.614  T  d3
   115     35.938  +0.322705  +0.138619  0.188  0.000  0.614  T  d3
   116     36.250  +0.297812  -0.140391  0.172  0.000  0.614  T  d3
   117     36.562  +0.077756  -0.309273  0.172  0.000  0.614  T  d3
   118     36.875  -0.201253  -0.245758  0.172  0.000  0.614  T  d3
   119     37.188  -0.309272  +0.018986  0.172  0.000  0.614  T  d3
   120     37.500  -0.174387  +0.243326  0.156  0.000  0.588  T  d3
   121     37.812  +0.108281  +0.305874  0.156  0.000  0.588  T  d3
   122     38.125  +0.265903  +0.011080  0.156  0.000  0.588  T  d3
   123     38.438  +0.017251  -0.119193  0.141  0.000  0.588  T  d3
   124     38.750  -0.017456  +0.012719  0.156  0.000  0.588  T  d1
   125     39.062  +0.006280  -0.041579  0.156  0.000  0.588  T  d3
   126     39.375  -0.034913  -0.003011  0.156  0.000  0.588  T  d2
   127     39.688  +0.090774  -0.068881  0.141  0.000  0.588  T  d0
   128     40.000  +0.107576  -0.092642  0.141  0.000  0.588  T  d2
   129     40.312  -0.026910  +0.004701  0.141  0.000  0.588  T  d2
   130     40.625  +0.025096  -0.027651  0.141  0.000  0.588  T  d2
   131     40.938  -0.136516  +0.098339  0.125  0.000  0.588  T  d0
   132     41.250  -0.015013  +0.024558  0.125  0.000  0.588  T  d2
   133     41.562  +0.003655  -0.016993  0.125  0.000  0.588  T  d2
   134     41.875  +0.009018  +0.020667  0.125  0.000  0.588  T  d2
   135     42.188  -0.109968  -0.136497  0.125  0.000  0.588  T  d0
   136     42.500  -0.034095  -0.014865  0.125  0.000  0.605  T  d1
   137     42.812  +0.004387  -0.005848  0.125  0.000  0.605  T  d1
   138     43.125  +0.020923  +0.042660  0.125  0.388  0.605  P  d0
   139     43.438  +0.135071  +0.100379  0.125  0.388  0.605  P  d2
   140     43.750  -0.028437  -0.004862  0.125  0.388  0.605  P  d2
   141     44.062  +0.031838  -0.004370  0.125  0.388  0.605  P  d2
   142     44.375  -0.034692  +0.044659  0.125  0.388  0.605  P  d0
   143     44.688  -0.090258  +0.139522  0.125  0.388  0.605  P  d3
   144     45.000  +0.032901  +0.006838  0.141  0.388  0.605  P  d1
   145     45.312  -0.012762  +0.021230  0.141  0.388  0.605  P  d3
   146     45.625  +0.120206  -0.020271  0.125  0.388  0.605  P  d0
   147     45.938  +0.290371  -0.124684  0.125  0.388  0.605  P  d3
   148     46.250  +0.034053  -0.288782  0.141  0.388  0.605  P  d3
   149     46.562  -0.222342  -0.190633  0.141  0.388  0.605  P  d3
   150     46.875  -0.305375  +0.069313  0.141  0.371  0.605  P  d3
   151     47.188  -0.145192  +0.292599  0.141  0.371  0.605  P  d3
   152     47.500  +0.138979  +0.295833  0.156  0.371  0.601  P  d3
   153     47.812  +0.309522  +0.073193  0.156  0.371  0.601  P  d3
   154     48.125  +0.265897  -0.205269  0.156  0.371  0.601  P  d3
   155     48.438  -0.009828  -0.321431  0.172  0.371  0.601  P  d0
   156     48.750  -0.204566  -0.198801  0.172  0.371  0.601  P  d3
   157     49.062  -0.325748  +0.088855  0.172  0.371  0.601  P  d3
   158     49.375  +0.059869  +0.229467  0.172  0.371  0.601  P  d2
   159     49.688  +0.053307  -0.233713  0.188  0.371  0.601  P  d3
   160     50.000  -0.336390  -0.047936  0.172  0.371  0.601  P  d3
   161     50.312  -0.139620  +0.222833  0.172  0.371  0.601  P  d3
   162     50.625  +0.074356  +0.303044  0.172  0.348  0.601  P  d3
   163     50.938  +0.327669  +0.147444  0.188  0.348  0.601  P  d3
   164     51.250  +0.308770  -0.126706  0.172  0.348  0.601  P  d3
   165     51.562  +0.095873  -0.292379  0.172  0.348  0.601  P  d3
   166     51.875  -0.194130  -0.222738  0.172  0.348  0.601  P  d3
   167     52.188  -0.308875  +0.042337  0.172  0.348  0.601  P  d3
   168     52.500  -0.195685  +0.276272  0.156  0.348  0.584  P  d3
   169     52.812  +0.082380  +0.343218  0.156  0.348  0.584  P  d3
   170     53.125  +0.224024  +0.067431  0.156  0.348  0.584  P  d3
   171     53.438  -0.002075  -0.097056  0.141  0.348  0.584  P  d3
   172     53.750  -0.101948  +0.046309  0.156  0.348  0.584  P  d2
   173     54.062  +0.041115  -0.041684  0.156  0.348  0.584  P  d2
   174     54.375  -0.281519  +0.059195  0.156  0.347  0.584  P  d2
   175     54.688  +0.667494  -0.406915  0.141  0.347  0.584  P  d0
   176     55.000  +0.787194  -0.701559  0.141  0.347  0.584  P  d2
   177     55.312  -0.216557  +0.153022  0.141  0.347  0.584  P  d2
   178     55.625  +0.165838  -0.182268  0.156  0.347  0.584  P  d2
   179     55.938  -1.056328  +0.899334  0.141  0.347  0.584  P  d0
   180     56.250  -0.124396  +0.229540  0.141  0.347  0.584  P  d2
   181     56.562  +0.047368  -0.131219  0.141  0.347  0.584  P  d1
   182     56.875  +0.088995  +0.171055  0.141  0.347  0.584  P  d2
   183     57.188  -0.888740  -1.040016  0.141  0.347  0.584  P  d0
   184     57.500  -0.251144  -0.098962  0.141  0.347  0.601  P  d1
   185     57.812  +0.062223  -0.061474  0.141  0.347  0.601  P  d1
   186     58.125  +0.217292  +0.339558  0.141  0.348  0.601  P  d0
   187     58.438  +1.163590  +0.754510  0.141  0.348  0.601  P  d2
   188     58.750  -0.204687  -0.023031  0.125  0.348  0.601  P  d2
   189     59.062  +0.276419  -0.040686  0.125  0.348  0.601  P  d1
   190     59.375  -0.242644  +0.375630  0.125  0.348  0.601  P  d0
   191     59.688  -0.649478  +1.142882  0.125  0.348  0.601  P  d3
   192     60.000  +0.260577  +0.057685  0.141  0.348  0.601  P  d1
   193     60.312  -0.096557  +0.185214  0.141  0.348  0.601  P  d3
   194     60.625  +0.937476  -0.214523  0.141  0.348  0.601  P  d0
   195     60.938  +2.246633  -1.098354  0.141  0.348  0.601  P  d3
   196     61.250  +0.159437  -2.317587  0.156  0.348  0.601  P  d3
   197     61.562  -1.870849  -1.453590  0.156  0.348  0.601  P  d3
   198     61.875  -2.424324  +0.650344  0.156  0.353  0.601  P  d3
   199     62.188  -1.071032  +2.367521  0.156  0.353  0.601  P  d3
   200     62.500  +1.230238  +2.294763  0.172  0.353  0.588  P  d3
   201     62.812  +2.511201  +0.455595  0.172  0.353  0.588  P  d3
   202     63.125  +2.100134  -1.745661  0.172  0.353  0.588  P  d3
   203     63.438  -0.148893  -2.568080  0.188  0.353  0.588  P  d0
   204     63.750  -1.637444  -1.510713  0.188  0.353  0.588  P  d3
   205     64.062  -2.516306  +0.856029  0.188  0.353  0.588  P  d3
   206     64.375  +0.610914  +1.853239  0.188  0.353  0.588  P  d2
   207     64.688  +0.384927  -1.817624  0.203  0.353  0.588  P  d3
   208     65.000  -2.689266  -0.210256  0.188  0.353  0.588  P  d3
   209     65.312  -1.058092  +1.892849  0.188  0.353  0.588  P  d0
   210     65.625  +0.649662  +2.427886  0.188  0.358  0.588  P  d3
   211     65.938  +2.596933  +1.075898  0.203  0.358  0.588  P  d3
   212     66.250  +2.350083  -1.175411  0.188  0.358  0.588  P  d3
   213     66.562  +0.597978  -2.485006  0.188  0.358  0.588  P  d3
   214     66.875  -1.663126  -1.921457  0.188  0.358  0.588  P  d3
   215     67.188  -2.462855  +0.200317  0.188  0.358  0.588  P  d3
   216     67.500  -1.391131  +1.946980  0.172  0.358  0.554  P  d3
   217     67.812  +0.884615  +2.438884  0.172  0.358  0.554  P  d3
   218     68.125  +2.117554  +0.098004  0.172  0.358  0.554  P  d3
   219     68.438  +0.112231  -0.943702  0.156  0.358  0.554  P  d2
   220     68.750  -0.121333  +0.098662  0.172  0.358  0.554  P  d2
   221     69.062  +0.034893  -0.334302  0.172  0.358  0.554  P  d3
   222     69.375  -0.268786  -0.018820  0.172  0.361  0.554  P  d2
   223     69.688  +0.680163  -0.584786  0.156  0.361  0.554  P  d0
   224     70.000  +0.815459  -0.781546  0.156  0.361  0.554  P  d2
   225     70.312  -0.212888  +0.051332  0.156  0.361  0.554  P  d2
   226     70.625  +0.193355  -0.234806  0.172  0.361  0.554  P  d2
   227     70.938  -1.067859  +0.858903  0.156  0.361  0.554  P  d0
   228     71.250  -0.113869  +0.198696  0.156  0.361  0.554  P  d2
   229     71.562  +0.017936  -0.137615  0.156  0.361  0.554  P  d2
   230     71.875  +0.074599  +0.150932  0.156  0.361  0.554  P  d2
   231     72.188  -0.923900  -1.031171  0.156  0.361  0.554  P  d0
   232     72.500  -0.282368  -0.113655  0.156  0.361  0.571  P  d1
   233     72.812  +0.031397  -0.054401  0.156  0.361  0.571  P  d1
   234     73.125  +0.183550  +0.327720  0.156  0.363  0.571  P  d0
   235     73.438  +1.140927  +0.757698  0.156  0.363  0.571  P  d2
   236     73.750  -0.229972  -0.031608  0.141  0.363  0.571  P  d2
   237     74.062  +0.264954  -0.038048  0.141  0.363  0.571  P  d1
   238     74.375  -0.258323  +0.372425  0.156  0.363  0.571  P  d0
   239     74.688  -0.652508  +1.148908  0.172  0.363  0.571  P  d3
   240     75.000  +0.249570  +0.060863  0.188  0.363  0.571  P  d1
   241     75.312  -0.092895  +0.194099  0.203  0.363  0.571  P  d3
   242     75.625  +0.928311  -0.203922  0.203  0.363  0.571  P  d0
   243     75.938  +2.252225  -1.087709  0.203  0.363  0.571  P  d3
   244     76.250  +0.153900  -2.304166  0.203  0.363  0.571  P  d3
   245     76.562  -1.866841  -1.452017  0.203  0.363  0.571  P  d3
   246     76.875  -2.430084  +0.660126  0.219  0.367  0.571  P  d3
   247     77.188  -1.074909  +2.365049  0.234  0.367  0.571  P  d3
   248     77.500  +1.228048  +2.304554  0.250  0.367  0.614  P  d3
   249     77.812  +2.511075  +0.456074  0.266  0.367  0.614  P  d3
   250     78.125  +2.110502  -1.738208  0.281  0.367  0.614  P  d3
   251     78.438  -0.140448  -2.570214  0.281  0.367  0.614  P  d0
   252     78.750  -1.623038  -1.508977  0.281  0.367  0.614  P  d3
   253     79.062  -2.510284  +0.854492  0.281  0.367  0.614  P  d3
   254     79.375  +0.620213  +1.862160  0.281  0.367  0.614  P  d2
   255     79.688  +0.393668  -1.809274  0.297  0.367  0.614  P  d3
   256     80.000  -2.681079  -0.205996  0.281  0.367  0.614  P  d3
   257     80.312  -1.064985  +1.897992  0.281  0.367  0.614  P  d0
   258     80.625  +0.644741  +2.432825  0.281  0.372  0.614  P  d3
   259     80.938  +2.583550  +1.082909  0.297  0.372  0.614  P  d3
   260     81.250  +2.346198  -1.180919  0.281  0.372  0.614  P  d3
   261     81.562  +0.591969  -2.496920  0.281  0.372  0.614  P  d3
   262     81.875  -1.662496  -1.954766  0.281  0.372  0.614  P  d3
   263     82.188  -2.464893  +0.165800  0.281  0.372  0.614  P  d3
   264     82.500  -1.383636  +1.898147  0.266  0.372  0.579  P  d3
   265     82.812  +0.894771  +2.404848  0.266  0.372  0.579  P  d3
   266     83.125  +2.158796  +0.052625  0.266  0.372  0.579  P  d3
   267     83.438  +0.139182  -0.966597  0.250  0.372  0.579  P  d2
   268     83.750  -0.032337  +0.058940  0.266  0.372  0.579  P  d2
   269     84.062  -0.000873  -0.333422  0.266  0.372  0.579  P  d0
   270     84.375  -0.006083  -0.089386  0.266  0.379  0.579  P  d0
   271     84.688  +0.053676  -0.226746  0.250  0.379  0.579  P  d0
   272     85.000  +0.076967  -0.134331  0.250  0.379  0.579  P  d0
   273     85.312  -0.008571  -0.107177  0.250  0.379  0.579  P  d0
   274     85.625  +0.038783  -0.069987  0.250  0.379  0.579  P  d3
   275     85.938  -0.075537  +0.002418  0.234  0.379  0.579  P  d1
   276     86.250  +0.002436  -0.020202  0.234  0.379  0.579  P  d3
   277     86.562  -0.028849  -0.015418  0.234  0.379  0.579  P  d0
   278     86.875  -0.011514  -0.009779  0.234  0.379  0.579  P  d0
   279     87.188  -0.092972  -0.054725  0.234  0.379  0.579  P  d0
   280     87.500  -0.049703  -0.020332  0.234  0.379  0.601  P  d0
   281     87.812  -0.031138  +0.004413  0.234  0.379  0.601  P  d0
   282     88.125  -0.024475  +0.008007  0.234  0.387  0.601  P  d3
   283     88.438  +0.041751  +0.045249  0.234  0.387  0.601  P  d2
   284     88.750  -0.040441  -0.009179  0.219  0.387  0.601  P  d2
   285     89.062  +0.001532  -0.000902  0.219  0.387  0.601  P  d2
   286     89.375  -0.031545  +0.018660  0.219  0.387  0.601  P  d0
   287     89.688  -0.042513  +0.075823  0.219  0.387  0.601  P  d3
   288     90.000  +0.005948  +0.004465  0.234  0.387  0.601  P  d1
   289     90.312  -0.002268  +0.018354  0.234  0.387  0.601  P  d3
   290     90.625  +0.048645  -0.002788  0.219  0.387  0.601  P  d0
   291     90.938  +0.139972  -0.060883  0.219  0.387  0.601  P  d3
   292     91.250  +0.000211  -0.124249  0.234  0.387  0.601  P  d3
   293     91.562  -0.108128  -0.078797  0.234  0.387  0.601  P  d3
   294     91.875  -0.146780  +0.056067  0.234  0.394  0.601  P  d3
   295     92.188  -0.058887  +0.144056  0.234  0.394  0.601  P  d3
   296     92.500  +0.075652  +0.145749  0.250  0.394  0.627  P  d3
   297     92.812  +0.148657  +0.023858  0.250  0.394  0.627  P  d3
   298     93.125  +0.124326  -0.100313  0.250  0.394  0.627  P  d3
   299     93.438  -0.012820  -0.153273  0.266  0.394  0.627  P  d0
   300     93.750  -0.095736  -0.084879  0.266  0.394  0.627  P  d3
   301     94.062  -0.148056  +0.052120  0.266  0.394  0.627  P  d3
   302     94.375  +0.042639  +0.110924  0.250  0.394  0.627  P  d2
   303     94.688  +0.021200  -0.109883  0.250  0.394  0.627  P  d3
   304     95.000  -0.154497  -0.008768  0.234  0.394  0.627  P  d3
   305     95.312  -0.061016  +0.112493  0.219  0.394  0.627  P  d3
   306     95.625  +0.046254  +0.143660  0.203  0.410  0.627  P  d3
   307     95.938  +0.154421  +0.061848  0.219  0.410  0.627  P  d3
   308     96.250  +0.142304  -0.073982  0.219  0.410  0.627  P  d3
   309     96.562  +0.031574  -0.146175  0.219  0.410  0.627  P  d3
   310     96.875  -0.099026  -0.114786  0.203  0.410  0.627  P  d3
   311     97.188  -0.146784  +0.016377  0.188  0.410  0.627  P  d3
   312     97.500  -0.080323  +0.115141  0.172  0.410  0.579  P  d3
   313     97.812  +0.054812  +0.145203  0.156  0.410  0.579  P  d3
   314     98.125  +0.126131  +0.003146  0.141  0.410  0.579  P  d3
   315     98.438  +0.008103  -0.057026  0.141  0.410  0.579  P  d3
   316     98.750  -0.009303  +0.005404  0.156  0.410  0.579  P  d1
   317     99.062  +0.002752  -0.020299  0.156  0.410  0.579  P  d3
   318     99.375  -0.018280  -0.001206  0.156  0.417  0.579  P  d2
   319     99.688  +0.042413  -0.036338  0.141  0.417  0.579  P  d0
   320    100.000  +0.047726  -0.048881  0.141  0.417  0.579  P  d2
   321    100.312  -0.011927  +0.003596  0.141  0.417  0.579  P  d2
   322    100.625  +0.009333  -0.013790  0.156  0.417  0.579  P  d2
   323    100.938  -0.059738  +0.050312  0.141  0.417  0.579  P  d0
   324    101.250  -0.007479  +0.011980  0.141  0.417  0.579  P  d2
   325    101.562  +0.001852  -0.008581  0.141  0.417  0.579  P  d2
   326    101.875  +0.004188  +0.010412  0.141  0.417  0.579  P  d2
   327    102.188  -0.057804  -0.062922  0.141  0.417  0.579  P  d0
   328    102.500  -0.017782  -0.005695  0.141  0.417  0.609  P  d1
   329    102.812  +0.001720  -0.003888  0.141  0.417  0.609  P  d1
   330    103.125  +0.010508  +0.019800  0.141  0.413  0.609  P  d0
   331    103.438  +0.066114  +0.042020  0.141  0.413  0.609  P  d2
   332    103.750  -0.012877  -0.000318  0.125  0.413  0.609  P  d2
   333    104.062  +0.015809  -0.003300  0.125  0.413  0.609  P  d1
   334    104.375  -0.014612  +0.024042  0.125  0.413  0.609  P  d0
   335    104.688  -0.039807  +0.070416  0.125  0.413  0.609  P  d3
   336    105.000  +0.016154  +0.003347  0.141  0.413  0.609  P  d1
   337    105.312  -0.006459  +0.010045  0.141  0.413  0.609  P  d3
   338    105.625  +0.056384  -0.010152  0.141  0.413  0.609  P  d0
   339    105.938  +0.133588  -0.066931  0.141  0.413  0.609  P  d3
   340    106.250  +0.007524  -0.137380  0.156  0.413  0.609  P  d3
   341    106.562  -0.111451  -0.084784  0.156  0.413  0.609  P  d3
   342    106.875  -0.144107  +0.040590  0.156  0.316  0.609  P  d3
   343    107.188  -0.061631  +0.141544  0.156  0.316  0.609  P  d3
   344    107.500  +0.074585  +0.136116  0.172  0.316  0.631  P  d3
   345    107.812  +0.149556  +0.025240  0.172  0.316  0.631  P  d3
   346    108.125  +0.123912  -0.104774  0.172  0.316  0.631  P  d3
   347    108.438  -0.009954  -0.152846  0.188  0.316  0.631  P  d0
   348    108.750  -0.098659  -0.088601  0.188  0.316  0.631  P  d3
   349    109.062  -0.148669  +0.052190  0.188  0.316  0.631  P  d3
   350    109.375  +0.036899  +0.109853  0.188  0.316  0.631  P  d2
   351    109.688  +0.021769  -0.108508  0.203  0.316  0.631  P  d3
   352    110.000  -0.159516  -0.011015  0.188  0.316  0.631  P  d3
   353    110.312  -0.061761  +0.112956  0.188  0.316  0.631  P  d0
   354    110.625  +0.039791  +0.143951  0.188  0.138  0.631  P  d3
   355    110.938  +0.155009  +0.062470  0.203  0.138  0.631  P  d3
   356    111.250  +0.138863  -0.070518  0.188  0.138  0.631  P  d3
   357    111.562  +0.034174  -0.148128  0.188  0.138  0.631  P  d3
   358    111.875  -0.099375  -0.113097  0.188  0.138  0.631  P  d3
   359    112.188  -0.146808  +0.012836  0.188  0.138  0.631  P  d3
   360    112.500  -0.081801  +0.117320  0.172  0.138  0.584  P  d3
   361    112.812  +0.052750  +0.144211  0.172  0.138  0.584  P  d3
   362    113.125  +0.127333  +0.006671  0.172  0.138  0.584  P  d3
   363    113.438  +0.007987  -0.057613  0.156  0.138  0.584  P  d2
   364    113.750  -0.008539  +0.006819  0.172  0.138  0.584  P  d2
   365    114.062  +0.002499  -0.020388  0.172  0.138  0.584  P  d3
   366    114.375  -0.017545  -0.000055  0.172  0.076  0.584  T  d2
   367    114.688  +0.041553  -0.035926  0.156  0.076  0.584  T  d0
   368    115.000  +0.049144  -0.047700  0.156  0.076  0.584  T  d2
   369    115.312  -0.012882  +0.003220  0.156  0.076  0.584  T  d2
   370    115.625  +0.010870  -0.013921  0.156  0.076  0.584  T  d2
   371    115.938  -0.061430  +0.049816  0.141  0.076  0.584  T  d0
   372    116.250  -0.006058  +0.012317  0.141  0.076  0.584  T  d2
   373    116.562  +0.000825  -0.008143  0.141  0.076  0.584  T  d2
   374    116.875  +0.004898  +0.009658  0.141  0.076  0.584  T  d2
   375    117.188  -0.056537  -0.062878  0.141  0.076  0.584  T  d0
   376    117.500  -0.016793  -0.006284  0.141  0.076  0.601  T  d1
   377    117.812  +0.002231  -0.002504  0.141  0.076  0.601  T  d1
   378    118.125  +0.010524  +0.019839  0.141  0.068  0.601  T  d0
   379    118.438  +0.065722  +0.043658  0.141  0.068  0.601  T  d2
   380    118.750  -0.013184  -0.001172  0.125  0.068  0.601  T  d2
   381    119.062  +0.015452  -0.003054  0.125  0.068  0.601  T  d2
   382    119.375  -0.015481  +0.022558  0.125  0.068  0.601  T  d0
   383    119.688  -0.040846  +0.068892  0.125  0.068  0.601  T  d3
   384    120.000  +0.016210  +0.002507  0.141  0.068  0.601  T  d1
   385    120.312  -0.005735  +0.009668  0.141  0.068  0.601  T  d3
   386    120.625  +0.056900  -0.010807  0.125  0.068  0.601  T  d0
   387    120.938  +0.136170  -0.065980  0.125  0.068  0.601  T  d3
   388    121.250  +0.009753  -0.137404  0.141  0.068  0.601  T  d3
   389    121.562  -0.109570  -0.086144  0.141  0.068  0.601  T  d3
   390    121.875  -0.143722  +0.039162  0.141  0.117  0.601  T  d3
   391    122.188  -0.062895  +0.141486  0.141  0.117  0.601  T  d3
   392    122.500  +0.072119  +0.137987  0.156  0.117  0.592  T  d3
   393    122.812  +0.148716  +0.028066  0.156  0.117  0.592  T  d3
   394    123.125  +0.121843  -0.102471  0.156  0.117  0.592  T  d3
   395    123.438  -0.010882  -0.152355  0.172  0.117  0.592  T  d0
   396    123.750  -0.100618  -0.090296  0.172  0.117  0.592  T  d3
   397    124.062  -0.153034  +0.048077  0.172  0.117  0.592  T  d3
   398    124.375  +0.032156  +0.107844  0.172  0.117  0.592  T  d2
   399    124.688  +0.020508  -0.112335  0.188  0.117  0.592  T  d3
   400    125.000  -0.160434  -0.016854  0.172  0.117  0.592  T  d3
   401    125.312  -0.062304  +0.108525  0.172  0.117  0.592  T  d3
   402    125.625  +0.041174  +0.142799  0.172  0.169  0.592  P  d3
   403    125.938  +0.158218  +0.064165  0.188  0.169  0.592  P  d3
   404    126.250  +0.144799  -0.065696  0.172  0.169  0.592  P  d3
   405    126.562  +0.040223  -0.140387  0.172  0.169  0.592  P  d3
   406    126.875  -0.095981  -0.102116  0.172  0.169  0.592  P  d3
   407    127.188  -0.146517  +0.025496  0.172  0.169  0.592  P  d3
   408    127.500  -0.088651  +0.134782  0.156  0.169  0.584  P  d3
   409    127.812  +0.044061  +0.162302  0.156  0.169  0.584  P  d3
   410    128.125  +0.107766  +0.029774  0.156  0.169  0.584  P  d3
   411    128.438  -0.001912  -0.046863  0.141  0.169  0.584  P  d3
   412    128.750  -0.049090  +0.024500  0.156  0.169  0.584  P  d2
   413    129.062  +0.019715  -0.020187  0.156  0.169  0.584  P  d2
   414    129.375  -0.135925  +0.033559  0.156  0.159  0.584  P  d2
   415    129.688  +0.317529  -0.207212  0.141  0.159  0.584  P  d0
   416    130.000  +0.370454  -0.350806  0.141  0.159  0.584  P  d2
   417    130.312  -0.102721  +0.077434  0.141  0.159  0.584  P  d2
   418    130.625  +0.077355  -0.090072  0.156  0.159  0.584  P  d2
   419    130.938  -0.496872  +0.448195  0.141  0.159  0.584  P  d0
   420    131.250  -0.056964  +0.112698  0.141  0.159  0.584  P  d2
   421    131.562  +0.021052  -0.064295  0.141  0.159  0.584  P  d1
   422    131.875  +0.045029  +0.082007  0.141  0.159  0.584  P  d2
   423    132.188  -0.444108  -0.492429  0.141  0.159  0.584  P  d0
   424    132.500  -0.122908  -0.044008  0.141  0.159  0.601  P  d1
   425    132.812  +0.029949  -0.030459  0.141  0.159  0.601  P  d1
   426    133.125  +0.109207  +0.161486  0.141  0.125  0.601  P  d0
   427    133.438  +0.570390  +0.350237  0.141  0.125  0.601  P  d2
   428    133.750  -0.098785  -0.008363  0.125  0.125  0.601  P  d2
   429    134.062  +0.133430  -0.022990  0.125  0.125  0.601  P  d1
   430    134.375  -0.112859  +0.184609  0.125  0.125  0.601  P  d0
   431    134.688  -0.302966  +0.560591  0.125  0.125  0.601  P  d3
   432    135.000  +0.127446  +0.025230  0.141  0.125  0.601  P  d1
   433    135.312  -0.045543  +0.089582  0.141  0.125  0.601  P  d3
   434    135.625  +0.451841  -0.112007  0.141  0.125  0.601  P  d0
   435    135.938  +1.075541  -0.553927  0.141  0.125  0.601  P  d3
   436    136.250  +0.054596  -1.122930  0.156  0.125  0.601  P  d3
   437    136.562  -0.918268  -0.684278  0.156  0.125  0.601  P  d3
   438    136.875  -1.166070  +0.337058  0.156  0.107  0.601  T  d3
   439    137.188  -0.496205  +1.154888  0.156  0.107  0.601  T  d3
   440    137.500  +0.614755  +1.097744  0.172  0.107  0.609  T  d3
   441    137.812  +1.219220  +0.198763  0.172  0.107  0.609  T  d3
   442    138.125  +0.999975  -0.862511  0.172  0.107  0.609  T  d3
   443    138.438  -0.093417  -1.240313  0.188  0.107  0.609  T  d0
   444    138.750  -0.804673  -0.717194  0.188  0.107  0.609  T  d3
   445    139.062  -1.209542  +0.433977  0.188  0.107  0.609  T  d3
   446    139.375  +0.309267  +0.891574  0.188  0.107  0.609  T  d2
   447    139.688  +0.172941  -0.882076  0.203  0.107  0.609  T  d3
   448    140.000  -1.302637  -0.082322  0.188  0.107  0.609  T  d3
   449    140.312  -0.497832  +0.922495  0.188  0.107  0.609  T  d0
   450    140.625  +0.329579  +1.169184  0.188  0.090  0.609  T  d3
   451    140.938  +1.263928  +0.502089  0.203  0.090  0.609  T  d3
   452    141.250  +1.128093  -0.583005  0.188  0.090  0.609  T  d3
   453    141.562  +0.273683  -1.206567  0.188  0.090  0.609  T  d3
   454    141.875  -0.815884  -0.916753  0.188  0.090  0.609  T  d3
   455    142.188  -1.190131  +0.111037  0.188  0.090  0.609  T  d3
   456    142.500  -0.660823  +0.951718  0.172  0.090  0.554  T  d3
   457    142.812  +0.440104  +1.174307  0.172  0.090  0.554  T  d3
   458    143.125  +1.025795  +0.038388  0.172  0.090  0.554  T  d3
   459    143.438  +0.048957  -0.457677  0.156  0.090  0.554  T  d2
   460    143.750  -0.058802  +0.050085  0.172  0.090  0.554  T  d2
   461    144.062  +0.013684  -0.162019  0.172  0.090  0.554  T  d3
   462    144.375  -0.130047  -0.006390  0.172  0.073  0.554  T  d2
   463    144.688  +0.325300  -0.287099  0.156  0.073  0.554  T  d0
   464    145.000  +0.393198  -0.382483  0.156  0.073  0.554  T  d2
   465    145.312  -0.103646  +0.025445  0.156  0.073  0.554  T  d2
   466    145.625  +0.095500  -0.115781  0.156  0.073  0.554  T  d2
   467    145.938  -0.511310  +0.419445  0.141  0.073  0.554  T  d0
   468    146.250  -0.050308  +0.094367  0.141  0.073  0.554  T  d2
   469    146.562  +0.010352  -0.063469  0.141  0.073  0.554  T  d2
   470    146.875  +0.040602  +0.071563  0.141  0.073  0.554  T  d2
   471    147.188  -0.447499  -0.492048  0.141  0.073  0.554  T  d0
   472    147.500  -0.136045  -0.054255  0.156  0.073  0.567  T  d1
   473    147.812  +0.017898  -0.021315  0.156  0.073  0.567  T  d1
   474    148.125  +0.087360  +0.157914  0.156  0.068  0.567  T  d0
   475    148.438  +0.554094  +0.364373  0.156  0.068  0.567  T  d2
   476    148.750  -0.116419  -0.016098  0.141  0.068  0.567  T  d2
   477    149.062  +0.127504  -0.022363  0.141  0.068  0.567  T  d2
   478    149.375  -0.129743  +0.174494  0.141  0.068  0.567  T  d0
   479    149.688  -0.312818  +0.549242  0.141  0.068  0.567  T  d3
   480    150.000  +0.118378  +0.017760  0.156  0.068  0.567  T  d1
   481    150.312  -0.038451  +0.080165  0.156  0.068  0.567  T  d3
   482    150.625  +0.451016  -0.108699  0.141  0.068  0.567  T  d0
   483    150.938  +1.100380  -0.543728  0.141  0.068  0.567  T  d3
   484    151.250  +0.076967  -1.116482  0.156  0.068  0.567  T  d3
   485    151.562  -0.893527  -0.707278  0.156  0.068  0.567  T  d3
   486    151.875  -1.168756  +0.332159  0.156  0.057  0.567  T  d3
   487    152.188  -0.517409  +1.146223  0.156  0.057  0.567  T  d3
   488    152.500  +0.591774  +1.130970  0.172  0.057  0.536  T  d3
   489    152.812  +1.193643  +0.226474  0.172  0.057  0.536  T  d3
   490    153.125  +0.996848  -0.827357  0.172  0.057  0.536  T  d3
   491    153.438  -0.112691  -1.239848  0.188  0.057  0.536  T  d0
   492    153.750  -0.823568  -0.730696  0.188  0.057  0.536  T  d3
   493    154.062  -1.266983  +0.398737  0.188  0.057  0.536  T  d3
   494    154.375  +0.262618  +0.876854  0.188  0.057  0.536  T  d2
   495    154.688  +0.149346  -0.906129  0.203  0.057  0.536  T  d3
   496    155.000  -1.306722  -0.136720  0.188  0.057  0.536  T  d3
   497    155.312  -0.523439  +0.892692  0.188  0.057  0.536  T  d3
   498    155.625  +0.342530  +1.157007  0.188  0.042  0.536  T  d3
   499    155.938  +1.281203  +0.547545  0.203  0.042  0.536  T  d3
   500    156.250  +1.194166  -0.534875  0.188  0.042  0.536  T  d3
   501    156.562  +0.341223  -1.100431  0.188  0.042  0.536  T  d3
   502    156.875  -0.767040  -0.827678  0.188  0.042  0.536  T  d3
   503    157.188  -1.162159  +0.268216  0.188  0.042  0.536  T  d0
   504    157.500  -0.722349  +1.114115  0.188  0.042  0.536  T  d3
   505    157.812  +0.398784  +1.380348  0.188  0.042  0.536  T  d3
   506    158.125  +0.857705  +0.262478  0.188  0.042  0.536  T  d3
   507    158.438  +0.008547  -0.327907  0.172  0.042  0.536  T  d3
   508    158.750  -0.399756  +0.209513  0.188  0.042  0.536  T  d2
   509    159.062  +0.194364  -0.156071  0.188  0.042  0.536  T  d2
   510    159.375  -1.075868  +0.244885  0.188  0.021  0.536  T  d2
   511    159.688  +2.617996  -1.652116  0.172  0.021  0.536  T  d0
   512    160.000  +3.043043  -2.794294  0.188  0.021  0.536  T  d2
   513    160.312  -0.709124  +0.527914  0.188  0.021  0.536  T  d2
   514    160.625  +0.730151  -0.759041  0.188  0.021  0.536  T  d2
   515    160.938  -3.871940  +3.441781  0.188  0.021  0.536  T  d0
   516    161.250  -0.323389  +0.872745  0.188  0.021  0.536  T  d2
   517    161.562  +0.342988  -0.618452  0.188  0.021  0.536  T  d1
   518    161.875  +0.512593  +0.663956  0.188  0.021  0.536  T  d2
   519    162.188  -3.395828  -4.080719  0.203  0.021  0.536  T  d0
   520    162.500  -0.870767  -0.385925  0.203  0.021  0.549  T  d1
   521    162.812  +0.163694  -0.362899  0.203  0.021  0.549  T  d1
   522    163.125  +0.824381  +1.163205  0.203  0.000  0.549  T  d0
   523    163.438  +4.283957  +2.679638  0.219  0.000  0.549  T  d2
   524    163.750  -0.988243  -0.488209  0.203  0.000  0.549  T  d1
   525    164.062  +0.728034  -0.544107  0.203  0.000  0.549  T  d2
   526    164.375  -1.242932  +0.678983  0.203  0.000  0.549  T  d0
   527    164.688  -2.791135  +3.973310  0.203  0.000  0.549  T  d2
   528    165.000  +0.705975  -1.131388  0.219  0.000  0.549  T  d2
   529    165.312  -0.445087  +0.659425  0.234  0.000  0.549  T  d2
   530    165.625  +2.725842  -3.913224  0.250  0.000  0.549  T  d0
   531    165.938  +1.099147  -2.447870  0.250  0.000  0.549  T  d2
   532    166.250  +0.216576  +0.866436  0.250  0.000  0.549  T  d2
   533    166.562  -0.249612  -0.187734  0.266  0.000  0.549  T  d2
   534    166.875  +0.950766  +0.099743  0.266  0.000  0.549  T  d2
   535    167.188  -2.770030  +1.581701  0.266  0.000  0.549  T  d0
   536    167.500  -3.255625  +2.901619  0.250  0.000  0.549  T  d2
   537    167.812  +0.531671  -0.538785  0.250  0.000  0.549  T  d2
   538    168.125  -0.884010  +0.775511  0.250  0.000  0.549  T  d2
   539    168.438  +3.768296  -3.429051  0.250  0.000  0.549  T  d0
   540    168.750  +0.262137  -0.905350  0.250  0.000  0.549  T  d2
   541    169.062  -0.422872  +0.580166  0.250  0.000  0.549  T  d1
   542    169.375  -0.514845  -0.708945  0.250  0.000  0.549  T  d2
   543    169.688  +3.336592  +4.123376  0.266  0.000  0.549  T  d0
   544    170.000  +0.876410  +0.393936  0.250  0.000  0.549  T  d1
   545    170.312  -0.157478  +0.387544  0.250  0.000  0.549  T  d1
   546    170.625  -0.816504  -1.154903  0.250  0.002  0.549  T  d0
   547    170.938  -4.260995  -2.724269  0.266  0.002  0.549  T  d2
   548    171.250  +0.945478  +0.496425  0.250  0.002  0.549  T  d1
   549    171.562  -0.775697  +0.485590  0.250  0.002  0.549  T  d2
   550    171.875  +1.219883  -0.740066  0.250  0.002  0.549  T  d0
   551    172.188  +2.811408  -4.065258  0.250  0.002  0.549  T  d2
   552    172.500  -0.686105  +0.963070  0.234  0.002  0.515  T  d2
   553    172.812  +0.472690  -0.822074  0.234  0.002  0.515  T  d2
   554    173.125  -2.618669  +3.675918  0.234  0.002  0.515  T  d0
   555    173.438  -1.082156  +2.316397  0.219  0.002  0.515  T  d2
   556    173.750  +0.139957  -1.033767  0.234  0.002  0.515  T  d2
   557    174.062  +0.058728  +0.182932  0.234  0.002  0.515  T  d2
   558    174.375  +0.062764  -0.377972  0.234  0.007  0.515  T  d1
   559    174.688  +0.318237  -0.162310  0.219  0.007  0.515  T  d0
   560    175.000  +0.398481  -0.366574  0.219  0.007  0.515  T  d0
   561    175.312  +0.168644  -0.007049  0.219  0.007  0.515  T  d0
   562    175.625  +0.226363  -0.102648  0.234  0.007  0.515  T  d1
   563    175.938  -0.061496  +0.226745  0.219  0.007  0.515  T  d3
   564    176.250  +0.086894  +0.088253  0.219  0.007  0.515  T  d0
   565    176.562  +0.120149  +0.008903  0.219  0.007  0.515  T  d1
   566    176.875  +0.059807  +0.101460  0.219  0.007  0.515  T  d2
   567    177.188  -0.190478  -0.228616  0.219  0.007  0.515  T  d3
   568    177.500  -0.075919  +0.009500  0.203  0.007  0.532  T  d1
   569    177.812  -0.012240  -0.022069  0.203  0.007  0.532  T  d2
   570    178.125  +0.017640  +0.075071  0.203  0.018  0.532  T  d3
   571    178.438  +0.243707  +0.142493  0.203  0.018  0.532  T  d2
   572    178.750  -0.073252  -0.039927  0.188  0.018  0.532  T  d1
   573    179.062  +0.047335  -0.061236  0.188  0.018  0.532  T  d2
   574    179.375  -0.061934  +0.052760  0.188  0.018  0.532  T  d0
   575    179.688  -0.161268  +0.234836  0.188  0.018  0.532  T  d3
   576    180.000  +0.077921  -0.010184  0.188  0.018  0.532  T  d2
   577    180.312  -0.018479  +0.022759  0.188  0.018  0.532  T  d2
   578    180.625  +0.245152  -0.058875  0.188  0.018  0.532  T  d0
   579    180.938  +0.542827  -0.270231  0.172  0.018  0.532  T  d3
   580    181.250  +0.043029  -0.557529  0.188  0.018  0.532  T  d3
   581    181.562  -0.461093  -0.334255  0.188  0.018  0.532  T  d3
   582    181.875  -0.587795  +0.167163  0.188  0.038  0.532  T  d3
   583    182.188  -0.265877  +0.588594  0.172  0.038  0.532  T  d3
   584    182.500  +0.289804  +0.554639  0.188  0.038  0.575  T  d3
   585    182.812  +0.596421  +0.113915  0.188  0.038  0.575  T  d3
   586    183.125  +0.493069  -0.427862  0.188  0.038  0.575  T  d3
   587    183.438  -0.046922  -0.619177  0.188  0.038  0.575  T  d0
   588    183.750  -0.406047  -0.368057  0.188  0.038  0.575  T  d3
   589    184.062  -0.609754  +0.208929  0.188  0.038  0.575  T  d3
   590    184.375  +0.146167  +0.443029  0.188  0.038  0.575  T  d2
   591    184.688  +0.094714  -0.439862  0.203  0.038  0.575  T  d3
   592    185.000  -0.651196  -0.050525  0.188  0.038  0.575  T  d3
   593    185.312  -0.249083  +0.459466  0.172  0.038  0.575  T  d0
   594    185.625  +0.157501  +0.588851  0.156  0.064  0.575  T  d3
   595    185.938  +0.634116  +0.261013  0.172  0.064  0.575  T  d3
   596    186.250  +0.566543  -0.280258  0.172  0.064  0.575  T  d3
   597    186.562  +0.147244  -0.600320  0.156  0.064  0.575  T  d3
   598    186.875  -0.403462  -0.458304  0.156  0.064  0.575  T  d3
   599    187.188  -0.595872  +0.048243  0.156  0.064  0.575  T  d3
   600    187.500  -0.336551  +0.475541  0.156  0.064  0.571  T  d3
   601    187.812  +0.211016  +0.588327  0.156  0.064  0.571  T  d3
   602    188.125  +0.513956  +0.028090  0.156  0.064  0.571  T  d3
   603    188.438  +0.026880  -0.230713  0.156  0.064  0.571  T  d2
   604    188.750  -0.030027  +0.025511  0.172  0.064  0.571  T  d2
   605    189.062  +0.007798  -0.082545  0.172  0.064  0.571  T  d3
   606    189.375  -0.064274  -0.003663  0.172  0.075  0.571  T  d2
   607    189.688  +0.164886  -0.143091  0.156  0.075  0.571  T  d0
   608    190.000  +0.201474  -0.188664  0.156  0.075  0.571  T  d2
   609    190.312  -0.052360  +0.011561  0.156  0.075  0.571  T  d2
   610    190.625  +0.050262  -0.057394  0.156  0.075  0.571  T  d2
   611    190.938  -0.258319  +0.205923  0.141  0.075  0.571  T  d0
   612    191.250  -0.023885  +0.046210  0.141  0.075  0.571  T  d2
   613    191.562  +0.004918  -0.030352  0.141  0.075  0.571  T  d2
   614    191.875  +0.020074  +0.035694  0.141  0.075  0.571  T  d2
   615    192.188  -0.221665  -0.248452  0.141  0.075  0.571  T  d0
   616    192.500  -0.068337  -0.029089  0.156  0.075  0.567  T  d1
   617    192.812  +0.009579  -0.009589  0.156  0.075  0.567  T  d1
   618    193.125  +0.041912  +0.078769  0.156  0.085  0.567  T  d0
   619    193.438  +0.274098  +0.184853  0.156  0.085  0.567  T  d2
   620    193.750  -0.058022  -0.009030  0.141  0.085  0.567  T  d2
   621    194.062  +0.064113  -0.010831  0.141  0.085  0.567  T  d2
   622    194.375  -0.066450  +0.086738  0.141  0.085  0.567  T  d0
   623    194.688  -0.159965  +0.273360  0.141  0.085  0.567  T  d3
   624    195.000  +0.059458  +0.009222  0.156  0.085  0.567  T  d1
   625    195.312  -0.019629  +0.039740  0.156  0.085  0.567  T  d3
   626    195.625  +0.226007  -0.050211  0.141  0.085  0.567  T  d0
   627    195.938  +0.554613  -0.265420  0.141  0.085  0.567  T  d3
   628    196.250  +0.044861  -0.557310  0.156  0.085  0.567  T  d3
   629    196.562  -0.441364  -0.359873  0.156  0.085  0.567  T  d3
   630    196.875  -0.587016  +0.158359  0.156  0.073  0.567  T  d3
   631    197.188  -0.266084  +0.569568  0.156  0.073  0.567  T  d3
   632    197.500  +0.288621  +0.569479  0.172  0.073  0.532  T  d3
   633    197.812  +0.595520  +0.120233  0.172  0.073  0.532  T  d3
   634    198.125  +0.502952  -0.407283  0.172  0.073  0.532  T  d3
   635    198.438  -0.048633  -0.620926  0.188  0.073  0.532  T  d0
   636    198.750  -0.407305  -0.369999  0.188  0.073  0.532  T  d3
   637    199.062  -0.636084  +0.191642  0.188  0.073  0.532  T  d3
   638    199.375  +0.125561  +0.440040  0.188  0.073  0.532  T  d2
   639    199.688  +0.080494  -0.452088  0.203  0.073  0.532  T  d3
   640    200.000  -0.652825  -0.076176  0.188  0.073  0.532  T  d3
   641    200.312  -0.267088  +0.442869  0.188  0.073  0.532  T  d3
   642    200.625  +0.163573  +0.580584  0.188  0.056  0.532  T  d3
   643    200.938  +0.637191  +0.281372  0.203  0.056  0.532  T  d3
   644    201.250  +0.600584  -0.259227  0.188  0.056  0.532  T  d3
   645    201.562  +0.178000  -0.548403  0.188  0.056  0.532  T  d3
   646    201.875  -0.378196  -0.417884  0.188  0.056  0.532  T  d3
   647    202.188  -0.582867  +0.126275  0.188  0.056  0.532  T  d0
   648    202.500  -0.367403  +0.553172  0.188  0.056  0.519  T  d3
   649    202.812  +0.189542  +0.692666  0.188  0.056  0.519  T  d3
   650    203.125  +0.427640  +0.137929  0.188  0.056  0.519  T  d3
   651    203.438  +0.006585  -0.164446  0.172  0.056  0.519  T  d3
   652    203.750  -0.201963  +0.103739  0.188  0.056  0.519  T  d2
   653    204.062  +0.097436  -0.077070  0.188  0.056  0.519  T  d2
   654    204.375  -0.539926  +0.115954  0.188  0.084  0.519  T  d2
   655    204.688  +1.319421  -0.810043  0.172  0.084  0.519  T  d0
   656    205.000  +1.540700  -1.377712  0.188  0.084  0.519  T  d2
   657    205.312  -0.358478  +0.259500  0.188  0.084  0.519  T  d2
   658    205.625  +0.371398  -0.375404  0.188  0.084  0.519  T  d2
   659    205.938  -1.957077  +1.695201  0.188  0.084  0.519  T  d0
   660    206.250  -0.164854  +0.433074  0.188  0.084  0.519  T  d2
   661    206.562  +0.176456  -0.305066  0.188  0.084  0.519  T  d1
   662    206.875  +0.254115  +0.334608  0.188  0.084  0.519  T  d2
   663    207.188  -1.670721  -2.060093  0.203  0.084  0.519  T  d0
   664    207.500  -0.432474  -0.198496  0.203  0.084  0.524  T  d1
   665    207.812  +0.085685  -0.178055  0.203  0.084  0.524  T  d1
   666    208.125  +0.402949  +0.586788  0.203  0.148  0.524  P  d0
   667    208.438  +2.124561  +1.367425  0.219  0.148  0.524  P  d2
   668    208.750  -0.493196  -0.251328  0.203  0.148  0.524  P  d1
   669    209.062  +0.367195  -0.269417  0.203  0.148  0.524  P  d2
   670    209.375  -0.628724  +0.328712  0.203  0.148  0.524  P  d0
   671    209.688  -1.420447  +1.965578  0.203  0.148  0.524  P  d2
   672    210.000  +0.358694  -0.566893  0.219  0.148  0.524  P  d2
   673    210.312  -0.222989  +0.320092  0.219  0.148  0.524  P  d2
   674    210.625  +1.387910  -1.943052  0.219  0.148  0.524  P  d0
   675    210.938  +0.570683  -1.222466  0.219  0.148  0.524  P  d2
   676    211.250  +0.106704  +0.433106  0.234  0.148  0.524  P  d2
   677    211.562  -0.118271  -0.099727  0.234  0.148  0.524  P  d2
   678    211.875  +0.477883  +0.059949  0.234  0.220  0.524  P  d2
   679    212.188  -1.395348  +0.774725  0.234  0.220  0.524  P  d0
   680    212.500  -1.647932  +1.440028  0.234  0.220  0.494  P  d2
   681    212.812  +0.258921  -0.262772  0.234  0.220  0.494  P  d2
   682    213.125  -0.457666  +0.388608  0.234  0.220  0.494  P  d2
   683    213.438  +1.883132  -1.689659  0.250  0.220  0.494  P  d0
   684    213.750  +0.118021  -0.451699  0.250  0.220  0.494  P  d2
   685    214.062  -0.240476  +0.279818  0.250  0.220  0.494  P  d1
   686    214.375  -0.270532  -0.368892  0.250  0.220  0.494  P  d2
   687    214.688  +1.624500  +2.067793  0.266  0.220  0.494  P  d0
   688    215.000  +0.431250  +0.185407  0.250  0.220  0.494  P  d1
   689    215.312  -0.084914  +0.180769  0.250  0.220  0.494  P  d1
   690    215.625  -0.385348  -0.591290  0.250  0.338  0.494  P  d0
   691    215.938  -2.099191  -1.374436  0.266  0.338  0.494  P  d2
   692    216.250  +0.497239  +0.270306  0.250  0.338  0.494  P  d1
   693    216.562  -0.366917  +0.290615  0.250  0.338  0.494  P  d2
   694    216.875  +0.630822  -0.306274  0.250  0.338  0.494  P  d0
   695    217.188  +1.444465  -1.924666  0.250  0.338  0.494  P  d2
   696    217.500  -0.374553  +0.571305  0.250  0.338  0.476  P  d2
   697    217.812  +0.225684  -0.303980  0.250  0.338  0.476  P  d2
   698    218.125  -1.421679  +1.930050  0.250  0.338  0.476  P  d0
   699    218.438  -0.583046  +1.218121  0.234  0.338  0.476  P  d2
   700    218.750  -0.107820  -0.434416  0.250  0.338  0.476  P  d2
   701    219.062  +0.122130  +0.096543  0.250  0.338  0.476  P  d2
   702    219.375  -0.478148  -0.065716  0.250  0.420  0.476  P  d2
   703    219.688  +1.411470  -0.763531  0.234  0.420  0.476  P  d0
   704    220.000  +1.668637  -1.418688  0.250  0.420  0.476  P  d2
   705    220.312  -0.255396  +0.256547  0.250  0.420  0.476  P  d2
   706    220.625  +0.465570  -0.380095  0.250  0.420  0.476  P  d2
   707    220.938  -1.898417  +1.665579  0.250  0.420  0.476  P  d0
   708    221.250  -0.121449  +0.454776  0.250  0.420  0.476  P  d2
   709    221.562  +0.244282  -0.278540  0.250  0.420  0.476  P  d1
   710    221.875  +0.266592  +0.376073  0.250  0.420  0.476  P  d2
   711    222.188  -1.603341  -2.089565  0.266  0.420  0.476  P  d0
   712    222.500  -0.428455  -0.188474  0.250  0.420  0.489  P  d1
   713    222.812  +0.082924  -0.183689  0.250  0.420  0.489  P  d1
   714    223.125  +0.381677  +0.595495  0.250  0.423  0.489  P  d0
   715    223.438  +2.079617  +1.396417  0.266  0.423  0.489  P  d2
   716    223.750  -0.489686  -0.277422  0.250  0.423  0.489  P  d1
   717    224.062  +0.368273  -0.285154  0.250  0.423  0.489  P  d2
   718    224.375  -0.630577  +0.299183  0.250  0.423  0.489  P  d0
   719    224.688  -1.466676  +1.913076  0.250  0.423  0.489  P  d2
   720    225.000  +0.383416  -0.565007  0.250  0.423  0.489  P  d2
   721    225.312  -0.232295  +0.309040  0.266  0.423  0.489  P  d2
   722    225.625  +1.442046  -1.911642  0.281  0.423  0.489  P  d0
   723    225.938  +0.591039  -1.204422  0.266  0.423  0.489  P  d2
   724    226.250  +0.099902  +0.435288  0.266  0.423  0.489  P  d2
   725    226.562  -0.125358  -0.093611  0.281  0.423  0.489  P  d2
   726    226.875  +0.473454  +0.065897  0.281  0.427  0.489  P  d2
   727    227.188  -1.418370  +0.747914  0.266  0.427  0.489  P  d0
   728    227.500  -1.683588  +1.391319  0.266  0.427  0.515  P  d2
   729    227.812  +0.269670  -0.256287  0.266  0.427  0.515  P  d2
   730    228.125  -0.461848  +0.369004  0.266  0.427  0.515  P  d2
   731    228.438  +1.937518  -1.647057  0.250  0.427  0.515  P  d0
   732    228.750  +0.141417  -0.451103  0.250  0.427  0.515  P  d2
   733    229.062  -0.222481  +0.281565  0.250  0.427  0.515  P  d1
   734    229.375  -0.247576  -0.365378  0.250  0.427  0.515  P  d2
   735    229.688  +1.599450  +2.118524  0.266  0.427  0.515  P  d0
   736    230.000  +0.430229  +0.210583  0.250  0.427  0.515  P  d1
   737    230.312  -0.082764  +0.191975  0.250  0.427  0.515  P  d1
   738    230.625  -0.389499  -0.589752  0.250  0.432  0.515  P  d0
   739    230.938  -2.080129  -1.430881  0.266  0.432  0.515  P  d2
   740    231.250  +0.462314  +0.266141  0.250  0.432  0.515  P  d1
   741    231.562  -0.394616  +0.230153  0.250  0.432  0.515  P  d2
   742    231.875  +0.621278  -0.347186  0.250  0.432  0.515  P  d0
   743    232.188  +1.472644  -1.986450  0.250  0.432  0.515  P  d2
   744    232.500  -0.359665  +0.472799  0.234  0.432  0.515  P  d2
   745    232.812  +0.248609  -0.403345  0.234  0.432  0.515  P  d2
   746    233.125  -1.367630  +1.794905  0.234  0.432  0.515  P  d0
   747    233.438  -0.578379  +1.138731  0.219  0.432  0.515  P  d2
   748    233.750  +0.086715  -0.513130  0.234  0.432  0.515  P  d2
   749    234.062  +0.026188  +0.091860  0.234  0.432  0.515  P  d2
   750    234.375  +0.037777  -0.187419  0.234  0.438  0.515  P  d1
   751    234.688  +0.161650  -0.077114  0.219  0.438  0.515  P  d0
   752    235.000  +0.206894  -0.176930  0.219  0.438  0.515  P  d0
   753    235.312  +0.083454  -0.000843  0.219  0.438  0.515  P  d0
   754    235.625  +0.115888  -0.047458  0.234  0.438  0.515  P  d1
   755    235.938  -0.033953  +0.112075  0.219  0.438  0.515  P  d3
   756    236.250  +0.043291  +0.044560  0.219  0.438  0.515  P  d0
   757    236.562  +0.059099  +0.007389  0.219  0.438  0.515  P  d1
   758    236.875  +0.029313  +0.051381  0.219  0.438  0.515  P  d2
   759    237.188  -0.092726  -0.117267  0.219  0.438  0.515  P  d3
   760    237.500  -0.038373  +0.002499  0.203  0.438  0.532  P  d1
   761    237.812  -0.005533  -0.010126  0.203  0.438  0.532  P  d2
   762    238.125  +0.007002  +0.036686  0.203  0.446  0.532  P  d3
   763    238.438  +0.119007  +0.074220  0.203  0.446  0.532  P  d2
   764    238.750  -0.036448  -0.021086  0.188  0.446  0.532  P  d1
   765    239.062  +0.025067  -0.030096  0.188  0.446  0.532  P  d2
   766    239.375  -0.032212  +0.025629  0.188  0.446  0.532  P  d0
   767    239.688  -0.084676  +0.115885  0.188  0.446  0.532  P  d3
   768    240.000  +0.039164  -0.003795  0.188  0.446  0.532  P  d2
   769    240.312  -0.009506  +0.010571  0.188  0.446  0.532  P  d2
   770    240.625  +0.123560  -0.024004  0.188  0.446  0.532  P  d0
   771    240.938  +0.276818  -0.127685  0.172  0.446  0.532  P  d3
   772    241.250  +0.028494  -0.277570  0.188  0.446  0.532  P  d3
   773    241.562  -0.225113  -0.174756  0.188  0.446  0.532  P  d3
   774    241.875  -0.296529  +0.075595  0.188  0.333  0.532  P  d3
   775    242.188  -0.141368  +0.290044  0.172  0.333  0.532  P  d3
   776    242.500  +0.136881  +0.281809  0.188  0.333  0.558  P  d3
   777    242.812  +0.296428  +0.064702  0.188  0.333  0.558  P  d3
   778    243.125  +0.252617  -0.206468  0.188  0.333  0.558  P  d3
   779    243.438  -0.014730  -0.310464  0.188  0.333  0.558  P  d0
   780    243.750  -0.197518  -0.189106  0.188  0.333  0.558  P  d3
   781    244.062  -0.307747  +0.095548  0.188  0.333  0.558  P  d3
   782    244.375  +0.067173  +0.223229  0.188  0.333  0.558  P  d2
   783    244.688  +0.053404  -0.218563  0.203  0.333  0.558  P  d3
   784    245.000  -0.324716  -0.033995  0.188  0.333  0.558  P  d3
   785    245.312  -0.131357  +0.226228  0.172  0.333  0.558  P  d0
   786    245.625  +0.071222  +0.296466  0.156  0.248  0.558  P  d3
   787    245.938  +0.313001  +0.139330  0.172  0.248  0.558  P  d3
   788    246.250  +0.287561  -0.132304  0.172  0.248  0.558  P  d3
   789    246.562  +0.080911  -0.297881  0.156  0.248  0.558  P  d3
   790    246.875  -0.195317  -0.235230  0.156  0.248  0.558  P  d3
   791    247.188  -0.298480  +0.016292  0.156  0.248  0.558  P  d3
   792    247.500  -0.174803  +0.233031  0.156  0.248  0.584  P  d3
   793    247.812  +0.097374  +0.296902  0.156  0.248  0.584  P  d3
   794    248.125  +0.256772  +0.021121  0.156  0.248  0.584  P  d3
   795    248.438  +0.017817  -0.115847  0.156  0.248  0.584  P  d2
   796    248.750  -0.015989  +0.012742  0.172  0.248  0.584  P  d2
   797    249.062  +0.005276  -0.041250  0.172  0.248  0.584  P  d3
   798    249.375  -0.033263  -0.002202  0.172  0.213  0.584  P  d2
   799    249.688  +0.085667  -0.069202  0.156  0.213  0.584  P  d0
   800    250.000  +0.103447  -0.091906  0.156  0.213  0.584  P  d2
   801    250.312  -0.026007  +0.005190  0.156  0.213  0.584  P  d2
   802    250.625  +0.024994  -0.027679  0.172  0.213  0.584  P  d2
   803    250.938  -0.131225  +0.098624  0.156  0.213  0.584  P  d0
   804    251.250  -0.013063  +0.023352  0.156  0.213  0.584  P  d2
   805    251.562  +0.002311  -0.015577  0.156  0.213  0.584  P  d2
   806    251.875  +0.008793  +0.018465  0.156  0.213  0.584  P  d2
   807    252.188  -0.109364  -0.129383  0.156  0.213  0.584  P  d0
   808    252.500  -0.033823  -0.015421  0.156  0.213  0.575  P  d1
   809    252.812  +0.004322  -0.005495  0.156  0.213  0.575  P  d1
   810    253.125  +0.020033  +0.039419  0.156  0.172  0.575  P  d0
   811    253.438  +0.133473  +0.094509  0.156  0.172  0.575  P  d2
   812    253.750  -0.027585  -0.004242  0.141  0.172  0.575  P  d2
   813    254.062  +0.032447  -0.003624  0.141  0.172  0.575  P  d1
   814    254.375  -0.033322  +0.044103  0.141  0.172  0.575  P  d0
   815    254.688  -0.085121  +0.137234  0.141  0.172  0.575  P  d3
   816    255.000  +0.030635  +0.008257  0.156  0.172  0.575  P  d1
   817    255.312  -0.012259  +0.022011  0.156  0.172  0.575  P  d3
   818    255.625  +0.113440  -0.018096  0.141  0.172  0.575  P  d0
   819    255.938  +0.278258  -0.123141  0.141  0.172  0.575  P  d3
   820    256.250  +0.027697  -0.277403  0.156  0.172  0.575  P  d3
   821    256.562  -0.218140  -0.183875  0.156  0.172  0.575  P  d3
   822    256.875  -0.296557  +0.069921  0.156  0.258  0.575  P  d3
   823    257.188  -0.139255  +0.281262  0.156  0.258  0.575  P  d3
   824    257.500  +0.138265  +0.284334  0.172  0.258  0.605  P  d3
   825    257.812  +0.301793  +0.065668  0.172  0.258  0.605  P  d3
   826    258.125  +0.261675  -0.201097  0.172  0.258  0.605  P  d3
   827    258.438  -0.007124  -0.311485  0.188  0.258  0.605  P  d0
   828    258.750  -0.190594  -0.189152  0.188  0.258  0.605  P  d3
   829    259.062  -0.307781  +0.091188  0.188  0.258  0.605  P  d3
   830    259.375  +0.065839  +0.227213  0.188  0.258  0.605  P  d2
   831    259.688  +0.054979  -0.218355  0.203  0.258  0.605  P  d3
   832    260.000  -0.323210  -0.037916  0.188  0.258  0.605  P  d3
   833    260.312  -0.137124  +0.223584  0.188  0.258  0.605  P  d0
   834    260.625  +0.067860  +0.296276  0.188  0.344  0.605  P  d3
   835    260.938  +0.307858  +0.142486  0.203  0.344  0.605  P  d3
   836    261.250  +0.290311  -0.131203  0.188  0.344  0.605  P  d3
   837    261.562  +0.083182  -0.296866  0.188  0.344  0.605  P  d3
   838    261.875  -0.191270  -0.240422  0.188  0.344  0.605  P  d3
   839    262.188  -0.298785  +0.012935  0.188  0.344  0.605  P  d3
   840    262.500  -0.177443  +0.228335  0.172  0.344  0.584  P  d3
   841    262.812  +0.094079  +0.299422  0.172  0.344  0.584  P  d3
   842    263.125  +0.256014  +0.023270  0.172  0.344  0.584  P  d3
   843    263.438  +0.020095  -0.114601  0.156  0.344  0.584  P  d2
   844    263.750  -0.017012  +0.012389  0.172  0.344  0.584  P  d1
   845    264.062  +0.006276  -0.040085  0.172  0.344  0.584  P  d3
   846    264.375  -0.034027  -0.002575  0.172  0.370  0.584  P  d2
   847    264.688  +0.086655  -0.068370  0.156  0.370  0.584  P  d0
   848    265.000  +0.102895  -0.090846  0.156  0.370  0.584  P  d2
   849    265.312  -0.025700  +0.005242  0.156  0.370  0.584  P  d2
   850    265.625  +0.024396  -0.027027  0.156  0.370  0.584  P  d2
   851    265.938  -0.130780  +0.096356  0.141  0.370  0.584  P  d0
   852    266.250  -0.014498  +0.023913  0.141  0.370  0.584  P  d2
   853    266.562  +0.003766  -0.016512  0.141  0.370  0.584  P  d2
   854    266.875  +0.008834  +0.019763  0.141  0.370  0.584  P  d2
   855    267.188  -0.107497  -0.130979  0.141  0.370  0.584  P  d0
   856    267.500  -0.033234  -0.014438  0.141  0.370  0.601  P  d1
   857    267.812  +0.004499  -0.005865  0.141  0.370  0.601  P  d1
   858    268.125  +0.020494  +0.041138  0.141  0.388  0.601  P  d0
   859    268.438  +0.131227  +0.095884  0.141  0.388  0.601  P  d2
   860    268.750  -0.027613  -0.004697  0.125  0.388  0.601  P  d2
   861    269.062  +0.031067  -0.003856  0.125  0.388  0.601  P  d1
   862    269.375  -0.033437  +0.043795  0.125  0.388  0.601  P  d0
   863    269.688  -0.087635  +0.135036  0.125  0.388  0.601  P  d3
   864    270.000  +0.031237  +0.006672  0.141  0.388  0.601  P  d1
   865    270.312  -0.012483  +0.020196  0.141  0.388  0.601  P  d3
   866    270.625  +0.116251  -0.019957  0.125  0.388  0.601  P  d0
   867    270.938  +0.281050  -0.120807  0.125  0.388  0.601  P  d3
   868    271.250  +0.033970  -0.279059  0.141  0.388  0.601  P  d3
   869    271.562  -0.214372  -0.185104  0.141  0.388  0.601  P  d3
   870    271.875  -0.295907  +0.066919  0.141  0.370  0.601  P  d3
   871    272.188  -0.141457  +0.283228  0.141  0.370  0.601  P  d3
   872    272.500  +0.133786  +0.286965  0.156  0.370  0.601  P  d3
   873    272.812  +0.298839  +0.071337  0.156  0.370  0.601  P  d3
   874    273.125  +0.257840  -0.197302  0.156  0.370  0.601  P  d3
   875    273.438  -0.008719  -0.311311  0.172  0.370  0.601  P  d0
   876    273.750  -0.196479  -0.193305  0.172  0.370  0.601  P  d3
   877    274.062  -0.315082  +0.084186  0.172  0.370  0.601  P  d3
   878    274.375  +0.056321  +0.222123  0.172  0.370  0.601  P  d2
   879    274.688  +0.053504  -0.225873  0.188  0.370  0.601  P  d3
   880    275.000  -0.325317  -0.048283  0.172  0.370  0.601  P  d3
   881    275.312  -0.136684  +0.214639  0.172  0.370  0.601  P  d3
   882    275.625  +0.069552  +0.293702  0.172  0.346  0.601  P  d3
   883    275.938  +0.315152  +0.145454  0.188  0.346  0.601  P  d3
   884    276.250  +0.300199  -0.119941  0.172  0.346  0.601  P  d3
   885    276.562  +0.095655  -0.282028  0.172  0.346  0.601  P  d3
   886    276.875  -0.185353  -0.217423  0.172  0.346  0.601  P  d3
   887    277.188  -0.299074  +0.038098  0.172  0.346  0.601  P  d3
   888    277.500  -0.192702  +0.264860  0.156  0.346  0.584  P  d3
   889    277.812  +0.075381  +0.332950  0.156  0.346  0.584  P  d3
   890    278.125  +0.215893  +0.068175  0.156  0.346  0.584  P  d3
   891    278.438  -0.001057  -0.094241  0.141  0.346  0.584  P  d3
   892    278.750  -0.098907  +0.043562  0.156  0.346  0.584  P  d2
   893    279.062  +0.040810  -0.039591  0.156  0.346  0.584  P  d2
   894    279.375  -0.272851  +0.053152  0.156  0.345  0.584  P  d2
   895    279.688  +0.651314  -0.383965  0.141  0.345  0.584  P  d0
   896    280.000  +0.771784  -0.666834  0.141  0.345  0.584  P  d2
   897    280.312  -0.211855  +0.144798  0.141  0.345  0.584  P  d2
   898    280.625  +0.163430  -0.173755  0.156  0.345  0.584  P  d2
   899    280.938  -1.035915  +0.852472  0.141  0.345  0.584  P  d0
   900    281.250  -0.124431  +0.219593  0.141  0.345  0.584  P  d2
   901    281.562  +0.047493  -0.126266  0.141  0.345  0.584  P  d1
   902    281.875  +0.083125  +0.167236  0.141  0.345  0.584  P  d2
   903    282.188  -0.840818  -1.021396  0.141  0.345  0.584  P  d0
   904    282.500  -0.241158  -0.100006  0.141  0.345  0.601  P  d1
   905    282.812  +0.061451  -0.058419  0.141  0.345  0.601  P  d1
   906    283.125  +0.203661  +0.332233  0.141  0.347  0.601  P  d0
   907    283.438  +1.110507  +0.751978  0.141  0.347  0.601  P  d2
   908    283.750  -0.197654  -0.026133  0.125  0.347  0.601  P  d2
   909    284.062  +0.268462  -0.033812  0.125  0.347  0.601  P  d1
   910    284.375  -0.242353  +0.358708  0.125  0.347  0.601  P  d0
   911    284.688  -0.652747  +1.091859  0.125  0.347  0.601  P  d3
   912    285.000  +0.250666  +0.061048  0.141  0.347  0.601  P  d1
   913    285.312  -0.097048  +0.176677  0.141  0.347  0.601  P  d3
   914    285.625  +0.911260  -0.186288  0.141  0.347  0.601  P  d0
   915    285.938  +2.197338  -1.011430  0.141  0.347  0.601  P  d3
   916    286.250  +0.207696  -2.237543  0.156  0.347  0.601  P  d3
   917    286.562  -1.774762  -1.449154  0.156  0.347  0.601  P  d3
   918    286.875  -2.359832  +0.571382  0.156  0.352  0.601  P  d3
   919    287.188  -1.093138  +2.263713  0.156  0.352  0.601  P  d3
   920    287.500  +1.133269  +2.248569  0.172  0.352  0.588  P  d3
   921    287.812  +2.417022  +0.502955  0.172  0.352  0.588  P  d3
   922    288.125  +2.074537  -1.634793  0.172  0.352  0.588  P  d3
   923    288.438  -0.078261  -2.487330  0.188  0.352  0.588  P  d0
   924    288.750  -1.544289  -1.502802  0.188  0.352  0.588  P  d3
   925    289.062  -2.455187  +0.761378  0.188  0.352  0.588  P  d3
   926    289.375  +0.541420  +1.808314  0.188  0.352  0.588  P  d2
   927    289.688  +0.421351  -1.747025  0.203  0.352  0.588  P  d3
   928    290.000  -2.594646  -0.276435  0.188  0.352  0.588  P  d3
   929    290.312  -1.075568  +1.800741  0.188  0.352  0.588  P  d0
   930    290.625  +0.560541  +2.365336  0.188  0.358  0.588  P  d3
   931    290.938  +2.480285  +1.114159  0.203  0.358  0.588  P  d3
   932    291.250  +2.305842  -1.069573  0.188  0.358  0.588  P  d3
   933    291.562  +0.649646  -2.385591  0.188  0.358  0.588  P  d3
   934    291.875  -1.551808  -1.905936  0.188  0.358  0.588  P  d3
   935    292.188  -2.386768  +0.121356  0.188  0.358  0.588  P  d3
   936    292.500  -1.403506  +1.840807  0.172  0.358  0.554  P  d3
   937    292.812  +0.782100  +2.384427  0.172  0.358  0.554  P  d3
   938    293.125  +2.044700  +0.159234  0.172  0.358  0.554  P  d3
   939    293.438  +0.137616  -0.908773  0.156  0.358  0.554  P  d2
   940    293.750  -0.120164  +0.091076  0.172  0.358  0.554  P  d1
   941    294.062  +0.043938  -0.322321  0.172  0.358  0.554  P  d3
   942    294.375  -0.259405  -0.026243  0.172  0.360  0.554  P  d2
   943    294.688  +0.676430  -0.543691  0.156  0.360  0.554  P  d0
   944    295.000  +0.813244  -0.729287  0.156  0.360  0.554  P  d2
   945    295.312  -0.207404  +0.042316  0.156  0.360  0.554  P  d2
   946    295.625  +0.194356  -0.220694  0.172  0.360  0.554  P  d2
   947    295.938  -1.060235  +0.795227  0.156  0.360  0.554  P  d0
   948    296.250  -0.116920  +0.188453  0.156  0.360  0.554  P  d2
   949    296.562  +0.021481  -0.132348  0.156  0.360  0.554  P  d2
   950    296.875  +0.066983  +0.148349  0.156  0.360  0.554  P  d2
   951    297.188  -0.857989  -1.027777  0.156  0.360  0.554  P  d0
   952    297.500  -0.268742  -0.119616  0.156  0.360  0.571  P  d1
   953    297.812  +0.032444  -0.051802  0.156  0.360  0.571  P  d1
   954    298.125  +0.166112  +0.323250  0.156  0.362  0.571  P  d0
   955    298.438  +1.076689  +0.772410  0.156  0.362  0.571  P  d2
   956    298.750  -0.221261  -0.038768  0.141  0.362  0.571  P  d2
   957    299.062  +0.257342  -0.027092  0.141  0.362  0.571  P  d1
   958    299.375  -0.263310  +0.350475  0.156  0.362  0.571  P  d0
   959    299.688  -0.672158  +1.087092  0.172  0.362  0.571  P  d3
   960    300.000  +0.239692  +0.067655  0.188  0.362  0.571  P  d1
   961    300.312  -0.096784  +0.184103  0.203  0.362  0.571  P  d3
   962    300.625  +0.904869  -0.163289  0.203  0.362  0.571  P  d0
   963    300.938  +2.216970  -0.968551  0.203  0.362  0.571  P  d3
   964    301.250  +0.233556  -2.221288  0.203  0.362  0.571  P  d3
   965    301.562  -1.750347  -1.472724  0.203  0.362  0.571  P  d3
   966    301.875  -2.373887  +0.547035  0.219  0.366  0.571  P  d3
   967    302.188  -1.127955  +2.245202  0.234  0.366  0.571  P  d3
   968    302.500  +1.099705  +2.273635  0.250  0.366  0.614  P  d3
   969    302.812  +2.410004  +0.536308  0.266  0.366  0.614  P  d3
   970    303.125  +2.106144  -1.599338  0.281  0.366  0.614  P  d3
   971    303.438  -0.037669  -2.489405  0.281  0.366  0.614  P  d0
   972    303.750  -1.509707  -1.520536  0.281  0.366  0.614  P  d3
   973    304.062  -2.459392  +0.728872  0.281  0.366  0.614  P  d3
   974    304.375  +0.526838  +1.823391  0.281  0.366  0.614  P  d2
   975    304.688  +0.450995  -1.733184  0.297  0.366  0.614  P  d3
   976    305.000  -2.582797  -0.305114  0.281  0.366  0.614  P  d3
   977    305.312  -1.103933  +1.792633  0.281  0.366  0.614  P  d0
   978    305.625  +0.526391  +2.377242  0.281  0.372  0.614  P  d3
   979    305.938  +2.453861  +1.149693  0.297  0.372  0.614  P  d3
   980    306.250  +2.314470  -1.047313  0.281  0.372  0.614  P  d3
   981    306.562  +0.672611  -2.389486  0.281  0.372  0.614  P  d3
   982    306.875  -1.527132  -1.956824  0.281  0.372  0.614  P  d3
   983    307.188  -2.388851  +0.060049  0.281  0.372  0.614  P  d3
   984    307.500  -1.414998  +1.777616  0.266  0.372  0.579  P  d3
   985    307.812  +0.765658  +2.360603  0.266  0.372  0.579  P  d3
   986    308.125  +2.084054  +0.139471  0.266  0.372  0.579  P  d3
   987    308.438  +0.174373  -0.928450  0.250  0.372  0.579  P  d2
   988    308.750  -0.033818  +0.055809  0.266  0.372  0.579  P  d2
   989    309.062  +0.013206  -0.322815  0.266  0.372  0.579  P  d0
   990    309.375  -0.000295  -0.086033  0.266  0.378  0.579  P  d0
   991    309.688  +0.063374  -0.214757  0.250  0.378  0.579  P  d0
   992    310.000  +0.080177  -0.123539  0.250  0.378  0.579  P  d0
   993    310.312  -0.002190  -0.103870  0.250  0.378  0.579  P  d0
   994    310.625  +0.040876  -0.065390  0.250  0.378  0.579  P  d3
   995    310.938  -0.070176  -0.003732  0.234  0.378  0.579  P  d1
   996    311.250  +0.004448  -0.020017  0.234  0.378  0.579  P  d3
   997    311.562  -0.026799  -0.016700  0.234  0.378  0.579  P  d0
   998    311.875  -0.010261  -0.011032  0.234  0.378  0.579  P  d0
   999    312.188  -0.084168  -0.056823  0.234  0.378  0.579  P  d0
  1000    312.500  -0.046253  -0.022962  0.234  0.378  0.601  P  d0
  1001    312.812  -0.030832  +0.002176  0.234  0.378  0.601  P  d0
  1002    313.125  -0.024285  +0.005219  0.234  0.387  0.601  P  d3
  1003    313.438  +0.034247  +0.044857  0.234  0.387  0.601  P  d2
  1004    313.750  -0.037947  -0.011457  0.219  0.387  0.601  P  d2
  1005    314.062  +0.001520  -0.000762  0.219  0.387  0.601  P  d2
  1006    314.375  -0.031271  +0.015205  0.219  0.387  0.601  P  d0
  1007    314.688  -0.044761  +0.067765  0.219  0.387  0.601  P  d3
  1008    315.000  +0.004739  +0.004718  0.234  0.387  0.601  P  d1
  1009    315.312  -0.002985  +0.016852  0.234  0.387  0.601  P  d3
  1010    315.625  +0.045267  +0.001044  0.219  0.387  0.601  P  d0
  1011    315.938  +0.134815  -0.045451  0.219  0.387  0.601  P  d3
  1012    316.250  +0.009279  -0.115158  0.234  0.387  0.601  P  d3
  1013    316.562  -0.093825  -0.081311  0.234  0.387  0.601  P  d3
  1014    316.875  -0.140811  +0.041209  0.234  0.393  0.601  P  d3
  1015    317.188  -0.066290  +0.129194  0.234  0.393  0.601  P  d3
  1016    317.500  +0.058761  +0.141382  0.250  0.393  0.627  P  d3
  1017    317.812  +0.136255  +0.033924  0.250  0.393  0.627  P  d3
  1018    318.125  +0.122974  -0.082890  0.250  0.393  0.627  P  d3
  1019    318.438  -0.000252  -0.143575  0.266  0.393  0.627  P  d0
  1020    318.750  -0.082167  -0.085711  0.266  0.393  0.627  P  d3
  1021    319.062  -0.140891  +0.036989  0.266  0.393  0.627  P  d3
  1022    319.375  +0.031447  +0.106168  0.250  0.393  0.627  P  d2
  1023    319.688  +0.027777  -0.100811  0.250  0.393  0.627  P  d3
  1024    320.000  -0.142703  -0.019559  0.234  0.393  0.627  P  d3
  1025    320.312  -0.065172  +0.100029  0.219  0.393  0.627  P  d3
  1026    320.625  +0.032218  +0.136751  0.203  0.409  0.627  P  d3
  1027    320.938  +0.138667  +0.069003  0.219  0.409  0.627  P  d3
  1028    321.250  +0.137789  -0.057767  0.219  0.409  0.627  P  d3
  1029    321.562  +0.040308  -0.133648  0.219  0.409  0.627  P  d3
  1030    321.875  -0.082960  -0.113583  0.203  0.409  0.627  P  d3
  1031    322.188  -0.137566  +0.004378  0.188  0.409  0.627  P  d3
  1032    322.500  -0.083140  +0.100606  0.172  0.409  0.579  P  d3
  1033    322.812  +0.039606  +0.138883  0.156  0.409  0.579  P  d3
  1034    323.125  +0.117164  +0.012199  0.141  0.409  0.579  P  d3
  1035    323.438  +0.012106  -0.052332  0.141  0.409  0.579  P  d3
  1036    323.750  -0.009391  +0.004107  0.156  0.409  0.579  P  d1
  1037    324.062  +0.004321  -0.019029  0.156  0.409  0.579  P  d3
  1038    324.375  -0.017015  -0.002311  0.156  0.416  0.579  P  d2
  1039    324.688  +0.041812  -0.030199  0.141  0.416  0.579  P  d0
  1040    325.000  +0.048095  -0.041861  0.141  0.416  0.579  P  d2
  1041    325.312  -0.011381  +0.002523  0.141  0.416  0.579  P  d2
  1042    325.625  +0.009869  -0.012116  0.156  0.416  0.579  P  d2
  1043    325.938  -0.059160  +0.041908  0.141  0.416  0.579  P  d0
  1044    326.250  -0.008003  +0.011193  0.141  0.416  0.579  P  d2
  1045    326.562  +0.002026  -0.008456  0.141  0.416  0.579  P  d2
  1046    326.875  +0.003104  +0.010148  0.141  0.416  0.579  P  d2
  1047    327.188  -0.048987  -0.062694  0.141  0.416  0.579  P  d0
  1048    327.500  -0.015713  -0.006248  0.141  0.416  0.609  P  d1
  1049    327.812  +0.002229  -0.003253  0.141  0.416  0.609  P  d1
  1050    328.125  +0.008926  +0.019029  0.141  0.412  0.609  P  d0
  1051    328.438  +0.057888  +0.043535  0.141  0.412  0.609  P  d2
  1052    328.750  -0.011756  -0.001525  0.125  0.412  0.609  P  d2
  1053    329.062  +0.014290  -0.002044  0.125  0.412  0.609  P  d1
  1054    329.375  -0.015365  +0.020805  0.125  0.412  0.609  P  d0
  1055    329.688  -0.042051  +0.062188  0.125  0.412  0.609  P  d3
  1056    330.000  +0.014719  +0.004558  0.141  0.412  0.609  P  d1
  1057    330.312  -0.007187  +0.009352  0.141  0.412  0.609  P  d3
  1058    330.625  +0.053160  -0.005060  0.141  0.412  0.609  P  d0
  1059    330.938  +0.129123  -0.052982  0.141  0.412  0.609  P  d3
  1060    331.250  +0.016244  -0.127061  0.156  0.412  0.609  P  d3
  1061    331.562  -0.097671  -0.086305  0.156  0.412  0.609  P  d3
  1062    331.875  -0.136083  +0.027904  0.156  0.314  0.609  P  d3
  1063    332.188  -0.067141  +0.127267  0.156  0.314  0.609  P  d3
  1064    332.500  +0.059720  +0.130885  0.172  0.314  0.631  P  d3
  1065    332.812  +0.137166  +0.034039  0.172  0.314  0.631  P  d3
  1066    333.125  +0.121917  -0.088921  0.172  0.314  0.631  P  d3
  1067    333.438  +0.001662  -0.142312  0.188  0.314  0.631  P  d0
  1068    333.750  -0.083890  -0.090286  0.188  0.314  0.631  P  d3
  1069    334.062  -0.142607  +0.036299  0.188  0.314  0.631  P  d3
  1070    334.375  +0.025842  +0.105058  0.188  0.314  0.631  P  d2
  1071    334.688  +0.029585  -0.098683  0.203  0.314  0.631  P  d3
  1072    335.000  -0.147586  -0.023347  0.188  0.314  0.631  P  d3
  1073    335.312  -0.066703  +0.098986  0.188  0.314  0.631  P  d0
  1074    335.625  +0.025060  +0.137029  0.188  0.136  0.631  P  d3
  1075    335.938  +0.138276  +0.070062  0.203  0.136  0.631  P  d3
  1076    336.250  +0.134906  -0.054374  0.188  0.136  0.631  P  d3
  1077    336.562  +0.043946  -0.134314  0.188  0.136  0.631  P  d3
  1078    336.875  -0.083319  -0.112668  0.188  0.136  0.631  P  d3
  1079    337.188  -0.137445  +0.000385  0.188  0.136  0.631  P  d3
  1080    337.500  -0.084869  +0.101923  0.172  0.136  0.584  P  d3
  1081    337.812  +0.037110  +0.137864  0.172  0.136  0.584  P  d3
  1082    338.125  +0.117311  +0.016427  0.172  0.136  0.584  P  d3
  1083    338.438  +0.011921  -0.052594  0.156  0.136  0.584  P  d2
  1084    338.750  -0.008255  +0.005732  0.172  0.136  0.584  P  d2
  1085    339.062  +0.004076  -0.018385  0.172  0.136  0.584  P  d3
  1086    339.375  -0.016438  -0.001390  0.172  0.075  0.584  T  d2
  1087    339.688  +0.041459  -0.030408  0.156  0.075  0.584  T  d0
  1088    340.000  +0.049441  -0.040307  0.156  0.075  0.584  T  d2
  1089    340.312  -0.012504  +0.002096  0.156  0.075  0.584  T  d2
  1090    340.625  +0.011457  -0.011715  0.156  0.075  0.584  T  d2
  1091    340.938  -0.060669  +0.040954  0.141  0.075  0.584  T  d0
  1092    341.250  -0.006482  +0.010758  0.141  0.075  0.584  T  d2
  1093    341.562  +0.001709  -0.007367  0.141  0.075  0.584  T  d2
  1094    341.875  +0.003929  +0.009597  0.141  0.075  0.584  T  d2
  1095    342.188  -0.048093  -0.062650  0.141  0.075  0.584  T  d0
  1096    342.500  -0.015335  -0.006984  0.141  0.075  0.601  T  d1
  1097    342.812  +0.002687  -0.002045  0.141  0.075  0.601  T  d1
  1098    343.125  +0.008165  +0.018756  0.141  0.067  0.601  T  d0
  1099    343.438  +0.057738  +0.045078  0.141  0.067  0.601  T  d2
  1100    343.750  -0.012262  -0.002213  0.125  0.067  0.601  T  d2
  1101    344.062  +0.014604  -0.001641  0.125  0.067  0.601  T  d1
  1102    344.375  -0.015856  +0.019996  0.125  0.067  0.601  T  d0
  1103    344.688  -0.042716  +0.061211  0.125  0.067  0.601  T  d3
  1104    345.000  +0.014656  +0.003363  0.141  0.067  0.601  T  d1
  1105    345.312  -0.006044  +0.008549  0.141  0.067  0.601  T  d3
  1106    345.625  +0.053435  -0.005772  0.125  0.067  0.601  T  d0
  1107    345.938  +0.131078  -0.052085  0.125  0.067  0.601  T  d3
  1108    346.250  +0.018775  -0.127149  0.141  0.067  0.601  T  d3
  1109    346.562  -0.095062  -0.087756  0.141  0.067  0.601  T  d3
  1110    346.875  -0.136082  +0.026251  0.141  0.116  0.601  T  d3
  1111    347.188  -0.068206  +0.127422  0.141  0.116  0.601  T  d3
  1112    347.500  +0.056702  +0.132978  0.156  0.116  0.592  T  d3
  1113    347.812  +0.135795  +0.036528  0.156  0.116  0.592  T  d3
  1114    348.125  +0.120388  -0.086690  0.156  0.116  0.592  T  d3
  1115    348.438  -0.000078  -0.142644  0.172  0.116  0.592  T  d0
  1116    348.750  -0.087938  -0.090375  0.172  0.116  0.592  T  d3
  1117    349.062  -0.145149  +0.034084  0.172  0.116  0.592  T  d3
  1118    349.375  +0.023071  +0.102312  0.172  0.116  0.592  T  d2
  1119    349.688  +0.026950  -0.103016  0.188  0.116  0.592  T  d3
  1120    350.000  -0.148465  -0.026359  0.172  0.116  0.592  T  d3
  1121    350.312  -0.065444  +0.096096  0.172  0.116  0.592  T  d3
  1122    350.625  +0.028492  +0.135241  0.172  0.169  0.592  P  d3
  1123    350.938  +0.142922  +0.070529  0.188  0.169  0.592  P  d3
  1124    351.250  +0.139003  -0.050939  0.172  0.169  0.592  P  d3
  1125    351.562  +0.047416  -0.127490  0.172  0.169  0.592  P  d3
  1126    351.875  -0.081845  -0.101190  0.172  0.169  0.592  P  d3
  1127    352.188  -0.137548  +0.015016  0.172  0.169  0.592  P  d3
  1128    352.500  -0.091773  +0.120089  0.156  0.169  0.584  P  d3
  1129    352.812  +0.029290  +0.154011  0.156  0.169  0.584  P  d3
  1130    353.125  +0.097416  +0.035740  0.156  0.169  0.584  P  d3
  1131    353.438  +0.000860  -0.043443  0.141  0.169  0.584  P  d3
  1132    353.750  -0.049204  +0.019212  0.156  0.169  0.584  P  d2
  1133    354.062  +0.020485  -0.017342  0.156  0.169  0.584  P  d2
  1134    354.375  -0.133885  +0.021324  0.156  0.160  0.584  P  d2
  1135    354.688  +0.322495  -0.172798  0.141  0.160  0.584  P  d0
  1136    355.000  +0.385003  -0.307184  0.141  0.160  0.584  P  d2
  1137    355.312  -0.104651  +0.066555  0.141  0.160  0.584  P  d2
  1138    355.625  +0.081723  -0.080597  0.156  0.160  0.584  P  d2
  1139    355.938  -0.514070  +0.392085  0.141  0.160  0.584  P  d0
  1140    356.250  -0.064011  +0.103988  0.141  0.160  0.584  P  d2
  1141    356.562  +0.025138  -0.059936  0.141  0.160  0.584  P  d1
  1142    356.875  +0.037122  +0.082393  0.141  0.160  0.584  P  d2
  1143    357.188  -0.388401  -0.509360  0.141  0.160  0.584  P  d0
  1144    357.500  -0.114456  -0.052567  0.141  0.160  0.601  P  d1
  1145    357.812  +0.031090  -0.026960  0.141  0.160  0.601  P  d1
  1146    358.125  +0.092407  +0.164223  0.141  0.126  0.601  P  d0
  1147    358.438  +0.521977  +0.380923  0.141  0.126  0.601  P  d2
  1148    358.750  -0.094183  -0.015560  0.125  0.126  0.601  P  d2
  1149    359.062  +0.129499  -0.012089  0.125  0.126  0.601  P  d1
  1150    359.375  -0.123128  +0.169753  0.125  0.126  0.601  P  d0
  1151    359.688  -0.334231  +0.516389  0.125  0.126  0.601  P  d3
  1152    360.000  +0.121033  +0.034082  0.141  0.126  0.601  P  d1
  1153    360.312  -0.050532  +0.082767  0.141  0.126  0.601  P  d3
  1154    360.625  +0.443957  -0.073140  0.141  0.126  0.601  P  d0
  1155    360.938  +1.077665  -0.452474  0.141  0.126  0.601  P  d3
  1156    361.250  +0.136221  -1.077499  0.156  0.126  0.601  P  d3
  1157    361.562  -0.833323  -0.727993  0.156  0.126  0.601  P  d3
  1158    361.875  -1.148625  +0.237505  0.156  0.107  0.601  T  d3
  1159    362.188  -0.563318  +1.075637  0.156  0.107  0.601  T  d3
  1160    362.500  +0.511499  +1.103054  0.172  0.107  0.609  T  d3
  1161    362.812  +1.159435  +0.281004  0.172  0.107  0.609  T  d3
  1162    363.125  +1.026689  -0.757659  0.172  0.107  0.609  T  d3
  1163    363.438  +0.000897  -1.201423  0.188  0.107  0.609  T  d0
  1164    363.750  -0.712208  -0.759683  0.188  0.107  0.609  T  d3
  1165    364.062  -1.201226  +0.313160  0.188  0.107  0.609  T  d3
  1166    364.375  +0.220864  +0.884283  0.188  0.107  0.609  T  d2
  1167    364.688  +0.241142  -0.833942  0.203  0.107  0.609  T  d3
  1168    365.000  -1.246843  -0.189647  0.188  0.107  0.609  T  d3
  1169    365.312  -0.557206  +0.845282  0.188  0.107  0.609  T  d0
  1170    365.625  +0.218852  +1.153591  0.188  0.091  0.609  T  d3
  1171    365.938  +1.174226  +0.590059  0.203  0.091  0.609  T  d3
  1172    366.250  +1.134542  -0.466516  0.188  0.091  0.609  T  d3
  1173    366.562  +0.364054  -1.138467  0.188  0.091  0.609  T  d3
  1174    366.875  -0.708827  -0.950740  0.188  0.091  0.609  T  d3
  1175    367.188  -1.154136  +0.008309  0.188  0.091  0.609  T  d3
  1176    367.500  -0.714383  +0.861608  0.172  0.091  0.554  T  d3
  1177    367.812  +0.327302  +1.166422  0.172  0.091  0.554  T  d3
  1178    368.125  +0.984153  +0.120810  0.172  0.091  0.554  T  d3
  1179    368.438  +0.084160  -0.436739  0.156  0.091  0.554  T  d2
  1180    368.750  -0.060768  +0.043479  0.172  0.091  0.554  T  d2
  1181    369.062  +0.026407  -0.154974  0.172  0.091  0.554  T  d3
  1182    369.375  -0.125139  -0.017075  0.172  0.074  0.554  T  d2
  1183    369.688  +0.336636  -0.249944  0.156  0.074  0.554  T  d0
  1184    370.000  +0.409396  -0.336994  0.156  0.074  0.554  T  d2
  1185    370.312  -0.102200  +0.015928  0.156  0.074  0.554  T  d2
  1186    370.625  +0.101071  -0.103520  0.156  0.074  0.554  T  d2
  1187    370.938  -0.526088  +0.363209  0.141  0.074  0.554  T  d0
  1188    371.250  -0.055514  +0.087258  0.141  0.074  0.554  T  d2
  1189    371.562  +0.015194  -0.060213  0.141  0.074  0.554  T  d2
  1190    371.875  +0.032922  +0.072115  0.141  0.074  0.554  T  d2
  1191    372.188  -0.392781  -0.508567  0.141  0.074  0.554  T  d0
  1192    372.500  -0.126962  -0.062369  0.156  0.074  0.567  T  d1
  1193    372.812  +0.019375  -0.019118  0.156  0.074  0.567  T  d1
  1194    373.125  +0.072384  +0.159002  0.156  0.069  0.567  T  d0
  1195    373.438  +0.505780  +0.392985  0.156  0.069  0.567  T  d2
  1196    373.750  -0.110782  -0.024207  0.141  0.069  0.567  T  d2
  1197    374.062  +0.124200  -0.012302  0.141  0.069  0.567  T  d2
  1198    374.375  -0.138114  +0.158109  0.141  0.069  0.567  T  d0
  1199    374.688  -0.341998  +0.505634  0.141  0.069  0.567  T  d3
  1200    375.000  +0.113152  +0.025926  0.156  0.069  0.567  T  d1
  1201    375.312  -0.042845  +0.074574  0.156  0.069  0.567  T  d3
  1202    375.625  +0.442349  -0.071672  0.141  0.069  0.567  T  d0
  1203    375.938  +1.099163  -0.442992  0.141  0.069  0.567  T  d3
  1204    376.250  +0.155737  -1.070116  0.156  0.069  0.567  T  d3
  1205    376.562  -0.808987  -0.746458  0.156  0.069  0.567  T  d3
  1206    376.875  -1.149740  +0.235363  0.156  0.057  0.567  T  d3
  1207    377.188  -0.581480  +1.067540  0.156  0.057  0.567  T  d3
  1208    377.500  +0.489019  +1.132123  0.172  0.057  0.536  T  d3
  1209    377.812  +1.133652  +0.303161  0.172  0.057  0.536  T  d3
  1210    378.125  +1.019231  -0.726478  0.172  0.057  0.536  T  d3
  1211    378.438  -0.020732  -1.203143  0.188  0.057  0.536  T  d0
  1212    378.750  -0.742355  -0.761926  0.188  0.057  0.536  T  d3
  1213    379.062  -1.248656  +0.295863  0.188  0.057  0.536  T  d3
  1214    379.375  +0.192098  +0.863472  0.188  0.057  0.536  T  d2
  1215    379.688  +0.206604  -0.862713  0.203  0.057  0.536  T  d3
  1216    380.000  -1.249337  -0.222248  0.188  0.057  0.536  T  d3
  1217    380.312  -0.565640  +0.824025  0.188  0.057  0.536  T  d3
  1218    380.625  +0.250709  +1.138085  0.188  0.042  0.536  T  d3
  1219    380.938  +1.196545  +0.615603  0.203  0.042  0.536  T  d3
  1220    381.250  +1.187173  -0.434176  0.188  0.042  0.536  T  d3
  1221    381.562  +0.403307  -1.037576  0.188  0.042  0.536  T  d3
  1222    381.875  -0.683150  -0.849400  0.188  0.042  0.536  T  d3
  1223    382.188  -1.137755  +0.180386  0.188  0.042  0.536  T  d0
  1224    382.500  -0.771014  +1.025453  0.188  0.042  0.536  T  d3
  1225    382.812  +0.292430  +1.356972  0.188  0.042  0.536  T  d3
  1226    383.125  +0.809126  +0.309690  0.188  0.042  0.536  T  d3
  1227    383.438  +0.030135  -0.315316  0.172  0.042  0.536  T  d3
  1228    383.750  -0.399123  +0.175897  0.188  0.042  0.536  T  d2
  1229    384.062  +0.197883  -0.137563  0.188  0.042  0.536  T  d2
  1230    384.375  -1.053672  +0.165739  0.188  0.021  0.536  T  d2
  1231    384.688  +2.631039  -1.422297  0.172  0.021  0.536  T  d0
  1232    385.000  +3.113828  -2.497278  0.188  0.021  0.536  T  d2
  1233    385.312  -0.717394  +0.463565  0.188  0.021  0.536  T  d2
  1234    385.625  +0.752999  -0.685416  0.188  0.021  0.536  T  d2
  1235    385.938  -3.951964  +3.071621  0.188  0.021  0.536  T  d0
  1236    386.250  -0.367025  +0.821297  0.188  0.021  0.536  T  d2
  1237    386.562  +0.369578  -0.575032  0.188  0.021  0.536  T  d1
  1238    386.875  +0.452040  +0.672447  0.188  0.021  0.536  T  d2
  1239    387.188  -3.018913  -4.145651  0.203  0.021  0.536  T  d0
  1240    387.500  -0.815341  -0.426287  0.203  0.021  0.549  T  d1
  1241    387.812  +0.180487  -0.340187  0.203  0.021  0.549  T  d1
  1242    388.125  +0.723033  +1.172545  0.203  0.000  0.549  T  d0
  1243    388.438  +3.966555  +2.845939  0.219  0.000  0.549  T  d2
  1244    388.750  -0.923194  -0.531179  0.203  0.000  0.549  T  d1
  1245    389.062  +0.735299  -0.480566  0.203  0.000  0.549  T  d2
  1246    389.375  -1.239539  +0.579424  0.203  0.000  0.549  T  d0
  1247    389.688  -2.929785  +3.663921  0.203  0.000  0.549  T  d2
  1248    390.000  +0.748228  -1.048925  0.219  0.000  0.549  T  d2
  1249    390.312  -0.468522  +0.609353  0.234  0.000  0.549  T  d2
  1250    390.625  +2.859571  -3.612491  0.250  0.000  0.549  T  d0
  1251    390.938  +1.203735  -2.295768  0.250  0.000  0.549  T  d2
  1252    391.250  +0.158313  +0.848759  0.250  0.000  0.549  T  d2
  1253    391.562  -0.229865  -0.195936  0.266  0.000  0.549  T  d2
  1254    391.875  +0.911169  +0.150749  0.266  0.000  0.549  T  d2
  1255    392.188  -2.762579  +1.365943  0.266  0.000  0.549  T  d0
  1256    392.500  -3.305845  +2.611347  0.250  0.000  0.549  T  d2
  1257    392.812  +0.543337  -0.489163  0.250  0.000  0.549  T  d2
  1258    393.125  -0.896888  +0.697390  0.250  0.000  0.549  T  d2
  1259    393.438  +3.827939  -3.093940  0.250  0.000  0.549  T  d0
  1260    393.750  +0.303103  -0.858358  0.250  0.000  0.549  T  d2
  1261    394.062  -0.439926  +0.535097  0.250  0.000  0.549  T  d1
  1262    394.375  -0.456931  -0.712480  0.250  0.000  0.549  T  d2
  1263    394.688  +2.989478  +4.162271  0.266  0.000  0.549  T  d0
  1264    395.000  +0.823938  +0.428537  0.250  0.000  0.549  T  d1
  1265    395.312  -0.173203  +0.365194  0.250  0.000  0.549  T  d1
  1266    395.625  -0.724283  -1.158547  0.250  0.002  0.549  T  d0
  1267    395.938  -3.962072  -2.858470  0.266  0.002  0.549  T  d2
  1268    396.250  +0.884956  +0.529554  0.250  0.002  0.549  T  d1
  1269    396.562  -0.774157  +0.426506  0.250  0.002  0.549  T  d2
  1270    396.875  +1.216765  -0.648653  0.250  0.002  0.549  T  d0
  1271    397.188  +2.927970  -3.772263  0.250  0.002  0.549  T  d2
  1272    397.500  -0.712952  +0.892963  0.234  0.002  0.515  T  d2
  1273    397.812  +0.498956  -0.767677  0.234  0.002  0.515  T  d2
  1274    398.125  -2.719150  +3.408394  0.234  0.002  0.515  T  d0
  1275    398.438  -1.163987  +2.178052  0.219  0.002  0.515  T  d2
  1276    398.750  +0.189124  -0.990355  0.234  0.002  0.515  T  d2
  1277    399.062  +0.047090  +0.179796  0.234  0.002  0.515  T  d2
  1278    399.375  +0.080147  -0.361203  0.234  0.007  0.515  T  d1
  1279    399.688  +0.314762  -0.140297  0.219  0.007  0.515  T  d0
  1280    400.000  +0.402969  -0.333938  0.219  0.007  0.515  T  d0
  1281    400.312  +0.163055  +0.001961  0.219  0.007  0.515  T  d0
  1282    400.625  +0.224345  -0.084023  0.234  0.007  0.515  T  d1
  1283    400.938  -0.073759  +0.214558  0.219  0.007  0.515  T  d3
  1284    401.250  +0.078442  +0.090847  0.219  0.007  0.515  T  d0
  1285    401.562  +0.115500  +0.016408  0.219  0.007  0.515  T  d1
  1286    401.875  +0.051205  +0.101606  0.219  0.007  0.515  T  d2
  1287    402.188  -0.169432  -0.232790  0.219  0.007  0.515  T  d3
  1288    402.500  -0.073769  +0.004205  0.203  0.007  0.532  T  d1
  1289    402.812  -0.010239  -0.021518  0.203  0.007  0.532  T  d2
  1290    403.125  +0.012464  +0.073354  0.203  0.018  0.532  T  d3
  1291    403.438  +0.226247  +0.152930  0.203  0.018  0.532  T  d2
  1292    403.750  -0.068512  -0.042986  0.188  0.018  0.532  T  d1
  1293    404.062  +0.049379  -0.056945  0.188  0.018  0.532  T  d2
  1294    404.375  -0.062657  +0.047342  0.188  0.018  0.532  T  d0
  1295    404.688  -0.169508  +0.216469  0.188  0.018  0.532  T  d3
  1296    405.000  +0.075663  -0.004944  0.188  0.018  0.532  T  d2
  1297    405.312  -0.019505  +0.021068  0.188  0.018  0.532  T  d2
  1298    405.625  +0.239809  -0.042230  0.188  0.018  0.532  T  d0
  1299    405.938  +0.539550  -0.228359  0.172  0.018  0.532  T  d3
  1300    406.250  +0.074361  -0.535162  0.188  0.018  0.532  T  d3
  1301    406.562  -0.424995  -0.349409  0.188  0.018  0.532  T  d3
  1302    406.875  -0.576035  +0.126560  0.188  0.038  0.532  T  d3
  1303    407.188  -0.290641  +0.551749  0.172  0.038  0.532  T  d3
  1304    407.500  +0.247240  +0.551870  0.188  0.038  0.575  T  d3
  1305    407.812  +0.568499  +0.144566  0.188  0.038  0.575  T  d3
  1306    408.125  +0.499929  -0.383662  0.188  0.038  0.575  T  d3
  1307    408.438  -0.010142  -0.600191  0.188  0.038  0.575  T  d0
  1308    408.750  -0.370327  -0.378258  0.188  0.038  0.575  T  d3
  1309    409.062  -0.600027  +0.166767  0.188  0.038  0.575  T  d3
  1310    409.375  +0.115962  +0.435633  0.188  0.038  0.575  T  d2
  1311    409.688  +0.115854  -0.419349  0.203  0.038  0.575  T  d3
  1312    410.000  -0.625318  -0.084785  0.188  0.038  0.575  T  d3
  1313    410.312  -0.265319  +0.429611  0.172  0.038  0.575  T  d0
  1314    410.625  +0.119712  +0.576306  0.156  0.064  0.575  T  d3
  1315    410.938  +0.597261  +0.286216  0.172  0.064  0.575  T  d3
  1316    411.250  +0.561568  -0.239101  0.172  0.064  0.575  T  d3
  1317    411.562  +0.174019  -0.571169  0.156  0.064  0.575  T  d3
  1318    411.875  -0.364174  -0.463774  0.156  0.064  0.575  T  d3
  1319    412.188  -0.577153  +0.014532  0.156  0.064  0.575  T  d3
  1320    412.500  -0.350553  +0.440817  0.156  0.064  0.571  T  d3
  1321    412.812  +0.172132  +0.579330  0.156  0.064  0.571  T  d3
  1322    413.125  +0.493901  +0.054190  0.156  0.064  0.571  T  d3
  1323    413.438  +0.038229  -0.221557  0.156  0.064  0.571  T  d2
  1324    413.750  -0.029950  +0.023337  0.172  0.064  0.571  T  d2
  1325    414.062  +0.011808  -0.079149  0.172  0.064  0.571  T  d3
  1326    414.375  -0.062104  -0.007001  0.172  0.075  0.571  T  d2
  1327    414.688  +0.167131  -0.129424  0.156  0.075  0.571  T  d0
  1328    415.000  +0.204233  -0.171594  0.156  0.075  0.571  T  d2
  1329    415.312  -0.051315  +0.008744  0.156  0.075  0.571  T  d2
  1330    415.625  +0.051567  -0.052502  0.156  0.075  0.571  T  d2
  1331    415.938  -0.259246  +0.185408  0.141  0.075  0.571  T  d0
  1332    416.250  -0.025371  +0.043853  0.141  0.075  0.571  T  d2
  1333    416.562  +0.006205  -0.029592  0.141  0.075  0.571  T  d2
  1334    416.875  +0.017893  +0.035126  0.141  0.075  0.571  T  d2
  1335    417.188  -0.201750  -0.251196  0.141  0.075  0.571  T  d0
  1336    417.500  -0.064609  -0.031528  0.156  0.075  0.567  T  d1
  1337    417.812  +0.009639  -0.008861  0.156  0.075  0.567  T  d1
  1338    418.125  +0.036728  +0.077856  0.156  0.085  0.567  T  d0
  1339    418.438  +0.254772  +0.191683  0.156  0.085  0.567  T  d2
  1340    418.750  -0.055379  -0.011457  0.141  0.085  0.567  T  d2
  1341    419.062  +0.062555  -0.007382  0.141  0.085  0.567  T  d2
  1342    419.375  -0.068126  +0.080548  0.141  0.085  0.567  T  d0
  1343    419.688  -0.167925  +0.256497  0.141  0.085  0.567  T  d3
  1344    420.000  +0.056622  +0.012372  0.156  0.085  0.567  T  d1
  1345    420.312  -0.020674  +0.037039  0.156  0.085  0.567  T  d3
  1346    420.625  +0.220688  -0.037812  0.141  0.085  0.567  T  d0
  1347    420.938  +0.547277  -0.229940  0.141  0.085  0.567  T  d3
  1348    421.250  +0.069078  -0.536045  0.156  0.085  0.567  T  d3
  1349    421.562  -0.409477  -0.367912  0.156  0.085  0.567  T  d3
  1350    421.875  -0.573672  +0.125841  0.156  0.073  0.567  T  d3
  1351    422.188  -0.282383  +0.537951  0.156  0.073  0.567  T  d3
  1352    422.500  +0.252135  +0.562920  0.172  0.073  0.532  T  d3
  1353    422.812  +0.569223  +0.143047  0.172  0.073  0.532  T  d3
  1354    423.125  +0.505031  -0.370031  0.172  0.073  0.532  T  d3
  1355    423.438  -0.019200  -0.600735  0.188  0.073  0.532  T  d0
  1356    423.750  -0.376355  -0.375826  0.188  0.073  0.532  T  d3
  1357    424.062  -0.621909  +0.156024  0.188  0.073  0.532  T  d3
  1358    424.375  +0.101827  +0.430531  0.188  0.073  0.532  T  d2
  1359    424.688  +0.097082  -0.432996  0.203  0.073  0.532  T  d3
  1360    425.000  -0.626729  -0.102712  0.188  0.073  0.532  T  d3
  1361    425.312  -0.277266  +0.415143  0.188  0.073  0.532  T  d3
  1362    425.625  +0.132538  +0.567536  0.188  0.056  0.532  T  d3
  1363    425.938  +0.602355  +0.299457  0.203  0.056  0.532  T  d3
  1364    426.250  +0.591129  -0.224350  0.188  0.056  0.532  T  d3
  1365    426.562  +0.195117  -0.521966  0.188  0.056  0.532  T  d3
  1366    426.875  -0.347203  -0.419433  0.188  0.056  0.532  T  d3
  1367    427.188  -0.567733  +0.097141  0.188  0.056  0.532  T  d0
  1368    427.500  -0.378603  +0.518875  0.188  0.056  0.519  T  d3
  1369    427.812  +0.153624  +0.676341  0.188  0.056  0.519  T  d3
  1370    428.125  +0.407462  +0.151331  0.188  0.056  0.519  T  d3
  1371    428.438  +0.013136  -0.158444  0.172  0.056  0.519  T  d3
  1372    428.750  -0.199123  +0.091373  0.188  0.056  0.519  T  d2
  1373    429.062  +0.097616  -0.070008  0.188  0.056  0.519  T  d2
  1374    429.375  -0.526537  +0.089759  0.188  0.084  0.519  T  d2
  1375    429.688  +1.306249  -0.727614  0.172  0.084  0.519  T  d0
  1376    430.000  +1.543092  -1.267785  0.188  0.084  0.519  T  d2
  1377    430.312  -0.356271  +0.236231  0.188  0.084  0.519  T  d2
  1378    430.625  +0.373893  -0.347431  0.188  0.084  0.519  T  d2
  1379    430.938  -1.956446  +1.558396  0.188  0.084  0.519  T  d0
  1380    431.250  -0.176395  +0.411463  0.188  0.084  0.519  T  d2
  1381    431.562  +0.182461  -0.287809  0.188  0.084  0.519  T  d1
  1382    431.875  +0.232037  +0.333233  0.188  0.084  0.519  T  d2
  1383    432.188  -1.532640  -2.053797  0.203  0.084  0.519  T  d0
  1384    432.500  -0.409933  -0.208634  0.203  0.084  0.524  T  d1
  1385    432.812  +0.089907  -0.168296  0.203  0.084  0.524  T  d1
  1386    433.125  +0.366823  +0.582077  0.203  0.148  0.524  P  d0
  1387    433.438  +1.998331  +1.400293  0.219  0.148  0.524  P  d2
  1388    433.750  -0.466528  -0.261318  0.203  0.148  0.524  P  d1
  1389    434.062  +0.364762  -0.245740  0.203  0.148  0.524  P  d2
  1390    434.375  -0.619020  +0.293611  0.203  0.148  0.524  P  d0
  1391    434.688  -1.444298  +1.844717  0.203  0.148  0.524  P  d2
  1392    435.000  +0.367664  -0.533884  0.219  0.148  0.524  P  d2
  1393    435.312  -0.227602  +0.300595  0.219  0.148  0.524  P  d2
  1394    435.625  +1.410199  -1.825073  0.219  0.148  0.524  P  d0
  1395    435.938  +0.595430  -1.159660  0.219  0.148  0.524  P  d2
  1396    436.250  +0.087409  +0.421342  0.234  0.148  0.524  P  d2
  1397    436.562  -0.110484  -0.100050  0.234  0.148  0.524  P  d2
  1398    436.875  +0.459199  +0.074489  0.234  0.220  0.524  P  d2
  1399    437.188  -1.374785  +0.698609  0.234  0.220  0.524  P  d0
  1400    437.500  -1.642099  +1.332335  0.234  0.220  0.494  P  d2
  1401    437.812  +0.258954  -0.244353  0.234  0.220  0.494  P  d2
  1402    438.125  -0.454867  +0.359573  0.234  0.220  0.494  P  d2
  1403    438.438  +1.876815  -1.565634  0.250  0.220  0.494  P  d0
  1404    438.750  +0.129370  -0.431900  0.250  0.220  0.494  P  d2
  1405    439.062  -0.241502  +0.261248  0.250  0.220  0.494  P  d1
  1406    439.375  -0.248541  -0.365546  0.250  0.220  0.494  P  d2
  1407    439.688  +1.498474  +2.051594  0.266  0.220  0.494  P  d0
  1408    440.000  +0.410160  +0.193524  0.250  0.220  0.494  P  d1
  1409    440.312  -0.088429  +0.171746  0.250  0.220  0.494  P  d1
  1410    440.625  -0.352197  -0.584089  0.250  0.338  0.494  P  d0
  1411    440.938  -1.980916  -1.396438  0.266  0.338  0.494  P  d2
  1412    441.250  +0.471434  +0.277197  0.250  0.338  0.494  P  d1
  1413    441.562  -0.364409  +0.268658  0.250  0.338  0.494  P  d2
  1414    441.875  +0.619111  -0.274964  0.250  0.338  0.494  P  d0
  1415    442.188  +1.456825  -1.812347  0.250  0.338  0.494  P  d2
  1416    442.500  -0.380284  +0.539912  0.250  0.338  0.476  P  d2
  1417    442.812  +0.227816  -0.286067  0.250  0.338  0.476  P  d2
  1418    443.125  -1.434283  +1.818222  0.250  0.338  0.476  P  d0
  1419    443.438  -0.601643  +1.157847  0.234  0.338  0.476  P  d2
  1420    443.750  -0.090317  -0.422594  0.250  0.338  0.476  P  d2
  1421    444.062  +0.114777  +0.096964  0.250  0.338  0.476  P  d2
  1422    444.375  -0.459182  -0.077889  0.250  0.420  0.476  P  d2
  1423    444.688  +1.386747  -0.693629  0.234  0.420  0.476  P  d0
  1424    445.000  +1.654714  -1.318732  0.250  0.420  0.476  P  d2
  1425    445.312  -0.254508  +0.240349  0.250  0.420  0.476  P  d2
  1426    445.625  +0.461306  -0.353033  0.250  0.420  0.476  P  d2
  1427    445.938  -1.883390  +1.551080  0.250  0.420  0.476  P  d0
  1428    446.250  -0.130981  +0.435317  0.250  0.420  0.476  P  d2
  1429    446.562  +0.243836  -0.262108  0.250  0.420  0.476  P  d1
  1430    446.875  +0.246662  +0.371107  0.250  0.420  0.476  P  d2
  1431    447.188  -1.486138  -2.065546  0.266  0.420  0.476  P  d0
  1432    447.500  -0.408089  -0.194201  0.250  0.420  0.489  P  d1
  1433    447.812  +0.085596  -0.175026  0.250  0.420  0.489  P  d1
  1434    448.125  +0.350663  +0.585909  0.250  0.423  0.489  P  d0
  1435    448.438  +1.967726  +1.408435  0.266  0.423  0.489  P  d2
  1436    448.750  -0.465387  -0.281769  0.250  0.423  0.489  P  d1
  1437    449.062  +0.363884  -0.264651  0.250  0.423  0.489  P  d2
  1438    449.375  -0.617359  +0.270769  0.250  0.423  0.489  P  d0
  1439    449.688  -1.469983  +1.806646  0.250  0.423  0.489  P  d2
  1440    450.000  +0.386077  -0.535269  0.250  0.423  0.489  P  d2
  1441    450.312  -0.232702  +0.291766  0.266  0.423  0.489  P  d2
  1442    450.625  +1.444972  -1.805819  0.281  0.423  0.489  P  d0
  1443    450.938  +0.604644  -1.146878  0.266  0.423  0.489  P  d2
  1444    451.250  +0.084392  +0.422682  0.266  0.423  0.489  P  d2
  1445    451.562  -0.118934  -0.093547  0.281  0.423  0.489  P  d2
  1446    451.875  +0.455557  +0.076278  0.281  0.427  0.489  P  d2
  1447    452.188  -1.390235  +0.684267  0.266  0.427  0.489  P  d0
  1448    452.500  -1.663321  +1.298494  0.266  0.427  0.515  P  d2
  1449    452.812  +0.267103  -0.240468  0.266  0.427  0.515  P  d2
  1450    453.125  -0.455422  +0.344115  0.266  0.427  0.515  P  d2
  1451    453.438  +1.914517  -1.539049  0.250  0.427  0.515  P  d0
  1452    453.750  +0.148493  -0.432195  0.250  0.427  0.515  P  d2
  1453    454.062  -0.221947  +0.266462  0.250  0.427  0.515  P  d1
  1454    454.375  -0.229365  -0.359530  0.250  0.427  0.515  P  d2
  1455    454.688  +1.489976  +2.087294  0.266  0.427  0.515  P  d0
  1456    455.000  +0.410223  +0.214541  0.250  0.427  0.515  P  d1
  1457    455.312  -0.084950  +0.182915  0.250  0.427  0.515  P  d1
  1458    455.625  -0.361345  -0.579462  0.250  0.432  0.515  P  d0
  1459    455.938  -1.973563  -1.434249  0.266  0.432  0.515  P  d2
  1460    456.250  +0.440198  +0.268329  0.250  0.432  0.515  P  d1
  1461    456.562  -0.386241  +0.212615  0.250  0.432  0.515  P  d2
  1462    456.875  +0.608180  -0.319731  0.250  0.432  0.515  P  d0
  1463    457.188  +1.471338  -1.882614  0.250  0.432  0.515  P  d2
  1464    457.500  -0.358787  +0.447777  0.234  0.432  0.515  P  d2
  1465    457.812  +0.249831  -0.383692  0.234  0.432  0.515  P  d2
  1466    458.125  -1.364220  +1.700811  0.234  0.432  0.515  P  d0
  1467    458.438  -0.586086  +1.086092  0.219  0.432  0.515  P  d2
  1468    458.750  +0.095869  -0.493799  0.234  0.432  0.515  P  d2
  1469    459.062  +0.022460  +0.089010  0.234  0.432  0.515  P  d2
  1470    459.375  +0.041208  -0.179471  0.234  0.439  0.515  P  d1
  1471    459.688  +0.158466  -0.070372  0.219  0.439  0.515  P  d0
  1472    460.000  +0.203487  -0.166396  0.219  0.439  0.515  P  d0
  1473    460.312  +0.080567  +0.000530  0.219  0.439  0.515  P  d0
  1474    460.625  +0.113726  -0.041408  0.234  0.439  0.515  P  d1
  1475    460.938  -0.036908  +0.106993  0.219  0.439  0.515  P  d3
  1476    461.250  +0.040389  +0.044924  0.219  0.439  0.515  P  d0
  1477    461.562  +0.056948  +0.009804  0.219  0.439  0.515  P  d1
  1478    461.875  +0.025947  +0.050587  0.219  0.439  0.515  P  d2
  1479    462.188  -0.085213  -0.116777  0.219  0.439  0.515  P  d3
  1480    462.500  -0.037259  +0.000769  0.203  0.439  0.532  P  d1
  1481    462.812  -0.004918  -0.009915  0.203  0.439  0.532  P  d2
  1482    463.125  +0.005836  +0.035821  0.203  0.446  0.532  P  d3
  1483    463.438  +0.112199  +0.075880  0.203  0.446  0.532  P  d2
  1484    463.750  -0.034320  -0.021649  0.188  0.446  0.532  P  d1
  1485    464.062  +0.025636  -0.028119  0.188  0.446  0.532  P  d2
  1486    464.375  -0.032095  +0.023503  0.188  0.446  0.532  P  d0
  1487    464.688  -0.085859  +0.109037  0.188  0.446  0.532  P  d3
  1488    465.000  +0.038051  -0.002353  0.188  0.446  0.532  P  d2
  1489    465.312  -0.009908  +0.009678  0.188  0.446  0.532  P  d2
  1490    465.625  +0.119617  -0.019164  0.188  0.446  0.532  P  d0
  1491    465.938  +0.271140  -0.114012  0.172  0.446  0.532  P  d3
  1492    466.250  +0.037168  -0.266826  0.188  0.446  0.532  P  d3
  1493    466.562  -0.211611  -0.176016  0.188  0.446  0.532  P  d3
  1494    466.875  -0.288414  +0.063470  0.188  0.333  0.532  P  d3
  1495    467.188  -0.145283  +0.275105  0.172  0.333  0.532  P  d3
  1496    467.500  +0.122995  +0.276497  0.188  0.333  0.558  P  d3
  1497    467.812  +0.284164  +0.072352  0.188  0.333  0.558  P  d3
  1498    468.125  +0.250750  -0.191437  0.188  0.333  0.558  P  d3
  1499    468.438  -0.004641  -0.300717  0.188  0.333  0.558  P  d0
  1500    468.750  -0.185354  -0.188839  0.188  0.333  0.558  P  d3
  1501    469.062  -0.300365  +0.082225  0.188  0.333  0.558  P  d3
  1502    469.375  +0.058192  +0.218157  0.188  0.333  0.558  P  d2
  1503    469.688  +0.057726  -0.209395  0.203  0.333  0.558  P  d3
  1504    470.000  -0.312103  -0.043136  0.188  0.333  0.558  P  d3
  1505    470.312  -0.133673  +0.214664  0.172  0.333  0.558  P  d0
  1506    470.625  +0.059824  +0.288515  0.156  0.300  0.558  P  d3
  1507    470.938  +0.297820  +0.143963  0.172  0.300  0.558  P  d3
  1508    471.250  +0.281532  -0.119548  0.172  0.300  0.558  P  d3
  1509    471.562  +0.087195  -0.284772  0.156  0.300  0.558  P  d3
  1510    471.875  -0.181439  -0.232462  0.156  0.300  0.558  P  d3
  1511    472.188  -0.289022  +0.006950  0.156  0.300  0.558  P  d3
  1512    472.500  -0.175395  +0.219951  0.156  0.300  0.584  P  d3
  1513    472.812  +0.085131  +0.289593  0.156  0.300  0.584  P  d3
  1514    473.125  +0.247607  +0.027784  0.156  0.300  0.584  P  d3
  1515    473.438  +0.020693  -0.111486  0.156  0.300  0.584  P  d2
  1516    473.750  -0.016231  +0.011632  0.172  0.300  0.584  P  d2
  1517    474.062  +0.006709  -0.039709  0.172  0.300  0.584  P  d3
  1518    474.375  -0.031663  -0.003398  0.172  0.265  0.584  P  d2
  1519    474.688  +0.084823  -0.064787  0.156  0.265  0.584  P  d0
  1520    475.000  +0.102289  -0.085933  0.156  0.265  0.584  P  d2
  1521    475.312  -0.025870  +0.004864  0.156  0.265  0.584  P  d2
  1522    475.625  +0.024528  -0.025764  0.172  0.265  0.584  P  d2
  1523    475.938  -0.129188  +0.091765  0.156  0.265  0.584  P  d0
  1524    476.250  -0.013444  +0.022011  0.156  0.265  0.584  P  d2
  1525    476.562  +0.002520  -0.015401  0.156  0.265  0.584  P  d2
  1526    476.875  +0.008391  +0.018029  0.156  0.265  0.584  P  d2
  1527    477.188  -0.102012  -0.127539  0.156  0.265  0.584  P  d0
  1528    477.500  -0.032795  -0.015808  0.156  0.265  0.562  P  d1
  1529    477.812  +0.004391  -0.004887  0.156  0.265  0.562  P  d1
  1530    478.125  +0.018524  +0.038877  0.156  0.194  0.562  P  d0
  1531    478.438  +0.126973  +0.094589  0.156  0.194  0.562  P  d2
  1532    478.750  -0.026507  -0.005218  0.141  0.194  0.562  P  d2
  1533    479.062  +0.031123  -0.002808  0.141  0.194  0.562  P  d1
  1534    479.375  -0.033463  +0.042158  0.141  0.194  0.562  P  d0
  1535    479.688  -0.085382  +0.130445  0.141  0.194  0.562  P  d3
  1536    480.000  +0.029654  +0.008836  0.156  0.194  0.562  P  d1
  1537    480.312  -0.012473  +0.020700  0.156  0.194  0.562  P  d3
  1538    480.625  +0.110199  -0.014703  0.141  0.194  0.562  P  d0
  1539    480.938  +0.271884  -0.112421  0.141  0.194  0.562  P  d3
  1540    481.250  +0.032790  -0.267248  0.156  0.194  0.562  P  d3
  1541    481.562  -0.206386  -0.182671  0.156  0.194  0.562  P  d3
  1542    481.875  -0.287857  +0.060221  0.156  0.051  0.562  T  d3
  1543    482.188  -0.141020  +0.268364  0.156  0.051  0.562  T  d3
  1544    482.500  +0.127027  +0.277343  0.172  0.051  0.584  T  d3
  1545    482.812  +0.289323  +0.070407  0.172  0.051  0.584  T  d3
  1546    483.125  +0.257609  -0.187580  0.172  0.051  0.584  T  d3
  1547    483.438  +0.000603  -0.301091  0.188  0.051  0.584  T  d0
  1548    483.750  -0.177113  -0.189514  0.188  0.051  0.584  T  d3
  1549    484.062  -0.300863  +0.077339  0.188  0.051  0.584  T  d3
  1550    484.375  +0.055546  +0.221484  0.188  0.051  0.584  T  d2
  1551    484.688  +0.060462  -0.208752  0.203  0.051  0.584  T  d3
  1552    485.000  -0.310743  -0.048472  0.188  0.051  0.584  T  d3
  1553    485.312  -0.140676  +0.211185  0.188  0.051  0.584  T  d0
  1554    485.625  +0.055265  +0.288373  0.188  0.000  0.584  T  d3
  1555    485.938  +0.292870  +0.148258  0.203  0.000  0.584  T  d3
  1556    486.250  +0.284606  -0.116341  0.188  0.000  0.584  T  d3
  1557    486.562  +0.091223  -0.283558  0.188  0.000  0.584  T  d3
  1558    486.875  -0.176551  -0.238583  0.188  0.000  0.584  T  d3
  1559    487.188  -0.289134  +0.002407  0.188  0.000  0.584  T  d3
  1560    487.500  -0.179142  +0.214560  0.172  0.000  0.579  T  d3
  1561    487.812  +0.080824  +0.291842  0.172  0.000  0.579  T  d3
  1562    488.125  +0.246214  +0.031334  0.172  0.000  0.579  T  d3
  1563    488.438  +0.023508  -0.110174  0.156  0.000  0.579  T  d2
  1564    488.750  -0.016813  +0.011460  0.156  0.000  0.579  T  d2
  1565    489.062  +0.007784  -0.038950  0.156  0.000  0.579  T  d3
  1566    489.375  -0.033095  -0.003459  0.156  0.000  0.579  T  d2
  1567    489.688  +0.086220  -0.063314  0.141  0.000  0.579  T  d0
  1568    490.000  +0.102467  -0.084334  0.141  0.000  0.579  T  d2
  1569    490.312  -0.025031  +0.004020  0.141  0.000  0.579  T  d2
  1570    490.625  +0.024477  -0.025405  0.156  0.000  0.579  T  d2
  1571    490.938  -0.130196  +0.088789  0.141  0.000  0.579  T  d0
  1572    491.250  -0.014576  +0.023184  0.141  0.000  0.579  T  d2
  1573    491.562  +0.003619  -0.016301  0.141  0.000  0.579  T  d2
  1574    491.875  +0.008365  +0.019668  0.141  0.000  0.579  T  d2
  1575    492.188  -0.100108  -0.130554  0.141  0.000  0.579  T  d0
  1576    492.500  -0.030731  -0.014967  0.141  0.000  0.579  T  d1
  1577    492.812  +0.003482  -0.005516  0.141  0.000  0.579  T  d1
  1578    493.125  +0.019244  +0.040271  0.141  0.000  0.579  T  d0
  1579    493.438  +0.122706  +0.097702  0.141  0.000  0.579  T  d2
  1580    493.750  -0.025163  -0.006278  0.125  0.000  0.579  T  d2
  1581    494.062  +0.029545  -0.001616  0.125  0.000  0.579  T  d1
  1582    494.375  -0.033150  +0.039335  0.125  0.000  0.579  T  d0
  1583    494.688  -0.088692  +0.130706  0.125  0.000  0.579  T  d3
  1584    495.000  +0.030698  +0.003055  0.141  0.000  0.579  T  d1
  1585    495.312  -0.018443  +0.018314  0.141  0.000  0.579  T  d2
  1586    495.625  +0.108240  -0.013349  0.125  0.000  0.579  T  d0
  1587    495.938  +0.275802  -0.099185  0.125  0.000  0.579  T  d3
  1588    496.250  +0.051896  -0.268724  0.141  0.000  0.579  T  d3
  1589    496.562  -0.192114  -0.189039  0.141  0.000  0.579  T  d3
  1590    496.875  -0.288186  +0.045606  0.141  0.000  0.579  T  d3
  1591    497.188  -0.157040  +0.263812  0.141  0.000  0.579  T  d3
  1592    497.500  +0.107254  +0.282737  0.156  0.000  0.545  T  d3
  1593    497.812  +0.283755  +0.089413  0.156  0.000  0.545  T  d3
  1594    498.125  +0.258160  -0.170057  0.156  0.000  0.545  T  d3
  1595    498.438  +0.018284  -0.299175  0.172  0.000  0.545  T  d3
  1596    498.750  -0.177892  -0.198484  0.172  0.000  0.545  T  d3
  1597    499.062  -0.307051  +0.052197  0.172  0.000  0.545  T  d3
  1598    499.375  +0.025262  +0.218510  0.172  0.000  0.545  T  d2
  1599    499.688  +0.083871  -0.204029  0.188  0.000  0.545  T  d3
  1600    500.000  -0.313186  -0.076302  0.172  0.000  0.545  T  d3
  1601    500.312  -0.140557  +0.204143  0.172  0.000  0.545  T  d0
  1602    500.625  +0.041519  +0.285435  0.172  0.000  0.545  T  d3
  1603    500.938  +0.293551  +0.166073  0.188  0.000  0.545  T  d3
  1604    501.250  +0.295372  -0.098071  0.172  0.000  0.545  T  d3
  1605    501.562  +0.113340  -0.266076  0.172  0.000  0.545  T  d3
  1606    501.875  -0.159794  -0.222517  0.172  0.000  0.545  T  d3
  1607    502.188  -0.288913  +0.012811  0.172  0.000  0.545  T  d3
  1608    502.500  -0.200195  +0.242484  0.156  0.000  0.489  T  d3
  1609    502.812  +0.047990  +0.323029  0.156  0.000  0.489  T  d3
  1610    503.125  +0.208383  +0.080414  0.156  0.000  0.489  T  d3
  1611    503.438  +0.010970  -0.096693  0.141  0.000  0.489  T  d3
  1612    503.750  -0.097215  +0.033661  0.141  0.000  0.489  T  d2
  1613    504.062  +0.042361  -0.035541  0.141  0.000  0.489  T  d2
  1614    504.375  -0.254490  +0.029659  0.141  0.000  0.489  T  d2
  1615    504.688  +0.615800  -0.313525  0.125  0.000  0.489  T  d0
  1616    505.000  +0.820197  -0.576766  0.125  0.000  0.489  T  d2
  1617    505.312  -0.235153  +0.095801  0.125  0.000  0.489  T  d2
  1618    505.625  +0.188107  -0.127867  0.125  0.000  0.489  T  d2
  1619    505.938  -1.046827  +0.702056  0.125  0.000  0.489  T  d0
  1620    506.250  -0.154176  +0.240037  0.141  0.000  0.489  T  d2
  1621    506.562  +0.067562  -0.153959  0.156  0.000  0.489  T  d2
  1622    506.875  +0.047130  +0.189905  0.172  0.000  0.489  T  d2
  1623    507.188  -0.729053  -1.057310  0.188  0.000  0.489  T  d0
  1624    507.500  -0.266320  -0.142883  0.203  0.000  0.464  T  d1
  1625    507.812  +0.081210  -0.031922  0.219  0.000  0.464  T  d1
  1626    508.125  +0.160749  +0.289115  0.234  0.000  0.464  T  d0
  1627    508.438  +1.018347  +0.822343  0.234  0.000  0.464  T  d2
  1628    508.750  -0.162556  -0.059014  0.250  0.000  0.464  T  d2
  1629    509.062  +0.217515  +0.008010  0.266  0.000  0.464  T  d1
  1630    509.375  -0.225585  +0.317930  0.281  0.000  0.464  T  d0
  1631    509.688  -0.758429  +1.039586  0.297  0.000  0.464  T  d3
  1632    510.000  +0.231405  +0.099801  0.312  0.000  0.464  T  d1
  1633    510.312  -0.135618  +0.178658  0.328  0.000  0.464  T  d2
  1634    510.625  +0.846066  -0.124363  0.328  0.000  0.464  T  d0
  1635    510.938  +2.146118  -0.791185  0.344  0.000  0.464  T  d3
  1636    511.250  +0.346312  -2.122895  0.359  0.000  0.464  T  d3
  1637    511.562  -1.658696  -1.482968  0.359  0.000  0.464  T  d3
  1638    511.875  -2.296885  +0.402570  0.359  0.000  0.464  T  d3
  1639    512.188  -1.216203  +2.130301  0.359  0.000  0.464  T  d3
  1640    512.500  +0.959337  +2.243863  0.375  0.000  0.489  T  d3
  1641    512.812  +2.353453  +0.694542  0.391  0.000  0.489  T  d3
  1642    513.125  +2.172432  -1.360722  0.406  0.000  0.489  T  d3
  1643    513.438  +0.243095  -2.298450  0.422  0.000  0.489  T  d3
  1644    513.750  -1.264591  -1.443442  0.438  0.000  0.489  T  d3
  1645    514.062  -2.264272  +0.686366  0.453  0.000  0.489  T  d3
  1646    514.375  +0.436622  +1.929416  0.469  0.000  0.489  T  d3
  1647    514.688  +0.822318  -1.210592  0.484  0.000  0.489  T  d3
  1648    515.000  -2.465144  -0.616524  0.469  0.000  0.489  T  d3
  1649    515.312  +0.085493  +0.389798  0.469  0.000  0.489  T  d3
  1650    515.625  +0.375619  +0.231026  0.469  0.000  0.489  T  d0
  1651    515.938  +0.275776  +0.340458  0.469  0.000  0.489  T  d0
  1652    516.250  +0.185085  +0.240578  0.453  0.000  0.489  T  d0
  1653    516.562  +0.157849  +0.234002  0.469  0.000  0.489  T  d0
  1654    516.875  +0.079052  +0.191173  0.484  0.000  0.489  T  d0
  1655    517.188  +0.059229  +0.123650  0.500  0.000  0.489  T  d0
  1656    517.500  +0.026087  +0.094537  0.500  0.000  0.468  T  d0
  1657    517.812  +0.015957  +0.025849  0.500  0.000  0.468  T  d0
  1658    518.125  +0.018182  +0.007829  0.500  0.000  0.468  T  d3
  1659    518.438  +0.016380  -0.036476  0.484  0.000  0.468  T  d0
  1660    518.750  +0.033539  -0.041123  0.484  0.000  0.468  T  d0
  1661    519.062  +0.033589  -0.058101  0.484  0.000  0.468  T  d0
  1662    519.375  +0.049534  -0.048364  0.484  0.000  0.468  T  d0
  1663    519.688  +0.042071  -0.048930  0.484  0.000  0.468  T  d0
  1664    520.000  +0.051519  -0.032871  0.500  0.000  0.468  T  d0
  1665    520.312  +0.033760  -0.027879  0.500  0.000  0.468  T  d0
  1666    520.625  +0.037518  -0.016588  0.500  0.000  0.468  T  d0
  1667    520.938  +0.014640  -0.008420  0.484  0.000  0.468  T  d0
  1668    521.250  +0.015952  -0.008845  0.484  0.000  0.468  T  d2
  1669    521.562  -0.004343  +0.000258  0.484  0.000  0.468  T  d1
  1670    521.875  -0.004353  -0.009529  0.484  0.000  0.468  T  d3
  1671    522.188  -0.013949  -0.001076  0.484  0.000  0.468  T  d0
  1672    522.500  -0.015248  -0.013175  0.484  0.000  0.515  T  d0
  1673    522.812  -0.014710  -0.006475  0.484  0.000  0.515  T  d0
  1674    523.125  -0.016694  -0.015659  0.484  0.000  0.515  T  d0
  1675    523.438  -0.010850  -0.009412  0.484  0.000  0.515  T  d0
  1676    523.750  -0.011381  -0.013005  0.484  0.000  0.515  T  d0
  1677    524.062  -0.004545  -0.007664  0.484  0.000  0.515  T  d0
  1678    524.375  -0.006099  -0.008022  0.484  0.000  0.515  T  d0
  1679    524.688  -0.000135  -0.002467  0.484  0.000  0.515  T  d3
  1680    525.000  -0.003655  -0.001951  0.484  0.000  0.515  T  d2
  1681    525.312  +0.001346  +0.001640  0.484  0.000  0.515  T  d1
  1682    525.625  -0.003662  +0.002911  0.484  0.000  0.515  T  d3
  1683    525.938  +0.000822  +0.003225  0.469  0.000  0.515  T  d1
  1684    526.250  -0.004507  +0.006082  0.453  0.000  0.515  T  d0
  1685    526.562  -0.000710  +0.002610  0.438  0.000  0.515  T  d0
  1686    526.875  -0.004333  +0.006174  0.422  0.005  0.515  T  d0
  1687    527.188  -0.002500  +0.000977  0.406  0.005  0.515  T  d0
  1688    527.500  -0.002911  +0.004355  0.391  0.005  0.558  T  d1
  1689    527.812  -0.002841  -0.000518  0.375  0.005  0.558  T  d3
  1690    528.125  -0.000601  +0.002388  0.359  0.005  0.558  T  d1
  1691    528.438  -0.001929  -0.000264  0.359  0.005  0.558  T  d2
  1692    528.750  +0.001368  +0.001620  0.344  0.005  0.558  T  d2
  1693    529.062  -0.000444  -0.000289  0.328  0.005  0.558  T  d2
  1694    529.375  +0.002002  +0.000751  0.312  0.005  0.558  T  d0
  1695    529.688  +0.000556  -0.000124  0.297  0.005  0.558  T  d0
  1696    530.000  +0.001962  +0.000944  0.297  0.005  0.558  T  d1
  1697    530.312  -0.000110  +0.000621  0.281  0.005  0.558  T  d3
  1698    530.625  +0.002513  +0.000499  0.266  0.011  0.558  T  d1
  1699    530.938  -0.000365  +0.000916  0.250  0.011  0.558  T  d3
  1700    531.250  +0.001827  +0.000448  0.234  0.011  0.558  T  d1
  1701    531.562  -0.000515  +0.001289  0.234  0.011  0.558  T  d2
  1702    531.875  +0.000267  -0.000974  0.234  0.011  0.558  T  d2
  1703    532.188  -0.000054  +0.000904  0.234  0.011  0.558  T  d2
  1704    532.500  -0.000054  -0.000615  0.219  0.011  0.519  T  d2
  1705    532.812  +0.000450  +0.000965  0.203  0.011  0.519  T  d2
  1706    533.125  -0.000592  -0.000793  0.188  0.011  0.519  T  d2
  1707    533.438  +0.000931  +0.000235  0.172  0.011  0.519  T  d3
  1708    533.750  -0.000298  -0.001029  0.156  0.011  0.519  T  d1
  1709    534.062  +0.000971  -0.000343  0.141  0.011  0.519  T  d3
  1710    534.375  -0.000041  -0.000267  0.125  0.018  0.519  T  d1
  1711    534.688  +0.000522  -0.000043  0.109  0.018  0.519  T  d2
  1712    535.000  -0.000347  -0.000144  0.109  0.018  0.519  T  d2
  1713    535.312  +0.000507  -0.000091  0.109  0.018  0.519  T  d2
  1714    535.625  -0.000869  -0.000167  0.109  0.018  0.519  T  d2
  1715    535.938  +0.000843  -0.000401  0.109  0.018  0.519  T  d2
  1716    536.250  -0.000140  +0.000167  0.109  0.018  0.519  T  d2
  1717    536.562  +0.000222  -0.000492  0.094  0.018  0.519  T  d2
  1718    536.875  -0.000361  +0.000394  0.078  0.018  0.519  T  d1
  1719    537.188  -0.000343  -0.000009  0.062  0.018  0.519  T  d3
  1720    537.500  -0.000148  +0.000381  0.047  0.018  0.567  T  d2
  1721    537.812  -0.000133  -0.000488  0.047  0.018  0.567  T  d1
  1722    538.125  +0.000176  +0.000072  0.047  0.026  0.567  T  d2
  1723    538.438  -0.000737  -0.000404  0.047  0.026  0.567  T  d2
  1724    538.750  +0.000303  +0.000165  0.047  0.026  0.567  T  d2
  1725    539.062  -0.000196  -0.000129  0.062  0.026  0.567  T  d2
  1726    539.375  +0.000315  +0.000047  0.062  0.026  0.567  T  d1
  1727    539.688  -0.000249  +0.000436  0.047  0.026  0.567  T  d0
  1728    540.000  +0.000055  +0.000513  0.031  0.026  0.567  T  d2
  1729    540.312  -0.000004  -0.000534  0.031  0.026  0.567  T  d1
  1730    540.625  +0.000240  -0.000069  0.031  0.026  0.567  T  d1
  1731    540.938  +0.000033  +0.000021  0.031  0.026  0.567  T  d3
  1732    541.250  +0.000149  -0.000101  0.031  0.026  0.567  T  d2
  1733    541.562  -0.000277  +0.000240  0.031  0.026  0.567  T  d1
  1734    541.875  -0.000029  -0.000155  0.031  0.000  0.567  T  d3
  1735    542.188  -0.000139  +0.000178  0.031  0.000  0.567  T  d1
  1736    542.500  -0.000235  -0.000009  0.031  0.000  0.562  T  d3
  1737    542.812  +0.000328  +0.000378  0.031  0.000  0.562  T  d2
  1738    543.125  -0.000009  -0.000320  0.031  0.000  0.562  T  d1
  1739    543.438  +0.000444  +0.000287  0.031  0.000  0.562  T  d2
  1740    543.750  -0.000187  -0.000267  0.031  0.000  0.562  T  d3
  1741    544.062  -0.000059  +0.000112  0.031  0.000  0.562  T  d1
  1742    544.375  -0.000092  -0.000235  0.031  0.000  0.562  T  d1
  1743    544.688  +0.000293  -0.000171  0.031  0.000  0.562  T  d3
  1744    545.000  -0.000271  -0.000094  0.031  0.000  0.562  T  d2
  1745    545.312  +0.000136  -0.000033  0.031  0.000  0.562  T  d1
  1746    545.625  +0.000103  +0.000188  0.031  0.000  0.562  T  d1
  1747    545.938  -0.000218  -0.000036  0.031  0.000  0.562  T  d3
  1748    546.250  -0.000209  +0.000399  0.031  0.000  0.562  T  d2
  1749    546.562  +0.000129  -0.000058  0.031  0.000  0.562  T  d2
  1750    546.875  -0.000088  +0.000074  0.031  0.000  0.562  T  d2
  1751    547.188  +0.000057  -0.000169  0.031  0.000  0.562  T  d2
  1752    547.500  -0.000003  +0.000106  0.031  0.000  0.549  T  d2
  1753    547.812  +0.000024  -0.000117  0.031  0.000  0.549  T  d1
  1754    548.125  +0.000357  +0.000310  0.031  0.000  0.549  T  d2
  1755    548.438  -0.000061  -0.000087  0.031  0.000  0.549  T  d1
  1756    548.750  +0.000108  -0.000226  0.031  0.000  0.549  T  d0
  1757    549.062  -0.000072  -0.000277  0.031  0.000  0.549  T  d2
  1758    549.375  +0.000145  +0.000140  0.031  0.000  0.549  T  d2
  1759    549.688  -0.000169  -0.000175  0.031  0.000  0.549  T  d2
  1760    550.000  +0.000491  +0.000104  0.016  0.000  0.549  T  d3
  1761    550.312  -0.000019  -0.000172  0.031  0.000  0.549  T  d2
  1762    550.625  -0.000039  +0.000241  0.031  0.000  0.549  T  d1
  1763    550.938  -0.000426  -0.000158  0.047  0.000  0.549  T  d1
  1764    551.250  +0.000226  -0.000436  0.062  0.000  0.549  T  d2
  1765    551.562  -0.000649  +0.000314  0.062  0.000  0.549  T  d2
  1766    551.875  +0.000159  -0.000210  0.062  0.000  0.549  T  d2
  1767    552.188  -0.000326  +0.000231  0.062  0.000  0.549  T  d1
  1768    552.500  +0.000034  -0.000387  0.062  0.000  0.549  T  d1
  1769    552.812  +0.000088  +0.000040  0.062  0.000  0.549  T  d3
  1770    553.125  -0.000083  -0.000520  0.062  0.000  0.549  T  d3
  1771    553.438  -0.000387  +0.000293  0.062  0.000  0.549  T  d1
  1772    553.750  -0.000043  -0.000604  0.062  0.000  0.549  T  d2
  1773    554.062  +0.000578  +0.000630  0.062  0.000  0.549  T  d2
  1774    554.375  -0.000099  -0.000690  0.062  0.000  0.549  T  d2
  1775    554.688  -0.000436  +0.001352  0.062  0.000  0.549  T  d2
  1776    555.000  +0.000555  -0.001264  0.062  0.000  0.549  T  d2
  1777    555.312  -0.006060  +0.003432  0.062  0.000  0.549  T  d3
  1778    555.625  +0.003961  +0.003091  0.062  0.000  0.549  T  d3
  1779    555.938  +0.003324  -0.004127  0.062  0.000  0.549  T  d2
  1780    556.250  -0.004204  +0.002789  0.062  0.000  0.549  T  d2
  1781    556.562  +0.005348  -0.001157  0.062  0.000  0.549  T  d3
  1782    556.875  -0.001081  -0.004007  0.062  0.000  0.549  T  d2
  1783    557.188  -0.000966  +0.002643  0.062  0.000  0.549  T  d2
  1784    557.500  -0.000689  -0.003214  0.062  0.000  0.532  T  d2
  1785    557.812  -0.001908  +0.004243  0.062  0.000  0.532  T  d3
  1786    558.125  +0.005716  +0.001547  0.062  0.000  0.532  T  d3
  1787    558.438  +0.001857  -0.004097  0.062  0.000  0.532  T  d3
  1788    558.750  -0.001518  +0.000385  0.062  0.000  0.532  T  d2
  1789    559.062  +0.002106  -0.000724  0.047  0.000  0.532  T  d2
  1790    559.375  -0.004841  -0.001978  0.047  0.000  0.532  T  d3
  1791    559.688  -0.005180  +0.002244  0.047  0.000  0.532  T  d2
  1792    560.000  +0.002105  -0.000140  0.047  0.000  0.532  T  d0
  1793    560.312  +0.000073  -0.000077  0.047  0.000  0.532  T  d1
  1794    560.625  +0.001083  +0.000328  0.047  0.000  0.532  T  d0
  1795    560.938  +0.000616  +0.000280  0.047  0.000  0.532  T  d0
  1796    561.250  +0.000850  +0.000205  0.047  0.000  0.532  T  d1
  1797    561.562  +0.000340  +0.000888  0.047  0.000  0.532  T  d3
  1798    561.875  +0.000471  -0.000099  0.047  0.000  0.532  T  d1
  1799    562.188  +0.000161  +0.000976  0.047  0.000  0.532  T  d2
  1800    562.500  -0.000061  -0.001312  0.047  0.000  0.506  T  d2
  1801    562.812  +0.001101  +0.002638  0.047  0.000  0.506  T  d2
  1802    563.125  +0.000937  -0.006796  0.047  0.000  0.506  T  d3
  1803    563.438  -0.003941  +0.001314  0.047  0.000  0.506  T  d2
  1804    563.750  +0.004842  -0.000947  0.047  0.000  0.506  T  d2
  1805    564.062  -0.006507  +0.001061  0.062  0.000  0.506  T  d3
  1806    564.375  +0.001693  +0.003262  0.062  0.000  0.506  T  d2
  1807    564.688  -0.000228  -0.002006  0.078  0.000  0.506  T  d1
  1808    565.000  +0.001536  +0.000830  0.078  0.000  0.506  T  d3
  1809    565.312  -0.000050  -0.002054  0.094  0.000  0.506  T  d1
  1810    565.625  +0.002026  +0.001318  0.094  0.000  0.506  T  d2
  1811    565.938  -0.001775  -0.004282  0.094  0.000  0.506  T  d3
  1812    566.250  -0.005082  +0.002859  0.094  0.000  0.506  T  d3
  1813    566.562  +0.002115  +0.003248  0.094  0.000  0.506  T  d2
  1814    566.875  -0.000193  -0.002588  0.094  0.000  0.506  T  d1
  1815    567.188  +0.001130  +0.000824  0.094  0.000  0.506  T  d3
  1816    567.500  +0.000227  -0.001708  0.094  0.000  0.502  T  d1
  1817    567.812  +0.001621  +0.001027  0.094  0.000  0.502  T  d2
  1818    568.125  -0.001068  -0.002951  0.094  0.098  0.502  T  d3
  1819    568.438  -0.005687  +0.002843  0.094  0.098  0.502  T  d3
  1820    568.750  +0.002697  +0.005130  0.094  0.098  0.502  T  d2
  1821    569.062  -0.000060  -0.001367  0.094  0.098  0.502  T  d2
  1822    569.375  +0.000071  +0.001362  0.094  0.098  0.502  T  d2
  1823    569.688  -0.000269  -0.000953  0.094  0.098  0.502  T  d2
  1824    570.000  -0.000028  +0.001562  0.094  0.098  0.502  T  d3
  1825    570.312  +0.003829  -0.000849  0.078  0.098  0.502  T  d1
  1826    570.625  +0.002560  +0.002537  0.078  0.098  0.502  T  d3
  1827    570.938  +0.003741  -0.003228  0.062  0.098  0.502  T  d3
  1828    571.250  -0.006271  -0.002131  0.047  0.098  0.502  T  d2
  1829    571.562  +0.004593  +0.000663  0.047  0.098  0.502  T  d2
  1830    571.875  -0.001261  -0.001468  0.047  0.141  0.502  P  d3
  1831    572.188  -0.000224  +0.000355  0.047  0.141  0.502  P  d1
  1832    572.500  -0.000903  -0.001367  0.047  0.141  0.498  P  d1
  1833    572.812  +0.000294  -0.000429  0.047  0.141  0.498  P  d3
  1834    573.125  -0.000663  -0.001004  0.047  0.141  0.498  P  d1
  1835    573.438  +0.001764  -0.000523  0.047  0.141  0.498  P  d2
  1836    573.750  -0.001899  -0.000528  0.047  0.141  0.498  P  d0
  1837    574.062  -0.004350  -0.000324  0.047  0.141  0.498  P  d2
  1838    574.375  +0.000806  -0.000296  0.047  0.141  0.498  P  d0
  1839    574.688  +0.001380  -0.001470  0.047  0.141  0.498  P  d2
  1840    575.000  -0.003751  +0.003603  0.047  0.141  0.498  P  d0
  1841    575.312  -0.002018  +0.005061  0.062  0.141  0.498  P  d3
  1842    575.625  +0.002087  +0.000492  0.062  0.149  0.498  P  d3
  1843    575.938  +0.001490  -0.007089  0.062  0.149  0.498  P  d2
  1844    576.250  -0.003526  +0.002594  0.062  0.149  0.498  P  d3
  1845    576.562  +0.006580  +0.003943  0.062  0.149  0.498  P  d2
  1846    576.875  -0.001123  -0.001196  0.062  0.149  0.498  P  d2
  1847    577.188  +0.000907  +0.001558  0.062  0.149  0.498  P  d2
  1848    577.500  -0.000388  -0.000444  0.062  0.149  0.511  P  d2
  1849    577.812  +0.000713  +0.001270  0.062  0.149  0.511  P  d1
  1850    578.125  -0.001094  +0.000053  0.062  0.149  0.511  P  d3
  1851    578.438  +0.000539  +0.001536  0.062  0.149  0.511  P  d3
  1852    578.750  +0.003435  -0.006611  0.062  0.149  0.511  P  d3
  1853    579.062  -0.001537  -0.002468  0.062  0.149  0.511  P  d2
  1854    579.375  -0.000019  +0.001850  0.062  0.113  0.511  T  d1
  1855    579.688  -0.000940  -0.000328  0.062  0.113  0.511  T  d3
  1856    580.000  +0.000241  +0.000546  0.062  0.113  0.511  T  d1
  1857    580.312  -0.000843  -0.000121  0.062  0.113  0.511  T  d3
  1858    580.625  -0.000133  +0.000481  0.062  0.113  0.511  T  d1
  1859    580.938  -0.000679  +0.000157  0.062  0.113  0.511  T  d2
  1860    581.250  +0.000324  -0.000463  0.062  0.113  0.511  T  d2
  1861    581.562  -0.001597  +0.000939  0.062  0.113  0.511  T  d2
  1862    581.875  +0.001400  -0.001987  0.062  0.113  0.511  T  d2
  1863    582.188  -0.004567  +0.003714  0.062  0.113  0.511  T  d3
  1864    582.500  +0.003940  +0.003455  0.062  0.113  0.489  T  d2
  1865    582.812  -0.004241  -0.003457  0.062  0.113  0.489  T  d2
  1866    583.125  +0.004398  +0.003086  0.062  0.065  0.489  T  d3
  1867    583.438  +0.002956  -0.005717  0.062  0.065  0.489  T  d2
  1868    583.750  -0.001172  +0.001519  0.062  0.065  0.489  T  d2
  1869    584.062  +0.001582  -0.002208  0.047  0.065  0.489  T  d2
  1870    584.375  -0.000216  +0.000503  0.047  0.065  0.489  T  d2
  1871    584.688  +0.002351  -0.002624  0.031  0.065  0.489  T  d2
  1872    585.000  -0.003475  +0.004536  0.031  0.065  0.489  T  d0
  1873    585.312  +0.000081  +0.001893  0.016  0.065  0.489  T  d1
  1874    585.625  -0.004640  -0.002790  0.016  0.065  0.489  T  d3
  1875    585.938  -0.001755  +0.004193  0.016  0.065  0.489  T  d3
  1876    586.250  +0.004465  -0.000115  0.016  0.065  0.489  T  d3
  1877    586.562  +0.002958  -0.005044  0.016  0.065  0.489  T  d3
  1878    586.875  -0.003966  -0.001814  0.016  0.089  0.489  T  d2
  1879    587.188  +0.002301  +0.001581  0.016  0.089  0.489  T  d2
  1880    587.500  -0.000597  -0.000145  0.016  0.089  0.498  T  d2
  1881    587.812  +0.001212  +0.000867  0.016  0.089  0.498  T  d1
  1882    588.125  -0.000734  +0.000148  0.016  0.089  0.498  T  d2
  1883    588.438  +0.001184  -0.000495  0.016  0.089  0.498  T  d2
  1884    588.750  -0.000862  +0.000198  0.031  0.089  0.498  T  d2
  1885    589.062  +0.002203  -0.001282  0.031  0.089  0.498  T  d3
  1886    589.375  -0.004918  -0.001632  0.031  0.089  0.498  T  d3
  1887    589.688  -0.001804  +0.005524  0.031  0.089  0.498  T  d3
  1888    590.000  +0.003117  +0.002898  0.031  0.089  0.498  T  d2
  1889    590.312  -0.000646  -0.006829  0.031  0.089  0.498  T  d3
  1890    590.625  -0.003380  +0.000889  0.031  0.053  0.498  T  d2
  1891    590.938  +0.003092  -0.000813  0.031  0.053  0.498  T  d2
  1892    591.250  -0.001673  +0.001128  0.031  0.053  0.498  T  d2
  1893    591.562  +0.002814  -0.001998  0.031  0.053  0.498  T  d2
  1894    591.875  -0.003350  +0.002988  0.031  0.053  0.498  T  d3
  1895    592.188  +0.004743  +0.004110  0.031  0.053  0.498  T  d2
  1896    592.500  -0.002169  -0.002507  0.031  0.053  0.476  T  d2
  1897    592.812  +0.001061  +0.003563  0.031  0.053  0.476  T  d2
  1898    593.125  -0.000007  -0.006997  0.031  0.053  0.476  T  d3
  1899    593.438  -0.004889  +0.001082  0.031  0.053  0.476  T  d2
  1900    593.750  +0.006464  +0.003149  0.031  0.053  0.476  T  d3
  1901    594.062  -0.000010  -0.002614  0.031  0.053  0.476  T  d2
  1902    594.375  -0.000523  +0.001305  0.031  0.059  0.476  T  d2
  1903    594.688  -0.000636  -0.001517  0.031  0.059  0.476  T  d3
  1904    595.000  -0.000432  +0.000472  0.031  0.059  0.476  T  d1
  1905    595.312  -0.000913  -0.000469  0.016  0.059  0.476  T  d3
  1906    595.625  -0.000002  +0.000574  0.016  0.059  0.476  T  d1
  1907    595.938  -0.001322  -0.000538  0.016  0.059  0.476  T  d1
  1908    596.250  +0.000266  -0.000115  0.016  0.059  0.476  T  d2
  1909    596.562  -0.002692  -0.000095  0.016  0.059  0.476  T  d3
  1910    596.875  +0.002994  +0.006064  0.016  0.059  0.476  T  d3
  1911    597.188  +0.004921  -0.003613  0.016  0.059  0.476  T  d2
  1912    597.500  -0.001953  -0.000189  0.016  0.059  0.498  T  d1
  1913    597.812  -0.000021  -0.000450  0.016  0.059  0.498  T  d3
  1914    598.125  -0.000979  -0.000614  0.016  0.056  0.498  T  d1
  1915    598.438  -0.000016  -0.000419  0.016  0.056  0.498  T  d0
  1916    598.750  +0.000214  -0.000250  0.016  0.056  0.498  T  d3
  1917    599.062  -0.000117  -0.000328  0.016  0.056  0.498  T  d2
  1918    599.375  +0.000299  +0.000179  0.016  0.056  0.498  T  d2
  1919    599.688  -0.000304  -0.000137  0.016  0.056  0.498  T  d2
  1920    600.000  +0.000758  +0.000498  0.016  0.056  0.498  T  d2
  1921    600.312  -0.000830  -0.000551  0.016  0.056  0.498  T  d2
  1922    600.625  +0.001511  +0.001649  0.016  0.056  0.498  T  d2
  1923    600.938  -0.003413  -0.002840  0.016  0.056  0.498  T  d3
  1924    601.250  -0.004906  +0.004112  0.016  0.056  0.498  T  d2
  1925    601.562  +0.006993  -0.001699  0.016  0.056  0.498  T  d3
  1926    601.875  -0.002024  -0.003649  0.016  0.045  0.498  T  d2
  1927    602.188  +0.001147  +0.002890  0.016  0.045  0.498  T  d2
  1928    602.500  -0.001230  -0.002948  0.016  0.045  0.489  T  d2
  1929    602.812  +0.000882  +0.006102  0.016  0.045  0.489  T  d3
  1930    603.125  +0.004475  -0.000932  0.016  0.045  0.489  T  d2
  1931    603.438  -0.002799  +0.001082  0.016  0.045  0.489  T  d2
  1932    603.750  +0.003566  +0.000477  0.016  0.045  0.489  T  d2
  1933    604.062  -0.005166  -0.004692  0.016  0.045  0.489  T  d3
  1934    604.375  -0.000033  +0.004836  0.016  0.045  0.489  T  d2
  1935    604.688  +0.003810  -0.004696  0.016  0.045  0.489  T  d3
  1936    605.000  -0.003551  -0.002354  0.016  0.045  0.489  T  d2
  1937    605.312  +0.002702  +0.003843  0.016  0.045  0.489  T  d2
  1938    605.625  -0.001232  -0.006195  0.016  0.050  0.489  T  d3
  1939    605.938  -0.002060  +0.002668  0.016  0.050  0.489  T  d2
  1940    606.250  +0.001661  -0.001408  0.031  0.050  0.489  T  d2
  1941    606.562  -0.001976  +0.002408  0.031  0.050  0.489  T  d2
  1942    606.875  +0.001843  -0.002418  0.031  0.050  0.489  T  d2
  1943    607.188  -0.004427  +0.004871  0.031  0.050  0.489  T  d3
  1944    607.500  +0.003566  +0.002044  0.031  0.050  0.485  T  d2
  1945    607.812  -0.002577  -0.000960  0.031  0.050  0.485  T  d2
  1946    608.125  +0.002381  +0.000390  0.031  0.050  0.485  T  d2
  1947    608.438  -0.003527  -0.000299  0.031  0.050  0.485  T  d2
  1948    608.750  +0.004826  +0.000311  0.016  0.050  0.485  T  d3
  1949    609.062  -0.000662  -0.005472  0.016  0.050  0.485  T  d2
  1950    609.375  +0.000158  +0.002833  0.016  0.037  0.485  T  d2
  1951    609.688  -0.001170  -0.002123  0.016  0.037  0.485  T  d2
  1952    610.000  +0.000593  +0.002246  0.016  0.037  0.485  T  d2
  1953    610.312  -0.000891  -0.002524  0.016  0.037  0.485  T  d2
  1954    610.625  +0.000388  +0.006551  0.016  0.037  0.485  T  d3
  1955    610.938  +0.003579  -0.000459  0.016  0.037  0.485  T  d2
  1956    611.250  -0.006022  -0.003439  0.016  0.037  0.485  T  d3
  1957    611.562  -0.002317  +0.003261  0.016  0.037  0.485  T  d2
  1958    611.875  +0.007126  -0.001516  0.016  0.037  0.485  T  d3
  1959    612.188  -0.002106  -0.001854  0.016  0.037  0.485  T  d2
  1960    612.500  +0.000983  +0.002439  0.016  0.037  0.468  T  d2
  1961    612.812  -0.001923  -0.002002  0.016  0.037  0.468  T  d2
  1962    613.125  +0.002548  +0.002702  0.016  0.004  0.468  T  d3
  1963    613.438  +0.004445  -0.003004  0.016  0.004  0.468  T  d3
  1964    613.750  -0.007309  -0.002332  0.016  0.004  0.468  T  d3
  1965    614.062  -0.000051  +0.003012  0.016  0.004  0.468  T  d2
  1966    614.375  +0.000204  -0.001984  0.016  0.004  0.468  T  d2
  1967    614.688  -0.001382  +0.004307  0.016  0.004  0.468  T  d3
  1968    615.000  +0.006334  +0.000447  0.016  0.004  0.468  T  d2
  1969    615.312  -0.003277  +0.000443  0.016  0.004  0.468  T  d3
  1970    615.625  +0.001772  +0.001729  0.016  0.004  0.468  T  d3
  1971    615.938  +0.000601  -0.005215  0.016  0.004  0.468  T  d0
  1972    616.250  -0.000832  -0.004147  0.016  0.004  0.468  T  d2
  1973    616.562  -0.000811  +0.003288  0.016  0.004  0.468  T  d2
  1974    616.875  +0.000366  -0.001061  0.016  0.000  0.468  T  d2
  1975    617.188  -0.001499  +0.004304  0.016  0.000  0.468  T  d2
  1976    617.500  +0.003748  -0.004747  0.016  0.000  0.455  T  d3
  1977    617.812  -0.004399  +0.000201  0.016  0.000  0.455  T  d2
  1978    618.125  +0.002543  +0.001119  0.016  0.000  0.455  T  d2
  1979    618.438  -0.004197  +0.000672  0.016  0.000  0.455  T  d2
  1980    618.750  +0.004346  +0.001038  0.016  0.000  0.455  T  d3
  1981    619.062  -0.001396  -0.004893  0.016  0.000  0.455  T  d2
  1982    619.375  -0.000927  +0.003526  0.016  0.000  0.455  T  d2
  1983    619.688  -0.000725  -0.002330  0.016  0.000  0.455  T  d2
  1984    620.000  -0.000914  +0.004697  0.016  0.000  0.455  T  d3
  1985    620.312  +0.005346  +0.002009  0.016  0.000  0.455  T  d2
  1986    620.625  -0.003812  -0.006531  0.016  0.000  0.455  T  d3
  1987    620.938  -0.002833  +0.001421  0.016  0.000  0.455  T  d2
  1988    621.250  +0.001599  -0.001179  0.016  0.000  0.455  T  d2
  1989    621.562  -0.003124  +0.001502  0.016  0.000  0.455  T  d3
  1990    621.875  +0.004794  +0.005408  0.016  0.000  0.455  T  d2
  1991    622.188  -0.002449  -0.004807  0.031  0.000  0.455  T  d2
  1992    622.500  +0.000887  +0.005054  0.047  0.000  0.472  T  d3
  1993    622.812  +0.004576  -0.001688  0.062  0.000  0.472  T  d2
  1994    623.125  -0.002310  +0.000123  0.062  0.000  0.472  T  d2
  1995    623.438  +0.001345  -0.000952  0.062  0.000  0.472  T  d3
  1996    623.750  -0.000746  -0.000363  0.062  0.000  0.472  T  d1
  1997    624.062  +0.001201  -0.001177  0.078  0.000  0.472  T  d1
  1998    624.375  +0.000398  +0.000732  0.078  0.000  0.472  T  d3
  1999    624.688  +0.000688  -0.001211  0.078  0.000  0.472  T  d1
  2000    625.000  +0.001100  +0.001405  0.078  0.000  0.472  T  d3
  2001    625.312  +0.001296  -0.004377  0.078  0.000  0.472  T  d3
  2002    625.625  -0.006165  -0.001922  0.078  0.000  0.472  T  d3
  2003    625.938  -0.001245  +0.004319  0.078  0.000  0.472  T  d2
  2004    626.250  +0.001966  -0.001379  0.062  0.000  0.472  T  d2
  2005    626.562  -0.000653  +0.001863  0.062  0.000  0.472  T  d2
  2006    626.875  +0.003071  -0.002159  0.062  0.000  0.472  T  d3
  2007    627.188  -0.002937  -0.005910  0.062  0.000  0.472  T  d2
  2008    627.500  -0.002232  +0.007032  0.062  0.000  0.498  T  d3
  2009    627.812  +0.002077  -0.000431  0.062  0.000  0.498  T  d2
  2010    628.125  -0.001924  -0.000665  0.062  0.000  0.498  T  d2
  2011    628.438  +0.002690  +0.000066  0.062  0.000  0.498  T  d2
  2012    628.750  -0.004308  -0.001027  0.062  0.000  0.498  T  d3
  2013    629.062  +0.000199  +0.006045  0.062  0.000  0.498  T  d2
  2014    629.375  +0.001532  -0.005763  0.062  0.000  0.498  T  d2
  2015    629.688  -0.002506  +0.005908  0.062  0.000  0.498  T  d3
  2016    630.000  +0.003462  +0.000704  0.062  0.000  0.498  T  d2
  2017    630.312  -0.001619  -0.001127  0.062  0.000  0.498  T  d2
  2018    630.625  +0.001688  -0.000182  0.062  0.000  0.498  T  d3
  2019    630.938  -0.000162  -0.000360  0.062  0.000  0.498  T  d1
  2020    631.250  +0.001087  -0.000592  0.062  0.000  0.498  T  d1
  2021    631.562  +0.000391  +0.000162  0.062  0.000  0.498  T  d3
  2022    631.875  +0.000807  -0.000406  0.062  0.000  0.498  T  d0
  2023    632.188  +0.000792  +0.000176  0.062  0.000  0.498  T  d0
  2024    632.500  +0.000395  -0.000182  0.062  0.000  0.502  T  d0
  2025    632.812  +0.001413  +0.000387  0.062  0.000  0.502  T  d3
  2026    633.125  -0.000071  -0.000838  0.062  0.000  0.502  T  d1
  2027    633.438  +0.001858  +0.000980  0.062  0.000  0.502  T  d2
  2028    633.750  -0.002613  -0.003977  0.062  0.000  0.502  T  d0
  2029    634.062  -0.005798  -0.001258  0.078  0.000  0.502  T  d2
  2030    634.375  +0.001597  +0.001346  0.094  0.000  0.502  T  d2
  2031    634.688  -0.000660  -0.000122  0.094  0.000  0.502  T  d2
  2032    635.000  +0.001052  +0.001149  0.094  0.000  0.502  T  d1
  2033    635.312  -0.000931  +0.000193  0.094  0.000  0.502  T  d2
  2034    635.625  +0.001507  +0.000851  0.094  0.000  0.502  T  d2
  2035    635.938  -0.002001  -0.001060  0.094  0.000  0.502  T  d2
  2036    636.250  +0.004917  +0.004800  0.094  0.000  0.502  T  d3
  2037    636.562  +0.000918  -0.004370  0.094  0.000  0.502  T  d2
  2038    636.875  -0.001147  +0.003578  0.094  0.000  0.502  T  d2
  2039    637.188  +0.001269  -0.004641  0.094  0.000  0.502  T  d3
  2040    637.500  -0.006577  +0.001001  0.094  0.000  0.494  T  d2
  2041    637.812  +0.002568  -0.000135  0.094  0.000  0.494  T  d2
  2042    638.125  -0.001435  -0.000298  0.094  0.000  0.494  T  d2
  2043    638.438  +0.001581  -0.000748  0.094  0.000  0.494  T  d2
  2044    638.750  -0.001696  +0.000050  0.094  0.000  0.494  T  d2
  2045    639.062  +0.002098  -0.001462  0.109  0.000  0.494  T  d2
  2046    639.375  -0.002732  +0.001959  0.109  0.000  0.494  T  d3
  2047    639.688  +0.005083  +0.005443  0.109  0.000  0.494  T  d2
  2048    640.000  -0.001581  -0.006234  0.109  0.000  0.494  T  d3
  2049    640.312  -0.004244  +0.001775  0.109  0.000  0.494  T  d2
  2050    640.625  +0.002358  -0.000628  0.109  0.000  0.494  T  d2
  2051    640.938  -0.000929  +0.000759  0.109  0.000  0.494  T  d2
  2052    641.250  +0.000333  -0.000236  0.109  0.000  0.494  T  d2
  2053    641.562  -0.000353  +0.001558  0.109  0.000  0.494  T  d3
  2054    641.875  +0.000205  -0.000100  0.109  0.000  0.494  T  d1
  2055    642.188  +0.000047  +0.002141  0.094  0.000  0.494  T  d1
  2056    642.500  -0.001339  -0.000544  0.078  0.000  0.502  T  d3
  2057    642.812  +0.000777  +0.003492  0.062  0.000  0.502  T  d3
  2058    643.125  +0.004648  -0.004485  0.062  0.000  0.502  T  d2
  2059    643.438  -0.004196  +0.002462  0.062  0.000  0.502  T  d2
  2060    643.750  +0.003399  -0.001020  0.062  0.000  0.502  T  d0
  2061    644.062  +0.002745  -0.004085  0.047  0.000  0.502  T  d0
  2062    644.375  +0.000548  -0.003645  0.047  0.000  0.502  T  d2
  2063    644.688  -0.003923  +0.006099  0.047  0.000  0.502  T  d3
  2064    645.000  +0.003216  +0.002165  0.047  0.000  0.502  T  d2
  2065    645.312  -0.001892  -0.001271  0.047  0.000  0.502  T  d2
  2066    645.625  +0.002270  +0.001864  0.062  0.000  0.502  T  d3
  2067    645.938  +0.000806  -0.006020  0.062  0.000  0.502  T  d3
  2068    646.250  -0.005916  -0.002195  0.062  0.000  0.502  T  d3
  2069    646.562  +0.000150  +0.002208  0.062  0.000  0.502  T  d2
  2070    646.875  +0.000120  -0.001138  0.062  0.000  0.502  T  d2
  2071    647.188  +0.000490  +0.001550  0.062  0.000  0.502  T  d2
  2072    647.500  -0.000537  -0.002153  0.062  0.000  0.502  T  d2
  2073    647.812  +0.001813  +0.002202  0.062  0.000  0.502  T  d3
  2074    648.125  +0.005872  -0.004161  0.062  0.000  0.502  T  d3
  2075    648.438  -0.004880  -0.002176  0.062  0.000  0.502  T  d3
  2076    648.750  -0.003023  +0.002059  0.062  0.000  0.502  T  d0
  2077    649.062  -0.001707  +0.004014  0.062  0.000  0.502  T  d1
  2078    649.375  -0.005991  +0.000832  0.062  0.000  0.502  T  d3
  2079    649.688  +0.002341  +0.002310  0.062  0.000  0.502  T  d2
  2080    650.000  -0.000607  -0.003760  0.078  0.000  0.502  T  d2
  2081    650.312  +0.002221  +0.005615  0.094  0.000  0.502  T  d3
  2082    650.625  +0.003844  -0.001967  0.109  0.000  0.502  T  d2
  2083    650.938  -0.001098  +0.000692  0.109  0.000  0.502  T  d2
  2084    651.250  +0.001385  -0.001140  0.109  0.000  0.502  T  d3
  2085    651.562  -0.000495  -0.000177  0.109  0.000  0.502  T  d1
  2086    651.875  +0.000680  -0.000559  0.109  0.000  0.502  T  d1
  2087    652.188  +0.000115  +0.000362  0.109  0.000  0.502  T  d2
  2088    652.500  -0.000037  -0.000322  0.109  0.000  0.524  T  d2
  2089    652.812  +0.000340  +0.000292  0.109  0.000  0.524  T  d1
  2090    653.125  -0.000092  +0.000279  0.109  0.000  0.524  T  d3
  2091    653.438  +0.000217  +0.000092  0.125  0.000  0.524  T  d1
  2092    653.750  -0.000628  +0.000314  0.125  0.000  0.524  T  d1
  2093    654.062  -0.000695  -0.000441  0.109  0.000  0.524  T  d3
  2094    654.375  -0.000632  +0.001040  0.094  0.000  0.524  T  d1
  2095    654.688  -0.000476  -0.000530  0.094  0.000  0.524  T  d3
  2096    655.000  -0.000674  +0.001657  0.094  0.000  0.524  T  d2
  2097    655.312  +0.004603  -0.003625  0.094  0.000  0.524  T  d0
  2098    655.625  +0.002645  -0.003025  0.094  0.000  0.524  T  d2
  2099    655.938  -0.003660  +0.000619  0.094  0.000  0.524  T  d3
  2100    656.250  -0.000377  +0.007266  0.094  0.000  0.524  T  d2
  2101    656.562  +0.000766  -0.003999  0.094  0.000  0.524  T  d2
  2102    656.875  -0.001845  +0.004140  0.094  0.000  0.524  T  d2
  2103    657.188  +0.002903  -0.005660  0.094  0.000  0.524  T  d3
  2104    657.500  -0.003054  -0.000966  0.094  0.000  0.515  T  d2
  2105    657.812  +0.001239  +0.000937  0.094  0.000  0.515  T  d1
  2106    658.125  -0.001347  +0.000317  0.094  0.000  0.515  T  d2
  2107    658.438  +0.001166  +0.000451  0.094  0.000  0.515  T  d1
  2108    658.750  -0.000554  +0.000297  0.094  0.000  0.515  T  d3
  2109    659.062  +0.000074  +0.000132  0.078  0.000  0.515  T  d1
  2110    659.375  -0.000403  +0.000336  0.078  0.000  0.515  T  d3
  2111    659.688  +0.000170  +0.000082  0.078  0.000  0.515  T  d0
  2112    660.000  +0.000200  +0.000293  0.078  0.000  0.515  T  d0
  2113    660.312  +0.000062  +0.000034  0.078  0.000  0.515  T  d0
  2114    660.625  +0.000724  +0.000097  0.078  0.000  0.515  T  d1
  2115    660.938  +0.000339  +0.000472  0.078  0.000  0.515  T  d3
  2116    661.250  +0.001243  -0.000386  0.078  0.000  0.515  T  d1
  2117    661.562  -0.000319  +0.000609  0.078  0.000  0.515  T  d2
  2118    661.875  +0.003273  -0.001732  0.078  0.000  0.515  T  d3
  2119    662.188  -0.002378  -0.006139  0.078  0.000  0.515  T  d3
  2120    662.500  -0.003885  +0.002467  0.078  0.000  0.515  T  d2
  2121    662.812  +0.003122  -0.000052  0.078  0.000  0.515  T  d2
  2122    663.125  -0.000823  -0.000398  0.078  0.000  0.515  T  d0
  2123    663.438  -0.006330  +0.001054  0.078  0.000  0.515  T  d3
  2124    663.750  +0.000142  +0.003085  0.078  0.000  0.515  T  d3
  2125    664.062  +0.001288  -0.000828  0.078  0.000  0.515  T  d1
  2126    664.375  +0.000798  +0.002836  0.078  0.000  0.515  T  d2
  2127    664.688  -0.000256  -0.000929  0.078  0.000  0.515  T  d2
  2128    665.000  +0.000738  +0.004007  0.078  0.000  0.515  T  d3
  2129    665.312  +0.004489  -0.005599  0.078  0.000  0.515  T  d2
  2130    665.625  -0.002859  +0.001705  0.062  0.000  0.515  T  d2
  2131    665.938  +0.001440  -0.000711  0.062  0.000  0.515  T  d2
  2132    666.250  -0.001632  +0.001228  0.062  0.000  0.515  T  d2
  2133    666.562  +0.000957  -0.001241  0.062  0.000  0.515  T  d2
  2134    666.875  -0.002250  +0.002268  0.062  0.000  0.515  T  d2
  2135    667.188  +0.003530  -0.004514  0.062  0.000  0.515  T  d2
  2136    667.500  -0.000909  +0.002459  0.062  0.000  0.515  T  d3
  2137    667.812  +0.003275  +0.001287  0.062  0.000  0.515  T  d2
  2138    668.125  -0.002482  -0.001025  0.062  0.000  0.515  T  d2
  2139    668.438  +0.003579  +0.001465  0.062  0.000  0.515  T  d2
  2140    668.750  -0.004883  -0.004721  0.062  0.000  0.515  T  d3
  2141    669.062  -0.000964  +0.004895  0.062  0.000  0.515  T  d2
  2142    669.375  +0.002794  -0.004285  0.062  0.000  0.515  T  d3
  2143    669.688  -0.003619  -0.001935  0.062  0.000  0.515  T  d2
  2144    670.000  +0.002161  +0.001537  0.047  0.000  0.515  T  d1
  2145    670.312  -0.000680  +0.000234  0.031  0.000  0.515  T  d3
  2146    670.625  +0.000556  +0.001355  0.016  0.000  0.515  T  d1
  2147    670.938  -0.000353  -0.000136  0.016  0.000  0.515  T  d3
  2148    671.250  +0.000173  +0.000812  0.016  0.000  0.515  T  d1
  2149    671.562  -0.000456  +0.000245  0.016  0.000  0.515  T  d1
  2150    671.875  +0.000044  -0.000283  0.016  0.000  0.515  T  d3
  2151    672.188  -0.000553  +0.000229  0.031  0.000  0.515  T  d2
  2152    672.500  +0.000382  -0.000262  0.031  0.000  0.536  T  d3
  2153    672.812  -0.000154  -0.000366  0.031  0.000  0.536  T  d2
  2154    673.125  +0.000123  +0.000067  0.031  0.000  0.536  T  d3
  2155    673.438  +0.000972  -0.000422  0.016  0.000  0.536  T  d1
  2156    673.750  +0.000283  +0.000645  0.016  0.000  0.536  T  d3
  2157    674.062  +0.000491  -0.000476  0.031  0.000  0.536  T  d2
  2158    674.375  -0.000590  +0.001551  0.031  0.000  0.536  T  d2
  2159    674.688  +0.001128  -0.001265  0.031  0.000  0.536  T  d3
  2160    675.000  -0.007661  -0.000149  0.031  0.000  0.536  T  d2
  2161    675.312  +0.004828  +0.003478  0.031  0.000  0.536  T  d3
  2162    675.625  +0.003082  -0.005262  0.031  0.000  0.536  T  d2
  2163    675.938  -0.002055  +0.002666  0.031  0.000  0.536  T  d2
  2164    676.250  +0.000832  -0.001345  0.031  0.000  0.536  T  d2
  2165    676.562  -0.002531  +0.001128  0.031  0.000  0.536  T  d3
  2166    676.875  +0.003606  +0.005872  0.031  0.000  0.536  T  d2
  2167    677.188  +0.001389  -0.007142  0.031  0.000  0.536  T  d3
  2168    677.500  -0.003391  -0.001037  0.031  0.000  0.541  T  d2
  2169    677.812  +0.001867  +0.000314  0.031  0.000  0.541  T  d2
  2170    678.125  -0.001856  -0.001090  0.031  0.000  0.541  T  d2
  2171    678.438  +0.002876  -0.000475  0.031  0.000  0.541  T  d2
  2172    678.750  -0.003888  -0.000994  0.031  0.000  0.541  T  d3
  2173    679.062  +0.000351  +0.006418  0.047  0.000  0.541  T  d2
  2174    679.375  +0.001638  -0.004813  0.047  0.000  0.541  T  d3
  2175    679.688  -0.006190  +0.002857  0.047  0.000  0.541  T  d2
  2176    680.000  +0.002583  +0.000591  0.047  0.000  0.541  T  d2
  2177    680.312  -0.001202  +0.000024  0.047  0.000  0.541  T  d2
  2178    680.625  +0.001297  +0.000913  0.047  0.000  0.541  T  d1
  2179    680.938  -0.000476  +0.000663  0.047  0.000  0.541  T  d3
  2180    681.250  +0.000804  +0.000340  0.047  0.000  0.541  T  d1
  2181    681.562  -0.001551  +0.000887  0.047  0.000  0.541  T  d2
  2182    681.875  +0.004988  +0.000791  0.047  0.000  0.541  T  d0
  2183    682.188  +0.005028  -0.002718  0.047  0.000  0.541  T  d2
  2184    682.500  -0.001689  +0.000267  0.047  0.000  0.515  T  d2
  2185    682.812  +0.000519  -0.000051  0.047  0.000  0.515  T  d2
  2186    683.125  -0.000936  -0.000720  0.047  0.000  0.515  T  d2
  2187    683.438  +0.001989  +0.000665  0.047  0.000  0.515  T  d2
  2188    683.750  -0.002521  -0.003900  0.047  0.000  0.515  T  d0
  2189    684.062  -0.005386  -0.001718  0.062  0.000  0.515  T  d2
  2190    684.375  +0.001920  +0.002028  0.062  0.000  0.515  T  d3
  2191    684.688  +0.000304  -0.000917  0.062  0.000  0.515  T  d2
  2192    685.000  +0.001307  +0.003136  0.062  0.000  0.515  T  d2
  2193    685.312  +0.000911  -0.004700  0.062  0.000  0.515  T  d3
  2194    685.625  -0.004167  +0.001473  0.062  0.000  0.515  T  d2
  2195    685.938  +0.005486  +0.000792  0.062  0.000  0.515  T  d2
  2196    686.250  -0.006723  -0.002297  0.062  0.000  0.515  T  d3
  2197    686.562  +0.000596  +0.003155  0.062  0.000  0.515  T  d2
  2198    686.875  +0.000319  -0.000749  0.062  0.000  0.515  T  d2
  2199    687.188  +0.000203  +0.001371  0.062  0.000  0.515  T  d2
  2200    687.500  -0.000024  -0.000195  0.062  0.000  0.536  T  d2
  2201    687.812  +0.000412  +0.000846  0.062  0.000  0.536  T  d1
  2202    688.125  -0.000225  -0.000017  0.062  0.000  0.536  T  d2
  2203    688.438  +0.000448  +0.000238  0.062  0.000  0.536  T  d3
  2204    688.750  +0.000152  -0.000048  0.062  0.000  0.536  T  d0
  2205    689.062  +0.000380  -0.000133  0.062  0.000  0.536  T  d2
  2206    689.375  -0.000183  +0.000178  0.062  0.000  0.536  T  d2
  2207    689.688  +0.000143  -0.000051  0.062  0.000  0.536  T  d2
  2208    690.000  -0.000292  +0.000242  0.062  0.000  0.536  T  d3
  2209    690.312  +0.000549  +0.000077  0.062  0.000  0.536  T  d3
  2210    690.625  +0.000160  -0.000291  0.062  0.000  0.536  T  d3
  2211    690.938  -0.000132  -0.000271  0.062  0.000  0.536  T  d2
  2212    691.250  +0.000107  +0.000174  0.062  0.000  0.536  T  d2
  2213    691.562  +0.000026  -0.000128  0.062  0.000  0.536  T  d2
  2214    691.875  -0.000242  +0.000586  0.062  0.000  0.536  T  d1
  2215    692.188  -0.000267  +0.000057  0.047  0.000  0.536  T  d3
  2216    692.500  +0.000240  +0.000432  0.062  0.000  0.524  T  d2
  2217    692.812  -0.000036  -0.000221  0.078  0.000  0.524  T  d1
  2218    693.125  +0.000597  +0.000210  0.078  0.000  0.524  T  d3
  2219    693.438  +0.000094  -0.000279  0.078  0.000  0.524  T  d1
  2220    693.750  +0.000901  -0.000058  0.078  0.000  0.524  T  d0
  2221    694.062  +0.000244  -0.000226  0.062  0.000  0.524  T  d1
  2222    694.375  +0.000656  +0.000639  0.062  0.000  0.524  T  d3
  2223    694.688  +0.000513  -0.000347  0.062  0.000  0.524  T  d1
  2224    695.000  +0.001012  +0.001141  0.062  0.000  0.524  T  d3
  2225    695.312  +0.000737  -0.003170  0.062  0.000  0.524  T  d3
  2226    695.625  -0.004483  -0.005360  0.062  0.000  0.524  T  d2
  2227    695.938  -0.000221  +0.002566  0.062  0.000  0.524  T  d3
  2228    696.250  +0.001010  -0.000095  0.062  0.000  0.524  T  d1
  2229    696.562  -0.000867  +0.002451  0.062  0.000  0.524  T  d3
  2230    696.875  +0.001805  -0.000058  0.062  0.000  0.524  T  d2
  2231    697.188  -0.006808  +0.001107  0.062  0.000  0.524  T  d3
  2232    697.500  +0.001424  +0.003903  0.062  0.000  0.511  T  d3
  2233    697.812  +0.003288  -0.005070  0.062  0.000  0.511  T  d3
  2234    698.125  -0.004420  +0.000625  0.062  0.000  0.511  T  d2
  2235    698.438  +0.004537  +0.002591  0.062  0.000  0.511  T  d3
  2236    698.750  +0.001040  -0.003410  0.062  0.000  0.511  T  d2
  2237    699.062  -0.003115  +0.002596  0.047  0.000  0.511  T  d3
  2238    699.375  +0.002995  +0.004215  0.047  0.000  0.511  T  d3
  2239    699.688  +0.004869  -0.002853  0.047  0.000  0.511  T  d3
  2240    700.000  -0.002900  -0.002099  0.047  0.000  0.511  T  d2
  2241    700.312  +0.001981  +0.000408  0.047  0.000  0.511  T  d2
  2242    700.625  -0.003990  -0.004051  0.047  0.000  0.511  T  d3
  2243    700.938  -0.003249  +0.003596  0.047  0.000  0.511  T  d2
  2244    701.250  +0.002366  -0.003504  0.047  0.000  0.511  T  d2
  2245    701.562  -0.000884  +0.000879  0.047  0.000  0.511  T  d2
  2246    701.875  +0.001585  -0.002850  0.047  0.000  0.511  T  d2
  2247    702.188  -0.002391  +0.003393  0.047  0.000  0.511  T  d0
  2248    702.500  -0.000334  +0.005551  0.047  0.000  0.515  T  d0
  2249    702.812  +0.001106  +0.001519  0.047  0.000  0.515  T  d2
  2250    703.125  -0.000216  -0.006932  0.047  0.000  0.515  T  d3
  2251    703.438  -0.004622  +0.001428  0.047  0.000  0.515  T  d2
  2252    703.750  +0.007341  +0.002492  0.047  0.000  0.515  T  d3
  2253    704.062  -0.000318  -0.002117  0.031  0.000  0.515  T  d2
  2254    704.375  -0.000020  +0.001396  0.031  0.000  0.515  T  d2
  2255    704.688  -0.000519  -0.001197  0.031  0.000  0.515  T  d2
  2256    705.000  -0.000217  +0.001465  0.031  0.000  0.515  T  d2
  2257    705.312  -0.000575  -0.002204  0.031  0.000  0.515  T  d2
  2258    705.625  -0.001375  +0.006628  0.031  0.000  0.515  T  d3
  2259    705.938  +0.004991  -0.001613  0.031  0.000  0.515  T  d3
  2260    706.250  -0.002482  -0.005675  0.047  0.000  0.515  T  d2
  2261    706.562  +0.000896  +0.001646  0.062  0.000  0.515  T  d2
  2262    706.875  -0.000512  -0.001115  0.078  0.246  0.515  P  d2
  2263    707.188  +0.000611  +0.000747  0.078  0.246  0.515  P  d2
  2264    707.500  -0.000572  -0.000489  0.078  0.246  0.494  P  d2
  2265    707.812  +0.001434  +0.000134  0.078  0.246  0.494  P  d2
  2266    708.125  -0.000747  -0.000886  0.078  0.246  0.494  P  d2
  2267    708.438  +0.002831  +0.000928  0.078  0.246  0.494  P  d2
  2268    708.750  -0.004484  -0.004255  0.078  0.246  0.494  P  d3
  2269    709.062  -0.000508  +0.004498  0.078  0.246  0.494  P  d2
  2270    709.375  +0.002756  -0.002932  0.078  0.246  0.494  P  d2
  2271    709.688  -0.007173  +0.002662  0.078  0.246  0.494  P  d2
  2272    710.000  +0.003776  +0.000920  0.078  0.246  0.494  P  d2
  2273    710.312  -0.001887  -0.000192  0.078  0.246  0.494  P  d2
  2274    710.625  +0.003350  +0.000732  0.078  0.419  0.494  P  d2
  2275    710.938  -0.002783  +0.000756  0.078  0.419  0.494  P  d2
  2276    711.250  +0.004869  +0.000161  0.078  0.419  0.494  P  d3
  2277    711.562  -0.000307  -0.005656  0.078  0.419  0.494  P  d2
  2278    711.875  +0.000892  +0.003698  0.078  0.419  0.494  P  d2
  2279    712.188  +0.000407  -0.003659  0.078  0.419  0.494  P  d3
  2280    712.500  -0.005139  -0.000113  0.062  0.419  0.459  P  d3
  2281    712.812  +0.003035  +0.005065  0.047  0.419  0.459  P  d3
  2282    713.125  +0.000609  -0.001609  0.047  0.419  0.459  P  d3
  2283    713.438  -0.004945  -0.002461  0.047  0.419  0.459  P  d3
  2284    713.750  -0.000394  +0.003207  0.047  0.419  0.459  P  d3
  2285    714.062  +0.002793  -0.000595  0.047  0.419  0.459  P  d1
  2286    714.375  -0.000631  +0.002242  0.047  0.441  0.459  P  d3
  2287    714.688  +0.005152  -0.002265  0.062  0.441  0.459  P  d3
  2288    715.000  -0.003559  -0.004979  0.078  0.441  0.459  P  d3
  2289    715.312  -0.002391  +0.002517  0.094  0.441  0.459  P  d3
  2290    715.625  +0.000908  +0.000508  0.094  0.441  0.459  P  d1
  2291    715.938  +0.000062  +0.001213  0.094  0.441  0.459  P  d0
  2292    716.250  -0.000170  +0.000621  0.109  0.441  0.459  P  d0
  2293    716.562  +0.000042  +0.000292  0.125  0.441  0.459  P  d0
  2294    716.875  -0.000170  +0.000625  0.141  0.441  0.459  P  d1
  2295    717.188  -0.000472  -0.000302  0.156  0.441  0.459  P  d3
  2296    717.500  -0.000642  +0.000530  0.172  0.441  0.468  P  d2
  2297    717.812  +0.000189  -0.001055  0.188  0.441  0.468  P  d2
  2298    718.125  -0.000275  +0.000474  0.203  0.430  0.468  P  d2
  2299    718.438  +0.000321  -0.000963  0.219  0.430  0.468  P  d1
  2300    718.750  +0.000783  +0.001249  0.219  0.430  0.468  P  d3
  2301    719.062  +0.000623  -0.001247  0.219  0.430  0.468  P  d1
  2302    719.375  +0.001128  +0.002224  0.219  0.430  0.468  P  d3
  2303    719.688  +0.001377  -0.002099  0.234  0.430  0.468  P  d3
  2304    720.000  -0.005625  +0.001150  0.250  0.430  0.468  P  d3
  2305    720.312  +0.004182  +0.002894  0.266  0.430  0.468  P  d2
  2306    720.625  -0.002737  -0.001580  0.281  0.430  0.468  P  d3
  2307    720.938  -0.003698  +0.006615  0.297  0.430  0.468  P  d2
  2308    721.250  +0.003415  -0.001746  0.312  0.430  0.468  P  d2
  2309    721.562  -0.003168  +0.003937  0.328  0.430  0.468  P  d2
  2310    721.875  +0.007741  -0.001613  0.344  0.394  0.468  P  d3
  2311    722.188  -0.001621  -0.001864  0.359  0.394  0.468  P  d2
  2312    722.500  +0.002066  +0.002036  0.375  0.394  0.506  P  d3
  2313    722.812  +0.005950  -0.005533  0.375  0.394  0.506  P  d3
  2314    723.125  -0.001492  -0.002098  0.391  0.394  0.506  P  d2
  2315    723.438  +0.003891  +0.006640  0.406  0.394  0.506  P  d3
  2316    723.750  +0.005803  -0.003924  0.422  0.394  0.506  P  d3
  2317    724.062  -0.001582  -0.002752  0.438  0.394  0.506  P  d1
  2318    724.375  +0.003710  +0.000538  0.453  0.394  0.506  P  d0
  2319    724.688  +0.003993  -0.000574  0.469  0.394  0.506  P  d0
  2320    725.000  +0.001548  -0.000322  0.484  0.394  0.506  P  d0
  2321    725.312  +0.003312  -0.001919  0.484  0.394  0.506  P  d2
  2322    725.625  -0.000514  +0.000021  0.484  0.349  0.506  P  d1
  2323    725.938  -0.001022  -0.006400  0.500  0.349  0.506  P  d0
  2324    726.250  -0.006383  -0.006268  0.484  0.349  0.506  P  d0
  2325    726.562  -0.000940  -0.007250  0.469  0.349  0.506  P  d0
  2326    726.875  -0.004331  -0.007272  0.453  0.349  0.506  P  d0
  2327    727.188  -0.004654  -0.010678  0.453  0.349  0.506  P  d0
  2328    727.500  +0.001000  -0.014333  0.453  0.349  0.502  P  d0
  2329    727.812  -0.007496  -0.014156  0.453  0.349  0.502  P  d0
  2330    728.125  +0.000786  -0.008418  0.453  0.349  0.502  P  d0
  2331    728.438  -0.007426  -0.010291  0.453  0.349  0.502  P  d1
  2332    728.750  +0.001283  -0.003718  0.453  0.349  0.502  P  d3
  2333    729.062  -0.015529  -0.007554  0.453  0.349  0.502  P  d3
  2334    729.375  -0.006536  +0.008610  0.453  0.334  0.502  P  d0
  2335    729.688  -0.019975  +0.004531  0.453  0.334  0.502  P  d0
  2336    730.000  -0.016561  +0.015693  0.453  0.334  0.502  P  d0
  2337    730.312  -0.035581  +0.012398  0.453  0.334  0.502  P  d0
  2338    730.625  -0.035119  +0.021419  0.469  0.334  0.502  P  d0
  2339    730.938  -0.041471  +0.017856  0.469  0.334  0.502  P  d0
  2340    731.250  -0.043711  +0.012957  0.469  0.334  0.502  P  d0
  2341    731.562  -0.042279  +0.026091  0.469  0.334  0.502  P  d0
  2342    731.875  -0.034154  +0.005110  0.469  0.334  0.502  P  d0
  2343    732.188  -0.021126  +0.026200  0.469  0.334  0.502  P  d0
  2344    732.500  -0.007739  +0.015649  0.469  0.334  0.515  P  d3
  2345    732.812  +0.019228  +0.045435  0.469  0.334  0.515  P  d0
  2346    733.125  +0.039896  +0.047077  0.469  0.332  0.515  P  d0
  2347    733.438  +0.059198  +0.083952  0.469  0.332  0.515  P  d0
  2348    733.750  +0.073900  +0.113020  0.469  0.332  0.515  P  d0
  2349    734.062  +0.093610  +0.164269  0.469  0.332  0.515  P  d0
  2350    734.375  +0.101200  +0.184886  0.469  0.332  0.515  P  d0
  2351    734.688  +0.071107  +0.219681  0.453  0.332  0.515  P  d0
  2352    735.000  +0.139219  +0.281382  0.453  0.332  0.515  P  d1
  2353    735.312  -0.132216  +0.274976  0.438  0.332  0.515  P  d3
  2354    735.625  +0.710444  -0.178769  0.438  0.332  0.515  P  d0
  2355    735.938  +1.830373  -1.118803  0.438  0.332  0.515  P  d3
  2356    736.250  -0.162875  -2.049281  0.438  0.332  0.515  P  d3
  2357    736.562  -1.899266  -1.047568  0.422  0.332  0.515  P  d3
  2358    736.875  -2.149292  +0.846577  0.406  0.329  0.515  P  d3
  2359    737.188  -0.778891  +2.237367  0.391  0.329  0.515  P  d3
  2360    737.500  +1.283457  +1.918030  0.391  0.329  0.524  P  d3
  2361    737.812  +2.290794  +0.160455  0.375  0.329  0.524  P  d3
  2362    738.125  +1.707667  -1.743264  0.359  0.329  0.524  P  d3
  2363    738.438  -0.310907  -2.295575  0.359  0.329  0.524  P  d3
  2364    738.750  -1.603071  -1.177598  0.359  0.329  0.524  P  d3
  2365    739.062  -2.139262  +0.966981  0.359  0.329  0.524  P  d3
  2366    739.375  +0.646204  +1.636570  0.359  0.329  0.524  P  d2
  2367    739.688  +0.342158  -1.597510  0.359  0.329  0.524  P  d3
  2368    740.000  -2.442897  +0.026025  0.344  0.329  0.524  P  d3
  2369    740.312  -0.738066  +1.830332  0.328  0.329  0.524  P  d0
  2370    740.625  +0.782983  +2.097507  0.312  0.324  0.524  P  d3
  2371    740.938  +2.450734  +0.728761  0.312  0.324  0.524  P  d3
  2372    741.250  +1.958911  -1.295384  0.297  0.324  0.524  P  d3
  2373    741.562  +0.300756  -2.296174  0.281  0.324  0.524  P  d3
  2374    741.875  -1.659586  -1.563535  0.266  0.324  0.524  P  d3
  2375    742.188  -2.186474  +0.384139  0.250  0.324  0.524  P  d3
  2376    742.500  -1.067086  +1.887240  0.234  0.324  0.515  P  d3
  2377    742.812  +1.034222  +2.075693  0.234  0.324  0.515  P  d3
  2378    743.125  +1.912348  -0.054635  0.219  0.324  0.515  P  d3
  2379    743.438  +0.029898  -0.896460  0.203  0.324  0.515  P  d3
  2380    743.750  -0.131928  +0.115869  0.188  0.324  0.515  P  d1
  2381    744.062  +0.017936  -0.320187  0.172  0.324  0.515  P  d3
  2382    744.375  -0.255204  +0.024725  0.156  0.322  0.515  P  d2
  2383    744.688  +0.514903  -0.615622  0.141  0.322  0.515  P  d0
  2384    745.000  +0.673124  -0.792736  0.125  0.322  0.515  P  d2
  2385    745.312  -0.212902  +0.040525  0.125  0.322  0.515  P  d2
  2386    745.625  +0.174786  -0.204006  0.141  0.322  0.515  P  d2
  2387    745.938  -0.876071  +0.859464  0.125  0.322  0.515  P  d0
  2388    746.250  -0.089298  +0.246924  0.125  0.322  0.515  P  d2
  2389    746.562  +0.008027  -0.167473  0.125  0.322  0.515  P  d2
  2390    746.875  +0.072948  +0.160010  0.125  0.322  0.515  P  d2
  2391    747.188  -0.905342  -0.817789  0.125  0.322  0.515  P  d0
  2392    747.500  -0.290470  -0.080264  0.125  0.322  0.536  P  d1
  2393    747.812  +0.037543  -0.036837  0.125  0.322  0.536  P  d1
  2394    748.125  +0.188991  +0.233014  0.125  0.321  0.536  P  d0
  2395    748.438  +1.091621  +0.585367  0.125  0.321  0.536  P  d2
  2396    748.750  -0.176624  -0.040902  0.125  0.321  0.536  P  d2
  2397    749.062  +0.198751  -0.035650  0.125  0.321  0.536  P  d1
  2398    749.375  -0.153506  +0.322506  0.141  0.321  0.536  P  d0
  2399    749.688  -0.492620  +1.130250  0.156  0.321  0.536  P  d3
  2400    750.000  +0.245720  +0.023954  0.172  0.321  0.536  P  d1
  2401    750.312  -0.067591  +0.183374  0.188  0.321  0.536  P  d3
  2402    750.625  +0.784529  -0.304079  0.188  0.321  0.536  P  d0
  2403    750.938  +1.913737  -1.176146  0.188  0.321  0.536  P  d3
  2404    751.250  -0.065578  -2.084010  0.188  0.321  0.536  P  d3
  2405    751.562  -1.842741  -1.077724  0.188  0.321  0.536  P  d3
  2406    751.875  -2.091036  +0.838242  0.203  0.317  0.536  P  d3
  2407    752.188  -0.733459  +2.236835  0.219  0.317  0.536  P  d3
  2408    752.500  +1.308972  +1.921065  0.234  0.317  0.605  P  d3
  2409    752.812  +2.302285  +0.160938  0.250  0.317  0.605  P  d3
  2410    753.125  +1.698226  -1.740817  0.266  0.317  0.605  P  d3
  2411    753.438  -0.323634  -2.296520  0.266  0.317  0.605  P  d3
  2412    753.750  -1.620171  -1.172922  0.266  0.317  0.605  P  d3
  2413    754.062  -2.148492  +0.962816  0.266  0.317  0.605  P  d3
  2414    754.375  +0.638678  +1.632000  0.281  0.317  0.605  P  d2
  2415    754.688  +0.328747  -1.610742  0.297  0.317  0.605  P  d3
  2416    755.000  -2.447296  +0.028112  0.281  0.317  0.605  P  d3
  2417    755.312  -0.743459  +1.823640  0.281  0.317  0.605  P  d0
  2418    755.625  +0.785281  +2.092225  0.281  0.312  0.605  P  d3
  2419    755.938  +2.442001  +0.716894  0.297  0.312  0.605  P  d3
  2420    756.250  +1.951523  -1.308537  0.281  0.312  0.605  P  d3
  2421    756.562  +0.284614  -2.308170  0.281  0.312  0.605  P  d3
  2422    756.875  -1.667400  -1.580810  0.281  0.312  0.605  P  d3
  2423    757.188  -2.192569  +0.366025  0.281  0.312  0.605  P  d3
  2424    757.500  -1.057049  +1.854758  0.266  0.312  0.562  P  d3
  2425    757.812  +1.043400  +2.044000  0.266  0.312  0.562  P  d3
  2426    758.125  +1.942206  -0.102150  0.266  0.312  0.562  P  d3
  2427    758.438  +0.042189  -0.917432  0.250  0.312  0.562  P  d2
  2428    758.750  -0.059907  +0.074177  0.250  0.312  0.562  P  d2
  2429    759.062  -0.016356  -0.317067  0.250  0.312  0.562  P  d0
  2430    759.375  -0.035560  -0.063754  0.250  0.307  0.562  P  d0
  2431    759.688  +0.022458  -0.222513  0.234  0.307  0.562  P  d0
  2432    760.000  +0.047375  -0.112402  0.234  0.307  0.562  P  d0
  2433    760.312  -0.015968  -0.107124  0.234  0.307  0.562  P  d0
  2434    760.625  +0.030061  -0.059099  0.250  0.307  0.562  P  d3
  2435    760.938  -0.059166  -0.005291  0.234  0.307  0.562  P  d1
  2436    761.250  +0.001924  -0.008441  0.234  0.307  0.562  P  d3
  2437    761.562  -0.026709  -0.017641  0.234  0.307  0.562  P  d0
  2438    761.875  -0.010739  -0.003315  0.234  0.307  0.562  P  d0
  2439    762.188  -0.084990  -0.037031  0.234  0.307  0.562  P  d0
  2440    762.500  -0.043674  -0.010885  0.234  0.307  0.562  P  d0
  2441    762.812  -0.035999  +0.009985  0.234  0.307  0.562  P  d0
  2442    763.125  -0.017349  +0.006550  0.234  0.304  0.562  P  d3
  2443    763.438  +0.030517  +0.034152  0.234  0.304  0.562  P  d2
  2444    763.750  -0.027607  -0.011126  0.234  0.304  0.562  P  d3
  2445    764.062  -0.007410  +0.004371  0.234  0.304  0.562  P  d0
  2446    764.375  -0.019973  +0.010684  0.234  0.304  0.562  P  d0
  2447    764.688  -0.036325  +0.068869  0.234  0.304  0.562  P  d3
  2448    765.000  +0.007969  +0.003304  0.250  0.304  0.562  P  d1
  2449    765.312  +0.004412  +0.017034  0.250  0.304  0.562  P  d3
  2450    765.625  +0.034652  -0.010035  0.234  0.304  0.562  P  d0
  2451    765.938  +0.104583  -0.054238  0.234  0.304  0.562  P  d3
  2452    766.250  -0.008535  -0.097648  0.250  0.304  0.562  P  d3
  2453    766.562  -0.091156  -0.048610  0.250  0.304  0.562  P  d3
  2454    766.875  -0.114291  +0.053869  0.250  0.331  0.562  P  d3
  2455    767.188  -0.029662  +0.119583  0.250  0.331  0.562  P  d3
  2456    767.500  +0.071104  +0.110520  0.266  0.331  0.592  P  d3
  2457    767.812  +0.120961  +0.007866  0.266  0.331  0.592  P  d3
  2458    768.125  +0.085392  -0.090920  0.266  0.331  0.592  P  d3
  2459    768.438  -0.016471  -0.122269  0.281  0.331  0.592  P  d3
  2460    768.750  -0.085961  -0.053849  0.281  0.331  0.592  P  d3
  2461    769.062  -0.111580  +0.048302  0.281  0.331  0.592  P  d3
  2462    769.375  +0.037274  +0.087382  0.266  0.331  0.592  P  d2
  2463    769.688  +0.014030  -0.089659  0.266  0.331  0.592  P  d3
  2464    770.000  -0.125624  +0.002099  0.250  0.331  0.592  P  d3
  2465    770.312  -0.032222  +0.095514  0.234  0.331  0.592  P  d0
  2466    770.625  +0.045087  +0.109776  0.219  0.375  0.592  P  d3
  2467    770.938  +0.128182  +0.039868  0.234  0.375  0.592  P  d3
  2468    771.250  +0.104571  -0.069601  0.234  0.375  0.592  P  d3
  2469    771.562  +0.011688  -0.120939  0.234  0.375  0.592  P  d3
  2470    771.875  -0.084431  -0.081816  0.219  0.375  0.592  P  d3
  2471    772.188  -0.112317  +0.024412  0.203  0.375  0.592  P  d3
  2472    772.500  -0.052049  +0.095633  0.188  0.375  0.541  P  d3
  2473    772.812  +0.051770  +0.107552  0.172  0.375  0.541  P  d3
  2474    773.125  +0.099210  -0.006202  0.156  0.375  0.541  P  d3
  2475    773.438  +0.000214  -0.047104  0.156  0.375  0.541  P  d3
  2476    773.750  -0.007059  +0.006153  0.156  0.375  0.541  P  d1
  2477    774.062  -0.000005  -0.016332  0.156  0.375  0.541  P  d3
  2478    774.375  -0.015005  +0.001551  0.141  0.399  0.541  P  d2
  2479    774.688  +0.028051  -0.034172  0.125  0.399  0.541  P  d0
  2480    775.000  +0.034026  -0.040448  0.125  0.399  0.541  P  d2
  2481    775.312  -0.008945  +0.004029  0.125  0.399  0.541  P  d2
  2482    775.625  +0.005300  -0.012994  0.141  0.399  0.541  P  d2
  2483    775.938  -0.040297  +0.046149  0.125  0.399  0.541  P  d0
  2484    776.250  -0.004431  +0.009956  0.125  0.399  0.541  P  d2
  2485    776.562  -0.000137  -0.007143  0.125  0.399  0.541  P  d2
  2486    776.875  +0.004111  +0.006724  0.125  0.399  0.541  P  d2
  2487    777.188  -0.053359  -0.041728  0.125  0.399  0.541  P  d0
  2488    777.500  -0.015177  -0.002889  0.125  0.399  0.558  P  d1
  2489    777.812  +0.002585  -0.002746  0.125  0.399  0.558  P  d1
  2490    778.125  +0.009479  +0.012127  0.125  0.409  0.558  P  d0
  2491    778.438  +0.057833  +0.031675  0.125  0.409  0.558  P  d2
  2492    778.750  -0.008081  -0.002342  0.125  0.409  0.558  P  d2
  2493    779.062  +0.009446  -0.000462  0.125  0.409  0.558  P  d1
  2494    779.375  -0.006212  +0.015714  0.125  0.409  0.558  P  d0
  2495    779.688  -0.027217  +0.059371  0.125  0.409  0.558  P  d3
  2496    780.000  +0.015562  +0.001936  0.141  0.409  0.558  P  d1
  2497    780.312  -0.005387  +0.009404  0.141  0.409  0.558  P  d2
  2498    780.625  +0.042353  -0.014273  0.125  0.409  0.558  P  d0
  2499    780.938  +0.097306  -0.067225  0.125  0.409  0.558  P  d3
  2500    781.250  -0.003400  -0.108886  0.141  0.409  0.558  P  d3
  2501    781.562  -0.094474  -0.052251  0.141  0.409  0.558  P  d3
  2502    781.875  -0.110941  +0.045580  0.141  0.311  0.558  P  d3
  2503    782.188  -0.034746  +0.114611  0.141  0.311  0.558  P  d3
  2504    782.500  +0.072392  +0.098733  0.156  0.311  0.592  P  d3
  2505    782.812  +0.119992  +0.009390  0.156  0.311  0.592  P  d3
  2506    783.125  +0.083227  -0.093129  0.156  0.311  0.592  P  d3
  2507    783.438  -0.018924  -0.120215  0.172  0.311  0.592  P  d3
  2508    783.750  -0.086193  -0.061999  0.172  0.311  0.592  P  d3
  2509    784.062  -0.111834  +0.051224  0.172  0.311  0.592  P  d3
  2510    784.375  +0.031905  +0.083980  0.172  0.311  0.592  P  d2
  2511    784.688  +0.012993  -0.084157  0.188  0.311  0.592  P  d3
  2512    785.000  -0.127864  +0.003990  0.172  0.311  0.592  P  d3
  2513    785.312  -0.031815  +0.097777  0.172  0.311  0.592  P  d0
  2514    785.625  +0.042871  +0.108198  0.172  0.133  0.592  P  d3
  2515    785.938  +0.129317  +0.036890  0.188  0.133  0.592  P  d3
  2516    786.250  +0.100432  -0.071158  0.172  0.133  0.592  P  d3
  2517    786.562  +0.009881  -0.122604  0.172  0.133  0.592  P  d3
  2518    786.875  -0.086562  -0.079256  0.172  0.133  0.592  P  d3
  2519    787.188  -0.113712  +0.027502  0.172  0.133  0.592  P  d3
  2520    787.500  -0.052939  +0.100962  0.156  0.133  0.584  P  d3
  2521    787.812  +0.055736  +0.104481  0.156  0.133  0.584  P  d3
  2522    788.125  +0.099078  -0.005874  0.156  0.133  0.584  P  d3
  2523    788.438  +0.000152  -0.047635  0.141  0.133  0.584  P  d2
  2524    788.750  -0.006403  +0.008088  0.141  0.133  0.584  P  d2
  2525    789.062  -0.000267  -0.016923  0.141  0.133  0.584  P  d3
  2526    789.375  -0.014035  +0.003141  0.141  0.072  0.584  T  d2
  2527    789.688  +0.027430  -0.035236  0.125  0.072  0.584  T  d0
  2528    790.000  +0.034285  -0.040074  0.125  0.072  0.584  T  d2
  2529    790.312  -0.009557  +0.003949  0.125  0.072  0.584  T  d2
  2530    790.625  +0.006216  -0.012275  0.141  0.072  0.584  T  d2
  2531    790.938  -0.040330  +0.046708  0.125  0.072  0.584  T  d0
  2532    791.250  -0.002921  +0.009201  0.125  0.072  0.584  T  d2
  2533    791.562  -0.000541  -0.006601  0.125  0.072  0.584  T  d2
  2534    791.875  +0.005419  +0.005906  0.125  0.072  0.584  T  d2
  2535    792.188  -0.054307  -0.040305  0.125  0.072  0.584  T  d0
  2536    792.500  -0.014650  -0.003675  0.125  0.072  0.584  T  d1
  2537    792.812  +0.001774  -0.002058  0.125  0.072  0.584  T  d1
  2538    793.125  +0.009749  +0.011722  0.125  0.065  0.584  T  d0
  2539    793.438  +0.058601  +0.031248  0.125  0.065  0.584  T  d2
  2540    793.750  -0.008379  -0.002588  0.125  0.065  0.584  T  d2
  2541    794.062  +0.009551  -0.000031  0.125  0.065  0.584  T  d1
  2542    794.375  -0.006145  +0.015235  0.125  0.065  0.584  T  d0
  2543    794.688  -0.026040  +0.059754  0.125  0.065  0.584  T  d3
  2544    795.000  +0.014349  +0.000909  0.141  0.065  0.584  T  d1
  2545    795.312  -0.005166  +0.008758  0.141  0.065  0.584  T  d2
  2546    795.625  +0.042503  -0.016654  0.125  0.065  0.584  T  d0
  2547    795.938  +0.097299  -0.069327  0.125  0.065  0.584  T  d3
  2548    796.250  -0.003812  -0.108972  0.141  0.065  0.584  T  d3
  2549    796.562  -0.093287  -0.051710  0.141  0.065  0.584  T  d3
  2550    796.875  -0.109682  +0.047206  0.141  0.116  0.584  T  d3
  2551    797.188  -0.033088  +0.115599  0.141  0.116  0.584  T  d3
  2552    797.500  +0.073385  +0.099283  0.156  0.116  0.601  T  d3
  2553    797.812  +0.119548  +0.009433  0.156  0.116  0.601  T  d3
  2554    798.125  +0.080001  -0.093048  0.156  0.116  0.601  T  d3
  2555    798.438  -0.022728  -0.120042  0.172  0.116  0.601  T  d3
  2556    798.750  -0.090610  -0.061396  0.172  0.116  0.601  T  d3
  2557    799.062  -0.115307  +0.051450  0.172  0.116  0.601  T  d3
  2558    799.375  +0.029182  +0.081485  0.172  0.116  0.601  T  d2
  2559    799.688  +0.009325  -0.087512  0.188  0.116  0.601  T  d3
  2560    800.000  -0.129490  +0.002276  0.172  0.116  0.601  T  d3
  2561    800.312  -0.030248  +0.094797  0.172  0.116  0.601  T  d0
  2562    800.625  +0.045871  +0.105776  0.172  0.169  0.601  P  d3
  2563    800.938  +0.133500  +0.035008  0.188  0.169  0.601  P  d3
  2564    801.250  +0.104588  -0.069577  0.172  0.169  0.601  P  d3
  2565    801.562  +0.014257  -0.116764  0.172  0.169  0.601  P  d3
  2566    801.875  -0.083630  -0.067904  0.172  0.169  0.601  P  d3
  2567    802.188  -0.110611  +0.041411  0.172  0.169  0.601  P  d3
  2568    802.500  -0.054097  +0.119721  0.156  0.169  0.584  P  d3
  2569    802.812  +0.052310  +0.120573  0.156  0.169  0.584  P  d3
  2570    803.125  +0.085131  +0.014500  0.156  0.169  0.584  P  d3
  2571    803.438  -0.007968  -0.036495  0.141  0.169  0.584  P  d3
  2572    803.750  -0.038900  +0.027358  0.141  0.169  0.584  P  d2
  2573    804.062  +0.012671  -0.017699  0.141  0.169  0.584  P  d2
  2574    804.375  -0.110033  +0.044964  0.141  0.162  0.584  P  d2
  2575    804.688  +0.233916  -0.216627  0.125  0.162  0.584  P  d0
  2576    805.000  +0.301037  -0.355496  0.125  0.162  0.584  P  d2
  2577    805.312  -0.092720  +0.072381  0.125  0.162  0.584  P  d2
  2578    805.625  +0.073429  -0.075385  0.141  0.162  0.584  P  d2
  2579    805.938  -0.384336  +0.442325  0.125  0.162  0.584  P  d0
  2580    806.250  -0.038606  +0.129702  0.125  0.162  0.584  P  d2
  2581    806.562  +0.016443  -0.076314  0.125  0.162  0.584  P  d2
  2582    806.875  +0.040234  +0.083906  0.125  0.162  0.584  P  d2
  2583    807.188  -0.448430  -0.387414  0.125  0.162  0.584  P  d0
  2584    807.500  -0.130018  -0.031160  0.125  0.162  0.592  P  d2
  2585    807.812  +0.034557  -0.020096  0.125  0.162  0.592  P  d1
  2586    808.125  +0.111409  +0.108519  0.125  0.128  0.592  P  d0
  2587    808.438  +0.551296  +0.260696  0.125  0.128  0.592  P  d2
  2588    808.750  -0.072944  -0.008820  0.125  0.128  0.592  P  d2
  2589    809.062  +0.104444  -0.024748  0.125  0.128  0.592  P  d1
  2590    809.375  -0.063283  +0.160819  0.125  0.128  0.592  P  d0
  2591    809.688  -0.216996  +0.545889  0.125  0.128  0.592  P  d3
  2592    810.000  +0.125541  +0.008637  0.141  0.128  0.592  P  d1
  2593    810.312  -0.026551  +0.084153  0.141  0.128  0.592  P  d3
  2594    810.625  +0.378458  -0.160316  0.125  0.128  0.592  P  d0
  2595    810.938  +0.890787  -0.611308  0.125  0.128  0.592  P  d3
  2596    811.250  -0.073153  -1.018288  0.141  0.128  0.592  P  d3
  2597    811.562  -0.903608  -0.486295  0.141  0.128  0.592  P  d3
  2598    811.875  -0.991731  +0.432871  0.141  0.109  0.592  T  d3
  2599    812.188  -0.318482  +1.091319  0.141  0.109  0.592  T  d3
  2600    812.500  +0.659871  +0.901956  0.156  0.109  0.622  T  d3
  2601    812.812  +1.109661  +0.044748  0.156  0.109  0.622  T  d3
  2602    813.125  +0.788326  -0.865446  0.156  0.109  0.622  T  d3
  2603    813.438  -0.192126  -1.096781  0.172  0.109  0.622  T  d3
  2604    813.750  -0.804818  -0.543746  0.172  0.109  0.622  T  d3
  2605    814.062  -1.012189  +0.498440  0.172  0.109  0.622  T  d3
  2606    814.375  +0.346901  +0.770788  0.172  0.109  0.622  T  d2
  2607    814.688  +0.104734  -0.783098  0.188  0.109  0.622  T  d3
  2608    815.000  -1.196469  +0.052302  0.172  0.109  0.622  T  d3
  2609    815.312  -0.326203  +0.888316  0.172  0.109  0.622  T  d0
  2610    815.625  +0.410990  +0.980194  0.172  0.092  0.622  T  d3
  2611    815.938  +1.197580  +0.301562  0.188  0.092  0.622  T  d3
  2612    816.250  +0.922975  -0.646564  0.172  0.092  0.622  T  d3
  2613    816.562  +0.118729  -1.107823  0.172  0.092  0.622  T  d3
  2614    816.875  -0.839137  -0.730732  0.172  0.092  0.622  T  d3
  2615    817.188  -1.041728  +0.230793  0.172  0.092  0.622  T  d3
  2616    817.500  -0.478882  +0.933523  0.156  0.092  0.579  T  d3
  2617    817.812  +0.517591  +0.993429  0.156  0.092  0.579  T  d3
  2618    818.125  +0.927861  -0.061371  0.156  0.092  0.579  T  d3
  2619    818.438  +0.000177  -0.441906  0.141  0.092  0.579  T  d3
  2620    818.750  -0.063901  +0.063636  0.141  0.092  0.579  T  d1
  2621    819.062  -0.001367  -0.154808  0.141  0.092  0.579  T  d3
  2622    819.375  -0.125464  +0.021570  0.141  0.075  0.579  T  d2
  2623    819.688  +0.233665  -0.304103  0.125  0.075  0.579  T  d0
  2624    820.000  +0.309524  -0.390173  0.125  0.075  0.579  T  d2
  2625    820.312  -0.106639  +0.027166  0.125  0.075  0.579  T  d2
  2626    820.625  +0.081652  -0.098685  0.125  0.075  0.579  T  d2
  2627    820.938  -0.395991  +0.412935  0.109  0.075  0.579  T  d0
  2628    821.250  -0.032820  +0.116775  0.109  0.075  0.579  T  d2
  2629    821.562  +0.002703  -0.076283  0.109  0.075  0.579  T  d2
  2630    821.875  +0.040685  +0.075868  0.109  0.075  0.579  T  d2
  2631    822.188  -0.444633  -0.373141  0.109  0.075  0.579  T  d0
  2632    822.500  -0.141908  -0.030761  0.109  0.075  0.558  T  d1
  2633    822.812  +0.016557  -0.010819  0.109  0.075  0.558  T  d1
  2634    823.125  +0.094024  +0.110204  0.109  0.070  0.558  T  d0
  2635    823.438  +0.537059  +0.262794  0.109  0.070  0.558  T  d2
  2636    823.750  -0.090415  -0.017626  0.109  0.070  0.558  T  d2
  2637    824.062  +0.097202  -0.020594  0.109  0.070  0.558  T  d1
  2638    824.375  -0.072721  +0.151113  0.109  0.070  0.558  T  d0
  2639    824.688  -0.217523  +0.546223  0.109  0.070  0.558  T  d3
  2640    825.000  +0.118370  -0.003045  0.125  0.070  0.558  T  d1
  2641    825.312  -0.019753  +0.074985  0.125  0.070  0.558  T  d3
  2642    825.625  +0.374122  -0.170439  0.109  0.070  0.558  T  d0
  2643    825.938  +0.895278  -0.628287  0.109  0.070  0.558  T  d3
  2644    826.250  -0.083484  -1.015159  0.125  0.070  0.558  T  d3
  2645    826.562  -0.897786  -0.480427  0.125  0.070  0.558  T  d3
  2646    826.875  -0.982867  +0.455703  0.125  0.058  0.558  T  d3
  2647    827.188  -0.303650  +1.097603  0.125  0.058  0.558  T  d3
  2648    827.500  +0.667416  +0.912118  0.141  0.058  0.558  T  d3
  2649    827.812  +1.097212  +0.040575  0.141  0.058  0.558  T  d3
  2650    828.125  +0.762112  -0.857246  0.141  0.058  0.558  T  d3
  2651    828.438  -0.235676  -1.090633  0.156  0.058  0.558  T  d3
  2652    828.750  -0.836948  -0.526275  0.156  0.058  0.558  T  d3
  2653    829.062  -1.060085  +0.499181  0.156  0.058  0.558  T  d3
  2654    829.375  +0.308974  +0.759544  0.156  0.058  0.558  T  d2
  2655    829.688  +0.065449  -0.807722  0.172  0.058  0.558  T  d3
  2656    830.000  -1.204875  +0.043370  0.156  0.058  0.558  T  d3
  2657    830.312  -0.326448  +0.871942  0.156  0.058  0.558  T  d3
  2658    830.625  +0.449218  +0.960131  0.156  0.042  0.558  T  d3
  2659    830.938  +1.227704  +0.303599  0.172  0.042  0.558  T  d3
  2660    831.250  +0.972390  -0.632960  0.156  0.042  0.558  T  d3
  2661    831.562  +0.160496  -1.031293  0.156  0.042  0.558  T  d3
  2662    831.875  -0.796338  -0.630619  0.156  0.042  0.558  T  d3
  2663    832.188  -0.994177  +0.388773  0.156  0.042  0.558  T  d3
  2664    832.500  -0.474446  +1.099550  0.156  0.042  0.545  T  d3
  2665    832.812  +0.524477  +1.167639  0.156  0.042  0.545  T  d3
  2666    833.125  +0.823124  +0.127032  0.156  0.042  0.545  T  d3
  2667    833.438  -0.037735  -0.310075  0.141  0.042  0.545  T  d3
  2668    833.750  -0.323957  +0.237162  0.156  0.042  0.545  T  d2
  2669    834.062  +0.133195  -0.150196  0.156  0.042  0.545  T  d2
  2670    834.375  -0.874818  +0.338507  0.156  0.022  0.545  T  d2
  2671    834.688  +1.930248  -1.768163  0.141  0.022  0.545  T  d0
  2672    835.000  +2.418469  -2.901846  0.156  0.022  0.545  T  d2
  2673    835.312  -0.651628  +0.501386  0.156  0.022  0.545  T  d2
  2674    835.625  +0.658911  -0.690253  0.156  0.022  0.545  T  d2
  2675    835.938  -2.944100  +3.431068  0.156  0.022  0.545  T  d0
  2676    836.250  -0.185595  +0.982118  0.156  0.022  0.545  T  d2
  2677    836.562  +0.267739  -0.704704  0.156  0.022  0.545  T  d1
  2678    836.875  +0.499175  +0.625528  0.156  0.022  0.545  T  d2
  2679    837.188  -3.496213  -3.207319  0.172  0.022  0.545  T  d0
  2680    837.500  -0.991557  -0.278098  0.172  0.022  0.549  T  d1
  2681    837.812  +0.208065  -0.259214  0.172  0.022  0.549  T  d1
  2682    838.125  +0.789641  +0.785733  0.172  0.000  0.549  T  d0
  2683    838.438  +4.187551  +1.924255  0.188  0.000  0.549  T  d2
  2684    838.750  -0.863374  -0.388713  0.188  0.000  0.549  T  d1
  2685    839.062  +0.484067  -0.504799  0.188  0.000  0.549  T  d2
  2686    839.375  -0.876639  +0.685740  0.188  0.000  0.549  T  d0
  2687    839.688  -2.107390  +3.944768  0.188  0.000  0.549  T  d2
  2688    840.000  +0.576533  -1.024111  0.203  0.000  0.549  T  d2
  2689    840.312  -0.383755  +0.551247  0.219  0.000  0.549  T  d2
  2690    840.625  +1.924478  -3.687462  0.234  0.000  0.549  T  d0
  2691    840.938  +0.706953  -2.488153  0.234  0.000  0.549  T  d2
  2692    841.250  +0.249124  +0.820772  0.234  0.000  0.549  T  d2
  2693    841.562  -0.185607  -0.204032  0.234  0.000  0.549  T  d1
  2694    841.875  +0.804160  +0.027696  0.234  0.000  0.549  T  d2
  2695    842.188  -2.130442  +1.694011  0.234  0.000  0.549  T  d0
  2696    842.500  -2.702048  +3.048167  0.234  0.000  0.545  T  d2
  2697    842.812  +0.527019  -0.499473  0.234  0.000  0.545  T  d2
  2698    843.125  -0.798324  +0.735308  0.234  0.000  0.545  T  d2
  2699    843.438  +2.957207  -3.399550  0.234  0.000  0.545  T  d0
  2700    843.750  +0.160281  -0.999240  0.234  0.000  0.545  T  d2
  2701    844.062  -0.356657  +0.678392  0.234  0.000  0.545  T  d1
  2702    844.375  -0.482373  -0.667607  0.234  0.000  0.545  T  d2
  2703    844.688  +3.364072  +3.295569  0.250  0.000  0.545  T  d0
  2704    845.000  +0.993656  +0.304882  0.234  0.000  0.545  T  d1
  2705    845.312  -0.203964  +0.280379  0.234  0.000  0.545  T  d1
  2706    845.625  -0.767948  -0.794634  0.234  0.002  0.545  T  d0
  2707    845.938  -4.155076  -2.049400  0.250  0.002  0.545  T  d2
  2708    846.250  +0.828080  +0.418108  0.234  0.002  0.545  T  d1
  2709    846.562  -0.541144  +0.452915  0.234  0.002  0.545  T  d2
  2710    846.875  +0.856344  -0.731254  0.234  0.002  0.545  T  d0
  2711    847.188  +2.184146  -3.972413  0.234  0.002  0.545  T  d2
  2712    847.500  -0.601948  +0.855597  0.219  0.002  0.511  T  d2
  2713    847.812  +0.407667  -0.696360  0.219  0.002  0.511  T  d2
  2714    848.125  -1.929935  +3.436903  0.219  0.002  0.511  T  d0
  2715    848.438  -0.745667  +2.345428  0.203  0.002  0.511  T  d2
  2716    848.750  +0.051556  -1.002079  0.219  0.002  0.511  T  d2
  2717    849.062  +0.035989  +0.194690  0.219  0.002  0.511  T  d2
  2718    849.375  +0.040106  -0.376713  0.219  0.007  0.511  T  d1
  2719    849.688  +0.244409  -0.158347  0.203  0.007  0.511  T  d0
  2720    850.000  +0.333114  -0.393297  0.203  0.007  0.511  T  d0
  2721    850.312  +0.136569  -0.015068  0.203  0.007  0.511  T  d0
  2722    850.625  +0.198590  -0.119850  0.219  0.007  0.511  T  d1
  2723    850.938  -0.035262  +0.208537  0.203  0.007  0.511  T  d3
  2724    851.250  +0.082170  +0.072464  0.203  0.007  0.511  T  d3
  2725    851.562  +0.112964  -0.008964  0.203  0.007  0.511  T  d1
  2726    851.875  +0.060971  +0.085315  0.203  0.007  0.511  T  d2
  2727    852.188  -0.181400  -0.173217  0.203  0.007  0.511  T  d3
  2728    852.500  -0.079674  +0.006518  0.188  0.007  0.515  T  d1
  2729    852.812  -0.004657  -0.007614  0.188  0.007  0.515  T  d2
  2730    853.125  +0.015685  +0.052884  0.188  0.019  0.515  T  d3
  2731    853.438  +0.236420  +0.107753  0.188  0.019  0.515  T  d2
  2732    853.750  -0.070331  -0.028919  0.172  0.019  0.515  T  d1
  2733    854.062  +0.032793  -0.055911  0.172  0.019  0.515  T  d2
  2734    854.375  -0.041189  +0.047548  0.172  0.019  0.515  T  d0
  2735    854.688  -0.121482  +0.226568  0.172  0.019  0.515  T  d3
  2736    855.000  +0.069117  -0.014405  0.172  0.019  0.515  T  d2
  2737    855.312  -0.013868  +0.019999  0.172  0.019  0.515  T  d2
  2738    855.625  +0.205020  -0.080014  0.172  0.019  0.515  T  d0
  2739    855.938  +0.458224  -0.292576  0.156  0.019  0.515  T  d3
  2740    856.250  -0.010649  -0.497279  0.172  0.019  0.515  T  d3
  2741    856.562  -0.450951  -0.248033  0.172  0.019  0.515  T  d3
  2742    856.875  -0.502579  +0.203974  0.172  0.038  0.515  T  d3
  2743    857.188  -0.169459  +0.553231  0.156  0.038  0.515  T  d3
  2744    857.500  +0.310885  +0.466771  0.172  0.038  0.584  T  d3
  2745    857.812  +0.540436  +0.038145  0.172  0.038  0.584  T  d3
  2746    858.125  +0.392230  -0.433865  0.172  0.038  0.584  T  d3
  2747    858.438  -0.107036  -0.550105  0.172  0.038  0.584  T  d0
  2748    858.750  -0.407319  -0.280340  0.172  0.038  0.584  T  d3
  2749    859.062  -0.515558  +0.243853  0.172  0.038  0.584  T  d3
  2750    859.375  +0.156443  +0.389817  0.172  0.038  0.584  T  d2
  2751    859.688  +0.074121  -0.392721  0.188  0.038  0.584  T  d3
  2752    860.000  -0.593815  +0.008375  0.172  0.038  0.584  T  d3
  2753    860.312  -0.158786  +0.447551  0.156  0.038  0.584  T  d0
  2754    860.625  +0.192427  +0.499673  0.141  0.064  0.584  T  d3
  2755    860.938  +0.594564  +0.171071  0.156  0.064  0.584  T  d3
  2756    861.250  +0.469804  -0.314204  0.156  0.064  0.584  T  d3
  2757    861.562  +0.071544  -0.552496  0.156  0.064  0.584  T  d3
  2758    861.875  -0.401917  -0.370057  0.156  0.064  0.584  T  d3
  2759    862.188  -0.525766  +0.097991  0.156  0.064  0.584  T  d3
  2760    862.500  -0.255131  +0.460428  0.156  0.064  0.571  T  d3
  2761    862.812  +0.249425  +0.501690  0.156  0.064  0.571  T  d3
  2762    863.125  +0.463269  -0.018402  0.156  0.064  0.571  T  d3
  2763    863.438  +0.006400  -0.223495  0.156  0.064  0.571  T  d2
  2764    863.750  -0.036694  +0.035672  0.156  0.064  0.571  T  d2
  2765    864.062  +0.001738  -0.075455  0.156  0.064  0.571  T  d3
  2766    864.375  -0.060444  +0.006617  0.156  0.076  0.571  T  d2
  2767    864.688  +0.122628  -0.150363  0.141  0.076  0.571  T  d0
  2768    865.000  +0.162268  -0.191397  0.141  0.076  0.571  T  d2
  2769    865.312  -0.053886  +0.010151  0.141  0.076  0.571  T  d2
  2770    865.625  +0.040841  -0.045787  0.141  0.076  0.571  T  d2
  2771    865.938  -0.200225  +0.202373  0.125  0.076  0.571  T  d0
  2772    866.250  -0.015208  +0.054063  0.125  0.076  0.571  T  d2
  2773    866.562  +0.001830  -0.035001  0.125  0.076  0.571  T  d2
  2774    866.875  +0.021932  +0.037104  0.125  0.076  0.571  T  d2
  2775    867.188  -0.228388  -0.198719  0.125  0.076  0.571  T  d0
  2776    867.500  -0.071687  -0.019810  0.141  0.076  0.567  T  d2
  2777    867.812  +0.011578  -0.001014  0.141  0.076  0.567  T  d1
  2778    868.125  +0.048983  +0.056809  0.141  0.085  0.567  T  d0
  2779    868.438  +0.263268  +0.137764  0.141  0.085  0.567  T  d2
  2780    868.750  -0.045385  -0.008682  0.125  0.085  0.567  T  d2
  2781    869.062  +0.048285  -0.009038  0.125  0.085  0.567  T  d1
  2782    869.375  -0.040086  +0.075411  0.125  0.085  0.567  T  d0
  2783    869.688  -0.115054  +0.271105  0.125  0.085  0.567  T  d3
  2784    870.000  +0.057052  -0.001512  0.141  0.085  0.567  T  d1
  2785    870.312  -0.013466  +0.040704  0.141  0.085  0.567  T  d3
  2786    870.625  +0.190254  -0.078872  0.125  0.085  0.567  T  d0
  2787    870.938  +0.455494  -0.300874  0.125  0.085  0.567  T  d3
  2788    871.250  -0.023965  -0.508863  0.141  0.085  0.567  T  d3
  2789    871.562  -0.432169  -0.257053  0.141  0.085  0.567  T  d3
  2790    871.875  -0.500907  +0.213450  0.141  0.073  0.567  T  d3
  2791    872.188  -0.168730  +0.544297  0.141  0.073  0.567  T  d3
  2792    872.500  +0.317913  +0.466121  0.156  0.073  0.532  T  d3
  2793    872.812  +0.547054  +0.036798  0.156  0.073  0.532  T  d3
  2794    873.125  +0.390882  -0.416071  0.156  0.073  0.532  T  d3
  2795    873.438  -0.102200  -0.547637  0.172  0.073  0.532  T  d3
  2796    873.750  -0.414972  -0.274685  0.172  0.073  0.532  T  d3
  2797    874.062  -0.531159  +0.235099  0.172  0.073  0.532  T  d3
  2798    874.375  +0.147951  +0.386258  0.172  0.073  0.532  T  d2
  2799    874.688  +0.045428  -0.406006  0.188  0.073  0.532  T  d3
  2800    875.000  -0.598666  -0.001354  0.172  0.073  0.532  T  d3
  2801    875.312  -0.185547  +0.430347  0.172  0.073  0.532  T  d3
  2802    875.625  +0.201877  +0.488835  0.172  0.054  0.532  T  d3
  2803    875.938  +0.603635  +0.177225  0.188  0.054  0.532  T  d3
  2804    876.250  +0.497833  -0.295469  0.172  0.054  0.532  T  d3
  2805    876.562  +0.097297  -0.513377  0.172  0.054  0.532  T  d3
  2806    876.875  -0.377730  -0.328204  0.172  0.054  0.532  T  d3
  2807    877.188  -0.500671  +0.174325  0.172  0.054  0.532  T  d0
  2808    877.500  -0.262808  +0.539415  0.172  0.054  0.519  T  d3
  2809    877.812  +0.237551  +0.592963  0.172  0.054  0.519  T  d3
  2810    878.125  +0.407958  +0.080640  0.172  0.054  0.519  T  d3
  2811    878.438  -0.011830  -0.157651  0.156  0.054  0.519  T  d3
  2812    878.750  -0.168712  +0.114688  0.172  0.054  0.519  T  d2
  2813    879.062  +0.069086  -0.068325  0.172  0.054  0.519  T  d2
  2814    879.375  -0.442406  +0.150544  0.172  0.079  0.519  T  d2
  2815    879.688  +0.998010  -0.847471  0.156  0.079  0.519  T  d0
  2816    880.000  +1.264397  -1.403367  0.172  0.079  0.519  T  d2
  2817    880.312  -0.336590  +0.238104  0.172  0.079  0.519  T  d2
  2818    880.625  +0.343227  -0.333998  0.172  0.079  0.519  T  d2
  2819    880.938  -1.535067  +1.658467  0.172  0.079  0.519  T  d0
  2820    881.250  -0.107969  +0.487122  0.172  0.079  0.519  T  d2
  2821    881.562  +0.149819  -0.345099  0.172  0.079  0.519  T  d1
  2822    881.875  +0.240664  +0.322487  0.172  0.079  0.519  T  d2
  2823    882.188  -1.685607  -1.667829  0.188  0.079  0.519  T  d0
  2824    882.500  -0.490974  -0.155564  0.188  0.079  0.515  T  d1
  2825    882.812  +0.107161  -0.126988  0.188  0.079  0.515  T  d1
  2826    883.125  +0.380426  +0.407399  0.188  0.143  0.515  P  d0
  2827    883.438  +2.055156  +1.039375  0.203  0.143  0.515  P  d2
  2828    883.750  -0.424986  -0.211958  0.203  0.143  0.515  P  d1
  2829    884.062  +0.251826  -0.243080  0.203  0.143  0.515  P  d2
  2830    884.375  -0.454952  +0.324050  0.203  0.143  0.515  P  d0
  2831    884.688  -1.123236  +1.930679  0.203  0.143  0.515  P  d2
  2832    885.000  +0.304588  -0.505446  0.219  0.143  0.515  P  d2
  2833    885.312  -0.198612  +0.261609  0.219  0.143  0.515  P  d2
  2834    885.625  +1.026382  -1.814517  0.219  0.143  0.515  P  d0
  2835    885.938  +0.401746  -1.235160  0.219  0.143  0.515  P  d2
  2836    886.250  +0.112921  +0.412432  0.234  0.143  0.515  P  d2
  2837    886.562  -0.084237  -0.107681  0.234  0.143  0.515  P  d1
  2838    886.875  +0.402785  +0.030931  0.234  0.213  0.515  P  d2
  2839    887.188  -1.092532  +0.809874  0.234  0.213  0.515  P  d0
  2840    887.500  -1.403128  +1.486463  0.234  0.213  0.506  P  d2
  2841    887.812  +0.262724  -0.238297  0.234  0.213  0.506  P  d2
  2842    888.125  -0.420523  +0.361267  0.234  0.213  0.506  P  d2
  2843    888.438  +1.516648  -1.646590  0.250  0.213  0.506  P  d0
  2844    888.750  +0.077373  -0.493660  0.250  0.213  0.506  P  d2
  2845    889.062  -0.211733  +0.326986  0.250  0.213  0.506  P  d1
  2846    889.375  -0.247674  -0.346905  0.250  0.213  0.506  P  d2
  2847    889.688  +1.609133  +1.689143  0.266  0.213  0.506  P  d0
  2848    890.000  +0.486689  +0.155366  0.250  0.213  0.506  P  d1
  2849    890.312  -0.111341  +0.125505  0.250  0.213  0.506  P  d1
  2850    890.625  -0.358451  -0.417273  0.250  0.334  0.506  P  d0
  2851    890.938  -2.032478  -1.080354  0.266  0.334  0.506  P  d2
  2852    891.250  +0.435416  +0.234244  0.250  0.334  0.506  P  d1
  2853    891.562  -0.250942  +0.260525  0.250  0.334  0.506  P  d2
  2854    891.875  +0.461207  -0.299700  0.250  0.334  0.506  P  d0
  2855    892.188  +1.171059  -1.875294  0.250  0.334  0.506  P  d2
  2856    892.500  -0.321207  +0.503772  0.250  0.334  0.464  P  d2
  2857    892.812  +0.205068  -0.244977  0.250  0.334  0.464  P  d2
  2858    893.125  -1.079287  +1.792469  0.250  0.334  0.464  P  d0
  2859    893.438  -0.433211  +1.231297  0.234  0.334  0.464  P  d2
  2860    893.750  -0.108472  -0.417318  0.250  0.334  0.464  P  d2
  2861    894.062  +0.090006  +0.108513  0.250  0.334  0.464  P  d2
  2862    894.375  -0.400557  -0.043088  0.250  0.416  0.464  P  d2
  2863    894.688  +1.116309  -0.789309  0.234  0.416  0.464  P  d0
  2864    895.000  +1.439654  -1.451283  0.250  0.416  0.464  P  d2
  2865    895.312  -0.264356  +0.228745  0.250  0.416  0.464  P  d2
  2866    895.625  +0.433883  -0.350974  0.250  0.416  0.464  P  d2
  2867    895.938  -1.551015  +1.607568  0.250  0.416  0.464  P  d0
  2868    896.250  -0.091533  +0.497805  0.250  0.416  0.464  P  d2
  2869    896.562  +0.221624  -0.323753  0.250  0.416  0.464  P  d1
  2870    896.875  +0.239339  +0.360606  0.250  0.416  0.464  P  d2
  2871    897.188  -1.570344  -1.728880  0.266  0.416  0.464  P  d0
  2872    897.500  -0.482571  -0.165749  0.250  0.416  0.476  P  d1
  2873    897.812  +0.112126  -0.126770  0.250  0.416  0.476  P  d1
  2874    898.125  +0.350463  +0.424996  0.250  0.423  0.476  P  d0
  2875    898.438  +2.002284  +1.128171  0.266  0.423  0.476  P  d2
  2876    898.750  -0.423551  -0.246254  0.250  0.423  0.476  P  d1
  2877    899.062  +0.256597  -0.255947  0.250  0.423  0.476  P  d2
  2878    899.375  -0.465860  +0.291898  0.250  0.423  0.476  P  d0
  2879    899.688  -1.210819  +1.849790  0.250  0.423  0.476  P  d2
  2880    900.000  +0.337261  -0.495735  0.250  0.423  0.476  P  d2
  2881    900.312  -0.213982  +0.246779  0.266  0.423  0.476  P  d2
  2882    900.625  +1.117099  -1.765841  0.281  0.423  0.476  P  d0
  2883    900.938  +0.454160  -1.215466  0.266  0.423  0.476  P  d2
  2884    901.250  +0.096544  +0.420114  0.266  0.423  0.476  P  d2
  2885    901.562  -0.092556  -0.106494  0.266  0.423  0.476  P  d2
  2886    901.875  +0.396925  +0.047019  0.266  0.436  0.476  P  d2
  2887    902.188  -1.133196  +0.765584  0.250  0.436  0.476  P  d0
  2888    902.500  -1.469951  +1.412913  0.250  0.436  0.476  P  d2
  2889    902.812  +0.277506  -0.226206  0.250  0.436  0.476  P  d2
  2890    903.125  -0.433153  +0.335145  0.250  0.436  0.476  P  d2
  2891    903.438  +1.601640  -1.577228  0.234  0.436  0.476  P  d0
  2892    903.750  +0.116945  -0.496358  0.234  0.436  0.476  P  d2
  2893    904.062  -0.206028  +0.323818  0.234  0.436  0.476  P  d1
  2894    904.375  -0.216367  -0.357141  0.234  0.436  0.476  P  d2
  2895    904.688  +1.552627  +1.772174  0.250  0.436  0.476  P  d0
  2896    905.000  +0.483849  +0.188944  0.234  0.436  0.476  P  d1
  2897    905.312  -0.110108  +0.134323  0.234  0.436  0.476  P  d1
  2898    905.625  -0.354414  -0.423682  0.234  0.450  0.476  P  d0
  2899    905.938  -1.992698  -1.176343  0.250  0.450  0.476  P  d2
  2900    906.250  +0.393370  +0.240843  0.234  0.450  0.476  P  d1
  2901    906.562  -0.284904  +0.208351  0.234  0.450  0.476  P  d2
  2902    906.875  +0.453374  -0.332385  0.234  0.450  0.476  P  d0
  2903    907.188  +1.230512  -1.903060  0.234  0.450  0.476  P  d2
  2904    907.500  -0.331910  +0.407265  0.219  0.450  0.455  P  d2
  2905    907.812  +0.228084  -0.332857  0.219  0.450  0.455  P  d2
  2906    908.125  -1.082437  +1.647076  0.219  0.450  0.455  P  d0
  2907    908.438  -0.452604  +1.143600  0.203  0.450  0.455  P  d2
  2908    908.750  +0.059553  -0.497598  0.203  0.450  0.455  P  d2
  2909    909.062  +0.012861  +0.098890  0.203  0.450  0.455  P  d2
  2910    909.375  +0.033356  -0.185230  0.203  0.461  0.455  P  d1
  2911    909.688  +0.125436  -0.074433  0.188  0.461  0.455  P  d0
  2912    910.000  +0.182124  -0.183660  0.188  0.461  0.455  P  d0
  2913    910.312  +0.070008  -0.002167  0.188  0.461  0.455  P  d0
  2914    910.625  +0.106296  -0.053239  0.188  0.461  0.455  P  d1
  2915    910.938  -0.024295  +0.101365  0.188  0.461  0.455  P  d3
  2916    911.250  +0.036523  +0.036213  0.203  0.461  0.455  P  d3
  2917    911.562  +0.053568  -0.000935  0.219  0.461  0.455  P  d1
  2918    911.875  +0.027953  +0.045697  0.234  0.461  0.455  P  d2
  2919    912.188  -0.089865  -0.095170  0.250  0.461  0.455  P  d3
  2920    912.500  -0.040502  -0.001038  0.250  0.461  0.464  P  d1
  2921    912.812  -0.002227  -0.004870  0.250  0.461  0.464  P  d2
  2922    913.125  +0.006652  +0.026509  0.250  0.459  0.464  P  d3
  2923    913.438  +0.113707  +0.062616  0.250  0.459  0.464  P  d2
  2924    913.750  -0.034352  -0.013111  0.250  0.459  0.464  P  d1
  2925    914.062  +0.019499  -0.027875  0.266  0.459  0.464  P  d2
  2926    914.375  -0.026301  +0.025021  0.281  0.459  0.464  P  d0
  2927    914.688  -0.068586  +0.110237  0.297  0.459  0.464  P  d3
  2928    915.000  +0.032434  -0.002271  0.297  0.459  0.464  P  d1
  2929    915.312  -0.009527  +0.013239  0.312  0.459  0.464  P  d2
  2930    915.625  +0.103013  -0.029596  0.328  0.459  0.464  P  d0
  2931    915.938  +0.233865  -0.127957  0.328  0.459  0.464  P  d3
  2932    916.250  +0.007855  -0.248847  0.344  0.459  0.464  P  d3
  2933    916.562  -0.216123  -0.139245  0.344  0.459  0.464  P  d3
  2934    916.875  -0.260829  +0.087160  0.344  0.319  0.464  P  d3
  2935    917.188  -0.107774  +0.271343  0.328  0.319  0.464  P  d3
  2936    917.500  +0.143678  +0.245950  0.344  0.319  0.472  P  d3
  2937    917.812  +0.277386  +0.044639  0.359  0.319  0.472  P  d3
  2938    918.125  +0.223520  -0.194840  0.375  0.319  0.472  P  d3
  2939    918.438  -0.016185  -0.269537  0.359  0.319  0.472  P  d3
  2940    918.750  -0.174925  -0.146912  0.375  0.319  0.472  P  d3
  2941    919.062  -0.247310  +0.118556  0.391  0.319  0.472  P  d3
  2942    919.375  +0.081378  +0.214918  0.391  0.319  0.472  P  d3
  2943    919.688  +0.074580  -0.147428  0.391  0.319  0.472  P  d3
  2944    920.000  -0.290798  -0.035975  0.375  0.319  0.472  P  d3
  2945    920.312  +0.014152  +0.043749  0.359  0.319  0.472  P  d3
  2946    920.625  +0.052041  +0.021864  0.344  0.217  0.472  P  d0
  2947    920.938  +0.035646  +0.033646  0.344  0.217  0.472  P  d0
  2948    921.250  +0.026264  +0.023144  0.344  0.217  0.472  P  d0
  2949    921.562  +0.018212  +0.027310  0.344  0.217  0.472  P  d0
  2950    921.875  +0.013999  +0.027858  0.359  0.217  0.472  P  d0
  2951    922.188  +0.008335  +0.010820  0.359  0.217  0.472  P  d0
  2952    922.500  +0.005291  +0.016191  0.359  0.217  0.489  P  d3
  2953    922.812  +0.005608  -0.003408  0.359  0.217  0.489  P  d1
  2954    923.125  -0.000143  +0.002934  0.359  0.217  0.489  P  d2
  2955    923.438  +0.002097  -0.005138  0.359  0.217  0.489  P  d0
  2956    923.750  +0.001773  -0.004606  0.359  0.217  0.489  P  d0
  2957    924.062  +0.003503  -0.008008  0.359  0.217  0.489  P  d0
  2958    924.375  +0.004947  -0.005866  0.359  0.173  0.489  P  d0
  2959    924.688  +0.004148  -0.007479  0.344  0.173  0.489  P  d0
  2960    925.000  +0.006109  -0.004282  0.344  0.173  0.489  P  d0
  2961    925.312  +0.003438  -0.004060  0.344  0.173  0.489  P  d0
  2962    925.625  +0.005020  -0.002339  0.344  0.173  0.489  P  d0
  2963    925.938  +0.001035  -0.001215  0.328  0.173  0.489  P  d0
  2964    926.250  +0.002520  -0.001192  0.328  0.173  0.489  P  d2
  2965    926.562  -0.000761  +0.000742  0.328  0.173  0.489  P  d1
  2966    926.875  -0.000597  -0.000852  0.328  0.173  0.489  P  d3
  2967    927.188  -0.001857  +0.000406  0.328  0.173  0.489  P  d0
  2968    927.500  -0.002435  -0.001460  0.328  0.173  0.498  P  d0
  2969    927.812  -0.001390  +0.000246  0.328  0.173  0.498  P  d0
  2970    928.125  -0.002983  -0.001429  0.328  0.130  0.498  P  d1
  2971    928.438  -0.000191  -0.001182  0.328  0.130  0.498  P  d0
  2972    928.750  +0.002306  -0.004201  0.344  0.130  0.498  P  d0
  2973    929.062  +0.001830  -0.001295  0.344  0.130  0.498  P  d3
  2974    929.375  -0.007454  -0.001408  0.344  0.130  0.498  P  d3
  2975    929.688  +0.002306  +0.004719  0.344  0.130  0.498  P  d2
  2976    930.000  -0.001676  -0.005882  0.344  0.130  0.498  P  d3
  2977    930.312  -0.003808  +0.002138  0.344  0.130  0.498  P  d2
  2978    930.625  +0.001460  -0.000505  0.344  0.130  0.498  P  d1
  2979    930.938  -0.000342  +0.001392  0.328  0.130  0.498  P  d3
  2980    931.250  +0.000316  +0.000500  0.328  0.130  0.498  P  d1
  2981    931.562  -0.000529  +0.001506  0.328  0.130  0.498  P  d0
  2982    931.875  +0.000294  +0.000673  0.328  0.217  0.498  P  d1
  2983    932.188  -0.001373  +0.001983  0.328  0.217  0.498  P  d3
  2984    932.500  +0.007174  +0.002711  0.312  0.217  0.476  P  d2
  2985    932.812  -0.004543  -0.006376  0.312  0.217  0.476  P  d3
  2986    933.125  -0.002097  +0.001966  0.312  0.217  0.476  P  d2
  2987    933.438  +0.000300  -0.000649  0.312  0.217  0.476  P  d2
  2988    933.750  -0.000880  +0.001057  0.297  0.217  0.476  P  d2
  2989    934.062  +0.000390  -0.000384  0.281  0.217  0.476  P  d1
  2990    934.375  +0.000566  +0.000732  0.266  0.217  0.476  P  d2
  2991    934.688  -0.000161  -0.000218  0.250  0.217  0.476  P  d2
  2992    935.000  +0.000966  +0.000526  0.234  0.217  0.476  P  d1
  2993    935.312  -0.000398  +0.000387  0.219  0.217  0.476  P  d3
  2994    935.625  +0.001743  +0.000203  0.203  0.307  0.476  P  d1
  2995    935.938  -0.000578  +0.000961  0.188  0.307  0.476  P  d3
  2996    936.250  +0.001075  -0.000151  0.172  0.307  0.476  P  d1
  2997    936.562  -0.000930  +0.001874  0.172  0.307  0.476  P  d2
  2998    936.875  +0.001476  -0.001407  0.172  0.307  0.476  P  d3
  2999    937.188  -0.000926  -0.006486  0.188  0.307  0.476  P  d3
  3000    937.500  -0.002315  -0.000600  0.188  0.307  0.476  P  d2
  3001    937.812  +0.001149  +0.001735  0.188  0.307  0.476  P  d2
  3002    938.125  -0.001974  -0.001099  0.188  0.307  0.476  P  d3
  3003    938.438  -0.000690  +0.007278  0.188  0.307  0.476  P  d0
  3004    938.750  -0.001189  +0.004235  0.172  0.307  0.476  P  d3
  3005    939.062  +0.005629  -0.001351  0.156  0.307  0.476  P  d3
  3006    939.375  -0.000757  -0.004983  0.172  0.332  0.476  P  d2
  3007    939.688  +0.000614  +0.004298  0.188  0.332  0.476  P  d2
  3008    940.000  +0.002686  -0.007340  0.203  0.332  0.476  P  d3
  3009    940.312  -0.001526  +0.000070  0.219  0.332  0.476  P  d2
  3010    940.625  +0.000876  +0.000404  0.219  0.332  0.476  P  d2
  3011    940.938  -0.000823  -0.000239  0.234  0.332  0.476  P  d0
  3012    941.250  -0.000371  +0.000047  0.250  0.332  0.476  P  d0
  3013    941.562  -0.000732  -0.000201  0.266  0.332  0.476  P  d0
  3014    941.875  -0.000645  +0.000211  0.266  0.332  0.476  P  d0
  3015    942.188  -0.001463  +0.000209  0.266  0.332  0.476  P  d1
  3016    942.500  -0.000840  -0.001936  0.266  0.332  0.494  P  d3
  3017    942.812  -0.001789  +0.003855  0.266  0.332  0.494  P  d3
  3018    943.125  +0.005562  -0.000902  0.281  0.347  0.494  P  d2
  3019    943.438  -0.007096  -0.001909  0.297  0.347  0.494  P  d3
  3020    943.750  +0.002642  +0.005289  0.312  0.347  0.494  P  d2
  3021    944.062  -0.001691  -0.005004  0.328  0.347  0.494  P  d2
  3022    944.375  +0.001114  +0.001006  0.344  0.347  0.494  P  d3
  3023    944.688  +0.000244  -0.004189  0.359  0.347  0.494  P  d3
  3024    945.000  -0.004442  -0.000620  0.375  0.347  0.494  P  d2
  3025    945.312  +0.003381  +0.003206  0.391  0.347  0.494  P  d3
  3026    945.625  +0.001804  -0.006646  0.391  0.347  0.494  P  d2
  3027    945.938  -0.002074  +0.006070  0.391  0.347  0.494  P  d3
  3028    946.250  +0.005805  +0.000030  0.406  0.347  0.494  P  d2
  3029    946.562  -0.006847  +0.002988  0.406  0.347  0.494  P  d3
  3030    946.875  +0.000223  +0.004888  0.406  0.332  0.494  P  d0
  3031    947.188  -0.002026  +0.005368  0.406  0.332  0.494  P  d0
  3032    947.500  -0.003653  +0.003636  0.422  0.332  0.528  P  d0
  3033    947.812  -0.003022  +0.003772  0.422  0.332  0.528  P  d0
  3034    948.125  -0.003980  +0.002548  0.422  0.332  0.528  P  d1
  3035    948.438  -0.004874  -0.002934  0.438  0.332  0.528  P  d3
  3036    948.750  -0.005674  +0.002379  0.422  0.332  0.528  P  d2
  3037    949.062  +0.005500  -0.005241  0.422  0.332  0.528  P  d0
  3038    949.375  +0.002187  -0.000098  0.422  0.332  0.528  P  d0
  3039    949.688  +0.011390  -0.005498  0.438  0.332  0.528  P  d0
  3040    950.000  +0.010124  +0.003267  0.438  0.332  0.528  P  d0
  3041    950.312  +0.017956  -0.004827  0.438  0.332  0.528  P  d1
  3042    950.625  +0.007855  +0.007873  0.438  0.318  0.528  P  d0
  3043    950.938  +0.017217  +0.009947  0.453  0.318  0.528  P  d0
  3044    951.250  +0.014431  +0.016995  0.438  0.318  0.528  P  d0
  3045    951.562  +0.009576  +0.010740  0.422  0.318  0.528  P  d0
  3046    951.875  +0.007821  +0.018080  0.406  0.318  0.528  P  d1
  3047    952.188  -0.009719  +0.006971  0.391  0.318  0.528  P  d3
  3048    952.500  +0.001593  +0.009823  0.391  0.318  0.545  P  d2
  3049    952.812  -0.015277  -0.014346  0.391  0.318  0.545  P  d0
  3050    953.125  -0.008193  -0.030268  0.391  0.318  0.545  P  d0
  3051    953.438  -0.022229  -0.035772  0.391  0.318  0.545  P  d0
  3052    953.750  +0.012629  -0.073362  0.391  0.318  0.545  P  d0
  3053    954.062  +0.007835  -0.067597  0.391  0.318  0.545  P  d0
  3054    954.375  +0.039325  -0.105857  0.391  0.320  0.545  P  d0
  3055    954.688  +0.053398  -0.058599  0.391  0.320  0.545  P  d0
  3056    955.000  +0.072519  -0.143850  0.391  0.320  0.545  P  d0
  3057    955.312  +0.010642  -0.063729  0.391  0.320  0.545  P  d1
  3058    955.625  +0.231389  -0.101036  0.406  0.320  0.545  P  d2
  3059    955.938  -0.750244  +0.743381  0.406  0.320  0.545  P  d0
  3060    956.250  -0.043983  +0.259541  0.406  0.320  0.545  P  d2
  3061    956.562  +0.138031  -0.145467  0.406  0.320  0.545  P  d1
  3062    956.875  +0.117243  +0.200614  0.406  0.320  0.545  P  d2
  3063    957.188  -0.742338  -0.876692  0.391  0.320  0.545  P  d0
  3064    957.500  -0.233700  -0.074863  0.375  0.320  0.541  P  d2
  3065    957.812  +0.083525  -0.032084  0.359  0.320  0.541  P  d1
  3066    958.125  +0.196571  +0.253845  0.344  0.320  0.541  P  d0
  3067    958.438  +1.027247  +0.647088  0.344  0.320  0.541  P  d2
  3068    958.750  -0.147504  -0.048123  0.344  0.320  0.541  P  d2
  3069    959.062  +0.208380  -0.034536  0.344  0.320  0.541  P  d1
  3070    959.375  -0.163206  +0.286121  0.328  0.320  0.541  P  d0
  3071    959.688  -0.564579  +1.015228  0.312  0.320  0.541  P  d3
  3072    960.000  +0.246671  +0.031287  0.312  0.320  0.541  P  d1
  3073    960.312  -0.081462  +0.150027  0.297  0.320  0.541  P  d3
  3074    960.625  +0.795212  -0.235031  0.297  0.320  0.541  P  d0
  3075    960.938  +1.917072  -1.004292  0.281  0.320  0.541  P  d3
  3076    961.250  +0.103321  -2.043775  0.281  0.320  0.541  P  d3
  3077    961.562  -1.660175  -1.206098  0.266  0.320  0.541  P  d3
  3078    961.875  -2.078500  +0.593150  0.250  0.322  0.541  P  d3
  3079    962.188  -0.919222  +2.081402  0.250  0.322  0.541  P  d3
  3080    962.500  +1.072764  +1.959647  0.266  0.322  0.549  P  d3
  3081    962.812  +2.187942  +0.378336  0.266  0.322  0.549  P  d3
  3082    963.125  +1.786943  -1.513070  0.250  0.322  0.549  P  d3
  3083    963.438  -0.102461  -2.226987  0.250  0.322  0.549  P  d3
  3084    963.750  -1.451617  -1.281986  0.234  0.322  0.549  P  d3
  3085    964.062  -2.158566  +0.725563  0.219  0.322  0.549  P  d3
  3086    964.375  +0.461730  +1.614058  0.203  0.322  0.549  P  d2
  3087    964.688  +0.414037  -1.529162  0.203  0.322  0.549  P  d3
  3088    965.000  -2.388908  -0.193096  0.188  0.322  0.549  P  d3
  3089    965.312  -0.887661  +1.670196  0.172  0.322  0.549  P  d0
  3090    965.625  +0.546294  +2.053307  0.172  0.320  0.549  P  d3
  3091    965.938  +2.292936  +0.923057  0.188  0.320  0.549  P  d3
  3092    966.250  +2.004412  -1.037479  0.172  0.320  0.549  P  d3
  3093    966.562  +0.532290  -2.122808  0.172  0.320  0.549  P  d3
  3094    966.875  -1.465111  -1.663579  0.172  0.320  0.549  P  d3
  3095    967.188  -2.126609  +0.173187  0.172  0.320  0.549  P  d3
  3096    967.500  -1.191542  +1.721824  0.156  0.320  0.549  P  d3
  3097    967.812  +0.768003  +2.100967  0.156  0.320  0.549  P  d3
  3098    968.125  +1.857276  +0.112557  0.156  0.320  0.549  P  d3
  3099    968.438  +0.126429  -0.873771  0.141  0.320  0.549  P  d2
  3100    968.750  -0.141085  +0.111998  0.141  0.320  0.549  P  d2
  3101    969.062  +0.041395  -0.306565  0.141  0.320  0.549  P  d3
  3102    969.375  -0.245585  -0.007533  0.141  0.318  0.549  P  d2
  3103    969.688  +0.565281  -0.525086  0.125  0.318  0.549  P  d0
  3104    970.000  +0.738732  -0.672197  0.125  0.318  0.549  P  d2
  3105    970.312  -0.210837  +0.009619  0.125  0.318  0.549  P  d2
  3106    970.625  +0.194237  -0.174432  0.141  0.318  0.549  P  d2
  3107    970.938  -0.943134  +0.720464  0.125  0.318  0.549  P  d0
  3108    971.250  -0.113762  +0.226352  0.125  0.318  0.549  P  d2
  3109    971.562  +0.029065  -0.156591  0.125  0.318  0.549  P  d2
  3110    971.875  +0.051124  +0.162092  0.125  0.318  0.549  P  d2
  3111    972.188  -0.765283  -0.885511  0.125  0.318  0.549  P  d0
  3112    972.500  -0.269116  -0.111281  0.125  0.318  0.554  P  d1
  3113    972.812  +0.036469  -0.027090  0.125  0.318  0.554  P  d1
  3114    973.125  +0.153416  +0.241909  0.125  0.317  0.554  P  d0
  3115    973.438  +0.979950  +0.686120  0.125  0.317  0.554  P  d2
  3116    973.750  -0.161654  -0.057411  0.125  0.317  0.554  P  d2
  3117    974.062  +0.201149  -0.011635  0.125  0.317  0.554  P  d1
  3118    974.375  -0.182063  +0.294116  0.141  0.317  0.554  P  d0
  3119    974.688  -0.598622  +1.025393  0.156  0.317  0.554  P  d3
  3120    975.000  +0.232438  +0.050452  0.172  0.317  0.554  P  d1
  3121    975.312  -0.078304  +0.166959  0.188  0.317  0.554  P  d3
  3122    975.625  +0.791200  -0.191157  0.188  0.317  0.554  P  d0
  3123    975.938  +1.951471  -0.930418  0.188  0.317  0.554  P  d3
  3124    976.250  +0.150767  -2.023765  0.188  0.317  0.554  P  d3
  3125    976.562  -1.619960  -1.250962  0.188  0.317  0.554  P  d3
  3126    976.875  -2.101719  +0.544076  0.203  0.313  0.554  P  d3
  3127    977.188  -0.975976  +2.050621  0.219  0.313  0.554  P  d3
  3128    977.500  +1.017429  +1.997309  0.234  0.313  0.588  P  d3
  3129    977.812  +2.181906  +0.435710  0.250  0.313  0.588  P  d3
  3130    978.125  +1.839429  -1.457322  0.266  0.313  0.588  P  d3
  3131    978.438  -0.029378  -2.232049  0.266  0.313  0.588  P  d3
  3132    978.750  -1.401009  -1.316765  0.266  0.313  0.588  P  d3
  3133    979.062  -2.167763  +0.665672  0.266  0.313  0.588  P  d3
  3134    979.375  +0.428911  +1.635643  0.281  0.313  0.588  P  d2
  3135    979.688  +0.461912  -1.512445  0.297  0.313  0.588  P  d3
  3136    980.000  -2.374084  -0.248199  0.281  0.313  0.588  P  d3
  3137    980.312  -0.935920  +1.650313  0.297  0.313  0.588  P  d0
  3138    980.625  +0.491703  +2.071659  0.297  0.309  0.588  P  d3
  3139    980.938  +2.255752  +0.984034  0.312  0.309  0.588  P  d3
  3140    981.250  +2.026833  -0.992864  0.297  0.309  0.588  P  d3
  3141    981.562  +0.576963  -2.120946  0.297  0.309  0.588  P  d3
  3142    981.875  -1.422665  -1.729099  0.297  0.309  0.588  P  d3
  3143    982.188  -2.132184  +0.092244  0.297  0.309  0.588  P  d3
  3144    982.500  -1.224707  +1.649688  0.281  0.309  0.558  P  d3
  3145    982.812  +0.727849  +2.086865  0.281  0.309  0.558  P  d3
  3146    983.125  +1.890955  +0.116607  0.281  0.309  0.558  P  d3
  3147    983.438  +0.169367  -0.895201  0.266  0.309  0.558  P  d2
  3148    983.750  -0.069744  +0.072590  0.266  0.309  0.558  P  d2
  3149    984.062  +0.022248  -0.307016  0.266  0.309  0.558  P  d0
  3150    984.375  -0.022071  -0.068438  0.266  0.308  0.558  P  d0
  3151    984.688  +0.053534  -0.208476  0.250  0.308  0.558  P  d0
  3152    985.000  +0.055929  -0.095434  0.250  0.308  0.558  P  d0
  3153    985.312  -0.001332  -0.104798  0.250  0.308  0.558  P  d0
  3154    985.625  +0.037147  -0.045855  0.266  0.308  0.558  P  d3
  3155    985.938  -0.056338  -0.015034  0.250  0.308  0.558  P  d1
  3156    986.250  +0.002196  -0.011258  0.250  0.308  0.558  P  d3
  3157    986.562  -0.022649  -0.016695  0.250  0.308  0.558  P  d0
  3158    986.875  -0.008933  -0.006749  0.250  0.308  0.558  P  d0
  3159    987.188  -0.070789  -0.046198  0.250  0.308  0.558  P  d0
  3160    987.500  -0.039682  -0.016594  0.250  0.308  0.571  P  d0
  3161    987.812  -0.035942  +0.000876  0.250  0.308  0.571  P  d0
  3162    988.125  -0.017942  +0.004464  0.250  0.317  0.571  P  d3
  3163    988.438  +0.022057  +0.035391  0.250  0.317  0.571  P  d2
  3164    988.750  -0.025093  -0.013981  0.250  0.317  0.571  P  d3
  3165    989.062  -0.008161  +0.003411  0.250  0.317  0.571  P  d0
  3166    989.375  -0.020524  +0.006722  0.250  0.317  0.571  P  d0
  3167    989.688  -0.040973  +0.057996  0.250  0.317  0.571  P  d3
  3168    990.000  +0.002440  +0.005238  0.266  0.317  0.571  P  d0
  3169    990.312  +0.000312  +0.016896  0.266  0.317  0.571  P  d3
  3170    990.625  +0.033905  -0.005009  0.250  0.317  0.571  P  d0
  3171    990.938  +0.101939  -0.035718  0.250  0.317  0.571  P  d3
  3172    991.250  +0.003896  -0.089042  0.266  0.317  0.571  P  d3
  3173    991.562  -0.075561  -0.055711  0.266  0.317  0.571  P  d3
  3174    991.875  -0.109907  +0.034353  0.266  0.372  0.571  P  d3
  3175    992.188  -0.041872  +0.103670  0.266  0.372  0.571  P  d3
  3176    992.500  +0.049697  +0.109559  0.281  0.372  0.588  P  d3
  3177    992.812  +0.108266  +0.023742  0.281  0.372  0.588  P  d3
  3178    993.125  +0.089242  -0.070938  0.281  0.372  0.588  P  d3
  3179    993.438  +0.001349  -0.112817  0.297  0.372  0.588  P  d3
  3180    993.750  -0.070360  -0.060252  0.297  0.372  0.588  P  d3
  3181    994.062  -0.107907  +0.028480  0.297  0.372  0.588  P  d3
  3182    994.375  +0.020838  +0.084693  0.281  0.372  0.588  P  d2
  3183    994.688  +0.024970  -0.077833  0.281  0.372  0.588  P  d3
  3184    995.000  -0.114312  -0.016219  0.266  0.372  0.588  P  d3
  3185    995.312  -0.044235  +0.083574  0.250  0.372  0.588  P  d0
  3186    995.625  +0.030769  +0.103366  0.234  0.437  0.588  P  d3
  3187    995.938  +0.109323  +0.052315  0.250  0.437  0.588  P  d3
  3188    996.250  +0.103560  -0.046583  0.250  0.437  0.588  P  d3
  3189    996.562  +0.027685  -0.108668  0.250  0.437  0.588  P  d3
  3190    996.875  -0.065326  -0.085675  0.234  0.437  0.588  P  d3
  3191    997.188  -0.105013  +0.004923  0.219  0.437  0.588  P  d3
  3192    997.500  -0.060440  +0.079983  0.203  0.437  0.554  P  d3
  3193    997.812  +0.032284  +0.108481  0.188  0.437  0.554  P  d3
  3194    998.125  +0.089564  +0.007606  0.172  0.437  0.554  P  d3
  3195    998.438  +0.007530  -0.043245  0.172  0.437  0.554  P  d3
  3196    998.750  -0.007014  +0.004313  0.188  0.437  0.554  P  d1
  3197    999.062  +0.003145  -0.014882  0.188  0.437  0.554  P  d3
  3198    999.375  -0.013091  -0.000985  0.172  0.455  0.554  P  d2
  3199    999.688  +0.031941  -0.026011  0.156  0.455  0.554  P  d0
  3200   1000.000  +0.034905  -0.034747  0.156  0.455  0.554  P  d2
  3201   1000.312  -0.008263  +0.002500  0.141  0.455  0.554  P  d2
  3202   1000.625  +0.007400  -0.009613  0.156  0.455  0.554  P  d2
  3203   1000.938  -0.043499  +0.035485  0.141  0.455  0.554  P  d0
  3204   1001.250  -0.005641  +0.008474  0.141  0.455  0.554  P  d2
  3205   1001.562  +0.000810  -0.006400  0.141  0.455  0.554  P  d2
  3206   1001.875  +0.002218  +0.007061  0.141  0.455  0.554  P  d2
  3207   1002.188  -0.041161  -0.046466  0.141  0.455  0.554  P  d0
  3208   1002.500  -0.013151  -0.005830  0.141  0.455  0.571  P  d1
  3209   1002.812  +0.002595  -0.001998  0.141  0.455  0.571  P  d1
  3210   1003.125  +0.006155  +0.012234  0.141  0.447  0.571  P  d0
  3211   1003.438  +0.046647  +0.038628  0.141  0.447  0.571  P  d2
  3212   1003.750  -0.006439  -0.003742  0.141  0.447  0.571  P  d2
  3213   1004.062  +0.008762  +0.001781  0.141  0.447  0.571  P  d1
  3214   1004.375  -0.007820  +0.012670  0.141  0.447  0.571  P  d0
  3215   1004.688  -0.035362  +0.047715  0.141  0.447  0.571  P  d3
  3216   1005.000  +0.013446  +0.004349  0.156  0.447  0.571  P  d1
  3217   1005.312  -0.006244  +0.007860  0.156  0.447  0.571  P  d2
  3218   1005.625  +0.040739  -0.005617  0.141  0.447  0.571  P  d0
  3219   1005.938  +0.100567  -0.042873  0.141  0.447  0.571  P  d3
  3220   1006.250  +0.015741  -0.098466  0.156  0.447  0.571  P  d3
  3221   1006.562  -0.078615  -0.063590  0.156  0.447  0.571  P  d3
  3222   1006.875  -0.106731  +0.019535  0.156  0.335  0.571  P  d3
  3223   1007.188  -0.052725  +0.096647  0.156  0.335  0.571  P  d3
  3224   1007.500  +0.046852  +0.099798  0.172  0.335  0.588  P  d3
  3225   1007.812  +0.105001  +0.026057  0.172  0.335  0.588  P  d3
  3226   1008.125  +0.091977  -0.067322  0.172  0.335  0.588  P  d3
  3227   1008.438  +0.001198  -0.108478  0.188  0.335  0.588  P  d0
  3228   1008.750  -0.065121  -0.067237  0.188  0.335  0.588  P  d3
  3229   1009.062  -0.105438  +0.027181  0.188  0.335  0.588  P  d3
  3230   1009.375  +0.015631  +0.081828  0.188  0.335  0.588  P  d2
  3231   1009.688  +0.024209  -0.075668  0.203  0.335  0.588  P  d3
  3232   1010.000  -0.115802  -0.022079  0.188  0.335  0.588  P  d3
  3233   1010.312  -0.047616  +0.082804  0.188  0.335  0.588  P  d0
  3234   1010.625  +0.017922  +0.101828  0.188  0.076  0.588  T  d3
  3235   1010.938  +0.108729  +0.057274  0.203  0.076  0.588  T  d3
  3236   1011.250  +0.102482  -0.041501  0.188  0.076  0.588  T  d3
  3237   1011.562  +0.033104  -0.107323  0.188  0.076  0.588  T  d3
  3238   1011.875  -0.063246  -0.086137  0.188  0.076  0.588  T  d3
  3239   1012.188  -0.104465  +0.001167  0.188  0.076  0.588  T  d3
  3240   1012.500  -0.064117  +0.078130  0.172  0.076  0.545  T  d3
  3241   1012.812  +0.028004  +0.104905  0.172  0.076  0.545  T  d3
  3242   1013.125  +0.089043  +0.013868  0.172  0.076  0.545  T  d3
  3243   1013.438  +0.010101  -0.042783  0.156  0.076  0.545  T  d2
  3244   1013.750  -0.007522  +0.006324  0.156  0.076  0.545  T  d2
  3245   1014.062  +0.003513  -0.015086  0.156  0.076  0.545  T  d3
  3246   1014.375  -0.013062  +0.000790  0.156  0.000  0.545  T  d2
  3247   1014.688  +0.031623  -0.025381  0.141  0.000  0.545  T  d0
  3248   1015.000  +0.037070  -0.032787  0.141  0.000  0.545  T  d2
  3249   1015.312  -0.009961  +0.001318  0.141  0.000  0.545  T  d2
  3250   1015.625  +0.008761  -0.008965  0.156  0.000  0.545  T  d2
  3251   1015.938  -0.045462  +0.033854  0.141  0.000  0.545  T  d0
  3252   1016.250  -0.004000  +0.007904  0.141  0.000  0.545  T  d2
  3253   1016.562  +0.000874  -0.005253  0.141  0.000  0.545  T  d2
  3254   1016.875  +0.003768  +0.006612  0.141  0.000  0.545  T  d2
  3255   1017.188  -0.040085  -0.046599  0.141  0.000  0.545  T  d0
  3256   1017.500  -0.012459  -0.006077  0.156  0.000  0.524  T  d2
  3257   1017.812  +0.003005  -0.000929  0.172  0.000  0.524  T  d1
  3258   1018.125  +0.006103  +0.011925  0.172  0.000  0.524  T  d0
  3259   1018.438  +0.045493  +0.040282  0.172  0.000  0.524  T  d2
  3260   1018.750  -0.007040  -0.004962  0.156  0.000  0.524  T  d2
  3261   1019.062  +0.008467  +0.001565  0.156  0.000  0.524  T  d1
  3262   1019.375  -0.008383  +0.011414  0.156  0.000  0.524  T  d0
  3263   1019.688  -0.035787  +0.047333  0.156  0.000  0.524  T  d3
  3264   1020.000  +0.013322  +0.002729  0.172  0.000  0.524  T  d1
  3265   1020.312  -0.005043  +0.006183  0.172  0.000  0.524  T  d2
  3266   1020.625  +0.040734  -0.006200  0.156  0.000  0.524  T  d0
  3267   1020.938  +0.102930  -0.042033  0.156  0.000  0.524  T  d3
  3268   1021.250  +0.017465  -0.098366  0.172  0.000  0.524  T  d3
  3269   1021.562  -0.075991  -0.065295  0.172  0.000  0.524  T  d3
  3270   1021.875  -0.106838  +0.018492  0.172  0.000  0.524  T  d3
  3271   1022.188  -0.053865  +0.095702  0.172  0.000  0.524  T  d3
  3272   1022.500  +0.043270  +0.102460  0.188  0.000  0.485  T  d3
  3273   1022.812  +0.102557  +0.028304  0.188  0.000  0.485  T  d3
  3274   1023.125  +0.089873  -0.064432  0.188  0.000  0.485  T  d3
  3275   1023.438  -0.000744  -0.108641  0.203  0.000  0.485  T  d3
  3276   1023.750  -0.069557  -0.067730  0.203  0.000  0.485  T  d3
  3277   1024.062  -0.110436  +0.024155  0.203  0.000  0.485  T  d3
  3278   1024.375  +0.011535  +0.079921  0.203  0.000  0.485  T  d2
  3279   1024.688  +0.020468  -0.079928  0.219  0.000  0.485  T  d3
  3280   1025.000  -0.116458  -0.024982  0.203  0.000  0.485  T  d3
  3281   1025.312  -0.048662  +0.080040  0.219  0.000  0.485  T  d0
  3282   1025.625  +0.020987  +0.101413  0.234  0.011  0.485  T  d3
  3283   1025.938  +0.111552  +0.060331  0.250  0.011  0.485  T  d3
  3284   1026.250  +0.108627  -0.035464  0.250  0.011  0.485  T  d3
  3285   1026.562  +0.037973  -0.095923  0.266  0.011  0.485  T  d3
  3286   1026.875  -0.059831  -0.072782  0.281  0.011  0.485  T  d3
  3287   1027.188  -0.104022  +0.020083  0.297  0.011  0.485  T  d0
  3288   1027.500  -0.069812  +0.098664  0.297  0.011  0.489  T  d0
  3289   1027.812  +0.021062  +0.126376  0.297  0.011  0.489  T  d3
  3290   1028.125  +0.071775  +0.035662  0.297  0.011  0.489  T  d3
  3291   1028.438  +0.000299  -0.028054  0.297  0.011  0.489  T  d3
  3292   1028.750  -0.041616  +0.018395  0.312  0.011  0.489  T  d2
  3293   1029.062  +0.020059  -0.011070  0.328  0.011  0.489  T  d2
  3294   1029.375  -0.108429  +0.015667  0.344  0.021  0.489  T  d2
  3295   1029.688  +0.276448  -0.154139  0.344  0.021  0.489  T  d0
  3296   1030.000  +0.364367  -0.273453  0.359  0.021  0.489  T  d2
  3297   1030.312  -0.087910  +0.043344  0.375  0.021  0.489  T  d2
  3298   1030.625  +0.101855  -0.060616  0.391  0.021  0.489  T  d2
  3299   1030.938  -0.430557  +0.328170  0.391  0.021  0.489  T  d0
  3300   1031.250  -0.044260  +0.111880  0.391  0.021  0.489  T  d2
  3301   1031.562  +0.054245  -0.075959  0.391  0.021  0.489  T  d1
  3302   1031.875  +0.039869  +0.080825  0.391  0.021  0.489  T  d2
  3303   1032.188  -0.332146  -0.464232  0.391  0.021  0.489  T  d0
  3304   1032.500  -0.114750  -0.061026  0.391  0.021  0.446  T  d1
  3305   1032.812  +0.032134  -0.033529  0.406  0.021  0.446  T  d1
  3306   1033.125  +0.070542  +0.098719  0.422  0.000  0.446  T  d0
  3307   1033.438  +0.442844  +0.312086  0.438  0.000  0.446  T  d2
  3308   1033.750  -0.098355  -0.078372  0.453  0.000  0.446  T  d1
  3309   1034.062  +0.073003  -0.081370  0.453  0.000  0.446  T  d2
  3310   1034.375  -0.124351  +0.044219  0.453  0.000  0.446  T  d0
  3311   1034.688  -0.329868  +0.364476  0.453  0.000  0.446  T  d2
  3312   1035.000  +0.069696  -0.104555  0.453  0.000  0.446  T  d0
  3313   1035.312  +0.034136  -0.037443  0.453  0.000  0.446  T  d0
  3314   1035.625  +0.052045  -0.049975  0.438  0.000  0.446  T  d0
  3315   1035.938  +0.034333  -0.034022  0.438  0.000  0.446  T  d0
  3316   1036.250  +0.049716  -0.021013  0.438  0.000  0.446  T  d0
  3317   1036.562  +0.037071  -0.008875  0.438  0.000  0.446  T  d0
  3318   1036.875  +0.028256  -0.008185  0.453  0.000  0.446  T  d0
  3319   1037.188  +0.018044  +0.003908  0.453  0.000  0.446  T  d0
  3320   1037.500  +0.009101  +0.001097  0.453  0.000  0.455  T  d1
  3321   1037.812  +0.003555  +0.006201  0.453  0.000  0.455  T  d1
  3322   1038.125  -0.006020  +0.001202  0.469  0.000  0.455  T  d0
  3323   1038.438  -0.005701  +0.001280  0.484  0.000  0.455  T  d0
  3324   1038.750  -0.012846  -0.003314  0.484  0.000  0.455  T  d0
  3325   1039.062  -0.004108  -0.004743  0.500  0.000  0.455  T  d0
  3326   1039.375  -0.008763  -0.013433  0.516  0.000  0.455  T  d0
  3327   1039.688  -0.012566  -0.005280  0.531  0.000  0.455  T  d0
  3328   1040.000  -0.003749  -0.007949  0.531  0.000  0.455  T  d0
  3329   1040.312  -0.002118  -0.007159  0.547  0.000  0.455  T  d0
  3330   1040.625  -0.000316  -0.004749  0.562  0.000  0.455  T  d0
  3331   1040.938  +0.000345  -0.004132  0.578  0.000  0.455  T  d1
  3332   1041.250  +0.002453  +0.000679  0.578  0.000  0.455  T  d3
  3333   1041.562  -0.003399  -0.006111  0.594  0.000  0.455  T  d2
  3334   1041.875  +0.000622  +0.007626  0.609  0.000  0.455  T  d2
  3335   1042.188  +0.000531  -0.002012  0.609  0.000  0.455  T  d2
  3336   1042.500  -0.005201  +0.011927  0.594  0.000  0.421  T  d0
  3337   1042.812  +0.000035  +0.002990  0.609  0.000  0.421  T  d0
  3338   1043.125  -0.003948  +0.004644  0.625  0.000  0.421  T  d0
  3339   1043.438  -0.002479  +0.001342  0.625  0.000  0.421  T  d0
  3340   1043.750  -0.003539  +0.003782  0.641  0.000  0.421  T  d1
  3341   1044.062  -0.002890  -0.000485  0.656  0.000  0.421  T  d3
  3342   1044.375  -0.000997  +0.001990  0.672  0.000  0.421  T  d1
  3343   1044.688  -0.002583  -0.001917  0.672  0.000  0.421  T  d2
  3344   1045.000  +0.002584  +0.001598  0.672  0.000  0.421  T  d2
  3345   1045.312  -0.000962  -0.001279  0.672  0.000  0.421  T  d2
  3346   1045.625  +0.006744  +0.002477  0.656  0.000  0.421  T  d2
  3347   1045.938  -0.001037  -0.001670  0.641  0.000  0.421  T  d2
  3348   1046.250  +0.002932  +0.005889  0.625  0.000  0.421  T  d3
  3349   1046.562  +0.011353  +0.003411  0.609  0.000  0.421  T  d0
  3350   1046.875  +0.006061  +0.000850  0.594  0.000  0.421  T  d1
  3351   1047.188  +0.004918  +0.010286  0.578  0.000  0.421  T  d0
  3352   1047.500  +0.003920  +0.004275  0.562  0.000  0.408  T  d0
  3353   1047.812  +0.002564  +0.008669  0.562  0.000  0.408  T  d0
  3354   1048.125  +0.000906  +0.001970  0.562  0.000  0.408  T  d0
  3355   1048.438  +0.000855  +0.004193  0.547  0.000  0.408  T  d2
  3356   1048.750  -0.000746  -0.004231  0.531  0.000  0.408  T  d0
  3357   1049.062  +0.001685  -0.004703  0.516  0.000  0.408  T  d0
  3358   1049.375  +0.000172  -0.013574  0.500  0.000  0.408  T  d0
  3359   1049.688  +0.008991  -0.013627  0.484  0.000  0.408  T  d0
  3360   1050.000  +0.005727  -0.019283  0.484  0.000  0.408  T  d0
  3361   1050.312  +0.024893  -0.024254  0.469  0.000  0.408  T  d0
  3362   1050.625  +0.008310  -0.019910  0.453  0.000  0.408  T  d0
  3363   1050.938  +0.030324  -0.019009  0.438  0.000  0.408  T  d0
  3364   1051.250  +0.008762  -0.010612  0.453  0.000  0.408  T  d0
  3365   1051.562  +0.020943  -0.007671  0.453  0.000  0.408  T  d0
  3366   1051.875  +0.003416  -0.002429  0.453  0.000  0.408  T  d3
  3367   1052.188  -0.003207  -0.005222  0.453  0.000  0.408  T  d3
  3368   1052.500  -0.024386  +0.001960  0.469  0.000  0.425  T  d0
  3369   1052.812  -0.039526  -0.012040  0.453  0.000  0.425  T  d0
  3370   1053.125  -0.062600  -0.014177  0.438  0.000  0.425  T  d0
  3371   1053.438  -0.076878  -0.039121  0.438  0.000  0.425  T  d0
  3372   1053.750  -0.086558  -0.050140  0.422  0.000  0.425  T  d0
  3373   1054.062  -0.109064  -0.092155  0.422  0.000  0.425  T  d0
  3374   1054.375  -0.096851  -0.076587  0.422  0.000  0.425  T  d0
  3375   1054.688  -0.104542  -0.191376  0.438  0.000  0.425  T  d3
  3376   1055.000  -0.019860  +0.019206  0.438  0.000  0.425  T  d0
  3377   1055.312  -0.542550  +0.581195  0.438  0.000  0.425  T  d3
  3378   1055.625  +0.034666  +0.909254  0.438  0.000  0.425  T  d3
  3379   1055.938  +0.959494  +0.387673  0.453  0.000  0.425  T  d3
  3380   1056.250  +0.957282  -0.498959  0.453  0.000  0.425  T  d3
  3381   1056.562  +0.292753  -1.021068  0.453  0.000  0.425  T  d3
  3382   1056.875  -0.654340  -0.841415  0.438  0.000  0.425  T  d3
  3383   1057.188  -1.041341  +0.097192  0.438  0.000  0.425  T  d3
  3384   1057.500  -0.683343  +0.893849  0.438  0.000  0.472  T  d3
  3385   1057.812  +0.249689  +1.189962  0.422  0.000  0.472  T  d3
  3386   1058.125  +0.742333  +0.283736  0.406  0.000  0.472  T  d3
  3387   1058.438  +0.022679  -0.285037  0.391  0.000  0.472  T  d3
  3388   1058.750  -0.362875  +0.170906  0.406  0.000  0.472  T  d2
  3389   1059.062  +0.143836  -0.086869  0.391  0.000  0.472  T  d2
  3390   1059.375  -0.911988  +0.159409  0.375  0.000  0.472  T  d2
  3391   1059.688  +2.160031  -1.237471  0.359  0.000  0.472  T  d0
  3392   1060.000  +2.841001  -2.215126  0.359  0.000  0.472  T  d2
  3393   1060.312  -0.737038  +0.342625  0.344  0.000  0.472  T  d2
  3394   1060.625  +0.741895  -0.509398  0.328  0.000  0.472  T  d2
  3395   1060.938  -3.463592  +2.642933  0.328  0.000  0.472  T  d0
  3396   1061.250  -0.374640  +0.893522  0.312  0.000  0.472  T  d2
  3397   1061.562  +0.390295  -0.610758  0.297  0.000  0.472  T  d1
  3398   1061.875  +0.348216  +0.694277  0.281  0.000  0.472  T  d2
  3399   1062.188  -2.666009  -3.696610  0.297  0.000  0.472  T  d0
  3400   1062.500  -0.873405  -0.447652  0.297  0.000  0.472  T  d1
  3401   1062.812  +0.251669  -0.199705  0.281  0.000  0.472  T  d1
  3402   1063.125  +0.604414  +0.898908  0.266  0.000  0.472  T  d0
  3403   1063.438  +3.596608  +2.605830  0.266  0.000  0.472  T  d2
  3404   1063.750  -0.735249  -0.527039  0.250  0.000  0.472  T  d1
  3405   1064.062  +0.556134  -0.385690  0.234  0.000  0.472  T  d2
  3406   1064.375  -0.952741  +0.493485  0.219  0.000  0.472  T  d0
  3407   1064.688  -2.710927  +3.346319  0.203  0.000  0.472  T  d2
  3408   1065.000  +0.730227  -0.861727  0.219  0.000  0.472  T  d2
  3409   1065.312  -0.462497  +0.452783  0.219  0.000  0.472  T  d2
  3410   1065.625  +2.474770  -3.147837  0.234  0.000  0.472  T  d0
  3411   1065.938  +1.112186  -2.229433  0.234  0.000  0.472  T  d2
  3412   1066.250  +0.095709  +0.816636  0.234  0.000  0.472  T  d2
  3413   1066.562  -0.145625  -0.229476  0.250  0.000  0.472  T  d1
  3414   1066.875  +0.758790  +0.159236  0.250  0.000  0.472  T  d2
  3415   1067.188  -2.301889  +1.242243  0.250  0.000  0.472  T  d0
  3416   1067.500  -3.076337  +2.427487  0.250  0.000  0.511  T  d2
  3417   1067.812  +0.583438  -0.382994  0.250  0.000  0.511  T  d2
  3418   1068.125  -0.879547  +0.562281  0.250  0.000  0.511  T  d2
  3419   1068.438  +3.366629  -2.731619  0.250  0.000  0.511  T  d0
  3420   1068.750  +0.320021  -0.921771  0.250  0.000  0.511  T  d2
  3421   1069.062  -0.448756  +0.581330  0.250  0.000  0.511  T  d1
  3422   1069.375  -0.352716  -0.714224  0.250  0.000  0.511  T  d2
  3423   1069.688  +2.664900  +3.662930  0.266  0.000  0.511  T  d0
  3424   1070.000  +0.893039  +0.449716  0.250  0.000  0.511  T  d1
  3425   1070.312  -0.236791  +0.233907  0.250  0.000  0.511  T  d1
  3426   1070.625  -0.607975  -0.872728  0.250  0.000  0.511  T  d0
  3427   1070.938  -3.627653  -2.592154  0.266  0.000  0.511  T  d2
  3428   1071.250  +0.715401  +0.522208  0.250  0.000  0.511  T  d1
  3429   1071.562  -0.584721  +0.350935  0.250  0.000  0.511  T  d2
  3430   1071.875  +0.925628  -0.558754  0.250  0.000  0.511  T  d0
  3431   1072.188  +2.673052  -3.450164  0.250  0.000  0.511  T  d2
  3432   1072.500  -0.697958  +0.718703  0.234  0.000  0.506  T  d2
  3433   1072.812  +0.493545  -0.604861  0.234  0.000  0.506  T  d2
  3434   1073.125  -2.337684  +2.985245  0.234  0.000  0.506  T  d0
  3435   1073.438  -1.048871  +2.123981  0.219  0.000  0.506  T  d2
  3436   1073.750  +0.192980  -0.945302  0.234  0.000  0.506  T  d2
  3437   1074.062  +0.007855  +0.195850  0.234  0.000  0.506  T  d2
  3438   1074.375  +0.088227  -0.350888  0.234  0.000  0.506  T  d1
  3439   1074.688  +0.249029  -0.115618  0.219  0.000  0.506  T  d0
  3440   1075.000  +0.373941  -0.328724  0.219  0.000  0.506  T  d0
  3441   1075.312  +0.131194  +0.004854  0.219  0.000  0.506  T  d0
  3442   1075.625  +0.206416  -0.087306  0.234  0.000  0.506  T  d1
  3443   1075.938  -0.060932  +0.190414  0.219  0.000  0.506  T  d3
  3444   1076.250  +0.071359  +0.079753  0.219  0.000  0.506  T  d0
  3445   1076.562  +0.110857  +0.014229  0.219  0.000  0.506  T  d1
  3446   1076.875  +0.040136  +0.090441  0.219  0.000  0.506  T  d2
  3447   1077.188  -0.145831  -0.194758  0.219  0.000  0.506  T  d3
  3448   1077.500  -0.075753  -0.005410  0.203  0.000  0.511  T  d1
  3449   1077.812  -0.003113  -0.008812  0.203  0.000  0.511  T  d2
  3450   1078.125  +0.006573  +0.053081  0.203  0.000  0.511  T  d3
  3451   1078.438  +0.204575  +0.138897  0.203  0.000  0.511  T  d2
  3452   1078.750  -0.063485  -0.042859  0.188  0.000  0.511  T  d1
  3453   1079.062  +0.041313  -0.046463  0.188  0.000  0.511  T  d2
  3454   1079.375  -0.047967  +0.043225  0.188  0.000  0.511  T  d0
  3455   1079.688  -0.152075  +0.195645  0.188  0.000  0.511  T  d3
  3456   1080.000  +0.067787  -0.002389  0.188  0.000  0.511  T  d2
  3457   1080.312  -0.017254  +0.016240  0.188  0.000  0.511  T  d2
  3458   1080.625  +0.207458  -0.043927  0.188  0.000  0.511  T  d0
  3459   1080.938  +0.480079  -0.205655  0.172  0.000  0.511  T  d3
  3460   1081.250  +0.067493  -0.474204  0.188  0.000  0.511  T  d3
  3461   1081.562  -0.387345  -0.310830  0.188  0.000  0.511  T  d3
  3462   1081.875  -0.513638  +0.119390  0.188  0.000  0.511  T  d3
  3463   1082.188  -0.254199  +0.495925  0.172  0.000  0.511  T  d3
  3464   1082.500  +0.227434  +0.490524  0.188  0.000  0.579  T  d3
  3465   1082.812  +0.512377  +0.121363  0.188  0.000  0.579  T  d3
  3466   1083.125  +0.442018  -0.348703  0.188  0.000  0.579  T  d3
  3467   1083.438  -0.011515  -0.539854  0.188  0.000  0.579  T  d0
  3468   1083.750  -0.339163  -0.331799  0.188  0.000  0.579  T  d3
  3469   1084.062  -0.526239  +0.151120  0.188  0.000  0.579  T  d3
  3470   1084.375  +0.091686  +0.394910  0.188  0.000  0.579  T  d2
  3471   1084.688  +0.121667  -0.362514  0.203  0.000  0.579  T  d3
  3472   1085.000  -0.570616  -0.082973  0.188  0.000  0.579  T  d3
  3473   1085.312  -0.234993  +0.389941  0.172  0.000  0.579  T  d0
  3474   1085.625  +0.101188  +0.502162  0.156  0.000  0.579  T  d3
  3475   1085.938  +0.540094  +0.257090  0.172  0.000  0.579  T  d3
  3476   1086.250  +0.494826  -0.215955  0.172  0.000  0.579  T  d3
  3477   1086.562  +0.158196  -0.511336  0.156  0.000  0.579  T  d3
  3478   1086.875  -0.323148  -0.413735  0.156  0.000  0.579  T  d3
  3479   1087.188  -0.507805  +0.016566  0.156  0.000  0.579  T  d3
  3480   1087.500  -0.313892  +0.399719  0.156  0.000  0.567  T  d3
  3481   1087.812  +0.155473  +0.514996  0.156  0.000  0.567  T  d3
  3482   1088.125  +0.443150  +0.055134  0.156  0.000  0.567  T  d3
  3483   1088.438  +0.044239  -0.210917  0.156  0.000  0.567  T  d3
  3484   1088.750  -0.042024  +0.023576  0.156  0.000  0.567  T  d1
  3485   1089.062  +0.013535  -0.073859  0.156  0.000  0.567  T  d3
  3486   1089.375  -0.057639  -0.002045  0.156  0.000  0.567  T  d2
  3487   1089.688  +0.142852  -0.121089  0.141  0.000  0.567  T  d0
  3488   1090.000  +0.188063  -0.150995  0.141  0.000  0.567  T  d2
  3489   1090.312  -0.052148  -0.002638  0.141  0.000  0.567  T  d2
  3490   1090.625  +0.048101  -0.039002  0.141  0.000  0.567  T  d2
  3491   1090.938  -0.226279  +0.155949  0.125  0.000  0.567  T  d0
  3492   1091.250  -0.024122  +0.048860  0.125  0.000  0.567  T  d2
  3493   1091.562  +0.007832  -0.032043  0.125  0.000  0.567  T  d2
  3494   1091.875  +0.013535  +0.038765  0.125  0.000  0.567  T  d2
  3495   1092.188  -0.181065  -0.228306  0.125  0.000  0.567  T  d0
  3496   1092.500  -0.063827  -0.031657  0.125  0.000  0.532  T  d2
  3497   1092.812  +0.006545  +0.000809  0.125  0.000  0.532  T  d1
  3498   1093.125  +0.034459  +0.063059  0.125  0.025  0.532  T  d0
  3499   1093.438  +0.223799  +0.179118  0.125  0.025  0.532  T  d2
  3500   1093.750  -0.040959  -0.016362  0.109  0.025  0.532  T  d2
  3501   1094.062  +0.047850  +0.000982  0.109  0.025  0.532  T  d1
  3502   1094.375  -0.051571  +0.063630  0.109  0.025  0.532  T  d0
  3503   1094.688  -0.160935  +0.233344  0.109  0.025  0.532  T  d3
  3504   1095.000  +0.054739  +0.010078  0.125  0.025  0.532  T  d1
  3505   1095.312  -0.021200  +0.035528  0.125  0.025  0.532  T  d3
  3506   1095.625  +0.195385  -0.035350  0.109  0.025  0.532  T  d0
  3507   1095.938  +0.489238  -0.190369  0.109  0.025  0.532  T  d3
  3508   1096.250  +0.079571  -0.484333  0.125  0.025  0.532  T  d3
  3509   1096.562  -0.350319  -0.332302  0.125  0.025  0.532  T  d3
  3510   1096.875  -0.514895  +0.094905  0.125  0.059  0.532  T  d3
  3511   1097.188  -0.272176  +0.476540  0.125  0.059  0.532  T  d3
  3512   1097.500  +0.202690  +0.503004  0.141  0.059  0.515  T  d3
  3513   1097.812  +0.505370  +0.148693  0.141  0.059  0.515  T  d3
  3514   1098.125  +0.459259  -0.320054  0.141  0.059  0.515  T  d3
  3515   1098.438  +0.009486  -0.534950  0.156  0.059  0.515  T  d3
  3516   1098.750  -0.332133  -0.343464  0.156  0.059  0.515  T  d3
  3517   1099.062  -0.547580  +0.104642  0.156  0.059  0.515  T  d3
  3518   1099.375  +0.059360  +0.392808  0.156  0.059  0.515  T  d2
  3519   1099.688  +0.123547  -0.369465  0.172  0.059  0.515  T  d3
  3520   1100.000  -0.568304  -0.122154  0.156  0.059  0.515  T  d3
  3521   1100.312  -0.260739  +0.363562  0.156  0.059  0.515  T  d3
  3522   1100.625  +0.090448  +0.500499  0.156  0.054  0.515  T  d3
  3523   1100.938  +0.534098  +0.289183  0.172  0.054  0.515  T  d3
  3524   1101.250  +0.528932  -0.178980  0.156  0.054  0.515  T  d3
  3525   1101.562  +0.197316  -0.451902  0.156  0.054  0.515  T  d3
  3526   1101.875  -0.295740  -0.387125  0.156  0.054  0.515  T  d3
  3527   1102.188  -0.509533  +0.061397  0.156  0.054  0.515  T  d3
  3528   1102.500  -0.349353  +0.457700  0.156  0.054  0.485  T  d3
  3529   1102.812  +0.108908  +0.604424  0.156  0.054  0.485  T  d3
  3530   1103.125  +0.371312  +0.155715  0.156  0.054  0.485  T  d3
  3531   1103.438  +0.020522  -0.151604  0.141  0.054  0.485  T  d3
  3532   1103.750  -0.181270  +0.074207  0.156  0.054  0.485  T  d2
  3533   1104.062  +0.079653  -0.050286  0.156  0.054  0.485  T  d2
  3534   1104.375  -0.444460  +0.053147  0.156  0.079  0.485  T  d2
  3535   1104.688  +1.106307  -0.599651  0.141  0.079  0.485  T  d0
  3536   1105.000  +1.467598  -1.074692  0.156  0.079  0.485  T  d2
  3537   1105.312  -0.363205  +0.152730  0.156  0.079  0.485  T  d2
  3538   1105.625  +0.383240  -0.248821  0.156  0.079  0.485  T  d2
  3539   1105.938  -1.765221  +1.269878  0.156  0.079  0.485  T  d0
  3540   1106.250  -0.196266  +0.440648  0.156  0.079  0.485  T  d2
  3541   1106.562  +0.203152  -0.297767  0.156  0.079  0.485  T  d1
  3542   1106.875  +0.166312  +0.352270  0.156  0.079  0.485  T  d2
  3543   1107.188  -1.283786  -1.882904  0.172  0.079  0.485  T  d0
  3544   1107.500  -0.431693  -0.240744  0.172  0.079  0.506  T  d1
  3545   1107.812  +0.127650  -0.094511  0.172  0.079  0.506  T  d1
  3546   1108.125  +0.285939  +0.452856  0.172  0.143  0.506  P  d0
  3547   1108.438  +1.762504  +1.346715  0.188  0.143  0.506  P  d2
  3548   1108.750  -0.367020  -0.273084  0.188  0.143  0.506  P  d1
  3549   1109.062  +0.279602  -0.189214  0.188  0.143  0.506  P  d2
  3550   1109.375  -0.486477  +0.227152  0.188  0.143  0.506  P  d0
  3551   1109.688  -1.397248  +1.632838  0.188  0.143  0.506  P  d2
  3552   1110.000  +0.375549  -0.428045  0.203  0.143  0.506  P  d2
  3553   1110.312  -0.233943  +0.216975  0.203  0.143  0.506  P  d2
  3554   1110.625  +1.277575  -1.546599  0.203  0.143  0.506  P  d0
  3555   1110.938  +0.588278  -1.103137  0.203  0.143  0.506  P  d2
  3556   1111.250  +0.039495  +0.409172  0.219  0.143  0.506  P  d2
  3557   1111.562  -0.067051  -0.115878  0.219  0.143  0.506  P  d1
  3558   1111.875  +0.377242  +0.090968  0.219  0.213  0.506  P  d2
  3559   1112.188  -1.164642  +0.594597  0.219  0.213  0.506  P  d0
  3560   1112.500  -1.569101  +1.184554  0.234  0.213  0.498  P  d2
  3561   1112.812  +0.288884  -0.179312  0.234  0.213  0.498  P  d2
  3562   1113.125  -0.457496  +0.276208  0.234  0.213  0.498  P  d2
  3563   1113.438  +1.697410  -1.327078  0.250  0.213  0.498  P  d0
  3564   1113.750  +0.153389  -0.458010  0.250  0.213  0.498  P  d2
  3565   1114.062  -0.251940  +0.277421  0.250  0.213  0.498  P  d1
  3566   1114.375  -0.185296  -0.369661  0.250  0.213  0.498  P  d2
  3567   1114.688  +1.276400  +1.843455  0.266  0.213  0.498  P  d0
  3568   1115.000  +0.438146  +0.220691  0.250  0.213  0.498  P  d1
  3569   1115.312  -0.123794  +0.102584  0.250  0.213  0.498  P  d1
  3570   1115.625  -0.280926  -0.447729  0.250  0.334  0.498  P  d0
  3571   1115.938  -1.776013  -1.323202  0.266  0.334  0.498  P  d2
  3572   1116.250  +0.376310  +0.285470  0.250  0.334  0.498  P  d1
  3573   1116.562  -0.277385  +0.212733  0.250  0.334  0.498  P  d2
  3574   1116.875  +0.484895  -0.219637  0.250  0.334  0.498  P  d0
  3575   1117.188  +1.377364  -1.619503  0.250  0.334  0.498  P  d2
  3576   1117.500  -0.379741  +0.435995  0.250  0.334  0.468  P  d2
  3577   1117.812  +0.230352  -0.205445  0.250  0.334  0.468  P  d2
  3578   1118.125  -1.270698  +1.559700  0.250  0.334  0.468  P  d0
  3579   1118.438  -0.579061  +1.115371  0.234  0.334  0.468  P  d2
  3580   1118.750  -0.046448  -0.412179  0.250  0.334  0.468  P  d2
  3581   1119.062  +0.068480  +0.117794  0.250  0.334  0.468  P  d1
  3582   1119.375  -0.375561  -0.093444  0.250  0.417  0.468  P  d2
  3583   1119.688  +1.170080  -0.606016  0.234  0.417  0.468  P  d0
  3584   1120.000  +1.560372  -1.200145  0.250  0.417  0.468  P  d2
  3585   1120.312  -0.279450  +0.184314  0.250  0.417  0.468  P  d2
  3586   1120.625  +0.458153  -0.278952  0.250  0.417  0.468  P  d2
  3587   1120.938  -1.681860  +1.339928  0.250  0.417  0.468  P  d0
  3588   1121.250  -0.147683  +0.462658  0.250  0.417  0.468  P  d2
  3589   1121.562  +0.247630  -0.281373  0.250  0.417  0.468  P  d1
  3590   1121.875  +0.184755  +0.369777  0.250  0.417  0.468  P  d2
  3591   1122.188  -1.287394  -1.840448  0.266  0.417  0.468  P  d0
  3592   1122.500  -0.440398  -0.214633  0.250  0.417  0.494  P  d1
  3593   1122.812  +0.120764  -0.106602  0.250  0.417  0.494  P  d1
  3594   1123.125  +0.285033  +0.446387  0.250  0.423  0.494  P  d0
  3595   1123.438  +1.784216  +1.307241  0.266  0.423  0.494  P  d2
  3596   1123.750  -0.376300  -0.282405  0.250  0.423  0.494  P  d1
  3597   1124.062  +0.275000  -0.214930  0.250  0.423  0.494  P  d2
  3598   1124.375  -0.480907  +0.224896  0.250  0.423  0.494  P  d0
  3599   1124.688  -1.367415  +1.630448  0.250  0.423  0.494  P  d2
  3600   1125.000  +0.375907  -0.437614  0.250  0.423  0.494  P  d2
  3601   1125.312  -0.231553  +0.216897  0.266  0.423  0.494  P  d2
  3602   1125.625  +1.260010  -1.565237  0.281  0.423  0.494  P  d0
  3603   1125.938  +0.565298  -1.113555  0.266  0.423  0.494  P  d2
  3604   1126.250  +0.047445  +0.412028  0.266  0.423  0.494  P  d2
  3605   1126.562  -0.075483  -0.114002  0.281  0.423  0.494  P  d2
  3606   1126.875  +0.377918  +0.089296  0.281  0.436  0.494  P  d2
  3607   1127.188  -1.164312  +0.613448  0.266  0.436  0.494  P  d0
  3608   1127.500  -1.552699  +1.201498  0.266  0.436  0.498  P  d2
  3609   1127.812  +0.287278  -0.189288  0.266  0.436  0.498  P  d2
  3610   1128.125  -0.448147  +0.275533  0.266  0.436  0.498  P  d2
  3611   1128.438  +1.690875  -1.350076  0.250  0.436  0.498  P  d0
  3612   1128.750  +0.159445  -0.463191  0.250  0.436  0.498  P  d2
  3613   1129.062  -0.225918  +0.289623  0.250  0.436  0.498  P  d1
  3614   1129.375  -0.173705  -0.359076  0.250  0.436  0.498  P  d2
  3615   1129.688  +1.313806  +1.845639  0.266  0.436  0.498  P  d0
  3616   1130.000  +0.445108  +0.225693  0.250  0.436  0.498  P  d1
  3617   1130.312  -0.117295  +0.117063  0.250  0.436  0.498  P  d1
  3618   1130.625  -0.300248  -0.437743  0.250  0.446  0.498  P  d0
  3619   1130.938  -1.802399  -1.308000  0.266  0.446  0.498  P  d2
  3620   1131.250  +0.355469  +0.264900  0.250  0.446  0.498  P  d1
  3621   1131.562  -0.292087  +0.174187  0.250  0.446  0.498  P  d2
  3622   1131.875  +0.466385  -0.276238  0.250  0.446  0.498  P  d0
  3623   1132.188  +1.350826  -1.712915  0.250  0.446  0.498  P  d2
  3624   1132.500  -0.352345  +0.362068  0.234  0.446  0.515  P  d2
  3625   1132.812  +0.247202  -0.303679  0.234  0.446  0.515  P  d2
  3626   1133.125  -1.178519  +1.484258  0.234  0.446  0.515  P  d0
  3627   1133.438  -0.531132  +1.057559  0.219  0.446  0.515  P  d2
  3628   1133.750  +0.099545  -0.472822  0.219  0.446  0.515  P  d2
  3629   1134.062  +0.002574  +0.098277  0.219  0.446  0.515  P  d2
  3630   1134.375  +0.044629  -0.177891  0.219  0.448  0.515  P  d1
  3631   1134.688  +0.127072  -0.059277  0.203  0.448  0.515  P  d0
  3632   1135.000  +0.189355  -0.160986  0.203  0.448  0.515  P  d0
  3633   1135.312  +0.063797  +0.003598  0.203  0.448  0.515  P  d0
  3634   1135.625  +0.105723  -0.040735  0.203  0.448  0.515  P  d1
  3635   1135.938  -0.030441  +0.094984  0.203  0.448  0.515  P  d3
  3636   1136.250  +0.036501  +0.036547  0.219  0.448  0.515  P  d0
  3637   1136.562  +0.053382  +0.005286  0.234  0.448  0.515  P  d1
  3638   1136.875  +0.018458  +0.045405  0.250  0.448  0.515  P  d2
  3639   1137.188  -0.078086  -0.100655  0.266  0.448  0.515  P  d3
  3640   1137.500  -0.036940  -0.003700  0.266  0.448  0.494  P  d1
  3641   1137.812  -0.001606  -0.004984  0.266  0.448  0.494  P  d2
  3642   1138.125  +0.004823  +0.027654  0.266  0.448  0.494  P  d3
  3643   1138.438  +0.101094  +0.069405  0.266  0.448  0.494  P  d2
  3644   1138.750  -0.033808  -0.018462  0.266  0.448  0.494  P  d1
  3645   1139.062  +0.021841  -0.023762  0.281  0.448  0.494  P  d2
  3646   1139.375  -0.027274  +0.021704  0.297  0.448  0.494  P  d0
  3647   1139.688  -0.076037  +0.099707  0.312  0.448  0.494  P  d3
  3648   1140.000  +0.031539  +0.001869  0.297  0.448  0.494  P  d1
  3649   1140.312  -0.010460  +0.011451  0.297  0.448  0.494  P  d2
  3650   1140.625  +0.101364  -0.017533  0.297  0.448  0.494  P  d0
  3651   1140.938  +0.236609  -0.097710  0.281  0.448  0.494  P  d3
  3652   1141.250  +0.033486  -0.236977  0.281  0.448  0.494  P  d3
  3653   1141.562  -0.192323  -0.155415  0.281  0.448  0.494  P  d3
  3654   1141.875  -0.258319  +0.056330  0.281  0.311  0.494  P  d3
  3655   1142.188  -0.130818  +0.248088  0.266  0.311  0.494  P  d3
  3656   1142.500  +0.113230  +0.250453  0.266  0.311  0.502  P  d3
  3657   1142.812  +0.261088  +0.071050  0.266  0.311  0.502  P  d3
  3658   1143.125  +0.233368  -0.163775  0.266  0.311  0.502  P  d3
  3659   1143.438  +0.010782  -0.258641  0.250  0.311  0.502  P  d3
  3660   1143.750  -0.149989  -0.159539  0.250  0.311  0.502  P  d3
  3661   1144.062  -0.249732  +0.086770  0.250  0.311  0.502  P  d3
  3662   1144.375  +0.054863  +0.213710  0.250  0.311  0.502  P  d3
  3663   1144.688  +0.092011  -0.135804  0.250  0.311  0.502  P  d3
  3664   1145.000  -0.275921  -0.064268  0.234  0.311  0.502  P  d3
  3665   1145.312  +0.008879  +0.041924  0.219  0.311  0.502  P  d3
  3666   1145.625  +0.040244  +0.019737  0.203  0.228  0.502  P  d0
  3667   1145.938  +0.032059  +0.040918  0.203  0.228  0.502  P  d0
  3668   1146.250  +0.022149  +0.028162  0.203  0.228  0.502  P  d0
  3669   1146.562  +0.018019  +0.028461  0.188  0.228  0.502  P  d0
  3670   1146.875  +0.009148  +0.023001  0.188  0.228  0.502  P  d0
  3671   1147.188  +0.005484  +0.016747  0.188  0.228  0.502  P  d0
  3672   1147.500  +0.008815  +0.014449  0.188  0.228  0.528  P  d3
  3673   1147.812  +0.002891  -0.002762  0.188  0.228  0.528  P  d2
  3674   1148.125  -0.000101  +0.002259  0.188  0.228  0.528  P  d2
  3675   1148.438  +0.001354  -0.004960  0.188  0.228  0.528  P  d0
  3676   1148.750  +0.002712  -0.003571  0.188  0.228  0.528  P  d0
  3677   1149.062  +0.003553  -0.007618  0.188  0.228  0.528  P  d0
  3678   1149.375  +0.005298  -0.004510  0.188  0.194  0.528  P  d0
  3679   1149.688  +0.003589  -0.007221  0.172  0.194  0.528  P  d1
  3680   1150.000  +0.006757  -0.002121  0.172  0.194  0.528  P  d3
  3681   1150.312  +0.001768  -0.004981  0.172  0.194  0.528  P  d1
  3682   1150.625  +0.007324  +0.001873  0.172  0.194  0.528  P  d3
  3683   1150.938  +0.005142  -0.004862  0.156  0.194  0.528  P  d2
  3684   1151.250  -0.001177  +0.001655  0.156  0.194  0.528  P  d2
  3685   1151.562  +0.001786  -0.002145  0.156  0.194  0.528  P  d3
  3686   1151.875  -0.002201  -0.003982  0.156  0.194  0.528  P  d2
  3687   1152.188  +0.002895  +0.004249  0.156  0.194  0.528  P  d2
  3688   1152.500  -0.004133  -0.005956  0.156  0.194  0.524  P  d3
  3689   1152.812  -0.006049  +0.005209  0.156  0.194  0.524  P  d2
  3690   1153.125  +0.000565  -0.003760  0.156  0.152  0.524  P  d3
  3691   1153.438  -0.002636  -0.000580  0.172  0.152  0.524  P  d1
  3692   1153.750  +0.000844  -0.003229  0.172  0.152  0.524  P  d3
  3693   1154.062  -0.001083  +0.000551  0.172  0.152  0.524  P  d2
  3694   1154.375  +0.002007  -0.003008  0.172  0.152  0.524  P  d3
  3695   1154.688  -0.006657  +0.000031  0.172  0.152  0.524  P  d2
  3696   1155.000  +0.003312  +0.001306  0.172  0.152  0.524  P  d2
  3697   1155.312  -0.000663  -0.001387  0.172  0.152  0.524  P  d2
  3698   1155.625  +0.001792  +0.003266  0.172  0.152  0.524  P  d2
  3699   1155.938  +0.002057  -0.007109  0.156  0.152  0.524  P  d2
  3700   1156.250  -0.005262  +0.003206  0.141  0.152  0.524  P  d3
  3701   1156.562  +0.001602  +0.004982  0.125  0.152  0.524  P  d2
  3702   1156.875  -0.000335  -0.000882  0.109  0.237  0.524  P  d2
  3703   1157.188  +0.000644  +0.001562  0.094  0.237  0.524  P  d3
  3704   1157.500  +0.000703  -0.000747  0.078  0.237  0.511  P  d1
  3705   1157.812  +0.000239  +0.001420  0.078  0.237  0.511  P  d2
  3706   1158.125  +0.001960  -0.005768  0.078  0.237  0.511  P  d3
  3707   1158.438  -0.006478  -0.002489  0.078  0.237  0.511  P  d3
  3708   1158.750  -0.000657  +0.002046  0.062  0.237  0.511  P  d3
  3709   1159.062  +0.002225  -0.000957  0.047  0.237  0.511  P  d2
  3710   1159.375  -0.004782  -0.001263  0.031  0.237  0.511  P  d3
  3711   1159.688  -0.001681  +0.006599  0.016  0.237  0.511  P  d3
  3712   1160.000  +0.003495  +0.000826  0.016  0.237  0.511  P  d2
  3713   1160.312  -0.000785  -0.000166  0.031  0.237  0.511  P  d2
  3714   1160.625  +0.001448  -0.000135  0.047  0.324  0.511  P  d1
  3715   1160.938  -0.000035  +0.000641  0.062  0.324  0.511  P  d3
  3716   1161.250  +0.001329  -0.000140  0.078  0.324  0.511  P  d1
  3717   1161.562  +0.000058  +0.001486  0.094  0.324  0.511  P  d2
  3718   1161.875  -0.000335  -0.000456  0.094  0.324  0.511  P  d2
  3719   1162.188  +0.000273  +0.001928  0.094  0.324  0.511  P  d1
  3720   1162.500  -0.001081  -0.000239  0.094  0.324  0.545  P  d3
  3721   1162.812  +0.000215  +0.002874  0.109  0.324  0.545  P  d3
  3722   1163.125  +0.004417  -0.001669  0.125  0.324  0.545  P  d0
  3723   1163.438  +0.003081  -0.000766  0.141  0.324  0.545  P  d3
  3724   1163.750  -0.002437  -0.005606  0.156  0.324  0.545  P  d3
  3725   1164.062  -0.001669  +0.002299  0.172  0.324  0.545  P  d1
  3726   1164.375  -0.001044  -0.002419  0.188  0.349  0.545  P  d3
  3727   1164.688  -0.000674  +0.001522  0.203  0.349  0.545  P  d2
  3728   1165.000  +0.000118  -0.004189  0.203  0.349  0.545  P  d3
  3729   1165.312  -0.004890  +0.003881  0.219  0.349  0.545  P  d2
  3730   1165.625  +0.004415  -0.001065  0.234  0.349  0.545  P  d2
  3731   1165.938  -0.002177  -0.000861  0.234  0.349  0.545  P  d3
  3732   1166.250  +0.001383  +0.007207  0.234  0.349  0.545  P  d3
  3733   1166.562  +0.004223  -0.002720  0.234  0.349  0.545  P  d2
  3734   1166.875  -0.004900  +0.002709  0.234  0.349  0.545  P  d3
  3735   1167.188  +0.003669  +0.003541  0.234  0.349  0.545  P  d3
  3736   1167.500  +0.000904  -0.000335  0.234  0.349  0.536  P  d1
  3737   1167.812  +0.002041  +0.005032  0.234  0.349  0.536  P  d2
  3738   1168.125  +0.000875  -0.005212  0.234  0.366  0.536  P  d3
  3739   1168.438  -0.004657  +0.002638  0.234  0.366  0.536  P  d2
  3740   1168.750  +0.005808  -0.000941  0.234  0.366  0.536  P  d3
  3741   1169.062  -0.001524  -0.005640  0.234  0.366  0.536  P  d1
  3742   1169.375  +0.000949  +0.000498  0.234  0.366  0.536  P  d3
  3743   1169.688  +0.000341  -0.005365  0.234  0.366  0.536  P  d1
  3744   1170.000  +0.002812  -0.000451  0.250  0.366  0.536  P  d0
  3745   1170.312  +0.001699  -0.000840  0.250  0.366  0.536  P  d0
  3746   1170.625  +0.006409  -0.001796  0.250  0.366  0.536  P  d0
  3747   1170.938  +0.008085  -0.007905  0.250  0.366  0.536  P  d0
  3748   1171.250  +0.001431  -0.000880  0.266  0.366  0.536  P  d0
  3749   1171.562  +0.005645  -0.003962  0.266  0.366  0.536  P  d2
  3750   1171.875  -0.000643  +0.001379  0.266  0.350  0.536  P  d2
  3751   1172.188  +0.003401  -0.004761  0.266  0.350  0.536  P  d3
  3752   1172.500  -0.009174  -0.003348  0.281  0.350  0.545  P  d0
  3753   1172.812  -0.006183  -0.000649  0.281  0.350  0.545  P  d0
  3754   1173.125  -0.016741  -0.006626  0.281  0.350  0.545  P  d0
  3755   1173.438  -0.017633  -0.003968  0.281  0.350  0.545  P  d0
  3756   1173.750  -0.015542  -0.010193  0.281  0.350  0.545  P  d0
  3757   1174.062  -0.020272  -0.025382  0.281  0.350  0.545  P  d0
  3758   1174.375  -0.024711  -0.017985  0.281  0.350  0.545  P  d0
  3759   1174.688  -0.017662  -0.050818  0.297  0.350  0.545  P  d3
  3760   1175.000  -0.009059  +0.001187  0.297  0.350  0.545  P  d0
  3761   1175.312  -0.131514  +0.144590  0.297  0.350  0.545  P  d0
  3762   1175.625  +0.008065  +0.223359  0.297  0.334  0.545  P  d3
  3763   1175.938  +0.241781  +0.094533  0.312  0.334  0.545  P  d3
  3764   1176.250  +0.233886  -0.125466  0.312  0.334  0.545  P  d3
  3765   1176.562  +0.071387  -0.268314  0.312  0.334  0.545  P  d3
  3766   1176.875  -0.169253  -0.212882  0.312  0.334  0.545  P  d3
  3767   1177.188  -0.263852  +0.015295  0.312  0.334  0.545  P  d3
  3768   1177.500  -0.172022  +0.219177  0.312  0.334  0.571  P  d3
  3769   1177.812  +0.058200  +0.284164  0.312  0.334  0.571  P  d3
  3770   1178.125  +0.186918  +0.064687  0.312  0.334  0.571  P  d3
  3771   1178.438  +0.002210  -0.083484  0.312  0.334  0.571  P  d3
  3772   1178.750  -0.091924  +0.042582  0.312  0.334  0.571  P  d2
  3773   1179.062  +0.031795  -0.028118  0.312  0.334  0.571  P  d2
  3774   1179.375  -0.233782  +0.039166  0.312  0.335  0.571  P  d2
  3775   1179.688  +0.525223  -0.304422  0.312  0.335  0.571  P  d0
  3776   1180.000  +0.701098  -0.544332  0.312  0.335  0.571  P  d2
  3777   1180.312  -0.208958  +0.098941  0.297  0.335  0.571  P  d2
  3778   1180.625  +0.162074  -0.117909  0.297  0.335  0.571  P  d2
  3779   1180.938  -0.901988  +0.681634  0.281  0.335  0.571  P  d0
  3780   1181.250  -0.121092  +0.230641  0.266  0.335  0.571  P  d2
  3781   1181.562  +0.059013  -0.135392  0.250  0.335  0.571  P  d2
  3782   1181.875  +0.052424  +0.174565  0.250  0.335  0.571  P  d2
  3783   1182.188  -0.697043  -0.900818  0.250  0.335  0.571  P  d0
  3784   1182.500  -0.235001  -0.108727  0.250  0.335  0.571  P  d2
  3785   1182.812  +0.073865  -0.023686  0.234  0.335  0.571  P  d1
  3786   1183.125  +0.165869  +0.255352  0.219  0.335  0.571  P  d0
  3787   1183.438  +0.947525  +0.696443  0.203  0.335  0.571  P  d2
  3788   1183.750  -0.141045  -0.045406  0.188  0.335  0.571  P  d2
  3789   1184.062  +0.206705  -0.004548  0.172  0.335  0.571  P  d1
  3790   1184.375  -0.169246  +0.280402  0.156  0.335  0.571  P  d0
  3791   1184.688  -0.600437  +0.956436  0.141  0.335  0.571  P  d3
  3792   1185.000  +0.232107  +0.059721  0.156  0.335  0.571  P  d1
  3793   1185.312  -0.085576  +0.147309  0.141  0.335  0.571  P  d3
  3794   1185.625  +0.773174  -0.173328  0.125  0.335  0.571  P  d0
  3795   1185.938  +1.901342  -0.843456  0.125  0.335  0.571  P  d3
  3796   1186.250  +0.217491  -1.952491  0.141  0.335  0.571  P  d3
  3797   1186.562  -1.523629  -1.254597  0.141  0.335  0.571  P  d3
  3798   1186.875  -2.031067  +0.451569  0.141  0.337  0.571  P  d3
  3799   1187.188  -1.001816  +1.944917  0.141  0.337  0.571  P  d3
  3800   1187.500  +0.918951  +1.944418  0.156  0.337  0.571  P  d3
  3801   1187.812  +2.081450  +0.484722  0.156  0.337  0.571  P  d3
  3802   1188.125  +1.800258  -1.353941  0.156  0.337  0.571  P  d3
  3803   1188.438  +0.027219  -2.144888  0.172  0.337  0.571  P  d3
  3804   1188.750  -1.314338  -1.334288  0.172  0.337  0.571  P  d3
  3805   1189.062  -2.099072  +0.554793  0.172  0.337  0.571  P  d3
  3806   1189.375  +0.363704  +1.579224  0.172  0.337  0.571  P  d2
  3807   1189.688  +0.488189  -1.440877  0.188  0.337  0.571  P  d3
  3808   1190.000  -2.278612  -0.357345  0.172  0.337  0.571  P  d3
  3809   1190.312  -0.972449  +1.564770  0.172  0.337  0.571  P  d0
  3810   1190.625  +0.386713  +2.030833  0.172  0.336  0.571  P  d3
  3811   1190.938  +2.141575  +1.016558  0.188  0.336  0.571  P  d3
  3812   1191.250  +1.990480  -0.874559  0.172  0.336  0.571  P  d3
  3813   1191.562  +0.644173  -2.010298  0.172  0.336  0.571  P  d3
  3814   1191.875  -1.303190  -1.692994  0.172  0.336  0.571  P  d3
  3815   1192.188  -2.050423  +0.034678  0.172  0.336  0.571  P  d3
  3816   1192.500  -1.246851  +1.580690  0.156  0.336  0.562  P  d3
  3817   1192.812  +0.614445  +2.062802  0.156  0.336  0.562  P  d3
  3818   1193.125  +1.778312  +0.218642  0.156  0.336  0.562  P  d3
  3819   1193.438  +0.175378  -0.831567  0.141  0.336  0.562  P  d2
  3820   1193.750  -0.145415  +0.098344  0.141  0.336  0.562  P  d2
  3821   1194.062  +0.056633  -0.293098  0.141  0.336  0.562  P  d3
  3822   1194.375  -0.237749  -0.015596  0.141  0.334  0.562  P  d2
  3823   1194.688  +0.572592  -0.468954  0.125  0.334  0.562  P  d0
  3824   1195.000  +0.744227  -0.602152  0.125  0.334  0.562  P  d2
  3825   1195.312  -0.207989  +0.002119  0.125  0.334  0.562  P  d2
  3826   1195.625  +0.186636  -0.151702  0.141  0.334  0.562  P  d2
  3827   1195.938  -0.912508  +0.617654  0.125  0.334  0.562  P  d0
  3828   1196.250  -0.118931  +0.205861  0.125  0.334  0.562  P  d2
  3829   1196.562  +0.029466  -0.143584  0.125  0.334  0.562  P  d2
  3830   1196.875  +0.036719  +0.157409  0.125  0.334  0.562  P  d2
  3831   1197.188  -0.693139  -0.885824  0.125  0.334  0.562  P  d0
  3832   1197.500  -0.255641  -0.118365  0.125  0.334  0.562  P  d1
  3833   1197.812  +0.033792  -0.027817  0.125  0.334  0.562  P  d1
  3834   1198.125  +0.137130  +0.240385  0.125  0.333  0.562  P  d0
  3835   1198.438  +0.905186  +0.707408  0.125  0.333  0.562  P  d2
  3836   1198.750  -0.153590  -0.060749  0.125  0.333  0.562  P  d2
  3837   1199.062  +0.192764  +0.000368  0.125  0.333  0.562  P  d1
  3838   1199.375  -0.193849  +0.269167  0.141  0.333  0.562  P  d0
  3839   1199.688  -0.636537  +0.945073  0.156  0.333  0.562  P  d3
  3840   1200.000  +0.224604  +0.061255  0.172  0.333  0.562  P  d1
  3841   1200.312  -0.084770  +0.160278  0.188  0.333  0.562  P  d3
  3842   1200.625  +0.771846  -0.138919  0.188  0.333  0.562  P  d0
  3843   1200.938  +1.928960  -0.778789  0.188  0.333  0.562  P  d3
  3844   1201.250  +0.263440  -1.935789  0.188  0.333  0.562  P  d3
  3845   1201.562  -1.484678  -1.293180  0.188  0.333  0.562  P  d3
  3846   1201.875  -2.050311  +0.403057  0.203  0.329  0.562  P  d3
  3847   1202.188  -1.056236  +1.916639  0.219  0.329  0.562  P  d3
  3848   1202.500  +0.861732  +1.975249  0.234  0.329  0.597  P  d3
  3849   1202.812  +2.069931  +0.540460  0.250  0.329  0.597  P  d3
  3850   1203.125  +1.840802  -1.299917  0.266  0.329  0.597  P  d3
  3851   1203.438  +0.092022  -2.144811  0.266  0.329  0.597  P  d3
  3852   1203.750  -1.269379  -1.364082  0.266  0.329  0.597  P  d3
  3853   1204.062  -2.105229  +0.499403  0.266  0.329  0.597  P  d3
  3854   1204.375  +0.330518  +1.597447  0.281  0.329  0.597  P  d2
  3855   1204.688  +0.531214  -1.423063  0.297  0.329  0.597  P  d3
  3856   1205.000  -2.262254  -0.407534  0.297  0.329  0.597  P  d3
  3857   1205.312  -1.015293  +1.543590  0.312  0.329  0.597  P  d0
  3858   1205.625  +0.334152  +2.045565  0.312  0.330  0.597  P  d3
  3859   1205.938  +2.105149  +1.072232  0.328  0.330  0.597  P  d3
  3860   1206.250  +2.008315  -0.830617  0.312  0.330  0.597  P  d3
  3861   1206.562  +0.686083  -2.005302  0.312  0.330  0.597  P  d3
  3862   1206.875  -1.260199  -1.750003  0.312  0.330  0.597  P  d3
  3863   1207.188  -2.051123  -0.042481  0.312  0.330  0.597  P  d3
  3864   1207.500  -1.294049  +1.493057  0.297  0.330  0.558  P  d3
  3865   1207.812  +0.548378  +2.054181  0.297  0.330  0.558  P  d3
  3866   1208.125  +1.806975  +0.246825  0.297  0.330  0.558  P  d3
  3867   1208.438  +0.228781  -0.846294  0.281  0.330  0.558  P  d2
  3868   1208.750  -0.071023  +0.069555  0.281  0.330  0.558  P  d2
  3869   1209.062  +0.042205  -0.294882  0.281  0.330  0.558  P  d0
  3870   1209.375  -0.017052  -0.066806  0.281  0.338  0.558  P  d0
  3871   1209.688  +0.066820  -0.193466  0.266  0.338  0.558  P  d0
  3872   1210.000  +0.057081  -0.090055  0.266  0.338  0.558  P  d0
  3873   1210.312  +0.004709  -0.102501  0.266  0.338  0.558  P  d0
  3874   1210.625  +0.033633  -0.042558  0.281  0.338  0.558  P  d3
  3875   1210.938  -0.050683  -0.020656  0.266  0.338  0.558  P  d1
  3876   1211.250  +0.003417  -0.011238  0.266  0.338  0.558  P  d3
  3877   1211.562  -0.021271  -0.017361  0.266  0.338  0.558  P  d0
  3878   1211.875  -0.007524  -0.007141  0.266  0.338  0.558  P  d0
  3879   1212.188  -0.063212  -0.046689  0.266  0.338  0.558  P  d0
  3880   1212.500  -0.031355  -0.019587  0.266  0.338  0.562  P  d0
  3881   1212.812  -0.032639  -0.001874  0.266  0.338  0.562  P  d0
  3882   1213.125  -0.019182  +0.001734  0.266  0.353  0.562  P  d3
  3883   1213.438  +0.012053  +0.037113  0.266  0.353  0.562  P  d2
  3884   1213.750  -0.022851  -0.013994  0.266  0.353  0.562  P  d3
  3885   1214.062  -0.008196  +0.002122  0.266  0.353  0.562  P  d0
  3886   1214.375  -0.019167  +0.005284  0.266  0.353  0.562  P  d0
  3887   1214.688  -0.042321  +0.048870  0.266  0.353  0.562  P  d0
  3888   1215.000  -0.000683  +0.000859  0.281  0.353  0.562  P  d0
  3889   1215.312  -0.000711  +0.016825  0.281  0.353  0.562  P  d3
  3890   1215.625  +0.029767  +0.000341  0.266  0.353  0.562  P  d0
  3891   1215.938  +0.099498  -0.023032  0.266  0.353  0.562  P  d3
  3892   1216.250  +0.013754  -0.079453  0.281  0.353  0.562  P  d3
  3893   1216.562  -0.063066  -0.056123  0.281  0.353  0.562  P  d3
  3894   1216.875  -0.103044  +0.019562  0.281  0.408  0.562  P  d3
  3895   1217.188  -0.048492  +0.090279  0.281  0.408  0.562  P  d3
  3896   1217.500  +0.032978  +0.104363  0.297  0.408  0.579  P  d3
  3897   1217.812  +0.094465  +0.032454  0.297  0.408  0.579  P  d3
  3898   1218.125  +0.087118  -0.054670  0.297  0.408  0.579  P  d3
  3899   1218.438  +0.012597  -0.101285  0.312  0.408  0.579  P  d3
  3900   1218.750  -0.057204  -0.060486  0.312  0.408  0.579  P  d3
  3901   1219.062  -0.099442  +0.014260  0.312  0.408  0.579  P  d3
  3902   1219.375  +0.010552  +0.077963  0.297  0.408  0.579  P  d2
  3903   1219.688  +0.030481  -0.067513  0.297  0.408  0.579  P  d3
  3904   1220.000  -0.101548  -0.025701  0.281  0.408  0.579  P  d3
  3905   1220.312  -0.047155  +0.071179  0.266  0.408  0.579  P  d0
  3906   1220.625  +0.018737  +0.095797  0.250  0.451  0.579  P  d3
  3907   1220.938  +0.093812  +0.057571  0.266  0.451  0.579  P  d3
  3908   1221.250  +0.096912  -0.031854  0.266  0.451  0.579  P  d3
  3909   1221.562  +0.034861  -0.095875  0.266  0.451  0.579  P  d3
  3910   1221.875  -0.050747  -0.083404  0.250  0.451  0.579  P  d3
  3911   1222.188  -0.095271  -0.005200  0.234  0.451  0.579  P  d3
  3912   1222.500  -0.062460  +0.065586  0.219  0.451  0.554  P  d3
  3913   1222.812  +0.017514  +0.101228  0.203  0.451  0.554  P  d3
  3914   1223.125  +0.079905  +0.015987  0.188  0.451  0.554  P  d3
  3915   1223.438  +0.011790  -0.038549  0.188  0.451  0.554  P  d3
  3916   1223.750  -0.006895  +0.003047  0.188  0.451  0.554  P  d1
  3917   1224.062  +0.004006  -0.013195  0.188  0.451  0.554  P  d3
  3918   1224.375  -0.011873  -0.002118  0.172  0.458  0.554  P  d2
  3919   1224.688  +0.030894  -0.019861  0.156  0.458  0.554  P  d0
  3920   1225.000  +0.035026  -0.028090  0.141  0.458  0.554  P  d2
  3921   1225.312  -0.008111  +0.002070  0.125  0.458  0.554  P  d2
  3922   1225.625  +0.007348  -0.008404  0.141  0.458  0.554  P  d2
  3923   1225.938  -0.041996  +0.027492  0.125  0.458  0.554  P  d0
  3924   1226.250  -0.005716  +0.007528  0.125  0.458  0.554  P  d2
  3925   1226.562  +0.001879  -0.005050  0.125  0.458  0.554  P  d2
  3926   1226.875  +0.001341  +0.006193  0.125  0.458  0.554  P  d2
  3927   1227.188  -0.033066  -0.045831  0.125  0.458  0.554  P  d0
  3928   1227.500  -0.011431  -0.006148  0.125  0.458  0.579  P  d1
  3929   1227.812  +0.002972  -0.001513  0.125  0.458  0.579  P  d1
  3930   1228.125  +0.004316  +0.011546  0.125  0.456  0.579  P  d0
  3931   1228.438  +0.038929  +0.039048  0.125  0.456  0.579  P  d2
  3932   1228.750  -0.005334  -0.004682  0.125  0.456  0.579  P  d2
  3933   1229.062  +0.007432  +0.001721  0.125  0.456  0.579  P  d1
  3934   1229.375  -0.006836  +0.011050  0.125  0.456  0.579  P  d0
  3935   1229.688  -0.036437  +0.040153  0.125  0.456  0.579  P  d3
  3936   1230.000  +0.012745  +0.005161  0.141  0.456  0.579  P  d1
  3937   1230.312  -0.006677  +0.005251  0.141  0.456  0.579  P  d2
  3938   1230.625  +0.038654  -0.000610  0.125  0.456  0.579  P  d0
  3939   1230.938  +0.091485  -0.034508  0.125  0.456  0.579  P  d3
  3940   1231.250  +0.014787  -0.089075  0.141  0.456  0.579  P  d3
  3941   1231.562  -0.066771  -0.062642  0.141  0.456  0.579  P  d3
  3942   1231.875  -0.096931  +0.016100  0.141  0.322  0.579  P  d3
  3943   1232.188  -0.049737  +0.088504  0.141  0.322  0.579  P  d3
  3944   1232.500  +0.038928  +0.093022  0.156  0.322  0.614  P  d3
  3945   1232.812  +0.096604  +0.027168  0.156  0.322  0.614  P  d3
  3946   1233.125  +0.087062  -0.059383  0.156  0.322  0.614  P  d3
  3947   1233.438  +0.006113  -0.100390  0.172  0.322  0.614  P  d3
  3948   1233.750  -0.058899  -0.064410  0.172  0.322  0.614  P  d3
  3949   1234.062  -0.097652  +0.021607  0.172  0.322  0.614  P  d3
  3950   1234.375  +0.007871  +0.075414  0.172  0.322  0.614  P  d2
  3951   1234.688  +0.027422  -0.067172  0.188  0.322  0.614  P  d3
  3952   1235.000  -0.103089  -0.028373  0.172  0.322  0.614  P  d3
  3953   1235.312  -0.048446  +0.071403  0.172  0.322  0.614  P  d0
  3954   1235.625  +0.013181  +0.094909  0.172  0.062  0.614  T  d3
  3955   1235.938  +0.093934  +0.058938  0.188  0.062  0.614  T  d3
  3956   1236.250  +0.094244  -0.030372  0.172  0.062  0.614  T  d3
  3957   1236.562  +0.037217  -0.095944  0.172  0.062  0.614  T  d3
  3958   1236.875  -0.051623  -0.082546  0.172  0.062  0.614  T  d3
  3959   1237.188  -0.094240  -0.008210  0.172  0.062  0.614  T  d3
  3960   1237.500  -0.064321  +0.066464  0.156  0.062  0.567  T  d3
  3961   1237.812  +0.017235  +0.100795  0.156  0.062  0.567  T  d3
  3962   1238.125  +0.079673  +0.018651  0.156  0.062  0.567  T  d3
  3963   1238.438  +0.012006  -0.038166  0.141  0.062  0.567  T  d2
  3964   1238.750  -0.007332  +0.004847  0.156  0.062  0.567  T  d2
  3965   1239.062  +0.004259  -0.014032  0.156  0.062  0.567  T  d3
  3966   1239.375  -0.011974  -0.000583  0.156  0.000  0.567  T  d2
  3967   1239.688  +0.030888  -0.020519  0.141  0.000  0.567  T  d0
  3968   1240.000  +0.036588  -0.026361  0.141  0.000  0.567  T  d2
  3969   1240.312  -0.009045  +0.000843  0.141  0.000  0.567  T  d2
  3970   1240.625  +0.008271  -0.007570  0.141  0.000  0.567  T  d2
  3971   1240.938  -0.044035  +0.027529  0.125  0.000  0.567  T  d0
  3972   1241.250  -0.004199  +0.006615  0.125  0.000  0.567  T  d2
  3973   1241.562  +0.000769  -0.004574  0.125  0.000  0.567  T  d2
  3974   1241.875  +0.002198  +0.005817  0.125  0.000  0.567  T  d2
  3975   1242.188  -0.031720  -0.045230  0.125  0.000  0.567  T  d0
  3976   1242.500  -0.010822  -0.006746  0.125  0.000  0.549  T  d2
  3977   1242.812  +0.003186  -0.000399  0.125  0.000  0.549  T  d1
  3978   1243.125  +0.004622  +0.010778  0.141  0.000  0.549  T  d0
  3979   1243.438  +0.038519  +0.040726  0.141  0.000  0.549  T  d2
  3980   1243.750  -0.005279  -0.004544  0.141  0.000  0.549  T  d2
  3981   1244.062  +0.008030  +0.003179  0.141  0.000  0.549  T  d1
  3982   1244.375  -0.007599  +0.010646  0.141  0.000  0.549  T  d0
  3983   1244.688  -0.036026  +0.040018  0.141  0.000  0.549  T  d3
  3984   1245.000  +0.012125  +0.004928  0.156  0.000  0.549  T  d1
  3985   1245.312  -0.005424  +0.004718  0.156  0.000  0.549  T  d2
  3986   1245.625  +0.038064  -0.001530  0.141  0.000  0.549  T  d0
  3987   1245.938  +0.093904  -0.035382  0.141  0.000  0.549  T  d3
  3988   1246.250  +0.015679  -0.089092  0.156  0.000  0.549  T  d3
  3989   1246.562  -0.063613  -0.066267  0.172  0.000  0.549  T  d3
  3990   1246.875  -0.095429  +0.014738  0.188  0.032  0.549  T  d3
  3991   1247.188  -0.049284  +0.085603  0.203  0.032  0.549  T  d3
  3992   1247.500  +0.039505  +0.094146  0.219  0.032  0.549  T  d3
  3993   1247.812  +0.096736  +0.027037  0.234  0.032  0.549  T  d3
  3994   1248.125  +0.089051  -0.058117  0.250  0.032  0.549  T  d3
  3995   1248.438  +0.004664  -0.101084  0.250  0.032  0.549  T  d0
  3996   1248.750  -0.059006  -0.064789  0.250  0.032  0.549  T  d3
  3997   1249.062  -0.102112  +0.019410  0.250  0.032  0.549  T  d3
  3998   1249.375  +0.003189  +0.073535  0.266  0.032  0.549  T  d2
  3999   1249.688  +0.021035  -0.069433  0.281  0.032  0.549  T  d3
  4000   1250.000  -0.107098  -0.034527  0.281  0.032  0.549  T  d3
  4001   1250.312  -0.056458  +0.065883  0.297  0.032  0.549  T  d3
  4002   1250.625  +0.009505  +0.088747  0.312  0.095  0.549  T  d3
  4003   1250.938  +0.089155  +0.056267  0.328  0.095  0.549  T  d3
  4004   1251.250  +0.093939  -0.035203  0.328  0.095  0.549  T  d3
  4005   1251.562  +0.037168  -0.093203  0.344  0.095  0.549  T  d3
  4006   1251.875  -0.050965  -0.082459  0.344  0.095  0.549  T  d3
  4007   1252.188  -0.091715  +0.002507  0.359  0.095  0.549  T  d3
  4008   1252.500  -0.069180  +0.079132  0.359  0.095  0.515  T  d3
  4009   1252.812  +0.017107  +0.122337  0.375  0.095  0.515  T  d0
  4010   1253.125  +0.061047  +0.046330  0.391  0.095  0.515  T  d3
  4011   1253.438  +0.006286  -0.010781  0.391  0.095  0.515  T  d2
  4012   1253.750  -0.050947  +0.044192  0.406  0.095  0.515  T  d3
  4013   1254.062  +0.007382  +0.016121  0.406  0.095  0.515  T  d1
  4014   1254.375  -0.136234  +0.056235  0.406  0.099  0.515  T  d2
  4015   1254.688  +0.237964  -0.105785  0.391  0.099  0.515  T  d0
  4016   1255.000  +0.308954  -0.175295  0.391  0.099  0.515  T  d2
  4017   1255.312  -0.108789  +0.068227  0.391  0.099  0.515  T  d1
  4018   1255.625  -0.031441  -0.021992  0.391  0.099  0.515  T  d3
  4019   1255.938  -0.060132  +0.012563  0.375  0.099  0.515  T  d0
  4020   1256.250  -0.027694  -0.012602  0.375  0.099  0.515  T  d0
  4021   1256.562  -0.040712  -0.004318  0.375  0.099  0.515  T  d0
  4022   1256.875  -0.019194  -0.014626  0.375  0.099  0.515  T  d0
  4023   1257.188  -0.019691  -0.005790  0.375  0.099  0.515  T  d0
  4024   1257.500  -0.009598  -0.010781  0.375  0.099  0.545  T  d0
  4025   1257.812  -0.005005  -0.001187  0.391  0.099  0.545  T  d0
  4026   1258.125  -0.003392  -0.003143  0.406  0.076  0.545  T  d2
  4027   1258.438  +0.002304  +0.003800  0.406  0.076  0.545  T  d1
  4028   1258.750  -0.002247  +0.003847  0.391  0.076  0.545  T  d3
  4029   1259.062  +0.006709  +0.008032  0.391  0.076  0.545  T  d0
  4030   1259.375  +0.000213  +0.000961  0.391  0.076  0.545  T  d0
  4031   1259.688  -0.003843  +0.014442  0.406  0.076  0.545  T  d0
  4032   1260.000  +0.000466  +0.008234  0.422  0.076  0.545  T  d0
  4033   1260.312  -0.002621  +0.004994  0.438  0.076  0.545  T  d0
  4034   1260.625  -0.000938  +0.004396  0.453  0.076  0.545  T  d0
  4035   1260.938  -0.001890  +0.002807  0.469  0.076  0.545  T  d0
  4036   1261.250  -0.000861  +0.001498  0.484  0.076  0.545  T  d0
  4037   1261.562  -0.000270  +0.000586  0.500  0.076  0.545  T  d3
  4038   1261.875  +0.000687  -0.000030  0.516  0.070  0.545  T  d0
  4039   1262.188  +0.001426  -0.000177  0.516  0.070  0.545  T  d0
  4040   1262.500  +0.001756  -0.000678  0.516  0.070  0.562  T  d0
  4041   1262.812  +0.002996  -0.000737  0.531  0.070  0.562  T  d0
  4042   1263.125  +0.002159  -0.000405  0.531  0.070  0.562  T  d0
  4043   1263.438  +0.004404  +0.000296  0.547  0.070  0.562  T  d0
  4044   1263.750  +0.000562  -0.000414  0.562  0.070  0.562  T  d1
  4045   1264.062  +0.007390  +0.006694  0.578  0.070  0.562  T  d3
  4046   1264.375  +0.002601  -0.004621  0.594  0.070  0.562  T  d2
  4047   1264.688  +0.000777  +0.004459  0.609  0.070  0.562  T  d3
  4048   1265.000  +0.004944  -0.006630  0.609  0.070  0.562  T  d3
  4049   1265.312  -0.001899  -0.001483  0.609  0.070  0.562  T  d2
  4050   1265.625  +0.001913  +0.000378  0.609  0.066  0.562  T  d3
  4051   1265.938  -0.003461  -0.007135  0.625  0.066  0.562  T  d3
  4052   1266.250  -0.005306  +0.001343  0.609  0.066  0.562  T  d1
  4053   1266.562  +0.003216  -0.008972  0.594  0.066  0.562  T  d3
  4054   1266.875  -0.005355  -0.000095  0.578  0.066  0.562  T  d2
  4055   1267.188  +0.003686  -0.003457  0.562  0.066  0.562  T  d3
  4056   1267.500  -0.002901  -0.006727  0.547  0.066  0.511  T  d0
  4057   1267.812  +0.001459  -0.005366  0.531  0.066  0.511  T  d0
  4058   1268.125  -0.002683  -0.007137  0.516  0.066  0.511  T  d3
  4059   1268.438  -0.006665  -0.002601  0.516  0.066  0.511  T  d2
  4060   1268.750  +0.005517  +0.001909  0.531  0.066  0.511  T  d2
  4061   1269.062  -0.004044  -0.004367  0.531  0.066  0.511  T  d3
  4062   1269.375  -0.004440  +0.003754  0.516  0.055  0.511  T  d0
  4063   1269.688  -0.009959  -0.000605  0.500  0.055  0.511  T  d0
  4064   1270.000  -0.008005  +0.005634  0.484  0.055  0.511  T  d0
  4065   1270.312  -0.017914  +0.002622  0.469  0.055  0.511  T  d0
  4066   1270.625  -0.012321  +0.003751  0.453  0.055  0.511  T  d0
  4067   1270.938  -0.023428  +0.005672  0.438  0.055  0.511  T  d0
  4068   1271.250  -0.014606  +0.001128  0.422  0.055  0.511  T  d0
  4069   1271.562  -0.022327  +0.008265  0.406  0.055  0.511  T  d0
  4070   1271.875  -0.010908  -0.001685  0.406  0.055  0.511  T  d3
  4071   1272.188  -0.008618  +0.010181  0.391  0.055  0.511  T  d3
  4072   1272.500  +0.003225  +0.009819  0.375  0.055  0.506  T  d0
  4073   1272.812  -0.000442  +0.020912  0.359  0.055  0.506  T  d0
  4074   1273.125  +0.012669  +0.029881  0.344  0.051  0.506  T  d0
  4075   1273.438  +0.020097  +0.041638  0.328  0.051  0.506  T  d0
  4076   1273.750  +0.016856  +0.055538  0.312  0.051  0.506  T  d0
  4077   1274.062  +0.025192  +0.075259  0.312  0.051  0.506  T  d0
  4078   1274.375  +0.016445  +0.085289  0.312  0.051  0.506  T  d0
  4079   1274.688  +0.013796  +0.101931  0.312  0.051  0.506  T  d0
  4080   1275.000  +0.036496  +0.119307  0.328  0.051  0.506  T  d1
  4081   1275.312  -0.077229  +0.100042  0.328  0.051  0.506  T  d3
  4082   1275.625  +0.327673  -0.023586  0.328  0.051  0.506  T  d0
  4083   1275.938  +0.909377  -0.328845  0.328  0.051  0.506  T  d3
  4084   1276.250  +0.120650  -0.912665  0.344  0.051  0.506  T  d3
  4085   1276.562  -0.716602  -0.641642  0.344  0.051  0.506  T  d3
  4086   1276.875  -1.011744  +0.167064  0.344  0.043  0.506  T  d3
  4087   1277.188  -0.552545  +0.901247  0.344  0.043  0.506  T  d3
  4088   1277.500  +0.370842  +0.965168  0.359  0.043  0.536  T  d3
  4089   1277.812  +0.967884  +0.288960  0.344  0.043  0.536  T  d3
  4090   1278.125  +0.887812  -0.593248  0.328  0.043  0.536  T  d3
  4091   1278.438  +0.032331  -1.016601  0.344  0.043  0.536  T  d0
  4092   1278.750  -0.618397  -0.671867  0.344  0.043  0.536  T  d3
  4093   1279.062  -1.047762  +0.195717  0.344  0.043  0.536  T  d3
  4094   1279.375  +0.112197  +0.756809  0.344  0.043  0.536  T  d2
  4095   1279.688  +0.251168  -0.697265  0.344  0.043  0.536  T  d3
  4096   1280.000  -1.087319  -0.251830  0.328  0.043  0.536  T  d3
  4097   1280.312  -0.509698  +0.711447  0.312  0.043  0.536  T  d3
  4098   1280.625  +0.177748  +0.986035  0.297  0.032  0.536  T  d3
  4099   1280.938  +1.022465  +0.561287  0.297  0.032  0.536  T  d3
  4100   1281.250  +1.014669  -0.336422  0.281  0.032  0.536  T  d3
  4101   1281.562  +0.392297  -0.872167  0.266  0.032  0.536  T  d3
  4102   1281.875  -0.567713  -0.750393  0.250  0.032  0.536  T  d3
  4103   1282.188  -0.990490  +0.118219  0.250  0.032  0.536  T  d3
  4104   1282.500  -0.675886  +0.865661  0.266  0.032  0.528  T  d3
  4105   1282.812  +0.202436  +1.160106  0.250  0.032  0.528  T  d3
  4106   1283.125  +0.713408  +0.300329  0.234  0.032  0.528  T  d3
  4107   1283.438  +0.044768  -0.289046  0.219  0.032  0.528  T  d3
  4108   1283.750  -0.335576  +0.135677  0.219  0.032  0.528  T  d2
  4109   1284.062  +0.156764  -0.106020  0.203  0.032  0.528  T  d2
  4110   1284.375  -0.855139  +0.094510  0.188  0.016  0.528  T  d2
  4111   1284.688  +2.130911  -1.134308  0.172  0.016  0.528  T  d0
  4112   1285.000  +2.829909  -2.033226  0.172  0.016  0.528  T  d2
  4113   1285.312  -0.697041  +0.291648  0.172  0.016  0.528  T  d2
  4114   1285.625  +0.739892  -0.474300  0.172  0.016  0.528  T  d2
  4115   1285.938  -3.407641  +2.417726  0.172  0.016  0.528  T  d0
  4116   1286.250  -0.386020  +0.841628  0.172  0.016  0.528  T  d2
  4117   1286.562  +0.396138  -0.575168  0.172  0.016  0.528  T  d1
  4118   1286.875  +0.308771  +0.671986  0.172  0.016  0.528  T  d2
  4119   1287.188  -2.453860  -3.635709  0.188  0.016  0.528  T  d0
  4120   1287.500  -0.832367  -0.464280  0.188  0.016  0.545  T  d1
  4121   1287.812  +0.239582  -0.186738  0.188  0.016  0.545  T  d1
  4122   1288.125  +0.547199  +0.873042  0.188  0.000  0.545  T  d0
  4123   1288.438  +3.374379  +2.602947  0.203  0.000  0.545  T  d2
  4124   1288.750  -0.696586  -0.528533  0.188  0.000  0.545  T  d1
  4125   1289.062  +0.537223  -0.355122  0.188  0.000  0.545  T  d2
  4126   1289.375  -0.930877  +0.441556  0.188  0.000  0.545  T  d0
  4127   1289.688  -2.695053  +3.137955  0.188  0.000  0.545  T  d2
  4128   1290.000  +0.722639  -0.804143  0.203  0.000  0.545  T  d2
  4129   1290.312  -0.454399  +0.423561  0.219  0.000  0.545  T  d2
  4130   1290.625  +2.461318  -2.957531  0.234  0.000  0.545  T  d0
  4131   1290.938  +1.124345  -2.109536  0.234  0.000  0.545  T  d2
  4132   1291.250  +0.070929  +0.787205  0.234  0.000  0.545  T  d2
  4133   1291.562  -0.131203  -0.221434  0.250  0.000  0.545  T  d1
  4134   1291.875  +0.721982  +0.177374  0.250  0.000  0.545  T  d2
  4135   1292.188  -2.244401  +1.130935  0.250  0.000  0.545  T  d0
  4136   1292.500  -3.016030  +2.261333  0.250  0.000  0.554  T  d2
  4137   1292.812  +0.573001  -0.357350  0.250  0.000  0.554  T  d2
  4138   1293.125  -0.862344  +0.519705  0.250  0.000  0.554  T  d2
  4139   1293.438  +3.295711  -2.542628  0.250  0.000  0.554  T  d0
  4140   1293.750  +0.326952  -0.878425  0.250  0.000  0.554  T  d2
  4141   1294.062  -0.440929  +0.547243  0.250  0.000  0.554  T  d1
  4142   1294.375  -0.320796  -0.690676  0.250  0.000  0.554  T  d2
  4143   1294.688  +2.480528  +3.578923  0.266  0.000  0.554  T  d0
  4144   1295.000  +0.848608  +0.449172  0.250  0.000  0.554  T  d1
  4145   1295.312  -0.231020  +0.220926  0.250  0.000  0.554  T  d1
  4146   1295.625  -0.564663  -0.856112  0.250  0.000  0.554  T  d0
  4147   1295.938  -3.431815  -2.562968  0.266  0.000  0.554  T  d2
  4148   1296.250  +0.679127  +0.514913  0.250  0.000  0.554  T  d1
  4149   1296.562  -0.570956  +0.326707  0.250  0.000  0.554  T  d2
  4150   1296.875  +0.898006  -0.522028  0.250  0.000  0.554  T  d0
  4151   1297.188  +2.633177  -3.265503  0.250  0.000  0.554  T  d2
  4152   1297.500  -0.686107  +0.680347  0.234  0.000  0.515  T  d2
  4153   1297.812  +0.482838  -0.566490  0.234  0.000  0.515  T  d2
  4154   1298.125  -2.295795  +2.826795  0.234  0.000  0.515  T  d0
  4155   1298.438  -1.042081  +2.021664  0.219  0.000  0.515  T  d2
  4156   1298.750  +0.199490  -0.908320  0.234  0.000  0.515  T  d2
  4157   1299.062  -0.001326  +0.184302  0.234  0.000  0.515  T  d2
  4158   1299.375  +0.099073  -0.338153  0.234  0.000  0.515  T  d1
  4159   1299.688  +0.243246  -0.100895  0.219  0.000  0.515  T  d0
  4160   1300.000  +0.362352  -0.296353  0.219  0.000  0.515  T  d0
  4161   1300.312  +0.128870  +0.008168  0.219  0.000  0.515  T  d0
  4162   1300.625  +0.204064  -0.077509  0.234  0.000  0.515  T  d1
  4163   1300.938  -0.059470  +0.182772  0.219  0.000  0.515  T  d3
  4164   1301.250  +0.065215  +0.081646  0.219  0.000  0.515  T  d0
  4165   1301.562  +0.101819  +0.014401  0.219  0.000  0.515  T  d1
  4166   1301.875  +0.038735  +0.083498  0.219  0.000  0.515  T  d2
  4167   1302.188  -0.134181  -0.193433  0.219  0.000  0.515  T  d3
  4168   1302.500  -0.072426  -0.006934  0.203  0.000  0.536  T  d1
  4169   1302.812  -0.001937  -0.009517  0.203  0.000  0.536  T  d2
  4170   1303.125  +0.002604  +0.055406  0.203  0.000  0.536  T  d3
  4171   1303.438  +0.195556  +0.137322  0.203  0.000  0.536  T  d2
  4172   1303.750  -0.056952  -0.044072  0.188  0.000  0.536  T  d1
  4173   1304.062  +0.037133  -0.043638  0.188  0.000  0.536  T  d2
  4174   1304.375  -0.050436  +0.039413  0.188  0.000  0.536  T  d0
  4175   1304.688  -0.150051  +0.184858  0.188  0.000  0.536  T  d3
  4176   1305.000  +0.065486  -0.000728  0.188  0.000  0.536  T  d2
  4177   1305.312  -0.016249  +0.015765  0.188  0.000  0.536  T  d2
  4178   1305.625  +0.199591  -0.037900  0.188  0.000  0.536  T  d0
  4179   1305.938  +0.466039  -0.185931  0.172  0.000  0.536  T  d3
  4180   1306.250  +0.075986  -0.453950  0.188  0.000  0.536  T  d3
  4181   1306.562  -0.365304  -0.306807  0.188  0.000  0.536  T  d3
  4182   1306.875  -0.495634  +0.103428  0.188  0.000  0.536  T  d3
  4183   1307.188  -0.254479  +0.470914  0.172  0.000  0.536  T  d3
  4184   1307.500  +0.208354  +0.476007  0.188  0.000  0.597  T  d3
  4185   1307.812  +0.489569  +0.127730  0.188  0.000  0.597  T  d3
  4186   1308.125  +0.431269  -0.325769  0.188  0.000  0.597  T  d3
  4187   1308.438  +0.000008  -0.519156  0.188  0.000  0.597  T  d0
  4188   1308.750  -0.314930  -0.329739  0.188  0.000  0.597  T  d3
  4189   1309.062  -0.509986  +0.127317  0.188  0.000  0.597  T  d3
  4190   1309.375  +0.074216  +0.381489  0.188  0.000  0.597  T  d2
  4191   1309.688  +0.129436  -0.343798  0.203  0.000  0.597  T  d3
  4192   1310.000  -0.545996  -0.099730  0.188  0.000  0.597  T  d3
  4193   1310.312  -0.236875  +0.366378  0.172  0.000  0.597  T  d0
  4194   1310.625  +0.081230  +0.484113  0.156  0.000  0.597  T  d3
  4195   1310.938  +0.512165  +0.263069  0.172  0.000  0.597  T  d3
  4196   1311.250  +0.481547  -0.194160  0.172  0.000  0.597  T  d3
  4197   1311.562  +0.168990  -0.474780  0.156  0.000  0.597  T  d3
  4198   1311.875  -0.304487  -0.409748  0.156  0.000  0.597  T  d3
  4199   1312.188  -0.492362  -0.002099  0.156  0.000  0.597  T  d3
  4200   1312.500  -0.315256  +0.371670  0.156  0.000  0.584  T  d3
  4201   1312.812  +0.127549  +0.500943  0.156  0.000  0.584  T  d3
  4202   1313.125  +0.424380  +0.071989  0.156  0.000  0.584  T  d3
  4203   1313.438  +0.051630  -0.200627  0.156  0.000  0.584  T  d3
  4204   1313.750  -0.036675  +0.019433  0.172  0.000  0.584  T  d1
  4205   1314.062  +0.015725  -0.069585  0.172  0.000  0.584  T  d3
  4206   1314.375  -0.055001  -0.003903  0.172  0.017  0.584  T  d2
  4207   1314.688  +0.140515  -0.110781  0.156  0.017  0.584  T  d0
  4208   1315.000  +0.186191  -0.137623  0.156  0.017  0.584  T  d2
  4209   1315.312  -0.050257  -0.004523  0.156  0.017  0.584  T  d2
  4210   1315.625  +0.047560  -0.035484  0.156  0.017  0.584  T  d2
  4211   1315.938  -0.222689  +0.141161  0.141  0.017  0.584  T  d0
  4212   1316.250  -0.024861  +0.046411  0.141  0.017  0.584  T  d2
  4213   1316.562  +0.008605  -0.030118  0.141  0.017  0.584  T  d2
  4214   1316.875  +0.011997  +0.037938  0.141  0.017  0.584  T  d2
  4215   1317.188  -0.165001  -0.224890  0.141  0.017  0.584  T  d0
  4216   1317.500  -0.060248  -0.034235  0.141  0.017  0.549  T  d1
  4217   1317.812  +0.005594  -0.003661  0.141  0.017  0.549  T  d1
  4218   1318.125  +0.031031  +0.062368  0.141  0.046  0.549  T  d0
  4219   1318.438  +0.210512  +0.178745  0.141  0.046  0.549  T  d2
  4220   1318.750  -0.038995  -0.016552  0.125  0.046  0.549  T  d2
  4221   1319.062  +0.045745  +0.002323  0.125  0.046  0.549  T  d1
  4222   1319.375  -0.051231  +0.060046  0.125  0.046  0.549  T  d0
  4223   1319.688  -0.160712  +0.220852  0.125  0.046  0.549  T  d3
  4224   1320.000  +0.052840  +0.011451  0.141  0.046  0.549  T  d1
  4225   1320.312  -0.021587  +0.034039  0.141  0.046  0.549  T  d3
  4226   1320.625  +0.188415  -0.028170  0.125  0.046  0.549  T  d0
  4227   1320.938  +0.473575  -0.170766  0.125  0.046  0.549  T  d3
  4228   1321.250  +0.088539  -0.462821  0.141  0.046  0.549  T  d3
  4229   1321.562  -0.331060  -0.325939  0.141  0.046  0.549  T  d3
  4230   1321.875  -0.494157  +0.077583  0.141  0.031  0.549  T  d3
  4231   1322.188  -0.266553  +0.443867  0.141  0.031  0.549  T  d3
  4232   1322.500  +0.181643  +0.488651  0.156  0.031  0.532  T  d3
  4233   1322.812  +0.481549  +0.153951  0.156  0.031  0.532  T  d3
  4234   1323.125  +0.445895  -0.297857  0.156  0.031  0.532  T  d3
  4235   1323.438  +0.019450  -0.513225  0.172  0.031  0.532  T  d0
  4236   1323.750  -0.313636  -0.339128  0.172  0.031  0.532  T  d3
  4237   1324.062  -0.530918  +0.098485  0.172  0.031  0.532  T  d3
  4238   1324.375  +0.047608  +0.378940  0.172  0.031  0.532  T  d2
  4239   1324.688  +0.125519  -0.354724  0.188  0.031  0.532  T  d3
  4240   1325.000  -0.543762  -0.133775  0.172  0.031  0.532  T  d3
  4241   1325.312  -0.258865  +0.347659  0.172  0.031  0.532  T  d3
  4242   1325.625  +0.085273  +0.491999  0.172  0.024  0.532  T  d3
  4243   1325.938  +0.509242  +0.282904  0.188  0.024  0.532  T  d3
  4244   1326.250  +0.510804  -0.163938  0.172  0.024  0.532  T  d3
  4245   1326.562  +0.201221  -0.434390  0.172  0.024  0.532  T  d3
  4246   1326.875  -0.279094  -0.376417  0.172  0.024  0.532  T  d3
  4247   1327.188  -0.496366  +0.056193  0.172  0.024  0.532  T  d3
  4248   1327.500  -0.341647  +0.431972  0.172  0.024  0.502  T  d3
  4249   1327.812  +0.094451  +0.582124  0.172  0.024  0.502  T  d3
  4250   1328.125  +0.355541  +0.155884  0.172  0.024  0.502  T  d3
  4251   1328.438  +0.023117  -0.145003  0.156  0.024  0.502  T  d3
  4252   1328.750  -0.175202  +0.064391  0.172  0.024  0.502  T  d2
  4253   1329.062  +0.076147  -0.049583  0.172  0.024  0.502  T  d2
  4254   1329.375  -0.426483  +0.046070  0.172  0.056  0.502  T  d2
  4255   1329.688  +1.069833  -0.560046  0.156  0.056  0.502  T  d0
  4256   1330.000  +1.422421  -1.006778  0.172  0.056  0.502  T  d2
  4257   1330.312  -0.348838  +0.142710  0.172  0.056  0.502  T  d2
  4258   1330.625  +0.377759  -0.235611  0.172  0.056  0.502  T  d2
  4259   1330.938  -1.710589  +1.197683  0.172  0.056  0.502  T  d0
  4260   1331.250  -0.196924  +0.416521  0.172  0.056  0.502  T  d2
  4261   1331.562  +0.199255  -0.285198  0.172  0.056  0.502  T  d1
  4262   1331.875  +0.150931  +0.339281  0.172  0.056  0.502  T  d2
  4263   1332.188  -1.213075  -1.824168  0.188  0.056  0.502  T  d0
  4264   1332.500  -0.415410  -0.232961  0.188  0.056  0.502  T  d1
  4265   1332.812  +0.124853  -0.092385  0.188  0.056  0.502  T  d1
  4266   1333.125  +0.272041  +0.439264  0.188  0.112  0.502  T  d0
  4267   1333.438  +1.675338  +1.317581  0.203  0.112  0.502  T  d2
  4268   1333.750  -0.348369  -0.267374  0.188  0.112  0.502  T  d1
  4269   1334.062  +0.273125  -0.179644  0.188  0.112  0.502  T  d2
  4270   1334.375  -0.466865  +0.213882  0.188  0.112  0.502  T  d0
  4271   1334.688  -1.357785  +1.557748  0.188  0.112  0.502  T  d2
  4272   1335.000  +0.360479  -0.405800  0.203  0.112  0.502  T  d2
  4273   1335.312  -0.225837  +0.204585  0.203  0.112  0.502  T  d2
  4274   1335.625  +1.242685  -1.473838  0.203  0.112  0.502  T  d0
  4275   1335.938  +0.574993  -1.057189  0.203  0.112  0.502  T  d2
  4276   1336.250  +0.033735  +0.392299  0.219  0.112  0.502  T  d2
  4277   1336.562  -0.060629  -0.116298  0.219  0.112  0.502  T  d1
  4278   1336.875  +0.364338  +0.093806  0.219  0.176  0.502  P  d2
  4279   1337.188  -1.126673  +0.563877  0.219  0.176  0.502  P  d0
  4280   1337.500  -1.517222  +1.128272  0.234  0.176  0.494  P  d2
  4281   1337.812  +0.279274  -0.174360  0.234  0.176  0.494  P  d2
  4282   1338.125  -0.442788  +0.263101  0.234  0.176  0.494  P  d2
  4283   1338.438  +1.639522  -1.261835  0.250  0.176  0.494  P  d0
  4284   1338.750  +0.150541  -0.439130  0.250  0.176  0.494  P  d2
  4285   1339.062  -0.244894  +0.264530  0.250  0.176  0.494  P  d1
  4286   1339.375  -0.172926  -0.357870  0.250  0.176  0.494  P  d2
  4287   1339.688  +1.215985  +1.782205  0.266  0.176  0.494  P  d0
  4288   1340.000  +0.418048  +0.213563  0.250  0.176  0.494  P  d1
  4289   1340.312  -0.119995  +0.098157  0.250  0.176  0.494  P  d1
  4290   1340.625  -0.269688  -0.435653  0.250  0.280  0.494  P  d0
  4291   1340.938  -1.697480  -1.281354  0.266  0.280  0.494  P  d2
  4292   1341.250  +0.360802  +0.273999  0.250  0.280  0.494  P  d1
  4293   1341.562  -0.266329  +0.204602  0.250  0.280  0.494  P  d2
  4294   1341.875  +0.463185  -0.208429  0.250  0.280  0.494  P  d0
  4295   1342.188  +1.330824  -1.551849  0.250  0.280  0.494  P  d2
  4296   1342.500  -0.365562  +0.417854  0.250  0.280  0.433  P  d2
  4297   1342.812  +0.223993  -0.193697  0.250  0.280  0.433  P  d2
  4298   1343.125  -1.230042  +1.496892  0.250  0.280  0.433  P  d0
  4299   1343.438  -0.558268  +1.069612  0.234  0.280  0.433  P  d2
  4300   1343.750  -0.048976  -0.391260  0.234  0.280  0.433  P  d2
  4301   1344.062  +0.063439  +0.111340  0.234  0.280  0.433  P  d1
  4302   1344.375  -0.363329  -0.090503  0.234  0.355  0.433  P  d2
  4303   1344.688  +1.123159  -0.575243  0.219  0.355  0.433  P  d0
  4304   1345.000  +1.499945  -1.144701  0.234  0.355  0.433  P  d2
  4305   1345.312  -0.271563  +0.174283  0.234  0.355  0.433  P  d2
  4306   1345.625  +0.440720  -0.267827  0.250  0.355  0.433  P  d2
  4307   1345.938  -1.615262  +1.282679  0.250  0.355  0.433  P  d0
  4308   1346.250  -0.139134  +0.443467  0.266  0.355  0.433  P  d2
  4309   1346.562  +0.247262  -0.275449  0.281  0.355  0.433  P  d1
  4310   1346.875  +0.189688  +0.361441  0.297  0.355  0.433  P  d2
  4311   1347.188  -1.229601  -1.764455  0.312  0.355  0.433  P  d0
  4312   1347.500  -0.412081  -0.201156  0.312  0.355  0.455  P  d1
  4313   1347.812  +0.121202  -0.095380  0.312  0.355  0.455  P  d1
  4314   1348.125  +0.282702  +0.439671  0.328  0.361  0.455  P  d0
  4315   1348.438  +1.709916  +1.268240  0.344  0.361  0.455  P  d2
  4316   1348.750  -0.360780  -0.266626  0.328  0.361  0.455  P  d1
  4317   1349.062  +0.257404  -0.198894  0.344  0.361  0.455  P  d2
  4318   1349.375  -0.462989  +0.208218  0.359  0.361  0.455  P  d0
  4319   1349.688  -1.319705  +1.560422  0.375  0.361  0.455  P  d2
  4320   1350.000  +0.358533  -0.441740  0.375  0.361  0.455  P  d2
  4321   1350.312  -0.221086  +0.177051  0.391  0.361  0.455  P  d2
  4322   1350.625  +1.219478  -1.543163  0.406  0.361  0.455  P  d0
  4323   1350.938  +0.560839  -1.101948  0.406  0.361  0.455  P  d2
  4324   1351.250  +0.073427  +0.357673  0.406  0.361  0.455  P  d2
  4325   1351.562  -0.035647  -0.129913  0.406  0.361  0.455  P  d1
  4326   1351.875  +0.389405  +0.064979  0.406  0.365  0.455  P  d2
  4327   1352.188  -1.084936  +0.589917  0.391  0.365  0.455  P  d0
  4328   1352.500  -1.478612  +1.168744  0.391  0.365  0.476  P  d2
  4329   1352.812  +0.275155  -0.158714  0.406  0.365  0.476  P  d2
  4330   1353.125  -0.476026  +0.302223  0.422  0.365  0.476  P  d2
  4331   1353.438  +1.545615  -1.289554  0.422  0.365  0.476  P  d3
  4332   1353.750  +0.031876  -0.415166  0.438  0.365  0.476  P  d3
  4333   1354.062  -0.375907  +0.238848  0.453  0.365  0.476  P  d1
  4334   1354.375  -0.349401  -0.356078  0.453  0.365  0.476  P  d2
  4335   1354.688  +1.052481  +1.584780  0.453  0.365  0.476  P  d0
  4336   1355.000  +0.251849  +0.229899  0.438  0.365  0.476  P  d2
  4337   1355.312  -0.385943  -0.308543  0.438  0.365  0.476  P  d0
  4338   1355.625  -0.022427  -0.173089  0.438  0.369  0.476  P  d0
  4339   1355.938  -0.155749  -0.196081  0.453  0.369  0.476  P  d0
  4340   1356.250  -0.016611  -0.157648  0.453  0.369  0.476  P  d0
  4341   1356.562  -0.028577  -0.129473  0.453  0.369  0.476  P  d0
  4342   1356.875  +0.018754  -0.108173  0.453  0.369  0.476  P  d0
  4343   1357.188  +0.017843  -0.052541  0.453  0.369  0.476  P  d0
  4344   1357.500  +0.024133  -0.039224  0.438  0.369  0.494  P  d1
  4345   1357.812  +0.020448  +0.009617  0.438  0.369  0.494  P  d0
  4346   1358.125  +0.009201  +0.013535  0.438  0.369  0.494  P  d0
  4347   1358.438  +0.002768  +0.028208  0.422  0.369  0.494  P  d1
  4348   1358.750  -0.025823  +0.030817  0.422  0.369  0.494  P  d0
  4349   1359.062  -0.022647  +0.035648  0.422  0.369  0.494  P  d0
  4350   1359.375  -0.031905  +0.018207  0.422  0.369  0.494  P  d0
  4351   1359.688  -0.032917  +0.011844  0.406  0.369  0.494  P  d0
  4352   1360.000  -0.029664  +0.009733  0.406  0.369  0.494  P  d0
  4353   1360.312  -0.023077  -0.000852  0.406  0.369  0.494  P  d0
  4354   1360.625  -0.016568  -0.000839  0.422  0.369  0.494  P  d0
  4355   1360.938  -0.008628  -0.008143  0.422  0.369  0.494  P  d2
  4356   1361.250  +0.001607  +0.002963  0.422  0.369  0.494  P  d3
  4357   1361.562  +0.006075  -0.009514  0.422  0.369  0.494  P  d1
  4358   1361.875  +0.004949  +0.007110  0.422  0.369  0.494  P  d3
  4359   1362.188  +0.012116  -0.005277  0.422  0.369  0.494  P  d1
  4360   1362.500  +0.006257  +0.006944  0.406  0.369  0.498  P  d0
  4361   1362.812  +0.008360  +0.006444  0.406  0.369  0.498  P  d0
  4362   1363.125  +0.005943  +0.009766  0.406  0.366  0.498  P  d0
  4363   1363.438  +0.003329  +0.007465  0.422  0.366  0.498  P  d0
  4364   1363.750  +0.001782  +0.007717  0.438  0.366  0.498  P  d0
  4365   1364.062  +0.000572  +0.005194  0.438  0.366  0.498  P  d2
  4366   1364.375  -0.003765  -0.003383  0.438  0.366  0.498  P  d3
  4367   1364.688  -0.004080  +0.008823  0.438  0.366  0.498  P  d3
  4368   1365.000  +0.002511  -0.000050  0.422  0.366  0.498  P  d2
  4369   1365.312  -0.002534  -0.001618  0.422  0.366  0.498  P  d1
  4370   1365.625  +0.002143  -0.002918  0.406  0.366  0.498  P  d0
  4371   1365.938  -0.000058  -0.001671  0.391  0.366  0.498  P  d0
  4372   1366.250  +0.002948  -0.004283  0.375  0.366  0.498  P  d1
  4373   1366.562  +0.001921  -0.000026  0.359  0.366  0.498  P  d3
  4374   1366.875  +0.003144  -0.003970  0.344  0.273  0.498  P  d1
  4375   1367.188  +0.002586  +0.002576  0.328  0.273  0.498  P  d3
  4376   1367.500  +0.001957  -0.005858  0.312  0.273  0.511  P  d3
  4377   1367.812  -0.004457  +0.001093  0.312  0.273  0.511  P  d2
  4378   1368.125  +0.005150  -0.000361  0.297  0.273  0.511  P  d2
  4379   1368.438  -0.003369  -0.000253  0.281  0.273  0.511  P  d3
  4380   1368.750  +0.000879  +0.007067  0.281  0.273  0.511  P  d2
  4381   1369.062  -0.000045  -0.002283  0.266  0.273  0.511  P  d2
  4382   1369.375  -0.000972  +0.001297  0.250  0.273  0.511  P  d2
  4383   1369.688  -0.000161  -0.001402  0.234  0.273  0.511  P  d3
  4384   1370.000  -0.000454  -0.000053  0.219  0.273  0.511  P  d1
  4385   1370.312  +0.000094  -0.001843  0.203  0.273  0.511  P  d0
  4386   1370.625  +0.000179  -0.000309  0.188  0.206  0.511  P  d0
  4387   1370.938  +0.000407  -0.001295  0.172  0.206  0.511  P  d1
  4388   1371.250  +0.001340  -0.000401  0.172  0.206  0.511  P  d3
  4389   1371.562  +0.000245  -0.000801  0.172  0.206  0.511  P  d1
  4390   1371.875  +0.002064  +0.000405  0.172  0.206  0.511  P  d2
  4391   1372.188  -0.005689  -0.002765  0.172  0.206  0.511  P  d3
  4392   1372.500  -0.002900  +0.002256  0.172  0.206  0.476  P  d2
  4393   1372.812  +0.001535  -0.000322  0.156  0.206  0.476  P  d1
  4394   1373.125  +0.000831  +0.001225  0.141  0.206  0.476  P  d0
  4395   1373.438  +0.000531  +0.000481  0.125  0.206  0.476  P  d0
  4396   1373.750  +0.000734  +0.000802  0.109  0.206  0.476  P  d1
  4397   1374.062  -0.000080  +0.000385  0.094  0.206  0.476  P  d3
  4398   1374.375  +0.000511  +0.000180  0.109  0.171  0.476  P  d2
  4399   1374.688  -0.000018  -0.000023  0.125  0.171  0.476  P  d1
  4400   1375.000  +0.000278  -0.000157  0.125  0.171  0.476  P  d3
  4401   1375.312  -0.000346  -0.000111  0.141  0.171  0.476  P  d1
  4402   1375.625  +0.000140  -0.000981  0.156  0.171  0.476  P  d3
  4403   1375.938  -0.000212  -0.000161  0.156  0.171  0.476  P  d1
  4404   1376.250  +0.000827  -0.001437  0.156  0.171  0.476  P  d3
  4405   1376.562  -0.000131  +0.000028  0.156  0.171  0.476  P  d2
  4406   1376.875  +0.001632  -0.002244  0.156  0.171  0.476  P  d3
  4407   1377.188  -0.005094  -0.001575  0.156  0.171  0.476  P  d3
  4408   1377.500  -0.001708  +0.005686  0.156  0.171  0.532  P  d3
  4409   1377.812  +0.003302  +0.000190  0.156  0.171  0.532  P  d3
  4410   1378.125  -0.001416  -0.002189  0.156  0.123  0.532  P  d2
  4411   1378.438  +0.000432  +0.006832  0.156  0.123  0.532  P  d3
  4412   1378.750  +0.004161  -0.002562  0.156  0.123  0.532  P  d3
  4413   1379.062  -0.005390  -0.003808  0.156  0.123  0.532  P  d2
  4414   1379.375  +0.001869  +0.001780  0.156  0.123  0.532  P  d2
  4415   1379.688  -0.000335  -0.001641  0.156  0.123  0.532  P  d2
  4416   1380.000  +0.001162  +0.000973  0.156  0.123  0.532  P  d2
  4417   1380.312  -0.001135  -0.001052  0.156  0.123  0.532  P  d2
  4418   1380.625  +0.001771  +0.000742  0.156  0.123  0.532  P  d2
  4419   1380.938  -0.002846  -0.002216  0.141  0.123  0.532  P  d3
  4420   1381.250  -0.000630  +0.007560  0.156  0.123  0.532  P  d2
  4421   1381.562  +0.002445  -0.005370  0.156  0.123  0.532  P  d2
  4422   1381.875  -0.002937  +0.004329  0.156  0.218  0.532  P  d3
  4423   1382.188  +0.004460  +0.001310  0.156  0.218  0.532  P  d2
  4424   1382.500  -0.001278  -0.002158  0.156  0.218  0.562  P  d1
  4425   1382.812  +0.001419  -0.000232  0.156  0.218  0.562  P  d3
  4426   1383.125  +0.000128  -0.001287  0.172  0.218  0.562  P  d1
  4427   1383.438  +0.000586  -0.000004  0.172  0.218  0.562  P  d3
  4428   1383.750  -0.000102  -0.000433  0.172  0.218  0.562  P  d1
  4429   1384.062  +0.000881  -0.000219  0.188  0.218  0.562  P  d0
  4430   1384.375  +0.000820  +0.000051  0.203  0.218  0.562  P  d0
  4431   1384.688  +0.000307  +0.000179  0.219  0.218  0.562  P  d2
  4432   1385.000  -0.000060  -0.000192  0.234  0.218  0.562  P  d0
  4433   1385.312  -0.000120  -0.000446  0.234  0.218  0.562  P  d0
  4434   1385.625  -0.000076  -0.000826  0.234  0.356  0.562  P  d0
  4435   1385.938  -0.000575  -0.000640  0.250  0.356  0.562  P  d0
  4436   1386.250  +0.000006  -0.001815  0.250  0.356  0.562  P  d3
  4437   1386.562  -0.001160  -0.000347  0.250  0.356  0.562  P  d1
  4438   1386.875  +0.001226  -0.003337  0.250  0.356  0.562  P  d3
  4439   1387.188  -0.003978  +0.000963  0.250  0.356  0.562  P  d2
  4440   1387.500  +0.004697  +0.002346  0.250  0.356  0.575  P  d2
  4441   1387.812  -0.003575  -0.006082  0.250  0.356  0.575  P  d3
  4442   1388.125  -0.002484  +0.004159  0.250  0.356  0.575  P  d2
  4443   1388.438  +0.001762  -0.003742  0.250  0.356  0.575  P  d2
  4444   1388.750  -0.000770  +0.000518  0.250  0.356  0.575  P  d2
  4445   1389.062  +0.000499  -0.001861  0.250  0.356  0.575  P  d2
  4446   1389.375  -0.001601  +0.001628  0.250  0.405  0.575  P  d1
  4447   1389.688  -0.000137  -0.001366  0.250  0.405  0.575  P  d3
  4448   1390.000  -0.008997  -0.000632  0.250  0.405  0.575  P  d3
  4449   1390.312  -0.000364  +0.007017  0.250  0.405  0.575  P  d0
  4450   1390.625  -0.000423  +0.000939  0.266  0.405  0.575  P  d1
  4451   1390.938  -0.006767  +0.002051  0.266  0.405  0.575  P  d0
  4452   1391.250  -0.001848  +0.001239  0.266  0.405  0.575  P  d1
  4453   1391.562  -0.009186  -0.004038  0.266  0.405  0.575  P  d3
  4454   1391.875  -0.004124  +0.005400  0.266  0.405  0.575  P  d3
  4455   1392.188  +0.004920  +0.000344  0.266  0.405  0.575  P  d2
  4456   1392.500  -0.002528  +0.001704  0.266  0.405  0.575  P  d3
  4457   1392.812  +0.003254  +0.005914  0.266  0.405  0.575  P  d0
  4458   1393.125  +0.001863  +0.004339  0.266  0.429  0.575  P  d0
  4459   1393.438  -0.002384  +0.010746  0.266  0.429  0.575  P  d0
  4460   1393.750  +0.006363  +0.015798  0.266  0.429  0.575  P  d0
  4461   1394.062  +0.007883  +0.017309  0.266  0.429  0.575  P  d0
  4462   1394.375  +0.008605  +0.023559  0.250  0.429  0.575  P  d0
  4463   1394.688  +0.004871  +0.023010  0.234  0.429  0.575  P  d0
  4464   1395.000  +0.012322  +0.034883  0.250  0.429  0.575  P  d1
  4465   1395.312  -0.015478  +0.027574  0.234  0.429  0.575  P  d3
  4466   1395.625  +0.081013  -0.012303  0.219  0.429  0.575  P  d0
  4467   1395.938  +0.217227  -0.099981  0.203  0.429  0.575  P  d3
  4468   1396.250  +0.014274  -0.225564  0.203  0.429  0.575  P  d3
  4469   1396.562  -0.187475  -0.145337  0.203  0.429  0.575  P  d3
  4470   1396.875  -0.248831  +0.058244  0.203  0.427  0.575  P  d3
  4471   1397.188  -0.115354  +0.236617  0.203  0.427  0.575  P  d3
  4472   1397.500  +0.113605  +0.234216  0.219  0.427  0.614  P  d3
  4473   1397.812  +0.247261  +0.049435  0.219  0.427  0.614  P  d3
  4474   1398.125  +0.209212  -0.172729  0.219  0.427  0.614  P  d3
  4475   1398.438  -0.013202  -0.259057  0.234  0.427  0.614  P  d3
  4476   1398.750  -0.169097  -0.152567  0.234  0.427  0.614  P  d3
  4477   1399.062  -0.252827  +0.078334  0.234  0.427  0.614  P  d3
  4478   1399.375  +0.046306  +0.186385  0.234  0.427  0.614  P  d2
  4479   1399.688  +0.050073  -0.180139  0.250  0.427  0.614  P  d3
  4480   1400.000  -0.276344  -0.037981  0.250  0.427  0.614  P  d3
  4481   1400.312  -0.107435  +0.187546  0.250  0.427  0.614  P  d0
  4482   1400.625  +0.064392  +0.241901  0.234  0.388  0.614  P  d3
  4483   1400.938  +0.268407  +0.113790  0.250  0.388  0.614  P  d3
  4484   1401.250  +0.241267  -0.106888  0.234  0.388  0.614  P  d3
  4485   1401.562  +0.076061  -0.232456  0.234  0.388  0.614  P  d3
  4486   1401.875  -0.160135  -0.177602  0.234  0.388  0.614  P  d3
  4487   1402.188  -0.245665  +0.035699  0.234  0.388  0.614  P  d3
  4488   1402.500  -0.151724  +0.226099  0.234  0.388  0.601  P  d3
  4489   1402.812  +0.069710  +0.271434  0.234  0.388  0.601  P  d3
  4490   1403.125  +0.184317  +0.054682  0.219  0.388  0.601  P  d3
  4491   1403.438  +0.001308  -0.084514  0.203  0.388  0.601  P  d3
  4492   1403.750  -0.084716  +0.038981  0.188  0.388  0.601  P  d2
  4493   1404.062  +0.035596  -0.034480  0.172  0.388  0.601  P  d2
  4494   1404.375  -0.214358  +0.041601  0.156  0.369  0.601  P  d2
  4495   1404.688  +0.492791  -0.319352  0.141  0.369  0.601  P  d0
  4496   1405.000  +0.654613  -0.556480  0.125  0.369  0.601  P  d2
  4497   1405.312  -0.194551  +0.103554  0.125  0.369  0.601  P  d2
  4498   1405.625  +0.155649  -0.119624  0.141  0.369  0.601  P  d2
  4499   1405.938  -0.834654  +0.689442  0.125  0.369  0.601  P  d0
  4500   1406.250  -0.107434  +0.225814  0.125  0.369  0.601  P  d2
  4501   1406.562  +0.050499  -0.133897  0.125  0.369  0.601  P  d2
  4502   1406.875  +0.057312  +0.159297  0.125  0.369  0.601  P  d2
  4503   1407.188  -0.704216  -0.839347  0.125  0.369  0.601  P  d0
  4504   1407.500  -0.230121  -0.092837  0.125  0.369  0.609  P  d2
  4505   1407.812  +0.069381  -0.026185  0.125  0.369  0.609  P  d1
  4506   1408.125  +0.167131  +0.236995  0.125  0.368  0.609  P  d0
  4507   1408.438  +0.933638  +0.631171  0.125  0.368  0.609  P  d2
  4508   1408.750  -0.138983  -0.043146  0.125  0.368  0.609  P  d2
  4509   1409.062  +0.198877  -0.010255  0.125  0.368  0.609  P  d1
  4510   1409.375  -0.152459  +0.279841  0.125  0.368  0.609  P  d0
  4511   1409.688  -0.542215  +0.940583  0.125  0.368  0.609  P  d3
  4512   1410.000  +0.222826  +0.044491  0.141  0.368  0.609  P  d1
  4513   1410.312  -0.076754  +0.144424  0.141  0.368  0.609  P  d3
  4514   1410.625  +0.735270  -0.195188  0.125  0.368  0.609  P  d0
  4515   1410.938  +1.795099  -0.877099  0.125  0.368  0.609  P  d3
  4516   1411.250  +0.140913  -1.884869  0.141  0.368  0.609  P  d3
  4517   1411.562  -1.506321  -1.152810  0.141  0.368  0.609  P  d3
  4518   1411.875  -1.932843  +0.501131  0.141  0.365  0.609  P  d3
  4519   1412.188  -0.895177  +1.899866  0.141  0.365  0.609  P  d3
  4520   1412.500  +0.949404  +1.831560  0.156  0.365  0.609  P  d3
  4521   1412.812  +2.016257  +0.393199  0.156  0.365  0.609  P  d3
  4522   1413.125  +1.687396  -1.364740  0.156  0.365  0.609  P  d3
  4523   1413.438  -0.074117  -2.032116  0.172  0.365  0.609  P  d3
  4524   1413.750  -1.329512  -1.211743  0.172  0.365  0.609  P  d3
  4525   1414.062  -1.983871  +0.623731  0.172  0.365  0.609  P  d3
  4526   1414.375  +0.420039  +1.499283  0.172  0.365  0.609  P  d2
  4527   1414.688  +0.405080  -1.405044  0.188  0.365  0.609  P  d3
  4528   1415.000  -2.208999  -0.244012  0.172  0.365  0.609  P  d3
  4529   1415.312  -0.859333  +1.546087  0.172  0.365  0.609  P  d0
  4530   1415.625  +0.502867  +1.940602  0.172  0.360  0.609  P  d3
  4531   1415.938  +2.102827  +0.872802  0.188  0.360  0.609  P  d3
  4532   1416.250  +1.863667  -0.933081  0.172  0.360  0.609  P  d3
  4533   1416.562  +0.534700  -1.967995  0.172  0.360  0.609  P  d3
  4534   1416.875  -1.336781  -1.562827  0.172  0.360  0.609  P  d3
  4535   1417.188  -1.988012  +0.151003  0.172  0.360  0.609  P  d3
  4536   1417.500  -1.122875  +1.561723  0.156  0.360  0.567  P  d3
  4537   1417.812  +0.681069  +1.948342  0.156  0.360  0.567  P  d3
  4538   1418.125  +1.720966  +0.129173  0.156  0.360  0.567  P  d3
  4539   1418.438  +0.132177  -0.806990  0.141  0.360  0.567  P  d2
  4540   1418.750  -0.135576  +0.099728  0.141  0.360  0.567  P  d2
  4541   1419.062  +0.047047  -0.285523  0.141  0.360  0.567  P  d3
  4542   1419.375  -0.223884  -0.004397  0.141  0.359  0.567  P  d2
  4543   1419.688  +0.529575  -0.475885  0.125  0.359  0.567  P  d0
  4544   1420.000  +0.685867  -0.608340  0.125  0.359  0.567  P  d2
  4545   1420.312  -0.198112  +0.010383  0.125  0.359  0.567  P  d2
  4546   1420.625  +0.172564  -0.150467  0.141  0.359  0.567  P  d2
  4547   1420.938  -0.852871  +0.631571  0.125  0.359  0.567  P  d0
  4548   1421.250  -0.106387  +0.201283  0.125  0.359  0.567  P  d2
  4549   1421.562  +0.021294  -0.140336  0.125  0.359  0.567  P  d2
  4550   1421.875  +0.042023  +0.148019  0.125  0.359  0.567  P  d2
  4551   1422.188  -0.704454  -0.821172  0.125  0.359  0.567  P  d0
  4552   1422.500  -0.249771  -0.105271  0.125  0.359  0.571  P  d1
  4553   1422.812  +0.033797  -0.027929  0.125  0.359  0.571  P  d1
  4554   1423.125  +0.139246  +0.226475  0.125  0.358  0.571  P  d0
  4555   1423.438  +0.897363  +0.641099  0.125  0.358  0.571  P  d2
  4556   1423.750  -0.153329  -0.050656  0.125  0.358  0.571  P  d2
  4557   1424.062  +0.185567  -0.007605  0.125  0.358  0.571  P  d1
  4558   1424.375  -0.170726  +0.267017  0.141  0.358  0.571  P  d0
  4559   1424.688  -0.557317  +0.945148  0.156  0.358  0.571  P  d3
  4560   1425.000  +0.220922  +0.048682  0.172  0.358  0.571  P  d1
  4561   1425.312  -0.073472  +0.158414  0.188  0.358  0.571  P  d3
  4562   1425.625  +0.726492  -0.173148  0.188  0.358  0.571  P  d0
  4563   1425.938  +1.810542  -0.844803  0.188  0.358  0.571  P  d3
  4564   1426.250  +0.152042  -1.868148  0.188  0.358  0.571  P  d3
  4565   1426.562  -1.488837  -1.162271  0.188  0.358  0.571  P  d3
  4566   1426.875  -1.955618  +0.495262  0.203  0.362  0.571  P  d3
  4567   1427.188  -0.898462  +1.881391  0.219  0.362  0.571  P  d3
  4568   1427.500  +0.947205  +1.833882  0.234  0.362  0.622  P  d3
  4569   1427.812  +2.002563  +0.426323  0.250  0.362  0.622  P  d3
  4570   1428.125  +1.699797  -1.336459  0.266  0.362  0.622  P  d3
  4571   1428.438  -0.019916  -2.059641  0.266  0.362  0.622  P  d3
  4572   1428.750  -1.306541  -1.229376  0.266  0.362  0.622  P  d3
  4573   1429.062  -1.992387  +0.608589  0.266  0.362  0.622  P  d3
  4574   1429.375  +0.407152  +1.509779  0.281  0.362  0.622  P  d2
  4575   1429.688  +0.421042  -1.393709  0.297  0.362  0.622  P  d3
  4576   1430.000  -2.204011  -0.260807  0.281  0.362  0.622  P  d3
  4577   1430.312  -0.882123  +1.541808  0.281  0.362  0.622  P  d0
  4578   1430.625  +0.478973  +1.950156  0.281  0.365  0.622  P  d3
  4579   1430.938  +2.083622  +0.896399  0.297  0.365  0.622  P  d3
  4580   1431.250  +1.868472  -0.919813  0.281  0.365  0.622  P  d3
  4581   1431.562  +0.546433  -1.972706  0.281  0.365  0.622  P  d3
  4582   1431.875  -1.321729  -1.599963  0.281  0.365  0.622  P  d3
  4583   1432.188  -1.990837  +0.105655  0.281  0.365  0.622  P  d3
  4584   1432.500  -1.128325  +1.515181  0.266  0.365  0.567  P  d3
  4585   1432.812  +0.672605  +1.926201  0.266  0.365  0.567  P  d3
  4586   1433.125  +1.754207  +0.108523  0.266  0.365  0.567  P  d3
  4587   1433.438  +0.160473  -0.825096  0.250  0.365  0.567  P  d2
  4588   1433.750  -0.064837  +0.068823  0.250  0.365  0.567  P  d2
  4589   1434.062  +0.024707  -0.288227  0.250  0.365  0.567  P  d0
  4590   1434.375  -0.015271  -0.058968  0.250  0.226  0.567  P  d0
  4591   1434.688  +0.050709  -0.190329  0.234  0.226  0.567  P  d0
  4592   1435.000  +0.049275  -0.087983  0.234  0.226  0.567  P  d0
  4593   1435.312  -0.003925  -0.100502  0.234  0.226  0.567  P  d0
  4594   1435.625  +0.028272  -0.046147  0.234  0.226  0.567  P  d3
  4595   1435.938  -0.049721  -0.016653  0.219  0.226  0.567  P  d1
  4596   1436.250  +0.001487  -0.012261  0.219  0.226  0.567  P  d3
  4597   1436.562  -0.024414  -0.014772  0.219  0.226  0.567  P  d0
  4598   1436.875  -0.005069  -0.005105  0.219  0.226  0.567  P  d0
  4599   1437.188  -0.064134  -0.040021  0.219  0.226  0.567  P  d0
  4600   1437.500  -0.031840  -0.013612  0.219  0.226  0.584  P  d0
  4601   1437.812  -0.030675  +0.000679  0.219  0.226  0.584  P  d0
  4602   1438.125  -0.019802  +0.001820  0.219  0.118  0.584  T  d3
  4603   1438.438  +0.012253  +0.032693  0.219  0.118  0.584  T  d2
  4604   1438.750  -0.023042  -0.010901  0.219  0.118  0.584  T  d3
  4605   1439.062  -0.007568  +0.003100  0.219  0.118  0.584  T  d0
  4606   1439.375  -0.018759  +0.006162  0.219  0.118  0.584  T  d0
  4607   1439.688  -0.032313  +0.046600  0.219  0.118  0.584  T  d2
  4608   1440.000  +0.001338  -0.001152  0.234  0.118  0.584  T  d1
  4609   1440.312  +0.000258  +0.016563  0.234  0.118  0.584  T  d3
  4610   1440.625  +0.025696  -0.001613  0.219  0.118  0.584  T  d0
  4611   1440.938  +0.085491  -0.029879  0.219  0.118  0.584  T  d3
  4612   1441.250  +0.003543  -0.070888  0.234  0.118  0.584  T  d3
  4613   1441.562  -0.061680  -0.042299  0.234  0.118  0.584  T  d3
  4614   1441.875  -0.090826  +0.028703  0.234  0.076  0.584  T  d3
  4615   1442.188  -0.034072  +0.084844  0.234  0.076  0.584  T  d3
  4616   1442.500  +0.039719  +0.089790  0.250  0.076  0.614  T  d3
  4617   1442.812  +0.087207  +0.019152  0.250  0.076  0.614  T  d3
  4618   1443.125  +0.071411  -0.057654  0.250  0.076  0.614  T  d3
  4619   1443.438  +0.001567  -0.091847  0.266  0.076  0.614  T  d3
  4620   1443.750  -0.058011  -0.048850  0.266  0.076  0.614  T  d3
  4621   1444.062  -0.084281  +0.023388  0.266  0.076  0.614  T  d3
  4622   1444.375  +0.022327  +0.067440  0.250  0.076  0.614  T  d2
  4623   1444.688  +0.017785  -0.060689  0.250  0.076  0.614  T  d3
  4624   1445.000  -0.092201  -0.007787  0.234  0.076  0.614  T  d3
  4625   1445.312  -0.040196  +0.061374  0.219  0.076  0.614  T  d3
  4626   1445.625  +0.025242  +0.084258  0.203  0.066  0.614  T  d3
  4627   1445.938  +0.090003  +0.042109  0.219  0.066  0.614  T  d3
  4628   1446.250  +0.083711  -0.037542  0.219  0.066  0.614  T  d3
  4629   1446.562  +0.022692  -0.089060  0.219  0.066  0.614  T  d3
  4630   1446.875  -0.051987  -0.068899  0.203  0.066  0.614  T  d3
  4631   1447.188  -0.084782  +0.004063  0.188  0.066  0.614  T  d3
  4632   1447.500  -0.048468  +0.065005  0.172  0.066  0.584  T  d3
  4633   1447.812  +0.026027  +0.088548  0.156  0.066  0.584  T  d3
  4634   1448.125  +0.072440  +0.006194  0.141  0.066  0.584  T  d3
  4635   1448.438  +0.006295  -0.035317  0.141  0.066  0.584  T  d3
  4636   1448.750  -0.005912  +0.003606  0.141  0.066  0.584  T  d1
  4637   1449.062  +0.002683  -0.012494  0.141  0.066  0.584  T  d3
  4638   1449.375  -0.011152  -0.000342  0.125  0.052  0.584  T  d2
  4639   1449.688  +0.025724  -0.021240  0.109  0.052  0.584  T  d0
  4640   1450.000  +0.028869  -0.029194  0.109  0.052  0.584  T  d2
  4641   1450.312  -0.006847  +0.002389  0.109  0.052  0.584  T  d2
  4642   1450.625  +0.005136  -0.008040  0.125  0.052  0.584  T  d2
  4643   1450.938  -0.034351  +0.028433  0.109  0.052  0.584  T  d0
  4644   1451.250  -0.004679  +0.006932  0.109  0.052  0.584  T  d2
  4645   1451.562  +0.001176  -0.004739  0.109  0.052  0.584  T  d2
  4646   1451.875  +0.001707  +0.005667  0.109  0.052  0.584  T  d2
  4647   1452.188  -0.033665  -0.037779  0.109  0.052  0.584  T  d0
  4648   1452.500  -0.010969  -0.003763  0.109  0.052  0.588  T  d2
  4649   1452.812  +0.002355  -0.001088  0.109  0.052  0.588  T  d1
  4650   1453.125  +0.004830  +0.009157  0.109  0.027  0.588  T  d0
  4651   1453.438  +0.037848  +0.031391  0.109  0.027  0.588  T  d2
  4652   1453.750  -0.004232  -0.003048  0.109  0.027  0.588  T  d2
  4653   1454.062  +0.007009  +0.000398  0.109  0.027  0.588  T  d1
  4654   1454.375  -0.004943  +0.009761  0.109  0.027  0.588  T  d0
  4655   1454.688  -0.029010  +0.038390  0.109  0.027  0.588  T  d3
  4656   1455.000  +0.012005  +0.003761  0.125  0.027  0.588  T  d1
  4657   1455.312  -0.005923  +0.004751  0.125  0.027  0.588  T  d2
  4658   1455.625  +0.034707  -0.003846  0.125  0.027  0.588  T  d0
  4659   1455.938  +0.077822  -0.039055  0.125  0.027  0.588  T  d3
  4660   1456.250  +0.005180  -0.080972  0.125  0.027  0.588  T  d3
  4661   1456.562  -0.065280  -0.049224  0.125  0.027  0.588  T  d3
  4662   1456.875  -0.084104  +0.022622  0.125  0.000  0.588  T  d3
  4663   1457.188  -0.036655  +0.083780  0.125  0.000  0.588  T  d3
  4664   1457.500  +0.042194  +0.079148  0.141  0.000  0.597  T  d3
  4665   1457.812  +0.088182  +0.016202  0.141  0.000  0.597  T  d3
  4666   1458.125  +0.071827  -0.060874  0.156  0.000  0.597  T  d3
  4667   1458.438  -0.004639  -0.089901  0.172  0.000  0.597  T  d3
  4668   1458.750  -0.059148  -0.051745  0.172  0.000  0.597  T  d3
  4669   1459.062  -0.086123  +0.028101  0.172  0.000  0.597  T  d3
  4670   1459.375  +0.015862  +0.067314  0.172  0.000  0.597  T  d2
  4671   1459.688  +0.020373  -0.061351  0.172  0.000  0.597  T  d3
  4672   1460.000  -0.094921  -0.013070  0.156  0.000  0.597  T  d3
  4673   1460.312  -0.035605  +0.067761  0.172  0.000  0.597  T  d0
  4674   1460.625  +0.019595  +0.081702  0.172  0.000  0.597  T  d3
  4675   1460.938  +0.089912  +0.043269  0.188  0.000  0.597  T  d3
  4676   1461.250  +0.080094  -0.035934  0.172  0.000  0.597  T  d3
  4677   1461.562  +0.025525  -0.089962  0.172  0.000  0.597  T  d3
  4678   1461.875  -0.053507  -0.067979  0.172  0.000  0.597  T  d3
  4679   1462.188  -0.084085  +0.000904  0.172  0.000  0.597  T  d3
  4680   1462.500  -0.050013  +0.066655  0.172  0.000  0.554  T  d3
  4681   1462.812  +0.024468  +0.087927  0.172  0.000  0.554  T  d3
  4682   1463.125  +0.072223  +0.010705  0.172  0.000  0.554  T  d3
  4683   1463.438  +0.006277  -0.035545  0.156  0.000  0.554  T  d2
  4684   1463.750  -0.006570  +0.006781  0.172  0.000  0.554  T  d2
  4685   1464.062  +0.001424  -0.013201  0.188  0.000  0.554  T  d3
  4686   1464.375  -0.010772  +0.001642  0.188  0.000  0.554  T  d2
  4687   1464.688  +0.023642  -0.022730  0.172  0.000  0.554  T  d0
  4688   1465.000  +0.031097  -0.027409  0.172  0.000  0.554  T  d2
  4689   1465.312  -0.009184  +0.000834  0.172  0.000  0.554  T  d2
  4690   1465.625  +0.010323  -0.008814  0.172  0.000  0.554  T  d2
  4691   1465.938  -0.035227  +0.028403  0.172  0.000  0.554  T  d3
  4692   1466.250  +0.001393  +0.005582  0.188  0.000  0.554  T  d3
  4693   1466.562  +0.002249  -0.001880  0.203  0.000  0.554  T  d1
  4694   1466.875  +0.007611  +0.004785  0.203  0.000  0.554  T  d2
  4695   1467.188  -0.031150  -0.032266  0.219  0.000  0.554  T  d0
  4696   1467.500  -0.008115  -0.003765  0.234  0.000  0.545  T  d2
  4697   1467.812  +0.004454  +0.004572  0.250  0.000  0.545  T  d0
  4698   1468.125  +0.003830  +0.009558  0.266  0.000  0.545  T  d0
  4699   1468.438  +0.037194  +0.034828  0.281  0.000  0.545  T  d2
  4700   1468.750  -0.008981  -0.006966  0.297  0.000  0.545  T  d1
  4701   1469.062  +0.004816  -0.000672  0.297  0.000  0.545  T  d2
  4702   1469.375  -0.009943  +0.000684  0.297  0.000  0.545  T  d3
  4703   1469.688  -0.026994  +0.031365  0.297  0.000  0.545  T  d2
  4704   1470.000  +0.009195  -0.010825  0.312  0.000  0.545  T  d0
  4705   1470.312  +0.002571  -0.008373  0.312  0.000  0.545  T  d1
  4706   1470.625  +0.036374  -0.018320  0.297  0.000  0.545  T  d0
  4707   1470.938  +0.091307  -0.054944  0.297  0.000  0.545  T  d3
  4708   1471.250  +0.010594  -0.085393  0.312  0.000  0.545  T  d3
  4709   1471.562  -0.052587  -0.055595  0.312  0.000  0.545  T  d3
  4710   1471.875  -0.078403  +0.033247  0.312  0.000  0.545  T  d3
  4711   1472.188  -0.033207  +0.087478  0.312  0.000  0.545  T  d0
  4712   1472.500  +0.036797  +0.096548  0.328  0.000  0.528  T  d3
  4713   1472.812  +0.067692  +0.023086  0.328  0.000  0.528  T  d3
  4714   1473.125  +0.041336  -0.046416  0.328  0.000  0.528  T  d3
  4715   1473.438  -0.051556  -0.088419  0.344  0.000  0.528  T  d0
  4716   1473.750  -0.106981  -0.050737  0.344  0.000  0.528  T  d0
  4717   1474.062  -0.143080  +0.009684  0.344  0.000  0.528  T  d3
  4718   1474.375  -0.027314  +0.044054  0.344  0.000  0.528  T  d1
  4719   1474.688  -0.027117  -0.100861  0.359  0.000  0.528  T  d3
  4720   1475.000  -0.108069  -0.048310  0.344  0.000  0.528  T  d3
  4721   1475.312  -0.045810  +0.035588  0.344  0.000  0.528  T  d3
  4722   1475.625  +0.056531  +0.061651  0.344  0.000  0.528  T  d0
  4723   1475.938  +0.123498  +0.061844  0.359  0.000  0.528  T  d0
  4724   1476.250  +0.145443  +0.004643  0.359  0.000  0.528  T  d0
  4725   1476.562  +0.078855  +0.024799  0.359  0.000  0.528  T  d1
  4726   1476.875  -0.011407  +0.070492  0.359  0.000  0.528  T  d0
  4727   1477.188  -0.061144  +0.212869  0.359  0.000  0.528  T  d0
  4728   1477.500  -0.104337  +0.293031  0.359  0.000  0.511  T  d0
  4729   1477.812  -0.028995  +0.335365  0.359  0.000  0.511  T  d0
  4730   1478.125  -0.135422  +0.264549  0.344  0.000  0.511  T  d0
  4731   1478.438  -0.087577  +0.140499  0.328  0.000  0.511  T  d0
  4732   1478.750  -0.427406  +0.182238  0.344  0.000  0.511  T  d2
  4733   1479.062  +0.187744  +0.044070  0.344  0.000  0.511  T  d2
  4734   1479.375  -1.193940  +0.245847  0.344  0.000  0.511  T  d2
  4735   1479.688  +2.888568  -1.580549  0.344  0.000  0.511  T  d0
  4736   1480.000  +3.799331  -2.948830  0.359  0.000  0.511  T  d2
  4737   1480.312  -0.983831  +0.533312  0.344  0.000  0.511  T  d2
  4738   1480.625  +0.954597  -0.656887  0.344  0.000  0.511  T  d2
  4739   1480.938  -4.484928  +3.470405  0.344  0.000  0.511  T  d0
  4740   1481.250  -0.490366  +1.166720  0.344  0.000  0.511  T  d2
  4741   1481.562  +0.504886  -0.785650  0.344  0.000  0.511  T  d1
  4742   1481.875  +0.449825  +0.892680  0.344  0.000  0.511  T  d2
  4743   1482.188  -3.464757  -4.770706  0.359  0.000  0.511  T  d0
  4744   1482.500  -1.139177  -0.582074  0.344  0.000  0.502  T  d1
  4745   1482.812  +0.338494  -0.270397  0.344  0.000  0.502  T  d1
  4746   1483.125  +0.793661  +1.156922  0.344  0.000  0.502  T  d0
  4747   1483.438  +4.683349  +3.348933  0.359  0.000  0.502  T  d2
  4748   1483.750  -0.951277  -0.674923  0.344  0.000  0.502  T  d1
  4749   1484.062  +0.721869  -0.504434  0.328  0.000  0.502  T  d2
  4750   1484.375  -1.226600  +0.646208  0.328  0.000  0.502  T  d0
  4751   1484.688  -3.480140  +4.346557  0.328  0.000  0.502  T  d2
  4752   1485.000  +0.944463  -1.115998  0.344  0.000  0.502  T  d2
  4753   1485.312  -0.596470  +0.586009  0.344  0.000  0.502  T  d2
  4754   1485.625  +3.183507  -4.088703  0.359  0.000  0.502  T  d0
  4755   1485.938  +1.421335  -2.896972  0.344  0.000  0.502  T  d2
  4756   1486.250  +0.132526  +1.055244  0.328  0.000  0.502  T  d2
  4757   1486.562  -0.190872  -0.296664  0.312  0.000  0.502  T  d1
  4758   1486.875  +0.985208  +0.199053  0.312  0.000  0.502  T  d2
  4759   1487.188  -2.974360  +1.616758  0.297  0.000  0.502  T  d0
  4760   1487.500  -3.965355  +3.159430  0.297  0.000  0.519  T  d2
  4761   1487.812  +0.751256  -0.504507  0.281  0.000  0.519  T  d2
  4762   1488.125  -1.132468  +0.732001  0.266  0.000  0.519  T  d2
  4763   1488.438  +4.333130  -3.559105  0.266  0.000  0.519  T  d0
  4764   1488.750  +0.403170  -1.195768  0.250  0.000  0.519  T  d2
  4765   1489.062  -0.577738  +0.757951  0.250  0.000  0.519  T  d1
  4766   1489.375  -0.460775  -0.922263  0.250  0.000  0.519  T  d2
  4767   1489.688  +3.473863  +4.721469  0.266  0.000  0.519  T  d0
  4768   1490.000  +1.155754  +0.574492  0.250  0.000  0.519  T  d1
  4769   1490.312  -0.301198  +0.306012  0.250  0.000  0.519  T  d1
  4770   1490.625  -0.792901  -1.124034  0.250  0.000  0.519  T  d0
  4771   1490.938  -4.714356  -3.323164  0.266  0.000  0.519  T  d2
  4772   1491.250  +0.934368  +0.666286  0.250  0.000  0.519  T  d1
  4773   1491.562  -0.752503  +0.457956  0.250  0.000  0.519  T  d2
  4774   1491.875  +1.193037  -0.732658  0.250  0.000  0.519  T  d0
  4775   1492.188  +3.428581  -4.484546  0.250  0.000  0.519  T  d2
  4776   1492.500  -0.903358  +0.947541  0.234  0.000  0.489  T  d2
  4777   1492.812  +0.626952  -0.780091  0.234  0.000  0.489  T  d2
  4778   1493.125  -3.002929  +3.891364  0.234  0.000  0.489  T  d0
  4779   1493.438  -1.336421  +2.761971  0.219  0.000  0.489  T  d2
  4780   1493.750  +0.234433  -1.223944  0.234  0.000  0.489  T  d2
  4781   1494.062  +0.013349  +0.245920  0.234  0.000  0.489  T  d2
  4782   1494.375  +0.083100  -0.452542  0.234  0.000  0.489  T  d1
  4783   1494.688  +0.389402  -0.185566  0.219  0.000  0.489  T  d0
  4784   1495.000  +0.566784  -0.492355  0.219  0.000  0.489  T  d1
  4785   1495.312  +0.145275  +0.017816  0.219  0.000  0.489  T  d0
  4786   1495.625  +0.290019  -0.127819  0.234  0.000  0.489  T  d2
  4787   1495.938  -0.194815  +0.334752  0.219  0.000  0.489  T  d3
  4788   1496.250  +0.073615  +0.135918  0.219  0.000  0.489  T  d3
  4789   1496.562  +0.147743  -0.004628  0.219  0.000  0.489  T  d1
  4790   1496.875  +0.067987  +0.138147  0.219  0.000  0.489  T  d2
  4791   1497.188  -0.286544  -0.365094  0.219  0.000  0.489  T  d0
  4792   1497.500  -0.130502  -0.017145  0.203  0.000  0.502  T  d1
  4793   1497.812  +0.003977  -0.018015  0.203  0.000  0.502  T  d2
  4794   1498.125  +0.024948  +0.106485  0.203  0.000  0.502  T  d0
  4795   1498.438  +0.404998  +0.274735  0.203  0.000  0.502  T  d2
  4796   1498.750  -0.098583  -0.065337  0.188  0.000  0.502  T  d1
  4797   1499.062  +0.081973  -0.067160  0.188  0.000  0.502  T  d2
  4798   1499.375  -0.090624  +0.089455  0.188  0.000  0.502  T  d0
  4799   1499.688  -0.284000  +0.392192  0.188  0.000  0.502  T  d3
  4800   1500.000  +0.121933  +0.002851  0.188  0.000  0.502  T  d1
  4801   1500.312  -0.035645  +0.039622  0.188  0.000  0.502  T  d2
  4802   1500.625  +0.373805  -0.070091  0.188  0.000  0.502  T  d0
  4803   1500.938  +0.875664  -0.364442  0.172  0.000  0.502  T  d3
  4804   1501.250  +0.134985  -0.878876  0.188  0.000  0.502  T  d3
  4805   1501.562  -0.707222  -0.581917  0.188  0.000  0.502  T  d3
  4806   1501.875  -0.939978  +0.198955  0.188  0.000  0.502  T  d3
  4807   1502.188  -0.462155  +0.907392  0.172  0.000  0.502  T  d3
  4808   1502.500  +0.422995  +0.905963  0.188  0.000  0.571  T  d3
  4809   1502.812  +0.949199  +0.219436  0.188  0.000  0.571  T  d3
  4810   1503.125  +0.816881  -0.640553  0.188  0.000  0.571  T  d3
  4811   1503.438  -0.019442  -0.995954  0.188  0.000  0.571  T  d0
  4812   1503.750  -0.626358  -0.609022  0.188  0.000  0.571  T  d3
  4813   1504.062  -0.970001  +0.278366  0.188  0.000  0.571  T  d3
  4814   1504.375  +0.165271  +0.726996  0.188  0.000  0.571  T  d2
  4815   1504.688  +0.222674  -0.668051  0.203  0.000  0.571  T  d3
  4816   1505.000  -1.056295  -0.161930  0.188  0.000  0.571  T  d3
  4817   1505.312  -0.436651  +0.726418  0.188  0.000  0.571  T  d0
  4818   1505.625  +0.203915  +0.940760  0.172  0.000  0.571  T  d3
  4819   1505.938  +0.997397  +0.460582  0.188  0.000  0.571  T  d3
  4820   1506.250  +0.909051  -0.407139  0.188  0.000  0.571  T  d3
  4821   1506.562  +0.297069  -0.929969  0.188  0.000  0.571  T  d3
  4822   1506.875  -0.613353  -0.767999  0.188  0.000  0.571  T  d3
  4823   1507.188  -0.955020  +0.038280  0.188  0.000  0.571  T  d3
  4824   1507.500  -0.568215  +0.733512  0.172  0.000  0.558  T  d3
  4825   1507.812  +0.289992  +0.946465  0.172  0.000  0.558  T  d3
  4826   1508.125  +0.821522  +0.097407  0.172  0.000  0.558  T  d3
  4827   1508.438  +0.077466  -0.384508  0.156  0.000  0.558  T  d2
  4828   1508.750  -0.067435  +0.049586  0.156  0.000  0.558  T  d2
  4829   1509.062  +0.029753  -0.140540  0.156  0.000  0.558  T  d3
  4830   1509.375  -0.106477  -0.006221  0.156  0.000  0.558  T  d2
  4831   1509.688  +0.258052  -0.223150  0.141  0.000  0.558  T  d0
  4832   1510.000  +0.343870  -0.279101  0.141  0.000  0.558  T  d2
  4833   1510.312  -0.092791  +0.001606  0.141  0.000  0.558  T  d2
  4834   1510.625  +0.093581  -0.067569  0.141  0.000  0.558  T  d2
  4835   1510.938  -0.418248  +0.288480  0.125  0.000  0.558  T  d0
  4836   1511.250  -0.047828  +0.095899  0.125  0.000  0.558  T  d2
  4837   1511.562  +0.015949  -0.064958  0.125  0.000  0.558  T  d2
  4838   1511.875  +0.023427  +0.075303  0.125  0.000  0.558  T  d2
  4839   1512.188  -0.331944  -0.416340  0.125  0.000  0.558  T  d0
  4840   1512.500  -0.118252  -0.058529  0.125  0.000  0.562  T  d1
  4841   1512.812  +0.020988  -0.007486  0.125  0.000  0.562  T  d1
  4842   1513.125  +0.059331  +0.112148  0.125  0.000  0.562  T  d0
  4843   1513.438  +0.421987  +0.324752  0.125  0.000  0.562  T  d2
  4844   1513.750  -0.075293  -0.031042  0.109  0.000  0.562  T  d2
  4845   1514.062  +0.086741  +0.000397  0.109  0.000  0.562  T  d1
  4846   1514.375  -0.089591  +0.116240  0.109  0.000  0.562  T  d0
  4847   1514.688  -0.288537  +0.434742  0.109  0.000  0.562  T  d3
  4848   1515.000  +0.100003  +0.020923  0.125  0.000  0.562  T  d1
  4849   1515.312  -0.032539  +0.065898  0.125  0.000  0.562  T  d3
  4850   1515.625  +0.356606  -0.079726  0.109  0.000  0.562  T  d0
  4851   1515.938  +0.894675  -0.376661  0.109  0.000  0.562  T  d3
  4852   1516.250  +0.118725  -0.897994  0.125  0.000  0.562  T  d3
  4853   1516.562  -0.680340  -0.592121  0.125  0.000  0.562  T  d3
  4854   1516.875  -0.938027  +0.200270  0.125  0.000  0.562  T  d3
  4855   1517.188  -0.478232  +0.892069  0.125  0.000  0.562  T  d3
  4856   1517.500  +0.399277  +0.916708  0.141  0.000  0.545  T  d3
  4857   1517.812  +0.938467  +0.249893  0.141  0.000  0.545  T  d3
  4858   1518.125  +0.830853  -0.612719  0.141  0.000  0.545  T  d3
  4859   1518.438  -0.009864  -0.984376  0.156  0.000  0.545  T  d3
  4860   1518.750  -0.639301  -0.610293  0.156  0.000  0.545  T  d3
  4861   1519.062  -1.004973  +0.253521  0.156  0.000  0.545  T  d3
  4862   1519.375  +0.135643  +0.721594  0.156  0.000  0.545  T  d2
  4863   1519.688  +0.194848  -0.691634  0.172  0.000  0.545  T  d3
  4864   1520.000  -1.041677  -0.197608  0.156  0.000  0.545  T  d3
  4865   1520.312  -0.448001  +0.694052  0.156  0.000  0.545  T  d3
  4866   1520.625  +0.214450  +0.933817  0.156  0.000  0.545  T  d3
  4867   1520.938  +1.006630  +0.482423  0.172  0.000  0.545  T  d3
  4868   1521.250  +0.957338  -0.372303  0.156  0.000  0.545  T  d3
  4869   1521.562  +0.334906  -0.853951  0.156  0.000  0.545  T  d3
  4870   1521.875  -0.578390  -0.691955  0.156  0.000  0.545  T  d3
  4871   1522.188  -0.944546  +0.160765  0.156  0.000  0.545  T  d3
  4872   1522.500  -0.608423  +0.861559  0.156  0.000  0.541  T  d3
  4873   1522.812  +0.245083  +1.104174  0.156  0.000  0.541  T  d3
  4874   1523.125  +0.696207  +0.256761  0.156  0.000  0.541  T  d3
  4875   1523.438  +0.024615  -0.274891  0.141  0.000  0.541  T  d3
  4876   1523.750  -0.319213  +0.145843  0.156  0.000  0.541  T  d2
  4877   1524.062  +0.147932  -0.108875  0.156  0.000  0.541  T  d2
  4878   1524.375  -0.811524  +0.128490  0.156  0.000  0.541  T  d2
  4879   1524.688  +1.987045  -1.182138  0.141  0.000  0.541  T  d0
  4880   1525.000  +2.613587  -2.073074  0.156  0.000  0.541  T  d2
  4881   1525.312  -0.652837  +0.313611  0.156  0.000  0.541  T  d2
  4882   1525.625  +0.690200  -0.488473  0.156  0.000  0.541  T  d2
  4883   1525.938  -3.159404  +2.464133  0.156  0.000  0.541  T  d0
  4884   1526.250  -0.332767  +0.823902  0.156  0.000  0.541  T  d2
  4885   1526.562  +0.356492  -0.567492  0.156  0.000  0.541  T  d1
  4886   1526.875  +0.327699  +0.629742  0.156  0.000  0.541  T  d2
  4887   1527.188  -2.501153  -3.382458  0.172  0.000  0.541  T  d0
  4888   1527.500  -0.819362  -0.408059  0.172  0.000  0.549  T  d1
  4889   1527.812  +0.223416  -0.188929  0.172  0.000  0.549  T  d1
  4890   1528.125  +0.561906  +0.815446  0.172  0.009  0.549  T  d0
  4891   1528.438  +3.335320  +2.361615  0.188  0.009  0.549  T  d2
  4892   1528.750  -0.691492  -0.480679  0.188  0.009  0.549  T  d1
  4893   1529.062  +0.504942  -0.365229  0.188  0.009  0.549  T  d2
  4894   1529.375  -0.874445  +0.460831  0.188  0.009  0.549  T  d0
  4895   1529.688  -2.465074  +3.110103  0.188  0.009  0.549  T  d2
  4896   1530.000  +0.668213  -0.801871  0.203  0.009  0.549  T  d2
  4897   1530.312  -0.423102  +0.419519  0.219  0.009  0.549  T  d2
  4898   1530.625  +2.245806  -2.923795  0.234  0.009  0.549  T  d0
  4899   1530.938  +0.999050  -2.064730  0.234  0.009  0.549  T  d2
  4900   1531.250  +0.094464  +0.757613  0.234  0.009  0.549  T  d2
  4901   1531.562  -0.136051  -0.206334  0.250  0.009  0.549  T  d1
  4902   1531.875  +0.698985  +0.141908  0.250  0.008  0.549  T  d2
  4903   1532.188  -2.107758  +1.167351  0.250  0.008  0.549  T  d0
  4904   1532.500  -2.810082  +2.271982  0.250  0.008  0.558  T  d2
  4905   1532.812  +0.536877  -0.363453  0.250  0.008  0.558  T  d2
  4906   1533.125  -0.806644  +0.526343  0.250  0.008  0.558  T  d2
  4907   1533.438  +3.072314  -2.552792  0.250  0.008  0.558  T  d0
  4908   1533.750  +0.282617  -0.853180  0.250  0.008  0.558  T  d2
  4909   1534.062  -0.408404  +0.544617  0.250  0.008  0.558  T  d1
  4910   1534.375  -0.333010  -0.651644  0.250  0.008  0.558  T  d2
  4911   1534.688  +2.495413  +3.346339  0.266  0.008  0.558  T  d0
  4912   1535.000  +0.827904  +0.402379  0.250  0.008  0.558  T  d1
  4913   1535.312  -0.213898  +0.223099  0.250  0.008  0.558  T  d1
  4914   1535.625  -0.565743  -0.797234  0.250  0.000  0.558  T  d0
  4915   1535.938  -3.372120  -2.348262  0.266  0.000  0.558  T  d2
  4916   1536.250  +0.668858  +0.472077  0.250  0.000  0.558  T  d1
  4917   1536.562  -0.534588  +0.325394  0.250  0.000  0.558  T  d2
  4918   1536.875  +0.847357  -0.528815  0.250  0.000  0.558  T  d0
  4919   1537.188  +2.425199  -3.208624  0.250  0.000  0.558  T  d2
  4920   1537.500  -0.639460  +0.672122  0.234  0.000  0.515  T  d2
  4921   1537.812  +0.443258  -0.557988  0.234  0.000  0.515  T  d2
  4922   1538.125  -2.119851  +2.778764  0.234  0.000  0.515  T  d0
  4923   1538.438  -0.939164  +1.968998  0.219  0.000  0.515  T  d2
  4924   1538.750  +0.169748  -0.874498  0.234  0.000  0.515  T  d2
  4925   1539.062  +0.006549  +0.174170  0.234  0.000  0.515  T  d2
  4926   1539.375  +0.082224  -0.324167  0.234  0.007  0.515  T  d1
  4927   1539.688  +0.227223  -0.107127  0.219  0.007  0.515  T  d0
  4928   1540.000  +0.333020  -0.302590  0.219  0.007  0.515  T  d0
  4929   1540.312  +0.124071  -0.000573  0.219  0.007  0.515  T  d0
  4930   1540.625  +0.191138  -0.084766  0.234  0.007  0.515  T  d1
  4931   1540.938  -0.046490  +0.179503  0.219  0.007  0.515  T  d3
  4932   1541.250  +0.065430  +0.071584  0.219  0.007  0.515  T  d0
  4933   1541.562  +0.097800  +0.006325  0.219  0.007  0.515  T  d1
  4934   1541.875  +0.041716  +0.079890  0.219  0.007  0.515  T  d2
  4935   1542.188  -0.137766  -0.177592  0.219  0.007  0.515  T  d3
  4936   1542.500  -0.069471  -0.001654  0.203  0.007  0.528  T  d1
  4937   1542.812  -0.002075  -0.008019  0.203  0.007  0.528  T  d2
  4938   1543.125  +0.000758  +0.052448  0.203  0.019  0.528  T  d3
  4939   1543.438  +0.194074  +0.123448  0.203  0.019  0.528  T  d2
  4940   1543.750  -0.055984  -0.038310  0.188  0.019  0.528  T  d1
  4941   1544.062  +0.033749  -0.047734  0.188  0.019  0.528  T  d2
  4942   1544.375  -0.045260  +0.040003  0.188  0.019  0.528  T  d0
  4943   1544.688  -0.134758  +0.185493  0.188  0.019  0.528  T  d3
  4944   1545.000  +0.063512  -0.002930  0.188  0.019  0.528  T  d1
  4945   1545.312  -0.013714  +0.016076  0.188  0.019  0.528  T  d2
  4946   1545.625  +0.191089  -0.041915  0.188  0.019  0.528  T  d0
  4947   1545.938  +0.436507  -0.203549  0.172  0.019  0.528  T  d3
  4948   1546.250  +0.048289  -0.443410  0.188  0.019  0.528  T  d3
  4949   1546.562  -0.361326  -0.275852  0.188  0.019  0.528  T  d3
  4950   1546.875  -0.470771  +0.120884  0.188  0.038  0.528  T  d3
  4951   1547.188  -0.223138  +0.463519  0.172  0.038  0.528  T  d3
  4952   1547.500  +0.219506  +0.447834  0.188  0.038  0.597  T  d3
  4953   1547.812  +0.474379  +0.102234  0.188  0.038  0.597  T  d3
  4954   1548.125  +0.399959  -0.329559  0.188  0.038  0.597  T  d3
  4955   1548.438  -0.021809  -0.497146  0.188  0.038  0.597  T  d0
  4956   1548.750  -0.320657  -0.299261  0.188  0.038  0.597  T  d3
  4957   1549.062  -0.482114  +0.149060  0.188  0.038  0.597  T  d3
  4958   1549.375  +0.090141  +0.360577  0.188  0.038  0.597  T  d2
  4959   1549.688  +0.105295  -0.335618  0.203  0.038  0.597  T  d3
  4960   1550.000  -0.529452  -0.071167  0.188  0.038  0.597  T  d3
  4961   1550.312  -0.209744  +0.367979  0.172  0.038  0.597  T  d0
  4962   1550.625  +0.111332  +0.468253  0.156  0.042  0.597  T  d3
  4963   1550.938  +0.504578  +0.220653  0.172  0.042  0.597  T  d3
  4964   1551.250  +0.450075  -0.211616  0.172  0.042  0.597  T  d3
  4965   1551.562  +0.140311  -0.467379  0.156  0.042  0.597  T  d3
  4966   1551.875  -0.314294  -0.376491  0.156  0.042  0.597  T  d3
  4967   1552.188  -0.476890  +0.028811  0.156  0.042  0.597  T  d3
  4968   1552.500  -0.277089  +0.373608  0.156  0.042  0.584  T  d3
  4969   1552.812  +0.153494  +0.470621  0.156  0.042  0.584  T  d3
  4970   1553.125  +0.411947  +0.042485  0.156  0.042  0.584  T  d3
  4971   1553.438  +0.038115  -0.196461  0.156  0.042  0.584  T  d3
  4972   1553.750  -0.033470  +0.020908  0.156  0.042  0.584  T  d1
  4973   1554.062  +0.010433  -0.067780  0.156  0.042  0.584  T  d3
  4974   1554.375  -0.053141  +0.000198  0.156  0.042  0.584  T  d2
  4975   1554.688  +0.125732  -0.115787  0.141  0.042  0.584  T  d0
  4976   1555.000  +0.167410  -0.144661  0.141  0.042  0.584  T  d2
  4977   1555.312  -0.044221  -0.000774  0.141  0.042  0.584  T  d2
  4978   1555.625  +0.043757  -0.037151  0.141  0.042  0.584  T  d2
  4979   1555.938  -0.204389  +0.150245  0.125  0.042  0.584  T  d0
  4980   1556.250  -0.021153  +0.045867  0.125  0.042  0.584  T  d2
  4981   1556.562  +0.005428  -0.028947  0.125  0.042  0.584  T  d2
  4982   1556.875  +0.013685  +0.035908  0.125  0.042  0.584  T  d2
  4983   1557.188  -0.175163  -0.203945  0.125  0.042  0.584  T  d0
  4984   1557.500  -0.057147  -0.030128  0.125  0.042  0.549  T  d1
  4985   1557.812  +0.007437  -0.003816  0.125  0.042  0.549  T  d1
  4986   1558.125  +0.032651  +0.058049  0.125  0.048  0.549  T  d0
  4987   1558.438  +0.212682  +0.156164  0.125  0.048  0.549  T  d2
  4988   1558.750  -0.038826  -0.013201  0.109  0.048  0.549  T  d2
  4989   1559.062  +0.043594  -0.000960  0.109  0.048  0.549  T  d1
  4990   1559.375  -0.043917  +0.060954  0.109  0.048  0.549  T  d0
  4991   1559.688  -0.135962  +0.223407  0.109  0.048  0.549  T  d3
  4992   1560.000  +0.051998  +0.006239  0.125  0.048  0.549  T  d1
  4993   1560.312  -0.016905  +0.033599  0.125  0.048  0.549  T  d3
  4994   1560.625  +0.178290  -0.042177  0.109  0.048  0.549  T  d0
  4995   1560.938  +0.441991  -0.199322  0.109  0.048  0.549  T  d3
  4996   1561.250  +0.047968  -0.449361  0.125  0.048  0.549  T  d3
  4997   1561.562  -0.349351  -0.283920  0.125  0.048  0.549  T  d3
  4998   1561.875  -0.463486  +0.110823  0.125  0.031  0.549  T  d3
  4999   1562.188  -0.221935  +0.447543  0.125  0.031  0.549  T  d3
  5000   1562.500  +0.210508  +0.451986  0.141  0.031  0.532  T  d3
  5001   1562.812  +0.470020  +0.103826  0.141  0.031  0.532  T  d3
  5002   1563.125  +0.406075  -0.314034  0.141  0.031  0.532  T  d3
  5003   1563.438  -0.018240  -0.490821  0.156  0.031  0.532  T  d3
  5004   1563.750  -0.328947  -0.295611  0.156  0.031  0.532  T  d3
  5005   1564.062  -0.499781  +0.140125  0.156  0.031  0.532  T  d3
  5006   1564.375  +0.075723  +0.359642  0.156  0.031  0.532  T  d2
  5007   1564.688  +0.088382  -0.347817  0.172  0.031  0.532  T  d3
  5008   1565.000  -0.523552  -0.085587  0.156  0.031  0.532  T  d3
  5009   1565.312  -0.215238  +0.352258  0.156  0.031  0.532  T  d3
  5010   1565.625  +0.118278  +0.464511  0.156  0.024  0.532  T  d3
  5011   1565.938  +0.509110  +0.228725  0.172  0.024  0.532  T  d3
  5012   1566.250  +0.473796  -0.196754  0.156  0.024  0.532  T  d3
  5013   1566.562  +0.157890  -0.430826  0.156  0.024  0.532  T  d3
  5014   1566.875  -0.296573  -0.338098  0.156  0.024  0.532  T  d3
  5015   1567.188  -0.470362  +0.091703  0.156  0.024  0.532  T  d3
  5016   1567.500  -0.293418  +0.439563  0.156  0.024  0.502  T  d3
  5017   1567.812  +0.134678  +0.549045  0.156  0.024  0.502  T  d3
  5018   1568.125  +0.351570  +0.122681  0.156  0.024  0.502  T  d3
  5019   1568.438  +0.011828  -0.140873  0.141  0.024  0.502  T  d3
  5020   1568.750  -0.158516  +0.072185  0.156  0.024  0.502  T  d2
  5021   1569.062  +0.069280  -0.053437  0.156  0.024  0.502  T  d2
  5022   1569.375  -0.404332  +0.075921  0.156  0.056  0.502  T  d2
  5023   1569.688  +0.979951  -0.614677  0.141  0.056  0.502  T  d0
  5024   1570.000  +1.282827  -1.066141  0.156  0.056  0.502  T  d2
  5025   1570.312  -0.320732  +0.165379  0.156  0.056  0.502  T  d2
  5026   1570.625  +0.340972  -0.249644  0.156  0.056  0.502  T  d2
  5027   1570.938  -1.552609  +1.265778  0.156  0.056  0.502  T  d0
  5028   1571.250  -0.152994  +0.411136  0.156  0.056  0.502  T  d2
  5029   1571.562  +0.171203  -0.287684  0.156  0.056  0.502  T  d1
  5030   1571.875  +0.170579  +0.309631  0.156  0.056  0.502  T  d2
  5031   1572.188  -1.286921  -1.661267  0.172  0.056  0.502  T  d0
  5032   1572.500  -0.413588  -0.195034  0.172  0.056  0.519  T  d1
  5033   1572.812  +0.112621  -0.092499  0.172  0.056  0.519  T  d1
  5034   1573.125  +0.288353  +0.401747  0.172  0.113  0.519  T  d0
  5035   1573.438  +1.690534  +1.146480  0.188  0.113  0.519  T  d2
  5036   1573.750  -0.352101  -0.236309  0.188  0.113  0.519  T  d1
  5037   1574.062  +0.249301  -0.187629  0.188  0.113  0.519  T  d2
  5038   1574.375  -0.433200  +0.239224  0.188  0.113  0.519  T  d0
  5039   1574.688  -1.200797  +1.575601  0.188  0.113  0.519  T  d2
  5040   1575.000  +0.324685  -0.412515  0.203  0.113  0.519  T  d2
  5041   1575.312  -0.204945  +0.208074  0.203  0.113  0.519  T  d2
  5042   1575.625  +1.094185  -1.487907  0.203  0.113  0.519  T  d0
  5043   1575.938  +0.483236  -1.046520  0.203  0.113  0.519  T  d2
  5044   1576.250  +0.055511  +0.375007  0.219  0.113  0.519  T  d2
  5045   1576.562  -0.063716  -0.104208  0.219  0.113  0.519  T  d1
  5046   1576.875  +0.354547  +0.070056  0.219  0.176  0.519  P  d2
  5047   1577.188  -1.043532  +0.605100  0.219  0.176  0.519  P  d0
  5048   1577.500  -1.384426  +1.168152  0.234  0.176  0.506  P  d2
  5049   1577.812  +0.257286  -0.183690  0.234  0.176  0.506  P  d2
  5050   1578.125  -0.407493  +0.276593  0.234  0.176  0.506  P  d2
  5051   1578.438  +1.494272  -1.303648  0.250  0.176  0.506  P  d0
  5052   1578.750  +0.117620  -0.429356  0.250  0.176  0.506  P  d2
  5053   1579.062  -0.215424  +0.266888  0.250  0.176  0.506  P  d1
  5054   1579.375  -0.186645  -0.329191  0.250  0.176  0.506  P  d2
  5055   1579.688  +1.260801  +1.638849  0.266  0.176  0.506  P  d0
  5056   1580.000  +0.412649  +0.179417  0.250  0.176  0.506  P  d1
  5057   1580.312  -0.109556  +0.103931  0.250  0.176  0.506  P  d1
  5058   1580.625  -0.279851  -0.401553  0.250  0.280  0.506  P  d0
  5059   1580.938  -1.696675  -1.136428  0.266  0.280  0.506  P  d2
  5060   1581.250  +0.362193  +0.243183  0.250  0.280  0.506  P  d1
  5061   1581.562  -0.243563  +0.208064  0.250  0.280  0.506  P  d2
  5062   1581.875  +0.432736  -0.227319  0.250  0.280  0.506  P  d0
  5063   1582.188  +1.194690  -1.552642  0.250  0.280  0.506  P  d2
  5064   1582.500  -0.329748  +0.418792  0.250  0.280  0.421  P  d2
  5065   1582.812  +0.202998  -0.197906  0.250  0.280  0.421  P  d2
  5066   1583.125  -1.100901  +1.496038  0.250  0.280  0.421  P  d0
  5067   1583.438  -0.481261  +1.056261  0.234  0.280  0.421  P  d2
  5068   1583.750  -0.064636  -0.374135  0.234  0.280  0.421  P  d2
  5069   1584.062  +0.070000  +0.102435  0.234  0.280  0.421  P  d1
  5070   1584.375  -0.353871  -0.065327  0.234  0.354  0.421  P  d2
  5071   1584.688  +1.043759  -0.608658  0.219  0.354  0.421  P  d0
  5072   1585.000  +1.383377  -1.170341  0.234  0.354  0.421  P  d2
  5073   1585.312  -0.250857  +0.179056  0.234  0.354  0.421  P  d2
  5074   1585.625  +0.410304  -0.277338  0.250  0.354  0.421  P  d2
  5075   1585.938  -1.490969  +1.302394  0.250  0.354  0.421  P  d0
  5076   1586.250  -0.114498  +0.432001  0.266  0.354  0.421  P  d2
  5077   1586.562  +0.226444  -0.270132  0.281  0.354  0.421  P  d1
  5078   1586.875  +0.193619  +0.337625  0.297  0.354  0.421  P  d2
  5079   1587.188  -1.254217  -1.638800  0.312  0.354  0.421  P  d0
  5080   1587.500  -0.401712  -0.174285  0.312  0.354  0.416  P  d1
  5081   1587.812  +0.112206  -0.096700  0.312  0.354  0.416  P  d1
  5082   1588.125  +0.288825  +0.412456  0.312  0.361  0.416  P  d0
  5083   1588.438  +1.696033  +1.142524  0.328  0.361  0.416  P  d2
  5084   1588.750  -0.358715  -0.239493  0.328  0.361  0.416  P  d1
  5085   1589.062  +0.237476  -0.204531  0.344  0.361  0.416  P  d2
  5086   1589.375  -0.433505  +0.216109  0.359  0.361  0.416  P  d0
  5087   1589.688  -1.201133  +1.547857  0.375  0.361  0.416  P  d2
  5088   1590.000  +0.326323  -0.437064  0.375  0.361  0.416  P  d2
  5089   1590.312  -0.203212  +0.179966  0.391  0.361  0.416  P  d2
  5090   1590.625  +1.105245  -1.526247  0.406  0.361  0.416  P  d0
  5091   1590.938  +0.492143  -1.080948  0.391  0.361  0.416  P  d2
  5092   1591.250  +0.082158  +0.342162  0.406  0.361  0.416  P  d2
  5093   1591.562  -0.043113  -0.121843  0.406  0.361  0.416  P  d1
  5094   1591.875  +0.376950  +0.043688  0.406  0.372  0.416  P  d2
  5095   1592.188  -1.013040  +0.610171  0.406  0.372  0.416  P  d0
  5096   1592.500  -1.375042  +1.177402  0.422  0.372  0.433  P  d2
  5097   1592.812  +0.256438  -0.161547  0.438  0.372  0.433  P  d2
  5098   1593.125  -0.445112  +0.306897  0.453  0.372  0.433  P  d2
  5099   1593.438  +1.438672  -1.290529  0.453  0.372  0.433  P  d3
  5100   1593.750  +0.017694  -0.398462  0.469  0.372  0.433  P  d3
  5101   1594.062  -0.352988  +0.237713  0.484  0.372  0.433  P  d1
  5102   1594.375  -0.341946  -0.327784  0.500  0.372  0.433  P  d2
  5103   1594.688  +1.063179  +1.485585  0.500  0.372  0.433  P  d0
  5104   1595.000  +0.248532  +0.212652  0.484  0.372  0.433  P  d2
  5105   1595.312  -0.377360  -0.285903  0.484  0.372  0.433  P  d0
  5106   1595.625  -0.031991  -0.167961  0.484  0.383  0.433  P  d0
  5107   1595.938  -0.152522  -0.185755  0.484  0.383  0.433  P  d0
  5108   1596.250  -0.025086  -0.157734  0.469  0.383  0.433  P  d0
  5109   1596.562  -0.037735  -0.120648  0.469  0.383  0.433  P  d0
  5110   1596.875  +0.016188  -0.103334  0.484  0.383  0.433  P  d0
  5111   1597.188  +0.013433  -0.047652  0.500  0.383  0.433  P  d0
  5112   1597.500  +0.029669  -0.034942  0.484  0.383  0.442  P  d1
  5113   1597.812  +0.015823  +0.002799  0.484  0.383  0.442  P  d1
  5114   1598.125  +0.005487  +0.018974  0.484  0.383  0.442  P  d0
  5115   1598.438  +0.001893  +0.028861  0.469  0.383  0.442  P  d0
  5116   1598.750  -0.020904  +0.030789  0.469  0.383  0.442  P  d0
  5117   1599.062  -0.018844  +0.028560  0.469  0.383  0.442  P  d0
  5118   1599.375  -0.032375  +0.023956  0.469  0.397  0.442  P  d0
  5119   1599.688  -0.026345  +0.014533  0.453  0.397  0.442  P  d0
  5120   1600.000  -0.029931  +0.010057  0.453  0.397  0.442  P  d0
  5121   1600.312  -0.019205  +0.000219  0.453  0.397  0.442  P  d0
  5122   1600.625  -0.016930  +0.000706  0.453  0.397  0.442  P  d1
  5123   1600.938  -0.004145  -0.012514  0.438  0.397  0.442  P  d0
  5124   1601.250  -0.005092  -0.005934  0.438  0.397  0.442  P  d1
  5125   1601.562  +0.005198  -0.003401  0.438  0.397  0.442  P  d1
  5126   1601.875  +0.006263  +0.002809  0.438  0.397  0.442  P  d0
  5127   1602.188  +0.008554  +0.000568  0.438  0.397  0.442  P  d0
  5128   1602.500  +0.009357  +0.007839  0.422  0.397  0.446  P  d0
  5129   1602.812  +0.006089  +0.005405  0.422  0.397  0.446  P  d0
  5130   1603.125  +0.007156  +0.009187  0.422  0.412  0.446  P  d0
  5131   1603.438  +0.001938  +0.006956  0.422  0.412  0.446  P  d0
  5132   1603.750  +0.003432  +0.006880  0.422  0.412  0.446  P  d0
  5133   1604.062  -0.001387  +0.004650  0.422  0.412  0.446  P  d0
  5134   1604.375  +0.000898  +0.003274  0.422  0.412  0.446  P  d1
  5135   1604.688  -0.002639  +0.001065  0.422  0.412  0.446  P  d2
  5136   1605.000  +0.001130  -0.000379  0.406  0.412  0.446  P  d3
  5137   1605.312  -0.002498  -0.001352  0.406  0.412  0.446  P  d1
  5138   1605.625  +0.003811  -0.001488  0.391  0.412  0.446  P  d3
  5139   1605.938  -0.003895  -0.005429  0.375  0.412  0.446  P  d1
  5140   1606.250  +0.001060  -0.000015  0.359  0.412  0.446  P  d3
  5141   1606.562  +0.003122  -0.003565  0.344  0.412  0.446  P  d0
  5142   1606.875  +0.002846  -0.000641  0.344  0.409  0.446  P  d0
  5143   1607.188  +0.002577  -0.002023  0.328  0.409  0.446  P  d1
  5144   1607.500  +0.002546  +0.000680  0.312  0.409  0.472  P  d3
  5145   1607.812  +0.000265  -0.002184  0.312  0.409  0.472  P  d2
  5146   1608.125  -0.004075  +0.005242  0.312  0.409  0.472  P  d2
  5147   1608.438  +0.003346  -0.002071  0.312  0.409  0.472  P  d2
  5148   1608.750  -0.003058  +0.001539  0.297  0.409  0.472  P  d2
  5149   1609.062  +0.001621  -0.001917  0.281  0.409  0.472  P  d2
  5150   1609.375  -0.003091  +0.001549  0.266  0.409  0.472  P  d2
  5151   1609.688  +0.007470  -0.001131  0.250  0.409  0.472  P  d3
  5152   1610.000  -0.003789  -0.003766  0.234  0.409  0.472  P  d3
  5153   1610.312  -0.003670  +0.004659  0.234  0.409  0.472  P  d2
  5154   1610.625  +0.001176  -0.002019  0.219  0.296  0.472  P  d3
  5155   1610.938  -0.001245  -0.000515  0.219  0.296  0.472  P  d1
  5156   1611.250  +0.001242  -0.001925  0.219  0.296  0.472  P  d3
  5157   1611.562  -0.000093  -0.000050  0.219  0.296  0.472  P  d3
  5158   1611.875  -0.000295  +0.004031  0.219  0.296  0.472  P  d1
  5159   1612.188  -0.001111  +0.000632  0.219  0.296  0.472  P  d2
  5160   1612.500  +0.005633  -0.004221  0.203  0.296  0.451  P  d3
  5161   1612.812  -0.004210  -0.002627  0.188  0.296  0.451  P  d3
  5162   1613.125  -0.002716  +0.005918  0.172  0.296  0.451  P  d2
  5163   1613.438  +0.001812  -0.001470  0.156  0.296  0.451  P  d2
  5164   1613.750  -0.002125  +0.001232  0.141  0.296  0.451  P  d2
  5165   1614.062  +0.004546  -0.000350  0.141  0.296  0.451  P  d3
  5166   1614.375  -0.000338  -0.006250  0.125  0.215  0.451  P  d2
  5167   1614.688  -0.003091  +0.007123  0.125  0.215  0.451  P  d3
  5168   1615.000  +0.002614  -0.000088  0.125  0.215  0.451  P  d2
  5169   1615.312  -0.002174  -0.000533  0.125  0.215  0.451  P  d2
  5170   1615.625  +0.001650  -0.000870  0.125  0.215  0.451  P  d3
  5171   1615.938  -0.000853  -0.000635  0.125  0.215  0.451  P  d1
  5172   1616.250  +0.001210  -0.001159  0.125  0.215  0.451  P  d2
  5173   1616.562  -0.000074  +0.000424  0.125  0.215  0.451  P  d0
  5174   1616.875  -0.000521  +0.004377  0.109  0.215  0.451  P  d3
  5175   1617.188  +0.000940  +0.000613  0.094  0.215  0.451  P  d3
  5176   1617.500  +0.000243  -0.001223  0.094  0.215  0.498  P  d2
  5177   1617.812  +0.001132  +0.001882  0.094  0.215  0.498  P  d2
  5178   1618.125  +0.000960  -0.005477  0.094  0.123  0.498  P  d0
  5179   1618.438  -0.002729  -0.004996  0.094  0.123  0.498  P  d2
  5180   1618.750  -0.000013  +0.001645  0.094  0.123  0.498  P  d2
  5181   1619.062  +0.000291  -0.000440  0.094  0.123  0.498  P  d2
  5182   1619.375  -0.000310  +0.000665  0.094  0.123  0.498  P  d2
  5183   1619.688  +0.001616  -0.001426  0.094  0.123  0.498  P  d2
  5184   1620.000  -0.004347  +0.003176  0.094  0.123  0.498  P  d0
  5185   1620.312  -0.001199  +0.005536  0.094  0.123  0.498  P  d2
  5186   1620.625  +0.000773  -0.002146  0.094  0.123  0.498  P  d3
  5187   1620.938  -0.000171  -0.000340  0.094  0.123  0.498  P  d0
  5188   1621.250  +0.000088  -0.000547  0.094  0.123  0.498  P  d2
  5189   1621.562  +0.000016  +0.000042  0.094  0.123  0.498  P  d2
  5190   1621.875  +0.000217  -0.001187  0.094  0.000  0.498  T  d0
  5191   1622.188  +0.000257  -0.000195  0.094  0.000  0.498  T  d1
  5192   1622.500  +0.003196  +0.004052  0.094  0.000  0.511  T  d3
  5193   1622.812  +0.000557  -0.000640  0.109  0.000  0.511  T  d3
  5194   1623.125  -0.000630  -0.000027  0.109  0.000  0.511  T  d1
  5195   1623.438  +0.000047  -0.000771  0.125  0.000  0.511  T  d3
  5196   1623.750  -0.000250  -0.000197  0.141  0.000  0.511  T  d0
  5197   1624.062  -0.000302  -0.001149  0.141  0.000  0.511  T  d3
  5198   1624.375  -0.000106  -0.000018  0.141  0.000  0.511  T  d1
  5199   1624.688  -0.000569  -0.001760  0.141  0.000  0.511  T  d1
  5200   1625.000  +0.000499  -0.000151  0.141  0.000  0.511  T  d3
  5201   1625.312  -0.000939  -0.002697  0.141  0.000  0.511  T  d2
  5202   1625.625  -0.000096  +0.005593  0.141  0.130  0.511  P  d3
  5203   1625.938  +0.004340  -0.002684  0.141  0.130  0.511  P  d2
  5204   1626.250  -0.005865  -0.000046  0.156  0.130  0.511  P  d3
  5205   1626.562  +0.001382  +0.004646  0.156  0.130  0.511  P  d2
  5206   1626.875  -0.000337  -0.003593  0.141  0.130  0.511  P  d2
  5207   1627.188  +0.000927  +0.001487  0.156  0.130  0.511  P  d2
  5208   1627.500  +0.000153  -0.003954  0.156  0.130  0.524  P  d2
  5209   1627.812  -0.004685  +0.005725  0.156  0.130  0.524  P  d2
  5210   1628.125  +0.003284  -0.001146  0.156  0.130  0.524  P  d2
  5211   1628.438  -0.003479  -0.000837  0.141  0.130  0.524  P  d2
  5212   1628.750  +0.006283  +0.003642  0.141  0.130  0.524  P  d3
  5213   1629.062  +0.000928  -0.003260  0.141  0.130  0.524  P  d2
  5214   1629.375  -0.001156  +0.002706  0.141  0.194  0.524  P  d2
  5215   1629.688  +0.003798  -0.004597  0.141  0.194  0.524  P  d3
  5216   1630.000  -0.003770  -0.004315  0.141  0.194  0.524  P  d3
  5217   1630.312  -0.002384  +0.006307  0.125  0.194  0.524  P  d2
  5218   1630.625  +0.001576  -0.000767  0.125  0.194  0.524  P  d2
  5219   1630.938  -0.000708  +0.000540  0.125  0.194  0.524  P  d2
  5220   1631.250  +0.000924  -0.000603  0.109  0.194  0.524  P  d1
  5221   1631.562  -0.000040  +0.001028  0.109  0.194  0.524  P  d3
  5222   1631.875  +0.000757  +0.000357  0.109  0.194  0.524  P  d1
  5223   1632.188  +0.000003  +0.001583  0.094  0.194  0.524  P  d2
  5224   1632.500  +0.000199  -0.001941  0.094  0.194  0.476  P  d0
  5225   1632.812  -0.000935  -0.004650  0.094  0.194  0.476  P  d2
  5226   1633.125  +0.000174  +0.001194  0.094  0.210  0.476  P  d0
  5227   1633.438  -0.000014  +0.000485  0.094  0.210  0.476  P  d0
  5228   1633.750  -0.000328  +0.000775  0.109  0.210  0.476  P  d3
  5229   1634.062  +0.000336  +0.000216  0.109  0.210  0.476  P  d1
  5230   1634.375  +0.000018  +0.000676  0.125  0.210  0.476  P  d1
  5231   1634.688  -0.000363  +0.000146  0.141  0.210  0.476  P  d2
  5232   1635.000  +0.000237  +0.000081  0.141  0.210  0.476  P  d3
  5233   1635.312  -0.000019  -0.000561  0.141  0.210  0.476  P  d2
  5234   1635.625  +0.000190  +0.000263  0.141  0.210  0.476  P  d3
  5235   1635.938  +0.000270  -0.000257  0.141  0.210  0.476  P  d0
  5236   1636.250  +0.000101  -0.000219  0.141  0.210  0.476  P  d3
  5237   1636.562  -0.000321  -0.000114  0.156  0.210  0.476  P  d1
  5238   1636.875  +0.000006  -0.000673  0.172  0.207  0.476  P  d0
  5239   1637.188  +0.000014  -0.000023  0.172  0.207  0.476  P  d3
  5240   1637.500  -0.000222  -0.000328  0.188  0.207  0.485  P  d1
  5241   1637.812  +0.000565  -0.000117  0.203  0.207  0.485  P  d3
  5242   1638.125  -0.000912  -0.000824  0.219  0.207  0.485  P  d1
  5243   1638.438  +0.001556  -0.000302  0.234  0.207  0.485  P  d2
  5244   1638.750  -0.003872  -0.001329  0.234  0.207  0.485  P  d3
  5245   1639.062  -0.000649  +0.005868  0.250  0.207  0.485  P  d2
  5246   1639.375  +0.001352  -0.006111  0.266  0.207  0.485  P  d2
  5247   1639.688  -0.003618  +0.005562  0.281  0.207  0.485  P  d3
  5248   1640.000  +0.003398  +0.000425  0.297  0.207  0.485  P  d2
  5249   1640.312  -0.001903  -0.002267  0.312  0.207  0.485  P  d2
  5250   1640.625  +0.002570  +0.001502  0.328  0.178  0.485  P  d3
  5251   1640.938  +0.005923  -0.003272  0.344  0.178  0.485  P  d3
  5252   1641.250  -0.007202  -0.002814  0.359  0.178  0.485  P  d2
  5253   1641.562  +0.001502  +0.002367  0.375  0.178  0.485  P  d2
  5254   1641.875  -0.000610  -0.000936  0.391  0.178  0.485  P  d2
  5255   1642.188  +0.000783  +0.003321  0.406  0.178  0.485  P  d2
  5256   1642.500  -0.001984  -0.001656  0.422  0.178  0.494  P  d1
  5257   1642.812  +0.001013  -0.001445  0.422  0.178  0.494  P  d3
  5258   1643.125  -0.005039  -0.000098  0.438  0.178  0.494  P  d3
  5259   1643.438  -0.004915  +0.005679  0.438  0.178  0.494  P  d0
  5260   1643.750  -0.000616  +0.000520  0.438  0.178  0.494  P  d0
  5261   1644.062  -0.002732  +0.003291  0.453  0.178  0.494  P  d0
  5262   1644.375  -0.000665  +0.000685  0.469  0.163  0.494  P  d0
  5263   1644.688  -0.002356  +0.003168  0.484  0.163  0.494  P  d2
  5264   1645.000  +0.005103  -0.002539  0.484  0.163  0.494  P  d2
  5265   1645.312  -0.003605  -0.000051  0.500  0.163  0.494  P  d2
  5266   1645.625  +0.005929  +0.003325  0.516  0.163  0.494  P  d1
  5267   1645.938  -0.000087  +0.002586  0.516  0.163  0.494  P  d3
  5268   1646.250  +0.007419  +0.003696  0.500  0.163  0.494  P  d0
  5269   1646.562  +0.002333  +0.006492  0.500  0.163  0.494  P  d0
  5270   1646.875  +0.008880  +0.004317  0.500  0.163  0.494  P  d1
  5271   1647.188  +0.000194  +0.011212  0.484  0.163  0.494  P  d0
  5272   1647.500  +0.010612  +0.011145  0.484  0.163  0.515  P  d0
  5273   1647.812  +0.000795  +0.000843  0.484  0.163  0.515  P  d0
  5274   1648.125  +0.003138  +0.004169  0.484  0.162  0.515  P  d0
  5275   1648.438  +0.005798  +0.004127  0.484  0.162  0.515  P  d3
  5276   1648.750  +0.002754  -0.008674  0.484  0.162  0.515  P  d0
  5277   1649.062  +0.000473  -0.005074  0.484  0.162  0.515  P  d0
  5278   1649.375  +0.010128  -0.013067  0.484  0.162  0.515  P  d0
  5279   1649.688  +0.014467  -0.011496  0.484  0.162  0.515  P  d0
  5280   1650.000  +0.014660  -0.020465  0.500  0.162  0.515  P  d0
  5281   1650.312  +0.024229  -0.016951  0.500  0.162  0.515  P  d0
  5282   1650.625  +0.020671  -0.020984  0.500  0.162  0.515  P  d0
  5283   1650.938  +0.029211  -0.018041  0.500  0.162  0.515  P  d0
  5284   1651.250  +0.018936  -0.015717  0.516  0.162  0.515  P  d0
  5285   1651.562  +0.020415  -0.014832  0.516  0.162  0.515  P  d0
  5286   1651.875  +0.002474  -0.011080  0.516  0.159  0.515  P  d0
  5287   1652.188  -0.005739  -0.016192  0.516  0.159  0.515  P  d0
  5288   1652.500  -0.031821  -0.017079  0.531  0.159  0.519  P  d0
  5289   1652.812  -0.045718  -0.033191  0.531  0.159  0.519  P  d0
  5290   1653.125  -0.075865  -0.040878  0.531  0.159  0.519  P  d0
  5291   1653.438  -0.088525  -0.076066  0.547  0.159  0.519  P  d0
  5292   1653.750  -0.109247  -0.089203  0.531  0.159  0.519  P  d0
  5293   1654.062  -0.122141  -0.140436  0.516  0.159  0.519  P  d0
  5294   1654.375  -0.124747  -0.116830  0.500  0.159  0.519  P  d0
  5295   1654.688  -0.143903  -0.298287  0.500  0.159  0.519  P  d3
  5296   1655.000  -0.030596  +0.078827  0.500  0.159  0.519  P  d0
  5297   1655.312  -0.983614  +1.110246  0.500  0.159  0.519  P  d0
  5298   1655.625  +0.048885  +1.705640  0.500  0.155  0.519  P  d3
  5299   1655.938  +1.728235  +0.672626  0.516  0.155  0.519  P  d3
  5300   1656.250  +1.667892  -0.989305  0.516  0.155  0.519  P  d3
  5301   1656.562  +0.481056  -2.045017  0.500  0.155  0.519  P  d3
  5302   1656.875  -1.268491  -1.726384  0.484  0.155  0.519  P  d3
  5303   1657.188  -1.964368  -0.063798  0.484  0.155  0.519  P  d3
  5304   1657.500  -1.201990  +1.341493  0.469  0.155  0.524  P  d3
  5305   1657.812  +0.510524  +1.887782  0.453  0.155  0.524  P  d3
  5306   1658.125  +1.622363  +0.231574  0.438  0.155  0.524  P  d3
  5307   1658.438  +0.163785  -0.738891  0.422  0.155  0.524  P  d2
  5308   1658.750  -0.159622  +0.120294  0.438  0.155  0.524  P  d2
  5309   1659.062  +0.038087  -0.217698  0.422  0.155  0.524  P  d3
  5310   1659.375  -0.255690  +0.027155  0.406  0.153  0.524  P  d2
  5311   1659.688  +0.494061  -0.384176  0.391  0.153  0.524  P  d0
  5312   1660.000  +0.646020  -0.519666  0.375  0.153  0.524  P  d2
  5313   1660.312  -0.217283  +0.023899  0.359  0.153  0.524  P  d2
  5314   1660.625  +0.144799  -0.122777  0.359  0.153  0.524  P  d2
  5315   1660.938  -0.861351  +0.566046  0.344  0.153  0.524  P  d0
  5316   1661.250  -0.124447  +0.195770  0.328  0.153  0.524  P  d2
  5317   1661.562  +0.031829  -0.134308  0.312  0.153  0.524  P  d2
  5318   1661.875  +0.036446  +0.152294  0.297  0.153  0.524  P  d2
  5319   1662.188  -0.618770  -0.821136  0.281  0.153  0.524  P  d0
  5320   1662.500  -0.219956  -0.103454  0.266  0.153  0.519  P  d1
  5321   1662.812  +0.043054  -0.019680  0.250  0.153  0.519  P  d1
  5322   1663.125  +0.136748  +0.236269  0.234  0.153  0.519  P  d0
  5323   1663.438  +0.837545  +0.663583  0.219  0.153  0.519  P  d2
  5324   1663.750  -0.134496  -0.049288  0.203  0.153  0.519  P  d2
  5325   1664.062  +0.183710  +0.009627  0.188  0.153  0.519  P  d1
  5326   1664.375  -0.172395  +0.250711  0.188  0.153  0.519  P  d0
  5327   1664.688  -0.590367  +0.873957  0.188  0.153  0.519  P  d3
  5328   1665.000  +0.208904  +0.062957  0.203  0.153  0.519  P  d1
  5329   1665.312  -0.083087  +0.146689  0.203  0.153  0.519  P  d3
  5330   1665.625  +0.709373  -0.126620  0.203  0.153  0.519  P  d0
  5331   1665.938  +1.782127  -0.703432  0.203  0.153  0.519  P  d3
  5332   1666.250  +0.260791  -1.787796  0.203  0.153  0.519  P  d3
  5333   1666.562  -1.356406  -1.204322  0.203  0.153  0.519  P  d3
  5334   1666.875  -1.897678  +0.349401  0.219  0.149  0.519  P  d3
  5335   1667.188  -0.968661  +1.744109  0.234  0.149  0.519  P  d3
  5336   1667.500  +0.801020  +1.799982  0.250  0.149  0.584  P  d3
  5337   1667.812  +1.895118  +0.521087  0.266  0.149  0.584  P  d3
  5338   1668.125  +1.707629  -1.190431  0.281  0.149  0.584  P  d3
  5339   1668.438  +0.069884  -1.948839  0.281  0.149  0.584  P  d0
  5340   1668.750  -1.169120  -1.269405  0.281  0.149  0.584  P  d3
  5341   1669.062  -1.949129  +0.476060  0.297  0.149  0.584  P  d3
  5342   1669.375  +0.283083  +1.482000  0.312  0.149  0.584  P  d2
  5343   1669.688  +0.494410  -1.310736  0.312  0.149  0.584  P  d3
  5344   1670.000  -2.055862  -0.411535  0.297  0.149  0.584  P  d3
  5345   1670.312  -0.929825  +1.403618  0.297  0.149  0.584  P  d0
  5346   1670.625  +0.315692  +1.900191  0.297  0.144  0.584  P  d3
  5347   1670.938  +1.934051  +0.994653  0.312  0.144  0.584  P  d3
  5348   1671.250  +1.845838  -0.754146  0.297  0.144  0.584  P  d3
  5349   1671.562  +0.657221  -1.853046  0.297  0.144  0.584  P  d3
  5350   1671.875  -1.160278  -1.620904  0.297  0.144  0.584  P  d3
  5351   1672.188  -1.913866  -0.033487  0.297  0.144  0.584  P  d3
  5352   1672.500  -1.200848  +1.357191  0.281  0.144  0.567  P  d3
  5353   1672.812  +0.489280  +1.892859  0.281  0.144  0.567  P  d3
  5354   1673.125  +1.666764  +0.242029  0.281  0.144  0.567  P  d3
  5355   1673.438  +0.214719  -0.782746  0.266  0.144  0.567  P  d2
  5356   1673.750  -0.063572  +0.059556  0.266  0.144  0.567  P  d2
  5357   1674.062  +0.045398  -0.269721  0.266  0.144  0.567  P  d0
  5358   1674.375  -0.012809  -0.053981  0.266  0.045  0.567  T  d0
  5359   1674.688  +0.057353  -0.174844  0.250  0.045  0.567  T  d0
  5360   1675.000  +0.051092  -0.078282  0.250  0.045  0.567  T  d0
  5361   1675.312  +0.008597  -0.096828  0.250  0.045  0.567  T  d0
  5362   1675.625  +0.031491  -0.041359  0.250  0.045  0.567  T  d3
  5363   1675.938  -0.041165  -0.026124  0.234  0.045  0.567  T  d1
  5364   1676.250  +0.004704  -0.014305  0.234  0.045  0.567  T  d3
  5365   1676.562  -0.024327  -0.015476  0.234  0.045  0.567  T  d0
  5366   1676.875  -0.005595  -0.002749  0.234  0.045  0.567  T  d0
  5367   1677.188  -0.058365  -0.040193  0.234  0.045  0.567  T  d0
  5368   1677.500  -0.031349  -0.014008  0.234  0.045  0.571  T  d0
  5369   1677.812  -0.028251  -0.002517  0.234  0.045  0.571  T  d0
  5370   1678.125  -0.019908  -0.001436  0.234  0.000  0.571  T  d3
  5371   1678.438  +0.005537  +0.030150  0.234  0.000  0.571  T  d1
  5372   1678.750  -0.020538  -0.012552  0.219  0.000  0.571  T  d0
  5373   1679.062  -0.008165  +0.001940  0.219  0.000  0.571  T  d0
  5374   1679.375  -0.018222  +0.002693  0.219  0.000  0.571  T  d3
  5375   1679.688  -0.030676  +0.041876  0.219  0.000  0.571  T  d2
  5376   1680.000  +0.001666  -0.000824  0.234  0.000  0.571  T  d1
  5377   1680.312  -0.001801  +0.014938  0.234  0.000  0.571  T  d3
  5378   1680.625  +0.022602  +0.001675  0.219  0.000  0.571  T  d0
  5379   1680.938  +0.079805  -0.014861  0.219  0.000  0.571  T  d3
  5380   1681.250  +0.012586  -0.061351  0.234  0.000  0.571  T  d3
  5381   1681.562  -0.048088  -0.044029  0.234  0.000  0.571  T  d3
  5382   1681.875  -0.082613  +0.013496  0.234  0.000  0.571  T  d3
  5383   1682.188  -0.039711  +0.070741  0.234  0.000  0.571  T  d3
  5384   1682.500  +0.023976  +0.082008  0.250  0.000  0.601  T  d3
  5385   1682.812  +0.074156  +0.022963  0.250  0.000  0.601  T  d3
  5386   1683.125  +0.068957  -0.042726  0.250  0.000  0.601  T  d3
  5387   1683.438  +0.005643  -0.080205  0.266  0.000  0.601  T  d3
  5388   1683.750  -0.044817  -0.048044  0.266  0.000  0.601  T  d3
  5389   1684.062  -0.076037  +0.014162  0.266  0.000  0.601  T  d3
  5390   1684.375  +0.011741  +0.063564  0.250  0.000  0.601  T  d2
  5391   1684.688  +0.023545  -0.051694  0.250  0.000  0.601  T  d3
  5392   1685.000  -0.078861  -0.017652  0.234  0.000  0.601  T  d3
  5393   1685.312  -0.041940  +0.048325  0.219  0.000  0.601  T  d3
  5394   1685.625  +0.012746  +0.075881  0.203  0.000  0.601  T  d3
  5395   1685.938  +0.075240  +0.046861  0.219  0.000  0.601  T  d3
  5396   1686.250  +0.078069  -0.023687  0.219  0.000  0.601  T  d3
  5397   1686.562  +0.030398  -0.069425  0.219  0.000  0.601  T  d3
  5398   1686.875  -0.040205  -0.068267  0.203  0.000  0.601  T  d3
  5399   1687.188  -0.076622  -0.008569  0.188  0.000  0.601  T  d3
  5400   1687.500  -0.047905  +0.051268  0.172  0.000  0.579  T  d3
  5401   1687.812  +0.011703  +0.080527  0.156  0.000  0.579  T  d3
  5402   1688.125  +0.063016  +0.014412  0.141  0.000  0.579  T  d3
  5403   1688.438  +0.010211  -0.030488  0.141  0.000  0.579  T  d3
  5404   1688.750  -0.005750  +0.002482  0.156  0.000  0.579  T  d2
  5405   1689.062  +0.004036  -0.010043  0.141  0.000  0.579  T  d3
  5406   1689.375  -0.009744  -0.001832  0.125  0.000  0.579  T  d2
  5407   1689.688  +0.025575  -0.015320  0.125  0.000  0.579  T  d0
  5408   1690.000  +0.028288  -0.022470  0.125  0.000  0.579  T  d2
  5409   1690.312  -0.006220  +0.001757  0.125  0.000  0.579  T  d2
  5410   1690.625  +0.005158  -0.006857  0.125  0.000  0.579  T  d2
  5411   1690.938  -0.033117  +0.021192  0.109  0.000  0.579  T  d0
  5412   1691.250  -0.004775  +0.005502  0.109  0.000  0.579  T  d2
  5413   1691.562  +0.001306  -0.004517  0.109  0.000  0.579  T  d2
  5414   1691.875  +0.001124  +0.005048  0.109  0.000  0.579  T  d2
  5415   1692.188  -0.025415  -0.037009  0.109  0.000  0.579  T  d0
  5416   1692.500  -0.009655  -0.005181  0.109  0.000  0.575  T  d1
  5417   1692.812  +0.002475  -0.000958  0.109  0.000  0.575  T  d1
  5418   1693.125  +0.002954  +0.009416  0.109  0.000  0.575  T  d0
  5419   1693.438  +0.029430  +0.032287  0.109  0.000  0.575  T  d2
  5420   1693.750  -0.002822  -0.004037  0.109  0.000  0.575  T  d2
  5421   1694.062  +0.005711  +0.001634  0.109  0.000  0.575  T  d1
  5422   1694.375  -0.004963  +0.008140  0.109  0.000  0.575  T  d0
  5423   1694.688  -0.030345  +0.030530  0.109  0.000  0.575  T  d3
  5424   1695.000  +0.011067  +0.004942  0.125  0.000  0.575  T  d1
  5425   1695.312  -0.006160  +0.003650  0.125  0.000  0.575  T  d2
  5426   1695.625  +0.031170  +0.000571  0.125  0.000  0.575  T  d0
  5427   1695.938  +0.072745  -0.025405  0.125  0.000  0.575  T  d3
  5428   1696.250  +0.014001  -0.070349  0.125  0.000  0.575  T  d3
  5429   1696.562  -0.052118  -0.050484  0.125  0.000  0.575  T  d3
  5430   1696.875  -0.076559  +0.010335  0.125  0.000  0.575  T  d3
  5431   1697.188  -0.040920  +0.069451  0.125  0.000  0.575  T  d3
  5432   1697.500  +0.029129  +0.073962  0.141  0.000  0.609  T  d3
  5433   1697.812  +0.075704  +0.023248  0.141  0.000  0.609  T  d3
  5434   1698.125  +0.069690  -0.046179  0.156  0.000  0.609  T  d3
  5435   1698.438  +0.005536  -0.079373  0.172  0.000  0.609  T  d0
  5436   1698.750  -0.045424  -0.052825  0.172  0.000  0.609  T  d3
  5437   1699.062  -0.077932  +0.015051  0.172  0.000  0.609  T  d3
  5438   1699.375  +0.007689  +0.060182  0.172  0.000  0.609  T  d2
  5439   1699.688  +0.023700  -0.048619  0.172  0.000  0.609  T  d3
  5440   1700.000  -0.083247  -0.022765  0.156  0.000  0.609  T  d3
  5441   1700.312  -0.041997  +0.048745  0.172  0.000  0.609  T  d3
  5442   1700.625  +0.007128  +0.074464  0.188  0.000  0.609  T  d3
  5443   1700.938  +0.076290  +0.048361  0.203  0.000  0.609  T  d3
  5444   1701.250  +0.074115  -0.022228  0.188  0.000  0.609  T  d3
  5445   1701.562  +0.033868  -0.070436  0.188  0.000  0.609  T  d3
  5446   1701.875  -0.041545  -0.066479  0.188  0.000  0.609  T  d3
  5447   1702.188  -0.075169  -0.011541  0.188  0.000  0.609  T  d3
  5448   1702.500  -0.050531  +0.053790  0.188  0.000  0.536  T  d3
  5449   1702.812  +0.010019  +0.080460  0.188  0.000  0.536  T  d3
  5450   1703.125  +0.062476  +0.019610  0.188  0.000  0.536  T  d3
  5451   1703.438  +0.010362  -0.030518  0.172  0.000  0.536  T  d2
  5452   1703.750  -0.006770  +0.005613  0.188  0.000  0.536  T  d2
  5453   1704.062  +0.002468  -0.011486  0.203  0.000  0.536  T  d3
  5454   1704.375  -0.009373  +0.000391  0.203  0.000  0.536  T  d2
  5455   1704.688  +0.023268  -0.017880  0.188  0.000  0.536  T  d0
  5456   1705.000  +0.030791  -0.020696  0.203  0.000  0.536  T  d2
  5457   1705.312  -0.008041  -0.000707  0.203  0.000  0.536  T  d2
  5458   1705.625  +0.010606  -0.006168  0.203  0.000  0.536  T  d2
  5459   1705.938  -0.034194  +0.020779  0.203  0.000  0.536  T  d3
  5460   1706.250  +0.001309  +0.004703  0.219  0.000  0.536  T  d3
  5461   1706.562  +0.002953  -0.000623  0.234  0.000  0.536  T  d1
  5462   1706.875  +0.006938  +0.005227  0.234  0.000  0.536  T  d2
  5463   1707.188  -0.022941  -0.031436  0.250  0.000  0.536  T  d0
  5464   1707.500  -0.006341  -0.004204  0.266  0.000  0.532  T  d2
  5465   1707.812  +0.003572  +0.005492  0.281  0.000  0.532  T  d0
  5466   1708.125  +0.001881  +0.008550  0.297  0.000  0.532  T  d0
  5467   1708.438  +0.028173  +0.035472  0.312  0.000  0.532  T  d2
  5468   1708.750  -0.007124  -0.007950  0.312  0.000  0.532  T  d1
  5469   1709.062  +0.003563  -0.000236  0.312  0.000  0.532  T  d2
  5470   1709.375  -0.008971  -0.002594  0.312  0.000  0.532  T  d3
  5471   1709.688  -0.027629  +0.022208  0.312  0.000  0.532  T  d2
  5472   1710.000  +0.008808  -0.010387  0.328  0.000  0.532  T  d0
  5473   1710.312  +0.004917  -0.009327  0.328  0.000  0.532  T  d0
  5474   1710.625  +0.034613  -0.013076  0.328  0.000  0.532  T  d0
  5475   1710.938  +0.089818  -0.039044  0.328  0.000  0.532  T  d3
  5476   1711.250  +0.020590  -0.073565  0.344  0.000  0.532  T  d3
  5477   1711.562  -0.037066  -0.056060  0.344  0.000  0.532  T  d3
  5478   1711.875  -0.071498  +0.021135  0.344  0.000  0.532  T  d3
  5479   1712.188  -0.039063  +0.072815  0.344  0.000  0.532  T  d0
  5480   1712.500  +0.019669  +0.091767  0.359  0.000  0.528  T  d3
  5481   1712.812  +0.052791  +0.029185  0.359  0.000  0.528  T  d3
  5482   1713.125  +0.036525  -0.033835  0.359  0.000  0.528  T  d3
  5483   1713.438  -0.042911  -0.084140  0.375  0.000  0.528  T  d0
  5484   1713.750  -0.095776  -0.057865  0.375  0.000  0.528  T  d0
  5485   1714.062  -0.135373  -0.012490  0.375  0.000  0.528  T  d3
  5486   1714.375  -0.035114  +0.029198  0.375  0.000  0.528  T  d1
  5487   1714.688  -0.020474  -0.097138  0.391  0.000  0.528  T  d0
  5488   1715.000  -0.091375  -0.062291  0.375  0.000  0.528  T  d3
  5489   1715.312  -0.048982  +0.013150  0.375  0.000  0.528  T  d3
  5490   1715.625  +0.047740  +0.058476  0.375  0.000  0.528  T  d0
  5491   1715.938  +0.108645  +0.073427  0.391  0.000  0.528  T  d0
  5492   1716.250  +0.137869  +0.030383  0.391  0.000  0.528  T  d0
  5493   1716.562  +0.074468  +0.058607  0.391  0.000  0.528  T  d1
  5494   1716.875  -0.015986  +0.085045  0.391  0.000  0.528  T  d0
  5495   1717.188  -0.079126  +0.215026  0.391  0.000  0.528  T  d0
  5496   1717.500  -0.136877  +0.284718  0.391  0.000  0.489  T  d0
  5497   1717.812  -0.077937  +0.333627  0.391  0.000  0.489  T  d0
  5498   1718.125  -0.189616  +0.258101  0.375  0.000  0.489  T  d0
  5499   1718.438  -0.111771  +0.141893  0.359  0.000  0.489  T  d0
  5500   1718.750  -0.472533  +0.136390  0.375  0.000  0.489  T  d2
  5501   1719.062  +0.192886  +0.072258  0.375  0.000  0.489  T  d2
  5502   1719.375  -1.288909  +0.108300  0.375  0.000  0.489  T  d2
  5503   1719.688  +3.242922  -1.297309  0.375  0.000  0.489  T  d0
  5504   1720.000  +4.365533  -2.629099  0.391  0.000  0.489  T  d2
  5505   1720.312  -1.101580  +0.443438  0.375  0.000  0.489  T  d2
  5506   1720.625  +1.086559  -0.575453  0.359  0.000  0.489  T  d2
  5507   1720.938  -5.152780  +3.107085  0.359  0.000  0.489  T  d0
  5508   1721.250  -0.660231  +1.170202  0.359  0.000  0.489  T  d2
  5509   1721.562  +0.629714  -0.765187  0.359  0.000  0.489  T  d1
  5510   1721.875  +0.368498  +0.997396  0.359  0.000  0.489  T  d2
  5511   1722.188  -3.076818  -5.442820  0.375  0.000  0.489  T  d0
  5512   1722.500  -1.124780  -0.750218  0.359  0.000  0.464  T  d1
  5513   1722.812  +0.383918  -0.244963  0.359  0.000  0.464  T  d1
  5514   1723.125  +0.701988  +1.307578  0.359  0.000  0.464  T  d0
  5515   1723.438  +4.547945  +4.070856  0.375  0.000  0.464  T  d2
  5516   1723.750  -0.928107  -0.819302  0.359  0.000  0.464  T  d1
  5517   1724.062  +0.820863  -0.450437  0.344  0.000  0.464  T  d2
  5518   1724.375  -1.366434  +0.542621  0.344  0.000  0.464  T  d0
  5519   1724.688  -4.155475  +4.193997  0.344  0.000  0.464  T  d2
  5520   1725.000  +1.119200  -1.068560  0.344  0.000  0.464  T  d2
  5521   1725.312  -0.696128  +0.548797  0.344  0.000  0.464  T  d2
  5522   1725.625  +3.806100  -3.969159  0.359  0.000  0.464  T  d0
  5523   1725.938  +1.808194  -2.905345  0.344  0.000  0.464  T  d2
  5524   1726.250  +0.025519  +1.131285  0.328  0.000  0.464  T  d2
  5525   1726.562  -0.166332  -0.330824  0.312  0.000  0.464  T  d1
  5526   1726.875  +1.013207  +0.317723  0.312  0.000  0.464  T  d2
  5527   1727.188  -3.306285  +1.393275  0.297  0.000  0.464  T  d0
  5528   1727.500  -4.513624  +2.919831  0.281  0.000  0.481  T  d2
  5529   1727.812  +0.847937  -0.454069  0.266  0.000  0.481  T  d2
  5530   1728.125  -1.273264  +0.660404  0.250  0.000  0.481  T  d2
  5531   1728.438  +4.935580  -3.317177  0.250  0.000  0.481  T  d0
  5532   1728.750  +0.550308  -1.226448  0.234  0.000  0.481  T  d2
  5533   1729.062  -0.683527  +0.740848  0.234  0.000  0.481  T  d1
  5534   1729.375  -0.394439  -1.017770  0.234  0.000  0.481  T  d2
  5535   1729.688  +3.203410  +5.330184  0.250  0.000  0.481  T  d0
  5536   1730.000  +1.162072  +0.724251  0.234  0.000  0.481  T  d1
  5537   1730.312  -0.352210  +0.291340  0.234  0.000  0.481  T  d1
  5538   1730.625  -0.729579  -1.269661  0.234  0.000  0.481  T  d0
  5539   1730.938  -4.659198  -3.960832  0.250  0.000  0.481  T  d2
  5540   1731.250  +0.921725  +0.797331  0.234  0.000  0.481  T  d1
  5541   1731.562  -0.840380  +0.415766  0.234  0.000  0.481  T  d2
  5542   1731.875  +1.329392  -0.664763  0.234  0.000  0.481  T  d0
  5543   1732.188  +4.035069  -4.425343  0.234  0.000  0.481  T  d2
  5544   1732.500  -1.038467  +0.914235  0.219  0.000  0.481  T  d2
  5545   1732.812  +0.738733  -0.765190  0.219  0.000  0.481  T  d2
  5546   1733.125  -3.521298  +3.841902  0.219  0.000  0.481  T  d0
  5547   1733.438  -1.661985  +2.796778  0.203  0.000  0.481  T  d2
  5548   1733.750  +0.353271  -1.272897  0.219  0.000  0.481  T  d2
  5549   1734.062  -0.009641  +0.267220  0.219  0.000  0.481  T  d2
  5550   1734.375  +0.144956  -0.466830  0.219  0.000  0.481  T  d1
  5551   1734.688  +0.411627  -0.150181  0.203  0.000  0.481  T  d0
  5552   1735.000  +0.622283  -0.446826  0.203  0.000  0.481  T  d1
  5553   1735.312  +0.159683  +0.030275  0.203  0.000  0.481  T  d0
  5554   1735.625  +0.311066  -0.103108  0.219  0.000  0.481  T  d2
  5555   1735.938  -0.196590  +0.309934  0.203  0.000  0.481  T  d3
  5556   1736.250  +0.070783  +0.140180  0.203  0.000  0.481  T  d3
  5557   1736.562  +0.154151  +0.014415  0.203  0.000  0.481  T  d1
  5558   1736.875  +0.052315  +0.142143  0.203  0.000  0.481  T  d2
  5559   1737.188  -0.233826  -0.369976  0.203  0.000  0.481  T  d3
  5560   1737.500  -0.128836  -0.026849  0.188  0.000  0.494  T  d1
  5561   1737.812  +0.004860  -0.016443  0.188  0.000  0.494  T  d2
  5562   1738.125  +0.016114  +0.099075  0.188  0.000  0.494  T  d0
  5563   1738.438  +0.354310  +0.298552  0.188  0.000  0.494  T  d2
  5564   1738.750  -0.093105  -0.075697  0.172  0.000  0.494  T  d1
  5565   1739.062  +0.079370  -0.063915  0.172  0.000  0.494  T  d2
  5566   1739.375  -0.093873  +0.070892  0.172  0.000  0.494  T  d0
  5567   1739.688  -0.308595  +0.337975  0.172  0.000  0.494  T  d3
  5568   1740.000  +0.119088  +0.011232  0.172  0.000  0.494  T  d2
  5569   1740.312  -0.036725  +0.028477  0.172  0.000  0.494  T  d2
  5570   1740.625  +0.368521  -0.034620  0.172  0.000  0.494  T  d0
  5571   1740.938  +0.867559  -0.266613  0.156  0.000  0.494  T  d3
  5572   1741.250  +0.195489  -0.819013  0.172  0.000  0.494  T  d3
  5573   1741.562  -0.619323  -0.620354  0.172  0.000  0.494  T  d3
  5574   1741.875  -0.920042  +0.120743  0.172  0.000  0.494  T  d3
  5575   1742.188  -0.522578  +0.822955  0.156  0.000  0.494  T  d3
  5576   1742.500  +0.321905  +0.900416  0.172  0.000  0.554  T  d3
  5577   1742.812  +0.886395  +0.296661  0.172  0.000  0.554  T  d3
  5578   1743.125  +0.836843  -0.537578  0.172  0.000  0.554  T  d3
  5579   1743.438  +0.070181  -0.950763  0.172  0.000  0.554  T  d0
  5580   1743.750  -0.534374  -0.643260  0.172  0.000  0.554  T  d3
  5581   1744.062  -0.951859  +0.167516  0.172  0.000  0.554  T  d3
  5582   1744.375  +0.082160  +0.709888  0.172  0.000  0.554  T  d2
  5583   1744.688  +0.275841  -0.611426  0.188  0.000  0.554  T  d3
  5584   1745.000  -0.974404  -0.263381  0.172  0.000  0.554  T  d3
  5585   1745.312  -0.478567  +0.646556  0.172  0.000  0.554  T  d0
  5586   1745.625  +0.096346  +0.917104  0.156  0.000  0.554  T  d3
  5587   1745.938  +0.905661  +0.534146  0.172  0.000  0.554  T  d3
  5588   1746.250  +0.902319  -0.300587  0.172  0.000  0.554  T  d3
  5589   1746.562  +0.372097  -0.857593  0.172  0.000  0.554  T  d3
  5590   1746.875  -0.513217  -0.790775  0.172  0.000  0.554  T  d3
  5591   1747.188  -0.914033  -0.054347  0.172  0.000  0.554  T  d3
  5592   1747.500  -0.619875  +0.635970  0.172  0.000  0.541  T  d3
  5593   1747.812  +0.175420  +0.930555  0.172  0.000  0.541  T  d3
  5594   1748.125  +0.770730  +0.177880  0.172  0.000  0.541  T  d3
  5595   1748.438  +0.111998  -0.363416  0.156  0.000  0.541  T  d2
  5596   1748.750  -0.067991  +0.040522  0.172  0.000  0.541  T  d2
  5597   1749.062  +0.043430  -0.126245  0.172  0.000  0.541  T  d3
  5598   1749.375  -0.100678  -0.015214  0.172  0.000  0.541  T  d2
  5599   1749.688  +0.269697  -0.187140  0.156  0.000  0.541  T  d0
  5600   1750.000  +0.353126  -0.229451  0.156  0.000  0.541  T  d2
  5601   1750.312  -0.091558  -0.008286  0.156  0.000  0.541  T  d2
  5602   1750.625  +0.093684  -0.055177  0.156  0.000  0.541  T  d2
  5603   1750.938  -0.430027  +0.226839  0.141  0.000  0.541  T  d0
  5604   1751.250  -0.055496  +0.086743  0.141  0.000  0.541  T  d2
  5605   1751.562  +0.022245  -0.059464  0.141  0.000  0.541  T  d2
  5606   1751.875  +0.013905  +0.074778  0.141  0.000  0.541  T  d2
  5607   1752.188  -0.270570  -0.430797  0.141  0.000  0.541  T  d0
  5608   1752.500  -0.105544  -0.063347  0.141  0.000  0.536  T  d2
  5609   1752.812  +0.019781  -0.003032  0.141  0.000  0.536  T  d1
  5610   1753.125  +0.046162  +0.108450  0.141  0.000  0.536  T  d0
  5611   1753.438  +0.368368  +0.351601  0.141  0.000  0.536  T  d2
  5612   1753.750  -0.069084  -0.036252  0.125  0.000  0.536  T  d2
  5613   1754.062  +0.082681  +0.010572  0.125  0.000  0.536  T  d1
  5614   1754.375  -0.096848  +0.102132  0.125  0.000  0.536  T  d0
  5615   1754.688  -0.319708  +0.385007  0.125  0.000  0.536  T  d3
  5616   1755.000  +0.091988  +0.027271  0.141  0.000  0.536  T  d1
  5617   1755.312  -0.037389  +0.061875  0.141  0.000  0.536  T  d3
  5618   1755.625  +0.348317  -0.036976  0.125  0.000  0.536  T  d0
  5619   1755.938  +0.888897  -0.264279  0.125  0.000  0.536  T  d3
  5620   1756.250  +0.203322  -0.839488  0.141  0.000  0.536  T  d3
  5621   1756.562  -0.591973  -0.622694  0.141  0.000  0.536  T  d3
  5622   1756.875  -0.911056  +0.099282  0.141  0.000  0.536  T  d3
  5623   1757.188  -0.518363  +0.792168  0.141  0.000  0.536  T  d3
  5624   1757.500  +0.302924  +0.901158  0.156  0.000  0.536  T  d3
  5625   1757.812  +0.864781  +0.317579  0.156  0.000  0.536  T  d3
  5626   1758.125  +0.843898  -0.504242  0.156  0.000  0.536  T  d3
  5627   1758.438  +0.065767  -0.948476  0.172  0.000  0.536  T  d0
  5628   1758.750  -0.543686  -0.643610  0.172  0.000  0.536  T  d3
  5629   1759.062  -0.984975  +0.135789  0.172  0.000  0.536  T  d3
  5630   1759.375  +0.049770  +0.703903  0.172  0.000  0.536  T  d2
  5631   1759.688  +0.259784  -0.635188  0.188  0.000  0.536  T  d3
  5632   1760.000  -0.970432  -0.297309  0.172  0.000  0.536  T  d3
  5633   1760.312  -0.496446  +0.615106  0.172  0.000  0.536  T  d3
  5634   1760.625  +0.108765  +0.910725  0.172  0.000  0.536  T  d3
  5635   1760.938  +0.913844  +0.562550  0.188  0.000  0.536  T  d3
  5636   1761.250  +0.943898  -0.258462  0.172  0.000  0.536  T  d3
  5637   1761.562  +0.387221  -0.776985  0.172  0.000  0.536  T  d3
  5638   1761.875  -0.475731  -0.716904  0.172  0.000  0.536  T  d3
  5639   1762.188  -0.913248  +0.061642  0.172  0.000  0.536  T  d3
  5640   1762.500  -0.660067  +0.761952  0.172  0.000  0.532  T  d3
  5641   1762.812  +0.128389  +1.076020  0.172  0.000  0.532  T  d3
  5642   1763.125  +0.640488  +0.311942  0.172  0.000  0.532  T  d3
  5643   1763.438  +0.048966  -0.263785  0.156  0.000  0.532  T  d3
  5644   1763.750  -0.315560  +0.110154  0.172  0.000  0.532  T  d2
  5645   1764.062  +0.151982  -0.084945  0.172  0.000  0.532  T  d2
  5646   1764.375  -0.783069  +0.049387  0.172  0.000  0.532  T  d2
  5647   1764.688  +2.000423  -0.944961  0.156  0.000  0.532  T  d0
  5648   1765.000  +2.671621  -1.737978  0.172  0.000  0.532  T  d2
  5649   1765.312  -0.650818  +0.237873  0.172  0.000  0.532  T  d2
  5650   1765.625  +0.703708  -0.406699  0.172  0.000  0.532  T  d2
  5651   1765.938  -3.227894  +2.068362  0.172  0.000  0.532  T  d0
  5652   1766.250  -0.389141  +0.754798  0.172  0.000  0.532  T  d2
  5653   1766.562  +0.389711  -0.509565  0.172  0.000  0.532  T  d1
  5654   1766.875  +0.260411  +0.631751  0.172  0.000  0.532  T  d2
  5655   1767.188  -2.098257  -3.436380  0.188  0.000  0.532  T  d0
  5656   1767.500  -0.747349  -0.460035  0.188  0.000  0.541  T  d1
  5657   1767.812  +0.228322  -0.162251  0.188  0.000  0.541  T  d1
  5658   1768.125  +0.466043  +0.828074  0.188  0.008  0.541  T  d0
  5659   1768.438  +2.985658  +2.526941  0.203  0.008  0.541  T  d2
  5660   1768.750  -0.616371  -0.517151  0.188  0.008  0.541  T  d1
  5661   1769.062  +0.511714  -0.304303  0.188  0.008  0.541  T  d2
  5662   1769.375  -0.870015  +0.368205  0.188  0.008  0.541  T  d0
  5663   1769.688  -2.597275  +2.771594  0.188  0.008  0.541  T  d2
  5664   1770.000  +0.699594  -0.711740  0.203  0.008  0.541  T  d2
  5665   1770.312  -0.435444  +0.367750  0.219  0.008  0.541  T  d2
  5666   1770.625  +2.369006  -2.616798  0.234  0.008  0.541  T  d0
  5667   1770.938  +1.109160  -1.894497  0.234  0.008  0.541  T  d2
  5668   1771.250  +0.033678  +0.726954  0.234  0.008  0.541  T  d2
  5669   1771.562  -0.109477  -0.208571  0.250  0.008  0.541  T  d1
  5670   1771.875  +0.655698  +0.189714  0.250  0.008  0.541  T  d2
  5671   1772.188  -2.099951  +0.955418  0.250  0.008  0.541  T  d0
  5672   1772.500  -2.849555  +1.962911  0.250  0.008  0.549  T  d2
  5673   1772.812  +0.539149  -0.305707  0.250  0.008  0.549  T  d2
  5674   1773.125  -0.806635  +0.445508  0.250  0.008  0.549  T  d2
  5675   1773.438  +3.114841  -2.217730  0.250  0.008  0.549  T  d0
  5676   1773.750  +0.328139  -0.795518  0.250  0.008  0.549  T  d2
  5677   1774.062  -0.427181  +0.486679  0.250  0.008  0.549  T  d1
  5678   1774.375  -0.272085  -0.646399  0.250  0.008  0.549  T  d2
  5679   1774.688  +2.152485  +3.371779  0.266  0.008  0.549  T  d0
  5680   1775.000  +0.762649  +0.440118  0.250  0.008  0.549  T  d1
  5681   1775.312  -0.224242  +0.193204  0.250  0.008  0.549  T  d1
  5682   1775.625  -0.489266  -0.799423  0.250  0.000  0.549  T  d0
  5683   1775.938  -3.064116  -2.465242  0.266  0.000  0.549  T  d2
  5684   1776.250  +0.609641  +0.497167  0.250  0.000  0.549  T  d1
  5685   1776.562  -0.531100  +0.280604  0.250  0.000  0.549  T  d2
  5686   1776.875  +0.843754  -0.448364  0.250  0.000  0.549  T  d0
  5687   1777.188  +2.521863  -2.911027  0.250  0.000  0.549  T  d2
  5688   1777.500  -0.650425  +0.602243  0.234  0.000  0.511  T  d2
  5689   1777.812  +0.459597  -0.508256  0.234  0.000  0.511  T  d2
  5690   1778.125  -2.201072  +2.517948  0.234  0.000  0.511  T  d0
  5691   1778.438  -1.024891  +1.822870  0.219  0.000  0.511  T  d2
  5692   1778.750  +0.216161  -0.822827  0.234  0.000  0.511  T  d2
  5693   1779.062  -0.002502  +0.171652  0.234  0.000  0.511  T  d2
  5694   1779.375  +0.098549  -0.302280  0.234  0.007  0.511  T  d1
  5695   1779.688  +0.228300  -0.086265  0.219  0.007  0.511  T  d0
  5696   1780.000  +0.344569  -0.266557  0.219  0.007  0.511  T  d0
  5697   1780.312  +0.120843  +0.011600  0.219  0.007  0.511  T  d0
  5698   1780.625  +0.185151  -0.062029  0.234  0.007  0.511  T  d1
  5699   1780.938  -0.061948  +0.162053  0.219  0.007  0.511  T  d3
  5700   1781.250  +0.059527  +0.072541  0.219  0.007  0.511  T  d0
  5701   1781.562  +0.096206  +0.014072  0.219  0.007  0.511  T  d1
  5702   1781.875  +0.034416  +0.082025  0.219  0.007  0.511  T  d2
  5703   1782.188  -0.120293  -0.177795  0.219  0.007  0.511  T  d3
  5704   1782.500  -0.066445  -0.006726  0.203  0.007  0.532  T  d1
  5705   1782.812  -0.000695  -0.011271  0.203  0.007  0.532  T  d2
  5706   1783.125  -0.003085  +0.045809  0.203  0.019  0.532  T  d3
  5707   1783.438  +0.173278  +0.136541  0.203  0.019  0.532  T  d2
  5708   1783.750  -0.049542  -0.041811  0.188  0.019  0.532  T  d1
  5709   1784.062  +0.036025  -0.042046  0.188  0.019  0.532  T  d2
  5710   1784.375  -0.046815  +0.034013  0.188  0.019  0.532  T  d0
  5711   1784.688  -0.145340  +0.164892  0.188  0.019  0.532  T  d3
  5712   1785.000  +0.060310  +0.003230  0.188  0.019  0.532  T  d1
  5713   1785.312  -0.015384  +0.014431  0.188  0.019  0.532  T  d2
  5714   1785.625  +0.185743  -0.020853  0.188  0.019  0.532  T  d0
  5715   1785.938  +0.436212  -0.150048  0.172  0.019  0.532  T  d3
  5716   1786.250  +0.090406  -0.417440  0.188  0.019  0.532  T  d3
  5717   1786.562  -0.316496  -0.298554  0.188  0.019  0.532  T  d3
  5718   1786.875  -0.460289  +0.068448  0.188  0.038  0.532  T  d3
  5719   1787.188  -0.258151  +0.419512  0.172  0.038  0.532  T  d3
  5720   1787.500  +0.165495  +0.448530  0.188  0.038  0.592  T  d3
  5721   1787.812  +0.442240  +0.143688  0.188  0.038  0.592  T  d3
  5722   1788.125  +0.411841  -0.275972  0.188  0.038  0.592  T  d3
  5723   1788.438  +0.026038  -0.474747  0.188  0.038  0.592  T  d0
  5724   1788.750  -0.273086  -0.318527  0.188  0.038  0.592  T  d3
  5725   1789.062  -0.475415  +0.090900  0.188  0.038  0.592  T  d3
  5726   1789.375  +0.046333  +0.352979  0.188  0.038  0.592  T  d2
  5727   1789.688  +0.133893  -0.307361  0.203  0.038  0.592  T  d3
  5728   1790.000  -0.489161  -0.124897  0.188  0.038  0.592  T  d3
  5729   1790.312  -0.233035  +0.327067  0.172  0.038  0.592  T  d0
  5730   1790.625  +0.054860  +0.458415  0.156  0.042  0.592  T  d3
  5731   1790.938  +0.457649  +0.261102  0.172  0.042  0.592  T  d3
  5732   1791.250  +0.448512  -0.155909  0.172  0.042  0.592  T  d3
  5733   1791.562  +0.180453  -0.431192  0.156  0.042  0.592  T  d3
  5734   1791.875  -0.263086  -0.390486  0.156  0.042  0.592  T  d3
  5735   1792.188  -0.457828  -0.020652  0.156  0.042  0.592  T  d3
  5736   1792.500  -0.305543  +0.323581  0.156  0.042  0.579  T  d3
  5737   1792.812  +0.093316  +0.464095  0.156  0.042  0.579  T  d3
  5738   1793.125  +0.386497  +0.085089  0.156  0.042  0.579  T  d3
  5739   1793.438  +0.058907  -0.181234  0.156  0.042  0.579  T  d2
  5740   1793.750  -0.032868  +0.019188  0.172  0.042  0.579  T  d1
  5741   1794.062  +0.016474  -0.064843  0.172  0.042  0.579  T  d3
  5742   1794.375  -0.051057  -0.005847  0.172  0.042  0.579  T  d2
  5743   1794.688  +0.132885  -0.097046  0.156  0.042  0.579  T  d0
  5744   1795.000  +0.176296  -0.116481  0.156  0.042  0.579  T  d2
  5745   1795.312  -0.041904  -0.001825  0.156  0.042  0.579  T  d2
  5746   1795.625  +0.046226  -0.031004  0.156  0.042  0.579  T  d2
  5747   1795.938  -0.212222  +0.117743  0.141  0.042  0.579  T  d0
  5748   1796.250  -0.025453  +0.040922  0.141  0.042  0.579  T  d2
  5749   1796.562  +0.008004  -0.028014  0.141  0.042  0.579  T  d2
  5750   1796.875  +0.009094  +0.034408  0.141  0.042  0.579  T  d2
  5751   1797.188  -0.143280  -0.213372  0.141  0.042  0.579  T  d0
  5752   1797.500  -0.049231  -0.030454  0.141  0.042  0.545  T  d1
  5753   1797.812  +0.007313  -0.003088  0.141  0.042  0.545  T  d1
  5754   1798.125  +0.024357  +0.057647  0.141  0.048  0.545  T  d0
  5755   1798.438  +0.185029  +0.171864  0.141  0.048  0.545  T  d2
  5756   1798.750  -0.035677  -0.017252  0.125  0.048  0.545  T  d2
  5757   1799.062  +0.041351  +0.004072  0.125  0.048  0.545  T  d1
  5758   1799.375  -0.048694  +0.052218  0.125  0.048  0.545  T  d0
  5759   1799.688  -0.156553  +0.195650  0.125  0.048  0.545  T  d3
  5760   1800.000  +0.048601  +0.012241  0.141  0.048  0.545  T  d1
  5761   1800.312  -0.019628  +0.030236  0.141  0.048  0.545  T  d3
  5762   1800.625  +0.174462  -0.019543  0.125  0.048  0.545  T  d0
  5763   1800.938  +0.443576  -0.137266  0.125  0.048  0.545  T  d3
  5764   1801.250  +0.098569  -0.421928  0.141  0.048  0.545  T  d3
  5765   1801.562  -0.298809  -0.309202  0.141  0.048  0.545  T  d3
  5766   1801.875  -0.452758  +0.051564  0.141  0.031  0.545  T  d3
  5767   1802.188  -0.260833  +0.400485  0.141  0.031  0.545  T  d3
  5768   1802.500  +0.149362  +0.453732  0.156  0.031  0.528  T  d3
  5769   1802.812  +0.436747  +0.153110  0.156  0.031  0.528  T  d3
  5770   1803.125  +0.419748  -0.255836  0.156  0.031  0.528  T  d3
  5771   1803.438  +0.030276  -0.474707  0.172  0.031  0.528  T  d0
  5772   1803.750  -0.274352  -0.319055  0.172  0.031  0.528  T  d3
  5773   1804.062  -0.491080  +0.072448  0.172  0.031  0.528  T  d3
  5774   1804.375  +0.028102  +0.351841  0.172  0.031  0.528  T  d2
  5775   1804.688  +0.127235  -0.318957  0.188  0.031  0.528  T  d3
  5776   1805.000  -0.486487  -0.144186  0.172  0.031  0.528  T  d3
  5777   1805.312  -0.245022  +0.309775  0.172  0.031  0.528  T  d3
  5778   1805.625  +0.057904  +0.455065  0.172  0.024  0.528  T  d3
  5779   1805.938  +0.459259  +0.277208  0.188  0.024  0.528  T  d3
  5780   1806.250  +0.470423  -0.132974  0.172  0.024  0.528  T  d3
  5781   1806.562  +0.190848  -0.390644  0.172  0.024  0.528  T  d3
  5782   1806.875  -0.241187  -0.355709  0.172  0.024  0.528  T  d3
  5783   1807.188  -0.457102  +0.034342  0.172  0.024  0.528  T  d3
  5784   1807.500  -0.326442  +0.385329  0.172  0.024  0.502  T  d3
  5785   1807.812  +0.068050  +0.536766  0.172  0.024  0.502  T  d3
  5786   1808.125  +0.322415  +0.156496  0.172  0.024  0.502  T  d3
  5787   1808.438  +0.027904  -0.132792  0.156  0.024  0.502  T  d3
  5788   1808.750  -0.157754  +0.051999  0.172  0.024  0.502  T  d2
  5789   1809.062  +0.072471  -0.043273  0.172  0.024  0.502  T  d2
  5790   1809.375  -0.391479  +0.029620  0.172  0.056  0.502  T  d2
  5791   1809.688  +0.995943  -0.480756  0.156  0.056  0.502  T  d0
  5792   1810.000  +1.327913  -0.881373  0.172  0.056  0.502  T  d2
  5793   1810.312  -0.326469  +0.119822  0.172  0.056  0.502  T  d2
  5794   1810.625  +0.349295  -0.206354  0.172  0.056  0.502  T  d2
  5795   1810.938  -1.602921  +1.051527  0.172  0.056  0.502  T  d0
  5796   1811.250  -0.188240  +0.380928  0.172  0.056  0.502  T  d2
  5797   1811.562  +0.194439  -0.257076  0.172  0.056  0.502  T  d1
  5798   1811.875  +0.133865  +0.313658  0.172  0.056  0.502  T  d2
  5799   1812.188  -1.062192  -1.708470  0.188  0.056  0.502  T  d0
  5800   1812.500  -0.375363  -0.224845  0.188  0.056  0.502  T  d1
  5801   1812.812  +0.116472  -0.081427  0.188  0.056  0.502  T  d1
  5802   1813.125  +0.233342  +0.408892  0.188  0.113  0.502  T  d0
  5803   1813.438  +1.504262  +1.251281  0.203  0.113  0.502  T  d2
  5804   1813.750  -0.309534  -0.255854  0.188  0.113  0.502  T  d1
  5805   1814.062  +0.251559  -0.153028  0.188  0.113  0.502  T  d2
  5806   1814.375  -0.437251  +0.184782  0.188  0.113  0.502  T  d0
  5807   1814.688  -1.286770  +1.394105  0.188  0.113  0.502  T  d2
  5808   1815.000  +0.347024  -0.363570  0.203  0.113  0.502  T  d2
  5809   1815.312  -0.212653  +0.181026  0.203  0.113  0.502  T  d2
  5810   1815.625  +1.175909  -1.323120  0.203  0.113  0.502  T  d0
  5811   1815.938  +0.553086  -0.958376  0.203  0.113  0.502  T  d2
  5812   1816.250  +0.023326  +0.361160  0.219  0.113  0.502  T  d2
  5813   1816.562  -0.054400  -0.103437  0.219  0.113  0.502  T  d1
  5814   1816.875  +0.328717  +0.095995  0.219  0.176  0.502  P  d2
  5815   1817.188  -1.047311  +0.487044  0.219  0.176  0.502  P  d0
  5816   1817.500  -1.419219  +0.999639  0.234  0.176  0.502  P  d2
  5817   1817.812  +0.261404  -0.152376  0.234  0.176  0.502  P  d2
  5818   1818.125  -0.410254  +0.230733  0.234  0.176  0.502  P  d2
  5819   1818.438  +1.534376  -1.122327  0.250  0.176  0.502  P  d0
  5820   1818.750  +0.147193  -0.402661  0.250  0.176  0.502  P  d2
  5821   1819.062  -0.229474  +0.238413  0.250  0.176  0.502  P  d1
  5822   1819.375  -0.155571  -0.329186  0.250  0.176  0.502  P  d2
  5823   1819.688  +1.074461  +1.664162  0.266  0.176  0.502  P  d0
  5824   1820.000  +0.379616  +0.205029  0.250  0.176  0.502  P  d1
  5825   1820.312  -0.115482  +0.086976  0.250  0.176  0.502  P  d1
  5826   1820.625  -0.235788  -0.403856  0.250  0.280  0.502  P  d0
  5827   1820.938  -1.530351  -1.211345  0.266  0.280  0.502  P  d2
  5828   1821.250  +0.326454  +0.263062  0.250  0.280  0.502  P  d1
  5829   1821.562  -0.249120  +0.181001  0.250  0.280  0.502  P  d2
  5830   1821.875  +0.434059  -0.183048  0.250  0.280  0.502  P  d0
  5831   1822.188  +1.254429  -1.396508  0.250  0.280  0.502  P  d2
  5832   1822.500  -0.344123  +0.376658  0.250  0.280  0.421  P  d2
  5833   1822.812  +0.208845  -0.177270  0.250  0.280  0.421  P  d2
  5834   1823.125  -1.157821  +1.347834  0.250  0.280  0.421  P  d0
  5835   1823.438  -0.537289  +0.973173  0.234  0.280  0.421  P  d2
  5836   1823.750  -0.033190  -0.361509  0.234  0.280  0.421  P  d2
  5837   1824.062  +0.057145  +0.106819  0.234  0.280  0.421  P  d1
  5838   1824.375  -0.335678  -0.089447  0.234  0.354  0.421  P  d2
  5839   1824.688  +1.042509  -0.511716  0.219  0.354  0.421  P  d0
  5840   1825.000  +1.400032  -1.021703  0.234  0.354  0.421  P  d2
  5841   1825.312  -0.250272  +0.154933  0.234  0.354  0.421  P  d2
  5842   1825.625  +0.408402  -0.237464  0.250  0.354  0.421  P  d2
  5843   1825.938  -1.509956  +1.143939  0.250  0.354  0.421  P  d0
  5844   1826.250  -0.134775  +0.405190  0.266  0.354  0.421  P  d2
  5845   1826.562  +0.230157  -0.242889  0.281  0.354  0.421  P  d1
  5846   1826.875  +0.166407  +0.332313  0.297  0.354  0.421  P  d2
  5847   1827.188  -1.094870  -1.643577  0.312  0.354  0.421  P  d0
  5848   1827.500  -0.373034  -0.190231  0.312  0.354  0.446  P  d1
  5849   1827.812  +0.112005  -0.084261  0.312  0.354  0.446  P  d1
  5850   1828.125  +0.248955  +0.408428  0.312  0.360  0.446  P  d0
  5851   1828.438  +1.550008  +1.193369  0.328  0.360  0.446  P  d2
  5852   1828.750  -0.328958  -0.253009  0.312  0.360  0.446  P  d1
  5853   1829.062  +0.243174  -0.179688  0.328  0.360  0.446  P  d2
  5854   1829.375  -0.428799  +0.186177  0.344  0.360  0.446  P  d0
  5855   1829.688  -1.238693  +1.411074  0.359  0.360  0.446  P  d2
  5856   1830.000  +0.336364  -0.399066  0.359  0.360  0.446  P  d2
  5857   1830.312  -0.204962  +0.160526  0.375  0.360  0.446  P  d2
  5858   1830.625  +1.143036  -1.398936  0.391  0.360  0.446  P  d0
  5859   1830.938  +0.534059  -1.004058  0.391  0.360  0.446  P  d2
  5860   1831.250  +0.057797  +0.330533  0.391  0.360  0.446  P  d2
  5861   1831.562  -0.032539  -0.122812  0.391  0.360  0.446  P  d1
  5862   1831.875  +0.360205  +0.065171  0.406  0.365  0.446  P  d2
  5863   1832.188  -1.005191  +0.530761  0.406  0.365  0.446  P  d0
  5864   1832.500  -1.375760  +1.049735  0.422  0.365  0.451  P  d2
  5865   1832.812  +0.252286  -0.141208  0.438  0.365  0.451  P  d2
  5866   1833.125  -0.440531  +0.270352  0.453  0.365  0.451  P  d2
  5867   1833.438  +1.441433  -1.157512  0.453  0.365  0.451  P  d3
  5868   1833.750  +0.034118  -0.381462  0.469  0.365  0.451  P  d3
  5869   1834.062  -0.346601  +0.209329  0.484  0.365  0.451  P  d1
  5870   1834.375  -0.313912  -0.328349  0.500  0.365  0.451  P  d2
  5871   1834.688  +0.943159  +1.471703  0.500  0.365  0.451  P  d0
  5872   1835.000  +0.227470  +0.212630  0.484  0.365  0.451  P  d2
  5873   1835.312  -0.349562  -0.289196  0.484  0.365  0.451  P  d0
  5874   1835.625  -0.018146  -0.160159  0.484  0.369  0.451  P  d0
  5875   1835.938  -0.138567  -0.181304  0.484  0.369  0.451  P  d0
  5876   1836.250  -0.010158  -0.151524  0.469  0.369  0.451  P  d0
  5877   1836.562  -0.029686  -0.120939  0.469  0.369  0.451  P  d0
  5878   1836.875  +0.018471  -0.092721  0.469  0.369  0.451  P  d0
  5879   1837.188  +0.017621  -0.048741  0.469  0.369  0.451  P  d0
  5880   1837.500  +0.023358  -0.034343  0.453  0.369  0.464  P  d1
  5881   1837.812  +0.021068  +0.005964  0.453  0.369  0.464  P  d1
  5882   1838.125  +0.002587  +0.010742  0.453  0.369  0.464  P  d0
  5883   1838.438  +0.002063  +0.030381  0.438  0.369  0.464  P  d1
  5884   1838.750  -0.023990  +0.022368  0.438  0.369  0.464  P  d0
  5885   1839.062  -0.020788  +0.031456  0.438  0.369  0.464  P  d0
  5886   1839.375  -0.028959  +0.017791  0.438  0.368  0.464  P  d0
  5887   1839.688  -0.033636  +0.015501  0.422  0.368  0.464  P  d0
  5888   1840.000  -0.025767  +0.008269  0.438  0.368  0.464  P  d0
  5889   1840.312  -0.020094  -0.000637  0.438  0.368  0.464  P  d0
  5890   1840.625  -0.015150  -0.000841  0.438  0.368  0.464  P  d0
  5891   1840.938  -0.007647  -0.007917  0.422  0.368  0.464  P  d3
  5892   1841.250  -0.004257  +0.004676  0.438  0.368  0.464  P  d2
  5893   1841.562  +0.011054  -0.007963  0.453  0.368  0.464  P  d0
  5894   1841.875  +0.005190  +0.000040  0.453  0.368  0.464  P  d0
  5895   1842.188  +0.008702  +0.001410  0.469  0.368  0.464  P  d0
  5896   1842.500  +0.008762  +0.006880  0.453  0.368  0.468  P  d0
  5897   1842.812  +0.006405  +0.005727  0.453  0.368  0.468  P  d0
  5898   1843.125  +0.006323  +0.009000  0.453  0.366  0.468  P  d0
  5899   1843.438  +0.002016  +0.005645  0.453  0.366  0.468  P  d0
  5900   1843.750  +0.002842  +0.006937  0.453  0.366  0.468  P  d0
  5901   1844.062  -0.000435  +0.003796  0.453  0.366  0.468  P  d0
  5902   1844.375  -0.000079  +0.003994  0.453  0.366  0.468  P  d2
  5903   1844.688  -0.000265  -0.000774  0.453  0.366  0.468  P  d3
  5904   1845.000  -0.007696  -0.001809  0.438  0.366  0.468  P  d2
  5905   1845.312  +0.004124  +0.001672  0.438  0.366  0.468  P  d2
  5906   1845.625  -0.002823  -0.006588  0.422  0.366  0.468  P  d3
  5907   1845.938  -0.001434  +0.002699  0.406  0.366  0.468  P  d2
  5908   1846.250  +0.003863  -0.004411  0.391  0.366  0.468  P  d1
  5909   1846.562  +0.001544  +0.000160  0.375  0.366  0.468  P  d3
  5910   1846.875  +0.003075  -0.002567  0.359  0.273  0.468  P  d1
  5911   1847.188  +0.002164  +0.000885  0.344  0.273  0.468  P  d3
  5912   1847.500  +0.001513  -0.001185  0.328  0.273  0.494  P  d1
  5913   1847.812  +0.001789  +0.001123  0.328  0.273  0.494  P  d3
  5914   1848.125  -0.000031  -0.000153  0.328  0.273  0.494  P  d2
  5915   1848.438  +0.001138  +0.000889  0.312  0.273  0.494  P  d2
  5916   1848.750  -0.001073  +0.000013  0.312  0.273  0.494  P  d1
  5917   1849.062  +0.000094  -0.000166  0.297  0.273  0.494  P  d3
  5918   1849.375  -0.001111  -0.000125  0.281  0.273  0.494  P  d1
  5919   1849.688  -0.000524  -0.000657  0.266  0.273  0.494  P  d0
  5920   1850.000  -0.001013  -0.000399  0.250  0.273  0.494  P  d1
  5921   1850.312  -0.000107  -0.001198  0.234  0.273  0.494  P  d3
  5922   1850.625  -0.000426  -0.000309  0.219  0.206  0.494  P  d1
  5923   1850.938  +0.000081  -0.000479  0.203  0.206  0.494  P  d0
  5924   1851.250  -0.000285  -0.000408  0.203  0.206  0.494  P  d0
  5925   1851.562  -0.000166  -0.000091  0.203  0.206  0.494  P  d3
  5926   1851.875  -0.000256  +0.000297  0.188  0.206  0.494  P  d0
  5927   1852.188  -0.000285  +0.001265  0.172  0.206  0.494  P  d1
  5928   1852.500  -0.000787  -0.000466  0.156  0.206  0.476  P  d3
  5929   1852.812  -0.000143  +0.002994  0.141  0.206  0.476  P  d3
  5930   1853.125  +0.005898  -0.003111  0.125  0.206  0.476  P  d2
  5931   1853.438  -0.006189  +0.002239  0.109  0.206  0.476  P  d2
  5932   1853.750  +0.005374  +0.000034  0.094  0.206  0.476  P  d3
  5933   1854.062  -0.002167  -0.004535  0.078  0.206  0.476  P  d2
  5934   1854.375  -0.000787  +0.003381  0.078  0.171  0.476  P  d1
  5935   1854.688  -0.001672  -0.002017  0.078  0.171  0.476  P  d3
  5936   1855.000  -0.001941  +0.003108  0.078  0.171  0.476  P  d3
  5937   1855.312  +0.005516  +0.002258  0.078  0.171  0.476  P  d3
  5938   1855.625  +0.001158  -0.004855  0.078  0.171  0.476  P  d2
  5939   1855.938  -0.001582  +0.001266  0.078  0.171  0.476  P  d1
  5940   1856.250  -0.000177  -0.001019  0.094  0.171  0.476  P  d3
  5941   1856.562  -0.000634  +0.000108  0.109  0.171  0.476  P  d1
  5942   1856.875  +0.000101  -0.000844  0.125  0.171  0.476  P  d2
  5943   1857.188  -0.000305  +0.000540  0.141  0.171  0.476  P  d1
  5944   1857.500  -0.000364  -0.000035  0.156  0.171  0.506  P  d2
  5945   1857.812  +0.000391  +0.000241  0.156  0.171  0.506  P  d2
  5946   1858.125  -0.000415  -0.000031  0.156  0.123  0.506  P  d2
  5947   1858.438  +0.000342  -0.000237  0.156  0.123  0.506  P  d2
  5948   1858.750  -0.000498  -0.000031  0.156  0.123  0.506  P  d1
  5949   1859.062  +0.000095  -0.000341  0.156  0.123  0.506  P  d2
  5950   1859.375  -0.000079  +0.000182  0.156  0.123  0.506  P  d2
  5951   1859.688  -0.000114  -0.000947  0.156  0.123  0.506  P  d2
  5952   1860.000  +0.000351  +0.000577  0.141  0.123  0.506  P  d2
  5953   1860.312  -0.001052  -0.001220  0.141  0.123  0.506  P  d2
  5954   1860.625  +0.001745  +0.000589  0.141  0.123  0.506  P  d2
  5955   1860.938  -0.002735  -0.001823  0.141  0.123  0.506  P  d3
  5956   1861.250  -0.000096  +0.007314  0.125  0.123  0.506  P  d2
  5957   1861.562  +0.001254  -0.004440  0.109  0.123  0.506  P  d2
  5958   1861.875  -0.000881  +0.002261  0.109  0.218  0.506  P  d2
  5959   1862.188  +0.001365  -0.004687  0.094  0.218  0.506  P  d2
  5960   1862.500  -0.004539  +0.004891  0.094  0.218  0.541  P  d2
  5961   1862.812  +0.003045  -0.000603  0.094  0.218  0.541  P  d3
  5962   1863.125  -0.001796  -0.001470  0.094  0.218  0.541  P  d1
  5963   1863.438  +0.001632  -0.000234  0.109  0.218  0.541  P  d3
  5964   1863.750  -0.001675  -0.001668  0.125  0.218  0.541  P  d2
  5965   1864.062  +0.002512  +0.005726  0.141  0.218  0.541  P  d0
  5966   1864.375  +0.003819  +0.001924  0.156  0.218  0.541  P  d2
  5967   1864.688  -0.000941  -0.001581  0.172  0.218  0.541  P  d1
  5968   1865.000  +0.000593  -0.000554  0.188  0.218  0.541  P  d3
  5969   1865.312  -0.000557  -0.001026  0.188  0.218  0.541  P  d1
  5970   1865.625  +0.000404  -0.000254  0.188  0.356  0.541  P  d3
  5971   1865.938  -0.000241  -0.001005  0.203  0.356  0.541  P  d0
  5972   1866.250  +0.000026  -0.000898  0.203  0.356  0.541  P  d0
  5973   1866.562  +0.000125  -0.000543  0.203  0.356  0.541  P  d0
  5974   1866.875  -0.000160  -0.001109  0.203  0.356  0.541  P  d0
  5975   1867.188  +0.000023  -0.000702  0.203  0.356  0.541  P  d0
  5976   1867.500  -0.000617  -0.001333  0.203  0.356  0.519  P  d1
  5977   1867.812  +0.000873  -0.000326  0.203  0.356  0.519  P  d3
  5978   1868.125  -0.000984  -0.000766  0.203  0.356  0.519  P  d2
  5979   1868.438  +0.002117  +0.000807  0.203  0.356  0.519  P  d3
  5980   1868.750  +0.001776  -0.007249  0.219  0.356  0.519  P  d2
  5981   1869.062  -0.003362  +0.004223  0.219  0.356  0.519  P  d2
  5982   1869.375  +0.002824  -0.002752  0.219  0.405  0.519  P  d3
  5983   1869.688  -0.005509  -0.002875  0.219  0.405  0.519  P  d3
  5984   1870.000  -0.000410  +0.005297  0.219  0.405  0.519  P  d1
  5985   1870.312  -0.003934  -0.003955  0.219  0.405  0.519  P  d3
  5986   1870.625  -0.008718  +0.001838  0.234  0.405  0.519  P  d3
  5987   1870.938  -0.000272  +0.002699  0.234  0.405  0.519  P  d1
  5988   1871.250  -0.010048  -0.003543  0.234  0.405  0.519  P  d3
  5989   1871.562  -0.005197  +0.004851  0.234  0.405  0.519  P  d1
  5990   1871.875  -0.003527  -0.001375  0.234  0.405  0.519  P  d3
  5991   1872.188  -0.003936  +0.005125  0.234  0.405  0.519  P  d3
  5992   1872.500  +0.004588  +0.004531  0.234  0.405  0.515  P  d3
  5993   1872.812  +0.003850  -0.000148  0.234  0.405  0.515  P  d1
  5994   1873.125  -0.001540  +0.006826  0.234  0.428  0.515  P  d0
  5995   1873.438  +0.006190  +0.009847  0.234  0.428  0.515  P  d0
  5996   1873.750  -0.000535  +0.012491  0.234  0.428  0.515  P  d0
  5997   1874.062  +0.003778  +0.023053  0.234  0.428  0.515  P  d0
  5998   1874.375  +0.005307  +0.018116  0.219  0.428  0.515  P  d0
  5999   1874.688  +0.001114  +0.025589  0.219  0.428  0.515  P  d0
  6000   1875.000  +0.007546  +0.027471  0.234  0.428  0.515  P  d1
  6001   1875.312  -0.022835  +0.023603  0.234  0.428  0.515  P  d2
  6002   1875.625  +0.077378  -0.001439  0.234  0.428  0.515  P  d0
  6003   1875.938  +0.207572  -0.063894  0.234  0.428  0.515  P  d3
  6004   1876.250  +0.041189  -0.202574  0.234  0.428  0.515  P  d3
  6005   1876.562  -0.155110  -0.154915  0.219  0.428  0.515  P  d3
  6006   1876.875  -0.229632  +0.025396  0.203  0.425  0.515  P  d3
  6007   1877.188  -0.132898  +0.203604  0.188  0.425  0.515  P  d3
  6008   1877.500  +0.078741  +0.225783  0.188  0.425  0.541  P  d3
  6009   1877.812  +0.221923  +0.073725  0.188  0.425  0.541  P  d3
  6010   1878.125  +0.208788  -0.132719  0.188  0.425  0.541  P  d3
  6011   1878.438  +0.017488  -0.238417  0.203  0.425  0.541  P  d0
  6012   1878.750  -0.135711  -0.160832  0.203  0.425  0.541  P  d3
  6013   1879.062  -0.240063  +0.039029  0.203  0.425  0.541  P  d3
  6014   1879.375  +0.017277  +0.175653  0.203  0.425  0.541  P  d2
  6015   1879.688  +0.067211  -0.157186  0.219  0.425  0.541  P  d3
  6016   1880.000  -0.243555  -0.069980  0.219  0.425  0.541  P  d3
  6017   1880.312  -0.118083  +0.156705  0.219  0.425  0.541  P  d0
  6018   1880.625  +0.027594  +0.227903  0.219  0.384  0.541  P  d3
  6019   1880.938  +0.230832  +0.134529  0.234  0.384  0.541  P  d3
  6020   1881.250  +0.231926  -0.068594  0.234  0.384  0.541  P  d3
  6021   1881.562  +0.098464  -0.203398  0.234  0.384  0.541  P  d3
  6022   1881.875  -0.126754  -0.180416  0.234  0.384  0.541  P  d3
  6023   1882.188  -0.230936  +0.006930  0.234  0.384  0.541  P  d3
  6024   1882.500  -0.164723  +0.187054  0.234  0.384  0.571  P  d3
  6025   1882.812  +0.032399  +0.254990  0.234  0.384  0.571  P  d3
  6026   1883.125  +0.162037  +0.070917  0.234  0.384  0.571  P  d3
  6027   1883.438  +0.011748  -0.078108  0.219  0.384  0.571  P  d3
  6028   1883.750  -0.081457  +0.026052  0.203  0.384  0.571  P  d2
  6029   1884.062  +0.036585  -0.022986  0.188  0.384  0.571  P  d2
  6030   1884.375  -0.199177  +0.015186  0.172  0.365  0.571  P  d2
  6031   1884.688  +0.482690  -0.239039  0.156  0.365  0.571  P  d0
  6032   1885.000  +0.652286  -0.439177  0.141  0.365  0.571  P  d2
  6033   1885.312  -0.185360  +0.068699  0.141  0.365  0.571  P  d2
  6034   1885.625  +0.157328  -0.092126  0.156  0.365  0.571  P  d2
  6035   1885.938  -0.834777  +0.541212  0.141  0.365  0.571  P  d0
  6036   1886.250  -0.122098  +0.195187  0.141  0.365  0.571  P  d2
  6037   1886.562  +0.063204  -0.111042  0.141  0.365  0.571  P  d2
  6038   1886.875  +0.040111  +0.154007  0.141  0.365  0.571  P  d2
  6039   1887.188  -0.560587  -0.836279  0.141  0.365  0.571  P  d0
  6040   1887.500  -0.205220  -0.109011  0.141  0.365  0.584  P  d1
  6041   1887.812  +0.060930  -0.020407  0.141  0.365  0.584  P  d1
  6042   1888.125  +0.127372  +0.228890  0.141  0.364  0.584  P  d0
  6043   1888.438  +0.793091  +0.665429  0.141  0.364  0.584  P  d2
  6044   1888.750  -0.121991  -0.053384  0.125  0.364  0.584  P  d2
  6045   1889.062  +0.176105  +0.010402  0.125  0.364  0.584  P  d1
  6046   1889.375  -0.173737  +0.237357  0.125  0.364  0.584  P  d0
  6047   1889.688  -0.594144  +0.802077  0.125  0.364  0.584  P  d3
  6048   1890.000  +0.202211  +0.066993  0.141  0.364  0.584  P  d1
  6049   1890.312  -0.081405  +0.131460  0.141  0.364  0.584  P  d3
  6050   1890.625  +0.692018  -0.097312  0.125  0.364  0.584  P  d0
  6051   1890.938  +1.729980  -0.601510  0.125  0.364  0.584  P  d3
  6052   1891.250  +0.329840  -1.701304  0.141  0.364  0.584  P  d3
  6053   1891.562  -1.251918  -1.200788  0.141  0.364  0.584  P  d3
  6054   1891.875  -1.823813  +0.259783  0.141  0.361  0.584  P  d3
  6055   1892.188  -1.000125  +1.645821  0.141  0.361  0.584  P  d3
  6056   1892.500  +0.699017  +1.741792  0.156  0.361  0.592  P  d3
  6057   1892.812  +1.776938  +0.546472  0.156  0.361  0.592  P  d3
  6058   1893.125  +1.694674  -1.090625  0.156  0.361  0.592  P  d3
  6059   1893.438  +0.140293  -1.874211  0.172  0.361  0.592  P  d3
  6060   1893.750  -1.086347  -1.247525  0.172  0.361  0.592  P  d3
  6061   1894.062  -1.891706  +0.382454  0.172  0.361  0.592  P  d3
  6062   1894.375  +0.204217  +1.426154  0.172  0.361  0.592  P  d2
  6063   1894.688  +0.517373  -1.237831  0.188  0.361  0.592  P  d3
  6064   1895.000  -1.958710  -0.478175  0.172  0.361  0.592  P  d3
  6065   1895.312  -0.933886  +1.306672  0.172  0.361  0.592  P  d0
  6066   1895.625  +0.237489  +1.822588  0.172  0.358  0.592  P  d3
  6067   1895.938  +1.834608  +1.019178  0.188  0.358  0.592  P  d3
  6068   1896.250  +1.784284  -0.654272  0.172  0.358  0.592  P  d3
  6069   1896.562  +0.662456  -1.733507  0.172  0.358  0.592  P  d3
  6070   1896.875  -1.046973  -1.569110  0.172  0.358  0.592  P  d3
  6071   1897.188  -1.827703  -0.068920  0.172  0.358  0.592  P  d3
  6072   1897.500  -1.201065  +1.293867  0.156  0.358  0.575  P  d3
  6073   1897.812  +0.396508  +1.855259  0.156  0.358  0.575  P  d3
  6074   1898.125  +1.554991  +0.319086  0.156  0.358  0.575  P  d3
  6075   1898.438  +0.216305  -0.722984  0.141  0.358  0.575  P  d2
  6076   1898.750  -0.130766  +0.080429  0.141  0.358  0.575  P  d2
  6077   1899.062  +0.072951  -0.251556  0.141  0.358  0.575  P  d3
  6078   1899.375  -0.207345  -0.026351  0.141  0.356  0.575  P  d2
  6079   1899.688  +0.530880  -0.376122  0.125  0.356  0.575  P  d0
  6080   1900.000  +0.691547  -0.478851  0.125  0.356  0.575  P  d2
  6081   1900.312  -0.178148  -0.012284  0.125  0.356  0.575  P  d2
  6082   1900.625  +0.181103  -0.117664  0.141  0.356  0.575  P  d2
  6083   1900.938  -0.845996  +0.474252  0.125  0.356  0.575  P  d0
  6084   1901.250  -0.116114  +0.174171  0.125  0.356  0.575  P  d2
  6085   1901.562  +0.040035  -0.123901  0.125  0.356  0.575  P  d2
  6086   1901.875  +0.025678  +0.146899  0.125  0.356  0.575  P  d2
  6087   1902.188  -0.565095  -0.858327  0.125  0.356  0.575  P  d0
  6088   1902.500  -0.219456  -0.125696  0.125  0.356  0.571  P  d1
  6089   1902.812  +0.036101  -0.017061  0.125  0.356  0.571  P  d1
  6090   1903.125  +0.101305  +0.221955  0.125  0.356  0.571  P  d0
  6091   1903.438  +0.752680  +0.682922  0.125  0.356  0.571  P  d2
  6092   1903.750  -0.134464  -0.063563  0.125  0.356  0.571  P  d2
  6093   1904.062  +0.169778  +0.018298  0.125  0.356  0.571  P  d1
  6094   1904.375  -0.186644  +0.223932  0.141  0.356  0.571  P  d0
  6095   1904.688  -0.624301  +0.795215  0.156  0.356  0.571  P  d3
  6096   1905.000  +0.189992  +0.069939  0.172  0.356  0.571  P  d1
  6097   1905.312  -0.087290  +0.133795  0.188  0.356  0.571  P  d3
  6098   1905.625  +0.683891  -0.075433  0.188  0.356  0.571  P  d0
  6099   1905.938  +1.747263  -0.551521  0.188  0.356  0.571  P  d3
  6100   1906.250  +0.359660  -1.685611  0.188  0.356  0.571  P  d3
  6101   1906.562  -1.221853  -1.228669  0.188  0.356  0.571  P  d3
  6102   1906.875  -1.838047  +0.223550  0.203  0.360  0.571  P  d3
  6103   1907.188  -1.036617  +1.613251  0.219  0.360  0.571  P  d3
  6104   1907.500  +0.654924  +1.772756  0.234  0.360  0.605  P  d3
  6105   1907.812  +1.770162  +0.623979  0.250  0.360  0.605  P  d3
  6106   1908.125  +1.722562  -1.057764  0.266  0.360  0.605  P  d3
  6107   1908.438  +0.189626  -1.873675  0.266  0.360  0.605  P  d3
  6108   1908.750  -1.048818  -1.271445  0.266  0.360  0.605  P  d3
  6109   1909.062  -1.891135  +0.340203  0.281  0.360  0.605  P  d3
  6110   1909.375  +0.181911  +1.435697  0.297  0.360  0.605  P  d2
  6111   1909.688  +0.549971  -1.223151  0.297  0.360  0.605  P  d3
  6112   1910.000  -1.941704  -0.513088  0.281  0.360  0.605  P  d3
  6113   1910.312  -0.964234  +1.289935  0.281  0.360  0.605  P  d0
  6114   1910.625  +0.198709  +1.830616  0.281  0.364  0.605  P  d3
  6115   1910.938  +1.804582  +1.057128  0.297  0.364  0.605  P  d3
  6116   1911.250  +1.794376  -0.623758  0.281  0.364  0.605  P  d3
  6117   1911.562  +0.690844  -1.731319  0.281  0.364  0.605  P  d3
  6118   1911.875  -1.013022  -1.611898  0.281  0.364  0.605  P  d3
  6119   1912.188  -1.825241  -0.129877  0.281  0.364  0.605  P  d3
  6120   1912.500  -1.213405  +1.236253  0.266  0.364  0.562  P  d3
  6121   1912.812  +0.373534  +1.836152  0.266  0.364  0.562  P  d3
  6122   1913.125  +1.584541  +0.317153  0.266  0.364  0.562  P  d3
  6123   1913.438  +0.250977  -0.735659  0.250  0.364  0.562  P  d2
  6124   1913.750  -0.063041  +0.058122  0.250  0.364  0.562  P  d2
  6125   1914.062  +0.053897  -0.256276  0.250  0.364  0.562  P  d0
  6126   1914.375  -0.011356  -0.054565  0.250  0.186  0.562  P  d0
  6127   1914.688  +0.060296  -0.166432  0.234  0.186  0.562  P  d0
  6128   1915.000  +0.051618  -0.069138  0.234  0.186  0.562  P  d0
  6129   1915.312  +0.014719  -0.088660  0.234  0.186  0.562  P  d0
  6130   1915.625  +0.032811  -0.038842  0.234  0.186  0.562  P  d3
  6131   1915.938  -0.033681  -0.030886  0.219  0.186  0.562  P  d1
  6132   1916.250  +0.007528  -0.013911  0.219  0.186  0.562  P  d3
  6133   1916.562  -0.024117  -0.017558  0.219  0.186  0.562  P  d0
  6134   1916.875  -0.008280  -0.003983  0.219  0.186  0.562  P  d0
  6135   1917.188  -0.050470  -0.037892  0.219  0.186  0.562  P  d0
  6136   1917.500  -0.028503  -0.013922  0.219  0.186  0.592  P  d0
  6137   1917.812  -0.026876  -0.003687  0.219  0.186  0.592  P  d0
  6138   1918.125  -0.018672  -0.003133  0.219  0.076  0.592  T  d3
  6139   1918.438  +0.001042  +0.026683  0.219  0.076  0.592  T  d1
  6140   1918.750  -0.018608  -0.013256  0.219  0.076  0.592  T  d0
  6141   1919.062  -0.008621  +0.001364  0.219  0.076  0.592  T  d0
  6142   1919.375  -0.016388  +0.001051  0.219  0.076  0.592  T  d3
  6143   1919.688  -0.029508  +0.036183  0.219  0.076  0.592  T  d2
  6144   1920.000  +0.000792  -0.000837  0.234  0.076  0.592  T  d2
  6145   1920.312  -0.003207  +0.013010  0.234  0.076  0.592  T  d3
  6146   1920.625  +0.018221  +0.001824  0.219  0.076  0.592  T  d0
  6147   1920.938  +0.068719  -0.009268  0.219  0.076  0.592  T  d3
  6148   1921.250  +0.013432  -0.052100  0.234  0.076  0.592  T  d3
  6149   1921.562  -0.041483  -0.039770  0.234  0.076  0.592  T  d3
  6150   1921.875  -0.072149  +0.015805  0.234  0.038  0.592  T  d3
  6151   1922.188  -0.035353  +0.061271  0.234  0.038  0.592  T  d3
  6152   1922.500  +0.020560  +0.070415  0.250  0.038  0.622  T  d3
  6153   1922.812  +0.065914  +0.021548  0.250  0.038  0.622  T  d3
  6154   1923.125  +0.059644  -0.034783  0.250  0.038  0.622  T  d3
  6155   1923.438  +0.007680  -0.069926  0.266  0.038  0.622  T  d3
  6156   1923.750  -0.038261  -0.043388  0.266  0.038  0.622  T  d3
  6157   1924.062  -0.065636  +0.008885  0.266  0.038  0.622  T  d3
  6158   1924.375  +0.007628  +0.056140  0.250  0.038  0.622  T  d2
  6159   1924.688  +0.022538  -0.044232  0.250  0.038  0.622  T  d3
  6160   1925.000  -0.068045  -0.018346  0.234  0.038  0.622  T  d3
  6161   1925.312  -0.038025  +0.039172  0.219  0.038  0.622  T  d3
  6162   1925.625  +0.009309  +0.066701  0.203  0.030  0.622  T  d3
  6163   1925.938  +0.063339  +0.043845  0.219  0.030  0.622  T  d3
  6164   1926.250  +0.068148  -0.017997  0.219  0.030  0.622  T  d3
  6165   1926.562  +0.028580  -0.059018  0.219  0.030  0.622  T  d3
  6166   1926.875  -0.032828  -0.060118  0.203  0.030  0.622  T  d3
  6167   1927.188  -0.065821  -0.010402  0.188  0.030  0.622  T  d3
  6168   1927.500  -0.043224  +0.042942  0.172  0.030  0.592  T  d3
  6169   1927.812  +0.006554  +0.070582  0.156  0.030  0.592  T  d3
  6170   1928.125  +0.054867  +0.014784  0.141  0.030  0.592  T  d3
  6171   1928.438  +0.010449  -0.026400  0.141  0.030  0.592  T  d3
  6172   1928.750  -0.004871  +0.001788  0.156  0.030  0.592  T  d1
  6173   1929.062  +0.003696  -0.008344  0.141  0.030  0.592  T  d3
  6174   1929.375  -0.008638  -0.001755  0.125  0.018  0.592  T  d2
  6175   1929.688  +0.022581  -0.013223  0.125  0.018  0.592  T  d0
  6176   1930.000  +0.025099  -0.018712  0.125  0.018  0.592  T  d2
  6177   1930.312  -0.005795  +0.001610  0.125  0.018  0.592  T  d2
  6178   1930.625  +0.004531  -0.005261  0.125  0.018  0.592  T  d2
  6179   1930.938  -0.028355  +0.017179  0.109  0.018  0.592  T  d0
  6180   1931.250  -0.004050  +0.004162  0.109  0.018  0.592  T  d2
  6181   1931.562  +0.001374  -0.003992  0.109  0.018  0.592  T  d2
  6182   1931.875  +0.000720  +0.004799  0.109  0.018  0.592  T  d2
  6183   1932.188  -0.021250  -0.033202  0.109  0.018  0.592  T  d0
  6184   1932.500  -0.008327  -0.004660  0.109  0.018  0.605  T  d2
  6185   1932.812  +0.002124  -0.000544  0.109  0.018  0.605  T  d1
  6186   1933.125  +0.001762  +0.007624  0.109  0.000  0.605  T  d0
  6187   1933.438  +0.024953  +0.029153  0.109  0.000  0.605  T  d2
  6188   1933.750  -0.002439  -0.003735  0.109  0.000  0.605  T  d2
  6189   1934.062  +0.004318  +0.001702  0.109  0.000  0.605  T  d1
  6190   1934.375  -0.003781  +0.006557  0.109  0.000  0.605  T  d0
  6191   1934.688  -0.027568  +0.025810  0.109  0.000  0.605  T  d3
  6192   1935.000  +0.009930  +0.005014  0.125  0.000  0.605  T  d1
  6193   1935.312  -0.005399  +0.002907  0.125  0.000  0.605  T  d2
  6194   1935.625  +0.027222  +0.001598  0.125  0.000  0.605  T  d0
  6195   1935.938  +0.063163  -0.020985  0.125  0.000  0.605  T  d3
  6196   1936.250  +0.013013  -0.060633  0.125  0.000  0.605  T  d3
  6197   1936.562  -0.044134  -0.044551  0.125  0.000  0.605  T  d3
  6198   1936.875  -0.065961  +0.007991  0.141  0.000  0.605  T  d3
  6199   1937.188  -0.036324  +0.059702  0.141  0.000  0.605  T  d3
  6200   1937.500  +0.024243  +0.064036  0.156  0.000  0.614  T  d3
  6201   1937.812  +0.065379  +0.021454  0.156  0.000  0.614  T  d3
  6202   1938.125  +0.061039  -0.039504  0.172  0.000  0.614  T  d3
  6203   1938.438  +0.005917  -0.068421  0.188  0.000  0.614  T  d0
  6204   1938.750  -0.038998  -0.046671  0.188  0.000  0.614  T  d3
  6205   1939.062  -0.067848  +0.011721  0.188  0.000  0.614  T  d3
  6206   1939.375  +0.005200  +0.052152  0.188  0.000  0.614  T  d2
  6207   1939.688  +0.021640  -0.041108  0.188  0.000  0.614  T  d3
  6208   1940.000  -0.071695  -0.021254  0.172  0.000  0.614  T  d3
  6209   1940.312  -0.037174  +0.041170  0.188  0.000  0.614  T  d3
  6210   1940.625  +0.004443  +0.064277  0.203  0.000  0.614  T  d3
  6211   1940.938  +0.065905  +0.043355  0.219  0.000  0.614  T  d3
  6212   1941.250  +0.064507  -0.017470  0.203  0.000  0.614  T  d3
  6213   1941.562  +0.030810  -0.060413  0.203  0.000  0.614  T  d3
  6214   1941.875  -0.035255  -0.057626  0.203  0.000  0.614  T  d3
  6215   1942.188  -0.064305  -0.011384  0.219  0.000  0.614  T  d3
  6216   1942.500  -0.044244  +0.045909  0.219  0.000  0.545  T  d3
  6217   1942.812  +0.007013  +0.069432  0.219  0.000  0.545  T  d3
  6218   1943.125  +0.053481  +0.017954  0.219  0.000  0.545  T  d3
  6219   1943.438  +0.009368  -0.026851  0.203  0.000  0.545  T  d2
  6220   1943.750  -0.006339  +0.005372  0.219  0.000  0.545  T  d2
  6221   1944.062  +0.002228  -0.009630  0.234  0.000  0.545  T  d3
  6222   1944.375  -0.008674  +0.000573  0.250  0.000  0.545  T  d2
  6223   1944.688  +0.020433  -0.015355  0.234  0.000  0.545  T  d0
  6224   1945.000  +0.027624  -0.017643  0.250  0.000  0.545  T  d2
  6225   1945.312  -0.007576  -0.000935  0.266  0.000  0.545  T  d2
  6226   1945.625  +0.010016  -0.005435  0.266  0.000  0.545  T  d2
  6227   1945.938  -0.029210  +0.017801  0.266  0.000  0.545  T  d3
  6228   1946.250  +0.002405  +0.003943  0.281  0.000  0.545  T  d3
  6229   1946.562  +0.002321  -0.000057  0.297  0.000  0.545  T  d0
  6230   1946.875  +0.007068  +0.004354  0.297  0.000  0.545  T  d2
  6231   1947.188  -0.019528  -0.026536  0.312  0.000  0.545  T  d0
  6232   1947.500  -0.005363  -0.004176  0.328  0.000  0.536  T  d2
  6233   1947.812  +0.003569  +0.006082  0.344  0.000  0.536  T  d0
  6234   1948.125  +0.001578  +0.007449  0.359  0.000  0.536  T  d0
  6235   1948.438  +0.023795  +0.032709  0.375  0.000  0.536  T  d2
  6236   1948.750  -0.006810  -0.007488  0.375  0.000  0.536  T  d1
  6237   1949.062  +0.002472  -0.000360  0.375  0.000  0.536  T  d2
  6238   1949.375  -0.008297  -0.004666  0.375  0.000  0.536  T  d3
  6239   1949.688  -0.025271  +0.017222  0.375  0.000  0.536  T  d2
  6240   1950.000  +0.008380  -0.011814  0.391  0.000  0.536  T  d0
  6241   1950.312  +0.006143  -0.010494  0.391  0.000  0.536  T  d0
  6242   1950.625  +0.031485  -0.013305  0.391  0.000  0.536  T  d0
  6243   1950.938  +0.081189  -0.036227  0.391  0.000  0.536  T  d3
  6244   1951.250  +0.019785  -0.064723  0.406  0.000  0.536  T  d3
  6245   1951.562  -0.028621  -0.049774  0.406  0.000  0.536  T  d3
  6246   1951.875  -0.061316  +0.020635  0.406  0.000  0.536  T  d0
  6247   1952.188  -0.033653  +0.063669  0.406  0.000  0.536  T  d0
  6248   1952.500  +0.014947  +0.083103  0.422  0.000  0.524  T  d3
  6249   1952.812  +0.041379  +0.026320  0.422  0.000  0.524  T  d3
  6250   1953.125  +0.025327  -0.027260  0.422  0.000  0.524  T  d3
  6251   1953.438  -0.046458  -0.073421  0.438  0.000  0.524  T  d0
  6252   1953.750  -0.092495  -0.051315  0.438  0.000  0.524  T  d0
  6253   1954.062  -0.128419  -0.017044  0.438  0.000  0.524  T  d0
  6254   1954.375  -0.038713  +0.019647  0.438  0.000  0.524  T  d1
  6255   1954.688  -0.024799  -0.093164  0.453  0.000  0.524  T  d0
  6256   1955.000  -0.081113  -0.062870  0.438  0.000  0.524  T  d0
  6257   1955.312  -0.043579  +0.004085  0.438  0.000  0.524  T  d3
  6258   1955.625  +0.048319  +0.047037  0.438  0.000  0.524  T  d0
  6259   1955.938  +0.100497  +0.068794  0.453  0.000  0.524  T  d0
  6260   1956.250  +0.131368  +0.036790  0.453  0.000  0.524  T  d0
  6261   1956.562  +0.073577  +0.075735  0.453  0.000  0.524  T  d1
  6262   1956.875  -0.008481  +0.103004  0.438  0.000  0.524  T  d0
  6263   1957.188  -0.068733  +0.228682  0.438  0.000  0.524  T  d0
  6264   1957.500  -0.134365  +0.291151  0.438  0.000  0.489  T  d0
  6265   1957.812  -0.084461  +0.337786  0.438  0.000  0.489  T  d0
  6266   1958.125  -0.212487  +0.270558  0.422  0.000  0.489  T  d0
  6267   1958.438  -0.119684  +0.156010  0.406  0.000  0.489  T  d0
  6268   1958.750  -0.499057  +0.145278  0.422  0.000  0.489  T  d2
  6269   1959.062  +0.203624  +0.076439  0.422  0.000  0.489  T  d2
  6270   1959.375  -1.362859  +0.119043  0.422  0.000  0.489  T  d2
  6271   1959.688  +3.423487  -1.385205  0.422  0.000  0.489  T  d0
  6272   1960.000  +4.601659  -2.790953  0.438  0.000  0.489  T  d2
  6273   1960.312  -1.161467  +0.475984  0.422  0.000  0.489  T  d2
  6274   1960.625  +1.145231  -0.616592  0.406  0.000  0.489  T  d2
  6275   1960.938  -5.433563  +3.309054  0.406  0.000  0.489  T  d0
  6276   1961.250  -0.692110  +1.239102  0.406  0.000  0.489  T  d2
  6277   1961.562  +0.662269  -0.813890  0.406  0.000  0.489  T  d1
  6278   1961.875  +0.393251  +1.053583  0.406  0.000  0.489  T  d2
  6279   1962.188  -3.283273  -5.734899  0.406  0.000  0.489  T  d0
  6280   1962.500  -1.193931  -0.787349  0.391  0.000  0.494  T  d1
  6281   1962.812  +0.405952  -0.259978  0.391  0.000  0.494  T  d1
  6282   1963.125  +0.750066  +1.382672  0.391  0.000  0.494  T  d0
  6283   1963.438  +4.832214  +4.279103  0.406  0.000  0.494  T  d2
  6284   1963.750  -0.981272  -0.859170  0.391  0.000  0.494  T  d1
  6285   1964.062  +0.864827  -0.481318  0.375  0.000  0.494  T  d2
  6286   1964.375  -1.445581  +0.581899  0.359  0.000  0.494  T  d0
  6287   1964.688  -4.363747  +4.456560  0.359  0.000  0.494  T  d2
  6288   1965.000  +1.185481  -1.141266  0.359  0.000  0.494  T  d2
  6289   1965.312  -0.731896  +0.585767  0.359  0.000  0.494  T  d2
  6290   1965.625  +3.992933  -4.219176  0.375  0.000  0.494  T  d0
  6291   1965.938  +1.895039  -3.081847  0.359  0.000  0.494  T  d2
  6292   1966.250  +0.036156  +1.194703  0.344  0.000  0.494  T  d2
  6293   1966.562  -0.181180  -0.354069  0.328  0.000  0.494  T  d1
  6294   1966.875  +1.072592  +0.327522  0.328  0.000  0.494  T  d2
  6295   1967.188  -3.487194  +1.495695  0.312  0.000  0.494  T  d0
  6296   1967.500  -4.752216  +3.118676  0.297  0.000  0.498  T  d2
  6297   1967.812  +0.890317  -0.486601  0.281  0.000  0.498  T  d2
  6298   1968.125  -1.342424  +0.702291  0.266  0.000  0.498  T  d2
  6299   1968.438  +5.196606  -3.540863  0.250  0.000  0.498  T  d0
  6300   1968.750  +0.568459  -1.297047  0.234  0.000  0.498  T  d2
  6301   1969.062  -0.719680  +0.793529  0.234  0.000  0.498  T  d1
  6302   1969.375  -0.420705  -1.070988  0.234  0.000  0.498  T  d2
  6303   1969.688  +3.426541  +5.609462  0.250  0.000  0.498  T  d0
  6304   1970.000  +1.238600  +0.755758  0.234  0.000  0.498  T  d1
  6305   1970.312  -0.365099  +0.310585  0.234  0.000  0.498  T  d1
  6306   1970.625  -0.783576  -1.332663  0.234  0.000  0.498  T  d0
  6307   1970.938  -4.961632  -4.148721  0.250  0.000  0.498  T  d2
  6308   1971.250  +0.983926  +0.832335  0.234  0.000  0.498  T  d1
  6309   1971.562  -0.882456  +0.440342  0.234  0.000  0.498  T  d2
  6310   1971.875  +1.396870  -0.716960  0.234  0.000  0.498  T  d0
  6311   1972.188  +4.229636  -4.710142  0.234  0.000  0.498  T  d2
  6312   1972.500  -1.090402  +0.979276  0.219  0.000  0.489  T  d2
  6313   1972.812  +0.772508  -0.820443  0.219  0.000  0.489  T  d2
  6314   1973.125  -3.692591  +4.086438  0.219  0.000  0.489  T  d0
  6315   1973.438  -1.729860  +2.968975  0.203  0.000  0.489  T  d2
  6316   1973.750  +0.371448  -1.347607  0.219  0.000  0.489  T  d2
  6317   1974.062  -0.009036  +0.281117  0.219  0.000  0.489  T  d2
  6318   1974.375  +0.159064  -0.496296  0.219  0.000  0.489  T  d1
  6319   1974.688  +0.406633  -0.150043  0.203  0.000  0.489  T  d0
  6320   1975.000  +0.616905  -0.453105  0.203  0.000  0.489  T  d0
  6321   1975.312  +0.181345  +0.024655  0.203  0.000  0.489  T  d0
  6322   1975.625  +0.320939  -0.106062  0.219  0.000  0.489  T  d2
  6323   1975.938  -0.162532  +0.305724  0.203  0.000  0.489  T  d3
  6324   1976.250  +0.084957  +0.138171  0.203  0.000  0.489  T  d3
  6325   1976.562  +0.161076  +0.021283  0.203  0.000  0.489  T  d1
  6326   1976.875  +0.056506  +0.145668  0.203  0.000  0.489  T  d2
  6327   1977.188  -0.231710  -0.363463  0.203  0.000  0.489  T  d3
  6328   1977.500  -0.123372  -0.021518  0.188  0.000  0.498  T  d1
  6329   1977.812  +0.003021  -0.018223  0.188  0.000  0.498  T  d2
  6330   1978.125  +0.007534  +0.095119  0.188  0.000  0.498  T  d3
  6331   1978.438  +0.339898  +0.280673  0.188  0.000  0.498  T  d2
  6332   1978.750  -0.093559  -0.073700  0.172  0.000  0.498  T  d1
  6333   1979.062  +0.075362  -0.066365  0.172  0.000  0.498  T  d2
  6334   1979.375  -0.089033  +0.066738  0.172  0.000  0.498  T  d0
  6335   1979.688  -0.293061  +0.320916  0.172  0.000  0.498  T  d3
  6336   1980.000  +0.116777  +0.012156  0.172  0.000  0.498  T  d2
  6337   1980.312  -0.033460  +0.024922  0.172  0.000  0.498  T  d2
  6338   1980.625  +0.353402  -0.026829  0.172  0.000  0.498  T  d0
  6339   1980.938  +0.838725  -0.281840  0.156  0.000  0.498  T  d3
  6340   1981.250  +0.177241  -0.798464  0.172  0.000  0.498  T  d3
  6341   1981.562  -0.595969  -0.579604  0.172  0.000  0.498  T  d3
  6342   1981.875  -0.880406  +0.123164  0.172  0.000  0.498  T  d3
  6343   1982.188  -0.496926  +0.794707  0.156  0.000  0.498  T  d3
  6344   1982.500  +0.310440  +0.859704  0.172  0.000  0.558  T  d3
  6345   1982.812  +0.845142  +0.279604  0.172  0.000  0.558  T  d3
  6346   1983.125  +0.792754  -0.519545  0.172  0.000  0.558  T  d3
  6347   1983.438  +0.057376  -0.908397  0.172  0.000  0.558  T  d0
  6348   1983.750  -0.517884  -0.613027  0.172  0.000  0.558  T  d3
  6349   1984.062  -0.909922  +0.165709  0.172  0.000  0.558  T  d3
  6350   1984.375  +0.081180  +0.672906  0.172  0.000  0.558  T  d2
  6351   1984.688  +0.261494  -0.585428  0.188  0.000  0.558  T  d3
  6352   1985.000  -0.924479  -0.227946  0.172  0.000  0.558  T  d3
  6353   1985.312  -0.449089  +0.620003  0.156  0.000  0.558  T  d0
  6354   1985.625  +0.098149  +0.871548  0.141  0.000  0.558  T  d3
  6355   1985.938  +0.876258  +0.502390  0.156  0.000  0.558  T  d3
  6356   1986.250  +0.853939  -0.296095  0.156  0.000  0.558  T  d3
  6357   1986.562  +0.332946  -0.821471  0.156  0.000  0.558  T  d3
  6358   1986.875  -0.491116  -0.752141  0.156  0.000  0.558  T  d3
  6359   1987.188  -0.871988  -0.045556  0.156  0.000  0.558  T  d3
  6360   1987.500  -0.584596  +0.613550  0.156  0.000  0.545  T  d3
  6361   1987.812  +0.176730  +0.888043  0.156  0.000  0.545  T  d3
  6362   1988.125  +0.739810  +0.165788  0.156  0.000  0.545  T  d3
  6363   1988.438  +0.106823  -0.348109  0.156  0.000  0.545  T  d2
  6364   1988.750  -0.065969  +0.040828  0.172  0.000  0.545  T  d2
  6365   1989.062  +0.037383  -0.120322  0.172  0.000  0.545  T  d3
  6366   1989.375  -0.094570  -0.011897  0.172  0.000  0.545  T  d2
  6367   1989.688  +0.256807  -0.181922  0.156  0.000  0.545  T  d0
  6368   1990.000  +0.334436  -0.225538  0.156  0.000  0.545  T  d2
  6369   1990.312  -0.086759  -0.010518  0.156  0.000  0.545  T  d2
  6370   1990.625  +0.091143  -0.056192  0.156  0.000  0.545  T  d2
  6371   1990.938  -0.409464  +0.220861  0.141  0.000  0.545  T  d0
  6372   1991.250  -0.052532  +0.084220  0.141  0.000  0.545  T  d2
  6373   1991.562  +0.019711  -0.056498  0.141  0.000  0.545  T  d2
  6374   1991.875  +0.014277  +0.071434  0.141  0.000  0.545  T  d2
  6375   1992.188  -0.265523  -0.408461  0.141  0.000  0.545  T  d0
  6376   1992.500  -0.106086  -0.058633  0.141  0.000  0.532  T  d2
  6377   1992.812  +0.019666  -0.003130  0.141  0.000  0.532  T  d1
  6378   1993.125  +0.048879  +0.104558  0.141  0.000  0.532  T  d0
  6379   1993.438  +0.353957  +0.333129  0.141  0.000  0.532  T  d2
  6380   1993.750  -0.066805  -0.035046  0.125  0.000  0.532  T  d2
  6381   1994.062  +0.077394  +0.008430  0.125  0.000  0.532  T  d1
  6382   1994.375  -0.090888  +0.105846  0.125  0.000  0.532  T  d0
  6383   1994.688  -0.297783  +0.370280  0.125  0.000  0.532  T  d3
  6384   1995.000  +0.090313  +0.021426  0.141  0.000  0.532  T  d1
  6385   1995.312  -0.035863  +0.059418  0.141  0.000  0.532  T  d3
  6386   1995.625  +0.332481  -0.038785  0.125  0.000  0.532  T  d0
  6387   1995.938  +0.847616  -0.259740  0.125  0.000  0.532  T  d3
  6388   1996.250  +0.187694  -0.804567  0.141  0.000  0.532  T  d3
  6389   1996.562  -0.570432  -0.590172  0.141  0.000  0.532  T  d3
  6390   1996.875  -0.869335  +0.100965  0.141  0.000  0.532  T  d3
  6391   1997.188  -0.489606  +0.759823  0.141  0.000  0.532  T  d3
  6392   1997.500  +0.295455  +0.857957  0.156  0.000  0.536  T  d3
  6393   1997.812  +0.827869  +0.297276  0.156  0.000  0.536  T  d3
  6394   1998.125  +0.801092  -0.488740  0.156  0.000  0.536  T  d3
  6395   1998.438  +0.053992  -0.907566  0.172  0.000  0.536  T  d0
  6396   1998.750  -0.526170  -0.612015  0.172  0.000  0.536  T  d3
  6397   1999.062  -0.941193  +0.137057  0.172  0.000  0.536  T  d3
  6398   1999.375  +0.050535  +0.669213  0.172  0.000  0.536  T  d2
  6399   1999.688  +0.243196  -0.607962  0.188  0.000  0.536  T  d3
  6400   2000.000  -0.922914  -0.257831  0.172  0.000  0.536  T  d3
  6401   2000.312  -0.468637  +0.590465  0.172  0.000  0.536  T  d3
  6402   2000.625  +0.109973  +0.866113  0.172  0.000  0.536  T  d3
  6403   2000.938  +0.879579  +0.528842  0.188  0.000  0.536  T  d3
  6404   2001.250  +0.898991  -0.256506  0.172  0.000  0.536  T  d3
  6405   2001.562  +0.364587  -0.746962  0.172  0.000  0.536  T  d3
  6406   2001.875  -0.460377  -0.682433  0.172  0.000  0.536  T  d3
  6407   2002.188  -0.871810  +0.065340  0.172  0.000  0.536  T  d3
  6408   2002.500  -0.623576  +0.733632  0.172  0.000  0.532  T  d3
  6409   2002.812  +0.132376  +1.026587  0.172  0.000  0.532  T  d3
  6410   2003.125  +0.615883  +0.293351  0.172  0.000  0.532  T  d3
  6411   2003.438  +0.045677  -0.253459  0.156  0.000  0.532  T  d3
  6412   2003.750  -0.300377  +0.108331  0.172  0.000  0.532  T  d2
  6413   2004.062  +0.144483  -0.083150  0.172  0.000  0.532  T  d2
  6414   2004.375  -0.746636  +0.055252  0.172  0.000  0.532  T  d2
  6415   2004.688  +1.897727  -0.922974  0.156  0.000  0.532  T  d0
  6416   2005.000  +2.528292  -1.689537  0.172  0.000  0.532  T  d2
  6417   2005.312  -0.619619  +0.231417  0.172  0.000  0.532  T  d2
  6418   2005.625  +0.669973  -0.393518  0.172  0.000  0.532  T  d2
  6419   2005.938  -3.057108  +2.014529  0.172  0.000  0.532  T  d0
  6420   2006.250  -0.363960  +0.725567  0.172  0.000  0.532  T  d2
  6421   2006.562  +0.367613  -0.490237  0.172  0.000  0.532  T  d1
  6422   2006.875  +0.251613  +0.602249  0.172  0.000  0.532  T  d2
  6423   2007.188  -2.041212  -3.264014  0.188  0.000  0.532  T  d0
  6424   2007.500  -0.718805  -0.430167  0.188  0.000  0.541  T  d1
  6425   2007.812  +0.221672  -0.159107  0.188  0.000  0.541  T  d1
  6426   2008.125  +0.451849  +0.780039  0.188  0.007  0.541  T  d0
  6427   2008.438  +2.882017  +2.383318  0.203  0.007  0.541  T  d2
  6428   2008.750  -0.595380  -0.483576  0.188  0.007  0.541  T  d1
  6429   2009.062  +0.484303  -0.296390  0.188  0.007  0.541  T  d2
  6430   2009.375  -0.828435  +0.361986  0.188  0.007  0.541  T  d0
  6431   2009.688  -2.453770  +2.676521  0.188  0.007  0.541  T  d2
  6432   2010.000  +0.660998  -0.687901  0.203  0.007  0.541  T  d2
  6433   2010.312  -0.411123  +0.356519  0.219  0.007  0.541  T  d2
  6434   2010.625  +2.233343  -2.528585  0.234  0.007  0.541  T  d0
  6435   2010.938  +1.041571  -1.824579  0.234  0.007  0.541  T  d2
  6436   2011.250  +0.043671  +0.696724  0.234  0.007  0.541  T  d2
  6437   2011.562  -0.110288  -0.195027  0.250  0.007  0.541  T  d1
  6438   2011.875  +0.629312  +0.173662  0.250  0.008  0.541  T  d2
  6439   2012.188  -1.997479  +0.936461  0.250  0.008  0.541  T  d0
  6440   2012.500  -2.702546  +1.905259  0.250  0.008  0.541  T  d2
  6441   2012.812  +0.511141  -0.296607  0.250  0.008  0.541  T  d2
  6442   2013.125  -0.765926  +0.435527  0.250  0.008  0.541  T  d2
  6443   2013.438  +2.951010  -2.154668  0.250  0.008  0.541  T  d0
  6444   2013.750  +0.307971  -0.764318  0.250  0.008  0.541  T  d2
  6445   2014.062  -0.399117  +0.470694  0.250  0.008  0.541  T  d1
  6446   2014.375  -0.267794  -0.613580  0.250  0.008  0.541  T  d2
  6447   2014.688  +2.091353  +3.195728  0.266  0.008  0.541  T  d0
  6448   2015.000  +0.736660  +0.411790  0.250  0.008  0.541  T  d1
  6449   2015.312  -0.208679  +0.186350  0.250  0.008  0.541  T  d1
  6450   2015.625  -0.478337  -0.758375  0.250  0.000  0.541  T  d0
  6451   2015.938  -2.955458  -2.320012  0.266  0.000  0.541  T  d2
  6452   2016.250  +0.584147  +0.470625  0.250  0.000  0.541  T  d1
  6453   2016.562  -0.507947  +0.268822  0.250  0.000  0.541  T  d2
  6454   2016.875  +0.802462  -0.439582  0.250  0.000  0.541  T  d0
  6455   2017.188  +2.379475  -2.807108  0.250  0.000  0.541  T  d2
  6456   2017.500  -0.615027  +0.582397  0.234  0.000  0.511  T  d2
  6457   2017.812  +0.437836  -0.491503  0.234  0.000  0.511  T  d2
  6458   2018.125  -2.072983  +2.432345  0.234  0.000  0.511  T  d0
  6459   2018.438  -0.958738  +1.751775  0.219  0.000  0.511  T  d2
  6460   2018.750  +0.194366  -0.787714  0.234  0.000  0.511  T  d2
  6461   2019.062  -0.004545  +0.162158  0.234  0.000  0.511  T  d2
  6462   2019.375  +0.090995  -0.292947  0.234  0.007  0.511  T  d1
  6463   2019.688  +0.217036  -0.085395  0.219  0.007  0.511  T  d0
  6464   2020.000  +0.327283  -0.257728  0.219  0.007  0.511  T  d0
  6465   2020.312  +0.111807  +0.010839  0.219  0.007  0.511  T  d0
  6466   2020.625  +0.177551  -0.068025  0.234  0.007  0.511  T  d1
  6467   2020.938  -0.061304  +0.162016  0.219  0.007  0.511  T  d3
  6468   2021.250  +0.057424  +0.074126  0.219  0.007  0.511  T  d0
  6469   2021.562  +0.092825  +0.014262  0.219  0.007  0.511  T  d1
  6470   2021.875  +0.034018  +0.080551  0.219  0.007  0.511  T  d2
  6471   2022.188  -0.115932  -0.170757  0.219  0.007  0.511  T  d3
  6472   2022.500  -0.063787  -0.006142  0.203  0.007  0.532  T  d1
  6473   2022.812  +0.004071  -0.010668  0.203  0.007  0.532  T  d2
  6474   2023.125  -0.001976  +0.043264  0.203  0.019  0.532  T  d3
  6475   2023.438  +0.162795  +0.130012  0.203  0.019  0.532  T  d2
  6476   2023.750  -0.045069  -0.039787  0.188  0.019  0.532  T  d1
  6477   2024.062  +0.038417  -0.040710  0.188  0.019  0.532  T  d2
  6478   2024.375  -0.045957  +0.032178  0.188  0.019  0.532  T  d0
  6479   2024.688  -0.139596  +0.157450  0.188  0.019  0.532  T  d3
  6480   2025.000  +0.057353  +0.002575  0.188  0.019  0.532  T  d2
  6481   2025.312  -0.015208  +0.012932  0.188  0.019  0.532  T  d2
  6482   2025.625  +0.176897  -0.020762  0.188  0.019  0.532  T  d0
  6483   2025.938  +0.416092  -0.144467  0.172  0.019  0.532  T  d3
  6484   2026.250  +0.085717  -0.399542  0.188  0.019  0.532  T  d3
  6485   2026.562  -0.303552  -0.284575  0.188  0.019  0.532  T  d3
  6486   2026.875  -0.439657  +0.066784  0.188  0.038  0.532  T  d3
  6487   2027.188  -0.245803  +0.402184  0.172  0.038  0.532  T  d3
  6488   2027.500  +0.159469  +0.428106  0.188  0.038  0.592  T  d3
  6489   2027.812  +0.422853  +0.136078  0.188  0.038  0.592  T  d3
  6490   2028.125  +0.392839  -0.264124  0.188  0.038  0.592  T  d3
  6491   2028.438  +0.023821  -0.454349  0.188  0.038  0.592  T  d0
  6492   2028.750  -0.262169  -0.303566  0.188  0.038  0.592  T  d3
  6493   2029.062  -0.453638  +0.087781  0.188  0.038  0.592  T  d3
  6494   2029.375  +0.044554  +0.337343  0.188  0.038  0.592  T  d2
  6495   2029.688  +0.128414  -0.293908  0.203  0.038  0.592  T  d3
  6496   2030.000  -0.467120  -0.119227  0.188  0.038  0.592  T  d3
  6497   2030.312  -0.220636  +0.313406  0.172  0.038  0.592  T  d0
  6498   2030.625  +0.053869  +0.436700  0.156  0.042  0.592  T  d3
  6499   2030.938  +0.440777  +0.248454  0.172  0.042  0.592  T  d3
  6500   2031.250  +0.425074  -0.150963  0.172  0.042  0.592  T  d3
  6501   2031.562  +0.161983  -0.411429  0.156  0.042  0.592  T  d3
  6502   2031.875  -0.250376  -0.372934  0.156  0.042  0.592  T  d3
  6503   2032.188  -0.436836  -0.018037  0.156  0.042  0.592  T  d3
  6504   2032.500  -0.289534  +0.310052  0.156  0.042  0.579  T  d3
  6505   2032.812  +0.091640  +0.442313  0.156  0.042  0.579  T  d3
  6506   2033.125  +0.371164  +0.080338  0.156  0.042  0.579  T  d3
  6507   2033.438  +0.052843  -0.170206  0.156  0.042  0.579  T  d2
  6508   2033.750  -0.030884  +0.019395  0.172  0.042  0.579  T  d2
  6509   2034.062  +0.017574  -0.063027  0.172  0.042  0.579  T  d3
  6510   2034.375  -0.048418  -0.005285  0.172  0.042  0.579  T  d2
  6511   2034.688  +0.128391  -0.094041  0.156  0.042  0.579  T  d0
  6512   2035.000  +0.164835  -0.111489  0.156  0.042  0.579  T  d2
  6513   2035.312  -0.041742  -0.001230  0.156  0.042  0.579  T  d2
  6514   2035.625  +0.045553  -0.030047  0.156  0.042  0.579  T  d2
  6515   2035.938  -0.201646  +0.113208  0.141  0.042  0.579  T  d0
  6516   2036.250  -0.023579  +0.038943  0.141  0.042  0.579  T  d2
  6517   2036.562  +0.007933  -0.027243  0.141  0.042  0.579  T  d2
  6518   2036.875  +0.008632  +0.033412  0.141  0.042  0.579  T  d2
  6519   2037.188  -0.138043  -0.203863  0.141  0.042  0.579  T  d0
  6520   2037.500  -0.046945  -0.028946  0.141  0.042  0.549  T  d1
  6521   2037.812  +0.007308  -0.003213  0.141  0.042  0.549  T  d1
  6522   2038.125  +0.022966  +0.053976  0.141  0.048  0.549  T  d0
  6523   2038.438  +0.177217  +0.163704  0.141  0.048  0.549  T  d2
  6524   2038.750  -0.033798  -0.016539  0.125  0.048  0.549  T  d2
  6525   2039.062  +0.039258  +0.003947  0.125  0.048  0.549  T  d1
  6526   2039.375  -0.046239  +0.049666  0.125  0.048  0.549  T  d0
  6527   2039.688  -0.149441  +0.188210  0.125  0.048  0.549  T  d3
  6528   2040.000  +0.046384  +0.012141  0.141  0.048  0.549  T  d1
  6529   2040.312  -0.019514  +0.029189  0.141  0.048  0.549  T  d3
  6530   2040.625  +0.165661  -0.019054  0.125  0.048  0.549  T  d0
  6531   2040.938  +0.421807  -0.132761  0.125  0.048  0.549  T  d3
  6532   2041.250  +0.091904  -0.403320  0.141  0.048  0.549  T  d3
  6533   2041.562  -0.290518  -0.295381  0.141  0.048  0.549  T  d3
  6534   2041.875  -0.425792  +0.056757  0.141  0.031  0.549  T  d3
  6535   2042.188  -0.246296  +0.385997  0.141  0.031  0.549  T  d3
  6536   2042.500  +0.149747  +0.429343  0.156  0.031  0.528  T  d3
  6537   2042.812  +0.421554  +0.142717  0.156  0.031  0.528  T  d3
  6538   2043.125  +0.396195  -0.246699  0.156  0.031  0.528  T  d3
  6539   2043.438  +0.025982  -0.455496  0.172  0.031  0.528  T  d0
  6540   2043.750  -0.266135  -0.305199  0.172  0.031  0.528  T  d3
  6541   2044.062  -0.469722  +0.070093  0.172  0.031  0.528  T  d3
  6542   2044.375  +0.026049  +0.334127  0.172  0.031  0.528  T  d2
  6543   2044.688  +0.120295  -0.305464  0.188  0.031  0.528  T  d3
  6544   2045.000  -0.462884  -0.126764  0.172  0.031  0.528  T  d3
  6545   2045.312  -0.232865  +0.295844  0.172  0.031  0.528  T  d3
  6546   2045.625  +0.057011  +0.433075  0.172  0.024  0.528  T  d3
  6547   2045.938  +0.440783  +0.261303  0.188  0.024  0.528  T  d3
  6548   2046.250  +0.448022  -0.129787  0.172  0.024  0.528  T  d3
  6549   2046.562  +0.179844  -0.373992  0.172  0.024  0.528  T  d3
  6550   2046.875  -0.232157  -0.339154  0.172  0.024  0.528  T  d3
  6551   2047.188  -0.436380  +0.034669  0.172  0.024  0.528  T  d3
  6552   2047.500  -0.310237  +0.369775  0.172  0.024  0.502  T  d3
  6553   2047.812  +0.067443  +0.512952  0.172  0.024  0.502  T  d3
  6554   2048.125  +0.308899  +0.147192  0.172  0.024  0.502  T  d3
  6555   2048.438  +0.027288  -0.124872  0.156  0.024  0.502  T  d3
  6556   2048.750  -0.148964  +0.054279  0.172  0.024  0.502  T  d2
  6557   2049.062  +0.067720  -0.042902  0.172  0.024  0.502  T  d2
  6558   2049.375  -0.373239  +0.030716  0.172  0.056  0.502  T  d2
  6559   2049.688  +0.945642  -0.466807  0.156  0.056  0.502  T  d0
  6560   2050.000  +1.262323  -0.851683  0.172  0.056  0.502  T  d2
  6561   2050.312  -0.306121  +0.115180  0.172  0.056  0.502  T  d2
  6562   2050.625  +0.333447  -0.198739  0.172  0.056  0.502  T  d2
  6563   2050.938  -1.527831  +1.013098  0.172  0.056  0.502  T  d0
  6564   2051.250  -0.177254  +0.365030  0.172  0.056  0.502  T  d2
  6565   2051.562  +0.184333  -0.242902  0.172  0.056  0.502  T  d1
  6566   2051.875  +0.130138  +0.300142  0.172  0.056  0.502  T  d2
  6567   2052.188  -1.027046  -1.627158  0.188  0.056  0.502  T  d0
  6568   2052.500  -0.360547  -0.213545  0.188  0.056  0.502  T  d1
  6569   2052.812  +0.111491  -0.079081  0.188  0.056  0.502  T  d1
  6570   2053.125  +0.227579  +0.388906  0.188  0.112  0.502  T  d0
  6571   2053.438  +1.445557  +1.188865  0.203  0.112  0.502  T  d2
  6572   2053.750  -0.300926  -0.240626  0.188  0.112  0.502  T  d1
  6573   2054.062  +0.240235  -0.152438  0.188  0.112  0.502  T  d2
  6574   2054.375  -0.415069  +0.177825  0.188  0.112  0.502  T  d0
  6575   2054.688  -1.221106  +1.339986  0.188  0.112  0.502  T  d2
  6576   2055.000  +0.329091  -0.348547  0.203  0.112  0.502  T  d2
  6577   2055.312  -0.201241  +0.175536  0.203  0.112  0.502  T  d2
  6578   2055.625  +1.112716  -1.270916  0.203  0.112  0.502  T  d0
  6579   2055.938  +0.524402  -0.916532  0.203  0.112  0.502  T  d2
  6580   2056.250  +0.024742  +0.346233  0.219  0.112  0.502  T  d2
  6581   2056.562  -0.053806  -0.101948  0.219  0.112  0.502  T  d1
  6582   2056.875  +0.317068  +0.087281  0.219  0.176  0.502  P  d2
  6583   2057.188  -0.997211  +0.472108  0.219  0.176  0.502  P  d0
  6584   2057.500  -1.349368  +0.963388  0.234  0.176  0.485  P  d2
  6585   2057.812  +0.247899  -0.145922  0.234  0.176  0.485  P  d2
  6586   2058.125  -0.391075  +0.223970  0.234  0.176  0.485  P  d2
  6587   2058.438  +1.456627  -1.082067  0.250  0.176  0.485  P  d0
  6588   2058.750  +0.140726  -0.382109  0.250  0.176  0.485  P  d2
  6589   2059.062  -0.218824  +0.228332  0.250  0.176  0.485  P  d1
  6590   2059.375  -0.149441  -0.317966  0.250  0.176  0.485  P  d2
  6591   2059.688  +1.037718  +1.580643  0.266  0.176  0.485  P  d0
  6592   2060.000  +0.365872  +0.196130  0.250  0.176  0.485  P  d1
  6593   2060.312  -0.106907  +0.082378  0.250  0.176  0.485  P  d1
  6594   2060.625  -0.230581  -0.384964  0.250  0.280  0.485  P  d0
  6595   2060.938  -1.474643  -1.146812  0.266  0.280  0.485  P  d2
  6596   2061.250  +0.310793  +0.246117  0.250  0.280  0.485  P  d1
  6597   2061.562  -0.236780  +0.175701  0.250  0.280  0.485  P  d2
  6598   2061.875  +0.413430  -0.174608  0.250  0.280  0.485  P  d0
  6599   2062.188  +1.189747  -1.341411  0.250  0.280  0.485  P  d2
  6600   2062.500  -0.325739  +0.360902  0.250  0.280  0.433  P  d2
  6601   2062.812  +0.202050  -0.167546  0.250  0.280  0.433  P  d2
  6602   2063.125  -1.099077  +1.297280  0.250  0.280  0.433  P  d0
  6603   2063.438  -0.504764  +0.931254  0.234  0.280  0.433  P  d2
  6604   2063.750  -0.037094  -0.343217  0.234  0.280  0.433  P  d2
  6605   2064.062  +0.053292  +0.097442  0.234  0.280  0.433  P  d1
  6606   2064.375  -0.317042  -0.082159  0.234  0.354  0.433  P  d2
  6607   2064.688  +0.992536  -0.493637  0.219  0.354  0.433  P  d0
  6608   2065.000  +1.329457  -0.987730  0.234  0.354  0.433  P  d2
  6609   2065.312  -0.239502  +0.150569  0.234  0.354  0.433  P  d2
  6610   2065.625  +0.390161  -0.233317  0.250  0.354  0.433  P  d2
  6611   2065.938  -1.431233  +1.108667  0.250  0.354  0.433  P  d0
  6612   2066.250  -0.129424  +0.388082  0.266  0.354  0.433  P  d2
  6613   2066.562  +0.220433  -0.238220  0.281  0.354  0.433  P  d1
  6614   2066.875  +0.161825  +0.319533  0.297  0.354  0.433  P  d2
  6615   2067.188  -1.060685  -1.559864  0.312  0.354  0.433  P  d0
  6616   2067.500  -0.358223  -0.178946  0.312  0.354  0.459  P  d1
  6617   2067.812  +0.106990  -0.085396  0.312  0.354  0.459  P  d1
  6618   2068.125  +0.243531  +0.388889  0.328  0.361  0.459  P  d0
  6619   2068.438  +1.491591  +1.128064  0.344  0.361  0.459  P  d2
  6620   2068.750  -0.312164  -0.238403  0.344  0.361  0.459  P  d1
  6621   2069.062  +0.227259  -0.170890  0.359  0.361  0.459  P  d2
  6622   2069.375  -0.412167  +0.177480  0.375  0.361  0.459  P  d0
  6623   2069.688  -1.173069  +1.354267  0.391  0.361  0.459  P  d2
  6624   2070.000  +0.318225  -0.383497  0.391  0.361  0.459  P  d2
  6625   2070.312  -0.199245  +0.154152  0.406  0.361  0.459  P  d2
  6626   2070.625  +1.084541  -1.342691  0.422  0.361  0.459  P  d0
  6627   2070.938  +0.502664  -0.962596  0.422  0.361  0.459  P  d2
  6628   2071.250  +0.061108  +0.313385  0.422  0.361  0.459  P  d2
  6629   2071.562  -0.029555  -0.113484  0.422  0.361  0.459  P  d1
  6630   2071.875  +0.340318  +0.058916  0.422  0.372  0.459  P  d2
  6631   2072.188  -0.956885  +0.511909  0.422  0.372  0.459  P  d0
  6632   2072.500  -1.306192  +1.014674  0.438  0.372  0.476  P  d2
  6633   2072.812  +0.241368  -0.137991  0.453  0.372  0.476  P  d2
  6634   2073.125  -0.421138  +0.264945  0.469  0.372  0.476  P  d2
  6635   2073.438  +1.365700  -1.119890  0.469  0.372  0.476  P  d3
  6636   2073.750  +0.032423  -0.364264  0.469  0.372  0.476  P  d3
  6637   2074.062  -0.331739  +0.206567  0.469  0.372  0.476  P  d1
  6638   2074.375  -0.304096  -0.314516  0.469  0.372  0.476  P  d2
  6639   2074.688  +0.912114  +1.396912  0.469  0.372  0.476  P  d0
  6640   2075.000  +0.216986  +0.202604  0.453  0.372  0.476  P  d2
  6641   2075.312  -0.328539  -0.268021  0.453  0.372  0.476  P  d0
  6642   2075.625  -0.017139  -0.152673  0.453  0.383  0.476  P  d0
  6643   2075.938  -0.134230  -0.171894  0.469  0.383  0.476  P  d0
  6644   2076.250  -0.010862  -0.144724  0.469  0.383  0.476  P  d0
  6645   2076.562  -0.029693  -0.114492  0.484  0.383  0.476  P  d0
  6646   2076.875  +0.019073  -0.093901  0.500  0.383  0.476  P  d0
  6647   2077.188  +0.015079  -0.044904  0.500  0.383  0.476  P  d0
  6648   2077.500  +0.022665  -0.035244  0.484  0.383  0.485  P  d1
  6649   2077.812  +0.011587  +0.004176  0.484  0.383  0.485  P  d0
  6650   2078.125  +0.008146  +0.013958  0.484  0.383  0.485  P  d0
  6651   2078.438  +0.001596  +0.023889  0.469  0.383  0.485  P  d0
  6652   2078.750  -0.020464  +0.028273  0.469  0.383  0.485  P  d0
  6653   2079.062  -0.018276  +0.024247  0.469  0.383  0.485  P  d0
  6654   2079.375  -0.031694  +0.021684  0.469  0.396  0.485  P  d0
  6655   2079.688  -0.023670  +0.010274  0.453  0.396  0.485  P  d0
  6656   2080.000  -0.032726  +0.011418  0.453  0.396  0.485  P  d0
  6657   2080.312  -0.013766  +0.001401  0.453  0.396  0.485  P  d0
  6658   2080.625  -0.020407  -0.005612  0.453  0.396  0.485  P  d0
  6659   2080.938  -0.007412  -0.002175  0.438  0.396  0.485  P  d1
  6660   2081.250  -0.000697  -0.004458  0.438  0.396  0.485  P  d1
  6661   2081.562  +0.004924  -0.003786  0.438  0.396  0.485  P  d1
  6662   2081.875  +0.007187  +0.001722  0.438  0.396  0.485  P  d0
  6663   2082.188  +0.008519  +0.001144  0.438  0.396  0.485  P  d0
  6664   2082.500  +0.009186  +0.006748  0.422  0.396  0.502  P  d0
  6665   2082.812  +0.006972  +0.006223  0.422  0.396  0.502  P  d0
  6666   2083.125  +0.006366  +0.008613  0.422  0.412  0.502  P  d0
  6667   2083.438  +0.003256  +0.008225  0.422  0.412  0.502  P  d3
  6668   2083.750  +0.004827  +0.000101  0.422  0.412  0.502  P  d2
  6669   2084.062  -0.007409  +0.003805  0.422  0.412  0.502  P  d3
  6670   2084.375  +0.001411  +0.003867  0.422  0.412  0.502  P  d1
  6671   2084.688  -0.002922  +0.001603  0.422  0.412  0.502  P  d3
  6672   2085.000  -0.000004  +0.000300  0.406  0.412  0.502  P  d1
  6673   2085.312  -0.001504  -0.000821  0.406  0.412  0.502  P  d1
  6674   2085.625  +0.001093  -0.002391  0.391  0.412  0.502  P  d0
  6675   2085.938  +0.000302  -0.001236  0.375  0.412  0.502  P  d0
  6676   2086.250  +0.001740  -0.002971  0.359  0.412  0.502  P  d0
  6677   2086.562  +0.000607  -0.000521  0.344  0.412  0.502  P  d0
  6678   2086.875  +0.002201  -0.002197  0.328  0.409  0.502  P  d1
  6679   2087.188  +0.001880  +0.000209  0.312  0.409  0.502  P  d3
  6680   2087.500  +0.001178  -0.001135  0.297  0.409  0.511  P  d1
  6681   2087.812  +0.002059  +0.000855  0.297  0.409  0.511  P  d3
  6682   2088.125  +0.000047  -0.000144  0.281  0.409  0.511  P  d1
  6683   2088.438  +0.001322  +0.000419  0.266  0.409  0.511  P  d1
  6684   2088.750  -0.000258  +0.000255  0.250  0.409  0.511  P  d3
  6685   2089.062  +0.000006  +0.000475  0.234  0.409  0.511  P  d1
  6686   2089.375  -0.000762  +0.000562  0.219  0.409  0.511  P  d1
  6687   2089.688  -0.000313  -0.000058  0.219  0.409  0.511  P  d3
  6688   2090.000  -0.000348  +0.000769  0.203  0.409  0.511  P  d1
  6689   2090.312  -0.001091  -0.000930  0.188  0.409  0.511  P  d3
  6690   2090.625  -0.000134  +0.002138  0.172  0.399  0.511  P  d2
  6691   2090.938  +0.000840  -0.007625  0.156  0.399  0.511  P  d3
  6692   2091.250  -0.004787  +0.002832  0.172  0.399  0.511  P  d2
  6693   2091.562  +0.006768  -0.001889  0.172  0.399  0.511  P  d3
  6694   2091.875  -0.002331  -0.002727  0.172  0.399  0.511  P  d2
  6695   2092.188  +0.000872  +0.001901  0.156  0.399  0.511  P  d2
  6696   2092.500  -0.001107  -0.000575  0.141  0.399  0.476  P  d2
  6697   2092.812  +0.000967  +0.001554  0.125  0.399  0.476  P  d2
  6698   2093.125  -0.001205  -0.001635  0.125  0.399  0.476  P  d2
  6699   2093.438  -0.001062  +0.007089  0.125  0.399  0.476  P  d3
  6700   2093.750  +0.003819  -0.001333  0.141  0.399  0.476  P  d3
  6701   2094.062  -0.006350  -0.003722  0.156  0.399  0.476  P  d2
  6702   2094.375  +0.001619  +0.002818  0.172  0.345  0.476  P  d2
  6703   2094.688  -0.000751  -0.002017  0.188  0.345  0.476  P  d2
  6704   2095.000  +0.000422  +0.003687  0.188  0.345  0.476  P  d3
  6705   2095.312  +0.004435  -0.005336  0.188  0.345  0.476  P  d2
  6706   2095.625  -0.002432  +0.001283  0.188  0.345  0.476  P  d2
  6707   2095.938  +0.001245  -0.000402  0.172  0.345  0.476  P  d2
  6708   2096.250  -0.001435  +0.001145  0.156  0.345  0.476  P  d2
  6709   2096.562  +0.000738  -0.001352  0.141  0.345  0.476  P  d2
  6710   2096.875  -0.000625  +0.001127  0.125  0.345  0.476  P  d2
  6711   2097.188  +0.001496  -0.003125  0.125  0.345  0.476  P  d2
  6712   2097.500  -0.004145  +0.004759  0.125  0.345  0.524  P  d3
  6713   2097.812  +0.003228  -0.000163  0.125  0.345  0.524  P  d3
  6714   2098.125  -0.001321  -0.001259  0.125  0.235  0.524  P  d1
  6715   2098.438  +0.002522  -0.000346  0.125  0.235  0.524  P  d3
  6716   2098.750  -0.000800  -0.000999  0.125  0.235  0.524  P  d1
  6717   2099.062  +0.003160  -0.000545  0.125  0.235  0.524  P  d2
  6718   2099.375  -0.004695  -0.001097  0.125  0.235  0.524  P  d0
  6719   2099.688  -0.004491  +0.002715  0.125  0.235  0.524  P  d2
  6720   2100.000  +0.002118  +0.000314  0.125  0.235  0.524  P  d3
  6721   2100.312  +0.000267  -0.000350  0.125  0.235  0.524  P  d1
  6722   2100.625  +0.001073  +0.000073  0.125  0.235  0.524  P  d3
  6723   2100.938  +0.000273  -0.000239  0.125  0.235  0.524  P  d0
  6724   2101.250  +0.000691  -0.000524  0.125  0.235  0.524  P  d3
  6725   2101.562  -0.000292  -0.000459  0.141  0.235  0.524  P  d1
  6726   2101.875  +0.001206  -0.001316  0.141  0.066  0.524  T  d2
  6727   2102.188  -0.002444  +0.001319  0.156  0.066  0.524  T  d3
  6728   2102.500  -0.000482  +0.007103  0.172  0.066  0.532  T  d2
  6729   2102.812  +0.001060  -0.001532  0.188  0.066  0.532  T  d0
  6730   2103.125  +0.000424  -0.000573  0.188  0.066  0.532  T  d0
  6731   2103.438  +0.001036  -0.001437  0.203  0.066  0.532  T  d0
  6732   2103.750  +0.000604  -0.000677  0.203  0.066  0.532  T  d0
  6733   2104.062  +0.001296  -0.001383  0.203  0.066  0.532  T  d0
  6734   2104.375  +0.000350  -0.000036  0.219  0.066  0.532  T  d0
  6735   2104.688  +0.002203  -0.001469  0.219  0.066  0.532  T  d3
  6736   2105.000  -0.005192  -0.002505  0.219  0.066  0.532  T  d3
  6737   2105.312  -0.001375  +0.005529  0.219  0.066  0.532  T  d2
  6738   2105.625  +0.001891  -0.001639  0.219  0.000  0.532  T  d2
  6739   2105.938  -0.000106  +0.000676  0.219  0.000  0.532  T  d2
  6740   2106.250  +0.000809  -0.001265  0.219  0.000  0.532  T  d2
  6741   2106.562  +0.000195  +0.001117  0.219  0.000  0.532  T  d2
  6742   2106.875  +0.000840  -0.001438  0.219  0.000  0.532  T  d2
  6743   2107.188  -0.000165  +0.001196  0.219  0.000  0.532  T  d2
  6744   2107.500  +0.000489  -0.003343  0.219  0.000  0.519  T  d3
  6745   2107.812  -0.006142  -0.002117  0.219  0.000  0.519  T  d3
  6746   2108.125  +0.002728  +0.006633  0.219  0.000  0.519  T  d3
  6747   2108.438  +0.001171  -0.001995  0.219  0.000  0.519  T  d2
  6748   2108.750  -0.001326  +0.000738  0.219  0.000  0.519  T  d2
  6749   2109.062  +0.000443  -0.001542  0.219  0.000  0.519  T  d3
  6750   2109.375  -0.001007  +0.000071  0.219  0.000  0.519  T  d1
  6751   2109.688  +0.000893  -0.001694  0.203  0.000  0.519  T  d2
  6752   2110.000  -0.005303  +0.002711  0.203  0.000  0.519  T  d3
  6753   2110.312  +0.003306  +0.005871  0.203  0.000  0.519  T  d3
  6754   2110.625  +0.001997  -0.001579  0.203  0.000  0.519  T  d2
  6755   2110.938  -0.001951  -0.000145  0.203  0.000  0.519  T  d2
  6756   2111.250  +0.002117  -0.000727  0.188  0.000  0.519  T  d0
  6757   2111.562  +0.004062  -0.001110  0.188  0.000  0.519  T  d2
  6758   2111.875  -0.000746  -0.000079  0.188  0.000  0.519  T  d0
  6759   2112.188  -0.000221  -0.000127  0.188  0.000  0.519  T  d0
  6760   2112.500  -0.000279  -0.000483  0.188  0.000  0.511  T  d0
  6761   2112.812  -0.000526  -0.000290  0.188  0.000  0.511  T  d2
  6762   2113.125  +0.000113  -0.000028  0.172  0.000  0.511  T  d0
  6763   2113.438  +0.000094  +0.000005  0.156  0.000  0.511  T  d3
  6764   2113.750  -0.000185  -0.000321  0.141  0.000  0.511  T  d1
  6765   2114.062  +0.000138  -0.000249  0.125  0.000  0.511  T  d0
  6766   2114.375  +0.000341  -0.000109  0.109  0.000  0.511  T  d3
  6767   2114.688  -0.000137  -0.000624  0.109  0.000  0.511  T  d1
  6768   2115.000  +0.000490  -0.000077  0.109  0.000  0.511  T  d3
  6769   2115.312  -0.000029  -0.001251  0.109  0.000  0.511  T  d1
  6770   2115.625  +0.001041  +0.000399  0.109  0.000  0.511  T  d3
  6771   2115.938  -0.001371  -0.004127  0.109  0.000  0.511  T  d3
  6772   2116.250  -0.005597  +0.003055  0.109  0.000  0.511  T  d3
  6773   2116.562  +0.002785  +0.003554  0.109  0.000  0.511  T  d2
  6774   2116.875  +0.000099  -0.001595  0.109  0.000  0.511  T  d1
  6775   2117.188  +0.001822  +0.000519  0.109  0.000  0.511  T  d3
  6776   2117.500  -0.000262  -0.002091  0.109  0.000  0.506  T  d1
  6777   2117.812  +0.002228  +0.001684  0.109  0.000  0.506  T  d2
  6778   2118.125  -0.001281  -0.003119  0.109  0.000  0.506  T  d3
  6779   2118.438  -0.004031  +0.003987  0.109  0.000  0.506  T  d2
  6780   2118.750  +0.004650  -0.001766  0.109  0.000  0.506  T  d3
  6781   2119.062  -0.006238  -0.004394  0.109  0.000  0.506  T  d2
  6782   2119.375  +0.000873  +0.002745  0.109  0.000  0.506  T  d2
  6783   2119.688  +0.000206  -0.001839  0.109  0.000  0.506  T  d2
  6784   2120.000  -0.004088  +0.003749  0.109  0.000  0.506  T  d3
  6785   2120.312  +0.002554  +0.006004  0.109  0.000  0.506  T  d3
  6786   2120.625  +0.003717  -0.000846  0.109  0.283  0.506  P  d2
  6787   2120.938  -0.003499  +0.000704  0.109  0.283  0.506  P  d2
  6788   2121.250  +0.004527  -0.000355  0.109  0.283  0.506  P  d3
  6789   2121.562  -0.000574  -0.006321  0.094  0.283  0.506  P  d2
  6790   2121.875  +0.000219  +0.003089  0.094  0.283  0.506  P  d2
  6791   2122.188  +0.000211  -0.003390  0.078  0.283  0.506  P  d2
  6792   2122.500  -0.003881  +0.004690  0.062  0.283  0.476  P  d3
  6793   2122.812  +0.002717  +0.004619  0.047  0.283  0.476  P  d3
  6794   2123.125  +0.004802  +0.000787  0.047  0.283  0.476  P  d3
  6795   2123.438  -0.000682  -0.006683  0.031  0.283  0.476  P  d2
  6796   2123.750  -0.000559  +0.002855  0.031  0.283  0.476  P  d3
  6797   2124.062  +0.002605  -0.000731  0.031  0.283  0.476  P  d3
  6798   2124.375  -0.001771  -0.004951  0.016  0.376  0.476  P  d0
  6799   2124.688  -0.001939  -0.001646  0.016  0.376  0.476  P  d2
  6800   2125.000  +0.001676  +0.004460  0.016  0.376  0.476  P  d2
  6801   2125.312  +0.000029  -0.004439  0.031  0.376  0.476  P  d3
  6802   2125.625  -0.004645  +0.001895  0.047  0.376  0.476  P  d2
  6803   2125.938  +0.005129  +0.001515  0.047  0.376  0.476  P  d3
  6804   2126.250  -0.001546  -0.005302  0.047  0.376  0.476  P  d2
  6805   2126.562  +0.000318  +0.004002  0.047  0.376  0.476  P  d2
  6806   2126.875  +0.000132  -0.001467  0.047  0.376  0.476  P  d2
  6807   2127.188  +0.000073  +0.003755  0.047  0.376  0.476  P  d2
  6808   2127.500  +0.000035  -0.004275  0.047  0.376  0.481  P  d3
  6809   2127.812  -0.006061  +0.000183  0.047  0.376  0.481  P  d2
  6810   2128.125  +0.005201  +0.000887  0.047  0.442  0.481  P  d2
  6811   2128.438  -0.004846  -0.003672  0.047  0.442  0.481  P  d3
  6812   2128.750  -0.001695  +0.003791  0.047  0.442  0.481  P  d2
  6813   2129.062  +0.002404  -0.003256  0.047  0.442  0.481  P  d2
  6814   2129.375  -0.002523  +0.002931  0.047  0.442  0.481  P  d3
  6815   2129.688  +0.005460  +0.003836  0.047  0.442  0.481  P  d2
  6816   2130.000  -0.001432  -0.004095  0.047  0.442  0.481  P  d3
  6817   2130.312  -0.003040  +0.005907  0.047  0.442  0.481  P  d2
  6818   2130.625  +0.003061  -0.001505  0.047  0.442  0.481  P  d2
  6819   2130.938  -0.001040  -0.000332  0.047  0.442  0.481  P  d2
  6820   2131.250  +0.002968  +0.000290  0.047  0.442  0.481  P  d3
  6821   2131.562  -0.003984  -0.006012  0.047  0.442  0.481  P  d3
  6822   2131.875  -0.001507  +0.005451  0.047  0.440  0.481  P  d3
  6823   2132.188  +0.004497  +0.002589  0.047  0.440  0.481  P  d2
  6824   2132.500  -0.001357  -0.001557  0.047  0.440  0.472  P  d2
  6825   2132.812  +0.002523  +0.001085  0.047  0.440  0.472  P  d2
  6826   2133.125  -0.002046  -0.003345  0.047  0.440  0.472  P  d3
  6827   2133.438  -0.004806  +0.002718  0.047  0.440  0.472  P  d2
  6828   2133.750  +0.008025  +0.001817  0.047  0.440  0.472  P  d3
  6829   2134.062  +0.001408  -0.002606  0.047  0.440  0.472  P  d2
  6830   2134.375  +0.000188  +0.001782  0.047  0.440  0.472  P  d3
  6831   2134.688  +0.004952  -0.003500  0.031  0.440  0.472  P  d3
  6832   2135.000  -0.002754  -0.005376  0.031  0.440  0.472  P  d0
  6833   2135.312  -0.001366  -0.001664  0.031  0.440  0.472  P  d0
  6834   2135.625  -0.003521  -0.002949  0.031  0.416  0.472  P  d3
  6835   2135.938  -0.004658  +0.010628  0.031  0.416  0.472  P  d2
  6836   2136.250  -0.001061  -0.004883  0.031  0.416  0.472  P  d3
  6837   2136.562  -0.005420  +0.007916  0.031  0.416  0.472  P  d3
  6838   2136.875  +0.015380  +0.004131  0.031  0.416  0.472  P  d2
  6839   2137.188  -0.008780  -0.015184  0.031  0.416  0.472  P  d3
  6840   2137.500  -0.006433  +0.011747  0.031  0.416  0.494  P  d2
  6841   2137.812  +0.020972  -0.008084  0.031  0.416  0.494  P  d2
  6842   2138.125  -0.023470  -0.004797  0.031  0.416  0.494  P  d2
  6843   2138.438  +0.019017  +0.018372  0.031  0.416  0.494  P  d3
  6844   2138.750  +0.001034  -0.028236  0.031  0.416  0.494  P  d3
  6845   2139.062  -0.023259  +0.018872  0.031  0.416  0.494  P  d3
  6846   2139.375  +0.021712  +0.005528  0.031  0.394  0.494  P  d2
  6847   2139.688  -0.014931  -0.006827  0.031  0.394  0.494  P  d3
  6848   2140.000  -0.003769  +0.018786  0.031  0.394  0.494  P  d3
  6849   2140.312  +0.019442  +0.000047  0.031  0.394  0.494  P  d3
  6850   2140.625  +0.003297  -0.017119  0.031  0.394  0.494  P  d3
  6851   2140.938  -0.009439  -0.006374  0.047  0.394  0.494  P  d2
  6852   2141.250  +0.005454  +0.004169  0.047  0.394  0.494  P  d2
  6853   2141.562  -0.002916  -0.009005  0.047  0.394  0.494  P  d2
  6854   2141.875  -0.004117  +0.012402  0.047  0.394  0.494  P  d2
  6855   2142.188  +0.006951  -0.004183  0.047  0.394  0.494  P  d2
  6856   2142.500  -0.002414  +0.002399  0.047  0.394  0.489  P  d2
  6857   2142.812  +0.012142  -0.008634  0.047  0.394  0.489  P  d2
  6858   2143.125  -0.022785  +0.002159  0.047  0.335  0.489  P  d3
  6859   2143.438  +0.013466  +0.017501  0.047  0.335  0.489  P  d2
  6860   2143.750  -0.007940  -0.022422  0.047  0.335  0.489  P  d2
  6861   2144.062  -0.004975  +0.014575  0.047  0.335  0.489  P  d2
  6862   2144.375  +0.013823  -0.019217  0.047  0.335  0.489  P  d3
  6863   2144.688  -0.026128  -0.001473  0.047  0.335  0.489  P  d3
  6864   2145.000  +0.011904  +0.026084  0.047  0.335  0.489  P  d3
  6865   2145.312  +0.013899  -0.020256  0.031  0.335  0.489  P  d3
  6866   2145.625  -0.019859  -0.000373  0.016  0.335  0.489  P  d3
  6867   2145.938  -0.001660  +0.018879  0.016  0.335  0.489  P  d3
  6868   2146.250  +0.015362  -0.001736  0.016  0.335  0.489  P  d2
  6869   2146.562  -0.007675  +0.001593  0.031  0.335  0.489  P  d3
  6870   2146.875  +0.001630  +0.009243  0.031  0.321  0.489  P  d3
  6871   2147.188  +0.012119  -0.015072  0.047  0.321  0.489  P  d2
  6872   2147.500  -0.020036  +0.003921  0.047  0.321  0.506  P  d2
  6873   2147.812  +0.018891  +0.011303  0.047  0.321  0.506  P  d3
  6874   2148.125  -0.003995  -0.020457  0.047  0.321  0.506  P  d2
  6875   2148.438  +0.000582  +0.017771  0.047  0.321  0.506  P  d2
  6876   2148.750  +0.010120  -0.017540  0.047  0.321  0.506  P  d3
  6877   2149.062  -0.016479  -0.006900  0.047  0.321  0.506  P  d3
  6878   2149.375  +0.001305  +0.013205  0.047  0.321  0.506  P  d3
  6879   2149.688  +0.012428  -0.007208  0.047  0.321  0.506  P  d2
  6880   2150.000  -0.022298  -0.000184  0.047  0.321  0.506  P  d3
  6881   2150.312  +0.013121  +0.020593  0.047  0.321  0.506  P  d3
  6882   2150.625  +0.010785  -0.013763  0.047  0.263  0.506  P  d0
  6883   2150.938  +0.003066  -0.004222  0.047  0.263  0.506  P  d3
  6884   2151.250  -0.013474  -0.003041  0.047  0.263  0.506  P  d3
  6885   2151.562  +0.004113  +0.008749  0.047  0.263  0.506  P  d2
  6886   2151.875  -0.000626  -0.016351  0.047  0.263  0.506  P  d3
  6887   2152.188  -0.018329  +0.012335  0.047  0.263  0.506  P  d3
  6888   2152.500  +0.011596  +0.002962  0.047  0.263  0.515  P  d3
  6889   2152.812  -0.008677  -0.015331  0.047  0.263  0.515  P  d3
  6890   2153.125  -0.011689  +0.014446  0.047  0.263  0.515  P  d3
  6891   2153.438  +0.026739  +0.010604  0.047  0.263  0.515  P  d3
  6892   2153.750  +0.000397  -0.008920  0.047  0.263  0.515  P  d2
  6893   2154.062  +0.000499  +0.012300  0.047  0.263  0.515  P  d2
  6894   2154.375  +0.013856  -0.022817  0.047  0.178  0.515  P  d3
  6895   2154.688  -0.030711  +0.001015  0.047  0.178  0.515  P  d3
  6896   2155.000  +0.025276  +0.024794  0.047  0.178  0.515  P  d2
  6897   2155.312  -0.002327  -0.038474  0.047  0.178  0.515  P  d3
  6898   2155.625  -0.024640  +0.024066  0.047  0.178  0.515  P  d3
  6899   2155.938  +0.018080  +0.007686  0.047  0.178  0.515  P  d3
  6900   2156.250  -0.000092  -0.021696  0.047  0.178  0.515  P  d0
  6901   2156.562  -0.005271  -0.006381  0.047  0.178  0.515  P  d2
  6902   2156.875  +0.005488  +0.009744  0.047  0.178  0.515  P  d0
  6903   2157.188  -0.003602  +0.015127  0.047  0.178  0.515  P  d2
  6904   2157.500  -0.002907  -0.010066  0.047  0.178  0.519  P  d3
  6905   2157.812  -0.015582  +0.001808  0.047  0.178  0.519  P  d2
  6906   2158.125  +0.018955  +0.006107  0.047  0.006  0.519  T  d3
  6907   2158.438  -0.008870  -0.022095  0.047  0.006  0.519  T  d2
  6908   2158.750  +0.005589  +0.035377  0.047  0.006  0.519  T  d3
  6909   2159.062  +0.037590  -0.023632  0.047  0.006  0.519  T  d3
  6910   2159.375  -0.045855  -0.036452  0.062  0.006  0.519  T  d3
  6911   2159.688  -0.017901  +0.063074  0.062  0.006  0.519  T  d3
  6912   2160.000  +0.043806  -0.011275  0.062  0.006  0.519  T  d3
  6913   2160.312  -0.026927  -0.026168  0.062  0.006  0.519  T  d3
  6914   2160.625  -0.003760  +0.031290  0.062  0.006  0.519  T  d3
  6915   2160.938  +0.024891  +0.002776  0.047  0.006  0.519  T  d3
  6916   2161.250  +0.004980  -0.020534  0.047  0.006  0.519  T  d2
  6917   2161.562  -0.003803  +0.003753  0.047  0.006  0.519  T  d1
  6918   2161.875  -0.006921  -0.014034  0.047  0.000  0.519  T  d2
  6919   2162.188  -0.004147  +0.020738  0.047  0.000  0.519  T  d2
  6920   2162.500  +0.019815  -0.018848  0.047  0.000  0.545  T  d3
  6921   2162.812  -0.035528  -0.015487  0.062  0.000  0.545  T  d2
  6922   2163.125  +0.012101  +0.025882  0.062  0.000  0.545  T  d3
  6923   2163.438  +0.007476  -0.015496  0.062  0.000  0.545  T  d2
  6924   2163.750  -0.022087  +0.017716  0.062  0.000  0.545  T  d3
  6925   2164.062  +0.027523  +0.021284  0.062  0.000  0.545  T  d3
  6926   2164.375  +0.007607  -0.039985  0.062  0.000  0.545  T  d3
  6927   2164.688  -0.032978  +0.009387  0.062  0.000  0.545  T  d3
  6928   2165.000  +0.007907  +0.022961  0.062  0.000  0.545  T  d3
  6929   2165.312  +0.011665  -0.007690  0.062  0.000  0.545  T  d3
  6930   2165.625  +0.002360  -0.018145  0.062  0.000  0.545  T  d3
  6931   2165.938  -0.013820  -0.008707  0.078  0.000  0.545  T  d2
  6932   2166.250  +0.007734  +0.016938  0.078  0.000  0.545  T  d3
  6933   2166.562  +0.014306  -0.013805  0.062  0.000  0.545  T  d2
  6934   2166.875  -0.020403  +0.002563  0.062  0.000  0.545  T  d3
  6935   2167.188  -0.000066  +0.011203  0.047  0.000  0.545  T  d1
  6936   2167.500  -0.007716  -0.000870  0.047  0.000  0.549  T  d3
  6937   2167.812  +0.012808  +0.025304  0.047  0.000  0.549  T  d2
  6938   2168.125  +0.005084  -0.039085  0.047  0.000  0.549  T  d3
  6939   2168.438  -0.031664  +0.018640  0.047  0.000  0.549  T  d3
  6940   2168.750  +0.034332  +0.023185  0.062  0.000  0.549  T  d2
  6941   2169.062  -0.010586  -0.023987  0.078  0.000  0.549  T  d0
  6942   2169.375  -0.007831  -0.003515  0.078  0.000  0.549  T  d3
  6943   2169.688  +0.001487  +0.010005  0.094  0.000  0.549  T  d3
  6944   2170.000  +0.030885  -0.012500  0.109  0.000  0.549  T  d3
  6945   2170.312  -0.016905  -0.016579  0.109  0.000  0.549  T  d2
  6946   2170.625  +0.003540  +0.031969  0.125  0.000  0.549  T  d2
  6947   2170.938  +0.005929  -0.021049  0.125  0.000  0.549  T  d3
  6948   2171.250  -0.035220  +0.007799  0.125  0.000  0.549  T  d3
  6949   2171.562  +0.016517  +0.021960  0.125  0.000  0.549  T  d3
  6950   2171.875  +0.014047  -0.018914  0.125  0.000  0.549  T  d2
  6951   2172.188  -0.005635  +0.003735  0.125  0.000  0.549  T  d1
  6952   2172.500  -0.004311  -0.006301  0.125  0.000  0.571  T  d0
  6953   2172.812  -0.010308  -0.002646  0.125  0.000  0.571  T  d3
  6954   2173.125  +0.000471  +0.012087  0.125  0.000  0.571  T  d3
  6955   2173.438  +0.021226  -0.005757  0.125  0.000  0.571  T  d3
  6956   2173.750  -0.015566  -0.020699  0.125  0.000  0.571  T  d2
  6957   2174.062  +0.002216  +0.036353  0.125  0.000  0.571  T  d3
  6958   2174.375  +0.030053  -0.023907  0.125  0.000  0.571  T  d2
  6959   2174.688  -0.026628  +0.011162  0.125  0.000  0.571  T  d2
  6960   2175.000  +0.026639  +0.010731  0.125  0.000  0.571  T  d2
  6961   2175.312  -0.017891  -0.023950  0.125  0.000  0.571  T  d3
  6962   2175.625  -0.016264  +0.005996  0.125  0.000  0.571  T  d0
  6963   2175.938  -0.002737  +0.001731  0.125  0.000  0.571  T  d2
  6964   2176.250  +0.008969  -0.016944  0.141  0.000  0.571  T  d3
  6965   2176.562  -0.024057  -0.005036  0.141  0.000  0.571  T  d3
  6966   2176.875  +0.020100  +0.037365  0.141  0.022  0.571  T  d3
  6967   2177.188  +0.034920  -0.043765  0.141  0.022  0.571  T  d3
  6968   2177.500  -0.044521  -0.000543  0.141  0.022  0.584  T  d3
  6969   2177.812  +0.008966  +0.041759  0.141  0.022  0.584  T  d3
  6970   2178.125  +0.014765  -0.000732  0.141  0.022  0.584  T  d2
  6971   2178.438  -0.011865  -0.004548  0.141  0.022  0.584  T  d0
  6972   2178.750  -0.013198  -0.003178  0.141  0.022  0.584  T  d0
  6973   2179.062  -0.008827  +0.004371  0.141  0.022  0.584  T  d2
  6974   2179.375  +0.013787  +0.000075  0.125  0.022  0.584  T  d0
  6975   2179.688  +0.010377  +0.003313  0.125  0.022  0.584  T  d0
  6976   2180.000  +0.005419  +0.000334  0.125  0.022  0.584  T  d3
  6977   2180.312  -0.000839  -0.008522  0.125  0.022  0.584  T  d0
  6978   2180.625  +0.005968  -0.015617  0.125  0.057  0.584  T  d3
  6979   2180.938  -0.010248  +0.002057  0.125  0.057  0.584  T  d3
  6980   2181.250  -0.000437  +0.023927  0.125  0.057  0.584  T  d3
  6981   2181.562  +0.021241  -0.000345  0.125  0.057  0.584  T  d3
  6982   2181.875  +0.000563  -0.038139  0.125  0.057  0.584  T  d3
  6983   2182.188  -0.033163  +0.002878  0.125  0.057  0.584  T  d3
  6984   2182.500  +0.006890  +0.026004  0.125  0.057  0.575  T  d3
  6985   2182.812  +0.010947  -0.001758  0.109  0.057  0.575  T  d2
  6986   2183.125  -0.006074  +0.003039  0.109  0.057  0.575  T  d3
  6987   2183.438  +0.001546  +0.006454  0.109  0.057  0.575  T  d2
  6988   2183.750  +0.001800  -0.017694  0.109  0.057  0.575  T  d3
  6989   2184.062  -0.019483  -0.018089  0.109  0.057  0.575  T  d3
  6990   2184.375  -0.005011  +0.023340  0.109  0.059  0.575  T  d3
  6991   2184.688  +0.027375  -0.007085  0.109  0.059  0.575  T  d3
  6992   2185.000  -0.009034  -0.010713  0.109  0.059  0.575  T  d2
  6993   2185.312  +0.002045  +0.037832  0.109  0.059  0.575  T  d2
  6994   2185.625  +0.016025  -0.019708  0.109  0.059  0.575  T  d3
  6995   2185.938  -0.022790  -0.006437  0.094  0.059  0.575  T  d0
  6996   2186.250  -0.000445  +0.000128  0.094  0.059  0.575  T  d3
  6997   2186.562  -0.006190  +0.013018  0.094  0.059  0.575  T  d3
  6998   2186.875  +0.016817  -0.001534  0.094  0.059  0.575  T  d2
  6999   2187.188  -0.015429  -0.010486  0.094  0.059  0.575  T  d3
  7000   2187.500  -0.018185  +0.018853  0.094  0.059  0.554  T  d3
  7001   2187.812  +0.036211  +0.008837  0.109  0.059  0.554  T  d3
  7002   2188.125  +0.019480  -0.034180  0.125  0.056  0.554  T  d3
  7003   2188.438  -0.028245  +0.005437  0.125  0.056  0.554  T  d3
  7004   2188.750  +0.005212  +0.011086  0.109  0.056  0.554  T  d2
  7005   2189.062  -0.004658  -0.010067  0.094  0.056  0.554  T  d3
  7006   2189.375  -0.002955  +0.004519  0.094  0.056  0.554  T  d3
  7007   2189.688  +0.013143  +0.005909  0.078  0.056  0.554  T  d3
  7008   2190.000  -0.000609  -0.010725  0.062  0.056  0.554  T  d3
  7009   2190.312  -0.013878  +0.008604  0.062  0.056  0.554  T  d3
  7010   2190.625  +0.003813  +0.007379  0.047  0.056  0.554  T  d1
  7011   2190.938  -0.016676  +0.001903  0.047  0.056  0.554  T  d2
  7012   2191.250  +0.018979  +0.012792  0.047  0.056  0.554  T  d2
  7013   2191.562  -0.011708  -0.027878  0.047  0.056  0.554  T  d2
  7014   2191.875  -0.000360  +0.020371  0.047  0.055  0.554  T  d3
  7015   2192.188  +0.022206  -0.020127  0.047  0.055  0.554  T  d3
  7016   2192.500  -0.015096  -0.004745  0.047  0.055  0.554  T  d3
  7017   2192.812  +0.006385  +0.022167  0.047  0.055  0.554  T  d3
  7018   2193.125  +0.026502  +0.012971  0.047  0.055  0.554  T  d3
  7019   2193.438  +0.005440  -0.030234  0.047  0.055  0.554  T  d3
  7020   2193.750  -0.020810  +0.003263  0.062  0.055  0.554  T  d3
  7021   2194.062  +0.013472  +0.011081  0.078  0.055  0.554  T  d2
  7022   2194.375  -0.013199  -0.016709  0.094  0.055  0.554  T  d2
  7023   2194.688  +0.002988  +0.029350  0.109  0.055  0.554  T  d3
  7024   2195.000  +0.024463  +0.014445  0.109  0.055  0.554  T  d3
  7025   2195.312  +0.026270  -0.008259  0.109  0.055  0.554  T  d3
  7026   2195.625  -0.028786  -0.039008  0.109  0.053  0.554  T  d1
  7027   2195.938  +0.002252  -0.001558  0.125  0.053  0.554  T  d3
  7028   2196.250  -0.003644  -0.061604  0.109  0.053  0.554  T  d3
  7029   2196.562  -0.044459  +0.011720  0.109  0.053  0.554  T  d1
  7030   2196.875  -0.000425  -0.009462  0.109  0.053  0.554  T  d2
  7031   2197.188  -0.011565  +0.020571  0.109  0.053  0.554  T  d3
  7032   2197.500  +0.033524  -0.003660  0.125  0.053  0.549  T  d0
  7033   2197.812  +0.022181  -0.026560  0.125  0.053  0.549  T  d0
  7034   2198.125  +0.004981  -0.008373  0.125  0.053  0.549  T  d3
  7035   2198.438  -0.006983  -0.014590  0.125  0.053  0.549  T  d2
  7036   2198.750  +0.016654  +0.026262  0.141  0.053  0.549  T  d2
  7037   2199.062  -0.020511  -0.047303  0.141  0.053  0.549  T  d3
  7038   2199.375  -0.088372  +0.051569  0.141  0.040  0.549  T  d3
  7039   2199.688  +0.025151  +0.022547  0.141  0.040  0.549  T  d2
  7040   2200.000  -0.092118  -0.007532  0.156  0.040  0.549  T  d3
  7041   2200.312  -0.055973  +0.068161  0.156  0.040  0.549  T  d2
  7042   2200.625  +0.009103  -0.023689  0.156  0.040  0.549  T  d3
  7043   2200.938  -0.073965  -0.072474  0.172  0.040  0.549  T  d3
  7044   2201.250  -0.035393  +0.034556  0.172  0.040  0.549  T  d1
  7045   2201.562  -0.013639  -0.081348  0.172  0.040  0.549  T  d3
  7046   2201.875  -0.049572  +0.054771  0.172  0.040  0.549  T  d3
  7047   2202.188  +0.068950  +0.038760  0.188  0.040  0.549  T  d3
  7048   2202.500  +0.017298  -0.006595  0.188  0.040  0.545  T  d1
  7049   2202.812  +0.011819  +0.175934  0.188  0.040  0.545  T  d3
  7050   2203.125  +0.140468  +0.090927  0.188  0.024  0.545  T  d1
  7051   2203.438  +0.009054  +0.222073  0.203  0.024  0.545  T  d0
  7052   2203.750  +0.114875  +0.180141  0.203  0.024  0.545  T  d0
  7053   2204.062  +0.024119  +0.372898  0.203  0.024  0.545  T  d0
  7054   2204.375  +0.067866  +0.173936  0.203  0.024  0.545  T  d0
  7055   2204.688  -0.047581  +0.609909  0.203  0.024  0.545  T  d3
  7056   2205.000  +0.253313  -0.070983  0.219  0.024  0.545  T  d2
  7057   2205.312  -0.955308  +1.387049  0.234  0.024  0.545  T  d2
  7058   2205.625  +2.503986  -4.645744  0.250  0.024  0.545  T  d0
  7059   2205.938  +0.784472  -3.166793  0.250  0.024  0.545  T  d2
  7060   2206.250  -0.183831  +1.599478  0.250  0.024  0.545  T  d1
  7061   2206.562  -0.652781  -0.130500  0.250  0.024  0.545  T  d2
  7062   2206.875  +0.818700  +0.220086  0.250  0.016  0.545  T  d1
  7063   2207.188  -3.456111  +2.340758  0.250  0.016  0.545  T  d0
  7064   2207.500  -4.292150  +4.275416  0.266  0.016  0.524  T  d2
  7065   2207.812  +0.787111  -0.776793  0.250  0.016  0.524  T  d2
  7066   2208.125  -1.179904  +0.986308  0.234  0.016  0.524  T  d2
  7067   2208.438  +4.652035  -4.813495  0.250  0.016  0.524  T  d0
  7068   2208.750  +0.441391  -1.446689  0.250  0.016  0.524  T  d2
  7069   2209.062  -0.458009  +1.022517  0.250  0.016  0.524  T  d1
  7070   2209.375  -0.552553  -0.937352  0.250  0.016  0.524  T  d2
  7071   2209.688  +4.831102  +5.145794  0.266  0.016  0.524  T  d0
  7072   2210.000  +1.531684  +0.600519  0.266  0.016  0.524  T  d1
  7073   2210.312  -0.285991  +0.471376  0.266  0.016  0.524  T  d1
  7074   2210.625  -1.092522  -1.171259  0.266  0.007  0.524  T  d0
  7075   2210.938  -5.976581  -3.215320  0.281  0.007  0.524  T  d2
  7076   2211.250  +1.174686  +0.681821  0.281  0.007  0.524  T  d1
  7077   2211.562  -0.837887  +0.620781  0.281  0.007  0.524  T  d2
  7078   2211.875  +1.297614  -1.041761  0.281  0.007  0.524  T  d0
  7079   2212.188  +3.446012  -5.758828  0.281  0.007  0.524  T  d2
  7080   2212.500  -0.906503  +1.154676  0.281  0.007  0.511  T  d2
  7081   2212.812  +0.644020  -1.018014  0.281  0.007  0.511  T  d2
  7082   2213.125  -3.044509  +4.921358  0.281  0.007  0.511  T  d0
  7083   2213.438  -1.197889  +3.371750  0.281  0.007  0.511  T  d2
  7084   2213.750  +0.153813  -1.460839  0.281  0.007  0.511  T  d2
  7085   2214.062  +0.058551  +0.288308  0.266  0.007  0.511  T  d2
  7086   2214.375  +0.082589  -0.513429  0.250  0.000  0.511  T  d1
  7087   2214.688  +0.373999  -0.204389  0.234  0.000  0.511  T  d0
  7088   2215.000  +0.547781  -0.590290  0.234  0.000  0.511  T  d0
  7089   2215.312  +0.228165  -0.021467  0.234  0.000  0.511  T  d0
  7090   2215.625  +0.296223  -0.172290  0.250  0.000  0.511  T  d1
  7091   2215.938  -0.073388  +0.286894  0.234  0.000  0.511  T  d3
  7092   2216.250  +0.090773  +0.086149  0.234  0.000  0.511  T  d3
  7093   2216.562  +0.121857  -0.012806  0.234  0.000  0.511  T  d1
  7094   2216.875  +0.080628  +0.141817  0.234  0.000  0.511  T  d2
  7095   2217.188  -0.309562  -0.256934  0.234  0.000  0.511  T  d0
  7096   2217.500  -0.129266  -0.007721  0.219  0.000  0.506  T  d1
  7097   2217.812  +0.009034  -0.040615  0.219  0.000  0.506  T  d2
  7098   2218.125  +0.035237  +0.099019  0.219  0.000  0.506  T  d0
  7099   2218.438  +0.369851  +0.195450  0.219  0.000  0.506  T  d2
  7100   2218.750  -0.088697  -0.044180  0.203  0.000  0.506  T  d1
  7101   2219.062  +0.046445  -0.068111  0.203  0.000  0.506  T  d2
  7102   2219.375  -0.072805  +0.072348  0.203  0.000  0.506  T  d0
  7103   2219.688  -0.205055  +0.355340  0.203  0.000  0.506  T  d3
  7104   2220.000  +0.107512  -0.003333  0.203  0.000  0.506  T  d2
  7105   2220.312  -0.033728  +0.027717  0.203  0.000  0.506  T  d2
  7106   2220.625  +0.336466  -0.127215  0.203  0.000  0.506  T  d0
  7107   2220.938  +0.712565  -0.419597  0.188  0.000  0.506  T  d3
  7108   2221.250  -0.014172  -0.805050  0.203  0.000  0.506  T  d3
  7109   2221.562  -0.660323  -0.401633  0.203  0.000  0.506  T  d3
  7110   2221.875  -0.786416  +0.323352  0.203  0.000  0.506  T  d3
  7111   2222.188  -0.280911  +0.843948  0.188  0.000  0.506  T  d3
  7112   2222.500  +0.482816  +0.727184  0.203  0.000  0.558  T  d3
  7113   2222.812  +0.840909  +0.093081  0.203  0.000  0.558  T  d3
  7114   2223.125  +0.625640  -0.652483  0.203  0.000  0.558  T  d3
  7115   2223.438  -0.130228  -0.839115  0.203  0.000  0.558  T  d0
  7116   2223.750  -0.630698  -0.465547  0.203  0.000  0.558  T  d3
  7117   2224.062  -0.794936  +0.313272  0.203  0.000  0.558  T  d3
  7118   2224.375  +0.225351  +0.604079  0.203  0.000  0.558  T  d2
  7119   2224.688  +0.095320  -0.598282  0.219  0.000  0.558  T  d3
  7120   2225.000  -0.943684  -0.032674  0.203  0.000  0.558  T  d3
  7121   2225.312  -0.302090  +0.696926  0.188  0.000  0.558  T  d0
  7122   2225.625  +0.292406  +0.801840  0.172  0.000  0.558  T  d3
  7123   2225.938  +0.939834  +0.286053  0.188  0.000  0.558  T  d3
  7124   2226.250  +0.742264  -0.442375  0.188  0.000  0.558  T  d3
  7125   2226.562  +0.138291  -0.864697  0.188  0.000  0.558  T  d3
  7126   2226.875  -0.616092  -0.588754  0.188  0.000  0.558  T  d3
  7127   2227.188  -0.825533  +0.151622  0.188  0.000  0.558  T  d3
  7128   2227.500  -0.391608  +0.694304  0.172  0.000  0.571  T  d3
  7129   2227.812  +0.350186  +0.775740  0.172  0.000  0.571  T  d3
  7130   2228.125  +0.707155  +0.016230  0.172  0.000  0.571  T  d3
  7131   2228.438  +0.013773  -0.362552  0.156  0.000  0.571  T  d3
  7132   2228.750  -0.059796  +0.053726  0.156  0.000  0.571  T  d1
  7133   2229.062  -0.007271  -0.089888  0.156  0.000  0.571  T  d3
  7134   2229.375  -0.084969  +0.015598  0.156  0.000  0.571  T  d2
  7135   2229.688  +0.226966  -0.215944  0.141  0.000  0.571  T  d0
  7136   2230.000  +0.291911  -0.300223  0.141  0.000  0.571  T  d3
  7137   2230.312  -0.081393  -0.017332  0.141  0.000  0.571  T  d1
  7138   2230.625  +0.079027  -0.081781  0.141  0.000  0.571  T  d2
  7139   2230.938  -0.357561  +0.304526  0.125  0.000  0.571  T  d0
  7140   2231.250  -0.040451  +0.091451  0.125  0.000  0.571  T  d2
  7141   2231.562  +0.002391  -0.059349  0.125  0.000  0.571  T  d2
  7142   2231.875  +0.021932  +0.061133  0.125  0.000  0.571  T  d2
  7143   2232.188  -0.325046  -0.315770  0.125  0.000  0.571  T  d0
  7144   2232.500  -0.082440  -0.028631  0.141  0.000  0.562  T  d1
  7145   2232.812  +0.012358  -0.010086  0.141  0.000  0.562  T  d1
  7146   2233.125  +0.043188  +0.091134  0.141  0.000  0.562  T  d0
  7147   2233.438  +0.410355  +0.242885  0.141  0.000  0.562  T  d2
  7148   2233.750  -0.082260  -0.037158  0.125  0.000  0.562  T  d2
  7149   2234.062  +0.067124  -0.020887  0.125  0.000  0.562  T  d2
  7150   2234.375  -0.076039  +0.128694  0.125  0.000  0.562  T  d0
  7151   2234.688  -0.208557  +0.421526  0.125  0.000  0.562  T  d3
  7152   2235.000  +0.119828  +0.006777  0.141  0.000  0.562  T  d1
  7153   2235.312  +0.032881  +0.088875  0.141  0.000  0.562  T  d3
  7154   2235.625  +0.317386  -0.120723  0.125  0.000  0.562  T  d0
  7155   2235.938  +0.703425  -0.457466  0.125  0.000  0.562  T  d3
  7156   2236.250  -0.038421  -0.811197  0.141  0.000  0.562  T  d3
  7157   2236.562  -0.695184  -0.429434  0.141  0.000  0.562  T  d3
  7158   2236.875  -0.803721  +0.340230  0.141  0.000  0.562  T  d3
  7159   2237.188  -0.274369  +0.836418  0.141  0.000  0.562  T  d3
  7160   2237.500  +0.494172  +0.713754  0.156  0.000  0.545  T  d3
  7161   2237.812  +0.866590  +0.075305  0.156  0.000  0.545  T  d3
  7162   2238.125  +0.637906  -0.621605  0.156  0.000  0.545  T  d3
  7163   2238.438  -0.118339  -0.826214  0.172  0.000  0.545  T  d3
  7164   2238.750  -0.615131  -0.451405  0.172  0.000  0.545  T  d3
  7165   2239.062  -0.855808  +0.279633  0.172  0.000  0.545  T  d3
  7166   2239.375  +0.184030  +0.597058  0.172  0.000  0.545  T  d2
  7167   2239.688  +0.054089  -0.594640  0.188  0.000  0.545  T  d3
  7168   2240.000  -0.952560  -0.005134  0.172  0.000  0.545  T  d3
  7169   2240.312  -0.311515  +0.669899  0.172  0.000  0.545  T  d3
  7170   2240.625  +0.324291  +0.773396  0.172  0.000  0.545  T  d3
  7171   2240.938  +0.937682  +0.274507  0.188  0.000  0.545  T  d3
  7172   2241.250  +0.778273  -0.465693  0.172  0.000  0.545  T  d3
  7173   2241.562  +0.182894  -0.784777  0.172  0.000  0.545  T  d3
  7174   2241.875  -0.570123  -0.505624  0.172  0.000  0.545  T  d3
  7175   2242.188  -0.803065  +0.281454  0.172  0.000  0.545  T  d0
  7176   2242.500  -0.411627  +0.822250  0.172  0.000  0.541  T  d3
  7177   2242.812  +0.332972  +0.944597  0.172  0.000  0.541  T  d3
  7178   2243.125  +0.622284  +0.161150  0.172  0.000  0.541  T  d3
  7179   2243.438  -0.011028  -0.263507  0.156  0.000  0.541  T  d3
  7180   2243.750  -0.278698  +0.165607  0.172  0.000  0.541  T  d2
  7181   2244.062  +0.135150  -0.113227  0.172  0.000  0.541  T  d2
  7182   2244.375  -0.714488  +0.233841  0.172  0.013  0.541  T  d2
  7183   2244.688  +1.639995  -1.279595  0.156  0.013  0.541  T  d0
  7184   2245.000  +2.108511  -2.165300  0.172  0.013  0.541  T  d2
  7185   2245.312  -0.584312  +0.380630  0.172  0.013  0.541  T  d2
  7186   2245.625  +0.522692  -0.493876  0.172  0.013  0.541  T  d2
  7187   2245.938  -2.467404  +2.489975  0.172  0.013  0.541  T  d0
  7188   2246.250  -0.207046  +0.745051  0.172  0.013  0.541  T  d2
  7189   2246.562  +0.225382  -0.558626  0.172  0.013  0.541  T  d1
  7190   2246.875  +0.339125  +0.487794  0.172  0.013  0.541  T  d2
  7191   2247.188  -2.537583  -2.650880  0.188  0.013  0.541  T  d0
  7192   2247.500  -0.759586  -0.235679  0.188  0.013  0.541  T  d1
  7193   2247.812  +0.196756  -0.150552  0.188  0.013  0.541  T  d1
  7194   2248.125  +0.609213  +0.661530  0.188  0.007  0.541  T  d0
  7195   2248.438  +3.135697  +1.687058  0.203  0.007  0.541  T  d2
  7196   2248.750  -0.643497  -0.377888  0.203  0.007  0.541  T  d1
  7197   2249.062  +0.380717  -0.367412  0.203  0.007  0.541  T  d2
  7198   2249.375  -0.743135  +0.485252  0.203  0.007  0.541  T  d0
  7199   2249.688  -1.833389  +2.936301  0.203  0.007  0.541  T  d2
  7200   2250.000  +0.520369  -0.740428  0.219  0.007  0.541  T  d2
  7201   2250.312  -0.300166  +0.405292  0.219  0.007  0.541  T  d2
  7202   2250.625  +1.675759  -2.753293  0.234  0.007  0.541  T  d0
  7203   2250.938  +0.632095  -1.908512  0.234  0.007  0.541  T  d2
  7204   2251.250  +0.140973  +0.640424  0.234  0.007  0.541  T  d2
  7205   2251.562  -0.108366  -0.141975  0.250  0.007  0.541  T  d1
  7206   2251.875  +0.644800  +0.074562  0.250  0.013  0.541  T  d2
  7207   2252.188  -1.716344  +1.190683  0.250  0.013  0.541  T  d0
  7208   2252.500  -2.250845  +2.215944  0.234  0.013  0.541  T  d2
  7209   2252.812  +0.422361  -0.379862  0.234  0.013  0.541  T  d2
  7210   2253.125  -0.675040  +0.551042  0.234  0.013  0.541  T  d2
  7211   2253.438  +2.443528  -2.460732  0.250  0.013  0.541  T  d0
  7212   2253.750  +0.169154  -0.768025  0.250  0.013  0.541  T  d2
  7213   2254.062  -0.307031  +0.473611  0.250  0.013  0.541  T  d1
  7214   2254.375  -0.350296  -0.553666  0.250  0.013  0.541  T  d2
  7215   2254.688  +2.438182  +2.713846  0.266  0.013  0.541  T  d0
  7216   2255.000  +0.770421  +0.294484  0.250  0.013  0.541  T  d1
  7217   2255.312  -0.143460  +0.229313  0.250  0.013  0.541  T  d1
  7218   2255.625  -0.529538  -0.640190  0.250  0.006  0.541  T  d0
  7219   2255.938  -3.097307  -1.780771  0.266  0.006  0.541  T  d2
  7220   2256.250  +0.627820  +0.367629  0.250  0.006  0.541  T  d1
  7221   2256.562  -0.468372  +0.321221  0.250  0.006  0.541  T  d2
  7222   2256.875  +0.674435  -0.556371  0.250  0.006  0.541  T  d0
  7223   2257.188  +1.834535  -2.983426  0.250  0.006  0.541  T  d2
  7224   2257.500  -0.507460  +0.618342  0.234  0.006  0.494  T  d2
  7225   2257.812  +0.323889  -0.529358  0.234  0.006  0.494  T  d2
  7226   2258.125  -1.637802  +2.590103  0.234  0.006  0.494  T  d0
  7227   2258.438  -0.650286  +1.778331  0.219  0.006  0.494  T  d2
  7228   2258.750  +0.118456  -0.751127  0.234  0.006  0.494  T  d2
  7229   2259.062  +0.019671  +0.166331  0.234  0.006  0.494  T  d2
  7230   2259.375  +0.039094  -0.308748  0.234  0.009  0.494  T  d1
  7231   2259.688  +0.192960  -0.125420  0.219  0.009  0.494  T  d0
  7232   2260.000  +0.244900  -0.292168  0.219  0.009  0.494  T  d1
  7233   2260.312  +0.088121  +0.009462  0.219  0.009  0.494  T  d0
  7234   2260.625  +0.159250  -0.054223  0.234  0.009  0.494  T  d1
  7235   2260.938  -0.033435  +0.145985  0.219  0.009  0.494  T  d3
  7236   2261.250  +0.069397  +0.047236  0.219  0.009  0.494  T  d0
  7237   2261.562  +0.069408  +0.023668  0.219  0.009  0.494  T  d1
  7238   2261.875  +0.026718  +0.093985  0.219  0.009  0.494  T  d2
  7239   2262.188  -0.103406  -0.125659  0.219  0.009  0.494  T  d3
  7240   2262.500  -0.045557  +0.003693  0.203  0.009  0.502  T  d2
  7241   2262.812  +0.024021  -0.018013  0.203  0.009  0.502  T  d1
  7242   2263.125  +0.042303  +0.030504  0.203  0.000  0.502  T  d0
  7243   2263.438  +0.180669  +0.056854  0.203  0.000  0.502  T  d2
  7244   2263.750  -0.051905  -0.065443  0.188  0.000  0.502  T  d1
  7245   2264.062  +0.025436  -0.037850  0.188  0.000  0.502  T  d2
  7246   2264.375  -0.055509  +0.033070  0.188  0.000  0.502  T  d0
  7247   2264.688  -0.121346  +0.176208  0.188  0.000  0.502  T  d3
  7248   2265.000  +0.032126  -0.000659  0.188  0.000  0.502  T  d1
  7249   2265.312  -0.021028  +0.028792  0.188  0.000  0.502  T  d2
  7250   2265.625  +0.179805  -0.028728  0.188  0.000  0.502  T  d0
  7251   2265.938  +0.343518  -0.194078  0.172  0.000  0.502  T  d3
  7252   2266.250  +0.011829  -0.398398  0.188  0.000  0.502  T  d3
  7253   2266.562  -0.311233  -0.226215  0.188  0.000  0.502  T  d3
  7254   2266.875  -0.395503  +0.114229  0.188  0.000  0.502  T  d3
  7255   2267.188  -0.170923  +0.391508  0.172  0.000  0.502  T  d3
  7256   2267.500  +0.192420  +0.368097  0.188  0.000  0.554  T  d3
  7257   2267.812  +0.427089  +0.079283  0.203  0.000  0.554  T  d3
  7258   2268.125  +0.346070  -0.282768  0.203  0.000  0.554  T  d3
  7259   2268.438  -0.038916  -0.403442  0.203  0.000  0.554  T  d0
  7260   2268.750  -0.272000  -0.245298  0.203  0.000  0.554  T  d3
  7261   2269.062  -0.431439  +0.141727  0.203  0.000  0.554  T  d3
  7262   2269.375  +0.061900  +0.302328  0.203  0.000  0.554  T  d2
  7263   2269.688  +0.039657  -0.291540  0.219  0.000  0.554  T  d3
  7264   2270.000  -0.473730  -0.002980  0.203  0.000  0.554  T  d3
  7265   2270.312  -0.135006  +0.322058  0.203  0.000  0.554  T  d0
  7266   2270.625  +0.148914  +0.394059  0.188  0.003  0.554  T  d3
  7267   2270.938  +0.478708  +0.168600  0.203  0.003  0.554  T  d3
  7268   2271.250  +0.404203  -0.202571  0.203  0.003  0.554  T  d3
  7269   2271.562  +0.108707  -0.411963  0.188  0.003  0.554  T  d3
  7270   2271.875  -0.281000  -0.314189  0.188  0.003  0.554  T  d3
  7271   2272.188  -0.412242  +0.044598  0.188  0.003  0.554  T  d3
  7272   2272.500  -0.251023  +0.317733  0.188  0.003  0.541  T  d3
  7273   2272.812  +0.110974  +0.378652  0.188  0.003  0.541  T  d3
  7274   2273.125  +0.359311  +0.028660  0.188  0.003  0.541  T  d3
  7275   2273.438  +0.034455  -0.180980  0.172  0.003  0.541  T  d2
  7276   2273.750  -0.004317  +0.017244  0.188  0.003  0.541  T  d2
  7277   2274.062  +0.009482  -0.068249  0.188  0.003  0.541  T  d3
  7278   2274.375  -0.077462  -0.003224  0.188  0.019  0.541  T  d2
  7279   2274.688  +0.098469  -0.088179  0.172  0.019  0.541  T  d0
  7280   2275.000  +0.148855  -0.117867  0.172  0.019  0.541  T  d2
  7281   2275.312  -0.042798  +0.000326  0.172  0.019  0.541  T  d1
  7282   2275.625  +0.041794  -0.042653  0.172  0.019  0.541  T  d2
  7283   2275.938  -0.185995  +0.143637  0.156  0.019  0.541  T  d0
  7284   2276.250  -0.011976  +0.047762  0.156  0.019  0.541  T  d2
  7285   2276.562  +0.010236  -0.028584  0.156  0.019  0.541  T  d1
  7286   2276.875  +0.018203  +0.036128  0.156  0.019  0.541  T  d2
  7287   2277.188  -0.158001  -0.163877  0.156  0.019  0.541  T  d0
  7288   2277.500  -0.059609  -0.010764  0.172  0.019  0.562  T  d0
  7289   2277.812  -0.012446  -0.002980  0.172  0.019  0.562  T  d3
  7290   2278.125  +0.023934  +0.067302  0.172  0.037  0.562  T  d0
  7291   2278.438  +0.194071  +0.110114  0.172  0.037  0.562  T  d2
  7292   2278.750  -0.019522  -0.033919  0.156  0.037  0.562  T  d1
  7293   2279.062  +0.036179  -0.011299  0.156  0.037  0.562  T  d2
  7294   2279.375  -0.038367  +0.044261  0.156  0.037  0.562  T  d0
  7295   2279.688  -0.087498  +0.217978  0.156  0.037  0.562  T  d3
  7296   2280.000  +0.052520  +0.028452  0.172  0.037  0.562  T  d1
  7297   2280.312  -0.004393  +0.046618  0.172  0.037  0.562  T  d3
  7298   2280.625  +0.177019  -0.022925  0.156  0.037  0.562  T  d0
  7299   2280.938  +0.360705  -0.193143  0.156  0.037  0.562  T  d3
  7300   2281.250  -0.007949  -0.415888  0.172  0.037  0.562  T  d3
  7301   2281.562  -0.325430  -0.242077  0.172  0.037  0.562  T  d3
  7302   2281.875  -0.401100  +0.126839  0.172  0.027  0.562  T  d3
  7303   2282.188  -0.156019  +0.400299  0.172  0.027  0.562  T  d3
  7304   2282.500  +0.227889  +0.356896  0.188  0.027  0.571  T  d3
  7305   2282.812  +0.448661  +0.035526  0.188  0.027  0.571  T  d3
  7306   2283.125  +0.332670  -0.307855  0.188  0.027  0.571  T  d3
  7307   2283.438  -0.063007  -0.393708  0.203  0.027  0.571  T  d0
  7308   2283.750  -0.324629  -0.243190  0.203  0.027  0.571  T  d3
  7309   2284.062  -0.429966  +0.142278  0.203  0.027  0.571  T  d3
  7310   2284.375  +0.093823  +0.326769  0.203  0.027  0.571  T  d2
  7311   2284.688  +0.044896  -0.317817  0.219  0.027  0.571  T  d3
  7312   2285.000  -0.485629  -0.049317  0.203  0.027  0.571  T  d3
  7313   2285.312  -0.168503  +0.315984  0.203  0.027  0.571  T  d3
  7314   2285.625  +0.132510  +0.408557  0.203  0.004  0.571  T  d3
  7315   2285.938  +0.464583  +0.200498  0.203  0.004  0.571  T  d3
  7316   2286.250  +0.398617  -0.190792  0.188  0.004  0.571  T  d3
  7317   2286.562  +0.115088  -0.410316  0.188  0.004  0.571  T  d3
  7318   2286.875  -0.256431  -0.268923  0.188  0.004  0.571  T  d3
  7319   2287.188  -0.421049  +0.094002  0.188  0.004  0.571  T  d0
  7320   2287.500  -0.253551  +0.397207  0.172  0.004  0.545  T  d3
  7321   2287.812  +0.143893  +0.495251  0.172  0.004  0.545  T  d3
  7322   2288.125  +0.324876  +0.104660  0.188  0.004  0.545  T  d3
  7323   2288.438  +0.011223  -0.106564  0.172  0.004  0.545  T  d3
  7324   2288.750  -0.122736  +0.064930  0.172  0.004  0.545  T  d2
  7325   2289.062  +0.054030  -0.080623  0.172  0.004  0.545  T  d2
  7326   2289.375  -0.326773  +0.087997  0.172  0.012  0.545  T  d2
  7327   2289.688  +0.829891  -0.549011  0.156  0.012  0.545  T  d0
  7328   2290.000  +1.075410  -0.981517  0.156  0.012  0.545  T  d2
  7329   2290.312  -0.273179  +0.154713  0.156  0.012  0.545  T  d2
  7330   2290.625  +0.313868  -0.268786  0.156  0.012  0.545  T  d2
  7331   2290.938  -1.260002  +1.180416  0.141  0.012  0.545  T  d0
  7332   2291.250  -0.114575  +0.358863  0.141  0.012  0.545  T  d2
  7333   2291.562  +0.141654  -0.253469  0.141  0.012  0.545  T  d1
  7334   2291.875  +0.171932  +0.228567  0.141  0.012  0.545  T  d2
  7335   2292.188  -1.201464  -1.383364  0.141  0.012  0.545  T  d0
  7336   2292.500  -0.394485  -0.153238  0.141  0.012  0.549  T  d1
  7337   2292.812  +0.071105  -0.100412  0.141  0.012  0.549  T  d1
  7338   2293.125  +0.236815  +0.309706  0.141  0.042  0.549  T  d0
  7339   2293.438  +1.544630  +0.852588  0.141  0.042  0.549  T  d2
  7340   2293.750  -0.318924  -0.261051  0.125  0.042  0.549  T  d1
  7341   2294.062  +0.212426  -0.285114  0.141  0.042  0.549  T  d2
  7342   2294.375  -0.383190  +0.177854  0.141  0.042  0.549  T  d0
  7343   2294.688  -0.955084  +1.279694  0.141  0.042  0.549  T  d2
  7344   2295.000  +0.204135  -0.304695  0.141  0.042  0.549  T  d3
  7345   2295.312  -0.075150  -0.240111  0.141  0.042  0.549  T  d3
  7346   2295.625  -0.085486  +0.082572  0.141  0.042  0.549  T  d2
  7347   2295.938  +0.608907  -0.027721  0.141  0.042  0.549  T  d3
  7348   2296.250  +0.206306  -0.642119  0.141  0.042  0.549  T  d3
  7349   2296.562  -0.119375  +0.042614  0.141  0.042  0.549  T  d2
  7350   2296.875  +0.190049  +0.034979  0.156  0.057  0.549  T  d2
  7351   2297.188  -0.035355  -0.025885  0.156  0.057  0.549  T  d3
  7352   2297.500  -0.032474  +0.079409  0.141  0.057  0.571  T  d0
  7353   2297.812  -0.076626  +0.155399  0.141  0.057  0.571  T  d0
  7354   2298.125  -0.074300  +0.177678  0.141  0.057  0.571  T  d3
  7355   2298.438  +0.106494  +0.081029  0.156  0.057  0.571  T  d3
  7356   2298.750  +0.195771  -0.129843  0.156  0.057  0.571  T  d3
  7357   2299.062  -0.060939  -0.267836  0.156  0.057  0.571  T  d3
  7358   2299.375  -0.384284  +0.052383  0.156  0.057  0.571  T  d3
  7359   2299.688  +0.191650  +0.315222  0.156  0.057  0.571  T  d3
  7360   2300.000  +0.288650  -0.245377  0.141  0.057  0.571  T  d3
  7361   2300.312  -0.088720  -0.296337  0.141  0.057  0.571  T  d3
  7362   2300.625  -0.217006  -0.009873  0.141  0.061  0.571  T  d3
  7363   2300.938  +0.151568  +0.237936  0.141  0.061  0.571  T  d2
  7364   2301.250  +0.001650  -0.193289  0.125  0.061  0.571  T  d2
  7365   2301.562  -0.045654  +0.065330  0.125  0.061  0.571  T  d2
  7366   2301.875  +0.009320  -0.162189  0.125  0.061  0.571  T  d2
  7367   2302.188  -0.135823  +0.139088  0.125  0.061  0.571  T  d2
  7368   2302.500  +0.052068  -0.057698  0.109  0.061  0.571  T  d2
  7369   2302.812  -0.186966  +0.115527  0.109  0.061  0.571  T  d3
  7370   2303.125  +0.028215  +0.070811  0.125  0.061  0.571  T  d2
  7371   2303.438  -0.094765  -0.043506  0.109  0.061  0.571  T  d2
  7372   2303.750  +0.081750  +0.037953  0.125  0.061  0.571  T  d0
  7373   2304.062  +0.060730  +0.092738  0.125  0.061  0.571  T  d3
  7374   2304.375  +0.112784  -0.015562  0.125  0.097  0.571  T  d3
  7375   2304.688  -0.062005  -0.085399  0.109  0.097  0.571  T  d3
  7376   2305.000  -0.089853  +0.069679  0.109  0.097  0.571  T  d3
  7377   2305.312  -0.007454  +0.088998  0.109  0.097  0.571  T  d3
  7378   2305.625  +0.141406  -0.065552  0.109  0.097  0.571  T  d3
  7379   2305.938  -0.086298  -0.096897  0.109  0.097  0.571  T  d3
  7380   2306.250  -0.023911  +0.144992  0.109  0.097  0.571  T  d3
  7381   2306.562  +0.120198  +0.121956  0.109  0.097  0.571  T  d0
  7382   2306.875  +0.112231  +0.054505  0.109  0.097  0.571  T  d3
  7383   2307.188  +0.122580  -0.183287  0.109  0.097  0.571  T  d2
  7384   2307.500  -0.058326  +0.054967  0.109  0.097  0.601  T  d2
  7385   2307.812  +0.079593  -0.051735  0.094  0.097  0.601  T  d3
  7386   2308.125  +0.028918  -0.220348  0.078  0.096  0.601  T  d0
  7387   2308.438  -0.074627  -0.104297  0.078  0.096  0.601  T  d2
  7388   2308.750  +0.025023  +0.091653  0.078  0.096  0.601  T  d2
  7389   2309.062  +0.082825  -0.194738  0.078  0.096  0.601  T  d3
  7390   2309.375  -0.274556  -0.184648  0.094  0.096  0.601  T  d3
  7391   2309.688  -0.335045  +0.127080  0.094  0.096  0.601  T  d3
  7392   2310.000  +0.045085  +0.280149  0.094  0.096  0.601  T  d3
  7393   2310.312  +0.082563  +0.026215  0.094  0.096  0.601  T  d2
  7394   2310.625  -0.084405  +0.020035  0.094  0.096  0.601  T  d2
  7395   2310.938  +0.115218  +0.009103  0.094  0.096  0.601  T  d3
  7396   2311.250  -0.006690  -0.042798  0.094  0.096  0.601  T  d2
  7397   2311.562  -0.009956  +0.101202  0.094  0.096  0.601  T  d3
  7398   2311.875  +0.124021  +0.079940  0.094  0.085  0.601  T  d2
  7399   2312.188  -0.030491  -0.093544  0.094  0.085  0.601  T  d3
  7400   2312.500  -0.075179  +0.010412  0.094  0.085  0.601  T  d2
  7401   2312.812  +0.098814  +0.012652  0.094  0.085  0.601  T  d0
  7402   2313.125  +0.130902  -0.079951  0.094  0.085  0.601  T  d2
  7403   2313.438  -0.093787  +0.020594  0.094  0.085  0.601  T  d0
  7404   2313.750  -0.177684  +0.135509  0.094  0.085  0.601  T  d3
  7405   2314.062  +0.093261  +0.173113  0.094  0.085  0.601  T  d3
  7406   2314.375  +0.233302  -0.173184  0.094  0.085  0.601  T  d3
  7407   2314.688  -0.050309  -0.229282  0.094  0.085  0.601  T  d3
  7408   2315.000  -0.183693  -0.007149  0.094  0.085  0.601  T  d3
  7409   2315.312  +0.032060  +0.161214  0.094  0.085  0.601  T  d3
  7410   2315.625  +0.100989  -0.088084  0.094  0.061  0.601  T  d3
  7411   2315.938  -0.102998  -0.013880  0.094  0.061  0.601  T  d3
  7412   2316.250  +0.041161  +0.077832  0.094  0.061  0.601  T  d3
  7413   2316.562  +0.109839  -0.074977  0.094  0.061  0.601  T  d3
  7414   2316.875  -0.102803  -0.146974  0.078  0.061  0.601  T  d3
  7415   2317.188  -0.124395  +0.202024  0.078  0.061  0.601  T  d3
  7416   2317.500  +0.052598  +0.092834  0.078  0.061  0.605  T  d3
  7417   2317.812  +0.105201  -0.000931  0.078  0.061  0.605  T  d3
  7418   2318.125  -0.099257  -0.145451  0.078  0.061  0.605  T  d3
  7419   2318.438  -0.112012  +0.204400  0.062  0.061  0.605  T  d3
  7420   2318.750  +0.206485  -0.006742  0.062  0.061  0.605  T  d3
  7421   2319.062  +0.014859  -0.046657  0.062  0.061  0.605  T  d0
  7422   2319.375  +0.071228  -0.098271  0.062  0.058  0.605  T  d3
  7423   2319.688  -0.109629  -0.034506  0.062  0.058  0.605  T  d3
  7424   2320.000  +0.038022  +0.084569  0.062  0.058  0.605  T  d2
  7425   2320.312  +0.030112  -0.113023  0.062  0.058  0.605  T  d3
  7426   2320.625  -0.048158  -0.036917  0.062  0.058  0.605  T  d3
  7427   2320.938  -0.052929  +0.097014  0.062  0.058  0.605  T  d3
  7428   2321.250  +0.174026  +0.083918  0.062  0.058  0.605  T  d3
  7429   2321.562  -0.002135  -0.205096  0.062  0.058  0.605  T  d3
  7430   2321.875  -0.186602  -0.003219  0.062  0.058  0.605  T  d3
  7431   2322.188  +0.028087  +0.103849  0.062  0.058  0.605  T  d2
  7432   2322.500  +0.043915  -0.084968  0.062  0.058  0.631  T  d3
  7433   2322.812  -0.118521  +0.019722  0.062  0.058  0.631  T  d3
  7434   2323.125  +0.041135  +0.114206  0.047  0.066  0.631  T  d3
  7435   2323.438  +0.058553  -0.096104  0.047  0.066  0.631  T  d3
  7436   2323.750  -0.055336  +0.009725  0.031  0.066  0.631  T  d0
  7437   2324.062  -0.054494  +0.074180  0.047  0.066  0.631  T  d3
  7438   2324.375  +0.039396  +0.036232  0.062  0.066  0.631  T  d3
  7439   2324.688  +0.087827  -0.097902  0.062  0.066  0.631  T  d3
  7440   2325.000  -0.054470  -0.120862  0.062  0.066  0.631  T  d3
  7441   2325.312  -0.109858  +0.064898  0.062  0.066  0.631  T  d3
  7442   2325.625  +0.080859  +0.120631  0.062  0.066  0.631  T  d1
  7443   2325.938  -0.026356  +0.002797  0.062  0.066  0.631  T  d3
  7444   2326.250  +0.005577  +0.144984  0.062  0.066  0.631  T  d3
  7445   2326.562  +0.141467  -0.103166  0.062  0.066  0.631  T  d3
  7446   2326.875  -0.083907  -0.196394  0.078  0.060  0.631  T  d3
  7447   2327.188  -0.106565  +0.057487  0.078  0.060  0.631  T  d3
  7448   2327.500  +0.048767  +0.157404  0.078  0.060  0.670  T  d3
  7449   2327.812  +0.075201  -0.045469  0.078  0.060  0.670  T  d3
  7450   2328.125  -0.076765  -0.082321  0.078  0.060  0.670  T  d2
  7451   2328.438  -0.002256  +0.128624  0.078  0.060  0.670  T  d3
  7452   2328.750  +0.096866  +0.000440  0.078  0.060  0.670  T  d2
  7453   2329.062  -0.052585  -0.036284  0.078  0.060  0.670  T  d2
  7454   2329.375  +0.087858  +0.133110  0.062  0.060  0.670  T  d3
  7455   2329.688  +0.043255  -0.199451  0.062  0.060  0.670  T  d3
  7456   2330.000  -0.246590  +0.008861  0.078  0.060  0.670  T  d3
  7457   2330.312  +0.159993  +0.180375  0.078  0.060  0.670  T  d3
  7458   2330.625  +0.157779  -0.157299  0.078  0.039  0.670  T  d3
  7459   2330.938  -0.118358  -0.116721  0.078  0.039  0.670  T  d3
  7460   2331.250  -0.134652  +0.088690  0.094  0.039  0.670  T  d3
  7461   2331.562  +0.159970  +0.081881  0.094  0.039  0.670  T  d3
  7462   2331.875  +0.098870  -0.133426  0.094  0.039  0.670  T  d3
  7463   2332.188  -0.145250  -0.069897  0.094  0.039  0.670  T  d3
  7464   2332.500  -0.059850  +0.105597  0.094  0.039  0.678  T  d3
  7465   2332.812  +0.105809  +0.099234  0.094  0.039  0.678  T  d3
  7466   2333.125  -0.000611  -0.091192  0.094  0.039  0.678  T  d3
  7467   2333.438  -0.087651  +0.019108  0.094  0.039  0.678  T  d1
  7468   2333.750  +0.000090  -0.042334  0.094  0.039  0.678  T  d0
  7469   2334.062  -0.012022  -0.041183  0.078  0.039  0.678  T  d0
  7470   2334.375  +0.013958  -0.067068  0.078  0.063  0.678  T  d3
  7471   2334.688  -0.101403  +0.064551  0.078  0.063  0.678  T  d3
  7472   2335.000  +0.114797  +0.084326  0.078  0.063  0.678  T  d3
  7473   2335.312  +0.026850  -0.115159  0.078  0.063  0.678  T  d2
  7474   2335.625  -0.106739  +0.083265  0.078  0.063  0.678  T  d3
  7475   2335.938  +0.036112  +0.055389  0.078  0.063  0.678  T  d2
  7476   2336.250  -0.005457  -0.048592  0.078  0.063  0.678  T  d3
  7477   2336.562  -0.014172  +0.003739  0.078  0.063  0.678  T  d0
  7478   2336.875  -0.040233  +0.035359  0.078  0.063  0.678  T  d3
  7479   2337.188  +0.020059  +0.054952  0.078  0.063  0.678  T  d3
  7480   2337.500  +0.129663  -0.070954  0.078  0.063  0.644  T  d3
  7481   2337.812  -0.058282  -0.038932  0.078  0.063  0.644  T  d3
  7482   2338.125  -0.101344  +0.043524  0.078  0.030  0.644  T  d3
  7483   2338.438  -0.006812  +0.076138  0.078  0.030  0.644  T  d3
  7484   2338.750  +0.138696  -0.019281  0.078  0.030  0.644  T  d3
  7485   2339.062  +0.016264  -0.025365  0.078  0.030  0.644  T  d2
  7486   2339.375  -0.001024  +0.031511  0.078  0.030  0.644  T  d2
  7487   2339.688  -0.016870  -0.053414  0.078  0.030  0.644  T  d0
  7488   2340.000  +0.002485  -0.057927  0.078  0.030  0.644  T  d3
  7489   2340.312  -0.016864  -0.016022  0.078  0.030  0.644  T  d1
  7490   2340.625  +0.003315  -0.007968  0.094  0.030  0.644  T  d3
  7491   2340.938  -0.041325  +0.009121  0.094  0.030  0.644  T  d0
  7492   2341.250  -0.054414  +0.067722  0.094  0.030  0.644  T  d3
  7493   2341.562  +0.088622  +0.086951  0.094  0.030  0.644  T  d3
  7494   2341.875  +0.061784  -0.084453  0.094  0.052  0.644  T  d3
  7495   2342.188  -0.117976  -0.095818  0.094  0.052  0.644  T  d3
  7496   2342.500  -0.085357  +0.096235  0.094  0.052  0.605  T  d3
  7497   2342.812  +0.121381  +0.085771  0.094  0.052  0.605  T  d3
  7498   2343.125  +0.029022  -0.111505  0.094  0.052  0.605  T  d2
  7499   2343.438  -0.050822  +0.055060  0.094  0.052  0.605  T  d2
  7500   2343.750  +0.122779  -0.020484  0.094  0.052  0.605  T  d3
  7501   2344.062  -0.083191  -0.156119  0.094  0.052  0.605  T  d3
  7502   2344.375  -0.163370  +0.102479  0.094  0.052  0.605  T  d3
  7503   2344.688  +0.095813  +0.177549  0.094  0.052  0.605  T  d3
  7504   2345.000  +0.152141  +0.011593  0.094  0.052  0.605  T  d3
  7505   2345.312  +0.076109  -0.123937  0.094  0.052  0.605  T  d3
  7506   2345.625  -0.137937  -0.096905  0.094  0.041  0.605  T  d3
  7507   2345.938  -0.021195  +0.043676  0.094  0.041  0.605  T  d2
  7508   2346.250  +0.032555  -0.016436  0.109  0.041  0.605  T  d2
  7509   2346.562  -0.034206  -0.003579  0.125  0.041  0.605  T  d1
  7510   2346.875  +0.006728  -0.033124  0.109  0.041  0.605  T  d3
  7511   2347.188  -0.072484  +0.004595  0.125  0.041  0.605  T  d3
  7512   2347.500  -0.001123  +0.090262  0.141  0.041  0.571  T  d3
  7513   2347.812  +0.053734  +0.021221  0.156  0.041  0.571  T  d3
  7514   2348.125  +0.025928  -0.112294  0.156  0.041  0.571  T  d3
  7515   2348.438  -0.112802  -0.000442  0.156  0.041  0.571  T  d3
  7516   2348.750  +0.008323  +0.172650  0.172  0.041  0.571  T  d3
  7517   2349.062  +0.144104  -0.039893  0.172  0.041  0.571  T  d3
  7518   2349.375  -0.025160  -0.070087  0.172  0.048  0.571  T  d3
  7519   2349.688  -0.044621  +0.001674  0.172  0.048  0.571  T  d3
  7520   2350.000  -0.006626  +0.022211  0.172  0.048  0.571  T  d3
  7521   2350.312  +0.050206  +0.015340  0.172  0.048  0.571  T  d0
  7522   2350.625  +0.060657  -0.010454  0.188  0.048  0.571  T  d2
  7523   2350.938  -0.078744  -0.044023  0.203  0.048  0.571  T  d3
  7524   2351.250  -0.041214  +0.051962  0.188  0.048  0.571  T  d2
  7525   2351.562  +0.072783  -0.054845  0.188  0.048  0.571  T  d3
  7526   2351.875  -0.069644  -0.044951  0.188  0.048  0.571  T  d3
  7527   2352.188  -0.036017  +0.056883  0.203  0.048  0.571  T  d3
  7528   2352.500  +0.105649  +0.003375  0.203  0.048  0.567  T  d3
  7529   2352.812  +0.004601  -0.178393  0.203  0.048  0.567  T  d3
  7530   2353.125  -0.180482  +0.017913  0.203  0.000  0.567  T  d3
  7531   2353.438  +0.001532  +0.203033  0.203  0.000  0.567  T  d3
  7532   2353.750  +0.035085  +0.021812  0.203  0.000  0.567  T  d0
  7533   2354.062  +0.049802  +0.027657  0.203  0.000  0.567  T  d0
  7534   2354.375  +0.051283  +0.002801  0.203  0.000  0.567  T  d1
  7535   2354.688  -0.039108  +0.045045  0.203  0.000  0.567  T  d3
  7536   2355.000  +0.036468  +0.021022  0.203  0.000  0.567  T  d3
  7537   2355.312  +0.028387  -0.081113  0.219  0.000  0.567  T  d1
  7538   2355.625  +0.053374  -0.014660  0.219  0.000  0.567  T  d3
  7539   2355.938  -0.026663  -0.095247  0.219  0.000  0.567  T  d0
  7540   2356.250  -0.071183  -0.099279  0.219  0.000  0.567  T  d0
  7541   2356.562  -0.004183  -0.025939  0.219  0.000  0.567  T  d2
  7542   2356.875  -0.005832  +0.084656  0.219  0.000  0.567  T  d0
  7543   2357.188  -0.007919  +0.074765  0.234  0.000  0.567  T  d0
  7544   2357.500  +0.013699  +0.098282  0.234  0.000  0.588  T  d0
  7545   2357.812  +0.007580  +0.041916  0.234  0.000  0.588  T  d3
  7546   2358.125  +0.092319  +0.004037  0.250  0.000  0.588  T  d3
  7547   2358.438  +0.021974  -0.073335  0.266  0.000  0.588  T  d0
  7548   2358.750  +0.020571  -0.096972  0.266  0.000  0.588  T  d3
  7549   2359.062  -0.131939  -0.144104  0.266  0.000  0.588  T  d3
  7550   2359.375  -0.106563  +0.067969  0.281  0.000  0.588  T  d3
  7551   2359.688  +0.069073  +0.069368  0.281  0.000  0.588  T  d0
  7552   2360.000  +0.051013  +0.062650  0.297  0.000  0.588  T  d2
  7553   2360.312  -0.007461  -0.038407  0.312  0.000  0.588  T  d0
  7554   2360.625  -0.019547  -0.023121  0.297  0.000  0.588  T  d0
  7555   2360.938  -0.024713  -0.064295  0.297  0.000  0.588  T  d3
  7556   2361.250  -0.051970  +0.104885  0.297  0.000  0.588  T  d3
  7557   2361.562  +0.075987  +0.110780  0.297  0.000  0.588  T  d3
  7558   2361.875  +0.048870  -0.050240  0.297  0.000  0.588  T  d0
  7559   2362.188  +0.056410  -0.052664  0.297  0.000  0.588  T  d3
  7560   2362.500  -0.033350  -0.062425  0.297  0.000  0.558  T  d3
  7561   2362.812  -0.104951  +0.047740  0.297  0.000  0.558  T  d3
  7562   2363.125  +0.027375  +0.090806  0.297  0.000  0.558  T  d3
  7563   2363.438  +0.151051  -0.019182  0.312  0.000  0.558  T  d3
  7564   2363.750  -0.000937  -0.142830  0.312  0.000  0.558  T  d3
  7565   2364.062  -0.150737  -0.024075  0.297  0.000  0.558  T  d3
  7566   2364.375  -0.078815  +0.087198  0.281  0.000  0.558  T  d3
  7567   2364.688  +0.109614  +0.123086  0.281  0.000  0.558  T  d3
  7568   2365.000  +0.111282  -0.185144  0.281  0.000  0.558  T  d0
  7569   2365.312  +0.023886  -0.130145  0.281  0.000  0.558  T  d3
  7570   2365.625  -0.196232  -0.050979  0.281  0.000  0.558  T  d3
  7571   2365.938  -0.089019  +0.245626  0.281  0.000  0.558  T  d2
  7572   2366.250  +0.179538  -0.106497  0.266  0.000  0.558  T  d3
  7573   2366.562  -0.146102  -0.057500  0.250  0.000  0.558  T  d3
  7574   2366.875  -0.067993  +0.162767  0.250  0.000  0.558  T  d0
  7575   2367.188  +0.010234  +0.127386  0.234  0.000  0.558  T  d3
  7576   2367.500  +0.107315  +0.086573  0.234  0.000  0.545  T  d2
  7577   2367.812  -0.022518  -0.098366  0.219  0.000  0.545  T  d0
  7578   2368.125  +0.052167  -0.095614  0.219  0.000  0.545  T  d0
  7579   2368.438  +0.031724  -0.139509  0.219  0.000  0.545  T  d3
  7580   2368.750  -0.095066  +0.005224  0.203  0.000  0.545  T  d3
  7581   2369.062  -0.036664  +0.097824  0.203  0.000  0.545  T  d0
  7582   2369.375  +0.000268  +0.114849  0.203  0.000  0.545  T  d3
  7583   2369.688  +0.046360  +0.038707  0.203  0.000  0.545  T  d0
  7584   2370.000  +0.017990  +0.112860  0.188  0.000  0.545  T  d0
  7585   2370.312  +0.063460  +0.077803  0.188  0.000  0.545  T  d3
  7586   2370.625  +0.091906  -0.131199  0.172  0.000  0.545  T  d3
  7587   2370.938  -0.027883  -0.127082  0.172  0.000  0.545  T  d2
  7588   2371.250  +0.036662  +0.048718  0.172  0.000  0.545  T  d3
  7589   2371.562  +0.109014  -0.089416  0.172  0.000  0.545  T  d3
  7590   2371.875  +0.014817  -0.173313  0.172  0.002  0.545  T  d3
  7591   2372.188  -0.176624  -0.118850  0.156  0.002  0.545  T  d3
  7592   2372.500  -0.174881  +0.219333  0.172  0.002  0.545  T  d3
  7593   2372.812  +0.119188  +0.224268  0.188  0.002  0.545  T  d3
  7594   2373.125  +0.051962  -0.103582  0.203  0.002  0.545  T  d0
  7595   2373.438  -0.011300  -0.044623  0.203  0.002  0.545  T  d2
  7596   2373.750  +0.052256  +0.058222  0.203  0.002  0.545  T  d3
  7597   2374.062  +0.067248  -0.100334  0.203  0.002  0.545  T  d3
  7598   2374.375  -0.074156  -0.059685  0.203  0.002  0.545  T  d2
  7599   2374.688  +0.007812  +0.063559  0.203  0.002  0.545  T  d2
  7600   2375.000  +0.041752  -0.203201  0.203  0.002  0.545  T  d3
  7601   2375.312  -0.321773  +0.027115  0.203  0.002  0.545  T  d3
  7602   2375.625  +0.170192  +0.304433  0.203  0.026  0.545  T  d3
  7603   2375.938  +0.201624  -0.207623  0.203  0.026  0.545  T  d3
  7604   2376.250  -0.159249  -0.296767  0.203  0.026  0.545  T  d3
  7605   2376.562  -0.267602  +0.110430  0.219  0.026  0.545  T  d3
  7606   2376.875  +0.000238  +0.364854  0.219  0.026  0.545  T  d3
  7607   2377.188  +0.111692  +0.060823  0.203  0.026  0.545  T  d0
  7608   2377.500  +0.223542  -0.033982  0.203  0.026  0.567  T  d3
  7609   2377.812  -0.031528  -0.216402  0.203  0.026  0.567  T  d3
  7610   2378.125  -0.304987  +0.049543  0.188  0.026  0.567  T  d3
  7611   2378.438  +0.073847  +0.388839  0.188  0.026  0.567  T  d3
  7612   2378.750  +0.384689  -0.082316  0.188  0.026  0.567  T  d3
  7613   2379.062  -0.069083  -0.399776  0.188  0.026  0.567  T  d3
  7614   2379.375  -0.186955  -0.053961  0.188  0.052  0.567  T  d3
  7615   2379.688  -0.083137  +0.151870  0.203  0.052  0.567  T  d3
  7616   2380.000  +0.092944  +0.149175  0.188  0.052  0.567  T  d3
  7617   2380.312  +0.117819  -0.061803  0.172  0.052  0.567  T  d3
  7618   2380.625  -0.110569  -0.154735  0.172  0.052  0.567  T  d0
  7619   2380.938  -0.073220  -0.030943  0.188  0.052  0.567  T  d3
  7620   2381.250  +0.033846  +0.231694  0.203  0.052  0.567  T  d3
  7621   2381.562  +0.238932  +0.072473  0.203  0.052  0.567  T  d3
  7622   2381.875  +0.079543  -0.250304  0.203  0.052  0.567  T  d3
  7623   2382.188  -0.291038  -0.088794  0.203  0.052  0.567  T  d0
  7624   2382.500  -0.191985  +0.024689  0.203  0.052  0.579  T  d0
  7625   2382.812  -0.102200  +0.119967  0.203  0.052  0.579  T  d0
  7626   2383.125  -0.068945  +0.366342  0.203  0.067  0.579  T  d3
  7627   2383.438  +0.321473  +0.170345  0.188  0.067  0.579  T  d3
  7628   2383.750  +0.364597  -0.197338  0.188  0.067  0.579  T  d3
  7629   2384.062  +0.074575  -0.388807  0.188  0.067  0.579  T  d3
  7630   2384.375  -0.273668  -0.183180  0.188  0.067  0.579  T  d3
  7631   2384.688  -0.109897  +0.074528  0.188  0.067  0.579  T  d3
  7632   2385.000  +0.122752  +0.077061  0.188  0.067  0.579  T  d0
  7633   2385.312  +0.100770  +0.069263  0.188  0.067  0.579  T  d1
  7634   2385.625  -0.129322  +0.066747  0.188  0.067  0.579  T  d3
  7635   2385.938  -0.038223  +0.152495  0.188  0.067  0.579  T  d2
  7636   2386.250  -0.019858  -0.143879  0.203  0.067  0.579  T  d0
  7637   2386.562  -0.009542  -0.113166  0.203  0.067  0.579  T  d3
  7638   2386.875  -0.225494  -0.130678  0.203  0.091  0.579  T  d3
  7639   2387.188  -0.087678  +0.158976  0.203  0.091  0.579  T  d3
  7640   2387.500  +0.301471  -0.034114  0.188  0.091  0.614  T  d2
  7641   2387.812  -0.031631  +0.007811  0.203  0.091  0.614  T  d3
  7642   2388.125  +0.015105  +0.129076  0.219  0.091  0.614  T  d0
  7643   2388.438  +0.046743  +0.116017  0.219  0.091  0.614  T  d3
  7644   2388.750  +0.216636  +0.046576  0.234  0.091  0.614  T  d3
  7645   2389.062  -0.083675  -0.167026  0.234  0.091  0.614  T  d0
  7646   2389.375  -0.175450  -0.069119  0.234  0.091  0.614  T  d0
  7647   2389.688  -0.058606  -0.068805  0.250  0.091  0.614  T  d1
  7648   2390.000  +0.069071  -0.025583  0.266  0.091  0.614  T  d3
  7649   2390.312  -0.122471  -0.166308  0.266  0.091  0.614  T  d3
  7650   2390.625  -0.036388  +0.176592  0.281  0.120  0.614  P  d0
  7651   2390.938  +0.022544  +0.074360  0.281  0.120  0.614  P  d0
  7652   2391.250  -0.008586  +0.226704  0.281  0.120  0.614  P  d3
  7653   2391.562  +0.314171  +0.012816  0.281  0.120  0.614  P  d3
  7654   2391.875  -0.122948  -0.217962  0.281  0.120  0.614  P  d3
  7655   2392.188  -0.161545  +0.150265  0.281  0.120  0.614  P  d3
  7656   2392.500  +0.107855  +0.164972  0.266  0.120  0.644  P  d3
  7657   2392.812  +0.050484  -0.163961  0.250  0.120  0.644  P  d3
  7658   2393.125  -0.064884  -0.097380  0.234  0.120  0.644  P  d2
  7659   2393.438  +0.129823  +0.057038  0.234  0.120  0.644  P  d3
  7660   2393.750  +0.143267  -0.070644  0.234  0.120  0.644  P  d2
  7661   2394.062  -0.158272  -0.049676  0.234  0.120  0.644  P  d1
  7662   2394.375  +0.041976  -0.024874  0.234  0.151  0.644  P  d3
  7663   2394.688  +0.017293  -0.174592  0.234  0.151  0.644  P  d3
  7664   2395.000  -0.105319  +0.078061  0.234  0.151  0.644  P  d3
  7665   2395.312  +0.027281  +0.140846  0.219  0.151  0.644  P  d3
  7666   2395.625  +0.027750  -0.020355  0.234  0.151  0.644  P  d3
  7667   2395.938  -0.030527  -0.037271  0.234  0.151  0.644  P  d0
  7668   2396.250  -0.089108  -0.009516  0.234  0.151  0.644  P  d3
  7669   2396.562  -0.022387  +0.046304  0.219  0.151  0.644  P  d1
  7670   2396.875  -0.057138  -0.000716  0.219  0.151  0.644  P  d3
  7671   2397.188  +0.001586  +0.018688  0.219  0.151  0.644  P  d3
  7672   2397.500  +0.075172  -0.004363  0.219  0.151  0.657  P  d0
  7673   2397.812  +0.057120  +0.007011  0.219  0.151  0.657  P  d0
  7674   2398.125  +0.038910  -0.024890  0.219  0.092  0.657  T  d3
  7675   2398.438  -0.029108  -0.049403  0.203  0.092  0.657  T  d0
  7676   2398.750  -0.046850  -0.018947  0.203  0.092  0.657  T  d1
  7677   2399.062  +0.014799  -0.010376  0.203  0.092  0.657  T  d2
  7678   2399.375  -0.032380  +0.012248  0.188  0.092  0.657  T  d0
  7679   2399.688  -0.041613  +0.052887  0.172  0.092  0.657  T  d0
  7680   2400.000  -0.039243  +0.021453  0.172  0.092  0.657  T  d3
  7681   2400.312  -0.011130  +0.064941  0.188  0.092  0.657  T  d0
  7682   2400.625  +0.024237  +0.047715  0.188  0.092  0.657  T  d0
  7683   2400.938  +0.037528  +0.012959  0.172  0.092  0.657  T  d3
  7684   2401.250  +0.109443  -0.054100  0.156  0.092  0.657  T  d3
  7685   2401.562  -0.087377  -0.086697  0.156  0.092  0.657  T  d3
  7686   2401.875  -0.011322  +0.086465  0.156  0.000  0.657  T  d3
  7687   2402.188  +0.083750  -0.029573  0.156  0.000  0.657  T  d3
  7688   2402.500  -0.054117  -0.033231  0.156  0.000  0.644  T  d3
  7689   2402.812  -0.051276  +0.027600  0.156  0.000  0.644  T  d3
  7690   2403.125  +0.094157  +0.111701  0.156  0.000  0.644  T  d3
  7691   2403.438  +0.114396  -0.100761  0.156  0.000  0.644  T  d3
  7692   2403.750  -0.101860  -0.072243  0.156  0.000  0.644  T  d3
  7693   2404.062  -0.052934  +0.072352  0.156  0.000  0.644  T  d3
  7694   2404.375  +0.058447  +0.052146  0.156  0.000  0.644  T  d3
  7695   2404.688  +0.060784  -0.081513  0.156  0.000  0.644  T  d3
  7696   2405.000  -0.084879  -0.036232  0.156  0.000  0.644  T  d1
  7697   2405.312  -0.007857  -0.039244  0.156  0.000  0.644  T  d0
  7698   2405.625  -0.028859  -0.026487  0.156  0.000  0.644  T  d3
  7699   2405.938  -0.048596  +0.045797  0.156  0.000  0.644  T  d3
  7700   2406.250  +0.063143  +0.033383  0.141  0.000  0.644  T  d3
  7701   2406.562  +0.016311  -0.072321  0.141  0.000  0.644  T  d3
  7702   2406.875  -0.107859  +0.037543  0.141  0.000  0.644  T  d3
  7703   2407.188  -0.048976  +0.116278  0.141  0.000  0.644  T  d3
  7704   2407.500  +0.091211  +0.088683  0.141  0.000  0.631  T  d3
  7705   2407.812  +0.093915  -0.055533  0.125  0.000  0.631  T  d3
  7706   2408.125  -0.017433  -0.039450  0.109  0.000  0.631  T  d1
  7707   2408.438  +0.033499  -0.004293  0.109  0.000  0.631  T  d3
  7708   2408.750  -0.051941  -0.086224  0.094  0.000  0.631  T  d3
  7709   2409.062  -0.041921  +0.004847  0.094  0.000  0.631  T  d3
  7710   2409.375  +0.047594  +0.086556  0.094  0.000  0.631  T  d3
  7711   2409.688  +0.044312  -0.018515  0.078  0.000  0.631  T  d3
  7712   2410.000  -0.054136  -0.081529  0.078  0.000  0.631  T  d0
  7713   2410.312  -0.011561  -0.009491  0.094  0.000  0.631  T  d3
  7714   2410.625  -0.024671  +0.071802  0.078  0.000  0.631  T  d3
  7715   2410.938  +0.080652  +0.028590  0.062  0.000  0.631  T  d3
  7716   2411.250  -0.021883  -0.088168  0.062  0.000  0.631  T  d3
  7717   2411.562  -0.086305  +0.077212  0.062  0.000  0.631  T  d3
  7718   2411.875  +0.057877  +0.055159  0.062  0.000  0.631  T  d3
  7719   2412.188  +0.082680  -0.083483  0.078  0.000  0.631  T  d3
  7720   2412.500  -0.058845  -0.073923  0.094  0.000  0.609  T  d3
  7721   2412.812  -0.019861  +0.034038  0.094  0.000  0.609  T  d1
  7722   2413.125  -0.024216  -0.003727  0.094  0.000  0.609  T  d3
  7723   2413.438  -0.011316  +0.062271  0.094  0.000  0.609  T  d3
  7724   2413.750  +0.047074  +0.042414  0.094  0.000  0.609  T  d2
  7725   2414.062  -0.020519  -0.050008  0.094  0.000  0.609  T  d3
  7726   2414.375  -0.031333  +0.001594  0.094  0.000  0.609  T  d2
  7727   2414.688  +0.092525  +0.038703  0.094  0.000  0.609  T  d3
  7728   2415.000  +0.027061  -0.079483  0.094  0.000  0.609  T  d3
  7729   2415.312  -0.083111  -0.014444  0.094  0.000  0.609  T  d3
  7730   2415.625  -0.002322  +0.017192  0.078  0.000  0.609  T  d3
  7731   2415.938  +0.019791  +0.003274  0.078  0.000  0.609  T  d1
  7732   2416.250  -0.000578  +0.017765  0.094  0.000  0.609  T  d3
  7733   2416.562  +0.009567  -0.005858  0.094  0.000  0.609  T  d3
  7734   2416.875  -0.012827  -0.039603  0.109  0.003  0.609  T  d2
  7735   2417.188  -0.005033  +0.018405  0.109  0.003  0.609  T  d2
  7736   2417.500  +0.020764  -0.030680  0.125  0.003  0.601  T  d3
  7737   2417.812  -0.081191  -0.021044  0.125  0.003  0.601  T  d3
  7738   2418.125  -0.047823  +0.104467  0.141  0.003  0.601  T  d3
  7739   2418.438  +0.068224  +0.032261  0.141  0.003  0.601  T  d3
  7740   2418.750  +0.039994  -0.041489  0.141  0.003  0.601  T  d3
  7741   2419.062  -0.056619  -0.009912  0.141  0.003  0.601  T  d3
  7742   2419.375  +0.000884  +0.050541  0.141  0.003  0.601  T  d3
  7743   2419.688  +0.068544  -0.037857  0.141  0.003  0.601  T  d0
  7744   2420.000  +0.005755  -0.008387  0.141  0.003  0.601  T  d0
  7745   2420.312  +0.035290  -0.016962  0.125  0.003  0.601  T  d3
  7746   2420.625  -0.030779  -0.037834  0.125  0.030  0.601  T  d3
  7747   2420.938  -0.056815  +0.004031  0.125  0.030  0.601  T  d3
  7748   2421.250  -0.020142  +0.062244  0.125  0.030  0.601  T  d3
  7749   2421.562  +0.044448  +0.054195  0.125  0.030  0.601  T  d3
  7750   2421.875  +0.011586  -0.029096  0.125  0.030  0.601  T  d0
  7751   2422.188  -0.001927  -0.033293  0.125  0.030  0.601  T  d0
  7752   2422.500  +0.002101  -0.013653  0.125  0.030  0.571  T  d3
  7753   2422.812  -0.028239  -0.035645  0.141  0.030  0.571  T  d2
  7754   2423.125  -0.002411  +0.028380  0.141  0.030  0.571  T  d3
  7755   2423.438  +0.041489  +0.016279  0.141  0.030  0.571  T  d2
  7756   2423.750  -0.011933  -0.000913  0.141  0.030  0.571  T  d2
  7757   2424.062  +0.017221  +0.011584  0.141  0.030  0.571  T  d3
  7758   2424.375  +0.030462  -0.007975  0.156  0.031  0.571  T  d3
  7759   2424.688  -0.000635  -0.057452  0.156  0.031  0.571  T  d3
  7760   2425.000  -0.080242  +0.016624  0.172  0.031  0.571  T  d3
  7761   2425.312  +0.002416  +0.083346  0.172  0.031  0.571  T  d3
  7762   2425.625  +0.032407  -0.028288  0.172  0.031  0.571  T  d3
  7763   2425.938  -0.004984  -0.043796  0.172  0.031  0.571  T  d0
  7764   2426.250  -0.003985  -0.030547  0.188  0.031  0.571  T  d3
  7765   2426.562  -0.020003  +0.005930  0.188  0.031  0.571  T  d0
  7766   2426.875  -0.015295  +0.022357  0.188  0.031  0.571  T  d2
  7767   2427.188  +0.016568  -0.007912  0.188  0.031  0.571  T  d0
  7768   2427.500  +0.010636  -0.005030  0.188  0.031  0.519  T  d2
  7769   2427.812  -0.022301  +0.006056  0.188  0.031  0.519  T  d0
  7770   2428.125  -0.042011  +0.044873  0.188  0.032  0.519  T  d3
  7771   2428.438  +0.011526  +0.032710  0.188  0.032  0.519  T  d3
  7772   2428.750  +0.048324  +0.005214  0.188  0.032  0.519  T  d3
  7773   2429.062  +0.006211  -0.007892  0.188  0.032  0.519  T  d2
  7774   2429.375  -0.030651  +0.021425  0.188  0.032  0.519  T  d2
  7775   2429.688  +0.030932  +0.004069  0.203  0.032  0.519  T  d3
  7776   2430.000  +0.005771  -0.020808  0.203  0.032  0.519  T  d2
  7777   2430.312  +0.004237  +0.026341  0.188  0.032  0.519  T  d3
  7778   2430.625  +0.043744  -0.017592  0.203  0.032  0.519  T  d3
  7779   2430.938  +0.015128  -0.037371  0.203  0.032  0.519  T  d2
  7780   2431.250  -0.004253  +0.025180  0.219  0.032  0.519  T  d3
  7781   2431.562  +0.018674  +0.013086  0.234  0.032  0.519  T  d3
  7782   2431.875  +0.047910  -0.066892  0.234  0.032  0.519  T  d3
  7783   2432.188  -0.029521  -0.055514  0.219  0.032  0.519  T  d3
  7784   2432.500  -0.041533  +0.005980  0.219  0.032  0.485  T  d0
  7785   2432.812  -0.037266  -0.012396  0.234  0.032  0.485  T  d3
  7786   2433.125  -0.017174  +0.050387  0.250  0.032  0.485  T  d3
  7787   2433.438  +0.053465  +0.010494  0.266  0.032  0.485  T  d3
  7788   2433.750  +0.009386  -0.044355  0.281  0.032  0.485  T  d3
  7789   2434.062  -0.044555  +0.000586  0.297  0.032  0.485  T  d0
  7790   2434.375  -0.014487  +0.014406  0.312  0.032  0.485  T  d2
  7791   2434.688  +0.017246  -0.010224  0.328  0.032  0.485  T  d0
  7792   2435.000  +0.021373  -0.015511  0.328  0.032  0.485  T  d3
  7793   2435.312  -0.007484  -0.021863  0.328  0.032  0.485  T  d3
  7794   2435.625  -0.054280  -0.000036  0.328  0.030  0.485  T  d3
  7795   2435.938  -0.031924  +0.054446  0.344  0.030  0.485  T  d0
  7796   2436.250  -0.020882  +0.026541  0.328  0.030  0.485  T  d3
  7797   2436.562  +0.020937  +0.010978  0.328  0.030  0.485  T  d3
  7798   2436.875  -0.001737  -0.070009  0.312  0.030  0.485  T  d2
  7799   2437.188  +0.010508  +0.043855  0.312  0.030  0.485  T  d3
  7800   2437.500  +0.044960  -0.007651  0.312  0.030  0.485  T  d3
  7801   2437.812  +0.015758  -0.034769  0.312  0.030  0.485  T  d3
  7802   2438.125  -0.009724  -0.019172  0.297  0.030  0.485  T  d3
  7803   2438.438  -0.006876  +0.005738  0.297  0.030  0.485  T  d3
  7804   2438.750  +0.054039  +0.032016  0.312  0.030  0.485  T  d3
  7805   2439.062  +0.001446  -0.049992  0.312  0.030  0.485  T  d3
  7806   2439.375  -0.079568  -0.024094  0.312  0.020  0.485  T  d0
  7807   2439.688  -0.071142  +0.001933  0.312  0.020  0.485  T  d0
  7808   2440.000  -0.107076  +0.083798  0.328  0.020  0.485  T  d3
  7809   2440.312  +0.013021  +0.064998  0.328  0.020  0.485  T  d0
  7810   2440.625  +0.026116  +0.029384  0.328  0.020  0.485  T  d2
  7811   2440.938  -0.035143  -0.041775  0.344  0.020  0.485  T  d0
  7812   2441.250  -0.077435  -0.038179  0.344  0.020  0.485  T  d0
  7813   2441.562  -0.063359  -0.054752  0.344  0.020  0.485  T  d3
  7814   2441.875  -0.020298  +0.028230  0.344  0.020  0.485  T  d3
  7815   2442.188  +0.049431  +0.047870  0.359  0.020  0.485  T  d0
  7816   2442.500  +0.057478  +0.030007  0.359  0.020  0.485  T  d0
  7817   2442.812  +0.031345  +0.083581  0.344  0.020  0.485  T  d0
  7818   2443.125  +0.146298  +0.103539  0.344  0.007  0.485  T  d0
  7819   2443.438  +0.094071  +0.194488  0.359  0.007  0.485  T  d0
  7820   2443.750  +0.071333  +0.163960  0.359  0.007  0.485  T  d0
  7821   2444.062  +0.059112  +0.453885  0.359  0.007  0.485  T  d0
  7822   2444.375  +0.079254  +0.162208  0.344  0.007  0.485  T  d0
  7823   2444.688  -0.062001  +0.667483  0.359  0.007  0.485  T  d3
  7824   2445.000  +0.273428  -0.094760  0.359  0.007  0.485  T  d2
  7825   2445.312  -0.910018  +1.519153  0.359  0.007  0.485  T  d2
  7826   2445.625  +2.285809  -5.047226  0.375  0.007  0.485  T  d0
  7827   2445.938  +0.622791  -3.373118  0.375  0.007  0.485  T  d2
  7828   2446.250  -0.056398  +1.704063  0.359  0.007  0.485  T  d1
  7829   2446.562  -0.718306  -0.123514  0.375  0.007  0.485  T  d2
  7830   2446.875  +0.881451  +0.153734  0.375  0.000  0.485  T  d1
  7831   2447.188  -3.475288  +2.710516  0.375  0.000  0.485  T  d0
  7832   2447.500  -4.208984  +4.803640  0.375  0.000  0.528  T  d2
  7833   2447.812  +0.759429  -0.865292  0.375  0.000  0.528  T  d2
  7834   2448.125  -1.143079  +1.098706  0.375  0.000  0.528  T  d2
  7835   2448.438  +4.569005  -5.360091  0.375  0.000  0.528  T  d0
  7836   2448.750  +0.348018  -1.523214  0.375  0.000  0.528  T  d2
  7837   2449.062  -0.418213  +1.110962  0.375  0.000  0.528  T  d1
  7838   2449.375  -0.614543  -0.957073  0.375  0.000  0.528  T  d2
  7839   2449.688  +5.416043  +5.071761  0.375  0.000  0.528  T  d0
  7840   2450.000  +1.620481  +0.513836  0.359  0.000  0.528  T  d1
  7841   2450.312  -0.306685  +0.510146  0.375  0.000  0.528  T  d1
  7842   2450.625  -1.207369  -1.155659  0.375  0.000  0.528  T  d0
  7843   2450.938  -6.482960  -3.007411  0.391  0.000  0.528  T  d2
  7844   2451.250  +1.295475  +0.672230  0.375  0.000  0.528  T  d1
  7845   2451.562  -0.806274  +0.743035  0.359  0.000  0.528  T  d2
  7846   2451.875  +1.276393  -1.217996  0.359  0.000  0.528  T  d0
  7847   2452.188  +3.268253  -6.256276  0.359  0.000  0.528  T  d2
  7848   2452.500  -0.894588  +1.285171  0.344  0.000  0.524  T  d2
  7849   2452.812  +0.615600  -1.105179  0.328  0.000  0.524  T  d2
  7850   2453.125  -2.901954  +5.331706  0.312  0.000  0.524  T  d0
  7851   2453.438  -1.065131  +3.620663  0.297  0.000  0.524  T  d2
  7852   2453.750  +0.097485  -1.563783  0.297  0.000  0.524  T  d2
  7853   2454.062  +0.084670  +0.305018  0.281  0.000  0.524  T  d2
  7854   2454.375  +0.077780  -0.568959  0.266  0.000  0.524  T  d0
  7855   2454.688  +0.347993  -0.265355  0.250  0.000  0.524  T  d0
  7856   2455.000  +0.494621  -0.630501  0.250  0.000  0.524  T  d1
  7857   2455.312  +0.215946  -0.015706  0.250  0.000  0.524  T  d0
  7858   2455.625  +0.282443  -0.158331  0.266  0.000  0.524  T  d1
  7859   2455.938  -0.035673  +0.304475  0.250  0.000  0.524  T  d3
  7860   2456.250  +0.120316  +0.094385  0.250  0.000  0.524  T  d0
  7861   2456.562  +0.153539  +0.007651  0.250  0.000  0.524  T  d1
  7862   2456.875  +0.075607  +0.128223  0.250  0.000  0.524  T  d2
  7863   2457.188  -0.296977  -0.265526  0.250  0.000  0.524  T  d3
  7864   2457.500  -0.089270  +0.022635  0.234  0.000  0.515  T  d2
  7865   2457.812  +0.050563  -0.025663  0.234  0.000  0.515  T  d1
  7866   2458.125  +0.031274  +0.072650  0.234  0.000  0.515  T  d3
  7867   2458.438  +0.323702  +0.125120  0.234  0.000  0.515  T  d2
  7868   2458.750  -0.130472  -0.070144  0.219  0.000  0.515  T  d1
  7869   2459.062  +0.028917  -0.031270  0.219  0.000  0.515  T  d2
  7870   2459.375  -0.048197  +0.095863  0.219  0.000  0.515  T  d0
  7871   2459.688  -0.161918  +0.319767  0.219  0.000  0.515  T  d3
  7872   2460.000  +0.092575  -0.027559  0.219  0.000  0.515  T  d0
  7873   2460.312  +0.008046  +0.001095  0.219  0.000  0.515  T  d0
  7874   2460.625  +0.309344  -0.131808  0.219  0.000  0.515  T  d0
  7875   2460.938  +0.645805  -0.416497  0.203  0.000  0.515  T  d3
  7876   2461.250  +0.006040  -0.752611  0.219  0.000  0.515  T  d3
  7877   2461.562  -0.645180  -0.382419  0.219  0.000  0.515  T  d3
  7878   2461.875  -0.769726  +0.293040  0.219  0.000  0.515  T  d3
  7879   2462.188  -0.302305  +0.833915  0.203  0.000  0.515  T  d3
  7880   2462.500  +0.409533  +0.687530  0.219  0.000  0.545  T  d3
  7881   2462.812  +0.787806  +0.058798  0.219  0.000  0.545  T  d3
  7882   2463.125  +0.610424  -0.598620  0.219  0.000  0.545  T  d3
  7883   2463.438  -0.152670  -0.779679  0.219  0.000  0.545  T  d0
  7884   2463.750  -0.544012  -0.411560  0.219  0.000  0.545  T  d3
  7885   2464.062  -0.729718  +0.307971  0.219  0.000  0.545  T  d3
  7886   2464.375  +0.202855  +0.547815  0.219  0.000  0.545  T  d2
  7887   2464.688  +0.104335  -0.559494  0.219  0.000  0.545  T  d3
  7888   2465.000  -0.897914  +0.001075  0.203  0.000  0.545  T  d3
  7889   2465.312  -0.293769  +0.660039  0.203  0.000  0.545  T  d0
  7890   2465.625  +0.296192  +0.773337  0.188  0.000  0.545  T  d3
  7891   2465.938  +0.931161  +0.282357  0.203  0.000  0.545  T  d3
  7892   2466.250  +0.727347  -0.465930  0.203  0.000  0.545  T  d3
  7893   2466.562  +0.100847  -0.829655  0.188  0.000  0.545  T  d3
  7894   2466.875  -0.610046  -0.554164  0.188  0.000  0.545  T  d3
  7895   2467.188  -0.771141  +0.131525  0.188  0.000  0.545  T  d3
  7896   2467.500  -0.353060  +0.662249  0.188  0.000  0.554  T  d3
  7897   2467.812  +0.326145  +0.731995  0.188  0.000  0.554  T  d3
  7898   2468.125  +0.661212  -0.016486  0.188  0.000  0.554  T  d3
  7899   2468.438  +0.041314  -0.317529  0.188  0.000  0.554  T  d2
  7900   2468.750  -0.057741  +0.065572  0.203  0.000  0.554  T  d2
  7901   2469.062  +0.022442  -0.114074  0.203  0.000  0.554  T  d3
  7902   2469.375  -0.064526  -0.008956  0.203  0.000  0.554  T  d1
  7903   2469.688  +0.184758  -0.252829  0.188  0.000  0.554  T  d0
  7904   2470.000  +0.216076  -0.307411  0.188  0.000  0.554  T  d2
  7905   2470.312  -0.115941  +0.045917  0.172  0.000  0.554  T  d2
  7906   2470.625  +0.052889  -0.060094  0.156  0.000  0.554  T  d2
  7907   2470.938  -0.310854  +0.311216  0.141  0.000  0.554  T  d0
  7908   2471.250  -0.013653  +0.089520  0.141  0.000  0.554  T  d2
  7909   2471.562  +0.006933  -0.053533  0.141  0.000  0.554  T  d2
  7910   2471.875  +0.035639  +0.060847  0.141  0.000  0.554  T  d2
  7911   2472.188  -0.323897  -0.302436  0.141  0.000  0.554  T  d0
  7912   2472.500  -0.087224  -0.051719  0.156  0.000  0.541  T  d1
  7913   2472.812  +0.013496  -0.011846  0.156  0.000  0.541  T  d1
  7914   2473.125  +0.021449  +0.088612  0.156  0.000  0.541  T  d0
  7915   2473.438  +0.351721  +0.230476  0.156  0.000  0.541  T  d1
  7916   2473.750  -0.058757  +0.013342  0.141  0.000  0.541  T  d2
  7917   2474.062  +0.119647  +0.058794  0.141  0.000  0.541  T  d1
  7918   2474.375  +0.003733  +0.096542  0.141  0.000  0.541  T  d0
  7919   2474.688  -0.168427  +0.353573  0.141  0.000  0.541  T  d3
  7920   2475.000  +0.083050  -0.021131  0.156  0.000  0.541  T  d2
  7921   2475.312  -0.048572  +0.029724  0.156  0.000  0.541  T  d2
  7922   2475.625  +0.254942  -0.111464  0.141  0.000  0.541  T  d0
  7923   2475.938  +0.654649  -0.411588  0.141  0.000  0.541  T  d3
  7924   2476.250  +0.001619  -0.765552  0.156  0.000  0.541  T  d3
  7925   2476.562  -0.607074  -0.402114  0.156  0.000  0.541  T  d3
  7926   2476.875  -0.763835  +0.284815  0.156  0.000  0.541  T  d3
  7927   2477.188  -0.245969  +0.791624  0.156  0.000  0.541  T  d3
  7928   2477.500  +0.467881  +0.756213  0.172  0.000  0.511  T  d3
  7929   2477.812  +0.828890  +0.064538  0.172  0.000  0.511  T  d3
  7930   2478.125  +0.593006  -0.643851  0.172  0.000  0.511  T  d3
  7931   2478.438  -0.198843  -0.824304  0.188  0.000  0.511  T  d0
  7932   2478.750  -0.642235  -0.455897  0.188  0.000  0.511  T  d3
  7933   2479.062  -0.808659  +0.329131  0.188  0.000  0.511  T  d3
  7934   2479.375  +0.165001  +0.600247  0.188  0.000  0.511  T  d2
  7935   2479.688  +0.110878  -0.560643  0.203  0.000  0.511  T  d3
  7936   2480.000  -0.859126  +0.010059  0.188  0.000  0.511  T  d3
  7937   2480.312  -0.232455  +0.619536  0.188  0.000  0.511  T  d3
  7938   2480.625  +0.334081  +0.706904  0.188  0.000  0.511  T  d3
  7939   2480.938  +0.870200  +0.267211  0.203  0.000  0.511  T  d3
  7940   2481.250  +0.698065  -0.422863  0.188  0.000  0.511  T  d3
  7941   2481.562  +0.136663  -0.735020  0.188  0.000  0.511  T  d3
  7942   2481.875  -0.568791  -0.458655  0.188  0.000  0.511  T  d3
  7943   2482.188  -0.726748  +0.277808  0.188  0.000  0.511  T  d0
  7944   2482.500  -0.351764  +0.771174  0.188  0.000  0.515  T  d3
  7945   2482.812  +0.339859  +0.837146  0.188  0.000  0.515  T  d3
  7946   2483.125  +0.597042  +0.087821  0.188  0.000  0.515  T  d3
  7947   2483.438  -0.004956  -0.242966  0.172  0.000  0.515  T  d3
  7948   2483.750  -0.234362  +0.149342  0.188  0.000  0.515  T  d2
  7949   2484.062  +0.117780  -0.130447  0.188  0.000  0.515  T  d2
  7950   2484.375  -0.684396  +0.210770  0.188  0.010  0.515  T  d2
  7951   2484.688  +1.456776  -1.186903  0.172  0.010  0.515  T  d0
  7952   2485.000  +1.885546  -1.990573  0.188  0.010  0.515  T  d2
  7953   2485.312  -0.499415  +0.352489  0.188  0.010  0.515  T  d2
  7954   2485.625  +0.511360  -0.505418  0.188  0.010  0.515  T  d2
  7955   2485.938  -2.288793  +2.391396  0.188  0.010  0.515  T  d0
  7956   2486.250  -0.198176  +0.696836  0.188  0.010  0.515  T  d2
  7957   2486.562  +0.192863  -0.505075  0.188  0.010  0.515  T  d1
  7958   2486.875  +0.352051  +0.485924  0.188  0.010  0.515  T  d2
  7959   2487.188  -2.439138  -2.487388  0.203  0.010  0.515  T  d0
  7960   2487.500  -0.713782  -0.221905  0.203  0.010  0.524  T  d1
  7961   2487.812  +0.167890  -0.147729  0.203  0.010  0.524  T  d1
  7962   2488.125  +0.567188  +0.621936  0.203  0.004  0.524  T  d0
  7963   2488.438  +3.030824  +1.553806  0.219  0.004  0.524  T  d2
  7964   2488.750  -0.592972  -0.335269  0.203  0.004  0.524  T  d1
  7965   2489.062  +0.354059  -0.388969  0.203  0.004  0.524  T  d2
  7966   2489.375  -0.705154  +0.474434  0.203  0.004  0.524  T  d0
  7967   2489.688  -1.698192  +2.815963  0.203  0.004  0.524  T  d2
  7968   2490.000  +0.453685  -0.689387  0.219  0.004  0.524  T  d2
  7969   2490.312  -0.286571  +0.425412  0.234  0.004  0.524  T  d2
  7970   2490.625  +1.554971  -2.655573  0.250  0.004  0.524  T  d0
  7971   2490.938  +0.615713  -1.825494  0.250  0.004  0.524  T  d2
  7972   2491.250  +0.153419  +0.579041  0.250  0.004  0.524  T  d2
  7973   2491.562  -0.135960  -0.147681  0.266  0.004  0.524  T  d2
  7974   2491.875  +0.593774  +0.076389  0.281  0.005  0.524  T  d2
  7975   2492.188  -1.633884  +1.162547  0.281  0.005  0.524  T  d0
  7976   2492.500  -2.043188  +2.176658  0.266  0.005  0.549  T  d2
  7977   2492.812  +0.419173  -0.357724  0.266  0.005  0.549  T  d2
  7978   2493.125  -0.642731  +0.495906  0.266  0.005  0.549  T  d2
  7979   2493.438  +2.275092  -2.405649  0.266  0.005  0.549  T  d0
  7980   2493.750  +0.153429  -0.730460  0.266  0.005  0.549  T  d2
  7981   2494.062  -0.272545  +0.466343  0.266  0.005  0.549  T  d1
  7982   2494.375  -0.343880  -0.514728  0.266  0.005  0.549  T  d2
  7983   2494.688  +2.380392  +2.510612  0.281  0.005  0.549  T  d0
  7984   2495.000  +0.709203  +0.241079  0.266  0.005  0.549  T  d1
  7985   2495.312  -0.167210  +0.221275  0.266  0.005  0.549  T  d1
  7986   2495.625  -0.551186  -0.583421  0.266  0.000  0.549  T  d0
  7987   2495.938  -3.015418  -1.610307  0.281  0.000  0.549  T  d2
  7988   2496.250  +0.591304  +0.336974  0.266  0.000  0.549  T  d1
  7989   2496.562  -0.392132  +0.301766  0.266  0.000  0.549  T  d2
  7990   2496.875  +0.678548  -0.513494  0.266  0.000  0.549  T  d0
  7991   2497.188  +1.724680  -2.862316  0.266  0.000  0.549  T  d2
  7992   2497.500  -0.492933  +0.581746  0.250  0.000  0.519  T  d2
  7993   2497.812  +0.310382  -0.479465  0.250  0.000  0.519  T  d2
  7994   2498.125  -1.499251  +2.501070  0.250  0.000  0.519  T  d0
  7995   2498.438  -0.633303  +1.701771  0.234  0.000  0.519  T  d2
  7996   2498.750  +0.054834  -0.723759  0.234  0.000  0.519  T  d2
  7997   2499.062  +0.053181  +0.152465  0.234  0.000  0.519  T  d2
  7998   2499.375  +0.074606  -0.301748  0.234  0.003  0.519  T  d1
  7999   2499.688  +0.187174  -0.093805  0.219  0.003  0.519  T  d0
  8000   2500.000  +0.251113  -0.271745  0.219  0.003  0.519  T  d0
  8001   2500.312  +0.103688  -0.039672  0.219  0.003  0.519  T  d0
  8002   2500.625  +0.143572  -0.095146  0.234  0.003  0.519  T  d2
  8003   2500.938  -0.056823  +0.144362  0.219  0.003  0.519  T  d3
  8004   2501.250  +0.033864  +0.043683  0.219  0.003  0.519  T  d0
  8005   2501.562  +0.089934  +0.011848  0.219  0.003  0.519  T  d0
  8006   2501.875  +0.058416  +0.073687  0.219  0.003  0.519  T  d2
  8007   2502.188  -0.117481  -0.112885  0.219  0.003  0.519  T  d3
  8008   2502.500  -0.037225  +0.032038  0.203  0.003  0.545  T  d2
  8009   2502.812  +0.029471  -0.036464  0.203  0.003  0.545  T  d3
  8010   2503.125  -0.008752  -0.008543  0.203  0.015  0.545  T  d2
  8011   2503.438  +0.121790  +0.075444  0.203  0.015  0.545  T  d2
  8012   2503.750  -0.097380  -0.027502  0.188  0.015  0.545  T  d1
  8013   2504.062  +0.000482  -0.024117  0.188  0.015  0.545  T  d2
  8014   2504.375  +0.010245  +0.058793  0.188  0.015  0.545  T  d0
  8015   2504.688  -0.074440  +0.166827  0.188  0.015  0.545  T  d3
  8016   2505.000  +0.048213  +0.001588  0.188  0.015  0.545  T  d1
  8017   2505.312  -0.029285  +0.041076  0.188  0.015  0.545  T  d3
  8018   2505.625  +0.153146  -0.020273  0.188  0.015  0.545  T  d0
  8019   2505.938  +0.386570  -0.174849  0.172  0.015  0.545  T  d3
  8020   2506.250  +0.050355  -0.368145  0.188  0.015  0.545  T  d3
  8021   2506.562  -0.299497  -0.288422  0.188  0.015  0.545  T  d3
  8022   2506.875  -0.413044  +0.049562  0.188  0.034  0.545  T  d3
  8023   2507.188  -0.186984  +0.408363  0.172  0.034  0.545  T  d3
  8024   2507.500  +0.206195  +0.412941  0.188  0.034  0.601  T  d3
  8025   2507.812  +0.383765  +0.097650  0.203  0.034  0.601  T  d3
  8026   2508.125  +0.325188  -0.295471  0.203  0.034  0.601  T  d3
  8027   2508.438  -0.029354  -0.423467  0.188  0.034  0.601  T  d3
  8028   2508.750  -0.294866  -0.239632  0.188  0.034  0.601  T  d3
  8029   2509.062  -0.406687  +0.148408  0.188  0.034  0.601  T  d3
  8030   2509.375  +0.093211  +0.293243  0.188  0.034  0.601  T  d2
  8031   2509.688  +0.091901  -0.287140  0.188  0.034  0.601  T  d3
  8032   2510.000  -0.428076  -0.034782  0.172  0.034  0.601  T  d3
  8033   2510.312  -0.150839  +0.326222  0.156  0.034  0.601  T  d0
  8034   2510.625  +0.093208  +0.389205  0.141  0.039  0.601  T  d3
  8035   2510.938  +0.413161  +0.162585  0.156  0.039  0.601  T  d3
  8036   2511.250  +0.373546  -0.197872  0.156  0.039  0.601  T  d3
  8037   2511.562  +0.112493  -0.378705  0.141  0.039  0.601  T  d3
  8038   2511.875  -0.244873  -0.327637  0.125  0.039  0.601  T  d3
  8039   2512.188  -0.398302  -0.016384  0.125  0.039  0.601  T  d3
  8040   2512.500  -0.243831  +0.327332  0.125  0.039  0.588  T  d3
  8041   2512.812  +0.098655  +0.422846  0.125  0.039  0.588  T  d3
  8042   2513.125  +0.317530  +0.062430  0.125  0.039  0.588  T  d3
  8043   2513.438  +0.038950  -0.143567  0.125  0.039  0.588  T  d1
  8044   2513.750  +0.015791  +0.017767  0.125  0.039  0.588  T  d3
  8045   2514.062  +0.028844  -0.084779  0.125  0.039  0.588  T  d3
  8046   2514.375  -0.071120  -0.031951  0.125  0.040  0.588  T  d1
  8047   2514.688  +0.120344  -0.112689  0.109  0.040  0.588  T  d0
  8048   2515.000  +0.160619  -0.108863  0.109  0.040  0.588  T  d2
  8049   2515.312  -0.038158  +0.010568  0.109  0.040  0.588  T  d1
  8050   2515.625  +0.016559  -0.032593  0.109  0.040  0.588  T  d2
  8051   2515.938  -0.205120  +0.139672  0.094  0.040  0.588  T  d0
  8052   2516.250  -0.015651  +0.047389  0.109  0.040  0.588  T  d2
  8053   2516.562  +0.025109  -0.025670  0.109  0.040  0.588  T  d1
  8054   2516.875  +0.018051  +0.045442  0.109  0.040  0.588  T  d2
  8055   2517.188  -0.125549  -0.179104  0.109  0.040  0.588  T  d0
  8056   2517.500  -0.035976  -0.100610  0.125  0.040  0.584  T  d0
  8057   2517.812  -0.031343  -0.024853  0.125  0.040  0.584  T  d3
  8058   2518.125  -0.040108  +0.093262  0.125  0.050  0.584  T  d3
  8059   2518.438  +0.165792  +0.168557  0.125  0.050  0.584  T  d1
  8060   2518.750  -0.011656  +0.028531  0.125  0.050  0.584  T  d3
  8061   2519.062  +0.079003  -0.005483  0.125  0.050  0.584  T  d3
  8062   2519.375  -0.001529  -0.001582  0.125  0.050  0.584  T  d3
  8063   2519.688  -0.122405  +0.192047  0.125  0.050  0.584  T  d3
  8064   2520.000  +0.025076  +0.008784  0.141  0.050  0.584  T  d1
  8065   2520.312  -0.010164  +0.028703  0.141  0.050  0.584  T  d3
  8066   2520.625  +0.156143  -0.008389  0.125  0.050  0.584  T  d0
  8067   2520.938  +0.371112  -0.154899  0.125  0.050  0.584  T  d3
  8068   2521.250  +0.018357  -0.384630  0.141  0.050  0.584  T  d3
  8069   2521.562  -0.321596  -0.227947  0.141  0.050  0.584  T  d3
  8070   2521.875  -0.389895  +0.116124  0.141  0.034  0.584  T  d3
  8071   2522.188  -0.125414  +0.355176  0.141  0.034  0.584  T  d3
  8072   2522.500  +0.219793  +0.334240  0.156  0.034  0.567  T  d3
  8073   2522.812  +0.402757  +0.030568  0.156  0.034  0.567  T  d3
  8074   2523.125  +0.303294  -0.296210  0.156  0.034  0.567  T  d3
  8075   2523.438  -0.079761  -0.378032  0.172  0.034  0.567  T  d3
  8076   2523.750  -0.310934  -0.189415  0.172  0.034  0.567  T  d3
  8077   2524.062  -0.395386  +0.152922  0.172  0.034  0.567  T  d3
  8078   2524.375  +0.123330  +0.305630  0.172  0.034  0.567  T  d2
  8079   2524.688  +0.068934  -0.321916  0.188  0.034  0.567  T  d3
  8080   2525.000  -0.451659  -0.061639  0.172  0.034  0.567  T  d3
  8081   2525.312  -0.194144  +0.291329  0.172  0.034  0.567  T  d3
  8082   2525.625  +0.087067  +0.376357  0.172  0.026  0.567  T  d3
  8083   2525.938  +0.435628  +0.193510  0.188  0.026  0.567  T  d0
  8084   2526.250  +0.383018  -0.136066  0.172  0.026  0.567  T  d3
  8085   2526.562  +0.117352  -0.384111  0.172  0.026  0.567  T  d3
  8086   2526.875  -0.225092  -0.316262  0.172  0.026  0.567  T  d3
  8087   2527.188  -0.372043  +0.104876  0.172  0.026  0.567  T  d0
  8088   2527.500  -0.238984  +0.369788  0.172  0.026  0.524  T  d3
  8089   2527.812  +0.122366  +0.483413  0.156  0.026  0.524  T  d3
  8090   2528.125  +0.309816  +0.113882  0.156  0.026  0.524  T  d3
  8091   2528.438  +0.017600  -0.120941  0.156  0.026  0.524  T  d3
  8092   2528.750  -0.139433  +0.069912  0.172  0.026  0.524  T  d2
  8093   2529.062  +0.022250  -0.055325  0.172  0.026  0.524  T  d3
  8094   2529.375  -0.368091  +0.064716  0.172  0.054  0.524  T  d2
  8095   2529.688  +0.846919  -0.540140  0.172  0.054  0.524  T  d0
  8096   2530.000  +1.109831  -0.924022  0.188  0.054  0.524  T  d2
  8097   2530.312  -0.251639  +0.152591  0.188  0.054  0.524  T  d2
  8098   2530.625  +0.247143  -0.257633  0.188  0.054  0.524  T  d2
  8099   2530.938  -1.281200  +1.077970  0.188  0.054  0.524  T  d0
  8100   2531.250  -0.130967  +0.363418  0.188  0.054  0.524  T  d2
  8101   2531.562  +0.101627  -0.231363  0.188  0.054  0.524  T  d1
  8102   2531.875  +0.159551  +0.249920  0.188  0.054  0.524  T  d2
  8103   2532.188  -1.093138  -1.364855  0.203  0.054  0.524  T  d0
  8104   2532.500  -0.344237  -0.151305  0.203  0.054  0.519  T  d1
  8105   2532.812  +0.102446  -0.067859  0.203  0.054  0.519  T  d1
  8106   2533.125  +0.232873  +0.340851  0.203  0.110  0.519  T  d0
  8107   2533.438  +1.441030  +0.898896  0.219  0.110  0.519  T  d2
  8108   2533.750  -0.282120  -0.180107  0.219  0.110  0.519  T  d1
  8109   2534.062  +0.189150  -0.157255  0.219  0.110  0.519  T  d2
  8110   2534.375  -0.380166  +0.211485  0.219  0.110  0.519  T  d0
  8111   2534.688  -0.954128  +1.333971  0.219  0.110  0.519  T  d2
  8112   2535.000  +0.256167  -0.358458  0.234  0.110  0.519  T  d2
  8113   2535.312  -0.155762  +0.150536  0.234  0.110  0.519  T  d2
  8114   2535.625  +0.894966  -1.272487  0.234  0.110  0.519  T  d0
  8115   2535.938  +0.354211  -0.882845  0.234  0.110  0.519  T  d2
  8116   2536.250  +0.047194  +0.331804  0.234  0.110  0.519  T  d2
  8117   2536.562  -0.055102  -0.053330  0.234  0.110  0.519  T  d2
  8118   2536.875  +0.317665  +0.084013  0.234  0.171  0.519  P  d2
  8119   2537.188  -0.872051  +0.484430  0.234  0.171  0.519  P  d0
  8120   2537.500  -1.161734  +0.969640  0.234  0.171  0.515  P  d2
  8121   2537.812  +0.204578  -0.149735  0.234  0.171  0.515  P  d2
  8122   2538.125  -0.313534  +0.260989  0.234  0.171  0.515  P  d2
  8123   2538.438  +1.241132  -1.072514  0.250  0.171  0.515  P  d0
  8124   2538.750  +0.111416  -0.361883  0.250  0.171  0.515  P  d2
  8125   2539.062  -0.176664  +0.194972  0.250  0.171  0.515  P  d1
  8126   2539.375  -0.176172  -0.266774  0.250  0.171  0.515  P  d2
  8127   2539.688  +1.048953  +1.362075  0.266  0.171  0.515  P  d0
  8128   2540.000  +0.363861  +0.120695  0.250  0.171  0.515  P  d1
  8129   2540.312  -0.078800  +0.098079  0.250  0.171  0.515  P  d1
  8130   2540.625  -0.211661  -0.331386  0.250  0.276  0.515  P  d0
  8131   2540.938  -1.410013  -0.934657  0.266  0.276  0.515  P  d2
  8132   2541.250  +0.306583  +0.211124  0.250  0.276  0.515  P  d1
  8133   2541.562  -0.204423  +0.149944  0.250  0.276  0.515  P  d2
  8134   2541.875  +0.367962  -0.209889  0.250  0.276  0.515  P  d0
  8135   2542.188  +0.960215  -1.298572  0.250  0.276  0.515  P  d2
  8136   2542.500  -0.312347  +0.338578  0.250  0.276  0.485  P  d2
  8137   2542.812  +0.153791  -0.164131  0.250  0.276  0.485  P  d2
  8138   2543.125  -0.899217  +1.264580  0.250  0.276  0.485  P  d0
  8139   2543.438  -0.388326  +0.903440  0.234  0.276  0.485  P  d2
  8140   2543.750  -0.047515  -0.299348  0.250  0.276  0.485  P  d2
  8141   2544.062  +0.069130  +0.087384  0.250  0.276  0.485  P  d2
  8142   2544.375  -0.275463  -0.083128  0.250  0.349  0.485  P  d1
  8143   2544.688  +0.879891  -0.521446  0.234  0.349  0.485  P  d0
  8144   2545.000  +1.133504  -0.985949  0.250  0.349  0.485  P  d2
  8145   2545.312  -0.225585  +0.126484  0.250  0.349  0.485  P  d2
  8146   2545.625  +0.330871  -0.227942  0.250  0.349  0.485  P  d2
  8147   2545.938  -1.214548  +1.101602  0.250  0.349  0.485  P  d0
  8148   2546.250  -0.133179  +0.366157  0.266  0.349  0.485  P  d2
  8149   2546.562  +0.156994  -0.194049  0.266  0.349  0.485  P  d1
  8150   2546.875  +0.173042  +0.293289  0.281  0.349  0.485  P  d2
  8151   2547.188  -1.029948  -1.371938  0.281  0.349  0.485  P  d0
  8152   2547.500  -0.322498  -0.148370  0.266  0.349  0.481  P  d1
  8153   2547.812  +0.097888  -0.102345  0.266  0.349  0.481  P  d1
  8154   2548.125  +0.226847  +0.339419  0.266  0.350  0.481  P  d0
  8155   2548.438  +1.402665  +0.966119  0.266  0.350  0.481  P  d2
  8156   2548.750  -0.300304  -0.155430  0.250  0.350  0.481  P  d1
  8157   2549.062  +0.197569  -0.141598  0.250  0.350  0.481  P  d2
  8158   2549.375  -0.334086  +0.143193  0.250  0.350  0.481  P  d0
  8159   2549.688  -0.954236  +1.202932  0.250  0.350  0.481  P  d2
  8160   2550.000  +0.245050  -0.327143  0.234  0.350  0.481  P  d2
  8161   2550.312  -0.195249  +0.172191  0.234  0.350  0.481  P  d2
  8162   2550.625  +0.956561  -1.252898  0.250  0.350  0.481  P  d0
  8163   2550.938  +0.425072  -0.918140  0.234  0.350  0.481  P  d2
  8164   2551.250  +0.073945  +0.262690  0.234  0.350  0.481  P  d2
  8165   2551.562  -0.093830  -0.115331  0.234  0.350  0.481  P  d2
  8166   2551.875  +0.242897  +0.048562  0.234  0.361  0.481  P  d2
  8167   2552.188  -0.870056  +0.537593  0.234  0.361  0.481  P  d0
  8168   2552.500  -1.100122  +1.019517  0.234  0.361  0.506  P  d2
  8169   2552.812  +0.248696  -0.126069  0.250  0.361  0.506  P  d2
  8170   2553.125  -0.331673  +0.175425  0.250  0.361  0.506  P  d2
  8171   2553.438  +1.196869  -1.094703  0.234  0.361  0.506  P  d0
  8172   2553.750  +0.013540  -0.303256  0.234  0.361  0.506  P  d3
  8173   2554.062  -0.307166  +0.220548  0.234  0.361  0.506  P  d1
  8174   2554.375  -0.297502  -0.247560  0.234  0.361  0.506  P  d2
  8175   2554.688  +0.855428  +1.301908  0.234  0.361  0.506  P  d0
  8176   2555.000  +0.205359  +0.158631  0.219  0.361  0.506  P  d2
  8177   2555.312  -0.261277  -0.193233  0.219  0.361  0.506  P  d1
  8178   2555.625  +0.016735  -0.111593  0.219  0.371  0.506  P  d0
  8179   2555.938  -0.039567  -0.195819  0.219  0.371  0.506  P  d0
  8180   2556.250  +0.082883  -0.254725  0.203  0.371  0.506  P  d3
  8181   2556.562  -0.153040  -0.258763  0.203  0.371  0.506  P  d0
  8182   2556.875  -0.092420  -0.125492  0.219  0.371  0.506  P  d3
  8183   2557.188  -0.037480  +0.119842  0.219  0.371  0.506  P  d3
  8184   2557.500  +0.074392  +0.023811  0.203  0.371  0.536  P  d3
  8185   2557.812  +0.020236  -0.043576  0.203  0.371  0.536  P  d3
  8186   2558.125  -0.063248  -0.086327  0.203  0.371  0.536  P  d3
  8187   2558.438  -0.091072  +0.145770  0.188  0.371  0.536  P  d3
  8188   2558.750  +0.135402  +0.195813  0.188  0.371  0.536  P  d3
  8189   2559.062  +0.139760  -0.094270  0.188  0.371  0.536  P  d3
  8190   2559.375  -0.116462  -0.079484  0.188  0.385  0.536  P  d3
  8191   2559.688  -0.118658  +0.098958  0.172  0.385  0.536  P  d2
  8192   2560.000  +0.070025  -0.073848  0.172  0.385  0.536  P  d3
  8193   2560.312  -0.050121  -0.064901  0.188  0.385  0.536  P  d0
  8194   2560.625  -0.093059  -0.024530  0.203  0.385  0.536  P  d3
  8195   2560.938  -0.113407  +0.141880  0.188  0.385  0.536  P  d3
  8196   2561.250  +0.104852  +0.082705  0.188  0.385  0.536  P  d3
  8197   2561.562  +0.014223  -0.104836  0.188  0.385  0.536  P  d3
  8198   2561.875  -0.082076  -0.043765  0.188  0.385  0.536  P  d0
  8199   2562.188  -0.039429  -0.047280  0.188  0.385  0.536  P  d2
  8200   2562.500  +0.093309  +0.101983  0.172  0.385  0.562  P  d0
  8201   2562.812  +0.000453  +0.135849  0.172  0.385  0.562  P  d3
  8202   2563.125  +0.095181  +0.082646  0.172  0.403  0.562  P  d3
  8203   2563.438  +0.146295  -0.123320  0.172  0.403  0.562  P  d3
  8204   2563.750  -0.074703  -0.045308  0.156  0.403  0.562  P  d3
  8205   2564.062  +0.003217  +0.098825  0.156  0.403  0.562  P  d2
  8206   2564.375  +0.018770  -0.033081  0.156  0.403  0.562  P  d3
  8207   2564.688  -0.124928  -0.131992  0.156  0.403  0.562  P  d3
  8208   2565.000  -0.010750  -0.000021  0.141  0.403  0.562  P  d2
  8209   2565.312  +0.094869  -0.018919  0.141  0.403  0.562  P  d2
  8210   2565.625  -0.132673  +0.017674  0.156  0.403  0.562  P  d3
  8211   2565.938  -0.042367  +0.158915  0.141  0.403  0.562  P  d3
  8212   2566.250  +0.204561  +0.045141  0.125  0.403  0.562  P  d3
  8213   2566.562  +0.017855  -0.147984  0.125  0.403  0.562  P  d0
  8214   2566.875  -0.053259  -0.078369  0.109  0.408  0.562  P  d2
  8215   2567.188  +0.018224  +0.043403  0.125  0.408  0.562  P  d2
  8216   2567.500  +0.004878  -0.020909  0.125  0.408  0.575  P  d3
  8217   2567.812  -0.070873  -0.042820  0.125  0.408  0.575  P  d2
  8218   2568.125  +0.053798  +0.056619  0.141  0.408  0.575  P  d3
  8219   2568.438  +0.048420  -0.021673  0.156  0.408  0.575  P  d2
  8220   2568.750  -0.118879  -0.017123  0.156  0.408  0.575  P  d3
  8221   2569.062  -0.106928  +0.122065  0.156  0.408  0.575  P  d3
  8222   2569.375  +0.002320  +0.014020  0.156  0.408  0.575  P  d3
  8223   2569.688  +0.115045  +0.008849  0.172  0.408  0.575  P  d3
  8224   2570.000  +0.088643  -0.093017  0.172  0.408  0.575  P  d0
  8225   2570.312  +0.049350  -0.115099  0.172  0.408  0.575  P  d0
  8226   2570.625  -0.052647  -0.153679  0.156  0.402  0.575  P  d3
  8227   2570.938  -0.248662  +0.157878  0.156  0.402  0.575  P  d3
  8228   2571.250  +0.002803  +0.194853  0.156  0.402  0.575  P  d3
  8229   2571.562  +0.150021  +0.065459  0.156  0.402  0.575  P  d3
  8230   2571.875  +0.072943  -0.063450  0.172  0.402  0.575  P  d3
  8231   2572.188  -0.187048  -0.102444  0.156  0.402  0.575  P  d3
  8232   2572.500  -0.005104  +0.150713  0.156  0.402  0.609  P  d3
  8233   2572.812  +0.195918  -0.108718  0.141  0.402  0.609  P  d3
  8234   2573.125  +0.004226  -0.166162  0.156  0.402  0.609  P  d3
  8235   2573.438  -0.235582  +0.066345  0.156  0.402  0.609  P  d3
  8236   2573.750  +0.021476  +0.306605  0.156  0.402  0.609  P  d3
  8237   2574.062  +0.247887  -0.057113  0.156  0.402  0.609  P  d3
  8238   2574.375  -0.056228  -0.173259  0.156  0.350  0.609  P  d3
  8239   2574.688  -0.089106  +0.070934  0.172  0.350  0.609  P  d3
  8240   2575.000  +0.021225  +0.048629  0.172  0.350  0.609  P  d3
  8241   2575.312  +0.033847  -0.003341  0.188  0.350  0.609  P  d0
  8242   2575.625  +0.070060  -0.042984  0.188  0.350  0.609  P  d3
  8243   2575.938  +0.005094  -0.030528  0.188  0.350  0.609  P  d3
  8244   2576.250  -0.024130  +0.007042  0.188  0.350  0.609  P  d3
  8245   2576.562  +0.098482  +0.057009  0.188  0.350  0.609  P  d3
  8246   2576.875  -0.001978  -0.103046  0.172  0.350  0.609  P  d0
  8247   2577.188  -0.107544  -0.108716  0.188  0.350  0.609  P  d1
  8248   2577.500  +0.020194  -0.008960  0.188  0.350  0.588  P  d2
  8249   2577.812  -0.057889  +0.013174  0.188  0.350  0.588  P  d0
  8250   2578.125  -0.062853  +0.039776  0.188  0.244  0.588  P  d0
  8251   2578.438  -0.004670  -0.000975  0.188  0.244  0.588  P  d3
  8252   2578.750  -0.017508  +0.036991  0.188  0.244  0.588  P  d3
  8253   2579.062  +0.069088  +0.097271  0.188  0.244  0.588  P  d2
  8254   2579.375  -0.039463  -0.048245  0.188  0.244  0.588  P  d0
  8255   2579.688  +0.000689  -0.019885  0.188  0.244  0.588  P  d1
  8256   2580.000  +0.032658  -0.023530  0.188  0.244  0.588  P  d1
  8257   2580.312  +0.026954  +0.054875  0.172  0.244  0.588  P  d1
  8258   2580.625  -0.007943  +0.012276  0.156  0.244  0.588  P  d2
  8259   2580.938  +0.006436  -0.009545  0.156  0.244  0.588  P  d3
  8260   2581.250  -0.047061  -0.072898  0.156  0.244  0.588  P  d3
  8261   2581.562  -0.007705  +0.025353  0.156  0.244  0.588  P  d0
  8262   2581.875  -0.051039  +0.041399  0.156  0.076  0.588  T  d3
  8263   2582.188  +0.036879  +0.072697  0.156  0.076  0.588  T  d3
  8264   2582.500  +0.147430  -0.044327  0.156  0.076  0.588  T  d3
  8265   2582.812  -0.066715  -0.079699  0.156  0.076  0.588  T  d0
  8266   2583.125  -0.037135  -0.025023  0.172  0.076  0.588  T  d3
  8267   2583.438  +0.007721  +0.076017  0.172  0.076  0.588  T  d2
  8268   2583.750  +0.005387  -0.010321  0.172  0.076  0.588  T  d3
  8269   2584.062  -0.093238  -0.052115  0.172  0.076  0.588  T  d3
  8270   2584.375  +0.010221  +0.101475  0.172  0.076  0.588  T  d0
  8271   2584.688  +0.066671  +0.083617  0.172  0.076  0.588  T  d3
  8272   2585.000  +0.013059  -0.016499  0.172  0.076  0.588  T  d0
  8273   2585.312  +0.021107  -0.066590  0.172  0.076  0.588  T  d3
  8274   2585.625  -0.025304  -0.039292  0.156  0.006  0.588  T  d2
  8275   2585.938  +0.067647  +0.061930  0.156  0.006  0.588  T  d3
  8276   2586.250  +0.094058  -0.009787  0.156  0.006  0.588  T  d2
  8277   2586.562  -0.057855  -0.046756  0.156  0.006  0.588  T  d1
  8278   2586.875  +0.029468  -0.045177  0.156  0.006  0.588  T  d0
  8279   2587.188  -0.004047  -0.080916  0.141  0.006  0.588  T  d3
  8280   2587.500  -0.025761  +0.012931  0.141  0.006  0.571  T  d1
  8281   2587.812  -0.055662  -0.053699  0.156  0.006  0.571  T  d3
  8282   2588.125  -0.117867  +0.096783  0.141  0.006  0.571  T  d3
  8283   2588.438  +0.118730  +0.058569  0.141  0.006  0.571  T  d2
  8284   2588.750  -0.082067  -0.116161  0.141  0.006  0.571  T  d3
  8285   2589.062  -0.093653  +0.035996  0.141  0.006  0.571  T  d1
  8286   2589.375  -0.013518  -0.038164  0.141  0.005  0.571  T  d2
  8287   2589.688  -0.029428  +0.097559  0.125  0.005  0.571  T  d3
  8288   2590.000  +0.182690  +0.082723  0.125  0.005  0.571  T  d3
  8289   2590.312  +0.091062  -0.068072  0.125  0.005  0.571  T  d3
  8290   2590.625  -0.071888  -0.010923  0.125  0.005  0.571  T  d3
  8291   2590.938  -0.047689  +0.040618  0.125  0.005  0.571  T  d2
  8292   2591.250  +0.023462  -0.046282  0.141  0.005  0.571  T  d3
  8293   2591.562  -0.071308  +0.013845  0.141  0.005  0.571  T  d3
  8294   2591.875  -0.013553  +0.063051  0.125  0.005  0.571  T  d3
  8295   2592.188  +0.059115  +0.089422  0.125  0.005  0.571  T  d3
  8296   2592.500  +0.073620  -0.036453  0.125  0.005  0.562  T  d3
  8297   2592.812  +0.017424  -0.097909  0.125  0.005  0.562  T  d0
  8298   2593.125  +0.039192  -0.104253  0.109  0.000  0.562  T  d3
  8299   2593.438  -0.131053  -0.080985  0.109  0.000  0.562  T  d3
  8300   2593.750  -0.138472  +0.136644  0.109  0.000  0.562  T  d3
  8301   2594.062  +0.105152  +0.045257  0.109  0.000  0.562  T  d3
  8302   2594.375  +0.029735  -0.018061  0.125  0.000  0.562  T  d1
  8303   2594.688  +0.034168  +0.052762  0.125  0.000  0.562  T  d3
  8304   2595.000  +0.046560  +0.000139  0.125  0.000  0.562  T  d2
  8305   2595.312  -0.003775  +0.001853  0.109  0.000  0.562  T  d3
  8306   2595.625  +0.027326  +0.031242  0.109  0.000  0.562  T  d3
  8307   2595.938  +0.010551  -0.067268  0.109  0.000  0.562  T  d3
  8308   2596.250  -0.094902  -0.041175  0.109  0.000  0.562  T  d2
  8309   2596.562  +0.011109  +0.005773  0.109  0.000  0.562  T  d3
  8310   2596.875  -0.014749  -0.061642  0.109  0.044  0.562  T  d3
  8311   2597.188  -0.077710  +0.005838  0.094  0.044  0.562  T  d3
  8312   2597.500  +0.022600  +0.116150  0.094  0.044  0.575  T  d0
  8313   2597.812  +0.039461  +0.050462  0.094  0.044  0.575  T  d3
  8314   2598.125  +0.062250  -0.034849  0.094  0.044  0.575  T  d0
  8315   2598.438  +0.040779  -0.081300  0.094  0.044  0.575  T  d2
  8316   2598.750  -0.010694  +0.004003  0.109  0.044  0.575  T  d1
  8317   2599.062  -0.002960  -0.051608  0.125  0.044  0.575  T  d3
  8318   2599.375  -0.137548  -0.005656  0.141  0.044  0.575  T  d3
  8319   2599.688  +0.025351  +0.084295  0.156  0.044  0.575  T  d3
  8320   2600.000  +0.106982  +0.015037  0.156  0.044  0.575  T  d3
  8321   2600.312  -0.021618  -0.068900  0.156  0.044  0.575  T  d3
  8322   2600.625  -0.123166  -0.052966  0.172  0.009  0.575  T  d3
  8323   2600.938  -0.026299  +0.084024  0.188  0.009  0.575  T  d0
  8324   2601.250  -0.016373  +0.093058  0.203  0.009  0.575  T  d3
  8325   2601.562  +0.060203  +0.078050  0.203  0.009  0.575  T  d3
  8326   2601.875  +0.102420  +0.000121  0.219  0.009  0.575  T  d3
  8327   2602.188  +0.061959  -0.110181  0.219  0.009  0.575  T  d3
  8328   2602.500  -0.059133  -0.035391  0.219  0.009  0.588  T  d1
  8329   2602.812  +0.000701  -0.029150  0.219  0.009  0.588  T  d3
  8330   2603.125  -0.025412  -0.018595  0.203  0.009  0.588  T  d3
  8331   2603.438  -0.001084  +0.077977  0.203  0.009  0.588  T  d1
  8332   2603.750  -0.027179  -0.023203  0.219  0.009  0.588  T  d2
  8333   2604.062  +0.008557  +0.033998  0.219  0.009  0.588  T  d0
  8334   2604.375  +0.035337  +0.071852  0.219  0.000  0.588  T  d0
  8335   2604.688  +0.078133  +0.042044  0.219  0.000  0.588  T  d3
  8336   2605.000  +0.084078  -0.173913  0.219  0.000  0.588  T  d3
  8337   2605.312  -0.119632  -0.062910  0.219  0.000  0.588  T  d2
  8338   2605.625  +0.028512  +0.028699  0.219  0.000  0.588  T  d3
  8339   2605.938  +0.019551  -0.099022  0.219  0.000  0.588  T  d3
  8340   2606.250  -0.125608  -0.017721  0.219  0.000  0.588  T  d3
  8341   2606.562  -0.067880  +0.059684  0.219  0.000  0.588  T  d3
  8342   2606.875  -0.006253  +0.125679  0.219  0.000  0.588  T  d3
  8343   2607.188  +0.114710  +0.024374  0.219  0.000  0.588  T  d3
  8344   2607.500  -0.019230  -0.074935  0.219  0.000  0.562  T  d2
  8345   2607.812  +0.009075  +0.087542  0.203  0.000  0.562  T  d3
  8346   2608.125  +0.095711  +0.010805  0.203  0.021  0.562  T  d3
  8347   2608.438  -0.014553  -0.126105  0.188  0.021  0.562  T  d0
  8348   2608.750  -0.029942  -0.067616  0.188  0.021  0.562  T  d0
  8349   2609.062  -0.023313  -0.067001  0.188  0.021  0.562  T  d0
  8350   2609.375  -0.063338  -0.046909  0.188  0.021  0.562  T  d0
  8351   2609.688  -0.104057  -0.023759  0.188  0.021  0.562  T  d3
  8352   2610.000  -0.161456  +0.120738  0.188  0.021  0.562  T  d3
  8353   2610.312  +0.096547  +0.183916  0.188  0.021  0.562  T  d0
  8354   2610.625  +0.001509  +0.029276  0.203  0.021  0.562  T  d0
  8355   2610.938  +0.034979  +0.043417  0.203  0.021  0.562  T  d0
  8356   2611.250  +0.091535  +0.034950  0.188  0.021  0.562  T  d3
  8357   2611.562  +0.042059  -0.024957  0.188  0.021  0.562  T  d0
  8358   2611.875  +0.049560  -0.111104  0.188  0.066  0.562  T  d3
  8359   2612.188  -0.073489  -0.054217  0.188  0.066  0.562  T  d3
  8360   2612.500  -0.045660  +0.128256  0.188  0.066  0.536  T  d3
  8361   2612.812  +0.091897  +0.037724  0.188  0.066  0.536  T  d1
  8362   2613.125  +0.002181  +0.016415  0.203  0.066  0.536  T  d3
  8363   2613.438  +0.028163  -0.027759  0.219  0.066  0.536  T  d0
  8364   2613.750  +0.050654  -0.113498  0.219  0.066  0.536  T  d2
  8365   2614.062  -0.060945  +0.027884  0.219  0.066  0.536  T  d3
  8366   2614.375  +0.002888  +0.026142  0.219  0.066  0.536  T  d2
  8367   2614.688  +0.010656  -0.083727  0.203  0.066  0.536  T  d2
  8368   2615.000  -0.015147  +0.064234  0.203  0.066  0.536  T  d3
  8369   2615.312  +0.061784  +0.001563  0.219  0.066  0.536  T  d3
  8370   2615.625  +0.064993  -0.106444  0.219  0.111  0.536  T  d3
  8371   2615.938  -0.077932  -0.047714  0.219  0.111  0.536  T  d3
  8372   2616.250  -0.121466  +0.049156  0.234  0.111  0.536  T  d3
  8373   2616.562  -0.008263  +0.125429  0.250  0.111  0.536  T  d3
  8374   2616.875  +0.095900  +0.013601  0.266  0.111  0.536  T  d3
  8375   2617.188  +0.027992  -0.084294  0.266  0.111  0.536  T  d3
  8376   2617.500  -0.063535  -0.106957  0.281  0.111  0.541  T  d3
  8377   2617.812  -0.094284  +0.088357  0.281  0.111  0.541  T  d3
  8378   2618.125  +0.088828  +0.045005  0.281  0.111  0.541  T  d2
  8379   2618.438  -0.023602  -0.012867  0.281  0.111  0.541  T  d3
  8380   2618.750  +0.027787  +0.098630  0.281  0.111  0.541  T  d3
  8381   2619.062  +0.116157  -0.027315  0.281  0.111  0.541  T  d3
  8382   2619.375  +0.034264  -0.124420  0.266  0.133  0.541  P  d3
  8383   2619.688  -0.101664  -0.036352  0.266  0.133  0.541  P  d2
  8384   2620.000  +0.049476  +0.075987  0.281  0.133  0.541  P  d2
  8385   2620.312  -0.021146  -0.060359  0.297  0.133  0.541  P  d0
  8386   2620.625  -0.077555  -0.072630  0.281  0.133  0.541  P  d3
  8387   2620.938  -0.074468  +0.053485  0.266  0.133  0.541  P  d3
  8388   2621.250  +0.060163  +0.054067  0.250  0.133  0.541  P  d3
  8389   2621.562  +0.066192  -0.072861  0.250  0.133  0.541  P  d3
  8390   2621.875  -0.077380  -0.059715  0.234  0.133  0.541  P  d3
  8391   2622.188  -0.007471  +0.008519  0.234  0.133  0.541  P  d1
  8392   2622.500  -0.042489  -0.025026  0.250  0.133  0.541  P  d3
  8393   2622.812  -0.061816  +0.058929  0.266  0.133  0.541  P  d0
  8394   2623.125  -0.093172  +0.074984  0.266  0.162  0.541  P  d0
  8395   2623.438  -0.025620  +0.167920  0.266  0.162  0.541  P  d3
  8396   2623.750  +0.111321  +0.013018  0.250  0.162  0.541  P  d1
  8397   2624.062  +0.013390  +0.021963  0.250  0.162  0.541  P  d0
  8398   2624.375  +0.046957  +0.015092  0.266  0.162  0.541  P  d3
  8399   2624.688  +0.013261  -0.064370  0.266  0.162  0.541  P  d1
  8400   2625.000  +0.078854  +0.021333  0.266  0.162  0.541  P  d0
  8401   2625.312  +0.117385  -0.065925  0.266  0.162  0.541  P  d3
  8402   2625.625  +0.025016  -0.154139  0.266  0.162  0.541  P  d3
  8403   2625.938  -0.095544  +0.034606  0.281  0.162  0.541  P  d0
  8404   2626.250  -0.045605  +0.064529  0.281  0.162  0.541  P  d0
  8405   2626.562  -0.083237  +0.055590  0.281  0.162  0.541  P  d0
  8406   2626.875  -0.042340  +0.078818  0.297  0.167  0.541  P  d3
  8407   2627.188  +0.093293  -0.010607  0.297  0.167  0.541  P  d0
  8408   2627.500  +0.064373  -0.036799  0.297  0.167  0.549  P  d3
  8409   2627.812  +0.016908  -0.095502  0.297  0.167  0.549  P  d3
  8410   2628.125  -0.066910  -0.067341  0.312  0.167  0.549  P  d2
  8411   2628.438  +0.006000  +0.066996  0.312  0.167  0.549  P  d0
  8412   2628.750  +0.025954  +0.089899  0.312  0.167  0.549  P  d0
  8413   2629.062  +0.000425  +0.048097  0.312  0.167  0.549  P  d3
  8414   2629.375  +0.062466  -0.041640  0.312  0.167  0.549  P  d0
  8415   2629.688  +0.047272  -0.055922  0.312  0.167  0.549  P  d0
  8416   2630.000  +0.004598  -0.030477  0.312  0.167  0.549  P  d0
  8417   2630.312  -0.006857  -0.130808  0.312  0.167  0.549  P  d3
  8418   2630.625  -0.163309  +0.000458  0.297  0.183  0.549  P  d3
  8419   2630.938  -0.006864  +0.159034  0.297  0.183  0.549  P  d3
  8420   2631.250  +0.196225  +0.049877  0.297  0.183  0.549  P  d3
  8421   2631.562  +0.105604  -0.157476  0.312  0.183  0.549  P  d3
  8422   2631.875  -0.189292  -0.174744  0.312  0.183  0.549  P  d3
  8423   2632.188  -0.109963  +0.093521  0.312  0.183  0.549  P  d0
  8424   2632.500  -0.030287  +0.013793  0.312  0.183  0.541  P  d0
  8425   2632.812  -0.096738  +0.018320  0.328  0.183  0.541  P  d3
  8426   2633.125  +0.011207  +0.018365  0.312  0.183  0.541  P  d3
  8427   2633.438  +0.056391  +0.013585  0.312  0.183  0.541  P  d1
  8428   2633.750  +0.020397  +0.053309  0.312  0.183  0.541  P  d1
  8429   2634.062  -0.029019  +0.047271  0.312  0.183  0.541  P  d0
  8430   2634.375  -0.011080  +0.099263  0.297  0.177  0.541  P  d3
  8431   2634.688  +0.074021  -0.028505  0.312  0.177  0.541  P  d3
  8432   2635.000  +0.010015  -0.027835  0.312  0.177  0.541  P  d1
  8433   2635.312  +0.010198  -0.000603  0.297  0.177  0.541  P  d3
  8434   2635.625  -0.008804  -0.023626  0.297  0.177  0.541  P  d0
  8435   2635.938  -0.014094  -0.014752  0.297  0.177  0.541  P  d1
  8436   2636.250  +0.023027  -0.005791  0.281  0.177  0.541  P  d1
  8437   2636.562  +0.015732  +0.023930  0.266  0.177  0.541  P  d0
  8438   2636.875  -0.000244  +0.006701  0.250  0.177  0.541  P  d1
  8439   2637.188  -0.024254  +0.019811  0.250  0.177  0.541  P  d3
  8440   2637.500  +0.027567  +0.026181  0.234  0.177  0.502  P  d3
  8441   2637.812  +0.052541  -0.033674  0.234  0.177  0.502  P  d0
  8442   2638.125  +0.011055  -0.028483  0.234  0.008  0.502  T  d3
  8443   2638.438  -0.059358  +0.024256  0.234  0.008  0.502  T  d3
  8444   2638.750  +0.016322  +0.008622  0.219  0.008  0.502  T  d3
  8445   2639.062  +0.012093  -0.049903  0.203  0.008  0.502  T  d3
  8446   2639.375  -0.009464  -0.012470  0.203  0.008  0.502  T  d2
  8447   2639.688  +0.043603  +0.017406  0.188  0.008  0.502  T  d3
  8448   2640.000  +0.016505  -0.027363  0.188  0.008  0.502  T  d3
  8449   2640.312  -0.028548  -0.009083  0.172  0.008  0.502  T  d3
  8450   2640.625  -0.018930  +0.020280  0.188  0.008  0.502  T  d3
  8451   2640.938  +0.002643  +0.029254  0.188  0.008  0.502  T  d2
  8452   2641.250  +0.008551  -0.029801  0.188  0.008  0.502  T  d0
  8453   2641.562  +0.005924  -0.053243  0.188  0.008  0.502  T  d3
  8454   2641.875  -0.022402  -0.011339  0.188  0.000  0.502  T  d2
  8455   2642.188  +0.016535  -0.001283  0.188  0.000  0.502  T  d2
  8456   2642.500  -0.029263  -0.023869  0.188  0.000  0.506  T  d0
  8457   2642.812  -0.058992  +0.003286  0.172  0.000  0.506  T  d3
  8458   2643.125  -0.025222  +0.038846  0.188  0.000  0.506  T  d0
  8459   2643.438  +0.008282  +0.056934  0.203  0.000  0.506  T  d3
  8460   2643.750  +0.047474  +0.002854  0.219  0.000  0.506  T  d3
  8461   2644.062  +0.013003  -0.032670  0.219  0.000  0.506  T  d3
  8462   2644.375  -0.026836  -0.007158  0.219  0.000  0.506  T  d0
  8463   2644.688  -0.058289  +0.028359  0.234  0.000  0.506  T  d3
  8464   2645.000  +0.055287  +0.070142  0.250  0.000  0.506  T  d3
  8465   2645.312  +0.058592  -0.067985  0.250  0.000  0.506  T  d3
  8466   2645.625  -0.058778  -0.013917  0.250  0.000  0.506  T  d2
  8467   2645.938  +0.027953  +0.015770  0.234  0.000  0.506  T  d3
  8468   2646.250  +0.013395  -0.020995  0.234  0.000  0.506  T  d1
  8469   2646.562  +0.008197  +0.003852  0.234  0.000  0.506  T  d2
  8470   2646.875  -0.006273  -0.006954  0.219  0.000  0.506  T  d3
  8471   2647.188  -0.008364  +0.004302  0.219  0.000  0.506  T  d1
  8472   2647.500  -0.019200  -0.024028  0.219  0.000  0.494  T  d3
  8473   2647.812  -0.064811  +0.030354  0.219  0.000  0.494  T  d3
  8474   2648.125  +0.042452  +0.053786  0.203  0.000  0.494  T  d2
  8475   2648.438  -0.017782  -0.044390  0.203  0.000  0.494  T  d3
  8476   2648.750  -0.025917  +0.002200  0.203  0.000  0.494  T  d2
  8477   2649.062  +0.035063  +0.019289  0.203  0.000  0.494  T  d3
  8478   2649.375  +0.024554  -0.008932  0.203  0.000  0.494  T  d1
  8479   2649.688  +0.027881  +0.018076  0.203  0.000  0.494  T  d0
  8480   2650.000  +0.015453  +0.001173  0.203  0.000  0.494  T  d2
  8481   2650.312  -0.007403  -0.005462  0.203  0.000  0.494  T  d0
  8482   2650.625  -0.011481  -0.018288  0.203  0.000  0.494  T  d3
  8483   2650.938  -0.051295  +0.026129  0.219  0.000  0.494  T  d3
  8484   2651.250  +0.025369  +0.045285  0.234  0.000  0.494  T  d3
  8485   2651.562  +0.090522  +0.015946  0.219  0.000  0.494  T  d3
  8486   2651.875  +0.018254  -0.070736  0.219  0.000  0.494  T  d3
  8487   2652.188  -0.072114  -0.013299  0.219  0.000  0.494  T  d0
  8488   2652.500  -0.024058  -0.003226  0.219  0.000  0.506  T  d2
  8489   2652.812  +0.015955  +0.000846  0.203  0.000  0.506  T  d0
  8490   2653.125  +0.030703  -0.022967  0.203  0.000  0.506  T  d0
  8491   2653.438  +0.024979  -0.028366  0.188  0.000  0.506  T  d0
  8492   2653.750  +0.037338  -0.024318  0.188  0.000  0.506  T  d2
  8493   2654.062  -0.023040  +0.008041  0.188  0.000  0.506  T  d0
  8494   2654.375  -0.047283  +0.003327  0.188  0.000  0.506  T  d0
  8495   2654.688  -0.042075  +0.015380  0.188  0.000  0.506  T  d0
  8496   2655.000  -0.054163  +0.022545  0.188  0.000  0.506  T  d2
  8497   2655.312  +0.027722  +0.009519  0.188  0.000  0.506  T  d3
  8498   2655.625  +0.011075  -0.035631  0.188  0.000  0.506  T  d2
  8499   2655.938  -0.025847  +0.021716  0.188  0.000  0.506  T  d3
  8500   2656.250  +0.034817  +0.030382  0.203  0.000  0.506  T  d3
  8501   2656.562  +0.002168  -0.008419  0.203  0.000  0.506  T  d2
  8502   2656.875  +0.015836  +0.028058  0.203  0.006  0.506  T  d3
  8503   2657.188  +0.031519  -0.047556  0.203  0.006  0.506  T  d3
  8504   2657.500  -0.039978  -0.017184  0.219  0.006  0.524  T  d3
  8505   2657.812  -0.033582  +0.026677  0.219  0.006  0.524  T  d3
  8506   2658.125  -0.002414  +0.037357  0.219  0.006  0.524  T  d3
  8507   2658.438  +0.041013  -0.013478  0.219  0.006  0.524  T  d3
  8508   2658.750  -0.024548  -0.023088  0.219  0.006  0.524  T  d2
  8509   2659.062  +0.018920  +0.014988  0.219  0.006  0.524  T  d3
  8510   2659.375  +0.034603  -0.005280  0.219  0.006  0.524  T  d2
  8511   2659.688  -0.041489  -0.013618  0.219  0.006  0.524  T  d3
  8512   2660.000  +0.004945  +0.051295  0.219  0.006  0.524  T  d3
  8513   2660.312  +0.046694  -0.003187  0.219  0.006  0.524  T  d2
  8514   2660.625  -0.034629  -0.025405  0.203  0.028  0.524  T  d0
  8515   2660.938  -0.014693  -0.001120  0.219  0.028  0.524  T  d0
  8516   2661.250  -0.012953  +0.000342  0.234  0.028  0.524  T  d2
  8517   2661.562  +0.026998  +0.008097  0.234  0.028  0.524  T  d3
  8518   2661.875  +0.023212  -0.037792  0.234  0.028  0.524  T  d3
  8519   2662.188  -0.022438  -0.010798  0.234  0.028  0.524  T  d3
  8520   2662.500  -0.005131  +0.037038  0.219  0.028  0.524  T  d1
  8521   2662.812  -0.011347  -0.005814  0.219  0.028  0.524  T  d3
  8522   2663.125  -0.006527  +0.011317  0.203  0.028  0.524  T  d3
  8523   2663.438  +0.019988  +0.005574  0.188  0.028  0.524  T  d2
  8524   2663.750  -0.009461  -0.005715  0.188  0.028  0.524  T  d2
  8525   2664.062  +0.016245  +0.017487  0.188  0.028  0.524  T  d3
  8526   2664.375  +0.004539  -0.005729  0.172  0.026  0.524  T  d0
  8527   2664.688  +0.018210  -0.002847  0.156  0.026  0.524  T  d3
  8528   2665.000  +0.012163  -0.019255  0.156  0.026  0.524  T  d2
  8529   2665.312  -0.023744  +0.026134  0.156  0.026  0.524  T  d2
  8530   2665.625  +0.003362  -0.000295  0.156  0.026  0.524  T  d3
  8531   2665.938  +0.002356  -0.018686  0.156  0.026  0.524  T  d0
  8532   2666.250  -0.008071  -0.039065  0.156  0.026  0.524  T  d3
  8533   2666.562  -0.025766  +0.006571  0.156  0.026  0.524  T  d3
  8534   2666.875  +0.010743  +0.018094  0.172  0.026  0.524  T  d3
  8535   2667.188  +0.030259  -0.006181  0.172  0.026  0.524  T  d0
  8536   2667.500  +0.019384  -0.008282  0.172  0.026  0.519  T  d2
  8537   2667.812  -0.006580  +0.008864  0.188  0.026  0.519  T  d1
  8538   2668.125  -0.026478  -0.027200  0.188  0.025  0.519  T  d3
  8539   2668.438  -0.023832  +0.012916  0.188  0.025  0.519  T  d1
  8540   2668.750  -0.007098  -0.002399  0.203  0.025  0.519  T  d2
  8541   2669.062  +0.013715  +0.016310  0.203  0.025  0.519  T  d3
  8542   2669.375  +0.003047  -0.001483  0.203  0.025  0.519  T  d3
  8543   2669.688  -0.002693  -0.015074  0.203  0.025  0.519  T  d0
  8544   2670.000  +0.008100  -0.025243  0.219  0.025  0.519  T  d3
  8545   2670.312  -0.047426  +0.001497  0.219  0.025  0.519  T  d3
  8546   2670.625  -0.021443  +0.023424  0.234  0.025  0.519  T  d0
  8547   2670.938  -0.000958  +0.027616  0.234  0.025  0.519  T  d0
  8548   2671.250  +0.021506  +0.043623  0.219  0.025  0.519  T  d2
  8549   2671.562  +0.004068  -0.028887  0.219  0.025  0.519  T  d2
  8550   2671.875  -0.006377  +0.008842  0.219  0.022  0.519  T  d2
  8551   2672.188  +0.037741  -0.010802  0.234  0.022  0.519  T  d3
  8552   2672.500  +0.002015  -0.030327  0.250  0.022  0.519  T  d3
  8553   2672.812  -0.049351  +0.029197  0.266  0.022  0.519  T  d3
  8554   2673.125  +0.019604  +0.054016  0.281  0.022  0.519  T  d3
  8555   2673.438  +0.030654  -0.007226  0.297  0.022  0.519  T  d0
  8556   2673.750  +0.013883  -0.009005  0.312  0.022  0.519  T  d1
  8557   2674.062  +0.008995  +0.017563  0.328  0.022  0.519  T  d3
  8558   2674.375  +0.032031  +0.009039  0.344  0.022  0.519  T  d3
  8559   2674.688  +0.005488  -0.031841  0.344  0.022  0.519  T  d0
  8560   2675.000  -0.014841  -0.048879  0.344  0.022  0.519  T  d3
  8561   2675.312  -0.029099  +0.001175  0.344  0.022  0.519  T  d1
  8562   2675.625  +0.010958  -0.022374  0.344  0.019  0.519  T  d2
  8563   2675.938  -0.027509  +0.009673  0.359  0.019  0.519  T  d3
  8564   2676.250  +0.025885  +0.046713  0.344  0.019  0.519  T  d3
  8565   2676.562  +0.007693  -0.014884  0.344  0.019  0.519  T  d0
  8566   2676.875  -0.005577  -0.034558  0.344  0.019  0.519  T  d1
  8567   2677.188  +0.020118  +0.013945  0.344  0.019  0.519  T  d3
  8568   2677.500  +0.021562  -0.033158  0.344  0.019  0.536  T  d0
  8569   2677.812  +0.016356  -0.040044  0.344  0.019  0.536  T  d3
  8570   2678.125  -0.045609  -0.023736  0.344  0.019  0.536  T  d2
  8571   2678.438  +0.023765  +0.034214  0.344  0.019  0.536  T  d0
  8572   2678.750  +0.018964  +0.034149  0.359  0.019  0.536  T  d3
  8573   2679.062  +0.032790  -0.022672  0.359  0.019  0.536  T  d3
  8574   2679.375  -0.062194  -0.048710  0.359  0.008  0.536  T  d3
  8575   2679.688  -0.078733  +0.034175  0.359  0.008  0.536  T  d0
  8576   2680.000  -0.042033  +0.008589  0.359  0.008  0.536  T  d1
  8577   2680.312  -0.048591  -0.056015  0.359  0.008  0.536  T  d0
  8578   2680.625  -0.058458  -0.032439  0.359  0.008  0.536  T  d0
  8579   2680.938  -0.058826  -0.014411  0.359  0.008  0.536  T  d1
  8580   2681.250  +0.013270  -0.016613  0.344  0.008  0.536  T  d3
  8581   2681.562  -0.052350  -0.100729  0.344  0.008  0.536  T  d2
  8582   2681.875  -0.023418  +0.074823  0.344  0.008  0.536  T  d0
  8583   2682.188  +0.000641  +0.031259  0.359  0.008  0.536  T  d0
  8584   2682.500  -0.011204  +0.075998  0.359  0.008  0.554  T  d0
  8585   2682.812  -0.030368  +0.122424  0.359  0.008  0.554  T  d0
  8586   2683.125  +0.075905  +0.162153  0.359  0.000  0.554  T  d0
  8587   2683.438  -0.003593  +0.249174  0.375  0.000  0.554  T  d0
  8588   2683.750  +0.058211  +0.191441  0.359  0.000  0.554  T  d0
  8589   2684.062  -0.115794  +0.436594  0.359  0.000  0.554  T  d0
  8590   2684.375  +0.041715  +0.206956  0.359  0.000  0.554  T  d0
  8591   2684.688  -0.317538  +0.606157  0.359  0.000  0.554  T  d3
  8592   2685.000  +0.277601  +0.085409  0.359  0.000  0.554  T  d1
  8593   2685.312  -1.463878  +1.059559  0.375  0.000  0.554  T  d2
  8594   2685.625  +4.309098  -3.942710  0.391  0.000  0.554  T  d0
  8595   2685.938  +1.955514  -3.024006  0.391  0.000  0.554  T  d2
  8596   2686.250  -0.768717  +1.615661  0.391  0.000  0.554  T  d1
  8597   2686.562  -0.628371  -0.350648  0.406  0.000  0.554  T  d2
  8598   2686.875  +0.799567  +0.531203  0.391  0.000  0.554  T  d1
  8599   2687.188  -4.429427  +1.221348  0.391  0.000  0.554  T  d0
  8600   2687.500  -5.992090  +2.965482  0.391  0.000  0.558  T  d2
  8601   2687.812  +1.067382  -0.580786  0.375  0.000  0.558  T  d2
  8602   2688.125  -1.589903  +0.613372  0.375  0.000  0.558  T  d2
  8603   2688.438  +6.514896  -3.453232  0.391  0.000  0.558  T  d0
  8604   2688.750  +0.977478  -1.344341  0.375  0.000  0.558  T  d2
  8605   2689.062  -0.822721  +0.944368  0.375  0.000  0.558  T  d1
  8606   2689.375  -0.255124  -1.183354  0.375  0.000  0.558  T  d2
  8607   2689.688  +3.373082  +7.006066  0.391  0.000  0.558  T  d0
  8608   2690.000  +1.395006  +1.150184  0.375  0.000  0.558  T  d1
  8609   2690.312  -0.465701  +0.412590  0.375  0.000  0.558  T  d1
  8610   2690.625  -0.760032  -1.575855  0.359  0.000  0.558  T  d0
  8611   2690.938  -5.256707  -5.348575  0.359  0.000  0.558  T  d2
  8612   2691.250  +1.032272  +1.073293  0.359  0.000  0.558  T  d1
  8613   2691.562  -1.103379  +0.427143  0.359  0.000  0.558  T  d2
  8614   2691.875  +1.686861  -0.715765  0.359  0.000  0.558  T  d0
  8615   2692.188  +5.443926  -4.984038  0.344  0.000  0.558  T  d2
  8616   2692.500  -1.327934  +0.979874  0.328  0.000  0.545  T  d2
  8617   2692.812  +1.049990  -0.900305  0.312  0.000  0.545  T  d2
  8618   2693.125  -4.698870  +4.268716  0.297  0.000  0.545  T  d0
  8619   2693.438  -2.304507  +3.230940  0.281  0.000  0.545  T  d2
  8620   2693.750  +0.611120  -1.545653  0.266  0.000  0.545  T  d2
  8621   2694.062  -0.033481  +0.303607  0.250  0.000  0.545  T  d2
  8622   2694.375  +0.254801  -0.557287  0.234  0.000  0.545  T  d1
  8623   2694.688  +0.420407  -0.106472  0.219  0.000  0.545  T  d0
  8624   2695.000  +0.681084  -0.387917  0.219  0.000  0.545  T  d0
  8625   2695.312  +0.258982  +0.049243  0.219  0.000  0.545  T  d0
  8626   2695.625  +0.356712  -0.057738  0.234  0.000  0.545  T  d1
  8627   2695.938  -0.076770  +0.244364  0.219  0.000  0.545  T  d3
  8628   2696.250  +0.075742  +0.094572  0.219  0.000  0.545  T  d0
  8629   2696.562  +0.109683  +0.049944  0.219  0.000  0.545  T  d1
  8630   2696.875  -0.006394  +0.145971  0.219  0.000  0.545  T  d2
  8631   2697.188  -0.176276  -0.291605  0.219  0.000  0.545  T  d3
  8632   2697.500  -0.077003  -0.009612  0.203  0.000  0.554  T  d1
  8633   2697.812  +0.006996  -0.026547  0.203  0.000  0.554  T  d2
  8634   2698.125  +0.011640  +0.076767  0.203  0.000  0.554  T  d0
  8635   2698.438  +0.261184  +0.238896  0.203  0.000  0.554  T  d2
  8636   2698.750  -0.087517  -0.084474  0.188  0.000  0.554  T  d1
  8637   2699.062  +0.061428  -0.067741  0.188  0.000  0.554  T  d2
  8638   2699.375  -0.102674  +0.043941  0.188  0.000  0.554  T  d0
  8639   2699.688  -0.267227  +0.246744  0.188  0.000  0.554  T  d3
  8640   2700.000  +0.104488  +0.017466  0.188  0.000  0.554  T  d1
  8641   2700.312  -0.002693  +0.011104  0.188  0.000  0.554  T  d3
  8642   2700.625  +0.305584  +0.010179  0.188  0.000  0.554  T  d0
  8643   2700.938  +0.716609  -0.117396  0.172  0.000  0.554  T  d3
  8644   2701.250  +0.261724  -0.686289  0.188  0.000  0.554  T  d3
  8645   2701.562  -0.441758  -0.561070  0.188  0.000  0.554  T  d3
  8646   2701.875  -0.726218  +0.000739  0.188  0.000  0.554  T  d3
  8647   2702.188  -0.533059  +0.583088  0.172  0.000  0.554  T  d3
  8648   2702.500  +0.131909  +0.782784  0.188  0.000  0.584  T  d3
  8649   2702.812  +0.656339  +0.361312  0.188  0.000  0.584  T  d3
  8650   2703.125  +0.743718  -0.316427  0.188  0.000  0.584  T  d3
  8651   2703.438  +0.209896  -0.764849  0.188  0.000  0.584  T  d3
  8652   2703.750  -0.390193  -0.629347  0.188  0.000  0.584  T  d3
  8653   2704.062  -0.820668  +0.012525  0.188  0.000  0.584  T  d3
  8654   2704.375  -0.015846  +0.585810  0.188  0.000  0.584  T  d2
  8655   2704.688  +0.277257  -0.432302  0.203  0.000  0.584  T  d3
  8656   2705.000  -0.756094  -0.292080  0.188  0.000  0.584  T  d3
  8657   2705.312  -0.413414  +0.494458  0.172  0.000  0.584  T  d0
  8658   2705.625  +0.015206  +0.715310  0.156  0.000  0.584  T  d3
  8659   2705.938  +0.662054  +0.497409  0.172  0.000  0.584  T  d3
  8660   2706.250  +0.731867  -0.129661  0.172  0.000  0.584  T  d3
  8661   2706.562  +0.356536  -0.664764  0.156  0.000  0.584  T  d3
  8662   2706.875  -0.320868  -0.674539  0.156  0.000  0.584  T  d3
  8663   2707.188  -0.725385  -0.128328  0.156  0.000  0.584  T  d3
  8664   2707.500  -0.566049  +0.469778  0.156  0.000  0.588  T  d3
  8665   2707.812  +0.063348  +0.762750  0.156  0.000  0.588  T  d3
  8666   2708.125  +0.584456  +0.183958  0.156  0.000  0.588  T  d3
  8667   2708.438  +0.145092  -0.266361  0.141  0.000  0.588  T  d2
  8668   2708.750  -0.032686  +0.047925  0.156  0.000  0.588  T  d2
  8669   2709.062  +0.055191  -0.110736  0.156  0.000  0.588  T  d3
  8670   2709.375  -0.071201  -0.056146  0.156  0.000  0.588  T  d1
  8671   2709.688  +0.188977  -0.137960  0.141  0.000  0.588  T  d0
  8672   2710.000  +0.259342  -0.156156  0.141  0.000  0.588  T  d2
  8673   2710.312  -0.111110  +0.017588  0.141  0.000  0.588  T  d2
  8674   2710.625  +0.110206  -0.007788  0.141  0.000  0.588  T  d2
  8675   2710.938  -0.319415  +0.150028  0.125  0.000  0.588  T  d0
  8676   2711.250  -0.042953  +0.060782  0.125  0.000  0.588  T  d2
  8677   2711.562  +0.026377  -0.046501  0.125  0.000  0.588  T  d2
  8678   2711.875  +0.013573  +0.056307  0.125  0.000  0.588  T  d2
  8679   2712.188  -0.188004  -0.374049  0.125  0.000  0.588  T  d0
  8680   2712.500  -0.109188  -0.055124  0.141  0.000  0.575  T  d3
  8681   2712.812  -0.010624  +0.020090  0.141  0.000  0.575  T  d3
  8682   2713.125  +0.058542  +0.091194  0.141  0.000  0.575  T  d0
  8683   2713.438  +0.278180  +0.313373  0.141  0.000  0.575  T  d2
  8684   2713.750  -0.038393  -0.030859  0.141  0.000  0.575  T  d2
  8685   2714.062  +0.076427  +0.022482  0.141  0.000  0.575  T  d1
  8686   2714.375  -0.091688  +0.084281  0.141  0.000  0.575  T  d0
  8687   2714.688  -0.266730  +0.268418  0.141  0.000  0.575  T  d3
  8688   2715.000  +0.078076  +0.010230  0.156  0.000  0.575  T  d2
  8689   2715.312  -0.046785  +0.026876  0.156  0.000  0.575  T  d2
  8690   2715.625  +0.276321  -0.021928  0.141  0.000  0.575  T  d0
  8691   2715.938  +0.747436  -0.144868  0.141  0.000  0.575  T  d3
  8692   2716.250  +0.215268  -0.650770  0.156  0.000  0.575  T  d3
  8693   2716.562  -0.429953  -0.550589  0.156  0.000  0.575  T  d3
  8694   2716.875  -0.751493  +0.000446  0.156  0.000  0.575  T  d3
  8695   2717.188  -0.508379  +0.614126  0.156  0.000  0.575  T  d3
  8696   2717.500  +0.168494  +0.763365  0.172  0.000  0.549  T  d3
  8697   2717.812  +0.689746  +0.340783  0.172  0.000  0.549  T  d3
  8698   2718.125  +0.741592  -0.355265  0.172  0.000  0.549  T  d3
  8699   2718.438  +0.134718  -0.778744  0.188  0.000  0.549  T  d0
  8700   2718.750  -0.380613  -0.573706  0.188  0.000  0.549  T  d3
  8701   2719.062  -0.819911  +0.026369  0.188  0.000  0.549  T  d3
  8702   2719.375  -0.031915  +0.591022  0.188  0.000  0.549  T  d2
  8703   2719.688  +0.238071  -0.490736  0.203  0.000  0.549  T  d3
  8704   2720.000  -0.789092  -0.308396  0.188  0.000  0.549  T  d3
  8705   2720.312  -0.439137  +0.460049  0.188  0.000  0.549  T  d3
  8706   2720.625  +0.017944  +0.751276  0.188  0.000  0.549  T  d3
  8707   2720.938  +0.693189  +0.549836  0.203  0.000  0.549  T  d3
  8708   2721.250  +0.816954  -0.153492  0.188  0.000  0.549  T  d3
  8709   2721.562  +0.414315  -0.616765  0.188  0.000  0.549  T  d3
  8710   2721.875  -0.335315  -0.617484  0.188  0.000  0.549  T  d3
  8711   2722.188  -0.758947  -0.013938  0.188  0.000  0.549  T  d0
  8712   2722.500  -0.624612  +0.541264  0.188  0.000  0.506  T  d3
  8713   2722.812  -0.032109  +0.895802  0.188  0.000  0.506  T  d3
  8714   2723.125  +0.473741  +0.364635  0.188  0.000  0.506  T  d3
  8715   2723.438  +0.096822  -0.181576  0.172  0.000  0.506  T  d3
  8716   2723.750  -0.268210  +0.061142  0.188  0.000  0.506  T  d2
  8717   2724.062  +0.122318  -0.076178  0.188  0.000  0.506  T  d2
  8718   2724.375  -0.668946  +0.003617  0.188  0.006  0.506  T  d2
  8719   2724.688  +1.810851  -0.584001  0.172  0.006  0.506  T  d0
  8720   2725.000  +2.429240  -1.229529  0.188  0.006  0.506  T  d2
  8721   2725.312  -0.573618  +0.138822  0.188  0.006  0.506  T  d2
  8722   2725.625  +0.583769  -0.308324  0.188  0.006  0.506  T  d2
  8723   2725.938  -2.857439  +1.387875  0.188  0.006  0.506  T  d0
  8724   2726.250  -0.415706  +0.601954  0.188  0.006  0.506  T  d2
  8725   2726.562  +0.353821  -0.340366  0.188  0.006  0.506  T  d1
  8726   2726.875  +0.212928  +0.530307  0.188  0.006  0.506  T  d2
  8727   2727.188  -1.399900  -3.013201  0.203  0.006  0.506  T  d0
  8728   2727.500  -0.559825  -0.455632  0.203  0.006  0.506  T  d1
  8729   2727.812  +0.186217  -0.155021  0.203  0.006  0.506  T  d1
  8730   2728.125  +0.263543  +0.704452  0.203  0.001  0.506  T  d0
  8731   2728.438  +2.199154  +2.334815  0.219  0.001  0.506  T  d2
  8732   2728.750  -0.482129  -0.453513  0.203  0.001  0.506  T  d1
  8733   2729.062  +0.461216  -0.192621  0.203  0.001  0.506  T  d2
  8734   2729.375  -0.734653  +0.213999  0.203  0.001  0.506  T  d0
  8735   2729.688  -2.355760  +2.051473  0.219  0.001  0.506  T  d2
  8736   2730.000  +0.616116  -0.508174  0.234  0.001  0.506  T  d2
  8737   2730.312  -0.386138  +0.285978  0.234  0.001  0.506  T  d2
  8738   2730.625  +2.175516  -1.943327  0.250  0.001  0.506  T  d0
  8739   2730.938  +1.071335  -1.460270  0.250  0.001  0.506  T  d2
  8740   2731.250  -0.015115  +0.561065  0.250  0.001  0.506  T  d2
  8741   2731.562  -0.105693  -0.197607  0.250  0.001  0.506  T  d2
  8742   2731.875  +0.477753  +0.263042  0.250  0.000  0.506  T  d1
  8743   2732.188  -1.808110  +0.622418  0.250  0.000  0.506  T  d0
  8744   2732.500  -2.483931  +1.359274  0.234  0.000  0.524  T  d2
  8745   2732.812  +0.491270  -0.228254  0.234  0.000  0.524  T  d2
  8746   2733.125  -0.730536  +0.275807  0.250  0.000  0.524  T  d2
  8747   2733.438  +2.742277  -1.520212  0.266  0.000  0.524  T  d0
  8748   2733.750  +0.368959  -0.595544  0.266  0.000  0.524  T  d2
  8749   2734.062  -0.344736  +0.391002  0.266  0.000  0.524  T  d1
  8750   2734.375  -0.120599  -0.593657  0.266  0.000  0.524  T  d2
  8751   2734.688  +1.473313  +2.916580  0.281  0.000  0.524  T  d0
  8752   2735.000  +0.550500  +0.405247  0.266  0.000  0.524  T  d1
  8753   2735.312  -0.232880  +0.133284  0.266  0.000  0.524  T  d1
  8754   2735.625  -0.345140  -0.671384  0.266  0.000  0.524  T  d0
  8755   2735.938  -2.311476  -2.267762  0.281  0.000  0.524  T  d2
  8756   2736.250  +0.490454  +0.446658  0.266  0.000  0.524  T  d1
  8757   2736.562  -0.449877  +0.178622  0.266  0.000  0.524  T  d2
  8758   2736.875  +0.696736  -0.295416  0.266  0.000  0.524  T  d0
  8759   2737.188  +2.306897  -2.191794  0.266  0.000  0.524  T  d2
  8760   2737.500  -0.569827  +0.440541  0.250  0.000  0.489  T  d2
  8761   2737.812  +0.407927  -0.373952  0.250  0.000  0.489  T  d2
  8762   2738.125  -2.008482  +1.867094  0.250  0.000  0.489  T  d0
  8763   2738.438  -1.008115  +1.430541  0.234  0.000  0.489  T  d2
  8764   2738.750  +0.249108  -0.644720  0.234  0.000  0.489  T  d2
  8765   2739.062  +0.009747  +0.141981  0.234  0.000  0.489  T  d2
  8766   2739.375  +0.108729  -0.232563  0.234  0.000  0.489  T  d0
  8767   2739.688  +0.185419  -0.074847  0.219  0.000  0.489  T  d0
  8768   2740.000  +0.295510  -0.195727  0.219  0.000  0.489  T  d1
  8769   2740.312  +0.103361  +0.028885  0.219  0.000  0.489  T  d0
  8770   2740.625  +0.157578  -0.031609  0.234  0.000  0.489  T  d1
  8771   2740.938  -0.063564  +0.122919  0.219  0.000  0.489  T  d3
  8772   2741.250  +0.026719  +0.037752  0.219  0.000  0.489  T  d3
  8773   2741.562  +0.060166  +0.003119  0.219  0.000  0.489  T  d1
  8774   2741.875  +0.006186  +0.069594  0.219  0.000  0.489  T  d2
  8775   2742.188  -0.096060  -0.140936  0.219  0.000  0.489  T  d3
  8776   2742.500  -0.040456  +0.004507  0.203  0.000  0.494  T  d3
  8777   2742.812  -0.003140  +0.020227  0.203  0.000  0.494  T  d0
  8778   2743.125  +0.007598  +0.063971  0.203  0.010  0.494  T  d0
  8779   2743.438  +0.169215  +0.138112  0.203  0.010  0.494  T  d2
  8780   2743.750  -0.019313  -0.033111  0.188  0.010  0.494  T  d1
  8781   2744.062  +0.039737  -0.055993  0.188  0.010  0.494  T  d2
  8782   2744.375  -0.037853  +0.006614  0.188  0.010  0.494  T  d0
  8783   2744.688  -0.135293  +0.101854  0.188  0.010  0.494  T  d2
  8784   2745.000  +0.058226  -0.006877  0.188  0.010  0.494  T  d2
  8785   2745.312  -0.024853  +0.015302  0.188  0.010  0.494  T  d2
  8786   2745.625  +0.124156  +0.002167  0.188  0.010  0.494  T  d0
  8787   2745.938  +0.355865  -0.101100  0.172  0.010  0.494  T  d3
  8788   2746.250  +0.080074  -0.357530  0.188  0.010  0.494  T  d3
  8789   2746.562  -0.221072  -0.255885  0.188  0.010  0.494  T  d3
  8790   2746.875  -0.346928  +0.056900  0.188  0.029  0.494  T  d3
  8791   2747.188  -0.229207  +0.321354  0.172  0.029  0.494  T  d3
  8792   2747.500  +0.121225  +0.347515  0.188  0.029  0.536  T  d3
  8793   2747.812  +0.337222  +0.139981  0.188  0.029  0.536  T  d3
  8794   2748.125  +0.346252  -0.205182  0.188  0.029  0.536  T  d3
  8795   2748.438  +0.023190  -0.384008  0.188  0.029  0.536  T  d3
  8796   2748.750  -0.240351  -0.255937  0.188  0.029  0.536  T  d3
  8797   2749.062  -0.401991  +0.053500  0.188  0.029  0.536  T  d3
  8798   2749.375  +0.025803  +0.293871  0.203  0.029  0.536  T  d2
  8799   2749.688  +0.141694  -0.231163  0.203  0.029  0.536  T  d3
  8800   2750.000  -0.368686  -0.105457  0.188  0.029  0.536  T  d3
  8801   2750.312  -0.180018  +0.246338  0.188  0.029  0.536  T  d0
  8802   2750.625  +0.027079  +0.316783  0.172  0.035  0.536  T  d3
  8803   2750.938  +0.337578  +0.204362  0.188  0.035  0.536  T  d3
  8804   2751.250  +0.334380  -0.100265  0.188  0.035  0.536  T  d3
  8805   2751.562  +0.129979  -0.306890  0.188  0.035  0.536  T  d3
  8806   2751.875  -0.196430  -0.275955  0.188  0.035  0.536  T  d3
  8807   2752.188  -0.353167  -0.012653  0.188  0.035  0.536  T  d3
  8808   2752.500  -0.211296  +0.254266  0.188  0.035  0.541  T  d3
  8809   2752.812  +0.049267  +0.372868  0.188  0.035  0.541  T  d3
  8810   2753.125  +0.302481  +0.074625  0.172  0.035  0.541  T  d3
  8811   2753.438  +0.073259  -0.142696  0.156  0.035  0.541  T  d2
  8812   2753.750  -0.014314  +0.005008  0.172  0.035  0.541  T  d2
  8813   2754.062  +0.037204  -0.074545  0.172  0.035  0.541  T  d3
  8814   2754.375  -0.050899  -0.015834  0.172  0.039  0.541  T  d1
  8815   2754.688  +0.099374  -0.062170  0.156  0.039  0.541  T  d0
  8816   2755.000  +0.153446  -0.091792  0.156  0.039  0.541  T  d3
  8817   2755.312  -0.032137  -0.017586  0.156  0.039  0.541  T  d1
  8818   2755.625  +0.027403  -0.038184  0.156  0.039  0.541  T  d2
  8819   2755.938  -0.183777  +0.107823  0.141  0.039  0.541  T  d0
  8820   2756.250  -0.018925  +0.040557  0.141  0.039  0.541  T  d2
  8821   2756.562  +0.006170  -0.025653  0.141  0.039  0.541  T  d2
  8822   2756.875  +0.003658  +0.030030  0.141  0.039  0.541  T  d2
  8823   2757.188  -0.105664  -0.187607  0.141  0.039  0.541  T  d0
  8824   2757.500  -0.022930  -0.037080  0.156  0.039  0.541  T  d1
  8825   2757.812  +0.010499  -0.014772  0.156  0.039  0.541  T  d1
  8826   2758.125  +0.013881  +0.016411  0.156  0.048  0.541  T  d0
  8827   2758.438  +0.124314  +0.138853  0.156  0.048  0.541  T  d1
  8828   2758.750  -0.067401  -0.001917  0.156  0.048  0.541  T  d3
  8829   2759.062  +0.014227  +0.052280  0.156  0.048  0.541  T  d0
  8830   2759.375  -0.034352  +0.070740  0.156  0.048  0.541  T  d0
  8831   2759.688  -0.113279  +0.164581  0.156  0.048  0.541  T  d3
  8832   2760.000  +0.068470  -0.007596  0.172  0.048  0.541  T  d2
  8833   2760.312  -0.028970  -0.012613  0.172  0.048  0.541  T  d2
  8834   2760.625  +0.128352  -0.010231  0.156  0.048  0.541  T  d0
  8835   2760.938  +0.363239  -0.066715  0.156  0.048  0.541  T  d3
  8836   2761.250  +0.091424  -0.337871  0.172  0.048  0.541  T  d3
  8837   2761.562  -0.234599  -0.274009  0.172  0.048  0.541  T  d3
  8838   2761.875  -0.378113  +0.034982  0.172  0.033  0.541  T  d3
  8839   2762.188  -0.227486  +0.316044  0.172  0.033  0.541  T  d3
  8840   2762.500  +0.109736  +0.388596  0.188  0.033  0.519  T  d3
  8841   2762.812  +0.396286  +0.156800  0.188  0.033  0.519  T  d3
  8842   2763.125  +0.395420  -0.198856  0.188  0.033  0.519  T  d3
  8843   2763.438  +0.038466  -0.395145  0.203  0.033  0.519  T  d0
  8844   2763.750  -0.230995  -0.294433  0.203  0.033  0.519  T  d3
  8845   2764.062  -0.424546  +0.055958  0.203  0.033  0.519  T  d3
  8846   2764.375  +0.012937  +0.290883  0.203  0.033  0.519  T  d2
  8847   2764.688  +0.093234  -0.284846  0.219  0.033  0.519  T  d3
  8848   2765.000  -0.429467  -0.128390  0.203  0.033  0.519  T  d3
  8849   2765.312  -0.216406  +0.235005  0.203  0.033  0.519  T  d3
  8850   2765.625  +0.046039  +0.376289  0.203  0.024  0.519  T  d3
  8851   2765.938  +0.397430  +0.264729  0.219  0.024  0.519  T  d3
  8852   2766.250  +0.414502  -0.104313  0.203  0.024  0.519  T  d3
  8853   2766.562  +0.178716  -0.341044  0.203  0.024  0.519  T  d3
  8854   2766.875  -0.195403  -0.296132  0.203  0.024  0.519  T  d3
  8855   2767.188  -0.382287  +0.039772  0.203  0.024  0.519  T  d0
  8856   2767.500  -0.280289  +0.334858  0.203  0.024  0.489  T  d3
  8857   2767.812  +0.048869  +0.455980  0.203  0.024  0.489  T  d3
  8858   2768.125  +0.265457  +0.080325  0.203  0.024  0.489  T  d3
  8859   2768.438  -0.010486  -0.150448  0.188  0.024  0.489  T  d3
  8860   2768.750  -0.200269  +0.059069  0.203  0.024  0.489  T  d2
  8861   2769.062  +0.036862  +0.004303  0.203  0.024  0.489  T  d2
  8862   2769.375  -0.281883  +0.067973  0.188  0.053  0.489  T  d2
  8863   2769.688  +0.893039  -0.384564  0.172  0.053  0.489  T  d0
  8864   2770.000  +1.148187  -0.754229  0.188  0.053  0.489  T  d2
  8865   2770.312  -0.278082  +0.091746  0.188  0.053  0.489  T  d2
  8866   2770.625  +0.269980  -0.155707  0.188  0.053  0.489  T  d2
  8867   2770.938  -1.349874  +0.840359  0.188  0.053  0.489  T  d0
  8868   2771.250  -0.185359  +0.303403  0.188  0.053  0.489  T  d2
  8869   2771.562  +0.147149  -0.207428  0.188  0.053  0.489  T  d1
  8870   2771.875  +0.091897  +0.242971  0.188  0.053  0.489  T  d2
  8871   2772.188  -0.828597  -1.342563  0.203  0.053  0.489  T  d0
  8872   2772.500  -0.278506  -0.152416  0.203  0.053  0.489  T  d1
  8873   2772.812  +0.112435  -0.095158  0.203  0.053  0.489  T  d1
  8874   2773.125  +0.220527  +0.319758  0.203  0.102  0.489  T  d0
  8875   2773.438  +1.223032  +1.011639  0.219  0.102  0.489  T  d2
  8876   2773.750  -0.290384  -0.235394  0.203  0.102  0.489  T  d1
  8877   2774.062  +0.186178  -0.136282  0.203  0.102  0.489  T  d2
  8878   2774.375  -0.368968  +0.146012  0.203  0.102  0.489  T  d0
  8879   2774.688  -1.058981  +1.146645  0.203  0.102  0.489  T  d2
  8880   2775.000  +0.289734  -0.262608  0.219  0.102  0.489  T  d2
  8881   2775.312  -0.160070  +0.175677  0.219  0.102  0.489  T  d2
  8882   2775.625  +0.985037  -1.073749  0.219  0.102  0.489  T  d0
  8883   2775.938  +0.478208  -0.800214  0.219  0.102  0.489  T  d2
  8884   2776.250  +0.011965  +0.254357  0.234  0.102  0.489  T  d2
  8885   2776.562  -0.082742  -0.105637  0.234  0.102  0.489  T  d2
  8886   2776.875  +0.256639  +0.103601  0.234  0.163  0.489  P  d1
  8887   2777.188  -0.863015  +0.412927  0.234  0.163  0.489  P  d0
  8888   2777.500  -1.160139  +0.816539  0.234  0.163  0.489  P  d2
  8889   2777.812  +0.256971  -0.123724  0.234  0.163  0.489  P  d2
  8890   2778.125  -0.324990  +0.165118  0.234  0.163  0.489  P  d2
  8891   2778.438  +1.258121  -0.933162  0.250  0.163  0.489  P  d0
  8892   2778.750  +0.110615  -0.353072  0.250  0.163  0.489  P  d2
  8893   2779.062  -0.231878  +0.210750  0.250  0.163  0.489  P  d1
  8894   2779.375  -0.156862  -0.248979  0.250  0.163  0.489  P  d2
  8895   2779.688  +0.849872  +1.403927  0.266  0.163  0.489  P  d0
  8896   2780.000  +0.328822  +0.211113  0.250  0.163  0.489  P  d1
  8897   2780.312  -0.070975  +0.073581  0.250  0.163  0.489  P  d1
  8898   2780.625  -0.152024  -0.363677  0.250  0.272  0.489  P  d0
  8899   2780.938  -1.233020  -1.041280  0.266  0.272  0.489  P  d2
  8900   2781.250  +0.272591  +0.210052  0.250  0.272  0.489  P  d1
  8901   2781.562  -0.219476  +0.142979  0.250  0.272  0.489  P  d2
  8902   2781.875  +0.317636  -0.132584  0.250  0.272  0.489  P  d0
  8903   2782.188  +1.042881  -1.139318  0.250  0.272  0.489  P  d2
  8904   2782.500  -0.295187  +0.322201  0.250  0.272  0.451  P  d2
  8905   2782.812  +0.172126  -0.103066  0.250  0.272  0.451  P  d2
  8906   2783.125  -0.935637  +1.127594  0.250  0.272  0.451  P  d0
  8907   2783.438  -0.388782  +0.777701  0.234  0.272  0.451  P  d2
  8908   2783.750  +0.012628  -0.363310  0.234  0.272  0.451  P  d2
  8909   2784.062  +0.026405  +0.040577  0.234  0.272  0.451  P  d2
  8910   2784.375  -0.316178  -0.119869  0.234  0.346  0.451  P  d1
  8911   2784.688  +0.782036  -0.362373  0.219  0.346  0.451  P  d0
  8912   2785.000  +1.133474  -0.745221  0.234  0.346  0.451  P  d2
  8913   2785.312  -0.171493  +0.141498  0.234  0.346  0.451  P  d2
  8914   2785.625  +0.389672  -0.181914  0.234  0.346  0.451  P  d2
  8915   2785.938  -1.254304  +0.889676  0.219  0.346  0.451  P  d0
  8916   2786.250  -0.122192  +0.294998  0.219  0.346  0.451  P  d2
  8917   2786.562  +0.204999  -0.178389  0.219  0.346  0.451  P  d1
  8918   2786.875  +0.123180  +0.275086  0.234  0.346  0.451  P  d2
  8919   2787.188  -0.877992  -1.364739  0.250  0.346  0.451  P  d0
  8920   2787.500  -0.296940  -0.151924  0.234  0.346  0.451  P  d1
  8921   2787.812  +0.083269  -0.073117  0.234  0.346  0.451  P  d1
  8922   2788.125  +0.196115  +0.354624  0.234  0.341  0.451  P  d0
  8923   2788.438  +1.240813  +1.020354  0.234  0.341  0.451  P  d2
  8924   2788.750  -0.252121  -0.215077  0.219  0.341  0.451  P  d1
  8925   2789.062  +0.226336  -0.157157  0.219  0.341  0.451  P  d2
  8926   2789.375  -0.346884  +0.122569  0.219  0.341  0.451  P  d0
  8927   2789.688  -1.057877  +1.117595  0.234  0.341  0.451  P  d2
  8928   2790.000  +0.260204  -0.342065  0.234  0.341  0.451  P  d2
  8929   2790.312  -0.191244  +0.158156  0.234  0.341  0.451  P  d2
  8930   2790.625  +0.975964  -1.102687  0.250  0.341  0.451  P  d0
  8931   2790.938  +0.473297  -0.789187  0.234  0.341  0.451  P  d2
  8932   2791.250  +0.067945  +0.288051  0.234  0.341  0.451  P  d2
  8933   2791.562  +0.000139  -0.127055  0.234  0.341  0.451  P  d1
  8934   2791.875  +0.278497  +0.022488  0.234  0.344  0.451  P  d2
  8935   2792.188  -0.856733  +0.400942  0.234  0.344  0.451  P  d0
  8936   2792.500  -1.160904  +0.813135  0.234  0.344  0.472  P  d2
  8937   2792.812  +0.204282  -0.103285  0.234  0.344  0.472  P  d2
  8938   2793.125  -0.376077  +0.219907  0.234  0.344  0.472  P  d2
  8939   2793.438  +1.211039  -0.919301  0.219  0.344  0.472  P  d3
  8940   2793.750  +0.026165  -0.308993  0.219  0.344  0.472  P  d3
  8941   2794.062  -0.316299  +0.171415  0.219  0.344  0.472  P  d1
  8942   2794.375  -0.279580  -0.282679  0.219  0.344  0.472  P  d2
  8943   2794.688  +0.744768  +1.213829  0.219  0.344  0.472  P  d0
  8944   2795.000  +0.157504  +0.182454  0.203  0.344  0.472  P  d2
  8945   2795.312  -0.181041  -0.120951  0.203  0.344  0.472  P  d1
  8946   2795.625  +0.137139  -0.308862  0.203  0.350  0.472  P  d3
  8947   2795.938  -0.305766  -0.196756  0.203  0.350  0.472  P  d3
  8948   2796.250  -0.099948  +0.172349  0.188  0.350  0.472  P  d2
  8949   2796.562  +0.024646  -0.054772  0.203  0.350  0.472  P  d0
  8950   2796.875  +0.149590  -0.155516  0.203  0.350  0.472  P  d0
  8951   2797.188  +0.011719  -0.184777  0.203  0.350  0.472  P  d1
  8952   2797.500  +0.095813  -0.056180  0.188  0.350  0.515  P  d3
  8953   2797.812  -0.024016  -0.098881  0.203  0.350  0.515  P  d3
  8954   2798.125  -0.090751  +0.091156  0.219  0.350  0.515  P  d1
  8955   2798.438  -0.103330  -0.054633  0.219  0.350  0.515  P  d3
  8956   2798.750  -0.031565  +0.209886  0.219  0.350  0.515  P  d3
  8957   2799.062  +0.136250  +0.142177  0.234  0.350  0.515  P  d2
  8958   2799.375  -0.011490  -0.006904  0.234  0.365  0.515  P  d0
  8959   2799.688  -0.017900  -0.015325  0.219  0.365  0.515  P  d0
  8960   2800.000  -0.013769  -0.017129  0.219  0.365  0.515  P  d1
  8961   2800.312  +0.027234  -0.114379  0.234  0.365  0.515  P  d0
  8962   2800.625  +0.001764  -0.052612  0.234  0.365  0.515  P  d3
  8963   2800.938  -0.081384  -0.063507  0.219  0.365  0.515  P  d3
  8964   2801.250  -0.076455  +0.131837  0.219  0.365  0.515  P  d3
  8965   2801.562  +0.085449  +0.138655  0.234  0.365  0.515  P  d3
  8966   2801.875  +0.057702  -0.182049  0.234  0.365  0.515  P  d0
  8967   2802.188  +0.003811  -0.103867  0.250  0.365  0.515  P  d2
  8968   2802.500  +0.029173  +0.082983  0.234  0.365  0.541  P  d2
  8969   2802.812  -0.004081  -0.163234  0.234  0.365  0.541  P  d3
  8970   2803.125  -0.136050  -0.047813  0.234  0.386  0.541  P  d3
  8971   2803.438  -0.202863  +0.226732  0.234  0.386  0.541  P  d3
  8972   2803.750  +0.076881  +0.055830  0.234  0.386  0.541  P  d1
  8973   2804.062  -0.062903  +0.035958  0.234  0.386  0.541  P  d3
  8974   2804.375  +0.121994  +0.096121  0.234  0.386  0.541  P  d1
  8975   2804.688  -0.062810  +0.022884  0.234  0.386  0.541  P  d3
  8976   2805.000  +0.032352  +0.072973  0.219  0.386  0.541  P  d3
  8977   2805.312  +0.150945  -0.024876  0.219  0.386  0.541  P  d2
  8978   2805.625  -0.031686  +0.025050  0.219  0.386  0.541  P  d2
  8979   2805.938  +0.173258  -0.022107  0.219  0.386  0.541  P  d3
  8980   2806.250  +0.063319  -0.228625  0.219  0.386  0.541  P  d0
  8981   2806.562  +0.013778  -0.016738  0.219  0.386  0.541  P  d3
  8982   2806.875  -0.042456  -0.231812  0.203  0.391  0.541  P  d3
  8983   2807.188  -0.232222  +0.043150  0.188  0.391  0.541  P  d3
  8984   2807.500  -0.013122  +0.137048  0.188  0.391  0.545  P  d0
  8985   2807.812  -0.100617  +0.116481  0.188  0.391  0.545  P  d0
  8986   2808.125  -0.033904  +0.104031  0.203  0.391  0.545  P  d0
  8987   2808.438  -0.001468  +0.067171  0.203  0.391  0.545  P  d3
  8988   2808.750  +0.144800  +0.007668  0.203  0.391  0.545  P  d0
  8989   2809.062  +0.086454  -0.027759  0.219  0.391  0.545  P  d3
  8990   2809.375  -0.022661  -0.124482  0.234  0.391  0.545  P  d2
  8991   2809.688  -0.042733  +0.113145  0.219  0.391  0.545  P  d3
  8992   2810.000  +0.197563  -0.010177  0.219  0.391  0.545  P  d0
  8993   2810.312  +0.135340  -0.095584  0.219  0.391  0.545  P  d3
  8994   2810.625  -0.000501  -0.048961  0.203  0.379  0.545  P  d3
  8995   2810.938  -0.233586  -0.005326  0.203  0.379  0.545  P  d1
  8996   2811.250  -0.016000  -0.030649  0.203  0.379  0.545  P  d0
  8997   2811.562  -0.050919  -0.172859  0.203  0.379  0.545  P  d2
  8998   2811.875  -0.062727  +0.137656  0.203  0.379  0.545  P  d0
  8999   2812.188  +0.042716  +0.118044  0.188  0.379  0.545  P  d3
  9000   2812.500  +0.139263  +0.004459  0.188  0.379  0.571  P  d3
  9001   2812.812  +0.085692  -0.098697  0.203  0.379  0.571  P  d3
  9002   2813.125  -0.166553  -0.056919  0.203  0.379  0.571  P  d3
  9003   2813.438  +0.036042  +0.086113  0.219  0.379  0.571  P  d3
  9004   2813.750  +0.054141  -0.090779  0.219  0.379  0.571  P  d3
  9005   2814.062  -0.211693  -0.090549  0.219  0.379  0.571  P  d3
  9006   2814.375  +0.014444  +0.141256  0.219  0.324  0.571  P  d2
  9007   2814.688  +0.073028  -0.100120  0.219  0.324  0.571  P  d3
  9008   2815.000  -0.147706  +0.001629  0.234  0.324  0.571  P  d3
  9009   2815.312  -0.134013  +0.206190  0.234  0.324  0.571  P  d3
  9010   2815.625  +0.084007  +0.094941  0.234  0.324  0.571  P  d3
  9011   2815.938  +0.193622  -0.017868  0.234  0.324  0.571  P  d3
  9012   2816.250  +0.004232  -0.102191  0.250  0.324  0.571  P  d3
  9013   2816.562  -0.067764  +0.021764  0.250  0.324  0.571  P  d3
  9014   2816.875  +0.098536  +0.092209  0.250  0.324  0.571  P  d3
  9015   2817.188  +0.103509  -0.235457  0.250  0.324  0.571  P  d3
  9016   2817.500  -0.100286  -0.089913  0.250  0.324  0.579  P  d3
  9017   2817.812  -0.095335  +0.058695  0.234  0.324  0.579  P  d0
  9018   2818.125  -0.148053  +0.183241  0.219  0.210  0.579  P  d3
  9019   2818.438  +0.048357  +0.197718  0.203  0.210  0.579  P  d3
  9020   2818.750  +0.183103  -0.072804  0.203  0.210  0.579  P  d0
  9021   2819.062  +0.030925  -0.050157  0.188  0.210  0.579  P  d0
  9022   2819.375  +0.065440  -0.020991  0.188  0.210  0.579  P  d3
  9023   2819.688  -0.081753  -0.092322  0.203  0.210  0.579  P  d0
  9024   2820.000  -0.070360  -0.010509  0.219  0.210  0.579  P  d3
  9025   2820.312  -0.015743  +0.047459  0.203  0.210  0.579  P  d3
  9026   2820.625  +0.152360  -0.062973  0.219  0.210  0.579  P  d2
  9027   2820.938  -0.090374  -0.032374  0.234  0.210  0.579  P  d3
  9028   2821.250  -0.105568  +0.098743  0.250  0.210  0.579  P  d3
  9029   2821.562  +0.145117  +0.196241  0.234  0.210  0.579  P  d3
  9030   2821.875  +0.280593  -0.153299  0.234  0.044  0.579  T  d3
  9031   2822.188  -0.088425  -0.351571  0.219  0.044  0.579  T  d3
  9032   2822.500  -0.256990  +0.038692  0.234  0.044  0.562  T  d0
  9033   2822.812  -0.135932  +0.153173  0.234  0.044  0.562  T  d3
  9034   2823.125  +0.102121  +0.060023  0.234  0.044  0.562  T  d0
  9035   2823.438  +0.114121  -0.022227  0.234  0.044  0.562  T  d3
  9036   2823.750  -0.026218  -0.044401  0.234  0.044  0.562  T  d3
  9037   2824.062  -0.059948  +0.012208  0.250  0.044  0.562  T  d1
  9038   2824.375  +0.002087  -0.077120  0.250  0.044  0.562  T  d2
  9039   2824.688  -0.076469  +0.094849  0.250  0.044  0.562  T  d0
  9040   2825.000  -0.072519  +0.196313  0.250  0.044  0.562  T  d3
  9041   2825.312  +0.009990  +0.013193  0.250  0.044  0.562  T  d2
  9042   2825.625  -0.050289  -0.020606  0.266  0.000  0.562  T  d2
  9043   2825.938  +0.183738  +0.049615  0.266  0.000  0.562  T  d0
  9044   2826.250  +0.203744  -0.103254  0.266  0.000  0.562  T  d0
  9045   2826.562  +0.080159  -0.080628  0.266  0.000  0.562  T  d3
  9046   2826.875  -0.126019  -0.175967  0.281  0.000  0.562  T  d3
  9047   2827.188  -0.030752  +0.035944  0.297  0.000  0.562  T  d1
  9048   2827.500  -0.062093  -0.093536  0.312  0.000  0.588  T  d3
  9049   2827.812  -0.114948  +0.082396  0.328  0.000  0.588  T  d3
  9050   2828.125  +0.076670  +0.204742  0.312  0.000  0.588  T  d1
  9051   2828.438  -0.030345  +0.012752  0.328  0.000  0.588  T  d3
  9052   2828.750  +0.095748  +0.097245  0.328  0.000  0.588  T  d3
  9053   2829.062  +0.022484  -0.097818  0.312  0.000  0.588  T  d3
  9054   2829.375  -0.115230  -0.124020  0.297  0.005  0.588  T  d0
  9055   2829.688  -0.042332  -0.064127  0.297  0.005  0.588  T  d0
  9056   2830.000  -0.082499  -0.083893  0.281  0.005  0.588  T  d2
  9057   2830.312  +0.000853  +0.058440  0.281  0.005  0.588  T  d0
  9058   2830.625  +0.028089  +0.099746  0.281  0.005  0.588  T  d0
  9059   2830.938  +0.074359  +0.042254  0.281  0.005  0.588  T  d0
  9060   2831.250  +0.014190  +0.020156  0.281  0.005  0.588  T  d1
  9061   2831.562  -0.086622  +0.005867  0.297  0.005  0.588  T  d3
  9062   2831.875  +0.005490  +0.091227  0.312  0.005  0.588  T  d3
  9063   2832.188  +0.133496  +0.086594  0.312  0.005  0.588  T  d0
  9064   2832.500  +0.146343  +0.008652  0.312  0.005  0.584  T  d3
  9065   2832.812  +0.083435  -0.200203  0.297  0.005  0.584  T  d3
  9066   2833.125  -0.145534  -0.097795  0.297  0.004  0.584  T  d3
  9067   2833.438  -0.105952  +0.114692  0.281  0.004  0.584  T  d1
  9068   2833.750  -0.079512  -0.023049  0.281  0.004  0.584  T  d0
  9069   2834.062  -0.027908  -0.045517  0.281  0.004  0.584  T  d2
  9070   2834.375  +0.026025  +0.040707  0.281  0.004  0.584  T  d3
  9071   2834.688  +0.011864  -0.039694  0.281  0.004  0.584  T  d3
  9072   2835.000  -0.044151  -0.000780  0.281  0.004  0.584  T  d2
  9073   2835.312  +0.131105  +0.081622  0.281  0.004  0.584  T  d0
  9074   2835.625  +0.150450  +0.096146  0.281  0.004  0.584  T  d3
  9075   2835.938  +0.063190  -0.032867  0.281  0.004  0.584  T  d1
  9076   2836.250  +0.016134  +0.043297  0.266  0.004  0.584  T  d2
  9077   2836.562  +0.028265  -0.089102  0.250  0.004  0.584  T  d0
  9078   2836.875  -0.073701  -0.238981  0.250  0.072  0.584  T  d0
  9079   2837.188  -0.125355  -0.101963  0.250  0.072  0.584  T  d0
  9080   2837.500  -0.214050  -0.033595  0.250  0.072  0.575  T  d0
  9081   2837.812  -0.151562  +0.025889  0.266  0.072  0.575  T  d3
  9082   2838.125  +0.007977  +0.200844  0.266  0.072  0.575  T  d0
  9083   2838.438  +0.202580  +0.234951  0.266  0.072  0.575  T  d3
  9084   2838.750  +0.133714  -0.148642  0.266  0.072  0.575  T  d3
  9085   2839.062  -0.117451  -0.034412  0.266  0.072  0.575  T  d2
  9086   2839.375  +0.128919  +0.146092  0.266  0.072  0.575  T  d2
  9087   2839.688  -0.026919  -0.203372  0.250  0.072  0.575  T  d3
  9088   2840.000  -0.199471  -0.045694  0.234  0.072  0.575  T  d3
  9089   2840.312  -0.123863  +0.234524  0.234  0.072  0.575  T  d3
  9090   2840.625  +0.219019  +0.031569  0.234  0.099  0.575  T  d3
  9091   2840.938  +0.088449  -0.140326  0.219  0.099  0.575  T  d2
  9092   2841.250  -0.030021  +0.020362  0.203  0.099  0.575  T  d0
  9093   2841.562  -0.054002  +0.082763  0.203  0.099  0.575  T  d0
  9094   2841.875  -0.034849  +0.079344  0.203  0.099  0.575  T  d3
  9095   2842.188  +0.077478  +0.054917  0.203  0.099  0.575  T  d3
  9096   2842.500  +0.151067  -0.089459  0.188  0.099  0.575  T  d3
  9097   2842.812  -0.156725  -0.083975  0.188  0.099  0.575  T  d2
  9098   2843.125  +0.087411  +0.163862  0.188  0.099  0.575  T  d3
  9099   2843.438  +0.134143  -0.150725  0.188  0.099  0.575  T  d3
  9100   2843.750  -0.040786  -0.114686  0.188  0.099  0.575  T  d2
  9101   2844.062  +0.151889  +0.118487  0.172  0.099  0.575  T  d3
  9102   2844.375  +0.071363  -0.180594  0.172  0.033  0.575  T  d3
  9103   2844.688  -0.219841  -0.235801  0.172  0.033  0.575  T  d0
  9104   2845.000  -0.235628  -0.089750  0.172  0.033  0.575  T  d3
  9105   2845.312  -0.122111  +0.098943  0.188  0.033  0.575  T  d3
  9106   2845.625  +0.053620  +0.295334  0.172  0.033  0.575  T  d2
  9107   2845.938  +0.003904  -0.060693  0.172  0.033  0.575  T  d3
  9108   2846.250  -0.171079  +0.041033  0.172  0.033  0.575  T  d3
  9109   2846.562  +0.030964  +0.188960  0.172  0.033  0.575  T  d3
  9110   2846.875  +0.115486  -0.078018  0.172  0.033  0.575  T  d2
  9111   2847.188  -0.143246  +0.120794  0.172  0.033  0.575  T  d3
  9112   2847.500  +0.023496  +0.145015  0.156  0.033  0.567  T  d0
  9113   2847.812  +0.237233  +0.183421  0.141  0.033  0.567  T  d3
  9114   2848.125  +0.265007  -0.078031  0.141  0.081  0.567  T  d3
  9115   2848.438  -0.034851  -0.280122  0.125  0.081  0.567  T  d1
  9116   2848.750  +0.126147  +0.076140  0.125  0.081  0.567  T  d3
  9117   2849.062  +0.091610  -0.249552  0.125  0.081  0.567  T  d3
  9118   2849.375  -0.191053  -0.147736  0.125  0.081  0.567  T  d2
  9119   2849.688  +0.029926  +0.166590  0.125  0.081  0.567  T  d3
  9120   2850.000  +0.055177  -0.076661  0.141  0.081  0.567  T  d3
  9121   2850.312  -0.113772  -0.000333  0.141  0.081  0.567  T  d0
  9122   2850.625  -0.134449  -0.063740  0.141  0.081  0.567  T  d1
  9123   2850.938  +0.083411  -0.080617  0.141  0.081  0.567  T  d3
  9124   2851.250  -0.019534  -0.076978  0.141  0.081  0.567  T  d3
  9125   2851.562  -0.185025  -0.016920  0.125  0.081  0.567  T  d3
  9126   2851.875  -0.167642  +0.160776  0.109  0.130  0.567  P  d3
  9127   2852.188  +0.004554  +0.271002  0.125  0.130  0.567  P  d3
  9128   2852.500  +0.232407  +0.040413  0.125  0.130  0.584  P  d3
  9129   2852.812  +0.024312  -0.276217  0.125  0.130  0.584  P  d3
  9130   2853.125  -0.114211  -0.106253  0.125  0.130  0.584  P  d3
  9131   2853.438  -0.058784  +0.306283  0.125  0.130  0.584  P  d3
  9132   2853.750  +0.130300  +0.022375  0.125  0.130  0.584  P  d3
  9133   2854.062  +0.057704  -0.121228  0.125  0.130  0.584  P  d1
  9134   2854.375  +0.084216  -0.008935  0.141  0.130  0.584  P  d3
  9135   2854.688  +0.019968  -0.027810  0.156  0.130  0.584  P  d3
  9136   2855.000  -0.092978  -0.170628  0.141  0.130  0.584  P  d0
  9137   2855.312  -0.265070  -0.132739  0.141  0.130  0.584  P  d3
  9138   2855.625  -0.159121  +0.184954  0.141  0.170  0.584  P  d3
  9139   2855.938  +0.243415  +0.505726  0.141  0.170  0.584  P  d3
  9140   2856.250  +0.449824  -0.302753  0.141  0.170  0.584  P  d3
  9141   2856.562  -0.318590  -0.167059  0.141  0.170  0.584  P  d0
  9142   2856.875  -0.244342  -0.022384  0.156  0.170  0.584  P  d0
  9143   2857.188  -0.439204  -0.032479  0.156  0.170  0.584  P  d3
  9144   2857.500  +0.062892  +0.438841  0.172  0.170  0.601  P  d3
  9145   2857.812  +0.582593  +0.110787  0.156  0.170  0.601  P  d3
  9146   2858.125  +0.152242  -0.270989  0.172  0.170  0.601  P  d3
  9147   2858.438  -0.233721  -0.006773  0.172  0.170  0.601  P  d2
  9148   2858.750  +0.115338  +0.023026  0.172  0.170  0.601  P  d2
  9149   2859.062  -0.411939  +0.005341  0.188  0.170  0.601  P  d3
  9150   2859.375  -0.114615  +0.563455  0.188  0.209  0.601  P  d3
  9151   2859.688  +0.550216  -0.009147  0.188  0.209  0.601  P  d0
  9152   2860.000  +0.300043  -0.177885  0.188  0.209  0.601  P  d3
  9153   2860.312  -0.032049  -0.103647  0.188  0.209  0.601  P  d2
  9154   2860.625  +0.043658  +0.034551  0.188  0.209  0.601  P  d3
  9155   2860.938  +0.344610  -0.076830  0.188  0.209  0.601  P  d3
  9156   2861.250  +0.044222  -0.289537  0.188  0.209  0.601  P  d3
  9157   2861.562  -0.262975  -0.022907  0.188  0.209  0.601  P  d1
  9158   2861.875  -0.115903  -0.224496  0.188  0.209  0.601  P  d0
  9159   2862.188  -0.204162  -0.078170  0.188  0.209  0.601  P  d2
  9160   2862.500  +0.184969  +0.191514  0.188  0.209  0.588  P  d3
  9161   2862.812  +0.170517  -0.416187  0.188  0.209  0.588  P  d3
  9162   2863.125  -0.139247  -0.184966  0.188  0.238  0.588  P  d3
  9163   2863.438  -0.038401  +0.072092  0.203  0.238  0.588  P  d1
  9164   2863.750  -0.423404  -0.114262  0.203  0.238  0.588  P  d3
  9165   2864.062  -0.394248  +0.382826  0.203  0.238  0.588  P  d0
  9166   2864.375  -0.022816  +0.274386  0.203  0.238  0.588  P  d0
  9167   2864.688  -0.025118  +0.194505  0.203  0.238  0.588  P  d3
  9168   2865.000  +0.316623  +0.008682  0.219  0.238  0.588  P  d2
  9169   2865.312  -0.079676  -0.070901  0.203  0.238  0.588  P  d1
  9170   2865.625  +0.242906  -0.037781  0.203  0.238  0.588  P  d3
  9171   2865.938  -0.070335  -0.253933  0.203  0.238  0.588  P  d3
  9172   2866.250  -0.108007  +0.040322  0.203  0.238  0.588  P  d3
  9173   2866.562  +0.144286  +0.211005  0.203  0.238  0.588  P  d0
  9174   2866.875  +0.147548  +0.111912  0.188  0.271  0.588  P  d1
  9175   2867.188  -0.041571  +0.098424  0.172  0.271  0.588  P  d0
  9176   2867.500  -0.117008  +0.086282  0.188  0.271  0.571  P  d1
  9177   2867.812  -0.088732  -0.214406  0.188  0.271  0.571  P  d0
  9178   2868.125  -0.166979  -0.193482  0.188  0.271  0.571  P  d2
  9179   2868.438  +0.224520  +0.058094  0.188  0.271  0.571  P  d1
  9180   2868.750  +0.010065  +0.226482  0.188  0.271  0.571  P  d0
  9181   2869.062  +0.066853  +0.323884  0.188  0.271  0.571  P  d3
  9182   2869.375  +0.222583  -0.152846  0.188  0.271  0.571  P  d1
  9183   2869.688  +0.159698  +0.043618  0.188  0.271  0.571  P  d3
  9184   2870.000  +0.061534  -0.358154  0.172  0.271  0.571  P  d3
  9185   2870.312  -0.178676  -0.241057  0.172  0.271  0.571  P  d0
  9186   2870.625  -0.276269  -0.084966  0.172  0.307  0.571  P  d2
  9187   2870.938  +0.087920  +0.012515  0.172  0.307  0.571  P  d1
  9188   2871.250  +0.162887  +0.242037  0.172  0.307  0.571  P  d1
  9189   2871.562  -0.052950  +0.131490  0.172  0.307  0.571  P  d2
  9190   2871.875  +0.052897  -0.174380  0.172  0.307  0.571  P  d3
  9191   2872.188  -0.197570  -0.321207  0.172  0.307  0.571  P  d3
  9192   2872.500  -0.615858  +0.152105  0.172  0.307  0.558  P  d3
  9193   2872.812  +0.233452  +0.412188  0.172  0.307  0.558  P  d3
  9194   2873.125  +0.216281  +0.056891  0.172  0.307  0.558  P  d0
  9195   2873.438  +0.351599  -0.124091  0.172  0.307  0.558  P  d2
  9196   2873.750  -0.290055  -0.115043  0.172  0.307  0.558  P  d3
  9197   2874.062  +0.046659  +0.540516  0.188  0.307  0.558  P  d3
  9198   2874.375  +0.407856  -0.182331  0.172  0.331  0.558  P  d3
  9199   2874.688  -0.061423  -0.190675  0.156  0.331  0.558  P  d0
  9200   2875.000  -0.023381  -0.337565  0.172  0.331  0.558  P  d3
  9201   2875.312  -0.175308  -0.044880  0.188  0.331  0.558  P  d3
  9202   2875.625  -0.087563  +0.097601  0.188  0.331  0.558  P  d3
  9203   2875.938  +0.021863  +0.078303  0.203  0.331  0.558  P  d3
  9204   2876.250  +0.020619  -0.017736  0.203  0.331  0.558  P  d3
  9205   2876.562  -0.022518  -0.029175  0.203  0.331  0.558  P  d3
  9206   2876.875  -0.034825  +0.012149  0.188  0.331  0.558  P  d3
  9207   2877.188  -0.027598  +0.060449  0.203  0.331  0.558  P  d0
  9208   2877.500  +0.012707  +0.053969  0.203  0.331  0.567  P  d3
  9209   2877.812  +0.021353  +0.002415  0.219  0.331  0.567  P  d3
  9210   2878.125  +0.018674  -0.025804  0.203  0.291  0.567  P  d1
  9211   2878.438  +0.002917  +0.012210  0.203  0.291  0.567  P  d3
  9212   2878.750  +0.023904  -0.036956  0.203  0.291  0.567  P  d3
  9213   2879.062  -0.037883  -0.025046  0.188  0.291  0.567  P  d3
  9214   2879.375  -0.029099  +0.038097  0.188  0.291  0.567  P  d3
  9215   2879.688  +0.002671  +0.005314  0.188  0.291  0.567  P  d2
  9216   2880.000  -0.001573  -0.003336  0.188  0.291  0.567  P  d3
  9217   2880.312  -0.018138  +0.011656  0.203  0.291  0.567  P  d3
  9218   2880.625  +0.033153  +0.037936  0.188  0.291  0.567  P  d3
  9219   2880.938  +0.036501  -0.002552  0.188  0.291  0.567  P  d3
  9220   2881.250  +0.006374  -0.017399  0.188  0.291  0.567  P  d1
  9221   2881.562  +0.008672  -0.000798  0.188  0.291  0.567  P  d3
  9222   2881.875  -0.003315  -0.020704  0.188  0.000  0.567  T  d0
  9223   2882.188  -0.017538  -0.023347  0.188  0.000  0.567  T  d3
  9224   2882.500  -0.009913  +0.019946  0.203  0.000  0.584  T  d3
  9225   2882.812  +0.008702  +0.005998  0.219  0.000  0.584  T  d2
  9226   2883.125  -0.001828  -0.003708  0.219  0.000  0.584  T  d2
  9227   2883.438  +0.015851  +0.019777  0.219  0.000  0.584  T  d2
  9228   2883.750  -0.010115  -0.019411  0.234  0.000  0.584  T  d0
  9229   2884.062  -0.021480  -0.019663  0.250  0.000  0.584  T  d3
  9230   2884.375  -0.020813  +0.007192  0.250  0.000  0.584  T  d3
  9231   2884.688  +0.027756  +0.026215  0.250  0.000  0.584  T  d0
  9232   2885.000  +0.023366  +0.010082  0.234  0.000  0.584  T  d0
  9233   2885.312  +0.022019  -0.007772  0.234  0.000  0.584  T  d3
  9234   2885.625  -0.004603  -0.024205  0.234  0.000  0.584  T  d0
  9235   2885.938  -0.032642  -0.044064  0.250  0.000  0.584  T  d3
  9236   2886.250  -0.044717  +0.025248  0.266  0.000  0.584  T  d3
  9237   2886.562  +0.009913  +0.038858  0.266  0.000  0.584  T  d3
  9238   2886.875  +0.007678  -0.005491  0.266  0.000  0.584  T  d0
  9239   2887.188  +0.013686  -0.009994  0.281  0.000  0.584  T  d0
  9240   2887.500  +0.013301  -0.006213  0.266  0.000  0.575  T  d0
  9241   2887.812  +0.001519  -0.003235  0.281  0.000  0.575  T  d2
  9242   2888.125  -0.027389  +0.025261  0.297  0.000  0.575  T  d3
  9243   2888.438  +0.033519  +0.022786  0.297  0.000  0.575  T  d3
  9244   2888.750  +0.001221  -0.016576  0.297  0.000  0.575  T  d3
  9245   2889.062  -0.033725  +0.011617  0.297  0.000  0.575  T  d3
  9246   2889.375  +0.029798  +0.025625  0.297  0.000  0.575  T  d3
  9247   2889.688  +0.024772  -0.015416  0.297  0.000  0.575  T  d3
  9248   2890.000  -0.002455  -0.027142  0.312  0.000  0.575  T  d0
  9249   2890.312  +0.007051  -0.036227  0.312  0.000  0.575  T  d3
  9250   2890.625  -0.030772  -0.027054  0.328  0.000  0.575  T  d3
  9251   2890.938  -0.000833  +0.023600  0.328  0.000  0.575  T  d3
  9252   2891.250  +0.021393  -0.004349  0.328  0.000  0.575  T  d2
  9253   2891.562  -0.025428  -0.009384  0.328  0.000  0.575  T  d3
  9254   2891.875  -0.025863  +0.033376  0.344  0.000  0.575  T  d3
  9255   2892.188  +0.014980  +0.018915  0.344  0.000  0.575  T  d0
  9256   2892.500  +0.008707  +0.005162  0.344  0.000  0.558  T  d0
  9257   2892.812  +0.029854  +0.004644  0.344  0.000  0.558  T  d3
  9258   2893.125  -0.006947  -0.028125  0.344  0.000  0.558  T  d0
  9259   2893.438  -0.007924  -0.005384  0.344  0.000  0.558  T  d0
  9260   2893.750  -0.008216  -0.011811  0.359  0.000  0.558  T  d0
  9261   2894.062  -0.025115  -0.028298  0.344  0.000  0.558  T  d3
  9262   2894.375  -0.034596  +0.007256  0.344  0.000  0.558  T  d3
  9263   2894.688  +0.023339  +0.068308  0.344  0.000  0.558  T  d3
  9264   2895.000  +0.038162  -0.013208  0.328  0.000  0.558  T  d3
  9265   2895.312  -0.005105  -0.022247  0.312  0.000  0.558  T  d3
  9266   2895.625  -0.012019  +0.001077  0.328  0.000  0.558  T  d0
  9267   2895.938  -0.012482  +0.013485  0.312  0.000  0.558  T  d0
  9268   2896.250  -0.001371  +0.015045  0.328  0.000  0.558  T  d3
  9269   2896.562  +0.015015  +0.002170  0.328  0.000  0.558  T  d3
  9270   2896.875  +0.001186  -0.019012  0.328  0.000  0.558  T  d0
  9271   2897.188  +0.004386  -0.007341  0.328  0.000  0.558  T  d2
  9272   2897.500  +0.000598  +0.003957  0.328  0.000  0.549  T  d0
  9273   2897.812  +0.004130  +0.010476  0.312  0.000  0.549  T  d0
  9274   2898.125  +0.004648  +0.005559  0.312  0.000  0.549  T  d2
  9275   2898.438  -0.002628  -0.002085  0.312  0.000  0.549  T  d3
  9276   2898.750  -0.005431  +0.001636  0.312  0.000  0.549  T  d1
  9277   2899.062  -0.003022  -0.008812  0.312  0.000  0.549  T  d2
  9278   2899.375  -0.004811  +0.009994  0.328  0.000  0.549  T  d2
  9279   2899.688  +0.005544  -0.006372  0.328  0.000  0.549  T  d0
  9280   2900.000  +0.001101  -0.009563  0.344  0.000  0.549  T  d1
  9281   2900.312  +0.007344  +0.008607  0.344  0.000  0.549  T  d0
  9282   2900.625  +0.006900  +0.000845  0.344  0.006  0.549  T  d2
  9283   2900.938  -0.004018  -0.000485  0.344  0.006  0.549  T  d3
  9284   2901.250  -0.001323  +0.001924  0.344  0.006  0.549  T  d2
  9285   2901.562  +0.005153  -0.005566  0.359  0.006  0.549  T  d0
  9286   2901.875  +0.011277  -0.008837  0.359  0.006  0.549  T  d0
  9287   2902.188  +0.002483  -0.015448  0.359  0.006  0.549  T  d3
  9288   2902.500  -0.019684  -0.006019  0.344  0.006  0.524  T  d3
  9289   2902.812  -0.016488  +0.022121  0.344  0.006  0.524  T  d3
  9290   2903.125  +0.006224  +0.019396  0.344  0.006  0.524  T  d2
  9291   2903.438  +0.003585  -0.011466  0.344  0.006  0.524  T  d0
  9292   2903.750  -0.001200  -0.004059  0.328  0.006  0.524  T  d2
  9293   2904.062  +0.000490  +0.007448  0.312  0.006  0.524  T  d3
  9294   2904.375  +0.017421  -0.005711  0.312  0.003  0.524  T  d3
  9295   2904.688  -0.004766  -0.023612  0.312  0.003  0.524  T  d3
  9296   2905.000  -0.015263  -0.007975  0.328  0.003  0.524  T  d3
  9297   2905.312  -0.009576  +0.018155  0.328  0.003  0.524  T  d0
  9298   2905.625  +0.004100  +0.014353  0.344  0.003  0.524  T  d3
  9299   2905.938  +0.001113  -0.001547  0.328  0.003  0.524  T  d0
  9300   2906.250  +0.003234  -0.003588  0.312  0.003  0.524  T  d1
  9301   2906.562  +0.004116  +0.008502  0.328  0.003  0.524  T  d2
  9302   2906.875  -0.002380  -0.004137  0.328  0.003  0.524  T  d0
  9303   2907.188  -0.002571  -0.005405  0.328  0.003  0.524  T  d0
  9304   2907.500  -0.001311  -0.002612  0.328  0.003  0.528  T  d3
  9305   2907.812  -0.005452  +0.000114  0.312  0.003  0.528  T  d3
  9306   2908.125  -0.000640  +0.013969  0.297  0.004  0.528  T  d3
  9307   2908.438  +0.010622  +0.010880  0.297  0.004  0.528  T  d3
  9308   2908.750  +0.003212  -0.009477  0.297  0.004  0.528  T  d2
  9309   2909.062  -0.006122  +0.004848  0.312  0.004  0.528  T  d0
  9310   2909.375  -0.002489  +0.006355  0.312  0.004  0.528  T  d3
  9311   2909.688  +0.006798  -0.001416  0.328  0.004  0.528  T  d0
  9312   2910.000  +0.007389  -0.001230  0.328  0.004  0.528  T  d0
  9313   2910.312  +0.017597  -0.014251  0.344  0.004  0.528  T  d3
  9314   2910.625  -0.008641  -0.009160  0.344  0.004  0.528  T  d3
  9315   2910.938  -0.012202  +0.003055  0.344  0.004  0.528  T  d3
  9316   2911.250  +0.001110  +0.012054  0.359  0.004  0.528  T  d0
  9317   2911.562  +0.001966  +0.007514  0.359  0.004  0.528  T  d3
  9318   2911.875  +0.014440  +0.002216  0.344  0.002  0.528  T  d3
  9319   2912.188  -0.001228  -0.026868  0.328  0.002  0.528  T  d3
  9320   2912.500  -0.011381  -0.005573  0.328  0.002  0.511  T  d0
  9321   2912.812  -0.005397  +0.001465  0.344  0.002  0.511  T  d2
  9322   2913.125  +0.004728  +0.001499  0.359  0.002  0.511  T  d0
  9323   2913.438  +0.005376  +0.008832  0.375  0.002  0.511  T  d3
  9324   2913.750  +0.004757  +0.000990  0.375  0.002  0.511  T  d1
  9325   2914.062  +0.005190  +0.009887  0.391  0.002  0.511  T  d3
  9326   2914.375  +0.013825  +0.000852  0.406  0.002  0.511  T  d3
  9327   2914.688  -0.006627  -0.008240  0.422  0.002  0.511  T  d0
  9328   2915.000  -0.007770  -0.016284  0.422  0.002  0.511  T  d3
  9329   2915.312  -0.019380  +0.005384  0.422  0.002  0.511  T  d0
  9330   2915.625  -0.004135  -0.000810  0.406  0.000  0.511  T  d3
  9331   2915.938  -0.001049  +0.003770  0.422  0.000  0.511  T  d2
  9332   2916.250  +0.007081  -0.007557  0.406  0.000  0.511  T  d0
  9333   2916.562  +0.014285  -0.002477  0.406  0.000  0.511  T  d3
  9334   2916.875  +0.010374  -0.026403  0.406  0.000  0.511  T  d0
  9335   2917.188  +0.007741  -0.012422  0.391  0.000  0.511  T  d3
  9336   2917.500  -0.011699  -0.021577  0.391  0.000  0.528  T  d2
  9337   2917.812  +0.006318  +0.005357  0.391  0.000  0.528  T  d2
  9338   2918.125  -0.005901  -0.003149  0.391  0.000  0.528  T  d2
  9339   2918.438  +0.016328  +0.001186  0.391  0.000  0.528  T  d2
  9340   2918.750  -0.015871  -0.006083  0.406  0.000  0.528  T  d0
  9341   2919.062  -0.008348  -0.014226  0.406  0.000  0.528  T  d3
  9342   2919.375  -0.039977  +0.007523  0.391  0.000  0.528  T  d0
  9343   2919.688  -0.028283  +0.007066  0.391  0.000  0.528  T  d0
  9344   2920.000  -0.041296  +0.014905  0.391  0.000  0.528  T  d0
  9345   2920.312  -0.043739  -0.016574  0.375  0.000  0.528  T  d0
  9346   2920.625  -0.060027  +0.012274  0.375  0.000  0.528  T  d1
  9347   2920.938  -0.031248  -0.027459  0.391  0.000  0.528  T  d0
  9348   2921.250  -0.045325  +0.000412  0.391  0.000  0.528  T  d1
  9349   2921.562  -0.033576  -0.034230  0.375  0.000  0.528  T  d3
  9350   2921.875  -0.011219  +0.017528  0.375  0.000  0.528  T  d1
  9351   2922.188  -0.022981  +0.000263  0.391  0.000  0.528  T  d3
  9352   2922.500  +0.044179  +0.076289  0.391  0.000  0.532  T  d0
  9353   2922.812  +0.013485  +0.102135  0.375  0.000  0.532  T  d0
  9354   2923.125  +0.094417  +0.131180  0.375  0.000  0.532  T  d0
  9355   2923.438  +0.010993  +0.244739  0.375  0.000  0.532  T  d0
  9356   2923.750  +0.084220  +0.195602  0.375  0.000  0.532  T  d0
  9357   2924.062  -0.004951  +0.423538  0.375  0.000  0.532  T  d0
  9358   2924.375  +0.046219  +0.173819  0.375  0.000  0.532  T  d0
  9359   2924.688  -0.159342  +0.668150  0.375  0.000  0.532  T  d3
  9360   2925.000  +0.313473  -0.023636  0.375  0.000  0.532  T  d1
  9361   2925.312  -1.125144  +1.757306  0.375  0.000  0.532  T  d2
  9362   2925.625  +3.469136  -4.916706  0.359  0.000  0.532  T  d0
  9363   2925.938  +1.256261  -3.622480  0.359  0.000  0.532  T  d2
  9364   2926.250  -0.434144  +1.744152  0.359  0.000  0.532  T  d1
  9365   2926.562  -0.932794  -0.355234  0.344  0.000  0.532  T  d2
  9366   2926.875  +0.861008  +0.154553  0.344  0.000  0.532  T  d2
  9367   2927.188  -4.194791  +2.281382  0.328  0.000  0.532  T  d0
  9368   2927.500  -5.338797  +4.566182  0.328  0.000  0.532  T  d2
  9369   2927.812  +1.102561  -0.815416  0.328  0.000  0.532  T  d2
  9370   2928.125  -1.319885  +1.094667  0.328  0.000  0.532  T  d2
  9371   2928.438  +5.834664  -5.007694  0.344  0.000  0.532  T  d0
  9372   2928.750  +0.635835  -1.605174  0.344  0.000  0.532  T  d2
  9373   2929.062  -0.698643  +1.179765  0.344  0.000  0.532  T  d1
  9374   2929.375  -0.703462  -1.131642  0.344  0.000  0.532  T  d2
  9375   2929.688  +5.021366  +6.360340  0.344  0.000  0.532  T  d0
  9376   2930.000  +1.685109  +0.826599  0.328  0.000  0.532  T  d1
  9377   2930.312  -0.381250  +0.498640  0.312  0.000  0.532  T  d1
  9378   2930.625  -0.974358  -1.486865  0.297  0.000  0.532  T  d0
  9379   2930.938  -6.608017  -4.299560  0.312  0.000  0.532  T  d2
  9380   2931.250  +1.192061  +0.836059  0.297  0.000  0.532  T  d1
  9381   2931.562  -0.925157  +0.674094  0.297  0.000  0.532  T  d2
  9382   2931.875  +1.681895  -0.928391  0.297  0.000  0.532  T  d0
  9383   2932.188  +4.503874  -6.257997  0.312  0.000  0.532  T  d2
  9384   2932.500  -1.147685  +1.305891  0.312  0.000  0.524  T  d2
  9385   2932.812  +0.876326  -1.178663  0.312  0.000  0.524  T  d2
  9386   2933.125  -3.964316  +5.347388  0.297  0.000  0.524  T  d0
  9387   2933.438  -1.697705  +3.767173  0.297  0.000  0.524  T  d2
  9388   2933.750  +0.169932  -1.746822  0.281  0.000  0.524  T  d2
  9389   2934.062  -0.022139  +0.209551  0.281  0.000  0.524  T  d2
  9390   2934.375  +0.221533  -0.682288  0.266  0.000  0.524  T  d1
  9391   2934.688  +0.561440  -0.239250  0.250  0.000  0.524  T  d0
  9392   2935.000  +0.691518  -0.440571  0.250  0.000  0.524  T  d1
  9393   2935.312  +0.192284  +0.142060  0.250  0.000  0.524  T  d3
  9394   2935.625  +0.288369  -0.139283  0.266  0.000  0.524  T  d2
  9395   2935.938  -0.138868  +0.304659  0.250  0.000  0.524  T  d3
  9396   2936.250  +0.085971  +0.096256  0.250  0.000  0.524  T  d3
  9397   2936.562  +0.164779  -0.008228  0.266  0.000  0.524  T  d1
  9398   2936.875  +0.063014  +0.105568  0.266  0.000  0.524  T  d2
  9399   2937.188  -0.218235  -0.277088  0.266  0.000  0.524  T  d3
  9400   2937.500  -0.045217  +0.019595  0.250  0.000  0.502  T  d2
  9401   2937.812  +0.106642  -0.040257  0.266  0.000  0.502  T  d1
  9402   2938.125  +0.088857  +0.138180  0.266  0.000  0.502  T  d0
  9403   2938.438  +0.161656  +0.149198  0.281  0.000  0.502  T  d2
  9404   2938.750  -0.152260  -0.187620  0.266  0.000  0.502  T  d0
  9405   2939.062  -0.002943  -0.001723  0.266  0.000  0.502  T  d3
  9406   2939.375  -0.126280  +0.083235  0.281  0.000  0.502  T  d0
  9407   2939.688  -0.087499  +0.256908  0.281  0.000  0.502  T  d3
  9408   2940.000  +0.183829  +0.052679  0.281  0.000  0.502  T  d2
  9409   2940.312  -0.131279  -0.047810  0.281  0.000  0.502  T  d1
  9410   2940.625  +0.244300  -0.180764  0.281  0.000  0.502  T  d0
  9411   2940.938  +0.692268  -0.275294  0.266  0.000  0.502  T  d3
  9412   2941.250  +0.047493  -0.540446  0.281  0.000  0.502  T  d3
  9413   2941.562  -0.530764  -0.457155  0.281  0.000  0.502  T  d3
  9414   2941.875  -0.585545  +0.244338  0.281  0.000  0.502  T  d0
  9415   2942.188  -0.431627  +0.742507  0.266  0.000  0.502  T  d3
  9416   2942.500  +0.347038  +0.552261  0.266  0.000  0.506  T  d0
  9417   2942.812  +0.712984  +0.331222  0.266  0.000  0.506  T  d3
  9418   2943.125  +0.477578  -0.532822  0.266  0.000  0.506  T  d0
  9419   2943.438  +0.110555  -0.825499  0.250  0.000  0.506  T  d3
  9420   2943.750  -0.421473  -0.361375  0.250  0.000  0.506  T  d0
  9421   2944.062  -0.756380  +0.009066  0.250  0.000  0.506  T  d3
  9422   2944.375  +0.224673  +0.454473  0.250  0.000  0.506  T  d2
  9423   2944.688  +0.043947  -0.442311  0.250  0.000  0.506  T  d3
  9424   2945.000  -0.853081  -0.134534  0.234  0.000  0.506  T  d3
  9425   2945.312  -0.292605  +0.728430  0.234  0.000  0.506  T  d0
  9426   2945.625  +0.172805  +0.720077  0.234  0.000  0.506  T  d3
  9427   2945.938  +0.683168  +0.323544  0.250  0.000  0.506  T  d3
  9428   2946.250  +0.602293  -0.422940  0.250  0.000  0.506  T  d0
  9429   2946.562  +0.272304  -0.748057  0.250  0.000  0.506  T  d3
  9430   2946.875  -0.441052  -0.458693  0.250  0.000  0.506  T  d3
  9431   2947.188  -0.664955  -0.003474  0.266  0.000  0.506  T  d3
  9432   2947.500  -0.336213  +0.600052  0.266  0.000  0.519  T  d0
  9433   2947.812  +0.119705  +0.744546  0.281  0.000  0.519  T  d3
  9434   2948.125  +0.523719  +0.007908  0.281  0.000  0.519  T  d0
  9435   2948.438  +0.098988  -0.087396  0.266  0.000  0.519  T  d2
  9436   2948.750  -0.044580  +0.112466  0.266  0.000  0.519  T  d2
  9437   2949.062  +0.068414  -0.243946  0.250  0.000  0.519  T  d0
  9438   2949.375  -0.056272  -0.138727  0.250  0.000  0.519  T  d1
  9439   2949.688  +0.216154  -0.358565  0.234  0.000  0.519  T  d0
  9440   2950.000  +0.277717  -0.140377  0.234  0.000  0.519  T  d2
  9441   2950.312  -0.113307  +0.155404  0.234  0.000  0.519  T  d2
  9442   2950.625  +0.087537  -0.044867  0.250  0.000  0.519  T  d2
  9443   2950.938  -0.274776  +0.296571  0.234  0.000  0.519  T  d0
  9444   2951.250  -0.079506  +0.074869  0.234  0.000  0.519  T  d1
  9445   2951.562  -0.043442  -0.062666  0.234  0.000  0.519  T  d3
  9446   2951.875  -0.036816  +0.059744  0.234  0.000  0.519  T  d1
  9447   2952.188  -0.367056  -0.494553  0.219  0.000  0.519  T  d1
  9448   2952.500  +0.188819  -0.119051  0.234  0.000  0.502  T  d1
  9449   2952.812  +0.114020  +0.172988  0.234  0.000  0.502  T  d1
  9450   2953.125  -0.119590  +0.043631  0.234  0.000  0.502  T  d3
  9451   2953.438  +0.319577  +0.190691  0.219  0.000  0.502  T  d1
  9452   2953.750  -0.081242  +0.072601  0.219  0.000  0.502  T  d2
  9453   2954.062  +0.032933  -0.027508  0.203  0.000  0.502  T  d1
  9454   2954.375  +0.076260  +0.210625  0.203  0.000  0.502  T  d1
  9455   2954.688  -0.235737  +0.341998  0.203  0.000  0.502  T  d1
  9456   2955.000  -0.038468  -0.054970  0.219  0.000  0.502  T  d3
  9457   2955.312  -0.090385  -0.000441  0.219  0.000  0.502  T  d2
  9458   2955.625  +0.214912  -0.113647  0.203  0.000  0.502  T  d0
  9459   2955.938  +0.706062  -0.293823  0.203  0.000  0.502  T  d3
  9460   2956.250  +0.125794  -0.753203  0.219  0.000  0.502  T  d3
  9461   2956.562  -0.331201  -0.428886  0.203  0.000  0.502  T  d3
  9462   2956.875  -0.709448  +0.232199  0.203  0.000  0.502  T  d0
  9463   2957.188  -0.379186  +0.735549  0.203  0.000  0.502  T  d3
  9464   2957.500  +0.392917  +0.872435  0.219  0.000  0.519  T  d0
  9465   2957.812  +0.541466  +0.279612  0.203  0.000  0.519  T  d3
  9466   2958.125  +0.637414  -0.651898  0.203  0.000  0.519  T  d3
  9467   2958.438  -0.084787  -0.925208  0.203  0.000  0.519  T  d3
  9468   2958.750  -0.667546  -0.552530  0.203  0.000  0.519  T  d3
  9469   2959.062  -0.694923  +0.104961  0.203  0.000  0.519  T  d3
  9470   2959.375  +0.305661  +0.818507  0.188  0.000  0.519  T  d3
  9471   2959.688  +0.180000  -0.393038  0.203  0.000  0.519  T  d3
  9472   2960.000  -0.669832  -0.206835  0.188  0.000  0.519  T  d3
  9473   2960.312  -0.289852  +0.550489  0.188  0.000  0.519  T  d0
  9474   2960.625  -0.064096  +0.597528  0.188  0.000  0.519  T  d3
  9475   2960.938  +0.703580  +0.369149  0.203  0.000  0.519  T  d3
  9476   2961.250  +0.752838  -0.290888  0.188  0.000  0.519  T  d3
  9477   2961.562  +0.281505  -0.745609  0.188  0.000  0.519  T  d3
  9478   2961.875  -0.352950  -0.528266  0.188  0.000  0.519  T  d3
  9479   2962.188  -0.694445  +0.231182  0.188  0.000  0.519  T  d0
  9480   2962.500  -0.453006  +0.733990  0.203  0.000  0.524  T  d0
  9481   2962.812  +0.117915  +0.895080  0.203  0.000  0.524  T  d3
  9482   2963.125  +0.427666  +0.147896  0.203  0.000  0.524  T  d3
  9483   2963.438  -0.005142  -0.339607  0.203  0.000  0.524  T  d3
  9484   2963.750  -0.233774  +0.034789  0.219  0.000  0.524  T  d2
  9485   2964.062  +0.177865  -0.069865  0.219  0.000  0.524  T  d2
  9486   2964.375  -0.415949  +0.142746  0.219  0.000  0.524  T  d2
  9487   2964.688  +1.516233  -0.880972  0.219  0.000  0.524  T  d0
  9488   2965.000  +1.799611  -1.589679  0.234  0.000  0.524  T  d2
  9489   2965.312  -0.551353  +0.204831  0.234  0.000  0.524  T  d2
  9490   2965.625  +0.446470  -0.327810  0.250  0.000  0.524  T  d2
  9491   2965.938  -2.368564  +1.860707  0.250  0.000  0.524  T  d0
  9492   2966.250  -0.227800  +0.591606  0.250  0.000  0.524  T  d2
  9493   2966.562  +0.302175  -0.429643  0.250  0.000  0.524  T  d1
  9494   2966.875  +0.299606  +0.444422  0.250  0.000  0.524  T  d2
  9495   2967.188  -1.927263  -2.427419  0.250  0.000  0.524  T  d0
  9496   2967.500  -0.674008  -0.190900  0.250  0.000  0.498  T  d1
  9497   2967.812  +0.054463  -0.123931  0.234  0.000  0.498  T  d1
  9498   2968.125  +0.368720  +0.576738  0.234  0.000  0.498  T  d0
  9499   2968.438  +2.589962  +1.695641  0.250  0.000  0.498  T  d2
  9500   2968.750  -0.436476  -0.397196  0.250  0.000  0.498  T  d1
  9501   2969.062  +0.370879  -0.265758  0.250  0.000  0.498  T  d2
  9502   2969.375  -0.563003  +0.449415  0.250  0.000  0.498  T  d0
  9503   2969.688  -1.677171  +2.440466  0.250  0.000  0.498  T  d2
  9504   2970.000  +0.489895  -0.539844  0.250  0.000  0.498  T  d2
  9505   2970.312  -0.336258  +0.200355  0.266  0.000  0.498  T  d2
  9506   2970.625  +1.547838  -2.337578  0.266  0.000  0.498  T  d0
  9507   2970.938  +0.698509  -1.618435  0.266  0.000  0.498  T  d2
  9508   2971.250  +0.127654  +0.554246  0.266  0.000  0.498  T  d2
  9509   2971.562  -0.075207  -0.139587  0.281  0.000  0.498  T  d1
  9510   2971.875  +0.538780  +0.086301  0.297  0.000  0.498  T  d2
  9511   2972.188  -1.436643  +0.981242  0.297  0.000  0.498  T  d0
  9512   2972.500  -2.226089  +1.735131  0.281  0.000  0.524  T  d2
  9513   2972.812  +0.219828  -0.345293  0.281  0.000  0.524  T  d2
  9514   2973.125  -0.545727  +0.497849  0.281  0.000  0.524  T  d2
  9515   2973.438  +2.093092  -2.044300  0.281  0.000  0.524  T  d0
  9516   2973.750  +0.411956  -0.839253  0.297  0.000  0.524  T  d2
  9517   2974.062  -0.275991  +0.465207  0.297  0.000  0.524  T  d1
  9518   2974.375  -0.233234  -0.366859  0.297  0.000  0.524  T  d2
  9519   2974.688  +2.036494  +2.703277  0.297  0.000  0.524  T  d0
  9520   2975.000  +0.515193  +0.379422  0.281  0.000  0.524  T  d2
  9521   2975.312  -0.207625  -0.013496  0.281  0.000  0.524  T  d0
  9522   2975.625  -0.590279  -0.667272  0.281  0.000  0.524  T  d0
  9523   2975.938  -2.651828  -1.849498  0.297  0.000  0.524  T  d2
  9524   2976.250  +0.651134  +0.413792  0.281  0.000  0.524  T  d1
  9525   2976.562  -0.362984  +0.463841  0.281  0.000  0.524  T  d2
  9526   2976.875  +0.882573  -0.413844  0.297  0.000  0.524  T  d0
  9527   2977.188  +1.820165  -2.283846  0.297  0.000  0.524  T  d2
  9528   2977.500  -0.673560  +0.435069  0.281  0.000  0.498  T  d2
  9529   2977.812  +0.365760  -0.529178  0.281  0.000  0.498  T  d2
  9530   2978.125  -1.616151  +2.091120  0.281  0.000  0.498  T  d0
  9531   2978.438  -0.670049  +1.277548  0.281  0.000  0.498  T  d2
  9532   2978.750  +0.292026  -0.655753  0.281  0.000  0.498  T  d2
  9533   2979.062  -0.020500  +0.161996  0.281  0.000  0.498  T  d2
  9534   2979.375  +0.074000  -0.268468  0.281  0.008  0.498  T  d1
  9535   2979.688  +0.183296  +0.036570  0.266  0.008  0.498  T  d3
  9536   2980.000  +0.113806  -0.139875  0.266  0.008  0.498  T  d0
  9537   2980.312  +0.019219  -0.031149  0.266  0.008  0.498  T  d0
  9538   2980.625  +0.125143  -0.094148  0.266  0.008  0.498  T  d2
  9539   2980.938  -0.090362  +0.018184  0.250  0.008  0.498  T  d3
  9540   2981.250  +0.027426  +0.044530  0.266  0.008  0.498  T  d0
  9541   2981.562  +0.120075  +0.037378  0.281  0.008  0.498  T  d0
  9542   2981.875  +0.054189  +0.061137  0.281  0.008  0.498  T  d2
  9543   2982.188  -0.087125  -0.089312  0.281  0.008  0.498  T  d2
  9544   2982.500  +0.006276  +0.071016  0.281  0.008  0.498  T  d0
  9545   2982.812  +0.021601  +0.070463  0.281  0.008  0.498  T  d1
  9546   2983.125  -0.072443  +0.090355  0.281  0.023  0.498  T  d3
  9547   2983.438  +0.171976  +0.035239  0.281  0.023  0.498  T  d0
  9548   2983.750  +0.064145  -0.007290  0.266  0.023  0.498  T  d3
  9549   2984.062  -0.067164  -0.058751  0.266  0.023  0.498  T  d1
  9550   2984.375  +0.026949  -0.152216  0.266  0.023  0.498  T  d2
  9551   2984.688  -0.105804  +0.236296  0.281  0.023  0.498  T  d1
  9552   2985.000  -0.039551  -0.038273  0.266  0.023  0.498  T  d1
  9553   2985.312  +0.068739  -0.068686  0.266  0.023  0.498  T  d1
  9554   2985.625  +0.166971  +0.019276  0.266  0.023  0.498  T  d0
  9555   2985.938  +0.312312  -0.178142  0.250  0.023  0.498  T  d3
  9556   2986.250  +0.073814  -0.341465  0.250  0.023  0.498  T  d3
  9557   2986.562  -0.345849  -0.128161  0.250  0.023  0.498  T  d0
  9558   2986.875  -0.430454  +0.138869  0.250  0.042  0.498  T  d3
  9559   2987.188  -0.182172  +0.439702  0.234  0.042  0.498  T  d3
  9560   2987.500  +0.140263  +0.302829  0.234  0.042  0.532  T  d3
  9561   2987.812  +0.396483  -0.010598  0.234  0.042  0.532  T  d3
  9562   2988.125  +0.222287  -0.364697  0.234  0.042  0.532  T  d0
  9563   2988.438  +0.041485  -0.468040  0.219  0.042  0.532  T  d3
  9564   2988.750  -0.055230  -0.055214  0.219  0.042  0.532  T  d3
  9565   2989.062  -0.359343  +0.251738  0.219  0.042  0.532  T  d3
  9566   2989.375  +0.077441  +0.283301  0.234  0.042  0.532  T  d2
  9567   2989.688  +0.092777  -0.227226  0.234  0.042  0.532  T  d3
  9568   2990.000  -0.554099  -0.163338  0.234  0.042  0.532  T  d3
  9569   2990.312  -0.292202  +0.179628  0.219  0.042  0.532  T  d3
  9570   2990.625  +0.006203  +0.333129  0.219  0.047  0.532  T  d3
  9571   2990.938  +0.445418  +0.167809  0.219  0.047  0.532  T  d0
  9572   2991.250  +0.463785  -0.122972  0.219  0.047  0.532  T  d0
  9573   2991.562  +0.300152  -0.308280  0.219  0.047  0.532  T  d3
  9574   2991.875  -0.058507  -0.160322  0.203  0.047  0.532  T  d3
  9575   2992.188  -0.539123  +0.066667  0.219  0.047  0.532  T  d0
  9576   2992.500  -0.316013  +0.200809  0.219  0.047  0.524  T  d3
  9577   2992.812  +0.036919  +0.403587  0.219  0.047  0.524  T  d3
  9578   2993.125  +0.177293  -0.085641  0.219  0.047  0.524  T  d3
  9579   2993.438  +0.088535  -0.341938  0.234  0.047  0.524  T  d1
  9580   2993.750  +0.051419  +0.081423  0.219  0.047  0.524  T  d3
  9581   2994.062  +0.028837  -0.101773  0.219  0.047  0.524  T  d1
  9582   2994.375  +0.143672  +0.090240  0.219  0.048  0.524  T  d0
  9583   2994.688  +0.141933  +0.039869  0.219  0.048  0.524  T  d3
  9584   2995.000  +0.089370  -0.119962  0.219  0.048  0.524  T  d3
  9585   2995.312  -0.166926  -0.005295  0.234  0.048  0.524  T  d0
  9586   2995.625  -0.170779  -0.115742  0.234  0.048  0.524  T  d3
  9587   2995.938  -0.159853  +0.107676  0.234  0.048  0.524  T  d3
  9588   2996.250  +0.046392  +0.046715  0.250  0.048  0.524  T  d3
  9589   2996.562  +0.040830  -0.009554  0.266  0.048  0.524  T  d1
  9590   2996.875  +0.028541  +0.059239  0.250  0.048  0.524  T  d2
  9591   2997.188  -0.056751  -0.185714  0.266  0.048  0.524  T  d1
  9592   2997.500  +0.082288  +0.024433  0.281  0.048  0.506  T  d1
  9593   2997.812  -0.067746  +0.038700  0.281  0.048  0.506  T  d1
  9594   2998.125  -0.057487  -0.041127  0.281  0.049  0.506  T  d2
  9595   2998.438  +0.105249  +0.176372  0.266  0.049  0.506  T  d1
  9596   2998.750  -0.073885  -0.007990  0.266  0.049  0.506  T  d2
  9597   2999.062  +0.169264  -0.041809  0.266  0.049  0.506  T  d0
  9598   2999.375  +0.048745  +0.014582  0.266  0.049  0.506  T  d2
  9599   2999.688  -0.183773  +0.084132  0.266  0.049  0.506  T  d2
  9600   3000.000  +0.072710  -0.135902  0.281  0.049  0.506  T  d2
  9601   3000.312  -0.000458  +0.103490  0.281  0.049  0.506  T  d0
  9602   3000.625  +0.112365  +0.168477  0.281  0.049  0.506  T  d3
  9603   3000.938  +0.312252  -0.076234  0.281  0.049  0.506  T  d3
  9604   3001.250  -0.046814  -0.366377  0.281  0.049  0.506  T  d0
  9605   3001.562  -0.338268  -0.321291  0.266  0.049  0.506  T  d3
  9606   3001.875  -0.507739  +0.088398  0.266  0.025  0.506  T  d0
  9607   3002.188  -0.159757  +0.199329  0.266  0.025  0.506  T  d3
  9608   3002.500  +0.285796  +0.388860  0.266  0.025  0.511  T  d0
  9609   3002.812  +0.329217  +0.141891  0.266  0.025  0.511  T  d3
  9610   3003.125  +0.417312  -0.295968  0.281  0.025  0.511  T  d0
  9611   3003.438  +0.077485  -0.226406  0.297  0.025  0.511  T  d3
  9612   3003.750  -0.170211  -0.126631  0.297  0.025  0.511  T  d3
  9613   3004.062  -0.294654  +0.253099  0.297  0.025  0.511  T  d3
  9614   3004.375  +0.004216  +0.348042  0.297  0.025  0.511  T  d2
  9615   3004.688  -0.156502  -0.357714  0.297  0.025  0.511  T  d3
  9616   3005.000  -0.550986  -0.077316  0.297  0.025  0.511  T  d0
  9617   3005.312  -0.245185  +0.117969  0.297  0.025  0.511  T  d3
  9618   3005.625  +0.290230  +0.223533  0.281  0.023  0.511  T  d0
  9619   3005.938  +0.562797  +0.141021  0.297  0.023  0.511  T  d0
  9620   3006.250  +0.580243  -0.345901  0.297  0.023  0.511  T  d0
  9621   3006.562  +0.399682  -0.320816  0.297  0.023  0.511  T  d3
  9622   3006.875  -0.356112  -0.111937  0.297  0.023  0.511  T  d0
  9623   3007.188  -0.557621  +0.198954  0.297  0.023  0.511  T  d0
  9624   3007.500  -0.479198  +0.445071  0.312  0.023  0.494  T  d3
  9625   3007.812  -0.014808  +0.447986  0.312  0.023  0.494  T  d3
  9626   3008.125  +0.232518  -0.057901  0.312  0.023  0.494  T  d3
  9627   3008.438  +0.006686  -0.256288  0.312  0.023  0.494  T  d3
  9628   3008.750  -0.102750  -0.088803  0.328  0.023  0.494  T  d1
  9629   3009.062  +0.074695  -0.012519  0.328  0.023  0.494  T  d2
  9630   3009.375  -0.226717  +0.239190  0.312  0.061  0.494  T  d2
  9631   3009.688  +0.843971  -0.385527  0.312  0.061  0.494  T  d0
  9632   3010.000  +1.072291  -0.700999  0.328  0.061  0.494  T  d2
  9633   3010.312  -0.342524  +0.135393  0.328  0.061  0.494  T  d2
  9634   3010.625  +0.136368  -0.290202  0.312  0.061  0.494  T  d2
  9635   3010.938  -1.129367  +0.935643  0.328  0.061  0.494  T  d0
  9636   3011.250  -0.122935  +0.315784  0.328  0.061  0.494  T  d2
  9637   3011.562  +0.112356  -0.237128  0.312  0.061  0.494  T  d1
  9638   3011.875  +0.116777  +0.229968  0.312  0.061  0.494  T  d2
  9639   3012.188  -0.961231  -1.290794  0.312  0.061  0.494  T  d0
  9640   3012.500  -0.243347  -0.257428  0.312  0.061  0.502  T  d2
  9641   3012.812  +0.073086  +0.072586  0.297  0.061  0.502  T  d0
  9642   3013.125  +0.166728  +0.427856  0.297  0.117  0.502  T  d0
  9643   3013.438  +1.306869  +0.891027  0.297  0.117  0.502  T  d2
  9644   3013.750  -0.310292  -0.223423  0.297  0.117  0.502  T  d1
  9645   3014.062  +0.180019  -0.113724  0.297  0.117  0.502  T  d2
  9646   3014.375  -0.373241  +0.139505  0.297  0.117  0.502  T  d0
  9647   3014.688  -0.932036  +1.158631  0.297  0.117  0.502  T  d2
  9648   3015.000  +0.313004  -0.364931  0.312  0.117  0.502  T  d2
  9649   3015.312  -0.042605  +0.079456  0.297  0.117  0.502  T  d2
  9650   3015.625  +0.941687  -1.080854  0.297  0.117  0.502  T  d0
  9651   3015.938  +0.361337  -0.616228  0.281  0.117  0.502  T  d2
  9652   3016.250  +0.039311  +0.326935  0.281  0.117  0.502  T  d2
  9653   3016.562  -0.071430  -0.062249  0.266  0.117  0.502  T  d2
  9654   3016.875  +0.248471  +0.091232  0.266  0.178  0.502  P  d1
  9655   3017.188  -0.830140  +0.453788  0.250  0.178  0.502  P  d0
  9656   3017.500  -1.104310  +0.802266  0.234  0.178  0.506  P  d2
  9657   3017.812  +0.164490  -0.398495  0.250  0.178  0.506  P  d3
  9658   3018.125  -0.266664  -0.092978  0.250  0.178  0.506  P  d1
  9659   3018.438  +1.164517  -0.944826  0.266  0.178  0.506  P  d0
  9660   3018.750  +0.094605  -0.137641  0.266  0.178  0.506  P  d2
  9661   3019.062  -0.075840  +0.362572  0.266  0.178  0.506  P  d2
  9662   3019.375  -0.044626  -0.091048  0.266  0.178  0.506  P  d2
  9663   3019.688  +0.904863  +1.274548  0.281  0.178  0.506  P  d0
  9664   3020.000  +0.146691  +0.117677  0.266  0.178  0.506  P  d2
  9665   3020.312  -0.303033  -0.017615  0.266  0.178  0.506  P  d1
  9666   3020.625  -0.240822  -0.336912  0.266  0.286  0.506  P  d0
  9667   3020.938  -1.184756  -0.927060  0.281  0.286  0.506  P  d2
  9668   3021.250  +0.400894  +0.059150  0.266  0.286  0.506  P  d1
  9669   3021.562  -0.066036  +0.106479  0.266  0.286  0.506  P  d3
  9670   3021.875  +0.235781  -0.048952  0.266  0.286  0.506  P  d0
  9671   3022.188  +0.804284  -1.126429  0.266  0.286  0.506  P  d2
  9672   3022.500  -0.238769  +0.361125  0.266  0.286  0.506  P  d2
  9673   3022.812  +0.172322  -0.049116  0.266  0.286  0.506  P  d2
  9674   3023.125  -0.869231  +1.103202  0.250  0.286  0.506  P  d0
  9675   3023.438  -0.262948  +0.769471  0.234  0.286  0.506  P  d2
  9676   3023.750  -0.041869  -0.155161  0.250  0.286  0.506  P  d2
  9677   3024.062  -0.012800  +0.060038  0.250  0.286  0.506  P  d1
  9678   3024.375  -0.188322  -0.069450  0.250  0.361  0.506  P  d1
  9679   3024.688  +0.715240  -0.469307  0.234  0.361  0.506  P  d0
  9680   3025.000  +0.951339  -0.949705  0.234  0.361  0.506  P  d2
  9681   3025.312  -0.158060  +0.105029  0.234  0.361  0.506  P  d2
  9682   3025.625  +0.376636  -0.200443  0.234  0.361  0.506  P  d2
  9683   3025.938  -0.999511  +0.979046  0.234  0.361  0.506  P  d0
  9684   3026.250  -0.046852  +0.304421  0.250  0.361  0.506  P  d2
  9685   3026.562  +0.137390  -0.198043  0.266  0.361  0.506  P  d1
  9686   3026.875  +0.147484  +0.242402  0.281  0.361  0.506  P  d2
  9687   3027.188  -0.946223  -1.219404  0.297  0.361  0.506  P  d3
  9688   3027.500  -0.308646  +0.009238  0.297  0.361  0.502  P  d0
  9689   3027.812  -0.032186  +0.019876  0.312  0.361  0.502  P  d3
  9690   3028.125  +0.167963  +0.229275  0.312  0.369  0.502  P  d0
  9691   3028.438  +1.336768  +0.784838  0.328  0.369  0.502  P  d2
  9692   3028.750  -0.243476  -0.319582  0.328  0.369  0.502  P  d1
  9693   3029.062  +0.312962  -0.272932  0.344  0.369  0.502  P  d2
  9694   3029.375  -0.288375  +0.197376  0.344  0.369  0.502  P  d0
  9695   3029.688  -1.034211  +1.217091  0.359  0.369  0.502  P  d2
  9696   3030.000  +0.288136  -0.280505  0.359  0.369  0.502  P  d2
  9697   3030.312  -0.205693  +0.237735  0.359  0.369  0.502  P  d2
  9698   3030.625  +0.798418  -1.148770  0.375  0.369  0.502  P  d0
  9699   3030.938  +0.410236  -0.900975  0.375  0.369  0.502  P  d2
  9700   3031.250  +0.025078  +0.279980  0.391  0.369  0.502  P  d2
  9701   3031.562  -0.037028  -0.073150  0.406  0.369  0.502  P  d1
  9702   3031.875  +0.259683  +0.051188  0.406  0.382  0.502  P  d2
  9703   3032.188  -0.780710  +0.434626  0.406  0.382  0.502  P  d0
  9704   3032.500  -1.095729  +0.817616  0.422  0.382  0.506  P  d2
  9705   3032.812  +0.238084  -0.166993  0.438  0.382  0.506  P  d2
  9706   3033.125  -0.286396  +0.257171  0.453  0.382  0.506  P  d2
  9707   3033.438  +1.141486  -0.868970  0.438  0.382  0.506  P  d0
  9708   3033.750  +0.141499  -0.260156  0.438  0.382  0.506  P  d2
  9709   3034.062  -0.268839  +0.236443  0.438  0.382  0.506  P  d1
  9710   3034.375  -0.368834  -0.212050  0.438  0.382  0.506  P  d2
  9711   3034.688  +0.659709  +0.999030  0.438  0.382  0.506  P  d3
  9712   3035.000  +0.195343  +0.033792  0.422  0.382  0.506  P  d2
  9713   3035.312  -0.246253  -0.187766  0.422  0.382  0.506  P  d1
  9714   3035.625  -0.001503  -0.114125  0.422  0.389  0.506  P  d0
  9715   3035.938  -0.097988  -0.118016  0.438  0.389  0.506  P  d0
  9716   3036.250  -0.008028  -0.104080  0.422  0.389  0.506  P  d0
  9717   3036.562  -0.023208  -0.072595  0.422  0.389  0.506  P  d0
  9718   3036.875  +0.013831  -0.061594  0.438  0.389  0.506  P  d0
  9719   3037.188  +0.009751  -0.028834  0.438  0.389  0.506  P  d0
  9720   3037.500  +0.018343  -0.028585  0.438  0.389  0.494  P  d0
  9721   3037.812  +0.014015  -0.005922  0.422  0.389  0.494  P  d2
  9722   3038.125  -0.006903  +0.006727  0.422  0.389  0.494  P  d0
  9723   3038.438  -0.004238  +0.028194  0.422  0.389  0.494  P  d0
  9724   3038.750  -0.015362  +0.029211  0.422  0.389  0.494  P  d0
  9725   3039.062  -0.008304  +0.021917  0.422  0.389  0.494  P  d1
  9726   3039.375  -0.030515  +0.003796  0.438  0.402  0.494  P  d0
  9727   3039.688  -0.021953  +0.014917  0.422  0.402  0.494  P  d0
  9728   3040.000  -0.004812  +0.010466  0.438  0.402  0.494  P  d1
  9729   3040.312  -0.005582  -0.008405  0.438  0.402  0.494  P  d0
  9730   3040.625  -0.020185  -0.009886  0.438  0.402  0.494  P  d0
  9731   3040.938  -0.011333  -0.001475  0.438  0.402  0.494  P  d0
  9732   3041.250  -0.001913  +0.000402  0.438  0.402  0.494  P  d0
  9733   3041.562  -0.003701  -0.000265  0.453  0.402  0.494  P  d2
  9734   3041.875  +0.009390  +0.009412  0.469  0.402  0.494  P  d0
  9735   3042.188  +0.013730  +0.002960  0.469  0.402  0.494  P  d0
  9736   3042.500  +0.015408  +0.005759  0.469  0.402  0.498  P  d0
  9737   3042.812  +0.005207  +0.001302  0.469  0.402  0.498  P  d0
  9738   3043.125  +0.007717  -0.000340  0.484  0.417  0.498  P  d2
  9739   3043.438  -0.004304  -0.002510  0.484  0.417  0.498  P  d3
  9740   3043.750  -0.003551  +0.010657  0.469  0.417  0.498  P  d3
  9741   3044.062  +0.002564  +0.002972  0.469  0.417  0.498  P  d2
  9742   3044.375  -0.002696  -0.006775  0.469  0.417  0.498  P  d3
  9743   3044.688  -0.009544  +0.005571  0.469  0.417  0.498  P  d3
  9744   3045.000  +0.003268  +0.001141  0.469  0.417  0.498  P  d2
  9745   3045.312  -0.006410  +0.002142  0.484  0.417  0.498  P  d2
  9746   3045.625  +0.005057  +0.000615  0.484  0.417  0.498  P  d0
  9747   3045.938  +0.006480  +0.001361  0.469  0.417  0.498  P  d3
  9748   3046.250  +0.009288  -0.009705  0.453  0.417  0.498  P  d3
  9749   3046.562  -0.005947  -0.005584  0.438  0.417  0.498  P  d0
  9750   3046.875  -0.001373  -0.000035  0.422  0.417  0.498  P  d1
  9751   3047.188  -0.002154  -0.002655  0.406  0.417  0.498  P  d2
  9752   3047.500  +0.004307  +0.009354  0.406  0.417  0.524  P  d3
  9753   3047.812  +0.006883  +0.002310  0.406  0.417  0.524  P  d3
  9754   3048.125  -0.004013  -0.008315  0.422  0.417  0.524  P  d0
  9755   3048.438  -0.006664  -0.002733  0.422  0.417  0.524  P  d3
  9756   3048.750  -0.001587  +0.005791  0.406  0.417  0.524  P  d1
  9757   3049.062  -0.003741  +0.001963  0.391  0.417  0.524  P  d0
  9758   3049.375  -0.002645  +0.003379  0.406  0.417  0.524  P  d3
  9759   3049.688  +0.005391  +0.001480  0.406  0.417  0.524  P  d0
  9760   3050.000  +0.014123  -0.007371  0.391  0.417  0.524  P  d3
  9761   3050.312  -0.000440  -0.009615  0.406  0.417  0.524  P  d3
  9762   3050.625  -0.003705  +0.003054  0.406  0.398  0.524  P  d0
  9763   3050.938  -0.008343  -0.000282  0.391  0.398  0.524  P  d3
  9764   3051.250  -0.007050  +0.010452  0.375  0.398  0.524  P  d0
  9765   3051.562  -0.000392  +0.005857  0.359  0.398  0.524  P  d0
  9766   3051.875  -0.000368  +0.003560  0.359  0.398  0.524  P  d3
  9767   3052.188  +0.010849  -0.000457  0.344  0.398  0.524  P  d0
  9768   3052.500  +0.007748  -0.007040  0.328  0.398  0.524  P  d3
  9769   3052.812  -0.003379  -0.007889  0.328  0.398  0.524  P  d0
  9770   3053.125  -0.000893  -0.001853  0.312  0.398  0.524  P  d1
  9771   3053.438  +0.003988  +0.000770  0.312  0.398  0.524  P  d2
  9772   3053.750  -0.008356  -0.006579  0.312  0.398  0.524  P  d3
  9773   3054.062  -0.010488  +0.003617  0.312  0.398  0.524  P  d3
  9774   3054.375  +0.005747  +0.004617  0.312  0.347  0.524  P  d3
  9775   3054.688  +0.004470  -0.001872  0.328  0.347  0.524  P  d2
  9776   3055.000  -0.003429  +0.007076  0.328  0.347  0.524  P  d0
  9777   3055.312  -0.004839  +0.005707  0.328  0.347  0.524  P  d3
  9778   3055.625  +0.001775  +0.002914  0.344  0.347  0.524  P  d3
  9779   3055.938  +0.004975  +0.000248  0.328  0.347  0.524  P  d3
  9780   3056.250  +0.001379  -0.010768  0.328  0.347  0.524  P  d3
  9781   3056.562  -0.011127  +0.003391  0.328  0.347  0.524  P  d3
  9782   3056.875  +0.005424  +0.014519  0.312  0.347  0.524  P  d3
  9783   3057.188  +0.014145  +0.001722  0.328  0.347  0.524  P  d0
  9784   3057.500  +0.007839  -0.005145  0.328  0.347  0.562  P  d0
  9785   3057.812  +0.003238  -0.011358  0.344  0.347  0.562  P  d0
  9786   3058.125  -0.003581  -0.006529  0.344  0.230  0.562  P  d0
  9787   3058.438  -0.003338  -0.003690  0.344  0.230  0.562  P  d1
  9788   3058.750  +0.000796  -0.005308  0.344  0.230  0.562  P  d2
  9789   3059.062  -0.001112  +0.001489  0.344  0.230  0.562  P  d0
  9790   3059.375  -0.006527  +0.001594  0.328  0.230  0.562  P  d0
  9791   3059.688  -0.002294  +0.003580  0.328  0.230  0.562  P  d1
  9792   3060.000  -0.003167  -0.003036  0.328  0.230  0.562  P  d0
  9793   3060.312  -0.004177  -0.002129  0.328  0.230  0.562  P  d0
  9794   3060.625  -0.002578  -0.000388  0.344  0.230  0.562  P  d3
  9795   3060.938  -0.005827  +0.007381  0.328  0.230  0.562  P  d3
  9796   3061.250  +0.006564  +0.009293  0.328  0.230  0.562  P  d3
  9797   3061.562  +0.008993  +0.000365  0.312  0.230  0.562  P  d3
  9798   3061.875  -0.000861  -0.003574  0.312  0.055  0.562  T  d1
  9799   3062.188  +0.004917  -0.006211  0.312  0.055  0.562  T  d3
  9800   3062.500  -0.003394  -0.002913  0.297  0.055  0.562  T  d0
  9801   3062.812  -0.009958  -0.000626  0.297  0.055  0.562  T  d3
  9802   3063.125  -0.006037  +0.006518  0.297  0.055  0.562  T  d3
  9803   3063.438  +0.006968  +0.008034  0.297  0.055  0.562  T  d3
  9804   3063.750  +0.014650  -0.001499  0.297  0.055  0.562  T  d3
  9805   3064.062  +0.001867  -0.009872  0.312  0.055  0.562  T  d3
  9806   3064.375  -0.007441  -0.003471  0.312  0.055  0.562  T  d0
  9807   3064.688  -0.003198  -0.006059  0.312  0.055  0.562  T  d3
  9808   3065.000  -0.008719  +0.000986  0.312  0.055  0.562  T  d3
  9809   3065.312  -0.007171  +0.012272  0.297  0.055  0.562  T  d0
  9810   3065.625  +0.001006  +0.009149  0.297  0.000  0.562  T  d3
  9811   3065.938  +0.012686  +0.001396  0.297  0.000  0.562  T  d3
  9812   3066.250  +0.001571  -0.004482  0.297  0.000  0.562  T  d3
  9813   3066.562  -0.004162  +0.001402  0.297  0.000  0.562  T  d2
  9814   3066.875  +0.004343  -0.001441  0.312  0.000  0.562  T  d0
  9815   3067.188  +0.002131  -0.002120  0.312  0.000  0.562  T  d1
  9816   3067.500  +0.006608  +0.002284  0.297  0.000  0.549  T  d0
  9817   3067.812  +0.011156  -0.004543  0.281  0.000  0.549  T  d3
  9818   3068.125  -0.011067  -0.011463  0.266  0.000  0.549  T  d0
  9819   3068.438  -0.012820  -0.001733  0.250  0.000  0.549  T  d3
  9820   3068.750  -0.006061  +0.008216  0.250  0.000  0.549  T  d3
  9821   3069.062  +0.001458  +0.004328  0.250  0.000  0.549  T  d2
  9822   3069.375  +0.000228  -0.000919  0.234  0.000  0.549  T  d1
  9823   3069.688  +0.007258  +0.001269  0.219  0.000  0.549  T  d0
  9824   3070.000  +0.004567  -0.000987  0.219  0.000  0.549  T  d2
  9825   3070.312  -0.002000  -0.000684  0.219  0.000  0.549  T  d0
  9826   3070.625  -0.007372  +0.003011  0.219  0.000  0.549  T  d3
  9827   3070.938  -0.002390  +0.007991  0.219  0.000  0.549  T  d3
  9828   3071.250  +0.007429  -0.001506  0.234  0.000  0.549  T  d3
  9829   3071.562  +0.002073  -0.003208  0.234  0.000  0.549  T  d0
  9830   3071.875  +0.002581  -0.004997  0.250  0.000  0.549  T  d2
  9831   3072.188  -0.002015  +0.002973  0.250  0.000  0.549  T  d3
  9832   3072.500  +0.004421  +0.004754  0.266  0.000  0.524  T  d3
  9833   3072.812  +0.000802  -0.000498  0.266  0.000  0.524  T  d0
  9834   3073.125  +0.003821  -0.001469  0.266  0.000  0.524  T  d3
  9835   3073.438  -0.000180  -0.009623  0.281  0.000  0.524  T  d3
  9836   3073.750  -0.005912  -0.000701  0.281  0.000  0.524  T  d0
  9837   3074.062  -0.002233  -0.001501  0.281  0.000  0.524  T  d1
  9838   3074.375  +0.000302  -0.002672  0.281  0.000  0.524  T  d2
  9839   3074.688  +0.001481  +0.004829  0.266  0.000  0.524  T  d1
  9840   3075.000  -0.004791  -0.000837  0.266  0.000  0.524  T  d2
  9841   3075.312  +0.003591  +0.000356  0.266  0.000  0.524  T  d3
  9842   3075.625  -0.001566  -0.005940  0.250  0.000  0.524  T  d2
  9843   3075.938  -0.001812  +0.004484  0.250  0.000  0.524  T  d3
  9844   3076.250  +0.005134  +0.007012  0.250  0.000  0.524  T  d2
  9845   3076.562  -0.004657  -0.004783  0.250  0.000  0.524  T  d0
  9846   3076.875  -0.004691  -0.002963  0.250  0.000  0.524  T  d3
  9847   3077.188  -0.003368  +0.001238  0.250  0.000  0.524  T  d3
  9848   3077.500  -0.002252  +0.010596  0.250  0.000  0.532  T  d3
  9849   3077.812  +0.011855  +0.002372  0.250  0.000  0.532  T  d3
  9850   3078.125  +0.010865  -0.007917  0.250  0.000  0.532  T  d3
  9851   3078.438  -0.012053  -0.009603  0.234  0.000  0.532  T  d3
  9852   3078.750  -0.002943  +0.005703  0.250  0.000  0.532  T  d3
  9853   3079.062  +0.005096  +0.000325  0.266  0.000  0.532  T  d2
  9854   3079.375  -0.004570  -0.001280  0.266  0.000  0.532  T  d1
  9855   3079.688  -0.000793  -0.005110  0.266  0.000  0.532  T  d3
  9856   3080.000  -0.004837  -0.001384  0.250  0.000  0.532  T  d0
  9857   3080.312  -0.005037  +0.002666  0.266  0.000  0.532  T  d0
  9858   3080.625  -0.006234  +0.012321  0.250  0.040  0.532  T  d3
  9859   3080.938  +0.015776  +0.005431  0.250  0.040  0.532  T  d0
  9860   3081.250  +0.004579  -0.002068  0.266  0.040  0.532  T  d2
  9861   3081.562  -0.005550  +0.003340  0.266  0.040  0.532  T  d0
  9862   3081.875  -0.000354  +0.000702  0.266  0.040  0.532  T  d2
  9863   3082.188  +0.002329  -0.004186  0.266  0.040  0.532  T  d0
  9864   3082.500  +0.003850  -0.001956  0.281  0.040  0.549  T  d0
  9865   3082.812  +0.002377  -0.000868  0.281  0.040  0.549  T  d3
  9866   3083.125  -0.002363  -0.002157  0.266  0.040  0.549  T  d0
  9867   3083.438  -0.004551  -0.002522  0.266  0.040  0.549  T  d2
  9868   3083.750  +0.005492  +0.008129  0.266  0.040  0.549  T  d3
  9869   3084.062  +0.011054  -0.000073  0.250  0.040  0.549  T  d3
  9870   3084.375  -0.004163  -0.007979  0.250  0.038  0.549  T  d3
  9871   3084.688  -0.015687  -0.004525  0.250  0.038  0.549  T  d3
  9872   3085.000  -0.001391  +0.008348  0.250  0.038  0.549  T  d3
  9873   3085.312  +0.011243  +0.001880  0.250  0.038  0.549  T  d3
  9874   3085.625  +0.008653  -0.010637  0.250  0.038  0.549  T  d3
  9875   3085.938  -0.009360  -0.005399  0.250  0.038  0.549  T  d3
  9876   3086.250  -0.003827  +0.014256  0.266  0.038  0.549  T  d3
  9877   3086.562  +0.006927  -0.002053  0.266  0.038  0.549  T  d2
  9878   3086.875  -0.003747  +0.001196  0.266  0.038  0.549  T  d0
  9879   3087.188  -0.005079  +0.004162  0.266  0.038  0.549  T  d2
  9880   3087.500  +0.003982  -0.002659  0.266  0.038  0.554  T  d0
  9881   3087.812  +0.003225  -0.003875  0.266  0.038  0.554  T  d3
  9882   3088.125  -0.006458  -0.002391  0.281  0.054  0.554  T  d2
  9883   3088.438  +0.003247  +0.002894  0.281  0.054  0.554  T  d0
  9884   3088.750  +0.002312  +0.001769  0.297  0.054  0.554  T  d0
  9885   3089.062  +0.006860  -0.000237  0.297  0.054  0.554  T  d3
  9886   3089.375  +0.003739  -0.009797  0.312  0.054  0.554  T  d3
  9887   3089.688  -0.006882  -0.008532  0.312  0.054  0.554  T  d3
  9888   3090.000  -0.003795  +0.000202  0.312  0.054  0.554  T  d0
  9889   3090.312  -0.007290  +0.005040  0.297  0.054  0.554  T  d3
  9890   3090.625  -0.000719  +0.004913  0.281  0.054  0.554  T  d1
  9891   3090.938  -0.002036  -0.000973  0.281  0.054  0.554  T  d0
  9892   3091.250  -0.000384  -0.000319  0.266  0.054  0.554  T  d3
  9893   3091.562  -0.006929  +0.004202  0.266  0.054  0.554  T  d0
  9894   3091.875  -0.004453  +0.001043  0.250  0.070  0.554  T  d3
  9895   3092.188  +0.004697  +0.007282  0.266  0.070  0.554  T  d0
  9896   3092.500  +0.008698  +0.002566  0.266  0.070  0.524  T  d1
  9897   3092.812  -0.002185  +0.003960  0.250  0.070  0.524  T  d3
  9898   3093.125  +0.003349  +0.002036  0.250  0.070  0.524  T  d3
  9899   3093.438  +0.000813  -0.007121  0.234  0.070  0.524  T  d1
  9900   3093.750  +0.004032  +0.001314  0.250  0.070  0.524  T  d3
  9901   3094.062  +0.002231  -0.001483  0.250  0.070  0.524  T  d2
  9902   3094.375  -0.002359  +0.002470  0.250  0.070  0.524  T  d3
  9903   3094.688  +0.008501  +0.000750  0.250  0.070  0.524  T  d2
  9904   3095.000  -0.003225  -0.001987  0.250  0.070  0.524  T  d2
  9905   3095.312  +0.008497  +0.002593  0.250  0.070  0.524  T  d3
  9906   3095.625  +0.009643  -0.012901  0.266  0.061  0.524  T  d3
  9907   3095.938  -0.006941  -0.006016  0.266  0.061  0.524  T  d0
  9908   3096.250  -0.011214  -0.000306  0.266  0.061  0.524  T  d1
  9909   3096.562  +0.000908  -0.003313  0.266  0.061  0.524  T  d0
  9910   3096.875  -0.002307  -0.005838  0.266  0.061  0.524  T  d3
  9911   3097.188  -0.012716  +0.006922  0.250  0.061  0.524  T  d3
  9912   3097.500  -0.001055  +0.007594  0.250  0.061  0.519  T  d3
  9913   3097.812  +0.006792  -0.003935  0.234  0.061  0.519  T  d0
  9914   3098.125  +0.002280  -0.004275  0.234  0.061  0.519  T  d3
  9915   3098.438  -0.006947  -0.002267  0.234  0.061  0.519  T  d0
  9916   3098.750  -0.009792  +0.004310  0.234  0.061  0.519  T  d3
  9917   3099.062  -0.002799  +0.010322  0.219  0.061  0.519  T  d0
  9918   3099.375  +0.001734  +0.010141  0.219  0.108  0.519  T  d3
  9919   3099.688  +0.015511  +0.001693  0.234  0.108  0.519  T  d3
  9920   3100.000  +0.002744  -0.006438  0.234  0.108  0.519  T  d1
  9921   3100.312  +0.001319  +0.000090  0.234  0.108  0.519  T  d3
  9922   3100.625  -0.000901  -0.006761  0.234  0.108  0.519  T  d3
  9923   3100.938  -0.008791  +0.005928  0.234  0.108  0.519  T  d3
  9924   3101.250  +0.003971  +0.012988  0.219  0.108  0.519  T  d3
  9925   3101.562  +0.011920  -0.000766  0.219  0.108  0.519  T  d3
  9926   3101.875  +0.004270  -0.010423  0.203  0.108  0.519  T  d0
  9927   3102.188  -0.001030  -0.009818  0.219  0.108  0.519  T  d0
  9928   3102.500  -0.006838  -0.013300  0.219  0.108  0.532  T  d3
  9929   3102.812  -0.014748  +0.004913  0.219  0.108  0.532  T  d3
  9930   3103.125  +0.003068  +0.015496  0.234  0.089  0.532  T  d3
  9931   3103.438  +0.005420  +0.000202  0.234  0.089  0.532  T  d0
  9932   3103.750  +0.002852  +0.001114  0.234  0.089  0.532  T  d1
  9933   3104.062  +0.001152  +0.004252  0.250  0.089  0.532  T  d3
  9934   3104.375  +0.013162  -0.001818  0.250  0.089  0.532  T  d3
  9935   3104.688  +0.000882  -0.012363  0.250  0.089  0.532  T  d3
  9936   3105.000  -0.003321  +0.002573  0.266  0.089  0.532  T  d1
  9937   3105.312  -0.004843  -0.006387  0.281  0.089  0.532  T  d0
  9938   3105.625  -0.012517  -0.002371  0.281  0.089  0.532  T  d3
  9939   3105.938  -0.000793  +0.006501  0.297  0.089  0.532  T  d3
  9940   3106.250  +0.003370  -0.001316  0.281  0.089  0.532  T  d2
  9941   3106.562  -0.004590  -0.001538  0.281  0.089  0.532  T  d2
  9942   3106.875  +0.007102  -0.002858  0.266  0.078  0.532  T  d3
  9943   3107.188  -0.004041  -0.001872  0.281  0.078  0.532  T  d3
  9944   3107.500  -0.003977  +0.015499  0.297  0.078  0.515  T  d3
  9945   3107.812  +0.002971  +0.002189  0.297  0.078  0.515  T  d2
  9946   3108.125  -0.004127  -0.006178  0.281  0.078  0.515  T  d2
  9947   3108.438  +0.000231  +0.004064  0.281  0.078  0.515  T  d0
  9948   3108.750  +0.004718  +0.004671  0.266  0.078  0.515  T  d3
  9949   3109.062  +0.010318  -0.001513  0.266  0.078  0.515  T  d3
  9950   3109.375  -0.001789  -0.003200  0.250  0.078  0.515  T  d0
  9951   3109.688  -0.004296  -0.002748  0.250  0.078  0.515  T  d2
  9952   3110.000  +0.003942  +0.000896  0.266  0.078  0.515  T  d0
  9953   3110.312  +0.003271  +0.000439  0.266  0.078  0.515  T  d2
  9954   3110.625  -0.008626  -0.008127  0.281  0.068  0.515  T  d3
  9955   3110.938  -0.004677  +0.003203  0.297  0.068  0.515  T  d3
  9956   3111.250  +0.010397  +0.006265  0.312  0.068  0.515  T  d3
  9957   3111.562  +0.006866  -0.011057  0.312  0.068  0.515  T  d3
  9958   3111.875  -0.000965  +0.000006  0.312  0.068  0.515  T  d0
  9959   3112.188  -0.003803  +0.001139  0.312  0.068  0.515  T  d0
  9960   3112.500  -0.012773  -0.002123  0.297  0.068  0.519  T  d3
  9961   3112.812  -0.006173  +0.004430  0.312  0.068  0.519  T  d0
  9962   3113.125  -0.004554  +0.006633  0.312  0.068  0.519  T  d3
  9963   3113.438  +0.013175  +0.002399  0.328  0.068  0.519  T  d3
  9964   3113.750  +0.005688  -0.008616  0.312  0.068  0.519  T  d0
  9965   3114.062  -0.001597  -0.009546  0.312  0.068  0.519  T  d3
  9966   3114.375  -0.011155  -0.001166  0.328  0.000  0.519  T  d3
  9967   3114.688  -0.001559  +0.011684  0.328  0.000  0.519  T  d0
  9968   3115.000  +0.000282  +0.010997  0.328  0.000  0.519  T  d0
  9969   3115.312  +0.000809  +0.009086  0.344  0.000  0.519  T  d3
  9970   3115.625  +0.013183  +0.000180  0.328  0.000  0.519  T  d0
  9971   3115.938  +0.007102  -0.006584  0.344  0.000  0.519  T  d1
  9972   3116.250  +0.001122  +0.000472  0.344  0.000  0.519  T  d3
  9973   3116.562  +0.000851  -0.006916  0.359  0.000  0.519  T  d3
  9974   3116.875  -0.007142  -0.008273  0.359  0.000  0.519  T  d0
  9975   3117.188  -0.004537  -0.002004  0.375  0.000  0.519  T  d0
  9976   3117.500  -0.001755  -0.003153  0.375  0.000  0.528  T  d2
  9977   3117.812  -0.001304  +0.006469  0.375  0.000  0.528  T  d3
  9978   3118.125  +0.008705  +0.006661  0.375  0.000  0.528  T  d3
  9979   3118.438  +0.006113  -0.007063  0.375  0.000  0.528  T  d3
  9980   3118.750  -0.002243  -0.010543  0.375  0.000  0.528  T  d3
  9981   3119.062  -0.013146  +0.002393  0.375  0.000  0.528  T  d3
  9982   3119.375  -0.004069  +0.007352  0.391  0.000  0.528  T  d3
  9983   3119.688  +0.000863  +0.002132  0.375  0.000  0.528  T  d0
  9984   3120.000  -0.001083  +0.003463  0.391  0.000  0.528  T  d3
  9985   3120.312  +0.002472  +0.003682  0.375  0.000  0.528  T  d0
  9986   3120.625  +0.001867  +0.001094  0.375  0.000  0.528  T  d0
  9987   3120.938  +0.005312  -0.000273  0.375  0.000  0.528  T  d0
  9988   3121.250  +0.003418  -0.001148  0.375  0.000  0.528  T  d3
  9989   3121.562  +0.002346  -0.006150  0.375  0.000  0.528  T  d3
  9990   3121.875  -0.004710  -0.004239  0.375  0.000  0.528  T  d0
  9991   3122.188  -0.001129  -0.001889  0.375  0.000  0.528  T  d3
  9992   3122.500  -0.006305  +0.003843  0.375  0.000  0.554  T  d0
  9993   3122.812  -0.000804  +0.002943  0.391  0.000  0.554  T  d3
  9994   3123.125  +0.003427  +0.001888  0.375  0.000  0.554  T  d0
  9995   3123.438  +0.002270  +0.001811  0.375  0.000  0.554  T  d3
  9996   3123.750  +0.001170  -0.005731  0.375  0.000  0.554  T  d3
  9997   3124.062  -0.005766  +0.002619  0.359  0.000  0.554  T  d0
  9998   3124.375  -0.004309  +0.005370  0.359  0.000  0.554  T  d3
  9999   3124.688  +0.006418  +0.009630  0.359  0.000  0.554  T  d3
 10000   3125.000  +0.012687  -0.000291  0.359  0.000  0.554  T  d0
 10001   3125.312  +0.010736  -0.009866  0.359  0.000  0.554  T  d3
 10002   3125.625  -0.004809  -0.012117  0.359  0.000  0.554  T  d0
 10003   3125.938  -0.010472  -0.005146  0.344  0.000  0.554  T  d3
 10004   3126.250  -0.005295  +0.002502  0.359  0.000  0.554  T  d0
 10005   3126.562  -0.002711  -0.000197  0.359  0.000  0.554  T  d3
 10006   3126.875  +0.002220  +0.002614  0.359  0.000  0.554  T  d0
 10007   3127.188  +0.001799  +0.001971  0.344  0.000  0.554  T  d2
 10008   3127.500  -0.006641  -0.001671  0.344  0.000  0.575  T  d3
 10009   3127.812  -0.004573  +0.002791  0.344  0.000  0.575  T  d3
 10010   3128.125  +0.003517  +0.006377  0.359  0.000  0.575  T  d3
 10011   3128.438  +0.004906  +0.001393  0.359  0.000  0.575  T  d0
 10012   3128.750  +0.000630  +0.000812  0.375  0.000  0.575  T  d3
 10013   3129.062  +0.000404  -0.002571  0.375  0.000  0.575  T  d0
 10014   3129.375  +0.000038  -0.006500  0.391  0.000  0.575  T  d2
 10015   3129.688  +0.000458  +0.001301  0.391  0.000  0.575  T  d0
 10016   3130.000  +0.001065  +0.001650  0.391  0.000  0.575  T  d1
 10017   3130.312  -0.003458  -0.000122  0.391  0.000  0.575  T  d1
 10018   3130.625  +0.001371  -0.001849  0.375  0.000  0.575  T  d2
 10019   3130.938  -0.004119  +0.002377  0.375  0.000  0.575  T  d2
 10020   3131.250  +0.003779  -0.001976  0.359  0.000  0.575  T  d2
 10021   3131.562  -0.005628  -0.000764  0.359  0.000  0.575  T  d3
 10022   3131.875  -0.001878  +0.004403  0.359  0.000  0.575  T  d0
 10023   3132.188  -0.001646  +0.005205  0.359  0.000  0.575  T  d0
 10024   3132.500  +0.000888  +0.003958  0.359  0.000  0.584  T  d0
 10025   3132.812  +0.006714  +0.007424  0.344  0.000  0.584  T  d3
 10026   3133.125  +0.014855  -0.001179  0.344  0.000  0.584  T  d3
 10027   3133.438  +0.006093  -0.015128  0.328  0.000  0.584  T  d3
 10028   3133.750  -0.007921  -0.010482  0.328  0.000  0.584  T  d3
 10029   3134.062  -0.013614  -0.001647  0.328  0.000  0.584  T  d3
 10030   3134.375  -0.001117  +0.013080  0.312  0.000  0.584  T  d3
 10031   3134.688  +0.003809  -0.002176  0.312  0.000  0.584  T  d0
 10032   3135.000  +0.002008  -0.000088  0.312  0.000  0.584  T  d0
 10033   3135.312  +0.004279  -0.003296  0.297  0.000  0.584  T  d3
 10034   3135.625  -0.004947  -0.002834  0.312  0.000  0.584  T  d3
 10035   3135.938  -0.005864  +0.002790  0.312  0.000  0.584  T  d0
 10036   3136.250  -0.002341  +0.004350  0.328  0.000  0.584  T  d3
 10037   3136.562  +0.002715  +0.005656  0.312  0.000  0.584  T  d2
 10038   3136.875  +0.001113  -0.003857  0.312  0.007  0.584  T  d1
 10039   3137.188  +0.001379  +0.000252  0.297  0.007  0.584  T  d0
 10040   3137.500  +0.003972  +0.002821  0.297  0.007  0.541  T  d3
 10041   3137.812  +0.002385  -0.001831  0.312  0.007  0.541  T  d0
 10042   3138.125  +0.002646  -0.001019  0.328  0.007  0.541  T  d3
 10043   3138.438  -0.002154  -0.004361  0.328  0.007  0.541  T  d0
 10044   3138.750  -0.004471  -0.003201  0.312  0.007  0.541  T  d3
 10045   3139.062  +0.000087  +0.003240  0.328  0.007  0.541  T  d0
 10046   3139.375  -0.000387  +0.004973  0.328  0.007  0.541  T  d2
 10047   3139.688  -0.000041  -0.004442  0.344  0.007  0.541  T  d0
 10048   3140.000  +0.000580  -0.006262  0.344  0.007  0.541  T  d3
 10049   3140.312  -0.003390  -0.002856  0.359  0.007  0.541  T  d3
 10050   3140.625  -0.002333  +0.004243  0.375  0.024  0.541  T  d0
 10051   3140.938  -0.000852  +0.006093  0.375  0.024  0.541  T  d3
 10052   3141.250  +0.006245  +0.007466  0.375  0.024  0.541  T  d3
 10053   3141.562  +0.006787  -0.004370  0.375  0.024  0.541  T  d2
 10054   3141.875  -0.007127  +0.000580  0.375  0.024  0.541  T  d0
 10055   3142.188  -0.006320  -0.002027  0.359  0.024  0.541  T  d3
 10056   3142.500  +0.000223  +0.003085  0.344  0.024  0.515  T  d3
 10057   3142.812  +0.004623  -0.004850  0.328  0.024  0.515  T  d3
 10058   3143.125  -0.003889  -0.000438  0.328  0.024  0.515  T  d3
 10059   3143.438  +0.001940  +0.004164  0.328  0.024  0.515  T  d3
 10060   3143.750  +0.004206  -0.002224  0.328  0.024  0.515  T  d1
 10061   3144.062  +0.000572  +0.001688  0.344  0.024  0.515  T  d3
 10062   3144.375  +0.005373  +0.000371  0.359  0.021  0.515  T  d3
 10063   3144.688  +0.000795  -0.004486  0.375  0.021  0.515  T  d2
 10064   3145.000  +0.000475  +0.001111  0.359  0.021  0.515  T  d1
 10065   3145.312  -0.007560  -0.001981  0.344  0.021  0.515  T  d0
 10066   3145.625  -0.000058  -0.000040  0.344  0.021  0.515  T  d0
 10067   3145.938  -0.002195  +0.000309  0.359  0.021  0.515  T  d0
 10068   3146.250  -0.003875  +0.005116  0.359  0.021  0.515  T  d3
 10069   3146.562  +0.007413  +0.006439  0.375  0.021  0.515  T  d3
 10070   3146.875  +0.007927  -0.006325  0.391  0.021  0.515  T  d3
 10071   3147.188  -0.001518  -0.009021  0.406  0.021  0.515  T  d3
 10072   3147.500  -0.007603  -0.004801  0.391  0.021  0.515  T  d0
 10073   3147.812  -0.001276  -0.001476  0.391  0.021  0.515  T  d0
 10074   3148.125  -0.003638  -0.000538  0.375  0.018  0.515  T  d2
 10075   3148.438  +0.001340  +0.001632  0.375  0.018  0.515  T  d1
 10076   3148.750  -0.000385  +0.001653  0.359  0.018  0.515  T  d0
 10077   3149.062  -0.002543  +0.005196  0.375  0.018  0.515  T  d0
 10078   3149.375  -0.001565  +0.004537  0.375  0.018  0.515  T  d0
 10079   3149.688  -0.002264  +0.004359  0.391  0.018  0.515  T  d0
 10080   3150.000  -0.001516  +0.003294  0.391  0.018  0.515  T  d0
 10081   3150.312  -0.001331  +0.001864  0.406  0.018  0.515  T  d0
 10082   3150.625  -0.001094  +0.000266  0.422  0.018  0.515  T  d1
 10083   3150.938  +0.000405  -0.004489  0.422  0.018  0.515  T  d2
 10084   3151.250  +0.001729  +0.006280  0.438  0.018  0.515  T  d3
 10085   3151.562  +0.007082  -0.001658  0.438  0.018  0.515  T  d1
 10086   3151.875  +0.006108  +0.004169  0.438  0.014  0.515  T  d3
 10087   3152.188  +0.007148  -0.009192  0.438  0.014  0.515  T  d1
 10088   3152.500  +0.000330  +0.001856  0.453  0.014  0.494  T  d1
 10089   3152.812  -0.006302  +0.002585  0.469  0.014  0.494  T  d3
 10090   3153.125  +0.008038  +0.003621  0.484  0.014  0.494  T  d2
 10091   3153.438  -0.003668  -0.000955  0.500  0.014  0.494  T  d2
 10092   3153.750  +0.011984  +0.002396  0.516  0.014  0.494  T  d0
 10093   3154.062  +0.000711  +0.000387  0.531  0.014  0.494  T  d0
 10094   3154.375  +0.001224  +0.003499  0.547  0.014  0.494  T  d0
 10095   3154.688  +0.000274  +0.003598  0.562  0.014  0.494  T  d3
 10096   3155.000  +0.008862  -0.003781  0.562  0.014  0.494  T  d2
 10097   3155.312  -0.007562  -0.002418  0.562  0.014  0.494  T  d1
 10098   3155.625  -0.000831  -0.004106  0.547  0.009  0.494  T  d0
 10099   3155.938  -0.000943  -0.003909  0.547  0.009  0.494  T  d0
 10100   3156.250  +0.008440  -0.022378  0.531  0.009  0.494  T  d0
 10101   3156.562  -0.001623  -0.009838  0.531  0.009  0.494  T  d0
 10102   3156.875  +0.010321  -0.026010  0.531  0.009  0.494  T  d0
 10103   3157.188  +0.012488  -0.005777  0.531  0.009  0.494  T  d3
 10104   3157.500  -0.000129  -0.016529  0.547  0.009  0.485  T  d1
 10105   3157.812  +0.020094  +0.003039  0.531  0.009  0.485  T  d3
 10106   3158.125  +0.001238  -0.013039  0.516  0.009  0.485  T  d1
 10107   3158.438  +0.012659  -0.001374  0.516  0.009  0.485  T  d2
 10108   3158.750  -0.022760  -0.001152  0.531  0.009  0.485  T  d0
 10109   3159.062  -0.010053  -0.000873  0.516  0.009  0.485  T  d0
 10110   3159.375  -0.041311  +0.000492  0.500  0.000  0.485  T  d0
 10111   3159.688  -0.036605  -0.005414  0.484  0.000  0.485  T  d0
 10112   3160.000  -0.065051  -0.007036  0.484  0.000  0.485  T  d0
 10113   3160.312  -0.043302  -0.025824  0.469  0.000  0.485  T  d0
 10114   3160.625  -0.066468  -0.021770  0.453  0.000  0.485  T  d0
 10115   3160.938  -0.039684  -0.046166  0.469  0.000  0.485  T  d0
 10116   3161.250  -0.048416  -0.012072  0.469  0.000  0.485  T  d1
 10117   3161.562  -0.021300  -0.045292  0.469  0.000  0.485  T  d2
 10118   3161.875  -0.005396  +0.030166  0.469  0.000  0.485  T  d0
 10119   3162.188  +0.001393  +0.006758  0.484  0.000  0.485  T  d0
 10120   3162.500  +0.044805  +0.093469  0.484  0.000  0.502  T  d0
 10121   3162.812  -0.005510  +0.111472  0.484  0.000  0.502  T  d0
 10122   3163.125  +0.054493  +0.169050  0.484  0.000  0.502  T  d0
 10123   3163.438  -0.063494  +0.262972  0.500  0.000  0.502  T  d0
 10124   3163.750  +0.012297  +0.235798  0.500  0.000  0.502  T  d0
 10125   3164.062  -0.165099  +0.452136  0.484  0.000  0.502  T  d0
 10126   3164.375  -0.024741  +0.210535  0.469  0.000  0.502  T  d0
 10127   3164.688  -0.412380  +0.648584  0.453  0.000  0.502  T  d3
 10128   3165.000  +0.286926  +0.035563  0.469  0.000  0.502  T  d2
 10129   3165.312  -1.758065  +0.958296  0.484  0.000  0.502  T  d2
 10130   3165.625  +5.067466  -3.823263  0.500  0.000  0.502  T  d0
 10131   3165.938  +2.551492  -3.015343  0.484  0.000  0.502  T  d2
 10132   3166.250  -0.902332  +1.853959  0.484  0.000  0.502  T  d1
 10133   3166.562  -0.698964  -0.438622  0.484  0.000  0.502  T  d2
 10134   3166.875  +0.725804  +0.654463  0.484  0.000  0.502  T  d1
 10135   3167.188  -4.970024  +0.844752  0.469  0.000  0.502  T  d0
 10136   3167.500  -6.869462  +2.559173  0.469  0.000  0.489  T  d2
 10137   3167.812  +1.256537  -0.528764  0.469  0.000  0.489  T  d2
 10138   3168.125  -1.613976  +0.519785  0.469  0.000  0.489  T  d2
 10139   3168.438  +7.438394  -3.167168  0.469  0.000  0.489  T  d0
 10140   3168.750  +1.246445  -1.379246  0.469  0.000  0.489  T  d2
 10141   3169.062  -0.964363  +1.117294  0.453  0.000  0.489  T  d1
 10142   3169.375  -0.231109  -1.228974  0.438  0.000  0.489  T  d2
 10143   3169.688  +3.000727  +7.901143  0.422  0.000  0.489  T  d0
 10144   3170.000  +1.383213  +1.281825  0.406  0.000  0.489  T  d1
 10145   3170.312  -0.502441  +0.176548  0.406  0.000  0.489  T  d1
 10146   3170.625  -0.751089  -1.877949  0.391  0.000  0.489  T  d0
 10147   3170.938  -5.211763  -6.303120  0.391  0.000  0.489  T  d2
 10148   3171.250  +1.029898  +1.306249  0.375  0.000  0.489  T  d1
 10149   3171.562  -1.103011  +0.377738  0.375  0.000  0.489  T  d2
 10150   3171.875  +1.856253  -0.585591  0.391  0.000  0.489  T  d0
 10151   3172.188  +6.063324  -4.836636  0.375  0.000  0.489  T  d2
 10152   3172.500  -1.629173  +0.862242  0.359  0.000  0.472  T  d2
 10153   3172.812  +1.119749  -0.849364  0.344  0.000  0.472  T  d2
 10154   3173.125  -5.342153  +4.353131  0.328  0.000  0.472  T  d0
 10155   3173.438  -2.665804  +3.352973  0.312  0.000  0.472  T  d2
 10156   3173.750  +0.821885  -1.635313  0.297  0.000  0.472  T  d2
 10157   3174.062  -0.088236  +0.223757  0.281  0.000  0.472  T  d2
 10158   3174.375  +0.359021  -0.470225  0.266  0.000  0.472  T  d1
 10159   3174.688  +0.429330  -0.045023  0.250  0.000  0.472  T  d0
 10160   3175.000  +0.774927  -0.376337  0.250  0.000  0.472  T  d0
 10161   3175.312  +0.270560  +0.033523  0.250  0.000  0.472  T  d0
 10162   3175.625  +0.375009  -0.166349  0.266  0.000  0.472  T  d1
 10163   3175.938  -0.045100  +0.300766  0.250  0.000  0.472  T  d0
 10164   3176.250  +0.034301  +0.244744  0.250  0.000  0.472  T  d0
 10165   3176.562  +0.131155  +0.159045  0.266  0.000  0.472  T  d0
 10166   3176.875  +0.157973  +0.105512  0.266  0.000  0.472  T  d2
 10167   3177.188  -0.126587  -0.292225  0.281  0.000  0.472  T  d3
 10168   3177.500  -0.232799  -0.076687  0.266  0.000  0.506  T  d1
 10169   3177.812  +0.008676  -0.099415  0.266  0.000  0.506  T  d2
 10170   3178.125  +0.000956  +0.167495  0.266  0.000  0.506  T  d3
 10171   3178.438  +0.259022  +0.196178  0.266  0.000  0.506  T  d3
 10172   3178.750  +0.063618  -0.047746  0.250  0.000  0.506  T  d1
 10173   3179.062  +0.005171  +0.002501  0.250  0.000  0.506  T  d2
 10174   3179.375  -0.137174  -0.052208  0.266  0.000  0.506  T  d3
 10175   3179.688  -0.173097  +0.170880  0.266  0.000  0.506  T  d2
 10176   3180.000  +0.075283  -0.124939  0.266  0.000  0.506  T  d0
 10177   3180.312  +0.050873  -0.141263  0.266  0.000  0.506  T  d1
 10178   3180.625  +0.295791  +0.067821  0.281  0.000  0.506  T  d0
 10179   3180.938  +0.701778  +0.004743  0.281  0.000  0.506  T  d3
 10180   3181.250  +0.313692  -0.469865  0.281  0.000  0.506  T  d3
 10181   3181.562  -0.545569  -0.520292  0.281  0.000  0.506  T  d0
 10182   3181.875  -0.786761  -0.214447  0.281  0.000  0.506  T  d3
 10183   3182.188  -0.623425  +0.503463  0.266  0.000  0.506  T  d3
 10184   3182.500  +0.033621  +0.690977  0.281  0.000  0.519  T  d3
 10185   3182.812  +0.668687  +0.393646  0.281  0.000  0.519  T  d3
 10186   3183.125  +0.800134  -0.299400  0.281  0.000  0.519  T  d3
 10187   3183.438  +0.249141  -0.808920  0.281  0.000  0.519  T  d3
 10188   3183.750  -0.414922  -0.421779  0.297  0.000  0.519  T  d3
 10189   3184.062  -0.848561  +0.156669  0.297  0.000  0.519  T  d3
 10190   3184.375  -0.049414  +0.557746  0.297  0.000  0.519  T  d2
 10191   3184.688  +0.364801  -0.407620  0.312  0.000  0.519  T  d3
 10192   3185.000  -0.662444  -0.356703  0.297  0.000  0.519  T  d3
 10193   3185.312  -0.360636  +0.385100  0.281  0.000  0.519  T  d0
 10194   3185.625  -0.074340  +0.734993  0.266  0.000  0.519  T  d3
 10195   3185.938  +0.489140  +0.561359  0.281  0.000  0.519  T  d3
 10196   3186.250  +0.887747  -0.066607  0.266  0.000  0.519  T  d0
 10197   3186.562  +0.450230  -0.521012  0.250  0.000  0.519  T  d3
 10198   3186.875  -0.442540  -0.707724  0.250  0.000  0.519  T  d0
 10199   3187.188  -0.681279  -0.296047  0.250  0.000  0.519  T  d3
 10200   3187.500  -0.454484  +0.387612  0.250  0.000  0.524  T  d3
 10201   3187.812  +0.066285  +0.537100  0.250  0.000  0.524  T  d3
 10202   3188.125  +0.661410  +0.178274  0.266  0.000  0.524  T  d3
 10203   3188.438  +0.067283  -0.055125  0.266  0.000  0.524  T  d2
 10204   3188.750  -0.189518  +0.151207  0.266  0.000  0.524  T  d1
 10205   3189.062  -0.031169  -0.031805  0.281  0.000  0.524  T  d0
 10206   3189.375  -0.039654  -0.077327  0.281  0.000  0.524  T  d1
 10207   3189.688  +0.162647  -0.202495  0.281  0.000  0.524  T  d0
 10208   3190.000  +0.329962  -0.369539  0.281  0.000  0.524  T  d2
 10209   3190.312  -0.019016  +0.022199  0.266  0.000  0.524  T  d0
 10210   3190.625  -0.021825  +0.152214  0.281  0.000  0.524  T  d0
 10211   3190.938  -0.284899  +0.246645  0.266  0.000  0.524  T  d3
 10212   3191.250  +0.094734  +0.125818  0.281  0.000  0.524  T  d2
 10213   3191.562  +0.004788  -0.038065  0.281  0.000  0.524  T  d2
 10214   3191.875  +0.047465  +0.128956  0.266  0.000  0.524  T  d2
 10215   3192.188  -0.277176  -0.426081  0.266  0.000  0.524  T  d0
 10216   3192.500  -0.177961  -0.286587  0.266  0.000  0.524  T  d1
 10217   3192.812  +0.147396  -0.089092  0.266  0.000  0.524  T  d1
 10218   3193.125  +0.025900  +0.076251  0.266  0.000  0.524  T  d0
 10219   3193.438  +0.273426  +0.340906  0.266  0.000  0.524  T  d0
 10220   3193.750  +0.030017  +0.103409  0.266  0.000  0.524  T  d3
 10221   3194.062  +0.105686  +0.008482  0.266  0.000  0.524  T  d2
 10222   3194.375  -0.084701  -0.004641  0.266  0.000  0.524  T  d0
 10223   3194.688  -0.404909  +0.261542  0.266  0.000  0.524  T  d1
 10224   3195.000  -0.033510  -0.054748  0.281  0.000  0.524  T  d3
 10225   3195.312  -0.033114  +0.058383  0.281  0.000  0.524  T  d3
 10226   3195.625  +0.218184  +0.110383  0.266  0.000  0.524  T  d0
 10227   3195.938  +0.745812  -0.057489  0.266  0.000  0.524  T  d3
 10228   3196.250  +0.285451  -0.553575  0.281  0.000  0.524  T  d3
 10229   3196.562  -0.478275  -0.597807  0.266  0.000  0.524  T  d0
 10230   3196.875  -0.691166  -0.169635  0.266  0.000  0.524  T  d3
 10231   3197.188  -0.443167  +0.480928  0.250  0.000  0.524  T  d3
 10232   3197.500  +0.108169  +0.653437  0.266  0.000  0.502  T  d3
 10233   3197.812  +0.686475  +0.420152  0.266  0.000  0.502  T  d0
 10234   3198.125  +0.672286  -0.097235  0.266  0.000  0.502  T  d3
 10235   3198.438  +0.186092  -0.585511  0.281  0.000  0.502  T  d3
 10236   3198.750  -0.413655  -0.456956  0.281  0.000  0.502  T  d0
 10237   3199.062  -0.845609  -0.131984  0.281  0.000  0.502  T  d3
 10238   3199.375  -0.107208  +0.450575  0.266  0.000  0.502  T  d2
 10239   3199.688  +0.256249  -0.454844  0.281  0.000  0.502  T  d3
 10240   3200.000  -0.566817  -0.379323  0.266  0.000  0.502  T  d3
 10241   3200.312  -0.315857  +0.498621  0.266  0.000  0.502  T  d0
 10242   3200.625  +0.020516  +0.635129  0.250  0.000  0.502  T  d3
 10243   3200.938  +0.763076  +0.615397  0.250  0.000  0.502  T  d0
 10244   3201.250  +0.717961  +0.095676  0.250  0.000  0.502  T  d3
 10245   3201.562  +0.252484  -0.542842  0.250  0.000  0.502  T  d3
 10246   3201.875  -0.312417  -0.623513  0.250  0.000  0.502  T  d3
 10247   3202.188  -0.743967  -0.191653  0.250  0.000  0.502  T  d3
 10248   3202.500  -0.495140  +0.320613  0.250  0.000  0.481  T  d3
 10249   3202.812  -0.007223  +0.800113  0.250  0.000  0.481  T  d3
 10250   3203.125  +0.478745  +0.196454  0.250  0.000  0.481  T  d3
 10251   3203.438  +0.185165  -0.185698  0.234  0.000  0.481  T  d2
 10252   3203.750  -0.338324  +0.110124  0.234  0.000  0.481  T  d2
 10253   3204.062  +0.118799  -0.022656  0.234  0.000  0.481  T  d2
 10254   3204.375  -0.668032  -0.091321  0.234  0.008  0.481  T  d2
 10255   3204.688  +1.574675  -0.407209  0.219  0.008  0.481  T  d0
 10256   3205.000  +2.247620  -0.768028  0.234  0.008  0.481  T  d2
 10257   3205.312  -0.685444  +0.053162  0.234  0.008  0.481  T  d2
 10258   3205.625  +0.526739  -0.125795  0.234  0.008  0.481  T  d2
 10259   3205.938  -2.656849  +0.916252  0.234  0.008  0.481  T  d0
 10260   3206.250  -0.413141  +0.436352  0.234  0.008  0.481  T  d2
 10261   3206.562  +0.393131  -0.297481  0.234  0.008  0.481  T  d1
 10262   3206.875  +0.094506  +0.460352  0.219  0.008  0.481  T  d2
 10263   3207.188  -0.844241  -2.681539  0.234  0.008  0.481  T  d0
 10264   3207.500  -0.484906  -0.323235  0.234  0.008  0.485  T  d1
 10265   3207.812  +0.215286  -0.092147  0.234  0.008  0.485  T  d1
 10266   3208.125  +0.208480  +0.671696  0.219  0.004  0.485  T  d0
 10267   3208.438  +1.647099  +2.321505  0.234  0.004  0.485  T  d2
 10268   3208.750  -0.362353  -0.491001  0.234  0.004  0.485  T  d1
 10269   3209.062  +0.378353  -0.210766  0.219  0.004  0.485  T  d2
 10270   3209.375  -0.671183  +0.026470  0.219  0.004  0.485  T  d0
 10271   3209.688  -2.286041  +1.593202  0.219  0.004  0.485  T  d2
 10272   3210.000  +0.658217  -0.470790  0.234  0.004  0.485  T  d2
 10273   3210.312  -0.262943  +0.237796  0.250  0.004  0.485  T  d2
 10274   3210.625  +2.123931  -1.278678  0.234  0.004  0.485  T  d0
 10275   3210.938  +1.006294  -1.152835  0.234  0.004  0.485  T  d2
 10276   3211.250  -0.153328  +0.455052  0.234  0.004  0.485  T  d2
 10277   3211.562  -0.043500  -0.184399  0.234  0.004  0.485  T  d1
 10278   3211.875  +0.424739  +0.195514  0.234  0.009  0.485  T  d2
 10279   3212.188  -1.636356  +0.366068  0.234  0.009  0.485  T  d0
 10280   3212.500  -2.384912  +1.001990  0.250  0.009  0.489  T  d2
 10281   3212.812  +0.500728  -0.235572  0.266  0.009  0.489  T  d2
 10282   3213.125  -0.445158  +0.321176  0.266  0.009  0.489  T  d2
 10283   3213.438  +2.587681  -1.062130  0.266  0.009  0.489  T  d0
 10284   3213.750  +0.317109  -0.667716  0.266  0.009  0.489  T  d2
 10285   3214.062  -0.461750  +0.275241  0.266  0.009  0.489  T  d1
 10286   3214.375  -0.206155  -0.587011  0.266  0.009  0.489  T  d2
 10287   3214.688  +1.074343  +2.720558  0.281  0.009  0.489  T  d0
 10288   3215.000  +0.419387  +0.512262  0.266  0.009  0.489  T  d1
 10289   3215.312  -0.187864  +0.114246  0.266  0.009  0.489  T  d1
 10290   3215.625  -0.108326  -0.544084  0.281  0.004  0.489  T  d0
 10291   3215.938  -1.890265  -2.231006  0.297  0.004  0.489  T  d2
 10292   3216.250  +0.440376  +0.406246  0.297  0.004  0.489  T  d1
 10293   3216.562  -0.474661  +0.151851  0.297  0.004  0.489  T  d2
 10294   3216.875  +0.633463  -0.254748  0.297  0.004  0.489  T  d0
 10295   3217.188  +2.188970  -1.745682  0.312  0.004  0.489  T  d2
 10296   3217.500  -0.539736  +0.322396  0.297  0.004  0.472  T  d2
 10297   3217.812  +0.624449  -0.302011  0.297  0.004  0.472  T  d2
 10298   3218.125  -1.916343  +1.517577  0.312  0.004  0.472  T  d0
 10299   3218.438  -0.995113  +1.126688  0.297  0.004  0.472  T  d2
 10300   3218.750  +0.247423  -0.478771  0.312  0.004  0.472  T  d2
 10301   3219.062  -0.311126  +0.130404  0.312  0.004  0.472  T  d1
 10302   3219.375  +0.044426  -0.396665  0.312  0.016  0.472  T  d1
 10303   3219.688  +0.192646  -0.001128  0.297  0.016  0.472  T  d0
 10304   3220.000  +0.203533  -0.178882  0.297  0.016  0.472  T  d0
 10305   3220.312  +0.191116  -0.072289  0.297  0.016  0.472  T  d1
 10306   3220.625  +0.339657  +0.236315  0.312  0.016  0.472  T  d1
 10307   3220.938  -0.096654  +0.252966  0.312  0.016  0.472  T  d0
 10308   3221.250  -0.019609  +0.044253  0.312  0.016  0.472  T  d3
 10309   3221.562  +0.066094  +0.016911  0.328  0.016  0.472  T  d1
 10310   3221.875  -0.010090  +0.060055  0.328  0.016  0.472  T  d2
 10311   3222.188  -0.059974  -0.224631  0.328  0.016  0.472  T  d0
 10312   3222.500  -0.020846  -0.033182  0.312  0.016  0.494  T  d0
 10313   3222.812  -0.022367  -0.016879  0.312  0.016  0.494  T  d1
 10314   3223.125  +0.097798  -0.061845  0.328  0.001  0.494  T  d1
 10315   3223.438  +0.118609  +0.232036  0.344  0.001  0.494  T  d1
 10316   3223.750  -0.015878  +0.007187  0.328  0.001  0.494  T  d1
 10317   3224.062  +0.003904  -0.050281  0.328  0.001  0.494  T  d3
 10318   3224.375  -0.055023  +0.005348  0.344  0.001  0.494  T  d0
 10319   3224.688  -0.125323  +0.097772  0.359  0.001  0.494  T  d1
 10320   3225.000  -0.059456  -0.071842  0.359  0.001  0.494  T  d1
 10321   3225.312  +0.044299  -0.036287  0.359  0.001  0.494  T  d0
 10322   3225.625  +0.061646  -0.006994  0.375  0.001  0.494  T  d0
 10323   3225.938  +0.444770  -0.120850  0.375  0.001  0.494  T  d0
 10324   3226.250  +0.150457  -0.219648  0.375  0.001  0.494  T  d3
 10325   3226.562  -0.280659  -0.202268  0.375  0.001  0.494  T  d3
 10326   3226.875  -0.307532  +0.091325  0.375  0.016  0.494  T  d0
 10327   3227.188  -0.343630  +0.280566  0.359  0.016  0.494  T  d3
 10328   3227.500  +0.042192  +0.254879  0.375  0.016  0.528  T  d3
 10329   3227.812  +0.319384  +0.201593  0.375  0.016  0.528  T  d0
 10330   3228.125  +0.275405  -0.034822  0.375  0.016  0.528  T  d3
 10331   3228.438  +0.111725  -0.377119  0.375  0.016  0.528  T  d0
 10332   3228.750  -0.055167  -0.243905  0.375  0.016  0.528  T  d3
 10333   3229.062  -0.335023  -0.061526  0.375  0.016  0.528  T  d3
 10334   3229.375  +0.052146  +0.183616  0.375  0.016  0.528  T  d3
 10335   3229.688  +0.141376  -0.094266  0.391  0.016  0.528  T  d3
 10336   3230.000  -0.358643  -0.153604  0.391  0.016  0.528  T  d3
 10337   3230.312  -0.142465  +0.200897  0.375  0.016  0.528  T  d0
 10338   3230.625  -0.007653  +0.391236  0.375  0.031  0.528  T  d0
 10339   3230.938  +0.135641  +0.196239  0.391  0.031  0.528  T  d3
 10340   3231.250  +0.354202  -0.185854  0.375  0.031  0.528  T  d0
 10341   3231.562  +0.249442  -0.288619  0.375  0.031  0.528  T  d3
 10342   3231.875  -0.140719  -0.430271  0.375  0.031  0.528  T  d3
 10343   3232.188  -0.263059  -0.062059  0.375  0.031  0.528  T  d3
 10344   3232.500  -0.305930  +0.225699  0.375  0.031  0.541  T  d3
 10345   3232.812  -0.021359  +0.369135  0.359  0.031  0.541  T  d0
 10346   3233.125  +0.198770  +0.250195  0.359  0.031  0.541  T  d0
 10347   3233.438  +0.028013  +0.028155  0.359  0.031  0.541  T  d1
 10348   3233.750  -0.045564  +0.036552  0.375  0.031  0.541  T  d1
 10349   3234.062  +0.007579  -0.206765  0.375  0.031  0.541  T  d0
 10350   3234.375  +0.004260  -0.129911  0.375  0.051  0.541  T  d0
 10351   3234.688  +0.083186  -0.200218  0.359  0.051  0.541  T  d0
 10352   3235.000  +0.069659  -0.190046  0.359  0.051  0.541  T  d2
 10353   3235.312  +0.029017  +0.217632  0.359  0.051  0.541  T  d0
 10354   3235.625  +0.028190  +0.224409  0.344  0.051  0.541  T  d0
 10355   3235.938  -0.066631  +0.201008  0.344  0.051  0.541  T  d3
 10356   3236.250  +0.110254  +0.060281  0.328  0.051  0.541  T  d2
 10357   3236.562  -0.090465  -0.088582  0.344  0.051  0.541  T  d2
 10358   3236.875  +0.002340  +0.025634  0.344  0.051  0.541  T  d2
 10359   3237.188  -0.242128  -0.292385  0.344  0.051  0.541  T  d0
 10360   3237.500  -0.152321  -0.141087  0.344  0.051  0.502  T  d1
 10361   3237.812  +0.277256  -0.046551  0.359  0.051  0.502  T  d1
 10362   3238.125  +0.159942  +0.146644  0.344  0.066  0.502  T  d0
 10363   3238.438  +0.146306  +0.095033  0.359  0.066  0.502  T  d1
 10364   3238.750  -0.016233  +0.009404  0.344  0.066  0.502  T  d3
 10365   3239.062  +0.036511  +0.048122  0.344  0.066  0.502  T  d2
 10366   3239.375  -0.136076  -0.020367  0.344  0.066  0.502  T  d0
 10367   3239.688  -0.230557  +0.129364  0.344  0.066  0.502  T  d0
 10368   3240.000  -0.043441  +0.013826  0.359  0.066  0.502  T  d1
 10369   3240.312  -0.106845  -0.063700  0.359  0.066  0.502  T  d2
 10370   3240.625  +0.228596  -0.027305  0.344  0.066  0.502  T  d0
 10371   3240.938  +0.380040  +0.032810  0.328  0.066  0.502  T  d3
 10372   3241.250  +0.135345  -0.292613  0.344  0.066  0.502  T  d3
 10373   3241.562  -0.281379  -0.347782  0.328  0.066  0.502  T  d3
 10374   3241.875  -0.330462  +0.000127  0.328  0.062  0.502  T  d3
 10375   3242.188  -0.155697  +0.355524  0.328  0.062  0.502  T  d0
 10376   3242.500  +0.116624  +0.420407  0.344  0.062  0.481  T  d3
 10377   3242.812  +0.414160  +0.202547  0.344  0.062  0.481  T  d3
 10378   3243.125  +0.230586  -0.088464  0.328  0.062  0.481  T  d3
 10379   3243.438  -0.031098  -0.375605  0.328  0.062  0.481  T  d0
 10380   3243.750  -0.220143  -0.404273  0.328  0.062  0.481  T  d3
 10381   3244.062  -0.389044  +0.007061  0.328  0.062  0.481  T  d3
 10382   3244.375  -0.042588  +0.162308  0.312  0.062  0.481  T  d2
 10383   3244.688  +0.275825  -0.282800  0.312  0.062  0.481  T  d3
 10384   3245.000  -0.234931  -0.026946  0.297  0.062  0.481  T  d3
 10385   3245.312  -0.219867  +0.243758  0.312  0.062  0.481  T  d3
 10386   3245.625  +0.093749  +0.416986  0.312  0.034  0.481  T  d0
 10387   3245.938  +0.162788  +0.217615  0.312  0.034  0.481  T  d3
 10388   3246.250  +0.181892  -0.140340  0.328  0.034  0.481  T  d0
 10389   3246.562  +0.186499  -0.272095  0.344  0.034  0.481  T  d3
 10390   3246.875  -0.242207  -0.196800  0.359  0.034  0.481  T  d0
 10391   3247.188  -0.275882  -0.138907  0.375  0.034  0.481  T  d3
 10392   3247.500  -0.096928  +0.271878  0.375  0.034  0.472  T  d0
 10393   3247.812  -0.039155  +0.461046  0.375  0.034  0.472  T  d3
 10394   3248.125  +0.179077  +0.143069  0.375  0.034  0.472  T  d0
 10395   3248.438  +0.032476  +0.035565  0.375  0.034  0.472  T  d1
 10396   3248.750  -0.105746  +0.084436  0.391  0.034  0.472  T  d2
 10397   3249.062  +0.050759  -0.039637  0.406  0.034  0.472  T  d3
 10398   3249.375  -0.343231  -0.109524  0.422  0.038  0.472  T  d2
 10399   3249.688  +0.720094  -0.327719  0.422  0.038  0.472  T  d0
 10400   3250.000  +1.194089  -0.562930  0.422  0.038  0.472  T  d2
 10401   3250.312  -0.095826  +0.141118  0.438  0.038  0.472  T  d3
 10402   3250.625  +0.345149  +0.008881  0.453  0.038  0.472  T  d2
 10403   3250.938  -1.399732  +0.568373  0.453  0.038  0.472  T  d0
 10404   3251.250  -0.247306  +0.240082  0.453  0.038  0.472  T  d2
 10405   3251.562  +0.188198  -0.157778  0.453  0.038  0.472  T  d1
 10406   3251.875  +0.014260  +0.238221  0.453  0.038  0.472  T  d2
 10407   3252.188  -0.501713  -1.414075  0.469  0.038  0.472  T  d0
 10408   3252.500  -0.124532  -0.284215  0.453  0.038  0.468  T  d1
 10409   3252.812  +0.046046  -0.084280  0.469  0.038  0.468  T  d1
 10410   3253.125  +0.098012  +0.235902  0.484  0.063  0.468  T  d0
 10411   3253.438  +0.913396  +1.143122  0.500  0.063  0.468  T  d2
 10412   3253.750  -0.249502  -0.324507  0.484  0.063  0.468  T  d1
 10413   3254.062  +0.183715  -0.232826  0.500  0.063  0.468  T  d2
 10414   3254.375  -0.260753  +0.097780  0.500  0.063  0.468  T  d0
 10415   3254.688  -1.078476  +0.874824  0.500  0.063  0.468  T  d2
 10416   3255.000  +0.169281  -0.261415  0.500  0.063  0.468  T  d0
 10417   3255.312  +0.154709  -0.104642  0.500  0.063  0.468  T  d0
 10418   3255.625  +0.165628  -0.094627  0.500  0.063  0.468  T  d0
 10419   3255.938  +0.117352  -0.067444  0.484  0.063  0.468  T  d0
 10420   3256.250  +0.134943  -0.036417  0.484  0.063  0.468  T  d0
 10421   3256.562  +0.092995  -0.003069  0.484  0.063  0.468  T  d0
 10422   3256.875  +0.080802  +0.007105  0.500  0.076  0.468  T  d0
 10423   3257.188  +0.048443  +0.023199  0.484  0.076  0.468  T  d0
 10424   3257.500  +0.022240  +0.009554  0.484  0.076  0.494  T  d1
 10425   3257.812  +0.004681  +0.021403  0.469  0.076  0.494  T  d1
 10426   3258.125  -0.013311  +0.005832  0.469  0.076  0.494  T  d0
 10427   3258.438  -0.009167  -0.001418  0.453  0.076  0.494  T  d0
 10428   3258.750  -0.022217  -0.022202  0.453  0.076  0.494  T  d0
 10429   3259.062  -0.026601  -0.022801  0.453  0.076  0.494  T  d0
 10430   3259.375  -0.024730  -0.021738  0.469  0.076  0.494  T  d0
 10431   3259.688  -0.016070  -0.023046  0.484  0.076  0.494  T  d0
 10432   3260.000  -0.001876  -0.018541  0.469  0.076  0.494  T  d0
 10433   3260.312  +0.005828  -0.024578  0.484  0.076  0.494  T  d0
 10434   3260.625  +0.004993  -0.013267  0.484  0.114  0.494  T  d0
 10435   3260.938  +0.004257  -0.005669  0.484  0.114  0.494  T  d1
 10436   3261.250  +0.004687  +0.003141  0.469  0.114  0.494  T  d2
 10437   3261.562  -0.001558  -0.002802  0.469  0.114  0.494  T  d2
 10438   3261.875  +0.001208  +0.004003  0.469  0.114  0.494  T  d0
 10439   3262.188  +0.001107  +0.002933  0.469  0.114  0.494  T  d1
 10440   3262.500  -0.004769  +0.002831  0.453  0.114  0.468  T  d0
 10441   3262.812  -0.017353  +0.003796  0.453  0.114  0.468  T  d0
 10442   3263.125  -0.009485  +0.003807  0.453  0.114  0.468  T  d0
 10443   3263.438  -0.010248  +0.003337  0.438  0.114  0.468  T  d3
 10444   3263.750  -0.002079  +0.007431  0.438  0.114  0.468  T  d0
 10445   3264.062  -0.000897  +0.007375  0.438  0.114  0.468  T  d3
 10446   3264.375  +0.007761  +0.001348  0.453  0.149  0.468  P  d3
 10447   3264.688  -0.000109  -0.006406  0.438  0.149  0.468  P  d3
 10448   3265.000  -0.007805  -0.002061  0.438  0.149  0.468  P  d1
 10449   3265.312  +0.002354  -0.002123  0.422  0.149  0.468  P  d1
 10450   3265.625  +0.002198  +0.001931  0.422  0.149  0.468  P  d1
 10451   3265.938  -0.006187  +0.000919  0.406  0.149  0.468  P  d2
 10452   3266.250  +0.002626  +0.001393  0.391  0.149  0.468  P  d0
 10453   3266.562  +0.003964  +0.001732  0.375  0.149  0.468  P  d0
 10454   3266.875  +0.004494  -0.000669  0.359  0.149  0.468  P  d3
 10455   3267.188  -0.000928  -0.000993  0.344  0.149  0.468  P  d3
 10456   3267.500  -0.003066  +0.004640  0.328  0.149  0.451  P  d3
 10457   3267.812  +0.005599  +0.002266  0.344  0.149  0.451  P  d1
 10458   3268.125  -0.001011  +0.000437  0.344  0.156  0.451  P  d3
 10459   3268.438  +0.004111  +0.004170  0.328  0.156  0.451  P  d3
 10460   3268.750  +0.002233  -0.003598  0.312  0.156  0.451  P  d3
 10461   3269.062  -0.005046  +0.000139  0.312  0.156  0.451  P  d0
 10462   3269.375  -0.006920  +0.001143  0.297  0.156  0.451  P  d0
 10463   3269.688  -0.001242  +0.001198  0.297  0.156  0.451  P  d2
 10464   3270.000  +0.005077  -0.004327  0.281  0.156  0.451  P  d0
 10465   3270.312  +0.001537  -0.003088  0.281  0.156  0.451  P  d3
 10466   3270.625  -0.001427  +0.000225  0.266  0.156  0.451  P  d2
 10467   3270.938  +0.003470  -0.003705  0.250  0.156  0.451  P  d3
 10468   3271.250  -0.005188  -0.001259  0.266  0.156  0.451  P  d3
 10469   3271.562  -0.001581  +0.009602  0.266  0.156  0.451  P  d3
 10470   3271.875  +0.009282  +0.008925  0.266  0.129  0.451  P  d3
 10471   3272.188  +0.003815  -0.003973  0.250  0.129  0.451  P  d3
 10472   3272.500  -0.001697  -0.007770  0.250  0.129  0.468  P  d1
 10473   3272.812  +0.001621  -0.001500  0.234  0.129  0.468  P  d1
 10474   3273.125  +0.002038  +0.002892  0.219  0.129  0.468  P  d2
 10475   3273.438  -0.004910  -0.001771  0.219  0.129  0.468  P  d1
 10476   3273.750  -0.001928  -0.005085  0.219  0.129  0.468  P  d3
 10477   3274.062  -0.004060  +0.000822  0.203  0.129  0.468  P  d0
 10478   3274.375  -0.002934  -0.000337  0.203  0.129  0.468  P  d2
 10479   3274.688  +0.002560  +0.000591  0.203  0.129  0.468  P  d1
 10480   3275.000  -0.002323  +0.003665  0.203  0.129  0.468  P  d2
 10481   3275.312  +0.003317  -0.003291  0.219  0.129  0.468  P  d0
 10482   3275.625  +0.006163  -0.002907  0.234  0.100  0.468  T  d3
 10483   3275.938  -0.003169  -0.004374  0.234  0.100  0.468  T  d3
 10484   3276.250  -0.010669  +0.005969  0.234  0.100  0.468  T  d3
 10485   3276.562  -0.000547  +0.011972  0.219  0.100  0.468  T  d2
 10486   3276.875  +0.001139  -0.004089  0.219  0.100  0.468  T  d2
 10487   3277.188  -0.000308  +0.001493  0.219  0.100  0.468  T  d3
 10488   3277.500  +0.007988  +0.000971  0.219  0.100  0.506  T  d0
 10489   3277.812  +0.003911  -0.002399  0.234  0.100  0.506  T  d2
 10490   3278.125  -0.001610  +0.003476  0.234  0.100  0.506  T  d3
 10491   3278.438  +0.004098  -0.000376  0.234  0.100  0.506  T  d3
 10492   3278.750  -0.002204  -0.004530  0.250  0.100  0.506  T  d0
 10493   3279.062  -0.002036  -0.003327  0.250  0.100  0.506  T  d3
 10494   3279.375  -0.003174  +0.000603  0.234  0.057  0.506  T  d0
 10495   3279.688  -0.004611  +0.000289  0.234  0.057  0.506  T  d3
 10496   3280.000  +0.001477  +0.005064  0.250  0.057  0.506  T  d0
 10497   3280.312  +0.005685  +0.003533  0.250  0.057  0.506  T  d3
 10498   3280.625  +0.004687  -0.002424  0.250  0.057  0.506  T  d3
 10499   3280.938  +0.001021  -0.004371  0.266  0.057  0.506  T  d0
 10500   3281.250  +0.002853  -0.005212  0.266  0.057  0.506  T  d3
 10501   3281.562  -0.005265  +0.000491  0.266  0.057  0.506  T  d3
 10502   3281.875  +0.000042  +0.002896  0.266  0.057  0.506  T  d2
 10503   3282.188  +0.001857  -0.003012  0.281  0.057  0.506  T  d2
 10504   3282.500  -0.002994  +0.000909  0.297  0.057  0.528  T  d1
 10505   3282.812  -0.002017  -0.002800  0.297  0.057  0.528  T  d3
 10506   3283.125  -0.004414  -0.000055  0.312  0.000  0.528  T  d0
 10507   3283.438  -0.001915  +0.000694  0.312  0.000  0.528  T  d3
 10508   3283.750  -0.001691  +0.003732  0.328  0.000  0.528  T  d3
 10509   3284.062  +0.002176  +0.004230  0.328  0.000  0.528  T  d3
 10510   3284.375  +0.013012  +0.000043  0.312  0.000  0.528  T  d3
 10511   3284.688  +0.005352  -0.009007  0.312  0.000  0.528  T  d3
 10512   3285.000  -0.010062  -0.006308  0.312  0.000  0.528  T  d0
 10513   3285.312  -0.011290  +0.000373  0.312  0.000  0.528  T  d0
 10514   3285.625  -0.007875  +0.003785  0.312  0.000  0.528  T  d3
 10515   3285.938  -0.001405  +0.009242  0.312  0.000  0.528  T  d3
 10516   3286.250  +0.005943  +0.005711  0.312  0.000  0.528  T  d3
 10517   3286.562  +0.004145  -0.003411  0.312  0.000  0.528  T  d0
 10518   3286.875  +0.005045  -0.002087  0.312  0.000  0.528  T  d2
 10519   3287.188  -0.004197  -0.001196  0.312  0.000  0.528  T  d2
 10520   3287.500  +0.001213  +0.001689  0.312  0.000  0.502  T  d0
 10521   3287.812  +0.004753  +0.002713  0.297  0.000  0.502  T  d1
 10522   3288.125  -0.003669  +0.001110  0.297  0.000  0.502  T  d3
 10523   3288.438  +0.001367  +0.005165  0.297  0.000  0.502  T  d0
 10524   3288.750  +0.003743  +0.004120  0.297  0.000  0.502  T  d2
 10525   3289.062  -0.001498  -0.001489  0.281  0.000  0.502  T  d1
 10526   3289.375  +0.000059  -0.003945  0.281  0.000  0.502  T  d0
 10527   3289.688  +0.002280  -0.003525  0.266  0.000  0.502  T  d0
 10528   3290.000  +0.003945  -0.001595  0.266  0.000  0.502  T  d0
 10529   3290.312  +0.003824  -0.000246  0.250  0.000  0.502  T  d3
 10530   3290.625  +0.000162  -0.002458  0.266  0.000  0.502  T  d0
 10531   3290.938  -0.001014  -0.002322  0.266  0.000  0.502  T  d1
 10532   3291.250  +0.004385  -0.005751  0.266  0.000  0.502  T  d3
 10533   3291.562  -0.003096  -0.006561  0.266  0.000  0.502  T  d3
 10534   3291.875  -0.006110  +0.004771  0.266  0.000  0.502  T  d0
 10535   3292.188  -0.003530  +0.003259  0.266  0.000  0.502  T  d0
 10536   3292.500  -0.000492  +0.003540  0.266  0.000  0.511  T  d2
 10537   3292.812  +0.000218  -0.002619  0.266  0.000  0.511  T  d0
 10538   3293.125  -0.002534  -0.005231  0.266  0.000  0.511  T  d3
 10539   3293.438  -0.002204  +0.001020  0.266  0.000  0.511  T  d0
 10540   3293.750  -0.004175  +0.006768  0.266  0.000  0.511  T  d2
 10541   3294.062  -0.000127  -0.001134  0.266  0.000  0.511  T  d1
 10542   3294.375  +0.004871  +0.000937  0.266  0.000  0.511  T  d2
 10543   3294.688  -0.004518  +0.000811  0.266  0.000  0.511  T  d3
 10544   3295.000  -0.000314  +0.004499  0.266  0.000  0.511  T  d3
 10545   3295.312  +0.004819  +0.001656  0.250  0.000  0.511  T  d0
 10546   3295.625  +0.005034  -0.000387  0.234  0.000  0.511  T  d2
 10547   3295.938  -0.000692  +0.000431  0.250  0.000  0.511  T  d3
 10548   3296.250  +0.001446  +0.000646  0.266  0.000  0.511  T  d3
 10549   3296.562  +0.002960  -0.002196  0.266  0.000  0.511  T  d3
 10550   3296.875  -0.003013  -0.006111  0.250  0.000  0.511  T  d3
 10551   3297.188  -0.003018  +0.004031  0.250  0.000  0.511  T  d3
 10552   3297.500  +0.001901  +0.003494  0.266  0.000  0.515  T  d3
 10553   3297.812  +0.005208  -0.005750  0.250  0.000  0.515  T  d3
 10554   3298.125  -0.001638  -0.001339  0.266  0.000  0.515  T  d3
 10555   3298.438  -0.001174  +0.003117  0.266  0.000  0.515  T  d1
 10556   3298.750  -0.004376  -0.005304  0.250  0.000  0.515  T  d3
 10557   3299.062  -0.002052  +0.001560  0.250  0.000  0.515  T  d3
 10558   3299.375  +0.004783  +0.004351  0.250  0.000  0.515  T  d3
 10559   3299.688  +0.001251  -0.004772  0.234  0.000  0.515  T  d3
 10560   3300.000  -0.003673  -0.002555  0.219  0.000  0.515  T  d3
 10561   3300.312  -0.002204  +0.001865  0.219  0.000  0.515  T  d0
 10562   3300.625  -0.002890  +0.001201  0.234  0.000  0.515  T  d3
 10563   3300.938  +0.002012  +0.003820  0.234  0.000  0.515  T  d0
 10564   3301.250  +0.006472  +0.003328  0.234  0.000  0.515  T  d3
 10565   3301.562  +0.006478  -0.002812  0.250  0.000  0.515  T  d3
 10566   3301.875  -0.004403  -0.006891  0.250  0.000  0.515  T  d3
 10567   3302.188  -0.012405  +0.002164  0.234  0.000  0.515  T  d3
 10568   3302.500  +0.000658  +0.006981  0.219  0.000  0.532  T  d3
 10569   3302.812  +0.006789  +0.001331  0.219  0.000  0.532  T  d3
 10570   3303.125  +0.001506  -0.003575  0.203  0.000  0.532  T  d0
 10571   3303.438  +0.001133  -0.005668  0.219  0.000  0.532  T  d3
 10572   3303.750  -0.006733  +0.004076  0.203  0.000  0.532  T  d2
 10573   3304.062  +0.003135  -0.001302  0.203  0.000  0.532  T  d3
 10574   3304.375  +0.000091  -0.002978  0.203  0.000  0.532  T  d2
 10575   3304.688  +0.002958  +0.005740  0.219  0.000  0.532  T  d3
 10576   3305.000  +0.004963  +0.001027  0.219  0.000  0.532  T  d3
 10577   3305.312  -0.000289  -0.005311  0.219  0.000  0.532  T  d3
 10578   3305.625  -0.004388  -0.002479  0.219  0.000  0.532  T  d0
 10579   3305.938  -0.005199  -0.001882  0.219  0.000  0.532  T  d0
 10580   3306.250  -0.002686  +0.000408  0.219  0.000  0.532  T  d3
 10581   3306.562  +0.005304  +0.005731  0.219  0.000  0.532  T  d1
 10582   3306.875  -0.001410  +0.001815  0.219  0.000  0.532  T  d1
 10583   3307.188  -0.005613  -0.000117  0.219  0.000  0.532  T  d0
 10584   3307.500  -0.002973  +0.002484  0.219  0.000  0.562  T  d2
 10585   3307.812  +0.001981  -0.002147  0.219  0.000  0.562  T  d0
 10586   3308.125  +0.005512  -0.002533  0.219  0.000  0.562  T  d2
 10587   3308.438  -0.004629  -0.000663  0.234  0.000  0.562  T  d3
 10588   3308.750  -0.001156  +0.010265  0.250  0.000  0.562  T  d3
 10589   3309.062  +0.010016  +0.008224  0.250  0.000  0.562  T  d3
 10590   3309.375  +0.013006  -0.004538  0.250  0.000  0.562  T  d3
 10591   3309.688  -0.000301  -0.011842  0.266  0.000  0.562  T  d3
 10592   3310.000  -0.006688  -0.003278  0.266  0.000  0.562  T  d0
 10593   3310.312  -0.003636  -0.001415  0.281  0.000  0.562  T  d0
 10594   3310.625  -0.005680  +0.000994  0.266  0.000  0.562  T  d0
 10595   3310.938  -0.005172  +0.000990  0.281  0.000  0.562  T  d3
 10596   3311.250  -0.000852  +0.005886  0.266  0.000  0.562  T  d0
 10597   3311.562  +0.003173  +0.004324  0.281  0.000  0.562  T  d3
 10598   3311.875  +0.007771  -0.000484  0.281  0.000  0.562  T  d3
 10599   3312.188  +0.005248  -0.006982  0.297  0.000  0.562  T  d3
 10600   3312.500  -0.005883  +0.000383  0.297  0.000  0.558  T  d2
 10601   3312.812  +0.003708  +0.002964  0.297  0.000  0.558  T  d3
 10602   3313.125  +0.000730  -0.004947  0.312  0.000  0.558  T  d0
 10603   3313.438  +0.001655  -0.003866  0.297  0.000  0.558  T  d3
 10604   3313.750  -0.003986  -0.002765  0.297  0.000  0.558  T  d3
 10605   3314.062  -0.009191  +0.002480  0.297  0.000  0.558  T  d3
 10606   3314.375  -0.001015  +0.005373  0.297  0.000  0.558  T  d0
 10607   3314.688  +0.004799  +0.011377  0.297  0.000  0.558  T  d3
 10608   3315.000  +0.006193  -0.004281  0.297  0.000  0.558  T  d3
 10609   3315.312  -0.001131  -0.008274  0.297  0.000  0.558  T  d0
 10610   3315.625  -0.001110  -0.003911  0.297  0.000  0.558  T  d1
 10611   3315.938  +0.002113  -0.001994  0.281  0.000  0.558  T  d1
 10612   3316.250  +0.003938  +0.000221  0.266  0.000  0.558  T  d3
 10613   3316.562  -0.005983  -0.006718  0.266  0.000  0.558  T  d3
 10614   3316.875  -0.010267  -0.000369  0.281  0.000  0.558  T  d3
 10615   3317.188  -0.006203  +0.007475  0.281  0.000  0.558  T  d3
 10616   3317.500  +0.002574  +0.009739  0.281  0.000  0.536  T  d3
 10617   3317.812  +0.010789  +0.001280  0.297  0.000  0.536  T  d3
 10618   3318.125  -0.001486  -0.003076  0.297  0.000  0.536  T  d0
 10619   3318.438  -0.005540  -0.002194  0.297  0.000  0.536  T  d0
 10620   3318.750  -0.001940  -0.000600  0.297  0.000  0.536  T  d2
 10621   3319.062  +0.004494  +0.005104  0.297  0.000  0.536  T  d1
 10622   3319.375  -0.001870  +0.000982  0.297  0.000  0.536  T  d0
 10623   3319.688  -0.001296  +0.002221  0.297  0.000  0.536  T  d3
 10624   3320.000  +0.011374  +0.001122  0.297  0.000  0.536  T  d0
 10625   3320.312  +0.007191  -0.003944  0.297  0.000  0.536  T  d3
 10626   3320.625  -0.009198  -0.006967  0.281  0.000  0.536  T  d0
 10627   3320.938  -0.008897  -0.003279  0.266  0.000  0.536  T  d3
 10628   3321.250  -0.000024  +0.009744  0.266  0.000  0.536  T  d0
 10629   3321.562  +0.002366  +0.007900  0.266  0.000  0.536  T  d3
 10630   3321.875  +0.006667  -0.001340  0.266  0.000  0.536  T  d0
 10631   3322.188  +0.007486  -0.006347  0.266  0.000  0.536  T  d3
 10632   3322.500  -0.002043  -0.004680  0.266  0.000  0.532  T  d3
 10633   3322.812  -0.005459  -0.000590  0.266  0.000  0.532  T  d0
 10634   3323.125  -0.001405  -0.000818  0.281  0.000  0.532  T  d2
 10635   3323.438  +0.001232  +0.004594  0.281  0.000  0.532  T  d3
 10636   3323.750  +0.001417  +0.000052  0.281  0.000  0.532  T  d3
 10637   3324.062  -0.000965  -0.003321  0.297  0.000  0.532  T  d2
 10638   3324.375  +0.000783  +0.002040  0.297  0.000  0.532  T  d2
 10639   3324.688  -0.001746  -0.004181  0.297  0.000  0.532  T  d3
 10640   3325.000  -0.005141  -0.001544  0.312  0.000  0.532  T  d3
 10641   3325.312  +0.000838  +0.006402  0.312  0.000  0.532  T  d3
 10642   3325.625  +0.004283  +0.001064  0.297  0.000  0.532  T  d3
 10643   3325.938  +0.001562  -0.002038  0.312  0.000  0.532  T  d2
 10644   3326.250  -0.001113  +0.001045  0.312  0.000  0.532  T  d2
 10645   3326.562  +0.004775  -0.003364  0.312  0.000  0.532  T  d0
 10646   3326.875  +0.001441  -0.002084  0.312  0.000  0.532  T  d3
 10647   3327.188  -0.005400  -0.002072  0.312  0.000  0.532  T  d0
 10648   3327.500  -0.004594  -0.000810  0.328  0.000  0.541  T  d0
 10649   3327.812  -0.002570  +0.000435  0.344  0.000  0.541  T  d0
 10650   3328.125  -0.003085  -0.002076  0.359  0.000  0.541  T  d3
 10651   3328.438  -0.000238  +0.007992  0.344  0.000  0.541  T  d3
 10652   3328.750  +0.002644  -0.001534  0.328  0.000  0.541  T  d2
 10653   3329.062  -0.003229  +0.001736  0.344  0.000  0.541  T  d3
 10654   3329.375  +0.002956  +0.007208  0.344  0.000  0.541  T  d2
 10655   3329.688  +0.001486  -0.004041  0.344  0.000  0.541  T  d1
 10656   3330.000  +0.003226  +0.004449  0.344  0.000  0.541  T  d0
 10657   3330.312  +0.002594  +0.002200  0.328  0.000  0.541  T  d2
 10658   3330.625  -0.000556  -0.003295  0.328  0.000  0.541  T  d1
 10659   3330.938  +0.002040  -0.001057  0.312  0.000  0.541  T  d3
 10660   3331.250  -0.002836  -0.003414  0.312  0.000  0.541  T  d0
 10661   3331.562  -0.000611  -0.004366  0.297  0.000  0.541  T  d3
 10662   3331.875  -0.001961  +0.001265  0.297  0.000  0.541  T  d3
 10663   3332.188  +0.002334  +0.001189  0.281  0.000  0.541  T  d1
 10664   3332.500  -0.000670  +0.004061  0.281  0.000  0.541  T  d3
 10665   3332.812  +0.005790  -0.000586  0.297  0.000  0.541  T  d0
 10666   3333.125  +0.002160  +0.000720  0.297  0.000  0.541  T  d0
 10667   3333.438  +0.003967  +0.000620  0.297  0.000  0.541  T  d3
 10668   3333.750  -0.002524  -0.006083  0.312  0.000  0.541  T  d0
 10669   3334.062  -0.001906  -0.003807  0.328  0.000  0.541  T  d3
 10670   3334.375  -0.003784  -0.000004  0.328  0.000  0.541  T  d0
 10671   3334.688  -0.003542  -0.000745  0.344  0.000  0.541  T  d0
 10672   3335.000  -0.003445  -0.002002  0.344  0.000  0.541  T  d3
 10673   3335.312  +0.001222  +0.006420  0.359  0.000  0.541  T  d2
 10674   3335.625  -0.000902  -0.002807  0.375  0.000  0.541  T  d0
 10675   3335.938  +0.001445  -0.002826  0.375  0.000  0.541  T  d1
 10676   3336.250  +0.003696  -0.000931  0.391  0.000  0.541  T  d2
 10677   3336.562  -0.007143  -0.000836  0.391  0.000  0.541  T  d3
 10678   3336.875  -0.002957  +0.003497  0.391  0.000  0.541  T  d3
 10679   3337.188  +0.000706  +0.008199  0.391  0.000  0.541  T  d0
 10680   3337.500  +0.001289  +0.003526  0.375  0.000  0.545  T  d0
 10681   3337.812  +0.002118  +0.001396  0.359  0.000  0.545  T  d0
 10682   3338.125  +0.003609  +0.000220  0.344  0.000  0.545  T  d3
 10683   3338.438  +0.004629  -0.004783  0.344  0.000  0.545  T  d3
 10684   3338.750  -0.004714  -0.007261  0.344  0.000  0.545  T  d0
 10685   3339.062  -0.001346  -0.000439  0.344  0.000  0.545  T  d2
 10686   3339.375  +0.002634  +0.004693  0.344  0.000  0.545  T  d0
 10687   3339.688  -0.000456  +0.003105  0.344  0.000  0.545  T  d1
 10688   3340.000  -0.004374  -0.001680  0.344  0.000  0.545  T  d2
 10689   3340.312  +0.001781  +0.001705  0.328  0.000  0.545  T  d3
 10690   3340.625  +0.001240  -0.006988  0.328  0.000  0.545  T  d3
 10691   3340.938  -0.004065  +0.000496  0.328  0.000  0.545  T  d3
 10692   3341.250  -0.002707  +0.004823  0.344  0.000  0.545  T  d3
 10693   3341.562  +0.004223  +0.005871  0.344  0.000  0.545  T  d3
 10694   3341.875  +0.007931  +0.001144  0.344  0.000  0.545  T  d3
 10695   3342.188  +0.000107  -0.003741  0.359  0.000  0.545  T  d3
 10696   3342.500  -0.001577  -0.000105  0.359  0.000  0.549  T  d0
 10697   3342.812  -0.002514  -0.000427  0.375  0.000  0.549  T  d0
 10698   3343.125  -0.002219  -0.002444  0.375  0.000  0.549  T  d1
 10699   3343.438  +0.003245  +0.000095  0.359  0.000  0.549  T  d0
 10700   3343.750  +0.002867  -0.002699  0.359  0.000  0.549  T  d0
 10701   3344.062  +0.001500  -0.000478  0.359  0.000  0.549  T  d1
 10702   3344.375  -0.000303  +0.004790  0.359  0.000  0.549  T  d0
 10703   3344.688  +0.000543  +0.002253  0.359  0.000  0.549  T  d3
 10704   3345.000  +0.004433  -0.005303  0.344  0.000  0.549  T  d0
 10705   3345.312  -0.000077  -0.006546  0.359  0.000  0.549  T  d0
 10706   3345.625  -0.003374  -0.003584  0.375  0.000  0.549  T  d3
 10707   3345.938  -0.009216  +0.000449  0.359  0.000  0.549  T  d0
 10708   3346.250  -0.005288  +0.000364  0.359  0.000  0.549  T  d3
 10709   3346.562  -0.000785  +0.004591  0.359  0.000  0.549  T  d0
 10710   3346.875  +0.000844  +0.001216  0.359  0.000  0.549  T  d3
 10711   3347.188  +0.000688  -0.000259  0.359  0.000  0.549  T  d1
 10712   3347.500  +0.001419  +0.006288  0.344  0.000  0.558  T  d3
 10713   3347.812  +0.005083  +0.000644  0.328  0.000  0.558  T  d2
 10714   3348.125  -0.002812  -0.001067  0.312  0.000  0.558  T  d2
 10715   3348.438  +0.003517  +0.004214  0.328  0.000  0.558  T  d3
 10716   3348.750  +0.005489  -0.001308  0.328  0.000  0.558  T  d1
 10717   3349.062  -0.000450  +0.001024  0.312  0.000  0.558  T  d1
 10718   3349.375  -0.002322  -0.003291  0.328  0.000  0.558  T  d1
 10719   3349.688  +0.001216  -0.006652  0.312  0.000  0.558  T  d3
 10720   3350.000  -0.001855  -0.002272  0.312  0.000  0.558  T  d3
 10721   3350.312  -0.006136  +0.002537  0.328  0.000  0.558  T  d3
 10722   3350.625  -0.001343  +0.005724  0.328  0.000  0.558  T  d3
 10723   3350.938  +0.006445  -0.003894  0.328  0.000  0.558  T  d0
 10724   3351.250  +0.003734  -0.002495  0.328  0.000  0.558  T  d0
 10725   3351.562  +0.001789  -0.001454  0.328  0.000  0.558  T  d3
 10726   3351.875  -0.008155  -0.001698  0.328  0.000  0.558  T  d0
 10727   3352.188  -0.010686  +0.002983  0.328  0.000  0.558  T  d3
 10728   3352.500  +0.001561  +0.006220  0.328  0.000  0.549  T  d0
 10729   3352.812  +0.003450  +0.004432  0.328  0.000  0.549  T  d0
 10730   3353.125  +0.008178  +0.004484  0.312  0.000  0.549  T  d3
 10731   3353.438  +0.006019  -0.003178  0.312  0.000  0.549  T  d3
 10732   3353.750  +0.000812  -0.005883  0.297  0.000  0.549  T  d0
 10733   3354.062  -0.002533  -0.005069  0.281  0.000  0.549  T  d3
 10734   3354.375  -0.005043  -0.000023  0.281  0.003  0.549  T  d0
 10735   3354.688  -0.005740  -0.001335  0.266  0.003  0.549  T  d3
 10736   3355.000  +0.001195  +0.003375  0.266  0.003  0.549  T  d0
 10737   3355.312  +0.002903  +0.004680  0.250  0.003  0.549  T  d0
 10738   3355.625  +0.003207  +0.002012  0.234  0.003  0.549  T  d3
 10739   3355.938  +0.000470  -0.007408  0.234  0.003  0.549  T  d3
 10740   3356.250  -0.002015  +0.001730  0.234  0.003  0.549  T  d2
 10741   3356.562  +0.001535  -0.001206  0.234  0.003  0.549  T  d2
 10742   3356.875  -0.003115  +0.001246  0.234  0.003  0.549  T  d3
 10743   3357.188  +0.001821  +0.006434  0.234  0.003  0.549  T  d3
 10744   3357.500  +0.006571  -0.001890  0.234  0.003  0.558  T  d3
 10745   3357.812  -0.001570  -0.006992  0.234  0.003  0.558  T  d3
 10746   3358.125  -0.002044  -0.001005  0.234  0.027  0.558  T  d0
 10747   3358.438  -0.001819  -0.004087  0.234  0.027  0.558  T  d3
 10748   3358.750  -0.004576  +0.002501  0.234  0.027  0.558  T  d3
 10749   3359.062  -0.000172  +0.004604  0.234  0.027  0.558  T  d0
 10750   3359.375  +0.002736  +0.006258  0.234  0.027  0.558  T  d3
 10751   3359.688  +0.004326  -0.003530  0.234  0.027  0.558  T  d3
 10752   3360.000  -0.000892  -0.002974  0.250  0.027  0.558  T  d0
 10753   3360.312  -0.002960  -0.004929  0.266  0.027  0.558  T  d3
 10754   3360.625  -0.002828  +0.001256  0.266  0.027  0.558  T  d2
 10755   3360.938  +0.002163  +0.000432  0.266  0.027  0.558  T  d2
 10756   3361.250  -0.002220  +0.001254  0.250  0.027  0.558  T  d2
 10757   3361.562  +0.002209  -0.001593  0.234  0.027  0.558  T  d3
 10758   3361.875  -0.000057  -0.003170  0.234  0.036  0.558  T  d2
 10759   3362.188  +0.000470  +0.006242  0.234  0.036  0.558  T  d1
 10760   3362.500  -0.003748  +0.004344  0.250  0.036  0.549  T  d0
 10761   3362.812  -0.002419  +0.000226  0.234  0.036  0.549  T  d1
 10762   3363.125  -0.003264  -0.003094  0.219  0.036  0.549  T  d2
 10763   3363.438  +0.005094  +0.004549  0.219  0.036  0.549  T  d3
 10764   3363.750  +0.003476  -0.003585  0.234  0.036  0.549  T  d2
 10765   3364.062  -0.002321  +0.002413  0.219  0.036  0.549  T  d3
 10766   3364.375  +0.004185  +0.005982  0.219  0.036  0.549  T  d3
 10767   3364.688  +0.003720  -0.003369  0.203  0.036  0.549  T  d3
 10768   3365.000  -0.000820  -0.004190  0.203  0.036  0.549  T  d2
 10769   3365.312  +0.001028  +0.001933  0.188  0.036  0.549  T  d1
 10770   3365.625  -0.000989  +0.000034  0.188  0.024  0.549  T  d1
 10771   3365.938  +0.001535  -0.004398  0.203  0.024  0.549  T  d0
 10772   3366.250  +0.001746  -0.002743  0.203  0.024  0.549  T  d3
 10773   3366.562  -0.002920  -0.002677  0.203  0.024  0.549  T  d0
 10774   3366.875  -0.002081  -0.002489  0.219  0.024  0.549  T  d3
 10775   3367.188  -0.006028  +0.000038  0.219  0.024  0.549  T  d3
 10776   3367.500  +0.000402  +0.006335  0.234  0.024  0.528  T  d3
 10777   3367.812  +0.005355  +0.002372  0.234  0.024  0.528  T  d2
 10778   3368.125  -0.004107  +0.001127  0.234  0.024  0.528  T  d3
 10779   3368.438  +0.003035  +0.002789  0.234  0.024  0.528  T  d3
 10780   3368.750  +0.000483  -0.004959  0.234  0.024  0.528  T  d3
 10781   3369.062  -0.001689  -0.000719  0.234  0.024  0.528  T  d3
 10782   3369.375  -0.002147  +0.001863  0.219  0.000  0.528  T  d2
 10783   3369.688  +0.002150  -0.000437  0.219  0.000  0.528  T  d0
 10784   3370.000  +0.001648  -0.000561  0.219  0.000  0.528  T  d0
 10785   3370.312  +0.003853  -0.000910  0.203  0.000  0.528  T  d3
 10786   3370.625  -0.003760  -0.007447  0.203  0.000  0.528  T  d3
 10787   3370.938  -0.005978  +0.003553  0.219  0.000  0.528  T  d3
 10788   3371.250  +0.001936  +0.001715  0.219  0.000  0.528  T  d1
 10789   3371.562  -0.004053  +0.003775  0.219  0.000  0.528  T  d3
 10790   3371.875  +0.003676  +0.002593  0.219  0.000  0.528  T  d0
 10791   3372.188  +0.001513  +0.001017  0.219  0.000  0.528  T  d0
 10792   3372.500  +0.000963  +0.003198  0.219  0.000  0.532  T  d3
 10793   3372.812  +0.005762  -0.005006  0.203  0.000  0.532  T  d3
 10794   3373.125  -0.003256  -0.001593  0.203  0.000  0.532  T  d1
 10795   3373.438  +0.000051  -0.002287  0.203  0.000  0.532  T  d0
 10796   3373.750  -0.003310  -0.003884  0.219  0.000  0.532  T  d3
 10797   3374.062  -0.002133  +0.004152  0.219  0.000  0.532  T  d3
 10798   3374.375  +0.003371  +0.006955  0.234  0.000  0.532  T  d3
 10799   3374.688  +0.002829  -0.002518  0.234  0.000  0.532  T  d3
 10800   3375.000  -0.002402  -0.002523  0.234  0.000  0.532  T  d1
 10801   3375.312  +0.000136  -0.000336  0.234  0.000  0.532  T  d0
 10802   3375.625  -0.001464  -0.003914  0.250  0.000  0.532  T  d0
 10803   3375.938  -0.001228  -0.001042  0.250  0.000  0.532  T  d3
 10804   3376.250  -0.002686  +0.006756  0.234  0.000  0.532  T  d3
 10805   3376.562  +0.001762  +0.000602  0.234  0.000  0.532  T  d0
 10806   3376.875  +0.003066  -0.001467  0.234  0.000  0.532  T  d1
 10807   3377.188  +0.003164  +0.002469  0.234  0.000  0.532  T  d0
 10808   3377.500  +0.002635  +0.001398  0.234  0.000  0.554  T  d2
 10809   3377.812  -0.001456  -0.004262  0.234  0.000  0.554  T  d3
 10810   3378.125  -0.001447  -0.000241  0.234  0.000  0.554  T  d0
 10811   3378.438  -0.005842  +0.002231  0.234  0.000  0.554  T  d2
 10812   3378.750  +0.003375  -0.000784  0.234  0.000  0.554  T  d3
 10813   3379.062  +0.000849  -0.006065  0.234  0.000  0.554  T  d2
 10814   3379.375  -0.003448  +0.003677  0.234  0.000  0.554  T  d3
 10815   3379.688  +0.002028  +0.004087  0.234  0.000  0.554  T  d3
 10816   3380.000  +0.004419  -0.004910  0.219  0.000  0.554  T  d3
 10817   3380.312  -0.001962  -0.003223  0.203  0.000  0.554  T  d2
 10818   3380.625  +0.001146  +0.006587  0.203  0.000  0.554  T  d0
 10819   3380.938  -0.001155  +0.001695  0.203  0.000  0.554  T  d1
 10820   3381.250  -0.001998  -0.003525  0.203  0.000  0.554  T  d2
 10821   3381.562  +0.001226  +0.000560  0.219  0.000  0.554  T  d1
 10822   3381.875  -0.000282  +0.004019  0.219  0.000  0.554  T  d3
 10823   3382.188  +0.005744  -0.004557  0.219  0.000  0.554  T  d3
 10824   3382.500  +0.000345  -0.006138  0.203  0.000  0.562  T  d3
 10825   3382.812  -0.002588  -0.002276  0.203  0.000  0.562  T  d3
 10826   3383.125  -0.003415  +0.001539  0.203  0.000  0.562  T  d1
 10827   3383.438  -0.002604  -0.001287  0.203  0.000  0.562  T  d0
 10828   3383.750  -0.002024  +0.000569  0.188  0.000  0.562  T  d3
 10829   3384.062  +0.002023  +0.005469  0.188  0.000  0.562  T  d0
 10830   3384.375  +0.001255  +0.002159  0.188  0.028  0.562  T  d1
 10831   3384.688  -0.003615  -0.000027  0.188  0.028  0.562  T  d3
 10832   3385.000  -0.001045  +0.002859  0.188  0.028  0.562  T  d2
 10833   3385.312  +0.003379  -0.002713  0.203  0.028  0.562  T  d0
 10834   3385.625  +0.001690  -0.004939  0.188  0.028  0.562  T  d3
 10835   3385.938  -0.003127  -0.002473  0.188  0.028  0.562  T  d3
 10836   3386.250  -0.004008  +0.000951  0.188  0.028  0.562  T  d3
 10837   3386.562  -0.000954  +0.005151  0.188  0.028  0.562  T  d0
 10838   3386.875  +0.002873  +0.004233  0.172  0.028  0.562  T  d3
 10839   3387.188  +0.006522  +0.000804  0.172  0.028  0.562  T  d3
 10840   3387.500  -0.000334  -0.003387  0.156  0.028  0.554  T  d3
 10841   3387.812  -0.004775  +0.004654  0.156  0.028  0.554  T  d3
 10842   3388.125  +0.003168  +0.000819  0.156  0.067  0.554  T  d3
 10843   3388.438  -0.001393  -0.003546  0.141  0.067  0.554  T  d2
 10844   3388.750  -0.000312  +0.001321  0.141  0.067  0.554  T  d3
 10845   3389.062  +0.002210  -0.000509  0.141  0.067  0.554  T  d3
 10846   3389.375  +0.000816  -0.002921  0.141  0.067  0.554  T  d2
 10847   3389.688  +0.000186  +0.003642  0.156  0.067  0.554  T  d2
 10848   3390.000  +0.001164  -0.003279  0.172  0.067  0.554  T  d3
 10849   3390.312  -0.001286  -0.000312  0.172  0.067  0.554  T  d2
 10850   3390.625  +0.001338  +0.001217  0.188  0.067  0.554  T  d3
 10851   3390.938  +0.003258  -0.002919  0.172  0.067  0.554  T  d2
 10852   3391.250  -0.001075  +0.002015  0.172  0.067  0.554  T  d0
 10853   3391.562  +0.000469  +0.004395  0.172  0.067  0.554  T  d2
 10854   3391.875  -0.000794  -0.004816  0.188  0.129  0.554  P  d0
 10855   3392.188  -0.001838  -0.003841  0.203  0.129  0.554  P  d2
 10856   3392.500  +0.001357  +0.003590  0.219  0.129  0.558  P  d2
 10857   3392.812  +0.001486  -0.005584  0.219  0.129  0.558  P  d3
 10858   3393.125  -0.004515  -0.001084  0.219  0.129  0.558  P  d1
 10859   3393.438  +0.000990  -0.003785  0.219  0.129  0.558  P  d3
 10860   3393.750  -0.002438  +0.000446  0.203  0.129  0.558  P  d3
 10861   3394.062  -0.002719  +0.004686  0.203  0.129  0.558  P  d1
 10862   3394.375  -0.004293  +0.000860  0.188  0.129  0.558  P  d3
 10863   3394.688  -0.002323  +0.004260  0.188  0.129  0.558  P  d3
 10864   3395.000  +0.002824  +0.006145  0.188  0.129  0.558  P  d0
 10865   3395.312  +0.004793  +0.002192  0.188  0.129  0.558  P  d3
 10866   3395.625  +0.000265  -0.005843  0.172  0.157  0.558  P  d0
 10867   3395.938  +0.001134  -0.001930  0.188  0.157  0.558  P  d2
 10868   3396.250  +0.000121  +0.005015  0.203  0.157  0.558  P  d3
 10869   3396.562  +0.004283  +0.000463  0.203  0.157  0.558  P  d3
 10870   3396.875  +0.003251  -0.005748  0.188  0.157  0.558  P  d3
 10871   3397.188  -0.002055  -0.003149  0.203  0.157  0.558  P  d3
 10872   3397.500  -0.003254  +0.001660  0.203  0.157  0.532  P  d1
 10873   3397.812  -0.003062  -0.001643  0.203  0.157  0.532  P  d3
 10874   3398.125  +0.000179  +0.004913  0.219  0.157  0.532  P  d3
 10875   3398.438  +0.005262  +0.001930  0.219  0.157  0.532  P  d3
 10876   3398.750  -0.000425  -0.001089  0.219  0.157  0.532  P  d1
 10877   3399.062  +0.002512  -0.000580  0.219  0.157  0.532  P  d3
 10878   3399.375  -0.002789  -0.003317  0.219  0.151  0.532  P  d0
 10879   3399.688  -0.000217  -0.004303  0.219  0.151  0.532  P  d0
 10880   3400.000  +0.000476  -0.003861  0.234  0.151  0.532  P  d3
 10881   3400.312  -0.004039  +0.002091  0.250  0.151  0.532  P  d0
 10882   3400.625  -0.003309  +0.002628  0.250  0.151  0.532  P  d2
 10883   3400.938  +0.004906  -0.001768  0.266  0.151  0.532  P  d2
 10884   3401.250  -0.002066  -0.000048  0.266  0.151  0.532  P  d3
 10885   3401.562  -0.003359  +0.003500  0.250  0.151  0.532  P  d0
 10886   3401.875  -0.000536  +0.003446  0.266  0.151  0.532  P  d0
 10887   3402.188  -0.000096  +0.005412  0.250  0.151  0.532  P  d0
 10888   3402.500  +0.002011  +0.003360  0.250  0.151  0.541  P  d3
 10889   3402.812  +0.005231  -0.003760  0.250  0.151  0.541  P  d3
 10890   3403.125  +0.000000  -0.004781  0.266  0.130  0.541  P  d3
 10891   3403.438  -0.003905  -0.003622  0.281  0.130  0.541  P  d2
 10892   3403.750  +0.000531  +0.000847  0.281  0.130  0.541  P  d2
 10893   3404.062  -0.000432  -0.002164  0.297  0.130  0.541  P  d1
 10894   3404.375  +0.005619  -0.000658  0.312  0.130  0.541  P  d2
 10895   3404.688  -0.004964  +0.000304  0.328  0.130  0.541  P  d3
 10896   3405.000  +0.000873  +0.003892  0.344  0.130  0.541  P  d3
 10897   3405.312  +0.004154  +0.002333  0.344  0.130  0.541  P  d3
 10898   3405.625  -0.000489  -0.005946  0.344  0.130  0.541  P  d0
 10899   3405.938  -0.001016  -0.002954  0.328  0.130  0.541  P  d0
 10900   3406.250  -0.003692  -0.004178  0.344  0.130  0.541  P  d3
 10901   3406.562  -0.005436  +0.005523  0.344  0.130  0.541  P  d3
 10902   3406.875  +0.002096  +0.004676  0.344  0.124  0.541  P  d0
 10903   3407.188  +0.000474  +0.004129  0.344  0.124  0.541  P  d1
 10904   3407.500  -0.008639  -0.001265  0.359  0.124  0.567  P  d3
 10905   3407.812  -0.001128  +0.005864  0.359  0.124  0.567  P  d0
 10906   3408.125  -0.002564  +0.004858  0.359  0.124  0.567  P  d2
 10907   3408.438  +0.001112  -0.000417  0.375  0.124  0.567  P  d3
 10908   3408.750  -0.004733  -0.006338  0.375  0.124  0.567  P  d1
 10909   3409.062  +0.002545  -0.000499  0.375  0.124  0.567  P  d1
 10910   3409.375  -0.001101  +0.002072  0.375  0.124  0.567  P  d3
 10911   3409.688  +0.013249  -0.000048  0.375  0.124  0.567  P  d0
 10912   3410.000  +0.003285  -0.002653  0.359  0.124  0.567  P  d0
 10913   3410.312  +0.005340  +0.000196  0.359  0.124  0.567  P  d1
 10914   3410.625  +0.006376  +0.012875  0.344  0.118  0.567  T  d0
 10915   3410.938  +0.013859  +0.007991  0.359  0.118  0.567  T  d1
 10916   3411.250  +0.002874  +0.017462  0.359  0.118  0.567  T  d3
 10917   3411.562  +0.008182  +0.004596  0.359  0.118  0.567  T  d0
 10918   3411.875  +0.006662  +0.011776  0.344  0.118  0.567  T  d2
 10919   3412.188  -0.005026  -0.002882  0.328  0.118  0.567  T  d3
 10920   3412.500  -0.004100  +0.001939  0.312  0.118  0.532  T  d1
 10921   3412.812  -0.004545  -0.010465  0.312  0.118  0.532  T  d0
 10922   3413.125  -0.001454  -0.019239  0.312  0.118  0.532  T  d0
 10923   3413.438  -0.010613  -0.023106  0.312  0.118  0.532  T  d1
 10924   3413.750  +0.015491  -0.035531  0.328  0.118  0.532  T  d0
 10925   3414.062  +0.014177  -0.036737  0.328  0.118  0.532  T  d0
 10926   3414.375  +0.037640  -0.058639  0.328  0.106  0.532  T  d0
 10927   3414.688  +0.042220  -0.026422  0.328  0.106  0.532  T  d0
 10928   3415.000  +0.066332  -0.085935  0.328  0.106  0.532  T  d0
 10929   3415.312  +0.002966  -0.036764  0.328  0.106  0.532  T  d1
 10930   3415.625  +0.158606  -0.028555  0.328  0.106  0.532  T  d2
 10931   3415.938  -0.556100  +0.338173  0.312  0.106  0.532  T  d0
 10932   3416.250  -0.057260  +0.149830  0.297  0.106  0.532  T  d2
 10933   3416.562  +0.102924  -0.069298  0.297  0.106  0.532  T  d1
 10934   3416.875  +0.048113  +0.130284  0.297  0.106  0.532  T  d2
 10935   3417.188  -0.305300  -0.589379  0.281  0.106  0.532  T  d0
 10936   3417.500  -0.120233  -0.071647  0.281  0.106  0.524  T  d2
 10937   3417.812  +0.051073  -0.008055  0.281  0.106  0.524  T  d1
 10938   3418.125  +0.080913  +0.171494  0.266  0.102  0.524  T  d0
 10939   3418.438  +0.512008  +0.500389  0.266  0.102  0.524  T  d2
 10940   3418.750  -0.085529  -0.050089  0.266  0.102  0.524  T  d2
 10941   3419.062  +0.123678  +0.003793  0.266  0.102  0.524  T  d1
 10942   3419.375  -0.134769  +0.138392  0.266  0.102  0.524  T  d0
 10943   3419.688  -0.456097  +0.517613  0.266  0.102  0.524  T  d3
 10944   3420.000  +0.134617  +0.039133  0.266  0.102  0.524  T  d1
 10945   3420.312  -0.060882  +0.071715  0.250  0.102  0.524  T  d2
 10946   3420.625  +0.489420  -0.049475  0.250  0.102  0.524  T  d0
 10947   3420.938  +1.249191  -0.358573  0.234  0.102  0.524  T  d3
 10948   3421.250  +0.335242  -1.182455  0.250  0.102  0.524  T  d3
 10949   3421.562  -0.807815  -0.909951  0.250  0.102  0.524  T  d3
 10950   3421.875  -1.274228  +0.113834  0.234  0.091  0.524  T  d3
 10951   3422.188  -0.780974  +1.128133  0.234  0.091  0.524  T  d3
 10952   3422.500  +0.383513  +1.276776  0.250  0.091  0.511  T  d3
 10953   3422.812  +1.245575  +0.452953  0.250  0.091  0.511  T  d3
 10954   3423.125  +1.189651  -0.680903  0.234  0.091  0.511  T  d3
 10955   3423.438  +0.111077  -1.315504  0.234  0.091  0.511  T  d0
 10956   3423.750  -0.748340  -0.926546  0.234  0.091  0.511  T  d3
 10957   3424.062  -1.363805  +0.150398  0.219  0.091  0.511  T  d3
 10958   3424.375  +0.052213  +0.980861  0.203  0.091  0.511  T  d2
 10959   3424.688  +0.371814  -0.874225  0.203  0.091  0.511  T  d3
 10960   3425.000  -1.381923  -0.436078  0.188  0.091  0.511  T  d3
 10961   3425.312  -0.699701  +0.863702  0.172  0.091  0.511  T  d3
 10962   3425.625  +0.137273  +1.255926  0.172  0.077  0.511  T  d3
 10963   3425.938  +1.250799  +0.789116  0.188  0.077  0.511  T  d3
 10964   3426.250  +1.347404  -0.339608  0.172  0.077  0.511  T  d3
 10965   3426.562  +0.564123  -1.088953  0.172  0.077  0.511  T  d3
 10966   3426.875  -0.650936  -0.999348  0.172  0.077  0.511  T  d3
 10967   3427.188  -1.284802  +0.054077  0.172  0.077  0.511  T  d3
 10968   3427.500  -0.949551  +1.057533  0.172  0.077  0.519  T  d3
 10969   3427.812  +0.156727  +1.521460  0.172  0.077  0.519  T  d3
 10970   3428.125  +0.872895  +0.475940  0.172  0.077  0.519  T  d3
 10971   3428.438  +0.072486  -0.359654  0.156  0.077  0.519  T  d3
 10972   3428.750  -0.445544  +0.149527  0.172  0.077  0.519  T  d2
 10973   3429.062  +0.213739  -0.120461  0.172  0.077  0.519  T  d2
 10974   3429.375  -1.112070  +0.064265  0.172  0.056  0.519  T  d2
 10975   3429.688  +2.844901  -1.309091  0.156  0.056  0.519  T  d0
 10976   3430.000  +3.808043  -2.428026  0.172  0.056  0.519  T  d2
 10977   3430.312  -0.930631  +0.333650  0.172  0.056  0.519  T  d2
 10978   3430.625  +0.990338  -0.554240  0.172  0.056  0.519  T  d2
 10979   3430.938  -4.547582  +2.867188  0.172  0.056  0.519  T  d0
 10980   3431.250  -0.554340  +1.050890  0.172  0.056  0.519  T  d2
 10981   3431.562  +0.541721  -0.710716  0.172  0.056  0.519  T  d1
 10982   3431.875  +0.352736  +0.884347  0.172  0.056  0.519  T  d2
 10983   3432.188  -2.911937  -4.829675  0.188  0.056  0.519  T  d0
 10984   3432.500  -1.038413  -0.647525  0.188  0.056  0.532  T  d1
 10985   3432.812  +0.325650  -0.227488  0.188  0.056  0.532  T  d1
 10986   3433.125  +0.646328  +1.154540  0.188  0.032  0.532  T  d0
 10987   3433.438  +4.167693  +3.553720  0.203  0.032  0.532  T  d2
 10988   3433.750  -0.866397  -0.724613  0.188  0.032  0.532  T  d1
 10989   3434.062  +0.714317  -0.421540  0.188  0.032  0.532  T  d2
 10990   3434.375  -1.219612  +0.514646  0.188  0.032  0.532  T  d0
 10991   3434.688  -3.647696  +3.868872  0.188  0.032  0.532  T  d2
 10992   3435.000  +0.978525  -0.996604  0.203  0.032  0.532  T  d2
 10993   3435.312  -0.607743  +0.518562  0.219  0.032  0.532  T  d2
 10994   3435.625  +3.325233  -3.657406  0.234  0.032  0.532  T  d0
 10995   3435.938  +1.559922  -2.649252  0.234  0.032  0.532  T  d2
 10996   3436.250  +0.046137  +1.019826  0.234  0.032  0.532  T  d2
 10997   3436.562  -0.157411  -0.291359  0.250  0.032  0.532  T  d1
 10998   3436.875  +0.921079  +0.262644  0.250  0.008  0.532  T  d2
 10999   3437.188  -2.942156  +1.339382  0.250  0.008  0.532  T  d0
 11000   3437.500  -3.990496  +2.744684  0.250  0.008  0.536  T  d2
 11001   3437.812  +0.750121  -0.430537  0.250  0.008  0.536  T  d2
 11002   3438.125  -1.128657  +0.629689  0.250  0.008  0.536  T  d2
 11003   3438.438  +4.358333  -3.109082  0.250  0.008  0.536  T  d0
 11004   3438.750  +0.459953  -1.114078  0.250  0.008  0.536  T  d2
 11005   3439.062  -0.596469  +0.685166  0.250  0.008  0.536  T  d1
 11006   3439.375  -0.380081  -0.903826  0.250  0.008  0.536  T  d2
 11007   3439.688  +3.023489  +4.709652  0.266  0.008  0.536  T  d0
 11008   3440.000  +1.069624  +0.618817  0.250  0.008  0.536  T  d1
 11009   3440.312  -0.309692  +0.273721  0.250  0.008  0.536  T  d1
 11010   3440.625  -0.686759  -1.116680  0.250  0.000  0.536  T  d0
 11011   3440.938  -4.298418  -3.438921  0.266  0.000  0.536  T  d2
 11012   3441.250  +0.854445  +0.690811  0.250  0.000  0.536  T  d1
 11013   3441.562  -0.745196  +0.393086  0.250  0.000  0.536  T  d2
 11014   3441.875  +1.177781  -0.635541  0.250  0.000  0.536  T  d0
 11015   3442.188  +3.509682  -4.091745  0.250  0.000  0.536  T  d2
 11016   3442.500  -0.907466  +0.846497  0.234  0.000  0.511  T  d2
 11017   3442.812  +0.642710  -0.712981  0.234  0.000  0.511  T  d2
 11018   3443.125  -3.062508  +3.546615  0.234  0.000  0.511  T  d0
 11019   3443.438  -1.415750  +2.562130  0.219  0.000  0.511  T  d2
 11020   3443.750  +0.294705  -1.153550  0.234  0.000  0.511  T  d2
 11021   3444.062  -0.001101  +0.237318  0.234  0.000  0.511  T  d2
 11022   3444.375  +0.136573  -0.429005  0.234  0.000  0.511  T  d1
 11023   3444.688  +0.316762  -0.125101  0.219  0.000  0.511  T  d0
 11024   3445.000  +0.483113  -0.377813  0.219  0.000  0.511  T  d0
 11025   3445.312  +0.163047  +0.013821  0.219  0.000  0.511  T  d0
 11026   3445.625  +0.263569  -0.090752  0.234  0.000  0.511  T  d1
 11027   3445.938  -0.086015  +0.232400  0.219  0.000  0.511  T  d3
 11028   3446.250  +0.080263  +0.104140  0.219  0.000  0.511  T  d0
 11029   3446.562  +0.130790  +0.020452  0.219  0.000  0.511  T  d1
 11030   3446.875  +0.046923  +0.113511  0.219  0.000  0.511  T  d2
 11031   3447.188  -0.174646  -0.256806  0.219  0.000  0.511  T  d3
 11032   3447.500  -0.094872  -0.008870  0.203  0.000  0.532  T  d1
 11033   3447.812  +0.003330  -0.009564  0.203  0.000  0.532  T  d2
 11034   3448.125  +0.001586  +0.065715  0.203  0.000  0.532  T  d3
 11035   3448.438  +0.247125  +0.191437  0.203  0.000  0.532  T  d2
 11036   3448.750  -0.073166  -0.058448  0.188  0.000  0.532  T  d1
 11037   3449.062  +0.051604  -0.054425  0.188  0.000  0.532  T  d2
 11038   3449.375  -0.065733  +0.046967  0.188  0.000  0.532  T  d0
 11039   3449.688  -0.202417  +0.232921  0.188  0.000  0.532  T  d3
 11040   3450.000  +0.085697  +0.000972  0.188  0.000  0.532  T  d2
 11041   3450.312  -0.021571  +0.018616  0.188  0.000  0.532  T  d2
 11042   3450.625  +0.262865  -0.037582  0.188  0.000  0.532  T  d0
 11043   3450.938  +0.603850  -0.212325  0.172  0.000  0.532  T  d3
 11044   3451.250  +0.117708  -0.581047  0.188  0.000  0.532  T  d3
 11045   3451.562  -0.452282  -0.416085  0.188  0.000  0.532  T  d3
 11046   3451.875  -0.639827  +0.100124  0.188  0.000  0.532  T  d3
 11047   3452.188  -0.348468  +0.594873  0.172  0.000  0.532  T  d3
 11048   3452.500  +0.237641  +0.628453  0.188  0.000  0.592  T  d3
 11049   3452.812  +0.619862  +0.188690  0.188  0.000  0.592  T  d3
 11050   3453.125  +0.575903  -0.395966  0.188  0.000  0.592  T  d3
 11051   3453.438  +0.029874  -0.660586  0.188  0.000  0.592  T  d0
 11052   3453.750  -0.394621  -0.437420  0.188  0.000  0.592  T  d3
 11053   3454.062  -0.663153  +0.132094  0.188  0.000  0.592  T  d3
 11054   3454.375  +0.074374  +0.494962  0.188  0.000  0.592  T  d2
 11055   3454.688  +0.182053  -0.431964  0.203  0.000  0.592  T  d3
 11056   3455.000  -0.693446  -0.161641  0.188  0.000  0.592  T  d3
 11057   3455.312  -0.317340  +0.468515  0.172  0.000  0.592  T  d0
 11058   3455.625  +0.086374  +0.629177  0.156  0.000  0.592  T  d3
 11059   3455.938  +0.655402  +0.357867  0.172  0.000  0.592  T  d3
 11060   3456.250  +0.630005  -0.233362  0.172  0.000  0.592  T  d3
 11061   3456.562  +0.230740  -0.611734  0.156  0.000  0.592  T  d3
 11062   3456.875  -0.372631  -0.538334  0.156  0.000  0.592  T  d3
 11063   3457.188  -0.642510  -0.024376  0.156  0.000  0.592  T  d3
 11064   3457.500  -0.421618  +0.458665  0.156  0.000  0.579  T  d3
 11065   3457.812  +0.144978  +0.652507  0.156  0.000  0.579  T  d3
 11066   3458.125  +0.537860  +0.118882  0.156  0.000  0.579  T  d3
 11067   3458.438  +0.069396  -0.254263  0.156  0.000  0.579  T  d2
 11068   3458.750  -0.045106  +0.029135  0.172  0.000  0.579  T  d2
 11069   3459.062  +0.028053  -0.094162  0.172  0.000  0.579  T  d3
 11070   3459.375  -0.074336  -0.010974  0.172  0.000  0.579  T  d2
 11071   3459.688  +0.187126  -0.136901  0.156  0.000  0.579  T  d0
 11072   3460.000  +0.246794  -0.169871  0.156  0.000  0.579  T  d2
 11073   3460.312  -0.061218  -0.001624  0.156  0.000  0.579  T  d2
 11074   3460.625  +0.066388  -0.042998  0.156  0.000  0.579  T  d2
 11075   3460.938  -0.297971  +0.166769  0.141  0.000  0.579  T  d0
 11076   3461.250  -0.038693  +0.062294  0.141  0.000  0.579  T  d2
 11077   3461.562  +0.012635  -0.044045  0.141  0.000  0.579  T  d2
 11078   3461.875  +0.010553  +0.050110  0.141  0.000  0.579  T  d2
 11079   3462.188  -0.195041  -0.287657  0.141  0.000  0.579  T  d0
 11080   3462.500  -0.076759  -0.040522  0.141  0.000  0.549  T  d1
 11081   3462.812  +0.013774  -0.006354  0.141  0.000  0.549  T  d1
 11082   3463.125  +0.033954  +0.076865  0.141  0.004  0.549  T  d0
 11083   3463.438  +0.265889  +0.233588  0.141  0.004  0.549  T  d2
 11084   3463.750  -0.050268  -0.024008  0.125  0.004  0.549  T  d2
 11085   3464.062  +0.059286  +0.003246  0.125  0.004  0.549  T  d1
 11086   3464.375  -0.067871  +0.076260  0.125  0.004  0.549  T  d0
 11087   3464.688  -0.213416  +0.278611  0.125  0.004  0.549  T  d3
 11088   3465.000  +0.061962  +0.020274  0.141  0.004  0.549  T  d1
 11089   3465.312  -0.026228  +0.044696  0.141  0.004  0.549  T  d3
 11090   3465.625  +0.238793  -0.037852  0.125  0.004  0.549  T  d0
 11091   3465.938  +0.614860  -0.211179  0.125  0.004  0.549  T  d3
 11092   3466.250  +0.132461  -0.598045  0.141  0.004  0.549  T  d3
 11093   3466.562  -0.425715  -0.430255  0.141  0.004  0.549  T  d3
 11094   3466.875  -0.637041  +0.104424  0.141  0.005  0.549  T  d3
 11095   3467.188  -0.354959  +0.583449  0.141  0.005  0.549  T  d3
 11096   3467.500  +0.230310  +0.627984  0.156  0.005  0.536  T  d3
 11097   3467.812  +0.622898  +0.189561  0.156  0.005  0.536  T  d3
 11098   3468.125  +0.575652  -0.370595  0.156  0.005  0.536  T  d3
 11099   3468.438  +0.028512  -0.660306  0.172  0.005  0.536  T  d0
 11100   3468.750  -0.398057  -0.440698  0.172  0.005  0.536  T  d3
 11101   3469.062  -0.683260  +0.110902  0.172  0.005  0.536  T  d3
 11102   3469.375  +0.056425  +0.490090  0.172  0.005  0.536  T  d2
 11103   3469.688  +0.165034  -0.446290  0.188  0.005  0.536  T  d3
 11104   3470.000  -0.698235  -0.180061  0.172  0.005  0.536  T  d3
 11105   3470.312  -0.327214  +0.448998  0.172  0.005  0.536  T  d3
 11106   3470.625  +0.102494  +0.624933  0.172  0.000  0.536  T  d3
 11107   3470.938  +0.643902  +0.363167  0.188  0.000  0.536  T  d3
 11108   3471.250  +0.666033  -0.203296  0.172  0.000  0.536  T  d3
 11109   3471.562  +0.254943  -0.557548  0.172  0.000  0.536  T  d3
 11110   3471.875  -0.348045  -0.485349  0.172  0.000  0.536  T  d3
 11111   3472.188  -0.640148  +0.058126  0.172  0.000  0.536  T  d3
 11112   3472.500  -0.448225  +0.549595  0.172  0.000  0.502  T  d3
 11113   3472.812  +0.114870  +0.756591  0.172  0.000  0.502  T  d3
 11114   3473.125  +0.447628  +0.216773  0.172  0.000  0.502  T  d3
 11115   3473.438  +0.026094  -0.182098  0.156  0.000  0.502  T  d3
 11116   3473.750  -0.220109  +0.086096  0.172  0.000  0.502  T  d2
 11117   3474.062  +0.104530  -0.066820  0.172  0.000  0.502  T  d2
 11118   3474.375  -0.557730  +0.054365  0.172  0.023  0.502  T  d2
 11119   3474.688  +1.392052  -0.715395  0.156  0.023  0.502  T  d0
 11120   3475.000  +1.847983  -1.297577  0.172  0.023  0.502  T  d2
 11121   3475.312  -0.457535  +0.186783  0.172  0.023  0.502  T  d2
 11122   3475.625  +0.482684  -0.298531  0.172  0.023  0.502  T  d2
 11123   3475.938  -2.209440  +1.529267  0.172  0.023  0.502  T  d0
 11124   3476.250  -0.251736  +0.536634  0.172  0.023  0.502  T  d2
 11125   3476.562  +0.258957  -0.364479  0.172  0.023  0.502  T  d1
 11126   3476.875  +0.196635  +0.437914  0.172  0.023  0.502  T  d2
 11127   3477.188  -1.554695  -2.349804  0.188  0.023  0.502  T  d0
 11128   3477.500  -0.530671  -0.301439  0.188  0.023  0.472  T  d1
 11129   3477.812  +0.159160  -0.118568  0.188  0.023  0.472  T  d1
 11130   3478.125  +0.342160  +0.564131  0.188  0.067  0.472  T  d0
 11131   3478.438  +2.152807  +1.692239  0.203  0.067  0.472  T  d2
 11132   3478.750  -0.447320  -0.346287  0.188  0.067  0.472  T  d1
 11133   3479.062  +0.351195  -0.227728  0.188  0.067  0.472  T  d2
 11134   3479.375  -0.601504  +0.277692  0.188  0.067  0.472  T  d0
 11135   3479.688  -1.748033  +1.999634  0.188  0.067  0.472  T  d2
 11136   3480.000  +0.471005  -0.526456  0.203  0.067  0.472  T  d2
 11137   3480.312  -0.289618  +0.264072  0.203  0.067  0.472  T  d2
 11138   3480.625  +1.593403  -1.895335  0.203  0.067  0.472  T  d0
 11139   3480.938  +0.735211  -1.357623  0.203  0.067  0.472  T  d2
 11140   3481.250  +0.045263  +0.506031  0.219  0.067  0.472  T  d2
 11141   3481.562  -0.079110  -0.144524  0.219  0.067  0.472  T  d1
 11142   3481.875  +0.467599  +0.118968  0.219  0.101  0.472  T  d2
 11143   3482.188  -1.447609  +0.726456  0.219  0.101  0.472  T  d0
 11144   3482.500  -1.950110  +1.448613  0.234  0.101  0.421  T  d2
 11145   3482.812  +0.359969  -0.225583  0.234  0.101  0.421  T  d2
 11146   3483.125  -0.568590  +0.339968  0.234  0.101  0.421  T  d2
 11147   3483.438  +2.101277  -1.629715  0.250  0.101  0.421  T  d0
 11148   3483.750  +0.186379  -0.565847  0.250  0.101  0.421  T  d2
 11149   3484.062  -0.311674  +0.341395  0.250  0.101  0.421  T  d1
 11150   3484.375  -0.226659  -0.456458  0.250  0.101  0.421  T  d2
 11151   3484.688  +1.570792  +2.284518  0.266  0.101  0.421  T  d0
 11152   3485.000  +0.536065  +0.274774  0.250  0.101  0.421  T  d1
 11153   3485.312  -0.151449  +0.127147  0.266  0.101  0.421  T  d1
 11154   3485.625  -0.346740  -0.548451  0.281  0.154  0.421  P  d0
 11155   3485.938  -2.187073  -1.636797  0.297  0.154  0.421  P  d2
 11156   3486.250  +0.467960  +0.358581  0.297  0.154  0.421  P  d1
 11157   3486.562  -0.342904  +0.265390  0.312  0.154  0.421  P  d2
 11158   3486.875  +0.595430  -0.263213  0.328  0.154  0.421  P  d0
 11159   3487.188  +1.694158  -2.002881  0.344  0.154  0.421  P  d2
 11160   3487.500  -0.463193  +0.547526  0.344  0.154  0.395  P  d2
 11161   3487.812  +0.279183  -0.252630  0.344  0.154  0.395  P  d2
 11162   3488.125  -1.566533  +1.933662  0.344  0.154  0.395  P  d0
 11163   3488.438  -0.714259  +1.378676  0.344  0.154  0.395  P  d2
 11164   3488.750  -0.051892  -0.505943  0.359  0.154  0.395  P  d2
 11165   3489.062  +0.089239  +0.138931  0.375  0.154  0.395  P  d2
 11166   3489.375  -0.452849  -0.120483  0.391  0.207  0.395  P  d2
 11167   3489.688  +1.448615  -0.753235  0.391  0.207  0.395  P  d0
 11168   3490.000  +1.942190  -1.493573  0.406  0.207  0.395  P  d2
 11169   3490.312  -0.325120  +0.233363  0.422  0.207  0.395  P  d2
 11170   3490.625  +0.585489  -0.345366  0.438  0.207  0.395  P  d2
 11171   3490.938  -2.052201  +1.676477  0.438  0.207  0.395  P  d0
 11172   3491.250  -0.166059  +0.572886  0.453  0.207  0.395  P  d2
 11173   3491.562  +0.317827  -0.338896  0.469  0.207  0.395  P  d1
 11174   3491.875  +0.235804  +0.449909  0.469  0.207  0.395  P  d2
 11175   3492.188  -1.606150  -2.263490  0.484  0.207  0.395  P  d0
 11176   3492.500  -0.562685  -0.290292  0.484  0.207  0.429  P  d1
 11177   3492.812  +0.140411  -0.167132  0.484  0.207  0.429  P  d1
 11178   3493.125  +0.322446  +0.498316  0.500  0.212  0.429  P  d0
 11179   3493.438  +2.204188  +1.509847  0.516  0.212  0.429  P  d2
 11180   3493.750  -0.499070  -0.421279  0.516  0.212  0.429  P  d1
 11181   3494.062  +0.349610  -0.427851  0.531  0.212  0.429  P  d2
 11182   3494.375  -0.603297  +0.206373  0.547  0.212  0.429  P  d0
 11183   3494.688  -1.601641  +1.787716  0.562  0.212  0.429  P  d2
 11184   3495.000  +0.357131  -0.546024  0.562  0.212  0.429  P  d0
 11185   3495.312  +0.177372  -0.225961  0.562  0.212  0.429  P  d0
 11186   3495.625  +0.257559  -0.242087  0.562  0.212  0.429  P  d0
 11187   3495.938  +0.175347  -0.157568  0.547  0.212  0.429  P  d0
 11188   3496.250  +0.228952  -0.118389  0.547  0.212  0.429  P  d0
 11189   3496.562  +0.146854  -0.051069  0.547  0.212  0.429  P  d0
 11190   3496.875  +0.142074  -0.025834  0.562  0.212  0.429  P  d0
 11191   3497.188  +0.086475  +0.022030  0.547  0.212  0.429  P  d0
 11192   3497.500  +0.047555  +0.013218  0.562  0.212  0.472  P  d1
 11193   3497.812  +0.005236  +0.026860  0.578  0.212  0.472  P  d1
 11194   3498.125  -0.035793  +0.006276  0.594  0.212  0.472  P  d0
 11195   3498.438  -0.041682  +0.007908  0.578  0.212  0.472  P  d0
 11196   3498.750  -0.052657  -0.013103  0.594  0.212  0.472  P  d0
 11197   3499.062  -0.041985  -0.022237  0.609  0.212  0.472  P  d0
 11198   3499.375  -0.043687  -0.036212  0.625  0.212  0.472  P  d0
 11199   3499.688  -0.023633  -0.040155  0.641  0.212  0.472  P  d0
 11200   3500.000  -0.026355  -0.039922  0.641  0.212  0.472  P  d0
 11201   3500.312  -0.012317  -0.034152  0.656  0.212  0.472  P  d0
 11202   3500.625  -0.003139  -0.015260  0.656  0.212  0.472  P  d0
 11203   3500.938  +0.009565  -0.016469  0.672  0.212  0.472  P  d0
 11204   3501.250  +0.003295  -0.006870  0.656  0.212  0.472  P  d0
 11205   3501.562  +0.002953  -0.002750  0.656  0.212  0.472  P  d2
 11206   3501.875  -0.004106  +0.014875  0.656  0.212  0.472  P  d0
 11207   3502.188  -0.001915  +0.012141  0.656  0.212  0.472  P  d0
 11208   3502.500  -0.001156  +0.012313  0.641  0.212  0.481  P  d1
 11209   3502.812  -0.007261  +0.004589  0.641  0.212  0.481  P  d0
 11210   3503.125  -0.010887  +0.011068  0.641  0.212  0.481  P  d0
 11211   3503.438  -0.009101  +0.008573  0.625  0.212  0.481  P  d0
 11212   3503.750  -0.009878  +0.003514  0.625  0.212  0.481  P  d0
 11213   3504.062  -0.016070  +0.003016  0.625  0.212  0.481  P  d0
 11214   3504.375  -0.006709  +0.004569  0.625  0.214  0.481  P  d0
 11215   3504.688  -0.002873  +0.002872  0.609  0.214  0.481  P  d0
 11216   3505.000  -0.000941  +0.000184  0.609  0.214  0.481  P  d3
 11217   3505.312  -0.002334  +0.006134  0.594  0.214  0.481  P  d3
 11218   3505.625  +0.003929  -0.000744  0.594  0.214  0.481  P  d3
 11219   3505.938  -0.002954  -0.002907  0.578  0.214  0.481  P  d1
 11220   3506.250  +0.000331  -0.004162  0.562  0.214  0.481  P  d3
 11221   3506.562  -0.006979  +0.001824  0.547  0.214  0.481  P  d0
 11222   3506.875  -0.006574  +0.002841  0.531  0.214  0.481  P  d3
 11223   3507.188  -0.001645  +0.011294  0.516  0.214  0.481  P  d0
 11224   3507.500  -0.002343  +0.009484  0.500  0.214  0.498  P  d0
 11225   3507.812  +0.006198  +0.010484  0.500  0.214  0.498  P  d0
 11226   3508.125  +0.008218  +0.005297  0.500  0.218  0.498  P  d1
 11227   3508.438  +0.002379  +0.011860  0.484  0.218  0.498  P  d0
 11228   3508.750  +0.004789  +0.020741  0.469  0.218  0.498  P  d0
 11229   3509.062  +0.015216  +0.020623  0.453  0.218  0.498  P  d0
 11230   3509.375  +0.013313  +0.032766  0.438  0.218  0.498  P  d0
 11231   3509.688  +0.009499  +0.024591  0.422  0.218  0.498  P  d0
 11232   3510.000  +0.011701  +0.042554  0.422  0.218  0.498  P  d0
 11233   3510.312  -0.016307  +0.037993  0.406  0.218  0.498  P  d3
 11234   3510.625  +0.098702  -0.018675  0.391  0.218  0.498  P  d0
 11235   3510.938  +0.280765  -0.134001  0.375  0.218  0.498  P  d3
 11236   3511.250  +0.003195  -0.291395  0.375  0.218  0.498  P  d3
 11237   3511.562  -0.255753  -0.180931  0.359  0.218  0.498  P  d3
 11238   3511.875  -0.321537  +0.085855  0.359  0.146  0.498  P  d3
 11239   3512.188  -0.136939  +0.308797  0.344  0.146  0.498  P  d3
 11240   3512.500  +0.156340  +0.293905  0.344  0.146  0.528  P  d3
 11241   3512.812  +0.324047  +0.054750  0.344  0.146  0.528  P  d3
 11242   3513.125  +0.268234  -0.225403  0.328  0.146  0.528  P  d3
 11243   3513.438  -0.014964  -0.332939  0.328  0.146  0.528  P  d3
 11244   3513.750  -0.212279  -0.190642  0.312  0.146  0.528  P  d3
 11245   3514.062  -0.314604  +0.109133  0.297  0.146  0.528  P  d3
 11246   3514.375  +0.068113  +0.244192  0.281  0.146  0.528  P  d2
 11247   3514.688  +0.061164  -0.225288  0.281  0.146  0.528  P  d3
 11248   3515.000  -0.350797  -0.032667  0.266  0.146  0.528  P  d3
 11249   3515.312  -0.131572  +0.252363  0.266  0.146  0.528  P  d0
 11250   3515.625  +0.082760  +0.308479  0.266  0.100  0.528  T  d3
 11251   3515.938  +0.343614  +0.138082  0.281  0.100  0.528  T  d3
 11252   3516.250  +0.299234  -0.155147  0.281  0.100  0.528  T  d3
 11253   3516.562  +0.075131  -0.317811  0.281  0.100  0.528  T  d3
 11254   3516.875  -0.215703  -0.247092  0.266  0.100  0.528  T  d3
 11255   3517.188  -0.321666  +0.025489  0.266  0.100  0.528  T  d3
 11256   3517.500  -0.177752  +0.252500  0.250  0.100  0.575  T  d3
 11257   3517.812  +0.113087  +0.314666  0.234  0.100  0.575  T  d3
 11258   3518.125  +0.277629  +0.018804  0.219  0.100  0.575  T  d3
 11259   3518.438  +0.020118  -0.133963  0.219  0.100  0.575  T  d2
 11260   3518.750  -0.021248  +0.017570  0.203  0.100  0.575  T  d2
 11261   3519.062  +0.008423  -0.048093  0.188  0.100  0.575  T  d3
 11262   3519.375  -0.038549  +0.003373  0.172  0.061  0.575  T  d2
 11263   3519.688  +0.086613  -0.075400  0.156  0.061  0.575  T  d0
 11264   3520.000  +0.110178  -0.102685  0.141  0.061  0.575  T  d2
 11265   3520.312  -0.032585  -0.000539  0.125  0.061  0.575  T  d1
 11266   3520.625  +0.023936  -0.026232  0.141  0.061  0.575  T  d2
 11267   3520.938  -0.130601  +0.106319  0.125  0.061  0.575  T  d0
 11268   3521.250  -0.015325  +0.030014  0.125  0.061  0.575  T  d2
 11269   3521.562  +0.002871  -0.020886  0.125  0.061  0.575  T  d2
 11270   3521.875  +0.008756  +0.023314  0.125  0.061  0.575  T  d2
 11271   3522.188  -0.123119  -0.134802  0.125  0.061  0.575  T  d0
 11272   3522.500  -0.041159  -0.015585  0.125  0.061  0.579  T  d1
 11273   3522.812  +0.007283  -0.004081  0.125  0.061  0.579  T  d1
 11274   3523.125  +0.021813  +0.035814  0.125  0.003  0.579  T  d0
 11275   3523.438  +0.145899  +0.101731  0.125  0.003  0.579  T  d2
 11276   3523.750  -0.023977  -0.008523  0.125  0.003  0.579  T  d2
 11277   3524.062  +0.028942  -0.000486  0.125  0.003  0.579  T  d1
 11278   3524.375  -0.024829  +0.043842  0.125  0.003  0.579  T  d0
 11279   3524.688  -0.090519  +0.153174  0.125  0.003  0.579  T  d3
 11280   3525.000  +0.037423  +0.010794  0.141  0.003  0.579  T  d1
 11281   3525.312  -0.007756  +0.025641  0.141  0.003  0.579  T  d3
 11282   3525.625  +0.115463  -0.033046  0.125  0.003  0.579  T  d0
 11283   3525.938  +0.287816  -0.141321  0.125  0.003  0.579  T  d3
 11284   3526.250  +0.016499  -0.298630  0.141  0.003  0.579  T  d3
 11285   3526.562  -0.241375  -0.191028  0.141  0.003  0.579  T  d3
 11286   3526.875  -0.309374  +0.088818  0.141  0.202  0.579  P  d3
 11287   3527.188  -0.137768  +0.313011  0.141  0.202  0.579  P  d3
 11288   3527.500  +0.155715  +0.292416  0.156  0.202  0.601  P  d3
 11289   3527.812  +0.326441  +0.054272  0.156  0.202  0.601  P  d3
 11290   3528.125  +0.268365  -0.223251  0.156  0.202  0.601  P  d3
 11291   3528.438  -0.016314  -0.329351  0.172  0.202  0.601  P  d3
 11292   3528.750  -0.217634  -0.191261  0.172  0.202  0.601  P  d3
 11293   3529.062  -0.318226  +0.105409  0.172  0.202  0.601  P  d3
 11294   3529.375  +0.069885  +0.244026  0.172  0.202  0.601  P  d2
 11295   3529.688  +0.061832  -0.224715  0.188  0.202  0.601  P  d3
 11296   3530.000  -0.354876  -0.035091  0.172  0.202  0.601  P  d3
 11297   3530.312  -0.129907  +0.250439  0.172  0.202  0.601  P  d0
 11298   3530.625  +0.084026  +0.306980  0.172  0.375  0.601  P  d3
 11299   3530.938  +0.335532  +0.133095  0.188  0.375  0.601  P  d3
 11300   3531.250  +0.302862  -0.153236  0.172  0.375  0.601  P  d3
 11301   3531.562  +0.077836  -0.318439  0.172  0.375  0.601  P  d3
 11302   3531.875  -0.213234  -0.247540  0.172  0.375  0.601  P  d3
 11303   3532.188  -0.321603  +0.023956  0.172  0.375  0.601  P  d3
 11304   3532.500  -0.179574  +0.252903  0.156  0.375  0.567  P  d3
 11305   3532.812  +0.111152  +0.315102  0.156  0.375  0.567  P  d3
 11306   3533.125  +0.275257  +0.025181  0.156  0.375  0.567  P  d3
 11307   3533.438  +0.018558  -0.129787  0.141  0.375  0.567  P  d2
 11308   3533.750  -0.021224  +0.016362  0.141  0.375  0.567  P  d2
 11309   3534.062  +0.007359  -0.046550  0.141  0.375  0.567  P  d3
 11310   3534.375  -0.037151  +0.001158  0.141  0.432  0.567  P  d2
 11311   3534.688  +0.089249  -0.079096  0.125  0.432  0.567  P  d0
 11312   3535.000  +0.109581  -0.101886  0.125  0.432  0.567  P  d2
 11313   3535.312  -0.031722  -0.000394  0.125  0.432  0.567  P  d1
 11314   3535.625  +0.023939  -0.026255  0.141  0.432  0.567  P  d2
 11315   3535.938  -0.130814  +0.105708  0.125  0.432  0.567  P  d0
 11316   3536.250  -0.015304  +0.031110  0.125  0.432  0.567  P  d2
 11317   3536.562  +0.004210  -0.020900  0.125  0.432  0.567  P  d2
 11318   3536.875  +0.009252  +0.023355  0.125  0.432  0.567  P  d2
 11319   3537.188  -0.121847  -0.135074  0.125  0.432  0.567  P  d0
 11320   3537.500  -0.041389  -0.014702  0.125  0.432  0.592  P  d1
 11321   3537.812  +0.007474  -0.003670  0.125  0.432  0.592  P  d1
 11322   3538.125  +0.021229  +0.036829  0.125  0.460  0.592  P  d0
 11323   3538.438  +0.144884  +0.102999  0.125  0.460  0.592  P  d2
 11324   3538.750  -0.023734  -0.008498  0.125  0.460  0.592  P  d2
 11325   3539.062  +0.028194  -0.001217  0.125  0.460  0.592  P  d1
 11326   3539.375  -0.025514  +0.042246  0.125  0.460  0.592  P  d0
 11327   3539.688  -0.092086  +0.150487  0.125  0.460  0.592  P  d3
 11328   3540.000  +0.038105  +0.009561  0.141  0.460  0.592  P  d1
 11329   3540.312  -0.007869  +0.023495  0.141  0.460  0.592  P  d3
 11330   3540.625  +0.117988  -0.034124  0.125  0.460  0.592  P  d0
 11331   3540.938  +0.289942  -0.141073  0.125  0.460  0.592  P  d3
 11332   3541.250  +0.021152  -0.300035  0.141  0.460  0.592  P  d3
 11333   3541.562  -0.238385  -0.191955  0.141  0.460  0.592  P  d3
 11334   3541.875  -0.307802  +0.086758  0.141  0.418  0.592  P  d3
 11335   3542.188  -0.139266  +0.315373  0.141  0.418  0.592  P  d3
 11336   3542.500  +0.152903  +0.294910  0.156  0.418  0.601  P  d3
 11337   3542.812  +0.323316  +0.059266  0.156  0.418  0.601  P  d3
 11338   3543.125  +0.264236  -0.220454  0.156  0.418  0.601  P  d3
 11339   3543.438  -0.020148  -0.328769  0.172  0.418  0.601  P  d3
 11340   3543.750  -0.224427  -0.193789  0.172  0.418  0.601  P  d3
 11341   3544.062  -0.326104  +0.100324  0.172  0.418  0.601  P  d3
 11342   3544.375  +0.060681  +0.238101  0.172  0.418  0.601  P  d2
 11343   3544.688  +0.058787  -0.231630  0.188  0.418  0.601  P  d3
 11344   3545.000  -0.358022  -0.046142  0.172  0.418  0.601  P  d3
 11345   3545.312  -0.128822  +0.241907  0.172  0.418  0.601  P  d0
 11346   3545.625  +0.086853  +0.303266  0.172  0.365  0.601  P  d3
 11347   3545.938  +0.344578  +0.135549  0.188  0.365  0.601  P  d3
 11348   3546.250  +0.313149  -0.142783  0.172  0.365  0.601  P  d3
 11349   3546.562  +0.090727  -0.302943  0.172  0.365  0.601  P  d3
 11350   3546.875  -0.207177  -0.223025  0.172  0.365  0.601  P  d3
 11351   3547.188  -0.319460  +0.051979  0.172  0.365  0.601  P  d3
 11352   3547.500  -0.192111  +0.292291  0.156  0.365  0.579  P  d3
 11353   3547.812  +0.094861  +0.351640  0.156  0.365  0.579  P  d3
 11354   3548.125  +0.235886  +0.072299  0.156  0.365  0.579  P  d3
 11355   3548.438  -0.002913  -0.106354  0.141  0.365  0.579  P  d3
 11356   3548.750  -0.103042  +0.051844  0.156  0.365  0.579  P  d2
 11357   3549.062  +0.038719  -0.045236  0.156  0.365  0.579  P  d2
 11358   3549.375  -0.275324  +0.068670  0.156  0.347  0.579  P  d2
 11359   3549.688  +0.634844  -0.436410  0.141  0.347  0.579  P  d0
 11360   3550.000  +0.823300  -0.744666  0.141  0.347  0.579  P  d2
 11361   3550.312  -0.247841  +0.138068  0.141  0.347  0.579  P  d2
 11362   3550.625  +0.194679  -0.163050  0.156  0.347  0.579  P  d2
 11363   3550.938  -1.049501  +0.916307  0.141  0.347  0.579  P  d0
 11364   3551.250  -0.133888  +0.292743  0.141  0.347  0.579  P  d2
 11365   3551.562  +0.056424  -0.168780  0.141  0.347  0.579  P  d2
 11366   3551.875  +0.083230  +0.204692  0.141  0.347  0.579  P  d2
 11367   3552.188  -0.936227  -1.056890  0.141  0.347  0.579  P  d0
 11368   3552.500  -0.302041  -0.113234  0.141  0.347  0.597  P  d1
 11369   3552.812  +0.082435  -0.037597  0.141  0.347  0.597  P  d1
 11370   3553.125  +0.218995  +0.292142  0.141  0.348  0.597  P  d0
 11371   3553.438  +1.225226  +0.777186  0.141  0.348  0.597  P  d2
 11372   3553.750  -0.180220  -0.044944  0.141  0.348  0.597  P  d2
 11373   3554.062  +0.252224  -0.018255  0.141  0.348  0.597  P  d1
 11374   3554.375  -0.191017  +0.368732  0.141  0.348  0.597  P  d0
 11375   3554.688  -0.668820  +1.232331  0.141  0.348  0.597  P  d3
 11376   3555.000  +0.286535  +0.056158  0.156  0.348  0.597  P  d1
 11377   3555.312  -0.100007  +0.204498  0.156  0.348  0.597  P  d3
 11378   3555.625  +0.923220  -0.266528  0.141  0.348  0.597  P  d0
 11379   3555.938  +2.272067  -1.182708  0.141  0.348  0.597  P  d3
 11380   3556.250  +0.161444  -2.436132  0.156  0.348  0.597  P  d3
 11381   3556.562  -1.972925  -1.441103  0.156  0.348  0.597  P  d3
 11382   3556.875  -2.458764  +0.722860  0.156  0.352  0.597  P  d3
 11383   3557.188  -1.081507  +2.513343  0.156  0.352  0.597  P  d3
 11384   3557.500  +1.273612  +2.319631  0.172  0.352  0.597  P  d3
 11385   3557.812  +2.659546  +0.381681  0.172  0.352  0.597  P  d3
 11386   3558.125  +2.126436  -1.826107  0.172  0.352  0.597  P  d3
 11387   3558.438  -0.205155  -2.630597  0.188  0.352  0.597  P  d0
 11388   3558.750  -1.758301  -1.511165  0.188  0.352  0.597  P  d3
 11389   3559.062  -2.507052  +0.878648  0.188  0.352  0.597  P  d3
 11390   3559.375  +0.578894  +1.934308  0.188  0.352  0.597  P  d2
 11391   3559.688  +0.462127  -1.799428  0.203  0.352  0.597  P  d3
 11392   3560.000  -2.856389  -0.245298  0.188  0.352  0.597  P  d3
 11393   3560.312  -1.010660  +2.021313  0.188  0.352  0.597  P  d0
 11394   3560.625  +0.701050  +2.440468  0.188  0.358  0.597  P  d3
 11395   3560.938  +2.700938  +1.025243  0.203  0.358  0.597  P  d3
 11396   3561.250  +2.396380  -1.258276  0.188  0.358  0.597  P  d3
 11397   3561.562  +0.590214  -2.551026  0.188  0.358  0.597  P  d3
 11398   3561.875  -1.741772  -1.955587  0.188  0.358  0.597  P  d3
 11399   3562.188  -2.563734  +0.225347  0.188  0.358  0.597  P  d3
 11400   3562.500  -1.409435  +2.041999  0.172  0.358  0.567  P  d3
 11401   3562.812  +0.932692  +2.507114  0.172  0.358  0.567  P  d3
 11402   3563.125  +2.197186  +0.167635  0.172  0.358  0.567  P  d3
 11403   3563.438  +0.139018  -1.035413  0.156  0.358  0.567  P  d3
 11404   3563.750  -0.161288  +0.119675  0.156  0.358  0.567  P  d2
 11405   3564.062  +0.058324  -0.370157  0.156  0.358  0.567  P  d3
 11406   3564.375  -0.290816  -0.001346  0.156  0.361  0.567  P  d2
 11407   3564.688  +0.671949  -0.641181  0.141  0.361  0.567  P  d0
 11408   3565.000  +0.875483  -0.818771  0.141  0.361  0.567  P  d2
 11409   3565.312  -0.245000  +0.018895  0.141  0.361  0.567  P  d2
 11410   3565.625  +0.228519  -0.211108  0.156  0.361  0.567  P  d2
 11411   3565.938  -1.114481  +0.881911  0.141  0.361  0.567  P  d0
 11412   3566.250  -0.132019  +0.271508  0.141  0.361  0.567  P  d2
 11413   3566.562  +0.031381  -0.191564  0.141  0.361  0.567  P  d2
 11414   3566.875  +0.064465  +0.190658  0.141  0.361  0.567  P  d2
 11415   3567.188  -0.935761  -1.045758  0.141  0.361  0.567  P  d0
 11416   3567.500  -0.322930  -0.127152  0.141  0.361  0.575  P  d1
 11417   3567.812  +0.044136  -0.038379  0.141  0.361  0.575  P  d1
 11418   3568.125  +0.189500  +0.287667  0.141  0.362  0.575  P  d0
 11419   3568.438  +1.175105  +0.792395  0.141  0.362  0.575  P  d2
 11420   3568.750  -0.199533  -0.063731  0.125  0.362  0.575  P  d2
 11421   3569.062  +0.237154  -0.011489  0.125  0.362  0.575  P  d1
 11422   3569.375  -0.206890  +0.351448  0.141  0.362  0.575  P  d0
 11423   3569.688  -0.686720  +1.238399  0.156  0.362  0.575  P  d3
 11424   3570.000  +0.275816  +0.060002  0.172  0.362  0.575  P  d1
 11425   3570.312  -0.099146  +0.210204  0.188  0.362  0.575  P  d3
 11426   3570.625  +0.920827  -0.247960  0.188  0.362  0.575  P  d0
 11427   3570.938  +2.305236  -1.140711  0.188  0.362  0.575  P  d3
 11428   3571.250  +0.174075  -2.422208  0.188  0.362  0.575  P  d3
 11429   3571.562  -1.986230  -1.454631  0.188  0.362  0.575  P  d3
 11430   3571.875  -2.466341  +0.698241  0.203  0.366  0.575  P  d3
 11431   3572.188  -1.111918  +2.498862  0.219  0.366  0.575  P  d3
 11432   3572.500  +1.244068  +2.346068  0.234  0.366  0.618  P  d3
 11433   3572.812  +2.660200  +0.416751  0.250  0.366  0.618  P  d3
 11434   3573.125  +2.159182  -1.791483  0.266  0.366  0.618  P  d3
 11435   3573.438  -0.160228  -2.634825  0.266  0.366  0.618  P  d3
 11436   3573.750  -1.726643  -1.528144  0.266  0.366  0.618  P  d3
 11437   3574.062  -2.507943  +0.845944  0.266  0.366  0.618  P  d3
 11438   3574.375  +0.565019  +1.952157  0.281  0.366  0.618  P  d2
 11439   3574.688  +0.492154  -1.787724  0.297  0.366  0.618  P  d3
 11440   3575.000  -2.845168  -0.272287  0.281  0.366  0.618  P  d3
 11441   3575.312  -1.040436  +2.014132  0.281  0.366  0.618  P  d0
 11442   3575.625  +0.668906  +2.454830  0.281  0.371  0.618  P  d3
 11443   3575.938  +2.675764  +1.060701  0.297  0.371  0.618  P  d3
 11444   3576.250  +2.405901  -1.236846  0.281  0.371  0.618  P  d3
 11445   3576.562  +0.610007  -2.558082  0.281  0.371  0.618  P  d3
 11446   3576.875  -1.719576  -2.008604  0.281  0.371  0.618  P  d3
 11447   3577.188  -2.570035  +0.160830  0.281  0.371  0.618  P  d3
 11448   3577.500  -1.423449  +1.977073  0.266  0.371  0.588  P  d3
 11449   3577.812  +0.915304  +2.479943  0.266  0.371  0.588  P  d3
 11450   3578.125  +2.236891  +0.143542  0.266  0.371  0.588  P  d3
 11451   3578.438  +0.177205  -1.059858  0.250  0.371  0.588  P  d2
 11452   3578.750  -0.072049  +0.077590  0.250  0.371  0.588  P  d2
 11453   3579.062  +0.029578  -0.371071  0.250  0.371  0.588  P  d0
 11454   3579.375  -0.026840  -0.076298  0.250  0.378  0.588  P  d0
 11455   3579.688  +0.070326  -0.257094  0.234  0.378  0.588  P  d0
 11456   3580.000  +0.078629  -0.124645  0.234  0.378  0.588  P  d0
 11457   3580.312  -0.005539  -0.122806  0.234  0.378  0.588  P  d0
 11458   3580.625  +0.041389  -0.060393  0.234  0.378  0.588  P  d3
 11459   3580.938  -0.077322  -0.006775  0.219  0.378  0.588  P  d1
 11460   3581.250  +0.006334  -0.012541  0.219  0.378  0.588  P  d3
 11461   3581.562  -0.027944  -0.027698  0.219  0.378  0.588  P  d0
 11462   3581.875  -0.010960  -0.001049  0.219  0.378  0.588  P  d0
 11463   3582.188  -0.100876  -0.065131  0.219  0.378  0.588  P  d0
 11464   3582.500  -0.050300  -0.016519  0.219  0.378  0.588  P  d0
 11465   3582.812  -0.035253  +0.000353  0.219  0.378  0.588  P  d0
 11466   3583.125  -0.022450  +0.007595  0.219  0.386  0.588  P  d3
 11467   3583.438  +0.037552  +0.051019  0.219  0.386  0.588  P  d2
 11468   3583.750  -0.038416  -0.017971  0.219  0.386  0.588  P  d3
 11469   3584.062  -0.006336  +0.006760  0.219  0.386  0.588  P  d0
 11470   3584.375  -0.025213  +0.011002  0.219  0.386  0.588  P  d0
 11471   3584.688  -0.051985  +0.082968  0.219  0.386  0.588  P  d3
 11472   3585.000  +0.010417  +0.002384  0.234  0.386  0.588  P  d1
 11473   3585.312  -0.004772  +0.022170  0.234  0.386  0.588  P  d3
 11474   3585.625  +0.052372  -0.003067  0.219  0.386  0.588  P  d0
 11475   3585.938  +0.150525  -0.054677  0.219  0.386  0.588  P  d3
 11476   3586.250  +0.002602  -0.135148  0.234  0.386  0.588  P  d3
 11477   3586.562  -0.113557  -0.084697  0.234  0.386  0.588  P  d3
 11478   3586.875  -0.156505  +0.053296  0.234  0.394  0.588  P  d3
 11479   3587.188  -0.063406  +0.153229  0.234  0.394  0.588  P  d3
 11480   3587.500  +0.075403  +0.157527  0.250  0.394  0.618  P  d3
 11481   3587.812  +0.159616  +0.030051  0.250  0.394  0.618  P  d3
 11482   3588.125  +0.129320  -0.107694  0.250  0.394  0.618  P  d3
 11483   3588.438  -0.003584  -0.165431  0.266  0.394  0.618  P  d3
 11484   3588.750  -0.101832  -0.089908  0.266  0.394  0.618  P  d3
 11485   3589.062  -0.156123  +0.048373  0.266  0.394  0.618  P  d3
 11486   3589.375  +0.031210  +0.120928  0.250  0.394  0.618  P  d2
 11487   3589.688  +0.035586  -0.116425  0.250  0.394  0.618  P  d3
 11488   3590.000  -0.167872  -0.014031  0.234  0.394  0.618  P  d3
 11489   3590.312  -0.067239  +0.120111  0.219  0.394  0.618  P  d3
 11490   3590.625  +0.043526  +0.150373  0.203  0.410  0.618  P  d3
 11491   3590.938  +0.160758  +0.074051  0.219  0.410  0.618  P  d3
 11492   3591.250  +0.154756  -0.070753  0.219  0.410  0.618  P  d3
 11493   3591.562  +0.040243  -0.156246  0.219  0.410  0.618  P  d3
 11494   3591.875  -0.100562  -0.125452  0.203  0.410  0.618  P  d3
 11495   3592.188  -0.155779  +0.011768  0.188  0.410  0.618  P  d3
 11496   3592.500  -0.090003  +0.123469  0.172  0.410  0.584  P  d3
 11497   3592.812  +0.053001  +0.152030  0.156  0.410  0.584  P  d3
 11498   3593.125  +0.132949  +0.008062  0.141  0.410  0.584  P  d3
 11499   3593.438  +0.016258  -0.062995  0.141  0.410  0.584  P  d3
 11500   3593.750  -0.010770  +0.004718  0.141  0.410  0.584  P  d1
 11501   3594.062  +0.001212  -0.020276  0.141  0.410  0.584  P  d3
 11502   3594.375  -0.020127  -0.002523  0.125  0.418  0.584  P  d1
 11503   3594.688  +0.042548  -0.036979  0.109  0.418  0.584  P  d0
 11504   3595.000  +0.057085  -0.052188  0.109  0.418  0.584  P  d2
 11505   3595.312  -0.017977  +0.000521  0.109  0.418  0.584  P  d2
 11506   3595.625  +0.012002  -0.008411  0.125  0.418  0.584  P  d2
 11507   3595.938  -0.063072  +0.052225  0.109  0.418  0.584  P  d0
 11508   3596.250  -0.008972  +0.013249  0.109  0.418  0.584  P  d2
 11509   3596.562  +0.002003  -0.010547  0.109  0.418  0.584  P  d2
 11510   3596.875  +0.003795  +0.009794  0.109  0.418  0.584  P  d2
 11511   3597.188  -0.062009  -0.066884  0.109  0.418  0.584  P  d0
 11512   3597.500  -0.019303  -0.006737  0.109  0.418  0.571  P  d1
 11513   3597.812  +0.003085  -0.003283  0.109  0.418  0.571  P  d1
 11514   3598.125  +0.011212  +0.019239  0.109  0.414  0.571  P  d0
 11515   3598.438  +0.071140  +0.052065  0.109  0.414  0.571  P  d2
 11516   3598.750  -0.011614  -0.003730  0.109  0.414  0.571  P  d2
 11517   3599.062  +0.013515  +0.000429  0.109  0.414  0.571  P  d1
 11518   3599.375  -0.012016  +0.021052  0.109  0.414  0.571  P  d0
 11519   3599.688  -0.047143  +0.072833  0.109  0.414  0.571  P  d3
 11520   3600.000  +0.018857  +0.004789  0.125  0.414  0.571  P  d1
 11521   3600.312  -0.008459  +0.011954  0.125  0.414  0.571  P  d2
 11522   3600.625  +0.059433  -0.011388  0.125  0.414  0.571  P  d0
 11523   3600.938  +0.142898  -0.069004  0.125  0.414  0.571  P  d3
 11524   3601.250  +0.016513  -0.146204  0.141  0.414  0.571  P  d3
 11525   3601.562  -0.115081  -0.091313  0.141  0.414  0.571  P  d3
 11526   3601.875  -0.156209  +0.036126  0.141  0.316  0.571  P  d3
 11527   3602.188  -0.073932  +0.147589  0.141  0.316  0.571  P  d3
 11528   3602.500  +0.071536  +0.149165  0.156  0.316  0.597  P  d3
 11529   3602.812  +0.159712  +0.035490  0.156  0.316  0.597  P  d3
 11530   3603.125  +0.136873  -0.104638  0.156  0.316  0.597  P  d3
 11531   3603.438  -0.000161  -0.164463  0.172  0.316  0.597  P  d3
 11532   3603.750  -0.102158  -0.099359  0.172  0.316  0.597  P  d3
 11533   3604.062  -0.158691  +0.046501  0.172  0.316  0.597  P  d3
 11534   3604.375  +0.027122  +0.120321  0.172  0.316  0.597  P  d2
 11535   3604.688  +0.036717  -0.112959  0.188  0.316  0.597  P  d3
 11536   3605.000  -0.174558  -0.023039  0.172  0.316  0.597  P  d3
 11537   3605.312  -0.068575  +0.121618  0.172  0.316  0.597  P  d0
 11538   3605.625  +0.036556  +0.152420  0.172  0.139  0.597  P  d3
 11539   3605.938  +0.159141  +0.074991  0.188  0.139  0.597  P  d3
 11540   3606.250  +0.149409  -0.070299  0.172  0.139  0.597  P  d3
 11541   3606.562  +0.044506  -0.155469  0.172  0.139  0.597  P  d3
 11542   3606.875  -0.101256  -0.125345  0.172  0.139  0.597  P  d3
 11543   3607.188  -0.155182  +0.008993  0.172  0.139  0.597  P  d3
 11544   3607.500  -0.093901  +0.123647  0.156  0.139  0.562  P  d3
 11545   3607.812  +0.050895  +0.152366  0.156  0.139  0.562  P  d3
 11546   3608.125  +0.138116  +0.013636  0.156  0.139  0.562  P  d3
 11547   3608.438  +0.013699  -0.060136  0.141  0.139  0.562  P  d3
 11548   3608.750  -0.011838  +0.006747  0.156  0.139  0.562  P  d1
 11549   3609.062  +0.002803  -0.022346  0.156  0.139  0.562  P  d3
 11550   3609.375  -0.019209  -0.001102  0.156  0.077  0.562  T  d2
 11551   3609.688  +0.043195  -0.037987  0.141  0.077  0.562  T  d0
 11552   3610.000  +0.059909  -0.049936  0.141  0.077  0.562  T  d2
 11553   3610.312  -0.018374  -0.000978  0.141  0.077  0.562  T  d1
 11554   3610.625  +0.009239  -0.009200  0.156  0.077  0.562  T  d2
 11555   3610.938  -0.064906  +0.050592  0.141  0.077  0.562  T  d0
 11556   3611.250  -0.006961  +0.013003  0.141  0.077  0.562  T  d2
 11557   3611.562  +0.001595  -0.009534  0.141  0.077  0.562  T  d2
 11558   3611.875  +0.005222  +0.010124  0.141  0.077  0.562  T  d2
 11559   3612.188  -0.059769  -0.068042  0.141  0.077  0.562  T  d0
 11560   3612.500  -0.018072  -0.007486  0.141  0.077  0.575  T  d1
 11561   3612.812  +0.002879  -0.002208  0.141  0.077  0.575  T  d1
 11562   3613.125  +0.010555  +0.019235  0.141  0.068  0.575  T  d0
 11563   3613.438  +0.069283  +0.054778  0.141  0.068  0.575  T  d2
 11564   3613.750  -0.011259  -0.005035  0.141  0.068  0.575  T  d2
 11565   3614.062  +0.013139  +0.001034  0.141  0.068  0.575  T  d1
 11566   3614.375  -0.013530  +0.019405  0.141  0.068  0.575  T  d0
 11567   3614.688  -0.049347  +0.071597  0.141  0.068  0.575  T  d3
 11568   3615.000  +0.018740  +0.004099  0.156  0.068  0.575  T  d1
 11569   3615.312  -0.008029  +0.010361  0.156  0.068  0.575  T  d2
 11570   3615.625  +0.060419  -0.010391  0.141  0.068  0.575  T  d0
 11571   3615.938  +0.146324  -0.064989  0.141  0.068  0.575  T  d3
 11572   3616.250  +0.021502  -0.146265  0.156  0.068  0.575  T  d3
 11573   3616.562  -0.111098  -0.094593  0.156  0.068  0.575  T  d3
 11574   3616.875  -0.156486  +0.032168  0.156  0.118  0.575  T  d3
 11575   3617.188  -0.077475  +0.146309  0.156  0.118  0.575  T  d3
 11576   3617.500  +0.066633  +0.152286  0.172  0.118  0.579  T  d3
 11577   3617.812  +0.157847  +0.041180  0.172  0.118  0.579  T  d3
 11578   3618.125  +0.137112  -0.100534  0.172  0.118  0.579  T  d3
 11579   3618.438  +0.001065  -0.164633  0.188  0.118  0.579  T  d0
 11580   3618.750  -0.101763  -0.104268  0.188  0.118  0.579  T  d3
 11581   3619.062  -0.164020  +0.037527  0.188  0.118  0.579  T  d3
 11582   3619.375  +0.018732  +0.118462  0.188  0.118  0.579  T  d2
 11583   3619.688  +0.039134  -0.115580  0.203  0.118  0.579  T  d3
 11584   3620.000  -0.174125  -0.034131  0.188  0.118  0.579  T  d3
 11585   3620.312  -0.072120  +0.115539  0.188  0.118  0.579  T  d0
 11586   3620.625  +0.033206  +0.151687  0.188  0.169  0.579  P  d3
 11587   3620.938  +0.160237  +0.081737  0.203  0.169  0.579  P  d3
 11588   3621.250  +0.156100  -0.060576  0.188  0.169  0.579  P  d3
 11589   3621.562  +0.054943  -0.146345  0.188  0.169  0.579  P  d3
 11590   3621.875  -0.094394  -0.116771  0.188  0.169  0.579  P  d3
 11591   3622.188  -0.156296  +0.018289  0.188  0.169  0.579  P  d3
 11592   3622.500  -0.105853  +0.138899  0.172  0.169  0.567  P  d3
 11593   3622.812  +0.037403  +0.171348  0.172  0.169  0.567  P  d3
 11594   3623.125  +0.117245  +0.039696  0.172  0.169  0.567  P  d3
 11595   3623.438  +0.003754  -0.048695  0.156  0.169  0.567  P  d3
 11596   3623.750  -0.052813  +0.019775  0.156  0.169  0.567  P  d2
 11597   3624.062  +0.019372  -0.020151  0.156  0.169  0.567  P  d2
 11598   3624.375  -0.134984  +0.021802  0.156  0.160  0.567  P  d2
 11599   3624.688  +0.319010  -0.188120  0.141  0.160  0.567  P  d0
 11600   3625.000  +0.426066  -0.327821  0.141  0.160  0.567  P  d2
 11601   3625.312  -0.126605  +0.058662  0.141  0.160  0.567  P  d2
 11602   3625.625  +0.098746  -0.071246  0.156  0.160  0.567  P  d2
 11603   3625.938  -0.539802  +0.404497  0.141  0.160  0.567  P  d0
 11604   3626.250  -0.071684  +0.136513  0.141  0.160  0.567  P  d2
 11605   3626.562  +0.034771  -0.081332  0.141  0.160  0.567  P  d2
 11606   3626.875  +0.033734  +0.104074  0.141  0.160  0.567  P  d2
 11607   3627.188  -0.411352  -0.542382  0.141  0.160  0.567  P  d0
 11608   3627.500  -0.144411  -0.066123  0.141  0.160  0.592  P  d1
 11609   3627.812  +0.040514  -0.017081  0.141  0.160  0.592  P  d1
 11610   3628.125  +0.096139  +0.152545  0.141  0.125  0.592  P  d0
 11611   3628.438  +0.565910  +0.417811  0.141  0.125  0.592  P  d2
 11612   3628.750  -0.084002  -0.030099  0.125  0.125  0.592  P  d2
 11613   3629.062  +0.118684  -0.000668  0.125  0.125  0.592  P  d1
 11614   3629.375  -0.106342  +0.172589  0.125  0.125  0.592  P  d0
 11615   3629.688  -0.360000  +0.572526  0.125  0.125  0.592  P  d3
 11616   3630.000  +0.138631  +0.033879  0.141  0.125  0.592  P  d1
 11617   3630.312  -0.056156  +0.087093  0.141  0.125  0.592  P  d2
 11618   3630.625  +0.458978  -0.105207  0.125  0.125  0.592  P  d0
 11619   3630.938  +1.138146  -0.499546  0.125  0.125  0.592  P  d3
 11620   3631.250  +0.147851  -1.159460  0.141  0.125  0.592  P  d3
 11621   3631.562  -0.896253  -0.754597  0.141  0.125  0.592  P  d3
 11622   3631.875  -1.227245  +0.272866  0.141  0.107  0.592  T  d3
 11623   3632.188  -0.596632  +1.158928  0.141  0.107  0.592  T  d3
 11624   3632.500  +0.557589  +1.163514  0.156  0.107  0.592  T  d3
 11625   3632.812  +1.246369  +0.288530  0.156  0.107  0.592  T  d3
 11626   3633.125  +1.069945  -0.819821  0.156  0.107  0.592  T  d3
 11627   3633.438  +0.009842  -1.295004  0.172  0.107  0.592  T  d3
 11628   3633.750  -0.787058  -0.792891  0.172  0.107  0.592  T  d3
 11629   3634.062  -1.274479  +0.331246  0.172  0.107  0.592  T  d3
 11630   3634.375  +0.188896  +0.947045  0.172  0.107  0.592  T  d2
 11631   3634.688  +0.294844  -0.852602  0.188  0.107  0.592  T  d3
 11632   3635.000  -1.346265  -0.207658  0.172  0.107  0.592  T  d3
 11633   3635.312  -0.546041  +0.944998  0.172  0.107  0.592  T  d0
 11634   3635.625  +0.235447  +1.216633  0.172  0.090  0.592  T  d3
 11635   3635.938  +1.278327  +0.619030  0.188  0.090  0.592  T  d3
 11636   3636.250  +1.192092  -0.523194  0.172  0.090  0.592  T  d3
 11637   3636.562  +0.365749  -1.232585  0.172  0.090  0.592  T  d3
 11638   3636.875  -0.768822  -1.015915  0.172  0.090  0.592  T  d3
 11639   3637.188  -1.222526  +0.026905  0.172  0.090  0.592  T  d3
 11640   3637.500  -0.743909  +0.937786  0.156  0.090  0.554  T  d3
 11641   3637.812  +0.359036  +1.231821  0.156  0.090  0.554  T  d3
 11642   3638.125  +1.048196  +0.143710  0.156  0.090  0.554  T  d3
 11643   3638.438  +0.102398  -0.487519  0.141  0.090  0.554  T  d2
 11644   3638.750  -0.083911  +0.056779  0.156  0.090  0.554  T  d2
 11645   3639.062  +0.040088  -0.173086  0.156  0.090  0.554  T  d3
 11646   3639.375  -0.139183  -0.009235  0.156  0.073  0.554  T  d2
 11647   3639.688  +0.344009  -0.287902  0.141  0.073  0.554  T  d0
 11648   3640.000  +0.447597  -0.363048  0.141  0.073  0.554  T  d2
 11649   3640.312  -0.124424  -0.000902  0.141  0.073  0.554  T  d2
 11650   3640.625  +0.121865  -0.095278  0.156  0.073  0.554  T  d2
 11651   3640.938  -0.563938  +0.374866  0.141  0.073  0.554  T  d0
 11652   3641.250  -0.070415  +0.125477  0.141  0.073  0.554  T  d2
 11653   3641.562  +0.025102  -0.087782  0.141  0.073  0.554  T  d2
 11654   3641.875  +0.027233  +0.096517  0.141  0.073  0.554  T  d2
 11655   3642.188  -0.404531  -0.535881  0.141  0.073  0.554  T  d0
 11656   3642.500  -0.151316  -0.072616  0.141  0.073  0.545  T  d1
 11657   3642.812  +0.022719  -0.010899  0.141  0.073  0.545  T  d1
 11658   3643.125  +0.079585  +0.144195  0.141  0.068  0.545  T  d0
 11659   3643.438  +0.538513  +0.427127  0.141  0.068  0.545  T  d2
 11660   3643.750  -0.097962  -0.039715  0.141  0.068  0.545  T  d2
 11661   3644.062  +0.113853  +0.000574  0.141  0.068  0.545  T  d1
 11662   3644.375  -0.121569  +0.150886  0.141  0.068  0.545  T  d0
 11663   3644.688  -0.386885  +0.555436  0.141  0.068  0.545  T  d3
 11664   3645.000  +0.126735  +0.022655  0.156  0.068  0.545  T  d1
 11665   3645.312  -0.047285  +0.082564  0.156  0.068  0.545  T  d3
 11666   3645.625  +0.464235  -0.092326  0.141  0.068  0.545  T  d0
 11667   3645.938  +1.177109  -0.464614  0.141  0.068  0.545  T  d3
 11668   3646.250  +0.184755  -1.151862  0.156  0.068  0.545  T  d3
 11669   3646.562  -0.873715  -0.786679  0.156  0.068  0.545  T  d3
 11670   3646.875  -1.231635  +0.242604  0.156  0.057  0.545  T  d3
 11671   3647.188  -0.635480  +1.141947  0.156  0.057  0.545  T  d3
 11672   3647.500  +0.508542  +1.204006  0.172  0.057  0.532  T  d3
 11673   3647.812  +1.217068  +0.339703  0.172  0.057  0.532  T  d3
 11674   3648.125  +1.073225  -0.764292  0.172  0.057  0.532  T  d3
 11675   3648.438  +0.012676  -1.295169  0.188  0.057  0.532  T  d0
 11676   3648.750  -0.791428  -0.817984  0.188  0.057  0.532  T  d3
 11677   3649.062  -1.311699  +0.264072  0.188  0.057  0.532  T  d3
 11678   3649.375  +0.119093  +0.935181  0.188  0.057  0.532  T  d2
 11679   3649.688  +0.286333  -0.878903  0.203  0.057  0.532  T  d3
 11680   3650.000  -1.345415  -0.281854  0.188  0.057  0.532  T  d3
 11681   3650.312  -0.586367  +0.899102  0.188  0.057  0.532  T  d0
 11682   3650.625  +0.228114  +1.211391  0.188  0.042  0.532  T  d3
 11683   3650.938  +1.280994  +0.681874  0.203  0.042  0.532  T  d3
 11684   3651.250  +1.263281  -0.445008  0.188  0.042  0.532  T  d3
 11685   3651.562  +0.443384  -1.119307  0.188  0.042  0.532  T  d3
 11686   3651.875  -0.705498  -0.924867  0.188  0.042  0.532  T  d3
 11687   3652.188  -1.213238  +0.166174  0.188  0.042  0.532  T  d3
 11688   3652.500  -0.822684  +1.093886  0.188  0.042  0.524  T  d3
 11689   3652.812  +0.268934  +1.444375  0.188  0.042  0.524  T  d3
 11690   3653.125  +0.873044  +0.373513  0.188  0.042  0.524  T  d3
 11691   3653.438  +0.042903  -0.347574  0.172  0.042  0.524  T  d3
 11692   3653.750  -0.420045  +0.175483  0.188  0.042  0.524  T  d2
 11693   3654.062  +0.195765  -0.125740  0.188  0.042  0.524  T  d2
 11694   3654.375  -1.069583  +0.144189  0.188  0.022  0.524  T  d2
 11695   3654.688  +2.648423  -1.471244  0.172  0.022  0.524  T  d0
 11696   3655.000  +3.492674  -2.616406  0.188  0.022  0.524  T  d2
 11697   3655.312  -0.871602  +0.386820  0.188  0.022  0.524  T  d2
 11698   3655.625  +0.912611  -0.606949  0.188  0.022  0.524  T  d2
 11699   3655.938  -4.189722  +3.088824  0.188  0.022  0.524  T  d0
 11700   3656.250  -0.466319  +1.055940  0.188  0.022  0.524  T  d2
 11701   3656.562  +0.477979  -0.722666  0.188  0.022  0.524  T  d1
 11702   3656.875  +0.399081  +0.831002  0.188  0.022  0.524  T  d2
 11703   3657.188  -3.124106  -4.477792  0.203  0.022  0.524  T  d0
 11704   3657.500  -1.045836  -0.565635  0.203  0.022  0.532  T  d1
 11705   3657.812  +0.296808  -0.239033  0.203  0.022  0.532  T  d1
 11706   3658.125  +0.695348  +1.073996  0.203  0.000  0.532  T  d0
 11707   3658.438  +4.245586  +3.181823  0.219  0.000  0.532  T  d2
 11708   3658.750  -0.876026  -0.644869  0.203  0.000  0.532  T  d1
 11709   3659.062  +0.664945  -0.454027  0.203  0.000  0.532  T  d2
 11710   3659.375  -1.150679  +0.568369  0.203  0.000  0.532  T  d0
 11711   3659.688  -3.297638  +3.956795  0.203  0.000  0.532  T  d2
 11712   3660.000  +0.888053  -1.018520  0.219  0.000  0.532  T  d2
 11713   3660.312  -0.559278  +0.531730  0.234  0.000  0.532  T  d2
 11714   3660.625  +3.008244  -3.721737  0.234  0.000  0.532  T  d0
 11715   3660.938  +1.366740  -2.645971  0.234  0.000  0.532  T  d2
 11716   3661.250  +0.102417  +0.981570  0.234  0.000  0.532  T  d2
 11717   3661.562  -0.171488  -0.275715  0.250  0.000  0.532  T  d1
 11718   3661.875  +0.899737  +0.206354  0.250  0.000  0.532  T  d2
 11719   3662.188  -2.777871  +1.450846  0.250  0.000  0.532  T  d0
 11720   3662.500  -3.714582  +2.863343  0.250  0.000  0.528  T  d2
 11721   3662.812  +0.704728  -0.455558  0.250  0.000  0.528  T  d2
 11722   3663.125  -1.057532  +0.661032  0.250  0.000  0.528  T  d2
 11723   3663.438  +4.061774  -3.220445  0.250  0.000  0.528  T  d0
 11724   3663.750  +0.392295  -1.093586  0.250  0.000  0.528  T  d2
 11725   3664.062  -0.542113  +0.690065  0.250  0.000  0.528  T  d1
 11726   3664.375  -0.414139  -0.859493  0.250  0.000  0.528  T  d2
 11727   3664.688  +3.140812  +4.415860  0.266  0.000  0.528  T  d0
 11728   3665.000  +1.066600  +0.549305  0.250  0.000  0.528  T  d1
 11729   3665.312  -0.284032  +0.279279  0.250  0.000  0.528  T  d1
 11730   3665.625  -0.713652  -1.052159  0.250  0.002  0.528  T  d0
 11731   3665.938  -4.309291  -3.140622  0.266  0.002  0.528  T  d2
 11732   3666.250  +0.853961  +0.627274  0.250  0.002  0.528  T  d1
 11733   3666.562  -0.704760  +0.413265  0.250  0.002  0.528  T  d2
 11734   3666.875  +1.115214  -0.659533  0.250  0.002  0.528  T  d0
 11735   3667.188  +3.227883  -4.103641  0.250  0.002  0.528  T  d2
 11736   3667.500  -0.847071  +0.855684  0.234  0.002  0.511  T  d2
 11737   3667.812  +0.590467  -0.715960  0.234  0.002  0.511  T  d2
 11738   3668.125  -2.821289  +3.551217  0.234  0.002  0.511  T  d0
 11739   3668.438  -1.269544  +2.532126  0.219  0.002  0.511  T  d2
 11740   3668.750  +0.239525  -1.131560  0.234  0.002  0.511  T  d2
 11741   3669.062  +0.002559  +0.230436  0.234  0.002  0.511  T  d2
 11742   3669.375  +0.113820  -0.418853  0.234  0.007  0.511  T  d1
 11743   3669.688  +0.301090  -0.135557  0.219  0.007  0.511  T  d0
 11744   3670.000  +0.441794  -0.385535  0.219  0.007  0.511  T  d0
 11745   3670.312  +0.160612  +0.005370  0.219  0.007  0.511  T  d0
 11746   3670.625  +0.247745  -0.102388  0.234  0.007  0.511  T  d1
 11747   3670.938  -0.073810  +0.227866  0.219  0.007  0.511  T  d3
 11748   3671.250  +0.082868  +0.100769  0.219  0.007  0.511  T  d0
 11749   3671.562  +0.129982  +0.013706  0.219  0.007  0.511  T  d1
 11750   3671.875  +0.053493  +0.108022  0.219  0.007  0.511  T  d2
 11751   3672.188  -0.175107  -0.233151  0.219  0.007  0.511  T  d3
 11752   3672.500  -0.090181  -0.002761  0.203  0.007  0.532  T  d1
 11753   3672.812  +0.001218  -0.010821  0.203  0.007  0.532  T  d2
 11754   3673.125  +0.004193  +0.063323  0.203  0.019  0.532  T  d3
 11755   3673.438  +0.248848  +0.172623  0.203  0.019  0.532  T  d2
 11756   3673.750  -0.072294  -0.055179  0.188  0.019  0.532  T  d1
 11757   3674.062  +0.046027  -0.058240  0.188  0.019  0.532  T  d2
 11758   3674.375  -0.061109  +0.045053  0.188  0.019  0.532  T  d0
 11759   3674.688  -0.184086  +0.230437  0.188  0.019  0.532  T  d3
 11760   3675.000  +0.081560  -0.001981  0.188  0.019  0.532  T  d1
 11761   3675.312  -0.018643  +0.020461  0.188  0.019  0.532  T  d2
 11762   3675.625  +0.248845  -0.050189  0.188  0.019  0.532  T  d0
 11763   3675.938  +0.571178  -0.235628  0.172  0.019  0.532  T  d3
 11764   3676.250  +0.096295  -0.570425  0.188  0.019  0.532  T  d3
 11765   3676.562  -0.455764  -0.375222  0.188  0.019  0.532  T  d3
 11766   3676.875  -0.624578  +0.124443  0.188  0.038  0.532  T  d3
 11767   3677.188  -0.314318  +0.584611  0.172  0.038  0.532  T  d3
 11768   3677.500  +0.260862  +0.600919  0.188  0.038  0.575  T  d3
 11769   3677.812  +0.604315  +0.165463  0.188  0.038  0.575  T  d3
 11770   3678.125  +0.532713  -0.410742  0.188  0.038  0.575  T  d3
 11771   3678.438  +0.005792  -0.648974  0.188  0.038  0.575  T  d0
 11772   3678.750  -0.399737  -0.407728  0.188  0.038  0.575  T  d3
 11773   3679.062  -0.636736  +0.158424  0.188  0.038  0.575  T  d3
 11774   3679.375  +0.094850  +0.470771  0.188  0.038  0.575  T  d2
 11775   3679.688  +0.150870  -0.423557  0.203  0.038  0.575  T  d3
 11776   3680.000  -0.671634  -0.118278  0.188  0.038  0.575  T  d3
 11777   3680.312  -0.277066  +0.470145  0.172  0.038  0.575  T  d0
 11778   3680.625  +0.107427  +0.610191  0.156  0.064  0.575  T  d3
 11779   3680.938  +0.638353  +0.322158  0.172  0.064  0.575  T  d3
 11780   3681.250  +0.598621  -0.249010  0.172  0.064  0.575  T  d3
 11781   3681.562  +0.195437  -0.610151  0.156  0.064  0.575  T  d3
 11782   3681.875  -0.378348  -0.509313  0.156  0.064  0.575  T  d3
 11783   3682.188  -0.610469  +0.006909  0.156  0.064  0.575  T  d3
 11784   3682.500  -0.379986  +0.466624  0.156  0.064  0.562  T  d3
 11785   3682.812  +0.169010  +0.621201  0.156  0.064  0.562  T  d3
 11786   3683.125  +0.526192  +0.075492  0.156  0.064  0.562  T  d3
 11787   3683.438  +0.055584  -0.250288  0.156  0.064  0.562  T  d2
 11788   3683.750  -0.046181  +0.033219  0.156  0.064  0.562  T  d2
 11789   3684.062  +0.023595  -0.090291  0.156  0.064  0.562  T  d3
 11790   3684.375  -0.070679  -0.005347  0.156  0.075  0.562  T  d2
 11791   3684.688  +0.171579  -0.139874  0.141  0.075  0.562  T  d0
 11792   3685.000  +0.231155  -0.174823  0.141  0.075  0.562  T  d2
 11793   3685.312  -0.060944  +0.000204  0.141  0.075  0.562  T  d2
 11794   3685.625  +0.061619  -0.045480  0.156  0.075  0.562  T  d2
 11795   3685.938  -0.279781  +0.176602  0.141  0.075  0.562  T  d0
 11796   3686.250  -0.034043  +0.063473  0.141  0.075  0.562  T  d2
 11797   3686.562  +0.010094  -0.043226  0.141  0.075  0.562  T  d2
 11798   3686.875  +0.012862  +0.048280  0.141  0.075  0.562  T  d2
 11799   3687.188  -0.202349  -0.267290  0.141  0.075  0.562  T  d0
 11800   3687.500  -0.075851  -0.034806  0.141  0.075  0.558  T  d1
 11801   3687.812  +0.012804  -0.005162  0.141  0.075  0.558  T  d1
 11802   3688.125  +0.038526  +0.069490  0.141  0.085  0.558  T  d0
 11803   3688.438  +0.268938  +0.211744  0.141  0.085  0.558  T  d2
 11804   3688.750  -0.050302  -0.019354  0.125  0.085  0.558  T  d2
 11805   3689.062  +0.056700  -0.000191  0.125  0.085  0.558  T  d1
 11806   3689.375  -0.060790  +0.076698  0.125  0.085  0.558  T  d0
 11807   3689.688  -0.189651  +0.281250  0.125  0.085  0.558  T  d3
 11808   3690.000  +0.061494  +0.015428  0.141  0.085  0.558  T  d1
 11809   3690.312  -0.022007  +0.043086  0.141  0.085  0.558  T  d3
 11810   3690.625  +0.230098  -0.050824  0.125  0.085  0.558  T  d0
 11811   3690.938  +0.583346  -0.240399  0.125  0.085  0.558  T  d3
 11812   3691.250  +0.087248  -0.577198  0.141  0.085  0.558  T  d3
 11813   3691.562  -0.432158  -0.388682  0.141  0.085  0.558  T  d3
 11814   3691.875  -0.616357  +0.129361  0.141  0.073  0.558  T  d3
 11815   3692.188  -0.309741  +0.574591  0.141  0.073  0.558  T  d3
 11816   3692.500  +0.261555  +0.597626  0.156  0.073  0.524  T  d3
 11817   3692.812  +0.611166  +0.161017  0.156  0.073  0.524  T  d3
 11818   3693.125  +0.530754  -0.390627  0.156  0.073  0.524  T  d3
 11819   3693.438  -0.000109  -0.647709  0.172  0.073  0.524  T  d3
 11820   3693.750  -0.409986  -0.398309  0.172  0.073  0.524  T  d3
 11821   3694.062  -0.661166  +0.151403  0.172  0.073  0.524  T  d3
 11822   3694.375  +0.074548  +0.465732  0.172  0.073  0.524  T  d2
 11823   3694.688  +0.131727  -0.443319  0.188  0.073  0.524  T  d3
 11824   3695.000  -0.675159  -0.122294  0.172  0.073  0.524  T  d3
 11825   3695.312  -0.280470  +0.457054  0.172  0.073  0.524  T  d0
 11826   3695.625  +0.130673  +0.603128  0.172  0.053  0.524  T  d3
 11827   3695.938  +0.649694  +0.324066  0.188  0.053  0.524  T  d3
 11828   3696.250  +0.625943  -0.238384  0.172  0.053  0.524  T  d3
 11829   3696.562  +0.207601  -0.564913  0.172  0.053  0.524  T  d3
 11830   3696.875  -0.363776  -0.452610  0.172  0.053  0.524  T  d3
 11831   3697.188  -0.603595  +0.098498  0.172  0.053  0.524  T  d3
 11832   3697.500  -0.396931  +0.557562  0.172  0.053  0.511  T  d3
 11833   3697.812  +0.152654  +0.718783  0.172  0.053  0.511  T  d3
 11834   3698.125  +0.441688  +0.176676  0.172  0.053  0.511  T  d3
 11835   3698.438  +0.014525  -0.175111  0.156  0.053  0.511  T  d3
 11836   3698.750  -0.207935  +0.095423  0.172  0.053  0.511  T  d2
 11837   3699.062  +0.096585  -0.068928  0.172  0.053  0.511  T  d2
 11838   3699.375  -0.536591  +0.081892  0.172  0.079  0.511  T  d2
 11839   3699.688  +1.307654  -0.764454  0.156  0.079  0.511  T  d0
 11840   3700.000  +1.716511  -1.348805  0.172  0.079  0.511  T  d2
 11841   3700.312  -0.430123  +0.204183  0.172  0.079  0.511  T  d2
 11842   3700.625  +0.449640  -0.315876  0.172  0.079  0.511  T  d2
 11843   3700.938  -2.061119  +1.589960  0.172  0.079  0.511  T  d0
 11844   3701.250  -0.215828  +0.534079  0.172  0.079  0.511  T  d2
 11845   3701.562  +0.230589  -0.363493  0.172  0.079  0.511  T  d1
 11846   3701.875  +0.209112  +0.412220  0.172  0.079  0.511  T  d2
 11847   3702.188  -1.611304  -2.200552  0.188  0.079  0.511  T  d0
 11848   3702.500  -0.527524  -0.270815  0.188  0.079  0.515  T  d1
 11849   3702.812  +0.145231  -0.122197  0.188  0.079  0.515  T  d1
 11850   3703.125  +0.361017  +0.528690  0.188  0.143  0.515  P  d0
 11851   3703.438  +2.158034  +1.545779  0.203  0.143  0.515  P  d2
 11852   3703.750  -0.446473  -0.314427  0.203  0.143  0.515  P  d1
 11853   3704.062  +0.326310  -0.234672  0.203  0.143  0.515  P  d2
 11854   3704.375  -0.573299  +0.292614  0.203  0.143  0.515  P  d0
 11855   3704.688  -1.606172  +2.010091  0.203  0.143  0.515  P  d2
 11856   3705.000  +0.431712  -0.522602  0.219  0.143  0.515  P  d2
 11857   3705.312  -0.272391  +0.262784  0.219  0.143  0.515  P  d2
 11858   3705.625  +1.468742  -1.897767  0.203  0.143  0.515  P  d0
 11859   3705.938  +0.663591  -1.339976  0.203  0.143  0.515  P  d2
 11860   3706.250  +0.063979  +0.488178  0.219  0.143  0.515  P  d2
 11861   3706.562  -0.080943  -0.141125  0.219  0.143  0.515  P  d1
 11862   3706.875  +0.454491  +0.098525  0.219  0.213  0.515  P  d2
 11863   3707.188  -1.373498  +0.753181  0.219  0.213  0.515  P  d0
 11864   3707.500  -1.831208  +1.479565  0.234  0.213  0.489  P  d2
 11865   3707.812  +0.336970  -0.230002  0.234  0.213  0.489  P  d2
 11866   3708.125  -0.535581  +0.346948  0.234  0.213  0.489  P  d2
 11867   3708.438  +1.979442  -1.651494  0.250  0.213  0.489  P  d0
 11868   3708.750  +0.163051  -0.551977  0.250  0.213  0.489  P  d2
 11869   3709.062  -0.289282  +0.341152  0.250  0.213  0.489  P  d1
 11870   3709.375  -0.233208  -0.436869  0.250  0.213  0.489  P  d2
 11871   3709.688  +1.593265  +2.161114  0.266  0.213  0.489  P  d0
 11872   3710.000  +0.533405  +0.249439  0.250  0.213  0.489  P  d1
 11873   3710.312  -0.144975  +0.128625  0.250  0.213  0.489  P  d1
 11874   3710.625  -0.350008  -0.527111  0.250  0.333  0.489  P  d0
 11875   3710.938  -2.171215  -1.517192  0.266  0.333  0.489  P  d2
 11876   3711.250  +0.460835  +0.322755  0.250  0.333  0.489  P  d1
 11877   3711.562  -0.323961  +0.265195  0.250  0.333  0.489  P  d2
 11878   3711.875  +0.568912  -0.276961  0.250  0.333  0.489  P  d0
 11879   3712.188  +1.586637  -1.986725  0.250  0.333  0.489  P  d2
 11880   3712.500  -0.436749  +0.533434  0.250  0.333  0.468  P  d2
 11881   3712.812  +0.268617  -0.256032  0.250  0.333  0.468  P  d2
 11882   3713.125  -1.465312  +1.913757  0.250  0.333  0.468  P  d0
 11883   3713.438  -0.650728  +1.354129  0.234  0.333  0.468  P  d2
 11884   3713.750  -0.070247  -0.492066  0.250  0.333  0.468  P  d2
 11885   3714.062  +0.086502  +0.135318  0.250  0.333  0.468  P  d1
 11886   3714.375  -0.453993  -0.097993  0.250  0.416  0.468  P  d2
 11887   3714.688  +1.376233  -0.767182  0.234  0.416  0.468  P  d0
 11888   3715.000  +1.824500  -1.484709  0.250  0.416  0.468  P  d2
 11889   3715.312  -0.327908  +0.232244  0.250  0.416  0.468  P  d2
 11890   3715.625  +0.538995  -0.350800  0.250  0.416  0.468  P  d2
 11891   3715.938  -1.966586  +1.658452  0.250  0.416  0.468  P  d0
 11892   3716.250  -0.160389  +0.558820  0.250  0.416  0.468  P  d2
 11893   3716.562  +0.291354  -0.346216  0.250  0.416  0.468  P  d1
 11894   3716.875  +0.233502  +0.437484  0.250  0.416  0.468  P  d2
 11895   3717.188  -1.605293  -2.154682  0.266  0.416  0.468  P  d0
 11896   3717.500  -0.535177  -0.245080  0.250  0.416  0.494  P  d1
 11897   3717.812  +0.141374  -0.133011  0.250  0.416  0.494  P  d1
 11898   3718.125  +0.353928  +0.525492  0.250  0.422  0.494  P  d0
 11899   3718.438  +2.175989  +1.505377  0.266  0.422  0.494  P  d2
 11900   3718.750  -0.460195  -0.326019  0.250  0.422  0.494  P  d1
 11901   3719.062  +0.320465  -0.264034  0.250  0.422  0.494  P  d2
 11902   3719.375  -0.563216  +0.283687  0.250  0.422  0.494  P  d0
 11903   3719.688  -1.579087  +1.996590  0.250  0.422  0.494  P  d2
 11904   3720.000  +0.437451  -0.530903  0.250  0.422  0.494  P  d2
 11905   3720.312  -0.271230  +0.263305  0.266  0.422  0.494  P  d2
 11906   3720.625  +1.457424  -1.916113  0.281  0.422  0.494  P  d0
 11907   3720.938  +0.638372  -1.349540  0.266  0.422  0.494  P  d2
 11908   3721.250  +0.070433  +0.492544  0.266  0.422  0.494  P  d2
 11909   3721.562  -0.093534  -0.129689  0.281  0.422  0.494  P  d2
 11910   3721.875  +0.452667  +0.090179  0.281  0.436  0.494  P  d2
 11911   3722.188  -1.369934  +0.768849  0.266  0.436  0.494  P  d0
 11912   3722.500  -1.817277  +1.483362  0.266  0.436  0.481  P  d2
 11913   3722.812  +0.337719  -0.235510  0.266  0.436  0.481  P  d2
 11914   3723.125  -0.528946  +0.345223  0.266  0.436  0.481  P  d2
 11915   3723.438  +1.976370  -1.669015  0.250  0.436  0.481  P  d0
 11916   3723.750  +0.176848  -0.558101  0.250  0.436  0.481  P  d2
 11917   3724.062  -0.265168  +0.354857  0.250  0.436  0.481  P  d1
 11918   3724.375  -0.218425  -0.425018  0.250  0.436  0.481  P  d2
 11919   3724.688  +1.632048  +2.164020  0.266  0.436  0.481  P  d0
 11920   3725.000  +0.540457  +0.259876  0.250  0.436  0.481  P  d1
 11921   3725.312  -0.137063  +0.145522  0.250  0.436  0.481  P  d1
 11922   3725.625  -0.370459  -0.515467  0.250  0.450  0.481  P  d0
 11923   3725.938  -2.195029  -1.509718  0.266  0.450  0.481  P  d2
 11924   3726.250  +0.433921  +0.306999  0.250  0.450  0.481  P  d1
 11925   3726.562  -0.343096  +0.214167  0.250  0.450  0.481  P  d2
 11926   3726.875  +0.545490  -0.343337  0.250  0.450  0.481  P  d0
 11927   3727.188  +1.560929  -2.091026  0.250  0.450  0.481  P  d2
 11928   3727.500  -0.412625  +0.437880  0.234  0.450  0.468  P  d2
 11929   3727.812  +0.287571  -0.366991  0.234  0.450  0.468  P  d2
 11930   3728.125  -1.365716  +1.812929  0.234  0.450  0.468  P  d0
 11931   3728.438  -0.601778  +1.280588  0.219  0.450  0.468  P  d2
 11932   3728.750  +0.105665  -0.569144  0.219  0.450  0.468  P  d2
 11933   3729.062  +0.005616  +0.113219  0.219  0.450  0.468  P  d2
 11934   3729.375  +0.051289  -0.209811  0.219  0.460  0.468  P  d1
 11935   3729.688  +0.146691  -0.071185  0.203  0.460  0.468  P  d0
 11936   3730.000  +0.217956  -0.196955  0.203  0.460  0.468  P  d0
 11937   3730.312  +0.079259  +0.002353  0.203  0.460  0.468  P  d0
 11938   3730.625  +0.121439  -0.053802  0.219  0.460  0.468  P  d1
 11939   3730.938  -0.035075  +0.115297  0.219  0.460  0.468  P  d3
 11940   3731.250  +0.045259  +0.047790  0.234  0.460  0.468  P  d0
 11941   3731.562  +0.065945  +0.003407  0.250  0.460  0.468  P  d1
 11942   3731.875  +0.028422  +0.050179  0.266  0.460  0.468  P  d2
 11943   3732.188  -0.090400  -0.116053  0.281  0.460  0.468  P  d3
 11944   3732.500  -0.046705  -0.003710  0.281  0.460  0.472  P  d1
 11945   3732.812  -0.002961  -0.005604  0.281  0.460  0.472  P  d2
 11946   3733.125  +0.003961  +0.031529  0.281  0.459  0.472  P  d3
 11947   3733.438  +0.126181  +0.083201  0.281  0.459  0.472  P  d2
 11948   3733.750  -0.037039  -0.025189  0.281  0.459  0.472  P  d1
 11949   3734.062  +0.018537  -0.031356  0.297  0.459  0.472  P  d2
 11950   3734.375  -0.032300  +0.028118  0.297  0.459  0.472  P  d0
 11951   3734.688  -0.088262  +0.121039  0.312  0.459  0.472  P  d3
 11952   3735.000  +0.036681  +0.001388  0.312  0.459  0.472  P  d1
 11953   3735.312  -0.012771  +0.015094  0.328  0.459  0.472  P  d2
 11954   3735.625  +0.119151  -0.024048  0.344  0.459  0.472  P  d0
 11955   3735.938  +0.282143  -0.121328  0.328  0.459  0.472  P  d3
 11956   3736.250  +0.041441  -0.284087  0.328  0.459  0.472  P  d3
 11957   3736.562  -0.235566  -0.181435  0.344  0.459  0.472  P  d3
 11958   3736.875  -0.306717  +0.071754  0.344  0.319  0.472  P  d3
 11959   3737.188  -0.149068  +0.300114  0.328  0.319  0.472  P  d3
 11960   3737.500  +0.137646  +0.297752  0.328  0.319  0.502  P  d3
 11961   3737.812  +0.310479  +0.076349  0.344  0.319  0.502  P  d3
 11962   3738.125  +0.275622  -0.201955  0.359  0.319  0.502  P  d3
 11963   3738.438  +0.008455  -0.306773  0.344  0.319  0.502  P  d3
 11964   3738.750  -0.180207  -0.188484  0.344  0.319  0.502  P  d3
 11965   3739.062  -0.295408  +0.106361  0.344  0.319  0.502  P  d3
 11966   3739.375  +0.069495  +0.251144  0.344  0.319  0.502  P  d3
 11967   3739.688  +0.094622  -0.164591  0.359  0.319  0.502  P  d3
 11968   3740.000  -0.328609  -0.069091  0.344  0.319  0.502  P  d3
 11969   3740.312  +0.014838  +0.050622  0.344  0.319  0.502  P  d0
 11970   3740.625  +0.046236  +0.032349  0.328  0.216  0.502  P  d0
 11971   3740.938  +0.038339  +0.047170  0.328  0.216  0.502  P  d0
 11972   3741.250  +0.030685  +0.036590  0.328  0.216  0.502  P  d0
 11973   3741.562  +0.029484  +0.029300  0.312  0.216  0.502  P  d0
 11974   3741.875  +0.011088  +0.023917  0.312  0.216  0.502  P  d0
 11975   3742.188  +0.005367  +0.021307  0.312  0.216  0.502  P  d0
 11976   3742.500  +0.002890  +0.012748  0.312  0.216  0.536  P  d3
 11977   3742.812  +0.005061  -0.002478  0.312  0.216  0.536  P  d2
 11978   3743.125  -0.001503  +0.001336  0.312  0.216  0.536  P  d2
 11979   3743.438  +0.001341  +0.000020  0.312  0.216  0.536  P  d0
 11980   3743.750  +0.006602  -0.003849  0.312  0.216  0.536  P  d0
 11981   3744.062  +0.001705  -0.005527  0.328  0.216  0.536  P  d1
 11982   3744.375  +0.009913  -0.004116  0.328  0.173  0.536  P  d0
 11983   3744.688  +0.009684  -0.009701  0.328  0.173  0.536  P  d0
 11984   3745.000  +0.010157  -0.010102  0.344  0.173  0.536  P  d0
 11985   3745.312  +0.002438  -0.010530  0.344  0.173  0.536  P  d0
 11986   3745.625  +0.001265  -0.004854  0.359  0.173  0.536  P  d3
 11987   3745.938  -0.002599  +0.000361  0.344  0.173  0.536  P  d3
 11988   3746.250  +0.004108  +0.003185  0.344  0.173  0.536  P  d0
 11989   3746.562  +0.001205  +0.001961  0.344  0.173  0.536  P  d1
 11990   3746.875  -0.002215  +0.002732  0.359  0.173  0.536  P  d3
 11991   3747.188  +0.002911  +0.003543  0.359  0.173  0.536  P  d2
 11992   3747.500  -0.002819  -0.006143  0.375  0.173  0.524  P  d0
 11993   3747.812  -0.005143  -0.004743  0.375  0.173  0.524  P  d0
 11994   3748.125  -0.005446  -0.003383  0.375  0.128  0.524  P  d2
 11995   3748.438  +0.004686  +0.002205  0.391  0.128  0.524  P  d3
 11996   3748.750  +0.001752  -0.004797  0.391  0.128  0.524  P  d3
 11997   3749.062  -0.004013  +0.001297  0.391  0.128  0.524  P  d1
 11998   3749.375  -0.003984  -0.003543  0.391  0.128  0.524  P  d0
 11999   3749.688  -0.003034  -0.001885  0.391  0.128  0.524  P  d2
 12000   3750.000  +0.004749  +0.001748  0.391  0.128  0.524  P  d0
 12001   3750.312  +0.005012  +0.001975  0.406  0.128  0.524  P  d3
 12002   3750.625  -0.001638  -0.004627  0.391  0.128  0.524  P  d3
 12003   3750.938  -0.003790  -0.001241  0.391  0.128  0.524  P  d3
 12004   3751.250  -0.006096  +0.004276  0.375  0.128  0.524  P  d3
 12005   3751.562  -0.000454  +0.005067  0.359  0.128  0.524  P  d3
 12006   3751.875  +0.003177  +0.001859  0.359  0.038  0.524  T  d2
 12007   3752.188  -0.002847  +0.000273  0.344  0.038  0.524  T  d1
 12008   3752.500  +0.001300  -0.005615  0.328  0.038  0.511  T  d3
 12009   3752.812  -0.004491  -0.001312  0.328  0.038  0.511  T  d2
 12010   3753.125  +0.001784  +0.002250  0.328  0.038  0.511  T  d3
 12011   3753.438  +0.003850  -0.001581  0.328  0.038  0.511  T  d2
 12012   3753.750  -0.002933  +0.004731  0.312  0.038  0.511  T  d0
 12013   3754.062  -0.002872  +0.004144  0.297  0.038  0.511  T  d3
 12014   3754.375  +0.003325  +0.003273  0.297  0.038  0.511  T  d0
 12015   3754.688  +0.004834  -0.000036  0.281  0.038  0.511  T  d0
 12016   3755.000  +0.006164  +0.000458  0.266  0.038  0.511  T  d3
 12017   3755.312  -0.002094  -0.004385  0.250  0.038  0.511  T  d0
 12018   3755.625  -0.001799  -0.005670  0.234  0.000  0.511  T  d1
 12019   3755.938  +0.001688  -0.001503  0.234  0.000  0.511  T  d2
 12020   3756.250  -0.001040  +0.001610  0.234  0.000  0.511  T  d1
 12021   3756.562  -0.004969  -0.002644  0.219  0.000  0.511  T  d0
 12022   3756.875  -0.003022  -0.003783  0.219  0.000  0.511  T  d3
 12023   3757.188  -0.002678  +0.006561  0.219  0.000  0.511  T  d0
 12024   3757.500  +0.000817  +0.005688  0.219  0.000  0.511  T  d3
 12025   3757.812  +0.003713  +0.002301  0.219  0.000  0.511  T  d3
 12026   3758.125  +0.003228  -0.002102  0.219  0.000  0.511  T  d0
 12027   3758.438  +0.003528  -0.000875  0.219  0.000  0.511  T  d3
 12028   3758.750  -0.002602  -0.005905  0.219  0.000  0.511  T  d3
 12029   3759.062  -0.003026  +0.003016  0.219  0.000  0.511  T  d3
 12030   3759.375  +0.002269  +0.003815  0.219  0.000  0.511  T  d3
 12031   3759.688  +0.005109  -0.000923  0.203  0.000  0.511  T  d3
 12032   3760.000  +0.001692  -0.004368  0.203  0.000  0.511  T  d0
 12033   3760.312  -0.001080  -0.005092  0.203  0.000  0.511  T  d3
 12034   3760.625  -0.006355  -0.000724  0.219  0.000  0.511  T  d0
 12035   3760.938  -0.003539  +0.002168  0.234  0.000  0.511  T  d3
 12036   3761.250  -0.001513  +0.007172  0.234  0.000  0.511  T  d2
 12037   3761.562  +0.004489  -0.003062  0.250  0.000  0.511  T  d0
 12038   3761.875  +0.003876  +0.000024  0.266  0.000  0.511  T  d3
 12039   3762.188  +0.001230  -0.005093  0.281  0.000  0.511  T  d3
 12040   3762.500  -0.003859  -0.001870  0.281  0.000  0.502  T  d3
 12041   3762.812  -0.006513  +0.003034  0.281  0.000  0.502  T  d3
 12042   3763.125  +0.000956  +0.004164  0.281  0.000  0.502  T  d1
 12043   3763.438  -0.002593  +0.004002  0.297  0.000  0.502  T  d2
 12044   3763.750  +0.003849  -0.002303  0.312  0.000  0.502  T  d3
 12045   3764.062  -0.000788  -0.007769  0.312  0.000  0.502  T  d3
 12046   3764.375  -0.003742  -0.000837  0.328  0.000  0.502  T  d3
 12047   3764.688  -0.002953  +0.003036  0.328  0.000  0.502  T  d3
 12048   3765.000  +0.006108  +0.002291  0.328  0.000  0.502  T  d3
 12049   3765.312  -0.000389  -0.005073  0.344  0.000  0.502  T  d3
 12050   3765.625  -0.000457  +0.000499  0.328  0.000  0.502  T  d3
 12051   3765.938  +0.005557  +0.007613  0.328  0.000  0.502  T  d3
 12052   3766.250  +0.006204  -0.000280  0.344  0.000  0.502  T  d2
 12053   3766.562  -0.005076  +0.005424  0.344  0.000  0.502  T  d1
 12054   3766.875  -0.001714  -0.001805  0.328  0.000  0.502  T  d3
 12055   3767.188  -0.003172  +0.005988  0.328  0.000  0.502  T  d1
 12056   3767.500  -0.010608  +0.002663  0.328  0.000  0.562  T  d0
 12057   3767.812  -0.006534  +0.003668  0.328  0.000  0.562  T  d0
 12058   3768.125  -0.003095  +0.000319  0.328  0.000  0.562  T  d2
 12059   3768.438  +0.003882  +0.000164  0.328  0.000  0.562  T  d3
 12060   3768.750  -0.005010  -0.006530  0.328  0.000  0.562  T  d1
 12061   3769.062  +0.000590  +0.000042  0.328  0.000  0.562  T  d3
 12062   3769.375  -0.000426  -0.005008  0.328  0.000  0.562  T  d1
 12063   3769.688  +0.007430  -0.001853  0.344  0.000  0.562  T  d1
 12064   3770.000  +0.008019  +0.005686  0.344  0.000  0.562  T  d0
 12065   3770.312  +0.023367  +0.007608  0.328  0.000  0.562  T  d0
 12066   3770.625  +0.019487  +0.011618  0.328  0.000  0.562  T  d0
 12067   3770.938  +0.021614  +0.002862  0.328  0.000  0.562  T  d1
 12068   3771.250  +0.009228  +0.020532  0.328  0.000  0.562  T  d0
 12069   3771.562  +0.007181  +0.013146  0.328  0.000  0.562  T  d0
 12070   3771.875  +0.004459  +0.028570  0.312  0.000  0.562  T  d0
 12071   3772.188  +0.000053  +0.002129  0.312  0.000  0.562  T  d1
 12072   3772.500  -0.005798  +0.005005  0.312  0.000  0.549  T  d1
 12073   3772.812  -0.019051  -0.015068  0.312  0.000  0.549  T  d1
 12074   3773.125  +0.000142  -0.035218  0.312  0.000  0.549  T  d0
 12075   3773.438  -0.017512  -0.053439  0.312  0.000  0.549  T  d0
 12076   3773.750  +0.009845  -0.077387  0.312  0.000  0.549  T  d0
 12077   3774.062  +0.011607  -0.067808  0.312  0.000  0.549  T  d0
 12078   3774.375  +0.051984  -0.114592  0.312  0.000  0.549  T  d0
 12079   3774.688  +0.067465  -0.058281  0.312  0.000  0.549  T  d0
 12080   3775.000  +0.106767  -0.158624  0.312  0.000  0.549  T  d0
 12081   3775.312  +0.019314  -0.072959  0.312  0.000  0.549  T  d1
 12082   3775.625  +0.277796  -0.099791  0.328  0.000  0.549  T  d2
 12083   3775.938  -0.926648  +0.783019  0.328  0.000  0.549  T  d0
 12084   3776.250  -0.075125  +0.295188  0.328  0.000  0.549  T  d2
 12085   3776.562  +0.169082  -0.151421  0.328  0.000  0.549  T  d1
 12086   3776.875  +0.121412  +0.234878  0.328  0.000  0.549  T  d2
 12087   3777.188  -0.776474  -1.072797  0.328  0.000  0.549  T  d0
 12088   3777.500  -0.256069  -0.107781  0.328  0.000  0.524  T  d2
 12089   3777.812  +0.097046  -0.028974  0.312  0.000  0.524  T  d1
 12090   3778.125  +0.206544  +0.306383  0.297  0.000  0.524  T  d0
 12091   3778.438  +1.123173  +0.826925  0.297  0.000  0.524  T  d2
 12092   3778.750  -0.172232  -0.072096  0.297  0.000  0.524  T  d2
 12093   3779.062  +0.234925  -0.017805  0.297  0.000  0.524  T  d1
 12094   3779.375  -0.213429  +0.316357  0.297  0.000  0.524  T  d0
 12095   3779.688  -0.724922  +1.127101  0.297  0.000  0.524  T  d3
 12096   3780.000  +0.273779  +0.048986  0.312  0.000  0.524  T  d1
 12097   3780.312  -0.105992  +0.165153  0.297  0.000  0.524  T  d2
 12098   3780.625  +0.921680  -0.223170  0.281  0.000  0.524  T  d0
 12099   3780.938  +2.281346  -1.007655  0.266  0.000  0.524  T  d3
 12100   3781.250  +0.294237  -2.324117  0.281  0.000  0.524  T  d3
 12101   3781.562  -1.789862  -1.511916  0.266  0.000  0.524  T  d3
 12102   3781.875  -2.459759  +0.546550  0.250  0.000  0.524  T  d3
 12103   3782.188  -1.196379  +2.320326  0.234  0.000  0.524  T  d3
 12104   3782.500  +1.105358  +2.332235  0.250  0.000  0.000  T  d3
 12105   3782.812  +2.485249  +0.580030  0.250  0.000  0.000  T  d3
 12106   3783.125  +2.127637  -1.631237  0.250  0.000  0.000  T  d3
 12107   3783.438  +0.005048  -2.592478  0.250  0.000  0.000  T  d3
 12108   3783.750  -1.574274  -1.577480  0.234  0.000  0.000  T  d3
 12109   3784.062  -2.518295  +0.648316  0.219  0.000  0.000  T  d3
 12110   3784.375  +0.362708  +1.903598  0.203  0.000  0.000  T  d2
 12111   3784.688  +0.578047  -1.715911  0.203  0.000  0.000  T  d3
 12112   3785.000  -2.693360  -0.410567  0.188  0.000  0.000  T  d3
 12113   3785.312  -1.106254  +1.883930  0.188  0.000  0.000  T  d0
 12114   3785.625  +0.477411  +2.436254  0.203  0.000  0.000  T  d3
 12115   3785.938  +2.545875  +1.241775  0.219  0.000  0.000  T  d3
 12116   3786.250  +2.395881  -1.043519  0.203  0.000  0.000  T  d3
 12117   3786.562  +0.728265  -2.451337  0.219  0.000  0.000  T  d3
 12118   3786.875  -1.523694  -2.027661  0.219  0.000  0.000  T  d3
 12119   3787.188  -2.446622  +0.074715  0.219  0.000  0.000  T  d3
 12120   3787.500  -1.478869  +1.881838  0.203  0.000  0.000  T  d3
 12121   3787.812  +0.715239  +2.490078  0.203  0.000  0.000  T  d3
 12122   3788.125  +2.102248  +0.295320  0.203  0.000  0.000  T  d3
 12123   3788.438  +0.204087  -0.953557  0.188  0.000  0.000  T  d3
 12124   3788.750  -0.164900  +0.103955  0.188  0.000  0.000  T  d2
 12125   3789.062  +0.076688  -0.327280  0.188  0.000  0.000  T  d3
 12126   3789.375  -0.279526  -0.042447  0.203  0.000  0.000  T  d1
 12127   3789.688  +0.715668  -0.557837  0.188  0.000  0.000  T  d0
 12128   3790.000  +0.903083  -0.757110  0.203  0.000  0.000  T  d2
 12129   3790.312  -0.193626  -0.008441  0.203  0.000  0.000  T  d2
 12130   3790.625  +0.260500  -0.208098  0.219  0.000  0.000  T  d2
 12131   3790.938  -1.055661  +0.732381  0.219  0.000  0.000  T  d0
 12132   3791.250  -0.109560  +0.241614  0.234  0.000  0.000  T  d2
 12133   3791.562  +0.121766  -0.197707  0.234  0.000  0.000  T  d1
 12134   3791.875  +0.085580  +0.198698  0.234  0.000  0.000  T  d2
 12135   3792.188  -0.769203  -1.097142  0.234  0.000  0.000  T  d0
 12136   3792.500  -0.292495  -0.138418  0.250  0.000  0.000  T  d1
 12137   3792.812  +0.051768  -0.071085  0.250  0.000  0.000  T  d1
 12138   3793.125  +0.116055  +0.263034  0.250  0.000  0.000  T  d0
 12139   3793.438  +1.015039  +0.751602  0.250  0.000  0.000  T  d2
 12140   3793.750  -0.277930  -0.178443  0.000  0.000  0.000  T  d1
 12141   3794.062  +0.132672  -0.213284  0.000  0.000  0.000  T  d2
 12142   3794.375  -0.325584  +0.120876  0.000  0.000  0.000  T  d0
 12143   3794.688  -0.852270  +0.800347  0.000  0.000  0.000  T  d2
 12144   3795.000  +0.198778  -0.240043  0.000  0.000  0.000  T  d0
 12145   3795.312  +0.041779  -0.163897  0.000  0.000  0.000  T  d0
 12146   3795.625  +0.182203  -0.142225  0.000  0.000  0.000  T  d0
 12147   3795.938  +0.032170  -0.248300  0.000  0.000  0.000  T  d1
 12148   3796.250  +0.457260  +0.272937  0.000  0.000  0.000  T  d0
 12149   3796.562  +0.467607  +0.263739  0.000  0.000  0.000  T  d3
 12150   3796.875  +0.048876  -0.121772  0.000  0.000  0.000  T  d1
 12151   3797.188  +0.147873  +0.051206  0.000  0.000  0.000  T  d2
 12152   3797.500  -0.463241  -0.495610  0.000  0.000  0.000  T  d3
 12153   3797.812  -0.082639  +0.008451  0.000  0.000  0.000  T  d2
 12154   3798.125  +0.045678  +0.009229  0.000  0.000  0.000  T  d2
 12155   3798.438  -0.144133  +0.065590  0.000  0.000  0.000  T  d2
 12156   3798.750  +0.417320  -0.603546  0.000  0.000  0.000  T  d3
 12157   3799.062  -0.144364  -0.093302  0.000  0.000  0.000  T  d0
 12158   3799.375  -0.074867  -0.146344  0.000  0.000  0.000  T  d3
 12159   3799.688  -0.343119  +0.118000  0.000  0.000  0.000  T  d0
 12160   3800.000  -0.423011  +0.399813  0.000  0.000  0.000  T  d1
 12161   3800.312  -0.076752  -0.226879  0.000  0.000  0.000  T  d0
 12162   3800.625  -0.027558  -0.037725  0.000  0.000  0.000  T  d0
 12163   3800.938  -0.248678  -0.177655  0.000  0.000  0.000  T  d0
 12164   3801.250  -0.610979  -0.324516  0.000  0.000  0.000  T  d3
 12165   3801.562  +0.062242  +0.294211  0.000  0.000  0.000  T  d1
 12166   3801.875  -0.136502  +0.056685  0.000  0.000  0.000  T  d3
 12167   3802.188  +0.213517  +0.929666  0.000  0.000  0.000  T  d0
 12168   3802.500  +0.588647  +1.312938  0.000  0.000  0.000  T  d3
 12169   3802.812  +1.034660  +0.352231  0.000  0.000  0.000  T  d3
 12170   3803.125  +0.292718  -0.869411  0.000  0.000  0.000  T  d3
 12171   3803.438  -1.006086  -0.832331  0.000  0.000  0.000  T  d0
 12172   3803.750  -0.623231  -0.411821  0.000  0.000  0.000  T  d-
