# Phase 3 baseband IQ symbols
# protocol=v92-ish sym_rate=2400 fc=1800 t0=9.476 t1=13.28
# columns: sym_idx time_ms I Q ru_score
     0     0.000 +0.029149 +0.001354 0.000
     1     0.417 +0.136108 +0.017881 0.000
     2     0.833 +0.135487 +0.113536 0.000
     3     1.250 +0.362645 +0.096581 0.000
     4     1.667 +0.069519 +0.377158 0.000
     5     2.083 -0.432289 -0.055208 0.000
     6     2.500 -0.164816 -0.315001 0.000
     7     2.917 -0.124344 -0.062322 0.000
     8     3.333 -0.056881 -0.126921 0.000
     9     3.750 +0.003551 -0.013170 0.611
    10     4.167 +0.036516 -0.011720 0.611
    11     4.583 +0.049211 +0.029716 0.500
    12     5.000 +0.055135 +0.034206 0.611
    13     5.417 +0.056982 +0.025501 0.611
    14     5.833 +0.040791 +0.026169 0.556
    15     6.250 +0.029422 +0.019261 0.556
    16     6.667 -0.003299 +0.018715 0.556
    17     7.083 +0.006093 +0.021364 0.556
    18     7.500 -0.007559 +0.000466 0.500
    19     7.917 -0.014846 +0.000801 0.500
    20     8.333 -0.011006 +0.002819 0.500
    21     8.750 -0.015237 -0.012933 0.500
    22     9.167 -0.012672 -0.010261 0.500
    23     9.583 -0.013085 -0.003533 0.500
    24    10.000 -0.003583 -0.025448 0.556
    25    10.417 -0.003945 -0.007572 0.556
    26    10.833 +0.005188 -0.010060 0.611
    27    11.250 -0.003431 +0.004141 0.556
    28    11.667 -0.005230 +0.019158 0.500
    29    12.083 +0.004036 +0.005234 0.556
    30    12.500 +0.014074 +0.010244 0.722
    31    12.917 +0.016779 -0.005738 0.611
    32    13.333 -0.001350 -0.007139 0.667
    33    13.750 -0.001106 +0.000545 0.667
    34    14.167 -0.006504 +0.010543 0.500
    35    14.583 -0.001212 -0.008997 0.611
    36    15.000 +0.001486 -0.004730 0.667
    37    15.417 -0.008057 +0.012435 0.500
    38    15.833 +0.003866 -0.005527 0.667
    39    16.250 -0.002570 +0.003595 0.556
    40    16.667 -0.005580 -0.000396 0.611
    41    17.083 +0.011534 -0.003012 0.556
    42    17.500 +0.009160 -0.005815 0.611
    43    17.917 -0.011351 +0.006148 0.556
    44    18.333 -0.005907 +0.004589 0.500
    45    18.750 -0.003580 -0.003903 0.611
    46    19.167 +0.010421 -0.008027 0.556
    47    19.583 -0.008522 +0.003353 0.556
    48    20.000 -0.000215 +0.001897 0.500
    49    20.417 +0.006632 -0.003830 0.556
    50    20.833 -0.000235 +0.006471 0.556
    51    21.250 +0.010655 +0.006987 0.611
    52    21.667 -0.008554 -0.004119 0.500
    53    22.083 -0.001179 -0.002930 0.500
    54    22.500 -0.008472 -0.000792 0.611
    55    22.917 -0.002773 +0.002381 0.500
    56    23.333 +0.010077 -0.009070 0.556
    57    23.750 +0.005839 -0.001049 0.556
    58    24.167 -0.010135 +0.001069 0.556
    59    24.583 +0.005200 +0.003305 0.556
    60    25.000 -0.001996 -0.002997 0.556
    61    25.417 -0.000740 +0.006461 0.556
    62    25.833 +0.007689 +0.008564 0.556
    63    26.250 +0.007022 +0.004234 0.611
    64    26.667 -0.010197 -0.009571 0.500
    65    27.083 -0.011418 -0.001755 0.611
    66    27.500 -0.003669 -0.002856 0.611
    67    27.917 +0.010400 +0.002901 0.556
    68    28.333 -0.012922 -0.003662 0.722
    69    28.750 -0.003140 -0.002143 0.500
    70    29.167 +0.007041 -0.001529 0.556
    71    29.583 -0.000466 -0.003740 0.667
    72    30.000 +0.001927 +0.005779 0.556
    73    30.417 -0.001256 +0.014741 0.500
    74    30.833 +0.017456 -0.009691 0.722
    75    31.250 +0.013507 -0.015279 0.500
    76    31.667 +0.016131 -0.004881 0.556
    77    32.083 +0.000318 -0.004813 0.611
    78    32.500 +0.003837 +0.002082 0.611
    79    32.917 +0.005130 +0.004541 0.556
    80    33.333 -0.004951 +0.013445 0.667
    81    33.750 -0.017786 +0.009080 0.500
    82    34.167 -0.021572 +0.011186 0.500
    83    34.583 -0.042700 +0.021733 0.556
    84    35.000 -0.042535 +0.029570 0.556
    85    35.417 -0.032493 +0.007303 0.556
    86    35.833 -0.032351 -0.003308 0.556
    87    36.250 -0.020298 -0.021234 0.500
    88    36.667 +0.002489 -0.032413 0.500
    89    37.083 +0.042409 -0.043838 0.500
    90    37.500 +0.076621 -0.049502 0.500
    91    37.917 +0.108411 -0.056841 0.500
    92    38.333 +0.138083 -0.053450 0.556
    93    38.750 +0.128458 -0.038368 0.556
    94    39.167 +0.117200 -0.008330 0.556
    95    39.583 +0.059431 +0.047955 0.556
    96    40.000 -0.003058 +0.080235 0.500
    97    40.417 -0.169289 +0.220050 0.500
    98    40.833 -0.346348 +0.145865 0.611
    99    41.250 -0.573630 +0.529651 0.500
   100    41.667 -0.736264 -0.261392 0.500
   101    42.083 +0.544796 -0.595634 0.611
   102    42.500 +0.634836 +0.099686 0.500
   103    42.917 +0.173046 -0.119577 0.500
   104    43.333 +0.176966 +0.038590 0.611
   105    43.750 -0.043863 -0.010406 0.500
   106    44.167 -0.059954 -0.024182 0.500
   107    44.583 -0.082269 -0.068815 0.556
   108    45.000 -0.010137 -0.114119 0.556
   109    45.417 +0.101656 -0.185434 0.556
   110    45.833 +0.164600 -0.156511 0.556
   111    46.250 +0.469142 -0.315875 0.500
   112    46.667 +0.229726 +0.238302 0.556
   113    47.083 -0.688864 +1.137646 0.611
   114    47.500 -0.525749 +0.882654 0.611
   115    47.917 -0.474421 +0.769373 0.556
   116    48.333 -0.363299 -1.374437 0.556
   117    48.750 +0.747780 -1.244148 0.500
   118    49.167 +1.201306 -0.206015 0.556
   119    49.583 -0.853254 +1.069333 0.667
   120    50.000 -0.622068 -0.742916 0.611
   121    50.417 +0.744298 -0.373551 0.556
   122    50.833 -0.938008 +0.698570 0.556
   123    51.250 +0.339768 -0.621191 0.500
   124    51.667 +0.934102 +0.650642 0.556
   125    52.083 +0.312521 -0.235631 0.611
   126    52.500 +0.082586 +0.859243 0.556
   127    52.917 -0.744022 -0.401174 0.500
   128    53.333 -0.265838 -0.130136 0.500
   129    53.750 +0.557665 +0.321384 0.500
   130    54.167 -0.866388 -0.219745 0.500
   131    54.583 -0.017932 -0.088800 0.556
   132    55.000 -0.006602 +0.204583 0.556
   133    55.417 +0.714147 -0.242808 0.611
   134    55.833 +0.146901 -0.618082 0.500
   135    56.250 +0.135425 +0.757347 0.556
   136    56.667 -0.408309 -0.893117 0.556
   137    57.083 -1.057424 +0.836702 0.556
   138    57.500 +1.313050 -0.003094 0.500
   139    57.917 -1.083617 -0.581257 0.667
   140    58.333 -0.942152 +0.736863 0.500
   141    58.750 +1.121968 +1.053108 0.556
   142    59.167 +1.227997 -0.813182 0.611
   143    59.583 +1.078413 -0.850800 0.556
   144    60.000 -0.300999 -0.607211 0.500
   145    60.417 -0.587201 +0.725183 0.667
   146    60.833 -0.461783 -0.259601 0.556
   147    61.250 -0.613530 +0.715123 0.556
   148    61.667 -0.150699 +1.014244 0.667
   149    62.083 -0.454357 -0.698363 0.611
   150    62.500 -0.590906 -0.795246 0.611
   151    62.917 -0.319253 -0.676459 0.556
   152    63.333 +1.454042 +0.099964 0.556
   153    63.750 +0.934949 +1.076988 0.500
   154    64.167 -0.266959 +1.035758 0.611
   155    64.583 -0.629036 -1.348620 0.611
   156    65.000 +0.943801 -0.379401 0.556
   157    65.417 +0.025419 +0.750282 0.500
   158    65.833 -0.313496 -1.157565 0.556
   159    66.250 +0.425806 +0.544896 0.500
   160    66.667 -0.972626 +0.625953 0.556
   161    67.083 +0.061451 +0.421961 0.611
   162    67.500 -0.833758 -0.210555 0.556
   163    67.917 +0.658761 -0.491321 0.500
   164    68.333 +0.215017 -0.153313 0.500
   165    68.750 -0.498271 +0.411299 0.500
   166    69.167 +0.537046 -0.709745 0.500
   167    69.583 +0.088133 +0.034602 0.556
   168    70.000 -0.166430 -0.087027 0.556
   169    70.417 -0.043421 +0.736680 0.611
   170    70.833 +0.513821 +0.333694 0.500
   171    71.250 -0.746935 -0.155620 0.556
   172    71.667 +0.987469 -0.034230 0.556
   173    72.083 -0.366344 -1.298419 0.556
   174    72.500 -0.501942 +1.209124 0.500
   175    72.917 +0.972943 -0.772978 0.667
   176    73.333 -0.332597 -1.141274 0.500
   177    73.750 -1.402341 +0.611905 0.556
   178    74.167 +0.285634 +1.456819 0.611
   179    74.583 +0.379039 +1.330592 0.556
   180    75.000 +0.681358 -0.065511 0.500
   181    75.417 -0.460161 -0.810881 0.667
   182    75.833 +0.419751 -0.332478 0.556
   183    76.250 -0.440373 -0.857191 0.556
   184    76.667 -0.884217 -0.503627 0.667
   185    77.083 +0.783424 -0.137345 0.611
   186    77.500 +0.950299 -0.276100 0.611
   187    77.917 +0.753193 -0.067266 0.556
   188    78.333 -0.577553 +1.332262 0.556
   189    78.750 -1.332549 +0.495497 0.500
   190    79.167 -0.902067 -0.607096 0.611
   191    79.583 +1.496143 -0.117007 0.611
   192    80.000 +0.021241 +0.999269 0.556
   193    80.417 -0.712397 -0.224512 0.500
   194    80.833 +1.193370 +0.100603 0.556
   195    81.250 -0.659104 +0.192414 0.500
   196    81.667 -0.226611 -1.124207 0.556
   197    82.083 -0.418435 -0.089366 0.611
   198    82.500 +0.486020 -0.712697 0.556
   199    82.917 +0.228142 +0.806147 0.500
   200    83.333 +0.065197 +0.250020 0.500
   201    83.750 -0.214273 -0.600896 0.500
   202    84.167 +0.492600 +0.742168 0.500
   203    84.583 -0.074581 +0.072436 0.556
   204    85.000 +0.144270 -0.124423 0.556
   205    85.417 -0.686867 -0.288416 0.611
   206    85.833 -0.496964 +0.376944 0.500
   207    86.250 +0.414157 -0.653226 0.556
   208    86.667 -0.289369 +0.924183 0.556
   209    87.083 +1.331501 +0.071605 0.556
   210    87.500 -0.962858 -0.886795 0.500
   211    87.917 +0.407578 +1.198896 0.667
   212    88.333 +1.191037 +0.089068 0.500
   213    88.750 -0.095626 -1.519468 0.556
   214    89.167 -1.442537 -0.247541 0.611
   215    89.583 -1.367002 -0.143986 0.556
   216    90.000 -0.201477 +0.657437 0.500
   217    90.417 +0.925925 -0.107606 0.667
   218    90.833 +0.126708 +0.502421 0.556
   219    91.250 +0.954626 -0.098600 0.556
   220    91.667 +0.799201 -0.613883 0.667
   221    92.083 -0.160444 +0.811278 0.611
   222    92.500 -0.120778 +0.972626 0.611
   223    92.917 -0.250566 +0.707746 0.556
   224    93.333 -0.956777 -1.073965 0.556
   225    93.750 +0.091985 -1.415059 0.500
   226    94.167 +0.913971 -0.555330 0.611
   227    94.583 -0.510060 +1.410399 0.611
   228    95.000 -0.910524 -0.411615 0.556
   229    95.417 +0.515244 -0.539107 0.500
   230    95.833 -0.621423 +1.019829 0.556
   231    96.250 +0.116371 -0.669253 0.500
   232    96.667 +1.122188 +0.284807 0.556
   233    97.083 +0.246370 -0.348602 0.611
   234    97.500 +0.411339 +0.747190 0.556
   235    97.917 -0.810008 -0.149311 0.500
   236    98.333 -0.255804 -0.042048 0.500
   237    98.750 +0.643556 +0.099288 0.500
   238    99.167 -0.889442 +0.077454 0.500
   239    99.583 -0.034446 -0.084295 0.556
   240   100.000 +0.063524 +0.193818 0.556
   241   100.417 +0.577132 -0.502299 0.611
   242   100.833 -0.119682 -0.602493 0.500
   243   101.250 +0.403920 +0.642906 0.556
   244   101.667 -0.725767 -0.678274 0.556
   245   102.083 -0.647830 +1.172112 0.556
   246   102.500 +1.183510 -0.468904 0.500
   247   102.917 -1.248007 -0.150835 0.667
   248   103.333 -0.596883 +1.032018 0.500
   249   103.750 +1.433787 +0.586788 0.556
   250   104.167 +0.881002 -1.189818 0.611
   251   104.583 +0.742915 -1.148878 0.556
   252   105.000 -0.516697 -0.474734 0.500
   253   105.417 -0.305447 +0.880546 0.667
   254   105.833 -0.510769 -0.109715 0.556
   255   106.250 -0.351347 +0.885652 0.556
   256   106.667 +0.177319 +0.991548 0.667
   257   107.083 -0.631039 -0.493488 0.611
   258   107.500 -0.833273 -0.556292 0.611
   259   107.917 -0.539006 -0.550091 0.556
   260   108.333 +1.418807 -0.374996 0.556
   261   108.750 +1.237993 +0.703962 0.500
   262   109.167 +0.094554 +1.074671 0.611
   263   109.583 -1.059088 -1.080443 0.611
   264   110.000 +0.763435 -0.646465 0.556
   265   110.417 +0.265049 +0.705623 0.500
   266   110.833 -0.658684 -1.003409 0.556
   267   111.250 +0.566037 +0.389576 0.500
   268   111.667 -0.716802 +0.907493 0.556
   269   112.083 +0.205737 +0.372722 0.611
   270   112.500 -0.863045 +0.061277 0.556
   271   112.917 +0.460005 -0.689004 0.500
   272   113.333 +0.153606 -0.210176 0.500
   273   113.750 -0.329494 +0.555822 0.500
   274   114.167 +0.271648 -0.845043 0.500
   275   114.583 +0.090977 +0.014169 0.556
   276   115.000 -0.191718 -0.038646 0.556
   277   115.417 +0.214968 +0.732484 0.611
   278   115.833 +0.582594 +0.117186 0.500
   279   116.250 -0.749341 +0.107540 0.556
   280   116.667 +0.914121 -0.378699 0.556
   281   117.083 -0.803467 -1.051390 0.556
   282   117.500 -0.039283 +1.267451 0.500
   283   117.917 +0.652096 -1.058984 0.667
   284   118.333 -0.700877 -0.966819 0.500
   285   118.750 -1.109139 +1.046624 0.556
   286   119.167 +0.738967 +1.283086 0.611
   287   119.583 +0.770788 +1.133354 0.556
   288   120.000 +0.619434 -0.281037 0.500
   289   120.417 -0.688004 -0.621079 0.667
   290   120.833 +0.295289 -0.429960 0.556
   291   121.250 -0.693724 -0.663987 0.556
   292   121.667 -0.986793 -0.205170 0.667
   293   122.083 +0.734918 -0.388956 0.611
   294   122.500 +0.827103 -0.553988 0.611
   295   122.917 +0.693639 -0.272969 0.556
   296   123.333 -0.190102 +1.433067 0.556
   297   123.750 -1.126161 +0.840386 0.500
   298   124.167 -1.020017 -0.333952 0.611
   299   124.583 +1.404512 -0.515247 0.611
   300   125.000 +0.288993 +0.965401 0.556
   301   125.417 -0.746315 -0.046415 0.500
   302   125.833 +1.190101 -0.212092 0.556
   303   126.250 -0.613486 +0.362756 0.500
   304   126.667 -0.555871 -1.010102 0.556
   305   127.083 -0.431036 +0.054050 0.611
   306   127.500 +0.289338 -0.808869 0.556
   307   127.917 +0.455140 +0.697377 0.500
   308   128.333 +0.146312 +0.230355 0.500
   309   128.750 -0.356763 -0.508659 0.500
   310   129.167 +0.694961 +0.597731 0.500
   311   129.583 -0.034202 +0.094624 0.556
   312   130.000 +0.107520 -0.178505 0.556
   313   130.417 -0.758116 -0.089304 0.611
   314   130.833 -0.346923 +0.467197 0.500
   315   131.250 +0.150335 -0.780860 0.556
   316   131.667 -0.038555 +0.935910 0.500
   317   132.083 +1.271204 -0.348309 0.611
   318   132.500 -1.212466 -0.585942 0.556
   319   132.917 +0.673965 +1.002874 0.611
   320   133.333 +1.119062 -0.252148 0.556
   321   133.750 -0.544349 -1.382427 0.556
   322   134.167 -1.436480 +0.277726 0.667
   323   134.583 -1.281421 +0.390231 0.556
   324   135.000 +0.175646 +0.849133 0.611
   325   135.417 +1.014247 -0.185589 0.722
   326   135.833 +0.575232 +0.652159 0.556
   327   136.250 +1.177588 -0.155596 0.500
   328   136.667 +0.758716 -0.904458 0.611
   329   137.083 -1.616396 -0.822617 0.500
   330   137.500 +0.334752 -0.110579 0.556
   331   137.917 +0.099072 +1.074087 0.667
   332   138.333 -0.853751 +0.305981 0.500
   333   138.750 -0.761800 -1.108460 0.667
   334   139.167 +0.788726 +0.565111 0.778
   335   139.583 -0.336899 +1.145360 0.611
   336   140.000 -0.714002 -0.151652 0.556
   337   140.417 +1.166097 +0.226849 0.611
   338   140.833 +0.825637 -0.809959 0.556
   339   141.250 -0.925740 -1.069745 0.556
   340   141.667 -0.327262 +0.249257 0.500
   341   142.083 +1.325101 -0.029634 0.556
   342   142.500 -0.287721 +0.992398 0.556
   343   142.917 -1.085054 -0.138969 0.556
   344   143.333 +0.093132 -0.510415 0.500
   345   143.750 +1.357606 +0.280202 0.611
   346   144.167 -0.728820 -0.528961 0.500
   347   144.583 -0.797109 +0.633345 0.500
   348   145.000 +1.427912 +0.097199 0.556
   349   145.417 +0.195578 +0.352331 0.556
   350   145.833 -1.434577 +0.011592 0.500
   351   146.250 -0.632087 -1.194714 0.500
   352   146.667 +0.444435 +0.581152 0.556
   353   147.083 -0.045146 +0.012829 0.556
   354   147.500 -0.161569 -0.092811 0.500
   355   147.917 +1.121272 +0.491985 0.500
   356   148.333 -0.317995 +1.088469 0.556
   357   148.750 +1.014571 -0.777024 0.500
   358   149.167 -0.423192 -1.487977 0.556
   359   149.583 -0.287667 -0.158927 0.556
   360   150.000 +0.222441 +0.764707 0.611
   361   150.417 +0.018375 -0.754979 0.556
   362   150.833 -0.602798 +0.630013 0.556
   363   151.250 -0.752163 +0.644300 0.667
   364   151.667 +0.721856 +0.472999 0.500
   365   152.083 -0.756639 -0.242590 0.500
   366   152.500 +0.492718 -1.594874 0.611
   367   152.917 +1.123992 +0.380838 0.556
   368   153.333 -1.231446 +0.523108 0.611
   369   153.750 +0.356637 +0.727620 0.556
   370   154.167 +0.768636 +1.113190 0.611
   371   154.583 -0.773678 -0.091319 0.778
   372   155.000 -0.253563 -1.383675 0.500
   373   155.417 +0.284253 -0.907075 0.556
   374   155.833 +0.617713 +0.192903 0.778
   375   156.250 -0.544371 -0.321880 0.556
   376   156.667 +1.262530 -0.347171 0.611
   377   157.083 -1.108365 +0.483283 0.833
   378   157.500 -0.899128 +0.284113 0.556
   379   157.917 -0.218335 +1.024089 0.556
   380   158.333 +0.124361 +0.289653 0.778
   381   158.750 +1.273074 -0.799189 0.611
   382   159.167 +0.866554 -0.115332 0.556
   383   159.583 -1.055370 -0.232387 0.611
   384   160.000 -0.541717 +0.731393 0.556
   385   160.417 -0.157433 +1.309461 0.611
   386   160.833 -0.449107 -0.852811 0.556
   387   161.250 +1.116679 -1.228758 0.500
   388   161.667 +0.526682 -1.212953 0.611
   389   162.083 -0.979407 +0.034170 0.667
   390   162.500 +0.733148 +1.060254 0.556
   391   162.917 +0.986321 -0.760472 0.556
   392   163.333 -0.957504 +1.070239 0.667
   393   163.750 -0.636973 +0.836966 0.500
   394   164.167 -1.098373 -0.229417 0.667
   395   164.583 -0.119870 +0.228522 0.722
   396   165.000 +1.105807 +0.446510 0.556
   397   165.417 +0.775367 +0.041698 0.611
   398   165.833 -0.878809 -1.121383 0.667
   399   166.250 +0.594217 -0.345071 0.556
   400   166.667 -0.295766 -0.585310 0.500
   401   167.083 -0.456115 +0.625933 0.556
   402   167.500 +1.948283 -0.440906 0.500
   403   167.917 -0.903388 +0.551475 0.500
   404   168.333 -0.533436 -0.453150 0.556
   405   168.750 +0.586697 -0.119030 0.556
   406   169.167 -0.212414 +0.718464 0.611
   407   169.583 +0.130401 +0.367245 0.556
   408   170.000 -0.895675 -0.533184 0.611
   409   170.417 -0.444535 -0.005467 0.667
   410   170.833 -0.124140 +0.431853 0.556
   411   171.250 +0.502864 +0.010337 0.667
   412   171.667 +0.782539 +0.557538 0.611
   413   172.083 -0.018099 -0.107018 0.556
   414   172.500 +0.180271 +0.198276 0.667
   415   172.917 -0.487203 -0.894664 0.611
   416   173.333 -0.270026 -0.387073 0.556
   417   173.750 -0.287750 -0.576351 0.667
   418   174.167 +1.350149 +0.627271 0.667
   419   174.583 -0.137821 -0.820965 0.500
   420   175.000 -1.000166 +0.692092 0.667
   421   175.417 +0.427733 +1.038097 0.667
   422   175.833 +0.106015 -1.139684 0.556
   423   176.250 -0.050266 +0.305040 0.611
   424   176.667 -0.445719 +0.698134 0.611
   425   177.083 +0.683896 -0.532383 0.500
   426   177.500 +0.103069 +1.156538 0.611
   427   177.917 +0.024852 +0.276969 0.667
   428   178.333 -0.377433 -1.556310 0.611
   429   178.750 -0.266733 -0.314434 0.500
   430   179.167 -0.508561 -0.684637 0.611
   431   179.583 -0.178172 +0.567885 0.611
   432   180.000 +0.111494 +0.866775 0.556
   433   180.417 +0.340190 -0.355849 0.667
   434   180.833 +0.397118 +0.220530 0.667
   435   181.250 +0.098676 -0.131161 0.556
   436   181.667 +0.871792 +0.445655 0.722
   437   182.083 -0.077822 +0.843909 0.667
   438   182.500 -0.286827 -0.878075 0.556
   439   182.917 +0.438935 -1.488393 0.722
   440   183.333 -0.776283 +0.555080 0.611
   441   183.750 -0.569160 +0.437683 0.667
   442   184.167 -0.395440 +0.145586 0.722
   443   184.583 +0.322537 -0.397884 0.611
   444   185.000 -0.848915 +1.066524 0.667
   445   185.417 +0.507581 -0.788453 0.667
   446   185.833 +0.684069 -0.559555 0.500
   447   186.250 +0.492229 -0.473089 0.722
   448   186.667 -0.749380 +0.901983 0.722
   449   187.083 +0.678684 +0.309379 0.500
   450   187.500 -0.583969 +0.803497 0.722
   451   187.917 +0.163869 +0.196063 0.722
   452   188.333 +1.084904 -0.247743 0.500
   453   188.750 -0.362606 -0.427133 0.667
   454   189.167 -0.530294 -0.962766 0.667
   455   189.583 +0.615422 +0.234562 0.556
   456   190.000 -0.790567 -0.480761 0.667
   457   190.417 -0.388681 -0.530961 0.722
   458   190.833 -0.090195 +0.614491 0.500
   459   191.250 +0.211227 +0.835865 0.556
   460   191.667 -0.047289 +0.895432 0.722
   461   192.083 -0.177091 -0.433476 0.500
   462   192.500 -0.382481 -0.687077 0.500
   463   192.917 +0.721954 +0.174043 0.667
   464   193.333 +0.206843 -0.062582 0.500
   465   193.750 +0.433437 +0.034183 0.500
   466   194.167 +0.336953 +0.184405 0.611
   467   194.583 +0.016733 -0.568724 0.556
   468   195.000 -0.453714 -0.578683 0.500
   469   195.417 -0.253732 +1.184684 0.556
   470   195.833 -1.002852 -0.128808 0.611
   471   196.250 +0.270863 -0.726276 0.500
   472   196.667 +1.290613 +0.774292 0.500
   473   197.083 +0.144813 +0.782510 0.611
   474   197.500 -0.048354 -0.980252 0.500
   475   197.917 -1.428593 -0.316563 0.556
   476   198.333 -0.048903 -0.050452 0.667
   477   198.750 +0.093595 +1.442416 0.556
   478   199.167 -0.157724 -0.680181 0.611
   479   199.583 -0.317715 -0.887240 0.667
   480   200.000 +0.886905 -0.862256 0.611
   481   200.417 +0.441920 +0.936497 0.556
   482   200.833 +0.732083 +0.370179 0.611
   483   201.250 +0.512244 -0.129098 0.556
   484   201.667 -0.378857 -0.265652 0.500
   485   202.083 -0.202926 +0.534050 0.611
   486   202.500 -1.567078 +0.536867 0.500
   487   202.917 -0.709795 +0.004198 0.500
   488   203.333 +1.060272 +0.334689 0.611
   489   203.750 +0.112253 -0.244967 0.556
   490   204.167 +0.546357 -0.572757 0.500
   491   204.583 -0.706132 -0.296948 0.611
   492   205.000 -0.715877 -0.815414 0.611
   493   205.417 +0.481107 +0.381697 0.500
   494   205.833 +0.768511 +0.697230 0.556
   495   206.250 +0.484068 -1.162990 0.556
   496   206.667 -0.028248 +0.262699 0.500
   497   207.083 +0.780216 +0.390078 0.556
   498   207.500 -0.674174 +0.792211 0.500
   499   207.917 -0.971341 -0.500487 0.556
   500   208.333 -0.583478 +0.908278 0.611
   501   208.750 -0.834987 -0.286712 0.556
   502   209.167 +0.733878 +0.215134 0.556
   503   209.583 +1.276577 +0.069836 0.556
   504   210.000 +0.603450 -1.417772 0.611
   505   210.417 -0.824878 -0.256076 0.500
   506   210.833 -0.384338 +0.665490 0.500
   507   211.250 +1.236998 -0.856492 0.556
   508   211.667 -1.049952 +1.268429 0.500
   509   212.083 -0.352682 +0.828103 0.556
   510   212.500 +1.369556 -0.664495 0.611
   511   212.917 -0.763107 -0.179868 0.556
   512   213.333 -1.076146 +0.339057 0.556
   513   213.750 -0.574471 -1.130063 0.611
   514   214.167 +0.923450 -0.410871 0.556
   515   214.583 +0.932621 +0.198219 0.611
   516   215.000 +0.062940 +1.499402 0.556
   517   215.417 +0.965104 -0.696262 0.556
   518   215.833 -0.961100 -1.228975 0.667
   519   216.250 -0.754221 +0.755041 0.556
   520   216.667 +0.385590 +1.041685 0.611
   521   217.083 -0.878132 +0.404704 0.667
   522   217.500 +0.116931 -0.524923 0.556
   523   217.917 -0.337994 -0.270750 0.667
   524   218.333 +1.241582 -0.140256 0.611
   525   218.750 +0.437615 +0.788828 0.556
   526   219.167 +0.130153 -1.125313 0.556
   527   219.583 +0.299620 -0.540837 0.611
   528   220.000 -0.954568 +0.489566 0.611
   529   220.417 -1.040261 -0.662169 0.556
   530   220.833 -0.409986 +1.408044 0.500
   531   221.250 +0.734404 +0.755782 0.667
   532   221.667 +1.095571 -1.193106 0.500
   533   222.083 -1.080775 -0.274895 0.500
   534   222.500 +0.759245 +0.812623 0.556
   535   222.917 +0.172096 -0.680636 0.500
   536   223.333 +0.534729 -0.311518 0.556
   537   223.750 -0.698489 -0.487203 0.556
   538   224.167 +0.657475 +0.823449 0.611
   539   224.583 -0.762483 +0.000108 0.556
   540   225.000 -0.897687 +0.329101 0.500
   541   225.417 +0.440946 +0.433537 0.667
   542   225.833 -1.203628 +0.320507 0.556
   543   226.250 +0.469177 -0.490335 0.611
   544   226.667 +1.461510 -0.339966 0.556
   545   227.083 -0.009164 +0.439582 0.611
   546   227.500 -0.508431 -1.651007 0.556
   547   227.917 +1.236347 -0.009101 0.556
   548   228.333 +0.194797 +0.050865 0.500
   549   228.750 -1.147699 +1.322771 0.556
   550   229.167 -0.501275 +0.767383 0.500
   551   229.583 +0.575454 -0.133888 0.556
   552   230.000 -0.195864 -0.910298 0.556
   553   230.417 -1.192797 -0.005720 0.556
   554   230.833 +0.300758 -0.169429 0.500
   555   231.250 +1.285414 +0.972109 0.556
   556   231.667 -0.304096 -0.538166 0.556
   557   232.083 -1.035293 -0.446961 0.556
   558   232.500 +0.511462 -0.874043 0.556
   559   232.917 +0.578368 +0.223699 0.611
   560   233.333 +0.755502 -0.263436 0.611
   561   233.750 -0.226015 +1.157881 0.500
   562   234.167 +0.198165 +1.026286 0.556
   563   234.583 -0.799704 +0.326478 0.556
   564   235.000 -1.017949 -1.210210 0.556
   565   235.417 +0.966077 -0.242138 0.556
   566   235.833 +0.515849 +0.350767 0.556
   567   236.250 -0.936611 -0.863997 0.611
   568   236.667 +0.636337 +0.652065 0.556
   569   237.083 -0.836430 -0.036205 0.500
   570   237.500 -0.679509 +0.126463 0.722
   571   237.917 +0.872541 -0.818235 0.611
   572   238.333 -0.124294 +0.218734 0.500
   573   238.750 +0.684177 +1.888378 0.667
   574   239.167 -0.232874 -0.938069 0.611
   575   239.583 +0.585234 -0.648293 0.556
   576   240.000 +0.846973 -0.766707 0.611
   577   240.417 -0.813263 +0.150599 0.611
   578   240.833 +0.217641 +0.935730 0.667
   579   241.250 -0.985347 -0.363516 0.667
   580   241.667 -0.690676 -0.273082 0.667
   581   242.083 -0.316478 +0.123430 0.611
   582   242.500 +0.689224 +1.354486 0.611
   583   242.917 +1.288826 -0.108725 0.611
   584   243.333 -0.860495 -0.525666 0.556
   585   243.750 +0.232253 -1.172151 0.500
   586   244.167 +0.203693 +0.859796 0.500
   587   244.583 -0.662931 +0.581643 0.556
   588   245.000 -0.717033 +0.201358 0.556
   589   245.417 +0.763682 -0.485908 0.500
   590   245.833 +0.864145 -1.331752 0.556
   591   246.250 -0.433246 -0.665165 0.611
   592   246.667 -1.013168 +1.088268 0.556
   593   247.083 +1.328185 +0.523490 0.556
   594   247.500 -0.519862 -1.019543 0.500
   595   247.917 +0.556348 +1.252371 0.556
   596   248.333 +0.187844 +1.411939 0.611
   597   248.750 -1.093851 +0.033533 0.556
   598   249.167 +0.794873 -0.640725 0.667
   599   249.583 -0.658864 -0.580294 0.556
   600   250.000 -0.487507 -0.784428 0.500
   601   250.417 +0.787438 -0.180560 0.611
   602   250.833 -0.459061 -1.192018 0.556
   603   251.250 -0.058503 +0.853712 0.611
   604   251.667 +0.376078 +1.006630 0.500
   605   252.083 -0.314973 -0.317852 0.611
   606   252.500 +0.167406 -0.056239 0.611
   607   252.917 -0.205050 +0.449969 0.556
   608   253.333 +0.881054 +1.165356 0.556
   609   253.750 +0.701092 -1.627488 0.611
   610   254.167 -0.850379 -0.121189 0.611
   611   254.583 -0.198016 +0.535153 0.556
   612   255.000 -0.568416 +0.290770 0.556
   613   255.417 +0.201556 +0.175364 0.611
   614   255.833 +0.794972 -0.210887 0.611
   615   256.250 -0.774964 -0.641455 0.500
   616   256.667 -0.583777 -0.139471 0.611
   617   257.083 +0.686861 +0.266677 0.556
   618   257.500 +0.272045 -1.187257 0.556
   619   257.917 -0.769587 +0.881690 0.556
   620   258.333 +0.716949 +1.108246 0.556
   621   258.750 +0.169067 -0.616800 0.556
   622   259.167 -0.485884 +0.558762 0.500
   623   259.583 +0.692557 -0.068701 0.556
   624   260.000 -1.024388 -0.608392 0.500
   625   260.417 +0.570232 -0.233301 0.556
   626   260.833 -0.304478 -0.575689 0.500
   627   261.250 +1.168940 +0.078019 0.500
   628   261.667 -0.142845 +0.770166 0.611
   629   262.083 -0.662795 +0.271948 0.556
   630   262.500 -0.581234 +0.580850 0.500
   631   262.917 -0.563658 +0.158522 0.611
   632   263.333 +0.368893 -1.131007 0.611
   633   263.750 +0.070041 -0.943057 0.500
   634   264.167 +0.037155 +0.416462 0.611
   635   264.583 +0.829448 +0.799099 0.611
   636   265.000 -0.133834 -0.321496 0.556
   637   265.417 +1.136286 +0.037901 0.556
   638   265.833 -0.334335 +1.180044 0.667
   639   266.250 -1.088020 -0.259506 0.611
   640   266.667 +0.476394 -0.691734 0.556
   641   267.083 -0.827782 -0.160014 0.722
   642   267.500 +0.514687 -0.554422 0.556
   643   267.917 +0.335419 +0.617864 0.556
   644   268.333 -0.694315 -0.361057 0.667
   645   268.750 -0.494842 -0.752443 0.556
   646   269.167 +1.080308 +0.504534 0.556
   647   269.583 -0.401657 +1.124052 0.667
   648   270.000 -0.543066 -0.478900 0.500
   649   270.417 +0.367301 +0.362756 0.556
   650   270.833 +0.099116 +0.095887 0.667
   651   271.250 -0.169459 -0.470078 0.556
   652   271.667 +0.415139 -0.043475 0.500
   653   272.083 +1.147881 +0.130527 0.611
   654   272.500 -0.208472 -1.188821 0.556
   655   272.917 -1.255696 +0.760833 0.500
   656   273.333 +1.243259 +0.751938 0.556
   657   273.750 -0.437157 +0.097622 0.556
   658   274.167 -1.232084 +0.850822 0.500
   659   274.583 -0.225269 -1.188346 0.556
   660   275.000 +0.695426 -0.102109 0.556
   661   275.417 +0.402286 -0.812029 0.556
   662   275.833 -0.998862 -0.396972 0.556
   663   276.250 +0.425056 +0.685041 0.556
   664   276.667 +1.565211 -0.103248 0.611
   665   277.083 -0.889773 -0.623535 0.556
   666   277.500 -0.547984 +1.278087 0.556
   667   277.917 +0.824785 +0.724977 0.556
   668   278.333 -0.974568 -0.558938 0.500
   669   278.750 +1.135343 +0.061940 0.500
   670   279.167 -1.093177 +0.312019 0.556
   671   279.583 -0.710423 -0.229324 0.556
   672   280.000 +0.774753 -0.798918 0.500
   673   280.417 +0.824470 -0.021455 0.556
   674   280.833 +0.364534 +0.927401 0.611
   675   281.250 -0.162034 -0.385027 0.556
   676   281.667 -0.272342 -0.156735 0.611
   677   282.083 -1.197331 -0.111946 0.556
   678   282.500 +0.656030 -0.309584 0.556
   679   282.917 -0.426527 -0.585122 0.556
   680   283.333 -0.139613 +0.241703 0.556
   681   283.750 +1.421134 +1.632561 0.611
   682   284.167 -0.403893 -0.898866 0.556
   683   284.583 -0.703162 -0.287791 0.556
   684   285.000 -0.554019 -0.028569 0.667
   685   285.417 +0.908053 +0.297686 0.611
   686   285.833 +1.317814 +0.529809 0.556
   687   286.250 -0.394381 +0.687066 0.611
   688   286.667 -0.685326 -0.664263 0.611
   689   287.083 -0.503836 -0.388279 0.667
   690   287.500 -0.670850 -0.180037 0.611
   691   287.917 +0.817470 -0.157216 0.556
   692   288.333 +0.107718 -0.168186 0.667
   693   288.750 -0.095559 +0.157923 0.611
   694   289.167 -0.892339 -0.576254 0.500
   695   289.583 +1.434184 +0.564857 0.611
   696   290.000 -0.054787 +0.561660 0.611
   697   290.417 +0.272598 -0.324946 0.556
   698   290.833 -0.079915 -0.415523 0.611
   699   291.250 -0.245491 +0.309353 0.556
   700   291.667 -0.547799 +0.637782 0.611
   701   292.083 -0.966695 -0.131919 0.556
   702   292.500 +1.197078 +0.693532 0.500
   703   292.917 +0.172145 -0.896851 0.667
   704   293.333 +0.406095 -1.198143 0.556
   705   293.750 +0.215658 +0.348484 0.556
   706   294.167 -0.732964 +1.076783 0.667
   707   294.583 -0.544067 -1.165736 0.611
   708   295.000 -0.596295 +0.654009 0.611
   709   295.417 +0.499614 +1.184651 0.556
   710   295.833 +0.356879 -0.724534 0.556
   711   296.250 +0.501336 -0.415631 0.556
   712   296.667 +0.751001 -0.481663 0.556
   713   297.083 -0.477753 -0.008213 0.611
   714   297.500 -0.476275 +0.450343 0.611
   715   297.917 +0.320215 +0.276942 0.500
   716   298.333 -0.874557 +0.093579 0.611
   717   298.750 +0.712869 +0.402162 0.611
   718   299.167 +0.045115 -1.169230 0.500
   719   299.583 -0.164797 -0.190357 0.611
   720   300.000 -1.044411 +1.002392 0.667
   721   300.417 +0.993198 -0.282826 0.611
   722   300.833 -0.541738 -0.580990 0.500
   723   301.250 +0.445360 +0.985948 0.611
   724   301.667 +0.127801 +0.187529 0.667
   725   302.083 -0.907854 -1.007764 0.611
   726   302.500 +0.291612 -0.042588 0.500
   727   302.917 +1.191793 +0.716030 0.556
   728   303.333 -0.115274 +0.098620 0.611
   729   303.750 -0.049355 -1.062955 0.500
   730   304.167 +0.564411 +0.246057 0.556
   731   304.583 -0.393768 +0.072674 0.667
   732   305.000 -0.492341 +0.187070 0.556
   733   305.417 -0.355262 +0.750349 0.556
   734   305.833 -0.247435 +0.659841 0.667
   735   306.250 -0.594771 -1.070962 0.500
   736   306.667 -0.110676 -0.741199 0.611
   737   307.083 +1.392587 +0.185467 0.722
   738   307.500 -0.056137 +0.193658 0.500
   739   307.917 -0.949407 +0.217660 0.611
   740   308.333 +1.519698 -0.399861 0.667
   741   308.750 -0.701008 +0.192954 0.556
   742   309.167 -1.184363 +0.777815 0.611
   743   309.583 +1.328709 -0.685125 0.556
   744   310.000 +0.971425 -0.198297 0.611
   745   310.417 +0.382019 +0.483381 0.611
   746   310.833 -1.191747 -0.786712 0.500
   747   311.250 +0.189441 +0.087903 0.667
   748   311.667 -0.904370 -0.219897 0.667
   749   312.083 -1.256530 +0.696412 0.556
   750   312.500 +0.260158 +1.350733 0.611
   751   312.917 -0.022936 -0.738683 0.667
   752   313.333 +1.506334 +0.228041 0.556
   753   313.750 +0.478296 -0.448818 0.556
   754   314.167 +0.986290 -0.284351 0.611
   755   314.583 -0.468739 -0.639406 0.500
   756   315.000 -0.489934 -0.790465 0.611
   757   315.417 -0.953204 -0.277816 0.556
   758   315.833 -0.036448 +1.326567 0.556
   759   316.250 +0.062321 +0.858260 0.611
   760   316.667 -1.259909 -0.369432 0.500
   761   317.083 +0.819195 -0.464034 0.556
   762   317.500 +0.932862 +1.170317 0.611
   763   317.917 +0.341092 -0.373816 0.556
   764   318.333 -1.254479 +0.407846 0.556
   765   318.750 +0.124521 -0.932545 0.500
   766   319.167 +1.397879 -0.669763 0.500
   767   319.583 -0.012243 -0.065810 0.556
   768   320.000 -0.111921 +1.374667 0.500
   769   320.417 +0.071767 -0.944723 0.500
   770   320.833 -1.082083 -0.616264 0.611
   771   321.250 +0.333304 +1.301207 0.556
   772   321.667 -0.266442 -0.963156 0.500
   773   322.083 -0.499848 +0.855552 0.667
   774   322.500 +0.247952 -0.343731 0.667
   775   322.917 +0.435110 +0.271257 0.556
   776   323.333 +0.249360 -0.086912 0.722
   777   323.750 -0.169118 -0.223499 0.722
   778   324.167 +0.118318 +0.790262 0.556
   779   324.583 -1.567094 -0.744070 0.722
   780   325.000 +0.830758 -0.739081 0.778
   781   325.417 +0.872793 +0.343610 0.556
   782   325.833 +0.944680 +0.082701 0.667
   783   326.250 -0.322965 +0.750932 0.722
   784   326.667 -1.266232 +0.227355 0.500
   785   327.083 +0.856809 -0.530140 0.667
   786   327.500 -0.399907 +0.310286 0.722
   787   327.917 +0.208396 +0.815714 0.556
   788   328.333 -0.413529 -1.142708 0.556
   789   328.750 -0.444891 -0.831169 0.667
   790   329.167 -0.868378 +0.518864 0.556
   791   329.583 +1.043312 -1.308948 0.556
   792   330.000 +0.729905 +0.029484 0.722
   793   330.417 +0.705428 +0.974201 0.556
   794   330.833 -1.521404 +0.525189 0.500
   795   331.250 +0.267671 +0.861067 0.667
   796   331.667 +0.319064 +0.913821 0.556
   797   332.083 -0.479893 +0.118389 0.611
   798   332.500 +1.299255 -0.904052 0.667
   799   332.917 -0.633079 -1.029803 0.556
   800   333.333 -0.742316 -1.155640 0.667
   801   333.750 +0.296083 -0.533797 0.722
   802   334.167 -0.242537 +0.504862 0.500
   803   334.583 -0.139311 +0.044686 0.611
   804   335.000 -0.518273 +1.271891 0.667
   805   335.417 +1.039736 +0.654285 0.611
   806   335.833 +0.568859 +1.099306 0.722
   807   336.250 +0.676839 -0.744755 0.667
   808   336.667 -1.198944 -0.244618 0.667
   809   337.083 +0.614795 -1.149369 0.722
   810   337.500 -0.824520 -0.427860 0.556
   811   337.917 -0.782838 -0.294866 0.722
   812   338.333 +0.278275 -0.349869 0.778
   813   338.750 -0.051292 +1.544687 0.611
   814   339.167 +0.289520 -0.759871 0.556
   815   339.583 +0.597671 +0.863858 0.611
   816   340.000 +0.386923 +0.694141 0.556
   817   340.417 -0.283072 +0.595445 0.556
   818   340.833 +0.594165 -1.628164 0.556
   819   341.250 -1.071464 -0.008761 0.556
   820   341.667 +0.003624 -0.566949 0.500
   821   342.083 +0.340545 +0.388974 0.500
   822   342.500 -0.780296 +0.427247 0.500
   823   342.917 +0.469107 -0.917558 0.500
   824   343.333 -0.275276 +0.365006 0.500
   825   343.750 +0.798518 +0.811902 0.500
   826   344.167 -0.765260 -0.251262 0.556
   827   344.583 +1.005252 -0.381170 0.556
   828   345.000 -1.038820 +0.468989 0.556
   829   345.417 +0.192295 +0.316268 0.556
   830   345.833 +0.123654 -0.693220 0.556
   831   346.250 -1.008131 +0.657674 0.556
   832   346.667 +1.608445 -0.383427 0.556
   833   347.083 -0.193437 -0.573867 0.556
   834   347.500 -0.002817 -0.049193 0.611
   835   347.917 +0.626557 +0.300746 0.556
   836   348.333 -0.779237 -1.220301 0.611
   837   348.750 -0.574704 +1.069866 0.722
   838   349.167 +0.283822 +0.719944 0.556
   839   349.583 +0.210855 -0.213302 0.500
   840   350.000 -0.766240 +0.670169 0.611
   841   350.417 +0.672341 -0.751332 0.556
   842   350.833 +0.611715 +0.693071 0.556
   843   351.250 -0.339434 -0.535800 0.611
   844   351.667 -0.431901 -0.187927 0.611
   845   352.083 -1.433840 +0.107844 0.611
   846   352.500 +0.364338 -0.525743 0.556
   847   352.917 +1.013488 -0.066503 0.667
   848   353.333 +1.102020 +0.640248 0.667
   849   353.750 -0.096152 -0.933691 0.611
   850   354.167 +0.125155 -0.420215 0.611
   851   354.583 +0.054848 +1.096060 0.611
   852   355.000 +0.111102 -0.437536 0.611
   853   355.417 -1.411911 -0.067359 0.611
   854   355.833 +0.003247 +0.868420 0.556
   855   356.250 -0.396134 +0.189045 0.611
   856   356.667 -1.143049 +0.440934 0.667
   857   357.083 +1.066372 +0.144061 0.556
   858   357.500 +1.150754 -1.007456 0.667
   859   357.917 -0.730302 -0.028203 0.611
   860   358.333 +1.472520 -0.612107 0.556
   861   358.750 -0.607497 -0.165495 0.667
   862   359.167 -1.139490 +0.013993 0.556
   863   359.583 +1.223058 +0.204584 0.556
   864   360.000 -0.242138 +1.491916 0.667
   865   360.417 -0.359652 -0.390396 0.556
   866   360.833 -0.338034 -1.126056 0.556
   867   361.250 +0.791727 +0.241903 0.667
   868   361.667 -0.177937 -0.460503 0.500
   869   362.083 -0.664424 +0.251632 0.500
   870   362.500 +0.617081 +1.414849 0.556
   871   362.917 +0.546998 -1.133254 0.500
   872   363.333 -0.449897 +0.156173 0.556
   873   363.750 -0.284287 +0.400976 0.500
   874   364.167 -0.791393 +0.335766 0.556
   875   364.583 +0.145821 -0.566366 0.611
   876   365.000 -0.234623 -1.097915 0.500
   877   365.417 +0.538441 -0.272417 0.611
   878   365.833 +0.117423 +1.022709 0.611
   879   366.250 -0.251035 +1.343049 0.500
   880   366.667 +1.092800 -0.800125 0.667
   881   367.083 +0.597399 +0.261077 0.556
   882   367.500 -0.427755 -0.197941 0.556
   883   367.917 -0.797462 -0.766664 0.722
   884   368.333 +0.219224 +0.388933 0.556
   885   368.750 +0.226431 -1.002088 0.556
   886   369.167 -0.525122 -0.021770 0.722
   887   369.583 -0.347704 -0.479695 0.611
   888   370.000 +0.731122 +1.471643 0.500
   889   370.417 -0.030575 +0.842288 0.722
   890   370.833 -1.365569 -0.129168 0.611
   891   371.250 -0.307314 +0.793320 0.556
   892   371.667 +1.282714 -0.136792 0.722
   893   372.083 -0.151189 -1.755268 0.556
   894   372.500 +0.775830 -0.445283 0.500
   895   372.917 -0.530730 -0.068957 0.611
   896   373.333 +1.321473 +0.055306 0.611
   897   373.750 +0.209081 +0.626265 0.556
   898   374.167 -1.253261 -0.029140 0.667
   899   374.583 -0.372241 +0.852311 0.556
   900   375.000 -0.513985 +0.854665 0.611
   901   375.417 -0.720545 -0.887522 0.722
   902   375.833 +0.925211 -1.864897 0.500
   903   376.250 -0.048466 -0.038446 0.556
   904   376.667 +0.344060 +0.656175 0.667
   905   377.083 +0.078509 +0.494200 0.500
   906   377.500 +1.132303 +0.530442 0.556
   907   377.917 -0.284676 +0.709081 0.611
   908   378.333 +0.387067 -0.012212 0.556
   909   378.750 -1.039590 -1.556903 0.556
   910   379.167 -0.538265 +0.894517 0.611
   911   379.583 +0.229321 +0.209355 0.556
   912   380.000 -0.898053 -1.238069 0.611
   913   380.417 +0.408385 +0.880335 0.722
   914   380.833 +1.255148 -0.360335 0.611
   915   381.250 -0.443634 -0.830606 0.611
   916   381.667 -1.176158 -0.013542 0.667
   917   382.083 +0.541796 +0.544679 0.556
   918   382.500 +0.467656 +0.450371 0.611
   919   382.917 +0.901050 -0.288383 0.556
   920   383.333 -0.406873 +1.542431 0.500
   921   383.750 +0.020081 -0.678103 0.667
   922   384.167 -0.486785 +0.332982 0.611
   923   384.583 -0.632535 -0.824298 0.611
   924   385.000 +1.226754 -0.945346 0.556
   925   385.417 +0.374885 +1.140507 0.556
   926   385.833 -0.401780 +0.051691 0.500
   927   386.250 -0.893859 -1.226567 0.611
   928   386.667 -0.565922 -0.656537 0.611
   929   387.083 -0.165745 +0.777870 0.556
   930   387.500 +0.943459 +0.387431 0.500
   931   387.917 +0.029138 +0.548491 0.556
   932   388.333 -0.729438 +0.887532 0.500
   933   388.750 +0.670429 +0.667694 0.500
   934   389.167 +1.427396 -0.894200 0.556
   935   389.583 +0.067195 -0.938651 0.611
   936   390.000 -0.939893 -0.795914 0.611
   937   390.417 -1.075839 -0.193894 0.611
   938   390.833 -0.253907 +0.701442 0.611
   939   391.250 +1.109247 +0.817400 0.611
   940   391.667 +0.569452 +0.392170 0.611
   941   392.083 -0.669118 -1.035081 0.556
   942   392.500 -1.016023 +0.612501 0.556
   943   392.917 -0.644509 -0.578404 0.500
   944   393.333 +0.412228 -0.564375 0.667
   945   393.750 +1.690927 +0.068213 0.722
   946   394.167 +1.351406 +0.279879 0.611
   947   394.583 -0.210875 +0.933862 0.556
   948   395.000 -1.048496 -0.143511 0.611
   949   395.417 -1.063873 -0.169799 0.500
   950   395.833 +0.395679 -0.146298 0.556
   951   396.250 +0.280590 -0.419030 0.556
   952   396.667 -1.201672 -0.247377 0.500
   953   397.083 +0.042122 +1.205178 0.556
   954   397.500 +0.399435 -0.587195 0.556
   955   397.917 +0.530955 -0.490897 0.611
   956   398.333 -0.433171 -0.148590 0.500
   957   398.750 +0.002499 +1.015803 0.556
   958   399.167 +0.200585 +0.203112 0.556
   959   399.583 +0.627382 -0.376480 0.500
   960   400.000 +0.322099 -0.265666 0.556
   961   400.417 -0.968356 -0.604099 0.500
   962   400.833 +0.719015 +0.519048 0.556
   963   401.250 +0.515184 -0.109217 0.556
   964   401.667 -0.450592 +0.369377 0.556
   965   402.083 +0.130441 +0.027821 0.556
   966   402.500 -1.097089 +0.138801 0.556
   967   402.917 -0.581118 -0.434687 0.556
   968   403.333 -0.422272 -1.385628 0.500
   969   403.750 +0.274655 +0.921428 0.556
   970   404.167 +1.396281 +1.220494 0.556
   971   404.583 +0.401173 +0.083163 0.556
   972   405.000 -0.554834 -0.497509 0.556
   973   405.417 +0.281761 -0.596618 0.556
   974   405.833 +0.534459 +0.648129 0.556
   975   406.250 -0.695901 -0.438650 0.556
   976   406.667 -0.973612 +0.411279 0.611
   977   407.083 +1.012240 -0.883632 0.611
   978   407.500 +0.678943 +1.348603 0.500
   979   407.917 -1.051932 -0.006099 0.611
   980   408.333 +0.368882 -1.505345 0.556
   981   408.750 -0.984429 -0.606712 0.500
   982   409.167 -0.635283 +1.072481 0.667
   983   409.583 +1.212735 +0.100406 0.556
   984   410.000 -0.445728 +0.835462 0.556
   985   410.417 +0.230127 -0.012698 0.611
   986   410.833 +0.398484 -1.018114 0.556
   987   411.250 +0.579801 +0.807601 0.556
   988   411.667 +0.734520 -0.190753 0.500
   989   412.083 -0.372782 -0.522531 0.500
   990   412.500 -1.221193 +0.020945 0.500
   991   412.917 +0.165043 -0.259214 0.556
   992   413.333 -0.177569 +0.142879 0.611
   993   413.750 +0.094569 -0.106020 0.611
   994   414.167 +0.090688 +0.948911 0.556
   995   414.583 -0.732246 +0.450334 0.556
   996   415.000 +0.652163 -0.543868 0.500
   997   415.417 +1.000228 +1.179096 0.556
   998   415.833 -0.631067 -0.792191 0.556
   999   416.250 -0.159349 -0.921237 0.611
  1000   416.667 -0.611122 -0.464746 0.556
  1001   417.083 -0.871721 -0.093415 0.500
  1002   417.500 +0.725207 -0.637131 0.722
  1003   417.917 +0.822370 +0.840709 0.556
  1004   418.333 +0.636938 +0.168803 0.500
  1005   418.750 +0.723951 +0.131279 0.667
  1006   419.167 -0.747331 -0.608541 0.556
  1007   419.583 -0.233681 +1.063627 0.556
  1008   420.000 -0.724758 -0.304857 0.667
  1009   420.417 -0.758656 +0.691385 0.500
  1010   420.833 +0.775127 +0.862908 0.667
  1011   421.250 -0.394577 -0.577398 0.722
  1012   421.667 -1.044688 -0.010344 0.556
  1013   422.083 +1.395891 +0.054546 0.667
  1014   422.500 +0.411127 -0.962381 0.611
  1015   422.917 +0.967348 -0.768305 0.556
  1016   423.333 +0.064371 +0.243015 0.667
  1017   423.750 -0.893217 +0.588591 0.500
  1018   424.167 +0.413711 -1.256014 0.556
  1019   424.583 -0.938829 +0.251413 0.667
  1020   425.000 -0.771888 -0.121997 0.556
  1021   425.417 +0.581971 +0.431793 0.556
  1022   425.833 +1.068105 +1.066125 0.667
  1023   426.250 -0.880547 +0.504899 0.556
  1024   426.667 -0.964454 -0.006677 0.556
  1025   427.083 +0.837706 -0.148949 0.667
  1026   427.500 +0.565884 +0.018596 0.556
  1027   427.917 -0.295554 -1.395981 0.556
  1028   428.333 +0.958326 -0.266180 0.611
  1029   428.750 +0.086840 +0.799802 0.611
  1030   429.167 -1.062657 +1.001815 0.556
  1031   429.583 +0.474894 -0.504761 0.667
  1032   430.000 -0.694375 -0.672754 0.556
  1033   430.417 -1.204782 +0.231882 0.611
  1034   430.833 +0.355522 -0.039488 0.667
  1035   431.250 +1.529165 +0.847085 0.500
  1036   431.667 +0.268926 -0.640212 0.611
  1037   432.083 +0.513910 -0.861735 0.556
  1038   432.500 -0.447996 -0.388475 0.500
  1039   432.917 -0.846905 +0.463504 0.667
  1040   433.333 +0.024806 +0.733134 0.500
  1041   433.750 -0.831497 -0.612938 0.556
  1042   434.167 +0.645746 +1.151723 0.667
  1043   434.583 +1.168859 -0.008473 0.556
  1044   435.000 -0.764127 -0.710636 0.556
  1045   435.417 +0.105902 +0.631129 0.667
  1046   435.833 -0.595354 -0.677519 0.556
  1047   436.250 +0.741263 -0.714585 0.556
  1048   436.667 -0.148378 +1.256469 0.667
  1049   437.083 -1.011477 +0.735869 0.611
  1050   437.500 +0.654293 -0.604075 0.556
  1051   437.917 +0.868235 -0.090924 0.611
  1052   438.333 -1.157186 -0.524456 0.667
  1053   438.750 -0.872692 -0.407645 0.500
  1054   439.167 +0.617017 -0.041826 0.667
  1055   439.583 +0.943017 +0.023205 0.556
  1056   440.000 +0.816395 +0.062200 0.556
  1057   440.417 +0.089712 +0.936642 0.611
  1058   440.833 -0.605108 -1.355570 0.611
  1059   441.250 -0.851914 -0.190444 0.556
  1060   441.667 -0.409161 +1.178372 0.611
  1061   442.083 +0.174623 -0.254397 0.556
  1062   442.500 +1.190910 +0.768660 0.611
  1063   442.917 +0.067760 +1.072698 0.556
  1064   443.333 -0.686159 -0.470168 0.500
  1065   443.750 -0.485480 -0.329640 0.611
  1066   444.167 +0.605106 -1.199581 0.556
  1067   444.583 -0.527784 -0.467635 0.556
  1068   445.000 -0.665046 -0.427349 0.667
  1069   445.417 +0.564266 +0.711547 0.556
  1070   445.833 +1.235851 +0.714461 0.556
  1071   446.250 -0.717682 -0.336915 0.611
  1072   446.667 -0.737227 -0.921989 0.611
  1073   447.083 +0.362906 +0.900207 0.611
  1074   447.500 +1.632201 +0.204275 0.611
  1075   447.917 -0.802029 +0.833863 0.556
  1076   448.333 +0.082028 -0.323944 0.500
  1077   448.750 -0.004212 -0.373948 0.500
  1078   449.167 -1.348061 -0.531008 0.611
  1079   449.583 -0.201508 +0.813761 0.556
  1080   450.000 -0.041661 -0.498252 0.500
  1081   450.417 +0.371623 -0.544272 0.611
  1082   450.833 +0.905121 +0.765011 0.667
  1083   451.250 +0.916769 -0.715397 0.500
  1084   451.667 -0.050453 +1.259724 0.556
  1085   452.083 -1.390276 -0.199443 0.611
  1086   452.500 -0.164978 -1.404107 0.556
  1087   452.917 +0.105289 -0.010712 0.556
  1088   453.333 -0.348005 +0.187288 0.556
  1089   453.750 +0.476567 +0.913054 0.500
  1090   454.167 +1.081691 +0.367317 0.556
  1091   454.583 +0.110729 -0.002387 0.500
  1092   455.000 -0.912740 -0.882839 0.556
  1093   455.417 -0.806544 +0.111128 0.556
  1094   455.833 -0.318805 +0.480111 0.556
  1095   456.250 +1.177467 -0.466418 0.556
  1096   456.667 +0.650580 +0.744729 0.556
  1097   457.083 -0.712898 -0.875882 0.611
  1098   457.500 -0.318438 -0.673025 0.556
  1099   457.917 +0.151335 +1.044354 0.500
  1100   458.333 +0.028961 +0.424873 0.722
  1101   458.750 +0.694575 -1.044244 0.500
  1102   459.167 -0.890946 +0.840051 0.500
  1103   459.583 -0.214022 -0.594431 0.722
  1104   460.000 -0.120433 -0.720922 0.500
  1105   460.417 +0.619524 +1.439646 0.500
  1106   460.833 +0.536480 +0.582033 0.722
  1107   461.250 -1.089552 -0.834331 0.556
  1108   461.667 +1.372855 -0.137422 0.500
  1109   462.083 +0.571184 -0.530331 0.667
  1110   462.500 -1.074970 +0.442923 0.556
  1111   462.917 -0.586228 +0.073019 0.556
  1112   463.333 -0.909285 +0.256576 0.611
  1113   463.750 +0.756084 -0.622634 0.556
  1114   464.167 +0.059997 -0.000163 0.611
  1115   464.583 -0.229333 +0.579469 0.611
  1116   465.000 +0.597671 -0.774118 0.611
  1117   465.417 +0.984056 +0.699407 0.556
  1118   465.833 -0.476634 +0.260429 0.611
  1119   466.250 -0.371887 -1.400053 0.611
  1120   466.667 -0.884408 +0.906326 0.500
  1121   467.083 -0.674110 +0.147983 0.556
  1122   467.500 +1.289165 +0.117452 0.556
  1123   467.917 +0.963126 +0.449039 0.556
  1124   468.333 +0.805342 -0.375746 0.556
  1125   468.750 -1.027431 -0.898903 0.556
  1126   469.167 -1.447161 +0.184964 0.500
  1127   469.583 +0.573314 +1.197486 0.500
  1128   470.000 -0.025770 -0.211572 0.500
  1129   470.417 -0.950808 -0.572820 0.500
  1130   470.833 +1.561991 -1.180694 0.556
  1131   471.250 -0.179023 +0.620343 0.556
  1132   471.667 +0.049431 +0.824366 0.611
  1133   472.083 +0.668893 -0.404122 0.500
  1134   472.500 -0.793437 +1.083585 0.500
  1135   472.917 -0.008529 -0.552106 0.611
  1136   473.333 +0.629086 +0.103322 0.556
  1137   473.750 -0.907189 -1.662139 0.556
  1138   474.167 -0.454231 +0.781156 0.611
  1139   474.583 +0.169149 -0.272092 0.611
  1140   475.000 -0.183814 -0.101546 0.611
  1141   475.417 +0.561898 +1.248913 0.556
  1142   475.833 +0.066330 +0.912250 0.611
  1143   476.250 -0.211078 -0.521678 0.611
  1144   476.667 +0.334585 -1.318031 0.556
  1145   477.083 -0.212391 -0.274382 0.500
  1146   477.500 +0.044488 +1.537838 0.500
  1147   477.917 +1.185831 -0.582796 0.556
  1148   478.333 -0.732537 -0.888218 0.556
  1149   478.750 +0.496193 +0.079409 0.556
  1150   479.167 -0.069993 +0.180415 0.556
  1151   479.583 -0.344530 +0.774434 0.556
  1152   480.000 -0.808277 -0.462005 0.500
  1153   480.417 -0.785385 -0.311103 0.611
  1154   480.833 -0.527064 +0.402512 0.611
  1155   481.250 +0.981953 +0.128542 0.556
  1156   481.667 +0.852968 -0.263389 0.556
  1157   482.083 -0.014234 +0.489801 0.500
  1158   482.500 +1.150553 -0.221547 0.556
  1159   482.917 -0.813169 +0.662719 0.667
  1160   483.333 -1.334010 -0.388287 0.556
  1161   483.750 +0.067292 -0.662280 0.556
  1162   484.167 +0.921148 -0.730033 0.667
  1163   484.583 +0.556016 +0.183101 0.611
  1164   485.000 -0.429810 +1.432934 0.500
  1165   485.417 -0.084362 -0.733327 0.611
  1166   485.833 -0.222200 -0.049960 0.611
  1167   486.250 -0.314173 +1.253551 0.500
  1168   486.667 +0.171420 -0.847395 0.556
  1169   487.083 +0.447691 -1.041579 0.556
  1170   487.500 -0.085283 +0.100037 0.556
  1171   487.917 -0.308975 +1.063984 0.500
  1172   488.333 -0.455076 -0.800889 0.556
  1173   488.750 +0.149862 +0.037725 0.667
  1174   489.167 +1.129087 +1.145992 0.500
  1175   489.583 +0.299017 -0.784864 0.611
  1176   490.000 -0.391086 +0.719749 0.722
  1177   490.417 -0.992178 -0.273459 0.500
  1178   490.833 -0.093100 -0.427432 0.667
  1179   491.250 +0.068579 -0.242226 0.722
  1180   491.667 -0.853266 +0.212728 0.500
  1181   492.083 +1.014011 -1.038463 0.722
  1182   492.500 +0.784510 +0.387685 0.778
  1183   492.917 -0.048533 +0.578217 0.556
  1184   493.333 -0.057092 +0.673161 0.611
  1185   493.750 +0.108147 +0.340458 0.722
  1186   494.167 +0.362104 -0.750758 0.500
  1187   494.583 -1.597861 +0.030603 0.556
  1188   495.000 -0.014308 -0.268860 0.667
  1189   495.417 -0.558677 -0.429639 0.556
  1190   495.833 +0.725423 +0.657593 0.500
  1191   496.250 +0.850926 -0.501749 0.667
  1192   496.667 +0.873824 +0.220519 0.556
  1193   497.083 +0.109886 +0.927092 0.556
  1194   497.500 -1.144632 -1.157729 0.611
  1195   497.917 -0.354004 +0.324437 0.556
  1196   498.333 +0.327281 -0.335892 0.611
  1197   498.750 +0.134710 -0.318755 0.556
  1198   499.167 -0.787449 +0.353350 0.556
  1199   499.583 -0.717518 +0.327455 0.667
  1200   500.000 +1.318747 -0.035655 0.500
  1201   500.417 +0.364845 +0.678490 0.667
  1202   500.833 -0.646647 +0.746307 0.500
  1203   501.250 -0.036208 -0.391830 0.611
  1204   501.667 +0.239419 -1.558237 0.611
  1205   502.083 -0.726809 -0.216529 0.500
  1206   502.500 +0.820186 +0.864503 0.611
  1207   502.917 +0.995954 -0.447554 0.556
  1208   503.333 -0.812753 -0.980816 0.500
  1209   503.750 -0.887993 +1.080551 0.556
  1210   504.167 +1.286646 +0.064942 0.500
  1211   504.583 -0.081009 -0.419188 0.556
  1212   505.000 -0.296296 +1.735130 0.500
  1213   505.417 -0.550359 +0.691107 0.500
  1214   505.833 +0.049073 -0.810332 0.556
  1215   506.250 +0.115515 -1.103653 0.556
  1216   506.667 -1.018392 -0.108056 0.611
  1217   507.083 +0.491591 +0.275840 0.556
  1218   507.500 +1.498353 -1.345937 0.556
  1219   507.917 -0.638799 -0.523820 0.667
  1220   508.333 +0.181912 +1.003947 0.611
  1221   508.750 +0.138956 +0.940037 0.556
  1222   509.167 -1.167357 +0.243526 0.556
  1223   509.583 +0.333885 -0.168065 0.556
  1224   510.000 -0.068442 +1.224326 0.556
  1225   510.417 +0.585792 -0.507924 0.500
  1226   510.833 -0.201277 -1.019937 0.500
  1227   511.250 -0.945988 +0.293297 0.500
  1228   511.667 +1.325865 +0.468763 0.500
  1229   512.083 +0.819570 -0.458096 0.500
  1230   512.500 -0.289122 -0.861585 0.500
  1231   512.917 -0.349211 -0.814255 0.556
  1232   513.333 -0.799000 +1.199829 0.500
  1233   513.750 -0.519873 +0.526125 0.500
  1234   514.167 -0.603595 -0.787016 0.611
  1235   514.583 +0.728651 +0.925441 0.556
  1236   515.000 +0.954507 -0.327504 0.556
  1237   515.417 -0.608421 -0.472417 0.611
  1238   515.833 +0.261767 +0.214199 0.611
  1239   516.250 +0.410751 +0.323612 0.611
  1240   516.667 -0.450057 +0.371663 0.556
  1241   517.083 +0.033613 +0.547794 0.611
  1242   517.500 +0.921416 -1.372340 0.667
  1243   517.917 -0.353200 +0.102449 0.556
  1244   518.333 +0.627600 +0.511644 0.556
  1245   518.750 -1.397351 -0.741520 0.667
  1246   519.167 -0.173542 +0.237721 0.556
  1247   519.583 +0.173153 +0.563679 0.500
  1248   520.000 +0.044687 +0.515888 0.667
  1249   520.417 -0.595878 -1.409243 0.500
  1250   520.833 -0.593430 -0.491062 0.556
  1251   521.250 +0.956826 +0.972188 0.722
  1252   521.667 +0.493853 -0.628683 0.556
  1253   522.083 +0.368502 +1.067019 0.722
  1254   522.500 +0.099003 +0.642112 0.611
  1255   522.917 -0.469323 -0.612104 0.500
  1256   523.333 -0.207795 -0.040319 0.722
  1257   523.750 +0.506620 -1.245632 0.556
  1258   524.167 +1.297753 +0.112258 0.556
  1259   524.583 -0.621682 +0.653852 0.611
  1260   525.000 -1.504587 -0.139085 0.611
  1261   525.417 -0.933375 +0.163291 0.500
  1262   525.833 +0.176395 +1.525220 0.611
  1263   526.250 +0.293012 -0.479372 0.611
  1264   526.667 +1.098874 -0.520395 0.500
  1265   527.083 +0.351030 -1.372073 0.611
  1266   527.500 -0.118969 +0.393840 0.556
  1267   527.917 +0.040900 -0.727517 0.556
  1268   528.333 -1.321753 +0.226142 0.500
  1269   528.750 +0.984460 +1.023860 0.611
  1270   529.167 +0.133503 -0.714985 0.556
  1271   529.583 +0.055831 +1.375492 0.556
  1272   530.000 -0.152232 +0.964633 0.667
  1273   530.417 -0.933998 -0.234322 0.500
  1274   530.833 +0.127130 -0.843618 0.500
  1275   531.250 -0.151064 -0.391997 0.611
  1276   531.667 +1.495759 -0.648034 0.500
  1277   532.083 -0.172902 -0.492334 0.556
  1278   532.500 +0.310433 -0.538045 0.500
  1279   532.917 -0.862500 +1.092777 0.611
  1280   533.333 -0.225788 +0.413783 0.500
  1281   533.750 +0.147101 +0.041455 0.500
  1282   534.167 -0.111384 +0.214509 0.556
  1283   534.583 -0.154122 +0.059878 0.556
  1284   535.000 +1.329255 -0.396635 0.500
  1285   535.417 -0.316588 +1.025447 0.500
  1286   535.833 -1.370353 -0.389892 0.611
  1287   536.250 +0.186943 -0.863205 0.500
  1288   536.667 -0.951548 +0.248093 0.556
  1289   537.083 +0.612622 -0.198875 0.611
  1290   537.500 +0.875628 -0.198443 0.556
  1291   537.917 +0.168063 +0.321466 0.556
  1292   538.333 -0.132592 +0.687141 0.611
  1293   538.750 +0.982612 +0.009586 0.611
  1294   539.167 +0.681905 -0.521505 0.500
  1295   539.583 -0.286265 -0.469796 0.611
  1296   540.000 -1.400560 +0.067270 0.611
  1297   540.417 -0.811119 -0.887091 0.500
  1298   540.833 +0.502807 +0.648721 0.556
  1299   541.250 -0.769962 +1.054935 0.611
  1300   541.667 +0.439164 +0.119693 0.556
  1301   542.083 -0.419124 -0.247849 0.556
  1302   542.500 +1.227724 +1.009367 0.611
  1303   542.917 +0.659197 -0.823765 0.556
  1304   543.333 -0.168419 -0.828026 0.556
  1305   543.750 -1.497642 -0.413420 0.667
  1306   544.167 +0.476626 +0.890067 0.611
  1307   544.583 +0.758804 -0.300987 0.556
  1308   545.000 -0.543555 -0.607932 0.611
  1309   545.417 +0.220837 +0.278667 0.667
  1310   545.833 +0.673940 +1.032795 0.611
  1311   546.250 +0.671144 -0.319794 0.556
  1312   546.667 -1.168655 +0.554379 0.500
  1313   547.083 -0.821002 -1.172883 0.500
  1314   547.500 -1.044269 -0.018327 0.500
  1315   547.917 +0.422269 +0.475716 0.500
  1316   548.333 +0.743492 +0.708547 0.500
  1317   548.750 +0.256938 -1.143862 0.556
  1318   549.167 +1.019579 -0.475315 0.556
  1319   549.583 +0.824687 +0.433891 0.556
  1320   550.000 -0.407103 +1.112284 0.611
  1321   550.417 -1.078390 -0.362382 0.611
  1322   550.833 -1.455563 -0.722944 0.667
  1323   551.250 -0.377704 +0.750643 0.556
  1324   551.667 +1.147366 -0.043811 0.611
  1325   552.083 +0.861323 -0.710596 0.667
  1326   552.500 +0.913201 -0.367285 0.556
  1327   552.917 -0.651996 +0.882067 0.667
  1328   553.333 -0.802107 +0.787899 0.722
  1329   553.750 -0.215140 -0.976970 0.556
  1330   554.167 +0.090112 +0.882312 0.500
  1331   554.583 -0.271207 -0.711612 0.611
  1332   555.000 -0.056089 -0.625833 0.500
  1333   555.417 +1.180931 -0.267723 0.500
  1334   555.833 -0.302718 +1.431688 0.667
  1335   556.250 -0.073583 -0.079736 0.611
  1336   556.667 -0.151330 -1.251699 0.611
  1337   557.083 +0.683938 +0.349276 0.556
  1338   557.500 -0.135660 -0.275393 0.611
  1339   557.917 -0.502677 +0.523482 0.611
  1340   558.333 -0.134201 +0.011191 0.556
  1341   558.750 -0.264806 -0.259013 0.556
  1342   559.167 -0.732029 +1.059413 0.611
  1343   559.583 -0.101305 -0.216550 0.611
  1344   560.000 +1.238223 -0.405273 0.500
  1345   560.417 -0.731545 +0.087849 0.611
  1346   560.833 +1.443605 -0.049830 0.667
  1347   561.250 +1.113391 +0.071101 0.556
  1348   561.667 -0.671086 -0.052367 0.500
  1349   562.083 -0.560942 -0.671451 0.611
  1350   562.500 -1.192861 +0.420804 0.556
  1351   562.917 -0.122521 -0.909510 0.556
  1352   563.333 -0.923821 +1.105920 0.556
  1353   563.750 +0.457946 +0.125839 0.556
  1354   564.167 +1.179996 +0.514287 0.556
  1355   564.583 +1.089277 +0.230507 0.556
  1356   565.000 -0.776292 -0.898954 0.556
  1357   565.417 -0.200078 -0.825712 0.556
  1358   565.833 -0.379402 -0.100025 0.556
  1359   566.250 +1.183501 +0.788813 0.500
  1360   566.667 -1.348120 -0.706568 0.556
  1361   567.083 -0.299258 +0.956051 0.556
  1362   567.500 +0.889524 +0.271460 0.611
  1363   567.917 -0.762748 -0.486389 0.556
  1364   568.333 +0.915331 -0.227022 0.556
  1365   568.750 +0.638439 +0.203653 0.667
  1366   569.167 -1.110040 +0.278630 0.556
  1367   569.583 -0.245759 -0.358384 0.556
  1368   570.000 +0.132295 +0.258973 0.722
  1369   570.417 -0.157065 +0.276592 0.500
  1370   570.833 +0.517019 -0.302107 0.667
  1371   571.250 +0.425398 -0.495894 0.611
  1372   571.667 -0.294619 +1.504091 0.611
  1373   572.083 -0.693996 +0.133746 0.611
  1374   572.500 +0.106251 -0.974753 0.556
  1375   572.917 -0.046078 -0.930011 0.611
  1376   573.333 +0.776427 -0.303826 0.556
  1377   573.750 +0.595574 -0.581867 0.556
  1378   574.167 -1.188094 -0.114105 0.500
  1379   574.583 -0.228040 +1.560480 0.611
  1380   575.000 +0.671953 +0.186760 0.500
  1381   575.417 -0.330488 +1.011136 0.500
  1382   575.833 -0.399419 -0.301462 0.611
  1383   576.250 +0.771424 -0.635661 0.500
  1384   576.667 +0.794324 +0.062650 0.500
  1385   577.083 -0.635049 -0.786812 0.611
  1386   577.500 -1.459362 +1.459312 0.556
  1387   577.917 +0.256249 +0.112060 0.500
  1388   578.333 +0.118120 -1.060262 0.611
  1389   578.750 +0.114288 -0.905146 0.556
  1390   579.167 +0.136657 +1.137795 0.556
  1391   579.583 +0.311748 +0.380532 0.667
  1392   580.000 +0.430132 -0.862196 0.556
  1393   580.417 +0.716263 -0.656347 0.556
  1394   580.833 +0.604589 +0.238856 0.722
  1395   581.250 -0.391218 -0.020046 0.611
  1396   581.667 -1.534050 -0.030629 0.556
  1397   582.083 -0.353422 +1.333575 0.667
  1398   582.500 +0.257807 -0.427727 0.611
  1399   582.917 -0.152029 +0.959286 0.611
  1400   583.333 -0.765537 -0.145680 0.611
  1401   583.750 +1.020566 -0.463128 0.667
  1402   584.167 +0.033327 -0.754434 0.611
  1403   584.583 +0.382253 -0.381214 0.667
  1404   585.000 -0.314442 +0.684474 0.778
  1405   585.417 +0.208933 +0.329643 0.667
  1406   585.833 +0.203867 -1.023817 0.667
  1407   586.250 -0.628598 +0.834509 0.778
  1408   586.667 +0.360168 +0.071205 0.667
  1409   587.083 +0.735515 -0.138930 0.667
  1410   587.500 +0.302806 -0.976708 0.778
  1411   587.917 -0.823200 +0.876064 0.667
  1412   588.333 -0.273614 -0.948570 0.611
  1413   588.750 -0.136689 +0.293162 0.778
  1414   589.167 -0.238461 +1.314076 0.667
  1415   589.583 +0.541051 +0.620481 0.500
  1416   590.000 -0.783051 -0.207398 0.667
  1417   590.417 +0.533829 -1.557046 0.500
  1418   590.833 +0.110491 +0.063998 0.556
  1419   591.250 -0.020362 -0.138616 0.611
  1420   591.667 -0.751930 -0.040617 0.611
  1421   592.083 +1.314484 +0.234703 0.611
  1422   592.500 +0.387719 +1.418783 0.556
  1423   592.917 -0.791941 +0.304662 0.667
  1424   593.333 -0.660961 -1.414393 0.611
  1425   593.750 +0.700794 -0.342116 0.556
  1426   594.167 +0.552705 +0.583351 0.667
  1427   594.583 -1.190631 -0.723159 0.500
  1428   595.000 +0.177261 +0.122737 0.500
  1429   595.417 -0.491743 -0.195285 0.667
  1430   595.833 +1.115667 -0.130719 0.556
  1431   596.250 +0.260481 +0.479306 0.611
  1432   596.667 +0.585681 +0.537179 0.778
  1433   597.083 -1.040927 +0.309112 0.556
  1434   597.500 -1.091372 +0.363878 0.500
  1435   597.917 +0.270407 -0.546778 0.667
  1436   598.333 +0.547305 -0.773227 0.556
  1437   598.750 -0.674093 +0.492123 0.556
  1438   599.167 +0.559957 +0.381859 0.611
  1439   599.583 +0.425673 -0.656679 0.611
  1440   600.000 +0.970455 +0.979095 0.556
  1441   600.417 +0.081905 -1.060341 0.556
  1442   600.833 -1.591041 -0.639424 0.667
  1443   601.250 +0.226811 +0.161052 0.556
  1444   601.667 -0.391793 +0.061771 0.500
  1445   602.083 +1.061397 -0.022323 0.722
  1446   602.500 -0.498324 +0.337214 0.611
  1447   602.917 -0.726535 +0.815474 0.500
  1448   603.333 +1.226227 -0.044388 0.722
  1449   603.750 -0.290631 +0.341481 0.611
  1450   604.167 -1.317858 +0.054182 0.556
  1451   604.583 +0.402188 -0.278066 0.722
  1452   605.000 +0.173772 -0.592134 0.611
  1453   605.417 +0.949154 +0.145679 0.556
  1454   605.833 +0.644699 -0.300453 0.667
  1455   606.250 -0.764830 -0.626808 0.500
  1456   606.667 +0.183726 +1.137052 0.611
  1457   607.083 -0.400513 -1.171805 0.722
  1458   607.500 -0.263845 +0.777940 0.500
  1459   607.917 -0.799568 +0.528964 0.667
  1460   608.333 +1.399506 -0.196110 0.722
  1461   608.750 -0.839038 -0.252080 0.556
  1462   609.167 -1.297111 -0.328178 0.611
  1463   609.583 +1.403593 -0.194295 0.556
  1464   610.000 +0.967163 -0.193635 0.556
  1465   610.417 +0.703384 +0.055349 0.611
  1466   610.833 -1.007609 +0.855313 0.500
  1467   611.250 +0.473152 +0.550647 0.667
  1468   611.667 -0.874961 +0.207236 0.611
  1469   612.083 -0.602687 +0.035017 0.556
  1470   612.500 +0.745779 -0.616979 0.611
  1471   612.917 -1.157995 -0.274114 0.556
  1472   613.333 +0.862286 +0.522199 0.556
  1473   613.750 +0.172024 -0.945172 0.500
  1474   614.167 -0.817970 -0.298671 0.556
  1475   614.583 +0.609869 -0.478259 0.556
  1476   615.000 +0.504124 -0.336951 0.500
  1477   615.417 -0.974105 +1.328349 0.667
  1478   615.833 +0.834262 +0.818671 0.611
  1479   616.250 +0.831795 -0.643404 0.556
  1480   616.667 -0.432990 +0.811687 0.667
  1481   617.083 +0.694353 -0.969966 0.500
  1482   617.500 -1.074170 +0.215919 0.556
  1483   617.917 +0.558762 +0.819591 0.778
  1484   618.333 -0.572172 -0.942924 0.556
  1485   618.750 -1.142177 +0.612566 0.611
  1486   619.167 -0.900638 -0.483242 0.778
  1487   619.583 +0.855739 -0.925494 0.556
  1488   620.000 -0.014143 -0.150157 0.611
  1489   620.417 +0.392701 +0.226230 0.722
  1490   620.833 +0.840567 +0.658140 0.500
  1491   621.250 +1.216046 -0.015936 0.556
  1492   621.667 +0.170831 +0.632299 0.667
  1493   622.083 -0.479255 -1.197969 0.611
  1494   622.500 -0.749035 +1.106077 0.556
  1495   622.917 -0.981488 -0.117120 0.667
  1496   623.333 -0.144682 +0.444256 0.667
  1497   623.750 +1.465477 +0.017936 0.556
  1498   624.167 -1.346529 -0.242994 0.611
  1499   624.583 +0.063544 -0.058130 0.667
  1500   625.000 -0.137218 -0.267797 0.500
  1501   625.417 +0.482120 -0.243796 0.556
  1502   625.833 +1.255183 -0.365999 0.778
  1503   626.250 -0.657809 -0.711615 0.500
  1504   626.667 -0.629576 -0.051741 0.556
  1505   627.083 +0.046958 +0.192039 0.722
  1506   627.500 -0.046613 +0.137150 0.611
  1507   627.917 +0.297399 +1.321813 0.611
  1508   628.333 -0.570301 -0.439131 0.722
  1509   628.750 +1.226738 +0.382953 0.611
  1510   629.167 -0.429864 +1.033029 0.667
  1511   629.583 +0.071502 -0.169421 0.722
  1512   630.000 +0.198210 -1.141816 0.556
  1513   630.417 -0.604660 +0.040791 0.722
  1514   630.833 +0.325539 +0.196738 0.722
  1515   631.250 -0.562116 -0.588086 0.500
  1516   631.667 +0.866187 +0.059267 0.667
  1517   632.083 -0.839118 -0.179279 0.722
  1518   632.500 -0.765896 -0.513720 0.500
  1519   632.917 +0.133681 -0.452585 0.611
  1520   633.333 +0.632866 +0.926424 0.667
  1521   633.750 +0.219874 +0.909357 0.500
  1522   634.167 +0.801362 -1.036896 0.667
  1523   634.583 +0.072687 +1.028027 0.722
  1524   635.000 +0.072189 +0.725579 0.667
  1525   635.417 -0.495723 -1.002523 0.500
  1526   635.833 -0.436128 -0.376883 0.611
  1527   636.250 +0.306624 +1.009799 0.611
  1528   636.667 -1.137597 -1.287633 0.556
  1529   637.083 -0.476276 -0.089324 0.611
  1530   637.500 +1.118123 -0.481661 0.556
  1531   637.917 +0.659977 +0.379447 0.611
  1532   638.333 -0.009274 +0.836589 0.611
  1533   638.750 -0.409286 +0.749898 0.500
  1534   639.167 -0.008926 +0.303049 0.611
  1535   639.583 +0.170134 -1.264690 0.556
  1536   640.000 -0.665536 -1.311475 0.556
  1537   640.417 +0.500535 +1.122071 0.556
  1538   640.833 +1.116055 +0.382479 0.611
  1539   641.250 -0.213099 -0.253573 0.556
  1540   641.667 -0.916157 -0.757563 0.611
  1541   642.083 -0.230169 +0.893838 0.611
  1542   642.500 -0.617554 +0.688061 0.667
  1543   642.917 +0.217396 -0.904767 0.500
  1544   643.333 +0.450000 +0.287144 0.722
  1545   643.750 -0.632109 -0.280164 0.556
  1546   644.167 +1.443496 -0.305845 0.556
  1547   644.583 -0.123104 +0.520683 0.667
  1548   645.000 -0.715583 +0.988375 0.556
  1549   645.417 +0.156267 -0.929352 0.556
  1550   645.833 +0.789683 -0.675790 0.667
  1551   646.250 -0.545705 -0.267334 0.500
  1552   646.667 +0.277621 -0.028457 0.611
  1553   647.083 -0.338634 +1.877459 0.611
  1554   647.500 +0.504119 -0.068913 0.556
  1555   647.917 -0.604132 -0.740804 0.667
  1556   648.333 -1.016057 -0.430175 0.556
  1557   648.750 +0.586841 -0.634643 0.611
  1558   649.167 +0.946367 +0.321196 0.722
  1559   649.583 -1.235719 -0.101932 0.556
  1560   650.000 +0.251000 +1.140947 0.556
  1561   650.417 -0.106453 -1.055163 0.722
  1562   650.833 +0.824324 +0.085691 0.667
  1563   651.250 +0.654282 +1.482396 0.611
  1564   651.667 -0.681910 -1.219715 0.611
  1565   652.083 -0.062701 +0.332332 0.611
  1566   652.500 +0.071147 +0.002536 0.556
  1567   652.917 -0.248924 -0.526078 0.611
  1568   653.333 +0.047255 +1.825499 0.667
  1569   653.750 -0.533850 -0.440776 0.556
  1570   654.167 +0.430357 -0.789502 0.556
  1571   654.583 +0.238588 -0.765661 0.667
  1572   655.000 +0.418900 -0.761764 0.611
  1573   655.417 -0.861116 +0.167640 0.500
  1574   655.833 -0.411509 +0.912383 0.667
  1575   656.250 +1.450095 +0.694354 0.667
  1576   656.667 -0.725234 -0.748961 0.611
  1577   657.083 -0.742034 +0.314125 0.611
  1578   657.500 +1.133178 +0.159975 0.556
  1579   657.917 -0.669409 -0.806260 0.556
  1580   658.333 -0.578177 +0.773710 0.611
  1581   658.750 +0.739566 -0.052471 0.556
  1582   659.167 -0.496739 +0.328003 0.556
  1583   659.583 -0.093828 +0.317653 0.667
  1584   660.000 +1.540988 -0.226652 0.500
  1585   660.417 +0.112870 -1.101310 0.500
  1586   660.833 +0.001624 +0.378619 0.611
  1587   661.250 -0.120312 +0.437505 0.500
  1588   661.667 -1.353798 -0.149602 0.500
  1589   662.083 +0.090030 -0.788774 0.556
  1590   662.500 +0.835516 +0.977748 0.611
  1591   662.917 -1.105904 -0.454490 0.667
  1592   663.333 -0.303679 -0.713862 0.611
  1593   663.750 +0.642321 +1.149920 0.556
  1594   664.167 -0.110379 -0.106820 0.667
  1595   664.583 -0.465369 -0.724394 0.556
  1596   665.000 +0.175880 +1.190927 0.556
  1597   665.417 +0.995022 -0.854700 0.611
  1598   665.833 +0.428277 +0.191333 0.500
  1599   666.250 +0.814818 +0.273129 0.611
  1600   666.667 +0.742412 -0.499615 0.611
  1601   667.083 -1.719214 +0.105549 0.500
  1602   667.500 -1.071017 +0.075406 0.611
  1603   667.917 -0.458274 +1.223501 0.667
  1604   668.333 -0.369046 -0.491469 0.500
  1605   668.750 +0.582053 -0.947355 0.611
  1606   669.167 -0.665549 -0.275758 0.722
  1607   669.583 +1.349752 +0.006307 0.556
  1608   670.000 -0.015927 +0.302398 0.500
  1609   670.417 +0.806650 -0.543576 0.556
  1610   670.833 +1.064591 +1.426569 0.556
  1611   671.250 -0.834587 +0.009690 0.556
  1612   671.667 -0.506667 -0.348614 0.611
  1613   672.083 -0.293369 +0.482263 0.556
  1614   672.500 -0.755790 -1.326792 0.500
  1615   672.917 +0.031635 +0.960150 0.667
  1616   673.333 +0.570981 -0.411895 0.556
  1617   673.750 -1.088626 -0.527604 0.556
  1618   674.167 +1.174432 -0.469794 0.667
  1619   674.583 -0.348528 +0.151552 0.500
  1620   675.000 -0.377782 +0.713955 0.611
  1621   675.417 +0.721850 +0.062934 0.556
  1622   675.833 +0.358621 -0.284047 0.500
  1623   676.250 -0.156211 +1.182705 0.611
  1624   676.667 +0.198973 +0.748130 0.556
  1625   677.083 -0.012366 -1.090983 0.611
  1626   677.500 -0.620920 +0.566817 0.556
  1627   677.917 +0.675284 +0.170490 0.556
  1628   678.333 -0.955473 -1.459380 0.556
  1629   678.750 +0.581334 -0.029850 0.611
  1630   679.167 -0.404284 -1.106622 0.556
  1631   679.583 +0.223976 -0.658217 0.500
  1632   680.000 -0.101837 +1.197409 0.667
  1633   680.417 -0.407878 +0.991144 0.500
  1634   680.833 +0.271042 +0.250667 0.556
  1635   681.250 +0.074792 +0.613270 0.667
  1636   681.667 +1.087613 -0.883082 0.556
  1637   682.083 -0.811792 -0.597930 0.500
  1638   682.500 +0.297405 +0.461940 0.778
  1639   682.917 +0.458189 +0.263241 0.556
  1640   683.333 -1.696233 -0.122739 0.500
  1641   683.750 -0.034388 +0.026820 0.778
  1642   684.167 +0.746960 +0.428532 0.611
  1643   684.583 +0.340220 -0.192679 0.500
  1644   685.000 -0.658641 +0.165925 0.667
  1645   685.417 +0.119274 -0.831952 0.611
  1646   685.833 +0.933951 -0.166634 0.556
  1647   686.250 +0.280668 -0.169811 0.556
  1648   686.667 -0.581503 +1.015913 0.556
  1649   687.083 +0.005826 -0.366745 0.500
  1650   687.500 -0.906017 -0.783948 0.556
  1651   687.917 +0.620514 +0.520652 0.611
  1652   688.333 +0.712783 +0.996079 0.556
  1653   688.750 -0.243974 -0.776625 0.500
  1654   689.167 -1.534835 -0.181120 0.611
  1655   689.583 -0.297501 +0.065829 0.611
  1656   690.000 +0.682414 +0.584885 0.500
  1657   690.417 +1.141848 -0.302993 0.611
  1658   690.833 +0.419570 -0.793432 0.556
  1659   691.250 -0.736186 +0.135412 0.500
  1660   691.667 +0.211820 +1.286591 0.611
  1661   692.083 -0.063678 -0.643425 0.556
  1662   692.500 -1.678070 -0.363794 0.556
  1663   692.917 +1.365493 -0.011156 0.500
  1664   693.333 +0.557330 +0.624532 0.556
  1665   693.750 -0.435611 +1.019232 0.556
  1666   694.167 +0.510663 -1.153366 0.611
  1667   694.583 -1.091649 -0.950335 0.500
  1668   695.000 +0.869096 +0.368146 0.500
  1669   695.417 -0.244806 +0.390320 0.556
  1670   695.833 +0.045972 -0.299361 0.500
  1671   696.250 +0.479452 +0.610688 0.500
  1672   696.667 -1.385945 -0.581451 0.500
  1673   697.083 +0.370277 -0.267173 0.556
  1674   697.500 -0.372259 -0.263635 0.611
  1675   697.917 +0.414204 +1.019480 0.611
  1676   698.333 -0.302649 +0.379508 0.556
  1677   698.750 -0.257300 -0.390959 0.556
  1678   699.167 +0.801007 +0.156595 0.556
  1679   699.583 +0.676784 -0.676012 0.556
  1680   700.000 +0.342996 +0.218216 0.500
  1681   700.417 -0.742514 -0.229362 0.500
  1682   700.833 +0.695883 +0.531708 0.556
  1683   701.250 -0.395533 -0.042082 0.611
  1684   701.667 +0.145681 +0.213439 0.611
  1685   702.083 -1.395268 +0.160774 0.556
  1686   702.500 +0.388156 +0.349229 0.611
  1687   702.917 +0.630506 -1.278382 0.611
  1688   703.333 -0.999086 -0.423123 0.611
  1689   703.750 -0.211104 -0.691113 0.611
  1690   704.167 +0.729180 +0.643546 0.611
  1691   704.583 -0.321546 +0.405970 0.556
  1692   705.000 -0.425249 +0.162015 0.500
  1693   705.417 +0.800665 +1.377033 0.556
  1694   705.833 +0.612657 -0.424710 0.667
  1695   706.250 +0.667478 +0.265382 0.611
  1696   706.667 +0.026531 -0.498724 0.556
  1697   707.083 -0.659521 -0.516420 0.556
  1698   707.500 -0.111974 -0.664723 0.556
  1699   707.917 -0.093284 +0.165787 0.556
  1700   708.333 -0.758534 +0.626217 0.500
  1701   708.750 -1.108446 +0.524927 0.556
  1702   709.167 -0.213801 -0.100318 0.556
  1703   709.583 +1.302567 -0.641774 0.500
  1704   710.000 +1.306872 -0.180790 0.556
  1705   710.417 +0.565268 +0.616100 0.611
  1706   710.833 -0.567686 -1.345075 0.556
  1707   711.250 -0.783353 +0.007450 0.556
  1708   711.667 +0.234955 +1.002253 0.667
  1709   712.083 -1.408205 -0.025981 0.500
  1710   712.500 +0.336650 +0.680461 0.500
  1711   712.917 +0.684032 -0.379747 0.556
  1712   713.333 -0.133222 -0.397592 0.556
  1713   713.750 +0.851151 +0.729787 0.611
  1714   714.167 +0.051938 +0.593365 0.667
  1715   714.583 -0.627687 -1.108193 0.500
  1716   715.000 -0.318358 -0.711636 0.611
  1717   715.417 +1.190199 +0.186241 0.778
  1718   715.833 -0.808699 +0.936532 0.556
  1719   716.250 -1.320720 -0.297384 0.556
  1720   716.667 +1.227469 +0.180263 0.722
  1721   717.083 -0.373010 -0.924430 0.500
  1722   717.500 +0.083284 +0.415938 0.611
  1723   717.917 +0.119342 -0.038450 0.722
  1724   718.333 +0.118989 +0.024997 0.556
  1725   718.750 +0.253411 +0.177488 0.611
  1726   719.167 +0.470951 +0.752278 0.667
  1727   719.583 +0.180722 -1.608993 0.556
  1728   720.000 -0.737738 +0.555413 0.667
  1729   720.417 -0.315122 +0.237666 0.667
  1730   720.833 -0.606907 -0.506236 0.611
  1731   721.250 +0.670711 +1.036439 0.556
  1732   721.667 +0.163504 +0.744320 0.556
  1733   722.083 +0.583066 +0.077836 0.611
  1734   722.500 -0.560783 -1.721196 0.556
  1735   722.917 +0.111527 -0.434167 0.556
  1736   723.333 -0.041978 +1.033554 0.556
  1737   723.750 -1.438139 +0.283162 0.556
  1738   724.167 -0.011649 -0.829587 0.500
  1739   724.583 +1.428925 -0.356771 0.667
  1740   725.000 +0.293006 +0.791671 0.667
  1741   725.417 -0.060435 -0.881998 0.611
  1742   725.833 +0.803607 +0.417033 0.556
  1743   726.250 -1.315636 +0.700616 0.556
  1744   726.667 +0.203036 +0.669128 0.500
  1745   727.083 +0.293396 -0.238674 0.611
  1746   727.500 -0.803910 -0.839278 0.611
  1747   727.917 +0.496871 +0.064792 0.500
  1748   728.333 -0.174813 -0.289965 0.611
  1749   728.750 +1.020332 +0.764780 0.556
  1750   729.167 -1.086589 -0.928311 0.500
  1751   729.583 +0.030173 +0.013714 0.556
  1752   730.000 -0.064227 -0.290631 0.556
  1753   730.417 -0.681240 +0.807095 0.556
  1754   730.833 +1.548852 +0.756339 0.611
  1755   731.250 +0.459526 -0.672750 0.500
  1756   731.667 -1.061031 -0.650571 0.556
  1757   732.083 -1.332250 +1.484325 0.500
  1758   732.500 +0.181676 -0.417750 0.667
  1759   732.917 +0.844222 -0.770936 0.556
  1760   733.333 +0.555712 -0.614817 0.611
  1761   733.750 +0.708278 +0.691721 0.556
  1762   734.167 +0.021294 +0.042346 0.556
  1763   734.583 -0.752050 +1.132127 0.556
  1764   735.000 +0.019230 -0.193373 0.500
  1765   735.417 +0.378672 -1.115585 0.556
  1766   735.833 -0.870393 -0.361018 0.500
  1767   736.250 -0.938687 -0.477534 0.556
  1768   736.667 +0.705709 +0.330428 0.500
  1769   737.083 +0.703737 +0.457528 0.556
  1770   737.500 -0.091017 +1.022292 0.667
  1771   737.917 -0.109057 -0.906668 0.611
  1772   738.333 -0.157322 +1.424543 0.500
  1773   738.750 -0.207202 -0.778542 0.667
  1774   739.167 -0.883701 -0.471360 0.611
  1775   739.583 +1.423062 +0.378516 0.556
  1776   740.000 +0.829912 +0.243330 0.833
  1777   740.417 -0.917970 -0.647133 0.722
  1778   740.833 +0.684512 -0.576919 0.500
  1779   741.250 +0.070899 +1.108616 0.778
  1780   741.667 -0.271995 -1.214591 0.722
  1781   742.083 -1.225406 +0.032302 0.556
  1782   742.500 -0.679254 +0.974116 0.667
  1783   742.917 +0.451901 -0.901417 0.667
  1784   743.333 +1.049572 +0.572757 0.556
  1785   743.750 -0.573954 +0.730308 0.611
  1786   744.167 +0.445742 -0.071402 0.667
  1787   744.583 +1.020763 -0.471560 0.556
  1788   745.000 -0.795891 -0.548917 0.500
  1789   745.417 -0.781126 +0.119373 0.611
  1790   745.833 -0.096049 +0.949146 0.500
  1791   746.250 +0.242280 -0.699292 0.500
  1792   746.667 +1.577199 -0.280445 0.667
  1793   747.083 -0.400411 +1.010252 0.556
  1794   747.500 -0.695569 -0.622964 0.556
  1795   747.917 -0.665498 -0.335436 0.611
  1796   748.333 +0.134487 +0.207374 0.500
  1797   748.750 +1.314460 +0.733885 0.500
  1798   749.167 -1.030388 +0.080190 0.611
  1799   749.583 -0.574741 -0.123304 0.556
  1800   750.000 +0.360557 -1.683341 0.500
  1801   750.417 +0.155940 -0.266269 0.667
  1802   750.833 -0.704347 +0.759759 0.556
  1803   751.250 +0.292018 +0.114643 0.556
  1804   751.667 +0.505896 +1.050930 0.611
  1805   752.083 +1.337480 +0.417296 0.611
  1806   752.500 -0.262056 -0.515014 0.500
  1807   752.917 -0.012231 -0.544401 0.611
  1808   753.333 -0.549241 +0.409843 0.611
  1809   753.750 -1.206870 -0.567404 0.556
  1810   754.167 -0.173150 +0.555657 0.556
  1811   754.583 +1.277856 -0.126368 0.667
  1812   755.000 -0.151603 +0.098448 0.556
  1813   755.417 +0.290475 -1.179043 0.611
  1814   755.833 -1.074993 +0.328246 0.611
  1815   756.250 +0.357118 +1.326110 0.556
  1816   756.667 -0.729660 -0.781022 0.611
  1817   757.083 -0.107675 -0.764342 0.611
  1818   757.500 +1.174589 +0.901740 0.556
  1819   757.917 +0.487901 -0.472955 0.611
  1820   758.333 -0.255336 +0.078634 0.611
  1821   758.750 +0.903831 +1.530602 0.611
  1822   759.167 -0.686027 -0.618090 0.611
  1823   759.583 -0.549558 -0.237453 0.611
  1824   760.000 -0.443169 -0.245998 0.611
  1825   760.417 +1.261147 -0.247272 0.611
  1826   760.833 -0.405928 -0.947766 0.611
  1827   761.250 -0.870749 +0.480427 0.611
  1828   761.667 -0.000305 +0.805661 0.611
  1829   762.083 -0.310232 -0.819150 0.556
  1830   762.500 +0.156966 +0.210440 0.556
  1831   762.917 -0.495189 +0.303108 0.500
  1832   763.333 +1.630420 +0.185081 0.556
  1833   763.750 +0.523230 -0.609108 0.500
  1834   764.167 -0.465568 +1.316098 0.611
  1835   764.583 -0.942842 +0.899408 0.556
  1836   765.000 -0.086249 -0.840566 0.556
  1837   765.417 +0.736275 -0.607571 0.667
  1838   765.833 +0.680524 -0.534558 0.611
  1839   766.250 -0.772251 -0.254468 0.500
  1840   766.667 -0.650266 -0.093005 0.556
  1841   767.083 +0.250616 -0.485204 0.556
  1842   767.500 -0.049965 +0.937824 0.500
  1843   767.917 +0.263469 -0.133847 0.500
  1844   768.333 +0.160019 -0.819731 0.556
  1845   768.750 +0.178637 +1.093208 0.500
  1846   769.167 -0.395054 +0.707282 0.556
  1847   769.583 -1.088910 -0.136414 0.556
  1848   770.000 +0.885373 +0.535319 0.556
  1849   770.417 +1.150556 -0.567660 0.500
  1850   770.833 -0.645911 -0.690669 0.556
  1851   771.250 +0.700801 -0.017642 0.611
  1852   771.667 -0.764377 +0.640863 0.611
  1853   772.083 -0.565859 -0.829793 0.556
  1854   772.500 -0.045635 -0.534016 0.611
  1855   772.917 +0.100576 +0.532869 0.667
  1856   773.333 -0.571383 +0.832845 0.556
  1857   773.750 +1.254719 +0.548202 0.556
  1858   774.167 -0.404788 -0.698526 0.667
  1859   774.583 -0.157816 -0.806717 0.611
  1860   775.000 -0.175977 -0.849248 0.556
  1861   775.417 +1.174487 +0.805276 0.556
  1862   775.833 -0.277419 +0.126398 0.500
  1863   776.250 -0.854856 +1.105464 0.556
  1864   776.667 +0.644827 +0.448387 0.556
  1865   777.083 +0.003563 +0.031318 0.556
  1866   777.500 +0.091265 -0.128530 0.556
  1867   777.917 -0.508638 -0.979158 0.556
  1868   778.333 +0.728379 -1.044950 0.500
  1869   778.750 -0.848802 -0.737991 0.667
  1870   779.167 -0.410532 +0.743044 0.556
  1871   779.583 +0.404907 +0.994329 0.500
  1872   780.000 +0.441494 -0.513834 0.722
  1873   780.417 +0.268161 +0.587361 0.611
  1874   780.833 -0.865731 +0.889046 0.500
  1875   781.250 +0.235276 -0.240686 0.722
  1876   781.667 -0.124461 +0.344098 0.611
  1877   782.083 +0.283094 -0.764161 0.500
  1878   782.500 -1.328637 +0.089722 0.667
  1879   782.917 +1.137480 +0.243576 0.556
  1880   783.333 +0.488372 -0.786555 0.611
  1881   783.750 -0.567291 -0.989144 0.667
  1882   784.167 +1.604587 -0.096182 0.556
  1883   784.583 +0.218296 +0.062259 0.611
  1884   785.000 -0.477390 +1.031116 0.611
  1885   785.417 -0.464682 +0.105687 0.556
  1886   785.833 -1.145766 -0.269064 0.500
  1887   786.250 +0.277079 +0.873895 0.500
  1888   786.667 -0.839689 -0.153744 0.556
  1889   787.083 +0.529603 +0.070534 0.556
  1890   787.500 +0.335340 -0.157102 0.500
  1891   787.917 -1.225497 +0.289291 0.556
  1892   788.333 +0.789626 +0.560062 0.611
  1893   788.750 +0.768183 -1.373943 0.556
  1894   789.167 +1.222793 -0.106479 0.556
  1895   789.583 +0.354504 +0.481252 0.667
  1896   790.000 -1.204970 -0.732231 0.556
  1897   790.417 -0.602987 +0.103511 0.500
  1898   790.833 -0.759046 +0.440468 0.611
  1899   791.250 +0.869244 -1.157247 0.556
  1900   791.667 +0.943475 -0.418929 0.500
  1901   792.083 -0.945570 +0.949144 0.611
  1902   792.500 -0.654690 +0.720938 0.500
  1903   792.917 +1.120836 +1.030560 0.556
  1904   793.333 +0.093730 +0.915116 0.667
  1905   793.750 -0.652557 -0.825756 0.556
  1906   794.167 -0.577572 -0.963309 0.500
  1907   794.583 +0.058944 +0.543323 0.556
  1908   795.000 +0.518227 -1.430120 0.556
  1909   795.417 -0.620326 -0.355147 0.556
  1910   795.833 +1.119162 +0.775941 0.500
  1911   796.250 -0.252437 -0.189345 0.556
  1912   796.667 +0.175638 -0.011489 0.500
  1913   797.083 +0.062577 -0.212988 0.611
  1914   797.500 +0.729712 +0.502105 0.611
  1915   797.917 -1.274268 +0.211501 0.500
  1916   798.333 +1.069810 +0.308629 0.667
  1917   798.750 -0.274534 -0.494151 0.667
  1918   799.167 -0.755429 +0.250562 0.500
  1919   799.583 -0.745931 +0.089060 0.722
  1920   800.000 +0.334476 -0.563232 0.722
  1921   800.417 -0.579548 +0.823530 0.556
  1922   800.833 -0.089709 +0.226447 0.778
  1923   801.250 +0.924882 -0.237316 0.778
  1924   801.667 +0.634378 -0.619831 0.556
  1925   802.083 +0.572731 -0.010205 0.722
  1926   802.500 -0.178712 +0.176047 0.667
  1927   802.917 -0.257225 -0.331049 0.611
  1928   803.333 +0.239929 +0.799840 0.667
  1929   803.750 -0.159256 -1.148173 0.611
  1930   804.167 -0.931523 +0.021901 0.556
  1931   804.583 -0.471391 +0.259670 0.611
  1932   805.000 +0.709405 -0.855871 0.556
  1933   805.417 +0.148522 +1.135317 0.556
  1934   805.833 +0.154329 +0.987152 0.611
  1935   806.250 -0.784006 +0.648912 0.556
  1936   806.667 +1.339986 -0.678250 0.556
  1937   807.083 -0.655169 -0.484778 0.556
  1938   807.500 -0.348631 -0.348267 0.500
  1939   807.917 -0.000728 -1.728459 0.611
  1940   808.333 -0.099366 +0.378764 0.556
  1941   808.750 +0.421742 +1.450073 0.500
  1942   809.167 +0.738905 +0.619886 0.611
  1943   809.583 -0.138593 +0.093019 0.500
  1944   810.000 -1.161242 -0.457273 0.556
  1945   810.417 +0.594273 -0.127561 0.611
  1946   810.833 -0.443189 -0.099090 0.556
  1947   811.250 -0.263572 -0.209735 0.611
  1948   811.667 +0.175632 -1.333998 0.667
  1949   812.083 +1.035217 +0.698438 0.667
  1950   812.500 +0.744280 +0.454355 0.667
  1951   812.917 -0.874452 +0.489624 0.611
  1952   813.333 -1.358020 +0.110350 0.667
  1953   813.750 +0.382318 -0.325054 0.611
  1954   814.167 +1.219982 +0.457733 0.556
  1955   814.583 +0.026668 +0.128747 0.611
  1956   815.000 -1.045202 +0.134829 0.500
  1957   815.417 +0.681381 -0.486156 0.556
  1958   815.833 -1.095471 -1.115735 0.611
  1959   816.250 -0.630908 +0.607292 0.500
  1960   816.667 +1.039064 -0.322822 0.556
  1961   817.083 +1.407868 -0.664636 0.556
  1962   817.500 -0.437668 +0.679665 0.556
  1963   817.917 -1.413058 +1.168400 0.611
  1964   818.333 +0.268162 +0.439382 0.500
  1965   818.750 +1.570607 -0.235179 0.611
  1966   819.167 -0.263982 -0.710720 0.611
  1967   819.583 -0.211134 -0.763063 0.556
  1968   820.000 -0.799593 +0.121029 0.611
  1969   820.417 -0.176386 +0.367300 0.556
  1970   820.833 +0.367098 +0.653738 0.611
  1971   821.250 -1.035580 -0.232680 0.611
  1972   821.667 +0.256273 -0.000291 0.500
  1973   822.083 +1.037863 -0.299789 0.556
  1974   822.500 -0.356956 -0.789283 0.500
  1975   822.917 +0.519447 +1.298986 0.611
  1976   823.333 +0.037903 +0.274185 0.667
  1977   823.750 -0.398924 -1.138488 0.556
  1978   824.167 +0.558267 -0.546620 0.500
  1979   824.583 -0.982871 +0.581739 0.611
  1980   825.000 +0.415273 +0.081148 0.500
  1981   825.417 +0.363351 +0.567542 0.556
  1982   825.833 -0.026928 -0.491413 0.556
  1983   826.250 -0.400299 +1.347575 0.556
  1984   826.667 +0.443993 -1.391166 0.500
  1985   827.083 -1.029531 +0.094066 0.556
  1986   827.500 -0.602861 -0.022514 0.500
  1987   827.917 +0.778753 +0.561040 0.500
  1988   828.333 +1.129627 +1.310610 0.556
  1989   828.750 -0.565653 -0.687771 0.556
  1990   829.167 -0.544420 -1.197451 0.500
  1991   829.583 +1.398891 -0.760422 0.611
  1992   830.000 -0.821593 -0.221575 0.611
  1993   830.417 -0.665910 -0.631708 0.556
  1994   830.833 +0.544200 +0.864258 0.722
  1995   831.250 +0.251963 +0.834456 0.667
  1996   831.667 +0.211514 +0.669525 0.556
  1997   832.083 +0.171547 +0.763585 0.778
  1998   832.500 -0.822427 -0.095352 0.667
  1999   832.917 +0.314094 -0.654947 0.556
  2000   833.333 -1.739230 -0.303806 0.722
  2001   833.750 +0.634371 -0.061202 0.611
  2002   834.167 +1.003862 -0.636749 0.611
  2003   834.583 +0.383539 -0.653768 0.667
  2004   835.000 -0.479618 +0.193720 0.611
  2005   835.417 +0.806208 +0.277370 0.556
  2006   835.833 +0.525607 +1.198279 0.500
  2007   836.250 -1.263366 +0.252202 0.500
  2008   836.667 -0.104778 -0.287094 0.556
  2009   837.083 +0.027587 +0.698708 0.611
  2010   837.500 +0.280681 -1.182488 0.611
  2011   837.917 -0.650579 -0.439247 0.611
  2012   838.333 -0.240759 +0.151981 0.667
  2013   838.750 +0.127584 +0.122845 0.611
  2014   839.167 +0.188421 -1.509492 0.611
  2015   839.583 -0.631367 +0.362978 0.667
  2016   840.000 +1.023627 +0.985820 0.556
  2017   840.417 +0.400148 +1.109739 0.500
  2018   840.833 +0.896357 +0.043723 0.722
  2019   841.250 -0.541244 -0.190191 0.556
  2020   841.667 -1.230419 -0.275197 0.500
  2021   842.083 +0.221368 +0.104761 0.667
  2022   842.500 +0.434814 -0.752312 0.500
  2023   842.917 +0.148187 +0.848147 0.500
  2024   843.333 -0.028755 -1.220678 0.611
  2025   843.750 -0.817435 +0.343111 0.500
  2026   844.167 -0.090802 -0.821899 0.556
  2027   844.583 +0.167485 +0.348095 0.500
  2028   845.000 -0.469110 +1.474239 0.611
  2029   845.417 +0.813819 -0.404469 0.500
  2030   845.833 +0.010119 +0.480553 0.556
  2031   846.250 +0.089785 +0.164434 0.611
  2032   846.667 +0.019019 -1.642299 0.556
  2033   847.083 +0.685677 +0.033444 0.556
  2034   847.500 -0.324957 -0.063874 0.556
  2035   847.917 +0.201972 +0.860097 0.500
  2036   848.333 +0.036833 -0.039973 0.611
  2037   848.750 -0.396245 +0.078663 0.556
  2038   849.167 -1.529206 -0.398897 0.500
  2039   849.583 -0.179144 -0.335957 0.611
  2040   850.000 +1.270124 +0.942019 0.500
  2041   850.417 +0.873058 +0.124252 0.556
  2042   850.833 -0.172482 -1.267653 0.667
  2043   851.250 -1.449338 +0.640675 0.556
  2044   851.667 -0.317698 +0.811828 0.500
  2045   852.083 +1.078599 -1.109374 0.556
  2046   852.500 +1.020301 +0.992389 0.556
  2047   852.917 +0.574276 +0.894140 0.500
  2048   853.333 -0.596701 -1.220707 0.556
  2049   853.750 -0.360252 -0.683189 0.611
  2050   854.167 -0.676853 +0.253500 0.500
  2051   854.583 -0.100996 -1.281329 0.667
  2052   855.000 +0.235111 +0.550363 0.722
  2053   855.417 -0.293412 +0.907427 0.556
  2054   855.833 -0.297307 +0.667528 0.611
  2055   856.250 -0.737841 -0.959940 0.667
  2056   856.667 +0.750247 +0.762242 0.500
  2057   857.083 +0.495612 -0.930810 0.611
  2058   857.500 +0.637473 -0.539283 0.556
  2059   857.917 +0.944467 +0.565007 0.611
  2060   858.333 -0.612778 +1.685959 0.722
  2061   858.750 -1.022270 +0.439454 0.556
  2062   859.167 -0.129880 -0.901182 0.611
  2063   859.583 +0.449595 -0.644766 0.667
  2064   860.000 +0.124824 -0.458562 0.500
  2065   860.417 -0.649919 +0.168270 0.611
  2066   860.833 +0.782843 -0.475477 0.556
  2067   861.250 -0.338749 +0.026757 0.500
  2068   861.667 +0.219090 -0.384739 0.556
  2069   862.083 -0.752399 +0.748615 0.556
  2070   862.500 -0.314949 +0.630232 0.611
  2071   862.917 +0.774745 +0.267066 0.556
  2072   863.333 -0.588662 -0.775666 0.500
  2073   863.750 +0.661441 -0.905921 0.611
  2074   864.167 +0.350092 +0.715157 0.500
  2075   864.583 +0.524680 +0.690059 0.556
  2076   865.000 -1.005599 +0.351228 0.556
  2077   865.417 +0.360496 -0.109292 0.556
  2078   865.833 +0.631750 -0.738525 0.556
  2079   866.250 -0.854429 +0.267322 0.556
  2080   866.667 -0.866235 -0.036046 0.556
  2081   867.083 +0.437887 -0.500244 0.556
  2082   867.500 +1.171475 +0.176975 0.611
  2083   867.917 -1.364825 -0.051984 0.500
  2084   868.333 -0.357899 +0.262235 0.611
  2085   868.750 +0.875728 +0.058480 0.611
  2086   869.167 -0.474616 -0.629272 0.556
  2087   869.583 +0.507980 +0.588690 0.667
  2088   870.000 +0.583106 +0.102613 0.556
  2089   870.417 -0.143537 -0.862479 0.556
  2090   870.833 +0.110523 +1.173227 0.667
  2091   871.250 +0.534036 -1.041116 0.500
  2092   871.667 -1.039860 +1.517426 0.500
  2093   872.083 -0.009471 +0.294444 0.611
  2094   872.500 -0.896698 -0.829789 0.556
  2095   872.917 +0.165105 -0.533494 0.556
  2096   873.333 +0.681490 -1.038422 0.500
  2097   873.750 -0.542380 +1.036146 0.556
  2098   874.167 +1.016673 +0.822576 0.556
  2099   874.583 -0.214318 -1.133725 0.500
  2100   875.000 -0.817773 +0.506334 0.611
  2101   875.417 +0.469998 -0.206789 0.611
  2102   875.833 +0.173028 -0.156857 0.556
  2103   876.250 +1.283955 +0.183872 0.611
  2104   876.667 -0.605049 +0.091766 0.611
  2105   877.083 -0.582007 -0.929130 0.611
  2106   877.500 +0.446521 +0.966615 0.667
  2107   877.917 -0.492898 +0.122435 0.611
  2108   878.333 -1.104492 +0.215179 0.556
  2109   878.750 +0.323512 +0.866306 0.611
  2110   879.167 -0.717124 -0.046931 0.500
  2111   879.583 +0.587414 -0.960443 0.611
  2112   880.000 +0.659353 -0.516298 0.611
  2113   880.417 +0.492190 -0.462626 0.556
  2114   880.833 +0.491786 -0.298785 0.556
  2115   881.250 +1.216855 +0.533157 0.556
  2116   881.667 -1.780526 +0.325910 0.556
  2117   882.083 -0.201463 +0.569412 0.556
  2118   882.500 +0.229730 +1.272590 0.611
  2119   882.917 -0.129145 -0.740089 0.667
  2120   883.333 -0.808775 -0.605975 0.556
  2121   883.750 -0.590392 -0.707233 0.556
  2122   884.167 +0.484636 -0.696858 0.667
  2123   884.583 +0.557788 -0.145112 0.611
  2124   885.000 -0.793461 +0.243387 0.500
  2125   885.417 +0.722877 +0.933619 0.611
  2126   885.833 +0.789635 +0.464978 0.611
  2127   886.250 +0.955873 +0.457201 0.500
  2128   886.667 +0.240709 -0.470222 0.611
  2129   887.083 -1.094544 +0.053566 0.667
  2130   887.500 -0.789507 +0.170054 0.611
  2131   887.917 -0.817156 -0.707507 0.500
  2132   888.333 +0.354989 +0.117111 0.556
  2133   888.750 -0.099379 +1.235401 0.611
  2134   889.167 -0.014816 -0.754448 0.500
  2135   889.583 +0.988531 -0.667391 0.500
  2136   890.000 -0.334882 -1.029803 0.667
  2137   890.417 +1.120178 -0.150756 0.556
  2138   890.833 -1.285065 +0.627120 0.556
  2139   891.250 +0.590100 +0.857611 0.611
  2140   891.667 +0.956912 -0.211504 0.556
  2141   892.083 -1.408808 -0.027250 0.556
  2142   892.500 -0.165906 +0.920105 0.667
  2143   892.917 -0.709453 -0.587092 0.611
  2144   893.333 -0.050414 -0.337199 0.556
  2145   893.750 +0.955010 +0.838693 0.611
  2146   894.167 +0.114903 +0.284730 0.667
  2147   894.583 +0.027489 -1.465382 0.556
  2148   895.000 +1.037320 +0.122831 0.556
  2149   895.417 -0.513932 +1.160968 0.667
  2150   895.833 -0.378740 -0.728246 0.611
  2151   896.250 -0.468473 -0.706461 0.556
  2152   896.667 -0.604365 +0.387455 0.611
  2153   897.083 +1.666652 -0.093296 0.667
  2154   897.500 -0.160959 +0.438326 0.556
  2155   897.917 -0.888127 -0.116102 0.556
  2156   898.333 +0.344842 -1.111442 0.667
  2157   898.750 +0.152093 +0.821144 0.556
  2158   899.167 -0.711587 +0.667882 0.500
  2159   899.583 -0.660214 -0.255247 0.556
  2160   900.000 +0.879100 +0.398518 0.500
  2161   900.417 +0.739085 -0.041175 0.556
  2162   900.833 -0.100586 +0.298737 0.556
  2163   901.250 +0.184350 -0.372270 0.556
  2164   901.667 -1.177455 -1.048411 0.556
  2165   902.083 -0.114949 +1.394398 0.611
  2166   902.500 +1.037999 -0.266117 0.611
  2167   902.917 +0.273336 -1.279534 0.556
  2168   903.333 +0.136412 -0.205665 0.667
  2169   903.750 -0.714663 +0.805367 0.611
  2170   904.167 -0.160450 -0.309034 0.556
  2171   904.583 +0.804303 +0.010056 0.722
  2172   905.000 -0.942889 +0.143655 0.611
  2173   905.417 -0.233233 +0.503354 0.500
  2174   905.833 +0.080738 +1.018159 0.667
  2175   906.250 +0.473627 -0.142787 0.556
  2176   906.667 -0.222194 -0.484483 0.556
  2177   907.083 -0.100524 -0.215497 0.611
  2178   907.500 -0.415599 -1.118916 0.500
  2179   907.917 +1.315038 +0.317687 0.611
  2180   908.333 +1.010509 +0.743498 0.556
  2181   908.750 -0.666835 -0.238215 0.611
  2182   909.167 -1.768368 -0.375705 0.667
  2183   909.583 -0.121208 -0.692625 0.556
  2184   910.000 +0.739105 +0.834907 0.667
  2185   910.417 -0.485129 +0.933899 0.667
  2186   910.833 +0.912806 +0.172921 0.556
  2187   911.250 -0.425129 +0.093080 0.611
  2188   911.667 +0.830969 -0.802537 0.667
  2189   912.083 +0.171622 -0.809656 0.500
  2190   912.500 -0.891215 -0.801749 0.611
  2191   912.917 +0.198305 +0.841204 0.778
  2192   913.333 -0.410159 +0.952045 0.611
  2193   913.750 +1.260980 -0.256173 0.500
  2194   914.167 -1.155581 +0.010822 0.667
  2195   914.583 -1.240077 +0.187562 0.556
  2196   915.000 +0.750182 -0.275099 0.500
  2197   915.417 +0.641854 -0.102316 0.611
  2198   915.833 -0.086182 -0.339334 0.556
  2199   916.250 +0.590022 +1.031255 0.611
  2200   916.667 +0.237345 -0.810277 0.556
  2201   917.083 -0.253119 +0.726895 0.500
  2202   917.500 +0.000068 -1.054223 0.611
  2203   917.917 +0.270401 +0.837351 0.611
  2204   918.333 -1.046575 -0.165158 0.556
  2205   918.750 -0.488525 -0.139011 0.667
  2206   919.167 +0.360430 -0.952187 0.500
  2207   919.583 -0.563875 +0.877602 0.556
  2208   920.000 +1.091362 +0.120633 0.667
  2209   920.417 +0.980449 +0.211827 0.611
  2210   920.833 -1.024204 -0.240350 0.556
  2211   921.250 +0.434737 -0.466974 0.500
  2212   921.667 -0.357006 +0.817410 0.556
  2213   922.083 -1.188101 -0.548200 0.556
  2214   922.500 +0.578477 -0.599133 0.556
  2215   922.917 +1.020762 +1.371636 0.500
  2216   923.333 +0.828988 +0.269422 0.500
  2217   923.750 -0.662854 +0.155832 0.500
  2218   924.167 -1.334675 -0.724342 0.556
  2219   924.583 +0.037035 -1.021421 0.500
  2220   925.000 -0.123217 -0.995864 0.556
  2221   925.417 +0.294576 -0.222119 0.722
  2222   925.833 +0.274923 +1.369273 0.611
  2223   926.250 +0.107643 +1.313338 0.500
  2224   926.667 -0.085230 +0.549812 0.722
  2225   927.083 +0.348551 -0.989674 0.667
  2226   927.500 +0.661513 +1.133017 0.556
  2227   927.917 -0.049218 -1.090134 0.667
  2228   928.333 -0.534027 -0.317506 0.611
  2229   928.750 -0.133038 -0.561072 0.556
  2230   929.167 +0.586916 -0.419191 0.778
  2231   929.583 -0.383981 +1.389649 0.667
  2232   930.000 -0.932472 -0.311794 0.556
  2233   930.417 +0.244601 -0.523926 0.778
  2234   930.833 -1.419529 -0.238291 0.722
  2235   931.250 +0.999662 +0.640129 0.500
  2236   931.667 +0.567957 +0.084390 0.722
  2237   932.083 -0.425451 +0.058644 0.722
  2238   932.500 +0.963286 -0.710500 0.500
  2239   932.917 +0.785643 +0.409773 0.667
  2240   933.333 -0.187431 -0.242996 0.722
  2241   933.750 -0.274832 -0.033943 0.556
  2242   934.167 -0.749860 +0.945992 0.556
  2243   934.583 -0.437952 +0.718129 0.611
  2244   935.000 +1.219393 +0.610369 0.556
  2245   935.417 -1.108188 -1.183502 0.611
  2246   935.833 +0.323503 -1.189012 0.611
  2247   936.250 +0.346008 -0.951811 0.611
  2248   936.667 +0.038290 +0.714511 0.611
  2249   937.083 -0.796491 +0.345155 0.556
  2250   937.500 -1.110360 +0.329485 0.667
  2251   937.917 +0.033453 -0.201730 0.667
  2252   938.333 +1.554171 +0.164409 0.556
  2253   938.750 +0.730164 +0.842390 0.667
  2254   939.167 +0.713073 -0.850981 0.611
  2255   939.583 +0.179733 +0.584859 0.556
  2256   940.000 -0.665123 -0.365117 0.611
  2257   940.417 -0.472007 -0.140838 0.556
  2258   940.833 -0.533149 -0.225873 0.556
  2259   941.250 -0.695643 -0.203932 0.611
  2260   941.667 -0.489283 +0.166387 0.556
  2261   942.083 +0.171284 +1.729926 0.556
  2262   942.500 +0.370307 -0.708925 0.611
  2263   942.917 +0.565955 -0.904253 0.500
  2264   943.333 +1.164716 +0.897091 0.500
  2265   943.750 -1.000350 -0.376886 0.556
  2266   944.167 -0.278080 -1.366084 0.500
  2267   944.583 +0.287164 -0.368874 0.556
  2268   945.000 +0.280523 +0.789266 0.556
  2269   945.417 +0.182420 +0.291878 0.611
  2270   945.833 +0.203807 +0.489415 0.500
  2271   946.250 -1.117994 +0.124763 0.556
  2272   946.667 -0.073072 -0.866503 0.667
  2273   947.083 +0.484583 +0.525873 0.611
  2274   947.500 -0.016643 +0.684196 0.500
  2275   947.917 -0.722364 -0.121091 0.667
  2276   948.333 +0.749675 -0.159952 0.667
  2277   948.750 +0.635359 +1.246529 0.500
  2278   949.167 +0.772827 -0.871287 0.667
  2279   949.583 -0.656124 -1.238438 0.611
  2280   950.000 -0.765140 -0.053111 0.556
  2281   950.417 -0.696470 -0.336758 0.611
  2282   950.833 -0.771050 -0.308075 0.500
  2283   951.250 +1.053757 -0.389683 0.611
  2284   951.667 +0.076925 +1.757698 0.611
  2285   952.083 +0.646615 +0.615571 0.500
  2286   952.500 +0.156683 +0.849055 0.611
  2287   952.917 -1.369813 -0.304417 0.611
  2288   953.333 +0.762798 -0.817643 0.500
  2289   953.750 +0.345817 -0.945290 0.556
  2290   954.167 +0.293748 -1.365330 0.556
  2291   954.583 +0.418760 +0.840792 0.611
  2292   955.000 -0.570146 +0.898055 0.611
  2293   955.417 +0.840451 +0.470172 0.611
  2294   955.833 -0.955534 -0.033442 0.611
  2295   956.250 -1.256698 -0.980956 0.556
  2296   956.667 -0.105335 +0.857537 0.611
  2297   957.083 +1.309161 +0.730095 0.611
  2298   957.500 -0.256643 -0.628992 0.500
  2299   957.917 -0.060864 -0.459722 0.667
  2300   958.333 -0.054980 +0.388923 0.611
  2301   958.750 -0.278779 -1.053964 0.556
  2302   959.167 +0.191648 +1.522207 0.667
  2303   959.583 +1.055627 +0.254968 0.611
  2304   960.000 -0.790302 -1.070300 0.556
  2305   960.417 -0.497322 -1.018882 0.611
  2306   960.833 +0.941535 +0.438567 0.556
  2307   961.250 +0.450175 +0.031281 0.500
  2308   961.667 -0.622634 +0.249026 0.611
  2309   962.083 -0.399822 +0.810475 0.500
  2310   962.500 +0.238305 -0.774272 0.556
  2311   962.917 -0.245567 +0.330655 0.500
  2312   963.333 -0.467175 +0.401509 0.556
  2313   963.750 +0.674592 -0.169879 0.556
  2314   964.167 +0.846165 +0.319340 0.556
  2315   964.583 -0.580058 -0.992413 0.556
  2316   965.000 -1.055812 +0.076883 0.500
  2317   965.417 -0.813087 +0.394037 0.500
  2318   965.833 +1.059245 +1.422614 0.500
  2319   966.250 +1.172053 -0.787374 0.500
  2320   966.667 +0.136456 -0.629236 0.556
  2321   967.083 -1.055196 +0.165009 0.556
  2322   967.500 +0.565341 -0.562352 0.556
  2323   967.917 +0.654292 -0.740064 0.556
  2324   968.333 -1.159465 -0.096734 0.500
  2325   968.750 +0.791608 +0.348723 0.500
  2326   969.167 -0.582763 +0.225009 0.611
  2327   969.583 -0.849949 +0.215513 0.500
  2328   970.000 +0.295870 +0.289770 0.556
  2329   970.417 -0.056368 +1.249196 0.667
  2330   970.833 -0.188108 +0.874351 0.500
  2331   971.250 +0.188873 -0.342026 0.667
  2332   971.667 +1.343893 -0.871457 0.778
  2333   972.083 -0.147109 -0.843946 0.556
  2334   972.500 +0.077263 -0.846380 0.667
  2335   972.917 -0.051729 -1.096041 0.722
  2336   973.333 +0.571059 +0.402829 0.556
  2337   973.750 -1.335563 +0.669538 0.667
  2338   974.167 -1.378303 +0.412482 0.667
  2339   974.583 +0.236558 +1.399472 0.556
  2340   975.000 +0.627909 +0.129008 0.667
  2341   975.417 +1.290917 -0.444423 0.722
  2342   975.833 +0.250138 +0.794328 0.667
  2343   976.250 -0.141671 -0.507373 0.556
  2344   976.667 -0.820157 -1.345504 0.611
  2345   977.083 -0.118893 +0.613275 0.611
  2346   977.500 -0.402574 -0.385310 0.556
  2347   977.917 +0.078058 -0.484387 0.611
  2348   978.333 +1.104258 -0.412527 0.611
  2349   978.750 -0.397626 +0.228136 0.556
  2350   979.167 +0.241153 -0.198246 0.556
  2351   979.583 -0.639702 +1.193312 0.556
  2352   980.000 -0.334751 +1.285337 0.556
  2353   980.417 +1.190418 +0.050117 0.556
  2354   980.833 -0.006733 -1.190296 0.556
  2355   981.250 -1.423765 -0.597294 0.556
  2356   981.667 +0.094181 +1.020710 0.556
  2357   982.083 +0.150144 +0.083220 0.500
  2358   982.500 +0.498516 -1.276241 0.500
  2359   982.917 +0.855686 -0.084226 0.556
  2360   983.333 -1.186844 -0.081649 0.556
  2361   983.750 +0.719072 +0.516046 0.500
  2362   984.167 +0.601137 +0.877480 0.556
  2363   984.583 -0.647887 -1.601612 0.500
  2364   985.000 +0.259585 +0.840596 0.611
  2365   985.417 -0.720408 +0.302384 0.556
  2366   985.833 -0.464297 -1.476254 0.500
  2367   986.250 +0.357928 +1.034521 0.556
  2368   986.667 -0.107663 +1.619900 0.611
  2369   987.083 -0.950147 -0.332423 0.500
  2370   987.500 +0.992774 -0.278621 0.556
  2371   987.917 +0.508240 -0.155275 0.611
  2372   988.333 +0.776513 -0.117747 0.500
  2373   988.750 +0.012740 -1.058059 0.611
  2374   989.167 +0.019329 -0.500899 0.611
  2375   989.583 -1.360339 +0.162917 0.500
  2376   990.000 +0.027418 +0.939126 0.611
  2377   990.417 +0.326204 -0.944922 0.611
  2378   990.833 -0.670369 +0.283563 0.500
  2379   991.250 +0.502088 +1.265891 0.556
  2380   991.667 +0.924497 -0.484874 0.556
  2381   992.083 -0.660726 -0.344925 0.556
  2382   992.500 +0.128029 +0.741650 0.500
  2383   992.917 +0.903538 -0.077713 0.556
  2384   993.333 -0.662376 +0.490120 0.611
  2385   993.750 -0.705873 -1.178995 0.556
  2386   994.167 -1.070013 +0.233353 0.611
  2387   994.583 +0.055260 -0.642257 0.667
  2388   995.000 +0.853128 -0.305612 0.611
  2389   995.417 +0.487173 +0.811846 0.556
  2390   995.833 +0.437411 +0.570005 0.611
  2391   996.250 -0.547848 -0.785215 0.556
  2392   996.667 +0.037473 +0.734514 0.611
  2393   997.083 +0.963096 +0.248654 0.667
  2394   997.500 -0.844738 -0.366219 0.556
  2395   997.917 -0.190990 -0.695435 0.556
  2396   998.333 +1.719830 -0.524257 0.667
  2397   998.750 -0.532574 +0.359689 0.556
  2398   999.167 -1.402964 +0.339858 0.500
  2399   999.583 -0.077416 +0.982725 0.556
  2400  1000.000 -0.444331 +0.621459 0.667
  2401  1000.417 +0.142634 -1.382415 0.556
  2402  1000.833 -0.388448 -0.445248 0.611
  2403  1001.250 +0.401813 +0.293418 0.667
  2404  1001.667 +1.006455 -0.929236 0.556
  2405  1002.083 +0.208088 +1.079950 0.667
  2406  1002.500 +0.474344 +0.459939 0.611
  2407  1002.917 -1.213630 -0.201066 0.500
  2408  1003.333 +0.233239 +0.973798 0.611
  2409  1003.750 +0.636756 -1.478087 0.556
  2410  1004.167 -1.538387 -0.581513 0.556
  2411  1004.583 +0.180457 +0.612944 0.556
  2412  1005.000 +1.359947 -0.031545 0.500
  2413  1005.417 +0.229408 +0.265244 0.556
  2414  1005.833 +0.017968 +0.139678 0.500
  2415  1006.250 -0.198285 +0.305529 0.556
  2416  1006.667 -1.382640 -0.493505 0.556
  2417  1007.083 +0.204250 -0.804894 0.556
  2418  1007.500 +0.565789 +0.613650 0.556
  2419  1007.917 -0.631195 +0.240233 0.611
  2420  1008.333 -0.420257 +0.532512 0.611
  2421  1008.750 -0.335312 +0.528495 0.500
  2422  1009.167 +1.180631 -0.668589 0.611
  2423  1009.583 +0.715622 -0.628922 0.667
  2424  1010.000 +0.230392 +0.499592 0.611
  2425  1010.417 -0.751679 -0.257775 0.500
  2426  1010.833 +0.660137 +0.730159 0.556
  2427  1011.250 +0.156326 -1.351979 0.556
  2428  1011.667 -1.057662 -0.859826 0.556
  2429  1012.083 -0.034784 +0.106789 0.556
  2430  1012.500 +0.710553 +1.124115 0.611
  2431  1012.917 -0.865227 +0.992123 0.556
  2432  1013.333 +0.257607 -0.064767 0.500
  2433  1013.750 -0.402657 -0.185891 0.611
  2434  1014.167 -0.828937 +0.107488 0.556
  2435  1014.583 +1.528952 -0.330853 0.556
  2436  1015.000 -1.017086 -0.753954 0.500
  2437  1015.417 +0.942763 -0.305524 0.611
  2438  1015.833 +0.587131 +1.313912 0.500
  2439  1016.250 +0.013804 -0.021668 0.556
  2440  1016.667 -0.074791 -0.854337 0.667
  2441  1017.083 +0.195786 +0.553771 0.500
  2442  1017.500 -0.858965 +0.261596 0.611
  2443  1017.917 -0.900360 -0.953734 0.722
  2444  1018.333 +0.209174 +0.444099 0.500
  2445  1018.750 +0.308158 -0.003578 0.556
  2446  1019.167 +0.069561 +0.222889 0.667
  2447  1019.583 +0.353807 -1.174612 0.556
  2448  1020.000 -0.211811 +0.269378 0.611
  2449  1020.417 +0.385366 +0.942267 0.722
  2450  1020.833 +0.930445 +0.740049 0.500
  2451  1021.250 -1.109615 +0.233160 0.556
  2452  1021.667 -0.546553 -0.230499 0.667
  2453  1022.083 +0.666207 -1.572370 0.556
  2454  1022.500 +0.200529 -1.111016 0.500
  2455  1022.917 -0.632367 +0.187431 0.556
  2456  1023.333 +0.020206 +1.082879 0.667
  2457  1023.750 +0.095044 +0.923608 0.556
  2458  1024.167 -0.031646 +1.386730 0.556
  2459  1024.583 -0.005420 -0.074336 0.611
  2460  1025.000 +0.120383 -1.841549 0.556
  2461  1025.417 -0.001727 -0.065770 0.500
  2462  1025.833 +0.204582 +0.313660 0.611
  2463  1026.250 +0.435798 -1.091430 0.667
  2464  1026.667 -0.290255 +1.132363 0.500
  2465  1027.083 -1.093685 -0.334983 0.611
  2466  1027.500 +0.666292 -0.928840 0.667
  2467  1027.917 +0.889151 -0.558431 0.611
  2468  1028.333 -0.406505 +1.533072 0.722
  2469  1028.750 -0.075230 +0.650989 0.722
  2470  1029.167 -0.729787 -0.339814 0.611
  2471  1029.583 +0.832489 +0.869149 0.778
  2472  1030.000 +0.107179 -0.566726 0.833
  2473  1030.417 -0.829839 -0.168100 0.500
  2474  1030.833 -0.574600 -0.444969 0.722
  2475  1031.250 +0.191667 +0.852759 0.778
  2476  1031.667 +0.079647 -1.579310 0.500
  2477  1032.083 +0.762568 +0.063875 0.778
  2478  1032.500 +0.750906 -0.279182 0.722
  2479  1032.917 +0.303163 +0.649404 0.556
  2480  1033.333 -0.839078 +0.467070 0.722
  2481  1033.750 -0.839428 +0.575358 0.611
  2482  1034.167 +0.571435 +0.647318 0.500
  2483  1034.583 -0.113941 -1.502438 0.667
  2484  1035.000 +0.228521 -0.770463 0.611
  2485  1035.417 -0.252529 +1.221315 0.500
  2486  1035.833 +0.109054 +0.280254 0.611
  2487  1036.250 -0.494789 -0.453555 0.667
  2488  1036.667 -0.351179 -0.165349 0.556
  2489  1037.083 -0.184886 -0.135762 0.556
  2490  1037.500 +1.303576 -0.006760 0.611
  2491  1037.917 +0.441557 -1.058777 0.556
  2492  1038.333 +0.607796 +1.035442 0.500
  2493  1038.750 -0.885025 +1.031595 0.500
  2494  1039.167 -0.022652 -0.049804 0.500
  2495  1039.583 +0.324293 +0.029953 0.500
  2496  1040.000 -1.119861 -0.714925 0.556
  2497  1040.417 -0.913806 -0.440835 0.500
  2498  1040.833 +0.143220 -0.883591 0.500
  2499  1041.250 +0.017394 +0.917782 0.611
  2500  1041.667 +0.845079 +0.692652 0.556
  2501  1042.083 +0.974408 -0.036228 0.500
  2502  1042.500 +0.678139 +1.339605 0.556
  2503  1042.917 -1.146439 -1.154627 0.611
  2504  1043.333 -0.091847 -0.885086 0.500
  2505  1043.750 -0.244898 -0.966766 0.556
  2506  1044.167 -0.108212 +0.992477 0.611
  2507  1044.583 +0.353329 +0.928435 0.500
  2508  1045.000 -0.841501 -0.768870 0.556
  2509  1045.417 +0.111387 +0.102149 0.667
  2510  1045.833 +0.907673 -0.892533 0.500
  2511  1046.250 -0.114315 +0.383370 0.500
  2512  1046.667 -0.336722 +1.193201 0.722
  2513  1047.083 +0.241093 +0.041629 0.556
  2514  1047.500 +1.081943 -0.373917 0.611
  2515  1047.917 -1.037546 +0.807963 0.667
  2516  1048.333 -0.371843 -0.157304 0.500
  2517  1048.750 -0.526107 -0.082006 0.667
  2518  1049.167 -0.562704 -1.350008 0.611
  2519  1049.583 +0.885137 -0.227368 0.611
  2520  1050.000 +0.877729 +0.568181 0.556
  2521  1050.417 -0.610536 +0.101836 0.667
  2522  1050.833 +1.218949 -0.196624 0.500
  2523  1051.250 -1.062625 -0.961261 0.556
  2524  1051.667 -0.481763 +0.095020 0.611
  2525  1052.083 +1.693853 +0.693073 0.500
  2526  1052.500 -0.195073 +1.019549 0.556
  2527  1052.917 -0.707902 +1.248050 0.500
  2528  1053.333 -0.660367 -0.007334 0.556
  2529  1053.750 -0.652123 -1.090322 0.500
  2530  1054.167 +0.620213 -0.845502 0.500
  2531  1054.583 -1.166522 -0.934553 0.556
  2532  1055.000 +0.504163 +0.475764 0.556
  2533  1055.417 +0.929407 +0.171624 0.556
  2534  1055.833 +0.707594 +0.362638 0.500
  2535  1056.250 -0.163436 -1.088255 0.556
  2536  1056.667 +0.072707 +1.464611 0.611
  2537  1057.083 +1.115829 +0.406090 0.611
  2538  1057.500 -0.345718 -1.232543 0.556
  2539  1057.917 -0.858686 +0.809193 0.556
  2540  1058.333 -0.214621 +0.945266 0.500
  2541  1058.750 -0.877095 -0.867536 0.556
  2542  1059.167 -0.600158 -0.214240 0.611
  2543  1059.583 -0.089349 -1.300438 0.500
  2544  1060.000 +0.986248 -0.004366 0.611
  2545  1060.417 -0.063923 +1.679931 0.667
  2546  1060.833 +0.454984 +0.911527 0.556
  2547  1061.250 +0.809345 -1.076608 0.667
  2548  1061.667 -0.690238 -1.060645 0.611
  2549  1062.083 +0.071695 +0.285940 0.556
  2550  1062.500 +1.184988 +0.433092 0.611
  2551  1062.917 -0.736631 -0.843647 0.556
  2552  1063.333 +0.004061 -0.189757 0.556
  2553  1063.750 -0.754637 +1.595580 0.556
  2554  1064.167 -0.931734 +0.219034 0.500
  2555  1064.583 -0.055656 -0.183615 0.556
  2556  1065.000 +1.117664 -0.246599 0.500
  2557  1065.417 +0.747123 -0.187708 0.556
  2558  1065.833 -0.312894 -0.164125 0.556
  2559  1066.250 -1.436649 -0.162827 0.611
  2560  1066.667 +0.589254 +0.073846 0.500
  2561  1067.083 +0.500349 -0.913758 0.611
  2562  1067.500 +0.229884 +0.311574 0.611
  2563  1067.917 +0.278334 -0.068040 0.556
  2564  1068.333 -0.130486 +1.163047 0.556
  2565  1068.750 -0.317191 +0.918662 0.611
  2566  1069.167 -0.573813 -1.233292 0.611
  2567  1069.583 +0.330182 +0.546761 0.500
  2568  1070.000 -0.639589 -0.490421 0.611
  2569  1070.417 +0.879955 -0.390093 0.611
  2570  1070.833 +0.445348 -0.739131 0.500
  2571  1071.250 -1.552486 -0.055329 0.611
  2572  1071.667 +0.582074 +1.203742 0.556
  2573  1072.083 +0.811813 +0.761923 0.556
  2574  1072.500 +0.359959 -0.339912 0.500
  2575  1072.917 +0.297709 -1.168653 0.611
  2576  1073.333 -0.920982 +0.205179 0.500
  2577  1073.750 +0.066761 +0.896714 0.500
  2578  1074.167 -0.470959 -0.015495 0.611
  2579  1074.583 -0.612491 -0.480340 0.556
  2580  1075.000 +0.772286 -0.578070 0.500
  2581  1075.417 +0.020490 +0.637151 0.556
  2582  1075.833 -0.878959 -0.714381 0.667
  2583  1076.250 +0.954830 +0.258026 0.500
  2584  1076.667 -0.686702 -0.245021 0.500
  2585  1077.083 +0.345815 +1.159022 0.722
  2586  1077.500 +1.057713 -0.722704 0.500
  2587  1077.917 -0.339276 +0.905499 0.500
  2588  1078.333 +0.274005 -0.149512 0.722
  2589  1078.750 +0.036520 -0.174845 0.500
  2590  1079.167 -0.421311 -0.292336 0.556
  2591  1079.583 -1.111130 -0.456479 0.667
  2592  1080.000 +0.844615 +0.080455 0.611
  2593  1080.417 +0.729957 -0.182299 0.556
  2594  1080.833 -1.471845 +0.230851 0.778
  2595  1081.250 -0.609638 +0.102352 0.556
  2596  1081.667 +0.972159 -0.088877 0.500
  2597  1082.083 +1.187669 +0.526899 0.722
  2598  1082.500 -0.407825 -0.697853 0.556
  2599  1082.917 -0.056927 -0.415720 0.556
  2600  1083.333 -0.210081 +0.724352 0.611
  2601  1083.750 -0.583892 +0.727456 0.556
  2602  1084.167 +0.032772 +0.428193 0.500
  2603  1084.583 +1.229606 -0.599613 0.611
  2604  1085.000 -0.956501 -0.266475 0.500
  2605  1085.417 -0.563588 +0.048847 0.500
  2606  1085.833 +0.989667 -1.115127 0.556
  2607  1086.250 -0.686028 +0.067427 0.556
  2608  1086.667 -0.492911 -0.199750 0.556
  2609  1087.083 +1.523257 +0.212088 0.556
  2610  1087.500 +0.243975 +1.710166 0.556
  2611  1087.917 -1.050246 -0.230203 0.500
  2612  1088.333 +0.516415 -0.354977 0.556
  2613  1088.750 -0.167237 -0.702050 0.500
  2614  1089.167 -0.179102 +0.412180 0.611
  2615  1089.583 +0.641862 +0.248335 0.500
  2616  1090.000 -1.030462 -0.561977 0.500
  2617  1090.417 -0.719059 +0.584732 0.611
  2618  1090.833 +0.350523 -0.790547 0.556
  2619  1091.250 +0.059973 -0.680820 0.556
  2620  1091.667 +0.515941 +1.530941 0.667
  2621  1092.083 +0.045438 +0.013154 0.556
  2622  1092.500 +0.722117 -0.757706 0.611
  2623  1092.917 +0.712590 -0.090609 0.667
  2624  1093.333 -0.851090 +1.319538 0.556
  2625  1093.750 +0.394655 -0.599604 0.722
  2626  1094.167 -0.971178 -0.727179 0.722
  2627  1094.583 -0.485750 +0.033162 0.556
  2628  1095.000 -0.035304 +0.590969 0.722
  2629  1095.417 +0.618633 +0.006947 0.667
  2630  1095.833 -0.126956 +0.404636 0.611
  2631  1096.250 -0.566639 -0.249890 0.667
  2632  1096.667 +0.207527 -1.033050 0.500
  2633  1097.083 +0.483527 +0.517210 0.556
  2634  1097.500 +0.469453 -0.249418 0.611
  2635  1097.917 +0.052520 -0.057679 0.556
  2636  1098.333 +0.777599 +0.381927 0.556
  2637  1098.750 -1.596489 -0.120561 0.556
  2638  1099.167 -0.706411 +1.354618 0.556
  2639  1099.583 +0.355537 -0.993182 0.611
  2640  1100.000 +0.512523 +0.834648 0.500
  2641  1100.417 +0.376183 -0.556547 0.556
  2642  1100.833 +0.505261 -0.876260 0.611
  2643  1101.250 +0.085176 -0.453621 0.500
  2644  1101.667 -0.665237 +0.346307 0.556
  2645  1102.083 -0.543290 -0.063628 0.556
  2646  1102.500 -0.141925 -0.082531 0.500
  2647  1102.917 +0.397737 +0.909920 0.556
  2648  1103.333 +0.379710 +0.249351 0.556
  2649  1103.750 -0.996804 -0.069343 0.500
  2650  1104.167 +0.503852 -0.333119 0.500
  2651  1104.583 +0.392130 +0.560872 0.556
  2652  1105.000 +0.219636 +0.349859 0.611
  2653  1105.417 -0.161384 -0.778868 0.611
  2654  1105.833 +0.101387 -0.255822 0.611
  2655  1106.250 -0.689750 -0.639658 0.556
  2656  1106.667 +0.665109 -0.015665 0.611
  2657  1107.083 -0.570981 +0.816709 0.556
  2658  1107.500 -0.206161 +0.201142 0.556
  2659  1107.917 +0.251825 -0.468906 0.667
  2660  1108.333 +0.715238 +0.439317 0.556
  2661  1108.750 +0.012861 -1.112390 0.500
  2662  1109.167 -0.118420 +0.226991 0.667
  2663  1109.583 +0.374086 +1.615031 0.556
  2664  1110.000 -0.694437 -0.041783 0.500
  2665  1110.417 -1.215691 -0.319224 0.667
  2666  1110.833 +0.867846 -1.001637 0.500
  2667  1111.250 +0.282472 +0.454235 0.556
  2668  1111.667 -0.673699 -0.483490 0.722
  2669  1112.083 +0.426863 -1.158180 0.500
  2670  1112.500 +0.691239 +0.657278 0.556
  2671  1112.917 -0.165123 +1.037382 0.667
  2672  1113.333 -0.693202 +1.078617 0.556
  2673  1113.750 +1.089294 -0.473378 0.556
  2674  1114.167 -0.125215 -0.335983 0.611
  2675  1114.583 -1.352811 +0.214607 0.611
  2676  1115.000 +0.599851 -1.014704 0.556
  2677  1115.417 +1.000283 +0.490558 0.500
  2678  1115.833 -0.154601 +0.309274 0.667
  2679  1116.250 -1.363327 -0.262449 0.556
  2680  1116.667 +0.311293 -0.304201 0.611
  2681  1117.083 +0.573263 -0.782492 0.778
  2682  1117.500 +0.049738 +0.622001 0.500
  2683  1117.917 -0.513698 -0.517360 0.611
  2684  1118.333 -0.102962 +0.151835 0.778
  2685  1118.750 +1.002699 +1.037536 0.556
  2686  1119.167 +0.208432 +0.198511 0.667
  2687  1119.583 -1.482531 -0.077215 0.778
  2688  1120.000 +0.252547 +0.219318 0.500
  2689  1120.417 -0.403726 +0.197279 0.667
  2690  1120.833 +0.833148 -0.202964 0.722
  2691  1121.250 -0.037228 -1.316369 0.556
  2692  1121.667 +0.725440 -0.374234 0.667
  2693  1122.083 +0.014738 +1.379380 0.667
  2694  1122.500 -1.083942 -0.096535 0.611
  2695  1122.917 +0.017527 -0.337474 0.556
  2696  1123.333 -0.020121 +0.468822 0.611
  2697  1123.750 +1.104078 -1.484202 0.667
  2698  1124.167 +0.292322 -0.219031 0.556
  2699  1124.583 -1.015566 +1.022993 0.500
  2700  1125.000 -0.600360 +1.033404 0.611
  2701  1125.417 +0.575516 +0.110800 0.556
  2702  1125.833 -0.984512 -0.348959 0.556
  2703  1126.250 +0.389625 +1.034026 0.556
  2704  1126.667 +0.150888 -1.282258 0.500
  2705  1127.083 +1.617716 -0.590086 0.500
  2706  1127.500 -0.250653 -1.240649 0.556
  2707  1127.917 -0.612993 +0.782459 0.556
  2708  1128.333 -0.225056 +0.753217 0.556
  2709  1128.750 -1.004420 +0.184126 0.556
  2710  1129.167 +0.633703 -0.096488 0.500
  2711  1129.583 -0.048524 +0.181003 0.500
  2712  1130.000 +1.733232 -0.114507 0.500
  2713  1130.417 -1.628496 +0.277748 0.500
  2714  1130.833 +0.291482 +0.191536 0.500
  2715  1131.250 +0.016140 +0.122561 0.500
  2716  1131.667 +0.309689 +0.187101 0.556
  2717  1132.083 -1.286245 -0.144381 0.500
  2718  1132.500 -0.016870 -1.085595 0.556
  2719  1132.917 +1.010756 -1.116300 0.667
  2720  1133.333 +0.531338 +0.933789 0.556
  2721  1133.750 +0.112967 -0.845610 0.556
  2722  1134.167 -0.239232 +0.512219 0.667
  2723  1134.583 -0.589776 +0.783986 0.611
  2724  1135.000 -0.208400 +0.487889 0.556
  2725  1135.417 +0.765688 +0.329874 0.667
  2726  1135.833 -0.836206 +0.596029 0.667
  2727  1136.250 +0.677335 -0.635965 0.556
  2728  1136.667 -0.807059 -0.029155 0.667
  2729  1137.083 +0.212237 -0.965260 0.667
  2730  1137.500 -0.094724 +0.399249 0.500
  2731  1137.917 +0.967286 -0.245663 0.556
  2732  1138.333 +0.363253 -0.812158 0.556
  2733  1138.750 -1.629913 +0.822930 0.556
  2734  1139.167 -0.184651 +1.017275 0.500
  2735  1139.583 +0.400452 -0.713163 0.556
  2736  1140.000 +0.768324 -0.039426 0.500
  2737  1140.417 +1.123833 -0.282054 0.611
  2738  1140.833 -0.599614 -1.145665 0.556
  2739  1141.250 -0.846030 +0.172606 0.611
  2740  1141.667 +0.205551 +1.603286 0.500
  2741  1142.083 -0.469128 +0.550452 0.556
  2742  1142.500 -0.540105 +0.466868 0.667
  2743  1142.917 +0.875617 -1.076483 0.611
  2744  1143.333 -0.042109 -0.452970 0.556
  2745  1143.750 -0.624404 -1.175119 0.667
  2746  1144.167 +0.603012 +0.362738 0.611
  2747  1144.583 +0.341891 +0.297639 0.611
  2748  1145.000 -0.394910 +0.847510 0.778
  2749  1145.417 +0.754641 -0.002335 0.667
  2750  1145.833 -0.704632 +0.996391 0.556
  2751  1146.250 +0.539885 -0.071050 0.778
  2752  1146.667 -0.221270 -0.533895 0.667
  2753  1147.083 +0.112267 -0.510014 0.611
  2754  1147.500 -1.106510 -1.028353 0.889
  2755  1147.917 +0.783262 -0.144684 0.722
  2756  1148.333 -1.265968 -0.422186 0.556
  2757  1148.750 +1.047591 +0.981736 0.833
  2758  1149.167 +0.454162 +0.341804 0.611
  2759  1149.583 -0.051540 +0.851685 0.556
  2760  1150.000 +0.185589 +0.264115 0.778
  2761  1150.417 +0.474285 -0.532809 0.556
  2762  1150.833 -1.026298 +0.688616 0.556
  2763  1151.250 -0.181861 -0.999015 0.778
  2764  1151.667 -0.625449 -0.849653 0.556
  2765  1152.083 +0.529999 +0.442989 0.500
  2766  1152.500 +0.654585 -1.024113 0.667
  2767  1152.917 +0.374289 +1.818938 0.500
  2768  1153.333 +0.537847 +0.075959 0.556
  2769  1153.750 -0.263278 -1.226697 0.500
  2770  1154.167 -0.986440 +0.507866 0.611
  2771  1154.583 -1.292190 +0.349280 0.500
  2772  1155.000 -0.908594 +0.249744 0.500
  2773  1155.417 +1.540681 +0.443330 0.611
  2774  1155.833 +0.856722 -0.515732 0.556
  2775  1156.250 +0.325632 -1.278650 0.556
  2776  1156.667 +1.114391 +0.803726 0.500
  2777  1157.083 -0.825441 +0.382027 0.556
  2778  1157.500 +0.230603 -1.134252 0.556
  2779  1157.917 -0.164240 +0.516235 0.556
  2780  1158.333 -0.999766 -0.996014 0.556
  2781  1158.750 -0.345104 +0.609059 0.500
  2782  1159.167 -0.248720 +1.073784 0.556
  2783  1159.583 -0.513305 +0.858507 0.611
  2784  1160.000 +1.041035 -0.357105 0.556
  2785  1160.417 +0.861529 +0.170954 0.611
  2786  1160.833 -0.913157 -1.003528 0.611
  2787  1161.250 +0.719846 -0.365524 0.611
  2788  1161.667 -0.735950 +0.263788 0.611
  2789  1162.083 +0.097456 +0.281589 0.611
  2790  1162.500 +0.275554 -0.096869 0.556
  2791  1162.917 +0.660501 -1.101176 0.611
  2792  1163.333 -0.936091 -0.048681 0.556
  2793  1163.750 +0.518493 +1.116279 0.556
  2794  1164.167 +0.977253 -0.387554 0.500
  2795  1164.583 -1.456687 +0.274056 0.611
  2796  1165.000 +0.472892 +0.511340 0.556
  2797  1165.417 -0.419767 -1.270640 0.556
  2798  1165.833 -0.431091 +0.711322 0.667
  2799  1166.250 +0.201540 +0.900413 0.556
  2800  1166.667 -0.551043 -0.082047 0.556
  2801  1167.083 +0.994146 -0.959005 0.667
  2802  1167.500 -0.582328 +0.273700 0.611
  2803  1167.917 +0.570879 -0.600617 0.611
  2804  1168.333 +0.176528 +0.941089 0.722
  2805  1168.750 +0.393471 +0.809346 0.556
  2806  1169.167 +0.345161 -1.353541 0.500
  2807  1169.583 -0.891175 -0.450622 0.611
  2808  1170.000 -0.202613 +0.442949 0.556
  2809  1170.417 -0.487916 +0.199676 0.500
  2810  1170.833 +0.531944 +0.004491 0.611
  2811  1171.250 +0.524021 -1.382102 0.556
  2812  1171.667 -0.295796 -0.186517 0.556
  2813  1172.083 -0.296926 +1.120459 0.556
  2814  1172.500 -0.536113 +1.039107 0.611
  2815  1172.917 +0.533243 +0.382773 0.556
  2816  1173.333 -0.364443 -0.287166 0.556
  2817  1173.750 +0.107934 +0.301384 0.722
  2818  1174.167 +0.324363 -0.048316 0.611
  2819  1174.583 -0.158131 -0.701240 0.556
  2820  1175.000 +1.289167 -0.945498 0.667
  2821  1175.417 -0.584112 -0.339247 0.611
  2822  1175.833 +1.197852 +0.414386 0.556
  2823  1176.250 -0.735845 -0.324916 0.667
  2824  1176.667 -1.443640 +0.327943 0.611
  2825  1177.083 -1.179853 -0.219326 0.500
  2826  1177.500 -0.223574 +0.960393 0.722
  2827  1177.917 +0.692064 +0.684043 0.667
  2828  1178.333 +1.337408 -0.555922 0.556
  2829  1178.750 +1.261877 +0.087795 0.611
  2830  1179.167 -0.799828 +0.551304 0.611
  2831  1179.583 -0.116332 -0.139690 0.556
  2832  1180.000 +0.583624 -1.110133 0.556
  2833  1180.417 -1.694608 -0.044350 0.611
  2834  1180.833 +0.632215 +1.151858 0.667
  2835  1181.250 +0.172579 -1.364009 0.611
  2836  1181.667 -0.910721 -0.083362 0.556
  2837  1182.083 +0.819590 -0.499402 0.500
  2838  1182.500 -0.906991 +0.255835 0.556
  2839  1182.917 +0.627062 +0.889836 0.556
  2840  1183.333 +0.580433 +0.467076 0.611
  2841  1183.750 +0.126047 -0.583049 0.500
  2842  1184.167 -1.042776 +0.775898 0.500
  2843  1184.583 +0.884237 +0.001494 0.611
  2844  1185.000 -0.018272 -0.936837 0.556
  2845  1185.417 -0.606437 +0.721662 0.556
  2846  1185.833 -0.199640 -0.917683 0.556
  2847  1186.250 -0.218481 +0.978384 0.556
  2848  1186.667 +1.403752 +0.105474 0.500
  2849  1187.083 -0.181240 -0.530937 0.556
  2850  1187.500 -0.315391 -0.660054 0.556
  2851  1187.917 +0.386237 +0.494362 0.500
  2852  1188.333 -0.915407 +0.002577 0.500
  2853  1188.750 -0.011511 -0.683255 0.556
  2854  1189.167 +0.145163 +1.062906 0.611
  2855  1189.583 -0.063437 -1.462893 0.611
  2856  1190.000 +0.031046 +1.353171 0.556
  2857  1190.417 +0.142245 +0.720512 0.556
  2858  1190.833 +0.603040 -0.789117 0.556
  2859  1191.250 -0.184445 -0.002498 0.611
  2860  1191.667 -0.890032 -1.102203 0.500
  2861  1192.083 +0.195288 +0.119882 0.556
  2862  1192.500 +0.133968 +1.360573 0.667
  2863  1192.917 -0.413788 +0.485595 0.556
  2864  1193.333 +1.104219 -0.357604 0.556
  2865  1193.750 +0.621768 -0.511808 0.611
  2866  1194.167 -1.191680 +0.045200 0.556
  2867  1194.583 +0.430859 +0.485195 0.556
  2868  1195.000 +0.768151 -1.327333 0.611
  2869  1195.417 -0.906695 -0.392020 0.556
  2870  1195.833 -0.958750 +0.263043 0.500
  2871  1196.250 -0.317708 +1.425947 0.667
  2872  1196.667 +0.318451 -1.194731 0.556
  2873  1197.083 +0.058737 +0.408222 0.556
  2874  1197.500 +1.036161 -0.119202 0.611
  2875  1197.917 -0.752797 +0.846731 0.556
  2876  1198.333 +1.286155 +0.353930 0.556
  2877  1198.750 +0.508872 +0.193239 0.556
  2878  1199.167 -0.492471 -0.864512 0.500
  2879  1199.583 -0.654325 -1.545160 0.500
  2880  1200.000 -0.776012 +0.343096 0.611
  2881  1200.417 -0.290486 +1.248075 0.556
  2882  1200.833 -0.790167 -0.616823 0.611
  2883  1201.250 +1.171433 -0.491191 0.500
  2884  1201.667 +1.282684 +0.692488 0.500
  2885  1202.083 -0.865140 +1.070710 0.556
  2886  1202.500 +0.879276 -0.060651 0.500
  2887  1202.917 +0.025980 -0.470365 0.556
  2888  1203.333 -0.507054 -0.191208 0.500
  2889  1203.750 -0.145342 -0.369683 0.500
  2890  1204.167 -0.109014 -0.318660 0.611
  2891  1204.583 -1.040593 +0.070977 0.500
  2892  1205.000 -0.128683 +1.180979 0.556
  2893  1205.417 +0.889254 -0.823487 0.611
  2894  1205.833 +0.951742 -0.986058 0.500
  2895  1206.250 -0.411387 +0.598813 0.611
  2896  1206.667 -0.174138 -0.015667 0.611
  2897  1207.083 +0.311507 +0.948989 0.500
  2898  1207.500 -0.826952 -0.575904 0.556
  2899  1207.917 +0.264912 -0.803680 0.500
  2900  1208.333 -0.089446 +1.174624 0.611
  2901  1208.750 -0.061897 +0.350508 0.667
  2902  1209.167 +0.105426 -0.494723 0.556
  2903  1209.583 -1.255591 +0.851113 0.556
  2904  1210.000 +0.837190 -0.648251 0.722
  2905  1210.417 +1.128525 -0.241217 0.611
  2906  1210.833 +1.088947 +0.395356 0.556
  2907  1211.250 -0.009648 -1.491634 0.667
  2908  1211.667 -1.220700 +0.446849 0.556
  2909  1212.083 -0.907331 +0.011407 0.556
  2910  1212.500 +0.013446 +0.894433 0.611
  2911  1212.917 -0.582443 -0.758212 0.556
  2912  1213.333 +0.114330 -0.467022 0.556
  2913  1213.750 +1.157436 +0.259358 0.500
  2914  1214.167 -0.014608 +0.515789 0.556
  2915  1214.583 -0.220962 +1.237962 0.611
  2916  1215.000 +0.687584 -0.487359 0.611
  2917  1215.417 -0.139959 -0.772436 0.556
  2918  1215.833 -1.409472 +0.628290 0.611
  2919  1216.250 +0.076476 -0.391221 0.611
  2920  1216.667 +0.363009 -0.482068 0.556
  2921  1217.083 +0.705050 +0.697499 0.611
  2922  1217.500 +0.486154 -0.389726 0.611
  2923  1217.917 +0.004862 +0.361630 0.556
  2924  1218.333 -1.577670 -0.461428 0.556
  2925  1218.750 +0.309049 -0.413359 0.556
  2926  1219.167 +1.362592 +0.368765 0.500
  2927  1219.583 -0.055480 -0.910669 0.611
  2928  1220.000 -0.995280 +0.704348 0.556
  2929  1220.417 +0.308906 +1.271585 0.500
  2930  1220.833 +0.579120 -0.363443 0.611
  2931  1221.250 -0.639437 -1.231493 0.556
  2932  1221.667 -0.438632 +0.712511 0.556
  2933  1222.083 -0.769099 +0.490837 0.667
  2934  1222.500 +0.661062 +0.731546 0.611
  2935  1222.917 -0.198354 -1.637677 0.556
  2936  1223.333 +0.260597 +0.011113 0.722
  2937  1223.750 +1.093085 +0.121261 0.611
  2938  1224.167 -0.425320 -0.292393 0.556
  2939  1224.583 +1.097181 +0.411427 0.722
  2940  1225.000 -1.123318 +0.802283 0.556
  2941  1225.417 +0.228991 +0.129233 0.611
  2942  1225.833 -0.874203 -0.841877 0.722
  2943  1226.250 -1.117393 +0.168436 0.500
  2944  1226.667 +1.594625 -0.001969 0.611
  2945  1227.083 +0.880655 -0.899107 0.722
  2946  1227.500 -0.954189 -0.507644 0.556
  2947  1227.917 -0.022027 +1.274767 0.556
  2948  1228.333 +0.077750 +1.170715 0.722
  2949  1228.750 +0.370311 -1.035289 0.667
  2950  1229.167 -0.514822 -0.245229 0.556
  2951  1229.583 -0.430174 +0.470348 0.667
  2952  1230.000 +0.846063 -0.391003 0.722
  2953  1230.417 -0.463949 +0.181871 0.611
  2954  1230.833 +0.510795 -0.028709 0.611
  2955  1231.250 -0.082760 -1.339584 0.778
  2956  1231.667 -0.875716 +0.096939 0.667
  2957  1232.083 -0.448415 +1.258593 0.556
  2958  1232.500 +0.949172 +1.177805 0.778
  2959  1232.917 +0.963585 -0.891715 0.722
  2960  1233.333 -1.019251 +0.499732 0.556
  2961  1233.750 +0.927355 +0.095536 0.722
  2962  1234.167 -0.318300 -0.919241 0.722
  2963  1234.583 -0.565044 -0.744417 0.667
  2964  1235.000 -0.055349 -0.616377 0.611
  2965  1235.417 -0.041416 +1.300675 0.611
  2966  1235.833 +0.227421 +0.098039 0.667
  2967  1236.250 +0.206895 -1.203591 0.556
  2968  1236.667 -1.251293 +0.691531 0.556
  2969  1237.083 +1.279830 +0.460776 0.722
  2970  1237.500 +0.774540 -0.728233 0.500
  2971  1237.917 -1.101679 +0.385526 0.556
  2972  1238.333 -0.158499 +1.190214 0.722
  2973  1238.750 +0.576944 +0.331652 0.556
  2974  1239.167 -0.286206 +0.303875 0.611
  2975  1239.583 -0.251726 -1.698744 0.667
  2976  1240.000 -1.129539 -0.324293 0.611
  2977  1240.417 +0.779201 +0.425805 0.667
  2978  1240.833 +1.112285 +0.485300 0.556
  2979  1241.250 +0.007031 -0.894211 0.556
  2980  1241.667 -0.734584 -0.358751 0.667
  2981  1242.083 +1.452842 +0.840447 0.556
  2982  1242.500 -0.747745 -0.851500 0.500
  2983  1242.917 -1.173561 -0.410407 0.667
  2984  1243.333 +0.528184 +0.947276 0.556
  2985  1243.750 +0.266606 +0.538944 0.500
  2986  1244.167 +0.446031 +0.936328 0.722
  2987  1244.583 -0.725896 -0.452871 0.500
  2988  1245.000 -0.403080 +0.057459 0.556
  2989  1245.417 +0.763837 -0.728901 0.778
  2990  1245.833 -0.735910 -1.215139 0.556
  2991  1246.250 +0.148860 +0.960497 0.556
  2992  1246.667 -0.393600 +0.730879 0.833
  2993  1247.083 +1.163890 -0.485092 0.611
  2994  1247.500 -0.643912 +0.751440 0.556
  2995  1247.917 +0.260279 -0.397915 0.778
  2996  1248.333 +0.205957 -0.427189 0.556
  2997  1248.750 +0.092628 -0.837855 0.556
  2998  1249.167 -0.708058 -0.265778 0.778
  2999  1249.583 +0.920607 +1.078525 0.556
  3000  1250.000 +0.281915 -1.021452 0.500
  3001  1250.417 -0.606947 +1.182399 0.833
  3002  1250.833 -0.475659 -1.001822 0.611
  3003  1251.250 +0.304413 +0.979816 0.556
  3004  1251.667 -0.555654 +1.106237 0.778
  3005  1252.083 +0.339207 +0.100459 0.611
  3006  1252.500 +1.126985 -0.513348 0.667
  3007  1252.917 -1.368926 -0.192386 0.667
  3008  1253.333 +0.057015 -0.432212 0.556
  3009  1253.750 -0.127899 -0.450402 0.722
  3010  1254.167 -0.193242 -0.563586 0.611
  3011  1254.583 +0.262870 +0.447825 0.500
  3012  1255.000 +0.820547 +0.141434 0.667
  3013  1255.417 -0.265819 +0.176777 0.611
  3014  1255.833 +0.140447 +0.102821 0.556
  3015  1256.250 +0.297543 -0.526069 0.667
  3016  1256.667 -0.662265 -0.989434 0.556
  3017  1257.083 +0.043922 +1.108894 0.556
  3018  1257.500 +1.188422 +0.576017 0.667
  3019  1257.917 -1.113811 +0.354115 0.556
  3020  1258.333 +0.227166 +0.712340 0.556
  3021  1258.750 -0.132097 +0.141321 0.667
  3022  1259.167 -0.663301 -0.765625 0.500
  3023  1259.583 -0.493825 -0.400868 0.500
  3024  1260.000 +0.413837 -1.377358 0.556
  3025  1260.417 +0.428389 +0.181320 0.500
  3026  1260.833 +0.185462 +0.306699 0.500
  3027  1261.250 -0.366066 +0.444862 0.500
  3028  1261.667 +0.335099 +1.492165 0.556
  3029  1262.083 +0.959508 -0.710096 0.556
  3030  1262.500 -0.099895 -1.128364 0.556
  3031  1262.917 -0.218291 -0.853507 0.500
  3032  1263.333 -0.987011 +1.030474 0.556
  3033  1263.750 +0.223975 +1.587257 0.556
  3034  1264.167 +1.049879 -0.269923 0.556
  3035  1264.583 -0.563686 -1.032463 0.556
  3036  1265.000 -1.593763 -0.393188 0.556
  3037  1265.417 -0.489228 -0.427637 0.500
  3038  1265.833 +1.490109 +0.645726 0.611
  3039  1266.250 +0.555332 +0.368635 0.611
  3040  1266.667 -0.036793 +0.947103 0.500
  3041  1267.083 -0.140615 -0.452538 0.667
  3042  1267.500 -1.027680 -0.084390 0.611
  3043  1267.917 +1.126836 -0.254185 0.556
  3044  1268.333 +0.935544 -0.301645 0.611
  3045  1268.750 -0.067294 -1.233735 0.500
  3046  1269.167 +0.091653 +1.012421 0.500
  3047  1269.583 -0.703033 -0.478565 0.611
  3048  1270.000 -1.179774 +0.018591 0.500
  3049  1270.417 -0.330816 +1.158813 0.500
  3050  1270.833 -0.330508 +0.831556 0.611
  3051  1271.250 +0.598607 +0.020753 0.500
  3052  1271.667 +0.786566 -0.616868 0.556
  3053  1272.083 +0.042865 -0.307950 0.667
  3054  1272.500 +0.126008 -0.545459 0.500
  3055  1272.917 -0.871735 -0.924425 0.611
  3056  1273.333 +0.483308 +0.079983 0.667
  3057  1273.750 +1.433078 +0.727321 0.500
  3058  1274.167 +0.196221 +0.669538 0.611
  3059  1274.583 -0.903312 -0.016227 0.556
  3060  1275.000 -0.435731 -0.112614 0.500
  3061  1275.417 -0.457008 -0.060889 0.667
  3062  1275.833 -0.129802 -0.166369 0.611
  3063  1276.250 +1.241551 +0.478950 0.667
  3064  1276.667 -0.955669 +0.266465 0.556
  3065  1277.083 -1.093768 -0.152955 0.556
  3066  1277.500 +0.746416 -0.597387 0.611
  3067  1277.917 +0.291518 -1.003664 0.611
  3068  1278.333 +0.029343 +0.567938 0.611
  3069  1278.750 +1.480960 +0.519743 0.667
  3070  1279.167 -1.303137 -0.284218 0.500
  3071  1279.583 +0.432953 -0.103417 0.556
  3072  1280.000 -0.485569 -0.179839 0.611
  3073  1280.417 -0.585094 +1.114305 0.556
  3074  1280.833 +1.500814 -0.676134 0.667
  3075  1281.250 -0.784386 -0.083738 0.556
  3076  1281.667 -0.550886 +0.590597 0.611
  3077  1282.083 +1.175162 +0.816229 0.667
  3078  1282.500 -0.415921 -1.079597 0.500
  3079  1282.917 -0.502289 +0.478627 0.667
  3080  1283.333 +0.477419 -0.312369 0.667
  3081  1283.750 +0.152009 -0.241102 0.556
  3082  1284.167 -0.180308 -0.816515 0.667
  3083  1284.583 -1.507977 -0.122524 0.667
  3084  1285.000 +1.037460 -0.267824 0.556
  3085  1285.417 +0.134177 +1.017987 0.611
  3086  1285.833 +0.805450 +0.164704 0.667
  3087  1286.250 -0.383796 -0.431505 0.611
  3088  1286.667 -0.846712 +0.591630 0.500
  3089  1287.083 +0.164234 -0.385107 0.556
  3090  1287.500 +0.780095 +1.002826 0.611
  3091  1287.917 +0.277355 +0.156772 0.556
  3092  1288.333 -0.325804 -0.868411 0.611
  3093  1288.750 +0.313946 +0.646913 0.556
  3094  1289.167 +0.082369 -0.455297 0.556
  3095  1289.583 -1.196449 -0.269147 0.667
  3096  1290.000 -0.721749 -0.123172 0.556
  3097  1290.417 +0.880450 -0.691242 0.611
  3098  1290.833 +0.899368 +0.533638 0.667
  3099  1291.250 -0.291825 +0.213657 0.556
  3100  1291.667 -0.143661 -1.019046 0.611
  3101  1292.083 -0.289463 +0.613462 0.611
  3102  1292.500 -0.430099 -0.047236 0.556
  3103  1292.917 +0.038168 +1.231228 0.500
  3104  1293.333 +0.757879 +0.406777 0.556
  3105  1293.750 -0.720386 -1.176984 0.500
  3106  1294.167 +0.823422 -0.156613 0.611
  3107  1294.583 -0.123116 -0.761996 0.500
  3108  1295.000 -0.251273 +1.052589 0.556
  3109  1295.417 +1.505198 +0.170082 0.667
  3110  1295.833 -0.404349 +0.440164 0.556
  3111  1296.250 -0.876062 -0.025970 0.556
  3112  1296.667 -0.664718 +0.180005 0.667
  3113  1297.083 +0.097968 -0.775783 0.556
  3114  1297.500 -0.729757 +0.251903 0.556
  3115  1297.917 +0.170775 -0.815107 0.667
  3116  1298.333 +1.031115 -0.283175 0.500
  3117  1298.750 +0.873821 -0.239492 0.556
  3118  1299.167 -0.821048 +0.465934 0.611
  3119  1299.583 +0.424026 -0.112812 0.667
  3120  1300.000 +0.151588 +0.388934 0.667
  3121  1300.417 -1.129737 -0.393311 0.667
  3122  1300.833 -0.298112 +0.747814 0.667
  3123  1301.250 +0.779258 +0.070617 0.667
  3124  1301.667 -0.632512 +0.526111 0.611
  3125  1302.083 +0.365269 +0.386591 0.667
  3126  1302.500 +0.128610 +0.588453 0.667
  3127  1302.917 +1.068591 +0.018939 0.611
  3128  1303.333 +0.228845 -1.488706 0.556
  3129  1303.750 -1.138156 -0.922514 0.611
  3130  1304.167 +0.278762 -1.132211 0.611
  3131  1304.583 +0.215151 +0.108744 0.500
  3132  1305.000 -1.278963 +1.183053 0.667
  3133  1305.417 -0.614715 -0.101702 0.722
  3134  1305.833 +0.050847 +0.200090 0.667
  3135  1306.250 +1.361264 +1.480538 0.611
  3136  1306.667 +0.231015 -0.168326 0.722
  3137  1307.083 +0.363617 +0.289467 0.778
  3138  1307.500 +0.276815 -0.868723 0.500
  3139  1307.917 -0.837132 -0.001102 0.611
  3140  1308.333 -0.501963 -0.447581 0.722
  3141  1308.750 +0.157568 -0.274274 0.500
  3142  1309.167 +0.787659 -0.033778 0.611
  3143  1309.583 +0.157773 +0.512829 0.722
  3144  1310.000 -0.029577 -0.036538 0.556
  3145  1310.417 -1.642127 -0.042986 0.556
  3146  1310.833 +0.625483 +0.204244 0.611
  3147  1311.250 -0.105160 -0.397432 0.556
  3148  1311.667 -0.071445 -0.547104 0.500
  3149  1312.083 -0.301000 +1.375029 0.500
  3150  1312.500 +0.364159 -0.621766 0.556
  3151  1312.917 +1.290716 -0.445114 0.556
  3152  1313.333 -0.393053 -0.142663 0.611
  3153  1313.750 +0.695913 +0.976188 0.556
  3154  1314.167 +0.478254 +0.402788 0.500
  3155  1314.583 -1.276790 +1.021553 0.611
  3156  1315.000 -1.055622 -0.946223 0.611
  3157  1315.417 -0.623668 -1.164400 0.556
  3158  1315.833 +1.193236 -1.055234 0.667
  3159  1316.250 -0.030459 +0.651949 0.556
  3160  1316.667 -0.630104 +0.129188 0.500
  3161  1317.083 +0.522392 -0.045923 0.611
  3162  1317.500 +0.290490 +1.026030 0.556
  3163  1317.917 +0.505580 -0.416686 0.500
  3164  1318.333 +0.080339 +1.187537 0.611
  3165  1318.750 -0.580796 -0.821372 0.556
  3166  1319.167 +0.430671 +0.494471 0.556
  3167  1319.583 +0.423810 -1.304061 0.500
  3168  1320.000 -1.427293 -0.271321 0.500
  3169  1320.417 +0.251073 +1.457463 0.500
  3170  1320.833 +0.076518 -0.481033 0.500
  3171  1321.250 +0.882339 -0.862927 0.556
  3172  1321.667 -0.961836 +0.452480 0.500
  3173  1322.083 +1.052369 +0.570516 0.500
  3174  1322.500 -0.908715 -0.688579 0.667
  3175  1322.917 -0.528171 -0.055869 0.556
  3176  1323.333 +0.029944 -0.223927 0.611
  3177  1323.750 +0.246023 +0.167071 0.556
  3178  1324.167 +0.637796 +0.949750 0.611
  3179  1324.583 -0.647807 +0.040196 0.500
  3180  1325.000 +0.822837 -0.004255 0.611
  3181  1325.417 +0.104209 -0.731475 0.611
  3182  1325.833 +0.325478 +0.212418 0.556
  3183  1326.250 +0.337837 +1.278878 0.556
  3184  1326.667 -1.897461 -0.664896 0.611
  3185  1327.083 -0.425789 -0.540726 0.611
  3186  1327.500 +0.594754 -0.621573 0.500
  3187  1327.917 +0.390922 -0.715391 0.667
  3188  1328.333 +0.276308 +0.327616 0.556
  3189  1328.750 +0.643281 +0.087092 0.500
  3190  1329.167 -0.569906 +0.600608 0.667
  3191  1329.583 -0.292223 -0.091608 0.556
  3192  1330.000 +0.384184 +0.185269 0.556
  3193  1330.417 -1.173184 +0.849661 0.611
  3194  1330.833 +1.009478 +0.106545 0.556
  3195  1331.250 -0.486153 -0.382498 0.500
  3196  1331.667 +0.829059 +0.590095 0.500
  3197  1332.083 +0.068889 -0.247707 0.556
  3198  1332.500 +0.014690 -1.168712 0.500
  3199  1332.917 -0.346650 +1.272321 0.500
  3200  1333.333 -0.552957 -0.772418 0.556
  3201  1333.750 +0.538117 -1.272945 0.556
  3202  1334.167 -0.386730 -0.906532 0.556
  3203  1334.583 -1.052520 +0.916370 0.611
  3204  1335.000 +1.216282 +0.713218 0.611
  3205  1335.417 +0.495176 +0.513357 0.611
  3206  1335.833 -0.806060 +1.283237 0.556
  3207  1336.250 +0.080434 -0.597202 0.611
  3208  1336.667 -0.283313 +0.216188 0.611
  3209  1337.083 +0.893046 -1.474573 0.500
  3210  1337.500 +0.741016 +0.556828 0.611
  3211  1337.917 -0.608567 +0.432845 0.556
  3212  1338.333 -0.855315 -1.071043 0.500
  3213  1338.750 +0.924892 +0.261302 0.611
  3214  1339.167 -0.407202 -0.085097 0.556
  3215  1339.583 -0.381481 -0.144256 0.556
  3216  1340.000 +0.875880 +0.683634 0.611
  3217  1340.417 -0.288910 +0.367274 0.611
  3218  1340.833 -0.417850 -0.414579 0.611
  3219  1341.250 -0.553166 -0.141406 0.611
  3220  1341.667 +0.065639 +0.026953 0.556
  3221  1342.083 +0.210030 +0.094233 0.611
  3222  1342.500 -0.952021 -0.363521 0.611
  3223  1342.917 +0.783299 +0.709398 0.500
  3224  1343.333 +1.095155 -0.142418 0.611
  3225  1343.750 +0.836481 -0.476469 0.611
  3226  1344.167 -0.529393 -0.601288 0.556
  3227  1344.583 -0.442684 +1.579752 0.556
  3228  1345.000 -1.354127 -0.414259 0.667
  3229  1345.417 +0.073666 -1.044350 0.500
  3230  1345.833 +1.309388 +0.197166 0.556
  3231  1346.250 -0.876373 -0.317716 0.611
  3232  1346.667 +1.202225 +0.293056 0.500
  3233  1347.083 +0.289128 +0.766716 0.500
  3234  1347.500 -1.137895 +0.304175 0.611
  3235  1347.917 -0.737055 +0.616275 0.556
  3236  1348.333 +0.241074 -0.644903 0.556
  3237  1348.750 +0.783920 -0.640988 0.500
  3238  1349.167 -0.148340 -0.332662 0.556
  3239  1349.583 +0.067764 +0.754941 0.556
  3240  1350.000 -0.627768 +0.404734 0.500
  3241  1350.417 +0.414690 -0.580745 0.667
  3242  1350.833 -0.043851 -0.214741 0.611
  3243  1351.250 +0.141935 -0.433125 0.556
  3244  1351.667 -0.019077 -0.697170 0.722
  3245  1352.083 -0.126071 +0.464601 0.611
  3246  1352.500 +0.326053 +1.223265 0.611
  3247  1352.917 -0.396908 -1.356616 0.722
  3248  1353.333 +0.738932 +0.393939 0.611
  3249  1353.750 -0.208811 +1.255401 0.611
  3250  1354.167 +0.584668 +0.315314 0.722
  3251  1354.583 -0.517310 -0.516610 0.611
  3252  1355.000 -1.911023 -0.098489 0.667
  3253  1355.417 +0.298390 -1.346009 0.611
  3254  1355.833 +0.522205 +0.942352 0.556
  3255  1356.250 +0.535894 +0.154245 0.611
  3256  1356.667 +0.760531 -0.803284 0.611
  3257  1357.083 -0.034233 +0.425882 0.556
  3258  1357.500 +0.424825 +0.411893 0.556
  3259  1357.917 -0.619673 +0.149411 0.611
  3260  1358.333 -0.932587 +0.113519 0.556
  3261  1358.750 +0.722105 -0.531352 0.500
  3262  1359.167 -0.429680 -0.054397 0.556
  3263  1359.583 -0.401244 -0.064562 0.556
  3264  1360.000 +1.364444 +0.619915 0.500
  3265  1360.417 -0.133054 -0.411797 0.556
  3266  1360.833 -0.390766 -0.755155 0.556
  3267  1361.250 -0.332520 -0.669254 0.556
  3268  1361.667 -0.328937 +0.891133 0.556
  3269  1362.083 -0.694364 +0.717889 0.500
  3270  1362.500 +1.024886 +0.388147 0.556
  3271  1362.917 +0.365597 -0.861499 0.556
  3272  1363.333 -0.314654 +0.800376 0.500
  3273  1363.750 +0.814121 -0.795409 0.611
  3274  1364.167 -1.163936 +0.410416 0.500
  3275  1364.583 +0.457840 +0.905427 0.500
  3276  1365.000 +0.467593 -0.214746 0.611
  3277  1365.417 -0.148084 +0.082402 0.500
  3278  1365.833 -0.997733 -1.806246 0.500
  3279  1366.250 +0.488271 -0.336307 0.611
  3280  1366.667 +0.231327 +0.761257 0.556
  3281  1367.083 +1.084990 -0.612467 0.556
  3282  1367.500 -1.259938 +0.203038 0.556
  3283  1367.917 +0.126613 +0.647468 0.556
  3284  1368.333 +0.468388 +0.572562 0.556
  3285  1368.750 +0.178401 +0.245864 0.611
  3286  1369.167 -1.166803 +0.226024 0.611
  3287  1369.583 -0.296350 +0.117974 0.556
  3288  1370.000 +0.242167 -1.600048 0.667
  3289  1370.417 +0.225039 +1.301915 0.667
  3290  1370.833 -0.451837 -0.107367 0.556
  3291  1371.250 +0.377142 -0.938067 0.667
  3292  1371.667 +0.675087 +0.337432 0.611
  3293  1372.083 +0.454565 -1.157958 0.500
  3294  1372.500 +0.597911 +0.349808 0.722
  3295  1372.917 -1.061549 -0.108764 0.611
  3296  1373.333 -0.715892 +1.327300 0.500
  3297  1373.750 +0.557745 +0.439477 0.667
  3298  1374.167 +0.288645 -0.412965 0.556
  3299  1374.583 +0.296387 +1.011510 0.556
  3300  1375.000 -0.465598 -1.208434 0.667
  3301  1375.417 -0.389147 -0.670961 0.556
  3302  1375.833 -0.277275 -0.388155 0.556
  3303  1376.250 -0.843224 -0.048195 0.667
  3304  1376.667 +0.022544 +0.235110 0.500
  3305  1377.083 +1.279179 +0.371621 0.611
  3306  1377.500 +0.334757 +1.141754 0.667
  3307  1377.917 -0.046541 -0.295775 0.500
  3308  1378.333 +0.240242 +0.358670 0.611
  3309  1378.750 -0.582484 -1.287843 0.611
  3310  1379.167 -0.276136 +0.979330 0.500
  3311  1379.583 +1.041452 -0.475100 0.611
  3312  1380.000 -0.417692 -0.529775 0.556
  3313  1380.417 -0.390911 +0.182186 0.556
  3314  1380.833 -0.340107 -0.255479 0.722
  3315  1381.250 +0.054855 +0.255711 0.611
  3316  1381.667 +0.539893 +0.864707 0.500
  3317  1382.083 +0.860429 -0.882955 0.778
  3318  1382.500 -0.519295 -0.336584 0.667
  3319  1382.917 -0.647120 +0.557440 0.556
  3320  1383.333 -0.304060 +0.428478 0.722
  3321  1383.750 -1.011155 -0.718174 0.611
  3322  1384.167 +0.416123 +1.296963 0.556
  3323  1384.583 +1.336406 -0.759827 0.611
  3324  1385.000 -0.184861 -1.049978 0.556
  3325  1385.417 +0.344484 +0.612052 0.500
  3326  1385.833 +0.299314 +0.545913 0.556
  3327  1386.250 -0.364821 -0.960020 0.500
  3328  1386.667 -0.350434 +0.420037 0.611
  3329  1387.083 +0.224047 +0.589376 0.556
  3330  1387.500 -1.318039 -0.088166 0.500
  3331  1387.917 +0.151441 -0.710353 0.556
  3332  1388.333 +1.056095 +1.139402 0.611
  3333  1388.750 +1.031288 -0.286194 0.611
  3334  1389.167 -0.613540 -0.493559 0.611
  3335  1389.583 -0.539491 -0.555044 0.611
  3336  1390.000 -1.100732 +0.421966 0.611
  3337  1390.417 -0.459393 +0.570841 0.556
  3338  1390.833 +1.433095 +0.659510 0.667
  3339  1391.250 +1.684498 -0.727331 0.667
  3340  1391.667 -0.248340 -0.896690 0.611
  3341  1392.083 -1.212071 -0.155822 0.556
  3342  1392.500 -0.198250 +0.693778 0.611
  3343  1392.917 -1.157716 -0.565389 0.556
  3344  1393.333 -0.710839 +0.343510 0.500
  3345  1393.750 +1.290674 +0.350203 0.611
  3346  1394.167 +1.283990 -0.094827 0.500
  3347  1394.583 +1.138582 +0.157446 0.556
  3348  1395.000 -0.799625 -0.540847 0.611
  3349  1395.417 -1.132408 +0.992104 0.500
  3350  1395.833 +0.466193 +0.676674 0.611
  3351  1396.250 -0.851242 -0.339486 0.611
  3352  1396.667 -0.532585 +0.312282 0.500
  3353  1397.083 +0.937391 -1.228172 0.611
  3354  1397.500 -0.474410 -1.015481 0.556
  3355  1397.917 +0.057763 -0.203570 0.500
  3356  1398.333 -0.014971 -0.013690 0.611
  3357  1398.750 +1.342959 +0.399288 0.500
  3358  1399.167 +0.027138 +0.926842 0.556
  3359  1399.583 +0.016559 +0.637286 0.556
  3360  1400.000 -0.080314 +0.100990 0.556
  3361  1400.417 -0.645420 -1.107340 0.556
  3362  1400.833 -0.664532 +0.355415 0.500
  3363  1401.250 +0.329278 +0.712216 0.611
  3364  1401.667 -0.475194 -0.484073 0.500
  3365  1402.083 +1.008935 -1.141769 0.500
  3366  1402.500 +0.682938 +0.909281 0.611
  3367  1402.917 -1.555814 +0.001480 0.500
  3368  1403.333 -0.577636 +0.668102 0.556
  3369  1403.750 +0.243975 -0.411929 0.556
  3370  1404.167 +0.450648 -0.746457 0.556
  3371  1404.583 +0.213221 -0.317124 0.556
  3372  1405.000 +1.058800 +0.380837 0.556
  3373  1405.417 -0.051926 +0.734452 0.556
  3374  1405.833 -0.603257 +0.097566 0.611
  3375  1406.250 +0.382627 -0.591060 0.500
  3376  1406.667 +0.385504 -0.283970 0.611
  3377  1407.083 -0.767602 -0.035974 0.556
  3378  1407.500 -1.357559 +0.353699 0.556
  3379  1407.917 +0.672661 -0.379457 0.556
  3380  1408.333 +0.644061 +0.863189 0.611
  3381  1408.750 -0.342985 +0.835361 0.556
  3382  1409.167 -0.261400 -1.164441 0.667
  3383  1409.583 -0.017084 +0.269785 0.500
  3384  1410.000 +0.882689 -0.286773 0.500
  3385  1410.417 -0.496081 -1.243397 0.611
  3386  1410.833 +1.312625 +0.530752 0.500
  3387  1411.250 -1.101413 +1.060390 0.556
  3388  1411.667 -0.212649 +0.295755 0.667
  3389  1412.083 +0.634791 -1.124827 0.556
  3390  1412.500 -1.493121 +0.258410 0.556
  3391  1412.917 +0.056671 +0.486523 0.667
  3392  1413.333 +0.646786 -1.308777 0.611
  3393  1413.750 +0.142098 +1.123017 0.500
  3394  1414.167 +0.414416 +0.407472 0.611
  3395  1414.583 +0.622428 -0.993550 0.611
  3396  1415.000 +0.568530 +1.038699 0.500
  3397  1415.417 -1.554631 +0.064216 0.611
  3398  1415.833 -0.535297 -0.891979 0.611
  3399  1416.250 -0.506922 -0.635185 0.556
  3400  1416.667 +0.525643 +0.750076 0.556
  3401  1417.083 +0.532987 +0.487470 0.500
  3402  1417.500 -0.553242 -0.235708 0.500
  3403  1417.917 +0.751522 -0.573365 0.611
  3404  1418.333 -0.392550 -0.156588 0.500
  3405  1418.750 +0.847204 +0.797448 0.556
  3406  1419.167 +0.488220 +0.309126 0.556
  3407  1419.583 -0.177787 -0.144365 0.556
  3408  1420.000 -0.429046 -0.448472 0.556
  3409  1420.417 -1.210657 +0.045257 0.556
  3410  1420.833 -0.812330 -0.376346 0.556
  3411  1421.250 +0.594543 +0.065271 0.611
  3412  1421.667 +1.402516 +0.989607 0.556
  3413  1422.083 -0.214205 -0.729044 0.667
  3414  1422.500 -0.521326 -1.160766 0.500
  3415  1422.917 +0.346579 +0.776985 0.556
  3416  1423.333 +0.060413 +0.717240 0.611
  3417  1423.750 +1.018016 +1.035784 0.500
  3418  1424.167 -0.764501 -0.298565 0.611
  3419  1424.583 -0.438767 -0.678164 0.556
  3420  1425.000 -0.461643 -0.424247 0.500
  3421  1425.417 -0.547502 -0.767535 0.611
  3422  1425.833 +0.572695 +0.155927 0.500
  3423  1426.250 +1.153215 -0.012304 0.500
  3424  1426.667 -0.438630 +0.276212 0.667
  3425  1427.083 -0.283060 +0.507530 0.500
  3426  1427.500 -0.058028 +0.719159 0.500
  3427  1427.917 -0.006290 +0.739596 0.722
  3428  1428.333 -0.514756 -1.232965 0.500
  3429  1428.750 +1.541366 -0.875708 0.556
  3430  1429.167 +0.201775 -0.503134 0.611
  3431  1429.583 -0.849187 +0.290995 0.556
  3432  1430.000 -0.544414 +0.461825 0.556
  3433  1430.417 -0.395425 +1.441972 0.500
  3434  1430.833 +0.213881 -0.555613 0.556
  3435  1431.250 +0.308848 -1.242147 0.556
  3436  1431.667 -0.030140 +1.128539 0.556
  3437  1432.083 +0.092477 +0.823244 0.500
  3438  1432.500 -1.148400 -0.434240 0.611
  3439  1432.917 +0.989331 -1.159057 0.556
  3440  1433.333 +0.838646 -1.016647 0.556
  3441  1433.750 +1.048105 +0.820689 0.667
  3442  1434.167 +0.358672 +0.144207 0.556
  3443  1434.583 -1.093259 -0.400816 0.611
  3444  1435.000 -1.109943 +0.787581 0.722
  3445  1435.417 -0.331712 +0.422002 0.667
  3446  1435.833 -0.263720 +0.693114 0.611
  3447  1436.250 -1.172279 -0.210003 0.722
  3448  1436.667 +1.145560 -0.075862 0.667
  3449  1437.083 -0.289694 -0.528187 0.611
  3450  1437.500 +0.712228 -1.161317 0.667
  3451  1437.917 +1.390264 -0.574273 0.556
  3452  1438.333 +0.279645 +0.214467 0.667
  3453  1438.750 +0.017264 +1.270205 0.722
  3454  1439.167 -0.543377 +0.489339 0.667
  3455  1439.583 -0.711310 -1.091018 0.500
  3456  1440.000 +0.239281 +0.517105 0.556
  3457  1440.417 -0.164268 +1.728059 0.556
  3458  1440.833 +0.344030 -0.426243 0.500
  3459  1441.250 -0.984268 -0.652639 0.556
  3460  1441.667 -0.659034 -0.315818 0.556
  3461  1442.083 +0.760723 -1.299465 0.611
  3462  1442.500 -0.412617 +0.672763 0.500
  3463  1442.917 +0.808548 -0.462287 0.556
  3464  1443.333 -0.069346 +0.967626 0.556
  3465  1443.750 +0.083716 -0.595604 0.500
  3466  1444.167 +0.975324 +0.292661 0.611
  3467  1444.583 +0.576110 +0.614370 0.500
  3468  1445.000 -0.543400 +0.003690 0.556
  3469  1445.417 -0.135435 -0.991878 0.611
  3470  1445.833 -1.531950 +0.467305 0.500
  3471  1446.250 -0.941088 -0.190475 0.556
  3472  1446.667 +0.679266 -0.781978 0.667
  3473  1447.083 +0.473371 +0.890905 0.556
  3474  1447.500 +0.397671 +0.652800 0.611
  3475  1447.917 +0.478821 +1.130870 0.556
  3476  1448.333 -0.107403 -0.433615 0.500
  3477  1448.750 -0.480731 -1.377098 0.556
  3478  1449.167 +1.717890 -0.068732 0.500
  3479  1449.583 -0.271607 +0.214995 0.500
  3480  1450.000 -1.248742 +0.605755 0.500
  3481  1450.417 +0.094940 -1.381519 0.556
  3482  1450.833 +0.126505 +0.506604 0.556
  3483  1451.250 -0.987223 +0.769268 0.500
  3484  1451.667 -1.029587 -0.815031 0.667
  3485  1452.083 +1.078615 -0.685360 0.611
  3486  1452.500 +1.125302 +0.119923 0.556
  3487  1452.917 -0.627717 +0.873888 0.667
  3488  1453.333 +0.392135 +0.198063 0.611
  3489  1453.750 +0.134173 +0.114707 0.611
  3490  1454.167 +0.291523 +0.137460 0.611
  3491  1454.583 -0.822755 +0.463652 0.611
  3492  1455.000 +0.751104 +0.216413 0.667
  3493  1455.417 -0.844060 -0.140988 0.556
  3494  1455.833 +0.195170 -1.679051 0.611
  3495  1456.250 +1.283750 +0.257691 0.722
  3496  1456.667 -0.545112 +0.031410 0.500
  3497  1457.083 -0.580041 -0.197182 0.556
  3498  1457.500 -0.305450 +0.745388 0.722
  3499  1457.917 -0.429569 -0.595739 0.500
  3500  1458.333 -0.555642 +1.133424 0.500
  3501  1458.750 -0.039832 -0.652438 0.778
  3502  1459.167 +1.710421 -0.628497 0.556
  3503  1459.583 +1.090059 +0.849493 0.500
  3504  1460.000 -0.626221 +0.956083 0.778
  3505  1460.417 -0.627462 -1.132674 0.556
  3506  1460.833 +0.665288 -0.369450 0.500
  3507  1461.250 -0.948550 +0.754943 0.667
  3508  1461.667 -1.595687 +0.000083 0.500
  3509  1462.083 +0.584613 -0.502388 0.500
  3510  1462.500 +0.708083 +0.001854 0.556
  3511  1462.917 -0.287664 -0.781560 0.500
  3512  1463.333 +0.990159 +0.149250 0.556
  3513  1463.750 +0.422910 +0.376173 0.611
  3514  1464.167 -0.569524 +0.292813 0.556
  3515  1464.583 +0.307284 -0.703042 0.500
  3516  1465.000 +0.100374 +1.136048 0.667
  3517  1465.417 +0.348330 +0.686708 0.556
  3518  1465.833 -1.099161 +0.268416 0.556
  3519  1466.250 -1.169867 -0.688528 0.722
  3520  1466.667 +0.950686 -1.231938 0.611
  3521  1467.083 -0.142523 +0.480678 0.556
  3522  1467.500 +0.759327 -0.355075 0.778
  3523  1467.917 +0.334438 -0.300797 0.667
  3524  1468.333 +0.108465 +0.647749 0.611
  3525  1468.750 -0.284995 +0.066891 0.667
  3526  1469.167 -1.350637 +0.406070 0.611
  3527  1469.583 +0.209750 +0.153704 0.611
  3528  1470.000 -0.315130 -1.179926 0.611
  3529  1470.417 +0.520864 +0.262293 0.611
  3530  1470.833 +0.616838 +0.335439 0.611
  3531  1471.250 +0.671870 +0.363728 0.611
  3532  1471.667 -0.225279 +0.051046 0.611
  3533  1472.083 -0.339886 -0.040940 0.611
  3534  1472.500 -0.475640 +0.025236 0.611
  3535  1472.917 +1.001831 -0.398732 0.611
  3536  1473.333 -0.258974 -0.224647 0.611
  3537  1473.750 -0.852810 -0.703615 0.611
  3538  1474.167 +0.478157 +1.231962 0.611
  3539  1474.583 -0.008493 -0.277518 0.667
  3540  1475.000 -0.060330 +0.225342 0.500
  3541  1475.417 -1.360163 +0.185755 0.556
  3542  1475.833 +0.291846 -0.154487 0.667
  3543  1476.250 +1.127973 -0.965285 0.500
  3544  1476.667 +0.646926 +0.733955 0.611
  3545  1477.083 -0.691687 +0.475331 0.667
  3546  1477.500 -0.117439 -0.708329 0.500
  3547  1477.917 +0.305745 +0.692219 0.611
  3548  1478.333 +0.680450 -1.187704 0.611
  3549  1478.750 -0.276645 +1.020820 0.500
  3550  1479.167 -1.038610 -0.202291 0.667
  3551  1479.583 -0.760009 -0.310964 0.667
  3552  1480.000 +0.639974 +0.751797 0.556
  3553  1480.417 +0.169756 -0.408668 0.611
  3554  1480.833 +0.282602 -0.659561 0.667
  3555  1481.250 +0.539531 +0.875810 0.611
  3556  1481.667 -0.205170 -0.819542 0.500
  3557  1482.083 -0.642378 +0.303768 0.556
  3558  1482.500 +1.162229 +0.019155 0.556
  3559  1482.917 -0.653408 +0.720727 0.556
  3560  1483.333 -0.102289 -0.314370 0.500
  3561  1483.750 -0.273708 -1.384017 0.556
  3562  1484.167 +0.100113 +0.972514 0.556
  3563  1484.583 +0.085203 +0.733072 0.556
  3564  1485.000 +0.364451 +0.447068 0.556
  3565  1485.417 -0.247644 -0.841920 0.556
  3566  1485.833 -0.505731 -0.615919 0.556
  3567  1486.250 +0.060644 +0.255111 0.556
  3568  1486.667 -0.347434 +0.353749 0.500
  3569  1487.083 +0.790638 -1.296955 0.611
  3570  1487.500 +0.430047 -0.140781 0.556
  3571  1487.917 -0.174254 +1.378184 0.500
  3572  1488.333 -0.610121 +1.255564 0.667
  3573  1488.750 +0.670260 +0.245585 0.500
  3574  1489.167 +0.042911 -1.659231 0.611
  3575  1489.583 -0.450177 +0.337198 0.611
  3576  1490.000 -0.348385 -0.547691 0.500
  3577  1490.417 -0.716099 -0.422031 0.611
  3578  1490.833 +1.428794 +0.913577 0.611
  3579  1491.250 +0.078850 -1.133083 0.500
  3580  1491.667 -0.334886 -0.275082 0.611
  3581  1492.083 +0.238216 +0.982136 0.611
  3582  1492.500 +0.123231 -0.496445 0.556
  3583  1492.917 -0.599910 +0.849266 0.667
  3584  1493.333 -0.907114 +1.011492 0.556
  3585  1493.750 +1.133347 -0.432538 0.500
  3586  1494.167 +0.826774 -0.984808 0.667
  3587  1494.583 -1.067843 +0.463530 0.556
  3588  1495.000 +0.542645 +1.322005 0.500
  3589  1495.417 -0.446304 -0.915166 0.722
  3590  1495.833 -0.514764 -0.790321 0.556
  3591  1496.250 -0.318393 -0.768368 0.556
  3592  1496.667 +1.409764 -0.128581 0.611
  3593  1497.083 -0.443033 +0.291401 0.556
  3594  1497.500 -0.636201 +0.997773 0.556
  3595  1497.917 +0.278122 -1.158874 0.556
  3596  1498.333 +0.433786 +0.680923 0.556
  3597  1498.750 +0.363968 +0.309021 0.500
  3598  1499.167 +0.377887 +0.373634 0.556
  3599  1499.583 +0.166284 +0.387311 0.556
  3600  1500.000 -1.224397 -0.240778 0.500
  3601  1500.417 -0.594981 -1.588458 0.500
  3602  1500.833 -0.987916 +0.833032 0.556
  3603  1501.250 +1.158608 +0.544448 0.500
  3604  1501.667 +1.450418 +0.495338 0.500
  3605  1502.083 -0.057324 +0.035631 0.611
  3606  1502.500 -0.066944 -0.835958 0.500
  3607  1502.917 -0.643443 -0.343834 0.556
  3608  1503.333 -0.811630 -0.132102 0.556
  3609  1503.750 +0.777354 -0.787433 0.500
  3610  1504.167 -0.416170 +0.481198 0.611
  3611  1504.583 -0.348325 +0.551121 0.500
  3612  1505.000 +1.099875 +0.542583 0.556
  3613  1505.417 -0.288101 -0.512328 0.611
  3614  1505.833 +0.739201 +0.360336 0.556
  3615  1506.250 +0.232708 +0.197096 0.556
  3616  1506.667 -0.640841 -0.068618 0.667
  3617  1507.083 -0.384431 -0.075373 0.611
  3618  1507.500 -0.532845 -0.415075 0.556
  3619  1507.917 -1.109820 +0.362259 0.611
  3620  1508.333 +0.264990 -0.000823 0.722
  3621  1508.750 +1.011921 +0.480502 0.500
  3622  1509.167 +0.367140 -0.887062 0.667
  3623  1509.583 +0.214600 -1.231102 0.611
  3624  1510.000 +0.564729 +0.582308 0.611
  3625  1510.417 +0.325845 -0.269745 0.611
  3626  1510.833 -0.317642 +0.877569 0.556
  3627  1511.250 -0.452282 +0.516026 0.667
  3628  1511.667 -0.242863 +0.845854 0.500
  3629  1512.083 -1.191430 -0.341011 0.556
  3630  1512.500 +0.871726 -0.292161 0.611
  3631  1512.917 +0.285230 -0.375959 0.556
  3632  1513.333 -0.246763 -0.250973 0.556
  3633  1513.750 -0.561657 -0.298433 0.556
  3634  1514.167 -0.451459 +1.012255 0.611
  3635  1514.583 +1.344026 -0.564997 0.556
  3636  1515.000 +0.248731 +0.031606 0.556
  3637  1515.417 -0.367037 -0.704706 0.611
  3638  1515.833 +0.923111 -1.145854 0.556
  3639  1516.250 -0.813304 +0.749059 0.611
  3640  1516.667 -0.359941 +1.178357 0.611
  3641  1517.083 +1.137058 +0.952340 0.611
  3642  1517.500 -0.723453 +0.703148 0.556
  3643  1517.917 -0.996234 -1.140066 0.611
  3644  1518.333 +0.528130 -0.715688 0.611
  3645  1518.750 +1.070036 -0.428406 0.500
  3646  1519.167 -0.947637 -1.200140 0.556
  3647  1519.583 -0.233277 +0.735568 0.667
  3648  1520.000 -0.741182 +0.903380 0.611
  3649  1520.417 +0.534962 +0.686664 0.611
  3650  1520.833 -0.346150 +0.405635 0.611
  3651  1521.250 +0.773894 -0.105344 0.611
  3652  1521.667 +0.812671 +0.160139 0.556
  3653  1522.083 -0.368527 -0.995552 0.667
  3654  1522.500 +0.206264 -0.663363 0.667
  3655  1522.917 +0.423692 -0.928243 0.556
  3656  1523.333 -0.305818 -0.166823 0.611
  3657  1523.750 -0.753024 +0.533475 0.667
  3658  1524.167 +0.654572 +1.754757 0.556
  3659  1524.583 -0.029994 +0.554682 0.500
  3660  1525.000 -0.477953 -0.374497 0.611
  3661  1525.417 -0.285513 -0.283217 0.500
  3662  1525.833 -0.415468 -0.311899 0.500
  3663  1526.250 -0.670607 -0.648016 0.611
  3664  1526.667 +0.162421 +0.200180 0.556
  3665  1527.083 +1.376228 -0.247463 0.611
  3666  1527.500 -0.243053 +0.680703 0.556
  3667  1527.917 +0.164989 +0.415118 0.611
  3668  1528.333 -0.153532 -1.273344 0.500
  3669  1528.750 +0.615729 +0.526642 0.500
  3670  1529.167 -0.686274 +0.957528 0.556
  3671  1529.583 +0.030119 -0.720665 0.611
  3672  1530.000 +0.258895 -1.199364 0.611
  3673  1530.417 +1.096232 +0.823137 0.611
  3674  1530.833 -0.501200 +0.138233 0.611
  3675  1531.250 +0.099974 +0.281830 0.667
  3676  1531.667 -0.829741 -0.275753 0.611
  3677  1532.083 -0.951075 -0.245964 0.611
  3678  1532.500 +0.146560 +0.222622 0.722
  3679  1532.917 -0.369902 +0.095227 0.611
  3680  1533.333 +0.461267 +0.896663 0.667
  3681  1533.750 +0.703149 +0.641201 0.722
  3682  1534.167 +0.357205 -0.511858 0.611
  3683  1534.583 -0.607986 -1.068566 0.667
  3684  1535.000 +0.771867 -0.732798 0.667
  3685  1535.417 -0.505449 +0.053110 0.556
  3686  1535.833 +0.764846 -0.990325 0.611
  3687  1536.250 -0.700448 +0.561639 0.667
  3688  1536.667 -0.611161 +1.500058 0.556
  3689  1537.083 +0.244928 +0.441886 0.500
  3690  1537.500 -0.393084 -0.132280 0.667
  3691  1537.917 +0.652113 -0.092720 0.556
  3692  1538.333 +0.850460 -0.246488 0.556
  3693  1538.750 -0.418786 +0.315221 0.667
  3694  1539.167 +0.358323 +0.155794 0.556
  3695  1539.583 -1.308962 -0.618480 0.611
  3696  1540.000 -0.322085 -0.806639 0.611
  3697  1540.417 +0.292791 +0.054266 0.556
  3698  1540.833 +0.252922 +0.200125 0.722
  3699  1541.250 +0.100779 -0.939150 0.556
  3700  1541.667 +0.878614 +1.380924 0.556
  3701  1542.083 -0.018902 +0.739581 0.722
  3702  1542.500 -1.328190 +0.225554 0.611
  3703  1542.917 +0.666819 -1.262848 0.611
  3704  1543.333 +0.101122 -0.174551 0.667
  3705  1543.750 +0.084853 +1.210511 0.611
  3706  1544.167 +0.758120 -0.196852 0.611
  3707  1544.583 -1.176939 -1.002085 0.611
  3708  1545.000 -0.681044 +0.007383 0.556
  3709  1545.417 +1.049529 -0.199119 0.500
  3710  1545.833 -0.140807 +1.199394 0.556
  3711  1546.250 -0.509505 -0.240793 0.556
  3712  1546.667 +0.200735 -0.295214 0.500
  3713  1547.083 -0.678558 -1.052407 0.611
  3714  1547.500 +1.126845 -0.142639 0.556
  3715  1547.917 -0.447363 +1.609243 0.556
  3716  1548.333 +0.638562 +0.681739 0.500
  3717  1548.750 +1.089399 -0.655724 0.556
  3718  1549.167 +0.338403 +0.332694 0.500
  3719  1549.583 -1.185596 -0.299908 0.500
  3720  1550.000 -1.087434 -0.287280 0.611
  3721  1550.417 -0.052788 -0.452414 0.500
  3722  1550.833 -0.055426 -0.801978 0.500
  3723  1551.250 -0.716289 -0.128931 0.611
  3724  1551.667 +0.551032 +0.962023 0.500
  3725  1552.083 +0.210792 +1.239360 0.556
  3726  1552.500 +1.099260 -1.098952 0.500
  3727  1552.917 -0.265056 -0.298860 0.611
  3728  1553.333 +0.335620 -0.283534 0.500
  3729  1553.750 -1.028689 -0.020763 0.556
  3730  1554.167 +1.378516 +1.188342 0.500
  3731  1554.583 -0.198145 +0.390627 0.667
  3732  1555.000 -0.385709 -0.933741 0.611
  3733  1555.417 -0.745524 +0.428319 0.556
  3734  1555.833 -0.046843 -0.473652 0.667
  3735  1556.250 +0.603992 +0.757856 0.667
  3736  1556.667 -0.287586 +0.239136 0.556
  3737  1557.083 +0.338797 -1.341116 0.667
  3738  1557.500 -0.548685 +0.308281 0.667
  3739  1557.917 +0.300187 -0.977762 0.556
  3740  1558.333 -0.468406 -0.063515 0.611
  3741  1558.750 +0.252521 +0.723855 0.611
  3742  1559.167 -0.169741 +0.300436 0.500
  3743  1559.583 +0.327718 +1.393688 0.611
  3744  1560.000 -0.153477 -0.409130 0.611
  3745  1560.417 +0.154167 -1.206191 0.556
  3746  1560.833 +0.601397 +0.172470 0.611
  3747  1561.250 -0.692517 +0.335355 0.611
  3748  1561.667 +0.856999 +0.026610 0.611
  3749  1562.083 -0.527501 -0.829232 0.611
  3750  1562.500 +0.349831 +0.427562 0.556
  3751  1562.917 -0.914084 -0.130552 0.611
  3752  1563.333 +0.589490 +1.066116 0.611
  3753  1563.750 -0.374542 -0.586163 0.556
  3754  1564.167 +0.089414 +0.053671 0.611
  3755  1564.583 +0.286858 -0.332147 0.556
  3756  1565.000 -0.594297 +0.573397 0.556
  3757  1565.417 +0.847054 -0.998274 0.500
  3758  1565.833 -1.314653 +0.604989 0.611
  3759  1566.250 -0.411472 -0.359221 0.611
  3760  1566.667 +1.131098 -0.479826 0.556
  3761  1567.083 +0.501869 +0.699857 0.556
  3762  1567.500 +0.599433 +0.684311 0.556
  3763  1567.917 -0.362173 +0.098779 0.556
  3764  1568.333 -0.494800 +0.195443 0.500
  3765  1568.750 -0.098589 -1.401889 0.500
  3766  1569.167 -1.198060 -0.029772 0.500
  3767  1569.583 +1.374231 +0.189373 0.500
  3768  1570.000 -0.186634 +0.133309 0.500
  3769  1570.417 -0.264949 -0.230830 0.500
  3770  1570.833 +0.913237 +0.393667 0.556
  3771  1571.250 -0.541447 +1.195370 0.611
  3772  1571.667 -0.334390 -1.097858 0.611
  3773  1572.083 +0.190567 +0.093812 0.500
  3774  1572.500 -0.554904 +0.439453 0.611
  3775  1572.917 +1.495935 -0.278933 0.556
  3776  1573.333 -0.479130 -0.940699 0.556
  3777  1573.750 -0.722350 +0.067407 0.667
  3778  1574.167 +0.665446 +0.091235 0.556
  3779  1574.583 -1.225903 +0.569113 0.556
  3780  1575.000 +1.150500 +0.970446 0.722
  3781  1575.417 +0.077026 -1.157607 0.611
  3782  1575.833 -1.286571 -0.572873 0.500
  3783  1576.250 +0.163152 +0.303391 0.667
  3784  1576.667 -0.452621 -0.144639 0.500
  3785  1577.083 +0.762233 +1.391287 0.611
  3786  1577.500 +0.876282 -0.736538 0.722
  3787  1577.917 +1.021965 +0.088194 0.500
  3788  1578.333 -0.273097 -0.035786 0.611
  3789  1578.750 -0.616124 -0.261682 0.722
  3790  1579.167 +0.685467 +0.055432 0.500
  3791  1579.583 -1.281657 +0.227151 0.556
  3792  1580.000 -0.806526 +0.448992 0.667
  3793  1580.417 -0.621517 -0.662611 0.500
  3794  1580.833 +0.678756 -0.139303 0.500
  3795  1581.250 +0.087479 -0.434546 0.556
  3796  1581.667 +1.031252 +0.317479 0.500
  3797  1582.083 -0.088917 -0.524261 0.556
  3798  1582.500 -0.172696 +0.651708 0.556
  3799  1582.917 +0.700309 -0.642968 0.611
  3800  1583.333 -1.271053 +0.335552 0.500
  3801  1583.750 +0.380480 +0.801796 0.500
  3802  1584.167 +0.528826 +0.372759 0.611
  3803  1584.583 -1.103241 +0.027656 0.556
  3804  1585.000 -0.414246 +0.642646 0.500
  3805  1585.417 +1.393761 +0.004725 0.611
  3806  1585.833 +0.587133 -1.503539 0.556
  3807  1586.250 -0.093419 -0.639200 0.556
  3808  1586.667 +0.304353 -1.084054 0.500
  3809  1587.083 -0.726869 +0.358656 0.667
  3810  1587.500 -0.432154 +1.385406 0.611
  3811  1587.917 -0.572106 -0.063160 0.556
  3812  1588.333 -0.500361 -0.085056 0.611
  3813  1588.750 +0.432804 +1.262978 0.611
  3814  1589.167 +0.052385 -0.101433 0.500
  3815  1589.583 +1.464598 -0.805469 0.556
  3816  1590.000 -0.848831 -0.237186 0.556
  3817  1590.417 -0.266044 -0.177550 0.611
  3818  1590.833 +0.100370 -0.298871 0.611
  3819  1591.250 +0.516740 -0.697437 0.667
  3820  1591.667 +0.469672 +1.607516 0.500
  3821  1592.083 -0.845500 +0.484429 0.500
  3822  1592.500 -0.687050 -0.677495 0.611
  3823  1592.917 +0.873409 +1.055815 0.556
  3824  1593.333 +0.534713 -1.040346 0.556
  3825  1593.750 -0.105750 -0.845268 0.500
  3826  1594.167 -0.446394 +1.130105 0.500
  3827  1594.583 -0.518764 -1.083408 0.556
  3828  1595.000 +1.261179 +0.129378 0.611
  3829  1595.417 -0.770572 +0.714745 0.611
  3830  1595.833 -1.367932 -0.905895 0.556
  3831  1596.250 +0.414304 +0.201668 0.500
  3832  1596.667 +0.199993 +0.571709 0.500
  3833  1597.083 +0.028077 +0.266027 0.500
  3834  1597.500 +0.487744 +0.426814 0.500
  3835  1597.917 +1.179512 -0.829837 0.500
  3836  1598.333 -0.618903 -0.570033 0.556
  3837  1598.750 -0.706817 +0.969445 0.556
  3838  1599.167 +1.260820 -0.537113 0.611
  3839  1599.583 -0.268638 -0.443745 0.556
  3840  1600.000 -0.576417 +1.196399 0.500
  3841  1600.417 +0.760544 -0.259731 0.611
  3842  1600.833 -0.969525 -0.044550 0.611
  3843  1601.250 -0.532800 +0.810518 0.556
  3844  1601.667 -0.385991 -1.286209 0.500
  3845  1602.083 +0.756789 -0.370403 0.722
  3846  1602.500 -0.124344 +0.229354 0.500
  3847  1602.917 -1.027063 -0.155376 0.500
  3848  1603.333 +0.616415 +0.194565 0.778
  3849  1603.750 +1.532450 +0.314889 0.556
  3850  1604.167 +0.045594 +0.402593 0.611
  3851  1604.583 +0.144272 +0.151871 0.722
  3852  1605.000 -0.070549 -0.573998 0.556
  3853  1605.417 -0.826351 +0.415252 0.667
  3854  1605.833 +0.490053 -0.354886 0.667
  3855  1606.250 -0.851498 -0.604959 0.556
  3856  1606.667 -0.285177 +0.586859 0.667
  3857  1607.083 -0.600530 +0.171178 0.611
  3858  1607.500 +1.537267 -0.100897 0.556
  3859  1607.917 +0.199281 -0.934327 0.667
  3860  1608.333 -0.760499 +0.202363 0.556
  3861  1608.750 +0.525537 -0.217297 0.556
  3862  1609.167 -0.435550 +1.278032 0.722
  3863  1609.583 -0.876231 +0.842205 0.500
  3864  1610.000 +0.633333 -0.307168 0.500
  3865  1610.417 +0.864162 +0.172793 0.722
  3866  1610.833 +0.705718 -0.839289 0.556
  3867  1611.250 -1.095475 -0.488423 0.500
  3868  1611.667 -0.413924 -0.357738 0.722
  3869  1612.083 +0.072894 -0.477182 0.611
  3870  1612.500 -0.181870 +0.077756 0.500
  3871  1612.917 -0.123779 +0.947861 0.667
  3872  1613.333 +1.088430 -0.305473 0.556
  3873  1613.750 -0.412716 +0.993930 0.611
  3874  1614.167 +0.648230 -0.414518 0.667
  3875  1614.583 -0.981343 +0.145174 0.500
  3876  1615.000 -0.416011 -0.340884 0.722
  3877  1615.417 +0.554337 -0.856595 0.778
  3878  1615.833 +1.134918 +1.302817 0.611
  3879  1616.250 -0.294015 -0.387017 0.667
  3880  1616.667 -1.211552 +0.389766 0.722
  3881  1617.083 -0.421041 -0.398268 0.611
  3882  1617.500 +0.459720 -1.186228 0.667
  3883  1617.917 +0.817610 +1.110242 0.667
  3884  1618.333 -1.126669 +0.657785 0.556
  3885  1618.750 -0.162455 -0.929976 0.611
  3886  1619.167 +1.432034 +0.641845 0.611
  3887  1619.583 -0.591631 -0.143644 0.556
  3888  1620.000 -0.240112 -0.597930 0.556
  3889  1620.417 +1.253097 -0.342958 0.556
  3890  1620.833 -0.724830 +0.306724 0.611
  3891  1621.250 -0.280999 +0.929173 0.556
  3892  1621.667 +0.137435 -0.555550 0.500
  3893  1622.083 +0.290980 +0.104860 0.611
  3894  1622.500 -0.097520 -0.304821 0.667
  3895  1622.917 -0.725892 +0.026446 0.556
  3896  1623.333 -0.350724 +0.669098 0.500
  3897  1623.750 +0.032759 -0.326090 0.611
  3898  1624.167 +1.082908 -0.074085 0.500
  3899  1624.583 -0.599653 -0.231809 0.556
  3900  1625.000 +0.384406 -0.243153 0.611
  3901  1625.417 +0.723697 +0.895582 0.500
  3902  1625.833 -0.197128 -0.431632 0.611
  3903  1626.250 +0.061445 -1.145710 0.556
  3904  1626.667 -0.707034 +0.789561 0.556
  3905  1627.083 -0.800109 +0.629635 0.611
  3906  1627.500 -0.810496 +0.245953 0.500
  3907  1627.917 +0.646347 -0.615421 0.667
  3908  1628.333 +1.614520 +0.205317 0.611
  3909  1628.750 -0.613758 +0.454526 0.556
  3910  1629.167 +0.961577 -0.256311 0.778
  3911  1629.583 -1.219405 -0.573523 0.722
  3912  1630.000 +0.136953 -0.355754 0.556
  3913  1630.417 +0.206894 -0.012030 0.722
  3914  1630.833 -0.271046 +0.276084 0.778
  3915  1631.250 +1.114700 -0.699010 0.500
  3916  1631.667 -0.131616 +0.011316 0.611
  3917  1632.083 -1.044977 +0.530196 0.667
  3918  1632.500 -0.652043 +1.672609 0.500
  3919  1632.917 -0.106292 +0.095325 0.556
  3920  1633.333 -0.018481 +0.063135 0.500
  3921  1633.750 +0.429749 -0.343298 0.611
  3922  1634.167 +1.192185 -1.466224 0.556
  3923  1634.583 -0.213674 +0.453723 0.556
  3924  1635.000 -0.631837 -0.422358 0.667
  3925  1635.417 +1.525196 -1.246726 0.556
  3926  1635.833 -0.049099 +0.167402 0.500
  3927  1636.250 -0.984147 +0.904812 0.556
  3928  1636.667 -0.783682 +0.360529 0.556
  3929  1637.083 +0.082871 +0.950351 0.611
  3930  1637.500 +0.079710 +0.134113 0.611
  3931  1637.917 +0.211822 -0.292304 0.500
  3932  1638.333 -0.996747 -0.605779 0.611
  3933  1638.750 +0.573442 +0.542588 0.611
  3934  1639.167 +0.521561 -0.725910 0.500
  3935  1639.583 -0.521590 +0.184830 0.611
  3936  1640.000 +1.177270 +0.597385 0.611
  3937  1640.417 +0.446290 -0.809671 0.556
  3938  1640.833 -1.263727 -0.467050 0.500
  3939  1641.250 +0.349297 +0.728083 0.500
  3940  1641.667 +0.083970 +0.176561 0.500
  3941  1642.083 -0.305429 -0.104372 0.556
  3942  1642.500 +0.302360 -0.230961 0.556
  3943  1642.917 -0.700438 +0.126888 0.556
  3944  1643.333 +0.315456 -0.279869 0.556
  3945  1643.750 +0.209405 -0.680616 0.500
  3946  1644.167 +0.638036 +0.269520 0.556
  3947  1644.583 -0.296749 +0.616593 0.556
  3948  1645.000 -0.398937 +0.766516 0.556
  3949  1645.417 -0.516439 -0.330699 0.556
  3950  1645.833 -0.901494 -0.138834 0.500
  3951  1646.250 +1.219666 +0.365889 0.611
  3952  1646.667 +0.068465 -0.707160 0.556
  3953  1647.083 +0.061725 +0.148070 0.556
  3954  1647.500 +0.629345 -0.158433 0.611
  3955  1647.917 -0.714965 +0.060658 0.556
  3956  1648.333 +0.789841 +1.326200 0.500
  3957  1648.750 +0.447849 -0.506098 0.667
  3958  1649.167 -1.076123 -1.230547 0.556
  3959  1649.583 -0.801019 -1.177597 0.611
  3960  1650.000 -0.122923 +1.004814 0.667
  3961  1650.417 +0.832542 +0.613472 0.500
  3962  1650.833 -0.517106 -0.510725 0.778
  3963  1651.250 +0.471271 -0.063504 0.778
  3964  1651.667 +0.345991 +0.932329 0.556
  3965  1652.083 +0.872454 +0.089420 0.722
  3966  1652.500 -0.478302 -0.470995 0.722
  3967  1652.917 +0.149106 +1.312044 0.500
  3968  1653.333 -0.313366 -0.098046 0.722
  3969  1653.750 -1.266253 -0.413792 0.722
  3970  1654.167 -0.001164 -0.797516 0.556
  3971  1654.583 -0.064348 -1.051094 0.778
  3972  1655.000 +0.312429 -0.532805 0.778
  3973  1655.417 +0.169810 +1.172722 0.556
  3974  1655.833 +0.089385 +1.454018 0.722
  3975  1656.250 +0.519537 -0.995052 0.722
  3976  1656.667 +0.364255 +0.097201 0.556
  3977  1657.083 +0.596935 -0.061147 0.667
  3978  1657.500 -0.853425 -0.366301 0.667
  3979  1657.917 -0.039438 +0.658121 0.500
  3980  1658.333 -0.393077 -1.003192 0.556
  3981  1658.750 -0.467884 +1.131103 0.500
  3982  1659.167 +0.625013 +0.446890 0.611
  3983  1659.583 +0.474367 -0.994191 0.667
  3984  1660.000 -0.684559 +0.281679 0.500
  3985  1660.417 -0.584902 -0.172042 0.556
  3986  1660.833 +0.441020 -0.120430 0.611
  3987  1661.250 +0.302599 -0.731387 0.556
  3988  1661.667 -0.145840 +0.232750 0.500
  3989  1662.083 +0.078348 -0.062704 0.500
  3990  1662.500 -0.123881 +1.446602 0.611
  3991  1662.917 -0.561670 -0.333431 0.500
  3992  1663.333 +1.337346 -0.263341 0.556
  3993  1663.750 +0.130883 +0.356819 0.556
  3994  1664.167 -0.954478 -0.936645 0.500
  3995  1664.583 +0.162432 -0.067246 0.556
  3996  1665.000 +0.502147 +1.108674 0.500
  3997  1665.417 -0.134128 +0.240417 0.500
  3998  1665.833 +0.518836 -1.765671 0.556
  3999  1666.250 -0.319472 +0.597618 0.556
  4000  1666.667 -0.717624 +0.295004 0.611
  4001  1667.083 -0.676126 +0.164971 0.500
  4002  1667.500 +0.410171 -1.244559 0.556
  4003  1667.917 +0.775245 +0.763813 0.667
  4004  1668.333 -1.090975 +1.218723 0.500
  4005  1668.750 +0.975629 +0.321825 0.611
  4006  1669.167 -0.408695 -1.245045 0.667
  4007  1669.583 -0.560998 -0.758108 0.556
  4008  1670.000 +0.837114 +0.112216 0.667
  4009  1670.417 +0.162406 -0.142801 0.667
  4010  1670.833 +0.625002 +1.175799 0.500
  4011  1671.250 -0.033141 -0.451285 0.611
  4012  1671.667 -0.660510 +1.201094 0.611
  4013  1672.083 -0.291938 -0.158136 0.500
  4014  1672.500 -0.613619 -1.278349 0.611
  4015  1672.917 +0.516892 +0.292844 0.556
  4016  1673.333 -0.837406 -0.374168 0.500
  4017  1673.750 +1.524153 -0.139031 0.667
  4018  1674.167 +0.756886 +0.547670 0.500
  4019  1674.583 -0.382452 -0.539109 0.500
  4020  1675.000 -0.685146 +0.833954 0.722
  4021  1675.417 +0.122802 -0.502547 0.556
  4022  1675.833 -0.073559 -0.562311 0.556
  4023  1676.250 -0.411750 +0.699879 0.722
  4024  1676.667 +0.315981 +0.781924 0.556
  4025  1677.083 -0.978257 -0.024815 0.556
  4026  1677.500 -0.718790 -0.264922 0.667
  4027  1677.917 +1.115045 -0.598812 0.500
  4028  1678.333 -0.028722 +0.430539 0.500
  4029  1678.750 +0.453978 -0.007323 0.611
  4030  1679.167 +0.984778 -0.283338 0.500
  4031  1679.583 +0.691720 -0.187712 0.556
  4032  1680.000 -1.304831 -0.874255 0.611
  4033  1680.417 -0.482580 +0.269956 0.500
  4034  1680.833 +1.463189 +0.813492 0.611
  4035  1681.250 -1.078236 -0.209295 0.611
  4036  1681.667 -0.096263 +1.260079 0.500
  4037  1682.083 +0.185896 -0.349735 0.556
  4038  1682.500 -1.504393 -0.616736 0.500
  4039  1682.917 +0.162760 +0.552344 0.556
  4040  1683.333 +0.107492 -1.228320 0.556
  4041  1683.750 +0.387746 -0.070436 0.556
  4042  1684.167 +1.351892 +0.623233 0.556
  4043  1684.583 -0.633374 +0.066973 0.500
  4044  1685.000 -0.736026 +0.956326 0.667
  4045  1685.417 +0.777945 -0.912002 0.722
  4046  1685.833 +0.651735 -0.552616 0.611
  4047  1686.250 +0.113272 -0.784533 0.556
  4048  1686.667 -0.685277 +0.858154 0.611
  4049  1687.083 +0.765669 +1.633516 0.500
  4050  1687.500 -0.585275 -0.057159 0.611
  4051  1687.917 -0.292433 -0.854975 0.611
  4052  1688.333 -0.350015 -0.577781 0.500
  4053  1688.750 -0.880870 -0.644340 0.667
  4054  1689.167 -1.168346 +0.652881 0.611
  4055  1689.583 +0.937274 +0.708200 0.500
  4056  1690.000 +0.955253 -0.363700 0.667
  4057  1690.417 +0.202518 -0.821815 0.611
  4058  1690.833 +1.094823 +0.443204 0.556
  4059  1691.250 +0.282599 +0.328412 0.667
  4060  1691.667 -0.390872 +0.892644 0.667
  4061  1692.083 +0.742964 -0.719638 0.500
  4062  1692.500 -1.313631 -0.040649 0.611
  4063  1692.917 -0.402270 -0.045662 0.611
  4064  1693.333 -0.184960 -0.432722 0.500
  4065  1693.750 -0.051581 +0.526324 0.667
  4066  1694.167 -1.002499 +0.214981 0.722
  4067  1694.583 +0.069733 -1.172671 0.611
  4068  1695.000 +1.033010 +0.615205 0.556
  4069  1695.417 +0.999679 -0.811752 0.667
  4070  1695.833 -0.457799 +0.111315 0.556
  4071  1696.250 +0.108238 +1.663627 0.500
  4072  1696.667 +0.330367 +0.293224 0.611
  4073  1697.083 -0.793388 -1.290457 0.556
  4074  1697.500 +0.826291 -0.050690 0.500
  4075  1697.917 -1.617751 +0.734654 0.611
  4076  1698.333 +0.501145 +0.348038 0.611
  4077  1698.750 +0.085882 -1.146191 0.556
  4078  1699.167 +0.488638 -0.494180 0.611
  4079  1699.583 -0.170217 +0.381575 0.556
  4080  1700.000 -0.054987 +1.176443 0.611
  4081  1700.417 +0.707271 +0.057823 0.556
  4082  1700.833 -0.907665 -1.044406 0.556
  4083  1701.250 -0.033899 -0.527369 0.611
  4084  1701.667 +0.231033 -0.227811 0.556
  4085  1702.083 -0.879457 +0.194216 0.667
  4086  1702.500 +0.144839 +0.990387 0.500
  4087  1702.917 +1.536965 -0.252983 0.500
  4088  1703.333 +0.142708 +0.500917 0.611
  4089  1703.750 -0.673960 -0.615299 0.500
  4090  1704.167 +0.832510 +0.535353 0.556
  4091  1704.583 -1.043728 -0.109443 0.556
  4092  1705.000 -0.600501 +0.275837 0.611
  4093  1705.417 -0.889148 -0.711886 0.556
  4094  1705.833 +0.420280 +0.498985 0.611
  4095  1706.250 +1.606912 +0.024876 0.611
  4096  1706.667 +0.351154 -0.733832 0.667
  4097  1707.083 -1.101495 +0.739954 0.667
  4098  1707.500 -0.127591 +0.046216 0.556
  4099  1707.917 +0.673060 -0.611140 0.611
  4100  1708.333 -0.562402 -0.499853 0.556
  4101  1708.750 +0.873477 -0.640033 0.611
  4102  1709.167 +0.044234 +0.067946 0.611
  4103  1709.583 -0.402059 +1.059309 0.500
  4104  1710.000 -0.283521 +0.783361 0.667
  4105  1710.417 -1.129757 +0.031004 0.722
  4106  1710.833 -0.494205 +0.646590 0.556
  4107  1711.250 +1.754080 -0.231545 0.667
  4108  1711.667 +0.198528 -0.528403 0.778
  4109  1712.083 -0.784629 -1.207717 0.556
  4110  1712.500 +0.660202 +0.239413 0.611
  4111  1712.917 +0.280618 -0.459411 0.722
  4112  1713.333 -0.758396 +0.189724 0.500
  4113  1713.750 +1.272043 +0.308050 0.611
  4114  1714.167 -0.251631 +0.882600 0.722
  4115  1714.583 -0.760927 -0.138455 0.500
  4116  1715.000 -0.619657 -0.883778 0.611
  4117  1715.417 +1.048371 +0.993127 0.778
  4118  1715.833 -1.182469 -0.067601 0.611
  4119  1716.250 -0.357241 -0.598876 0.500
  4120  1716.667 +0.453283 +1.374496 0.722
  4121  1717.083 +0.153109 -0.011461 0.667
  4122  1717.500 +1.318142 -0.924392 0.556
  4123  1717.917 +0.073708 -0.627083 0.667
  4124  1718.333 -0.992994 -0.667914 0.722
  4125  1718.750 +0.215471 +0.644725 0.667
  4126  1719.167 -0.090247 -0.984234 0.611
  4127  1719.583 +0.900750 +0.450174 0.722
  4128  1720.000 -1.296909 +0.714873 0.722
  4129  1720.417 -0.685878 +0.575621 0.611
  4130  1720.833 +0.654203 +1.065277 0.778
  4131  1721.250 -0.104667 -1.252254 0.778
  4132  1721.667 +1.001703 +0.070879 0.500
  4133  1722.083 -0.632545 +0.506502 0.722
  4134  1722.500 +0.656020 -0.016207 0.778
  4135  1722.917 +0.500346 +0.055459 0.556
  4136  1723.333 -0.851930 -0.827134 0.667
  4137  1723.750 -0.334429 -0.979854 0.778
  4138  1724.167 -0.628337 +0.498303 0.611
  4139  1724.583 +0.257493 -0.193828 0.556
  4140  1725.000 -0.499661 -0.741855 0.722
  4141  1725.417 +0.799660 +0.960732 0.667
  4142  1725.833 +0.659457 +0.850859 0.611
  4143  1726.250 +1.205155 -0.018765 0.556
  4144  1726.667 -1.390085 +0.561962 0.611
  4145  1727.083 +0.478620 -0.118576 0.556
  4146  1727.500 -1.220045 -0.337737 0.556
  4147  1727.917 -0.092937 +0.897887 0.722
  4148  1728.333 -0.469476 -0.973824 0.667
  4149  1728.750 +0.109948 -0.342258 0.500
  4150  1729.167 +0.829259 -0.752297 0.667
  4151  1729.583 +0.437009 -0.620812 0.722
  4152  1730.000 +0.818131 -0.314310 0.556
  4153  1730.417 -0.387575 +1.204407 0.611
  4154  1730.833 -0.409121 +1.199454 0.722
  4155  1731.250 -0.960360 +0.399814 0.611
  4156  1731.667 -0.445215 -0.983004 0.556
  4157  1732.083 +1.242609 -0.700381 0.667
  4158  1732.500 +0.345500 +1.146101 0.556
  4159  1732.917 -0.159416 +0.200211 0.500
  4160  1733.333 +0.316648 -1.156222 0.611
  4161  1733.750 -1.092194 +0.469537 0.500
  4162  1734.167 -0.658597 -0.046565 0.500
  4163  1734.583 +0.968202 +0.603503 0.667
  4164  1735.000 -0.610120 -0.875103 0.611
  4165  1735.417 +0.545738 -1.168736 0.611
  4166  1735.833 +0.704958 +1.137566 0.556
  4167  1736.250 +0.564178 +0.213219 0.556
  4168  1736.667 -1.208367 -0.430626 0.556
  4169  1737.083 -0.592687 +0.913551 0.500
  4170  1737.500 +0.467469 +0.911676 0.556
  4171  1737.917 +0.012476 -1.309261 0.556
  4172  1738.333 -0.483004 +0.584503 0.556
  4173  1738.750 +1.422898 -0.587673 0.500
  4174  1739.167 +0.794326 -0.312951 0.556
  4175  1739.583 -0.881623 -0.975253 0.500
  4176  1740.000 -0.284576 +0.504214 0.500
  4177  1740.417 -0.305983 +0.693006 0.667
  4178  1740.833 -0.805263 +0.444525 0.556
  4179  1741.250 -0.243897 +0.347747 0.500
  4180  1741.667 +0.054825 +0.339549 0.722
  4181  1742.083 -0.093331 -0.991438 0.556
  4182  1742.500 +0.889864 -1.455279 0.611
  4183  1742.917 +0.131910 +0.630111 0.778
  4184  1743.333 +0.221319 +0.351827 0.611
  4185  1743.750 -0.004407 +0.578357 0.611
  4186  1744.167 +0.144010 +0.543490 0.722
  4187  1744.583 +0.018725 +0.741173 0.667
  4188  1745.000 -0.184771 -1.488243 0.500
  4189  1745.417 +0.834951 -0.052396 0.556
  4190  1745.833 -0.004342 -0.422307 0.611
  4191  1746.250 -1.227345 -0.605156 0.556
  4192  1746.667 -0.377918 +0.808908 0.556
  4193  1747.083 +0.786497 +1.104449 0.722
  4194  1747.500 +0.122167 -0.846640 0.500
  4195  1747.917 -1.061913 -0.327719 0.556
  4196  1748.333 -0.239581 +0.956090 0.667
  4197  1748.750 -0.510587 -0.240648 0.500
  4198  1749.167 +0.747791 -0.838003 0.667
  4199  1749.583 +1.568017 +0.503769 0.611
  4200  1750.000 -1.073924 -0.225331 0.556
  4201  1750.417 +0.137289 +1.209050 0.778
  4202  1750.833 +1.140130 -1.073287 0.556
  4203  1751.250 +0.146237 -0.857167 0.611
  4204  1751.667 -0.749983 +0.246501 0.833
  4205  1752.083 -1.019738 +0.078621 0.500
  4206  1752.500 -0.230279 +1.097626 0.556
  4207  1752.917 +1.386480 +0.651437 0.722
  4208  1753.333 +0.093535 -0.391668 0.556
  4209  1753.750 -1.078836 -0.023286 0.556
  4210  1754.167 +0.550058 -1.087213 0.667
  4211  1754.583 +0.070503 -0.123620 0.500
  4212  1755.000 -0.701829 -0.551955 0.500
  4213  1755.417 -1.050762 +0.461429 0.611
  4214  1755.833 +0.682802 -0.165628 0.556
  4215  1756.250 +0.820526 +0.844159 0.611
  4216  1756.667 +1.057178 +0.603574 0.500
  4217  1757.083 -0.240666 -0.165396 0.500
  4218  1757.500 -0.005340 +0.806940 0.667
  4219  1757.917 -0.425170 -0.867579 0.556
  4220  1758.333 -0.637834 -0.641728 0.556
  4221  1758.750 +0.408310 -1.143774 0.722
  4222  1759.167 -0.466011 +1.155749 0.611
  4223  1759.583 -0.347999 -1.110043 0.556
  4224  1760.000 +0.333484 +0.930575 0.722
  4225  1760.417 -0.096118 +1.615224 0.556
  4226  1760.833 +0.633567 -0.518141 0.556
  4227  1761.250 +0.179637 -1.488912 0.778
  4228  1761.667 +0.117719 +0.101432 0.500
  4229  1762.083 +0.754556 +1.029848 0.556
  4230  1762.500 -1.074888 -0.437945 0.778
  4231  1762.917 -0.613496 +0.217264 0.556
  4232  1763.333 -0.360385 +0.232148 0.500
  4233  1763.750 +0.355019 -0.613091 0.722
  4234  1764.167 +0.291382 +0.735027 0.556
  4235  1764.583 +1.180817 -0.919055 0.500
  4236  1765.000 -0.568253 -0.620334 0.722
  4237  1765.417 -1.018811 +0.336644 0.556
  4238  1765.833 +0.282244 +0.563746 0.556
  4239  1766.250 -0.064631 +0.655060 0.667
  4240  1766.667 +0.206130 -0.198717 0.556
  4241  1767.083 +0.210833 -0.303510 0.611
  4242  1767.500 -0.330185 +0.976178 0.611
  4243  1767.917 +1.181480 -0.009291 0.556
  4244  1768.333 +0.138546 -0.553835 0.667
  4245  1768.750 -0.556037 -1.103798 0.500
  4246  1769.167 -0.851724 -0.301583 0.556
  4247  1769.583 -0.615009 -0.404305 0.611
  4248  1770.000 +0.778029 -0.137075 0.556
  4249  1770.417 +0.709189 +1.033594 0.611
  4250  1770.833 -0.623238 -0.238679 0.611
  4251  1771.250 -0.359433 +1.040040 0.667
  4252  1771.667 +0.787526 +0.617764 0.500
  4253  1772.083 -0.497194 +0.104225 0.556
  4254  1772.500 -0.236166 +0.225644 0.667
  4255  1772.917 +0.373820 +0.022007 0.556
  4256  1773.333 +0.852510 -0.365335 0.556
  4257  1773.750 -0.407957 -0.860778 0.667
  4258  1774.167 -0.441917 -0.341613 0.500
  4259  1774.583 -0.523621 -0.625973 0.556
  4260  1775.000 +0.432857 -0.886772 0.667
  4261  1775.417 +0.215541 -0.318385 0.500
  4262  1775.833 +0.346140 +1.211360 0.556
  4263  1776.250 -0.300947 +0.479245 0.667
  4264  1776.667 -0.048301 +0.792250 0.556
  4265  1777.083 +0.486937 +0.256448 0.556
  4266  1777.500 -1.234170 +0.572403 0.667
  4267  1777.917 +0.629899 -0.404793 0.611
  4268  1778.333 +0.099932 -0.519845 0.500
  4269  1778.750 -0.526796 +0.915500 0.556
  4270  1779.167 +0.779897 -0.150834 0.556
  4271  1779.583 -0.247252 -1.674531 0.500
  4272  1780.000 -0.386201 -0.896301 0.500
  4273  1780.417 +0.158875 +0.190209 0.500
  4274  1780.833 +0.400015 +0.054310 0.556
  4275  1781.250 -0.506839 +1.373483 0.556
  4276  1781.667 +0.339459 +0.064068 0.500
  4277  1782.083 +0.995466 +0.888601 0.611
  4278  1782.500 -0.139746 -0.521923 0.611
  4279  1782.917 -1.209602 +0.075977 0.556
  4280  1783.333 -0.243160 -0.564150 0.556
  4281  1783.750 -0.490723 -0.706395 0.556
  4282  1784.167 +0.116160 -0.145587 0.556
  4283  1784.583 +0.083784 +1.672533 0.500
  4284  1785.000 +1.109606 -0.155461 0.556
  4285  1785.417 +1.140631 -0.950954 0.611
  4286  1785.833 +0.029280 -0.107979 0.611
  4287  1786.250 -0.829183 -0.083663 0.500
  4288  1786.667 -0.456804 -0.183119 0.611
  4289  1787.083 -0.791135 -0.434556 0.667
  4290  1787.500 -0.099897 +0.101228 0.611
  4291  1787.917 +0.730425 +0.564393 0.556
  4292  1788.333 -1.026323 +0.547513 0.556
  4293  1788.750 -0.260236 +0.732990 0.556
  4294  1789.167 +1.135413 +0.912023 0.556
  4295  1789.583 +1.172013 -0.217930 0.611
  4296  1790.000 -0.456700 -1.108124 0.611
  4297  1790.417 -0.728193 -0.776922 0.611
  4298  1790.833 +0.637594 -0.428162 0.556
  4299  1791.250 -0.342609 +0.597693 0.500
  4300  1791.667 -0.551016 -0.894277 0.500
  4301  1792.083 +0.833444 -0.511231 0.556
  4302  1792.500 -0.081131 +0.852923 0.500
  4303  1792.917 -0.285780 +1.112959 0.556
  4304  1793.333 -0.278138 -0.801597 0.556
  4305  1793.750 -0.044457 +0.579929 0.556
  4306  1794.167 +0.020095 +0.112669 0.556
  4307  1794.583 -0.016783 -0.467977 0.556
  4308  1795.000 +0.521757 +0.340246 0.611
  4309  1795.417 -0.545373 +0.464952 0.500
  4310  1795.833 -0.066144 -0.008733 0.500
  4311  1796.250 +0.291373 +0.632706 0.611
  4312  1796.667 -0.095643 -1.464700 0.556
  4313  1797.083 +0.090590 -1.223211 0.556
  4314  1797.500 -0.086089 +0.780968 0.611
  4315  1797.917 +0.443153 +1.057445 0.556
  4316  1798.333 -0.124103 -0.555497 0.611
  4317  1798.750 -0.141386 -0.581719 0.556
  4318  1799.167 +0.430504 +0.044258 0.556
  4319  1799.583 -0.674705 +0.278475 0.556
  4320  1800.000 +1.110218 +0.627456 0.556
  4321  1800.417 -0.551468 -0.519597 0.556
  4322  1800.833 -0.382987 +1.300108 0.556
  4323  1801.250 -0.318496 +0.337965 0.500
  4324  1801.667 -0.456732 -1.108105 0.556
  4325  1802.083 +0.971136 -0.924393 0.500
  4326  1802.500 -0.264427 -0.726730 0.556
  4327  1802.917 -0.309964 +1.156235 0.556
  4328  1803.333 -0.235337 +0.849734 0.556
  4329  1803.750 -0.522643 -0.971551 0.611
  4330  1804.167 +1.019477 +0.396395 0.611
  4331  1804.583 +0.862670 +0.504706 0.611
  4332  1805.000 +0.733699 -0.403685 0.611
  4333  1805.417 -1.169323 -0.293925 0.611
  4334  1805.833 -0.051329 -0.061980 0.611
  4335  1806.250 -0.659756 +0.699666 0.556
  4336  1806.667 +0.940389 -1.329919 0.611
  4337  1807.083 -0.254953 +0.354072 0.611
  4338  1807.500 +0.147802 +0.597564 0.500
  4339  1807.917 -0.020005 -0.800642 0.611
  4340  1808.333 -0.807559 +0.281136 0.667
  4341  1808.750 -0.815161 +0.518134 0.611
  4342  1809.167 +0.528209 +0.807391 0.500
  4343  1809.583 +0.110068 +0.403886 0.611
  4344  1810.000 +0.129416 -1.134342 0.611
  4345  1810.417 +0.732120 -0.911348 0.556
  4346  1810.833 +1.000537 +0.795667 0.500
  4347  1811.250 -1.154835 -0.659665 0.556
  4348  1811.667 -0.278116 +1.079336 0.556
  4349  1812.083 +1.218454 -0.597269 0.500
  4350  1812.500 -1.083877 +0.103968 0.611
  4351  1812.917 +0.007532 -1.194185 0.667
  4352  1813.333 +0.112149 -0.020386 0.556
  4353  1813.750 -0.023615 +1.018222 0.556
  4354  1814.167 +0.027602 +0.501879 0.722
  4355  1814.583 -0.150828 +0.835212 0.611
  4356  1815.000 -1.143326 -0.262030 0.556
  4357  1815.417 +0.326326 -0.308170 0.778
  4358  1815.833 +0.324798 -0.134426 0.667
  4359  1816.250 +0.916230 -1.326635 0.500
  4360  1816.667 +0.163581 -0.052382 0.722
  4361  1817.083 +0.470685 +1.269866 0.611
  4362  1817.500 +0.187919 -0.628143 0.500
  4363  1817.917 -0.334397 +0.683783 0.667
  4364  1818.333 -1.221551 -0.249554 0.500
  4365  1818.750 -0.229744 -1.196037 0.611
  4366  1819.167 -0.906807 +0.364545 0.667
  4367  1819.583 +0.930223 +0.911545 0.500
  4368  1820.000 -0.018728 +0.209334 0.611
  4369  1820.417 +0.589343 -0.575989 0.556
  4370  1820.833 +1.100829 +0.437208 0.611
  4371  1821.250 -0.622660 -0.268189 0.667
  4372  1821.667 +0.312776 +0.982460 0.500
  4373  1822.083 -1.168958 +0.060966 0.667
  4374  1822.500 +0.300282 -1.149630 0.611
  4375  1822.917 +0.946452 -1.116233 0.611
  4376  1823.333 -0.459471 +0.461150 0.667
  4377  1823.750 -0.989675 +1.006585 0.611
  4378  1824.167 -0.983585 -1.330545 0.667
  4379  1824.583 +0.295060 +0.579131 0.611
  4380  1825.000 +1.357216 +0.655663 0.667
  4381  1825.417 +0.963553 -0.182191 0.667
  4382  1825.833 -0.040820 +0.895710 0.500
  4383  1826.250 -1.035043 -0.677293 0.611
  4384  1826.667 +0.481183 +0.125073 0.722
  4385  1827.083 +0.212749 +0.044220 0.500
  4386  1827.500 -0.426177 -0.870494 0.556
  4387  1827.917 -0.135049 -0.675912 0.722
  4388  1828.333 -1.219359 +1.014914 0.500
  4389  1828.750 -0.248353 +0.192850 0.500
  4390  1829.167 +1.286601 +0.987588 0.667
  4391  1829.583 +0.221706 +0.064652 0.500
  4392  1830.000 +0.151315 -1.300600 0.500
  4393  1830.417 +0.359529 -0.870845 0.611
  4394  1830.833 -0.690700 -0.271389 0.556
  4395  1831.250 -0.360571 +1.873157 0.500
  4396  1831.667 +0.314417 +0.513792 0.611
  4397  1832.083 +0.540944 -1.588969 0.611
  4398  1832.500 +0.462041 -0.350797 0.500
  4399  1832.917 -0.722400 +0.590178 0.611
  4400  1833.333 -0.669154 +0.516720 0.611
  4401  1833.750 +0.907052 +0.783419 0.556
  4402  1834.167 -1.253894 -1.057144 0.667
  4403  1834.583 +0.432235 +0.444156 0.667
  4404  1835.000 +1.229508 -0.955887 0.556
  4405  1835.417 -0.016674 -0.360751 0.722
  4406  1835.833 -1.360595 +1.341961 0.667
  4407  1836.250 -0.461927 +0.308776 0.500
  4408  1836.667 -0.060332 -0.246228 0.778
  4409  1837.083 +0.069829 -0.025167 0.667
  4410  1837.500 +1.350209 -1.246527 0.611
  4411  1837.917 +0.801429 +0.129258 0.722
  4412  1838.333 -0.360518 +0.782854 0.611
  4413  1838.750 +0.452667 -0.591704 0.611
  4414  1839.167 -0.929900 +0.447666 0.667
  4415  1839.583 -0.472088 -0.906624 0.611
  4416  1840.000 -0.262765 +0.148119 0.611
  4417  1840.417 +0.165303 +0.974816 0.611
  4418  1840.833 -0.179306 +0.796436 0.667
  4419  1841.250 +0.142973 +0.211632 0.667
  4420  1841.667 -0.471638 -0.845661 0.556
  4421  1842.083 +1.089881 +0.507249 0.667
  4422  1842.500 +0.488911 -0.751395 0.667
  4423  1842.917 -0.500645 -0.322473 0.556
  4424  1843.333 -0.328310 -0.509513 0.667
  4425  1843.750 -1.196668 -0.136673 0.667
  4426  1844.167 +1.071187 -0.596223 0.556
  4427  1844.583 +0.305458 +1.218948 0.611
  4428  1845.000 +0.287457 +0.824960 0.556
  4429  1845.417 +0.076272 -0.023986 0.611
  4430  1845.833 -0.719721 -1.306307 0.611
  4431  1846.250 -0.726796 +0.748845 0.556
  4432  1846.667 +1.245080 +0.619621 0.611
  4433  1847.083 +0.735031 -0.797466 0.611
  4434  1847.500 -0.964898 +0.483724 0.556
  4435  1847.917 -0.345029 +0.111396 0.667
  4436  1848.333 +1.153192 -0.291068 0.667
  4437  1848.750 -1.176747 -0.123273 0.556
  4438  1849.167 -0.195399 +0.032687 0.611
  4439  1849.583 -0.073609 -0.927989 0.667
  4440  1850.000 +0.282257 +0.778690 0.556
  4441  1850.417 +0.012691 +0.011029 0.556
  4442  1850.833 -0.259987 +0.446469 0.722
  4443  1851.250 +1.076138 -0.852514 0.556
  4444  1851.667 -0.876970 +0.278696 0.556
  4445  1852.083 +0.884890 +0.820386 0.833
  4446  1852.500 -0.015126 +0.669959 0.611
  4447  1852.917 -0.576828 -1.269542 0.556
  4448  1853.333 +0.602888 -0.343706 0.889
  4449  1853.750 -0.902424 -0.172573 0.611
  4450  1854.167 +0.504889 -0.839401 0.556
  4451  1854.583 -0.217256 -0.003545 0.889
  4452  1855.000 -0.669186 +1.081343 0.556
  4453  1855.417 -0.029171 +1.272970 0.556
  4454  1855.833 +0.851452 +0.580517 0.889
  4455  1856.250 +0.660862 -1.371261 0.556
  4456  1856.667 -1.147823 +0.403574 0.611
  4457  1857.083 +0.834203 -0.096599 0.889
  4458  1857.500 +0.470983 -1.510003 0.611
  4459  1857.917 -0.842972 +0.575578 0.611
  4460  1858.333 -0.571181 +0.165379 0.833
  4461  1858.750 +0.414353 -0.712426 0.667
  4462  1859.167 -0.707020 +1.683573 0.556
  4463  1859.583 +0.271443 -0.127704 0.778
  4464  1860.000 +0.159673 -0.768268 0.667
  4465  1860.417 +0.180550 -0.595249 0.500
  4466  1860.833 +0.287119 +0.505704 0.722
  4467  1861.250 +1.058755 +0.481688 0.667
  4468  1861.667 -1.122246 -0.083003 0.500
  4469  1862.083 +0.624291 +0.441408 0.667
  4470  1862.500 -0.271923 -0.098779 0.722
  4471  1862.917 -0.640929 -0.163786 0.500
  4472  1863.333 +0.010011 -1.294777 0.611
  4473  1863.750 -0.522071 +0.561863 0.778
  4474  1864.167 +0.038522 +1.141774 0.556
  4475  1864.583 -0.375006 -0.969585 0.556
  4476  1865.000 +2.006814 -0.219697 0.778
  4477  1865.417 +0.475380 -0.048963 0.556
  4478  1865.833 -1.217804 -0.002311 0.556
  4479  1866.250 -0.302828 +0.797247 0.778
  4480  1866.667 +0.024377 -0.095227 0.611
  4481  1867.083 +0.704137 +0.827707 0.556
  4482  1867.500 -1.472159 -0.089145 0.722
  4483  1867.917 -0.491953 -0.976059 0.556
  4484  1868.333 +1.257606 -0.273319 0.556
  4485  1868.750 +0.290354 -0.197890 0.778
  4486  1869.167 -0.245342 +0.208745 0.611
  4487  1869.583 +0.921639 -0.296170 0.556
  4488  1870.000 -0.414266 +0.196094 0.722
  4489  1870.417 +0.215834 -0.086977 0.611
  4490  1870.833 -1.212765 +0.307250 0.500
  4491  1871.250 -0.437500 +1.423607 0.667
  4492  1871.667 +1.380609 +0.125033 0.611
  4493  1872.083 -0.184844 -1.065059 0.500
  4494  1872.500 -0.451976 +0.487270 0.611
  4495  1872.917 +0.809144 -0.989913 0.611
  4496  1873.333 -0.614187 -1.209832 0.556
  4497  1873.750 +0.434575 +0.990798 0.556
  4498  1874.167 -0.814782 -0.380828 0.556
  4499  1874.583 +0.228405 +0.146705 0.500
  4500  1875.000 +0.970571 +1.166680 0.556
  4501  1875.417 +0.190000 -0.531087 0.556
  4502  1875.833 -1.824169 +0.353358 0.556
  4503  1876.250 -0.853992 +0.005492 0.556
  4504  1876.667 +1.274640 -0.017965 0.500
  4505  1877.083 +0.900859 -0.006754 0.611
  4506  1877.500 -0.813809 +0.408401 0.611
  4507  1877.917 +0.686796 -0.260367 0.556
  4508  1878.333 -0.209937 -1.026195 0.556
  4509  1878.750 +1.152087 +0.284546 0.611
  4510  1879.167 -0.647614 -0.664184 0.556
  4511  1879.583 +0.252104 +0.857675 0.556
  4512  1880.000 -0.597847 -0.297028 0.611
  4513  1880.417 -1.048207 +0.791815 0.500
  4514  1880.833 -0.501298 +0.196001 0.667
  4515  1881.250 +0.741790 -0.703745 0.611
  4516  1881.667 +0.578373 +0.183315 0.500
  4517  1882.083 -1.034817 +0.052595 0.667
  4518  1882.500 +0.986228 -0.195051 0.556
  4519  1882.917 +1.129009 -0.486626 0.556
  4520  1883.333 -0.344067 +0.031249 0.611
  4521  1883.750 +0.203300 +0.441224 0.556
  4522  1884.167 -1.248739 -0.922581 0.611
  4523  1884.583 -0.057647 +1.273773 0.611
  4524  1885.000 +0.340354 +0.077215 0.611
  4525  1885.417 -0.778475 -0.241840 0.667
  4526  1885.833 +0.358099 +1.248492 0.667
  4527  1886.250 -0.695577 -0.815654 0.556
  4528  1886.667 +0.837186 -0.431225 0.667
  4529  1887.083 +0.919945 -0.045091 0.722
  4530  1887.500 +0.526424 -0.575403 0.500
  4531  1887.917 -0.485049 +0.082031 0.611
  4532  1888.333 -0.826549 +0.832349 0.667
  4533  1888.750 -0.568134 -0.660254 0.500
  4534  1889.167 +0.380125 +0.335176 0.667
  4535  1889.583 -0.021297 -1.791849 0.667
  4536  1890.000 +0.318189 +0.941241 0.556
  4537  1890.417 +0.123003 +1.155724 0.611
  4538  1890.833 +1.166008 -0.000166 0.667
  4539  1891.250 -0.266205 -0.387923 0.611
  4540  1891.667 -0.417976 +0.375475 0.500
  4541  1892.083 -0.978504 -0.977017 0.556
  4542  1892.500 -0.227811 +1.177289 0.556
  4543  1892.917 -0.703018 +0.432395 0.500
  4544  1893.333 -0.077908 -0.946601 0.500
  4545  1893.750 +1.200242 +0.469507 0.556
  4546  1894.167 +0.391781 -0.826986 0.556
  4547  1894.583 +0.566333 +0.652165 0.500
  4548  1895.000 -0.831213 +0.043473 0.556
  4549  1895.417 +0.659257 -0.551245 0.556
  4550  1895.833 -0.587006 -0.401000 0.500
  4551  1896.250 +0.498233 -0.297323 0.556
  4552  1896.667 +0.239607 -0.711551 0.500
  4553  1897.083 -0.406674 +0.697282 0.500
  4554  1897.500 -0.134177 +1.238006 0.556
  4555  1897.917 -0.323916 +0.948832 0.500
  4556  1898.333 -0.512640 -0.640817 0.556
  4557  1898.750 +0.666864 -0.821784 0.556
  4558  1899.167 -0.383983 +0.963660 0.556
  4559  1899.583 +0.107586 -0.523776 0.556
  4560  1900.000 -0.696734 -0.670560 0.556
  4561  1900.417 +1.098079 +0.597913 0.611
  4562  1900.833 -0.123427 -0.774558 0.556
  4563  1901.250 +1.019153 -0.277872 0.500
  4564  1901.667 -0.738079 +0.557400 0.611
  4565  1902.083 -0.759169 +0.503296 0.556
  4566  1902.500 +1.149835 -0.284128 0.500
  4567  1902.917 -0.259876 -0.713228 0.611
  4568  1903.333 -0.667649 +1.394739 0.500
  4569  1903.750 -0.730763 -0.519376 0.500
  4570  1904.167 +0.362412 +0.633867 0.611
  4571  1904.583 +0.376846 +0.710743 0.500
  4572  1905.000 +0.756569 -1.551840 0.556
  4573  1905.417 +0.652257 -0.468441 0.667
  4574  1905.833 -0.124468 -0.299523 0.611
  4575  1906.250 -1.464439 +0.665601 0.500
  4576  1906.667 +0.387062 -0.049102 0.611
  4577  1907.083 -0.464226 -0.235362 0.611
  4578  1907.500 -0.405360 +0.607170 0.556
  4579  1907.917 +0.233359 -0.779022 0.556
  4580  1908.333 +0.073633 +1.032660 0.556
  4581  1908.750 +1.586569 -0.697164 0.556
  4582  1909.167 -0.141872 +0.966786 0.500
  4583  1909.583 -0.621478 -0.743073 0.556
  4584  1910.000 +0.335960 +0.834275 0.500
  4585  1910.417 -0.714038 -0.225414 0.556
  4586  1910.833 +0.305078 +0.282616 0.722
  4587  1911.250 -0.505973 +0.579433 0.611
  4588  1911.667 -0.228163 -1.602201 0.500
  4589  1912.083 +0.084556 -1.018945 0.722
  4590  1912.500 +0.113159 +0.415421 0.611
  4591  1912.917 +0.677549 -1.063968 0.556
  4592  1913.333 +0.610102 +0.743385 0.778
  4593  1913.750 -0.267832 +1.115285 0.667
  4594  1914.167 -0.068474 +0.899426 0.500
  4595  1914.583 -1.048960 +0.027007 0.722
  4596  1915.000 -0.578682 +0.054550 0.611
  4597  1915.417 +0.768769 -1.013229 0.500
  4598  1915.833 +0.012735 +0.956268 0.722
  4599  1916.250 -0.098275 -1.207508 0.611
  4600  1916.667 +0.758234 -0.555105 0.556
  4601  1917.083 -0.178378 +1.244028 0.611
  4602  1917.500 +0.395203 -0.289553 0.500
  4603  1917.917 +0.308687 +0.377289 0.556
  4604  1918.333 -1.530602 -0.698150 0.556
  4605  1918.750 -0.480565 +0.056515 0.611
  4606  1919.167 +1.277550 +0.431248 0.556
  4607  1919.583 +1.007947 -0.717673 0.556
  4608  1920.000 -0.515948 +0.423378 0.722
  4609  1920.417 -0.819464 -0.099410 0.556
  4610  1920.833 -0.563286 -0.377664 0.556
  4611  1921.250 -0.244776 -0.990613 0.778
  4612  1921.667 +1.045422 +1.377506 0.556
  4613  1922.083 +0.519799 +1.032764 0.500
  4614  1922.500 -0.605466 +0.059908 0.833
  4615  1922.917 -1.039763 -0.789012 0.500
  4616  1923.333 +0.704114 +0.193565 0.556
  4617  1923.750 +0.832833 -0.381414 0.889
  4618  1924.167 -0.517804 +0.469594 0.556
  4619  1924.583 +0.905589 -0.858706 0.500
  4620  1925.000 -0.066290 +0.016205 0.778
  4621  1925.417 -0.158000 +0.522883 0.556
  4622  1925.833 -0.441011 -0.020406 0.556
  4623  1926.250 -0.803029 -0.201290 0.778
  4624  1926.667 -0.116632 +0.618876 0.500
  4625  1927.083 -0.214265 -1.418956 0.556
  4626  1927.500 +0.739419 +0.735126 0.722
  4627  1927.917 +0.475153 -0.312554 0.556
  4628  1928.333 -0.993626 +0.186862 0.556
  4629  1928.750 -0.011630 -0.266892 0.667
  4630  1929.167 +0.711982 +0.492497 0.556
  4631  1929.583 +0.639031 +0.639363 0.500
  4632  1930.000 +0.555600 -0.697365 0.611
  4633  1930.417 -0.029843 +0.885403 0.556
  4634  1930.833 -1.123946 +0.907370 0.611
  4635  1931.250 +0.506481 -0.880563 0.500
  4636  1931.667 -0.974980 -1.313660 0.500
  4637  1932.083 +0.395456 +0.326933 0.556
  4638  1932.500 -0.182466 -1.088784 0.556
  4639  1932.917 -1.077055 -0.734763 0.556
  4640  1933.333 +0.350239 +1.029757 0.500
  4641  1933.750 +0.842719 +0.781851 0.556
  4642  1934.167 +0.602476 +0.796017 0.556
  4643  1934.583 +0.470532 +0.936159 0.556
  4644  1935.000 -0.895999 -0.548289 0.611
  4645  1935.417 -0.092793 -0.502200 0.556
  4646  1935.833 +0.121111 -0.565789 0.500
  4647  1936.250 -1.207629 -0.245812 0.556
  4648  1936.667 +0.967438 +0.866250 0.500
  4649  1937.083 +0.828101 -1.376348 0.556
  4650  1937.500 +0.570970 -0.391073 0.500
  4651  1937.917 -0.557912 +0.566636 0.556
  4652  1938.333 -0.644654 +0.293398 0.722
  4653  1938.750 -0.980483 -0.172164 0.611
  4654  1939.167 -0.005407 +1.614048 0.556
  4655  1939.583 +1.088770 +0.631313 0.611
  4656  1940.000 +0.675461 -0.988988 0.556
  4657  1940.417 -1.211754 -0.441412 0.611
  4658  1940.833 -0.795077 -0.599536 0.500
  4659  1941.250 +0.917685 -0.699272 0.500
  4660  1941.667 +0.710562 +1.099328 0.556
  4661  1942.083 -0.949353 -0.337093 0.500
  4662  1942.500 +1.227510 -1.004801 0.556
  4663  1942.917 +0.605046 +0.869224 0.500
  4664  1943.333 -0.903666 +0.555677 0.556
  4665  1943.750 -0.415762 +0.446515 0.556
  4666  1944.167 -0.719254 +0.410335 0.556
  4667  1944.583 +0.943925 -0.550014 0.500
  4668  1945.000 -0.042025 -0.533696 0.556
  4669  1945.417 -0.496083 -0.844815 0.611
  4670  1945.833 -0.623712 +0.586883 0.611
  4671  1946.250 +0.652999 +0.102014 0.667
  4672  1946.667 +0.282394 -0.404038 0.556
  4673  1947.083 +0.759242 +1.272800 0.556
  4674  1947.500 -0.670279 +0.583801 0.722
  4675  1947.917 +0.467033 +0.033767 0.500
  4676  1948.333 -0.897578 -0.751724 0.500
  4677  1948.750 -0.046112 -1.139417 0.722
  4678  1949.167 -0.078767 -0.435496 0.500
  4679  1949.583 +1.011304 +0.906648 0.556
  4680  1950.000 +0.863389 -0.482176 0.611
  4681  1950.417 -1.801490 -0.299041 0.611
  4682  1950.833 +0.279145 -0.123651 0.556
  4683  1951.250 -0.165997 +0.962032 0.667
  4684  1951.667 -0.975962 +1.185821 0.556
  4685  1952.083 +0.127007 -0.628765 0.500
  4686  1952.500 +0.962681 +0.060785 0.611
  4687  1952.917 +0.992298 +0.960878 0.556
  4688  1953.333 +0.763584 -0.659679 0.500
  4689  1953.750 +0.198392 -1.046533 0.556
  4690  1954.167 -1.233930 -0.758416 0.556
  4691  1954.583 -1.132854 +0.637169 0.556
  4692  1955.000 -0.665720 +0.981174 0.500
  4693  1955.417 +1.184754 -0.946260 0.556
  4694  1955.833 -0.546739 -0.703101 0.556
  4695  1956.250 -0.886932 +0.263342 0.611
  4696  1956.667 +0.928614 +0.091245 0.611
  4697  1957.083 +0.425389 +1.244548 0.611
  4698  1957.500 +0.930520 -0.333470 0.556
  4699  1957.917 +0.379576 +1.244346 0.500
  4700  1958.333 -0.030951 -0.758142 0.500
  4701  1958.750 -0.803577 -1.617622 0.611
  4702  1959.167 -0.491884 +0.860513 0.500
  4703  1959.583 +1.218755 -0.004646 0.500
  4704  1960.000 -0.886954 -0.316496 0.556
  4705  1960.417 -1.415602 -0.028163 0.500
  4706  1960.833 -0.094521 +0.427604 0.556
  4707  1961.250 +0.145210 -0.450530 0.556
  4708  1961.667 +0.596394 +0.676474 0.556
  4709  1962.083 +1.512381 +0.216734 0.611
  4710  1962.500 -0.004418 +0.592748 0.611
  4711  1962.917 -0.269092 -1.070548 0.611
  4712  1963.333 -1.478120 -0.249158 0.556
  4713  1963.750 +1.400684 +0.511829 0.556
  4714  1964.167 +0.201428 +0.178940 0.556
  4715  1964.583 -1.190196 -0.975097 0.556
  4716  1965.000 +0.312661 -0.340312 0.556
  4717  1965.417 +0.107275 +0.131493 0.556
  4718  1965.833 +0.071160 +0.235659 0.611
  4719  1966.250 +0.437145 +0.793277 0.611
  4720  1966.667 -0.880394 -0.385443 0.556
  4721  1967.083 -0.636474 +1.436825 0.667
  4722  1967.500 +0.527817 -0.783900 0.667
  4723  1967.917 +0.290789 -0.557527 0.500
  4724  1968.333 +0.228283 -0.504575 0.667
  4725  1968.750 +0.617227 +1.207231 0.611
  4726  1969.167 +0.894676 -0.473555 0.611
  4727  1969.583 -0.879209 -0.572844 0.667
  4728  1970.000 -0.597814 +0.418338 0.556
  4729  1970.417 -0.763319 +0.031169 0.667
  4730  1970.833 -0.604660 -0.040092 0.722
  4731  1971.250 +0.418946 -0.975390 0.611
  4732  1971.667 +0.842070 +1.249134 0.556
  4733  1972.083 +0.211202 -0.124393 0.667
  4734  1972.500 +0.572888 -0.123231 0.556
  4735  1972.917 -0.639401 -0.599184 0.556
  4736  1973.333 +0.046749 +0.431073 0.611
  4737  1973.750 +0.028495 +0.777868 0.556
  4738  1974.167 +0.176405 -0.605707 0.556
  4739  1974.583 -0.910034 +0.271550 0.556
  4740  1975.000 +0.603550 -1.468249 0.611
  4741  1975.417 +0.696940 +0.884949 0.500
  4742  1975.833 -0.650740 +0.916483 0.500
  4743  1976.250 +0.392181 -0.507700 0.667
  4744  1976.667 -0.978156 +0.453434 0.500
  4745  1977.083 -1.150752 -0.939145 0.500
  4746  1977.500 +0.538049 -0.090047 0.667
  4747  1977.917 +0.962362 +0.450854 0.556
  4748  1978.333 +0.483128 +0.543267 0.556
  4749  1978.750 +0.965459 +0.092549 0.667
  4750  1979.167 -0.277029 -0.636433 0.611
  4751  1979.583 -1.024148 -0.438589 0.611
  4752  1980.000 +0.022129 +0.010754 0.722
  4753  1980.417 -0.326468 +0.762609 0.611
  4754  1980.833 -0.070403 -0.850800 0.667
  4755  1981.250 +0.197333 +1.043378 0.722
  4756  1981.667 +0.570573 -0.911395 0.556
  4757  1982.083 -1.451474 -0.385212 0.611
  4758  1982.500 +0.742121 +0.222370 0.556
  4759  1982.917 +0.639971 +0.304532 0.611
  4760  1983.333 +0.528064 +0.234608 0.611
  4761  1983.750 -1.378906 +0.394021 0.500
  4762  1984.167 +1.007078 +0.395233 0.611
  4763  1984.583 -0.476200 -0.587352 0.667
  4764  1985.000 -0.790450 -0.067235 0.611
  4765  1985.417 +0.789725 -0.260957 0.556
  4766  1985.833 -1.448162 -0.058516 0.556
  4767  1986.250 +1.658163 -0.117087 0.500
  4768  1986.667 +0.238797 -0.013868 0.500
  4769  1987.083 +1.112277 +1.380417 0.556
  4770  1987.500 -0.410003 -0.498527 0.500
  4771  1987.917 -0.846022 -0.170305 0.556
  4772  1988.333 -0.801018 -0.506274 0.556
  4773  1988.750 -0.252317 -0.436576 0.556
  4774  1989.167 +0.211562 -1.021682 0.556
  4775  1989.583 +0.005247 +0.608226 0.556
  4776  1990.000 -0.214150 +1.069709 0.500
  4777  1990.417 +0.631730 +0.966751 0.611
  4778  1990.833 -0.509997 -0.549500 0.611
  4779  1991.250 +0.241967 -1.252875 0.500
  4780  1991.667 +0.587577 -0.075648 0.667
  4781  1992.083 -0.007532 +1.412056 0.667
  4782  1992.500 +0.212585 +0.591331 0.611
  4783  1992.917 +1.012445 -0.568839 0.556
  4784  1993.333 -0.608201 -0.953218 0.556
  4785  1993.750 -0.818314 +0.218803 0.556
  4786  1994.167 -0.072706 +0.169476 0.556
  4787  1994.583 +0.133079 +0.203438 0.556
  4788  1995.000 -0.240728 -0.774046 0.611
  4789  1995.417 -0.452975 +0.541392 0.500
  4790  1995.833 +0.001143 +0.152769 0.500
  4791  1996.250 -0.757467 -0.897410 0.611
  4792  1996.667 +0.876566 -0.555756 0.556
  4793  1997.083 +0.323317 +1.358636 0.556
  4794  1997.500 +0.614197 +0.931608 0.556
  4795  1997.917 +0.011590 +0.349175 0.556
  4796  1998.333 +0.485742 -1.536738 0.611
  4797  1998.750 -1.130276 -0.187944 0.556
  4798  1999.167 -0.181033 -0.793233 0.556
  4799  1999.583 +0.475225 +0.428425 0.611
  4800  2000.000 +0.986885 +1.362670 0.556
  4801  2000.417 -0.296811 +0.330525 0.556
  4802  2000.833 -0.592494 -0.917743 0.500
  4803  2001.250 -0.358291 -0.072240 0.556
  4804  2001.667 -0.398539 +0.471723 0.500
  4805  2002.083 -0.297279 -0.968050 0.556
  4806  2002.500 +0.612105 -0.327892 0.500
  4807  2002.917 -0.017814 +1.478251 0.556
  4808  2003.333 -0.009209 -0.437990 0.611
  4809  2003.750 -0.899474 -0.505787 0.500
  4810  2004.167 +1.005383 +0.661622 0.500
  4811  2004.583 +0.845597 -0.531777 0.611
  4812  2005.000 +0.064101 +0.454892 0.500
  4813  2005.417 -0.524444 -0.162449 0.500
  4814  2005.833 -0.186270 -0.396796 0.667
  4815  2006.250 -0.622852 -1.331330 0.500
  4816  2006.667 +0.335090 +1.664464 0.500
  4817  2007.083 +0.755127 +0.073372 0.722
  4818  2007.500 +0.960073 +0.709488 0.556
  4819  2007.917 +0.256516 -0.195584 0.500
  4820  2008.333 -1.336281 -0.180060 0.722
  4821  2008.750 -1.171998 -0.037749 0.611
  4822  2009.167 -0.322356 -0.749376 0.556
  4823  2009.583 -0.483067 -0.445498 0.722
  4824  2010.000 +0.822255 +0.130223 0.667
  4825  2010.417 -0.080118 +0.000790 0.611
  4826  2010.833 +0.274490 +1.252084 0.722
  4827  2011.250 +0.731163 -0.507831 0.667
  4828  2011.667 +0.433007 +0.278926 0.556
  4829  2012.083 +0.720412 +0.067288 0.722
  4830  2012.500 -0.019850 -0.218439 0.611
  4831  2012.917 -0.756706 -0.956735 0.556
  4832  2013.333 +0.918836 +0.736137 0.611
  4833  2013.750 -1.162360 +0.892778 0.500
  4834  2014.167 -1.121863 -1.153990 0.500
  4835  2014.583 -1.015900 -0.721518 0.556
  4836  2015.000 +0.603032 +0.349952 0.556
  4837  2015.417 +0.849772 -0.062109 0.556
  4838  2015.833 +0.201483 +1.224277 0.556
  4839  2016.250 +0.853216 +0.415385 0.556
  4840  2016.667 -0.353180 -0.673043 0.556
  4841  2017.083 -0.265274 +0.759115 0.556
  4842  2017.500 +0.559103 -0.699695 0.556
  4843  2017.917 -0.467000 -0.327469 0.556
  4844  2018.333 +0.511704 -1.658963 0.500
  4845  2018.750 -0.252661 +0.680637 0.611
  4846  2019.167 -0.346520 +0.231169 0.667
  4847  2019.583 -0.914691 +0.374931 0.556
  4848  2020.000 +0.697267 +0.736166 0.500
  4849  2020.417 +0.516666 +0.149799 0.667
  4850  2020.833 -0.383148 +1.181296 0.556
  4851  2021.250 +0.315915 -1.355963 0.556
  4852  2021.667 -0.644908 -1.133222 0.611
  4853  2022.083 -0.901797 +1.163106 0.556
  4854  2022.500 +0.993957 +0.481342 0.500
  4855  2022.917 +0.447579 -1.235905 0.556
  4856  2023.333 -0.594942 -0.284379 0.556
  4857  2023.750 +0.665795 +0.579139 0.556
  4858  2024.167 +1.149518 -0.921506 0.556
  4859  2024.583 -0.492898 -0.504468 0.556
  4860  2025.000 -0.706533 +1.156274 0.611
  4861  2025.417 -0.586286 +1.369536 0.556
  4862  2025.833 +0.797192 -0.074614 0.556
  4863  2026.250 +0.053254 -1.107722 0.667
  4864  2026.667 -0.616930 +0.200752 0.500
  4865  2027.083 -0.537408 +1.136895 0.556
  4866  2027.500 -0.187481 -0.679771 0.667
  4867  2027.917 -0.313390 -0.889838 0.611
  4868  2028.333 +1.167566 -0.267654 0.556
  4869  2028.750 +1.077859 +0.290530 0.667
  4870  2029.167 -1.039558 +0.139048 0.611
  4871  2029.583 +0.982208 -0.430592 0.556
  4872  2030.000 -1.035663 +0.887044 0.667
  4873  2030.417 -0.891562 -0.116596 0.500
  4874  2030.833 +0.889669 -0.347243 0.556
  4875  2031.250 -0.298795 +0.786812 0.611
  4876  2031.667 +0.867538 -0.320936 0.556
  4877  2032.083 +0.277456 -0.925541 0.556
  4878  2032.500 +0.836225 +0.428680 0.500
  4879  2032.917 -1.203167 +0.216252 0.500
  4880  2033.333 -1.269404 +0.081892 0.556
  4881  2033.750 -0.343985 +0.379694 0.556
  4882  2034.167 +0.515329 +0.653627 0.556
  4883  2034.583 -0.257360 -0.610387 0.556
  4884  2035.000 +1.305635 -0.677766 0.500
  4885  2035.417 -0.370153 -0.588798 0.500
  4886  2035.833 +0.492117 +0.818539 0.611
  4887  2036.250 +0.787828 -0.706654 0.500
  4888  2036.667 -1.280955 +0.184997 0.556
  4889  2037.083 -0.435719 +0.286860 0.611
  4890  2037.500 +0.299121 -0.087994 0.500
  4891  2037.917 +0.044616 -0.069298 0.667
  4892  2038.333 +0.113470 +0.920504 0.556
  4893  2038.750 -0.062046 +0.716405 0.611
  4894  2039.167 +0.337867 -0.162309 0.611
  4895  2039.583 +0.079585 -1.679246 0.556
  4896  2040.000 -0.682217 +0.322231 0.722
  4897  2040.417 +0.066119 +0.493408 0.556
  4898  2040.833 +0.356653 -0.655659 0.667
  4899  2041.250 +0.750680 +0.263467 0.611
  4900  2041.667 -1.623978 -0.158449 0.556
  4901  2042.083 +0.132623 +0.080236 0.611
  4902  2042.500 +0.041055 -0.801333 0.611
  4903  2042.917 +0.815762 +0.153741 0.667
  4904  2043.333 +0.782885 +0.532515 0.667
  4905  2043.750 -0.528618 +0.799201 0.556
  4906  2044.167 -0.568360 +0.226337 0.667
  4907  2044.583 -0.675595 +0.654371 0.611
  4908  2045.000 -0.093192 +0.559139 0.556
  4909  2045.417 +0.764991 -1.026624 0.722
  4910  2045.833 +0.815546 -0.975816 0.611
  4911  2046.250 +0.270547 -0.607159 0.500
  4912  2046.667 -0.186701 -0.487098 0.667
  4913  2047.083 -0.161072 -0.419122 0.556
  4914  2047.500 -0.924270 +0.798140 0.500
  4915  2047.917 -0.756729 +0.086422 0.556
  4916  2048.333 -0.682918 +1.201887 0.611
  4917  2048.750 +0.840852 -0.687167 0.667
  4918  2049.167 +1.102378 +0.963269 0.667
  4919  2049.583 -0.354037 +0.403304 0.500
  4920  2050.000 +0.769958 -0.381303 0.611
  4921  2050.417 +0.387513 -0.266601 0.611
  4922  2050.833 -0.782727 -1.483507 0.556
  4923  2051.250 +0.556682 +0.609311 0.611
  4924  2051.667 -1.116605 +0.367031 0.611
  4925  2052.083 +0.324439 +0.495486 0.556
  4926  2052.500 +0.489082 -0.683179 0.556
  4927  2052.917 +0.094422 +0.597890 0.500
  4928  2053.333 -1.104824 +0.006409 0.611
  4929  2053.750 -0.429259 -0.406566 0.611
  4930  2054.167 -0.384449 -1.194092 0.500
  4931  2054.583 +0.631013 +0.172443 0.556
  4932  2055.000 +1.056275 +0.339908 0.611
  4933  2055.417 +0.871358 +0.524788 0.500
  4934  2055.833 -1.096999 +0.207886 0.500
  4935  2056.250 +0.272023 +0.849429 0.611
  4936  2056.667 +0.235743 -0.167355 0.556
  4937  2057.083 -0.913027 +0.741143 0.611
  4938  2057.500 +0.118804 -0.632254 0.722
  4939  2057.917 -0.821788 -0.600738 0.500
  4940  2058.333 +0.900689 -1.199450 0.611
  4941  2058.750 -0.007030 -0.224866 0.722
  4942  2059.167 -0.101433 +0.580611 0.500
  4943  2059.583 +1.071537 -0.173515 0.611
  4944  2060.000 -1.046312 +0.435243 0.722
  4945  2060.417 +0.039521 +0.164752 0.556
  4946  2060.833 -0.006672 +0.150456 0.556
  4947  2061.250 +0.788262 +0.045200 0.611
  4948  2061.667 +0.393558 +0.974505 0.556
  4949  2062.083 -1.062552 -0.136839 0.611
  4950  2062.500 -0.612418 +0.058702 0.611
  4951  2062.917 -0.544188 -1.020173 0.611
  4952  2063.333 +0.359273 +0.402272 0.556
  4953  2063.750 +0.297096 -0.486714 0.500
  4954  2064.167 +1.489751 -0.650616 0.556
  4955  2064.583 -0.117328 +0.105191 0.500
  4956  2065.000 -0.896964 -0.813681 0.611
  4957  2065.417 -0.253444 +0.680722 0.556
  4958  2065.833 +0.742755 +1.491179 0.500
  4959  2066.250 +0.077835 +0.749405 0.556
  4960  2066.667 -1.061575 -0.046305 0.556
  4961  2067.083 -0.261532 -1.029089 0.500
  4962  2067.500 +0.013605 -0.545470 0.556
  4963  2067.917 +1.064909 +0.853834 0.500
  4964  2068.333 +0.400397 -0.803792 0.500
  4965  2068.750 +0.560004 -1.072706 0.611
  4966  2069.167 -0.476633 +0.667486 0.556
  4967  2069.583 -1.158103 -0.804472 0.500
  4968  2070.000 -0.341598 +1.107021 0.556
  4969  2070.417 -0.517060 +1.226350 0.611
  4970  2070.833 +0.508432 +0.528069 0.556
  4971  2071.250 +1.076109 -0.586427 0.611
  4972  2071.667 -0.306986 +0.085609 0.500
  4973  2072.083 -0.219250 -1.022997 0.500
  4974  2072.500 +0.707383 -1.105492 0.556
  4975  2072.917 +0.427281 +0.081602 0.500
  4976  2073.333 -0.824657 -0.003679 0.556
  4977  2073.750 +0.088078 +0.698533 0.500
  4978  2074.167 -0.530765 +1.341608 0.556
  4979  2074.583 -0.470536 -0.458203 0.556
  4980  2075.000 +0.992676 -0.128424 0.611
  4981  2075.417 -0.829818 +0.404812 0.500
  4982  2075.833 +0.184660 -1.052164 0.611
  4983  2076.250 +0.585395 +0.325121 0.611
  4984  2076.667 +0.319403 +0.732999 0.500
  4985  2077.083 -0.158535 -1.124225 0.611
  4986  2077.500 +0.708024 -0.296641 0.611
  4987  2077.917 -0.123394 +0.003005 0.556
  4988  2078.333 -2.040061 +0.082042 0.667
  4989  2078.750 +0.890345 +0.300219 0.611
  4990  2079.167 -1.154538 +0.704517 0.667
  4991  2079.583 +0.251563 +0.010318 0.833
  4992  2080.000 +1.123576 -0.255269 0.500
  4993  2080.417 +0.390729 -0.693375 0.667
  4994  2080.833 +0.290963 +1.100655 0.833
  4995  2081.250 +0.340799 -0.696639 0.556
  4996  2081.667 +0.778649 +0.889168 0.722
  4997  2082.083 -1.173199 +0.206395 0.833
  4998  2082.500 -1.005779 -0.840955 0.611
  4999  2082.917 -0.997768 -0.483819 0.667
  5000  2083.333 +0.204968 -1.061568 0.722
  5001  2083.750 +0.105147 +0.935711 0.556
  5002  2084.167 +1.123306 -0.223293 0.611
  5003  2084.583 +0.944973 -0.236208 0.667
  5004  2085.000 -0.832810 +0.970515 0.556
  5005  2085.417 -0.217244 +0.581194 0.500
  5006  2085.833 +0.192003 +0.461157 0.611
  5007  2086.250 -0.050301 -0.538064 0.500
  5008  2086.667 +0.133948 -0.021190 0.556
  5009  2087.083 +0.284844 -1.224368 0.500
  5010  2087.500 -0.179976 +1.042407 0.611
  5011  2087.917 -0.627093 -0.204117 0.500
  5012  2088.333 -0.541167 -1.085339 0.556
  5013  2088.750 +0.978230 +1.036778 0.611
  5014  2089.167 +0.188052 +0.323543 0.500
  5015  2089.583 -0.761579 -0.567894 0.556
  5016  2090.000 +0.195326 -0.381220 0.667
  5017  2090.417 +0.127152 +0.839327 0.611
  5018  2090.833 -0.033761 -1.253252 0.667
  5019  2091.250 +0.387461 +1.643131 0.556
  5020  2091.667 +1.155583 -0.487871 0.556
  5021  2092.083 -1.285354 -0.216413 0.611
  5022  2092.500 -0.764740 -0.239393 0.611
  5023  2092.917 -0.083187 +0.037311 0.611
  5024  2093.333 +0.858725 +0.980287 0.611
  5025  2093.750 +0.208167 -0.612310 0.556
  5026  2094.167 -0.199488 +0.339694 0.611
  5027  2094.583 +0.392788 -1.413740 0.611
  5028  2095.000 -0.416706 +0.400070 0.500
  5029  2095.417 -0.206224 -0.447667 0.556
  5030  2095.833 -1.182705 +1.160893 0.556
  5031  2096.250 +0.694452 +0.616573 0.556
  5032  2096.667 +0.809140 -0.302483 0.500
  5033  2097.083 -0.575975 -0.360975 0.556
  5034  2097.500 +0.440925 -0.367375 0.556
  5035  2097.917 +1.042087 +0.621335 0.556
  5036  2098.333 -0.729101 +0.464962 0.556
  5037  2098.750 -0.171083 -1.470210 0.556
  5038  2099.167 +0.544640 -0.508743 0.556
  5039  2099.583 -1.344359 +0.355640 0.556
  5040  2100.000 -0.354626 +0.256092 0.556
  5041  2100.417 +0.953803 +0.972713 0.556
  5042  2100.833 -0.098656 +0.271835 0.556
  5043  2101.250 +0.638801 -0.669061 0.556
  5044  2101.667 -0.302839 +0.650646 0.611
  5045  2102.083 +0.400444 -0.581107 0.556
  5046  2102.500 -1.437969 -0.502592 0.500
  5047  2102.917 -0.001467 +0.241094 0.667
  5048  2103.333 +1.496991 -0.156700 0.556
  5049  2103.750 -1.622625 -0.045700 0.556
  5050  2104.167 -0.378023 -0.029032 0.667
  5051  2104.583 +1.348566 +0.580898 0.556
  5052  2105.000 -0.561997 +0.580617 0.556
  5053  2105.417 +0.715565 -0.569067 0.667
  5054  2105.833 +0.667811 -0.232477 0.500
  5055  2106.250 +0.955813 -0.399417 0.556
  5056  2106.667 +0.007298 +0.055030 0.500
  5057  2107.083 -1.104063 -0.069492 0.667
  5058  2107.500 -1.027558 -0.673664 0.556
  5059  2107.917 -0.689444 +1.258748 0.500
  5060  2108.333 -0.895967 +0.922803 0.722
  5061  2108.750 +1.042657 +0.529339 0.556
  5062  2109.167 -0.073951 -1.216235 0.556
  5063  2109.583 +0.085758 -0.976087 0.778
  5064  2110.000 +0.904245 -0.291763 0.500
  5065  2110.417 +0.528861 +0.303284 0.611
  5066  2110.833 +0.240969 +0.316576 0.778
  5067  2111.250 -0.863465 +0.472857 0.500
  5068  2111.667 +0.676122 -0.015281 0.611
  5069  2112.083 -0.192559 -0.292093 0.722
  5070  2112.500 +0.192897 -0.871256 0.500
  5071  2112.917 -0.684550 +0.938778 0.611
  5072  2113.333 +0.343338 +1.309271 0.778
  5073  2113.750 -1.122384 -0.308654 0.611
  5074  2114.167 +0.717123 -0.846728 0.500
  5075  2114.583 +0.464059 -0.907522 0.722
  5076  2115.000 -1.459061 +0.066019 0.667
  5077  2115.417 +0.611230 +1.023662 0.556
  5078  2115.833 +0.882457 -0.342146 0.611
  5079  2116.250 -1.103085 +0.001212 0.667
  5080  2116.667 +0.908369 -0.058768 0.500
  5081  2117.083 -0.455986 +0.924923 0.556
  5082  2117.500 +0.104846 -0.298125 0.722
  5083  2117.917 +0.217187 -0.934261 0.500
  5084  2118.333 +0.143669 -0.712870 0.556
  5085  2118.750 +0.469227 -0.204048 0.722
  5086  2119.167 -0.269340 +0.650079 0.500
  5087  2119.583 -1.465908 +0.690574 0.611
  5088  2120.000 +0.746562 +0.519336 0.722
  5089  2120.417 +0.827749 +0.821236 0.500
  5090  2120.833 -0.251780 -0.639210 0.611
  5091  2121.250 +0.213892 -0.469842 0.722
  5092  2121.667 -0.834169 +0.295114 0.556
  5093  2122.083 +0.659988 -0.754690 0.556
  5094  2122.500 -0.291176 -0.840850 0.667
  5095  2122.917 -0.008932 +0.498368 0.611
  5096  2123.333 -0.329245 +1.257833 0.500
  5097  2123.750 -0.372774 -0.543699 0.611
  5098  2124.167 +0.892748 -0.608378 0.611
  5099  2124.583 -1.521742 +0.090686 0.556
  5100  2125.000 +1.295692 +0.053446 0.667
  5101  2125.417 -0.266936 -0.186084 0.667
  5102  2125.833 -0.173365 +0.196461 0.500
  5103  2126.250 +0.557799 +0.644570 0.611
  5104  2126.667 +1.015719 -0.273078 0.611
  5105  2127.083 +0.334981 +0.491683 0.500
  5106  2127.500 -0.546708 -1.177171 0.667
  5107  2127.917 -0.883790 +0.176686 0.722
  5108  2128.333 -0.576045 +0.416772 0.611
  5109  2128.750 -0.842857 +0.342178 0.556
  5110  2129.167 +0.243781 +0.089519 0.611
  5111  2129.583 +1.867495 +0.423947 0.500
  5112  2130.000 +0.428808 -0.854655 0.556
  5113  2130.417 -1.015946 -0.443320 0.500
  5114  2130.833 -0.455307 +0.736525 0.611
  5115  2131.250 -0.507446 -0.115192 0.556
  5116  2131.667 -0.816767 -0.846159 0.556
  5117  2132.083 +1.132518 +0.735514 0.611
  5118  2132.500 +1.107370 -0.824350 0.500
  5119  2132.917 +0.293753 +0.017903 0.611
  5120  2133.333 +0.572650 +0.903826 0.611
  5121  2133.750 -0.601404 -0.784410 0.556
  5122  2134.167 -0.221206 +0.634097 0.611
  5123  2134.583 -0.513229 +0.419518 0.556
  5124  2135.000 -0.465734 +0.242944 0.500
  5125  2135.417 -0.616298 +0.349651 0.778
  5126  2135.833 -0.292528 -0.974921 0.667
  5127  2136.250 -0.167723 -0.191647 0.611
  5128  2136.667 +1.759324 -0.531250 0.667
  5129  2137.083 +0.631875 +0.463090 0.500
  5130  2137.500 -0.626137 -0.807958 0.556
  5131  2137.917 -1.045723 +0.603760 0.667
  5132  2138.333 +1.077979 +0.797582 0.500
  5133  2138.750 -0.375089 +0.351086 0.667
  5134  2139.167 +0.533038 -0.601701 0.556
  5135  2139.583 -0.641658 +0.273286 0.556
  5136  2140.000 +0.602820 -0.088973 0.667
  5137  2140.417 -0.686144 -0.782211 0.500
  5138  2140.833 +0.205182 +0.338268 0.611
  5139  2141.250 +0.675133 -0.357970 0.611
  5140  2141.667 -1.097399 +0.666191 0.500
  5141  2142.083 +0.187563 -0.932696 0.556
  5142  2142.500 -0.271206 +0.550558 0.722
  5143  2142.917 -0.949269 +0.175650 0.611
  5144  2143.333 +1.077186 +0.011761 0.611
  5145  2143.750 +0.904499 -0.164396 0.667
  5146  2144.167 +0.314474 +0.128983 0.556
  5147  2144.583 +0.400234 +1.010251 0.556
  5148  2145.000 -0.606134 -0.998973 0.611
  5149  2145.417 -0.378932 -0.073427 0.556
  5150  2145.833 -0.327044 -0.056481 0.611
  5151  2146.250 -0.913487 +0.502444 0.500
  5152  2146.667 +0.416343 +0.604781 0.500
  5153  2147.083 +0.280045 -1.455338 0.556
  5154  2147.500 -0.503355 -0.144131 0.500
  5155  2147.917 +0.232602 +0.201015 0.500
  5156  2148.333 +0.213826 -0.649658 0.556
  5157  2148.750 +0.730947 +0.993572 0.500
  5158  2149.167 +0.315562 +0.339888 0.556
  5159  2149.583 -0.217357 +1.461663 0.556
  5160  2150.000 -0.478971 -1.427454 0.556
  5161  2150.417 +0.244952 -0.786997 0.556
  5162  2150.833 +1.178467 +0.262765 0.556
  5163  2151.250 -1.604276 -0.355012 0.556
  5164  2151.667 -1.009850 +0.774640 0.556
  5165  2152.083 +0.193708 -0.351739 0.611
  5166  2152.500 +0.585799 -1.079456 0.556
  5167  2152.917 +0.542160 +1.476550 0.611
  5168  2153.333 -0.051761 +0.090345 0.611
  5169  2153.750 +0.052499 +0.787053 0.611
  5170  2154.167 +0.822614 -0.636108 0.667
  5171  2154.583 -0.392830 -0.240771 0.500
  5172  2155.000 -1.252772 +0.052212 0.556
  5173  2155.417 +0.259678 -0.249919 0.611
  5174  2155.833 -0.169976 -0.362682 0.556
  5175  2156.250 -0.595158 -0.177157 0.556
  5176  2156.667 +1.439083 -0.614787 0.556
  5177  2157.083 +0.894303 +1.010389 0.556
  5178  2157.500 -0.867513 +0.744011 0.556
  5179  2157.917 +0.283351 -1.035166 0.556
  5180  2158.333 -0.251464 +0.086228 0.611
  5181  2158.750 -0.564955 -0.384317 0.556
  5182  2159.167 -0.066360 +0.688974 0.556
  5183  2159.583 -0.577086 +0.770556 0.667
  5184  2160.000 -0.362590 +0.168708 0.556
  5185  2160.417 +1.196787 -0.781488 0.556
  5186  2160.833 +0.546317 +0.735395 0.667
  5187  2161.250 +0.820750 -0.551866 0.556
  5188  2161.667 -0.872840 -0.995067 0.556
  5189  2162.083 -1.386989 +0.075508 0.667
  5190  2162.500 +0.074407 -0.837304 0.500
  5191  2162.917 +0.071590 +1.631323 0.500
  5192  2163.333 +1.353429 +0.355510 0.556
  5193  2163.750 +0.377882 -1.244946 0.556
  5194  2164.167 -0.474508 +0.711210 0.500
  5195  2164.583 -0.108375 +0.419093 0.500
  5196  2165.000 -0.723154 -0.716318 0.611
  5197  2165.417 -0.092682 +0.823654 0.556
  5198  2165.833 +1.059105 -0.283311 0.500
  5199  2166.250 -0.255762 -0.216261 0.556
  5200  2166.667 -0.176461 +0.787469 0.556
  5201  2167.083 -0.864813 -0.927993 0.500
  5202  2167.500 -0.030194 -0.663646 0.556
  5203  2167.917 +0.122432 -0.062333 0.556
  5204  2168.333 +0.320777 +0.131622 0.556
  5205  2168.750 +0.355400 +0.368624 0.556
  5206  2169.167 -0.821895 +1.232935 0.611
  5207  2169.583 +0.967481 -0.680732 0.667
  5208  2170.000 +0.268316 -0.680573 0.556
  5209  2170.417 +0.206771 +1.147454 0.500
  5210  2170.833 -0.853141 -0.711439 0.556
  5211  2171.250 +0.002645 +0.195829 0.556
  5212  2171.667 +1.051820 -0.625581 0.500
  5213  2172.083 +0.454870 -0.762755 0.556
  5214  2172.500 -0.998653 +0.581079 0.722
  5215  2172.917 -0.980787 +0.736612 0.667
  5216  2173.333 -0.596096 +0.998283 0.556
  5217  2173.750 +0.712938 -0.144769 0.611
  5218  2174.167 +0.119274 -0.600289 0.667
  5219  2174.583 +0.224958 -0.421299 0.611
  5220  2175.000 -0.215515 -0.959611 0.556
  5221  2175.417 +0.497802 +1.526151 0.556
  5222  2175.833 -0.610566 -0.279334 0.556
  5223  2176.250 +0.591603 -0.813876 0.500
  5224  2176.667 -0.144510 +0.500195 0.611
  5225  2177.083 -0.417178 -0.949840 0.556
  5226  2177.500 +1.651332 +0.395128 0.500
  5227  2177.917 +0.364981 +0.749257 0.611
  5228  2178.333 -0.615084 +1.017359 0.500
  5229  2178.750 -0.363492 +0.202969 0.556
  5230  2179.167 -0.755646 -1.532304 0.611
  5231  2179.583 -0.492015 -0.250440 0.500
  5232  2180.000 -0.514116 -0.840766 0.611
  5233  2180.417 -0.767673 +0.285781 0.556
  5234  2180.833 +0.653111 +0.441578 0.556
  5235  2181.250 +1.086761 +0.494785 0.500
  5236  2181.667 +0.845037 +0.757224 0.556
  5237  2182.083 +0.529112 +0.696216 0.556
  5238  2182.500 +0.021300 -1.119351 0.611
  5239  2182.917 +0.098897 -0.066695 0.556
  5240  2183.333 -1.511236 +0.757924 0.500
  5241  2183.750 -0.274370 -0.920173 0.611
  5242  2184.167 -0.488375 -0.960894 0.556
  5243  2184.583 +1.117548 -0.054665 0.500
  5244  2185.000 +0.902238 +0.303964 0.611
  5245  2185.417 -1.566601 +0.607490 0.611
  5246  2185.833 -0.990302 +0.379496 0.500
  5247  2186.250 +1.421220 +0.313377 0.667
  5248  2186.667 +1.128552 -0.520715 0.611
  5249  2187.083 -0.983360 -0.849851 0.556
  5250  2187.500 +0.295415 -0.365924 0.667
  5251  2187.917 -0.634077 +0.472893 0.667
  5252  2188.333 -0.308653 +0.455427 0.556
  5253  2188.750 +1.083201 +0.899123 0.667
  5254  2189.167 +0.177356 -0.080495 0.667
  5255  2189.583 -0.318176 -1.098764 0.500
  5256  2190.000 -1.225993 +0.132271 0.667
  5257  2190.417 +0.721916 +1.406745 0.611
  5258  2190.833 +1.126122 -0.346068 0.500
  5259  2191.250 -0.861901 -0.483685 0.611
  5260  2191.667 -0.932201 -0.161716 0.611
  5261  2192.083 +0.378268 -0.447454 0.500
  5262  2192.500 -0.161349 -0.276978 0.611
  5263  2192.917 +1.172119 -0.448168 0.556
  5264  2193.333 -0.350291 +0.908633 0.611
  5265  2193.750 +0.210014 +1.132840 0.556
  5266  2194.167 -0.883563 -1.325780 0.611
  5267  2194.583 +0.851197 -0.498569 0.556
  5268  2195.000 +0.588085 -0.501942 0.611
  5269  2195.417 -0.577358 +1.048933 0.556
  5270  2195.833 -0.675751 +0.544549 0.500
  5271  2196.250 -0.918388 +0.019858 0.667
  5272  2196.667 +1.145757 +0.269455 0.556
  5273  2197.083 -0.818164 +0.826357 0.556
  5274  2197.500 +0.671557 -0.710051 0.611
  5275  2197.917 +0.763646 -0.731838 0.500
  5276  2198.333 -0.323655 +0.473394 0.556
  5277  2198.750 -0.212527 +0.718080 0.556
  5278  2199.167 +0.570263 -1.458145 0.556
  5279  2199.583 +0.190592 -1.298326 0.556
  5280  2200.000 -0.713910 -0.082372 0.500
  5281  2200.417 -0.127015 +1.368233 0.556
  5282  2200.833 -0.522253 -0.388746 0.556
  5283  2201.250 +0.815524 +0.125933 0.556
  5284  2201.667 -0.513692 +0.879231 0.556
  5285  2202.083 -0.356460 +0.584597 0.556
  5286  2202.500 +0.545058 +0.422120 0.611
  5287  2202.917 -0.102579 -0.342465 0.611
  5288  2203.333 +0.845752 -1.662074 0.556
  5289  2203.750 -1.176884 +0.875162 0.556
  5290  2204.167 -0.279139 -0.083293 0.556
  5291  2204.583 +1.183078 -1.097446 0.611
  5292  2205.000 -0.161023 +1.144463 0.500
  5293  2205.417 -0.211551 +0.230795 0.556
  5294  2205.833 -0.110347 -0.919794 0.611
  5295  2206.250 +0.495498 +1.103985 0.556
  5296  2206.667 +0.561621 -0.894367 0.611
  5297  2207.083 -1.118202 +0.199134 0.556
  5298  2207.500 +0.798305 +0.135158 0.556
  5299  2207.917 -1.366621 +0.384564 0.556
  5300  2208.333 -0.177519 -0.428077 0.556
  5301  2208.750 +0.408138 +0.034502 0.556
  5302  2209.167 +0.295195 -0.154971 0.611
  5303  2209.583 -0.513843 +0.408202 0.500
  5304  2210.000 +1.593375 -0.537897 0.500
  5305  2210.417 +0.478344 -0.450840 0.667
  5306  2210.833 -1.447110 -0.452670 0.556
  5307  2211.250 +0.123709 +0.745162 0.611
  5308  2211.667 -0.058348 +1.080999 0.611
  5309  2212.083 -0.905419 -0.230428 0.500
  5310  2212.500 -0.028459 +0.868277 0.556
  5311  2212.917 +1.279806 -0.504823 0.611
  5312  2213.333 -0.423534 +0.256514 0.500
  5313  2213.750 +0.541780 -0.582203 0.500
  5314  2214.167 +0.740810 -1.155261 0.611
  5315  2214.583 -0.924201 -0.561871 0.500
  5316  2215.000 -0.782252 -0.079069 0.556
  5317  2215.417 +0.022833 +1.343357 0.611
  5318  2215.833 +0.037805 +0.097467 0.556
  5319  2216.250 +0.384040 +0.377523 0.556
  5320  2216.667 -0.361805 -0.690124 0.500
  5321  2217.083 +0.724892 +0.576934 0.556
  5322  2217.500 -0.295867 -0.581393 0.667
  5323  2217.917 -0.115750 -0.131615 0.500
  5324  2218.333 +0.238597 +0.496085 0.556
  5325  2218.750 +0.574556 +0.186753 0.722
  5326  2219.167 -0.251415 +0.216589 0.556
  5327  2219.583 -0.395325 +0.955468 0.500
  5328  2220.000 -0.499294 -1.185245 0.722
  5329  2220.417 +0.042962 -1.048013 0.556
  5330  2220.833 +0.018623 -1.045292 0.611
  5331  2221.250 +1.166813 +0.575949 0.556
  5332  2221.667 -0.621159 +1.191059 0.611
  5333  2222.083 -1.398780 +0.027204 0.556
  5334  2222.500 +1.394254 +0.716159 0.556
  5335  2222.917 +0.704264 -0.307163 0.500
  5336  2223.333 -0.318664 +0.684851 0.556
  5337  2223.750 -0.431303 -0.197859 0.500
  5338  2224.167 -0.793483 -0.624709 0.500
  5339  2224.583 -0.703384 -0.343841 0.500
  5340  2225.000 -0.050177 -0.932804 0.556
  5341  2225.417 +0.792697 -0.021778 0.611
  5342  2225.833 +0.981350 +0.859855 0.556
  5343  2226.250 +0.672877 -0.396112 0.500
  5344  2226.667 +1.112928 -0.090841 0.667
  5345  2227.083 -0.452797 +0.295734 0.556
  5346  2227.500 -0.773980 +0.667989 0.556
  5347  2227.917 -0.775408 -0.346164 0.611
  5348  2228.333 -0.682037 +1.060295 0.556
  5349  2228.750 -0.756683 -0.444068 0.611
  5350  2229.167 -0.809482 +0.310153 0.667
  5351  2229.583 +0.621239 -0.800253 0.556
  5352  2230.000 +1.451011 +0.060332 0.667
  5353  2230.417 -0.082594 -0.535204 0.611
  5354  2230.833 +0.381276 -0.007225 0.556
  5355  2231.250 +0.658018 -0.077413 0.667
  5356  2231.667 -0.280592 -0.257826 0.611
  5357  2232.083 +1.281643 +0.384897 0.556
  5358  2232.500 -1.128237 -0.603851 0.500
  5359  2232.917 -0.976054 +1.616366 0.556
  5360  2233.333 -0.293365 -0.148706 0.556
  5361  2233.750 -0.924522 +0.299008 0.611
  5362  2234.167 +0.869478 -0.235708 0.556
  5363  2234.583 +0.435978 -0.165355 0.556
  5364  2235.000 +0.501925 -1.006292 0.667
  5365  2235.417 -0.441188 -0.018814 0.500
  5366  2235.833 +0.090669 +0.235552 0.500
  5367  2236.250 -0.374072 +0.031697 0.556
  5368  2236.667 +0.808113 -0.267378 0.556
  5369  2237.083 -0.390687 -0.036629 0.556
  5370  2237.500 -0.026256 +0.574126 0.556
  5371  2237.917 +0.180763 +1.303148 0.500
  5372  2238.333 +0.525351 -0.632774 0.556
  5373  2238.750 -0.695945 -0.748405 0.556
  5374  2239.167 -0.277071 -0.602563 0.556
  5375  2239.583 -0.412929 +0.614158 0.611
  5376  2240.000 -0.489346 +0.439103 0.611
  5377  2240.417 +0.418084 +0.655239 0.667
  5378  2240.833 +0.860326 -0.438533 0.556
  5379  2241.250 +0.056281 -0.284342 0.556
  5380  2241.667 -0.398520 -0.446232 0.722
  5381  2242.083 +1.267435 -0.251099 0.500
  5382  2242.500 +0.108420 -0.008913 0.500
  5383  2242.917 -1.228692 -0.183314 0.667
  5384  2243.333 -0.899647 -0.501795 0.556
  5385  2243.750 +0.778853 +0.180539 0.611
  5386  2244.167 +0.285304 +1.069744 0.722
  5387  2244.583 -0.623468 +0.119116 0.556
  5388  2245.000 +0.825121 -0.265042 0.556
  5389  2245.417 +0.362680 +1.225734 0.611
  5390  2245.833 -0.921990 +0.145946 0.556
  5391  2246.250 -0.962743 -0.712019 0.556
  5392  2246.667 +1.139743 -0.561290 0.556
  5393  2247.083 -0.055285 +0.058354 0.556
  5394  2247.500 -0.434427 -0.714333 0.611
  5395  2247.917 -0.123234 -0.423131 0.556
  5396  2248.333 +1.153545 +0.502766 0.556
  5397  2248.750 +0.328741 +1.300621 0.667
  5398  2249.167 -0.095225 -0.735117 0.500
  5399  2249.583 +0.164215 -0.217019 0.500
  5400  2250.000 -0.527495 -0.594200 0.667
  5401  2250.417 -0.843463 +0.812492 0.556
  5402  2250.833 -0.592662 +0.221636 0.556
  5403  2251.250 -0.495613 -0.859649 0.667
  5404  2251.667 +1.447068 +0.333263 0.556
  5405  2252.083 -0.343968 +1.382567 0.611
  5406  2252.500 +1.085227 -0.752088 0.667
  5407  2252.917 +0.268445 +0.166748 0.556
  5408  2253.333 -1.166050 -0.191901 0.667
  5409  2253.750 +0.298725 -1.228430 0.667
  5410  2254.167 +0.156239 +0.310052 0.556
  5411  2254.583 -0.573773 -0.336309 0.667
  5412  2255.000 +0.154535 +0.901903 0.611
  5413  2255.417 +0.158812 +0.221407 0.556
  5414  2255.833 +1.039328 +0.764035 0.667
  5415  2256.250 -0.872827 +0.248551 0.500
  5416  2256.667 +0.269430 -1.586126 0.556
  5417  2257.083 -0.705280 -0.351725 0.722
  5418  2257.500 -0.015492 -0.470076 0.556
  5419  2257.917 +0.137001 +1.499545 0.556
  5420  2258.333 -0.146643 +1.103093 0.611
  5421  2258.750 +0.271259 -1.378611 0.500
  5422  2259.167 -0.759372 -1.131654 0.500
  5423  2259.583 +0.146553 +0.343539 0.556
  5424  2260.000 +1.407813 +0.140649 0.556
  5425  2260.417 -0.138663 +0.708730 0.500
  5426  2260.833 +0.000097 +0.790654 0.556
  5427  2261.250 -0.143974 +0.226996 0.556
  5428  2261.667 -0.609149 -1.243465 0.556
  5429  2262.083 -1.142399 +0.304308 0.500
  5430  2262.500 +0.831985 -0.288548 0.611
  5431  2262.917 +0.873410 -0.183668 0.500
  5432  2263.333 -0.093810 -0.049596 0.500
  5433  2263.750 +0.078848 -0.039752 0.611
  5434  2264.167 +0.350493 -0.135386 0.500
  5435  2264.583 -0.353754 +0.241110 0.556
  5436  2265.000 -0.382827 +0.539849 0.667
  5437  2265.417 +0.385844 -0.324140 0.556
  5438  2265.833 -1.268562 +0.953783 0.500
  5439  2266.250 +0.873648 -0.732978 0.611
  5440  2266.667 -0.847036 -1.296750 0.500
  5441  2267.083 -0.026519 +0.948121 0.500
  5442  2267.500 +0.337626 +1.287173 0.556
  5443  2267.917 +0.987087 -0.263653 0.556
  5444  2268.333 -0.327926 -0.847133 0.556
  5445  2268.750 -0.434534 -0.920601 0.556
  5446  2269.167 +1.156166 +0.245968 0.556
  5447  2269.583 -0.770963 -0.010052 0.500
  5448  2270.000 +0.229915 +0.597121 0.500
  5449  2270.417 +0.729832 +0.807862 0.611
  5450  2270.833 -0.522095 -0.360113 0.556
  5451  2271.250 -1.465439 -0.503564 0.556
  5452  2271.667 -0.520629 +0.262591 0.556
  5453  2272.083 +1.416531 +0.718364 0.500
  5454  2272.500 +1.259921 -0.330604 0.556
  5455  2272.917 -1.120677 -0.898640 0.611
  5456  2273.333 +0.610808 -1.337831 0.556
  5457  2273.750 -0.252296 +0.608661 0.722
  5458  2274.167 -0.592832 +0.786575 0.500
  5459  2274.583 -0.874753 +0.792252 0.500
  5460  2275.000 -0.460689 +0.180777 0.778
  5461  2275.417 +0.787132 -0.353436 0.611
  5462  2275.833 +0.581177 +1.174509 0.611
  5463  2276.250 +0.547120 -0.825770 0.667
  5464  2276.667 +0.513907 -0.581947 0.556
  5465  2277.083 -0.543336 -0.789272 0.500
  5466  2277.500 -0.469949 -0.000736 0.722
  5467  2277.917 -0.573330 +0.678134 0.667
  5468  2278.333 +1.017149 -0.614451 0.611
  5469  2278.750 -0.783252 +0.053612 0.556
  5470  2279.167 +0.905770 +0.910709 0.556
  5471  2279.583 -0.489042 +0.196360 0.556
  5472  2280.000 +0.750946 -0.221985 0.556
  5473  2280.417 -0.654767 -0.705513 0.556
  5474  2280.833 -0.225749 +1.139996 0.556
  5475  2281.250 +0.538267 -0.683941 0.556
  5476  2281.667 -0.560761 +0.870083 0.500
  5477  2282.083 -0.230276 -1.610426 0.500
  5478  2282.500 -0.728547 +0.133694 0.611
  5479  2282.917 +0.192589 -0.211294 0.556
  5480  2283.333 +0.104189 -0.161761 0.556
  5481  2283.750 +0.804491 +0.727669 0.722
  5482  2284.167 -0.575220 +0.813864 0.500
  5483  2284.583 +0.876762 +0.702036 0.556
  5484  2285.000 +1.431363 -0.241237 0.667
  5485  2285.417 -0.245080 -1.169368 0.611
  5486  2285.833 -1.030811 +0.596771 0.556
  5487  2286.250 -0.143495 -0.550425 0.833
  5488  2286.667 +0.188442 -1.228735 0.500
  5489  2287.083 -1.187520 +0.928509 0.556
  5490  2287.500 +0.011542 +0.559537 0.889
  5491  2287.917 -0.004494 -0.098681 0.556
  5492  2288.333 -0.946817 -0.242241 0.500
  5493  2288.750 +0.696662 -0.458415 0.833
  5494  2289.167 +0.815502 +0.524711 0.556
  5495  2289.583 +0.308617 +0.353768 0.556
  5496  2290.000 +0.593251 +1.209372 0.722
  5497  2290.417 -0.001693 -1.495137 0.500
  5498  2290.833 -0.293462 +0.545194 0.500
  5499  2291.250 -0.415096 -1.354455 0.722
  5500  2291.667 -0.204268 -0.289775 0.556
  5501  2292.083 -0.569544 +0.916278 0.500
  5502  2292.500 +0.473327 +0.400563 0.667
  5503  2292.917 +1.450784 +0.373329 0.611
  5504  2293.333 -0.764362 +0.364925 0.500
  5505  2293.750 -0.728190 -0.443158 0.556
  5506  2294.167 -0.603898 -0.129783 0.556
  5507  2294.583 +0.281195 -1.150254 0.556
  5508  2295.000 +0.326041 -0.366581 0.500
  5509  2295.417 +1.341158 +0.897395 0.500
  5510  2295.833 -0.730884 +0.158798 0.611
  5511  2296.250 -0.738268 -0.734328 0.500
  5512  2296.667 -0.586158 +0.726745 0.500
  5513  2297.083 +1.139514 +0.952510 0.556
  5514  2297.500 -0.789452 +0.186424 0.556
  5515  2297.917 +0.252232 +0.633160 0.556
  5516  2298.333 -0.135387 -0.888578 0.556
  5517  2298.750 +0.636126 -0.322411 0.611
  5518  2299.167 +1.305967 -0.796822 0.611
  5519  2299.583 -0.407666 -0.495862 0.611
  5520  2300.000 -0.833979 -0.944459 0.556
  5521  2300.417 -0.634941 +0.033703 0.611
  5522  2300.833 -0.796557 +1.075096 0.611
  5523  2301.250 +1.195230 +0.944652 0.500
  5524  2301.667 +0.073746 +0.802538 0.556
  5525  2302.083 +0.574523 -0.500331 0.500
  5526  2302.500 -0.537700 +0.237124 0.611
  5527  2302.917 -0.662516 -0.377155 0.556
  5528  2303.333 +0.977256 -1.104286 0.500
  5529  2303.750 -0.347958 +0.865743 0.611
  5530  2304.167 -0.384165 +0.782527 0.500
  5531  2304.583 -0.255388 +0.806662 0.556
  5532  2305.000 +0.309334 -0.984918 0.556
  5533  2305.417 -0.137357 -1.474443 0.611
  5534  2305.833 +0.488212 -1.040143 0.556
  5535  2306.250 +0.556672 -0.186826 0.500
  5536  2306.667 -0.749249 +0.498570 0.722
  5537  2307.083 +0.085129 +1.506217 0.500
  5538  2307.500 +0.234022 +0.172182 0.556
  5539  2307.917 +0.410926 -0.462802 0.722
  5540  2308.333 -0.022956 +1.549580 0.500
  5541  2308.750 -0.078886 +0.414025 0.556
  5542  2309.167 -0.681350 -0.772681 0.778
  5543  2309.583 -0.609503 -0.655331 0.500
  5544  2310.000 -0.079660 -0.651531 0.500
  5545  2310.417 +1.475126 -0.941476 0.833
  5546  2310.833 -0.088569 +0.502915 0.500
  5547  2311.250 -1.051326 +0.332216 0.556
  5548  2311.667 +0.198117 +0.363566 0.722
  5549  2312.083 -0.122997 +0.276340 0.611
  5550  2312.500 +0.359112 +0.450495 0.500
  5551  2312.917 +0.998683 +0.368916 0.722
  5552  2313.333 -0.822953 -1.016414 0.556
  5553  2313.750 -0.711869 -0.963226 0.611
  5554  2314.167 +0.542971 +0.380201 0.611
  5555  2314.583 +0.485043 +0.451319 0.556
  5556  2315.000 -0.260622 +0.127943 0.611
  5557  2315.417 -0.042324 -0.997403 0.556
  5558  2315.833 +0.226309 +0.859121 0.500
  5559  2316.250 +0.277577 +1.015639 0.667
  5560  2316.667 -0.226251 -0.489989 0.556
  5561  2317.083 -0.807607 +1.081394 0.556
  5562  2317.500 +0.056621 -1.451290 0.611
  5563  2317.917 +0.357693 -0.558376 0.500
  5564  2318.333 +0.616847 -0.661459 0.556
  5565  2318.750 -0.730480 +1.438752 0.667
  5566  2319.167 +0.067578 +0.176138 0.556
  5567  2319.583 -0.917213 -0.614197 0.611
  5568  2320.000 +0.600309 +0.313773 0.722
  5569  2320.417 +0.745614 -0.459600 0.611
  5570  2320.833 -0.656313 +0.465677 0.611
  5571  2321.250 +0.701170 -0.068571 0.722
  5572  2321.667 -0.209341 +0.165118 0.611
  5573  2322.083 +0.260191 +0.079539 0.611
  5574  2322.500 +0.234711 -1.367235 0.778
  5575  2322.917 -0.176213 +0.554469 0.667
  5576  2323.333 -0.273550 +0.060952 0.556
  5577  2323.750 -0.624312 +0.454011 0.722
  5578  2324.167 +0.372044 +0.241517 0.611
  5579  2324.583 -1.302380 +1.362390 0.611
  5580  2325.000 +1.454793 -0.349980 0.778
  5581  2325.417 +0.223651 -0.561120 0.722
  5582  2325.833 -0.740621 -0.808264 0.500
  5583  2326.250 -0.541556 -0.906787 0.667
  5584  2326.667 +0.364263 -0.504485 0.667
  5585  2327.083 +1.069536 +0.916114 0.500
  5586  2327.500 +0.840949 +0.584885 0.611
  5587  2327.917 +0.229038 +0.007950 0.611
  5588  2328.333 -1.247484 -0.664334 0.556
  5589  2328.750 -0.789869 +0.751781 0.556
  5590  2329.167 -0.349946 +0.516808 0.556
  5591  2329.583 +0.179889 -0.152110 0.611
  5592  2330.000 +0.005233 -0.149378 0.500
  5593  2330.417 +0.601470 +0.844381 0.556
  5594  2330.833 +0.053575 -0.385566 0.611
  5595  2331.250 +0.409239 -1.682799 0.556
  5596  2331.667 -0.155123 +0.341739 0.500
  5597  2332.083 -0.942608 +0.614772 0.722
  5598  2332.500 +0.771406 +0.077478 0.556
  5599  2332.917 +0.756886 -1.027361 0.556
  5600  2333.333 -0.731168 +0.812454 0.667
  5601  2333.750 -0.502255 -0.345972 0.556
  5602  2334.167 -0.057013 +0.134390 0.611
  5603  2334.583 +0.506478 +1.497507 0.611
  5604  2335.000 +0.699168 -0.785452 0.556
  5605  2335.417 -1.182597 -0.668302 0.667
  5606  2335.833 +0.484220 +0.770954 0.556
  5607  2336.250 -0.385438 -0.745053 0.611
  5608  2336.667 -1.073892 +0.148809 0.667
  5609  2337.083 +0.898189 +0.009688 0.556
  5610  2337.500 +1.445771 -0.040949 0.722
  5611  2337.917 +0.116346 +0.318106 0.722
  5612  2338.333 -0.701839 -0.371076 0.500
  5613  2338.750 +0.748777 +0.048848 0.722
  5614  2339.167 -1.232750 +0.127342 0.722
  5615  2339.583 -1.148491 +0.209387 0.500
  5616  2340.000 -0.587704 -0.147959 0.667
  5617  2340.417 +1.919191 -0.557593 0.722
  5618  2340.833 +0.019276 +0.536648 0.556
  5619  2341.250 -0.435620 -0.244731 0.611
  5620  2341.667 +0.803673 +0.180654 0.722
  5621  2342.083 +0.628961 +0.143529 0.556
  5622  2342.500 -0.836434 -0.449881 0.556
  5623  2342.917 -0.213918 +1.277192 0.667
  5624  2343.333 -0.909806 -0.545861 0.500
  5625  2343.750 +0.629714 -1.215225 0.500
  5626  2344.167 +0.643378 +0.843144 0.611
  5627  2344.583 -0.760577 +0.773990 0.500
  5628  2345.000 +1.100378 -0.772814 0.556
  5629  2345.417 -0.003044 -0.133303 0.500
  5630  2345.833 -0.937029 -0.021620 0.556
  5631  2346.250 +0.436547 -0.282627 0.556
  5632  2346.667 -1.183408 -0.278587 0.500
  5633  2347.083 +0.104919 +0.198532 0.500
  5634  2347.500 -0.353430 +0.282689 0.611
  5635  2347.917 +0.699913 -0.411837 0.500
  5636  2348.333 +0.645301 +1.134911 0.556
  5637  2348.750 +0.459639 +0.812987 0.667
  5638  2349.167 +0.939611 +0.079042 0.611
  5639  2349.583 -0.240310 -1.598311 0.556
  5640  2350.000 -1.410418 +0.510373 0.611
  5641  2350.417 -0.671535 -0.708702 0.667
  5642  2350.833 +0.336163 -0.168953 0.667
  5643  2351.250 +0.086059 -0.613913 0.556
  5644  2351.667 +0.539646 +0.983813 0.667
  5645  2352.083 -0.615316 -0.031102 0.611
  5646  2352.500 +0.220812 +0.785655 0.556
  5647  2352.917 -0.291579 -0.045024 0.611
  5648  2353.333 +0.430144 -0.436334 0.556
  5649  2353.750 +0.651523 -0.307121 0.556
  5650  2354.167 -0.260145 -0.766997 0.556
  5651  2354.583 -0.028086 +0.969040 0.556
  5652  2355.000 -0.472576 +0.773431 0.556
  5653  2355.417 +0.121978 -0.539639 0.611
  5654  2355.833 -0.466924 -0.232468 0.611
  5655  2356.250 -0.202518 +1.307056 0.500
  5656  2356.667 +0.944878 -0.996704 0.611
  5657  2357.083 +0.390908 -0.168862 0.556
  5658  2357.500 -0.708911 -0.879414 0.500
  5659  2357.917 +0.624044 -0.574373 0.611
  5660  2358.333 -0.331357 +1.281365 0.500
  5661  2358.750 -0.294042 -0.043116 0.556
  5662  2359.167 -0.325700 -0.275870 0.611
  5663  2359.583 +0.502768 +1.138349 0.556
  5664  2360.000 -0.833558 +0.140639 0.611
  5665  2360.417 +0.925729 -1.071462 0.611
  5666  2360.833 +0.452267 +0.243999 0.611
  5667  2361.250 -1.257350 -0.505472 0.611
  5668  2361.667 -0.289949 +0.003242 0.667
  5669  2362.083 +1.273339 -0.626034 0.667
  5670  2362.500 +0.278977 +1.448651 0.556
  5671  2362.917 -0.477551 +0.870923 0.667
  5672  2363.333 +0.279834 -0.056157 0.667
  5673  2363.750 +0.339307 -1.336011 0.500
  5674  2364.167 -0.878613 -0.171698 0.556
  5675  2364.583 -0.471472 -0.492622 0.611
  5676  2365.000 -0.252571 +0.296429 0.500
  5677  2365.417 +1.113874 -0.237350 0.556
  5678  2365.833 -0.284067 +0.574472 0.611
  5679  2366.250 -0.810744 +1.132189 0.556
  5680  2366.667 +0.307313 +0.298826 0.611
  5681  2367.083 +0.511288 -1.378158 0.556
  5682  2367.500 +0.950986 -0.297958 0.556
  5683  2367.917 +0.197291 +0.370652 0.556
  5684  2368.333 -1.224619 -0.665900 0.500
  5685  2368.750 +0.497538 -0.136228 0.500
  5686  2369.167 -0.842113 +0.475854 0.556
  5687  2369.583 -0.862130 +0.706713 0.611
  5688  2370.000 -0.092776 +1.000771 0.556
  5689  2370.417 +1.136869 -1.208996 0.556
  5690  2370.833 +1.121891 -0.552445 0.667
  5691  2371.250 +0.566656 +1.082763 0.556
  5692  2371.667 -1.031151 +0.064090 0.556
  5693  2372.083 +0.605452 -1.096773 0.667
  5694  2372.500 -0.851106 +0.892253 0.611
  5695  2372.917 -0.970876 -0.488764 0.500
  5696  2373.333 -0.522821 -1.555311 0.611
  5697  2373.750 +0.430496 +0.864343 0.667
  5698  2374.167 +0.377306 +0.743484 0.556
  5699  2374.583 +0.801732 -0.513357 0.556
  5700  2375.000 +0.215938 +0.295977 0.611
  5701  2375.417 +0.054167 +0.696901 0.556
  5702  2375.833 -0.974860 -0.387632 0.556
  5703  2376.250 -0.262339 +0.607784 0.500
  5704  2376.667 +0.862865 -0.109222 0.556
  5705  2377.083 +1.403808 -0.723461 0.500
  5706  2377.500 -0.243761 +0.390391 0.611
  5707  2377.917 -1.292941 -0.838472 0.500
  5708  2378.333 -0.975832 -0.476560 0.500
  5709  2378.750 +0.051213 +0.861662 0.556
  5710  2379.167 -0.008812 +1.159114 0.611
  5711  2379.583 +0.673929 -1.024891 0.556
  5712  2380.000 +0.579795 -1.067587 0.611
  5713  2380.417 -0.385795 +1.536801 0.667
  5714  2380.833 +0.565849 -0.774395 0.556
  5715  2381.250 -0.386401 +0.924039 0.722
  5716  2381.667 -0.715692 +0.064680 0.611
  5717  2382.083 +0.229108 -1.178951 0.556
  5718  2382.500 -0.016376 +0.295432 0.778
  5719  2382.917 +0.955546 -0.409991 0.556
  5720  2383.333 +0.785841 +1.235484 0.611
  5721  2383.750 -1.115896 -0.274191 0.833
  5722  2384.167 -0.123228 -0.236444 0.500
  5723  2384.583 -0.319918 -0.618590 0.556
  5724  2385.000 -1.311673 +0.385376 0.778
  5725  2385.417 +1.140433 +0.201106 0.556
  5726  2385.833 -0.551575 -1.271952 0.611
  5727  2386.250 +0.358960 +0.720216 0.889
  5728  2386.667 +0.576280 +0.270843 0.611
  5729  2387.083 +0.619411 +0.855391 0.556
  5730  2387.500 +0.022772 +0.398726 0.833
  5731  2387.917 +0.379918 -0.317340 0.667
  5732  2388.333 +0.431464 -0.500301 0.500
  5733  2388.750 -1.648303 +0.477233 0.722
  5734  2389.167 -0.317839 -0.099709 0.611
  5735  2389.583 -0.586925 -0.345681 0.556
  5736  2390.000 +0.270404 -0.641958 0.611
  5737  2390.417 +0.576832 -1.471151 0.500
  5738  2390.833 +0.102331 +0.900970 0.556
  5739  2391.250 -0.551272 +0.705349 0.500
  5740  2391.667 +0.215072 -0.626875 0.556
  5741  2392.083 +0.779244 +0.573749 0.500
  5742  2392.500 +0.646851 +0.053389 0.500
  5743  2392.917 -0.293352 +0.380585 0.556
  5744  2393.333 -0.434050 +0.341626 0.556
  5745  2393.750 -0.337295 +0.286622 0.556
  5746  2394.167 -0.476777 +0.524252 0.556
  5747  2394.583 +0.841666 +0.132618 0.556
  5748  2395.000 -0.238349 -0.691917 0.556
  5749  2395.417 -0.743072 -0.115191 0.556
  5750  2395.833 +1.091082 -1.489656 0.500
  5751  2396.250 -0.627520 -0.411043 0.556
  5752  2396.667 +0.173723 -0.043607 0.556
  5753  2397.083 +0.063305 +0.141024 0.556
  5754  2397.500 -0.374479 +1.000971 0.556
  5755  2397.917 -0.346695 +0.691735 0.556
  5756  2398.333 +0.171041 -0.740912 0.611
  5757  2398.750 +0.736323 -0.410139 0.556
  5758  2399.167 +0.250782 +1.415999 0.667
  5759  2399.583 +0.215480 +0.962433 0.500
  5760  2400.000 +1.060964 -0.682889 0.500
  5761  2400.417 -0.898759 -1.026193 0.556
  5762  2400.833 -1.471224 +0.221519 0.500
  5763  2401.250 -0.897377 -0.554288 0.500
  5764  2401.667 +0.421780 -1.393623 0.556
  5765  2402.083 +0.724145 +0.115610 0.556
  5766  2402.500 +0.580095 +1.458749 0.556
  5767  2402.917 -0.058072 +0.097256 0.611
  5768  2403.333 -0.830286 +0.884247 0.611
  5769  2403.750 +0.953894 +0.044555 0.667
  5770  2404.167 +1.138163 +0.180625 0.500
  5771  2404.583 -0.860138 -0.456417 0.500
  5772  2405.000 -0.434827 -0.043863 0.667
  5773  2405.417 +0.256496 -0.558982 0.611
  5774  2405.833 -1.073165 -0.163548 0.667
  5775  2406.250 -0.710328 -0.539535 0.500
  5776  2406.667 +0.270957 -0.508752 0.500
  5777  2407.083 +1.647839 -0.532713 0.611
  5778  2407.500 +0.505005 +1.109275 0.500
  5779  2407.917 -0.956141 +0.664320 0.500
  5780  2408.333 +0.500814 +1.059607 0.611
  5781  2408.750 -0.495872 -0.223456 0.556
  5782  2409.167 +0.330926 -0.311284 0.500
  5783  2409.583 -0.233224 +0.833456 0.611
  5784  2410.000 -0.915742 -0.376903 0.611
  5785  2410.417 +0.277807 -1.600875 0.500
  5786  2410.833 -0.135253 -1.100754 0.611
  5787  2411.250 +1.040452 +0.872744 0.667
  5788  2411.667 +0.282927 -0.180084 0.611
  5789  2412.083 -1.605512 +0.517547 0.556
  5790  2412.500 +0.805551 +1.015845 0.556
  5791  2412.917 +0.789244 +1.001693 0.611
  5792  2413.333 -0.063192 -0.159507 0.667
  5793  2413.750 +0.404774 -1.268377 0.556
  5794  2414.167 -0.692977 -0.231016 0.611
  5795  2414.583 -1.420026 +0.268043 0.722
  5796  2415.000 +0.220703 -0.974252 0.611
  5797  2415.417 +0.664794 +0.306575 0.611
  5798  2415.833 -0.654680 +0.120172 0.778
  5799  2416.250 +0.156753 -0.160086 0.722
  5800  2416.667 +0.946481 +0.240091 0.500
  5801  2417.083 +0.629574 +0.366687 0.722
  5802  2417.500 +0.302996 -0.529876 0.722
  5803  2417.917 -1.367761 +0.405542 0.556
  5804  2418.333 +0.419920 +1.501591 0.611
  5805  2418.750 +0.013251 -0.609651 0.611
  5806  2419.167 +0.321223 -0.401340 0.556
  5807  2419.583 -0.763596 -0.760347 0.500
  5808  2420.000 -0.530456 +0.164135 0.556
  5809  2420.417 -0.671484 +0.409469 0.500
  5810  2420.833 +1.164995 -0.295747 0.500
  5811  2421.250 +1.266795 -0.283728 0.556
  5812  2421.667 -1.106195 +0.123917 0.556
  5813  2422.083 +0.864410 +0.247308 0.500
  5814  2422.500 -0.470013 -0.643678 0.556
  5815  2422.917 -0.900951 -0.090460 0.611
  5816  2423.333 -0.054604 +0.398405 0.556
  5817  2423.750 -0.754715 +0.648767 0.722
  5818  2424.167 +1.461046 -0.337047 0.556
  5819  2424.583 +0.812769 +0.431004 0.556
  5820  2425.000 +0.031378 +0.431534 0.611
  5821  2425.417 -1.092718 -0.818833 0.500
  5822  2425.833 +0.468529 +0.131706 0.500
  5823  2426.250 +0.123358 -0.341583 0.611
  5824  2426.667 -0.075821 +0.305261 0.556
  5825  2427.083 -0.875537 -0.693542 0.611
  5826  2427.500 -0.199905 +0.997865 0.500
  5827  2427.917 -0.068146 -1.148784 0.556
  5828  2428.333 +0.237474 +0.624035 0.611
  5829  2428.750 +0.117492 -0.218096 0.500
  5830  2429.167 +1.518354 +0.987791 0.556
  5831  2429.583 -0.026365 -0.408459 0.556
  5832  2430.000 -0.623214 +0.351074 0.556
  5833  2430.417 -0.188079 -1.440085 0.556
  5834  2430.833 -0.455595 +0.479093 0.556
  5835  2431.250 -0.141679 -0.012027 0.556
  5836  2431.667 -0.321535 -0.643501 0.556
  5837  2432.083 +0.737272 +0.891267 0.556
  5838  2432.500 +0.319709 +0.403759 0.611
  5839  2432.917 +0.312114 +0.611818 0.611
  5840  2433.333 -0.790521 -0.098253 0.611
  5841  2433.750 -0.171895 -0.984264 0.611
  5842  2434.167 -0.956622 +0.407144 0.556
  5843  2434.583 +0.736404 -0.303560 0.500
  5844  2435.000 +0.027787 +0.153891 0.667
  5845  2435.417 +0.917385 -0.980743 0.500
  5846  2435.833 -0.019335 +0.713629 0.556
  5847  2436.250 +0.482276 +0.965683 0.722
  5848  2436.667 +0.066946 -1.865382 0.556
  5849  2437.083 +0.131212 +0.801517 0.556
  5850  2437.500 -1.228106 -0.191621 0.667
  5851  2437.917 -0.609200 +0.502683 0.611
  5852  2438.333 -0.193275 +1.180608 0.611
  5853  2438.750 -0.558271 -0.209162 0.556
  5854  2439.167 +1.200928 -0.535003 0.556
  5855  2439.583 +0.174509 -1.559010 0.556
  5856  2440.000 +1.293930 +0.685707 0.500
  5857  2440.417 -0.387317 -0.464739 0.556
  5858  2440.833 -0.151349 +0.295143 0.556
  5859  2441.250 -0.935876 +0.362813 0.556
  5860  2441.667 -0.718341 -0.297012 0.556
  5861  2442.083 +1.130501 +1.208257 0.611
  5862  2442.500 -0.291489 +0.302115 0.556
  5863  2442.917 -0.321958 -0.953841 0.611
  5864  2443.333 -0.434524 +0.520741 0.667
  5865  2443.750 +0.615872 -0.243212 0.611
  5866  2444.167 +1.219354 -0.563850 0.556
  5867  2444.583 -0.412626 +0.722497 0.500
  5868  2445.000 +0.633386 -0.358450 0.500
  5869  2445.417 -0.264523 -1.191487 0.556
  5870  2445.833 -0.914050 +0.223855 0.556
  5871  2446.250 -0.397837 +0.850752 0.611
  5872  2446.667 +0.151364 +0.681483 0.611
  5873  2447.083 -0.680336 -1.173551 0.556
  5874  2447.500 +0.107699 -0.429951 0.667
  5875  2447.917 +0.961749 +0.206731 0.611
  5876  2448.333 +0.154401 +1.106287 0.611
  5877  2448.750 -0.484984 +0.278466 0.722
  5878  2449.167 -0.025452 -0.492185 0.611
  5879  2449.583 +0.394923 +0.320103 0.611
  5880  2450.000 +0.228117 -1.116330 0.722
  5881  2450.417 +0.342907 +0.506478 0.611
  5882  2450.833 -0.637719 +1.233857 0.611
  5883  2451.250 +0.259464 -0.001587 0.722
  5884  2451.667 -0.867155 -1.093888 0.667
  5885  2452.083 +1.105187 -0.090505 0.556
  5886  2452.500 -0.228758 -1.110978 0.611
  5887  2452.917 -1.587518 +0.016068 0.611
  5888  2453.333 +0.516926 +0.921871 0.611
  5889  2453.750 +0.736083 +0.251631 0.556
  5890  2454.167 +0.780209 +0.546423 0.556
  5891  2454.583 -0.901238 -1.099101 0.667
  5892  2455.000 -0.876311 +0.129009 0.611
  5893  2455.417 +1.087132 +0.399455 0.611
  5894  2455.833 +0.380079 +0.222612 0.611
  5895  2456.250 -0.449543 +0.117153 0.556
  5896  2456.667 +0.960508 +0.490018 0.556
  5897  2457.083 -0.015358 -1.204706 0.722
  5898  2457.500 -1.257187 -0.295058 0.556
  5899  2457.917 +0.233156 +0.619328 0.556
  5900  2458.333 -0.558838 +0.380597 0.778
  5901  2458.750 -0.257396 -0.171042 0.611
  5902  2459.167 +1.340976 +0.651702 0.611
  5903  2459.583 +0.100449 -0.522322 0.722
  5904  2460.000 -0.409671 -0.946438 0.611
  5905  2460.417 -0.671195 -0.019532 0.611
  5906  2460.833 -0.705636 -0.248004 0.722
  5907  2461.250 +1.000384 +1.109785 0.611
  5908  2461.667 +0.751350 -0.301499 0.556
  5909  2462.083 -0.355114 -0.380075 0.778
  5910  2462.500 -0.230573 +1.272877 0.611
  5911  2462.917 +0.140439 -0.798121 0.556
  5912  2463.333 +0.443762 -0.216291 0.778
  5913  2463.750 +0.405365 +0.898816 0.556
  5914  2464.167 -1.553478 +0.083002 0.611
  5915  2464.583 +0.360597 -0.306864 0.722
  5916  2465.000 +1.045507 -0.625068 0.500
  5917  2465.417 -0.096970 -0.409706 0.611
  5918  2465.833 -1.346292 -0.343285 0.667
  5919  2466.250 -0.017473 +1.377081 0.556
  5920  2466.667 +0.200644 +0.084522 0.500
  5921  2467.083 +0.175672 -1.294715 0.667
  5922  2467.500 -0.116895 -0.474557 0.500
  5923  2467.917 +0.811759 +1.048368 0.500
  5924  2468.333 +0.233516 +0.837465 0.611
  5925  2468.750 -0.411433 -0.093828 0.500
  5926  2469.167 -0.059238 -0.415324 0.556
  5927  2469.583 -0.115071 -0.353730 0.500
  5928  2470.000 -0.523735 +0.529210 0.556
  5929  2470.417 -0.235112 +0.042330 0.500
  5930  2470.833 +0.902316 -0.829256 0.500
  5931  2471.250 +0.671631 +0.336412 0.556
  5932  2471.667 -1.752137 +0.465814 0.500
  5933  2472.083 +0.682834 +0.265097 0.556
  5934  2472.500 +0.833774 -0.507658 0.556
  5935  2472.917 +0.089105 +0.613966 0.611
  5936  2473.333 -0.524286 -0.540826 0.500
  5937  2473.750 -0.425799 -0.218593 0.611
  5938  2474.167 +0.611707 -1.172235 0.556
  5939  2474.583 -0.816420 -0.208214 0.556
  5940  2475.000 +0.123541 +1.088254 0.500
  5941  2475.417 +0.668903 +0.647346 0.556
  5942  2475.833 -1.443904 -0.185760 0.611
  5943  2476.250 -0.043492 +0.606118 0.611
  5944  2476.667 +0.959658 -0.644562 0.611
  5945  2477.083 +0.849403 -0.379548 0.611
  5946  2477.500 +0.291380 +0.872905 0.611
  5947  2477.917 -0.393759 -0.557030 0.611
  5948  2478.333 +0.777239 -0.123320 0.611
  5949  2478.750 -1.358211 +1.049331 0.667
  5950  2479.167 -1.229116 -0.406292 0.611
  5951  2479.583 +0.330214 -1.195286 0.611
  5952  2480.000 +0.968191 -0.065652 0.722
  5953  2480.417 -0.784921 +1.138031 0.611
  5954  2480.833 +0.090768 -0.255389 0.611
  5955  2481.250 +1.447579 -0.554906 0.778
  5956  2481.667 -0.602994 +0.146776 0.667
  5957  2482.083 +0.289798 +0.194643 0.500
  5958  2482.500 -0.015578 +0.915846 0.667
  5959  2482.917 -1.149267 -0.575008 0.611
  5960  2483.333 +1.092235 -0.774361 0.556
  5961  2483.750 +0.169958 +1.501230 0.556
  5962  2484.167 +0.087774 -0.507157 0.556
  5963  2484.583 -1.050290 -1.276337 0.611
  5964  2485.000 -1.161869 +0.160773 0.556
  5965  2485.417 +0.875655 +0.115476 0.556
  5966  2485.833 +0.434093 +0.135937 0.667
  5967  2486.250 +0.636394 +0.097266 0.556
  5968  2486.667 -0.598516 +0.585287 0.611
  5969  2487.083 +0.971043 +0.235995 0.778
  5970  2487.500 +0.566689 -0.577681 0.556
  5971  2487.917 -1.429084 -0.044564 0.500
  5972  2488.333 -0.321467 +1.156574 0.722
  5973  2488.750 +0.313850 +0.085340 0.556
  5974  2489.167 -1.347092 -0.968629 0.556
  5975  2489.583 +0.500842 +0.480260 0.667
  5976  2490.000 +1.231567 -0.739616 0.500
  5977  2490.417 -0.047311 -0.944942 0.556
  5978  2490.833 +0.160259 -0.677919 0.667
  5979  2491.250 +0.085229 +0.922607 0.500
  5980  2491.667 -0.009093 +0.930679 0.556
  5981  2492.083 +0.400079 +0.535662 0.611
  5982  2492.500 -0.186367 -0.871698 0.500
  5983  2492.917 -0.857205 +0.386148 0.500
  5984  2493.333 -0.857743 +0.191046 0.556
  5985  2493.750 +0.149668 -0.110438 0.500
  5986  2494.167 +0.562272 -0.343021 0.500
  5987  2494.583 -0.992884 +0.083052 0.500
  5988  2495.000 +1.585534 +0.232341 0.500
  5989  2495.417 +0.236068 -0.072927 0.556
  5990  2495.833 -0.355021 -0.527029 0.611
  5991  2496.250 +0.759854 +0.220178 0.556
  5992  2496.667 -0.577833 +0.785046 0.556
  5993  2497.083 -0.103569 +0.453742 0.667
  5994  2497.500 -0.289397 -1.078428 0.611
  5995  2497.917 +0.178378 -0.372367 0.556
  5996  2498.333 -0.632331 -0.809357 0.611
  5997  2498.750 -0.086838 +0.248724 0.556
  5998  2499.167 +0.641046 -0.142466 0.667
  5999  2499.583 -0.656653 +0.645168 0.667
  6000  2500.000 +0.012001 +1.469861 0.556
  6001  2500.417 +0.442393 -0.404588 0.611
  6002  2500.833 +0.609335 +0.246498 0.667
  6003  2501.250 +0.810622 +0.493328 0.500
  6004  2501.667 -0.519996 -1.536702 0.556
  6005  2502.083 -0.438901 -0.572119 0.667
  6006  2502.500 -0.341801 -0.028043 0.500
  6007  2502.917 -0.511526 -0.155193 0.500
  6008  2503.333 +0.823847 -0.089404 0.611
  6009  2503.750 -0.611337 +0.494853 0.500
  6010  2504.167 -1.097018 +1.016444 0.500
  6011  2504.583 +0.688973 +0.011838 0.556
  6012  2505.000 +1.075101 +1.013685 0.611
  6013  2505.417 +0.204362 -0.639339 0.611
  6014  2505.833 -0.924567 -0.915479 0.611
  6015  2506.250 -0.013160 -0.481532 0.556
  6016  2506.667 +1.198379 +0.449612 0.556
  6017  2507.083 -0.094184 -0.786343 0.556
  6018  2507.500 -0.623686 -0.031312 0.500
  6019  2507.917 +0.730002 +1.334667 0.556
  6020  2508.333 +0.115970 -0.916515 0.556
  6021  2508.750 -1.830280 +0.122186 0.611
  6022  2509.167 +0.057712 +0.275660 0.500
  6023  2509.583 +1.340193 +0.245427 0.556
  6024  2510.000 -1.693091 -0.265051 0.556
  6025  2510.417 -0.084904 +0.004643 0.500
  6026  2510.833 +1.681113 +0.640421 0.611
  6027  2511.250 +0.118434 -0.080140 0.500
  6028  2511.667 -0.217166 +0.071025 0.556
  6029  2512.083 +1.025030 -0.929708 0.556
  6030  2512.500 -1.479970 -0.298378 0.556
  6031  2512.917 +0.327414 +0.046477 0.556
  6032  2513.333 -0.512839 +0.025973 0.556
  6033  2513.750 -0.519710 +1.238857 0.556
  6034  2514.167 +1.422266 +0.604165 0.500
  6035  2514.583 -0.631284 -0.695209 0.556
  6036  2515.000 -0.093755 -1.522453 0.500
  6037  2515.417 +0.296434 -0.020598 0.556
  6038  2515.833 -0.110129 +0.647264 0.611
  6039  2516.250 +0.314597 -0.719167 0.611
  6040  2516.667 -0.289720 +0.865335 0.556
  6041  2517.083 -1.042586 +0.143273 0.556
  6042  2517.500 +0.732004 +1.443083 0.611
  6043  2517.917 +0.379414 -0.359211 0.667
  6044  2518.333 +0.737678 -0.632050 0.556
  6045  2518.750 -0.312433 -0.205654 0.500
  6046  2519.167 -0.601092 -0.711788 0.611
  6047  2519.583 -0.125064 -0.555534 0.556
  6048  2520.000 +0.518172 +1.218808 0.556
  6049  2520.417 -0.473390 +0.548393 0.556
  6050  2520.833 -0.197087 -1.013705 0.611
  6051  2521.250 +0.407689 +0.063372 0.556
  6052  2521.667 -0.030444 -0.404014 0.556
  6053  2522.083 -0.863848 +0.069148 0.611
  6054  2522.500 +1.249986 -0.358724 0.500
  6055  2522.917 +0.217238 +0.486762 0.667
  6056  2523.333 -0.752448 +0.803901 0.722
  6057  2523.750 +0.535368 +0.187011 0.611
  6058  2524.167 -1.179126 +1.050206 0.611
  6059  2524.583 +0.185186 -1.128558 0.778
  6060  2525.000 +0.804071 -0.669314 0.667
  6061  2525.417 -0.382728 +0.077401 0.500
  6062  2525.833 +0.167457 +0.238894 0.722
  6063  2526.250 +0.462130 -0.757151 0.556
  6064  2526.667 -0.420805 +0.257388 0.500
  6065  2527.083 +1.126044 +1.353220 0.667
  6066  2527.500 -0.889831 -0.972939 0.500
  6067  2527.917 -0.564425 -0.916635 0.556
  6068  2528.333 -0.407369 -0.764215 0.500
  6069  2528.750 +0.587282 +1.558406 0.556
  6070  2529.167 +1.189547 +0.467738 0.556
  6071  2529.583 -0.767692 +0.199888 0.556
  6072  2530.000 -1.183077 +0.313473 0.500
  6073  2530.417 -0.287148 -1.430367 0.611
  6074  2530.833 -0.002302 +0.978786 0.667
  6075  2531.250 +1.325532 +0.447983 0.556
  6076  2531.667 +0.265838 -0.737812 0.611
  6077  2532.083 -0.306444 -0.768057 0.722
  6078  2532.500 +0.833247 -0.260577 0.556
  6079  2532.917 -0.549169 +0.441005 0.611
  6080  2533.333 +0.170113 +0.010531 0.778
  6081  2533.750 +0.627794 +0.587547 0.556
  6082  2534.167 -1.086183 +0.925342 0.556
  6083  2534.583 -1.383480 -0.295881 0.722
  6084  2535.000 +1.191035 +0.188075 0.556
  6085  2535.417 -0.662520 -1.020904 0.556
  6086  2535.833 -0.179924 -0.930915 0.611
  6087  2536.250 +0.950273 -0.902172 0.556
  6088  2536.667 -0.190924 +1.047429 0.556
  6089  2537.083 +0.192750 +0.575175 0.556
  6090  2537.500 +1.178446 +0.520454 0.611
  6091  2537.917 -0.471080 +0.493513 0.500
  6092  2538.333 -1.204468 +0.630456 0.500
  6093  2538.750 +0.790480 +0.035106 0.667
  6094  2539.167 +0.876107 -1.451308 0.556
  6095  2539.583 -0.791185 -0.170724 0.500
  6096  2540.000 -1.384379 -1.025151 0.722
  6097  2540.417 -0.481155 +0.732580 0.611
  6098  2540.833 +1.026186 -0.416697 0.556
  6099  2541.250 +0.007884 +0.852366 0.611
  6100  2541.667 +0.672221 -0.025681 0.556
  6101  2542.083 +0.278303 +0.482465 0.500
  6102  2542.500 -0.249193 +0.378335 0.611
  6103  2542.917 +0.273374 -1.466292 0.611
  6104  2543.333 +0.495003 +0.990275 0.500
  6105  2543.750 -0.772930 +0.811830 0.611
  6106  2544.167 -0.781570 -1.290666 0.611
  6107  2544.583 +1.093760 -0.354887 0.556
  6108  2545.000 -0.589419 +0.569788 0.556
  6109  2545.417 -0.938930 +0.132285 0.556
  6110  2545.833 +0.144584 -0.600626 0.556
  6111  2546.250 +0.178038 +0.233710 0.500
  6112  2546.667 +0.452942 +0.545037 0.500
  6113  2547.083 +0.189360 -1.016911 0.556
  6114  2547.500 +0.982357 -0.064439 0.500
  6115  2547.917 -0.855782 +0.970250 0.500
  6116  2548.333 -0.104223 +0.179453 0.556
  6117  2548.750 +0.542640 -0.865428 0.556
  6118  2549.167 -0.552289 +0.824930 0.500
  6119  2549.583 -0.096795 +0.587237 0.556
  6120  2550.000 +0.957290 -1.387306 0.500
  6121  2550.417 -0.695326 +0.022115 0.611
  6122  2550.833 -0.280154 +0.796648 0.500
  6123  2551.250 -0.643479 -0.445186 0.556
  6124  2551.667 +0.581155 +0.382585 0.667
  6125  2552.083 -0.011035 +0.129280 0.611
  6126  2552.500 -0.856163 -0.602293 0.500
  6127  2552.917 +0.622581 -0.835773 0.611
  6128  2553.333 +1.235392 +0.477039 0.611
  6129  2553.750 -0.125436 +0.427505 0.556
  6130  2554.167 -0.519064 +0.312863 0.556
  6131  2554.583 -0.158837 -0.297343 0.611
  6132  2555.000 +0.314072 +0.263233 0.611
  6133  2555.417 -0.428965 +0.229481 0.556
  6134  2555.833 -0.736363 -1.463810 0.611
  6135  2556.250 -0.068680 +1.218287 0.611
  6136  2556.667 +1.126364 -0.161258 0.556
  6137  2557.083 +0.636501 +0.451441 0.611
  6138  2557.500 -0.133173 +0.318739 0.667
  6139  2557.917 -0.843972 -1.170948 0.556
  6140  2558.333 -0.749418 +0.677212 0.556
  6141  2558.750 +0.821100 -0.906342 0.722
  6142  2559.167 +1.369737 +0.458850 0.611
  6143  2559.583 -0.538577 -0.659452 0.556
  6144  2560.000 -0.773599 +0.921179 0.667
  6145  2560.417 -0.692969 -0.361125 0.556
  6146  2560.833 +0.416774 -0.072446 0.556
  6147  2561.250 -0.744115 +0.762449 0.611
  6148  2561.667 -0.036118 +0.492416 0.556
  6149  2562.083 +1.094579 -0.666878 0.556
  6150  2562.500 +0.835776 -0.231906 0.556
  6151  2562.917 -0.340264 -0.459875 0.611
  6152  2563.333 -1.331975 +0.357868 0.556
  6153  2563.750 +0.892187 -0.670981 0.611
  6154  2564.167 +0.392095 +0.986180 0.667
  6155  2564.583 -0.534972 +0.232515 0.611
  6156  2565.000 +0.496379 -1.317260 0.556
  6157  2565.417 +0.003663 -0.331468 0.556
  6158  2565.833 +0.574994 +1.342808 0.556
  6159  2566.250 -1.323412 -0.277118 0.500
  6160  2566.667 -0.075919 +0.832064 0.556
  6161  2567.083 -0.680706 +0.220427 0.500
  6162  2567.500 -0.338470 +0.095174 0.556
  6163  2567.917 +1.486250 -0.821575 0.556
  6164  2568.333 +0.687301 -0.294445 0.500
  6165  2568.750 -0.127726 -0.314600 0.611
  6166  2569.167 -0.357091 -0.986734 0.500
  6167  2569.583 -0.521806 +1.161252 0.500
  6168  2570.000 -0.220233 -0.804495 0.667
  6169  2570.417 +0.173720 -0.091884 0.556
  6170  2570.833 +0.008230 +1.476522 0.556
  6171  2571.250 +1.024356 +0.557251 0.667
  6172  2571.667 -0.767173 +0.337965 0.500
  6173  2572.083 +0.368985 -1.526756 0.556
  6174  2572.500 -0.562171 +0.050550 0.611
  6175  2572.917 -0.724234 +0.197356 0.611
  6176  2573.333 +0.746359 +0.434604 0.556
  6177  2573.750 +1.547808 +0.752913 0.500
  6178  2574.167 -0.048129 -1.340873 0.667
  6179  2574.583 -1.080022 -0.482588 0.500
  6180  2575.000 -0.850811 +0.055105 0.500
  6181  2575.417 -1.166836 -0.233800 0.556
  6182  2575.833 +0.147045 +1.182001 0.611
  6183  2576.250 +1.193070 -1.016159 0.667
  6184  2576.667 +0.367918 +0.362658 0.611
  6185  2577.083 +0.867757 -0.204133 0.556
  6186  2577.500 +0.581804 -0.335965 0.722
  6187  2577.917 +0.008760 +1.401834 0.611
  6188  2578.333 -0.215145 +1.100366 0.556
  6189  2578.750 -1.291064 -0.185705 0.611
  6190  2579.167 -0.224721 -1.472493 0.556
  6191  2579.583 -0.675646 -0.966792 0.556
  6192  2580.000 -0.707525 +0.371250 0.667
  6193  2580.417 +1.266371 +0.472842 0.500
  6194  2580.833 +1.041926 +0.355090 0.556
  6195  2581.250 -0.674373 -0.629555 0.556
  6196  2581.667 -0.375767 +0.604168 0.556
  6197  2582.083 +1.091005 -0.380887 0.500
  6198  2582.500 -0.130655 +0.368190 0.611
  6199  2582.917 -0.380560 -0.625047 0.556
  6200  2583.333 +0.761895 +0.058892 0.611
  6201  2583.750 -0.413866 +0.006884 0.500
  6202  2584.167 +0.327044 +0.897658 0.500
  6203  2584.583 -1.401989 -0.158674 0.556
  6204  2585.000 -0.215877 +0.120954 0.556
  6205  2585.417 +0.859119 -1.468921 0.556
  6206  2585.833 -0.388592 +0.315206 0.500
  6207  2586.250 -0.177935 +0.942618 0.611
  6208  2586.667 -0.145861 -0.538731 0.611
  6209  2587.083 +0.706825 +0.314522 0.556
  6210  2587.500 +0.684194 +0.452410 0.556
  6211  2587.917 -0.441600 -0.639362 0.500
  6212  2588.333 -0.266303 +1.310849 0.500
  6213  2588.750 +0.443336 +0.061532 0.556
  6214  2589.167 -0.842334 -1.797342 0.556
  6215  2589.583 +1.090330 -0.605245 0.500
  6216  2590.000 +0.156137 +0.670581 0.500
  6217  2590.417 -1.354711 -0.240248 0.611
  6218  2590.833 -0.613960 -0.100716 0.556
  6219  2591.250 +0.449900 +0.950123 0.556
  6220  2591.667 +1.559793 +0.277874 0.500
  6221  2592.083 -0.132993 -0.862108 0.556
  6222  2592.500 -0.463337 +0.293757 0.611
  6223  2592.917 +0.109969 +0.155505 0.611
  6224  2593.333 -0.073636 +0.770970 0.500
  6225  2593.750 +0.213877 +0.834574 0.556
  6226  2594.167 -0.934391 -0.685049 0.556
  6227  2594.583 -0.857904 -0.343019 0.556
  6228  2595.000 -0.368335 -0.684267 0.611
  6229  2595.417 +1.021896 -1.166942 0.556
  6230  2595.833 +1.173159 +0.057420 0.500
  6231  2596.250 +0.507825 -0.379905 0.556
  6232  2596.667 -1.044422 +1.120561 0.556
  6233  2597.083 -0.189506 +0.736225 0.500
  6234  2597.500 +0.447898 +0.747941 0.500
  6235  2597.917 +0.469289 -0.395216 0.611
  6236  2598.333 +0.181936 -0.464853 0.500
  6237  2598.750 -0.522026 -0.620200 0.500
  6238  2599.167 -0.363847 +0.358150 0.556
  6239  2599.583 -0.382736 +0.396094 0.611
  6240  2600.000 -0.532364 +0.171894 0.667
  6241  2600.417 +0.537743 +0.775427 0.667
  6242  2600.833 +0.761581 -1.091861 0.556
  6243  2601.250 -0.344887 -1.252798 0.611
  6244  2601.667 -0.624016 +0.468993 0.611
  6245  2602.083 -0.080824 +0.630848 0.611
  6246  2602.500 +0.227167 +0.072839 0.667
  6247  2602.917 +0.142727 -0.537885 0.667
  6248  2603.333 -0.218473 +1.033045 0.500
  6249  2603.750 +1.420288 -0.906171 0.611
  6250  2604.167 -0.297547 -0.205658 0.667
  6251  2604.583 -0.467573 +0.243477 0.611
  6252  2605.000 +0.850212 +0.187173 0.556
  6253  2605.417 -0.746387 +0.581213 0.611
  6254  2605.833 -0.428864 +0.234852 0.667
  6255  2606.250 +0.546208 -0.122174 0.556
  6256  2606.667 -0.837334 +0.532163 0.611
  6257  2607.083 +0.038896 -1.025999 0.722
  6258  2607.500 -0.391952 -0.500953 0.500
  6259  2607.917 +0.760478 -0.780506 0.611
  6260  2608.333 +0.655400 +0.440534 0.778
  6261  2608.750 -1.388052 +0.418891 0.500
  6262  2609.167 -0.277332 +0.424405 0.611
  6263  2609.583 +0.796531 +0.407544 0.833
  6264  2610.000 +0.445576 -0.186875 0.500
  6265  2610.417 +0.637970 -0.750274 0.556
  6266  2610.833 +0.101879 +0.991738 0.778
  6267  2611.250 -0.652922 -0.745758 0.500
  6268  2611.667 +0.766102 +0.625438 0.556
  6269  2612.083 -1.067557 -0.053498 0.667
  6270  2612.500 -0.670746 +0.270019 0.556
  6271  2612.917 +0.293780 -0.708723 0.556
  6272  2613.333 -0.629745 -1.232289 0.667
  6273  2613.750 +0.790140 +0.478652 0.500
  6274  2614.167 +0.647990 +0.699713 0.611
  6275  2614.583 -0.793885 +0.030151 0.611
  6276  2615.000 +0.139549 +1.312769 0.556
  6277  2615.417 +0.868188 -1.118953 0.667
  6278  2615.833 +0.192488 -0.029014 0.500
  6279  2616.250 -0.638188 -0.551941 0.500
  6280  2616.667 -0.275664 +0.184524 0.611
  6281  2617.083 +0.800845 +0.815258 0.500
  6282  2617.500 -1.478415 -0.287931 0.500
  6283  2617.917 -0.422033 -0.710404 0.556
  6284  2618.333 +0.931935 +0.397856 0.556
  6285  2618.750 -0.273235 +0.748747 0.556
  6286  2619.167 +0.807808 -0.257137 0.556
  6287  2619.583 +0.886116 -0.476394 0.500
  6288  2620.000 +0.031779 -0.504474 0.500
  6289  2620.417 -1.086366 +0.499539 0.556
  6290  2620.833 -0.995282 -1.060689 0.556
  6291  2621.250 +1.058607 +1.281543 0.556
  6292  2621.667 -0.114418 -0.339267 0.556
  6293  2622.083 -1.264533 +0.492495 0.556
  6294  2622.500 +1.206205 +0.646137 0.500
  6295  2622.917 +0.015345 -1.266983 0.556
  6296  2623.333 -0.058660 +0.395056 0.556
  6297  2623.750 +0.146599 -0.310828 0.500
  6298  2624.167 -0.449147 +1.064357 0.556
  6299  2624.583 -0.371897 -1.016915 0.556
  6300  2625.000 +1.160929 +0.112131 0.556
  6301  2625.417 +1.133670 +0.620995 0.500
  6302  2625.833 +0.225778 -1.315657 0.556
  6303  2626.250 -1.284415 +0.200614 0.611
  6304  2626.667 -1.132461 +0.033959 0.611
  6305  2627.083 -0.880298 -0.043236 0.556
  6306  2627.500 +1.003109 +0.190032 0.500
  6307  2627.917 -0.234718 +1.475001 0.556
  6308  2628.333 -0.251122 +0.632210 0.556
  6309  2628.750 +0.403542 -0.954153 0.611
  6310  2629.167 +0.719088 -0.760081 0.500
  6311  2629.583 +0.492767 -0.741126 0.556
  6312  2630.000 +0.712207 -0.922469 0.556
  6313  2630.417 -0.048767 +0.489892 0.556
  6314  2630.833 -0.988811 +0.878936 0.556
  6315  2631.250 -0.701875 +0.530014 0.556
  6316  2631.667 -0.637864 +0.789662 0.611
  6317  2632.083 +0.554928 +0.037148 0.500
  6318  2632.500 +0.150342 -0.606661 0.611
  6319  2632.917 +0.475329 -0.351720 0.556
  6320  2633.333 +0.501998 -1.326315 0.611
  6321  2633.750 -0.145447 +0.728114 0.556
  6322  2634.167 -0.801479 +0.658773 0.667
  6323  2634.583 +0.050759 +0.301367 0.500
  6324  2635.000 +0.858802 -0.243586 0.500
  6325  2635.417 -0.465926 -0.493625 0.556
  6326  2635.833 -0.436719 +0.143498 0.500
  6327  2636.250 +0.599907 +0.451342 0.556
  6328  2636.667 -0.782890 -0.821283 0.556
  6329  2637.083 -0.103428 +1.058017 0.611
  6330  2637.500 +0.393104 -1.428112 0.500
  6331  2637.917 +0.581166 +0.515089 0.500
  6332  2638.333 -1.334039 +0.354259 0.556
  6333  2638.750 +0.021935 +0.542610 0.500
  6334  2639.167 +1.336182 -0.586963 0.500
  6335  2639.583 +0.662066 +0.147478 0.500
  6336  2640.000 -0.175207 -0.153764 0.500
  6337  2640.417 -0.463935 -0.300560 0.556
  6338  2640.833 -0.260481 +0.890610 0.556
  6339  2641.250 -0.142659 -0.816141 0.556
  6340  2641.667 +0.141061 -0.039521 0.556
  6341  2642.083 -0.500464 -0.188653 0.556
  6342  2642.500 -0.328051 +0.084458 0.611
  6343  2642.917 +0.399772 +0.716206 0.500
  6344  2643.333 -0.547286 +1.069028 0.556
  6345  2643.750 +0.330649 -1.105606 0.556
  6346  2644.167 -0.012607 -0.880925 0.556
  6347  2644.583 +1.351977 +0.645580 0.556
  6348  2645.000 -0.943978 +0.526817 0.500
  6349  2645.417 +0.600743 -1.140585 0.611
  6350  2645.833 -0.106435 +0.141439 0.500
  6351  2646.250 -0.007137 -0.320121 0.500
  6352  2646.667 +0.515619 +0.683672 0.556
  6353  2647.083 -1.076000 +0.469649 0.500
  6354  2647.500 -0.166323 -0.416858 0.556
  6355  2647.917 -0.410520 -0.830106 0.500
  6356  2648.333 +0.402277 +0.921894 0.500
  6357  2648.750 -0.200243 +0.229567 0.556
  6358  2649.167 +0.960914 +1.077438 0.611
  6359  2649.583 -0.010716 -0.930720 0.611
  6360  2650.000 -0.642378 -0.708798 0.611
  6361  2650.417 -0.415629 -0.818816 0.556
  6362  2650.833 +0.567488 +0.507099 0.500
  6363  2651.250 +0.679951 +0.381172 0.556
  6364  2651.667 -0.991062 -0.768177 0.611
  6365  2652.083 +0.052105 +1.480324 0.556
  6366  2652.500 +0.650265 +0.236164 0.556
  6367  2652.917 -0.061082 +0.394782 0.556
  6368  2653.333 +0.322911 -0.059850 0.500
  6369  2653.750 -0.373828 -0.740556 0.556
  6370  2654.167 +0.237510 -0.645547 0.556
  6371  2654.583 -0.304881 -0.672036 0.556
  6372  2655.000 -1.098353 -0.638227 0.611
  6373  2655.417 +0.625673 +0.010577 0.556
  6374  2655.833 +0.242129 +0.962732 0.611
  6375  2656.250 -0.813665 +0.798633 0.722
  6376  2656.667 +0.610915 +0.631855 0.556
  6377  2657.083 +0.387590 +0.454291 0.667
  6378  2657.500 +0.409818 -1.351295 0.778
  6379  2657.917 +0.440025 -0.154967 0.556
  6380  2658.333 -0.183346 +1.151587 0.611
  6381  2658.750 -0.816350 -0.199759 0.722
  6382  2659.167 -0.405802 -0.220396 0.500
  6383  2659.583 -0.538155 -0.484331 0.611
  6384  2660.000 +0.513143 -1.199675 0.778
  6385  2660.417 +1.269319 +0.984203 0.556
  6386  2660.833 -0.719690 +0.630841 0.500
  6387  2661.250 -0.020141 -1.402460 0.722
  6388  2661.667 -0.530879 -0.442332 0.556
  6389  2662.083 -0.160175 +1.429911 0.556
  6390  2662.500 +1.147026 +0.892778 0.722
  6391  2662.917 +0.069992 -0.481435 0.556
  6392  2663.333 -0.212784 -0.719309 0.556
  6393  2663.750 -0.078300 +0.348180 0.667
  6394  2664.167 -0.759430 +0.457278 0.556
  6395  2664.583 +0.655440 -0.439960 0.500
  6396  2665.000 -0.626964 +0.414654 0.556
  6397  2665.417 -0.228312 -0.765113 0.667
  6398  2665.833 +1.447309 -0.326259 0.611
  6399  2666.250 +0.233901 +0.066600 0.611
  6400  2666.667 -0.988534 +0.415144 0.611
  6401  2667.083 -1.262281 -0.212066 0.611
  6402  2667.500 -0.260591 +0.828039 0.611
  6403  2667.917 +1.062215 +0.281524 0.556
  6404  2668.333 +0.867824 +0.234131 0.556
  6405  2668.750 +1.000419 -0.717456 0.611
  6406  2669.167 -0.013701 -0.272438 0.500
  6407  2669.583 -1.288413 -0.688300 0.500
  6408  2670.000 +0.138448 -0.522147 0.667
  6409  2670.417 -0.059142 +0.232115 0.556
  6410  2670.833 -1.154474 +1.433739 0.611
  6411  2671.250 +0.452621 +0.163125 0.611
  6412  2671.667 -0.108774 +0.114070 0.556
  6413  2672.083 +0.181688 -0.741053 0.667
  6414  2672.500 -0.461019 -0.815924 0.556
  6415  2672.917 +1.442793 +0.596424 0.611
  6416  2673.333 -0.727304 -0.298761 0.778
  6417  2673.750 +0.895530 +0.920845 0.556
  6418  2674.167 +0.262062 -0.493202 0.556
  6419  2674.583 -0.366364 +1.011427 0.722
  6420  2675.000 -0.713345 -0.022059 0.556
  6421  2675.417 -0.129134 -0.733733 0.500
  6422  2675.833 -0.094625 -0.449537 0.556
  6423  2676.250 +0.580536 -0.998560 0.556
  6424  2676.667 +0.491167 +0.459408 0.611
  6425  2677.083 -1.114427 +0.677087 0.667
  6426  2677.500 -0.256656 -0.039788 0.611
  6427  2677.917 +0.636315 +1.699495 0.556
  6428  2678.333 -0.345920 -0.173630 0.500
  6429  2678.750 -0.551947 -0.633514 0.500
  6430  2679.167 +0.444659 -0.608349 0.500
  6431  2679.583 +0.324848 -1.048143 0.556
  6432  2680.000 +0.298511 -0.112889 0.611
  6433  2680.417 +0.328419 -0.049456 0.556
  6434  2680.833 +0.175268 +0.086758 0.611
  6435  2681.250 +0.176777 +0.998586 0.667
  6436  2681.667 +0.104848 +0.326210 0.611
  6437  2682.083 -1.089660 +0.631719 0.611
  6438  2682.500 -0.454905 -0.427175 0.611
  6439  2682.917 -0.524840 -0.515618 0.667
  6440  2683.333 +0.819463 -0.138941 0.500
  6441  2683.750 -0.088679 +0.745668 0.500
  6442  2684.167 +0.700379 +0.280580 0.556
  6443  2684.583 +0.646297 -0.703830 0.611
  6444  2685.000 -1.289429 -0.041211 0.667
  6445  2685.417 -0.383092 -1.529235 0.667
  6446  2685.833 -0.174587 +1.003479 0.500
  6447  2686.250 +1.470470 +0.337812 0.556
  6448  2686.667 -0.485106 +0.235796 0.556
  6449  2687.083 +0.393612 +0.076969 0.556
  6450  2687.500 +0.226640 -0.155127 0.500
  6451  2687.917 -0.134735 +0.465735 0.500
  6452  2688.333 -0.667823 -1.139010 0.556
  6453  2688.750 +0.050859 +0.144758 0.556
  6454  2689.167 -0.925676 +0.414721 0.556
  6455  2689.583 +0.258562 -0.990172 0.556
  6456  2690.000 +0.773999 +0.788505 0.556
  6457  2690.417 -0.996240 +1.230991 0.556
  6458  2690.833 +0.575966 -0.402466 0.611
  6459  2691.250 +1.054470 -0.181837 0.500
  6460  2691.667 +0.790343 -0.098901 0.500
  6461  2692.083 -0.487862 +0.809350 0.556
  6462  2692.500 -1.337203 -1.291028 0.611
  6463  2692.917 +0.268792 -1.140870 0.556
  6464  2693.333 -0.623500 +0.107608 0.611
  6465  2693.750 -0.906684 +0.913005 0.556
  6466  2694.167 +1.270833 -0.358448 0.500
  6467  2694.583 +0.491951 +0.229672 0.611
  6468  2695.000 +0.545358 +1.220397 0.556
  6469  2695.417 -0.079196 -0.584421 0.611
  6470  2695.833 -0.291329 +0.015206 0.556
  6471  2696.250 -0.590249 +0.999566 0.556
  6472  2696.667 -0.029244 -0.388212 0.667
  6473  2697.083 +0.854508 -0.916778 0.500
  6474  2697.500 -0.576147 -0.824669 0.500
  6475  2697.917 -0.763297 +0.947021 0.611
  6476  2698.333 +0.150772 -0.404788 0.500
  6477  2698.750 +0.192849 +0.919250 0.500
  6478  2699.167 +0.960428 -0.897053 0.611
  6479  2699.583 -0.463272 -1.222706 0.500
  6480  2700.000 +0.368785 +0.866662 0.556
  6481  2700.417 +0.315607 +0.517951 0.611
  6482  2700.833 -1.013065 +1.143254 0.556
  6483  2701.250 +0.227531 +0.673344 0.556
  6484  2701.667 -0.349545 -0.576931 0.556
  6485  2702.083 -0.089672 -1.659405 0.611
  6486  2702.500 +0.024557 -0.895881 0.556
  6487  2702.917 -0.016905 +0.881939 0.611
  6488  2703.333 +0.755017 +0.210066 0.556
  6489  2703.750 -0.400845 +0.837843 0.556
  6490  2704.167 -0.061906 +0.548311 0.667
  6491  2704.583 +0.482117 -0.580741 0.500
  6492  2705.000 +0.565938 -1.425058 0.500
  6493  2705.417 -0.121678 +0.335161 0.667
  6494  2705.833 -0.348812 +1.181160 0.500
  6495  2706.250 -1.137925 +0.226074 0.500
  6496  2706.667 -0.217508 -1.072218 0.722
  6497  2707.083 +0.219327 +0.881843 0.556
  6498  2707.500 +0.397542 -0.505842 0.556
  6499  2707.917 +1.426778 -0.014232 0.611
  6500  2708.333 -0.501225 +0.162535 0.500
  6501  2708.750 -0.953259 -0.382224 0.500
  6502  2709.167 -0.649296 -0.466370 0.611
  6503  2709.583 +0.195543 +0.526498 0.500
  6504  2710.000 +1.493379 +0.050215 0.556
  6505  2710.417 -0.248236 -0.435670 0.556
  6506  2710.833 -0.978549 +0.668472 0.500
  6507  2711.250 -0.265783 -0.439407 0.611
  6508  2711.667 +1.544409 -0.235158 0.500
  6509  2712.083 +0.030710 +0.535818 0.500
  6510  2712.500 -0.218531 +1.101410 0.667
  6511  2712.917 -0.572285 -0.378659 0.611
  6512  2713.333 +0.260410 -1.146662 0.611
  6513  2713.750 -0.200565 +0.274171 0.611
  6514  2714.167 -0.847060 +0.126931 0.667
  6515  2714.583 -0.047366 +0.187015 0.722
  6516  2715.000 +0.521820 +0.111118 0.500
  6517  2715.417 +0.257312 -0.704031 0.611
  6518  2715.833 -0.158122 +0.575420 0.722
  6519  2716.250 -0.362997 -0.325642 0.556
  6520  2716.667 +1.533913 -0.787480 0.556
  6521  2717.083 +0.593019 +1.214003 0.667
  6522  2717.500 -0.815618 +0.479619 0.611
  6523  2717.917 -1.130036 -0.197193 0.556
  6524  2718.333 -0.440024 -0.090734 0.667
  6525  2718.750 +0.481798 -1.295962 0.667
  6526  2719.167 -0.317721 +0.495189 0.556
  6527  2719.583 +0.953328 -0.259587 0.722
  6528  2720.000 -0.682589 -0.637316 0.722
  6529  2720.417 +0.833056 +0.782941 0.500
  6530  2720.833 -0.107626 +0.332161 0.722
  6531  2721.250 -1.301806 +1.013947 0.778
  6532  2721.667 +0.764104 +0.630025 0.556
  6533  2722.083 +1.335469 -0.246784 0.611
  6534  2722.500 -0.719957 -0.504561 0.722
  6535  2722.917 -0.487104 -0.334619 0.500
  6536  2723.333 +0.282250 -0.908201 0.556
  6537  2723.750 -0.728578 +0.008328 0.667
  6538  2724.167 +0.917206 -1.033443 0.556
  6539  2724.583 -0.909452 +0.091623 0.556
  6540  2725.000 +0.648965 +1.587757 0.611
  6541  2725.417 +0.289190 +0.033915 0.611
  6542  2725.833 -0.468005 +0.754621 0.667
  6543  2726.250 +0.613955 -0.762364 0.611
  6544  2726.667 -1.198636 -0.638777 0.556
  6545  2727.083 -0.408884 +0.738643 0.611
  6546  2727.500 +1.112133 -0.999879 0.500
  6547  2727.917 -0.150626 +0.331036 0.611
  6548  2728.333 +0.112443 +1.073659 0.611
  6549  2728.750 -0.307792 -0.151743 0.556
  6550  2729.167 +1.063454 +0.544876 0.611
  6551  2729.583 -0.692884 -1.084989 0.611
  6552  2730.000 -0.351962 -0.514267 0.611
  6553  2730.417 +0.921674 +0.652587 0.556
  6554  2730.833 -0.370572 +0.069829 0.556
  6555  2731.250 +0.569402 -0.909676 0.722
  6556  2731.667 -1.312901 +0.007327 0.611
  6557  2732.083 +0.600102 +0.324813 0.611
  6558  2732.500 -0.307647 +0.934420 0.667
  6559  2732.917 -1.224367 -0.708553 0.556
  6560  2733.333 +0.832874 -0.607535 0.500
  6561  2733.750 -0.256645 +1.380399 0.722
  6562  2734.167 +0.441150 +0.298376 0.667
  6563  2734.583 +1.211610 -0.875344 0.556
  6564  2735.000 -0.439071 -0.779783 0.611
  6565  2735.417 +0.535463 +0.501777 0.611
  6566  2735.833 +0.122095 +0.308043 0.500
  6567  2736.250 -0.654780 +1.165674 0.556
  6568  2736.667 +0.364790 -0.802422 0.611
  6569  2737.083 -0.895399 -1.480919 0.500
  6570  2737.500 -0.977095 -0.219798 0.500
  6571  2737.917 -0.476555 +1.002263 0.611
  6572  2738.333 +1.059242 +0.400874 0.556
  6573  2738.750 +0.650399 +0.764462 0.556
  6574  2739.167 -0.132659 -0.271437 0.556
  6575  2739.583 +0.167352 +0.039003 0.556
  6576  2740.000 -0.000052 -0.883164 0.500
  6577  2740.417 +0.091510 -0.062512 0.556
  6578  2740.833 -0.108346 +0.057675 0.556
  6579  2741.250 +0.871776 +0.174351 0.556
  6580  2741.667 +0.097644 -0.084671 0.500
  6581  2742.083 -1.168730 -0.191082 0.500
  6582  2742.500 -0.686549 -0.475906 0.611
  6583  2742.917 +0.023209 +0.340530 0.556
  6584  2743.333 -0.288041 +0.543315 0.556
  6585  2743.750 +0.942801 +0.297719 0.722
  6586  2744.167 +0.049045 +0.001987 0.556
  6587  2744.583 +0.395260 +0.408701 0.500
  6588  2745.000 +0.723487 +0.266545 0.667
  6589  2745.417 -1.500258 +0.043143 0.667
  6590  2745.833 +0.082235 -0.936673 0.556
  6591  2746.250 +0.460982 -1.557681 0.611
  6592  2746.667 -0.520576 -0.512639 0.667
  6593  2747.083 +0.018024 +0.970750 0.611
  6594  2747.500 +1.431734 +0.638636 0.556
  6595  2747.917 -0.690914 +0.388682 0.611
  6596  2748.333 -0.250418 +0.275933 0.611
  6597  2748.750 -0.402416 +0.293143 0.500
  6598  2749.167 -0.315734 +0.163189 0.556
  6599  2749.583 +0.531997 -1.113321 0.556
  6600  2750.000 -0.002319 +1.395918 0.556
  6601  2750.417 -0.594930 +0.029048 0.556
  6602  2750.833 +1.020010 -1.119819 0.556
  6603  2751.250 +0.830129 -1.032654 0.611
  6604  2751.667 -1.016557 +0.163427 0.611
  6605  2752.083 -0.475667 -0.264346 0.667
  6606  2752.500 -1.092310 +0.485428 0.500
  6607  2752.917 +0.341811 +0.933261 0.556
  6608  2753.333 +1.302051 -0.499171 0.556
  6609  2753.750 +0.901461 +0.765704 0.556
  6610  2754.167 -0.146392 +0.583503 0.500
  6611  2754.583 -0.908985 -1.335809 0.611
  6612  2755.000 -0.208608 +0.473574 0.556
  6613  2755.417 +0.438810 -0.458455 0.500
  6614  2755.833 -0.992191 -0.751852 0.556
  6615  2756.250 -0.535094 +0.763299 0.500
  6616  2756.667 +1.647688 +0.188803 0.611
  6617  2757.083 -0.541395 -0.313746 0.556
  6618  2757.500 -0.012443 +0.168863 0.500
  6619  2757.917 +0.769240 -0.165284 0.611
  6620  2758.333 -0.627827 +1.223309 0.500
  6621  2758.750 +0.083739 -0.407791 0.556
  6622  2759.167 -0.197210 -0.596431 0.500
  6623  2759.583 +0.612582 +0.670137 0.611
  6624  2760.000 -0.095148 -0.447692 0.556
  6625  2760.417 -0.424914 -0.789184 0.556
  6626  2760.833 -0.034914 -0.310987 0.556
  6627  2761.250 -0.922789 +0.523505 0.556
  6628  2761.667 -0.322027 +0.103073 0.500
  6629  2762.083 +1.049652 +0.894470 0.611
  6630  2762.500 +0.292653 +0.022281 0.611
  6631  2762.917 +0.211102 -1.537787 0.500
  6632  2763.333 +0.187574 +0.571768 0.556
  6633  2763.750 +0.290632 +0.112964 0.556
  6634  2764.167 +0.092255 -0.394736 0.556
  6635  2764.583 -1.233996 +1.221233 0.500
  6636  2765.000 +0.146260 +0.089207 0.500
  6637  2765.417 +0.400671 +0.244980 0.611
  6638  2765.833 -0.834508 -0.312582 0.500
  6639  2766.250 +0.875272 -0.562608 0.500
  6640  2766.667 -0.108165 -0.415475 0.556
  6641  2767.083 -0.767232 -0.952807 0.500
  6642  2767.500 +0.921025 +0.970211 0.556
  6643  2767.917 -0.411379 +0.584576 0.556
  6644  2768.333 -0.147037 -1.052420 0.556
  6645  2768.750 +0.837420 +1.371990 0.556
  6646  2769.167 -0.127793 +0.472026 0.500
  6647  2769.583 -0.136330 -0.983416 0.500
  6648  2770.000 +0.044601 -0.876913 0.556
  6649  2770.417 -0.247656 +0.717588 0.500
  6650  2770.833 -1.083195 +0.559507 0.556
  6651  2771.250 +0.262920 -0.730356 0.556
  6652  2771.667 +1.332162 +0.773843 0.556
  6653  2772.083 -0.058143 -0.590822 0.611
  6654  2772.500 -0.534575 +0.416491 0.611
  6655  2772.917 +0.193224 -1.532353 0.611
  6656  2773.333 -0.760802 +0.579595 0.556
  6657  2773.750 +0.590979 +0.893212 0.611
  6658  2774.167 +0.393394 -0.704913 0.611
  6659  2774.583 -0.986364 +0.559473 0.500
  6660  2775.000 +0.495339 +0.270074 0.611
  6661  2775.417 +0.428164 -0.132629 0.667
  6662  2775.833 +0.401698 +1.207709 0.556
  6663  2776.250 -1.391860 -1.127157 0.500
  6664  2776.667 +0.151764 -0.629835 0.556
  6665  2777.083 +0.994256 -0.177750 0.611
  6666  2777.500 -1.267302 +0.460235 0.556
  6667  2777.917 +0.759929 -0.735105 0.556
  6668  2778.333 +1.200376 +0.162570 0.667
  6669  2778.750 -0.697267 +0.078980 0.500
  6670  2779.167 -0.561857 -0.168536 0.556
  6671  2779.583 +0.169299 +1.441597 0.611
  6672  2780.000 -0.816407 +0.424462 0.611
  6673  2780.417 -0.417108 -0.536446 0.500
  6674  2780.833 +0.656195 -1.521354 0.667
  6675  2781.250 +1.142667 +0.675367 0.611
  6676  2781.667 -0.620027 +0.419981 0.556
  6677  2782.083 +0.503697 +0.119952 0.778
  6678  2782.500 +0.391894 +0.158056 0.556
  6679  2782.917 -0.860819 -1.256888 0.611
  6680  2783.333 +0.186304 -0.068310 0.833
  6681  2783.750 -1.065600 -0.311286 0.500
  6682  2784.167 -0.875941 +1.245779 0.556
  6683  2784.583 +0.646232 +0.101259 0.778
  6684  2785.000 +0.979876 +0.523682 0.500
  6685  2785.417 +0.562554 -0.817072 0.500
  6686  2785.833 +0.597003 +0.266021 0.667
  6687  2786.250 -1.124711 +0.388521 0.500
  6688  2786.667 +0.217458 -0.180407 0.556
  6689  2787.083 -0.276552 +0.018237 0.722
  6690  2787.500 -0.046640 +0.240129 0.611
  6691  2787.917 +0.817356 -0.972152 0.500
  6692  2788.333 -0.521465 -0.997927 0.667
  6693  2788.750 -0.044816 -0.345071 0.556
  6694  2789.167 -0.474687 +1.029819 0.500
  6695  2789.583 +0.783963 +1.194534 0.611
  6696  2790.000 -0.199162 +0.041414 0.500
  6697  2790.417 -0.569230 -0.329717 0.500
  6698  2790.833 -0.814546 +0.762208 0.611
  6699  2791.250 -0.331964 -1.294654 0.556
  6700  2791.667 +0.607057 -0.275094 0.556
  6701  2792.083 +1.207556 +0.248110 0.500
  6702  2792.500 +1.022465 +0.309719 0.556
  6703  2792.917 -0.793580 +0.411355 0.556
  6704  2793.333 -0.945660 -0.217403 0.611
  6705  2793.750 +0.647715 +0.069573 0.500
  6706  2794.167 -0.694643 -0.724977 0.556
  6707  2794.583 +0.590651 +0.479596 0.500
  6708  2795.000 -0.200930 -0.692423 0.611
  6709  2795.417 +0.371312 +0.245203 0.556
  6710  2795.833 -0.611745 +0.649255 0.611
  6711  2796.250 +0.587151 +0.372140 0.556
  6712  2796.667 +0.457719 -1.134751 0.500
  6713  2797.083 -0.641306 +0.018218 0.611
  6714  2797.500 +0.214323 +0.348682 0.667
  6715  2797.917 -1.181371 +0.300667 0.556
  6716  2798.333 +0.251012 +0.087943 0.500
  6717  2798.750 -0.438457 +0.048637 0.556
  6718  2799.167 +0.908048 -0.039876 0.611
  6719  2799.583 -0.748239 -0.087772 0.611
  6720  2800.000 +0.628807 +0.005147 0.667
  6721  2800.417 +0.716702 +0.074616 0.556
  6722  2800.833 +0.592072 -0.356977 0.556
  6723  2801.250 -0.915501 -1.748797 0.667
  6724  2801.667 -0.144790 +0.190310 0.611
  6725  2802.083 +0.838109 +1.453773 0.667
  6726  2802.500 -0.339610 +0.756212 0.833
  6727  2802.917 -0.303318 +0.937378 0.556
  6728  2803.333 +0.027631 -0.382248 0.556
  6729  2803.750 -0.934848 -0.155506 0.722
  6730  2804.167 +0.230714 -1.012908 0.500
  6731  2804.583 -0.875858 +0.195407 0.611
  6732  2805.000 +0.156879 -0.785312 0.667
  6733  2805.417 +0.801753 -0.050704 0.556
  6734  2805.833 +1.059614 -0.064529 0.667
  6735  2806.250 +0.169789 +0.315672 0.722
  6736  2806.667 +0.163952 +0.708978 0.556
  6737  2807.083 -0.066565 -0.040286 0.611
  6738  2807.500 -0.274693 -0.683468 0.722
  6739  2807.917 -1.210204 -0.032077 0.611
  6740  2808.333 -0.176179 +0.980255 0.611
  6741  2808.750 +0.113778 -0.755752 0.722
  6742  2809.167 +0.090696 +0.476445 0.667
  6743  2809.583 +1.192545 +0.065433 0.556
  6744  2810.000 -1.252890 +0.745726 0.611
  6745  2810.417 +0.193564 -0.610363 0.556
  6746  2810.833 +1.123297 -0.374824 0.611
  6747  2811.250 +0.179617 -0.615653 0.667
  6748  2811.667 -1.347310 +0.722456 0.611
  6749  2812.083 +0.267399 +0.093048 0.500
  6750  2812.500 -0.366900 -0.694142 0.667
  6751  2812.917 +1.064017 -0.143056 0.667
  6752  2813.333 +0.153819 +0.897900 0.556
  6753  2813.750 -0.989312 -1.138037 0.667
  6754  2814.167 -0.350388 +0.441170 0.667
  6755  2814.583 +0.281682 +1.126782 0.556
  6756  2815.000 -0.613675 -0.542261 0.611
  6757  2815.417 +0.958729 +0.654968 0.667
  6758  2815.833 +1.259469 -0.952473 0.556
  6759  2816.250 -0.671375 -1.009347 0.500
  6760  2816.667 -0.456661 +0.723952 0.611
  6761  2817.083 +0.425431 +1.066358 0.500
  6762  2817.500 -1.190400 -0.580535 0.556
  6763  2817.917 -0.018917 +0.606458 0.667
  6764  2818.333 +1.388380 +0.044496 0.500
  6765  2818.750 -0.400617 -0.132728 0.611
  6766  2819.167 -0.148197 +0.200807 0.667
  6767  2819.583 +0.252512 -1.865618 0.500
  6768  2820.000 -0.433239 -0.336825 0.556
  6769  2820.417 -0.274851 +0.992900 0.556
  6770  2820.833 -0.616021 +0.172270 0.556
  6771  2821.250 -0.339999 -0.720866 0.500
  6772  2821.667 +1.276435 +0.368155 0.500
  6773  2822.083 -0.514437 +0.526024 0.556
  6774  2822.500 +0.675628 +0.602963 0.500
  6775  2822.917 +0.792330 +0.650762 0.500
  6776  2823.333 -0.709054 -0.351309 0.556
  6777  2823.750 +0.796082 +0.518971 0.556
  6778  2824.167 -0.045940 -0.932207 0.556
  6779  2824.583 -1.063624 -0.548785 0.611
  6780  2825.000 -0.614381 -0.908142 0.667
  6781  2825.417 +0.054480 +1.016114 0.667
  6782  2825.833 -0.197005 -0.091905 0.556
  6783  2826.250 +0.099222 -0.476458 0.667
  6784  2826.667 +0.687319 -0.309875 0.611
  6785  2827.083 +0.689450 +0.070911 0.611
  6786  2827.500 -0.070384 +1.471977 0.667
  6787  2827.917 -0.944619 -0.722060 0.556
  6788  2828.333 +1.258804 -0.099989 0.611
  6789  2828.750 -0.575499 +1.160896 0.556
  6790  2829.167 -0.817040 -1.008771 0.556
  6791  2829.583 +0.219685 +0.362669 0.611
  6792  2830.000 -0.740900 -0.846022 0.556
  6793  2830.417 -0.076060 +0.130515 0.556
  6794  2830.833 +1.502080 +0.608425 0.500
  6795  2831.250 +0.742518 -0.017541 0.500
  6796  2831.667 -0.782947 -0.907262 0.556
  6797  2832.083 -0.873319 +1.509115 0.556
  6798  2832.500 +1.312632 +0.254711 0.611
  6799  2832.917 -0.589107 -0.703945 0.667
  6800  2833.333 +0.098242 -0.711677 0.611
  6801  2833.750 -0.840822 +0.169763 0.500
  6802  2834.167 -0.904308 +0.384523 0.611
  6803  2834.583 +0.768747 -1.000366 0.611
  6804  2835.000 +1.288407 -0.746735 0.500
  6805  2835.417 +0.963228 +0.280721 0.667
  6806  2835.833 -0.631579 +1.014765 0.667
  6807  2836.250 -1.140366 +0.528210 0.611
  6808  2836.667 -0.905314 +0.645108 0.556
  6809  2837.083 +0.369438 +0.843287 0.556
  6810  2837.500 -0.193038 -1.490208 0.500
  6811  2837.917 +0.268100 +0.411791 0.556
  6812  2838.333 +0.254696 -0.567862 0.611
  6813  2838.750 +0.363406 -1.039116 0.500
  6814  2839.167 +2.137774 +0.159731 0.556
  6815  2839.583 -0.577463 +0.145745 0.611
  6816  2840.000 -0.846222 +0.336602 0.500
  6817  2840.417 -0.730940 +0.063074 0.556
  6818  2840.833 -0.619420 +0.067610 0.556
  6819  2841.250 -0.951793 -0.071653 0.556
  6820  2841.667 +0.897925 +0.042643 0.556
  6821  2842.083 +0.645128 +1.298299 0.500
  6822  2842.500 +0.173504 +0.352344 0.556
  6823  2842.917 -0.043900 -1.342168 0.500
  6824  2843.333 -0.274947 -1.001492 0.611
  6825  2843.750 -0.036720 -0.630285 0.667
  6826  2844.167 +0.458084 +1.001104 0.611
  6827  2844.583 +0.060199 +0.172799 0.556
  6828  2845.000 -0.061158 -0.550040 0.500
  6829  2845.417 +0.000995 +1.070072 0.500
  6830  2845.833 +0.330747 +0.321456 0.500
  6831  2846.250 -0.970859 -0.078628 0.500
  6832  2846.667 +0.095057 +0.066394 0.500
  6833  2847.083 +0.157530 -0.615449 0.556
  6834  2847.500 -0.007318 +0.890847 0.611
  6835  2847.917 +0.599645 -0.741533 0.611
  6836  2848.333 -0.345550 -0.095103 0.500
  6837  2848.750 -0.187249 +0.785574 0.611
  6838  2849.167 +0.661326 -0.542448 0.611
  6839  2849.583 -0.559924 -0.965456 0.500
  6840  2850.000 -0.540746 -0.355472 0.611
  6841  2850.417 +0.159976 +0.400478 0.556
  6842  2850.833 +0.047122 -0.242785 0.556
  6843  2851.250 +0.758392 +0.419697 0.722
  6844  2851.667 -0.496054 +0.287819 0.667
  6845  2852.083 -0.539089 +0.807967 0.556
  6846  2852.500 +1.011517 +0.531470 0.667
  6847  2852.917 -0.037158 -0.585701 0.611
  6848  2853.333 +0.259634 -0.395221 0.500
  6849  2853.750 -0.430392 +0.090117 0.667
  6850  2854.167 -0.799421 +0.435645 0.611
  6851  2854.583 +1.022041 -0.346038 0.556
  6852  2855.000 +0.248949 -0.786638 0.500
  6853  2855.417 -1.368471 -0.436707 0.556
  6854  2855.833 +0.591072 -0.294789 0.500
  6855  2856.250 -0.739122 +0.790645 0.556
  6856  2856.667 +0.347047 +0.575393 0.556
  6857  2857.083 +0.226453 +1.419555 0.500
  6858  2857.500 +1.031183 -0.662338 0.556
  6859  2857.917 +0.087025 -0.543051 0.556
  6860  2858.333 -0.869424 -0.468561 0.611
  6861  2858.750 -0.610053 -0.717345 0.556
  6862  2859.167 +0.544431 -0.613476 0.556
  6863  2859.583 +0.051138 +0.629106 0.611
  6864  2860.000 +0.916392 +1.416783 0.500
  6865  2860.417 +0.404532 -0.508188 0.611
  6866  2860.833 -1.283015 -0.195883 0.611
  6867  2861.250 -0.182817 +0.729879 0.500
  6868  2861.667 -0.277731 +0.391356 0.667
  6869  2862.083 -1.442746 -0.319765 0.722
  6870  2862.500 +0.364583 -1.356476 0.611
  6871  2862.917 +1.416902 -0.502200 0.611
  6872  2863.333 +1.005030 -0.348364 0.778
  6873  2863.750 -0.234688 +1.257599 0.611
  6874  2864.167 +0.665866 +0.412852 0.556
  6875  2864.583 +0.030213 +0.675173 0.722
  6876  2865.000 -1.751875 +0.032582 0.500
  6877  2865.417 +0.216005 +0.194627 0.556
  6878  2865.833 -0.174397 -0.062572 0.611
  6879  2866.250 -0.515369 -0.699567 0.556
  6880  2866.667 -0.121394 -0.319224 0.611
  6881  2867.083 +1.037760 -1.294973 0.667
  6882  2867.500 +0.200029 +0.172576 0.556
  6883  2867.917 +0.486208 +0.192953 0.500
  6884  2868.333 -0.000936 +0.594642 0.611
  6885  2868.750 -0.455254 +0.825010 0.500
  6886  2869.167 -0.749861 -1.315300 0.556
  6887  2869.583 -0.038447 +0.763355 0.556
  6888  2870.000 +0.828023 +0.870940 0.500
  6889  2870.417 -0.654454 -0.383412 0.611
  6890  2870.833 +0.776806 +0.202411 0.500
  6891  2871.250 -0.603976 +0.934789 0.500
  6892  2871.667 -0.725305 -0.616232 0.556
  6893  2872.083 +0.032761 -1.537627 0.611
  6894  2872.500 +1.101159 +0.090736 0.667
  6895  2872.917 +1.237669 +0.237055 0.667
  6896  2873.333 -0.279167 -1.473597 0.556
  6897  2873.750 -0.763420 +0.838594 0.667
  6898  2874.167 -0.265706 +0.502182 0.722
  6899  2874.583 -0.732352 +0.978697 0.500
  6900  2875.000 -0.645710 -0.580854 0.556
  6901  2875.417 -0.211110 +0.245723 0.611
  6902  2875.833 +1.111975 +0.341170 0.611
  6903  2876.250 -0.278819 -0.363345 0.667
  6904  2876.667 +0.776149 +1.476397 0.611
  6905  2877.083 +0.625893 -1.015001 0.556
  6906  2877.500 +0.249403 -0.675421 0.667
  6907  2877.917 +0.701541 -0.779249 0.556
  6908  2878.333 -0.800263 +0.055137 0.500
  6909  2878.750 -0.997054 +0.011746 0.611
  6910  2879.167 -0.765087 +0.002699 0.556
  6911  2879.583 -0.567160 +0.876391 0.556
  6912  2880.000 +0.055864 +0.334844 0.500
  6913  2880.417 +1.443596 -0.278429 0.500
  6914  2880.833 +0.658363 -1.030421 0.556
  6915  2881.250 -1.033852 +1.070976 0.556
  6916  2881.667 +0.321234 +0.594035 0.500
  6917  2882.083 +0.520349 -0.660071 0.611
  6918  2882.500 -0.535555 -0.345960 0.667
  6919  2882.917 -0.324077 -0.477302 0.611
  6920  2883.333 -0.311379 +0.748890 0.556
  6921  2883.750 +0.740147 +0.596837 0.556
  6922  2884.167 -0.612683 -0.686273 0.611
  6923  2884.583 +0.112451 -0.370267 0.556
  6924  2885.000 +1.111809 -0.030452 0.500
  6925  2885.417 -0.902838 +0.254622 0.667
  6926  2885.833 +0.870023 -0.339216 0.500
  6927  2886.250 -0.135653 +0.646839 0.500
  6928  2886.667 +0.279241 -0.191690 0.722
  6929  2887.083 -0.272110 -0.114586 0.556
  6930  2887.500 -1.367586 +0.284727 0.500
  6931  2887.917 -0.886222 +0.048781 0.722
  6932  2888.333 +1.166563 +0.528383 0.611
  6933  2888.750 +1.479880 -0.259609 0.556
  6934  2889.167 -0.975450 -0.337998 0.722
  6935  2889.583 -1.205154 -0.024219 0.611
  6936  2890.000 +0.630570 -0.428470 0.611
  6937  2890.417 +0.819535 -0.112835 0.667
  6938  2890.833 +0.163002 -0.236153 0.500
  6939  2891.250 -0.594572 +0.102366 0.500
  6940  2891.667 +0.939399 +0.395134 0.667
  6941  2892.083 -0.299252 +0.838327 0.500
  6942  2892.500 -0.124629 -0.201099 0.500
  6943  2892.917 -0.269589 -1.619363 0.556
  6944  2893.333 +0.852311 +0.168451 0.556
  6945  2893.750 -1.201958 +0.581011 0.556
  6946  2894.167 -0.892943 +0.588849 0.556
  6947  2894.583 +0.244434 +0.588166 0.611
  6948  2895.000 -0.193273 +0.942812 0.556
  6949  2895.417 +1.273878 -0.049388 0.556
  6950  2895.833 +0.220933 -1.119230 0.611
  6951  2896.250 +0.815457 -0.514890 0.556
  6952  2896.667 -0.315749 -1.147516 0.500
  6953  2897.083 -0.154145 -0.660167 0.611
  6954  2897.500 -0.945588 +0.757372 0.611
  6955  2897.917 -0.796655 +0.546993 0.500
  6956  2898.333 +1.038861 +0.371139 0.611
  6957  2898.750 +0.653664 +0.372103 0.556
  6958  2899.167 -0.949791 -0.709422 0.500
  6959  2899.583 -0.156410 +1.526490 0.667
  6960  2900.000 +0.182284 +0.326523 0.556
  6961  2900.417 -0.254730 -1.785300 0.611
  6962  2900.833 +0.012987 +0.929378 0.611
  6963  2901.250 +0.608997 -0.518187 0.500
  6964  2901.667 +0.453941 -0.792425 0.556
  6965  2902.083 +0.256977 -0.636905 0.667
  6966  2902.500 -0.922572 +0.938248 0.556
  6967  2902.917 -0.616148 +1.083226 0.556
  6968  2903.333 +0.941053 +0.509630 0.667
  6969  2903.750 +0.625819 -0.213186 0.556
  6970  2904.167 -1.244021 -1.071339 0.611
  6971  2904.583 +0.773379 -1.119243 0.556
  6972  2905.000 -0.280707 +1.002642 0.556
  6973  2905.417 -0.447844 -0.428396 0.556
  6974  2905.833 +0.067612 +0.243048 0.556
  6975  2906.250 +1.023056 +0.963812 0.556
  6976  2906.667 -0.529404 +0.468192 0.556
  6977  2907.083 -0.152579 -0.483300 0.556
  6978  2907.500 -0.368061 -0.094439 0.556
  6979  2907.917 -0.065687 -1.272504 0.556
  6980  2908.333 +0.948420 -0.413787 0.556
  6981  2908.750 -1.139627 +0.901324 0.500
  6982  2909.167 +0.171308 +0.268674 0.611
  6983  2909.583 -0.345770 +0.403131 0.500
  6984  2910.000 +0.959038 +0.169029 0.500
  6985  2910.417 +0.410353 +0.985294 0.556
  6986  2910.833 -0.560631 -0.164053 0.611
  6987  2911.250 -0.594795 -1.337030 0.556
  6988  2911.667 +0.516011 -0.066907 0.556
  6989  2912.083 +0.286493 -0.511916 0.722
  6990  2912.500 +0.743897 -0.448881 0.611
  6991  2912.917 -0.969804 -0.806802 0.611
  6992  2913.333 +0.532757 +0.376098 0.667
  6993  2913.750 -0.123293 +1.019567 0.611
  6994  2914.167 -0.400469 +0.944312 0.556
  6995  2914.583 -0.436723 +1.012580 0.667
  6996  2915.000 +0.133677 -0.059838 0.722
  6997  2915.417 -0.053118 -0.484056 0.611
  6998  2915.833 -0.812314 +0.157444 0.556
  6999  2916.250 +1.056676 -0.358132 0.667
  7000  2916.667 +0.742507 -1.306544 0.556
  7001  2917.083 -0.995442 -0.560346 0.500
  7002  2917.500 -0.489865 +0.505010 0.611
  7003  2917.917 +1.084220 -1.207450 0.556
  7004  2918.333 -0.747063 +1.024511 0.556
  7005  2918.750 +1.088963 +0.545629 0.556
  7006  2919.167 -0.098196 -0.009721 0.556
  7007  2919.583 +0.106047 +1.704180 0.611
  7008  2920.000 -0.361995 +0.063956 0.556
  7009  2920.417 -0.143023 -0.967022 0.500
  7010  2920.833 +0.239728 -0.953134 0.611
  7011  2921.250 -0.091443 -0.220491 0.611
  7012  2921.667 -0.646851 +1.096291 0.556
  7013  2922.083 -0.389815 +0.524254 0.722
  7014  2922.500 +0.600593 -0.960403 0.722
  7015  2922.917 -0.208318 -0.154710 0.556
  7016  2923.333 -0.031028 -0.274348 0.611
  7017  2923.750 -0.460907 -0.475149 0.667
  7018  2924.167 +1.311400 -0.449928 0.556
  7019  2924.583 -0.629582 +0.369734 0.556
  7020  2925.000 +0.382241 +0.872196 0.667
  7021  2925.417 +0.708714 +0.687875 0.556
  7022  2925.833 -0.859529 +1.224632 0.556
  7023  2926.250 -0.493596 -0.900758 0.611
  7024  2926.667 +0.547611 -1.274651 0.500
  7025  2927.083 +0.724856 -0.890640 0.556
  7026  2927.500 +0.531292 +1.240921 0.500
  7027  2927.917 -1.194797 +0.275874 0.611
  7028  2928.333 -1.062631 -0.168202 0.556
  7029  2928.750 -0.950764 +1.017996 0.556
  7030  2929.167 +0.099883 -0.650345 0.667
  7031  2929.583 +1.248340 -0.375609 0.556
  7032  2930.000 +0.873235 -0.436703 0.556
  7033  2930.417 +1.214605 -0.374836 0.667
  7034  2930.833 -0.873285 +0.604349 0.556
  7035  2931.250 +0.101636 -0.794690 0.611
  7036  2931.667 +0.125209 +0.147637 0.778
  7037  2932.083 -0.107220 +1.151598 0.611
  7038  2932.500 -0.937143 +0.313494 0.611
  7039  2932.917 -0.994730 -0.679556 0.833
  7040  2933.333 -0.616985 -0.592188 0.611
  7041  2933.750 +0.654176 +0.358920 0.556
  7042  2934.167 +0.525819 +0.303476 0.722
  7043  2934.583 +0.259307 +0.652473 0.556
  7044  2935.000 +0.752893 +0.088985 0.556
  7045  2935.417 +0.870393 -0.006318 0.667
  7046  2935.833 -0.413782 -0.690336 0.611
  7047  2936.250 -0.548363 -1.147741 0.556
  7048  2936.667 -0.604274 +0.960216 0.556
  7049  2937.083 -0.264324 +0.174689 0.556
  7050  2937.500 -0.207920 -0.946943 0.611
  7051  2937.917 +0.743828 +0.798562 0.556
  7052  2938.333 +0.088182 +0.040764 0.611
  7053  2938.750 -0.789294 +0.040060 0.722
  7054  2939.167 +0.763559 -0.378115 0.500
  7055  2939.583 -0.021482 +1.270344 0.611
  7056  2940.000 +0.221908 -0.257909 0.722
  7057  2940.417 +0.170362 -0.391121 0.500
  7058  2940.833 +0.055064 -0.492946 0.611
  7059  2941.250 -0.959375 -0.446877 0.667
  7060  2941.667 +0.857734 -0.750406 0.556
  7061  2942.083 -0.123269 +0.820130 0.611
  7062  2942.500 -0.930805 +0.954132 0.667
  7063  2942.917 +0.400735 +0.975087 0.556
  7064  2943.333 +0.082299 -1.062809 0.500
  7065  2943.750 -1.149934 -0.688588 0.556
  7066  2944.167 +0.458279 +0.054473 0.611
  7067  2944.583 +0.702992 +0.699500 0.556
  7068  2945.000 +0.554579 +0.823060 0.611
  7069  2945.417 +1.264392 -0.901015 0.722
  7070  2945.833 -0.990041 +0.071084 0.500
  7071  2946.250 -0.491262 -1.777787 0.556
  7072  2946.667 -0.072675 +0.267033 0.611
  7073  2947.083 -0.179235 +1.119597 0.611
  7074  2947.500 -1.160218 +0.294034 0.611
  7075  2947.917 +0.968127 +0.471787 0.556
  7076  2948.333 -0.478471 -0.353060 0.611
  7077  2948.750 +0.980812 -0.604025 0.556
  7078  2949.167 -0.172650 -0.131190 0.556
  7079  2949.583 +0.073894 +1.309933 0.611
  7080  2950.000 -0.140321 -1.712076 0.500
  7081  2950.417 -0.578176 +0.939666 0.667
  7082  2950.833 +0.875281 +0.248436 0.611
  7083  2951.250 +0.107188 -0.172067 0.500
  7084  2951.667 +0.247798 -0.131016 0.722
  7085  2952.083 -0.490090 +0.330746 0.556
  7086  2952.500 +0.639758 -1.106504 0.556
  7087  2952.917 -1.037682 +0.083455 0.833
  7088  2953.333 -0.698475 -0.189010 0.611
  7089  2953.750 -0.417724 +0.637745 0.500
  7090  2954.167 +1.275734 +1.063889 0.778
  7091  2954.583 +0.310534 -0.944224 0.556
  7092  2955.000 -0.563529 -0.559121 0.556
  7093  2955.417 +0.507312 +1.464583 0.778
  7094  2955.833 -0.126807 +0.477472 0.611
  7095  2956.250 -0.438841 -1.063460 0.556
  7096  2956.667 +0.864792 -0.622746 0.667
  7097  2957.083 -1.077891 +0.039564 0.611
  7098  2957.500 +0.790408 -0.457379 0.611
  7099  2957.917 +0.930153 -0.678398 0.556
  7100  2958.333 +0.109347 +1.090644 0.611
  7101  2958.750 -0.782960 +0.537554 0.556
  7102  2959.167 -0.924910 +0.600196 0.556
  7103  2959.583 -0.905667 -0.145485 0.722
  7104  2960.000 +0.104319 -1.104070 0.611
  7105  2960.417 +1.454679 +0.166860 0.500
  7106  2960.833 -0.348773 +1.237033 0.722
  7107  2961.250 -0.204602 +0.491548 0.611
  7108  2961.667 +0.432266 -1.589919 0.556
  7109  2962.083 +0.015840 -0.912753 0.722
  7110  2962.500 -0.471124 +0.045391 0.667
  7111  2962.917 +1.660943 +1.033645 0.556
  7112  2963.333 -0.653709 +0.923599 0.611
  7113  2963.750 -0.128479 -0.612504 0.611
  7114  2964.167 +0.040043 -0.905621 0.556
  7115  2964.583 -0.796773 +0.850415 0.500
  7116  2965.000 -0.680456 -0.916677 0.500
  7117  2965.417 +0.402151 +0.253739 0.611
  7118  2965.833 +0.118325 -0.131560 0.556
  7119  2966.250 +0.911172 +0.911837 0.500
  7120  2966.667 -0.054270 +1.013513 0.611
  7121  2967.083 -1.095565 -1.230666 0.611
  7122  2967.500 +0.049968 -0.290170 0.500
  7123  2967.917 +0.030390 -0.015578 0.611
  7124  2968.333 +0.131525 +0.167514 0.556
  7125  2968.750 +1.643685 -0.414933 0.556
  7126  2969.167 -0.440037 -0.225409 0.556
  7127  2969.583 -0.392835 +0.832913 0.556
  7128  2970.000 -0.627840 +0.430400 0.500
  7129  2970.417 +0.455346 -0.474279 0.611
  7130  2970.833 -0.326502 -0.028834 0.500
  7131  2971.250 +0.121392 -0.037330 0.500
  7132  2971.667 +0.242399 -0.659471 0.667
  7133  2972.083 +0.382906 -0.319977 0.556
  7134  2972.500 -0.606894 -0.179942 0.556
  7135  2972.917 -0.071327 +1.306253 0.667
  7136  2973.333 -0.659914 +0.441436 0.611
  7137  2973.750 -0.268144 -0.140158 0.611
  7138  2974.167 -0.125619 -0.304483 0.556
  7139  2974.583 +0.317027 +0.510975 0.556
  7140  2975.000 +1.122657 +0.201445 0.500
  7141  2975.417 +0.199461 -1.269693 0.556
  7142  2975.833 +0.597579 -0.325858 0.500
  7143  2976.250 +0.773136 +0.395303 0.556
  7144  2976.667 -0.525642 -0.775525 0.556
  7145  2977.083 -1.638462 +0.598671 0.500
  7146  2977.500 -0.252416 +0.068005 0.556
  7147  2977.917 -0.514390 +1.255063 0.611
  7148  2978.333 +0.395310 -0.354081 0.556
  7149  2978.750 +0.208336 -1.035189 0.500
  7150  2979.167 -0.642303 +0.338755 0.667
  7151  2979.583 +0.880663 +0.340789 0.500
  7152  2980.000 +0.088955 +0.502072 0.500
  7153  2980.417 +1.059409 -0.690686 0.722
  7154  2980.833 -0.806142 -0.683719 0.500
  7155  2981.250 +0.516264 +0.664159 0.500
  7156  2981.667 -0.520396 -0.085675 0.667
  7157  2982.083 -0.720126 +0.806535 0.500
  7158  2982.500 +0.628937 -0.963842 0.556
  7159  2982.917 +1.252411 +0.200152 0.611
  7160  2983.333 -0.476915 -0.289242 0.500
  7161  2983.750 -0.579263 -0.874218 0.556
  7162  2984.167 -0.576399 +0.967228 0.556
  7163  2984.583 -0.849319 +0.783590 0.500
  7164  2985.000 -0.017223 +0.616524 0.500
  7165  2985.417 +0.597999 -0.980102 0.556
  7166  2985.833 +1.101601 +0.632996 0.500
  7167  2986.250 -0.263478 -0.407382 0.556
  7168  2986.667 -0.365000 -0.244971 0.611
  7169  2987.083 +0.503552 -0.607831 0.556
  7170  2987.500 -0.837970 -0.165341 0.556
  7171  2987.917 +1.090749 -0.624317 0.667
  7172  2988.333 +0.330011 -0.233540 0.611
  7173  2988.750 -1.011510 +1.484647 0.500
  7174  2989.167 -0.964544 +0.235952 0.722
  7175  2989.583 +0.751979 +0.373188 0.556
  7176  2990.000 +1.278210 +0.558674 0.500
  7177  2990.417 -0.025062 -0.095399 0.667
  7178  2990.833 -0.697930 -0.904245 0.500
  7179  2991.250 -0.713306 +0.237585 0.500
  7180  2991.667 -0.064727 -1.386135 0.556
  7181  2992.083 -0.084351 +0.953742 0.556
  7182  2992.500 +0.109598 +0.144208 0.556
  7183  2992.917 -0.138060 -0.313129 0.556
  7184  2993.333 +0.924914 -0.196598 0.500
  7185  2993.750 +0.523589 -0.649989 0.556
  7186  2994.167 -0.920296 +0.547564 0.556
  7187  2994.583 -0.717775 +0.085032 0.556
  7188  2995.000 +0.430731 +0.370080 0.500
  7189  2995.417 +0.839474 +0.205186 0.500
  7190  2995.833 +0.847419 +0.494866 0.500
  7191  2996.250 -0.239097 +0.306087 0.556
  7192  2996.667 -1.109861 -0.675121 0.556
  7193  2997.083 -0.812260 +0.024115 0.556
  7194  2997.500 +0.570278 +0.464290 0.500
  7195  2997.917 +0.030452 -0.870239 0.556
  7196  2998.333 +0.367149 -0.728508 0.500
  7197  2998.750 -0.527286 +0.381724 0.500
  7198  2999.167 +0.437425 +0.271557 0.667
  7199  2999.583 +0.049353 -0.631245 0.556
  7200  3000.000 +0.234734 +0.739690 0.500
  7201  3000.417 +0.051583 -1.141490 0.667
  7202  3000.833 +0.831596 +0.930136 0.556
  7203  3001.250 -1.728046 +0.820288 0.500
  7204  3001.667 -0.061202 +0.810886 0.611
  7205  3002.083 +0.252435 -0.432390 0.556
  7206  3002.500 -0.958784 -0.111053 0.556
  7207  3002.917 +0.867912 -1.012046 0.611
  7208  3003.333 +0.549439 -0.979781 0.667
  7209  3003.750 +0.427179 -0.254831 0.667
  7210  3004.167 -0.375600 +1.084772 0.500
  7211  3004.583 +0.247565 +0.464265 0.611
  7212  3005.000 +0.562705 -0.216032 0.556
  7213  3005.417 +0.034493 +1.108052 0.500
  7214  3005.833 -0.383490 -1.369907 0.667
  7215  3006.250 -0.793231 +0.288291 0.611
  7216  3006.667 -0.486238 +0.588997 0.667
  7217  3007.083 -0.311478 +0.454012 0.611
  7218  3007.500 +0.579360 -1.215702 0.667
  7219  3007.917 +0.234074 -1.215050 0.722
  7220  3008.333 -0.304009 +1.254306 0.556
  7221  3008.750 +0.099143 +1.566908 0.611
  7222  3009.167 +0.996174 -0.521166 0.611
  7223  3009.583 -0.281062 -0.931198 0.556
  7224  3010.000 -0.725537 -0.368594 0.556
  7225  3010.417 +0.419824 -1.080825 0.556
  7226  3010.833 -0.683900 +1.206785 0.500
  7227  3011.250 +0.696967 +0.177145 0.500
  7228  3011.667 +0.491519 -0.028041 0.556
  7229  3012.083 -0.576651 +0.865817 0.500
  7230  3012.500 +0.711672 -0.608522 0.500
  7231  3012.917 -0.300488 +1.089886 0.611
  7232  3013.333 -0.074637 +0.321579 0.556
  7233  3013.750 -0.505081 -1.473157 0.556
  7234  3014.167 -0.958318 -1.369409 0.722
  7235  3014.583 +0.867593 +0.300819 0.556
  7236  3015.000 +0.144204 -0.424581 0.556
  7237  3015.417 -0.479845 +0.818908 0.722
  7238  3015.833 +0.533726 +1.281195 0.556
  7239  3016.250 +0.618627 +0.540773 0.556
  7240  3016.667 -0.202601 -0.161175 0.667
  7241  3017.083 +0.178408 -0.009514 0.500
  7242  3017.500 +0.134437 -1.459392 0.500
  7243  3017.917 -1.254428 -0.013984 0.556
  7244  3018.333 -0.352917 +1.308964 0.500
  7245  3018.750 +0.083366 -1.160763 0.556
  7246  3019.167 +0.631485 +0.159297 0.556
  7247  3019.583 +0.698965 -0.749955 0.500
  7248  3020.000 -0.307450 -0.018093 0.611
  7249  3020.417 +0.616520 +1.370467 0.611
  7250  3020.833 -0.131186 -0.105865 0.500
  7251  3021.250 +0.328723 +0.365287 0.611
  7252  3021.667 -1.081782 -0.644420 0.611
  7253  3022.083 -1.029591 -0.587257 0.556
  7254  3022.500 +0.039758 -0.146523 0.611
  7255  3022.917 +0.547797 +1.301397 0.611
  7256  3023.333 +0.162779 -0.776498 0.611
  7257  3023.750 +0.175270 -0.199437 0.611
  7258  3024.167 +1.229691 +1.505601 0.667
  7259  3024.583 -0.302349 -0.868323 0.500
  7260  3025.000 -0.964545 -0.081674 0.500
  7261  3025.417 +0.575746 +0.348241 0.556
  7262  3025.833 +0.108960 -1.189193 0.556
  7263  3026.250 -1.064322 -0.186460 0.556
  7264  3026.667 +0.188425 +1.393657 0.556
  7265  3027.083 +1.007568 +0.171573 0.556
  7266  3027.500 -0.954654 -0.195848 0.611
  7267  3027.917 -0.147773 -1.442002 0.556
  7268  3028.333 -0.863681 +0.006089 0.611
  7269  3028.750 +1.559547 -0.301272 0.722
  7270  3029.167 +0.426558 +0.459539 0.667
  7271  3029.583 +0.074686 +1.386606 0.500
  7272  3030.000 -0.613503 +0.324049 0.611
  7273  3030.417 +0.061476 -0.360299 0.556
  7274  3030.833 +0.868404 +0.659082 0.556
  7275  3031.250 +0.155670 -0.293102 0.667
  7276  3031.667 -1.490522 -0.993172 0.500
  7277  3032.083 -1.132763 -0.281970 0.667
  7278  3032.500 -0.130959 -0.195788 0.778
  7279  3032.917 +1.145947 -0.864813 0.611
  7280  3033.333 +0.728259 +0.520513 0.611
  7281  3033.750 -0.022654 +0.344598 0.722
  7282  3034.167 +0.071791 +0.392433 0.611
  7283  3034.583 -0.882324 +0.502423 0.611
  7284  3035.000 +1.425420 +0.407527 0.667
  7285  3035.417 -0.211001 -0.713036 0.611
  7286  3035.833 +0.321473 +0.108437 0.611
  7287  3036.250 -0.849894 +0.793741 0.611
  7288  3036.667 +0.241876 -0.368816 0.611
  7289  3037.083 -0.205388 -0.235395 0.611
  7290  3037.500 -1.235828 -0.351041 0.667
  7291  3037.917 +0.483910 -0.000693 0.667
  7292  3038.333 -0.201279 -1.508421 0.556
  7293  3038.750 -0.494693 -0.193124 0.667
  7294  3039.167 +0.495842 +1.527406 0.722
  7295  3039.583 +0.985183 -0.299224 0.500
  7296  3040.000 +0.725518 +0.217076 0.611
  7297  3040.417 +0.080187 +1.571825 0.667
  7298  3040.833 +0.606077 +0.030011 0.500
  7299  3041.250 -0.829386 -0.510619 0.556
  7300  3041.667 -0.660593 -0.804057 0.611
  7301  3042.083 -0.204240 -0.413385 0.500
  7302  3042.500 -0.171743 +0.617839 0.556
  7303  3042.917 -1.462094 -0.389309 0.667
  7304  3043.333 +0.702469 -1.099014 0.611
  7305  3043.750 +0.837852 +0.588087 0.556
  7306  3044.167 +0.480260 +0.644679 0.556
  7307  3044.583 -0.004887 -0.772284 0.556
  7308  3045.000 +0.528033 +0.550371 0.556
  7309  3045.417 -0.657258 +0.754827 0.556
  7310  3045.833 -0.452762 -0.568379 0.611
  7311  3046.250 +0.655561 +0.419892 0.556
  7312  3046.667 -0.734829 +0.986420 0.556
  7313  3047.083 +0.838293 +0.278275 0.722
  7314  3047.500 -0.637865 -1.171847 0.611
  7315  3047.917 -0.540795 -1.237801 0.556
  7316  3048.333 -0.264561 -0.627964 0.722
  7317  3048.750 +1.617810 +0.311704 0.611
  7318  3049.167 +0.195253 -0.154365 0.556
  7319  3049.583 +0.368624 +1.249553 0.667
  7320  3050.000 -0.592586 +0.326110 0.611
  7321  3050.417 -0.879356 +0.562614 0.500
  7322  3050.833 -0.645564 +0.132422 0.611
  7323  3051.250 +0.027796 -1.561629 0.611
  7324  3051.667 +0.267393 +0.460651 0.556
  7325  3052.083 +0.763799 +1.152097 0.500
  7326  3052.500 -0.740945 -1.038433 0.556
  7327  3052.917 +0.467915 +0.386365 0.556
  7328  3053.333 +0.640057 -1.509112 0.556
  7329  3053.750 -0.186573 -0.244342 0.556
  7330  3054.167 +0.153175 +1.545983 0.556
  7331  3054.583 +0.156845 -0.748412 0.556
  7332  3055.000 -0.166667 +1.396794 0.556
  7333  3055.417 +0.359923 -0.262620 0.611
  7334  3055.833 -0.981629 -1.133716 0.556
  7335  3056.250 -0.876209 +0.538750 0.500
  7336  3056.667 -0.684156 +0.225306 0.611
  7337  3057.083 +0.763805 +0.090745 0.500
  7338  3057.500 +0.872100 -1.101039 0.500
  7339  3057.917 +0.809698 +0.143041 0.667
  7340  3058.333 +0.831339 +1.304952 0.556
  7341  3058.750 -1.255437 +0.391396 0.611
  7342  3059.167 -1.027544 -1.093013 0.556
  7343  3059.583 +0.370715 -0.202878 0.611
  7344  3060.000 +1.077642 +0.328218 0.500
  7345  3060.417 -0.792503 +0.117018 0.556
  7346  3060.833 +0.537828 -0.423563 0.667
  7347  3061.250 -0.057458 -0.365095 0.556
  7348  3061.667 -1.515464 -0.383209 0.556
  7349  3062.083 -0.020886 +0.573357 0.611
  7350  3062.500 +0.447479 +0.538307 0.500
  7351  3062.917 +0.231885 +0.142430 0.556
  7352  3063.333 +0.724955 -0.176256 0.667
  7353  3063.750 +0.583081 +0.050085 0.611
  7354  3064.167 -0.650287 -0.155106 0.500
  7355  3064.583 +0.189809 +0.339932 0.667
  7356  3065.000 +0.051773 +0.149009 0.611
  7357  3065.417 -0.091714 +0.071488 0.556
  7358  3065.833 +0.385620 -1.076440 0.778
  7359  3066.250 -1.332009 +0.786748 0.667
  7360  3066.667 +0.262473 -0.127985 0.500
  7361  3067.083 -0.640020 -0.473938 0.722
  7362  3067.500 +0.210973 +0.334588 0.611
  7363  3067.917 +0.016779 -0.175977 0.556
  7364  3068.333 +0.712655 -0.404960 0.611
  7365  3068.750 -0.462841 -0.058197 0.556
  7366  3069.167 +1.015635 -0.509424 0.611
  7367  3069.583 -0.151745 +0.943538 0.556
  7368  3070.000 +0.304655 +0.320300 0.556
  7369  3070.417 -0.850840 +0.707541 0.667
  7370  3070.833 +0.455501 +0.580293 0.556
  7371  3071.250 +0.171148 -0.059505 0.500
  7372  3071.667 +0.092496 -1.585278 0.556
  7373  3072.083 -0.561908 -0.829299 0.667
  7374  3072.500 +0.405084 +1.064590 0.556
  7375  3072.917 -1.201985 -0.522387 0.611
  7376  3073.333 -0.471347 +0.278746 0.556
  7377  3073.750 +0.391828 -0.662428 0.556
  7378  3074.167 -0.392528 +0.556361 0.556
  7379  3074.583 +1.033001 +0.638162 0.556
  7380  3075.000 +0.679384 -0.086571 0.556
  7381  3075.417 +0.836575 +0.574555 0.556
  7382  3075.833 +0.382718 +0.210167 0.556
  7383  3076.250 -0.857625 -0.556792 0.556
  7384  3076.667 -0.772124 -0.596538 0.500
  7385  3077.083 -0.634223 -0.432479 0.556
  7386  3077.500 -0.692567 -0.661039 0.556
  7387  3077.917 +0.260874 +0.656658 0.500
  7388  3078.333 +0.626706 +0.710199 0.556
  7389  3078.750 +0.066311 +0.130154 0.611
  7390  3079.167 +0.366511 +0.016845 0.500
  7391  3079.583 +0.257172 -0.503955 0.667
  7392  3080.000 +0.073418 +0.691218 0.667
  7393  3080.417 -0.001780 +0.485705 0.556
  7394  3080.833 +1.019739 -0.405921 0.667
  7395  3081.250 -1.265586 -0.594199 0.667
  7396  3081.667 -0.488438 -0.623386 0.556
  7397  3082.083 +0.703380 -0.654433 0.722
  7398  3082.500 -0.429047 +1.115146 0.778
  7399  3082.917 -0.424986 +0.727448 0.722
  7400  3083.333 -0.675310 -0.533935 0.611
  7401  3083.750 +0.373925 -0.104059 0.722
  7402  3084.167 +0.232529 -0.120746 0.667
  7403  3084.583 +0.511667 +0.705720 0.667
  7404  3085.000 +1.513033 -0.319824 0.722
  7405  3085.417 -0.731583 +0.740665 0.667
  7406  3085.833 -0.368026 -0.936720 0.611
  7407  3086.250 -0.238856 +0.906917 0.667
  7408  3086.667 -0.763959 -0.868998 0.611
  7409  3087.083 +0.499268 -0.644414 0.556
  7410  3087.500 -0.354453 +0.251722 0.611
  7411  3087.917 +0.443420 -0.969727 0.556
  7412  3088.333 -0.138920 +0.607941 0.500
  7413  3088.750 +0.924686 +0.804676 0.500
  7414  3089.167 -1.202332 +0.491241 0.500
  7415  3089.583 +0.592810 +0.501832 0.556
  7416  3090.000 -0.029941 +0.693148 0.556
  7417  3090.417 +0.352216 -1.431223 0.611
  7418  3090.833 -0.042554 -0.547999 0.556
  7419  3091.250 -0.626422 -0.487858 0.500
  7420  3091.667 +0.179305 +0.647499 0.611
  7421  3092.083 -0.129355 -0.035029 0.667
  7422  3092.500 -0.236767 -0.833286 0.500
  7423  3092.917 -0.088016 +0.769512 0.667
  7424  3093.333 -0.552317 +1.329195 0.667
  7425  3093.750 +1.118075 -1.081944 0.500
  7426  3094.167 +1.022621 -0.538503 0.722
  7427  3094.583 -0.691637 +0.317700 0.611
  7428  3095.000 -0.067531 +0.112718 0.500
  7429  3095.417 +0.304596 +0.049683 0.722
  7430  3095.833 +0.248977 +0.192391 0.556
  7431  3096.250 -0.614700 -0.195134 0.500
  7432  3096.667 -1.264621 +0.840957 0.667
  7433  3097.083 -0.267796 -0.724984 0.500
  7434  3097.500 +1.349641 -0.449349 0.556
  7435  3097.917 -0.336124 +0.324610 0.667
  7436  3098.333 -0.211589 +0.232560 0.556
  7437  3098.750 -0.417444 +0.241196 0.556
  7438  3099.167 +1.200324 +0.005437 0.667
  7439  3099.583 +0.736469 -0.183172 0.556
  7440  3100.000 -0.610100 -1.391899 0.556
  7441  3100.417 +0.528243 -0.266476 0.611
  7442  3100.833 -0.235114 +0.937197 0.556
  7443  3101.250 -1.323461 +0.515636 0.556
  7444  3101.667 -0.600030 +0.367132 0.500
  7445  3102.083 +0.313905 +0.084418 0.500
  7446  3102.500 +0.635939 +1.159041 0.611
  7447  3102.917 +1.009672 -1.123685 0.500
  7448  3103.333 +0.363191 -1.023260 0.500
  7449  3103.750 -0.411277 +0.587321 0.556
  7450  3104.167 -1.188706 -1.091172 0.556
  7451  3104.583 -0.251298 -0.463346 0.611
  7452  3105.000 +0.636836 +0.705560 0.556
  7453  3105.417 +0.411530 +0.884273 0.611
  7454  3105.833 -0.111189 +0.685558 0.667
  7455  3106.250 -1.025261 +0.961838 0.611
  7456  3106.667 +0.447422 -0.506749 0.667
  7457  3107.083 +0.134239 -1.541287 0.667
  7458  3107.500 +0.073388 -0.325170 0.722
  7459  3107.917 +0.281404 -0.277314 0.611
  7460  3108.333 +0.794719 +0.149285 0.611
  7461  3108.750 -1.470077 +0.499052 0.722
  7462  3109.167 +0.490817 -0.725021 0.556
  7463  3109.583 +1.106332 +0.550062 0.556
  7464  3110.000 -0.340282 +0.566716 0.611
  7465  3110.417 -0.204760 +0.307381 0.611
  7466  3110.833 -0.749899 +0.388930 0.611
  7467  3111.250 -0.963424 -0.875328 0.667
  7468  3111.667 +0.555653 +0.183303 0.500
  7469  3112.083 +0.680882 +0.711598 0.556
  7470  3112.500 -0.765116 -0.646612 0.611
  7471  3112.917 +0.905618 -0.053289 0.500
  7472  3113.333 +0.609060 -0.708363 0.611
  7473  3113.750 -0.803805 -0.554369 0.611
  7474  3114.167 +0.028343 +0.662658 0.556
  7475  3114.583 -0.374492 +0.458270 0.722
  7476  3115.000 +0.694220 +0.052724 0.556
  7477  3115.417 -0.284933 +0.399799 0.500
  7478  3115.833 +0.170906 -0.177219 0.722
  7479  3116.250 +0.713732 -1.463884 0.667
  7480  3116.667 -0.422633 +0.687455 0.556
  7481  3117.083 -1.231986 +1.056113 0.722
  7482  3117.500 -0.349791 -1.096403 0.667
  7483  3117.917 +0.875067 +0.285587 0.556
  7484  3118.333 -0.597707 -0.135283 0.778
  7485  3118.750 +0.622609 +1.253075 0.667
  7486  3119.167 +0.968019 +0.112166 0.556
  7487  3119.583 +0.615082 -0.748665 0.722
  7488  3120.000 -1.030897 -0.851427 0.667
  7489  3120.417 -0.114243 +0.700715 0.556
  7490  3120.833 -0.423270 -0.103102 0.611
  7491  3121.250 -0.994159 -1.191909 0.667
  7492  3121.667 +0.031111 +1.124935 0.611
  7493  3122.083 +0.610169 +0.356396 0.500
  7494  3122.500 +0.027483 -0.618161 0.556
  7495  3122.917 +1.268015 +0.569497 0.611
  7496  3123.333 +0.975394 -0.134020 0.556
  7497  3123.750 -0.976055 -0.531289 0.556
  7498  3124.167 +0.054586 +0.465163 0.556
  7499  3124.583 -0.687638 -0.071808 0.556
  7500  3125.000 -1.783667 +0.062249 0.500
  7501  3125.417 -0.073172 -0.808399 0.556
  7502  3125.833 +1.372368 +0.035696 0.556
  7503  3126.250 +0.773092 +1.003570 0.556
  7504  3126.667 -1.056476 +0.309238 0.611
  7505  3127.083 +1.132405 -0.010366 0.556
  7506  3127.500 +0.223656 -1.033459 0.500
  7507  3127.917 -0.839050 +0.751232 0.611
  7508  3128.333 +1.212827 +0.725275 0.556
  7509  3128.750 -0.993511 -0.917925 0.500
  7510  3129.167 +0.585939 -0.918113 0.556
  7511  3129.583 -0.292400 -0.750477 0.611
  7512  3130.000 -0.907439 +1.154707 0.500
  7513  3130.417 -0.767728 +0.535442 0.556
  7514  3130.833 +0.883585 -0.150726 0.667
  7515  3131.250 +0.108347 -0.203335 0.556
  7516  3131.667 -0.254869 +0.154694 0.500
  7517  3132.083 +0.248031 +0.858082 0.611
  7518  3132.500 -0.434991 -1.383949 0.556
  7519  3132.917 +0.575492 +0.685453 0.556
  7520  3133.333 +0.656083 -0.205589 0.611
  7521  3133.750 +0.575602 +0.110146 0.611
  7522  3134.167 -0.137535 +1.667319 0.667
  7523  3134.583 -0.302957 -1.089522 0.611
  7524  3135.000 -0.324412 -1.254094 0.611
  7525  3135.417 -0.156338 -1.199814 0.722
  7526  3135.833 -0.964659 +0.306662 0.556
  7527  3136.250 -0.048946 +1.711820 0.611
  7528  3136.667 +0.980654 +0.693676 0.667
  7529  3137.083 +0.215438 -1.157985 0.556
  7530  3137.500 -1.259360 +0.751333 0.667
  7531  3137.917 +0.427775 +0.126169 0.611
  7532  3138.333 +0.756660 -0.239899 0.556
  7533  3138.750 +0.532768 -0.781402 0.667
  7534  3139.167 -1.062949 -0.698693 0.611
  7535  3139.583 +0.676944 +1.153930 0.556
  7536  3140.000 -0.071158 +0.246459 0.667
  7537  3140.417 -0.352408 +0.429396 0.611
  7538  3140.833 -0.788035 -0.173334 0.556
  7539  3141.250 -0.754420 -0.842733 0.667
  7540  3141.667 +1.217998 +0.451891 0.500
  7541  3142.083 +1.040805 -0.192919 0.556
  7542  3142.500 +0.406079 -1.240119 0.667
  7543  3142.917 +0.182458 +0.530027 0.556
  7544  3143.333 -0.142475 +0.816729 0.500
  7545  3143.750 -1.025339 +0.569828 0.667
  7546  3144.167 +0.013567 -0.716521 0.556
  7547  3144.583 -0.829922 -0.159748 0.611
  7548  3145.000 +0.049013 +0.816580 0.556
  7549  3145.417 -0.078082 +0.502975 0.667
  7550  3145.833 -0.354370 -1.603048 0.500
  7551  3146.250 +0.119529 -0.338358 0.611
  7552  3146.667 +1.007764 +0.501133 0.611
  7553  3147.083 +1.185734 -0.143843 0.556
  7554  3147.500 -0.914707 +0.874018 0.556
  7555  3147.917 -0.838748 +0.623995 0.667
  7556  3148.333 +0.922863 +0.321816 0.500
  7557  3148.750 -0.058937 -1.806108 0.556
  7558  3149.167 -0.336454 +0.596951 0.611
  7559  3149.583 +0.263062 -0.987544 0.556
  7560  3150.000 -0.091403 -0.415744 0.500
  7561  3150.417 +0.599007 +1.044498 0.611
  7562  3150.833 -0.442152 -0.351455 0.667
  7563  3151.250 -0.935843 +0.566339 0.556
  7564  3151.667 +0.522876 -0.183688 0.556
  7565  3152.083 +0.037832 +1.496173 0.667
  7566  3152.500 -1.031280 +0.239154 0.556
  7567  3152.917 +0.621113 -0.936901 0.556
  7568  3153.333 +0.723740 -1.044787 0.667
  7569  3153.750 -0.216009 +0.185906 0.611
  7570  3154.167 +0.175608 +0.187687 0.556
  7571  3154.583 +0.006966 -1.119264 0.667
  7572  3155.000 -0.176418 +0.267196 0.611
  7573  3155.417 +0.567958 +1.408543 0.611
  7574  3155.833 -0.526315 -0.186651 0.722
  7575  3156.250 -0.120485 +0.416577 0.667
  7576  3156.667 -1.021372 -1.270843 0.556
  7577  3157.083 +0.214145 +1.009817 0.611
  7578  3157.500 +1.032705 -0.307556 0.667
  7579  3157.917 +0.855494 -0.136502 0.556
  7580  3158.333 -1.304332 -0.035025 0.500
  7581  3158.750 +0.117114 -0.778240 0.556
  7582  3159.167 +0.333643 +0.944660 0.611
  7583  3159.583 -0.022017 -0.463458 0.556
  7584  3160.000 +0.060006 +0.030461 0.556
  7585  3160.417 -0.949884 -0.382210 0.556
  7586  3160.833 +0.106459 +0.960055 0.500
  7587  3161.250 +1.244832 +0.935049 0.500
  7588  3161.667 -0.489538 +0.135073 0.611
  7589  3162.083 -0.276907 -0.587018 0.500
  7590  3162.500 +0.642751 -0.954047 0.500
  7591  3162.917 -0.881963 -0.148937 0.611
  7592  3163.333 -0.023653 -0.809348 0.556
  7593  3163.750 +0.868812 +0.034385 0.556
  7594  3164.167 -0.687761 +0.222428 0.667
  7595  3164.583 -1.094860 +0.964325 0.500
  7596  3165.000 +1.019489 +0.237302 0.556
  7597  3165.417 +0.441824 -0.043181 0.667
  7598  3165.833 -0.519378 +0.977964 0.611
  7599  3166.250 +0.917466 -1.403775 0.556
  7600  3166.667 -0.174020 +0.243509 0.556
  7601  3167.083 -0.080816 +0.702947 0.500
  7602  3167.500 +0.476495 -1.455532 0.556
  7603  3167.917 -0.082643 +0.238271 0.556
  7604  3168.333 -1.220535 +0.024438 0.556
  7605  3168.750 +0.303896 -0.417143 0.556
  7606  3169.167 -0.275303 +1.023635 0.556
  7607  3169.583 +0.438187 -0.461714 0.556
  7608  3170.000 -0.708537 +1.026882 0.556
  7609  3170.417 +1.106652 +0.497062 0.500
  7610  3170.833 -0.335176 -0.933446 0.556
  7611  3171.250 -1.271971 -0.210743 0.556
  7612  3171.667 +0.706517 -0.527605 0.556
  7613  3172.083 +0.150855 -0.461502 0.556
  7614  3172.500 +0.805990 +0.289137 0.611
  7615  3172.917 +0.926951 +0.319125 0.667
  7616  3173.333 -0.173229 -0.736951 0.722
  7617  3173.750 -0.963554 +1.318817 0.556
  7618  3174.167 +0.135213 +0.625764 0.500
  7619  3174.583 -0.555057 -0.632224 0.611
  7620  3175.000 -0.000907 +0.780258 0.500
  7621  3175.417 -0.216537 -0.504240 0.500
  7622  3175.833 -0.699252 -1.571106 0.611
  7623  3176.250 +0.534680 -0.409070 0.500
  7624  3176.667 +0.757500 +0.705409 0.500
  7625  3177.083 +0.699377 +0.629794 0.611
  7626  3177.500 -0.218824 +0.656480 0.500
  7627  3177.917 -1.535226 +0.621251 0.556
  7628  3178.333 +0.589606 -0.786498 0.611
  7629  3178.750 +1.066278 -1.022065 0.500
  7630  3179.167 -0.701831 +0.088400 0.611
  7631  3179.583 -0.879975 -0.441055 0.611
  7632  3180.000 +0.577627 +1.363462 0.500
  7633  3180.417 +0.969850 +0.217053 0.611
  7634  3180.833 -0.175627 -1.079218 0.611
  7635  3181.250 -1.421304 +0.733568 0.556
  7636  3181.667 +0.697813 -0.146673 0.500
  7637  3182.083 +0.726698 -0.583232 0.667
  7638  3182.500 -0.363642 +1.018893 0.556
  7639  3182.917 +0.594334 -0.066012 0.556
  7640  3183.333 +0.028708 -0.364250 0.667
  7641  3183.750 -0.474876 -1.078941 0.556
  7642  3184.167 -0.998462 -0.074007 0.611
  7643  3184.583 -0.626103 +0.561259 0.722
  7644  3185.000 -0.124392 -0.302442 0.556
  7645  3185.417 +0.459015 +0.783878 0.667
  7646  3185.833 +0.608674 +0.409579 0.778
  7647  3186.250 +1.410100 +0.413627 0.500
  7648  3186.667 -0.688924 -0.422395 0.611
  7649  3187.083 +0.318865 -0.679721 0.778
  7650  3187.500 +0.270162 +0.184763 0.611
  7651  3187.917 -1.178119 +0.397340 0.500
  7652  3188.333 +0.428189 +0.152021 0.722
  7653  3188.750 +0.026414 +0.450493 0.667
  7654  3189.167 +0.032678 -0.923046 0.611
  7655  3189.583 -0.595264 -0.552529 0.611
  7656  3190.000 +0.787353 -0.880238 0.611
  7657  3190.417 -1.247089 +0.199187 0.611
  7658  3190.833 +1.129424 +0.048887 0.611
  7659  3191.250 -0.169101 +0.772917 0.667
  7660  3191.667 -1.558592 +0.425389 0.667
  7661  3192.083 +0.108791 +1.023984 0.500
  7662  3192.500 +0.524973 +0.366922 0.611
  7663  3192.917 +1.165882 -0.933395 0.611
  7664  3193.333 +0.200267 -0.384778 0.556
  7665  3193.750 -0.654570 -0.365916 0.556
  7666  3194.167 +0.633336 +0.486512 0.556
  7667  3194.583 +0.533633 -0.542061 0.611
  7668  3195.000 -0.149098 -0.943610 0.500
  7669  3195.417 -0.195620 +1.358988 0.556
  7670  3195.833 -0.287929 +0.292605 0.722
  7671  3196.250 -1.545495 -0.865589 0.667
  7672  3196.667 +0.370573 -0.532257 0.556
  7673  3197.083 +0.113135 +0.531346 0.611
  7674  3197.500 -0.927098 +0.710031 0.611
  7675  3197.917 +0.759101 -0.020808 0.556
  7676  3198.333 +0.751920 +0.136012 0.611
  7677  3198.750 -0.421093 -0.358717 0.611
  7678  3199.167 +0.840446 -0.732250 0.611
  7679  3199.583 -0.431904 +0.976188 0.611
  7680  3200.000 +1.075661 +0.383469 0.611
  7681  3200.417 -0.105269 +0.730565 0.611
  7682  3200.833 +0.315433 -0.906967 0.556
  7683  3201.250 -0.587563 -1.232895 0.556
  7684  3201.667 -0.670916 -0.940308 0.556
  7685  3202.083 -0.681625 +0.534008 0.556
  7686  3202.500 -0.991470 +0.913586 0.611
  7687  3202.917 +0.800837 -0.053488 0.611
  7688  3203.333 +0.776424 +0.651486 0.556
  7689  3203.750 -0.475327 +1.198569 0.500
  7690  3204.167 +0.571525 -0.388814 0.500
  7691  3204.583 -0.543492 -1.580135 0.500
  7692  3205.000 +0.917584 -0.649559 0.500
  7693  3205.417 +0.052492 +0.082583 0.500
  7694  3205.833 +0.954341 +0.423637 0.500
  7695  3206.250 +0.157720 +0.862151 0.500
  7696  3206.667 -1.166149 +0.009677 0.500
  7697  3207.083 -0.701270 +0.075489 0.556
  7698  3207.500 -0.762288 -0.017515 0.611
  7699  3207.917 -0.692892 +0.020569 0.611
  7700  3208.333 +0.860958 -1.163057 0.556
  7701  3208.750 +0.607468 -0.019760 0.556
  7702  3209.167 +1.257178 +1.335922 0.611
  7703  3209.583 -0.130924 -0.443039 0.556
  7704  3210.000 -0.904506 -0.131366 0.556
  7705  3210.417 +0.685936 -0.639501 0.667
  7706  3210.833 +0.161785 +0.810280 0.611
  7707  3211.250 -0.907542 -0.321140 0.500
  7708  3211.667 +0.614523 -0.723231 0.556
  7709  3212.083 -0.238073 +1.275165 0.611
  7710  3212.500 -0.887611 +0.631953 0.556
  7711  3212.917 -0.821575 -0.824746 0.611
  7712  3213.333 +0.692958 -0.554531 0.667
  7713  3213.750 +0.838705 +0.411011 0.500
  7714  3214.167 -0.611491 +0.212966 0.611
  7715  3214.583 +0.351482 -0.662476 0.611
  7716  3215.000 +0.872652 -0.288840 0.556
  7717  3215.417 +0.234785 +0.865301 0.556
  7718  3215.833 +0.205805 -0.046931 0.500
  7719  3216.250 -0.260463 -1.042033 0.556
  7720  3216.667 -0.553729 +0.616779 0.500
  7721  3217.083 -0.980060 +0.873895 0.611
  7722  3217.500 +0.405651 -0.844827 0.556
  7723  3217.917 -0.820439 +0.392700 0.500
  7724  3218.333 +0.537161 -0.002791 0.611
  7725  3218.750 +0.670660 +0.817679 0.611
  7726  3219.167 -0.596294 -0.116814 0.500
  7727  3219.583 +0.112224 -1.384501 0.667
  7728  3220.000 +1.124553 +0.756576 0.611
  7729  3220.417 +0.478480 -0.989966 0.500
  7730  3220.833 -1.463831 -0.214312 0.667
  7731  3221.250 +0.345776 +0.949172 0.611
  7732  3221.667 +0.303153 +0.546413 0.500
  7733  3222.083 -1.432558 -0.639741 0.556
  7734  3222.500 +0.072886 -0.651223 0.611
  7735  3222.917 +1.597380 +0.607215 0.556
  7736  3223.333 -0.326588 +0.387612 0.500
  7737  3223.750 -0.608975 +0.816414 0.667
  7738  3224.167 +0.793599 -0.915303 0.556
  7739  3224.583 -0.110405 +0.271128 0.556
  7740  3225.000 -0.706063 -0.206453 0.611
  7741  3225.417 +0.799595 -0.440718 0.556
  7742  3225.833 -0.109706 -0.539226 0.556
  7743  3226.250 -0.966502 +0.231954 0.500
  7744  3226.667 -0.855656 +0.526824 0.556
  7745  3227.083 +0.913806 +0.592039 0.556
  7746  3227.500 +0.432240 -0.561974 0.500
  7747  3227.917 -0.319016 +1.121099 0.556
  7748  3228.333 +1.358362 -0.903929 0.556
  7749  3228.750 -0.180324 -0.443959 0.556
  7750  3229.167 -0.471493 +0.355575 0.556
  7751  3229.583 -0.276716 -1.168135 0.556
  7752  3230.000 -0.188413 +0.443770 0.556
  7753  3230.417 -0.455296 +0.206584 0.556
  7754  3230.833 +1.416033 +0.092230 0.556
  7755  3231.250 -0.081390 +0.652710 0.556
  7756  3231.667 +0.013258 +0.883082 0.556
  7757  3232.083 -1.076135 -0.989637 0.611
  7758  3232.500 -0.911726 -0.062910 0.556
  7759  3232.917 +0.503562 -0.665356 0.556
  7760  3233.333 +0.878173 -0.290153 0.611
  7761  3233.750 -0.846097 +1.156368 0.611
  7762  3234.167 +0.548526 +0.467263 0.556
  7763  3234.583 +0.391267 -1.332228 0.611
  7764  3235.000 -0.565185 -0.223965 0.611
  7765  3235.417 +1.200294 +0.846893 0.611
  7766  3235.833 -0.472280 +0.969646 0.611
  7767  3236.250 +0.383116 +0.028883 0.556
  7768  3236.667 -0.951397 -1.320098 0.667
  7769  3237.083 +0.954091 -0.982021 0.556
  7770  3237.500 -0.941134 -0.568498 0.500
  7771  3237.917 +0.377036 +1.256294 0.667
  7772  3238.333 +0.736084 +0.756335 0.556
  7773  3238.750 -1.269528 +0.460907 0.611
  7774  3239.167 -0.885289 +0.181449 0.722
  7775  3239.583 +0.598112 -0.223671 0.500
  7776  3240.000 -1.063836 -0.502215 0.611
  7777  3240.417 +0.947585 -0.936152 0.778
  7778  3240.833 +0.979076 +0.152150 0.556
  7779  3241.250 +0.678064 +0.694720 0.556
  7780  3241.667 -0.494830 -0.289588 0.778
  7781  3242.083 +0.069432 +1.025296 0.611
  7782  3242.500 +0.636625 -0.264508 0.500
  7783  3242.917 -0.518254 -0.946483 0.667
  7784  3243.333 -0.467326 -0.832059 0.611
  7785  3243.750 -0.641936 +0.364844 0.500
  7786  3244.167 +0.502878 +1.206370 0.556
  7787  3244.583 -0.017951 +0.685603 0.611
  7788  3245.000 -0.642521 -0.932698 0.556
  7789  3245.417 -0.274674 +0.237197 0.556
  7790  3245.833 -0.095716 -0.119726 0.611
  7791  3246.250 +1.641058 -0.534673 0.611
  7792  3246.667 -0.195191 -0.217255 0.611
  7793  3247.083 -0.417837 -0.183653 0.667
  7794  3247.500 +0.281858 +0.476785 0.611
  7795  3247.917 +0.059192 +0.865156 0.611
  7796  3248.333 +0.720973 -0.788472 0.667
  7797  3248.750 -1.803621 +0.945953 0.556
  7798  3249.167 +0.185670 -0.463293 0.611
  7799  3249.583 +0.492191 -0.582822 0.611
  7800  3250.000 +0.423184 +0.560789 0.500
  7801  3250.417 -0.742206 -1.182720 0.556
  7802  3250.833 -0.201350 +0.590043 0.611
  7803  3251.250 +0.468784 +0.257839 0.556
  7804  3251.667 +0.107583 +0.374278 0.500
  7805  3252.083 -0.856576 -0.151436 0.611
  7806  3252.500 +0.950947 -0.222911 0.556
  7807  3252.917 +1.176616 -0.344796 0.556
  7808  3253.333 -0.010909 +0.848782 0.611
  7809  3253.750 -1.499521 -0.047819 0.500
  7810  3254.167 -0.035429 -1.123245 0.611
  7811  3254.583 +0.252894 +0.905639 0.611
  7812  3255.000 +0.530922 +0.046823 0.556
  7813  3255.417 -0.437339 -1.187222 0.556
  7814  3255.833 -0.307339 +0.742795 0.611
  7815  3256.250 -0.718316 -0.091670 0.611
  7816  3256.667 +1.039828 +0.821081 0.500
  7817  3257.083 -0.338826 +0.394431 0.611
  7818  3257.500 -0.658403 -0.988069 0.556
  7819  3257.917 +0.978333 -0.404761 0.500
  7820  3258.333 -0.784084 -0.092975 0.667
  7821  3258.750 +0.784122 +0.683033 0.500
  7822  3259.167 +0.668473 +0.664459 0.556
  7823  3259.583 +0.647891 -0.399897 0.667
  7824  3260.000 -0.392959 +0.021293 0.556
  7825  3260.417 -0.240308 -1.242002 0.500
  7826  3260.833 -1.208393 +0.686429 0.722
  7827  3261.250 -0.633347 -0.090040 0.556
  7828  3261.667 +0.621089 +0.030966 0.556
  7829  3262.083 +0.497780 +0.680771 0.667
  7830  3262.500 -0.316018 -0.833321 0.556
  7831  3262.917 -0.257128 -0.333656 0.611
  7832  3263.333 +0.515010 +0.263535 0.556
  7833  3263.750 -0.126640 +0.938734 0.556
  7834  3264.167 +0.082710 +0.559295 0.500
  7835  3264.583 +1.132889 -0.621572 0.556
  7836  3265.000 +0.123680 -0.758383 0.500
  7837  3265.417 -1.889479 -0.188086 0.500
  7838  3265.833 +0.470466 +0.563369 0.556
  7839  3266.250 +0.302077 -0.467785 0.556
  7840  3266.667 -0.746737 +0.539673 0.556
  7841  3267.083 +1.461375 +0.513491 0.556
  7842  3267.500 -0.721492 +0.507893 0.500
  7843  3267.917 -0.252414 -1.276120 0.556
  7844  3268.333 -0.042586 -0.380168 0.667
  7845  3268.750 +0.253081 +0.160194 0.611
  7846  3269.167 -0.086859 -1.094964 0.556
  7847  3269.583 +1.113641 +0.497645 0.667
  7848  3270.000 -0.944647 +1.338454 0.667
  7849  3270.417 -0.804654 +0.044380 0.556
  7850  3270.833 +0.144614 +0.008207 0.667
  7851  3271.250 -0.275098 +0.256839 0.667
  7852  3271.667 +0.919248 -0.200607 0.611
  7853  3272.083 -0.671537 -0.529805 0.667
  7854  3272.500 +0.928540 +0.652897 0.667
  7855  3272.917 +0.999397 -0.931023 0.667
  7856  3273.333 -0.918845 +0.530980 0.611
  7857  3273.750 +0.175482 -1.055231 0.611
  7858  3274.167 +0.164003 +0.172002 0.667
  7859  3274.583 -1.581947 +0.652258 0.611
  7860  3275.000 +0.489457 -0.234782 0.611
  7861  3275.417 +0.176050 -0.241726 0.556
  7862  3275.833 -0.008405 +0.844852 0.500
  7863  3276.250 -0.937533 -0.289418 0.556
  7864  3276.667 +0.674495 -0.163878 0.611
  7865  3277.083 +0.916959 -0.028257 0.556
  7866  3277.500 -0.100812 -0.550522 0.556
  7867  3277.917 +0.413331 +1.367494 0.556
  7868  3278.333 -0.342360 +0.851844 0.556
  7869  3278.750 -0.578455 -0.800048 0.556
  7870  3279.167 +0.294965 -1.358764 0.500
  7871  3279.583 -0.780398 -0.521269 0.556
  7872  3280.000 -0.105248 +0.032610 0.556
  7873  3280.417 +0.623594 +1.433107 0.611
  7874  3280.833 +0.947581 +0.358055 0.556
  7875  3281.250 -1.722912 -0.195731 0.611
  7876  3281.667 +0.279862 -0.614815 0.556
  7877  3282.083 +0.677320 +0.573111 0.611
  7878  3282.500 -0.413833 -0.729285 0.611
  7879  3282.917 +1.368987 +0.330441 0.556
  7880  3283.333 +0.733278 -0.636756 0.722
  7881  3283.750 -0.960724 -0.311194 0.500
  7882  3284.167 -0.708160 +0.977006 0.500
  7883  3284.583 -0.670182 -0.723948 0.722
  7884  3285.000 -0.982672 +0.643701 0.500
  7885  3285.417 +0.364472 +1.039875 0.500
  7886  3285.833 +1.162776 -0.888961 0.667
  7887  3286.250 -0.344824 -0.081391 0.556
  7888  3286.667 +1.383999 +0.352786 0.611
  7889  3287.083 -0.583919 -0.863821 0.722
  7890  3287.500 -1.017682 +0.077375 0.500
  7891  3287.917 +0.280595 +0.553146 0.611
  7892  3288.333 +1.021605 +0.644843 0.667
  7893  3288.750 -0.090798 -1.297381 0.556
  7894  3289.167 -0.827967 +0.431862 0.667
  7895  3289.583 -1.064273 +0.273887 0.667
  7896  3290.000 +1.083068 -0.258418 0.500
  7897  3290.417 +1.152580 -0.192219 0.611
  7898  3290.833 +0.059581 -1.198717 0.556
  7899  3291.250 -0.394341 +1.073271 0.500
  7900  3291.667 -0.382284 +0.258117 0.667
  7901  3292.083 -0.823358 +0.039114 0.556
  7902  3292.500 -0.220671 +0.580411 0.611
  7903  3292.917 -0.550766 +0.465756 0.611
  7904  3293.333 +0.988372 -0.874826 0.500
  7905  3293.750 +1.059532 -0.480209 0.611
  7906  3294.167 -0.077492 -0.071601 0.556
  7907  3294.583 -1.529464 -0.520524 0.611
  7908  3295.000 +0.103923 +0.473499 0.556
  7909  3295.417 +0.921913 +0.034166 0.611
  7910  3295.833 +0.930632 +1.701444 0.556
  7911  3296.250 +0.167106 +0.105046 0.722
  7912  3296.667 -1.200613 -1.016197 0.500
  7913  3297.083 -0.095861 -0.917290 0.556
  7914  3297.500 +0.215313 +0.162119 0.722
  7915  3297.917 -0.963176 -0.263991 0.556
  7916  3298.333 +0.705623 +0.933632 0.500
  7917  3298.750 +0.263343 +0.370987 0.667
  7918  3299.167 -0.509986 -1.912313 0.556
  7919  3299.583 -0.831995 +0.430728 0.500
  7920  3300.000 +1.023762 +0.314631 0.556
  7921  3300.417 +0.726075 +0.039819 0.556
  7922  3300.833 +0.242566 +1.279379 0.556
  7923  3301.250 -0.353699 -0.074984 0.556
  7924  3301.667 -0.506194 +0.435434 0.611
  7925  3302.083 -0.535475 -0.698066 0.667
  7926  3302.500 +0.878243 -1.166630 0.667
  7927  3302.917 +0.109085 -0.234078 0.556
  7928  3303.333 -0.722842 +1.054971 0.611
  7929  3303.750 +0.648341 +0.153967 0.556
  7930  3304.167 -0.686429 -1.227724 0.667
  7931  3304.583 -0.732183 +0.056906 0.611
  7932  3305.000 +1.631441 +0.696542 0.556
  7933  3305.417 -0.010967 +1.052726 0.722
  7934  3305.833 -1.238974 +0.249525 0.556
  7935  3306.250 +0.086527 +0.447709 0.611
  7936  3306.667 +1.186613 -1.071935 0.722
  7937  3307.083 +0.533684 -0.730796 0.556
  7938  3307.500 -0.913670 -1.005635 0.667
  7939  3307.917 -0.872041 +0.156052 0.667
  7940  3308.333 +1.051052 -0.269301 0.611
  7941  3308.750 +0.164570 +0.562178 0.667
  7942  3309.167 -1.333143 +0.377259 0.667
  7943  3309.583 -0.560105 +0.274343 0.667
  7944  3310.000 +0.858218 +0.872468 0.611
  7945  3310.417 +1.245447 -0.297876 0.667
  7946  3310.833 +0.546781 +0.343056 0.667
  7947  3311.250 -1.307723 +0.323642 0.556
  7948  3311.667 +0.717974 -0.277200 0.667
  7949  3312.083 -0.258857 -0.149405 0.722
  7950  3312.500 -0.047411 -1.354670 0.556
  7951  3312.917 -0.541536 -0.233372 0.611
  7952  3313.333 -1.400256 +0.441627 0.722
  7953  3313.750 +0.114166 +0.217310 0.556
  7954  3314.167 +1.264605 -0.629770 0.667
  7955  3314.583 +0.363691 -0.064968 0.778
  7956  3315.000 +0.058802 +0.146292 0.500
  7957  3315.417 +0.694200 +1.096322 0.611
  7958  3315.833 -0.784607 +0.969635 0.667
  7959  3316.250 +0.179264 -0.132819 0.500
  7960  3316.667 +0.271285 -0.289301 0.556
  7961  3317.083 +0.010105 -1.209275 0.556
  7962  3317.500 -0.727647 -0.899533 0.556
  7963  3317.917 -0.584401 +0.454425 0.611
  7964  3318.333 -0.411122 +0.998833 0.611
  7965  3318.750 +0.354183 +0.827470 0.556
  7966  3319.167 +1.401753 -0.811937 0.556
  7967  3319.583 -0.149799 -1.093460 0.556
  7968  3320.000 +0.482936 +0.915501 0.556
  7969  3320.417 -1.015750 -0.824525 0.611
  7970  3320.833 -0.497322 +0.232905 0.611
  7971  3321.250 +1.043825 +0.948242 0.667
  7972  3321.667 -0.510537 +0.493482 0.556
  7973  3322.083 -1.370700 -0.000037 0.556
  7974  3322.500 +0.355251 -1.348712 0.667
  7975  3322.917 +1.405847 -0.242645 0.500
  7976  3323.333 +0.209442 +0.260981 0.500
  7977  3323.750 -0.155682 -0.215394 0.611
  7978  3324.167 +0.168594 +1.509511 0.500
  7979  3324.583 -0.520691 +0.292348 0.500
  7980  3325.000 +0.818959 -0.664634 0.611
  7981  3325.417 -0.148200 -1.363789 0.556
  7982  3325.833 -1.396755 +0.071382 0.556
  7983  3326.250 -0.202387 +0.130628 0.500
  7984  3326.667 +0.592832 +1.065549 0.500
  7985  3327.083 -0.525312 +1.152953 0.556
  7986  3327.500 +0.223787 -1.754895 0.500
  7987  3327.917 +0.579383 +0.166100 0.556
  7988  3328.333 +1.100474 -0.087931 0.667
  7989  3328.750 -0.592389 -0.297911 0.556
  7990  3329.167 -0.316406 -0.178356 0.556
  7991  3329.583 -0.371663 +0.282360 0.667
  7992  3330.000 +0.048703 +0.863061 0.611
  7993  3330.417 -1.237180 +0.834492 0.500
  7994  3330.833 +0.628111 -1.240969 0.611
  7995  3331.250 +0.849491 -0.370050 0.667
  7996  3331.667 +0.922556 -0.344653 0.556
  7997  3332.083 -0.259729 -1.001538 0.556
  7998  3332.500 +0.325120 +1.158143 0.611
  7999  3332.917 -0.900449 +0.716038 0.556
  8000  3333.333 +0.619198 +1.247834 0.500
  8001  3333.750 -0.737719 +0.080899 0.500
  8002  3334.167 -0.318004 -1.285058 0.500
  8003  3334.583 -0.651397 -0.348144 0.556
  8004  3335.000 -1.021428 +0.113752 0.556
  8005  3335.417 +0.629669 -0.564277 0.500
  8006  3335.833 +1.127562 +0.001713 0.667
  8007  3336.250 +0.885983 -0.145556 0.611
  8008  3336.667 -0.255541 -0.826462 0.556
  8009  3337.083 -0.605180 +0.991346 0.611
  8010  3337.500 -0.386948 +1.402709 0.556
  8011  3337.917 +0.515507 +0.258148 0.556
  8012  3338.333 +0.848743 -0.759751 0.611
  8013  3338.750 +0.377001 -1.009951 0.667
  8014  3339.167 +0.291991 +0.616912 0.611
  8015  3339.583 -1.135888 +0.030911 0.556
  8016  3340.000 -0.560964 +0.336401 0.611
  8017  3340.417 -0.099029 -1.403111 0.500
  8018  3340.833 +0.013698 +1.000321 0.556
  8019  3341.250 -0.823511 +0.355183 0.611
  8020  3341.667 -0.794775 +0.394162 0.556
  8021  3342.083 +1.052955 +0.651938 0.556
  8022  3342.500 +0.515664 -1.394571 0.500
  8023  3342.917 +0.576572 -0.762799 0.556
  8024  3343.333 +0.579624 +0.443627 0.611
  8025  3343.750 +0.586857 -1.078209 0.556
  8026  3344.167 -0.759604 +0.561178 0.556
  8027  3344.583 -0.328137 +0.709080 0.667
  8028  3345.000 -0.528111 -0.265627 0.611
  8029  3345.417 +0.340424 +1.499645 0.556
  8030  3345.833 -0.788025 +0.522943 0.611
  8031  3346.250 +0.068341 -0.982640 0.611
  8032  3346.667 +0.166866 -0.548133 0.611
  8033  3347.083 +0.923521 -0.716380 0.611
  8034  3347.500 -0.720539 +0.083251 0.611
  8035  3347.917 +0.910215 +0.440365 0.611
  8036  3348.333 -0.274014 -0.832944 0.611
  8037  3348.750 -0.803251 +1.208917 0.611
  8038  3349.167 -0.158419 -0.149680 0.667
  8039  3349.583 -0.480769 +0.120599 0.611
  8040  3350.000 +1.101388 +0.169357 0.556
  8041  3350.417 +0.314388 -0.883517 0.722
  8042  3350.833 -1.116848 -0.166849 0.611
  8043  3351.250 +1.630471 +0.454766 0.556
  8044  3351.667 -0.424559 +0.049597 0.778
  8045  3352.083 -0.923350 +0.998638 0.556
  8046  3352.500 -0.074057 -0.578790 0.556
  8047  3352.917 +0.773391 -1.025874 0.722
  8048  3353.333 +0.370033 +1.353594 0.611
  8049  3353.750 +0.714030 +0.400305 0.611
  8050  3354.167 -0.999815 -0.683104 0.667
  8051  3354.583 -0.495542 -0.376873 0.611
  8052  3355.000 -0.685576 -0.817983 0.611
  8053  3355.417 -0.642378 +0.589412 0.611
  8054  3355.833 -0.281429 -0.620535 0.611
  8055  3356.250 +1.177431 -0.211404 0.611
  8056  3356.667 +0.894581 +1.360549 0.611
  8057  3357.083 +0.947203 +0.585244 0.611
  8058  3357.500 +0.406072 -1.297677 0.667
  8059  3357.917 -1.489012 +0.090692 0.667
  8060  3358.333 -0.614589 +0.442592 0.500
  8061  3358.750 +0.934981 +0.229861 0.556
  8062  3359.167 -0.230927 +0.144983 0.556
  8063  3359.583 -0.054672 +0.504615 0.500
  8064  3360.000 -0.316543 -0.934941 0.556
  8065  3360.417 -1.093345 +0.155298 0.500
  8066  3360.833 +0.675074 +0.425788 0.500
  8067  3361.250 -0.314922 -1.143024 0.556
  8068  3361.667 +0.613745 +0.234872 0.556
  8069  3362.083 +0.194114 -0.996836 0.556
  8070  3362.500 -0.448645 +0.224473 0.611
  8071  3362.917 +0.780103 +1.096413 0.500
  8072  3363.333 +1.505386 +0.177905 0.500
  8073  3363.750 +0.021292 +0.000489 0.611
  8074  3364.167 -1.091842 +0.424304 0.556
  8075  3364.583 -0.919293 -0.314565 0.556
  8076  3365.000 -1.527917 -1.068828 0.611
  8077  3365.417 +0.414182 +0.150493 0.667
  8078  3365.833 +1.426048 +0.444413 0.722
  8079  3366.250 -0.086032 +0.695306 0.500
  8080  3366.667 -0.233115 -0.318713 0.556
  8081  3367.083 -0.507937 -0.108709 0.722
  8082  3367.500 +0.613046 -0.060092 0.556
  8083  3367.917 -0.631839 +1.022465 0.500
  8084  3368.333 +0.365734 -0.687457 0.667
  8085  3368.750 +1.035142 -0.750528 0.556
  8086  3369.167 +0.729063 -0.716314 0.556
  8087  3369.583 -0.234415 -0.483976 0.722
  8088  3370.000 -0.215011 +1.163575 0.667
  8089  3370.417 -1.200334 +0.501954 0.556
  8090  3370.833 +0.743996 -0.124376 0.611
  8091  3371.250 -1.234875 +0.505659 0.667
  8092  3371.667 -1.050523 +0.430738 0.611
  8093  3372.083 +1.257894 -0.024184 0.500
  8094  3372.500 +0.860592 -0.758395 0.611
  8095  3372.917 -1.176538 -0.263521 0.667
  8096  3373.333 +0.717885 +0.047222 0.556
  8097  3373.750 -0.113302 -1.618309 0.611
  8098  3374.167 -0.390093 +0.756295 0.667
  8099  3374.583 +1.229428 +0.441705 0.556
  8100  3375.000 +0.283374 +0.707680 0.611
  8101  3375.417 +0.429667 +0.715647 0.667
  8102  3375.833 -0.913050 -0.007318 0.500
  8103  3376.250 -0.175802 +0.358098 0.611
  8104  3376.667 -0.332992 -1.236183 0.722
  8105  3377.083 -0.379311 -0.839976 0.556
  8106  3377.500 -0.054555 -0.281031 0.500
  8107  3377.917 +0.287084 +1.156416 0.556
  8108  3378.333 -0.261757 -1.166728 0.611
  8109  3378.750 -0.173161 -0.183149 0.556
  8110  3379.167 +0.912050 +1.036314 0.500
  8111  3379.583 -0.740046 +0.775126 0.722
  8112  3380.000 +0.800134 +1.187043 0.611
  8113  3380.417 +0.485738 -0.395264 0.500
  8114  3380.833 -0.405427 -0.991767 0.722
  8115  3381.250 -0.082818 -0.739041 0.611
  8116  3381.667 -0.084380 -0.742746 0.500
  8117  3382.083 -0.359052 -0.387235 0.667
  8118  3382.500 +0.096647 +1.801749 0.556
  8119  3382.917 -0.262366 -0.300007 0.556
  8120  3383.333 +0.235488 -0.018515 0.667
  8121  3383.750 +0.658170 +1.147274 0.500
  8122  3384.167 -0.128813 -1.109965 0.611
  8123  3384.583 -1.267256 -0.716611 0.778
  8124  3385.000 -0.629232 +0.450412 0.611
  8125  3385.417 +1.303600 -0.061125 0.556
  8126  3385.833 +0.391078 +0.519582 0.667
  8127  3386.250 +0.196082 +1.091294 0.556
  8128  3386.667 +0.417532 -1.017880 0.611
  8129  3387.083 -0.871171 -1.163694 0.611
  8130  3387.500 -0.307419 +0.321140 0.500
  8131  3387.917 +1.180747 +0.221168 0.611
  8132  3388.333 -0.637548 +0.071127 0.611
  8133  3388.750 +0.205992 -0.030691 0.500
  8134  3389.167 -1.274885 +0.718754 0.667
  8135  3389.583 -0.520216 -0.284127 0.556
  8136  3390.000 +0.709725 -0.358516 0.500
  8137  3390.417 +1.479683 +1.230769 0.722
  8138  3390.833 +0.081501 -0.682485 0.500
  8139  3391.250 -0.301835 -0.627811 0.500
  8140  3391.667 -0.172299 +0.650985 0.778
  8141  3392.083 -1.430948 -0.166271 0.556
  8142  3392.500 -0.092043 -0.687410 0.611
  8143  3392.917 +1.216453 -0.391679 0.722
  8144  3393.333 +0.475968 -0.184616 0.556
  8145  3393.750 -1.507999 +1.183578 0.667
  8146  3394.167 +0.561928 +0.241508 0.667
  8147  3394.583 +0.525934 +0.465398 0.556
  8148  3395.000 +0.341121 -0.610154 0.611
  8149  3395.417 +0.444282 -0.962950 0.722
  8150  3395.833 -0.774595 +0.583835 0.667
  8151  3396.250 +0.192131 +1.028128 0.667
  8152  3396.667 -0.449634 -0.759451 0.611
  8153  3397.083 +0.826683 +0.325076 0.556
  8154  3397.500 -0.348763 -0.888653 0.611
  8155  3397.917 -1.211910 +0.272471 0.611
  8156  3398.333 +0.356970 +0.409602 0.500
  8157  3398.750 -0.523565 -1.125353 0.611
  8158  3399.167 -0.664798 +0.787254 0.556
  8159  3399.583 +1.340411 +0.421144 0.556
  8160  3400.000 +0.710042 -0.880553 0.556
  8161  3400.417 -0.611756 +0.212020 0.556
  8162  3400.833 +1.016903 +0.614070 0.611
  8163  3401.250 +0.118683 +0.684122 0.500
  8164  3401.667 -0.122255 -0.449566 0.556
  8165  3402.083 +0.406869 -0.948268 0.611
  8166  3402.500 -1.204707 +0.664441 0.500
  8167  3402.917 +0.227793 +0.018792 0.556
  8168  3403.333 -0.573393 -0.241643 0.667
  8169  3403.750 -1.305930 -0.887013 0.556
  8170  3404.167 +0.432693 +0.588919 0.556
  8171  3404.583 +1.268040 +0.285912 0.667
  8172  3405.000 -0.161318 +0.443116 0.611
  8173  3405.417 +0.435818 -0.796759 0.556
  8174  3405.833 +0.743315 +0.159039 0.611
  8175  3406.250 -1.292768 +0.204457 0.611
  8176  3406.667 -0.907266 +0.118938 0.556
  8177  3407.083 +0.791690 +0.308055 0.556
  8178  3407.500 +1.453719 -0.351838 0.556
  8179  3407.917 -0.629085 +0.642683 0.611
  8180  3408.333 +0.578087 -0.255595 0.611
  8181  3408.750 -0.863661 -0.595310 0.611
  8182  3409.167 -0.798269 -0.127366 0.556
  8183  3409.583 -0.002386 +0.169648 0.611
  8184  3410.000 +0.304008 -0.540428 0.556
  8185  3410.417 +0.417995 -0.918017 0.500
  8186  3410.833 -0.885097 +0.952068 0.611
  8187  3411.250 +0.269290 +0.819144 0.556
  8188  3411.667 -0.134711 +0.463072 0.500
  8189  3412.083 +0.637458 +0.662554 0.611
  8190  3412.500 +0.548113 -0.674768 0.667
  8191  3412.917 +0.060762 -1.370167 0.500
  8192  3413.333 +0.283229 +0.685557 0.667
  8193  3413.750 -0.322828 +0.330161 0.667
  8194  3414.167 -0.815386 -1.157394 0.500
  8195  3414.583 -0.822743 +1.462459 0.667
  8196  3415.000 +1.132502 -0.037583 0.611
  8197  3415.417 +0.622926 +0.101551 0.500
  8198  3415.833 -0.740353 -0.492170 0.556
  8199  3416.250 -1.160246 -1.423120 0.667
  8200  3416.667 +0.288774 +0.487637 0.556
  8201  3417.083 +1.237300 +0.473354 0.500
  8202  3417.500 -0.025626 -0.768259 0.667
  8203  3417.917 -0.234820 +0.798432 0.556
  8204  3418.333 -0.313518 +0.081729 0.500
  8205  3418.750 +0.545179 +0.788386 0.556
  8206  3419.167 +0.592695 +0.371842 0.500
  8207  3419.583 -0.714054 +0.367109 0.556
  8208  3420.000 +0.449588 -0.576118 0.556
  8209  3420.417 -0.970093 -0.941746 0.611
  8210  3420.833 -1.003669 -0.284288 0.556
  8211  3421.250 +0.804571 -1.403046 0.500
  8212  3421.667 +0.788198 +0.928618 0.611
  8213  3422.083 -0.315111 +1.297903 0.556
  8214  3422.500 +0.865599 +0.751608 0.556
  8215  3422.917 -0.225390 -0.431492 0.500
  8216  3423.333 -0.392147 -0.944933 0.556
  8217  3423.750 -1.351071 -0.240182 0.611
  8218  3424.167 +0.108970 -0.689978 0.611
  8219  3424.583 +0.840559 +0.576891 0.556
  8220  3425.000 +0.319382 +1.496373 0.611
  8221  3425.417 -0.046838 -0.104776 0.556
  8222  3425.833 +0.893854 +0.505029 0.500
  8223  3426.250 +0.444231 -0.886953 0.556
  8224  3426.667 -1.059638 -0.354573 0.500
  8225  3427.083 -0.446766 -0.932549 0.556
  8226  3427.500 -0.509537 +0.237265 0.556
  8227  3427.917 -0.540934 +0.052064 0.611
  8228  3428.333 +0.203473 +0.087783 0.556
  8229  3428.750 +0.649705 -0.043371 0.500
  8230  3429.167 +0.583159 +0.972465 0.611
  8231  3429.583 -0.030478 -0.610913 0.611
  8232  3430.000 +0.380296 +0.120837 0.500
  8233  3430.417 +0.516829 +0.021654 0.556
  8234  3430.833 -1.116880 +0.834846 0.667
  8235  3431.250 -0.460402 +0.539813 0.500
  8236  3431.667 -0.221416 -0.410659 0.556
  8237  3432.083 +0.511304 -1.294659 0.722
  8238  3432.500 -0.488910 -0.122643 0.556
  8239  3432.917 +0.807103 +0.629683 0.500
  8240  3433.333 +0.656377 -1.171279 0.667
  8241  3433.750 -0.000962 +0.407631 0.556
  8242  3434.167 -0.677119 +0.985639 0.500
  8243  3434.583 -1.187785 -0.265232 0.722
  8244  3435.000 +0.615551 -1.225033 0.667
  8245  3435.417 -0.373710 +0.814024 0.500
  8246  3435.833 -0.145999 +1.303871 0.667
  8247  3436.250 +0.386339 -1.509604 0.667
  8248  3436.667 +1.169426 +0.435658 0.556
  8249  3437.083 +0.658050 +0.811283 0.611
  8250  3437.500 -0.413610 -0.787234 0.611
  8251  3437.917 +0.158231 +0.758156 0.556
  8252  3438.333 -1.325009 -0.002603 0.556
  8253  3438.750 +0.273685 -0.495845 0.611
  8254  3439.167 -0.174594 -0.529606 0.556
  8255  3439.583 -0.562343 +0.241420 0.556
  8256  3440.000 +0.323153 +0.707238 0.556
  8257  3440.417 +0.175060 -0.675202 0.556
  8258  3440.833 +0.924817 -0.307717 0.556
  8259  3441.250 -1.404728 -1.107427 0.556
  8260  3441.667 -0.013605 +0.614913 0.556
  8261  3442.083 +0.615168 +0.128305 0.611
  8262  3442.500 -0.163944 +1.292404 0.500
  8263  3442.917 +0.393779 +0.062771 0.500
  8264  3443.333 +0.317215 +0.587977 0.556
  8265  3443.750 +0.218506 -0.968157 0.556
  8266  3444.167 -0.413572 -0.052859 0.611
  8267  3444.583 -0.122287 -0.266722 0.556
  8268  3445.000 +0.622414 +0.554338 0.500
  8269  3445.417 -0.031432 -0.275847 0.611
  8270  3445.833 -1.708956 -0.186895 0.500
  8271  3446.250 +0.583539 -0.078712 0.556
  8272  3446.667 +0.365442 -0.078814 0.556
  8273  3447.083 +0.683099 -0.034466 0.556
  8274  3447.500 -0.719795 -0.590285 0.611
  8275  3447.917 -0.969685 -0.522353 0.556
  8276  3448.333 +0.113547 +0.804219 0.611
  8277  3448.750 +1.724207 +0.484530 0.556
  8278  3449.167 -0.281420 +0.719372 0.556
  8279  3449.583 -0.299479 +1.075639 0.611
  8280  3450.000 +0.182880 -0.168643 0.500
  8281  3450.417 -0.371022 -1.439431 0.500
  8282  3450.833 -0.221682 -0.477866 0.556
  8283  3451.250 -0.356522 -0.021757 0.556
  8284  3451.667 -0.092771 -1.208867 0.556
  8285  3452.083 +0.688461 +0.744512 0.556
  8286  3452.500 +0.268136 +1.068812 0.556
  8287  3452.917 +0.566392 -0.563309 0.556
  8288  3453.333 -0.831381 +0.376305 0.556
  8289  3453.750 -0.060226 -0.162131 0.556
  8290  3454.167 -0.139777 -0.230143 0.611
  8291  3454.583 +0.682964 +1.582474 0.611
  8292  3455.000 +0.074285 -0.316907 0.556
  8293  3455.417 -0.396260 -1.778376 0.556
  8294  3455.833 -0.665552 +0.455599 0.556
  8295  3456.250 -0.360978 +0.786003 0.500
  8296  3456.667 +0.475182 -0.046257 0.611
  8297  3457.083 +1.669379 -0.392465 0.556
  8298  3457.500 -0.859540 -0.855580 0.556
  8299  3457.917 -0.821953 +1.050025 0.611
  8300  3458.333 -0.347787 +0.175192 0.500
  8301  3458.750 -0.000824 -0.036820 0.611
  8302  3459.167 -0.046854 -0.045989 0.667
  8303  3459.583 +1.117978 -0.702699 0.500
  8304  3460.000 -0.328973 -0.105092 0.556
  8305  3460.417 +0.255197 -0.029240 0.667
  8306  3460.833 +1.184271 +0.763842 0.556
  8307  3461.250 -1.186363 +0.033796 0.556
  8308  3461.667 +0.537698 -0.219106 0.611
  8309  3462.083 -0.415117 -0.369821 0.611
  8310  3462.500 -0.772469 +1.054208 0.611
  8311  3462.917 -0.548081 -0.564441 0.556
  8312  3463.333 -0.364761 -0.684475 0.667
  8313  3463.750 +1.442061 +1.356664 0.611
  8314  3464.167 +0.061630 -0.196847 0.556
  8315  3464.583 +0.434714 -1.089728 0.778
  8316  3465.000 +0.103496 +0.431302 0.722
  8317  3465.417 -0.295089 +0.087574 0.500
  8318  3465.833 -0.871782 +0.308158 0.667
  8319  3466.250 +0.522294 -0.570174 0.611
  8320  3466.667 -1.514376 -0.144793 0.667
  8321  3467.083 +0.580680 +0.535906 0.722
  8322  3467.500 +0.488378 +0.615674 0.667
  8323  3467.917 +0.953246 -0.624545 0.611
  8324  3468.333 +0.158373 -1.138697 0.611
  8325  3468.750 -0.029193 -0.465578 0.556
  8326  3469.167 -0.831454 +0.615651 0.611
  8327  3469.583 +0.371278 +0.952389 0.556
  8328  3470.000 -0.034268 +0.737114 0.500
  8329  3470.417 +0.339550 +0.785065 0.611
  8330  3470.833 -0.777771 -0.875301 0.556
  8331  3471.250 -0.111856 -0.064514 0.500
  8332  3471.667 -0.179758 -0.036832 0.611
  8333  3472.083 -0.100548 -1.451426 0.611
  8334  3472.500 +1.072925 -0.301447 0.556
  8335  3472.917 -0.392331 -0.008614 0.611
  8336  3473.333 -0.000535 +0.513234 0.556
  8337  3473.750 -0.053733 +1.137425 0.556
  8338  3474.167 -0.358183 -0.334249 0.500
  8339  3474.583 -0.573078 +0.042500 0.556
  8340  3475.000 +0.328556 -0.082008 0.611
  8341  3475.417 +1.558119 -0.003409 0.556
  8342  3475.833 +0.681817 -0.024027 0.556
  8343  3476.250 -0.981683 -0.106260 0.556
  8344  3476.667 -0.994738 +0.860028 0.556
  8345  3477.083 -0.782297 -1.004353 0.556
  8346  3477.500 +0.112931 -0.958450 0.556
  8347  3477.917 +1.117764 +0.856380 0.556
  8348  3478.333 +0.237099 -0.126528 0.556
  8349  3478.750 -0.753033 +1.025368 0.611
  8350  3479.167 +0.168787 -0.499994 0.556
  8351  3479.583 +0.593217 -0.110888 0.500
  8352  3480.000 +0.196849 +0.309321 0.722
  8353  3480.417 -0.391113 -0.160167 0.667
  8354  3480.833 +0.651310 -0.436051 0.556
  8355  3481.250 -0.048640 -0.511092 0.611
  8356  3481.667 -0.735160 +0.941430 0.611
  8357  3482.083 -1.189112 -0.258617 0.500
  8358  3482.500 -0.273808 -0.145135 0.556
  8359  3482.917 +1.672004 +0.156799 0.500
  8360  3483.333 -1.294784 -0.101125 0.556
  8361  3483.750 +0.522143 +1.221264 0.556
  8362  3484.167 +0.927919 -0.969877 0.556
  8363  3484.583 -0.588869 -0.115741 0.500
  8364  3485.000 +1.599872 +0.150362 0.500
  8365  3485.417 -0.347807 -0.799072 0.667
  8366  3485.833 -0.706295 -0.336263 0.556
  8367  3486.250 -0.349290 +0.430278 0.500
  8368  3486.667 -0.247589 +1.795238 0.667
  8369  3487.083 -0.190872 -0.310665 0.556
  8370  3487.500 -0.259752 -0.330186 0.611
  8371  3487.917 +1.117021 -0.094248 0.722
  8372  3488.333 +0.099824 -0.346950 0.611
  8373  3488.750 -0.428509 -0.517262 0.611
  8374  3489.167 -0.311509 -0.435708 0.722
  8375  3489.583 -1.036445 +0.520765 0.611
  8376  3490.000 +0.287173 -0.558066 0.556
  8377  3490.417 +1.382724 +0.070481 0.667
  8378  3490.833 -0.504371 +1.104641 0.611
  8379  3491.250 -0.524406 +0.202929 0.500
  8380  3491.667 +1.345870 -0.484351 0.556
  8381  3492.083 -0.412157 -0.717696 0.611
  8382  3492.500 -0.175424 +1.594623 0.500
  8383  3492.917 +0.103225 -0.681204 0.500
  8384  3493.333 +0.966623 +0.115346 0.556
  8385  3493.750 -0.466382 +0.829456 0.500
  8386  3494.167 -1.255567 -0.506562 0.556
  8387  3494.583 -0.418214 -0.427766 0.500
  8388  3495.000 +1.106314 -1.376096 0.556
  8389  3495.417 -0.256975 -0.701134 0.556
  8390  3495.833 -0.275159 +1.353785 0.500
  8391  3496.250 -0.275647 +0.113956 0.611
  8392  3496.667 -0.563385 +0.253794 0.556
  8393  3497.083 +1.681250 +0.779318 0.500
  8394  3497.500 +0.487684 +0.560903 0.611
  8395  3497.917 -0.986553 -0.582320 0.667
  8396  3498.333 -0.369398 -1.161553 0.611
  8397  3498.750 +1.341173 +1.108339 0.556
  8398  3499.167 -0.417602 -1.025253 0.556
  8399  3499.583 -0.508258 -0.934768 0.611
  8400  3500.000 +0.066291 +1.003820 0.611
  8401  3500.417 -1.437281 +0.297467 0.556
  8402  3500.833 +1.033285 +0.164085 0.667
  8403  3501.250 -0.155041 +0.140463 0.667
  8404  3501.667 +0.508188 -0.359868 0.611
  8405  3502.083 +0.285283 +1.049785 0.667
  8406  3502.500 +0.209629 -0.371326 0.667
  8407  3502.917 +0.277403 -0.207072 0.611
  8408  3503.333 -0.409556 -0.790343 0.667
  8409  3503.750 -0.834439 +0.212295 0.611
  8410  3504.167 +0.257140 +0.897568 0.556
  8411  3504.583 +0.350758 -0.572168 0.722
  8412  3505.000 -0.354488 -0.709018 0.611
  8413  3505.417 +0.282592 -0.600141 0.500
  8414  3505.833 +0.235065 +0.278926 0.667
  8415  3506.250 -1.281928 +0.923508 0.500
  8416  3506.667 -0.031710 -0.030488 0.556
  8417  3507.083 +1.056516 -0.018793 0.611
  8418  3507.500 +0.035288 +1.213561 0.611
  8419  3507.917 -0.110654 -0.620574 0.611
  8420  3508.333 +0.070063 -1.026446 0.611
  8421  3508.750 +0.009549 +1.437353 0.611
  8422  3509.167 -0.128441 -0.762557 0.556
  8423  3509.583 +0.610172 -0.505870 0.556
  8424  3510.000 +0.632076 +0.129723 0.611
  8425  3510.417 -1.016019 -0.961221 0.500
  8426  3510.833 -0.538060 +1.064381 0.500
  8427  3511.250 +0.479368 +0.292356 0.611
  8428  3511.667 +0.386789 -1.045317 0.500
  8429  3512.083 -0.998499 +0.941316 0.500
  8430  3512.500 -0.683215 +1.027234 0.611
  8431  3512.917 -0.532454 -0.404525 0.556
  8432  3513.333 +1.464222 -0.447106 0.556
  8433  3513.750 +0.621407 -0.555243 0.611
  8434  3514.167 +0.057929 -0.433005 0.611
  8435  3514.583 -0.081210 +0.447357 0.611
  8436  3515.000 -0.301481 +0.179856 0.667
  8437  3515.417 +0.164780 -0.119448 0.556
  8438  3515.833 +0.176348 -0.417567 0.611
  8439  3516.250 -0.262783 +0.217628 0.667
  8440  3516.667 +0.064879 +0.262402 0.556
  8441  3517.083 -0.457647 +1.538081 0.611
  8442  3517.500 -0.568474 -1.054552 0.667
  8443  3517.917 +1.021557 -0.292270 0.500
  8444  3518.333 -0.089994 +0.103159 0.556
  8445  3518.750 +0.363724 +0.042373 0.611
  8446  3519.167 -0.258479 -1.064060 0.556
  8447  3519.583 -0.446797 -0.220886 0.611
  8448  3520.000 -0.522483 +1.652813 0.556
  8449  3520.417 +0.450202 -0.533328 0.611
  8450  3520.833 -0.365904 -0.545911 0.556
  8451  3521.250 +1.403277 +1.300404 0.556
  8452  3521.667 -0.195126 -0.563031 0.556
  8453  3522.083 +0.092320 -0.327603 0.556
  8454  3522.500 -0.874541 +0.207123 0.611
  8455  3522.917 -0.997186 +0.186542 0.500
  8456  3523.333 +0.933960 -0.543519 0.611
  8457  3523.750 +0.977775 -0.115004 0.611
  8458  3524.167 -0.693800 +1.073954 0.500
  8459  3524.583 -0.565295 -1.346314 0.611
  8460  3525.000 +1.227181 +0.147201 0.611
  8461  3525.417 -0.885608 +0.718031 0.556
  8462  3525.833 +1.182274 -0.793809 0.667
  8463  3526.250 +0.018966 -0.337369 0.556
  8464  3526.667 -0.703953 +0.887365 0.611
  8465  3527.083 -0.893899 +0.481209 0.722
  8466  3527.500 +0.550202 +0.619699 0.556
  8467  3527.917 -0.748270 -0.423259 0.611
  8468  3528.333 -0.631292 -0.711835 0.722
  8469  3528.750 +1.117580 +0.021975 0.667
  8470  3529.167 +0.678266 +0.366042 0.556
  8471  3529.583 +0.490527 -0.049971 0.611
  8472  3530.000 -0.504941 -1.356158 0.667
  8473  3530.417 -0.748935 +0.522563 0.556
  8474  3530.833 -0.038482 -0.334099 0.556
  8475  3531.250 +0.938164 +0.387898 0.722
  8476  3531.667 +0.846549 +0.715658 0.556
  8477  3532.083 -0.773370 +0.642825 0.500
  8478  3532.500 -1.286931 -0.842119 0.667
  8479  3532.917 +0.350915 +0.168272 0.611
  8480  3533.333 +0.199545 -0.347861 0.500
  8481  3533.750 +0.273275 +1.034110 0.611
  8482  3534.167 +0.620630 -0.646039 0.667
  8483  3534.583 -0.395563 -0.628167 0.556
  8484  3535.000 -0.652978 +0.127488 0.500
  8485  3535.417 -0.604235 -0.055652 0.611
  8486  3535.833 +1.372359 -0.432997 0.500
  8487  3536.250 +0.251939 -0.259836 0.556
  8488  3536.667 -1.481218 +0.993686 0.611
  8489  3537.083 -0.720997 +0.855539 0.500
  8490  3537.500 +0.969062 +0.703902 0.667
  8491  3537.917 +1.266913 -0.592236 0.500
  8492  3538.333 -0.512826 -0.941521 0.556
  8493  3538.750 +0.413058 -0.661799 0.667
  8494  3539.167 +0.478187 -0.373398 0.611
  8495  3539.583 -0.046358 +0.656223 0.556
  8496  3540.000 -0.419801 -0.630773 0.667
  8497  3540.417 -1.422567 +0.828476 0.667
  8498  3540.833 +0.328210 +0.576195 0.500
  8499  3541.250 +0.146607 +0.247364 0.667
  8500  3541.667 +0.185876 +0.114765 0.722
  8501  3542.083 -0.729037 -0.582619 0.556
  8502  3542.500 +0.535921 -0.822270 0.611
  8503  3542.917 -0.178630 +0.641361 0.722
  8504  3543.333 +0.546560 +0.231395 0.556
  8505  3543.750 +1.054587 +0.065595 0.556
  8506  3544.167 -0.896290 -0.630691 0.667
  8507  3544.583 +0.540935 +0.085849 0.556
  8508  3545.000 +0.077217 +0.415976 0.500
  8509  3545.417 -1.409751 -0.422069 0.556
  8510  3545.833 +0.176111 -0.771722 0.667
  8511  3546.250 -0.310968 +0.377025 0.556
  8512  3546.667 +0.823887 +1.513596 0.556
  8513  3547.083 -0.443396 +0.673789 0.667
  8514  3547.500 +0.179883 -0.977300 0.500
  8515  3547.917 +0.427905 -0.815075 0.500
  8516  3548.333 +0.992024 -0.458468 0.667
  8517  3548.750 -1.527230 +0.619531 0.556
  8518  3549.167 -0.317904 -0.893181 0.556
  8519  3549.583 +0.525937 +0.514151 0.611
  8520  3550.000 +0.936906 +1.039786 0.611
  8521  3550.417 -0.759368 -0.179112 0.667
  8522  3550.833 -0.637085 -0.052139 0.722
  8523  3551.250 -0.004361 +0.201964 0.500
  8524  3551.667 +0.358739 -0.817220 0.611
  8525  3552.083 +0.216301 -0.648331 0.722
  8526  3552.500 +0.828672 +0.071864 0.500
  8527  3552.917 -0.116866 +0.868929 0.556
  8528  3553.333 -0.921807 -0.190529 0.667
  8529  3553.750 -0.205314 +1.226957 0.556
  8530  3554.167 +0.087988 -0.413919 0.611
  8531  3554.583 -0.301708 +0.360759 0.667
  8532  3555.000 +0.401645 -0.983910 0.500
  8533  3555.417 +0.101633 -0.968314 0.611
  8534  3555.833 +0.619858 -0.255700 0.667
  8535  3556.250 -0.289279 +1.681038 0.611
  8536  3556.667 -0.049924 +0.182144 0.500
  8537  3557.083 +0.081139 -0.676083 0.667
  8538  3557.500 -0.626883 -0.087229 0.667
  8539  3557.917 -0.039842 -0.535769 0.611
  8540  3558.333 -0.240948 +0.212871 0.611
  8541  3558.750 +0.174018 +0.717730 0.611
  8542  3559.167 +1.120714 -0.517847 0.667
  8543  3559.583 -0.100593 +0.847180 0.556
  8544  3560.000 +0.882683 -0.846632 0.556
  8545  3560.417 -0.846981 +0.217040 0.667
  8546  3560.833 -0.613730 +0.938338 0.556
  8547  3561.250 -0.305486 -0.355727 0.556
  8548  3561.667 +0.334062 -1.459671 0.722
  8549  3562.083 -0.869960 +0.503054 0.500
  8550  3562.500 -0.335970 -0.602698 0.556
  8551  3562.917 +0.702475 +0.409548 0.722
  8552  3563.333 +0.871982 +0.204102 0.500
  8553  3563.750 -0.823218 +0.609752 0.611
  8554  3564.167 +0.290212 +1.379899 0.667
  8555  3564.583 +0.316414 -0.671863 0.500
  8556  3565.000 +1.084862 -0.432426 0.556
  8557  3565.417 -1.046004 -0.514258 0.611
  8558  3565.833 +1.030641 +0.207051 0.500
  8559  3566.250 -0.471215 -1.117231 0.556
  8560  3566.667 -1.315656 -0.174530 0.556
  8561  3567.083 +0.684362 +0.401327 0.556
  8562  3567.500 -0.820423 +1.205508 0.500
  8563  3567.917 -0.920967 -0.325481 0.611
  8564  3568.333 +0.731496 -0.327358 0.500
  8565  3568.750 +0.984187 -0.624873 0.556
  8566  3569.167 -0.407907 +0.993479 0.611
  8567  3569.583 +0.650745 -0.068851 0.556
  8568  3570.000 +1.060432 -0.380546 0.722
  8569  3570.417 -0.393433 -0.255809 0.667
  8570  3570.833 -1.341044 +0.302245 0.500
  8571  3571.250 -0.016382 +1.363720 0.667
  8572  3571.667 +1.243101 +0.055787 0.611
  8573  3572.083 -0.291889 -1.057232 0.500
  8574  3572.500 -0.847882 +0.283712 0.611
  8575  3572.917 -0.564826 -0.017051 0.667
  8576  3573.333 -0.233732 -0.844548 0.611
  8577  3573.750 -0.363925 -0.681204 0.556
  8578  3574.167 +0.801420 +0.080938 0.611
  8579  3574.583 +1.511047 +0.204588 0.611
  8580  3575.000 +0.448700 +0.903003 0.611
  8581  3575.417 -0.122466 -0.139878 0.611
  8582  3575.833 -0.584285 +0.541447 0.611
  8583  3576.250 -0.804646 -0.744506 0.556
  8584  3576.667 -0.045683 -0.148587 0.611
  8585  3577.083 -1.293509 +0.381934 0.611
  8586  3577.500 +0.649143 +0.359885 0.556
  8587  3577.917 +0.367653 +0.693168 0.611
  8588  3578.333 +1.102662 -0.097192 0.611
  8589  3578.750 -0.076789 -1.473333 0.556
  8590  3579.167 +0.061873 -0.803512 0.611
  8591  3579.583 +0.033120 +0.683477 0.556
  8592  3580.000 -0.464389 +1.349108 0.500
  8593  3580.417 -0.339422 -0.244790 0.556
  8594  3580.833 -0.574122 +0.423093 0.611
  8595  3581.250 +0.540169 -0.825134 0.556
  8596  3581.667 +0.514228 -0.989149 0.611
  8597  3582.083 +0.616849 -0.344666 0.556
  8598  3582.500 -0.660367 +0.989075 0.611
  8599  3582.917 -0.757003 +0.879111 0.500
  8600  3583.333 -0.888027 +0.251328 0.611
  8601  3583.750 +0.599176 -1.122528 0.611
  8602  3584.167 -0.059407 +0.307011 0.500
  8603  3584.583 +0.995962 -0.560518 0.611
  8604  3585.000 +1.259098 +0.307639 0.611
  8605  3585.417 -0.904082 +0.480357 0.500
  8606  3585.833 +0.021582 -0.776870 0.667
  8607  3586.250 -0.319306 +0.849868 0.556
  8608  3586.667 -0.071423 +0.577515 0.611
  8609  3587.083 -0.120887 -0.819730 0.611
  8610  3587.500 +0.177623 -0.067973 0.611
  8611  3587.917 -0.048524 -0.000130 0.667
  8612  3588.333 -1.180722 -0.640137 0.500
  8613  3588.750 +0.381842 -0.119553 0.722
  8614  3589.167 +0.605463 +0.892543 0.611
  8615  3589.583 +0.845553 -1.152260 0.500
  8616  3590.000 +0.169593 +1.193087 0.667
  8617  3590.417 -1.598074 -0.032537 0.611
  8618  3590.833 -1.101204 -0.330275 0.556
  8619  3591.250 +0.981743 +1.002302 0.667
  8620  3591.667 +0.405778 -0.344121 0.556
  8621  3592.083 +0.533969 +0.294043 0.611
  8622  3592.500 +0.677774 -1.001971 0.667
  8623  3592.917 -0.616668 +0.481045 0.556
  8624  3593.333 +0.894887 -0.698808 0.667
  8625  3593.750 +0.218332 -0.326754 0.667
  8626  3594.167 -1.127416 +1.123220 0.500
  8627  3594.583 -0.487436 -0.017249 0.667
  8628  3595.000 -0.344295 -1.669899 0.611
  8629  3595.417 +0.667143 +0.247539 0.556
  8630  3595.833 -0.642253 +0.398868 0.611
  8631  3596.250 -0.240621 +0.466843 0.556
  8632  3596.667 +1.024501 +1.005239 0.556
  8633  3597.083 -1.365922 +0.251592 0.667
  8634  3597.500 +0.063197 +0.012230 0.500
  8635  3597.917 +1.655127 -0.245480 0.556
  8636  3598.333 -0.437009 -1.054699 0.667
  8637  3598.750 +0.652817 -0.323256 0.500
  8638  3599.167 -0.561138 +0.483462 0.611
  8639  3599.583 +0.042131 -0.303951 0.667
  8640  3600.000 +0.306654 +0.540648 0.500
  8641  3600.417 -0.733265 -0.135340 0.611
  8642  3600.833 +0.281480 +0.860118 0.667
  8643  3601.250 +0.328360 -0.944958 0.556
  8644  3601.667 +0.217914 -1.075030 0.611
  8645  3602.083 -0.564658 -0.205592 0.667
  8646  3602.500 +0.395730 +0.932721 0.556
  8647  3602.917 -1.607970 -0.142217 0.667
  8648  3603.333 -0.661472 +0.543503 0.722
  8649  3603.750 +0.818345 +0.531000 0.611
  8650  3604.167 +0.366627 +0.563558 0.556
  8651  3604.583 +0.425846 +0.180322 0.667
  8652  3605.000 +0.155854 -1.362108 0.556
  8653  3605.417 +0.383570 +0.173046 0.556
  8654  3605.833 +0.357681 +0.023728 0.667
  8655  3606.250 +0.674710 +0.160982 0.556
  8656  3606.667 -0.449496 -0.841027 0.500
  8657  3607.083 -1.317738 +0.156300 0.611
  8658  3607.500 +0.309719 +0.255469 0.500
  8659  3607.917 +0.290243 -0.100642 0.500
  8660  3608.333 -0.376153 -0.941904 0.556
  8661  3608.750 -0.678423 +1.009917 0.556
  8662  3609.167 +0.361334 +1.186696 0.556
  8663  3609.583 -0.050785 +0.361280 0.556
  8664  3610.000 +0.298810 -1.444363 0.500
  8665  3610.417 +0.019516 -0.021192 0.556
  8666  3610.833 +0.725045 +0.369777 0.500
  8667  3611.250 -0.175941 -0.705919 0.556
  8668  3611.667 -0.606964 -0.243688 0.611
  8669  3612.083 +0.115102 +0.787016 0.556
  8670  3612.500 -0.402569 -1.041142 0.556
  8671  3612.917 +0.432059 +0.406077 0.611
  8672  3613.333 +1.287479 +0.644888 0.667
  8673  3613.750 -1.313998 +0.606577 0.556
  8674  3614.167 -0.752341 +0.285054 0.667
  8675  3614.583 +0.682668 -0.121643 0.611
  8676  3615.000 +0.902721 -0.184517 0.500
  8677  3615.417 -0.518181 -1.091744 0.611
  8678  3615.833 -0.098297 -0.212174 0.556
  8679  3616.250 +0.068320 +0.129993 0.611
  8680  3616.667 -0.089253 -0.050206 0.556
  8681  3617.083 +0.193110 -0.270945 0.611
  8682  3617.500 -0.925812 +0.705176 0.556
  8683  3617.917 -0.894116 +0.433523 0.556
  8684  3618.333 +1.266382 -0.603889 0.556
  8685  3618.750 -0.118306 +0.644032 0.500
  8686  3619.167 +0.450485 +0.456450 0.500
  8687  3619.583 +0.958179 -0.605407 0.556
  8688  3620.000 +0.150428 -0.330747 0.500
  8689  3620.417 +0.271226 -0.389495 0.500
  8690  3620.833 -1.257883 +0.291584 0.667
  8691  3621.250 -0.554500 -0.130767 0.556
  8692  3621.667 -0.917343 +0.395379 0.500
  8693  3622.083 +0.754809 +0.342088 0.667
  8694  3622.500 -0.409190 -0.790227 0.556
  8695  3622.917 -0.146296 +0.999820 0.500
  8696  3623.333 +0.939458 -0.513948 0.611
  8697  3623.750 +1.065759 -0.573401 0.500
  8698  3624.167 -0.123228 +0.713084 0.556
  8699  3624.583 -0.779855 -0.007260 0.667
  8700  3625.000 +1.154422 -0.531875 0.611
  8701  3625.417 -0.516165 +0.227694 0.556
  8702  3625.833 -0.821057 -0.303188 0.611
  8703  3626.250 +0.699844 +1.063415 0.611
  8704  3626.667 -1.177662 -0.090403 0.611
  8705  3627.083 -0.106388 -1.456562 0.556
  8706  3627.500 -0.339620 -0.053780 0.611
  8707  3627.917 +0.952576 +0.857893 0.611
  8708  3628.333 -0.809510 +0.124646 0.500
  8709  3628.750 +0.751881 -0.499486 0.667
  8710  3629.167 +0.587164 +1.027400 0.667
  8711  3629.583 +0.835728 +0.265404 0.556
  8712  3630.000 +0.067635 -1.349277 0.611
  8713  3630.417 -1.515228 +0.202218 0.611
  8714  3630.833 -0.199534 +0.705680 0.556
  8715  3631.250 +0.603332 -1.171566 0.556
  8716  3631.667 +0.228347 +0.770074 0.556
  8717  3632.083 -0.549886 +1.071741 0.556
  8718  3632.500 -0.524824 -0.072125 0.556
  8719  3632.917 +0.399645 -1.359401 0.556
  8720  3633.333 +0.253020 +0.009056 0.611
  8721  3633.750 +0.699259 +0.440458 0.556
  8722  3634.167 +0.068828 -1.337643 0.611
  8723  3634.583 -1.004374 +0.114976 0.667
  8724  3635.000 -0.719612 +0.732395 0.500
  8725  3635.417 +1.279499 +0.639726 0.556
  8726  3635.833 -0.538862 +0.604043 0.556
  8727  3636.250 -0.833304 -1.013313 0.556
  8728  3636.667 +0.743788 -0.462590 0.611
  8729  3637.083 -0.151871 +1.040463 0.556
  8730  3637.500 +0.849248 +0.147557 0.556
  8731  3637.917 +0.953818 +0.041540 0.611
  8732  3638.333 -0.207584 -0.620377 0.556
  8733  3638.750 -0.427771 +0.039198 0.611
  8734  3639.167 -0.298224 -0.262406 0.611
  8735  3639.583 -0.138127 -0.018755 0.556
  8736  3640.000 -1.182667 -0.082174 0.556
  8737  3640.417 -1.027792 +0.104007 0.500
  8738  3640.833 +0.700029 +0.007556 0.667
  8739  3641.250 +0.982952 +0.119289 0.667
  8740  3641.667 +0.835463 -0.709825 0.500
  8741  3642.083 +1.020357 +0.692702 0.667
  8742  3642.500 -0.042931 -0.109148 0.722
  8743  3642.917 -1.456834 +1.208398 0.556
  8744  3643.333 -0.937444 +0.173213 0.500
  8745  3643.750 +0.523787 -0.538768 0.611
  8746  3644.167 +0.470361 -0.668530 0.556
  8747  3644.583 -0.531900 -0.839515 0.556
  8748  3645.000 -0.003989 -0.992260 0.667
  8749  3645.417 +0.078223 +1.321559 0.556
  8750  3645.833 +0.408535 +1.426042 0.500
  8751  3646.250 -0.127864 -1.151783 0.611
  8752  3646.667 +0.940798 +0.125703 0.556
  8753  3647.083 -0.703158 +1.032195 0.556
  8754  3647.500 +0.147251 +0.573921 0.556
  8755  3647.917 +0.343650 -1.394890 0.556
  8756  3648.333 -1.231107 +0.164450 0.556
  8757  3648.750 -0.349210 -0.673480 0.500
  8758  3649.167 -0.132352 -0.831295 0.556
  8759  3649.583 +0.606360 +0.875508 0.556
  8760  3650.000 +0.408454 -0.335405 0.556
  8761  3650.417 +0.248738 -0.161083 0.611
  8762  3650.833 +0.955061 +0.620063 0.500
  8763  3651.250 -0.325094 +0.454975 0.500
  8764  3651.667 -0.243351 +0.554909 0.611
  8765  3652.083 -0.267221 +0.558781 0.500
  8766  3652.500 -0.262073 -0.330022 0.556
  8767  3652.917 -0.309037 -1.653542 0.500
  8768  3653.333 -0.352138 -0.628621 0.556
  8769  3653.750 -0.549811 +0.963524 0.611
  8770  3654.167 -0.499399 +0.762161 0.611
  8771  3654.583 +1.613676 -0.252736 0.556
  8772  3655.000 +0.659511 -0.676960 0.611
  8773  3655.417 -0.747630 +0.494553 0.667
  8774  3655.833 +0.814698 +0.608929 0.556
  8775  3656.250 -0.765825 +0.136220 0.556
  8776  3656.667 +1.130340 -0.248441 0.667
  8777  3657.083 +0.256095 -0.795579 0.556
  8778  3657.500 -0.649410 -0.233450 0.556
  8779  3657.917 -1.002613 +0.476050 0.667
  8780  3658.333 -0.131757 -0.942111 0.556
  8781  3658.750 -1.359724 +0.138808 0.500
  8782  3659.167 +0.896158 -0.171459 0.611
  8783  3659.583 +1.264984 +0.159575 0.556
  8784  3660.000 -0.498743 +1.196500 0.556
  8785  3660.417 +0.075265 +1.025367 0.556
  8786  3660.833 +0.398145 +0.009581 0.611
  8787  3661.250 -0.554803 -0.954177 0.667
  8788  3661.667 +0.550130 -1.181414 0.611
  8789  3662.083 -0.138629 +1.340812 0.500
  8790  3662.500 +1.335831 +0.015984 0.556
  8791  3662.917 -0.919350 -0.722746 0.611
  8792  3663.333 -0.452094 -0.096906 0.500
  8793  3663.750 +0.183386 -0.744784 0.500
  8794  3664.167 -1.052450 +0.084184 0.667
  8795  3664.583 +0.669721 +0.575200 0.611
  8796  3665.000 -1.219643 +0.431236 0.611
  8797  3665.417 +0.416895 -0.007906 0.556
  8798  3665.833 -0.388749 -0.439406 0.556
  8799  3666.250 +0.972538 +0.666186 0.556
  8800  3666.667 +0.877838 -0.846694 0.556
  8801  3667.083 +0.925339 +0.749845 0.556
  8802  3667.500 -0.133319 -0.416401 0.556
  8803  3667.917 -1.274484 +0.457028 0.611
  8804  3668.333 +0.769893 -0.564152 0.611
  8805  3668.750 -1.445791 +0.173181 0.611
  8806  3669.167 +0.201290 +0.624398 0.611
  8807  3669.583 -0.164742 -1.180104 0.611
  8808  3670.000 -0.595343 +0.771401 0.556
  8809  3670.417 +1.578759 -0.031406 0.667
  8810  3670.833 +0.245954 -0.895650 0.611
  8811  3671.250 -0.334421 +0.812676 0.556
  8812  3671.667 -1.442491 -0.404249 0.611
  8813  3672.083 +0.646912 +1.199277 0.500
  8814  3672.500 +0.259050 -0.319028 0.556
  8815  3672.917 +0.136409 +0.239602 0.667
  8816  3673.333 -0.228829 -0.792097 0.611
  8817  3673.750 +0.807907 -0.518601 0.556
  8818  3674.167 +0.970340 -0.462341 0.556
  8819  3674.583 -0.878963 +0.120959 0.556
  8820  3675.000 -0.988801 -0.018770 0.500
  8821  3675.417 -0.569699 +1.200759 0.556
  8822  3675.833 +0.827793 -0.037766 0.611
  8823  3676.250 +0.833250 -0.551637 0.556
  8824  3676.667 -0.500675 +1.256535 0.611
  8825  3677.083 -0.030447 +0.043675 0.500
  8826  3677.500 -1.444372 -0.202317 0.556
  8827  3677.917 +0.110360 -0.154985 0.722
  8828  3678.333 +1.044706 -0.940971 0.556
  8829  3678.750 -0.289836 -0.906565 0.556
  8830  3679.167 -0.327543 +0.639610 0.778
  8831  3679.583 +0.747729 +1.046079 0.611
  8832  3680.000 +1.196222 -0.778872 0.500
  8833  3680.417 +0.036165 -0.986268 0.667
  8834  3680.833 -0.885820 +0.326855 0.556
  8835  3681.250 +1.009902 +1.410065 0.556
  8836  3681.667 -0.495875 +0.241449 0.667
  8837  3682.083 -0.770481 -0.081517 0.500
  8838  3682.500 -0.600033 -0.022156 0.667
  8839  3682.917 -0.650571 -0.140285 0.778
  8840  3683.333 -0.755394 -0.044495 0.556
  8841  3683.750 -0.144776 -0.707289 0.667
  8842  3684.167 +1.796963 -0.381964 0.722
  8843  3684.583 +1.075819 +1.004057 0.500
  8844  3685.000 +0.244372 -0.150939 0.722
  8845  3685.417 -0.672871 -0.758968 0.722
  8846  3685.833 -0.206658 +0.458896 0.500
  8847  3686.250 +0.332997 -0.466928 0.667
  8848  3686.667 -1.093468 +0.117986 0.611
  8849  3687.083 -0.036493 +0.320116 0.667
  8850  3687.500 +1.652734 +0.661449 0.778
  8851  3687.917 -0.123738 +0.265043 0.722
  8852  3688.333 -0.707318 -0.644775 0.611
  8853  3688.750 -0.584669 +0.725171 0.722
  8854  3689.167 +0.773543 -0.854350 0.722
  8855  3689.583 -0.397504 -1.106446 0.611
  8856  3690.000 -1.167271 +0.851371 0.722
  8857  3690.417 +0.602689 -0.493949 0.667
  8858  3690.833 +0.653532 +0.823633 0.667
  8859  3691.250 +0.144474 +1.278720 0.722
  8860  3691.667 -0.451386 -0.577669 0.667
  8861  3692.083 -0.143742 -0.957494 0.611
  8862  3692.500 -0.292418 -0.699756 0.611
  8863  3692.917 +0.575087 +0.031621 0.556
  8864  3693.333 -0.221201 +1.030934 0.611
  8865  3693.750 +0.656995 -0.085487 0.667
  8866  3694.167 +0.824418 +0.083863 0.611
  8867  3694.583 +0.258245 +0.127882 0.500
  8868  3695.000 -1.986918 +0.104212 0.611
  8869  3695.417 -0.178135 -0.602593 0.611
  8870  3695.833 +1.215451 -0.464585 0.500
  8871  3696.250 -0.062375 +0.132964 0.556
  8872  3696.667 -0.035709 +1.610751 0.611
  8873  3697.083 -1.119916 -0.395242 0.556
  8874  3697.500 -0.001276 -0.744454 0.611
  8875  3697.917 -0.174292 -0.830059 0.556
  8876  3698.333 +1.337436 +0.890154 0.556
  8877  3698.750 +0.309891 -0.123263 0.667
  8878  3699.167 -1.146907 -0.830514 0.500
  8879  3699.583 +0.270479 -0.518660 0.500
  8880  3700.000 -0.047190 +1.453767 0.667
  8881  3700.417 -0.202735 +0.778136 0.500
  8882  3700.833 +0.518570 +0.173833 0.556
  8883  3701.250 +0.026324 +0.393102 0.722
  8884  3701.667 -0.135274 -0.627744 0.556
  8885  3702.083 -0.040915 -0.408773 0.611
  8886  3702.500 +1.031178 -0.066265 0.722
  8887  3702.917 -0.130870 -0.754823 0.611
  8888  3703.333 -1.111183 -0.161568 0.611
  8889  3703.750 -0.766614 +0.028142 0.667
  8890  3704.167 +0.786833 -0.391242 0.611
  8891  3704.583 +0.652693 +0.691493 0.611
  8892  3705.000 -1.163822 -0.802051 0.611
  8893  3705.417 +0.099133 +1.079026 0.667
  8894  3705.833 +1.003997 +0.156096 0.611
  8895  3706.250 +0.697919 +0.529735 0.611
  8896  3706.667 -0.408747 -0.274779 0.722
  8897  3707.083 -0.774118 +0.918038 0.667
  8898  3707.500 -1.345916 -0.326650 0.556
  8899  3707.917 +0.409009 +0.058215 0.722
  8900  3708.333 +0.947161 -0.708104 0.722
  8901  3708.750 +0.741505 -0.122456 0.556
  8902  3709.167 +0.276732 -1.585270 0.611
  8903  3709.583 -1.174133 +0.354078 0.667
  8904  3710.000 +0.206404 +0.056232 0.556
  8905  3710.417 -0.143161 +0.150197 0.611
  8906  3710.833 +1.217159 +0.928224 0.722
  8907  3711.250 +0.260390 +0.477523 0.611
  8908  3711.667 -0.952195 +0.620162 0.556
  8909  3712.083 -1.012992 -0.686399 0.722
  8910  3712.500 +0.014627 -0.251794 0.611
  8911  3712.917 -0.022022 -1.561341 0.500
  8912  3713.333 -0.297730 +0.676999 0.778
  8913  3713.750 -0.295063 +0.564264 0.667
  8914  3714.167 +0.642181 +1.031857 0.556
  8915  3714.583 +0.599526 +0.402849 0.722
  8916  3715.000 +1.138713 -0.905314 0.611
  8917  3715.417 +1.005840 -0.676865 0.556
  8918  3715.833 -1.180511 +0.539467 0.667
  8919  3716.250 -0.670445 -0.559770 0.500
  8920  3716.667 -0.614920 -0.245932 0.500
  8921  3717.083 -0.847952 +0.047685 0.667
  8922  3717.500 +1.301710 -1.044632 0.500
  8923  3717.917 +0.039936 +0.311089 0.500
  8924  3718.333 +0.369882 +1.405786 0.611
  8925  3718.750 -0.070117 +0.725986 0.500
  8926  3719.167 -0.918885 -0.200395 0.556
  8927  3719.583 -0.083766 -0.766752 0.611
  8928  3720.000 +0.085988 +0.453213 0.500
  8929  3720.417 -0.029076 +0.447243 0.611
  8930  3720.833 +0.466848 +0.410274 0.556
  8931  3721.250 +0.357474 -0.838822 0.556
  8932  3721.667 +0.149487 -0.649759 0.667
  8933  3722.083 -0.343005 -0.609246 0.556
  8934  3722.500 -0.948586 -0.310374 0.500
  8935  3722.917 +0.863956 +0.209937 0.611
  8936  3723.333 +0.325772 -0.101128 0.500
  8937  3723.750 +0.703893 +0.901693 0.500
  8938  3724.167 -0.495767 +0.685934 0.611
  8939  3724.583 -0.039997 -0.626563 0.556
  8940  3725.000 -1.154819 +0.749139 0.556
  8941  3725.417 +0.232934 -0.459901 0.556
  8942  3725.833 -0.241959 -0.260841 0.500
  8943  3726.250 +1.067753 -0.027308 0.500
  8944  3726.667 -0.591345 +0.928898 0.611
  8945  3727.083 +0.278755 +0.340029 0.500
  8946  3727.500 -0.621217 -1.535243 0.556
  8947  3727.917 +0.936869 -0.480365 0.500
  8948  3728.333 +0.078147 +1.160352 0.556
  8949  3728.750 -0.987779 -0.539161 0.556
  8950  3729.167 -0.781320 -0.290821 0.611
  8951  3729.583 +1.253249 -0.032296 0.611
  8952  3730.000 +0.818425 +0.543996 0.500
  8953  3730.417 -0.189492 -0.447648 0.611
  8954  3730.833 -1.102215 -0.023493 0.667
  8955  3731.250 +1.123019 +1.017685 0.500
  8956  3731.667 -0.568465 -0.373828 0.611
  8957  3732.083 -0.839228 -0.511248 0.778
  8958  3732.500 +0.390580 +0.006978 0.611
  8959  3732.917 +0.993125 +0.975768 0.556
  8960  3733.333 +0.721320 -0.448712 0.722
  8961  3733.750 -0.928872 +1.056340 0.611
  8962  3734.167 +0.196940 -0.944245 0.667
  8963  3734.583 -1.094774 -0.103816 0.778
  8964  3735.000 -0.324615 -0.365134 0.722
  8965  3735.417 -0.460679 -0.437948 0.556
  8966  3735.833 +0.161550 -0.336736 0.722
  8967  3736.250 +0.616692 -0.563939 0.667
  8968  3736.667 +0.275154 +0.854784 0.500
  8969  3737.083 +0.456656 +0.262894 0.722
  8970  3737.500 +0.213530 +1.611763 0.667
  8971  3737.917 +0.771221 +0.125827 0.611
  8972  3738.333 +0.341520 -0.709768 0.611
  8973  3738.750 -0.937692 -0.752001 0.611
  8974  3739.167 -0.698833 -0.855255 0.611
  8975  3739.583 -0.816670 +1.168385 0.611
  8976  3740.000 +1.264143 +0.889220 0.556
  8977  3740.417 +0.353507 -1.190313 0.556
  8978  3740.833 -0.585448 -0.653324 0.722
  8979  3741.250 -1.167182 +0.444974 0.667
  8980  3741.667 -0.523407 -0.637818 0.722
  8981  3742.083 +0.683085 +0.652865 0.611
  8982  3742.500 +0.472577 +0.594728 0.611
  8983  3742.917 +0.860767 +0.390299 0.722
  8984  3743.333 +0.392137 -0.516902 0.611
  8985  3743.750 -0.497812 -0.245336 0.611
  8986  3744.167 +0.230860 +0.540458 0.722
  8987  3744.583 -1.410549 -0.933644 0.556
  8988  3745.000 +1.190531 -1.057100 0.500
  8989  3745.417 -0.202615 +1.001404 0.556
  8990  3745.833 +0.063685 +0.660272 0.611
  8991  3746.250 +0.773806 +0.532981 0.500
  8992  3746.667 -0.573824 +0.851669 0.556
  8993  3747.083 -0.393884 -0.960342 0.500
  8994  3747.500 -0.498333 -1.037155 0.611
  8995  3747.917 -0.217029 +0.316564 0.556
  8996  3748.333 -0.225513 -0.344301 0.611
  8997  3748.750 -0.306860 +1.056755 0.722
  8998  3749.167 +1.091532 -0.737807 0.500
  8999  3749.583 +0.547446 -0.565647 0.611
  9000  3750.000 +0.706214 -0.031527 0.722
  9001  3750.417 -0.520591 -0.296573 0.556
  9002  3750.833 +0.684208 +1.061112 0.611
  9003  3751.250 -0.936279 +0.005664 0.667
  9004  3751.667 -0.903414 +0.257091 0.556
  9005  3752.083 -0.630490 +0.291146 0.611
  9006  3752.500 +0.717890 +1.247186 0.611
  9007  3752.917 +0.074509 -0.807154 0.556
  9008  3753.333 +0.819313 -0.893404 0.667
  9009  3753.750 -0.370674 -1.491662 0.611
  9010  3754.167 -0.119857 +0.425525 0.611
  9011  3754.583 +0.800022 +0.674916 0.667
  9012  3755.000 -1.232358 +0.521629 0.556
  9013  3755.417 +0.048105 -0.271280 0.667
  9014  3755.833 +0.589660 -0.933376 0.667
  9015  3756.250 +0.006913 +0.746191 0.556
  9016  3756.667 +0.288593 +0.934735 0.667
  9017  3757.083 -0.323182 +0.120019 0.667
  9018  3757.500 +0.644523 -0.413916 0.611
  9019  3757.917 -0.838535 -0.365353 0.611
  9020  3758.333 -1.071755 -0.233482 0.556
  9021  3758.750 +1.111048 -0.212347 0.556
  9022  3759.167 +0.639486 +0.096883 0.611
  9023  3759.583 +0.487319 +0.724427 0.556
  9024  3760.000 -1.716013 -1.362610 0.500
  9025  3760.417 +0.367128 +0.897591 0.556
  9026  3760.833 +0.170309 +0.297909 0.500
  9027  3761.250 -0.702977 +0.109806 0.556
  9028  3761.667 +0.808212 -0.254574 0.556
  9029  3762.083 -1.002140 -0.454911 0.556
  9030  3762.500 +0.776582 +0.573986 0.556
  9031  3762.917 +0.725022 -0.497843 0.556
  9032  3763.333 +0.043305 +0.559162 0.611
  9033  3763.750 -0.483015 +0.059495 0.611
  9034  3764.167 +1.214583 +0.282758 0.556
  9035  3764.583 -0.732561 -1.040299 0.611
  9036  3765.000 -0.737941 -0.103843 0.667
  9037  3765.417 +0.242273 -0.028973 0.611
  9038  3765.833 +0.218703 -0.060922 0.556
  9039  3766.250 -0.623942 +0.637763 0.556
  9040  3766.667 -0.322432 +0.484981 0.611
  9041  3767.083 +0.152674 -0.306982 0.556
  9042  3767.500 -0.047884 +0.029882 0.500
  9043  3767.917 -0.200719 -0.027611 0.667
  9044  3768.333 +0.361255 -0.297893 0.556
  9045  3768.750 +0.681085 -0.630931 0.500
  9046  3769.167 +0.348150 +0.105707 0.667
  9047  3769.583 -0.056390 +1.544262 0.556
  9048  3770.000 +0.831342 -0.475160 0.556
  9049  3770.417 -0.921208 -0.675008 0.667
  9050  3770.833 -1.297516 +0.927470 0.611
  9051  3771.250 -0.033841 -0.925703 0.500
  9052  3771.667 +0.784817 -0.511296 0.611
  9053  3772.083 -0.072271 +0.475131 0.556
  9054  3772.500 +0.113937 -0.098841 0.500
  9055  3772.917 +0.451065 +0.249259 0.611
  9056  3773.333 +0.853452 +0.050169 0.556
  9057  3773.750 -1.033099 -0.071249 0.556
  9058  3774.167 -1.043509 +0.839949 0.667
  9059  3774.583 -0.316573 +0.249962 0.556
  9060  3775.000 +0.578763 -1.277598 0.556
  9061  3775.417 +0.325410 -0.538568 0.611
  9062  3775.833 +1.158965 +0.698276 0.556
  9063  3776.250 -0.105426 -0.437904 0.556
  9064  3776.667 -1.705035 +0.338038 0.611
  9065  3777.083 +0.720878 +0.641375 0.500
  9066  3777.500 -0.142044 -0.327411 0.500
  9067  3777.917 +0.262763 +0.243776 0.556
  9068  3778.333 +0.533567 +0.399237 0.556
  9069  3778.750 -0.010366 -1.701765 0.500
  9070  3779.167 -0.196536 +0.566189 0.556
  9071  3779.583 -0.455422 +0.208420 0.556
  9072  3780.000 +0.996555 +0.798404 0.556
  9073  3780.417 -1.241692 +0.193174 0.556
  9074  3780.833 -0.229024 -0.336813 0.556
  9075  3781.250 +0.330239 +0.200908 0.556
  9076  3781.667 -0.260405 -1.293583 0.556
  9077  3782.083 +1.299508 -0.496308 0.556
  9078  3782.500 -0.004994 -0.064417 0.556
  9079  3782.917 -1.277134 +0.566963 0.611
  9080  3783.333 -0.318154 +0.563735 0.500
  9081  3783.750 +0.749966 -0.416300 0.611
  9082  3784.167 +0.812146 +1.393104 0.556
  9083  3784.583 -1.128149 +0.360112 0.556
  9084  3785.000 -0.120404 -0.959848 0.500
  9085  3785.417 +1.142770 +0.648915 0.611
  9086  3785.833 +0.432575 -0.329532 0.500
  9087  3786.250 -0.783221 -0.912663 0.556
  9088  3786.667 -0.515723 -0.672563 0.611
  9089  3787.083 +0.071973 -0.841033 0.556
  9090  3787.500 +1.257378 +0.847545 0.611
  9091  3787.917 -0.776694 +1.216203 0.556
  9092  3788.333 -1.216596 +0.729739 0.556
  9093  3788.750 -0.345526 -0.110547 0.667
  9094  3789.167 +0.991724 -0.738309 0.556
  9095  3789.583 +0.713329 -0.578088 0.611
  9096  3790.000 -0.035311 +0.038133 0.611
  9097  3790.417 -0.554404 +1.121777 0.556
  9098  3790.833 +0.405228 -1.429228 0.500
  9099  3791.250 -0.225598 -0.066304 0.722
  9100  3791.667 -0.244858 +1.296749 0.556
  9101  3792.083 +0.445330 -1.114746 0.556
  9102  3792.500 +0.389727 +0.840785 0.611
  9103  3792.917 -0.935725 +0.125521 0.500
  9104  3793.333 +0.261094 -0.358328 0.500
  9105  3793.750 -0.208762 -0.056584 0.556
  9106  3794.167 +0.509612 +0.139511 0.500
  9107  3794.583 -0.321072 -0.105353 0.556
  9108  3795.000 +0.159760 +0.002682 0.556
  9109  3795.417 -0.059733 -0.114251 0.611
  9110  3795.833 +0.006294 -0.052713 0.556
  9111  3796.250 -0.095228 +0.010704 0.611
  9112  3796.667 +0.016048 +0.074862 0.556
  9113  3797.083 +0.053025 +0.050697 0.611
  9114  3797.500 +0.056904 -0.030369 0.556
  9115  3797.917 -0.031864 -0.034308 0.611
  9116  3798.333 -0.057349 +0.019257 0.556
  9117  3798.750 -0.004565 +0.078893 0.611
  9118  3799.167 +0.053327 +0.035576 0.556
  9119  3799.583 +0.047310 -0.035114 0.556
  9120  3800.000 -0.033080 -0.054949 0.000
  9121  3800.417 -0.059156 +0.005289 0.000
  9122  3800.833 -0.013050 +0.055616 0.000
  9123  3801.250 +0.054492 +0.030188 0.000
  9124  3801.667 +0.048374 -0.051133 0.000
  9125  3802.083 -0.015629 -0.076152 0.000
  9126  3802.500 -0.062207 -0.016291 0.000
  9127  3802.917 -0.018165 +0.049690 0.000
  9128  3803.333 +0.036258 +0.018003 0.000
  9129  3803.750 +0.019382 -0.001905 0.000
