# V.34 Phase 3 baseband IQ symbols
# sym_rate=2400  fc=1800  t0=8.0  t1=10.0
# columns: sym_idx  time_ms  I  Q  s_score  pp_score  trn_score  label
     0      0.000  -0.748342  -0.134162  0.000  0.000  0.000  T  d1
     1      0.417  -0.530826  -1.208241  0.000  0.000  0.000  T  d1
     2      0.833  +0.835260  -0.571469  0.000  0.000  0.000  T  d0
     3      1.250  +1.036117  -0.102129  0.000  0.000  0.000  T  d1
     4      1.667  +0.760779  +0.790073  0.000  0.000  0.000  T  d0
     5      2.083  -0.005404  +1.007508  0.000  0.000  0.000  T  d0
     6      2.500  -0.730278  +0.776336  0.000  0.000  0.000  T  d1
     7      2.917  -1.025405  -0.014746  0.000  0.000  0.000  T  d0
     8      3.333  -0.750205  -0.716711  0.000  0.000  0.000  T  d0
     9      3.750  -0.040504  -1.016471  0.000  0.000  0.000  T  d1
    10      4.167  +0.703857  -0.739030  0.000  0.000  0.000  T  d0
    11      4.583  +1.018124  -0.030344  0.000  0.000  0.000  T  d1
    12      5.000  +0.711867  +0.693561  0.000  0.000  0.000  T  d0
    13      5.417  +0.027265  +0.993358  0.000  0.000  0.000  T  d1
    14      5.833  -0.686529  +0.715260  0.000  0.000  0.000  T  d1
    15      6.250  -0.992359  -0.002275  0.000  0.000  0.000  T  d0
    16      6.667  -0.676626  -0.675880  0.000  0.000  0.000  T  d0
    17      7.083  -0.020613  -0.946130  0.000  0.000  0.000  T  d0
    18      7.500  +0.663517  -0.703773  0.000  0.000  0.000  T  d1
    19      7.917  +0.979603  -0.003352  0.000  0.000  0.000  T  d0
    20      8.333  +0.657605  +0.646831  0.000  0.000  0.000  T  d0
    21      8.750  +0.024299  +0.948314  0.000  0.000  0.000  T  d0
    22      9.167  -0.643253  +0.692998  0.000  0.000  0.000  T  d1
    23      9.583  -0.939285  +0.013571  0.000  0.000  0.000  T  d0
    24     10.000  -0.686907  -0.646733  0.000  0.000  0.000  T  d1
    25     10.417  -0.021024  -0.927993  0.000  0.000  0.000  T  d0
    26     10.833  +0.641802  -0.689118  0.000  0.000  0.000  T  d1
    27     11.250  +0.937869  -0.013094  0.000  0.000  0.000  T  d0
    28     11.667  +0.665774  +0.634609  0.000  0.000  0.000  T  d1
    29     12.083  +0.017948  +0.940484  0.000  0.000  0.000  T  d0
    30     12.500  -0.625342  +0.660056  0.000  0.000  0.000  T  d1
    31     12.917  -0.934593  +0.022812  0.000  0.000  0.000  T  d0
    32     13.333  -0.681233  -0.633589  0.531  0.000  0.000  T  d1
    33     13.750  -0.016526  -0.934987  0.547  0.000  0.000  T  d1
    34     14.167  +0.655823  -0.671366  0.547  0.000  0.000  T  d0
    35     14.583  +0.918549  -0.012603  0.547  0.000  0.000  T  d0
    36     15.000  +0.666076  +0.621262  0.562  0.000  0.000  T  d0
    37     15.417  +0.037063  +0.945204  0.547  0.000  0.000  T  d1
    38     15.833  -0.641679  +0.681061  0.547  0.000  0.000  T  d0
    39     16.250  -0.944351  +0.035125  0.547  0.000  0.000  T  d1
    40     16.667  -0.683983  -0.651689  0.547  0.000  0.000  T  d0
    41     17.083  -0.038242  -0.951085  0.531  0.000  0.000  T  d1
    42     17.500  +0.654326  -0.693420  0.531  0.000  0.000  T  d0
    43     17.917  +0.966940  -0.033178  0.516  0.000  0.000  T  d1
    44     18.333  +0.680647  +0.661981  0.531  0.000  0.000  T  d0
    45     18.750  +0.041609  +0.967190  0.516  0.000  0.000  T  d1
    46     19.167  -0.656147  +0.691996  0.516  0.000  0.000  T  d0
    47     19.583  -0.982891  +0.034141  0.516  0.000  0.000  T  d0
    48     20.000  -0.698385  -0.647204  0.516  0.000  0.000  T  d0
    49     20.417  -0.046294  -0.997208  0.516  0.000  0.000  T  d1
    50     20.833  +0.670344  -0.725704  0.500  0.000  0.000  T  d1
    51     21.250  +1.001870  -0.025989  0.516  0.000  0.000  T  d0
    52     21.667  +0.731469  +0.675732  0.516  0.000  0.000  T  d1
    53     22.083  +0.035887  +1.011521  0.516  0.000  0.000  T  d1
    54     22.500  -0.691288  +0.732244  0.516  0.000  0.000  T  d0
    55     22.917  -1.013245  +0.050132  0.516  0.000  0.000  T  d0
    56     23.333  -0.768171  -0.690990  0.516  0.000  0.511  T  d1
    57     23.750  -0.035937  -1.054972  0.516  0.000  0.511  T  d0
    58     24.167  +0.712449  -0.765376  0.516  0.000  0.511  T  d1
    59     24.583  +1.046088  -0.028257  0.516  0.000  0.511  T  d0
    60     25.000  +0.788426  +0.699629  0.500  0.000  0.511  T  d1
    61     25.417  +0.041506  +1.076164  0.500  0.000  0.511  T  d0
    62     25.833  -0.733659  +0.808266  0.500  0.000  0.511  T  d1
    63     26.250  -1.090807  +0.040281  0.500  0.000  0.511  T  d1
    64     26.667  -0.797740  -0.767603  0.500  0.000  0.511  T  d0
    65     27.083  -0.041196  -1.091768  0.500  0.000  0.511  T  d1
    66     27.500  +0.752619  -0.801341  0.516  0.000  0.511  T  d0
    67     27.917  +1.106171  -0.056382  0.516  0.000  0.511  T  d0
    68     28.333  +0.857687  +0.755077  0.516  0.000  0.511  T  d1
    69     28.750  +0.033983  +1.157526  0.500  0.000  0.511  T  d0
    70     29.167  -0.787728  +0.854972  0.516  0.000  0.511  T  d1
    71     29.583  -1.154245  +0.031655  0.500  0.000  0.511  T  d0
    72     30.000  -0.867129  -0.798624  0.516  0.000  0.515  T  d1
    73     30.417  -0.043766  -1.177247  0.500  0.000  0.515  T  d1
    74     30.833  +0.823714  -0.880832  0.516  0.000  0.515  T  d1
    75     31.250  +1.185329  -0.028018  0.500  0.000  0.515  T  d0
    76     31.667  +0.886095  +0.813601  0.516  0.000  0.515  T  d1
    77     32.083  +0.050035  +1.221816  0.500  0.000  0.515  T  d1
    78     32.500  -0.849898  +0.893613  0.500  0.000  0.515  T  d1
    79     32.917  -1.225426  +0.026741  0.500  0.000  0.515  T  d0
    80     33.333  -0.882495  -0.834173  0.484  0.000  0.515  T  d0
    81     33.750  -0.064803  -1.234825  0.469  0.000  0.515  T  d1
    82     34.167  +0.858725  -0.924166  0.469  0.000  0.515  T  d0
    83     34.583  +1.252720  -0.046730  0.484  0.000  0.515  T  d0
    84     35.000  +0.933500  +0.865599  0.469  0.000  0.515  T  d0
    85     35.417  +0.055227  +1.261331  0.469  0.000  0.515  T  d0
    86     35.833  -0.874268  +0.972089  0.484  0.000  0.515  T  d1
    87     36.250  -1.292818  +0.037756  0.469  0.000  0.515  T  d0
    88     36.667  -0.979543  -0.887858  0.469  0.000  0.532  T  d1
    89     37.083  -0.034919  -1.318277  0.469  0.000  0.532  T  d0
    90     37.500  +0.891078  -0.965452  0.469  0.000  0.532  T  d1
    91     37.917  +1.350848  -0.050833  0.469  0.000  0.532  T  d1
    92     38.333  +0.969654  +0.911999  0.469  0.000  0.532  T  d1
    93     38.750  +0.033916  +1.351537  0.469  0.000  0.532  T  d0
    94     39.167  -0.917276  +0.979768  0.469  0.000  0.532  T  d1
    95     39.583  -1.344310  +0.032755  0.484  0.000  0.532  T  d0
    96     40.000  -0.993573  -0.920796  0.484  0.000  0.532  T  d1
    97     40.417  -0.035059  -1.363119  0.484  0.000  0.532  T  d0
    98     40.833  +0.927740  -0.977738  0.484  0.000  0.532  T  d0
    99     41.250  +1.357228  -0.045609  0.484  0.000  0.532  T  d0
   100     41.667  +1.000761  +0.931742  0.484  0.000  0.532  T  d1
   101     42.083  +0.039904  +1.364526  0.484  0.000  0.532  T  d0
   102     42.500  -0.924806  +0.999189  0.484  0.000  0.532  T  d1
   103     42.917  -1.383491  +0.046316  0.484  0.000  0.532  T  d0
   104     43.333  -1.012212  -0.929976  0.484  0.000  0.536  T  d1
   105     43.750  -0.039745  -1.388280  0.484  0.000  0.536  T  d0
   106     44.167  +0.939147  -1.013576  0.500  0.000  0.536  T  d1
   107     44.583  +1.390968  -0.048419  0.500  0.000  0.536  T  d0
   108     45.000  +1.027563  +0.952644  0.484  0.000  0.536  T  d1
   109     45.417  +0.033006  +1.395366  0.484  0.000  0.536  T  d1
   110     45.833  -0.967018  +1.003156  0.484  0.000  0.536  T  d0
   111     46.250  -1.366935  +0.066285  0.484  0.000  0.536  T  d1
   112     46.667  -1.035834  -0.963759  0.469  0.000  0.536  T  d1
   113     47.083  -0.038364  -1.412237  0.453  0.000  0.536  T  d1
   114     47.500  +0.966635  -1.006222  0.453  0.000  0.536  T  d0
   115     47.917  +1.395821  -0.040761  0.438  0.000  0.536  T  d1
   116     48.333  +1.008322  +0.969107  0.438  0.000  0.536  T  d1
   117     48.750  +0.019685  +1.399660  0.438  0.000  0.536  T  d0
   118     49.167  -0.930110  +0.987166  0.422  0.000  0.536  T  d1
   119     49.583  -1.402221  +0.037198  0.438  0.000  0.536  T  d0
   120     50.000  -0.997386  -0.935353  0.438  0.000  0.536  T  d1
   121     50.417  -0.029139  -1.398848  0.453  0.000  0.536  T  d0
   122     50.833  +0.931271  -0.986637  0.438  0.000  0.536  T  d1
   123     51.250  +1.360428  -0.024775  0.453  0.000  0.536  T  d0
   124     51.667  +1.014357  +0.914617  0.469  0.000  0.536  T  d1
   125     52.083  +0.028840  +1.366288  0.469  0.000  0.536  T  d0
   126     52.500  -0.938339  +0.988136  0.469  0.000  0.536  T  d0
   127     52.917  -1.354515  +0.037271  0.469  0.000  0.536  T  d1
   128     53.333  -0.970507  -0.933824  0.453  0.000  0.536  T  d0
   129     53.750  -0.044968  -1.353728  0.453  0.000  0.536  T  d1
   130     54.167  +0.949647  -0.964272  0.438  0.000  0.536  T  d0
   131     54.583  +1.344214  -0.022591  0.422  0.000  0.536  T  d0
   132     55.000  +0.955226  +0.910979  0.406  0.000  0.536  T  d1
   133     55.417  +0.020511  +1.338205  0.406  0.000  0.536  T  d0
   134     55.833  -0.883021  +0.972696  0.391  0.000  0.536  T  d1
   135     56.250  -1.301023  +0.026401  0.391  0.000  0.536  T  d0
   136     56.667  -0.972853  -0.885602  0.375  0.000  0.545  T  d1
   137     57.083  -0.035786  -1.255821  0.375  0.000  0.545  T  d0
   138     57.500  +0.832083  -0.932950  0.359  0.427  0.545  P  d1
   139     57.917  +1.279473  -0.041323  0.359  0.427  0.545  P  d1
   140     58.333  +0.855922  +0.872057  0.344  0.427  0.545  P  d1
   141     58.750  -0.090451  +1.276108  0.344  0.427  0.545  P  d1
   142     59.167  -1.463557  +0.396246  0.344  0.427  0.545  P  d1
   143     59.583  -0.335139  -0.688922  0.328  0.427  0.545  P  d1
   144     60.000  +0.356294  -0.238471  0.328  0.427  0.545  P  d2
   145     60.417  -0.183568  -0.020817  0.328  0.427  0.545  P  d2
   146     60.833  +0.144502  -0.058707  0.328  0.427  0.545  P  d3
   147     61.250  +0.041425  -0.127911  0.312  0.427  0.545  P  d0
   148     61.667  +0.150566  -0.109814  0.312  0.427  0.545  P  d0
   149     62.083  +0.044762  -0.052376  0.312  0.427  0.545  P  d1
   150     62.500  +0.027040  +0.036905  0.297  0.435  0.545  P  d0
   151     62.917  -0.017570  +0.134754  0.297  0.435  0.545  P  d0
   152     63.333  +0.004932  +0.103952  0.281  0.435  0.536  P  d0
   153     63.750  -0.003855  +0.104671  0.281  0.435  0.536  P  d1
   154     64.167  -0.039315  -0.028509  0.266  0.435  0.536  P  d0
   155     64.583  -0.043495  -0.042531  0.266  0.435  0.536  P  d0
   156     65.000  -0.010876  -0.059037  0.250  0.435  0.536  P  d3
   157     65.417  -0.021842  -0.002622  0.250  0.435  0.536  P  d0
   158     65.833  -0.007060  +0.001314  0.234  0.435  0.536  P  d2
   159     66.250  +0.018374  -0.011828  0.219  0.435  0.536  P  d1
   160     66.667  +0.014393  +0.006234  0.219  0.435  0.536  P  d1
   161     67.083  +0.002818  +0.013448  0.203  0.435  0.536  P  d2
   162     67.500  +0.004962  -0.016893  0.203  0.434  0.536  P  d1
   163     67.917  +0.023412  +0.019953  0.188  0.434  0.536  P  d2
   164     68.333  -0.005708  -0.000791  0.172  0.434  0.536  P  d1
   165     68.750  +0.035387  -0.029062  0.172  0.434  0.536  P  d3
   166     69.167  -0.016882  -0.004917  0.156  0.434  0.536  P  d3
   167     69.583  +0.006576  +0.015711  0.156  0.434  0.536  P  d1
   168     70.000  -0.015125  +0.014170  0.141  0.434  0.524  P  d1
   169     70.417  -0.017309  -0.044206  0.141  0.434  0.524  P  d3
   170     70.833  -0.017027  +0.017238  0.125  0.434  0.524  P  d3
   171     71.250  +0.034905  +0.014468  0.125  0.434  0.524  P  d2
   172     71.667  -0.044710  -0.002417  0.125  0.434  0.524  P  d3
   173     72.083  -0.012185  +0.022123  0.125  0.434  0.524  P  d2
   174     72.500  +0.020301  -0.013591  0.125  0.421  0.524  P  d2
   175     72.917  -0.014221  +0.014755  0.125  0.421  0.524  P  d2
   176     73.333  +0.013916  -0.017701  0.125  0.421  0.524  P  d1
   177     73.750  +0.027355  +0.025275  0.125  0.421  0.524  P  d3
   178     74.167  +0.007502  -0.006631  0.125  0.421  0.524  P  d3
   179     74.583  -0.001615  -0.004684  0.125  0.421  0.524  P  d2
   180     75.000  +0.013559  +0.010597  0.109  0.421  0.524  P  d2
   181     75.417  -0.009687  -0.018741  0.094  0.421  0.524  P  d1
   182     75.833  +0.010408  -0.018290  0.094  0.421  0.524  P  d3
   183     76.250  -0.018650  +0.004539  0.078  0.421  0.524  P  d1
   184     76.667  -0.009893  -0.011577  0.078  0.421  0.536  P  d1
   185     77.083  +0.002492  -0.012783  0.062  0.421  0.536  P  d2
   186     77.500  +0.000898  +0.020195  0.062  0.390  0.536  P  d1
   187     77.917  -0.018015  -0.013752  0.047  0.390  0.536  P  d2
   188     78.333  +0.009548  +0.006596  0.031  0.390  0.536  P  d1
   189     78.750  -0.033025  +0.034615  0.031  0.390  0.536  P  d3
   190     79.167  +0.017691  +0.008941  0.016  0.390  0.536  P  d2
   191     79.583  -0.005184  -0.013374  0.016  0.390  0.536  P  d1
   192     80.000  +0.013653  -0.011970  0.016  0.390  0.536  P  d1
   193     80.417  +0.016474  +0.044274  0.031  0.390  0.536  P  d3
   194     80.833  +0.015907  -0.017501  0.047  0.390  0.536  P  d3
   195     81.250  -0.036540  -0.015764  0.047  0.390  0.536  P  d2
   196     81.667  +0.043361  +0.000857  0.062  0.390  0.536  P  d3
   197     82.083  +0.011321  -0.023599  0.062  0.390  0.536  P  d2
   198     82.500  -0.020664  +0.011967  0.078  0.338  0.536  P  d2
   199     82.917  +0.013675  -0.014867  0.078  0.338  0.536  P  d2
   200     83.333  -0.013421  +0.016305  0.078  0.338  0.519  P  d1
   201     83.750  -0.027443  -0.025041  0.078  0.338  0.519  P  d3
   202     84.167  -0.007181  +0.007211  0.078  0.338  0.519  P  d3
   203     84.583  +0.001506  +0.004428  0.094  0.338  0.519  P  d2
   204     85.000  -0.012994  -0.010559  0.094  0.338  0.519  P  d2
   205     85.417  +0.009777  +0.019041  0.109  0.338  0.519  P  d1
   206     85.833  -0.010127  +0.018556  0.125  0.338  0.519  P  d3
   207     86.250  +0.018517  -0.004506  0.125  0.338  0.519  P  d1
   208     86.667  +0.009872  +0.011744  0.141  0.338  0.519  P  d1
   209     87.083  -0.002564  +0.010949  0.156  0.338  0.519  P  d2
   210     87.500  -0.001576  -0.016644  0.172  0.261  0.519  P  d1
   211     87.917  +0.018582  +0.010679  0.172  0.261  0.519  P  d2
   212     88.333  -0.008477  -0.009626  0.172  0.261  0.519  P  d1
   213     88.750  +0.032818  -0.031981  0.188  0.261  0.519  P  d3
   214     89.167  -0.010297  -0.004013  0.203  0.261  0.519  P  d3
   215     89.583  -0.003658  +0.009025  0.203  0.261  0.519  P  d0
   216     90.000  -0.011594  +0.015112  0.203  0.261  0.511  P  d1
   217     90.417  -0.014765  -0.041264  0.219  0.261  0.511  P  d3
   218     90.833  -0.017700  +0.013139  0.234  0.261  0.511  P  d3
   219     91.250  +0.038731  +0.019226  0.250  0.261  0.511  P  d2
   220     91.667  -0.048703  +0.003917  0.250  0.261  0.511  P  d3
   221     92.083  -0.003246  +0.019797  0.250  0.261  0.511  P  d2
   222     92.500  +0.009282  -0.007134  0.250  0.146  0.511  P  d2
   223     92.917  -0.029004  +0.003446  0.250  0.146  0.511  P  d2
   224     93.333  +0.041899  -0.010346  0.250  0.146  0.511  P  d0
   225     93.750  +0.011499  +0.006236  0.250  0.146  0.511  P  d0
   226     94.167  +0.008865  +0.010636  0.250  0.146  0.511  P  d2
   227     94.583  -0.001486  -0.012517  0.266  0.146  0.511  P  d0
   228     95.000  -0.009267  -0.015202  0.266  0.146  0.511  P  d1
   229     95.417  +0.014035  -0.016071  0.281  0.146  0.511  P  d0
   230     95.833  +0.022524  -0.021872  0.281  0.146  0.511  P  d2
   231     96.250  -0.003858  +0.010912  0.281  0.146  0.511  P  d3
   232     96.667  +0.018771  +0.019125  0.281  0.146  0.489  P  d2
   233     97.083  -0.042489  -0.018194  0.281  0.146  0.489  P  d2
   234     97.500  +0.019730  +0.037004  0.281  0.000  0.489  T  d0
   235     97.917  +0.007808  +0.007456  0.281  0.000  0.489  T  d1
   236     98.333  -0.010263  +0.031896  0.281  0.000  0.489  T  d0
   237     98.750  -0.039156  +0.050756  0.281  0.000  0.489  T  d0
   238     99.167  -0.019808  +0.011837  0.281  0.000  0.489  T  d1
   239     99.583  -0.026898  -0.018778  0.281  0.000  0.489  T  d0
   240    100.000  -0.026134  -0.063336  0.281  0.000  0.489  T  d0
   241    100.417  -0.028875  -0.057342  0.281  0.000  0.489  T  d0
   242    100.833  -0.016182  -0.089440  0.297  0.000  0.489  T  d1
   243    101.250  +0.033585  -0.023170  0.297  0.000  0.489  T  d1
   244    101.667  +0.090567  +0.018838  0.297  0.000  0.489  T  d0
   245    102.083  +0.111184  +0.040221  0.297  0.000  0.489  T  d0
   246    102.500  +0.096474  +0.064836  0.297  0.000  0.489  T  d1
   247    102.917  -0.005777  +0.058638  0.297  0.000  0.489  T  d1
   248    103.333  -0.058318  +0.037698  0.281  0.000  0.468  T  d0
   249    103.750  -0.070759  +0.008177  0.281  0.000  0.468  T  d0
   250    104.167  -0.112741  -0.010856  0.297  0.000  0.468  T  d0
   251    104.583  -0.018342  -0.001056  0.297  0.000  0.468  T  d1
   252    105.000  -0.028314  -0.038628  0.312  0.000  0.468  T  d1
   253    105.417  +0.020419  -0.031419  0.312  0.000  0.468  T  d1
   254    105.833  +0.034193  -0.002791  0.312  0.000  0.468  T  d3
   255    106.250  -0.018826  -0.018044  0.328  0.000  0.468  T  d1
   256    106.667  +0.033916  -0.018460  0.328  0.000  0.468  T  d1
   257    107.083  +0.034326  +0.013948  0.328  0.000  0.468  T  d1
   258    107.500  +0.001533  +0.004438  0.328  0.000  0.468  T  d0
   259    107.917  +0.018487  +0.013012  0.328  0.000  0.468  T  d2
   260    108.333  -0.008012  -0.004039  0.312  0.000  0.468  T  d0
   261    108.750  -0.009937  -0.007358  0.328  0.000  0.468  T  d2
   262    109.167  +0.024405  +0.013390  0.328  0.000  0.468  T  d1
   263    109.583  -0.017468  +0.028054  0.328  0.000  0.468  T  d1
   264    110.000  -0.021662  -0.026833  0.344  0.000  0.468  T  d2
   265    110.417  +0.018151  +0.012234  0.344  0.000  0.468  T  d2
   266    110.833  -0.010213  -0.011702  0.359  0.000  0.468  T  d3
   267    111.250  -0.013910  +0.023656  0.344  0.000  0.468  T  d2
   268    111.667  +0.015753  -0.014200  0.359  0.000  0.468  T  d3
   269    112.083  -0.034251  -0.007544  0.344  0.000  0.468  T  d2
   270    112.500  +0.027456  -0.016274  0.344  0.000  0.468  T  d2
   271    112.917  -0.004777  +0.009907  0.359  0.000  0.468  T  d3
   272    113.333  +0.027454  +0.000378  0.359  0.000  0.468  T  d1
   273    113.750  +0.000685  +0.009028  0.359  0.000  0.468  T  d0
   274    114.167  -0.014849  +0.022547  0.344  0.000  0.468  T  d2
   275    114.583  +0.005751  -0.013276  0.344  0.000  0.468  T  d2
   276    115.000  +0.004047  +0.014064  0.344  0.000  0.468  T  d1
   277    115.417  -0.012620  +0.016264  0.328  0.000  0.468  T  d1
   278    115.833  -0.031172  -0.020321  0.328  0.000  0.468  T  d2
   279    116.250  +0.020729  -0.000175  0.328  0.000  0.468  T  d2
   280    116.667  -0.015099  +0.002298  0.344  0.000  0.472  T  d1
   281    117.083  -0.008910  -0.025141  0.328  0.000  0.472  T  d0
   282    117.500  -0.027445  -0.026422  0.312  0.065  0.472  T  d1
   283    117.917  +0.022462  -0.028546  0.297  0.065  0.472  T  d0
   284    118.333  +0.011652  -0.008671  0.297  0.065  0.472  T  d1
   285    118.750  +0.008029  +0.001682  0.312  0.065  0.472  T  d3
   286    119.167  +0.013396  -0.017976  0.312  0.065  0.472  T  d0
   287    119.583  +0.044025  -0.013005  0.328  0.065  0.472  T  d1
   288    120.000  +0.049805  +0.098168  0.328  0.065  0.472  T  d0
   289    120.417  +0.016952  +0.073495  0.344  0.065  0.472  T  d0
   290    120.833  +0.032775  +0.045706  0.359  0.065  0.472  T  d1
   291    121.250  -0.049942  +0.044651  0.344  0.065  0.472  T  d1
   292    121.667  -0.075915  -0.016063  0.359  0.065  0.472  T  d0
   293    122.083  -0.079190  -0.075126  0.359  0.065  0.472  T  d0
   294    122.500  -0.106049  -0.061465  0.375  0.148  0.472  P  d1
   295    122.917  -0.010347  -0.067945  0.391  0.148  0.472  P  d0
   296    123.333  +0.039368  -0.054496  0.391  0.148  0.485  P  d1
   297    123.750  +0.093426  +0.020709  0.406  0.148  0.485  P  d0
   298    124.167  +0.079890  -0.017342  0.422  0.148  0.485  P  d1
   299    124.583  +0.020571  +0.027337  0.422  0.148  0.485  P  d0
   300    125.000  +0.022617  +0.036375  0.438  0.148  0.485  P  d1
   301    125.417  -0.021424  +0.031866  0.453  0.148  0.485  P  d0
   302    125.833  -0.025464  +0.043033  0.469  0.148  0.485  P  d0
   303    126.250  -0.005787  +0.001551  0.469  0.148  0.485  P  d0
   304    126.667  -0.013924  +0.015221  0.469  0.148  0.485  P  d0
   305    127.083  -0.022457  +0.004784  0.484  0.148  0.485  P  d1
   306    127.500  -0.015547  -0.025691  0.484  0.151  0.485  P  d1
   307    127.917  +0.010974  -0.002909  0.500  0.151  0.485  P  d3
   308    128.333  -0.008328  -0.022008  0.500  0.151  0.485  P  d1
   309    128.750  +0.039437  -0.042589  0.516  0.151  0.485  P  d0
   310    129.167  +0.000977  -0.009757  0.531  0.151  0.485  P  d1
   311    129.583  +0.010831  +0.010357  0.531  0.151  0.485  P  d0
   312    130.000  +0.003267  +0.023214  0.531  0.151  0.494  P  d2
   313    130.417  -0.002018  -0.025969  0.531  0.151  0.494  P  d2
   314    130.833  -0.009676  +0.035158  0.531  0.151  0.494  P  d3
   315    131.250  +0.039672  +0.043250  0.531  0.151  0.494  P  d1
   316    131.667  -0.056404  +0.027067  0.516  0.151  0.494  P  d0
   317    132.083  -0.021105  +0.036611  0.516  0.151  0.494  P  d1
   318    132.500  -0.009640  +0.000682  0.516  0.169  0.494  P  d0
   319    132.917  -0.058609  -0.006203  0.500  0.169  0.494  P  d1
   320    133.333  -0.026763  -0.069606  0.516  0.169  0.494  P  d0
   321    133.750  -0.028494  -0.094706  0.500  0.169  0.494  P  d0
   322    134.167  +0.016720  -0.089913  0.484  0.169  0.494  P  d1
   323    134.583  +0.058922  -0.033470  0.484  0.169  0.494  P  d0
   324    135.000  +0.088787  +0.010926  0.484  0.169  0.494  P  d0
   325    135.417  +0.140114  +0.069686  0.469  0.169  0.494  P  d0
   326    135.833  +0.051107  +0.079038  0.453  0.169  0.494  P  d0
   327    136.250  +0.070893  +0.047276  0.453  0.169  0.494  P  d1
   328    136.667  -0.107266  +0.100021  0.438  0.169  0.489  P  d0
   329    137.083  -0.145811  +0.104000  0.438  0.169  0.489  P  d0
   330    137.500  -0.143296  -0.011397  0.422  0.215  0.489  P  d1
   331    137.917  -0.004098  -0.024269  0.422  0.215  0.489  P  d0
   332    138.333  -0.043743  -0.122085  0.406  0.215  0.489  P  d0
   333    138.750  +0.004331  -0.146691  0.406  0.215  0.489  P  d0
   334    139.167  +0.087445  -0.116029  0.391  0.215  0.489  P  d1
   335    139.583  +0.075862  -0.002133  0.375  0.215  0.489  P  d1
   336    140.000  +0.057197  +0.079427  0.359  0.215  0.489  P  d0
   337    140.417  +0.002147  +0.145239  0.359  0.215  0.489  P  d0
   338    140.833  -0.002064  +0.091640  0.375  0.215  0.489  P  d0
   339    141.250  -0.034875  +0.048698  0.391  0.215  0.489  P  d1
   340    141.667  -0.022589  -0.024906  0.391  0.215  0.489  P  d0
   341    142.083  -0.063448  -0.132759  0.391  0.215  0.489  P  d0
   342    142.500  -0.031351  -0.102587  0.391  0.251  0.489  P  d1
   343    142.917  +0.053049  -0.041100  0.406  0.251  0.489  P  d1
   344    143.333  +0.036644  +0.023060  0.391  0.251  0.498  P  d1
   345    143.750  +0.006908  +0.046548  0.406  0.251  0.498  P  d0
   346    144.167  +0.046384  +0.087363  0.422  0.251  0.498  P  d3
   347    144.583  +0.005949  -0.011731  0.422  0.251  0.498  P  d2
   348    145.000  -0.021179  +0.046954  0.422  0.251  0.498  P  d1
   349    145.417  -0.017244  -0.020718  0.422  0.251  0.498  P  d1
   350    145.833  +0.002958  -0.012434  0.438  0.251  0.498  P  d3
   351    146.250  -0.027030  +0.007539  0.438  0.251  0.498  P  d0
   352    146.667  -0.014880  +0.023332  0.438  0.251  0.498  P  d2
   353    147.083  +0.010335  -0.065076  0.438  0.251  0.498  P  d2
   354    147.500  -0.014234  +0.021525  0.438  0.205  0.498  P  d1
   355    147.917  -0.006108  -0.012220  0.453  0.205  0.498  P  d1
   356    148.333  +0.021856  -0.012683  0.438  0.205  0.498  P  d2
   357    148.750  -0.005258  +0.010444  0.438  0.205  0.498  P  d1
   358    149.167  -0.002133  -0.000105  0.438  0.205  0.498  P  d1
   359    149.583  +0.012735  -0.013840  0.422  0.205  0.498  P  d2
   360    150.000  -0.011927  +0.017028  0.422  0.205  0.485  P  d2
   361    150.417  +0.002373  -0.019742  0.406  0.205  0.485  P  d1
   362    150.833  +0.018094  +0.012121  0.391  0.205  0.485  P  d2
   363    151.250  -0.013139  -0.002684  0.406  0.205  0.485  P  d2
   364    151.667  +0.005150  -0.001122  0.391  0.205  0.485  P  d3
   365    152.083  +0.000586  -0.008595  0.391  0.205  0.485  P  d3
   366    152.500  -0.013376  -0.012440  0.375  0.172  0.485  P  d2
   367    152.917  +0.035565  +0.016114  0.375  0.172  0.485  P  d1
   368    153.333  +0.000409  +0.001487  0.391  0.172  0.485  P  d0
   369    153.750  +0.010329  +0.011588  0.391  0.172  0.485  P  d0
   370    154.167  +0.008892  +0.015197  0.391  0.172  0.485  P  d0
   371    154.583  +0.001439  +0.043353  0.391  0.172  0.485  P  d1
   372    155.000  -0.008602  -0.003621  0.391  0.172  0.485  P  d3
   373    155.417  -0.003996  +0.026363  0.391  0.172  0.485  P  d0
   374    155.833  -0.022004  +0.017606  0.391  0.172  0.485  P  d0
   375    156.250  -0.050606  +0.006338  0.391  0.172  0.485  P  d1
   376    156.667  -0.058899  -0.097225  0.406  0.172  0.481  P  d0
   377    157.083  -0.017529  -0.070175  0.422  0.172  0.481  P  d0
   378    157.500  -0.016405  -0.064359  0.422  0.138  0.481  P  d1
   379    157.917  +0.031562  -0.038115  0.422  0.138  0.481  P  d1
   380    158.333  +0.083145  +0.030193  0.422  0.138  0.481  P  d0
   381    158.750  +0.094720  +0.062058  0.438  0.138  0.481  P  d0
   382    159.167  +0.089104  +0.070251  0.453  0.138  0.481  P  d0
   383    159.583  +0.015398  +0.050509  0.453  0.138  0.481  P  d1
   384    160.000  -0.040095  +0.048112  0.438  0.138  0.481  P  d0
   385    160.417  -0.095593  +0.029595  0.453  0.138  0.481  P  d0
   386    160.833  -0.074359  -0.023705  0.469  0.138  0.481  P  d0
   387    161.250  -0.070129  -0.039125  0.484  0.138  0.481  P  d1
   388    161.667  +0.033951  -0.047380  0.484  0.138  0.481  P  d0
   389    162.083  +0.028951  -0.040034  0.500  0.138  0.481  P  d0
   390    162.500  +0.004243  -0.013128  0.516  0.156  0.481  P  d1
   391    162.917  +0.044765  -0.017837  0.516  0.156  0.481  P  d1
   392    163.333  +0.017712  +0.020349  0.531  0.156  0.506  P  d2
   393    163.750  -0.000456  -0.005903  0.547  0.156  0.506  P  d2
   394    164.167  +0.010146  +0.033702  0.562  0.156  0.506  P  d0
   395    164.583  +0.008384  +0.037584  0.578  0.156  0.506  P  d1
   396    165.000  -0.022247  +0.020499  0.578  0.156  0.506  P  d0
   397    165.417  -0.011297  +0.043808  0.594  0.156  0.506  P  d1
   398    165.833  -0.046441  +0.027137  0.609  0.156  0.506  P  d1
   399    166.250  -0.028901  -0.027266  0.625  0.156  0.506  P  d0
   400    166.667  -0.051647  -0.080438  0.625  0.156  0.506  P  d0
   401    167.083  +0.000369  -0.066621  0.625  0.156  0.506  P  d0
   402    167.500  +0.015049  -0.069628  0.625  0.102  0.506  T  d0
   403    167.917  -0.003108  -0.028473  0.625  0.102  0.506  T  d1
   404    168.333  +0.089460  -0.007864  0.625  0.102  0.506  T  d0
   405    168.750  +0.144777  +0.013909  0.641  0.102  0.506  T  d0
   406    169.167  +0.124650  +0.082857  0.641  0.102  0.506  T  d1
   407    169.583  -0.010485  +0.103341  0.625  0.102  0.506  T  d0
   408    170.000  -0.065633  +0.080745  0.625  0.102  0.494  T  d0
   409    170.417  -0.130985  +0.072457  0.609  0.102  0.494  T  d0
   410    170.833  -0.140046  +0.022044  0.609  0.102  0.494  T  d1
   411    171.250  -0.045375  -0.038441  0.625  0.102  0.494  T  d1
   412    171.667  +0.008109  -0.105254  0.625  0.102  0.494  T  d0
   413    172.083  +0.021989  -0.145849  0.609  0.102  0.494  T  d0
   414    172.500  +0.046469  -0.109991  0.594  0.092  0.494  T  d1
   415    172.917  +0.076588  +0.007375  0.578  0.092  0.494  T  d1
   416    173.333  +0.041405  +0.080188  0.594  0.092  0.494  T  d0
   417    173.750  +0.001823  +0.145293  0.594  0.092  0.494  T  d0
   418    174.167  -0.031922  +0.089066  0.578  0.092  0.494  T  d0
   419    174.583  -0.050834  +0.033086  0.562  0.092  0.494  T  d1
   420    175.000  -0.020799  -0.044006  0.578  0.092  0.494  T  d0
   421    175.417  -0.068032  -0.144426  0.578  0.092  0.494  T  d0
   422    175.833  -0.007881  -0.120279  0.578  0.092  0.494  T  d1
   423    176.250  +0.059584  -0.034658  0.578  0.092  0.494  T  d0
   424    176.667  +0.078662  +0.007504  0.594  0.092  0.485  T  d0
   425    177.083  +0.111887  +0.070101  0.594  0.092  0.485  T  d0
   426    177.500  +0.067312  +0.063952  0.609  0.137  0.485  P  d0
   427    177.917  +0.004596  +0.088084  0.609  0.137  0.485  P  d1
   428    178.333  -0.098984  +0.045785  0.625  0.137  0.485  P  d0
   429    178.750  -0.144603  +0.035627  0.609  0.137  0.485  P  d0
   430    179.167  -0.102692  +0.001018  0.625  0.137  0.485  P  d0
   431    179.583  -0.047413  -0.045268  0.625  0.137  0.485  P  d1
   432    180.000  +0.046913  -0.115697  0.609  0.137  0.485  P  d0
   433    180.417  +0.133603  -0.057021  0.609  0.137  0.485  P  d0
   434    180.833  +0.100465  -0.053044  0.609  0.137  0.485  P  d0
   435    181.250  +0.069084  +0.012273  0.594  0.137  0.485  P  d1
   436    181.667  -0.041582  +0.054182  0.594  0.137  0.485  P  d0
   437    182.083  -0.055676  +0.104919  0.594  0.137  0.485  P  d0
   438    182.500  -0.095996  +0.060289  0.594  0.105  0.485  T  d1
   439    182.917  -0.025976  -0.013002  0.594  0.105  0.485  T  d3
   440    183.333  -0.008920  +0.008852  0.594  0.105  0.481  T  d2
   441    183.750  +0.037350  -0.064999  0.594  0.105  0.481  T  d0
   442    184.167  +0.005788  -0.014801  0.594  0.105  0.481  T  d0
   443    184.583  +0.009143  -0.022648  0.609  0.105  0.481  T  d2
   444    185.000  -0.006467  +0.002805  0.609  0.105  0.481  T  d3
   445    185.417  -0.005960  +0.017874  0.609  0.105  0.481  T  d1
   446    185.833  -0.023573  -0.000398  0.609  0.105  0.481  T  d1
   447    186.250  +0.005044  -0.022110  0.625  0.105  0.481  T  d0
   448    186.667  +0.004997  -0.036811  0.625  0.105  0.481  T  d0
   449    187.083  +0.062629  -0.099271  0.609  0.105  0.481  T  d1
   450    187.500  +0.058738  -0.009304  0.609  0.024  0.481  T  d1
   451    187.917  +0.001756  +0.035756  0.594  0.024  0.481  T  d0
   452    188.333  +0.017364  +0.086798  0.594  0.024  0.481  T  d0
   453    188.750  -0.031571  +0.082788  0.594  0.024  0.481  T  d0
   454    189.167  -0.011413  +0.107744  0.594  0.024  0.481  T  d1
   455    189.583  -0.045547  +0.014510  0.594  0.024  0.481  T  d0
   456    190.000  -0.064855  -0.009159  0.594  0.024  0.476  T  d1
   457    190.417  -0.037091  -0.110800  0.578  0.024  0.476  T  d0
   458    190.833  +0.005978  -0.065449  0.578  0.024  0.476  T  d0
   459    191.250  +0.011941  -0.078437  0.562  0.024  0.476  T  d0
   460    191.667  +0.035844  -0.031407  0.562  0.024  0.476  T  d1
   461    192.083  +0.102947  +0.036977  0.562  0.024  0.476  T  d0
   462    192.500  +0.028828  +0.008876  0.562  0.027  0.476  T  d1
   463    192.917  +0.032303  +0.074342  0.562  0.027  0.476  T  d1
   464    193.333  -0.040923  +0.044801  0.562  0.027  0.476  T  d0
   465    193.750  -0.037023  +0.087392  0.562  0.027  0.476  T  d0
   466    194.167  -0.078289  +0.058643  0.547  0.027  0.476  T  d1
   467    194.583  -0.075427  -0.017065  0.547  0.027  0.476  T  d1
   468    195.000  -0.017366  -0.057357  0.547  0.027  0.476  T  d0
   469    195.417  -0.048272  -0.161119  0.547  0.027  0.476  T  d0
   470    195.833  +0.006628  -0.121168  0.547  0.027  0.476  T  d1
   471    196.250  +0.079260  -0.036324  0.562  0.027  0.476  T  d0
   472    196.667  +0.092137  +0.012718  0.562  0.027  0.472  T  d0
   473    197.083  +0.124106  +0.072634  0.578  0.027  0.472  T  d0
   474    197.500  +0.074203  +0.068052  0.578  0.047  0.472  T  d0
   475    197.917  +0.009384  +0.089186  0.562  0.047  0.472  T  d1
   476    198.333  -0.095544  +0.047086  0.562  0.047  0.472  T  d0
   477    198.750  -0.142389  +0.036926  0.578  0.047  0.472  T  d0
   478    199.167  -0.099513  +0.003283  0.594  0.047  0.472  T  d0
   479    199.583  -0.044340  -0.038947  0.594  0.047  0.472  T  d1
   480    200.000  +0.051005  -0.105084  0.578  0.047  0.472  T  d1
   481    200.417  +0.135173  -0.041507  0.578  0.047  0.472  T  d0
   482    200.833  +0.100008  -0.034392  0.594  0.047  0.472  T  d1
   483    201.250  +0.064562  +0.034384  0.594  0.047  0.472  T  d1
   484    201.667  -0.053784  +0.074044  0.578  0.047  0.472  T  d0
   485    202.083  -0.075146  +0.118501  0.562  0.047  0.472  T  d0
   486    202.500  -0.124015  +0.060690  0.547  0.041  0.472  T  d1
   487    202.917  -0.058651  -0.031231  0.547  0.041  0.472  T  d0
   488    203.333  -0.050229  -0.048730  0.547  0.041  0.498  T  d1
   489    203.750  +0.005881  -0.175797  0.562  0.041  0.498  T  d0
   490    204.167  -0.010125  -0.106859  0.562  0.041  0.498  T  d1
   491    204.583  +0.098671  -0.073878  0.547  0.041  0.498  T  d1
   492    205.000  +0.077911  +0.033848  0.531  0.041  0.498  T  d0
   493    205.417  +0.161674  +0.119384  0.547  0.041  0.498  T  d0
   494    205.833  +0.037856  +0.118458  0.547  0.041  0.498  T  d0
   495    206.250  +0.001872  +0.050795  0.547  0.041  0.498  T  d1
   496    206.667  -0.071371  +0.017495  0.547  0.041  0.498  T  d0
   497    207.083  -0.104537  +0.047904  0.547  0.041  0.498  T  d1
   498    207.500  -0.092392  -0.047313  0.547  0.067  0.498  T  d0
   499    207.917  -0.043756  -0.033697  0.562  0.067  0.498  T  d1
   500    208.333  -0.004000  -0.049851  0.562  0.067  0.498  T  d0
   501    208.750  +0.040958  -0.089388  0.562  0.067  0.498  T  d0
   502    209.167  +0.036153  -0.030091  0.562  0.067  0.498  T  d0
   503    209.583  +0.048673  -0.002940  0.562  0.067  0.498  T  d1
   504    210.000  +0.053405  +0.055159  0.562  0.067  0.472  T  d0
   505    210.417  +0.051707  +0.052446  0.547  0.067  0.472  T  d0
   506    210.833  +0.037651  +0.093385  0.547  0.067  0.472  T  d1
   507    211.250  -0.019328  +0.030682  0.547  0.067  0.472  T  d1
   508    211.667  -0.081412  -0.008677  0.562  0.067  0.472  T  d0
   509    212.083  -0.110010  -0.026506  0.547  0.067  0.472  T  d0
   510    212.500  -0.101166  -0.053407  0.531  0.102  0.472  T  d1
   511    212.917  -0.004646  -0.047998  0.531  0.102  0.472  T  d1
   512    213.333  +0.043721  -0.030615  0.531  0.102  0.472  T  d0
   513    213.750  +0.051942  -0.004353  0.531  0.102  0.472  T  d0
   514    214.167  +0.092358  +0.007708  0.516  0.102  0.472  T  d3
   515    214.583  -0.000660  -0.006464  0.516  0.102  0.472  T  d2
   516    215.000  +0.013983  +0.025560  0.516  0.102  0.472  T  d1
   517    215.417  -0.028658  +0.015055  0.500  0.102  0.472  T  d1
   518    215.833  -0.028803  -0.022795  0.484  0.102  0.472  T  d2
   519    216.250  +0.038403  -0.002217  0.484  0.102  0.472  T  d0
   520    216.667  +0.031096  +0.011010  0.469  0.102  0.459  T  d0
   521    217.083  +0.064914  +0.016437  0.484  0.102  0.459  T  d0
   522    217.500  +0.018148  -0.010229  0.484  0.082  0.459  T  d1
   523    217.917  -0.014227  +0.055975  0.484  0.082  0.459  T  d1
   524    218.333  -0.071953  +0.026474  0.500  0.082  0.459  T  d0
   525    218.750  -0.133173  +0.028545  0.500  0.082  0.459  T  d0
   526    219.167  -0.075581  +0.003326  0.500  0.082  0.459  T  d1
   527    219.583  -0.032708  -0.034546  0.484  0.082  0.459  T  d1
   528    220.000  +0.061752  -0.102427  0.500  0.082  0.459  T  d0
   529    220.417  +0.138004  -0.040578  0.484  0.082  0.459  T  d0
   530    220.833  +0.100740  -0.041432  0.500  0.082  0.459  T  d0
   531    221.250  +0.063430  +0.024926  0.484  0.082  0.459  T  d1
   532    221.667  -0.051454  +0.057740  0.484  0.082  0.459  T  d0
   533    222.083  -0.066120  +0.105191  0.484  0.082  0.459  T  d0
   534    222.500  -0.105935  +0.053418  0.484  0.083  0.459  T  d1
   535    222.917  -0.030886  -0.025299  0.469  0.083  0.459  T  d0
   536    223.333  -0.008878  -0.006920  0.469  0.083  0.468  T  d1
   537    223.750  +0.044716  -0.083547  0.469  0.083  0.468  T  d0
   538    224.167  +0.021161  -0.031339  0.469  0.083  0.468  T  d0
   539    224.583  +0.030541  -0.035123  0.469  0.083  0.468  T  d0
   540    225.000  +0.018069  -0.001446  0.469  0.083  0.468  T  d1
   541    225.417  +0.018973  +0.024977  0.469  0.083  0.468  T  d1
   542    225.833  -0.004342  +0.022700  0.469  0.083  0.468  T  d0
   543    226.250  +0.010148  +0.016225  0.469  0.083  0.468  T  d1
   544    226.667  -0.025457  +0.036166  0.484  0.083  0.468  T  d1
   545    227.083  -0.023416  -0.008887  0.484  0.083  0.468  T  d3
   546    227.500  +0.004643  +0.014484  0.469  0.066  0.468  T  d1
   547    227.917  -0.072054  -0.008073  0.484  0.066  0.468  T  d2
   548    228.333  +0.015113  -0.002289  0.500  0.066  0.468  T  d3
   549    228.750  +0.010743  -0.033887  0.516  0.066  0.468  T  d3
   550    229.167  -0.023506  -0.014749  0.516  0.066  0.468  T  d1
   551    229.583  +0.012492  -0.027687  0.516  0.066  0.468  T  d1
   552    230.000  +0.072682  -0.007409  0.500  0.066  0.476  T  d0
   553    230.417  +0.075670  +0.016908  0.500  0.066  0.476  T  d0
   554    230.833  +0.065385  +0.002672  0.500  0.066  0.476  T  d1
   555    231.250  -0.023292  +0.040857  0.500  0.066  0.476  T  d0
   556    231.667  -0.069997  +0.058864  0.516  0.066  0.476  T  d0
   557    232.083  -0.123490  +0.016659  0.516  0.066  0.476  T  d0
   558    232.500  -0.110643  +0.011906  0.516  0.074  0.476  T  d1
   559    232.917  -0.003973  -0.026649  0.516  0.074  0.476  T  d0
   560    233.333  +0.033966  -0.092355  0.516  0.074  0.476  T  d1
   561    233.750  +0.145562  -0.065350  0.516  0.074  0.476  T  d0
   562    234.167  +0.113758  -0.042162  0.516  0.074  0.476  T  d1
   563    234.583  +0.047768  +0.065186  0.500  0.074  0.476  T  d1
   564    235.000  -0.059560  +0.044620  0.500  0.074  0.476  T  d0
   565    235.417  -0.073127  +0.091216  0.500  0.074  0.476  T  d0
   566    235.833  -0.097115  +0.057464  0.500  0.074  0.476  T  d1
   567    236.250  -0.040821  -0.030124  0.500  0.074  0.476  T  d1
   568    236.667  +0.015542  -0.018471  0.500  0.074  0.472  T  d0
   569    237.083  +0.021913  -0.049501  0.516  0.074  0.472  T  d0
   570    237.500  +0.025197  -0.083523  0.516  0.017  0.472  T  d1
   571    237.917  +0.049493  -0.005658  0.500  0.017  0.472  T  d1
   572    238.333  +0.005366  +0.005379  0.500  0.017  0.472  T  d0
   573    238.750  +0.012372  +0.006348  0.500  0.017  0.472  T  d0
   574    239.167  +0.021306  +0.023557  0.516  0.017  0.472  T  d1
   575    239.583  -0.016841  +0.040594  0.500  0.017  0.472  T  d0
   576    240.000  +0.000347  +0.002458  0.500  0.017  0.472  T  d0
   577    240.417  -0.021398  +0.034910  0.516  0.017  0.472  T  d1
   578    240.833  -0.041415  -0.008309  0.531  0.017  0.472  T  d0
   579    241.250  -0.010862  -0.002294  0.547  0.017  0.472  T  d0
   580    241.667  -0.023947  -0.014367  0.547  0.017  0.472  T  d0
   581    242.083  -0.012397  -0.018953  0.562  0.017  0.472  T  d1
   582    242.500  +0.022830  -0.022698  0.578  0.048  0.472  T  d3
   583    242.917  -0.004792  -0.010049  0.594  0.048  0.472  T  d1
   584    243.333  +0.058966  -0.036628  0.594  0.048  0.455  T  d0
   585    243.750  +0.083092  +0.009241  0.594  0.048  0.455  T  d0
   586    244.167  +0.066596  +0.027115  0.594  0.048  0.455  T  d1
   587    244.583  -0.014982  +0.027995  0.594  0.048  0.455  T  d0
   588    245.000  -0.093211  +0.044869  0.578  0.048  0.455  T  d0
   589    245.417  -0.101459  +0.031007  0.562  0.048  0.455  T  d0
   590    245.833  -0.110873  -0.001438  0.547  0.048  0.455  T  d1
   591    246.250  -0.011004  -0.042652  0.547  0.048  0.455  T  d1
   592    246.667  +0.066052  -0.055834  0.531  0.048  0.455  T  d0
   593    247.083  +0.140291  -0.073248  0.547  0.048  0.455  T  d0
   594    247.500  +0.119034  -0.021499  0.547  0.082  0.455  T  d1
   595    247.917  +0.052406  +0.049809  0.547  0.082  0.455  T  d1
   596    248.333  -0.045121  +0.113346  0.562  0.082  0.455  T  d0
   597    248.750  -0.104415  +0.089838  0.562  0.082  0.455  T  d0
   598    249.167  -0.115096  +0.050175  0.562  0.082  0.455  T  d1
   599    249.583  -0.058514  -0.028445  0.562  0.082  0.455  T  d0
   600    250.000  -0.029595  -0.065417  0.562  0.082  0.459  T  d0
   601    250.417  +0.000816  -0.146050  0.562  0.082  0.459  T  d0
   602    250.833  +0.010431  -0.096058  0.562  0.082  0.459  T  d1
   603    251.250  +0.087205  -0.023777  0.562  0.082  0.459  T  d0
   604    251.667  +0.076147  +0.014084  0.578  0.082  0.459  T  d1
   605    252.083  +0.092176  +0.134399  0.562  0.082  0.459  T  d0
   606    252.500  +0.082247  +0.078014  0.562  0.069  0.459  T  d1
   607    252.917  -0.030549  +0.075971  0.562  0.069  0.459  T  d1
   608    253.333  -0.102157  +0.000049  0.562  0.069  0.459  T  d0
   609    253.750  -0.140397  -0.060506  0.562  0.069  0.459  T  d0
   610    254.167  -0.079498  -0.087380  0.578  0.069  0.459  T  d0
   611    254.583  -0.022848  -0.042938  0.578  0.069  0.459  T  d1
   612    255.000  +0.054314  -0.014283  0.562  0.069  0.459  T  d0
   613    255.417  +0.115229  +0.028480  0.562  0.069  0.459  T  d0
   614    255.833  +0.085128  +0.033710  0.578  0.069  0.459  T  d0
   615    256.250  +0.081911  -0.005727  0.594  0.069  0.459  T  d2
   616    256.667  -0.056583  +0.047418  0.594  0.069  0.459  T  d0
   617    257.083  -0.020743  +0.008905  0.594  0.069  0.459  T  d0
   618    257.500  -0.086664  -0.010316  0.594  0.067  0.459  T  d3
   619    257.917  -0.000160  +0.031052  0.609  0.067  0.459  T  d2
   620    258.333  +0.021112  -0.043401  0.594  0.067  0.459  T  d2
   621    258.750  -0.024781  +0.016453  0.594  0.067  0.459  T  d2
   622    259.167  +0.044028  +0.005119  0.578  0.067  0.459  T  d1
   623    259.583  -0.008560  +0.019036  0.578  0.067  0.459  T  d1
   624    260.000  -0.058995  +0.004623  0.578  0.067  0.459  T  d0
   625    260.417  -0.076826  -0.017764  0.578  0.067  0.459  T  d0
   626    260.833  -0.065151  -0.003289  0.562  0.067  0.459  T  d1
   627    261.250  +0.014742  -0.042577  0.562  0.067  0.459  T  d0
   628    261.667  +0.061811  -0.065853  0.562  0.067  0.459  T  d0
   629    262.083  +0.118535  -0.023793  0.562  0.067  0.459  T  d0
   630    262.500  +0.111365  -0.026003  0.562  0.007  0.459  T  d1
   631    262.917  +0.034323  +0.030906  0.562  0.007  0.459  T  d1
   632    263.333  -0.015428  +0.077315  0.547  0.007  0.442  T  d0
   633    263.750  -0.064977  +0.065012  0.547  0.007  0.442  T  d0
   634    264.167  -0.046870  +0.076763  0.547  0.007  0.442  T  d1
   635    264.583  -0.069356  -0.034237  0.547  0.007  0.442  T  d0
   636    265.000  -0.040566  +0.009648  0.531  0.007  0.442  T  d1
   637    265.417  -0.040385  -0.057353  0.547  0.007  0.442  T  d0
   638    265.833  -0.021307  -0.083232  0.547  0.007  0.442  T  d1
   639    266.250  +0.036983  -0.030664  0.562  0.007  0.442  T  d0
   640    266.667  +0.081865  -0.034210  0.562  0.007  0.442  T  d0
   641    267.083  +0.092258  -0.011494  0.562  0.007  0.442  T  d0
   642    267.500  +0.069296  +0.038426  0.562  0.047  0.442  T  d0
   643    267.917  +0.038733  +0.032799  0.547  0.047  0.442  T  d1
   644    268.333  -0.059773  +0.090880  0.547  0.047  0.442  T  d0
   645    268.750  -0.092016  +0.048758  0.547  0.047  0.442  T  d0
   646    269.167  -0.082389  +0.026540  0.547  0.047  0.442  T  d0
   647    269.583  -0.042957  +0.044738  0.531  0.047  0.442  T  d1
   648    270.000  -0.004775  -0.069173  0.547  0.047  0.442  T  d0
   649    270.417  +0.005947  -0.061255  0.531  0.047  0.442  T  d0
   650    270.833  +0.035760  -0.074930  0.531  0.047  0.442  T  d0
   651    271.250  +0.048959  -0.019054  0.531  0.047  0.442  T  d1
   652    271.667  -0.000368  +0.012605  0.531  0.047  0.442  T  d0
   653    272.083  -0.007486  +0.041208  0.547  0.047  0.442  T  d2
   654    272.500  +0.001990  -0.013881  0.562  0.017  0.442  T  d2
   655    272.917  -0.005874  +0.010385  0.562  0.017  0.442  T  d2
   656    273.333  +0.013187  -0.029887  0.578  0.017  0.442  T  d0
   657    273.750  +0.062114  -0.059376  0.578  0.017  0.442  T  d2
   658    274.167  -0.011244  +0.012453  0.578  0.017  0.442  T  d2
   659    274.583  +0.009605  -0.004018  0.578  0.017  0.442  T  d1
   660    275.000  +0.001473  +0.082992  0.562  0.017  0.442  T  d0
   661    275.417  -0.036839  +0.116346  0.562  0.017  0.442  T  d0
   662    275.833  -0.023967  +0.081032  0.562  0.017  0.442  T  d1
   663    276.250  -0.070696  +0.005770  0.562  0.017  0.442  T  d1
   664    276.667  -0.021642  -0.113002  0.562  0.017  0.472  T  d0
   665    277.083  +0.021914  -0.163868  0.562  0.017  0.472  T  d0
   666    277.500  +0.028696  -0.103942  0.562  0.021  0.472  T  d1
   667    277.917  +0.081943  -0.027646  0.578  0.021  0.472  T  d1
   668    278.333  +0.068568  +0.076705  0.562  0.021  0.472  T  d0
   669    278.750  +0.039313  +0.135620  0.578  0.021  0.472  T  d0
   670    279.167  -0.002252  +0.140354  0.578  0.021  0.472  T  d0
   671    279.583  -0.048221  +0.063950  0.594  0.021  0.472  T  d1
   672    280.000  -0.121321  -0.036616  0.578  0.021  0.472  T  d0
   673    280.417  -0.076800  -0.061371  0.578  0.021  0.472  T  d0
   674    280.833  -0.087667  -0.054817  0.562  0.021  0.472  T  d1
   675    281.250  -0.005623  -0.073282  0.547  0.021  0.472  T  d1
   676    281.667  +0.088388  -0.060549  0.547  0.021  0.472  T  d0
   677    282.083  +0.136959  -0.022088  0.531  0.021  0.472  T  d0
   678    282.500  +0.124001  -0.002299  0.516  0.002  0.472  T  d1
   679    282.917  +0.011245  +0.032547  0.500  0.002  0.472  T  d0
   680    283.333  -0.031029  +0.100220  0.516  0.002  0.459  T  d1
   681    283.750  -0.148794  +0.066344  0.516  0.002  0.459  T  d0
   682    284.167  -0.117748  +0.038757  0.500  0.002  0.459  T  d1
   683    284.583  -0.053454  -0.075467  0.484  0.002  0.459  T  d1
   684    285.000  +0.059334  -0.057313  0.484  0.002  0.459  T  d0
   685    285.417  +0.077169  -0.105207  0.484  0.002  0.459  T  d0
   686    285.833  +0.111230  -0.065866  0.500  0.002  0.459  T  d1
   687    286.250  +0.065008  +0.034327  0.500  0.002  0.459  T  d0
   688    286.667  +0.029773  +0.055091  0.500  0.002  0.459  T  d0
   689    287.083  +0.000591  +0.134382  0.500  0.002  0.459  T  d0
   690    287.500  -0.031966  +0.131285  0.516  0.062  0.459  T  d1
   691    287.917  -0.056134  +0.018823  0.516  0.062  0.459  T  d1
   692    288.333  -0.101554  -0.057241  0.516  0.062  0.459  T  d0
   693    288.750  -0.091361  -0.094565  0.516  0.062  0.459  T  d0
   694    289.167  -0.070391  -0.096733  0.516  0.062  0.459  T  d1
   695    289.583  +0.021363  -0.060908  0.516  0.062  0.459  T  d1
   696    290.000  +0.082196  -0.017421  0.531  0.062  0.476  T  d0
   697    290.417  +0.150501  +0.055070  0.531  0.062  0.476  T  d0
   698    290.833  +0.119463  +0.090401  0.531  0.062  0.476  T  d0
   699    291.250  +0.007683  +0.044888  0.531  0.062  0.476  T  d1
   700    291.667  -0.070731  +0.005168  0.531  0.062  0.476  T  d0
   701    292.083  -0.109722  -0.009392  0.531  0.062  0.476  T  d0
   702    292.500  -0.090266  -0.022134  0.531  0.053  0.476  T  d0
   703    292.917  -0.057737  -0.023177  0.531  0.053  0.476  T  d1
   704    293.333  +0.023734  -0.020815  0.531  0.053  0.476  T  d0
   705    293.750  +0.067651  -0.044411  0.531  0.053  0.476  T  d1
   706    294.167  +0.055964  +0.037679  0.516  0.053  0.476  T  d3
   707    294.583  +0.015794  -0.024967  0.531  0.053  0.476  T  d2
   708    295.000  -0.003438  +0.034716  0.531  0.053  0.476  T  d1
   709    295.417  -0.020960  +0.009103  0.531  0.053  0.476  T  d1
   710    295.833  -0.036506  -0.026703  0.531  0.053  0.476  T  d1
   711    296.250  +0.043421  -0.008338  0.531  0.053  0.476  T  d0
   712    296.667  +0.027759  +0.006100  0.531  0.053  0.476  T  d0
   713    297.083  +0.068153  +0.009234  0.531  0.053  0.476  T  d3
   714    297.500  +0.017933  -0.015809  0.516  0.000  0.476  T  d2
   715    297.917  -0.011126  +0.048498  0.531  0.000  0.476  T  d1
   716    298.333  -0.068621  +0.021766  0.531  0.000  0.476  T  d0
   717    298.750  -0.127165  +0.024081  0.531  0.000  0.476  T  d0
   718    299.167  -0.068262  +0.003920  0.516  0.000  0.476  T  d1
   719    299.583  -0.023150  -0.032160  0.531  0.000  0.476  T  d1
   720    300.000  +0.071348  -0.092030  0.516  0.000  0.476  T  d0
   721    300.417  +0.163656  -0.040868  0.516  0.000  0.476  T  d0
   722    300.833  +0.116034  -0.009979  0.516  0.000  0.476  T  d1
   723    301.250  +0.026776  +0.088052  0.516  0.000  0.476  T  d1
   724    301.667  -0.033877  +0.045974  0.516  0.000  0.476  T  d0
   725    302.083  -0.093140  +0.121847  0.516  0.000  0.476  T  d0
   726    302.500  -0.119733  +0.067126  0.516  0.000  0.476  T  d1
   727    302.917  -0.088979  -0.031575  0.531  0.000  0.476  T  d0
   728    303.333  -0.042916  -0.057919  0.531  0.000  0.494  T  d0
   729    303.750  -0.006517  -0.185379  0.531  0.000  0.494  T  d0
   730    304.167  -0.009098  -0.113311  0.531  0.000  0.494  T  d1
   731    304.583  +0.094891  -0.082043  0.531  0.000  0.494  T  d1
   732    305.000  +0.081838  +0.026811  0.531  0.000  0.494  T  d0
   733    305.417  +0.165113  +0.115173  0.516  0.000  0.494  T  d0
   734    305.833  +0.046707  +0.115669  0.500  0.000  0.494  T  d0
   735    306.250  +0.009894  +0.053748  0.500  0.000  0.494  T  d1
   736    306.667  -0.061075  +0.023511  0.516  0.000  0.494  T  d0
   737    307.083  -0.095335  +0.059239  0.500  0.000  0.494  T  d1
   738    307.500  -0.084242  -0.032292  0.516  0.000  0.494  T  d0
   739    307.917  -0.041683  -0.015704  0.531  0.000  0.494  T  d1
   740    308.333  -0.007410  -0.033711  0.547  0.000  0.494  T  d0
   741    308.750  +0.031410  -0.071287  0.547  0.000  0.494  T  d0
   742    309.167  +0.010979  -0.030511  0.562  0.000  0.494  T  d1
   743    309.583  +0.030736  -0.002417  0.562  0.000  0.494  T  d0
   744    310.000  +0.023207  +0.011323  0.547  0.000  0.498  T  d3
   745    310.417  +0.009820  -0.033286  0.531  0.000  0.498  T  d2
   746    310.833  +0.009423  +0.036886  0.547  0.000  0.498  T  d0
   747    311.250  +0.048199  +0.044191  0.547  0.000  0.498  T  d1
   748    311.667  -0.043086  +0.028057  0.547  0.000  0.498  T  d0
   749    312.083  -0.025952  +0.049630  0.547  0.000  0.498  T  d1
   750    312.500  -0.006074  +0.001885  0.547  0.021  0.498  T  d0
   751    312.917  -0.054396  +0.011831  0.547  0.021  0.498  T  d1
   752    313.333  -0.028589  -0.060630  0.547  0.021  0.498  T  d0
   753    313.750  -0.042852  -0.072999  0.547  0.021  0.498  T  d0
   754    314.167  -0.009120  -0.083627  0.547  0.021  0.498  T  d1
   755    314.583  +0.049668  -0.033857  0.562  0.021  0.498  T  d1
   756    315.000  +0.082022  +0.031821  0.562  0.021  0.498  T  d0
   757    315.417  +0.099481  +0.054959  0.562  0.021  0.498  T  d0
   758    315.833  +0.062669  +0.066534  0.562  0.021  0.498  T  d0
   759    316.250  +0.056915  +0.013465  0.562  0.021  0.498  T  d1
   760    316.667  -0.095008  +0.061585  0.547  0.021  0.494  T  d0
   761    317.083  -0.055625  +0.008288  0.547  0.021  0.494  T  d0
   762    317.500  -0.123300  -0.017714  0.547  0.094  0.494  T  d0
   763    317.917  -0.028396  +0.010826  0.547  0.094  0.494  T  d1
   764    318.333  +0.001500  -0.067847  0.547  0.094  0.494  T  d3
   765    318.750  -0.029995  -0.018455  0.547  0.094  0.494  T  d1
   766    319.167  +0.060933  -0.027518  0.547  0.094  0.494  T  d0
   767    319.583  +0.025306  -0.001557  0.531  0.094  0.494  T  d0
   768    320.000  +0.025159  -0.010394  0.531  0.094  0.494  T  d1
   769    320.417  +0.018322  +0.009774  0.531  0.094  0.494  T  d0
   770    320.833  +0.029287  +0.019285  0.547  0.094  0.494  T  d0
   771    321.250  +0.013696  +0.016785  0.547  0.094  0.494  T  d0
   772    321.667  +0.004573  +0.040278  0.547  0.094  0.494  T  d1
   773    322.083  -0.017110  +0.014963  0.547  0.094  0.494  T  d0
   774    322.500  -0.026115  +0.018108  0.547  0.075  0.494  T  d1
   775    322.917  -0.012632  -0.031046  0.547  0.075  0.494  T  d3
   776    323.333  -0.061565  -0.003098  0.547  0.075  0.464  T  d1
   777    323.750  -0.042018  -0.087137  0.562  0.075  0.464  T  d0
   778    324.167  -0.005674  -0.045583  0.578  0.075  0.464  T  d1
   779    324.583  +0.038629  -0.039526  0.578  0.075  0.464  T  d1
   780    325.000  +0.061100  +0.051741  0.578  0.075  0.464  T  d0
   781    325.417  +0.126765  +0.109820  0.578  0.075  0.464  T  d0
   782    325.833  +0.017126  +0.104103  0.594  0.075  0.464  T  d1
   783    326.250  -0.025743  +0.016693  0.578  0.075  0.464  T  d1
   784    326.667  -0.097549  -0.054568  0.578  0.075  0.464  T  d0
   785    327.083  -0.129956  -0.079261  0.578  0.075  0.464  T  d0
   786    327.500  -0.033050  -0.070022  0.578  0.118  0.464  T  d0
   787    327.917  -0.038018  -0.064921  0.578  0.118  0.464  T  d1
   788    328.333  +0.095809  -0.023462  0.578  0.118  0.464  T  d0
   789    328.750  +0.158824  -0.001295  0.578  0.118  0.464  T  d0
   790    329.167  +0.133210  +0.071472  0.578  0.118  0.464  T  d1
   791    329.583  +0.025983  +0.088909  0.562  0.118  0.464  T  d1
   792    330.000  -0.071546  +0.081111  0.578  0.118  0.472  T  d0
   793    330.417  -0.105403  +0.073092  0.578  0.118  0.472  T  d0
   794    330.833  -0.133749  +0.023616  0.578  0.118  0.472  T  d1
   795    331.250  -0.034920  -0.032648  0.562  0.118  0.472  T  d1
   796    331.667  +0.008780  -0.100533  0.562  0.118  0.472  T  d0
   797    332.083  +0.023736  -0.139170  0.578  0.118  0.472  T  d0
   798    332.500  +0.042600  -0.105103  0.594  0.155  0.472  P  d1
   799    332.917  +0.072818  +0.011663  0.594  0.155  0.472  P  d1
   800    333.333  +0.036933  +0.084249  0.578  0.155  0.472  P  d0
   801    333.750  -0.010029  +0.145739  0.594  0.155  0.472  P  d0
   802    334.167  -0.029721  +0.088450  0.578  0.155  0.472  P  d0
   803    334.583  -0.045156  +0.035241  0.578  0.155  0.472  P  d1
   804    335.000  -0.035470  -0.043048  0.562  0.155  0.472  P  d0
   805    335.417  -0.066576  -0.143074  0.578  0.155  0.472  P  d0
   806    335.833  -0.011167  -0.127837  0.578  0.155  0.472  P  d1
   807    336.250  +0.059196  -0.036523  0.578  0.155  0.472  P  d0
   808    336.667  +0.077138  +0.003515  0.594  0.155  0.464  P  d0
   809    337.083  +0.112574  +0.063631  0.609  0.155  0.464  P  d0
   810    337.500  +0.067340  +0.057327  0.609  0.208  0.464  P  d0
   811    337.917  +0.008064  +0.081212  0.609  0.208  0.464  P  d1
   812    338.333  -0.095418  +0.041435  0.609  0.208  0.464  P  d0
   813    338.750  -0.138106  +0.031834  0.609  0.208  0.464  P  d0
   814    339.167  -0.095397  +0.002454  0.609  0.208  0.464  P  d1
   815    339.583  -0.038236  -0.040122  0.625  0.208  0.464  P  d1
   816    340.000  +0.054140  -0.102974  0.625  0.208  0.464  P  d0
   817    340.417  +0.155449  -0.054637  0.625  0.208  0.464  P  d0
   818    340.833  +0.110881  -0.020277  0.609  0.208  0.464  P  d1
   819    341.250  +0.027138  +0.077064  0.609  0.208  0.464  P  d1
   820    341.667  -0.030279  +0.040476  0.609  0.208  0.464  P  d0
   821    342.083  -0.086686  +0.116924  0.609  0.208  0.464  P  d0
   822    342.500  -0.112648  +0.067822  0.594  0.144  0.464  P  d1
   823    342.917  -0.081939  -0.029239  0.594  0.144  0.464  P  d0
   824    343.333  -0.035953  -0.053951  0.594  0.144  0.464  P  d0
   825    343.750  -0.001503  -0.178425  0.578  0.144  0.464  P  d0
   826    344.167  -0.005286  -0.106244  0.578  0.144  0.464  P  d1
   827    344.583  +0.094656  -0.074992  0.578  0.144  0.464  P  d1
   828    345.000  +0.080246  +0.033478  0.594  0.144  0.464  P  d0
   829    345.417  +0.161206  +0.119331  0.594  0.144  0.464  P  d0
   830    345.833  +0.039932  +0.117448  0.594  0.144  0.464  P  d0
   831    346.250  +0.002464  +0.052789  0.609  0.144  0.464  P  d1
   832    346.667  -0.070473  +0.017547  0.609  0.144  0.464  P  d0
   833    347.083  -0.103409  +0.048814  0.609  0.144  0.464  P  d1
   834    347.500  -0.090602  -0.046389  0.609  0.152  0.464  P  d0
   835    347.917  -0.043353  -0.031507  0.594  0.152  0.464  P  d1
   836    348.333  -0.005466  -0.050088  0.594  0.152  0.464  P  d0
   837    348.750  +0.041108  -0.085129  0.594  0.152  0.464  P  d0
   838    349.167  +0.028608  -0.036444  0.594  0.152  0.464  P  d1
   839    349.583  +0.055288  +0.003492  0.594  0.152  0.464  P  d0
   840    350.000  +0.048744  +0.051982  0.594  0.152  0.459  P  d0
   841    350.417  +0.045435  +0.051487  0.578  0.152  0.459  P  d0
   842    350.833  +0.034949  +0.089375  0.578  0.152  0.459  P  d1
   843    351.250  -0.025699  +0.035063  0.562  0.152  0.459  P  d1
   844    351.667  -0.083144  -0.026483  0.578  0.152  0.459  P  d0
   845    352.083  -0.106371  -0.033049  0.562  0.152  0.459  P  d0
   846    352.500  -0.076133  -0.047072  0.562  0.197  0.459  P  d0
   847    352.917  -0.034047  -0.037826  0.578  0.197  0.459  P  d1
   848    353.333  +0.051105  -0.030621  0.594  0.197  0.459  P  d0
   849    353.750  +0.097575  -0.043420  0.594  0.197  0.459  P  d1
   850    354.167  +0.083012  +0.045801  0.578  0.197  0.459  P  d0
   851    354.583  +0.038833  -0.009378  0.578  0.197  0.459  P  d1
   852    355.000  +0.011106  +0.058134  0.578  0.197  0.459  P  d0
   853    355.417  -0.018083  +0.034505  0.562  0.197  0.459  P  d1
   854    355.833  -0.048970  -0.000025  0.547  0.197  0.459  P  d3
   855    356.250  +0.000721  +0.009031  0.547  0.197  0.459  P  d1
   856    356.667  -0.035489  +0.008281  0.531  0.197  0.472  P  d1
   857    357.083  -0.025977  -0.026324  0.516  0.197  0.472  P  d0
   858    357.500  -0.040321  -0.029839  0.500  0.232  0.472  P  d1
   859    357.917  +0.014017  -0.035555  0.500  0.232  0.472  P  d0
   860    358.333  +0.009373  -0.015975  0.500  0.232  0.472  P  d0
   861    358.750  +0.009354  -0.004967  0.484  0.232  0.472  P  d0
   862    359.167  +0.017204  -0.023092  0.469  0.232  0.472  P  d0
   863    359.583  +0.049431  -0.016746  0.453  0.232  0.472  P  d1
   864    360.000  +0.055857  +0.096692  0.453  0.232  0.472  P  d0
   865    360.417  +0.021791  +0.073203  0.438  0.232  0.472  P  d0
   866    360.833  +0.037262  +0.046734  0.438  0.232  0.472  P  d1
   867    361.250  -0.047180  +0.046324  0.422  0.232  0.472  P  d1
   868    361.667  -0.074936  -0.013478  0.422  0.232  0.472  P  d0
   869    362.083  -0.079959  -0.073268  0.406  0.232  0.472  P  d0
   870    362.500  -0.107415  -0.060518  0.391  0.301  0.472  P  d1
   871    362.917  -0.012028  -0.067847  0.391  0.301  0.472  P  d0
   872    363.333  +0.037121  -0.055014  0.375  0.301  0.481  P  d1
   873    363.750  +0.092136  +0.018995  0.359  0.301  0.481  P  d0
   874    364.167  +0.078815  -0.018684  0.344  0.301  0.481  P  d1
   875    364.583  +0.020740  +0.025532  0.344  0.301  0.481  P  d0
   876    365.000  +0.023236  +0.034399  0.344  0.301  0.481  P  d1
   877    365.417  -0.019514  +0.032217  0.328  0.301  0.481  P  d0
   878    365.833  -0.023283  +0.042988  0.312  0.301  0.481  P  d0
   879    366.250  -0.002891  +0.004038  0.297  0.301  0.481  P  d0
   880    366.667  -0.011355  +0.019528  0.297  0.301  0.481  P  d0
   881    367.083  -0.020867  +0.010506  0.281  0.301  0.481  P  d1
   882    367.500  -0.013940  -0.022957  0.281  0.282  0.481  P  d2
   883    367.917  +0.009678  +0.007001  0.266  0.282  0.481  P  d2
   884    368.333  -0.013447  -0.013516  0.266  0.282  0.481  P  d1
   885    368.750  +0.033873  -0.041729  0.250  0.282  0.481  P  d3
   886    369.167  -0.014472  -0.015304  0.250  0.282  0.481  P  d2
   887    369.583  +0.010646  +0.008587  0.250  0.282  0.481  P  d1
   888    370.000  -0.006713  +0.010200  0.250  0.282  0.481  P  d1
   889    370.417  -0.011427  -0.045364  0.250  0.282  0.481  P  d3
   890    370.833  -0.011362  +0.017971  0.234  0.282  0.481  P  d3
   891    371.250  +0.039769  +0.017532  0.234  0.282  0.481  P  d2
   892    371.667  -0.041542  +0.000978  0.219  0.282  0.481  P  d3
   893    372.083  -0.010395  +0.025613  0.203  0.282  0.481  P  d2
   894    372.500  +0.019887  -0.009717  0.188  0.284  0.481  P  d2
   895    372.917  -0.015402  +0.016508  0.172  0.284  0.481  P  d2
   896    373.333  +0.012536  -0.015673  0.172  0.284  0.481  P  d1
   897    373.750  +0.025314  +0.026207  0.156  0.284  0.481  P  d3
   898    374.167  +0.005703  -0.007231  0.141  0.284  0.481  P  d3
   899    374.583  -0.002902  -0.005119  0.141  0.284  0.481  P  d2
   900    375.000  +0.013055  +0.010767  0.141  0.284  0.481  P  d2
   901    375.417  -0.011088  -0.020032  0.125  0.284  0.481  P  d1
   902    375.833  +0.009764  -0.019170  0.109  0.284  0.481  P  d3
   903    376.250  -0.018238  +0.003131  0.109  0.284  0.481  P  d1
   904    376.667  -0.009320  -0.012050  0.109  0.284  0.481  P  d1
   905    377.083  +0.002807  -0.012383  0.109  0.284  0.481  P  d2
   906    377.500  +0.000968  +0.019485  0.094  0.189  0.481  P  d1
   907    377.917  -0.017362  -0.014162  0.094  0.189  0.481  P  d2
   908    378.333  +0.009998  +0.006918  0.078  0.189  0.481  P  d1
   909    378.750  -0.032223  +0.034824  0.078  0.189  0.481  P  d3
   910    379.167  +0.017940  +0.009218  0.062  0.189  0.481  P  d2
   911    379.583  -0.006102  -0.012434  0.047  0.189  0.481  P  d1
   912    380.000  +0.014143  -0.012245  0.031  0.189  0.481  P  d1
   913    380.417  +0.016484  +0.044329  0.031  0.189  0.481  P  d3
   914    380.833  +0.015645  -0.017418  0.047  0.189  0.481  P  d3
   915    381.250  -0.036228  -0.015559  0.047  0.189  0.481  P  d2
   916    381.667  +0.042626  +0.000975  0.062  0.189  0.481  P  d3
   917    382.083  +0.010990  -0.023400  0.062  0.189  0.481  P  d2
   918    382.500  -0.020491  +0.011893  0.078  0.232  0.481  P  d2
   919    382.917  +0.013852  -0.016240  0.078  0.232  0.481  P  d2
   920    383.333  -0.014207  +0.017160  0.078  0.232  0.481  P  d1
   921    383.750  -0.026442  -0.025547  0.078  0.232  0.481  P  d3
   922    384.167  -0.007083  +0.007596  0.078  0.232  0.481  P  d3
   923    384.583  +0.001511  +0.004661  0.094  0.232  0.481  P  d2
   924    385.000  -0.013661  -0.010911  0.094  0.232  0.481  P  d2
   925    385.417  +0.010110  +0.019185  0.109  0.232  0.481  P  d1
   926    385.833  -0.009832  +0.018382  0.125  0.232  0.481  P  d3
   927    386.250  +0.018796  -0.004392  0.125  0.232  0.481  P  d1
   928    386.667  +0.008897  +0.011929  0.141  0.232  0.481  P  d1
   929    387.083  -0.002034  +0.011016  0.156  0.232  0.481  P  d2
   930    387.500  -0.001218  -0.016940  0.172  0.189  0.481  P  d1
   931    387.917  +0.017640  +0.010842  0.172  0.189  0.481  P  d2
   932    388.333  -0.007869  -0.009748  0.172  0.189  0.481  P  d1
   933    388.750  +0.032848  -0.032127  0.188  0.189  0.481  P  d3
   934    389.167  -0.010115  -0.003706  0.203  0.189  0.481  P  d3
   935    389.583  -0.003857  +0.009254  0.203  0.189  0.481  P  d0
   936    390.000  -0.012042  +0.014798  0.203  0.189  0.498  P  d1
   937    390.417  -0.014539  -0.041554  0.219  0.189  0.498  P  d3
   938    390.833  -0.017450  +0.013510  0.234  0.189  0.498  P  d3
   939    391.250  +0.038962  +0.019076  0.250  0.189  0.498  P  d2
   940    391.667  -0.049399  +0.004234  0.250  0.189  0.498  P  d3
   941    392.083  -0.002724  +0.019220  0.250  0.189  0.498  P  d2
   942    392.500  +0.008982  -0.006894  0.250  0.130  0.498  P  d2
   943    392.917  -0.028804  +0.003816  0.250  0.130  0.498  P  d2
   944    393.333  +0.042033  -0.010579  0.250  0.130  0.498  P  d0
   945    393.750  +0.011219  +0.006084  0.250  0.130  0.498  P  d0
   946    394.167  +0.008735  +0.010820  0.266  0.130  0.498  P  d2
   947    394.583  -0.001424  -0.012813  0.281  0.130  0.498  P  d0
   948    395.000  -0.008833  -0.014914  0.281  0.130  0.498  P  d1
   949    395.417  +0.013837  -0.016084  0.297  0.130  0.498  P  d0
   950    395.833  +0.022277  -0.022032  0.297  0.130  0.498  P  d2
   951    396.250  -0.003815  +0.011195  0.297  0.130  0.498  P  d3
   952    396.667  +0.018573  +0.018743  0.297  0.130  0.476  P  d2
   953    397.083  -0.041776  -0.018229  0.297  0.130  0.476  P  d2
   954    397.500  +0.019524  +0.037271  0.297  0.201  0.476  P  d0
   955    397.917  +0.007604  +0.007457  0.297  0.201  0.476  P  d1
   956    398.333  -0.010232  +0.032027  0.297  0.201  0.476  P  d0
   957    398.750  -0.039187  +0.050468  0.297  0.201  0.476  P  d0
   958    399.167  -0.019841  +0.012210  0.297  0.201  0.476  P  d1
   959    399.583  -0.026779  -0.018826  0.297  0.201  0.476  P  d0
   960    400.000  -0.026623  -0.063961  0.297  0.201  0.476  P  d0
   961    400.417  -0.028248  -0.056688  0.297  0.201  0.476  P  d0
   962    400.833  -0.016355  -0.089784  0.312  0.201  0.476  P  d1
   963    401.250  +0.033392  -0.023130  0.312  0.201  0.476  P  d1
   964    401.667  +0.090641  +0.019088  0.312  0.201  0.476  P  d0
   965    402.083  +0.110978  +0.039846  0.312  0.201  0.476  P  d0
   966    402.500  +0.097291  +0.064771  0.312  0.162  0.476  P  d1
   967    402.917  -0.006071  +0.058743  0.312  0.162  0.476  P  d1
   968    403.333  -0.058909  +0.037907  0.297  0.162  0.472  P  d0
   969    403.750  -0.070067  +0.008549  0.297  0.162  0.472  P  d0
   970    404.167  -0.113154  -0.011054  0.312  0.162  0.472  P  d0
   971    404.583  -0.018380  -0.001429  0.312  0.162  0.472  P  d1
   972    405.000  -0.028302  -0.038476  0.328  0.162  0.472  P  d1
   973    405.417  +0.020247  -0.031529  0.328  0.162  0.472  P  d1
   974    405.833  +0.034412  -0.002911  0.328  0.162  0.472  P  d3
   975    406.250  -0.018333  -0.017660  0.344  0.162  0.472  P  d1
   976    406.667  +0.033507  -0.018891  0.344  0.162  0.472  P  d1
   977    407.083  +0.034032  +0.014397  0.344  0.162  0.472  P  d0
   978    407.500  +0.002090  +0.004181  0.344  0.151  0.472  P  d0
   979    407.917  +0.018068  +0.013227  0.344  0.151  0.472  P  d2
   980    408.333  -0.007940  -0.003872  0.328  0.151  0.472  P  d0
   981    408.750  -0.010110  -0.007916  0.344  0.151  0.472  P  d2
   982    409.167  +0.024908  +0.013320  0.344  0.151  0.472  P  d1
   983    409.583  -0.017664  +0.028270  0.344  0.151  0.472  P  d1
   984    410.000  -0.021871  -0.026273  0.359  0.151  0.472  P  d2
   985    410.417  +0.018908  +0.011844  0.359  0.151  0.472  P  d2
   986    410.833  -0.011659  -0.011602  0.375  0.151  0.472  P  d3
   987    411.250  -0.013265  +0.023240  0.359  0.151  0.472  P  d2
   988    411.667  +0.016172  -0.013910  0.375  0.151  0.472  P  d3
   989    412.083  -0.034720  -0.007655  0.359  0.151  0.472  P  d2
   990    412.500  +0.028207  -0.016647  0.359  0.102  0.472  T  d2
   991    412.917  -0.005643  +0.010591  0.375  0.102  0.472  T  d3
   992    413.333  +0.027894  +0.000484  0.375  0.102  0.472  T  d1
   993    413.750  +0.000684  +0.008375  0.375  0.102  0.472  T  d0
   994    414.167  -0.015121  +0.022745  0.359  0.102  0.472  T  d2
   995    414.583  +0.006176  -0.012954  0.359  0.102  0.472  T  d2
   996    415.000  +0.003807  +0.013920  0.359  0.102  0.472  T  d1
   997    415.417  -0.012779  +0.015975  0.344  0.102  0.472  T  d1
   998    415.833  -0.030862  -0.019813  0.344  0.102  0.472  T  d2
   999    416.250  +0.020149  -0.000189  0.344  0.102  0.472  T  d2
  1000    416.667  -0.014576  +0.001536  0.359  0.102  0.476  T  d1
  1001    417.083  -0.008506  -0.024901  0.344  0.102  0.476  T  d0
  1002    417.500  -0.028122  -0.025383  0.328  0.119  0.476  T  d1
  1003    417.917  +0.022114  -0.029302  0.312  0.119  0.476  T  d0
  1004    418.333  +0.011912  -0.009027  0.312  0.119  0.476  T  d1
  1005    418.750  +0.008368  +0.001626  0.328  0.119  0.476  T  d3
  1006    419.167  +0.013579  -0.017665  0.328  0.119  0.476  T  d0
  1007    419.583  +0.043950  -0.013079  0.344  0.119  0.476  T  d1
  1008    420.000  +0.050063  +0.098599  0.344  0.119  0.476  T  d0
  1009    420.417  +0.015954  +0.073534  0.359  0.119  0.476  T  d0
  1010    420.833  +0.033196  +0.045281  0.359  0.119  0.476  T  d1
  1011    421.250  -0.049494  +0.044324  0.344  0.119  0.476  T  d1
  1012    421.667  -0.076276  -0.015359  0.359  0.119  0.476  T  d0
  1013    422.083  -0.079015  -0.075100  0.359  0.119  0.476  T  d0
  1014    422.500  -0.106396  -0.061615  0.375  0.146  0.476  P  d1
  1015    422.917  -0.010485  -0.068453  0.391  0.146  0.476  P  d0
  1016    423.333  +0.039695  -0.054312  0.391  0.146  0.489  P  d1
  1017    423.750  +0.093708  +0.020828  0.406  0.146  0.489  P  d0
  1018    424.167  +0.079711  -0.017108  0.422  0.146  0.489  P  d1
  1019    424.583  +0.020532  +0.027444  0.422  0.146  0.489  P  d0
  1020    425.000  +0.022091  +0.035522  0.438  0.146  0.489  P  d1
  1021    425.417  -0.020744  +0.032613  0.453  0.146  0.489  P  d0
  1022    425.833  -0.025367  +0.042701  0.469  0.146  0.489  P  d0
  1023    426.250  -0.006050  +0.001595  0.469  0.146  0.489  P  d0
  1024    426.667  -0.014015  +0.015706  0.469  0.146  0.489  P  d0
  1025    427.083  -0.022744  +0.004738  0.484  0.146  0.489  P  d1
  1026    427.500  -0.015205  -0.026462  0.484  0.151  0.489  P  d1
  1027    427.917  +0.011070  -0.002740  0.500  0.151  0.489  P  d3
  1028    428.333  -0.008242  -0.021668  0.500  0.151  0.489  P  d1
  1029    428.750  +0.039288  -0.042776  0.516  0.151  0.489  P  d0
  1030    429.167  +0.001187  -0.009300  0.531  0.151  0.489  P  d1
  1031    429.583  +0.010294  +0.009908  0.531  0.151  0.489  P  d0
  1032    430.000  +0.003539  +0.023706  0.531  0.151  0.489  P  d2
  1033    430.417  -0.002165  -0.026399  0.531  0.151  0.489  P  d2
  1034    430.833  -0.009784  +0.035066  0.531  0.151  0.489  P  d3
  1035    431.250  +0.040180  +0.042963  0.531  0.151  0.489  P  d1
  1036    431.667  -0.056467  +0.027412  0.516  0.151  0.489  P  d0
  1037    432.083  -0.021210  +0.037007  0.516  0.151  0.489  P  d1
  1038    432.500  -0.009753  +0.000505  0.516  0.169  0.489  P  d0
  1039    432.917  -0.058752  -0.006648  0.500  0.169  0.489  P  d1
  1040    433.333  -0.026484  -0.069409  0.516  0.169  0.489  P  d0
  1041    433.750  -0.028380  -0.094341  0.500  0.169  0.489  P  d0
  1042    434.167  +0.016372  -0.090247  0.484  0.169  0.489  P  d1
  1043    434.583  +0.059212  -0.033401  0.484  0.169  0.489  P  d0
  1044    435.000  +0.088441  +0.011202  0.484  0.169  0.489  P  d0
  1045    435.417  +0.140351  +0.069090  0.469  0.169  0.489  P  d0
  1046    435.833  +0.051215  +0.079408  0.453  0.169  0.489  P  d0
  1047    436.250  +0.070779  +0.047514  0.453  0.169  0.489  P  d1
  1048    436.667  -0.107527  +0.099641  0.438  0.169  0.489  P  d0
  1049    437.083  -0.145536  +0.104072  0.438  0.169  0.489  P  d0
  1050    437.500  -0.143725  -0.011595  0.422  0.214  0.489  P  d1
  1051    437.917  -0.003347  -0.024161  0.422  0.214  0.489  P  d0
  1052    438.333  -0.044028  -0.122002  0.406  0.214  0.489  P  d0
  1053    438.750  +0.004310  -0.146523  0.406  0.214  0.489  P  d0
  1054    439.167  +0.087632  -0.115928  0.391  0.214  0.489  P  d1
  1055    439.583  +0.075435  -0.002584  0.375  0.214  0.489  P  d1
  1056    440.000  +0.057311  +0.079947  0.359  0.214  0.489  P  d0
  1057    440.417  +0.002038  +0.144885  0.359  0.214  0.489  P  d0
  1058    440.833  -0.001943  +0.091634  0.375  0.214  0.489  P  d0
  1059    441.250  -0.034945  +0.048529  0.391  0.214  0.489  P  d1
  1060    441.667  -0.022410  -0.024773  0.391  0.214  0.489  P  d0
  1061    442.083  -0.063318  -0.132820  0.391  0.214  0.489  P  d0
  1062    442.500  -0.031327  -0.102415  0.391  0.251  0.489  P  d1
  1063    442.917  +0.052909  -0.041098  0.406  0.251  0.489  P  d1
  1064    443.333  +0.036693  +0.023631  0.391  0.251  0.498  P  d1
  1065    443.750  +0.006579  +0.045835  0.406  0.251  0.498  P  d0
  1066    444.167  +0.046189  +0.087231  0.422  0.251  0.498  P  d3
  1067    444.583  +0.006552  -0.011393  0.422  0.251  0.498  P  d2
  1068    445.000  -0.021284  +0.046536  0.422  0.251  0.498  P  d1
  1069    445.417  -0.017200  -0.019936  0.422  0.251  0.498  P  d1
  1070    445.833  +0.002555  -0.013156  0.438  0.251  0.498  P  d3
  1071    446.250  -0.026611  +0.007816  0.438  0.251  0.498  P  d0
  1072    446.667  -0.015359  +0.023518  0.438  0.251  0.498  P  d2
  1073    447.083  +0.010835  -0.065581  0.438  0.251  0.498  P  d2
  1074    447.500  -0.014104  +0.021740  0.438  0.204  0.498  P  d1
  1075    447.917  -0.006360  -0.012041  0.453  0.204  0.498  P  d1
  1076    448.333  +0.021835  -0.012435  0.438  0.204  0.498  P  d2
  1077    448.750  -0.005820  +0.010078  0.438  0.204  0.498  P  d1
  1078    449.167  -0.001346  +0.000004  0.438  0.204  0.498  P  d1
  1079    449.583  +0.012383  -0.014262  0.422  0.204  0.498  P  d2
  1080    450.000  -0.011834  +0.017394  0.422  0.204  0.485  P  d2
  1081    450.417  +0.002533  -0.019933  0.406  0.204  0.485  P  d1
  1082    450.833  +0.017958  +0.012582  0.391  0.204  0.485  P  d2
  1083    451.250  -0.012978  -0.003014  0.406  0.204  0.485  P  d2
  1084    451.667  +0.004658  -0.001049  0.391  0.204  0.485  P  d3
  1085    452.083  +0.001115  -0.008567  0.391  0.204  0.485  P  d3
  1086    452.500  -0.013657  -0.012664  0.375  0.172  0.485  P  d2
  1087    452.917  +0.035656  +0.016521  0.375  0.172  0.485  P  d1
  1088    453.333  +0.000039  +0.001232  0.391  0.172  0.485  P  d0
  1089    453.750  +0.010625  +0.011123  0.391  0.172  0.485  P  d0
  1090    454.167  +0.009459  +0.015757  0.391  0.172  0.485  P  d0
  1091    454.583  +0.001050  +0.043463  0.391  0.172  0.485  P  d1
  1092    455.000  -0.008696  -0.003605  0.391  0.172  0.485  P  d3
  1093    455.417  -0.004311  +0.026201  0.391  0.172  0.485  P  d0
  1094    455.833  -0.021993  +0.017650  0.391  0.172  0.485  P  d0
  1095    456.250  -0.050596  +0.006192  0.391  0.172  0.485  P  d1
  1096    456.667  -0.058325  -0.097448  0.406  0.172  0.485  P  d0
  1097    457.083  -0.017838  -0.069823  0.422  0.172  0.485  P  d0
  1098    457.500  -0.016740  -0.064611  0.422  0.137  0.485  P  d1
  1099    457.917  +0.032230  -0.038425  0.422  0.137  0.485  P  d1
  1100    458.333  +0.082893  +0.030906  0.422  0.137  0.485  P  d0
  1101    458.750  +0.094865  +0.061905  0.438  0.137  0.485  P  d0
  1102    459.167  +0.089124  +0.070268  0.453  0.137  0.485  P  d0
  1103    459.583  +0.015511  +0.050809  0.453  0.137  0.485  P  d1
  1104    460.000  -0.041005  +0.048234  0.438  0.137  0.485  P  d0
  1105    460.417  -0.095595  +0.028705  0.453  0.137  0.485  P  d0
  1106    460.833  -0.073843  -0.023119  0.469  0.137  0.485  P  d0
  1107    461.250  -0.070272  -0.039776  0.484  0.137  0.485  P  d1
  1108    461.667  +0.034194  -0.047466  0.484  0.137  0.485  P  d0
  1109    462.083  +0.029276  -0.039453  0.500  0.137  0.485  P  d0
  1110    462.500  +0.004130  -0.012582  0.516  0.156  0.485  P  d1
  1111    462.917  +0.044373  -0.018781  0.516  0.156  0.485  P  d1
  1112    463.333  +0.017750  +0.020836  0.531  0.156  0.515  P  d2
  1113    463.750  -0.000419  -0.005965  0.547  0.156  0.515  P  d2
  1114    464.167  +0.010279  +0.033579  0.562  0.156  0.515  P  d0
  1115    464.583  +0.008132  +0.038027  0.578  0.156  0.515  P  d1
  1116    465.000  -0.022217  +0.019839  0.578  0.156  0.515  P  d0
  1117    465.417  -0.011282  +0.043850  0.594  0.156  0.515  P  d1
  1118    465.833  -0.046134  +0.027123  0.609  0.156  0.515  P  d1
  1119    466.250  -0.029066  -0.026962  0.625  0.156  0.515  P  d0
  1120    466.667  -0.051494  -0.079930  0.625  0.156  0.515  P  d0
  1121    467.083  +0.000019  -0.067726  0.609  0.156  0.515  P  d0
  1122    467.500  +0.015285  -0.069318  0.609  0.102  0.515  T  d0
  1123    467.917  -0.003238  -0.027976  0.609  0.102  0.515  T  d1
  1124    468.333  +0.089933  -0.007855  0.609  0.102  0.515  T  d0
  1125    468.750  +0.144534  +0.013647  0.625  0.102  0.515  T  d0
  1126    469.167  +0.124003  +0.083001  0.625  0.102  0.515  T  d1
  1127    469.583  -0.010316  +0.103114  0.609  0.102  0.515  T  d0
  1128    470.000  -0.065546  +0.080577  0.609  0.102  0.502  T  d0
  1129    470.417  -0.130680  +0.072214  0.594  0.102  0.502  T  d0
  1130    470.833  -0.139607  +0.022939  0.594  0.102  0.502  T  d1
  1131    471.250  -0.045780  -0.039024  0.609  0.102  0.502  T  d1
  1132    471.667  +0.007368  -0.105341  0.609  0.102  0.502  T  d0
  1133    472.083  +0.023223  -0.145303  0.594  0.102  0.502  T  d0
  1134    472.500  +0.045821  -0.110070  0.578  0.092  0.502  T  d1
  1135    472.917  +0.076407  +0.006879  0.562  0.092  0.502  T  d1
  1136    473.333  +0.041914  +0.080336  0.578  0.092  0.502  T  d0
  1137    473.750  +0.001376  +0.145668  0.578  0.092  0.502  T  d0
  1138    474.167  -0.031662  +0.088905  0.562  0.092  0.502  T  d0
  1139    474.583  -0.051134  +0.033246  0.547  0.092  0.502  T  d1
  1140    475.000  -0.021089  -0.044581  0.562  0.092  0.502  T  d0
  1141    475.417  -0.067125  -0.144227  0.562  0.092  0.502  T  d0
  1142    475.833  -0.008005  -0.120257  0.562  0.092  0.502  T  d1
  1143    476.250  +0.059111  -0.034489  0.562  0.092  0.502  T  d0
  1144    476.667  +0.078796  +0.007594  0.578  0.092  0.494  T  d0
  1145    477.083  +0.111898  +0.069911  0.578  0.092  0.494  T  d0
  1146    477.500  +0.067190  +0.063897  0.594  0.137  0.494  P  d0
  1147    477.917  +0.005071  +0.088167  0.594  0.137  0.494  P  d1
  1148    478.333  -0.099350  +0.045597  0.609  0.137  0.494  P  d0
  1149    478.750  -0.144575  +0.036191  0.594  0.137  0.494  P  d0
  1150    479.167  -0.102708  +0.000438  0.609  0.137  0.494  P  d0
  1151    479.583  -0.046889  -0.044994  0.609  0.137  0.494  P  d1
  1152    480.000  +0.046205  -0.115536  0.594  0.137  0.494  P  d1
  1153    480.417  +0.133337  -0.056979  0.594  0.137  0.494  P  d0
  1154    480.833  +0.100913  -0.053678  0.594  0.137  0.494  P  d0
  1155    481.250  +0.069133  +0.012429  0.578  0.137  0.494  P  d1
  1156    481.667  -0.041614  +0.054296  0.578  0.137  0.494  P  d0
  1157    482.083  -0.055396  +0.104886  0.578  0.137  0.494  P  d0
  1158    482.500  -0.095955  +0.060621  0.578  0.105  0.494  T  d1
  1159    482.917  -0.026217  -0.013046  0.578  0.105  0.494  T  d3
  1160    483.333  -0.009236  +0.008839  0.578  0.105  0.489  T  d2
  1161    483.750  +0.037487  -0.065425  0.578  0.105  0.489  T  d0
  1162    484.167  +0.006086  -0.014598  0.578  0.105  0.489  T  d0
  1163    484.583  +0.009177  -0.022219  0.594  0.105  0.489  T  d3
  1164    485.000  -0.007104  +0.002641  0.594  0.105  0.489  T  d3
  1165    485.417  -0.005615  +0.017783  0.594  0.105  0.489  T  d1
  1166    485.833  -0.023453  -0.000626  0.594  0.105  0.489  T  d1
  1167    486.250  +0.004461  -0.022395  0.609  0.105  0.489  T  d0
  1168    486.667  +0.005966  -0.037109  0.609  0.105  0.489  T  d0
  1169    487.083  +0.062395  -0.098229  0.594  0.105  0.489  T  d1
  1170    487.500  +0.059208  -0.009241  0.594  0.024  0.489  T  d1
  1171    487.917  +0.000733  +0.035303  0.578  0.024  0.489  T  d0
  1172    488.333  +0.018036  +0.087367  0.578  0.024  0.489  T  d0
  1173    488.750  -0.032206  +0.082430  0.578  0.024  0.489  T  d0
  1174    489.167  -0.011898  +0.107264  0.578  0.024  0.489  T  d1
  1175    489.583  -0.044415  +0.014492  0.578  0.024  0.489  T  d0
  1176    490.000  -0.064957  -0.008750  0.578  0.024  0.485  T  d1
  1177    490.417  -0.036878  -0.110757  0.562  0.024  0.485  T  d0
  1178    490.833  +0.005186  -0.065404  0.562  0.024  0.485  T  d0
  1179    491.250  +0.011735  -0.078618  0.547  0.024  0.485  T  d0
  1180    491.667  +0.036940  -0.031843  0.547  0.024  0.485  T  d1
  1181    492.083  +0.102821  +0.037556  0.547  0.024  0.485  T  d0
  1182    492.500  +0.028220  +0.009350  0.547  0.027  0.485  T  d1
  1183    492.917  +0.032408  +0.073600  0.547  0.027  0.485  T  d1
  1184    493.333  -0.041044  +0.044748  0.547  0.027  0.485  T  d0
  1185    493.750  -0.036781  +0.087927  0.562  0.027  0.485  T  d0
  1186    494.167  -0.078405  +0.057934  0.547  0.027  0.485  T  d1
  1187    494.583  -0.075282  -0.016840  0.547  0.027  0.485  T  d1
  1188    495.000  -0.016981  -0.057023  0.547  0.027  0.485  T  d0
  1189    495.417  -0.048901  -0.161039  0.547  0.027  0.485  T  d0
  1190    495.833  +0.006781  -0.121628  0.547  0.027  0.485  T  d1
  1191    496.250  +0.079307  -0.036090  0.562  0.027  0.485  T  d0
  1192    496.667  +0.092038  +0.012626  0.562  0.027  0.489  T  d0
  1193    497.083  +0.124279  +0.072813  0.578  0.027  0.489  T  d0
  1194    497.500  +0.074094  +0.068096  0.578  0.047  0.489  T  d0
  1195    497.917  +0.009422  +0.088816  0.562  0.047  0.489  T  d1
  1196    498.333  -0.095487  +0.047482  0.562  0.047  0.489  T  d0
  1197    498.750  -0.142770  +0.036282  0.578  0.047  0.489  T  d0
  1198    499.167  -0.098947  +0.003968  0.594  0.047  0.489  T  d0
  1199    499.583  -0.044323  -0.038842  0.594  0.047  0.489  T  d1
  1200    500.000  +0.050206  -0.105746  0.578  0.047  0.489  T  d1
  1201    500.417  +0.135980  -0.041494  0.578  0.047  0.489  T  d0
  1202    500.833  +0.100118  -0.033745  0.594  0.047  0.489  T  d1
  1203    501.250  +0.063841  +0.034426  0.594  0.047  0.489  T  d1
  1204    501.667  -0.053704  +0.073718  0.578  0.047  0.489  T  d0
  1205    502.083  -0.074750  +0.117916  0.562  0.047  0.489  T  d0
  1206    502.500  -0.123941  +0.061319  0.547  0.042  0.489  T  d1
  1207    502.917  -0.058979  -0.031170  0.547  0.042  0.489  T  d0
  1208    503.333  -0.050506  -0.048721  0.547  0.042  0.506  T  d1
  1209    503.750  +0.006341  -0.176316  0.562  0.042  0.506  T  d0
  1210    504.167  -0.009576  -0.106722  0.562  0.042  0.506  T  d1
  1211    504.583  +0.098103  -0.073494  0.547  0.042  0.506  T  d1
  1212    505.000  +0.077651  +0.034143  0.531  0.042  0.506  T  d0
  1213    505.417  +0.161568  +0.118887  0.547  0.042  0.506  T  d0
  1214    505.833  +0.038615  +0.118364  0.547  0.042  0.506  T  d0
  1215    506.250  +0.001007  +0.051175  0.547  0.042  0.506  T  d1
  1216    506.667  -0.070953  +0.017212  0.547  0.042  0.506  T  d0
  1217    507.083  -0.104701  +0.047253  0.547  0.042  0.506  T  d1
  1218    507.500  -0.092035  -0.046347  0.547  0.067  0.506  T  d0
  1219    507.917  -0.043824  -0.034037  0.562  0.067  0.506  T  d1
  1220    508.333  -0.003894  -0.049709  0.562  0.067  0.506  T  d0
  1221    508.750  +0.040752  -0.089334  0.562  0.067  0.506  T  d0
  1222    509.167  +0.035951  -0.030184  0.562  0.067  0.506  T  d0
  1223    509.583  +0.049104  -0.003089  0.562  0.067  0.506  T  d1
  1224    510.000  +0.052991  +0.055409  0.562  0.067  0.476  T  d0
  1225    510.417  +0.051711  +0.052474  0.547  0.067  0.476  T  d0
  1226    510.833  +0.037749  +0.093156  0.547  0.067  0.476  T  d1
  1227    511.250  -0.019266  +0.030526  0.547  0.067  0.476  T  d1
  1228    511.667  -0.081499  -0.008594  0.547  0.067  0.476  T  d0
  1229    512.083  -0.109820  -0.026539  0.531  0.067  0.476  T  d0
  1230    512.500  -0.101015  -0.052901  0.516  0.103  0.476  T  d1
  1231    512.917  -0.004591  -0.048424  0.516  0.103  0.476  T  d1
  1232    513.333  +0.043087  -0.030480  0.516  0.103  0.476  T  d0
  1233    513.750  +0.052003  -0.004319  0.516  0.103  0.476  T  d0
  1234    514.167  +0.093077  +0.007647  0.500  0.103  0.476  T  d3
  1235    514.583  -0.001143  -0.006191  0.500  0.103  0.476  T  d2
  1236    515.000  +0.013223  +0.025136  0.500  0.103  0.476  T  d1
  1237    515.417  -0.028080  +0.014778  0.484  0.103  0.476  T  d1
  1238    515.833  -0.027891  -0.022975  0.469  0.103  0.476  T  d2
  1239    516.250  +0.038241  -0.001286  0.469  0.103  0.476  T  d0
  1240    516.667  +0.030407  +0.011017  0.453  0.103  0.468  T  d0
  1241    517.083  +0.064773  +0.016407  0.469  0.103  0.468  T  d0
  1242    517.500  +0.018621  -0.010890  0.469  0.082  0.468  T  d1
  1243    517.917  -0.014670  +0.056340  0.469  0.082  0.468  T  d1
  1244    518.333  -0.071820  +0.026467  0.484  0.082  0.468  T  d0
  1245    518.750  -0.132825  +0.028412  0.484  0.082  0.468  T  d0
  1246    519.167  -0.075483  +0.003483  0.484  0.082  0.468  T  d1
  1247    519.583  -0.033297  -0.034256  0.469  0.082  0.468  T  d1
  1248    520.000  +0.061736  -0.103042  0.484  0.082  0.468  T  d0
  1249    520.417  +0.138482  -0.040527  0.469  0.082  0.468  T  d0
  1250    520.833  +0.100721  -0.040666  0.484  0.082  0.468  T  d0
  1251    521.250  +0.062955  +0.023868  0.469  0.082  0.468  T  d1
  1252    521.667  -0.051226  +0.058394  0.469  0.082  0.468  T  d0
  1253    522.083  -0.065776  +0.104933  0.469  0.082  0.468  T  d0
  1254    522.500  -0.106028  +0.053558  0.469  0.083  0.468  T  d1
  1255    522.917  -0.031057  -0.025067  0.453  0.083  0.468  T  d0
  1256    523.333  -0.009052  -0.007484  0.453  0.083  0.476  T  d1
  1257    523.750  +0.044965  -0.082892  0.453  0.083  0.476  T  d0
  1258    524.167  +0.021349  -0.031735  0.453  0.083  0.476  T  d0
  1259    524.583  +0.030173  -0.035069  0.453  0.083  0.476  T  d1
  1260    525.000  +0.017769  -0.001110  0.453  0.083  0.476  T  d1
  1261    525.417  +0.019293  +0.024637  0.453  0.083  0.476  T  d1
  1262    525.833  -0.004294  +0.021943  0.453  0.083  0.476  T  d0
  1263    526.250  +0.010362  +0.017236  0.453  0.083  0.476  T  d1
  1264    526.667  -0.025181  +0.036157  0.469  0.083  0.476  T  d1
  1265    527.083  -0.024196  -0.009306  0.453  0.083  0.476  T  d3
  1266    527.500  +0.004969  +0.014566  0.438  0.066  0.476  T  d1
  1267    527.917  -0.072184  -0.007596  0.453  0.066  0.476  T  d2
  1268    528.333  +0.015343  -0.002714  0.469  0.066  0.476  T  d3
  1269    528.750  +0.010513  -0.034290  0.484  0.066  0.476  T  d3
  1270    529.167  -0.022908  -0.013885  0.484  0.066  0.476  T  d1
  1271    529.583  +0.011904  -0.028237  0.484  0.066  0.476  T  d1
  1272    530.000  +0.072486  -0.007063  0.469  0.066  0.485  T  d0
  1273    530.417  +0.075969  +0.016682  0.469  0.066  0.485  T  d0
  1274    530.833  +0.065301  +0.002360  0.469  0.066  0.485  T  d1
  1275    531.250  -0.023094  +0.041220  0.469  0.066  0.485  T  d0
  1276    531.667  -0.069984  +0.058598  0.484  0.066  0.485  T  d0
  1277    532.083  -0.123196  +0.017108  0.484  0.066  0.485  T  d0
  1278    532.500  -0.110909  +0.012120  0.484  0.074  0.485  T  d1
  1279    532.917  -0.004526  -0.027220  0.484  0.074  0.485  T  d0
  1280    533.333  +0.034167  -0.091969  0.484  0.074  0.485  T  d1
  1281    533.750  +0.145536  -0.065750  0.484  0.074  0.485  T  d0
  1282    534.167  +0.114133  -0.042471  0.484  0.074  0.485  T  d1
  1283    534.583  +0.047891  +0.065892  0.469  0.074  0.485  T  d1
  1284    535.000  -0.060125  +0.044233  0.469  0.074  0.485  T  d0
  1285    535.417  -0.072512  +0.091458  0.469  0.074  0.485  T  d0
  1286    535.833  -0.097279  +0.057239  0.469  0.074  0.485  T  d1
  1287    536.250  -0.041084  -0.029926  0.469  0.074  0.485  T  d1
  1288    536.667  +0.015742  -0.018390  0.469  0.074  0.481  T  d0
  1289    537.083  +0.021781  -0.049583  0.484  0.074  0.481  T  d0
  1290    537.500  +0.024981  -0.083615  0.484  0.017  0.481  T  d1
  1291    537.917  +0.049845  -0.005830  0.469  0.017  0.481  T  d1
  1292    538.333  +0.005414  +0.005625  0.484  0.017  0.481  T  d0
  1293    538.750  +0.012250  +0.006374  0.484  0.017  0.481  T  d0
  1294    539.167  +0.021056  +0.023302  0.500  0.017  0.481  T  d1
  1295    539.583  -0.016570  +0.040725  0.484  0.017  0.481  T  d0
  1296    540.000  +0.000879  +0.002524  0.484  0.017  0.481  T  d1
  1297    540.417  -0.021895  +0.035099  0.500  0.017  0.481  T  d1
  1298    540.833  -0.041925  -0.008094  0.516  0.017  0.481  T  d0
  1299    541.250  -0.010605  -0.003277  0.531  0.017  0.481  T  d0
  1300    541.667  -0.023927  -0.013538  0.531  0.017  0.481  T  d0
  1301    542.083  -0.011906  -0.019258  0.547  0.017  0.481  T  d1
  1302    542.500  +0.022297  -0.023254  0.562  0.048  0.481  T  d3
  1303    542.917  -0.004360  -0.009288  0.578  0.048  0.481  T  d1
  1304    543.333  +0.058987  -0.036395  0.578  0.048  0.464  T  d0
  1305    543.750  +0.082574  +0.008629  0.578  0.048  0.464  T  d0
  1306    544.167  +0.066988  +0.027204  0.578  0.048  0.464  T  d1
  1307    544.583  -0.014976  +0.028325  0.578  0.048  0.464  T  d0
  1308    545.000  -0.093489  +0.044850  0.562  0.048  0.464  T  d0
  1309    545.417  -0.101549  +0.030664  0.547  0.048  0.464  T  d0
  1310    545.833  -0.110593  -0.001589  0.531  0.048  0.464  T  d1
  1311    546.250  -0.010643  -0.042512  0.531  0.048  0.464  T  d1
  1312    546.667  +0.065597  -0.055146  0.516  0.048  0.464  T  d0
  1313    547.083  +0.140322  -0.073611  0.531  0.048  0.464  T  d0
  1314    547.500  +0.118914  -0.022039  0.531  0.082  0.464  T  d1
  1315    547.917  +0.052541  +0.050195  0.531  0.082  0.464  T  d1
  1316    548.333  -0.045283  +0.113532  0.547  0.082  0.464  T  d0
  1317    548.750  -0.103968  +0.089703  0.547  0.082  0.464  T  d0
  1318    549.167  -0.115605  +0.049759  0.547  0.082  0.464  T  d1
  1319    549.583  -0.058271  -0.028262  0.547  0.082  0.464  T  d0
  1320    550.000  -0.029460  -0.065052  0.547  0.082  0.464  T  d0
  1321    550.417  +0.000540  -0.146273  0.547  0.082  0.464  T  d0
  1322    550.833  +0.011197  -0.096030  0.547  0.082  0.464  T  d1
  1323    551.250  +0.086210  -0.023662  0.547  0.082  0.464  T  d0
  1324    551.667  +0.076495  +0.014154  0.562  0.082  0.464  T  d1
  1325    552.083  +0.092111  +0.134045  0.547  0.082  0.464  T  d0
  1326    552.500  +0.082328  +0.078087  0.547  0.069  0.464  T  d1
  1327    552.917  -0.030622  +0.076293  0.547  0.069  0.464  T  d1
  1328    553.333  -0.102111  -0.000445  0.547  0.069  0.464  T  d0
  1329    553.750  -0.140084  -0.060072  0.562  0.069  0.464  T  d0
  1330    554.167  -0.079767  -0.087515  0.578  0.069  0.464  T  d0
  1331    554.583  -0.023232  -0.042931  0.578  0.069  0.464  T  d1
  1332    555.000  +0.054676  -0.014366  0.562  0.069  0.464  T  d0
  1333    555.417  +0.115347  +0.028416  0.562  0.069  0.464  T  d0
  1334    555.833  +0.085407  +0.034085  0.578  0.069  0.464  T  d0
  1335    556.250  +0.081063  -0.006247  0.594  0.069  0.464  T  d2
  1336    556.667  -0.056333  +0.047720  0.594  0.069  0.464  T  d0
  1337    557.083  -0.020472  +0.008692  0.594  0.069  0.464  T  d0
  1338    557.500  -0.086728  -0.010264  0.594  0.067  0.464  T  d3
  1339    557.917  +0.000501  +0.031069  0.609  0.067  0.464  T  d2
  1340    558.333  +0.020674  -0.042943  0.594  0.067  0.464  T  d2
  1341    558.750  -0.025487  +0.016496  0.594  0.067  0.464  T  d2
  1342    559.167  +0.044319  +0.004604  0.578  0.067  0.464  T  d1
  1343    559.583  -0.008569  +0.018890  0.578  0.067  0.464  T  d1
  1344    560.000  -0.058932  +0.005093  0.578  0.067  0.464  T  d0
  1345    560.417  -0.076309  -0.018391  0.578  0.067  0.464  T  d0
  1346    560.833  -0.065440  -0.003022  0.562  0.067  0.464  T  d1
  1347    561.250  +0.014700  -0.042174  0.562  0.067  0.464  T  d0
  1348    561.667  +0.061728  -0.065981  0.562  0.067  0.464  T  d0
  1349    562.083  +0.118441  -0.023789  0.562  0.067  0.464  T  d0
  1350    562.500  +0.111455  -0.026251  0.562  0.007  0.464  T  d1
  1351    562.917  +0.034363  +0.030956  0.562  0.007  0.464  T  d1
  1352    563.333  -0.015600  +0.077253  0.547  0.007  0.446  T  d0
  1353    563.750  -0.064347  +0.065214  0.547  0.007  0.446  T  d0
  1354    564.167  -0.047306  +0.076808  0.547  0.007  0.446  T  d1
  1355    564.583  -0.069896  -0.034144  0.547  0.007  0.446  T  d0
  1356    565.000  -0.040226  +0.009057  0.531  0.007  0.446  T  d1
  1357    565.417  -0.039869  -0.057170  0.547  0.007  0.446  T  d0
  1358    565.833  -0.021243  -0.083080  0.547  0.007  0.446  T  d1
  1359    566.250  +0.036438  -0.030367  0.562  0.007  0.446  T  d0
  1360    566.667  +0.082037  -0.034250  0.562  0.007  0.446  T  d0
  1361    567.083  +0.092436  -0.011560  0.562  0.007  0.446  T  d0
  1362    567.500  +0.068636  +0.038381  0.562  0.046  0.446  T  d0
  1363    567.917  +0.038893  +0.032529  0.547  0.046  0.446  T  d1
  1364    568.333  -0.059274  +0.091113  0.547  0.046  0.446  T  d0
  1365    568.750  -0.092264  +0.048279  0.547  0.046  0.446  T  d0
  1366    569.167  -0.082318  +0.027193  0.547  0.046  0.446  T  d0
  1367    569.583  -0.042996  +0.044096  0.531  0.046  0.446  T  d1
  1368    570.000  -0.004732  -0.068399  0.547  0.046  0.442  T  d0
  1369    570.417  +0.005976  -0.061971  0.531  0.046  0.442  T  d0
  1370    570.833  +0.035887  -0.074671  0.531  0.046  0.442  T  d0
  1371    571.250  +0.048888  -0.018386  0.531  0.046  0.442  T  d1
  1372    571.667  -0.000524  +0.012187  0.531  0.046  0.442  T  d0
  1373    572.083  -0.007579  +0.040889  0.547  0.046  0.442  T  d2
  1374    572.500  +0.001809  -0.014156  0.562  0.017  0.442  T  d2
  1375    572.917  -0.005178  +0.011004  0.562  0.017  0.442  T  d2
  1376    573.333  +0.012860  -0.029751  0.578  0.017  0.442  T  d0
  1377    573.750  +0.061658  -0.059822  0.578  0.017  0.442  T  d2
  1378    574.167  -0.010846  +0.012638  0.578  0.017  0.442  T  d2
  1379    574.583  +0.009607  -0.004323  0.578  0.017  0.442  T  d1
  1380    575.000  +0.001441  +0.083235  0.562  0.017  0.442  T  d0
  1381    575.417  -0.036422  +0.116324  0.562  0.017  0.442  T  d0
  1382    575.833  -0.024499  +0.081061  0.562  0.017  0.442  T  d1
  1383    576.250  -0.070360  +0.005651  0.562  0.017  0.442  T  d1
  1384    576.667  -0.022026  -0.112275  0.562  0.017  0.472  T  d0
  1385    577.083  +0.021496  -0.164640  0.562  0.017  0.472  T  d0
  1386    577.500  +0.029844  -0.104468  0.562  0.021  0.472  T  d1
  1387    577.917  +0.081472  -0.027004  0.578  0.021  0.472  T  d1
  1388    578.333  +0.068548  +0.077097  0.562  0.021  0.472  T  d0
  1389    578.750  +0.039559  +0.135511  0.578  0.021  0.472  T  d0
  1390    579.167  -0.002854  +0.139950  0.578  0.021  0.472  T  d0
  1391    579.583  -0.048061  +0.064379  0.594  0.021  0.472  T  d1
  1392    580.000  -0.121050  -0.036956  0.578  0.021  0.472  T  d0
  1393    580.417  -0.076846  -0.061471  0.578  0.021  0.472  T  d0
  1394    580.833  -0.087885  -0.054610  0.562  0.021  0.472  T  d1
  1395    581.250  -0.005752  -0.073297  0.547  0.021  0.472  T  d1
  1396    581.667  +0.089044  -0.060846  0.547  0.021  0.472  T  d0
  1397    582.083  +0.136630  -0.021438  0.531  0.021  0.472  T  d0
  1398    582.500  +0.123770  -0.002644  0.516  0.002  0.472  T  d1
  1399    582.917  +0.011316  +0.032378  0.500  0.002  0.472  T  d0
  1400    583.333  -0.031058  +0.100386  0.516  0.002  0.459  T  d1
  1401    583.750  -0.148300  +0.066125  0.516  0.002  0.459  T  d0
  1402    584.167  -0.118171  +0.038928  0.500  0.002  0.459  T  d1
  1403    584.583  -0.053478  -0.075252  0.484  0.002  0.459  T  d1
  1404    585.000  +0.059558  -0.057651  0.484  0.002  0.459  T  d0
  1405    585.417  +0.077171  -0.104876  0.484  0.002  0.459  T  d0
  1406    585.833  +0.110743  -0.065919  0.500  0.002  0.459  T  d1
  1407    586.250  +0.065495  +0.034027  0.500  0.002  0.459  T  d0
  1408    586.667  +0.029617  +0.054969  0.500  0.002  0.459  T  d0
  1409    587.083  +0.000660  +0.135147  0.500  0.002  0.459  T  d0
  1410    587.500  -0.032088  +0.130648  0.516  0.062  0.459  T  d1
  1411    587.917  -0.056119  +0.018962  0.516  0.062  0.459  T  d1
  1412    588.333  -0.101259  -0.057315  0.516  0.062  0.459  T  d0
  1413    588.750  -0.091488  -0.094165  0.516  0.062  0.459  T  d0
  1414    589.167  -0.070654  -0.097021  0.516  0.062  0.459  T  d1
  1415    589.583  +0.021163  -0.060897  0.516  0.062  0.459  T  d1
  1416    590.000  +0.082357  -0.017533  0.531  0.062  0.476  T  d0
  1417    590.417  +0.150929  +0.054744  0.531  0.062  0.476  T  d0
  1418    590.833  +0.119391  +0.090954  0.531  0.062  0.476  T  d0
  1419    591.250  +0.007775  +0.045171  0.531  0.062  0.476  T  d1
  1420    591.667  -0.071482  +0.004471  0.531  0.062  0.476  T  d0
  1421    592.083  -0.109080  -0.009393  0.531  0.062  0.476  T  d0
  1422    592.500  -0.090324  -0.021878  0.531  0.053  0.476  T  d0
  1423    592.917  -0.057626  -0.022928  0.531  0.053  0.476  T  d1
  1424    593.333  +0.023791  -0.020871  0.531  0.053  0.476  T  d0
  1425    593.750  +0.067232  -0.044200  0.531  0.053  0.476  T  d1
  1426    594.167  +0.055592  +0.037295  0.516  0.053  0.476  T  d3
  1427    594.583  +0.016112  -0.025381  0.531  0.053  0.476  T  d2
  1428    595.000  -0.003010  +0.034920  0.531  0.053  0.476  T  d1
  1429    595.417  -0.021061  +0.009359  0.531  0.053  0.476  T  d1
  1430    595.833  -0.036497  -0.026694  0.531  0.053  0.476  T  d1
  1431    596.250  +0.043480  -0.008415  0.531  0.053  0.476  T  d0
  1432    596.667  +0.027485  +0.006455  0.531  0.053  0.476  T  d0
  1433    597.083  +0.068056  +0.008830  0.531  0.053  0.476  T  d3
  1434    597.500  +0.018178  -0.016022  0.516  0.000  0.476  T  d2
  1435    597.917  -0.010950  +0.048698  0.531  0.000  0.476  T  d1
  1436    598.333  -0.069099  +0.022184  0.531  0.000  0.476  T  d0
  1437    598.750  -0.126699  +0.024156  0.531  0.000  0.476  T  d0
  1438    599.167  -0.068554  +0.002977  0.516  0.000  0.476  T  d1
  1439    599.583  -0.023488  -0.031231  0.531  0.000  0.476  T  d1
  1440    600.000  +0.071943  -0.092627  0.516  0.000  0.476  T  d0
  1441    600.417  +0.163513  -0.040725  0.516  0.000  0.476  T  d0
  1442    600.833  +0.115987  -0.009935  0.516  0.000  0.476  T  d1
  1443    601.250  +0.026534  +0.087927  0.516  0.000  0.476  T  d1
  1444    601.667  -0.033653  +0.046325  0.516  0.000  0.476  T  d0
  1445    602.083  -0.092784  +0.121145  0.516  0.000  0.476  T  d0
  1446    602.500  -0.119920  +0.067719  0.516  0.000  0.476  T  d1
  1447    602.917  -0.088885  -0.031512  0.531  0.000  0.476  T  d0
  1448    603.333  -0.043472  -0.057833  0.531  0.000  0.494  T  d0
  1449    603.750  -0.006164  -0.185320  0.531  0.000  0.494  T  d0
  1450    604.167  -0.009209  -0.114216  0.531  0.000  0.494  T  d1
  1451    604.583  +0.095128  -0.081231  0.531  0.000  0.494  T  d1
  1452    605.000  +0.081744  +0.026816  0.531  0.000  0.494  T  d0
  1453    605.417  +0.164861  +0.115255  0.516  0.000  0.494  T  d0
  1454    605.833  +0.046561  +0.114943  0.500  0.000  0.494  T  d0
  1455    606.250  +0.010227  +0.054012  0.500  0.000  0.494  T  d1
  1456    606.667  -0.061095  +0.024068  0.516  0.000  0.494  T  d0
  1457    607.083  -0.095311  +0.058488  0.500  0.000  0.494  T  d1
  1458    607.500  -0.084087  -0.032244  0.516  0.000  0.494  T  d0
  1459    607.917  -0.041731  -0.015310  0.531  0.000  0.494  T  d1
  1460    608.333  -0.007458  -0.033418  0.547  0.000  0.494  T  d0
  1461    608.750  +0.031292  -0.071864  0.547  0.000  0.494  T  d0
  1462    609.167  +0.011170  -0.030199  0.562  0.000  0.494  T  d1
  1463    609.583  +0.030183  -0.002335  0.562  0.000  0.494  T  d0
  1464    610.000  +0.023579  +0.010698  0.547  0.000  0.498  T  d3
  1465    610.417  +0.010227  -0.033097  0.531  0.000  0.498  T  d2
  1466    610.833  +0.009322  +0.037501  0.547  0.000  0.498  T  d0
  1467    611.250  +0.047476  +0.044029  0.547  0.000  0.498  T  d1
  1468    611.667  -0.042540  +0.027559  0.547  0.000  0.498  T  d0
  1469    612.083  -0.025547  +0.050017  0.547  0.000  0.498  T  d1
  1470    612.500  -0.006816  +0.002168  0.547  0.021  0.498  T  d0
  1471    612.917  -0.054320  +0.011659  0.547  0.021  0.498  T  d1
  1472    613.333  -0.028484  -0.061260  0.547  0.021  0.498  T  d0
  1473    613.750  -0.043546  -0.072669  0.547  0.021  0.498  T  d0
  1474    614.167  -0.008276  -0.083772  0.547  0.021  0.498  T  d1
  1475    614.583  +0.050123  -0.033798  0.562  0.021  0.498  T  d1
  1476    615.000  +0.081978  +0.032089  0.562  0.021  0.498  T  d0
  1477    615.417  +0.098740  +0.054809  0.562  0.021  0.498  T  d0
  1478    615.833  +0.062957  +0.066933  0.562  0.021  0.498  T  d0
  1479    616.250  +0.056711  +0.013071  0.562  0.021  0.498  T  d1
  1480    616.667  -0.094926  +0.061462  0.547  0.021  0.494  T  d0
  1481    617.083  -0.055140  +0.008453  0.547  0.021  0.494  T  d0
  1482    617.500  -0.123892  -0.017654  0.547  0.094  0.494  T  d0
  1483    617.917  -0.028217  +0.011082  0.547  0.094  0.494  T  d1
  1484    618.333  +0.001491  -0.068211  0.547  0.094  0.494  T  d3
  1485    618.750  -0.029980  -0.018335  0.547  0.094  0.494  T  d1
  1486    619.167  +0.060788  -0.027491  0.547  0.094  0.494  T  d0
  1487    619.583  +0.025442  -0.001916  0.531  0.094  0.494  T  d0
  1488    620.000  +0.024956  -0.010219  0.531  0.094  0.494  T  d1
  1489    620.417  +0.018512  +0.009910  0.531  0.094  0.494  T  d0
  1490    620.833  +0.029366  +0.019058  0.547  0.094  0.494  T  d0
  1491    621.250  +0.013845  +0.016548  0.547  0.094  0.494  T  d0
  1492    621.667  +0.004609  +0.041063  0.547  0.094  0.494  T  d1
  1493    622.083  -0.017347  +0.014744  0.547  0.094  0.494  T  d0
  1494    622.500  -0.025892  +0.018057  0.547  0.075  0.494  T  d1
  1495    622.917  -0.013124  -0.031091  0.547  0.075  0.494  T  d3
  1496    623.333  -0.061555  -0.002927  0.547  0.075  0.464  T  d1
  1497    623.750  -0.041545  -0.087686  0.562  0.075  0.464  T  d0
  1498    624.167  -0.006084  -0.045277  0.578  0.075  0.464  T  d1
  1499    624.583  +0.039015  -0.039281  0.578  0.075  0.464  T  d1
  1500    625.000  +0.060554  +0.051274  0.578  0.075  0.464  T  d0
  1501    625.417  +0.127156  +0.109923  0.578  0.075  0.464  T  d0
  1502    625.833  +0.017320  +0.104231  0.594  0.075  0.464  T  d1
  1503    626.250  -0.025759  +0.016826  0.578  0.075  0.464  T  d1
  1504    626.667  -0.097833  -0.054364  0.578  0.075  0.464  T  d0
  1505    627.083  -0.129858  -0.080049  0.578  0.075  0.464  T  d0
  1506    627.500  -0.033262  -0.069310  0.578  0.117  0.464  T  d0
  1507    627.917  -0.038020  -0.065034  0.578  0.117  0.464  T  d1
  1508    628.333  +0.095946  -0.023840  0.578  0.117  0.464  T  d0
  1509    628.750  +0.159184  -0.001258  0.578  0.117  0.464  T  d0
  1510    629.167  +0.133128  +0.071788  0.578  0.117  0.464  T  d1
  1511    629.583  +0.025683  +0.089148  0.562  0.117  0.464  T  d1
  1512    630.000  -0.072140  +0.080550  0.578  0.117  0.472  T  d0
  1513    630.417  -0.104370  +0.073205  0.578  0.117  0.472  T  d0
  1514    630.833  -0.134007  +0.023654  0.578  0.117  0.472  T  d1
  1515    631.250  -0.034931  -0.032577  0.562  0.117  0.472  T  d1
  1516    631.667  +0.008586  -0.100571  0.562  0.117  0.472  T  d0
  1517    632.083  +0.023971  -0.139059  0.578  0.117  0.472  T  d0
  1518    632.500  +0.042456  -0.105155  0.594  0.155  0.472  P  d1
  1519    632.917  +0.072974  +0.011986  0.594  0.155  0.472  P  d1
  1520    633.333  +0.036408  +0.083632  0.578  0.155  0.472  P  d0
  1521    633.750  -0.009930  +0.146115  0.594  0.155  0.472  P  d0
  1522    634.167  -0.029626  +0.088095  0.578  0.155  0.472  P  d0
  1523    634.583  -0.044578  +0.035080  0.578  0.155  0.472  P  d1
  1524    635.000  -0.035339  -0.042814  0.562  0.155  0.472  P  d0
  1525    635.417  -0.066996  -0.142460  0.578  0.155  0.472  P  d0
  1526    635.833  -0.011336  -0.127658  0.578  0.155  0.472  P  d1
  1527    636.250  +0.058715  -0.037298  0.578  0.155  0.472  P  d0
  1528    636.667  +0.077362  +0.003402  0.594  0.155  0.464  P  d0
  1529    637.083  +0.113112  +0.063683  0.609  0.155  0.464  P  d0
  1530    637.500  +0.067368  +0.057486  0.609  0.207  0.464  P  d0
  1531    637.917  +0.007634  +0.081423  0.609  0.207  0.464  P  d1
  1532    638.333  -0.094769  +0.040831  0.609  0.207  0.464  P  d0
  1533    638.750  -0.138766  +0.032885  0.609  0.207  0.464  P  d0
  1534    639.167  -0.095256  +0.001893  0.609  0.207  0.464  P  d1
  1535    639.583  -0.038245  -0.040427  0.625  0.207  0.464  P  d1
  1536    640.000  +0.054176  -0.102669  0.625  0.207  0.464  P  d0
  1537    640.417  +0.155272  -0.054578  0.625  0.207  0.464  P  d0
  1538    640.833  +0.111430  -0.020544  0.609  0.207  0.464  P  d1
  1539    641.250  +0.026911  +0.077232  0.609  0.207  0.464  P  d1
  1540    641.667  -0.030652  +0.040604  0.609  0.207  0.464  P  d0
  1541    642.083  -0.086592  +0.116852  0.609  0.207  0.464  P  d0
  1542    642.500  -0.112443  +0.067511  0.594  0.143  0.464  P  d1
  1543    642.917  -0.081989  -0.028993  0.594  0.143  0.464  P  d0
  1544    643.333  -0.035872  -0.053726  0.594  0.143  0.464  P  d0
  1545    643.750  -0.001467  -0.178785  0.578  0.143  0.464  P  d0
  1546    644.167  -0.005654  -0.106361  0.578  0.143  0.464  P  d1
  1547    644.583  +0.095090  -0.074759  0.578  0.143  0.464  P  d1
  1548    645.000  +0.080366  +0.033541  0.594  0.143  0.464  P  d0
  1549    645.417  +0.160902  +0.119716  0.594  0.143  0.464  P  d0
  1550    645.833  +0.039687  +0.117137  0.594  0.143  0.464  P  d0
  1551    646.250  +0.002354  +0.052483  0.609  0.143  0.464  P  d1
  1552    646.667  -0.069637  +0.017484  0.609  0.143  0.464  P  d0
  1553    647.083  -0.104048  +0.049025  0.609  0.143  0.464  P  d1
  1554    647.500  -0.090350  -0.045849  0.609  0.152  0.464  P  d0
  1555    647.917  -0.043867  -0.032361  0.594  0.152  0.464  P  d1
  1556    648.333  -0.004744  -0.049928  0.594  0.152  0.464  P  d0
  1557    648.750  +0.041243  -0.084798  0.594  0.152  0.464  P  d0
  1558    649.167  +0.027694  -0.036536  0.594  0.152  0.464  P  d1
  1559    649.583  +0.056044  +0.003528  0.594  0.152  0.464  P  d0
  1560    650.000  +0.048466  +0.052295  0.594  0.152  0.459  P  d0
  1561    650.417  +0.045106  +0.050963  0.578  0.152  0.459  P  d0
  1562    650.833  +0.035023  +0.089265  0.578  0.152  0.459  P  d1
  1563    651.250  -0.025574  +0.035110  0.562  0.152  0.459  P  d1
  1564    651.667  -0.082399  -0.026468  0.578  0.152  0.459  P  d0
  1565    652.083  -0.107428  -0.032849  0.562  0.152  0.459  P  d0
  1566    652.500  -0.075389  -0.047341  0.562  0.197  0.459  P  d0
  1567    652.917  -0.033798  -0.037384  0.578  0.197  0.459  P  d1
  1568    653.333  +0.050543  -0.030548  0.594  0.197  0.459  P  d0
  1569    653.750  +0.097754  -0.043548  0.594  0.197  0.459  P  d1
  1570    654.167  +0.082606  +0.045734  0.578  0.197  0.459  P  d0
  1571    654.583  +0.038809  -0.008982  0.578  0.197  0.459  P  d1
  1572    655.000  +0.011130  +0.057941  0.578  0.197  0.459  P  d0
  1573    655.417  -0.018447  +0.033393  0.562  0.197  0.459  P  d1
  1574    655.833  -0.048128  +0.001076  0.547  0.197  0.459  P  d3
  1575    656.250  +0.000370  +0.008180  0.547  0.197  0.459  P  d1
  1576    656.667  -0.035087  +0.008468  0.531  0.197  0.472  P  d1
  1577    657.083  -0.025559  -0.025943  0.516  0.197  0.472  P  d0
  1578    657.500  -0.041162  -0.029341  0.500  0.231  0.472  P  d1
  1579    657.917  +0.014119  -0.035828  0.500  0.231  0.472  P  d0
  1580    658.333  +0.009283  -0.016119  0.500  0.231  0.472  P  d0
  1581    658.750  +0.009680  -0.005019  0.484  0.231  0.472  P  d0
  1582    659.167  +0.016883  -0.023143  0.469  0.231  0.472  P  d0
  1583    659.583  +0.049435  -0.016503  0.453  0.231  0.472  P  d1
  1584    660.000  +0.056111  +0.096543  0.453  0.231  0.472  P  d0
  1585    660.417  +0.021349  +0.073039  0.438  0.231  0.472  P  d0
  1586    660.833  +0.037267  +0.046895  0.438  0.231  0.472  P  d1
  1587    661.250  -0.046807  +0.045978  0.422  0.231  0.472  P  d1
  1588    661.667  -0.075190  -0.013341  0.422  0.231  0.472  P  d0
  1589    662.083  -0.079260  -0.073047  0.406  0.231  0.472  P  d0
  1590    662.500  -0.107941  -0.060706  0.391  0.301  0.472  P  d1
  1591    662.917  -0.011885  -0.067784  0.391  0.301  0.472  P  d0
  1592    663.333  +0.037260  -0.055023  0.375  0.301  0.481  P  d1
  1593    663.750  +0.091634  +0.019515  0.359  0.301  0.481  P  d0
  1594    664.167  +0.079133  -0.018902  0.344  0.301  0.481  P  d1
  1595    664.583  +0.020470  +0.025396  0.344  0.301  0.481  P  d0
  1596    665.000  +0.023335  +0.034210  0.344  0.301  0.481  P  d1
  1597    665.417  -0.019889  +0.032024  0.328  0.301  0.481  P  d0
  1598    665.833  -0.022584  +0.043266  0.312  0.301  0.481  P  d0
  1599    666.250  -0.003159  +0.004163  0.297  0.301  0.481  P  d0
  1600    666.667  -0.011237  +0.019221  0.297  0.301  0.481  P  d0
  1601    667.083  -0.020850  +0.010469  0.281  0.301  0.481  P  d1
  1602    667.500  -0.014056  -0.022579  0.281  0.281  0.481  P  d2
  1603    667.917  +0.009810  +0.006810  0.266  0.281  0.481  P  d2
  1604    668.333  -0.013692  -0.013188  0.266  0.281  0.481  P  d1
  1605    668.750  +0.033965  -0.042211  0.250  0.281  0.481  P  d3
  1606    669.167  -0.014696  -0.015250  0.250  0.281  0.481  P  d2
  1607    669.583  +0.011630  +0.008828  0.250  0.281  0.481  P  d1
  1608    670.000  -0.007596  +0.010104  0.250  0.281  0.481  P  d1
  1609    670.417  -0.011424  -0.045065  0.250  0.281  0.481  P  d3
  1610    670.833  -0.011423  +0.017971  0.234  0.281  0.481  P  d3
  1611    671.250  +0.039922  +0.017014  0.234  0.281  0.481  P  d2
  1612    671.667  -0.041518  +0.001023  0.219  0.281  0.481  P  d3
  1613    672.083  -0.010625  +0.025735  0.203  0.281  0.481  P  d2
  1614    672.500  +0.020085  -0.010132  0.188  0.283  0.481  P  d2
  1615    672.917  -0.015058  +0.017128  0.172  0.283  0.481  P  d2
  1616    673.333  +0.012447  -0.015706  0.172  0.283  0.481  P  d1
  1617    673.750  +0.025069  +0.025795  0.156  0.283  0.481  P  d3
  1618    674.167  +0.006043  -0.006902  0.141  0.283  0.481  P  d3
  1619    674.583  -0.003059  -0.004601  0.141  0.283  0.481  P  d2
  1620    675.000  +0.012533  +0.010031  0.141  0.283  0.481  P  d2
  1621    675.417  -0.010727  -0.019786  0.125  0.283  0.481  P  d1
  1622    675.833  +0.009993  -0.019121  0.109  0.283  0.481  P  d3
  1623    676.250  -0.018786  +0.002853  0.109  0.283  0.481  P  d1
  1624    676.667  -0.009286  -0.011929  0.109  0.283  0.481  P  d1
  1625    677.083  +0.003510  -0.012554  0.109  0.283  0.481  P  d2
  1626    677.500  +0.000572  +0.019791  0.094  0.189  0.481  P  d1
  1627    677.917  -0.017289  -0.014330  0.094  0.189  0.481  P  d2
  1628    678.333  +0.009870  +0.006943  0.078  0.189  0.481  P  d1
  1629    678.750  -0.032064  +0.034790  0.078  0.189  0.481  P  d3
  1630    679.167  +0.017960  +0.009477  0.062  0.189  0.481  P  d2
  1631    679.583  -0.006170  -0.012471  0.047  0.189  0.481  P  d1
  1632    680.000  +0.014029  -0.012332  0.031  0.189  0.481  P  d1
  1633    680.417  +0.016397  +0.044196  0.031  0.189  0.481  P  d3
  1634    680.833  +0.015776  -0.017275  0.047  0.189  0.481  P  d3
  1635    681.250  -0.036517  -0.015449  0.047  0.189  0.481  P  d2
  1636    681.667  +0.042866  +0.000631  0.062  0.189  0.481  P  d3
  1637    682.083  +0.011222  -0.023784  0.062  0.189  0.481  P  d2
  1638    682.500  -0.020568  +0.011887  0.078  0.232  0.481  P  d2
  1639    682.917  +0.014091  -0.015047  0.078  0.232  0.481  P  d2
  1640    683.333  -0.014115  +0.016853  0.078  0.232  0.494  P  d1
  1641    683.750  -0.026823  -0.025489  0.078  0.232  0.494  P  d3
  1642    684.167  -0.007691  +0.007160  0.078  0.232  0.494  P  d3
  1643    684.583  +0.001867  +0.004576  0.094  0.232  0.494  P  d2
  1644    685.000  -0.013563  -0.010790  0.094  0.232  0.494  P  d2
  1645    685.417  +0.010135  +0.018965  0.109  0.232  0.494  P  d1
  1646    685.833  -0.009602  +0.018371  0.125  0.232  0.494  P  d3
  1647    686.250  +0.018726  -0.004129  0.125  0.232  0.494  P  d1
  1648    686.667  +0.009217  +0.012045  0.141  0.232  0.494  P  d1
  1649    687.083  -0.002394  +0.010902  0.156  0.232  0.494  P  d2
  1650    687.500  -0.001344  -0.016817  0.172  0.189  0.494  P  d1
  1651    687.917  +0.017624  +0.010799  0.172  0.189  0.494  P  d2
  1652    688.333  -0.007920  -0.009858  0.172  0.189  0.494  P  d1
  1653    688.750  +0.032934  -0.032259  0.188  0.189  0.494  P  d3
  1654    689.167  -0.010199  -0.003561  0.203  0.189  0.494  P  d3
  1655    689.583  -0.003341  +0.009080  0.203  0.189  0.494  P  d0
  1656    690.000  -0.012271  +0.014770  0.203  0.189  0.515  P  d1
  1657    690.417  -0.014604  -0.041111  0.219  0.189  0.515  P  d3
  1658    690.833  -0.017715  +0.013534  0.234  0.189  0.515  P  d3
  1659    691.250  +0.039414  +0.018683  0.250  0.189  0.515  P  d2
  1660    691.667  -0.049651  +0.004276  0.250  0.189  0.515  P  d3
  1661    692.083  -0.003105  +0.019572  0.250  0.189  0.515  P  d2
  1662    692.500  +0.009572  -0.007148  0.250  0.130  0.515  P  d2
  1663    692.917  -0.029306  +0.003761  0.250  0.130  0.515  P  d2
  1664    693.333  +0.042144  -0.010859  0.250  0.130  0.515  P  d0
  1665    693.750  +0.011766  +0.006098  0.250  0.130  0.515  P  d0
  1666    694.167  +0.008668  +0.011441  0.250  0.130  0.515  P  d2
  1667    694.583  -0.001815  -0.012964  0.266  0.130  0.515  P  d0
  1668    695.000  -0.008815  -0.015442  0.266  0.130  0.515  P  d1
  1669    695.417  +0.014092  -0.015357  0.281  0.130  0.515  P  d0
  1670    695.833  +0.021947  -0.022418  0.281  0.130  0.515  P  d2
  1671    696.250  -0.003593  +0.011211  0.281  0.130  0.515  P  d3
  1672    696.667  +0.018836  +0.019052  0.281  0.130  0.494  P  d2
  1673    697.083  -0.042688  -0.018706  0.281  0.130  0.494  P  d2
  1674    697.500  +0.019786  +0.037537  0.281  0.201  0.494  P  d0
  1675    697.917  +0.008295  +0.007074  0.281  0.201  0.494  P  d1
  1676    698.333  -0.010801  +0.032266  0.281  0.201  0.494  P  d0
  1677    698.750  -0.038938  +0.050551  0.281  0.201  0.494  P  d0
  1678    699.167  -0.019561  +0.011843  0.281  0.201  0.494  P  d1
  1679    699.583  -0.026944  -0.018488  0.281  0.201  0.494  P  d0
  1680    700.000  -0.026714  -0.063667  0.281  0.201  0.494  P  d0
  1681    700.417  -0.028478  -0.056798  0.281  0.201  0.494  P  d0
  1682    700.833  -0.016155  -0.089812  0.281  0.201  0.494  P  d1
  1683    701.250  +0.033096  -0.023373  0.281  0.201  0.494  P  d1
  1684    701.667  +0.090921  +0.019033  0.281  0.201  0.494  P  d0
  1685    702.083  +0.111220  +0.040016  0.281  0.201  0.494  P  d0
  1686    702.500  +0.096747  +0.064817  0.281  0.163  0.494  P  d1
  1687    702.917  -0.005933  +0.058919  0.281  0.163  0.494  P  d1
  1688    703.333  -0.058646  +0.037701  0.266  0.163  0.468  P  d0
  1689    703.750  -0.070703  +0.007961  0.266  0.163  0.468  P  d0
  1690    704.167  -0.112716  -0.010733  0.281  0.163  0.468  P  d0
  1691    704.583  -0.017697  -0.001451  0.281  0.163  0.468  P  d1
  1692    705.000  -0.028582  -0.038115  0.297  0.163  0.468  P  d1
  1693    705.417  +0.019932  -0.031384  0.297  0.163  0.468  P  d1
  1694    705.833  +0.034429  -0.002809  0.297  0.163  0.468  P  d3
  1695    706.250  -0.018365  -0.018162  0.312  0.163  0.468  P  d1
  1696    706.667  +0.033225  -0.018374  0.312  0.163  0.468  P  d1
  1697    707.083  +0.034291  +0.013920  0.312  0.163  0.468  P  d1
  1698    707.500  +0.001715  +0.004405  0.312  0.152  0.468  P  d0
  1699    707.917  +0.018534  +0.012464  0.312  0.152  0.468  P  d2
  1700    708.333  -0.008020  -0.003352  0.297  0.152  0.468  P  d0
  1701    708.750  -0.009712  -0.007432  0.312  0.152  0.468  P  d2
  1702    709.167  +0.024289  +0.012912  0.312  0.152  0.468  P  d1
  1703    709.583  -0.017427  +0.028226  0.312  0.152  0.468  P  d1
  1704    710.000  -0.021716  -0.026367  0.328  0.152  0.468  P  d2
  1705    710.417  +0.018550  +0.012059  0.328  0.152  0.468  P  d2
  1706    710.833  -0.011041  -0.011334  0.344  0.152  0.468  P  d3
  1707    711.250  -0.013870  +0.022819  0.328  0.152  0.468  P  d2
  1708    711.667  +0.016197  -0.013803  0.344  0.152  0.468  P  d3
  1709    712.083  -0.034510  -0.007950  0.328  0.152  0.468  P  d2
  1710    712.500  +0.028212  -0.015737  0.328  0.103  0.468  T  d2
  1711    712.917  -0.005430  +0.009631  0.344  0.103  0.468  T  d3
  1712    713.333  +0.026933  +0.000829  0.344  0.103  0.468  T  d1
  1713    713.750  +0.001683  +0.008603  0.344  0.103  0.468  T  d1
  1714    714.167  -0.015246  +0.022307  0.328  0.103  0.468  T  d2
  1715    714.583  +0.005862  -0.012837  0.328  0.103  0.468  T  d2
  1716    715.000  +0.003895  +0.014138  0.328  0.103  0.468  T  d1
  1717    715.417  -0.012705  +0.015952  0.312  0.103  0.468  T  d1
  1718    715.833  -0.030889  -0.020250  0.312  0.103  0.468  T  d2
  1719    716.250  +0.020450  +0.000205  0.312  0.103  0.468  T  d2
  1720    716.667  -0.015107  +0.002001  0.328  0.103  0.468  T  d1
  1721    717.083  -0.008635  -0.025462  0.312  0.103  0.468  T  d0
  1722    717.500  -0.027627  -0.025801  0.297  0.120  0.468  T  d1
  1723    717.917  +0.022180  -0.028783  0.281  0.120  0.468  T  d0
  1724    718.333  +0.011773  -0.009316  0.281  0.120  0.468  T  d1
  1725    718.750  +0.008429  +0.002340  0.297  0.120  0.468  T  d3
  1726    719.167  +0.013245  -0.018308  0.297  0.120  0.468  T  d0
  1727    719.583  +0.044012  -0.012807  0.312  0.120  0.468  T  d1
  1728    720.000  +0.050345  +0.098432  0.312  0.120  0.468  T  d0
  1729    720.417  +0.016083  +0.073444  0.328  0.120  0.468  T  d0
  1730    720.833  +0.032742  +0.045862  0.344  0.120  0.468  T  d1
  1731    721.250  -0.049776  +0.043818  0.328  0.120  0.468  T  d1
  1732    721.667  -0.075604  -0.015604  0.344  0.120  0.468  T  d0
  1733    722.083  -0.079166  -0.075130  0.344  0.120  0.468  T  d0
  1734    722.500  -0.106612  -0.061020  0.359  0.147  0.468  P  d1
  1735    722.917  -0.009763  -0.068685  0.375  0.147  0.468  P  d0
  1736    723.333  +0.039265  -0.054423  0.375  0.147  0.481  P  d1
  1737    723.750  +0.093161  +0.021268  0.391  0.147  0.481  P  d0
  1738    724.167  +0.080086  -0.017523  0.406  0.147  0.481  P  d1
  1739    724.583  +0.020729  +0.027207  0.406  0.147  0.481  P  d0
  1740    725.000  +0.022261  +0.036173  0.422  0.147  0.481  P  d1
  1741    725.417  -0.021095  +0.032464  0.438  0.147  0.481  P  d0
  1742    725.833  -0.025895  +0.042226  0.453  0.147  0.481  P  d0
  1743    726.250  -0.005849  +0.001974  0.453  0.147  0.481  P  d0
  1744    726.667  -0.013393  +0.015528  0.453  0.147  0.481  P  d0
  1745    727.083  -0.022367  +0.004255  0.469  0.147  0.481  P  d1
  1746    727.500  -0.015797  -0.025528  0.484  0.151  0.481  P  d1
  1747    727.917  +0.010705  -0.002705  0.500  0.151  0.481  P  d3
  1748    728.333  -0.007956  -0.022328  0.500  0.151  0.481  P  d1
  1749    728.750  +0.039327  -0.042366  0.516  0.151  0.481  P  d0
  1750    729.167  +0.000987  -0.009713  0.531  0.151  0.481  P  d1
  1751    729.583  +0.010650  +0.010308  0.531  0.151  0.481  P  d0
  1752    730.000  +0.003175  +0.023454  0.531  0.151  0.489  P  d2
  1753    730.417  -0.001905  -0.026462  0.531  0.151  0.489  P  d2
  1754    730.833  -0.009702  +0.035329  0.531  0.151  0.489  P  d3
  1755    731.250  +0.040225  +0.042778  0.531  0.151  0.489  P  d1
  1756    731.667  -0.056651  +0.027720  0.516  0.151  0.489  P  d0
  1757    732.083  -0.021477  +0.036630  0.516  0.151  0.489  P  d1
  1758    732.500  -0.009400  +0.000568  0.516  0.170  0.489  P  d0
  1759    732.917  -0.058569  -0.006339  0.500  0.170  0.489  P  d1
  1760    733.333  -0.026983  -0.069549  0.516  0.170  0.489  P  d0
  1761    733.750  -0.028043  -0.094483  0.500  0.170  0.489  P  d0
  1762    734.167  +0.016455  -0.089832  0.484  0.170  0.489  P  d1
  1763    734.583  +0.058713  -0.033945  0.484  0.170  0.489  P  d0
  1764    735.000  +0.088506  +0.011374  0.484  0.170  0.489  P  d0
  1765    735.417  +0.140437  +0.069011  0.469  0.170  0.489  P  d0
  1766    735.833  +0.051642  +0.079350  0.453  0.170  0.489  P  d0
  1767    736.250  +0.070515  +0.047603  0.453  0.170  0.489  P  d1
  1768    736.667  -0.107365  +0.099643  0.438  0.170  0.489  P  d0
  1769    737.083  -0.145651  +0.104223  0.438  0.170  0.489  P  d0
  1770    737.500  -0.143473  -0.011246  0.422  0.215  0.489  P  d1
  1771    737.917  -0.004120  -0.024436  0.422  0.215  0.489  P  d0
  1772    738.333  -0.043658  -0.122331  0.406  0.215  0.489  P  d0
  1773    738.750  +0.004356  -0.146726  0.406  0.215  0.489  P  d0
  1774    739.167  +0.087442  -0.115599  0.391  0.215  0.489  P  d1
  1775    739.583  +0.076208  -0.002508  0.375  0.215  0.489  P  d1
  1776    740.000  +0.056778  +0.079695  0.359  0.215  0.489  P  d0
  1777    740.417  +0.002052  +0.145420  0.359  0.215  0.489  P  d0
  1778    740.833  -0.001755  +0.091459  0.375  0.215  0.489  P  d0
  1779    741.250  -0.035285  +0.048537  0.391  0.215  0.489  P  d1
  1780    741.667  -0.022280  -0.025058  0.391  0.215  0.489  P  d0
  1781    742.083  -0.063575  -0.132587  0.391  0.215  0.489  P  d0
  1782    742.500  -0.030716  -0.102433  0.391  0.252  0.489  P  d1
  1783    742.917  +0.052472  -0.040934  0.406  0.252  0.489  P  d1
  1784    743.333  +0.036286  +0.022925  0.391  0.252  0.498  P  d1
  1785    743.750  +0.007149  +0.046390  0.406  0.252  0.498  P  d0
  1786    744.167  +0.046354  +0.087109  0.422  0.252  0.498  P  d3
  1787    744.583  +0.006141  -0.011282  0.422  0.252  0.498  P  d2
  1788    745.000  -0.021081  +0.046552  0.422  0.252  0.498  P  d1
  1789    745.417  -0.017364  -0.020556  0.422  0.252  0.498  P  d1
  1790    745.833  +0.002832  -0.012486  0.438  0.252  0.498  P  d3
  1791    746.250  -0.026340  +0.007501  0.438  0.252  0.498  P  d0
  1792    746.667  -0.015592  +0.023815  0.438  0.252  0.498  P  d2
  1793    747.083  +0.010402  -0.065249  0.438  0.252  0.498  P  d2
  1794    747.500  -0.013899  +0.021252  0.438  0.205  0.498  P  d1
  1795    747.917  -0.006347  -0.012003  0.453  0.205  0.498  P  d1
  1796    748.333  +0.021656  -0.012532  0.438  0.205  0.498  P  d2
  1797    748.750  -0.005101  +0.010291  0.438  0.205  0.498  P  d1
  1798    749.167  -0.002234  -0.000185  0.438  0.205  0.498  P  d1
  1799    749.583  +0.012576  -0.014057  0.422  0.205  0.498  P  d2
  1800    750.000  -0.011391  +0.017126  0.422  0.205  0.485  P  d2
  1801    750.417  +0.002091  -0.019592  0.406  0.205  0.485  P  d1
  1802    750.833  +0.017972  +0.011915  0.391  0.205  0.485  P  d2
  1803    751.250  -0.012909  -0.002440  0.406  0.205  0.485  P  d2
  1804    751.667  +0.004969  -0.001404  0.391  0.205  0.485  P  d3
  1805    752.083  +0.001291  -0.008393  0.391  0.205  0.485  P  d3
  1806    752.500  -0.013890  -0.012303  0.375  0.173  0.485  P  d2
  1807    752.917  +0.035381  +0.016172  0.375  0.173  0.485  P  d1
  1808    753.333  +0.000129  +0.001461  0.391  0.173  0.485  P  d0
  1809    753.750  +0.010723  +0.011017  0.391  0.173  0.485  P  d0
  1810    754.167  +0.009149  +0.015973  0.391  0.173  0.485  P  d0
  1811    754.583  +0.001271  +0.042819  0.391  0.173  0.485  P  d1
  1812    755.000  -0.008902  -0.003346  0.391  0.173  0.485  P  d3
  1813    755.417  -0.003903  +0.026518  0.391  0.173  0.485  P  d0
  1814    755.833  -0.022133  +0.017170  0.391  0.173  0.485  P  d0
  1815    756.250  -0.050523  +0.006323  0.391  0.173  0.485  P  d1
  1816    756.667  -0.058608  -0.097136  0.406  0.173  0.481  P  d0
  1817    757.083  -0.017305  -0.070043  0.422  0.173  0.481  P  d0
  1818    757.500  -0.017183  -0.064373  0.422  0.138  0.481  P  d1
  1819    757.917  +0.032075  -0.038523  0.422  0.138  0.481  P  d1
  1820    758.333  +0.083126  +0.030510  0.422  0.138  0.481  P  d0
  1821    758.750  +0.095246  +0.062162  0.438  0.138  0.481  P  d0
  1822    759.167  +0.088641  +0.070592  0.453  0.138  0.481  P  d0
  1823    759.583  +0.015136  +0.050525  0.453  0.138  0.481  P  d1
  1824    760.000  -0.040416  +0.048097  0.438  0.138  0.481  P  d0
  1825    760.417  -0.095500  +0.028681  0.453  0.138  0.481  P  d0
  1826    760.833  -0.073875  -0.023057  0.469  0.138  0.481  P  d0
  1827    761.250  -0.070314  -0.039371  0.484  0.138  0.481  P  d1
  1828    761.667  +0.033908  -0.047352  0.484  0.138  0.481  P  d0
  1829    762.083  +0.028976  -0.040052  0.500  0.138  0.481  P  d0
  1830    762.500  +0.004508  -0.013037  0.516  0.157  0.481  P  d1
  1831    762.917  +0.044908  -0.018020  0.516  0.157  0.481  P  d1
  1832    763.333  +0.017109  +0.020851  0.531  0.157  0.511  P  d2
  1833    763.750  -0.000193  -0.006231  0.547  0.157  0.511  P  d2
  1834    764.167  +0.010447  +0.033830  0.562  0.157  0.511  P  d0
  1835    764.583  +0.008210  +0.037618  0.578  0.157  0.511  P  d1
  1836    765.000  -0.022694  +0.020412  0.578  0.157  0.511  P  d0
  1837    765.417  -0.011189  +0.043781  0.594  0.157  0.511  P  d1
  1838    765.833  -0.046071  +0.027160  0.609  0.157  0.511  P  d1
  1839    766.250  -0.029175  -0.027736  0.625  0.157  0.511  P  d0
  1840    766.667  -0.051321  -0.079533  0.625  0.157  0.511  P  d0
  1841    767.083  +0.000353  -0.067209  0.625  0.157  0.511  P  d0
  1842    767.500  +0.014505  -0.069428  0.625  0.103  0.511  T  d0
  1843    767.917  -0.002994  -0.028267  0.625  0.103  0.511  T  d1
  1844    768.333  +0.089858  -0.008376  0.625  0.103  0.511  T  d0
  1845    768.750  +0.144966  +0.013600  0.641  0.103  0.511  T  d0
  1846    769.167  +0.124142  +0.083595  0.641  0.103  0.511  T  d1
  1847    769.583  -0.010474  +0.103481  0.625  0.103  0.511  T  d0
  1848    770.000  -0.065849  +0.080369  0.625  0.103  0.498  T  d0
  1849    770.417  -0.130140  +0.072034  0.609  0.103  0.498  T  d0
  1850    770.833  -0.140256  +0.022889  0.609  0.103  0.498  T  d1
  1851    771.250  -0.045669  -0.038789  0.625  0.103  0.498  T  d1
  1852    771.667  +0.007622  -0.105419  0.625  0.103  0.498  T  d0
  1853    772.083  +0.022923  -0.145526  0.609  0.103  0.498  T  d0
  1854    772.500  +0.046051  -0.110209  0.594  0.093  0.498  T  d1
  1855    772.917  +0.076210  +0.007401  0.578  0.093  0.498  T  d1
  1856    773.333  +0.042007  +0.079977  0.594  0.093  0.498  T  d0
  1857    773.750  +0.001518  +0.145686  0.594  0.093  0.498  T  d0
  1858    774.167  -0.031857  +0.089001  0.578  0.093  0.498  T  d0
  1859    774.583  -0.050772  +0.032906  0.562  0.093  0.498  T  d1
  1860    775.000  -0.021208  -0.044167  0.578  0.093  0.498  T  d0
  1861    775.417  -0.067256  -0.144000  0.578  0.093  0.498  T  d0
  1862    775.833  -0.008282  -0.120683  0.578  0.093  0.498  T  d1
  1863    776.250  +0.059390  -0.034506  0.578  0.093  0.498  T  d0
  1864    776.667  +0.078767  +0.007713  0.594  0.093  0.489  T  d0
  1865    777.083  +0.111985  +0.070010  0.594  0.093  0.489  T  d0
  1866    777.500  +0.067479  +0.063646  0.609  0.137  0.489  P  d0
  1867    777.917  +0.004535  +0.088134  0.609  0.137  0.489  P  d1
  1868    778.333  -0.099009  +0.046330  0.625  0.137  0.489  P  d0
  1869    778.750  -0.144876  +0.035667  0.609  0.137  0.489  P  d0
  1870    779.167  -0.102663  +0.000429  0.625  0.137  0.489  P  d0
  1871    779.583  -0.047424  -0.045051  0.625  0.137  0.489  P  d1
  1872    780.000  +0.046851  -0.115791  0.609  0.137  0.489  P  d0
  1873    780.417  +0.134006  -0.057129  0.609  0.137  0.489  P  d0
  1874    780.833  +0.100321  -0.053145  0.609  0.137  0.489  P  d0
  1875    781.250  +0.069106  +0.012740  0.594  0.137  0.489  P  d1
  1876    781.667  -0.041808  +0.054047  0.594  0.137  0.489  P  d0
  1877    782.083  -0.055387  +0.104751  0.594  0.137  0.489  P  d0
  1878    782.500  -0.096163  +0.060507  0.594  0.106  0.489  T  d1
  1879    782.917  -0.025477  -0.013255  0.594  0.106  0.489  T  d3
  1880    783.333  -0.009736  +0.009271  0.594  0.106  0.485  T  d2
  1881    783.750  +0.037649  -0.065552  0.594  0.106  0.485  T  d0
  1882    784.167  +0.006077  -0.014253  0.594  0.106  0.485  T  d0
  1883    784.583  +0.009031  -0.022601  0.609  0.106  0.485  T  d3
  1884    785.000  -0.007322  +0.002421  0.609  0.106  0.485  T  d3
  1885    785.417  -0.005309  +0.017960  0.609  0.106  0.485  T  d1
  1886    785.833  -0.023370  -0.000831  0.609  0.106  0.485  T  d1
  1887    786.250  +0.005095  -0.021913  0.625  0.106  0.485  T  d0
  1888    786.667  +0.004998  -0.036758  0.625  0.106  0.485  T  d0
  1889    787.083  +0.062536  -0.098798  0.609  0.106  0.485  T  d1
  1890    787.500  +0.059055  -0.009458  0.609  0.025  0.485  T  d1
  1891    787.917  +0.000800  +0.036130  0.594  0.025  0.485  T  d0
  1892    788.333  +0.017867  +0.086144  0.594  0.025  0.485  T  d0
  1893    788.750  -0.031536  +0.082603  0.594  0.025  0.485  T  d0
  1894    789.167  -0.011784  +0.108189  0.594  0.025  0.485  T  d1
  1895    789.583  -0.045106  +0.013801  0.594  0.025  0.485  T  d0
  1896    790.000  -0.064443  -0.008455  0.594  0.025  0.481  T  d1
  1897    790.417  -0.037438  -0.111007  0.578  0.025  0.481  T  d0
  1898    790.833  +0.005807  -0.065047  0.578  0.025  0.481  T  d0
  1899    791.250  +0.012085  -0.078561  0.562  0.025  0.481  T  d0
  1900    791.667  +0.035531  -0.031836  0.562  0.025  0.481  T  d1
  1901    792.083  +0.103401  +0.037324  0.562  0.025  0.481  T  d0
  1902    792.500  +0.028356  +0.009091  0.562  0.028  0.481  T  d1
  1903    792.917  +0.032531  +0.073984  0.562  0.028  0.481  T  d1
  1904    793.333  -0.041257  +0.044250  0.562  0.028  0.481  T  d0
  1905    793.750  -0.036563  +0.088145  0.562  0.028  0.481  T  d0
  1906    794.167  -0.078273  +0.058128  0.547  0.028  0.481  T  d1
  1907    794.583  -0.075068  -0.016382  0.547  0.028  0.481  T  d1
  1908    795.000  -0.018034  -0.057429  0.547  0.028  0.481  T  d0
  1909    795.417  -0.048295  -0.161215  0.547  0.028  0.481  T  d0
  1910    795.833  +0.006762  -0.121932  0.547  0.028  0.481  T  d1
  1911    796.250  +0.079281  -0.035492  0.562  0.028  0.481  T  d0
  1912    796.667  +0.092234  +0.012506  0.562  0.028  0.476  T  d0
  1913    797.083  +0.124019  +0.072497  0.578  0.028  0.476  T  d0
  1914    797.500  +0.074218  +0.068219  0.578  0.048  0.476  T  d0
  1915    797.917  +0.009431  +0.088764  0.562  0.048  0.476  T  d1
  1916    798.333  -0.095270  +0.047770  0.562  0.048  0.476  T  d0
  1917    798.750  -0.142530  +0.036543  0.578  0.048  0.476  T  d0
  1918    799.167  -0.099892  +0.003684  0.594  0.048  0.476  T  d0
  1919    799.583  -0.044156  -0.039047  0.594  0.048  0.476  T  d1
  1920    800.000  +0.050412  -0.105814  0.578  0.048  0.476  T  d1
  1921    800.417  +0.136122  -0.041314  0.578  0.048  0.476  T  d0
  1922    800.833  +0.100390  -0.034111  0.594  0.048  0.476  T  d1
  1923    801.250  +0.063564  +0.034844  0.594  0.048  0.476  T  d1
  1924    801.667  -0.053817  +0.073831  0.578  0.048  0.476  T  d0
  1925    802.083  -0.074770  +0.117914  0.562  0.048  0.476  T  d0
  1926    802.500  -0.124106  +0.061186  0.547  0.042  0.476  T  d1
  1927    802.917  -0.058304  -0.031681  0.547  0.042  0.476  T  d0
  1928    803.333  -0.050611  -0.048158  0.547  0.042  0.506  T  d1
  1929    803.750  +0.005857  -0.176016  0.562  0.042  0.506  T  d0
  1930    804.167  -0.009909  -0.107121  0.562  0.042  0.506  T  d1
  1931    804.583  +0.098245  -0.073682  0.547  0.042  0.506  T  d1
  1932    805.000  +0.078489  +0.034007  0.531  0.042  0.506  T  d0
  1933    805.417  +0.161318  +0.119487  0.547  0.042  0.506  T  d0
  1934    805.833  +0.038026  +0.117734  0.547  0.042  0.506  T  d0
  1935    806.250  +0.002056  +0.051507  0.547  0.042  0.506  T  d1
  1936    806.667  -0.071747  +0.017413  0.547  0.042  0.506  T  d0
  1937    807.083  -0.104866  +0.047580  0.547  0.042  0.506  T  d1
  1938    807.500  -0.091691  -0.046922  0.547  0.067  0.506  T  d0
  1939    807.917  -0.043845  -0.034374  0.562  0.067  0.506  T  d1
  1940    808.333  -0.004258  -0.048999  0.562  0.067  0.506  T  d0
  1941    808.750  +0.041117  -0.089661  0.562  0.067  0.506  T  d0
  1942    809.167  +0.036009  -0.030229  0.562  0.067  0.506  T  d0
  1943    809.583  +0.048751  -0.003085  0.562  0.067  0.506  T  d1
  1944    810.000  +0.053191  +0.055555  0.562  0.067  0.472  T  d0
  1945    810.417  +0.051799  +0.052065  0.547  0.067  0.472  T  d0
  1946    810.833  +0.037979  +0.093288  0.547  0.067  0.472  T  d1
  1947    811.250  -0.019570  +0.030877  0.547  0.067  0.472  T  d1
  1948    811.667  -0.081130  -0.008536  0.562  0.067  0.472  T  d0
  1949    812.083  -0.110204  -0.026657  0.547  0.067  0.472  T  d0
  1950    812.500  -0.101208  -0.052769  0.531  0.103  0.472  T  d1
  1951    812.917  -0.004671  -0.048717  0.531  0.103  0.472  T  d1
  1952    813.333  +0.043692  -0.030508  0.531  0.103  0.472  T  d0
  1953    813.750  +0.051566  -0.004417  0.531  0.103  0.472  T  d0
  1954    814.167  +0.092930  +0.007800  0.516  0.103  0.472  T  d3
  1955    814.583  -0.000983  -0.006355  0.516  0.103  0.472  T  d2
  1956    815.000  +0.014480  +0.025636  0.516  0.103  0.472  T  d1
  1957    815.417  -0.029541  +0.014398  0.500  0.103  0.472  T  d1
  1958    815.833  -0.027701  -0.022821  0.484  0.103  0.472  T  d2
  1959    816.250  +0.038274  -0.001261  0.484  0.103  0.472  T  d0
  1960    816.667  +0.030440  +0.011027  0.469  0.103  0.459  T  d0
  1961    817.083  +0.065035  +0.015946  0.484  0.103  0.459  T  d0
  1962    817.500  +0.018365  -0.010227  0.484  0.083  0.459  T  d1
  1963    817.917  -0.014572  +0.056007  0.484  0.083  0.459  T  d1
  1964    818.333  -0.071747  +0.026437  0.500  0.083  0.459  T  d0
  1965    818.750  -0.133131  +0.028698  0.500  0.083  0.459  T  d0
  1966    819.167  -0.075486  +0.003065  0.500  0.083  0.459  T  d1
  1967    819.583  -0.033079  -0.034246  0.484  0.083  0.459  T  d1
  1968    820.000  +0.061945  -0.102911  0.500  0.083  0.459  T  d0
  1969    820.417  +0.138068  -0.040549  0.484  0.083  0.459  T  d0
  1970    820.833  +0.101336  -0.040943  0.500  0.083  0.459  T  d0
  1971    821.250  +0.062630  +0.024633  0.484  0.083  0.459  T  d1
  1972    821.667  -0.051088  +0.058188  0.484  0.083  0.459  T  d0
  1973    822.083  -0.066368  +0.104752  0.484  0.083  0.459  T  d0
  1974    822.500  -0.105701  +0.053378  0.484  0.084  0.459  T  d1
  1975    822.917  -0.031008  -0.024756  0.469  0.084  0.459  T  d0
  1976    823.333  -0.009181  -0.007243  0.469  0.084  0.468  T  d1
  1977    823.750  +0.044963  -0.083769  0.469  0.084  0.468  T  d0
  1978    824.167  +0.021190  -0.031454  0.469  0.084  0.468  T  d0
  1979    824.583  +0.030530  -0.034934  0.469  0.084  0.468  T  d0
  1980    825.000  +0.018206  -0.001491  0.469  0.084  0.468  T  d1
  1981    825.417  +0.018990  +0.025420  0.469  0.084  0.468  T  d1
  1982    825.833  -0.004652  +0.022177  0.469  0.084  0.468  T  d0
  1983    826.250  +0.010455  +0.016554  0.469  0.084  0.468  T  d1
  1984    826.667  -0.025586  +0.035980  0.484  0.084  0.468  T  d1
  1985    827.083  -0.023559  -0.008830  0.484  0.084  0.468  T  d3
  1986    827.500  +0.004916  +0.014289  0.469  0.067  0.468  T  d1
  1987    827.917  -0.072461  -0.007816  0.484  0.067  0.468  T  d2
  1988    828.333  +0.015560  -0.002464  0.500  0.067  0.468  T  d3
  1989    828.750  +0.010711  -0.033769  0.516  0.067  0.468  T  d3
  1990    829.167  -0.023456  -0.014596  0.516  0.067  0.468  T  d1
  1991    829.583  +0.012099  -0.027964  0.516  0.067  0.468  T  d1
  1992    830.000  +0.072858  -0.007328  0.500  0.067  0.476  T  d0
  1993    830.417  +0.075460  +0.017010  0.500  0.067  0.476  T  d0
  1994    830.833  +0.065993  +0.002298  0.500  0.067  0.476  T  d1
  1995    831.250  -0.023700  +0.041197  0.500  0.067  0.476  T  d0
  1996    831.667  -0.069918  +0.059198  0.516  0.067  0.476  T  d0
  1997    832.083  -0.123427  +0.016130  0.516  0.067  0.476  T  d0
  1998    832.500  -0.110793  +0.012247  0.516  0.075  0.476  T  d1
  1999    832.917  -0.003939  -0.026830  0.516  0.075  0.476  T  d0
  2000    833.333  +0.033618  -0.092469  0.516  0.075  0.476  T  d1
  2001    833.750  +0.145765  -0.065354  0.516  0.075  0.476  T  d0
  2002    834.167  +0.114039  -0.042216  0.516  0.075  0.476  T  d1
  2003    834.583  +0.048048  +0.065606  0.500  0.075  0.476  T  d1
  2004    835.000  -0.060244  +0.043961  0.500  0.075  0.476  T  d0
  2005    835.417  -0.072942  +0.091917  0.500  0.075  0.476  T  d0
  2006    835.833  -0.096614  +0.056792  0.500  0.075  0.476  T  d1
  2007    836.250  -0.041190  -0.029536  0.500  0.075  0.476  T  d1
  2008    836.667  +0.015663  -0.018357  0.500  0.075  0.472  T  d0
  2009    837.083  +0.021321  -0.049933  0.516  0.075  0.472  T  d0
  2010    837.500  +0.025363  -0.083381  0.516  0.018  0.472  T  d1
  2011    837.917  +0.049951  -0.005991  0.500  0.018  0.472  T  d1
  2012    838.333  +0.005405  +0.005555  0.500  0.018  0.472  T  d0
  2013    838.750  +0.012283  +0.006483  0.500  0.018  0.472  T  d0
  2014    839.167  +0.021104  +0.023816  0.516  0.018  0.472  T  d1
  2015    839.583  -0.016748  +0.040212  0.500  0.018  0.472  T  d0
  2016    840.000  +0.000232  +0.002959  0.500  0.018  0.472  T  d0
  2017    840.417  -0.021245  +0.034271  0.516  0.018  0.472  T  d1
  2018    840.833  -0.041646  -0.007927  0.531  0.018  0.472  T  d0
  2019    841.250  -0.010747  -0.002608  0.547  0.018  0.472  T  d0
  2020    841.667  -0.024270  -0.013946  0.547  0.018  0.472  T  d0
  2021    842.083  -0.012105  -0.019699  0.562  0.018  0.472  T  d1
  2022    842.500  +0.023167  -0.022629  0.578  0.049  0.472  T  d3
  2023    842.917  -0.004453  -0.009193  0.594  0.049  0.472  T  d1
  2024    843.333  +0.058560  -0.036740  0.594  0.049  0.455  T  d0
  2025    843.750  +0.082383  +0.008766  0.594  0.049  0.455  T  d0
  2026    844.167  +0.066838  +0.027028  0.594  0.049  0.455  T  d1
  2027    844.583  -0.014249  +0.028605  0.594  0.049  0.455  T  d0
  2028    845.000  -0.093737  +0.044523  0.578  0.049  0.455  T  d0
  2029    845.417  -0.101576  +0.031078  0.562  0.049  0.455  T  d0
  2030    845.833  -0.110734  -0.001645  0.547  0.049  0.455  T  d1
  2031    846.250  -0.010844  -0.042906  0.547  0.049  0.455  T  d1
  2032    846.667  +0.066125  -0.055223  0.531  0.049  0.455  T  d0
  2033    847.083  +0.139973  -0.073540  0.547  0.049  0.455  T  d0
  2034    847.500  +0.119371  -0.021155  0.547  0.083  0.455  T  d1
  2035    847.917  +0.051929  +0.049565  0.547  0.083  0.455  T  d1
  2036    848.333  -0.045127  +0.113219  0.562  0.083  0.455  T  d0
  2037    848.750  -0.103795  +0.090118  0.562  0.083  0.455  T  d0
  2038    849.167  -0.115794  +0.049652  0.562  0.083  0.455  T  d1
  2039    849.583  -0.058129  -0.028688  0.562  0.083  0.455  T  d0
  2040    850.000  -0.029595  -0.064564  0.562  0.083  0.459  T  d0
  2041    850.417  +0.001060  -0.146217  0.562  0.083  0.459  T  d0
  2042    850.833  +0.010463  -0.096264  0.562  0.083  0.459  T  d1
  2043    851.250  +0.086641  -0.023530  0.562  0.083  0.459  T  d0
  2044    851.667  +0.076609  +0.013811  0.578  0.083  0.459  T  d1
  2045    852.083  +0.092027  +0.134612  0.562  0.083  0.459  T  d0
  2046    852.500  +0.081983  +0.078231  0.562  0.070  0.459  T  d1
  2047    852.917  -0.030367  +0.075609  0.562  0.070  0.459  T  d1
  2048    853.333  -0.102238  +0.000158  0.562  0.070  0.459  T  d0
  2049    853.750  -0.140383  -0.060525  0.562  0.070  0.459  T  d0
  2050    854.167  -0.079626  -0.087563  0.578  0.070  0.459  T  d0
  2051    854.583  -0.022805  -0.043141  0.578  0.070  0.459  T  d1
  2052    855.000  +0.054758  -0.013984  0.562  0.070  0.459  T  d0
  2053    855.417  +0.115230  +0.028184  0.562  0.070  0.459  T  d0
  2054    855.833  +0.084892  +0.034374  0.578  0.070  0.459  T  d0
  2055    856.250  +0.082066  -0.005839  0.594  0.070  0.459  T  d2
  2056    856.667  -0.056737  +0.047206  0.594  0.070  0.459  T  d0
  2057    857.083  -0.020838  +0.008799  0.594  0.070  0.459  T  d0
  2058    857.500  -0.087040  -0.010198  0.594  0.068  0.459  T  d3
  2059    857.917  +0.000680  +0.031269  0.609  0.068  0.459  T  d2
  2060    858.333  +0.020895  -0.043474  0.594  0.068  0.459  T  d2
  2061    858.750  -0.025610  +0.016305  0.594  0.068  0.459  T  d2
  2062    859.167  +0.044626  +0.005019  0.578  0.068  0.459  T  d1
  2063    859.583  -0.008517  +0.018644  0.578  0.068  0.459  T  d1
  2064    860.000  -0.059170  +0.005155  0.578  0.068  0.459  T  d0
  2065    860.417  -0.075895  -0.018035  0.578  0.068  0.459  T  d0
  2066    860.833  -0.065824  -0.003063  0.562  0.068  0.459  T  d1
  2067    861.250  +0.014774  -0.042064  0.562  0.068  0.459  T  d0
  2068    861.667  +0.061431  -0.066270  0.562  0.068  0.459  T  d0
  2069    862.083  +0.118465  -0.023634  0.562  0.068  0.459  T  d0
  2070    862.500  +0.111696  -0.026522  0.562  0.008  0.459  T  d1
  2071    862.917  +0.034236  +0.031041  0.562  0.008  0.459  T  d1
  2072    863.333  -0.015320  +0.077352  0.547  0.008  0.442  T  d0
  2073    863.750  -0.064868  +0.064993  0.547  0.008  0.442  T  d0
  2074    864.167  -0.046909  +0.076818  0.547  0.008  0.442  T  d1
  2075    864.583  -0.069745  -0.034176  0.547  0.008  0.442  T  d0
  2076    865.000  -0.039820  +0.009538  0.531  0.008  0.442  T  d1
  2077    865.417  -0.040952  -0.057107  0.547  0.008  0.442  T  d0
  2078    865.833  -0.020916  -0.083583  0.547  0.008  0.442  T  d1
  2079    866.250  +0.036582  -0.030354  0.562  0.008  0.442  T  d0
  2080    866.667  +0.082155  -0.034064  0.562  0.008  0.442  T  d0
  2081    867.083  +0.092357  -0.011355  0.562  0.008  0.442  T  d0
  2082    867.500  +0.068677  +0.038055  0.562  0.047  0.442  T  d0
  2083    867.917  +0.038666  +0.032621  0.547  0.047  0.442  T  d1
  2084    868.333  -0.059381  +0.090950  0.547  0.047  0.442  T  d0
  2085    868.750  -0.092038  +0.048894  0.547  0.047  0.442  T  d0
  2086    869.167  -0.082233  +0.026299  0.547  0.047  0.442  T  d0
  2087    869.583  -0.043137  +0.044185  0.531  0.047  0.442  T  d1
  2088    870.000  -0.004258  -0.067918  0.547  0.047  0.442  T  d0
  2089    870.417  +0.005491  -0.061744  0.531  0.047  0.442  T  d0
  2090    870.833  +0.035757  -0.074843  0.531  0.047  0.442  T  d0
  2091    871.250  +0.048944  -0.019311  0.531  0.047  0.442  T  d1
  2092    871.667  +0.000091  +0.012804  0.531  0.047  0.442  T  d0
  2093    872.083  -0.007844  +0.041361  0.547  0.047  0.442  T  d2
  2094    872.500  +0.001419  -0.014208  0.562  0.018  0.442  T  d2
  2095    872.917  -0.005081  +0.010608  0.562  0.018  0.442  T  d2
  2096    873.333  +0.013110  -0.029592  0.578  0.018  0.442  T  d0
  2097    873.750  +0.061575  -0.059809  0.578  0.018  0.442  T  d2
  2098    874.167  -0.011141  +0.012283  0.578  0.018  0.442  T  d2
  2099    874.583  +0.009425  -0.003865  0.578  0.018  0.442  T  d1
  2100    875.000  +0.002113  +0.083147  0.562  0.018  0.442  T  d0
  2101    875.417  -0.036696  +0.115723  0.562  0.018  0.442  T  d0
  2102    875.833  -0.024171  +0.081682  0.562  0.018  0.442  T  d1
  2103    876.250  -0.071136  +0.005490  0.562  0.018  0.442  T  d1
  2104    876.667  -0.021089  -0.112515  0.562  0.018  0.472  T  d0
  2105    877.083  +0.021517  -0.163925  0.562  0.018  0.472  T  d0
  2106    877.500  +0.028891  -0.104609  0.562  0.021  0.472  T  d1
  2107    877.917  +0.081554  -0.027327  0.578  0.021  0.472  T  d1
  2108    878.333  +0.069056  +0.077001  0.562  0.021  0.472  T  d0
  2109    878.750  +0.039289  +0.135252  0.578  0.021  0.472  T  d0
  2110    879.167  -0.002447  +0.140502  0.578  0.021  0.472  T  d0
  2111    879.583  -0.047941  +0.064199  0.594  0.021  0.472  T  d1
  2112    880.000  -0.121808  -0.036967  0.578  0.021  0.472  T  d0
  2113    880.417  -0.076463  -0.061123  0.578  0.021  0.472  T  d0
  2114    880.833  -0.087806  -0.055136  0.562  0.021  0.472  T  d1
  2115    881.250  -0.005783  -0.072861  0.547  0.021  0.472  T  d1
  2116    881.667  +0.088589  -0.060911  0.547  0.021  0.472  T  d0
  2117    882.083  +0.136760  -0.022134  0.531  0.021  0.472  T  d0
  2118    882.500  +0.124507  -0.002155  0.516  0.002  0.472  T  d1
  2119    882.917  +0.010686  +0.032500  0.500  0.002  0.472  T  d0
  2120    883.333  -0.030661  +0.099973  0.516  0.002  0.455  T  d1
  2121    883.750  -0.148431  +0.066778  0.516  0.002  0.455  T  d0
  2122    884.167  -0.118321  +0.038584  0.500  0.002  0.455  T  d1
  2123    884.583  -0.053409  -0.075252  0.484  0.002  0.455  T  d1
  2124    885.000  +0.059707  -0.057419  0.484  0.002  0.455  T  d0
  2125    885.417  +0.076586  -0.105071  0.484  0.002  0.455  T  d0
  2126    885.833  +0.111543  -0.065805  0.500  0.002  0.455  T  d1
  2127    886.250  +0.064517  +0.033688  0.500  0.002  0.455  T  d0
  2128    886.667  +0.030479  +0.055273  0.500  0.002  0.455  T  d0
  2129    887.083  +0.000522  +0.134909  0.500  0.002  0.455  T  d0
  2130    887.500  -0.032465  +0.130930  0.516  0.062  0.455  T  d1
  2131    887.917  -0.055821  +0.018364  0.516  0.062  0.455  T  d1
  2132    888.333  -0.101453  -0.056533  0.516  0.062  0.455  T  d0
  2133    888.750  -0.091001  -0.094829  0.516  0.062  0.455  T  d0
  2134    889.167  -0.071262  -0.096155  0.516  0.062  0.455  T  d1
  2135    889.583  +0.021769  -0.061529  0.516  0.062  0.455  T  d1
  2136    890.000  +0.082055  -0.017775  0.531  0.062  0.464  T  d0
  2137    890.417  +0.150574  +0.055372  0.531  0.062  0.464  T  d0
  2138    890.833  +0.119814  +0.090691  0.531  0.062  0.464  T  d0
  2139    891.250  +0.007694  +0.045057  0.531  0.062  0.464  T  d1
  2140    891.667  -0.071297  +0.004780  0.531  0.062  0.464  T  d0
  2141    892.083  -0.109815  -0.009480  0.531  0.062  0.464  T  d0
  2142    892.500  -0.089652  -0.022362  0.531  0.053  0.464  T  d0
  2143    892.917  -0.057872  -0.022423  0.531  0.053  0.464  T  d1
  2144    893.333  +0.023723  -0.020930  0.531  0.053  0.464  T  d0
  2145    893.750  +0.067666  -0.044802  0.531  0.053  0.464  T  d1
  2146    894.167  +0.055585  +0.037809  0.516  0.053  0.464  T  d3
  2147    894.583  +0.016051  -0.025093  0.531  0.053  0.464  T  d2
  2148    895.000  -0.003743  +0.034900  0.531  0.053  0.464  T  d1
  2149    895.417  -0.020300  +0.009054  0.531  0.053  0.464  T  d1
  2150    895.833  -0.036855  -0.026564  0.531  0.053  0.464  T  d1
  2151    896.250  +0.043509  -0.008617  0.531  0.053  0.464  T  d0
  2152    896.667  +0.027397  +0.006262  0.531  0.053  0.464  T  d0
  2153    897.083  +0.068279  +0.008970  0.531  0.053  0.464  T  d3
  2154    897.500  +0.018498  -0.015648  0.516  0.000  0.464  T  d2
  2155    897.917  -0.011327  +0.048784  0.531  0.000  0.464  T  d1
  2156    898.333  -0.068903  +0.021625  0.531  0.000  0.464  T  d0
  2157    898.750  -0.127498  +0.024317  0.531  0.000  0.464  T  d0
  2158    899.167  -0.067717  +0.003297  0.531  0.000  0.464  T  d1
  2159    899.583  -0.023309  -0.031699  0.547  0.000  0.464  T  d1
  2160    900.000  +0.071502  -0.092386  0.531  0.000  0.464  T  d0
  2161    900.417  +0.163385  -0.040586  0.531  0.000  0.464  T  d0
  2162    900.833  +0.116436  -0.009856  0.531  0.000  0.464  T  d1
  2163    901.250  +0.025979  +0.087889  0.531  0.000  0.464  T  d1
  2164    901.667  -0.033533  +0.045964  0.531  0.000  0.464  T  d0
  2165    902.083  -0.092461  +0.121333  0.531  0.000  0.464  T  d0
  2166    902.500  -0.120234  +0.067521  0.531  0.000  0.464  T  d1
  2167    902.917  -0.088821  -0.031154  0.547  0.000  0.464  T  d0
  2168    903.333  -0.043143  -0.058233  0.547  0.000  0.481  T  d0
  2169    903.750  -0.006553  -0.184909  0.547  0.000  0.481  T  d0
  2170    904.167  -0.008822  -0.114074  0.547  0.000  0.481  T  d1
  2171    904.583  +0.094387  -0.082015  0.547  0.000  0.481  T  d1
  2172    905.000  +0.082402  +0.027322  0.547  0.000  0.481  T  d0
  2173    905.417  +0.164919  +0.114902  0.531  0.000  0.481  T  d0
  2174    905.833  +0.046494  +0.115634  0.516  0.000  0.481  T  d0
  2175    906.250  +0.009979  +0.053656  0.516  0.000  0.481  T  d1
  2176    906.667  -0.061038  +0.023735  0.531  0.000  0.481  T  d0
  2177    907.083  -0.094980  +0.058963  0.516  0.000  0.481  T  d1
  2178    907.500  -0.084441  -0.031902  0.531  0.000  0.481  T  d0
  2179    907.917  -0.041751  -0.015692  0.547  0.000  0.481  T  d1
  2180    908.333  -0.007555  -0.034038  0.562  0.000  0.481  T  d0
  2181    908.750  +0.031357  -0.071493  0.562  0.000  0.481  T  d0
  2182    909.167  +0.011442  -0.029772  0.578  0.000  0.481  T  d1
  2183    909.583  +0.030276  -0.002803  0.578  0.000  0.481  T  d0
  2184    910.000  +0.023126  +0.011152  0.562  0.000  0.485  T  d3
  2185    910.417  +0.010423  -0.033279  0.547  0.000  0.485  T  d2
  2186    910.833  +0.009044  +0.037091  0.562  0.000  0.485  T  d0
  2187    911.250  +0.047759  +0.044329  0.562  0.000  0.485  T  d1
  2188    911.667  -0.042102  +0.027495  0.562  0.000  0.485  T  d0
  2189    912.083  -0.026240  +0.050061  0.562  0.000  0.485  T  d0
  2190    912.500  -0.006744  +0.002301  0.562  0.021  0.485  T  d0
  2191    912.917  -0.053988  +0.011320  0.562  0.021  0.485  T  d1
  2192    913.333  -0.028576  -0.060922  0.562  0.021  0.485  T  d0
  2193    913.750  -0.043001  -0.072905  0.562  0.021  0.485  T  d0
  2194    914.167  -0.008944  -0.083624  0.562  0.021  0.485  T  d1
  2195    914.583  +0.050010  -0.033250  0.578  0.021  0.485  T  d1
  2196    915.000  +0.081924  +0.031569  0.578  0.021  0.485  T  d0
  2197    915.417  +0.099033  +0.054620  0.578  0.021  0.485  T  d0
  2198    915.833  +0.062806  +0.067054  0.578  0.021  0.485  T  d0
  2199    916.250  +0.056313  +0.013105  0.578  0.021  0.485  T  d1
  2200    916.667  -0.093735  +0.061414  0.562  0.021  0.481  T  d0
  2201    917.083  -0.056082  +0.008155  0.562  0.021  0.481  T  d0
  2202    917.500  -0.123811  -0.016809  0.562  0.094  0.481  T  d0
  2203    917.917  -0.028253  +0.009915  0.562  0.094  0.481  T  d1
  2204    918.333  +0.002003  -0.067818  0.562  0.094  0.481  T  d3
  2205    918.750  -0.029582  -0.017932  0.562  0.094  0.481  T  d1
  2206    919.167  +0.059927  -0.027166  0.562  0.094  0.481  T  d0
  2207    919.583  +0.025486  -0.001906  0.547  0.094  0.481  T  d0
  2208    920.000  +0.025035  -0.010884  0.547  0.094  0.481  T  d1
  2209    920.417  +0.018341  +0.010237  0.547  0.094  0.481  T  d0
  2210    920.833  +0.029494  +0.018731  0.562  0.094  0.481  T  d0
  2211    921.250  +0.013723  +0.016866  0.562  0.094  0.481  T  d0
  2212    921.667  +0.004679  +0.040861  0.562  0.094  0.481  T  d1
  2213    922.083  -0.017181  +0.014681  0.562  0.094  0.481  T  d0
  2214    922.500  -0.025877  +0.017873  0.562  0.075  0.481  T  d1
  2215    922.917  -0.013267  -0.030708  0.562  0.075  0.481  T  d3
  2216    923.333  -0.060845  -0.003083  0.562  0.075  0.451  T  d1
  2217    923.750  -0.042296  -0.087397  0.578  0.075  0.451  T  d0
  2218    924.167  -0.006114  -0.045414  0.594  0.075  0.451  T  d1
  2219    924.583  +0.039198  -0.039187  0.594  0.075  0.451  T  d1
  2220    925.000  +0.060630  +0.051328  0.594  0.075  0.451  T  d0
  2221    925.417  +0.126791  +0.109341  0.594  0.075  0.451  T  d0
  2222    925.833  +0.017775  +0.104647  0.594  0.075  0.451  T  d1
  2223    926.250  -0.025908  +0.016796  0.578  0.075  0.451  T  d1
  2224    926.667  -0.097900  -0.054485  0.578  0.075  0.451  T  d0
  2225    927.083  -0.129650  -0.079534  0.578  0.075  0.451  T  d0
  2226    927.500  -0.033596  -0.069389  0.578  0.117  0.451  T  d0
  2227    927.917  -0.038147  -0.065679  0.578  0.117  0.451  T  d1
  2228    928.333  +0.096115  -0.023697  0.578  0.117  0.451  T  d0
  2229    928.750  +0.159263  -0.001136  0.578  0.117  0.451  T  d0
  2230    929.167  +0.133145  +0.071879  0.578  0.117  0.451  T  d1
  2231    929.583  +0.025976  +0.089071  0.562  0.117  0.451  T  d1
  2232    930.000  -0.072046  +0.080145  0.578  0.117  0.459  T  d0
  2233    930.417  -0.105037  +0.074115  0.578  0.117  0.459  T  d0
  2234    930.833  -0.133382  +0.023427  0.578  0.117  0.459  T  d1
  2235    931.250  -0.035690  -0.032702  0.562  0.117  0.459  T  d1
  2236    931.667  +0.008859  -0.100816  0.562  0.117  0.459  T  d0
  2237    932.083  +0.024235  -0.138965  0.578  0.117  0.459  T  d0
  2238    932.500  +0.042244  -0.105282  0.594  0.154  0.459  P  d1
  2239    932.917  +0.073208  +0.011820  0.594  0.154  0.459  P  d1
  2240    933.333  +0.036639  +0.084581  0.578  0.154  0.459  P  d0
  2241    933.750  -0.010576  +0.145360  0.594  0.154  0.459  P  d0
  2242    934.167  -0.029134  +0.088224  0.578  0.154  0.459  P  d0
  2243    934.583  -0.044963  +0.035278  0.578  0.154  0.459  P  d1
  2244    935.000  -0.035305  -0.042997  0.562  0.154  0.459  P  d0
  2245    935.417  -0.067092  -0.142424  0.578  0.154  0.459  P  d0
  2246    935.833  -0.011201  -0.128298  0.578  0.154  0.459  P  d1
  2247    936.250  +0.059410  -0.036665  0.578  0.154  0.459  P  d0
  2248    936.667  +0.076985  +0.003679  0.594  0.154  0.464  P  d0
  2249    937.083  +0.112665  +0.063515  0.609  0.154  0.464  P  d0
  2250    937.500  +0.067493  +0.057329  0.609  0.207  0.464  P  d0
  2251    937.917  +0.007953  +0.081618  0.609  0.207  0.464  P  d1
  2252    938.333  -0.095392  +0.040750  0.609  0.207  0.464  P  d0
  2253    938.750  -0.138516  +0.032305  0.609  0.207  0.464  P  d0
  2254    939.167  -0.094892  +0.002518  0.609  0.207  0.464  P  d1
  2255    939.583  -0.038445  -0.040651  0.625  0.207  0.464  P  d1
  2256    940.000  +0.054260  -0.102481  0.625  0.207  0.464  P  d0
  2257    940.417  +0.155436  -0.054753  0.625  0.207  0.464  P  d0
  2258    940.833  +0.110788  -0.020423  0.609  0.207  0.464  P  d1
  2259    941.250  +0.027292  +0.077183  0.609  0.207  0.464  P  d1
  2260    941.667  -0.030411  +0.040403  0.609  0.207  0.464  P  d0
  2261    942.083  -0.086785  +0.117144  0.609  0.207  0.464  P  d0
  2262    942.500  -0.112301  +0.067664  0.594  0.143  0.464  P  d1
  2263    942.917  -0.082268  -0.029326  0.594  0.143  0.464  P  d0
  2264    943.333  -0.035886  -0.053498  0.594  0.143  0.464  P  d0
  2265    943.750  -0.001709  -0.178992  0.578  0.143  0.464  P  d0
  2266    944.167  -0.005182  -0.106385  0.578  0.143  0.464  P  d1
  2267    944.583  +0.095413  -0.074638  0.578  0.143  0.464  P  d1
  2268    945.000  +0.079768  +0.033642  0.594  0.143  0.464  P  d0
  2269    945.417  +0.160675  +0.119415  0.594  0.143  0.464  P  d0
  2270    945.833  +0.040326  +0.117510  0.594  0.143  0.464  P  d0
  2271    946.250  +0.001963  +0.051927  0.609  0.143  0.464  P  d1
  2272    946.667  -0.069591  +0.018002  0.609  0.143  0.464  P  d0
  2273    947.083  -0.103659  +0.049075  0.609  0.143  0.464  P  d1
  2274    947.500  -0.090975  -0.046634  0.609  0.151  0.464  P  d0
  2275    947.917  -0.043376  -0.031568  0.594  0.151  0.464  P  d1
  2276    948.333  -0.004627  -0.050105  0.594  0.151  0.464  P  d0
  2277    948.750  +0.040801  -0.085073  0.594  0.151  0.464  P  d0
  2278    949.167  +0.028362  -0.036245  0.594  0.151  0.464  P  d1
  2279    949.583  +0.055282  +0.004305  0.594  0.151  0.464  P  d0
  2280    950.000  +0.048414  +0.051273  0.594  0.151  0.459  P  d0
  2281    950.417  +0.045286  +0.050799  0.578  0.151  0.459  P  d0
  2282    950.833  +0.035126  +0.089679  0.578  0.151  0.459  P  d1
  2283    951.250  -0.025562  +0.034857  0.562  0.151  0.459  P  d1
  2284    951.667  -0.082315  -0.026280  0.578  0.151  0.459  P  d0
  2285    952.083  -0.107095  -0.032841  0.562  0.151  0.459  P  d0
  2286    952.500  -0.075825  -0.046918  0.562  0.196  0.459  P  d0
  2287    952.917  -0.034295  -0.037981  0.578  0.196  0.459  P  d1
  2288    953.333  +0.050877  -0.030368  0.594  0.196  0.459  P  d0
  2289    953.750  +0.098154  -0.044086  0.594  0.196  0.459  P  d1
  2290    954.167  +0.082567  +0.046349  0.578  0.196  0.459  P  d0
  2291    954.583  +0.038668  -0.009010  0.578  0.196  0.459  P  d1
  2292    955.000  +0.011198  +0.057479  0.578  0.196  0.459  P  d0
  2293    955.417  -0.018152  +0.034352  0.562  0.196  0.459  P  d1
  2294    955.833  -0.048647  +0.000328  0.547  0.196  0.459  P  d3
  2295    956.250  +0.000696  +0.008800  0.547  0.196  0.459  P  d1
  2296    956.667  -0.035355  +0.008239  0.531  0.196  0.472  P  d1
  2297    957.083  -0.026150  -0.026061  0.516  0.196  0.472  P  d0
  2298    957.500  -0.040610  -0.029457  0.500  0.231  0.472  P  d1
  2299    957.917  +0.014289  -0.036042  0.500  0.231  0.472  P  d0
  2300    958.333  +0.009075  -0.016315  0.500  0.231  0.472  P  d0
  2301    958.750  +0.010056  -0.004737  0.484  0.231  0.472  P  d0
  2302    959.167  +0.016619  -0.022859  0.469  0.231  0.472  P  d0
  2303    959.583  +0.049976  -0.016417  0.453  0.231  0.472  P  d1
  2304    960.000  +0.055199  +0.096250  0.453  0.231  0.472  P  d0
  2305    960.417  +0.021839  +0.073105  0.438  0.231  0.472  P  d0
  2306    960.833  +0.037649  +0.046913  0.438  0.231  0.472  P  d1
  2307    961.250  -0.047468  +0.046290  0.422  0.231  0.472  P  d1
  2308    961.667  -0.074999  -0.013716  0.422  0.231  0.472  P  d0
  2309    962.083  -0.079578  -0.073066  0.406  0.231  0.472  P  d0
  2310    962.500  -0.107736  -0.060441  0.391  0.300  0.472  P  d1
  2311    962.917  -0.011725  -0.068351  0.391  0.300  0.472  P  d0
  2312    963.333  +0.037514  -0.054139  0.375  0.300  0.481  P  d1
  2313    963.750  +0.091356  +0.018836  0.359  0.300  0.481  P  d0
  2314    964.167  +0.078879  -0.018870  0.344  0.300  0.481  P  d1
  2315    964.583  +0.020602  +0.025364  0.344  0.300  0.481  P  d0
  2316    965.000  +0.023252  +0.034689  0.344  0.300  0.481  P  d1
  2317    965.417  -0.019252  +0.031611  0.328  0.300  0.481  P  d0
  2318    965.833  -0.023176  +0.043070  0.312  0.300  0.481  P  d0
  2319    966.250  -0.002991  +0.004503  0.297  0.300  0.481  P  d0
  2320    966.667  -0.010956  +0.019286  0.297  0.300  0.481  P  d0
  2321    967.083  -0.021115  +0.010811  0.281  0.300  0.481  P  d1
  2322    967.500  -0.014398  -0.023241  0.281  0.281  0.481  P  d2
  2323    967.917  +0.010028  +0.007196  0.266  0.281  0.481  P  d2
  2324    968.333  -0.013124  -0.013299  0.266  0.281  0.481  P  d1
  2325    968.750  +0.032894  -0.042210  0.250  0.281  0.481  P  d3
  2326    969.167  -0.014280  -0.015409  0.250  0.281  0.481  P  d2
  2327    969.583  +0.011854  +0.008880  0.250  0.281  0.481  P  d1
  2328    970.000  -0.007859  +0.009955  0.250  0.281  0.481  P  d1
  2329    970.417  -0.011168  -0.044968  0.250  0.281  0.481  P  d3
  2330    970.833  -0.010946  +0.017723  0.234  0.281  0.481  P  d3
  2331    971.250  +0.039419  +0.017608  0.234  0.281  0.481  P  d2
  2332    971.667  -0.041368  +0.000931  0.219  0.281  0.481  P  d3
  2333    972.083  -0.010653  +0.025745  0.203  0.281  0.481  P  d2
  2334    972.500  +0.019658  -0.009898  0.188  0.283  0.481  P  d2
  2335    972.917  -0.014948  +0.016422  0.172  0.283  0.481  P  d2
  2336    973.333  +0.012541  -0.015253  0.172  0.283  0.481  P  d1
  2337    973.750  +0.025123  +0.025762  0.156  0.283  0.481  P  d3
  2338    974.167  +0.005961  -0.007306  0.141  0.283  0.481  P  d3
  2339    974.583  -0.002906  -0.004163  0.141  0.283  0.481  P  d2
  2340    975.000  +0.012378  +0.009604  0.141  0.283  0.481  P  d2
  2341    975.417  -0.010344  -0.019485  0.125  0.283  0.481  P  d1
  2342    975.833  +0.009532  -0.019161  0.109  0.283  0.481  P  d3
  2343    976.250  -0.018591  +0.002969  0.109  0.283  0.481  P  d1
  2344    976.667  -0.008951  -0.012046  0.109  0.283  0.481  P  d1
  2345    977.083  +0.002765  -0.012581  0.109  0.283  0.481  P  d2
  2346    977.500  +0.001582  +0.019700  0.094  0.189  0.481  P  d1
  2347    977.917  -0.018108  -0.013853  0.094  0.189  0.481  P  d2
  2348    978.333  +0.010163  +0.006719  0.078  0.189  0.481  P  d1
  2349    978.750  -0.032309  +0.034926  0.078  0.189  0.481  P  d3
  2350    979.167  +0.017716  +0.009298  0.062  0.189  0.481  P  d2
  2351    979.583  -0.005712  -0.013037  0.047  0.189  0.481  P  d1
  2352    980.000  +0.013724  -0.011831  0.031  0.189  0.481  P  d1
  2353    980.417  +0.017049  +0.043987  0.031  0.189  0.481  P  d3
  2354    980.833  +0.015671  -0.016953  0.047  0.189  0.481  P  d3
  2355    981.250  -0.036970  -0.015628  0.047  0.189  0.481  P  d2
  2356    981.667  +0.043175  +0.001041  0.062  0.189  0.481  P  d3
  2357    982.083  +0.010931  -0.024133  0.062  0.189  0.481  P  d2
  2358    982.500  -0.020473  +0.011882  0.078  0.232  0.481  P  d2
  2359    982.917  +0.014187  -0.015003  0.078  0.232  0.481  P  d2
  2360    983.333  -0.014372  +0.016923  0.078  0.232  0.494  P  d1
  2361    983.750  -0.027020  -0.025799  0.078  0.232  0.494  P  d3
  2362    984.167  -0.006951  +0.007081  0.078  0.232  0.494  P  d3
  2363    984.583  +0.001799  +0.004690  0.094  0.232  0.494  P  d2
  2364    985.000  -0.013841  -0.010362  0.094  0.232  0.494  P  d2
  2365    985.417  +0.010414  +0.018697  0.109  0.232  0.494  P  d1
  2366    985.833  -0.009965  +0.018818  0.125  0.232  0.494  P  d3
  2367    986.250  +0.018669  -0.004573  0.125  0.232  0.494  P  d1
  2368    986.667  +0.009378  +0.011748  0.141  0.232  0.494  P  d1
  2369    987.083  -0.002689  +0.011385  0.156  0.232  0.494  P  d2
  2370    987.500  -0.001109  -0.016948  0.172  0.189  0.494  P  d1
  2371    987.917  +0.017724  +0.010629  0.172  0.189  0.494  P  d2
  2372    988.333  -0.007794  -0.010015  0.172  0.189  0.494  P  d1
  2373    988.750  +0.032892  -0.031678  0.188  0.189  0.494  P  d3
  2374    989.167  -0.010389  -0.003958  0.203  0.189  0.494  P  d3
  2375    989.583  -0.003556  +0.008996  0.203  0.189  0.494  P  d0
  2376    990.000  -0.011756  +0.015315  0.203  0.189  0.511  P  d1
  2377    990.417  -0.014926  -0.041612  0.219  0.189  0.511  P  d3
  2378    990.833  -0.017752  +0.013658  0.234  0.189  0.511  P  d3
  2379    991.250  +0.039456  +0.018718  0.250  0.189  0.511  P  d2
  2380    991.667  -0.049379  +0.003991  0.250  0.189  0.511  P  d3
  2381    992.083  -0.003215  +0.019960  0.250  0.189  0.511  P  d2
  2382    992.500  +0.009487  -0.007514  0.250  0.130  0.511  P  d2
  2383    992.917  -0.029182  +0.004302  0.250  0.130  0.511  P  d2
  2384    993.333  +0.041881  -0.010915  0.250  0.130  0.511  P  d0
  2385    993.750  +0.011923  +0.005973  0.250  0.130  0.511  P  d0
  2386    994.167  +0.008550  +0.011132  0.250  0.130  0.511  P  d2
  2387    994.583  -0.001821  -0.013111  0.266  0.130  0.511  P  d0
  2388    995.000  -0.008954  -0.014622  0.266  0.130  0.511  P  d1
  2389    995.417  +0.014544  -0.016197  0.281  0.130  0.511  P  d0
  2390    995.833  +0.021839  -0.022188  0.281  0.130  0.511  P  d2
  2391    996.250  -0.003767  +0.011520  0.281  0.130  0.511  P  d3
  2392    996.667  +0.018959  +0.018685  0.281  0.130  0.489  P  d2
  2393    997.083  -0.042788  -0.018271  0.281  0.130  0.489  P  d2
  2394    997.500  +0.020308  +0.037065  0.281  0.201  0.489  P  d0
  2395    997.917  +0.007437  +0.007401  0.281  0.201  0.489  P  d1
  2396    998.333  -0.010257  +0.032549  0.281  0.201  0.489  P  d0
  2397    998.750  -0.039344  +0.049805  0.281  0.201  0.489  P  d0
  2398    999.167  -0.019504  +0.012362  0.281  0.201  0.489  P  d1
  2399    999.583  -0.026712  -0.018683  0.281  0.201  0.489  P  d0
  2400   1000.000  -0.026734  -0.063646  0.281  0.201  0.489  P  d0
  2401   1000.417  -0.028289  -0.056887  0.281  0.201  0.489  P  d0
  2402   1000.833  -0.016573  -0.089918  0.297  0.201  0.489  P  d1
  2403   1001.250  +0.033460  -0.023335  0.297  0.201  0.489  P  d1
  2404   1001.667  +0.091035  +0.019710  0.297  0.201  0.489  P  d0
  2405   1002.083  +0.110663  +0.039555  0.297  0.201  0.489  P  d0
  2406   1002.500  +0.096843  +0.064528  0.297  0.163  0.489  P  d1
  2407   1002.917  -0.005535  +0.059138  0.297  0.163  0.489  P  d1
  2408   1003.333  -0.059000  +0.037685  0.281  0.163  0.468  P  d0
  2409   1003.750  -0.070050  +0.008087  0.281  0.163  0.468  P  d0
  2410   1004.167  -0.113168  -0.010735  0.297  0.163  0.468  P  d0
  2411   1004.583  -0.018073  -0.001044  0.297  0.163  0.468  P  d1
  2412   1005.000  -0.028576  -0.038736  0.312  0.163  0.468  P  d1
  2413   1005.417  +0.020249  -0.031503  0.312  0.163  0.468  P  d1
  2414   1005.833  +0.034264  -0.002839  0.312  0.163  0.468  P  d3
  2415   1006.250  -0.018284  -0.017581  0.328  0.163  0.468  P  d1
  2416   1006.667  +0.033441  -0.018854  0.328  0.163  0.468  P  d1
  2417   1007.083  +0.034341  +0.013788  0.328  0.163  0.468  P  d1
  2418   1007.500  +0.001784  +0.004456  0.328  0.151  0.468  P  d0
  2419   1007.917  +0.018352  +0.013194  0.328  0.151  0.468  P  d2
  2420   1008.333  -0.008021  -0.003609  0.312  0.151  0.468  P  d0
  2421   1008.750  -0.009993  -0.007696  0.328  0.151  0.468  P  d2
  2422   1009.167  +0.024545  +0.013183  0.328  0.151  0.468  P  d1
  2423   1009.583  -0.017605  +0.027921  0.328  0.151  0.468  P  d1
  2424   1010.000  -0.021599  -0.026243  0.344  0.151  0.468  P  d2
  2425   1010.417  +0.018422  +0.012097  0.344  0.151  0.468  P  d2
  2426   1010.833  -0.011247  -0.011809  0.359  0.151  0.468  P  d3
  2427   1011.250  -0.013133  +0.023116  0.344  0.151  0.468  P  d2
  2428   1011.667  +0.016015  -0.013769  0.359  0.151  0.468  P  d3
  2429   1012.083  -0.034474  -0.007419  0.344  0.151  0.468  P  d2
  2430   1012.500  +0.027377  -0.016127  0.344  0.102  0.468  T  d2
  2431   1012.917  -0.004933  +0.009221  0.359  0.102  0.468  T  d3
  2432   1013.333  +0.027775  +0.001084  0.359  0.102  0.468  T  d1
  2433   1013.750  +0.000720  +0.008896  0.359  0.102  0.468  T  d0
  2434   1014.167  -0.015354  +0.022158  0.344  0.102  0.468  T  d2
  2435   1014.583  +0.006149  -0.012589  0.344  0.102  0.468  T  d2
  2436   1015.000  +0.004054  +0.013139  0.344  0.102  0.468  T  d1
  2437   1015.417  -0.012871  +0.016947  0.328  0.102  0.468  T  d1
  2438   1015.833  -0.030989  -0.020311  0.328  0.102  0.468  T  d2
  2439   1016.250  +0.020639  -0.000525  0.328  0.102  0.468  T  d2
  2440   1016.667  -0.014898  +0.002191  0.344  0.102  0.472  T  d1
  2441   1017.083  -0.008508  -0.024830  0.328  0.102  0.472  T  d0
  2442   1017.500  -0.028204  -0.025869  0.312  0.120  0.472  T  d1
  2443   1017.917  +0.022281  -0.028701  0.297  0.120  0.472  T  d0
  2444   1018.333  +0.011548  -0.009718  0.297  0.120  0.472  T  d1
  2445   1018.750  +0.008749  +0.001876  0.312  0.120  0.472  T  d3
  2446   1019.167  +0.013450  -0.017629  0.312  0.120  0.472  T  d0
  2447   1019.583  +0.043780  -0.012990  0.328  0.120  0.472  T  d1
  2448   1020.000  +0.050219  +0.098407  0.328  0.120  0.472  T  d0
  2449   1020.417  +0.016143  +0.073610  0.344  0.120  0.472  T  d0
  2450   1020.833  +0.032954  +0.045435  0.359  0.120  0.472  T  d1
  2451   1021.250  -0.049639  +0.044259  0.344  0.120  0.472  T  d1
  2452   1021.667  -0.075848  -0.015793  0.359  0.120  0.472  T  d0
  2453   1022.083  -0.079217  -0.074673  0.359  0.120  0.472  T  d0
  2454   1022.500  -0.106567  -0.061798  0.375  0.147  0.472  P  d1
  2455   1022.917  -0.009772  -0.068027  0.391  0.147  0.472  P  d0
  2456   1023.333  +0.038887  -0.054378  0.391  0.147  0.485  P  d1
  2457   1023.750  +0.093466  +0.020240  0.406  0.147  0.485  P  d0
  2458   1024.167  +0.080320  -0.016992  0.422  0.147  0.485  P  d1
  2459   1024.583  +0.020733  +0.027653  0.422  0.147  0.485  P  d0
  2460   1025.000  +0.022349  +0.035860  0.438  0.147  0.485  P  d1
  2461   1025.417  -0.021478  +0.032625  0.453  0.147  0.485  P  d0
  2462   1025.833  -0.025729  +0.042295  0.469  0.147  0.485  P  d0
  2463   1026.250  -0.005676  +0.001699  0.469  0.147  0.485  P  d0
  2464   1026.667  -0.013872  +0.015553  0.469  0.147  0.485  P  d0
  2465   1027.083  -0.022525  +0.004811  0.484  0.147  0.485  P  d1
  2466   1027.500  -0.015297  -0.026552  0.484  0.151  0.485  P  d1
  2467   1027.917  +0.010835  -0.002555  0.500  0.151  0.485  P  d3
  2468   1028.333  -0.008202  -0.021687  0.500  0.151  0.485  P  d1
  2469   1028.750  +0.039484  -0.042649  0.516  0.151  0.485  P  d0
  2470   1029.167  +0.001009  -0.009307  0.531  0.151  0.485  P  d1
  2471   1029.583  +0.010270  +0.009626  0.531  0.151  0.485  P  d0
  2472   1030.000  +0.003561  +0.023548  0.531  0.151  0.519  P  d2
  2473   1030.417  -0.001999  -0.026179  0.531  0.151  0.519  P  d2
  2474   1030.833  -0.009394  +0.035162  0.531  0.151  0.519  P  d3
  2475   1031.250  +0.039531  +0.043209  0.531  0.151  0.519  P  d1
  2476   1031.667  -0.056570  +0.027477  0.516  0.151  0.519  P  d0
  2477   1032.083  -0.020799  +0.036531  0.516  0.151  0.519  P  d1
  2478   1032.500  -0.009883  +0.000615  0.516  0.170  0.519  P  d0
  2479   1032.917  -0.058948  -0.006267  0.500  0.170  0.519  P  d1
  2480   1033.333  -0.026416  -0.070156  0.516  0.170  0.519  P  d0
  2481   1033.750  -0.028406  -0.094098  0.500  0.170  0.519  P  d0
  2482   1034.167  +0.016582  -0.089866  0.484  0.170  0.519  P  d1
  2483   1034.583  +0.059357  -0.033835  0.484  0.170  0.519  P  d0
  2484   1035.000  +0.088385  +0.011543  0.484  0.170  0.519  P  d0
  2485   1035.417  +0.140117  +0.069128  0.469  0.170  0.519  P  d0
  2486   1035.833  +0.051082  +0.079065  0.453  0.170  0.519  P  d0
  2487   1036.250  +0.070941  +0.047816  0.453  0.170  0.519  P  d1
  2488   1036.667  -0.107431  +0.099430  0.438  0.170  0.515  P  d0
  2489   1037.083  -0.145521  +0.104220  0.438  0.170  0.515  P  d0
  2490   1037.500  -0.143568  -0.011639  0.422  0.215  0.515  P  d1
  2491   1037.917  -0.003875  -0.024074  0.422  0.215  0.515  P  d0
  2492   1038.333  -0.043467  -0.121829  0.406  0.215  0.515  P  d0
  2493   1038.750  +0.003540  -0.147167  0.406  0.215  0.515  P  d0
  2494   1039.167  +0.087848  -0.115807  0.391  0.215  0.515  P  d1
  2495   1039.583  +0.076402  -0.002224  0.375  0.215  0.515  P  d1
  2496   1040.000  +0.057007  +0.079744  0.359  0.215  0.515  P  d0
  2497   1040.417  +0.001428  +0.145301  0.344  0.215  0.515  P  d0
  2498   1040.833  -0.002019  +0.091435  0.359  0.215  0.515  P  d0
  2499   1041.250  -0.034508  +0.048544  0.375  0.215  0.515  P  d1
  2500   1041.667  -0.022602  -0.025305  0.375  0.215  0.515  P  d0
  2501   1042.083  -0.063277  -0.132321  0.375  0.215  0.515  P  d0
  2502   1042.500  -0.031165  -0.102503  0.375  0.252  0.515  P  d1
  2503   1042.917  +0.052670  -0.041041  0.391  0.252  0.515  P  d1
  2504   1043.333  +0.036684  +0.023373  0.375  0.252  0.515  P  d1
  2505   1043.750  +0.006859  +0.046049  0.391  0.252  0.515  P  d0
  2506   1044.167  +0.046157  +0.087268  0.406  0.252  0.515  P  d3
  2507   1044.583  +0.006129  -0.011483  0.406  0.252  0.515  P  d2
  2508   1045.000  -0.020709  +0.046422  0.406  0.252  0.515  P  d1
  2509   1045.417  -0.017411  -0.019513  0.406  0.252  0.515  P  d1
  2510   1045.833  +0.002305  -0.013393  0.422  0.252  0.515  P  d3
  2511   1046.250  -0.026633  +0.007514  0.422  0.252  0.515  P  d0
  2512   1046.667  -0.014766  +0.023849  0.422  0.252  0.515  P  d2
  2513   1047.083  +0.010119  -0.065349  0.422  0.252  0.515  P  d2
  2514   1047.500  -0.013708  +0.021189  0.422  0.205  0.515  P  d1
  2515   1047.917  -0.006416  -0.012029  0.438  0.205  0.515  P  d1
  2516   1048.333  +0.021835  -0.011900  0.422  0.205  0.515  P  d2
  2517   1048.750  -0.005722  +0.009446  0.422  0.205  0.515  P  d1
  2518   1049.167  -0.001583  +0.000343  0.422  0.205  0.515  P  d2
  2519   1049.583  +0.012620  -0.013882  0.406  0.205  0.515  P  d2
  2520   1050.000  -0.011804  +0.017196  0.406  0.205  0.498  P  d2
  2521   1050.417  +0.002149  -0.020241  0.391  0.205  0.498  P  d1
  2522   1050.833  +0.018047  +0.012424  0.375  0.205  0.498  P  d2
  2523   1051.250  -0.012941  -0.002769  0.391  0.205  0.498  P  d2
  2524   1051.667  +0.004986  -0.001173  0.375  0.205  0.498  P  d3
  2525   1052.083  +0.000881  -0.008231  0.375  0.205  0.498  P  d3
  2526   1052.500  -0.013470  -0.012761  0.359  0.173  0.498  P  d2
  2527   1052.917  +0.035528  +0.016234  0.359  0.173  0.498  P  d1
  2528   1053.333  -0.000036  +0.001514  0.375  0.173  0.498  P  d3
  2529   1053.750  +0.010730  +0.011159  0.375  0.173  0.498  P  d0
  2530   1054.167  +0.009467  +0.015943  0.375  0.173  0.498  P  d0
  2531   1054.583  +0.000472  +0.042957  0.375  0.173  0.498  P  d1
  2532   1055.000  -0.008318  -0.003504  0.375  0.173  0.498  P  d3
  2533   1055.417  -0.003589  +0.026236  0.375  0.173  0.498  P  d0
  2534   1055.833  -0.022870  +0.017767  0.375  0.173  0.498  P  d0
  2535   1056.250  -0.050234  +0.006007  0.375  0.173  0.498  P  d1
  2536   1056.667  -0.058642  -0.097201  0.391  0.173  0.511  P  d0
  2537   1057.083  -0.017620  -0.070059  0.406  0.173  0.511  P  d0
  2538   1057.500  -0.016142  -0.064464  0.406  0.139  0.511  P  d1
  2539   1057.917  +0.031395  -0.038324  0.406  0.139  0.511  P  d1
  2540   1058.333  +0.083047  +0.030792  0.406  0.139  0.511  P  d0
  2541   1058.750  +0.095149  +0.061901  0.422  0.139  0.511  P  d0
  2542   1059.167  +0.088941  +0.070559  0.438  0.139  0.511  P  d0
  2543   1059.583  +0.014986  +0.050354  0.438  0.139  0.511  P  d1
  2544   1060.000  -0.040251  +0.048186  0.422  0.139  0.511  P  d0
  2545   1060.417  -0.095794  +0.028934  0.438  0.139  0.511  P  d0
  2546   1060.833  -0.073785  -0.023405  0.453  0.139  0.511  P  d0
  2547   1061.250  -0.070324  -0.038939  0.469  0.139  0.511  P  d1
  2548   1061.667  +0.034120  -0.047859  0.469  0.139  0.511  P  d0
  2549   1062.083  +0.028980  -0.040055  0.484  0.139  0.511  P  d0
  2550   1062.500  +0.004370  -0.012502  0.500  0.157  0.511  P  d1
  2551   1062.917  +0.045028  -0.018238  0.500  0.157  0.511  P  d1
  2552   1063.333  +0.016879  +0.020579  0.516  0.157  0.541  P  d2
  2553   1063.750  -0.000121  -0.005702  0.531  0.157  0.541  P  d2
  2554   1064.167  +0.010345  +0.033386  0.547  0.157  0.541  P  d0
  2555   1064.583  +0.008098  +0.037478  0.562  0.157  0.541  P  d1
  2556   1065.000  -0.021936  +0.020476  0.562  0.157  0.541  P  d0
  2557   1065.417  -0.011336  +0.044066  0.578  0.157  0.541  P  d1
  2558   1065.833  -0.046626  +0.027205  0.594  0.157  0.541  P  d1
  2559   1066.250  -0.028801  -0.027463  0.609  0.157  0.541  P  d0
  2560   1066.667  -0.051796  -0.079713  0.609  0.157  0.541  P  d0
  2561   1067.083  +0.000023  -0.067809  0.609  0.157  0.541  P  d0
  2562   1067.500  +0.015452  -0.069276  0.609  0.103  0.541  T  d0
  2563   1067.917  -0.003025  -0.028318  0.609  0.103  0.541  T  d1
  2564   1068.333  +0.089758  -0.008145  0.609  0.103  0.541  T  d0
  2565   1068.750  +0.144532  +0.014217  0.625  0.103  0.541  T  d0
  2566   1069.167  +0.124605  +0.082961  0.625  0.103  0.541  T  d1
  2567   1069.583  -0.011147  +0.103293  0.609  0.103  0.541  T  d0
  2568   1070.000  -0.065083  +0.080598  0.609  0.103  0.528  T  d0
  2569   1070.417  -0.130341  +0.072012  0.594  0.103  0.528  T  d0
  2570   1070.833  -0.140163  +0.023089  0.594  0.103  0.528  T  d1
  2571   1071.250  -0.046227  -0.038929  0.609  0.103  0.528  T  d1
  2572   1071.667  +0.008167  -0.105467  0.609  0.103  0.528  T  d0
  2573   1072.083  +0.022414  -0.145501  0.594  0.103  0.528  T  d0
  2574   1072.500  +0.046444  -0.110389  0.578  0.094  0.528  T  d1
  2575   1072.917  +0.076597  +0.007424  0.562  0.094  0.528  T  d1
  2576   1073.333  +0.041423  +0.080735  0.578  0.094  0.528  T  d0
  2577   1073.750  +0.001432  +0.145159  0.578  0.094  0.528  T  d0
  2578   1074.167  -0.031557  +0.088490  0.562  0.094  0.528  T  d0
  2579   1074.583  -0.051076  +0.033172  0.547  0.094  0.528  T  d1
  2580   1075.000  -0.020990  -0.043661  0.562  0.094  0.528  T  d0
  2581   1075.417  -0.067089  -0.144622  0.562  0.094  0.528  T  d0
  2582   1075.833  -0.008391  -0.120289  0.562  0.094  0.528  T  d1
  2583   1076.250  +0.059571  -0.034496  0.562  0.094  0.528  T  d0
  2584   1076.667  +0.078454  +0.007531  0.578  0.094  0.502  T  d0
  2585   1077.083  +0.111994  +0.070103  0.578  0.094  0.502  T  d0
  2586   1077.500  +0.067366  +0.063746  0.594  0.138  0.502  P  d0
  2587   1077.917  +0.004723  +0.088108  0.594  0.138  0.502  P  d1
  2588   1078.333  -0.098991  +0.045903  0.609  0.138  0.502  P  d0
  2589   1078.750  -0.144912  +0.035982  0.594  0.138  0.502  P  d0
  2590   1079.167  -0.102488  +0.000530  0.609  0.138  0.502  P  d0
  2591   1079.583  -0.047490  -0.045011  0.609  0.138  0.502  P  d1
  2592   1080.000  +0.046649  -0.116112  0.594  0.138  0.502  P  d1
  2593   1080.417  +0.133831  -0.056814  0.594  0.138  0.502  P  d0
  2594   1080.833  +0.100763  -0.053290  0.594  0.138  0.502  P  d0
  2595   1081.250  +0.069137  +0.012707  0.578  0.138  0.502  P  d1
  2596   1081.667  -0.041989  +0.054247  0.578  0.138  0.502  P  d0
  2597   1082.083  -0.055481  +0.104616  0.578  0.138  0.502  P  d0
  2598   1082.500  -0.096009  +0.060259  0.578  0.106  0.502  T  d1
  2599   1082.917  -0.026044  -0.012733  0.578  0.106  0.502  T  d3
  2600   1083.333  -0.008932  +0.008967  0.578  0.106  0.489  T  d2
  2601   1083.750  +0.037228  -0.065626  0.578  0.106  0.489  T  d0
  2602   1084.167  +0.006386  -0.014640  0.578  0.106  0.489  T  d0
  2603   1084.583  +0.008893  -0.022013  0.594  0.106  0.489  T  d3
  2604   1085.000  -0.007165  +0.002862  0.594  0.106  0.489  T  d3
  2605   1085.417  -0.005352  +0.017174  0.594  0.106  0.489  T  d1
  2606   1085.833  -0.023735  -0.000290  0.594  0.106  0.489  T  d1
  2607   1086.250  +0.004704  -0.021846  0.609  0.106  0.489  T  d0
  2608   1086.667  +0.005364  -0.037680  0.609  0.106  0.489  T  d0
  2609   1087.083  +0.063006  -0.098557  0.594  0.106  0.489  T  d1
  2610   1087.500  +0.059059  -0.009010  0.594  0.025  0.489  T  d1
  2611   1087.917  +0.000629  +0.035508  0.578  0.025  0.489  T  d0
  2612   1088.333  +0.017911  +0.086968  0.578  0.025  0.489  T  d0
  2613   1088.750  -0.031727  +0.082660  0.578  0.025  0.489  T  d0
  2614   1089.167  -0.011538  +0.107609  0.578  0.025  0.489  T  d1
  2615   1089.583  -0.045521  +0.014091  0.578  0.025  0.489  T  d0
  2616   1090.000  -0.064205  -0.008439  0.578  0.025  0.485  T  d1
  2617   1090.417  -0.037614  -0.111014  0.562  0.025  0.485  T  d0
  2618   1090.833  +0.005822  -0.065576  0.562  0.025  0.485  T  d0
  2619   1091.250  +0.012504  -0.078150  0.547  0.025  0.485  T  d0
  2620   1091.667  +0.035374  -0.031788  0.547  0.025  0.485  T  d1
  2621   1092.083  +0.103087  +0.037342  0.547  0.025  0.485  T  d0
  2622   1092.500  +0.028681  +0.008835  0.547  0.028  0.485  T  d1
  2623   1092.917  +0.032295  +0.074103  0.547  0.028  0.485  T  d1
  2624   1093.333  -0.040796  +0.045049  0.547  0.028  0.485  T  d0
  2625   1093.750  -0.037025  +0.087035  0.562  0.028  0.485  T  d0
  2626   1094.167  -0.078594  +0.058721  0.547  0.028  0.485  T  d1
  2627   1094.583  -0.074764  -0.017245  0.547  0.028  0.485  T  d1
  2628   1095.000  -0.017257  -0.056855  0.547  0.028  0.485  T  d0
  2629   1095.417  -0.048961  -0.160669  0.547  0.028  0.485  T  d0
  2630   1095.833  +0.006679  -0.122095  0.547  0.028  0.485  T  d1
  2631   1096.250  +0.079342  -0.036247  0.562  0.028  0.485  T  d0
  2632   1096.667  +0.092212  +0.012738  0.562  0.028  0.489  T  d0
  2633   1097.083  +0.124217  +0.073156  0.578  0.028  0.489  T  d0
  2634   1097.500  +0.074101  +0.067854  0.578  0.048  0.489  T  d0
  2635   1097.917  +0.009573  +0.088880  0.562  0.048  0.489  T  d1
  2636   1098.333  -0.096035  +0.047195  0.562  0.048  0.489  T  d0
  2637   1098.750  -0.141946  +0.036837  0.578  0.048  0.489  T  d0
  2638   1099.167  -0.099568  +0.003694  0.594  0.048  0.489  T  d0
  2639   1099.583  -0.044258  -0.039116  0.594  0.048  0.489  T  d1
  2640   1100.000  +0.050440  -0.105313  0.578  0.048  0.489  T  d1
  2641   1100.417  +0.135821  -0.041777  0.578  0.048  0.489  T  d0
  2642   1100.833  +0.100161  -0.033808  0.594  0.048  0.489  T  d1
  2643   1101.250  +0.063872  +0.034748  0.594  0.048  0.489  T  d1
  2644   1101.667  -0.053662  +0.073590  0.578  0.048  0.489  T  d0
  2645   1102.083  -0.074747  +0.118228  0.562  0.048  0.489  T  d0
  2646   1102.500  -0.124669  +0.060942  0.547  0.043  0.489  T  d1
  2647   1102.917  -0.058171  -0.031398  0.547  0.043  0.489  T  d0
  2648   1103.333  -0.050388  -0.048719  0.547  0.043  0.506  T  d1
  2649   1103.750  +0.005784  -0.176054  0.562  0.043  0.506  T  d0
  2650   1104.167  -0.009385  -0.106917  0.562  0.043  0.506  T  d1
  2651   1104.583  +0.098446  -0.073189  0.547  0.043  0.506  T  d1
  2652   1105.000  +0.077641  +0.033825  0.531  0.043  0.506  T  d0
  2653   1105.417  +0.161406  +0.119696  0.547  0.043  0.506  T  d0
  2654   1105.833  +0.038273  +0.117549  0.547  0.043  0.506  T  d0
  2655   1106.250  +0.001616  +0.051200  0.547  0.043  0.506  T  d1
  2656   1106.667  -0.071684  +0.017578  0.547  0.043  0.506  T  d0
  2657   1107.083  -0.104310  +0.047352  0.547  0.043  0.506  T  d1
  2658   1107.500  -0.091719  -0.046706  0.547  0.068  0.506  T  d0
  2659   1107.917  -0.044739  -0.033826  0.562  0.068  0.506  T  d1
  2660   1108.333  -0.003549  -0.049971  0.562  0.068  0.506  T  d0
  2661   1108.750  +0.041244  -0.089582  0.562  0.068  0.506  T  d0
  2662   1109.167  +0.035736  -0.030003  0.562  0.068  0.506  T  d0
  2663   1109.583  +0.049141  -0.002778  0.562  0.068  0.506  T  d1
  2664   1110.000  +0.052871  +0.055405  0.562  0.068  0.476  T  d0
  2665   1110.417  +0.051790  +0.052333  0.547  0.068  0.476  T  d0
  2666   1110.833  +0.038399  +0.092908  0.547  0.068  0.476  T  d1
  2667   1111.250  -0.020297  +0.031252  0.547  0.068  0.476  T  d1
  2668   1111.667  -0.081322  -0.008722  0.547  0.068  0.476  T  d0
  2669   1112.083  -0.109781  -0.027064  0.531  0.068  0.476  T  d0
  2670   1112.500  -0.101042  -0.052801  0.516  0.104  0.476  T  d1
  2671   1112.917  -0.004432  -0.048551  0.516  0.104  0.476  T  d1
  2672   1113.333  +0.043291  -0.029890  0.516  0.104  0.476  T  d0
  2673   1113.750  +0.051598  -0.005076  0.516  0.104  0.476  T  d0
  2674   1114.167  +0.093180  +0.007954  0.500  0.104  0.476  T  d3
  2675   1114.583  -0.000793  -0.006087  0.500  0.104  0.476  T  d2
  2676   1115.000  +0.013694  +0.025106  0.500  0.104  0.476  T  d1
  2677   1115.417  -0.029286  +0.015155  0.484  0.104  0.476  T  d1
  2678   1115.833  -0.027571  -0.023098  0.469  0.104  0.476  T  d2
  2679   1116.250  +0.038128  -0.001615  0.469  0.104  0.476  T  d0
  2680   1116.667  +0.030715  +0.010892  0.453  0.104  0.468  T  d0
  2681   1117.083  +0.065002  +0.016454  0.469  0.104  0.468  T  d0
  2682   1117.500  +0.018003  -0.010616  0.469  0.083  0.468  T  d1
  2683   1117.917  -0.013958  +0.055976  0.469  0.083  0.468  T  d1
  2684   1118.333  -0.072075  +0.027004  0.484  0.083  0.468  T  d0
  2685   1118.750  -0.133222  +0.028446  0.484  0.083  0.468  T  d0
  2686   1119.167  -0.075338  +0.002847  0.484  0.083  0.468  T  d1
  2687   1119.583  -0.032932  -0.034105  0.469  0.083  0.468  T  d1
  2688   1120.000  +0.061509  -0.102945  0.484  0.083  0.468  T  d0
  2689   1120.417  +0.138586  -0.040421  0.469  0.083  0.468  T  d0
  2690   1120.833  +0.100655  -0.040623  0.484  0.083  0.468  T  d0
  2691   1121.250  +0.062821  +0.023880  0.469  0.083  0.468  T  d1
  2692   1121.667  -0.050718  +0.058522  0.469  0.083  0.468  T  d0
  2693   1122.083  -0.066592  +0.104524  0.469  0.083  0.468  T  d0
  2694   1122.500  -0.105582  +0.053758  0.469  0.084  0.468  T  d1
  2695   1122.917  -0.031110  -0.025021  0.453  0.084  0.468  T  d0
  2696   1123.333  -0.009220  -0.007401  0.453  0.084  0.476  T  d1
  2697   1123.750  +0.045365  -0.083239  0.453  0.084  0.476  T  d0
  2698   1124.167  +0.021112  -0.031622  0.453  0.084  0.476  T  d0
  2699   1124.583  +0.029800  -0.034942  0.453  0.084  0.476  T  d1
  2700   1125.000  +0.018498  -0.001336  0.453  0.084  0.476  T  d1
  2701   1125.417  +0.019206  +0.024699  0.453  0.084  0.476  T  d1
  2702   1125.833  -0.004449  +0.022533  0.453  0.084  0.476  T  d0
  2703   1126.250  +0.010466  +0.016713  0.453  0.084  0.476  T  d1
  2704   1126.667  -0.025888  +0.036394  0.469  0.084  0.476  T  d1
  2705   1127.083  -0.023772  -0.009501  0.453  0.084  0.476  T  d3
  2706   1127.500  +0.004952  +0.014388  0.438  0.067  0.476  T  d1
  2707   1127.917  -0.071766  -0.007578  0.453  0.067  0.476  T  d2
  2708   1128.333  +0.015438  -0.002386  0.469  0.067  0.476  T  d3
  2709   1128.750  +0.009486  -0.034114  0.484  0.067  0.476  T  d3
  2710   1129.167  -0.022496  -0.014622  0.484  0.067  0.476  T  d1
  2711   1129.583  +0.012681  -0.027800  0.484  0.067  0.476  T  d1
  2712   1130.000  +0.071882  -0.006979  0.469  0.067  0.485  T  d0
  2713   1130.417  +0.075887  +0.016456  0.469  0.067  0.485  T  d0
  2714   1130.833  +0.065405  +0.002546  0.469  0.067  0.485  T  d1
  2715   1131.250  -0.022870  +0.040995  0.469  0.067  0.485  T  d0
  2716   1131.667  -0.069959  +0.059329  0.484  0.067  0.485  T  d0
  2717   1132.083  -0.124017  +0.016736  0.484  0.067  0.485  T  d0
  2718   1132.500  -0.110628  +0.011287  0.484  0.075  0.485  T  d1
  2719   1132.917  -0.003911  -0.026798  0.484  0.075  0.485  T  d0
  2720   1133.333  +0.034078  -0.091817  0.484  0.075  0.485  T  d1
  2721   1133.750  +0.145516  -0.065443  0.484  0.075  0.485  T  d0
  2722   1134.167  +0.113683  -0.042253  0.484  0.075  0.485  T  d1
  2723   1134.583  +0.048044  +0.064986  0.469  0.075  0.485  T  d1
  2724   1135.000  -0.059769  +0.044649  0.469  0.075  0.485  T  d0
  2725   1135.417  -0.072911  +0.091573  0.469  0.075  0.485  T  d0
  2726   1135.833  -0.097352  +0.057122  0.469  0.075  0.485  T  d1
  2727   1136.250  -0.040640  -0.030128  0.469  0.075  0.485  T  d1
  2728   1136.667  +0.015514  -0.017914  0.469  0.075  0.481  T  d0
  2729   1137.083  +0.021752  -0.049849  0.484  0.075  0.481  T  d0
  2730   1137.500  +0.025210  -0.083706  0.484  0.018  0.481  T  d1
  2731   1137.917  +0.049647  -0.005493  0.469  0.018  0.481  T  d1
  2732   1138.333  +0.005207  +0.005355  0.484  0.018  0.481  T  d0
  2733   1138.750  +0.012304  +0.006378  0.484  0.018  0.481  T  d0
  2734   1139.167  +0.021341  +0.023335  0.500  0.018  0.481  T  d1
  2735   1139.583  -0.016515  +0.040523  0.484  0.018  0.481  T  d0
  2736   1140.000  +0.000825  +0.002955  0.484  0.018  0.481  T  d1
  2737   1140.417  -0.022538  +0.035091  0.500  0.018  0.481  T  d1
  2738   1140.833  -0.041229  -0.008642  0.516  0.018  0.481  T  d0
  2739   1141.250  -0.010883  -0.002602  0.531  0.018  0.481  T  d0
  2740   1141.667  -0.024011  -0.014005  0.531  0.018  0.481  T  d0
  2741   1142.083  -0.011815  -0.019675  0.547  0.018  0.481  T  d1
  2742   1142.500  +0.022959  -0.022449  0.562  0.049  0.481  T  d3
  2743   1142.917  -0.005078  -0.009624  0.578  0.049  0.481  T  d1
  2744   1143.333  +0.059147  -0.036153  0.578  0.049  0.464  T  d0
  2745   1143.750  +0.082635  +0.008263  0.578  0.049  0.464  T  d0
  2746   1144.167  +0.066814  +0.027574  0.578  0.049  0.464  T  d1
  2747   1144.583  -0.014859  +0.028495  0.578  0.049  0.464  T  d0
  2748   1145.000  -0.093646  +0.044165  0.562  0.049  0.464  T  d0
  2749   1145.417  -0.101415  +0.031157  0.547  0.049  0.464  T  d0
  2750   1145.833  -0.110524  -0.001527  0.531  0.049  0.464  T  d1
  2751   1146.250  -0.011039  -0.043089  0.531  0.049  0.464  T  d1
  2752   1146.667  +0.066492  -0.055036  0.516  0.049  0.464  T  d0
  2753   1147.083  +0.139428  -0.073105  0.531  0.049  0.464  T  d0
  2754   1147.500  +0.119170  -0.021797  0.531  0.083  0.464  T  d1
  2755   1147.917  +0.052450  +0.049413  0.531  0.083  0.464  T  d1
  2756   1148.333  -0.045164  +0.113380  0.547  0.083  0.464  T  d0
  2757   1148.750  -0.103708  +0.090169  0.547  0.083  0.464  T  d0
  2758   1149.167  -0.115588  +0.049934  0.547  0.083  0.464  T  d1
  2759   1149.583  -0.058444  -0.028439  0.547  0.083  0.464  T  d0
  2760   1150.000  -0.029729  -0.065022  0.547  0.083  0.464  T  d0
  2761   1150.417  +0.000810  -0.146198  0.547  0.083  0.464  T  d0
  2762   1150.833  +0.010788  -0.096255  0.547  0.083  0.464  T  d1
  2763   1151.250  +0.086535  -0.023617  0.547  0.083  0.464  T  d0
  2764   1151.667  +0.076906  +0.013900  0.562  0.083  0.464  T  d1
  2765   1152.083  +0.091819  +0.134489  0.547  0.083  0.464  T  d0
  2766   1152.500  +0.082269  +0.078497  0.547  0.070  0.464  T  d1
  2767   1152.917  -0.030959  +0.075403  0.547  0.070  0.464  T  d1
  2768   1153.333  -0.101792  +0.000170  0.547  0.070  0.464  T  d0
  2769   1153.750  -0.140340  -0.060480  0.562  0.070  0.464  T  d0
  2770   1154.167  -0.079894  -0.087656  0.578  0.070  0.464  T  d0
  2771   1154.583  -0.022250  -0.042962  0.578  0.070  0.464  T  d1
  2772   1155.000  +0.054356  -0.013711  0.562  0.070  0.464  T  d0
  2773   1155.417  +0.114631  +0.028209  0.562  0.070  0.464  T  d0
  2774   1155.833  +0.085419  +0.033605  0.578  0.070  0.464  T  d0
  2775   1156.250  +0.081710  -0.005861  0.594  0.070  0.464  T  d2
  2776   1156.667  -0.055768  +0.047812  0.594  0.070  0.464  T  d0
  2777   1157.083  -0.021621  +0.008420  0.594  0.070  0.464  T  d0
  2778   1157.500  -0.086326  -0.009964  0.594  0.068  0.464  T  d3
  2779   1157.917  +0.000096  +0.031176  0.609  0.068  0.464  T  d2
  2780   1158.333  +0.020928  -0.043124  0.594  0.068  0.464  T  d2
  2781   1158.750  -0.025452  +0.016013  0.594  0.068  0.464  T  d2
  2782   1159.167  +0.044450  +0.005038  0.578  0.068  0.464  T  d1
  2783   1159.583  -0.008842  +0.019072  0.578  0.068  0.464  T  d1
  2784   1160.000  -0.058660  +0.004172  0.578  0.068  0.464  T  d0
  2785   1160.417  -0.076030  -0.017463  0.578  0.068  0.464  T  d0
  2786   1160.833  -0.065770  -0.003006  0.562  0.068  0.464  T  d1
  2787   1161.250  +0.014558  -0.042449  0.562  0.068  0.464  T  d0
  2788   1161.667  +0.061792  -0.065877  0.562  0.068  0.464  T  d0
  2789   1162.083  +0.118210  -0.023893  0.562  0.068  0.464  T  d0
  2790   1162.500  +0.111864  -0.026356  0.562  0.007  0.464  T  d1
  2791   1162.917  +0.034405  +0.031153  0.562  0.007  0.464  T  d1
  2792   1163.333  -0.015537  +0.077155  0.547  0.007  0.446  T  d0
  2793   1163.750  -0.065114  +0.065303  0.547  0.007  0.446  T  d0
  2794   1164.167  -0.046711  +0.076781  0.547  0.007  0.446  T  d1
  2795   1164.583  -0.069788  -0.034436  0.547  0.007  0.446  T  d0
  2796   1165.000  -0.040051  +0.009567  0.531  0.007  0.446  T  d1
  2797   1165.417  -0.040910  -0.057419  0.547  0.007  0.446  T  d0
  2798   1165.833  -0.020295  -0.083090  0.547  0.007  0.446  T  d1
  2799   1166.250  +0.036416  -0.030667  0.562  0.007  0.446  T  d0
  2800   1166.667  +0.081881  -0.033719  0.562  0.007  0.446  T  d0
  2801   1167.083  +0.092130  -0.011637  0.562  0.007  0.446  T  d0
  2802   1167.500  +0.068817  +0.038240  0.562  0.047  0.446  T  d0
  2803   1167.917  +0.039032  +0.032513  0.547  0.047  0.446  T  d1
  2804   1168.333  -0.059405  +0.090851  0.547  0.047  0.446  T  d0
  2805   1168.750  -0.092332  +0.048942  0.547  0.047  0.446  T  d0
  2806   1169.167  -0.082242  +0.026606  0.547  0.047  0.446  T  d0
  2807   1169.583  -0.042936  +0.044195  0.531  0.047  0.446  T  d1
  2808   1170.000  -0.004389  -0.068474  0.547  0.047  0.442  T  d0
  2809   1170.417  +0.005395  -0.061429  0.531  0.047  0.442  T  d0
  2810   1170.833  +0.035873  -0.075005  0.531  0.047  0.442  T  d0
  2811   1171.250  +0.049323  -0.018675  0.531  0.047  0.442  T  d1
  2812   1171.667  -0.000736  +0.012318  0.531  0.047  0.442  T  d0
  2813   1172.083  -0.007618  +0.040963  0.547  0.047  0.442  T  d2
  2814   1172.500  +0.002114  -0.013706  0.562  0.018  0.442  T  d2
  2815   1172.917  -0.005606  +0.010609  0.562  0.018  0.442  T  d2
  2816   1173.333  +0.012761  -0.029904  0.578  0.018  0.442  T  d0
  2817   1173.750  +0.062576  -0.059586  0.578  0.018  0.442  T  d2
  2818   1174.167  -0.011816  +0.012629  0.578  0.018  0.442  T  d2
  2819   1174.583  +0.009611  -0.004266  0.578  0.018  0.442  T  d1
  2820   1175.000  +0.001484  +0.082946  0.562  0.018  0.442  T  d0
  2821   1175.417  -0.036232  +0.116187  0.562  0.018  0.442  T  d0
  2822   1175.833  -0.023801  +0.081228  0.562  0.018  0.442  T  d1
  2823   1176.250  -0.071188  +0.005928  0.562  0.018  0.442  T  d1
  2824   1176.667  -0.021749  -0.112779  0.562  0.018  0.472  T  d0
  2825   1177.083  +0.021797  -0.164109  0.562  0.018  0.472  T  d0
  2826   1177.500  +0.029426  -0.104180  0.562  0.021  0.472  T  d1
  2827   1177.917  +0.081386  -0.027396  0.578  0.021  0.472  T  d1
  2828   1178.333  +0.068533  +0.076957  0.562  0.021  0.472  T  d0
  2829   1178.750  +0.039556  +0.135354  0.578  0.021  0.472  T  d0
  2830   1179.167  -0.002598  +0.140149  0.578  0.021  0.472  T  d0
  2831   1179.583  -0.048276  +0.064397  0.594  0.021  0.472  T  d1
  2832   1180.000  -0.120765  -0.037071  0.578  0.021  0.472  T  d0
  2833   1180.417  -0.076956  -0.061207  0.578  0.021  0.472  T  d0
  2834   1180.833  -0.088026  -0.054566  0.562  0.021  0.472  T  d1
  2835   1181.250  -0.005716  -0.073624  0.547  0.021  0.472  T  d1
  2836   1181.667  +0.088766  -0.060745  0.547  0.021  0.472  T  d0
  2837   1182.083  +0.136825  -0.021920  0.531  0.021  0.472  T  d0
  2838   1182.500  +0.124602  -0.002004  0.516  0.002  0.472  T  d1
  2839   1182.917  +0.010742  +0.032540  0.500  0.002  0.472  T  d0
  2840   1183.333  -0.031136  +0.100007  0.516  0.002  0.455  T  d1
  2841   1183.750  -0.148707  +0.066645  0.516  0.002  0.455  T  d0
  2842   1184.167  -0.117998  +0.038486  0.500  0.002  0.455  T  d1
  2843   1184.583  -0.053193  -0.075629  0.484  0.002  0.455  T  d1
  2844   1185.000  +0.059315  -0.057022  0.484  0.002  0.455  T  d0
  2845   1185.417  +0.077346  -0.105049  0.484  0.002  0.455  T  d0
  2846   1185.833  +0.110719  -0.066142  0.500  0.002  0.455  T  d1
  2847   1186.250  +0.065227  +0.034038  0.500  0.002  0.455  T  d0
  2848   1186.667  +0.030165  +0.055071  0.500  0.002  0.455  T  d0
  2849   1187.083  +0.000361  +0.135022  0.500  0.002  0.455  T  d0
  2850   1187.500  -0.031849  +0.131158  0.516  0.062  0.455  T  d1
  2851   1187.917  -0.056473  +0.018443  0.516  0.062  0.455  T  d1
  2852   1188.333  -0.101375  -0.057170  0.516  0.062  0.455  T  d0
  2853   1188.750  -0.090855  -0.094083  0.516  0.062  0.455  T  d0
  2854   1189.167  -0.071289  -0.096576  0.516  0.062  0.455  T  d1
  2855   1189.583  +0.021607  -0.061641  0.516  0.062  0.455  T  d1
  2856   1190.000  +0.081944  -0.017314  0.531  0.062  0.464  T  d0
  2857   1190.417  +0.150641  +0.054763  0.531  0.062  0.464  T  d0
  2858   1190.833  +0.120357  +0.090692  0.531  0.062  0.464  T  d0
  2859   1191.250  +0.007188  +0.045419  0.531  0.062  0.464  T  d1
  2860   1191.667  -0.071014  +0.004657  0.531  0.062  0.464  T  d0
  2861   1192.083  -0.109496  -0.009429  0.531  0.062  0.464  T  d0
  2862   1192.500  -0.090530  -0.021929  0.531  0.053  0.464  T  d0
  2863   1192.917  -0.057475  -0.023095  0.531  0.053  0.464  T  d1
  2864   1193.333  +0.023796  -0.020802  0.531  0.053  0.464  T  d0
  2865   1193.750  +0.067473  -0.044708  0.531  0.053  0.464  T  d1
  2866   1194.167  +0.056047  +0.037992  0.516  0.053  0.464  T  d3
  2867   1194.583  +0.015592  -0.025253  0.531  0.053  0.464  T  d2
  2868   1195.000  -0.003554  +0.034993  0.531  0.053  0.464  T  d1
  2869   1195.417  -0.020559  +0.008937  0.531  0.053  0.464  T  d1
  2870   1195.833  -0.036644  -0.026803  0.531  0.053  0.464  T  d1
  2871   1196.250  +0.043393  -0.008380  0.531  0.053  0.464  T  d0
  2872   1196.667  +0.027893  +0.006341  0.531  0.053  0.464  T  d0
  2873   1197.083  +0.067905  +0.009019  0.531  0.053  0.464  T  d3
  2874   1197.500  +0.018365  -0.015500  0.516  0.000  0.464  T  d2
  2875   1197.917  -0.011307  +0.048162  0.531  0.000  0.464  T  d1
  2876   1198.333  -0.069149  +0.022004  0.531  0.000  0.464  T  d0
  2877   1198.750  -0.126448  +0.024063  0.531  0.000  0.464  T  d0
  2878   1199.167  -0.068455  +0.004051  0.531  0.000  0.464  T  d1
  2879   1199.583  -0.023641  -0.032280  0.547  0.000  0.464  T  d1
  2880   1200.000  +0.071660  -0.092239  0.531  0.000  0.464  T  d0
  2881   1200.417  +0.163645  -0.041023  0.531  0.000  0.464  T  d0
  2882   1200.833  +0.116562  -0.009813  0.531  0.000  0.464  T  d1
  2883   1201.250  +0.026157  +0.088344  0.531  0.000  0.464  T  d1
  2884   1201.667  -0.033713  +0.045899  0.531  0.000  0.464  T  d0
  2885   1202.083  -0.092804  +0.121580  0.531  0.000  0.464  T  d0
  2886   1202.500  -0.120166  +0.067546  0.531  0.000  0.464  T  d1
  2887   1202.917  -0.088662  -0.031723  0.547  0.000  0.464  T  d0
  2888   1203.333  -0.043638  -0.057857  0.547  0.000  0.481  T  d0
  2889   1203.750  -0.006088  -0.185493  0.547  0.000  0.481  T  d0
  2890   1204.167  -0.008988  -0.113578  0.547  0.000  0.481  T  d1
  2891   1204.583  +0.094785  -0.082095  0.547  0.000  0.481  T  d1
  2892   1205.000  +0.081970  +0.027153  0.547  0.000  0.481  T  d0
  2893   1205.417  +0.165153  +0.114906  0.531  0.000  0.481  T  d0
  2894   1205.833  +0.046617  +0.115776  0.516  0.000  0.481  T  d0
  2895   1206.250  +0.010303  +0.053884  0.516  0.000  0.481  T  d1
  2896   1206.667  -0.061550  +0.023842  0.531  0.000  0.481  T  d0
  2897   1207.083  -0.095362  +0.058864  0.516  0.000  0.481  T  d1
  2898   1207.500  -0.084329  -0.032292  0.531  0.000  0.481  T  d0
  2899   1207.917  -0.041370  -0.015703  0.547  0.000  0.481  T  d1
  2900   1208.333  -0.007504  -0.033651  0.562  0.000  0.481  T  d0
  2901   1208.750  +0.031093  -0.071375  0.562  0.000  0.481  T  d0
  2902   1209.167  +0.011239  -0.030538  0.578  0.000  0.481  T  d1
  2903   1209.583  +0.030712  -0.002223  0.578  0.000  0.481  T  d0
  2904   1210.000  +0.023120  +0.010677  0.562  0.000  0.485  T  d3
  2905   1210.417  +0.010219  -0.032914  0.547  0.000  0.485  T  d2
  2906   1210.833  +0.009562  +0.037137  0.562  0.000  0.485  T  d0
  2907   1211.250  +0.047449  +0.044670  0.562  0.000  0.485  T  d1
  2908   1211.667  -0.042672  +0.027170  0.562  0.000  0.485  T  d0
  2909   1212.083  -0.026101  +0.049750  0.562  0.000  0.485  T  d0
  2910   1212.500  -0.005975  +0.002600  0.562  0.021  0.485  T  d0
  2911   1212.917  -0.054677  +0.011000  0.562  0.021  0.485  T  d1
  2912   1213.333  -0.028193  -0.060656  0.562  0.021  0.485  T  d0
  2913   1213.750  -0.043010  -0.072689  0.562  0.021  0.485  T  d0
  2914   1214.167  -0.009235  -0.083575  0.562  0.021  0.485  T  d1
  2915   1214.583  +0.049864  -0.033837  0.578  0.021  0.485  T  d1
  2916   1215.000  +0.082286  +0.031923  0.578  0.021  0.485  T  d0
  2917   1215.417  +0.099006  +0.054428  0.578  0.021  0.485  T  d0
  2918   1215.833  +0.062690  +0.066998  0.578  0.021  0.485  T  d0
  2919   1216.250  +0.057082  +0.013463  0.578  0.021  0.485  T  d1
  2920   1216.667  -0.094888  +0.061284  0.562  0.021  0.481  T  d0
  2921   1217.083  -0.055555  +0.008397  0.562  0.021  0.481  T  d0
  2922   1217.500  -0.123793  -0.017171  0.562  0.094  0.481  T  d0
  2923   1217.917  -0.028141  +0.010513  0.562  0.094  0.481  T  d1
  2924   1218.333  +0.001451  -0.068390  0.562  0.094  0.481  T  d3
  2925   1218.750  -0.030083  -0.017911  0.562  0.094  0.481  T  d1
  2926   1219.167  +0.061180  -0.027492  0.562  0.094  0.481  T  d0
  2927   1219.583  +0.025084  -0.001995  0.547  0.094  0.481  T  d0
  2928   1220.000  +0.025215  -0.010257  0.547  0.094  0.481  T  d1
  2929   1220.417  +0.018410  +0.010035  0.547  0.094  0.481  T  d0
  2930   1220.833  +0.029390  +0.018981  0.562  0.094  0.481  T  d0
  2931   1221.250  +0.013559  +0.016616  0.562  0.094  0.481  T  d0
  2932   1221.667  +0.004768  +0.040983  0.562  0.094  0.481  T  d1
  2933   1222.083  -0.017144  +0.014691  0.562  0.094  0.481  T  d0
  2934   1222.500  -0.026305  +0.017933  0.562  0.075  0.481  T  d1
  2935   1222.917  -0.012756  -0.030697  0.562  0.075  0.481  T  d3
  2936   1223.333  -0.061234  -0.003115  0.562  0.075  0.451  T  d1
  2937   1223.750  -0.042512  -0.087829  0.578  0.075  0.451  T  d0
  2938   1224.167  -0.005431  -0.045144  0.594  0.075  0.451  T  d1
  2939   1224.583  +0.038973  -0.039305  0.594  0.075  0.451  T  d1
  2940   1225.000  +0.060346  +0.051421  0.594  0.075  0.451  T  d0
  2941   1225.417  +0.127362  +0.109480  0.594  0.075  0.451  T  d0
  2942   1225.833  +0.017416  +0.104595  0.594  0.075  0.451  T  d1
  2943   1226.250  -0.025919  +0.016796  0.578  0.075  0.451  T  d1
  2944   1226.667  -0.097727  -0.054576  0.578  0.075  0.451  T  d0
  2945   1227.083  -0.129952  -0.079373  0.578  0.075  0.451  T  d0
  2946   1227.500  -0.033394  -0.069809  0.578  0.116  0.451  T  d0
  2947   1227.917  -0.038270  -0.065000  0.578  0.116  0.451  T  d1
  2948   1228.333  +0.096416  -0.024151  0.578  0.116  0.451  T  d0
  2949   1228.750  +0.159066  -0.001259  0.578  0.116  0.451  T  d0
  2950   1229.167  +0.133307  +0.072419  0.578  0.116  0.451  T  d1
  2951   1229.583  +0.025543  +0.088497  0.562  0.116  0.451  T  d1
  2952   1230.000  -0.071774  +0.080938  0.578  0.116  0.459  T  d0
  2953   1230.417  -0.104916  +0.073338  0.578  0.116  0.459  T  d0
  2954   1230.833  -0.133884  +0.023375  0.578  0.116  0.459  T  d1
  2955   1231.250  -0.035030  -0.032377  0.562  0.116  0.459  T  d1
  2956   1231.667  +0.008753  -0.100493  0.562  0.116  0.459  T  d0
  2957   1232.083  +0.023702  -0.139484  0.578  0.116  0.459  T  d0
  2958   1232.500  +0.042644  -0.104735  0.594  0.002  0.459  T  d1
  2959   1232.917  +0.072839  +0.011191  0.594  0.002  0.459  T  d1
  2960   1233.333  +0.036894  +0.084382  0.578  0.002  0.459  T  d0
  2961   1233.750  -0.010170  +0.145644  0.594  0.002  0.459  T  d0
  2962   1234.167  -0.029416  +0.088438  0.578  0.002  0.459  T  d0
  2963   1234.583  -0.044936  +0.035628  0.578  0.002  0.459  T  d1
  2964   1235.000  -0.035343  -0.043431  0.562  0.002  0.459  T  d0
  2965   1235.417  -0.067203  -0.142576  0.578  0.002  0.459  T  d0
  2966   1235.833  -0.011261  -0.128001  0.578  0.002  0.459  T  d1
  2967   1236.250  +0.059727  -0.036583  0.578  0.002  0.459  T  d0
  2968   1236.667  +0.076704  +0.003350  0.594  0.002  0.464  T  d0
  2969   1237.083  +0.112729  +0.063832  0.609  0.002  0.464  T  d0
  2970   1237.500  +0.067354  +0.057132  0.609  0.000  0.464  T  d0
  2971   1237.917  +0.007576  +0.081446  0.609  0.000  0.464  T  d1
  2972   1238.333  -0.094356  +0.040619  0.609  0.000  0.464  T  d0
  2973   1238.750  -0.138761  +0.032803  0.609  0.000  0.464  T  d0
  2974   1239.167  -0.095302  +0.002402  0.609  0.000  0.464  T  d1
  2975   1239.583  -0.038063  -0.040731  0.625  0.000  0.464  T  d1
  2976   1240.000  +0.053771  -0.102430  0.625  0.000  0.464  T  d0
  2977   1240.417  +0.155713  -0.054772  0.625  0.000  0.464  T  d0
  2978   1240.833  +0.110897  -0.020289  0.609  0.000  0.464  T  d1
  2979   1241.250  +0.026909  +0.077009  0.609  0.000  0.464  T  d1
  2980   1241.667  -0.030239  +0.040246  0.609  0.000  0.464  T  d0
  2981   1242.083  -0.086656  +0.117128  0.609  0.000  0.464  T  d0
  2982   1242.500  -0.112217  +0.067705  0.594  0.000  0.464  T  d1
  2983   1242.917  -0.081781  -0.028851  0.594  0.000  0.464  T  d0
  2984   1243.333  -0.036763  -0.053681  0.594  0.000  0.464  T  d0
  2985   1243.750  -0.001544  -0.178781  0.578  0.000  0.464  T  d0
  2986   1244.167  -0.005408  -0.106881  0.578  0.000  0.464  T  d1
  2987   1244.583  +0.095591  -0.074674  0.578  0.000  0.464  T  d1
  2988   1245.000  +0.079768  +0.033682  0.594  0.000  0.464  T  d0
  2989   1245.417  +0.160966  +0.119579  0.594  0.000  0.464  T  d0
  2990   1245.833  +0.040355  +0.117065  0.594  0.000  0.464  T  d0
  2991   1246.250  +0.002144  +0.052715  0.609  0.000  0.464  T  d1
  2992   1246.667  -0.070043  +0.017606  0.609  0.000  0.464  T  d0
  2993   1247.083  -0.103585  +0.048886  0.609  0.000  0.464  T  d1
  2994   1247.500  -0.090949  -0.046076  0.609  0.000  0.464  T  d0
  2995   1247.917  -0.043295  -0.031833  0.594  0.000  0.464  T  d1
  2996   1248.333  -0.004779  -0.050142  0.594  0.000  0.464  T  d0
  2997   1248.750  +0.040519  -0.084871  0.594  0.000  0.464  T  d0
  2998   1249.167  +0.028604  -0.036452  0.594  0.000  0.464  T  d1
  2999   1249.583  +0.055622  +0.003540  0.594  0.000  0.464  T  d0
  3000   1250.000  +0.048311  +0.051824  0.594  0.000  0.459  T  d0
  3001   1250.417  +0.045143  +0.051541  0.578  0.000  0.459  T  d0
  3002   1250.833  +0.035190  +0.089169  0.578  0.000  0.459  T  d1
  3003   1251.250  -0.025655  +0.034859  0.562  0.000  0.459  T  d1
  3004   1251.667  -0.082397  -0.026255  0.578  0.000  0.459  T  d0
  3005   1252.083  -0.106992  -0.033220  0.562  0.000  0.459  T  d0
  3006   1252.500  -0.076066  -0.046918  0.562  0.000  0.459  T  d0
  3007   1252.917  -0.033430  -0.037627  0.578  0.000  0.459  T  d1
  3008   1253.333  +0.050496  -0.030112  0.594  0.000  0.459  T  d0
  3009   1253.750  +0.097585  -0.043971  0.594  0.000  0.459  T  d1
  3010   1254.167  +0.082462  +0.045725  0.578  0.000  0.459  T  d0
  3011   1254.583  +0.039477  -0.009117  0.578  0.000  0.459  T  d1
  3012   1255.000  +0.010938  +0.057880  0.578  0.000  0.459  T  d0
  3013   1255.417  -0.018368  +0.034122  0.562  0.000  0.459  T  d1
  3014   1255.833  -0.048276  +0.000664  0.547  0.000  0.459  T  d3
  3015   1256.250  +0.000077  +0.008870  0.547  0.000  0.459  T  d1
  3016   1256.667  -0.035309  +0.007784  0.531  0.000  0.472  T  d1
  3017   1257.083  -0.025587  -0.026099  0.516  0.000  0.472  T  d0
  3018   1257.500  -0.040691  -0.029716  0.500  0.000  0.472  T  d1
  3019   1257.917  +0.014377  -0.035444  0.500  0.000  0.472  T  d0
  3020   1258.333  +0.009156  -0.015941  0.500  0.000  0.472  T  d0
  3021   1258.750  +0.009255  -0.004998  0.484  0.000  0.472  T  d0
  3022   1259.167  +0.017366  -0.023016  0.469  0.000  0.472  T  d0
  3023   1259.583  +0.049303  -0.016883  0.453  0.000  0.472  T  d1
  3024   1260.000  +0.055659  +0.096798  0.453  0.000  0.472  T  d0
  3025   1260.417  +0.021715  +0.072978  0.438  0.000  0.472  T  d0
  3026   1260.833  +0.037547  +0.046807  0.438  0.000  0.472  T  d1
  3027   1261.250  -0.047354  +0.046237  0.422  0.000  0.472  T  d1
  3028   1261.667  -0.074809  -0.013669  0.422  0.000  0.472  T  d0
  3029   1262.083  -0.079304  -0.073042  0.406  0.000  0.472  T  d0
  3030   1262.500  -0.107896  -0.060358  0.391  0.000  0.472  T  d1
  3031   1262.917  -0.012389  -0.067914  0.391  0.000  0.472  T  d0
  3032   1263.333  +0.037454  -0.054957  0.375  0.000  0.485  T  d1
  3033   1263.750  +0.092233  +0.019036  0.359  0.000  0.485  T  d0
  3034   1264.167  +0.078649  -0.018481  0.344  0.000  0.485  T  d1
  3035   1264.583  +0.020527  +0.025410  0.344  0.000  0.485  T  d0
  3036   1265.000  +0.023140  +0.034286  0.344  0.000  0.485  T  d1
  3037   1265.417  -0.019458  +0.031643  0.328  0.000  0.485  T  d0
  3038   1265.833  -0.023154  +0.043435  0.312  0.000  0.485  T  d0
  3039   1266.250  -0.002672  +0.004090  0.297  0.000  0.485  T  d0
  3040   1266.667  -0.011187  +0.019228  0.297  0.000  0.485  T  d0
  3041   1267.083  -0.021306  +0.011013  0.281  0.000  0.485  T  d1
  3042   1267.500  -0.013653  -0.023304  0.281  0.000  0.485  T  d2
  3043   1267.917  +0.009560  +0.007266  0.266  0.000  0.485  T  d2
  3044   1268.333  -0.013224  -0.013448  0.266  0.000  0.485  T  d1
  3045   1268.750  +0.033142  -0.042332  0.250  0.000  0.485  T  d3
  3046   1269.167  -0.013893  -0.014802  0.250  0.000  0.485  T  d2
  3047   1269.583  +0.011104  +0.008774  0.250  0.000  0.485  T  d1
  3048   1270.000  -0.007562  +0.009951  0.250  0.000  0.511  T  d1
  3049   1270.417  -0.011457  -0.045343  0.250  0.000  0.511  T  d3
  3050   1270.833  -0.011218  +0.017938  0.234  0.000  0.511  T  d3
  3051   1271.250  +0.040190  +0.017183  0.234  0.000  0.511  T  d2
  3052   1271.667  -0.041505  +0.001197  0.219  0.000  0.511  T  d3
  3053   1272.083  -0.010785  +0.025743  0.203  0.000  0.511  T  d2
  3054   1272.500  +0.020275  -0.009646  0.188  0.004  0.511  T  d2
  3055   1272.917  -0.015703  +0.016693  0.172  0.004  0.511  T  d2
  3056   1273.333  +0.012459  -0.016088  0.172  0.004  0.511  T  d1
  3057   1273.750  +0.025436  +0.026482  0.156  0.004  0.511  T  d3
  3058   1274.167  +0.005662  -0.007301  0.141  0.004  0.511  T  d3
  3059   1274.583  -0.002925  -0.005109  0.141  0.004  0.511  T  d2
  3060   1275.000  +0.012445  +0.010651  0.141  0.004  0.511  T  d2
  3061   1275.417  -0.010436  -0.020242  0.125  0.004  0.511  T  d1
  3062   1275.833  +0.009730  -0.019124  0.109  0.004  0.511  T  d3
  3063   1276.250  -0.018548  +0.003081  0.125  0.004  0.511  T  d1
  3064   1276.667  -0.008866  -0.011891  0.125  0.004  0.511  T  d1
  3065   1277.083  +0.002707  -0.012490  0.125  0.004  0.511  T  d2
  3066   1277.500  +0.001459  +0.019714  0.109  0.012  0.511  T  d1
  3067   1277.917  -0.017621  -0.014467  0.109  0.012  0.511  T  d2
  3068   1278.333  +0.010384  +0.006848  0.094  0.012  0.511  T  d1
  3069   1278.750  -0.031973  +0.035808  0.094  0.012  0.511  T  d3
  3070   1279.167  +0.017710  +0.009354  0.094  0.012  0.511  T  d2
  3071   1279.583  -0.006042  -0.012763  0.094  0.012  0.511  T  d1
  3072   1280.000  +0.013582  -0.011785  0.094  0.012  0.511  T  d1
  3073   1280.417  +0.016128  +0.043977  0.078  0.012  0.511  T  d3
  3074   1280.833  +0.015353  -0.017263  0.078  0.012  0.511  T  d3
  3075   1281.250  -0.037350  -0.016118  0.078  0.012  0.511  T  d2
  3076   1281.667  +0.042615  +0.000518  0.094  0.012  0.511  T  d3
  3077   1282.083  +0.010989  -0.024016  0.094  0.012  0.511  T  d2
  3078   1282.500  -0.020927  +0.011565  0.094  0.026  0.511  T  d2
  3079   1282.917  +0.013377  -0.015936  0.094  0.026  0.511  T  d2
  3080   1283.333  -0.013401  +0.016174  0.094  0.026  0.506  T  d1
  3081   1283.750  -0.025853  -0.026045  0.094  0.026  0.506  T  d3
  3082   1284.167  -0.005504  +0.007301  0.094  0.026  0.506  T  d3
  3083   1284.583  +0.003687  +0.005271  0.094  0.026  0.506  T  d2
  3084   1285.000  -0.011471  -0.009453  0.094  0.026  0.506  T  d2
  3085   1285.417  +0.012065  +0.020316  0.094  0.026  0.506  T  d1
  3086   1285.833  -0.008524  +0.020225  0.094  0.026  0.506  T  d3
  3087   1286.250  +0.019439  -0.002048  0.094  0.026  0.506  T  d1
  3088   1286.667  +0.008873  +0.013735  0.094  0.026  0.506  T  d1
  3089   1287.083  -0.005141  +0.012406  0.094  0.026  0.506  T  d2
  3090   1287.500  -0.005047  -0.015767  0.109  0.014  0.506  T  d2
  3091   1287.917  +0.011475  +0.010135  0.109  0.014  0.506  T  d2
  3092   1288.333  -0.015843  -0.012191  0.109  0.014  0.506  T  d1
  3093   1288.750  +0.025560  -0.036063  0.109  0.014  0.506  T  d3
  3094   1289.167  -0.017856  -0.010298  0.109  0.014  0.506  T  d0
  3095   1289.583  -0.007995  +0.001925  0.125  0.014  0.506  T  d0
  3096   1290.000  -0.012023  +0.007429  0.141  0.014  0.528  T  d1
  3097   1290.417  -0.008028  -0.048543  0.156  0.014  0.528  T  d2
  3098   1290.833  -0.005314  +0.009721  0.172  0.014  0.528  T  d3
  3099   1291.250  +0.062969  +0.020232  0.188  0.014  0.528  T  d2
  3100   1291.667  -0.021775  +0.009992  0.203  0.014  0.528  T  d3
  3101   1292.083  +0.039121  +0.037976  0.219  0.014  0.528  T  d0
  3102   1292.500  +0.042385  +0.014258  0.219  0.004  0.528  T  d0
  3103   1292.917  +0.027086  +0.048323  0.219  0.004  0.528  T  d0
  3104   1293.333  +0.054916  +0.016743  0.219  0.004  0.528  T  d1
  3105   1293.750  -0.046795  +0.059910  0.234  0.004  0.528  T  d1
  3106   1294.167  -0.871319  -0.166648  0.250  0.004  0.528  T  d2
  3107   1294.583  +0.344441  +0.049251  0.266  0.004  0.528  T  d0
  3108   1295.000  +0.780604  -0.165248  0.281  0.004  0.528  T  d2
  3109   1295.417  -0.333835  -0.006972  0.281  0.004  0.528  T  d2
  3110   1295.833  +0.134871  +0.094359  0.297  0.004  0.528  T  d2
  3111   1296.250  -0.141592  +0.004558  0.297  0.004  0.528  T  d3
  3112   1296.667  +0.039841  +0.043476  0.297  0.004  0.528  T  d1
  3113   1297.083  -0.077735  +0.013227  0.297  0.004  0.528  T  d2
  3114   1297.500  +0.012152  +0.005951  0.297  0.011  0.528  T  d2
  3115   1297.917  -0.037678  +0.009753  0.297  0.011  0.528  T  d1
  3116   1298.333  +0.005801  -0.012325  0.297  0.011  0.528  T  d2
  3117   1298.750  -0.010072  +0.003762  0.312  0.011  0.528  T  d1
  3118   1299.167  +0.005068  -0.016207  0.312  0.011  0.528  T  d1
  3119   1299.583  +0.004345  -0.000489  0.312  0.011  0.528  T  d3
  3120   1300.000  +0.004913  -0.011134  0.312  0.011  0.528  T  d1
  3121   1300.417  +0.008801  -0.001622  0.312  0.011  0.528  T  d0
  3122   1300.833  +0.003140  -0.004241  0.312  0.011  0.528  T  d1
  3123   1301.250  +0.006966  -0.000814  0.312  0.011  0.528  T  d1
  3124   1301.667  +0.000453  +0.000976  0.312  0.011  0.528  T  d3
  3125   1302.083  +0.002747  +0.000460  0.312  0.011  0.528  T  d1
  3126   1302.500  -0.000500  +0.003016  0.312  0.000  0.528  T  d0
  3127   1302.917  -0.000785  +0.001040  0.297  0.000  0.528  T  d0
  3128   1303.333  -0.001574  +0.002656  0.297  0.000  0.511  T  d0
  3129   1303.750  -0.002095  +0.001087  0.297  0.000  0.511  T  d0
  3130   1304.167  -0.001623  +0.001418  0.297  0.000  0.511  T  d0
  3131   1304.583  -0.001207  +0.000239  0.297  0.000  0.511  T  d0
  3132   1305.000  -0.000819  +0.000003  0.297  0.000  0.511  T  d0
  3133   1305.417  -0.001161  +0.000166  0.297  0.000  0.511  T  d1
  3134   1305.833  +0.000327  -0.001006  0.281  0.000  0.511  T  d2
  3135   1306.250  -0.000332  +0.000185  0.266  0.000  0.511  T  d2
  3136   1306.667  +0.000766  -0.000936  0.250  0.000  0.511  T  d0
  3137   1307.083  +0.000245  -0.000517  0.266  0.000  0.511  T  d0
  3138   1307.500  +0.000484  -0.000247  0.266  0.000  0.511  T  d0
  3139   1307.917  +0.000396  -0.000223  0.266  0.000  0.511  T  d0
  3140   1308.333  +0.000422  -0.000446  0.250  0.000  0.511  T  d1
  3141   1308.750  +0.000232  +0.000234  0.250  0.000  0.511  T  d0
  3142   1309.167  +0.000063  +0.000369  0.266  0.000  0.511  T  d2
  3143   1309.583  +0.000037  -0.000369  0.266  0.000  0.511  T  d2
  3144   1310.000  -0.000185  +0.000437  0.281  0.000  0.536  T  d3
  3145   1310.417  +0.000143  +0.000255  0.281  0.000  0.536  T  d2
  3146   1310.833  -0.000228  -0.000356  0.281  0.000  0.536  T  d2
  3147   1311.250  -0.000047  +0.000403  0.281  0.000  0.536  T  d1
  3148   1311.667  -0.000050  -0.000003  0.281  0.000  0.536  T  d0
  3149   1312.083  -0.000396  +0.000252  0.281  0.000  0.536  T  d2
  3150   1312.500  +0.000248  -0.000288  0.297  0.000  0.536  T  d2
  3151   1312.917  -0.000206  +0.000121  0.297  0.000  0.536  T  d2
  3152   1313.333  +0.000107  -0.000001  0.297  0.000  0.536  T  d2
  3153   1313.750  -0.000162  -0.000086  0.297  0.000  0.536  T  d2
  3154   1314.167  +0.000145  -0.000041  0.281  0.000  0.536  T  d3
  3155   1314.583  -0.000091  -0.000213  0.281  0.000  0.536  T  d1
  3156   1315.000  +0.000288  -0.000097  0.281  0.000  0.536  T  d3
  3157   1315.417  -0.000102  -0.000054  0.281  0.000  0.536  T  d2
  3158   1315.833  +0.000227  +0.000579  0.281  0.000  0.536  T  d2
  3159   1316.250  -0.000084  -0.000172  0.266  0.000  0.536  T  d0
  3160   1316.667  -0.000109  -0.000375  0.266  0.000  0.545  T  d2
  3161   1317.083  +0.000144  +0.000394  0.250  0.000  0.545  T  d1
  3162   1317.500  -0.000157  +0.000094  0.234  0.000  0.545  T  d1
  3163   1317.917  -0.000280  -0.000272  0.219  0.000  0.545  T  d2
  3164   1318.333  +0.000230  +0.000203  0.203  0.000  0.545  T  d3
  3165   1318.750  +0.000064  -0.000361  0.188  0.000  0.545  T  d2
  3166   1319.167  -0.000053  +0.000337  0.188  0.000  0.545  T  d2
  3167   1319.583  -0.000076  -0.000581  0.188  0.000  0.545  T  d2
  3168   1320.000  +0.000154  +0.000341  0.188  0.000  0.545  T  d0
  3169   1320.417  +0.000387  +0.000230  0.172  0.000  0.545  T  d1
  3170   1320.833  -0.000541  +0.000183  0.156  0.000  0.545  T  d2
  3171   1321.250  +0.000160  +0.000025  0.141  0.000  0.545  T  d3
  3172   1321.667  -0.000181  -0.000578  0.125  0.000  0.545  T  d2
  3173   1322.083  +0.000020  +0.000051  0.125  0.000  0.545  T  d0
  3174   1322.500  +0.000148  +0.000453  0.109  0.000  0.545  T  d2
  3175   1322.917  -0.000091  -0.000285  0.109  0.000  0.545  T  d0
  3176   1323.333  -0.000061  -0.000100  0.109  0.000  0.515  T  d1
  3177   1323.750  +0.000346  +0.000053  0.109  0.000  0.515  T  d2
  3178   1324.167  -0.000231  +0.000149  0.109  0.000  0.515  T  d1
  3179   1324.583  -0.000043  -0.000137  0.109  0.000  0.515  T  d2
  3180   1325.000  +0.000042  +0.000363  0.109  0.000  0.515  T  d2
  3181   1325.417  +0.000037  -0.000327  0.094  0.000  0.515  T  d0
  3182   1325.833  -0.000102  -0.000167  0.094  0.000  0.515  T  d2
  3183   1326.250  -0.000003  +0.000231  0.094  0.000  0.515  T  d2
  3184   1326.667  +0.000183  -0.000185  0.094  0.000  0.515  T  d1
  3185   1327.083  +0.000173  +0.000404  0.094  0.000  0.515  T  d1
  3186   1327.500  -0.000698  +0.000046  0.094  0.000  0.515  T  d1
  3187   1327.917  +0.000116  -0.000572  0.109  0.000  0.515  T  d1
  3188   1328.333  +0.000379  -0.000146  0.125  0.000  0.515  T  d1
  3189   1328.750  +0.000380  +0.000564  0.125  0.000  0.515  T  d2
  3190   1329.167  -0.000500  -0.000138  0.125  0.000  0.515  T  d2
  3191   1329.583  +0.000043  +0.000007  0.125  0.000  0.515  T  d0
  3192   1330.000  +0.000251  +0.000062  0.109  0.000  0.519  T  d1
  3193   1330.417  -0.000397  +0.000392  0.109  0.000  0.519  T  d1
  3194   1330.833  -0.000255  -0.000628  0.109  0.000  0.519  T  d1
  3195   1331.250  +0.000485  +0.000074  0.109  0.000  0.519  T  d2
  3196   1331.667  -0.000149  -0.000065  0.109  0.000  0.519  T  d2
  3197   1332.083  +0.000156  +0.000086  0.109  0.000  0.519  T  d1
  3198   1332.500  +0.000033  +0.000272  0.109  0.019  0.519  T  d1
  3199   1332.917  -0.000261  -0.000047  0.109  0.019  0.519  T  d1
  3200   1333.333  -0.000123  -0.000328  0.109  0.019  0.519  T  d1
  3201   1333.750  +0.000368  -0.000117  0.094  0.019  0.519  T  d1
  3202   1334.167  -0.000107  +0.000344  0.094  0.019  0.519  T  d2
  3203   1334.583  +0.000063  -0.000425  0.094  0.019  0.519  T  d2
  3204   1335.000  +0.000070  +0.000685  0.094  0.019  0.519  T  d3
  3205   1335.417  +0.000198  -0.000185  0.094  0.019  0.519  T  d2
  3206   1335.833  -0.000428  +0.000084  0.078  0.019  0.519  T  d1
  3207   1336.250  -0.000150  -0.000330  0.078  0.019  0.519  T  d2
  3208   1336.667  +0.000203  +0.000129  0.062  0.019  0.549  T  d3
  3209   1337.083  +0.000086  -0.000071  0.062  0.019  0.549  T  d2
  3210   1337.500  -0.000154  -0.000001  0.062  0.207  0.549  P  d2
  3211   1337.917  +0.000275  +0.000158  0.078  0.207  0.549  P  d2
  3212   1338.333  -0.000337  +0.000048  0.078  0.207  0.549  P  d1
  3213   1338.750  -0.000006  -0.000250  0.078  0.207  0.549  P  d1
  3214   1339.167  +0.000400  -0.000105  0.062  0.207  0.549  P  d2
  3215   1339.583  -0.000220  +0.000284  0.062  0.207  0.549  P  d1
  3216   1340.000  -0.000307  -0.000127  0.062  0.207  0.549  P  d2
  3217   1340.417  +0.000557  -0.000010  0.062  0.207  0.549  P  d2
  3218   1340.833  -0.000101  +0.000029  0.078  0.207  0.549  P  d0
  3219   1341.250  -0.000115  +0.000045  0.078  0.207  0.549  P  d0
  3220   1341.667  -0.000299  +0.000088  0.078  0.207  0.549  P  d2
  3221   1342.083  +0.000294  -0.000009  0.078  0.207  0.549  P  d3
  3222   1342.500  +0.000074  -0.000327  0.078  0.320  0.549  P  d2
  3223   1342.917  -0.000002  +0.000261  0.078  0.320  0.549  P  d1
  3224   1343.333  -0.000250  +0.000103  0.062  0.320  0.541  P  d2
  3225   1343.750  +0.000243  -0.000114  0.062  0.320  0.541  P  d2
  3226   1344.167  -0.000107  +0.000037  0.062  0.320  0.541  P  d2
  3227   1344.583  +0.000161  -0.000215  0.062  0.320  0.541  P  d2
  3228   1345.000  -0.000525  +0.000252  0.062  0.320  0.541  P  d3
  3229   1345.417  +0.000288  +0.000167  0.078  0.320  0.541  P  d3
  3230   1345.833  +0.000251  -0.000332  0.078  0.320  0.541  P  d3
  3231   1346.250  -0.000088  -0.000279  0.078  0.320  0.541  P  d3
  3232   1346.667  -0.000298  +0.000408  0.078  0.320  0.541  P  d2
  3233   1347.083  +0.000298  -0.000183  0.078  0.320  0.541  P  d1
  3234   1347.500  -0.000029  +0.000350  0.094  0.388  0.541  P  d2
  3235   1347.917  -0.000122  -0.000188  0.094  0.388  0.541  P  d1
  3236   1348.333  +0.000314  -0.000228  0.109  0.388  0.541  P  d2
  3237   1348.750  -0.000355  +0.000163  0.109  0.388  0.541  P  d2
  3238   1349.167  +0.000163  -0.000084  0.125  0.388  0.541  P  d1
  3239   1349.583  +0.000119  +0.000424  0.125  0.388  0.541  P  d2
  3240   1350.000  -0.000097  -0.000291  0.125  0.388  0.524  P  d3
  3241   1350.417  -0.000274  +0.000191  0.141  0.388  0.524  P  d1
  3242   1350.833  +0.000038  -0.000240  0.141  0.388  0.524  P  d0
  3243   1351.250  +0.000020  -0.000028  0.156  0.388  0.524  P  d1
  3244   1351.667  +0.000240  -0.000038  0.156  0.388  0.524  P  d2
  3245   1352.083  -0.000163  +0.000051  0.156  0.388  0.524  P  d2
  3246   1352.500  +0.000191  -0.000085  0.156  0.431  0.524  P  d2
  3247   1352.917  -0.000386  +0.000002  0.156  0.431  0.524  P  d2
  3248   1353.333  +0.000563  -0.000087  0.156  0.431  0.524  P  d1
  3249   1353.750  -0.000109  +0.000394  0.156  0.431  0.524  P  d0
  3250   1354.167  -0.000206  +0.000213  0.156  0.431  0.524  P  d2
  3251   1354.583  +0.000081  -0.000393  0.156  0.431  0.524  P  d3
  3252   1355.000  -0.000149  -0.000115  0.141  0.431  0.524  P  d2
  3253   1355.417  +0.000046  +0.000332  0.141  0.431  0.524  P  d2
  3254   1355.833  -0.000378  -0.000389  0.141  0.431  0.524  P  d2
  3255   1356.250  +0.000424  +0.000268  0.141  0.431  0.524  P  d3
  3256   1356.667  +0.000159  -0.000344  0.156  0.431  0.524  P  d2
  3257   1357.083  -0.000270  +0.000144  0.156  0.431  0.524  P  d3
  3258   1357.500  +0.000134  +0.000214  0.156  0.471  0.524  P  d3
  3259   1357.917  +0.000364  -0.000244  0.156  0.471  0.524  P  d2
  3260   1358.333  -0.000284  +0.000239  0.156  0.471  0.524  P  d0
  3261   1358.750  -0.000218  +0.000067  0.156  0.471  0.524  P  d1
  3262   1359.167  +0.000081  -0.000164  0.156  0.471  0.524  P  d1
  3263   1359.583  +0.000090  +0.000112  0.156  0.471  0.524  P  d2
  3264   1360.000  -0.000395  -0.000071  0.156  0.471  0.524  P  d1
  3265   1360.417  +0.000096  -0.000141  0.156  0.471  0.524  P  d0
  3266   1360.833  +0.000329  -0.000248  0.156  0.471  0.524  P  d2
  3267   1361.250  -0.000055  +0.000213  0.156  0.471  0.524  P  d0
  3268   1361.667  -0.000110  +0.000239  0.156  0.471  0.524  P  d2
  3269   1362.083  +0.000034  -0.000083  0.156  0.471  0.524  P  d0
  3270   1362.500  +0.000227  -0.000273  0.156  0.497  0.524  P  d2
  3271   1362.917  -0.000367  +0.000629  0.156  0.497  0.524  P  d2
  3272   1363.333  +0.000077  -0.000132  0.156  0.497  0.541  P  d0
  3273   1363.750  -0.000012  -0.000448  0.156  0.497  0.541  P  d1
  3274   1364.167  +0.000219  +0.000167  0.156  0.497  0.541  P  d0
  3275   1364.583  +0.000323  +0.000116  0.141  0.497  0.541  P  d1
  3276   1365.000  -0.000003  +0.000077  0.141  0.497  0.541  P  d1
  3277   1365.417  -0.000160  +0.000047  0.141  0.497  0.541  P  d1
  3278   1365.833  -0.000162  -0.000214  0.141  0.497  0.541  P  d1
  3279   1366.250  +0.000085  -0.000141  0.141  0.497  0.541  P  d3
  3280   1366.667  -0.000212  -0.000043  0.141  0.497  0.541  P  d2
  3281   1367.083  +0.000341  -0.000029  0.141  0.497  0.541  P  d2
  3282   1367.500  -0.000858  -0.000089  0.125  0.509  0.541  P  d0
  3283   1367.917  -0.000375  +0.000132  0.125  0.509  0.541  P  d1
  3284   1368.333  +0.000014  -0.000203  0.125  0.509  0.541  P  d3
  3285   1368.750  -0.000708  +0.000151  0.125  0.509  0.541  P  d2
  3286   1369.167  +0.000276  -0.000419  0.125  0.509  0.541  P  d2
  3287   1369.583  -0.000145  +0.000634  0.125  0.509  0.541  P  d0
  3288   1370.000  +0.000157  +0.000354  0.125  0.509  0.558  P  d3
  3289   1370.417  +0.001347  +0.000266  0.125  0.509  0.558  P  d3
  3290   1370.833  +0.000296  -0.000777  0.125  0.509  0.558  P  d2
  3291   1371.250  -0.006642  +0.007541  0.125  0.509  0.558  P  d3
  3292   1371.667  +0.016063  +0.029782  0.125  0.509  0.558  P  d3
  3293   1372.083  +0.057996  -0.047931  0.109  0.509  0.558  P  d2
  3294   1372.500  -0.084653  -0.006041  0.109  0.503  0.558  P  d2
  3295   1372.917  +0.215633  +0.005227  0.109  0.503  0.558  P  d3
  3296   1373.333  -0.392441  -0.577722  0.109  0.503  0.558  P  d3
  3297   1373.750  -0.811671  +1.157944  0.109  0.503  0.558  P  d3
  3298   1374.167  +2.022490  +0.442843  0.094  0.503  0.558  P  d3
  3299   1374.583  -0.476094  -2.274414  0.094  0.503  0.558  P  d3
  3300   1375.000  -1.457633  +1.618387  0.078  0.503  0.558  P  d2
  3301   1375.417  +2.023374  -0.250552  0.078  0.503  0.558  P  d2
  3302   1375.833  -1.961690  -1.348703  0.062  0.503  0.558  P  d3
  3303   1376.250  +0.219991  +2.601518  0.062  0.503  0.558  P  d3
  3304   1376.667  +1.700958  -1.711412  0.062  0.503  0.562  P  d2
  3305   1377.083  -2.193468  +0.217080  0.047  0.503  0.562  P  d2
  3306   1377.500  +1.967350  +1.364863  0.047  0.490  0.562  P  d3
  3307   1377.917  -0.207200  -2.601939  0.031  0.490  0.562  P  d3
  3308   1378.333  -1.681600  +1.665696  0.031  0.490  0.562  P  d2
  3309   1378.750  +2.044045  -0.134004  0.031  0.490  0.562  P  d2
  3310   1379.167  -1.811338  -1.365173  0.031  0.490  0.562  P  d3
  3311   1379.583  -0.233086  +2.594725  0.031  0.490  0.562  P  d3
  3312   1380.000  +2.498375  -0.510865  0.031  0.490  0.562  P  d3
  3313   1380.417  -0.574692  -2.187691  0.031  0.490  0.562  P  d3
  3314   1380.833  -2.110228  +0.472909  0.031  0.490  0.562  P  d3
  3315   1381.250  +0.806260  +2.025515  0.016  0.490  0.562  P  d3
  3316   1381.667  +1.273364  -1.541581  0.016  0.490  0.562  P  d2
  3317   1382.083  -1.913298  +0.303348  0.016  0.490  0.562  P  d2
  3318   1382.500  +1.891646  +1.269429  0.016  0.468  0.562  P  d3
  3319   1382.917  -0.195484  -2.557661  0.016  0.468  0.562  P  d3
  3320   1383.333  -1.672739  +1.700764  0.000  0.468  0.562  P  d2
  3321   1383.750  +2.176910  -0.227341  0.000  0.468  0.562  P  d2
  3322   1384.167  -1.999364  -1.373047  0.000  0.468  0.562  P  d3
  3323   1384.583  +0.223798  +2.615721  0.000  0.468  0.562  P  d3
  3324   1385.000  +1.726305  -1.654837  0.000  0.468  0.562  P  d2
  3325   1385.417  -2.082738  +0.123324  0.000  0.468  0.562  P  d2
  3326   1385.833  +1.812175  +1.365839  0.000  0.468  0.562  P  d3
  3327   1386.250  +0.214030  -2.587823  0.000  0.468  0.562  P  d3
  3328   1386.667  -2.462827  +0.565419  0.000  0.468  0.562  P  d3
  3329   1387.083  +0.716933  +2.090775  0.000  0.468  0.562  P  d3
  3330   1387.500  +1.912878  -0.479015  0.000  0.440  0.562  P  d3
  3331   1387.917  -0.329625  -2.016977  0.000  0.440  0.562  P  d3
  3332   1388.333  -2.092736  +0.348129  0.000  0.440  0.562  P  d3
  3333   1388.750  +0.293598  +2.086973  0.000  0.440  0.562  P  d3
  3334   1389.167  +2.176125  -0.368397  0.000  0.440  0.562  P  d3
  3335   1389.583  -0.803943  -2.067853  0.000  0.440  0.562  P  d3
  3336   1390.000  -1.280726  +1.491724  0.000  0.440  0.627  P  d2
  3337   1390.417  +1.785343  -0.202713  0.000  0.440  0.627  P  d2
  3338   1390.833  -1.743685  -1.253200  0.000  0.440  0.627  P  d3
  3339   1391.250  -0.244318  +2.546190  0.000  0.440  0.627  P  d3
  3340   1391.667  +2.502092  -0.511545  0.000  0.440  0.627  P  d3
  3341   1392.083  -0.608142  -2.130290  0.000  0.440  0.627  P  d3
  3342   1392.500  -2.060711  +0.463037  0.000  0.398  0.627  P  d3
  3343   1392.917  +0.774212  +1.966841  0.000  0.398  0.627  P  d3
  3344   1393.333  +1.268259  -1.499301  0.000  0.398  0.627  P  d2
  3345   1393.750  -1.906254  +0.291909  0.000  0.398  0.627  P  d2
  3346   1394.167  +1.930879  +1.285661  0.000  0.398  0.627  P  d3
  3347   1394.583  -0.211884  -2.577239  0.000  0.398  0.627  P  d3
  3348   1395.000  -1.705873  +1.709705  0.000  0.398  0.627  P  d2
  3349   1395.417  +2.208404  -0.217199  0.000  0.398  0.627  P  d2
  3350   1395.833  -2.007110  -1.404422  0.000  0.398  0.627  P  d3
  3351   1396.250  +0.238449  +2.624674  0.000  0.398  0.627  P  d3
  3352   1396.667  +1.690575  -1.722181  0.000  0.398  0.657  P  d2
  3353   1397.083  -2.185880  +0.224581  0.000  0.398  0.657  P  d2
  3354   1397.500  +1.959632  +1.362836  0.000  0.338  0.657  P  d3
  3355   1397.917  -0.214381  -2.585896  0.000  0.338  0.657  P  d3
  3356   1398.333  -1.662011  +1.715373  0.000  0.338  0.657  P  d2
  3357   1398.750  +2.167159  -0.233701  0.000  0.338  0.657  P  d2
  3358   1399.167  -1.993659  -1.369713  0.000  0.338  0.657  P  d3
  3359   1399.583  +0.229628  +2.603212  0.000  0.338  0.657  P  d3
  3360   1400.000  +1.697442  -1.723808  0.000  0.338  0.657  P  d2
  3361   1400.417  -2.200997  +0.222726  0.000  0.338  0.657  P  d2
  3362   1400.833  +2.004092  +1.398468  0.000  0.338  0.657  P  d3
  3363   1401.250  -0.236282  -2.623506  0.000  0.338  0.657  P  d3
  3364   1401.667  -1.692203  +1.720093  0.000  0.338  0.657  P  d2
  3365   1402.083  +2.186247  -0.225310  0.000  0.338  0.657  P  d2
  3366   1402.500  -1.960983  -1.364095  0.000  0.246  0.657  P  d3
  3367   1402.917  +0.216923  +2.589345  0.000  0.246  0.657  P  d3
  3368   1403.333  +1.656617  -1.716821  0.000  0.246  0.665  P  d2
  3369   1403.750  -2.170983  +0.233070  0.000  0.246  0.665  P  d2
  3370   1404.167  +1.997178  +1.372062  0.000  0.246  0.665  P  d3
  3371   1404.583  -0.232068  -2.604043  0.000  0.246  0.665  P  d3
  3372   1405.000  -1.698144  +1.726480  0.000  0.246  0.665  P  d2
  3373   1405.417  +2.201168  -0.222416  0.000  0.246  0.665  P  d2
  3374   1405.833  -2.006958  -1.396664  0.000  0.246  0.665  P  d3
  3375   1406.250  +0.225505  +2.629606  0.000  0.246  0.665  P  d3
  3376   1406.667  +1.713909  -1.665487  0.000  0.246  0.665  P  d2
  3377   1407.083  -2.057736  +0.125774  0.000  0.246  0.665  P  d2
  3378   1407.500  +1.806574  +1.355932  0.000  0.110  0.665  T  d3
  3379   1407.917  +0.200303  -2.540272  0.000  0.110  0.665  T  d3
  3380   1408.333  -2.423431  +0.547666  0.000  0.110  0.665  T  d3
  3381   1408.750  +0.667383  +2.073710  0.000  0.110  0.665  T  d3
  3382   1409.167  +1.914027  -0.455594  0.000  0.110  0.665  T  d3
  3383   1409.583  -0.349550  -2.012115  0.000  0.110  0.665  T  d3
  3384   1410.000  -2.034583  +0.412088  0.000  0.110  0.665  T  d3
  3385   1410.417  +0.414667  +1.958737  0.000  0.110  0.665  T  d3
  3386   1410.833  +1.968163  -0.359840  0.000  0.110  0.665  T  d3
  3387   1411.250  -0.350849  -2.033295  0.000  0.110  0.665  T  d3
  3388   1411.667  -2.006482  +0.410060  0.000  0.110  0.665  T  d3
  3389   1412.083  +0.400019  +1.989591  0.000  0.110  0.665  T  d3
  3390   1412.500  +1.983682  -0.356175  0.000  0.000  0.665  T  d3
  3391   1412.917  -0.341483  -2.059467  0.000  0.000  0.665  T  d3
  3392   1413.333  -2.087121  +0.372494  0.000  0.000  0.665  T  d3
  3393   1413.750  +0.290665  +2.072838  0.000  0.000  0.665  T  d3
  3394   1414.167  +2.180127  -0.359140  0.000  0.000  0.665  T  d3
  3395   1414.583  -0.805137  -2.073566  0.000  0.000  0.665  T  d3
  3396   1415.000  -1.276241  +1.494216  0.000  0.000  0.665  T  d2
  3397   1415.417  +1.783794  -0.205907  0.000  0.000  0.665  T  d2
  3398   1415.833  -1.738412  -1.254064  0.000  0.000  0.665  T  d3
  3399   1416.250  -0.236039  +2.545054  0.000  0.000  0.665  T  d3
  3400   1416.667  +2.476118  -0.542861  0.000  0.000  0.661  T  d3
  3401   1417.083  -0.725794  -2.104734  0.000  0.000  0.661  T  d3
  3402   1417.500  -1.905086  +0.484973  0.000  0.000  0.661  T  d3
  3403   1417.917  +0.343162  +2.003423  0.000  0.000  0.661  T  d3
  3404   1418.333  +2.054840  -0.418193  0.000  0.000  0.661  T  d3
  3405   1418.750  -0.430974  -1.992813  0.000  0.000  0.661  T  d3
  3406   1419.167  -1.938654  +0.417987  0.000  0.000  0.661  T  d3
  3407   1419.583  +0.331325  +1.994574  0.000  0.000  0.661  T  d3
  3408   1420.000  +2.031868  -0.401802  0.000  0.000  0.661  T  d3
  3409   1420.417  -0.419466  -1.976826  0.000  0.000  0.661  T  d3
  3410   1420.833  -1.965243  +0.372366  0.000  0.000  0.661  T  d3
  3411   1421.250  +0.334645  +2.040623  0.000  0.000  0.661  T  d3
  3412   1421.667  +2.074577  -0.376021  0.000  0.000  0.661  T  d3
  3413   1422.083  -0.317426  -2.073180  0.000  0.000  0.661  T  d3
  3414   1422.500  -2.142737  +0.377568  0.000  0.015  0.661  T  d3
  3415   1422.917  +0.818785  +2.004906  0.000  0.015  0.661  T  d3
  3416   1423.333  +1.239835  -1.524692  0.000  0.015  0.712  T  d2
  3417   1423.750  -1.891342  +0.304380  0.000  0.015  0.712  T  d2
  3418   1424.167  +1.917845  +1.276719  0.000  0.015  0.712  T  d3
  3419   1424.583  -0.196002  -2.584004  0.000  0.015  0.712  T  d3
  3420   1425.000  -1.742941  +1.640386  0.000  0.015  0.712  T  d2
  3421   1425.417  +2.090438  -0.116917  0.000  0.015  0.712  T  d2
  3422   1425.833  -1.822092  -1.369045  0.000  0.015  0.712  T  d3
  3423   1426.250  -0.217841  +2.585679  0.000  0.015  0.712  T  d3
  3424   1426.667  +2.486540  -0.536449  0.000  0.015  0.712  T  d3
  3425   1427.083  -0.598447  -2.118798  0.000  0.015  0.712  T  d3
  3426   1427.500  -2.069210  +0.453988  0.000  0.048  0.712  T  d3
  3427   1427.917  +0.778395  +1.970561  0.000  0.048  0.712  T  d3
  3428   1428.333  +1.263836  -1.501374  0.000  0.048  0.712  T  d2
  3429   1428.750  -1.905332  +0.293806  0.000  0.048  0.712  T  d2
  3430   1429.167  +1.927691  +1.287137  0.000  0.048  0.712  T  d3
  3431   1429.583  -0.211266  -2.576190  0.000  0.048  0.712  T  d3
  3432   1430.000  -1.707571  +1.712539  0.000  0.048  0.717  T  d2
  3433   1430.417  +2.209705  -0.216400  0.000  0.048  0.717  T  d2
  3434   1430.833  -2.009946  -1.401679  0.000  0.048  0.717  T  d3
  3435   1431.250  +0.228703  +2.630611  0.000  0.048  0.717  T  d3
  3436   1431.667  +1.713380  -1.668237  0.000  0.048  0.717  T  d2
  3437   1432.083  -2.057846  +0.124900  0.000  0.048  0.717  T  d2
  3438   1432.500  +1.808870  +1.354124  0.000  0.062  0.717  T  d3
  3439   1432.917  +0.192490  -2.547906  0.000  0.062  0.717  T  d3
  3440   1433.333  -2.447621  +0.494083  0.000  0.062  0.717  T  d3
  3441   1433.750  +0.564829  +2.132002  0.000  0.062  0.717  T  d3
  3442   1434.167  +2.085802  -0.423897  0.000  0.062  0.717  T  d3
  3443   1434.583  -0.783921  -2.033857  0.000  0.062  0.717  T  d3
  3444   1435.000  -1.268344  +1.545003  0.000  0.062  0.717  T  d2
  3445   1435.417  +1.920324  -0.301013  0.000  0.062  0.717  T  d2
  3446   1435.833  -1.942677  -1.290133  0.000  0.062  0.717  T  d3
  3447   1436.250  +0.219124  +2.583857  0.000  0.062  0.717  T  d3
  3448   1436.667  +1.700159  -1.698038  0.000  0.062  0.682  T  d2
  3449   1437.083  -2.193932  +0.212232  0.000  0.062  0.682  T  d2
  3450   1437.500  +1.964740  +1.372254  0.000  0.028  0.682  T  d3
  3451   1437.917  -0.217926  -2.591013  0.000  0.028  0.682  T  d3
  3452   1438.333  -1.659021  +1.719847  0.000  0.028  0.682  T  d2
  3453   1438.750  +2.166972  -0.235869  0.000  0.028  0.682  T  d2
  3454   1439.167  -1.993145  -1.366971  0.000  0.028  0.682  T  d3
  3455   1439.583  +0.219607  +2.613228  0.000  0.028  0.682  T  d3
  3456   1440.000  +1.728504  -1.653584  0.000  0.028  0.682  T  d2
  3457   1440.417  -2.084594  +0.122929  0.000  0.028  0.682  T  d2
  3458   1440.833  +1.812243  +1.366667  0.000  0.028  0.682  T  d3
  3459   1441.250  +0.213484  -2.588167  0.000  0.028  0.682  T  d3
  3460   1441.667  -2.462808  +0.566572  0.000  0.028  0.682  T  d3
  3461   1442.083  +0.717175  +2.093089  0.000  0.028  0.682  T  d3
  3462   1442.500  +1.911931  -0.475800  0.000  0.025  0.682  T  d3
  3463   1442.917  -0.348002  -2.007219  0.000  0.025  0.682  T  d3
  3464   1443.333  -2.050749  +0.422795  0.000  0.025  0.657  T  d3
  3465   1443.750  +0.428677  +1.992307  0.000  0.025  0.657  T  d3
  3466   1444.167  +1.941628  -0.416189  0.000  0.025  0.657  T  d3
  3467   1444.583  -0.333269  -1.994648  0.000  0.025  0.657  T  d3
  3468   1445.000  -2.029931  +0.402756  0.000  0.025  0.657  T  d3
  3469   1445.417  +0.408895  +1.965802  0.000  0.025  0.657  T  d3
  3470   1445.833  +1.982704  -0.368290  0.000  0.025  0.657  T  d3
  3471   1446.250  -0.323490  -2.033161  0.000  0.025  0.657  T  d3
  3472   1446.667  -2.094057  +0.366272  0.000  0.025  0.657  T  d3
  3473   1447.083  +0.323764  +2.076116  0.000  0.025  0.657  T  d3
  3474   1447.500  +2.141451  -0.386515  0.000  0.033  0.657  T  d3
  3475   1447.917  -0.807566  -2.016553  0.000  0.033  0.657  T  d3
  3476   1448.333  -1.259321  +1.466029  0.000  0.033  0.657  T  d2
  3477   1448.750  +1.789372  -0.205553  0.000  0.033  0.657  T  d2
  3478   1449.167  -1.782473  -1.256920  0.000  0.033  0.657  T  d3
  3479   1449.583  -0.216865  +2.548760  0.000  0.033  0.657  T  d3
  3480   1450.000  +2.476088  -0.564857  0.000  0.033  0.652  T  d3
  3481   1450.417  -0.718973  -2.079325  0.000  0.033  0.652  T  d3
  3482   1450.833  -1.887893  +0.488623  0.000  0.033  0.652  T  d3
  3483   1451.250  +0.317432  +2.015399  0.000  0.033  0.652  T  d3
  3484   1451.667  +2.084555  -0.358296  0.000  0.033  0.652  T  d3
  3485   1452.083  -0.322025  -2.074079  0.000  0.033  0.652  T  d3
  3486   1452.500  -2.142993  +0.386024  0.000  0.052  0.652  T  d3
  3487   1452.917  +0.809295  +2.016126  0.000  0.052  0.652  T  d3
  3488   1453.333  +1.258315  -1.469379  0.000  0.052  0.652  T  d2
  3489   1453.750  -1.787575  +0.200145  0.000  0.052  0.652  T  d2
  3490   1454.167  +1.783445  +1.262133  0.000  0.052  0.652  T  d3
  3491   1454.583  +0.236557  -2.562826  0.000  0.052  0.652  T  d3
  3492   1455.000  -2.515237  +0.508076  0.000  0.052  0.652  T  d3
  3493   1455.417  +0.584027  +2.185008  0.000  0.052  0.652  T  d3
  3494   1455.833  +2.101236  -0.472757  0.000  0.052  0.652  T  d3
  3495   1456.250  -0.803444  -2.029288  0.000  0.052  0.652  T  d3
  3496   1456.667  -1.277886  +1.544613  0.000  0.052  0.704  T  d2
  3497   1457.083  +1.914686  -0.305876  0.000  0.052  0.704  T  d2
  3498   1457.500  -1.895401  -1.265508  0.000  0.083  0.704  T  d3
  3499   1457.917  +0.185010  +2.568902  0.000  0.083  0.704  T  d3
  3500   1458.333  +1.696587  -1.647329  0.000  0.083  0.704  T  d2
  3501   1458.750  -2.056563  +0.129621  0.000  0.083  0.704  T  d2
  3502   1459.167  +1.819185  +1.367544  0.000  0.083  0.704  T  d3
  3503   1459.583  +0.228753  -2.595685  0.000  0.083  0.704  T  d3
  3504   1460.000  -2.494760  +0.512751  0.000  0.083  0.704  T  d3
  3505   1460.417  +0.572648  +2.188160  0.000  0.083  0.704  T  d3
  3506   1460.833  +2.110635  -0.472470  0.000  0.083  0.704  T  d3
  3507   1461.250  -0.806887  -2.023952  0.000  0.083  0.704  T  d3
  3508   1461.667  -1.274514  +1.542683  0.000  0.083  0.704  T  d2
  3509   1462.083  +1.913825  -0.301400  0.000  0.083  0.704  T  d2
  3510   1462.500  -1.894546  -1.266620  0.000  0.108  0.704  T  d3
  3511   1462.917  +0.185615  +2.572098  0.000  0.108  0.704  T  d3
  3512   1463.333  +1.695551  -1.646806  0.000  0.108  0.751  T  d2
  3513   1463.750  -2.055799  +0.131409  0.000  0.108  0.751  T  d2
  3514   1464.167  +1.817233  +1.369316  0.000  0.108  0.751  T  d3
  3515   1464.583  +0.209008  -2.584081  0.000  0.108  0.751  T  d3
  3516   1465.000  -2.458620  +0.567643  0.000  0.108  0.751  T  d3
  3517   1465.417  +0.696923  +2.072199  0.000  0.108  0.751  T  d3
  3518   1465.833  +1.915082  -0.482935  0.000  0.108  0.751  T  d3
  3519   1466.250  -0.309734  -2.000830  0.000  0.108  0.751  T  d3
  3520   1466.667  -2.100481  +0.351792  0.000  0.108  0.751  T  d3
  3521   1467.083  +0.330177  +2.084629  0.000  0.108  0.751  T  d3
  3522   1467.500  +2.136785  -0.389313  0.000  0.110  0.751  T  d3
  3523   1467.917  -0.815085  -2.000536  0.000  0.110  0.751  T  d3
  3524   1468.333  -1.243443  +1.519333  0.000  0.110  0.751  T  d2
  3525   1468.750  +1.891091  -0.302793  0.000  0.110  0.751  T  d2
  3526   1469.167  -1.918412  -1.279227  0.000  0.110  0.751  T  d3
  3527   1469.583  +0.205045  +2.575489  0.000  0.110  0.751  T  d3
  3528   1470.000  +1.713066  -1.709116  0.000  0.110  0.777  T  d2
  3529   1470.417  -2.210852  +0.218362  0.000  0.110  0.777  T  d2
  3530   1470.833  +2.010917  +1.403862  0.000  0.110  0.777  T  d3
  3531   1471.250  -0.238917  -2.622638  0.000  0.110  0.777  T  d3
  3532   1471.667  -1.688862  +1.720725  0.000  0.110  0.777  T  d2
  3533   1472.083  +2.186497  -0.223306  0.000  0.110  0.777  T  d2
  3534   1472.500  -1.959292  -1.364045  0.000  0.140  0.777  P  d3
  3535   1472.917  +0.217551  +2.589052  0.000  0.140  0.777  P  d3
  3536   1473.333  +1.658021  -1.718712  0.000  0.140  0.777  P  d2
  3537   1473.750  -2.171134  +0.231777  0.000  0.140  0.777  P  d2
  3538   1474.167  +2.000887  +1.368737  0.000  0.140  0.777  P  d3
  3539   1474.583  -0.221849  -2.615343  0.000  0.140  0.777  P  d3
  3540   1475.000  -1.724525  +1.654655  0.000  0.140  0.777  P  d2
  3541   1475.417  +2.080315  -0.122928  0.000  0.140  0.777  P  d2
  3542   1475.833  -1.811858  -1.366179  0.000  0.140  0.777  P  d3
  3543   1476.250  -0.212543  +2.586365  0.000  0.140  0.777  P  d3
  3544   1476.667  +2.462088  -0.565820  0.000  0.140  0.815  P  d3
  3545   1477.083  -0.716285  -2.091751  0.000  0.140  0.815  P  d3
  3546   1477.500  -1.912545  +0.476495  0.000  0.141  0.815  P  d3
  3547   1477.917  +0.348208  +2.007615  0.000  0.141  0.815  P  d3
  3548   1478.333  +2.050788  -0.421016  0.000  0.141  0.815  P  d3
  3549   1478.750  -0.428288  -1.992499  0.000  0.141  0.815  P  d3
  3550   1479.167  -1.941067  +0.416605  0.000  0.141  0.815  P  d3
  3551   1479.583  +0.332207  +1.993621  0.000  0.141  0.815  P  d3
  3552   1480.000  +2.031046  -0.404611  0.000  0.141  0.815  P  d3
  3553   1480.417  -0.420249  -1.977940  0.000  0.141  0.815  P  d3
  3554   1480.833  -1.950510  +0.368246  0.000  0.141  0.815  P  d3
  3555   1481.250  +0.362577  +2.037293  0.000  0.141  0.815  P  d3
  3556   1481.667  +1.987761  -0.416548  0.000  0.141  0.815  P  d3
  3557   1482.083  -0.394491  -1.986184  0.000  0.141  0.815  P  d3
  3558   1482.500  -1.985093  +0.348292  0.000  0.170  0.815  P  d3
  3559   1482.917  +0.362082  +2.052218  0.000  0.170  0.815  P  d3
  3560   1483.333  +2.044346  -0.447733  0.000  0.170  0.876  P  d3
  3561   1483.750  -0.423133  -1.978742  0.000  0.170  0.876  P  d3
  3562   1484.167  -1.944321  +0.406683  0.000  0.170  0.876  P  d3
  3563   1484.583  +0.334637  +1.999679  0.000  0.170  0.876  P  d3
  3564   1485.000  +2.027831  -0.408074  0.000  0.170  0.876  P  d3
  3565   1485.417  -0.418869  -1.975256  0.000  0.170  0.876  P  d3
  3566   1485.833  -1.954060  +0.367102  0.000  0.170  0.876  P  d3
  3567   1486.250  +0.364060  +2.038168  0.000  0.170  0.876  P  d3
  3568   1486.667  +1.985759  -0.416204  0.000  0.170  0.876  P  d3
  3569   1487.083  -0.393419  -1.986600  0.000  0.170  0.876  P  d3
  3570   1487.500  -1.985659  +0.349278  0.000  0.167  0.876  P  d3
  3571   1487.917  +0.362077  +2.051721  0.000  0.167  0.876  P  d3
  3572   1488.333  +2.044510  -0.447315  0.000  0.167  0.876  P  d3
  3573   1488.750  -0.423227  -1.978831  0.000  0.167  0.876  P  d3
  3574   1489.167  -1.944076  +0.406347  0.000  0.167  0.876  P  d3
  3575   1489.583  +0.335090  +1.999494  0.000  0.167  0.876  P  d3
  3576   1490.000  +2.028111  -0.407958  0.000  0.167  0.927  P  d3
  3577   1490.417  -0.418893  -1.975215  0.000  0.167  0.927  P  d3
  3578   1490.833  -1.953802  +0.366966  0.000  0.167  0.927  P  d3
  3579   1491.250  +0.363434  +2.038302  0.000  0.167  0.927  P  d3
  3580   1491.667  +1.986178  -0.416554  0.000  0.167  0.927  P  d3
  3581   1492.083  -0.393679  -1.986197  0.000  0.167  0.927  P  d3
  3582   1492.500  -1.985818  +0.348610  0.000  0.193  0.927  P  d3
  3583   1492.917  +0.362478  +2.052209  0.000  0.193  0.927  P  d3
  3584   1493.333  +2.044216  -0.447389  0.000  0.193  0.927  P  d3
  3585   1493.750  -0.423130  -1.978580  0.000  0.193  0.927  P  d3
  3586   1494.167  -1.944410  +0.406339  0.000  0.193  0.927  P  d3
  3587   1494.583  +0.335286  +1.999156  0.000  0.193  0.927  P  d3
  3588   1495.000  +2.028137  -0.408013  0.000  0.193  0.927  P  d3
  3589   1495.417  -0.418931  -1.975016  0.000  0.193  0.927  P  d3
  3590   1495.833  -1.953452  +0.367149  0.000  0.193  0.927  P  d3
  3591   1496.250  +0.363311  +2.038228  0.000  0.193  0.927  P  d3
  3592   1496.667  +1.985853  -0.416427  0.000  0.193  0.983  P  d3
  3593   1497.083  -0.393669  -1.986375  0.000  0.193  0.983  P  d3
  3594   1497.500  -1.985402  +0.348887  0.000  0.146  0.983  P  d3
  3595   1497.917  +0.361783  +2.051800  0.000  0.146  0.983  P  d3
  3596   1498.333  +2.044703  -0.447557  0.000  0.146  0.983  P  d3
  3597   1498.750  -0.422929  -1.978430  0.000  0.146  0.983  P  d3
  3598   1499.167  -1.944321  +0.406690  0.000  0.146  0.983  P  d3
  3599   1499.583  +0.334611  +1.999114  0.000  0.146  0.983  P  d3
  3600   1500.000  +2.028592  -0.408006  0.000  0.146  0.983  P  d3
  3601   1500.417  -0.419382  -1.975282  0.000  0.146  0.983  P  d3
  3602   1500.833  -1.953506  +0.367191  0.000  0.146  0.983  P  d3
  3603   1501.250  +0.363626  +2.037962  0.000  0.146  0.983  P  d3
  3604   1501.667  +1.986328  -0.416406  0.000  0.146  0.983  P  d3
  3605   1502.083  -0.393901  -1.986203  0.000  0.146  0.983  P  d3
  3606   1502.500  -1.985514  +0.348971  0.000  0.161  0.983  P  d3
  3607   1502.917  +0.362183  +2.051953  0.000  0.161  0.983  P  d3
  3608   1503.333  +2.044168  -0.447359  0.000  0.161  1.000  P  d3
  3609   1503.750  -0.423161  -1.978554  0.000  0.161  1.000  P  d3
  3610   1504.167  -1.943903  +0.406774  0.000  0.161  1.000  P  d3
  3611   1504.583  +0.334345  +1.998602  0.000  0.161  1.000  P  d3
  3612   1505.000  +2.028330  -0.407847  0.000  0.161  1.000  P  d3
  3613   1505.417  -0.418585  -1.975509  0.000  0.161  1.000  P  d3
  3614   1505.833  -1.953993  +0.367782  0.000  0.161  1.000  P  d3
  3615   1506.250  +0.363896  +2.037628  0.000  0.161  1.000  P  d3
  3616   1506.667  +1.986101  -0.416425  0.000  0.161  1.000  P  d3
  3617   1507.083  -0.393816  -1.986069  0.000  0.161  1.000  P  d3
  3618   1507.500  -1.985772  +0.348990  0.000  0.121  1.000  P  d3
  3619   1507.917  +0.362188  +2.051809  0.000  0.121  1.000  P  d3
  3620   1508.333  +2.044515  -0.447574  0.000  0.121  1.000  P  d3
  3621   1508.750  -0.422880  -1.978503  0.000  0.121  1.000  P  d3
  3622   1509.167  -1.944454  +0.406849  0.000  0.121  1.000  P  d3
  3623   1509.583  +0.334855  +1.999294  0.000  0.121  1.000  P  d3
  3624   1510.000  +2.027855  -0.408601  0.000  0.121  1.000  P  d3
  3625   1510.417  -0.418465  -1.974964  0.000  0.121  1.000  P  d3
  3626   1510.833  -1.953887  +0.367280  0.000  0.121  1.000  P  d3
  3627   1511.250  +0.363779  +2.037970  0.000  0.121  1.000  P  d3
  3628   1511.667  +1.985677  -0.416441  0.000  0.121  1.000  P  d3
  3629   1512.083  -0.393625  -1.986491  0.000  0.121  1.000  P  d3
  3630   1512.500  -1.985308  +0.348990  0.000  0.064  1.000  T  d3
  3631   1512.917  +0.362349  +2.051903  0.000  0.064  1.000  T  d3
  3632   1513.333  +2.044122  -0.446863  0.000  0.064  1.000  T  d3
  3633   1513.750  -0.423213  -1.979090  0.000  0.064  1.000  T  d3
  3634   1514.167  -1.944079  +0.406653  0.000  0.064  1.000  T  d3
  3635   1514.583  +0.334914  +1.999216  0.000  0.064  1.000  T  d3
  3636   1515.000  +2.027810  -0.407850  0.000  0.064  1.000  T  d3
  3637   1515.417  -0.418539  -1.975301  0.000  0.064  1.000  T  d3
  3638   1515.833  -1.953907  +0.366572  0.000  0.064  1.000  T  d3
  3639   1516.250  +0.363842  +2.038534  0.000  0.064  1.000  T  d3
  3640   1516.667  +1.986339  -0.416053  0.000  0.064  1.000  T  d3
  3641   1517.083  -0.394469  -1.986389  0.000  0.064  1.000  T  d3
  3642   1517.500  -1.985584  +0.348454  0.000  0.050  1.000  T  d3
  3643   1517.917  +0.362772  +2.052020  0.000  0.050  1.000  T  d3
  3644   1518.333  +2.044072  -0.447035  0.000  0.050  1.000  T  d3
  3645   1518.750  -0.423049  -1.978907  0.000  0.050  1.000  T  d3
  3646   1519.167  -1.944449  +0.406346  0.000  0.050  1.000  T  d3
  3647   1519.583  +0.335193  +1.999512  0.000  0.050  1.000  T  d3
  3648   1520.000  +2.028369  -0.407906  0.000  0.050  1.000  T  d3
  3649   1520.417  -0.419335  -1.975541  0.000  0.050  1.000  T  d3
  3650   1520.833  -1.953596  +0.367365  0.000  0.050  1.000  T  d3
  3651   1521.250  +0.363866  +2.038167  0.000  0.050  1.000  T  d3
  3652   1521.667  +1.985777  -0.416526  0.000  0.050  1.000  T  d3
  3653   1522.083  -0.393842  -1.986181  0.000  0.050  1.000  T  d3
  3654   1522.500  -1.985471  +0.348563  0.000  0.066  1.000  T  d3
  3655   1522.917  +0.362242  +2.052139  0.000  0.066  1.000  T  d3
  3656   1523.333  +2.044559  -0.447358  0.000  0.066  1.000  T  d3
  3657   1523.750  -0.423326  -1.978585  0.000  0.066  1.000  T  d3
  3658   1524.167  -1.944197  +0.406571  0.000  0.066  1.000  T  d3
  3659   1524.583  +0.334837  +1.999324  0.000  0.066  1.000  T  d3
  3660   1525.000  +2.027894  -0.408432  0.000  0.066  1.000  T  d3
  3661   1525.417  -0.418486  -1.975241  0.000  0.066  1.000  T  d3
  3662   1525.833  -1.953447  +0.367300  0.000  0.066  1.000  T  d3
  3663   1526.250  +0.363376  +2.037985  0.000  0.066  1.000  T  d3
  3664   1526.667  +1.986087  -0.415663  0.000  0.066  1.000  T  d3
  3665   1527.083  -0.393926  -1.986546  0.000  0.066  1.000  T  d3
  3666   1527.500  -1.985998  +0.348379  0.000  0.091  1.000  T  d3
  3667   1527.917  +0.362727  +2.052063  0.000  0.091  1.000  T  d3
  3668   1528.333  +2.044326  -0.447389  0.000  0.091  1.000  T  d3
  3669   1528.750  -0.423113  -1.978551  0.000  0.091  1.000  T  d3
  3670   1529.167  -1.944423  +0.406508  0.000  0.091  1.000  T  d3
  3671   1529.583  +0.335389  +1.999074  0.000  0.091  1.000  T  d3
  3672   1530.000  +2.028004  -0.407523  0.000  0.091  1.000  T  d3
  3673   1530.417  -0.419159  -1.975363  0.000  0.091  1.000  T  d3
  3674   1530.833  -1.953917  +0.366706  0.000  0.091  1.000  T  d3
  3675   1531.250  +0.364079  +2.038371  0.000  0.091  1.000  T  d3
  3676   1531.667  +1.986214  -0.416341  0.000  0.091  1.000  T  d3
  3677   1532.083  -0.394104  -1.986154  0.000  0.091  1.000  T  d3
  3678   1532.500  -1.985805  +0.348486  0.000  0.258  1.000  P  d3
  3679   1532.917  +0.362487  +2.052192  0.000  0.258  1.000  P  d3
  3680   1533.333  +2.044648  -0.447522  0.000  0.258  1.000  P  d3
  3681   1533.750  -0.423507  -1.978237  0.000  0.258  1.000  P  d3
  3682   1534.167  -1.944320  +0.406207  0.000  0.258  1.000  P  d3
  3683   1534.583  +0.334798  +1.999191  0.000  0.258  1.000  P  d3
  3684   1535.000  +2.028824  -0.408148  0.000  0.258  1.000  P  d3
  3685   1535.417  -0.419313  -1.975160  0.000  0.258  1.000  P  d3
  3686   1535.833  -1.953634  +0.367238  0.000  0.258  1.000  P  d3
  3687   1536.250  +0.363905  +2.038064  0.000  0.258  1.000  P  d3
  3688   1536.667  +1.985782  -0.416085  0.000  0.258  1.000  P  d3
  3689   1537.083  -0.394010  -1.986269  0.000  0.258  1.000  P  d3
  3690   1537.500  -1.985388  +0.348287  0.000  0.833  1.000  P  d3
  3691   1537.917  +0.362323  +2.052282  0.000  0.833  1.000  P  d3
  3692   1538.333  +2.044419  -0.447254  0.000  0.833  1.000  P  d3
  3693   1538.750  -0.423420  -1.978635  0.000  0.833  1.000  P  d3
  3694   1539.167  -1.944199  +0.406126  0.000  0.833  1.000  P  d3
  3695   1539.583  +0.335057  +1.999586  0.000  0.833  1.000  P  d3
  3696   1540.000  +2.028038  -0.407998  0.000  0.833  1.000  P  d3
  3697   1540.417  -0.418796  -1.975739  0.000  0.833  1.000  P  d3
  3698   1540.833  -1.953502  +0.367535  0.000  0.833  1.000  P  d3
  3699   1541.250  +0.363736  +2.038143  0.000  0.833  1.000  P  d3
  3700   1541.667  +1.985537  -0.416103  0.000  0.833  1.000  P  d3
  3701   1542.083  -0.393659  -1.986768  0.000  0.833  1.000  P  d3
  3702   1542.500  -1.985509  +0.348886  0.000  0.833  1.000  P  d3
  3703   1542.917  +0.362122  +2.052075  0.000  0.833  1.000  P  d3
  3704   1543.333  +2.044779  -0.447474  0.000  0.833  1.000  P  d3
  3705   1543.750  -0.423212  -1.978335  0.000  0.833  1.000  P  d3
  3706   1544.167  -1.944834  +0.406407  0.000  0.833  1.000  P  d3
  3707   1544.583  +0.335496  +1.999082  0.000  0.833  1.000  P  d3
  3708   1545.000  +2.028142  -0.407849  0.000  0.833  1.000  P  d3
  3709   1545.417  -0.419334  -1.975256  0.000  0.833  1.000  P  d3
  3710   1545.833  -1.953636  +0.366824  0.000  0.833  1.000  P  d3
  3711   1546.250  +0.364206  +2.038388  0.000  0.833  1.000  P  d3
  3712   1546.667  +1.985336  -0.416283  0.000  0.833  1.000  P  d3
  3713   1547.083  -0.393378  -1.986708  0.000  0.833  1.000  P  d3
  3714   1547.500  -1.985450  +0.348893  0.000  0.833  1.000  P  d3
  3715   1547.917  +0.362138  +2.052565  0.000  0.833  1.000  P  d3
  3716   1548.333  +2.044325  -0.447834  0.000  0.833  1.000  P  d3
  3717   1548.750  -0.423282  -1.978637  0.000  0.833  1.000  P  d3
  3718   1549.167  -1.944058  +0.406728  0.000  0.833  1.000  P  d3
  3719   1549.583  +0.334986  +1.999292  0.000  0.833  1.000  P  d3
  3720   1550.000  +2.027800  -0.407990  0.000  0.833  1.000  P  d3
  3721   1550.417  -0.418874  -1.975726  0.000  0.833  1.000  P  d3
  3722   1550.833  -1.953511  +0.367450  0.000  0.833  1.000  P  d3
  3723   1551.250  +0.363475  +2.037882  0.000  0.833  1.000  P  d3
  3724   1551.667  +1.986412  -0.416110  0.000  0.833  1.000  P  d3
  3725   1552.083  -0.393858  -1.986309  0.000  0.833  1.000  P  d3
  3726   1552.500  -1.985794  +0.348495  0.000  0.834  1.000  P  d3
  3727   1552.917  +0.362477  +2.052291  0.000  0.834  1.000  P  d3
  3728   1553.333  +2.044248  -0.447092  0.000  0.834  1.000  P  d3
  3729   1553.750  -0.423204  -1.979039  0.000  0.834  1.000  P  d3
  3730   1554.167  -1.944491  +0.406681  0.000  0.834  1.000  P  d3
  3731   1554.583  +0.335364  +1.999182  0.000  0.834  1.000  P  d3
  3732   1555.000  +2.028048  -0.408014  0.000  0.834  1.000  P  d3
  3733   1555.417  -0.418987  -1.975333  0.000  0.834  1.000  P  d3
  3734   1555.833  -1.953801  +0.367112  0.000  0.834  1.000  P  d3
  3735   1556.250  +0.364031  +2.038146  0.000  0.834  1.000  P  d3
  3736   1556.667  +1.985880  -0.416239  0.000  0.834  1.000  P  d3
  3737   1557.083  -0.394204  -1.986207  0.000  0.834  1.000  P  d3
  3738   1557.500  -1.985159  +0.348535  0.000  0.834  1.000  P  d3
  3739   1557.917  +0.362133  +2.052228  0.000  0.834  1.000  P  d3
  3740   1558.333  +2.044492  -0.447599  0.000  0.834  1.000  P  d3
  3741   1558.750  -0.423068  -1.978558  0.000  0.834  1.000  P  d3
  3742   1559.167  -1.944590  +0.406668  0.000  0.834  1.000  P  d3
  3743   1559.583  +0.334928  +1.999231  0.000  0.834  1.000  P  d3
  3744   1560.000  +2.028425  -0.408211  0.000  0.834  1.000  P  d3
  3745   1560.417  -0.419040  -1.975161  0.000  0.834  1.000  P  d3
  3746   1560.833  -1.953926  +0.367029  0.000  0.834  1.000  P  d3
  3747   1561.250  +0.364245  +2.037805  0.000  0.834  1.000  P  d3
  3748   1561.667  +1.985946  -0.415539  0.000  0.834  1.000  P  d3
  3749   1562.083  -0.394061  -1.986684  0.000  0.834  1.000  P  d3
  3750   1562.500  -1.985710  +0.348755  0.000  0.834  1.000  P  d3
  3751   1562.917  +0.362562  +2.052234  0.000  0.834  1.000  P  d3
  3752   1563.333  +2.044184  -0.447645  0.000  0.834  1.000  P  d3
  3753   1563.750  -0.423555  -1.978495  0.000  0.834  1.000  P  d3
  3754   1564.167  -1.943402  +0.406057  0.000  0.834  1.000  P  d3
  3755   1564.583  +0.334371  +1.999699  0.000  0.834  1.000  P  d3
  3756   1565.000  +2.028596  -0.407804  0.000  0.834  1.000  P  d3
  3757   1565.417  -0.419268  -1.975668  0.000  0.834  1.000  P  d3
  3758   1565.833  -1.953648  +0.367338  0.000  0.834  1.000  P  d3
  3759   1566.250  +0.363592  +2.038118  0.000  0.834  1.000  P  d3
  3760   1566.667  +1.986050  -0.416419  0.000  0.834  1.000  P  d3
  3761   1567.083  -0.393850  -1.986565  0.000  0.834  1.000  P  d3
  3762   1567.500  -1.985408  +0.348904  0.000  0.834  1.000  P  d3
  3763   1567.917  +0.362371  +2.051907  0.000  0.834  1.000  P  d3
  3764   1568.333  +2.044419  -0.446947  0.000  0.834  1.000  P  d3
  3765   1568.750  -0.422799  -1.978605  0.000  0.834  1.000  P  d3
  3766   1569.167  -1.945258  +0.406491  0.000  0.834  1.000  P  d3
  3767   1569.583  +0.335217  +1.999154  0.000  0.834  1.000  P  d3
  3768   1570.000  +2.028554  -0.408201  0.000  0.834  1.000  P  d3
  3769   1570.417  -0.419358  -1.975173  0.000  0.834  1.000  P  d3
  3770   1570.833  -1.953691  +0.367162  0.000  0.834  1.000  P  d3
  3771   1571.250  +0.364053  +2.038002  0.000  0.834  1.000  P  d3
  3772   1571.667  +1.985650  -0.416437  0.000  0.834  1.000  P  d3
  3773   1572.083  -0.393308  -1.986337  0.000  0.834  1.000  P  d3
  3774   1572.500  -1.985813  +0.349097  0.000  0.833  1.000  P  d3
  3775   1572.917  +0.362400  +2.052041  0.000  0.833  1.000  P  d3
  3776   1573.333  +2.044057  -0.447397  0.000  0.833  1.000  P  d3
  3777   1573.750  -0.422933  -1.978688  0.000  0.833  1.000  P  d3
  3778   1574.167  -1.944330  +0.406305  0.000  0.833  1.000  P  d3
  3779   1574.583  +0.334777  +1.999533  0.000  0.833  1.000  P  d3
  3780   1575.000  +2.028208  -0.408051  0.000  0.833  1.000  P  d3
  3781   1575.417  -0.418816  -1.975540  0.000  0.833  1.000  P  d3
  3782   1575.833  -1.953697  +0.367506  0.000  0.833  1.000  P  d3
  3783   1576.250  +0.363882  +2.037635  0.000  0.833  1.000  P  d3
  3784   1576.667  +1.985787  -0.416083  0.000  0.833  1.000  P  d3
  3785   1577.083  -0.393801  -1.986276  0.000  0.833  1.000  P  d3
  3786   1577.500  -1.985579  +0.348827  0.000  0.833  1.000  P  d3
  3787   1577.917  +0.362463  +2.052022  0.000  0.833  1.000  P  d3
  3788   1578.333  +2.044317  -0.447307  0.000  0.833  1.000  P  d3
  3789   1578.750  -0.423282  -1.978721  0.000  0.833  1.000  P  d3
  3790   1579.167  -1.944286  +0.406730  0.000  0.833  1.000  P  d3
  3791   1579.583  +0.334589  +1.998927  0.000  0.833  1.000  P  d3
  3792   1580.000  +2.028488  -0.408005  0.000  0.833  1.000  P  d3
  3793   1580.417  -0.418636  -1.975537  0.000  0.833  1.000  P  d3
  3794   1580.833  -1.953849  +0.367490  0.000  0.833  1.000  P  d3
  3795   1581.250  +0.363834  +2.038236  0.000  0.833  1.000  P  d3
  3796   1581.667  +1.985807  -0.416452  0.000  0.833  1.000  P  d3
  3797   1582.083  -0.394110  -1.986308  0.000  0.833  1.000  P  d3
  3798   1582.500  -1.985303  +0.348809  0.000  0.833  1.000  P  d3
  3799   1582.917  +0.362519  +2.051883  0.000  0.833  1.000  P  d3
  3800   1583.333  +2.044217  -0.447443  0.000  0.833  1.000  P  d3
  3801   1583.750  -0.423322  -1.978571  0.000  0.833  1.000  P  d3
  3802   1584.167  -1.943916  +0.406761  0.000  0.833  1.000  P  d3
  3803   1584.583  +0.334738  +1.999593  0.000  0.833  1.000  P  d3
  3804   1585.000  +2.027867  -0.408635  0.000  0.833  1.000  P  d3
  3805   1585.417  -0.418907  -1.975451  0.000  0.833  1.000  P  d3
  3806   1585.833  -1.953308  +0.367366  0.000  0.833  1.000  P  d3
  3807   1586.250  +0.363918  +2.038235  0.000  0.833  1.000  P  d3
  3808   1586.667  +1.985511  -0.416172  0.000  0.833  1.000  P  d3
  3809   1587.083  -0.393909  -1.986532  0.000  0.833  1.000  P  d3
  3810   1587.500  -1.985483  +0.348625  0.000  0.833  1.000  P  d3
  3811   1587.917  +0.362449  +2.052169  0.000  0.833  1.000  P  d3
  3812   1588.333  +2.044783  -0.447303  0.000  0.833  1.000  P  d3
  3813   1588.750  -0.423948  -1.978653  0.000  0.833  1.000  P  d3
  3814   1589.167  -1.943914  +0.406331  0.000  0.833  1.000  P  d3
  3815   1589.583  +0.334802  +1.999352  0.000  0.833  1.000  P  d3
  3816   1590.000  +2.028634  -0.407899  0.000  0.833  1.000  P  d3
  3817   1590.417  -0.419195  -1.975472  0.000  0.833  1.000  P  d3
  3818   1590.833  -1.953742  +0.367688  0.000  0.833  1.000  P  d3
  3819   1591.250  +0.363735  +2.037605  0.000  0.833  1.000  P  d3
  3820   1591.667  +1.985580  -0.416422  0.000  0.833  1.000  P  d3
  3821   1592.083  -0.393566  -1.985823  0.000  0.833  1.000  P  d3
  3822   1592.500  -1.985229  +0.348347  0.000  0.833  1.000  P  d3
  3823   1592.917  +0.361860  +2.051855  0.000  0.833  1.000  P  d3
  3824   1593.333  +2.044878  -0.447008  0.000  0.833  1.000  P  d3
  3825   1593.750  -0.423619  -1.978666  0.000  0.833  1.000  P  d3
  3826   1594.167  -1.944112  +0.406402  0.000  0.833  1.000  P  d3
  3827   1594.583  +0.334711  +1.999430  0.000  0.833  1.000  P  d3
  3828   1595.000  +2.028763  -0.408031  0.000  0.833  1.000  P  d3
  3829   1595.417  -0.419300  -1.975555  0.000  0.833  1.000  P  d3
  3830   1595.833  -1.953754  +0.367235  0.000  0.833  1.000  P  d3
  3831   1596.250  +0.363625  +2.038370  0.000  0.833  1.000  P  d3
  3832   1596.667  +1.986295  -0.416749  0.000  0.833  1.000  P  d3
  3833   1597.083  -0.393832  -1.985784  0.000  0.833  1.000  P  d3
  3834   1597.500  -1.986026  +0.348614  0.000  0.833  1.000  P  d3
  3835   1597.917  +0.362581  +2.051764  0.000  0.833  1.000  P  d3
  3836   1598.333  +2.044648  -0.447427  0.000  0.833  1.000  P  d3
  3837   1598.750  -0.423407  -1.978247  0.000  0.833  1.000  P  d3
  3838   1599.167  -1.944349  +0.406484  0.000  0.833  1.000  P  d3
  3839   1599.583  +0.334652  +1.999039  0.000  0.833  1.000  P  d3
  3840   1600.000  +2.028588  -0.408123  0.000  0.833  1.000  P  d3
  3841   1600.417  -0.418771  -1.975269  0.000  0.833  1.000  P  d3
  3842   1600.833  -1.954132  +0.367280  0.000  0.833  1.000  P  d3
  3843   1601.250  +0.364216  +2.037822  0.000  0.833  1.000  P  d3
  3844   1601.667  +1.985970  -0.415659  0.000  0.833  1.000  P  d3
  3845   1602.083  -0.394088  -1.986504  0.000  0.833  1.000  P  d3
  3846   1602.500  -1.985858  +0.348804  0.000  0.833  1.000  P  d3
  3847   1602.917  +0.362279  +2.051620  0.000  0.833  1.000  P  d3
  3848   1603.333  +2.044630  -0.447627  0.000  0.833  1.000  P  d3
  3849   1603.750  -0.422342  -1.978101  0.000  0.833  1.000  P  d3
  3850   1604.167  -1.945249  +0.406843  0.000  0.833  1.000  P  d3
  3851   1604.583  +0.334908  +1.998823  0.000  0.833  1.000  P  d3
  3852   1605.000  +2.028402  -0.408065  0.000  0.833  1.000  P  d3
  3853   1605.417  -0.419268  -1.975182  0.000  0.833  1.000  P  d3
  3854   1605.833  -1.953116  +0.367160  0.000  0.833  1.000  P  d3
  3855   1606.250  +0.363468  +2.037533  0.000  0.833  1.000  P  d3
  3856   1606.667  +1.986086  -0.415632  0.000  0.833  1.000  P  d3
  3857   1607.083  -0.393696  -1.986275  0.000  0.833  1.000  P  d3
  3858   1607.500  -1.985925  +0.348361  0.000  0.834  1.000  P  d3
  3859   1607.917  +0.362528  +2.052310  0.000  0.834  1.000  P  d3
  3860   1608.333  +2.044278  -0.447319  0.000  0.834  1.000  P  d3
  3861   1608.750  -0.423376  -1.978676  0.000  0.834  1.000  P  d3
  3862   1609.167  -1.944018  +0.406345  0.000  0.834  1.000  P  d3
  3863   1609.583  +0.334881  +1.999178  0.000  0.834  1.000  P  d3
  3864   1610.000  +2.028348  -0.407988  0.000  0.834  1.000  P  d3
  3865   1610.417  -0.418878  -1.974963  0.000  0.834  1.000  P  d3
  3866   1610.833  -1.954064  +0.367237  0.000  0.834  1.000  P  d3
  3867   1611.250  +0.363815  +2.037685  0.000  0.834  1.000  P  d3
  3868   1611.667  +1.985723  -0.416187  0.000  0.834  1.000  P  d3
  3869   1612.083  -0.393517  -1.986371  0.000  0.834  1.000  P  d3
  3870   1612.500  -1.985297  +0.348376  0.000  0.834  1.000  P  d3
  3871   1612.917  +0.362315  +2.052567  0.000  0.834  1.000  P  d3
  3872   1613.333  +2.043981  -0.447190  0.000  0.834  1.000  P  d3
  3873   1613.750  -0.423018  -1.978794  0.000  0.834  1.000  P  d3
  3874   1614.167  -1.944358  +0.406288  0.000  0.834  1.000  P  d3
  3875   1614.583  +0.335074  +1.999522  0.000  0.834  1.000  P  d3
  3876   1615.000  +2.028081  -0.408260  0.000  0.834  1.000  P  d3
  3877   1615.417  -0.419029  -1.975200  0.000  0.834  1.000  P  d3
  3878   1615.833  -1.953508  +0.367294  0.000  0.834  1.000  P  d3
  3879   1616.250  +0.363526  +2.037900  0.000  0.834  1.000  P  d3
  3880   1616.667  +1.986025  -0.416221  0.000  0.834  1.000  P  d3
  3881   1617.083  -0.393654  -1.986532  0.000  0.834  1.000  P  d3
  3882   1617.500  -1.985902  +0.348678  0.000  0.834  1.000  P  d3
  3883   1617.917  +0.362874  +2.052495  0.000  0.834  1.000  P  d3
  3884   1618.333  +2.044233  -0.447557  0.000  0.834  1.000  P  d3
  3885   1618.750  -0.423287  -1.978639  0.000  0.834  1.000  P  d3
  3886   1619.167  -1.944581  +0.406579  0.000  0.834  1.000  P  d3
  3887   1619.583  +0.335150  +1.999387  0.000  0.834  1.000  P  d3
  3888   1620.000  +2.028385  -0.408180  0.000  0.834  1.000  P  d3
  3889   1620.417  -0.419304  -1.975414  0.000  0.834  1.000  P  d3
  3890   1620.833  -1.953515  +0.367016  0.000  0.834  1.000  P  d3
  3891   1621.250  +0.363758  +2.038448  0.000  0.834  1.000  P  d3
  3892   1621.667  +1.986051  -0.416421  0.000  0.834  1.000  P  d3
  3893   1622.083  -0.393990  -1.986309  0.000  0.834  1.000  P  d3
  3894   1622.500  -1.985589  +0.348882  0.000  0.833  1.000  P  d3
  3895   1622.917  +0.362512  +2.051694  0.000  0.833  1.000  P  d3
  3896   1623.333  +2.044292  -0.447135  0.000  0.833  1.000  P  d3
  3897   1623.750  -0.423361  -1.978564  0.000  0.833  1.000  P  d3
  3898   1624.167  -1.944426  +0.406230  0.000  0.833  1.000  P  d3
  3899   1624.583  +0.335620  +1.999311  0.000  0.833  1.000  P  d3
  3900   1625.000  +2.027927  -0.407773  0.000  0.833  1.000  P  d3
  3901   1625.417  -0.419088  -1.975273  0.000  0.833  1.000  P  d3
  3902   1625.833  -1.953750  +0.366912  0.000  0.833  1.000  P  d3
  3903   1626.250  +0.363833  +2.038107  0.000  0.833  1.000  P  d3
  3904   1626.667  +1.985827  -0.416157  0.000  0.833  1.000  P  d3
  3905   1627.083  -0.393712  -1.986405  0.000  0.833  1.000  P  d3
  3906   1627.500  -1.985412  +0.348773  0.000  0.833  1.000  P  d3
  3907   1627.917  +0.362281  +2.051983  0.000  0.833  1.000  P  d3
  3908   1628.333  +2.044353  -0.447107  0.000  0.833  1.000  P  d3
  3909   1628.750  -0.423564  -1.978670  0.000  0.833  1.000  P  d3
  3910   1629.167  -1.944005  +0.406113  0.000  0.833  1.000  P  d3
  3911   1629.583  +0.334910  +1.999431  0.000  0.833  1.000  P  d3
  3912   1630.000  +2.028403  -0.407865  0.000  0.833  1.000  P  d3
  3913   1630.417  -0.419050  -1.975328  0.000  0.833  1.000  P  d3
  3914   1630.833  -1.953928  +0.367217  0.000  0.833  1.000  P  d3
  3915   1631.250  +0.363993  +2.037767  0.000  0.833  1.000  P  d3
  3916   1631.667  +1.985520  -0.416226  0.000  0.833  1.000  P  d3
  3917   1632.083  -0.393237  -1.986125  0.000  0.833  1.000  P  d3
  3918   1632.500  -1.985523  +0.348698  0.000  0.833  1.000  P  d3
  3919   1632.917  +0.362168  +2.052004  0.000  0.833  1.000  P  d3
  3920   1633.333  +2.044102  -0.447296  0.000  0.833  1.000  P  d3
  3921   1633.750  -0.423294  -1.978298  0.000  0.833  1.000  P  d3
  3922   1634.167  -1.943919  +0.405981  0.000  0.833  1.000  P  d3
  3923   1634.583  +0.334768  +1.998959  0.000  0.833  1.000  P  d3
  3924   1635.000  +2.028465  -0.407297  0.000  0.833  1.000  P  d3
  3925   1635.417  -0.418925  -1.975596  0.000  0.833  1.000  P  d3
  3926   1635.833  -1.954300  +0.367472  0.000  0.833  1.000  P  d3
  3927   1636.250  +0.364052  +2.037544  0.000  0.833  1.000  P  d3
  3928   1636.667  +1.986241  -0.416060  0.000  0.833  1.000  P  d3
  3929   1637.083  -0.393882  -1.986274  0.000  0.833  1.000  P  d3
  3930   1637.500  -1.986002  +0.348690  0.000  0.833  1.000  P  d3
  3931   1637.917  +0.362747  +2.052165  0.000  0.833  1.000  P  d3
  3932   1638.333  +2.044434  -0.447496  0.000  0.833  1.000  P  d3
  3933   1638.750  -0.423532  -1.978401  0.000  0.833  1.000  P  d3
  3934   1639.167  -1.944160  +0.406388  0.000  0.833  1.000  P  d3
  3935   1639.583  +0.334906  +1.998916  0.000  0.833  1.000  P  d3
  3936   1640.000  +2.028062  -0.407619  0.000  0.833  1.000  P  d3
  3937   1640.417  -0.418653  -1.975308  0.000  0.833  1.000  P  d3
  3938   1640.833  -1.953645  +0.366757  0.000  0.833  1.000  P  d3
  3939   1641.250  +0.363476  +2.038478  0.000  0.833  1.000  P  d3
  3940   1641.667  +1.986214  -0.416588  0.000  0.833  1.000  P  d3
  3941   1642.083  -0.393931  -1.986032  0.000  0.833  1.000  P  d3
  3942   1642.500  -1.985498  +0.348832  0.000  0.833  1.000  P  d3
  3943   1642.917  +0.362076  +2.052027  0.000  0.833  1.000  P  d3
  3944   1643.333  +2.044382  -0.447849  0.000  0.833  1.000  P  d3
  3945   1643.750  -0.422668  -1.978087  0.000  0.833  1.000  P  d3
  3946   1644.167  -1.944881  +0.406322  0.000  0.833  1.000  P  d3
  3947   1644.583  +0.334665  +1.999296  0.000  0.833  1.000  P  d3
  3948   1645.000  +2.028962  -0.408372  0.000  0.833  1.000  P  d3
  3949   1645.417  -0.419052  -1.975202  0.000  0.833  1.000  P  d3
  3950   1645.833  -1.953859  +0.367446  0.000  0.833  1.000  P  d3
  3951   1646.250  +0.363822  +2.038123  0.000  0.833  1.000  P  d3
  3952   1646.667  +1.985785  -0.416473  0.000  0.833  1.000  P  d3
  3953   1647.083  -0.393622  -1.986266  0.000  0.833  1.000  P  d3
  3954   1647.500  -1.985777  +0.348590  0.000  0.833  1.000  P  d3
  3955   1647.917  +0.362470  +2.052413  0.000  0.833  1.000  P  d3
  3956   1648.333  +2.044228  -0.447799  0.000  0.833  1.000  P  d3
  3957   1648.750  -0.422833  -1.978321  0.000  0.833  1.000  P  d3
  3958   1649.167  -1.944567  +0.406679  0.000  0.833  1.000  P  d3
  3959   1649.583  +0.334602  +1.998909  0.000  0.833  1.000  P  d3
  3960   1650.000  +2.028757  -0.407854  0.000  0.833  1.000  P  d3
  3961   1650.417  -0.419533  -1.975402  0.000  0.833  1.000  P  d3
  3962   1650.833  -1.953270  +0.366818  0.000  0.833  1.000  P  d3
  3963   1651.250  +0.363913  +2.038110  0.000  0.833  1.000  P  d3
  3964   1651.667  +1.985785  -0.415905  0.000  0.833  1.000  P  d3
  3965   1652.083  -0.393424  -1.986352  0.000  0.833  1.000  P  d3
  3966   1652.500  -1.986188  +0.349106  0.000  0.833  1.000  P  d3
  3967   1652.917  +0.362588  +2.051823  0.000  0.833  1.000  P  d3
  3968   1653.333  +2.044162  -0.447690  0.000  0.833  1.000  P  d3
  3969   1653.750  -0.422947  -1.978186  0.000  0.833  1.000  P  d3
  3970   1654.167  -1.944797  +0.405997  0.000  0.833  1.000  P  d3
  3971   1654.583  +0.335058  +1.999242  0.000  0.833  1.000  P  d3
  3972   1655.000  +2.029019  -0.407791  0.000  0.833  1.000  P  d3
  3973   1655.417  -0.419301  -1.975236  0.000  0.833  1.000  P  d3
  3974   1655.833  -1.954052  +0.367111  0.000  0.833  1.000  P  d3
  3975   1656.250  +0.363871  +2.038215  0.000  0.833  1.000  P  d3
  3976   1656.667  +1.986278  -0.416584  0.000  0.833  1.000  P  d3
  3977   1657.083  -0.394262  -1.985812  0.000  0.833  1.000  P  d3
  3978   1657.500  -1.985617  +0.348354  0.000  0.833  1.000  P  d3
  3979   1657.917  +0.362672  +2.051828  0.000  0.833  1.000  P  d3
  3980   1658.333  +2.044198  -0.447061  0.000  0.833  1.000  P  d3
  3981   1658.750  -0.423087  -1.978479  0.000  0.833  1.000  P  d3
  3982   1659.167  -1.944459  +0.406145  0.000  0.833  1.000  P  d3
  3983   1659.583  +0.335066  +1.999440  0.000  0.833  1.000  P  d3
  3984   1660.000  +2.028433  -0.408119  0.000  0.833  1.000  P  d3
  3985   1660.417  -0.419226  -1.975262  0.000  0.833  1.000  P  d3
  3986   1660.833  -1.953753  +0.367339  0.000  0.833  1.000  P  d3
  3987   1661.250  +0.363965  +2.037942  0.000  0.833  1.000  P  d3
  3988   1661.667  +1.985733  -0.416165  0.000  0.833  1.000  P  d3
  3989   1662.083  -0.393795  -1.986749  0.000  0.833  1.000  P  d3
  3990   1662.500  -1.985403  +0.349305  0.000  0.833  1.000  P  d3
  3991   1662.917  +0.362443  +2.051842  0.000  0.833  1.000  P  d3
  3992   1663.333  +2.044166  -0.447423  0.000  0.833  1.000  P  d3
  3993   1663.750  -0.423259  -1.978354  0.000  0.833  1.000  P  d3
  3994   1664.167  -1.944603  +0.406250  0.000  0.833  1.000  P  d3
  3995   1664.583  +0.335304  +1.998958  0.000  0.833  1.000  P  d3
  3996   1665.000  +2.028362  -0.407671  0.000  0.833  1.000  P  d3
  3997   1665.417  -0.418961  -1.975345  0.000  0.833  1.000  P  d3
  3998   1665.833  -1.953856  +0.367190  0.000  0.833  1.000  P  d3
  3999   1666.250  +0.363451  +2.037973  0.000  0.833  1.000  P  d3
  4000   1666.667  +1.986340  -0.416418  0.000  0.833  1.000  P  d3
  4001   1667.083  -0.393538  -1.986081  0.000  0.833  1.000  P  d3
  4002   1667.500  -1.985887  +0.348826  0.000  0.833  1.000  P  d3
  4003   1667.917  +0.362418  +2.051793  0.000  0.833  1.000  P  d3
  4004   1668.333  +2.044366  -0.446928  0.000  0.833  1.000  P  d3
  4005   1668.750  -0.423541  -1.978732  0.000  0.833  1.000  P  d3
  4006   1669.167  -1.944209  +0.406337  0.000  0.833  1.000  P  d3
  4007   1669.583  +0.335005  +1.998952  0.000  0.833  1.000  P  d3
  4008   1670.000  +2.028343  -0.407813  0.000  0.833  1.000  P  d3
  4009   1670.417  -0.418913  -1.975137  0.000  0.833  1.000  P  d3
  4010   1670.833  -1.953747  +0.367137  0.000  0.833  1.000  P  d3
  4011   1671.250  +0.363723  +2.037856  0.000  0.833  1.000  P  d3
  4012   1671.667  +1.985984  -0.416121  0.000  0.833  1.000  P  d3
  4013   1672.083  -0.393791  -1.986315  0.000  0.833  1.000  P  d3
  4014   1672.500  -1.985884  +0.348989  0.000  0.833  1.000  P  d3
  4015   1672.917  +0.362667  +2.051615  0.000  0.833  1.000  P  d3
  4016   1673.333  +2.044381  -0.447229  0.000  0.833  1.000  P  d3
  4017   1673.750  -0.423385  -1.978644  0.000  0.833  1.000  P  d3
  4018   1674.167  -1.944018  +0.406303  0.000  0.833  1.000  P  d3
  4019   1674.583  +0.334809  +1.999935  0.000  0.833  1.000  P  d3
  4020   1675.000  +2.028022  -0.408180  0.000  0.833  1.000  P  d3
  4021   1675.417  -0.418936  -1.975772  0.000  0.833  1.000  P  d3
  4022   1675.833  -1.953566  +0.367021  0.000  0.833  1.000  P  d3
  4023   1676.250  +0.363709  +2.038508  0.000  0.833  1.000  P  d3
  4024   1676.667  +1.986183  -0.416369  0.000  0.833  1.000  P  d3
  4025   1677.083  -0.393826  -1.986093  0.000  0.833  1.000  P  d3
  4026   1677.500  -1.985801  +0.348518  0.000  0.833  1.000  P  d3
  4027   1677.917  +0.362110  +2.052112  0.000  0.833  1.000  P  d3
  4028   1678.333  +2.044564  -0.447596  0.000  0.833  1.000  P  d3
  4029   1678.750  -0.423044  -1.978440  0.000  0.833  1.000  P  d3
  4030   1679.167  -1.944264  +0.406600  0.000  0.833  1.000  P  d3
  4031   1679.583  +0.334725  +1.999008  0.000  0.833  1.000  P  d3
  4032   1680.000  +2.028476  -0.407796  0.000  0.833  1.000  P  d3
  4033   1680.417  -0.419134  -1.975413  0.000  0.833  1.000  P  d3
  4034   1680.833  -1.953751  +0.367327  0.000  0.833  1.000  P  d3
  4035   1681.250  +0.363740  +2.037457  0.000  0.833  1.000  P  d3
  4036   1681.667  +1.986273  -0.415329  0.000  0.833  1.000  P  d3
  4037   1682.083  -0.394048  -1.986618  0.000  0.833  1.000  P  d3
  4038   1682.500  -1.985937  +0.348147  0.000  0.833  1.000  P  d3
  4039   1682.917  +0.362893  +2.052621  0.000  0.833  1.000  P  d3
  4040   1683.333  +2.044313  -0.447654  0.000  0.833  1.000  P  d3
  4041   1683.750  -0.423482  -1.978432  0.000  0.833  1.000  P  d3
  4042   1684.167  -1.944144  +0.406460  0.000  0.833  1.000  P  d3
  4043   1684.583  +0.335036  +1.999477  0.000  0.833  1.000  P  d3
  4044   1685.000  +2.028018  -0.408478  0.000  0.833  1.000  P  d3
  4045   1685.417  -0.418740  -1.975196  0.000  0.833  1.000  P  d3
  4046   1685.833  -1.953688  +0.367287  0.000  0.833  1.000  P  d3
  4047   1686.250  +0.363354  +2.038397  0.000  0.833  1.000  P  d3
  4048   1686.667  +1.986490  -0.416732  0.000  0.833  1.000  P  d3
  4049   1687.083  -0.394149  -1.986357  0.000  0.833  1.000  P  d3
  4050   1687.500  -1.985549  +0.349183  0.000  0.833  1.000  P  d3
  4051   1687.917  +0.362245  +2.051736  0.000  0.833  1.000  P  d3
  4052   1688.333  +2.044640  -0.447237  0.000  0.833  1.000  P  d3
  4053   1688.750  -0.423632  -1.978889  0.000  0.833  1.000  P  d3
  4054   1689.167  -1.944073  +0.406588  0.000  0.833  1.000  P  d3
  4055   1689.583  +0.335328  +1.999133  0.000  0.833  1.000  P  d3
  4056   1690.000  +2.028125  -0.407772  0.000  0.833  1.000  P  d3
  4057   1690.417  -0.419282  -1.975184  0.000  0.833  1.000  P  d3
  4058   1690.833  -1.953522  +0.367080  0.000  0.833  1.000  P  d3
  4059   1691.250  +0.363742  +2.038154  0.000  0.833  1.000  P  d3
  4060   1691.667  +1.985493  -0.416427  0.000  0.833  1.000  P  d3
  4061   1692.083  -0.393522  -1.986518  0.000  0.833  1.000  P  d3
  4062   1692.500  -1.985211  +0.348850  0.000  0.833  1.000  P  d3
  4063   1692.917  +0.362256  +2.052068  0.000  0.833  1.000  P  d3
  4064   1693.333  +2.044240  -0.447353  0.000  0.833  1.000  P  d3
  4065   1693.750  -0.423310  -1.978249  0.000  0.833  1.000  P  d3
  4066   1694.167  -1.944390  +0.406243  0.000  0.833  1.000  P  d3
  4067   1694.583  +0.335277  +1.999335  0.000  0.833  1.000  P  d3
  4068   1695.000  +2.027975  -0.408325  0.000  0.833  1.000  P  d3
  4069   1695.417  -0.419302  -1.975121  0.000  0.833  1.000  P  d3
  4070   1695.833  -1.953143  +0.366765  0.000  0.833  1.000  P  d3
  4071   1696.250  +0.363569  +2.038487  0.000  0.833  1.000  P  d3
  4072   1696.667  +1.986302  -0.416161  0.000  0.833  1.000  P  d3
  4073   1697.083  -0.394155  -1.986726  0.000  0.833  1.000  P  d3
  4074   1697.500  -1.985416  +0.349148  0.000  0.833  1.000  P  d3
  4075   1697.917  +0.362109  +2.052175  0.000  0.833  1.000  P  d3
  4076   1698.333  +2.044529  -0.447811  0.000  0.833  1.000  P  d3
  4077   1698.750  -0.423313  -1.978422  0.000  0.833  1.000  P  d3
  4078   1699.167  -1.944247  +0.406480  0.000  0.833  1.000  P  d3
  4079   1699.583  +0.334974  +1.999415  0.000  0.833  1.000  P  d3
  4080   1700.000  +2.028000  -0.408383  0.000  0.833  1.000  P  d3
  4081   1700.417  -0.418718  -1.975069  0.000  0.833  1.000  P  d3
  4082   1700.833  -1.953638  +0.367029  0.000  0.833  1.000  P  d3
  4083   1701.250  +0.363447  +2.038399  0.000  0.833  1.000  P  d3
  4084   1701.667  +1.986105  -0.416572  0.000  0.833  1.000  P  d3
  4085   1702.083  -0.393723  -1.986708  0.000  0.833  1.000  P  d3
  4086   1702.500  -1.985368  +0.349404  0.000  0.833  1.000  P  d3
  4087   1702.917  +0.362112  +2.051807  0.000  0.833  1.000  P  d3
  4088   1703.333  +2.044276  -0.447157  0.000  0.833  1.000  P  d3
  4089   1703.750  -0.423082  -1.978714  0.000  0.833  1.000  P  d3
  4090   1704.167  -1.944523  +0.406424  0.000  0.833  1.000  P  d3
  4091   1704.583  +0.335098  +1.999048  0.000  0.833  1.000  P  d3
  4092   1705.000  +2.028182  -0.407719  0.000  0.833  1.000  P  d3
  4093   1705.417  -0.418939  -1.975528  0.000  0.833  1.000  P  d3
  4094   1705.833  -1.953521  +0.367277  0.000  0.833  1.000  P  d3
  4095   1706.250  +0.363821  +2.038068  0.000  0.833  1.000  P  d3
  4096   1706.667  +1.985715  -0.416302  0.000  0.833  1.000  P  d3
  4097   1707.083  -0.394078  -1.986133  0.000  0.833  1.000  P  d3
  4098   1707.500  -1.985094  +0.348534  0.000  0.834  1.000  P  d3
  4099   1707.917  +0.362274  +2.052237  0.000  0.834  1.000  P  d3
  4100   1708.333  +2.044036  -0.447483  0.000  0.834  1.000  P  d3
  4101   1708.750  -0.423014  -1.978645  0.000  0.834  1.000  P  d3
  4102   1709.167  -1.944176  +0.406605  0.000  0.834  1.000  P  d3
  4103   1709.583  +0.334502  +1.998959  0.000  0.834  1.000  P  d3
  4104   1710.000  +2.028605  -0.407745  0.000  0.834  1.000  P  d3
  4105   1710.417  -0.419033  -1.975506  0.000  0.834  1.000  P  d3
  4106   1710.833  -1.953651  +0.366954  0.000  0.834  1.000  P  d3
  4107   1711.250  +0.364112  +2.038473  0.000  0.834  1.000  P  d3
  4108   1711.667  +1.985711  -0.416244  0.000  0.834  1.000  P  d3
  4109   1712.083  -0.393788  -1.986268  0.000  0.834  1.000  P  d3
  4110   1712.500  -1.985852  +0.348936  0.000  0.834  1.000  P  d3
  4111   1712.917  +0.362060  +2.051831  0.000  0.834  1.000  P  d3
  4112   1713.333  +2.044657  -0.447768  0.000  0.834  1.000  P  d3
  4113   1713.750  -0.422994  -1.978367  0.000  0.834  1.000  P  d3
  4114   1714.167  -1.944547  +0.406436  0.000  0.834  1.000  P  d3
  4115   1714.583  +0.335370  +1.999473  0.000  0.834  1.000  P  d3
  4116   1715.000  +2.027890  -0.408316  0.000  0.834  1.000  P  d3
  4117   1715.417  -0.419160  -1.975191  0.000  0.834  1.000  P  d3
  4118   1715.833  -1.953351  +0.367370  0.000  0.834  1.000  P  d3
  4119   1716.250  +0.363747  +2.037661  0.000  0.834  1.000  P  d3
  4120   1716.667  +1.985926  -0.415873  0.000  0.834  1.000  P  d3
  4121   1717.083  -0.393916  -1.986318  0.000  0.834  1.000  P  d3
  4122   1717.500  -1.985436  +0.348318  0.000  0.834  1.000  P  d3
  4123   1717.917  +0.362347  +2.052088  0.000  0.834  1.000  P  d3
  4124   1718.333  +2.044157  -0.446648  0.000  0.834  1.000  P  d3
  4125   1718.750  -0.423056  -1.979037  0.000  0.834  1.000  P  d3
  4126   1719.167  -1.944154  +0.406348  0.000  0.834  1.000  P  d3
  4127   1719.583  +0.334488  +1.999491  0.000  0.834  1.000  P  d3
  4128   1720.000  +2.028472  -0.407946  0.000  0.834  1.000  P  d3
  4129   1720.417  -0.419076  -1.975957  0.000  0.834  1.000  P  d3
  4130   1720.833  -1.953751  +0.367636  0.000  0.834  1.000  P  d3
  4131   1721.250  +0.364150  +2.037940  0.000  0.834  1.000  P  d3
  4132   1721.667  +1.985955  -0.416106  0.000  0.834  1.000  P  d3
  4133   1722.083  -0.394097  -1.986314  0.000  0.834  1.000  P  d3
  4134   1722.500  -1.985637  +0.348302  0.000  0.833  1.000  P  d3
  4135   1722.917  +0.362563  +2.052642  0.000  0.833  1.000  P  d3
  4136   1723.333  +2.044238  -0.447680  0.000  0.833  1.000  P  d3
  4137   1723.750  -0.422994  -1.978548  0.000  0.833  1.000  P  d3
  4138   1724.167  -1.944371  +0.406804  0.000  0.833  1.000  P  d3
  4139   1724.583  +0.334496  +1.998904  0.000  0.833  1.000  P  d3
  4140   1725.000  +2.028688  -0.408221  0.000  0.833  1.000  P  d3
  4141   1725.417  -0.419139  -1.975021  0.000  0.833  1.000  P  d3
  4142   1725.833  -1.953353  +0.367192  0.000  0.833  1.000  P  d3
  4143   1726.250  +0.363428  +2.037970  0.000  0.833  1.000  P  d3
  4144   1726.667  +1.985977  -0.416137  0.000  0.833  1.000  P  d3
  4145   1727.083  -0.393946  -1.986329  0.000  0.833  1.000  P  d3
  4146   1727.500  -1.985418  +0.348613  0.000  0.833  1.000  P  d3
  4147   1727.917  +0.362349  +2.052108  0.000  0.833  1.000  P  d3
  4148   1728.333  +2.044452  -0.447448  0.000  0.833  1.000  P  d3
  4149   1728.750  -0.423663  -1.978469  0.000  0.833  1.000  P  d3
  4150   1729.167  -1.943964  +0.406244  0.000  0.833  1.000  P  d3
  4151   1729.583  +0.335315  +1.999158  0.000  0.833  1.000  P  d3
  4152   1730.000  +2.028141  -0.407466  0.000  0.833  1.000  P  d3
  4153   1730.417  -0.419475  -1.975469  0.000  0.833  1.000  P  d3
  4154   1730.833  -1.953652  +0.366781  0.000  0.833  1.000  P  d3
  4155   1731.250  +0.364201  +2.038427  0.000  0.833  1.000  P  d3
  4156   1731.667  +1.985889  -0.416103  0.000  0.833  1.000  P  d3
  4157   1732.083  -0.394406  -1.986596  0.000  0.833  1.000  P  d3
  4158   1732.500  -1.985112  +0.348414  0.000  0.833  1.000  P  d3
  4159   1732.917  +0.362561  +2.052373  0.000  0.833  1.000  P  d3
  4160   1733.333  +2.043935  -0.447001  0.000  0.833  1.000  P  d3
  4161   1733.750  -0.423247  -1.978866  0.000  0.833  1.000  P  d3
  4162   1734.167  -1.944075  +0.406045  0.000  0.833  1.000  P  d3
  4163   1734.583  +0.334895  +1.999226  0.000  0.833  1.000  P  d3
  4164   1735.000  +2.028660  -0.407356  0.000  0.833  1.000  P  d3
  4165   1735.417  -0.419359  -1.975513  0.000  0.833  1.000  P  d3
  4166   1735.833  -1.953629  +0.367233  0.000  0.833  1.000  P  d3
  4167   1736.250  +0.363415  +2.038021  0.000  0.833  1.000  P  d3
  4168   1736.667  +1.986211  -0.416467  0.000  0.833  1.000  P  d3
  4169   1737.083  -0.393921  -1.986276  0.000  0.833  1.000  P  d3
  4170   1737.500  -1.985673  +0.348959  0.000  0.124  1.000  P  d3
  4171   1737.917  +0.362697  +2.051702  0.000  0.124  1.000  P  d3
  4172   1738.333  +2.044410  -0.447410  0.000  0.124  1.000  P  d3
  4173   1738.750  -0.423379  -1.978296  0.000  0.124  1.000  P  d3
  4174   1739.167  -1.944437  +0.406396  0.000  0.124  1.000  P  d3
  4175   1739.583  +0.334983  +1.999304  0.000  0.124  1.000  P  d3
  4176   1740.000  +2.028519  -0.408024  0.000  0.124  1.000  P  d3
  4177   1740.417  -0.419205  -1.975561  0.000  0.124  1.000  P  d3
  4178   1740.833  -1.953426  +0.367692  0.000  0.124  1.000  P  d3
  4179   1741.250  +0.363343  +2.037649  0.000  0.124  1.000  P  d3
  4180   1741.667  +1.986125  -0.416073  0.000  0.124  1.000  P  d3
  4181   1742.083  -0.393895  -1.986002  0.000  0.124  1.000  P  d3
  4182   1742.500  -1.985757  +0.347964  0.000  0.115  1.000  T  d3
  4183   1742.917  +0.362643  +2.052069  0.000  0.115  1.000  T  d3
  4184   1743.333  +2.044428  -0.446704  0.000  0.115  1.000  T  d3
  4185   1743.750  -0.423201  -1.979030  0.000  0.115  1.000  T  d3
  4186   1744.167  -1.944688  +0.406353  0.000  0.115  1.000  T  d3
  4187   1744.583  +0.335600  +1.999689  0.000  0.115  1.000  T  d3
  4188   1745.000  +2.027965  -0.407988  0.000  0.115  1.000  T  d3
  4189   1745.417  -0.419444  -1.975465  0.000  0.115  1.000  T  d3
  4190   1745.833  -1.953487  +0.366695  0.000  0.115  1.000  T  d3
  4191   1746.250  +0.364200  +2.038655  0.000  0.115  1.000  T  d3
  4192   1746.667  +1.985783  -0.416519  0.000  0.115  1.000  T  d3
  4193   1747.083  -0.394040  -1.986178  0.000  0.115  1.000  T  d3
  4194   1747.500  -1.985355  +0.348647  0.000  0.045  1.000  T  d3
  4195   1747.917  +0.362171  +2.052094  0.000  0.045  1.000  T  d3
  4196   1748.333  +2.044259  -0.447448  0.000  0.045  1.000  T  d3
  4197   1748.750  -0.422875  -1.978458  0.000  0.045  1.000  T  d3
  4198   1749.167  -1.944597  +0.406670  0.000  0.045  1.000  T  d3
  4199   1749.583  +0.335064  +1.998801  0.000  0.045  1.000  T  d3
  4200   1750.000  +2.028273  -0.407960  0.000  0.045  1.000  T  d3
  4201   1750.417  -0.419106  -1.975330  0.000  0.045  1.000  T  d3
  4202   1750.833  -1.953600  +0.367363  0.000  0.045  1.000  T  d3
  4203   1751.250  +0.363854  +2.038212  0.000  0.045  1.000  T  d3
  4204   1751.667  +1.985933  -0.416774  0.000  0.045  1.000  T  d3
  4205   1752.083  -0.393883  -1.986052  0.000  0.045  1.000  T  d3
  4206   1752.500  -1.985591  +0.348950  0.000  0.000  1.000  T  d3
  4207   1752.917  +0.362524  +2.051989  0.000  0.000  1.000  T  d3
  4208   1753.333  +2.044252  -0.447531  0.000  0.000  1.000  T  d3
  4209   1753.750  -0.423490  -1.978470  0.000  0.000  1.000  T  d3
  4210   1754.167  -1.944205  +0.406586  0.000  0.000  1.000  T  d3
  4211   1754.583  +0.335266  +1.998961  0.000  0.000  1.000  T  d3
  4212   1755.000  +2.027700  -0.408109  0.000  0.000  1.000  T  d3
  4213   1755.417  -0.418771  -1.975185  0.000  0.000  1.000  T  d3
  4214   1755.833  -1.953258  +0.367080  0.000  0.000  1.000  T  d3
  4215   1756.250  +0.363840  +2.038213  0.000  0.000  1.000  T  d3
  4216   1756.667  +1.985465  -0.416075  0.000  0.000  1.000  T  d3
  4217   1757.083  -0.393661  -1.986412  0.000  0.000  1.000  T  d3
  4218   1757.500  -1.985679  +0.348606  0.000  0.000  1.000  T  d3
  4219   1757.917  +0.362540  +2.052030  0.000  0.000  1.000  T  d3
  4220   1758.333  +2.044232  -0.447029  0.000  0.000  1.000  T  d3
  4221   1758.750  -0.423352  -1.978609  0.000  0.000  1.000  T  d3
  4222   1759.167  -1.944378  +0.406211  0.000  0.000  1.000  T  d3
  4223   1759.583  +0.334813  +1.998978  0.000  0.000  1.000  T  d3
  4224   1760.000  +2.028732  -0.407986  0.000  0.000  1.000  T  d3
  4225   1760.417  -0.418823  -1.975016  0.000  0.000  1.000  T  d3
  4226   1760.833  -1.953958  +0.367048  0.000  0.000  1.000  T  d3
  4227   1761.250  +0.363666  +2.038147  0.000  0.000  1.000  T  d3
  4228   1761.667  +1.985978  -0.416143  0.000  0.000  1.000  T  d3
  4229   1762.083  -0.393616  -1.986654  0.000  0.000  1.000  T  d3
  4230   1762.500  -1.985718  +0.349076  0.000  0.000  1.000  T  d3
  4231   1762.917  +0.362493  +2.052085  0.000  0.000  1.000  T  d3
  4232   1763.333  +2.044089  -0.447457  0.000  0.000  1.000  T  d3
  4233   1763.750  -0.423189  -1.978624  0.000  0.000  1.000  T  d3
  4234   1764.167  -1.944590  +0.406580  0.000  0.000  1.000  T  d3
  4235   1764.583  +0.335366  +1.998712  0.000  0.000  1.000  T  d3
  4236   1765.000  +2.028419  -0.407677  0.000  0.000  1.000  T  d3
  4237   1765.417  -0.419183  -1.975162  0.000  0.000  1.000  T  d3
  4238   1765.833  -1.953848  +0.367133  0.000  0.000  1.000  T  d3
  4239   1766.250  +0.363978  +2.038066  0.000  0.000  1.000  T  d3
  4240   1766.667  +1.985810  -0.416270  0.000  0.000  1.000  T  d3
  4241   1767.083  -0.393777  -1.986931  0.000  0.000  1.000  T  d3
  4242   1767.500  -1.985444  +0.349572  0.000  0.000  1.000  T  d3
  4243   1767.917  +0.362269  +2.051960  0.000  0.000  1.000  T  d3
  4244   1768.333  +2.044334  -0.447508  0.000  0.000  1.000  T  d3
  4245   1768.750  -0.423362  -1.978561  0.000  0.000  1.000  T  d3
  4246   1769.167  -1.944331  +0.406255  0.000  0.000  1.000  T  d3
  4247   1769.583  +0.335104  +1.999294  0.000  0.000  1.000  T  d3
  4248   1770.000  +2.028389  -0.407875  0.000  0.000  0.991  T  d3
  4249   1770.417  -0.419049  -1.975635  0.000  0.000  0.991  T  d3
  4250   1770.833  -1.953741  +0.367571  0.000  0.000  0.991  T  d3
  4251   1771.250  +0.363819  +2.038109  0.000  0.000  0.991  T  d3
  4252   1771.667  +1.985987  -0.416492  0.000  0.000  0.991  T  d3
  4253   1772.083  -0.394046  -1.986198  0.000  0.000  0.991  T  d3
  4254   1772.500  -1.985576  +0.348777  0.000  0.162  0.991  P  d3
  4255   1772.917  +0.362499  +2.051852  0.000  0.162  0.991  P  d3
  4256   1773.333  +2.044450  -0.447080  0.000  0.162  0.991  P  d3
  4257   1773.750  -0.423626  -1.978768  0.000  0.162  0.991  P  d3
  4258   1774.167  -1.944130  +0.406371  0.000  0.162  0.991  P  d3
  4259   1774.583  +0.335148  +1.999068  0.000  0.162  0.991  P  d3
  4260   1775.000  +2.028175  -0.407618  0.000  0.162  0.991  P  d3
  4261   1775.417  -0.419027  -1.975693  0.000  0.162  0.991  P  d3
  4262   1775.833  -1.953499  +0.367594  0.000  0.162  0.991  P  d3
  4263   1776.250  +0.363589  +2.037963  0.000  0.162  0.991  P  d3
  4264   1776.667  +1.986125  -0.416469  0.000  0.162  0.974  P  d3
  4265   1777.083  -0.393924  -1.986201  0.000  0.162  0.974  P  d3
  4266   1777.500  -1.985875  +0.348968  0.000  0.280  0.974  P  d3
  4267   1777.917  +0.362699  +2.051798  0.000  0.280  0.974  P  d3
  4268   1778.333  +2.044258  -0.447251  0.000  0.280  0.974  P  d3
  4269   1778.750  -0.423210  -1.978822  0.000  0.280  0.974  P  d3
  4270   1779.167  -1.944362  +0.406593  0.000  0.280  0.974  P  d3
  4271   1779.583  +0.335150  +1.999307  0.000  0.280  0.974  P  d3
  4272   1780.000  +2.028043  -0.408040  0.000  0.280  0.974  P  d3
  4273   1780.417  -0.418884  -1.975104  0.000  0.280  0.974  P  d3
  4274   1780.833  -1.953778  +0.367033  0.000  0.280  0.974  P  d3
  4275   1781.250  +0.363596  +2.037871  0.000  0.280  0.974  P  d3
  4276   1781.667  +1.986081  -0.415953  0.000  0.280  0.974  P  d3
  4277   1782.083  -0.393649  -1.986762  0.000  0.280  0.974  P  d3
  4278   1782.500  -1.985772  +0.349177  0.000  0.360  0.974  P  d3
  4279   1782.917  +0.362330  +2.052340  0.000  0.360  0.974  P  d3
  4280   1783.333  +2.044304  -0.448026  0.000  0.360  0.936  P  d3
  4281   1783.750  -0.423595  -1.978517  0.000  0.360  0.936  P  d3
  4282   1784.167  -1.943571  +0.406179  0.000  0.360  0.936  P  d3
  4283   1784.583  +0.334658  +1.999389  0.000  0.360  0.936  P  d3
  4284   1785.000  +2.028583  -0.408445  0.000  0.360  0.936  P  d3
  4285   1785.417  -0.418586  -1.975243  0.000  0.360  0.936  P  d3
  4286   1785.833  -1.953622  +0.367492  0.000  0.360  0.936  P  d3
  4287   1786.250  +0.364095  +2.038279  0.000  0.360  0.936  P  d3
  4288   1786.667  +1.985718  -0.416012  0.000  0.360  0.936  P  d3
  4289   1787.083  -0.393946  -1.985992  0.000  0.360  0.936  P  d3
  4290   1787.500  -1.985839  +0.349253  0.000  0.416  0.936  P  d3
  4291   1787.917  +0.361808  +2.052334  0.000  0.416  0.936  P  d3
  4292   1788.333  +2.043910  -0.446887  0.000  0.416  0.936  P  d3
  4293   1788.750  -0.424090  -1.978745  0.000  0.416  0.936  P  d3
  4294   1789.167  -1.945032  +0.406386  0.000  0.416  0.936  P  d3
  4295   1789.583  +0.334549  +1.998659  0.000  0.416  0.936  P  d3
  4296   1790.000  +2.027841  -0.408888  0.000  0.416  0.880  P  d3
  4297   1790.417  -0.418904  -1.976655  0.000  0.416  0.880  P  d3
  4298   1790.833  -1.952713  +0.366033  0.000  0.416  0.880  P  d3
  4299   1791.250  +0.365019  +2.036362  0.000  0.416  0.880  P  d3
  4300   1791.667  +1.987836  -0.417263  0.000  0.416  0.880  P  d3
  4301   1792.083  -0.391295  -1.987019  0.000  0.416  0.880  P  d3
  4302   1792.500  -1.983314  +0.348489  0.000  0.454  0.880  P  d3
  4303   1792.917  +0.364823  +2.053293  0.000  0.454  0.880  P  d3
  4304   1793.333  +2.046181  -0.444784  0.000  0.454  0.880  P  d3
  4305   1793.750  -0.423240  -1.974685  0.000  0.454  0.880  P  d3
  4306   1794.167  -1.946126  +0.411242  0.000  0.454  0.880  P  d3
  4307   1794.583  +0.331195  +2.005730  0.000  0.454  0.880  P  d3
  4308   1795.000  +2.020141  -0.402996  0.000  0.454  0.880  P  d3
  4309   1795.417  -0.426798  -1.967471  0.000  0.454  0.880  P  d3
  4310   1795.833  -1.970647  +0.366570  0.000  0.454  0.880  P  d3
  4311   1796.250  +0.357306  +2.046570  0.000  0.454  0.880  P  d3
  4312   1796.667  +1.955246  -0.433226  0.000  0.454  0.824  P  d3
  4313   1797.083  -0.377952  -1.967531  0.000  0.454  0.824  P  d3
  4314   1797.500  -2.004843  +0.315654  0.000  0.479  0.824  P  d3
  4315   1797.917  +1.126060  +1.767355  0.000  0.479  0.824  P  d3
  4316   1798.333  +1.227762  -1.648064  0.000  0.479  0.824  P  d2
  4317   1798.750  -2.441583  +1.217771  0.000  0.479  0.824  P  d2
  4318   1799.167  +2.583646  +0.770275  0.000  0.479  0.824  P  d3
  4319   1799.583  -0.576563  -2.708496  0.000  0.479  0.824  P  d3
  4320   1800.000  -1.856614  +0.826848  0.000  0.479  0.824  P  d3
  4321   1800.417  +0.312012  +1.674905  0.000  0.479  0.824  P  d3
  4322   1800.833  +2.075361  -0.191967  0.000  0.479  0.824  P  d3
  4323   1801.250  -0.444819  -2.156875  0.000  0.479  0.824  P  d3
  4324   1801.667  -1.893369  +0.478529  0.000  0.479  0.824  P  d3
  4325   1802.083  +0.334469  +1.957868  0.000  0.479  0.824  P  d3
  4326   1802.500  +2.043386  -0.339193  0.000  0.492  0.824  P  d3
  4327   1802.917  -0.397926  -2.040819  0.000  0.492  0.824  P  d3
  4328   1803.333  -2.018766  +0.436696  0.016  0.492  0.773  P  d3
  4329   1803.750  +0.407013  +1.997466  0.016  0.492  0.773  P  d3
  4330   1804.167  +1.949218  -0.419780  0.016  0.492  0.773  P  d3
  4331   1804.583  -0.337942  -1.985297  0.031  0.492  0.773  P  d3
  4332   1805.000  -2.032936  +0.398495  0.031  0.492  0.773  P  d3
  4333   1805.417  +0.421799  +1.980723  0.031  0.492  0.773  P  d3
  4334   1805.833  +1.948343  -0.372992  0.031  0.492  0.773  P  d3
  4335   1806.250  -0.347594  -2.035491  0.031  0.492  0.773  P  d3
  4336   1806.667  -2.009791  +0.399881  0.031  0.492  0.773  P  d3
  4337   1807.083  +0.331952  +1.994508  0.031  0.492  0.773  P  d3
  4338   1807.500  +2.069759  -0.333173  0.031  0.497  0.773  P  d3
  4339   1807.917  -0.572605  -2.042460  0.031  0.497  0.773  P  d3
  4340   1808.333  -1.668820  +0.951153  0.031  0.497  0.773  P  d3
  4341   1808.750  +1.099723  +0.880148  0.031  0.497  0.773  P  d3
  4342   1809.167  +0.121000  -0.818073  0.031  0.497  0.773  P  d2
  4343   1809.583  -0.293251  +0.263909  0.031  0.497  0.773  P  d2
  4344   1810.000  +0.214076  -0.079323  0.031  0.497  0.725  P  d2
  4345   1810.417  -0.139835  -0.041141  0.031  0.497  0.725  P  d2
  4346   1810.833  +0.035901  +0.052612  0.031  0.497  0.725  P  d2
  4347   1811.250  -0.012029  -0.012530  0.031  0.497  0.725  P  d2
  4348   1811.667  +0.008569  +0.005939  0.031  0.497  0.725  P  d2
  4349   1812.083  -0.005458  -0.001169  0.031  0.497  0.725  P  d2
  4350   1812.500  +0.003804  +0.001581  0.031  0.492  0.725  P  d2
  4351   1812.917  -0.001984  +0.000546  0.047  0.492  0.725  P  d2
  4352   1813.333  +0.001524  -0.000365  0.047  0.492  0.725  P  d2
  4353   1813.750  -0.000509  +0.000290  0.062  0.492  0.725  P  d2
  4354   1814.167  +0.000278  -0.000663  0.062  0.492  0.725  P  d1
  4355   1814.583  +0.000531  +0.000211  0.062  0.492  0.725  P  d3
  4356   1815.000  -0.000204  -0.000770  0.062  0.492  0.725  P  d1
  4357   1815.417  +0.000197  +0.000028  0.078  0.492  0.725  P  d3
  4358   1815.833  +0.000040  -0.000288  0.078  0.492  0.725  P  d3
  4359   1816.250  -0.000038  -0.000039  0.078  0.492  0.725  P  d0
  4360   1816.667  -0.000223  -0.000112  0.078  0.492  0.661  P  d1
  4361   1817.083  +0.000250  -0.000086  0.078  0.492  0.661  P  d2
  4362   1817.500  -0.000056  +0.000013  0.078  0.477  0.661  P  d0
  4363   1817.917  -0.000210  +0.000139  0.078  0.477  0.661  P  d3
  4364   1818.333  +0.000072  +0.000466  0.094  0.477  0.661  P  d2
  4365   1818.750  +0.000107  -0.000197  0.094  0.477  0.661  P  d3
  4366   1819.167  -0.000409  -0.000065  0.109  0.477  0.661  P  d3
  4367   1819.583  +0.000163  +0.000365  0.109  0.477  0.661  P  d2
  4368   1820.000  -0.000082  -0.000507  0.109  0.477  0.661  P  d2
  4369   1820.417  +0.000129  +0.000391  0.109  0.477  0.661  P  d3
  4370   1820.833  +0.000212  -0.000052  0.125  0.477  0.661  P  d2
  4371   1821.250  -0.000367  -0.000064  0.125  0.477  0.661  P  d2
  4372   1821.667  +0.000174  +0.000014  0.125  0.477  0.661  P  d3
  4373   1822.083  -0.000075  -0.000143  0.125  0.477  0.661  P  d1
  4374   1822.500  +0.000248  -0.000023  0.125  0.451  0.661  P  d2
  4375   1822.917  -0.000070  -0.000046  0.125  0.451  0.661  P  d3
  4376   1823.333  -0.000108  +0.000138  0.125  0.451  0.601  P  d2
  4377   1823.750  +0.000268  -0.000075  0.141  0.451  0.601  P  d2
  4378   1824.167  -0.000228  +0.000134  0.141  0.451  0.601  P  d3
  4379   1824.583  +0.000143  +0.000294  0.141  0.451  0.601  P  d2
  4380   1825.000  -0.000338  -0.000517  0.141  0.451  0.601  P  d2
  4381   1825.417  +0.000066  +0.000294  0.141  0.451  0.601  P  d2
  4382   1825.833  +0.000001  -0.000210  0.141  0.451  0.601  P  d0
  4383   1826.250  -0.000100  -0.000115  0.141  0.451  0.601  P  d2
  4384   1826.667  +0.000244  +0.000083  0.141  0.451  0.601  P  d0
  4385   1827.083  +0.000273  +0.000051  0.141  0.451  0.601  P  d2
  4386   1827.500  -0.000237  -0.000010  0.141  0.411  0.601  P  d3
  4387   1827.917  -0.000112  +0.000209  0.141  0.411  0.601  P  d2
  4388   1828.333  +0.000077  -0.000103  0.141  0.411  0.601  P  d0
  4389   1828.750  +0.000077  -0.000146  0.141  0.411  0.601  P  d2
  4390   1829.167  -0.000092  +0.000232  0.156  0.411  0.601  P  d3
  4391   1829.583  +0.000028  +0.000023  0.156  0.411  0.601  P  d2
  4392   1830.000  -0.000244  -0.000163  0.141  0.411  0.554  P  d2
  4393   1830.417  +0.000266  -0.000033  0.141  0.411  0.554  P  d2
  4394   1830.833  -0.000237  +0.000027  0.141  0.411  0.554  P  d2
  4395   1831.250  +0.000176  +0.000017  0.125  0.411  0.554  P  d0
  4396   1831.667  +0.000199  -0.000011  0.125  0.411  0.554  P  d2
  4397   1832.083  -0.000129  +0.000006  0.125  0.411  0.554  P  d0
  4398   1832.500  -0.000387  +0.000086  0.125  0.354  0.554  P  d2
  4399   1832.917  +0.000324  -0.000358  0.125  0.354  0.554  P  d1
  4400   1833.333  +0.000185  +0.000268  0.125  0.354  0.554  P  d1
  4401   1833.750  -0.000148  +0.000080  0.125  0.354  0.554  P  d0
  4402   1834.167  -0.000133  +0.000184  0.125  0.354  0.554  P  d2
  4403   1834.583  +0.000002  -0.000464  0.125  0.354  0.554  P  d1
  4404   1835.000  +0.000215  +0.000208  0.125  0.354  0.554  P  d2
  4405   1835.417  -0.000083  -0.000160  0.141  0.354  0.554  P  d2
  4406   1835.833  +0.000094  +0.000444  0.156  0.354  0.554  P  d2
  4407   1836.250  -0.000262  -0.000289  0.156  0.354  0.554  P  d2
  4408   1836.667  +0.000015  +0.000025  0.156  0.354  0.554  P  d0
  4409   1837.083  +0.000006  +0.000002  0.156  0.354  0.554  P  d3
  4410   1837.500  +0.000201  -0.000129  0.156  0.257  0.554  P  d3
  4411   1837.917  -0.000071  -0.000066  0.156  0.257  0.554  P  d2
  4412   1838.333  +0.000060  +0.000394  0.172  0.257  0.554  P  d1
  4413   1838.750  -0.000181  -0.000128  0.172  0.257  0.554  P  d1
  4414   1839.167  +0.000103  -0.000435  0.172  0.257  0.554  P  d2
  4415   1839.583  +0.000029  +0.000613  0.156  0.257  0.554  P  d2
  4416   1840.000  +0.000029  -0.000240  0.156  0.257  0.554  P  d3
  4417   1840.417  -0.000195  -0.000111  0.141  0.257  0.554  P  d2
  4418   1840.833  +0.000110  +0.000121  0.141  0.257  0.554  P  d3
  4419   1841.250  +0.000226  -0.000064  0.156  0.257  0.554  P  d2
  4420   1841.667  -0.000399  +0.000085  0.156  0.257  0.554  P  d2
  4421   1842.083  +0.000059  -0.000049  0.141  0.257  0.554  P  d0
  4422   1842.500  +0.000300  +0.000002  0.156  0.133  0.554  P  d2
  4423   1842.917  -0.000359  -0.000160  0.156  0.133  0.554  P  d1
  4424   1843.333  +0.000240  -0.000099  0.156  0.133  0.532  P  d1
  4425   1843.750  -0.000004  +0.000367  0.156  0.133  0.532  P  d3
  4426   1844.167  +0.000259  -0.000062  0.156  0.133  0.532  P  d2
  4427   1844.583  -0.000363  +0.000007  0.156  0.133  0.532  P  d2
  4428   1845.000  +0.000131  -0.000050  0.141  0.133  0.532  P  d2
  4429   1845.417  -0.000254  +0.000151  0.141  0.133  0.532  P  d2
  4430   1845.833  +0.000257  -0.000268  0.125  0.133  0.532  P  d2
  4431   1846.250  -0.000339  +0.000056  0.125  0.133  0.532  P  d2
  4432   1846.667  +0.000365  +0.000106  0.125  0.133  0.532  P  d3
  4433   1847.083  +0.000070  -0.000130  0.125  0.133  0.532  P  d2
  4434   1847.500  -0.000011  +0.000054  0.109  0.000  0.532  T  d1
  4435   1847.917  -0.000451  +0.000113  0.109  0.000  0.532  T  d2
  4436   1848.333  +0.000110  -0.000038  0.109  0.000  0.532  T  d0
  4437   1848.750  +0.000186  -0.000106  0.109  0.000  0.532  T  d0
  4438   1849.167  +0.000084  -0.000009  0.125  0.000  0.532  T  d3
  4439   1849.583  +0.000060  -0.000095  0.141  0.000  0.532  T  d2
  4440   1850.000  -0.000210  +0.000055  0.141  0.000  0.524  T  d3
  4441   1850.417  +0.000012  +0.000306  0.125  0.000  0.524  T  d2
  4442   1850.833  +0.000206  -0.000415  0.125  0.000  0.524  T  d2
  4443   1851.250  -0.000032  +0.000167  0.125  0.000  0.524  T  d0
  4444   1851.667  -0.000207  +0.000406  0.125  0.000  0.524  T  d2
  4445   1852.083  -0.000048  -0.000392  0.125  0.000  0.524  T  d1
  4446   1852.500  +0.000301  -0.000057  0.125  0.000  0.524  T  d2
  4447   1852.917  -0.000256  +0.000074  0.125  0.000  0.524  T  d3
  4448   1853.333  +0.000100  +0.000204  0.125  0.000  0.524  T  d2
  4449   1853.750  -0.000270  -0.000309  0.125  0.000  0.524  T  d1
  4450   1854.167  +0.000182  -0.000038  0.125  0.000  0.524  T  d0
  4451   1854.583  +0.000338  +0.000011  0.125  0.000  0.524  T  d2
  4452   1855.000  -0.000225  +0.000097  0.125  0.000  0.524  T  d3
  4453   1855.417  -0.000000  +0.000154  0.125  0.000  0.524  T  d0
  4454   1855.833  +0.000056  +0.000128  0.109  0.000  0.524  T  d2
  4455   1856.250  -0.000081  -0.000269  0.125  0.000  0.524  T  d3
  4456   1856.667  -0.000210  +0.000027  0.125  0.000  0.515  T  d3
  4457   1857.083  +0.000028  +0.000063  0.125  0.000  0.515  T  d2
  4458   1857.500  +0.000102  -0.000422  0.141  0.000  0.515  T  d1
  4459   1857.917  +0.000472  +0.000344  0.141  0.000  0.515  T  d1
  4460   1858.333  -0.000405  +0.000336  0.141  0.000  0.515  T  d1
  4461   1858.750  -0.000139  -0.000231  0.141  0.000  0.515  T  d1
  4462   1859.167  +0.000132  -0.000375  0.141  0.000  0.515  T  d2
  4463   1859.583  -0.000026  +0.000154  0.141  0.000  0.515  T  d3
  4464   1860.000  +0.000412  +0.000373  0.141  0.000  0.515  T  d2
  4465   1860.417  -0.000790  -0.000043  0.141  0.000  0.515  T  d2
  4466   1860.833  +0.000281  -0.000088  0.141  0.000  0.515  T  d3
  4467   1861.250  +0.000093  -0.000510  0.141  0.000  0.515  T  d1
  4468   1861.667  +0.000274  +0.000219  0.141  0.000  0.515  T  d1
  4469   1862.083  -0.000036  +0.000193  0.141  0.000  0.515  T  d0
  4470   1862.500  -0.000120  +0.000154  0.125  0.000  0.515  T  d0
  4471   1862.917  -0.000198  +0.000053  0.125  0.000  0.515  T  d1
  4472   1863.333  -0.000100  -0.000082  0.125  0.000  0.506  T  d1
  4473   1863.750  +0.000430  -0.000458  0.125  0.000  0.506  T  d2
  4474   1864.167  -0.000376  +0.000511  0.141  0.000  0.506  T  d2
  4475   1864.583  +0.000212  -0.000286  0.141  0.000  0.506  T  d2
  4476   1865.000  -0.000120  +0.000120  0.125  0.000  0.506  T  d3
  4477   1865.417  +0.000102  +0.000101  0.125  0.000  0.506  T  d2
  4478   1865.833  -0.000055  -0.000347  0.125  0.000  0.506  T  d2
  4479   1866.250  -0.000102  +0.000207  0.125  0.000  0.506  T  d3
  4480   1866.667  +0.000364  -0.000015  0.125  0.000  0.506  T  d3
  4481   1867.083  -0.000010  -0.000024  0.125  0.000  0.506  T  d3
  4482   1867.500  -0.000478  +0.000393  0.125  0.000  0.506  T  d2
  4483   1867.917  +0.000216  -0.000515  0.109  0.000  0.506  T  d1
  4484   1868.333  +0.000107  +0.000239  0.109  0.000  0.506  T  d2
  4485   1868.750  -0.000072  -0.000150  0.109  0.000  0.506  T  d2
  4486   1869.167  -0.000012  +0.000108  0.094  0.000  0.506  T  d0
  4487   1869.583  +0.000048  +0.000081  0.094  0.000  0.506  T  d2
  4488   1870.000  +0.000019  -0.000212  0.094  0.000  0.502  T  d2
  4489   1870.417  -0.000122  +0.000161  0.094  0.000  0.502  T  d0
  4490   1870.833  +0.000005  +0.000154  0.094  0.000  0.502  T  d2
  4491   1871.250  +0.000038  -0.000298  0.109  0.000  0.502  T  d2
  4492   1871.667  -0.000042  +0.000246  0.109  0.000  0.502  T  d2
  4493   1872.083  +0.000106  -0.000601  0.109  0.000  0.502  T  d2
  4494   1872.500  +0.000144  +0.000579  0.109  0.045  0.502  T  d1
  4495   1872.917  -0.000365  -0.000005  0.109  0.045  0.502  T  d1
  4496   1873.333  -0.000002  -0.000400  0.109  0.045  0.502  T  d1
  4497   1873.750  +0.000523  +0.000169  0.109  0.045  0.502  T  d1
  4498   1874.167  -0.000009  +0.000351  0.109  0.045  0.502  T  d1
  4499   1874.583  -0.000558  +0.000249  0.109  0.045  0.502  T  d1
  4500   1875.000  +0.000131  -0.000632  0.109  0.045  0.502  T  d0
  4501   1875.417  +0.000012  -0.000143  0.125  0.045  0.502  T  d2
  4502   1875.833  +0.000046  +0.000477  0.109  0.045  0.502  T  d2
  4503   1876.250  +0.000117  -0.000262  0.094  0.045  0.502  T  d3
  4504   1876.667  -0.000368  -0.000049  0.094  0.045  0.506  T  d2
  4505   1877.083  +0.000405  +0.000053  0.109  0.045  0.506  T  d0
  4506   1877.500  +0.000035  -0.000019  0.109  0.024  0.506  T  d1
  4507   1877.917  +0.000028  +0.000170  0.109  0.024  0.506  T  d1
  4508   1878.333  -0.000161  +0.000101  0.109  0.024  0.506  T  d1
  4509   1878.750  -0.000230  -0.000144  0.109  0.024  0.506  T  d2
  4510   1879.167  +0.000275  -0.000006  0.109  0.024  0.506  T  d2
  4511   1879.583  -0.000221  -0.000149  0.109  0.024  0.506  T  d2
  4512   1880.000  +0.000155  +0.000082  0.109  0.024  0.506  T  d3
  4513   1880.417  +0.000008  -0.000121  0.109  0.024  0.506  T  d1
  4514   1880.833  +0.000199  +0.000150  0.109  0.024  0.506  T  d1
  4515   1881.250  -0.000020  +0.000092  0.109  0.024  0.506  T  d1
  4516   1881.667  -0.000535  +0.000144  0.109  0.024  0.506  T  d1
  4517   1882.083  +0.000209  -0.000379  0.109  0.024  0.506  T  d1
  4518   1882.500  +0.000351  +0.000135  0.109  0.042  0.506  T  d2
  4519   1882.917  -0.000116  +0.000019  0.109  0.042  0.506  T  d1
  4520   1883.333  -0.000050  -0.000256  0.109  0.042  0.494  T  d2
  4521   1883.750  -0.000036  +0.000418  0.109  0.042  0.494  T  d1
  4522   1884.167  -0.000078  -0.000034  0.094  0.042  0.494  T  d0
  4523   1884.583  -0.000112  +0.000023  0.094  0.042  0.494  T  d1
  4524   1885.000  +0.000067  -0.000280  0.094  0.042  0.494  T  d1
  4525   1885.417  +0.000266  +0.000019  0.094  0.042  0.494  T  d3
  4526   1885.833  +0.000068  -0.000087  0.094  0.042  0.494  T  d2
  4527   1886.250  -0.000527  +0.000091  0.094  0.042  0.494  T  d2
  4528   1886.667  +0.000453  +0.000302  0.094  0.042  0.494  T  d3
  4529   1887.083  +0.000111  -0.000359  0.094  0.042  0.494  T  d2
  4530   1887.500  -0.000215  +0.000523  0.094  0.032  0.494  T  d1
  4531   1887.917  -0.000290  -0.000448  0.094  0.032  0.494  T  d2
  4532   1888.333  +0.000082  +0.000034  0.094  0.032  0.494  T  d0
  4533   1888.750  +0.000412  -0.000135  0.078  0.032  0.494  T  d1
  4534   1889.167  -0.000006  +0.000453  0.078  0.032  0.494  T  d1
  4535   1889.583  -0.000592  -0.000107  0.078  0.032  0.494  T  d1
  4536   1890.000  +0.000128  -0.000189  0.078  0.032  0.524  T  d0
  4537   1890.417  +0.000387  -0.000510  0.078  0.032  0.524  T  d2
  4538   1890.833  -0.000214  +0.000598  0.062  0.032  0.524  T  d3
  4539   1891.250  +0.000367  -0.000003  0.062  0.032  0.524  T  d2
  4540   1891.667  -0.000340  +0.000281  0.078  0.032  0.524  T  d1
  4541   1892.083  -0.000287  -0.000616  0.078  0.032  0.524  T  d2
  4542   1892.500  +0.000432  +0.000266  0.078  0.034  0.524  T  d3
  4543   1892.917  +0.000005  -0.000016  0.078  0.034  0.524  T  d2
  4544   1893.333  -0.000041  +0.000064  0.078  0.034  0.524  T  d2
  4545   1893.750  +0.000163  -0.000112  0.078  0.034  0.524  T  d2
  4546   1894.167  -0.000499  +0.000442  0.078  0.034  0.524  T  d1
  4547   1894.583  -0.000062  -0.000363  0.078  0.034  0.524  T  d1
  4548   1895.000  +0.000335  -0.000074  0.078  0.034  0.524  T  d3
  4549   1895.417  +0.000068  -0.000189  0.078  0.034  0.524  T  d2
  4550   1895.833  -0.000038  +0.000143  0.078  0.034  0.524  T  d0
  4551   1896.250  -0.000009  +0.000124  0.078  0.034  0.524  T  d3
  4552   1896.667  +0.000088  +0.000013  0.078  0.034  0.515  T  d1
  4553   1897.083  -0.000055  +0.000296  0.078  0.034  0.515  T  d2
  4554   1897.500  -0.000187  -0.000385  0.078  0.035  0.515  T  d1
  4555   1897.917  +0.000073  -0.000062  0.062  0.035  0.515  T  d1
  4556   1898.333  -0.000020  +0.000304  0.062  0.035  0.515  T  d2
  4557   1898.750  +0.000001  -0.000179  0.062  0.035  0.515  T  d1
  4558   1899.167  +0.000098  -0.000089  0.062  0.035  0.515  T  d3
  4559   1899.583  -0.000014  -0.000133  0.062  0.035  0.515  T  d2
  4560   1900.000  -0.000123  +0.000359  0.062  0.035  0.515  T  d2
  4561   1900.417  +0.000259  -0.000170  0.062  0.035  0.515  T  d3
  4562   1900.833  -0.000083  -0.000023  0.062  0.035  0.515  T  d3
  4563   1901.250  -0.000014  +0.000288  0.062  0.035  0.515  T  d1
  4564   1901.667  -0.000266  -0.000241  0.062  0.035  0.515  T  d1
  4565   1902.083  +0.000232  -0.000077  0.062  0.035  0.515  T  d1
  4566   1902.500  -0.000011  +0.000182  0.062  0.049  0.515  T  d2
  4567   1902.917  +0.000025  -0.000297  0.062  0.049  0.515  T  d2
  4568   1903.333  -0.000088  +0.000363  0.062  0.049  0.511  T  d2
  4569   1903.750  +0.000106  -0.000515  0.062  0.049  0.511  T  d2
  4570   1904.167  +0.000004  +0.000731  0.062  0.049  0.511  T  d2
  4571   1904.583  -0.000101  -0.000160  0.062  0.049  0.511  T  d0
  4572   1905.000  -0.000107  -0.000333  0.062  0.049  0.511  T  d1
  4573   1905.417  +0.000269  -0.000006  0.062  0.049  0.511  T  d2
  4574   1905.833  -0.000324  -0.000052  0.062  0.049  0.511  T  d2
  4575   1906.250  +0.000360  +0.000216  0.062  0.049  0.511  T  d2
  4576   1906.667  -0.000171  +0.000036  0.078  0.049  0.511  T  d1
  4577   1907.083  +0.000015  -0.000192  0.078  0.049  0.511  T  d1
  4578   1907.500  +0.000248  +0.000260  0.078  0.053  0.511  T  d1
  4579   1907.917  -0.000504  -0.000008  0.078  0.053  0.511  T  d2
  4580   1908.333  +0.000327  -0.000148  0.094  0.053  0.511  T  d3
  4581   1908.750  -0.000198  -0.000085  0.094  0.053  0.511  T  d3
  4582   1909.167  +0.000005  +0.000070  0.094  0.053  0.511  T  d3
  4583   1909.583  +0.000270  -0.000111  0.094  0.053  0.511  T  d1
  4584   1910.000  -0.000064  +0.000177  0.094  0.053  0.528  T  d2
  4585   1910.417  +0.000004  -0.000145  0.094  0.053  0.528  T  d2
  4586   1910.833  -0.000210  +0.000323  0.094  0.053  0.528  T  d2
  4587   1911.250  +0.000108  -0.000214  0.094  0.053  0.528  T  d1
  4588   1911.667  +0.000205  -0.000002  0.094  0.053  0.528  T  d2
  4589   1912.083  -0.000467  +0.000039  0.094  0.053  0.528  T  d2
  4590   1912.500  +0.000464  -0.000005  0.094  0.040  0.528  T  d2
  4591   1912.917  -0.000268  -0.000005  0.094  0.040  0.528  T  d1
  4592   1913.333  -0.000069  -0.000145  0.094  0.040  0.528  T  d3
  4593   1913.750  -0.000069  +0.000141  0.094  0.040  0.528  T  d2
  4594   1914.167  +0.000278  -0.000187  0.109  0.040  0.528  T  d1
  4595   1914.583  +0.000306  +0.000078  0.109  0.040  0.528  T  d2
  4596   1915.000  -0.000308  +0.000085  0.109  0.040  0.528  T  d0
  4597   1915.417  -0.000303  +0.000123  0.109  0.040  0.528  T  d2
  4598   1915.833  +0.000389  -0.000129  0.109  0.040  0.528  T  d1
  4599   1916.250  +0.000003  +0.000046  0.109  0.040  0.528  T  d1
  4600   1916.667  -0.000153  -0.000034  0.109  0.040  0.524  T  d0
  4601   1917.083  -0.000238  +0.000085  0.109  0.040  0.524  T  d2
  4602   1917.500  +0.000258  -0.000158  0.109  0.067  0.524  T  d1
  4603   1917.917  +0.000210  +0.000310  0.109  0.067  0.524  T  d2
  4604   1918.333  -0.000697  -0.000202  0.094  0.067  0.524  T  d1
  4605   1918.750  +0.000392  -0.000367  0.094  0.067  0.524  T  d1
  4606   1919.167  +0.000264  +0.000023  0.094  0.067  0.524  T  d1
  4607   1919.583  -0.000037  +0.000249  0.094  0.067  0.524  T  d0
  4608   1920.000  +0.000009  +0.000316  0.094  0.067  0.524  T  d2
  4609   1920.417  -0.000153  -0.000204  0.109  0.067  0.524  T  d1
  4610   1920.833  +0.000100  -0.000006  0.109  0.067  0.524  T  d2
  4611   1921.250  -0.000235  +0.000049  0.109  0.067  0.524  T  d0
  4612   1921.667  -0.000039  +0.000041  0.109  0.067  0.524  T  d1
  4613   1922.083  -0.000022  -0.000263  0.109  0.067  0.524  T  d1
  4614   1922.500  +0.000074  -0.000007  0.109  0.085  0.524  T  d0
  4615   1922.917  +0.000277  -0.000261  0.109  0.085  0.524  T  d1
  4616   1923.333  +0.000163  +0.000427  0.109  0.085  0.524  T  d1
  4617   1923.750  -0.000175  +0.000212  0.109  0.085  0.524  T  d1
  4618   1924.167  -0.000212  -0.000232  0.109  0.085  0.524  T  d3
  4619   1924.583  -0.000032  +0.000041  0.109  0.085  0.524  T  d3
  4620   1925.000  +0.000024  +0.000005  0.109  0.085  0.524  T  d1
  4621   1925.417  +0.000020  +0.000130  0.109  0.085  0.524  T  d2
  4622   1925.833  +0.000018  -0.000414  0.109  0.085  0.524  T  d2
  4623   1926.250  +0.000115  +0.000163  0.109  0.085  0.524  T  d1
  4624   1926.667  -0.000284  +0.000078  0.109  0.085  0.524  T  d2
  4625   1927.083  +0.000202  -0.000058  0.109  0.085  0.524  T  d0
  4626   1927.500  +0.000187  -0.000137  0.109  0.075  0.524  T  d2
  4627   1927.917  -0.000291  +0.000248  0.109  0.075  0.524  T  d2
  4628   1928.333  +0.000241  -0.000048  0.109  0.075  0.524  T  d3
  4629   1928.750  -0.000017  -0.000069  0.094  0.075  0.524  T  d3
  4630   1929.167  -0.000122  +0.000102  0.094  0.075  0.524  T  d2
  4631   1929.583  +0.000079  -0.000004  0.094  0.075  0.524  T  d2
  4632   1930.000  -0.000119  +0.000118  0.094  0.075  0.524  T  d1
  4633   1930.417  -0.000233  -0.000056  0.078  0.075  0.524  T  d1
  4634   1930.833  +0.000186  -0.000370  0.078  0.075  0.524  T  d1
  4635   1931.250  +0.000259  +0.000198  0.078  0.075  0.524  T  d1
  4636   1931.667  -0.000235  +0.000093  0.078  0.075  0.524  T  d1
  4637   1932.083  -0.000064  -0.000116  0.078  0.075  0.524  T  d1
  4638   1932.500  +0.000320  -0.000072  0.078  0.066  0.524  T  d1
  4639   1932.917  -0.000082  +0.000273  0.078  0.066  0.524  T  d2
  4640   1933.333  -0.000012  -0.000102  0.062  0.066  0.524  T  d0
  4641   1933.750  -0.000096  -0.000129  0.062  0.066  0.524  T  d3
  4642   1934.167  -0.000310  +0.000348  0.062  0.066  0.524  T  d2
  4643   1934.583  +0.000529  -0.000448  0.062  0.066  0.524  T  d2
  4644   1935.000  -0.000136  +0.000264  0.047  0.066  0.524  T  d3
  4645   1935.417  +0.000082  -0.000012  0.047  0.066  0.524  T  d2
  4646   1935.833  -0.000303  +0.000045  0.047  0.066  0.524  T  d3
  4647   1936.250  -0.000069  +0.000346  0.031  0.066  0.524  T  d2
  4648   1936.667  +0.000015  -0.000780  0.031  0.066  0.532  T  d1
  4649   1937.083  +0.000196  +0.000070  0.031  0.066  0.532  T  d1
  4650   1937.500  +0.000115  +0.000438  0.031  0.000  0.532  T  d2
  4651   1937.917  -0.000131  -0.000401  0.031  0.000  0.532  T  d2
  4652   1938.333  +0.000066  +0.000334  0.031  0.000  0.532  T  d2
  4653   1938.750  -0.000067  -0.000266  0.031  0.000  0.532  T  d2
  4654   1939.167  +0.000160  +0.000272  0.031  0.000  0.532  T  d2
  4655   1939.583  -0.000051  -0.000120  0.031  0.000  0.532  T  d2
  4656   1940.000  +0.000000  +0.000150  0.031  0.000  0.532  T  d1
  4657   1940.417  -0.000210  -0.000074  0.031  0.000  0.532  T  d2
  4658   1940.833  +0.000168  +0.000113  0.016  0.000  0.532  T  d2
  4659   1941.250  -0.000187  -0.000231  0.016  0.000  0.532  T  d3
  4660   1941.667  -0.000150  +0.000037  0.016  0.000  0.532  T  d2
  4661   1942.083  +0.000297  +0.000012  0.016  0.000  0.532  T  d3
  4662   1942.500  +0.000163  -0.000155  0.016  0.000  0.532  T  d2
  4663   1942.917  -0.000309  +0.000006  0.031  0.000  0.532  T  d2
  4664   1943.333  +0.000460  +0.000251  0.031  0.000  0.511  T  d2
  4665   1943.750  -0.000407  -0.000031  0.047  0.000  0.511  T  d1
  4666   1944.167  +0.000013  -0.000056  0.047  0.000  0.511  T  d1
  4667   1944.583  +0.000174  +0.000071  0.047  0.000  0.511  T  d2
  4668   1945.000  -0.000504  -0.000068  0.047  0.000  0.511  T  d2
  4669   1945.417  +0.000747  -0.000149  0.047  0.000  0.511  T  d2
  4670   1945.833  -0.000294  +0.000107  0.047  0.000  0.511  T  d3
  4671   1946.250  +0.000024  +0.000057  0.062  0.000  0.511  T  d1
  4672   1946.667  -0.000161  +0.000171  0.062  0.000  0.511  T  d1
  4673   1947.083  -0.000131  -0.000215  0.047  0.000  0.511  T  d2
  4674   1947.500  +0.000307  +0.000222  0.047  0.000  0.511  T  d2
  4675   1947.917  -0.000205  -0.000458  0.047  0.000  0.511  T  d2
  4676   1948.333  -0.000003  +0.000147  0.047  0.000  0.511  T  d3
  4677   1948.750  +0.000290  +0.000066  0.047  0.000  0.511  T  d2
  4678   1949.167  -0.000145  +0.000047  0.047  0.000  0.511  T  d2
  4679   1949.583  +0.000091  -0.000084  0.047  0.000  0.511  T  d2
  4680   1950.000  -0.000095  +0.000262  0.047  0.000  0.485  T  d1
  4681   1950.417  -0.000103  -0.000186  0.047  0.000  0.485  T  d3
  4682   1950.833  -0.000093  +0.000224  0.047  0.000  0.485  T  d2
  4683   1951.250  +0.000155  -0.000547  0.047  0.000  0.485  T  d1
  4684   1951.667  +0.000282  +0.000320  0.047  0.000  0.485  T  d1
  4685   1952.083  -0.000317  +0.000021  0.047  0.000  0.485  T  d3
  4686   1952.500  -0.000017  +0.000119  0.047  0.000  0.485  T  d3
  4687   1952.917  +0.000256  +0.000133  0.047  0.000  0.485  T  d2
  4688   1953.333  -0.000564  -0.000333  0.047  0.000  0.485  T  d1
  4689   1953.750  +0.000306  -0.000391  0.047  0.000  0.485  T  d1
  4690   1954.167  +0.000307  +0.000651  0.062  0.000  0.485  T  d2
  4691   1954.583  -0.000313  -0.000214  0.062  0.000  0.485  T  d2
  4692   1955.000  +0.000183  +0.000063  0.078  0.000  0.485  T  d2
  4693   1955.417  -0.000238  +0.000104  0.078  0.000  0.485  T  d1
  4694   1955.833  +0.000060  -0.000162  0.078  0.000  0.485  T  d0
  4695   1956.250  +0.000175  -0.000326  0.078  0.000  0.485  T  d2
  4696   1956.667  -0.000081  +0.000269  0.078  0.000  0.476  T  d0
  4697   1957.083  +0.000114  +0.000265  0.078  0.000  0.476  T  d1
  4698   1957.500  -0.000225  +0.000029  0.078  0.000  0.476  T  d1
  4699   1957.917  +0.000048  -0.000429  0.078  0.000  0.476  T  d2
  4700   1958.333  +0.000136  +0.000259  0.078  0.000  0.476  T  d1
  4701   1958.750  -0.000163  +0.000063  0.078  0.000  0.476  T  d1
  4702   1959.167  +0.000004  -0.000052  0.078  0.000  0.476  T  d0
  4703   1959.583  +0.000068  -0.000262  0.078  0.000  0.476  T  d1
  4704   1960.000  +0.000149  +0.000195  0.078  0.000  0.476  T  d1
  4705   1960.417  -0.000276  +0.000122  0.078  0.000  0.476  T  d2
  4706   1960.833  +0.000145  -0.000069  0.078  0.000  0.476  T  d2
  4707   1961.250  -0.000154  +0.000009  0.078  0.000  0.476  T  d1
  4708   1961.667  +0.000029  -0.000182  0.078  0.000  0.476  T  d2
  4709   1962.083  +0.000045  +0.000182  0.078  0.000  0.476  T  d3
  4710   1962.500  +0.000322  -0.000203  0.078  0.000  0.476  T  d2
  4711   1962.917  -0.000378  -0.000035  0.078  0.000  0.476  T  d3
  4712   1963.333  +0.000067  +0.000353  0.078  0.000  0.498  T  d3
  4713   1963.750  +0.000187  -0.000116  0.078  0.000  0.498  T  d3
  4714   1964.167  -0.000106  -0.000161  0.094  0.000  0.498  T  d3
  4715   1964.583  -0.000165  +0.000031  0.094  0.000  0.498  T  d2
  4716   1965.000  +0.000448  -0.000035  0.094  0.000  0.498  T  d1
  4717   1965.417  -0.000173  +0.000415  0.094  0.000  0.498  T  d1
  4718   1965.833  -0.000517  +0.000016  0.094  0.000  0.498  T  d1
  4719   1966.250  +0.000270  -0.000374  0.094  0.000  0.498  T  d1
  4720   1966.667  +0.000230  +0.000044  0.094  0.000  0.498  T  d2
  4721   1967.083  -0.000263  -0.000154  0.094  0.000  0.498  T  d0
  4722   1967.500  -0.000215  +0.000029  0.094  0.000  0.498  T  d2
  4723   1967.917  +0.000512  -0.000011  0.094  0.000  0.498  T  d0
  4724   1968.333  +0.000155  +0.000096  0.109  0.000  0.498  T  d2
  4725   1968.750  -0.000261  +0.000060  0.109  0.000  0.498  T  d3
  4726   1969.167  -0.000028  +0.000175  0.109  0.000  0.498  T  d2
  4727   1969.583  -0.000041  -0.000153  0.094  0.000  0.498  T  d3
  4728   1970.000  -0.000206  +0.000104  0.094  0.000  0.000  T  d2
  4729   1970.417  +0.000343  -0.000337  0.078  0.000  0.000  T  d2
  4730   1970.833  -0.000086  +0.000342  0.078  0.000  0.000  T  d1
  4731   1971.250  -0.000104  -0.000129  0.078  0.000  0.000  T  d2
  4732   1971.667  +0.000051  +0.000025  0.078  0.000  0.000  T  d2
  4733   1972.083  -0.000133  -0.000155  0.078  0.000  0.000  T  d2
  4734   1972.500  +0.000097  +0.000184  0.078  0.000  0.000  T  d2
  4735   1972.917  +0.000068  -0.000284  0.062  0.000  0.000  T  d1
  4736   1973.333  +0.000154  +0.000045  0.062  0.000  0.000  T  d1
  4737   1973.750  -0.000044  +0.000500  0.062  0.000  0.000  T  d2
  4738   1974.167  -0.000194  -0.000311  0.062  0.000  0.000  T  d1
  4739   1974.583  +0.000045  -0.000101  0.062  0.000  0.000  T  d2
  4740   1975.000  -0.000063  +0.000096  0.062  0.000  0.000  T  d3
  4741   1975.417  +0.000036  +0.000093  0.062  0.000  0.000  T  d3
  4742   1975.833  +0.000191  -0.000322  0.078  0.000  0.000  T  d2
  4743   1976.250  -0.000104  +0.000673  0.078  0.000  0.000  T  d2
  4744   1976.667  -0.000129  -0.000825  0.078  0.000  0.000  T  d2
  4745   1977.083  +0.000054  +0.000393  0.078  0.000  0.000  T  d0
  4746   1977.500  +0.000048  +0.000141  0.078  0.000  0.000  T  d2
  4747   1977.917  -0.000083  -0.000317  0.078  0.000  0.000  T  d2
  4748   1978.333  +0.000047  +0.000282  0.078  0.000  0.000  T  d2
  4749   1978.750  +0.000048  -0.000254  0.078  0.000  0.000  T  d2
  4750   1979.167  -0.000104  +0.000175  0.078  0.000  0.000  T  d2
  4751   1979.583  +0.000226  -0.000206  0.078  0.000  0.000  T  d2
  4752   1980.000  -0.000129  +0.000285  0.078  0.000  0.000  T  d2
  4753   1980.417  +0.000229  -0.000197  0.078  0.000  0.000  T  d2
  4754   1980.833  -0.000574  +0.000261  0.062  0.000  0.000  T  d2
  4755   1981.250  +0.000191  -0.000198  0.062  0.000  0.000  T  d0
  4756   1981.667  +0.000349  -0.000149  0.047  0.000  0.000  T  d2
  4757   1982.083  -0.000276  +0.000195  0.047  0.000  0.000  T  d2
  4758   1982.500  +0.000101  -0.000024  0.047  0.000  0.000  T  d3
  4759   1982.917  +0.000022  -0.000159  0.047  0.000  0.000  T  d2
  4760   1983.333  -0.000214  +0.000443  0.047  0.000  0.000  T  d2
  4761   1983.750  +0.000206  -0.000391  0.062  0.000  0.000  T  d1
  4762   1984.167  +0.000120  +0.000015  0.062  0.000  0.000  T  d2
  4763   1984.583  -0.000395  +0.000042  0.062  0.000  0.000  T  d3
  4764   1985.000  +0.000175  +0.000148  0.062  0.000  0.000  T  d3
  4765   1985.417  +0.000147  -0.000291  0.062  0.000  0.000  T  d2
  4766   1985.833  -0.000087  +0.000326  0.000  0.000  0.000  T  d1
  4767   1986.250  -0.000141  +0.000019  0.000  0.000  0.000  T  d1
  4768   1986.667  +0.000154  -0.000670  0.000  0.000  0.000  T  d2
  4769   1987.083  +0.000323  +0.000696  0.000  0.000  0.000  T  d2
  4770   1987.500  -0.000411  -0.000256  0.000  0.000  0.000  T  d3
  4771   1987.917  -0.000196  +0.000220  0.000  0.000  0.000  T  d3
  4772   1988.333  +0.000506  +0.000022  0.000  0.000  0.000  T  d2
  4773   1988.750  -0.000374  -0.000160  0.000  0.000  0.000  T  d0
  4774   1989.167  -0.000035  -0.000004  0.000  0.000  0.000  T  d2
  4775   1989.583  +0.000238  -0.000152  0.000  0.000  0.000  T  d2
  4776   1990.000  -0.000118  -0.000012  0.000  0.000  0.000  T  d3
  4777   1990.417  -0.000050  +0.000198  0.000  0.000  0.000  T  d3
  4778   1990.833  +0.000099  -0.000026  0.000  0.000  0.000  T  d3
  4779   1991.250  -0.000047  -0.000032  0.000  0.000  0.000  T  d1
  4780   1991.667  +0.000265  -0.000054  0.000  0.000  0.000  T  d2
  4781   1992.083  -0.000350  -0.000147  0.000  0.000  0.000  T  d2
  4782   1992.500  +0.000138  +0.000215  0.000  0.000  0.000  T  d3
  4783   1992.917  +0.000284  -0.000051  0.000  0.000  0.000  T  d2
  4784   1993.333  -0.000279  +0.000382  0.000  0.000  0.000  T  d2
  4785   1993.750  +0.000029  -0.000319  0.000  0.000  0.000  T  d2
  4786   1994.167  -0.000124  +0.000144  0.000  0.000  0.000  T  d1
  4787   1994.583  -0.000099  -0.000282  0.000  0.000  0.000  T  d2
  4788   1995.000  +0.000155  +0.000251  0.000  0.000  0.000  T  d1
  4789   1995.417  -0.000209  +0.000017  0.000  0.000  0.000  T  d1
  4790   1995.833  +0.000263  -0.000485  0.000  0.000  0.000  T  d2
  4791   1996.250  -0.000146  +0.000310  0.000  0.000  0.000  T  d3
  4792   1996.667  +0.000044  +0.000004  0.000  0.000  0.000  T  d0
  4793   1997.083  +0.000438  -0.000347  0.000  0.000  0.000  T  d2
  4794   1997.500  -0.000314  +0.000530  0.000  0.000  0.000  T  d1
  4795   1997.917  -0.000189  +0.000032  0.000  0.000  0.000  T  d2
  4796   1998.333  +0.000232  -0.000138  0.000  0.000  0.000  T  d3
  4797   1998.750  -0.000106  -0.000093  0.000  0.000  0.000  T  d2
  4798   1999.167  +0.000000  +0.000000  0.000  0.000  0.000  T  d-
