# V.34 Phase 3 baseband IQ symbols
# sym_rate=2743  fc=1646  t0=8.0  t1=9.5
# columns: sym_idx  time_ms  I  Q  s_score  pp_score  trn_score  label
     0      0.000  -1.424737  +0.819167  0.000  0.000  0.000  T  d2
     1      0.365  +2.456166  -0.968075  0.000  0.000  0.000  T  d2
     2      0.729  -0.311284  +0.565217  0.000  0.000  0.000  T  d3
     3      1.094  +0.219434  +0.002535  0.000  0.000  0.000  T  d2
     4      1.458  -0.641357  +0.126639  0.000  0.000  0.000  T  d1
     5      1.823  -0.143198  -0.728752  0.000  0.000  0.000  T  d0
     6      2.187  +0.210775  -0.333230  0.000  0.000  0.000  T  d0
     7      2.552  +0.401116  -0.251805  0.000  0.000  0.000  T  d1
     8      2.917  +0.252323  +0.463421  0.000  0.000  0.000  T  d1
     9      3.281  -0.374021  +0.347029  0.000  0.000  0.000  T  d0
    10      3.646  -0.383347  +0.080467  0.000  0.000  0.000  T  d1
    11      4.010  -0.412377  -0.332388  0.000  0.000  0.000  T  d1
    12      4.375  +0.242764  -0.477839  0.000  0.000  0.000  T  d1
    13      4.739  +0.387757  +0.022063  0.000  0.000  0.000  T  d0
    14      5.104  +0.297271  +0.326573  0.000  0.000  0.000  T  d1
    15      5.468  -0.151866  +0.508277  0.000  0.000  0.000  T  d1
    16      5.833  -0.454212  +0.055757  0.000  0.000  0.000  T  d1
    17      6.198  -0.263754  -0.308339  0.000  0.000  0.000  T  d1
    18      6.562  +0.125596  -0.446797  0.000  0.000  0.000  T  d1
    19      6.927  +0.457723  -0.066507  0.000  0.000  0.000  T  d1
    20      7.291  +0.292726  +0.287748  0.000  0.000  0.000  T  d1
    21      7.656  -0.081526  +0.434520  0.000  0.000  0.000  T  d1
    22      8.020  -0.451451  +0.150275  0.000  0.000  0.000  T  d1
    23      8.385  -0.253364  -0.325213  0.000  0.000  0.000  T  d1
    24      8.750  +0.067165  -0.404023  0.000  0.000  0.000  T  d1
    25      9.114  +0.418465  -0.202630  0.000  0.000  0.000  T  d1
    26      9.479  +0.316116  +0.291406  0.000  0.000  0.000  T  d1
    27      9.843  -0.078954  +0.421660  0.000  0.000  0.000  T  d1
    28     10.208  -0.365668  +0.167195  0.000  0.000  0.000  T  d1
    29     10.572  -0.385260  -0.258957  0.000  0.000  0.000  T  d1
    30     10.937  +0.062499  -0.432491  0.000  0.000  0.000  T  d1
    31     11.301  +0.374035  -0.174227  0.000  0.000  0.000  T  d1
    32     11.666  +0.347197  +0.217978  0.062  0.000  0.000  T  d1
    33     12.031  -0.028030  +0.470149  0.062  0.000  0.000  T  d1
    34     12.395  -0.350833  +0.176938  0.062  0.000  0.000  T  d1
    35     12.760  -0.362194  -0.201682  0.062  0.000  0.000  T  d1
    36     13.124  -0.014954  -0.452230  0.062  0.000  0.000  T  d1
    37     13.489  +0.357280  -0.216070  0.062  0.000  0.000  T  d1
    38     13.853  +0.378920  +0.210119  0.047  0.000  0.000  T  d1
    39     14.218  +0.018997  +0.436867  0.031  0.000  0.000  T  d1
    40     14.583  -0.355669  +0.233279  0.031  0.000  0.000  T  d1
    41     14.947  -0.351899  -0.167616  0.031  0.000  0.000  T  d1
    42     15.312  -0.064725  -0.430100  0.016  0.000  0.000  T  d1
    43     15.676  +0.343844  -0.276351  0.016  0.000  0.000  T  d1
    44     16.041  +0.405030  +0.166379  0.016  0.000  0.000  T  d1
    45     16.405  +0.070072  +0.409512  0.016  0.000  0.000  T  d1
    46     16.770  -0.339884  +0.288547  0.000  0.000  0.000  T  d1
    47     17.135  -0.418545  -0.134815  0.000  0.000  0.000  T  d1
    48     17.499  -0.086440  -0.421520  0.000  0.000  0.000  T  d1
    49     17.864  +0.322680  -0.323712  0.000  0.000  0.000  T  d1
    50     18.228  +0.401743  +0.138888  0.000  0.000  0.000  T  d1
    51     18.593  +0.121480  +0.441361  0.000  0.000  0.000  T  d1
    52     18.957  -0.280654  +0.310518  0.000  0.000  0.000  T  d1
    53     19.322  -0.441929  -0.113707  0.000  0.000  0.000  T  d1
    54     19.686  -0.146386  -0.425019  0.000  0.000  0.000  T  d1
    55     20.051  +0.273924  -0.312369  0.000  0.000  0.000  T  d1
    56     20.416  +0.474537  +0.061767  0.000  0.000  0.519  T  d1
    57     20.780  +0.166974  +0.417588  0.000  0.000  0.519  T  d1
    58     21.145  -0.297684  +0.357654  0.000  0.000  0.519  T  d1
    59     21.509  -0.447358  -0.052058  0.000  0.000  0.519  T  d1
    60     21.874  -0.198586  -0.421340  0.000  0.000  0.519  T  d1
    61     22.238  +0.275890  -0.375133  0.000  0.000  0.519  T  d1
    62     22.603  +0.452186  +0.040638  0.000  0.000  0.519  T  d1
    63     22.968  +0.230560  +0.401553  0.000  0.000  0.519  T  d1
    64     23.332  -0.240819  +0.408691  0.000  0.000  0.519  T  d1
    65     23.697  -0.493762  -0.011866  0.000  0.000  0.519  T  d1
    66     24.061  -0.244337  -0.429198  0.000  0.000  0.519  T  d1
    67     24.426  +0.242359  -0.389160  0.000  0.000  0.519  T  d1
    68     24.790  +0.491094  -0.037701  0.000  0.000  0.519  T  d1
    69     25.155  +0.253656  +0.393629  0.000  0.000  0.519  T  d1
    70     25.520  -0.213954  +0.462165  0.000  0.000  0.519  T  d1
    71     25.884  -0.515089  +0.047095  0.000  0.000  0.519  T  d1
    72     26.249  -0.282142  -0.390034  0.000  0.000  0.502  T  d1
    73     26.613  +0.231305  -0.479156  0.000  0.000  0.502  T  d1
    74     26.978  +0.494930  -0.058203  0.000  0.000  0.502  T  d1
    75     27.342  +0.302093  +0.384607  0.000  0.000  0.502  T  d1
    76     27.707  -0.176011  +0.466388  0.000  0.000  0.502  T  d1
    77     28.071  -0.501607  +0.114160  0.000  0.000  0.502  T  d1
    78     28.436  -0.369590  -0.374750  0.000  0.000  0.502  T  d1
    79     28.801  +0.192634  -0.522563  0.000  0.000  0.502  T  d1
    80     29.165  +0.512193  -0.126808  0.000  0.000  0.502  T  d1
    81     29.530  +0.356416  +0.379793  0.000  0.000  0.502  T  d1
    82     29.894  -0.145394  +0.530127  0.000  0.000  0.502  T  d1
    83     30.259  -0.505753  +0.154213  0.000  0.000  0.502  T  d1
    84     30.623  -0.410069  -0.385110  0.000  0.000  0.502  T  d1
    85     30.988  +0.122663  -0.538394  0.000  0.000  0.502  T  d1
    86     31.353  +0.515999  -0.150141  0.000  0.000  0.502  T  d1
    87     31.717  +0.426231  +0.336244  0.000  0.000  0.502  T  d1
    88     32.082  -0.079610  +0.573025  0.000  0.000  0.502  T  d1
    89     32.446  -0.540768  +0.189104  0.000  0.000  0.502  T  d1
    90     32.811  -0.438092  -0.353594  0.000  0.000  0.502  T  d1
    91     33.175  +0.079648  -0.542346  0.000  0.000  0.502  T  d1
    92     33.540  +0.505225  -0.234925  0.000  0.000  0.502  T  d1
    93     33.904  +0.473294  +0.303661  0.000  0.000  0.502  T  d1
    94     34.269  -0.035937  +0.602857  0.000  0.000  0.502  T  d1
    95     34.634  -0.505748  +0.233669  0.000  0.000  0.502  T  d1
    96     34.998  -0.513481  -0.297545  0.000  0.000  0.502  T  d1
    97     35.363  +0.016846  -0.564702  0.000  0.000  0.502  T  d1
    98     35.727  +0.515598  -0.330091  0.000  0.000  0.502  T  d1
    99     36.092  +0.501606  +0.288821  0.000  0.000  0.502  T  d1
   100     36.456  +0.025045  +0.623937  0.000  0.000  0.502  T  d1
   101     36.821  -0.505716  +0.321926  0.000  0.000  0.502  T  d1
   102     37.186  -0.543654  -0.265955  0.000  0.000  0.502  T  d1
   103     37.550  -0.037226  -0.597442  0.000  0.000  0.502  T  d1
   104     37.915  +0.508524  -0.378567  0.000  0.000  0.506  T  d1
   105     38.279  +0.557312  +0.245433  0.000  0.000  0.506  T  d1
   106     38.644  +0.052562  +0.619511  0.000  0.000  0.506  T  d1
   107     39.008  -0.481913  +0.396529  0.000  0.000  0.506  T  d1
   108     39.373  -0.560585  -0.240394  0.000  0.000  0.506  T  d1
   109     39.738  -0.112002  -0.598744  0.000  0.000  0.506  T  d1
   110     40.102  +0.484555  -0.423531  0.000  0.000  0.506  T  d1
   111     40.467  +0.582386  +0.209337  0.000  0.000  0.506  T  d1
   112     40.831  +0.134055  +0.597959  0.000  0.000  0.506  T  d1
   113     41.196  -0.457674  +0.421225  0.000  0.000  0.506  T  d1
   114     41.560  -0.611055  -0.155142  0.000  0.000  0.506  T  d1
   115     41.925  -0.156940  -0.609665  0.000  0.000  0.506  T  d1
   116     42.289  +0.418252  -0.449314  0.000  0.000  0.506  T  d1
   117     42.654  +0.614302  +0.143721  0.000  0.000  0.506  T  d1
   118     43.019  +0.205510  +0.611194  0.000  0.000  0.506  T  d1
   119     43.383  -0.388740  +0.479699  0.000  0.000  0.506  T  d1
   120     43.748  -0.642572  -0.130419  0.000  0.000  0.502  T  d1
   121     44.112  -0.221935  -0.575125  0.000  0.000  0.502  T  d1
   122     44.477  +0.391642  -0.517203  0.000  0.000  0.502  T  d1
   123     44.841  +0.636861  +0.075835  0.000  0.000  0.502  T  d1
   124     45.206  +0.274958  +0.592224  0.000  0.000  0.502  T  d1
   125     45.571  -0.412424  +0.488182  0.000  0.000  0.502  T  d1
   126     45.935  -0.637113  -0.029199  0.000  0.000  0.502  T  d1
   127     46.300  -0.283844  -0.544832  0.000  0.000  0.502  T  d1
   128     46.664  +0.337910  -0.554304  0.000  0.000  0.502  T  d1
   129     47.029  +0.676239  +0.021332  0.000  0.000  0.502  T  d1
   130     47.393  +0.291189  +0.571151  0.000  0.000  0.502  T  d1
   131     47.758  -0.309761  +0.543738  0.000  0.000  0.502  T  d1
   132     48.122  -0.651481  +0.026134  0.000  0.000  0.502  T  d1
   133     48.487  -0.305004  -0.581620  0.000  0.000  0.502  T  d1
   134     48.852  +0.273738  -0.565995  0.000  0.000  0.502  T  d1
   135     49.216  +0.608235  -0.024065  0.000  0.000  0.502  T  d1
   136     49.581  +0.374962  +0.537248  0.000  0.000  0.519  T  d1
   137     49.945  -0.244745  +0.571282  0.016  0.000  0.519  T  d1
   138     50.310  -0.652154  +0.054072  0.031  0.285  0.519  P  d1
   139     50.674  -0.388425  -0.494480  0.047  0.285  0.519  P  d1
   140     51.039  +0.251783  -0.542708  0.047  0.285  0.519  P  d1
   141     51.404  +0.642189  -0.118284  0.062  0.285  0.519  P  d1
   142     51.768  +0.415996  +0.448895  0.078  0.285  0.519  P  d1
   143     52.133  -0.209619  +0.598182  0.094  0.285  0.519  P  d1
   144     52.497  -0.622922  +0.106769  0.094  0.285  0.519  P  d1
   145     52.862  -0.437151  -0.448221  0.109  0.285  0.519  P  d1
   146     53.226  +0.182819  -0.595580  0.125  0.285  0.519  P  d1
   147     53.591  +0.585531  -0.177703  0.125  0.285  0.519  P  d1
   148     53.956  +0.438400  +0.436205  0.141  0.285  0.519  P  d1
   149     54.320  -0.192222  +0.609295  0.141  0.285  0.519  P  d1
   150     54.685  -0.578493  +0.195799  0.141  0.409  0.519  P  d1
   151     55.049  -0.454599  -0.389268  0.141  0.409  0.519  P  d1
   152     55.414  +0.148265  -0.593408  0.141  0.409  0.536  P  d1
   153     55.778  +0.530724  -0.232391  0.141  0.409  0.536  P  d1
   154     56.143  +0.444614  +0.409747  0.141  0.409  0.536  P  d1
   155     56.507  -0.078596  +0.641351  0.141  0.409  0.536  P  d1
   156     56.872  -0.509857  +0.249356  0.141  0.409  0.536  P  d1
   157     57.237  -0.406171  -0.320185  0.156  0.409  0.536  P  d1
   158     57.601  +0.071805  -0.596610  0.156  0.409  0.536  P  d1
   159     57.966  +0.631931  -0.264859  0.156  0.409  0.536  P  d1
   160     58.330  +0.502985  +0.253411  0.172  0.409  0.536  P  d1
   161     58.695  +0.094157  +0.703798  0.172  0.409  0.536  P  d1
   162     59.059  -1.219286  -0.190491  0.172  0.431  0.536  P  d1
   163     59.424  -0.097171  -0.826383  0.172  0.431  0.536  P  d1
   164     59.789  +0.768918  +0.512300  0.172  0.431  0.536  P  d2
   165     60.153  -0.234270  -0.071472  0.172  0.431  0.536  P  d1
   166     60.518  -0.016884  -0.056796  0.172  0.431  0.536  P  d3
   167     60.882  -0.116520  +0.013477  0.188  0.431  0.536  P  d3
   168     61.247  -0.043542  +0.087866  0.188  0.431  0.515  P  d0
   169     61.611  -0.075145  +0.133144  0.188  0.431  0.515  P  d0
   170     61.976  -0.001083  +0.093781  0.188  0.431  0.515  P  d0
   171     62.341  +0.050111  +0.092593  0.188  0.431  0.515  P  d3
   172     62.705  +0.151741  -0.020710  0.188  0.431  0.515  P  d0
   173     63.070  +0.102193  -0.016142  0.188  0.431  0.515  P  d0
   174     63.434  +0.133900  -0.068734  0.188  0.439  0.515  P  d0
   175     63.799  +0.049064  -0.102428  0.188  0.439  0.515  P  d3
   176     64.163  -0.051096  -0.052710  0.188  0.439  0.515  P  d0
   177     64.528  -0.061693  -0.081056  0.188  0.439  0.515  P  d0
   178     64.892  -0.072423  -0.065447  0.188  0.439  0.515  P  d3
   179     65.257  -0.049457  +0.011194  0.188  0.439  0.515  P  d0
   180     65.622  -0.069099  +0.014996  0.188  0.439  0.515  P  d3
   181     65.986  -0.026989  +0.070156  0.188  0.439  0.515  P  d3
   182     66.351  +0.028102  +0.004059  0.188  0.439  0.515  P  d1
   183     66.715  -0.034320  +0.070344  0.188  0.439  0.515  P  d2
   184     67.080  +0.035214  -0.012533  0.188  0.439  0.524  P  d1
   185     67.444  +0.015026  +0.029251  0.188  0.439  0.524  P  d3
   186     67.809  +0.008972  +0.002276  0.188  0.432  0.524  P  d3
   187     68.174  +0.006182  -0.025327  0.203  0.432  0.524  P  d2
   188     68.538  -0.006268  +0.027961  0.203  0.432  0.524  P  d0
   189     68.903  -0.004057  +0.019408  0.203  0.432  0.524  P  d3
   190     69.267  +0.034113  +0.002141  0.203  0.432  0.524  P  d3
   191     69.632  +0.020845  -0.027424  0.203  0.432  0.524  P  d0
   192     69.996  +0.027944  -0.024308  0.203  0.432  0.524  P  d2
   193     70.361  -0.065475  -0.002971  0.219  0.432  0.524  P  d3
   194     70.725  +0.012271  +0.029138  0.219  0.432  0.524  P  d3
   195     71.090  +0.050654  -0.037851  0.219  0.432  0.524  P  d3
   196     71.455  -0.022950  -0.020103  0.219  0.432  0.524  P  d3
   197     71.819  -0.045124  +0.021635  0.219  0.432  0.524  P  d2
   198     72.184  +0.018061  +0.000067  0.234  0.417  0.524  P  d0
   199     72.548  +0.008883  -0.003766  0.234  0.417  0.524  P  d2
   200     72.913  -0.018063  +0.003870  0.250  0.417  0.515  P  d2
   201     73.277  +0.019245  -0.025470  0.234  0.417  0.515  P  d2
   202     73.642  -0.029401  +0.037091  0.219  0.417  0.515  P  d1
   203     74.007  -0.002985  -0.001098  0.203  0.417  0.515  P  d2
   204     74.371  +0.029725  +0.007141  0.203  0.417  0.515  P  d2
   205     74.736  -0.015300  -0.018383  0.188  0.417  0.515  P  d3
   206     75.100  -0.004837  +0.006576  0.172  0.417  0.515  P  d2
   207     75.465  +0.016318  -0.003897  0.156  0.417  0.515  P  d2
   208     75.829  -0.041663  +0.026560  0.156  0.417  0.515  P  d2
   209     76.194  +0.058643  -0.008855  0.141  0.417  0.515  P  d2
   210     76.559  -0.022685  +0.003740  0.141  0.386  0.515  P  d2
   211     76.923  +0.011181  +0.004031  0.141  0.386  0.515  P  d3
   212     77.288  +0.008383  -0.032817  0.141  0.386  0.515  P  d2
   213     77.652  +0.006657  +0.018390  0.141  0.386  0.515  P  d2
   214     78.017  -0.023701  -0.039914  0.141  0.386  0.515  P  d2
   215     78.381  +0.003050  +0.004809  0.141  0.386  0.515  P  d1
   216     78.746  -0.046476  +0.033805  0.141  0.386  0.515  P  d3
   217     79.110  +0.030765  +0.013857  0.141  0.386  0.515  P  d3
   218     79.475  +0.002391  -0.002488  0.141  0.386  0.515  P  d0
   219     79.840  +0.042527  -0.023383  0.141  0.386  0.515  P  d2
   220     80.204  -0.037369  -0.004192  0.156  0.386  0.515  P  d3
   221     80.569  -0.036946  +0.030721  0.141  0.386  0.515  P  d2
   222     80.933  +0.060899  +0.002153  0.141  0.336  0.515  P  d3
   223     81.298  +0.011519  -0.039288  0.141  0.336  0.515  P  d3
   224     81.662  -0.038544  +0.013682  0.125  0.336  0.515  P  d0
   225     82.027  -0.014329  +0.015142  0.125  0.336  0.515  P  d2
   226     82.392  +0.040148  -0.013224  0.125  0.336  0.515  P  d2
   227     82.756  -0.025595  +0.011042  0.125  0.336  0.515  P  d2
   228     83.121  +0.020317  -0.030121  0.125  0.336  0.515  P  d2
   229     83.485  -0.013980  +0.013304  0.141  0.336  0.515  P  d0
   230     83.850  -0.019116  +0.018825  0.141  0.336  0.515  P  d2
   231     84.214  +0.019186  -0.005474  0.125  0.336  0.515  P  d0
   232     84.579  +0.012401  -0.001646  0.125  0.336  0.524  P  d2
   233     84.943  -0.030856  -0.017932  0.125  0.336  0.524  P  d2
   234     85.308  +0.029315  +0.014195  0.125  0.257  0.524  P  d2
   235     85.673  -0.037931  -0.001821  0.125  0.257  0.524  P  d3
   236     86.037  +0.020596  +0.029844  0.125  0.257  0.524  P  d3
   237     86.402  +0.024600  -0.029922  0.125  0.257  0.524  P  d2
   238     86.766  -0.022955  +0.036845  0.125  0.257  0.524  P  d2
   239     87.131  +0.026067  -0.045946  0.141  0.257  0.524  P  d2
   240     87.495  +0.000206  +0.011295  0.141  0.257  0.524  P  d2
   241     87.860  -0.012951  -0.014445  0.156  0.257  0.524  P  d0
   242     88.225  +0.000346  -0.022549  0.156  0.257  0.524  P  d2
   243     88.589  -0.028576  +0.032211  0.172  0.257  0.524  P  d0
   244     88.954  -0.006848  +0.011859  0.188  0.257  0.524  P  d3
   245     89.318  +0.014687  +0.008757  0.203  0.257  0.524  P  d3
   246     89.683  +0.028068  -0.007776  0.203  0.145  0.524  P  d3
   247     90.047  +0.010592  -0.022108  0.219  0.145  0.524  P  d3
   248     90.412  -0.060519  +0.014748  0.234  0.145  0.502  P  d3
   249     90.777  +0.020478  +0.026058  0.250  0.145  0.502  P  d3
   250     91.141  +0.042141  -0.037610  0.266  0.145  0.502  P  d2
   251     91.506  -0.021354  +0.003005  0.250  0.145  0.502  P  d0
   252     91.870  -0.044289  +0.011898  0.266  0.145  0.502  P  d2
   253     92.235  +0.049464  +0.011149  0.281  0.145  0.502  P  d2
   254     92.599  -0.023583  -0.025813  0.297  0.145  0.502  P  d3
   255     92.964  -0.013029  +0.001701  0.297  0.145  0.502  P  d2
   256     93.328  +0.028139  +0.019998  0.297  0.145  0.502  P  d1
   257     93.693  -0.009638  +0.012473  0.281  0.145  0.502  P  d2
   258     94.058  -0.001122  -0.011809  0.297  0.000  0.502  T  d2
   259     94.422  +0.009997  +0.009085  0.297  0.000  0.502  T  d3
   260     94.787  +0.026093  -0.017220  0.312  0.000  0.502  T  d0
   261     95.151  +0.014935  +0.001164  0.312  0.000  0.502  T  d3
   262     95.516  -0.009312  -0.025149  0.297  0.000  0.502  T  d3
   263     95.880  -0.023762  +0.020059  0.297  0.000  0.502  T  d2
   264     96.245  +0.041674  -0.022641  0.281  0.000  0.502  T  d3
   265     96.610  -0.027915  -0.042158  0.281  0.000  0.502  T  d3
   266     96.974  -0.031283  +0.055013  0.281  0.000  0.502  T  d1
   267     97.339  -0.006077  -0.004980  0.281  0.000  0.502  T  d1
   268     97.703  +0.004780  -0.018306  0.281  0.000  0.502  T  d3
   269     98.068  -0.041686  -0.011387  0.281  0.000  0.502  T  d3
   270     98.432  -0.026283  +0.017913  0.297  0.000  0.502  T  d0
   271     98.797  -0.057037  +0.056878  0.297  0.000  0.502  T  d3
   272     99.162  +0.014620  +0.023115  0.297  0.000  0.502  T  d0
   273     99.526  +0.012492  +0.043027  0.297  0.000  0.502  T  d3
   274     99.891  +0.077763  -0.004977  0.281  0.000  0.502  T  d0
   275    100.255  +0.048931  +0.012051  0.281  0.000  0.502  T  d0
   276    100.620  +0.094463  -0.022512  0.266  0.000  0.502  T  d0
   277    100.984  +0.079387  -0.019453  0.266  0.000  0.502  T  d3
   278    101.349  -0.012533  -0.055772  0.266  0.000  0.502  T  d0
   279    101.713  -0.040670  -0.051190  0.266  0.000  0.502  T  d0
   280    102.078  -0.080460  -0.058612  0.266  0.000  0.515  T  d0
   281    102.443  -0.080954  -0.060713  0.266  0.000  0.515  T  d0
   282    102.807  -0.030447  -0.001858  0.266  0.000  0.515  T  d3
   283    103.172  +0.002175  +0.053708  0.266  0.000  0.515  T  d0
   284    103.536  -0.027203  +0.034606  0.266  0.000  0.515  T  d0
   285    103.901  -0.026364  +0.091094  0.266  0.000  0.515  T  d0
   286    104.265  -0.014435  +0.079709  0.266  0.000  0.515  T  d3
   287    104.630  +0.065784  +0.006647  0.266  0.000  0.515  T  d2
   288    104.995  -0.011891  +0.004552  0.266  0.000  0.515  T  d2
   289    105.359  +0.056813  -0.029589  0.266  0.000  0.515  T  d0
   290    105.724  +0.044347  +0.004586  0.266  0.000  0.515  T  d3
   291    106.088  -0.008380  -0.046654  0.266  0.000  0.515  T  d0
   292    106.453  +0.015466  -0.050409  0.281  0.000  0.515  T  d2
   293    106.817  -0.002820  +0.013468  0.281  0.000  0.515  T  d1
   294    107.182  -0.015108  -0.010174  0.297  0.000  0.515  T  d1
   295    107.546  -0.002916  -0.024141  0.297  0.000  0.515  T  d3
   296    107.911  -0.033057  +0.021565  0.312  0.000  0.519  T  d2
   297    108.276  +0.009070  -0.000613  0.312  0.000  0.519  T  d1
   298    108.640  +0.008489  +0.021498  0.328  0.000  0.519  T  d1
   299    109.005  -0.025274  +0.003613  0.328  0.000  0.519  T  d1
   300    109.369  +0.012354  -0.040148  0.328  0.000  0.519  T  d2
   301    109.734  -0.006137  +0.031787  0.328  0.000  0.519  T  d0
   302    110.098  -0.004058  +0.016459  0.328  0.000  0.519  T  d2
   303    110.463  +0.013702  -0.048921  0.328  0.000  0.519  T  d2
   304    110.828  -0.027485  +0.036901  0.328  0.000  0.519  T  d3
   305    111.192  +0.040882  +0.021006  0.312  0.000  0.519  T  d3
   306    111.557  +0.009148  -0.026207  0.312  0.000  0.519  T  d2
   307    111.921  -0.013838  +0.015559  0.312  0.000  0.519  T  d1
   308    112.286  -0.002282  -0.033270  0.312  0.000  0.519  T  d2
   309    112.650  +0.011971  +0.029495  0.312  0.000  0.519  T  d2
   310    113.015  -0.028862  -0.029351  0.328  0.000  0.519  T  d2
   311    113.380  +0.009784  +0.057016  0.312  0.000  0.519  T  d2
   312    113.744  +0.009588  -0.043482  0.312  0.000  0.528  T  d3
   313    114.109  -0.044110  -0.006211  0.312  0.000  0.528  T  d2
   314    114.473  +0.028970  +0.011603  0.297  0.000  0.528  T  d2
   315    114.838  -0.022184  +0.004320  0.297  0.000  0.528  T  d0
   316    115.202  -0.019161  -0.009445  0.281  0.000  0.528  T  d2
   317    115.567  +0.041539  +0.016780  0.266  0.000  0.528  T  d1
   318    115.931  -0.017165  +0.016245  0.250  0.000  0.528  T  d2
   319    116.296  +0.008415  -0.016469  0.250  0.000  0.528  T  d1
   320    116.661  +0.019086  -0.004434  0.250  0.000  0.528  T  d2
   321    117.025  -0.011067  +0.006773  0.250  0.000  0.528  T  d3
   322    117.390  +0.008443  +0.024801  0.234  0.000  0.528  T  d3
   323    117.754  +0.009477  -0.011548  0.250  0.000  0.528  T  d0
   324    118.119  +0.044640  -0.008931  0.234  0.000  0.528  T  d0
   325    118.483  +0.009647  -0.000738  0.234  0.000  0.528  T  d0
   326    118.848  +0.016478  -0.002716  0.234  0.000  0.528  T  d3
   327    119.213  +0.006639  -0.057626  0.234  0.000  0.528  T  d0
   328    119.577  +0.021517  -0.043538  0.234  0.000  0.511  T  d3
   329    119.942  -0.088235  +0.022769  0.234  0.000  0.511  T  d0
   330    120.306  -0.080702  -0.032855  0.250  0.000  0.511  T  d3
   331    120.671  -0.040050  +0.048097  0.250  0.000  0.511  T  d1
   332    121.035  -0.047844  +0.002161  0.250  0.000  0.511  T  d2
   333    121.400  +0.015119  +0.000748  0.250  0.000  0.511  T  d1
   334    121.764  +0.014779  +0.048058  0.250  0.000  0.511  T  d0
   335    122.129  +0.033508  +0.100942  0.266  0.000  0.511  T  d3
   336    122.494  +0.100040  +0.046448  0.281  0.000  0.511  T  d1
   337    122.858  +0.002450  +0.018298  0.297  0.000  0.511  T  d3
   338    123.223  +0.009215  -0.009104  0.312  0.000  0.511  T  d0
   339    123.587  +0.058088  -0.080332  0.312  0.000  0.511  T  d0
   340    123.952  +0.015392  -0.105162  0.312  0.000  0.511  T  d0
   341    124.316  -0.032279  -0.045412  0.312  0.000  0.511  T  d0
   342    124.681  -0.005558  -0.017790  0.328  0.000  0.511  T  d3
   343    125.046  -0.030988  -0.001764  0.328  0.000  0.511  T  d0
   344    125.410  -0.023295  +0.006820  0.344  0.000  0.506  T  d0
   345    125.775  -0.061091  +0.038687  0.359  0.000  0.506  T  d3
   346    126.139  +0.033793  +0.030840  0.359  0.000  0.506  T  d1
   347    126.504  -0.012668  +0.011374  0.375  0.000  0.506  T  d3
   348    126.868  -0.000889  +0.038067  0.359  0.000  0.506  T  d2
   349    127.233  +0.020776  -0.028860  0.375  0.000  0.506  T  d1
   350    127.598  +0.009958  +0.023557  0.391  0.000  0.506  T  d2
   351    127.962  -0.006759  -0.025080  0.406  0.000  0.506  T  d1
   352    128.327  +0.016413  -0.013404  0.406  0.000  0.506  T  d2
   353    128.691  -0.032064  +0.029421  0.422  0.000  0.506  T  d2
   354    129.056  +0.022200  -0.008098  0.438  0.000  0.506  T  d0
   355    129.420  +0.009022  +0.003039  0.453  0.000  0.506  T  d3
   356    129.785  +0.040180  -0.029905  0.453  0.000  0.506  T  d3
   357    130.149  -0.026837  -0.018679  0.438  0.000  0.506  T  d3
   358    130.514  -0.057793  +0.024729  0.438  0.000  0.506  T  d3
   359    130.879  +0.027566  +0.012301  0.453  0.000  0.506  T  d3
   360    131.243  +0.012623  -0.025545  0.438  0.000  0.515  T  d2
   361    131.608  -0.054731  +0.026286  0.453  0.000  0.515  T  d0
   362    131.972  -0.033707  +0.035066  0.438  0.000  0.515  T  d3
   363    132.337  +0.048076  +0.019087  0.438  0.000  0.515  T  d1
   364    132.701  -0.029032  +0.021332  0.438  0.000  0.515  T  d2
   365    133.066  +0.042786  -0.002151  0.453  0.000  0.515  T  d0
   366    133.431  +0.045214  -0.004295  0.453  0.000  0.515  T  d0
   367    133.795  +0.092043  -0.022782  0.438  0.000  0.515  T  d0
   368    134.160  +0.036819  -0.025148  0.453  0.000  0.515  T  d0
   369    134.524  +0.011262  -0.022842  0.453  0.000  0.515  T  d0
   370    134.889  -0.025054  -0.091165  0.469  0.000  0.515  T  d3
   371    135.253  -0.131678  -0.049972  0.453  0.000  0.515  T  d1
   372    135.618  -0.039480  -0.095907  0.453  0.000  0.515  T  d3
   373    135.983  -0.112533  -0.015044  0.438  0.000  0.515  T  d0
   374    136.347  -0.104520  +0.042142  0.422  0.000  0.515  T  d3
   375    136.712  +0.066089  +0.155246  0.422  0.000  0.515  T  d0
   376    137.076  +0.047881  +0.159962  0.406  0.000  0.524  T  d0
   377    137.441  +0.016182  +0.176648  0.391  0.000  0.524  T  d3
   378    137.805  +0.132492  +0.002854  0.391  0.000  0.524  T  d0
   379    138.170  +0.065856  -0.012805  0.391  0.000  0.524  T  d3
   380    138.534  +0.010681  -0.081902  0.391  0.000  0.524  T  d0
   381    138.899  +0.093588  -0.114890  0.391  0.000  0.524  T  d0
   382    139.264  +0.050985  -0.077452  0.391  0.000  0.524  T  d0
   383    139.628  +0.008422  -0.041435  0.391  0.000  0.524  T  d3
   384    139.993  -0.062561  -0.062232  0.391  0.000  0.524  T  d0
   385    140.357  -0.131266  -0.061355  0.391  0.000  0.524  T  d0
   386    140.722  -0.082475  -0.033638  0.406  0.000  0.524  T  d0
   387    141.086  -0.067248  -0.020472  0.391  0.000  0.524  T  d0
   388    141.451  -0.075800  +0.020287  0.406  0.000  0.524  T  d3
   389    141.816  -0.026762  +0.103918  0.422  0.000  0.524  T  d0
   390    142.180  +0.034324  +0.148052  0.422  0.000  0.524  T  d0
   391    142.545  +0.013026  +0.073729  0.422  0.000  0.524  T  d3
   392    142.909  +0.018492  +0.004184  0.422  0.000  0.536  T  d0
   393    143.274  +0.061480  -0.037186  0.422  0.000  0.536  T  d1
   394    143.638  +0.055298  +0.054247  0.406  0.000  0.536  T  d3
   395    144.003  +0.148158  -0.050967  0.422  0.000  0.536  T  d3
   396    144.367  +0.003924  -0.045800  0.438  0.000  0.536  T  d0
   397    144.732  +0.012561  -0.040564  0.438  0.000  0.536  T  d3
   398    145.097  -0.032799  +0.001739  0.438  0.000  0.536  T  d1
   399    145.461  -0.023727  -0.041605  0.438  0.000  0.536  T  d0
   400    145.826  -0.001626  -0.023952  0.438  0.000  0.536  T  d3
   401    146.190  -0.072935  -0.013452  0.438  0.000  0.536  T  d0
   402    146.555  -0.068606  +0.024326  0.422  0.000  0.536  T  d3
   403    146.919  +0.025595  +0.018195  0.438  0.000  0.536  T  d0
   404    147.284  +0.018975  +0.025970  0.453  0.000  0.536  T  d2
   405    147.649  -0.031855  -0.046139  0.469  0.000  0.536  T  d2
   406    148.013  +0.028949  +0.042674  0.453  0.000  0.536  T  d1
   407    148.378  -0.025732  -0.000639  0.453  0.000  0.536  T  d2
   408    148.742  +0.028414  +0.010992  0.453  0.000  0.519  T  d3
   409    149.107  +0.014843  -0.009635  0.453  0.000  0.519  T  d2
   410    149.471  -0.032354  +0.017196  0.469  0.000  0.519  T  d2
   411    149.836  +0.038580  +0.002240  0.453  0.000  0.519  T  d2
   412    150.201  -0.014446  -0.004341  0.469  0.000  0.519  T  d3
   413    150.565  -0.007948  +0.010133  0.453  0.000  0.519  T  d2
   414    150.930  +0.037705  -0.040195  0.438  0.000  0.519  T  d2
   415    151.294  -0.057657  +0.032877  0.438  0.000  0.519  T  d2
   416    151.659  +0.045121  -0.018401  0.438  0.000  0.519  T  d2
   417    152.023  -0.027151  -0.001911  0.422  0.000  0.519  T  d0
   418    152.388  -0.021017  -0.021857  0.422  0.000  0.519  T  d2
   419    152.752  +0.009679  +0.044039  0.406  0.000  0.519  T  d0
   420    153.117  +0.003652  +0.003178  0.391  0.000  0.519  T  d0
   421    153.482  +0.010644  +0.015385  0.391  0.000  0.519  T  d3
   422    153.846  +0.033058  -0.005343  0.391  0.000  0.519  T  d1
   423    154.211  +0.004840  +0.004608  0.391  0.000  0.519  T  d3
   424    154.575  +0.005782  -0.026320  0.391  0.000  0.541  T  d1
   425    154.940  +0.037961  +0.015563  0.375  0.000  0.541  T  d3
   426    155.304  +0.002761  -0.026496  0.375  0.000  0.541  T  d0
   427    155.669  +0.012910  -0.021045  0.391  0.000  0.541  T  d0
   428    156.034  +0.012927  -0.065148  0.406  0.000  0.541  T  d3
   429    156.398  -0.024701  +0.014526  0.391  0.000  0.541  T  d0
   430    156.763  -0.094107  +0.001467  0.391  0.000  0.541  T  d0
   431    157.127  -0.047733  -0.009591  0.406  0.000  0.541  T  d0
   432    157.492  -0.067991  +0.015028  0.406  0.000  0.541  T  d0
   433    157.856  -0.039649  +0.023469  0.406  0.000  0.541  T  d3
   434    158.221  +0.034552  +0.028605  0.406  0.000  0.541  T  d0
   435    158.585  +0.031159  +0.090630  0.422  0.000  0.541  T  d0
   436    158.950  +0.089689  +0.057127  0.422  0.000  0.541  T  d0
   437    159.315  +0.032561  +0.048395  0.438  0.000  0.541  T  d3
   438    159.679  +0.053671  -0.016632  0.438  0.000  0.541  T  d3
   439    160.044  -0.006379  -0.052740  0.453  0.000  0.541  T  d0
   440    160.408  -0.000168  -0.088229  0.469  0.000  0.545  T  d0
   441    160.773  +0.028476  -0.046670  0.484  0.000  0.545  T  d0
   442    161.137  +0.024455  -0.078587  0.500  0.000  0.545  T  d3
   443    161.502  -0.030440  -0.004296  0.500  0.000  0.545  T  d0
   444    161.867  -0.069490  +0.014457  0.516  0.000  0.545  T  d2
   445    162.231  +0.012106  +0.006268  0.531  0.000  0.545  T  d1
   446    162.596  -0.018456  +0.016077  0.547  0.000  0.545  T  d0
   447    162.960  -0.018898  +0.012078  0.547  0.000  0.545  T  d2
   448    163.325  +0.000584  -0.001810  0.562  0.000  0.545  T  d2
   449    163.689  -0.038183  +0.053519  0.578  0.000  0.545  T  d0
   450    164.054  -0.007487  +0.011618  0.578  0.000  0.545  T  d3
   451    164.419  +0.022762  +0.022979  0.594  0.000  0.545  T  d2
   452    164.783  -0.033275  -0.004321  0.594  0.000  0.545  T  d3
   453    165.148  +0.002463  +0.027190  0.578  0.000  0.545  T  d0
   454    165.512  +0.003101  +0.014101  0.594  0.000  0.545  T  d0
   455    165.877  -0.023781  +0.044798  0.609  0.000  0.545  T  d3
   456    166.241  +0.076997  -0.002690  0.625  0.000  0.567  T  d3
   457    166.606  +0.035424  -0.046861  0.625  0.000  0.567  T  d1
   458    166.970  +0.069332  -0.000418  0.641  0.000  0.567  T  d0
   459    167.335  +0.031221  -0.003139  0.641  0.000  0.567  T  d0
   460    167.700  +0.053710  -0.061153  0.625  0.000  0.567  T  d3
   461    168.064  -0.017122  -0.086779  0.625  0.000  0.567  T  d3
   462    168.429  -0.070455  -0.035410  0.609  0.000  0.567  T  d0
   463    168.793  -0.141192  -0.057612  0.609  0.000  0.567  T  d0
   464    169.158  -0.108106  -0.043390  0.609  0.000  0.567  T  d3
   465    169.522  -0.000873  +0.016188  0.609  0.000  0.567  T  d0
   466    169.887  -0.021017  +0.097177  0.609  0.000  0.567  T  d0
   467    170.252  +0.031374  +0.113453  0.609  0.000  0.567  T  d0
   468    170.616  +0.024600  +0.183847  0.609  0.000  0.567  T  d0
   469    170.981  +0.059250  +0.099608  0.609  0.000  0.567  T  d3
   470    171.345  +0.084012  +0.010699  0.609  0.000  0.567  T  d0
   471    171.710  +0.102449  -0.058070  0.625  0.000  0.567  T  d0
   472    172.074  +0.056859  -0.135839  0.609  0.000  0.579  T  d0
   473    172.439  +0.054553  -0.127093  0.609  0.000  0.579  T  d0
   474    172.803  +0.003975  -0.060734  0.609  0.000  0.579  T  d3
   475    173.168  -0.040532  -0.038621  0.625  0.000  0.579  T  d0
   476    173.533  -0.124205  -0.052561  0.625  0.000  0.579  T  d0
   477    173.897  -0.123085  -0.014713  0.641  0.000  0.579  T  d0
   478    174.262  -0.064695  -0.022299  0.641  0.000  0.579  T  d3
   479    174.626  -0.079000  +0.044022  0.641  0.000  0.579  T  d0
   480    174.991  -0.059577  +0.098758  0.641  0.000  0.579  T  d0
   481    175.355  +0.025182  +0.176663  0.656  0.000  0.579  T  d0
   482    175.720  +0.045528  +0.145383  0.656  0.000  0.579  T  d0
   483    176.085  +0.033192  +0.020285  0.656  0.000  0.579  T  d0
   484    176.449  +0.114143  -0.000581  0.656  0.000  0.579  T  d3
   485    176.814  +0.097886  -0.099661  0.656  0.000  0.579  T  d0
   486    177.178  +0.135637  -0.094533  0.656  0.000  0.579  T  d0
   487    177.543  +0.061424  -0.123337  0.656  0.000  0.579  T  d0
   488    177.907  +0.056502  -0.062743  0.672  0.000  0.567  T  d3
   489    178.272  -0.088848  -0.081020  0.672  0.000  0.567  T  d0
   490    178.637  -0.121823  -0.013861  0.672  0.000  0.567  T  d0
   491    179.001  -0.141784  -0.041397  0.672  0.000  0.567  T  d3
   492    179.366  -0.104615  +0.060452  0.672  0.000  0.567  T  d1
   493    179.730  -0.034450  -0.015913  0.688  0.000  0.567  T  d3
   494    180.095  -0.011488  +0.130556  0.688  0.000  0.567  T  d0
   495    180.459  +0.003971  +0.131025  0.688  0.000  0.567  T  d0
   496    180.824  +0.000195  +0.100953  0.688  0.000  0.567  T  d0
   497    181.188  +0.046432  +0.103376  0.703  0.000  0.567  T  d3
   498    181.553  +0.093831  -0.032256  0.688  0.000  0.567  T  d0
   499    181.918  +0.086470  -0.011741  0.688  0.000  0.567  T  d0
   500    182.282  +0.131702  -0.101570  0.672  0.000  0.567  T  d0
   501    182.647  +0.015216  +0.001291  0.656  0.000  0.567  T  d3
   502    183.011  +0.013981  -0.050797  0.656  0.000  0.567  T  d0
   503    183.376  -0.017540  -0.096616  0.656  0.000  0.567  T  d3
   504    183.740  -0.106553  -0.065207  0.641  0.000  0.524  T  d0
   505    184.105  -0.024153  -0.056108  0.641  0.000  0.524  T  d0
   506    184.470  -0.081764  -0.033738  0.625  0.000  0.524  T  d0
   507    184.834  -0.043408  +0.002914  0.641  0.000  0.524  T  d0
   508    185.199  -0.022988  +0.011462  0.641  0.000  0.524  T  d0
   509    185.563  -0.056303  +0.056069  0.641  0.000  0.524  T  d3
   510    185.928  +0.011106  +0.030687  0.641  0.000  0.524  T  d0
   511    186.292  -0.023277  +0.061623  0.656  0.000  0.524  T  d3
   512    186.657  +0.032453  +0.067583  0.641  0.000  0.524  T  d0
   513    187.022  +0.093163  +0.071391  0.641  0.000  0.524  T  d0
   514    187.386  +0.033066  +0.102246  0.641  0.000  0.524  T  d3
   515    187.751  +0.059048  -0.039876  0.625  0.000  0.524  T  d3
   516    188.115  -0.007853  -0.032701  0.609  0.000  0.524  T  d1
   517    188.480  +0.041280  -0.054371  0.609  0.000  0.524  T  d0
   518    188.844  +0.024565  -0.095456  0.609  0.000  0.524  T  d0
   519    189.209  -0.000027  -0.082472  0.609  0.000  0.524  T  d0
   520    189.573  -0.017241  -0.019810  0.609  0.000  0.532  T  d3
   521    189.938  -0.003653  +0.008822  0.609  0.000  0.532  T  d1
   522    190.303  -0.095915  +0.020477  0.609  0.000  0.532  T  d0
   523    190.667  -0.053120  +0.021262  0.609  0.000  0.532  T  d0
   524    191.032  -0.001494  +0.001577  0.609  0.000  0.532  T  d0
   525    191.396  -0.093858  +0.027175  0.625  0.000  0.532  T  d3
   526    191.761  +0.078868  +0.063537  0.625  0.000  0.532  T  d0
   527    192.125  +0.054513  +0.030846  0.625  0.000  0.532  T  d0
   528    192.490  +0.041937  -0.009591  0.625  0.000  0.532  T  d0
   529    192.855  +0.035336  +0.003903  0.625  0.000  0.532  T  d3
   530    193.219  +0.011038  -0.061684  0.625  0.000  0.532  T  d0
   531    193.584  -0.002802  -0.055949  0.609  0.000  0.532  T  d3
   532    193.948  -0.078370  -0.040264  0.609  0.000  0.532  T  d1
   533    194.313  +0.004306  -0.049526  0.609  0.000  0.532  T  d3
   534    194.677  -0.060736  +0.017510  0.609  0.000  0.532  T  d0
   535    195.042  -0.066356  +0.077310  0.594  0.000  0.532  T  d3
   536    195.406  +0.012725  +0.161030  0.594  0.000  0.515  T  d0
   537    195.771  +0.009930  +0.108183  0.578  0.000  0.515  T  d3
   538    196.136  +0.013931  +0.008745  0.562  0.000  0.515  T  d0
   539    196.500  +0.086586  -0.015811  0.562  0.000  0.515  T  d0
   540    196.865  +0.078462  -0.099426  0.547  0.000  0.515  T  d0
   541    197.229  +0.110466  -0.092642  0.547  0.000  0.515  T  d0
   542    197.594  +0.045586  -0.104816  0.547  0.000  0.515  T  d0
   543    197.958  +0.036373  -0.053026  0.547  0.000  0.515  T  d3
   544    198.323  -0.106007  -0.060523  0.547  0.000  0.515  T  d0
   545    198.688  -0.120265  -0.003260  0.547  0.000  0.515  T  d0
   546    199.052  -0.135318  -0.022113  0.547  0.000  0.515  T  d3
   547    199.417  -0.086357  +0.069128  0.562  0.000  0.515  T  d1
   548    199.781  -0.014063  -0.011044  0.562  0.000  0.515  T  d3
   549    200.146  +0.002903  +0.158216  0.578  0.000  0.515  T  d0
   550    200.510  +0.024013  +0.106335  0.578  0.000  0.515  T  d0
   551    200.875  +0.018394  +0.110643  0.578  0.000  0.515  T  d0
   552    201.240  +0.075592  +0.064532  0.562  0.000  0.536  T  d3
   553    201.604  +0.108326  -0.044875  0.578  0.000  0.536  T  d0
   554    201.969  +0.104992  -0.046149  0.594  0.000  0.536  T  d0
   555    202.333  +0.132339  -0.119029  0.594  0.000  0.536  T  d3
   556    202.698  -0.008811  -0.015083  0.594  0.000  0.536  T  d0
   557    203.062  +0.008993  -0.088670  0.578  0.000  0.536  T  d3
   558    203.427  -0.103315  -0.087513  0.578  0.000  0.536  T  d0
   559    203.791  -0.190739  -0.049681  0.562  0.000  0.536  T  d0
   560    204.156  -0.097553  +0.002890  0.562  0.000  0.536  T  d0
   561    204.521  -0.073852  -0.051284  0.547  0.000  0.536  T  d3
   562    204.885  -0.038168  +0.095287  0.562  0.000  0.536  T  d3
   563    205.250  +0.106201  +0.096903  0.562  0.000  0.536  T  d0
   564    205.614  +0.049717  +0.146983  0.578  0.000  0.536  T  d0
   565    205.979  +0.052387  +0.055632  0.594  0.000  0.536  T  d3
   566    206.343  +0.084697  -0.009911  0.609  0.000  0.536  T  d3
   567    206.708  +0.041366  -0.066227  0.594  0.000  0.536  T  d3
   568    207.073  -0.044037  -0.074674  0.609  0.000  0.549  T  d1
   569    207.437  +0.046866  -0.064178  0.609  0.000  0.549  T  d3
   570    207.802  -0.042908  -0.033173  0.609  0.000  0.549  T  d0
   571    208.166  -0.052987  -0.033220  0.594  0.000  0.549  T  d3
   572    208.531  -0.065326  +0.053282  0.578  0.000  0.549  T  d0
   573    208.895  -0.055185  +0.051384  0.578  0.000  0.549  T  d3
   574    209.260  -0.000451  +0.048031  0.578  0.000  0.549  T  d0
   575    209.624  +0.018779  +0.041343  0.562  0.000  0.549  T  d3
   576    209.989  +0.073380  +0.009067  0.562  0.000  0.549  T  d0
   577    210.354  +0.046681  +0.011681  0.562  0.000  0.549  T  d0
   578    210.718  +0.112846  -0.021673  0.562  0.000  0.549  T  d0
   579    211.083  +0.053084  -0.029495  0.562  0.000  0.549  T  d3
   580    211.447  -0.016027  -0.067938  0.562  0.000  0.549  T  d0
   581    211.812  -0.051151  -0.059622  0.562  0.000  0.549  T  d0
   582    212.176  -0.081542  -0.070896  0.562  0.000  0.549  T  d0
   583    212.541  -0.078361  -0.063596  0.562  0.000  0.549  T  d3
   584    212.906  -0.014770  +0.018927  0.547  0.000  0.541  T  d0
   585    213.270  -0.016371  +0.048985  0.547  0.000  0.541  T  d0
   586    213.635  -0.035623  +0.052314  0.547  0.000  0.541  T  d0
   587    213.999  -0.042376  +0.119505  0.547  0.000  0.541  T  d0
   588    214.364  +0.005753  +0.080303  0.547  0.000  0.541  T  d3
   589    214.728  +0.047025  +0.035635  0.531  0.000  0.541  T  d1
   590    215.093  -0.009566  +0.028919  0.531  0.000  0.541  T  d3
   591    215.458  +0.084992  +0.006372  0.516  0.000  0.541  T  d0
   592    215.822  +0.039396  +0.035261  0.516  0.000  0.541  T  d3
   593    216.187  +0.033791  -0.051210  0.500  0.000  0.541  T  d0
   594    216.551  +0.051214  -0.046678  0.500  0.000  0.541  T  d0
   595    216.916  +0.060523  -0.101293  0.516  0.000  0.541  T  d0
   596    217.280  +0.000125  -0.105838  0.500  0.000  0.541  T  d0
   597    217.645  -0.005589  -0.049266  0.500  0.000  0.541  T  d0
   598    218.009  +0.021971  -0.045291  0.516  0.000  0.541  T  d3
   599    218.374  -0.100395  -0.024836  0.531  0.000  0.541  T  d0
   600    218.739  -0.101476  -0.001919  0.547  0.000  0.511  T  d0
   601    219.103  -0.111412  +0.001193  0.562  0.000  0.511  T  d3
   602    219.468  -0.054878  +0.059821  0.578  0.000  0.511  T  d2
   603    219.832  +0.004273  -0.005544  0.562  0.000  0.511  T  d2
   604    220.197  +0.007569  +0.168094  0.578  0.000  0.511  T  d0
   605    220.561  +0.022900  +0.085783  0.578  0.000  0.511  T  d0
   606    220.926  +0.004084  +0.120680  0.594  0.000  0.511  T  d3
   607    221.291  +0.069329  +0.039822  0.578  0.000  0.511  T  d3
   608    221.655  +0.078557  -0.029832  0.594  0.000  0.511  T  d0
   609    222.020  +0.094084  -0.048208  0.594  0.000  0.511  T  d0
   610    222.384  +0.100167  -0.086742  0.594  0.000  0.511  T  d2
   611    222.749  -0.019401  +0.006908  0.594  0.000  0.511  T  d1
   612    223.113  +0.020233  -0.070971  0.594  0.000  0.511  T  d3
   613    223.478  -0.063475  -0.087119  0.594  0.000  0.511  T  d0
   614    223.843  -0.084466  -0.045108  0.578  0.000  0.511  T  d0
   615    224.207  -0.017402  -0.051948  0.578  0.000  0.511  T  d3
   616    224.572  -0.076316  -0.004657  0.578  0.000  0.511  T  d3
   617    224.936  -0.000282  +0.004405  0.578  0.000  0.511  T  d0
   618    225.301  -0.020508  +0.029661  0.578  0.000  0.511  T  d0
   619    225.665  -0.014137  +0.049545  0.578  0.000  0.511  T  d3
   620    226.030  +0.027553  +0.011993  0.578  0.000  0.511  T  d1
   621    226.394  -0.015166  +0.057044  0.578  0.000  0.511  T  d3
   622    226.759  +0.014423  -0.001035  0.578  0.000  0.511  T  d1
   623    227.124  +0.003213  +0.032498  0.578  0.000  0.511  T  d0
   624    227.488  +0.003820  +0.061891  0.578  0.000  0.511  T  d3
   625    227.853  +0.042074  -0.045342  0.578  0.000  0.511  T  d2
   626    228.217  -0.019275  +0.028199  0.562  0.000  0.511  T  d0
   627    228.582  -0.039937  +0.031649  0.547  0.000  0.511  T  d3
   628    228.946  +0.026757  +0.037653  0.531  0.000  0.511  T  d0
   629    229.311  +0.057689  +0.031812  0.516  0.000  0.511  T  d0
   630    229.676  +0.031907  -0.008637  0.500  0.000  0.511  T  d0
   631    230.040  +0.046946  -0.068200  0.500  0.000  0.511  T  d0
   632    230.405  +0.062806  -0.088533  0.484  0.000  0.476  T  d0
   633    230.769  +0.013160  -0.118054  0.469  0.000  0.476  T  d0
   634    231.134  -0.014548  -0.051400  0.469  0.000  0.476  T  d3
   635    231.498  -0.025684  -0.011217  0.469  0.000  0.476  T  d0
   636    231.863  -0.085668  -0.027792  0.484  0.000  0.476  T  d0
   637    232.227  -0.130551  -0.023304  0.484  0.000  0.476  T  d0
   638    232.592  -0.102684  +0.029764  0.484  0.000  0.476  T  d3
   639    232.957  -0.012496  +0.060175  0.500  0.000  0.476  T  d0
   640    233.321  -0.002479  +0.033303  0.500  0.000  0.476  T  d0
   641    233.686  +0.037393  +0.179430  0.500  0.000  0.476  T  d0
   642    234.050  +0.042921  +0.095224  0.500  0.000  0.476  T  d0
   643    234.415  -0.004425  +0.075163  0.516  0.000  0.476  T  d3
   644    234.779  +0.079816  -0.024613  0.516  0.000  0.476  T  d0
   645    235.144  +0.100925  -0.001924  0.531  0.000  0.476  T  d3
   646    235.509  +0.077214  -0.091989  0.531  0.000  0.476  T  d0
   647    235.873  +0.079068  -0.029030  0.531  0.000  0.476  T  d3
   648    236.238  -0.031791  -0.030958  0.547  0.000  0.464  T  d0
   649    236.602  -0.020153  -0.080762  0.547  0.000  0.464  T  d0
   650    236.967  -0.039509  -0.069174  0.547  0.000  0.464  T  d0
   651    237.331  -0.100410  -0.045308  0.547  0.000  0.464  T  d0
   652    237.696  -0.045135  -0.043862  0.547  0.000  0.464  T  d3
   653    238.061  -0.004740  +0.016792  0.562  0.000  0.464  T  d1
   654    238.425  -0.053219  +0.021115  0.578  0.000  0.464  T  d3
   655    238.790  +0.010789  +0.024629  0.594  0.000  0.464  T  d0
   656    239.154  +0.009876  +0.030705  0.594  0.000  0.464  T  d1
   657    239.519  -0.033464  +0.047418  0.609  0.000  0.464  T  d3
   658    239.883  +0.051709  +0.023400  0.625  0.000  0.464  T  d1
   659    240.248  -0.023696  +0.030705  0.609  0.000  0.464  T  d3
   660    240.612  +0.018273  +0.025550  0.625  0.000  0.464  T  d3
   661    240.977  +0.031580  -0.005723  0.625  0.000  0.464  T  d2
   662    241.342  -0.038274  +0.053795  0.625  0.000  0.464  T  d3
   663    241.706  +0.062566  +0.004307  0.609  0.000  0.464  T  d2
   664    242.071  -0.016166  +0.013737  0.609  0.000  0.442  T  d3
   665    242.435  +0.008648  +0.018551  0.609  0.000  0.442  T  d3
   666    242.800  +0.057566  -0.007601  0.609  0.000  0.442  T  d3
   667    243.164  +0.009572  -0.013611  0.625  0.000  0.442  T  d0
   668    243.529  +0.025278  -0.062587  0.609  0.000  0.442  T  d0
   669    243.894  +0.061378  -0.106135  0.609  0.000  0.442  T  d0
   670    244.258  +0.013934  -0.076309  0.609  0.000  0.442  T  d0
   671    244.623  -0.027332  -0.053830  0.625  0.000  0.442  T  d3
   672    244.987  -0.093534  +0.005882  0.609  0.000  0.442  T  d0
   673    245.352  -0.082595  -0.009586  0.594  0.000  0.442  T  d0
   674    245.716  -0.128575  +0.010954  0.594  0.000  0.442  T  d0
   675    246.081  -0.060101  +0.004148  0.594  0.000  0.442  T  d3
   676    246.445  -0.011459  +0.089948  0.594  0.000  0.442  T  d0
   677    246.810  +0.023460  +0.087456  0.578  0.000  0.442  T  d0
   678    247.175  +0.069908  +0.179649  0.578  0.000  0.442  T  d0
   679    247.539  +0.064768  +0.055345  0.578  0.000  0.442  T  d0
   680    247.904  +0.057196  +0.056496  0.594  0.000  0.442  T  d3
   681    248.268  +0.115905  -0.097941  0.578  0.000  0.442  T  d0
   682    248.633  +0.095781  -0.054577  0.578  0.000  0.442  T  d0
   683    248.997  +0.125477  -0.079852  0.578  0.000  0.442  T  d3
   684    249.362  +0.001894  -0.071582  0.578  0.000  0.442  T  d0
   685    249.727  -0.048628  -0.067344  0.578  0.000  0.442  T  d0
   686    250.091  -0.094831  -0.094544  0.594  0.000  0.442  T  d0
   687    250.456  -0.219665  -0.038576  0.609  0.000  0.442  T  d0
   688    250.820  -0.108524  +0.002951  0.609  0.000  0.442  T  d0
   689    251.185  -0.075199  -0.006287  0.609  0.000  0.442  T  d0
   690    251.549  -0.055582  +0.044808  0.609  0.000  0.442  T  d3
   691    251.914  -0.001067  +0.146439  0.625  0.000  0.442  T  d0
   692    252.279  +0.067097  +0.154955  0.625  0.000  0.442  T  d0
   693    252.643  +0.084104  +0.082372  0.641  0.000  0.442  T  d0
   694    253.008  +0.035238  +0.053991  0.641  0.000  0.442  T  d3
   695    253.372  +0.110093  -0.053371  0.641  0.000  0.442  T  d0
   696    253.737  +0.096115  -0.069083  0.641  0.000  0.472  T  d0
   697    254.101  +0.129000  -0.059530  0.656  0.000  0.472  T  d0
   698    254.466  +0.028324  -0.055351  0.656  0.000  0.472  T  d0
   699    254.830  +0.016579  -0.093738  0.672  0.000  0.472  T  d3
   700    255.195  -0.106106  -0.059828  0.672  0.000  0.472  T  d0
   701    255.560  -0.057235  -0.108142  0.672  0.000  0.472  T  d0
   702    255.924  -0.114117  -0.036401  0.672  0.000  0.472  T  d0
   703    256.289  -0.112550  +0.018082  0.656  0.000  0.472  T  d3
   704    256.653  +0.027954  +0.108785  0.656  0.000  0.472  T  d1
   705    257.018  -0.049598  +0.043880  0.641  0.000  0.472  T  d0
   706    257.382  -0.059598  +0.132450  0.641  0.000  0.472  T  d0
   707    257.747  +0.038352  +0.113006  0.625  0.000  0.472  T  d3
   708    258.112  +0.059942  -0.025220  0.625  0.000  0.472  T  d2
   709    258.476  -0.014272  +0.021729  0.625  0.000  0.472  T  d3
   710    258.841  +0.035014  +0.014959  0.625  0.000  0.472  T  d0
   711    259.205  +0.067280  +0.014089  0.625  0.000  0.472  T  d0
   712    259.570  +0.053912  -0.011083  0.625  0.000  0.442  T  d3
   713    259.934  +0.035701  -0.067015  0.625  0.000  0.442  T  d0
   714    260.299  +0.064016  -0.087458  0.625  0.000  0.442  T  d0
   715    260.664  +0.019705  -0.104435  0.625  0.000  0.442  T  d0
   716    261.028  -0.022504  -0.062437  0.625  0.000  0.442  T  d3
   717    261.393  -0.021694  +0.021315  0.609  0.000  0.442  T  d0
   718    261.757  -0.073006  +0.005362  0.594  0.000  0.442  T  d0
   719    262.122  -0.109500  +0.009410  0.594  0.000  0.442  T  d0
   720    262.486  -0.111564  +0.036583  0.578  0.000  0.442  T  d3
   721    262.851  -0.003797  +0.053170  0.578  0.000  0.442  T  d3
   722    263.215  +0.024831  +0.018700  0.562  0.000  0.442  T  d0
   723    263.580  +0.053888  +0.101169  0.578  0.000  0.442  T  d3
   724    263.945  +0.109906  +0.005328  0.578  0.000  0.442  T  d0
   725    264.309  +0.032516  +0.001900  0.578  0.000  0.442  T  d3
   726    264.674  +0.010676  -0.045451  0.578  0.000  0.442  T  d1
   727    265.038  +0.038304  -0.013974  0.578  0.000  0.442  T  d3
   728    265.403  -0.016718  -0.055586  0.578  0.000  0.421  T  d0
   729    265.767  -0.015197  -0.101367  0.578  0.000  0.421  T  d3
   730    266.132  -0.063656  +0.005415  0.578  0.000  0.421  T  d0
   731    266.497  -0.026710  +0.023985  0.562  0.000  0.421  T  d0
   732    266.861  -0.034455  +0.048359  0.578  0.000  0.421  T  d0
   733    267.226  -0.037518  +0.065702  0.578  0.000  0.421  T  d0
   734    267.590  -0.039317  +0.034984  0.578  0.000  0.421  T  d3
   735    267.955  +0.013789  +0.083003  0.562  0.000  0.421  T  d3
   736    268.319  +0.064485  -0.057508  0.578  0.000  0.421  T  d1
   737    268.684  +0.086909  +0.027582  0.594  0.000  0.421  T  d0
   738    269.048  +0.087026  +0.022121  0.594  0.000  0.421  T  d3
   739    269.413  +0.091933  -0.072519  0.594  0.000  0.421  T  d3
   740    269.778  -0.027913  -0.039699  0.594  0.000  0.421  T  d0
   741    270.142  -0.033088  -0.042687  0.609  0.000  0.421  T  d0
   742    270.507  -0.086156  -0.067576  0.625  0.000  0.421  T  d0
   743    270.871  -0.056531  -0.037348  0.625  0.000  0.421  T  d0
   744    271.236  -0.031821  -0.072537  0.609  0.000  0.416  T  d3
   745    271.600  -0.074292  +0.034030  0.625  0.000  0.416  T  d0
   746    271.965  -0.033655  +0.043629  0.609  0.000  0.416  T  d0
   747    272.330  -0.032731  +0.022309  0.609  0.000  0.416  T  d3
   748    272.694  +0.010662  +0.042585  0.609  0.000  0.416  T  d1
   749    273.059  -0.038107  +0.052018  0.609  0.000  0.416  T  d3
   750    273.423  +0.074841  +0.091121  0.609  0.000  0.416  T  d0
   751    273.788  +0.081997  +0.100758  0.609  0.000  0.416  T  d3
   752    274.152  +0.035495  +0.001548  0.609  0.000  0.416  T  d0
   753    274.517  +0.096675  +0.046548  0.609  0.000  0.416  T  d3
   754    274.882  +0.029519  -0.038574  0.625  0.000  0.416  T  d0
   755    275.246  +0.058411  -0.102069  0.625  0.000  0.416  T  d0
   756    275.611  +0.045670  -0.107678  0.641  0.000  0.416  T  d0
   757    275.975  +0.005774  -0.103677  0.641  0.000  0.416  T  d0
   758    276.340  +0.012992  -0.016730  0.641  0.000  0.416  T  d3
   759    276.704  -0.135797  -0.056315  0.656  0.000  0.416  T  d0
   760    277.069  -0.147110  -0.017808  0.672  0.000  0.442  T  d0
   761    277.433  -0.113767  +0.014390  0.672  0.000  0.442  T  d0
   762    277.798  -0.056328  +0.021462  0.688  0.000  0.442  T  d3
   763    278.163  -0.020572  +0.086617  0.688  0.000  0.442  T  d0
   764    278.527  +0.020887  +0.128755  0.688  0.000  0.442  T  d0
   765    278.892  -0.014794  +0.127898  0.688  0.000  0.442  T  d0
   766    279.256  +0.057733  +0.121194  0.688  0.000  0.442  T  d3
   767    279.621  +0.063359  -0.011493  0.688  0.000  0.442  T  d0
   768    279.985  +0.127182  -0.080433  0.703  0.000  0.442  T  d0
   769    280.350  +0.127485  -0.079685  0.719  0.000  0.442  T  d0
   770    280.715  +0.083336  -0.115222  0.719  0.000  0.442  T  d0
   771    281.079  +0.054379  -0.117874  0.734  0.000  0.442  T  d3
   772    281.444  -0.029239  -0.036304  0.750  0.000  0.442  T  d0
   773    281.808  -0.101533  -0.055858  0.734  0.000  0.442  T  d0
   774    282.173  -0.162169  -0.031312  0.734  0.000  0.442  T  d0
   775    282.537  -0.147623  +0.008062  0.734  0.000  0.442  T  d3
   776    282.902  -0.051362  +0.076895  0.719  0.000  0.451  T  d0
   777    283.266  -0.020417  +0.024325  0.719  0.000  0.451  T  d3
   778    283.631  +0.022914  +0.182006  0.703  0.000  0.451  T  d0
   779    283.996  +0.058682  +0.112157  0.703  0.000  0.451  T  d0
   780    284.360  +0.013274  +0.084130  0.703  0.000  0.451  T  d3
   781    284.725  +0.092128  -0.022579  0.719  0.000  0.451  T  d0
   782    285.089  +0.137374  -0.015768  0.734  0.000  0.451  T  d0
   783    285.454  +0.101131  -0.103661  0.734  0.000  0.451  T  d0
   784    285.818  +0.103403  -0.072723  0.734  0.000  0.451  T  d3
   785    286.183  -0.021139  -0.049625  0.719  0.000  0.451  T  d0
   786    286.548  -0.047727  -0.091475  0.719  0.000  0.451  T  d0
   787    286.912  -0.123305  -0.059583  0.719  0.000  0.451  T  d0
   788    287.277  -0.188412  -0.077265  0.719  0.000  0.451  T  d0
   789    287.641  -0.154033  -0.000578  0.703  0.000  0.451  T  d3
   790    288.006  -0.041829  +0.058803  0.703  0.000  0.451  T  d0
   791    288.370  -0.020415  +0.099562  0.703  0.000  0.451  T  d0
   792    288.735  +0.052995  +0.142139  0.703  0.000  0.472  T  d0
   793    289.100  +0.058847  +0.111569  0.703  0.000  0.472  T  d0
   794    289.464  +0.063643  +0.082464  0.703  0.000  0.472  T  d0
   795    289.829  +0.075634  +0.013702  0.719  0.000  0.472  T  d0
   796    290.193  +0.094738  -0.047924  0.719  0.000  0.472  T  d0
   797    290.558  +0.141456  -0.108207  0.719  0.000  0.472  T  d0
   798    290.922  +0.098603  -0.087503  0.719  0.000  0.472  T  d3
   799    291.287  -0.010200  -0.070704  0.719  0.000  0.472  T  d0
   800    291.651  -0.067906  -0.090713  0.719  0.000  0.472  T  d0
   801    292.016  -0.105600  -0.058872  0.719  0.000  0.472  T  d0
   802    292.381  -0.091524  -0.046052  0.719  0.000  0.472  T  d0
   803    292.745  -0.072611  -0.018789  0.719  0.000  0.472  T  d0
   804    293.110  -0.090275  +0.048020  0.719  0.000  0.472  T  d3
   805    293.474  +0.027102  +0.118311  0.703  0.000  0.472  T  d0
   806    293.839  -0.031199  +0.080070  0.703  0.000  0.472  T  d0
   807    294.203  -0.051387  +0.118521  0.703  0.000  0.472  T  d3
   808    294.568  +0.079904  +0.054504  0.703  0.000  0.459  T  d1
   809    294.933  -0.007872  +0.029866  0.703  0.000  0.459  T  d3
   810    295.297  +0.060202  -0.000057  0.703  0.000  0.459  T  d0
   811    295.662  +0.075634  +0.029408  0.688  0.000  0.459  T  d3
   812    296.026  +0.028454  -0.018765  0.688  0.000  0.459  T  d0
   813    296.391  +0.050678  -0.062969  0.688  0.000  0.459  T  d0
   814    296.755  +0.053724  -0.071063  0.672  0.000  0.459  T  d0
   815    297.120  +0.039790  -0.125323  0.672  0.000  0.459  T  d3
   816    297.485  -0.040051  -0.072800  0.656  0.000  0.459  T  d1
   817    297.849  +0.034747  -0.036960  0.656  0.000  0.459  T  d3
   818    298.214  -0.067777  -0.044609  0.641  0.000  0.459  T  d0
   819    298.578  -0.110420  +0.014221  0.625  0.000  0.459  T  d0
   820    298.943  -0.118617  -0.016962  0.625  0.000  0.459  T  d3
   821    299.307  -0.087057  +0.071487  0.609  0.000  0.459  T  d0
   822    299.672  -0.014688  +0.008363  0.609  0.000  0.459  T  d3
   823    300.036  +0.016836  +0.096991  0.594  0.000  0.459  T  d0
   824    300.401  +0.047914  +0.168737  0.594  0.000  0.481  T  d0
   825    300.766  +0.049120  +0.090703  0.578  0.000  0.481  T  d0
   826    301.130  +0.027147  +0.012721  0.562  0.000  0.481  T  d0
   827    301.495  +0.108174  +0.003957  0.547  0.000  0.481  T  d0
   828    301.859  +0.091957  -0.027400  0.547  0.000  0.481  T  d0
   829    302.224  +0.123822  -0.124684  0.547  0.000  0.481  T  d0
   830    302.588  +0.039926  -0.038014  0.547  0.000  0.481  T  d3
   831    302.953  -0.003138  -0.059974  0.547  0.000  0.481  T  d0
   832    303.318  -0.064187  -0.108123  0.531  0.000  0.481  T  d0
   833    303.682  -0.202147  -0.065811  0.531  0.000  0.481  T  d0
   834    304.047  -0.135863  +0.004547  0.531  0.000  0.481  T  d0
   835    304.411  -0.080772  -0.043467  0.516  0.000  0.481  T  d3
   836    304.776  -0.076315  +0.055043  0.500  0.000  0.481  T  d3
   837    305.140  +0.068231  +0.116727  0.500  0.000  0.481  T  d0
   838    305.505  +0.075030  +0.139698  0.484  0.000  0.481  T  d0
   839    305.869  +0.039617  +0.109039  0.469  0.000  0.481  T  d3
   840    306.234  +0.084208  +0.005342  0.469  0.000  0.519  T  d0
   841    306.599  +0.083122  -0.036564  0.469  0.000  0.519  T  d3
   842    306.963  -0.021311  -0.080799  0.469  0.000  0.519  T  d1
   843    307.328  +0.049585  -0.064661  0.453  0.000  0.519  T  d0
   844    307.692  +0.025876  -0.053502  0.469  0.000  0.519  T  d3
   845    308.057  -0.034899  -0.048618  0.453  0.000  0.519  T  d3
   846    308.421  -0.018964  -0.003007  0.453  0.000  0.519  T  d0
   847    308.786  -0.057005  +0.034056  0.438  0.000  0.519  T  d3
   848    309.151  +0.013856  +0.015566  0.438  0.000  0.519  T  d2
   849    309.515  -0.013848  -0.001567  0.438  0.000  0.519  T  d2
   850    309.880  +0.023799  -0.014704  0.438  0.000  0.519  T  d2
   851    310.244  -0.066365  +0.004981  0.422  0.000  0.519  T  d0
   852    310.609  -0.043865  +0.044139  0.406  0.000  0.519  T  d3
   853    310.973  +0.040422  +0.000903  0.406  0.000  0.519  T  d3
   854    311.338  -0.017094  -0.021623  0.391  0.000  0.519  T  d3
   855    311.703  -0.061181  +0.034789  0.391  0.000  0.519  T  d0
   856    312.067  -0.018730  +0.031962  0.391  0.000  0.519  T  d3
   857    312.432  +0.030841  +0.012027  0.391  0.000  0.519  T  d1
   858    312.796  -0.018588  +0.037552  0.391  0.000  0.519  T  d3
   859    313.161  +0.058168  -0.005466  0.375  0.000  0.519  T  d0
   860    313.525  +0.068593  +0.021067  0.359  0.000  0.519  T  d0
   861    313.890  +0.097280  -0.044101  0.359  0.000  0.519  T  d0
   862    314.254  +0.060516  +0.015613  0.359  0.000  0.519  T  d3
   863    314.619  +0.034336  -0.043898  0.359  0.000  0.519  T  d3
   864    314.984  -0.054991  -0.060162  0.359  0.000  0.519  T  d0
   865    315.348  -0.041629  -0.065645  0.359  0.000  0.519  T  d0
   866    315.713  -0.041978  -0.089298  0.359  0.000  0.519  T  d3
   867    316.077  -0.117806  -0.023624  0.359  0.000  0.519  T  d3
   868    316.442  -0.026109  +0.048207  0.375  0.000  0.519  T  d3
   869    316.806  +0.030041  +0.075235  0.375  0.000  0.519  T  d1
   870    317.171  -0.070935  +0.032974  0.375  0.000  0.519  T  d3
   871    317.536  -0.020735  +0.146335  0.375  0.000  0.519  T  d3
   872    317.900  +0.065353  +0.011698  0.375  0.000  0.515  T  d3
   873    318.265  +0.010275  -0.034275  0.375  0.000  0.515  T  d3
   874    318.629  -0.017853  +0.009344  0.391  0.000  0.515  T  d2
   875    318.994  +0.034826  -0.009311  0.406  0.000  0.515  T  d0
   876    319.358  +0.039518  +0.013688  0.406  0.000  0.515  T  d3
   877    319.723  +0.009121  -0.022023  0.406  0.000  0.515  T  d0
   878    320.087  +0.042473  -0.019844  0.422  0.000  0.515  T  d3
   879    320.452  +0.004594  -0.033479  0.422  0.000  0.515  T  d1
   880    320.817  +0.009654  +0.004281  0.438  0.000  0.515  T  d3
   881    321.181  +0.032925  -0.017541  0.453  0.000  0.515  T  d3
   882    321.546  -0.010444  -0.034838  0.469  0.000  0.515  T  d1
   883    321.910  +0.023122  +0.000182  0.484  0.000  0.515  T  d3
   884    322.275  +0.020199  -0.057328  0.484  0.000  0.515  T  d3
   885    322.639  -0.044554  +0.003302  0.500  0.000  0.515  T  d1
   886    323.004  -0.020979  -0.030181  0.516  0.000  0.515  T  d3
   887    323.369  -0.029962  +0.015224  0.531  0.000  0.515  T  d0
   888    323.733  -0.103179  +0.014379  0.531  0.000  0.502  T  d0
   889    324.098  -0.064180  +0.010356  0.547  0.000  0.502  T  d0
   890    324.462  -0.060406  -0.011436  0.547  0.000  0.502  T  d3
   891    324.827  -0.051677  +0.071931  0.562  0.000  0.502  T  d3
   892    325.191  +0.086820  +0.095761  0.562  0.000  0.502  T  d0
   893    325.556  +0.053199  +0.132585  0.562  0.000  0.502  T  d0
   894    325.921  +0.037164  +0.077812  0.562  0.000  0.502  T  d3
   895    326.285  +0.089310  -0.005997  0.578  0.000  0.502  T  d0
   896    326.650  +0.095123  -0.069795  0.578  0.000  0.502  T  d0
   897    327.014  +0.082704  -0.151504  0.578  0.000  0.502  T  d0
   898    327.379  +0.028605  -0.047161  0.578  0.000  0.502  T  d0
   899    327.743  +0.035473  -0.108078  0.594  0.000  0.502  T  d0
   900    328.108  -0.032757  -0.091752  0.594  0.000  0.502  T  d3
   901    328.472  -0.141991  -0.034620  0.594  0.000  0.502  T  d0
   902    328.837  -0.135863  -0.043280  0.609  0.000  0.502  T  d0
   903    329.202  -0.129382  -0.033890  0.625  0.000  0.502  T  d3
   904    329.566  -0.025947  +0.059158  0.625  0.000  0.511  T  d0
   905    329.931  -0.007088  +0.134318  0.641  0.000  0.511  T  d0
   906    330.295  +0.031334  +0.137567  0.656  0.000  0.511  T  d0
   907    330.660  +0.032431  +0.194884  0.672  0.000  0.511  T  d0
   908    331.024  +0.072605  +0.091656  0.672  0.000  0.511  T  d3
   909    331.389  +0.092245  +0.005400  0.672  0.000  0.511  T  d0
   910    331.754  +0.109944  -0.070302  0.656  0.000  0.511  T  d0
   911    332.118  +0.058523  -0.143837  0.672  0.000  0.511  T  d0
   912    332.483  +0.060374  -0.127762  0.688  0.000  0.511  T  d0
   913    332.847  -0.000986  -0.059073  0.703  0.000  0.511  T  d0
   914    333.212  -0.041403  -0.049198  0.703  0.000  0.511  T  d0
   915    333.576  -0.135457  -0.055360  0.703  0.000  0.511  T  d0
   916    333.941  -0.107261  -0.032401  0.719  0.000  0.511  T  d0
   917    334.306  -0.081870  -0.000226  0.734  0.000  0.511  T  d0
   918    334.670  -0.070250  +0.045499  0.734  0.000  0.511  T  d0
   919    335.035  -0.050583  +0.101452  0.734  0.000  0.511  T  d0
   920    335.399  +0.035930  +0.181007  0.719  0.000  0.549  T  d0
   921    335.764  +0.032056  +0.129879  0.703  0.000  0.549  T  d3
   922    336.128  +0.043615  +0.017442  0.688  0.000  0.549  T  d0
   923    336.493  +0.112829  -0.011573  0.703  0.000  0.549  T  d0
   924    336.857  +0.098409  -0.102542  0.703  0.000  0.549  T  d0
   925    337.222  +0.125530  -0.095741  0.703  0.000  0.549  T  d0
   926    337.587  +0.053579  -0.115142  0.688  0.000  0.549  T  d0
   927    337.951  +0.041067  -0.059153  0.703  0.000  0.549  T  d3
   928    338.316  -0.107151  -0.068160  0.688  0.000  0.549  T  d0
   929    338.680  -0.124894  -0.009937  0.688  0.000  0.549  T  d0
   930    339.045  -0.144817  -0.025351  0.688  0.000  0.549  T  d0
   931    339.409  -0.094881  +0.064280  0.688  0.000  0.549  T  d1
   932    339.774  -0.024662  -0.005018  0.672  0.000  0.549  T  d3
   933    340.139  -0.002531  +0.142364  0.688  0.000  0.549  T  d0
   934    340.503  +0.043622  +0.153711  0.688  0.000  0.549  T  d0
   935    340.868  +0.018189  +0.074004  0.688  0.000  0.549  T  d3
   936    341.232  +0.045268  +0.010491  0.703  0.000  0.511  T  d0
   937    341.597  +0.107354  +0.014603  0.688  0.000  0.511  T  d0
   938    341.961  +0.098726  -0.048129  0.672  0.000  0.511  T  d0
   939    342.326  +0.123684  -0.111341  0.656  0.000  0.511  T  d0
   940    342.690  +0.019531  -0.010924  0.641  0.000  0.511  T  d3
   941    343.055  +0.009821  -0.085769  0.641  0.000  0.511  T  d3
   942    343.420  -0.103171  -0.093964  0.625  0.000  0.511  T  d0
   943    343.784  -0.186765  -0.049165  0.609  0.000  0.511  T  d0
   944    344.149  -0.098078  +0.002323  0.594  0.000  0.511  T  d0
   945    344.513  -0.072646  -0.050999  0.578  0.000  0.511  T  d3
   946    344.878  -0.039991  +0.092548  0.562  0.000  0.511  T  d3
   947    345.242  +0.106363  +0.097050  0.547  0.000  0.511  T  d0
   948    345.607  +0.052298  +0.144330  0.531  0.000  0.511  T  d0
   949    345.972  +0.051323  +0.057765  0.516  0.000  0.511  T  d3
   950    346.336  +0.083250  -0.011046  0.500  0.000  0.511  T  d3
   951    346.701  +0.042784  -0.066598  0.500  0.000  0.511  T  d3
   952    347.065  -0.044640  -0.077439  0.484  0.000  0.524  T  d1
   953    347.430  +0.044218  -0.064491  0.469  0.000  0.524  T  d3
   954    347.794  -0.041891  -0.036392  0.484  0.000  0.524  T  d0
   955    348.159  -0.052711  -0.032981  0.469  0.000  0.524  T  d3
   956    348.524  -0.066963  +0.046423  0.469  0.000  0.524  T  d0
   957    348.888  -0.057607  +0.055058  0.469  0.000  0.524  T  d3
   958    349.253  +0.004712  +0.053797  0.469  0.000  0.524  T  d0
   959    349.617  +0.008721  +0.025997  0.453  0.000  0.524  T  d3
   960    349.982  +0.073722  +0.019987  0.453  0.000  0.524  T  d0
   961    350.346  +0.040260  +0.016032  0.453  0.000  0.524  T  d0
   962    350.711  +0.112008  -0.014188  0.453  0.000  0.524  T  d0
   963    351.075  +0.059805  -0.015475  0.453  0.000  0.524  T  d3
   964    351.440  -0.007988  -0.058656  0.453  0.000  0.524  T  d0
   965    351.805  -0.058322  -0.070187  0.453  0.000  0.524  T  d0
   966    352.169  -0.068560  -0.055139  0.453  0.000  0.524  T  d0
   967    352.534  -0.050103  -0.049397  0.453  0.000  0.524  T  d0
   968    352.898  -0.056737  -0.017209  0.469  0.000  0.515  T  d3
   969    353.263  -0.033533  +0.065119  0.469  0.000  0.515  T  d3
   970    353.627  +0.054715  +0.076019  0.453  0.000  0.515  T  d1
   971    353.992  -0.077486  +0.060448  0.453  0.000  0.515  T  d3
   972    354.357  +0.022454  +0.073492  0.438  0.000  0.515  T  d3
   973    354.721  +0.040675  +0.000144  0.438  0.000  0.515  T  d2
   974    355.086  -0.021249  -0.010395  0.438  0.000  0.515  T  d2
   975    355.450  +0.063765  -0.017641  0.422  0.000  0.515  T  d1
   976    355.815  +0.014905  +0.012800  0.406  0.000  0.515  T  d3
   977    356.179  +0.001577  -0.039243  0.391  0.000  0.515  T  d1
   978    356.544  +0.033556  -0.022693  0.406  0.066  0.515  T  d3
   979    356.908  -0.010674  -0.022087  0.406  0.066  0.515  T  d2
   980    357.273  +0.004624  +0.017328  0.406  0.066  0.515  T  d2
   981    357.638  -0.004759  -0.011629  0.391  0.066  0.515  T  d1
   982    358.002  +0.034948  -0.012345  0.391  0.066  0.515  T  d0
   983    358.367  +0.010683  -0.007166  0.406  0.066  0.515  T  d1
   984    358.731  +0.010839  +0.010245  0.406  0.066  0.498  T  d2
   985    359.096  -0.003230  -0.035646  0.406  0.066  0.498  T  d0
   986    359.460  +0.024678  -0.057022  0.406  0.066  0.498  T  d3
   987    359.825  -0.054841  +0.021623  0.391  0.066  0.498  T  d0
   988    360.190  -0.101891  -0.012737  0.391  0.066  0.498  T  d0
   989    360.554  -0.043135  +0.019819  0.375  0.066  0.498  T  d0
   990    360.919  -0.049245  +0.039570  0.375  0.103  0.498  T  d1
   991    361.283  -0.006253  -0.015318  0.359  0.103  0.498  T  d2
   992    361.648  +0.027839  +0.036477  0.359  0.103  0.498  T  d0
   993    362.012  +0.014160  +0.087954  0.344  0.103  0.498  T  d0
   994    362.377  +0.097729  +0.072001  0.328  0.103  0.498  T  d0
   995    362.742  +0.039042  +0.016709  0.312  0.103  0.498  T  d1
   996    363.106  -0.008470  +0.006006  0.312  0.103  0.498  T  d2
   997    363.471  +0.053124  -0.060919  0.297  0.103  0.498  T  d0
   998    363.835  +0.037150  -0.109165  0.281  0.103  0.498  T  d0
   999    364.200  -0.024295  -0.071480  0.266  0.103  0.498  T  d0
  1000    364.564  -0.013317  -0.019122  0.250  0.103  0.494  T  d0
  1001    364.929  -0.020151  -0.017441  0.250  0.103  0.494  T  d3
  1002    365.293  -0.025956  +0.013224  0.250  0.110  0.494  T  d0
  1003    365.658  -0.054035  +0.012768  0.250  0.110  0.494  T  d3
  1004    366.023  -0.004079  +0.055605  0.250  0.110  0.494  T  d3
  1005    366.387  +0.020204  -0.008827  0.250  0.110  0.494  T  d2
  1006    366.752  -0.032175  +0.059412  0.250  0.110  0.494  T  d2
  1007    367.116  +0.026735  -0.029597  0.250  0.110  0.494  T  d1
  1008    367.481  +0.007351  +0.027272  0.250  0.110  0.494  T  d2
  1009    367.845  -0.005504  -0.010464  0.250  0.110  0.494  T  d0
  1010    368.210  +0.003773  -0.024705  0.250  0.110  0.494  T  d2
  1011    368.575  -0.021921  +0.030473  0.250  0.110  0.494  T  d0
  1012    368.939  +0.000557  +0.017204  0.250  0.110  0.494  T  d3
  1013    369.304  +0.026400  +0.004516  0.250  0.110  0.494  T  d3
  1014    369.668  +0.026211  -0.027845  0.250  0.080  0.494  T  d0
  1015    370.033  +0.017668  -0.020404  0.234  0.080  0.494  T  d2
  1016    370.397  -0.064729  +0.005395  0.250  0.080  0.476  T  d3
  1017    370.762  +0.025245  +0.029343  0.250  0.080  0.476  T  d3
  1018    371.127  +0.047056  -0.040290  0.234  0.080  0.476  T  d3
  1019    371.491  -0.024749  -0.011998  0.234  0.080  0.476  T  d3
  1020    371.856  -0.040944  +0.022392  0.219  0.080  0.476  T  d2
  1021    372.220  +0.027993  -0.003239  0.219  0.080  0.476  T  d3
  1022    372.585  +0.000164  -0.000423  0.203  0.080  0.476  T  d3
  1023    372.949  -0.009549  -0.002952  0.219  0.080  0.476  T  d1
  1024    373.314  +0.014398  -0.020823  0.219  0.080  0.476  T  d2
  1025    373.678  -0.030307  +0.036862  0.203  0.080  0.476  T  d2
  1026    374.043  +0.001421  -0.005038  0.188  0.132  0.476  P  d1
  1027    374.408  +0.029466  +0.007763  0.172  0.132  0.476  P  d2
  1028    374.772  -0.023043  -0.022455  0.172  0.132  0.476  P  d2
  1029    375.137  +0.002031  +0.010972  0.172  0.132  0.476  P  d3
  1030    375.501  +0.008093  -0.007198  0.156  0.132  0.476  P  d2
  1031    375.866  -0.035614  +0.032347  0.141  0.132  0.476  P  d2
  1032    376.230  +0.059142  -0.017973  0.125  0.132  0.494  P  d2
  1033    376.595  -0.029967  +0.014377  0.125  0.132  0.494  P  d2
  1034    376.960  +0.018868  -0.007873  0.125  0.132  0.494  P  d3
  1035    377.324  +0.005126  -0.023127  0.109  0.132  0.494  P  d2
  1036    377.689  +0.004703  +0.013115  0.125  0.132  0.494  P  d2
  1037    378.053  -0.022482  -0.040310  0.125  0.132  0.494  P  d2
  1038    378.418  +0.000176  +0.012115  0.125  0.093  0.494  T  d1
  1039    378.782  -0.042574  +0.031972  0.125  0.093  0.494  T  d3
  1040    379.147  +0.033660  +0.012734  0.125  0.093  0.494  T  d3
  1041    379.511  +0.000994  -0.006346  0.125  0.093  0.494  T  d1
  1042    379.876  +0.042696  -0.021935  0.109  0.093  0.494  T  d2
  1043    380.241  -0.046763  -0.001340  0.125  0.093  0.494  T  d3
  1044    380.605  -0.025405  +0.033580  0.109  0.093  0.494  T  d3
  1045    380.970  +0.062320  -0.006436  0.109  0.093  0.494  T  d3
  1046    381.334  +0.003736  -0.035848  0.109  0.093  0.494  T  d3
  1047    381.699  -0.039993  +0.017221  0.094  0.093  0.494  T  d0
  1048    382.063  -0.005516  +0.011317  0.094  0.093  0.485  T  d2
  1049    382.428  +0.035346  -0.013773  0.094  0.093  0.485  T  d2
  1050    382.793  -0.027972  +0.012194  0.094  0.035  0.485  T  d2
  1051    383.157  +0.023909  -0.031937  0.094  0.035  0.485  T  d2
  1052    383.522  -0.018572  +0.020365  0.109  0.035  0.485  T  d0
  1053    383.886  -0.015998  +0.012601  0.109  0.035  0.485  T  d2
  1054    384.251  +0.023424  -0.002730  0.109  0.035  0.485  T  d0
  1055    384.615  +0.005407  -0.006337  0.109  0.035  0.485  T  d3
  1056    384.980  -0.028222  -0.012580  0.109  0.035  0.485  T  d2
  1057    385.345  +0.030231  +0.010609  0.109  0.035  0.485  T  d2
  1058    385.709  -0.043462  +0.004676  0.109  0.035  0.485  T  d2
  1059    386.074  +0.033722  +0.022637  0.125  0.035  0.485  T  d3
  1060    386.438  +0.011964  -0.025460  0.125  0.035  0.485  T  d2
  1061    386.803  -0.015921  +0.032621  0.125  0.035  0.485  T  d2
  1062    387.167  +0.022804  -0.045843  0.141  0.016  0.485  T  d2
  1063    387.532  +0.000770  +0.015266  0.141  0.016  0.485  T  d2
  1064    387.896  -0.014617  -0.020170  0.156  0.016  0.502  T  d0
  1065    388.261  +0.002250  -0.017899  0.156  0.016  0.502  T  d2
  1066    388.626  -0.034004  +0.035366  0.172  0.016  0.502  T  d3
  1067    388.990  +0.001463  +0.007548  0.188  0.016  0.502  T  d0
  1068    389.355  +0.011174  +0.010503  0.203  0.016  0.502  T  d3
  1069    389.719  +0.033569  -0.012155  0.203  0.016  0.502  T  d3
  1070    390.084  -0.000340  -0.019345  0.219  0.016  0.502  T  d3
  1071    390.448  -0.058051  +0.019577  0.234  0.016  0.502  T  d3
  1072    390.813  +0.029918  +0.019939  0.250  0.016  0.502  T  d3
  1073    391.178  +0.037039  -0.038851  0.250  0.016  0.502  T  d2
  1074    391.542  -0.028298  +0.007698  0.250  0.031  0.502  T  d0
  1075    391.907  -0.037842  +0.011792  0.266  0.031  0.502  T  d2
  1076    392.271  +0.053393  +0.007655  0.281  0.031  0.502  T  d2
  1077    392.636  -0.035663  -0.025979  0.297  0.031  0.502  T  d3
  1078    393.000  -0.001590  +0.006126  0.297  0.031  0.502  T  d3
  1079    393.365  +0.023444  +0.020091  0.297  0.031  0.502  T  d1
  1080    393.729  -0.008904  +0.009574  0.281  0.031  0.489  T  d1
  1081    394.094  -0.001222  -0.011411  0.297  0.031  0.489  T  d1
  1082    394.459  +0.012914  +0.008718  0.297  0.031  0.489  T  d3
  1083    394.823  +0.024714  -0.018218  0.312  0.031  0.489  T  d0
  1084    395.188  +0.014031  +0.001413  0.312  0.031  0.489  T  d3
  1085    395.552  -0.014466  -0.025234  0.297  0.031  0.489  T  d3
  1086    395.917  -0.016590  +0.024466  0.312  0.020  0.489  T  d2
  1087    396.281  +0.039885  -0.033401  0.297  0.020  0.489  T  d3
  1088    396.646  -0.033045  -0.031122  0.297  0.020  0.489  T  d3
  1089    397.011  -0.030146  +0.055031  0.297  0.020  0.489  T  d2
  1090    397.375  -0.000382  -0.011912  0.297  0.020  0.489  T  d0
  1091    397.740  -0.002752  -0.014742  0.297  0.020  0.489  T  d3
  1092    398.104  -0.038794  -0.012824  0.297  0.020  0.489  T  d3
  1093    398.469  -0.031213  +0.026671  0.297  0.020  0.489  T  d0
  1094    398.833  -0.050934  +0.052246  0.297  0.020  0.489  T  d3
  1095    399.198  +0.015669  +0.026509  0.297  0.020  0.489  T  d0
  1096    399.563  +0.018110  +0.038826  0.297  0.020  0.536  T  d3
  1097    399.927  +0.079548  -0.006300  0.281  0.020  0.536  T  d0
  1098    400.292  +0.046856  +0.010774  0.281  0.000  0.536  T  d0
  1099    400.656  +0.100978  -0.023924  0.281  0.000  0.536  T  d0
  1100    401.021  +0.069017  -0.021987  0.266  0.000  0.536  T  d3
  1101    401.385  -0.016828  -0.057740  0.266  0.000  0.536  T  d0
  1102    401.750  -0.045538  -0.050802  0.266  0.000  0.536  T  d0
  1103    402.114  -0.081911  -0.058634  0.266  0.000  0.536  T  d0
  1104    402.479  -0.081061  -0.059210  0.266  0.000  0.536  T  d3
  1105    402.844  -0.022283  +0.008703  0.266  0.000  0.536  T  d3
  1106    403.208  -0.000292  +0.052914  0.266  0.000  0.536  T  d0
  1107    403.573  -0.026282  +0.036359  0.250  0.000  0.536  T  d0
  1108    403.937  -0.027621  +0.096263  0.250  0.000  0.536  T  d0
  1109    404.302  -0.005505  +0.070875  0.250  0.000  0.536  T  d3
  1110    404.666  +0.063207  +0.004533  0.250  0.000  0.536  T  d2
  1111    405.031  -0.014184  +0.001794  0.266  0.000  0.536  T  d2
  1112    405.396  +0.064381  -0.029005  0.266  0.000  0.528  T  d0
  1113    405.760  +0.036210  +0.005051  0.266  0.000  0.528  T  d3
  1114    406.125  -0.008918  -0.052957  0.266  0.000  0.528  T  d0
  1115    406.489  +0.018917  -0.043075  0.281  0.000  0.528  T  d2
  1116    406.854  -0.009083  +0.013453  0.281  0.000  0.528  T  d1
  1117    407.218  -0.010814  -0.013280  0.297  0.000  0.528  T  d0
  1118    407.583  -0.007945  -0.021085  0.297  0.000  0.528  T  d3
  1119    407.948  -0.029699  +0.023438  0.312  0.000  0.528  T  d2
  1120    408.312  +0.010396  -0.003571  0.312  0.000  0.528  T  d1
  1121    408.677  +0.007173  +0.026361  0.328  0.000  0.528  T  d1
  1122    409.041  -0.027684  -0.004391  0.328  0.000  0.528  T  d1
  1123    409.406  +0.017861  -0.036134  0.312  0.000  0.528  T  d2
  1124    409.770  -0.012165  +0.037587  0.312  0.000  0.528  T  d3
  1125    410.135  +0.004303  +0.006774  0.312  0.000  0.528  T  d2
  1126    410.499  +0.004692  -0.047590  0.312  0.000  0.528  T  d2
  1127    410.864  -0.021894  +0.047930  0.328  0.000  0.528  T  d3
  1128    411.229  +0.042800  +0.008063  0.312  0.000  0.519  T  d3
  1129    411.593  +0.004815  -0.018996  0.312  0.000  0.519  T  d2
  1130    411.958  -0.013864  +0.010144  0.312  0.000  0.519  T  d1
  1131    412.322  +0.000168  -0.029390  0.312  0.000  0.519  T  d2
  1132    412.687  +0.010327  +0.027286  0.312  0.000  0.519  T  d2
  1133    413.051  -0.033019  -0.027721  0.328  0.000  0.519  T  d2
  1134    413.416  +0.018375  +0.060738  0.312  0.000  0.519  T  d2
  1135    413.781  +0.000879  -0.055102  0.312  0.000  0.519  T  d3
  1136    414.145  -0.039919  +0.005955  0.312  0.000  0.519  T  d2
  1137    414.510  +0.031755  +0.004857  0.312  0.000  0.519  T  d2
  1138    414.874  -0.031056  +0.008104  0.312  0.000  0.519  T  d1
  1139    415.239  -0.008194  -0.012422  0.297  0.000  0.519  T  d2
  1140    415.603  +0.037667  +0.022687  0.281  0.000  0.519  T  d1
  1141    415.968  -0.019161  +0.009334  0.266  0.000  0.519  T  d2
  1142    416.332  +0.013705  -0.014179  0.266  0.000  0.519  T  d0
  1143    416.697  +0.013200  -0.005899  0.266  0.000  0.519  T  d2
  1144    417.062  -0.009070  +0.010962  0.266  0.000  0.519  T  d3
  1145    417.426  +0.008541  +0.022381  0.250  0.000  0.519  T  d3
  1146    417.791  +0.012951  -0.012373  0.250  0.000  0.519  T  d0
  1147    418.155  +0.042963  -0.010003  0.234  0.000  0.519  T  d0
  1148    418.520  +0.009173  +0.001453  0.234  0.000  0.519  T  d0
  1149    418.884  +0.015329  -0.007126  0.234  0.000  0.519  T  d3
  1150    419.249  +0.009143  -0.061635  0.219  0.000  0.519  T  d0
  1151    419.614  +0.015108  -0.035336  0.219  0.000  0.519  T  d3
  1152    419.978  -0.096416  +0.021857  0.219  0.000  0.519  T  d0
  1153    420.343  -0.073644  -0.033285  0.234  0.000  0.519  T  d3
  1154    420.707  -0.040888  +0.054800  0.234  0.000  0.519  T  d1
  1155    421.072  -0.044676  -0.005063  0.234  0.000  0.519  T  d2
  1156    421.436  +0.020750  +0.006239  0.234  0.000  0.519  T  d1
  1157    421.801  +0.011160  +0.052460  0.250  0.000  0.519  T  d0
  1158    422.166  +0.043624  +0.101574  0.266  0.000  0.519  T  d0
  1159    422.530  +0.096159  +0.038618  0.281  0.000  0.519  T  d1
  1160    422.895  -0.005460  +0.019541  0.297  0.000  0.502  T  d2
  1161    423.259  +0.016891  -0.016497  0.297  0.000  0.502  T  d0
  1162    423.624  +0.057272  -0.086515  0.312  0.000  0.502  T  d0
  1163    423.988  +0.007824  -0.102555  0.312  0.000  0.502  T  d0
  1164    424.353  -0.031446  -0.038180  0.312  0.000  0.502  T  d0
  1165    424.717  -0.005751  -0.019432  0.328  0.000  0.502  T  d3
  1166    425.082  -0.033381  +0.002991  0.328  0.000  0.502  T  d0
  1167    425.447  -0.023798  +0.005377  0.344  0.000  0.502  T  d0
  1168    425.811  -0.058875  +0.046411  0.359  0.000  0.502  T  d3
  1169    426.176  +0.041455  +0.020061  0.359  0.000  0.502  T  d1
  1170    426.540  -0.023258  +0.021388  0.375  0.000  0.502  T  d3
  1171    426.905  +0.008415  +0.027079  0.375  0.000  0.502  T  d3
  1172    427.269  +0.016468  -0.023210  0.391  0.000  0.502  T  d1
  1173    427.634  +0.011220  +0.022274  0.406  0.000  0.502  T  d2
  1174    427.999  -0.007481  -0.029081  0.422  0.000  0.502  T  d1
  1175    428.363  +0.015404  -0.007413  0.406  0.000  0.502  T  d2
  1176    428.728  -0.032560  +0.028353  0.422  0.000  0.511  T  d2
  1177    429.092  +0.026093  -0.010546  0.438  0.000  0.511  T  d1
  1178    429.457  +0.008398  +0.003843  0.453  0.000  0.511  T  d3
  1179    429.821  +0.041144  -0.033476  0.453  0.000  0.511  T  d3
  1180    430.186  -0.037462  -0.014674  0.438  0.000  0.511  T  d3
  1181    430.550  -0.050784  +0.028928  0.438  0.000  0.511  T  d2
  1182    430.915  +0.031846  +0.004737  0.453  0.000  0.511  T  d3
  1183    431.280  +0.006423  -0.022015  0.438  0.000  0.511  T  d3
  1184    431.644  -0.059954  +0.029274  0.453  0.000  0.511  T  d0
  1185    432.009  -0.022084  +0.036349  0.438  0.000  0.511  T  d3
  1186    432.373  +0.044568  +0.015339  0.438  0.000  0.511  T  d1
  1187    432.738  -0.029583  +0.024069  0.438  0.000  0.511  T  d2
  1188    433.102  +0.049613  -0.008985  0.453  0.000  0.511  T  d0
  1189    433.467  +0.044435  +0.000758  0.453  0.000  0.511  T  d0
  1190    433.832  +0.095416  -0.031236  0.438  0.000  0.511  T  d0
  1191    434.196  +0.026797  -0.017096  0.438  0.000  0.511  T  d0
  1192    434.561  +0.014921  -0.034446  0.438  0.000  0.511  T  d3
  1193    434.925  -0.040059  -0.086573  0.453  0.000  0.511  T  d0
  1194    435.290  -0.129228  -0.053436  0.438  0.000  0.511  T  d1
  1195    435.654  -0.035506  -0.091364  0.438  0.000  0.511  T  d3
  1196    436.019  -0.124936  -0.010015  0.422  0.000  0.511  T  d0
  1197    436.384  -0.086745  +0.055278  0.406  0.000  0.511  T  d3
  1198    436.748  +0.074865  +0.157392  0.406  0.000  0.511  T  d0
  1199    437.113  +0.039666  +0.164397  0.391  0.000  0.511  T  d0
  1200    437.477  +0.025552  +0.165412  0.375  0.000  0.511  T  d3
  1201    437.842  +0.138195  -0.009501  0.375  0.000  0.511  T  d0
  1202    438.206  +0.051814  -0.012796  0.375  0.000  0.511  T  d3
  1203    438.571  +0.016655  -0.091502  0.375  0.000  0.511  T  d0
  1204    438.935  +0.096297  -0.111936  0.375  0.000  0.511  T  d0
  1205    439.300  +0.042883  -0.073843  0.375  0.000  0.511  T  d0
  1206    439.665  +0.005854  -0.041141  0.375  0.000  0.511  T  d3
  1207    440.029  -0.075104  -0.064485  0.375  0.000  0.511  T  d0
  1208    440.394  -0.129518  -0.057299  0.375  0.000  0.511  T  d0
  1209    440.758  -0.078157  -0.032109  0.375  0.000  0.511  T  d0
  1210    441.123  -0.068516  -0.017044  0.375  0.000  0.511  T  d0
  1211    441.487  -0.073970  +0.025955  0.375  0.000  0.511  T  d3
  1212    441.852  -0.018887  +0.114909  0.391  0.000  0.511  T  d0
  1213    442.217  +0.037466  +0.141707  0.391  0.000  0.511  T  d0
  1214    442.581  +0.008143  +0.069403  0.391  0.000  0.511  T  d3
  1215    442.946  +0.026824  -0.007800  0.391  0.000  0.511  T  d0
  1216    443.310  +0.057432  -0.027246  0.391  0.000  0.511  T  d1
  1217    443.675  +0.065742  +0.049394  0.375  0.000  0.511  T  d3
  1218    444.039  +0.141202  -0.056860  0.391  0.000  0.511  T  d3
  1219    444.404  -0.004737  -0.045454  0.406  0.000  0.511  T  d0
  1220    444.769  +0.015098  -0.035909  0.406  0.000  0.511  T  d3
  1221    445.133  -0.039882  -0.000891  0.406  0.000  0.511  T  d1
  1222    445.498  -0.015903  -0.040822  0.406  0.000  0.511  T  d0
  1223    445.862  -0.008635  -0.025776  0.406  0.000  0.511  T  d3
  1224    446.227  -0.075878  -0.005487  0.406  0.000  0.515  T  d0
  1225    446.591  -0.064271  +0.020439  0.406  0.000  0.515  T  d3
  1226    446.956  +0.036536  +0.025840  0.406  0.000  0.515  T  d0
  1227    447.320  +0.006558  +0.014264  0.422  0.000  0.515  T  d2
  1228    447.685  -0.023620  -0.038358  0.438  0.000  0.515  T  d2
  1229    448.050  +0.024800  +0.041490  0.422  0.000  0.515  T  d1
  1230    448.414  -0.024857  -0.000895  0.422  0.000  0.515  T  d2
  1231    448.779  +0.033476  +0.008839  0.422  0.000  0.515  T  d3
  1232    449.143  +0.006888  -0.009184  0.422  0.000  0.515  T  d2
  1233    449.508  -0.030227  +0.019785  0.438  0.000  0.515  T  d2
  1234    449.872  +0.044498  -0.002534  0.422  0.000  0.515  T  d2
  1235    450.237  -0.026160  +0.000715  0.438  0.000  0.515  T  d2
  1236    450.602  +0.006137  +0.003333  0.422  0.000  0.515  T  d3
  1237    450.966  +0.026281  -0.035311  0.406  0.000  0.515  T  d2
  1238    451.331  -0.053346  +0.032476  0.406  0.000  0.515  T  d2
  1239    451.695  +0.048578  -0.019245  0.422  0.000  0.515  T  d2
  1240    452.060  -0.036600  -0.004021  0.422  0.000  0.481  T  d1
  1241    452.424  -0.012448  -0.016430  0.422  0.000  0.481  T  d2
  1242    452.789  +0.006015  +0.043697  0.406  0.000  0.481  T  d3
  1243    453.153  +0.006443  +0.002078  0.391  0.000  0.481  T  d0
  1244    453.518  +0.009929  +0.013762  0.391  0.000  0.481  T  d3
  1245    453.883  +0.036297  -0.004232  0.391  0.000  0.481  T  d2
  1246    454.247  -0.002967  +0.001748  0.391  0.000  0.481  T  d2
  1247    454.612  +0.014203  -0.024894  0.391  0.000  0.481  T  d1
  1248    454.976  +0.033298  +0.016050  0.391  0.000  0.481  T  d3
  1249    455.341  +0.004141  -0.030192  0.391  0.000  0.481  T  d0
  1250    455.705  +0.012398  -0.021328  0.406  0.000  0.481  T  d0
  1251    456.070  +0.012936  -0.067038  0.422  0.000  0.481  T  d2
  1252    456.435  -0.033439  +0.024993  0.406  0.000  0.481  T  d0
  1253    456.799  -0.095181  -0.007787  0.422  0.000  0.481  T  d0
  1254    457.164  -0.042436  -0.001785  0.438  0.000  0.481  T  d0
  1255    457.528  -0.074649  +0.013813  0.438  0.000  0.481  T  d0
  1256    457.893  -0.026407  +0.024918  0.438  0.000  0.481  T  d3
  1257    458.257  +0.031417  +0.032866  0.438  0.000  0.481  T  d0
  1258    458.622  +0.040639  +0.092239  0.453  0.000  0.481  T  d0
  1259    458.987  +0.084927  +0.053989  0.453  0.000  0.481  T  d0
  1260    459.351  +0.034769  +0.043739  0.469  0.000  0.481  T  d3
  1261    459.716  +0.048695  -0.020845  0.469  0.000  0.481  T  d3
  1262    460.080  -0.008380  -0.059997  0.484  0.000  0.481  T  d0
  1263    460.445  +0.000877  -0.083796  0.500  0.000  0.481  T  d0
  1264    460.809  +0.031278  -0.049184  0.516  0.000  0.481  T  d0
  1265    461.174  +0.018990  -0.074821  0.531  0.000  0.481  T  d3
  1266    461.538  -0.035321  +0.001641  0.547  0.000  0.481  T  d0
  1267    461.903  -0.067593  +0.014670  0.562  0.000  0.481  T  d2
  1268    462.268  +0.019550  +0.003368  0.578  0.000  0.481  T  d1
  1269    462.632  -0.027789  +0.020499  0.594  0.000  0.481  T  d0
  1270    462.997  -0.011097  +0.007194  0.594  0.000  0.481  T  d0
  1271    463.361  -0.004783  +0.004669  0.609  0.000  0.481  T  d0
  1272    463.726  -0.036665  +0.052273  0.625  0.000  0.532  T  d0
  1273    464.090  -0.003320  +0.009686  0.641  0.000  0.532  T  d3
  1274    464.455  +0.021411  +0.023046  0.641  0.000  0.532  T  d2
  1275    464.820  -0.037004  -0.005186  0.656  0.000  0.532  T  d3
  1276    465.184  +0.009517  +0.029307  0.656  0.000  0.532  T  d0
  1277    465.549  -0.004362  +0.013184  0.672  0.000  0.532  T  d0
  1278    465.913  -0.015075  +0.047779  0.688  0.000  0.532  T  d3
  1279    466.278  +0.079020  -0.013928  0.703  0.000  0.532  T  d0
  1280    466.642  +0.031809  -0.041016  0.703  0.000  0.532  T  d1
  1281    467.007  +0.074193  -0.000872  0.719  0.000  0.532  T  d0
  1282    467.371  +0.025805  -0.004383  0.719  0.000  0.532  T  d0
  1283    467.736  +0.057040  -0.071443  0.703  0.000  0.532  T  d3
  1284    468.101  -0.032175  -0.080388  0.703  0.000  0.532  T  d0
  1285    468.465  -0.070949  -0.035029  0.688  0.000  0.532  T  d0
  1286    468.830  -0.151083  -0.057124  0.688  0.000  0.532  T  d0
  1287    469.194  -0.090797  -0.039609  0.688  0.000  0.532  T  d3
  1288    469.559  -0.001852  +0.025996  0.688  0.000  0.536  T  d0
  1289    469.923  -0.017646  +0.099202  0.688  0.000  0.536  T  d0
  1290    470.288  +0.034883  +0.119766  0.688  0.000  0.536  T  d0
  1291    470.653  +0.025393  +0.183308  0.688  0.000  0.536  T  d0
  1292    471.017  +0.066021  +0.086488  0.672  0.000  0.536  T  d3
  1293    471.382  +0.082613  +0.004545  0.672  0.000  0.536  T  d0
  1294    471.746  +0.102086  -0.066927  0.688  0.000  0.536  T  d0
  1295    472.111  +0.052699  -0.138926  0.688  0.000  0.536  T  d0
  1296    472.475  +0.053658  -0.122641  0.688  0.000  0.536  T  d0
  1297    472.840  -0.003909  -0.054679  0.672  0.000  0.536  T  d0
  1298    473.205  -0.043860  -0.041476  0.688  0.000  0.536  T  d0
  1299    473.569  -0.134740  -0.048004  0.688  0.000  0.536  T  d0
  1300    473.934  -0.113288  -0.014797  0.703  0.000  0.536  T  d0
  1301    474.298  -0.066315  -0.018298  0.703  0.000  0.536  T  d3
  1302    474.663  -0.077679  +0.051339  0.703  0.000  0.536  T  d0
  1303    475.027  -0.054132  +0.104781  0.688  0.000  0.536  T  d0
  1304    475.392  +0.034590  +0.183300  0.688  0.000  0.541  T  d0
  1305    475.756  +0.039960  +0.129829  0.688  0.000  0.541  T  d3
  1306    476.121  +0.042714  +0.017955  0.688  0.000  0.541  T  d0
  1307    476.486  +0.114262  -0.010269  0.688  0.000  0.541  T  d0
  1308    476.850  +0.100935  -0.103301  0.688  0.000  0.541  T  d0
  1309    477.215  +0.130563  -0.098231  0.688  0.000  0.541  T  d0
  1310    477.579  +0.058963  -0.119000  0.688  0.000  0.541  T  d0
  1311    477.944  +0.047807  -0.064080  0.688  0.000  0.541  T  d3
  1312    478.308  -0.101216  -0.075266  0.672  0.000  0.541  T  d0
  1313    478.673  -0.121447  -0.013548  0.672  0.000  0.541  T  d0
  1314    479.038  -0.143056  -0.034533  0.672  0.000  0.541  T  d3
  1315    479.402  -0.096022  +0.061761  0.672  0.000  0.541  T  d1
  1316    479.767  -0.029681  -0.016537  0.688  0.000  0.541  T  d3
  1317    480.131  -0.010817  +0.147917  0.672  0.000  0.541  T  d0
  1318    480.496  +0.006485  +0.116682  0.672  0.000  0.541  T  d0
  1319    480.860  +0.000380  +0.112580  0.672  0.000  0.541  T  d0
  1320    481.225  +0.056084  +0.084838  0.688  0.000  0.524  T  d3
  1321    481.590  +0.091399  -0.031083  0.672  0.000  0.524  T  d0
  1322    481.954  +0.091945  -0.020971  0.672  0.000  0.524  T  d0
  1323    482.319  +0.126159  -0.098777  0.672  0.000  0.524  T  d1
  1324    482.683  +0.005035  +0.006108  0.656  0.000  0.524  T  d3
  1325    483.048  +0.019981  -0.060006  0.656  0.000  0.524  T  d0
  1326    483.412  -0.032680  -0.095376  0.656  0.000  0.524  T  d0
  1327    483.777  -0.102237  -0.060855  0.656  0.000  0.524  T  d0
  1328    484.141  -0.022567  -0.057597  0.656  0.000  0.524  T  d3
  1329    484.506  -0.086872  -0.026308  0.641  0.000  0.524  T  d0
  1330    484.871  -0.034356  +0.001881  0.641  0.000  0.524  T  d0
  1331    485.235  -0.030108  +0.017258  0.641  0.000  0.524  T  d0
  1332    485.600  -0.048972  +0.055939  0.641  0.000  0.524  T  d3
  1333    485.964  +0.011423  +0.028755  0.641  0.000  0.524  T  d0
  1334    486.329  -0.024746  +0.066959  0.656  0.000  0.524  T  d3
  1335    486.693  +0.045157  +0.062870  0.641  0.000  0.524  T  d0
  1336    487.058  +0.087311  +0.079098  0.641  0.000  0.519  T  d0
  1337    487.423  +0.033271  +0.092121  0.641  0.000  0.519  T  d3
  1338    487.787  +0.058048  -0.047319  0.656  0.000  0.519  T  d3
  1339    488.152  -0.011810  -0.030806  0.641  0.000  0.519  T  d1
  1340    488.516  +0.046794  -0.058968  0.625  0.000  0.519  T  d0
  1341    488.881  +0.018832  -0.098142  0.625  0.000  0.519  T  d0
  1342    489.245  -0.000670  -0.075206  0.625  0.000  0.519  T  d3
  1343    489.610  -0.018530  -0.017532  0.609  0.000  0.519  T  d3
  1344    489.974  -0.005165  +0.012010  0.609  0.000  0.519  T  d1
  1345    490.339  -0.105694  +0.019827  0.609  0.000  0.519  T  d0
  1346    490.704  -0.036769  +0.021947  0.609  0.000  0.519  T  d0
  1347    491.068  -0.015173  +0.000819  0.609  0.000  0.519  T  d0
  1348    491.433  -0.084002  +0.033060  0.609  0.000  0.519  T  d3
  1349    491.797  +0.090813  +0.061749  0.609  0.000  0.519  T  d0
  1350    492.162  +0.045465  +0.026113  0.609  0.000  0.519  T  d0
  1351    492.526  +0.045536  -0.010070  0.609  0.000  0.519  T  d0
  1352    492.891  +0.030203  +0.001497  0.609  0.000  0.524  T  d3
  1353    493.256  +0.013602  -0.068481  0.609  0.000  0.524  T  d0
  1354    493.620  -0.014249  -0.049959  0.594  0.000  0.524  T  d0
  1355    493.985  -0.074078  -0.042860  0.594  0.000  0.524  T  d1
  1356    494.349  +0.006727  -0.045433  0.609  0.000  0.524  T  d3
  1357    494.714  -0.069882  +0.024975  0.625  0.000  0.524  T  d0
  1358    495.078  -0.058637  +0.083894  0.609  0.000  0.524  T  d0
  1359    495.443  +0.019744  +0.166918  0.594  0.000  0.524  T  d0
  1360    495.808  +0.004008  +0.092623  0.578  0.000  0.524  T  d3
  1361    496.172  +0.024785  +0.008610  0.578  0.000  0.524  T  d0
  1362    496.537  +0.084395  -0.026670  0.578  0.000  0.524  T  d0
  1363    496.901  +0.084245  -0.099587  0.562  0.000  0.524  T  d0
  1364    497.266  +0.103607  -0.097635  0.562  0.000  0.524  T  d0
  1365    497.630  +0.045770  -0.098113  0.578  0.000  0.524  T  d0
  1366    497.995  +0.024243  -0.055855  0.578  0.000  0.524  T  d3
  1367    498.359  -0.113274  -0.052225  0.594  0.000  0.524  T  d0
  1368    498.724  -0.122084  -0.007065  0.594  0.000  0.549  T  d0
  1369    499.089  -0.133489  -0.010613  0.594  0.000  0.549  T  d0
  1370    499.453  -0.078413  +0.065667  0.609  0.000  0.549  T  d1
  1371    499.818  -0.009196  -0.006900  0.609  0.000  0.549  T  d3
  1372    500.182  +0.004991  +0.170274  0.625  0.000  0.549  T  d0
  1373    500.547  +0.025453  +0.094144  0.625  0.000  0.549  T  d0
  1374    500.911  +0.019230  +0.119321  0.625  0.000  0.549  T  d3
  1375    501.276  +0.085038  +0.043995  0.625  0.000  0.549  T  d3
  1376    501.641  +0.104489  -0.041326  0.641  0.000  0.549  T  d0
  1377    502.005  +0.110702  -0.057243  0.656  0.000  0.549  T  d0
  1378    502.370  +0.122538  -0.112753  0.656  0.000  0.549  T  d3
  1379    502.734  -0.016468  -0.013897  0.656  0.000  0.549  T  d1
  1380    503.099  +0.010888  -0.095184  0.656  0.000  0.549  T  d3
  1381    503.463  -0.124000  -0.083772  0.656  0.000  0.549  T  d0
  1382    503.828  -0.184296  -0.041840  0.641  0.000  0.549  T  d0
  1383    504.192  -0.091001  -0.001700  0.641  0.000  0.549  T  d0
  1384    504.557  -0.075616  -0.043899  0.625  0.000  0.524  T  d3
  1385    504.922  -0.023748  +0.106194  0.641  0.000  0.524  T  d3
  1386    505.286  +0.110396  +0.095407  0.641  0.000  0.524  T  d0
  1387    505.651  +0.044762  +0.148472  0.641  0.000  0.524  T  d0
  1388    506.015  +0.057164  +0.041284  0.656  0.000  0.524  T  d0
  1389    506.380  +0.084928  -0.012149  0.672  0.000  0.524  T  d3
  1390    506.744  +0.029676  -0.072807  0.656  0.000  0.524  T  d3
  1391    507.109  -0.039416  -0.072060  0.656  0.000  0.524  T  d1
  1392    507.474  +0.046728  -0.063323  0.656  0.000  0.524  T  d3
  1393    507.838  -0.053137  -0.030879  0.672  0.000  0.524  T  d0
  1394    508.203  -0.048850  -0.029779  0.656  0.000  0.524  T  d3
  1395    508.567  -0.070414  +0.062176  0.641  0.000  0.524  T  d0
  1396    508.932  -0.045903  +0.045672  0.641  0.000  0.524  T  d0
  1397    509.296  -0.000854  +0.052651  0.641  0.000  0.524  T  d0
  1398    509.661  +0.026228  +0.034363  0.625  0.000  0.524  T  d0
  1399    510.026  +0.072372  +0.011315  0.641  0.000  0.524  T  d0
  1400    510.390  +0.049606  +0.007038  0.641  0.000  0.498  T  d0
  1401    510.755  +0.115912  -0.022395  0.641  0.000  0.498  T  d0
  1402    511.119  +0.040877  -0.034459  0.625  0.000  0.498  T  d3
  1403    511.484  -0.018191  -0.067625  0.625  0.000  0.498  T  d0
  1404    511.848  -0.057107  -0.060289  0.625  0.000  0.498  T  d0
  1405    512.213  -0.082118  -0.070247  0.625  0.000  0.498  T  d0
  1406    512.577  -0.075373  -0.058937  0.625  0.000  0.498  T  d3
  1407    512.942  -0.008101  +0.028018  0.625  0.000  0.498  T  d0
  1408    513.307  -0.021388  +0.045251  0.625  0.000  0.498  T  d0
  1409    513.671  -0.034506  +0.058912  0.609  0.000  0.498  T  d0
  1410    514.036  -0.043559  +0.123161  0.609  0.000  0.498  T  d0
  1411    514.400  +0.017314  +0.071532  0.609  0.000  0.498  T  d0
  1412    514.765  +0.039759  +0.036731  0.609  0.000  0.498  T  d1
  1413    515.129  -0.002594  +0.023391  0.609  0.000  0.498  T  d3
  1414    515.494  +0.086767  +0.010627  0.594  0.000  0.498  T  d0
  1415    515.859  +0.033285  +0.029445  0.594  0.000  0.498  T  d3
  1416    516.223  +0.037274  -0.056550  0.578  0.000  0.476  T  d0
  1417    516.588  +0.051419  -0.046266  0.578  0.000  0.476  T  d0
  1418    516.952  +0.060223  -0.108120  0.594  0.000  0.476  T  d0
  1419    517.317  -0.010899  -0.101152  0.578  0.000  0.476  T  d0
  1420    517.681  +0.004609  -0.045114  0.578  0.000  0.476  T  d0
  1421    518.046  +0.009322  -0.047104  0.562  0.000  0.476  T  d3
  1422    518.410  -0.104047  -0.016686  0.578  0.000  0.476  T  d0
  1423    518.775  -0.102295  -0.007298  0.594  0.000  0.476  T  d0
  1424    519.140  -0.108324  +0.013537  0.609  0.000  0.476  T  d0
  1425    519.504  -0.048266  +0.050609  0.625  0.000  0.476  T  d3
  1426    519.869  +0.007224  +0.005224  0.625  0.000  0.476  T  d1
  1427    520.233  +0.009747  +0.174480  0.641  0.000  0.476  T  d0
  1428    520.598  +0.021237  +0.076241  0.641  0.000  0.476  T  d0
  1429    520.962  +0.007134  +0.128343  0.641  0.000  0.476  T  d3
  1430    521.327  +0.077219  +0.019910  0.625  0.000  0.476  T  d0
  1431    521.692  +0.074395  -0.024075  0.625  0.000  0.476  T  d0
  1432    522.056  +0.100370  -0.062096  0.625  0.000  0.476  T  d0
  1433    522.421  +0.088667  -0.074208  0.625  0.000  0.476  T  d2
  1434    522.785  -0.022570  +0.002783  0.625  0.000  0.476  T  d1
  1435    523.150  +0.021649  -0.075709  0.625  0.000  0.476  T  d3
  1436    523.514  -0.077143  -0.084494  0.625  0.000  0.476  T  d0
  1437    523.879  -0.073228  -0.042693  0.609  0.000  0.476  T  d0
  1438    524.244  -0.022612  -0.052009  0.609  0.000  0.476  T  d3
  1439    524.608  -0.075186  +0.001415  0.609  0.000  0.476  T  d2
  1440    524.973  +0.005932  +0.004125  0.609  0.000  0.476  T  d1
  1441    525.337  -0.026245  +0.034746  0.609  0.000  0.476  T  d0
  1442    525.702  -0.004966  +0.045777  0.609  0.000  0.476  T  d3
  1443    526.066  +0.022547  +0.011874  0.609  0.000  0.476  T  d1
  1444    526.431  -0.013870  +0.061941  0.594  0.000  0.476  T  d2
  1445    526.795  +0.015762  -0.011573  0.609  0.000  0.476  T  d1
  1446    527.160  +0.002310  +0.047496  0.609  0.000  0.476  T  d0
  1447    527.525  +0.006757  +0.046480  0.609  0.000  0.476  T  d3
  1448    527.889  +0.041750  -0.042167  0.625  0.000  0.472  T  d2
  1449    528.254  -0.029163  +0.031741  0.609  0.000  0.472  T  d0
  1450    528.618  -0.032043  +0.033453  0.594  0.000  0.472  T  d3
  1451    528.983  +0.030481  +0.035721  0.578  0.000  0.472  T  d0
  1452    529.347  +0.058816  +0.030558  0.578  0.000  0.472  T  d3
  1453    529.712  +0.028455  -0.015210  0.562  0.000  0.472  T  d0
  1454    530.077  +0.052810  -0.071511  0.562  0.000  0.472  T  d0
  1455    530.441  +0.057948  -0.092321  0.547  0.000  0.472  T  d0
  1456    530.806  +0.007983  -0.117082  0.531  0.000  0.472  T  d0
  1457    531.170  -0.014882  -0.041054  0.516  0.000  0.472  T  d0
  1458    531.535  -0.030227  -0.014599  0.531  0.000  0.472  T  d0
  1459    531.899  -0.091460  -0.025026  0.547  0.000  0.472  T  d0
  1460    532.264  -0.132690  -0.023299  0.547  0.000  0.472  T  d0
  1461    532.629  -0.093436  +0.041765  0.547  0.000  0.472  T  d3
  1462    532.993  -0.007720  +0.049095  0.547  0.000  0.472  T  d0
  1463    533.358  -0.001970  +0.049645  0.531  0.000  0.472  T  d0
  1464    533.722  +0.044089  +0.177960  0.531  0.000  0.472  T  d0
  1465    534.087  +0.037590  +0.091179  0.531  0.000  0.472  T  d0
  1466    534.451  -0.002215  +0.066442  0.547  0.000  0.472  T  d3
  1467    534.816  +0.089654  -0.026923  0.547  0.000  0.472  T  d0
  1468    535.180  +0.095966  -0.006263  0.562  0.000  0.472  T  d3
  1469    535.545  +0.078384  -0.096263  0.562  0.000  0.472  T  d0
  1470    535.910  +0.071570  -0.020058  0.562  0.000  0.472  T  d3
  1471    536.274  -0.038669  -0.038317  0.578  0.000  0.472  T  d0
  1472    536.639  -0.016170  -0.082138  0.578  0.000  0.472  T  d0
  1473    537.003  -0.048007  -0.065613  0.594  0.000  0.472  T  d0
  1474    537.368  -0.101126  -0.045086  0.594  0.000  0.472  T  d0
  1475    537.732  -0.035702  -0.039796  0.594  0.000  0.472  T  d3
  1476    538.097  -0.009186  +0.020714  0.609  0.000  0.472  T  d0
  1477    538.462  -0.051592  +0.020611  0.625  0.000  0.472  T  d3
  1478    538.826  +0.017408  +0.025439  0.641  0.000  0.472  T  d0
  1479    539.191  +0.002547  +0.031427  0.641  0.000  0.472  T  d0
  1480    539.555  -0.028272  +0.048820  0.656  0.000  0.476  T  d3
  1481    539.920  +0.054230  +0.019861  0.656  0.000  0.476  T  d1
  1482    540.284  -0.031474  +0.036011  0.656  0.000  0.476  T  d3
  1483    540.649  +0.029993  +0.015963  0.672  0.000  0.476  T  d0
  1484    541.013  +0.019821  +0.002498  0.672  0.000  0.476  T  d1
  1485    541.378  -0.030487  +0.050591  0.688  0.000  0.476  T  d3
  1486    541.743  +0.063053  +0.002319  0.672  0.000  0.476  T  d2
  1487    542.107  -0.024753  +0.014014  0.672  0.000  0.476  T  d3
  1488    542.472  +0.019892  +0.020860  0.672  0.000  0.476  T  d3
  1489    542.836  +0.054316  -0.014217  0.672  0.000  0.476  T  d0
  1490    543.201  +0.007359  -0.011743  0.672  0.000  0.476  T  d0
  1491    543.565  +0.030332  -0.073785  0.656  0.000  0.476  T  d0
  1492    543.930  +0.058026  -0.100966  0.656  0.000  0.476  T  d0
  1493    544.295  +0.010409  -0.078372  0.641  0.000  0.476  T  d3
  1494    544.659  -0.035226  -0.044040  0.656  0.000  0.476  T  d3
  1495    545.024  -0.094297  +0.004918  0.641  0.000  0.476  T  d0
  1496    545.388  -0.085524  -0.006922  0.625  0.000  0.455  T  d0
  1497    545.753  -0.128343  +0.009339  0.625  0.000  0.455  T  d0
  1498    546.117  -0.050291  +0.011727  0.609  0.000  0.455  T  d3
  1499    546.482  -0.010183  +0.091648  0.609  0.000  0.455  T  d0
  1500    546.847  +0.029045  +0.094976  0.594  0.000  0.455  T  d0
  1501    547.211  +0.074377  +0.176643  0.594  0.000  0.455  T  d0
  1502    547.576  +0.061387  +0.046555  0.594  0.000  0.455  T  d0
  1503    547.940  +0.063161  +0.051539  0.609  0.000  0.455  T  d3
  1504    548.305  +0.115543  -0.111750  0.609  0.000  0.455  T  d0
  1505    548.669  +0.095861  -0.043557  0.609  0.000  0.455  T  d0
  1506    549.034  +0.122334  -0.090715  0.609  0.000  0.455  T  d3
  1507    549.398  -0.013786  -0.061044  0.609  0.000  0.455  T  d0
  1508    549.763  -0.044963  -0.077311  0.609  0.000  0.455  T  d0
  1509    550.128  -0.112188  -0.087413  0.609  0.000  0.455  T  d0
  1510    550.492  -0.217227  -0.033944  0.625  0.000  0.455  T  d0
  1511    550.857  -0.097215  +0.004372  0.625  0.000  0.455  T  d0
  1512    551.221  -0.078251  -0.004794  0.609  0.000  0.468  T  d3
  1513    551.586  -0.047046  +0.054596  0.625  0.000  0.468  T  d0
  1514    551.950  +0.001783  +0.154664  0.641  0.000  0.468  T  d0
  1515    552.315  +0.079747  +0.145692  0.641  0.000  0.468  T  d0
  1516    552.680  +0.072291  +0.081013  0.641  0.000  0.468  T  d0
  1517    553.044  +0.045573  +0.044148  0.641  0.000  0.468  T  d3
  1518    553.409  +0.106307  -0.059998  0.656  0.000  0.468  T  d0
  1519    553.773  +0.103904  -0.069147  0.656  0.000  0.468  T  d0
  1520    554.138  +0.118035  -0.057044  0.672  0.000  0.468  T  d0
  1521    554.502  +0.028659  -0.061600  0.672  0.000  0.468  T  d0
  1522    554.867  +0.003525  -0.090691  0.672  0.000  0.468  T  d3
  1523    555.231  -0.107756  -0.061742  0.672  0.000  0.468  T  d0
  1524    555.596  -0.056263  -0.107451  0.672  0.000  0.468  T  d3
  1525    555.961  -0.123621  -0.027557  0.672  0.000  0.468  T  d0
  1526    556.325  -0.097724  +0.028170  0.672  0.000  0.468  T  d3
  1527    556.690  +0.031262  +0.108883  0.672  0.000  0.468  T  d1
  1528    557.054  -0.059444  +0.040751  0.656  0.000  0.472  T  d0
  1529    557.419  -0.050878  +0.146258  0.656  0.000  0.472  T  d3
  1530    557.783  +0.048314  +0.093313  0.641  0.000  0.472  T  d3
  1531    558.148  +0.051625  -0.026356  0.641  0.000  0.472  T  d2
  1532    558.513  -0.014339  +0.026027  0.641  0.000  0.472  T  d3
  1533    558.877  +0.039407  +0.011811  0.641  0.000  0.472  T  d0
  1534    559.242  +0.070654  +0.014525  0.641  0.000  0.472  T  d0
  1535    559.606  +0.047974  -0.017680  0.641  0.000  0.472  T  d0
  1536    559.971  +0.038956  -0.070281  0.641  0.000  0.472  T  d0
  1537    560.335  +0.062457  -0.088196  0.641  0.000  0.472  T  d0
  1538    560.700  +0.014312  -0.105962  0.641  0.000  0.472  T  d0
  1539    561.065  -0.024747  -0.051269  0.641  0.000  0.472  T  d3
  1540    561.429  -0.022996  +0.021075  0.625  0.000  0.472  T  d0
  1541    561.794  -0.078993  +0.007663  0.609  0.000  0.472  T  d0
  1542    562.158  -0.112452  +0.006914  0.609  0.000  0.472  T  d0
  1543    562.523  -0.104459  +0.047594  0.594  0.000  0.472  T  d3
  1544    562.887  +0.005165  +0.041478  0.594  0.000  0.421  T  d0
  1545    563.252  +0.024694  +0.032442  0.594  0.000  0.421  T  d0
  1546    563.616  +0.061356  +0.091217  0.594  0.000  0.421  T  d3
  1547    563.981  +0.109676  +0.004354  0.594  0.000  0.421  T  d0
  1548    564.346  +0.020676  -0.004183  0.594  0.000  0.421  T  d3
  1549    564.710  +0.018528  -0.042779  0.594  0.000  0.421  T  d0
  1550    565.075  +0.031118  -0.015939  0.594  0.000  0.421  T  d3
  1551    565.439  -0.014823  -0.060823  0.594  0.000  0.421  T  d0
  1552    565.804  -0.022076  -0.099838  0.594  0.000  0.421  T  d3
  1553    566.168  -0.061925  +0.018619  0.594  0.000  0.421  T  d0
  1554    566.533  -0.026141  +0.017930  0.578  0.000  0.421  T  d0
  1555    566.898  -0.033656  +0.059645  0.594  0.000  0.421  T  d0
  1556    567.262  -0.039378  +0.055961  0.594  0.000  0.421  T  d0
  1557    567.627  -0.034280  +0.044190  0.609  0.000  0.421  T  d3
  1558    567.991  +0.018480  +0.072213  0.594  0.000  0.421  T  d3
  1559    568.356  +0.068593  -0.061347  0.609  0.000  0.421  T  d1
  1560    568.720  +0.086198  +0.039095  0.625  0.000  0.408  T  d0
  1561    569.085  +0.090639  +0.008465  0.625  0.000  0.408  T  d3
  1562    569.450  +0.082555  -0.073518  0.641  0.000  0.408  T  d3
  1563    569.814  -0.034947  -0.035658  0.641  0.000  0.408  T  d0
  1564    570.179  -0.032934  -0.048038  0.656  0.000  0.408  T  d0
  1565    570.543  -0.093334  -0.063351  0.672  0.000  0.408  T  d0
  1566    570.908  -0.046341  -0.039903  0.672  0.000  0.408  T  d0
  1567    571.272  -0.038519  -0.068213  0.656  0.000  0.408  T  d3
  1568    571.637  -0.071206  +0.044408  0.656  0.000  0.408  T  d0
  1569    572.001  -0.032271  +0.037044  0.656  0.000  0.408  T  d0
  1570    572.366  -0.029800  +0.025148  0.656  0.000  0.408  T  d3
  1571    572.731  +0.009933  +0.043192  0.656  0.000  0.408  T  d1
  1572    573.095  -0.037608  +0.055544  0.656  0.000  0.408  T  d3
  1573    573.460  +0.089401  +0.095512  0.656  0.000  0.408  T  d0
  1574    573.824  +0.071892  +0.091669  0.656  0.000  0.408  T  d3
  1575    574.189  +0.040412  -0.000883  0.656  0.000  0.408  T  d0
  1576    574.553  +0.097595  +0.049183  0.656  0.000  0.421  T  d3
  1577    574.918  +0.021447  -0.055014  0.656  0.000  0.421  T  d0
  1578    575.283  +0.067607  -0.098278  0.656  0.000  0.421  T  d0
  1579    575.647  +0.032258  -0.114513  0.672  0.000  0.421  T  d0
  1580    576.012  +0.014113  -0.091773  0.672  0.000  0.421  T  d0
  1581    576.376  -0.002383  -0.018564  0.672  0.000  0.421  T  d3
  1582    576.741  -0.140347  -0.055586  0.672  0.000  0.421  T  d0
  1583    577.105  -0.148563  -0.011563  0.688  0.000  0.421  T  d0
  1584    577.470  -0.105121  +0.013938  0.688  0.000  0.421  T  d0
  1585    577.834  -0.055418  +0.025889  0.703  0.000  0.421  T  d3
  1586    578.199  -0.012278  +0.095574  0.703  0.000  0.421  T  d0
  1587    578.564  +0.018573  +0.127740  0.703  0.000  0.421  T  d0
  1588    578.928  -0.011132  +0.129993  0.703  0.000  0.421  T  d0
  1589    579.293  +0.063211  +0.111293  0.703  0.000  0.421  T  d3
  1590    579.657  +0.063893  -0.022964  0.703  0.000  0.421  T  d0
  1591    580.022  +0.135313  -0.083196  0.719  0.000  0.421  T  d0
  1592    580.386  +0.119575  -0.079515  0.734  0.000  0.433  T  d0
  1593    580.751  +0.083283  -0.123215  0.734  0.000  0.433  T  d0
  1594    581.116  +0.045015  -0.108370  0.750  0.000  0.433  T  d3
  1595    581.480  -0.036269  -0.035798  0.750  0.000  0.433  T  d0
  1596    581.845  -0.110107  -0.053562  0.734  0.000  0.433  T  d0
  1597    582.209  -0.164674  -0.030882  0.719  0.000  0.433  T  d0
  1598    582.574  -0.140237  +0.021435  0.719  0.000  0.433  T  d3
  1599    582.938  -0.043342  +0.070016  0.703  0.000  0.433  T  d0
  1600    583.303  -0.018976  +0.034818  0.703  0.000  0.433  T  d0
  1601    583.668  +0.030933  +0.186423  0.688  0.000  0.433  T  d0
  1602    584.032  +0.055384  +0.103845  0.688  0.000  0.433  T  d0
  1603    584.397  +0.014753  +0.079100  0.688  0.000  0.433  T  d3
  1604    584.761  +0.103020  -0.030186  0.703  0.000  0.433  T  d0
  1605    585.126  +0.133927  -0.017261  0.719  0.000  0.433  T  d0
  1606    585.490  +0.100627  -0.112957  0.719  0.000  0.433  T  d0
  1607    585.855  +0.096291  -0.062268  0.734  0.000  0.433  T  d3
  1608    586.219  -0.031878  -0.056931  0.719  0.000  0.446  T  d0
  1609    586.584  -0.047509  -0.088939  0.719  0.000  0.446  T  d0
  1610    586.949  -0.137648  -0.059021  0.719  0.000  0.446  T  d0
  1611    587.313  -0.187428  -0.075033  0.719  0.000  0.446  T  d0
  1612    587.678  -0.145648  +0.011913  0.703  0.000  0.446  T  d3
  1613    588.042  -0.032937  +0.058679  0.703  0.000  0.446  T  d0
  1614    588.407  -0.019284  +0.110010  0.703  0.000  0.446  T  d0
  1615    588.771  +0.063055  +0.136336  0.703  0.000  0.446  T  d0
  1616    589.136  +0.053966  +0.113231  0.703  0.000  0.446  T  d0
  1617    589.501  +0.070058  +0.073341  0.688  0.000  0.446  T  d0
  1618    589.865  +0.072933  +0.009342  0.703  0.000  0.446  T  d0
  1619    590.230  +0.101317  -0.057794  0.703  0.000  0.446  T  d0
  1620    590.594  +0.140560  -0.109673  0.703  0.000  0.446  T  d0
  1621    590.959  +0.089243  -0.083904  0.703  0.000  0.446  T  d3
  1622    591.323  -0.019116  -0.073136  0.703  0.000  0.446  T  d0
  1623    591.688  -0.074553  -0.088999  0.703  0.000  0.446  T  d0
  1624    592.052  -0.105499  -0.056109  0.703  0.000  0.464  T  d0
  1625    592.417  -0.089674  -0.043623  0.703  0.000  0.464  T  d0
  1626    592.782  -0.074188  -0.013863  0.703  0.000  0.464  T  d3
  1627    593.146  -0.084807  +0.058481  0.703  0.000  0.464  T  d3
  1628    593.511  +0.036623  +0.117181  0.688  0.000  0.464  T  d1
  1629    593.875  -0.046299  +0.080217  0.688  0.000  0.464  T  d0
  1630    594.240  -0.033958  +0.118623  0.688  0.000  0.464  T  d3
  1631    594.604  +0.078050  +0.047209  0.688  0.000  0.464  T  d1
  1632    594.969  -0.011842  +0.028724  0.688  0.000  0.464  T  d3
  1633    595.334  +0.071045  -0.001889  0.672  0.000  0.464  T  d0
  1634    595.698  +0.068477  +0.031618  0.656  0.000  0.464  T  d3
  1635    596.063  +0.029072  -0.029071  0.656  0.000  0.464  T  d0
  1636    596.427  +0.051301  -0.060483  0.656  0.000  0.464  T  d0
  1637    596.792  +0.055212  -0.078818  0.641  0.000  0.464  T  d0
  1638    597.156  +0.029569  -0.123698  0.641  0.000  0.464  T  d0
  1639    597.521  -0.037818  -0.066928  0.625  0.000  0.464  T  d1
  1640    597.886  +0.035054  -0.037572  0.625  0.000  0.494  T  d3
  1641    598.250  -0.081044  -0.039709  0.609  0.000  0.494  T  d0
  1642    598.615  -0.108315  +0.016173  0.594  0.000  0.494  T  d0
  1643    598.979  -0.118887  -0.015302  0.578  0.000  0.494  T  d3
  1644    599.344  -0.080814  +0.075689  0.562  0.000  0.494  T  d0
  1645    599.708  -0.008752  +0.003329  0.562  0.000  0.494  T  d3
  1646    600.073  +0.018773  +0.114846  0.547  0.000  0.494  T  d0
  1647    600.437  +0.053819  +0.162703  0.547  0.000  0.494  T  d0
  1648    600.802  +0.043078  +0.081976  0.531  0.000  0.494  T  d3
  1649    601.167  +0.035074  +0.007559  0.516  0.000  0.494  T  d0
  1650    601.531  +0.109505  +0.003886  0.500  0.000  0.494  T  d0
  1651    601.896  +0.091834  -0.037273  0.500  0.000  0.494  T  d0
  1652    602.260  +0.122926  -0.125852  0.500  0.000  0.494  T  d0
  1653    602.625  +0.028167  -0.028860  0.484  0.000  0.494  T  d3
  1654    602.989  -0.001741  -0.071235  0.484  0.000  0.494  T  d0
  1655    603.354  -0.081297  -0.103423  0.469  0.000  0.494  T  d0
  1656    603.719  -0.204019  -0.060422  0.469  0.000  0.528  T  d0
  1657    604.083  -0.127198  +0.008113  0.469  0.000  0.528  T  d0
  1658    604.448  -0.080425  -0.046540  0.453  0.000  0.528  T  d3
  1659    604.812  -0.068380  +0.073319  0.453  0.000  0.528  T  d3
  1660    605.177  +0.081886  +0.112494  0.469  0.000  0.528  T  d0
  1661    605.541  +0.066797  +0.146153  0.469  0.000  0.528  T  d0
  1662    605.906  +0.044119  +0.093472  0.453  0.000  0.528  T  d3
  1663    606.271  +0.087387  +0.003002  0.453  0.000  0.528  T  d0
  1664    606.635  +0.074246  -0.044786  0.453  0.000  0.528  T  d3
  1665    607.000  -0.024401  -0.078732  0.453  0.000  0.528  T  d1
  1666    607.364  +0.059380  -0.064943  0.438  0.000  0.528  T  d0
  1667    607.729  +0.012384  -0.051364  0.453  0.000  0.528  T  d3
  1668    608.093  -0.031021  -0.049507  0.438  0.000  0.528  T  d3
  1669    608.458  -0.025273  +0.006376  0.438  0.000  0.528  T  d0
  1670    608.822  -0.051149  +0.031512  0.422  0.000  0.528  T  d3
  1671    609.187  +0.014007  +0.015979  0.406  0.000  0.528  T  d2
  1672    609.552  -0.011507  -0.005760  0.406  0.000  0.515  T  d1
  1673    609.916  +0.020562  -0.012222  0.406  0.000  0.515  T  d2
  1674    610.281  -0.074641  +0.007153  0.391  0.000  0.515  T  d3
  1675    610.645  -0.031245  +0.046559  0.375  0.000  0.515  T  d3
  1676    611.010  +0.039913  -0.006804  0.375  0.000  0.515  T  d2
  1677    611.374  -0.025352  -0.016331  0.359  0.000  0.515  T  d3
  1678    611.739  -0.060270  +0.037856  0.359  0.000  0.515  T  d0
  1679    612.104  -0.009349  +0.028642  0.359  0.000  0.515  T  d3
  1680    612.468  +0.025582  +0.014427  0.359  0.000  0.515  T  d1
  1681    612.833  -0.015286  +0.035208  0.375  0.000  0.515  T  d3
  1682    613.197  +0.064429  -0.005592  0.359  0.000  0.515  T  d0
  1683    613.562  +0.069722  +0.017355  0.344  0.000  0.515  T  d0
  1684    613.926  +0.095918  -0.046790  0.344  0.000  0.515  T  d1
  1685    614.291  +0.057690  +0.021483  0.344  0.000  0.515  T  d3
  1686    614.655  +0.025960  -0.055307  0.344  0.000  0.515  T  d3
  1687    615.020  -0.059355  -0.053212  0.344  0.000  0.515  T  d0
  1688    615.385  -0.037094  -0.073309  0.344  0.000  0.481  T  d0
  1689    615.749  -0.048598  -0.082881  0.344  0.000  0.481  T  d3
  1690    616.114  -0.120732  -0.019040  0.344  0.000  0.481  T  d3
  1691    616.478  -0.008409  +0.059409  0.344  0.000  0.481  T  d0
  1692    616.843  +0.019423  +0.065129  0.359  0.000  0.481  T  d1
  1693    617.207  -0.072246  +0.043602  0.359  0.000  0.481  T  d3
  1694    617.572  -0.010336  +0.146014  0.359  0.000  0.481  T  d3
  1695    617.937  +0.068297  -0.005161  0.359  0.000  0.481  T  d3
  1696    618.301  +0.000310  -0.027615  0.359  0.000  0.481  T  d3
  1697    618.666  -0.012228  +0.007556  0.375  0.000  0.481  T  d2
  1698    619.030  +0.037315  -0.007347  0.391  0.000  0.481  T  d0
  1699    619.395  +0.037039  +0.011926  0.391  0.000  0.481  T  d3
  1700    619.759  +0.009575  -0.024346  0.391  0.000  0.481  T  d0
  1701    620.124  +0.043219  -0.020462  0.406  0.000  0.481  T  d3
  1702    620.489  -0.001309  -0.032275  0.406  0.000  0.481  T  d1
  1703    620.853  +0.016067  +0.007354  0.422  0.000  0.481  T  d3
  1704    621.218  +0.028775  -0.023430  0.438  0.000  0.498  T  d3
  1705    621.582  -0.010959  -0.030591  0.453  0.000  0.498  T  d1
  1706    621.947  +0.027274  -0.003779  0.469  0.000  0.498  T  d3
  1707    622.311  +0.013886  -0.056916  0.484  0.000  0.498  T  d3
  1708    622.676  -0.047743  +0.007481  0.500  0.000  0.498  T  d1
  1709    623.040  -0.015321  -0.033223  0.516  0.000  0.498  T  d3
  1710    623.405  -0.038221  +0.022425  0.531  0.000  0.498  T  d0
  1711    623.770  -0.105092  +0.009676  0.531  0.000  0.498  T  d0
  1712    624.134  -0.058599  +0.013032  0.547  0.000  0.498  T  d0
  1713    624.499  -0.064089  -0.012019  0.547  0.000  0.498  T  d3
  1714    624.863  -0.040821  +0.083824  0.562  0.000  0.498  T  d3
  1715    625.228  +0.094501  +0.092152  0.562  0.000  0.498  T  d0
  1716    625.592  +0.045351  +0.138349  0.562  0.000  0.498  T  d0
  1717    625.957  +0.043941  +0.062992  0.578  0.000  0.498  T  d3
  1718    626.322  +0.090927  -0.007632  0.594  0.000  0.498  T  d0
  1719    626.686  +0.094326  -0.084317  0.594  0.000  0.498  T  d0
  1720    627.051  +0.079872  -0.146091  0.594  0.000  0.502  T  d0
  1721    627.415  +0.022694  -0.043647  0.594  0.000  0.502  T  d0
  1722    627.780  +0.037717  -0.117445  0.609  0.000  0.502  T  d3
  1723    628.144  -0.050241  -0.080505  0.625  0.000  0.502  T  d0
  1724    628.509  -0.142671  -0.034789  0.609  0.000  0.502  T  d0
  1725    628.873  -0.138567  -0.041782  0.625  0.000  0.502  T  d0
  1726    629.238  -0.120935  -0.030252  0.641  0.000  0.502  T  d3
  1727    629.603  -0.018766  +0.073288  0.641  0.000  0.502  T  d0
  1728    629.967  -0.005324  +0.133605  0.656  0.000  0.502  T  d0
  1729    630.332  +0.035983  +0.143238  0.672  0.000  0.502  T  d0
  1730    630.696  +0.033291  +0.191306  0.688  0.000  0.502  T  d0
  1731    631.061  +0.078435  +0.079302  0.688  0.000  0.502  T  d3
  1732    631.425  +0.092923  -0.001346  0.688  0.000  0.502  T  d0
  1733    631.790  +0.107761  -0.079878  0.672  0.000  0.502  T  d0
  1734    632.155  +0.054998  -0.146644  0.688  0.000  0.502  T  d0
  1735    632.519  +0.057688  -0.122681  0.703  0.000  0.502  T  d0
  1736    632.884  -0.007568  -0.052340  0.719  0.000  0.502  T  d0
  1737    633.248  -0.047134  -0.053601  0.719  0.000  0.502  T  d0
  1738    633.613  -0.142545  -0.051255  0.719  0.000  0.502  T  d0
  1739    633.977  -0.100062  -0.030689  0.734  0.000  0.502  T  d0
  1740    634.342  -0.082542  +0.005696  0.750  0.000  0.502  T  d0
  1741    634.707  -0.068511  +0.050718  0.750  0.000  0.502  T  d0
  1742    635.071  -0.044221  +0.109364  0.750  0.000  0.502  T  d0
  1743    635.436  +0.044409  +0.184468  0.734  0.000  0.502  T  d0
  1744    635.800  +0.026770  +0.114720  0.719  0.000  0.502  T  d3
  1745    636.165  +0.053999  +0.015554  0.703  0.000  0.502  T  d0
  1746    636.529  +0.110297  -0.021780  0.719  0.000  0.502  T  d0
  1747    636.894  +0.103217  -0.104562  0.719  0.000  0.502  T  d0
  1748    637.258  +0.117838  -0.100991  0.719  0.000  0.502  T  d0
  1749    637.623  +0.053421  -0.108046  0.719  0.000  0.502  T  d0
  1750    637.988  +0.028575  -0.062180  0.734  0.000  0.502  T  d3
  1751    638.352  -0.115382  -0.060538  0.734  0.000  0.502  T  d0
  1752    638.717  -0.126370  -0.012162  0.734  0.000  0.502  T  d0
  1753    639.081  -0.143737  -0.014291  0.734  0.000  0.502  T  d0
  1754    639.446  -0.086341  +0.059465  0.734  0.000  0.502  T  d0
  1755    639.810  -0.020313  +0.000604  0.734  0.000  0.502  T  d3
  1756    640.175  +0.000181  +0.154632  0.734  0.000  0.502  T  d0
  1757    640.540  +0.047614  +0.145953  0.734  0.000  0.502  T  d0
  1758    640.904  +0.013648  +0.066895  0.734  0.000  0.502  T  d3
  1759    641.269  +0.056108  +0.007296  0.750  0.000  0.502  T  d0
  1760    641.633  +0.106151  +0.013965  0.734  0.000  0.502  T  d0
  1761    641.998  +0.102703  -0.061690  0.719  0.000  0.502  T  d0
  1762    642.362  +0.116608  -0.104374  0.703  0.000  0.502  T  d0
  1763    642.727  +0.012708  -0.009094  0.688  0.000  0.502  T  d3
  1764    643.092  +0.007922  -0.094901  0.688  0.000  0.502  T  d3
  1765    643.456  -0.121262  -0.088676  0.672  0.000  0.502  T  d0
  1766    643.821  -0.182151  -0.041699  0.656  0.000  0.502  T  d0
  1767    644.185  -0.091487  +0.000297  0.641  0.000  0.502  T  d0
  1768    644.550  -0.073487  -0.045859  0.625  0.000  0.481  T  d3
  1769    644.914  -0.026146  +0.103847  0.625  0.000  0.481  T  d3
  1770    645.279  +0.111495  +0.095596  0.609  0.011  0.481  T  d0
  1771    645.643  +0.045779  +0.146043  0.594  0.011  0.481  T  d0
  1772    646.008  +0.055763  +0.042995  0.578  0.011  0.481  T  d3
  1773    646.373  +0.085196  -0.012742  0.562  0.011  0.481  T  d3
  1774    646.737  +0.030210  -0.073571  0.562  0.011  0.481  T  d3
  1775    647.102  -0.041079  -0.074751  0.547  0.011  0.481  T  d1
  1776    647.466  +0.044970  -0.063583  0.531  0.011  0.481  T  d3
  1777    647.831  -0.051856  -0.034029  0.547  0.011  0.481  T  d0
  1778    648.195  -0.048034  -0.029260  0.531  0.011  0.481  T  d3
  1779    648.560  -0.074473  +0.054184  0.531  0.011  0.481  T  d0
  1780    648.925  -0.045566  +0.052440  0.516  0.011  0.481  T  d0
  1781    649.289  +0.002714  +0.054799  0.516  0.011  0.481  T  d0
  1782    649.654  +0.016832  +0.020795  0.500  0.000  0.481  T  d0
  1783    650.018  +0.072032  +0.021864  0.500  0.000  0.481  T  d0
  1784    650.383  +0.043089  +0.012456  0.500  0.000  0.541  T  d0
  1785    650.747  +0.114701  -0.015614  0.484  0.000  0.541  T  d0
  1786    651.112  +0.050200  -0.016996  0.484  0.000  0.541  T  d3
  1787    651.476  -0.012302  -0.064190  0.469  0.000  0.541  T  d0
  1788    651.841  -0.062703  -0.067046  0.469  0.000  0.541  T  d0
  1789    652.206  -0.068994  -0.055205  0.469  0.000  0.541  T  d0
  1790    652.570  -0.046520  -0.046642  0.469  0.000  0.541  T  d0
  1791    652.935  -0.061318  -0.011267  0.484  0.000  0.541  T  d3
  1792    653.299  -0.020070  +0.073025  0.484  0.000  0.541  T  d3
  1793    653.664  +0.048761  +0.069730  0.469  0.000  0.541  T  d1
  1794    654.028  -0.082168  +0.066180  0.469  0.032  0.541  T  d3
  1795    654.393  +0.039499  +0.065200  0.453  0.032  0.541  T  d3
  1796    654.758  +0.026397  -0.002220  0.453  0.032  0.541  T  d3
  1797    655.122  -0.013070  -0.012316  0.453  0.032  0.541  T  d1
  1798    655.487  +0.065270  -0.012755  0.438  0.032  0.541  T  d1
  1799    655.851  +0.007684  +0.007291  0.422  0.032  0.541  T  d3
  1800    656.216  +0.005888  -0.038702  0.406  0.032  0.562  T  d0
  1801    656.580  +0.030783  -0.023072  0.406  0.032  0.562  T  d3
  1802    656.945  -0.012585  -0.019000  0.406  0.032  0.562  T  d2
  1803    657.310  +0.006068  +0.017986  0.391  0.032  0.562  T  d2
  1804    657.674  -0.003988  -0.013699  0.375  0.032  0.562  T  d1
  1805    658.039  +0.037422  -0.012681  0.375  0.032  0.562  T  d0
  1806    658.403  +0.007301  -0.004838  0.391  0.082  0.562  T  d1
  1807    658.768  +0.012197  +0.008042  0.391  0.082  0.562  T  d3
  1808    659.132  -0.003852  -0.041371  0.391  0.082  0.562  T  d0
  1809    659.497  +0.024385  -0.052341  0.391  0.082  0.562  T  d2
  1810    659.861  -0.066915  +0.027291  0.375  0.082  0.562  T  d0
  1811    660.226  -0.096342  -0.019002  0.391  0.082  0.562  T  d3
  1812    660.591  -0.040715  +0.030955  0.375  0.082  0.562  T  d0
  1813    660.955  -0.050149  +0.029965  0.359  0.082  0.562  T  d1
  1814    661.320  +0.001960  -0.010520  0.344  0.082  0.562  T  d2
  1815    661.684  +0.024848  +0.039256  0.328  0.082  0.562  T  d0
  1816    662.049  +0.019281  +0.093142  0.312  0.082  0.532  T  d3
  1817    662.413  +0.102181  +0.063284  0.297  0.082  0.532  T  d0
  1818    662.778  +0.027659  +0.016522  0.281  0.116  0.532  T  d2
  1819    663.143  -0.004254  +0.000893  0.281  0.116  0.532  T  d2
  1820    663.507  +0.056821  -0.067322  0.266  0.116  0.532  T  d0
  1821    663.872  +0.030740  -0.110666  0.250  0.116  0.532  T  d0
  1822    664.236  -0.027963  -0.063605  0.234  0.116  0.532  T  d0
  1823    664.601  -0.010026  -0.019294  0.219  0.116  0.532  T  d0
  1824    664.965  -0.024366  -0.013948  0.219  0.116  0.532  T  d3
  1825    665.330  -0.025031  +0.011770  0.219  0.116  0.532  T  d0
  1826    665.694  -0.057687  +0.020217  0.234  0.116  0.532  T  d3
  1827    666.059  +0.008621  +0.049741  0.234  0.116  0.532  T  d3
  1828    666.424  +0.009024  -0.005085  0.234  0.116  0.532  T  d2
  1829    666.788  -0.023377  +0.056928  0.234  0.116  0.532  T  d2
  1830    667.153  +0.023751  -0.032755  0.250  0.093  0.532  T  d1
  1831    667.517  +0.008981  +0.031650  0.250  0.093  0.532  T  d2
  1832    667.882  -0.009512  -0.017738  0.250  0.093  0.519  T  d1
  1833    668.246  +0.007692  -0.019585  0.234  0.093  0.519  T  d2
  1834    668.611  -0.028762  +0.032972  0.234  0.093  0.519  T  d3
  1835    668.976  +0.011358  +0.014985  0.234  0.093  0.519  T  d3
  1836    669.340  +0.020619  +0.002102  0.234  0.093  0.519  T  d3
  1837    669.705  +0.031424  -0.030877  0.234  0.093  0.519  T  d0
  1838    670.069  +0.007282  -0.016408  0.219  0.093  0.519  T  d3
  1839    670.434  -0.062796  +0.009185  0.219  0.093  0.519  T  d2
  1840    670.798  +0.036412  +0.025548  0.219  0.093  0.519  T  d3
  1841    671.163  +0.039530  -0.045020  0.203  0.093  0.519  T  d3
  1842    671.528  -0.029444  -0.005653  0.203  0.103  0.519  T  d0
  1843    671.892  -0.037706  +0.022601  0.188  0.103  0.519  T  d2
  1844    672.257  +0.033365  -0.007377  0.203  0.103  0.519  T  d2
  1845    672.621  -0.008202  +0.004087  0.188  0.103  0.519  T  d1
  1846    672.986  -0.002511  -0.008696  0.188  0.103  0.519  T  d1
  1847    673.350  +0.008712  -0.013982  0.188  0.103  0.519  T  d2
  1848    673.715  -0.028523  +0.035213  0.172  0.103  0.511  T  d2
  1849    674.079  +0.005146  -0.006625  0.172  0.103  0.511  T  d1
  1850    674.444  +0.027446  +0.007290  0.156  0.103  0.511  T  d2
  1851    674.809  -0.027162  -0.023671  0.156  0.103  0.511  T  d2
  1852    675.173  +0.010237  +0.014691  0.156  0.103  0.511  T  d2
  1853    675.538  -0.002123  -0.009895  0.141  0.103  0.511  T  d3
  1854    675.902  -0.026478  +0.036295  0.125  0.130  0.511  P  d2
  1855    676.267  +0.057114  -0.024868  0.109  0.130  0.511  P  d2
  1856    676.631  -0.033136  +0.023573  0.094  0.130  0.511  P  d2
  1857    676.996  +0.023080  -0.020477  0.094  0.130  0.511  P  d0
  1858    677.361  +0.003543  -0.013051  0.078  0.130  0.511  P  d2
  1859    677.725  +0.001635  +0.006655  0.094  0.130  0.511  P  d2
  1860    678.090  -0.020010  -0.039308  0.094  0.130  0.511  P  d2
  1861    678.454  -0.004806  +0.018442  0.094  0.130  0.511  P  d0
  1862    678.819  -0.036738  +0.029542  0.094  0.130  0.511  P  d3
  1863    679.183  +0.033454  +0.012671  0.094  0.130  0.511  P  d3
  1864    679.548  +0.003353  -0.010670  0.094  0.130  0.524  P  d1
  1865    679.913  +0.040034  -0.019803  0.094  0.130  0.524  P  d2
  1866    680.277  -0.054500  +0.000345  0.109  0.059  0.524  T  d3
  1867    680.642  -0.013360  +0.036515  0.109  0.059  0.524  T  d3
  1868    681.006  +0.061566  -0.016145  0.109  0.059  0.524  T  d3
  1869    681.371  -0.003648  -0.030610  0.109  0.059  0.524  T  d3
  1870    681.735  -0.041034  +0.020184  0.109  0.059  0.524  T  d3
  1871    682.100  +0.002668  +0.008459  0.109  0.059  0.524  T  d3
  1872    682.464  +0.030400  -0.011889  0.109  0.059  0.524  T  d2
  1873    682.829  -0.025903  +0.009282  0.109  0.059  0.524  T  d2
  1874    683.194  +0.024886  -0.032856  0.109  0.059  0.524  T  d2
  1875    683.558  -0.023537  +0.025716  0.109  0.059  0.524  T  d0
  1876    683.923  -0.012275  +0.008025  0.109  0.059  0.524  T  d2
  1877    684.287  +0.025527  -0.000265  0.109  0.059  0.524  T  d3
  1878    684.652  -0.001220  -0.010732  0.109  0.027  0.524  T  d3
  1879    685.016  -0.022838  -0.006644  0.109  0.027  0.524  T  d2
  1880    685.381  +0.028180  +0.005893  0.109  0.027  0.519  T  d2
  1881    685.746  -0.045860  +0.011988  0.109  0.027  0.519  T  d2
  1882    686.110  +0.043679  +0.013249  0.109  0.027  0.519  T  d3
  1883    686.475  -0.000132  -0.017157  0.125  0.027  0.519  T  d2
  1884    686.839  -0.006790  +0.025815  0.125  0.027  0.519  T  d2
  1885    687.204  +0.018525  -0.044119  0.141  0.027  0.519  T  d2
  1886    687.568  +0.001736  +0.016402  0.141  0.027  0.519  T  d2
  1887    687.933  -0.017075  -0.023926  0.156  0.027  0.519  T  d1
  1888    688.297  +0.004262  -0.013113  0.156  0.027  0.519  T  d2
  1889    688.662  -0.038515  +0.037687  0.172  0.027  0.519  T  d3
  1890    689.027  +0.009716  +0.003174  0.172  0.008  0.519  T  d0
  1891    689.391  +0.007546  +0.012447  0.188  0.008  0.519  T  d3
  1892    689.756  +0.037845  -0.017321  0.188  0.008  0.519  T  d3
  1893    690.120  -0.011611  -0.015014  0.203  0.008  0.519  T  d3
  1894    690.485  -0.052190  +0.023258  0.203  0.008  0.519  T  d2
  1895    690.849  +0.036476  +0.013970  0.219  0.008  0.519  T  d3
  1896    691.214  +0.032643  -0.039620  0.219  0.008  0.528  T  d2
  1897    691.579  -0.035948  +0.011531  0.234  0.008  0.528  T  d0
  1898    691.943  -0.028943  +0.012336  0.250  0.008  0.528  T  d2
  1899    692.308  +0.053134  +0.004114  0.266  0.008  0.528  T  d2
  1900    692.672  -0.042921  -0.024947  0.281  0.008  0.528  T  d2
  1901    693.037  +0.007830  +0.008142  0.281  0.008  0.528  T  d0
  1902    693.401  +0.018776  +0.020909  0.281  0.021  0.528  T  d1
  1903    693.766  -0.008343  +0.006448  0.281  0.021  0.528  T  d1
  1904    694.131  -0.001512  -0.009995  0.297  0.021  0.528  T  d1
  1905    694.495  +0.015726  +0.007195  0.297  0.021  0.528  T  d3
  1906    694.860  +0.024418  -0.017680  0.312  0.021  0.528  T  d0
  1907    695.224  +0.012701  +0.000143  0.312  0.021  0.528  T  d3
  1908    695.589  -0.019574  -0.024669  0.297  0.021  0.528  T  d3
  1909    695.953  -0.008473  +0.027820  0.312  0.021  0.528  T  d2
  1910    696.318  +0.035658  -0.044106  0.312  0.021  0.528  T  d3
  1911    696.682  -0.037062  -0.019123  0.312  0.021  0.528  T  d3
  1912    697.047  -0.028788  +0.054676  0.312  0.021  0.519  T  d2
  1913    697.412  +0.004935  -0.017740  0.312  0.021  0.519  T  d3
  1914    697.776  -0.009584  -0.012256  0.312  0.013  0.519  T  d0
  1915    698.141  -0.035585  -0.014196  0.312  0.013  0.519  T  d3
  1916    698.505  -0.037321  +0.036196  0.312  0.013  0.519  T  d0
  1917    698.870  -0.042366  +0.046563  0.312  0.013  0.519  T  d3
  1918    699.234  +0.015552  +0.030000  0.312  0.013  0.519  T  d0
  1919    699.599  +0.024500  +0.032968  0.312  0.013  0.519  T  d3
  1920    699.964  +0.078769  -0.005186  0.312  0.013  0.519  T  d0
  1921    700.328  +0.046975  +0.007534  0.312  0.013  0.519  T  d0
  1922    700.693  +0.106421  -0.024309  0.312  0.013  0.519  T  d0
  1923    701.057  +0.057248  -0.025208  0.297  0.013  0.519  T  d3
  1924    701.422  -0.019330  -0.058445  0.297  0.013  0.519  T  d0
  1925    701.786  -0.051446  -0.050564  0.297  0.013  0.519  T  d0
  1926    702.151  -0.082708  -0.058805  0.297  0.000  0.519  T  d0
  1927    702.515  -0.078947  -0.056477  0.297  0.000  0.519  T  d3
  1928    702.880  -0.013984  +0.018237  0.297  0.000  0.524  T  d0
  1929    703.245  -0.004967  +0.049390  0.297  0.000  0.524  T  d0
  1930    703.609  -0.025487  +0.041041  0.281  0.000  0.524  T  d0
  1931    703.974  -0.029750  +0.101050  0.281  0.000  0.524  T  d0
  1932    704.338  +0.006268  +0.060930  0.281  0.000  0.524  T  d3
  1933    704.703  +0.057785  +0.003857  0.281  0.000  0.524  T  d2
  1934    705.067  -0.013397  -0.001980  0.281  0.000  0.524  T  d2
  1935    705.432  +0.069214  -0.027287  0.281  0.000  0.524  T  d0
  1936    705.797  +0.028965  +0.004665  0.281  0.000  0.524  T  d3
  1937    706.161  -0.008569  -0.060087  0.281  0.000  0.524  T  d0
  1938    706.526  +0.020189  -0.034880  0.297  0.000  0.524  T  d2
  1939    706.890  -0.014270  +0.013838  0.297  0.000  0.524  T  d1
  1940    707.255  -0.006014  -0.017082  0.297  0.000  0.524  T  d0
  1941    707.619  -0.013885  -0.016995  0.312  0.000  0.524  T  d3
  1942    707.984  -0.024401  +0.025043  0.328  0.000  0.524  T  d2
  1943    708.349  +0.010891  -0.006037  0.328  0.000  0.524  T  d1
  1944    708.713  +0.004790  +0.029391  0.344  0.000  0.536  T  d1
  1945    709.078  -0.028257  -0.011901  0.344  0.000  0.536  T  d1
  1946    709.442  +0.022356  -0.030550  0.344  0.000  0.536  T  d2
  1947    709.807  -0.019105  +0.041040  0.328  0.000  0.536  T  d3
  1948    710.171  +0.012456  -0.001658  0.328  0.000  0.536  T  d3
  1949    710.536  -0.003452  -0.043616  0.328  0.000  0.536  T  d2
  1950    710.900  -0.014312  +0.054346  0.344  0.002  0.536  T  d3
  1951    711.265  +0.042285  -0.003428  0.328  0.002  0.536  T  d3
  1952    711.630  +0.000241  -0.011020  0.328  0.002  0.536  T  d3
  1953    711.994  -0.012938  +0.002521  0.328  0.002  0.536  T  d1
  1954    712.359  +0.001705  -0.021530  0.328  0.002  0.536  T  d2
  1955    712.723  +0.008688  +0.022836  0.328  0.002  0.536  T  d2
  1956    713.088  -0.033562  -0.024249  0.344  0.002  0.536  T  d2
  1957    713.452  +0.023446  +0.059531  0.328  0.002  0.536  T  d2
  1958    713.817  -0.008213  -0.061496  0.328  0.002  0.536  T  d3
  1959    714.182  -0.034175  +0.016135  0.328  0.002  0.536  T  d2
  1960    714.546  +0.033490  -0.000749  0.328  0.002  0.558  T  d2
  1961    714.911  -0.038481  +0.010222  0.312  0.002  0.558  T  d1
  1962    715.275  +0.001735  -0.014974  0.297  0.000  0.558  T  d1
  1963    715.640  +0.032945  +0.028557  0.281  0.000  0.558  T  d1
  1964    716.004  -0.020581  +0.002634  0.266  0.000  0.558  T  d2
  1965    716.369  +0.018608  -0.011830  0.266  0.000  0.558  T  d0
  1966    716.734  +0.009284  -0.006918  0.266  0.000  0.558  T  d2
  1967    717.098  -0.007303  +0.015514  0.266  0.000  0.558  T  d3
  1968    717.463  +0.007292  +0.017675  0.250  0.000  0.558  T  d3
  1969    717.827  +0.018327  -0.012547  0.266  0.000  0.558  T  d0
  1970    718.192  +0.038962  -0.010504  0.250  0.000  0.558  T  d0
  1971    718.556  +0.010234  +0.004193  0.250  0.000  0.558  T  d3
  1972    718.921  +0.012491  -0.012252  0.250  0.000  0.558  T  d0
  1973    719.285  +0.012939  -0.065560  0.234  0.000  0.558  T  d0
  1974    719.650  +0.005664  -0.025406  0.234  0.000  0.558  T  d3
  1975    720.015  -0.101416  +0.018329  0.234  0.000  0.558  T  d0
  1976    720.379  -0.066863  -0.029963  0.234  0.000  0.502  T  d3
  1977    720.744  -0.042218  +0.058324  0.234  0.000  0.502  T  d1
  1978    721.108  -0.040075  -0.012859  0.234  0.000  0.502  T  d2
  1979    721.473  +0.024708  +0.013176  0.234  0.000  0.502  T  d1
  1980    721.837  +0.008261  +0.057777  0.250  0.000  0.502  T  d0
  1981    722.202  +0.055004  +0.100464  0.266  0.000  0.502  T  d0
  1982    722.567  +0.090682  +0.030794  0.281  0.000  0.502  T  d1
  1983    722.931  -0.012947  +0.019317  0.297  0.000  0.502  T  d2
  1984    723.296  +0.024684  -0.023328  0.297  0.000  0.502  T  d0
  1985    723.660  +0.055434  -0.091144  0.312  0.000  0.502  T  d0
  1986    724.025  +0.000751  -0.099351  0.328  0.000  0.502  T  d0
  1987    724.389  -0.030446  -0.032227  0.328  0.000  0.502  T  d0
  1988    724.754  -0.005985  -0.020545  0.328  0.000  0.502  T  d3
  1989    725.118  -0.033607  +0.008175  0.328  0.000  0.502  T  d0
  1990    725.483  -0.027192  +0.002716  0.344  0.000  0.502  T  d0
  1991    725.848  -0.054314  +0.053077  0.359  0.000  0.502  T  d3
  1992    726.212  +0.045106  +0.010605  0.359  0.000  0.519  T  d1
  1993    726.577  -0.030647  +0.032711  0.375  0.000  0.519  T  d3
  1994    726.941  +0.017921  +0.015181  0.375  0.000  0.519  T  d3
  1995    727.306  +0.012843  -0.016010  0.391  0.000  0.519  T  d1
  1996    727.670  +0.010543  +0.016450  0.406  0.000  0.519  T  d2
  1997    728.035  -0.006391  -0.029940  0.422  0.000  0.519  T  d1
  1998    728.400  +0.012592  -0.001855  0.406  0.000  0.519  T  d2
  1999    728.764  -0.031717  +0.026321  0.422  0.000  0.519  T  d2
  2000    729.129  +0.029444  -0.011312  0.438  0.000  0.519  T  d0
  2001    729.493  +0.008080  +0.002515  0.453  0.000  0.519  T  d3
  2002    729.858  +0.040998  -0.035777  0.453  0.000  0.519  T  d3
  2003    730.222  -0.048358  -0.009774  0.438  0.000  0.519  T  d3
  2004    730.587  -0.040871  +0.031814  0.453  0.000  0.519  T  d2
  2005    730.952  +0.034031  -0.003089  0.453  0.000  0.519  T  d3
  2006    731.316  +0.000095  -0.016934  0.438  0.000  0.519  T  d3
  2007    731.681  -0.064042  +0.031643  0.453  0.000  0.519  T  d3
  2008    732.045  -0.010012  +0.035981  0.453  0.000  0.524  T  d3
  2009    732.410  +0.038509  +0.012717  0.453  0.000  0.524  T  d1
  2010    732.774  -0.026899  +0.026403  0.453  0.000  0.524  T  d2
  2011    733.139  +0.053174  -0.014520  0.469  0.000  0.524  T  d0
  2012    733.503  +0.047086  +0.003812  0.469  0.000  0.524  T  d0
  2013    733.868  +0.095291  -0.038222  0.453  0.000  0.524  T  d0
  2014    734.233  +0.018508  -0.009123  0.453  0.000  0.524  T  d0
  2015    734.597  +0.018133  -0.047456  0.453  0.000  0.524  T  d3
  2016    734.962  -0.055498  -0.079248  0.469  0.000  0.524  T  d0
  2017    735.326  -0.124027  -0.059875  0.453  0.000  0.524  T  d0
  2018    735.691  -0.034790  -0.084372  0.438  0.000  0.524  T  d3
  2019    736.055  -0.135603  -0.005132  0.422  0.000  0.524  T  d3
  2020    736.420  -0.067228  +0.069429  0.406  0.000  0.524  T  d3
  2021    736.785  +0.080903  +0.157656  0.406  0.000  0.524  T  d0
  2022    737.149  +0.032107  +0.170654  0.391  0.000  0.524  T  d0
  2023    737.514  +0.037198  +0.149300  0.375  0.000  0.524  T  d3
  2024    737.878  +0.139332  -0.017073  0.375  0.000  0.532  T  d0
  2025    738.243  +0.039029  -0.015919  0.375  0.000  0.532  T  d3
  2026    738.607  +0.024329  -0.099855  0.375  0.000  0.532  T  d0
  2027    738.972  +0.096294  -0.109494  0.375  0.000  0.532  T  d0
  2028    739.336  +0.034950  -0.068702  0.375  0.000  0.532  T  d0
  2029    739.701  +0.003939  -0.041001  0.375  0.000  0.532  T  d3
  2030    740.066  -0.087668  -0.067624  0.375  0.000  0.532  T  d0
  2031    740.430  -0.126550  -0.052293  0.375  0.000  0.532  T  d0
  2032    740.795  -0.074697  -0.031332  0.375  0.000  0.532  T  d0
  2033    741.159  -0.070008  -0.013056  0.359  0.000  0.532  T  d0
  2034    741.524  -0.070937  +0.032519  0.359  0.000  0.532  T  d3
  2035    741.888  -0.010633  +0.124433  0.375  0.000  0.532  T  d0
  2036    742.253  +0.039322  +0.134410  0.375  0.000  0.532  T  d0
  2037    742.618  +0.003704  +0.064099  0.375  0.000  0.532  T  d3
  2038    742.982  +0.035117  -0.018946  0.375  0.000  0.532  T  d0
  2039    743.347  +0.052215  -0.013911  0.375  0.000  0.532  T  d0
  2040    743.711  +0.079617  +0.040398  0.375  0.000  0.524  T  d3
  2041    744.076  +0.131075  -0.060777  0.391  0.000  0.524  T  d3
  2042    744.440  -0.011444  -0.045240  0.406  0.000  0.524  T  d0
  2043    744.805  +0.016268  -0.029825  0.406  0.000  0.524  T  d3
  2044    745.170  -0.046011  -0.005144  0.391  0.000  0.524  T  d1
  2045    745.534  -0.008727  -0.039867  0.391  0.000  0.524  T  d0
  2046    745.899  -0.016831  -0.025739  0.391  0.000  0.524  T  d3
  2047    746.263  -0.077582  +0.001578  0.375  0.000  0.524  T  d0
  2048    746.628  -0.058247  +0.016080  0.375  0.000  0.524  T  d3
  2049    746.992  +0.044518  +0.032487  0.375  0.000  0.524  T  d1
  2050    747.357  -0.005169  +0.001338  0.375  0.000  0.524  T  d1
  2051    747.721  -0.014677  -0.028247  0.391  0.000  0.524  T  d2
  2052    748.086  +0.019993  +0.038882  0.391  0.000  0.524  T  d1
  2053    748.451  -0.022221  -0.000839  0.391  0.000  0.524  T  d2
  2054    748.815  +0.035460  +0.006949  0.391  0.000  0.524  T  d3
  2055    749.180  +0.001928  -0.006914  0.391  0.000  0.524  T  d2
  2056    749.544  -0.026885  +0.020871  0.406  0.000  0.481  T  d2
  2057    749.909  +0.046986  -0.007476  0.391  0.000  0.481  T  d2
  2058    750.273  -0.035185  +0.007041  0.406  0.000  0.481  T  d2
  2059    750.638  +0.018235  -0.005625  0.391  0.000  0.481  T  d3
  2060    751.003  +0.012806  -0.027008  0.375  0.000  0.481  T  d2
  2061    751.367  -0.045017  +0.029259  0.375  0.000  0.481  T  d2
  2062    751.732  +0.048690  -0.018966  0.391  0.000  0.481  T  d2
  2063    752.096  -0.043841  -0.007660  0.391  0.000  0.481  T  d1
  2064    752.461  -0.004876  -0.008919  0.375  0.000  0.481  T  d2
  2065    752.825  +0.003260  +0.040503  0.375  0.000  0.481  T  d3
  2066    753.190  +0.008881  +0.002196  0.359  0.000  0.481  T  d0
  2067    753.555  +0.010071  +0.012569  0.359  0.000  0.481  T  d3
  2068    753.919  +0.037993  -0.003666  0.344  0.000  0.481  T  d2
  2069    754.284  -0.008996  -0.001031  0.344  0.000  0.481  T  d1
  2070    754.648  +0.022677  -0.021659  0.344  0.000  0.481  T  d1
  2071    755.013  +0.027673  +0.014548  0.344  0.000  0.481  T  d3
  2072    755.377  +0.005248  -0.033048  0.328  0.000  0.476  T  d0
  2073    755.742  +0.011127  -0.022554  0.344  0.000  0.476  T  d0
  2074    756.106  +0.011977  -0.065791  0.359  0.000  0.476  T  d2
  2075    756.471  -0.041572  +0.032886  0.344  0.000  0.476  T  d1
  2076    756.836  -0.094152  -0.015194  0.359  0.000  0.476  T  d0
  2077    757.200  -0.039034  +0.003472  0.375  0.000  0.476  T  d0
  2078    757.565  -0.079459  +0.014052  0.375  0.000  0.476  T  d3
  2079    757.929  -0.012743  +0.025683  0.375  0.000  0.476  T  d3
  2080    758.294  +0.027097  +0.037337  0.375  0.000  0.476  T  d0
  2081    758.658  +0.051994  +0.092029  0.391  0.000  0.476  T  d0
  2082    759.023  +0.077824  +0.052073  0.406  0.000  0.476  T  d0
  2083    759.388  +0.037061  +0.037904  0.422  0.000  0.476  T  d3
  2084    759.752  +0.043449  -0.024795  0.422  0.000  0.476  T  d3
  2085    760.117  -0.009852  -0.065483  0.438  0.000  0.476  T  d0
  2086    760.481  +0.002217  -0.078657  0.453  0.000  0.476  T  d0
  2087    760.846  +0.034270  -0.053224  0.469  0.000  0.476  T  d0
  2088    761.210  +0.013038  -0.069901  0.484  0.000  0.485  T  d3
  2089    761.575  -0.041278  +0.006185  0.500  0.000  0.485  T  d0
  2090    761.939  -0.062560  +0.014947  0.516  0.000  0.485  T  d2
  2091    762.304  +0.023837  +0.002773  0.531  0.000  0.485  T  d2
  2092    762.669  -0.035157  +0.023766  0.547  0.000  0.485  T  d0
  2093    763.033  -0.003240  +0.000599  0.547  0.000  0.485  T  d0
  2094    763.398  -0.010662  +0.013500  0.562  0.000  0.485  T  d0
  2095    763.762  -0.035239  +0.048534  0.578  0.000  0.485  T  d3
  2096    764.127  +0.002097  +0.009605  0.594  0.000  0.485  T  d0
  2097    764.491  +0.017112  +0.020646  0.594  0.000  0.485  T  d2
  2098    764.856  -0.038725  -0.003663  0.609  0.000  0.485  T  d3
  2099    765.221  +0.015086  +0.031183  0.609  0.000  0.485  T  d1
  2100    765.585  -0.011027  +0.013214  0.625  0.000  0.485  T  d0
  2101    765.950  -0.005119  +0.049456  0.641  0.000  0.485  T  d3
  2102    766.314  +0.080198  -0.025748  0.656  0.000  0.485  T  d0
  2103    766.679  +0.029374  -0.034901  0.656  0.000  0.485  T  d1
  2104    767.043  +0.075697  -0.000664  0.672  0.000  0.519  T  d0
  2105    767.408  +0.022004  -0.007508  0.672  0.000  0.519  T  d0
  2106    767.773  +0.058288  -0.079722  0.672  0.000  0.519  T  d3
  2107    768.137  -0.044884  -0.072063  0.672  0.000  0.519  T  d0
  2108    768.502  -0.071975  -0.036487  0.672  0.000  0.519  T  d0
  2109    768.866  -0.159311  -0.055544  0.672  0.000  0.519  T  d0
  2110    769.231  -0.073351  -0.037280  0.672  0.000  0.519  T  d3
  2111    769.595  -0.004298  +0.037149  0.672  0.000  0.519  T  d0
  2112    769.960  -0.012757  +0.100042  0.672  0.000  0.519  T  d0
  2113    770.324  +0.036668  +0.126649  0.672  0.000  0.519  T  d0
  2114    770.689  +0.026239  +0.181013  0.672  0.000  0.519  T  d0
  2115    771.054  +0.071036  +0.074851  0.656  0.000  0.519  T  d3
  2116    771.418  +0.084061  -0.001694  0.656  0.000  0.519  T  d0
  2117    771.783  +0.100578  -0.076637  0.656  0.000  0.519  T  d0
  2118    772.147  +0.048103  -0.142153  0.656  0.000  0.519  T  d0
  2119    772.512  +0.052300  -0.117623  0.656  0.000  0.519  T  d0
  2120    772.876  -0.011903  -0.047877  0.641  0.000  0.532  T  d0
  2121    773.241  -0.048553  -0.045300  0.656  0.000  0.532  T  d0
  2122    773.606  -0.142534  -0.041845  0.656  0.000  0.532  T  d0
  2123    773.970  -0.103885  -0.015885  0.672  0.000  0.532  T  d0
  2124    774.335  -0.067837  -0.013288  0.672  0.000  0.532  T  d3
  2125    774.699  -0.076448  +0.058887  0.672  0.000  0.532  T  d0
  2126    775.064  -0.047831  +0.110493  0.656  0.000  0.532  T  d0
  2127    775.428  +0.043949  +0.188219  0.656  0.000  0.532  T  d0
  2128    775.793  +0.034532  +0.114072  0.672  0.000  0.532  T  d3
  2129    776.157  +0.052739  +0.016118  0.656  0.000  0.532  T  d0
  2130    776.522  +0.112706  -0.021460  0.656  0.000  0.532  T  d0
  2131    776.887  +0.105536  -0.104486  0.656  0.000  0.532  T  d0
  2132    777.251  +0.123847  -0.103843  0.672  0.000  0.532  T  d0
  2133    777.616  +0.057238  -0.112913  0.672  0.000  0.532  T  d0
  2134    777.980  +0.036008  -0.065760  0.672  0.000  0.532  T  d3
  2135    778.345  -0.109835  -0.067056  0.656  0.000  0.532  T  d0
  2136    778.709  -0.122451  -0.016420  0.672  0.000  0.536  T  d0
  2137    779.074  -0.142345  -0.024893  0.672  0.000  0.536  T  d0
  2138    779.439  -0.089210  +0.059142  0.656  0.000  0.536  T  d1
  2139    779.803  -0.025088  -0.013248  0.672  0.000  0.536  T  d3
  2140    780.168  -0.009192  +0.164105  0.656  0.000  0.536  T  d0
  2141    780.532  +0.009119  +0.102751  0.656  0.000  0.536  T  d0
  2142    780.897  +0.000743  +0.122547  0.656  0.000  0.536  T  d3
  2143    781.261  +0.065561  +0.064660  0.672  0.000  0.536  T  d3
  2144    781.626  +0.088077  -0.027201  0.656  0.000  0.536  T  d0
  2145    781.991  +0.098080  -0.032442  0.656  0.000  0.536  T  d0
  2146    782.355  +0.119192  -0.092234  0.656  0.000  0.536  T  d2
  2147    782.720  -0.004253  +0.007544  0.641  0.000  0.536  T  d2
  2148    783.084  +0.025351  -0.068190  0.641  0.000  0.536  T  d3
  2149    783.449  -0.048163  -0.093988  0.641  0.000  0.536  T  d0
  2150    783.813  -0.095314  -0.056382  0.641  0.000  0.536  T  d0
  2151    784.178  -0.022686  -0.059359  0.641  0.000  0.536  T  d3
  2152    784.542  -0.091422  -0.018903  0.625  0.000  0.524  T  d0
  2153    784.907  -0.025548  +0.000132  0.625  0.000  0.524  T  d0
  2154    785.272  -0.037393  +0.023964  0.625  0.000  0.524  T  d0
  2155    785.636  -0.041551  +0.054663  0.625  0.000  0.524  T  d3
  2156    786.001  +0.011174  +0.028948  0.625  0.000  0.524  T  d0
  2157    786.365  -0.024664  +0.072375  0.641  0.000  0.524  T  d3
  2158    786.730  +0.055955  +0.057145  0.625  0.000  0.524  T  d0
  2159    787.094  +0.082921  +0.088382  0.625  0.000  0.524  T  d0
  2160    787.459  +0.035176  +0.077757  0.625  0.000  0.524  T  d3
  2161    787.824  +0.052672  -0.052260  0.641  0.000  0.524  T  d3
  2162    788.188  -0.012371  -0.029639  0.641  0.000  0.524  T  d1
  2163    788.553  +0.051017  -0.062441  0.625  0.000  0.524  T  d0
  2164    788.917  +0.012245  -0.102247  0.625  0.000  0.524  T  d0
  2165    789.282  -0.001484  -0.067490  0.625  0.000  0.524  T  d3
  2166    789.646  -0.018020  -0.013640  0.609  0.000  0.524  T  d3
  2167    790.011  -0.009720  +0.013780  0.625  0.000  0.524  T  d0
  2168    790.376  -0.112291  +0.021279  0.625  0.000  0.541  T  d0
  2169    790.740  -0.020484  +0.020923  0.625  0.000  0.541  T  d1
  2170    791.105  -0.028988  -0.000944  0.609  0.000  0.541  T  d0
  2171    791.469  -0.072405  +0.040034  0.609  0.000  0.541  T  d3
  2172    791.834  +0.098571  +0.059835  0.609  0.000  0.541  T  d0
  2173    792.198  +0.038290  +0.020416  0.609  0.000  0.541  T  d0
  2174    792.563  +0.049850  -0.009244  0.609  0.000  0.541  T  d0
  2175    792.927  +0.023860  -0.001973  0.625  0.000  0.541  T  d3
  2176    793.292  +0.016740  -0.073865  0.625  0.000  0.541  T  d0
  2177    793.657  -0.025922  -0.044452  0.609  0.000  0.541  T  d0
  2178    794.021  -0.067513  -0.046079  0.609  0.000  0.541  T  d1
  2179    794.386  +0.004811  -0.040029  0.609  0.000  0.541  T  d3
  2180    794.750  -0.075904  +0.032205  0.625  0.000  0.541  T  d0
  2181    795.115  -0.049357  +0.091007  0.625  0.000  0.541  T  d0
  2182    795.479  +0.023971  +0.171207  0.625  0.000  0.541  T  d0
  2183    795.844  -0.000571  +0.076734  0.609  0.000  0.541  T  d3
  2184    796.209  +0.036491  +0.009025  0.609  0.000  0.545  T  d0
  2185    796.573  +0.080842  -0.038875  0.609  0.000  0.545  T  d0
  2186    796.938  +0.090384  -0.098274  0.594  0.000  0.545  T  d0
  2187    797.302  +0.094416  -0.102678  0.594  0.000  0.545  T  d0
  2188    797.667  +0.048010  -0.090397  0.609  0.000  0.545  T  d0
  2189    798.031  +0.009467  -0.059171  0.594  0.000  0.545  T  d3
  2190    798.396  -0.117758  -0.042645  0.609  0.000  0.545  T  d0
  2191    798.760  -0.123267  -0.011747  0.609  0.000  0.545  T  d0
  2192    799.125  -0.131963  +0.001469  0.609  0.000  0.545  T  d0
  2193    799.490  -0.070085  +0.057858  0.625  0.000  0.545  T  d0
  2194    799.854  -0.005461  +0.003100  0.625  0.000  0.545  T  d3
  2195    800.219  +0.006814  +0.178328  0.641  0.000  0.545  T  d0
  2196    800.583  +0.026675  +0.083789  0.641  0.000  0.545  T  d0
  2197    800.948  +0.022286  +0.127058  0.641  0.000  0.545  T  d3
  2198    801.312  +0.093039  +0.022923  0.641  0.000  0.545  T  d0
  2199    801.677  +0.100824  -0.036816  0.656  0.000  0.545  T  d0
  2200    802.042  +0.117029  -0.070909  0.656  0.000  0.541  T  d0
  2201    802.406  +0.110461  -0.103124  0.656  0.000  0.541  T  d3
  2202    802.771  -0.022430  -0.015915  0.656  0.000  0.541  T  d1
  2203    803.135  +0.009110  -0.099938  0.656  0.000  0.541  T  d3
  2204    803.500  -0.142303  -0.079819  0.672  0.000  0.541  T  d0
  2205    803.864  -0.176248  -0.032257  0.656  0.000  0.541  T  d0
  2206    804.229  -0.085432  -0.007389  0.656  0.000  0.541  T  d0
  2207    804.594  -0.076706  -0.034004  0.641  0.000  0.541  T  d3
  2208    804.958  -0.006700  +0.112802  0.656  0.000  0.541  T  d3
  2209    805.323  +0.111968  +0.096707  0.656  0.000  0.541  T  d0
  2210    805.687  +0.039153  +0.145955  0.656  0.000  0.541  T  d3
  2211    806.052  +0.062425  +0.029219  0.672  0.000  0.541  T  d0
  2212    806.416  +0.085649  -0.014953  0.688  0.000  0.541  T  d3
  2213    806.781  +0.014928  -0.079371  0.672  0.000  0.541  T  d0
  2214    807.145  -0.032444  -0.068567  0.672  0.000  0.541  T  d1
  2215    807.510  +0.044719  -0.061423  0.672  0.000  0.541  T  d3
  2216    807.875  -0.061146  -0.028426  0.688  0.000  0.524  T  d0
  2217    808.239  -0.044890  -0.026419  0.672  0.000  0.524  T  d3
  2218    808.604  -0.075263  +0.069531  0.672  0.000  0.524  T  d0
  2219    808.968  -0.037077  +0.040726  0.672  0.000  0.524  T  d0
  2220    809.333  -0.001647  +0.056832  0.672  0.000  0.524  T  d3
  2221    809.697  +0.035367  +0.027868  0.656  0.000  0.524  T  d0
  2222    810.062  +0.068928  +0.012861  0.672  0.000  0.524  T  d0
  2223    810.427  +0.054219  +0.002311  0.672  0.000  0.524  T  d0
  2224    810.791  +0.116289  -0.023004  0.672  0.000  0.524  T  d0
  2225    811.156  +0.029800  -0.038391  0.656  0.000  0.524  T  d3
  2226    811.520  -0.020142  -0.067161  0.641  0.000  0.524  T  d0
  2227    811.885  -0.062278  -0.061282  0.641  0.000  0.524  T  d0
  2228    812.249  -0.083460  -0.069869  0.641  0.000  0.524  T  d0
  2229    812.614  -0.071164  -0.053749  0.641  0.000  0.524  T  d3
  2230    812.978  -0.003639  +0.036213  0.641  0.000  0.524  T  d0
  2231    813.343  -0.025051  +0.043201  0.625  0.000  0.524  T  d0
  2232    813.708  -0.032878  +0.065314  0.609  0.000  0.494  T  d0
  2233    814.072  -0.044135  +0.124420  0.609  0.000  0.494  T  d3
  2234    814.437  +0.029928  +0.062070  0.609  0.000  0.494  T  d0
  2235    814.801  +0.027650  +0.039063  0.609  0.000  0.494  T  d0
  2236    815.166  +0.006986  +0.018625  0.609  0.000  0.494  T  d3
  2237    815.530  +0.088092  +0.015552  0.594  0.000  0.494  T  d0
  2238    815.895  +0.028446  +0.022535  0.594  0.000  0.494  T  d3
  2239    816.260  +0.040898  -0.060286  0.578  0.000  0.494  T  d0
  2240    816.624  +0.050981  -0.048106  0.578  0.000  0.494  T  d0
  2241    816.989  +0.057779  -0.114332  0.594  0.000  0.494  T  d0
  2242    817.353  -0.019743  -0.094752  0.578  0.000  0.494  T  d0
  2243    817.718  +0.014875  -0.041839  0.594  0.000  0.494  T  d0
  2244    818.082  -0.004874  -0.049519  0.578  0.000  0.494  T  d3
  2245    818.447  -0.106039  -0.008858  0.594  0.000  0.494  T  d0
  2246    818.812  -0.104577  -0.012088  0.594  0.000  0.494  T  d0
  2247    819.176  -0.104079  +0.025643  0.609  0.000  0.494  T  d0
  2248    819.541  -0.041305  +0.040239  0.625  0.000  0.498  T  d3
  2249    819.905  +0.009930  +0.020092  0.625  0.000  0.498  T  d0
  2250    820.270  +0.010687  +0.175762  0.641  0.000  0.498  T  d0
  2251    820.634  +0.021367  +0.070061  0.641  0.000  0.498  T  d0
  2252    820.999  +0.010250  +0.132815  0.641  0.000  0.498  T  d3
  2253    821.363  +0.082909  +0.000745  0.641  0.000  0.498  T  d0
  2254    821.728  +0.071112  -0.017529  0.641  0.000  0.498  T  d0
  2255    822.093  +0.107517  -0.075636  0.641  0.000  0.498  T  d0
  2256    822.457  +0.075261  -0.060800  0.641  0.000  0.498  T  d3
  2257    822.822  -0.023281  -0.002836  0.641  0.000  0.498  T  d1
  2258    823.186  +0.021957  -0.080944  0.641  0.000  0.498  T  d3
  2259    823.551  -0.090621  -0.080639  0.641  0.000  0.498  T  d0
  2260    823.915  -0.062375  -0.040720  0.641  0.000  0.498  T  d0
  2261    824.280  -0.028448  -0.049780  0.641  0.000  0.498  T  d3
  2262    824.645  -0.071507  +0.005968  0.641  0.000  0.498  T  d2
  2263    825.009  +0.010723  +0.003125  0.641  0.000  0.498  T  d1
  2264    825.374  -0.032150  +0.039955  0.641  0.000  0.511  T  d0
  2265    825.738  +0.003178  +0.042620  0.641  0.000  0.511  T  d3
  2266    826.103  +0.017959  +0.012911  0.656  0.000  0.511  T  d1
  2267    826.467  -0.010860  +0.062352  0.641  0.000  0.511  T  d2
  2268    826.832  +0.015045  -0.019235  0.641  0.000  0.511  T  d2
  2269    827.197  +0.001221  +0.062660  0.641  0.000  0.511  T  d0
  2270    827.561  +0.010728  +0.029621  0.625  0.000  0.511  T  d3
  2271    827.926  +0.041204  -0.035715  0.641  0.000  0.511  T  d2
  2272    828.290  -0.037610  +0.033598  0.625  0.000  0.511  T  d0
  2273    828.655  -0.024634  +0.033472  0.609  0.000  0.511  T  d3
  2274    829.019  +0.034203  +0.036016  0.594  0.000  0.511  T  d0
  2275    829.384  +0.059591  +0.028954  0.578  0.000  0.511  T  d3
  2276    829.748  +0.024932  -0.023616  0.562  0.000  0.511  T  d0
  2277    830.113  +0.057674  -0.073284  0.562  0.000  0.511  T  d0
  2278    830.478  +0.053002  -0.096300  0.547  0.000  0.511  T  d0
  2279    830.842  +0.003312  -0.115357  0.531  0.000  0.511  T  d0
  2280    831.207  -0.015778  -0.031480  0.516  0.000  0.476  T  d0
  2281    831.571  -0.034795  -0.017505  0.531  0.000  0.476  T  d0
  2282    831.936  -0.097042  -0.022885  0.531  0.000  0.476  T  d0
  2283    832.300  -0.134448  -0.023756  0.531  0.000  0.476  T  d0
  2284    832.665  -0.083154  +0.054672  0.531  0.000  0.476  T  d3
  2285    833.030  -0.003910  +0.038259  0.531  0.000  0.476  T  d0
  2286    833.394  +0.000086  +0.066490  0.531  0.000  0.476  T  d0
  2287    833.759  +0.049643  +0.173825  0.531  0.000  0.476  T  d0
  2288    834.123  +0.030499  +0.087665  0.531  0.000  0.476  T  d0
  2289    834.488  +0.002629  +0.056944  0.547  0.000  0.476  T  d3
  2290    834.852  +0.097772  -0.026325  0.547  0.000  0.476  T  d0
  2291    835.217  +0.091370  -0.013553  0.562  0.000  0.476  T  d0
  2292    835.581  +0.080978  -0.097742  0.562  0.000  0.476  T  d0
  2293    835.946  +0.061092  -0.013111  0.562  0.000  0.476  T  d3
  2294    836.311  -0.042460  -0.045926  0.578  0.000  0.476  T  d0
  2295    836.675  -0.014299  -0.082400  0.578  0.000  0.476  T  d0
  2296    837.040  -0.056246  -0.060683  0.594  0.000  0.498  T  d0
  2297    837.404  -0.100260  -0.045987  0.594  0.000  0.498  T  d0
  2298    837.769  -0.026447  -0.034435  0.594  0.000  0.498  T  d3
  2299    838.133  -0.015294  +0.023741  0.609  0.000  0.498  T  d0
  2300    838.498  -0.048402  +0.019532  0.625  0.000  0.498  T  d3
  2301    838.863  +0.022332  +0.026950  0.641  0.000  0.498  T  d1
  2302    839.227  -0.004340  +0.032681  0.641  0.000  0.498  T  d0
  2303    839.592  -0.021018  +0.048443  0.656  0.000  0.498  T  d3
  2304    839.956  +0.052906  +0.015699  0.656  0.000  0.498  T  d1
  2305    840.321  -0.036374  +0.041626  0.656  0.000  0.498  T  d3
  2306    840.685  +0.041729  +0.007551  0.672  0.000  0.498  T  d1
  2307    841.050  +0.006069  +0.011001  0.672  0.000  0.498  T  d1
  2308    841.415  -0.019869  +0.045475  0.688  0.000  0.498  T  d3
  2309    841.779  +0.061515  +0.003202  0.672  0.000  0.498  T  d2
  2310    842.144  -0.030053  +0.013939  0.672  0.000  0.498  T  d3
  2311    842.508  +0.029360  +0.020026  0.672  0.000  0.498  T  d3
  2312    842.873  +0.049424  -0.019186  0.672  0.000  0.472  T  d0
  2313    843.237  +0.004977  -0.009533  0.672  0.000  0.472  T  d0
  2314    843.602  +0.035523  -0.084969  0.656  0.000  0.472  T  d0
  2315    843.966  +0.054211  -0.094590  0.656  0.000  0.472  T  d0
  2316    844.331  +0.006939  -0.080875  0.641  0.000  0.472  T  d3
  2317    844.696  -0.042525  -0.034232  0.656  0.000  0.472  T  d0
  2318    845.060  -0.094684  +0.001813  0.641  0.000  0.472  T  d0
  2319    845.425  -0.088915  -0.001902  0.625  0.000  0.472  T  d0
  2320    845.789  -0.126330  +0.006024  0.625  0.000  0.472  T  d0
  2321    846.154  -0.042038  +0.020830  0.609  0.000  0.472  T  d3
  2322    846.518  -0.007196  +0.091725  0.609  0.000  0.472  T  d0
  2323    846.883  +0.035183  +0.103827  0.594  0.000  0.472  T  d0
  2324    847.248  +0.076328  +0.169769  0.578  0.000  0.472  T  d0
  2325    847.612  +0.057271  +0.040808  0.578  0.000  0.472  T  d0
  2326    847.977  +0.070934  +0.043628  0.594  0.000  0.472  T  d3
  2327    848.341  +0.113753  -0.120241  0.594  0.000  0.472  T  d0
  2328    848.706  +0.098006  -0.036223  0.594  0.000  0.502  T  d0
  2329    849.070  +0.116791  -0.100005  0.594  0.000  0.502  T  d3
  2330    849.435  -0.028089  -0.051830  0.594  0.000  0.502  T  d0
  2331    849.799  -0.041870  -0.085349  0.594  0.000  0.502  T  d0
  2332    850.164  -0.129553  -0.080543  0.594  0.000  0.502  T  d0
  2333    850.529  -0.212652  -0.029208  0.609  0.000  0.502  T  d0
  2334    850.893  -0.087538  +0.007256  0.625  0.000  0.502  T  d0
  2335    851.258  -0.080362  -0.004614  0.609  0.000  0.502  T  d3
  2336    851.622  -0.038886  +0.065383  0.625  0.000  0.502  T  d0
  2337    851.987  +0.005010  +0.161220  0.641  0.000  0.502  T  d0
  2338    852.351  +0.090340  +0.137022  0.641  0.000  0.502  T  d0
  2339    852.716  +0.061308  +0.078945  0.641  0.000  0.502  T  d0
  2340    853.081  +0.057184  +0.033669  0.656  0.000  0.502  T  d3
  2341    853.445  +0.100422  -0.065411  0.672  0.000  0.502  T  d0
  2342    853.810  +0.113259  -0.069958  0.672  0.000  0.502  T  d0
  2343    854.174  +0.105038  -0.054153  0.688  0.000  0.502  T  d0
  2344    854.539  +0.029430  -0.067477  0.688  0.000  0.515  T  d0
  2345    854.903  -0.010373  -0.086534  0.688  0.000  0.515  T  d3
  2346    855.268  -0.107556  -0.065596  0.688  0.000  0.515  T  d0
  2347    855.633  -0.055069  -0.103118  0.688  0.000  0.515  T  d3
  2348    855.997  -0.131993  -0.022298  0.688  0.000  0.515  T  d0
  2349    856.362  -0.082380  +0.037933  0.688  0.000  0.515  T  d3
  2350    856.726  +0.030837  +0.106893  0.672  0.000  0.515  T  d1
  2351    857.091  -0.067981  +0.041531  0.656  0.000  0.515  T  d0
  2352    857.455  -0.040637  +0.157982  0.656  0.000  0.515  T  d3
  2353    857.820  +0.057335  +0.073786  0.656  0.000  0.515  T  d3
  2354    858.184  +0.042782  -0.024943  0.656  0.000  0.515  T  d2
  2355    858.549  -0.012104  +0.027797  0.656  0.000  0.515  T  d3
  2356    858.914  +0.043348  +0.010235  0.656  0.000  0.515  T  d0
  2357    859.278  +0.072992  +0.014552  0.656  0.000  0.515  T  d0
  2358    859.643  +0.042047  -0.024393  0.656  0.000  0.515  T  d0
  2359    860.007  +0.043399  -0.074088  0.656  0.000  0.515  T  d0
  2360    860.372  +0.058205  -0.089134  0.656  0.000  0.468  T  d0
  2361    860.736  +0.009082  -0.107127  0.656  0.000  0.468  T  d0
  2362    861.101  -0.026325  -0.039166  0.656  0.000  0.468  T  d3
  2363    861.466  -0.025068  +0.019768  0.656  0.000  0.468  T  d0
  2364    861.830  -0.083684  +0.010131  0.641  0.000  0.468  T  d0
  2365    862.195  -0.115868  +0.004674  0.641  0.000  0.468  T  d0
  2366    862.559  -0.095316  +0.058162  0.625  0.000  0.468  T  d3
  2367    862.924  +0.012708  +0.029440  0.625  0.000  0.468  T  d0
  2368    863.288  +0.024826  +0.046530  0.625  0.000  0.468  T  d0
  2369    863.653  +0.068628  +0.080766  0.625  0.000  0.468  T  d3
  2370    864.017  +0.108125  +0.004290  0.625  0.000  0.468  T  d3
  2371    864.382  +0.009753  -0.011149  0.625  0.000  0.468  T  d0
  2372    864.747  +0.028011  -0.039877  0.609  0.000  0.468  T  d0
  2373    865.111  +0.022124  -0.017777  0.625  0.000  0.468  T  d3
  2374    865.476  -0.013324  -0.066999  0.625  0.000  0.468  T  d0
  2375    865.840  -0.029489  -0.095519  0.625  0.000  0.468  T  d3
  2376    866.205  -0.057811  +0.029794  0.625  0.000  0.425  T  d0
  2377    866.569  -0.026831  +0.013241  0.609  0.000  0.425  T  d0
  2378    866.934  -0.032924  +0.069766  0.625  0.000  0.425  T  d0
  2379    867.299  -0.040982  +0.046331  0.625  0.000  0.425  T  d0
  2380    867.663  -0.029130  +0.055081  0.641  0.000  0.425  T  d3
  2381    868.028  +0.023910  +0.058329  0.625  0.000  0.425  T  d3
  2382    868.392  +0.073337  -0.061744  0.641  0.000  0.425  T  d1
  2383    868.757  +0.084165  +0.046633  0.656  0.000  0.425  T  d0
  2384    869.121  +0.093955  -0.003527  0.656  0.000  0.425  T  d0
  2385    869.486  +0.071928  -0.073031  0.672  0.000  0.425  T  d3
  2386    869.851  -0.039831  -0.032997  0.672  0.000  0.425  T  d0
  2387    870.215  -0.034748  -0.052098  0.688  0.000  0.425  T  d0
  2388    870.580  -0.096368  -0.058954  0.703  0.000  0.425  T  d0
  2389    870.944  -0.039739  -0.043501  0.703  0.000  0.425  T  d0
  2390    871.309  -0.045269  -0.062872  0.703  0.000  0.425  T  d3
  2391    871.673  -0.067390  +0.053545  0.703  0.000  0.425  T  d0
  2392    872.038  -0.031802  +0.031873  0.703  0.000  0.455  T  d0
  2393    872.402  -0.025749  +0.028257  0.703  0.000  0.455  T  d3
  2394    872.767  +0.007369  +0.043125  0.703  0.000  0.455  T  d0
  2395    873.132  -0.032831  +0.058738  0.703  0.000  0.455  T  d3
  2396    873.496  +0.100658  +0.099671  0.703  0.000  0.455  T  d0
  2397    873.861  +0.062335  +0.082324  0.703  0.000  0.455  T  d3
  2398    874.225  +0.048111  -0.002751  0.703  0.000  0.455  T  d0
  2399    874.590  +0.094837  +0.049012  0.703  0.000  0.455  T  d3
  2400    874.954  +0.015024  -0.069416  0.703  0.000  0.455  T  d0
  2401    875.319  +0.075859  -0.094053  0.703  0.000  0.455  T  d0
  2402    875.684  +0.018687  -0.120768  0.719  0.000  0.455  T  d0
  2403    876.048  +0.023492  -0.079650  0.734  0.000  0.455  T  d3
  2404    876.413  -0.019698  -0.020935  0.719  0.000  0.455  T  d0
  2405    876.777  -0.144674  -0.054918  0.719  0.000  0.455  T  d0
  2406    877.142  -0.147706  -0.005678  0.734  0.000  0.455  T  d0
  2407    877.506  -0.097697  +0.015648  0.734  0.000  0.455  T  d0
  2408    877.871  -0.053740  +0.030054  0.750  0.000  0.438  T  d3
  2409    878.236  -0.003489  +0.103014  0.750  0.000  0.438  T  d0
  2410    878.600  +0.014552  +0.125882  0.750  0.000  0.438  T  d0
  2411    878.965  -0.006546  +0.133182  0.750  0.000  0.438  T  d0
  2412    879.329  +0.068715  +0.100717  0.750  0.000  0.438  T  d3
  2413    879.694  +0.065315  -0.035009  0.750  0.000  0.438  T  d0
  2414    880.058  +0.141600  -0.085831  0.766  0.000  0.438  T  d0
  2415    880.423  +0.110441  -0.079779  0.781  0.000  0.438  T  d0
  2416    880.787  +0.083835  -0.129893  0.781  0.000  0.438  T  d0
  2417    881.152  +0.035074  -0.097295  0.781  0.000  0.438  T  d3
  2418    881.517  -0.042988  -0.038200  0.781  0.000  0.438  T  d0
  2419    881.881  -0.117078  -0.049187  0.766  0.000  0.438  T  d0
  2420    882.246  -0.168036  -0.030677  0.750  0.000  0.438  T  d0
  2421    882.610  -0.130971  +0.034642  0.750  0.000  0.438  T  d0
  2422    882.975  -0.036251  +0.061162  0.734  0.000  0.438  T  d0
  2423    883.339  -0.018190  +0.049169  0.734  0.000  0.438  T  d0
  2424    883.704  +0.040336  +0.186974  0.719  0.000  0.451  T  d0
  2425    884.069  +0.050414  +0.097658  0.719  0.000  0.451  T  d0
  2426    884.433  +0.017700  +0.071178  0.719  0.000  0.451  T  d3
  2427    884.798  +0.113940  -0.035068  0.719  0.000  0.451  T  d0
  2428    885.162  +0.127940  -0.020977  0.734  0.000  0.451  T  d0
  2429    885.527  +0.101797  -0.119293  0.734  0.000  0.451  T  d0
  2430    885.891  +0.088174  -0.052969  0.750  0.000  0.451  T  d3
  2431    886.256  -0.042346  -0.065184  0.734  0.000  0.451  T  d0
  2432    886.620  -0.048534  -0.083836  0.734  0.000  0.451  T  d0
  2433    886.985  -0.150100  -0.059338  0.734  0.000  0.451  T  d0
  2434    887.350  -0.186018  -0.071770  0.734  0.000  0.451  T  d0
  2435    887.714  -0.135945  +0.023852  0.719  0.000  0.451  T  d3
  2436    888.079  -0.025545  +0.058388  0.734  0.000  0.451  T  d0
  2437    888.443  -0.016838  +0.119085  0.719  0.000  0.451  T  d0
  2438    888.808  +0.071034  +0.131850  0.719  0.000  0.451  T  d0
  2439    889.172  +0.051140  +0.112105  0.719  0.000  0.451  T  d0
  2440    889.537  +0.073794  +0.064906  0.703  0.000  0.446  T  d0
  2441    889.902  +0.070618  +0.004700  0.719  0.000  0.446  T  d0
  2442    890.266  +0.108434  -0.065876  0.719  0.000  0.446  T  d0
  2443    890.631  +0.139972  -0.110818  0.719  0.000  0.446  T  d0
  2444    890.995  +0.077504  -0.080910  0.719  0.000  0.446  T  d3
  2445    891.360  -0.026318  -0.075722  0.734  0.000  0.446  T  d0
  2446    891.724  -0.080247  -0.086371  0.734  0.000  0.446  T  d0
  2447    892.089  -0.106297  -0.053383  0.734  0.000  0.446  T  d0
  2448    892.454  -0.086176  -0.041890  0.734  0.000  0.446  T  d0
  2449    892.818  -0.076798  -0.008456  0.734  0.000  0.446  T  d3
  2450    893.183  -0.078078  +0.068612  0.734  0.000  0.446  T  d3
  2451    893.547  +0.044410  +0.114943  0.719  0.000  0.446  T  d1
  2452    893.912  -0.060273  +0.082162  0.719  0.000  0.446  T  d0
  2453    894.276  -0.015561  +0.117101  0.719  0.000  0.446  T  d3
  2454    894.641  +0.073009  +0.040070  0.703  0.000  0.446  T  d1
  2455    895.005  -0.011951  +0.026830  0.703  0.000  0.446  T  d3
  2456    895.370  +0.078879  -0.001769  0.688  0.000  0.464  T  d0
  2457    895.735  +0.061449  +0.032090  0.672  0.000  0.464  T  d3
  2458    896.099  +0.030362  -0.038443  0.656  0.000  0.464  T  d0
  2459    896.464  +0.051506  -0.057807  0.672  0.000  0.464  T  d0
  2460    896.828  +0.056020  -0.086843  0.656  0.000  0.464  T  d0
  2461    897.193  +0.019696  -0.121006  0.656  0.000  0.464  T  d0
  2462    897.557  -0.032923  -0.061296  0.641  0.000  0.464  T  d1
  2463    897.922  +0.032414  -0.038369  0.641  0.000  0.464  T  d3
  2464    898.287  -0.092307  -0.035687  0.625  0.000  0.464  T  d0
  2465    898.651  -0.108277  +0.016423  0.609  0.000  0.464  T  d0
  2466    899.016  -0.118875  -0.009414  0.594  0.000  0.464  T  d3
  2467    899.380  -0.072561  +0.077784  0.578  0.000  0.464  T  d0
  2468    899.745  -0.002468  +0.000119  0.578  0.000  0.464  T  d3
  2469    900.109  +0.019834  +0.130637  0.562  0.000  0.464  T  d0
  2470    900.474  +0.059030  +0.155485  0.547  0.000  0.464  T  d0
  2471    900.838  +0.036727  +0.074103  0.531  0.000  0.464  T  d3
  2472    901.203  +0.043672  +0.002715  0.516  0.000  0.498  T  d0
  2473    901.568  +0.110461  +0.005143  0.500  0.000  0.498  T  d0
  2474    901.932  +0.092456  -0.049720  0.500  0.000  0.498  T  d0
  2475    902.297  +0.120232  -0.123465  0.500  0.000  0.498  T  d0
  2476    902.661  +0.017992  -0.021840  0.484  0.000  0.498  T  d0
  2477    903.026  -0.001417  -0.082510  0.484  0.000  0.498  T  d0
  2478    903.390  -0.100064  -0.098333  0.469  0.000  0.498  T  d0
  2479    903.755  -0.203003  -0.053164  0.469  0.000  0.498  T  d0
  2480    904.120  -0.117245  +0.008835  0.469  0.000  0.498  T  d0
  2481    904.484  -0.082986  -0.047096  0.453  0.000  0.498  T  d3
  2482    904.849  -0.057493  +0.090223  0.453  0.000  0.498  T  d3
  2483    905.213  +0.093700  +0.107863  0.469  0.000  0.498  T  d0
  2484    905.578  +0.058003  +0.151819  0.469  0.000  0.498  T  d0
  2485    905.942  +0.049752  +0.079122  0.453  0.000  0.498  T  d3
  2486    906.307  +0.089901  -0.000583  0.453  0.000  0.498  T  d0
  2487    906.672  +0.065183  -0.052872  0.453  0.000  0.498  T  d3
  2488    907.036  -0.025939  -0.075891  0.453  0.000  0.502  T  d1
  2489    907.401  +0.066292  -0.066408  0.438  0.000  0.502  T  d3
  2490    907.765  -0.000971  -0.048064  0.453  0.000  0.502  T  d0
  2491    908.130  -0.025011  -0.049164  0.438  0.000  0.502  T  d3
  2492    908.494  -0.032766  +0.016126  0.438  0.000  0.502  T  d0
  2493    908.859  -0.042310  +0.026580  0.422  0.000  0.502  T  d3
  2494    909.223  +0.011398  +0.016403  0.406  0.000  0.502  T  d2
  2495    909.588  -0.008354  -0.009471  0.406  0.000  0.502  T  d1
  2496    909.953  +0.016085  -0.009736  0.406  0.000  0.502  T  d2
  2497    910.317  -0.080385  +0.010275  0.391  0.000  0.502  T  d3
  2498    910.682  -0.019410  +0.047099  0.375  0.000  0.502  T  d3
  2499    911.046  +0.037277  -0.013836  0.375  0.000  0.502  T  d2
  2500    911.411  -0.031074  -0.010715  0.359  0.000  0.502  T  d3
  2501    911.775  -0.059937  +0.040285  0.359  0.000  0.502  T  d3
  2502    912.140  -0.000742  +0.025006  0.359  0.000  0.502  T  d3
  2503    912.505  +0.019481  +0.017838  0.359  0.000  0.502  T  d1
  2504    912.869  -0.008955  +0.031619  0.375  0.000  0.464  T  d3
  2505    913.234  +0.066978  -0.004514  0.359  0.000  0.464  T  d0
  2506    913.598  +0.073098  +0.013835  0.344  0.000  0.464  T  d0
  2507    913.963  +0.093979  -0.047432  0.344  0.000  0.464  T  d1
  2508    914.327  +0.056117  +0.023531  0.344  0.000  0.464  T  d3
  2509    914.692  +0.016432  -0.066052  0.328  0.000  0.464  T  d3
  2510    915.057  -0.061997  -0.046050  0.328  0.000  0.464  T  d0
  2511    915.421  -0.034605  -0.081677  0.328  0.000  0.464  T  d0
  2512    915.786  -0.056198  -0.074322  0.328  0.000  0.464  T  d3
  2513    916.150  -0.119268  -0.013844  0.328  0.000  0.464  T  d3
  2514    916.515  +0.006890  +0.067332  0.328  0.000  0.464  T  d0
  2515    916.879  +0.006668  +0.056579  0.344  0.000  0.464  T  d1
  2516    917.244  -0.070623  +0.056735  0.344  0.000  0.464  T  d3
  2517    917.608  +0.000137  +0.141276  0.344  0.000  0.464  T  d3
  2518    917.973  +0.068312  -0.020507  0.344  0.000  0.464  T  d3
  2519    918.338  -0.008425  -0.020135  0.344  0.000  0.464  T  d3
  2520    918.702  -0.005311  +0.005526  0.359  0.000  0.446  T  d2
  2521    919.067  +0.038366  -0.005739  0.375  0.000  0.446  T  d0
  2522    919.431  +0.033650  +0.010356  0.391  0.000  0.446  T  d3
  2523    919.796  +0.012207  -0.026410  0.391  0.000  0.446  T  d0
  2524    920.160  +0.042810  -0.021091  0.406  0.000  0.446  T  d3
  2525    920.525  -0.005514  -0.030737  0.406  0.000  0.446  T  d1
  2526    920.890  +0.022101  +0.009301  0.422  0.000  0.446  T  d3
  2527    921.254  +0.023287  -0.029635  0.438  0.000  0.446  T  d3
  2528    921.619  -0.009986  -0.024812  0.453  0.000  0.446  T  d1
  2529    921.983  +0.030145  -0.008990  0.469  0.000  0.446  T  d3
  2530    922.348  +0.006626  -0.054373  0.484  0.000  0.446  T  d3
  2531    922.712  -0.048436  +0.010115  0.500  0.000  0.446  T  d1
  2532    923.077  -0.011682  -0.036330  0.516  0.000  0.446  T  d3
  2533    923.441  -0.047867  +0.029364  0.531  0.000  0.446  T  d0
  2534    923.806  -0.103797  +0.006438  0.547  0.000  0.446  T  d0
  2535    924.171  -0.054852  +0.013858  0.562  0.000  0.446  T  d0
  2536    924.535  -0.067257  -0.009938  0.562  0.000  0.464  T  d3
  2537    924.900  -0.026635  +0.093277  0.578  0.000  0.464  T  d3
  2538    925.264  +0.098378  +0.089673  0.578  0.000  0.464  T  d0
  2539    925.629  +0.039322  +0.141621  0.578  0.000  0.464  T  d0
  2540    925.993  +0.049884  +0.049074  0.594  0.000  0.464  T  d3
  2541    926.358  +0.093100  -0.009841  0.609  0.000  0.464  T  d0
  2542    926.723  +0.092718  -0.099379  0.609  0.000  0.464  T  d0
  2543    927.087  +0.075098  -0.137181  0.609  0.000  0.464  T  d0
  2544    927.452  +0.018546  -0.043138  0.609  0.000  0.464  T  d0
  2545    927.816  +0.039574  -0.123789  0.625  0.000  0.464  T  d3
  2546    928.181  -0.067713  -0.069637  0.641  0.000  0.464  T  d0
  2547    928.545  -0.141465  -0.036510  0.625  0.000  0.464  T  d0
  2548    928.910  -0.141659  -0.039789  0.641  0.000  0.464  T  d0
  2549    929.275  -0.110537  -0.026118  0.656  0.000  0.464  T  d3
  2550    929.639  -0.014841  +0.087086  0.656  0.000  0.464  T  d0
  2551    930.004  -0.002688  +0.131504  0.672  0.000  0.464  T  d0
  2552    930.368  +0.040130  +0.152067  0.688  0.000  0.459  T  d0
  2553    930.733  +0.035358  +0.184733  0.703  0.000  0.459  T  d0
  2554    931.097  +0.082803  +0.067247  0.703  0.000  0.459  T  d0
  2555    931.462  +0.093852  -0.007523  0.719  0.000  0.459  T  d0
  2556    931.826  +0.104989  -0.090748  0.703  0.000  0.459  T  d0
  2557    932.191  +0.051791  -0.147493  0.719  0.000  0.459  T  d0
  2558    932.556  +0.054420  -0.117944  0.734  0.000  0.459  T  d0
  2559    932.920  -0.013748  -0.046953  0.750  0.000  0.459  T  d0
  2560    933.285  -0.055148  -0.055956  0.750  0.000  0.459  T  d0
  2561    933.649  -0.146674  -0.047535  0.750  0.000  0.459  T  d0
  2562    934.014  -0.092497  -0.028560  0.766  0.000  0.459  T  d0
  2563    934.378  -0.084604  +0.011367  0.766  0.000  0.459  T  d0
  2564    934.743  -0.064555  +0.055117  0.781  0.000  0.459  T  d0
  2565    935.108  -0.038902  +0.117421  0.781  0.000  0.459  T  d0
  2566    935.472  +0.052577  +0.187136  0.781  0.000  0.459  T  d0
  2567    935.837  +0.020785  +0.099270  0.766  0.000  0.459  T  d3
  2568    936.201  +0.065588  +0.013742  0.750  0.000  0.472  T  d0
  2569    936.566  +0.107211  -0.034010  0.766  0.000  0.472  T  d0
  2570    936.930  +0.108093  -0.103306  0.766  0.000  0.472  T  d0
  2571    937.295  +0.109421  -0.106512  0.766  0.000  0.472  T  d0
  2572    937.659  +0.053736  -0.100760  0.766  0.000  0.472  T  d0
  2573    938.024  +0.015507  -0.065163  0.766  0.000  0.472  T  d3
  2574    938.389  -0.123357  -0.051556  0.766  0.000  0.472  T  d0
  2575    938.753  -0.127182  -0.016406  0.766  0.000  0.472  T  d0
  2576    939.118  -0.141639  -0.001240  0.766  0.000  0.472  T  d0
  2577    939.482  -0.078737  +0.052783  0.766  0.000  0.472  T  d0
  2578    939.847  -0.016055  +0.009152  0.766  0.000  0.472  T  d3
  2579    940.211  +0.003972  +0.165116  0.766  0.000  0.472  T  d0
  2580    940.576  +0.050854  +0.137282  0.766  0.000  0.472  T  d0
  2581    940.941  +0.009977  +0.058126  0.766  0.000  0.472  T  d3
  2582    941.305  +0.066226  +0.006146  0.781  0.000  0.472  T  d0
  2583    941.670  +0.103804  +0.012451  0.766  0.000  0.472  T  d0
  2584    942.034  +0.107027  -0.075046  0.766  0.000  0.459  T  d0
  2585    942.399  +0.108132  -0.095400  0.750  0.000  0.459  T  d0
  2586    942.763  +0.007101  -0.010226  0.734  0.000  0.459  T  d0
  2587    943.128  +0.003722  -0.101323  0.719  0.000  0.459  T  d3
  2588    943.493  -0.138096  -0.084089  0.703  0.000  0.459  T  d0
  2589    943.857  -0.175418  -0.032518  0.688  0.000  0.459  T  d0
  2590    944.222  -0.084253  -0.006274  0.672  0.000  0.459  T  d0
  2591    944.586  -0.075284  -0.036806  0.656  0.000  0.459  T  d3
  2592    944.951  -0.010044  +0.111967  0.656  0.000  0.459  T  d3
  2593    945.315  +0.112392  +0.095216  0.641  0.000  0.459  T  d0
  2594    945.680  +0.041693  +0.146199  0.625  0.000  0.459  T  d3
  2595    946.044  +0.060549  +0.029864  0.609  0.000  0.459  T  d0
  2596    946.409  +0.085809  -0.016432  0.594  0.000  0.459  T  d3
  2597    946.774  +0.015608  -0.078594  0.594  0.000  0.459  T  d0
  2598    947.138  -0.033941  -0.071163  0.578  0.013  0.459  T  d1
  2599    947.503  +0.044723  -0.063165  0.562  0.013  0.459  T  d3
  2600    947.867  -0.062287  -0.032282  0.578  0.013  0.481  T  d0
  2601    948.232  -0.043715  -0.024436  0.562  0.013  0.481  T  d3
  2602    948.596  -0.079866  +0.060832  0.562  0.013  0.481  T  d0
  2603    948.961  -0.034447  +0.050661  0.547  0.013  0.481  T  d0
  2604    949.326  -0.000074  +0.053458  0.547  0.013  0.481  T  d3
  2605    949.690  +0.027320  +0.017552  0.531  0.013  0.481  T  d0
  2606    950.055  +0.066469  +0.023539  0.531  0.013  0.481  T  d0
  2607    950.419  +0.049026  +0.008120  0.531  0.013  0.481  T  d0
  2608    950.784  +0.115564  -0.015967  0.516  0.013  0.481  T  d0
  2609    951.148  +0.040929  -0.020237  0.516  0.013  0.481  T  d3
  2610    951.513  -0.017608  -0.067615  0.500  0.006  0.481  T  d0
  2611    951.878  -0.065574  -0.064681  0.516  0.006  0.481  T  d0
  2612    952.242  -0.068127  -0.054494  0.516  0.006  0.481  T  d0
  2613    952.607  -0.044802  -0.044280  0.516  0.006  0.481  T  d0
  2614    952.971  -0.065349  -0.005556  0.531  0.006  0.481  T  d3
  2615    953.336  -0.005745  +0.081400  0.516  0.006  0.481  T  d0
  2616    953.700  +0.039315  +0.063224  0.516  0.006  0.519  T  d1
  2617    954.065  -0.083416  +0.072799  0.516  0.006  0.519  T  d3
  2618    954.429  +0.053360  +0.054930  0.500  0.006  0.519  T  d3
  2619    954.794  +0.013700  -0.001560  0.484  0.006  0.519  T  d3
  2620    955.159  -0.004032  -0.017104  0.484  0.006  0.519  T  d1
  2621    955.523  +0.063898  -0.007798  0.469  0.006  0.519  T  d1
  2622    955.888  +0.002999  +0.003138  0.453  0.061  0.519  T  d3
  2623    956.252  +0.010146  -0.039744  0.438  0.061  0.519  T  d0
  2624    956.617  +0.027685  -0.022790  0.438  0.061  0.519  T  d3
  2625    956.981  -0.013285  -0.014471  0.438  0.061  0.519  T  d2
  2626    957.346  +0.006511  +0.017329  0.422  0.061  0.519  T  d2
  2627    957.711  -0.001160  -0.016555  0.438  0.061  0.519  T  d1
  2628    958.075  +0.037133  -0.012283  0.438  0.061  0.519  T  d0
  2629    958.440  +0.005205  -0.002378  0.438  0.061  0.519  T  d1
  2630    958.804  +0.011462  +0.005408  0.422  0.061  0.519  T  d3
  2631    959.169  -0.003357  -0.045958  0.422  0.061  0.519  T  d0
  2632    959.533  +0.023105  -0.046173  0.422  0.061  0.536  T  d2
  2633    959.898  -0.078659  +0.029677  0.406  0.061  0.536  T  d0
  2634    960.262  -0.089717  -0.023976  0.422  0.105  0.536  T  d3
  2635    960.627  -0.040043  +0.042801  0.406  0.105  0.536  T  d0
  2636    960.992  -0.048700  +0.019305  0.391  0.105  0.536  T  d2
  2637    961.356  +0.009316  -0.005866  0.391  0.105  0.536  T  d1
  2638    961.721  +0.021709  +0.044061  0.391  0.105  0.536  T  d0
  2639    962.085  +0.027451  +0.096412  0.375  0.105  0.536  T  d3
  2640    962.450  +0.103987  +0.053831  0.359  0.105  0.536  T  d0
  2641    962.814  +0.015832  +0.016974  0.344  0.105  0.536  T  d3
  2642    963.179  +0.002786  -0.005128  0.344  0.105  0.536  T  d0
  2643    963.544  +0.057731  -0.074967  0.328  0.105  0.536  T  d0
  2644    963.908  +0.022819  -0.109408  0.312  0.105  0.536  T  d0
  2645    964.273  -0.030050  -0.056252  0.297  0.105  0.536  T  d0
  2646    964.637  -0.007968  -0.018897  0.281  0.117  0.536  T  d3
  2647    965.002  -0.027142  -0.008975  0.281  0.117  0.536  T  d0
  2648    965.366  -0.023244  +0.009236  0.266  0.117  0.558  T  d0
  2649    965.731  -0.060608  +0.027228  0.281  0.117  0.558  T  d3
  2650    966.096  +0.019937  +0.041956  0.281  0.117  0.558  T  d1
  2651    966.460  -0.002227  +0.001187  0.281  0.117  0.558  T  d3
  2652    966.825  -0.014938  +0.051848  0.281  0.117  0.558  T  d2
  2653    967.189  +0.020624  -0.032971  0.297  0.117  0.558  T  d1
  2654    967.554  +0.011229  +0.033914  0.297  0.117  0.558  T  d2
  2655    967.918  -0.013849  -0.024476  0.297  0.117  0.558  T  d1
  2656    968.283  +0.010289  -0.012593  0.297  0.117  0.558  T  d2
  2657    968.647  -0.033289  +0.033827  0.297  0.117  0.558  T  d3
  2658    969.012  +0.021507  +0.013224  0.297  0.078  0.558  T  d0
  2659    969.377  +0.014291  -0.001419  0.297  0.078  0.558  T  d0
  2660    969.741  +0.037389  -0.031449  0.297  0.078  0.558  T  d3
  2661    970.106  -0.004504  -0.014711  0.281  0.078  0.558  T  d3
  2662    970.470  -0.058440  +0.014358  0.281  0.078  0.558  T  d2
  2663    970.835  +0.045315  +0.018203  0.281  0.078  0.558  T  d3
  2664    971.199  +0.031227  -0.045265  0.266  0.078  0.554  T  d3
  2665    971.564  -0.033004  -0.000099  0.266  0.078  0.554  T  d0
  2666    971.929  -0.033246  +0.021639  0.250  0.078  0.554  T  d2
  2667    972.293  +0.037142  -0.010051  0.266  0.078  0.554  T  d2
  2668    972.658  -0.015881  +0.007574  0.250  0.078  0.554  T  d1
  2669    973.022  +0.005089  -0.015157  0.250  0.078  0.554  T  d0
  2670    973.387  +0.001640  -0.005943  0.250  0.120  0.554  T  d2
  2671    973.751  -0.026514  +0.032684  0.234  0.120  0.554  T  d2
  2672    974.116  +0.009638  -0.007203  0.234  0.120  0.554  T  d1
  2673    974.480  +0.024327  +0.005869  0.219  0.120  0.554  T  d2
  2674    974.845  -0.030097  -0.023213  0.219  0.120  0.554  T  d2
  2675    975.210  +0.017418  +0.016442  0.203  0.120  0.554  T  d2
  2676    975.574  -0.012739  -0.010319  0.188  0.120  0.554  T  d3
  2677    975.939  -0.013903  +0.038442  0.172  0.120  0.554  T  d2
  2678    976.303  +0.050864  -0.031327  0.156  0.120  0.554  T  d2
  2679    976.668  -0.033938  +0.031115  0.156  0.120  0.554  T  d2
  2680    977.032  +0.025650  -0.030098  0.141  0.120  0.524  T  d0
  2681    977.397  +0.002744  -0.004735  0.125  0.120  0.524  T  d3
  2682    977.762  -0.002233  +0.000417  0.125  0.093  0.524  T  d1
  2683    978.126  -0.016259  -0.036688  0.125  0.093  0.524  T  d3
  2684    978.491  -0.010948  +0.023477  0.125  0.093  0.524  T  d0
  2685    978.855  -0.029149  +0.027668  0.125  0.093  0.524  T  d3
  2686    979.220  +0.031193  +0.011395  0.125  0.093  0.524  T  d3
  2687    979.584  +0.008163  -0.014425  0.125  0.093  0.524  T  d0
  2688    979.949  +0.033646  -0.017927  0.125  0.093  0.524  T  d2
  2689    980.314  -0.059596  +0.003689  0.141  0.093  0.524  T  d3
  2690    980.678  -0.001547  +0.037752  0.141  0.093  0.524  T  d3
  2691    981.043  +0.059966  -0.024824  0.125  0.093  0.524  T  d3
  2692    981.407  -0.010546  -0.025016  0.109  0.093  0.524  T  d3
  2693    981.772  -0.041733  +0.022047  0.125  0.093  0.524  T  d3
  2694    982.136  +0.011868  +0.005131  0.125  0.019  0.524  T  d3
  2695    982.501  +0.022538  -0.010028  0.125  0.019  0.524  T  d2
  2696    982.865  -0.022401  +0.006790  0.125  0.019  0.515  T  d2
  2697    983.230  +0.024136  -0.032270  0.125  0.019  0.515  T  d2
  2698    983.595  -0.027081  +0.031474  0.125  0.019  0.515  T  d0
  2699    983.959  -0.007650  +0.002056  0.125  0.019  0.515  T  d2
  2700    984.324  +0.027044  +0.001894  0.125  0.019  0.515  T  d3
  2701    984.688  -0.008025  -0.014502  0.125  0.019  0.515  T  d3
  2702    985.053  -0.016915  -0.000553  0.109  0.019  0.515  T  d2
  2703    985.417  +0.024873  +0.000841  0.109  0.019  0.515  T  d2
  2704    985.782  -0.046660  +0.019942  0.109  0.019  0.515  T  d2
  2705    986.147  +0.052191  +0.002894  0.109  0.019  0.515  T  d2
  2706    986.511  -0.010786  -0.008022  0.125  0.001  0.515  T  d3
  2707    986.876  +0.001529  +0.016626  0.125  0.001  0.515  T  d2
  2708    987.240  +0.013624  -0.039977  0.141  0.001  0.515  T  d2
  2709    987.605  +0.001951  +0.016324  0.141  0.001  0.515  T  d2
  2710    987.969  -0.018353  -0.026548  0.156  0.001  0.515  T  d1
  2711    988.334  +0.004862  -0.007126  0.172  0.001  0.515  T  d2
  2712    988.699  -0.041008  +0.037444  0.188  0.001  0.528  T  d3
  2713    989.063  +0.016042  +0.000842  0.188  0.001  0.528  T  d1
  2714    989.428  +0.005793  +0.014107  0.203  0.001  0.528  T  d3
  2715    989.792  +0.041442  -0.022378  0.203  0.001  0.528  T  d3
  2716    990.157  -0.022800  -0.011500  0.219  0.001  0.528  T  d3
  2717    990.521  -0.045760  +0.027340  0.219  0.001  0.528  T  d2
  2718    990.886  +0.042052  +0.006138  0.234  0.017  0.528  T  d3
  2719    991.250  +0.027092  -0.037103  0.234  0.017  0.528  T  d2
  2720    991.615  -0.042195  +0.013820  0.234  0.017  0.528  T  d0
  2721    991.980  -0.018223  +0.012842  0.250  0.017  0.528  T  d2
  2722    992.344  +0.049141  -0.000306  0.266  0.017  0.528  T  d2
  2723    992.709  -0.047700  -0.023179  0.281  0.017  0.528  T  d2
  2724    993.073  +0.015414  +0.011148  0.281  0.017  0.528  T  d0
  2725    993.438  +0.014717  +0.021020  0.281  0.017  0.528  T  d1
  2726    993.802  -0.008511  +0.003259  0.281  0.017  0.528  T  d1
  2727    994.167  +0.000269  -0.007327  0.297  0.017  0.528  T  d1
  2728    994.532  +0.018382  +0.004721  0.297  0.017  0.519  T  d3
  2729    994.896  +0.022583  -0.018026  0.297  0.017  0.519  T  d0
  2730    995.261  +0.011564  -0.000908  0.297  0.011  0.519  T  d3
  2731    995.625  -0.025172  -0.021790  0.281  0.011  0.519  T  d3
  2732    995.990  +0.001332  +0.028374  0.281  0.011  0.519  T  d2
  2733    996.354  +0.029368  -0.052947  0.281  0.011  0.519  T  d3
  2734    996.719  -0.039616  -0.005578  0.281  0.011  0.519  T  d3
  2735    997.083  -0.026224  +0.050670  0.281  0.011  0.519  T  d2
  2736    997.448  +0.008788  -0.023381  0.281  0.011  0.519  T  d3
  2737    997.813  -0.018181  -0.008520  0.281  0.011  0.519  T  d0
  2738    998.177  -0.030416  -0.013726  0.281  0.011  0.519  T  d3
  2739    998.542  -0.043774  +0.042911  0.281  0.011  0.519  T  d0
  2740    998.906  -0.033839  +0.041723  0.281  0.011  0.519  T  d3
  2741    999.271  +0.014433  +0.033881  0.281  0.011  0.519  T  d0
  2742    999.635  +0.031852  +0.027121  0.281  0.000  0.519  T  d0
  2743   1000.000  +0.077315  -0.003509  0.281  0.000  0.519  T  d0
  2744   1000.365  +0.048625  +0.004399  0.297  0.000  0.515  T  d0
  2745   1000.729  +0.110794  -0.025458  0.297  0.000  0.515  T  d0
  2746   1001.094  +0.045288  -0.028392  0.297  0.000  0.515  T  d3
  2747   1001.458  -0.022469  -0.059273  0.297  0.000  0.515  T  d0
  2748   1001.823  -0.057003  -0.050560  0.297  0.000  0.515  T  d0
  2749   1002.187  -0.082774  -0.058245  0.297  0.000  0.515  T  d0
  2750   1002.552  -0.076903  -0.052903  0.297  0.000  0.515  T  d3
  2751   1002.917  -0.006704  +0.026655  0.297  0.000  0.515  T  d0
  2752   1003.281  -0.009213  +0.047266  0.297  0.000  0.515  T  d0
  2753   1003.646  -0.023512  +0.044400  0.281  0.000  0.515  T  d0
  2754   1004.010  -0.032414  +0.104591  0.281  0.000  0.515  T  d0
  2755   1004.375  +0.018646  +0.051617  0.281  0.000  0.515  T  d3
  2756   1004.739  +0.049246  +0.004139  0.281  0.000  0.515  T  d2
  2757   1005.104  -0.009133  -0.006586  0.281  0.000  0.515  T  d1
  2758   1005.468  +0.072652  -0.025027  0.281  0.000  0.515  T  d0
  2759   1005.833  +0.021182  +0.002430  0.297  0.000  0.515  T  d3
  2760   1006.198  -0.008382  -0.064433  0.297  0.000  0.502  T  d1
  2761   1006.562  +0.021843  -0.026413  0.312  0.000  0.502  T  d2
  2762   1006.927  -0.018733  +0.013001  0.312  0.000  0.502  T  d1
  2763   1007.291  -0.001194  -0.020148  0.312  0.000  0.502  T  d3
  2764   1007.656  -0.019730  -0.012931  0.328  0.000  0.502  T  d3
  2765   1008.020  -0.019909  +0.023908  0.344  0.000  0.502  T  d2
  2766   1008.385  +0.011491  -0.005651  0.344  0.000  0.502  T  d1
  2767   1008.750  +0.002446  +0.031437  0.359  0.000  0.502  T  d1
  2768   1009.114  -0.027960  -0.019910  0.359  0.000  0.502  T  d1
  2769   1009.479  +0.025404  -0.023767  0.359  0.000  0.502  T  d2
  2770   1009.843  -0.024454  +0.043558  0.344  0.000  0.502  T  d2
  2771   1010.208  +0.020014  -0.011128  0.344  0.000  0.502  T  d3
  2772   1010.572  -0.012535  -0.036954  0.344  0.000  0.502  T  d2
  2773   1010.937  -0.006145  +0.059132  0.359  0.000  0.502  T  d3
  2774   1011.301  +0.042021  -0.014548  0.344  0.000  0.502  T  d3
  2775   1011.666  -0.004792  -0.002654  0.328  0.000  0.502  T  d0
  2776   1012.031  -0.011035  -0.004766  0.328  0.000  0.519  T  d1
  2777   1012.395  +0.002613  -0.014257  0.328  0.000  0.519  T  d2
  2778   1012.760  +0.005436  +0.016233  0.328  0.001  0.519  T  d1
  2779   1013.124  -0.031916  -0.015883  0.344  0.001  0.519  T  d2
  2780   1013.489  +0.027839  +0.054577  0.328  0.001  0.519  T  d2
  2781   1013.853  -0.016617  -0.066522  0.328  0.001  0.519  T  d3
  2782   1014.218  -0.027599  +0.023962  0.312  0.001  0.519  T  d2
  2783   1014.583  +0.031800  -0.004865  0.312  0.001  0.519  T  d2
  2784   1014.947  -0.043301  +0.012888  0.297  0.001  0.519  T  d2
  2785   1015.312  +0.011634  -0.016591  0.281  0.001  0.519  T  d1
  2786   1015.676  +0.027825  +0.031968  0.281  0.001  0.519  T  d2
  2787   1016.041  -0.021619  -0.003016  0.266  0.001  0.519  T  d2
  2788   1016.405  +0.022477  -0.008852  0.266  0.001  0.519  T  d0
  2789   1016.770  +0.004207  -0.008362  0.266  0.001  0.519  T  d2
  2790   1017.135  -0.003559  +0.020388  0.266  0.000  0.519  T  d0
  2791   1017.499  +0.005409  +0.013188  0.250  0.000  0.519  T  d3
  2792   1017.864  +0.023953  -0.012501  0.266  0.000  0.532  T  d0
  2793   1018.228  +0.034805  -0.010967  0.266  0.000  0.532  T  d0
  2794   1018.593  +0.011569  +0.005249  0.266  0.000  0.532  T  d3
  2795   1018.957  +0.009936  -0.017591  0.266  0.000  0.532  T  d0
  2796   1019.322  +0.016535  -0.067406  0.266  0.000  0.532  T  d0
  2797   1019.686  -0.004534  -0.016194  0.266  0.000  0.532  T  d3
  2798   1020.051  -0.105044  +0.012884  0.266  0.000  0.532  T  d0
  2799   1020.416  -0.061136  -0.023777  0.266  0.000  0.532  T  d3
  2800   1020.780  -0.042707  +0.059531  0.266  0.000  0.532  T  d1
  2801   1021.145  -0.035930  -0.017964  0.266  0.000  0.532  T  d2
  2802   1021.509  +0.028400  +0.019099  0.266  0.000  0.532  T  d1
  2803   1021.874  +0.006508  +0.062975  0.281  0.000  0.532  T  d0
  2804   1022.238  +0.065626  +0.097273  0.297  0.000  0.532  T  d0
  2805   1022.603  +0.081942  +0.026077  0.312  0.000  0.532  T  d1
  2806   1022.968  -0.016000  +0.017686  0.312  0.000  0.532  T  d2
  2807   1023.332  +0.032054  -0.030187  0.312  0.000  0.532  T  d0
  2808   1023.697  +0.050946  -0.096643  0.312  0.000  0.541  T  d0
  2809   1024.061  -0.006063  -0.094504  0.328  0.000  0.541  T  d0
  2810   1024.426  -0.027590  -0.026141  0.328  0.000  0.541  T  d0
  2811   1024.790  -0.007763  -0.021409  0.328  0.000  0.541  T  d3
  2812   1025.155  -0.033123  +0.011894  0.328  0.000  0.541  T  d0
  2813   1025.520  -0.031937  +0.002217  0.344  0.000  0.541  T  d3
  2814   1025.884  -0.046323  +0.058867  0.359  0.000  0.541  T  d3
  2815   1026.249  +0.046537  +0.001807  0.359  0.000  0.541  T  d1
  2816   1026.613  -0.035521  +0.041655  0.375  0.000  0.541  T  d3
  2817   1026.978  +0.023423  +0.002653  0.391  0.000  0.541  T  d0
  2818   1027.342  +0.010392  -0.007255  0.406  0.000  0.541  T  d1
  2819   1027.707  +0.009986  +0.012143  0.422  0.000  0.541  T  d2
  2820   1028.071  -0.004827  -0.031710  0.438  0.000  0.541  T  d1
  2821   1028.436  +0.009074  +0.003790  0.422  0.000  0.541  T  d1
  2822   1028.801  -0.029126  +0.023087  0.438  0.000  0.541  T  d2
  2823   1029.165  +0.030460  -0.011482  0.438  0.000  0.541  T  d0
  2824   1029.530  +0.009575  +0.000909  0.453  0.000  0.541  T  d3
  2825   1029.894  +0.037470  -0.036768  0.453  0.000  0.541  T  d3
  2826   1030.259  -0.055841  -0.005214  0.438  0.000  0.541  T  d3
  2827   1030.623  -0.031850  +0.033789  0.453  0.000  0.541  T  d2
  2828   1030.988  +0.035472  -0.010365  0.453  0.000  0.541  T  d3
  2829   1031.353  -0.007251  -0.010070  0.438  0.000  0.541  T  d3
  2830   1031.717  -0.066097  +0.033112  0.453  0.000  0.541  T  d3
  2831   1032.082  +0.003797  +0.035233  0.453  0.000  0.541  T  d3
  2832   1032.446  +0.029598  +0.010429  0.453  0.000  0.541  T  d1
  2833   1032.811  -0.022470  +0.027042  0.453  0.000  0.541  T  d2
  2834   1033.175  +0.056347  -0.018747  0.453  0.000  0.541  T  d0
  2835   1033.540  +0.050013  +0.005968  0.453  0.000  0.541  T  d0
  2836   1033.904  +0.093498  -0.045068  0.438  0.000  0.541  T  d0
  2837   1034.269  +0.011246  -0.001997  0.438  0.000  0.541  T  d3
  2838   1034.634  +0.018820  -0.059486  0.438  0.000  0.541  T  d3
  2839   1034.998  -0.071022  -0.071180  0.453  0.000  0.541  T  d0
  2840   1035.363  -0.116138  -0.066438  0.438  0.000  0.541  T  d0
  2841   1035.727  -0.035939  -0.075718  0.422  0.000  0.541  T  d3
  2842   1036.092  -0.143606  -0.000931  0.422  0.000  0.541  T  d3
  2843   1036.456  -0.046738  +0.082715  0.406  0.000  0.541  T  d3
  2844   1036.821  +0.084446  +0.157059  0.406  0.000  0.541  T  d0
  2845   1037.186  +0.025481  +0.176195  0.391  0.000  0.541  T  d0
  2846   1037.550  +0.048649  +0.131603  0.391  0.000  0.541  T  d3
  2847   1037.915  +0.139500  -0.022105  0.391  0.000  0.541  T  d0
  2848   1038.279  +0.027482  -0.020035  0.391  0.000  0.541  T  d0
  2849   1038.644  +0.032237  -0.106590  0.391  0.000  0.541  T  d0
  2850   1039.008  +0.095094  -0.107260  0.375  0.000  0.541  T  d0
  2851   1039.373  +0.028213  -0.063529  0.375  0.000  0.541  T  d0
  2852   1039.738  -0.000150  -0.041706  0.375  0.000  0.541  T  d3
  2853   1040.102  -0.098763  -0.068755  0.375  0.000  0.541  T  d0
  2854   1040.467  -0.121925  -0.048647  0.375  0.000  0.541  T  d0
  2855   1040.831  -0.071953  -0.031192  0.375  0.000  0.541  T  d0
  2856   1041.196  -0.072645  -0.007698  0.359  0.000  0.536  T  d0
  2857   1041.560  -0.066450  +0.038952  0.359  0.000  0.536  T  d3
  2858   1041.925  -0.003362  +0.133978  0.375  0.000  0.536  T  d0
  2859   1042.289  +0.040917  +0.125870  0.375  0.000  0.536  T  d0
  2860   1042.654  +0.000355  +0.060051  0.375  0.000  0.536  T  d3
  2861   1043.019  +0.043031  -0.030145  0.375  0.000  0.536  T  d0
  2862   1043.383  +0.047530  -0.001518  0.375  0.000  0.536  T  d0
  2863   1043.748  +0.092309  +0.029844  0.375  0.000  0.536  T  d3
  2864   1044.112  +0.118148  -0.062025  0.391  0.000  0.536  T  d3
  2865   1044.477  -0.015233  -0.046438  0.406  0.000  0.536  T  d1
  2866   1044.841  +0.015259  -0.023459  0.406  0.000  0.536  T  d3
  2867   1045.206  -0.049413  -0.009939  0.391  0.000  0.536  T  d1
  2868   1045.571  -0.002466  -0.036766  0.391  0.000  0.536  T  d0
  2869   1045.935  -0.024619  -0.029016  0.391  0.000  0.536  T  d3
  2870   1046.300  -0.080323  +0.010411  0.391  0.000  0.536  T  d0
  2871   1046.664  -0.049479  +0.012272  0.406  0.000  0.536  T  d3
  2872   1047.029  +0.050212  +0.039045  0.406  0.000  0.502  T  d2
  2873   1047.393  -0.016391  -0.011238  0.406  0.000  0.502  T  d0
  2874   1047.758  -0.004149  -0.016963  0.422  0.000  0.502  T  d2
  2875   1048.122  +0.011798  +0.033806  0.422  0.000  0.502  T  d1
  2876   1048.487  -0.016935  +0.001430  0.422  0.000  0.502  T  d2
  2877   1048.852  +0.037046  +0.003653  0.422  0.000  0.502  T  d2
  2878   1049.216  -0.005094  -0.004772  0.422  0.000  0.502  T  d3
  2879   1049.581  -0.021183  +0.020403  0.438  0.000  0.502  T  d2
  2880   1049.945  +0.047267  -0.010901  0.422  0.000  0.502  T  d2
  2881   1050.310  -0.042847  +0.012558  0.422  0.000  0.502  T  d2
  2882   1050.674  +0.030463  -0.014773  0.406  0.000  0.502  T  d3
  2883   1051.039  -0.000863  -0.017251  0.391  0.000  0.502  T  d3
  2884   1051.404  -0.035245  +0.023505  0.375  0.000  0.502  T  d2
  2885   1051.768  +0.046135  -0.015688  0.375  0.000  0.502  T  d2
  2886   1052.133  -0.049738  -0.011962  0.375  0.000  0.502  T  d2
  2887   1052.497  +0.002985  -0.000324  0.359  0.000  0.502  T  d1
  2888   1052.862  +0.000633  +0.036547  0.359  0.000  0.472  T  d3
  2889   1053.226  +0.010896  +0.002911  0.344  0.000  0.472  T  d0
  2890   1053.591  +0.010589  +0.009946  0.344  0.000  0.472  T  d3
  2891   1053.956  +0.038054  -0.002110  0.328  0.000  0.472  T  d2
  2892   1054.320  -0.013166  -0.004640  0.312  0.000  0.472  T  d1
  2893   1054.685  +0.030292  -0.019641  0.312  0.000  0.472  T  d1
  2894   1055.049  +0.020639  +0.013487  0.312  0.000  0.472  T  d3
  2895   1055.414  +0.007734  -0.034432  0.312  0.000  0.472  T  d0
  2896   1055.778  +0.010548  -0.025660  0.328  0.000  0.472  T  d0
  2897   1056.143  +0.011265  -0.061993  0.344  0.000  0.472  T  d2
  2898   1056.507  -0.051313  +0.037719  0.344  0.000  0.472  T  d1
  2899   1056.872  -0.090885  -0.019654  0.359  0.000  0.472  T  d0
  2900   1057.237  -0.037324  +0.008081  0.375  0.000  0.472  T  d0
  2901   1057.601  -0.082678  +0.013483  0.375  0.000  0.472  T  d3
  2902   1057.966  -0.000312  +0.026919  0.375  0.000  0.472  T  d0
  2903   1058.330  +0.022573  +0.043479  0.375  0.000  0.472  T  d0
  2904   1058.695  +0.062971  +0.089926  0.391  0.000  0.481  T  d0
  2905   1059.059  +0.070262  +0.050917  0.406  0.000  0.481  T  d0
  2906   1059.424  +0.041138  +0.031366  0.406  0.000  0.481  T  d3
  2907   1059.789  +0.036988  -0.028470  0.406  0.000  0.481  T  d3
  2908   1060.153  -0.010891  -0.071644  0.422  0.000  0.481  T  d0
  2909   1060.518  +0.003839  -0.072844  0.438  0.000  0.481  T  d0
  2910   1060.882  +0.036349  -0.058346  0.453  0.000  0.481  T  d0
  2911   1061.247  +0.006618  -0.063134  0.453  0.000  0.481  T  d3
  2912   1061.611  -0.046811  +0.010185  0.469  0.000  0.481  T  d0
  2913   1061.976  -0.056303  +0.015644  0.484  0.000  0.481  T  d2
  2914   1062.341  +0.026666  +0.000905  0.500  0.000  0.481  T  d2
  2915   1062.705  -0.040917  +0.026875  0.516  0.000  0.481  T  d2
  2916   1063.070  +0.003162  -0.004706  0.516  0.000  0.481  T  d2
  2917   1063.434  -0.016942  +0.022086  0.531  0.000  0.481  T  d0
  2918   1063.799  -0.031630  +0.044015  0.547  0.000  0.481  T  d3
  2919   1064.163  +0.005770  +0.010300  0.562  0.000  0.481  T  d0
  2920   1064.528  +0.012540  +0.018357  0.562  0.000  0.498  T  d1
  2921   1064.892  -0.038320  -0.001992  0.578  0.000  0.498  T  d3
  2922   1065.257  +0.020574  +0.031619  0.578  0.000  0.498  T  d1
  2923   1065.622  -0.019308  +0.013890  0.594  0.000  0.498  T  d3
  2924   1065.986  +0.006487  +0.049497  0.609  0.000  0.498  T  d3
  2925   1066.351  +0.078089  -0.034918  0.625  0.000  0.498  T  d0
  2926   1066.715  +0.029931  -0.029448  0.625  0.000  0.498  T  d0
  2927   1067.080  +0.076014  -0.001374  0.641  0.000  0.498  T  d0
  2928   1067.444  +0.019562  -0.010294  0.641  0.000  0.498  T  d0
  2929   1067.809  +0.056852  -0.086970  0.641  0.000  0.498  T  d3
  2930   1068.174  -0.055169  -0.063845  0.641  0.000  0.498  T  d0
  2931   1068.538  -0.074629  -0.039702  0.641  0.000  0.498  T  d0
  2932   1068.903  -0.164901  -0.054234  0.641  0.000  0.498  T  d0
  2933   1069.267  -0.057834  -0.032751  0.641  0.000  0.498  T  d3
  2934   1069.632  -0.006589  +0.048185  0.641  0.000  0.498  T  d0
  2935   1069.996  -0.007587  +0.099060  0.625  0.000  0.498  T  d0
  2936   1070.361  +0.038533  +0.135661  0.625  0.000  0.524  T  d0
  2937   1070.725  +0.028617  +0.175557  0.625  0.000  0.524  T  d0
  2938   1071.090  +0.074764  +0.063888  0.609  0.000  0.524  T  d3
  2939   1071.455  +0.085984  -0.007751  0.609  0.000  0.524  T  d0
  2940   1071.819  +0.097511  -0.086777  0.609  0.000  0.524  T  d0
  2941   1072.184  +0.044181  -0.143095  0.609  0.000  0.524  T  d0
  2942   1072.548  +0.050473  -0.112136  0.609  0.000  0.524  T  d3
  2943   1072.913  -0.018241  -0.042235  0.594  0.000  0.524  T  d0
  2944   1073.277  -0.055992  -0.048718  0.609  0.000  0.524  T  d0
  2945   1073.642  -0.147671  -0.036035  0.609  0.000  0.524  T  d0
  2946   1074.007  -0.094682  -0.016570  0.625  0.000  0.524  T  d0
  2947   1074.371  -0.068999  -0.007291  0.625  0.000  0.524  T  d3
  2948   1074.736  -0.075398  +0.063810  0.641  0.000  0.524  T  d0
  2949   1075.100  -0.041113  +0.118122  0.641  0.000  0.524  T  d0
  2950   1075.465  +0.051897  +0.191289  0.641  0.000  0.524  T  d0
  2951   1075.829  +0.028897  +0.097858  0.656  0.000  0.524  T  d3
  2952   1076.194  +0.063729  +0.014760  0.641  0.000  0.524  T  d0
  2953   1076.559  +0.108997  -0.032626  0.641  0.000  0.524  T  d0
  2954   1076.923  +0.111218  -0.104802  0.641  0.000  0.524  T  d0
  2955   1077.288  +0.114935  -0.108880  0.656  0.000  0.524  T  d0
  2956   1077.652  +0.058628  -0.105825  0.672  0.000  0.524  T  d0
  2957   1078.017  +0.021901  -0.069362  0.672  0.000  0.524  T  d3
  2958   1078.381  -0.116542  -0.058537  0.656  0.000  0.524  T  d0
  2959   1078.746  -0.124421  -0.020126  0.656  0.000  0.524  T  d0
  2960   1079.110  -0.140227  -0.012566  0.641  0.000  0.524  T  d0
  2961   1079.475  -0.082081  +0.053192  0.625  0.000  0.524  T  d1
  2962   1079.840  -0.020222  -0.005285  0.641  0.000  0.524  T  d3
  2963   1080.204  -0.008249  +0.173936  0.625  0.000  0.524  T  d0
  2964   1080.569  +0.010290  +0.091506  0.625  0.000  0.524  T  d0
  2965   1080.933  +0.002502  +0.132136  0.625  0.000  0.524  T  d3
  2966   1081.298  +0.074121  +0.044661  0.641  0.000  0.524  T  d3
  2967   1081.662  +0.084908  -0.022285  0.625  0.000  0.524  T  d0
  2968   1082.027  +0.105058  -0.045435  0.609  0.000  0.524  T  d0
  2969   1082.392  +0.108897  -0.082299  0.609  0.000  0.524  T  d2
  2970   1082.756  -0.008616  +0.006343  0.594  0.000  0.524  T  d2
  2971   1083.121  +0.028443  -0.076085  0.594  0.000  0.524  T  d3
  2972   1083.485  -0.064118  -0.092080  0.594  0.000  0.524  T  d0
  2973   1083.850  -0.086236  -0.052492  0.594  0.000  0.524  T  d0
  2974   1084.214  -0.027101  -0.060629  0.594  0.000  0.524  T  d3
  2975   1084.579  -0.092341  -0.010511  0.594  0.000  0.524  T  d0
  2976   1084.943  -0.017375  -0.001327  0.578  0.000  0.524  T  d0
  2977   1085.308  -0.044660  +0.029559  0.578  0.000  0.524  T  d0
  2978   1085.673  -0.033055  +0.052311  0.578  0.000  0.524  T  d3
  2979   1086.037  +0.007683  +0.030204  0.578  0.000  0.524  T  d0
  2980   1086.402  -0.022245  +0.076340  0.594  0.000  0.524  T  d3
  2981   1086.766  +0.067684  +0.052813  0.578  0.000  0.524  T  d0
  2982   1087.131  +0.075496  +0.097647  0.578  0.000  0.524  T  d0
  2983   1087.495  +0.038543  +0.061471  0.578  0.000  0.524  T  d3
  2984   1087.860  +0.047000  -0.053694  0.594  0.000  0.532  T  d3
  2985   1088.225  -0.010833  -0.030036  0.594  0.000  0.532  T  d1
  2986   1088.589  +0.052994  -0.068471  0.594  0.000  0.532  T  d0
  2987   1088.954  +0.006418  -0.102704  0.594  0.000  0.532  T  d0
  2988   1089.318  -0.003033  -0.059953  0.594  0.000  0.532  T  d3
  2989   1089.683  -0.016258  -0.010758  0.578  0.000  0.532  T  d3
  2990   1090.047  -0.016176  +0.015960  0.594  0.000  0.532  T  d0
  2991   1090.412  -0.115706  +0.021832  0.594  0.000  0.532  T  d3
  2992   1090.777  -0.007026  +0.019293  0.594  0.000  0.532  T  d1
  2993   1091.141  -0.043928  -0.000363  0.578  0.000  0.532  T  d0
  2994   1091.506  -0.055747  +0.045804  0.578  0.000  0.532  T  d3
  2995   1091.870  +0.101986  +0.057112  0.578  0.000  0.532  T  d0
  2996   1092.235  +0.032656  +0.015176  0.578  0.000  0.532  T  d0
  2997   1092.599  +0.053342  -0.008616  0.578  0.000  0.532  T  d0
  2998   1092.964  +0.016968  -0.006771  0.594  0.000  0.532  T  d3
  2999   1093.328  +0.019161  -0.075598  0.594  0.000  0.532  T  d3
  3000   1093.693  -0.036627  -0.040850  0.594  0.000  0.567  T  d0
  3001   1094.058  -0.059444  -0.048818  0.594  0.000  0.567  T  d1
  3002   1094.422  +0.001800  -0.034688  0.594  0.000  0.567  T  d3
  3003   1094.787  -0.081159  +0.040223  0.609  0.000  0.567  T  d0
  3004   1095.151  -0.040923  +0.097540  0.609  0.000  0.567  T  d0
  3005   1095.516  +0.028902  +0.173015  0.609  0.000  0.567  T  d0
  3006   1095.880  -0.005513  +0.060898  0.594  0.000  0.567  T  d3
  3007   1096.245  +0.046932  +0.010943  0.594  0.000  0.567  T  d3
  3008   1096.610  +0.077319  -0.050806  0.594  0.000  0.567  T  d0
  3009   1096.974  +0.098038  -0.097038  0.578  0.000  0.567  T  d0
  3010   1097.339  +0.084128  -0.107215  0.578  0.000  0.567  T  d0
  3011   1097.703  +0.051441  -0.083502  0.594  0.000  0.567  T  d0
  3012   1098.068  -0.007689  -0.062565  0.578  0.000  0.567  T  d3
  3013   1098.432  -0.121289  -0.033003  0.594  0.000  0.567  T  d0
  3014   1098.797  -0.124981  -0.016300  0.594  0.000  0.567  T  d0
  3015   1099.162  -0.128157  +0.015520  0.594  0.000  0.567  T  d0
  3016   1099.526  -0.061728  +0.047454  0.594  0.000  0.567  T  d0
  3017   1099.891  -0.002833  +0.017209  0.609  0.000  0.567  T  d0
  3018   1100.255  +0.009840  +0.181539  0.625  0.000  0.567  T  d0
  3019   1100.620  +0.027456  +0.075345  0.625  0.000  0.567  T  d0
  3020   1100.984  +0.025241  +0.131807  0.625  0.000  0.567  T  d3
  3021   1101.349  +0.100046  +0.003890  0.625  0.000  0.567  T  d0
  3022   1101.713  +0.096739  -0.031498  0.641  0.000  0.567  T  d0
  3023   1102.078  +0.123723  -0.085256  0.641  0.000  0.567  T  d0
  3024   1102.443  +0.096265  -0.089989  0.656  0.000  0.567  T  d3
  3025   1102.807  -0.023588  -0.021791  0.656  0.000  0.567  T  d1
  3026   1103.172  +0.003422  -0.102694  0.656  0.000  0.567  T  d3
  3027   1103.536  -0.159306  -0.075779  0.672  0.000  0.567  T  d0
  3028   1103.901  -0.166660  -0.023470  0.672  0.000  0.567  T  d0
  3029   1104.265  -0.080601  -0.014653  0.672  0.000  0.567  T  d0
  3030   1104.630  -0.076582  -0.021347  0.656  0.000  0.567  T  d3
  3031   1104.995  +0.009099  +0.116981  0.672  0.000  0.567  T  d0
  3032   1105.359  +0.111068  +0.099609  0.688  0.000  0.579  T  d0
  3033   1105.724  +0.036600  +0.141762  0.688  0.000  0.579  T  d3
  3034   1106.088  +0.066881  +0.018016  0.688  0.000  0.579  T  d0
  3035   1106.453  +0.084957  -0.019609  0.688  0.000  0.579  T  d3
  3036   1106.817  +0.000461  -0.082786  0.672  0.000  0.579  T  d0
  3037   1107.182  -0.022035  -0.065527  0.672  0.000  0.579  T  d1
  3038   1107.546  +0.038694  -0.060075  0.672  0.000  0.579  T  d3
  3039   1107.911  -0.066716  -0.028473  0.688  0.000  0.579  T  d0
  3040   1108.276  -0.043012  -0.018936  0.688  0.000  0.579  T  d3
  3041   1108.640  -0.078976  +0.074927  0.688  0.000  0.579  T  d0
  3042   1109.005  -0.027133  +0.036975  0.688  0.000  0.579  T  d0
  3043   1109.369  -0.002172  +0.059067  0.688  0.000  0.579  T  d3
  3044   1109.734  +0.043550  +0.021557  0.672  0.000  0.579  T  d0
  3045   1110.098  +0.065492  +0.015213  0.688  0.000  0.579  T  d0
  3046   1110.463  +0.060289  -0.003588  0.688  0.000  0.579  T  d0
  3047   1110.828  +0.114302  -0.023168  0.688  0.000  0.579  T  d3
  3048   1111.192  +0.019491  -0.043162  0.672  0.000  0.575  T  d0
  3049   1111.557  -0.023473  -0.065389  0.656  0.000  0.575  T  d0
  3050   1111.921  -0.066164  -0.062559  0.641  0.000  0.575  T  d0
  3051   1112.286  -0.084530  -0.069660  0.641  0.000  0.575  T  d0
  3052   1112.650  -0.065392  -0.046857  0.641  0.000  0.575  T  d3
  3053   1113.015  -0.000713  +0.042691  0.641  0.000  0.575  T  d0
  3054   1113.380  -0.029916  +0.041225  0.625  0.000  0.575  T  d0
  3055   1113.744  -0.030214  +0.073084  0.609  0.000  0.575  T  d0
  3056   1114.109  -0.044004  +0.124377  0.594  0.000  0.575  T  d3
  3057   1114.473  +0.040294  +0.054264  0.609  0.000  0.575  T  d0
  3058   1114.838  +0.018832  +0.041057  0.625  0.000  0.575  T  d0
  3059   1115.202  +0.017927  +0.012371  0.625  0.000  0.575  T  d0
  3060   1115.567  +0.085539  +0.020151  0.609  0.000  0.575  T  d0
  3061   1115.931  +0.025060  +0.013464  0.594  0.000  0.575  T  d3
  3062   1116.296  +0.043050  -0.060997  0.578  0.000  0.575  T  d0
  3063   1116.661  +0.050799  -0.051813  0.578  0.000  0.575  T  d0
  3064   1117.025  +0.055363  -0.118672  0.578  0.000  0.545  T  d0
  3065   1117.390  -0.028048  -0.087709  0.562  0.000  0.545  T  d1
  3066   1117.754  +0.024974  -0.040086  0.578  0.000  0.545  T  d3
  3067   1118.119  -0.020306  -0.050322  0.562  0.000  0.545  T  d3
  3068   1118.483  -0.106273  -0.000637  0.578  0.000  0.545  T  d0
  3069   1118.848  -0.106984  -0.017873  0.578  0.000  0.545  T  d0
  3070   1119.213  -0.098603  +0.039000  0.594  0.000  0.545  T  d0
  3071   1119.577  -0.034459  +0.027704  0.609  0.000  0.545  T  d3
  3072   1119.942  +0.011415  +0.037891  0.609  0.000  0.545  T  d0
  3073   1120.306  +0.012854  +0.173098  0.625  0.000  0.545  T  d0
  3074   1120.671  +0.019245  +0.067150  0.625  0.000  0.545  T  d0
  3075   1121.035  +0.016244  +0.132993  0.609  0.000  0.545  T  d3
  3076   1121.400  +0.086330  -0.014179  0.625  0.000  0.545  T  d0
  3077   1121.764  +0.069220  -0.013574  0.625  0.000  0.545  T  d0
  3078   1122.129  +0.112867  -0.087313  0.625  0.000  0.545  T  d0
  3079   1122.494  +0.061490  -0.047682  0.625  0.000  0.545  T  d3
  3080   1122.858  -0.022136  -0.009600  0.641  0.000  0.554  T  d1
  3081   1123.223  +0.018620  -0.084570  0.625  0.000  0.554  T  d3
  3082   1123.587  -0.100669  -0.076339  0.625  0.000  0.554  T  d0
  3083   1123.952  -0.050367  -0.040746  0.625  0.000  0.554  T  d0
  3084   1124.316  -0.037378  -0.046682  0.625  0.000  0.554  T  d3
  3085   1124.681  -0.065415  +0.010408  0.625  0.000  0.554  T  d2
  3086   1125.046  +0.013737  +0.003158  0.625  0.000  0.554  T  d1
  3087   1125.410  -0.036392  +0.043828  0.625  0.000  0.554  T  d3
  3088   1125.775  +0.012301  +0.038848  0.625  0.000  0.554  T  d0
  3089   1126.139  +0.011417  +0.015165  0.641  0.000  0.554  T  d0
  3090   1126.504  -0.007730  +0.062086  0.625  0.000  0.554  T  d2
  3091   1126.868  +0.014661  -0.024898  0.625  0.000  0.554  T  d2
  3092   1127.233  +0.000869  +0.075474  0.609  0.000  0.554  T  d3
  3093   1127.598  +0.014346  +0.012139  0.594  0.000  0.554  T  d3
  3094   1127.962  +0.037187  -0.026926  0.609  0.000  0.554  T  d2
  3095   1128.327  -0.044216  +0.034662  0.594  0.000  0.554  T  d0
  3096   1128.691  -0.014847  +0.034736  0.578  0.000  0.519  T  d3
  3097   1129.056  +0.037529  +0.034842  0.562  0.000  0.519  T  d0
  3098   1129.420  +0.057674  +0.025336  0.562  0.000  0.519  T  d3
  3099   1129.785  +0.024254  -0.030378  0.578  0.000  0.519  T  d0
  3100   1130.149  +0.061681  -0.075434  0.578  0.000  0.519  T  d0
  3101   1130.514  +0.046533  -0.100465  0.562  0.000  0.519  T  d0
  3102   1130.879  -0.000099  -0.110299  0.547  0.000  0.519  T  d0
  3103   1131.243  -0.015965  -0.024456  0.531  0.000  0.519  T  d0
  3104   1131.608  -0.040122  -0.020660  0.547  0.000  0.519  T  d0
  3105   1131.972  -0.103314  -0.019736  0.547  0.000  0.519  T  d0
  3106   1132.337  -0.134485  -0.022391  0.547  0.000  0.519  T  d3
  3107   1132.701  -0.072101  +0.064045  0.547  0.000  0.519  T  d0
  3108   1133.066  -0.002487  +0.028509  0.547  0.000  0.519  T  d0
  3109   1133.431  +0.003031  +0.086356  0.547  0.000  0.519  T  d0
  3110   1133.795  +0.054709  +0.165515  0.547  0.000  0.519  T  d0
  3111   1134.160  +0.023379  +0.086751  0.547  0.000  0.519  T  d0
  3112   1134.524  +0.010876  +0.045410  0.562  0.000  0.558  T  d3
  3113   1134.889  +0.102143  -0.025226  0.562  0.000  0.558  T  d0
  3114   1135.253  +0.086652  -0.021452  0.578  0.000  0.558  T  d0
  3115   1135.618  +0.083770  -0.096503  0.578  0.000  0.558  T  d0
  3116   1135.983  +0.050398  -0.007832  0.578  0.000  0.558  T  d3
  3117   1136.347  -0.045950  -0.053248  0.594  0.000  0.558  T  d0
  3118   1136.712  -0.011987  -0.082079  0.594  0.000  0.558  T  d0
  3119   1137.076  -0.064805  -0.057781  0.609  0.000  0.558  T  d0
  3120   1137.441  -0.098674  -0.046687  0.625  0.000  0.558  T  d0
  3121   1137.805  -0.017846  -0.027885  0.609  0.000  0.558  T  d3
  3122   1138.170  -0.022158  +0.025703  0.609  0.000  0.558  T  d0
  3123   1138.534  -0.043454  +0.020137  0.625  0.000  0.558  T  d3
  3124   1138.899  +0.027175  +0.026903  0.641  0.000  0.558  T  d1
  3125   1139.264  -0.012170  +0.034418  0.656  0.000  0.558  T  d0
  3126   1139.628  -0.011551  +0.048413  0.672  0.000  0.558  T  d3
  3127   1139.993  +0.049711  +0.013133  0.672  0.000  0.558  T  d1
  3128   1140.357  -0.040002  +0.044533  0.672  0.000  0.524  T  d3
  3129   1140.722  +0.051304  -0.000492  0.688  0.000  0.524  T  d1
  3130   1141.086  -0.007076  +0.020862  0.688  0.000  0.524  T  d0
  3131   1141.451  -0.007967  +0.038568  0.703  0.000  0.524  T  d3
  3132   1141.816  +0.056111  +0.005159  0.688  0.000  0.524  T  d2
  3133   1142.180  -0.033182  +0.012797  0.688  0.000  0.524  T  d3
  3134   1142.545  +0.038714  +0.020223  0.688  0.000  0.524  T  d3
  3135   1142.909  +0.044915  -0.022172  0.688  0.000  0.524  T  d0
  3136   1143.274  +0.004587  -0.010660  0.688  0.000  0.524  T  d0
  3137   1143.638  +0.040576  -0.095320  0.688  0.000  0.524  T  d0
  3138   1144.003  +0.049384  -0.089174  0.688  0.000  0.524  T  d0
  3139   1144.367  +0.003759  -0.081790  0.688  0.000  0.524  T  d3
  3140   1144.732  -0.052193  -0.024368  0.688  0.000  0.524  T  d0
  3141   1145.097  -0.092681  -0.001157  0.672  0.000  0.524  T  d0
  3142   1145.461  -0.094151  +0.003124  0.656  0.000  0.524  T  d0
  3143   1145.826  -0.121805  +0.002927  0.641  0.000  0.524  T  d0
  3144   1146.190  -0.034954  +0.031133  0.625  0.000  0.545  T  d3
  3145   1146.555  -0.003953  +0.089956  0.625  0.000  0.545  T  d0
  3146   1146.919  +0.040650  +0.115316  0.609  0.000  0.545  T  d0
  3147   1147.284  +0.078435  +0.158234  0.594  0.000  0.545  T  d0
  3148   1147.649  +0.054708  +0.039491  0.594  0.000  0.545  T  d0
  3149   1148.013  +0.077658  +0.030997  0.594  0.000  0.545  T  d3
  3150   1148.378  +0.111336  -0.124036  0.594  0.000  0.545  T  d0
  3151   1148.742  +0.101203  -0.032414  0.594  0.000  0.545  T  d0
  3152   1149.107  +0.107750  -0.106294  0.594  0.000  0.545  T  d3
  3153   1149.471  -0.039061  -0.045548  0.578  0.000  0.545  T  d0
  3154   1149.836  -0.041382  -0.092521  0.578  0.000  0.545  T  d0
  3155   1150.201  -0.147762  -0.072357  0.578  0.000  0.545  T  d0
  3156   1150.565  -0.204056  -0.024707  0.594  0.000  0.545  T  d0
  3157   1150.930  -0.079781  +0.008454  0.609  0.000  0.545  T  d0
  3158   1151.294  -0.081293  -0.002926  0.594  0.000  0.545  T  d3
  3159   1151.659  -0.030583  +0.076601  0.609  0.000  0.545  T  d0
  3160   1152.023  +0.009112  +0.166010  0.625  0.000  0.515  T  d0
  3161   1152.388  +0.100189  +0.127730  0.641  0.000  0.515  T  d0
  3162   1152.752  +0.049847  +0.077269  0.641  0.000  0.515  T  d0
  3163   1153.117  +0.068880  +0.022012  0.641  0.000  0.515  T  d3
  3164   1153.482  +0.094737  -0.068840  0.656  0.000  0.515  T  d0
  3165   1153.846  +0.121951  -0.070660  0.672  0.000  0.515  T  d0
  3166   1154.211  +0.091607  -0.051936  0.688  0.000  0.515  T  d0
  3167   1154.575  +0.030361  -0.073196  0.688  0.000  0.515  T  d0
  3168   1154.940  -0.025157  -0.081826  0.688  0.000  0.515  T  d0
  3169   1155.304  -0.103887  -0.070731  0.672  0.000  0.515  T  d0
  3170   1155.669  -0.058115  -0.097498  0.672  0.000  0.515  T  d3
  3171   1156.034  -0.138830  -0.014822  0.672  0.000  0.515  T  d0
  3172   1156.398  -0.063904  +0.047764  0.672  0.000  0.515  T  d3
  3173   1156.763  +0.026509  +0.101910  0.656  0.000  0.515  T  d1
  3174   1157.127  -0.073583  +0.046250  0.641  0.000  0.515  T  d3
  3175   1157.492  -0.030414  +0.164182  0.641  0.000  0.515  T  d3
  3176   1157.856  +0.063974  +0.055057  0.641  0.000  0.485  T  d3
  3177   1158.221  +0.032604  -0.021529  0.641  0.000  0.485  T  d2
  3178   1158.585  -0.007777  +0.029170  0.641  0.000  0.485  T  d3
  3179   1158.950  +0.047551  +0.008072  0.641  0.000  0.485  T  d0
  3180   1159.315  +0.073336  +0.013687  0.641  0.000  0.485  T  d3
  3181   1159.679  +0.037001  -0.030223  0.641  0.000  0.485  T  d0
  3182   1160.044  +0.049440  -0.077542  0.641  0.000  0.485  T  d0
  3183   1160.408  +0.052652  -0.090357  0.641  0.000  0.485  T  d0
  3184   1160.773  +0.004146  -0.107084  0.641  0.000  0.485  T  d3
  3185   1161.137  -0.026577  -0.026660  0.656  0.000  0.485  T  d3
  3186   1161.502  -0.028766  +0.017142  0.656  0.000  0.485  T  d0
  3187   1161.867  -0.088427  +0.012922  0.641  0.000  0.485  T  d0
  3188   1162.231  -0.118376  +0.003972  0.641  0.000  0.485  T  d0
  3189   1162.596  -0.084953  +0.066485  0.625  0.000  0.485  T  d3
  3190   1162.960  +0.018263  +0.018104  0.625  0.000  0.485  T  d0
  3191   1163.325  +0.025569  +0.061739  0.625  0.000  0.485  T  d0
  3192   1163.689  +0.076516  +0.068214  0.625  0.000  0.451  T  d0
  3193   1164.054  +0.104551  +0.005305  0.625  0.000  0.451  T  d3
  3194   1164.419  +0.000700  -0.018824  0.625  0.000  0.451  T  d0
  3195   1164.783  +0.036134  -0.035894  0.609  0.000  0.451  T  d0
  3196   1165.148  +0.012316  -0.020812  0.625  0.000  0.451  T  d0
  3197   1165.512  -0.010323  -0.072953  0.625  0.000  0.451  T  d0
  3198   1165.877  -0.037118  -0.087667  0.625  0.000  0.451  T  d3
  3199   1166.241  -0.052932  +0.037345  0.625  0.000  0.451  T  d0
  3200   1166.606  -0.027715  +0.010449  0.609  0.000  0.451  T  d3
  3201   1166.970  -0.032105  +0.077118  0.609  0.000  0.451  T  d0
  3202   1167.335  -0.042673  +0.037976  0.609  0.000  0.451  T  d0
  3203   1167.700  -0.024248  +0.065206  0.625  0.000  0.451  T  d3
  3204   1168.064  +0.028697  +0.043865  0.609  0.000  0.451  T  d3
  3205   1168.429  +0.077815  -0.059246  0.625  0.000  0.451  T  d1
  3206   1168.793  +0.082725  +0.053664  0.641  0.000  0.451  T  d0
  3207   1169.158  +0.098543  -0.017887  0.656  0.000  0.451  T  d0
  3208   1169.522  +0.058287  -0.071786  0.672  0.000  0.438  T  d3
  3209   1169.887  -0.042679  -0.029938  0.672  0.000  0.438  T  d0
  3210   1170.252  -0.038832  -0.057170  0.688  0.000  0.438  T  d0
  3211   1170.616  -0.097788  -0.052665  0.703  0.000  0.438  T  d0
  3212   1170.981  -0.032470  -0.049540  0.703  0.000  0.438  T  d0
  3213   1171.345  -0.051885  -0.053323  0.719  0.000  0.438  T  d3
  3214   1171.710  -0.063288  +0.058966  0.719  0.000  0.438  T  d0
  3215   1172.074  -0.032305  +0.026896  0.719  0.000  0.438  T  d0
  3216   1172.439  -0.019289  +0.032261  0.719  0.000  0.438  T  d0
  3217   1172.803  +0.002256  +0.043564  0.734  0.000  0.438  T  d0
  3218   1173.168  -0.025588  +0.060367  0.734  0.000  0.438  T  d3
  3219   1173.533  +0.109250  +0.105040  0.734  0.000  0.438  T  d0
  3220   1173.897  +0.052909  +0.070979  0.734  0.000  0.438  T  d3
  3221   1174.262  +0.055080  -0.001647  0.734  0.000  0.438  T  d0
  3222   1174.626  +0.091833  +0.047623  0.734  0.000  0.438  T  d3
  3223   1174.991  +0.012151  -0.083405  0.734  0.000  0.438  T  d0
  3224   1175.355  +0.081102  -0.091364  0.734  0.000  0.476  T  d0
  3225   1175.720  +0.006751  -0.126115  0.734  0.000  0.476  T  d0
  3226   1176.085  +0.030477  -0.067372  0.750  0.000  0.476  T  d3
  3227   1176.449  -0.036995  -0.024411  0.734  0.000  0.476  T  d0
  3228   1176.814  -0.147609  -0.051314  0.734  0.000  0.476  T  d0
  3229   1177.178  -0.146546  -0.000565  0.734  0.000  0.476  T  d0
  3230   1177.543  -0.088734  +0.015644  0.734  0.000  0.476  T  d0
  3231   1177.907  -0.052474  +0.035250  0.750  0.000  0.476  T  d3
  3232   1178.272  +0.004071  +0.109856  0.750  0.000  0.476  T  d0
  3233   1178.637  +0.010145  +0.124510  0.766  0.000  0.476  T  d0
  3234   1179.001  +0.000544  +0.135692  0.766  0.000  0.476  T  d0
  3235   1179.366  +0.071196  +0.087213  0.766  0.000  0.476  T  d3
  3236   1179.730  +0.067977  -0.044200  0.766  0.000  0.476  T  d0
  3237   1180.095  +0.147616  -0.086366  0.781  0.000  0.476  T  d0
  3238   1180.459  +0.102166  -0.082491  0.797  0.000  0.476  T  d0
  3239   1180.824  +0.082892  -0.135533  0.797  0.000  0.476  T  d0
  3240   1181.188  +0.026132  -0.085630  0.797  0.000  0.494  T  d3
  3241   1181.553  -0.050429  -0.040688  0.797  0.000  0.494  T  d0
  3242   1181.918  -0.124208  -0.045203  0.781  0.000  0.494  T  d0
  3243   1182.282  -0.169900  -0.030221  0.766  0.000  0.494  T  d0
  3244   1182.647  -0.121065  +0.047990  0.766  0.000  0.494  T  d0
  3245   1183.011  -0.031387  +0.050774  0.750  0.000  0.494  T  d0
  3246   1183.376  -0.014991  +0.066858  0.750  0.000  0.494  T  d0
  3247   1183.740  +0.047595  +0.183796  0.734  0.000  0.494  T  d0
  3248   1184.105  +0.045852  +0.093493  0.734  0.000  0.494  T  d0
  3249   1184.470  +0.022495  +0.059884  0.719  0.000  0.494  T  d3
  3250   1184.834  +0.121965  -0.036206  0.719  0.000  0.494  T  d0
  3251   1185.199  +0.123584  -0.027224  0.734  0.000  0.494  T  d0
  3252   1185.563  +0.103046  -0.123444  0.734  0.000  0.494  T  d0
  3253   1185.928  +0.076639  -0.045745  0.750  0.000  0.494  T  d3
  3254   1186.292  -0.048787  -0.071105  0.734  0.000  0.494  T  d0
  3255   1186.657  -0.051987  -0.080552  0.734  0.000  0.494  T  d0
  3256   1187.022  -0.161782  -0.060223  0.734  0.000  0.489  T  d0
  3257   1187.386  -0.183695  -0.065920  0.734  0.000  0.489  T  d0
  3258   1187.751  -0.126394  +0.033698  0.719  0.000  0.489  T  d3
  3259   1188.115  -0.018389  +0.059729  0.719  0.000  0.489  T  d0
  3260   1188.480  -0.013051  +0.127690  0.703  0.000  0.489  T  d0
  3261   1188.844  +0.077671  +0.125682  0.703  0.000  0.489  T  d0
  3262   1189.209  +0.047780  +0.112252  0.703  0.000  0.489  T  d0
  3263   1189.573  +0.078015  +0.056798  0.688  0.000  0.489  T  d0
  3264   1189.938  +0.070583  -0.000923  0.703  0.000  0.489  T  d0
  3265   1190.303  +0.113721  -0.074363  0.703  0.000  0.489  T  d0
  3266   1190.667  +0.138124  -0.111574  0.703  0.000  0.489  T  d0
  3267   1191.032  +0.065266  -0.077565  0.703  0.000  0.489  T  d3
  3268   1191.396  -0.033367  -0.077489  0.719  0.000  0.489  T  d0
  3269   1191.761  -0.085070  -0.083995  0.703  0.000  0.489  T  d0
  3270   1192.125  -0.105949  -0.050699  0.703  0.000  0.489  T  d0
  3271   1192.490  -0.084241  -0.039470  0.703  0.000  0.489  T  d0
  3272   1192.855  -0.079364  -0.003233  0.703  0.000  0.485  T  d3
  3273   1193.219  -0.067469  +0.079394  0.703  0.000  0.485  T  d3
  3274   1193.584  +0.046672  +0.109510  0.688  0.000  0.485  T  d1
  3275   1193.948  -0.072095  +0.087076  0.688  0.000  0.485  T  d0
  3276   1194.313  +0.003927  +0.112727  0.688  0.000  0.485  T  d3
  3277   1194.677  +0.064963  +0.035154  0.672  0.000  0.485  T  d1
  3278   1195.042  -0.009540  +0.024525  0.656  0.000  0.485  T  d3
  3279   1195.406  +0.086159  -0.001004  0.641  0.000  0.485  T  d0
  3280   1195.771  +0.053950  +0.031498  0.625  0.000  0.485  T  d3
  3281   1196.136  +0.033066  -0.047139  0.609  0.000  0.485  T  d0
  3282   1196.500  +0.051252  -0.056387  0.625  0.000  0.485  T  d0
  3283   1196.865  +0.056359  -0.095094  0.609  0.000  0.485  T  d0
  3284   1197.229  +0.008920  -0.116540  0.609  0.000  0.485  T  d0
  3285   1197.594  -0.026312  -0.056103  0.594  0.000  0.485  T  d1
  3286   1197.958  +0.025912  -0.040439  0.594  0.000  0.485  T  d3
  3287   1198.323  -0.101468  -0.027844  0.578  0.000  0.485  T  d0
  3288   1198.688  -0.106265  +0.013234  0.562  0.000  0.506  T  d0
  3289   1199.052  -0.118964  -0.000564  0.547  0.000  0.506  T  d3
  3290   1199.417  -0.064879  +0.074929  0.531  0.000  0.506  T  d3
  3291   1199.781  +0.002541  +0.000931  0.531  0.000  0.506  T  d1
  3292   1200.146  +0.021754  +0.145812  0.531  0.000  0.506  T  d0
  3293   1200.510  +0.064400  +0.147026  0.516  0.000  0.506  T  d0
  3294   1200.875  +0.030183  +0.065998  0.516  0.000  0.506  T  d3
  3295   1201.240  +0.053425  -0.001151  0.516  0.000  0.506  T  d0
  3296   1201.604  +0.109166  +0.005263  0.500  0.000  0.506  T  d0
  3297   1201.969  +0.095479  -0.062582  0.500  0.000  0.506  T  d0
  3298   1202.333  +0.115409  -0.119530  0.500  0.000  0.506  T  d0
  3299   1202.698  +0.007648  -0.017010  0.484  0.000  0.506  T  d0
  3300   1203.062  -0.001497  -0.091963  0.484  0.000  0.506  T  d3
  3301   1203.427  -0.118796  -0.092923  0.469  0.000  0.506  T  d0
  3302   1203.791  -0.200111  -0.045424  0.469  0.000  0.506  T  d0
  3303   1204.156  -0.108184  +0.007909  0.469  0.000  0.506  T  d0
  3304   1204.521  -0.084422  -0.044413  0.469  0.000  0.532  T  d3
  3305   1204.885  -0.044861  +0.104062  0.469  0.000  0.532  T  d3
  3306   1205.250  +0.101476  +0.104554  0.484  0.000  0.532  T  d0
  3307   1205.614  +0.050965  +0.156057  0.500  0.000  0.532  T  d0
  3308   1205.979  +0.055359  +0.064395  0.484  0.000  0.532  T  d3
  3309   1206.343  +0.092337  -0.002629  0.484  0.000  0.532  T  d3
  3310   1206.708  +0.053891  -0.061389  0.484  0.000  0.532  T  d3
  3311   1207.073  -0.023866  -0.073128  0.484  0.000  0.532  T  d1
  3312   1207.437  +0.071250  -0.067184  0.469  0.000  0.532  T  d3
  3313   1207.802  -0.013685  -0.045318  0.484  0.000  0.532  T  d0
  3314   1208.166  -0.019553  -0.048084  0.469  0.000  0.532  T  d3
  3315   1208.531  -0.040803  +0.023474  0.469  0.000  0.532  T  d0
  3316   1208.895  -0.032866  +0.023906  0.453  0.000  0.532  T  d3
  3317   1209.260  +0.008049  +0.016878  0.438  0.000  0.532  T  d2
  3318   1209.624  -0.003737  -0.013785  0.438  0.000  0.532  T  d1
  3319   1209.989  +0.008650  -0.006840  0.438  0.000  0.532  T  d2
  3320   1210.354  -0.083543  +0.014462  0.422  0.000  0.511  T  d3
  3321   1210.718  -0.006887  +0.045769  0.406  0.000  0.511  T  d3
  3322   1211.083  +0.033202  -0.020434  0.406  0.000  0.511  T  d2
  3323   1211.447  -0.037275  -0.003715  0.406  0.000  0.511  T  d0
  3324   1211.812  -0.059229  +0.041477  0.406  0.000  0.511  T  d3
  3325   1212.176  +0.008860  +0.022035  0.406  0.000  0.511  T  d0
  3326   1212.541  +0.013252  +0.021600  0.406  0.000  0.511  T  d0
  3327   1212.906  -0.002345  +0.026061  0.422  0.000  0.511  T  d3
  3328   1213.270  +0.069190  -0.001816  0.406  0.000  0.511  T  d0
  3329   1213.635  +0.075954  +0.007861  0.391  0.000  0.511  T  d0
  3330   1213.999  +0.090451  -0.045340  0.391  0.000  0.511  T  d1
  3331   1214.364  +0.055295  +0.023546  0.391  0.000  0.511  T  d3
  3332   1214.728  +0.006649  -0.073799  0.391  0.000  0.511  T  d3
  3333   1215.093  -0.064070  -0.041325  0.406  0.000  0.511  T  d0
  3334   1215.458  -0.031957  -0.088544  0.406  0.000  0.511  T  d0
  3335   1215.822  -0.064345  -0.065665  0.406  0.000  0.511  T  d0
  3336   1216.187  -0.117162  -0.009787  0.406  0.000  0.481  T  d3
  3337   1216.551  +0.021734  +0.077212  0.406  0.000  0.481  T  d0
  3338   1216.916  -0.005486  +0.046854  0.422  0.000  0.481  T  d0
  3339   1217.280  -0.068315  +0.070312  0.422  0.000  0.481  T  d3
  3340   1217.645  +0.011379  +0.133039  0.422  0.000  0.481  T  d3
  3341   1218.009  +0.066775  -0.033428  0.422  0.000  0.481  T  d3
  3342   1218.374  -0.017092  -0.012117  0.438  0.000  0.481  T  d2
  3343   1218.739  +0.000671  +0.002185  0.453  0.000  0.481  T  d3
  3344   1219.103  +0.041264  -0.001898  0.469  0.000  0.481  T  d0
  3345   1219.468  +0.030276  +0.006054  0.484  0.000  0.481  T  d3
  3346   1219.832  +0.013487  -0.026722  0.484  0.000  0.481  T  d0
  3347   1220.197  +0.041752  -0.022223  0.500  0.000  0.481  T  d3
  3348   1220.561  -0.009067  -0.028316  0.500  0.000  0.481  T  d1
  3349   1220.926  +0.027668  +0.010403  0.516  0.000  0.481  T  d3
  3350   1221.291  +0.018078  -0.035420  0.516  0.000  0.481  T  d3
  3351   1221.655  -0.008474  -0.018581  0.531  0.000  0.481  T  d1
  3352   1222.020  +0.032759  -0.015664  0.547  0.000  0.472  T  d3
  3353   1222.384  -0.000185  -0.050086  0.562  0.000  0.472  T  d3
  3354   1222.749  -0.048725  +0.010054  0.578  0.000  0.472  T  d1
  3355   1223.113  -0.008936  -0.036823  0.594  0.000  0.472  T  d3
  3356   1223.478  -0.057262  +0.035538  0.594  0.000  0.472  T  d0
  3357   1223.843  -0.101842  +0.003418  0.609  0.000  0.472  T  d0
  3358   1224.207  -0.051000  +0.013346  0.609  0.000  0.472  T  d0
  3359   1224.572  -0.070953  -0.005661  0.594  0.000  0.472  T  d3
  3360   1224.936  -0.012340  +0.101035  0.609  0.000  0.472  T  d3
  3361   1225.301  +0.101358  +0.089617  0.609  0.000  0.472  T  d0
  3362   1225.665  +0.033844  +0.142164  0.609  0.000  0.472  T  d0
  3363   1226.030  +0.055957  +0.035910  0.625  0.000  0.472  T  d0
  3364   1226.394  +0.095192  -0.012672  0.641  0.000  0.472  T  d0
  3365   1226.759  +0.090384  -0.113590  0.641  0.000  0.472  T  d0
  3366   1227.124  +0.070671  -0.126880  0.641  0.000  0.472  T  d0
  3367   1227.488  +0.015947  -0.045221  0.641  0.000  0.472  T  d0
  3368   1227.853  +0.038070  -0.128631  0.641  0.000  0.485  T  d3
  3369   1228.217  -0.084734  -0.059522  0.656  0.000  0.485  T  d0
  3370   1228.582  -0.139588  -0.036427  0.656  0.000  0.485  T  d0
  3371   1228.946  -0.143895  -0.039524  0.656  0.000  0.485  T  d0
  3372   1229.311  -0.100416  -0.019237  0.672  0.000  0.485  T  d3
  3373   1229.676  -0.009663  +0.100047  0.672  0.000  0.485  T  d0
  3374   1230.040  +0.000932  +0.127144  0.688  0.000  0.485  T  d0
  3375   1230.405  +0.041986  +0.160923  0.703  0.000  0.485  T  d0
  3376   1230.769  +0.037730  +0.176801  0.719  0.000  0.485  T  d0
  3377   1231.134  +0.087005  +0.056447  0.719  0.000  0.485  T  d0
  3378   1231.498  +0.096665  -0.014082  0.734  0.000  0.485  T  d0
  3379   1231.863  +0.099288  -0.100996  0.719  0.000  0.485  T  d0
  3380   1232.227  +0.050242  -0.147941  0.734  0.000  0.485  T  d0
  3381   1232.592  +0.049841  -0.110865  0.750  0.000  0.485  T  d3
  3382   1232.957  -0.018487  -0.043934  0.766  0.000  0.485  T  d0
  3383   1233.321  -0.063912  -0.058274  0.766  0.000  0.485  T  d0
  3384   1233.686  -0.148575  -0.042954  0.766  0.000  0.502  T  d0
  3385   1234.050  -0.087052  -0.026945  0.781  0.000  0.502  T  d0
  3386   1234.415  -0.085303  +0.016736  0.781  0.000  0.502  T  d0
  3387   1234.779  -0.062157  +0.060280  0.797  0.000  0.502  T  d0
  3388   1235.144  -0.031156  +0.126402  0.797  0.000  0.502  T  d0
  3389   1235.509  +0.058371  +0.187722  0.797  0.000  0.502  T  d0
  3390   1235.873  +0.016594  +0.083338  0.781  0.000  0.502  T  d3
  3391   1236.238  +0.076792  +0.012623  0.766  0.000  0.502  T  d0
  3392   1236.602  +0.102142  -0.045922  0.781  0.000  0.502  T  d0
  3393   1236.967  +0.114362  -0.102085  0.781  0.000  0.502  T  d0
  3394   1237.331  +0.098866  -0.112446  0.781  0.000  0.502  T  d0
  3395   1237.696  +0.055462  -0.091907  0.781  0.000  0.502  T  d0
  3396   1238.061  -0.000929  -0.069657  0.766  0.000  0.502  T  d3
  3397   1238.425  -0.125951  -0.041462  0.766  0.000  0.502  T  d0
  3398   1238.790  -0.130463  -0.021325  0.766  0.000  0.502  T  d0
  3399   1239.154  -0.137995  +0.012250  0.766  0.000  0.502  T  d0
  3400   1239.519  -0.070830  +0.043953  0.766  0.000  0.468  T  d0
  3401   1239.883  -0.012693  +0.020959  0.766  0.000  0.468  T  d0
  3402   1240.248  +0.008291  +0.172007  0.766  0.000  0.468  T  d0
  3403   1240.612  +0.052099  +0.129296  0.766  0.000  0.468  T  d0
  3404   1240.977  +0.007468  +0.050097  0.766  0.000  0.468  T  d3
  3405   1241.342  +0.077209  +0.005461  0.766  0.000  0.468  T  d0
  3406   1241.706  +0.100645  +0.009229  0.750  0.000  0.468  T  d0
  3407   1242.071  +0.111541  -0.087366  0.750  0.000  0.468  T  d0
  3408   1242.435  +0.098712  -0.084401  0.734  0.000  0.468  T  d0
  3409   1242.800  +0.002881  -0.015494  0.719  0.000  0.468  T  d0
  3410   1243.164  -0.002235  -0.104703  0.703  0.000  0.468  T  d3
  3411   1243.529  -0.153854  -0.079353  0.703  0.000  0.468  T  d0
  3412   1243.894  -0.166784  -0.023505  0.688  0.000  0.468  T  d0
  3413   1244.258  -0.079632  -0.013441  0.672  0.000  0.468  T  d0
  3414   1244.623  -0.076377  -0.024319  0.688  0.000  0.468  T  d3
  3415   1244.987  +0.007222  +0.116910  0.688  0.000  0.468  T  d3
  3416   1245.352  +0.111694  +0.097481  0.672  0.000  0.455  T  d0
  3417   1245.716  +0.038575  +0.142018  0.656  0.000  0.455  T  d3
  3418   1246.081  +0.064885  +0.018799  0.641  0.000  0.455  T  d0
  3419   1246.445  +0.084885  -0.019956  0.625  0.000  0.455  T  d3
  3420   1246.810  +0.002761  -0.083686  0.625  0.000  0.455  T  d0
  3421   1247.175  -0.025389  -0.068526  0.625  0.000  0.455  T  d1
  3422   1247.539  +0.039391  -0.061661  0.609  0.000  0.455  T  d3
  3423   1247.904  -0.068786  -0.030618  0.625  0.000  0.455  T  d0
  3424   1248.268  -0.040765  -0.018272  0.609  0.000  0.455  T  d3
  3425   1248.633  -0.083834  +0.065584  0.609  0.000  0.455  T  d0
  3426   1248.997  -0.023502  +0.048382  0.594  0.000  0.455  T  d0
  3427   1249.362  -0.004341  +0.052843  0.594  0.000  0.455  T  d3
  3428   1249.727  +0.037161  +0.015500  0.578  0.000  0.455  T  d0
  3429   1250.091  +0.062162  +0.024395  0.578  0.000  0.455  T  d0
  3430   1250.456  +0.057226  +0.004545  0.578  0.000  0.455  T  d0
  3431   1250.820  +0.113523  -0.017468  0.562  0.000  0.455  T  d0
  3432   1251.185  +0.032202  -0.023546  0.562  0.000  0.494  T  d3
  3433   1251.549  -0.022736  -0.070636  0.547  0.000  0.494  T  d0
  3434   1251.914  -0.068594  -0.062593  0.547  0.000  0.494  T  d0
  3435   1252.279  -0.067176  -0.054218  0.547  0.000  0.494  T  d0
  3436   1252.643  -0.043808  -0.041987  0.547  0.000  0.494  T  d3
  3437   1253.008  -0.067690  +0.003308  0.562  0.000  0.494  T  d3
  3438   1253.372  +0.009109  +0.085591  0.547  0.000  0.494  T  d0
  3439   1253.737  +0.025992  +0.057864  0.547  0.000  0.494  T  d1
  3440   1254.101  -0.078787  +0.078167  0.547  0.000  0.494  T  d3
  3441   1254.466  +0.063727  +0.046105  0.531  0.000  0.494  T  d3
  3442   1254.830  +0.001119  -0.001380  0.516  0.000  0.494  T  d0
  3443   1255.195  +0.007140  -0.021076  0.516  0.000  0.494  T  d1
  3444   1255.560  +0.060565  -0.001666  0.500  0.000  0.494  T  d3
  3445   1255.924  -0.001102  -0.003813  0.484  0.000  0.494  T  d0
  3446   1256.289  +0.014788  -0.037733  0.469  0.000  0.494  T  d0
  3447   1256.653  +0.023139  -0.023755  0.469  0.000  0.494  T  d3
  3448   1257.018  -0.013099  -0.010464  0.469  0.000  0.532  T  d2
  3449   1257.382  +0.005648  +0.015252  0.453  0.000  0.532  T  d2
  3450   1257.747  +0.001422  -0.017440  0.469  0.000  0.532  T  d1
  3451   1258.112  +0.037998  -0.011775  0.469  0.000  0.532  T  d0
  3452   1258.476  +0.002878  -0.000072  0.469  0.000  0.532  T  d0
  3453   1258.841  +0.010853  +0.002420  0.453  0.000  0.532  T  d3
  3454   1259.205  -0.000234  -0.051239  0.453  0.000  0.532  T  d0
  3455   1259.570  +0.018548  -0.039454  0.453  0.000  0.532  T  d3
  3456   1259.934  -0.088651  +0.031109  0.438  0.000  0.532  T  d0
  3457   1260.299  -0.083151  -0.026136  0.453  0.000  0.532  T  d3
  3458   1260.664  -0.039350  +0.051884  0.438  0.000  0.532  T  d0
  3459   1261.028  -0.047101  +0.009200  0.422  0.000  0.532  T  d2
  3460   1261.393  +0.015884  +0.000265  0.422  0.000  0.532  T  d1
  3461   1261.757  +0.017825  +0.047782  0.406  0.000  0.532  T  d0
  3462   1262.122  +0.035951  +0.099300  0.406  0.000  0.532  T  d3
  3463   1262.486  +0.103427  +0.045156  0.391  0.000  0.532  T  d0
  3464   1262.851  +0.006827  +0.017360  0.391  0.000  0.541  T  d3
  3465   1263.215  +0.009550  -0.010684  0.391  0.000  0.541  T  d0
  3466   1263.580  +0.057744  -0.082420  0.375  0.000  0.541  T  d0
  3467   1263.945  +0.016086  -0.108506  0.359  0.000  0.541  T  d0
  3468   1264.309  -0.031247  -0.047936  0.344  0.000  0.541  T  d0
  3469   1264.674  -0.006119  -0.020562  0.344  0.000  0.541  T  d3
  3470   1265.038  -0.030532  -0.004328  0.344  0.000  0.541  T  d0
  3471   1265.403  -0.023494  +0.006571  0.328  0.000  0.541  T  d0
  3472   1265.767  -0.061759  +0.036510  0.328  0.000  0.541  T  d3
  3473   1266.132  +0.030836  +0.032395  0.328  0.000  0.541  T  d1
  3474   1266.497  -0.013086  +0.009807  0.344  0.000  0.541  T  d3
  3475   1266.861  -0.005720  +0.042346  0.328  0.000  0.541  T  d2
  3476   1267.226  +0.016439  -0.029158  0.344  0.000  0.541  T  d1
  3477   1267.590  +0.012352  +0.034280  0.344  0.000  0.541  T  d2
  3478   1267.955  -0.016047  -0.030050  0.328  0.000  0.541  T  d1
  3479   1268.319  +0.012303  -0.005848  0.328  0.000  0.541  T  d2
  3480   1268.684  -0.036492  +0.034248  0.328  0.000  0.562  T  d3
  3481   1269.048  +0.028747  +0.009866  0.328  0.000  0.562  T  d0
  3482   1269.413  +0.010439  -0.003142  0.328  0.000  0.562  T  d0
  3483   1269.778  +0.042075  -0.032846  0.328  0.000  0.562  T  d3
  3484   1270.142  -0.017434  -0.012417  0.312  0.000  0.562  T  d3
  3485   1270.507  -0.051424  +0.019660  0.297  0.000  0.562  T  d2
  3486   1270.871  +0.052380  +0.011115  0.312  0.000  0.562  T  d3
  3487   1271.236  +0.023342  -0.045917  0.297  0.000  0.562  T  d3
  3488   1271.600  -0.036177  +0.005529  0.297  0.000  0.562  T  d0
  3489   1271.965  -0.028372  +0.020270  0.281  0.000  0.562  T  d2
  3490   1272.330  +0.040242  -0.012187  0.297  0.000  0.562  T  d2
  3491   1272.694  -0.022461  +0.010994  0.281  0.000  0.562  T  d2
  3492   1273.059  +0.011530  -0.021677  0.281  0.000  0.562  T  d2
  3493   1273.423  -0.003751  +0.001863  0.281  0.000  0.562  T  d0
  3494   1273.788  -0.025628  +0.029136  0.266  0.000  0.562  T  d2
  3495   1274.152  +0.014013  -0.007092  0.266  0.000  0.562  T  d0
  3496   1274.517  +0.021378  +0.004380  0.250  0.000  0.528  T  d2
  3497   1274.882  -0.032572  -0.022723  0.250  0.000  0.528  T  d2
  3498   1275.246  +0.023541  +0.016703  0.234  0.000  0.528  T  d2
  3499   1275.611  -0.023135  -0.008156  0.219  0.000  0.528  T  d3
  3500   1275.975  -0.001077  +0.037333  0.203  0.000  0.528  T  d3
  3501   1276.340  +0.042292  -0.034222  0.188  0.000  0.528  T  d2
  3502   1276.704  -0.031533  +0.036519  0.203  0.000  0.528  T  d2
  3503   1277.069  +0.025924  -0.038922  0.188  0.000  0.528  T  d1
  3504   1277.433  +0.003262  +0.004882  0.172  0.000  0.528  T  d2
  3505   1277.798  -0.007243  -0.007422  0.172  0.000  0.528  T  d0
  3506   1278.163  -0.011456  -0.033305  0.172  0.000  0.528  T  d3
  3507   1278.527  -0.018222  +0.029808  0.172  0.000  0.528  T  d0
  3508   1278.892  -0.018461  +0.025159  0.188  0.000  0.528  T  d3
  3509   1279.256  +0.027583  +0.010703  0.188  0.000  0.528  T  d3
  3510   1279.621  +0.014249  -0.018156  0.203  0.000  0.528  T  d0
  3511   1279.985  +0.027670  -0.015580  0.219  0.000  0.528  T  d2
  3512   1280.350  -0.062866  +0.005485  0.219  0.000  0.485  T  d3
  3513   1280.715  +0.012134  +0.036624  0.234  0.000  0.485  T  d3
  3514   1281.079  +0.054977  -0.033494  0.234  0.000  0.485  T  d3
  3515   1281.444  -0.015736  -0.019508  0.234  0.000  0.485  T  d3
  3516   1281.808  -0.042451  +0.021746  0.250  0.000  0.485  T  d2
  3517   1282.173  +0.018612  -0.001446  0.250  0.000  0.485  T  d0
  3518   1282.537  +0.011854  -0.006812  0.266  0.000  0.485  T  d2
  3519   1282.902  -0.019138  +0.001938  0.266  0.000  0.485  T  d1
  3520   1283.266  +0.017844  -0.028258  0.281  0.000  0.485  T  d2
  3521   1283.631  -0.031730  +0.034499  0.266  0.000  0.485  T  d0
  3522   1283.996  -0.005840  +0.001063  0.281  0.000  0.485  T  d2
  3523   1284.360  +0.025803  +0.006749  0.297  0.000  0.485  T  d2
  3524   1284.725  -0.014252  -0.013500  0.312  0.000  0.485  T  d3
  3525   1285.089  -0.009522  +0.009616  0.328  0.000  0.485  T  d3
  3526   1285.454  +0.022816  +0.001105  0.328  0.000  0.485  T  d2
  3527   1285.818  -0.039509  +0.032122  0.344  0.000  0.485  T  d2
  3528   1286.183  +0.065352  -0.005153  0.344  0.000  0.481  T  d2
  3529   1286.548  -0.011246  +0.006226  0.359  0.000  0.481  T  d2
  3530   1286.912  +0.020744  +0.001976  0.375  0.000  0.481  T  d3
  3531   1287.277  +0.020730  -0.036240  0.391  0.000  0.481  T  d1
  3532   1287.641  +0.008860  +0.003195  0.406  0.000  0.481  T  d3
  3533   1288.006  -0.009342  -0.040005  0.422  0.000  0.481  T  d0
  3534   1288.370  +0.001497  -0.019094  0.438  0.000  0.481  T  d3
  3535   1288.735  -0.043349  +0.018670  0.453  0.000  0.481  T  d1
  3536   1289.100  +0.003905  -0.017458  0.469  0.000  0.481  T  d3
  3537   1289.464  -0.012741  -0.005451  0.484  0.000  0.481  T  d1
  3538   1289.829  +0.012482  -0.032108  0.484  0.000  0.481  T  d3
  3539   1290.193  -0.068998  -0.015203  0.500  0.000  0.481  T  d0
  3540   1290.558  -0.073850  +0.045590  0.500  0.000  0.481  T  d3
  3541   1290.922  +0.006320  +0.018028  0.516  0.000  0.481  T  d0
  3542   1291.287  -0.000587  +0.011771  0.531  0.000  0.481  T  d0
  3543   1291.651  -0.070140  +0.071357  0.531  0.000  0.481  T  d3
  3544   1292.016  +0.019925  +0.083830  0.547  0.000  0.451  T  d0
  3545   1292.381  +0.066637  +0.088913  0.562  0.000  0.451  T  d0
  3546   1292.745  +0.058167  +0.053990  0.562  0.000  0.451  T  d0
  3547   1293.110  +0.120050  +0.124851  0.578  0.000  0.451  T  d0
  3548   1293.474  +0.244943  +0.080459  0.594  0.000  0.451  T  d3
  3549   1293.839  +0.104157  -0.088376  0.609  0.000  0.451  T  d0
  3550   1294.203  +0.756858  -1.323769  0.609  0.000  0.451  T  d3
  3551   1294.568  -1.054961  +0.155805  0.625  0.000  0.451  T  d0
  3552   1294.933  -0.657271  +0.475189  0.641  0.000  0.451  T  d3
  3553   1295.297  +0.127692  +0.092935  0.656  0.000  0.451  T  d0
  3554   1295.662  +0.064707  +0.218631  0.641  0.000  0.451  T  d0
  3555   1296.026  +0.088653  +0.070708  0.656  0.000  0.451  T  d0
  3556   1296.391  +0.096866  +0.075489  0.656  0.000  0.451  T  d0
  3557   1296.755  +0.069928  +0.019752  0.672  0.000  0.451  T  d0
  3558   1297.120  +0.073852  -0.006288  0.672  0.000  0.451  T  d0
  3559   1297.485  +0.044314  -0.017967  0.672  0.000  0.451  T  d0
  3560   1297.849  +0.035306  -0.040329  0.672  0.000  0.442  T  d0
  3561   1298.214  +0.016273  -0.033116  0.688  0.000  0.442  T  d0
  3562   1298.578  +0.002723  -0.042959  0.688  0.000  0.442  T  d0
  3563   1298.943  -0.003876  -0.028056  0.688  0.000  0.442  T  d0
  3564   1299.307  -0.017927  -0.029595  0.688  0.000  0.442  T  d0
  3565   1299.672  -0.013634  -0.014945  0.703  0.000  0.442  T  d0
  3566   1300.036  -0.023172  -0.008438  0.688  0.000  0.442  T  d0
  3567   1300.401  -0.014078  -0.003161  0.688  0.000  0.442  T  d0
  3568   1300.766  -0.017688  +0.006757  0.688  0.000  0.442  T  d0
  3569   1301.130  -0.009593  +0.006068  0.688  0.000  0.442  T  d0
  3570   1301.495  -0.007609  +0.012625  0.703  0.000  0.442  T  d0
  3571   1301.859  -0.002942  +0.008290  0.703  0.000  0.442  T  d0
  3572   1302.224  +0.000018  +0.012592  0.688  0.000  0.442  T  d0
  3573   1302.588  +0.001207  +0.006255  0.688  0.000  0.442  T  d0
  3574   1302.953  +0.005709  +0.008497  0.672  0.000  0.442  T  d0
  3575   1303.318  +0.002972  +0.003557  0.656  0.000  0.442  T  d0
  3576   1303.682  +0.007392  +0.002027  0.672  0.000  0.451  T  d0
  3577   1304.047  +0.003132  +0.001256  0.656  0.000  0.451  T  d3
  3578   1304.411  +0.005657  -0.002732  0.656  0.000  0.451  T  d0
  3579   1304.776  +0.002463  -0.002329  0.641  0.000  0.451  T  d0
  3580   1305.140  +0.001291  -0.003297  0.641  0.000  0.451  T  d0
  3581   1305.505  +0.001290  -0.002398  0.641  0.000  0.451  T  d0
  3582   1305.869  -0.000627  -0.003993  0.625  0.000  0.451  T  d0
  3583   1306.234  -0.000694  -0.001080  0.641  0.000  0.451  T  d0
  3584   1306.599  -0.001743  -0.002067  0.625  0.000  0.451  T  d0
  3585   1306.963  -0.000132  -0.000906  0.625  0.000  0.451  T  d3
  3586   1307.328  -0.002348  -0.000459  0.609  0.000  0.451  T  d0
  3587   1307.692  -0.000886  -0.000573  0.594  0.000  0.451  T  d3
  3588   1308.057  -0.001173  +0.001228  0.594  0.000  0.451  T  d0
  3589   1308.421  -0.000823  +0.000397  0.578  0.000  0.451  T  d3
  3590   1308.786  +0.000054  +0.001015  0.562  0.000  0.451  T  d1
  3591   1309.151  -0.000566  -0.000114  0.547  0.000  0.451  T  d3
  3592   1309.515  +0.000104  +0.001795  0.531  0.000  0.451  T  d0
  3593   1309.880  -0.000066  +0.000253  0.516  0.000  0.451  T  d3
  3594   1310.244  +0.001445  +0.000390  0.516  0.000  0.451  T  d2
  3595   1310.609  -0.000760  -0.000019  0.500  0.000  0.451  T  d2
  3596   1310.973  +0.000678  +0.000073  0.484  0.000  0.451  T  d0
  3597   1311.338  +0.000285  +0.000315  0.469  0.000  0.451  T  d3
  3598   1311.703  +0.000232  -0.000533  0.453  0.000  0.451  T  d2
  3599   1312.067  -0.000130  +0.000596  0.438  0.000  0.451  T  d2
  3600   1312.432  +0.000668  -0.000774  0.422  0.000  0.451  T  d3
  3601   1312.796  -0.000138  -0.000064  0.406  0.000  0.451  T  d0
  3602   1313.161  -0.000237  -0.000051  0.391  0.000  0.451  T  d1
  3603   1313.525  +0.000421  -0.000410  0.375  0.000  0.451  T  d2
  3604   1313.890  -0.000828  +0.000042  0.359  0.000  0.451  T  d2
  3605   1314.254  +0.000701  -0.000029  0.344  0.000  0.451  T  d2
  3606   1314.619  -0.000637  -0.000091  0.328  0.000  0.451  T  d3
  3607   1314.984  +0.000246  +0.000351  0.312  0.000  0.451  T  d0
  3608   1315.348  +0.000071  +0.000014  0.297  0.000  0.489  T  d3
  3609   1315.713  +0.000038  -0.000622  0.281  0.000  0.489  T  d0
  3610   1316.077  -0.000091  -0.000136  0.281  0.000  0.489  T  d3
  3611   1316.442  -0.000542  +0.000321  0.281  0.000  0.489  T  d0
  3612   1316.806  -0.000267  +0.000421  0.266  0.000  0.489  T  d2
  3613   1317.171  +0.000779  -0.000257  0.266  0.000  0.489  T  d2
  3614   1317.536  -0.000471  +0.000346  0.250  0.000  0.489  T  d0
  3615   1317.900  -0.000053  +0.000135  0.234  0.000  0.489  T  d3
  3616   1318.265  +0.000468  +0.000114  0.219  0.000  0.489  T  d3
  3617   1318.629  +0.000078  -0.000339  0.203  0.000  0.489  T  d2
  3618   1318.994  +0.000131  +0.000238  0.203  0.000  0.489  T  d2
  3619   1319.358  -0.000056  -0.000357  0.188  0.000  0.489  T  d0
  3620   1319.723  +0.000316  -0.000507  0.188  0.000  0.489  T  d2
  3621   1320.087  -0.000717  +0.000378  0.172  0.000  0.489  T  d3
  3622   1320.452  +0.000135  +0.000336  0.172  0.000  0.489  T  d2
  3623   1320.817  -0.000175  -0.000755  0.172  0.000  0.489  T  d2
  3624   1321.181  -0.000250  +0.000464  0.172  0.000  0.554  T  d3
  3625   1321.546  +0.000196  +0.000369  0.156  0.000  0.554  T  d0
  3626   1321.910  +0.000499  +0.000489  0.172  0.000  0.554  T  d2
  3627   1322.275  -0.000092  -0.000887  0.172  0.000  0.554  T  d1
  3628   1322.639  +0.000167  -0.000008  0.172  0.000  0.554  T  d2
  3629   1323.004  -0.000318  +0.000058  0.172  0.000  0.554  T  d3
  3630   1323.369  +0.000006  +0.000208  0.172  0.000  0.554  T  d2
  3631   1323.733  -0.000079  -0.000578  0.172  0.000  0.554  T  d2
  3632   1324.098  +0.000080  +0.000592  0.172  0.000  0.554  T  d2
  3633   1324.462  -0.000309  -0.000280  0.172  0.000  0.554  T  d2
  3634   1324.827  +0.000172  +0.000535  0.156  0.000  0.554  T  d3
  3635   1325.191  +0.000414  +0.000019  0.172  0.000  0.554  T  d3
  3636   1325.556  -0.000058  -0.000648  0.172  0.000  0.554  T  d2
  3637   1325.921  -0.000060  +0.000101  0.172  0.000  0.554  T  d1
  3638   1326.285  -0.000303  +0.000008  0.172  0.000  0.554  T  d2
  3639   1326.650  +0.000349  +0.000026  0.172  0.000  0.554  T  d1
  3640   1327.014  -0.000422  +0.000543  0.156  0.000  0.571  T  d2
  3641   1327.379  +0.000161  -0.000854  0.156  0.000  0.571  T  d2
  3642   1327.743  +0.000119  +0.000197  0.141  0.000  0.571  T  d0
  3643   1328.108  +0.000307  +0.000580  0.141  0.000  0.571  T  d2
  3644   1328.472  -0.000670  -0.000493  0.125  0.000  0.571  T  d0
  3645   1328.837  -0.000062  -0.000094  0.141  0.000  0.571  T  d2
  3646   1329.202  +0.000557  +0.000436  0.141  0.000  0.571  T  d2
  3647   1329.566  -0.000256  -0.000094  0.125  0.000  0.571  T  d1
  3648   1329.931  -0.000071  -0.000165  0.125  0.000  0.571  T  d1
  3649   1330.295  +0.000595  -0.000103  0.125  0.000  0.571  T  d2
  3650   1330.660  -0.000662  +0.000596  0.125  0.000  0.571  T  d2
  3651   1331.024  +0.000167  -0.000720  0.141  0.000  0.571  T  d2
  3652   1331.389  +0.000123  +0.000254  0.125  0.000  0.571  T  d2
  3653   1331.754  -0.000177  -0.000191  0.125  0.000  0.571  T  d3
  3654   1332.118  -0.000058  +0.000198  0.125  0.000  0.571  T  d3
  3655   1332.483  +0.000201  +0.000363  0.125  0.000  0.571  T  d2
  3656   1332.847  -0.000253  -0.000260  0.125  0.000  0.532  T  d1
  3657   1333.212  +0.000178  -0.000088  0.125  0.000  0.532  T  d0
  3658   1333.576  +0.000544  +0.000093  0.125  0.000  0.532  T  d2
  3659   1333.941  -0.000708  -0.000048  0.125  0.000  0.532  T  d2
  3660   1334.306  +0.000489  +0.000034  0.125  0.000  0.532  T  d0
  3661   1334.670  +0.000138  -0.000088  0.141  0.000  0.532  T  d3
  3662   1335.035  -0.000610  -0.000639  0.141  0.000  0.532  T  d3
  3663   1335.399  -0.000143  +0.000479  0.141  0.000  0.532  T  d2
  3664   1335.764  +0.000115  -0.000112  0.141  0.000  0.532  T  d1
  3665   1336.128  +0.000046  +0.000681  0.141  0.000  0.532  T  d2
  3666   1336.493  +0.000082  -0.000204  0.141  0.000  0.532  T  d0
  3667   1336.857  +0.000128  -0.000356  0.141  0.000  0.532  T  d2
  3668   1337.222  -0.000284  +0.000339  0.141  0.000  0.532  T  d2
  3669   1337.587  +0.000294  -0.000078  0.141  0.000  0.532  T  d3
  3670   1337.951  +0.000051  -0.000121  0.156  0.000  0.532  T  d2
  3671   1338.316  -0.000079  +0.000344  0.156  0.000  0.532  T  d2
  3672   1338.680  -0.000169  -0.000411  0.156  0.000  0.506  T  d1
  3673   1339.045  +0.000476  +0.000010  0.156  0.000  0.506  T  d1
  3674   1339.409  -0.000028  +0.000208  0.156  0.000  0.506  T  d1
  3675   1339.774  -0.000568  -0.000696  0.141  0.000  0.506  T  d2
  3676   1340.139  +0.000100  +0.000446  0.141  0.000  0.506  T  d0
  3677   1340.503  -0.000014  +0.000375  0.125  0.000  0.506  T  d2
  3678   1340.868  +0.000001  -0.000004  0.125  0.158  0.506  P  d1
  3679   1341.232  +0.000338  -0.000026  0.125  0.158  0.506  P  d3
  3680   1341.597  +0.000237  -0.000385  0.125  0.158  0.506  P  d3
  3681   1341.961  -0.000327  -0.000181  0.125  0.158  0.506  P  d3
  3682   1342.326  -0.000310  +0.000298  0.125  0.158  0.506  P  d0
  3683   1342.690  -0.000117  +0.000086  0.125  0.158  0.506  P  d2
  3684   1343.055  +0.000475  +0.000043  0.125  0.158  0.506  P  d1
  3685   1343.420  -0.000005  +0.000087  0.125  0.158  0.506  P  d2
  3686   1343.784  -0.000009  -0.000326  0.125  0.158  0.506  P  d2
  3687   1344.149  +0.000001  +0.000059  0.141  0.158  0.506  P  d2
  3688   1344.513  -0.000227  -0.000449  0.141  0.158  0.442  P  d3
  3689   1344.878  -0.000455  +0.000530  0.141  0.158  0.442  P  d0
  3690   1345.242  -0.000030  +0.000539  0.125  0.273  0.442  P  d3
  3691   1345.607  +0.000794  +0.000190  0.125  0.273  0.442  P  d3
  3692   1345.972  +0.000452  -0.000525  0.125  0.273  0.442  P  d0
  3693   1346.336  +0.000030  -0.000406  0.125  0.273  0.442  P  d3
  3694   1346.701  -0.000774  -0.000355  0.125  0.273  0.442  P  d2
  3695   1347.065  +0.000325  +0.000342  0.141  0.273  0.442  P  d2
  3696   1347.430  -0.000695  -0.000108  0.156  0.273  0.442  P  d2
  3697   1347.794  +0.000149  -0.000099  0.172  0.273  0.442  P  d1
  3698   1348.159  -0.000164  +0.000873  0.188  0.273  0.442  P  d2
  3699   1348.524  +0.000191  -0.000287  0.188  0.273  0.442  P  d1
  3700   1348.888  +0.000351  +0.000432  0.203  0.273  0.442  P  d3
  3701   1349.253  +0.000109  -0.000380  0.219  0.273  0.442  P  d0
  3702   1349.617  +0.000027  -0.000426  0.234  0.345  0.442  P  d2
  3703   1349.982  -0.000264  +0.000385  0.250  0.345  0.442  P  d3
  3704   1350.346  +0.000332  -0.000018  0.266  0.345  0.429  P  d2
  3705   1350.711  -0.000243  +0.000063  0.281  0.345  0.429  P  d2
  3706   1351.075  +0.000243  -0.000061  0.297  0.345  0.429  P  d3
  3707   1351.440  +0.000059  -0.000345  0.312  0.345  0.429  P  d2
  3708   1351.805  +0.000090  +0.000158  0.328  0.345  0.429  P  d2
  3709   1352.169  -0.000106  -0.000436  0.328  0.345  0.429  P  d2
  3710   1352.534  -0.000002  +0.000084  0.344  0.345  0.429  P  d2
  3711   1352.898  -0.000537  -0.000609  0.359  0.345  0.429  P  d2
  3712   1353.263  +0.000141  +0.000491  0.375  0.345  0.429  P  d1
  3713   1353.627  -0.000499  +0.000151  0.391  0.345  0.429  P  d1
  3714   1353.992  -0.000391  -0.000339  0.406  0.401  0.429  P  d3
  3715   1354.357  -0.000403  +0.000612  0.406  0.401  0.429  P  d3
  3716   1354.721  +0.000620  +0.000868  0.422  0.401  0.429  P  d2
  3717   1355.086  -0.000211  -0.000181  0.438  0.401  0.429  P  d2
  3718   1355.450  +0.000247  +0.000465  0.453  0.401  0.429  P  d0
  3719   1355.815  +0.000766  +0.000511  0.469  0.401  0.429  P  d3
  3720   1356.179  +0.000105  -0.000338  0.484  0.401  0.511  P  d1
  3721   1356.544  +0.000222  -0.000052  0.500  0.401  0.511  P  d1
  3722   1356.908  +0.000253  +0.000400  0.500  0.401  0.511  P  d3
  3723   1357.273  +0.001168  +0.000077  0.516  0.401  0.511  P  d3
  3724   1357.638  +0.000621  -0.000781  0.531  0.401  0.511  P  d0
  3725   1358.002  +0.000678  -0.001204  0.531  0.401  0.511  P  d3
  3726   1358.367  -0.000237  -0.000586  0.547  0.445  0.511  P  d0
  3727   1358.731  -0.000076  -0.001066  0.562  0.445  0.511  P  d0
  3728   1359.096  -0.000470  -0.001359  0.578  0.445  0.511  P  d0
  3729   1359.460  -0.000620  -0.000727  0.594  0.445  0.511  P  d0
  3730   1359.825  -0.001633  -0.001299  0.609  0.445  0.511  P  d0
  3731   1360.190  -0.001880  -0.000606  0.625  0.445  0.511  P  d0
  3732   1360.554  -0.002053  +0.000483  0.625  0.445  0.511  P  d0
  3733   1360.919  -0.002243  +0.001143  0.625  0.445  0.511  P  d0
  3734   1361.283  -0.002163  +0.001529  0.609  0.445  0.511  P  d0
  3735   1361.648  -0.001706  +0.002420  0.609  0.445  0.511  P  d0
  3736   1362.012  -0.000967  +0.003542  0.609  0.445  0.579  P  d0
  3737   1362.377  -0.000335  +0.004740  0.609  0.445  0.579  P  d0
  3738   1362.742  +0.002492  +0.004309  0.609  0.465  0.579  P  d0
  3739   1363.106  +0.003929  +0.003965  0.609  0.465  0.579  P  d0
  3740   1363.471  +0.004738  +0.003220  0.609  0.465  0.579  P  d0
  3741   1363.835  +0.006717  +0.001738  0.609  0.465  0.579  P  d0
  3742   1364.200  +0.008317  -0.000784  0.609  0.465  0.579  P  d0
  3743   1364.564  +0.008686  -0.003632  0.609  0.465  0.579  P  d0
  3744   1364.929  +0.007870  -0.007059  0.609  0.465  0.579  P  d0
  3745   1365.293  +0.006035  -0.010240  0.609  0.465  0.579  P  d0
  3746   1365.658  +0.002527  -0.013621  0.609  0.465  0.579  P  d0
  3747   1366.023  -0.001341  -0.015391  0.609  0.465  0.579  P  d0
  3748   1366.387  -0.007530  -0.016268  0.609  0.465  0.579  P  d0
  3749   1366.752  -0.013798  -0.014818  0.609  0.465  0.579  P  d0
  3750   1367.116  -0.020219  -0.010337  0.609  0.473  0.579  P  d0
  3751   1367.481  -0.025354  -0.005903  0.594  0.473  0.579  P  d0
  3752   1367.845  -0.030400  +0.003821  0.594  0.473  0.631  P  d0
  3753   1368.210  -0.031370  +0.015598  0.594  0.473  0.631  P  d0
  3754   1368.575  -0.028064  +0.027095  0.594  0.473  0.631  P  d0
  3755   1368.939  -0.021373  +0.040871  0.594  0.473  0.631  P  d0
  3756   1369.304  -0.008445  +0.051320  0.594  0.473  0.631  P  d0
  3757   1369.668  +0.009841  +0.059606  0.578  0.473  0.631  P  d0
  3758   1370.033  +0.031388  +0.060637  0.578  0.473  0.631  P  d0
  3759   1370.397  +0.056153  +0.057296  0.562  0.473  0.631  P  d0
  3760   1370.762  +0.079766  +0.038642  0.547  0.473  0.631  P  d0
  3761   1371.127  +0.100976  +0.028722  0.531  0.473  0.631  P  d0
  3762   1371.491  +0.137775  +0.012508  0.516  0.471  0.631  P  d0
  3763   1371.856  +0.227479  -0.070061  0.500  0.471  0.631  P  d3
  3764   1372.220  +0.132399  -0.296151  0.484  0.471  0.631  P  d3
  3765   1372.585  -0.114555  -0.108111  0.469  0.471  0.631  P  d1
  3766   1372.949  +0.448775  -0.014951  0.453  0.471  0.631  P  d3
  3767   1373.314  +0.426311  -1.378382  0.438  0.471  0.631  P  d3
  3768   1373.678  -2.090515  -1.597200  0.422  0.471  0.695  P  d3
  3769   1374.043  -2.829200  +2.057750  0.406  0.471  0.695  P  d3
  3770   1374.408  +1.405223  +3.414744  0.391  0.471  0.695  P  d3
  3771   1374.772  +2.946472  -0.967709  0.375  0.471  0.695  P  d3
  3772   1375.137  -1.335463  -2.106018  0.359  0.471  0.695  P  d3
  3773   1375.501  -1.603335  +2.357239  0.344  0.471  0.695  P  d3
  3774   1375.866  +3.135483  +1.789268  0.328  0.469  0.695  P  d3
  3775   1376.230  +2.019726  -3.171769  0.312  0.469  0.695  P  d3
  3776   1376.595  -2.688484  -1.594875  0.297  0.469  0.695  P  d3
  3777   1376.960  -0.548977  +2.498848  0.281  0.469  0.695  P  d3
  3778   1377.324  +3.025055  -0.374663  0.266  0.469  0.695  P  d3
  3779   1377.689  -0.660435  -3.690738  0.250  0.469  0.695  P  d3
  3780   1378.053  -3.588760  +0.342492  0.234  0.469  0.695  P  d3
  3781   1378.418  +0.364715  +2.752645  0.219  0.469  0.695  P  d3
  3782   1378.782  +1.850414  -1.210055  0.203  0.469  0.695  P  d3
  3783   1379.147  -2.277653  -1.948687  0.188  0.469  0.695  P  d3
  3784   1379.511  -3.038267  +2.419148  0.172  0.469  0.773  P  d3
  3785   1379.876  +0.923855  +4.042243  0.156  0.469  0.773  P  d3
  3786   1380.241  +3.822041  +1.551798  0.141  0.454  0.773  P  d3
  3787   1380.605  +3.514784  -2.210655  0.125  0.454  0.773  P  d3
  3788   1380.970  -0.322662  -3.951422  0.109  0.454  0.773  P  d3
  3789   1381.334  -3.134674  -0.524404  0.094  0.454  0.773  P  d3
  3790   1381.699  +0.068931  +2.281047  0.078  0.454  0.773  P  d3
  3791   1382.063  +2.245392  -1.306108  0.062  0.454  0.773  P  d3
  3792   1382.428  -1.988994  -2.876668  0.047  0.454  0.773  P  d3
  3793   1382.793  -3.286304  +1.935997  0.031  0.454  0.773  P  d3
  3794   1383.157  +1.644267  +2.722034  0.016  0.454  0.773  P  d3
  3795   1383.522  +1.732599  -1.880069  0.000  0.454  0.773  P  d3
  3796   1383.886  -2.781175  -1.069771  0.000  0.454  0.773  P  d3
  3797   1384.251  -1.075576  +3.542147  0.000  0.454  0.773  P  d3
  3798   1384.615  +3.490474  +1.300409  0.000  0.429  0.773  P  d3
  3799   1384.980  +0.991651  -2.811600  0.000  0.429  0.773  P  d3
  3800   1385.345  -2.319519  +0.017031  0.000  0.429  0.910  P  d3
  3801   1385.709  +0.955030  +2.619733  0.000  0.429  0.910  P  d3
  3802   1386.074  +3.482993  -0.946239  0.000  0.429  0.910  P  d3
  3803   1386.438  +0.270294  -3.933993  0.000  0.429  0.910  P  d3
  3804   1386.803  -3.207871  -2.069567  0.000  0.429  0.910  P  d3
  3805   1387.167  -3.475262  +1.423141  0.000  0.429  0.910  P  d3
  3806   1387.532  -0.762424  +3.663391  0.000  0.429  0.910  P  d3
  3807   1387.896  +2.681373  +2.598327  0.000  0.429  0.910  P  d3
  3808   1388.261  +3.482612  -0.892186  0.000  0.429  0.910  P  d3
  3809   1388.626  +1.226463  -3.389230  0.000  0.429  0.910  P  d3
  3810   1388.990  -2.526318  -2.896601  0.000  0.385  0.910  P  d3
  3811   1389.355  -3.628670  +1.260474  0.000  0.385  0.910  P  d3
  3812   1389.719  +0.319762  +3.266634  0.000  0.385  0.910  P  d3
  3813   1390.084  +2.286343  -0.339944  0.000  0.385  0.910  P  d3
  3814   1390.448  -1.291831  -1.602608  0.000  0.385  0.910  P  d3
  3815   1390.813  -1.947066  +2.366927  0.000  0.385  0.910  P  d3
  3816   1391.178  +2.421043  +3.130321  0.000  0.385  0.979  P  d3
  3817   1391.542  +4.041945  -0.931409  0.000  0.385  0.979  P  d3
  3818   1391.907  +1.538055  -3.684969  0.000  0.385  0.979  P  d3
  3819   1392.271  -2.111127  -3.445624  0.000  0.385  0.979  P  d3
  3820   1392.636  -3.839328  +0.253317  0.000  0.385  0.979  P  d3
  3821   1393.000  -0.509471  +3.050891  0.000  0.385  0.979  P  d3
  3822   1393.365  +2.248089  -0.108309  0.000  0.329  0.979  P  d3
  3823   1393.729  -1.327824  -2.308332  0.000  0.329  0.979  P  d3
  3824   1394.094  -2.963238  +1.998992  0.000  0.329  0.979  P  d3
  3825   1394.459  +1.878714  +3.294266  0.000  0.329  0.979  P  d3
  3826   1394.823  +2.722349  -1.648543  0.000  0.329  0.979  P  d3
  3827   1395.188  -2.002857  -1.732879  0.000  0.329  0.979  P  d3
  3828   1395.552  -1.159166  +2.881127  0.000  0.329  0.979  P  d3
  3829   1395.917  +3.473197  +1.210818  0.000  0.329  0.979  P  d3
  3830   1396.281  +1.284343  -3.338363  0.000  0.329  0.979  P  d3
  3831   1396.646  -2.834159  -0.729755  0.000  0.329  0.979  P  d3
  3832   1397.011  +0.292693  +2.695783  0.000  0.329  1.000  P  d3
  3833   1397.375  +3.111533  -1.028483  0.000  0.329  1.000  P  d3
  3834   1397.740  -1.200905  -3.467889  0.000  0.248  1.000  P  d3
  3835   1398.104  -3.080602  +1.100848  0.000  0.248  1.000  P  d3
  3836   1398.469  +1.432206  +2.326152  0.000  0.248  1.000  P  d3
  3837   1398.833  +1.808232  -2.307491  0.000  0.248  1.000  P  d3
  3838   1399.198  -3.016719  -1.841020  0.000  0.248  1.000  P  d3
  3839   1399.563  -1.954640  +3.058925  0.000  0.248  1.000  P  d3
  3840   1399.927  +2.725841  +1.494583  0.000  0.248  1.000  P  d3
  3841   1400.292  +0.524073  -2.683543  0.000  0.248  1.000  P  d3
  3842   1400.656  -3.190325  +0.268312  0.000  0.248  1.000  P  d3
  3843   1401.021  +0.467686  +3.635099  0.000  0.248  1.000  P  d3
  3844   1401.385  +3.438478  -0.389653  0.000  0.248  1.000  P  d3
  3845   1401.750  -0.737365  -2.756098  0.000  0.248  1.000  P  d3
  3846   1402.114  -2.276928  +1.634666  0.000  0.123  1.000  P  d3
  3847   1402.479  +2.406380  +2.343020  0.000  0.123  1.000  P  d3
  3848   1402.844  +2.568605  -2.593581  0.000  0.123  1.000  P  d3
  3849   1403.208  -2.351305  -2.153791  0.000  0.123  1.000  P  d3
  3850   1403.573  -1.259012  +2.365635  0.000  0.123  1.000  P  d3
  3851   1403.937  +2.990276  +0.477681  0.000  0.123  1.000  P  d3
  3852   1404.302  +0.284985  -3.625518  0.000  0.123  1.000  P  d3
  3853   1404.666  -3.586425  -0.383026  0.000  0.123  1.000  P  d3
  3854   1405.031  -0.062705  +2.990873  0.000  0.123  1.000  P  d3
  3855   1405.396  +2.545911  -0.895483  0.000  0.123  1.000  P  d3
  3856   1405.760  -1.847857  -2.741319  0.000  0.123  1.000  P  d3
  3857   1406.125  -3.137069  +2.125458  0.000  0.123  1.000  P  d3
  3858   1406.489  +1.765217  +2.933679  0.000  0.000  1.000  T  d3
  3859   1406.854  +1.988321  -1.598139  0.000  0.000  1.000  T  d3
  3860   1407.218  -2.174921  -1.008945  0.000  0.000  1.000  T  d3
  3861   1407.583  -0.979445  +3.044854  0.000  0.000  1.000  T  d3
  3862   1407.948  +3.196241  +2.021771  0.000  0.000  1.000  T  d3
  3863   1408.312  +3.333971  -2.000918  0.000  0.000  1.000  T  d3
  3864   1408.677  +0.118141  -3.799445  0.000  0.000  1.000  T  d3
  3865   1409.041  -2.967409  -2.257647  0.000  0.000  1.000  T  d3
  3866   1409.406  -3.487191  +1.315360  0.000  0.000  1.000  T  d3
  3867   1409.770  -0.604609  +3.486902  0.000  0.000  1.000  T  d3
  3868   1410.135  +2.561422  +2.237206  0.000  0.000  1.000  T  d3
  3869   1410.499  +3.217168  -1.027437  0.000  0.000  1.000  T  d3
  3870   1410.864  +0.750031  -3.392954  0.000  0.000  1.000  T  d3
  3871   1411.229  -2.653690  -2.328249  0.000  0.000  1.000  T  d3
  3872   1411.593  -3.271966  +1.083482  0.000  0.000  1.000  T  d3
  3873   1411.958  -0.846024  +3.377418  0.000  0.000  1.000  T  d3
  3874   1412.322  +2.490130  +2.574550  0.000  0.000  1.000  T  d3
  3875   1412.687  +3.587485  -0.893307  0.000  0.000  1.000  T  d3
  3876   1413.051  +1.088288  -3.482994  0.000  0.000  1.000  T  d3
  3877   1413.416  -2.308887  -2.860252  0.000  0.000  1.000  T  d3
  3878   1413.781  -3.771356  +0.354308  0.000  0.000  1.000  T  d3
  3879   1414.145  -1.508665  +3.656062  0.000  0.000  1.000  T  d3
  3880   1414.510  +2.746066  +2.396999  0.000  0.000  1.000  T  d3
  3881   1414.874  +2.030993  -1.854242  0.000  0.000  1.000  T  d3
  3882   1415.239  -1.769211  -0.977215  0.000  0.000  1.000  T  d3
  3883   1415.603  -0.209733  +2.561569  0.000  0.000  1.000  T  d3
  3884   1415.968  +3.489458  +0.455017  0.000  0.000  1.000  T  d3
  3885   1416.332  +1.638822  -3.588972  0.000  0.000  1.000  T  d3
  3886   1416.697  -2.418084  -2.998283  0.000  0.000  1.000  T  d3
  3887   1417.062  -3.676985  +0.395208  0.000  0.000  1.000  T  d3
  3888   1417.426  -1.745586  +3.206085  0.000  0.000  1.000  T  d3
  3889   1417.791  +1.853986  +3.207470  0.000  0.000  1.000  T  d3
  3890   1418.155  +3.577406  +0.006111  0.000  0.000  1.000  T  d3
  3891   1418.520  +1.805132  -2.963801  0.000  0.000  1.000  T  d3
  3892   1418.884  -1.513739  -3.058089  0.000  0.000  1.000  T  d3
  3893   1419.249  -3.492357  -0.238558  0.000  0.000  1.000  T  d3
  3894   1419.614  -1.944089  +2.886040  0.000  0.000  1.000  T  d3
  3895   1419.978  +1.545601  +3.096969  0.000  0.000  1.000  T  d3
  3896   1420.343  +3.401334  +0.301369  0.000  0.000  1.000  T  d3
  3897   1420.707  +2.136424  -2.826485  0.000  0.000  1.000  T  d3
  3898   1421.072  -1.438524  -3.402749  0.000  0.000  1.000  T  d3
  3899   1421.436  -3.610023  -0.554482  0.000  0.000  1.000  T  d3
  3900   1421.801  -2.533952  +2.717622  0.000  0.000  1.000  T  d3
  3901   1422.166  +0.940471  +3.682743  0.000  0.000  1.000  T  d3
  3902   1422.530  +3.729645  +0.879389  0.000  0.000  1.000  T  d3
  3903   1422.895  +1.746341  -2.957104  0.000  0.000  1.000  T  d3
  3904   1423.259  -2.237376  -1.362460  0.000  0.000  1.000  T  d3
  3905   1423.624  -0.259840  +2.296998  0.000  0.000  1.000  T  d3
  3906   1423.988  +3.100144  -0.537920  0.000  0.000  1.000  T  d3
  3907   1424.353  -0.580965  -3.833593  0.000  0.000  1.000  T  d3
  3908   1424.717  -3.665579  +0.235215  0.000  0.000  1.000  T  d3
  3909   1425.082  +0.323379  +2.694337  0.000  0.000  1.000  T  d3
  3910   1425.447  +1.849572  -1.221936  0.000  0.000  1.000  T  d3
  3911   1425.811  -2.273196  -2.001669  0.000  0.000  1.000  T  d3
  3912   1426.176  -3.098385  +2.361856  0.000  0.000  1.000  T  d3
  3913   1426.540  +0.926644  +4.002902  0.000  0.000  1.000  T  d3
  3914   1426.905  +3.670969  +1.505883  0.000  0.000  1.000  T  d3
  3915   1427.269  +3.420960  -2.134334  0.000  0.000  1.000  T  d3
  3916   1427.634  -0.285433  -3.865962  0.000  0.000  1.000  T  d3
  3917   1427.999  -3.119573  -0.528244  0.000  0.000  1.000  T  d3
  3918   1428.363  +0.015832  +2.283349  0.000  0.000  1.000  T  d3
  3919   1428.728  +2.254433  -1.240251  0.000  0.000  1.000  T  d3
  3920   1429.092  -2.017702  -2.879338  0.000  0.000  1.000  T  d3
  3921   1429.457  -3.314293  +1.978172  0.000  0.000  1.000  T  d3
  3922   1429.821  +1.667603  +2.872664  0.000  0.000  1.000  T  d3
  3923   1430.186  +1.847328  -1.853740  0.000  0.000  1.000  T  d3
  3924   1430.550  -2.717049  -1.067964  0.000  0.000  1.000  T  d3
  3925   1430.915  -1.024924  +3.529932  0.000  0.000  1.000  T  d3
  3926   1431.280  +3.574434  +1.332548  0.000  0.000  1.000  T  d3
  3927   1431.644  +1.109436  -2.850700  0.000  0.000  1.000  T  d3
  3928   1432.009  -2.199458  -0.096529  0.000  0.000  1.000  T  d3
  3929   1432.373  +1.019505  +2.474884  0.000  0.000  1.000  T  d3
  3930   1432.738  +3.457830  -1.085812  0.000  0.000  1.000  T  d3
  3931   1433.102  +0.315726  -4.057204  0.000  0.000  1.000  T  d3
  3932   1433.467  -3.154574  -2.464568  0.000  0.000  1.000  T  d3
  3933   1433.832  -3.959316  +1.046205  0.000  0.000  1.000  T  d3
  3934   1434.196  -1.078728  +3.906354  0.000  0.000  1.000  T  d3
  3935   1434.561  +2.884196  +1.902825  0.000  0.000  1.000  T  d3
  3936   1434.925  +1.235222  -2.099770  0.000  0.000  1.000  T  d3
  3937   1435.290  -2.372005  -0.098510  0.000  0.000  1.000  T  d3
  3938   1435.654  +0.497953  +3.321431  0.000  0.000  1.000  T  d3
  3939   1436.019  +3.838464  -0.362817  0.000  0.000  1.000  T  d3
  3940   1436.384  -0.183012  -3.430403  0.000  0.000  1.000  T  d3
  3941   1436.748  -2.611328  +0.673156  0.000  0.000  1.000  T  d3
  3942   1437.113  +1.720811  +2.212153  0.000  0.000  1.000  T  d3
  3943   1437.477  +2.420703  -2.486039  0.000  0.000  1.000  T  d3
  3944   1437.842  -2.557845  -2.685417  0.000  0.000  1.000  T  d3
  3945   1438.206  -2.201384  +2.250518  0.000  0.000  1.000  T  d3
  3946   1438.571  +2.286842  +1.225090  0.000  0.000  1.000  T  d3
  3947   1438.935  +0.435101  -2.999192  0.000  0.000  1.000  T  d3
  3948   1439.300  -3.703331  -0.290262  0.000  0.000  1.000  T  d3
  3949   1439.665  -0.499603  +3.641661  0.000  0.000  1.000  T  d3
  3950   1440.029  +2.877879  +0.302823  0.000  0.000  1.000  T  d3
  3951   1440.394  -0.615676  -2.228520  0.000  0.000  1.000  T  d3
  3952   1440.758  -2.412011  +1.570633  0.000  0.000  1.000  T  d3
  3953   1441.123  +1.606221  +3.315776  0.000  0.000  1.000  T  d3
  3954   1441.487  +3.955342  -0.345011  0.000  0.000  1.000  T  d3
  3955   1441.852  +1.618653  -3.455777  0.000  0.000  1.000  T  d3
  3956   1442.217  -1.830091  -3.276871  0.000  0.000  1.000  T  d3
  3957   1442.581  -3.725823  -0.270217  0.000  0.000  1.000  T  d3
  3958   1442.946  -2.136319  +2.983561  0.000  0.000  1.000  T  d3
  3959   1443.310  +1.450620  +3.192875  0.000  0.000  1.000  T  d3
  3960   1443.675  +3.375445  +0.417402  0.000  0.000  1.000  T  d3
  3961   1444.039  +2.084272  -2.662501  0.000  0.000  1.000  T  d3
  3962   1444.404  -1.295903  -3.272026  0.000  0.000  1.000  T  d3
  3963   1444.769  -3.453628  -0.426293  0.000  0.000  1.000  T  d3
  3964   1445.133  -2.151009  +2.687211  0.000  0.000  1.000  T  d3
  3965   1445.498  +1.138091  +3.290581  0.000  0.000  1.000  T  d3
  3966   1445.862  +3.550062  +0.763718  0.000  0.000  1.000  T  d3
  3967   1446.227  +2.509247  -2.697654  0.000  0.000  1.000  T  d3
  3968   1446.591  -0.981534  -3.544040  0.000  0.000  1.000  T  d3
  3969   1446.956  -3.495769  -1.202925  0.000  0.000  1.000  T  d3
  3970   1447.320  -2.936933  +2.497622  0.000  0.000  1.000  T  d3
  3971   1447.685  +1.075591  +3.592123  0.000  0.000  1.000  T  d3
  3972   1448.050  +3.143887  -0.197232  0.000  0.000  1.000  T  d3
  3973   1448.414  -0.425068  -2.213470  0.000  0.000  1.000  T  d3
  3974   1448.779  -1.741994  +1.459206  0.000  0.000  1.000  T  d3
  3975   1449.143  +2.390900  +2.131366  0.000  0.000  1.000  T  d3
  3976   1449.508  +3.086630  -2.199211  0.000  0.000  1.000  T  d3
  3977   1449.872  -0.844928  -3.826040  0.000  0.000  1.000  T  d3
  3978   1450.237  -3.536848  -1.124238  0.000  0.000  1.000  T  d3
  3979   1450.602  -2.907124  +2.208993  0.000  0.000  1.000  T  d3
  3980   1450.966  +0.339544  +3.690040  0.000  0.000  1.000  T  d3
  3981   1451.331  +3.241572  +1.656972  0.000  0.000  1.000  T  d3
  3982   1451.695  +3.121222  -1.856916  0.000  0.000  1.000  T  d3
  3983   1452.060  +0.142984  -3.668058  0.000  0.000  1.000  T  d3
  3984   1452.424  -3.294711  -1.966507  0.000  0.000  1.000  T  d3
  3985   1452.789  -2.878963  +2.281077  0.000  0.000  1.000  T  d3
  3986   1453.153  +1.409613  +2.613626  0.000  0.000  1.000  T  d3
  3987   1453.518  +1.568513  -1.404506  0.000  0.000  1.000  T  d3
  3988   1453.883  -2.270824  -0.749999  0.000  0.000  1.000  T  d3
  3989   1454.247  -0.994619  +3.311878  0.000  0.000  1.000  T  d3
  3990   1454.612  +3.330121  +2.225328  0.000  0.000  1.000  T  d3
  3991   1454.976  +3.610979  -1.874107  0.000  0.000  1.000  T  d3
  3992   1455.341  +0.523294  -3.987169  0.000  0.000  1.000  T  d3
  3993   1455.705  -3.073354  -2.642951  0.000  0.000  1.000  T  d3
  3994   1456.070  -3.451314  +1.656317  0.000  0.000  1.000  T  d3
  3995   1456.435  +0.834591  +2.876542  0.000  0.000  1.000  T  d3
  3996   1456.799  +1.891608  -1.171625  0.000  0.000  1.000  T  d3
  3997   1457.164  -2.320174  -1.468924  0.000  0.000  1.000  T  d3
  3998   1457.528  -1.744364  +3.180845  0.000  0.000  1.000  T  d3
  3999   1457.893  +3.171781  +2.172166  0.000  0.000  1.000  T  d3
  4000   1458.257  +1.784464  -2.530035  0.000  0.000  1.000  T  d3
  4001   1458.622  -2.097192  -0.701581  0.000  0.000  1.000  T  d3
  4002   1458.987  +0.337812  +2.623440  0.000  0.000  1.000  T  d3
  4003   1459.351  +3.606368  -0.337826  0.000  0.000  1.000  T  d3
  4004   1459.716  +1.043129  -3.934788  0.000  0.000  1.000  T  d3
  4005   1460.080  -2.836872  -2.942677  0.000  0.000  1.000  T  d3
  4006   1460.445  -4.043489  +0.565717  0.000  0.000  1.000  T  d3
  4007   1460.809  -1.630326  +3.725665  0.000  0.000  1.000  T  d3
  4008   1461.174  +2.598217  +2.531048  0.000  0.000  1.000  T  d3
  4009   1461.538  +1.924048  -1.822810  0.000  0.000  1.000  T  d3
  4010   1461.903  -2.077472  -0.801503  0.000  0.000  1.000  T  d3
  4011   1462.268  -0.260683  +3.100717  0.000  0.000  1.000  T  d3
  4012   1462.632  +3.795413  +0.379336  0.000  0.000  1.000  T  d3
  4013   1462.997  +0.673042  -3.510278  0.000  0.000  1.000  T  d3
  4014   1463.361  -2.719587  -0.262532  0.000  0.000  1.000  T  d3
  4015   1463.726  +0.760025  +2.193693  0.000  0.000  1.000  T  d3
  4016   1464.090  +2.558207  -1.605567  0.000  0.000  1.000  T  d3
  4017   1464.455  -1.493216  -3.387969  0.000  0.000  1.000  T  d3
  4018   1464.820  -3.847312  +0.238770  0.000  0.000  1.000  T  d3
  4019   1465.184  -1.569613  +3.324014  0.000  0.000  1.000  T  d3
  4020   1465.549  +1.835131  +3.123087  0.000  0.000  1.000  T  d3
  4021   1465.913  +3.742300  +0.154884  0.000  0.000  1.000  T  d3
  4022   1466.278  +2.142525  -3.101587  0.000  0.000  1.000  T  d3
  4023   1466.642  -1.440099  -3.480723  0.000  0.000  1.000  T  d3
  4024   1467.007  -3.674668  -0.801155  0.000  0.000  1.000  T  d3
  4025   1467.371  -2.607401  +2.831202  0.000  0.000  1.000  T  d3
  4026   1467.736  +1.544519  +3.236589  0.000  0.000  1.000  T  d3
  4027   1468.101  +2.746715  -0.878737  0.000  0.000  1.000  T  d3
  4028   1468.465  -1.311571  -1.912034  0.000  0.000  1.000  T  d3
  4029   1468.830  -1.613203  +2.383856  0.000  0.000  1.000  T  d3
  4030   1469.194  +3.101925  +1.896676  0.000  0.000  1.000  T  d3
  4031   1469.559  +2.100328  -3.024211  0.000  0.000  1.000  T  d3
  4032   1469.923  -2.631308  -1.562825  0.000  0.000  1.000  T  d3
  4033   1470.288  -0.514002  +2.635019  0.000  0.000  1.000  T  d3
  4034   1470.653  +3.217771  -0.264347  0.000  0.000  1.000  T  d3
  4035   1471.017  -0.405249  -3.689309  0.000  0.000  1.000  T  d3
  4036   1471.382  -3.462351  +0.300199  0.000  0.000  1.000  T  d3
  4037   1471.746  +0.662289  +2.744774  0.000  0.000  1.000  T  d3
  4038   1472.111  +2.267824  -1.597886  0.000  0.000  1.000  T  d3
  4039   1472.475  -2.403146  -2.365171  0.000  0.000  1.000  T  d3
  4040   1472.840  -2.630491  +2.587493  0.000  0.000  1.000  T  d3
  4041   1473.205  +2.308049  +2.238283  0.000  0.000  1.000  T  d3
  4042   1473.569  +1.314779  -2.292124  0.000  0.000  1.000  T  d3
  4043   1473.934  -2.942414  -0.472687  0.000  0.000  1.000  T  d3
  4044   1474.298  -0.276610  +3.663533  0.000  0.000  1.000  T  d3
  4045   1474.663  +3.667888  +0.489992  0.000  0.000  1.000  T  d3
  4046   1475.027  +0.334025  -2.921774  0.000  0.000  1.000  T  d3
  4047   1475.392  -2.225055  +0.556810  0.000  0.000  1.000  T  d3
  4048   1475.756  +1.536336  +2.382363  0.000  0.000  1.000  T  d3
  4049   1476.121  +3.304997  -1.614235  0.000  0.000  1.000  T  d3
  4050   1476.486  -0.352691  -3.977064  0.000  0.000  1.000  T  d3
  4051   1476.850  -3.475655  -1.650784  0.000  0.000  1.000  T  d3
  4052   1477.215  -3.318274  +1.814217  0.000  0.000  1.000  T  d3
  4053   1477.579  -0.319251  +3.724041  0.000  0.000  1.000  T  d3
  4054   1477.944  +2.940819  +2.167221  0.000  0.000  1.000  T  d3
  4055   1478.308  +3.170230  -1.416464  0.000  0.000  1.000  T  d3
  4056   1478.673  +0.411309  -3.339000  0.000  0.000  0.000  T  d3
  4057   1479.038  -2.670538  -2.057812  0.000  0.000  0.000  T  d3
  4058   1479.402  -3.277985  +1.329462  0.000  0.000  0.000  T  d3
  4059   1479.767  -0.431479  +3.504593  0.000  0.000  0.000  T  d3
  4060   1480.131  +2.706755  +2.211424  0.000  0.000  0.000  T  d3
  4061   1480.496  +3.363335  -1.094592  0.000  0.000  0.000  T  d3
  4062   1480.860  +0.812243  -3.478360  0.000  0.000  0.000  T  d3
  4063   1481.225  -2.613235  -2.442724  0.000  0.000  0.000  T  d3
  4064   1481.590  -3.292220  +0.951900  0.000  0.000  0.000  T  d3
  4065   1481.954  -0.932943  +3.322682  0.000  0.000  0.000  T  d3
  4066   1482.319  +2.383916  +2.564858  0.000  0.000  0.000  T  d3
  4067   1482.683  +3.517180  -0.830187  0.000  0.000  0.000  T  d3
  4068   1483.048  +1.004750  -3.427038  0.000  0.000  0.000  T  d3
  4069   1483.412  -2.377860  -2.589412  0.000  0.000  0.000  T  d3
  4070   1483.777  -3.429185  +0.621233  0.000  0.000  0.000  T  d3
  4071   1484.141  -1.260959  +3.258930  0.000  0.000  0.000  T  d3
  4072   1484.506  +2.180537  +2.842447  0.000  0.000  0.000  T  d3
  4073   1484.871  +3.469371  -0.552065  0.000  0.000  0.000  T  d3
  4074   1485.235  +1.367752  -3.110480  0.000  0.000  0.000  T  d3
  4075   1485.600  -1.996509  -2.908562  0.000  0.000  0.000  T  d3
  4076   1485.964  -3.512444  +0.325725  0.000  0.000  0.000  T  d3
  4077   1486.329  -1.553690  +3.181003  0.000  0.000  0.000  T  d3
  4078   1486.693  +1.933145  +2.869673  0.000  0.000  0.000  T  d3
  4079   1487.058  +3.476194  -0.036710  0.000  0.000  0.000  T  d3
  4080   1487.423  +1.802690  -3.106895  0.000  0.000  0.000  T  d3
  4081   1487.787  -1.817991  -3.115689  0.000  0.000  0.000  T  d3
  4082   1488.152  -3.555360  -0.015391  0.000  0.000  0.000  T  d3
  4083   1488.516  -1.782040  +3.011376  0.000  0.000  0.000  T  d3
  4084   1488.881  +1.512649  +3.050327  0.000  0.000  0.000  T  d3
  4085   1489.245  +3.559710  +0.276985  0.000  0.000  0.000  T  d3
  4086   1489.610  +1.956938  -2.918718  0.000  0.000  0.000  T  d3
  4087   1489.974  -1.467467  -3.164618  0.000  0.000  0.000  T  d3
  4088   1490.339  -3.460898  -0.362733  0.000  0.000  0.000  T  d3
  4089   1490.704  -2.186203  +2.717447  0.000  0.000  0.000  T  d3
  4090   1491.068  +1.337283  +3.389778  0.000  0.000  0.000  T  d3
  4091   1491.433  +3.449692  +0.505488  0.000  0.000  0.000  T  d3
  4092   1491.797  +2.261923  -2.560705  0.000  0.000  0.000  T  d3
  4093   1492.162  -1.053384  -3.381469  0.000  0.000  0.000  T  d3
  4094   1492.526  -3.410905  -0.731835  0.000  0.000  0.000  T  d3
  4095   1492.891  -2.480099  +2.607939  0.000  0.000  0.000  T  d3
  4096   1493.256  +1.183787  +3.380577  0.000  0.000  0.000  T  d3
  4097   1493.620  +3.306340  +0.849138  0.000  0.000  0.000  T  d3
  4098   1493.985  +2.635720  -2.461400  0.000  0.000  0.000  T  d3
  4099   1494.349  -0.830898  -3.484091  0.000  0.000  0.000  T  d3
  4100   1494.714  -3.316973  -1.202573  0.000  0.000  0.000  T  d3
  4101   1495.078  -2.647880  +2.336285  0.000  0.000  0.000  T  d3
  4102   1495.443  +0.529372  +3.214426  0.000  0.000  0.000  T  d3
  4103   1495.808  +3.213614  +1.377655  0.000  0.000  0.000  T  d3
  4104   1496.172  +2.593497  -2.430447  0.000  0.000  0.000  T  d3
  4105   1496.537  -0.502083  -3.257102  0.000  0.000  0.000  T  d3
  4106   1496.901  -3.483372  -1.442968  0.000  0.000  0.000  T  d3
  4107   1497.266  -2.815017  +2.202991  0.000  0.000  0.000  T  d3
  4108   1497.630  -0.042028  +3.750043  0.000  0.000  0.000  T  d3
  4109   1497.995  +3.529809  +1.825957  0.000  0.000  0.000  T  d3
  4110   1498.359  +2.712077  -1.735236  0.000  0.000  0.000  T  d3
  4111   1498.724  +0.550687  -3.186653  0.000  0.000  0.000  T  d3
  4112   1499.089  -3.027212  -1.723592  0.000  0.000  0.000  T  d2
  4113   1499.453  +0.000000  +0.000000  0.000  0.000  0.000  T  d-
