file=gough-lui-v90-v92-modem-sounds/xircom-creditcardlan-v90.wav
start_ms=11009.333 mode=carrier-qpsk carrier_hz=1800.000 sym_rate=3000.000 offset_samples=0.000
symbols=1024
nat_bits(2048):
1111111100111111110011111100111111101010000000100110100001010001
0100110111101010000000100110100001010001010011011110101000000010
0110100001010001010011011110101000000010011010000101000101001101
1110101000000010011010000101000101001101111010100000001001101000
0101000101001101111010100000001001101000010100010100110111101010
0000001001101000010100010100110111101010000000100110100001010001
0100110111101010000000100110100001010001010011011110101000000010
0110100001010001010011011110101000000010011010000101000101001101
1110101000000010011010000101000101001101111010100000001001101000
0101000101001101111010100000001001101000010100010100110111101010
0000001001101000010100010100110111101010000000100110100001010001
0100110111101010000000100110100001010001010011011110101000000010
0110100001010001010011011110101000000010011010000101000101001101
1110101000000010011010000101000101001101111010100000001001101000
0101000101001101111010100000001001101000010100010100110111101010
0000001001101000010100010100110111101010000000100110100001010001
0100110111101010000000100110100001010001010011011110101000000010
0110100001010001010011011110101000000010011010000101000101001101
1110101000000010011010000101000101001101111010100000001001101000
0101000101001101111010100000001001101000010100010100110111101010
0000001001101000010100010100110111101010000000100110100001010001
0100110111101010000000100110100001010001010011011110101000000010
0110100001010001010011011110101000000010011010000101000101001101
1110101000000010011010000101000101001101111010100000001001101000
0101000101001101111010100000001001101000010100010100110111101010
0000001001101000010100010100110111101010000000100110100001010001
0100110111101010000000100110100001010001010011011110101000000010
0110100001010001010011011110101000000010011010000101000101001101
1110101000000010011010000101000101001101111010100000001001101000
0101000101001101111010100000001001101000010100010100110111101010
0000001001101000010100010100110111101010000000100110100001010001
0100110111101010000000100110100001010001010011011110101000000010
gray_bits(2048):
1010101000101010100010101000101010111111000000110111110001010001
0100100110111111000000110111110001010001010010011011111100000011
0111110001010001010010011011111100000011011111000101000101001001
1011111100000011011111000101000101001001101111110000001101111100
0101000101001001101111110000001101111100010100010100100110111111
0000001101111100010100010100100110111111000000110111110001010001
0100100110111111000000110111110001010001010010011011111100000011
0111110001010001010010011011111100000011011111000101000101001001
1011111100000011011111000101000101001001101111110000001101111100
0101000101001001101111110000001101111100010100010100100110111111
0000001101111100010100010100100110111111000000110111110001010001
0100100110111111000000110111110001010001010010011011111100000011
0111110001010001010010011011111100000011011111000101000101001001
1011111100000011011111000101000101001001101111110000001101111100
0101000101001001101111110000001101111100010100010100100110111111
0000001101111100010100010100100110111111000000110111110001010001
0100100110111111000000110111110001010001010010011011111100000011
0111110001010001010010011011111100000011011111000101000101001001
1011111100000011011111000101000101001001101111110000001101111100
0101000101001001101111110000001101111100010100010100100110111111
0000001101111100010100010100100110111111000000110111110001010001
0100100110111111000000110111110001010001010010011011111100000011
0111110001010001010010011011111100000011011111000101000101001001
1011111100000011011111000101000101001001101111110000001101111100
0101000101001001101111110000001101111100010100010100100110111111
0000001101111100010100010100100110111111000000110111110001010001
0100100110111111000000110111110001010001010010011011111100000011
0111110001010001010010011011111100000011011111000101000101001001
1011111100000011011111000101000101001001101111110000001101111100
0101000101001001101111110000001101111100010100010100100110111111
0000001101111100010100010100100110111111000000110111110001010001
0100100110111111000000110111110001010001010010011011111100000011
nat_bits_inverted(2048):
0000000011000000001100000011000000010101111111011001011110101110
1011001000010101111111011001011110101110101100100001010111111101
1001011110101110101100100001010111111101100101111010111010110010
0001010111111101100101111010111010110010000101011111110110010111
1010111010110010000101011111110110010111101011101011001000010101
1111110110010111101011101011001000010101111111011001011110101110
1011001000010101111111011001011110101110101100100001010111111101
1001011110101110101100100001010111111101100101111010111010110010
0001010111111101100101111010111010110010000101011111110110010111
1010111010110010000101011111110110010111101011101011001000010101
1111110110010111101011101011001000010101111111011001011110101110
1011001000010101111111011001011110101110101100100001010111111101
1001011110101110101100100001010111111101100101111010111010110010
0001010111111101100101111010111010110010000101011111110110010111
1010111010110010000101011111110110010111101011101011001000010101
1111110110010111101011101011001000010101111111011001011110101110
1011001000010101111111011001011110101110101100100001010111111101
1001011110101110101100100001010111111101100101111010111010110010
0001010111111101100101111010111010110010000101011111110110010111
1010111010110010000101011111110110010111101011101011001000010101
1111110110010111101011101011001000010101111111011001011110101110
1011001000010101111111011001011110101110101100100001010111111101
1001011110101110101100100001010111111101100101111010111010110010
0001010111111101100101111010111010110010000101011111110110010111
1010111010110010000101011111110110010111101011101011001000010101
1111110110010111101011101011001000010101111111011001011110101110
1011001000010101111111011001011110101110101100100001010111111101
1001011110101110101100100001010111111101100101111010111010110010
0001010111111101100101111010111010110010000101011111110110010111
1010111010110010000101011111110110010111101011101011001000010101
1111110110010111101011101011001000010101111111011001011110101110
1011001000010101111111011001011110101110101100100001010111111101
gray_bits_inverted(2048):
0101010111010101011101010111010101000000111111001000001110101110
1011011001000000111111001000001110101110101101100100000011111100
1000001110101110101101100100000011111100100000111010111010110110
0100000011111100100000111010111010110110010000001111110010000011
1010111010110110010000001111110010000011101011101011011001000000
1111110010000011101011101011011001000000111111001000001110101110
1011011001000000111111001000001110101110101101100100000011111100
1000001110101110101101100100000011111100100000111010111010110110
0100000011111100100000111010111010110110010000001111110010000011
1010111010110110010000001111110010000011101011101011011001000000
1111110010000011101011101011011001000000111111001000001110101110
1011011001000000111111001000001110101110101101100100000011111100
1000001110101110101101100100000011111100100000111010111010110110
0100000011111100100000111010111010110110010000001111110010000011
1010111010110110010000001111110010000011101011101011011001000000
1111110010000011101011101011011001000000111111001000001110101110
1011011001000000111111001000001110101110101101100100000011111100
1000001110101110101101100100000011111100100000111010111010110110
0100000011111100100000111010111010110110010000001111110010000011
1010111010110110010000001111110010000011101011101011011001000000
1111110010000011101011101011011001000000111111001000001110101110
1011011001000000111111001000001110101110101101100100000011111100
1000001110101110101101100100000011111100100000111010111010110110
0100000011111100100000111010111010110110010000001111110010000011
1010111010110110010000001111110010000011101011101011011001000000
1111110010000011101011101011011001000000111111001000001110101110
1011011001000000111111001000001110101110101101100100000011111100
1000001110101110101101100100000011111100100000111010111010110110
0100000011111100100000111010111010110110010000001111110010000011
1010111010110110010000001111110010000011101011101011011001000000
1111110010000011101011101011011001000000111111001000001110101110
1011011001000000111111001000001110101110101101100100000011111100
nat_rev_bits(2048):
0101010100010101010001010100010101101010000000101110100011110011
1100011101101010000000101110100011110011110001110110101000000010
1110100011110011110001110110101000000010111010001111001111000111
0110101000000010111010001111001111000111011010100000001011101000
1111001111000111011010100000001011101000111100111100011101101010
0000001011101000111100111100011101101010000000101110100011110011
1100011101101010000000101110100011110011110001110110101000000010
1110100011110011110001110110101000000010111010001111001111000111
0110101000000010111010001111001111000111011010100000001011101000
1111001111000111011010100000001011101000111100111100011101101010
0000001011101000111100111100011101101010000000101110100011110011
1100011101101010000000101110100011110011110001110110101000000010
1110100011110011110001110110101000000010111010001111001111000111
0110101000000010111010001111001111000111011010100000001011101000
1111001111000111011010100000001011101000111100111100011101101010
0000001011101000111100111100011101101010000000101110100011110011
1100011101101010000000101110100011110011110001110110101000000010
1110100011110011110001110110101000000010111010001111001111000111
0110101000000010111010001111001111000111011010100000001011101000
1111001111000111011010100000001011101000111100111100011101101010
0000001011101000111100111100011101101010000000101110100011110011
1100011101101010000000101110100011110011110001110110101000000010
1110100011110011110001110110101000000010111010001111001111000111
0110101000000010111010001111001111000111011010100000001011101000
1111001111000111011010100000001011101000111100111100011101101010
0000001011101000111100111100011101101010000000101110100011110011
1100011101101010000000101110100011110011110001110110101000000010
1110100011110011110001110110101000000010111010001111001111000111
0110101000000010111010001111001111000111011010100000001011101000
1111001111000111011010100000001011101000111100111100011101101010
0000001011101000111100111100011101101010000000101110100011110011
1100011101101010000000101110100011110011110001110110101000000010
gray_rev_bits(2048):
0101010100010101010001010100010101111111000000111011110010100010
1000011001111111000000111011110010100010100001100111111100000011
1011110010100010100001100111111100000011101111001010001010000110
0111111100000011101111001010001010000110011111110000001110111100
1010001010000110011111110000001110111100101000101000011001111111
0000001110111100101000101000011001111111000000111011110010100010
1000011001111111000000111011110010100010100001100111111100000011
1011110010100010100001100111111100000011101111001010001010000110
0111111100000011101111001010001010000110011111110000001110111100
1010001010000110011111110000001110111100101000101000011001111111
0000001110111100101000101000011001111111000000111011110010100010
1000011001111111000000111011110010100010100001100111111100000011
1011110010100010100001100111111100000011101111001010001010000110
0111111100000011101111001010001010000110011111110000001110111100
1010001010000110011111110000001110111100101000101000011001111111
0000001110111100101000101000011001111111000000111011110010100010
1000011001111111000000111011110010100010100001100111111100000011
1011110010100010100001100111111100000011101111001010001010000110
0111111100000011101111001010001010000110011111110000001110111100
1010001010000110011111110000001110111100101000101000011001111111
0000001110111100101000101000011001111111000000111011110010100010
1000011001111111000000111011110010100010100001100111111100000011
1011110010100010100001100111111100000011101111001010001010000110
0111111100000011101111001010001010000110011111110000001110111100
1010001010000110011111110000001110111100101000101000011001111111
0000001110111100101000101000011001111111000000111011110010100010
1000011001111111000000111011110010100010100001100111111100000011
1011110010100010100001100111111100000011101111001010001010000110
0111111100000011101111001010001010000110011111110000001110111100
1010001010000110011111110000001110111100101000101000011001111111
0000001110111100101000101000011001111111000000111011110010100010
1000011001111111000000111011110010100010100001100111111100000011
nat_rev_inv_bits(2048):
1010101011101010101110101011101010010101111111010001011100001100
0011100010010101111111010001011100001100001110001001010111111101
0001011100001100001110001001010111111101000101110000110000111000
1001010111111101000101110000110000111000100101011111110100010111
0000110000111000100101011111110100010111000011000011100010010101
1111110100010111000011000011100010010101111111010001011100001100
0011100010010101111111010001011100001100001110001001010111111101
0001011100001100001110001001010111111101000101110000110000111000
1001010111111101000101110000110000111000100101011111110100010111
0000110000111000100101011111110100010111000011000011100010010101
1111110100010111000011000011100010010101111111010001011100001100
0011100010010101111111010001011100001100001110001001010111111101
0001011100001100001110001001010111111101000101110000110000111000
1001010111111101000101110000110000111000100101011111110100010111
0000110000111000100101011111110100010111000011000011100010010101
1111110100010111000011000011100010010101111111010001011100001100
0011100010010101111111010001011100001100001110001001010111111101
0001011100001100001110001001010111111101000101110000110000111000
1001010111111101000101110000110000111000100101011111110100010111
0000110000111000100101011111110100010111000011000011100010010101
1111110100010111000011000011100010010101111111010001011100001100
0011100010010101111111010001011100001100001110001001010111111101
0001011100001100001110001001010111111101000101110000110000111000
1001010111111101000101110000110000111000100101011111110100010111
0000110000111000100101011111110100010111000011000011100010010101
1111110100010111000011000011100010010101111111010001011100001100
0011100010010101111111010001011100001100001110001001010111111101
0001011100001100001110001001010111111101000101110000110000111000
1001010111111101000101110000110000111000100101011111110100010111
0000110000111000100101011111110100010111000011000011100010010101
1111110100010111000011000011100010010101111111010001011100001100
0011100010010101111111010001011100001100001110001001010111111101
gray_rev_inv_bits(2048):
1010101011101010101110101011101010000000111111000100001101011101
0111100110000000111111000100001101011101011110011000000011111100
0100001101011101011110011000000011111100010000110101110101111001
1000000011111100010000110101110101111001100000001111110001000011
0101110101111001100000001111110001000011010111010111100110000000
1111110001000011010111010111100110000000111111000100001101011101
0111100110000000111111000100001101011101011110011000000011111100
0100001101011101011110011000000011111100010000110101110101111001
1000000011111100010000110101110101111001100000001111110001000011
0101110101111001100000001111110001000011010111010111100110000000
1111110001000011010111010111100110000000111111000100001101011101
0111100110000000111111000100001101011101011110011000000011111100
0100001101011101011110011000000011111100010000110101110101111001
1000000011111100010000110101110101111001100000001111110001000011
0101110101111001100000001111110001000011010111010111100110000000
1111110001000011010111010111100110000000111111000100001101011101
0111100110000000111111000100001101011101011110011000000011111100
0100001101011101011110011000000011111100010000110101110101111001
1000000011111100010000110101110101111001100000001111110001000011
0101110101111001100000001111110001000011010111010111100110000000
1111110001000011010111010111100110000000111111000100001101011101
0111100110000000111111000100001101011101011110011000000011111100
0100001101011101011110011000000011111100010000110101110101111001
1000000011111100010000110101110101111001100000001111110001000011
0101110101111001100000001111110001000011010111010111100110000000
1111110001000011010111010111100110000000111111000100001101011101
0111100110000000111111000100001101011101011110011000000011111100
0100001101011101011110011000000011111100010000110101110101111001
1000000011111100010000110101110101111001100000001111110001000011
0101110101111001100000001111110001000011010111010111100110000000
1111110001000011010111010111100110000000111111000100001101011101
0111100110000000111111000100001101011101011110011000000011111100
nat_swap_bits(2048):
1111111100111111110011111100111111010101000000011001010010100010
1000111011010101000000011001010010100010100011101101010100000001
1001010010100010100011101101010100000001100101001010001010001110
1101010100000001100101001010001010001110110101010000000110010100
1010001010001110110101010000000110010100101000101000111011010101
0000000110010100101000101000111011010101000000011001010010100010
1000111011010101000000011001010010100010100011101101010100000001
1001010010100010100011101101010100000001100101001010001010001110
1101010100000001100101001010001010001110110101010000000110010100
1010001010001110110101010000000110010100101000101000111011010101
0000000110010100101000101000111011010101000000011001010010100010
1000111011010101000000011001010010100010100011101101010100000001
1001010010100010100011101101010100000001100101001010001010001110
1101010100000001100101001010001010001110110101010000000110010100
1010001010001110110101010000000110010100101000101000111011010101
0000000110010100101000101000111011010101000000011001010010100010
1000111011010101000000011001010010100010100011101101010100000001
1001010010100010100011101101010100000001100101001010001010001110
1101010100000001100101001010001010001110110101010000000110010100
1010001010001110110101010000000110010100101000101000111011010101
0000000110010100101000101000111011010101000000011001010010100010
1000111011010101000000011001010010100010100011101101010100000001
1001010010100010100011101101010100000001100101001010001010001110
1101010100000001100101001010001010001110110101010000000110010100
1010001010001110110101010000000110010100101000101000111011010101
0000000110010100101000101000111011010101000000011001010010100010
1000111011010101000000011001010010100010100011101101010100000001
1001010010100010100011101101010100000001100101001010001010001110
1101010100000001100101001010001010001110110101010000000110010100
1010001010001110110101010000000110010100101000101000111011010101
0000000110010100101000101000111011010101000000011001010010100010
1000111011010101000000011001010010100010100011101101010100000001
gray_swap_bits(2048):
0101010100010101010001010100010101111111000000111011110010100010
1000011001111111000000111011110010100010100001100111111100000011
1011110010100010100001100111111100000011101111001010001010000110
0111111100000011101111001010001010000110011111110000001110111100
1010001010000110011111110000001110111100101000101000011001111111
0000001110111100101000101000011001111111000000111011110010100010
1000011001111111000000111011110010100010100001100111111100000011
1011110010100010100001100111111100000011101111001010001010000110
0111111100000011101111001010001010000110011111110000001110111100
1010001010000110011111110000001110111100101000101000011001111111
0000001110111100101000101000011001111111000000111011110010100010
1000011001111111000000111011110010100010100001100111111100000011
1011110010100010100001100111111100000011101111001010001010000110
0111111100000011101111001010001010000110011111110000001110111100
1010001010000110011111110000001110111100101000101000011001111111
0000001110111100101000101000011001111111000000111011110010100010
1000011001111111000000111011110010100010100001100111111100000011
1011110010100010100001100111111100000011101111001010001010000110
0111111100000011101111001010001010000110011111110000001110111100
1010001010000110011111110000001110111100101000101000011001111111
0000001110111100101000101000011001111111000000111011110010100010
1000011001111111000000111011110010100010100001100111111100000011
1011110010100010100001100111111100000011101111001010001010000110
0111111100000011101111001010001010000110011111110000001110111100
1010001010000110011111110000001110111100101000101000011001111111
0000001110111100101000101000011001111111000000111011110010100010
1000011001111111000000111011110010100010100001100111111100000011
1011110010100010100001100111111100000011101111001010001010000110
0111111100000011101111001010001010000110011111110000001110111100
1010001010000110011111110000001110111100101000101000011001111111
0000001110111100101000101000011001111111000000111011110010100010
1000011001111111000000111011110010100010100001100111111100000011
nat_swap_inv_bits(2048):
0000000011000000001100000011000000101010111111100110101101011101
0111000100101010111111100110101101011101011100010010101011111110
0110101101011101011100010010101011111110011010110101110101110001
0010101011111110011010110101110101110001001010101111111001101011
0101110101110001001010101111111001101011010111010111000100101010
1111111001101011010111010111000100101010111111100110101101011101
0111000100101010111111100110101101011101011100010010101011111110
0110101101011101011100010010101011111110011010110101110101110001
0010101011111110011010110101110101110001001010101111111001101011
0101110101110001001010101111111001101011010111010111000100101010
1111111001101011010111010111000100101010111111100110101101011101
0111000100101010111111100110101101011101011100010010101011111110
0110101101011101011100010010101011111110011010110101110101110001
0010101011111110011010110101110101110001001010101111111001101011
0101110101110001001010101111111001101011010111010111000100101010
1111111001101011010111010111000100101010111111100110101101011101
0111000100101010111111100110101101011101011100010010101011111110
0110101101011101011100010010101011111110011010110101110101110001
0010101011111110011010110101110101110001001010101111111001101011
0101110101110001001010101111111001101011010111010111000100101010
1111111001101011010111010111000100101010111111100110101101011101
0111000100101010111111100110101101011101011100010010101011111110
0110101101011101011100010010101011111110011010110101110101110001
0010101011111110011010110101110101110001001010101111111001101011
0101110101110001001010101111111001101011010111010111000100101010
1111111001101011010111010111000100101010111111100110101101011101
0111000100101010111111100110101101011101011100010010101011111110
0110101101011101011100010010101011111110011010110101110101110001
0010101011111110011010110101110101110001001010101111111001101011
0101110101110001001010101111111001101011010111010111000100101010
1111111001101011010111010111000100101010111111100110101101011101
0111000100101010111111100110101101011101011100010010101011111110
gray_swap_inv_bits(2048):
1010101011101010101110101011101010000000111111000100001101011101
0111100110000000111111000100001101011101011110011000000011111100
0100001101011101011110011000000011111100010000110101110101111001
1000000011111100010000110101110101111001100000001111110001000011
0101110101111001100000001111110001000011010111010111100110000000
1111110001000011010111010111100110000000111111000100001101011101
0111100110000000111111000100001101011101011110011000000011111100
0100001101011101011110011000000011111100010000110101110101111001
1000000011111100010000110101110101111001100000001111110001000011
0101110101111001100000001111110001000011010111010111100110000000
1111110001000011010111010111100110000000111111000100001101011101
0111100110000000111111000100001101011101011110011000000011111100
0100001101011101011110011000000011111100010000110101110101111001
1000000011111100010000110101110101111001100000001111110001000011
0101110101111001100000001111110001000011010111010111100110000000
1111110001000011010111010111100110000000111111000100001101011101
0111100110000000111111000100001101011101011110011000000011111100
0100001101011101011110011000000011111100010000110101110101111001
1000000011111100010000110101110101111001100000001111110001000011
0101110101111001100000001111110001000011010111010111100110000000
1111110001000011010111010111100110000000111111000100001101011101
0111100110000000111111000100001101011101011110011000000011111100
0100001101011101011110011000000011111100010000110101110101111001
1000000011111100010000110101110101111001100000001111110001000011
0101110101111001100000001111110001000011010111010111100110000000
1111110001000011010111010111100110000000111111000100001101011101
0111100110000000111111000100001101011101011110011000000011111100
0100001101011101011110011000000011111100010000110101110101111001
1000000011111100010000110101110101111001100000001111110001000011
0101110101111001100000001111110001000011010111010111100110000000
1111110001000011010111010111100110000000111111000100001101011101
0111100110000000111111000100001101011101011110011000000011111100
nat_rev_swap_bits(2048):
1010101000101010100010101000101010010101000000011101010011110011
1100101110010101000000011101010011110011110010111001010100000001
1101010011110011110010111001010100000001110101001111001111001011
1001010100000001110101001111001111001011100101010000000111010100
1111001111001011100101010000000111010100111100111100101110010101
0000000111010100111100111100101110010101000000011101010011110011
1100101110010101000000011101010011110011110010111001010100000001
1101010011110011110010111001010100000001110101001111001111001011
1001010100000001110101001111001111001011100101010000000111010100
1111001111001011100101010000000111010100111100111100101110010101
0000000111010100111100111100101110010101000000011101010011110011
1100101110010101000000011101010011110011110010111001010100000001
1101010011110011110010111001010100000001110101001111001111001011
1001010100000001110101001111001111001011100101010000000111010100
1111001111001011100101010000000111010100111100111100101110010101
0000000111010100111100111100101110010101000000011101010011110011
1100101110010101000000011101010011110011110010111001010100000001
1101010011110011110010111001010100000001110101001111001111001011
1001010100000001110101001111001111001011100101010000000111010100
1111001111001011100101010000000111010100111100111100101110010101
0000000111010100111100111100101110010101000000011101010011110011
1100101110010101000000011101010011110011110010111001010100000001
1101010011110011110010111001010100000001110101001111001111001011
1001010100000001110101001111001111001011100101010000000111010100
1111001111001011100101010000000111010100111100111100101110010101
0000000111010100111100111100101110010101000000011101010011110011
1100101110010101000000011101010011110011110010111001010100000001
1101010011110011110010111001010100000001110101001111001111001011
1001010100000001110101001111001111001011100101010000000111010100
1111001111001011100101010000000111010100111100111100101110010101
0000000111010100111100111100101110010101000000011101010011110011
1100101110010101000000011101010011110011110010111001010100000001
gray_rev_swap_bits(2048):
1010101000101010100010101000101010111111000000110111110001010001
0100100110111111000000110111110001010001010010011011111100000011
0111110001010001010010011011111100000011011111000101000101001001
1011111100000011011111000101000101001001101111110000001101111100
0101000101001001101111110000001101111100010100010100100110111111
0000001101111100010100010100100110111111000000110111110001010001
0100100110111111000000110111110001010001010010011011111100000011
0111110001010001010010011011111100000011011111000101000101001001
1011111100000011011111000101000101001001101111110000001101111100
0101000101001001101111110000001101111100010100010100100110111111
0000001101111100010100010100100110111111000000110111110001010001
0100100110111111000000110111110001010001010010011011111100000011
0111110001010001010010011011111100000011011111000101000101001001
1011111100000011011111000101000101001001101111110000001101111100
0101000101001001101111110000001101111100010100010100100110111111
0000001101111100010100010100100110111111000000110111110001010001
0100100110111111000000110111110001010001010010011011111100000011
0111110001010001010010011011111100000011011111000101000101001001
1011111100000011011111000101000101001001101111110000001101111100
0101000101001001101111110000001101111100010100010100100110111111
0000001101111100010100010100100110111111000000110111110001010001
0100100110111111000000110111110001010001010010011011111100000011
0111110001010001010010011011111100000011011111000101000101001001
1011111100000011011111000101000101001001101111110000001101111100
0101000101001001101111110000001101111100010100010100100110111111
0000001101111100010100010100100110111111000000110111110001010001
0100100110111111000000110111110001010001010010011011111100000011
0111110001010001010010011011111100000011011111000101000101001001
1011111100000011011111000101000101001001101111110000001101111100
0101000101001001101111110000001101111100010100010100100110111111
0000001101111100010100010100100110111111000000110111110001010001
0100100110111111000000110111110001010001010010011011111100000011
nat_rev_swap_inv_bits(2048):
0101010111010101011101010111010101101010111111100010101100001100
0011010001101010111111100010101100001100001101000110101011111110
0010101100001100001101000110101011111110001010110000110000110100
0110101011111110001010110000110000110100011010101111111000101011
0000110000110100011010101111111000101011000011000011010001101010
1111111000101011000011000011010001101010111111100010101100001100
0011010001101010111111100010101100001100001101000110101011111110
0010101100001100001101000110101011111110001010110000110000110100
0110101011111110001010110000110000110100011010101111111000101011
0000110000110100011010101111111000101011000011000011010001101010
1111111000101011000011000011010001101010111111100010101100001100
0011010001101010111111100010101100001100001101000110101011111110
0010101100001100001101000110101011111110001010110000110000110100
0110101011111110001010110000110000110100011010101111111000101011
0000110000110100011010101111111000101011000011000011010001101010
1111111000101011000011000011010001101010111111100010101100001100
0011010001101010111111100010101100001100001101000110101011111110
0010101100001100001101000110101011111110001010110000110000110100
0110101011111110001010110000110000110100011010101111111000101011
0000110000110100011010101111111000101011000011000011010001101010
1111111000101011000011000011010001101010111111100010101100001100
0011010001101010111111100010101100001100001101000110101011111110
0010101100001100001101000110101011111110001010110000110000110100
0110101011111110001010110000110000110100011010101111111000101011
0000110000110100011010101111111000101011000011000011010001101010
1111111000101011000011000011010001101010111111100010101100001100
0011010001101010111111100010101100001100001101000110101011111110
0010101100001100001101000110101011111110001010110000110000110100
0110101011111110001010110000110000110100011010101111111000101011
0000110000110100011010101111111000101011000011000011010001101010
1111111000101011000011000011010001101010111111100010101100001100
0011010001101010111111100010101100001100001101000110101011111110
gray_rev_swap_inv_bits(2048):
0101010111010101011101010111010101000000111111001000001110101110
1011011001000000111111001000001110101110101101100100000011111100
1000001110101110101101100100000011111100100000111010111010110110
0100000011111100100000111010111010110110010000001111110010000011
1010111010110110010000001111110010000011101011101011011001000000
1111110010000011101011101011011001000000111111001000001110101110
1011011001000000111111001000001110101110101101100100000011111100
1000001110101110101101100100000011111100100000111010111010110110
0100000011111100100000111010111010110110010000001111110010000011
1010111010110110010000001111110010000011101011101011011001000000
1111110010000011101011101011011001000000111111001000001110101110
1011011001000000111111001000001110101110101101100100000011111100
1000001110101110101101100100000011111100100000111010111010110110
0100000011111100100000111010111010110110010000001111110010000011
1010111010110110010000001111110010000011101011101011011001000000
1111110010000011101011101011011001000000111111001000001110101110
1011011001000000111111001000001110101110101101100100000011111100
1000001110101110101101100100000011111100100000111010111010110110
0100000011111100100000111010111010110110010000001111110010000011
1010111010110110010000001111110010000011101011101011011001000000
1111110010000011101011101011011001000000111111001000001110101110
1011011001000000111111001000001110101110101101100100000011111100
1000001110101110101101100100000011111100100000111010111010110110
0100000011111100100000111010111010110110010000001111110010000011
1010111010110110010000001111110010000011101011101011011001000000
1111110010000011101011101011011001000000111111001000001110101110
1011011001000000111111001000001110101110101101100100000011111100
1000001110101110101101100100000011111100100000111010111010110110
0100000011111100100000111010111010110110010000001111110010000011
1010111010110110010000001111110010000011101011101011011001000000
1111110010000011101011101011011001000000111111001000001110101110
1011011001000000111111001000001110101110101101100100000011111100
nat_d4_bits(2048):
1111100011000110001100000100111111101010110011011110010011000111
1100001101010101111100001110000011000111110000110101010111110000
1110000011000111110000110101010111110000111000001100011111000011
0101010111110000111000001100011111000011010101011111000011100000
1100011111000011010101011111000011100000110001111100001101010101
1111000011100000110001111100001101010101111100001110000011000111
1100001101010101111100001110000011000111110000110101010111110000
1110000011000111110000110101010111110000111000001100011111000011
0101010111110000111000001100011111000011010101011111000011100000
1100011111000011010101011111000011100000110001111100001101010101
1111000011100000110001111100001101010101111100001110000011000111
1100001101010101111100001110000011000111110000110101010111110000
1110000011000111110000110101010111110000111000001100011111000011
0101010111110000111000001100011111000011010101011111000011100000
1100011111000011010101011111000011100000110001111100001101010101
1111000011100000110001111100001101010101111100001110000011000111
1100001101010101111100001110000011000111110000110101010111110000
1110000011000111110000110101010111110000111000001100011111000011
0101010111110000111000001100011111000011010101011111000011100000
1100011111000011010101011111000011100000110001111100001101010101
1111000011100000110001111100001101010101111100001110000011000111
1100001101010101111100001110000011000111110000110101010111110000
1110000011000111110000110101010111110000111000001100011111000011
0101010111110000111000001100011111000011010101011111000011100000
1100011111000011010101011111000011100000110001111100001101010101
1111000011100000110001111100001101010101111100001110000011000111
1100001101010101111100001110000011000111110000110101010111110000
1110000011000111110000110101010111110000111000001100011111000011
0101010111110000111000001100011111000011010101011111000011100000
1100011111000011010101011111000011100000110001111100001101010101
1111000011100000110001111100001101010101111100001110000011000111
1100001101010101111100001110000011000111110000110101010111110000
gray_d4_bits(2048):
1010111101111011110111111000101010111111111011100111001011001101
1100010100001010010110011111010011001101110001010000101001011001
1111010011001101110001010000101001011001111101001100110111000101
0000101001011001111101001100110111000101000010100101100111110100
1100110111000101000010100101100111110100110011011100010100001010
0101100111110100110011011100010100001010010110011111010011001101
1100010100001010010110011111010011001101110001010000101001011001
1111010011001101110001010000101001011001111101001100110111000101
0000101001011001111101001100110111000101000010100101100111110100
1100110111000101000010100101100111110100110011011100010100001010
0101100111110100110011011100010100001010010110011111010011001101
1100010100001010010110011111010011001101110001010000101001011001
1111010011001101110001010000101001011001111101001100110111000101
0000101001011001111101001100110111000101000010100101100111110100
1100110111000101000010100101100111110100110011011100010100001010
0101100111110100110011011100010100001010010110011111010011001101
1100010100001010010110011111010011001101110001010000101001011001
1111010011001101110001010000101001011001111101001100110111000101
0000101001011001111101001100110111000101000010100101100111110100
1100110111000101000010100101100111110100110011011100010100001010
0101100111110100110011011100010100001010010110011111010011001101
1100010100001010010110011111010011001101110001010000101001011001
1111010011001101110001010000101001011001111101001100110111000101
0000101001011001111101001100110111000101000010100101100111110100
1100110111000101000010100101100111110100110011011100010100001010
0101100111110100110011011100010100001010010110011111010011001101
1100010100001010010110011111010011001101110001010000101001011001
1111010011001101110001010000101001011001111101001100110111000101
0000101001011001111101001100110111000101000010100101100111110100
1100110111000101000010100101100111110100110011011100010100001010
0101100111110100110011011100010100001010010110011111010011001101
1100010100001010010110011111010011001101110001010000101001011001
nat_inv_d4_bits(2048):
0000000011000110001100011011000000010101001100100001101100111000
0011110010101010000011110001111100111000001111001010101000001111
0001111100111000001111001010101000001111000111110011100000111100
1010101000001111000111110011100000111100101010100000111100011111
0011100000111100101010100000111100011111001110000011110010101010
0000111100011111001110000011110010101010000011110001111100111000
0011110010101010000011110001111100111000001111001010101000001111
0001111100111000001111001010101000001111000111110011100000111100
1010101000001111000111110011100000111100101010100000111100011111
0011100000111100101010100000111100011111001110000011110010101010
0000111100011111001110000011110010101010000011110001111100111000
0011110010101010000011110001111100111000001111001010101000001111
0001111100111000001111001010101000001111000111110011100000111100
1010101000001111000111110011100000111100101010100000111100011111
0011100000111100101010100000111100011111001110000011110010101010
0000111100011111001110000011110010101010000011110001111100111000
0011110010101010000011110001111100111000001111001010101000001111
0001111100111000001111001010101000001111000111110011100000111100
1010101000001111000111110011100000111100101010100000111100011111
0011100000111100101010100000111100011111001110000011110010101010
0000111100011111001110000011110010101010000011110001111100111000
0011110010101010000011110001111100111000001111001010101000001111
0001111100111000001111001010101000001111000111110011100000111100
1010101000001111000111110011100000111100101010100000111100011111
0011100000111100101010100000111100011111001110000011110010101010
0000111100011111001110000011110010101010000011110001111100111000
0011110010101010000011110001111100111000001111001010101000001111
0001111100111000001111001010101000001111000111110011100000111100
1010101000001111000111110011100000111100101010100000111100011111
0011100000111100101010100000111100011111001110000011110010101010
0000111100011111001110000011110010101010000011110001111100111000
0011110010101010000011110001111100111000001111001010101000001111
gray_inv_d4_bits(2048):
0101011101111011110111100111010101000000000100011000110100110010
0011101011110101101001100000101100110010001110101111010110100110
0000101100110010001110101111010110100110000010110011001000111010
1111010110100110000010110011001000111010111101011010011000001011
0011001000111010111101011010011000001011001100100011101011110101
1010011000001011001100100011101011110101101001100000101100110010
0011101011110101101001100000101100110010001110101111010110100110
0000101100110010001110101111010110100110000010110011001000111010
1111010110100110000010110011001000111010111101011010011000001011
0011001000111010111101011010011000001011001100100011101011110101
1010011000001011001100100011101011110101101001100000101100110010
0011101011110101101001100000101100110010001110101111010110100110
0000101100110010001110101111010110100110000010110011001000111010
1111010110100110000010110011001000111010111101011010011000001011
0011001000111010111101011010011000001011001100100011101011110101
1010011000001011001100100011101011110101101001100000101100110010
0011101011110101101001100000101100110010001110101111010110100110
0000101100110010001110101111010110100110000010110011001000111010
1111010110100110000010110011001000111010111101011010011000001011
0011001000111010111101011010011000001011001100100011101011110101
1010011000001011001100100011101011110101101001100000101100110010
0011101011110101101001100000101100110010001110101111010110100110
0000101100110010001110101111010110100110000010110011001000111010
1111010110100110000010110011001000111010111101011010011000001011
0011001000111010111101011010011000001011001100100011101011110101
1010011000001011001100100011101011110101101001100000101100110010
0011101011110101101001100000101100110010001110101111010110100110
0000101100110010001110101111010110100110000010110011001000111010
1111010110100110000010110011001000111010111101011010011000001011
0011001000111010111101011010011000001011001100100011101011110101
1010011000001011001100100011101011110101101001100000101100110010
0011101011110101101001100000101100110010001110101111010110100110
nat_d17_bits(2048):
1111111100111111111100011111111001100110011011100000110100000101
1101001100101110111100111000100100000101110100110010111011110011
1000100100000101110100110010111011110011100010010000010111010011
0010111011110011100010010000010111010011001011101111001110001001
0000010111010011001011101111001110001001000001011101001100101110
1111001110001001000001011101001100101110111100111000100100000101
1101001100101110111100111000100100000101110100110010111011110011
1000100100000101110100110010111011110011100010010000010111010011
0010111011110011100010010000010111010011001011101111001110001001
0000010111010011001011101111001110001001000001011101001100101110
1111001110001001000001011101001100101110111100111000100100000101
1101001100101110111100111000100100000101110100110010111011110011
1000100100000101110100110010111011110011100010010000010111010011
0010111011110011100010010000010111010011001011101111001110001001
0000010111010011001011101111001110001001000001011101001100101110
1111001110001001000001011101001100101110111100111000100100000101
1101001100101110111100111000100100000101110100110010111011110011
1000100100000101110100110010111011110011100010010000010111010011
0010111011110011100010010000010111010011001011101111001110001001
0000010111010011001011101111001110001001000001011101001100101110
1111001110001001000001011101001100101110111100111000100100000101
1101001100101110111100111000100100000101110100110010111011110011
1000100100000101110100110010111011110011100010010000010111010011
0010111011110011100010010000010111010011001011101111001110001001
0000010111010011001011101111001110001001000001011101001100101110
1111001110001001000001011101001100101110111100111000100100000101
1101001100101110111100111000100100000101110100110010111011110011
1000100100000101110100110010111011110011100010010000010111010011
0010111011110011100010010000010111010011001011101111001110001001
0000010111010011001011101111001110001001000001011101001100101110
1111001110001001000001011101001100101110111100111000100100000101
1101001100101110111100111000100100000101110100110010111011110011
gray_d17_bits(2048):
1010101000101010101000010101010001001000101101001100011011101111
1001000001010011111100111000000011101111100100000101001111110011
1000000011101111100100000101001111110011100000001110111110010000
0101001111110011100000001110111110010000010100111111001110000000
1110111110010000010100111111001110000000111011111001000001010011
1111001110000000111011111001000001010011111100111000000011101111
1001000001010011111100111000000011101111100100000101001111110011
1000000011101111100100000101001111110011100000001110111110010000
0101001111110011100000001110111110010000010100111111001110000000
1110111110010000010100111111001110000000111011111001000001010011
1111001110000000111011111001000001010011111100111000000011101111
1001000001010011111100111000000011101111100100000101001111110011
1000000011101111100100000101001111110011100000001110111110010000
0101001111110011100000001110111110010000010100111111001110000000
1110111110010000010100111111001110000000111011111001000001010011
1111001110000000111011111001000001010011111100111000000011101111
1001000001010011111100111000000011101111100100000101001111110011
1000000011101111100100000101001111110011100000001110111110010000
0101001111110011100000001110111110010000010100111111001110000000
1110111110010000010100111111001110000000111011111001000001010011
1111001110000000111011111001000001010011111100111000000011101111
1001000001010011111100111000000011101111100100000101001111110011
1000000011101111100100000101001111110011100000001110111110010000
0101001111110011100000001110111110010000010100111111001110000000
1110111110010000010100111111001110000000111011111001000001010011
1111001110000000111011111001000001010011111100111000000011101111
1001000001010011111100111000000011101111100100000101001111110011
1000000011101111100100000101001111110011100000001110111110010000
0101001111110011100000001110111110010000010100111111001110000000
1110111110010000010100111111001110000000111011111001000001010011
1111001110000000111011111001000001010011111100111000000011101111
1001000001010011111100111000000011101111100100000101001111110011
nat_inv_d17_bits(2048):
0000000011000000001100000000000110011001100100011111001011111010
0010110011010001000011000111011011111010001011001101000100001100
0111011011111010001011001101000100001100011101101111101000101100
1101000100001100011101101111101000101100110100010000110001110110
1111101000101100110100010000110001110110111110100010110011010001
0000110001110110111110100010110011010001000011000111011011111010
0010110011010001000011000111011011111010001011001101000100001100
0111011011111010001011001101000100001100011101101111101000101100
1101000100001100011101101111101000101100110100010000110001110110
1111101000101100110100010000110001110110111110100010110011010001
0000110001110110111110100010110011010001000011000111011011111010
0010110011010001000011000111011011111010001011001101000100001100
0111011011111010001011001101000100001100011101101111101000101100
1101000100001100011101101111101000101100110100010000110001110110
1111101000101100110100010000110001110110111110100010110011010001
0000110001110110111110100010110011010001000011000111011011111010
0010110011010001000011000111011011111010001011001101000100001100
0111011011111010001011001101000100001100011101101111101000101100
1101000100001100011101101111101000101100110100010000110001110110
1111101000101100110100010000110001110110111110100010110011010001
0000110001110110111110100010110011010001000011000111011011111010
0010110011010001000011000111011011111010001011001101000100001100
0111011011111010001011001101000100001100011101101111101000101100
1101000100001100011101101111101000101100110100010000110001110110
1111101000101100110100010000110001110110111110100010110011010001
0000110001110110111110100010110011010001000011000111011011111010
0010110011010001000011000111011011111010001011001101000100001100
0111011011111010001011001101000100001100011101101111101000101100
1101000100001100011101101111101000101100110100010000110001110110
1111101000101100110100010000110001110110111110100010110011010001
0000110001110110111110100010110011010001000011000111011011111010
0010110011010001000011000111011011111010001011001101000100001100
gray_inv_d17_bits(2048):
0101010111010101011000001010101110110111010010110011100100010000
0110111110101100000011000111111100010000011011111010110000001100
0111111100010000011011111010110000001100011111110001000001101111
1010110000001100011111110001000001101111101011000000110001111111
0001000001101111101011000000110001111111000100000110111110101100
0000110001111111000100000110111110101100000011000111111100010000
0110111110101100000011000111111100010000011011111010110000001100
0111111100010000011011111010110000001100011111110001000001101111
1010110000001100011111110001000001101111101011000000110001111111
0001000001101111101011000000110001111111000100000110111110101100
0000110001111111000100000110111110101100000011000111111100010000
0110111110101100000011000111111100010000011011111010110000001100
0111111100010000011011111010110000001100011111110001000001101111
1010110000001100011111110001000001101111101011000000110001111111
0001000001101111101011000000110001111111000100000110111110101100
0000110001111111000100000110111110101100000011000111111100010000
0110111110101100000011000111111100010000011011111010110000001100
0111111100010000011011111010110000001100011111110001000001101111
1010110000001100011111110001000001101111101011000000110001111111
0001000001101111101011000000110001111111000100000110111110101100
0000110001111111000100000110111110101100000011000111111100010000
0110111110101100000011000111111100010000011011111010110000001100
0111111100010000011011111010110000001100011111110001000001101111
1010110000001100011111110001000001101111101011000000110001111111
0001000001101111101011000000110001111111000100000110111110101100
0000110001111111000100000110111110101100000011000111111100010000
0110111110101100000011000111111100010000011011111010110000001100
0111111100010000011011111010110000001100011111110001000001101111
1010110000001100011111110001000001101111101011000000110001111111
0001000001101111101011000000110001111111000100000110111110101100
0000110001111111000100000110111110101100000011000111111100010000
0110111110101100000011000111111100010000011011111010110000001100
nat_rev_d4_bits(2048):
0101011110111101111011111100010101101011110110000111010101100000
0101110010000000101101010111000101100000010111001000000010110101
0111000101100000010111001000000010110101011100010110000001011100
1000000010110101011100010110000001011100100000001011010101110001
0110000001011100100000001011010101110001011000000101110010000000
1011010101110001011000000101110010000000101101010111000101100000
0101110010000000101101010111000101100000010111001000000010110101
0111000101100000010111001000000010110101011100010110000001011100
1000000010110101011100010110000001011100100000001011010101110001
0110000001011100100000001011010101110001011000000101110010000000
1011010101110001011000000101110010000000101101010111000101100000
0101110010000000101101010111000101100000010111001000000010110101
0111000101100000010111001000000010110101011100010110000001011100
1000000010110101011100010110000001011100100000001011010101110001
0110000001011100100000001011010101110001011000000101110010000000
1011010101110001011000000101110010000000101101010111000101100000
0101110010000000101101010111000101100000010111001000000010110101
0111000101100000010111001000000010110101011100010110000001011100
1000000010110101011100010110000001011100100000001011010101110001
0110000001011100100000001011010101110001011000000101110010000000
1011010101110001011000000101110010000000101101010111000101100000
0101110010000000101101010111000101100000010111001000000010110101
0111000101100000010111001000000010110101011100010110000001011100
1000000010110101011100010110000001011100100000001011010101110001
0110000001011100100000001011010101110001011000000101110010000000
1011010101110001011000000101110010000000101101010111000101100000
0101110010000000101101010111000101100000010111001000000010110101
0111000101100000010111001000000010110101011100010110000001011100
1000000010110101011100010110000001011100100000001011010101110001
0110000001011100100000001011010101110001011000000101110010000000
1011010101110001011000000101110010000000101101010111000101100000
0101110010000000101101010111000101100000010111001000000010110101
gray_rev_d4_bits(2048):
0101011110111101111011111100010101111110011100010010101110111001
1001010100110101101111101010110110111001100101010011010110111110
1010110110111001100101010011010110111110101011011011100110010101
0011010110111110101011011011100110010101001101011011111010101101
1011100110010101001101011011111010101101101110011001010100110101
1011111010101101101110011001010100110101101111101010110110111001
1001010100110101101111101010110110111001100101010011010110111110
1010110110111001100101010011010110111110101011011011100110010101
0011010110111110101011011011100110010101001101011011111010101101
1011100110010101001101011011111010101101101110011001010100110101
1011111010101101101110011001010100110101101111101010110110111001
1001010100110101101111101010110110111001100101010011010110111110
1010110110111001100101010011010110111110101011011011100110010101
0011010110111110101011011011100110010101001101011011111010101101
1011100110010101001101011011111010101101101110011001010100110101
1011111010101101101110011001010100110101101111101010110110111001
1001010100110101101111101010110110111001100101010011010110111110
1010110110111001100101010011010110111110101011011011100110010101
0011010110111110101011011011100110010101001101011011111010101101
1011100110010101001101011011111010101101101110011001010100110101
1011111010101101101110011001010100110101101111101010110110111001
1001010100110101101111101010110110111001100101010011010110111110
1010110110111001100101010011010110111110101011011011100110010101
0011010110111110101011011011100110010101001101011011111010101101
1011100110010101001101011011111010101101101110011001010100110101
1011111010101101101110011001010100110101101111101010110110111001
1001010100110101101111101010110110111001100101010011010110111110
1010110110111001100101010011010110111110101011011011100110010101
0011010110111110101011011011100110010101001101011011111010101101
1011100110010101001101011011111010101101101110011001010100110101
1011111010101101101110011001010100110101101111101010110110111001
1001010100110101101111101010110110111001100101010011010110111110
nat_rev_inv_d4_bits(2048):
1010111110111101111011100011101010010100001001111000101010011111
1010001101111111010010101000111010011111101000110111111101001010
1000111010011111101000110111111101001010100011101001111110100011
0111111101001010100011101001111110100011011111110100101010001110
1001111110100011011111110100101010001110100111111010001101111111
0100101010001110100111111010001101111111010010101000111010011111
1010001101111111010010101000111010011111101000110111111101001010
1000111010011111101000110111111101001010100011101001111110100011
0111111101001010100011101001111110100011011111110100101010001110
1001111110100011011111110100101010001110100111111010001101111111
0100101010001110100111111010001101111111010010101000111010011111
1010001101111111010010101000111010011111101000110111111101001010
1000111010011111101000110111111101001010100011101001111110100011
0111111101001010100011101001111110100011011111110100101010001110
1001111110100011011111110100101010001110100111111010001101111111
0100101010001110100111111010001101111111010010101000111010011111
1010001101111111010010101000111010011111101000110111111101001010
1000111010011111101000110111111101001010100011101001111110100011
0111111101001010100011101001111110100011011111110100101010001110
1001111110100011011111110100101010001110100111111010001101111111
0100101010001110100111111010001101111111010010101000111010011111
1010001101111111010010101000111010011111101000110111111101001010
1000111010011111101000110111111101001010100011101001111110100011
0111111101001010100011101001111110100011011111110100101010001110
1001111110100011011111110100101010001110100111111010001101111111
0100101010001110100111111010001101111111010010101000111010011111
1010001101111111010010101000111010011111101000110111111101001010
1000111010011111101000110111111101001010100011101001111110100011
0111111101001010100011101001111110100011011111110100101010001110
1001111110100011011111110100101010001110100111111010001101111111
0100101010001110100111111010001101111111010010101000111010011111
1010001101111111010010101000111010011111101000110111111101001010
gray_rev_inv_d4_bits(2048):
1010111110111101111011100011101010000001100011101101010001000110
0110101011001010010000010101001001000110011010101100101001000001
0101001001000110011010101100101001000001010100100100011001101010
1100101001000001010100100100011001101010110010100100000101010010
0100011001101010110010100100000101010010010001100110101011001010
0100000101010010010001100110101011001010010000010101001001000110
0110101011001010010000010101001001000110011010101100101001000001
0101001001000110011010101100101001000001010100100100011001101010
1100101001000001010100100100011001101010110010100100000101010010
0100011001101010110010100100000101010010010001100110101011001010
0100000101010010010001100110101011001010010000010101001001000110
0110101011001010010000010101001001000110011010101100101001000001
0101001001000110011010101100101001000001010100100100011001101010
1100101001000001010100100100011001101010110010100100000101010010
0100011001101010110010100100000101010010010001100110101011001010
0100000101010010010001100110101011001010010000010101001001000110
0110101011001010010000010101001001000110011010101100101001000001
0101001001000110011010101100101001000001010100100100011001101010
1100101001000001010100100100011001101010110010100100000101010010
0100011001101010110010100100000101010010010001100110101011001010
0100000101010010010001100110101011001010010000010101001001000110
0110101011001010010000010101001001000110011010101100101001000001
0101001001000110011010101100101001000001010100100100011001101010
1100101001000001010100100100011001101010110010100100000101010010
0100011001101010110010100100000101010010010001100110101011001010
0100000101010010010001100110101011001010010000010101001001000110
0110101011001010010000010101001001000110011010101100101001000001
0101001001000110011010101100101001000001010100100100011001101010
1100101001000001010100100100011001101010110010100100000101010010
0100011001101010110010100100000101010010010001100110101011001010
0100000101010010010001100110101011001010010000010101001001000110
0110101011001010010000010101001001000110011010101100101001000001
nat_rev_d17_bits(2048):
0101010100010101010100001010101000010001110110010011100010100111
0111100010000111000101001011110010100111011110001000011100010100
1011110010100111011110001000011100010100101111001010011101111000
1000011100010100101111001010011101111000100001110001010010111100
1010011101111000100001110001010010111100101001110111100010000111
0001010010111100101001110111100010000111000101001011110010100111
0111100010000111000101001011110010100111011110001000011100010100
1011110010100111011110001000011100010100101111001010011101111000
1000011100010100101111001010011101111000100001110001010010111100
1010011101111000100001110001010010111100101001110111100010000111
0001010010111100101001110111100010000111000101001011110010100111
0111100010000111000101001011110010100111011110001000011100010100
1011110010100111011110001000011100010100101111001010011101111000
1000011100010100101111001010011101111000100001110001010010111100
1010011101111000100001110001010010111100101001110111100010000111
0001010010111100101001110111100010000111000101001011110010100111
0111100010000111000101001011110010100111011110001000011100010100
1011110010100111011110001000011100010100101111001010011101111000
1000011100010100101111001010011101111000100001110001010010111100
1010011101111000100001110001010010111100101001110111100010000111
0001010010111100101001110111100010000111000101001011110010100111
0111100010000111000101001011110010100111011110001000011100010100
1011110010100111011110001000011100010100101111001010011101111000
1000011100010100101111001010011101111000100001110001010010111100
1010011101111000100001110001010010111100101001110111100010000111
0001010010111100101001110111100010000111000101001011110010100111
0111100010000111000101001011110010100111011110001000011100010100
1011110010100111011110001000011100010100101111001010011101111000
1000011100010100101111001010011101111000100001110001010010111100
1010011101111000100001110001010010111100101001110111100010000111
0001010010111100101001110111100010000111000101001011110010100111
0111100010000111000101001011110010100111011110001000011100010100
gray_rev_d17_bits(2048):
0101010100010101010100001010101000000100110110000110100110011100
0110111000101110111001110010111110011100011011100010111011100111
0010111110011100011011100010111011100111001011111001110001101110
0010111011100111001011111001110001101110001011101110011100101111
1001110001101110001011101110011100101111100111000110111000101110
1110011100101111100111000110111000101110111001110010111110011100
0110111000101110111001110010111110011100011011100010111011100111
0010111110011100011011100010111011100111001011111001110001101110
0010111011100111001011111001110001101110001011101110011100101111
1001110001101110001011101110011100101111100111000110111000101110
1110011100101111100111000110111000101110111001110010111110011100
0110111000101110111001110010111110011100011011100010111011100111
0010111110011100011011100010111011100111001011111001110001101110
0010111011100111001011111001110001101110001011101110011100101111
1001110001101110001011101110011100101111100111000110111000101110
1110011100101111100111000110111000101110111001110010111110011100
0110111000101110111001110010111110011100011011100010111011100111
0010111110011100011011100010111011100111001011111001110001101110
0010111011100111001011111001110001101110001011101110011100101111
1001110001101110001011101110011100101111100111000110111000101110
1110011100101111100111000110111000101110111001110010111110011100
0110111000101110111001110010111110011100011011100010111011100111
0010111110011100011011100010111011100111001011111001110001101110
0010111011100111001011111001110001101110001011101110011100101111
1001110001101110001011101110011100101111100111000110111000101110
1110011100101111100111000110111000101110111001110010111110011100
0110111000101110111001110010111110011100011011100010111011100111
0010111110011100011011100010111011100111001011111001110001101110
0010111011100111001011111001110001101110001011101110011100101111
1001110001101110001011101110011100101111100111000110111000101110
1110011100101111100111000110111000101110111001110010111110011100
0110111000101110111001110010111110011100011011100010111011100111
nat_rev_inv_d17_bits(2048):
1010101011101010100100010101010111101110001001101100011101011000
1000011101111000111010110100001101011000100001110111100011101011
0100001101011000100001110111100011101011010000110101100010000111
0111100011101011010000110101100010000111011110001110101101000011
0101100010000111011110001110101101000011010110001000011101111000
1110101101000011010110001000011101111000111010110100001101011000
1000011101111000111010110100001101011000100001110111100011101011
0100001101011000100001110111100011101011010000110101100010000111
0111100011101011010000110101100010000111011110001110101101000011
0101100010000111011110001110101101000011010110001000011101111000
1110101101000011010110001000011101111000111010110100001101011000
1000011101111000111010110100001101011000100001110111100011101011
0100001101011000100001110111100011101011010000110101100010000111
0111100011101011010000110101100010000111011110001110101101000011
0101100010000111011110001110101101000011010110001000011101111000
1110101101000011010110001000011101111000111010110100001101011000
1000011101111000111010110100001101011000100001110111100011101011
0100001101011000100001110111100011101011010000110101100010000111
0111100011101011010000110101100010000111011110001110101101000011
0101100010000111011110001110101101000011010110001000011101111000
1110101101000011010110001000011101111000111010110100001101011000
1000011101111000111010110100001101011000100001110111100011101011
0100001101011000100001110111100011101011010000110101100010000111
0111100011101011010000110101100010000111011110001110101101000011
0101100010000111011110001110101101000011010110001000011101111000
1110101101000011010110001000011101111000111010110100001101011000
1000011101111000111010110100001101011000100001110111100011101011
0100001101011000100001110111100011101011010000110101100010000111
0111100011101011010000110101100010000111011110001110101101000011
0101100010000111011110001110101101000011010110001000011101111000
1110101101000011010110001000011101111000111010110100001101011000
1000011101111000111010110100001101011000100001110111100011101011
gray_rev_inv_d17_bits(2048):
1010101011101010100100010101010111111011001001111001011001100011
1001000111010001000110001101000001100011100100011101000100011000
1101000001100011100100011101000100011000110100000110001110010001
1101000100011000110100000110001110010001110100010001100011010000
0110001110010001110100010001100011010000011000111001000111010001
0001100011010000011000111001000111010001000110001101000001100011
1001000111010001000110001101000001100011100100011101000100011000
1101000001100011100100011101000100011000110100000110001110010001
1101000100011000110100000110001110010001110100010001100011010000
0110001110010001110100010001100011010000011000111001000111010001
0001100011010000011000111001000111010001000110001101000001100011
1001000111010001000110001101000001100011100100011101000100011000
1101000001100011100100011101000100011000110100000110001110010001
1101000100011000110100000110001110010001110100010001100011010000
0110001110010001110100010001100011010000011000111001000111010001
0001100011010000011000111001000111010001000110001101000001100011
1001000111010001000110001101000001100011100100011101000100011000
1101000001100011100100011101000100011000110100000110001110010001
1101000100011000110100000110001110010001110100010001100011010000
0110001110010001110100010001100011010000011000111001000111010001
0001100011010000011000111001000111010001000110001101000001100011
1001000111010001000110001101000001100011100100011101000100011000
1101000001100011100100011101000100011000110100000110001110010001
1101000100011000110100000110001110010001110100010001100011010000
0110001110010001110100010001100011010000011000111001000111010001
0001100011010000011000111001000111010001000110001101000001100011
1001000111010001000110001101000001100011100100011101000100011000
1101000001100011100100011101000100011000110100000110001110010001
1101000100011000110100000110001110010001110100010001100011010000
0110001110010001110100010001100011010000011000111001000111010001
0001100011010000011000111001000111010001000110001101000001100011
1001000111010001000110001101000001100011100100011101000100011000
nat_swap_d4_bits(2048):
1111100011000110001100000100111111010100001101100000011110101101
1001100110001010111011001000010110101101100110011000101011101100
1000010110101101100110011000101011101100100001011010110110011001
1000101011101100100001011010110110011001100010101110110010000101
1010110110011001100010101110110010000101101011011001100110001010
1110110010000101101011011001100110001010111011001000010110101101
1001100110001010111011001000010110101101100110011000101011101100
1000010110101101100110011000101011101100100001011010110110011001
1000101011101100100001011010110110011001100010101110110010000101
1010110110011001100010101110110010000101101011011001100110001010
1110110010000101101011011001100110001010111011001000010110101101
1001100110001010111011001000010110101101100110011000101011101100
1000010110101101100110011000101011101100100001011010110110011001
1000101011101100100001011010110110011001100010101110110010000101
1010110110011001100010101110110010000101101011011001100110001010
1110110010000101101011011001100110001010111011001000010110101101
1001100110001010111011001000010110101101100110011000101011101100
1000010110101101100110011000101011101100100001011010110110011001
1000101011101100100001011010110110011001100010101110110010000101
1010110110011001100010101110110010000101101011011001100110001010
1110110010000101101011011001100110001010111011001000010110101101
1001100110001010111011001000010110101101100110011000101011101100
1000010110101101100110011000101011101100100001011010110110011001
1000101011101100100001011010110110011001100010101110110010000101
1010110110011001100010101110110010000101101011011001100110001010
1110110010000101101011011001100110001010111011001000010110101101
1001100110001010111011001000010110101101100110011000101011101100
1000010110101101100110011000101011101100100001011010110110011001
1000101011101100100001011010110110011001100010101110110010000101
1010110110011001100010101110110010000101101011011001100110001010
1110110010000101101011011001100110001010111011001000010110101101
1001100110001010111011001000010110101101100110011000101011101100
gray_swap_d4_bits(2048):
0101011110111101111011111100010101111110011100010010101110111001
1001010100110101101111101010110110111001100101010011010110111110
1010110110111001100101010011010110111110101011011011100110010101
0011010110111110101011011011100110010101001101011011111010101101
1011100110010101001101011011111010101101101110011001010100110101
1011111010101101101110011001010100110101101111101010110110111001
1001010100110101101111101010110110111001100101010011010110111110
1010110110111001100101010011010110111110101011011011100110010101
0011010110111110101011011011100110010101001101011011111010101101
1011100110010101001101011011111010101101101110011001010100110101
1011111010101101101110011001010100110101101111101010110110111001
1001010100110101101111101010110110111001100101010011010110111110
1010110110111001100101010011010110111110101011011011100110010101
0011010110111110101011011011100110010101001101011011111010101101
1011100110010101001101011011111010101101101110011001010100110101
1011111010101101101110011001010100110101101111101010110110111001
1001010100110101101111101010110110111001100101010011010110111110
1010110110111001100101010011010110111110101011011011100110010101
0011010110111110101011011011100110010101001101011011111010101101
1011100110010101001101011011111010101101101110011001010100110101
1011111010101101101110011001010100110101101111101010110110111001
1001010100110101101111101010110110111001100101010011010110111110
1010110110111001100101010011010110111110101011011011100110010101
0011010110111110101011011011100110010101001101011011111010101101
1011100110010101001101011011111010101101101110011001010100110101
1011111010101101101110011001010100110101101111101010110110111001
1001010100110101101111101010110110111001100101010011010110111110
1010110110111001100101010011010110111110101011011011100110010101
0011010110111110101011011011100110010101001101011011111010101101
1011100110010101001101011011111010101101101110011001010100110101
1011111010101101101110011001010100110101101111101010110110111001
1001010100110101101111101010110110111001100101010011010110111110
nat_swap_inv_d4_bits(2048):
0000000011000110001100011011000000101011110010011111100001010010
0110011001110101000100110111101001010010011001100111010100010011
0111101001010010011001100111010100010011011110100101001001100110
0111010100010011011110100101001001100110011101010001001101111010
0101001001100110011101010001001101111010010100100110011001110101
0001001101111010010100100110011001110101000100110111101001010010
0110011001110101000100110111101001010010011001100111010100010011
0111101001010010011001100111010100010011011110100101001001100110
0111010100010011011110100101001001100110011101010001001101111010
0101001001100110011101010001001101111010010100100110011001110101
0001001101111010010100100110011001110101000100110111101001010010
0110011001110101000100110111101001010010011001100111010100010011
0111101001010010011001100111010100010011011110100101001001100110
0111010100010011011110100101001001100110011101010001001101111010
0101001001100110011101010001001101111010010100100110011001110101
0001001101111010010100100110011001110101000100110111101001010010
0110011001110101000100110111101001010010011001100111010100010011
0111101001010010011001100111010100010011011110100101001001100110
0111010100010011011110100101001001100110011101010001001101111010
0101001001100110011101010001001101111010010100100110011001110101
0001001101111010010100100110011001110101000100110111101001010010
0110011001110101000100110111101001010010011001100111010100010011
0111101001010010011001100111010100010011011110100101001001100110
0111010100010011011110100101001001100110011101010001001101111010
0101001001100110011101010001001101111010010100100110011001110101
0001001101111010010100100110011001110101000100110111101001010010
0110011001110101000100110111101001010010011001100111010100010011
0111101001010010011001100111010100010011011110100101001001100110
0111010100010011011110100101001001100110011101010001001101111010
0101001001100110011101010001001101111010010100100110011001110101
0001001101111010010100100110011001110101000100110111101001010010
0110011001110101000100110111101001010010011001100111010100010011
gray_swap_inv_d4_bits(2048):
1010111110111101111011100011101010000001100011101101010001000110
0110101011001010010000010101001001000110011010101100101001000001
0101001001000110011010101100101001000001010100100100011001101010
1100101001000001010100100100011001101010110010100100000101010010
0100011001101010110010100100000101010010010001100110101011001010
0100000101010010010001100110101011001010010000010101001001000110
0110101011001010010000010101001001000110011010101100101001000001
0101001001000110011010101100101001000001010100100100011001101010
1100101001000001010100100100011001101010110010100100000101010010
0100011001101010110010100100000101010010010001100110101011001010
0100000101010010010001100110101011001010010000010101001001000110
0110101011001010010000010101001001000110011010101100101001000001
0101001001000110011010101100101001000001010100100100011001101010
1100101001000001010100100100011001101010110010100100000101010010
0100011001101010110010100100000101010010010001100110101011001010
0100000101010010010001100110101011001010010000010101001001000110
0110101011001010010000010101001001000110011010101100101001000001
0101001001000110011010101100101001000001010100100100011001101010
1100101001000001010100100100011001101010110010100100000101010010
0100011001101010110010100100000101010010010001100110101011001010
0100000101010010010001100110101011001010010000010101001001000110
0110101011001010010000010101001001000110011010101100101001000001
0101001001000110011010101100101001000001010100100100011001101010
1100101001000001010100100100011001101010110010100100000101010010
0100011001101010110010100100000101010010010001100110101011001010
0100000101010010010001100110101011001010010000010101001001000110
0110101011001010010000010101001001000110011010101100101001000001
0101001001000110011010101100101001000001010100100100011001101010
1100101001000001010100100100011001101010110010100100000101010010
0100011001101010110010100100000101010010010001100110101011001010
0100000101010010010001100110101011001010010000010101001001000110
0110101011001010010000010101001001000110011010101100101001000001
nat_swap_d17_bits(2048):
1111111100111111111100011111111001011001011011011111111001001000
1110100011010100111001110011110001001000111010001101010011100111
0011110001001000111010001101010011100111001111000100100011101000
1101010011100111001111000100100011101000110101001110011100111100
0100100011101000110101001110011100111100010010001110100011010100
1110011100111100010010001110100011010100111001110011110001001000
1110100011010100111001110011110001001000111010001101010011100111
0011110001001000111010001101010011100111001111000100100011101000
1101010011100111001111000100100011101000110101001110011100111100
0100100011101000110101001110011100111100010010001110100011010100
1110011100111100010010001110100011010100111001110011110001001000
1110100011010100111001110011110001001000111010001101010011100111
0011110001001000111010001101010011100111001111000100100011101000
1101010011100111001111000100100011101000110101001110011100111100
0100100011101000110101001110011100111100010010001110100011010100
1110011100111100010010001110100011010100111001110011110001001000
1110100011010100111001110011110001001000111010001101010011100111
0011110001001000111010001101010011100111001111000100100011101000
1101010011100111001111000100100011101000110101001110011100111100
0100100011101000110101001110011100111100010010001110100011010100
1110011100111100010010001110100011010100111001110011110001001000
1110100011010100111001110011110001001000111010001101010011100111
0011110001001000111010001101010011100111001111000100100011101000
1101010011100111001111000100100011101000110101001110011100111100
0100100011101000110101001110011100111100010010001110100011010100
1110011100111100010010001110100011010100111001110011110001001000
1110100011010100111001110011110001001000111010001101010011100111
0011110001001000111010001101010011100111001111000100100011101000
1101010011100111001111000100100011101000110101001110011100111100
0100100011101000110101001110011100111100010010001110100011010100
1110011100111100010010001110100011010100111001110011110001001000
1110100011010100111001110011110001001000111010001101010011100111
gray_swap_d17_bits(2048):
0101010100010101010100001010101000000100110110000110100110011100
0110111000101110111001110010111110011100011011100010111011100111
0010111110011100011011100010111011100111001011111001110001101110
0010111011100111001011111001110001101110001011101110011100101111
1001110001101110001011101110011100101111100111000110111000101110
1110011100101111100111000110111000101110111001110010111110011100
0110111000101110111001110010111110011100011011100010111011100111
0010111110011100011011100010111011100111001011111001110001101110
0010111011100111001011111001110001101110001011101110011100101111
1001110001101110001011101110011100101111100111000110111000101110
1110011100101111100111000110111000101110111001110010111110011100
0110111000101110111001110010111110011100011011100010111011100111
0010111110011100011011100010111011100111001011111001110001101110
0010111011100111001011111001110001101110001011101110011100101111
1001110001101110001011101110011100101111100111000110111000101110
1110011100101111100111000110111000101110111001110010111110011100
0110111000101110111001110010111110011100011011100010111011100111
0010111110011100011011100010111011100111001011111001110001101110
0010111011100111001011111001110001101110001011101110011100101111
1001110001101110001011101110011100101111100111000110111000101110
1110011100101111100111000110111000101110111001110010111110011100
0110111000101110111001110010111110011100011011100010111011100111
0010111110011100011011100010111011100111001011111001110001101110
0010111011100111001011111001110001101110001011101110011100101111
1001110001101110001011101110011100101111100111000110111000101110
1110011100101111100111000110111000101110111001110010111110011100
0110111000101110111001110010111110011100011011100010111011100111
0010111110011100011011100010111011100111001011111001110001101110
0010111011100111001011111001110001101110001011101110011100101111
1001110001101110001011101110011100101111100111000110111000101110
1110011100101111100111000110111000101110111001110010111110011100
0110111000101110111001110010111110011100011011100010111011100111
nat_swap_inv_d17_bits(2048):
0000000011000000001100000000000110100110100100100000000110110111
0001011100101011000110001100001110110111000101110010101100011000
1100001110110111000101110010101100011000110000111011011100010111
0010101100011000110000111011011100010111001010110001100011000011
1011011100010111001010110001100011000011101101110001011100101011
0001100011000011101101110001011100101011000110001100001110110111
0001011100101011000110001100001110110111000101110010101100011000
1100001110110111000101110010101100011000110000111011011100010111
0010101100011000110000111011011100010111001010110001100011000011
1011011100010111001010110001100011000011101101110001011100101011
0001100011000011101101110001011100101011000110001100001110110111
0001011100101011000110001100001110110111000101110010101100011000
1100001110110111000101110010101100011000110000111011011100010111
0010101100011000110000111011011100010111001010110001100011000011
1011011100010111001010110001100011000011101101110001011100101011
0001100011000011101101110001011100101011000110001100001110110111
0001011100101011000110001100001110110111000101110010101100011000
1100001110110111000101110010101100011000110000111011011100010111
0010101100011000110000111011011100010111001010110001100011000011
1011011100010111001010110001100011000011101101110001011100101011
0001100011000011101101110001011100101011000110001100001110110111
0001011100101011000110001100001110110111000101110010101100011000
1100001110110111000101110010101100011000110000111011011100010111
0010101100011000110000111011011100010111001010110001100011000011
1011011100010111001010110001100011000011101101110001011100101011
0001100011000011101101110001011100101011000110001100001110110111
0001011100101011000110001100001110110111000101110010101100011000
1100001110110111000101110010101100011000110000111011011100010111
0010101100011000110000111011011100010111001010110001100011000011
1011011100010111001010110001100011000011101101110001011100101011
0001100011000011101101110001011100101011000110001100001110110111
0001011100101011000110001100001110110111000101110010101100011000
gray_swap_inv_d17_bits(2048):
1010101011101010100100010101010111111011001001111001011001100011
1001000111010001000110001101000001100011100100011101000100011000
1101000001100011100100011101000100011000110100000110001110010001
1101000100011000110100000110001110010001110100010001100011010000
0110001110010001110100010001100011010000011000111001000111010001
0001100011010000011000111001000111010001000110001101000001100011
1001000111010001000110001101000001100011100100011101000100011000
1101000001100011100100011101000100011000110100000110001110010001
1101000100011000110100000110001110010001110100010001100011010000
0110001110010001110100010001100011010000011000111001000111010001
0001100011010000011000111001000111010001000110001101000001100011
1001000111010001000110001101000001100011100100011101000100011000
1101000001100011100100011101000100011000110100000110001110010001
1101000100011000110100000110001110010001110100010001100011010000
0110001110010001110100010001100011010000011000111001000111010001
0001100011010000011000111001000111010001000110001101000001100011
1001000111010001000110001101000001100011100100011101000100011000
1101000001100011100100011101000100011000110100000110001110010001
1101000100011000110100000110001110010001110100010001100011010000
0110001110010001110100010001100011010000011000111001000111010001
0001100011010000011000111001000111010001000110001101000001100011
1001000111010001000110001101000001100011100100011101000100011000
1101000001100011100100011101000100011000110100000110001110010001
1101000100011000110100000110001110010001110100010001100011010000
0110001110010001110100010001100011010000011000111001000111010001
0001100011010000011000111001000111010001000110001101000001100011
1001000111010001000110001101000001100011100100011101000100011000
1101000001100011100100011101000100011000110100000110001110010001
1101000100011000110100000110001110010001110100010001100011010000
0110001110010001110100010001100011010000011000111001000111010001
0001100011010000011000111001000111010001000110001101000001100011
1001000111010001000110001101000001100011100100011101000100011000
nat_rev_swap_d4_bits(2048):
1010111101111011110111111000101010010100101111001100111101111110
0101011001100000010011100100110101111110010101100110000001001110
0100110101111110010101100110000001001110010011010111111001010110
0110000001001110010011010111111001010110011000000100111001001101
0111111001010110011000000100111001001101011111100101011001100000
0100111001001101011111100101011001100000010011100100110101111110
0101011001100000010011100100110101111110010101100110000001001110
0100110101111110010101100110000001001110010011010111111001010110
0110000001001110010011010111111001010110011000000100111001001101
0111111001010110011000000100111001001101011111100101011001100000
0100111001001101011111100101011001100000010011100100110101111110
0101011001100000010011100100110101111110010101100110000001001110
0100110101111110010101100110000001001110010011010111111001010110
0110000001001110010011010111111001010110011000000100111001001101
0111111001010110011000000100111001001101011111100101011001100000
0100111001001101011111100101011001100000010011100100110101111110
0101011001100000010011100100110101111110010101100110000001001110
0100110101111110010101100110000001001110010011010111111001010110
0110000001001110010011010111111001010110011000000100111001001101
0111111001010110011000000100111001001101011111100101011001100000
0100111001001101011111100101011001100000010011100100110101111110
0101011001100000010011100100110101111110010101100110000001001110
0100110101111110010101100110000001001110010011010111111001010110
0110000001001110010011010111111001010110011000000100111001001101
0111111001010110011000000100111001001101011111100101011001100000
0100111001001101011111100101011001100000010011100100110101111110
0101011001100000010011100100110101111110010101100110000001001110
0100110101111110010101100110000001001110010011010111111001010110
0110000001001110010011010111111001010110011000000100111001001101
0111111001010110011000000100111001001101011111100101011001100000
0100111001001101011111100101011001100000010011100100110101111110
0101011001100000010011100100110101111110010101100110000001001110
gray_rev_swap_d4_bits(2048):
1010111101111011110111111000101010111111111011100111001011001101
1100010100001010010110011111010011001101110001010000101001011001
1111010011001101110001010000101001011001111101001100110111000101
0000101001011001111101001100110111000101000010100101100111110100
1100110111000101000010100101100111110100110011011100010100001010
0101100111110100110011011100010100001010010110011111010011001101
1100010100001010010110011111010011001101110001010000101001011001
1111010011001101110001010000101001011001111101001100110111000101
0000101001011001111101001100110111000101000010100101100111110100
1100110111000101000010100101100111110100110011011100010100001010
0101100111110100110011011100010100001010010110011111010011001101
1100010100001010010110011111010011001101110001010000101001011001
1111010011001101110001010000101001011001111101001100110111000101
0000101001011001111101001100110111000101000010100101100111110100
1100110111000101000010100101100111110100110011011100010100001010
0101100111110100110011011100010100001010010110011111010011001101
1100010100001010010110011111010011001101110001010000101001011001
1111010011001101110001010000101001011001111101001100110111000101
0000101001011001111101001100110111000101000010100101100111110100
1100110111000101000010100101100111110100110011011100010100001010
0101100111110100110011011100010100001010010110011111010011001101
1100010100001010010110011111010011001101110001010000101001011001
1111010011001101110001010000101001011001111101001100110111000101
0000101001011001111101001100110111000101000010100101100111110100
1100110111000101000010100101100111110100110011011100010100001010
0101100111110100110011011100010100001010010110011111010011001101
1100010100001010010110011111010011001101110001010000101001011001
1111010011001101110001010000101001011001111101001100110111000101
0000101001011001111101001100110111000101000010100101100111110100
1100110111000101000010100101100111110100110011011100010100001010
0101100111110100110011011100010100001010010110011111010011001101
1100010100001010010110011111010011001101110001010000101001011001
nat_rev_swap_inv_d4_bits(2048):
0101011101111011110111100111010101101011010000110011000010000001
1010100110011111101100011011001010000001101010011001111110110001
1011001010000001101010011001111110110001101100101000000110101001
1001111110110001101100101000000110101001100111111011000110110010
1000000110101001100111111011000110110010100000011010100110011111
1011000110110010100000011010100110011111101100011011001010000001
1010100110011111101100011011001010000001101010011001111110110001
1011001010000001101010011001111110110001101100101000000110101001
1001111110110001101100101000000110101001100111111011000110110010
1000000110101001100111111011000110110010100000011010100110011111
1011000110110010100000011010100110011111101100011011001010000001
1010100110011111101100011011001010000001101010011001111110110001
1011001010000001101010011001111110110001101100101000000110101001
1001111110110001101100101000000110101001100111111011000110110010
1000000110101001100111111011000110110010100000011010100110011111
1011000110110010100000011010100110011111101100011011001010000001
1010100110011111101100011011001010000001101010011001111110110001
1011001010000001101010011001111110110001101100101000000110101001
1001111110110001101100101000000110101001100111111011000110110010
1000000110101001100111111011000110110010100000011010100110011111
1011000110110010100000011010100110011111101100011011001010000001
1010100110011111101100011011001010000001101010011001111110110001
1011001010000001101010011001111110110001101100101000000110101001
1001111110110001101100101000000110101001100111111011000110110010
1000000110101001100111111011000110110010100000011010100110011111
1011000110110010100000011010100110011111101100011011001010000001
1010100110011111101100011011001010000001101010011001111110110001
1011001010000001101010011001111110110001101100101000000110101001
1001111110110001101100101000000110101001100111111011000110110010
1000000110101001100111111011000110110010100000011010100110011111
1011000110110010100000011010100110011111101100011011001010000001
1010100110011111101100011011001010000001101010011001111110110001
gray_rev_swap_inv_d4_bits(2048):
0101011101111011110111100111010101000000000100011000110100110010
0011101011110101101001100000101100110010001110101111010110100110
0000101100110010001110101111010110100110000010110011001000111010
1111010110100110000010110011001000111010111101011010011000001011
0011001000111010111101011010011000001011001100100011101011110101
1010011000001011001100100011101011110101101001100000101100110010
0011101011110101101001100000101100110010001110101111010110100110
0000101100110010001110101111010110100110000010110011001000111010
1111010110100110000010110011001000111010111101011010011000001011
0011001000111010111101011010011000001011001100100011101011110101
1010011000001011001100100011101011110101101001100000101100110010
0011101011110101101001100000101100110010001110101111010110100110
0000101100110010001110101111010110100110000010110011001000111010
1111010110100110000010110011001000111010111101011010011000001011
0011001000111010111101011010011000001011001100100011101011110101
1010011000001011001100100011101011110101101001100000101100110010
0011101011110101101001100000101100110010001110101111010110100110
0000101100110010001110101111010110100110000010110011001000111010
1111010110100110000010110011001000111010111101011010011000001011
0011001000111010111101011010011000001011001100100011101011110101
1010011000001011001100100011101011110101101001100000101100110010
0011101011110101101001100000101100110010001110101111010110100110
0000101100110010001110101111010110100110000010110011001000111010
1111010110100110000010110011001000111010111101011010011000001011
0011001000111010111101011010011000001011001100100011101011110101
1010011000001011001100100011101011110101101001100000101100110010
0011101011110101101001100000101100110010001110101111010110100110
0000101100110010001110101111010110100110000010110011001000111010
1111010110100110000010110011001000111010111101011010011000001011
0011001000111010111101011010011000001011001100100011101011110101
1010011000001011001100100011101011110101101001100000101100110010
0011101011110101101001100000101100110010001110101111010110100110
nat_rev_swap_d17_bits(2048):
1010101000101010101000010101010001100010101101100110010010011001
1011110100000000000101001010011010011001101111010000000000010100
1010011010011001101111010000000000010100101001101001100110111101
0000000000010100101001101001100110111101000000000001010010100110
1001100110111101000000000001010010100110100110011011110100000000
0001010010100110100110011011110100000000000101001010011010011001
1011110100000000000101001010011010011001101111010000000000010100
1010011010011001101111010000000000010100101001101001100110111101
0000000000010100101001101001100110111101000000000001010010100110
1001100110111101000000000001010010100110100110011011110100000000
0001010010100110100110011011110100000000000101001010011010011001
1011110100000000000101001010011010011001101111010000000000010100
1010011010011001101111010000000000010100101001101001100110111101
0000000000010100101001101001100110111101000000000001010010100110
1001100110111101000000000001010010100110100110011011110100000000
0001010010100110100110011011110100000000000101001010011010011001
1011110100000000000101001010011010011001101111010000000000010100
1010011010011001101111010000000000010100101001101001100110111101
0000000000010100101001101001100110111101000000000001010010100110
1001100110111101000000000001010010100110100110011011110100000000
0001010010100110100110011011110100000000000101001010011010011001
1011110100000000000101001010011010011001101111010000000000010100
1010011010011001101111010000000000010100101001101001100110111101
0000000000010100101001101001100110111101000000000001010010100110
1001100110111101000000000001010010100110100110011011110100000000
0001010010100110100110011011110100000000000101001010011010011001
1011110100000000000101001010011010011001101111010000000000010100
1010011010011001101111010000000000010100101001101001100110111101
0000000000010100101001101001100110111101000000000001010010100110
1001100110111101000000000001010010100110100110011011110100000000
0001010010100110100110011011110100000000000101001010011010011001
1011110100000000000101001010011010011001101111010000000000010100
gray_rev_swap_d17_bits(2048):
1010101000101010101000010101010001001000101101001100011011101111
1001000001010011111100111000000011101111100100000101001111110011
1000000011101111100100000101001111110011100000001110111110010000
0101001111110011100000001110111110010000010100111111001110000000
1110111110010000010100111111001110000000111011111001000001010011
1111001110000000111011111001000001010011111100111000000011101111
1001000001010011111100111000000011101111100100000101001111110011
1000000011101111100100000101001111110011100000001110111110010000
0101001111110011100000001110111110010000010100111111001110000000
1110111110010000010100111111001110000000111011111001000001010011
1111001110000000111011111001000001010011111100111000000011101111
1001000001010011111100111000000011101111100100000101001111110011
1000000011101111100100000101001111110011100000001110111110010000
0101001111110011100000001110111110010000010100111111001110000000
1110111110010000010100111111001110000000111011111001000001010011
1111001110000000111011111001000001010011111100111000000011101111
1001000001010011111100111000000011101111100100000101001111110011
1000000011101111100100000101001111110011100000001110111110010000
0101001111110011100000001110111110010000010100111111001110000000
1110111110010000010100111111001110000000111011111001000001010011
1111001110000000111011111001000001010011111100111000000011101111
1001000001010011111100111000000011101111100100000101001111110011
1000000011101111100100000101001111110011100000001110111110010000
0101001111110011100000001110111110010000010100111111001110000000
1110111110010000010100111111001110000000111011111001000001010011
1111001110000000111011111001000001010011111100111000000011101111
1001000001010011111100111000000011101111100100000101001111110011
1000000011101111100100000101001111110011100000001110111110010000
0101001111110011100000001110111110010000010100111111001110000000
1110111110010000010100111111001110000000111011111001000001010011
1111001110000000111011111001000001010011111100111000000011101111
1001000001010011111100111000000011101111100100000101001111110011
nat_rev_swap_inv_d17_bits(2048):
0101010111010101011000001010101110011101010010011001101101100110
0100001011111111111010110101100101100110010000101111111111101011
0101100101100110010000101111111111101011010110010110011001000010
1111111111101011010110010110011001000010111111111110101101011001
0110011001000010111111111110101101011001011001100100001011111111
1110101101011001011001100100001011111111111010110101100101100110
0100001011111111111010110101100101100110010000101111111111101011
0101100101100110010000101111111111101011010110010110011001000010
1111111111101011010110010110011001000010111111111110101101011001
0110011001000010111111111110101101011001011001100100001011111111
1110101101011001011001100100001011111111111010110101100101100110
0100001011111111111010110101100101100110010000101111111111101011
0101100101100110010000101111111111101011010110010110011001000010
1111111111101011010110010110011001000010111111111110101101011001
0110011001000010111111111110101101011001011001100100001011111111
1110101101011001011001100100001011111111111010110101100101100110
0100001011111111111010110101100101100110010000101111111111101011
0101100101100110010000101111111111101011010110010110011001000010
1111111111101011010110010110011001000010111111111110101101011001
0110011001000010111111111110101101011001011001100100001011111111
1110101101011001011001100100001011111111111010110101100101100110
0100001011111111111010110101100101100110010000101111111111101011
0101100101100110010000101111111111101011010110010110011001000010
1111111111101011010110010110011001000010111111111110101101011001
0110011001000010111111111110101101011001011001100100001011111111
1110101101011001011001100100001011111111111010110101100101100110
0100001011111111111010110101100101100110010000101111111111101011
0101100101100110010000101111111111101011010110010110011001000010
1111111111101011010110010110011001000010111111111110101101011001
0110011001000010111111111110101101011001011001100100001011111111
1110101101011001011001100100001011111111111010110101100101100110
0100001011111111111010110101100101100110010000101111111111101011
gray_rev_swap_inv_d17_bits(2048):
0101010111010101011000001010101110110111010010110011100100010000
0110111110101100000011000111111100010000011011111010110000001100
0111111100010000011011111010110000001100011111110001000001101111
1010110000001100011111110001000001101111101011000000110001111111
0001000001101111101011000000110001111111000100000110111110101100
0000110001111111000100000110111110101100000011000111111100010000
0110111110101100000011000111111100010000011011111010110000001100
0111111100010000011011111010110000001100011111110001000001101111
1010110000001100011111110001000001101111101011000000110001111111
0001000001101111101011000000110001111111000100000110111110101100
0000110001111111000100000110111110101100000011000111111100010000
0110111110101100000011000111111100010000011011111010110000001100
0111111100010000011011111010110000001100011111110001000001101111
1010110000001100011111110001000001101111101011000000110001111111
0001000001101111101011000000110001111111000100000110111110101100
0000110001111111000100000110111110101100000011000111111100010000
0110111110101100000011000111111100010000011011111010110000001100
0111111100010000011011111010110000001100011111110001000001101111
1010110000001100011111110001000001101111101011000000110001111111
0001000001101111101011000000110001111111000100000110111110101100
0000110001111111000100000110111110101100000011000111111100010000
0110111110101100000011000111111100010000011011111010110000001100
0111111100010000011011111010110000001100011111110001000001101111
1010110000001100011111110001000001101111101011000000110001111111
0001000001101111101011000000110001111111000100000110111110101100
0000110001111111000100000110111110101100000011000111111100010000
0110111110101100000011000111111100010000011011111010110000001100
0111111100010000011011111010110000001100011111110001000001101111
1010110000001100011111110001000001101111101011000000110001111111
0001000001101111101011000000110001111111000100000110111110101100
0000110001111111000100000110111110101100000011000111111100010000
0110111110101100000011000111111100010000011011111010110000001100
