file=gough-lui-v90-v92-modem-sounds/xircom-creditcardlan-v90.wav
start_ms=11839.667 mode=carrier-qpsk carrier_hz=1800.000 sym_rate=3000.000 offset_samples=0.000
symbols=1024
nat_bits(2048):
0010111110101010101101000101100100010100001011110111101010110000
0101101000010100000100101011011010000000010110100001010000011111
1011011010000000010110100001010000011111101101110100000001011010
0001010000010011011110100100000001011010000101000001001101111010
0100000001011010000101000001001101111010010000000101101000010100
0001001101111010010000000101101000010100001011101011101001001011
1111111111011111111100001111110000111111011111111111111111110000
1111110000111111000011111111111111111111111111000011111111111111
1111111111111111111111111111111100001111110000111111111111111111
1111111111111111111111111111111111111111111111111111111111111111
1111111111111111111111111111111111111111111111111111111111111111
1111111111111111111111111111111111111111111111111111111111111111
1111111111111111111111111111111111111111111111111111111111111111
1111111111111111111111111111111111111111111111111111111111111111
1111111111111111111111111111111111111100001111110000111111111111
1111111111111111111111110000111111000011111111111111111111111111
0000111111000011111111111111110000111111111111111100001111110000
1111111111111111111111111100001111110000111111111111111111111111
1100001111110000111111000011111111111111110000111111000011111100
0011111100001111110000111111000011111100001111110000111111000011
1111111111111100001111111111111111111111111111111111110111111111
1111111111011111111111111111111101111111111111111111111111111111
1111110111111111111111111111111111110000111111000011111100001111
1100001111111100001111000011000011000011001100001100001100110000
1100110000110000111100000011000011001100100001110000000101000101
0100111010000101000100010101011111011011101001101101111111100101
1101000101000001010010101011010000010001110001000110011010110100
1000100100000110011000001010011001101001010101101101101110010001
0110100110001101010001101011010110011110101011011111100001100111
0001111011011101110111010001110011100001011010011011010111100101
1000100011011001011011101010010101000111000000011101011001000100
1111100100010100001000001110100110101001110101110100010101010110
gray_bits(2048):
0011101011111111111001000101110100010100001110100110111111100000
0101111100010100000100111110011111000000010111110001010000011010
1110011111000000010111110001010000011010111001100100000001011111
0001010000010010011011110100000001011111000101000001001001101111
0100000001011111000101000001001001101111010000000101111100010100
0001001001101111010000000101111100010100001110111110111101001110
1010101010011010101000001010100000101010011010101010101010100000
1010100000101010000010101010101010101010101010000010101010101010
1010101010101010101010101010101000001010100000101010101010101010
1010101010101010101010101010101010101010101010101010101010101010
1010101010101010101010101010101010101010101010101010101010101010
1010101010101010101010101010101010101010101010101010101010101010
1010101010101010101010101010101010101010101010101010101010101010
1010101010101010101010101010101010101010101010101010101010101010
1010101010101010101010101010101010101000001010100000101010101010
1010101010101010101010100000101010000010101010101010101010101010
0000101010000010101010101010100000101010101010101000001010100000
1010101010101010101010101000001010100000101010101010101010101010
1000001010100000101010000010101010101010100000101010000010101000
0010101000001010100000101010000010101000001010100000101010000010
1010101010101000001010101010101010101010101010101010100110101010
1010101010011010101010101010101001101010101010101010101010101010
1010100110101010101010101010101010100000101010000010101000001010
1000001010101000001010000010000010000010001000001000001000100000
1000100000100000101000000010000010001000110001100000000101000101
0100101111000101000100010101011010011110111101111001101010110101
1001000101000001010011111110010000010001100001000111011111100100
1100110100000111011100001111011101111101010101111001111011010001
0111110111001001010001111110010111011011111110011010110001110110
0001101110011001100110010001100010110001011111011110010110110101
1100110010011101011110111111010101000110000000011001011101000100
1010110100010100001100001011110111111101100101100100010101010111
nat_bits_inverted(2048):
1101000001010101010010111010011011101011110100001000010101001111
1010010111101011111011010100100101111111101001011110101111100000
0100100101111111101001011110101111100000010010001011111110100101
1110101111101100100001011011111110100101111010111110110010000101
1011111110100101111010111110110010000101101111111010010111101011
1110110010000101101111111010010111101011110100010100010110110100
0000000000100000000011110000001111000000100000000000000000001111
0000001111000000111100000000000000000000000000111100000000000000
0000000000000000000000000000000011110000001111000000000000000000
0000000000000000000000000000000000000000000000000000000000000000
0000000000000000000000000000000000000000000000000000000000000000
0000000000000000000000000000000000000000000000000000000000000000
0000000000000000000000000000000000000000000000000000000000000000
0000000000000000000000000000000000000000000000000000000000000000
0000000000000000000000000000000000000011110000001111000000000000
0000000000000000000000001111000000111100000000000000000000000000
1111000000111100000000000000001111000000000000000011110000001111
0000000000000000000000000011110000001111000000000000000000000000
0011110000001111000000111100000000000000001111000000111100000011
1100000011110000001111000000111100000011110000001111000000111100
0000000000000011110000000000000000000000000000000000001000000000
0000000000100000000000000000000010000000000000000000000000000000
0000001000000000000000000000000000001111000000111100000011110000
0011110000000011110000111100111100111100110011110011110011001111
0011001111001111000011111100111100110011011110001111111010111010
1011000101111010111011101010100000100100010110010010000000011010
0010111010111110101101010100101111101110001110111001100101001011
0111011011111001100111110101100110010110101010010010010001101110
1001011001110010101110010100101001100001010100100000011110011000
1110000100100010001000101110001100011110100101100100101000011010
0111011100100110100100010101101010111000111111100010100110111011
0000011011101011110111110001011001010110001010001011101010101001
gray_bits_inverted(2048):
1100010100000000000110111010001011101011110001011001000000011111
1010000011101011111011000001100000111111101000001110101111100101
0001100000111111101000001110101111100101000110011011111110100000
1110101111101101100100001011111110100000111010111110110110010000
1011111110100000111010111110110110010000101111111010000011101011
1110110110010000101111111010000011101011110001000001000010110001
0101010101100101010111110101011111010101100101010101010101011111
0101011111010101111101010101010101010101010101111101010101010101
0101010101010101010101010101010111110101011111010101010101010101
0101010101010101010101010101010101010101010101010101010101010101
0101010101010101010101010101010101010101010101010101010101010101
0101010101010101010101010101010101010101010101010101010101010101
0101010101010101010101010101010101010101010101010101010101010101
0101010101010101010101010101010101010101010101010101010101010101
0101010101010101010101010101010101010111110101011111010101010101
0101010101010101010101011111010101111101010101010101010101010101
1111010101111101010101010101011111010101010101010111110101011111
0101010101010101010101010111110101011111010101010101010101010101
0111110101011111010101111101010101010101011111010101111101010111
1101010111110101011111010101111101010111110101011111010101111101
0101010101010111110101010101010101010101010101010101011001010101
0101010101100101010101010101010110010101010101010101010101010101
0101011001010101010101010101010101011111010101111101010111110101
0111110101010111110101111101111101111101110111110111110111011111
0111011111011111010111111101111101110111001110011111111010111010
1011010000111010111011101010100101100001000010000110010101001010
0110111010111110101100000001101111101110011110111000100000011011
0011001011111000100011110000100010000010101010000110000100101110
1000001000110110101110000001101000100100000001100101001110001001
1110010001100110011001101110011101001110100000100001101001001010
0011001101100010100001000000101010111001111111100110100010111011
0101001011101011110011110100001000000010011010011011101010101000
nat_rev_bits(2048):
0010010110101010100111001111101100111100001001011101101010010000
1111101000111100001100101001111010000000111110100011110000110101
1001111010000000111110100011110000110101100111011100000011111010
0011110000110001110110101100000011111010001111000011000111011010
1100000011111010001111000011000111011010110000001111101000111100
0011000111011010110000001111101000111100001001101001101011001001
0101010101110101010100000101010000010101110101010101010101010000
0101010000010101000001010101010101010101010101000001010101010101
0101010101010101010101010101010100000101010000010101010101010101
0101010101010101010101010101010101010101010101010101010101010101
0101010101010101010101010101010101010101010101010101010101010101
0101010101010101010101010101010101010101010101010101010101010101
0101010101010101010101010101010101010101010101010101010101010101
0101010101010101010101010101010101010101010101010101010101010101
0101010101010101010101010101010101010100000101010000010101010101
0101010101010101010101010000010101000001010101010101010101010101
0000010101000001010101010101010000010101010101010100000101010000
0101010101010101010101010100000101010000010101010101010101010101
0100000101010000010101000001010101010101010000010101000001010100
0001010100000101010000010101000001010100000101010000010101000001
0101010101010100000101010101010101010101010101010101011101010101
0101010101110101010101010101010111010101010101010101010101010101
0101011101010101010101010101010101010000010101000001010100000101
0100000101010100000101000001000001000001000100000100000100010000
0100010000010000010100000001000001000100100011010000001111001111
1100011010001111001100111111110101111001101011100111010101101111
0111001111000011110010101001110000110011010011001110111010011100
1000101100001110111000001010111011101011111111100111100110110011
1110101110000111110011101001111110110110101001110101100011101101
0011011001110111011101110011010001100011111010111001111101101111
1000100001111011111001101010111111001101000000110111111011001100
0101101100111100001000000110101110101011011111011100111111111110
gray_rev_bits(2048):
0011010111111111110110001010111000101000001101011001111111010000
1010111100101000001000111101101111000000101011110010100000100101
1101101111000000101011110010100000100101110110011000000010101111
0010100000100001100111111000000010101111001010000010000110011111
1000000010101111001010000010000110011111100000001010111100101000
0010000110011111100000001010111100101000001101111101111110001101
0101010101100101010100000101010000010101100101010101010101010000
0101010000010101000001010101010101010101010101000001010101010101
0101010101010101010101010101010100000101010000010101010101010101
0101010101010101010101010101010101010101010101010101010101010101
0101010101010101010101010101010101010101010101010101010101010101
0101010101010101010101010101010101010101010101010101010101010101
0101010101010101010101010101010101010101010101010101010101010101
0101010101010101010101010101010101010101010101010101010101010101
0101010101010101010101010101010101010100000101010000010101010101
0101010101010101010101010000010101000001010101010101010101010101
0000010101000001010101010101010000010101010101010100000101010000
0101010101010101010101010100000101010000010101010101010101010101
0100000101010000010101000001010101010101010000010101000001010100
0001010100000101010000010101000001010100000101010000010101000001
0101010101010100000101010101010101010101010101010101011001010101
0101010101100101010101010101010110010101010101010101010101010101
0101011001010101010101010101010101010000010101000001010100000101
0100000101010100000101000001000001000001000100000100000100010000
0100010000010000010100000001000001000100110010010000001010001010
1000011111001010001000101010100101101101111110110110010101111010
0110001010000010100011111101100000100010010010001011101111011000
1100111000001011101100001111101110111110101010110110110111100010
1011111011000110100010111101101011100111111101100101110010111001
0010011101100110011001100010010001110010101111101101101001111010
1100110001101110101101111111101010001001000000100110101110001000
0101111000101000001100000111111011111110011010011000101010101011
nat_rev_inv_bits(2048):
1101101001010101011000110000010011000011110110100010010101101111
0000010111000011110011010110000101111111000001011100001111001010
0110000101111111000001011100001111001010011000100011111100000101
1100001111001110001001010011111100000101110000111100111000100101
0011111100000101110000111100111000100101001111110000010111000011
1100111000100101001111110000010111000011110110010110010100110110
1010101010001010101011111010101111101010001010101010101010101111
1010101111101010111110101010101010101010101010111110101010101010
1010101010101010101010101010101011111010101111101010101010101010
1010101010101010101010101010101010101010101010101010101010101010
1010101010101010101010101010101010101010101010101010101010101010
1010101010101010101010101010101010101010101010101010101010101010
1010101010101010101010101010101010101010101010101010101010101010
1010101010101010101010101010101010101010101010101010101010101010
1010101010101010101010101010101010101011111010101111101010101010
1010101010101010101010101111101010111110101010101010101010101010
1111101010111110101010101010101111101010101010101011111010101111
1010101010101010101010101011111010101111101010101010101010101010
1011111010101111101010111110101010101010101111101010111110101011
1110101011111010101111101010111110101011111010101111101010111110
1010101010101011111010101010101010101010101010101010100010101010
1010101010001010101010101010101000101010101010101010101010101010
1010100010101010101010101010101010101111101010111110101011111010
1011111010101011111010111110111110111110111011111011111011101111
1011101111101111101011111110111110111011011100101111110000110000
0011100101110000110011000000001010000110010100011000101010010000
1000110000111100001101010110001111001100101100110001000101100011
0111010011110001000111110101000100010100000000011000011001001100
0001010001111000001100010110000001001001010110001010011100010010
1100100110001000100010001100101110011100000101000110000010010000
0111011110000100000110010101000000110010111111001000000100110011
1010010011000011110111111001010001010100100000100011000000000001
gray_rev_inv_bits(2048):
1100101000000000001001110101000111010111110010100110000000101111
0101000011010111110111000010010000111111010100001101011111011010
0010010000111111010100001101011111011010001001100111111101010000
1101011111011110011000000111111101010000110101111101111001100000
0111111101010000110101111101111001100000011111110101000011010111
1101111001100000011111110101000011010111110010000010000001110010
1010101010011010101011111010101111101010011010101010101010101111
1010101111101010111110101010101010101010101010111110101010101010
1010101010101010101010101010101011111010101111101010101010101010
1010101010101010101010101010101010101010101010101010101010101010
1010101010101010101010101010101010101010101010101010101010101010
1010101010101010101010101010101010101010101010101010101010101010
1010101010101010101010101010101010101010101010101010101010101010
1010101010101010101010101010101010101010101010101010101010101010
1010101010101010101010101010101010101011111010101111101010101010
1010101010101010101010101111101010111110101010101010101010101010
1111101010111110101010101010101111101010101010101011111010101111
1010101010101010101010101011111010101111101010101010101010101010
1011111010101111101010111110101010101010101111101010111110101011
1110101011111010101111101010111110101011111010101111101010111110
1010101010101011111010101010101010101010101010101010100110101010
1010101010011010101010101010101001101010101010101010101010101010
1010100110101010101010101010101010101111101010111110101011111010
1011111010101011111010111110111110111110111011111011111011101111
1011101111101111101011111110111110111011001101101111110101110101
0111100000110101110111010101011010010010000001001001101010000101
1001110101111101011100000010011111011101101101110100010000100111
0011000111110100010011110000010001000001010101001001001000011101
0100000100111001011101000010010100011000000010011010001101000110
1101100010011001100110011101101110001101010000010010010110000101
0011001110010001010010000000010101110110111111011001010001110111
1010000111010111110011111000000100000001100101100111010101010100
nat_swap_bits(2048):
0001111101010101011110001010011000101000000111111011010101110000
1010010100101000001000010111100101000000101001010010100000101111
0111100101000000101001010010100000101111011110111000000010100101
0010100000100011101101011000000010100101001010000010001110110101
1000000010100101001010000010001110110101100000001010010100101000
0010001110110101100000001010010100101000000111010111010110000111
1111111111101111111100001111110000111111101111111111111111110000
1111110000111111000011111111111111111111111111000011111111111111
1111111111111111111111111111111100001111110000111111111111111111
1111111111111111111111111111111111111111111111111111111111111111
1111111111111111111111111111111111111111111111111111111111111111
1111111111111111111111111111111111111111111111111111111111111111
1111111111111111111111111111111111111111111111111111111111111111
1111111111111111111111111111111111111111111111111111111111111111
1111111111111111111111111111111111111100001111110000111111111111
1111111111111111111111110000111111000011111111111111111111111111
0000111111000011111111111111110000111111111111111100001111110000
1111111111111111111111111100001111110000111111111111111111111111
1100001111110000111111000011111111111111110000111111000011111100
0011111100001111110000111111000011111100001111110000111111000011
1111111111111100001111111111111111111111111111111111111011111111
1111111111101111111111111111111110111111111111111111111111111111
1111111011111111111111111111111111110000111111000011111100001111
1100001111111100001111000011000011000011001100001100001100110000
1100110000110000111100000011000011001100010010110000001010001010
1000110101001010001000101010101111100111010110011110111111011010
1110001010000010100001010111100000100010110010001001100101111000
0100011000001001100100000101100110010110101010011110011101100010
1001011001001110100010010111101001101101010111101111010010011011
0010110111101110111011100010110011010010100101100111101011011010
0100010011100110100111010101101010001011000000101110100110001000
1111011000101000000100001101011001010110111010111000101010101001
gray_swap_bits(2048):
0011010111111111110110001010111000101000001101011001111111010000
1010111100101000001000111101101111000000101011110010100000100101
1101101111000000101011110010100000100101110110011000000010101111
0010100000100001100111111000000010101111001010000010000110011111
1000000010101111001010000010000110011111100000001010111100101000
0010000110011111100000001010111100101000001101111101111110001101
0101010101100101010100000101010000010101100101010101010101010000
0101010000010101000001010101010101010101010101000001010101010101
0101010101010101010101010101010100000101010000010101010101010101
0101010101010101010101010101010101010101010101010101010101010101
0101010101010101010101010101010101010101010101010101010101010101
0101010101010101010101010101010101010101010101010101010101010101
0101010101010101010101010101010101010101010101010101010101010101
0101010101010101010101010101010101010101010101010101010101010101
0101010101010101010101010101010101010100000101010000010101010101
0101010101010101010101010000010101000001010101010101010101010101
0000010101000001010101010101010000010101010101010100000101010000
0101010101010101010101010100000101010000010101010101010101010101
0100000101010000010101000001010101010101010000010101000001010100
0001010100000101010000010101000001010100000101010000010101000001
0101010101010100000101010101010101010101010101010101011001010101
0101010101100101010101010101010110010101010101010101010101010101
0101011001010101010101010101010101010000010101000001010100000101
0100000101010100000101000001000001000001000100000100000100010000
0100010000010000010100000001000001000100110010010000001010001010
1000011111001010001000101010100101101101111110110110010101111010
0110001010000010100011111101100000100010010010001011101111011000
1100111000001011101100001111101110111110101010110110110111100010
1011111011000110100010111101101011100111111101100101110010111001
0010011101100110011001100010010001110010101111101101101001111010
1100110001101110101101111111101010001001000000100110101110001000
0101111000101000001100000111111011111110011010011000101010101011
nat_swap_inv_bits(2048):
1110000010101010100001110101100111010111111000000100101010001111
0101101011010111110111101000011010111111010110101101011111010000
1000011010111111010110101101011111010000100001000111111101011010
1101011111011100010010100111111101011010110101111101110001001010
0111111101011010110101111101110001001010011111110101101011010111
1101110001001010011111110101101011010111111000101000101001111000
0000000000010000000011110000001111000000010000000000000000001111
0000001111000000111100000000000000000000000000111100000000000000
0000000000000000000000000000000011110000001111000000000000000000
0000000000000000000000000000000000000000000000000000000000000000
0000000000000000000000000000000000000000000000000000000000000000
0000000000000000000000000000000000000000000000000000000000000000
0000000000000000000000000000000000000000000000000000000000000000
0000000000000000000000000000000000000000000000000000000000000000
0000000000000000000000000000000000000011110000001111000000000000
0000000000000000000000001111000000111100000000000000000000000000
1111000000111100000000000000001111000000000000000011110000001111
0000000000000000000000000011110000001111000000000000000000000000
0011110000001111000000111100000000000000001111000000111100000011
1100000011110000001111000000111100000011110000001111000000111100
0000000000000011110000000000000000000000000000000000000100000000
0000000000010000000000000000000001000000000000000000000000000000
0000000100000000000000000000000000001111000000111100000011110000
0011110000000011110000111100111100111100110011110011110011001111
0011001111001111000011111100111100110011101101001111110101110101
0111001010110101110111010101010000011000101001100001000000100101
0001110101111101011110101000011111011101001101110110011010000111
1011100111110110011011111010011001101001010101100001100010011101
0110100110110001011101101000010110010010101000010000101101100100
1101001000010001000100011101001100101101011010011000010100100101
1011101100011001011000101010010101110100111111010001011001110111
0000100111010111111011110010100110101001000101000111010101010110
gray_swap_inv_bits(2048):
1100101000000000001001110101000111010111110010100110000000101111
0101000011010111110111000010010000111111010100001101011111011010
0010010000111111010100001101011111011010001001100111111101010000
1101011111011110011000000111111101010000110101111101111001100000
0111111101010000110101111101111001100000011111110101000011010111
1101111001100000011111110101000011010111110010000010000001110010
1010101010011010101011111010101111101010011010101010101010101111
1010101111101010111110101010101010101010101010111110101010101010
1010101010101010101010101010101011111010101111101010101010101010
1010101010101010101010101010101010101010101010101010101010101010
1010101010101010101010101010101010101010101010101010101010101010
1010101010101010101010101010101010101010101010101010101010101010
1010101010101010101010101010101010101010101010101010101010101010
1010101010101010101010101010101010101010101010101010101010101010
1010101010101010101010101010101010101011111010101111101010101010
1010101010101010101010101111101010111110101010101010101010101010
1111101010111110101010101010101111101010101010101011111010101111
1010101010101010101010101011111010101111101010101010101010101010
1011111010101111101010111110101010101010101111101010111110101011
1110101011111010101111101010111110101011111010101111101010111110
1010101010101011111010101010101010101010101010101010100110101010
1010101010011010101010101010101001101010101010101010101010101010
1010100110101010101010101010101010101111101010111110101011111010
1011111010101011111010111110111110111110111011111011111011101111
1011101111101111101011111110111110111011001101101111110101110101
0111100000110101110111010101011010010010000001001001101010000101
1001110101111101011100000010011111011101101101110100010000100111
0011000111110100010011110000010001000001010101001001001000011101
0100000100111001011101000010010100011000000010011010001101000110
1101100010011001100110011101101110001101010000010010010110000101
0011001110010001010010000000010101110110111111011001010001110111
1010000111010111110011111000000100000001100101100111010101010100
nat_rev_swap_bits(2048):
0001101001010101011011001111011100111100000110101110010101100000
1111010100111100001100010110110101000000111101010011110000111010
0110110101000000111101010011110000111010011011101100000011110101
0011110000110010111001011100000011110101001111000011001011100101
1100000011110101001111000011001011100101110000001111010100111100
0011001011100101110000001111010100111100000110010110010111000110
1010101010111010101000001010100000101010111010101010101010100000
1010100000101010000010101010101010101010101010000010101010101010
1010101010101010101010101010101000001010100000101010101010101010
1010101010101010101010101010101010101010101010101010101010101010
1010101010101010101010101010101010101010101010101010101010101010
1010101010101010101010101010101010101010101010101010101010101010
1010101010101010101010101010101010101010101010101010101010101010
1010101010101010101010101010101010101010101010101010101010101010
1010101010101010101010101010101010101000001010100000101010101010
1010101010101010101010100000101010000010101010101010101010101010
0000101010000010101010101010100000101010101010101000001010100000
1010101010101010101010101000001010100000101010101010101010101010
1000001010100000101010000010101010101010100000101010000010101000
0010101000001010100000101010000010101000001010100000101010000010
1010101010101000001010101010101010101010101010101010101110101010
1010101010111010101010101010101011101010101010101010101010101010
1010101110101010101010101010101010100000101010000010101000001010
1000001010101000001010000010000010000010001000001000001000100000
1000100000100000101000000010000010001000010011100000001111001111
1100100101001111001100111111111010110110010111011011101010011111
1011001111000011110001010110110000110011100011001101110101101100
0100011100001101110100000101110111010111111111011011011001110011
1101011101001011110011010110111101111001010110111010010011011110
0011100110111011101110110011100010010011110101110110111110011111
0100010010110111110110010101111111001110000000111011110111001100
1010011100111100000100001001011101010111101111101100111111111101
gray_rev_swap_bits(2048):
0011101011111111111001000101110100010100001110100110111111100000
0101111100010100000100111110011111000000010111110001010000011010
1110011111000000010111110001010000011010111001100100000001011111
0001010000010010011011110100000001011111000101000001001001101111
0100000001011111000101000001001001101111010000000101111100010100
0001001001101111010000000101111100010100001110111110111101001110
1010101010011010101000001010100000101010011010101010101010100000
1010100000101010000010101010101010101010101010000010101010101010
1010101010101010101010101010101000001010100000101010101010101010
1010101010101010101010101010101010101010101010101010101010101010
1010101010101010101010101010101010101010101010101010101010101010
1010101010101010101010101010101010101010101010101010101010101010
1010101010101010101010101010101010101010101010101010101010101010
1010101010101010101010101010101010101010101010101010101010101010
1010101010101010101010101010101010101000001010100000101010101010
1010101010101010101010100000101010000010101010101010101010101010
0000101010000010101010101010100000101010101010101000001010100000
1010101010101010101010101000001010100000101010101010101010101010
1000001010100000101010000010101010101010100000101010000010101000
0010101000001010100000101010000010101000001010100000101010000010
1010101010101000001010101010101010101010101010101010100110101010
1010101010011010101010101010101001101010101010101010101010101010
1010100110101010101010101010101010100000101010000010101000001010
1000001010101000001010000010000010000010001000001000001000100000
1000100000100000101000000010000010001000110001100000000101000101
0100101111000101000100010101011010011110111101111001101010110101
1001000101000001010011111110010000010001100001000111011111100100
1100110100000111011100001111011101111101010101111001111011010001
0111110111001001010001111110010111011011111110011010110001110110
0001101110011001100110010001100010110001011111011110010110110101
1100110010011101011110111111010101000110000000011001011101000100
1010110100010100001100001011110111111101100101100100010101010111
nat_rev_swap_inv_bits(2048):
1110010110101010100100110000100011000011111001010001101010011111
0000101011000011110011101001001010111111000010101100001111000101
1001001010111111000010101100001111000101100100010011111100001010
1100001111001101000110100011111100001010110000111100110100011010
0011111100001010110000111100110100011010001111110000101011000011
1100110100011010001111110000101011000011111001101001101000111001
0101010101000101010111110101011111010101000101010101010101011111
0101011111010101111101010101010101010101010101111101010101010101
0101010101010101010101010101010111110101011111010101010101010101
0101010101010101010101010101010101010101010101010101010101010101
0101010101010101010101010101010101010101010101010101010101010101
0101010101010101010101010101010101010101010101010101010101010101
0101010101010101010101010101010101010101010101010101010101010101
0101010101010101010101010101010101010101010101010101010101010101
0101010101010101010101010101010101010111110101011111010101010101
0101010101010101010101011111010101111101010101010101010101010101
1111010101111101010101010101011111010101010101010111110101011111
0101010101010101010101010111110101011111010101010101010101010101
0111110101011111010101111101010101010101011111010101111101010111
1101010111110101011111010101111101010111110101011111010101111101
0101010101010111110101010101010101010101010101010101010001010101
0101010101000101010101010101010100010101010101010101010101010101
0101010001010101010101010101010101011111010101111101010111110101
0111110101010111110101111101111101111101110111110111110111011111
0111011111011111010111111101111101110111101100011111110000110000
0011011010110000110011000000000101001001101000100100010101100000
0100110000111100001110101001001111001100011100110010001010010011
1011100011110010001011111010001000101000000000100100100110001100
0010100010110100001100101001000010000110101001000101101100100001
1100011001000100010001001100011101101100001010001001000001100000
1011101101001000001001101010000000110001111111000100001000110011
0101100011000011111011110110100010101000010000010011000000000010
gray_rev_swap_inv_bits(2048):
1100010100000000000110111010001011101011110001011001000000011111
1010000011101011111011000001100000111111101000001110101111100101
0001100000111111101000001110101111100101000110011011111110100000
1110101111101101100100001011111110100000111010111110110110010000
1011111110100000111010111110110110010000101111111010000011101011
1110110110010000101111111010000011101011110001000001000010110001
0101010101100101010111110101011111010101100101010101010101011111
0101011111010101111101010101010101010101010101111101010101010101
0101010101010101010101010101010111110101011111010101010101010101
0101010101010101010101010101010101010101010101010101010101010101
0101010101010101010101010101010101010101010101010101010101010101
0101010101010101010101010101010101010101010101010101010101010101
0101010101010101010101010101010101010101010101010101010101010101
0101010101010101010101010101010101010101010101010101010101010101
0101010101010101010101010101010101010111110101011111010101010101
0101010101010101010101011111010101111101010101010101010101010101
1111010101111101010101010101011111010101010101010111110101011111
0101010101010101010101010111110101011111010101010101010101010101
0111110101011111010101111101010101010101011111010101111101010111
1101010111110101011111010101111101010111110101011111010101111101
0101010101010111110101010101010101010101010101010101011001010101
0101010101100101010101010101010110010101010101010101010101010101
0101011001010101010101010101010101011111010101111101010111110101
0111110101010111110101111101111101111101110111110111110111011111
0111011111011111010111111101111101110111001110011111111010111010
1011010000111010111011101010100101100001000010000110010101001010
0110111010111110101100000001101111101110011110111000100000011011
0011001011111000100011110000100010000010101010000110000100101110
1000001000110110101110000001101000100100000001100101001110001001
1110010001100110011001101110011101001110100000100001101001001010
0011001101100010100001000000101010111001111111100110100010111011
0101001011101011110011110100001000000010011010011011101010101000
nat_d4_bits(2048):
0010111011010111111000011010010010001001111001101011001101001101
1000011000110001110100101001011100011100011111011010100110111111
1111111100011100011001111010100110111111111111101101001001100111
1010101000110011010101011011101001111110001100000011001101010101
1011101001111110001100000011001101010101101110100111111000110000
0011001101010101101110100111111000110000000011110111101110110001
1111110101010101100110001000010001100001011001011111100001110001
1000010000100001000101100111100001111110000111000010000111111111
1111100001111111111111111111111100001000010000100001111000011111
1000011111111111111111111111111111111111111111111111111111111111
1111111111111111111111111111111111111111111111111111111111111111
1111111111111111111111111111111111111111111111111111111111111111
1111111111111111111111111111111111111111111111111111111111111111
1111111111111111111111111111111111111111111111111111111111111111
1111111111111111111111111111111111111100001000010000100001111000
0111111000011111111111110000100001000010000111100001111110000111
0000100001000010000111100001110001011001111111111100010110010000
1000011110000111111000011100001000010000100001111000011111100001
1100001000010000100001000101100111100001110001011001000010000100
0101100100010110010001011001000101100100010110010001011001000101
1001111000011100010110011111111111111000011111111111110111101111
1111111111011010111111111111111100111011111111111111111011111111
1111110111101111111111111111101111110000100001000010000100010110
0100010110011101110000100101011010111101010100010010010010101111
0010101111010111000101100010100100101011000000110101100011010110
0110101011110011101100110100000001101111010110010100011010101101
1011001001110100100010110100001100110011110111110010110110100010
1010010110000011001110101011000101010110110111010010000110011111
0100111101110110000011100101001100101000110101011111110010011001
0111110111011011111111011100100110111101110110001100000110001000
0111011111110100011011101100000111011111111001001001001001111000
1101110101110000000010000001110011001100110110000010110000101111
gray_d4_bits(2048):
0011101100101000000110110000101000000011010100110000011010110111
0010100100110011011100111100011011010110011110100010001100111010
1000111011010110011010000010001100111010100011110101101001101000
0010000000110010010000100001001001111001001100100011001001000010
0001001001111001001100100011001001000010000100100111100100110010
0011001001000010000100100111100100110010000110101000111000011100
1010100000010000111010001111100001011110011110001010111110100001
0111100000111110000110111010111110101011111010000011111010101010
1010111110101010101010101010101000001111100000111110101111101010
1111101010101010101010101010101010101010101010101010101010101010
1010101010101010101010101010101010101010101010101010101010101010
1010101010101010101010101010101010101010101010101010101010101010
1010101010101010101010101010101010101010101010101010101010101010
1010101010101010101010101010101010101010101010101010101010101010
1010101010101010101010101010101010101000001111100000111110101111
1010101111101010101010100000111110000011111010111110101011111010
0000111110000011111010111110100001101110101010101000011011100000
1111101011111010101111101000001111100000111110101111101010111110
1000001111100000111110000110111010111110100001101110000011111000
0110111000011011100001101110000110111000011011100001101110000110
1110101111101000011011101010101010101111101010101010100110110010
1010101010011101001010101010101000001100101010101010101100101010
1010100110110010101010101010110010100000111110000011111000011011
1000011011101001011111000110010011010110011000011100011100110101
1100110101100101111001000011000111001101110000000111000001011110
1110110110011001101100110100101110100000001000101000101101011101
1101001011111110001011101011100110110011100101111001110001111000
1110001110000000100000101110101011001000010111001100110011011101
0101100100011010101011110010000101100111101010011010101010100010
0101100000011101101110011110011101000111110001000011101111111010
1001100100110010111110111011001111010110110001100111000101110010
1000101101010010000110000110001000111010000110111000110010000110
nat_inv_d4_bits(2048):
1101011011010111111000000101101101110110000110010100110010110010
0111100111001110001011010110100011100011100000100101011001000000
0000000011100011100110000101011001000000000000010010110110011000
0101010111001100101010100100010110000001110011111100110010101010
0100010110000001110011111100110010101010010001011000000111001111
1100110010101010010001011000000111001111111100001000010001001110
0000001010101010011001110111101110011110100110100000011110001110
0111101111011110111010011000011110000001111000111101111000000000
0000011110000000000000000000000011110111101111011110000111100000
0111100000000000000000000000000000000000000000000000000000000000
0000000000000000000000000000000000000000000000000000000000000000
0000000000000000000000000000000000000000000000000000000000000000
0000000000000000000000000000000000000000000000000000000000000000
0000000000000000000000000000000000000000000000000000000000000000
0000000000000000000000000000000000000011110111101111011110000111
1000000111100000000000001111011110111101111000011110000001111000
1111011110111101111000011110001110100110000000000011101001101111
0111100001111000000111100011110111101111011110000111100000011110
0011110111101111011110111010011000011110001110100110111101111011
1010011011101001101110100110111010011011101001101110100110111010
0110000111100011101001100000000000000111100000000000001000010000
0000000000100101000000000000000011000100000000000000000100000000
0000001000010000000000000000010000001111011110111101111011101001
1011101001100010001111011010100101000010101011101101101101010000
1101010000101000111010011101011011010100111111001010011100101001
1001010100001100010011001011111110010000101001101011100101010010
0100110110001011011101001011110011001100001000001101001001011101
0101101001111100110001010100111010101001001000101101111001100000
1011000010001001111100011010110011010111001010100000001101100110
1000001000100100000000100011011001000010001001110011111001110111
1000100000001011100100010011111000100000000110110110110110000111
0010001010001111111101111110001100110011001001111101001111010000
gray_inv_d4_bits(2048):
1100001100101000000110101111010111111100101011001111100101001000
1101011011001100100011000011100100101001100001011101110011000101
0111000100101001100101111101110011000101011100001010010110010111
1101111111001101101111011110110110000110110011011100110110111101
1110110110000110110011011100110110111101111011011000011011001101
1100110110111101111011011000011011001101111001010111000111100011
0101011111101111000101110000011110100001100001110101000001011110
1000011111000001111001000101000001010100000101111100000101010101
0101000001010101010101010101010111110000011111000001010000010101
0000010101010101010101010101010101010101010101010101010101010101
0101010101010101010101010101010101010101010101010101010101010101
0101010101010101010101010101010101010101010101010101010101010101
0101010101010101010101010101010101010101010101010101010101010101
0101010101010101010101010101010101010101010101010101010101010101
0101010101010101010101010101010101010111110000011111000001010000
0101010000010101010101011111000001111100000101000001010100000101
1111000001111100000101000001011110010001010101010111100100011111
0000010100000101010000010111110000011111000001010000010101000001
0111110000011111000001111001000101000001011110010001111100000111
1001000111100100011110010001111001000111100100011110010001111001
0001010000010111100100010101010101010000010101010101011001001101
0101010101100010110101010101010111110011010101010101010011010101
0101011001001101010101010101001101011111000001111100000111100100
0111100100010110100000111001101100101001100111100011100011001010
0011001010011010000110111100111000110010001111111000111110100001
0001001001100110010011001011010001011111110111010111010010100010
0010110100000001110100010100011001001100011010000110001110000111
0001110001111111011111010001010100110111101000110011001100100010
1010011011100101010100001101111010011000010101100101010101011101
1010011111100010010001100001100010111000001110111100010000000101
0110011011001101000001000100110000101001001110011000111010001101
0111010010101101111001111001110111000101111001000111001101111001
nat_d17_bits(2048):
0010111110101010101111111110110011101100010100011000110110010011
1101101001001101011001001000011110101100110100101101100100001001
1000011110101111100010001101100100001001100001100110111110001000
1010101010000101010010110110110010100010011100001000010101001011
0110110010100010011100001000010101001011011011001010001001110000
1000010101001011011011001010001001110000101110001000101101101000
0000110000111001100110001111010001111100101000010000100001010001
1111110000111100110100010000100001000010000111000011111111111111
0000100001111111111111111111111100001111110000111100001000010000
1000011111111111111111111111111111111111111111111111111111111111
1111111111111111111111111111111111111111111111111111111111111111
1111111111111111111111111111111111111111111111111111111111111111
1111111111111111111111111111111111111111111111111111111111111111
1111111111111111111111111111111111111111111111111111111111111111
1111111111111111111111111111111111111100001111110000111100001000
0100001000011111111111110000111111000011110000100001000010000111
0000111111000011110000100001001101000111111111110011010001110000
1111000010000100001000011100001111110000111100001000010000100001
1100001111110000111100110100010000100001001101000111000011110011
0100010011010001001101000100110100010011010001001101000100110100
0100001000010011010001111111111100001000011111111111110111111111
1111111101011011111111111111011100111111111111111101111011111111
1111110111111111111111110111101111110000111111000011110011010001
0011010001000001110100110100100000110100010001001001001001111010
1001110101111010101000101010010010010001011010110101001111111101
1000000011010110110010000110101110010101110100011000011010111011
0010101100000111111101010100011011000001111111000000101011100110
0001100001100110001010111111010111111101101111100000110100010110
0111001011011110001111100000010111010101100011011111010011110001
0011101100110100110101001001011000101101100101001011010001111101
0011011011001011110001111000001010101110011101011100110100001010
1000111100101001100101110101111010001001101011001111110001110000
gray_d17_bits(2048):
0011101011111111111010101001011100010010111001011001000011000110
1011000000110011110001001001110011101100100000010010101110001101
1001110011101110110100110010101110001101100111010110111011010011
0100100010000101000101000110110011100000000110101000010100010100
0110110011100000000110101000010100010100011011001110000000011010
1000010100010100011011001110000000011010101011001001010001101000
0010011010010111100101110101101110110111000000011111000001101110
1101011111010111011000011111000001111100000101111101010101010101
1111000001010101010101010101010111110101011111010111110000011111
0000010101010101010101010101010101010101010101010101010101010101
0101010101010101010101010101010101010101010101010101010101010101
0101010101010101010101010101010101010101010101010101010101010101
0101010101010101010101010101010101010101010101010101010101010101
0101010101010101010101010101010101010101010101010101010101010101
0101010101010101010101010101010101010111110101011111010111110000
0111110000010101010101011111010101111101011111000001111100000101
1111010101111101011111000001110110000101010101011101100001011111
0101111100000111110000010111110101011111010111110000011111000001
0111110101011111010111011000011111000001110110000101111101011101
1000011101100001110110000111011000011101100001110110000111011000
0111110000011101100001010101010111110000010101010101011001010101
0101010110100011010101010101100111110101010101010110010011010101
0101011001010101010101011001001101011111010101111101011101100001
1101100001111110100111011000111111011000011110001110001110101100
1110100110101100110000110011100011100001100011100110001001100101
0100011110010110110010010011000001010000100000001001000000110101
1001100011011001010000001001011011000000111000101011101110100110
1101100000010001100010100010110010101111100010111010111101111110
0011010101000000101110100110110000011000100011110001000100111111
1000001111011100111100111100100111100100000010011111100010001000
0100111000111011011000110100101100100010000010110010110001001000
1100101111101011100100101010001011011001110110000100000111001001
nat_inv_d17_bits(2048):
1101000001010101011111100001001100010011101011100111001001101100
0010010110110010100110110111100001010011001011010010011011110110
0111100001010000011101110010011011110110011110011001000001110111
0101010101111010101101001001001101011101100011110111101010110100
1001001101011101100011110111101010110100100100110101110110001111
0111101010110100100100110101110110001111010001110111010010010111
1111001111000110011001110000101110000011010111101111011110101110
0000001111000011001011101111011110111101111000111100000000000000
1111011110000000000000000000000011110000001111000011110111101111
0111100000000000000000000000000000000000000000000000000000000000
0000000000000000000000000000000000000000000000000000000000000000
0000000000000000000000000000000000000000000000000000000000000000
0000000000000000000000000000000000000000000000000000000000000000
0000000000000000000000000000000000000000000000000000000000000000
0000000000000000000000000000000000000011110000001111000011110111
1011110111100000000000001111000000111100001111011110111101111000
1111000000111100001111011110110010111000000000001100101110001111
0000111101111011110111100011110000001111000011110111101111011110
0011110000001111000011001011101111011110110010111000111100001100
1011101100101110110010111011001011101100101110110010111011001011
1011110111101100101110000000000011110111100000000000001000000000
0000000010100100000000000000100011000000000000000010000100000000
0000001000000000000000001000010000001111000000111100001100101110
1100101110111110001011001011011111001011101110110110110110000101
0110001010000101010111010101101101101110100101001010110000000010
0111111100101001001101111001010001101010001011100111100101000100
1101010011111000000010101011100100111110000000111111010100011001
1110011110011001110101000000101000000010010000011111001011101001
1000110100100001110000011111101000101010011100100000101100001110
1100010011001011001010110110100111010010011010110100101110000010
1100100100110100001110000111110101010001100010100011001011110101
0111000011010110011010001010000101110110010100110000001110001111
gray_inv_d17_bits(2048):
1100010100000000001010110110100011101101000110100110111100111001
0100111111001100001110110110001100010011011111101101010001110010
0110001100010001001011001101010001110010011000101001000100101100
1011011101111010111010111001001100011111111001010111101011101011
1001001100011111111001010111101011101011100100110001111111100101
0111101011101011100100110001111111100101010100110110101110010111
1101100101101000011010001010010001001000111111100000111110010001
0010100000101000100111100000111110000011111010000010101010101010
0000111110101010101010101010101000001010100000101000001111100000
1111101010101010101010101010101010101010101010101010101010101010
1010101010101010101010101010101010101010101010101010101010101010
1010101010101010101010101010101010101010101010101010101010101010
1010101010101010101010101010101010101010101010101010101010101010
1010101010101010101010101010101010101010101010101010101010101010
1010101010101010101010101010101010101000001010100000101000001111
1000001111101010101010100000101010000010100000111110000011111010
0000101010000010100000111110001001111010101010100010011110100000
1010000011111000001111101000001010100000101000001111100000111110
1000001010100000101000100111100000111110001001111010000010100010
0111100010011110001001111000100111100010011110001001111000100111
1000001111100010011110101010101000001111101010101010100110101010
1010101001011100101010101010011000001010101010101001101100101010
1010100110101010101010100110110010100000101010000010100010011110
0010011110000001011000100111000000100111100001110001110001010011
0001011001010011001111001100011100011110011100011001110110011010
1011100001101001001101101100111110101111011111110110111111001010
0110011100100110101111110110100100111111000111010100010001011001
0010011111101110011101011101001101010000011101000101000010000001
1100101010111111010001011001001111100111011100001110111011000000
0111110000100011000011000011011000011011111101100000011101110111
1011000111000100100111001011010011011101111101001101001110110111
0011010000010100011011010101110100100110001001111011111000110110
nat_rev_d4_bits(2048):
0010010010000111110010000101011110110000111111010000001000111100
0011011001011000111100101111111000001100100110001101000011010101
1100011000001100100101101101000011010101110001010101011010010110
1101011001010001101000000110111010011110010110000101000110100000
0110111010011110010110000101000110100000011011101001111001011000
0101000110100000011011101001111001011000010001100101101001100111
0101001011101011011010000111110001011111110110110101011111010001
0111110000011111000011011101011111010101111101000001111101010101
0101011111010101010101010101010100000111110000011111010111110101
0111110101010101010101010101010101010101010101010101010101010101
0101010101010101010101010101010101010101010101010101010101010101
0101010101010101010101010101010101010101010101010101010101010101
0101010101010101010101010101010101010101010101010101010101010101
0101010101010101010101010101010101010101010101010101010101010101
0101010101010101010101010101010101010100000111110000011111010111
1101010111110101010101010000011111000001111101011111010101111101
0000011111000001111101011111010000110111010101010100001101110000
0111110101111101010111110100000111110000011111010111110101011111
0100000111110000011111000011011101011111010000110111000001111100
0011011100001101110000110111000011011100001101110000110111000011
0111010111110100001101110101010101010111110101010101011101000101
0101010101110000010101010101010110010001010101010101010001010101
0101011101000101010101010101000101010000011111000001111100001101
1100001101110100101111100011001001101011001100001110001110011010
1110011010110010111100100001100011100110000010010100101101011000
1010001010111100110101011110111110001100000001001111110000110111
0101010010110111000010100010111101010101010000111011000110001110
1111011010001011101011101011110110000001011000001101011110101001
1000100000101000100101110011110001000100100011110101110101000111
0001000101110101000101101110000100101110000110101010101101010011
0010001100000110111001101000101001000100101001100011101010100000
0011111100011000010110011101111010001110011001101111011011010111
gray_rev_d4_bits(2048):
0011010001010000001001100000000010100110110001010110111101111110
0100000101101110110000111001101101001110111011011110011011100101
1010101101001110111000011110011011100101101010010001110011100001
1110001001100001110011010010110011101001011011100110000111001101
0010110011101001011011100110000111001101001011001110100101101110
0110000111001101001011001110100101101110011101110011111100100001
0101000001110001011000000111110001111111100110010101011111010001
1111110000011111000011011101011111010101111101000001111101010101
0101011111010101010101010101010100000111110000011111010111110101
0111110101010101010101010101010101010101010101010101010101010101
0101010101010101010101010101010101010101010101010101010101010101
0101010101010101010101010101010101010101010101010101010101010101
0101010101010101010101010101010101010101010101010101010101010101
0101010101010101010101010101010101010101010101010101010101010101
0101010101010101010101010101010101010100000111110000011111010111
1101010111110101010101010000011111000001111101011111010101111101
0000011111000001111101011111010000110111010101010100001101110000
0111110101111101010111110100000111110000011111010111110101011111
0100000111110000011111000011011101011111010000110111000001111100
0011011100001101110000110111000011011100001101110000110111000011
0111010111110100001101110101010101010111110101010101011001001101
0101010101100010110101010101010111110011010101010101010011010101
0101011001001101010101010101001101010000011111000001111100001101
1100001101110100101111100011001001101011001100001110001110011010
1110011010110010111100100001100011100110010011110110101000010111
0100000111110001011001101011001110110010110100011110110010001010
0100011101011100011011110110001111100110010001010100111001000010
1001100100001100010111001110000001110100001111111100000111110000
1111110111101011011110101111100110111101110111100101101110010011
0000001011100100001001110101101110011101111001110110010001001100
0110011110111001001101111101110110000000001001011000110111000110
0001100000001110011000010100000101011001111110100011101100000010
nat_rev_inv_d4_bits(2048):
1101110010000111110010011010100001001111000000101111110111000011
1100100110100111000011010000000111110011011001110010111100101010
0011100111110011011010010010111100101010001110101010100101101001
0010100110101110010111111001000101100001101001111010111001011111
1001000101100001101001111010111001011111100100010110000110100111
1010111001011111100100010110000110100111101110011010010110011000
1010110100010100100101111000001110100000001001001010100000101110
1000001111100000111100100010100000101010000010111110000010101010
1010100000101010101010101010101011111000001111100000101000001010
1000001010101010101010101010101010101010101010101010101010101010
1010101010101010101010101010101010101010101010101010101010101010
1010101010101010101010101010101010101010101010101010101010101010
1010101010101010101010101010101010101010101010101010101010101010
1010101010101010101010101010101010101010101010101010101010101010
1010101010101010101010101010101010101011111000001111100000101000
0010101000001010101010101111100000111110000010100000101010000010
1111100000111110000010100000101111001000101010101011110010001111
1000001010000010101000001011111000001111100000101000001010100000
1011111000001111100000111100100010100000101111001000111110000011
1100100011110010001111001000111100100011110010001111001000111100
1000101000001011110010001010101010101000001010101010100010111010
1010101010001111101010101010101001101110101010101010101110101010
1010100010111010101010101010111010101111100000111110000011110010
0011110010001011010000011100110110010100110011110001110001100101
0001100101001101000011011110011100011001111101101011010010100111
0101110101000011001010100001000001110011111110110000001111001000
1010101101001000111101011101000010101010101111000100111001110001
0000100101110100010100010100001001111110100111110010100001010110
0111011111010111011010001100001110111011011100001010001010111000
1110111010001010111010010001111011010001111001010101010010101100
1101110011111001000110010111010110111011010110011100010101011111
1100000011100111101001100010000101110001100110010000100100101000
gray_rev_inv_d4_bits(2048):
1100110001010000001001111111111101011001001110101001000010000001
1011111010010001001111000110010010110001000100100001100100011010
0101010010110001000111100001100100011010010101101110001100011110
0001110110011110001100101101001100010110100100011001111000110010
1101001100010110100100011001111000110010110100110001011010010001
1001111000110010110100110001011010010001100010001100000011011110
1010111110001110100111111000001110000000011001101010100000101110
0000001111100000111100100010100000101010000010111110000010101010
1010100000101010101010101010101011111000001111100000101000001010
1000001010101010101010101010101010101010101010101010101010101010
1010101010101010101010101010101010101010101010101010101010101010
1010101010101010101010101010101010101010101010101010101010101010
1010101010101010101010101010101010101010101010101010101010101010
1010101010101010101010101010101010101010101010101010101010101010
1010101010101010101010101010101010101011111000001111100000101000
0010101000001010101010101111100000111110000010100000101010000010
1111100000111110000010100000101111001000101010101011110010001111
1000001010000010101000001011111000001111100000101000001010100000
1011111000001111100000111100100010100000101111001000111110000011
1100100011110010001111001000111100100011110010001111001000111100
1000101000001011110010001010101010101000001010101010100110110010
1010101010011101001010101010101000001100101010101010101100101010
1010100110110010101010101010110010101111100000111110000011110010
0011110010001011010000011100110110010100110011110001110001100101
0001100101001101000011011110011100011001101100001001010111101000
1011111000001110100110010100110001001101001011100001001101110101
1011100010100011100100001001110000011001101110101011000110111101
0110011011110011101000110001111110001011110000000011111000001111
0000001000010100100001010000011001000010001000011010010001101100
1111110100011011110110001010010001100010000110001001101110110011
1001100001000110110010000010001001111111110110100111001000111001
1110011111110001100111101011111010100110000001011100010011111101
nat_rev_d17_bits(2048):
0010010110101010100101011101101011001110001000101110001111100001
1100011100101101001011011110010111110100001110001010000100001010
1110010111110101111101101010000100001010111001101011010111110110
0111011110001110101000011011010011101111001110011000111010100001
1011010011101111001110011000111010100001101101001110111100111001
1000111010100001101101001110111100111001100110011110000110111000
1011111011110010100101111010001110101011011000001111100000001110
1010101111101011101100001111100000111110000010111110101010101010
1111100000101010101010101010101011111010101111101011111000001111
1000001010101010101010101010101010101010101010101010101010101010
1010101010101010101010101010101010101010101010101010101010101010
1010101010101010101010101010101010101010101010101010101010101010
1010101010101010101010101010101010101010101010101010101010101010
1010101010101010101010101010101010101010101010101010101010101010
1010101010101010101010101010101010101011111010101111101011111000
0011111000001010101010101111101010111110101111100000111110000010
1111101010111110101111100000111011000010101010101110110000101111
1010111110000011111000001011111010101111101011111000001111100000
1011111010101111101011101100001111100000111011000010111110101110
1100001110110000111011000011101100001110110000111011000011101100
0011111000001110110000101010101011111000001010101010100010101010
1010101000001110101010101010001001101010101010101000101110101010
1010100010101010101010100010111010101111101010111110101110110000
1110110000111111010011101100011111101100001111000111000111010110
0111010011010110011000011001110001110000001010010011001001100101
1001110001111011010111011101001110101011001101101101000111110111
1011001001110010110010001000101101000110011111101101101000101001
0010100101110100111110110111101101001110000101001001111010011011
1000100100011000010100111010100101001010100111011000101000101001
1010111011111101111000001100010101010000110010001110111101010010
1011100010011110110110111010000111000011011001011101001000010110
1000001001110010101011100001001011011011001001111111001001110111
gray_rev_d17_bits(2048):
0011010111111111110101011011101000100001101011110100100110001101
1010001111100011101010010100111110011000000111100110111110001111
0100111110011001100100100110111110001111010011011101100110010010
1111101100001011000010111101100010001011111101110000101100001011
1101100010001011111101110000101100001011110110001000101111110111
0000101100001011110110001000101111110111000111010100101111010000
1100110100111001000111111010011110001011001000001111100000011110
0010101111101011101100001111100000111110000010111110101010101010
1111100000101010101010101010101011111010101111101011111000001111
1000001010101010101010101010101010101010101010101010101010101010
1010101010101010101010101010101010101010101010101010101010101010
1010101010101010101010101010101010101010101010101010101010101010
1010101010101010101010101010101010101010101010101010101010101010
1010101010101010101010101010101010101010101010101010101010101010
1010101010101010101010101010101010101011111010101111101011111000
0011111000001010101010101111101010111110101111100000111110000010
1111101010111110101111100000111011000010101010101110110000101111
1010111110000011111000001011111010101111101011111000001111100000
1011111010101111101011101100001111100000111011000010111110101110
1100001110110000111011000011101100001110110000111011000011101100
0011111000001110110000101010101011111000001010101010100110101010
1010101001011100101010101010011000001010101010101001101100101010
1010100110101010101010100110110010101111101010111110101110110000
1110110000111111010011101100011111101100001111000111000111010110
0111010011010110011000011001110001110000011011010011001100110001
0101010101101101100101100101010001110001000101000110110011011111
0100110100010110111000111011110110000100101000010000001100001110
0111000110001010001100101110010101000101111101000111010100110101
0011001101100101111000010001011011001000000101110101000010001011
0101110011110001010111011011001100100111111110111000111000110000
0000011101000100111100010111100111111001100100110011110011011010
1100000000011101001101110100100010100010000101101100100011001101
nat_rev_inv_d17_bits(2048):
1101101001010101010101000010010100110001110111010001110000011110
0011100011010010110100100001101000001011110001110101111011110101
0001101000001010000010010101111011110101000110010100101000001001
1000100001110001010111100100101100010000110001100111000101011110
0100101100010000110001100111000101011110010010110001000011000110
0111000101011110010010110001000011000110011001100001111001000111
0100000100001101011010000101110001010100100111110000011111110001
0101010000010100010011110000011111000001111101000001010101010101
0000011111010101010101010101010100000101010000010100000111110000
0111110101010101010101010101010101010101010101010101010101010101
0101010101010101010101010101010101010101010101010101010101010101
0101010101010101010101010101010101010101010101010101010101010101
0101010101010101010101010101010101010101010101010101010101010101
0101010101010101010101010101010101010101010101010101010101010101
0101010101010101010101010101010101010100000101010000010100000111
1100000111110101010101010000010101000001010000011111000001111101
0000010101000001010000011111000100111101010101010001001111010000
0101000001111100000111110100000101010000010100000111110000011111
0100000101010000010100010011110000011111000100111101000001010001
0011110001001111000100111100010011110001001111000100111100010011
1100000111110001001111010101010100000111110101010101011101010101
0101010111110001010101010101110110010101010101010111010001010101
0101011101010101010101011101000101010000010101000001010001001111
0001001111000000101100010011100000010011110000111000111000101001
1000101100101001100111100110001110001111110101101100110110011010
0110001110000100101000100010110001010100110010010010111000001000
0100110110001101001101110111010010111001100000010010010111010110
1101011010001011000001001000010010110001111010110110000101100100
0111011011100111101011000101011010110101011000100111010111010110
0101000100000010000111110011101010101111001101110001000010101101
0100011101100001001001000101111000111100100110100010110111101001
0111110110001101010100011110110100100100110110000000110110001000
gray_rev_inv_d17_bits(2048):
1100101000000000000101000100010111011110010100001011011001110010
0101110000011100010101101011000001100111111000011001000001110000
1011000001100110011011011001000001110000101100100010011001101101
0000010011110100111101000010011101110100000010001111010011110100
0010011101110100000010001111010011110100001001110111010000001000
1111010011110100001001110111010000001000111000101011010000101111
0011001011000110111000000101100001110100110111110000011111100001
1101010000010100010011110000011111000001111101000001010101010101
0000011111010101010101010101010100000101010000010100000111110000
0111110101010101010101010101010101010101010101010101010101010101
0101010101010101010101010101010101010101010101010101010101010101
0101010101010101010101010101010101010101010101010101010101010101
0101010101010101010101010101010101010101010101010101010101010101
0101010101010101010101010101010101010101010101010101010101010101
0101010101010101010101010101010101010100000101010000010100000111
1100000111110101010101010000010101000001010000011111000001111101
0000010101000001010000011111000100111101010101010001001111010000
0101000001111100000111110100000101010000010100000111110000011111
0100000101010000010100010011110000011111000100111101000001010001
0011110001001111000100111100010011110001001111000100111100010011
1100000111110001001111010101010100000111110101010101011001010101
0101010110100011010101010101100111110101010101010110010011010101
0101011001010101010101011001001101010000010101000001010001001111
0001001111000000101100010011100000010011110000111000111000101001
1000101100101001100111100110001110001111100100101100110011001110
1010101010010010011010011010101110001110111010111001001100100000
1011001011101001000111000100001001111011010111101111110011110001
1000111001110101110011010001101010111010000010111000101011001010
1100110010011010000111101110100100110111111010001010111101110100
1010001100001110101000100100110011011000000001000111000111001111
1111100010111011000011101000011000000110011011001100001100100101
0011111111100010110010001011011101011101111010010011011100110010
nat_swap_d4_bits(2048):
0001111110101111110100110101110110110011101011100000010010001011
0001111101101011100000010011100011011010111000101111001111101111
0100100011011010111111101111001111101111010010100000110011111110
1111011001100011111000100111110011100111011010100110001111100010
0111110011100111011010100110001111100010011111001110011101101010
0110001111100010011111001110011101101010010111001101010001111011
1111101011111011100000001000010000000001101000111111100001110000
0000010000100001000101100111100001111110000111000010000111111111
1111100001111111111111111111111100001000010000100001111000011111
1000011111111111111111111111111111111111111111111111111111111111
1111111111111111111111111111111111111111111111111111111111111111
1111111111111111111111111111111111111111111111111111111111111111
1111111111111111111111111111111111111111111111111111111111111111
1111111111111111111111111111111111111111111111111111111111111111
1111111111111111111111111111111111111100001000010000100001111000
0111111000011111111111110000100001000010000111100001111110000111
0000100001000010000111100001110001011001111111111100010110010000
1000011110000111111000011100001000010000100001111000011111100001
1100001000010000100001000101100111100001110001011001000010000100
0101100100010110010001011001000101100100010110010001011001000101
1001111000011100010110011111111111111000011111111111111011110111
1111111111101101011111111111111110011101111111111111111101111111
1111111011110111111111111111110111110000100001000010000100010110
0100010110011101110000100101011010111101010100010010010010101111
0010101111010111000101100010100100101011110010010011101100000110
0100111100100101011001101010010000101100001001100111011101101010
1000011001001001001001001001011011100110110101000010110111110110
0001010100001011001011000101011101001001001111000001101101110100
1101000100110010001110000001110100100011001001101111011111100101
0100100101101000101011110000011001101001110111101001000010101001
1011101000110100000111010011100110010010011000000100101111010010
1011010001001010010000011011110010110100011111010111101001010001
gray_swap_d4_bits(2048):
0011010001010000001001100000000010100110110001010110111101111110
0100000101101110110000111001101101001110111011011110011011100101
1010101101001110111000011110011011100101101010010001110011100001
1110001001100001110011010010110011101001011011100110000111001101
0010110011101001011011100110000111001101001011001110100101101110
0110000111001101001011001110100101101110011101110011111100100001
0101000001110001011000000111110001111111100110010101011111010001
1111110000011111000011011101011111010101111101000001111101010101
0101011111010101010101010101010100000111110000011111010111110101
0111110101010101010101010101010101010101010101010101010101010101
0101010101010101010101010101010101010101010101010101010101010101
0101010101010101010101010101010101010101010101010101010101010101
0101010101010101010101010101010101010101010101010101010101010101
0101010101010101010101010101010101010101010101010101010101010101
0101010101010101010101010101010101010100000111110000011111010111
1101010111110101010101010000011111000001111101011111010101111101
0000011111000001111101011111010000110111010101010100001101110000
0111110101111101010111110100000111110000011111010111110101011111
0100000111110000011111000011011101011111010000110111000001111100
0011011100001101110000110111000011011100001101110000110111000011
0111010111110100001101110101010101010111110101010101011001001101
0101010101100010110101010101010111110011010101010101010011010101
0101011001001101010101010101001101010000011111000001111100001101
1100001101110100101111100011001001101011001100001110001110011010
1110011010110010111100100001100011100110010011110110101000010111
0100000111110001011001101011001110110010110100011110110010001010
0100011101011100011011110110001111100110010001010100111001000010
1001100100001100010111001110000001110100001111111100000111110000
1111110111101011011110101111100110111101110111100101101110010011
0000001011100100001001110101101110011101111001110110010001001100
0110011110111001001101111101110110000000001001011000110111000110
0001100000001110011000010100000101011001111110100011101100000010
nat_swap_inv_d4_bits(2048):
1110011110101111110100101010001001001100010100011111101101110100
1110000010010100011111101100011100100101000111010000110000010000
1011011100100101000000010000110000010000101101011111001100000001
0000100110011100000111011000001100011000100101011001110000011101
1000001100011000100101011001110000011101100000110001100010010101
1001110000011101100000110001100010010101101000110010101110000100
0000010100000100011111110111101111111110010111000000011110001111
1111101111011110111010011000011110000001111000111101111000000000
0000011110000000000000000000000011110111101111011110000111100000
0111100000000000000000000000000000000000000000000000000000000000
0000000000000000000000000000000000000000000000000000000000000000
0000000000000000000000000000000000000000000000000000000000000000
0000000000000000000000000000000000000000000000000000000000000000
0000000000000000000000000000000000000000000000000000000000000000
0000000000000000000000000000000000000011110111101111011110000111
1000000111100000000000001111011110111101111000011110000001111000
1111011110111101111000011110001110100110000000000011101001101111
0111100001111000000111100011110111101111011110000111100000011110
0011110111101111011110111010011000011110001110100110111101111011
1010011011101001101110100110111010011011101001101110100110111010
0110000111100011101001100000000000000111100000000000000100001000
0000000000010010100000000000000001100010000000000000000010000000
0000000100001000000000000000001000001111011110111101111011101001
1011101001100010001111011010100101000010101011101101101101010000
1101010000101000111010011101011011010100001101101100010011111001
1011000011011010100110010101101111010011110110011000100010010101
0111100110110110110110110110100100011001001010111101001000001001
1110101011110100110100111010100010110110110000111110010010001011
0010111011001101110001111110001011011100110110010000100000011010
1011011010010111010100001111100110010110001000010110111101010110
0100010111001011111000101100011001101101100111111011010000101101
0100101110110101101111100100001101001011100000101000010110101110
gray_swap_inv_d4_bits(2048):
1100110001010000001001111111111101011001001110101001000010000001
1011111010010001001111000110010010110001000100100001100100011010
0101010010110001000111100001100100011010010101101110001100011110
0001110110011110001100101101001100010110100100011001111000110010
1101001100010110100100011001111000110010110100110001011010010001
1001111000110010110100110001011010010001100010001100000011011110
1010111110001110100111111000001110000000011001101010100000101110
0000001111100000111100100010100000101010000010111110000010101010
1010100000101010101010101010101011111000001111100000101000001010
1000001010101010101010101010101010101010101010101010101010101010
1010101010101010101010101010101010101010101010101010101010101010
1010101010101010101010101010101010101010101010101010101010101010
1010101010101010101010101010101010101010101010101010101010101010
1010101010101010101010101010101010101010101010101010101010101010
1010101010101010101010101010101010101011111000001111100000101000
0010101000001010101010101111100000111110000010100000101010000010
1111100000111110000010100000101111001000101010101011110010001111
1000001010000010101000001011111000001111100000101000001010100000
1011111000001111100000111100100010100000101111001000111110000011
1100100011110010001111001000111100100011110010001111001000111100
1000101000001011110010001010101010101000001010101010100110110010
1010101010011101001010101010101000001100101010101010101100101010
1010100110110010101010101010110010101111100000111110000011110010
0011110010001011010000011100110110010100110011110001110001100101
0001100101001101000011011110011100011001101100001001010111101000
1011111000001110100110010100110001001101001011100001001101110101
1011100010100011100100001001110000011001101110101011000110111101
0110011011110011101000110001111110001011110000000011111000001111
0000001000010100100001010000011001000010001000011010010001101100
1111110100011011110110001010010001100010000110001001101110110011
1001100001000110110010000010001001111111110110100111001000111001
1110011111110001100111101011111010100110000001011100010011111101
nat_swap_d17_bits(2048):
0001111101010101011111110100110111011100110001110111001100100111
0111011100011110111010010111100100011000101110011000101010000111
0111100100011011001001011000101010000111011110111101101100100101
0011111100001011101101011101100000001111001000110000101110110101
1101100000001111001000110000101110110101110110000000111100100011
0000101110110101110110000000111100100011001101010111010111010000
1001100001100101000000001111100000011100011000010000100001100000
0111110000111100110100010000100001000010000111000011111111111111
0000100001111111111111111111111100001111110000111100001000010000
1000011111111111111111111111111111111111111111111111111111111111
1111111111111111111111111111111111111111111111111111111111111111
1111111111111111111111111111111111111111111111111111111111111111
1111111111111111111111111111111111111111111111111111111111111111
1111111111111111111111111111111111111111111111111111111111111111
1111111111111111111111111111111111111100001111110000111100001000
0100001000011111111111110000111111000011110000100001000010000111
0000111111000011110000100001001101000111111111110011010001110000
1111000010000100001000011100001111110000111100001000010000100001
1100001111110000111100110100010000100001001101000111000011110011
0100010011010001001101000100110100010011010001001101000100110100
0100001000010011010001111111111100001000011111111111111011111111
1111111110101101111111111111101110011111111111111110111101111111
1111111011111111111111111011110111110000111111000011110011010001
0011010001000001110100110100100000110100010001001001001001111010
1001110101111010101000101010010010010001101001110101000000000000
1101101111101101100101001110001111111011101101100100000111000010
0010101010101011100010000001110110000110100111000110000110001111
1111000101100101011100010101011111100001100111110011000111100101
1011110001011000111010011100010101010010000100101001101100010110
0010110100100001000100110000110010110100110000010001011111011010
1111011010100101101110001110101011100001011011101111111001011110
0100100110011001001111001011000000000010111111111011001110111110
gray_swap_d17_bits(2048):
0011010111111111110101011011101000100001101011110100100110001101
1010001111100011101010010100111110011000000111100110111110001111
0100111110011001100100100110111110001111010011011101100110010010
1111101100001011000010111101100010001011111101110000101100001011
1101100010001011111101110000101100001011110110001000101111110111
0000101100001011110110001000101111110111000111010100101111010000
1100110100111001000111111010011110001011001000001111100000011110
0010101111101011101100001111100000111110000010111110101010101010
1111100000101010101010101010101011111010101111101011111000001111
1000001010101010101010101010101010101010101010101010101010101010
1010101010101010101010101010101010101010101010101010101010101010
1010101010101010101010101010101010101010101010101010101010101010
1010101010101010101010101010101010101010101010101010101010101010
1010101010101010101010101010101010101010101010101010101010101010
1010101010101010101010101010101010101011111010101111101011111000
0011111000001010101010101111101010111110101111100000111110000010
1111101010111110101111100000111011000010101010101110110000101111
1010111110000011111000001011111010101111101011111000001111100000
1011111010101111101011101100001111100000111011000010111110101110
1100001110110000111011000011101100001110110000111011000011101100
0011111000001110110000101010101011111000001010101010100110101010
1010101001011100101010101010011000001010101010101001101100101010
1010100110101010101010100110110010101111101010111110101110110000
1110110000111111010011101100011111101100001111000111000111010110
0111010011010110011000011001110001110000011011010011001100110001
0101010101101101100101100101010001110001000101000110110011011111
0100110100010110111000111011110110000100101000010000001100001110
0111000110001010001100101110010101000101111101000111010100110101
0011001101100101111000010001011011001000000101110101000010001011
0101110011110001010111011011001100100111111110111000111000110000
0000011101000100111100010111100111111001100100110011110011011010
1100000000011101001101110100100010100010000101101100100011001101
nat_swap_inv_d17_bits(2048):
1110000010101010101111101011001000100011001110001000110011011000
1000100011100001000101101000011011100111010001100111010101111000
1000011011100100110110100111010101111000100001000010010011011010
1100000011110100010010100010011111110000110111001111010001001010
0010011111110000110111001111010001001010001001111111000011011100
1111010001001010001001111111000011011100110010101000101000101111
0110011110011010111111110000011111100011100111101111011110011111
1000001111000011001011101111011110111101111000111100000000000000
1111011110000000000000000000000011110000001111000011110111101111
0111100000000000000000000000000000000000000000000000000000000000
0000000000000000000000000000000000000000000000000000000000000000
0000000000000000000000000000000000000000000000000000000000000000
0000000000000000000000000000000000000000000000000000000000000000
0000000000000000000000000000000000000000000000000000000000000000
0000000000000000000000000000000000000011110000001111000011110111
1011110111100000000000001111000000111100001111011110111101111000
1111000000111100001111011110110010111000000000001100101110001111
0000111101111011110111100011110000001111000011110111101111011110
0011110000001111000011001011101111011110110010111000111100001100
1011101100101110110010111011001011101100101110110010111011001011
1011110111101100101110000000000011110111100000000000000100000000
0000000001010010000000000000010001100000000000000001000010000000
0000000100000000000000000100001000001111000000111100001100101110
1100101110111110001011001011011111001011101110110110110110000101
0110001010000101010111010101101101101110010110001010111111111111
0010010000010010011010110001110000000100010010011011111000111101
1101010101010100011101111110001001111001011000111001111001110000
0000111010011010100011101010100000011110011000001100111000011010
0100001110100111000101100011101010101101111011010110010011101001
1101001011011110111011001111001101001011001111101110100000100101
0000100101011010010001110001010100011110100100010000000110100001
1011011001100110110000110100111111111101000000000100110001000001
gray_swap_inv_d17_bits(2048):
1100101000000000000101000100010111011110010100001011011001110010
0101110000011100010101101011000001100111111000011001000001110000
1011000001100110011011011001000001110000101100100010011001101101
0000010011110100111101000010011101110100000010001111010011110100
0010011101110100000010001111010011110100001001110111010000001000
1111010011110100001001110111010000001000111000101011010000101111
0011001011000110111000000101100001110100110111110000011111100001
1101010000010100010011110000011111000001111101000001010101010101
0000011111010101010101010101010100000101010000010100000111110000
0111110101010101010101010101010101010101010101010101010101010101
0101010101010101010101010101010101010101010101010101010101010101
0101010101010101010101010101010101010101010101010101010101010101
0101010101010101010101010101010101010101010101010101010101010101
0101010101010101010101010101010101010101010101010101010101010101
0101010101010101010101010101010101010100000101010000010100000111
1100000111110101010101010000010101000001010000011111000001111101
0000010101000001010000011111000100111101010101010001001111010000
0101000001111100000111110100000101010000010100000111110000011111
0100000101010000010100010011110000011111000100111101000001010001
0011110001001111000100111100010011110001001111000100111100010011
1100000111110001001111010101010100000111110101010101011001010101
0101010110100011010101010101100111110101010101010110010011010101
0101011001010101010101011001001101010000010101000001010001001111
0001001111000000101100010011100000010011110000111000111000101001
1000101100101001100111100110001110001111100100101100110011001110
1010101010010010011010011010101110001110111010111001001100100000
1011001011101001000111000100001001111011010111101111110011110001
1000111001110101110011010001101010111010000010111000101011001010
1100110010011010000111101110100100110111111010001010111101110100
1010001100001110101000100100110011011000000001000111000111001111
1111100010111011000011101000011000000110011011001100001100100101
0011111111100010110010001011011101011101111010010011011100110010
nat_rev_swap_d4_bits(2048):
0001101010000111110001111010010000101111001000111101110000110011
1100011101011111000100010000110001010010100100000100111101011010
0101010001010010100001100100111101011010010101111100111010000110
0100100001010010100110001001011010010111010111100101001010011000
1001011010010111010111100101001010011000100101101001011101011110
0101001010011000100101101001011101011110011110000100010010010000
1010110100100100111110001111100000011110111111001010111110100000
0111100000111110000110111010111110101011111010000011111010101010
1010111110101010101010101010101000001111100000111110101111101010
1111101010101010101010101010101010101010101010101010101010101010
1010101010101010101010101010101010101010101010101010101010101010
1010101010101010101010101010101010101010101010101010101010101010
1010101010101010101010101010101010101010101010101010101010101010
1010101010101010101010101010101010101010101010101010101010101010
1010101010101010101010101010101010101000001111100000111110101111
1010101111101010101010100000111110000011111010111110101011111010
0000111110000011111010111110100001101110101010101000011011100000
1111101011111010101111101000001111100000111110101111101010111110
1000001111100000111110000110111010111110100001101110000011111000
0110111000011011100001101110000110111000011011100001101110000110
1110101111101000011011101010101010101111101010101010101110100010
1010101010111000001010101010101011001000101010101010101000101010
1010101110100010101010101010100010100000111110000011111000011011
1000011011101001011111000110010011010110011000011100011100110101
1100110101100101111001000011000111001101010011000011001011000001
0010101100000010110101011111001111011101100010001010101000100111
1111010100101000111001000010000011010101100110100110001111100000
0011110010001111011001100101000100100010111000101110000001101111
1011001010011101011101001010101010010101000010111010011100001010
0111111100111111110110101001001000100000001111111010010111000100
0001000001001101010110010001110001011111110000010001111110111110
1100010101111110011010010101110110010101001000100001011100101101
gray_rev_swap_d4_bits(2048):
0011101100101000000110110000101000000011010100110000011010110111
0010100100110011011100111100011011010110011110100010001100111010
1000111011010110011010000010001100111010100011110101101001101000
0010000000110010010000100001001001111001001100100011001001000010
0001001001111001001100100011001001000010000100100111100100110010
0011001001000010000100100111100100110010000110101000111000011100
1010100000010000111010001111100001011110011110001010111110100001
0111100000111110000110111010111110101011111010000011111010101010
1010111110101010101010101010101000001111100000111110101111101010
1111101010101010101010101010101010101010101010101010101010101010
1010101010101010101010101010101010101010101010101010101010101010
1010101010101010101010101010101010101010101010101010101010101010
1010101010101010101010101010101010101010101010101010101010101010
1010101010101010101010101010101010101010101010101010101010101010
1010101010101010101010101010101010101000001111100000111110101111
1010101111101010101010100000111110000011111010111110101011111010
0000111110000011111010111110100001101110101010101000011011100000
1111101011111010101111101000001111100000111110101111101010111110
1000001111100000111110000110111010111110100001101110000011111000
0110111000011011100001101110000110111000011011100001101110000110
1110101111101000011011101010101010101111101010101010100110110010
1010101010011101001010101010101000001100101010101010101100101010
1010100110110010101010101010110010100000111110000011111000011011
1000011011101001011111000110010011010110011000011100011100110101
1100110101100101111001000011000111001101110000000111000001011110
1110110110011001101100110100101110100000001000101000101101011101
1101001011111110001011101011100110110011100101111001110001111000
1110001110000000100000101110101011001000010111001100110011011101
0101100100011010101011110010000101100111101010011010101010100010
0101100000011101101110011110011101000111110001000011101111111010
1001100100110010111110111011001111010110110001100111000101110010
1000101101010010000110000110001000111010000110111000110010000110
nat_rev_swap_inv_d4_bits(2048):
1110001010000111110001100101101111010000110111000010001111001100
0011100010100000111011101111001110101101011011111011000010100101
1010101110101101011110011011000010100101101010000011000101111001
1011011110101101011001110110100101101000101000011010110101100111
0110100101101000101000011010110101100111011010010110100010100001
1010110101100111011010010110100010100001100001111011101101101111
0101001011011011000001110000011111100001000000110101000001011111
1000011111000001111001000101000001010100000101111100000101010101
0101000001010101010101010101010111110000011111000001010000010101
0000010101010101010101010101010101010101010101010101010101010101
0101010101010101010101010101010101010101010101010101010101010101
0101010101010101010101010101010101010101010101010101010101010101
0101010101010101010101010101010101010101010101010101010101010101
0101010101010101010101010101010101010101010101010101010101010101
0101010101010101010101010101010101010111110000011111000001010000
0101010000010101010101011111000001111100000101000001010100000101
1111000001111100000101000001011110010001010101010111100100011111
0000010100000101010000010111110000011111000001010000010101000001
0111110000011111000001111001000101000001011110010001111100000111
1001000111100100011110010001111001000111100100011110010001111001
0001010000010111100100010101010101010000010101010101010001011101
0101010101000111110101010101010100110111010101010101010111010101
0101010001011101010101010101011101011111000001111100000111100100
0111100100010110100000111001101100101001100111100011100011001010
0011001010011010000110111100111000110010101100111100110100111110
1101010011111101001010100000110000100010011101110101010111011000
0000101011010111000110111101111100101010011001011001110000011111
1100001101110000100110011010111011011101000111010001111110010000
0100110101100010100010110101010101101010111101000101100011110101
1000000011000000001001010110110111011111110000000101101000111011
1110111110110010101001101110001110100000001111101110000001000001
0011101010000001100101101010001001101010110111011110100011010010
gray_rev_swap_inv_d4_bits(2048):
1100001100101000000110101111010111111100101011001111100101001000
1101011011001100100011000011100100101001100001011101110011000101
0111000100101001100101111101110011000101011100001010010110010111
1101111111001101101111011110110110000110110011011100110110111101
1110110110000110110011011100110110111101111011011000011011001101
1100110110111101111011011000011011001101111001010111000111100011
0101011111101111000101110000011110100001100001110101000001011110
1000011111000001111001000101000001010100000101111100000101010101
0101000001010101010101010101010111110000011111000001010000010101
0000010101010101010101010101010101010101010101010101010101010101
0101010101010101010101010101010101010101010101010101010101010101
0101010101010101010101010101010101010101010101010101010101010101
0101010101010101010101010101010101010101010101010101010101010101
0101010101010101010101010101010101010101010101010101010101010101
0101010101010101010101010101010101010111110000011111000001010000
0101010000010101010101011111000001111100000101000001010100000101
1111000001111100000101000001011110010001010101010111100100011111
0000010100000101010000010111110000011111000001010000010101000001
0111110000011111000001111001000101000001011110010001111100000111
1001000111100100011110010001111001000111100100011110010001111001
0001010000010111100100010101010101010000010101010101011001001101
0101010101100010110101010101010111110011010101010101010011010101
0101011001001101010101010101001101011111000001111100000111100100
0111100100010110100000111001101100101001100111100011100011001010
0011001010011010000110111100111000110010001111111000111110100001
0001001001100110010011001011010001011111110111010111010010100010
0010110100000001110100010100011001001100011010000110001110000111
0001110001111111011111010001010100110111101000110011001100100010
1010011011100101010100001101111010011000010101100101010101011101
1010011111100010010001100001100010111000001110111100010000000101
0110011011001101000001000100110000101001001110011000111010001101
0111010010101101111001111001110111000101111001000111001101111001
nat_rev_swap_d17_bits(2048):
0001101001010101011010100101011011001101111111101100010000011110
0111100110101110110011011100100000110100110011001011011010000110
1100100000110110000110101011011010000110110010111011011000011010
0101000110001110010000001011010000101001100001111000111001000000
1011010000101001100001111000111001000000101101000010100110000111
1000111001000000101101000010100110000111101001011100000010111000
1100000100000000100001110101001111110111100000011111000001001111
1101011111010111011000011111000001111100000101111101010101010101
1111000001010101010101010101010111110101011111010111110000011111
0000010101010101010101010101010101010101010101010101010101010101
0101010101010101010101010101010101010101010101010101010101010101
0101010101010101010101010101010101010101010101010101010101010101
0101010101010101010101010101010101010101010101010101010101010101
0101010101010101010101010101010101010101010101010101010101010101
0101010101010101010101010101010101010111110101011111010111110000
0111110000010101010101011111010101111101011111000001111100000101
1111010101111101011111000001110110000101010101011101100001011111
0101111100000111110000010111110101011111010111110000011111000001
0111110101011111010111011000011111000001110110000101111101011101
1000011101100001110110000111011000011101100001110110000111011000
0111110000011101100001010101010111110000010101010101010001010101
0101010100000111010101010101000100110101010101010100010111010101
0101010001010101010101010001011101011111010101111101011101100001
1101100001111110100111011000111111011000011110001110001110101100
1110100110101100110000110011100011100001000001100110000011001100
1101010110111011010111100011111111100100110001011110101001100100
0110011000010001000101101111101101000101010111010000100111101000
0110100111101100000110010001000010111000010010100111100000100011
0100000110111011110111110001001100011101100110101010010001111010
0110011111000101100010010010010100001010011011110011101001001101
0011000110001111001101101111101101010111111001101111000111010000
0100111100110100101000000001011000101011101110100011010010111101
gray_rev_swap_d17_bits(2048):
0011101011111111111010101001011100010010111001011001000011000110
1011000000110011110001001001110011101100100000010010101110001101
1001110011101110110100110010101110001101100111010110111011010011
0100100010000101000101000110110011100000000110101000010100010100
0110110011100000000110101000010100010100011011001110000000011010
1000010100010100011011001110000000011010101011001001010001101000
0010011010010111100101110101101110110111000000011111000001101110
1101011111010111011000011111000001111100000101111101010101010101
1111000001010101010101010101010111110101011111010111110000011111
0000010101010101010101010101010101010101010101010101010101010101
0101010101010101010101010101010101010101010101010101010101010101
0101010101010101010101010101010101010101010101010101010101010101
0101010101010101010101010101010101010101010101010101010101010101
0101010101010101010101010101010101010101010101010101010101010101
0101010101010101010101010101010101010111110101011111010111110000
0111110000010101010101011111010101111101011111000001111100000101
1111010101111101011111000001110110000101010101011101100001011111
0101111100000111110000010111110101011111010111110000011111000001
0111110101011111010111011000011111000001110110000101111101011101
1000011101100001110110000111011000011101100001110110000111011000
0111110000011101100001010101010111110000010101010101011001010101
0101010110100011010101010101100111110101010101010110010011010101
0101011001010101010101011001001101011111010101111101011101100001
1101100001111110100111011000111111011000011110001110001110101100
1110100110101100110000110011100011100001100011100110001001100101
0100011110010110110010010011000001010000100000001001000000110101
1001100011011001010000001001011011000000111000101011101110100110
1101100000010001100010100010110010101111100010111010111101111110
0011010101000000101110100110110000011000100011110001000100111111
1000001111011100111100111100100111100100000010011111100010001000
0100111000111011011000110100101100100010000010110010110001001000
1100101111101011100100101010001011011001110110000100000111001001
nat_rev_swap_inv_d17_bits(2048):
1110010110101010101010111010100100110010000000010011101111100001
1000011001010001001100100011011111001011001100110100100101111001
0011011111001001111001010100100101111001001101000100100111100101
1010111001110001101111110100101111010110011110000111000110111111
0100101111010110011110000111000110111111010010111101011001111000
0111000110111111010010111101011001111000010110100011111101000111
0011111011111111011110001010110000001000011111100000111110110000
0010100000101000100111100000111110000011111010000010101010101010
0000111110101010101010101010101000001010100000101000001111100000
1111101010101010101010101010101010101010101010101010101010101010
1010101010101010101010101010101010101010101010101010101010101010
1010101010101010101010101010101010101010101010101010101010101010
1010101010101010101010101010101010101010101010101010101010101010
1010101010101010101010101010101010101010101010101010101010101010
1010101010101010101010101010101010101000001010100000101000001111
1000001111101010101010100000101010000010100000111110000011111010
0000101010000010100000111110001001111010101010100010011110100000
1010000011111000001111101000001010100000101000001111100000111110
1000001010100000101000100111100000111110001001111010000010100010
0111100010011110001001111000100111100010011110001001111000100111
1000001111100010011110101010101000001111101010101010101110101010
1010101011111000101010101010111011001010101010101011101000101010
1010101110101010101010101110100010100000101010000010100010011110
0010011110000001011000100111000000100111100001110001110001010011
0001011001010011001111001100011100011110111110011001111100110011
0010101001000100101000011100000000011011001110100001010110011011
1001100111101110111010010000010010111010101000101111011000010111
1001011000010011111001101110111101000111101101011000011111011100
1011111001000100001000001110110011100010011001010101101110000101
1001100000111010011101101101101011110101100100001100010110110010
1100111001110000110010010000010010101000000110010000111000101111
1011000011001011010111111110100111010100010001011100101101000010
gray_rev_swap_inv_d17_bits(2048):
1100010100000000001010110110100011101101000110100110111100111001
0100111111001100001110110110001100010011011111101101010001110010
0110001100010001001011001101010001110010011000101001000100101100
1011011101111010111010111001001100011111111001010111101011101011
1001001100011111111001010111101011101011100100110001111111100101
0111101011101011100100110001111111100101010100110110101110010111
1101100101101000011010001010010001001000111111100000111110010001
0010100000101000100111100000111110000011111010000010101010101010
0000111110101010101010101010101000001010100000101000001111100000
1111101010101010101010101010101010101010101010101010101010101010
1010101010101010101010101010101010101010101010101010101010101010
1010101010101010101010101010101010101010101010101010101010101010
1010101010101010101010101010101010101010101010101010101010101010
1010101010101010101010101010101010101010101010101010101010101010
1010101010101010101010101010101010101000001010100000101000001111
1000001111101010101010100000101010000010100000111110000011111010
0000101010000010100000111110001001111010101010100010011110100000
1010000011111000001111101000001010100000101000001111100000111110
1000001010100000101000100111100000111110001001111010000010100010
0111100010011110001001111000100111100010011110001001111000100111
1000001111100010011110101010101000001111101010101010100110101010
1010101001011100101010101010011000001010101010101001101100101010
1010100110101010101010100110110010100000101010000010100010011110
0010011110000001011000100111000000100111100001110001110001010011
0001011001010011001111001100011100011110011100011001110110011010
1011100001101001001101101100111110101111011111110110111111001010
0110011100100110101111110110100100111111000111010100010001011001
0010011111101110011101011101001101010000011101000101000010000001
1100101010111111010001011001001111100111011100001110111011000000
0111110000100011000011000011011000011011111101100000011101110111
1011000111000100100111001011010011011101111101001101001110110111
0011010000010100011011010101110100100110001001111011111000110110
