file=gough-lui-v90-v92-modem-sounds/xircom-creditcardlan-v90.wav
start_ms=12063.333 mode=carrier-qpsk carrier_hz=1800.000 sym_rate=3000.000 offset_samples=0.000
symbols=1024
nat_bits(2048):
1111110011111001111100111100100011110011111001111100111100100011
1100111110011111001111001000111100111110011111001111001000111100
1111100111110011110010001111001111100111110011110010001111001111
1001111100111100100011110010001100111100111100100011110010001001
1111001111001000111100100010011111001111001000111100111111001111
0011110010001111001000110011110011111111000011000011000011001100
1100100011110011111001111100001100110000001111001100001000111100
1111001100001100001100001111001100111100001100001000110000111100
0011000011000010001000001000110000110000001100111100001100100000
1000110000111100000011001100001100001001111100110011001100001100
0000110000110000110000001100110000001100001100001100000011000000
1100111100001100111100110000110011110011110010001111001100001100
1111000011111100001100111100001100111100001100001000111100110010
0011110011000011110011000010001111001111001100001100001100000011
0011000000111100000000011011010000001000000111010101010000010001
0001000100000101000100010010100110010101000001010000010001000100
0101110101000100000001010100010001000001011001000101000110010001
0100100101000101010010010100010101010101000101010101010100010101
0101010001010101010101010101000101100100010001000000010100000100
0101000001010000010100000101000001110101010001000101110101011001
0001000010100000010111000101010000010111011001010100000101000001
0100000101001100010001010101010101000110000101010101010100011000
0101010101010100010001110101010001000101000001000100000001010100
0001101010010101010000010111011001010100000101000001010000010000
0111010001000100000101000001000101000001011101010000000001000111
0001000001000001010000010001110110101000000001000111010111101101
1101101010110111011010101010101001110111011010100111101010101010
1000110010000111010111010111010011100111010101000010101001111010
1000001110010011101010101010101011100111011111001101101010101010
1010100100001001110010100110101010100110011111001110101010101110
1100110001111110100111011111001111011101110101011010000011011011
0111011101011101010000000100000000010001000001000000000001000100
gray_bits(2048):
1010100010101101101000101000110010100010101101101000101000110010
1000101011011010001010001100101000101011011010001010001100101000
1010110110100010100011001010001010110110100010100011001010001010
1101101000101000110010100011001000101000101000110010100011001101
1010001010001100101000110011011010001010001100101000101010001010
0010100011001010001100100010100010101010000010000010000010001000
1000110010100010101101101000001000100000001010001000001100101000
1010001000001000001000001010001000101000001000001100100000101000
0010000010000011001100001100100000100000001000101000001000110000
1100100000101000000010001000001000001101101000100010001000001000
0000100000100000100000001000100000001000001000001000000010000000
1000101000001000101000100000100010100010100011001010001000001000
1010000010101000001000101000001000101000001000001100101000100011
0010100010000010100010000011001010001010001000001000001000000010
0010000000101000000000011110010000001100000110010101010000010001
0001000100000101000100010011110111010101000001010000010001000100
0101100101000100000001010100010001000001011101000101000111010001
0100110101000101010011010100010101010101000101010101010100010101
0101010001010101010101010101000101110100010001000000010100000100
0101000001010000010100000101000001100101010001000101100101011101
0001000011110000010110000101010000010110011101010100000101000001
0100000101001000010001010101010101000111000101010101010100011100
0101010101010100010001100101010001000101000001000100000001010100
0001111111010101010000010110011101010100000101000001010000010000
0110010001000100000101000001000101000001011001010000000001000110
0001000001000001010000010001100111111100000001000110010110111001
1001111111100110011111111111111101100110011111110110111111111111
1100100011000110010110010110010010110110010101000011111101101111
1100001011010010111111111111111110110110011010001001111111111111
1111110100001101100011110111111111110111011010001011111111111011
1000100001101011110110011010001010011001100101011111000010011110
0110011001011001010000000100000000010001000001000000000001000100
nat_bits_inverted(2048):
0000001100000110000011000011011100001100000110000011000011011100
0011000001100000110000110111000011000001100000110000110111000011
0000011000001100001101110000110000011000001100001101110000110000
0110000011000011011100001101110011000011000011011100001101110110
0000110000110111000011011101100000110000110111000011000000110000
1100001101110000110111001100001100000000111100111100111100110011
0011011100001100000110000011110011001111110000110011110111000011
0000110011110011110011110000110011000011110011110111001111000011
1100111100111101110111110111001111001111110011000011110011011111
0111001111000011111100110011110011110110000011001100110011110011
1111001111001111001111110011001111110011110011110011111100111111
0011000011110011000011001111001100001100001101110000110011110011
0000111100000011110011000011110011000011110011110111000011001101
1100001100111100001100111101110000110000110011110011110011111100
1100111111000011111111100100101111110111111000101010101111101110
1110111011111010111011101101011001101010111110101111101110111011
1010001010111011111110101011101110111110100110111010111001101110
1011011010111010101101101011101010101010111010101010101011101010
1010101110101010101010101010111010011011101110111111101011111011
1010111110101111101011111010111110001010101110111010001010100110
1110111101011111101000111010101111101000100110101011111010111110
1011111010110011101110101010101010111001111010101010101011100111
1010101010101011101110001010101110111010111110111011111110101011
1110010101101010101111101000100110101011111010111110101111101111
1000101110111011111010111110111010111110100010101111111110111000
1110111110111110101111101110001001010111111110111000101000010010
0010010101001000100101010101010110001000100101011000010101010101
0111001101111000101000101000101100011000101010111101010110000101
0111110001101100010101010101010100011000100000110010010101010101
0101011011110110001101011001010101011001100000110001010101010001
0011001110000001011000100000110000100010001010100101111100100100
1000100010100010101111111011111111101110111110111111111110111011
gray_bits_inverted(2048):
0101011101010010010111010111001101011101010010010111010111001101
0111010100100101110101110011010111010100100101110101110011010111
0101001001011101011100110101110101001001011101011100110101110101
0010010111010111001101011100110111010111010111001101011100110010
0101110101110011010111001100100101110101110011010111010101110101
1101011100110101110011011101011101010101111101111101111101110111
0111001101011101010010010111110111011111110101110111110011010111
0101110111110111110111110101110111010111110111110011011111010111
1101111101111100110011110011011111011111110111010111110111001111
0011011111010111111101110111110111110010010111011101110111110111
1111011111011111011111110111011111110111110111110111111101111111
0111010111110111010111011111011101011101011100110101110111110111
0101111101010111110111010111110111010111110111110011010111011100
1101011101111101011101111100110101110101110111110111110111111101
1101111111010111111111100001101111110011111001101010101111101110
1110111011111010111011101100001000101010111110101111101110111011
1010011010111011111110101011101110111110100010111010111000101110
1011001010111010101100101011101010101010111010101010101011101010
1010101110101010101010101010111010001011101110111111101011111011
1010111110101111101011111010111110011010101110111010011010100010
1110111100001111101001111010101111101001100010101011111010111110
1011111010110111101110101010101010111000111010101010101011100011
1010101010101011101110011010101110111010111110111011111110101011
1110000000101010101111101001100010101011111010111110101111101111
1001101110111011111010111110111010111110100110101111111110111001
1110111110111110101111101110011000000011111110111001101001000110
0110000000011001100000000000000010011001100000001001000000000000
0011011100111001101001101001101101001001101010111100000010010000
0011110100101101000000000000000001001001100101110110000000000000
0000001011110010011100001000000000001000100101110100000000000100
0111011110010100001001100101110101100110011010100000111101100001
1001100110100110101111111011111111101110111110111111111110111011
nat_rev_bits(2048):
0101010001011011010100010100100001010001011011010100010100100001
0100010110110101000101001000010100010110110101000101001000010100
0101101101010001010010000101000101101101010001010010000101000101
1011010100010100100001010010000100010100010100100001010010001011
0101000101001000010100100010110101000101001000010100010101000101
0001010010000101001000010001010001010101000001000001000001000100
0100100001010001011011010100000100010000000101000100001000010100
0101000100000100000100000101000100010100000100001000010000010100
0001000001000010001000001000010000010000000100010100000100100000
1000010000010100000001000100000100001011010100010001000100000100
0000010000010000010000000100010000000100000100000100000001000000
0100010100000100010100010000010001010001010010000101000100000100
0101000001010100000100010100000100010100000100001000010100010010
0001010001000001010001000010000101000101000100000100000100000001
0001000000010100000000111001110000001000001101111111110000110011
0011001100001111001100110010101110111111000011110000110011001100
1111011111001100000011111100110011000011111011001111001110110011
1100101111001111110010111100111111111111001111111111111100111111
1111110011111111111111111111001111101100110011000000111100001100
1111000011110000111100001111000011011111110011001111011111111011
0011000010100000111101001111110000111101111011111100001111000011
1100001111000100110011111111111111001110001111111111111100111000
1111111111111100110011011111110011001111000011001100000011111100
0011101010111111110000111101111011111100001111000011110000110000
1101110011001100001111000011001111000011110111110000000011001101
0011000011000011110000110011011110101000000011001101111101100111
0111101010011101111010101010101011011101111010101101101010101010
1000010010001101111101111101110001101101111111000010101011011010
1000000110110001101010101010101001101101110101000111101010101010
1010101100001011010010101110101010101110110101000110101010100110
0100010011010110101101110101000101110111011111111010000001111001
1101110111110111110000001100000000110011000011000000000011001100
gray_rev_bits(2048):
0101010001011110010100010100110001010001011110010100010100110001
0100010111100101000101001100010100010111100101000101001100010100
0101111001010001010011000101000101111001010001010011000101000101
1110010100010100110001010011000100010100010100110001010011001110
0101000101001100010100110011100101000101001100010100010101000101
0001010011000101001100010001010001010101000001000001000001000100
0100110001010001011110010100000100010000000101000100001100010100
0101000100000100000100000101000100010100000100001100010000010100
0001000001000011001100001100010000010000000100010100000100110000
1100010000010100000001000100000100001110010100010001000100000100
0000010000010000010000000100010000000100000100000100000001000000
0100010100000100010100010000010001010001010011000101000100000100
0101000001010100000100010100000100010100000100001100010100010011
0001010001000001010001000011000101000101000100000100000100000001
0001000000010100000000101101100000001100001001101010100000100010
0010001000001010001000100011111011101010000010100000100010001000
1010011010001000000010101000100010000010101110001010001011100010
1000111010001010100011101000101010101010001010101010101000101010
1010100010101010101010101010001010111000100010000000101000001000
1010000010100000101000001010000010011010100010001010011010101110
0010000011110000101001001010100000101001101110101000001010000010
1000001010000100100010101010101010001011001010101010101000101100
1010101010101000100010011010100010001010000010001000000010101000
0010111111101010100000101001101110101000001010000010100000100000
1001100010001000001010000010001010000010100110100000000010001001
0010000010000010100000100010011011111100000010001001101001110110
0110111111011001101111111111111110011001101111111001111111111111
1100010011001001101001101001100001111001101010000011111110011111
1100000111100001111111111111111101111001100101000110111111111111
1111111000001110010011111011111111111011100101000111111111110111
0100010010010111111001100101000101100110011010101111000001101101
1001100110100110100000001000000000100010000010000000000010001000
nat_rev_inv_bits(2048):
1010101110100100101011101011011110101110100100101011101011011110
1011101001001010111010110111101011101001001010111010110111101011
1010010010101110101101111010111010010010101110101101111010111010
0100101011101011011110101101111011101011101011011110101101110100
1010111010110111101011011101001010111010110111101011101010111010
1110101101111010110111101110101110101010111110111110111110111011
1011011110101110100100101011111011101111111010111011110111101011
1010111011111011111011111010111011101011111011110111101111101011
1110111110111101110111110111101111101111111011101011111011011111
0111101111101011111110111011111011110100101011101110111011111011
1111101111101111101111111011101111111011111011111011111110111111
1011101011111011101011101111101110101110101101111010111011111011
1010111110101011111011101011111011101011111011110111101011101101
1110101110111110101110111101111010111010111011111011111011111110
1110111111101011111111000110001111110111110010000000001111001100
1100110011110000110011001101010001000000111100001111001100110011
0000100000110011111100000011001100111100000100110000110001001100
0011010000110000001101000011000000000000110000000000000011000000
0000001100000000000000000000110000010011001100111111000011110011
0000111100001111000011110000111100100000001100110000100000000100
1100111101011111000010110000001111000010000100000011110000111100
0011110000111011001100000000000000110001110000000000000011000111
0000000000000011001100100000001100110000111100110011111100000011
1100010101000000001111000010000100000011110000111100001111001111
0010001100110011110000111100110000111100001000001111111100110010
1100111100111100001111001100100001010111111100110010000010011000
1000010101100010000101010101010100100010000101010010010101010101
0111101101110010000010000010001110010010000000111101010100100101
0111111001001110010101010101010110010010001010111000010101010101
0101010011110100101101010001010101010001001010111001010101011001
1011101100101001010010001010111010001000100000000101111110000110
0010001000001000001111110011111111001100111100111111111100110011
gray_rev_inv_bits(2048):
1010101110100001101011101011001110101110100001101011101011001110
1011101000011010111010110011101011101000011010111010110011101011
1010000110101110101100111010111010000110101110101100111010111010
0001101011101011001110101100111011101011101011001110101100110001
1010111010110011101011001100011010111010110011101011101010111010
1110101100111010110011101110101110101010111110111110111110111011
1011001110101110100001101011111011101111111010111011110011101011
1010111011111011111011111010111011101011111011110011101111101011
1110111110111100110011110011101111101111111011101011111011001111
0011101111101011111110111011111011110001101011101110111011111011
1111101111101111101111111011101111111011111011111011111110111111
1011101011111011101011101111101110101110101100111010111011111011
1010111110101011111011101011111011101011111011110011101011101100
1110101110111110101110111100111010111010111011111011111011111110
1110111111101011111111010010011111110011110110010101011111011101
1101110111110101110111011100000100010101111101011111011101110111
0101100101110111111101010111011101111101010001110101110100011101
0111000101110101011100010111010101010101110101010101010111010101
0101011101010101010101010101110101000111011101111111010111110111
0101111101011111010111110101111101100101011101110101100101010001
1101111100001111010110110101011111010110010001010111110101111101
0111110101111011011101010101010101110100110101010101010111010011
0101010101010111011101100101011101110101111101110111111101010111
1101000000010101011111010110010001010111110101111101011111011111
0110011101110111110101111101110101111101011001011111111101110110
1101111101111101011111011101100100000011111101110110010110001001
1001000000100110010000000000000001100110010000000110000000000000
0011101100110110010110010110011110000110010101111100000001100000
0011111000011110000000000000000010000110011010111001000000000000
0000000111110001101100000100000000000100011010111000000000001000
1011101101101000000110011010111010011001100101010000111110010010
0110011001011001011111110111111111011101111101111111111101110111
nat_swap_bits(2048):
1111110011110110111100111100010011110011110110111100111100010011
1100111101101111001111000100111100111101101111001111000100111100
1111011011110011110001001111001111011011110011110001001111001111
0110111100111100010011110001001100111100111100010011110001000110
1111001111000100111100010001101111001111000100111100111111001111
0011110001001111000100110011110011111111000011000011000011001100
1100010011110011110110111100001100110000001111001100000100111100
1111001100001100001100001111001100111100001100000100110000111100
0011000011000001000100000100110000110000001100111100001100010000
0100110000111100000011001100001100000110111100110011001100001100
0000110000110000110000001100110000001100001100001100000011000000
1100111100001100111100110000110011110011110001001111001100001100
1111000011111100001100111100001100111100001100000100111100110001
0011110011000011110011000001001111001111001100001100001100000011
0011000000111100000000100111100000000100001011101010100000100010
0010001000001010001000100001011001101010000010100000100010001000
1010111010001000000010101000100010000010100110001010001001100010
1000011010001010100001101000101010101010001010101010101000101010
1010100010101010101010101010001010011000100010000000101000001000
1010000010100000101000001010000010111010100010001010111010100110
0010000001010000101011001010100000101011100110101000001010000010
1000001010001100100010101010101010001001001010101010101000100100
1010101010101000100010111010100010001010000010001000000010101000
0010010101101010100000101011100110101000001010000010100000100000
1011100010001000001010000010001010000010101110100000000010001011
0010000010000010100000100010111001010100000010001011101011011110
1110010101111011100101010101010110111011100101011011010101010101
0100110001001011101011101011100011011011101010000001010110110101
0100001101100011010101010101010111011011101111001110010101010101
0101011000000110110001011001010101011001101111001101010101011101
1100110010111101011011101111001111101110111010100101000011100111
1011101110101110100000001000000000100010000010000000000010001000
gray_swap_bits(2048):
0101010001011110010100010100110001010001011110010100010100110001
0100010111100101000101001100010100010111100101000101001100010100
0101111001010001010011000101000101111001010001010011000101000101
1110010100010100110001010011000100010100010100110001010011001110
0101000101001100010100110011100101000101001100010100010101000101
0001010011000101001100010001010001010101000001000001000001000100
0100110001010001011110010100000100010000000101000100001100010100
0101000100000100000100000101000100010100000100001100010000010100
0001000001000011001100001100010000010000000100010100000100110000
1100010000010100000001000100000100001110010100010001000100000100
0000010000010000010000000100010000000100000100000100000001000000
0100010100000100010100010000010001010001010011000101000100000100
0101000001010100000100010100000100010100000100001100010100010011
0001010001000001010001000011000101000101000100000100000100000001
0001000000010100000000101101100000001100001001101010100000100010
0010001000001010001000100011111011101010000010100000100010001000
1010011010001000000010101000100010000010101110001010001011100010
1000111010001010100011101000101010101010001010101010101000101010
1010100010101010101010101010001010111000100010000000101000001000
1010000010100000101000001010000010011010100010001010011010101110
0010000011110000101001001010100000101001101110101000001010000010
1000001010000100100010101010101010001011001010101010101000101100
1010101010101000100010011010100010001010000010001000000010101000
0010111111101010100000101001101110101000001010000010100000100000
1001100010001000001010000010001010000010100110100000000010001001
0010000010000010100000100010011011111100000010001001101001110110
0110111111011001101111111111111110011001101111111001111111111111
1100010011001001101001101001100001111001101010000011111110011111
1100000111100001111111111111111101111001100101000110111111111111
1111111000001110010011111011111111111011100101000111111111110111
0100010010010111111001100101000101100110011010101111000001101101
1001100110100110100000001000000000100010000010000000000010001000
nat_swap_inv_bits(2048):
0000001100001001000011000011101100001100001001000011000011101100
0011000010010000110000111011000011000010010000110000111011000011
0000100100001100001110110000110000100100001100001110110000110000
1001000011000011101100001110110011000011000011101100001110111001
0000110000111011000011101110010000110000111011000011000000110000
1100001110110000111011001100001100000000111100111100111100110011
0011101100001100001001000011110011001111110000110011111011000011
0000110011110011110011110000110011000011110011111011001111000011
1100111100111110111011111011001111001111110011000011110011101111
1011001111000011111100110011110011111001000011001100110011110011
1111001111001111001111110011001111110011110011110011111100111111
0011000011110011000011001111001100001100001110110000110011110011
0000111100000011110011000011110011000011110011111011000011001110
1100001100111100001100111110110000110000110011110011110011111100
1100111111000011111111011000011111111011110100010101011111011101
1101110111110101110111011110100110010101111101011111011101110111
0101000101110111111101010111011101111101011001110101110110011101
0111100101110101011110010111010101010101110101010101010111010101
0101011101010101010101010101110101100111011101111111010111110111
0101111101011111010111110101111101000101011101110101000101011001
1101111110101111010100110101011111010100011001010111110101111101
0111110101110011011101010101010101110110110101010101010111011011
0101010101010111011101000101011101110101111101110111111101010111
1101101010010101011111010100011001010111110101111101011111011111
0100011101110111110101111101110101111101010001011111111101110100
1101111101111101011111011101000110101011111101110100010100100001
0001101010000100011010101010101001000100011010100100101010101010
1011001110110100010100010100011100100100010101111110101001001010
1011110010011100101010101010101000100100010000110001101010101010
1010100111111001001110100110101010100110010000110010101010100010
0011001101000010100100010000110000010001000101011010111100011000
0100010001010001011111110111111111011101111101111111111101110111
gray_swap_inv_bits(2048):
1010101110100001101011101011001110101110100001101011101011001110
1011101000011010111010110011101011101000011010111010110011101011
1010000110101110101100111010111010000110101110101100111010111010
0001101011101011001110101100111011101011101011001110101100110001
1010111010110011101011001100011010111010110011101011101010111010
1110101100111010110011101110101110101010111110111110111110111011
1011001110101110100001101011111011101111111010111011110011101011
1010111011111011111011111010111011101011111011110011101111101011
1110111110111100110011110011101111101111111011101011111011001111
0011101111101011111110111011111011110001101011101110111011111011
1111101111101111101111111011101111111011111011111011111110111111
1011101011111011101011101111101110101110101100111010111011111011
1010111110101011111011101011111011101011111011110011101011101100
1110101110111110101110111100111010111010111011111011111011111110
1110111111101011111111010010011111110011110110010101011111011101
1101110111110101110111011100000100010101111101011111011101110111
0101100101110111111101010111011101111101010001110101110100011101
0111000101110101011100010111010101010101110101010101010111010101
0101011101010101010101010101110101000111011101111111010111110111
0101111101011111010111110101111101100101011101110101100101010001
1101111100001111010110110101011111010110010001010111110101111101
0111110101111011011101010101010101110100110101010101010111010011
0101010101010111011101100101011101110101111101110111111101010111
1101000000010101011111010110010001010111110101111101011111011111
0110011101110111110101111101110101111101011001011111111101110110
1101111101111101011111011101100100000011111101110110010110001001
1001000000100110010000000000000001100110010000000110000000000000
0011101100110110010110010110011110000110010101111100000001100000
0011111000011110000000000000000010000110011010111001000000000000
0000000111110001101100000100000000000100011010111000000000001000
1011101101101000000110011010111010011001100101010000111110010010
0110011001011001011111110111111111011101111101111111111101110111
nat_rev_swap_bits(2048):
1010100010100111101000101000010010100010100111101000101000010010
1000101001111010001010000100101000101001111010001010000100101000
1010011110100010100001001010001010011110100010100001001010001010
0111101000101000010010100001001000101000101000010010100001000111
1010001010000100101000010001111010001010000100101000101010001010
0010100001001010000100100010100010101010000010000010000010001000
1000010010100010100111101000001000100000001010001000000100101000
1010001000001000001000001010001000101000001000000100100000101000
0010000010000001000100000100100000100000001000101000001000010000
0100100000101000000010001000001000000111101000100010001000001000
0000100000100000100000001000100000001000001000001000000010000000
1000101000001000101000100000100010100010100001001010001000001000
1010000010101000001000101000001000101000001000000100101000100001
0010100010000010100010000001001010001010001000001000001000000010
0010000000101000000000110110110000000100001110111111110000110011
0011001100001111001100110001011101111111000011110000110011001100
1111101111001100000011111100110011000011110111001111001101110011
1100011111001111110001111100111111111111001111111111111100111111
1111110011111111111111111111001111011100110011000000111100001100
1111000011110000111100001111000011101111110011001111101111110111
0011000001010000111110001111110000111110110111111100001111000011
1100001111001000110011111111111111001101001111111111111100110100
1111111111111100110011101111110011001111000011001100000011111100
0011010101111111110000111110110111111100001111000011110000110000
1110110011001100001111000011001111000011111011110000000011001110
0011000011000011110000110011101101010100000011001110111110011011
1011010101101110110101010101010111101110110101011110010101010101
0100100001001110111110111110110010011110111111000001010111100101
0100001001110010010101010101010110011110111010001011010101010101
0101011100000111100001011101010101011101111010001001010101011001
1000100011101001011110111010001010111011101111110101000010110110
1110111011111011110000001100000000110011000011000000000011001100
gray_rev_swap_bits(2048):
1010100010101101101000101000110010100010101101101000101000110010
1000101011011010001010001100101000101011011010001010001100101000
1010110110100010100011001010001010110110100010100011001010001010
1101101000101000110010100011001000101000101000110010100011001101
1010001010001100101000110011011010001010001100101000101010001010
0010100011001010001100100010100010101010000010000010000010001000
1000110010100010101101101000001000100000001010001000001100101000
1010001000001000001000001010001000101000001000001100100000101000
0010000010000011001100001100100000100000001000101000001000110000
1100100000101000000010001000001000001101101000100010001000001000
0000100000100000100000001000100000001000001000001000000010000000
1000101000001000101000100000100010100010100011001010001000001000
1010000010101000001000101000001000101000001000001100101000100011
0010100010000010100010000011001010001010001000001000001000000010
0010000000101000000000011110010000001100000110010101010000010001
0001000100000101000100010011110111010101000001010000010001000100
0101100101000100000001010100010001000001011101000101000111010001
0100110101000101010011010100010101010101000101010101010100010101
0101010001010101010101010101000101110100010001000000010100000100
0101000001010000010100000101000001100101010001000101100101011101
0001000011110000010110000101010000010110011101010100000101000001
0100000101001000010001010101010101000111000101010101010100011100
0101010101010100010001100101010001000101000001000100000001010100
0001111111010101010000010110011101010100000101000001010000010000
0110010001000100000101000001000101000001011001010000000001000110
0001000001000001010000010001100111111100000001000110010110111001
1001111111100110011111111111111101100110011111110110111111111111
1100100011000110010110010110010010110110010101000011111101101111
1100001011010010111111111111111110110110011010001001111111111111
1111110100001101100011110111111111110111011010001011111111111011
1000100001101011110110011010001010011001100101011111000010011110
0110011001011001010000000100000000010001000001000000000001000100
nat_rev_swap_inv_bits(2048):
0101011101011000010111010111101101011101011000010111010111101101
0111010110000101110101111011010111010110000101110101111011010111
0101100001011101011110110101110101100001011101011110110101110101
1000010111010111101101011110110111010111010111101101011110111000
0101110101111011010111101110000101110101111011010111010101110101
1101011110110101111011011101011101010101111101111101111101110111
0111101101011101011000010111110111011111110101110111111011010111
0101110111110111110111110101110111010111110111111011011111010111
1101111101111110111011111011011111011111110111010111110111101111
1011011111010111111101110111110111111000010111011101110111110111
1111011111011111011111110111011111110111110111110111111101111111
0111010111110111010111011111011101011101011110110101110111110111
0101111101010111110111010111110111010111110111111011010111011110
1101011101111101011101111110110101110101110111110111110111111101
1101111111010111111111001001001111111011110001000000001111001100
1100110011110000110011001110100010000000111100001111001100110011
0000010000110011111100000011001100111100001000110000110010001100
0011100000110000001110000011000000000000110000000000000011000000
0000001100000000000000000000110000100011001100111111000011110011
0000111100001111000011110000111100010000001100110000010000001000
1100111110101111000001110000001111000001001000000011110000111100
0011110000110111001100000000000000110010110000000000000011001011
0000000000000011001100010000001100110000111100110011111100000011
1100101010000000001111000001001000000011110000111100001111001111
0001001100110011110000111100110000111100000100001111111100110001
1100111100111100001111001100010010101011111100110001000001100100
0100101010010001001010101010101000010001001010100001101010101010
1011011110110001000001000001001101100001000000111110101000011010
1011110110001101101010101010101001100001000101110100101010101010
1010100011111000011110100010101010100010000101110110101010100110
0111011100010110100001000101110101000100010000001010111101001001
0001000100000100001111110011111111001100111100111111111100110011
gray_rev_swap_inv_bits(2048):
0101011101010010010111010111001101011101010010010111010111001101
0111010100100101110101110011010111010100100101110101110011010111
0101001001011101011100110101110101001001011101011100110101110101
0010010111010111001101011100110111010111010111001101011100110010
0101110101110011010111001100100101110101110011010111010101110101
1101011100110101110011011101011101010101111101111101111101110111
0111001101011101010010010111110111011111110101110111110011010111
0101110111110111110111110101110111010111110111110011011111010111
1101111101111100110011110011011111011111110111010111110111001111
0011011111010111111101110111110111110010010111011101110111110111
1111011111011111011111110111011111110111110111110111111101111111
0111010111110111010111011111011101011101011100110101110111110111
0101111101010111110111010111110111010111110111110011010111011100
1101011101111101011101111100110101110101110111110111110111111101
1101111111010111111111100001101111110011111001101010101111101110
1110111011111010111011101100001000101010111110101111101110111011
1010011010111011111110101011101110111110100010111010111000101110
1011001010111010101100101011101010101010111010101010101011101010
1010101110101010101010101010111010001011101110111111101011111011
1010111110101111101011111010111110011010101110111010011010100010
1110111100001111101001111010101111101001100010101011111010111110
1011111010110111101110101010101010111000111010101010101011100011
1010101010101011101110011010101110111010111110111011111110101011
1110000000101010101111101001100010101011111010111110101111101111
1001101110111011111010111110111010111110100110101111111110111001
1110111110111110101111101110011000000011111110111001101001000110
0110000000011001100000000000000010011001100000001001000000000000
0011011100111001101001101001101101001001101010111100000010010000
0011110100101101000000000000000001001001100101110110000000000000
0000001011110010011100001000000000001000100101110100000000000100
0111011110010100001001100101110101100110011010100000111101100001
1001100110100110101111111011111111101110111110111111111110111011
nat_d4_bits(2048):
1111101100011110001111011010111101000111100111110110000010111101
0001111001111101100000101111010001111001111101100000101111010001
1110011111011000001011110100011110011111011000001011110100011110
0111110110000010111101000110010001011100000010111110101100010100
0101100000101111101001100101000101100000101111101001111000101111
0000001011110100110001000101110000000110101100100010100010110100
1011011011010101111000010110110011001110011100101010001001001101
0110110100010000001010001001001010111101101100001110111000100101
1011000001011100010010011110100111010101111100110100010101011001
1110111111011011101011011011110101101001101001010010110010000111
1000101000110111010111101101001000001101110100001101111011011110
1010100011110101000101010000101010001101101100001010110101110011
0000011010011101110010111011110011011101101101101000110100110011
1100110000111011101101100011101101010110110100010000001010000101
0100100000111011111001111101100111010000010111101101011010100001
1010001100100101000110111000001011010011100011110111111101001100
0111010110100110101011011101010011101011011001011111101110011111
0000101110101100010000011001110111110101001011110111010100010111
1101010001011101110101010101001101000101110011001000011111100100
1111101011011000110110100111001001010110010011101101111101011001
0101000010011111111011001001011111110111011001101100001101100101
1000000111000100101001011111110101110100101011110101010100111100
1011110101010100110101011100010001001111101000101100101011011100
1011001011000001010000110100100011001100001101100101100000011000
1101111111001110000101000101100101000011010101101000101011000111
1100001011000011110001010011010111000111110001100110110100010010
1011110010001001000010100100101001001010000001000111110110010001
0000110000010110001100101000011001001110110101000110001011100111
1111111111011011110000101111100010010111000100100110100110110001
0000010111110100110100010110101111100000110110111101100010110111
0100001111001000001101001000010010111110000000001110101001100110
0000011110100110000111001010110010101011000011001010000001100100
gray_d4_bits(2048):
1010110111101000110011101100100110011100111001100010011100100110
0111001110011000100111001001100111001110011000100111001001100111
0011100110001001110010011001110011100110001001110010011001110011
1001100010011100100110011101011111101000011100100101010111011010
1000100111001001010111010110101000100111001001010111001111001010
0001110010011001011101111110100001111011001111000011000011011000
1101100010000110101100100010111101110100010001001100001101110001
1011011000011110001100001110001100101001001000001000101000111001
0010000000010111011110010000111101100111010000100000011001100001
0000101101101101001010010101011001001101110111100011011100000011
0000110000100101100101001001110000001001011000001001010010010100
1100111101011001111001100000110011110110110111001101011001011101
1111110011101001011100101101011101101001001001001100100000100010
0111000001010010110110100010001000011011011000011110001100000110
0111000000101101010001011010101101111100011110100101011010101001
1010101100100101000110111001011000110001100011110101011111001100
0111000110000110101011011101110011101011011101010111101111011101
0010111110001100110001011011010111110101001001110111010100010111
1101010001011101110101010101001101010101010011001000011111000100
1111101011011000110110100111001001000110110011101101101101011101
0111000011000101011000001011011101010110011101100100001101100111
1010000111000000100001011111110101111101101001110101010100111010
1001110101010100110111001100110001001111101000001100101011011100
1011011110101011010000110101001111000100001101100111101000011000
1100111101001110000101000111100101000011010001100000101011000110
1110101011000011110001110011000110110001011001100111010101101100
0101101111010010001111110011111101010001101100110110101001001100
1100100001011111100101000011111000011111010101000101011111111000
0001010010111010101101111000010111101110001001000010010001101100
1101001111011010000111001111111000010011110011010000010111101010
1000010101010111011100000111111101011010111010100001101000101001
1011111010001010101101101000111010100011000011001010000001100100
nat_inv_d4_bits(2048):
0000001100011110001111000101000010111000011000001001111101000010
1110000110000010011111010000101110000110000010011111010000101110
0001100000100111110100001011100001100000100111110100001011100001
1000001001111101000010111001101110100011111101000001010011101011
1010011111010000010110011010111010011111010000010110000111010000
1111110100001011001110111010001111111001010011011101011101001011
0100100100101010000111101001001100110001100011010101110110110010
1001001011101111110101110110110101000010010011110001000111011010
0100111110100011101101100001011000101010000011001011101010100110
0001000000100100010100100100001010010110010110101101001101111000
0111010111001000101000010010110111110010001011110010000100100001
0101011100001010111010101111010101110010010011110101001010001100
1111100101100010001101000100001100100010010010010111001011001100
0011001111000100010010011100010010101001001011101111110101111010
1011011111000100000110000010011000101111101000010010100101011110
0101110011011010111001000111110100101100011100001000000010110011
1000101001011001010100100010101100010100100110100000010001100000
1111010001010011101111100110001000001010110100001000101011101000
0010101110100010001010101010110010111010001100110111100000011011
0000010100100111001001011000110110101001101100010010000010100110
1010111101100000000100110110100000001000100110010011110010011010
0111111000111011010110100000001010001011010100001010101011000011
0100001010101011001010100011101110110000010111010011010100100011
0100110100111110101111001011011100110011110010011010011111100111
0010000000110001111010111010011010111100101010010111010100111000
0011110100111100001110101100101000111000001110011001001011101101
0100001101110110111101011011010110110101111110111000001001101110
1111001111101001110011010111100110110001001010111001110100011000
0000000000100100001111010000011101101000111011011001011001001110
1111101000001011001011101001010000011111001001000010011101001000
1011110000110111110010110111101101000001111111110001010110011001
1111100001011001111000110101001101010100111100110101111110011011
gray_inv_d4_bits(2048):
0101010111101000110011110011011001100011000110011101100011011001
1000110001100111011000110110011000110001100111011000110110011000
1100011001110110001101100110001100011001110110001101100110001100
0110011101100011011001100010100000010111100011011010101000100101
0111011000110110101000101001010111011000110110101000110000110101
1110001101100110100010000001011110000100110000111100111100100111
0010011101111001010011011101000010001011101110110011110010001110
0100100111100001110011110001110011010110110111110111010111000110
1101111111101000100001101111000010011000101111011111100110011110
1111010010010010110101101010100110110010001000011100100011111100
1111001111011010011010110110001111110110100111110110101101101011
0011000010100110000110011111001100001001001000110010100110100010
0000001100010110100011010010100010010110110110110011011111011101
1000111110101101001001011101110111100100100111100001110011111001
1000111111010010101110100101010010000011100001011010100101010110
0101010011011010111001000110100111001110011100001010100000110011
1000111001111001010100100010001100010100100010101000010000100010
1101000001110011001110100100101000001010110110001000101011101000
0010101110100010001010101010110010101010101100110111100000111011
0000010100100111001001011000110110111001001100010010010010100010
1000111100111010100111110100100010101001100010011011110010011000
0101111000111111011110100000001010000010010110001010101011000101
0110001010101011001000110011001110110000010111110011010100100011
0100100001010100101111001010110000111011110010011000010111100111
0011000010110001111010111000011010111100101110011111010100111001
0001010100111100001110001100111001001110100110011000101010010011
1010010000101101110000001100000010101110010011001001010110110011
0011011110100000011010111100000111100000101010111010100000000111
1110101101000101010010000111101000010001110110111101101110010011
0010110000100101111000110000000111101100001100101111101000010101
0111101010101000100011111000000010100101000101011110010111010110
0100000101110101010010010111000101011100111100110101111110011011
nat_d17_bits(2048):
1111110011111001110011010000111101111100111100100110001000111101
1111001111001001100010001111011111001111001001100010001111011111
0011110010011000100011110111110011110010011000100011110111110011
1100100110001000111101111101001001100110001001001011010111001100
1001100010010011100111010011001001100010010011100111001110011001
1000100011100011011100100110011000101001100001010111011011110001
1101110010100001010011000110111000101110000000111000100001010011
1011101000000111011101011101011000101000011011011010010101001000
0111001011010101010101001101110100111100010100011101011101001100
0001101101110010011011101101010001110010110110100111011101100011
0010011010010101110110111101100001011101100000100101101111010100
1001111010111101010000010101000111010110111011011101011000011001
0101110111011001000101100001110111001000101001111100011001000110
0111111000010001001001110110101010111011101000000111011101010001
0110000101111010110010111101101101110000011100110011111000000110
0111111010101001011101110100101011011011011011010011001000101111
0001011001011101100110101010111111001000001111111100100101001010
1001010110000010001110011000011010001101110101101000101011111010
0010101110111010001010101110110010011011101110101111111011011101
1101100100011011010011001110010011000001111100001110000011100010
1000111101001100101010100101110101000000110010001110110010110110
1101101110011110100101111000010011001111110010101010111000010001
0010101010111000011000101010101111111100010111111111100110011111
0000001000000000111011111110011000101110110010110110110110111101
0101100101101000001010011110100011001100010110010111001010011000
1011101001010000000010110010110101111010110000010010010010111100
1100111100100111110001111011001011000011000101011011001110011110
1100011011011000101010110100110000111110101100111111101001100001
0010000101011001111111110100100100101010100000110011011010111011
0110011000010110001101010111101011000111011100101001011001111101
0000111100000000011100110111010010000111100100101011000000010101
1011010000101010001010110111100111111011100101001000010000100111
gray_d17_bits(2048):
1010100010101101100010011111011010010001010100001011101111011010
0100010101000010111011110110100100010101000010111011110110100100
0101010000101110111101101001000101010000101110111101101001000101
0100001011101111011010010000110001001011101110111100011010110100
0010111011101110010100001101000010111011101110010100010100010010
1110111101111101101011000100101110110010111001100101101101011110
1001010011000001100001001011001111001000111001010000111101100010
1101001111000100010110010110010000110000010010010000011001110000
0101001100011001011010001010100111101010011100010001101001111000
0010110110100000010110110001100001011111100100111010010101111011
1100010011100110100100101001000001101001000000111001001010011000
1110101100101001100000011001111010011011010010101001101111101110
1001000101101110000110111110100101110000110001010100010001111011
0101101110011110000001000100001100101101001111000100010110011110
0100000110101100100011011010111001011100011000111001111100001111
0111011010101001011101110101111010011011011010000000101010101111
0001001001011101100110111010011111001000001011111100100100001110
1011000110010010101111001000111010001100110111101000101011111010
0010101110111010001010101110110010001011101110101111101011111101
1101100100011011010011001110010011010001111100001110000011000110
1000111000010101101001100100100111100000110100001110110011110000
1111101110011010100101111000010111000110110010101010111001010111
0010101010111001011010111010101111111100000111011111100110011111
0000011101000000111011101010110110101110110011110000111110111101
0100100101101000001011011100100011001100010010010111001010011101
1001101001010000010010010010100100101110110000000010100101000000
1000111001000011011010110011100100110101011111110100100010101100
1110110111100110010101001100010010101100101111111101101110010110
0110010101110111110100001100111010101100011010001000110100001001
0000101111001101100011111100011010001111101010011011110111001111
0111011011101010110011001010100010111000010011100001001111001000
0011000110011111111001010001101011110011100101001000010000100111
nat_inv_d17_bits(2048):
0000001100000110000011001111000010000011000011011001110111000010
0000110000110110011101110000100000110000110110011101110000100000
1100001101100111011100001000001100001101100111011100001000001100
0011011001110111000010000010110110011001110110110100101000110011
0110011101101100011000101100110110011101101100011000110001100110
0111011100011100100011011001100111010110011110101000100100001110
0010001101011110101100111001000111010001111111000111011110101100
0100010111111000100010100010100111010111100100100101101010110111
1000110100101010101010110010001011000011101011100010100010110011
1110010010001101100100010010101110001101001001011000100010011100
1101100101101010001001000010011110100010011111011010010000101011
0110000101000010101111101010111000101001000100100010100111100110
1010001000100110111010011110001000110111010110000011100110111001
1000000111101110110110001001010101000100010111111000100010101110
1001111010000101001101000010010010001111100011001100000111111001
1000000101010110100010001011010100100100100100101100110111010000
1110100110100010011001010101000000110111110000000011011010110101
0110101001111101110001100111100101110010001010010111010100000101
1101010001000101110101010001001101100100010001010000000100100010
0010011011100100101100110001101100111110000011110001111100011101
0111000010110011010101011010001010111111001101110001001101001001
0010010001100001011010000111101100110000001101010101000111101110
1101010101000111100111010101010000000011101000000000011001100000
1111110111111111000100000001100111010001001101001001001001000010
1010011010010111110101100001011100110011101001101000110101100111
0100010110101111111101001101001010000101001111101101101101000011
0011000011011000001110000100110100111100111010100100110001100001
0011100100100111010101001011001111000001010011000000010110011110
1101111010100110000000001011011011010101011111001100100101000100
1001100111101001110010101000010100111000100011010110100110000010
1111000011111111100011001000101101111000011011010100111111101010
0100101111010101110101001000011000000100011010110111101111011000
gray_inv_d17_bits(2048):
0101011101010010010010000000100101101110101011110100010000100101
1011101010111101000100001001011011101010111101000100001001011011
1010101111010001000010010110111010101111010001000010010110111010
1011110100010000100101101111001110110100010001000011100101001011
1101000100010001101011110010111101000100010001101011101011101101
0001000010000010010100111011010001001101000110011010010010100001
0110101100111110011110110100110000110111000110101111000010011101
0010110000111011101001101001101111001111101101101111100110001111
1010110011100110100101110101011000010101100011101110010110000111
1101001001011111101001001110011110100000011011000101101010000100
0011101100011001011011010110111110010110111111000110110101100111
0001010011010110011111100110000101100100101101010110010000010001
0110111010010001111001000001011010001111001110101011101110000100
1010010001100001111110111011110011010010110000111011101001100001
1011111001010011011100100101000110100011100111000110000011110000
1000100101010110100010001010000101100100100101111111010101010000
1110110110100010011001000101100000110111110100000011011011110001
0100111001101101010000110111000101110011001000010111010100000101
1101010001000101110101010001001101110100010001010000010100000010
0010011011100100101100110001101100101110000011110001111100111001
0111000111101010010110011011011000011111001011110001001100001111
0000010001100101011010000111101000111001001101010101000110101000
1101010101000110100101000101010000000011111000100000011001100000
1111100010111111000100010101001001010001001100001111000001000010
1011011010010111110100100011011100110011101101101000110101100010
0110010110101111101101101101011011010001001111111101011010111111
0111000110111100100101001100011011001010100000001011011101010011
0001001000011001101010110011101101010011010000000010010001101001
1001101010001000001011110011000101010011100101110111001011110110
1111010000110010011100000011100101110000010101100100001000110000
1000100100010101001100110101011101000111101100011110110000110111
1100111001100000000110101110010100001100011010110111101111011000
nat_rev_d4_bits(2048):
0101011011111001100010110110101010100101010001001011111110101010
1001010100010010111111101010101001010100010010111111101010101001
0101000100101111111010101010010101000100101111111010101010010101
0001001011111110101010100110001000110101111110101100011000000111
1010111111101011000001100001111010111111101011000001010111100101
0111111010101011100000100011010111111101111011100001100001101100
0110001000110011011011101011101110111010010011100110001000100100
1101101100001000000110000111000110010100100100001010001000011100
1001000111001000000110011010000010110100110100001100001100001001
1010001010110110111001010110101100101011000000110001101110011010
1000011000010010110010100100111000000100101100000100101001001010
0110011110101100111100110000011001111011011000000001101100101110
1110001001110100101110010110101110110100100100101000001100010010
1010010111101001011010100010100011001101101100001000000110000011
0011100000010110101000011010000011000000011100010111101111000010
1100010101101111001011001101010011111100100100010010001111010100
1000111001101011111101100101110100111101111011000000110110101001
1000110001110110110100100000011000011111010100011001111100111000
0111110011100110011111111111010110001100010101011000100010101101
0000111101101001011011101001011010111000110100110111000111111011
0111000011001010000001010011101010011101111010010100010110100110
0000001001011101011011100000011110111001110100011111111101011101
0100011111111101010110100110110011010000111011110101111101100101
1100001011101011110001011011010101110100010110100110000000101001
0010001001010010001111000110101111000101101110011001111101001100
1110011101000100010001110100111110010010110010101101011011001100
0101100011110111110010110000101010110000110100001101100111000100
0000010100011100110011010110101110010101011111000111001101010111
1010110111101001100100101111110001011101111011111000110110100100
0101011010100110010001011110101111101101001101110001110010101110
1101111000100101010011100110001001010001101010101111111110010100
1110110001011000100011010111110111011101000101011110000010101100
gray_rev_d4_bits(2048):
0101011011111100101000110110111010001111010100000001011110111010
0011110101000000010111101110100011110101000000010111101110100011
1101010000000101111011101000111101010000000101111011101000111101
0100000001011110111010001101001010110101011110111110111001000000
1000010111101111101011010000001000010111101111101011110111100101
0101111011101001100100101011010101111101110011100001100001101100
0110011000010011011110100001001110111010011001100110001100101100
1101101100001010000110000111000110010100100100001110000000011100
1001000101001001000000010110001010110110111100000100001100011001
0110000010110110110001011110101100101110001010110001101110010000
1000011000010010110010100100111000000100101100000100101001001010
0110011110101100111100110000011001111011011001000011101100101110
1110101001110100101110010110101110110100100100101100000100010011
1010110101101001011010000011100001001101101100001010000110000011
0011100000010110101000001110111011100100010000100010110101111011
0111111001001010001101110110101100001001000111100010010100011000
1111011110101101010110111001000111010110101110000111011011110000
1110101110111011000111111110001111101010011001101110101000101111
1010100010111011101010101010011011111000000110010000111100101001
1111010110110001101101001110010011011111000111011010001010101110
0100000010111010011111011100110010001001101111100000011011000101
1110001110010101101010111111101011010110011001101010101001101011
1001101010101001100101001011000010011111010010111001010110111001
0111111110010100100001101101000010100000011011000101111000110001
1100110000011100001010000101001010000110110111101001010110001000
0101110110000111100001000111011011001110111011001001001101011101
1100110110010011100111101101111111010110000011011001110000110011
0100010111010000000101000010010100101001001010000100111010010000
0110111110010001110011111000001101000001101001110011001001110011
0010100100100001110000100011111000011000110101111010001111111111
1101011001001100101101111110101011000010100101010000010100100010
0010000010001011011011111011011101101110000110010100000011001000
nat_rev_inv_d4_bits(2048):
1010111011111001100010101001010101011010101110110100000001010101
0110101011101101000000010101010110101011101101000000010101010110
1010111011010000000101010101101010111011010000000101010101101010
1110110100000001010101011001110111001010000001010011100111111000
0101000000010100111110011110000101000000010100111110101000011010
1000000101010100011111011100101000000010000100011110011110010011
1001110111001100100100010100010001000101101100011001110111011011
0010010011110111111001111000111001101011011011110101110111100011
0110111000110111111001100101111101001011001011110011110011110110
0101110101001001000110101001010011010100111111001110010001100101
0111100111101101001101011011000111111011010011111011010110110101
1001100001010011000011001111100110000100100111111110010011010001
0001110110001011010001101001010001001011011011010111110011101101
0101101000010110100101011101011100110010010011110111111001111100
1100011111101001010111100101111100111111100011101000010000111101
0011101010010000110100110010101100000011011011101101110000101011
0111000110010100000010011010001011000010000100111111001001010110
0111001110001001001011011111100111100000101011100110000011000111
1000001100011001100000000000101001110011101010100111011101010010
1111000010010110100100010110100101000111001011001000111000000100
1000111100110101111110101100010101100010000101101011101001011001
1111110110100010100100011111100001000110001011100000000010100010
1011100000000010101001011001001100101111000100001010000010011010
0011110100010100001110100100101010001011101001011001111111010110
1101110110101101110000111001010000111010010001100110000010110011
0001100010111011101110001011000001101101001101010010100100110011
1010011100001000001101001111010101001111001011110010011000111011
1111101011100011001100101001010001101010100000111000110010101000
0101001000010110011011010000001110100010000100000111001001011011
1010100101011001101110100001010000010010110010001110001101010001
0010000111011010101100011001110110101110010101010000000001101011
0001001110100111011100101000001000100010111010100001111101010011
gray_rev_inv_d4_bits(2048):
1010111011111100101000101001000101110000101011111110100001000101
1100001010111111101000010001011100001010111111101000010001011100
0010101111111010000100010111000010101111111010000100010111000010
1011111110100001000101110010110101001010100001000001000110111111
0111101000010000010100101111110111101000010000010100001000011010
1010000100010110011011010100101010000010001100011110011110010011
1001100111101100100001011110110001000101100110011001110011010011
0010010011110101111001111000111001101011011011110001111111100011
0110111010110110111111101001110101001001000011111011110011100110
1001111101001001001110100001010011010001110101001110010001101111
0111100111101101001101011011000111111011010011111011010110110101
1001100001010011000011001111100110000100100110111100010011010001
0001010110001011010001101001010001001011011011010011111011101100
0101001010010110100101111100011110110010010011110101111001111100
1100011111101001010111110001000100011011101111011101001010000100
1000000110110101110010001001010011110110111000011101101011100111
0000100001010010101001000110111000101001010001111000100100001111
0001010001000100111000000001110000010101100110010001010111010000
0101011101000100010101010101100100000111111001101111000011010110
0000101001001110010010110001101100100000111000100101110101010001
1011111101000101100000100011001101110110010000011111100100111010
0001110001101010010101000000010100101001100110010101010110010100
0110010101010110011010110100111101100000101101000110101001000110
1000000001101011011110010010111101011111100100111010000111001110
0011001111100011110101111010110101111001001000010110101001110111
1010001001111000011110111000100100110001000100110110110010100010
0011001001101100011000010010000000101001111100100110001111001100
1011101000101111111010111101101011010110110101111011000101101111
1001000001101110001100000111110010111110010110001100110110001100
1101011011011110001111011100000111100111001010000101110000000000
0010100110110011010010000001010100111101011010101111101011011101
1101111101110100100100000100100010010001111001101011111100110111
nat_rev_d17_bits(2048):
0101010001011011010001001111011000110011100111011100000111011000
1100111001110111000001110110001100111001110111000001110110001100
1110011101110000011101100011001110011101110000011101100011001110
0111011100000111011000110000111000011100000100000001001110110111
0111000001000011100100001101110111000001000011100100111010000111
0000011101011110111011100001110000010111000000110010110110101111
0100010001100000111101111100010111101001100111101000010000110001
0110100100000101001011001011001000011000001001000110001100111000
0001000001001111000011001011010000011100011100010100110100000100
1111011011011110011001000100110000100010010010011101000111000110
1110001001110011010010010100100000110100100000011100100101001100
0111010110010100110000001100111101001101101010110100110111110100
1101010010110111000011011111010010111000011000100100001000111110
0001010000001111111001010001100110010110100100000101001011001111
0010000011010110010001011011100100100000110101111100011000101110
1010001111111011100110011000111001101101101000111011010001110001
0010101011100110101010111101000001011000000000000101101011001111
0010111011000100010111101010101110010010010110111001111100001110
0111110011001110011111110011010111101100110011110001001111100110
0110101100101101110101010010110100000010000100010010000110110111
1001010010110001110011101011010101000001001110010011010011000011
1110110010110011101110001000100101110100010111111111001100101011
0111111111001100100000111111110000000101111010000000101010100001
0001001100000001001101010000010001110011010011000011111011000111
1010101110111000011010101011100101010100101010111001011110111101
0100111011110001000101010110011011011111010001110101101000110100
0101010011111010111110101111100010011100100101010011100001101011
1110011110010010000000111111011000001011111001001000100101111110
0111001101010010101111111100010101100100001010111011010100000100
0001110101010100101101010111111001101010111110110001010001001110
1111011010101010011010101110110101110111110001010101111101001000
1100101010101001010001000000011000101100101111011000110001101001
gray_rev_d17_bits(2048):
0101010001011110010001001111001101111001100010001100100111001101
1110011000100011001001110011011110011000100011001001110011011110
0110001000110010011100110111100110001000110010011100110111100110
0010001100100111001101111011111000001100100101010011001111110010
0011001001010110010110111100100011001001010110010110011010000011
0010011100011110111111100000110010010011001000110010110110101111
0100000001100000111000101100110111101100101101101000010100110001
0110100101000111001011001011001000011000001001000010001100111000
0000000011001110000111001111010001011010010000011100110100010100
1011011011011010010101001100110000100111010010011101000010001100
1110001001110011010010010100100000110100100000011100100101001100
0111010110010100110000001100111101001101101011110100110111110101
1101110010110111000011011111010010111000011000100000001000111111
0000010010001111101001110000100110010110100101000111001011001111
0010000011010110010001001111110100100100100101010001101100110011
1100010101010010111011101111100001110110110000011100111111011110
0011000010111011001100100110011110010000000011111001001101001001
1101011101110111111010000011010100011100100101010001010111110100
0101011101110100010101011101100101000111011101011110000101011011
1011001000110110100110011100100111110011111000011100000100111001
0001100000010110011100001101010111100001110110011101100010111111
0101011100100001001011110000111010100000100101010101110111110000
0101010101110111111110100101011111111001011100011111001100111110
0001111011000001110110010011111011011101100010111111010101111010
1100001011010000010011110011000110011000110000101110010100101010
1001010010100001110110000100011101011001100001010110100010001100
0101100001110000110010001101011001000101001111111000011010100011
0101110000001001101010000010001110000011010000110001000100000110
1001111001111001001100000000010011000101100101000100111101101001
1100110100101110010011111100000001110100111001001111111011100101
0111001110010101110110011111110110110000001100100000101100111011
1111000001011101001111011101101011001111001010010000100001001110
nat_rev_inv_d17_bits(2048):
1010101110100100100001010000100111001100011000100011111000100111
0011000110001000111110001001110011000110001000111110001001110011
0001100010001111100010011100110001100010001111100010011100110001
1000100011111000100111001111000111100011111011111110110001001000
1000111110111100011011110010001000111110111100011011000101111000
1111100010100001000100011110001111101000111111001101001001010000
1011101110011111000010000011101000010110011000010111101111001110
1001011011111010110100110100110111100111110110111001110011000111
1110111110110000111100110100101111100011100011101011001011111011
0000100100100001100110111011001111011101101101100010111000111001
0001110110001100101101101011011111001011011111100011011010110011
1000101001101011001111110011000010110010010101001011001000001011
0010101101001000111100100000101101000111100111011011110111000001
1110101111110000000110101110011001101001011011111010110100110000
1101111100101001101110100100011011011111001010000011100111010001
0101110000000100011001100111000110010010010111000100101110001110
1101010100011001010101000010111110100111111111111010010100110000
1101000100111011101000010101010001101101101001000110000011110001
1000001100110001100000001100101000010011001100001110110000011001
1001010011010010001010101101001011111101111011101101111001001000
0110101101001110001100010100101010111110110001101100101100111100
0001001101001100010001110111011010001011101000000000110011010100
1000000000110011011111000000001111111010000101111111010101011110
1110110011111110110010101111101110001100101100111100000100111000
0101010001000111100101010100011010101011010101000110100001000010
1011000100001110111010101001100100100000101110001010010111001011
1010101100000101000001010000011101100011011010101100011110010100
0001100001101101111111000000100111110100000110110111011010000001
1000110010101101010000000011101010011011110101000100101011111011
1110001010101011010010101000000110010101000001001110101110110001
0000100101010101100101010001001010001000001110101010000010110111
0011010101010110101110111111100111010011010000100111001110010110
gray_rev_inv_d17_bits(2048):
1010101110100001100001010000110010000110011101110011011000110010
0001100111011100110110001100100001100111011100110110001100100001
1001110111001101100011001000011001110111001101100011001000011001
1101110011011000110010000100000111110011011010101100110000001101
1100110110101001101001000011011100110110101001101001100101111100
1101100011100001000000011111001101101100110111001101001001010000
1011111110011111000111010011001000010011010010010111101011001110
1001011010111000110100110100110111100111110110111101110011000111
1111111100110001111000110000101110100101101111100011001011101011
0100100100100101101010110011001111011000101101100010111101110011
0001110110001100101101101011011111001011011111100011011010110011
1000101001101011001111110011000010110010010100001011001000001010
0010001101001000111100100000101101000111100111011111110111000000
1111101101110000010110001111011001101001011010111000110100110000
1101111100101001101110110000001011011011011010101110010011001100
0011101010101101000100010000011110001001001111100011000000100001
1100111101000100110011011001100001101111111100000110110010110110
0010100010001000000101111100101011100011011010101110101000001011
1010100010001011101010100010011010111000100010100001111010100100
0100110111001001011001100011011000001100000111100011111011000110
1110011111101001100011110010101000011110001001100010011101000000
1010100011011110110100001111000101011111011010101010001000001111
1010101010001000000001011010100000000110100011100000110011000001
1110000100111110001001101100000100100010011101000000101010000101
0011110100101111101100001100111001100111001111010001101011010101
0110101101011110001001111011100010100110011110101001011101110011
1010011110001111001101110010100110111010110000000111100101011100
1010001111110110010101111101110001111100101111001110111011111001
0110000110000110110011111111101100111010011010111011000010010110
0011001011010001101100000011111110001011000110110000000100011010
1000110001101010001001100000001001001111110011011111010011000100
0000111110100010110000100010010100110000110101101111011110110001
nat_swap_d4_bits(2048):
1111101100010001010001011010001100111001101000101001100010001100
1110011010001010011000100011001110011010001010011000100011001110
0110100010100110001000110011100110100010100110001000110011100110
1000101001100010001100111011010111011101100010001001001111011101
0010011000100010010110110111010010011000100010010110011000101111
0110001000110010111101011101110110000110110100100010100010110100
1011101010110101110111001001010011001110000010101010000101010101
0110110100010110001010001001001010111101101100000010100000100101
1011000111011111011000001010111111010011100100101100010101101000
1010100111011011110011000011110101100110110111010010110010011001
1000101000110111010111101101001000001101110100001101111011011110
1010100011110101000101010000101010001101101111001100110101110011
0001111010011101110010111011110011011101101101100100101100110000
1101010110111011101100000000101011010110110100010110001010000101
0100100000111011111001000000101110111100000010110010110101101011
0110111001001010001101110100001011001101000111100111010000011000
1111111111101101010110111000000111010110100110010111011001110100
1010001111111010000101111011001111101010011101101110101000101111
1010100010111011101010101010011011011001000110010000111101101001
1111010110110001101101001110010011111110000111011010101010100110
0000000000001111011001011000110111001011100111110000011011000001
1010001110011101111010111111101011000100011101101010101001100111
1101101010101001100001101010000010011111010011111001010110111001
0111010101000000100001101110011010110000011011000001101000110001
1110110100011100001010000001001010000110111111111001010110001010
0000110110000111100000000111111000100011101011001010001110100000
0000001100100101111101000011010111100001011000111011001110001000
1100110101000011010110010101010110001010001010000010010010101111
1011100101010011001001010111100110110011110010111010100111001000
1000010101111100010110010001010111111110111110100001100101000100
0101101101110010001111100001110100001011010000001110010110111101
0101001011010010001110111111001101111110000110010100000011001000
gray_swap_d4_bits(2048):
0101011011111100101000110110111010001111010100000001011110111010
0011110101000000010111101110100011110101000000010111101110100011
1101010000000101111011101000111101010000000101111011101000111101
0100000001011110111010001101001010110101011110111110111001000000
1000010111101111101011010000001000010111101111101011110111100101
0101111011101001100100101011010101111101110011100001100001101100
0110011000010011011110100001001110111010011001100110001100101100
1101101100001010000110000111000110010100100100001110000000011100
1001000101001001000000010110001010110110111100000100001100011001
0110000010110110110001011110101100101110001010110001101110010000
1000011000010010110010100100111000000100101100000100101001001010
0110011110101100111100110000011001111011011001000011101100101110
1110101001110100101110010110101110110100100100101100000100010011
1010110101101001011010000011100001001101101100001010000110000011
0011100000010110101000001110111011100100010000100010110101111011
0111111001001010001101110110101100001001000111100010010100011000
1111011110101101010110111001000111010110101110000111011011110000
1110101110111011000111111110001111101010011001101110101000101111
1010100010111011101010101010011011111000000110010000111100101001
1111010110110001101101001110010011011111000111011010001010101110
0100000010111010011111011100110010001001101111100000011011000101
1110001110010101101010111111101011010110011001101010101001101011
1001101010101001100101001011000010011111010010111001010110111001
0111111110010100100001101101000010100000011011000101111000110001
1100110000011100001010000101001010000110110111101001010110001000
0101110110000111100001000111011011001110111011001001001101011101
1100110110010011100111101101111111010110000011011001110000110011
0100010111010000000101000010010100101001001010000100111010010000
0110111110010001110011111000001101000001101001110011001001110011
0010100100100001110000100011111000011000110101111010001111111111
1101011001001100101101111110101011000010100101010000010100100010
0010000010001011011011111011011101101110000110010100000011001000
nat_swap_inv_d4_bits(2048):
0000001100010001010001000101110011000110010111010110011101110011
0001100101110101100111011100110001100101110101100111011100110001
1001011101011001110111001100011001011101011001110111001100011001
0111010110011101110011000100101000100010011101110110110000100010
1101100111011101101001001000101101100111011101101001100111010000
1001110111001101000010100010001001111001001011011101011101001011
0100010101001010001000110110101100110001111101010101111010101010
1001001011101001110101110110110101000010010011111101011111011010
0100111000100000100111110101000000101100011011010011101010010111
0101011000100100001100111100001010011001001000101101001101100110
0111010111001000101000010010110111110010001011110010000100100001
0101011100001010111010101111010101110010010000110011001010001100
1110000101100010001101000100001100100010010010011011010011001111
0010101001000100010011111111010100101001001011101001110101111010
1011011111000100000110111111010001000011111101001101001010010100
1001000110110101110010001011110100110010111000011000101111100111
0000000000010010101001000111111000101001011001101000100110001011
0101110000000101111010000100110000010101100010010001010111010000
0101011101000100010101010101100100100110111001101111000010010110
0000101001001110010010110001101100000001111000100101010101011001
1111111111110000100110100111001000110100011000001111100100111110
0101110001100010000101000000010100111011100010010101010110011000
0010010101010110011110010101111101100000101100000110101001000110
1000101010111111011110010001100101001111100100111110010111001110
0001001011100011110101111110110101111001000000000110101001110101
1111001001111000011111111000000111011100010100110101110001011111
1111110011011010000010111100101000011110100111000100110001110111
0011001010111100101001101010101001110101110101111101101101010000
0100011010101100110110101000011001001100001101000101011000110111
0111101010000011101001101110101000000001000001011110011010111011
1010010010001101110000011110001011110100101111110001101001000010
1010110100101101110001000000110010000001111001101011111100110111
gray_swap_inv_d4_bits(2048):
1010111011111100101000101001000101110000101011111110100001000101
1100001010111111101000010001011100001010111111101000010001011100
0010101111111010000100010111000010101111111010000100010111000010
1011111110100001000101110010110101001010100001000001000110111111
0111101000010000010100101111110111101000010000010100001000011010
1010000100010110011011010100101010000010001100011110011110010011
1001100111101100100001011110110001000101100110011001110011010011
0010010011110101111001111000111001101011011011110001111111100011
0110111010110110111111101001110101001001000011111011110011100110
1001111101001001001110100001010011010001110101001110010001101111
0111100111101101001101011011000111111011010011111011010110110101
1001100001010011000011001111100110000100100110111100010011010001
0001010110001011010001101001010001001011011011010011111011101100
0101001010010110100101111100011110110010010011110101111001111100
1100011111101001010111110001000100011011101111011101001010000100
1000000110110101110010001001010011110110111000011101101011100111
0000100001010010101001000110111000101001010001111000100100001111
0001010001000100111000000001110000010101100110010001010111010000
0101011101000100010101010101100100000111111001101111000011010110
0000101001001110010010110001101100100000111000100101110101010001
1011111101000101100000100011001101110110010000011111100100111010
0001110001101010010101000000010100101001100110010101010110010100
0110010101010110011010110100111101100000101101000110101001000110
1000000001101011011110010010111101011111100100111010000111001110
0011001111100011110101111010110101111001001000010110101001110111
1010001001111000011110111000100100110001000100110110110010100010
0011001001101100011000010010000000101001111100100110001111001100
1011101000101111111010111101101011010110110101111011000101101111
1001000001101110001100000111110010111110010110001100110110001100
1101011011011110001111011100000111100111001010000101110000000000
0010100110110011010010000001010100111101011010101111101011011101
1101111101110100100100000100100010010001111001101011111100110111
nat_swap_d17_bits(2048):
1111110011110110110011010000000010100010110011010111101000000010
1000101100110101111010000000101000101100110101111010000000101000
1011001101011110100000001010001011001101011110100000001010001011
0011010111101000000010100000001001010111101010111101010100000011
0101111010101101110000000000110101111010101101110000101110010101
1110100000100011010000100101011110100101111001010111011011110001
1101000010100001011100110111011000100001011110111000101101010011
1011101011000001011101011101011000101000011011010110010101001000
0100001101010110011001000001110111110110000000000101011101111100
1101101101111110001111110101010001111101110110100111010010111101
0010011010010101110110111101100001011101100000100101101111010100
1001111010111101010000010101000111010110111000011101011000011010
0100010111011001000101100001110111001000101001110000011001000101
0100111110010001111000010101101010111011101011000001011101010001
0110000101111010110010000001011101111100101101000101100100100001
1101010101010010111011101101000011110110110010111011111011011110
0011100010111011001100000111011110010000001011111001001111000001
1001111101010110111000100010010100011110100001010001010111110100
0101011101110100010101011101100101100111011101011110100100011011
1011001000110110100110011100100111010011111000011100000101110001
0001101010100100011010001111110010100001111010011101100000110011
0001011100101001001011110000110010110010100101010101110101111100
0101010101110101111010000101011111111001111101011111001100111110
0001010001000001110110111010100111011101100000110011000101111010
1110001011010000010001110111000110011000111000101110010100100000
1101010010100001010111000100111111110001100001110111001101110100
1101101010111001100100011100000110101001111010100111000011000111
0000101001110100010101110011001010100111010110110101001011101000
0001011000100101011011110000101111001000010000110011100000001101
0001011010011001001110101011100011100101010100101010100110000001
1000000001000000101001100100010111001111100010110100110010000000
1111101100110110101000010001110011011111001010010000100001001110
gray_swap_d17_bits(2048):
0101010001011110010001001111001101111001100010001100100111001101
1110011000100011001001110011011110011000100011001001110011011110
0110001000110010011100110111100110001000110010011100110111100110
0010001100100111001101111011111000001100100101010011001111110010
0011001001010110010110111100100011001001010110010110011010000011
0010011100011110111111100000110010010011001000110010110110101111
0100000001100000111000101100110111101100101101101000010100110001
0110100101000111001011001011001000011000001001000010001100111000
0000000011001110000111001111010001011010010000011100110100010100
1011011011011010010101001100110000100111010010011101000010001100
1110001001110011010010010100100000110100100000011100100101001100
0111010110010100110000001100111101001101101011110100110111110101
1101110010110111000011011111010010111000011000100000001000111111
0000010010001111101001110000100110010110100101000111001011001111
0010000011010110010001001111110100100100100101010001101100110011
1100010101010010111011101111100001110110110000011100111111011110
0011000010111011001100100110011110010000000011111001001101001001
1101011101110111111010000011010100011100100101010001010111110100
0101011101110100010101011101100101000111011101011110000101011011
1011001000110110100110011100100111110011111000011100000100111001
0001100000010110011100001101010111100001110110011101100010111111
0101011100100001001011110000111010100000100101010101110111110000
0101010101110111111110100101011111111001011100011111001100111110
0001111011000001110110010011111011011101100010111111010101111010
1100001011010000010011110011000110011000110000101110010100101010
1001010010100001110110000100011101011001100001010110100010001100
0101100001110000110010001101011001000101001111111000011010100011
0101110000001001101010000010001110000011010000110001000100000110
1001111001111001001100000000010011000101100101000100111101101001
1100110100101110010011111100000001110100111001001111111011100101
0111001110010101110110011111110110110000001100100000101100111011
1111000001011101001111011101101011001111001010010000100001001110
nat_swap_inv_d17_bits(2048):
0000001100001001000011001111111101011101001100101000010111111101
0111010011001010000101111111010111010011001010000101111111010111
0100110010100001011111110101110100110010100001011111110101110100
1100101000010111111101011111110110101000010101000010101011111100
1010000101010010001111111111001010000101010010001111010001101010
0001011111011100101111011010100001011010000110101000100100001110
0010111101011110100011001000100111011110100001000111010010101100
0100010100111110100010100010100111010111100100101001101010110111
1011110010101001100110111110001000001001111111111010100010000011
0010010010000001110000001010101110000010001001011000101101000010
1101100101101010001001000010011110100010011111011010010000101011
0110000101000010101111101010111000101001000111100010100111100101
1011101000100110111010011110001000110111010110001111100110111010
1011000001101110000111101010010101000100010100111110100010101110
1001111010000101001101111110100010000011010010111010011011011110
0010101010101101000100010010111100001001001101000100000100100001
1100011101000100110011111000100001101111110100000110110000111110
0110000010101001000111011101101011100001011110101110101000001011
1010100010001011101010100010011010011000100010100001011011100100
0100110111001001011001100011011000101100000111100011111010001110
1110010101011011100101110000001101011110000101100010011111001100
1110100011010110110100001111001101001101011010101010001010000011
1010101010001010000101111010100000000110000010100000110011000001
1110101110111110001001000101011000100010011111001100111010000101
0001110100101111101110001000111001100111000111010001101011011111
0010101101011110101000111011000000001110011110001000110010001011
0010010101000110011011100011111001010110000101011000111100111000
1111010110001011101010001100110101011000101001001010110100010111
1110100111011010100100001111010000110111101111001100011111110010
1110100101100110110001010100011100011010101011010101011001111110
0111111110111111010110011011101000110000011101001011001101111111
0000010011001001010111101110001100100000110101101111011110110001
gray_swap_inv_d17_bits(2048):
1010101110100001100001010000110010000110011101110011011000110010
0001100111011100110110001100100001100111011100110110001100100001
1001110111001101100011001000011001110111001101100011001000011001
1101110011011000110010000100000111110011011010101100110000001101
1100110110101001101001000011011100110110101001101001100101111100
1101100011100001000000011111001101101100110111001101001001010000
1011111110011111000111010011001000010011010010010111101011001110
1001011010111000110100110100110111100111110110111101110011000111
1111111100110001111000110000101110100101101111100011001011101011
0100100100100101101010110011001111011000101101100010111101110011
0001110110001100101101101011011111001011011111100011011010110011
1000101001101011001111110011000010110010010100001011001000001010
0010001101001000111100100000101101000111100111011111110111000000
1111101101110000010110001111011001101001011010111000110100110000
1101111100101001101110110000001011011011011010101110010011001100
0011101010101101000100010000011110001001001111100011000000100001
1100111101000100110011011001100001101111111100000110110010110110
0010100010001000000101111100101011100011011010101110101000001011
1010100010001011101010100010011010111000100010100001111010100100
0100110111001001011001100011011000001100000111100011111011000110
1110011111101001100011110010101000011110001001100010011101000000
1010100011011110110100001111000101011111011010101010001000001111
1010101010001000000001011010100000000110100011100000110011000001
1110000100111110001001101100000100100010011101000000101010000101
0011110100101111101100001100111001100111001111010001101011010101
0110101101011110001001111011100010100110011110101001011101110011
1010011110001111001101110010100110111010110000000111100101011100
1010001111110110010101111101110001111100101111001110111011111001
0110000110000110110011111111101100111010011010111011000010010110
0011001011010001101100000011111110001011000110110000000100011010
1000110001101010001001100000001001001111110011011111010011000100
0000111110100010110000100010010100110000110101101111011110110001
nat_rev_swap_d4_bits(2048):
1010110111100010100111101100000111001000110011110111011100000111
0010001100111101110111000001110010001100111101110111000001110010
0011001111011101110000011100100011001111011101110000011100100011
0011110111011100000111001011011011101001011100000000010101010100
1101110111000000000010110101001101110111000000000010001111001010
0101110000011101010101101110100101111011011111000011000011011000
1101000011000110100110110111111101110100000101001100000101100001
1011011000011010001100001110001100101001001000000000111000111001
0010000100010101010010001000101101100011000000110000011001000000
1000111101101101011010000101011001000111100011100011011100010111
0000110000100101100101001001110000001001011000001001010010010100
1100111101011001111001100000110011110110110101001001011001011101
1110110011101001011100101101011101101001001001000100110000100000
0110000101010010110111100000001100011011011000011010001100000110
0111000000101101010001110011011100110100000111001111101111011010
1101110101101111001011001110100111011010100100010101101001010100
1000001000001011111101100100010100111101110111011000110101101111
1110000000010111010111100111111000011111010010011001111100111000
0111110011100110011111111111010110111101110101011000100011001101
0000111101101001011011101001011010001001010100110111110111110111
0001000000100101100100010101101101111110110110001100010110100000
0110001001010001000011100000011110100010110010011111111101010111
0010011111111101010000010111010011010000111010010101111101100101
1100110101010101110001011001100001101100010110100000011000101001
0001001111010010001111000000101111000101100010000001111101001111
1001111101000100010000010100001100001001001010101111111001001111
0111000100011010100101001001010110011100000010011110000110100010
0100100111000110001001101010001101100111111111000010110001110111
1001000001001010000011010111101111010110101101010101101111000010
0010110011010101000100110101010111111000000011000111101101001000
1001010110000100100000110110111001111100100101011110111101000100
0010011100101101011100110001101111000101000101011110000010101100
gray_rev_swap_d4_bits(2048):
1010110111101000110011101100100110011100111001100010011100100110
0111001110011000100111001001100111001110011000100111001001100111
0011100110001001110010011001110011100110001001110010011001110011
1001100010011100100110011101011111101000011100100101010111011010
1000100111001001010111010110101000100111001001010111001111001010
0001110010011001011101111110100001111011001111000011000011011000
1101100010000110101100100010111101110100010001001100001101110001
1011011000011110001100001110001100101001001000001000101000111001
0010000000010111011110010000111101100111010000100000011001100001
0000101101101101001010010101011001001101110111100011011100000011
0000110000100101100101001001110000001001011000001001010010010100
1100111101011001111001100000110011110110110111001101011001011101
1111110011101001011100101101011101101001001001001100100000100010
0111000001010010110110100010001000011011011000011110001100000110
0111000000101101010001011010101101111100011110100101011010101001
1010101100100101000110111001011000110001100011110101011111001100
0111000110000110101011011101110011101011011101010111101111011101
0010111110001100110001011011010111110101001001110111010100010111
1101010001011101110101010101001101010101010011001000011111000100
1111101011011000110110100111001001000110110011101101101101011101
0111000011000101011000001011011101010110011101100100001101100111
1010000111000000100001011111110101111101101001110101010100111010
1001110101010100110111001100110001001111101000001100101011011100
1011011110101011010000110101001111000100001101100111101000011000
1100111101001110000101000111100101000011010001100000101011000110
1110101011000011110001110011000110110001011001100111010101101100
0101101111010010001111110011111101010001101100110110101001001100
1100100001011111100101000011111000011111010101000101011111111000
0001010010111010101101111000010111101110001001000010010001101100
1101001111011010000111001111111000010011110011010000010111101010
1000010101010111011100000111111101011010111010100001101000101001
1011111010001010101101101000111010100011000011001010000001100100
nat_rev_swap_inv_d4_bits(2048):
0101010111100010100111110011111000110111001100001000100011111000
1101110011000010001000111110001101110011000010001000111110001101
1100110000100010001111100011011100110000100010001111100011011100
1100001000100011111000110100100100010110100011111111101010101011
0010001000111111111101001010110010001000111111111101110000110101
1010001111100010101010010001011010000100100000111100111100100111
0010111100111001011001001000000010001011111010110011111010011110
0100100111100101110011110001110011010110110111111111000111000110
1101111011101010101101110111010010011100111111001111100110111111
0111000010010010100101111010100110111000011100011100100011101000
1111001111011010011010110110001111110110100111110110101101101011
0011000010100110000110011111001100001001001010110110100110100010
0001001100010110100011010010100010010110110110111011001111011111
1001111010101101001000011111110011100100100111100101110011111001
1000111111010010101110001100100011001011111000110000010000100101
0010001010010000110100110001011000100101011011101010010110101011
0111110111110100000010011011101011000010001000100111001010010000
0001111111101000101000011000000111100000101101100110000011000111
1000001100011001100000000000101001000010001010100111011100110010
1111000010010110100100010110100101110110101011001000001000001000
1110111111011010011011101010010010000001001001110011101001011111
1001110110101110111100011111100001011101001101100000000010101000
1101100000000010101111101000101100101111000101101010000010011010
0011001010101010001110100110011110010011101001011111100111010110
1110110000101101110000111111010000111010011101111110000010110000
0110000010111011101111101011110011110110110101010000000110110000
1000111011100101011010110110101001100011111101100001111001011101
1011011000111001110110010101110010011000000000111101001110001000
0110111110110101111100101000010000101001010010101010010000111101
1101001100101010111011001010101000000111111100111000010010110111
0110101001111011011111001001000110000011011010100001000010111011
1101100011010010100011001110010000111010111010100001111101010011
gray_rev_swap_inv_d4_bits(2048):
0101010111101000110011110011011001100011000110011101100011011001
1000110001100111011000110110011000110001100111011000110110011000
1100011001110110001101100110001100011001110110001101100110001100
0110011101100011011001100010100000010111100011011010101000100101
0111011000110110101000101001010111011000110110101000110000110101
1110001101100110100010000001011110000100110000111100111100100111
0010011101111001010011011101000010001011101110110011110010001110
0100100111100001110011110001110011010110110111110111010111000110
1101111111101000100001101111000010011000101111011111100110011110
1111010010010010110101101010100110110010001000011100100011111100
1111001111011010011010110110001111110110100111110110101101101011
0011000010100110000110011111001100001001001000110010100110100010
0000001100010110100011010010100010010110110110110011011111011101
1000111110101101001001011101110111100100100111100001110011111001
1000111111010010101110100101010010000011100001011010100101010110
0101010011011010111001000110100111001110011100001010100000110011
1000111001111001010100100010001100010100100010101000010000100010
1101000001110011001110100100101000001010110110001000101011101000
0010101110100010001010101010110010101010101100110111100000111011
0000010100100111001001011000110110111001001100010010010010100010
1000111100111010100111110100100010101001100010011011110010011000
0101111000111111011110100000001010000010010110001010101011000101
0110001010101011001000110011001110110000010111110011010100100011
0100100001010100101111001010110000111011110010011000010111100111
0011000010110001111010111000011010111100101110011111010100111001
0001010100111100001110001100111001001110100110011000101010010011
1010010000101101110000001100000010101110010011001001010110110011
0011011110100000011010111100000111100000101010111010100000000111
1110101101000101010010000111101000010001110110111101101110010011
0010110000100101111000110000000111101100001100101111101000010101
0111101010101000100011111000000010100101000101011110010111010110
0100000101110101010010010111000101011100111100110101111110011011
nat_rev_swap_d17_bits(2048):
1010100010100111100010011111110000000101011110101010101111110000
0001010111101010101011111100000001010111101010101011111100000001
0101111010101010111111000000010101111010101010111111000000010101
1110101010101111110000000110110001101010101100011000011000111110
1010101011000101110001101111101010101011000101110001010100011010
1010111111111101100011000110101010111010101001100101101101011110
1001110011000001101011101010001111000010101101010000110101100010
1101001101000000010110010110010000110000010010011000011001110000
0111001000011011010010000010100101100110000100000001101001011000
1010110110101000001110100001100001010101100100111010011111101111
1100010011100110100100101001000001101001000000111001001010011000
1110101100101001100000011001111010011011010000101001101111101100
1000000101101110000110111110100101110000110001011100010001111001
0111101010011110100000000110001100101101001101000000010110011110
0100000110101100100011110010011001010100111001100010010100110101
1011101111111011100110011011001010101101101011001111110111110001
0010011011100110101010001100100001011000001100000101101000000011
0100001011110101110100011011001110010001010000111001111100001110
0111110011001110011111110011010111011100110011110001111110000110
0110101100101101110101010010110100110010000100010010000111011011
1001011101011010110110101000100010100001000100010011010000001001
1000110010111111101110001000101001101111010111111111001111100001
0111111111001111100110001111110000000101001011100000101010100001
0001110011000001001101101101100011110011010000001001100011000111
1001101110111000011001101101100101010100100110111001011110110010
0010111011110001110100110110101000100011010001000100110000110000
1001011101010111000011110110010010000110001010100011010100111101
1001101011010001000000110110111110111101111100001110101101100111
1011111100100000110011110100110111101111000101110111100111010010
1010101100111000011110101011101010110011100101100110100010011000
0111110010010101101010101000100100110111101000001011101100101110
0100010001110111000101101010001100110100101111011000110001101001
gray_rev_swap_d17_bits(2048):
1010100010101101100010011111011010010001010100001011101111011010
0100010101000010111011110110100100010101000010111011110110100100
0101010000101110111101101001000101010000101110111101101001000101
0100001011101111011010010000110001001011101110111100011010110100
0010111011101110010100001101000010111011101110010100010100010010
1110111101111101101011000100101110110010111001100101101101011110
1001010011000001100001001011001111001000111001010000111101100010
1101001111000100010110010110010000110000010010010000011001110000
0101001100011001011010001010100111101010011100010001101001111000
0010110110100000010110110001100001011111100100111010010101111011
1100010011100110100100101001000001101001000000111001001010011000
1110101100101001100000011001111010011011010010101001101111101110
1001000101101110000110111110100101110000110001010100010001111011
0101101110011110000001000100001100101101001111000100010110011110
0100000110101100100011011010111001011100011000111001111100001111
0111011010101001011101110101111010011011011010000000101010101111
0001001001011101100110111010011111001000001011111100100100001110
1011000110010010101111001000111010001100110111101000101011111010
0010101110111010001010101110110010001011101110101111101011111101
1101100100011011010011001110010011010001111100001110000011000110
1000111000010101101001100100100111100000110100001110110011110000
1111101110011010100101111000010111000110110010101010111001010111
0010101010111001011010111010101111111100000111011111100110011111
0000011101000000111011101010110110101110110011110000111110111101
0100100101101000001011011100100011001100010010010111001010011101
1001101001010000010010010010100100101110110000000010100101000000
1000111001000011011010110011100100110101011111110100100010101100
1110110111100110010101001100010010101100101111111101101110010110
0110010101110111110100001100111010101100011010001000110100001001
0000101111001101100011111100011010001111101010011011110111001111
0111011011101010110011001010100010111000010011100001001111001000
0011000110011111111001010001101011110011100101001000010000100111
nat_rev_swap_inv_d17_bits(2048):
0101011101011000010010000000001111111010100001010101010000001111
1110101000010101010100000011111110101000010101010100000011111110
1010000101010101000000111111101010000101010101000000111111101010
0001010101010000001111111001001110010101010011100111100111000001
0101010100111010001110010000010101010100111010001110101011100101
0101000000000010011100111001010101000101010110011010010010100001
0110001100111110010100010101110000111101010010101111001010011101
0010110010111111101001101001101111001111101101100111100110001111
1000110111100100101101111101011010011001111011111110010110100111
0101001001010111110001011110011110101010011011000101100000010000
0011101100011001011011010110111110010110111111000110110101100111
0001010011010110011111100110000101100100101111010110010000010011
0111111010010001111001000001011010001111001110100011101110000110
1000010101100001011111111001110011010010110010111111101001100001
1011111001010011011100001101100110101011000110011101101011001010
0100010000000100011001100100110101010010010100110000001000001110
1101100100011001010101110011011110100111110011111010010111111100
1011110100001010001011100100110001101110101111000110000011110001
1000001100110001100000001100101000100011001100001110000001111001
1001010011010010001010101101001011001101111011101101111000100100
0110100010100101001001010111011101011110111011101100101111110110
0111001101000000010001110111010110010000101000000000110000011110
1000000000110000011001110000001111111010110100011111010101011110
1110001100111110110010010010011100001100101111110110011100111000
0110010001000111100110010010011010101011011001000110100001001101
1101000100001110001011001001010111011100101110111011001111001111
0110100010101000111100001001101101111001110101011100101011000010
0110010100101110111111001001000001000010000011110001010010011000
0100000011011111001100001011001000010000111010001000011000101101
0101010011000111100001010100010101001100011010011001011101100111
1000001101101010010101010111011011001000010111110100010011010001
1011101110001000111010010101110011001011010000100111001110010110
gray_rev_swap_inv_d17_bits(2048):
0101011101010010010010000000100101101110101011110100010000100101
1011101010111101000100001001011011101010111101000100001001011011
1010101111010001000010010110111010101111010001000010010110111010
1011110100010000100101101111001110110100010001000011100101001011
1101000100010001101011110010111101000100010001101011101011101101
0001000010000010010100111011010001001101000110011010010010100001
0110101100111110011110110100110000110111000110101111000010011101
0010110000111011101001101001101111001111101101101111100110001111
1010110011100110100101110101011000010101100011101110010110000111
1101001001011111101001001110011110100000011011000101101010000100
0011101100011001011011010110111110010110111111000110110101100111
0001010011010110011111100110000101100100101101010110010000010001
0110111010010001111001000001011010001111001110101011101110000100
1010010001100001111110111011110011010010110000111011101001100001
1011111001010011011100100101000110100011100111000110000011110000
1000100101010110100010001010000101100100100101111111010101010000
1110110110100010011001000101100000110111110100000011011011110001
0100111001101101010000110111000101110011001000010111010100000101
1101010001000101110101010001001101110100010001010000010100000010
0010011011100100101100110001101100101110000011110001111100111001
0111000111101010010110011011011000011111001011110001001100001111
0000010001100101011010000111101000111001001101010101000110101000
1101010101000110100101000101010000000011111000100000011001100000
1111100010111111000100010101001001010001001100001111000001000010
1011011010010111110100100011011100110011101101101000110101100010
0110010110101111101101101101011011010001001111111101011010111111
0111000110111100100101001100011011001010100000001011011101010011
0001001000011001101010110011101101010011010000000010010001101001
1001101010001000001011110011000101010011100101110111001011110110
1111010000110010011100000011100101110000010101100100001000110000
1000100100010101001100110101011101000111101100011110110000110111
1100111001100000000110101110010100001100011010110111101111011000
