S3060006000000F3
S3150006000028432920524F434B57454C4C002D43500D
S315000600105904000B04FFFFFFFFFFFFFFFFFFFFFF73
S3120006002028432920434F4E4558414E5400B3
S315000608004C5FE64CBAE64C15E74C70E74CCBE74C2A
S3150006081026E84C81E84C2A08EAEAEA4C3308EAEA72
S31500060820EA2017E62015084C17E62021E6201508CB
S315000608304C21E6202EE62015084C2EE6203BE62027
S3150006084015084C3BE62048E62015084C48E64C635E
S3150006085008EAEAEA4C6C08EAEAEA2017E6201508EE
S315000608604C17E62021E62015084C21E6202EE62028
S3150006087015084C2EE6203BE62015084C3BE620489C
S31500060880E62015084C48E64C9C08EAEAEA4CA50818
S31500060890EAEAEA2017E62015084C17E62021E620A4
S315000608A015084C21E6202EE62015084C2EE6203BA0
S315000608B0E62015084C3BE62048E62015084C48E697
S315000608C04CD508EAEAEA4CDE08EAEAEA2017E62008
S315000608D015084C17E62021E62015084C21E6202EA1
S315000608E0E62015084C2EE6203BE62015084C3BE68E
S315000608F02048E62015084C48E64C0E09EAEAEA4C7A
S315000609001709EAEAEA2017E62015084C17E6202119
S31500060910E62015084C21E6202EE62015084C2EE684
S31500060920203BE62015084C3BE62048E62015084CF9
S3150006093048E64C4109EAEAEA2017E62015084C176C
S31500060940E62021E62015084C21E6202EE62015088D
S315000609504C2EE6203BE62015084C3BE62048E620D2
S3150006096015084C48E64C7409EAEAEA2017E620150B
S31500060970084C17E62021E62015084C21E6202EE62F
S315000609802015084C2EE6203BE62015084C3BE620B3
S3150006099048E62015084C48E64CA709EAEAEA201775
S315000609A0E62015084C17E62021E62015084C21E618
S315000609B0202EE62015084C2EE6203BE62015084C90
S315000609C03BE62048E62015084C48E64CDA09EAEAF2
S315000609D0EA2017E62015084C17E62021E62015081A
S315000609E04C21E6202EE62015084C2EE6203BE62076
S315000609F015084C3BE62048E62015084C48E64C0D03
S31500060A000AEAEAEA2017E62015084C17E62021E648
S31500060A102015084C21E6202EE62015084C2EE62049
S31500060A203BE62015084C3BE62048E62015084C48D0
S31500060A30E64C400AEAEAEA2017E62015084C17E6CD
S31500060A402021E62015084C21E6202EE62015084C26
S31500060A502EE6203BE62015084C3BE62048E6201508
S31500060A60084C48E64C730AEAEAEA2017E620150817
S31500060A704C17E62021E62015084C21E6202EE62016
S31500060A8015084C2EE6203BE62015084C3BE620488A
S30C00060A90E62015084C48E6B6
S31500060A9720320BD038F24B02081CAD4604CD7B0438
S31500060AA7D006AD4504CD7A04F009EE4504D003EE2B
S31500060AB7460460B7AA60A9008D45048D4604AD3580
S31500060AC702F00320BEE448C2084B026860E24B0206
S31500060AD7082AEE4304D003EE4404AD4404D008AD19
S31500060AE74304CD8103900FA7632021E2CF4806ADC5
S31500060AF70802F00160603F5902276360A9008D432B
S31500060B07048D4404AD3502F01BAD45048540AD465C
S31500060B17048541A541CD7B04D005A540CD7A04F0D1
S31500060B270320BEE448D2084B026860AD8105290159
S31500060B376060A060628284717875747276A1A44437
S31500060B4745464748494A4B4CAAC1C2C3C4C5C6C748
S31500060B57C8C9CACBCCCDCEA801021214B8B8B4B44C
S31500060B67B2B2B1B111D21009068004C21009064CF9
S31500060B77B00E8F6D04C204090660C2201506D21090
S31500060B871506C2401506D2801506D2011F0660C293
S31500060B9780080660D2800806E206061004C210061A
S31500060BA70660A9058D8F02A9008D9002075F8F5FE4
S31500060BB705E21E0608F820960BD2100606C000D0D8
S31500060BC71BE20A0602FBA2022082F8A9398D1C0639
S31500060BD7A9807B09028D1806A9A07B60A9A68D1C8C
S31500060BE7068C1806A9A27B60D2041E0660C2041EDE
S31500060BF70660AD859AD0031F6E03E76F60D2201E87
S31500060C070660676FC2201E0660D201080660C2012B
S31500060C17080660F26B020804D2020806209FF860EF
S31500060C27AD1206C960F00829F0C9A0F002186038A7
S31500060C376048E253022005AD2F058006AD12068DE4
S31500060C472F05C9719016C979B011C972F008C97608
S31500060C57F004C978D002A77138800118686048F28F
S31500060C6751021018E253022005AD2F058006AD1274
S31500060C77068D2F05C9C0900BC9CFB003388001185A
S31500060C87686048E253022005AD2F058006AD1206B9
S31500060C978D2F05C9909008C9A0B00338800118683A
S31500060CA76020380CB0FA4C650C20F5E3F00160F2CB
S31500060CB713060804D20813066020F5E3D009E213E3
S31500060CC7060804C20813066000020300AA20F5E315
S31500060CD7D001608AA8AD130629FC19CF0C8D130619
S31500060CE76000030201A8AD030629FC19E80C8D036B
S31500060CF70660C2020206C2040206C2010206C280D4
S31500060D070706602F67034C540D48D220040668A8C9
S31500060D17B9380BC9AAF00A29F0C9A0D004C2080532
S31500060D2706B9380BAE5D9AE002D00BAE3A02E0037F
S31500060D37B00AA9828006E001D002A95220880DAD25
S31500060D472D02290785402090E2207EE260A8D28000
S31500060D570306C2010406B9380BC9AAF00A29F0C95F
S31500060D67A0D004C2080506B9380B29F0C9B0D00BBE
S31500060D77876D982901D004D2010406B9380B4C8829
S31500060D870D8D120620B00EB9380B29F0C910D003FF
S31500060D974CC60DAD1206C962D025A924FF4C02A979
S31500060DA7278D1806A9368D1C06A9A17BA90EFF4C09
S31500060DB702A90F8D1806A9378D1C06A9A17B60F215
S31500060DC750020105E24F0201062F670320F1E16093
S31500060DD7AD1206608D1206D208030660A93A8D1C67
S31500060DE706A9807B297F8D1806A9A07B60A93A8D5F
S31500060DF71C06A9807B098080ED48D2100506684C3B
S31500060E07140ED24005066048C21005066860C24041
S31500060E17050660AD0F06298060202C0E20650CB0EE
S31500060E27016089066020650CB00620570EF0016042
S31500060E37DAE253022005AD2F058006AD12068D2F81
S31500060E4705205D0E201BE2FAE251021002891D609B
S31500060E57AD0E06291F60F251021025E25102042043
S31500060E679F741D8F741AAAAD7686F0134AB0108D35
S31500060E7718068A38ED1806C991B005A99180018A20
S31500060E8760AD0A0629384A4A4AE20E0640020908AA
S31500060E97D00518AD00066048AD000685406838607F
S31500060EA7E21E0608FB8D100660A90A8DF185A900C4
S31500060EB78DF2857762D2011F0622A900A200A0003D
S31500060EC7FF621A22209FF832E21F06010E8901D019
S31500060ED7EFE8D0ECC8C0C890E780023260324C27EC
S31500060EE7E500010203A8AD060629FC19E80E8D06DC
S31500060EF7066040206000A8AD1106299F19F90E8DD8
S31500060F07110660C20806064C9B0BAD29022903C9C2
S31500060F1701D016F209061011AD120629F0C950F0CE
S31500060F2704C980D004D2800906ADE90409808DE993
S31500060F3704D2010906AD1206C9AAD0032074104CBD
S31500060F47100CA000A240B20247A97C2007E4D28073
S31500060F57020660D22002064C760FC22002064C8E87
S31500060F670FD21002064C760FC21002064C8E0FA938
S31500060F77138D1606A9158D1706A94B8D1806A900F2
S31500060F878D1906A9E17B60A9138D1606A9158D1776
S31500060F9706A9428D1806A9008D1906A9E17B6000E8
S31500060FA700000102000000010248A8AD020629FC5E
S31500060FB719A60F8D020668A8AD060629FC19AB0FFA
S31500060FC78D060660303132333435363738392A23BB
S31500060FD741424344AD1B06290FAABDCB0F60AD1F81
S31500060FE7060910090829FE8D1F0660AD1F0629EF9B
S31500060FF7090829FE8D1F0660A90AA000200DE4AD83
S3150006100719068D9C04CD9E0490038D9E04CD9D04E2
S31500061017B0038D9D0460A900A0B5200DE42940F014
S315000610270238601860F20F060409201A0ED004A9C2
S315000610377F801DF251021005E251020409A908A094
S3150006104710200DE48007A902A00C200DE4AD1906B1
S31500061057205E108DA1046048A209CABDAA04E89DB0
S31500061067AA04CAD0F5ADA1048DAA046860F20906DA
S315000610771010A9008D18068D1906A9048D1C06A938
S31500061087AA7B608D1D06A90A8DF185A9008DF285B5
S31500061097776222A900A200A000FF621D22209FF800
S315000610A732E21D06800E8901D0EFE8D0ECC8C0C82B
S315000610B790E7800532AD180660324C27E5AD000687
S315000610C748208CE3A5C3C901D004A5C2C95E6860DA
S3150006E0001E060902030505020000315904B9140467
S3150006E010F11504432304FC1E043A27FFA4F6FFFF6A
S3150006E020FF04901AFFBEFFFFFFFF02414FFFFFFFEF
S3150006E030FFFFFFFFFFFF1B222F4BF8210B69262050
S3150006E0401208D7102012081E11201208BA11201223
S3150006E050089B382012089E11201208221120120849
S3150006E060351E2012080D4B2BD67C2B357D2B7C7D41
S3150006E0702BE37D2BD67D2BF57D2B287E2B5B7E2BEE
S3150006E080767E2B917E2BAA7E2B9B7B2BF47E2BDB1F
S3150006E0907E2B0D7F2B277F0B52230BE51F0BE927C4
S3150006E0A00BC7260BCE1A0BA4154BDF5E4B6D5F4BCB
S3150006E0B07D654BB95E4B2B5F4B5D5F4B736A4B7A47
S3150006E0C06A4B3C6F4B576F4B91704B95714B2F724A
S3150006E0D04B5B72201208104D201208894D2012083B
S3150006E0E0474E2012088D4F201208EF4F5B5C1A5BD5
S3150006E0F09A1A0BEE370BC1300B4A280BAD1A0BFAE0
S3150006E1001F0B83370BBF1A0B701D0BB6220BB93CC0
S3150006E1100BAA4C4BD1474BAB544B51494B00544B76
S3150006E120614B4B2F4B4BD9544BE2544BE6524B911A
S3150006E130544BB1544B28524B2F554B4F554B2254EB
S3150006E1404BF9584BCF544BC4544B404D4B14554B7F
S3150006E1501D4E4B6B584B21554B9F4E4B25494B42FB
S3150006E160494B17484B2B594B1E594BC6534BEB5431
S3150006E1700BC5160B32160B97170BDE190BE7180B8A
S3150006E180D7181B63581B5F581B37581BAE561BEF19
S3150006E190561BE2561B6A231B75261B87351B5B140B
S3150006E1A01B61291B3E2E1B9E1A1BD6251B7C1F1B7D
S3150006E1B0E02E1BEE311B2B351B16171B13301B7E51
S3150006E1C0341B2C341BEA331BAC2E1BB5221BB02288
S3150006E1D01BA8301B0B323B79293B74293B0F291BA5
S3150006E1E0D0121BD7101B0F131B52141B5B3C1BBFF5
S3150006E1F04B1B693E1B58531BD3381BAE531B6E5124
S3150006E2001B25491B13491BE3491B8B4F1BC64F1B7B
S3150006E210BB4F1B85421B744D1B5A4F1B1E561BFBC1
S3150006E220445B602B5BDD2C5BD42C5BCB2C5B3C2CE4
S3150006E2305B852F5B492F5B952F5BE22F5B00305B7F
S3150006E240E32B5B1E305B2B305B732E5B6C2C5BCA41
S3150006E250365BC22E5B2C2F5B9E305BC52E5B143164
S3150006E2605BF9305B44345B9F325B7E325BCC315B61
S3150006E270ED315BAB325BA42E5BAB315B44305BB9F5
S3150006E280335BD2305BD6305B8D2E5B75305B893067
S3150006E2905BAE2F5BB2301BA75B5BD82D5BE62C5BB8
S3150006E2A0A0355B01375B46370B16580BEE540B074A
S3150006E2B05B0B31590B7D580B725B0B27760B2B7656
S3150006E2C00B3F750B79630BD0630BFD6B0B976A0BD4
S3150006E2D04F6A0B3C6A0B5A6D0BAA6C0B28773B50A0
S3150006E2E0203B5C123B3C143B1C113BE2103BD71017
S3150006E2F03BC31A3B29193BE7153B11204B875E4B5F
S3150006E300F0594BBD5B4B765D0BEA770B6A770B7460
S3150006E310770BAD7A2B134C2B694C2B042C2B9C209C
S3150006E3202B8D202B61202B40222BFC1F2B5B232BB6
S3150006E3303D2B2BDB232B3B252BAB262B3F152BD936
S3150006E340612BD05E2B4A352BA4452BA5452BF830E1
S3150006E3502B2C312BD13C2BEB452B0E3A2B1A3E2B75
S3150006E3601B412B3D392B0A382B67372B8C4D2B72CD
S3150006E3704D2B1C4E2B456A2B16682BB44B2BCA4BC2
S3150006E3802B684A2BD04A2B884C2B37492B93492B83
S3150006E390FF492B3A4A2B154B2B3C682B38532BD768
S3150006E3A0532B5E5A2B725A2BAA5A2BE35A2B3559E4
S3150006E3B05B471B5B691B5B401C5BBD215B4B215BA3
S3150006E3C0791B5B6D215B13225B62205BBD1F5BB510
S3150006E3D0205B311B5BFE205BBD223B5C2A3BDB2AB6
S3150006E3E03BA42E3B812F3B842F3BE0303B71313BD8
S3150006E3F0C9313B0F313BD6313B46323BB7323BF652
S3150006E400323BFB323BB9323B1B323B06323BFF31DA
S3150006E4103B2C323B39323BA1303B32333B2F493B17
S3150006E4201E493B9D363B1F373B99213B29283B938B
S3150006E430273BBF273B0D273BF33B3BD83C3B643B87
S3150006E4403B783D3B9D3D3B5C573B50404B7D2C4BC3
S3150006E4506E314B55324B11324BF0314B8A314B0CE8
S3150006E460444BA5444B46444BA6444BDC653B8829A6
S3150006E4705B06235B0B2A5B11285BFD285B5A2A5B2E
S3150006E48003235B00235B642A5B7B2A3BE3283BC1B1
S3150006E490285B87384B7A1A4B7D1B4BDC1E4B3D1F80
S3150006E4A04B86224BD4164BB31B4B03224BA5214B53
S3150006E4B024214BB0214BE4214B0C224B1D224BE46D
S3150006E4C0184BBE184BF3294BCF295B11185B1A184C
S3150006E4D05B22185B7E115BFB105B78175B3E1A5B53
S3150006E4E0C81A2BD64F2B07502B0F502B17502B2AFB
S3150006E4F0502B38502B4E502B6B502B71502B865071
S3150006E5002B7D502B77502B65502B5F502B9F4F2B17
S3150006E510B04F2BA7502BCD4F5B6A395BAA395B6987
S3150006E5203A5B943A5B9F3A5BAB375B65385B5D3823
S3150006E5305B1D2E5B522E2B18292B30222BD4202B1B
S3150006E540A2210BD71078A2FF9AD8B27F06C702A9D6
S3150006E550008DF399B270182091E42076E117ADC7C5
S3150006E560B4A9FF8D5D9D8D5E9D77B4A9FF8D71055E
S3150006E570B210A6A9C28D0002A90B8D01028F7505E0
S3150006E580A2012072F80F7505B2C5338003B2AA330D
S3150006E5902064E4A232207DF82079E1208BE4800015
S3150006E5A0AC80022220E5E1328C8002A9FF85BA20E2
S3150006E5B019E1A9008D0A9AC201FD05D204FD05D20C
S3150006E5C002FD0537B237B42021E54CE2E160C0050D
S3150006E5D0D0052048E68027C004D005203BE6801EED
S3150006E5E0C003D005202EE68015C002D0052021E600
S3150006E5F0800CC001D0052017E68003200AE6DF6DF1
S3150006E60004B146800291464C0AE6B27018B27119F8
S3150006E610B2721AB2731B60B27418B27519B2761A50
S3150006E62060B27818B27919B27A1AB27B1B60B27CDC
S3150006E63018B27D19B27E1AB27F1B60B25018B2515B
S3150006E64019B2521AB2531B60B25418B25519B256C1
S3150006E6501A60B26018B26119B2621AB2631B600818
S3150006E660487833DB9B20B3E64C0AE608487833DB6A
S3150006E6709B20B3E64C17E608487833DB9B20B3E6C7
S3150006E6804C21E608487833DB9B20B3E64C2EE60899
S3150006E690487833DB9B20B3E64C3BE608487833DB09
S3150006E6A09B20B3E64C48E608487833DB9B20B3E666
S3150006E6B04C52E6200AE6CB23684008487833DB9BB3
S3150006E6C0200EE74C0AE608487833DB9B200EE74C1B
S3150006E6D017E608487833DB9B200EE74C21E6084808
S3150006E6E07833DB9B200EE74C2EE608487833DB9B17
S3150006E6F0200EE74C3BE608487833DB9B200EE74CBA
S3150006E70048E608487833DB9B200EE74C52E620178E
S3150006E710E6CB23684008487833DB9B2069E74C0A3A
S3150006E720E608487833DB9B2069E74C17E608487805
S3150006E73033DB9B2069E74C21E608487833DB9B20D0
S3150006E74069E74C2EE608487833DB9B2069E74C3BA5
S3150006E750E608487833DB9B2069E74C48E6084878A4
S3150006E76033DB9B2069E74C52E62021E6CB23684043
S3150006E77008487833DB9B20C4E74C0AE6084878331A
S3150006E780DB9B20C4E74C17E608487833DB9B20C49E
S3150006E790E74C21E608487833DB9B20C4E74C2EE697
S3150006E7A008487833DB9B20C4E74C3BE608487833B9
S3150006E7B0DB9B20C4E74C48E608487833DB9B20C43D
S3150006E7C0E74C52E6202EE6CB23684008487833DB32
S3150006E7D09B201FE84C0AE608487833DB9B201FE897
S3150006E7E04C17E608487833DB9B201FE84C21E608E1
S3150006E7F0487833DB9B201FE84C2EE608487833DB47
S3150006E8009B201FE84C3BE608487833DB9B201FE835
S3150006E8104C48E608487833DB9B201FE84C52E62036
S3150006E8203BE6CB23684008487833DB9B207AE84CE6
S3150006E8300AE608487833DB9B207AE84C17E6084850
S3150006E8407833DB9B207AE84C21E608487833DB9B55
S3150006E850207AE84C2EE608487833DB9B207AE84C8B
S3150006E8603BE608487833DB9B207AE84C48E60848BE
S3150006E8707833DB9B207AE84C52E62048E6CB2368C1
S3150006E8804008487833DB9B20D5E84C0AE6084878EA
S3150006E89033DB9B20D5E84C17E608487833DB9B200C
S3150006E8A0D5E84C21E608487833DB9B20D5E84C2E84
S3150006E8B0E608487833DB9B20D5E84C3BE6084878E3
S3150006E8C033DB9B20D5E84C48E608487833DB9B20AB
S3110006E8D0D5E84C52E62052E6CB23684001
S3070006FFFE45E5CB
S3070006FFE000080B
S3070006FFE2030806
S3070006FFE4060801
S3070006FFE60908FC
S3070006FFE80C08F7
S3070006FFEA0F08F2
S3070006FFECCDE555
S3070006FFEE8A106B
S3070006FFFCDCE833
S3080006E8DC4C45E5B7
S315000610D7A240A9009500E8D0FBEAEAEA20DC11203F
S315000610E7CD11B2000BB2030AB20009B2FF3367107D
S315000610F7671420C71120CA1120C01120B711900303
S31500061107200C1180F6206812DF8E2CBF8E15CF8E27
S3150006111718478E378EC961F007C941D002C78E6058
S31500061127B78E60C974F00D8004C954F007478E3729
S315000611378E578E60D78E60C92AF009C90DF01067DB
S315000611478E778E60EF8E03E78E60678EF78E60FF6B
S315000611578E0D478E378E578E678E778E4C77112074
S315000611678011206E12A78E4C7412AF4802A7026032
S31500061177B21141B296404C8911B21141B29D404C0B
S315000611878911A200B140F006206812E880F6600DC4
S315000611970A4F4B0D0A000D0A446F776E6C6F616432
S315000611A720496E69746961746564202E2E0D0A00DE
S315000611B70F3C04A53838601860A53229FE853260CB
S315000611C7073960173960202D122033122071112036
S315000611D739124C3F1220C71120CA11573D673D7772
S315000611E73DB2033BB2003AB20F3EB20F3F07341782
S315000611F7346734070C670CA51E48273DB2701EAD2B
S3150006120715C0F002A73DAD16C08535AD17C08537A3
S31500061217AD18C0850DAD19C0850F68851E573AE707
S315000612273AA538F73A608F48020702609F480217C1
S315000612370260DF4802D70260EF480297076022A0DE
S315000612476020501288D0FA3260A2FFCAD0FD60A588
S315000612573129BF090C853160A53129FD090C853170
S31500061267605F3CFD853860AF48022702607807391C
S31500061277206E12A58E2904858E201E139F8E1F8F1C
S315000612878E1CA5F98547A5FA8546204214201E1306
S315000612979F8E0B8F8E0520421480F220E912B277B5
S315000612A71FC2101F06C2081F06C2041E06AD000689
S315000612B7C2201E06AD1006A9208D0406A200BDDBB8
S315000612C7129DF001E8C900D0F5D2801A06D2011F91
S315000612D7066CFEFF4453564420446574656374657D
S315000612E76400A000AEE805DAAEE705DAAEE605DA8B
S315000612F7AEE505DAAEE405DAA005AE83F7DAC8AEDB
S3150006130784F7DAC8A2002F8E02A202DAC85AA2000A
S31500061317A000A9006C4600205113206713200C1461
S315000613279F8E3CC933F00BC937F005A0044C3D1414
S31500061337878E20891320F21320F21320A51320B9CE
S31500061347139F8E1B20C5134CE113A90085F785F855
S31500061357EF8E0685F985FA8006B2A8F9B200FA6015
S315000613676F8E0CA92C8DB102A9018DB20217619F4A
S315000613778E0F201B14C953F008C91BF004C903D0E6
S31500061387DF6020F213EF8E0DC905B00CA006203DCF
S3150006139714A90580039F8E0538E90585F76020F2AF
S315000613A7136F8E09C9089005A006203D1464F985B2
S315000613B7F96020F21364FA85FA9002E6F960A2004C
S315000613C7A4F7F0F96F8E0207B020F2139F8EEE95FB
S315000613D7D7E888D0F4A92E4C681220F2139F8E1EE2
S315000613E7A5F8C9FFF018A0084C3D142006140A0AEA
S315000613F70A0A85FC20061405FC482038146860206E
S315000614070C144C2F146F8E0CA9018DB102A9008DF1
S31500061417B20217618F3C0E6F8EFA1F61F7A00A207C
S315000614273D14A90060A53860C9419002E908E92F6D
S315000614376064F885F86084FB978E60A200A4F7F0CF
S3150006144710A5F98541A5FA8540B5D79140E888D014
S31500061457F860A51E48208FE3B0114820761468A6C3
S31500061467E091D9E6E0D0EEE6DA80EA68851E60A561
S31500061477DA3F752DC9A09029D004A9B48020C9C022
S31500061487901FD004A9C48016C9D09015D004A9D434
S31500061497800CC9E0900BD009A5D685E2A9C4B2038C
S30D000614A7E085DAA5E2851E6068
S315000614AFA24F8002A25FAD739A290F8D7B9A8E7C0F
S315000614BF9A988D729A2003BC07B460A002AD739AF0
S315000614CF290F48AD739A2910D04F6848C901F00EF7
S315000614DFC902F03CC903F010C904F0138053A002E9
S315000614EF20AF14AD739A8000A00320B31480422058
S315000614FFAF14A2052082F8201015A9038D739A80C2
S3150006150FE7A9008D739AA00220AF14A0034CB3145B
S3150006151FA00620AF14A0078015AD1406C95AD00928
S3150006152FA00620B31497B4800820AF14A00320B3E7
S3150006153F1468C904D01AA9DE8D1806A9008D1906D6
S3150006154FA9C17BC9E0D009AD1906C909D002A7758D
S3150006155F2068BCAF752127B4AD1406D01AC2081F72
S3150006156F06A7B4ADEA05851DAD749A850AE70BE79E
S3150006157F145F1002E710586020E9E320E3E3B27325
S3150006158F1D4CCA14A220A002A9008D2586A9048D7A
S30A0006159F26864C49E416
S315000615A4209D18A51FC9B7F023202DA8B2B719B2D6
S315000615B420E1B200D7B2E0D8B200D9B220DA20BC14
S315000615C4A820DCA8B2B71AA02020DD15ADE905854A
S315000615D41CADEA05851D4C4FA827753775A200B1C3
S315000615E4D93F7503200F162F7503200016C9B2D0EE
S315000615F402A775E8D0E9E6DA88D0E2602775C974E9
S315000616049008C980B004B7758640603775C91890C6
S315000616141CC91CB018DAA640E0FFD002C6DAB1D956
S31500061624290F09B091D9E0FFD002E6DAFA60AD8354
S315000616349AF050C9FFF04CB20440B201412016E1BB
S3150006164448B20540B201412016E18541688540A9A4
S3150006165400C540D006C541D0028028A200B2004487
S31500061664B2A8452022E18144E640D002E641E6449A
S31500061674D002E645A545C9B0D004A544C900D0E3C1
S315000616844C0CE5A51E48B2741E20BB16B025B20046
S3150006169442B2A843A1408142E640D002E641E64270
S315000616A4D002E643A543C9B0D004A542C900D0E496
S315000616B4200CE568851E60B20040B2C041A00280D7
S315000616C406B20040B2A841B2E642B21643A200B13F
S315000616D442F007D140D007E880F5A900186007B0A4
S315000616E4386043454C4C554C415220445249564564
S315000616F45200A000203417200EFA80020725201572
S31500061704E5202D17E78E201E138F8E089F8E142034
S31500061714421480F220C516B00AF0028006200CE5B3
S315000617244C6A17206A174C83375F4E03201BF960F1
S31500061734B950178540B951178541A200B140F00644
S315000617442042FAE880F6206A174C97FA52170D0AD1
S31500061754444F574E4C4F414420494E4954494154EF
S315000617644544202E2E00678E200BFA5F4E03202159
S31500061774F9B2008EB2D740B20041A9008140E640D4
S31500061784D002E641A541C900D004A540C9FED0EA67
S315000617946000FFADE90548ADEA0548A5D548A5D6D6
S315000617A448B24840B20041B2FF42B20043B20144D5
S315000617B4B2BC46B21747802CB20040B20241B2EB25
S315000617C442B20543B20144B2D346B217478015B2B4
S315000617D40140B28041B26942B29D43B22D46B21867
S315000617E447B20144A644BD95178140A9238D0080BE
S315000617F4A140DD9517F0028018CA10EAE640D00229
S31500061804E641A541C543D004A540C54290D66C46DB
S31500061814006885D66885D5688DEA05688DE905204C
S3150006182442F9A90185474CDFE16885D66885D568FE
S315000618348DEA05688DE9054775204C18A9008D00C3
S31500061844804F75034CA41560B20075ADE905851C79
S31500061854A9018D0080B2B81CA9028D0080ADE905E8
S31500061864851CAD0080C901D020B2B81CAD0080C964
S3150006187402D016C775B2C533ADE905851CADEA05B2
S31500061884851DA5D5851E077560ADE905851CADEADA
S3150006189405851DA5D5851E1860B2701DB20040B219
S315000618A4A041B20042B2C843ADEA05851EA14081F5
S315000618B442E640D002E641E642D002E643A543C9E3
S315000618C4D0D004A542C900D0E4ADEA05851DA5D548
S315000618D4851E608D7F9AA9D08D739AE7B420E71882
S315000618E467B46027753776A540A641A44222A54368
S315000618F4A644A44522A546A64722A5D748A5D84860
S31500061904A5D948A5DA48A5DB48A5DC48A5DD48A53A
S31500061914DE48209919AD739AC9E0D02CAD14064851
S31500061924AAAD2B022904F0048A20B5E468A200DDD8
S315000619349519F00AE8E8E00490F5A9108004E8BDD4
S3150006194495190D739A8D739A20CA14AF7534AFB46C
S3150006195405AD1406D0C96885DE6885DD6885DC684C
S3150006196485DB6885DA6885D96885D86885D732853A
S315000619744686473285438644844532854086418475
S315000619844260277520E9E320E3E3A9008D739A8074
S31500061994B740024201AD739A2980D008C7B420E93C
S315000619A4E320E6E37867145F10026710A50A8D74D0
S315000619B49AB2000A48C2400F0668B2731DFFB419EC
S315000619C4B2AF40B2BF41B20E42B29D43A200B1408D
S315000619D49142E8E04F90F7F7B460A505090285053C
S315000619E4A2008E71028E7202B2C744B20745A144A2
S315000619F4C94CF0034C621AB2A940B21A41206D1AB8
S31500061A049007D28071024C661AB28D40B21A4120F2
S31500061A146D1A9006D20271028048B29140B21A41FA
S31500061A24206D1A9006D20871028037B29540B21A12
S31500061A3441206D1A9006D21071028026B29940B2E0
S31500061A441A41206D1A9006D20471028015B29D4081
S31500061A54B21A41206D1A9006D20172028004D2018E
S31500061A647102A50529FD850560B2C844B20745A1DC
S31500061A7444C140D012E640D002E641E644D002E62E
S31500061A8445E8E00490E9601860333930323339307A
S31500061A94333339303431313036313830303133300E
S30E00061AA430313330313134303073
S31500061AAD0F760160B200BA2081492F590280F84C93
S31500061ABD4FE12097E420E7F22759B794C24070020A
S31500061ACD60ADD699C955D006ADD8998D1B87AD5340
S31500061ADD04C95BD00DAD1B87EF83068D27024C2EF1
S31500061AEDE160C95CD00CAD1B87EF83F58D28024CE2
S31500061AFD31E1C90DD012AD1B878DF099A200B2D971
S31500061B0D42B20643201FE160C95DD012AD1B878D1B
S31500061B1D8C04A200B2E242B20643201FE160C9312F
S31500061B2DD018AD1B87C90AB002A90A8D8D04A2006D
S31500061B3DB2F842B20643201FE160206AE190034CDB
S31500061B4D8337F01AAD5304C92EF036C930F025C9C0
S31500061B5D03D00EAD1B87C9809039A97F80354CDB26
S31500061B6D1BC905D02BAD1B87C9219027C97FF0232D
S31500061B7DA920801FAD1B87D0028018C907D03780D4
S31500061B8D12AD1B87C988F00BD000C98AD02F8003EA
S31500061B9DAD1B878144207477AD5304C9CAD023ADD6
S31500061BAD2B022910F00848D2043D0268802048C24F
S31500061BBD043D02688018A9808D1B8780D64C833715
S31500061BCD800CC924F004C930D004C2105C0260AD85
S31500061BDD5304C90DD006ADF0994C9AE4C95DD006ED
S31500061BEDAD8C044C9AE4C931D006AD8D044C9AE4FD
S31500061BFD206AE190034C8337A1444C9AE4BF6B47A8
S31500061C0DCF632CAD8203C901F00FA55329304A4A7D
S31500061C1D4A4AF01B2073E48016A55329304A4A4AD0
S31500061C2D4AF00C7F7A032073E41F6403207DE38F4D
S31500061C3D4D15A56B290FD0039F630CA9028DEC9943
S31500061C4D774CA9414C641D4C8337D00467518018D7
S31500061C5DC901D004E7518010C902D004A7528008E5
S31500061C6DC903D00927528000A90085BA604C83376F
S31500061C7D3F6B051F63020759E28402010648C2013E
S31500061C8D09066820D6E19021F284020109E2740262
S31500061C9D0117D280740220D41FC93BF009C90DF075
S31500061CAD0820C32280F34CBF1A8F4D09A56B290F49
S31500061CBDD0061F63034C8337B29B42B2054320D42D
S31500061CCD1FA200B140C90DD0034C411DC94CF00DE4
S31500061CDDA54085B6A54185B720D5378018B29B4058
S31500061CEDB20541A54085B6A54185B7A140D0034CA1
S31500061CFDBF1A20FE37E278020136BF6B33AD0804F4
S31500061D0D20F8E3A9328DAB02A9008DAC026760A956
S31500061D1D0AA02C200DE4AD1906C9FFF010AD180664
S31500061D2DC9149009B253BAB200BD4CBF1A6F60DF23
S31500061D3DA944800DA94F3F6B081F630587594CC2F1
S31500061D4D1CF2840201028002A94FF74C4820D41FCB
S31500061D5DC93BF002175E6885BDB759275960F00372
S31500061D6D4C2A1EA9008DEC998DEB99C24070023F47
S31500061D7D6B51A90048A9C025A785A76805A785A7FC
S31500061D8DA90048A9FC25A885A86805A885A8A900BF
S31500061D9D48A9FC25AA85AA6805AA85AAA003F00C5A
S31500061DAD88B9AA0099370388C0FFD0F58F5939A986
S31500061DBD0048A9F0256B856B68056B856B2767173C
S31500061DCD5E80254F631AA5A82903C902D002D768D6
S31500061DDDA90048A9FC25A885A86805A885A8800890
S31500061DEDB7592088E1375960A9FE8D9586976727DD
S31500061DFD59AD859AF009D2046D02D2106D0260EFC7
S31500061E0D590BB248BDA9008D2602B75960B76AAD02
S31500061E1D22028DB102A9008DB2021761608F84036D
S31500061E2D0F4D034C83379F63E3C2016C02A56B29E5
S31500061E3D0FD002B75EA94B4C641DD02A200AFEB2FE
S31500061E4D4640B22C41F231028006B25340B22C41C5
S31500061E5DF23102800BF231020106B24040B22C413C
S31500061E6D2094E44C0AFEC901D006ADBEFF4C9AE499
S31500061E7DC902D004604C8337C903D062AD839AF08C
S31500061E8D3DC9FFF039B20640B201412016E148B20E
S31500061E9D0740B201412016E18541688540A900C576
S31500061EAD40D006C541D0028015200AFEA20020228A
S31500061EBDE1D0034CC130DA2042FAFAE880F0A900E7
S31500061ECD209DE420C130A94C85B5A91F20CD300F24
S31500061EDD8909B21D40B21F412094E44CC130C90494
S31500061EEDD045AD839AF03DC9FFF039B20840B2012F
S31500061EFD412016E148B20940B201412016E185415D
S31500061F0D688540A900C540D006C541D0028015207A
S31500061F1D0AFEA2002022E1D0034CC130DA2042FA95
S31500061F2DFAE880F04CA0E4C905D00C200AFEAD3BBC
S31500061F3D0320B5E44C0AFEC906D0034C1238604997
S31500061F4D424D00F001604C833727594F6305480F04
S31500061F5D4D04684C833768D017AD859AF00BD220A1
S31500061F6D6D02D2046D02F76A60B24FBDB75980464F
S31500061F7DC902F035B0028035C904B013A9038DBC6C
S31500061F8D04EEB904D003CEB904D204150680CAF000
S31500061F9D08C905D0BE977480148774A90F8DEF8571
S31500061FADA9008DF085676280048774E762202C0E82
S31500061FBDC90390A5E76A60D74C608D530460A540AA
S31500061FCD85B8A54185B960A5B88540A5B98541A150
S31500061FDD4060574C604C805CF00289030A0A0A0A77
S31500061FED48A98F254F854F68054F854F60A8AD814A
S31500061FFD042940F00160988D7105B2FFBAA9008DCE
S3150006200D9B053F760BCF6308A9048D739A20E718B7
S3150006201D0F4D03208EE14F633AB765A9FE8D958662
S3150006202D3F6B0320701DA94820641DBF6B0AA5A82A
S3150006203D2903C902D002D7683F590320C8020F5992
S3150006204D0320BF026F590320D1025F590320CB022D
S3150006205D9F63D837592759076617702765476AD775
S3150006206D5C9759BF6B0CA5A82903C902D004D7687E
S3150006207DA7A89F4E06A90085BA8002174E4CE2E127
S3150006208D4C8337FF631C20D04E9016F008C921F0FD
S3150006209D04C9C1D0198D1B86A9008D1A86975E6750
S315000620AD7660200AFEAD1B8620B5E44C0AFE4C83EF
S315000620BD3701FF01FF632820D04E900CF006D201A2
S315000620CD4F028004C2014F0220D44E90110A48A930
S315000620DDC12D4F028D4F02680D4F028D4F026020A6
S315000620ED0AFEA901F24F020102A90020BE75AD4FE7
S315000620FD02293E4A20C4754C0AFE0201001E00FF47
S3150006210D631BCF8B26C90290034C833748A9F82D3E
S3150006211D78028D7802680D78028D780260200AFEA7
S3150006212DAD7802290720C4754C0AFE200AFEA54283
S3150006213D8540A54385412094E44C0AFEFF630D4870
S3150006214DA9FC255685566805568556604C8337F285
S3150006215D8C02401A2756C2402A0220D04EF00EC9CE
S3150006216D02F004A7568006A756D2402A02604C8373
S3150006217D37F28C0240F848A9E02D2A028D2A02680C
S3150006218D0D2A028D2A0260F28C0240E2D00748C261
S3150006219D202A02686048D2202A0268607F63034CB3
S315000621AD5B2220D04E9024F009C908D01FF0004CB2
S315000621BD5822A9008589578A77A51771C210640218
S315000621CD47A5FF6606AD760420B62260C904B02182
S315000621DD878977A5C902900AD004F7898004D78A1C
S315000621ED7789FF66E6A55529078D7604A9034CB6AC
S315000621FD22C90B9056C90C903BC910F02DC911D0AA
S3150006220D1948C210640268C7A548D20180026887BC
S3150006221D89F7A5A2018EDD05801EC944D02D48D2AB
S3150006222D1064026877A547A5800E48C21064026839
S3150006223D47A597718789F7A57789578AC90A90A2FF
S3150006224DD004F789809CD78A4CEF214C8337200A18
S3150006225DFEA930F26402101CCFA5270F890FFFA524
S3150006226D2AA933DF8A07A932FF8902A9312042FA44
S3150006227D200AFE60A9332042FAA9322042FAA93471
S3150006228D80EBA9312042FAA93780E29F710FA93159
S3150006229DDF8A0CA930FF8907A9394C7A22A9364857
S315000622ADA9312042FA684C7A2248A9F82555855552
S315000622BD680555855560E640D002E641A140602089
S315000622CDD41FC90DF004C930D006574E7754800871
S315000622DDC931D00BD74E775420C32220CB1F60C9E8
S315000622ED32D004E74C80F1C933D004674C80E9C976
S315000622FD34D0064754375480DFC935D0064754B710
S3150006230D5480D5C936D006C754375480CBC937D075
S3150006231D04F75480C3C93FD029A90A2042FAA92633
S3150006232D2042FAA9432042FA7F5404A9378009DFD1
S3150006233D4E04A9308002A9312042FA20C32220CBB1
S3150006234D1F604C8337C900D006A90A20B62760C977
S3150006235D01D016A90920B627A55409078554857EE9
S3150006236DAD240209078D240260C902D015A90920DC
S3150006237DB627A55429FC8554857EAD240209078DFD
S3150006238D2402C903D008A90020B622F76660C9043F
S3150006239DD011A90348A9F8255585556805558555BE
S315000623ADF76660C905D008A90420B622F76660C986
S315000623BD0ED006A9888D230260C90FD005A98A8D70
S315000623CD230260AAADEF990901E001F00229FE8DFF
S315000623DDEF9960DFAF0CC900F01BC901F007C90202
S315000623EDF0034C833787AFB2DD42B20643A200A98E
S315000623FD01201FE16007AFB2DD42B20643A200A976
S3150006240D00201FE160A14020A2E28544A90B854567
S3150006241DB22842B201434C3A24A14020A2E2854499
S3150006242DA91F8545B23342B201434C3A24A544F061
S3150006243D61C91FB05D20A224B058C644F00EA54250
S3150006244D692F8542A5436900854380EEA200A1400A
S3150006245DC93DD03E20C322C90DD01EA54085B8A5BF
S3150006246D4185B9A900201FE1A5B88540A5B98541C5
S3150006247DA540D002C641C6406048A54085B8A541CF
S3150006248D85B968201FE1A5B88540A5B98541E84CF3
S3150006249D61244C8337A54085B8A54185B920C3224D
S315000624ADC90DD00AA5B88540A5B985411860C6459A
S315000624BDF0034CAA243860C901F006C902F00A8059
S315000624CD095FA10620DA248000604C8337B2F540F9
S315000624DDB22441B2EC42B20643A200B140201FE13E
S315000624EDC900F003E880F4604D554C54494D4F44F0
S315000624FD454D00C905F0016020C130A97185B5A904
S3150006250D2B20CD30A57D290BC90AF010A554290718
S3150006251DC904D004A9328006A9318002A930204209
S3150006252DFAA9202042FAA97185B5A92B20CD30A589
S3150006253D552907C900D004A933800EC904F004C96C
S3150006254D05D004A9358002A9342042FAA5202042D9
S3150006255DFAA97185B5A92B20CD30AD2302C988F010
S3150006256D04A9158002A91420B5E4A5202042FAA9CE
S3150006257D7485B5A92B20CD30AD7D04C912D00BA916
S3150006258D7885B5A92B20CD308021C911D00BA97F11
S3150006259D85B5A92B20CD308012AABDBB2BAABDAD04
S315000625AD2B85B5BDAE2B85B620CD30A9A985B5A98A
S315000625BD2B20CD30ADEF99290189302042FA604C9A
S315000625CD833720D41FE6B8D002E6B9E6B8D002E6C0
S315000625DDB9A95381B8A5B8D002C6B9C6B8A5B8D09B
S315000625ED02C6B9C6B820A2E24820CB1F68C90BD0D1
S315000625FD05A9124C4426C939D005A9114C4426C93C
S3150006260D26D005A9094C4426C913D005A9084C445C
S3150006261D26C960D004A907801EC930D004A9068034
S3150006262D16C918D004A905800EC90CD004A90480B4
S3150006263D06C91ED01EA9028D72058D7D04A9002020
S3150006264DF73120D41F200838B00820C32220CB1F0F
S3150006265D80F0604C833720D41F4CEFE04CCB1F2007
S3150006266DD41FA200B140C90DF00BC93AB007C93047
S3150006267D9003E880EFE000F00620C322CA80F64CF0
S3150006268DCB1F20D41FC930F008C931F004C932F06A
S3150006269D0020D41F200838B00820C32220CB1F8067
S315000626ADF06020D41FC90DF00EC930F007C931F000
S315000626BD034C833720C3224CCB1FA8AD810429407A
S315000626CDF00160981F63034C833748C901D0062075
S315000626DD0A2720DD4D68A8A5B948A5B8482049E1C1
S315000626ED3F7608A9048D739A20E718A900858957A0
S315000626FD8A77A520B93C6885B86885B960A91E850F
S3150006270D40B22842B20143A200A901201FE1A5420B
S3150006271D692F8542A54369008543C640D0EB602FD8
S3150006272D8302A9020A0A0A0A0A0A48A93F255085FA
S3150006273D5068055085506048A9FC2D29028D290241
S3150006274D680D29028D290260C901F00AC902F00633
S3150006275D20B622F766604C8337F007C901F01C4C8C
S3150006276D9927AD81042901F022207CE0AD8104294B
S3150006277DF88D8104B248BDB7598010AD81040901A3
S3150006278D8D81042082E0A9008DEE99604C8337C9B0
S3150006279D049006F011290309081F630D8540A551FE
S315000627AD290BC540F01B4C833748A9F42551855195
S315000627BD680551855148A9F4257D857D68057D8574
S315000627CD7DC2105C02604F83100A0A0A48A9E725E6
S315000627DD5285526805528552604C83379F662A8FFD
S315000627ED6427EF5924DF6521C901D00C48AD38029F
S315000627FDC910D00368801268AAA56B290FD00AA541
S3150006280D7D290BF007C90AF0034C8337AD7205C94E
S3150006281D0290F6C90A9014C90D90EEC910900CC90E
S3150006282D1190E6C9139004C91590DE8A8D7204209F
S3150006283D8BE1AD7204C901D00227596060C902F059
S3150006284D07C901F07B4C602AA5BB8D9604A5BC8DE8
S3150006285D9704AD26028DDF0420C130A90D85B5A9D5
S3150006286D2F20CD30B28E44B20445A200A000A90099
S3150006287D85B59889612042FAA5B589612042FAB1D6
S3150006288D448541B2304320ACE4E8E6B5A5B5D9F6A4
S3150006289D2ED0DFC8C017D0D6A91385B5A92F20CD42
S315000628AD3020C130A200A000BDBA9C20B5E4E8C810
S315000628BDC00C900520C130A000E05490EB4CC13001
S315000628CD1F6E0620C1304C682BA9C58544A92B85DC
S315000628DD4520F730AD26020AAABDDA2C85B5BDDB35
S315000628ED2C20CD3020F730AD8E0420252B20F73049
S315000628FDAD900420252B20F730AD920420252B20F4
S3150006290DF730AD940420252B20F730A200A5BBC9C0
S3150006291DFFF026C946F015A202C950F00FA204C94A
S3150006292D51F009A206E24A024002A208BDB32E855F
S3150006293DB5BDB42E20CD30800320682B20F730A2EE
S3150006294D00A5BBC9FFF025C946F014A5BCC945F0BF
S3150006295D0EA202C942F008A206C944F002A204BD9F
S3150006296DDE2E85B5BDDF2E20CD30800320682B20CB
S3150006297DF730ADA104854120ACE420F730AD9C04BB
S3150006298D205AE220ACE420F730ADCC0420B5E42085
S3150006299DF730ADCB0420B5E420F730ADA70420B54E
S315000629ADE4ADA60420B5E420F730AD758620B5E472
S315000629BD20F730AD768620B5E420F730E2530204D3
S315000629CD0EADFE0420B5E4ADFF0420B5E4802EADB4
S315000629DD7486D004A204801AC940D004A2008012BF
S315000629EDC980D004A202800AC960D004A20880025A
S315000629FDA206BDB22C85B5BDB32C20CD3020F73041
S31500062A0DADB70420B5E420F730ADB80420B5E4E241
S31500062A1D5102101320C130A9D685B5A92C20E13057
S31500062A2DAD5D9AC938D00D20F730E262020216E284
S31500062A3D63020411A200AC7986F015BDE304E82005
S31500062A4DB5E48880F4A9D185B5A92C20E13080E4BA
S31500062A5D4CC130207477A9FF8D7C0420C130A9376F
S31500062A6D85B5A93120E13020C130A9608D7805A93B
S31500062A7D318D790520AF2FA9478D7805A9318D7929
S31500062A8D05203E2FDF6A016020C130A9008D7C042A
S31500062A9D201231A9A785B5A93120CD3020172F20B3
S31500062AADC130A9018D7C04201231A9B985B5A9318C
S31500062ABD20CD3020172F20C130A9E485B5A93120A8
S31500062ACDCD30A00020D72A4CC130844720C130987E
S31500062ADD4809302042FAA93D2042FAB20B42B29A73
S31500062AED439848201CE1A90B85B5A99A20CD307AC5
S31500062AFDC8A547F00568C008800368C004B018C0AD
S31500062B0D02F0C9C004F0C5C006F0C1A9202042FADC
S31500062B1DE8E02690F880B860C9FFD0034C682B0A0A
S31500062B2DAAA54048A54148A54248A54348A54448F7
S31500062B3DA54548BD402E8540BD412E854120AFE4B5
S31500062B4D6885456885446885436885426885416814
S31500062B5D8540A9AE85B5A92E4CCD30A9C985B5A991
S31500062B6D2C4CCD30264500245342003131353230BA
S31500062B7D30003537363030003338343030003139A1
S31500062B8D3230300039363030003438303000323499
S31500062B9D30300031323030003330300020244400DE
S31500062BADA52BA02B9B2B962B912B8B2B852B0000C8
S31500062BBD0000020406080A0C5445524D494E41546E
S31500062BCD494F4E20524541534F4E0A4C41535420C0
S31500062BDD5458207261746510484947484553542028
S31500062BED545820726174650D4C4153542052582029
S31500062BFD726174651048494748455354205258200A
S31500062C0D726174650D50524F544F434F4C14434FDA
S31500062C1D4D5052455353494F4E114C696E652051D1
S31500062C2D55414C495459105278204C4556454C142D
S31500062C3D48696768657374205278205374617465A4
S31500062C4D0C4869676865737420545820537461740B
S31500062C5D650C45514D2053756D15524253205061E5
S31500062C6D747465726E11526174652044726F7013B9
S31500062C7D4469676974616C204C6F7373104C6F638E
S31500062C8D616C205274726E20436F756E740C5265AC
S31500062C9D6D6F7465205274726E20436F756E740B6C
S31500062CAD466C657800BC2CC02CC42CC92CCD2C3397
S31500062CBD644200366442004E6F6E65004E2F41002B
S31500062CCD326462006661696C0056393000162D163F
S31500062CDD2DF62D242D312D3E2D3E2D522D522D52B6
S31500062CED2D522D522D682D782D522D922DA52DB4A2
S31500062CFD2DC72DDB2DEC2DF62DFB2D062E242D1693
S31500062D0D2E272E2B2E332E3A2E4C4F43414C205228
S31500062D1D4551554553540043414C4C205741495452
S31500062D2D494E470043415252494552204C4F535343
S31500062D3D004E4F204552524F5220434F5252454355
S31500062D4D54494F4E00494E434F4D50415449424CFE
S31500062D5D452050524F544F434F4C004C494E4B2035
S31500062D6D444953434F4E4E454354004558434553E8
S31500062D7D534956452052455452414E534D49535388
S31500062D8D494F4E53004E4F2052454D4F54452052F6
S31500062D9D4553504F4E5345004753544E20434C45CD
S31500062DAD4152444F574E00494E4143544956495494
S31500062DBD592054494D454F555400494E434F4D5094
S31500062DCD415449424C4520535045454453004252C1
S31500062DDD45414B20444953434F4E4E454354004BB4
S31500062DED45592041424F5254004E4F4E45004E4FC7
S31500062DFD20434F4E4E454354005245545241494E7B
S31500062E0D204641494C55524500455854454E534961
S31500062E1D4F4E205049434B55500044504C004D4F94
S31500062E2D48434C5244004D4F4853544F004D4F485E
S31500062E3D4E41002C015802B0046009C0128025E0EF
S31500062E4D2E4038201CA041004B6054C05D20678083
S31500062E5D70E0794083007DD084A08C7094409C10E0
S31500062E6DA4E0ABB0B380BB50C320CBF0D2C0DA60C2
S31500062E7D6D9572CB77007D35826B87A08CD5910BC0
S31500062E8D97409C75A1ABA6E0AB15B14BB680BBB50D
S31500062E9DC0EBC520CB55D08BD5C0DAC05DF5622B00
S31500062EAD682042505300BD2EC22EC62ECF2ED42ECE
S31500062EBD4E4F4E45004D4E500043454C4C554C41DC
S31500062ECD52004C41504D004C41504D2D5352454AE2
S31500062EDD00BD2EE62EEB2EF22E4D4E5035005634F7
S31500062EED32426973005634340004040301020302A8
S31500062EFD1303060E0403020704031A04090102034B
S31500062F0D424547494E00454E440020C130A9608DC5
S31500062F1D7805A9318D7905A90B8D7A05A99A8D7B2B
S31500062F2D0520AF2FA9CB8D7805A9318D79054C3E98
S31500062F3D2FA00AA2FFE8AD780585B5AD790585B64C
S31500062F4DB1B5C9FFD008C00AF00320C13060C980EB
S31500062F5DB0E3DA48A9532042FA68297F488541B27B
S31500062F6D004320B2E4A93A2042FAAD7C0430126839
S31500062F7DAD7A0585B5AD7B0585B66848AAB1B5802A
S31500062F8D0668206AE1A1448541B2004320ACE48877
S31500062F9DD007A00A20C1308005A9202042FAFA4C96
S31500062FAD422FA2FFAD780585B5AD790585B6A0008C
S31500062FBD8C7F05E8B1B53026997E05C001F008C9A6
S31500062FCD50F0F0C954F0ECC82042FAAD7F05C95948
S31500062FDDD0E1DA2055E1FA89302042FA8012200333
S31500062FED30AD7F05C958D0BCAD7C041003DF6AB47D
S31500062FFD20ECE04CC1304829038D7D05684A4A29E7
S3150006300D078D7C05E8B1B5DAAAAD7C04302AAD7A12
S3150006301D0585B5AD7B0585B68644A2FFE8BDCB31E4
S3150006302DC9FFF00A297FC544D0F2B1B5801068688C
S3150006303D68686868684C83378A206AE1A144AE7C65
S3150006304D05F009BC2C310284B526B52AAC7E05C021
S3150006305D50D0062901D00CFA60C054D0092901F0CA
S3150006306D02FA60988033C058D0082907F02989FDE1
S3150006307D8025AC7F05C051D00B854029033F4017EF
S3150006308D09048013C054D009290149FF1869068021
S3150006309D06AE7D053D333189302042FAA920FA4C1C
S315000630AD42FA7F63034CB63060A9004C147601BE16
S315000630BD30300000AD0B022042FAAD0C024C42FA3E
S315000630CD85B6A1B5C920B001602042FAE6B5D0F2A3
S315000630DDE6B680EE20CD30AAE000F008A92E2042F5
S315000630EDFACA80F4A9202042FA6020C130A544858B
S315000630FDB5A54520E130E6B5A5B58544D002E6B6BB
S3150006310DA5B6854560A2FFE8BDCB31C9FFD00160E6
S3150006311DDA297FA8AD7C04202BE1FA9D0B9A80E770
S3150006312D4020100804020101030741435449564540
S3150006313D2050524F46494C453A00000102030405FC
S3150006314D060708090A0B0C0F1112191A24A5262EA5
S3150006315D305FFF42991B45850E4D8A164E851F50CB
S3150006316D950E51890E54950E56910E578A1F5893E4
S3150006317D16599D152643951526448E1526479A17D7
S3150006318D264B83272651821B2652891526539915BA
S3150006319D265481172658921B265953544F52454489
S315000631AD2050524F46494C4520303A0053544F5203
S315000631BD45442050524F46494C4520313A000002AF
S315000631CD060708090A0B0C8E129596979B9C9F244B
S315000631DDA5A728292E5FFF54454C4550484F4E4509
S315000631ED204E554D424552533A004C34E14C37E18B
S315000631FD20D41F20A2E248A140C93DD00D20C322EE
S3150006320D800068C90490094C83376820D41FA9002D
S3150006321DA8A5408544A5418545203132B0E9203D16
S3150006322DE14CBF1AA200B144C90DF007E01FF00428
S3150006323DE880F31860EF5936AAAF67061F63328A20
S3150006324DD0034C83370A85400A0A1865408D570404
S3150006325DA55629384A4A4AF012C901F00EC90290F6
S3150006326D0AC90490034C1DE34C20E34C23E3F76493
S3150006327D60A90385BA4CBF1AC9029047AAA90920A7
S3150006328DB6278AC902D00AA55429FC8554857E809F
S3150006329D19C903D00AA55409078554857E800BC91D
S315000632AD04D00EA9008D24028026A9078D2402803E
S315000632BD1FAD2402A9808D2402A55429FC855485AB
S315000632CD7E800DC900D004A90A8002A90020B62762
S315000632DDC2105C02605F6A1A200AFEA200B20C409A
S315000632EDB200412022E12042FAE8E00890F5200AD4
S315000632FDFE604C8337A848A9FC25578557680557A0
S3150006330D8557A9888D230298C902900748A98A8DE3
S3150006331D230268C900D005A9008D989B60C902D005
S3150006332D02A9100A0A48A9BB255785576805578568
S3150006333D5760200AFEB200432051E220ACE44C0A47
S3150006334DFED01620270CB058200AFEB20043202CBC
S3150006335D10854120ACE44C0AFE20650C9042200AED
S3150006336DFE20B033854120ACE4A9202042FA20B9CF
S3150006337D33854120ACE4A9202042FA20C23385418B
S3150006338D20ACE4A9202042FA20CB33854120ACE4BB
S3150006339DA9202042FA20D433854120ACE44C0AFEFE
S315000633AD4C8337A9E38D1C06A9828022A91E8D1C86
S315000633BD06A9818019A91D8D1C06A9818010A9E271
S315000633CD8D1C06A9808007A9448D1C06A98B7BAD8D
S315000633DD1806609F632CEF8329C910D00160206300
S315000633EDE2AD74038540AD75038541AD7603854221
S315000633FDAD77038543A910207BE2C763AD00044C68
S3150006340DF8E34C83379F630CEF8309C901D0058713
S3150006341D874C331E4C8337A200B20643204D3485A6
S3150006342D42B1B8C90DF00E204D3421428541204DCD
S3150006343D3405418142200AFEA14220B5E44CBF1A4D
S3150006344DB1B820B8E40A0A0A0AE88540B1B820B828
S3150006345DE40540E860C901F006C2023D028004D2C9
S3150006346D023D02204CE1605F6A3820D41FA200B2ED
S3150006347D084220C734B02B20B234B026B20C42B265
S3150006348D0043A200B140201FE1E8E00890F618A51A
S3150006349D4069108540A5416900854120CB1F203323
S315000634AD35604C8337A200DA8A6442AAB140FAD156
S315000634BD40D022E8E44290EF8019B140C93090150C
S315000634CDC93AB002800DC941900BC947B007E8E469
S315000634DD4290E7186038605F6A4920D41FA200B192
S315000634ED40C941903EC95BB03AE8E00390F1B20798
S315000634FD4220C734B02D20B234B028B20542B200F0
S3150006350D43A200B140F01C201FE1E8E00790F41835
S3150006351DA540690E8540A5416900854120CB1F2032
S3150006352D3335604C8337A20086F0B20540B20041B2
S3150006353D2022E11865F085F0E8E00F90F3B205421A
S3150006354DB200431A4C1FE19779C902F006C904D099
S3150006355D241779C7A187648779573D2094E020A95A
S3150006356DE020B5E0AD820409018D8204AD81042902
S3150006357DBF8D8104604C83371F63075FA10320C788
S3150006358DE060C900D016A9008DF099B2D942B206EF
S3150006359D43A200201FE1A9002034E160A92A8DF07F
S315000635AD99B2D942B20643A200201FE1A9002034E2
S315000635BDE160A200A900B2E942B20643201FE14C22
S315000635CDE83560A9FF8D590420FCE2200AFE60A9A4
S315000635DD018D590420FCE2200AFE609F630BB25250
S315000635EDBA2097E4278E2074124C8337A1B820B8DB
S315000635FDE4E6B8D002E6B9C902D006CF63034CF6A7
S3150006360D16C904D008A9048D739A4CE718C905D0B6
S3150006361D08A9048D739A4CE718C906D008A9018D19
S3150006362D739A4CE718206A174C8337B20040B2A836
S3150006363D410FB010200AFEA200B140F0062042FA54
S3150006364DE880F6604C8337C906D01A8FB005A900F7
S3150006365D4C63362092A8FF0702098048200AFE68A9
S3150006366D85414CACE48FB0034C9736C911D008A9E9
S3150006367D002092A84C6836C912D006ADCC864C6889
S3150006368D36C913D009A5B04C6836C9FFF0034C836D
S3150006369D37CF63FAA50048AD000248A50748AD0128
S315000636AD024820D5369F610DBF000520223780F5CD
S315000636BD20373780F0688D01028508688507688D85
S315000636CD0002850468850060370787079707C700D8
S315000636DDD707D2010102AD01028508D2020102AD5C
S315000636ED01028508C2040102AD01028508C2080061
S315000636FD02AD00028504D2100002AD00028504D289
S3150006370D200102AD01028508A9058DB102A9008D1C
S3150006371DB2021761602F0709070797074700D707F4
S3150006372D6087079707C700D70760AF07098707178B
S3150006373D07C7005707600707170747005707606F44
S3150006374D86038DFE0360486F8B0820D41F20CB5F42
S3150006375D800620D41F20A2E2AA900620CB1F688AD7
S3150006376D6020CB1F8AFAE0FFD00429FF1860E88691
S3150006377D42C542486860B204BA4CBF1AA20020D4AC
S3150006378D1FA5408542A5418543B140C90DF01DC90A
S3150006379D3AF019C920F00CD142F0029142E642D018
S315000637AD02E643E640D002E6414C9637D142F00298
S315000637BD9142C90DF011E640D002E641E642D0022D
S315000637CDE643B1404CB93760A200B140D0016091D5
S315000637DD42E640D002E641E642D002E643C90DD0A6
S315000637EDE9A90A9142E642D002E643A90091426052
S315000637FD60AF4C06200AFE4C94E460C9309004C9AD
S3150006380D3A900138602F7508A9048D739A20E7182A
S3150006381D20C130A99585B5A93C20CD30E2310210DF
S3150006382D09A99885B5A93C20CD30E23102800BA9B0
S3150006383D9E85B5A93C20CD308019E23102010BA932
S3150006384DA185B5A93C20CD308009A9A585B5A93C8C
S3150006385D20CD30A99A85B5A93C20CD30A9088D1C59
S3150006386D06A9807BAD18062910D009A9A985B5A983
S3150006387D3C20CD30A9038D1806A9008D1906201EEC
S3150006388D398D85058D8605AD19068D8505A9028D9C
S3150006389D1806A9008D1906201E398D8705A9202023
S315000638AD42FAA94C2042FAAD850520B5E4AD86054A
S315000638BD20B5E4AD87052042FAA901209DE4A903AA
S315000638CD8D1606A9108D1706201A398D8405AD1984
S315000638DD068D8305200939A92F2042FAA9048D18CC
S315000638ED06A9008D1906201E398D8305A9058D1885
S315000638FD06A9008D1906201E398D8405AD84052071
S3150006390D2239A92E2042FAAD83054C2C39A9C17B45
S3150006391D60A9CA7B60C910B00620A9E44C42FA4CD0
S3150006392DB5E4D2205302B28E44B20445A00020C19E
S3150006393D30A90F85B5A93C20CD30B94B3C8541B292
S3150006394D304320ACE4A93D2042FAC8BE4B3CB144F7
S3150006395D207139A93E2042FAC8C04AD0D1C2205399
S3150006396D024CC13088BE4B3CC8E001D007AD1005F0
S3150006397DD002A047E00AD005205AE28038E014D0DE
S3150006398D0920033B902FA90C802BE015D0052003AB
S3150006399D3B8022E016D021A200AD9904DDC33BF093
S315000639AD07E8E8E8E02DD0F4E8BDC33BDA20B5E438
S315000639BDFAE8BDC33B4C003BE017D010F25102109E
S315000639CD07F25102040280CFA20F80DCE018D00D5B
S315000639DDAD9A04F004A21280C0A22180BCE019D0D3
S315000639ED11A900F251021029F251020424AD9B04CD
S315000639FD80E1E01AD006AD91044C363BE01BD006AD
S31500063A0DAD95044C363BE01FD00AADB904186DBA18
S31500063A1D044C003BE022D006AD8E044C363BE0232B
S31500063A2DD006AD92044C363BE028D016A5BBC9FF91
S31500063A3DF02FC946F02BC950D004A90280D3A9018F
S31500063A4D80CFE029D005AD8F9780C6E02CD016A580
S31500063A5DBCC9FFF00CC945F008C942D0E1A9808062
S31500063A6DB0A90080ACE032D012A5552907F0F2C9EF
S31500063A7D04D004A901807CA9028078E033F0EAE03F
S31500063A8D34D01920B5E4BE4B3C5AA000CAB144C881
S31500063A9DC003F00520B5E480F37A8057E035F0E3F0
S31500063AADE036D00C20B5E4BE4B3CCAB1444CB5E469
S31500063ABDE037F0F0E038F0CBE039F0C7E03AF0E465
S31500063ACDE03BD00820B5E4ADDC048027E03CD023EE
S31500063ADDCF6306C902D002A900C900D016A200AD51
S31500063AED2602DD1F3CF008E8E8E02CD0F58004E858
S31500063AFDBD1F3C4CB5E429F0C9A0D003AD9804A270
S31500063B0D00DDF33BF006E8E8E01AD0F5E8BDF33B39
S31500063B1DC90BD005AF7102A90AC90EF00AC90FF075
S31500063B2D06C981F0021860386089060AAADAE8BD68
S31500063B3D493B20B5E4FABD493B4CB5E42C01580288
S31500063B4DB0046009C0128025E02E4038201C60099D
S31500063B5DC0128025E02E4038201CA041004B605433
S31500063B6DC05D20678070E0794083007DD084A08C8F
S31500063B7D7094409C10A4E0ABB0B380BB50C320CB71
S31500063B8DF0D2C0DA606D9572CA77007D35826A8786
S31500063B9DA08CD5910A97409C75A1AAA6E0AB15B146
S31500063BAD4AB680BBB5C0EAC520CB55D08AD5C0DA94
S31500063BBDC05DF5622B68050D65040C80030BB80216
S31500063BCD0AF0000960041F400507A70407800307CE
S31500063BDDD002074B0007080507A7040725030708A4
S31500063BED020690000640A00150028003A404A1051A
S31500063BFD00081009700BC00CE00EF00E9081408285
S31500063C0DB00044494147203C3241344433323633C1
S31500063C1D20000051043C055B065B0764085A095BE8
S31500063C2D0A5E0B640C5F0D5D0E5C0F0010411119DB
S31500063C3D123E133414501501162C173F192B0081FD
S31500063C4D0182028303840A0E0B110C26140A150A29
S31500063C5D160B1785180C190D1A031B071E861F2B17
S31500063C6D2029212A22002304280829012A872B88A0
S31500063C7D2C0932013301348C3590369237943898A7
S31500063C8D399C3A9E3B9F3CA05243005600445046F3
S31500063C9D0035360033333600313434002D504C4C56
S31500063CAD00F0034C833720C1304C2AE5B28E40B264
S31500063CBD0441A9FF85BB85BC8D76868D7586A200CA
S31500063CCD9140E8E08190F9A2009DEA04E8E01290A1
S31500063CDDF8A9158D260248C2404A0268A9008D0428
S31500063CED058DCC048DCB048DBC048DB7048DBB041C
S31500063CFD8D8D9A8D8C9A8DB8048DB9048DBA048DD9
S31500063D0DA3048DD1048DD0048D8B9A8DCF048DA4ED
S31500063D1D048D90048D94048DB6048DDC048D9E045D
S31500063D2D8DE0048D01058D07058D08058D02058D22
S31500063D3D03058D09058D05058D0A058D0B058D0C5E
S31500063D4D058D0D058D0E05A2009DBA9CE8E05490D5
S31500063D5DF8B20F40B20541A2009140E8E02090F975
S31500063D6DA9108D0F053F65073765A9528D2E05607E
S31500063D7DC900F008C901D007D75480025754604CC4
S31500063D8D8337C900D0034C8337C901D011A904481E
S31500063D9DA9F8255585556805558555F76660C902F1
S31500063DADD0034C8337C903D011A90348A9F8255565
S31500063DBD85556805558555F766604C83372062E04F
S31500063DCD6020D41F200838B00820C32220CB1F80C0
S31500063DDDF06060C900D004A9008045C901D05FAD69
S31500063DED7205C905D004A9018036C906D004A902F3
S31500063DFD802EC90DD004A9038026C907D004A904AF
S31500063E0D801EC908D004A9088016C909D004A910B0
S31500063E1D800EC911D004A9188006C912D028A9305A
S31500063E2D48A9C025A785A76805A785A7A5A7293FDC
S31500063E3DA200B2E942B20643201FE14CD7F3C902EE
S31500063E4DD004A90080DA4C8337D006A9002034E1C8
S30900063E5D604C8337EF
S31500063E610D00090000BF1AFF00000021000900002D
S31500063E71E21FFF0000003D00010000CE1AFF000010
S31500063E81003F00090000DC1BFF000000410009009D
S31500063E91000A1CFF0000004200010000571C030037
S31500063EA1000044000900007D1CFF000000450000DB
S31500063EB10000FD4C0101000048000100006B1D01D8
S31500063EC10000004900010000471E070000004C00E3
S31500063ED10100000025050000004D00000000F34F1B
S31500063EE1030200004E00010000501F010000004FB2
S31500063EF100010000561F050000005000090000C41D
S31500063F011FFF0000005100000000FB4C01020000EB
S31500063F115300010000C71FFF0000005400090000FE
S31500063F21DF1FFF0000005600000000EF4C010400F1
S31500063F31005700000000F35302020000580001007A
S31500063F4100E51F040000005A00010000FA1F0100E7
S31500063F510000223F00010000E232010000002D416F
S31500063F613843002500009020BE2000002D4B000B93
S31500063F7100004921020000002D534543002500009B
S31500063F81C120072100002D535445000300000C21D2
S31500063F9107005126294D000100005C2102000000A0
S31500063FA1404D000100007E211E0000003A45000139
S31500063FB10000942101000000254200090000CA3DC7
S31500063FC1FF00000025430001000002330300000044
S31500063FD1254400010000CE3D0F00000025450001E5
S31500063FE100002A3302000000254700010000DF3DDC
S31500063FF101000000254C000900023F33FF000000C6
S315000640012551000100024E330100000025544C00E3
S31500064011010000E0331000000025544800010000AD
S31500064021123401000000255500010000E03D0200A2
S3150006403100002521000900002434FF000000253771
S31500064041000900007434FF0000002538000900004D
S31500064051E434FF000000264300090000CC22FF00DD
S315000640610000264400000000E74E03030000264533
S315000640710001000052230F00000026460001000041
S31500064081C726010000002647000100002C27020072
S315000640910000244600010000442703000000264BC9
S315000640A100018D00552705000000264C0001000081
S315000640B1662701000000264D000100009C2703002B
S315000640C10000265000010000D327030000002651F8
S315000640D1000100009C270600000026520000000091
S315000640E1FB4E01020000265300000000BF4E0106EA
S315000640F10000265400010000E927010000002656AB
S31500064101000100004A2802000000265700010000AF
S31500064111F73101000000265800000000CF510204C5
S315000641210000265900010000FA3101000000265A56
S3150006413100090000FD31FF0000005C42000100009D
S315000641414232090000005C4B00000000C756050319
S3150006415100005C4E000100008532050000005C513E
S31500064161000100008F3D030000005C5600000000C0
S31500064171FE53010000002A4200090000D035FF0067
S3150006418100002A4400090000DC35FF0000002A2A47
S3150006419100010000BF35050000002A4800000000A6
S315000641A13F52020600002A4500010000853501003E
S315000641B100002A56000100005435020000002A5765
S315000641C100010000563E010000002A5A00010000C7
S315000641D14C3701000000235544000A00002F39FF21
S315000641E10000002B41384500360000656F147093B8
S315000641F1232B4442000C0000AE3C030000002B4476
S3150006420152001600002170010039262B445334341E
S31500064211003600006D600961E9252B44530036001E
S31500064221003C709F70B7232B454200360000B270E2
S31500064231CB70CD232B4546435300160000D27000A2
S315000642410035262B455200160000E170010039267D
S315000642512B455300360000AE6DF46DD9232B45531D
S315000642614100360000FB6D536ECF262B4553520097
S31500064271160000FC70000035262B4554424D0036CB
S315000642810000B270CB70CD232B46434C41535300ED
S3150006429126000079635B6541282B46414500068564
S315000642A100A772010039262B465248000684007083
S315000642B165920013242B46524D000684008A6592A8
S315000642C10013242B46525300078402EC65FF007641
S315000642D1262B46544800068400F365920013242BC8
S315000642E146544D000684000E66920013242B46544E
S315000642F153000784022966FF0076262B46415200A3
S315000643010680003366010039262B46434C0006809B
S31500064311004866FF0076262B464444000680005573
S3150006432166010039262B464954002680006A66A294
S3150006433166F3232B464D493900029200254BFF00B1
S315000643412D272B464D4900029200254BFF003A27A1
S315000643512B464D4D00029200254BFF0044272B4666
S315000643614D5200029200254BFF0059272B464C4F12
S3150006437100068D00887602003F262B46505200061F
S315000643819000BF76FF0001242B4641410006090035
S31500064391C672010039262B46415845525200040978
S315000643A1006073FF0076262B464241444C494E0077
S315000643B10609006673000035262B464241444D55D3
S315000643C14C000608006673000035262B46424F52FE
S315000643D1000609000473010039262B46425546009C
S315000643E1020800254BFF007E262B4642554700064E
S315000643F108006673000035262B464349470008091F
S31500064401000074FF0091262B4643510006090066FB
S3150006441173010039262B4643520006090021730112
S315000644210039262B46435443525459000609006661
S3150006443173000035262B46444343002609006F7355
S315000644411375AB262B46444353000409009D73FF9F
S3150006445100AB262B46444646430006090066730012
S315000644610035262B4644495300260900AA731375BF
S31500064471AB262B464452000A0802D273FF000000FF
S315000644812B464454000A0802F673FF0000002B4629
S3150006449145434D000609006673000035262B464541
S315000644A154000C0802D673060000002B464B000A80
S315000644B10802F273FF0000002B464C494400080926
S315000644C1000874FF0091262B464C4E46430006080B
S315000644D1006673000035262B464C504C0006080034
S315000644E13673010039262B464D444C000209002538
S315000644F14BFF0044272B464D46523900020900253B
S315000645014BFF002D272B464D465200020900254B2F
S31500064511FF003A272B464D494E53500006090066C1
S3150006452173000035262B46504843544F00060900B2
S315000645317E74FF0076262B465054530006080089E2
S315000645417405004B262B4652455600020900254B9B
S31500064551FF0059272B4652424300060800667300A0
S315000645610035262B4652454C00060900E472010029
S3150006457139262B4653504C000609004B7301003968
S31500064581262B46544243000608006673000035266C
S315000645912B4656524643000608006673000035262A
S315000645A12B46574446430006080066730000352627
S315000645B12B4743415000120000254BFF003D242B9B
S315000645C1474349003300000B71A27100002B474D8A
S315000645D1493900120000254BFF002D272B474D496F
S315000645E100120000254BFF003A272B474D4D0012BE
S315000645F10000254BFF0044272B474D5200120000B1
S31500064601254BFF0059272B48000B0000A921110055
S3150006461100002B49464300360000B9714872512401
S315000646212B494C5252001600004D72010039262BB9
S3150006463149544600360000646EAF6EEF262B49429A
S315000646414300360000B66E4A6F01272B4D520016FF
S315000646510000737202003F262B4D53003600006997
S315000646616777695D242B564C5300032200DD5721DB
S315000646710000002B56545300080200C352FF008E59
S31500064681292B56524E0006020031511900CA292B12
S31500064691565241000602002451FF0076262B495048
S315000646A152003600007250B85082282B56544400E8
S315000646B1060200B652FF0076262B564E4800060025
S315000646C1004C5B02003F262B564954000602006544
S315000646D15BFF0076262B56534D002302002A529283
S315000646E15200002B565458000A02008851FF00005A
S315000646F1002B565258000A02000751FF0000002BF4
S31500064701565344002602003E5174517A292B5650BF
S31500064711520026020036504E50C3282B56535000DF
S31500064721062200CA56010039262B56475300062291
S31500064731041A52FF0076262B56474D00062204EA36
S3150006474151FF0076262B564754000602000A52FFF1
S315000647510076262B56475200060200FA51FF0076CE
S31500064761262B5644580026020415572157C0292BD5
S31500064771565452000A0200C551FF0000002B56444A
S3150006478152002600001C635B63AC292B5644540079
S3150006479126000060637463B8292B56505000260222
S315000647A100AF30BB3035262B56454D00260200AFED
S315000647B130BB3035262B5644494400260200AF301D
S315000647C1BB3035262B564950000A020052E1FF003E
S315000647D100002B56434944000600003E6102003F95
S315000647E1262B56524944000700006D610100392601
S315000647F12B50514300160000A766030045262B5091
S31500064801535300160000056702003F262D514350FB
S3150006481144000A00003767FF0000002D514350553A
S31500064821000A00003167FF0000002D514350430086
S31500064831010000FF66010000002D5143505300069A
S3150006484100001567010039262B504947000600006E
S315000648514E67010039262B50435700060000B16109
S3150006486102003F262B504D4800060000E561010077
S3150006487139262B504D4852001A01011E62FF0000CF
S31500064881002B504D4854000600000C620D005726B9
S315000648912B504D4846000A01014B62FF0000002DD0
S315000648A15048464100260000706213635E262D506D
S315000648B148465200260000786213635E262D50484C
S315000648C1464900260000806213635E26234C505338
S315000648D15700010000C424020000002344420001DF
S315000648E10000E023020000002343424E00090000B7
S315000648F12624FF000000234342500009000012242B
S31500064901FF000000244200090000CF25FF00000039
S315000649112443000100007D3D0100000024424100C0
S31500064921010000AF2601000000244D4200090000E7
S315000649316C26FF000000244400010000D02301007C
S315000649410000244D000900008F26FF0000002453B5
S315000649514200090000CF25FF0000005E4300090062
S3150006496100F935FF0000005E49000900003836FFF0
S315000649710000005E54000100005436FF00000000EE
S31500064981578B678B206B4F90034C144AA54085B80D
S31500064991A54185B9A200B1442910F002D78BB144CD
S315000649A12920F002978EB144290FA820124FB06331
S315000649B1E8B1448546E8B1448547E898C900D0037D
S315000649C14CF34AC901F04FC909F0619F8E09B144FA
S315000649D18D1B87E8E8800AB1448540E8B1448541E4
S315000649E1E8B1448542E8B144854398C902F043C912
S315000649F103F047C904F051C905F055C906F059C96E
S31500064A0107F060C908F064C90AF074C90BF075C9E4
S31500064A110CF0794C8337B1442053379004F0028069
S31500064A21F28D1B874820714C686C4600202A4A4C39
S31500064A31714CFF635DBF645A80D9BF777ABF64D371
S31500064A41208A4CB0CE6C4600FF63F5CF8B4480C3FB
S31500064A51FF63EDBF776180BBFF63E5CF8B34BF771D
S31500064A615680B0CF8B2CBF774E80A8FF6306CF8BBF
S31500064A71213F771B202A4AB016208A4CB011603F87
S31500064A81640D80BCFF63B9BF642D8003BF77284CD4
S31500064A918337208A4CB0F8200AFE20AA4CA5428507
S31500064AA140A543854120B54B900920264B2094E429
S31500064AB1200AFE2097FA609F8E23AD1B8720533767
S31500064AC19008D0CB208A4CB0C6608D1B87A9018D74
S31500064AD11A87208A4CB0B8AD1B876C4600A540855F
S31500064AE144A5418545A5474820DB4C688547B09FC7
S31500064AF180E0A54748DAB1442053379006F004FA18
S31500064B0168808CFA48E8B144AA68CA30030A80FA72
S31500064B117A48B900002546990000681900009900EF
S31500064B21004C714C60F231028057F23102012AA91A
S31500064B315DC540D00EA924C541D008A9278540A93F
S31500064B41258541A944C540D038A927C541D032A9F2
S31500064B519E8540A92785418028A95DC540D00EA915
S31500064B6124C541D008A9C68540A9248541A944C5BD
S31500064B7140D00EA927C541D008A9898540A9278510
S31500064B8141F231022014A941C540D00EA928C541DA
S31500064B91D008A9508540A9288541E231024014A9C9
S31500064BA15DC540D00EA924C541D008A9848540A972
S31500064BB125854160A54048A54148AD839AD0034C59
S31500064BC1624CC9FFD0034C624CA93AC540D008A92C
S31500064BD127C541D002801CA944C540D008A927C5CE
S31500064BE141D0028028A959C540D076A927C541D00A
S31500064BF1708034B20A40B201412016E148B20B4038
S31500064C01B201412016E185416885408034B20C40E7
S31500064C11B201412016E148B20D40B201412016E12A
S31500064C218541688540801AB20E40B201412016E1DF
S31500064C3148B20F40B201412016E1854168854080A0
S31500064C4100A900C540D006C541D0028014200AFE3F
S31500064C51A2002022E1C900F010DA2042FAFAE88021
S31500064C61F16885416885403860686820C1301860FA
S31500064C71A1B8C920D008E6B8D002E6B980F2C93B88
S31500064C81D006E6B8D002E6B960A1B8C920D008E6D2
S31500064C91B8D002E6B980F2C90DF00AC93BD008E6DA
S31500064CA1B8D002E6B9186038605F8B16AD268785DF
S31500064CB140AD2787854120C74CB2C440B24C41203E
S31500064CC1C74C603A2000DAA200B140297FF00620DF
S31500064CD142FAE880F42097FAFA60A9008D1A878DC0
S31500064CE12487B20047A144C910B00DAAF0082032A4
S31500064CF14DB005CA80F61860386038A54748A546FE
S31500064D0148A200B1428546E8B1428547C9FFD006A9
S31500064D11A546C9FFF014A547C545D004A546C54411
S31500064D21F003E880DE18CA8A3AAA68854668854786
S31500064D3160DAE647A54720BF4EA1B8C92CD00EA515
S31500064D4147C144F072E6B8D002E6B98014C920D04C
S31500064D5108E6B8D002E6B980E0C93BF004C90DD031
S31500064D61034C4E4EA543C969D006A542C9BAF00CF5
S31500064D71A543C961D043A542C91CD03DA54548A551
S31500064D814448A54348A54248A5B88540A5B98541E5
S31500064D9120A5E2688542688543B01620FB4CB01112
S31500064DA1A54085B8A54185B96885446885458A8043
S31500064DB1226885446885458017A543C902B0776789
S31500064DC18BA543F002E78BA5422053379005F030B9
S31500064DD138807BB21A40B28741A647E00AB02191D4
S31500064DE140A9008D2587A901CAF0060A2E258780C6
S31500064DF1F70D1A878D1A87AD25870D24878D24878A
S31500064E01A547C144D01CA1B8C93BF041C90DF03D27
S31500064E11C920D0BCE6B8D002E6B980EAE6B8D00227
S31500064E21E6B9A1B8C92CF01FC920F0F0C93BF01D9F
S31500064E31C90DF019809A20514EB09548A54085B8FE
S31500064E41A54185B968808CE6B8D002E6B918FA603C
S31500064E51A200A5B88540A5B98541A142F029C14060
S31500064E61D012E640D002E641E642D002E643A1422E
S31500064E71F01780EAE642D002E643A142D0F6E642C0
S31500064E81D002E643E880CB3860A140C920F00CC9C0
S31500064E912CF008C93BF004C90DD0E3188A60DAAADA
S31500064EA1F017A140F016E640D002E641A140D0F641
S31500064EB1E640D002E641CA80E720C74CFA60854241
S31500064EC10A38E901AAB1448542E8B144854360A995
S31500064ED101801EA902801AA9038016A9048012A9B7
S31500064EE105800EA906800AA9078006A9088002A9D7
S31500064EF109DAB21A42B28743AAB14248AD24878D6E
S31500064F012587AD1A874E25876ACAD0F968FA29FF19
S31500064F1160E8B144F0394A489009A56B290FD003D8
S31500064F2168802C684A9003BF6B254A90038F6B1FD6
S31500064F314A90039F6B194A90004A9005F27302083C
S31500064F410E4A90038F89084A901CAF6B028017E8B8
S31500064F51B144F0144A9003CF630E4A90039F630847
S31500064F614A90038FAA0238601860778B3764776395
S31500064F713777478B178EB26144B23E45A5B8854051
S31500064F81A5B98541200A50A54085B8A54185B9A18F
S31500064F9140C92BF008C92DF004C923D002F78BA509
S31500064FA1B88540A5B98541A5448D2687A5458D2792
S31500064FB187A144D020E644D002E6457F8B43A14033
S31500064FC1C941900CC95BA544D002C645C644901E8C
S31500064FD1201150802CC140D00BE644D002E6452074
S31500064FE1045080CDE644D002E645A144D0F618A584
S31500064FF144690A8544A54569008545A144D0A0387A
S31500065001601860E640D002E641A140C920F0F4608E
S31500065011A140C93FF007C93DF009B76460F76320AF
S31500065021045060200450A140C93FF003B77760C71A
S30A000650318B200450600F
S315000650367F63034C3E50803A200AFEA5A7293FB257
S315000650465140B250414C9F4E01515030002E3132DE
S3150006505635002E3500310032003300340038003173
S315000650663600323400343800393600007F63034C86
S31500065076A55020D04E9025C900D00D48A9C025A713
S3150006508685A76805A785A76048A9C025A785A76831
S3150006509605A785A7AABDFB508D7205604C833720EA
S315000650A60AFE20AA4CA5A7293FB2BB40B250414CE0
S315000650B69F4E01BB5030003330300031323030005F
S315000650C6323430300034383030003732303000393A
S315000650D6363030003139323030003338343030002D
S315000650E635373630300031313532303000323330EE
S315000650F6343030000000020405060D0708091112B1
S315000651061FE2310210080F59051F630280034C83FE
S31500065116376FA8035FAAF7078DA9414CBB51FF63F4
S31500065126048D1E8660AD1E864C1476FF63048D1F9F
S315000651368660AD1F864C14767F63034C5E5120D07F
S315000651464E900C48A9FC25AB85AB6805AB85AB200E
S31500065156D44E90038D1D8660200AFEA5AB2903B2A2
S315000651667940B25141202D69AD1D864CC47502792A
S3150006517651FF0030003132370031323800313239CC
S315000651860000E2310210080F59051F630280034C20
S3150006519683376FA81C67A8A900204EE2A906A09227
S315000651A6200DE4AD180629BF8D1806A9A67B20B0E4
S315000651B60E878DA9448DDF00B7632759478D60E2B2
S315000651C6310210140F59111F630EEFA80BA5AB2952
S315000651D6784A4A4AC903D0034C8337878DF7ABA963
S315000651E6464CBB517F63034CF4518D8D0560AD8DE0
S315000651F6054C14767F63034C04528D8B0560AD8B86
S31500065206054C14767F63034C14528D890560AD8969
S31500065216054C14767F63034C24528D8F0560AD8F3D
S31500065226054C1476FF633D4F8B034CC7E420D04EE0
S3150006523690318F7507C903D0034C833747AA57AAF9
S31500065246C9029006C903F002800AC7AAD7AAC903E5
S31500065256F002C7AA0A0A0A48A98725AB85AB6805D6
S31500065266AB85AB60200AFEA5AB29784A4A4AB29DAB
S3150006527640B25241202D69A900B2B040B252412031
S315000652862D69A90020BE75A9004CC475049D52B0A9
S315000652965200000000000031003133300031343050
S315000652A600313239003134310000383030300000F2
S315000652B6FF63048DD08660ADD0864C1476E2310245
S315000652C6100B0F59081F6305FF630280023860201C
S315000652D6150CAD1C86C907D00CEFA80920000E20B2
S315000652E6090E20AE5920075BA200A000A9008DD2A2
S315000652F6868DD3868DD4868DD586ADD0868DCF867C
S31500065306A92A8DD186A900E213060402A9014848F0
S31500065316D204130668A940209FE2208253B03FAD09
S315000653261C86C907F019C90AF015C90CF011C90D6C
S31500065336F00DC90FF009EFA80620000E20090EC2C9
S31500065346801406C24014066FA806AD8D05209FE298
S3150006535668D00648C20413066820075B186068D03C
S31500065366F848C204130668AD1C86C907D009EFA815
S315000653760620CB59200E0E20075B3860A5B8854059
S31500065386A5B98541A540D002C641C640E640D0022B
S31500065396E641A140C95BD0034C1056C97BF021C92C
S315000653A628D0034C4555C921D0034CB35520125473
S315000653B6900238608DD186ADD0868DCF864C275421
S315000653C6E640D002E641A140C92CD0028017C92183
S315000653D6D0034C80552012549002802E8DD186E637
S315000653E640D002E641E640D002E641A140C97DD05C
S315000653F602801420A5E2B012A545D00EA140C97DAD
S31500065406D008A5448DCF864C27543860C923F00F9D
S31500065416C92AF00B200A60B004C9459002386018FE
S3150006542660ADD186C9309009C93AB01038E93080E0
S3150006543616AAA90AE02AF00FA90B800BAAA90FE05D
S3150006544644F0048A38E9358DD186A540A641A4429C
S3150006545622A543A644A44522A546A64722ADCF863F
S31500065466D00620B8E14CAE54AAA54048A541488ABE
S31500065476ADCF864A8547ADCF868544A91385402096
S3150006548686E3A54064478D1806A9188D1C06A9A2AB
S315000654967BA54169008D1806A9DB8D1C06A9A27B8C
S315000654A6AA6885416885408AD2801406205A60D243
S315000654B6200906AD78038540AD79038541AD7A03A5
S315000654C68542AD7B038543ADD186207BE232854692
S315000654D686473285438644844532854086418442DC
S315000654E6ADD1868D10068010C2801406D2401406EB
S315000654F6C2200906D2201406205A6020F20F200E74
S315000655060E20150ED201090620100CADCF86F00D1B
S315000655168DA102A9008DA20217601F60FDE21E0676
S3150006552608FBC201090620150CA2022082F848D2FB
S3150006553620090668C2081F0620E50F4CB25660E625
S3150006554640D002E641A140C9309060C93AB05C8DAA
S31500065556D186E640D002E641A140C929D04DADD155
S315000655668638E930AAA54048A541488A20D0E1AA48
S315000655766885416885408A4CB256E640D002E641C1
S31500065586A140C92CD025E640D002E641A140C97DF8
S31500065596F01B20A5E2B014A545D010A140C97DD0C2
S315000655A60AA54048A54148A544800D3860A5404849
S315000655B6A54148ADCF86F0498DA102A9008DA20266
S315000655C61760AD040420F8E31F60FDAD1C86C9030B
S315000655D6F01AC902F01BC904F01CC906F018C90858
S315000655E6F014C90BF010C90EF00C800FAD0104803D
S315000655F60DAD02048008ADFF038003AD000420F856
S31500065606E36885416885404CB256E640D002E641D7
S31500065616A140C92CD002803220A5E290023860A5A8
S31500065626440545F01BA545C900D004A544C9C8B01E
S31500065636034CB056A545C90BD004A544C9B9B06AEC
S31500065646A5448DD286A5458DD386E640D002E6418B
S31500065656A140C92CD002802D20A5E2B04DA5440551
S3150006566645F018A545C900D004A544C9C8903BA56A
S3150006567645C90BD004A544C9B9B02FA5448DD48611
S31500065686A5458DD586E640D002E641A140C95DD040
S3150006569602801420A5E2B012A545D00EA140C95D2A
S315000656A6D008A5448DCF864C72E23860E640D00215
S315000656B6E641A140C92CD0034C9253A54085B8A510
S315000656C64185B960FF63418547A5AA2903C547D023
S315000656D60160A54748A9FC25AA85AA6805AA85AA3A
S315000656E6A5AA2903D02167A8A900204EE2A906A0E5
S315000656F692200DE4AD180629BF8D1806A9A67B20AD
S31500065706B00E77694C165860A5AA29034C14767FFF
S3150006571663034C1C5760A9014C14760124573100C5
S31500065726007D58AE58D158E9580C59AE580C59AEA4
S31500065736580C59AE58AE580C592159AE580C59AE96
S31500065746580C590C5921590C592259200054004C0B
S31500065756004C540053005354004D004D5354005309
S315000657663100533154004D533154004D310020005B
S315000657764D315331540048004854004D53004D539D
S31500065786310020004D315331007400AD1C864C1491
S3150006579676A9008547205B58B034200AFEA54785BC
S315000657A641B2304320ACE4A92C2042FAA922204273
S315000657B6FAA547B25140B25741209F4EA92220422A
S315000657C6FAA5470A0A85406440644020C4E4E647CB
S315000657D6A547C915D0BF60FF63B1CF8BB448AD1CCC
S315000657E686D00DA55329304A4A4A4AF0032073E461
S315000657F668CD1C86D00160EFA833205B5890034C13
S3150006580683378D1C864F6305A900204EE2AD1C869E
S315000658166FA8034CA95AAD1C86C9159001600AAA3B
S31500065826BD27578540BD285785416C4000C91EB021
S315000658360C205B5890034C83378D1C8660C91ED098
S3150006584603B7AC60C91FD00337AC60C920D003A71F
S31500065856AC6027AC60C915B01CC90CF018C912F0A5
S3150006586614C902D00ECF8B0B8F590820BE5AA90231
S31500065876900160186038600759A93A8DD900A911B2
S315000658868DDA0067A857A847631763A9048D739A26
S3150006589620E7185759A94D8DCC02A9E38DCD02D717
S315000658A659ADFF0320F8E36020235920C7E11FB050
S315000658B60520EBE4800E20E5E4F230028006AD0014
S315000658C60420F8E3C763D7A84CA95A20235957A834
S315000658D647631FB00520EEE48006AD020420F8E312
S315000658E64CA95A20235920C7E11FB00520EBE480B0
S315000658F60E20E5E4F230028006AD010420F8E3C781
S3150006590663D7A84CA95A1FB00520EEE48006ADFF5C
S315000659160320F8E357A847634CA95A6060CF630A83
S31500065926AD0902D003F74C60774C60AD1C86C915E7
S315000659369001600AAABD48598540BD495985416CFC
S31500065946400072597E598A599659A259AE59BA597C
S31500065956CB59DD59E959F559075A5B5A245A185A45
S31500065966245A365A425A5B5A4E5A5A5AB23040B296
S31500065976B14120725B4C675AB23140B2774120720A
S315000659865B4C675AB23140B21D4120725B4C725A65
S31500065996B23140B2774120725B4C675AB22240B2A8
S315000659A65B4120725B4C675AB23140B27341207234
S315000659B65B4C675AB22240B24F4120725B20675A49
S315000659C6A9034CEFE3B2F240B2634120725B20674D
S315000659D65A200E0E4C150EB22240B25E4120725B5E
S315000659E64C725AB23240B2764120725B4C675AB254
S315000659F6F240B2664120725B205C5A200E0E4C15AA
S31500065A060EB22240B2DF4120725B20725AA9034CBF
S31500065A16EFE3B22A40B2F64120725B4C725AB22ABC
S31500065A2640B2F64120725B20725A200E0E4C150EB7
S31500065A36B22240B24B4120725B4C675AB22240B242
S31500065A464E4120725B4C675AB22240B2DE41207244
S31500065A565B4C725A606020955A090220A25A4C7A05
S31500065A665A20955A090420A25A4C7A5A20955A095A
S31500065A760B20A25A3F6B171F6314A900204EE2207D
S31500065A86000E20090EA20A2082F8D220140660A964
S31500065A9604A03E200DE4AD180629F0608D1806A969
S31500065AA6A47B60A93A8DD900A9118DDA00A7AA8723
S31500065AB6590F590320BF0260CF071720AFE1A90A7F
S31500065AC68D9B02A9008D9C02675F6F5FFDCF07025D
S31500065AD6186038604C8337245B245B245B245B287A
S31500065AE65B285B245B285B335B3B5B335B245B286B
S31500065AF65B335B335B335B285B335B285B335B2449
S31500065B065BA5AA2903D026AD1C86C9159001600A8F
S31500065B16AABDDD5A8540BDDE5A85416C4000A90000
S31500065B268019A903BF6304A54F2903800EA903BFDF
S31500065B366307EFA804A54F290309804C4EE220B554
S31500065B46E4A92C4C42FAFF630F48A9FC25A885A8AA
S31500065B566805A885A8A7A860A5A829034C1476FFF4
S31500065B6663048D208660AD20864C147618A54029DA
S31500065B76036A6A6A8543A54129032A2A2A054385AD
S31500065B8643A903A0D4200DE4AD1806292705438D9F
S31500065B961806A9A37BA54029302A2A8543A54129A5
S31500065BA60C2A05438543A903A0CC200DE4AD1806A9
S31500065BB6292705438D1806A9A37BA54029028543F1
S31500065BC6A54029042A05438543A54029082A2A0508
S31500065BD6438543A541294005438543A903A0D2200B
S31500065BE60DE4AD1806299505438D1806A9A37BA5CA
S31500065BF64029406A6A6A8543A54029806A6A05433A
S31500065C068543A54129102A2A05438543A903A0CA21
S31500065C16200DE4AD1806299705438D1806A9A37B1C
S31500065C26A54129206A6A8543A903A0CD200DE4ADC0
S31500065C36180629F705438D1806A9A37B18A5412933
S31500065C46806A6A6A6A8543A903A0D5200DE4AD185B
S31500065C560629F705438D1806A9A37B600D43534D02
S31500065C6642443F3D4500AA5CD55C1D5D3E5D815DB1
S31500065C76965DB05DBC5DA65D1A5D076A476DA5B8FD
S31500065C868540A5B98541201A60A000A2FFA14085D8
S31500065C9643E8BD625CF00AC543D0F68A0AAA7C6C5E
S31500065CA65C4C83374F6D034C3E5D200AFEA547C9FD
S31500065CB6ACD004A546C9F3D0034C285F20CE5D209A
S31500065CC6E35D20225FA541F0F9C90DF0D7803520A0
S31500065CD60AFE20CE5DDA20315E20B5E4201D5FFA87
S31500065CE6E8E008D0F020225FA641D007A90D20429B
S31500065CF6FA80DF18A54669088546A54769008547D9
S31500065D06E00DF0CB200BFA3F6B0A0F5907C2081FA8
S31500065D160620E50F4CBF1A200AFE20CE5D20315E10
S31500065D26854520B5E4201D5F20225FA641D0D520F5
S31500065D36315EC545F0F280DF200AFE20CE5D2031B3
S31500065D465E20B5E44F6D049820B5E4201D5F20223B
S31500065D565FA541F0F9C90DF01AC920F0A720155E10
S31500065D664F6D0D4820225FA541F0F920155EA868FD
S31500065D7620895EE646D002E64780BD20105F20A251
S31500065D86E290034CA75CA8E6B8D002E6B94C915C4D
S31500065D96C76D48C2081F0668A547294F854780046A
S31500065DA6876A800020105F4C915C200AFE20CE5D35
S31500065DB620E35D4C0A5D20E35ECF6D034C835E48A9
S31500065DC620E35EA8684C835EA54720B5E4A5462073
S31500065DD6B5E4A93A2042FA201D5FA20060A2002079
S31500065DE6315E20B5E4201D5FCF6D168F6A13E8E097
S31500065DF608D0EC18A54669088546A547690085476D
S31500065E066018A54669018546A54769008547602047
S31500065E1642FA20B8E40A0A0A0A854220225FA54102
S31500065E26F0F92042FA20B8E40542604F6D2257B4CF
S31500065E36A5468D1C06A54709808D1D06F21D0680FC
S31500065E46FBAD1906AC1806D7B448C2081F06686025
S31500065E560F6A25A5478541D002C776A5468540C958
S31500065E6602900EC915B00A4F76074776A2FF4C2250
S31500065E76E14776A2004C22E1576D4CCEE520895EB7
S31500065E864C105F4F6D2757B48D19068C180648D2E7
S31500065E96201D066848D2801D0668A2012082F8F2F1
S31500065EA61D0680F6D7B448C2081F0668600F6A55EF
S31500065EB648A5478543D002C776A5468542C90290B8
S31500065EC60BC915B0074F76044776686068A20020A8
S31500065ED61FE1A5428546A54385474C105F20105F00
S31500065EE6A140C90DF01A20B8E44820105FA140C9A2
S31500065EF60DF01020B8E48542680A0A0A0A054260C9
S31500065F064C0A5D6860D76D4CCEE5E6B8D002E6B9B2
S31500065F16E640D002E64160A9204C42FA200EFA4C2B
S31500065F262FFAB22E40B25F41A215B140F00E4A488C
S31500065F36A53C2920F0FA688538E880EE60A6E8C210
S31500065F46DC4082C8EAD81A14A8C2D24098CA1A14DD
S31500065F568AC8C8D2CA40AEC2D21A1494CACCCC4093
S31500065F6690EAC2DCCE1A14A8D2DCCE40A6D2E6C287
S31500065F76ECC2E8D01A149AC2E4D2DE4088EACADC33
S31500065F86C2E61A14A6E8C2DCE8DEDC40A4CADCDCF5
S31500065F96C21A14A6E8CAE0D0C2DCF24096EEC2DC05
S31500065FA61A1498CADCC240AEEA1A14AED2D8D8D2A9
S31500065FB6C2DA40B2C2DC1A1498C2E4E4F24084CAD3
S31500065FC6C6D61A1400B20043A200B140200A60B033
S31500065FD61A20B8E48542A5430AB0260AB0230AB0B3
S31500065FE6200AB01D05428543E880DF864218A5408D
S31500065FF665428540A541690085418AD00138A54393
S3150006600660A9FF60C9419003C94760C9309003C9B4
S315000660163A603860B20043A20020396085472039C7
S31500066026608546864218A54065428540A5416900B3
S31500066036854160B14020B8E40A0A0A0AE8E6B8D0FD
S3150006604602E6B98542B14020B8E40542E8E6B8D08C
S3150006605602E6B960A903A0D2200DE4AD180629FD0D
S30C000660668D1806A9A37B6055
S3150006606DFF635A20D04E9009F004C903D04C8D9883
S3150006607D9B20DC4E9007C904B0408D9B9B20E04EBD
S3150006608D9007C904B0348D9C9B20E44E9007C92019
S3150006609D90288D9D9B20E84E9007C920901C8D9EBD
S315000660AD9B20EC4E9007C90190108D9F9B20F04EBC
S315000660BD9007C90190048DA09B604C8337200AFE7C
S315000660CD20AA4CAD989B20BE75AD999B20BE75AD8D
S315000660DD9A9B20BE75AD9B9B202861AD9C9B202867
S315000660ED61AD9D9B20BE75AD9E9B20BE75AD9F9BDE
S315000660FD202861ADA09B202F614C0AFE09030000E6
S3150006610D0000001C611C61FF00FF001C611C610084
S3150006611D010002000400080010FFFF202F61200277
S3150006612D76600AAABD1C618540BD1D6185414CAFD1
S3150006613DE4FF6321480A0A0A0A48A9CF255385535F
S3150006614D680553855368F00AAD8203C903D002B7B5
S3150006615D78604C73E4A55329304A4A4A4A4C14765C
S3150006616D8545ADE885F03CA55329304A4A4A4A4845
S3150006617DA54589010A0A0A0A48A9CF2553855368F2
S3150006618D05538553200AFED2206B02207CE4C220DD
S3150006619D6B02680A0A0A0A48A9CF2553855368056C
S315000661AD53855360FF632948A9FC2D6B028D6B023F
S315000661BD680D6B028D6B0248C2806B0268375EF204
S315000661CD6B02020B4F6308A56B290FD002B75E60F3
S315000661DDAD6B0229034C14767FB260FF631148D26C
S315000661ED016D0268C900F004C2016D024C2BE4A9CB
S315000661FD01E26D020102A9004C1476684C83377FC5
S3150006620DB239FF63068D869A4C2BE4AD869A4C14ED
S3150006621D76E26D020125D2046D02F26D020219EFC8
S3150006622DB207A9008D879A800FAD859AD00DA90163
S3150006623D8D859AA75E2759604C34E44C8337F23127
S3150006624D0240F8E26D0202F3AD859AC904F006C95D
S3150006625D05F00A80E6D2046D02D2086D02202EE400
S3150006626D4C31E4B29640B20341800EB29840B20369
S3150006627D418006B29A40B20341FF63414C8C6220BF
S3150006628DDC4E900320BC6220D84E900320B362E606
S3150006629D40D002E64120D44E900320BC6220D04E5B
S315000662AD900320B362600A0A0A0AB20F448003B24B
S315000662BDF0448543A14025440543814060A8A54089
S315000662CD48A5414898200AFEA868854168854098E4
S315000662DDA201B140A8A54048A541489820FC6220D8
S315000662ED0276A868854168854098A1404CFC6248AF
S315000662FD4A4A4A4A20A9E42042FA20027668290F1C
S3150006630D20A9E44C42FA040F010F010F010F017F7C
S3150006631D63034C366320D04E90038D350220D44E42
S3150006632D9006A00A028C420460200AFEAD350220B4
S3150006633DBE75AD42048540B20A44B20041B2004272
S3150006634DB20043B2004520BBE4A5404CC47502011C
S3150006635D0006007F63034C676360200AFEA90020D2
S3150006636DBE75A9004CC47502010000007F631E7F31
S3150006637D7104A9068009A56B290F3F6B02A903486F
S3150006638D200AFE68B25E40B265414C9F4EF231025E
S3150006639D200CC901F029C902F025C905F021C9034A
S315000663ADD004A908800CC906D006F771A90180028A
S315000663BD7771488547A56B290FC547D00568604C8B
S315000663CD83376848C908D0034CCF64A9008DDE0013
S315000663DD8D198707594F6306200E0E20150EA56BD0
S315000663ED290FC908F028276768F002A76748A9F09C
S315000663FD256B856B68056B856BAFA80EA90048A93D
S3150006640DFC25A885A86805A885A827A8805B276703
S3150006641D68F002A76748A9F0256B856B68056B853D
S3150006642D6BA5552907AFA80EA90048A9FC25A88571
S3150006643DA86805A885A827A88D7704AD760448A96A
S3150006644DF8255585556805558555A003F00C88B96B
S3150006645DAA0099370388C0FFD0F5CF6305209AE1C8
S3150006646D80079767D76820A0E1AF6710A90048A9EE
S3150006647DC025A785A76805A785A78016A56B290F2D
S3150006648DC905D00EA9D78DD802A9E38DD902F7591C
S3150006649D80027759A9D08DD900A92C8DDA00FF6611
S315000664AD20A56B290FF00BA55529078D7604A90690
S315000664BD8003AD760448A9F8255585556805558595
S315000664CD55606848A9F0256B856B68056B856B2746
S315000664DD670759AFA80EA90048A9FC25A885A8687F
S315000664ED05A885A827A8A003F00C88B9370399AA8D
S315000664FD0088C0FFD0F5A5AB29784A4A4AC902B02D
S3150006650D0AC7AAC900F00247AAD7AA57A917A9CF3B
S3150006651D070297A9A93A8DD900A9118DDA004F63FD
S3150006652D0C9767D768A9FE8D958620A0E1AD1C86CA
S3150006653DF003201658A55529078D7604AD770480E8
S3150006654D0048A9F825558555680555855560015E9A
S3150006655D6530003100320038003000312E30003102
S3150006656D3000007F63034CD4659F63034C83373F2E
S3150006657D87050F8D027792078DE79280187F630345
S3150006658D4CD4659F63034C83373F87050F8D02F702
S3150006659D92078D6792A20DDDC765F008CA30028097
S315000665ADF64C83378A48A9F0258C858C68058C852B
S315000665BD8CA94685BDB759275960031830486049D9
S315000665CD4A6162797A9192200AFEA58C290FAAA9AB
S315000665DD308543BDC765854120ACE4200AFE60C7FC
S315000665ED8E078D4C2D667F63034CD4659F63034CD6
S315000665FD83373F87058F8D027792878DE7924CA25B
S3150006660D657F63034CD4659F63034C83373F8705CC
S3150006661D8F8D02F792878D67924CA265C78E878DF1
S3150006662D8DDB004CBE65FF6308C7946AB0024794BE
S3150006663D60A9004F9402A9014C1476FF63048D19C7
S3150006664D8760AD19874C1476FF630887946AB00286
S3150006665D079460A9000F9402A9014C1476FF631FD7
S3150006666D20D04E90038D1F0220D44E9007A7946A14
S3150006667DB00227948DB502A9008DB602376160204A
S3150006668D0AFEAD1F0220BE75A9002F9402A9012090
S3150006669DC4754C0AFE02FF0001007FB2067F630D2C
S315000666AD4CF266A9038D6A9A37B14C83378D6A9A71
S315000666BDC900F00CC901F011C902F019C903F02180
S315000666CDB7B1A90B8D699A8028AD699A29FE090875
S315000666DD8D699A801CAD699A29F709018D699A808B
S315000666ED1037B1800C200AFE20AA4CAD6A9A20C43A
S315000666FD75607FB22C37B2607FB226FF63048D6B51
S3150006670D9A60AD6B9A4C14767FB216FF630937B451
S3150006671DC901F002B7B460A9013FB402A9004C1431
S3150006672D764C83377FB2FA4C18E57FB2F49F63F148
S3150006673DB252BA2097E40F0805A202207DF84C3D09
S3150006674DE4FF630C7FB21007B2C900F00287B26090
S3150006675DA5B229014C147607B24C83377F63034CD9
S3150006676D6B6820D04E9051A8AABD436AF2310280BD
S3150006677D09C938D0054C0668A90BF231028015C930
S3150006678D0CF076C90DF072F231020108C90BF069EB
S3150006679DC94AF065C938F061C90DD00BF231024010
S315000667AD58482040E1800448204677688D3C028D86
S315000667BD5D9A8C360220A96B20D44E9012C900F034
S315000667CD0848D2013D0268800648C2013D0268208E
S315000667DDD84E901BAE5D9AE00DD00A20D96820CB17
S315000667ED68B0168007C911B01020D9688D629A2037
S315000667FDDC4EB00820AB6880214C8337AE5D9AE03F
S3150006680D0DD00A20D96820CB68B0EE8007C911B025
S3150006681DE820D9688D619A20AB6820E04E900B2052
S3150006682DE968B0D520D9688D370220E44EB00DAD96
S3150006683D3802CD3702B0248D3702801F20E968B0A5
S3150006684DB8201769B004C91190AF20D9688D3802E2
S3150006685D8D5E9ACD3702B0038D37024CFD6B200A3D
S3150006686DFE20AA4CAD3602B28440B26941202D698E
S3150006687D202877B005F23D020104A9008002A90180
S3150006688D20BE75AD629A203469AD619A203469AD24
S3150006689D3702203469AD3802203B694C0AFEAE61DB
S315000668AD9AE0349003E919AA8640AD629AC93490E6
S315000668BD02E919C5409006AD619A8D629A60C92E98
S315000668CD9009C9349004C93790013860C91EB00BBA
S315000668DDC911900785403A6440890860201769906A
S315000668ED04C911B024AE5D9AE00DD00EC934F00878
S315000668FDC935F004C936D002A90DF231028009F266
S3150006690D31020104C909B0011860DAAE5D9AE038A4
S3150006691DF00BE00CF007E00DF00338800118FA6075
S3150006692D209F4E20027660203B6920027660AE5D82
S3150006693D9AE038D00BC911900738E91EAABD6169D0
S3150006694D0AAABDBA698540BDBB6985414CAFE4024D
S3150006695D0F000F00212121211212241414271616B9
S3150006696D2A18182D1A1A301C1C330684690100BA0A
S3150006697D69BA69BA69BA6956323100563232005663
S3150006698D32324200563233430056333200563332D4
S3150006699D4200563334004231303300423231320032
S315000669AD4B3536005639300056393200002C015813
S315000669BD02B0046009C012201C8025E02E4038A0C6
S315000669CD41004B6054C05D20678070E07940832C92
S315000669DD01D0842C0170942C0110A42C01B0B32C7B
S315000669ED0150C32C01F0D22C01606D9572CB770048
S315000669FD7D35826B87A08CD5910B97409C75A1AB87
S31500066A0DA6E0AB15B14BB680BBB5C0EBC520CB55D5
S31500066A1DD08BD5C0DAC05DF5622B68FFFFAD2B02B4
S31500066A2D09108D2B0260AD2B0229EF8D2B0260AE60
S31500066A3D3602BD436A6000010203090A0B4045385A
S31500066A4D0C0DC905900CC909B0088901C909D002F2
S31500066A5DA905600103070F1F3F7FFFFFFFFFFFFF1E
S31500066A6DFF00000000000000000103070F1F3F0096
S31500066A7D40406068686868686868686868040406FF
S31500066A8D06060606060606060606202877B075E2EB
S31500066A9D3D020170AD7205C913B01FC911B049AAE1
S31500066AADBD886B8D5E9ACD3802B03DC925F04FC9AE
S31500066ABD09900DA90B8D5D9A803CC91CB02A80DF05
S31500066ACDC9079007A90A8D5D9A802BC9049007A957
S31500066ADD098D5D9A8020C9029007A9038D5D9A805E
S31500066AED15A9008D5D9A800EAD38028D5E9AAD6143
S31500066AFD9A8D5F9A8008AD3C02CD5D9AB006AD3C87
S31500066B0D028D5D9A60A200AD5D9ADD5F6BF007E8BA
S31500066B1DE8E8E027D0F4E8AD5E9ADD5F6BB007E8EE
S31500066B2DDD5F6BB029CABD5F6B8D5E9AA8AD5D9AAA
S31500066B3DA200DDD96BF00AE8E8E8E02490F44C8370
S31500066B4D37E8BDD96BCD619AB0038D5F9A988D3AAC
S31500066B5D026000000001020002030003020009069E
S31500066B6D000A08000B10034000004502004A0E03FA
S31500066B7D3833110C331E0D331E00000000000002C3
S31500066B8D0304060A250000030507081D1D0000005F
S31500066B9D090B0C0D0EAD37028D3B0260A9008D62F9
S31500066BAD9A8D3702A200AD3C02DDD96BF009E8E8F5
S31500066BBDE8E024B01480F2E8BDD96B8D619AE8BD84
S31500066BCDD96B8D38028D5E9A604C83374000000076
S31500066BDD0000450202010202030202020303090630
S31500066BED060A08080B10103810330C10330D2D330A
S31500066BFD20A46C20496D20546DA9008544854185D8
S31500066C0D40AD619A20706CA5448545A5408542A583
S31500066C1D418543A900854485418540AE629AE01EAD
S31500066C2D9005CA8A20706C38A542E5408542A54373
S31500066C3DE5418543A54538E5448545A5428D1806A6
S31500066C4DA9D48D1C06A9A67BA5438D1806A9D58D97
S31500066C5D1C06A9A67BA5458D1806A9D68D1C06A9C3
S31500066C6DA67B60C91D902FC933900FAAA904E035DE
S31500066C7DF004901689018902801038E91DAAF008DC
S31500066C8D3826402641CAD0F8A907A2033A26402639
S31500066C9D412644CAD0F66020A26B20126BAAE003E9
S31500066CAD901148C911B017A9FF8D3E02A93F8D3F18
S31500066CBD028049A9008D3E02A9008D3F0260AE6194
S31500066CCD9AAC629AE0119002A210C0119002A01021
S31500066CDDBD5D6A8D3902C0039008B95C6A49FF2D00
S31500066CED39028D3E02BD6B6A8D3902C0049008B914
S31500066CFD6A6A49FF2D3902293F8D3F0268C911B0CF
S31500066D0D04890E800EE24A02100689E3291F8005C4
S31500066D1D20C4E1290F8D609A8D1806A9048D1C06CF
S31500066D2DA9A67BAD619AC9119002A910890E290FE4
S31500066D3D8D1806A9058D1C06A9A67B60A9858D400D
S31500066D4D02A9888D41026020A26B20126BAAE0046F
S31500066D5D9044E011900BA9F98D4202A90F8D4302BD
S31500066D6D60BD786A8D3902AC3B02C0059008B977CD
S31500066D7D6A49FF2D390209918D4202BD866A8D3902
S31500066D8D02AC3B02C0059008B9856A49FF2D39024A
S31500066D9D09098D430260A9918D4202A9098D430207
S31500066DAD60FF632520D04E9007C905F0378D9405F3
S31500066DBD20D44E90038D950520D84E9007C907F021
S31500066DCD238D9605D2105C0260200AFE20AA4CADD4
S31500066DDD940520BE75AD950520BE75AD960520C4E8
S31500066DED754C0AFE4C8337030700040009007F63C2
S31500066DFD2C200AFE20AA4CA90020BE75A90020BE8D
S31500066E0D75AD970520BE75200276AD980520BE7523
S31500066E1DA90020BE75A9FF20BE754C0AFE20D84EC8
S31500066E2D90038D970520DC4E9002801720E04E903C
S31500066E3D038D980520E84E9004C9FFD00620EC4E2A
S31500066E4DB001604C83370800000000010000000108
S31500066E5D000000FF000000FF632EAD990548AD9AB0
S31500066E6D054820D04E90038D9A0520D44E90038D5D
S31500066E7D9905AD9905CD9A05B003686860688D9A32
S31500066E8D05688D99054C8337200AFE20AA4CAD9AC6
S31500066E9D0520BE75AD990520BE75A90020C4754C95
S31500066EAD0AFE03FF00FF0000007F633D200AFE2059
S31500066EBDAA4CAD6F02290320BE75A900E26F020426
S31500066ECD02A90120BE75A900E26F020802A90120DA
S31500066EDDBE75203F6FA900E26F021002A90120BE02
S31500066EED75203F6FA9004CC47520D04E901048A949
S31500066EFDFC2D6F028D6F02680D6F028D6F0220D409
S31500066F0D4E900C48D2046F0268D004C2046F02205C
S31500066F1DD84E900C48D2086F0268D004C2086F028C
S31500066F2D20EC4E900C48D2106F0268D004C2106F3A
S31500066F3D0260A004A90020BE7588D0F8600D020077
S31500066F4D0100010000000000000000000100000025
S31500066F5D00000000000000007F63034CD46F20D0B4
S31500066F6D4E9015C901F00DC906D006D201680280EC
S31500066F7D074C8337C201680220D44E9012C901F020
S31500066F8D0AC905D0ECD20169028004C20169022044
S31500066F9DD84E901FF008C921F004C9C1D0D3A8CD8B
S31500066FAD1B86D0039F5E0C8D1B86A9008D1A8697B0
S31500066FBD5EE77620DC4E900E48D201620268C90065
S31500066FCDD004C201620260200AFE20AA4CA901E283
S31500066FDD68020102A90620BE75A901E2690201022F
S31500066FEDA90520BE75AD1B8620B5E4200276A9003F
S31500066FFDE262020102A90120BE75A90020BE75A98D
S3150006700D0020C4754C0AFE0606000500FF010100A8
S3150006701D00000000FF6308D7586AB0025758602073
S3150006702D0AFE20AA4CA9005F5802A9014CC475FF99
S3150006703D633220D04E902CF007C903F0154C8337DA
S3150006704D48A9FC255785576805578557A9888D2361
S3150006705D026048A9FC255785576805578557A98A9D
S3150006706D8D230260200AFE20AA4CA9001F5702A9ED
S3150006707D0320BE75A90020BE75A900B2A840B27040
S3150006708D41202D69A900B2AE40B27041209F4E4CEB
S3150006709D0AFE0403000000A870AE703230343800C4
S315000670AD0033320000FF630160200AFE20AA4CA9B8
S315000670BD0020BE75A90020BE75A9004CC475030037
S315000670CD0000000000FF630160200AFE20AA4CA9FD
S315000670DD004CC475FF6308B7586AB002375860206E
S315000670ED0AFE20AA4CA9003F5802A9014CC475FFF9
S315000670FD630160200AFE20AA4CA9004CC475FF63E5
S3150006710D3ECF8B4A20D04E90328D849A482028E168
S3150006711D6820AD7AB0108D0A9A2025E120EA7720EF
S3150006712D3AE120A57160AD849A20F078B00A20EA7E
S3150006713D77203AE120A571604C833720A571602032
S3150006714D0AFE20AA4CAD3B0320B5E44C0AFE200AE6
S3150006715DFE20AA4CA9282042FAA9008D1B8720AD30
S3150006716D7A9008AD1B8720F078B0107F6305A92CA1
S3150006717D2042FAAD1B8720B5E4F763AD1B8789015F
S3150006718D8D1B87C9FFD0D7AD3B0320AD7AA9292024
S3150006719D42FA4C0AFE01FF0148AD3B03C903F0084E
S315000671ADC909F00467028002E7026860FF6357208B
S315000671BDD04E904020D44E9013CD1B87F00EC901AC
S315000671CDD007AD1B87C903F0034C8337AD1B87C9A3
S315000671DD03F00CC901F00CC902D00AA9038006A951
S315000671ED058002A90448A9F82555855568055585CE
S315000671FD55F7666020D44E900CC901D0DAA55529EF
S3150006720D07C905D0DE60200AFE20AA4CA55529071A
S3150006721D8D1C87F01DC905F00BC904F010A9028D4A
S3150006722D1C87800EA9018D1C87A9038005A9018DD2
S3150006723D1C8720BE75AD1C874CC475020300020063
S3150006724DFF631148A9FE2D5C028D5C02680D5C027A
S3150006725D8D5C0260200AFE20AA4CA900E25C0201A2
S3150006726D02A9014CC475FF631AC902D008D2205C67
S3150006727D02A901800648C2205C0268A7586AB002B8
S3150006728D275860200AFE20AA4CA9002F5809A901E5
S3150006729DE25C022002A9024CC475FF63120A0A0AB1
S315000672AD0A0A48A9CF256B856B68056B856B60A9A0
S315000672BD01DF6B02A9004C1476FF63110A0A0A0A4E
S315000672CD48A9CF256B856B68056B856B60A901CFC4
S315000672DD6B02A9004C1476FF631548AD8404297F0D
S315000672ED8D840468F008A9800D84048D840460AD30
S315000672FD840429804C1476FF63100A0A0A48A9E706
S3150006730D25928592680592859260A59229184A4A14
S3150006731D4A4C1476FF6308A7906AB002279060A9B7
S3150006732D002F9002A9014C1476FF630897936AB055
S3150006733D02179360A9001F9302A9014C1476FF63E9
S3150006734D0887936AB002079360A9000F9302A901F5
S3150006735D4C1476ADDE004C1476FF630160A9004C25
S3150006736D1476FF631EADE0988540ADE19885412004
S3150006737DA674A5408DE0988DE298A5418DE1988D70
S3150006738DE39860ADE0988540ADE19885414C327540
S3150006739DADEC988540ADED9885414C3875FF631873
S315000673ADADE2988540ADE398854120A674A5408D3E
S315000673BDE298A5418DE39860ADE2988540ADE398D8
S315000673CD85414C3275A9418022C903F0150A0A0A70
S315000673DD0A0A48A91F259185916805918591A945A2
S315000673ED80094C8337A94B8002A9448DDF00B7630C
S315000673FD275960B20340B299418006B2EE40B29863
S3150006740D41A2007F6311A140C9FFF009200AFE20A3
S3150006741D94E4200AFE1860A1B8E6B8D002E6B9C90A
S3150006742D22F006C920F0F0800FB1B8C922F00BE0A4
S3150006743D14F005E8C920B0F13860E000F02786475C
S3150006744DA91438E5478547A200A920E447F005911A
S3150006745D40E880F7A1B8E6B8D002E6B9C922F0B57C
S3150006746D9140E880EFA9FF8140E6B8D002E6B980E3
S3150006747DA4FF6303858F60A58F4C1476FF63100AF0
S3150006748D0A0A48A9C725908590680590859060A536
S3150006749D9029384A4A4A4C147620D04E9007E74032
S315000674AD6AB002674020D44E9012A8B924750A0A0E
S315000674BD48A9C325408540680540854020D84E908D
S315000674CD0C48A9FC25418541680541854120DC4EC0
S315000674DD900E0A0A48A9F32541854168054185415D
S315000674ED20E04E9007F7406AB002774020EC4E90AA
S315000674FD14A8B92A750A0A0A0A48A98F254185418B
S3150006750D680541854160080100050002000200007C
S3150006751D00000000000700000203010A0807010625
S3150006752D0203000504A90285478004A901854720A3
S3150006753D0AFEA9006F4002A90120BE75A540293C89
S3150006754D4A4AA8B9AE75A647E002F003B99E75205C
S3150006755DBE75A541290320BE75A541290C4A4A20AB
S3150006756DBE75A9007F4002A90120BE75A90020BEE1
S3150006757D75A90020BE75A54129704A4A4A4AA8B979
S3150006758D967520C475200AFE6005010304070602DA
S3150006759D000003010205050405050304020505059C
S315000675AD0500030102050505050505040505050581
S315000675BD0520C4754C0276AAA54048A54148A542A4
S315000675CD48A54348A54448A54548A54648A5474860
S315000675DD8A8541A930854320ACE4AA688547688526
S315000675ED466885456885446885436885426885414C
S315000675FD6885408A60A54048A54148A92C2042FACF
S3150006760D6885416885406048200AFE688541A9302F
S3150006761D854320ACE4200AFE1860A201801BC90032
S3150006762DD0150F590848207AE3207DE368A9018510
S3150006763DBA2097E44C97FAA200C9FFF03DC914B0DB
S3150006764D39DA48B20A46B2FE4720A6E4680AAAA562
S3150006765D4048A54148BD01778540E8BD017785417E
S3150006766D2094E4688541688540FAE001F009B20A7E
S3150006767D46B2FE4720A6E42097FA60FF6322F00A7B
S3150006768DC901D004A9048002A90348A9F825558580
S3150006769D5568055585553F6B048D770460F766600D
S315000676ADA5552907F009C904D002E90238E9014CA6
S315000676BD14762F6B3FFF6335F023A205C901F01D26
S315000676CDE8C902F018E8C904F013E8C908F00EE88F
S315000676DDC90AF009A211C912F0034C833748A9C08D
S315000676ED25A785A76805A785A78E720560A5A7296F
S315000676FD3F4C14762B27B327BA27C127C827CF2782
S3150006770DD527DD27E527ED27F427FB2702280828A9
S3150006771D0E2814281A28212828286048AD5D9AC9EE
S3150006772D00F013C901F00FC903F00BC940F007C9E4
S3150006773D45F00318800138686077B237B1C2016D1E
S3150006774D0207B2A9038D6A9AA90248A9FC2D6B02F6
S3100006775D8D6B02680D6B028D6B0260DF
S315000677682E013F70034C2C7AA00180083F70034C0B
S31500067778337AA000A51E48AD809A8540AD819A85C4
S3150006778841A20020077BB140C9FFF031DA206AE141
S31500067798B02AF02DFAE8C000D015B140C1449002CF
S315000677A88144E8B140C144B0028144E8E880D7E89C
S315000677B8E8B140E8C9FFF0CE814480CAFA68851E5A
S315000677C860FAE8C000D0E8A1443140E81140814497
S315000677D8E8E880B2090F3D7E9CA6317B82A03C4232
S315000677E8A5FF2013E1DA482043E18D849A68FA203A
S315000677F846E1AAA900E0FFD002A2003770488A200F
S315000678080C78686048DAAD839AC900F00CC9FFF0AF
S3150006781808204D79B003FA6860FA6848A9FF8D8290
S315000678289A68C91E9002A9000AA8B9407B8540B97C
S31500067838417B8541A54120F67A8541A140C9FFD0FD
S315000678480B48A9FF8D829AA2006880DCA54048A548
S31500067858414818A54069FB8540A54169008541A5AB
S31500067868408D809AA5418D819AA5408542A5418578
S315000678784338A542E9058542A543E9008543688557
S3150006788841688540A201B1428582E8B1428583E80E
S31500067898B1428584E8B1428585A140CD3B03F043D4
S315000678A8B23B44B20345A1408144E640D002E641D4
S315000678B8E644D002E645A541C543D004A540C542DF
S315000678C8D0E4B20086AD3B03C982D002E786C90F6B
S315000678D8D002B786C942D0028786C9A6D002C7860D
S315000678E8206A77A5D5851E60AAAD839AF047C9FF93
S315000678F8F043AD849A488A8D849AA200B21640B29D
S3150006790801412022E148B21740B201412022E18511
S3150006791841688540203F79B018DA2016E1FACD8409
S315000679289AF008E8E8E000F00880D1688D849A188D
S3150006793860688D849A3860A900C540D006C541D0CE
S315000679480238601860A200B21640B201412022E150
S3150006795848B21740B201412022E185416885402098
S315000679683F79B012DA2016E1FACD849AF00AE8E8E9
S31500067978E000F00280D13860B770A54048A54148B6
S31500067988B2F742B2004318A54065428540A541654F
S31500067998438541A5408542A54185432022E1858246
S315000679A8E82022E18583E82022E18584E82022E191
S315000679B88585E8A54048A541488A64408540A900CA
S315000679C865418541A5408D809AA5418D819A688530
S315000679D8416885402016E1CD3B03F046A200B23B3E
S315000679E844B203452022E18144E640D002E641E658
S315000679F844D002E645A541C543D004A540C542D0B4
S31500067A08E3B20086AD3B03C982D002E786C90FD02A
S31500067A1802B786C942D0028786C9A6D002C786207B
S31500067A282C7A1860A9018D8A9A8005A9008D8A9AEA
S31500067A38AD809A8540AD819A8541A2002022E1C98A
S31500067A48FFF037DA206AE1B030F030FAE8AD8A9A04
S31500067A58C900D0172022E1C14490028144E82022B9
S31500067A68E1C144B0028144E8E880D1E8E82022E191
S31500067A78E8C9FFF0C7814480C3FA60FAE8AD8A9A76
S31500067A88C900D0E72022E12144E885472022E105FE
S31500067A98478144E8E880A5090F3D7E9CA6317B828E
S31500067AA8A03C42A5FF8542C9FFD004A900802FA0A5
S31500067AB800AD829A48980AAABD407B8546BD417B99
S31500067AC8854798AAA9FF8D829AA54720F67A8547FB
S31500067AD8A200B146C542F00CC8C01ED0D868388D7B
S31500067AE8829A800368981848A5D5851E686048A9AD
S31500067AF800E006900E488AE906AA68890180F248D7
S31500067B08AD829AC901D005B27C1E8019C902D00574
S31500067B18B2541E8010C903D005B2571E8011C90477
S31500067B28F0F7B2781E8D829A68290F09C080088DEB
S31500067B38829A68290F09D06002002E015A02860326
S31500067B48B204DE0500802C8158828483B084DC85E5
S31500067B5800802C8158828483B084DC8500F02CF161
S31500067B6858F284F3B0F4DCF508F734F860F98CFAC1
S30900067B78B8FBE4FC6A
S31500067C032075BCB06020C7BCD2207302AD739A2917
S31500067C1310F012AD14066FB403AD7F9AF0478D7B51
S31500067C239AC22073022054BDB03BC2207302A547F5
S31500067C3385DCA54685DBA21CAD739A2910F002A244
S31500067C4300DA20BFBE8D7B9AF01AAE7A9ADA20CB7B
S31500067C53BDFA8E7A9A20C7BCA5DC8547A5DB854681
S31500067C63FAE880DDFAB27018B27119B2721AB273F3
S31500067C731B60B25F1BB2C040B27F41A200B1401087
S31500067C8318C9FFD008E8B140CAC9FFF025B1403A82
S31500067C933A3A2907CD729AF0068A8905AA80DE8EB4
S31500067CA3799A8E7A9AE8B14085DDE8B14085DE1881
S31500067CB3800E8FB40A87B4B25D40B29D4180BC384C
S31500067CC3AE799A60B25F1BA54048A54148B2C0404B
S31500067CD3B27F410FB406B25D40B29D41DAE8B140C8
S31500067CE38D759AE8B1408D769AE8B1408D779AE814
S31500067CF3B1408D789AFAB140A250A81829074829A7
S31500067D0304D00FA2700FB40A8F7505F26D02020234
S31500067D13A2B06829030A0A85198A6419851885197A
S31500067D23AAE8E8861AE8861B982940D002E6196867
S31500067D33854168854060B24F42B2BD43A200B14257
S31500067D43F009D1DDD003E880F5A775604452414DAD
S31500067D5300A5DE8547A5DD8546AE799A8E7A9A20F5
S31500067D63C7BC2039BDA20620BFBED004A77538609E
S31500067D738543A90864DD85469002E64720E7BEA249
S31500067D830020BFBECD7B9AF028C643F0E1A2182099
S31500067D93BFBE85D9E820BFBE85DAA5D964DD85468B
S31500067DA3A5DA65DE8547AE799A8E7A9A20C7BC80B0
S31500067DB3CBE273022010A20420BFBED009A205207F
S31500067DC3BFBE297FF0C31860AD739A2920D006ADCE
S31500067DD37C9A8D1406206CBE900160AD739A292099
S31500067DE3D01CB200D7B200D8C6D8D00AC6D7D0F5AB
S31500067DF32068BC4C8715AD1B06CD7C9AD0EAAE79B6
S31500067E039A8E7A9A20C7BCA5DA8547A5D9854620D0
S31500067E13E7BEA646B20046A5408D1606A5418D17B2
S31500067E2306AD779A8540AD789A8541E20D0602FB43
S31500067E33200E9DA9008D1406AAA8CAD00388F007AA
S31500067E43AD1706C9FFD0F3AD1606C543F012A775DF
S31500067E53AD2B022904F0092068BCAD7B9A20B5E454
S31500067E63A9FF8D17068D1606602054BDB04CA208D1
S31500067E7320BFBE8540E820BFBE8541A21420BFBEF3
S31500067E8385D9E820BFBE85DAA5D964DD85D9A5DA05
S31500067E9365DE85DAA21020BFBE8544E820BFBE850F
S31500067EA345A20520BFBEF00A1826442645182644D1
S31500067EB32645E820BFBE854318603860DAAD7A9A50
S31500067EC38542A54785D88A64469002E6D885D72093
S31500067ED30ABFA1D7FA48DAAE7A9AE442F00320C774
S31500067EE3BCFA6860AD7A9A8542A54785D8A54685C4
S31500067EF3D7200ABFA542CD7A9AF00B8D7A9AA5D8D2
S31500067F038547A5D7854660A5D8CD789A9012F005FC
S31500067F132024BF80F2A5D7CD779A9004F00280F08D
S31500067F2360A5D7ED779AB002C6D885D7A5D838ED1A
S31500067F33789A85D8A54289058542AA20C7BCA5D7BE
S31500067F43186D759A85D7A5D86D769A85D8A5D7D08F
S31500067F5302C6D8C6D760A51E48208FE3B0114820AF
S31500067F6376BF68A6E091D9E6E0D0EEE6DA80EA685F
S31500067F73851E60A5DA3F752DC9A09029D004A9B43C
S31500067F838020C9C0901FD004A9C48016C9D09015F5
S31500067F93D004A9D4800CC9E0900BD009A5D685E2F6
S31500067FA3A9C4B203E085DAA5E2851E60A544D00618
S31500067FB3A545F046C645C644B1468D1006E8EAEA27
S31500067FC3EAEAEAEAEAE20D0602FBF00EE440F0DC30
S31500067FD390DAA547C541B00C80D2E647A547C54109
S31500067FE3F0CA80F2864620E7BEA646B20046AD77BD
S31000067FF39A8540AD789A854180B26001
S31500068000FFFFFFFFFFFFFFFFFFFFFFFFFFFFFFFF74
S31500068010FFFFFFFFFFFFFFFFFFFFFFFFFFFFFFFF64
S31500068020FFFFFFFFFFFFFFFFFFFFFFFFFFFFFFFF54
S31500068030FFFFFFFFFFFFFFFFFFFFFFFFFFFFFFFF44
S31500068040FFFFFFFFFFFFFFFFFFFFFFFFFFFFFFFF34
S31500068050FFFFFFFFFFFFFFFFFFFFFFFFFFFFFFFF24
S31500068060FFFFFFFFFFFFFFFFFFFFFFFFFFFFFFFF14
S31500068070FFFFFFFFFFFFFFFFFFFFFFFFFFFFFFFF04
S31500068080FFFFFFFFFFFFFFFFFFFFFFFFFFFFFFFFF4
S31500068090FFFFFFFFFFFFFFFFFFFFFFFFFFFFFFFFE4
S315000680A0FFFFFFFFFFFFFFFFFFFFFFFFFFFFFFFFD4
S315000680B0FFFFFFFFFFFFFFFFFFFFFFFFFFFFFFFFC4
S315000680C0FFFFFFFFFFFFFFFFFFFFFFFFFFFFFFFFB4
S315000680D0FFFFFFFFFFFFFFFFFFFFFFFFFFFFFFFFA4
S315000680E0FFFFFFFFFFFFFFFFFFFFFFFFFFFFFFFF94
S315000680F0FFFFFFFFFFFFFFFFFFFFFFFFFFFFFFFF84
S31500068100FFFFFFFFFFFFFFFFFFFFFFFFFFFFFFFF73
S31500068110FFFFFFFFFFFFFFFFFFFFFFFFFFFFFFFF63
S31500068120FFFFFFFFFFFFFFFFFFFFFFFFFFFFFFFF53
S31500068130FFFFFFFFFFFFFFFFFFFFFFFFFFFFFFFF43
S31500068140FFFFFFFFFFFFFFFFFFFFFFFFFFFFFFFF33
S31500068150FFFFFFFFFFFFFFFFFFFFFFFFFFFFFFFF23
S31500068160FFFFFFFFFFFFFFFFFFFFFFFFFFFFFFFF13
S31500068170FFFFFFFFFFFFFFFFFFFFFFFFFFFFFFFF03
S31500068180FFFFFFFFFFFFFFFFFFFFFFFFFFFFFFFFF3
S31500068190FFFFFFFFFFFFFFFFFFFFFFFFFFFFFFFFE3
S315000681A0FFFFFFFFFFFFFFFFFFFFFFFFFFFFFFFFD3
S315000681B0FFFFFFFFFFFFFFFFFFFFFFFFFFFFFFFFC3
S315000681C0FFFFFFFFFFFFFFFFFFFFFFFFFFFFFFFFB3
S315000681D0FFFFFFFFFFFFFFFFFFFFFFFFFFFFFFFFA3
S315000681E0FFFFFFFFFFFFFFFFFFFFFFFFFFFFFFFF93
S315000681F0FFFFFFFFFFFFFFFFFFFFFFFFFFFFFFFF83
S31500068200FFFFFFFFFFFFFFFFFFFFFFFFFFFFFFFF72
S31500068210FFFFFFFFFFFFFFFFFFFFFFFFFFFFFFFF62
S31500068220FFFFFFFFFFFFFFFFFFFFFFFFFFFFFFFF52
S31500068230FFFFFFFFFFFFFFFFFFFFFFFFFFFFFFFF42
S31500068240FFFFFFFFFFFFFFFFFFFFFFFFFFFFFFFF32
S31500068250FFFFFFFFFFFFFFFFFFFFFFFFFFFFFFFF22
S31500068260FFFFFFFFFFFFFFFFFFFFFFFFFFFFFFFF12
S31500068270FFFFFFFFFFFFFFFFFFFFFFFFFFFFFFFF02
S31500068280FFFFFFFFFFFFFFFFFFFFFFFFFFFFFFFFF2
S31500068290FFFFFFFFFFFFFFFFFFFFFFFFFFFFFFFFE2
S315000682A0FFFFFFFFFFFFFFFFFFFFFFFFFFFFFFFFD2
S315000682B0FFFFFFFFFFFFFFFFFFFFFFFFFFFFFFFFC2
S315000682C0FFFFFFFFFFFFFFFFFFFFFFFFFFFFFFFFB2
S315000682D0FFFFFFFFFFFFFFFFFFFFFFFFFFFFFFFFA2
S315000682E0FFFFFFFFFFFFFFFFFFFFFFFFFFFFFFFF92
S315000682F0FFFFFFFFFFFFFFFFFFFFFFFFFFFFFFFF82
S31500068300FFFFFFFFFFFFFFFFFFFFFFFFFFFFFFFF71
S31500068310FFFFFFFFFFFFFFFFFFFFFFFFFFFFFFFF61
S31500068320FFFFFFFFFFFFFFFFFFFFFFFFFFFFFFFF51
S31500068330FFFFFFFFFFFFFFFFFFFFFFFFFFFFFFFF41
S31500068340FFFFFFFFFFFFFFFFFFFFFFFFFFFFFFFF31
S31500068350FFFFFFFFFFFFFFFFFFFFFFFFFFFFFFFF21
S31500068360FFFFFFFFFFFFFFFFFFFFFFFFFFFFFFFF11
S31500068370FFFFFFFFFFFFFFFFFFFFFFFFFFFFFFFF01
S31500068380FFFFFFFFFFFFFFFFFFFFFFFFFFFFFFFFF1
S31500068390FFFFFFFFFFFFFFFFFFFFFFFFFFFFFFFFE1
S315000683A0FFFFFFFFFFFFFFFFFFFFFFFFFFFFFFFFD1
S315000683B0FFFFFFFFFFFFFFFFFFFFFFFFFFFFFFFFC1
S315000683C0FFFFFFFFFFFFFFFFFFFFFFFFFFFFFFFFB1
S315000683D0FFFFFFFFFFFFFFFFFFFFFFFFFFFFFFFFA1
S315000683E0FFFFFFFFFFFFFFFFFFFFFFFFFFFFFFFF91
S315000683F0FFFFFFFFFFFFFFFFFFFFFFFFFFFFFFFF81
S31500068400FFFFFFFFFFFFFFFFFFFFFFFFFFFFFFFF70
S31500068410FFFFFFFFFFFFFFFFFFFFFFFFFFFFFFFF60
S31500068420FFFFFFFFFFFFFFFFFFFFFFFFFFFFFFFF50
S31500068430FFFFFFFFFFFFFFFFFFFFFFFFFFFFFFFF40
S31500068440FFFFFFFFFFFFFFFFFFFFFFFFFFFFFFFF30
S31500068450FFFFFFFFFFFFFFFFFFFFFFFFFFFFFFFF20
S31500068460FFFFFFFFFFFFFFFFFFFFFFFFFFFFFFFF10
S31500068470FFFFFFFFFFFFFFFFFFFFFFFFFFFFFFFF00
S31500068480FFFFFFFFFFFFFFFFFFFFFFFFFFFFFFFFF0
S31500068490FFFFFFFFFFFFFFFFFFFFFFFFFFFFFFFFE0
S315000684A0FFFFFFFFFFFFFFFFFFFFFFFFFFFFFFFFD0
S315000684B0FFFFFFFFFFFFFFFFFFFFFFFFFFFFFFFFC0
S315000684C0FFFFFFFFFFFFFFFFFFFFFFFFFFFFFFFFB0
S315000684D0FFFFFFFFFFFFFFFFFFFFFFFFFFFFFFFFA0
S315000684E0FFFFFFFFFFFFFFFFFFFFFFFFFFFFFFFF90
S315000684F0FFFFFFFFFFFFFFFFFFFFFFFFFFFFFFFF80
S31500068500FFFFFFFFFFFFFFFFFFFFFFFFFFFFFFFF6F
S31500068510FFFFFFFFFFFFFFFFFFFFFFFFFFFFFFFF5F
S31500068520FFFFFFFFFFFFFFFFFFFFFFFFFFFFFFFF4F
S31500068530FFFFFFFFFFFFFFFFFFFFFFFFFFFFFFFF3F
S31500068540FFFFFFFFFFFFFFFFFFFFFFFFFFFFFFFF2F
S31500068550FFFFFFFFFFFFFFFFFFFFFFFFFFFFFFFF1F
S31500068560FFFFFFFFFFFFFFFFFFFFFFFFFFFFFFFF0F
S31500068570FFFFFFFFFFFFFFFFFFFFFFFFFFFFFFFFFF
S31500068580FFFFFFFFFFFFFFFFFFFFFFFFFFFFFFFFEF
S31500068590FFFFFFFFFFFFFFFFFFFFFFFFFFFFFFFFDF
S315000685A0FFFFFFFFFFFFFFFFFFFFFFFFFFFFFFFFCF
S315000685B0FFFFFFFFFFFFFFFFFFFFFFFFFFFFFFFFBF
S315000685C0FFFFFFFFFFFFFFFFFFFFFFFFFFFFFFFFAF
S315000685D0FFFFFFFFFFFFFFFFFFFFFFFFFFFFFFFF9F
S315000685E0FFFFFFFFFFFFFFFFFFFFFFFFFFFFFFFF8F
S315000685F0FFFFFFFFFFFFFFFFFFFFFFFFFFFFFFFF7F
S31500068600FFFFFFFFFFFFFFFFFFFFFFFFFFFFFFFF6E
S31500068610FFFFFFFFFFFFFFFFFFFFFFFFFFFFFFFF5E
S31500068620FFFFFFFFFFFFFFFFFFFFFFFFFFFFFFFF4E
S31500068630FFFFFFFFFFFFFFFFFFFFFFFFFFFFFFFF3E
S31500068640FFFFFFFFFFFFFFFFFFFFFFFFFFFFFFFF2E
S31500068650FFFFFFFFFFFFFFFFFFFFFFFFFFFFFFFF1E
S31500068660FFFFFFFFFFFFFFFFFFFFFFFFFFFFFFFF0E
S31500068670FFFFFFFFFFFFFFFFFFFFFFFFFFFFFFFFFE
S31500068680FFFFFFFFFFFFFFFFFFFFFFFFFFFFFFFFEE
S31500068690FFFFFFFFFFFFFFFFFFFFFFFFFFFFFFFFDE
S315000686A0FFFFFFFFFFFFFFFFFFFFFFFFFFFFFFFFCE
S315000686B0FFFFFFFFFFFFFFFFFFFFFFFFFFFFFFFFBE
S315000686C0FFFFFFFFFFFFFFFFFFFFFFFFFFFFFFFFAE
S315000686D0FFFFFFFFFFFFFFFFFFFFFFFFFFFFFFFF9E
S315000686E0FFFFFFFFFFFFFFFFFFFFFFFFFFFFFFFF8E
S315000686F0FFFFFFFFFFFFFFFFFFFFFFFFFFFFFFFF7E
S31500068700FFFFFFFFFFFFFFFFFFFFFFFFFFFFFFFF6D
S31500068710FFFFFFFFFFFFFFFFFFFFFFFFFFFFFFFF5D
S31500068720FFFFFFFFFFFFFFFFFFFFFFFFFFFFFFFF4D
S31500068730FFFFFFFFFFFFFFFFFFFFFFFFFFFFFFFF3D
S31500068740FFFFFFFFFFFFFFFFFFFFFFFFFFFFFFFF2D
S31500068750FFFFFFFFFFFFFFFFFFFFFFFFFFFFFFFF1D
S31500068760FFFFFFFFFFFFFFFFFFFFFFFFFFFFFFFF0D
S31500068770FFFFFFFFFFFFFFFFFFFFFFFFFFFFFFFFFD
S31500068780FFFFFFFFFFFFFFFFFFFFFFFFFFFFFFFFED
S31500068790FFFFFFFFFFFFFFFFFFFFFFFFFFFFFFFFDD
S315000687A0FFFFFFFFFFFFFFFFFFFFFFFFFFFFFFFFCD
S315000687B0FFFFFFFFFFFFFFFFFFFFFFFFFFFFFFFFBD
S315000687C0FFFFFFFFFFFFFFFFFFFFFFFFFFFFFFFFAD
S315000687D0FFFFFFFFFFFFFFFFFFFFFFFFFFFFFFFF9D
S315000687E0FFFFFFFFFFFFFFFFFFFFFFFFFFFFFFFF8D
S314000687F0FFFFFFFFFFFFFFFFFFFFFFFFFFFFFF7D
S306000687FF016C
S315000688004C6BE64CC6E64C21E74C7CE74CD7E74C6E
S3150006881032E84C8DE84C3C08EAEAEA4C4508EAEAB6
S31500068820EA200AE62015084C0AE62048E62015083E
S315000688304C48E6203BE62015084C3BE62021E62080
S3150006884015084C21E6202EE62015084C2EE64C751A
S3150006885008EAEAEA4C7E08EAEAEA200AE620150869
S315000688604C0AE62048E62015084C48E6203BE6205A
S3150006887015084C3BE62021E62015084C21E6202E5D
S31500068880E62015084C2EE64CAE08EAEAEA4CB7088E
S31500068890EAEAEA200AE62015084C0AE62048E62017
S315000688A015084C48E6203BE62015084C3BE62021F9
S315000688B0E62015084C21E6202EE62015084C2EE665
S315000688C04CE708EAEAEA4CF008EAEAEA200AE62071
S315000688D015084C0AE62048E62015084C48E6203BD3
S315000688E0E62015084C3BE62021E62015084C21E635
S315000688F0202EE62015084C2EE64C2009EAEAEA4C1C
S315000689002909EAEAEA200AE62015084C0AE620487A
S31500068910E62015084C48E6203BE62015084C3BE6C3
S315000689202021E62015084C21E6202EE62015084CC7
S315000689302EE64C5309EAEAEA200AE62015084C0A0E
S31500068940E62048E62015084C48E6203BE6201508B2
S315000689504C3BE62021E62015084C21E6202EE62093
S3150006896015084C2EE64C8609EAEAEA200AE62015A0
S31500068970084C0AE62048E62015084C48E6203BE661
S315000689802015084C3BE62021E62015084C21E6205A
S315000689902EE62015084C2EE64CB909EAEAEA200A24
S315000689A0E62015084C0AE62048E62015084C48E657
S315000689B0203BE62015084C3BE62021E62015084C10
S315000689C021E6202EE62015084C2EE64CEC09EAEAAE
S315000689D0EA200AE62015084C0AE62048E62015088D
S315000689E04C48E6203BE62015084C3BE62021E620CF
S315000689F015084C21E6202EE62015084C2EE64C1FBF
S31500068A000AEAEAEA200AE62015084C0AE62048E6BB
S31500068A102015084C48E6203BE62015084C3BE62088
S31500068A2021E62015084C21E6202EE62015084C2EB8
S31500068A30E64C520AEAEAEA200AE62015084C0AE655
S31500068A402048E62015084C48E6203BE62015084C4B
S31500068A503BE62021E62015084C21E6202EE62015C9
S31500068A60084C2EE64C850AEAEAEA200AE6201508AC
S31500068A704C0AE62048E62015084C48E6203BE62048
S31500068A8015084C3BE62021E62015084C21E6202E4B
S30C00068A90E62015084C2EE650
S31500068A9720320BD038F24B02081CAD4604CD7B04B8
S31500068AA7D006AD4504CD7A04F009EE4504D003EEAB
S31500068AB7460460B7AA60A9008D45048D4604AD3500
S31500068AC702F00320BEE448C2084B026860E24B0286
S31500068AD7082AEE4304D003EE4404AD4404D008AD99
S31500068AE74304CD8103900FA7632021E2CF4806AD45
S31500068AF70802F00160603F5902276360A9008D43AB
S31500068B07048D4404AD3502F01BAD45048540AD46DC
S31500068B17048541A541CD7B04D005A540CD7A04F051
S31500068B270320BEE448D2084B026860AD81052901D9
S31500068B376060A060628284717875747276A1A444B7
S31500068B4745464748494A4B4CAAC1C2C3C4C5C6C7C8
S31500068B57C8C9CACBCCCDCEA801021214B8B8B4B4CC
S31500068B67B2B2B1B111D21009068004C21009064C79
S31500068B77B00E8F6D04C204090660C2201506D21010
S31500068B871506C2401506D2801506D2011F0660C213
S31500068B9780080660D2800806E206061004C210069A
S31500068BA70660A9058D8F02A9008D9002075F8F5F64
S31500068BB705E21E0608F820960BD2100606C000D058
S31500068BC71BE20A0602FBA2022082F8A9398D1C06B9
S31500068BD7A9807B09028D1806A9A07B60A9A68D1C0C
S31500068BE7068C1806A9A27B60D2041E0660C2041E5E
S31500068BF70660AD859AD0031F6E03E76F60D2201E07
S31500068C070660676FC2201E0660D201080660C201AB
S31500068C17080660F26B020804D2020806209FF8606F
S31500068C27AD1206C960F00829F0C9A0F00218603827
S31500068C376048E253022005AD2F058006AD12068D64
S31500068C472F05C9719016C979B011C972F008C97688
S31500068C57F004C978D002A77138800118686048F20F
S31500068C6751021018E253022005AD2F058006AD12F4
S31500068C77068D2F05C9C0900BC9CFB00338800118DA
S31500068C87686048E253022005AD2F058006AD120639
S31500068C978D2F05C9909008C9A0B0033880011868BA
S31500068CA76020380CB0FA4C650C20F5E3F00160F24B
S31500068CB713060804D20813066020F5E3D009E21363
S31500068CC7060804C20813066000020300AA20F5E395
S31500068CD7D001608AA8AD130629FC19CF0C8D130699
S31500068CE76000030201A8AD030629FC19E80C8D03EB
S31500068CF70660C2020206C2040206C2010206C28054
S31500068D070706602F67034C540D48D220040668A849
S31500068D17B9380BC9AAF00A29F0C9A0D004C20805B2
S31500068D2706B9380BAE5D9AE002D00BAE3A02E003FF
S31500068D37B00AA9828006E001D002A95220880DADA5
S31500068D472D02290785402090E2207EE260A8D28080
S31500068D570306C2010406B9380BC9AAF00A29F0C9DF
S31500068D67A0D004C2080506B9380B29F0C9B0D00B3E
S31500068D77876D982901D004D2010406B9380B4C88A9
S31500068D870D8D120620B00EB9380B29F0C910D0037F
S31500068D974CC60DAD1206C962D025A924FF4C02A9F9
S31500068DA7278D1806A9368D1C06A9A17BA90EFF4C89
S31500068DB702A90F8D1806A9378D1C06A9A17B60F295
S31500068DC750020105E24F0201062F670320693E603E
S31500068DD7AD1206608D1206D208030660A93A8D1CE7
S31500068DE706A9807B297F8D1806A9A07B60A93A8DDF
S31500068DF71C06A9807B098080ED48D2100506684CBB
S31500068E07140ED24005066048C21005066860C240C1
S31500068E17050660AD0F06298060202C0E20650CB06E
S31500068E27016089066020650CB00620570EF00160C2
S31500068E37DAE253022005AD2F058006AD12068D2F01
S31500068E4705205D0E201E56FAE251021002891D60A4
S31500068E57AD0E06291F60F251021025E251020420C3
S31500068E679F741D8F741AAAAD7686F0134AB0108DB5
S31500068E7718068A38ED1806C991B005A99180018AA0
S31500068E8760AD0A0629384A4A4AE20E06400209082A
S31500068E97D00518AD00066048AD00068540683860FF
S31500068EA7E21E0608FB8D100660A90A8DF185A90044
S31500068EB78DF2857762D2011F0622A900A200A000BD
S31500068EC7FF621A22209FF832E21F06010E8901D099
S31500068ED7EFE8D0ECC8C0C890E780023260324C276C
S31500068EE7E500010203A8AD060629FC19E80E8D065C
S31500068EF7066040206000A8AD1106299F19F90E8D58
S31500068F07110660C20806064C9B0BAD29022903C942
S31500068F1701D016F209061011AD120629F0C950F04E
S31500068F2704C980D004D2800906ADE90409808DE913
S31500068F3704D2010906AD1206C9AAD0032074104C3D
S31500068F47100CA000A240B20247A97C2007E4D280F3
S31500068F57020660D22002064C760FC22002064C8E07
S31500068F670FD21002064C760FC21002064C8E0FA9B8
S31500068F77138D1606A9158D1706A94B8D1806A90072
S31500068F878D1906A9E17B60A9138D1606A9158D17F6
S31500068F9706A9428D1806A9008D1906A9E17B600068
S31500068FA700000102000000010248A8AD020629FCDE
S31500068FB719A60F8D020668A8AD060629FC19AB0F7A
S31500068FC78D060660303132333435363738392A233B
S31500068FD741424344AD1B06290FAABDCB0F60AD1F01
S31500068FE7060910090829FE8D1F0660AD1F0629EF1B
S31500068FF7090829FE8D1F0660A90AA000200DE4AD03
S3150006900719068D9C04CD9E0490038D9E04CD9D0462
S31500069017B0038D9D0460A900A0B5200DE42940F094
S315000690270238601860F20F060409201A0ED004A942
S315000690377F801DF251021005E251020409A908A014
S3150006904710200DE48007A902A00C200DE4AD190631
S31500069057205E108DA1046048A209CABDAA04E89D30
S31500069067AA04CAD0F5ADA1048DAA046860F209065A
S315000690771010A9008D18068D1906A9048D1C06A9B8
S31500069087AA7B608D1D06A90A8DF185A9008DF28535
S31500069097776222A900A200A000FF621D22209FF880
S315000690A732E21D06800E8901D0EFE8D0ECC8C0C8AB
S315000690B790E7800532AD180660324C27E5AD000607
S315000690C748208CE3A5C3C901D004A5C2C95E68605A
S315000690D778D8A2FF9A8F0806200E13204AE3A70719
S315000690E7F701A9008D81048D82048D83048DF2997B
S315000690F78D84048DF399A200B2E840B20641202278
S31500069107E129108D8104A200B2E840B20641202269
S31500069117E129018D8304A200B2EA40B20641202264
S31500069127E1C989D00AE82022E1C995D0028047B26B
S31500069137EA42B20643B27040B21141A200B14020DC
S315000691471FE1C900F003E880F4B2E840B20641B26F
S31500069157E842B20643A2002022E129FE201FE1AD1E
S31500069167830429FE8D8304800D89954D554C5449F4
S315000691774D4F44454D00A9FF8D8B022027148F08B6
S31500069187032047E3206AF92042F9AD7105C9FFD0E6
S3150006919703205EE42061E1205EE1205BE1776D074F
S315000691A776207AE3207DE3B230B8B205B9A90D8DEC
S315000691B730055777A9008DE885204FE40789678923
S315000691C720E7F2AD7105C9FFD02267B217B107B11D
S315000691D720343647B217B3C2026D0220873527B247
S315000691E7203B14AD8405C930D002A7B2582097E4B0
S315000691F72088E0A9008D2F03A9008D300320C1E042
S3150006920720CDE0AD3B03C903F008C909F0046702A0
S315000692178002E702AD7105C9FFD00B2073E1207006
S31500069227E1B003200FE50F7506A53329CF85332051
S315000692370DE1A9008DF3998F590620D3E020D8E0D2
S315000692470F08121F5B0320F5023F660320F2027F13
S315000692575B0320CE02E25502100320E0056F590391
S3150006926720D1020F590320BF022F590320C5023FFB
S31500069277590320C8021F590320C2020F590AAD8493
S31500069287042901F003BF630F203FE04FA10320B275
S31500069297E020C4E020D0E05F590320CB022F5E030F
S315000692A72028E43F5E08E26C0204032065E37F5943
S315000692B70320D7021F5E0320D402CF63098F080354
S315000692C7206BE320E2E44C39128F080B200E13D2EB
S315000692D701A600A5A68503A547854620F012C6461C
S315000692E7D0F9A20F2072F880EE8F0805204AE38090
S315000692F703201BF92009138F08052047E38003205F
S3150006930721F9A2054C72F860A220B2BF40B202410B
S31500069317A94C8140DAA201A9CD9140E8A9E5914079
S31500069327FA18A54069038540A54169008541CAD053
S31500069337DFA94C8DC002A9E48DC102A91B8DC30204
S31500069347A9088DC402A9FB8DC602A9E08DC702A985
S315000693579D8DC902A9E18DCA02A94D8DCC02A9E345
S315000693678DCD020F080AA93B8DCF02A9F48DD0022F
S31500069377A94C8DE005A9968DD502A9E28DD602A937
S315000693874C8D9186A9CD8D9286A9E58D9386A9538F
S315000693978DE102A9E38DE202A94E8DF302A9088D96
S315000693A7F402A9318DFC02A90A8DFD02A9648DFF77
S315000693B702A90A8D00038F080AA9AB8D0503A9F032
S315000693C78D0603A9DA8D0803A9E38D0903A9978DE7
S315000693D70B03A90A8D0C03A96A8D0E03A9588D0FCF
S315000693E703A9848D1103A9598D1203A9CC8D1D03D3
S315000693F7A9EC8D1E03A9008D859AA006F00C88B9DF
S31500069407211499590088C0FFD0F5A9FF855F8560A5
S3150006941785618562A91E8D57046032011B7103118A
S31500069427DF6810A9FF8D3B032008E3ADFF0317632B
S315000694374CF8E360A9038D1606A9108D1706A9C170
S315000694477B8D8405AD19068D83056078D8A2FF9AAC
S30900069457584C391216
S3150006945B8F63178F6B04CF5F0160A5BDF00C576E3C
S3150006946BA5B68540A5B78541875A20CCE2A5BDC9C9
S3150006947B43F0002F641EBF6B091F63062F67154C3F
S3150006948BB0E35F540FF20906080AAD81042910F002
S3150006949B034C5C15A5BDC944F018C948D0289F6E68
S315000694AB034C6129C2010906A2642082F8E75F070D
S315000694BB6E608F65FCAD0902D0F7A54E29184A4A90
S315000694CB4AF003CF03653F7A070F5A0320DA026089
S315000694DBA5BDD0034C3C15200BFA8763A5BDB20080
S315000694EBBDC941D0093F6B03205D234C7027C94488
S315000694FBD005B2017B803AC94FD01B7F7115CF635E
S3150006950B0DAD81042901F00320573020E02EF74CD0
S3150006951B4CDF224C942CC954D0034C272DC946D06C
S3150006952B034CB6E3C94BD0034C2529B204BA4C619E
S3150006953B29A57BC901D0034CAC15C902D0034C9C9B
S3150006954B1BC903D0444C4622B204BA2097E43759BA
S3150006955B60A9008DEC99B200BAA57BC901F008ADDE
S3150006956B0902D003B203BAA9148D2602AD16048DD1
S3150006957B5804B2007AA58729808587209715F003AC
S3150006958B2039E23F6B0320B4E24C6129AD0A048510
S3150006959B40AD0B048541A541C900D004A540C900C1
S315000695AB601F6306BF6B034C5315A9048D1005A9E3
S315000695BB158D2602A9008DDE00A200B1B6C953D0C1
S315000695CB034C581AC90DF003E880F0CF61034C73B0
S315000695DB16B2007A3F6B035F84218F831E20793187
S315000695EBF002C78720FFE2F012C901F005B220BAD6
S315000695FB8003B218BAB2007B4C7316A9008D6704AA
S3150006960B7781D2200906A9008DEC99B24240B203A6
S3150006961B415F8206B25C40B20341203FE2B258403C
S3150006962BB20341B25642B203435F820CB27240B2E8
S3150006963B0341B27042B203432033E2205730B77A66
S3150006964BB21F7C4F630D3F6B08A9008D58044C9BCC
S3150006965B168012205D2320E02EA9008D5804CF63B9
S3150006966B08B2007B60202D1860A54F290C4A4AF0DC
S3150006967B0FC903F00BA54F2903D002A901206223BC
S3150006968BAD1206C9ACF009206C0B207236201617E4
S3150006969BA9018DEC99AD81042904F005A9378D0E28
S315000696AB026769EF7A19AD29022903C903D010E7B8
S315000696BB69A90A8DA302A9008DA402276080364FDD
S315000696CB4F0FAD2E048DA302A9008DA40227608031
S315000696DB13AD0E026F7A0AAE3B03E0B5D003AD0FA0
S315000696EB0220D817EF7A080F820B4F4F138006B25C
S315000696FB1F7C20511AA9388DDB02A9188DDC026056
S3150006970BA9478DDB02A91B8DDC0260AD3B03C900A5
S3150006971BF004C9B5D048AD1206C9ACF01EB200416D
S3150006972BAD13020A26418540AD13024A64408540B5
S3150006973BA900654185412039E28035B20041AD135A
S3150006974B020A26418540AD13024A4A8543A540E5E2
S3150006975B438540A541E90085412039E280122097D1
S3150006976B15F0162039E2AD0C048540AD0D04854186
S3150006977B203CE25F4C03209F17A91048AD74038566
S3150006978B40AD75038541AD76038542AD77038543BB
S3150006979B684C7BE2E21E0608FBA9B049FF8DCC009E
S315000697ABADCC00D0FBD74C60AD0E02AE3B03E0B59D
S315000697BBD003AD0F0220D817A9018DEC99B21F7CE9
S315000697CB677CA9ED8DDB02A9178DDC02608540B29D
S315000697DB0A442086E3A5408DA302A5418DA4022744
S315000697EB60602F600BB206BAA9008DEC994C612905
S315000697FB207F1F7F7C0D0F7C0AB207BAA9008DEC62
S3150006980B9980EAF20B064004677C80D6EF7C0EA99C
S3150006981B068DA102A9008DA2021760E77C9F600246
S3150006982B80C0A9948DDB02A9188DDC0260EF7A0A3B
S3150006983BAD3002290FD00C9FB02F2F601CAD110433
S3150006984B8D58043F6B0C1F630967A8875937594C0C
S3150006985B01E18091A9008DEC99207F1F8F7A0A7FF3
S3150006986B7C0C8FAD0A8F7C9160077A202D1860AD24
S3150006987B0E02AE3B03E0B5D003AD0F0220D8177729
S3150006988B7CB219BA2097E480E0F21E060801605FE7
S3150006989B6E10576E200AFEA5B68540A5B7854120E4
S315000698AB94E42F8402574CA1B6C953D0034C581ACD
S315000698BBC954D0170F81090F86061F84034C511AFC
S315000698CBD2200906574CA76C4C511AC950D0110F0A
S315000698DB81061F84034C511A209F17D74C4C511ADD
S315000698EBC952D0034C511AC957F010C93AF00CC9D4
S315000698FB26D0034C45194C4E19803F3F8634B25C35
S3150006990B40B203414F8711AD6604CD6704D023479A
S3150006991B87F781202DE28003203FE2B27240B20325
S3150006992B41B27042B203437F81052030E2800320A9
S3150006993B33E220F1E4E77A4C9B162078E220B31744
S3150006994B20F1E4C92CD018AD1002F01020D817A9B7
S3150006995B478DDB02A91B8DDC0220F1E44C511AC99B
S3150006996B3CF0E4C93DF0E0C940D018B781B21F7C84
S3150006997B20FF2CA9508DDB02A91B8DDC0220F1E4FE
S3150006998B4C511AC921D01EAD1E02F016DF4C132000
S3150006999B7C31A9788DDB02A91B8DDC02AD04042074
S315000699ABF8E34C511AC95ED002976AC93BD020B26E
S315000699BB007A3759A5B68540A5B78541E640D0024C
S315000699CBE641A54085B8A54185B90763A75960C980
S315000699DB4AD0034C511AC94BD00CF28C024004D216
S315000699EB048C024C511AC90DD0202004E420F1E454
S315000699FB9003DF4C0FA9148DA102A9008DA20217A5
S31500069A0B601F60FD377AB2027B60C930900CC93A8B
S31500069A1BB01E38E93020C61A802C9FB003DF4C26C1
S31500069A2BC923D004A90B80EDC92AD01AA90A80E549
S31500069A3B9FB013DF4C10BF840DC9419009C945B0C1
S31500069A4B0538E93580CFE6B6D002E6B760DF6A039E
S31500069A5B4C6129A1B6C950D002D74CC954D002576E
S31500069A6B4CC953F00520511A80E920511AA1B6C9E3
S31500069A7B3DF006C920F0F3801820511AA1B6C9206D
S31500069A8BF0F7A5B68540A5B7854120A2E2C9049095
S31500069A9B02A900B29B42B20543201CE1B29B42B21D
S31500069AAB0543A54285B6A54385B7A1B6C90DF008EC
S31500069ABBD76EB244BDB759604C6129489FB070AF9B
S31500069ACB6C6DDF4C6A1F82678F81108781A201B18D
S31500069ADBB6C930901DC93AB01980549F8151A93227
S31500069AEB8DA102A9008DA20217601F60FDF20B065F
S31500069AFB80049781803968AF810EA781A9148DA53D
S31500069B0B02A9008DA60237603F601B2781209F178F
S31500069B1BD74CA5B6D002C6B7C6B6A5B6D002C6B73B
S31500069B2BC6B69781A76CA5B6D002C6B7C6B660876A
S31500069B3B8168AA20F4E49003209C30602F60058090
S31500069B4B00202D18607F6105B208BA801820661FA3
S31500069B5BBF8104202D18607F7C120F7C0FA9008D08
S31500069B6BEC99B207BA377A3781B2007B601F601958
S31500069B7B2004E4A9958DDB02A91B8DDC02A9148DA5
S31500069B8BA102A9008DA2021760601F6003202D1883
S31500069B9B603F7A034C271DEF6A08206A35B003200F
S31500069BAB72362F670F20150CBF6B04A9018002A90D
S31500069BBB028D1105A54F290C4A4AC903D00BA54F91
S31500069BCB2903D002A901204EE2A9FF8DBB02A900EB
S31500069BDB8DBC026761206A3590322066E22069E207
S31500069BEBC2404D02EF82051F6A2280039F6A1DD271
S31500069BFB404D02C2014A02C2024A02204BE2A902A8
S31500069C0B8DB702A9008DB8024761D776BF6B14AE26
S31500069C1B1B86F00F20CF34C917D005200B32A91798
S31500069C2B200A0DB77AB25A40B20341B25642B20374
S31500069C3B432033E2B24240B20341203FE2B21F7CDD
S31500069C4BA99C8DDB02A91B8DDC02B203BA20FF2C65
S31500069C5BAD1F868540A90A85442086E3A540206F5D
S31500069C6B202F6717B23240B200412042E2B22C4097
S31500069C7BB201412045E2AD2802802C6F6914B2551C
S31500069C8B40B200412042E2B29140B200412045E289
S31500069C9B8012B23C40B200412042E2B2C040B20052
S31500069CAB412045E2AD2702202B35BF6B032057E239
S31500069CBB206A35B03D37677768AD29022903C90196
S31500069CCBD008B767D20409068015C902D01120CF72
S31500069CDB34C904F008C903F004C905D002F7682095
S31500069CEB2AE2A23C2064E18540E82064E185412016
S31500069CFB36E24770676DA9058DA902A9008DAA02E2
S31500069D0B5760BF6B17AD1B86F012A9048D1C06A9EF
S31500069D1B837BAD18062904F0034CBE1D7F613D1FE0
S31500069D2B7A1BAD13048D5804A92C8D2E05AD3B035A
S31500069D3BC9B5F014C962F010B208BA800EA9168D11
S31500069D4B2602AD14048D5804B203BAA9008DEC99FC
S31500069D5B1F6B034CB522B2007B377A6020101E7F31
S31500069D6B710BFF60035F7C57F74C4CDF223F6B167C
S31500069D7BAD5E04D00E7F600EF74CCF630320E02E4C
S31500069D8B4CBF22FF60F25F7C363F6B034CBF22AFA4
S31500069D9B671520CF34C90CD0034CAB1DC901D013A4
S31500069DABF20B061019800CA90A8DA102A9008DA229
S31500069DBB02176020FF2C207236B2037B377A607F40
S31500069DCB7CFCDF7A349F7A31AD3B03C9B4D003AF43
S31500069DDB7A06AF7C030F7CE66F84035F4FE0AD120A
S31500069DEB048D5804A9008DEC99B207BAAD810424EB
S31500069DFB07F003B203BA4C611DAD15048D5804B2B8
S31500069E0B03BA4C561DFF7109AF6712EF690FEF8246
S31500069E1B059F6A0980031F6A04C767802DE21E0623
S31500069E2B08285F6025A9238F6B059F6B02A9198DE1
S31500069E3BA902A9008DAA025760D2200906A2102FE5
S31500069E4B6702A2118E10062048E2F26302082DD293
S31500069E5B08630220EAE2206A3590373FB1063FB225
S31500069E6B03201BE5F27402011320E7E2A9E18DE15B
S31500069E7B05A9E28DE20548D210550268206A35908F
S31500069E8B11F24D024005F20B064051F20B0620501D
S31500069E9B800FF20B060845E20B061005F20B064081
S31500069EAB3FBF6B14AD1B86F00FA9028D1C06A9834B
S31500069EBB7BAD18062908D0282F6705F20A0640201F
S31500069ECB4F8116CF700EC770A9028D9102A9008D10
S31500069EDB9202175F1F5F0247814C661FC208050673
S31500069EEB4770EF6D41CF8118C7816F6904A92D8025
S31500069EFB0C7F6804A9108005AD7C03F02C207C3101
S31500069F0B1F605820DBE2B005F23D02011C20CF3460
S31500069F1BC90BF004C909D011207236E76D38A9644E
S31500069F2BED7C03207C311F6031206A35901CF26371
S31500069F3B020417E263024006D2046302800C48C28F
S31500069F4B10550268DFA80320F6E22F6704A90980DD
S31500069F5B02A9078D1005D77C777C602087313F6772
S31500069F6B0AE20D060805777CD77C605F7C03777C57
S31500069F7B608FA906A57CC91FD02EA900857C8D638B
S31500069F8B048D65048D5E048D5F048D61048D6204FC
S31500069F9B8DCF008DD0008DD1003F6B080F8D053F01
S31500069FAB6302A9028D5D0460F20B068049AD63045C
S31500069FBBF051A9008DCC003F8118ADCF008544AD7D
S31500069FCBD0008545A545C901D004A544C9F4900220
S31500069FDB37813F8320CF7A031F7A1AADCF0085448C
S31500069FEBADD0008545A545C903D004A544C9209027
S31500069FFB04D77AF77C60AD6304D008A9008DCC0034
S3150006A00B4C8B20ADCC00A67BE001D00DCDF803B072
S3150006A01B08AD6304D0A14C8B20ADCF008542ADD0E5
S3150006A02B008543A9008DCF008DD0007F8408AE63D3
S3150006A03B04A5429DCB0320EF20AD6304F01BA900BC
S3150006A04B8D6304A57CF028EE6504AD6504CD9D03F2
S3150006A05B901DA9008D65048016A9048D63041F7CCB
S3150006A06B0DAD1E868DAD02A9008DAE027760607FA3
S3150006A07B7C59BF7C49CF7C461F7C51777C977A608F
S3150006A08BADCF008544ADD0008545A545C901D004A5
S3150006A09BA544C9F49005A77AF77C60EF7A126F6927
S3150006A0AB06A544C914B017A544CD0E049015800E0B
S3150006A0BBA545CD1004D005A544CD0F049005877A8A
S3150006A0CB07AD60A544C91E9002C77A60177A7F84CE
S3150006A0DB120F7C0FADCB034A89FDCDCF0390040738
S3150006A0EB7C777C60AC63048F850320DE21AD65042B
S3150006A0FBF00498892DA8B20047A9018D64045AA5C8
S3150006A10B47CD9C0390026860A543D99F03D005A54E
S3150006A11B42D99E039010C8C8A543D99F03D005A55F
S3150006A12B42D99E03904AA9FF4D6404257C857CA2E1
S3150006A13B00A547F00EC901F01AC902F01BC903F0B8
S3150006A14B1C801F3F6B080F8D053F630280038E5DD8
S3150006A15B0480748E5E04806F8E5F04806A8E610443
S3150006A16B80658E62048060A57C0D6404857C8057B1
S3150006A17BAD6304F0F2A57C2D6404F04BA547C9012B
S3150006A18B901EF026C902F02CC903F00AEE6204AD46
S3150006A19B620485468026EE6104AD61048546801C05
S3150006A1ABEE5D04AD5D0485468012EE5E04AD5E047F
S3150006A1BB85468008EE5F04AD5F048546C8C8A5468E
S3150006A1CBD99E039002F77C688909A80E6404E647B4
S3150006A1DB4C0921AD3B03C9B5D057A54048988540D8
S3150006A1EBA543D93E22D005A542D93D229010C8C813
S3150006A1FBA543D93E22D005A542D93D22900907ADE6
S3150006A20BA2008E60048024EE6004AD60048546A52C
S3150006A21B40C900D004C8C8C8C8C8C8A546D93D2277
S3150006A22B9009A2008E600487ADF77CA540A86885C9
S3150006A23B406009000D0009000D000C275EA9008D74
S3150006A24B859AAF670520463180034CBFE320DBE2D8
S3150006A25BB005F23D020105A90020EC0CF24E0204F4
S3150006A26B0320100CB77A9F6314375E975A20EA368B
S3150006A27B5767A9948DDB02A9E18DDC02608761A580
S3150006A28B7D290BC901D013AD1C02F00E8DAF02A9A9
S3150006A29B008DB002076127650766A9308DDB02A91B
S3150006A2AB248DDC026020B3E3800AA9018DDE00A9AA
S3150006A2BB488DDF003759377A0763A9D08DD900A9A0
S3150006A2CB2C8DDA003F6B0AA93A8DD900A9118DDAC6
S3150006A2DB008759601F6308B204BA2097E480673774
S3150006A2EB5BA9C28DFC02A9E38DFD02B75B475BA991
S3150006A2FBC58DFF02A9E38D0003C75BA54F290C4A43
S3150006A30B4AC902F004A9008008A54F2903D002A961
S3150006A31B01206223AD2802202B35209CE22099E2F0
S3150006A32B478EE78EA9008D5604D240080620960B5B
S3150006A33B578D9763200AFEB23C40B228412094E41F
S3150006A34B200AFE2097FA20E7F2673D3759377A0738
S3150006A35B6360A9004C4EE2A20C207DF84C4EE27FC0
S3150006A36B6113377AB2007BA9168D2602B203BAA9F8
S3150006A37B008DEC99601F5A0320DD02E20F06104E84
S3150006A38B20D2F8201A0ED004176580429F6511ADB0
S3150006A39B1102F00C8DA302A9008DA4022760976506
S3150006A3AB4F612B1F632820D70DC984D00C202C0E8A
S3150006A3BBC902D005A904200A0DA9158D26023F6CE4
S3150006A3CB0DAD1C028DB702A9008DB80247619F63BE
S3150006A3DB2DFF4C29A56B29304A4A4A4AF01FDF67DF
S3150006A3EB1C201D24B015F20C061010F20C06800B61
S3150006A3FBF20D0620065F61054CCA28D76760E24E4A
S3150006A40B020403208A368F8906B7894789778A4CD1
S3150006A41B3024A9018D1C06A9837BAD18062904D009
S3150006A42B02186038601F6E0160C2016C02F25002A0
S3150006A43B400DA9FF38EDBB028D0005D24050022018
S3150006A44B2736875FA54F290C4A4AC902F003205DBA
S3150006A45B23F24E02040320100CE24E020404D20130
S3150006A46B09063F8709FF670320222F4C2025FF4C41
S3150006A47B1CCF6B125F6B162026E3B223BA375937FE
S3150006A48B7A0763B7A860A92385BA2097E4F7670FFF
S3150006A49B64034C20258F893167897F4C1CAD940547
S3150006A4ABC906D01C48A9098D110568A9008D6F022E
S3150006A4BBE789A9108D3A028010AD9605C908F0E416
S3150006A4CBA57D290BD0034C202577674820222F68BC
S3150006A4DBC909D0308F892DEF892AFF6C14F26D02CC
S3150006A4EB020AA9228DD202A9E48DD302E7594C752D
S3150006A4FB260F7E079F7E19F767801A377AB2007B7F
S3150006A50BB203BA609F7109FF6606AD7604200AE1AF
S3150006A51B6759B246BBE27302400D20A90BE759D227
S3150006A52B081E06C24073027F672F20D62522209768
S3150006A53BE4322097FA8C720520E3F94FA10AAF4E47
S3150006A54B07208CF9B002800320DEF83F54060FAFC6
S3150006A55B037F4C03201BF9800320A3E4207526A555
S3150006A56B8929D90F890229C185890F89169789D712
S3150006A57B891F7103205635A9328DD202A9E38DD3D5
S3150006A58B02E7596F8932A58A29C00F8902294085A8
S3150006A59B8AA900858B858C8D38048D3904AD980573
S3150006A5ABF002D78CDF8C03205635C78BA9388DD294
S3150006A5BB02A9E38DD302E75920D70DC960D0042033
S3150006A5CB30E560C9A0D0032033E56020D70DC9A1BD
S3150006A5DBD00AF76CA916A004A200800CC9A4D00C4D
S3150006A5EBF76CA917A000A20485BA8026202C0EC9E3
S3150006A5FB00D002F76CA8B9362685BAC006B008C8CD
S3150006A60BC84898AA68800B489889FAA8B96A26A8F2
S3150006A61BAA686F80154FA10FA54F29704A4A4A4A59
S3150006A62BD005B26EBA8003B201BA600109050A0BF0
S3150006A63B0C0E0F0D3B103D3E3F405B54A5A6A7A83F
S3150006A64BA9AAABACADAEAFB0B1B4B5B6A5B7B8A704
S3150006A65BB9BAA9BBBCABBDBEADBFC0AFC1C2B10E0D
S3150006A66B0F0D1508161718191A1BAD4D048DBD02BD
S3150006A67BAD4E048DBE0277616F590EA91E8DBD02B6
S3150006A68BA9008DBE0277618023B763AD6F022903DE
S3150006A69BF012D2207002C2407002F26F022005A0A1
S3150006A6AB0120C1E4C2026D02C2046D022029FA37EB
S3150006A6BB59377A0763AD1206C9A1D00948C20805F0
S3150006A6CB06682093E2FF6A088F595020E7E0804B15
S3150006A6DB27648F6446FF67431F551247782F780208
S3150006A6EBE778EF780520DEF8800320F9F82F551466
S3150006A6FBA913AF7809A778EF78042778A911204212
S3150006A70BFAAF5504277847789F550767785F78021F
S3150006A71B5778CF7806DF78032011FA6F59033F87F0
S3150006A72B19EF5908E20806800320822E175BA987C4
S3150006A73B8DF602A9088DF702975BA9008D4B048D42
S3150006A74B4C048D49048D4A04FF6A0E5759A9448D4C
S3150006A75BCC02A9E38DCD02D759776ABF8702C7B458
S3150006A76BB7874C502DA9FF8DBB02A9008DBC02677E
S3150006A77B61175EE28402010648C2010906687F710B
S3150006A78B0DA9008D0902774C20E02E4CDF223F6B7C
S3150006A79B0DA9008D0902774C20E02E4CBF22A9008D
S3150006A7AB8D2602A9008DDE003F7A034C4C28C20487
S3150006A7BB0906C2010906B77AA9708DDB02A9278D90
S3150006A7CBDC02876320790B20720B774C2057304FB0
S3150006A7DB631120D9E19009200E0E20150E2013E4E5
S3150006A7EB4C7E28205D23AD0902D00F20922ECF6317
S3150006A7FB1BA9008D5804B2007B60A9008D0902AD1A
S3150006A80B1804F0054F60FD5763208D2EA54F290CB6
S3150006A81B4A4AF00BA54F2903D002A901206223B29F
S3150006A82B03BAA214AF670CA56B29304A4A4A4AF0FB
S3150006A83B02A2288A8DA302A9008DA4022760200EE8
S3150006A84B29AF6729A56B29304A4A4A4AF01FE20BFC
S3150006A85B064018EF9010E790A9018DA902A9008D65
S3150006A86BAA0257608007DF605680026790AF6003C7
S3150006A87B4C0428AD81042902D02AF274020125F272
S3150006A88B63020820D208630220EAE2206A35901496
S3150006A89B20E7E2A9E48DE105A9E28DE20548D2108F
S3150006A8AB55026860AF670F20FF2CA9148DB902A954
S3150006A8BB008DBA025761B200BDB2037B377A60B21E
S3150006A8CB21BA2097E4A90A8D1005C201090620159F
S3150006A8DB0C20790BA909200A0DC2800906A902CFFD
S3150006A8EB6B02A90148A9F0256B856B68056B856B11
S3150006A8FBA767FF660CA55529078D7604A906200AB8
S3150006A90BE180B32024E2679060A5BDD00A8F870647
S3150006A91B7F610320612960377A60E781878720FF8D
S3150006A92B2C20E02E206C0B2072364F6326A54F2962
S3150006A93B0C4A4AF008A54F2903D002A90120622327
S3150006A94BA759B77A075AA9148DDB02A9298DDC02FA
S3150006A95B875A604C97E457AF17AFA9008D2F03A9FB
S3150006A96B008DEC998DEB99A5BAC906F008C907D0E7
S3150006A97B0EA9038007A92F8D2E05A9018D1005207B
S3150006A98B5D23A201207DF88F590320E2E0A9480F2B
S3150006A99B59098DDF000F590320BF026F591B8F898B
S3150006A9AB18EF89159F6C0F8D9486976C200EFAAD52
S3150006A9BB1202C9FFF0016067599F7109FF6606AD62
S3150006A9CB7604200AE10F890C2F8909FF6606ADE38B
S3150006A9DB05200AE1200EFA9F63034C3E2AFF6728E1
S3150006A9EB8F6425207AE3207DE39F6710AF640DA75E
S3150006A9FB781F6B08A5552907C904B003202CE3203D
S3150006AA0BDEF82011FA8F78FD2037581F6325AF67BE
S3150006AA1B22DF691F201A0EF01A2019FA200EFA20C9
S3150006AA2BF40BA90A8DB702A9008DB802476120A8B7
S3150006AA3B0C9000207AE3207DE357884788203E2E2C
S3150006AA4B2F00FDA90320D30C4F631FEF81098F83BC
S3150006AA5B067F4C032002E36781AD1904D002A901D8
S3150006AA6B8DB702A9008DB8024761076D270A0787BE
S3150006AA7B0FB00537B020E8E420000E20090E203D66
S3150006AA8B36C2010906A2032082F82001E4A9004872
S3150006AA9BA9C025A785A76805A785A7CF6308A9001B
S3150006AAAB8D1C862010E420B1E2776C377A2047E3BB
S3150006AABBF24F020104C2015002A9008D1A86975E57
S3150006AACBC2017402C2807402A9E18DE105A9E28D69
S3150006AADBE205C20863027770C2086402E2640210DA
S3150006AAEB060789177177A507633763776717633782
S3150006AAFB8757764767176A177A176527645769174D
S3150006AB0B6C37A8C2405002B21F7C20852C5759A918
S3150006AB1B4D8DCC02A9E38DCD02D759175A475BA9A2
S3150006AB2B648DFF02A90A8D0003C75B375BA9318DBE
S3150006AB3BFC02A90A8DFD02B75B575BE75C205BE45B
S3150006AB4B5766202736BF6B0320873567B220343608
S3150006AB5B0FB10FBFB4061FB103CFB1032040E420DC
S3150006AB6B43E4206DE1AD6F022903F00AE26F022082
S3150006AB7B05A00020C1E4A9008DE0858DE1858DE257
S3150006AB8B858DE3858DE4858DE5858DE6858D700250
S3150006AB9B9F4E03AF65071F6704A759800ECFA10308
S3150006ABAB20E7F227592097E420E7F21767676A77BB
S3150006ABBB6A376A67900781C2104D02176E076E07D2
S3150006ABCB741774575AC2014E02C2024E02C2044E83
S3150006ABDB02C2084E02C2104E02C2204E02C2404E9E
S3150006ABEB02C2804E0267777777375EAD6B02290313
S3150006ABFB8D6B02D2016C02C2407302275EAD6D02EB
S3150006AC0B29018D6D02A900857785788D94868D85AC
S3150006AC1B9A8D7F048D80048D4B048D4C048D4904CF
S3150006AC2B8D4A0485812058E1207AE3207DE3375946
S3150006AC3B2070E1900B2073E12070E1B003200FE545
S3150006AC4BAD7204F00320AE56A5892981858920C1EC
S3150006AC5BE0A200B2E940B206412022E148A9C0258E
S3150006AC6BA785A76805A785A7B2771F20A6E037B2E3
S3150006AC7B7F54062055E14CFEE0605F4E032021F91A
S3150006AC8B6F4E0320D8F84CDEF81F630E3FA8053728
S3150006AC9BA84C9824B2037BF76A606F6A034CF92CAF
S3150006ACABFF4C034CF12C8763206C0B2072364F82BC
S3150006ACBB034F073ACF631620A72EA54F290C4A4AF0
S3150006ACCBF008A54F2903D002A90120622320FF2CE9
S3150006ACDBA00220D9E1900C2013E4F2840201028033
S3150006ACEB02A003847B60B241BD377A076360B20468
S3150006ACFBBA4C6129AD0F028DBD02A9008DBE027736
S3150006AD0B61A58129404A4A4A4A4A4AC901F00CAD0D
S3150006AD1BEB99C905F005A9028DEC9960375920F117
S3150006AD2BF320D6252097E420880E20EF0BB7631762
S3150006AD3B5BA9878DF602A9088DF702975B20502D26
S3150006AD4BC7B4A70A608F64203F631DAD740529033C
S3150006AD5BC902F005AD74058002A9030878673A8522
S3150006AD6B3BB2C03A203EFA28AF6709EF59468F64C5
S3150006AD7B22FF6717203E2EA2012082F820880EF2AC
S3150006AD8B0C0602F89F710320EF0B6020F40B20C80C
S3150006AD9B2D800920960B209F0B200EFA48C24008E1
S3150006ADAB066820F40B2097FA370A4739375CA9034E
S3150006ADBB2070F960C2080606A9034CEC0EC2800881
S3150006ADCB06D2080606AD740548290320EC0E68481C
S3150006ADDB2908F00D682910F004A900800BA902803A
S3150006ADEB0768C2080606A90020FD0EC24008062003
S3150006ADFBE256202A2ED2400606A9028D9B02A900F0
S3150006AE0B8D9C02675F6F5FFDD2800806A9028D9B3C
S3150006AE1B02A9008D9C02675FAD00066F5FFA60A9FB
S3150006AE2B898D1C06A9807BAD180629F78D1806A9F0
S3150006AE3BA07B60F26D02023EEF593BD2400806E25A
S3150006AE4B5102101DEF591AAD1206A8A9CC8D120682
S3150006AE5B4F631720822EA2012082F8988D12068048
S3150006AE6B094F63068F4D0320822E8F6404A900803B
S3150006AE7B02A9022070F96020960BA2012082F84CDB
S3150006AE8B9B0B20AC2E805720AC2E4F8251DFA84E43
S3150006AE9BCF074BB204BAB2007B377A6020AC2E8052
S3150006AEAB3DCF6330A2053F6B07AD3502D002A2013B
S3150006AEBBAD8105290185472901C900D0F38A8DA3E2
S3150006AECB02A9008DA4022760AD81052901C547D0CD
S3150006AEDBDF2F60F46020AC2E4F8203CF07B5200D13
S3150006AEEBE1A9008DE8853F6B08CF6305A9018D1C8B
S3150006AEFB862008E3D09DC763205D232707770120AD
S3150006AF0BFBE30F640320F9F857592042F9A20520F3
S3150006AF1B7DF8A707F701604F540A0FAF07FF4C04DE
S3150006AF2B9FAF01607FA501602F8076F251021065F7
S3150006AF3BF25102045CF251020253AF714CEF6B45B0
S3150006AF4B20D70DC9A1F03AC9A4F036C982F02EC98D
S3150006AF5B84F02AC951F022C952F01EC9A8F016C9A7
S3150006AF6BA0F012C962F00AC960F0028034A9868085
S3150006AF7B2BA9878027A9888023A989801FA98A8060
S3150006AF8B1BA98B8017A98C8013A98D800FA98E8080
S3150006AF9B0BA9908007A9916FB202A99285BA209741
S3150006AFABE420D70DC9A1D00FF76CB22DBAE25C021D
S3150006AFBB2048B22EBA8043C9A4D00FF76CB22CBA6E
S3150006AFCBE25C022035B227BA803020200EC900D0AB
S3150006AFDB02F76CE25102020F20BB4F8AF25C02208B
S3150006AFEB148D2887988008F25C0220098D288748DD
S3150006AFFBD2045C026820133085BA2F80062097E4AC
S3150006B00B2097FAC2045C0260A8B91A3085BA602882
S3150006B01B2A2E2F30323334312F3032333431353604
S3150006B02B3738393A4E4F969798999A9B9C9D9E9F81
S3150006B03BA0A1A2C3C4C596C6C798C8C99ACACB9CB3
S3150006B04BCCCD9ECECFA0D0D1A238D4D5AF6714F235
S3150006B05B4E02040FA9030F640CA55129304A4A4A1E
S3150006B06B4A8002A90020D30C4CE2567E30883092D9
S3150006B07B307E300A0102030405060708090A090889
S3150006B08B0706050403020101020304050607080960
S3150006B09B0ADF4C098D1006200E0E4C150EAAADFEB8
S3150006B0AB0329030AA8B976308540B977308541B1AD
S3150006B0BB40AAADFB0349FF8DCC0027077701AD05EB
S3150006B0CB0420F8E3ADCC00D0FBA943BF5202A93D41
S3150006B0DB186DFA034F52014A49FF8DCC00AD040495
S3150006B0EB20F8E3ADCC00D0FBA921BF5202A9271845
S3150006B0FB6DF9034F52014A49FF8DCC00AD0304206F
S3150006B10BF8E3CAF008ADCC00D0FB4CD430AD000446
S3150006B11B20F8E3ADFC0349FF8DCC00ADCC00D0FB8C
S3150006B12BAD060420F8E3A707F701ADFD038D8F02E5
S3150006B13BA9008D9002075F0F5FFD60FF4C2F7F6C9A
S3150006B14B04A900F0252F8304A902D00AA55029C00D
S3150006B15B4A4A4A4A4A4A480A0A0A0A0A0A48A93F68
S3150006B16B2550855068055085506820EC0C60A9FF64
S3150006B17B608DA102A9008DA202176060BF6B63F2F8
S3150006B18B4E02041520DBE2B005F23D020154AD5D1D
S3150006B19B9AC900F004C903D0494F67032027E2205A
S3150006B1AB9CE22099E2F20B068023AD0B0629E04AB8
S3150006B1BB4A4A4A4A482901D009684F67102902D0DC
S3150006B1CB096068AD5D9AC900D003D77C60206A35E5
S3150006B1DB90072066E22069E260B2B740B22B4120A7
S3150006B1EB8A2C60A9038D1C06A9C87BAD180629EF08
S3150006B1FB8D1806A9E87B600104050C090B170003DD
S3150006B20BBF6B2CAD1B86F027E20906100C200E0E23
S3150006B21BAD1B8629E0090480113F6909AD1B8629FA
S3150006B22BE009028005AD1B8629E08D4402802F209E
S3150006B23BD6E1901BF2740201037F691DE209061023
S3150006B24B0EAD1206C9AAF011A9C48D4402800F3F92
S3150006B25B6907A9C28D44028005A9C08D4402D2088E
S3150006B26B4402A9008D46028D47028D4802AD3A026D
S3150006B27BC902902FC903900648D240460268C904F4
S3150006B28B9004D2014702D20247022F520AD24048F5
S3150006B29B02D2044E028008C2044E02C2404802D2B3
S3150006B2AB044802D280480220CCE2AD5D9AC90BF067
S3150006B2BB42C938F03EC90CF03AC90DF03648C240C1
S3150006B2CB460268C90AF02CC909F02848C20147028A
S3150006B2DB68C902F01EC901F01A48C202470268C9BC
S3150006B2EB03F01048C204480268C900F00648C2803B
S3150006B2FB480268F24F0201071FB004C240460220FD
S3150006B30B5E3320113360AD440220D433900209100C
S3150006B31B8D1806A9048D1C06A9A37BAD46028D18AE
S3150006B32B06A9068D1C06A9A37BAD47028D1806A991
S3150006B33B078D1C06A9A37BAD48028D1806A9088D99
S3150006B34B1C06A9A37BA9FF8D1806A92A8D1C06A97F
S3150006B35BA37B60AD3A02AA20D433900E8A89C38D9D
S3150006B36B1806A9A28D1C06A9A67B8AE003B00EA910
S3150006B37B528D1806A90C8D1C06A9A3804AC91190D5
S3150006B38B04A9CE800289BE8D1806A9098D1C06A9AD
S3150006B39BA37BE008900EA94C8D1806A9158D1C06E5
S3150006B3ABA9A38023E004900EBD24348D1806A90BA1
S3150006B3BB8D1C06A9A37BA9A47F4C02A9A18D1806F1
S3150006B3CBA9128D1C06A9A37B6048AD5D9AC938F0F8
S3150006B3DB0BC90CF007C90DF003188001386860A27B
S3150006B3EB00DDFC33F006E8E8E02AD0F5E8BDFC33D1
S3150006B3FB601E921F922092219222922392249325CB
S3150006B40B9426942795289629962A972B982C982D29
S3150006B41B992E9A2F9A309B319C329C339D71787458
S3150006B42B722035342061344C7E34AD3E02D00AADE3
S3150006B43B3F02D005A9018D3E02AD3E028D1806A927
S3150006B44B828D1C06A9A37BAD3F028D1806A9838D9B
S3150006B45B1C06A9A37B60AD40028D1806A9168D1C8A
S3150006B46B06A9A17BAD41028D1806A9178D1C06A947
S3150006B47BA17B60AD42028D1806A9C08D1C06A9A23A
S3150006B48B7BA9C28D1C06A9A27BA9C48D1C06A9A2E3
S3150006B49B7BA9C68D1C06A9A27BAD43028D1806A9F0
S3150006B4ABC18D1C06A9A27BA9C38D1C06A9A27BA9C5
S3150006B4BBC58D1C06A9A27BA9C78D1C06A9A27B60F6
S3150006B4CB01010405C2015002E24F020104D20150EA
S3150006B4DB021FB004D201500220C9E2202C3420DB15
S3150006B4EBE2B01AE23D020115AE3A02E20906100473
S3150006B4FBE0048002E003B022BDCB348022AD3602D7
S3150006B50BB20240B23241C909B010AAB140C90CD039
S3150006B51B05FF4C0BA90DC917D005200B32A91760D1
S3150006B52B48AD81042901F00668AD8C04801A6820A3
S3150006B53B41E3E250020106AD4F02293E4AF24F02A3
S3150006B54B01061FB003ADCC864C63E2A9B38D1C0670
S3150006B55BA9807BAD180609408D1806A9A07B60E26B
S3150006B56B62020116AF6713AD5D9AC900F00CAD1BEF
S3150006B57B86D007F25202400238601860C240520269
S3150006B58BA9048D739A207CE14C9635CF4B40A000CF
S3150006B59BA2F8B20647A9812007E4A000A2F4B206D8
S3150006B5AB47A9822007E4A000A2F0B20647A983208A
S3150006B5BB07E4A000A2ECB20647A9842007E4A9A0DB
S3150006B5CB8D1C06A9867B09088D1806A9A67BA9FDDF
S3150006B5DB8D1C06A98A7BC933D01CAD1906C933D077
S3150006B5EB15A9D48D1C06A9807B29FB8D1806A9A047
S3150006B5FB7B20B00E80D8A9FA8D1C06A9867BA912CC
S3150006B60B8D1806A9A67BE23D020210A9FD8D1C0626
S3150006B61BA9867BA9158D1806A9A67B60AD2B0229D3
S3150006B62B10F005A90220F8E060A7B157B157B2474B
S3150006B63BB1603FB1104FB114EFB203BFB207AD12F3
S3150006B64B06C9E0B0088F750237B247B160AD260260
S3150006B65BC904B0099FB203AFB3EB4C1AE3C90CF09E
S3150006B66BF3C910F0EF80DE20150CA98120880D207A
S3150006B67BB00EA90449FF8DCC00ADCC00D0FB60778C
S3150006B68B7867777777C2204E02C2404E02C2804E4B
S3150006B69B0220E9E3A20A2082F8A9A48D1206D20497
S3150006B6AB1106D2040906D2010906D2400206D208B1
S3150006B6BB0506D2800806D2400806D2100F06A90345
S3150006B6CB48A9FC2D06068D0606680D06068D06068A
S3140006B6DBC2200206C2200206C28007064CB00E27
S3150006B6EAFF68034C8037A9788D9D02A9008D9E02B4
S3150006B6FA775F20CF34C905F00A8D7804A9522088C7
S3150006B70A0D8003200A0DD2400806C2040906D24055
S3150006B71A0906D208090620110FA92D8DDE02A937B8
S3150006B72A8DDF02205C37AD7804C903D004D204093A
S3150006B73A06A9468DDE02A9378DDF0260A9518DDE7E
S3150006B74A02A9378DDF0260205C37E20F0620F74C26
S3150006B75A583BA94A8D1C06A9808D1D06F21D068030
S3150006B76AFBAD1806F00FA9018D1806A9A08D1D06B0
S3150006B77AF21D0680FB60A9FF8D7F048D8004C20434
S3150006B78A5302C2025302AD5D9AC90CF02C7FB22D42
S3150006B79AC90DD0293FB103BFB21FA96B8D1C06A9D5
S3150006B7AA807B090229EF0FB20AE26D0202031FB273
S3150006B7BA0209108D1806A9A07BD202530220960BFF
S3150006B7CA20FF3C20B13D20604520DBE2B026E23D63
S3150006B7DA020121E209061007AE3A02E00490152094
S3150006B7EA790BD2081506D2011506E2530202032080
S3150006B7FA6E51800BD2040906C2081506206E512020
S3150006B80ACF344820094FA9048D1C06A9837B09084B
S3150006B81A8D1806A9A37BF26D020205A97620880D64
S3150006B82A3FB1103FB20DF26D020205ADE904D0032F
S3150006B83A209B5368200A0DAD2702202B35C20149E3
S3150006B84A02AD12068D7804C9AA8D9804D041D20192
S3150006B85A4902A9058D1C06A9837BA57D290BC9095B
S3150006B86AD018A57F3014AD1806291EE25002010229
S3150006B87A090409218D1806A9A37BE250020110A91B
S3150006B88A048D1C06A9837B09108D1806A9A37BAD10
S3150006B89A5D9AC90AD012F23D02010DA9358D18061E
S3150006B8AAA9008D1C06A9A27B20375320110FE24F49
S3150006B8BA028016A2052082F8A000A200B20947A9AC
S3150006B8CA712007E4A9897BD0EF207847C2081F06AC
S3150006B8DAA70A17B4A9008D719A8D639A8DA5048D48
S3150006B8EAA6048DA704C2104C02C2014C02C2024C1F
S3150006B8FA02F26D020208C2204C02C2104A02C28035
S3150006B90A8002C2024B02C21080022774377427715C
S3150006B91A676BC2025102C2045102C210510217B221
S3150006B92A77B1C2204902A75FB75FC2044B02A96470
S3150006B93A8D3402C2085102C2804F02C2104902C29F
S3150006B94A044A02C2024D022059E3C2024E02C2103C
S3150006B95A4E02C2014E02C2084E02A9038D959AC22A
S3150006B96A044D02A9008D74868D949A8D939AC28087
S3150006B97A5102D2104D02202BE42075E2A99D8DDED6
S3150006B98A02A9398DDF0260E20F0610066F4E034CD6
S3150006B99AD2F860204754F24C021007D2104C022005
S3150006B9AADB4F202050F24E02020DE248024008E220
S3150006B9BA090610032014E3205853B034AD1606E2DE
S3150006B9CA09061009C902902820F33D800AC9039080
S3150006B9DA1F2F52032017E3E24A021005F253020208
S3150006B9EA0F204D4F900AAD1206C9AAD00320A542CA
S3150006B9FA20954D207145AD1206C9AAD021AD8104FE
S3150006BA0A2901D00EAD81042902D007AD8104290485
S3150006BA1AF00320C548F26D02020320A33A60D20853
S3150006BA2A05063FB1113FB20E2FB10B20DEE2AD0974
S3150006BA3A0509088D0905E24E0208029763E24902DC
S3150006BA4A010F20F24F20C9E2202C3420494320C296
S3150006BA5A3DB75EAD120629F0C9C0F028C990F02492
S3150006BA6AF253020413C970F002375EA9A38DDE02E9
S3150006BA7AA93A8DDF024CA33AA99B8DDE02A93A8D15
S3150006BA8ADF02800D201EE5A99B8DDE02A93A8DDF0F
S3150006BA9A0220BF4BA2022082F8AD1206C9AAF026D8
S3150006BAAA4820C05268F215060825E2090604202926
S3150006BABAF0C970D011E25002010320183EAD3A02CF
S3150006BACAC904B00B8006C2011A06800320A03CF2FE
S3150006BADA490220212F741EE20C060119A000A200B3
S3150006BAEAB20247A9442007E42081E2D22049027F0E
S3150006BAFA4C0320D93CAD12068D78048D9804AD12F6
S3150006BB0A06C9A4F005E20B060804C2080506209132
S3150006BB1A39F20F06800160AFB11A9FB208AD170651
S3150006BB2AC967B0016020DEE2D2400806AD090509FA
S3150006BB3A048D0905A9488DDE02A93B8DDF02F20F9F
S3150006BB4A06200BAD1206C9C0D0034C163C6020AEC1
S3150006BB5A5367B1476920594D202549201349C240E2
S3150006BB6A520220650C900FD20251022081E220EC85
S3150006BB7A3C208542802220380C901DE76BAF710C5B
S3150006BB8AAD3A02C9069005A9068D3A02202C0E2060
S3150006BB9ACFE220D5E2207E3420E349205B3CE27DD3
S3150006BBAA020804A9088007E255024005A9048D1170
S3150006BBBA05C2804902201F51202A3C90034C163C96
S3150006BBCA8761A57D290BC901D013AD1C02F00E8D1E
S3150006BBDAAF02A9008DB002076127650766C201157D
S3150006BBEA069763D2800906EF592120200EC904B0AA
S3150006BBFA0EA91E49FF8DCC00ADCC00D0FB80016094
S3150006BC0A20880EF20C0602F8207DE36020E745A995
S3150006BC1A048D739A207CE1B248BDA9128D2602606C
S3150006BC2A20DBE2B011E23D02010C5F8307AD120684
S3150006BC3AC9A4F019801920650CB014202C0E20CF41
S3150006BC4AE2CD3A02F002B005CD3B02B002386018E0
S3150006BC5A60AD120629F0C970D022A9008D1806A968
S3150006BC6A308D1906E25002010AA9FF8D1806A97F28
S3150006BC7A8D1906A9168D1C06A9AA7B60C9C0D011FC
S3150006BC8AE25002010CA008A200B20A47A90520073B
S3150006BC9AE460A0A08284C2010906A20A2082F8AD3F
S3150006BCAA3A02C904B014AABD9C3C8D120620B00EEF
S3150006BCBAC2081506D20409068010A9768D12062030
S3150006BCCAB00ED2081506C2040906D201090660ADE7
S3150006BCDA7F042D42028D7F04AD80042D43028D809A
S3150006BCEA0460AD7F042D3E028D7F04AD80042D3F90
S3150006BCFA028D800460A93F8D1C06A9817BE22D026E
S3150006BD0A0823FF67208F641DA57D290BF017A55109
S3150006BD1A29304A4A4A4AC902F00BC901F007AD1840
S3150006BD2A0609408005AD180629BF8D1806A9A17B06
S3150006BD3A60B28440B23D41A9E38D1C06A9827BF016
S3150006BD4A16C902F00CC903D030B2A240B23D4180F0
S3150006BD5A06B29340B23D41A000A1408D18069889C5
S3150006BD6AB08D1C06A9A37B18A54069018540A54185
S3150006BD7A69008541C8C00FD0E060200C070302019E
S3150006BD8A0035040100000000002010070402010025
S3150006BD9AA0400C010000000020160D08040302014B
S3150006BDAA00500A01000000A9A58D1C06A9837B0975
S3150006BDBA138D1806A9A37B602FB12D9FB005E24FF6
S3150006BDCA02010CC2080506AD4F02293E4A80162014
S3150006BDDA0D3EF014C2080506D2015002C28055026B
S3150006BDEA202D46A90F2063E260F24C020214D20203
S3150006BDFA4C02200D3EF00BAD180629FD8D1806A934
S3150006BE0AA37B60A9038D1C06A9837B290260A20A65
S3150006BE1A2082F8AD120629F0C970D0034C693E6035
S3150006BE2AE25002011CA9D08D1C06A98A7BC92FF0ED
S3150006BE3A10AD120629F0C970F008AD1706C940F00A
S3150006BE4A1B60F20C068015F20C061010F20C064060
S3150006BE5A0BF20C062006F20C060801604C693E9F98
S3150006BE6AB028A000A204B20B47A9472007E4AF6789
S3150006BE7A09AD120629F0C970D008B2E540B23E41AC
S3150006BE8A802EB2F140B23E418026A000A205B20B30
S3150006BE9A47A9472007E4AF67E1AD120629F0C9703C
S3150006BEAAD008B2E540B23E418006B2F140B23E4102
S3150006BEBAA000A201B1408547A1408546A90A854543
S3150006BECAB9FD3E8544200AE418A54069028540A5BF
S3150006BEDA4169008541C8C006D0DA600078000000CC
S3150006BEEA00000000000000004000000000000000FC
S3150006BEFA000000D0D1D2D3D4D5F25302041DF209DA
S3150006BF0A061018AD160629F0C920F0016020BA46B1
S3150006BF1A2920D00720B00ED204080560AD160629D8
S3150006BF2AF0C920D025D2804F02A9528D1C06A980B7
S3150006BF3A7B29DF8D1806A9A07BA9008D1806A9AD4F
S3150006BF4A8D1C06A9A27BD201080560F253020431AA
S3150006BF5AE20906102CAD1606C920F00AC922F00611
S3150006BF6AC923F002801BA9FC8D1806A93C8D1C065E
S3150006BF7AA9A17B20BA462920D00720B00ED20408EA
S3150006BF8A0560205853B048AD1706F25102203AC941
S3150006BF9A22903CC92B9004C9829034A91B8D1C0693
S3150006BFAAA9817B2920D02820D5462905C904D01F70
S3150006BFBAD2205102F209061010A9018D1C06A98182
S3150006BFCA7B29DF8D1806A9A17BC967D00380056080
S3150006BFDAC987D0FBF251028045C2205102B20040FF
S3150006BFEAA9E58D1C06A9827B290FC90BF007C90C80
S3150006BFFAD02CB20440AD9904C906B022C903901ED4
S3150006C00AE9030A6440AABD29408D1806BD2A408D51
S3150006C01A1906A9408D1C06A9A87BD2100805605FD9
S3150006C02A04C802F205FF034D05F24D0220132058F5
S3150006C03A53B00EAD1706C965B008AD1606C965B082
S3150006C04A0160207942F253020405E25102800F4842
S3150006C05AD2204D0268C904F05BC906D04760A2FE23
S3150006C06AE8E8AD9904DDCD40F007BDCD40C9FFD05D
S3150006C07AEFE8A9E48D1C06A9827BAD1906C90390C9
S3150006C08A0BAD1806C9039004D2204D02AD1906292E
S3150006C09A0FF022DDCD40B00CAD1806290FF016DDDD
S3150006C0AACD409010A9048D739A207CE1B248BDA9A9
S3150006C0BA128D260260A9FF8D1806A9538D1C06A99C
S3150006C0CAA07B600510040E030D020CFF0A205853C6
S3150006C0DAB020C92A901CC930B018A91D8D1C06A9FC
S3150006C0EA817B2980F00CA9268D1806A9A17BD20880
S3150006C0FA080560F24B02400CF24C02403DAD1706AB
S3150006C10AC963F00160E251028057A07FA200B20A13
S3150006C11A47A9062007E4A001A280B20B47A9062072
S3150006C12A07E4A98D8D1C06A9827B2920F004D20470
S3150006C13A4A02C2011506D2404C02A94D8D1C06A911
S3150006C14A807BC902D0BE20A450E25102805A2096AC
S3150006C15A54204F49B0AE204A47B0A92016484C3457
S3150006C16A42A99A8D1C06A9837BC905B005D2404BFE
S3150006C17A0260207942C90490F4AD3F02293FD007EE
S3150006C18AAD3E0229F0F0E6A078A200B20A47A9292E
S3150006C19A2007E4A07FA200B20B47A9292007E4C21A
S3150006C1AA011506D2404C0260AD9904C904F004A2F0
S3150006C1BA188002A2FDE8E8E8ADA704DD404290F53C
S3150006C1CAF003E88009E8ADA604DD404290E8E8BD3A
S3150006C1DA4042C90DD020AD9904C905F004A90D80BF
S3150006C1EA15A9238D1C06A9817BAD19062980F0049B
S3150006C1FAA90E8002A90DA8C2084902AD9405C90668
S3150006C20AF00DAD9605C908F006A5892941F005D2AD
S3150006C21A08490288CF4B125A2051E27AC925900953
S3150006C22A98C90D9005A90C8001988D1806A9E48D62
S3150006C23A1C06A9A27B60073A0504B00602EE0701A8
S3150006C24AC20801090900750A00380B001A0C000013
S3150006C25A0D070805047E0602DB0701F4080125090F
S3150006C26A00AF0A00600B00400C00250D00000EA95F
S3150006C27AE38D1C06A9827B8D990460F25102041A83
S3150006C28A8F74179F7414F20E06200FA000A20FB21F
S3150006C29A0A47A9542007E4A9AB7B60F24C02014B74
S3150006C2AAD2014C0220D9E1900DAD8E02C904F001E5
S3150006C2BA60F27D020835AD5D9AC90CF008C90DF023
S3150006C2CA04C938D026E263020411E26202020CA904
S3150006C2DA208D180620C346D2100906A9068D1C0605
S3150006C2EAA9847B09018D1806A9A47B60F24B020272
S3150006C2FA4D205853B048C9219044D2024B02AD2B61
S3150006C30A022920F007A90F8D18068027A54929F0C4
S3150006C31A4A4A4A4AF26302041A4820D5462902F0CC
S3150006C32A0FA9B48D1C06A9867B2910D0036880033B
S3150006C33A6889038D1806A9A98D1C06A9A67B60AD70
S3150006C34A120629F0C990F00EF2530204082067472E
S3150006C35AA20020814860AD2B022908F0F84C6747EF
S3150006C36AF24D028019AD1706C9409012C947B00E9A
S3150006C37AD2804D02207B46D2080106203B3D60AD9F
S3150006C38A170629F0C930F006C940F002801BF24C9E
S3150006C39A028016D2804C02F251024006D24051025F
S3150006C3AA8004C2405102206747AD170629F0C92004
S3150006C3BAD009AD160629F0C920F0034C8044E24C92
S3150006C3CA02805F67B1AFB112E7B120DEE2BFB40AF7
S3150006C3DA37B2AD090509018D0905201EE5C2804C4D
S3150006C3EA02C2804F02EE0105D2044D02EFB163E2A4
S3150006C3FA51024030E253020459F26B020454ADCBA1
S3150006C40A04AECC04C964F00EC966F010C961D01927
S3150006C41AE061F03E8013E062F038800DE063F032A8
S3150006C42A8007803EA905207F51208447C20453020D
S3150006C43AA9FF8D1806A97F8D1906A9FB8D1C06A9C3
S3150006C44AAA7BA9008D18068D1906A9FB8D1C06A9B5
S3150006C45AAB7BC2805102AD3802CD3702F004D20157
S3150006C46A1506C2014D02C2404B02C2404C02C22008
S3150006C47A4D02C2804D0260205B502020504CDC4A99
S3150006C48AAD160629F0C920F016AD170629F0C920F9
S3150006C49AF00DC980D032AD1706C985B02B8025D2D4
S3150006C4AA104D02EF6A1EBF631BF251021007F251C4
S3150006C4BA020402800FD2804C02C24051027FB104A6
S3150006C4CAC2804C02C210490260205853B022AD17E8
S3150006C4DA06C944B00FC9289017E26B028012D20227
S3150006C4EA6C02800DC960D004C2806B02C2026C025D
S3150006C4FA60A000A200B20D47A9C02007E4A000A2C8
S3150006C50A00B20E47A9C02007E4A000A200B20F4750
S3150006C51AA9C02007E4A000A200B20C47A9C12007B9
S3150006C52AE4A000A200B20D47A9C12007E4A000A212
S3150006C53A00B20E47A9C12007E4A000A200B20F471F
S3150006C54AA9C12007E4A000A200B20F47A9C4200782
S3150006C55AE4C2806B0260A9FB8D1C06A9827B098050
S3150006C56A8D1806A9A27B602FB172F24B02046DF2F0
S3150006C57A510208135F7C65A9C88D9B02A9008D9C8A
S3150006C58A02675FD2085102E2090610506F5F23D28C
S3150006C59A044B02F215060844E20906043FAD1206E2
S3150006C5AAC9AAD038A9028D1C06A9837B2908D02CCC
S3150006C5BA8009AD120629F0C940D021D2044B02D20F
S3150006C5CA081506C2040906A9768D120620B00EA912
S3150006C5DA018D1806A9EC8D1C06A9A27B60A97020F6
S3150006C5EA380CB010A990F251020409A9E0F25102D8
S3150006C5FA1002A9C08D120620E30DAD1206C9C0F0B7
S3150006C60A0BC990F007C9E0F0032F7114D204150678
S3150006C61AA9648D9B02A9008D9C02675F6F5FFD6008
S3150006C62A4C1A0CA90D8D1C06A9817BF255028004AB
S3150006C63A297F800209808D1806A9A17B60E251022C
S3150006C64A802EF24D020229205853B024AD1706C988
S3150006C65A47901DD2024D0220E048F014A9688D1CA7
S3150006C66A06A9837B2940F008A901207F514CA547D4
S3150006C67A6020AF46F005D204530260E2530204096B
S3150006C68AC2045302A906207F5120A946F005D28084
S3150006C69A510260A906207F51C28051024CDE46200D
S3150006C6AABA4629016020A946F00520CC462901602A
S3150006C6BAA9018D1C06A9847B60A9018D1C06A9A45D
S3150006C6CA7B60A9C08D1C06A9867B60A91A8D1C06E5
S3150006C6DAA9817B60AD5D9AC90CF008C90DF004C93B
S3150006C6EA38D05CA90E6F8907AD3A02890E290F481A
S3150006C6FA8D609A8D1806A9048D1C06A9A67B686FF5
S3150006C70A8907AD5F9A890E290F8D1806A9E58D1C2C
S3150006C71A06A9A27BA9128D1C06A9817BA9FF8D3EB5
S3150006C72A028D1806A9A17BA9138D1C06A9817B0968
S3150006C73A3F8D1806A9A17BA93F8D3F02202C34609E
S3150006C74AC901F011AA38ED7686C9029008F2530293
S3150006C75A04018A1860A902207F514CA547A9068DAD
S3150006C76A1C06A9847B297F8D1806A9A47B60A906BF
S3150006C77A8D1C06A9847B098080EDA2FF8E7686200B
S3150006C78ABA4629FE8D180620C346E25302040B2032
S3150006C79ACC4629FE8D1806A9A67B60C2405102D24E
S3150006C7AA804C02D2104902A9098DE004208447F278
S3150006C7BA5302041FA9008D1806A9768D1C06A9A27E
S3150006C7CA7BA2012072F8A9FF8D1806A9538D1C06AD
S3150006C7DAA9A07B386048200549AD7486C960D02170
S3150006C7EAAD380220EA33C9979017A92A8D3802A9C5
S3150006C7FA078D609A8D1806A9048D1C06A9A67B8044
S3150006C80A09C940D0056838E9026068608DA504AD95
S3150006C81A3802F25302042520EA33290FCDA504B0BD
S3150006C82A038DA504186D7686C90E9002A90D8D602C
S3150006C83A9A8D1806A9048D1C06A9A67BAD3802CDC3
S3150006C84A3702D008AD609A8DA5048027AD3B02E271
S3150006C85A5302040AC91EB002800AE91D8006290F78
S3150006C86A186D7686CDA504900AF008A903207F518D
S3150006C87A4CA547ADA50460A9CB8D1C06A9837B29C1
S3150006C88AF98D18068A29030A0D18068D1806A9A30C
S3150006C89A7BA9CD8D1C06A9837B29EF8D18068A29C5
S3150006C8AA040A0A0D18068D1806A9A37B60A9018D26
S3150006C8BA1806A97D8D1C06A9A67B60F2090610151F
S3150006C8CAA94B8D1C06A9807BC90BD009AD2E028DF4
S3150006C8DA1806A9A07B60A9EA8D1C06A9867B293FAC
S3150006C8EA8D758660A9008540A8AD7586C006F008CE
S3150006C8FAC83A90F8E64080F4A54060A9F38D1C066E
S3150006C90AA9867B29E08D748660C2105102AD12068D
S3150006C91A29E0C9E0D004D210510260C204510220AD
S3150006C92A890C901420A946D00BAD1206290F09C008
S3150006C93A8D120660D2045102609FB008A90F8D9F18
S3150006C94A04202B3560E25102803FAA38ED768630FE
S3150006C95A04C904B033A9A78D1C06A9867BAD180699
S3150006C96A8540AD19068541A9A58D1C06A9867BAD06
S3150006C97A1906C541D012AD180638E540C9A0B00851
S3150006C98AA904207F514CA5478A18604820E048200A
S3150006C99AEE48E253020420C902B005B200408032CC
S3150006C9AAC904B005B201408029C906B005B20240DB
S3150006C9BA8020B20440801BF019C901F015C904B0DB
S3150006C9CA05B20240800CC904D005B203408003B200
S3150006C9DA0440A5408D76866860A9088D1C06A9C8F6
S3150006C9EA7BAD19062904186A6A8DBD04A9008D1C31
S3150006C9FA06A9C87BAD19062904186A6A8DBE04A952
S3150006CA0AFD8D1C06A9827B2908186A6A6A8DBF04E7
S3150006CA1AA9528D1C06A9807B2904186A6A8DC00448
S3150006CA2AA9498D1C06A98A7BAD19062940186A6A80
S3150006CA3A8DC104A9F88D1C06A9897BAD190629405C
S3150006CA4A186A6A8DC204A9758D1C06A9837B2918DC
S3150006CA5A8DC304F263020404A900800EE26202028E
S3150006CA6A0648D2204A0268AD4A028DE204F2530209
S3150006CA7A0421E25102802AA9E98D1C06A9867B8D24
S3150006CA8A7686A9748D1C06A98A7B8DD604AD1906E7
S3150006CA9A8DD50420E048E253020406AD75868DD587
S3150006CAAA04A9008D0705208B4F988D8E04CD900418
S3150006CABA90038D9004CD8F04B0038D8F048A8D92D0
S3150006CACA04CD940490038D9404CD9304B0038D93F8
S3150006CADA0460E24D0201034CBE4BAD160629F0C9A7
S3150006CAEA40D0F4D2014D0220D5468DCA04AD1906A8
S3150006CAFA8DC904A9E28D1C06A9807B8DA004A90905
S3150006CB0A8D1C06A9817B29018D9A04A9118D1C06FD
S3150006CB1AA9827B29018D9B04A91E8D1C06A9817BE8
S3150006CB2A8DB404CDB60490038DB604CDB504B0050E
S3150006CB3A8DB5048000A9448D1C06A98B7B8DC40479
S3150006CB4AA91C8D1C06A9817B8DC604A91D8D1C06EA
S3150006CB5AA9817B8DC504A9CB8D1C06A9837B2906CB
S3150006CB6A8DD204A9CD8D1C06A9837B29108DD304E3
S3150006CB7AA9398D1C06A9827B8DC804AD19068DC7EF
S3150006CB8A04A9AA8D1C06A9867B8DD404A9A58D1C83
S3150006CB9A06A9867B8DD804AD19068DD704A9A78D55
S3150006CBAA1C06A9867B8DDA04AD19068DD904AFB1A2
S3150006CBBA032057546020594C208144208A4420F683
S3150006CBCA42F249021025208943F25302041E208C9A
S3150006CBDA3F202A3E2061E4E24D02100F20FD402046
S3150006CBEA4746203340206A4320D74060E24D02106A
S3150006CBFA1520E04D205A4E206A4320E550201F5143
S3150006CC0A20824E203340609FB222ADE004C90DF061
S3150006CC1A068F74031F7415F20F062010E2530204D8
S3150006CC2A0CAD1706C964F00EC984F00A60AD17067C
S3150006CC3A29F0C980D0F6AD080509028D0805A94569
S3150006CC4A8D1C06A9807B09208D1806A9A07B60ADD6
S3150006CC5A1706CD8F9A8D8F9AD01AAD1606CD919A4A
S3150006CC6A8D919AD02D5F5F0BF250028035D2805095
S3150006CC7A02801F60C92CD017AFB114AFB211A9072B
S3150006CC8A8D1C06A9817B4A8D1806A9A17B800320DD
S3150006CC9AD344A9E48D5B9AA94C8D5C9AC2804F024D
S3150006CCAA8042AFB11A2FB217AD1706C920D0102087
S3150006CCBADEE2BFB40A37B2AD090509018D0905EEEA
S3150006CCCA719AAD719AC9039020AD1706C92CD00779
S3150006CCDAAD1606C92CF01E6C5B9AA9008D5B9AA93D
S3150006CCEA4D8D5C9AA9008D719AA9648D9902A9003F
S3150006CCFA8D9A02575F6020114CE24F02800A205530
S3150006CD0A3F20033FC2804F02A91E8D5B9AA94D8D0D
S3150006CD1A5C9A80D0A92A8D5B9AA94D8D5C9A80C4A5
S3150006CD2A20263F203C4DA9E48D5B9AA94C8D5C9A38
S3150006CD3A80B2AD1406C9DFF00BC9C6F00729F0C9D9
S3150006CD4A20F00160AD080509408D08054C484CC21D
S3150006CD5A02490220570EC903B00BAD1206C982F064
S3150006CD6A04C984D004D202490260A9018D1C06A907
S3150006CD7A877B29FE8D1806A9A77BA9028D1C06A9FB
S3150006CD8A877B29FE8D1806A9A77B602FB13BAD16B0
S3150006CD9A06E209061002C901D036AE719AE012B049
S3150006CDAA2FE21E06012AAD0006F24A021023F24CAB
S3150006CDBA02200DC9E0D0199DEA04D2204C02800D44
S3150006CDCA9DEA04298DC98DD004D2104A02EE719ABB
S3150006CDDA609DEA0480F7205853B069AD170629F014
S3150006CDEAC940D060F24B02203FD2204B02A9008DE1
S3150006CDFA1906A90F8D1806A96A8D1C06A9A87B20ED
S3150006CE0A7053AD09052980D01147B2A96C8D1C0647
S3150006CE1AA9837B2904F003204F4E17B2207942C90B
S3150006CE2A06D01F97B2204F4E8FB3191FB216A9BA4C
S3150006CE3A8D1C06A9867BC93ED00AA9008D1806A9A5
S3150006CE4AA67B87B360C7B2AD050509018D050560E0
S3150006CE5AF252020222205853B01DAD1706C948904F
S3150006CE6A16D2025202A9B48D1C06A9867B2903C9C3
S3150006CE7A01D004D2044A0260F280021072AD160686
S3150006CE8A205853B06AC9659066A9C98D1C06A98633
S3150006CE9A7B8DFF04AD19068DFE041FB24EA9AF8D12
S3150006CEAA1C06A9817B8D0E05AD19068D0D05A900F1
S3150006CEBA8D0C05A9B68D1C06A9817B20FA4EA9B446
S3150006CECA8D1C06A9817B20FA4EA9B28D1C06A9815C
S3150006CEDA7B20FA4E8D0C05A9D98D1C06A9867B29B7
S3150006CEEA03186A6A6A0D0C058D0C05D21080026053
S3150006CEFAAD190620034FAD1806C9002E0C0560E2C9
S3150006CF0A5302080160A9A38D1C06A9867B299009E6
S3150006CF1A04AAAD5D9AC90CF019C938F007C90DF00D
S3150006CF2A118A80188A204D4F90040940800E0901FD
S3150006CF3A800A8A204D4F0901900209408D1806A9D2
S3150006CF4AA67B6018E263020406E262020201386000
S3150006CF5AA2009F6E23EE939AAD939AC914D0214FD7
S3150006CF6A7416EE949AAD949ACD959AD00EEE959A33
S3150006CF7AD2104B02D20449028E949A8E939A477419
S3150006CF8A60F25102020620570EAAA860A9E48D1C71
S3150006CF9A06A9827BAD19061FB20CC9049004891A22
S3150006CFAA80098933800509C0201E56A8202C0EAA98
S3150006CFBA60208B4F8A8906AA988906A8E22D020856
S3150006CFCA0EA9098D1C06A9827B2980F002386018EB
S3150006CFDA60E263020411E26202020C20434920B7A8
S3150006CFEA48205E3320925060AD1206F02829E0C921
S3150006CFFAE0D022D2045302A90FCF4B02A90B8D9F6A
S3150006D00A040A0A0A0A48A90F2D13068D1306680D7D
S3150006D01A13068D130660AD1606CDCD04F0158DCD15
S3150006D02A04AD2B022904F00BA9522042FAADCD040F
S3150006D03A20B5E4AD1706CDCE04F0158DCE04AD2B7C
S3150006D04A022904F00BA9542042FAADCE0420B5E40F
S3150006D05A60205853B031AD1606CDCC0490038DCC5C
S3150006D06A04AD1706CDCB0490038DCB04CF4B18F22D
S3150006D07A4F028013AD120629F0C9C0D00AAD1406AE
S3150006D08AC9A1D00320263F60AD3A0220EA338D189D
S3150006D09A06A9098D1C06A9A37B60F26B02043BD27C
S3150006D0AA404B02A9008D639A8DA5048DA6048DA709
S3150006D0BA04AD639AC932F022EE639AA90C8D1C0650
S3150006D0CAA9827B186DA5048DA504AD19066DA6045D
S3150006D0DA8DA60490DCEEA70480D760F24B02403494
S3150006D0EAAD16061FB206C960D02A8004C962D024C4
S3150006D0FAC2011506A9768D1C06A9827BC90ED0140D
S3150006D10A20A450209654204A47B009208A51201650
S3150006D11A484C344260F249028049AD1606C9619006
S3150006D12A42D2804902AD2B022940F03720F5E0A00B
S3150006D13A00A94CA200E8200DE4AD190620B5E4AD17
S3150006D14A180620B5E4A9202042FAE00FD00320F5F6
S3150006D15AE0E644D0E0E64520F5E020F5E0A950C52C
S3150006D16A45D0D260D2011506AD3802CD3702D004B3
S3150006D17AC201150660ACE104C0FFD0038DE1046066
S3150006D18A8DA504B20042B20043C2804A02A9C98DDD
S3150006D19A1C06A9867B8DFF04AD19068DFE04A9CB4E
S3150006D1AA8D1C06A9867B8DD604F0034C8952A96086
S3150006D1BA8D1C06A98A7B8540AD19068541A9618D0E
S3150006D1CA1C06A98A7B64408540AD190665418541D8
S3150006D1DA9002E642A9628D1C06A98A7B64408540AE
S3150006D1EAAD1906654185419002E642B20344B2008C
S3150006D1FA4520BBE4A5408544A541854520B052B2E3
S3150006D20A0042B2004320BBE4AD76868542A5408D30
S3150006D21A8E9AC906900ACEA504EE7686C910B05F1E
S3150006D22AADA504C906905820B0522098529008A572
S3150006D23A41C906B01B804820A852B023A541C90495
S3150006D24AB00AC9039010A540C9E9900AD2804A02D3
S3150006D25AA542F025801DAD8E9AC904B0EF8020A599
S3150006D26A41C9039006D2804A02A541C9029010A571
S3150006D27A42F00CCEA504EE7686CEA504EE7686ADEB
S3150006D28AA504C9089007C2804A02ADA50460ADFE88
S3150006D29A04C920D007ADFF04D00238601860ADFE77
S3150006D2AA0429F0C93060A9638D1C06A98A7B8540C4
S3150006D2BAAD1906854160F280028071AD120629F023
S3150006D2CAC970D068E209061049E20C06045EA94D41
S3150006D2DA8D1C06A98B7B8540AD19068541A901F0E9
S3150006D2EA094641664038E901D0F7A95A8D1C06A9AE
S3150006D2FA897B8544AD1906854518A540654485404A
S3150006D30AA54165458541A5408D1806A5418D19068F
S3150006D31A800EA9FB8D1C06A9807B2904F00E80AE19
S3150006D32AA9568D1C06A9AB7BD280800260C2804FA5
S3150006D33A02AD120629F0C970D013F23D02010EF2A9
S3150006D34A09061009A9AA8D1206D2804F0260AD17E0
S3150006D35A06206353B00FAD1606C96F9008C98090AA
S3150006D36A03C9886038607FB227A9BE8D1C06A986BE
S3150006D37A7B4829E00D09058D0905682940F003E76A
S3150006D38AB260AD120629F0C9C0D003EFB20267B27F
S3150006D39A60AD6B9AC902F00BD2040906C2200806CA
S3150006D3AA201BE5608F750237B227B31FB205A7B3EE
S3150006D3BAAFB27EAD1206C9E190783FB174BFB471B9
S3150006D3CA3FB2038F7511B7B2A200BD42549D5D9D49
S3150006D3DAE8E00590F58016AFB20CA96C8D1C06A975
S3150006D3EA807B29408005AD09052980D044A9908D00
S3150006D3FA1C06A9C87B09088D1806A9E87BA9CB8D40
S3150006D40A1C06A9837B8D6C9AA9CD8D1C06A9837BDE
S3150006D41A8D6D9AA92D8D1C06A9817B8D6E9AA943B7
S3150006D42A8D1C06A98B7B8D6F9AAD19068D709AC7C8
S3150006D43AB1606FB10237B260B3B33CFFFF3FB10CBE
S3150006D44AAFB109AD1606C902D002A7B160B26944E0
S3150006D45AB24C45A200208054E644E644A544C9B126
S3150006D46A90F3A9A08544A90A8545208054E644A5D1
S3150006D47A44C9A690F560A444A545200DE4AD19064F
S3150006D48A9DBA9CE8AD18069DBA9CE860A2FDE8E836
S3150006D49AE8ADA704E253020405DDD3558013DD5E23
S3150006D4AA55E23D020203DD8555E24A020403DDAC76
S3150006D4BA5590DBF003E88023E8ADA604E25302049E
S3150006D4CA05DDD3558013DD5E55E23D020203DD8591
S3150006D4DA55E24A020403DDAC5590B4E8BDD355E2DB
S3150006D4EA5302040DC915B01FE24A02041A690180DD
S3150006D4FA16BD5E55E23D020203BD8555E24A0204A1
S3150006D50A03BDAC5520DF4748A549290FAA68E00599
S3150006D51A9009E009B02A7D1556800438FD1556F09D
S3150006D52A19E25302040CC9179016C9F0B00CA916CB
S3150006D53A800EC90E900AC9F09004A9018002A90DA7
S3150006D54AC903E253020402C905B00648C24051029B
S3150006D55A684C954901300101000200F00300E8040F
S3150006D56A00E20500D50600C00700B00800A60900B5
S3150006D57A850A00650B00400C00000D0150010130BA
S3150006D58A0201000300F00400E80500D80600C807F1
S3150006D59A00B80800A80900980A00650B00480C009E
S3150006D5AA000D01500101300201000300F00400E8F3
S3150006D5BA0500E20600C50700A00800980900880AC1
S3150006D5CA00780B00680C00000D015101014F02019B
S3150006D5DA4503013D04013905013506012A07011AE3
S3150006D5EA0801060900FB0A00F60B00E80C00D80D2E
S3150006D5FA00D00E00BD0F00B110009111007D120079
S3150006D60A7113006A14005115000016050403020177
S3150006D61A00010203A200DD3056F006E8E8E07CD0F7
S3150006D62AF5E8BD305660E101E202E303E404E505E6
S3150006D63AE606E707E808E909EA0AEB0BEC0CED0D3C
S3150006D64AEE0EEF0FF010F111F212F313F414F515AC
S3150006D65AF6169D1D9C1C9B1B9A1A991998189717BC
S3150006D66A961695159414931392129111CE10CD0F00
S3150006D67ACC0ECB0DCA0CC90BC80AC709C308C607FE
S3150006D68AC506C405C204C10376077206740575057E
S3150006D69A7808710484038202520251016202A102C7
S3090006D6AAA402A0002A
S3150006D6AE1707208BE0AD7204C900D00CEF64030F8A
S3150006D6BE4D192033584CEF566F64088F08054820CF
S3150006D6CE285868480F4D05684C01E16068C210512E
S3150006D6DE024C98575F650160C2010206C2800706B4
S3150006D6EE609707208EE03F59041F660160A9048DD8
S3150006D6FE739A207CE15F4E032021F96F4E0320D2EA
S3150006D70EF86778A9008D7204270A2019FA20090CE3
S3150006D71E20F40BA90220475820F90CA914204E58BE
S3150006D72EE2080610033F60F87F6704C2400806A9A2
S3150006D73E052047586764074D8F0806206AF9204765
S3150006D74EE34765176620FC57207AE3207DE33763A9
S3150006D75EBF59191F6316AF66138F6403200BFAFFA4
S3150006D76E6C0AA55729444A4AF002C75A9F630320F4
S3150006D77EE3E35F6504B763576527661F6308FF67AE
S3150006D78E0520EF0BA70A20E256604F630A97672716
S3150006D79E59B248BDB7596020D2F8201BF920DBE2F4
S3150006D7AEB019E23D02011448C2013D026820CF348B
S3150006D7BE48D2013D026880064C01E120CF34A9CC41
S3150006D7CE20880DA90485402090E2C2080506201978
S3150006D7DEE4A932204E58BF600AE20F0680F8E20F21
S3150006D7EE0620F3200D5820F1F3874D4C5958A90201
S3150006D7FE204E58AD0006E20C0602033F60F5608F1A
S3150006D80E08062064F9204AE320FC57203EFA20102B
S3150006D81E0C207DE3207AE3475A606764206AF92076
S3150006D82E47E3B76060B200BA60A5BDC954F009EF0A
S3150006D83E64030F4D034CEF5660204E583F60FD6055
S3150006D84E8DA502A9008DA602376060B254BDB759E2
S30A0006D85E6067666060CC
S3150006D8630F5D03200D0360A98C8D0E03A9588D0F3A
S3150006D87303AF6014ADA302D00CADA402D004A76017
S3150006D8838006CEA402CEA30260A9B08D0E03A958C4
S3150006D8938D0F03BF6014ADA502D00CADA602D0044E
S3150006D8A3B7608006CEA602CEA502B76F60A9D28D53
S3150006D8B30E03A9588D0F03CF6014ADA702D00CAD86
S3150006D8C3A802D004C7608006CEA802CEA70260A926
S3150006D8D3F48D0E03A9588D0F03DF6014ADA902D08C
S3150006D8E30CADAA02D004D7608006CEAA02CEA90240
S3150006D8F360A9168D0E03A9598D0F03EF6014ADAB00
S3150006D90302D00CADAC02D004E7608006CEAC02CEE4
S3150006D913AB0260A93A8D0E03A9598D0F03FF601456
S3150006D923ADAD02D00CADAE02D004F7608006CEAE26
S3150006D93302CEAD02C76F60A94D8D0E03A9598D0F91
S3150006D94303AD1086F003CE108660A95E8D0E03A97D
S3150006D953598D0F031F5D0320100360A9698D0E03FE
S3150006D963A9598D0F0360A96A8D0E03A9588D0F0356
S3150006D9732003E5EED200D008EED300D003EED400A2
S3150006D98360A9BF8D1103A9598D12038F6114ADAF1B
S3150006D99302D00CADB002D00487618006CEB002CEAB
S3150006D9A3AF02D76FCF6214ADEB85D00CADEC85D045
S3150006D9B304C7628006CEEC85CEEB8560A9F88D1189
S3150006D9C303A9598D12039F6114ADB102D00CADB2F2
S3150006D9D302D00497618006CEB202CEB102DF62148C
S3150006D9E3ADED85D00CADEE85D004D7628006CEEEBE
S3150006D9F385CEED8560A9318D1103A95A8D1203AF24
S3150006DA036114ADB302D00CADB402D004A76180068F
S3150006DA13CEB402CEB302EF6214ADEF85D00CADF0F1
S3150006DA2385D004E7628006CEF085CEEF8560A96AC7
S3150006DA338D1103A95A8D1203BF6114ADB502D00C1D
S3150006DA43ADB602D004B7618006CEB602CEB502FFE6
S3150006DA536214ADF185D00CADF285D004F76280066B
S3150006DA63CEF285CEF18560A9A38D1103A95A8D122F
S3150006DA7303CF6114ADB702D00CADB802D004C761AB
S3150006DA838006CEB802CEB702EFA114ADF385D00C4D
S3150006DA93ADF485D004E7A18006CEF485CEF3856082
S3150006DAA3A9DC8D1103A95A8D1203DF6114ADB902E0
S3150006DAB3D00CADBA02D004D7618006CEBA02CEB96F
S3150006DAC302FFA114ADF785D00CADF885D004F7A1F6
S3150006DAD38006CEF885CEF78560A9158D1103A95B59
S3150006DAE38D1203EF6114ADBB02D00CADBC02D0049C
S3150006DAF3E7618006CEBC02CEBB029FA014ADFF85AE
S3150006DB03D00CAD0086D00497A08006CE0086CEFF45
S3150006DB138560A9688D1103A95B8D1203CF5C14ADCD
S3150006DB23F985D00CADFA85D004C75C8006CEFA8596
S3150006DB33CEF9859F5C14ADFB85D00CADFC85D00470
S3150006DB43975C8006CEFC85CEFB859F6E17FF611418
S3150006DB53ADBD02D00CADBE02D004F7618006CEBEC3
S3150006DB6302CEBD0260A9738D1103A95B8D120360F4
S3150006DB73A9848D1103A9598D12032000E5EE11869A
S3150006DB83D008EE1286D003EE1386EE889AAD889AEF
S3150006DB93C90A900FA9008D889AEE899AD005A9FF1E
S3090006DBA38D899A6062
S3150006DBA7AD1A860AAA7CAF5BB95BDC5B015CB05C27
S3150006DBB7DC5CC2018402C2087402C2208402C21057
S3150006DBC78402AD1B86F006A9018D1A8660175ECFFD
S3150006DBD76302970060AD1206C9ACD0136FA80FA9EA
S3150006DBE7028D1A86206CE2206FE2D201840260BF9C
S3150006DBF76BFC20D9E190F74C085DAD1206C9ACD08F
S3150006DC076EEFA806A9008D1A8660F284021020AD6B
S3150006DC170B0629E04A4A4A4A4A2903C902D0EAA90B
S3150006DC271E8D9B02A9008D9C02675FD2108402ADEA
S3150006DC370B0629E04A4A4A4A4A2903C902D0C56F4A
S3150006DC475FC7C2108402B2FFBAD7682061294F633D
S3150006DC5706AD000420F8E320085D20375DA9038D8D
S3150006DC671A86A92E8DA902A9008DAA0257606020D9
S3150006DC77855CD015AD1206C9AAF0F34C085DA90155
S3150006DC878D1C06A9837B29026020000E3F60F9A931
S3150006DC97028D1C06A9837B201D5DA9168DA502A9E3
S3150006DCA7008DA60237604CB00E5F6029D20273025A
S3150006DCB7200E0EA90848A9F0256B856B68056B85A6
S3150006DCC76B27678759A93A8DD900A9118DDA00A955
S3150006DCD7008D1A8660E284022003DF60CF20855C0A
S3150006DCE7F00F20695CD2208402A9048D1A864C900F
S3150006DCF75CAD1206C9AAF00820085DA9038D1A8627
S3150006DD0760206DE420D6E1900C20DCE1E274022067
S3150006DD1704D201840260EF7608B23040B228418009
S3150006DD2706B23640B22841B2FB46B21B474CA6E4BA
S3150006DD37A54F290C4A4AD00160A54F2903D002A947
S3090006DD47014C4EE24F
S306000707FF02EA
S315000708004C77E64CD2E64C2DE74C88E74CE3E74CB1
S315000708103EE84C99E82021E64C04364C2108EAEAE2
S31500070820EA202EE62004364C2EE6200AE620043679
S315000708304C0AE62048E62004364C48E62017E62010
S3150007084004364C17E6203BE62004364C3BE62021CF
S31500070850E64CDC1D4C5A08EAEAEA202EE620DC1DA7
S315000708604C2EE6200AE620DC1D4C0AE62048E62048
S31500070870DC1D4C48E62017E620DC1D4C17E6203B1E
S31500070880E620DC1D4C3BE62021E64CD7104C9308AE
S31500070890EAEAEA202EE620D7104C2EE6200AE620C2
S315000708A0D7104C0AE62048E620D7104C48E6201712
S315000708B0E620D7104C17E6203BE620D7104C3BE640
S315000708C02021E64C38294CCC08EAEAEA202EE62015
S315000708D038294C2EE6200AE62038294C0AE6204815
S315000708E0E62038294C48E62017E62038294C17E633
S315000708F0203BE62038294C3BE62021E64C99294C3B
S315000709000509EAEAEA202EE62099294C2EE6200A6E
S31500070910E62099294C0AE62048E62099294C48E61C
S315000709202017E62099294C17E6203BE62099294C03
S315000709303BE62021E64C4229202EE62042294C2E72
S31500070940E6200AE62042294C0AE62048E620422904
S315000709504C48E62017E62042294C17E6203BE620BE
S3150007096042294C3BE62021E64C6729202EE62067E4
S31500070970294C2EE6200AE62067294C0AE62048E697
S315000709802067294C48E62017E62067294C17E620FA
S315000709903BE62067294C3BE62021E64C9F57202E55
S315000709A0E6209F574C2EE6200AE6209F574C0AE67C
S315000709B02048E6209F574C48E62017E6209F574CCD
S315000709C017E6203BE6209F574C3BE62021E64CCC1A
S315000709D056202EE620CC564C2EE6200AE620CC568C
S315000709E04C0AE62048E620CC564C48E62017E62077
S315000709F0CC564C17E6203BE620CC564C3BE620214E
S31500070A00E64CA82A202EE620A82A4C2EE6200AE63F
S31500070A1020A82A4C0AE62048E620A82A4C48E620C1
S31500070A2017E620A82A4C17E6203BE620A82A4C3BC7
S31500070A30E62021E64C8718202EE62087184C2EE65E
S31500070A40200AE62087184C0AE62048E62087184C35
S31500070A5048E62017E62087184C17E6203BE620874E
S31500070A60184C3BE62021E64CEC1B202EE620EC1B1F
S31500070A704C2EE6200AE620EC1B4C0AE62048E62028
S31500070A80EC1B4C48E62017E620EC1B4C17E6203BF0
S30C00070A90E620EC1B4C3BE6D8
S31500070A9720320BD038F24B02081CAD4604CD7B0437
S31500070AA7D006AD4504CD7A04F009EE4504D003EE2A
S31500070AB7460460B7AA60A9008D45048D4604AD357F
S31500070AC702F00320BEE448C2084B026860E24B0205
S31500070AD7082AEE4304D003EE4404AD4404D008AD18
S31500070AE74304CD8103900FA7632021E2CF4806ADC4
S31500070AF70802F00160603F5902276360A9008D432A
S31500070B07048D4404AD3502F01BAD45048540AD465B
S31500070B17048541A541CD7B04D005A540CD7A04F0D0
S31500070B270320BEE448D2084B026860AD8105290158
S31500070B376060A060628284717875747276A1A44436
S31500070B4745464748494A4B4CAAC1C2C3C4C5C6C747
S31500070B57C8C9CACBCCCDCEA801021214B8B8B4B44B
S31500070B67B2B2B1B111D21009068004C21009064CF8
S31500070B77B00E8F6D04C204090660C2201506D2108F
S31500070B871506C2401506D2801506D2011F0660C292
S31500070B9780080660D2800806E206061004C2100619
S31500070BA70660A9058D8F02A9008D9002075F8F5FE3
S31500070BB705E21E0608F820960BD2100606C000D0D7
S31500070BC71BE20A0602FBA2022082F8A9398D1C0638
S31500070BD7A9807B09028D1806A9A07B60A9A68D1C8B
S31500070BE7068C1806A9A27B60D2041E0660C2041EDD
S31500070BF70660AD859AD0031F6E03E76F60D2201E86
S31500070C070660676FC2201E0660D201080660C2012A
S31500070C17080660F26B020804D2020806209FF860EE
S31500070C27AD1206C960F00829F0C9A0F002186038A6
S31500070C376048E253022005AD2F058006AD12068DE3
S31500070C472F05C9719016C979B011C972F008C97607
S31500070C57F004C978D002A77138800118686048F28E
S31500070C6751021018E253022005AD2F058006AD1273
S31500070C77068D2F05C9C0900BC9CFB0033880011859
S31500070C87686048E253022005AD2F058006AD1206B8
S31500070C978D2F05C9909008C9A0B003388001186839
S31500070CA76020380CB0FA4C650C20F5E3F00160F2CA
S31500070CB713060804D20813066020F5E3D009E213E2
S31500070CC7060804C20813066000020300AA20F5E314
S31500070CD7D001608AA8AD130629FC19CF0C8D130618
S31500070CE76000030201A8AD030629FC19E80C8D036A
S31500070CF70660C2020206C2040206C2010206C280D3
S31500070D070706602F67034C540D48D220040668A8C8
S31500070D17B9380BC9AAF00A29F0C9A0D004C2080531
S31500070D2706B9380BAE5D9AE002D00BAE3A02E0037E
S31500070D37B00AA9828006E001D002A95220880DAD24
S31500070D472D02290785402090E2207EE260A8D280FF
S31500070D570306C2010406B9380BC9AAF00A29F0C95E
S31500070D67A0D004C2080506B9380B29F0C9B0D00BBD
S31500070D77876D982901D004D2010406B9380B4C8828
S31500070D870D8D120620B00EB9380B29F0C910D003FE
S31500070D974CC60DAD1206C962D025A924FF4C02A978
S31500070DA7278D1806A9368D1C06A9A17BA90EFF4C08
S31500070DB702A90F8D1806A9378D1C06A9A17B60F214
S31500070DC750020105E24F0201062F670320F1E16092
S31500070DD7AD1206608D1206D208030660A93A8D1C66
S31500070DE706A9807B297F8D1806A9A07B60A93A8D5E
S31500070DF71C06A9807B098080ED48D2100506684C3A
S31500070E07140ED24005066048C21005066860C24040
S31500070E17050660AD0F06298060202C0E20650CB0ED
S31500070E27016089066020650CB00620570EF0016041
S31500070E37DAE253022005AD2F058006AD12068D2F80
S31500070E4705205D0E201BE2FAE251021002891D609A
S31500070E57AD0E06291F60F251021025E25102042042
S31500070E679F741D8F741AAAAD7686F0134AB0108D34
S31500070E7718068A38ED1806C991B005A99180018A1F
S31500070E8760AD0A0629384A4A4AE20E0640020908A9
S31500070E97D00518AD00066048AD000685406838607E
S31500070EA7E21E0608FB8D100660A90A8DF185A900C3
S31500070EB78DF2857762D2011F0622A900A200A0003C
S31500070EC7FF621A22209FF832E21F06010E8901D018
S31500070ED7EFE8D0ECC8C0C890E780023260324C27EB
S31500070EE7E500010203A8AD060629FC19E80E8D06DB
S31500070EF7066040206000A8AD1106299F19F90E8DD7
S31500070F07110660C20806064C9B0BAD29022903C9C1
S31500070F1701D016F209061011AD120629F0C950F0CD
S31500070F2704C980D004D2800906ADE90409808DE992
S31500070F3704D2010906AD1206C9AAD0032074104CBC
S31500070F47100CA000A240B20247A97C2007E4D28072
S31500070F57020660D22002064C760FC22002064C8E86
S31500070F670FD21002064C760FC21002064C8E0FA937
S31500070F77138D1606A9158D1706A94B8D1806A900F1
S31500070F878D1906A9E17B60A9138D1606A9158D1775
S31500070F9706A9428D1806A9008D1906A9E17B6000E7
S31500070FA700000102000000010248A8AD020629FC5D
S31500070FB719A60F8D020668A8AD060629FC19AB0FF9
S31500070FC78D060660303132333435363738392A23BA
S31500070FD741424344AD1B06290FAABDCB0F60AD1F80
S31500070FE7060910090829FE8D1F0660AD1F0629EF9A
S31500070FF7090829FE8D1F0660A90AA000200DE4AD82
S3150007100719068D9C04CD9E0490038D9E04CD9D04E1
S31500071017B0038D9D0460A900A0B5200DE42940F013
S315000710270238601860F20F060409201A0ED004A9C1
S315000710377F801DF251021005E251020409A908A093
S3150007104710200DE48007A902A00C200DE4AD1906B0
S31500071057205E108DA1046048A209CABDAA04E89DAF
S31500071067AA04CAD0F5ADA1048DAA046860F20906D9
S315000710771010A9008D18068D1906A9048D1C06A937
S31500071087AA7B608D1D06A90A8DF185A9008DF285B4
S31500071097776222A900A200A000FF621D22209FF8FF
S315000710A732E21D06800E8901D0EFE8D0ECC8C0C82A
S315000710B790E7800532AD180660324C27E5AD000686
S315000710C748209349A5C3C901D004A5C2C95E68606C
S315000710D74F68548F080CA538D0043F3C01606F68EA
S315000710E70F60EF30096FA40320FC1F4CA622A5202B
S315000710F7A8275DCD7304D00520E2218015A9008DA9
S315000711074104AD14020A8D8F02A90069008D90026A
S31500071117075FE270022004984C4812982037490F58
S31500071127080280AF4CA6228F080CA538D0043F3C8F
S3150007113701606F68076020F211900160EF590CBFD5
S315000711476B068F6B031F6B034CB215A80F8910AF7E
S3150007115789031F890A202D120F08034CD71060270A
S315000711675DCD7304D00820E2217F6754804BA90021
S315000711778D4104AD14020A8D8F02A90069008D906F
S3150007118702075FFF6733982F5536C911D011DF78E6
S315000711970AB7660F08058F2502573047788017CD98
S315000711A77504D01C9F780D8F780A37660F08058F49
S315000711B72502D730C7788F55070F08034CD7106016
S315000711C79848F2700220036F890B682048120F08A8
S315000711D7034CD7106068203749800020A622EF59AD
S315000711E70320F90B0F08034CD710608F250DAD7138
S315000711F702292FF006FF30202FA403EF301A8F2579
S315000712070FAD7102292FF0086F3005208218386055
S315000712176FA40320FC1F38607FA404A52080052040
S315000712273EFAB0EF18602F890620502590066020F2
S315000712372226B0FA9820374920A622AF89F04CF91B
S315000712470B6F89265F8B0E89E2C911B0038D5F9AEB
S31500071257578BE78B606F8B1289E2C911B0098D3AF5
S315000712670220D8E220C1E1678B60BF8D30C919F02C
S3150007127704C999D003B78D606F891C7F8A08EF8ADF
S315000712874EBF8CF3978A20374990034C8E1320A6B7
S3150007129722FF8AE34CF90B2037494CA622C919F0D6
S315000712A7D620AF13AEE185F00CE0FFD007A9008D76
S315000712B7E185378D606F89BF378DC9B0D005B78987
S315000712C74CF40BC9B1D04FFF8A3DC7894CF40BEED7
S315000712D73804F0034C7213EE3904AD3904C97FF0AD
S315000712E71CC9FFF002801FA9008D38048D39048DAC
S315000712F73204178A20312520B44B205B23DF860467
S31500071307B78A8002A78A60BF8C0B1F8A08178AEEDF
S3150007131732044C811360C9B2D01120312520B44B52
S31500071327205B23A9008D3204178A60C9B3D0097FCA
S315000713378A0520CA4BF77060C9B7D003B78B60C950
S31500071347BAD00620F40BC78A60C9BBD00A7F8A1BA7
S31500071357D7891778077860C9BCD003A78C60C9BD3A
S31500071367D003978C60C9BED003D78B607F8A0B6F74
S315000713778A034CD612BF8CF3978A48A9192037498F
S31500071387B004684C8D1268B78A7F8ADFE78A178A9F
S31500071397A9008D32048D38048D3904578660C71323
S315000713A734143E1461147614A8E270022010ADE1D6
S315000713B7850AAA98F26F020202297F7CA51398600D
S315000713C7EF892AC95CF009C95DD00DA919203749E4
S315000713D7A9192037494C8714C958F009C959D00D97
S315000713E7A999203749A9992037494C8714C943D062
S315000713F70CE26F02041257782011FA800BC942D004
S3150007140709E26F02047AD7788076C940D004A90122
S315000714178044C95ED0A8A90348A9FC2D70028D7020
S3150007142702680D70028D70022011FA805338E92081
S315000714378DE285A902801FC942D019F270024014AE
S31500071447B230B8B205B9A9008D4004ADE285F012EE
S31500071457A9038002A9048DE18560202EF0CEE285D7
S31500071467D022A90D203CF0A759D24070028011CE91
S31500071477E285D010E2700240077F6A04A764B7596E
S31500071487A9FF80D260A014C114CC14EE14F914195D
S3150007149715ADE3850AAA7C8C14A9192055FAAD70F0
S315000714A7022903F006A9058DE38560ADE085F005FA
S315000714B7A9018DE385C280700260A9602055FAA944
S315000714C7028DE38560A000AEE585BD8185C90DF070
S315000714D70AC8E8E05FD0F3A20080EF988920205575
S315000714E7FAA9038DE38560A9622055FAA9048DE356
S315000714F78560AEE585BD8185CEE085E8E05FD002EC
S31500071507A2008EE585C90DF0034C55FAA9008DE3B0
S315000715178560E27002010FC2017002A963F27002C9
S315000715270411A962800DC2027002A96BF270020844
S3150007153702A96A2055FA80D422ACE085C05E9012CC
S31500071547ACE085F00D0F08F8483F660320F20268FE
S3150007155780EEC90AF042C90DF009208715C05EF06B
S31500071567118035ADE085F030AEE685BD8085C90DBE
S31500071577F026A90D208715D28070022011FA801848
S315000715870878AEE6859D8185E8C88CE085E05FD05B
S3150007159702A2008EE6852860326048C2806F02681D
S315000715A7C919D00648D2806F0268600F081D488F91
S315000715B7250BAD7102292FF004773127A468800B15
S315000715C70F082DEF30034CB617A52048A9058DBD83
S315000715D702A9008DBE027761B7943F6B0320D7F345
S315000715E768FFAB068F8D034CCF174F8D04BF6B0173
S315000715F7608FAC0DC910F0044F8D106087AC4CC7D0
S315000716071507ACC910D0074F8D01604C3A177FAB4A
S3150007161704C95E8002C903D0034CF7160F9407C99E
S315000716271AD0034C1D173F6B34C964F042C975F0CE
S3150007163754FFAB1BC970F026C972F02CC921F05BA2
S31500071647C918F06BC904F074C91CD0114CE516C943
S3150007165773D0034C6E18C96ED0034C5B1860C7A8C6
S3150007166720E72B20090C803047A820F90B8029ADE6
S315000716778905C910B007A9008D8905801B38E910A8
S315000716878D89058013AD8905C9EF9007A9FF8D8950
S3150007169705800589108D89054CC71520090C47A8AC
S315000716A7C78DA9008DD6860F0802B7314CCA4BA935
S315000716B7008DD68620CA4B20E72B80DC20090CB283
S315000716C7C240B229412094E4A5C32042FAA5C22005
S315000716D742FAA9102042FAA92E2042FA80BA97ACF5
S315000716E7A5C28DD786A5C38DD8864FA8EF4C6F168B
S315000716F73F6B084FA80547A820F90BC78D0F0802A8
S31500071707B731A9FF8DDC00ADD6866F9206C902B041
S3150007171702A78D4CB617A91020684AEED686A910D8
S3150007172720684A200523ADD686C912B00589018DDB
S31500071737D68660481F6B073F9204A8B9A82948A50C
S31500071747AB29784A4A4AC903D01E6820AD2EADD9B8
S315000717578620684AADDA8620684AADDB8620684A5E
S31500071767ADDC8620684A80046820684A200523ADD1
S31500071777D686C912F00589018DD6860F08163F6BDF
S3150007178713D011F21E06200CCFA809E2080640045B
S31500071797D2201E06686F920E8540ADD686C902D03F
S315000717A7054F4002A78D0F08061F5B034CC7153F5A
S315000717B76B15E208064010CFA80DCF8D07ADD68665
S315000717C7C91290034CF90B602F551CC911F02DCD83
S315000717D77504D01337660F08058F2502D730C778E4
S315000717E70F08034CC71560BF6B401F6B22C912F062
S315000717F70BC918F01A0F08034CC71560B7660F0809
S31500071807058F2502573047780F08034CC71560A77A
S315000718176420F40B5759578D0F0802A731BF6B037F
S3150007182720CA4B0F08034CC715608FAC08C910F0C1
S31500071837016087AC6007ACC91BF00DC921F00CC95D
S3150007184775F011C964F02060A7646020F40B20CAFD
S315000718574BA76460AD8B05C9EF9006A9FF8D8B056E
S315000718676089108D8B0560AD8B05C910B006A90178
S315000718778D8B056038E9108D8B056027A4F73160D6
S315000718873F6B0DA9FE8DFC02A9098DFD024CFE09CA
S315000718971F6B034CC2E3AF6A1DAD4D048DBD02AD89
S315000718A74E048DBE0277612F89034CF7186F890699
S315000718B7203D199029604F661AA5C6CD4F04D01348
S315000718C7A5C7CD5004D00C4766F764AF6A0577649A
S315000718D74CAF2020D6499006AF6A144C090C2F6ADD
S315000718E70348800320AC0E205B232F6A0268186023
S315000718F7C202110620D649B01BC910D00920D649FE
S31500071907B012C903F021AE33048D33048E1006A730
S315000719178B4C5B23200D19B78B278BA905203B25F6
S31500071927B766203125800CD2021106200D19CE3253
S3150007193704278B4C090C209819B012FF8A021860E6
S31500071947AAC20211068E1006205B233860C9B1D0DA
S3150007195715D2021106AD33048D1006205B23CE324E
S3150007196704EF8A2B8026A9FF8D1006EF8A16A78A0A
S315000719777F8A19E78AA9008D32048D38048D3904C1
S31500071987178AD786AD9705D00320312520090C3846
S31500071997600F8B07078BAD3504801B20D64990034D
S315000719A7A9B460AF8B08C919D00CA78B80ED278B15
S315000719B7C9B1D00F386018FF8A0160AE33048D337B
S315000719C7048A60A200DDF519F013E8E014D0F6489B
S315000719D7297FC920B0036880DD684CA219E0049007
S315000719E708BD1D1A8D3504878BBD091A80C85C7615
S315000719F7A0A15D77A2A3A4A5A6A7A8A9AAABACADE4
S31500071A07AEAF1999111319991113191919999999A3
S31500071A1711111113131300000000199911139911C6
S31500071A2713191113199913199911AD00068F59032C
S31500071A374C8D1B3F91016048206AE47A08B9A829AB
S31500071A47A8AD84042980D01B28B0034C861BEEDE7D
S31500071A5798D003EEDF9820861BADDB98C906D00220
S31500071A67B79160ADDE980DDF98D02728B012A90089
S31500071A778D86048D87048D88048D89048D8A046075
S31500071A87EEDE98D003EEDF98AD8A0409048D8A0443
S31500071A97800628B0034CFD1A5AAD8904D019AD8ABA
S31500071AA7042904D00DAC880420841BAD8A042902B7
S31500071AB7D005A00020841B7AA9008D86048D8A0489
S31500071AC7A2088E870498F02EEE8604CE87040A901E
S31500071AD7F78D8804EE8904AD8904C9039017B79172
S31500071AE7A9008D86048D88048D8904A2088E87042C
S31500071AF7A00120841B60AD8904F03CC000D00BAD64
S31500071B078704D006AD8804D001605AA00120841B3C
S31500071B17EEDE98D003EEDF987ACE8904F0195AA03D
S31500071B270020841BA00120841BEEDE98D003EEDF7E
S31500071B37987ACE8904D0E7AD8A042901D03E98AEB4
S31500071B478704F0044ACA80FA0D88044898AE8604C3
S31500071B57F0040ACA80FA8D88047A20841BAD8504A7
S31500071B672980F018A9018D8A04AD8504290FCD8729
S31500071B7704B00160AD8A0409028D8A046080009863
S31500071B87BF9203B9A82948203A4AA9058DBD02A9D4
S31500071B97008DBE02776180124820B54AA5A7293F5F
S31500071BA7F008AD20868DBD02776168B02C778EC9A0
S31500071BB710D00B3F6B0520D04A800320684A978DC4
S31500071BC73F6308CF7805DF780FB7666F920AC208B3
S31500071BD71F06D2101F06D7B4603F6B057F8E02F725
S31500071BE7A7F78E80D93F6B1AA92F8DFF02A9E38D19
S31500071BF70003A92C8D1C06A9408D1806A9A37B4CA3
S31500071C072FE31F6B034C311A0F89034C711CF270B4
S31500071C170220036F89034CB41C6F590B4F640547A2
S31500071C27644C00214C571CAD4D048DBD02AD4E04C7
S31500071C378DBE02776120880E90164820270C68907C
S31500071C470160C9089008A9018D4B044CF40BA54000
S31500071C572093496F5905207A228003CF5D0BCF78EA
S31500071C6708DF78053F6302B76660AC0A0698AE00D9
S31500071C77062F89292939F0094A90034CBD23F7709E
S31500071C8760E010F0112F5515E013D004A20A80065D
S31500071C97E011D009A20BDAA910209349FA8A2093F3
S31500071CA749CF7808DF78053F6302B76660AC0A064F
S31500071CB798AE00063F631E7F8A505F8C04293980DA
S31500071CC7022919F0204A9007678C778C4C6226F70A
S31500071CD7702908D00160A91920934990034CC21DA2
S31500071CE7A9B04C751D5F8C1EEF8C0FFF8C068E37C0
S31500071CF704F78C608E3604E78C60AD36048E36049F
S31500071D07AE37048D37047F7001608AC919D004A9D5
S31500071D17008019C999D004A90180116F894AC91189
S31500071D27D004A9028006C913D03EA9038F8A0B8D53
S31500071D373404878AA9028DE78560078AA8A9192027
S31500071D479349B058980A0A0D3404AABDAC1DEF8902
S31500071D571DBDBC1DE001F004E004D012878A8C3450
S31500071D6704A0028CE78580060F8A0320861D209329
S31500071D7749B048CF7808DF78053F6302B76660073B
S31500071D878A48A919209349B013AE3404BDAA1D6F13
S31500071D978903BDA61D209349B002686068801C5C4D
S31500071DA776A0A17C765DA7AAADA477ABAEA5A8A2B8
S31500071DB7AFA6A9ACA37D76AAAD7C776F89160878F7
S31500071DC720CA4BA919209349A9B62093493F63030C
S31500071DD72011FA2860E270022019F26F028014AD0B
S31500071DE7E385D00CAD70022903D005E270028003A4
S31500071DF74C98144F68700F08040F2E0160E27002A3
S31500071E07200AE26F020405DF781D801E0F08059F6B
S31500071E17241880036F0313D778275BA9368DF90232
S31500071E27A9E58DFA02A75B3766605F6411A5C0CD82
S31500071E375104D00AA5C1CD5204D0034C55210F082A
S31500071E47017820FF49900737660F0801586020A1D8
S31500071E57150F0805588520800285388F08034C8C8F
S31500071E6722208C2280900F081C8F25139F3010A2E3
S31500071E7702A50F9F30097F0CFACAD0F54CE71E0F4C
S31500071E872E034CE71E1F78091778A778AD750480C8
S31500071E97090F784D07782778A9110F08228F6B0541
S31500071EA79F6B02801A8F25179F30128F21051F30C8
S31500071EB7FA800A2001FC0F2104A731B7A45730205F
S31500071EC755FA8F6B169F6B13BF6B10DF780DCF789D
S31500071ED70A0F08070F25040F2E0760EF5902376603
S31500071EE760F24E0204321F552FE27002200AE26F94
S31500071EF7020405DF781F80200F08059F241A80052F
S31500071F07208CF9B013D778275BA9368DF902A9E58F
S31500071F178DFA02A75B376660EF590C3F6B034C7662
S31500071F271F8F6B179F6B145F6414A5C0CD5104D021
S31500071F370DA5C1CD5204D0064C55214C761F0F0867
S31500071F47017820FF49900737660F0801586020A1D7
S31500071F57150F0801580F08052055FA800285388F8F
S31500071F6708034C8C22208C220F25034CDC1D608F1F
S31500071F7708433F6B0520754B800320154B900337A6
S31500071F876660482055FA68BF8D07C910D023B78DF5
S31500071F9760378DC903D01A8F591520154B85BA2770
S31500071FA75DA9BC8D1403A9E38D1503A75D376337B1
S31500071FB766608F2E0F3F6B0520754B800320154BE9
S31500071FC79003376660482055FA68BF8D08C910D051
S31500071FD7E1B78D80DD378DC903D0D78F59E4201533
S31500071FE74B85BA275DA9BC8D1403A9E38D1503A7EE
S31500071FF75D376380CD8F083DE768673A202CFA7F00
S315000720076713A55629384A4A4AC900F008C902F08C
S3150007201704C904D00E375DA92B8D1703A9208D1880
S3150007202703B75D60EF682E375D2029FAA55629386D
S315000720374A4A4A8011EFA403EF681A67A4E768A517
S315000720475629384A4A4AC900F008C902F004C9049A
S31500072057D0044C402260C901D0376F59054F8D020E
S31500072067802420B44B20CA4BA90085770F0802B7EF
S31500072077316F590F205B233F63098F08063F6603B6
S315000720872011FA20DEF8F764EF590577644CAF207D
S3150007209760C903F0F1C766A5C48D4F04A5C58D5062
S315000720A704EF59034CF90B6020090CA9008D470467
S315000720B7375DA93C8D1703A9E58D1803B75DD24090
S315000720C708067F6703209B0BD280110660AC47047F
S315000720D7C88C4704CC5704D01FC28011067F6706F2
S315000720E7BF630320960B375D4766A91E8D570420E6
S315000720F75B23208C224CF90B60EF5909A556293823
S315000721074A4A4A8003AD5E99C900F004C901D0124D
S3150007211720CA4B20B44BA90085770F0802A7314C75
S315000721275521C902F004C903D0034C5521EF5906B7
S31500072137A5C205C3F0F4D764A5BE8D5104A5BF8D07
S315000721475204CF7808DF78053F6302B766603F63B7
S315000721572B37668F0815A91E8D4804475DA9848DF9
S315000721671A03A9218D1B03C75D801120A1FA475DB5
S31500072177A93F8D1A03A9E58D1B03C75D608F081A4B
S31500072187EF3C05CE4804D012A9008D4804A93F8D18
S315000721971A03A9E58D1B034CA1FA608F080DAC48F6
S315000721A704C88C4804C01ED03180035F702C20A654
S315000721B7FA475D0F080257705764EF590BAD0A06C2
S315000721C729C78D0A0620EF0B205B23208C22CF78A1
S315000721D709DF78063F63034C11FA60AD0A023048F8
S315000721E7EE4104AE4104AD1402D005E003F01860D2
S315000721F7E001D0058F5F21801AE002D0070F5F182D
S31500072207A20180118F5FF9A9398D1403A9E58D15E9
S3150007221703A75DA2008E4104AD14020A8D8F02A99A
S315000722270069008D9002075F60F270024008AD14DF
S3150007223702F0048F5F0160275D3763AD6F022903DD
S31500072247F00AE26F022005A00020C1E4C22070024F
S315000722572F550D0F08025730A9112042FA2097FA72
S315000722671F550320DEF820E7F220A3E18767A900B9
S3150007227785BA60AF770EA5C3C901D004A5C2C95EE3
S315000722879002A777602F77160F080178A5C3C901AC
S31500072297D004A5C2C9000F080158B0022777600FF7
S315000722A708020878EF894AA5C9C901D004A5C8C98C
S315000722B75EB0050F080128600F0801282F550AAFDA
S315000722C778079F78049778B7661F5524E7780F0826
S315000722D71C4F221C78A522090F29EE8522E27102D7
S315000722E70108A5222901C901D0EB5880034CF9F843
S315000722F760A5C9C900D0BAA5C8CD9A0580B30F0886
S315000723070178A5C33F6B0AC913D00EA5C2C9338087
S3150007231708C904D004A5C2C9CC0F08015890342FA1
S31500072327550AAF78079F78049778B7661F5524E746
S31500072337780F081C4F221C78A522090F29EE85223C
S31500072347E271020108A5222901C901D0EB588003CA
S315000723574CF9F860AF7804EF7801600F0802087840
S31500072367EF8946A5C9C901D004A5C8C900B0350F65
S315000723770801282F55078F78048778B7661F5528CA
S3150007238767780F081CCF22200878A522091F29FE80
S315000723978522E271020108A5222901C901D0EB2886
S315000723A7604CDEF80F08012860A5C9C900D0BEA58D
S315000723B7C8CD990580B7FF70078009982938F004B3
S315000723C7A9048002A903203B2520EF0B77703F63FB
S315000723D702B766601F7108CF8905AF8902C789CF1C
S315000723E789034C912417897770F2060610500878E7
S315000723F720F40B20090CA00020A90BA2022087E2D4
S31500072407D2100406D20108062015E228AD72058DFB
S3150007241779049F711BA9087F8902A9095F8A02A9FF
S31500072427118D72058F08052091F98004B731A731F9
S31500072437A9C88D9F02A9008DA0020760804C8F60EF
S315000724470EE21E060144AD0A06AE00064A903B4752
S3150007245789A789078B178B278B20B44B20CA4B2055
S315000724675B23A9008D3204A90C2049259F7118FF04
S315000724776615A55529078DE305A90648A9F825551C
S315000724878555680555855520EF0B3F892A209B0BF0
S31500072497A9080F8A0F078A20CA4BB203BAB248BDE3
S315000724A7B759A909204925675937892097FAAD7971
S315000724B7048D72054C91F99F6E3F2F893CF20706EB
S315000724C7012CF21E062032E20A06022DAD3204D08F
S315000724D706AF78036F78227820D649C910D003202C
S315000724E7D64948205B2368588D33044CF90BADCC86
S315000724F700C90A9004C201070660782F8B0720D602
S31500072507499004878B586058C910F0059F8B06803A
S31500072517E9978B80E5C903F004178B80DD178B27AF
S315000725278BAD3204F003CE320460D2010706A90049
S315000725378DCC0060087848A91020934968209349ED
S315000725472860203B252011FA60BF8D1BC910F013A1
S315000725578F8B0EBF8B0B1860A9105A2037497A80C5
S31500072567F53860B78D80FA378D8F8B0CBF8B15C9FA
S3150007257703D01EEE320480E0C903F00280E3078B1F
S31500072587278B80DD801AC904D005378B4C14268024
S31500072597D0C910F0C3C909D00720F40B878A80046E
S315000725A7C908D01F2789B7899F7112FF660FADE341
S315000725B70548A9F825558555680555855517780793
S315000725C778809EC900D029A901203B25A900EF7865
S315000725D7020901E20A0601020902E20A06100209CE
S315000725E7043F8B0209087820934958B7664C682534
S315000725F73F8B0BC904D004378B80124C6825C90457
S31500072607F0034C5F25E21E06200E20312520B44B2A
S31500072617205B23A9008D32044C6825FF8A13EF8AAE
S3150007262708C955D02BE78A8027C910D021F78A8092
S315000726371DC9CCD00457898013C955D007C7892028
S31500072647F40B8008C9AAD00417896759778A678A56
S315000726575F8904C9FFF00218603860FF700C985F3E
S315000726678C04293880022918F004A9B28002A9B177
S31500072677480F8A14078AA919209349B023AE340449
S31500072687BDA61D209349B018A919209349B011680B
S31500072697209349B00C20EF0B77703F6302B766604C
S315000726A7684CC21D4F89513F634E4789F7707F8A2A
S315000726B708AD0A064A90027770A9028D1205F78AAE
S315000726C7078B178B278B20B44B20CA4B205B23A975
S315000726D7008D3204378C087820F40B20090CA000EC
S315000726E720A90B208F27D20108062015E2280F08F5
S315000726F704B731A73120EF0B3F89383F6335378951
S3150007270720B44B20CA4B205B23087820F40B2009FB
S315000727170C20960B209F0BD2400806208F270F0801
S3150007272704B731A7312820EF0B6F8905A9018D1249
S3150007273705778A5F8928FF8A04B7898002C7895779
S31500072747898F08052019FA800237662097FAA9198B
S315000727572042FAA9BB2042FA2097FA2040224F8A3D
S31500072767318F08052019FA800237662097FAA919C3
S315000727772042FAA9BA2042FA2097FAB203BAB24810
S31500072787BDD768B759675960A2022087E2D21004F6
S3150007279706602F8A163F6313A919209349B069A9BB
S315000727A7B4209349B062278A2011FA3F8A163F63F6
S315000727B713A919209349B050A9B5209349B04937AA
S315000727C78A2011FA3F8B3F6F8A3A3F6339F21E0613
S315000727D72034A919209349B02FA9B9209349B028BE
S315000727E7AD38040A209349B01FAD38042AAD39041A
S315000727F72A0A209349B0112011FAA9008D38048DAA
S315000728073904678A378B80034CC21D7F8B1B3F634F
S3150007281718A919209349B0F0A9BC209349B0E92014
S31500072827090CB78C2011FA778B0F8C1B3F6318A9F6
S3150007283719209349B0D2A9BD209349B0CB20090CDB
S31500072847B78C2011FA078C4F8B3C3F6339A91920A0
S315000728579349B0B4A9BE209349B0AD20D728209392
S3150007286749B0A520E428209349B09D478B087820CF
S31500072877B44B205B23A9008D3204178A378C078B45
S31500072887278B282011FA1F8C05178C201A3E2F8CA9
S3150007289709278C87741774201A3EBF8C327F8A2FB5
S315000728A7F20706011FF21E062025E20A060220ADD9
S315000728B73204D006AF78036F781578209819582011
S315000728C7F90B800BADCC00C90A9004C20107066055
S315000728D720650C9024208647AABDF1286020650C41
S315000728E79017207847AABDF128602E212223242591
S315000728F7262728292A2B2C2D2E20570EAABD08292D
S31500072907602020202122242526232728292A2B2C25
S3150007291760F24E02040E0F08059F24088005208CD7
S31500072927F9B001605778275BCF78F83F63F54C1105
S31500072937FA78A76A208718276A5860784F6612A514
S31500072947C6CD4F04D00BA5C7CD5004D0044766F7AD
S315000729576420D6499002800648205B23681858608A
S31500072967784F64074764200021586048AD6F0229EE
S3150007297703F0066820121D800468209349207A22EF
S31500072987CF780DDF780A3F6307B7668F080297394F
S31500072997586078200F1C8F08063F66032011FA58E0
S315000729A760008040C020A060E0109050D030B07023
S315000729B7F0088848C828A868E8189858D838B8780B
S315000729C7F8048444C424A464E4149454D434B4742F
S315000729D7F40C8C4CCC2CAC6CEC1C9C5CDC3CBC7CAB
S315000729E7FC028242C222A262E2129252D232B27229
S315000729F7F20A8A4ACA2AAA6AEA1A9A5ADA3ABA7AAB
S31500072A07FA068646C626A666E6169656D636B676CE
S31500072A17F60E8E4ECE2EAE6EEE1E9E5EDE3EBE7E4A
S31500072A27FE018141C121A161E1119151D131B171F5
S31500072A37F1098949C929A969E9199959D939B9797A
S31500072A47F9058545C525A565E5159555D535B5759E
S31500072A57F50D8D4DCD2DAD6DED1D9D5DDD3DBD7D1A
S31500072A67FD038343C323A363E3139353D333B37398
S31500072A77F30B8B4BCB2BAB6BEB1B9B5BDB3BBB7B1A
S31500072A87FB078747C727A767E7179757D737B7773E
S31500072A97F70F8F4FCF2FAF6FEF1F9F5FDF3FBF7FBA
S31500072AA7FF48D201530268ADC300D00AADC200C9B9
S31500072AB704B0034C2A2B20154BB073A8CFAA0520C1
S31500072AC7154BB06ADFAA128C100648D202110668A0
S31500072AD78D1006C2021106802A4FAA17A9008D1064
S31500072AE70648D2021106689849808D1006C2021158
S31500072AF70680108C100648D2021106688D1006C28A
S31500072B07021106ADC300C908D005ADC200C900B09A
S31500072B170320B9E3A5A7293FF008AD20868DBD0297
S31500072B27776160CF8D908DD686E7A74C090CA900EC
S31500072B378DD6864C090CE21E060434E21E060135BD
S31500072B474FA908AD010609208D01065FAA034C7D2B
S31500072B572B7FAD07E20A06201677ADAC0006E20A19
S31500072B6706100FAD00064898209F1B684C9F1BADA4
S31500072B770006AD0006607FAD07E20A06206177AD5E
S31500072B87AD000685474FAA37E20A061052AD00067B
S31500072B97A8A5AB29784A4A4AC903D020AEE0869842
S31500072BA79DDA86A5479DD986E8E88EE086E004D0B4
S31500072BB72EA9008DE086202E2DA88004984980A887
S31500072BC7209F1BCF7805DF7802B766CFAA115FAAC2
S31500072BD70C57AAE20A061007AD000680E2D7AA60D5
S31500072BE7A9008DE1868DE2868DE3868DE4868DDDE8
S31500072BF7868DDE868DDF86A9018DE08660AFB26496
S31500072C07D210050617B31FB215AD050509028D05BF
S31500072C170520BB2C9FB30160C20109068005A9578A
S31500072C27207FE1A9208D1806A9018D1906A9908D80
S31500072C371C06A9E87BA90A8D9902A9008D9A02574E
S31500072C475FDF5F67A2012082F8A9908D1C06A9C8D6
S31500072C577BD0EEAD1906D0E99FB31720B32CC20177
S31500072C670906800E20B32C20A32CA9E87BA20520F2
S31500072C7782F8A91E8D9902A9008D9A02575FAD00A2
S31500072C8706DF5F27F21E0601F5A96F8D1C06A980C9
S31500072C977B09018D1806A9A07B4C37E4A9908D1CE3
S31500072CA706A9C87B09208D1806A9E860A9768D129B
S31500072CB7064CB00EA9078D1C06A9C87B29EF8D18E8
S31500072CC706A9E87BA9008D18068D1906A9038D1C89
S31500072CD706A9E87BA9008D1806A9608D1906A9A27A
S31500072CE78D1C06A9AB7BA9098D1C06A9C87BAD193F
S31500072CF70609048D1906A9E87BA90A8D9902A90071
S31500072D078D9A02575FDF5F1EA2012082F8A9098DF8
S31500072D171C06A9C87BAD19062904D0E9A9AF8D12E8
S30C00072D270620B00E97B3600A
S31500072D2EA001ADD9868540ADDA868541800AADDB31
S31500072D3E868540ADDC868541ADDF860AAA77A8383B
S31500072D4EA540EDDD868540A541EDDE868541300C35
S31500072D5EA541C900D004A540C900D00FF7A838A9C8
S31500072D6E00E5408540A900E5418541B20046BD46CE
S31500072D7E3085428544BD473085433A66443A6644B4
S31500072D8E3A66448545A541C543D004A540C542903C
S31500072D9E1DB2044638A540E5428540A541E5438563
S31500072DAE4118A54465428544A54565438545A54312
S31500072DBE3A66428543A541C543D004A540C5429010
S31500072DCE20A5460902854638A540E5428540A54118
S31500072DDEE543854118A54465428544A54565438562
S31500072DEE45A5433A66428543A541C543D004A5404A
S31500072DFEC5429013A5460901854618A54465428521
S31500072E0E44A54565438545ADDD868540ADDE86859C
S31500072E1E41A5412980AA7FA80F38A540E5448540DC
S31500072E2EA541E5458541800D18A54065448540A514
S31500072E3E4165458541FFA8178AD029A541C97FD087
S31500072E4E04A540C9FF901DB2FF40B27F4180158A87
S31500072E5EF012A541C980D004A540C900B006B2003C
S31500072E6E40B28041A5408DDD86A5418DDE86A546FD
S31500072E7EAAADDF86187D36301004A9008006C9581C
S31500072E8E9002A9588DDF86A5467FA8020908C000BD
S31500072E9EF0068547884C3C2D0A0A0A0A054760A0A4
S31500072EAE018547290F77A8C9089004F7A82907852A
S31500072EBE46ADDF860AAABD463085428544BD4730F4
S31500072ECE8543A546AAADDF86187D36301004A900C0
S31500072EDE8006C9589002A9588DDF86A5433A6644DF
S31500072EEE3A66443A66448545A5462904F00D18A563
S31500072EFE4465428544A54565438545A5462903C9C7
S31500072F0E03F011C902F021C901D031A5433A664231
S31500072F1E85438014A5433A6642854318A544654200
S31500072F2E8544A54565438545A5433A6642854318B7
S31500072F3EA54465428544A54565438545ADDD86852C
S31500072F4E40ADDE868541A5412980AA7FA80F38A503
S31500072F5E40E5448540A541E5458541800D18A540C8
S31500072F6E65448540A54165458541FFA8178AD02941
S31500072F7EA541C97FD004A540C9FF901DB2FF40B237
S31500072F8E7F4180158AF012A541C980D004A540C994
S31500072F9E00B006B20040B28041C000F01AA5408DBF
S31500072FAED9868DDD86A5418DDA868DDE8688A5477F
S31500072FBE4A4A4A4A4CB32EA5408DDB868DDD86A539
S31500072FCE418DDC868DDE86ADE086D0016018ADE1DB
S31500072FDE866DD9868DE186ADE2866DDB868DE286B8
S31500072FEEADE48669008DE486EEE086F02018ADE145
S31500072FFE866DDB868DE186ADE2866DDC868DE28695
S3150007300EADE48669008DE486EEE086D00CADE286E9
S3150007301E8DDD86ADE3868DDE86A9008DD9868DDAA2
S3150007302E868DDB868DDC8660FFFFFFFF02040608B2
S3150007303EFFFFFFFF020406080700080009000A0043
S3150007304E0B000C000D000E001000110013001500EA
S3150007305E170019001C001F002200250029002D004D
S3150007306E320037003C00420049005000580061000C
S3150007307E6B00760082008F009D00AD00BE00D1006A
S3150007308EE600FD0017013301510173019801C101D5
S3150007309EEE01200256029202D4021C036C03C303EE
S315000730AE24048E04020583051006AB06560712087E
S315000730BEE008C309BD0AD00BFF0C4C0EBA0F4C1114
S315000730CE0713EE1406175419DC1BA51EB621152574
S315000730DECA28DF2C5B314B36B93BB24144487E4F8B
S30F000730EE71572F60CE696274FF7FE9
S315000730F8D75FE75FF75FC280760207652763677959
S31500073108777A77797786A9008D43048D3A038D8177
S3150007311805B7785759A9508DCC02A9E38DCD02D7A3
S3150007312859205D343F7816A55329304A4A4A4AF04A
S315000731380CAD8203C903D00520B4343778AD8203B2
S31500073148D002802AC901D002803EC902D002803D3A
S31500073158C903D0028042C904D0034C0832C905D036
S31500073168034C183220E3329003203932802720E3B4
S3150007317832B0028020203932A55329304A4A4A4AB2
S31500073188F013CF63104C70E420613380032061335A
S3150007319890032039324C3832A55329304A4A4A4ACD
S315000731A8F054CF631F3F6B07AD1206C9ACF0E6AD07
S315000731B83B03C9FEF00EE276028009C2807602203A
S315000731C8B434377820C734E000F02B2070E4A57AAA
S315000731D829804A4A4A4A4A4A4AD00FAD8B038D9DE7
S315000731E802A9008D9E02775FF77A20C734E000F0C0
S315000731F8057F5F02777A20E332903520393280954A
S31500073208206133E276028028C28076022070E46065
S3150007321820E3329003203932A55329304A4A4A4ACD
S31500073228F00EFF86052070E4F7867F8603207FE485
S315000732386007652042F9AD7A048D9902AD7B048D46
S315000732489A02575FAD3502F008AD4204D0034CDE4B
S31500073258322F59034CDE323F59034CDE326F79035E
S31500073268EE09022067E10F4D034CDE326F7923AD75
S315000732788703C904D007AD3A03C902D015B202BA03
S315000732882097E46779A9008D3A03AD810529FE8D54
S315000732988105CFA141B7AACF6A3CAD0802F037A589
S315000732A85329304A4A4A4AF015AD8203D010AD0869
S315000732B802C901D009AD0902C902901A800AAD08E8
S315000732C802CD0902F002B00E20E3E3B241BDB759B9
S315000732D8203EFA20F1F360000102045F5F05A900AA
S315000732E88D09021FB0034C2A348F651A2F634A27A4
S315000732F8638765F77C6779AD3502F005AD0902F096
S31500073308382027F980337F7C2620320BD02B27637A
S31500073318777CAD8A03C9039002E903AC3502F0034B
S31500073328AD42048D9B02A9008D9C02675F800AEF58
S315000733385F0920320BF002F77C1860E779A5532955
S31500073348304A4A4A4AF009AD8203C905D002F77AD4
S31500073358AE3A03E88E3A0338605F5F15A9008D0910
S31500073368020765AD7A048D9902AD7B048D9A0257DB
S315000733785F1FB0034C2A348F652DAF63034C263481
S3150007338887652763F77C6779AD3502F008AD0902CB
S31500073398D0034C2634A55329304A4A4A4AF0037FB4
S315000733A87A032027F980777F7C6820320BF0028022
S315000733B86DAD4304CD81039065A91E8D9B02A900B7
S315000733C88D9C02675FAD4304A2008E4304CD850337
S315000733D8B02BCD830390476779A55329304A4A4AC4
S315000733E84AF03BAD8203C904F034C902F007FF7AF5
S315000733F819F77A8004F77A8011777C8021E779AE06
S315000734083A03E88E3A03076580162070E4777A0749
S3150007341865606F5F0920320BF006F77C87651860D1
S3150007342838608F650E2F6324E77987652027F9F7B4
S315000734387C800DE7797F7C166F5F11777C2042F9D0
S31500073448A9908D9B02A9018D9C02675F18606F5F23
S31500073458FB07653860A00FB99E038D7A04B99F03E9
S315000734688D7B04ADDA038540ADDB038541A541CDE8
S315000734787B04D005A540CD7A04900320A934A90179
S31500073488F00B0E7A042E7B0438E901D0F5B2884092
S31500073498B20341A541CD7B04D005A540CD7A04905A
S315000734A80AA5408D7A04A5418D7B0460B2024320A4
S315000734B8D334B2C340B234414C1735BC4BC761A2AB
S315000734C800AD16062903F002A20160A98320880D1C
S315000734D820F9E209018D1806A9A48D1D067BA543C7
S315000734E88D1806A93A8D1C06A9A48D1D067BA90465
S315000734F8A03E200DE409108D1806A9A48D1D067B8C
S3150007350820B00EA54348205DE26885434CDCE4A05D
S3150007351800A201B1408547A1408546A90A8545B954
S3150007352842358544200AE418A54069028540A54125
S3150007353869008541C8C443D0DA60828486888A8C44
S315000735488E90A9788DEF85A9008DF0856762A90009
S315000735588DA1048D78868DA8048DA904C204490215
S31500073568C2104D02176E076E37746774C210500281
S31500073578C2085202C2805302C2045002C202500253
S31500073588C2404902D774208DE2200743200A462005
S31500073598BB45200E3A201746202347A9C88D9B020C
S315000735A8A9008D9C02675F2051472009E2988D91F3
S315000735B8048A8D9504A9028D2E05A9008D54022724
S315000735C86E2F670BA9CB8DCC02A9E38DCD0260A917
S315000735D8158DCC02A9088DCD02475AA9F08DE102AF
S315000735E8A9358DE202C75A60EF59036F5F0DA953D4
S315000735F88DE102A9E38DE20220974560AD859AD051
S315000736083A4F6F05204436476F5F6F21202C46E2F5
S315000736184E028003EE3A04F24E02040320E73B20EB
S315000736281A3720B3364F5A0320E002576F5F5A03FB
S3150007363820E302E2490202034C8043602081367F79
S31500073648680FF2090604077F5F04D20409066F5F4D
S315000736580B201E3CF24E02040320B73A204C3C20AE
S31500073668023CAD7204D0035F650320713C2018E263
S31500073678E2490202034C023760E250020128A90414
S315000736888D1C06A9C87B291EF01CF24C02041BA236
S315000736980F2082F8D2044C02A9458D1806A9898DF0
S315000736A81C06A9A37B60C2044C0260F251021021D2
S315000736B8F25102041C9F6E1920FF0F20200EAAAD97
S315000736C8A104DD8948B00AAD9C04F00530038D5680
S315000736D8046020380C902220200EAAADA104DD151F
S315000736E848B016202C0E20CFE2CD3A02B00B89013E
S315000736F820D5E220BEE1206B47609F6E146F6A11E2
S315000737088F6E0E8F4D0BDF6508A9028DE00420DC4E
S3150007371845609F6E03EF5F034769609FB210F251DA
S3150007372802100CF251020207EF6B04AF7101604FEA
S31500073738690160C769A9008D18068D1906A9118D33
S315000737481C06A9AB7BAF5E07A9008D859AA75E60A5
S31500073758C2046B02C2086B021F8510D2106B02AD3A
S3150007376890038540AD91038541800EC2106B02AD6B
S3150007377892038540AD93038541D2806B02A441A687
S3150007378840B20E47A9C22007E4A018A200B20D4707
S31500073798A9C02007E4A020A200B20E47A9C02007A7
S315000737A8E4A008A200B20F47A9C02007E4A00CA20C
S315000737B8CCB20C47A9C12007E4A078A200B20D47EE
S315000737C8A9C12007E4A005A21EB20E47A9C1200772
S315000737D8E4A00CA2CCB20F47A9C12007E4A080A297
S315000737E800B20F47A9C42007E4A000A200B20E47FB
S315000737F8A9C42007E4A906F26B021002A90F8D6572
S315000738089A60AD859AD02CF26B020242F26C0202DC
S315000738183C8F74399F7436AD120629F0C970F013B8
S3150007382820F4E1B028AD1706C9249021AD1606C9BC
S3150007383824901A205938A90AF26B021002A9028D98
S315000738480E86A9008D0F8648C2046C026860375E2B
S3150007385860E26D0280034CD639E26B0240034CF7EF
S3150007386839AD859AF011C91DD005E26E02021AC94B
S315000738781CD003BF851360F26B0280034C5837F2DE
S315000738886B02081DE26B02105BA90EA0C4200DE4AB
S31500073898AD1906F00CC909B009CE659AD0034CF1E3
S315000738A83760AD94038DAD02A9008DAE027760AD82
S315000738B8859AC91CF0E8C91DD006D2026E0280DEB9
S315000738C8275ED2046B02EE0405C2106B022073371B
S315000738D820000EAD95038D649A8009F26B020401E8
S315000738E8604C85392F85F4A55329304A4A4A4AF048
S315000738F8EAE26B020408AD649AF0E6CE649AA90E6A
S31500073908A0C4200DE4AD1906F097C904B008CE6522
S315000739189AD08E4CF13720043A275ED2046B02D22E
S31500073928086B02A55329304A4A4A4AF050A9008D1E
S31500073938E8854C88E4BFB40D9FB20AA948207FE101
S31500073948A95C207FE1AD669A8D1206A2022087E25E
S31500073958D208050620100CC204110620B00EC210A4
S315000739680506A9158DCC02A9088DCD02AD679A8DD6
S31500073978FF02AD689A8D00036F81025759200E0E14
S31500073988F26C02011AAD6B022903F01FE26D020100
S315000739980E6FB20B20043AA9088D859AA75E60C2F6
S315000739A8046B02A9038D26024CEB45E26D02010E54
S315000739B86FB21B20043AA9018D859AA75E606FB27C
S315000739C80D3FB20A20043AA90C8D859AA75EAD85E4
S315000739D89AD008C2046B02C2806B02C2806D02D2FB
S315000739E8106B02A9148D649AD2406B024C27F9CE44
S315000739F8649AF00160C2406B024C42F91F6E06C218
S31500073A08041506176E60C2804C02C2404B02C2807C
S31500073A184902C2204D02C2404C02C2205102C2804E
S31500073A284D02C2014D02C24051024774C2104B02F1
S31500073A38C2025202C2805002C2204B0207B360F28A
S31500073A484C020831F20F068064EE1405AD16068D92
S31500073A583902A9058DB702A9008DB8024761E25058
S31500073A6802010CA90F8DB702A9008DB8024761D2CA
S31500073A78084C028038201A0ED02DEE1405CF612582
S31500073A88F20C06100DF20C064008AD1606CD3902E3
S31500073A98F01BC761C2084C02201B41A9078DE00429
S31500073AA8205CE380081860C761C2084C0238609F2B
S31500073AB86E1D20473A904EFF6C1620650CB01120F4
S31500073AC8380C9011E20B060207C2020B0680366015
S31500073AD820BC3B90300F652CAD1202C9FFF0056F6D
S31500073AE8600280215F601D1F650820F40D0765E7E2
S31500073AF860609765201BF9AD11028DA902A9008D93
S31500073B08AA0257606020A83BB01AEF59065F4E0312
S31500073B182021F91F651BAD1206C982F004C984D096
S31500073B28105F650160F20F060407D208090620B080
S31500073B380E1765D7606F6067AD1202C9FFF0380FB9
S31500073B486535F25002010F5F660CAF8D09176507D9
S31500073B5865D220A5996020A80C9014D2404902077F
S31500073B6865AD9C048D5604A9088DE0044C5CE3A951
S31500073B78048D26024CEB458765F250020103DF6682
S31500073B880320E30DAD1202C9FFF0141FB007AD11EC
S31500073B9802892880008DAB02A9008DAC0267606098
S31500073BA8E20F06040D20F40DE20F06400520DD3A64
S31500073BB838601860FF6C0B9F6E0620D73BB0016014
S31500073BC8386020D73BB00160AD9C048D560460ADC4
S31500073BD89C04F0EC30EA38ED5604B0E4C9E860FF17
S31500073BE84C177F6C14A909A0A0200DE4AD1906D0BF
S31500073BF808A9048D26024CEB45608F6418FF6715E4
S31500073C08AD1F02F0107F610DA9058D9586A9118D47
S31500073C18260220EB4560AD1206C9E0F00DC990F003
S31500073C2809C9C0F005C970F0016020DE4490141771
S31500073C386ED769C2104D02A9108D260220EB45C220
S31500073C4802490260EF5921FF671EF20E064019ADB9
S31500073C584B04F011A9008D4B048D4C048D49048D36
S31500073C684A042000214CEF0B601F631E8F4D1B2053
S31500073C782C0EC904B015DF6506F20F06044060DF8F
S31500073C88650820D2F8208EE1A70A60E20F0601FA36
S31500073C98C2010F06E2020601E9C2010206D20402C0
S31500073CA806D2080806A9018DA502A9008DA602371E
S31500073CB8603F60FDD22007066F4E0320D8F8D76508
S31500073CC82064F920A545270A606F5F5E9F6E5B6FC4
S31500073CD85910076EF2500201095F660620F36290D3
S31500073CE80160208145D002076E20E23D3002801A26
S31500073CF8EEA404201B41A9038DBC04EEB904D00326
S31500073D08CEB904D20415064C953FCDA204B0038D4F
S31500073D18A204CDA30490038DA30420DA36077417EB
S31500073D28742097418F74031F7406A9008D54026087
S31500073D3820200EAAADA104200941B0176F7407E227
S31500073D480F06200F6774076EA9008D540220F40D1D
S31500073D584CBB450F651820A80CB00160AD9C043014
S31500073D68FAC92290F6ED5604B004C9E890EDF25068
S31500073D7802013620A80C9031AD5402D00F20974582
S31500073D88ADA104C9689022A9058D5402ADA104C93D
S31500073D98689016AD1202C9FFF00FE20F06800A20D7
S31500073DA8E23DCE5402D0B48010A9008D54023F617B
S31500073DB8AA208145F0A56F613E208145F014D240BF
S31500073DC84902D2011506A9008D5402A9038DE004FC
S31500073DD88040A9048D26024CEB4520270C9009A99B
S31500073DE8008010E2330201034C2C10A96F8D1C06C4
S31500073DF8A9827B8DA104608F4D1720BF42B00F2083
S31500073E08200EC904F008C909F004B7618003205CCD
S31500073E18E360876EA9008D0705EF590320E30D9721
S31500073E288D5F660BAD9599F0034CF43E4C473F1FE3
S31500073E3874034CF13E8F7407D20115064C473FE2CF
S31500073E484B02101FF24A0280034CD73EC2804A0231
S31500073E58A9B18D1C06A9867B29DF8D1806A9A67B1D
S31500073E684C183FC2044902E25102103D9FB23A6F0D
S31500073E786248EE8D9AAD8D9AC904D007A9008D8B35
S31500073E889A8013C905D00FAD8B9AC902902CCE8D8F
S31500073E989AA9008D8B9AA9058DBC04EEBB04D0039D
S31500073EA8CEBB04D21050028067EE7886AD7886C9F5
S31500073EB8049007A9068DE0048056E251021010EE19
S31500073EC88C9AAD8C9AC9039006D280530280C7A9EB
S31500073ED8008D8D9AC2104B0220200EC90AF004C91C
S31500073EE808D006208E454C473F208E45E2500202F1
S31500073EF8062018464C473F3F630EADA104C9689094
S31500073F0807D20115064C473F20650CB006AF71036B
S31500073F184C473FF2500201095F66066F8C034C4710
S31500073F283F201B41D2041506A9038DBC04EEB9042C
S31500073F38D003CEB904F78B4C953F60EF5FE360C2B9
S31500073F48044902201B41A9008D78868D8C9AF25068
S31500073F580210188D8D9AF7B1A9018DBC04EEB70426
S31500073F68D003CEB704D2104D028014A9808D1C0643
S31500073F78A9867B09208D1806A9A67BC2011506877F
S31500073F888CA9FF2049455F6602A78DE774475AE261
S31500073F9851020211AD16068D39028D929AAD170692
S31500073FA88D909A8006AD0C068D3902A90F8DB7023A
S31500073FB8A9008DB8024761F24902402420FA3FA9B1
S31500073FC82C8D9B02A9018D9C02675F20200EC904D0
S31500073FD8901DA9708D9B02A9178D9C02675F800F9C
S31500073FE820FA3FA9708D9B02A9178D9C02675F4C23
S31500073FF8A645575AA9098DE402A9408DE502D75A5D
S3150007400860EF5F16E25102020620424720EEE120E2
S315000740180D41B01720B040B00160D2045002A96E16
S315000740288DE402A9408DE5024C0A46207E46C20267
S3150007403850021F740C200743EC8602D0045774807D
S315000740480320BB4507741774C2200E062097452020
S315000740580743200A4620F40D2078416F6A07B24FB6
S31500074068BDB759676A60C2104D02176E676AC28084
S315000740780F0607741774209745A5BDC948F0205F32
S31500074088660BAF8D08204E41E78C4C7841F25002FB
S31500074098040D204E41D202500220BB454C1A3EC29F
S315000740A8025002575A4CC845E251020233CF612AD9
S315000740B8AD1606CD929AD008AD1706CD909AF01888
S315000740C8AD16068D929AAD17068D909AA90F8DB7DC
S315000740D802A9008DB80247611860D20450023860F9
S315000740E820380C90F3CF61F2AD0C06CD3902F0E813
S315000740F88D3902A90F8DB702A9008DB802476180CD
S31500074108D7DD894860E20F062007201A0EF0023825
S3150007411860186020B858A9058D8F02A9008D9002EE
S31500074128075F8F5F05E21E0608F80878676FE21EC5
S31500074138062006E76FC2201E0628976E200E3AD27B
S315000741481049024C1746205147C2800E06C2200E58
S3150007415806C2011506C2104D02176E20EBE1C28092
S315000741684F02200E3A2017466F6F04D2201E0660AC
S31500074178575A475AA9538DE102A9E38DE202C75A4E
S31500074188A92C8D9B02A9018D9C02675F076E60208B
S31500074198200EAAE25002100FC2105002ADA104C9A0
S315000741A816B004D2085202ADA104F25102100AF25F
S315000741B84A02040AF24A020805DDC3488003DDFD00
S315000741C8489026209745BF740EA9C88D9102A90065
S315000741D88D9202175FB7741F5F683774D774877431
S315000741E81774A9048DE0048075E251020205200CB4
S315000741F8E2B0035F744C3774E20F0620DDF24B0218
S3150007420810D8E24902080BE0119007ADA104C908C6
S31500074218802CE25202080DBD1548186905CDA10480
S31500074228B025801EADA104F25102100AF24A020413
S315000742380AF24A020805DD15488003DD4F4890074C
S31500074248F00520974580665F6163F24902045E07B9
S31500074258749774A9058DE004AD12068D980420BFDE
S3150007426842B04A201F43B0455F660160FF4C19A953
S31500074278648D9102A9008D9202175FF20E06802DB2
S31500074288F20E0620281F5FF3E25102101D9FB21A8D
S315000742981F7417A9038DBC04EEB904D003CEB9045D
S315000742A8208E45D21050024C473F4C1A3E077417CA
S315000742B874A9018DE00460E263020416E262020251
S315000742C811F26302100CAD7786C901D005E26202C6
S315000742D8402BAD3802CD3702F023208845D01E2063
S315000742E8A80C9019201A0EF014FF67110F640CA575
S315000742F85129304A4A4A4AC901F0021860386020EB
S31500074308200EF251020409F251021004AABD94477D
S31500074318AE86028D8602602007430AAA8F7404E8D0
S31500074328E88002CACAF251020422F25102101DBDE0
S31500074338AB47C9FFF0332D7F042D3E028540BDAC40
S31500074348472D80042D3F020540F0D1188A6AAA85B1
S315000743584020650C9018A640BDDB478F7410290FBF
S31500074368CD609AF00990073860AD120680F9CD3B03
S315000743780290F4BDDB4718600F6E01609F6E1CF252
S315000743880E068030F20E062015E20806800C200776
S3150007439843EC8602F00490025774604C3044A90433
S315000743A88DBC04EEBA04D003CEBA04A90D8DE00479
S315000743B8A76EF78BE20E068026C2044902D2104D75
S315000743C802F7B1A9028DBC04EEB804D003CEB8042F
S315000743D8A90C8DE004D2011506C2800506878CA9AB
S315000743E8708D9B02A9178D9C02675FAD0C068D39E8
S315000743F802A90F8DB702A9008DB8024761EF5903C5
S3150007440820E30D978D201B41076EA90F8DB702A9CB
S31500074418008DB8024761AD16068D39028D929AADA1
S3150007442817068D909A4CA645EF5F71CF616EE251DC
S31500074438020212207847B00820DE4490084C323C26
S3150007444820864790F320380C9019AD0C06CD390213
S31500074458F03C8D3902A90F8DB702A9008DB802471E
S3150007446861802B204247AD1606CD929AD008AD1724
S3150007447806CD909AF018AD16068D929AAD17068D49
S31500074488909AA90F8DB702A9008DB8024761200D2A
S3150007449841B010E25102020320EEE160D204500255
S315000744A84C6E40207E46200743EC8602F0049002B5
S315000744B8577420F40DA92C8D9B02A9018D9C0267C0
S315000744C85FA90F8DB502A9008DB602376120BB45D6
S315000744D8209745676360F24D02100AAD1606300746
S315000744E8AD1706300218603860A2012082F8200945
S315000744F8E298CD8E04F01B8D8E04CD900490038D23
S315000745089004CD8F04B0038D8F041F710589802011
S3150007451838458ACD9204F0288D9204CD94049003E9
S315000745288D9404CD9304B0038D93041F7112899853
S31500074538087848A910209349682093492011FA2832
S3150007454860F250020213F25002011420650CB00FF4
S3150007455848202C0EC900D0026860C904B004684C0C
S315000745681A0C684CB00EA55329304A4A4A4AF0072E
S31500074578AD0902C90290013860A55729444A4A601D
S31500074588208145C91060201F43B0034CDB0D60A985
S31500074598148DB902A9008DBA025761606060A91E19
S315000745A88D9102A9008D9202175FE20F0620031F5D
S315000745B85FF860A91E8DBB02A9008DBC0267616002
S315000745C8A90F8D2602AF6505A9178D2602AD12021A
S315000745D8C9FFD00F475AA95C8DE102A9E38DE2020C
S315000745E8C75A606759A9031F6702A90085BA6F8961
S315000745F802D7687F54062055E14CFEE0B248BDB79E
S315000746085960A90C8DB502A9008DB602376160609D
S3150007461820380C9004A971800720650C9005A9C25B
S315000746288D120660EED104ADD104C93CD027A90086
S315000746388DD104EED004EE8B9AEE0705D003CE078C
S3150007464805ADD004C93CD00DA9008DD004EECF0422
S31500074658D003CECF0460A91E8D1C06A9817B8DB415
S3150007466804CDB5049007CDB604B00780088DB50408
S3150007467880038DB604609F7404C2085202ADD00445
S31500074688C9029004C2805302A90F8DEF85A9008D30
S31500074698F0856762E25302800CA90A8DEF85A900A7
S315000746A88DF0856762E250021010A9808D1C06A955
S315000746B8867B29DF8D1806A9A67B2084E2205E461D
S315000746C807741774A9018DE004E24D02101AA97838
S315000746D88DEF85A9008DF0856762A9038D959A20C8
S315000746E800E22003E22006E23FB10B7FB10877B16B
S315000746F84FB10320FAE167B12012E2204E4120F1BB
S3150007470844E27302400920A90BE759C2407302C75E
S315000747188BEF89048F8901604C15E2F25102100567
S31500074728E251020414C2084A02A99B8D1C06A983F2
S315000747387B2980F004D2084A0260AD1406F00920E6
S315000747489FF8200E3A20174660D760E760C76107CB
S31500074758659765C2084C02A900FF6C0320FF0F8DF9
S31500074768560460AD42028D7F04AD43028D80046016
S31500074778A9E48D1C06A9827BD00218603860A9E5D2
S315000747888D1C06A9827BD0021860386000010102D9
S315000747980305060704090A0C0D0E0B0F1011121351
S315000747A8141516FF00FF00FF000004400000022052
S315000747B8000800FF0001000200040008001000209E
S315000747C800400080000001000200040008001000F5
S315000747D820FF00000000717874727600C1C2C3C456
S315000747E8C5C6C7C8C9CACBCCCDCE91929394959660
S315000747F89798999A9B9C9DE1E2E3E4E5E6E7E8E961
S31500074808EAEBECEDEEEFF0F1F2F3F4F5F64B4B0BC2
S315000748182213100C0612221310110C120C0C0C0C76
S3150007482810141B1B120A0A0A0A0A0A0A0A0A0A0C97
S315000748380010101010101010101010101010101073
S31500074848101010101010FF4B4B0B2213100C0612EA
S31500074858221310110C120C0C0C0C10141B1B12072C
S3150007486807070707070707070404000707070707D0
S3150007487807070707070707070707070707070707B3
S31500074888074B4B533E344A433C553E344A433C5503
S315000748983C3C3E3E404046485555404040404040D7
S315000748A84040404040F04040404040404040404043
S315000748B84040404040404040404040FFFFFFFF2502
S315000748C82A2A231FFF252A2A231F37383737373738
S315000748D83D3DFF3526262626292E2926262626FF66
S315000748E83528272727272724262727272727272738
S315000748F82728262624FFFFFFFF252A2A231FFF2509
S315000749082A2A231F3738373737373D3DFF242424CC
S31500074918242422201B19161412242424242424248C
S3140007492824242424242424242424242424242457
S315000749370F08020878EE1705D00DEE1805D008EE12
S315000749471905D003EE1A05E6C8F00C81C40F08014E
S3150007495728E6C4F0261860A6C9E001F00EE6C98165
S31500074967C40F080128E6C4F0121860EE1F05D00326
S31500074977EE2005C6C80F0801283860E6C5A5C5C9CC
S3150007498785F0016018B201C4B283C5608D30035F35
S31500074997AF058D36031860E6C2F00881BEE6BEF09E
S315000749A71D1860A6C3E001F009E6C381BEE6BEF09F
S315000749B70D60EE2105D003EE2205C6C23860E6BFB5
S315000749C7A5BFC983F0016018B201BEB281BF60A552
S315000749D7C8F00AC6C8A1C6E6C6F00C186005C9F02E
S315000749E704C6C980EE3860E6C7A6C7E085F001604A
S315000749F718B201C6B283C760A5C2F01CEE1B05D065
S31500074A070DEE1C05D008EE1D05D003EE1E05C6C222
S31500074A17A1C0E6C0F00C186005C3F004C6C380DC66
S31500074A273860E6C1A6C1E083F0016018B201C0B2DB
S31500074A3781C1600F08020878BF6B10A6C3E02F90E5
S31500074A4725D018A6C2E0FA901D8010AEC300E0175E
S31500074A579014D007AEC200E0FA900B0F0802283869
S31500074A67600F08020878A6C2E000D00CA6C3E0309C
S31500074A77D0060F0801283860E6C2D002E6C381BE12
S31500074A870F080128E6BED002E6BFA6BEBF6B0CE03D
S31500074A9700901AA6BFE0E0D014800BE000900EAE98
S31500074AA7BF00E0C8D00718B200BEB2B0BF600F0894
S31500074AB7020878AEC900E0179014D007AEC800E021
S31500074AC7FC900B0F08022838600F08020878AEC853
S31500074AD700E000D00DAEC900E018D0060F08012880
S31500074AE73860EEC800D003EEC90081C40F08012855
S31500074AF7EEC400D003EEC500AEC400E000900EAECC
S31500074B07C500E0E0D00718B200C4B2C8C5601FAC3D
S31500074B1717ADD786D0080DD886F008CED886CED754
S31500074B2786800517AC20E72B0F08020878A5C2D0A1
S31500074B370605C3F033C6C3C6C2A1C00F080128E6D8
S31500074B47C0D002E6C1A6C0BF6B0CE0009019A6C18C
S31500074B57E0E0D013800AE000900DA6C1E0C8D007B1
S31500074B6718B200C0B2B0C1600F08012838600F0835
S31500074B77020878ADC800D0080DC900F02ACEC900CB
S31500074B87CEC800A1C60F080128EEC600D003EEC798
S31500074B9700AEC600E000900EAEC700E0E0D00718EB
S31500074BA7B200C6B2C8C7600F08012838600878A9D7
S31500074BB70085C885C9A90185C685C4A98385C7850B
S31500074BC7C528600878BF6B1A8F6B179F6B14A900E8
S31500074BD785C285C3A90185C085BEA98185C185BF4C
S31500074BE72860A90085C285C38DC8008DC900A9009D
S31500074BF785C085BEA9B085C185BFA9008DC6008DAD
S31500074C07C400A9C88DC7008DC5002860F24E0210DB
S31500074C1709D2104E02A9E08D3B04F24E020111ADEF
S31500074C270006C9E0D009A9008D3C04D2014E0260EF
S31500074C37AD0006CD3B04F0F78D3B04AD3C04890177
S31500074C47C904D01AAD3B042940D006C2044E0280D8
S31500074C5704D2084E02D2024E02C2104E02608D3CA3
S31500074C670460F209061019A9318D1C06A9837BADC5
S31500074C7718062940D006C2044E028004D2084E02FF
S31500074C8760A9008541A0091866416640900718A5DF
S30E00074C97416544854188D0F060AF
S31500074CA02013E190034C4C4DA20086F0B20540B2AA
S31500074CB000412022E195D7F02D64F085F0E8E00762
S31500074CC090F0A95C95D7A200B20C40B20041202211
S31500074CD0E195DFF01164F085F0E8E00890F0202216
S31500074CE0E164F0D0016017730F730C20474EA204DE
S31500074CF020804EB0029773A20086F0B20542B2003A
S31500074D00431F73052022E18003BD8E4F201FE164F8
S31500074D10F085F0E8E00790E917730F730C20474E0C
S31500074D20A20620804EB0029773B20C42B20043A28D
S31500074D30001F73052022E18003BD964F201FE16403
S31500074D40F085F0E8E00890E91A201FE117730F7362
S31500074D500C20474EA20820804EB0029773A2001F70
S31500074D6073052022E18003BD8E4F95D7E8E01090AA
S31500074D70EE60A20086F0B20542B20043BD8E4F2018
S31500074D801FE164F085F0E8E00790F160AF632AADB4
S31500074D900902D025AF5922BF591F8F4D1CEF633427
S31500074DA0EF640C208CF9B0112086F9B00CE764206B
S31500074DB08CF9B0632086F9B00160E763A90F8D8F80
S31500074DC002A9008D9002075FA9188D9102A9008D8F
S31500074DD09202175F9F5F402086F9903B208CF990DF
S31500074DE0D80F5F338F0817AD720548AD740548A90C
S31500074DF0048D72052091F9A9068D74058000B20EFF
S31500074E0046B22B4720A6E48F080D688D7405853BAF
S31500074E10688D72052091F967646763604C964EA2A8
S31500074E2000B5D72042FA64EE85EEE8E01090F2600E
S31500074E30A200B1400F73032022E1F00AE82042FAEC
S31500074E4064EE85EE80EC600773AD839AF025C9FFA3
S31500074E50F021A200B21440B201412022E148B21566
S31500074E6040B201412022E1854168854020744EB059
S31500074E7002877360A540D006A541D0023860186046
S31500074E802022E148E82022E1854168854020744ECA
S31500074E9090023860186020474E0F730EA2002080DC
S31500074EA04EB007A2002022E18003AD9E4F85EE0F8C
S31500074EB0730C20474EA20220804EB0028006B241F4
S31500074EC040B24F4120304E20A04C201F4E0F730C8E
S31500074ED020474EA20A20804EB0028006B24540B255
S31500074EE04F4120304E0F730C20474EA20C20804EA8
S31500074EF0B0028006B26440B24F4120304EA201A5EF
S31500074F00EE290F8006A5EE4A4A4A4AC90AB004891D
S31500074F10308002893795EECAF0EBA5EE2042FAA556
S31500074F20EF2042FA0F731120474EA20020804EB0A1
S31500074F3007A2002022E18003AD9E4F2042FA4C973C
S31500074F40FA280124005C4D4F44454D5C4D545330BF
S31500074F5034303000000000000000000000000000B0
S31500074F60000000005C416E616C6F67204D6F6465E1
S31500074F706D000000000000000000000000000000B7
S31500074F8000000000000000000000000000004D5473
S31400074F9053303430305C46464646464646462939
S31500074F9FB28342B2F743B20040B2A8412080A88736
S31500074FAFB0FF07132083A8A5408DCC8638E9038D5C
S31500074FBFCD8620C74FA7B060B2C03A373D600FB056
S31500074FCF0520B0A827B060A9000FB0032092A88DBF
S31500074FDF30020FB01FFF071DD2803002F2300220BA
S31500074FEF0320B04FE23002100C97B02763E230026E
S31500074FFF0102A7636017B0600FB0FC27B04C95A8E6
S3150007500F0FB0F4A7B04C98A8E2300280EACFB0E70A
S3150007501FC7B02089A8FF4CDF4C07504FB0D947B010
S3150007502FFF4C03200F504C8CA838E23002800F1F1D
S3150007503FB00CBFB009B7B0208FA82007501860383B
S3150007504FE23002800A1FB007BFB0042086A8186097
S3150007505F0FB0FC4CAAA80FB0F64CADA80FB0F04C8A
S3150007506F9EA80FB0EA4CA1A80FB0E44CA4A8208CB9
S3150007507F500FB0DB4CA7A80FB0D54C9BA8CF631723
S3150007508F0FB010FF0705D280300260E2300220030F
S3150007509F20CD4FC2803002600FB01A9FB01748203D
S315000750AFCD4F07B0A9008D30028D00A8A9088D1620
S30B000750BF868D99976860D3
S315000750C5200743203559C00A9002978F20570E0AA5
S315000750D50AAABD02518D5299BD015164408D519958
S315000750E59003EE5299BD04518D3D99BD0351644018
S315000750F58D3C999003EE3D9920D151608813900117
S31500075105F00A900178055802BC0290015E01C800B5
S31500075115AA006E008C0064006E005000E600A00031
S3150007512564004600620046005800460050003C00F1
S31500075135460032004600320046003200460032007D
S31500075145460032004600320046003200460032006D
S31500075155460032004600320046003200460032005D
S31500075165460032004600320046003200460032004D
S31500075175460032004600320046003200460032003D
S31500075185460032004600320046003200460032002D
S31500075195460032004600320046003200460032001D
S315000751A5460032004600320046003200460032000D
S315000751B546003200460032004600320046003200FD
S315000751C546003200460032004600320020570EAA36
S315000751D5BDDC518D7C9960030C0C0C0F1B1E25132A
S315000751E52A2A2A323C3C3C3C3C3C3C3C3C3C3C3C2D
S315000751F53C3C3C3C3C3C3C3C3C3C3C3C3C3C3C3CDD
S315000752053C3C3C3C3C3C3C3C3C3C3C0878AE5199E0
S315000752158EA102AE52998EA202176028600878AE53
S315000752253C998E9F02AE3D998EA0020760286016AF
S31500075235100208785F8F1B375BA99B8DFC02A9E3D4
S315000752458DFD02B75BA9008D5D998D5C998D789962
S315000752558018375BA9CB8DFC02A9098DFD02B75BC3
S31500075265A9F18D7999A9568D7A99A9008D7699EF20
S315000752759005E78F20F90B286081E3A6E3A4E4E808
S31500075285D001C8E029D008C08FD004A229A087E499
S31500075295D7D006C4D8D002186086E384E4EE5899B9
S315000752A5D003EE59993860A2008E63998E66996088
S315000752B5CE7799AE7699EE7699B1E760A6E9A4EA2F
S315000752C5E4DDD004C4DEF028AD7499D008AD759930
S315000752D5F01ECE7599CE7499A1E9E8D001C8E029E3
S315000752E5D008C097D004A229A08F86E984EA38603A
S315000752F51860299760979797CE97AD67990AAABDBC
S31500075305F75285E5BDF85285E660AD68990AAABDE7
S31500075315F75285DFBDF85285E0608D10064D5D991C
S31500075325AC5C992089588D5D998E5C996020090C2E
S31500075335678F606F8FF7AD78990AAA7C43535353E6
S315000753456E538A53A153A553B053BA53C653AE7674
S3150007535599EE7699BD3452E002D00AA2008E769967
S31500075365A2018E78998D100660AD7799F00F20B555
S3150007537552C910D005A2038E78994C1F53BF9305C2
S315000753852F8F07278F20C152B004A2058014A202CA
S31500075395C910D002A2048E78994C1F53A201800228
S315000753A5A2028E7899A9108D100660A2068E7899A5
S315000753B5A9034C1F53A2078E7899AD5D998D1006E3
S315000753C560A2008E7899AD5C998D10062032534CF4
S315000753D53A57FF8F0520C410800320880E8D5F99E5
S315000753E5AD66990AAA7CED53FB5333548554BC54D1
S315000753F5CB54E354EF54AE6399EE6399BD3452CD5E
S315000754055F99D026E002D025EE6699A2008E6399AC
S315000754158E58998E59998E5B998E5A998E649920CD
S31500075425FF52AE6799BDE598F00320AC5260AE63AF
S3150007543599EE6399AD5F9991E5C910D006A2038EDA
S31500075445669960EE6499AC6499C037F066AE639960
S31500075455E001D0088D6599EE65998007E002D003CE
S315000754658D6A99207958AD6499CD6599D011AD5F47
S31500075475998D6999EE6699A6D986E3A6DA86E460D3
S31500075485AD38998540AD39998541E640D002E64163
S31500075495A541CD5999D005A540CD5899F015AD5FCC
S315000754A599C910D006A2048E669960207E5290038C
S315000754B54C795820AC5260AD5F99C910D0F5A20159
S315000754C58E66994C4854AD5F99C910D007A2028ECE
S315000754D5669980D7C903D0DBEE66994C7958AD5FD7
S315000754E599CD5B99D0CDEE669960AD5F99CD5A9901
S315000754F5D0C1B7918F08060F3C0320F502A2008E8F
S3150007550563998E66998E4F99AD6A99C904D00280BB
S3150007551533C905D0034C17563F8D13C909D0034C1C
S31500075525435AC908D0034CB059C90A900560C9083A
S31500075535B011C900F00DAE67999DE598E88A29036C
S315000755458D679960AE6999EC3199F01A9017BF8FF7
S3150007555514AD319938ED3799B00789FFCD6999901B
S3150007556504B78F879360378F978EEE3199A5E385B5
S3150007557540A5E485415F8F034C035638A540E929C5
S315000755858540A541E9878541A541D024A540F01861
S31500075595C901F00CC902D018B22940B28741802546
S315000755A5B22840B28F41801DB22740B28F41801580
S315000755B5A5E38540A5E4854138A540E9028540A5CB
S315000755C541E9008541A54085D9A54185DAAD5899B3
S315000755D58540AD5999854138A540E9028540A541DC
S315000755E5E900854118A5406D29998540A5416D2A8C
S315000755F5998541A5408D2999A5418D2A9960A5408B
S3150007560585D9A54185DAAD58998540AD599985411D
S3150007561580D2B78EAE6599E004F006A204A007808E
S3150007562504A202A003B1E58D559998AAB1E58D5453
S3150007563599AE5799CAEC5599D014AE5799EC329944
S31500075645F00B9F8F08DF90058E5699D790608F08C8
S31500075655060F3C0320F502AD3299CD5799900FAD4C
S315000756655599CD3299B059CD57999054800DAD5569
S3150007567599CD5799B005CD3299B045AD5799290FAB
S31500075685AAA9009D95988A0AAABDA5988D5899BD78
S31500075695A6988D5999AD2B998540AD2C9985413895
S315000756A5A540ED58998540A541ED59998541A540F0
S315000756B58D2B99A5418D2C99EE5799EE7B99808E61
S315000756C520105220AC5260EF8F05C2201E0660C21D
S315000756D5021106AD1406C941D00FA9008D1406207F
S315000756E5090C678F3793278F606C799920B552AE6A
S315000756F57799F0048D100660BF93052F8F29278F9D
S315000757058D1006A9138D7999A9578D7A996020C1A8
S3150007571552E4DDD004C4DEF00EAE7499D005AE753D
S3150007572599F0048D10066048D202110620090C6708
S315000757358F688D10063F93618F08060F3C0320F58A
S31500075745023793A6E986DBA6EA86DCAD719985401D
S31500075755AD7299854138A540ED74998540A541ED0A
S3150007576575998541AD3299EE3299290FAAA9FF9DFB
S3150007577595988A0AAAA5409DA598A5419DA698CE5E
S315000757857B999F8F08AD5499F003CE5499AE5799D7
S31500075795E8EC3299D00320105260AD0A06CD0A0609
S315000757A5EAEAEAEAEAD0F3AE0006A82939F0094A91
S315000757B590028018D78E6060DF8EFC8E5F99AD6686
S315000757C5990AAA7CCB57EF571E584B58DF8E138F6E
S315000757D58F10982938D00B9F6E089F8D034CF75469
S315000757E58793178D578E20AC5260AE6799BDE5989E
S315000757F5D04E878F20FF52AD5F9981E589018D656B
S3150007580599A2008E58998E5999E88E64998E66994C
S31500075815A6D986E3A6DA86E460AD5F99AE64999163
S31500075825E5E88E6499E037F017E002D0038D6A99AB
S31500075835EC6599D00A8D6999078FA2028E669960DC
S31500075845D78E20AC5260AD38998540AD39998541DB
S3150007585518A54069028540A54169008541A541CD41
S315000758655999D005A540CD5899F0D5AD5F99207EB4
S315000758755290CD604D5B99AC5A992089588D5B99A5
S315000758858E5A996085400A454085400A0A454085EE
S31500075895400A0A0A0A454085404A4A4540AAA5409C
S315000758A56A6A6A29C085408A2A2A290105408440E9
S315000758B54540606F592A978D20090CD201070620A6
S315000758C5E65820FA58200E592F89032001256F8996
S315000758D5067F8A03201729A20A2082F8C20107062E
S315000758E560A9318D1C06A9807BAD180609808D1820
S315000758F506A9A07B60A9B18D1C06A9807BAD1806F4
S3150007590509018D1806A9A07B60A9008D1806A9703F
S315000759158D1C06A9A07BA9008D1806A9718D1C06E5
S31500075925A9A07B60BE189018A81CB41EC020CE225D
S31500075935A00520650CB00920380C9062A900801CCB
S31500075945A9E38D1C06A9827BAD1806D004A901809B
S315000759550BA208CA2A90FC8AC906B0420AAABD291B
S31500075965598540B20041BD2A598542B20043A93936
S315000759758D1C06A9827BAD18068544AD1906854596
S31500075985A545C541D004A544C5409012C818A540EC
S3150007599565428540A54165438541C09690E28440A9
S315000759A5C00A9006A540890A854060A202B1E5C9E5
S315000759B50B9001600AAA7CBE59D859D859D459D92A
S315000759C559DE59E359D859D859D859ED59F259D203
S315000759D540A59960D280A59960D220A49960379190
S315000759E5EEAE99D240A49960D280A4996087918733
S315000759F593A203B1E58DA699E8B1E58DA799200A86
S31500075A055A20335A60ADA6994DAA99100160F00937
S31500075A15A9804DAA998DAA9960AEAA998A8901295D
S31500075A257F8DAA998A29800DAA998DAA9960ADA70E
S31500075A35994DA999300160ADA7998DA99960A202DB
S31500075A45B1E58DA79920335AAE6599E005D009B713
S31500075A558EA203A0044C2A5660A900AE3802EC377D
S31500075A6502F0020903E28C020402098060A900F22A
S31500075A7551020230A204202E5B90020904A20620D9
S31500075A852E5B900209012F711BA205202E5B900242
S31500075A950910A207202E5B90020908A208202E5B93
S31500075AA59002092060A901A20F202E5B9002090228
S31500075AB5A210202E5B90020904A203202E5B9002FA
S31500075AC50910A204202E5B90020920A205202E5B51
S31500075AD590020940A206202E5B9002098060A90064
S31500075AE5A207202E5B90020901A208202E5B9002D1
S31500075AF50902A209202E5B90020904A20A202E5B41
S31500075B0590020908A20B202E5B90020910A20C2011
S31500075B152E5B90020920A20D202E5B90020940A25A
S31500075B250E202E5B9002098060EC3802F002B00564
S30C00075B35EC3702B00118600E
S31500075B3C5F6608ADCA99F0044C415D60ADC9990A18
S31500075B4CAA7C505B5E5BDE5B0D5C2E5C5E5C8F5CE1
S31500075B5CB95C1F6E0160F2A499201B4CB65BA901B8
S31500075B6C8002A9008D95990774177420D66048A9E9
S31500075B7C008D95996860F2510202121F7405206A0E
S31500075B8C5B100AC220A499A9098D9D996020FC6215
S31500075B9CC201989917911790C220A499A9058D9DB2
S31500075BAC9920AF5EA9028DC999605F62221F741F87
S31500075BBCE2A599011AE2A4990115206A5B3010D265
S31500075BCC089E9920FC6220BC5EA9068DC999604C7B
S31500075BDC3B5D2F6219DF6220E2A49920034C995B87
S31500075BECE2A499400AC240A499A9028DC99960E218
S31500075BFCA49980FAC280A49920C35E20105D4C3B01
S31500075C0C5D2F621DC2019799C2029799A9008DCB88
S31500075C1C998DAE998D9699A9018D9599A9038DC9DB
S31500075C2C9960E29799010FF29799020B3791A9049C
S31500075C3C8DC99920074360E2A499010EE2A5990143
S31500075C4C0920C35E20105D4C3B5DA9008D9E994CC7
S31500075C5C266AE298990106A9058DC99960ADAE9990
S31500075C6CC90AB0F3F2A59940CE3F91034CF55C2FC8
S31500075C7C62108793179020AF5E4F6206D2029799F0
S31500075C8C80B560E298990107ADAE99C90AB05AF288
S31500075C9CA59940A3BF91524F6207D20297994C43DD
S31500075CAC5C2F6208A9058D9D9920AF5E60E2A499C9
S31500075CBC20034C995B9F9128A9048D9D99D2019835
S31500075CCC99C280A499C240A499087820AF5EA9040A
S31500075CDC8DED85A9008DEE85576228A9018DC99989
S31500075CECE2A59940034C435C60A9208D9C99788763
S31500075CFC9358A91E8DED85A9008DEE855762201048
S31500075D0C5D4C3B5D1790A9008D9E998DAE998DCBF9
S31500075D1C998D95998DC999A9018DA599A9018DA4D7
S31500075D2C99C2019799C2019899A90A8D9D9960AD57
S31500075D3CC999F00160ADCA990AAA7C495D555DD12E
S31500075D4C5DF85D135E335E695E9F6E034C955D6011
S31500075D5CF2A59901034C266AF2A499010160206EFB
S31500075D6C5B20FC62D2089E99F2A599200CA9008D9E
S31500075D7CCB99A9048DCA998007A762A9018DCA99DF
S31500075D8CADA59929C18DA59960E2A5994018C24080
S31500075D9CA599206E5B20FC62A9038D9D9920AF5EA9
S31500075DACA9028DCA9960E297990204C20297998F44
S31500075DBC7407ADA5992920F00B206E5B10034C26B2
S31500075DCC6A4C5C5D60AF6210E2A5994006A9008D2E
S31500075DDCCA9960E2A5998013C280A599A9008D96E8
S31500075DEC99A9028D9599A9038DCA99602F6217C235
S31500075DFC019999C2029999A9008D9699A9028D952F
S31500075E0C99A9038DCA9960E29999011AF29999028F
S31500075E1C5337918793A9F48D0886A9018D0986278F
S31500075E2C62A9058DCA9960E2A59940034CA15D9FAD
S31500075E3C6E1EF2A5998019EF8F222F621FADCB9993
S31500075E4CC906B00CEECB99A9028D9D9920AF5E6061
S31500075E5CA762A9008DCB99A9018DCA9960AF620477
S31500075E6CBF910960A9008D9E994C266AA9208D9C25
S31500075E7C99A9008D9E998DCA998D95998DCB99ADBA
S31500075E8CA59929018DA599C2019999C202979908D5
S31500075E9C78A91E8DED85A9008DEE85576287932807
S31500075EAC4C0743A90A8D0886A9008D0986276260C7
S31500075EBC87939791979060A93C8DED85A9008DEEF8
S31500075ECC85576260AAE28C020418AD2A02291FF0D4
S31500075EDC0EC901F007CD2702B0098006A91E60A9D5
S31500075EEC1A608A60A9FF8DA0998D9F9960AD9699C6
S31500075EFC29FEF0064F62034C9F6020185FCD9699DA
S31500075F0CF0078D9699D78C80E4578C60AD96990AD5
S31500075F1CAA7C205F345F395F6B5F945FC95FE35F71
S31500075F2C156041605C606C60278DA90160270AE2E9
S31500075F3C51020207F29E990802800DAC8186C0FFBA
S31500075F4CF006B9380B20DB0DA9198DEB85A9008D49
S31500075F5CEC854762678CFF4C03A90260A905602094
S31500075F6C84439F6E1CAF6E19DF8C061F620FA90543
S31500075F7C60A9328D0686A9008D07861762AD96999C
S31500075F8C60C2200E06A903602084439F6E06EF8C21
S31500075F9C08A90960DF8C058020A90460A9DC8D9B04
S31500075FAC02A9058D9C02675F2F6E0E276EA9C88DF9
S31500075FBC9B02A9008D9C02675FAD9699602F8D0693
S31500075FCCC762AD969960C2200E06C2020806C204C5
S31500075FDC1506E78CA905605F8C0EA9028D0686A9A6
S31500075FEC008D07861762801D2084431F6E03A90345
S31500075FFC601F6211F2510202032F7106EF8C03A97F
S3150007600C0660A90760AD96996048A90A8DE00468F1
S3150007601C201A3EC2200E06FF4C0CA9AA8D9B02A97C
S3150007602C008D9C02675FA9828D9B02A9008D9C023D
S3150007603C675FA9086048A90B8DE00468201A3E67BC
S3150007604C8CA9B88D9B02A90B8D9C02675FA908606A
S3150007605C1F6E04AD9699606F8C03A90460A909603D
S3150007606C207360AD969960F29599800AE20F061037
S3150007607C0AD280959960201A0ED001600765E760F1
S3150007608C20CE60B007A9018D9999801BA9018D9720
S3150007609C99801420790B20CE60B007A9038D9999A6
S315000760AC8005A9038D9799A9008D95998D96995772
S315000760BC8CA70AD2100306200A4677742078412744
S315000760CC6E6038F2959901011860AD86020AAA200E
S315000760DCF460B0FB8D81868A6ACD8602D006A9FF4D
S315000760EC8D818660AD81866018E295990104E8E892
S315000760FC8002CACAE030B0037C0A614C64616661EF
S3150007610C626162615A6152614A6142613A616661D2
S3150007611C6961716191617961816189619961A16136
S3150007612CA961B161B961C161C961D1616661E2BC3D
S3150007613C992025A90B60E2BC99081DA90A60E2BC47
S3150007614C990115A90960E2BC99100DA90760E2BC73
S3150007615C990405A9066080023860A9FF60E2BE991A
S3150007616C10F6A91860E2BE9920EEA91960E2BE994D
S3150007617C80E6A91B60E2C09901DEA91C60E2C09902
S3150007618C02D6A91D60E2BE9940CEA91A60E2C09953
S3150007619C04C6A91E60E2C09908BEA91F60E2C09991
S315000761AC10B6A92060E2C09920AEA92160E2C09979
S315000761BC40A6A92260E2C099809EA92360E2BE99F7
S315000761CC0296A92460E2BE99048EA925600878C2B6
S315000761DC041E06C2201E06C2101F06475BA9988D11
S315000761ECFF02A9098D0003C75B375BA9CB8DFC02A0
S315000761FCA9098DFD02B75B6759A9988DD202A9E348
S3150007620C8DD302E75928200E77A9028D4099A90349
S3150007621C8D4199ADFF998D37998D7B99A9408D4302
S3150007622C99A9008D4499AD009A8D4599E245990136
S3150007623C02B79220A175AD019A8D4699ADFB998D42
S3150007624CC299ADFC998DC599ADFD998DC699ADFED3
S3150007625C998DC899AD049A8DBA99AD059A8DBC9945
S3150007626CE25102020CAD069A8DBE99AD079A8DC006
S3150007627C997F4C02878EE27E860402A791E27E8680
S3150007628C0804D766B78D3F8D13AD45992920D006DF
S3150007629CC20150028006D20150025766E27E861072
S315000762AC02E78DE27E864002878CE27E8680029725
S315000762BC8CAD089A8DA599AD099A8DA499AD469979
S315000762CC20B376A9008D5099A9048D5399578FD26F
S315000762DC041E060F0802775B175BA9878DF602A9C2
S315000762EC088DF702975B60E29E9901023860186089
S30E000762FCD2019E9907741774601C
S31500076305004080C000102030404850586064686CD3
S315000763157074787C80828486888A8C8E909294960F
S31500076325989A9C9EA0A1A2A3A4A5A6A7A8A9AAAB2D
S31500076335ACADAEAFB0B1B2B3B4B5B6B7B8B9BABB13
S31500076345BCBDBEBFC0C0C1C1C2C2C3C3C4C4C5C527
S31500076355C6C6C7C7C8C8C9C9CACACBCBCCCCCDCD93
S31500076365CECECFCFD0D0D1D1D2D2D3D3D4D4D5D503
S31500076375D6D6D7D7D8D8D9D9DADADBDBDCDCDDDD73
S31500076385DEDEDFDFE0E0E0E0E1E1E1E1E2E2E2E2F5
S31500076395E3E3E3E3E4E4E4E4E5E5E5E5E6E6E6E6A3
S315000763A5E7E7E7E7E8E8E8E8E9E9E9E9EAEAEAEA53
S315000763B5EBEBEBEBECECECECEDEDEDEDEEEEEEEE03
S315000763C5EFEFEFEFF0F0F0F0F1F1F1F1F2F2F2F2B3
S315000763D5F3F3F3F3F4F4F4F4F5F5F5F5F6F6F6F663
S315000763E5F7F7F7F7F8F8F8F8F9F9F9F9FAFAFAFA13
S315000763F5FBFBFBFBFCFCFCFCFDFDFDFDFEFEFEFEC3
S31500076405FFFFFFFFA9008D87998D83998D7F998D4D
S315000764157E998D81998D7D998D89998D8A9987948F
S3150007642517942794A2008A9D00B59D00B39D00B2D7
S315000764359D00B0A9009D00B49D00B1E8D0E8576C52
S31500076445476C605F6C0160AD8A99F0034CEF65A5F3
S31500076455C8D00705C9D0034F66052042299009AD5F
S315000764653402D0034C6A65608544AD14868D3402C3
S315000764750794AD7D99C903F01BA544CD8099D00A2C
S31500076485A2008E8199EE7D9980328D8099A2018E23
S315000764957D998028A544CD8099D013EE8199A9FACF
S315000764A5CD8199D00820CD64A9008D7D99608D8011
S315000764B599AD819920CD64A9018D7D99A644BD0025
S315000764C5B220CD64209E65608545AABD09638546CC
S315000764D59F940EA545C902B004A9048011C9FFD02A
S315000764E504A90B8009A5464A4A4A4A4A8903186DEB
S315000764F57F998542A545C940B004A900800BC98087
S31500076505B00529010A80022903AABD05638545A9A0
S315000765150085471F9408A9FF854585461794A90849
S3150007652538ED7F99AA18264526462647CAD0F6A5E1
S31500076535470D7E998547A542C908B0098D7F99A557
S31500076545478D7E9960A547AE8A999D8B99EE8A995F
S31500076555A20818264526462647CAD0F6A54238E98B
S3150007656508854280D10F9401608794AD7D99C9034B
S31500076575D006AD819920CD64979420CD64AD7F99DA
S31500076585F00BA9FFAE8A999D8B99EE8A99A9008D7D
S315000765957F998D7E998D7D9960AD00B1C9FFD00D27
S315000765A5A200BD00B1F0065E00B1E8D0F5AE809950
S315000765B5BD00B2D004EE00B1608545A645BD00B164
S315000765C5CADD00B1D011BD00B0E89D00B0AAA5454A
S315000765D59D00B2C645D0E4A645FE00B1AD80999D9E
S315000765E500B08AAE80999D00B260AD8A99F021DF29
S315000765F56C1EAE8999BD8B998D9086D76CEE899958
S31500076605AD8999CD8A99D008A9008D89998D8A99D9
S306000766156017
S315000766160002040810204080DF7805AF7702800164
S31500076626602F941AAD8699206729CE8799F001605F
S315000766362794207167B0016020E766B0F560CF6CD6
S315000766460160476CAC8F86A90085448545854685D6
S3150007665647AD8399D0078C859984468050AD839933
S315000766662907D0048446801484458542A90838E557
S3150007667642AA18264526462647CAD0F6AD8399C99D
S3150007668608B014AD859905468D8599A5458D8499D6
S31500076696AD859985468016AD849905468D8499AD4F
S315000766A685998546A5458544AD84998545AD8399DE
S315000766B689088D839938E9038D8299A2031826449A
S315000766C6264526462647CAD0F420A267B00160208B
S315000766D6E766B00160207167B0016020E766B0F52E
S315000766E660AD8799C903D00EAD88998D8799D00273
S315000766F63860A7941860AE8899BD00B38D8899202F
S315000767066729EE8799AD8899CD8699F0088D86997A
S31500076716A9018D87992020673860AD00B4C9FFD0D7
S315000767260DA200BD00B4F0065E00B4E8D0F5AE864D
S3150007673699BD00B5D004EE00B4608543A643BD00F7
S31500076746B4CADD00B4D011BD00B3E89D00B3AAA54F
S31500076756439D00B5C643D0E4A643FE00B4AD86996D
S315000767669D00B38AAE86999D00B560AD8399C90427
S31500076776B00160A90085448547AD84998545AD85F1
S31500076786998546AD839938E9038D8299A20318261A
S315000767964526462647CAD0F620A26760A647BD16EF
S315000767A6668D88998AD002E647AD8299C547B001B4
S315000767B66038E5478D8299A647A900854718264476
S315000767C6264526462647CAD0F4A5470D88998D88B5
S315000767D699C9FFD029AD8299D0021860CE82991839
S315000767E62644264526462647A5472901F010A90029
S315000767F68D85998D84998D83998D87991860A54678
S315000768068D8599A5458D8499AD82998D839938602D
S3150007681678200E7720C550AD3C998D5199AD3D9997
S315000768268D529920C56E6759A9988DD202A9E38D0F
S31500076836D302E7595860AD9486C948D00FA9007F99
S315000768468F02A9028D6B99A9028D50992065686FEB
S315000768565903207368BF9001603790A90180E5AD9B
S3150007686650990AAA7C6D6881686E6BAE69AD5099B8
S315000768760AAA7C7B688168BB6AAE69AD53990AAA80
S315000768867C89689368C268CC6842695A690878FF42
S315000768964C06078EA902801F878EA9508D9D02A9D1
S315000768A6008D9E02775FAF560CA9048D9D02A9003F
S315000768B68D9E02775FA9018D53992860FF5F016058
S315000768C6A9028D5399600878A9F48D9D02A9018DB1
S315000768D69E02775F8F7E0CA9B88D9D02A90B8D9EAA
S315000768E602775FA2B6A06D0F8E04A203A06E8E6115
S315000768F6998C6299202477378E178E6F6703201631
S3150007690669201052A9008D4F99A9038D53992860BE
S3150007691608786767A9008D63998D66998D7699AD0F
S31500076926738689088D7386A200BD968620E253EE86
S315000769367699AE7699EC7386D0EF2860CF900AFFE4
S315000769465F07205D6CFF8F1560A9028D5099A90018
S315000769568D6B9960208D6E202C6E4C6369E77020CF
S31500076966CA4BD788B250BB6F8D03B251BBB245BC73
S315000769762F5A0BC788B243BCBF8C03B242BC20A3AF
S31500076986E40F0802775B175BA9878DF602A9088DC0
S31500076996F702975BA9018D5099AD4D048DBD02ADE2
S315000769A64E048DBE02776160AD6B990AAA7CB669FD
S315000769B6C069E069E6690E6A1D6AAD9486A0008C11
S315000769C69486C948F065CF90060F7E034C456AA99B
S315000769D6058D2602A90385BA8051A9028D6B996092
S315000769E6A9008D9486A9C88D9D02A9008D9E02775A
S315000769F65F202F6CB004A904800AA9FF8D3F992052
S31500076A06A472A9038D6B9960FF5F046F8F0160A25D
S31500076A16012072F84C266AFF5FF5202F6CB0DB6003
S31500076A269F6703B203BAA9008D260220976A200933
S31500076A360C20F40B6759A94885BDB759D769602055
S31500076A46976A0878675920090CA9318DFC02A90AA5
S31500076A568DFD02A9648DFF02A90A8D0003209B0BF3
S31500076A6620F90B2857884788B246BB8F0807F7676A
S31500076A761F7E07776720A3E48011B246BA20A9E1ED
S31500076A865A2097E4688D72052091F92097E14C11F3
S31500076A96FAA9008D95998D96998DA5998DA4998DA7
S31500076AA69B998D98998D9A998D97998D999985918F
S31500076AB65766678D609F9341AD3099F015C5DCD053
S31500076AC611AD2F99C5DBD00AA9008D2F998D30995F
S31500076AD6804B7F64247764AD4099C901F01BA556A0
S31500076AE629384A4A4A2904F034AD3099D00BA5DD30
S31500076AF68D2F99A5DE8D309960CF930320266B3FA0
S31500076B068D18AD9D99F0034C5B7A0F620DADC99949
S31500076B160DCA99D005A90A8D9D994C5D6CD79360C8
S31500076B26AD2B998540AD2C998541A541C907D0045A
S31500076B36A540C9F6B0312F5A26A204A5C805C9D05D
S31500076B4602A201DABF8C0520486480032054085F39
S31500076B566C08576CAD908620C66BFACAD0E56020DE
S31500076B664229B00320C66B60203C5BAD9599F003BE
S31500076B7620F95ECF9349DF7846AF77432F5A31A27E
S31500076B8604AD29990D2A99D002A201DACF6C1120F4
S31500076B96EB6BB007C900F008FA801D8D8F86C76CA8
S31500076BA6BF8C05201E668003208D08FACAD0DC60D6
S31500076BB620EB6B90034C9929C900F003200F7060F0
S31500076BC681DDA6DDA4DEE8D001C8E029D008C09796
S31500076BD6D004A229A08F7886DD84DEEE2B99D00312
S31500076BE6EE2C995860A6D7A4D84F8E0EEC2D99D0C1
S31500076BF609CC2E99D004A9FF802D78AD2999D00BFB
S31500076C060D2A99D00358801FCE2A99CE299958A1BD
S31500076C16D7E8D001C8E029D008C08FD004A229A09A
S31500076C268786D784D8386018601F6E10EF90266758
S31500076C368FE7902037523793278F80196F9009670A
S31500076C4690978D879320C550EF8F0ADF8F05E20A47
S31500076C5606020238601860202F6CB00160A9008D05
S31500076C663E992790A0FE1F601C201052A000EE4FEB
S31500076C7699AD4F99CD7C99B00CA0FFAD5799CD32FA
S31500076C8699F002A79020F36CC0FED022AE6899BD94
S31500076C96E598D0161F8E0878178E58A004800F3FE2
S31500076CA68E0C78378E58A00580048D3E99A898894C
S31500076CB6020AAAB1E1A8B9FA6C8540B9FB6C854107
S31500076CC6E8B1E1F00DA8B9186D8D6199B9196D8D01
S31500076CD6629920F66CAD3E99F012AE689978A900CE
S31500076CE69DE598588A890129038D6899606C61998B
S31500076CF66C400060F96C886E8D6E9270BA7226705B
S31500076D06AC6FB271F372C16E9C6EB56E766E837397
S31500076D16656EF96C036ED46D1D6E2C6EB06DB66D11
S31500076D26BC6DC26DCE6D00001A0000001C0410066D
S31500076D360000000000000000000000000000000040
S31500076D4600001800100600000000020800000000F8
S31500076D5600000000040800000000100600000408F2
S31500076D660408000000000000000000000000000004
S31500076D7600000000000000000000000000000E00F2
S31500076D8612000006060010060600140016000C0080
S31500076D9600000000000008000006000010060000BC
S31500076DA6000000000C000A100000A92CA26D8062E4
S31500076DB6A942A26D805CA958A26D80565F93034CC3
S31500076DC6496EA984A26D804AA99AA26D8044AD121E
S31500076DD606C984F004C9C1D005A90A207DF8209200
S31500076DE670A9BC8D6199A96D8D62999760A90A8D5F
S31500076DF6A102A9008DA2021760A0FE80B9A0FFA96D
S31500076E06008D4F99A9B08D6199A96D8D6299A92CA7
S31500076E16A26D85E186E2607F8F04B7908002C790F0
S31500076E26A96EA26D80ECA9008D4F991F60032010ED
S31500076E3652F78FA9C28D6199A96D8D6299A984A208
S31500076E466D80CFA0FF201052A9008D4F995793A9A1
S31500076E56CE8D6199A96D8D6299A99AA26D80B32087
S31500076E669874207C6EAD020509018D02054C927059
S31500076E7620987420C573A791AD45992902D0022794
S31500076E869160A2012072F820C55020C27A20046FAD
S31500076E962010524C2252205170901020B271EF8F5B
S31500076EA60DAD73998901CD3199F00320927060ADC6
S31500076EB6020509028D020520B2716020B2716008CB
S31500076EC678D78F475BA99E8DFF02A9E38D0003C777
S31500076ED65B375BA99B8DFC02A9E38DFD02B75BA910
S31500076EE60320EC0EA90120FD0EC2080606209B0B01
S31500076EF6D2010806D2041E06C2101F062860AD4137
S31500076F0699C903B0028006DF8F0160578F20090CE7
S31500076F16AD4199C903B001600878375BA9CB8DFCEB
S31500076F2602A9098DFD02B75B475BA9988DFF02A9E2
S31500076F36098D0003C75BA00020A90BA2022087E2E2
S31500076F46D2100406A9A58D1C06A9838D1D06F21D5A
S31500076F560680FBAD180609408D1806A9A58D1C06E1
S31500076F66A9A38D1D06F21D0680FBD2010806D204CB
S31500076F761E06C2101F06286005980A980F981498C9
S31500076F8619981E98239828982D98329837983C98DA
S31500076F96419846984B9850988A0AAABD7E6F85E708
S31500076FA6BD7F6F85E860200F53A204B1DFCD339905
S31500076FB6D03EEE3399AD4099C901F034A207B1DF49
S31500076FC629030AAA7CCD6FF66FD56FE56FE96F20A1
S31500076FD60B7820F377202477204977A901800EA915
S31500076FE602800AAD29990D2A99D008A9042013709B
S31500076FF64C8D72C78E78AD2E99D00AA5D98D2D9947
S31500077006A5DA8D2E99584C8D72478EA9048D5E99F1
S3150007701678C76420992958A9008D2D998D2E9960D0
S31500077026200F53A204B1DFCD3499D01EEE3499173B
S3150007703693A55629384A4A4A2906D00E4793200B5E
S315000770467820F37720247720497760AD2B990D2C86
S3150007705699D00CA9648D0486A9008D05860762ADAD
S315000770664D048DBD02AD4E048DBE027761AD739993
S315000770768902CD3199D0052022523860AD3199382B
S31500077086ED73998540AD37994AC540600793202227
S31500077096521F90049F910160AE3199CA8E7399B2B9
S315000770A60040B2084138A540ED29998540A541ED2E
S315000770B62A998541A540E90A8540A541E900854102
S315000770C6A2FFE838A540ED38998540A541ED3999DF
S315000770D6854110EEEC37999003AE37998641AE7324
S315000770E69986403F8D1B1F91061791A90085410F6B
S315000770F6910F0791ADAA998542A2618647A2598043
S3150007710611AF9108A22B8647A2218006A231864790
S31500077116A22B20FE728C7799379320375260AE548E
S3150007712699D00A3F8D69A90A8D9D998062AD5699B0
S31500077136CD3299F058290FAABD9598F050EE6C995D
S315000771463F8D20AD6C99C9149019AF6507A90D8DAA
S3150007715626028005A90F8D2602A9008D6C99A90A14
S315000771668D9D99209E6FBDC59885E9BDC69885EA0A
S31500077176BDA5988D7499BDA6988D7599A78FA1E714
S3150007718689018D7799203752EE569980025790AD29
S315000771964D048DBD02AD4E048DBE027761A9648D81
S315000771A60486A9008D058607624C10528F93090F30
S315000771B660093F8D034C397A4C92703F8D0EADC9E7
S315000771C6990DCA99F006A9008D4F9960DF900B2F86
S315000771D6900CD790AD57998D56994C247160A5DDBD
S315000771E68540A5DE854138A540E5DB8540A541E511
S315000771F6DC8541A541D010A540F0E229F0D008E686
S31500077206EBA5EB2901D0D6AE7B99F0D1AD329929FC
S315000772160FAABD9598D0C6AD5499F0C1209E6FDAD0
S3150007722620E77AA200AF9111A90491E7E891E7E86A
S31500077236A90191E7E891E78009A90291E7E8A90478
S3150007724691E7E8AD329991E7E88E7799FAA5DB9D3E
S31500077256C59885E9A5DC9DC69885EAAD71998D74AD
S3150007726699AD72998D7599B793203752AD4D048DA1
S31500077276BD02AD4E048DBE027761A9648D0486A94B
S31500077286008D0586076260AE3399CA8640A2418697
S3150007729647A23B20FE728C779937934C3752AD3F00
S315000772A6998540A2218647A21B20FE728C779937BD
S315000772B6934C3752AD34998540A55629384A4A4ADA
S315000772C64A89018541A23B8647A23120FE728C7701
S315000772D69937932037529793201052CF930EA5418D
S315000772E6C901D00820B44B20CA4BC79360A90C8D99
S315000772F62602A9FF8D3F9960A000A95585E7A9989B
S3150007730685E8BD2273C910D009E8BD2273DAAAB586
S3150007731600FA995598E8C8E447D0E7601A010201CA
S31500077326060100000000FF020103030108040240EC
S3150007733600080103090101040201011040070501BE
S3150007734601104002011041030510401041070601CE
S3150007735601104002011041040701011040060810FA
S3150007736640104110421043104404081040104110C3
S3150007737642020810400409104210401041AD0205AA
S3150007738609048D0205A21B8647A20020FE72AD419F
S31500077396998D62981F8F05A9108D6598A201201AE7
S315000773A676C900F0078D6F98A91B8002A91820B029
S315000773B6798D779938E9018D559837934C3752ADBC
S315000773C6020509048D0205A21B8647A20020FE7246
S315000773D6AD40998D5798A00B0F9208AD41998D62CE
S315000773E698A00E1F9213A903995598C8A9019955EE
S315000773F698C8AD3799995598C82F921AA9049955D9
S3150007740698C8A902995598C8AD4399995598C8AD8C
S315000774164499995598C83F921CA908995598C8A999
S3150007742601995598C8AD45993F8D04297F8002294C
S3150007743603995598C8AD4699F017C9FFF013A909D8
S31500077446995598C8A901995598C8AD4699995598D1
S31500077456C8206379AD4699C9FFD028A90E995598CC
S31500077466C8A904995598C8ADC299995598C8ADC57E
S3150007747699995598C8ADC699995598C8ADC8999911
S315000774865598C8988D779938E9018D559837934C4D
S315000774963752AD020509088D0205200F53A202B120
S315000774A6DF8D4099A9028540B24142B299432040F1
S315000774B67590098792A903CD4199B005A9028D4111
S315000774C699A9038540B24242B29943204075B00A4C
S315000774D6A9018D37998D7B9980179792A9081F8FD2
S315000774E602A910CD42999003AD42998D37998D7BA6
S315000774F699A9048540B24342B29943204075900242
S31500077506A792A9088540B24542B29943204075908D
S3150007751602B79220A175A9098540B24642B2994398
S315000775262040759009A200201A76C900F00020BBF4
S3150007753678204F76AD46994CB376A203A1DF8541EF
S31500077546C641C641B1DFC540F019E8B1DFE8854453
S315000775568A6444AAC641C641A54138E5448541D051
S31500077566E31860E8B1DF8541E8B1DF8142E8E64224
S31500077576D002E643C641D0F13860A55629C04A4A25
S315000775864A4A4A4A0AAABD99758D3599BD9A758D8D
S3150007759636996040008000C0000001208075AD4323
S315000775A6998540AD44998541A5408D3899A5418D64
S315000775B63999AD35998540AD36998541A541CD3978
S315000775C699D005A540CD3899900AAD38998540AD2D
S315000775D639998541A5408D3A99A5418D3B993F92A3
S315000775E632AD45992901F02BAD3899C940D024B259
S315000775F60040B20141A5408D3899A5418D3999AD0F
S3150007760635998540AD36998541A5408D3A99A54167
S315000776168D3B9960A5572903F02BC901F01B290154
S315000776268540AD1686C908D004A91C800AC904D0A8
S3150007763604A90C8002A9040540E001F00B2D469922
S31500077646F00320A6768D469960AD4699291CF00566
S3150007765620A750804A1F5747A90E8540B24B42B20C
S3150007766699432040759038A903CD4B99D0318DC2E1
S3150007767699AD4E99F029C9219002A9208DC899ADD1
S315000776864C99F01B8F8E0BCD16869003AD1686206A
S31500077696A6768DC599A9008DC699A9FF8D469960C7
S315000776A6A200E82A90FCA9006ACAD0FC60C900F0C5
S315000776B645A75AC9FFF021A200E82A90FC8A38E9AD
S315000776C604C904F0322903AABD02778DC599A920F4
S315000776D68DC899A9038DC299878C978C979A879A8D
S315000776E6B78CAEC899ACC299A9008D2586ADC59942
S315000776F68D2686200A7760A78C4C06770804020033
S31500077706200964602049E4600878203278208C775F
S31500077716206077202477200B7820F3772860A90046
S31500077726AA9D9598E8E010D0F885938D7399A901D7
S315000777368D57998D32998D3199AD37998D7B998D5F
S315000777465499602F5A132F8C034C06773F8C0AAC35
S315000777562786AE6886CA4C0A7760A9008D63998D17
S3150007776666998D78998D76998D67998D68998D6ABB
S31500077776998D50998D5399C78D77656763776B276B
S315000777865A476C576C60A900AA9DE598E8E004D0AD
S31500077796F8A9028D4099A903E28C022002A9028D57
S315000777A64199A9018D42998D33998D3499B2044031
S315000777B6B20141A5408D4399A5418D4499A5408DB2
S315000777C63899A5418D3999A5408D3A99A5418D3B9D
S315000777D699A9008D45998D46998D4B998D4C998D0D
S315000777E64D998D4E99A9108D3799D78F600878A927
S315000777F62985DB85DDA98F85DC85DEA9008D2B9995
S315000778068D2C9928600878A92985D785D9A98785CA
S31500077816D885DAA9008D29998D2A992860A9008D18
S315000778262D998D2E998D2F998D309960B2D740B2A5
S315000778360041B2EC42B2004320A478858E858F8537
S3150007784690859185928593858C858DB22940B299C7
S3150007785641B27D42B2994320A478B29540B2994186
S31500077866B2CE42B2994320A478A9FF8DA299A90858
S315000778768DAD99A9208D9C99A93C8DB4992007436E
S31500077886A9008DCA998DC9998DCC9987629762A7E2
S3150007789662C762D762E762F75F8760976060A9008B
S315000778A68140E640D002E641A540C542D0F0A54153
S315000778B6C543D0EA603F920C20FD799007A993202D
S315000778C6A3798002A9032D45998D459929908F8E0F
S315000778D606C990D00A8004C910D004D766B78D3F6B
S315000778E68D13AD45992920D006C20150028006D2CE
S315000778F601500257663F8D64A90C8540B24742B2CE
S315000779069943204075B0065766378D804F205E5AD5
S315000779162D47998D47998DBA9920725A2D48998D73
S3150007792648998DBC9920AA5A2D49998D49998DBE94
S315000779369920E35A2D4A998D4A998DC099A9802D82
S315000779464799F002E78DA9012D4799F004D201A5BB
S3150007795699A9022D4799F004D201A49960DF660416
S31500077966BF8D0160A90C995598C8E251020204A970
S31500077976048002A902995598C8AD4799995598C89A
S31500077986AD4899995598C8E25102020EAD4999999B
S315000779965598C8AD4A99995598C84C1A7AF250021D
S315000779A60105E24F02010209206020FD79B0016058
S315000779B6A8AD6C98099020A3798D6C98A90C995552
S315000779C698C8E251020204A9048002A902995598A9
S315000779D6C8205E5A995598C820725A995598C8E28A
S315000779E65102020E20AA5A995598C820E35A995564
S315000779F698C8201A7A98604820200EC9049012F271
S31500077A068C02400DF251020408F251021003388027
S31500077A16011868608F8E036F8D18A90D995598C83A
S31500077A26A902995598C8A9FF995598C8A9FF9955BE
S31500077A3698C860AD73998901CD3199F0034C927058
S31500077A464C225208780762A9648D0486A9008D051B
S31500077A56860762286020497A1F6E06A9008D9D99BA
S31500077A6660202F6CB00160AD9D998540A2008E9D62
S31500077A7699C90AF008A2598647A25580340791AED6
S31500077A86A99986418A8901297F8DA9998A29800D0F
S31500077A96A9998DA999ADAA998542EF8D08A255860A
S31500077AA647A24D800CA24D8647A241A9FF8543856D
S31500077AB64420FE728C779937934C3752A900AA9DB4
S31500077AC6E998E8E040D0F88D6D998D6E998D6F9996
S31500077AD68D7299A9018D6C99A9208D71998D7099C9
S31500077AE660AD7099D006A9FD8D70996089018D7074
S31500077AF6992903C903F00160AD6D99AA8901293F42
S31500077B068D6D99BDE9988540AD6C9985429DE99835
S31500077B16A9008D6C9985418543AD6E998544AD6FF0
S31500077B2699854518A54465428544A5456543854512
S31500077B3638A544E5408544A545E5418545A5448DD3
S31500077B466E99A5458D6F99A545D01DAD709985404A
S31500077B56A20806402641A54138E54490048541E634
S31500077B6640CAD0EEA540D002A901A00602854184E7
S31500077B7640A541CD3B99D005A540CD3A99900AAD8A
S31500077B863A998540AD3B998541A5408D7199A541A1
S30A00077B968D7299606085
S31500077B9B9707ADF29929EF8DF299AA20BC7D8EFD39
S31500077BAB9F20CB7DB2E040B20641204EE08DEE9989
S31500077BBBB20040B20141204EE0090329FB8DE9993A
S31500077BCBB20140B20141204EE029FD8DEF99B2D9A2
S31500077BDB40B20641204EE08DF099B2DD40B2064128
S31500077BEB204EE0F00587AF4CF77B07AF20DB7E20F7
S31500077BFBBC7DA2008EFE9FA2018EFC9F209D7CA2C0
S31500077C0B3C8EFF9FA23C8EFE9F209D7CA20C8EFF77
S31500077C1B9FA20C8EFE9F209D7CA2068EFF9FA2061F
S31500077C2B8EFE9F209D7CA2018EFF9FA2018EFE9F3B
S31500077C3B209D7CA2038EFC9F209D7C20CB7DA9805B
S31500077C4B8DD199A9008DD2998DD3998DD4998DD52F
S31500077C5B998DEB998DED998DEC992049E0ADE999C5
S31500077C6B2918C918F00EC908D01FAD820429FB8D38
S31500077C7B82048008AD820409048D8204AD81040950
S31500077C8B018D810420DDE08008AD810429FE8D81FD
S31500077C9B046020CB7DA9038D0A86A9008D0B863739
S31500077CAB62EA3F62FC20BC7D60DA20CB7DA24BEA01
S31500077CBBEAEAEAEAEACAD0F720BC7DFA60DAA24B0F
S31500077CCBEAEAEAEAEAEACAD0F7FA60EAA9028DED26
S31500077CDB85A9008DEE855762A9068D0A86A9008DA3
S31500077CEB0B863762EA20BC7DADFD9F20CB7D8DD6FB
S31500077CFB99F2D69902E2F2D69901DDF2D69904D812
S31500077D0BE2D699080280D1DF62073F62D7EA4C5861
S31500077D1BE0A9808DD199A9008DD2998DD3998DD450
S31500077D2B998DD59920C87C4C53E0ADE999854420AC
S31500077D3BBC7DA545C90DD029A54429FDAA8EFC9F57
S31500077D4B20B47CA9C0AA8EFF9FA9C0AA8EFE9F202E
S31500077D5BB47CA5440902AA8EFC9F20B47C20CB7D5C
S31500077D6B60AA8EFF9FEAEA8EFE9F20B47C20CB7D0E
S31500077D7B60ADE999854420BC7DA54429FDAA8EFCF7
S31500077D8B9F20B47CA901AA8EFF9FA901AA8EFE9FED
S31500077D9B20B47CA5440902AA8EFC9F20B47C20CB79
S31500077DAB7DA9038D0A86A9008D0B8637623F62FD77
S31500077DBB607848A51C8547A97F851CEA470268603A
S31500077DCB48C702A547851CEA58686020BC7DADFDF0
S31500077DDB9F20CB7D8DD6996020BC7DAA8EFF9FEA0F
S31500077DEBEA8EFE9F20CB7D4C44E0ADE99985442076
S31500077DFBBC7DA54429FDAA8EFC9F20B47CA910AA9D
S31500077E0B8EFF9FA910AA8EFE9F20B47CA54409025C
S31500077E1BAA8EFC9F20B47C20CB7D4C44E0ADE99920
S31500077E2B854420BC7DA54429FDAA8EFC9F20B47CE6
S31500077E3BA914AA8EFF9FA914AA8EFE9F20B47CA510
S31500077E4B440902AA8EFC9F20B47C20CB7D4C44E0D0
S31500077E5BADE999854420BC7DA544090229E78544EC
S31500077E6BAA8EFC9F20CB7D8DE99960ADE999854458
S31500077E7B20BC7DA544290F090B8544AA8EFC9F20A0
S31500077E8BCB7D8DE99960ADE999854420BC7DA544E9
S31500077E9B091B8544AA8EFC9F20CB7D8DE99960AD86
S31500077EABE999854420BC7DA54429FDAA8EFC9F2014
S31500077EBBB47CA9C9AA8EFF9FA9C9AA8EFE9F20B417
S31500077ECB7CA5440902AA8EFC9F20B47C20CB7D603F
S31500077EDBADF299854420BC7DA54409018544AA8E3C
S31500077EEBFD9F20CB7D8DF29960ADF299854420BC21
S31500077EFB7DA54429FE8544AA8EFD9F20CB7D8DF259
S31500077F0B9960ADF299854420BC7DA5442901F006FD
S31500077F1BA54429FB801EA54429FA8018ADF299853D
S31500077F2B4420BC7DA5442901F006A5440905800418
S31500077F3BA54409048544AA8EFD9F20CB7D8DF29916
S30600077F4B60C8
S306000787FF0369
S315000788004C83E64CDEE64C39E74C94E74CEFE74CF5
S315000788104AE84CA5E84C2108EAEAEA202EE64C7A13
S315000788202B2021E6207A2B4C21E6203BE6207A2BCB
S315000788304C3BE6200AE6207A2B4C0AE62048E6203F
S315000788407A2B4C48E62017E6207A2B4C17E64C5A2B
S3150007885008EAEAEA202EE64CE43D2021E620E43D3C
S315000788604C21E6203BE620E43D4C3BE6200AE62089
S31500078870E43D4C0AE62048E620E43D4C48E620174E
S31500078880E620E43D4C17E64C9308EAEAEA202EE692
S315000788904CE3442021E620E3444C21E6203BE62036
S315000788A0E3444C3BE6200AE620E3444C0AE620482C
S315000788B0E620E3444C48E62017E620E3444C17E657
S315000788C04CCC08EAEAEA202EE64CA6662021E620EA
S315000788D0A6664C21E6203BE620A6664C3BE6200A28
S315000788E0E620A6664C0AE62048E620A6664C48E639
S315000788F02017E620A6664C17E64C0509EAEAEA20A1
S315000789002EE64C5F602021E6205F604C21E6203B87
S31500078910E6205F604C3BE6200AE6205F604C0AE6ED
S315000789202048E6205F604C48E62017E6205F604C4B
S3150007893017E64C3809EAEAEA2021E62015084C2111
S31500078940E6203BE62015084C3BE6200AE6201508FC
S315000789504C0AE62048E62015084C48E62017E6208C
S3150007896015084C17E64C6B09EAEAEA2021E62015BA
S31500078970084C21E6203BE62015084C3BE6200AE694
S315000789802015084C0AE62048E62015084C48E6203C
S3150007899017E62015084C17E64C9E09EAEAEA202155
S315000789A0E62015084C21E6203BE62015084C3BE659
S315000789B0200AE62015084C0AE62048E62015084C4A
S315000789C048E62017E62015084C17E64CD109EAEACF
S315000789D0EA2021E62015084C21E6203BE62015086B
S315000789E04C3BE6200AE62015084C0AE62048E62016
S315000789F015084C48E62017E62015084C17E64C04E0
S31500078A000AEAEAEA2021E62015084C21E6203BE699
S31500078A102015084C3BE6200AE62015084C0AE620F6
S31500078A2048E62015084C48E62017E62015084C1797
S31500078A30E64C370AEAEAEA2021E62015084C21E641
S31500078A40203BE62015084C3BE6200AE62015084C95
S31500078A500AE62048E62015084C48E62017E62015C2
S31500078A60084C17E64C6A0AEAEAEA2021E6201508C6
S31500078A704C21E6203BE62015084C3BE6200AE6207B
S31500078A8015084C0AE62048E62015084C48E6201744
S30C00078A90E62015084C17E666
S31500078A9720320BD038F24B02081CAD4604CD7B04B7
S31500078AA7D006AD4504CD7A04F009EE4504D003EEAA
S31500078AB7460460B7AA60A9008D45048D4604AD35FF
S31500078AC702F00320BEE448C2084B026860E24B0285
S31500078AD7082AEE4304D003EE4404AD4404D008AD98
S31500078AE74304CD8103900FA7632021E2CF4806AD44
S31500078AF70802F00160603F5902276360A9008D43AA
S31500078B07048D4404AD3502F01BAD45048540AD46DB
S31500078B17048541A541CD7B04D005A540CD7A04F050
S31500078B270320BEE448D2084B026860AD81052901D8
S31500078B376060A060628284717875747276A1A444B6
S31500078B4745464748494A4B4CAAC1C2C3C4C5C6C7C7
S31500078B57C8C9CACBCCCDCEA801021214B8B8B4B4CB
S31500078B67B2B2B1B111D21009068004C21009064C78
S31500078B77B00E8F6D04C204090660C2201506D2100F
S31500078B871506C2401506D2801506D2011F0660C212
S31500078B9780080660D2800806E206061004C2100699
S31500078BA70660A9058D8F02A9008D9002075F8F5F63
S31500078BB705E21E0608F820960BD2100606C000D057
S31500078BC71BE20A0602FBA2022082F8A9398D1C06B8
S31500078BD7A9807B09028D1806A9A07B60A9A68D1C0B
S31500078BE7068C1806A9A27B60D2041E0660C2041E5D
S31500078BF70660AD859AD0031F6E03E76F60D2201E06
S31500078C070660676FC2201E0660D201080660C201AA
S31500078C17080660F26B020804D2020806209FF8606E
S31500078C27AD1206C960F00829F0C9A0F00218603826
S31500078C376048E253022005AD2F058006AD12068D63
S31500078C472F05C9719016C979B011C972F008C97687
S31500078C57F004C978D002A77138800118686048F20E
S31500078C6751021018E253022005AD2F058006AD12F3
S31500078C77068D2F05C9C0900BC9CFB00338800118D9
S31500078C87686048E253022005AD2F058006AD120638
S31500078C978D2F05C9909008C9A0B0033880011868B9
S31500078CA76020380CB0FA4C650C20D631F00160F21B
S31500078CB713060804D20813066020D631D009E21333
S31500078CC7060804C20813066000020300AA20D63165
S31500078CD7D001608AA8AD130629FC19CF0C8D130698
S31500078CE76000030201A8AD030629FC19E80C8D03EA
S31500078CF70660C2020206C2040206C2010206C28053
S31500078D070706602F67034C540D48D220040668A848
S31500078D17B9380BC9AAF00A29F0C9A0D004C20805B1
S31500078D2706B9380BAE5D9AE002D00BAE3A02E003FE
S31500078D37B00AA9828006E001D002A95220880DADA4
S31500078D472D02290785402090E2207EE260A8D2807F
S31500078D570306C2010406B9380BC9AAF00A29F0C9DE
S31500078D67A0D004C2080506B9380B29F0C9B0D00B3D
S31500078D77876D982901D004D2010406B9380B4C88A8
S31500078D870D8D120620B00EB9380B29F0C910D0037E
S31500078D974CC60DAD1206C962D025A924FF4C02A9F8
S31500078DA7278D1806A9368D1C06A9A17BA90EFF4C88
S31500078DB702A90F8D1806A9378D1C06A9A17B60F294
S31500078DC750020105E24F0201062F670320F1E16012
S31500078DD7AD1206608D1206D208030660A93A8D1CE6
S31500078DE706A9807B297F8D1806A9A07B60A93A8DDE
S31500078DF71C06A9807B098080ED48D2100506684CBA
S31500078E07140ED24005066048C21005066860C240C0
S31500078E17050660AD0F06298060202C0E20650CB06D
S31500078E27016089066020650CB00620570EF00160C1
S31500078E37DAE253022005AD2F058006AD12068D2F00
S31500078E4705205D0E201BE2FAE251021002891D601A
S31500078E57AD0E06291F60F251021025E251020420C2
S31500078E679F741D8F741AAAAD7686F0134AB0108DB4
S31500078E7718068A38ED1806C991B005A99180018A9F
S31500078E8760AD0A0629384A4A4AE20E064002090829
S31500078E97D00518AD00066048AD00068540683860FE
S31500078EA7E21E0608FB8D100660A90A8DF185A90043
S31500078EB78DF2857762D2011F0622A900A200A000BC
S31500078EC7FF621A22209FF832E21F06010E8901D098
S31500078ED7EFE8D0ECC8C0C890E780023260324C276B
S31500078EE7E500010203A8AD060629FC19E80E8D065B
S31500078EF7066040206000A8AD1106299F19F90E8D57
S31500078F07110660C20806064C9B0BAD29022903C941
S31500078F1701D016F209061011AD120629F0C950F04D
S31500078F2704C980D004D2800906ADE90409808DE912
S31500078F3704D2010906AD1206C9AAD0032074104C3C
S31500078F47100CA000A240B20247A97C201B32D28090
S31500078F57020660D22002064C760FC22002064C8E06
S31500078F670FD21002064C760FC21002064C8E0FA9B7
S31500078F77138D1606A9158D1706A94B8D1806A90071
S31500078F878D1906A9E17B60A9138D1606A9158D17F5
S31500078F9706A9428D1806A9008D1906A9E17B600067
S31500078FA700000102000000010248A8AD020629FCDD
S31500078FB719A60F8D020668A8AD060629FC19AB0F79
S31500078FC78D060660303132333435363738392A233A
S31500078FD741424344AD1B06290FAABDCB0F60AD1F00
S31500078FE7060910090829FE8D1F0660AD1F0629EF1A
S31500078FF7090829FE8D1F0660A90AA00020FF31ADC3
S3150007900719068D9C04CD9E0490038D9E04CD9D0461
S31500079017B0038D9D0460A900A0B520FF312940F054
S315000790270238601860F20F060409201A0ED004A941
S315000790377F801DF251021005E251020409A908A013
S315000790471020FF318007A902A00C20FF31AD1906B2
S31500079057205E108DA1046048A209CABDAA04E89D2F
S31500079067AA04CAD0F5ADA1048DAA046860F2090659
S315000790771010A9008D18068D1906A9048D1C06A9B7
S31500079087AA7B608D1D06A90A8DF185A9008DF28534
S31500079097776222A900A200A000FF621D22209FF87F
S315000790A732E21D06800E8901D0EFE8D0ECC8C0C8AA
S315000790B790E7800532AD180660324C27E5AD000606
S315000790C748208CE3A5C3C901D004A5C2C95E686059
S315000790D76CDE052022212324313334A9048D8E0221
S315000790E7D2046402D2026402C2087D02C202620285
S315000790F7C2026502AD630229088D6302C2204A02CE
S31500079107C2015202C2045202C2085302A9008D794C
S31500079117868DE90460A93A8D1C06A90A8D1806A942
S31500079127A47BA93E8D1C06A9847BAD180629EF8D5E
S315000791371806A9A47BAD8203C903D004B778800BA9
S31500079147C905D007AD8D03F0027786202F2020D6D5
S3150007915731F031A56B290FD037E27402010AF264A1
S31500079167020805201A20801CFF4C05209811801439
S3150007917720C2113FB10E3FB20BC2100906D2200813
S315000791870620B00E20EE1F20FC1FC2080506270A79
S3150007919760D204090618208AE2D2200806A9A0CDBC
S315000791A71206F00E8D12068D980420B00EA90C2014
S315000791B763E2D2400806A0014CA90BD2040906A907
S315000791C781CD1206F0068D12064CB00E60E21E061A
S315000791D708FB200E0EAE0A878E1006E024F004E081
S315000791E734D008A202207DF820B116A9068DAB0256
S315000791F7A9008DAC026760EF6005E21E0608F8A9AD
S31500079207328DAB02A9008DAC02676060A94D8D1C34
S3150007921706A9807BC950B00EC918900AE9168D189A
S3150007922706A9A07B186038607770C2206302A90079
S315000792378D0183A9018D1806A9658D1C06A9A07B33
S31500079247475BA9F08DFF02A9E28D0003C75BD2042E
S315000792571E06A70A60A9ED8DE105A9E28DE205A914
S31500079267798DDE05A9128DDF05C2046302A9008D74
S315000792778D0220011AF263020201603FB1153FB260
S3150007928712203D20A90A8DAB02A9008DAC026760A3
S315000792974C7220C2026302C208640220C71620D690
S315000792A731F005E27402014FA9408D0E87A9158D86
S315000792B70F87A9028D0C87AD0B87C923F01548A918
S315000792C7018D0C87A9C28D0E87A9138D0F8768C9CC
S315000792D721D051D2206402B202BA2097E42074291A
S315000792E7B006A9008D8D0260EE8D02AD0802F03437
S315000792F7CD8D02F030802DA9338D0A87AD0B87C92F
S3150007930722F022C920F01EC924D019A97C8DDE05B3
S31500079317A9138DDF05A9328DAB02A9008DAC0267AC
S31500079327604CAB1660ADE90409018DE904C22064F8
S315000793370220F1F3AD0704204632C20109062015BC
S315000793470CA9ED8DE105A9E28DE205E27402010C90
S3150007935720032020981120AB164CE31720981120DD
S31500079367D411A97C8DDE05A9138DDF0520720B2085
S31500079377000E4CAE16EF603F20B41A903DFF7037CC
S31500079387A9C28D0E87A9138D0F87A9018D0C87ADE6
S315000793970D87C902F016A92A8D0E87A9148D0F877F
S315000793A7A9028D0C87AD0D87C903D00BADE9040953
S315000793B7048DE9044CE3174CC31760EF605EE2645C
S315000793C7020246D240630220B41A9053C240630290
S315000793D7FF7049AD0D87C904F02FC905F02B48C2A1
S315000793E702620268C908F017C909F008C90AF00F27
S315000793F7C90BD028C2087D021771A9048D8E02AD45
S31500079407E90409208DE9048016ADE90409108DE9F9
S3150007941704A2012072F8206C0B4CDB154CC317DF2F
S315000794277CE760A9C28D0E87A9138D0F87A9018DC2
S315000794370C874CE3173759A2042072F820C716D2B0
S31500079447086402A9ED8DE105A9E28DE205A9008D5C
S31500079457DE05A9158DDF05A9228D0A87F274020194
S31500079467034CD411A99F8DDE05A9148DDF05A92302
S315000794778D0A87C201090620150C209811A9648D44
S31500079487A502A9008DA6023760B759C280630220D5
S31500079497D41120000E4CA616BF600C20B41A9019DB
S315000794A7AD0D87C902F040A2022072F848C21055CF
S315000794B70268A203867B377A601F5F2AF2630280F8
S315000794C706D28063028013A9238D0A87C20109067C
S315000794D720D411C280630220A616A9C88D9102A9B6
S315000794E7008D9202175F60A9C28D0E87A9138D0F8C
S315000794F787A9018D0C874CE317EF601820011AE23D
S315000795076302020FC2026302AD0B87C933F008C9AC
S3150007951723F004604CE715ADE90409028DE904A2B7
S31500079527022072F820A616A9408D0E87A9158D0F5A
S3150007953787A9028D0C874CE317EF603520B41A907D
S3150007954733FF702DAD0D87C901F0034CE715ADE95C
S315000795570409088DE904F264020416A9DB8D0E8750
S31500079567A9158D0F87A9048D0C87D20463024CE3CF
S31500079577174CC31760E21E06200160A9328DAB029E
S31500079587A9008DAC026760EF6056E20A0602ECA9EE
S31500079597048D9102A9008D9202175F1F5FFD20D0E8
S315000795A71FAD0C87C904D00620720BB241BDAD0E9D
S315000795B7878DDE05AD0F878DDF05A9328DAB02A92E
S315000795C7008DAC026760EF6017F20F0620F82000E0
S315000795D70E4C2F12ADE90409408DE904D204630244
S315000795E7A2012072F8A9768D120620B00EAD5D9AF4
S315000795F7C938D00EE263020409E262020204D208FE
S315000796075302200E0EC2100606C2041E06C204091E
S3150007961706FF4C04D2040906D2080506D2800806B7
S31500079627D2400806C2010906C2800906C2200806F3
S31500079637F263020410D2100906F264024007C21049
S315000796470906B241BDA9008D0183A9008D0181A92C
S31500079657008D0D87A9008D0C8720DB1F200320208F
S31500079667D01FA70AAD27022063E238208AE248C23D
S3150007967710550268475BA9648DFF02A90A8D000387
S31500079687C75B375BA9318DFC02A90A8DFD02B75B5C
S315000796973759A99D8DC902A9E18DCA02B759602015
S315000796A76C0B800320720B202F12D2800906A900A4
S315000796B78D1806A9028D1C06A9A27BD20109066089
S315000796C720A117205D17207617A57D290BC909D075
S315000796D708A57F3004A9828002A9801F57020904BB
S315000796E78DFD868D06878DF9868D0287AE3602BD77
S315000796F745178DFA868D0387AE3602BD51178DFB43
S31500079707868D0487A9C08DFF868D08878DFE86AD52
S31500079717F886AA2904F006A9848D0187608A290293
S31500079727F016A9828D0187ADFC862901F004A98960
S315000797378002A9828D058760A9818D018760808050
S31500079747808080A0B08080B0B0B0C8CCCEC0CFCF65
S31500079757CFC0C0CFCFCFA981AEDD05F007E2800224
S3150007976701020902E26402100209048DF88660A065
S3150007977780A981DAAE5D9AE00CF008E00DF004E007
S3150007978738D0020940FA8DF78698AEDD05F007E26D
S315000797978002010209098DFC8660A97C8D1C06A932
S315000797A7867BC900F004A9038002A9018D0987AD45
S315000797B72C02F007293F09018D098760A20120724C
S315000797C7F8A9E78D0E87A9158D0F87E264020407A7
S315000797D7A9088D0C878005A9098D0C87A201AD0CF1
S315000797E78709109D0181AD0C87C901F01CC902F0D5
S315000797F707C903F0034CB218B2F7E2B286E320B4FF
S315000798071FA980E89D01818008B200E2B287E3803D
S31500079817EDA980E89D0181ADDD05D03FF25502012F
S315000798273AAC5D9AC00CF008C00DF004C038D02BCF
S31500079837AC0C87C002F00AF25202011FE2640280EB
S315000798471A20B41F4A48901CA1E220C91FE809C07D
S315000798579D018120C91F20C91F801720B41FA0009B
S315000798674A48B00B20C91F20C91F20C91F800320DC
S31500079877BE1F68A0004A48B00B20C91F20C91F2072
S31500079887C91F800320BE1F684A900320B41FAD0077
S3150007989787AC0C87C001F007D2045202ADF78629B9
S315000798A740F008F27D02080320C0188E0181A960DF
S315000798B78DDE05A9198DDF0560A909E89D0181A92F
S315000798C7B5E89D0181A902E89D0181A900E89D01E7
S315000798D781A994E89D0181A981E89D0181A980E273
S315000798E752020402A982E89D0181AD0987AC0C875C
S315000798F7C001D015AD2C02F004293F800CAD778641
S31500079907E26202400409208000E89D0181A97E8D55
S315000799171C06A9867BE89D0181A9050980E89D01A3
S315000799278160AE1387E8EC0181D009203B19C22075
S315000799371E0680218E1387BD01818D1006E001D093
S3150007994714A9018DF185A9008DF2857762FF620655
S31500079957F20A0602F8604CE715E20F068005C28091
S315000799670F0660A202207DF8F20F0680ECA90A8D82
S315000799779102A9008D9202175F1F5FFD200E0EC287
S31500079987100506209F0B20100CA9058DF185A90048
S315000799978DF2857762FF625FE20F0620F8A90A8DC7
S315000799A79102A9008D9202175F1F5FFDD210060667
S315000799B7A9018DF185A9008DF2857762FF6238E2E5
S315000799C70A0602F8A9098D9102A9008D9202175F67
S315000799D71F5FFDA9008D1387375BA9F38DFC02A9C6
S315000799E7E28DFD02B75BD2201E06A70AA97C8DDE8C
S315000799F705A9158DDF05604CE715E2630201034CE0
S31500079A07861A4F610F5F760C4F6109E20B06400412
S31500079A17D2014A02AD1606C980D01CD2024A023FB6
S31500079A27B1153FB212D2016302A9058DA502A90096
S31500079A378DA60237608048EF82051F6A2A80039F33
S31500079A476A25F24A020205E24A02011BA9FF8D109F
S31500079A5706A9018D1806A94A8D1C06A9A07B976A30
S31500079A67EF8249176A8045C9E0D041A9058DA50246
S31500079A77A9008DA602376048D201630268802DBF09
S31500079A876026AD1606C9E0F023A200DDDA10F00757
S31500079A97E8E008D0F680158D0B87A90B8D1005C250
S31500079AA7016302D202630260C201630260F21E0605
S31500079AB7040820D01F202D1B38601860AD0A06AE94
S31500079AC70006A82939F0134AB034E26302202EAEFE
S31500079AD70183D01DC22063028023FF7020E2630241
S31500079AE7201B8AAE0183E040B0079D0283EE018300
S31500079AF760F770A9008D1287A9008D018360F2634D
S31500079B07022015D22063027770801AA9008D018378
S31500079B17F770C2206302800DAE0183F008C2041EE8
S31500079B2706C220630260B201E0B283E120AF1F29B4
S31500079B370F8D0D87C906F008C907F004C90C9003EE
S31500079B474CC21DAD0D87290CF00160D2016402C214
S31500079B5780640220AF1FA82DF78609088D0087AAFC
S31500079B674AB004C20164028A2940F004D28064021B
S31500079B77AD0D87C901D00DC2026402982908F00402
S31500079B87D2026402980AB007A20020401FB0B1A20A
S31500079B9700AD5D9AC90CF004C90DD01520AF1F3A61
S31500079BA7900D20AF1F2904F004D2015202C6E0C662
S31500079BB7E0204F1FB08A20AF1F0AB00AA200204035
S31500079BC71F90034C471B20AF1F8D16872DF8868DD1
S31500079BD70187AD16870AB0034CC21DA200A90185E6
S31500079BE740E080D018AD8E02C904D008E26402802F
S31500079BF7034CCF1DF264020401604CC3174E168748
S31500079C079008202F1F90034CC21D0640A64080D1FF
S31500079C17C2046402A20020AF1F48E002D01B293006
S31500079C27F017AD5D9AC90CF004C90DD00CADFB86CC
S31500079C3705108DFB866805104868483DF986098033
S31500079C479D02879D6502E000D0082902F004D2022B
S31500079C576502680A080A900628B00E4C8E1FE82880
S31500079C67E00390B2A2004C761FE000F04AAD670208
S31500079C77F26702102BF266021030F26602203529C8
S31500079C870F8D6702F010A001982D6702D008980A72
S31500079C97A82D6702F0F89809C0A20220D91C8017D9
S31500079CA709108D670220C91C800AAD660229DFA243
S31500079CB70120D91C20D21CF267021004C2015202E6
S31500079CC71860A201AD660229CF8007A202AD670217
S31500079CD729F09D02879D65026020AF1F8D17872D87
S31500079CE7FC868D05874A900A48D2087D02C2046416
S31500079CF702684AB004A004800848C204640268A040
S31500079D07048C8E02AD17870A080AB02E28A20020F0
S31500079D17AF1F8D17873DFD869D0687E001D0022970
S31500079D27C39D6502AD17870A080AB00E28E8E00241
S31500079D3790DDA20020761F900C6028B008A20020AD
S31500079D478E1F900160E27D02080FAD058729C98D31
S31500079D570587A9048D8E02800EAD8E02C904D0072A
S31500079D67AD018729818005AD018729828D01878006
S31500079D77001860E264021019A9048D8E02C2087DD5
S31500079D8702C204640297718789ADF88629C48D01D3
S31500079D978720AF1F0A080AB00328386028B007A22A
S31500079DA70020761FB0F41860AD0D87C901D004D21D
S31500079DB7046402A20020761FB00160A9008D018303
S31500079DC7F7709F710277A560C204640220AF1FF080
S31500079DD72BAA20AF1FC9B5D023CAF02020AF1FC9AA
S31500079DE702D019CAF01620AF1FD011CAF00E20AF3E
S31500079DF71F20C01EC94AF007C994F0034CBD1ECAE7
S31500079E07F0FAC2106302C280620220AF1F20C01E8B
S31500079E17C981D00648D2806202680A9004D21063C5
S31500079E2702CAF0D820AF1F20C01E482982C982D090
S31500079E370FAD5D9AC90CF004C90DD004D2045202BE
S31500079E47682981C981D06FCAF06C20AF1F20C01E51
S31500079E578D15872940F05F20CA1EAD7786F057C94B
S31500079E6701D00BAD2C022902D004C2026502AD153B
S31500079E77870AB041CAF03F20AF1F20C01E8D15873E
S31500079E87297F8D1806A97F8D1C06A9A67BAD158781
S31500079E970AB022CAF02020AF1F20C01E297FA82993
S31500079EA740F012E26202800DC2023D02982920F0B5
S31500079EB704D2023D0260F77060AC798699E304EE37
S31500079EC7798660AD1587291F2D09878D7786F05700
S31500079ED7A020984AA82D7786F0F88C7786980AC91E
S31500079EE720F02E2D1587F011C2406202A9202D09F1
S31500079EF787F034D2406202802E980A2D0987F0111F
S31500079F07C2406202A9202D1587F01CD24062028043
S31500079F1716C2406202A9202D0987F00BA9202D1525
S31500079F2787F004D2406202607C321F171CE01C7A56
S31500079F371DAF1DAF1DAF1DAF1D20AF1F0AB007E829
S31500079F47E00390F53860186020AF1F85450A90171C
S31500079F57A200A9018541E080D0021860464590090D
S31500079F67A20020761F900238600641A64180E720A7
S31500079F77AF1FE80A080AB00728E00390F2386028F7
S31500079F87B0034C8E1F186020AF1F480A689015A2AA
S31500079F9707F0134A900B48DAA20020761FFA68B033
S31500079FA703CA80ED38601860E6E0A1E060A1E22009
S31500079FB7C91FE89D0181604820B41FC8C00390F8F0
S31500079FC76860E6E2D002E6E360270AC2201E06C2F9
S31500079FD701080660A9008D1806A9008D1906A94666
S31500079FE78D1C06A9A27B60A9128D1806A9ED8D1CE3
S31500079FF706A9A37B602011200901800520112029C6
S3150007A007FE8D1806A9A47B4CB00EA9398D1C06A987
S3150007A017847B60D2040906A9068D1C06A9837B09DA
S3150007A027208D1806A9A37B60D2406402F2090610A1
S3150007A03704C240640260A90C2063E218208AE2A9D9
S3150007A047A08D12068D980480B3A96B8D1C06A9806F
S3150007A0577B29F28D1806A9A07BA7B160AD1206C9A1
S3150007A067AAF002186038D201490260F26D020208A7
S3150007A077A54F290C4A4AF000EF601D20632090EB95
S3150007A087AD2B022904F006AD120620B5E4AD090586
S3150007A09709028D09054CF920205020D2400806A051
S3150007A0A70120A90BA9608D0406C202630220C71601
S3150007A0B7C2086402ADE90409018DE904A9338D0ACB
S3150007A0C787C2206402AD0704204632C2010906206B
S3150007A0D7150CA9ED8DE105A9E28DE20520D411A995
S3150007A0E77C8DDE05A9138DDF0520720B20000E4C2C
S3150007A0F7AE16D7B1D2010806E20F068004C2800F53
S3150007A1070620FDE1C2081506C2800806D20805061D
S3150007A117AD0F028DBD02A9008DBE027761B77A48DA
S3150007A127C210550268475BA9648DFF02A90A8D000D
S3150007A13703C75B375BA9318DFC02A90A8DFD02B7F9
S3150007A1475B075AA9948DDB02A9E18DDC02875A972B
S30B0007A1575AB7594CF7E167
S3150007A15DCE211A228522D2221323BE23FB23502575
S3150007A16D55255A256A253B264F2605244124412484
S3150007A17D412441244124412473239F25A6252B26BB
S3150007A18DB826DB26F826E226FF24AE24AD859AF0FF
S3150007A19D30C915F0238D0A05209FF8AD1B06CD0B8B
S3150007A1AD05F0158D0B05AD2B022904F00BA94D20D6
S3150007A1BD42FAAD0B0520B5E4AD859A0AAA7C5D2159
S3150007A1CD60E26D0201463F63191F6316AD6F0229E3
S3150007A1DD03D00F20DFE4900AC948D006D2086D02D6
S3150007A1ED802B60E20E068024208D27C901D006A993
S3150007A1FD188D859A60C904D00AA90B8D859AA9323F
S3150007A20D4C8028C906D005A91B8D859A60E26D027B
S3150007A21D01606FB25DAD1206C9E0903BA5532930BB
S3150007A22D4A4A4A4AF005F26B02042CBFB4290F7548
S3150007A23D264FB1239FB203AFB31DAD120648201AA1
S3150007A24DE3A948207FE1A95C207FE1688D1206D23C
S3150007A25D010906C210050620090C20F40BA5C80531
S3150007A26DC9F002E76F203227A9028D859AA9644C9A
S3150007A27D8028A9008D859A60208D27C902F008C907
S3150007A28D03F018CF602560D2406D02207027205D40
S3150007A29D28A9038D859AA9324C8028C2406D02A93B
S3150007A2AD64208028A9148D859A800920072720F90F
S3150007A2BD0B20EF0BE26B020404D2806D02A9008D11
S3150007A2CD879A4C0D27AD1406C999F015AD1206C917
S3150007A2DDE0F00EC9C0F00A4F602BA9168D859A803E
S3150007A2ED1820192820000EA9048D859AA9008D8896
S3150007A2FD9A8D899AA9FA208028E26B020404D280E6
S3150007A30D6D02200D2760F26D020819F26D021053CA
S3150007A31DF26D0220384F6006D2206D028045208BE4
S3150007A32D28904060F26D02040920932720BF27204D
S3150007A33D000EF26B020404D2016E02C2046B02C256
S3150007A34D046D02C2086D02A9058D859A60AD9A0343
S3150007A35DC9FFF00FE26B02040A20932720BB27C221
S3150007A36D046B024CFB23F26D021009F26D022012EB
S3150007A37DCF602560C2106D02C2046B02A9078D85D9
S3150007A38D9A60AD9A03C9FFF00FE26B02040A209398
S3150007A39D2720BB27C2046B02C2206D022068E3A9E2
S3150007A3AD1C8D859AA92C8DA702A9018DA802476038
S3150007A3BD60F26D022027F26D0210333F6310AD6F09
S3150007A3CD022903D00920DFE49004C968F00B208B1E
S3150007A3DD28B005A91C4C822560D2206D02A54F29F0
S3150007A3ED0C4A4AF009A54F2903F003204EE2208BAC
S3150007A3FD28B005A91C4C8225D2100906C2040906E8
S3150007A40DA9AA8D1206C208150620B00E4781E26E5F
S3150007A41D020117AD9803C9FFD0102068E3C2026E7B
S3150007A42D02A91D8D859AA9328007A90E8D859AA930
S3150007A43D144C8028E20B061018CF8110C781A9325C
S3150007A44D8DA102A9008DA202176080071F600480E7
S3150007A45D2347814F604A4781AE859AE013D005A9F8
S3150007A46D1D4C8225E88E859A20932720C327200029
S3150007A47D0E4C3C24200E0E4781F26D02200AC210A7
S3150007A48D6D02A9168D859A60C2206D022068E3A913
S3150007A49D1C8D859AA92C8DA702A9018DA802476047
S3150007A4AD60F20B061041CF6006F26E02020160A93B
S3150007A4BD0BA03C20FF3148AD190648A000A200B2FB
S3150007A4CD0B47A93C201B32209327A20F2072F82099
S3150007A4DD9327A20F2072F8688D1906688D1806A99D
S3150007A4ED3C8D1C06A9AB7BC2016E02C2026E024CE5
S3150007A4FD3724CF6009E26B020404FF600160201E5A
S3150007A50DE2A9648D0E86A9008D0F8648C2046C02DA
S3150007A51D68E26D024026176EC2020806C2041506CA
S3150007A52D5759A90085BDA903857BAD0F028DBD02C0
S3150007A53DA9008DBE027761377AB75960C2046B02DF
S3150007A54D4C4F26B2A0478008B250478003B26047EA
S3150007A55D204527A90A8D859AA9324C8028208D2753
S3150007A56DC905F00FAD1206C9E0F008C9C0F004CF52
S3150007A57D600160A91B8D2602A932208028A9158D99
S3150007A58D859AC2046D021763C2016E02200E0E4C28
S3150007A59D56E34F60034C072760A96B8D1C06A980F0
S3150007A5AD7B29FE8D1806A9A07BC2010906D20409CF
S3150007A5BD06C2200806D2100906A9398D1C06A984DC
S3150007A5CD7B29FE8D1806A9A47BA9AA8D1206C2089A
S3150007A5DD150620B00EA9008D1806A9068D1C06A90D
S3150007A5EDA37BA9008D1806A9078D1C06A9A37BA910
S3150007A5FD008D1806A9088D1C06A9A37BA9A38D1C7A
S3150007A60D06A9867B29F08D1806A9A67B200E0ED2E4
S3150007A61D010906A932208028A9178D859A60AD12E2
S3150007A62D06C9AFF004CF600160A91B4C8225AD1298
S3150007A63D06C9E0F008C9C0F004CF600160A91B4C3C
S3150007A64D8225203A27A9322080284F6005A91D4C5F
S3150007A65D8225AD1206C9AAD0F13FB103BFB20520B7
S3150007A66D50208003201BE5C2206D02201928176E86
S3150007A67DC2020806C20415065759A90085BDA903C6
S3150007A68D857BAD0F028DBD02A9008DBE027761B721
S3150007A69D7AB759275E20F7E1975AA9948DDB02A958
S3150007A6ADE18DDC02D20149024C0727AD1B0629F0C5
S3150007A6BDC990D009201928A9198D859A60C9A0D0E6
S3150007A6CDFBA91A8D859A201928A9194C8028AD1230
S3150007A6DD06C9AFF00EAD1606C902F00C29F0C91062
S3150007A6EDF00660A91C4C82254C6626CF60F5208D99
S3150007A6FD27C905F0EEC906F0EF60A9008D859A60AA
S3150007A70DE26D02041F200AFE2010E1AD879A2099FB
S3150007A71D28854120ACE4C2046D02A90085BAAF595C
S3150007A72D032004E160A901207C274CB00EE26D02DF
S3150007A73D0203200E0E4C7527E26D020203200E0E44
S3150007A74DA906A00620FF31290F05478D1806A9A6CC
S3150007A75D7BA902207C27E26B020407C2046B022049
S3150007A76DB00E60A9044C7C27A903207C2780E78DB2
S3150007A77D1806A9008D1906A9DD8D1C06A9A07B60F3
S3150007A78DAD1B06290F60AD1E028DA102A9008DA274
S3150007A79D021760AD04042046321F60FDAD859AC9C8
S3150007A7AD04D005AD01048003AD00044C4632A20565
S3150007A7BD8006A2018002A203BC9603C0CC9001605D
S3150007A7CDAD120648A9818D12062220B00EA20520CC
S3150007A7DD72F8200E0E3220F6279007CABC96032074
S3150007A7EDF627688D12064CB00E984A4A4A4AC90C86
S3150007A7FDB00F20102898290FC90CB005201028383E
S3150007A80D6018608D1006E21E0608FB60D2026D0207
S3150007A81D6F59066759D2407302176360A916E26D21
S3150007A82D020107AE869AF002A9128D1806A9008DA8
S3150007A83D1906A9DC8D1C06A9A07BA906A00620FF73
S3150007A84D3129F0AE869A1DA5288D1806A9A67B6017
S3150007A85DA906A00720FF318540290FC90AD00FA5E4
S3150007A86D404A4A4A4AD002A90B8D879A8004C909DC
S3150007A87DD000608DA702A9008DA802476060AE873C
S3150007A88D9ABDB328C9FFF003CD899A60A200DDA54D
S3150007A89D28F003E880F88A600008040C020A060E01
S3150007A8AD0109050D030B0018046002300CFF012486
S3090007A8BD06FF031270
S3150007A8C148BF6315AD7205C906900CC90A9011C92F
S3150007A8D10D9004C910D0096860202C0EC90490F7A1
S3150007A8E16860200EFA2019FA2710073417346734DF
S3150007A8F1070C170C670C573AAD72052091F9AD7421
S3130007A90105853BE73AA538F73A67104CC2F8CA
S3150007A90FCF071EE27402040EE2740208573F625421
S3150007A91FC2207402804AD2047402F274020841807C
S3150007A92F2DF27402041FE27402083920320BF00C61
S3150007A93FA9508D0A86A9008D0B8637623F6225D2ED
S3150007A94F207402801BC2047402F274020812A95003
S3150007A95F8D0A86A9008D0B863762D208740280048A
S3150007A96FC208740260AD1B86D005E273020808A5FC
S30E0007A97F6B290FD002386018603D
S3150007A988EF590D20842F7F6907A54F2903204EE22B
S3150007A998C2080306C2040406C2080406C21004064F
S3150007A9A8D2017402C2100906B76920D3E13769A92B
S3150007A9B817200A0DD2010906D2040906AD1B86F02F
S3150007A9C80A20B3E3A9028D1A868000CF63051F0004
S3090007A9D802170060F5
S3150007A9DC008182038405068788090A8B0C8D8E0FE6
S3150007A9EC901112931495961718999A1B9C1D1E9FD6
S3150007A9FCA02122A324A5A62728A9AA2BAC2D2EAFC6
S3150007AA0C30B1B233B43536B7B8393ABB3CBDBE3FB5
S3150007AA1CC04142C344C5C64748C9CA4BCC4D4ECFA5
S3150007AA2C50D1D253D45556D7D8595ADB5CDDDE5F95
S3150007AA3C60E1E263E46566E7E8696AEB6CEDEE6F85
S3150007AA4CF07172F374F5F67778F9FA7BFC7D7EFF75
S3150007AA5C8F6101602086F99016C201A600A5A6850E
S3150007AA6C032F65339F70079F67042765876660A565
S3150007AA7C4E29184A4A4AD014A57D290BF004C90554
S3150007AA8C900AC201A600A5A685038008D201A600D6
S3150007AA9CA5A685032F650160AD1C028D5404A9007C
S3150007AAAC8D5504A9DD8D0803A9E38D0903A57D2919
S3150007AABC0BC901D016AD54048540A964854420867C
S3150007AACCE3A5408D5404A5418D550420DDE3602094
S3150007AADC86F990034C6F2BAD54040D5504F00CAD51
S3150007AAEC5404D003CE5504CE5404602F6720AD8290
S3150007AAFC042901D019AD81042940D012A54E291875
S3150007AB0C4A4A4AF05E80073F6359A7648055A76592
S3150007AB1C87669770AD82042901F029176920B8E07A
S3150007AB2C47A10764A9FB8DC602A9E08DC702A90038
S3150007AB3C2070F920E7F2AD820429FE8D8204A54E1A
S3150007AB4C0918854EAD81042940F018C7A18764877B
S3150007AB5C799779573D20A9E020B5E0AD810429BF47
S3150007AB6C8D8104A9DA8D0803A9E38D090360E24EEA
S3150007AB7C02040520DD2C800320662CBF6F0160378D
S3150007AB8C6FCF630320A42E0F660320AD2D3F6A1FDC
S3150007AB9CA5C805C9D005FF6B0280101F6111AD2230
S3150007ABAC02C9FFF00AA90385BA1767376A80422FCD
S3150007ABBC64443F6B034C652C8F593BBF59382F594F
S3150007ABCC039F63325F542FF20906082AAD810429C5
S3150007ABDC10F023B203BA0F6B18BF8D05A9102042CC
S3150007ABECFAA9032042FAB230B8B205B9A90D8D30CD
S3150007ABFC05B248BDB7593F6B374F63039F630320B5
S3150007AC0CCDE4A5A7293FF028AD2086F0237F612048
S3150007AC1CA003F00C88B9AA0099370388C0FFD0F5B2
S3150007AC2CA90048A9F0256B856B68056B856B8012A7
S3150007AC3CE2780202064F6313BF6B10800E8D260255
S3150007AC4C6759B203BAB248BDB75960EF59032085A5
S3150007AC5CE10F670507672097E4608F4D08F26D02D1
S3150007AC6C02031F63429F6E08AF4E088F641480035E
S3150007AC7C4CF9F878EF78099F63032F4E0320DEF81B
S3150007AC8C5860208CF990197F780DAD3E04CD1D02C6
S3150007AC9C90EE20DEF880E9A9008D3E04F77880E077
S3150007ACAC20F9F8777880D9CFA1D7AF4EE5A57D29BE
S3150007ACBC0BC902F0BBC903F0B73F590B7F4CB15F09
S3150007ACCC7C0520F9F880B9AF650280C62021F9808A
S3150007ACDC9F9F630558604C6E2D208CF99052FF7818
S3150007ACEC2CEF773CF24E0220ED201A0ED0E8D2015B
S3150007ACFC08062021F9C2404E027777E777A9008D1F
S3150007AD0C3E04C2804E02A9008D3A0480C9AD3E04AA
S3150007AD1CCD1D02904D20DEF87778D2204E02804268
S3150007AD2CE20F06203DE20F061038F7786777803278
S3150007AD3CF24E024017C2404E027778C2204E02C22C
S3150007AD4C804E026777C201080620F9F8201A0EF022
S3150007AD5C13FF770E201BF9F777C2804E02A9008DD9
S3150007AD6C3A045860AD3A04CD1202B010F24E028086
S3150007AD7CF177772021F9D2804E0280E6C2804E0207
S3150007AD8CA20A2072F8A9008D3A0477786777777745
S3150007AD9CC2204E02A911A003204636B248BDB759A8
S3150007ADAC60575C20D52D07661770D75C60000203C9
S3150007ADBC040102030403030303030303030102034E
S3150007ADCC040002030400020304A54E29184A4A4A42
S3150007ADDCAF65034C722E8540A57D290BC9089004D7
S3150007ADEC290309040A0A6440A8B9B92DF00280019F
S3150007ADFC60C901D0447F4C06AD16048D5804BF5963
S3150007AE0C06BF6B034F63E9A90085BAA9208D2E05EA
S3150007AE1CA9148D2602A9FE8D95866F5912B76A97C6
S3150007AE2C67AD22028DB102A9008DB20217616020AF
S3150007AE3C07E1A94885BDB75960C902D0073F6357D3
S3150007AE4C2026E360C903D004C76A80A9974EA900D8
S3150007AE5C85BAA9008D2602A9FE8D9586575C1759CA
S3150007AE6C2055E14CFEE0476ACF632CA57D290BC91B
S3150007AE7C02D015A90D8D9702A9008D9802475F2060
S3150007AE8CF1F3A90020A6E160C903D00BA94F85BD34
S3150007AE9C20F1F3B7592759600F76034C4B2F1F4BED
S3150007AEAC034C242F1FB00160BF592F0F4D0160FFB4
S3150007AEBC6D28AD1B02F0619F635EAF631D3F711575
S3150007AECCB20940B29C41A20DB21042B20E43200504
S3150007AEDCE390073771AD0902F0034C702F2F6138D9
S3150007AEEC6701A20A2082F8E701A2052072F8AF597A
S3150007AEFCE920810BA205207DF8FF6D27783768A01E
S3150007AF0C05F00C88B9252F99000188C0FFD0F5A943
S3150007AF1CA88002A9B04C00016085094C2F2F850922
S3150007AF2C4C2F2FC2801506586701A20A2082F8E714
S3150007AF3C01A9038DA702A9008DA80247608776CFC2
S3150007AF4C6001600776A9048D739A207CE1A93A8D76
S3150007AF5CD900A9118DDA00BF6B0AA9D08DD900A922
S3150007AF6C2C8DDA00776DAD1B028DB302A9008DB45B
S3090007AF7C02276160DA
S3060007AF806063
S3150007AF8120FB32F26D020211677047686759205438
S3150007AF91E22042F9A900204EE2675CA9978D0B03CF
S3150007AFA1A90A8D0C03E75C2067E1C2011506D240A9
S3150007AFB10206C2101F06C2201E06C2041E06205D17
S3150007AFC1E220DCE4D2800206C2020806C240050678
S3150007AFD120150E2763C280090620F90C20790BC2BA
S3150007AFE101090620150CA90020EC0CC20809062048
S3150007AFF1B00E20B830C2408C02C2080606C204064B
S3150007B00106C2400606A90320EC0ED2400806209B7D
S3150007B0110B206430A2002087E238208AE2206031C3
S3150007B021AD270220B5E1A9D88D1806A9008D190605
S3150007B031A9378D1C06A9E87BA9D68D1C06A9807B95
S3150007B04129BF8D1806A9A07BA9FF8D1806A98A8D88
S3150007B0511C06A9A37BD2101F06D7B420B00EC208BF
S3150007B0611F0660A901A00D20FF3109408540A000F8
S3150007B071A640B20147A90D201B32A9000A0A48A911
S3150007B081F32D13068D1306680D13068D1306AD31C1
S3150007B091048540A000A640B20147A939201B3260AA
S3150007B0A1A903A09B20FF31297FE23D020202098005
S3150007B0B18D1806A9A37B60F22A022004C208050699
S3150007B0C16057B4C2081F06C2041F06C2041E06AD96
S3150007B0D10006C2201E06AD1006A9208D040660785B
S3150007B0E120C230200F316701A2012072F8E701A2C1
S3150007B0F1012072F8D2801A06D2011F06202031A23A
S3150007B10105AD739A2940F002A2012072F860A99D44
S3150007B1118D1C06A9807B09018D1806A9A07B60AD48
S3150007B1211006B20042B20041B20040E21F06010F0B
S3150007B131204731AD1406C957D0F1209FF880ECF2AC
S3150007B1411A0680FB5860E640A540F00160E641A576
S3150007B15141F00160E642A542C964D0F74C27E5A94B
S3150007B161898D1C06A9807B09088D1806A9A07B6015
S3150007B171C2041306C2081306209031D2101406D250
S3150007B181081406D2101306D220140620150E60A93C
S3150007B191008D8E058D8C058D14068D1306C2101133
S3150007B1A106C2081106D2011F06F21F0601FB60C27D
S3150007B1B1101106C2081106A9764C880DDAA20220DB
S3150007B1C182F8FA6000010203A8AD130629FC19C526
S3150007B1D1318D130660AD1206C9ACD012A906A0922D
S3150007B1E120FF31AD18062940C940F002A9FF60AD1D
S3150007B1F11C86C905F006C906F002186038608C1C62
S3150007B2010609807B60A5468D1806A5478D1906A5F3
S3150007B211448D1C06A54509A07B60228E18068C194C
S3150007B221068D1C06A54709A07B3260ADFF032902DF
S3150007B231F003970760170760ADFF032902F00317AD
S3150007B24107609707608547E2300280034CB632D222
S3150007B251010102AD01028508D2020102AD01028593
S3150007B26108D2040102AD0102850848D2020002ADE7
S3150007B27100028504681F470280000F47048707807D
S3150007B28107F20906080207072F470280003F47040E
S3150007B291B707800237074F47041700800297005FF9
S3150007B2A14706D28004068004C28004066F4704B7A6
S3150007B2B107800237076087881FB0034CEBE420E558
S3150007B2C1E4F2300280003F6B20AD1C86C900F0080E
S3150007B2D1C907B015C9049011AD00044DFF03290232
S3150007B2E1F007AD000449028003AD00044868204613
S3150007B2F132200E0E60A97620880D0788DF682FA5F4
S3150007B301A82903F0028027476357A81FB0034CEE0D
S3150007B311E47769BF6B12AD2602C919D00BAD0204DA
S3150007B321204632A2102072F8ADFF03204632576835
S3150007B33160D208070620B00ED204090620110FA213
S3150007B34106201A0ED00ADAA2022082F8FACAD0F12A
S3060007B351608E
S3150007B3527F6514AD8097C9C0F021C940F019A5DEF3
S3150007B3628D8297D79177655F9126AD8297C5DFD094
S3150007B3721F5791A904800FA902800BFF9346CF910D
S3150007B38203207A35A9018D5E997765C76420F90886
S3150007B392CF91311F9A20AF771CA204DACF6C0C200B
S3150007B3A2C7339002FA608D8F86C76C20929BFAAFDD
S3150007B3B27703CAD0E660DF780BAF770820C733B0CA
S3150007B3C2034CF90860A5DF20F834900160A5DF0A6F
S3150007B3D2AABD9C348540BD9D348541A6DFBDCE8F6F
S3150007B3E2CD7A97D02278A5DF2013356F8E0720579F
S3150007B3F2359002B795A5DFAC919720DD3485DFA995
S3150007B402008D7A975880BEF790AD4D048DBD02AD7B
S3150007B4124E048DBE027761AE7A97B140EE7A9718DF
S3060007B42260BC
S3150007B423854020693498D010A200A9029D2987A5D3
S3150007B43340A2029D2987802DA200A9039D2987A5DE
S3150007B443402910D010A540A2029D2987A900A2036F
S3150007B4539D29878010A54029EFA2029D2987A90167
S3150007B463A2039D298760A9010F8E069002A903806F
S3150007B47304B002A903A2019D2987603F88C08841BA
S3150007B48389C289438AC48A458BC68B478CC88C492C
S3150007B4938DCA8D4B8ECC8E4D8FDD8F5E90DF906080
S3150007B4A391E1916292E3926493E5936694E79468D4
S3150007B4B395E9956A96EB96AD14868D3402F790EE69
S3150007B4C37297AE72975AA5DA0AA8B97E348540B938
S3150007B4D37F348541689140F76B6089018540C44095
S3150007B4E3D002A90060AD9C978DA302A9008DA40283
S3150007B4F32760878F60A82908D00AB947352D7B9718
S3150007B503D00C3860B947352D7C97D0023860186060
S3150007B513A82907AABD473549FF8541986A6A6A2953
S3150007B52303AABD7B9725419D7B9760A82907AABDDB
S3150007B53347358541986A6A6A2903AABD7B970541F8
S3150007B5439D7B9760010204081020408001020408CE
S3150007B55310204080678E578EA5DF38E5DED002D7E9
S3150007B5638E1004186D919748AD9197186A854068B0
S3150007B573C540B002E78E600878A90085D785D885C8
S3150007B583D98D86978D87978D889785DD85DE85DFA8
S3150007B5938D7A978D79978D7B978D7C978D7D978DF3
S3150007B5A37E9785DA85DB85DC8D72978D6E978D6F32
S3150007B5B3978D70978D7197859285938594859585D4
S3150007B5C3968D81028D82028D83028D8F868D90865D
S3150007B5D3476C576C776B778F578E678E778E178F78
S3150007B5E3078F28AD92978D2686AD93978D2586AEC1
S3150007B5F39497A49AF021205040A94C8D8F9BA95468
S3150007B6038D909BA9088D919BA94C8D929BA98D8D96
S3150007B613939BA9088D949BADAE9BC900F012A94CC9
S3150007B6238D8F9BA9E38D909BA9678D919B201175A0
S3150007B633F79060A9328D9D02A9008D9E02775F7FE1
S3150007B6435FFD60EF90078D260284BAE790602009B5
S3150007B6530CC2041E0657B4209B0BA9318DFC02A905
S3150007B6630A8DFD02A9648DFF02A90A8D0003675996
S3150007B673275AB248BDB759A9008D9586D76960176A
S3150007B683951794A9008D6E978D6F97AD6F97AAA59A
S30F0007B693D89D2188A795EE6E9760F3
S3150007B69D20833720914C7F4C02878E77B3E2620267
S3150007B6AD0116E263020411E26202020CF26502025E
S3150007B6BD75F263021035806E3FB1185FB215A96A30
S3150007B6CD8D1C06A9807B5FB1062920D059800429D8
S3150007B6DD04D053A9028D1C06A9837B2910F00CAD46
S3150007B6ED2B022901D005F25102103BA57FC980F027
S3150007B6FD4C0F8E04C900F02EA9008DA2978DA39726
S3150007B70D8DA4976759A9258DD202A9E48DD302E792
S3150007B71D596020833718209A37905AA5E5AAC90389
S3150007B72DF01BC901D013D2026C026759A91F8DD21E
S3150007B73D02A9E48DD302E75960C900F0082F6D02FF
S3150007B74D8019AF7E168F7E04A90580380F75091FE0
S3150007B75DB10620673D208C3D4C74E30F75091FB16B
S3150007B76D0620673D208C3D6759A9778DD202A9E33F
S3150007B77D8DD302E75960AE9486E048D00FA2008EAE
S3150007B78D9486A914A0032046364C513660ADA29770
S3150007B79D0AAA7CA237AE37D737EE37EF37193849AE
S3150007B7AD38A9008D7D86A90320EC0EA90120FD0E73
S3150007B7BD200A0F209B0B205639203D3B0F8E034C3D
S3150007B7CD6038A9038DA2974C6538206938AD0205F7
S3150007B7DD09408D02052066399002807E9F607B8029
S3150007B7ED7760206639901CA5E5C904D06DAD0205B5
S3150007B7FD09808D0205A92C8DA102A9018DA202171B
S3150007B80D6080501F6052B200E54C6738206938AD2D
S3150007B81D020509108D0205206639900AA5E5C901AD
S3150007B82DF038C902F0341F602FA9648DA102A90053
S3150007B83D8DA2021760A9008DA497801720663990EF
S3150007B84D0AA5E5C901F013C902F00F1F600AB20078
S3150007B85DE58007EEA297186018603860ADA3970AC2
S3150007B86DAA7C71387B389E38DA38DF380539209B44
S3150007B87D0BA9038D9F02A9008DA00207608F600299
S3150007B88D80FBA9118F8E02A94520233B200E3980F7
S3150007B89D63ADCC00D00FA515AD84F738E516CDCE23
S3150007B8AD00B0068052C901D04EA9918F8E1AE28C2F
S3150007B8BD020113F28C02020EAD7D86C905B007EEA5
S3150007B8CD7D86A94D8002A94320233B8027200E396B
S3150007B8DD8022ADCC00D00FA515AD84F738E516CD72
S3150007B8EDCE00B0068011C901D00DA9118F8E02A900
S3150007B8FD4520233BEEA39760200E39A9018DA3970B
S3150007B90D60A9028D9F02A9008DA00207608F6005B1
S3150007B91DE21E0608F8202C0E0AAA78BD87F749FFFE
S3150007B92D8DCC00BD88F78DCE00A515AD84F738E50E
S3150007B93D16D002A617186DCE00CD84F79006ED84A6
S3150007B94DF7CECC008DCE005860C2041E06AD00069C
S3150007B95DB203E5A9FF8DAA9760E21E06012DA5E59F
S3150007B96DC904D00720880EB022801620C410901166
S3150007B97DAAAD120649C029F0F0068AB200E538606D
S3150007B98D8A48ADA4970AAA687C9A391860B839FF10
S3150007B99D39093A0F3A1A3A203A263A3C3A493A655C
S3150007B9AD3A6E3A653A883A653A9D3AC97ED004A900
S3150007B9BD0180398F8E2BC911D004A904802EC91683
S3150007B9CDD01CADAA97C9FFD00CA9968DA102A900C7
S3150007B9DD8DA2021760A9008DAA97A907800E4CF7AD
S3150007B9ED39C945D005A9084CF939A9008DA4974C35
S3150007B9FD9839C93FF066C97ED0B18060C97ED0AB94
S3150007BA0D805AC93FF004C97ED0A14C723AC991D06C
S3150007BA1D9A8049C911D0948043C991D08EB204E555
S3150007BA2DE28C020102A76DA9008DA4974C8B3920D4
S3150007BA3DA83AB0B6F029B202E54C8B39C943F01CCA
S3150007BA4DC900D004A90B80A4E28C02019DC94DD073
S3150007BA5D04A90D80974CF739C945D03CEEA4971824
S3150007BA6D60C943D0330F8E08AD020509208D020537
S3150007BA7DB201E58F8E02276D4C8B39C900D0190F90
S3150007BA8D8E08AD020509208D0205B200E54C8B39EE
S3150007BA9DC94DD004A76D809E4CB839EEAA97AEAAAC
S3150007BAAD97E001D006C910D06B8008E002D008C90F
S3150007BABD02D061A9001860E003D01C8D99868D739D
S3150007BACD86A9028D9886A9108D9786A9168D9686B5
S3150007BADDA9008D7286802EC910D00ACF6E04C76E47
S3150007BAED8005EE7386476EAE72869D9A86E8AD73B0
S3150007BAFD86854018A54069048540E440F00BE03281
S3150007BB0DF007EE7286A9001860A9008D7286E767A1
S3150007BB1DA9011860386048A9028D9F02A9008DA05A
S3150007BB2D020760688D10068F6005F21E0608F8601D
S3150007BB3DAD1206C982D0028004C984D00DA9968D8F
S3150007BB4DA102A9008DA202176060A92C8DA102A9D9
S3150007BB5D018DA2021760608F08020739A51E480FCF
S3150007BB6D7505B2BB1E8004A5D6851EB2D343B2EEAC
S3150007BB7D42A9D08D9902A9078D9A02575F20E23BFC
S3150007BB8DB04F0A0A0A0A854420E23BB044054481B0
S3150007BB9D42E642D0E8E643A643E0E0D0E0A200DA6B
S3150007BBAD20E23BB02B0A0A0A0A854420E23BB02065
S3150007BBBD0544FA9D6C9AE8E00590E420D83CB2005E
S3150007BBCDBA68851E8F08028739BFB2032001E16067
S3150007BBDDFA37B280ECDF5F0C202FFAA541F0F6207D
S3150007BBEDB8E418603860270A8769A9038D9902A9F1
S3150007BBFD008D9A02575FA51E480F7513B2BF1E6FAC
S3150007BC0D5906A5BBC950F005B2BB1E97B18004A551
S3150007BC1DD6851EB2D341B2EE40A2008642BD923CF6
S3150007BC2D9140E8E021D0F618A54069218540A54148
S3150007BC3D69008541F21E0601055F5FF88027AD0095
S3150007BC4D068140E640D008E641A641E0E0F0080649
S3150007BC5D426542854280DDC542D00AB2D341B2FC68
S3150007BC6D408140800637B217B380104FB10D201BA8
S3150007BC7D3DB7B2AD090509108D090568851E07691A
S3150007BC8DA70A47B1604452414D010101005A00FF11
S3150007BC9DFF00800000E0780000DC7B0000FC02005E
S3150007BCAD0021000000004452414D010101005A00D8
S3150007BCBDFFFF00800000E0780000E178000001003A
S3150007BCCD000021000000000000000037B2A51E4845
S3150007BCDD0F750BB2BF1E8FB103B2BB1E8004A5D65F
S3150007BCED851EB2D441B20F40B20042A140E640D004
S3150007BCFD08E641A641E0E0F0080642654285428026
S3150007BD0DEAC542D005B7B2201B3D68851E60A20065
S3150007BD1DBD643D9D5D9DE8BD643D9D5D9D8540E88A
S3150007BD2DBD643D9D5D9D854118A54069118540A55D
S3150007BD3D41690C8541E8A5409D5D9DE8A5419D5D41
S3150007BD4D9DE8A9FF9D5D9D9D5E9DA51E290C3A3A11
S3150007BD5D0D5D9D8D5D9D60B0EE7387B178A51B4812
S3150007BD6DA51E48B2BF1EB2BB1B800F97B178A51B88
S3150007BD7D48A51E48B2BB1EB2BF1B201B3D80201710
S3150007BD8DB178A51B48A51E48B2BB1EB27B1B800FFB
S3150007BD9D07B178A51B48A51E48B2BF1EB27F1BB2B9
S3150007BDADC043B20042B26041B20040A1408142E6B3
S3150007BDBD40E642A540F00280F2E641E643A541C9B9
S3120007BDCD80F00280E668851E68851B5860B9
S3150007BDDAA9D98D9286A9448D93865F6C0160AD6B4E
S3150007BDEA8629038D2886AD3186F0034C2240A5C8DD
S3150007BDFAD00705C9D0034F66052032099012E26EAD
S3150007BE0A86010CAD3402D007202F41C2016E866027
S3150007BE1A85448D7086AD14868D3402D2016E86EE00
S3150007BE2A5E86D003EE5F86AD56868540AD57868514
S3150007BE3A411016A54489038D5686A90069008D57B0
S3150007BE4A86A9018D67864CF63FEE6786A5408D580B
S3150007BE5A86A5418D59862044429027AD7186D00E14
S3150007BE6AA540CD5A86D00EA541CD5B86D007D2040A
S3150007BE7A28864C8C3EA5408D5686A5418D57864CFD
S3150007BE8AF63FA5408D2B86A5418D2C86A5428D2D7D
S3150007BE9A86A5438D2E86AD7186D057F2288601422E
S3150007BEAAAD6486CD2F86F02D38AD58868540AD59B7
S3150007BEBA868541A540ED65868540A541ED66868559
S3150007BECA419012B20240B2004120F0410E6686EE58
S3150007BEDA64864CB23EAD58868540AD598685412063
S3150007BEEAF041AD648689086D60868D60869003EE9B
S3150007BEFA6186A54489038D5686A90069008D5786EA
S3150007BF0AAD69868546AD6A868547A547CD5F86D0DC
S3150007BF1A05A546CD5E8690034CBA3FAD5E8685403B
S3150007BF2AAD5F8685410640264106402641064026DC
S3150007BF3A41E22886013EAD61868547AD608689104E
S3150007BF4A85469002E647A547C541D004A546C5409A
S3150007BF5AB050AD6F86203842A900203842B2004059
S3150007BF6AB20141A5408D6986A5418D6A86C2012817
S3150007BF7A864CAC3FA541CD6186D005A540CD6086E6
S3150007BF8AB020D2012886B20040B2004120F04120F3
S3150007BF9A2542B24040B20041A5408D6986A5418D2A
S3150007BFAA6A86A9008D60868D61868D5E868D5F8617
S3150007BFBAAD2B868540AD2C868541AD2D868542AD4E
S3150007BFCA2E868543AD6786CD6886D004D204288631
S3150007BFDAA9018D6786AD5C868546AD5D8685472050
S3150007BFEA9A42A5468D5C86A5478D5D86AD70868580
S3150007BFFA44E228860111A544203842A544CD6F8616
S3150007C00AD005A901203842A544CD6F86D0058933C4
S3150007C01A8D6F86A9008D7186AD3186F021DF6C1E7C
S3150007C02AAE3086BD32868D9086D76CEE3086AD30B9
S3150007C03A86CD3186D008A9008D30868D3186AD2802
S3150007C04A868D6B86186020694020B347A9008D3014
S3150007C05A868D31868D8F868D9086476C576C60E8FC
S3150007C06A86458C278698D00160B25440B28641B27B
S3150007C07A1E42B20043201041AD25868540AD26866D
S3150007C08A8541A9028542A9018543A541C542900D65
S3150007C09AD004A540F0070642E6434C9440A5438DD3
S3150007C0AA2F86A9018D6B86A5458D6886A9808D572A
S3150007C0BA868D5486A5D6851EB20340B2C041200A8C
S3150007C0CA41B20340B2B041200A41A9408D6986A907
S3150007C0DA018D6486A9028D6686A9038540A901850D
S3150007C0EA41A5408D6286A5418D6386A5408D5C86EE
S3150007C0FAA5418D5D86A5408D6C86A5418D6D8660A9
S3150007C10AB20042B20143A900A443F00CA20091402F
S3150007C11AE8D0FBE64188D0F6A442F008A20091408F
S3150007C12AE888D0FA60F26B860105AD7186F0016080
S3150007C13AA9018D7186AD57863055AD6486CD2F8692
S3150007C14AF02D38AD56868540AD57868541A540ED13
S3150007C15A65868540A541ED668685419012B20240FD
S3150007C16AB2004120F0410E6686EE64864C4C41AD1C
S3150007C17A56868540AD5786854120F041AD64868946
S3150007C18A086D60868D60869003EE61864CA041AD88
S3150007C19A5486C980F00CB20140B2004120F0412012
S3150007C1AA254260F26B860128AD7186D017A9018DE3
S3150007C1BA7186AD5786300DAD56868540AD5786854D
S3150007C1CA4120F041B20040B2004120F04120254209
S3150007C1DAAD6F86203842A902203842AE6886CAACB5
S3150007C1EA278620694060AE6486AD54864641664016
S3150007C1FA6A9012203842A540203842A980CAF01709
S3150007C20A46416A80F8CAD0E4A20846406A900520E1
S3150007C21A3842A980CAD0F38D548660AD5486C98040
S3150007C22AF00B4A90FD203842A9808D548660DAAE13
S3150007C23A31869D3286EE3186FA60A5D6851EA540D9
S3150007C24A85428546A541854389C08547A146AAA54C
S3150007C25A4189B08547A146290F48A5D5851E688015
S3150007C26A1D89A08547A146C544B01D8642844398C1
S3150007C27A89D08547A146AA9889C08547A146A8862F
S3150007C28A46D0DEE000D0DA18F0011886408441600D
S3150007C29AE228860415A900E2288608078D41868DB5
S3150007C2AA4286608D5A868D5B8660A5D5851EA54210
S3150007C2BA8D2986A5438D2A86A5468542AAA547A816
S3150007C2CA89A08543A54481429889D08543A540819B
S3150007C2DA429889C08543A5418142E228860812AD5C
S3150007C2EA3D868540AD3E8685418E41868C4286804F
S3150007C2FA10AD58868540AD598685418E5A868C5B20
S3150007C30A86A5D6851E9889D08543A54081429889F0
S3150007C31AB08543A5410A0A0A0A81429889C0854314
S3150007C32AA9008142A540CD2986D025A541CD2A86D1
S3150007C33AD01EA5408542A54189C085438A8142A563
S3150007C34A4189B08543A14229F0054781424C774383
S3150007C35AA5D5851EAD29868542AD2A8689D0854308
S3150007C36A8A8142AD2A8689C08543988142A5D685A0
S3150007C37A1EAD2686E2288640090FB0048904800284
S3150007C38A89088544F228860231E646D002E647A599
S3150007C39A47C544D00EAD2586C546D007D20228869C
S3150007C3AA4CD743F228860809EE6286D003EE6386DF
S3150007C3BA60EE3986D003EE3A8660E646D002E6474D
S3150007C3CAA547C544D01DAD2586C546D016A90385FA
S3150007C3DA46A901E2288640090FB004890480028922
S3150007C3EA088547A5468542A54789C08543A142D000
S3150007C3FAC9A54789B08543A142290FD0BDA5478953
S3150007C40AD08543A1428540A54789B08543A1424ABB
S3150007C41A4A4A4A8541A5408542A54189C08543A11D
S3150007C42A428D2986A54189B08543A142290F8D2ABE
S3150007C43A86C547D048AD2986C546D041A5D5851EA6
S3150007C44AA5468542A54789D08543A1428D2986A552
S3150007C45A4789C08543A1428D2A86A5D6851EA5404A
S3150007C46A8542A54189C08543AD29868142A5418969
S3150007C47AB08543A14229F00D2A86814260AE2986F4
S3150007C48AA5D5851EAD2A86A8864289D08543A142A7
S3150007C49AAA9889C08543A142C547D0EBE446D0E7A7
S3150007C4AAA642A5468542A54789D08543A142854026
S3150007C4BAA54789C08543A142854186429889D08581
S3140007C4CA43A54081429889C08543A541814260B9
S3150007C4D9A9DA8D9286A93D8D9386DF7814AF7711F0
S3150007C4E9AD4E868D2886AD5186F0034C6447CF6CD1
S3150007C4F90160C2042886F2288601034CDA45201210
S3150007C5094990034C6447E228868021AAC280288677
S3150007C5198AC900D0034C4147C901F00BC902F00388
S3150007C5294CA24720B34760AD5286800CCD5286D0C0
S3150007C53907D28028864C9B478D458685448D018081
S3150007C549A9018D5186AD3C861031A5448D3B86A937
S3150007C559080FB002A9048D3C86F228864005A90072
S3150007C5698D3C86AD3B8689038D3B86A9006D3C8646
S3150007C5798D3C86A9018D4F864C6447EE4F86AD3BA8
S3150007C589868540AD3C868541A5408D3D86A5418D6D
S3150007C5993E862044429026AD5386D00EA540CD410E
S3150007C5A986D00DA541CD4286D006D2042886800DB0
S3150007C5B9A5408D3B86A5418D3C864C6447A9008DD0
S3150007C5C95386AD4F86CD6886D004D20428864CF2A9
S3150007C5D946208D4890034C6447AD39868546AD3A62
S3150007C5E986854738A546E5408546A547E5418547F2
S3150007C5F9B0034CA247A541D044A540C903B03EC9DB
S3150007C60901D005D7754C0C49C900D01BD20128861C
S3150007C619AD3F868D3B86AD40868D3C86200C49A964
S3150007C629018D53864C9B47C902D008AD4B86CD2F42
S3150007C63986D0034CA247EE4B86EE4A8660AD3F8607
S3150007C6498D3D86AD40868D3E86C2102886E22886B0
S3150007C6592004D2102886E22886400DA5410FB0048A
S3150007C6698904800289088541A5408D3F86A5418DA4
S3150007C6794086B20046B28047A5D6851EA5408542A3
S3150007C689A54189A08543A142E646D0034CA2478125
S3150007C699468544A54189D08543A1428540A5418957
S3150007C6A9B08543A1424A4A4A4A8541D0CFA540D0D7
S3150007C6B9CBC2202886AE6886CAE446D004D220288B
S3150007C6C986A5468D51868D4F86F228861017AD3E6B
S3150007C6D9863012AD3D868540AD3E8685412044426A
S3150007C6E990074C6447D2042886AD43868546AD44F0
S3150007C6F9868547209A42A5468D4386A5478D448652
S3150007C709F2288601028054AD45868D3B86A9080F16
S3150007C719B002A9048D3C86F228864005A9008D3CFE
S3150007C72986A9018D4F86AD3B8689038D3B86A90070
S3150007C7396D3C868D3C868023C2012886C2202886C1
S3150007C749AD3B868D3F86AD3C868D4086AE6886CAEB
S3150007C759EC4F86F002B004D2202886AE5186F03215
S3150007C7690F080F8F25031F30090F30063F66032071
S3150007C779F202AE5186BD0080CD5286D00889338D27
S3150007C7895286BD0080206509CE5186D0D3A9008D72
S3150007C7995086AD28868D4E8660AD28868D4E86A92C
S3150007C7A90E8D2602A9488D948660B23940B2864114
S3150007C7B9B21B42B20043201041A9018D4686A9083A
S3150007C7C98D4886A9808D3C86A9018D4B86AD27861E
S3150007C7D9F004C901D00160C902D02BA5D6851EB2BE
S3150007C7E90340B2D041200A41B20340B2A041A20098
S3150007C7F98A9140E8D0FAA9098D4E86A9028D4D86F8
S3150007C809A90185418065B20340B2D8410FB006B286
S3150007C8190340B2D441200A41B20340B2C8410FB01E
S3150007C82906B20340B2C441200A41B20340B2B84135
S3150007C8390FB006B20340B2B441200A41B20340B26F
S3150007C849A8410FB006B20340B2A441A2008A91409B
S3150007C859E8D0FAA9498D4E86A90A0FB002A9068D0D
S3150007C8694D86A9090FB002A9058541A9038540A5E2
S3150007C879408D3986A5418D3A86A5408D4386A541C2
S3150007C8898D448660AD4886F0278543AD4786854141
S3150007C89920F148A5418D47868540A5438D4886F2EF
S3150007C8A92886803EA9808541AD4B8685434CC84875
S3150007C8B9AD47868540AD49868541AD4A868543207C
S3150007C8C9F148E22886800DA5418D4986A5438D4AFB
S3150007C8D9864CEB48A5414A90FD8541A9088D4886AE
S3150007C8E91860C280288638604E4686D00A201249C3
S3150007C8F9B00C386A8D46866641C643D0EB60D2804E
S3150007C909288660A9018D468660CF6C023860AD8F8F
S30A0007C91986476C18605B
S3150007C91E20834B6759A91C8DD202A9E48DD302E752
S3150007C92E59E27E862010E27F86020A7F5F07C202E1
S3150007C93E7F864C3EE3606F8F5C207A35207DE3D78A
S3150007C94E88B24DBBB245BCADAE9BF005B244BC80BA
S3150007C95E0BA59AF007C788A75AB243BC20A3E40FC4
S3150007C96E0802775B175BA9878DF602A9088DF70272
S3150007C97E975B678F378FE77020E834A5552907C968
S3150007C98E03D0120F080D0F250C7FA409AD7605C926
S3150007C99E03D002C7687F642ABF9127A55629384A4E
S3150007C9AE4A4AC902B004C791800EC904900AC9063D
S3150007C9BEB00CA5DAC5DCD00A8796B79180047764E2
S3150007C9CE3791BF8F49205233FF64430F080C1F5B05
S3150007C9DE0320F5023F660320F202A592291FD02EE9
S3150007C9EEADAE9BD0030F9A23A210A5C805C9D002D8
S3150007C9FEA201DA208F9B5F6C03207955FAFF8F0E03
S3150007CA0EA5C805C9F008CAD0E9800320795520C301
S3150007CA1E4E7F90107790AD4D048DBD02AD4E048DB1
S3150007CA2EBE0277615F8F034C513620214B4C3E4A2F
S3150007CA3E0F8F532F6050EE15053F8F068F8E034CC3
S3150007CA4E054B9F8F0B978FC2085002A9008DDB04EB
S3150007CA5E20E8349F6E03EEDB04ADDB04CD7F9790A3
S3150007CA6E20F250020818E90A30148DDB04A90F8D3F
S3150007CA7EE004205FE3205CE3D208500280034CF506
S3150007CA8E4A0F92039793603F9203A793604F9203C1
S3150007CA9EC793602F9203D793601F9203E793606F36
S3150007CAAE92038796605F9203C796609F95035F957D
S3150007CABE07D7941795579560FF8E209F6E1DFF9289
S3150007CACE1AA5D9C5D7F014ADAE97CD7F97B00CEE94
S3150007CADEAE97178FA796D201AB97606F8E03C79443
S3150007CAEE60CE1505F79460AF920AAD1202C9FFD054
S3150007CAFE034C8F4A0F9204A90680101F9204A909A8
S3150007CB0E8009AF6504A90D8002A90FA0032046363A
S3150007CB1E4C5136AD9486F05CA2008E9486C948D0E9
S3150007CB2E39AD9586C905F004C9FED01CAF9245BF2F
S3150007CB3E8F25A592291FD01F178FD793A9018D7FF2
S3150007CB4E97A900A0034C4636AD1202C9FFF025ADD4
S3150007CB5E2602A0032046364C5136AF9217C954D03B
S3150007CB6E085F9B04C796D79060C953D007B78F2027
S3150007CB7EBA4C979360478D206A4C7764A9008DA5AA
S3150007CB8E978DA6978DA7978DA8978DA9977F4C02F8
S3150007CB9E878E275A20BA4C20ADE38CAD9720D456F4
S3150007CBAE20E956A9008D3402A760AD4D048DBD024E
S3150007CBBEAD4E048DBE0277617820090C57B4375BEC
S3150007CBCEA9C68DFC02A9088DFD02B75B475BA9FFB7
S3150007CBDE8DFF02A9088D0003C75B575BA9468D0219
S3150007CBEE03A9E48D0303D75BC2010A06A00020A999
S3150007CBFE0BAD030509028D0305A2022087E2D210AB
S3150007CC0E0406D2010806C2041E06580F8E39A92C31
S3150007CC1E8D9D02A9018D9E02775FF20A060115E226
S3150007CC2E1E060108F20A060108AD00067F5FEB80B5
S3150007CC3E03AD0006A90C8D9D02A9008D9E02775F96
S3150007CC4E7F5FFD9793800EA9F48DA302A9018DA48C
S3150007CC5E022760878FD2041E06B78F60A2D7A90058
S3150007CC6E9500E8E0FF90F9B26C40B29741A90081B2
S3150007CC7E40E640D002E641A541C997D004A540C972
S3150007CC8EAF90EAA900859285938594859585968DAD
S3150007CC9E81028D82028D8302858E858F8590859181
S3150007CCAE8DDD048DDE04600102040810AD989BF03D
S3150007CCBE02A9038DA29BA9008DF0008DAE9B8DA4B4
S3150007CCCE9B8DF2008DB09B8DA69B8DF4008DB29B2E
S3150007CCDEAE9B9BBDB54C8DA39B8DF1008DAF9BAEC9
S3150007CCEE9C9BBDB54C8DA59B8DF3008DB19BAD9DC4
S3150007CCFE9B8DA79B8DF5008DB39BAD9E9B8DA89B9C
S3150007CD0E8DF6008DB49BA9008DAA9B8DF8008DB666
S3150007CD1E9B8DAC9B8DFA008DB89BAE9F9BBDB54C7C
S3150007CD2E8DA99B8DF7008DB59BAEA09BBDB54C8D82
S3150007CD3EAB9B8DF9008DB79BA9808D959785E88D51
S3150007CD4E8E978D969785E98D8F97AD2B022980D075
S3150007CD5E13A20FF251021009ADC3042910F002A255
S3150007CD6E048A8002A90F8D979785EA8D9097A90F4A
S3150007CD7E8D989785EB8D9197A9008597859B8599B4
S3150007CD8EA9080FB002A9048D999785EC8D9297A9DC
S3150007CD9E008D9A9785ED8D9397AD2B022980D0043A
S3150007CDAEA9008002A90485971F5704A9038002A923
S3150007CDBE008598859C859AF01AA55329C04A4A4A32
S3150007CDCE4A4A4AF00EC903F00AA9100FB002A9087B
S3150007CDDE8D9997A9208D9B9785EE8D949720200E7A
S3150007CDEEC9049007F28C0240028004A903800EA99B
S3150007CDFE93F250020105E24F02010209208D858644
S3150007CE0EA9088D8486A5572903C9049004A900800D
S3150007CE1E2DC9029029D005B200408003B20140AD5C
S3150007CE2E1686C908D004A91C8012C904D004A90CF9
S3150007CE3E800AC902D004A9048002A91C05408D8662
S3150007CE4E8620A1E38D898620A4E38D8A86E2510288
S3150007CE5E020C20A7E38D8B8620AAE38D8C86A9006C
S3150007CE6E8D8D868D8E868DF4998DF7998DF8998D84
S3150007CE7EF9998DFA998DF5998DF6998DFB998DFC04
S3150007CE8E998DFD998DFE998DFF998D009A8D019A33
S3150007CE9E8D049A8D059A8D069A8D079A8D029A8D0F
S3150007CEAE039A8D7E868D7F86858C858D8D089A8DC8
S3150007CEBE099A276D60BF8F09A592291FD00320797E
S3150007CECE551F6E0AF2AB970404D204AB9760E2AB1A
S3150007CEDE970420C204AB97278FA9008DA8978D7448
S3150007CEEE978DDB048DAE9720E956079017902790FE
S3150007CEFE20D456F21E062056E20A060251A593F0D4
S3150007CF0E4E0F930BAD030509408D03054CE6501FD7
S3150007CF1E930BAD030509408D03054C19512F93034A
S3150007CF2E4C5B553F930BAD030509048D03054C3F2B
S3150007CF3E554F93034CF7545F93034C23556F930B3F
S3150007CF4EAD030509108D03054C31554CD354603F7F
S3150007CF5E8F10E27E8602034C6B53E27E8601EF4C00
S3150007CF6E3854E27F02400F7F600CEF7005D2408285
S3150007CF7E0260D24083024F91034CE04FA594F021F5
S3150007CF8E0F94034C7E501F94034C70504F94034CD2
S3150007CF9E3D503F94034C84505F94034C2F504C43A3
S3150007CFAE50A595F02D0F95034C5E501F95034C50CB
S3150007CFBE502F95034C03504F95034C98503F9503AE
S3150007CFCE4C64505F95034C8A506F95034C08504C32
S3150007CFDE9E50A596F01E0F96034C90541F96034C23
S3150007CFEEE855CF910F2F96034CE8553F96034CE81D
S3150007CFFE554CAE5060200E508060200E504CA250FD
S3150007D00ECE6E97D00427956795AE6F97BD21888DFF
S3150007D01E7697AD6F97AC919720DD348D6F97A90DE7
S3150007D02E605794EEDE04D003CEDE04A919800A47B4
S3150007D03E94A91580047794A911F7924820E83468C5
S3150007D04E80181795EEDE04D003CEDE04A909800AF2
S3150007D05E0795A90580043795A901A0013820233421
S3150007D06E80381794EEDE04D003CEDE04A919802489
S3150007D07E0794A915801E3794A91180185795EEDEC9
S3150007D08E04D003CEDE04A909800A4795A9058004B4
S3150007D09E7795A901A00118202334A79020F90B60D4
S3150007D0AE47965F901C5790A200BD6E55C9FFF006B6
S3150007D0BEE89D298780F38A8D2987D79220E83480C1
S3150007D0CE14A200BD979AEC6D97F006E89D6D9780B2
S3150007D0DEF28A8D29874C6A55079318206934B20050
S3150007D0EE46A5998540A59A8547B28E42B29743AD16
S3150007D0FEAE9B8DF000203E51A59AC902D003B20110
S3150007D10E9AC901D003B2029A4C6A55179387923879
S3150007D11E206934B20146A5978540A5988547B295ED
S3150007D12E42B29743ADA29B8DF000203E514C6755F8
S3150007D13E279CA202BD0D539D2987E8E02C90F5A2E8
S3150007D14E09AF4004A98A8002A98E9D2987E8DF4088
S3150007D15E04A9898002A9A99D2987E88F4004A900F9
S3150007D16E8002A9019D29872004538540B2084420D1
S3150007D17E86E3A20EA5419D2987E8A5409D2987200E
S3150007D18E04538540B208442086E3A212A5419D2981
S3150007D19E87E8A5409D2987A2162004539D2987A2B5
S3150007D1AE192004539D2987A547F021A224A5479D3B
S3150007D1BE29872012E5A2272004539D2987E82004F4
S3150007D1CE539D2987A22B2004539D2987ADF000F086
S3150007D1DE7CA79CE88640A000B939539D2987E8C8E5
S3150007D1EEC02290F4A540890BAAADF0009D2987A50C
S3150007D1FE40890EAAADF1009D2987E8ADF2009D295B
S3150007D20E87A5408912AAADF3009D2987E8ADF400DC
S3150007D21E9D2987A5408916AAADF5009D2987A540A4
S3150007D22E8919AAADF6009D2987A540891CAAADF7CF
S3150007D23E009D2987E8ADF8009D2987A5408920AA74
S3150007D24EADF9009D2987E8ADFA009D2987A446D03A
S3150007D25E034CFD52F28C0201034CFD52E88640A0A8
S3150007D26E00B95B539D2987E8C8C01090F4A540897D
S3150007D27E0285408908AAAD84869D29878A8903AACD
S3150007D28EAD85869D2987AC8686F0088A8903AA9876
S3150007D29E9D2987E28586104CE8A90C9D2987E8E229
S3150007D2AE51020204A9048002A9029D2987E8AD89C5
S3150007D2BE869D2987E8AD8A869D2987E25102020E49
S3150007D2CEE8AD8B869D2987E8AD8C869D2987E8A9CB
S3150007D2DE0D9D2987E8A9029D2987E8A9FF9D29871C
S3150007D2EEE89D2987DA8A38E540A6409D2987FA8A76
S3150007D2FEA2009D298760A142E642D002E64360005E
S3150007D30E03AF8280001303038A8900050204000611
S3150007D31E02040007010F08010FF0000F0003563431
S3150007D32E3201010302020400030120FF40035634B3
S3150007D33E3441010042010343020800440208004536
S3150007D34E018E46018E4702100048021000FFFF00AD
S3150007D35E01035249430301000801000901C2027E77
S3150007D36E86D2207E86A202BD71549D2987E8E011DA
S3150007D37E90F5A20EADFF99F0039D2987AD009AF0A1
S3150007D38E05A2119D2987AC019AF015C0FFF011E889
S3150007D39EA9099D2987E8A9019D2987E8989D2987C7
S3150007D3AEAC049AF034E8A90C9D2987E8E2510202EB
S3150007D3BE04A9048002A9029D2987E8989D2987E872
S3150007D3CEAD059A9D2987E25102020EE8AD069A9D92
S3150007D3DE2987E8AD079A9D2987F28C020405E20490
S3150007D3EE9A8016E8A90D9D2987E8A9029D2987E83F
S3150007D3FEA9FF9D2987E89D2987AD019AC9FFD028E0
S3150007D40EE8A90E9D2987E8A9049D2987E8ADFB990A
S3150007D41E9D2987E8ADFC999D2987E8ADFD999D293C
S3150007D42E87E8ADFE999D29878029C2017E86D2207F
S3150007D43E7E86A202F27E86040EBD82549D2987E859
S3150007D44EE00990F5CA800CBD8B549D2987E8E00547
S3150007D45E90F5CA8AA000992987CA8AA2019D2987AB
S3150007D46E4C6A550000010201060100000000FF0389
S3150007D47E0104080100000501010002010400000570
S3150007D48E00040796E792A0004F9104A0C0800DA551
S3150007D49E5629384A4A4A2902F002A040A204989D04
S3150007D4AE2987A200A9049D298738206934A903A2D2
S3150007D4BE029D29872F9104A9C08002A940A2039D28
S3150007D4CE29874C67557793A200A9039D29871820AC
S3150007D4DE6934A903A2029D29871F9104A9E0800238
S3150007D4EEA960E89D29874C6A554793A200A9079D0F
S3150007D4FE2987C790C79218206934A987A2029D2942
S3150007D50E87A2058AF00CA8C8C8CABD9D9799298710
S3150007D51E80F14C67555793A792A953A0003820233D
S3150007D52E34800667939792A97FA00038202334800C
S3150007D53E283793A973A000182023344F8F0B20F991
S3150007D54E0B203636A90C4C194BE78F800F2793B74E
S3150007D55E92A91FA0001820233420E83420F90B6067
S3150007D56E54657374204672616D65FF7F8F0160DFA8
S3150007D57E6C16AD3402D011AD7297F00320C855ADB7
S3150007D58E14868D3402FF8FE6FF64E30F9A0D5F6CE8
S3150007D59E08576CAC908620BA34801720C008B01294
S3150007D5AEA820BA34AD4D048DBD02AD4E048DBE0214
S3150007D5BE7761AD7297CD8E97D0B4B796A8A2002095
S3150007D5CEC834A9008D7297A5DAAC909720DD3485FD
S3150007D5DEDA78C5DCD002F78F5860A592D0669F968B
S3150007D5EE062F96614C8F56AE7197BD30888D8497F0
S3150007D5FE38E5D9297F64DCCD9097900438ED90975E
S3150007D60E8D7597AD7197AC909720DD348D7197CE4A
S3150007D61E7097D002179620C156900160A200A903F3
S3150007D62E9D2987E838206934E8AD84970A9D2987AE
S3150007D63EE8A9009D29878F8F0320E8348790979056
S3150007D64ED2201E0660FF8EFCA5DBAC909720DD343C
S3150007D65EC5DAD0023796A5D78D8497A200A9039D62
S3150007D66E2987E838206934E8AD84970A9D2987E823
S3150007D67EA9009D29878F8F0320E834879020F90B01
S3150007D68E60FF8E21E2AB97010FC201AB9778A5DC3F
S3150007D69E85DBA5D98DAC9758ADAC97C5D7D00727DF
S3150007D6AE96C202AB97608D8497D202AB9720E83469
S3150007D6BE4C6956AD849738E5D9297FCD9097F004F6
S3150007D6CE90023860186020570EAABD2857AAADAD2E
S3150007D6DE97E838E90AB0FA8E9C976020570EAABDCE
S3150007D6EEF4568D7F9760500C0C0C0F1B1E25132AB4
S3150007D6FE2A2A323C3C3C3C3C3C3C3C3C3C3C3C3C7D
S3150007D70E3C3C3C3C3C3C3C3C3C3C3C3C3C3C3C3C3E
S3150007D71E3C3C3C3C3C3C3C3C3C3C503C3228140B91
S3150007D72E0A08100707070605050505050505050574
S3150007D73E050505050505050505050505050505057E
S3130007D74E05050505050505050505050505057A
S3150007D75C982938D00CA5E3D04B9F6E051F8D07175C
S3150007D76C8DB2FFE3803EADA5970AAA7C7A579057F0
S3150007D77C9057905795579A579F579057905790573A
S3150007D78CA4579057B2FFE3801B20FB57801620D176
S3150007D79C59801120C65A800CAD8086D0E7D2017FFE
S3150007D7AC8620705DA5E3F029C9FFD02580238DA1BE
S3150007D7BC97A5E18D9D972903C903F004A5E280027D
S3150007D7CCA9008D9E97A5D78D9F97A5D88DA097C78E
S3150007D7DC93A9008DA5978DA6978DA7978DA9978D3C
S3150007D7EC899785E385E085E185E2D2041E0660A567
S3150007D7FC92291FD03918A5E26A8D869718A5E16A72
S3150007D80C8D87972F8E0D278E378E20E35F900160BD
S3150007D81C4C2260BF8E106F9105B204E38008A6DD1B
S3150007D82CAD79979DCE8F20E35F9004B208E3603FF6
S3150007D83C8E2ECF8E20AF8F1BC774EEDC04D003EE73
S3150007D84C2D050FE204979480029795A78F2F990CB5
S3150007D85C20823680070FE2028794478E378E801513
S3150007D86CA5DD202E35A5DEC5DDF005208D588005F6
S3150007D87C278F2050599F8F06FF8E03200F604C224F
S3150007D88C60AC8897C898297F8541AD879738E5415D
S3150007D89C297F85410A2AB03EF0359820C55985421D
S3150007D8ACAD6E97186D6F97CD91979003ED9197AADB
S3150007D8BCA5429D2188A795EE6E97E642A542297F3C
S3150007D8CC8542C641D0DAAD87978D8897608007ADBC
S3150007D8DC87978D889760AD879738E5D8297F8D7898
S3150007D8EC97A5D88D7797297F38E5D8297F64DECD1C
S3150007D8FC91979003ED919720C5598542B20140A5A2
S3150007D90C4220F8349021AD6E97186D6F97CD91978D
S3150007D91C9003ED9197AAAD77979D2188EE6E97E8C0
S3150007D92CEC9197D002A200A540CD7897F013E6406C
S3150007D93CEE7797E642A542CD9197D0C3B2004280C7
S3150007D94CBEA7956020C559E6D8A5D8297F85D8A541
S3150007D95CDE8901CD9197D002A90085DE2F99222069
S3150007D96CF834B009A5DFC5DEF0034C5059A5D838F5
S3150007D97CED88972A2AB00AA5D838E901297F8D8818
S3150007D98C9766E2900D205735B00487948002B794BA
S3150007D99C8026205735B004C795801D7F8E04F795D2
S3150007D9AC8016A596290ED010A595D00CA594D0084F
S3150007D9BCA5C905C8D002F795608F08080F3C05481E
S3150007D9CC20F502686018A5E26A8D869720E35F90BA
S3150007D9DC04B208E3600FE21EA5E1C90DD004B2013B
S3150007D9ECE3601F8E0B6F8E0487948002B7948006B4
S3150007D9FC9F8F01607792A5E1C901D020778E1F8F83
S3150007DA0C0D9F8E3A0FE237178F200F6080789F8E07
S3150007DA1C05200F6080280FE2254C4A5AC905D021EC
S3150007DA2CF78E1F8F0B9F8E160FE21320E834805646
S3150007DA3C9F8E0520E83480060FE20320E8344C223B
S3150007DA4C60C909D047EE1605EE2B05D003EE2C055B
S3150007DA5C778E1F8F069F8EE60FE2E3078FEEDD04A8
S3150007DA6CD003CEDD04A9008D70978D71971796207C
S3150007DA7C22609003AF960CA5D9C5D7F006D201AB99
S3150007DA8C97A796178F60202260178F60C90DD0292C
S3150007DA9C2F9923AD8697C5D9F01FAD7097186D7161
S3150007DAAC97CD91979003ED9197AAAD86979D308860
S3150007DABC9796EE709760B201E360A5E129EFC96FFF
S3150007DACCF0034CE85AB793AD030509208D030537C8
S3150007DADC9220E834178F4F9202C78F60C963F00301
S3150007DAEC4C1B5BAD030509088D0305A5E12910D071
S3150007DAFC034C1A5B1F92124F900BD78FA90EA003DC
S3150007DB0C2046368002E78F17922F9202D78F60C96D
S3150007DB1C0FD032A5E12910D014BF92109F920D8F0A
S3150007DB2C920AE793A592291FD002C79060A592295E
S3150007DB3C1FF0031F9209A90EA00320463680032F58
S3150007DB4C9202D78F60C943D005B793C78F60C903B5
S3150007DB5CD0034C555FC9AFD00BAD030509808D03B8
S3150007DB6C054C875BC9E3D00E5F92065792078F80E9
S3150007DB7C04D790C79660E793C79060A5E4F003B205
S3150007DB8CFFE320AD5B20175C0F9204078FE793AD7D
S3150007DB9C9497D004A903859A20705DA9008DA69742
S3150007DBAC60A59B259785992904F00648D2404A0219
S3150007DBBC68A59C2598859AC903F00AA9100FB00287
S3150007DBCCA9088D9997A200B5E8DD95979003BD95A1
S3150007DBDC979D8E97E8E00790EEA5ECCD9997B00A3E
S3150007DBEC8D9297A5ED8D93978020D0128D9297A540
S3150007DBFCEDCD9A979003AD9A978D9397800CAD9927
S3150007DC0C978D9297AD9A978D939760ADEF000DA16F
S3150007DC1C9BF0068DAD9B4C6F5D8DAD9BADF0002DCE
S3150007DC2CA29BC903F00FADF0002903C902F00DC979
S3150007DC3C01F01A80298DAE9B859A802AA9018DF051
S3150007DC4C002DA29BF018A9018DAE9B8019A9028DF8
S3150007DC5CF0002DA29BF007A9028DAE9B8008A900A8
S3150007DC6C8DAE9B4C6F5DADF100CDA59BB00B8DB109
S3150007DC7C9BADF2008DB29B8021D0138DB19BADF27B
S3150007DC8C00CDA69B9003ADA69B8DB29B800CADA534
S3150007DC9C9B8DB19BADA69B8DB29BADF300CDA39B84
S3150007DCACB00B8DAF9BADF4008DB09B8021D0138D3F
S3150007DCBCAF9BADF400CDA49B9003ADA49B8DB09BFD
S3150007DCCC800CADA39B8DAF9BADA49B8DB09BADF587
S3150007DCDC00CDA89BB0058DB49B8003ADA89BADF674
S3150007DCEC00CDA79BB0058DB39B8003ADA79BADF766
S3150007DCFC00CDAB9BB00B8DB79BADF8008DB89B8059
S3150007DD0C21D0138DB79BADF800CDAC9B9003ADAC72
S3150007DD1C9B8DB89B800CADAB9B8DB79BADAC9B8D90
S3150007DD2CB89BADF900CDA99BB00B8DB59BADFA0091
S3150007DD3C8DB69B8021D0138DB59BADFA00CDAA9BD2
S3150007DD4C9003ADAA9B8DB69B800CADA99B8DB59BFD
S3150007DD5CADAA9B8DB69BA200BDAD9B9DEF00E8E0DF
S3150007DD6C0CD0F560F27F8601034C485F8F92034C0B
S3150007DD7C265EAD8D868DFF99AD8E868D009AA76D25
S3150007DD8CE28E860204D2047E86E28E8610075F8DAB
S3150007DD9C04D2087E86ADF4998D019AADF7998D0458
S3150007DDAC9AE23D020112E2049A0104D201089AE2B0
S3150007DDBC049A0204D201099AE2049A8006D2107ECA
S3150007DDCC86800DE28C020408D2107E86D280049AD5
S3150007DDDCADF8998D059AE25102020CADF9998D06AB
S3150007DDEC9AADFA998D079AF2F4991C21ADFB99C94C
S3150007DDFC03D01AAD8686291CF013ADFC99204F600B
S3150007DE0C8DFC99A9008DFD99A2FF8E019AAF6D0322
S3150007DE1C4C485FD2017E864C525FF28C0201034C52
S3150007DE2C485FAD8D86CD84869003AD84868DFF992C
S3150007DE3CA9008D009AAD8E862D85868D8E86E28EEF
S3150007DE4C86010409018000E28E860208090248D27F
S3150007DE5C047E8668A76DF28C024010E28E86100B44
S3150007DE6C09105F8D0648D2087E86688D009AC28097
S3150007DE7C009AADF7992D89868DF7998D049AE2F755
S3150007DE8C990104D201089AE2F7990204D201099A78
S3150007DE9CAD8A862DF8998D059AE251020212AD8B41
S3150007DEAC862DF9998D069AAD8C862DFA998D079A3A
S3150007DEBCE27E860824AD8686291CF01DA59CC9031F
S3150007DECCD0178DFB99A5EE8DFE99A5EC8DFC99A522
S3150007DEDCED8DFD99AD8686801FADF4992D8686202E
S3150007DEEC4F608D019AF2F4991C49ADFB99C903D081
S3150007DEFC42AD8686291CF03B204F603ACDFC9990A3
S3150007DF0C06ADFC99204F608DFC990AAAA9008DFDD8
S3150007DF1C99ADFE99C9209005A9208DFE99A59CC996
S3150007DF2C03F004A2FF8009ADFE99C920F002A2FFF7
S3150007DF3C8E019A2F6D06D2027E86800A8F920787EC
S3150007DF4C93EF7002B78F0792600791A5E2100287CD
S3150007DF5C91ADA797A2008EA797C901D011A5E22963
S3150007DF6C7FC940D041AD6D97F004C9039004B2FF49
S3150007DF7CE3608F91079F9107979180089F9103F70D
S3150007DF8C93601791F765A200AD979A29C08D809774
S3150007DF9CAD6D97C902D007A201BD979A8002A90059
S3150007DFAC8D8197F79360AD6D97D0C38F91072F919E
S3150007DFBC07279180062F910160A79167924F9103CE
S3150007DFCC207A35776447913791178F078FA5D9C56F
S3150007DFDCD7F00320E83460A5D7C5D9B012AD86971C
S3150007DFECC5D9B01BA5D7CD8697901680128010ADD4
S3150007DFFC8697C5D9900BA5D7CD8697B00280021800
S3150007E00C603860A592D00EA5D9CD8697D004C5D712
S3150007E01CD00320E83460AD869738E5D9297FF021FF
S3150007E02C64DCCD90979003ED909785DCC5DAD0022A
S3150007E03C776BAD869785D9778FA9008DAE971880A4
S3150007E04C013860DA38A200E82A90FCA9006ACAD01F
S3080007E05CFCFA605E
S3150007E05FAD0A06CD0A06EAEAEAEAEAD0F3A8AE005F
S3150007E06F062939F00A4A90034C5C57B2FFE360ADB5
S3150007E07F8B9785E0AD8A978D8B978E8A97ADA597E8
S3150007E08F0AAA7C9460AA60BA60F7607361976611F3
S3150007E09F6220613D615C6169613C61EE8997AD897B
S3150007E0AF97C902F00160A9014C3961A5E029FCF077
S3150007E0BF0EE28C020130A5E08D8086A9078025A583
S3150007E0CFE029028F8E0AF004978E8002178E80083A
S3150007E0DFD004978E8002178EA5E02901F004A902B6
S3150007E0EF8002A9068044803DB790A5E02F6D07C92A
S3150007E0FF05D0034C3EE385E12903C903D004A905DF
S3150007E10F800DCF9120C901D004A9048002A90380ED
S3150007E11F19A5E0C901D004A902800F2F6D07C904FD
S3150007E12FD0034C3EE3B2FFE3A90A8DA59760A5E09E
S3150007E13FC901D009CE8086B790A90880ED2F6D0B40
S3150007E14FC904F004C905D0034C3EE380D8CE8086B8
S3150007E15FA5E0C903B0CFA90980D0CE8086A9FF85D0
S3150007E16FE24C1163A592291FD0693F907BEE2705D5
S3150007E17FD00DEE2805D008EE2905D003EE2A05A9FE
S3150007E18F008D7997A5E085E237906791A5E1186A23
S3150007E19F8D879738E5D8297FCD9197F0069004A7F5
S3150007E1AF8E802E5F8E04C78E8027C900F0282F9981
S3150007E1BF2064DECD91979003ED919785DD0AAABD71
S3150007E1CF9C3485FBBD9D3485FCA5DDAA20F834B0AC
S3150007E1DF03B78E608010A5DE85DD0AAABD9C348540
S3150007E1EFFBBD9D3485FC8019AD8F97CD7997F00FC1
S3150007E1FFBF8E0AA5E0AE799791FBEE79978002E776
S3150007E20F91603F9007A9008D6D973790A5E129EF8C
S3150007E21FC96FF00CC963F008C90FF004C943D003DF
S3150007E22FB2FFE3C903D005205666802FC9AFD005C5
S3150007E23F206B628026C9E3D011AD6D97C980B008F0
S3150007E24FAE6D97A5E09D979A8011C987D00AAE6DD7
S3150007E25F97A5E09D979A8003B2FFE360C6E4ADA644
S3150007E26F970AAA7C756281629962B462F462EC625C
S3150007E27F1063A9008DF000A5E0C982F0034C036374
S3150007E28FB200E4B2009CEEA69760A5E4C9FFF003BF
S3150007E29F4C0863A5E085E2C980F0EBC9F0F0E7C942
S3150007E2AFFFF0E3804FA5E2C9FFD022A5E0C9FFF033
S3150007E2BF08C940D00485E2801CC9FFD010AD8A97E4
S3150007E2CFC901D00DE28C020104D2017F86A9048011
S3150007E2DF2DA9EE85E2A9038DA6974CF462A5E085D5
S3150007E2EFE4A90380192011639017A901A6E4F00288
S3150007E2FFA903800AB201E38003B2FFE3A9058DA63E
S3150007E30F9760ADA9970AAA7C19633F632C65676562
S3150007E31F7E65A365B765D965D965D965D965D965A4
S3150007E32FE86507661B662F663E665466FB641265CD
S3150007E33FA5E2C980D041A5E0C903D008A90085E6A3
S3150007E34FA9018018C905D008B2E8E6B200E7800A26
S3150007E35FC906D00BB2E9E6B200E7A90C4C5166C95C
S3150007E36F07D008B2EAE6B200E78045C908D04AB235
S3150007E37FEBE6B200E78039C9F0D041A5E0C900D076
S3150007E38F08A90085E6A90280D3C901D008A9008587
S3150007E39FE6A90380C7C902D00DB2ECE6B200E7A91A
S3150007E3AF028D7A86800FC903D00FB2EEE6B200E769
S3150007E3BFA9018D7A86A90580A34C4A66C940D00361
S3150007E3CF4C5E64C9EED0034C9A65A5E0C901D0101F
S3150007E3DFA900B281E6B286E7A9068D7A864CC46391
S3150007E3EFC903D009B28DE6B286E74CBF63C908D019
S3150007E3FF09B28EE6B286E74CBF63C909D009B2F4F4
S3150007E40FE6B299E74CBF63C90CD017B2F7E6B299D4
S3150007E41FE7D78DE251020207A9048D7A8680964CBB
S3150007E42FAE63C90DD009B2CEE6B299E74CAE63C952
S3150007E43F0ED00EB2FBE6B299E7A9048D7A864CC4C5
S3150007E44F63A90185E6A9FF8D7B86A9044C5166A5AD
S3150007E45FE0C940D009A90085E6A9114C6B63C941EC
S3150007E46FD00EA9018D7A86B2EFE6B200E74CC463E8
S3150007E47FC942D009A90085E6A9124C6B63C943D0D7
S3150007E48F0EB2F1E6B200E7A9028D7A864CC463C9CC
S3150007E49F44D00EB2F3E6B200E7A9028D7A864CC4D2
S3150007E4AF63C945D00EB2F5E6B200E7A9018D7A86A4
S3150007E4BF4CC463C946D00EB2F6E6B200E7A9018D82
S3150007E4CF7A864CC463C947D00EB2F7E6B200E7A9FE
S3150007E4DF028D7A864CC463C948D00EB2F9E6B200EC
S3150007E4EFE7A9028D7A864CC4634C9A65A5E0A6E622
S3150007E4FFDD0E65D0F4E6E6A5E6C904F01D18600340
S3150007E50F563434E6E6A5E6C901D008A901C5E0D019
S3150007E51FD81860A5E029038DF0004C3E66E6E6A500
S3150007E52FE6C901D008A5E0C903D05D1860C902D0B6
S3150007E53F0FAD2B022980D004A900800AA9048006F3
S3150007E54FC903D00AA92025E0059B859B1860A90159
S3150007E55F25E0059B859B802DA5E0A6E6DD7A65D090
S3150007E56F27E6E6A5E6C904F01C186003563432E61B
S3150007E57FE6A5E6C901D008A901C5E0D00B1860A525
S3150007E58FE02903859C4C3E664C4566A90085E6A99E
S3150007E59F044C5166A5E6D007A5E08D7B868005CD91
S3150007E5AF7B86B0E1E6E61860A9008D7B86A5E0CDF0
S3150007E5BF7A869003AD7A86A6E08E7A86AABDD2654D
S3150007E5CF4C5166100B0A09080706AE7B86A5E09124
S3150007E5DFE6EE7B86EEA9971860AE7B86A5E091E6F9
S3150007E5EFE8EC7A86F049AD7A8618ED7B868D7B86C1
S3150007E5FFA90185E6A904804AA6E0E003B03DA90D67
S3150007E60FE002F006A90081E6A90E8036A5E0C90843
S3150007E61FB00681E6A90E8006A9FF81E6A90F80221B
S3150007E62FA1E66A66E06A66E06A66E0A5E081E6A9A2
S3150007E63F008DA9973860B201E38003B2FFE3276D18
S3150007E64FA9108DA9971860ADA7970AAA7C5E66646D
S3150007E65F667B669666A5E085E2295FC940F0034C9F
S3150007E66F8E66A9008D6D97A9014C9366DFE210AEF2
S3150007E67F6D97A5E09D979AE003B004EE6D9760B28C
S3150007E68FFFE3A9028DA797603F9008A5E085E237BC
S30C0007E69F908003B2FFE36060
S3150007E6A6ADA8970AAA7CAE66B466F36673678F90BB
S3150007E6B6032F901DA002B92987C90DD006AD7697F7
S3150007E6C64CCB66A5D88D85970AA00319298799295C
S3150007E6D687C2021106A0018C6C97B929878D100689
S3150007E6E6EE6C97A200DE2987A9014CDF67C20211E5
S3150007E6F6068F900BAD2987C901D004D2021106AC45
S3150007E7066C97B929878D1006EE6C97A200DE2987C6
S3150007E716D05A0F903AEE2305D00DEE2405D008EE13
S3150007E7262505D003EE2605A200A5DB1F9003AD75CA
S3150007E736970AA8B97E3485FDB97F3485FEB1FD8D66
S3150007E7467397EE7497A0008C6C97A9024CDF677FC8
S3150007E7564C182F6D15E27E862074D2027F86A91E77
S3150007E7668D9D02A9008D9E02775F806260CE7397A4
S3150007E776F01FC2021106AE7497B1FD8D1006EE7430
S3150007E786970F080AE2040610E3F20D0602DF608019
S3150007E7960FD2021106AE7497B1FD8D1006EE749769
S3150007E7A6A9008D74978D73979F9023E2AB97020CFA
S3150007E7B6ADAC978901297F8DAC978008E6D7A5D793
S3150007E7C6297F85D7A5DBAC909720DD3485DB0790B7
S3120007E7D61790279020090CA9008DA89760C1
S3150007E7E3A94C8D8F9BA9048D909BA9688D919BA995
S3150007E7F34C8D959BA9738D969BA96A8D979B20082C
S3150007E803695F6C0160AD6B8629038D2886AD3186FA
S3150007E813F0034C846878A5C8D00705C9D0034F66AB
S3150007E8230658203209901358E26E86010CAD34025E
S3150007E833D007A5D5851E4C3D6A6048A5D5851E68B4
S3150007E8438DF59BEE019CD003EE029C207772AD14E7
S3150007E853868D3402D2016E8620959BADFB9BCDD95F
S3150007E8639BD008ADFC9BCDDA9BF00820C2728DF5D1
S3150007E8739B80E50F9E0520CB738003204B748FA1E6
S3150007E8832EAD3186F021DF6C1EAE3086BD32868D06
S3150007E8939086D76CEE3086AD3086CD3186D008A903
S3150007E8A3008D30868D3186AD28868D6B861860A9D7
S3150007E8B30085A1A79E20959BA9078DF29BA9008D8D
S3150007E8C3F39BADDD9B20D372179EA9D88D909BA989
S3150007E8D3688D919B60AD3186F00F5F6C0160AD6B00
S3150007E8E38629038D28864C8468A5D5851E20B76996
S3150007E8F3A9048D909BA9688D919BA9738D969BA956
S3150007E9036A8D979B60A5D5851E576CA9008D3186A1
S3150007E9138D3086ADAF9B8DD49BCED49BA9008DD36B
S3150007E9239BCED39BCED39BADB59B8DD69BA9008D93
S3150007E933D59BADB39B8DD79BC98F9004A90E801D1D
S3150007E943C94F9004A90D8015C92F9004A90C800DF2
S3150007E953C9209004A90B8005A9704C02708DD89B1A
S3150007E963A9008DE59B8DE69B8DE79B8DE39B8DE448
S3150007E9739BA9FF8DEF9B8DF09B8DE89B8DE99B8D67
S3150007E983EA9B8DEB9B8DEC9B8DED9BA900859DA942
S3150007E993A40FB002A9B08DF19B279E879E20FA7418
S3150007E9A320066A20B769A9008DFF9B8D009C8DF50C
S3150007E9B39B85A160A9048DDB9BA9008DDC9BA00029
S3150007E9C38CD99B8CDA9BA9078DDD9BA9408DDF9B91
S3150007E9D38CE09BA9088DDE9B202E6A8CF99B8CFA0B
S3150007E9E39B8CFB9B8CFC9B179EC2016E86A9FF8D96
S3150007E9F3EF9B8DF09BA9008DEE9B200471EEEE9B9A
S3150007EA03D0F860202E6AA9008540A9A48541A900EC
S3150007EA13ACE19BD008ACE29BF010CEE29BCEE19B28
S3150007EA238140E640D002E64180E660A9808DE19BFE
S3150007EA33A9DE38EDF19B8DE29B60A79E20959BA9E6
S3150007EA43038DF29BA9008DF39BADDD9B20D372202B
S3150007EA535C6A179EC2016E8660AD009CF011A90021
S3150007EA638DF29B8DF39BA90838ED009C4CD37260FE
S3150007EA732F9E03279E60ADF59B8DF29B8DEE9BAD77
S3150007EA83F69B8DEF9BA9008DF39B203E71ADEF9B04
S3150007EA93C9FFD064ADF09BC90FD05D205670EEFB5E
S3150007EAA39BD003EEFC9BADF59B8DEE9BADDB9B8D60
S3150007EAB3EF9BADDC9B8DF09B200471A9018DE79B32
S3150007EAC3ADDB9B8DE59BADDC9B8DE69BADFB9B8D04
S3150007EAD3E89BADFC9B8DE99BA9FF8DEA9B8DEB9B81
S3150007EAE38DEC9B8DED9BA90F859D209071EEDB9B8E
S3150007EAF3D003EEDC9B4C6471ADE29BC902B004B74D
S3150007EB03A187A1ADFB9B8DF99BADFC9B8DFA9BEE74
S3150007EB13FB9BD003EEFC9BA9008DFD9B8DFE9BA95A
S3150007EB23018DF79BADEF9B8DE59BADF09B8DE69B2B
S3150007EB33201772ADE89B8DE39BADE99B8DE49BADF7
S3150007EB43E79B8DF69BA9538D969BA96B8D979B6028
S3150007EB532F9E05279E4CBE6D20B172CDF59BF00304
S3150007EB634C416CEEFB9BD003EEFC9BCEF69BF00968
S3150007EB73EEE39BD003EEE49B60ADE59B8DFD9BAD7A
S3150007EB83E69B8DFE9BADE79B186DF79B8DF79BCD9C
S3150007EB93D79B9029F005A9714C0270ADFD9B8DF2A9
S3150007EBA39BADFE9B8DF39B200B70A9008DFD9B8D63
S3150007EBB3FE9BA9738D969BA96A8D979B60ADEA9B6E
S3150007EBC3C9FFD042ADEB9BC90FD03BADFD9B8DF281
S3150007EBD39BADFE9B8DF39B200B70A9008DFD9B8D33
S3150007EBE3FE9B8DF89BADFB9B8DF99BADFC9B8DFA2D
S3150007EBF39BEEE39BD003EEE49B279FA9B08D969BE1
S3150007EC03A96E8D979B60ADFB9B8DF99BADFC9B8D89
S3150007EC13FA9BADEA9B8DE59BADEB9B8DE69B201798
S3150007EC2372ADE89B8DE39BADE99B8DE49BADE79BBB
S3150007EC338DF69BA9538D969BA96B8D979B60ADEC20
S3150007EC439BC9FFD007ADED9BC90FF061ADF79BC914
S3150007EC5301F036ADF99B8DFB9BADFA9B8DFC9B2093
S3150007EC63C2728DF59BADEC9B8DE59BADED9B8DE65A
S3150007EC739B201772ADE89B8DE39BADE99B8DE49BC8
S3150007EC83ADE79B8DF69B4C5B6BADEC9B8DE59BAD27
S3150007EC93ED9B8DE69B201772ADE89B8DE39BADE954
S3150007ECA39B8DE49BADE79B8DF69B4C5B6BADF99B0D
S3150007ECB38DFB9BADFA9B8DFC9BADF79BC901F003BF
S3150007ECC34C556DADFB9B8DE39BADFC9B8DE49B2068
S3150007ECD3B1728DF29BA9008DF39B205670EEFB9BB9
S3150007ECE3D003EEFC9BADDB9B8DEC9BADDC9B8DEDE7
S3150007ECF39BB79D209071A9018DE79BADDB9B8DE5A6
S3150007ED039BADDC9B8DE69BADFB9B8DE89BADFC9B8F
S3150007ED138DE99BA9FF8DEA9B8DEB9B8DEC9B8DED77
S3150007ED239BA90F859D209071EEDB9BD003EEDC9BA1
S3150007ED33206471ADFB9B8DE39BADFC9B8DE49B2010
S3150007ED43B1728DF59BA9738D969BA96A8D979B4C7B
S3150007ED53796AADFD9BD00AADFE9BD005A9714C021E
S3150007ED6370ADFD9B8DF29BADFE9B8DF39B200B70C8
S3150007ED7320C2728DF59BADE59B48ADE69B48ADFD7D
S3150007ED839B8DE59BADFE9B8DE69B20177218ADE821
S3150007ED939B6DE79B8DE39BADE99B69008DE49B68C0
S3150007EDA38DE69B688DE59BA9008DF89BA79FA9B068
S3150007EDB38D969BA96E8D979B4CB86EADF79BC90134
S3150007EDC3F0034C3E6EADF99B8DFB9BADFA9B8DFC19
S3150007EDD39BADFB9B8DE39BADFC9B8DE49B20B172A7
S3150007EDE38DF29BA9008DF39B205670EEFB9BD003F8
S3150007EDF3EEFC9BA9018DE79BADDB9B8DE59BADDC0C
S3150007EE039B8DE69BADFB9B8DE89BADFC9B8DE99BA1
S3150007EE13A9FF8DEA9B8DEB9B8DEC9B8DED9BA90F34
S3150007EE23859D209071EEDB9BD003EEDC9B206471FE
S3150007EE33A9738D969BA96A8D979B60ADFD9B8DF2F2
S3150007EE439BADFE9B8DF39B200B70A9008DFD9B8DC0
S3150007EE53FE9BADF69BCDE79BF00D38ADE79BEDF635
S3150007EE639B8DF89B20AE70A9FF8DE79B8DEA9B8D43
S3150007EE73EB9B8DEC9B8DED9BADDB9B8DE59BADDC1A
S3150007EE839B8DE69BADFB9B8DE89BADFC9B8DE99B21
S3150007EE93A90F859D209071EEDB9BD003EEDC9B20AB
S3150007EEA36471A9738D969BA96A8D979B602F9E059F
S3150007EEB3279E4CF76FEEF79BADF79BCDD79BB026F7
S3150007EEC320B172CDF59BD014EEF89BEEFB9BD003D6
S3150007EED3EEFC9BEEE39BD003EEE49B60379FADF816
S3150007EEE39BD0244C876F20B172CDF59BD00FEEF8DC
S3150007EEF39BEEFB9BD003EEFC9BB79F800AADF89B6B
S3150007EF03D0034C876F379FADF89B20AE702F9F12A8
S3150007EF13ADDB9B8DEC9BADDC9B8DED9BB79D279F57
S3150007EF23800EADDB9B8DEA9BADDC9B8DEB9BA79D93
S3150007EF33209071ADDB9B8DE59BADDC9B8DE69BAD91
S3150007EF43F99B8DE89BADFA9B8DE99BADF89B8DE706
S3150007EF539BA9FF8DEA9B8DEB9B8DEC9B8DED9BA967
S3150007EF630F859D209071EEDB9BD003EEDC9B20641F
S3150007EF7371A9738D969BA96A8D979B3F9F03379FAD
S3150007EF83604C796A2F9F12ADDB9B8DEC9BADDC9BA7
S3150007EF938DED9BB79D279F800EADDB9B8DEA9BADC2
S3150007EFA3DC9B8DEB9BA79D209071A9018DE79BADFC
S3150007EFB3DB9B8DE59BADDC9B8DE69BADFB9B8DE8D4
S3150007EFC39BADFC9B8DE99BA9FF8DEA9B8DEB9B8DE7
S3150007EFD3EC9B8DED9BA90F859D209071EEDB9BD056
S3150007EFE303EEDC9B206471A9738D969BA96A8D97A3
S3150007EFF39B4C796AADF89BF00320AE704C6A6E8D15
S3150007F0032602A9488D948660ADF39BCDE09BD00677
S3150007F013ADF29BCDDF9B902BADF29B48ADF39B489F
S3150007F023A9058DF29BA9008DF39BADDD9B20D372BA
S3150007F033EEDD9B0EDF9B2EE09B688DF39B688DF2BF
S3150007F0439B80C5382EF29B2EF39BADDD9B20D37297
S3150007F053979E60ADF29BC9809029ACDE9BC008D012
S3150007F06322ADF29B48A9058DF29BA9008DF39BADB3
S3150007F073DD9B20D372EEDE9B179EA9008DF39B685B
S3150007F0838DF29B1F9E160A2EF39B0A2EF39B8DF278
S3150007F0939BADDE9B890120D372179E600EF29B2ED2
S3150007F0A3F39BADDE9B20D372179E60C901D0198DE2
S3150007F0B3F29BA203382A2EF39B182A2EF39B8DF273
S3150007F0C39B8A20D372179E60C905B00B38E9010ADC
S3150007F0D32EF39BA20580DDC90DB01038E905A204FE
S3150007F0E30A2EF39BCAD0F9A20980C938E90D382A33
S3150007F0F32EF39BA2030A2EF39BCAD0F9AED89B80A5
S3150007F103B3AEEE9BADEF9B9D80DE8A186AB015AA58
S3150007F113A9F03D80DF9D80DFADF09B290F1D80DFC2
S3150007F1239D80DF60AAA90F3D80DF9D80DFADF09B41
S3150007F1330A0A0A0A1D80DF9D80DF60AEEE9BBD804B
S3150007F143DE8DEF9B8A186AB00AAABD80DF290F8D69
S3150007F153F09B60AABD80DF6A6A6A6A290F8DF09BF6
S3150007F16360ADE19B38ACE29BD004C906900AE90679
S3150007F1738DE19BB003CEE29BADDC9BCDD49B900C7C
S3150007F183ADDB9BCDD39B9004A7A187A160ADE59B80
S3150007F1930AAA8642ADE69B2AA88443064226438AE1
S3150007F1A364428540986543854138A992E540854081
S3150007F1B3A9DEE54185410F9D09ADE79BA200914075
S3150007F1C3079D1F9D10ADE89BA2019140ADE99BA248
S3150007F1D3029140179D2F9D1AADEA9BA2039140A268
S3150007F1E305A9F031409140ADEB9B290F11409140A2
S3150007F1F3279D3F9D1EADEC9BA2049140A205A90F37
S3150007F20331409140ADED9B290F0A0A0A0A11409135
S3150007F21340379D60ADE59B0AAA8642ADE69B2AA8C1
S3150007F2238443064226438A6442854098654385415B
S3150007F23338A992E5408540A9DEE5418541A200B19B
S3150007F243408DE79BE8B1408DE89BE8B1408DE99B8C
S3150007F253E8B1408DEA9BA205B140290F8DEB9BA22E
S3150007F26304B1408DEC9BA205B1406A6A6A6A290F0D
S3150007F2738DED9B60AAADD99B8540ADDA9B186DF1E1
S3150007F2839B85418A8140EED99BD003EEDA9BADE19C
S3150007F2939BD003CEE29BCEE19BADDA9BCDD69B906B
S3150007F2A30CADD99BCDD59B900497A187A160ADE300
S3150007F2B39B8540ADE49B186DF19B8541A14060ADED
S3150007F2C3FB9B8540ADFC9B186DF19B8541A1406077
S3150007F2D3A8186D009CC910F06890034C6B73C90896
S3150007F2E3F0449024ADF29BAE009CF00D0A2EF39BDF
S3150007F2F3CAD0F98DF29B0DFF9B209B73ADF39B8DB4
S3150007F303FF9BA9008DF39B60ADF29BAE009CF00AB1
S3150007F3130ACAD0FC8DF29B0DFF9B8DFF9B98186D38
S3150007F323009C8D009C60ADF29BAE009CF00A0ACA56
S3150007F333D0FC8DF29B0DFF9B209B73A9008DFF9B32
S3150007F34360ADF29BAE009CF00D0A2EF39BCAD0F973
S3150007F3538DF29B0DFF9B209B73ADF39B209B73A99C
S3150007F363008DFF9B8DF39B60ADF29BAE009CF01067
S3150007F3730A2EF39B2EF49BCAD0F68DF29B0DFF9BA9
S3150007F383209B73ADF39B209B73ADF49B8DFF9BA9CA
S3150007F393008DF39B8DF49B60AAEE039CD003EE04CA
S3150007F3A39C98186D009C38E9088D009CA0000F9E59
S3150007F3B30A8AAE31869D3286EE318660DAAE3186AB
S3150007F3C39D3286EE3186FA60AD019C8546AD029C79
S3150007F3D38547A547CD089CD005A546CD079C9067CD
S3150007F3E3A547CD049CD005A546CD039CB027203D54
S3150007F3F36AA9018DF29BA9008DF39BADDD9B20D3F3
S3150007F40372205C6AA9008D069CA9288D059C20D5C8
S3150007F41374079E8021B20040B20141A541CD089CE5
S3150007F423D005A540CD079C900DAD079C893C8D075C
S3150007F4339C9003EE089CAD039CA9008D039C8D0449
S3150007F4439C8D019C8D029C60ADF59B20BF73ADF52A
S3150007F4539BCD6F86D00A89338D6F86A90120BF732B
S3150007F463AD019C8546AD029C8547A547CD069CD035
S3150007F47305A546CD059C9059A547CD049CD005A562
S3150007F48346CD039C9026AD039CD005AD049CF01C8A
S3150007F493AD6F8620BF73A90020BF73A9008D089C93
S3150007F4A3A93C8D079C20D574879E8017B2FE40B270
S3150007F4B30041A541CDDC9BD005A540CDDB9BB00321
S3150007F4C320D574A9008D039C8D049C8D019C8D0208
S3150007F4D39C6020B769C2016E86A9008DF29B8DF3E6
S3150007F4E39B8DF49B8DFF9B8D009C85A1A9738D96A0
S3150007F4F39BA96A8D979B60A9008D039C8D049C8DA0
S3130007F503019C8D029C8D089CA93C8D079C607F
S3150007F511A94C8D929BA9BB8D939BA9758D949BA98C
S3150007F521008DC59B8DC69B8DC79B8DC89B8DC49B27
S3150007F5318DD19B8DD09BADB89B8DC09BADB79B8D58
S3150007F541C19BADB29B8DBD9BADB19B8DBE9B4A8DBC
S3150007F551D29BADB49B8DBF9BC92F901DC94F9012EE
S3150007F561C98F9007A9088DC29B8013A9078DC29BD6
S3150007F571800CA9068DC29B8005A9058DC29BA7ADE7
S3150007F581A9008DC39B8DCA9B8DCB9B8DCC9B8DCDA6
S3150007F5919B8DBA9B8D00A08D01A08D02A08D03A026
S3150007F5A1ADBF9B8DCE9BA9048DB99BA9068DBB9B30
S3150007F5B1A9078DBC9BC202C49B60DF780EAF770B90
S3150007F5C1ADD09BF0034CE178CF6C0160F2C49B018F
S3150007F5D1034C0D7620027A900160E2C49B8023AA30
S3150007F5E1C280C49B8AC900D005C201C49B60C901F8
S3150007F5F1F0034CF878ADD19BAA89338DD19B8A4C00
S3150007F6016509CDD19BD0F8D280C49B602FAD0B2065
S3150007F611027A90034CE178200379A5D6851EADC3FE
S3150007F6219B0AAA7C27763B76B7766376AD77887889
S3150007F63101781E783B7851786F78ADC59BC902B0C2
S3150007F64105A9004CD678B20140204779A541D06675
S3150007F651E2C49B020DB20140204779A541F0034C54
S3150007F6610178ADC59BCDBC9BB005A9024CD678AD3B
S3150007F671BC9B8540204779A9018DD09BA5418D016A
S3150007F68180ADCC9B8546ADCD9B89D08547A541816C
S3150007F69146ADCE9BCDBF9BB006EECE9B203D7A20D5
S3150007F6A1C27AA9018DCE9BEECC9BD003EECD9BC230
S3150007F6B102C49B4CDC78ADC59BCDBB9BB005A901AC
S3150007F6C14CD678ADBB9B8540204779A542D009A585
S3150007F6D141C904B0034CA977D202C49BA541CDB950
S3150007F6E19BD007A542CDBA9BF055ADCE9BCDBF9B0F
S3150007F6F1B006EECE9B203D7AA6428A89C88542A1ED
S3150007F701418DCE9B8A89C08542A1418DCA9B85447D
S3150007F7118ACDD29B9003EDD29B89A08542ECD29BE1
S3150007F7219008A1414A4A4A4A8004A141290F8DCB33
S3150007F7319B854520987AAECE9B200E7A4CDC78EED7
S3150007F741CE9B203D7ACECE9BADCD9B8DCB9B854562
S3150007F7518547ADCC9B8DCA9B85448546F004C64437
S3150007F7618005B2FF44C64520987AEECE9BAECE9B66
S3150007F771200E7AADCA9B8544ADCB9B8545ADCD9B06
S3150007F7818547ADCC9B8546F004C6468005B2FF4644
S3150007F791C647A54589D08545A54789D08547A1444B
S3150007F7A181468D01804CDC78C902D020ADC59BD03E
S3150007F7B105A9034CD678B20140204779A541F00641
S3150007F7C1EEBB9B4CB776EEBC9B4C6376C901D01753
S3150007F7D1A9008DC59B8DC69B8DC79B8DC89BC202F4
S3150007F7E1C49BA7AD4CDC78C900D012A9008DC59B77
S3150007F7F18DC69B8DC79B8DC89BD201C49B4C8175BA
S3150007F801ADC59BC901B005A9054CD678B201402003
S3150007F8114779A541F007A9018DCF9B806AADC59BA5
S3150007F821C902B005A9064CD678B20240204779A588
S3150007F83141F00789018DCF9B804DADC59BC901B0AD
S3150007F84105A9074CD678B20140204779A541F01E94
S3150007F851ADC59BCDC29BB005A9084CD678ADC29B59
S3150007F8618540204779A541890D8DCF9B8019ADC567
S3150007F8719BC903B005A9094CD678B203402047793D
S3150007F881A54189058DCF9BC202C49BAECF9BEECA0C
S3150007F8919BD003EECB9BADCA9B8544ADCB9B8545E0
S3150007F8A1ADCC9B8546ADCD9B8547200E7AADCE9BCC
S3150007F8B1186DCF9B8DCE9BADCC9BD003CECD9BCE6A
S3150007F8C1CC9B203D7AEECC9BD003EECD9BADBF9B67
S3150007F8D18DCE9B80068DC39BA7AD60A9008DC39B6B
S3150007F8E1AED09BF011AF770EAED09BBD00802065E1
S3150007F8F109CED09BD0EF60A90E8D2602A9488D941B
S3150007F9018660ACC59BF024C008F0249006C010F0B1
S3150007F911228007B20040A2018005B20840A2020A6E
S3150007F9213EC69B88C440D0F7CA800AA2008006A2B9
S3150007F931018002A2021DC69B9DC69BADC59B890878
S3150007F9418DC59B27AD60A640E006B01FB20042AD4C
S3150007F951C69B8541BDFA79254185414EC89B6EC730
S3150007F9619B6EC69BCEC59BCAD0F160E008B051B26B
S3150007F9710042ADC69B8541BDFA7925418541E00621
S3150007F981F028A20138ADC59BE9078DC59B2EC69BFD
S3150007F9912EC79B2EC89BADC79B8DC69BADC89B8D9E
S3150007F9A1C79B8A2DC89B8DC89B6038ADC59BE90649
S3150007F9B18DC59B2EC69B2EC79B2EC89BA20380CDAA
S3150007F9C138ADC59BE9088DC59BADC69B8541ADC7BE
S3150007F9D19B8DC69BADC89B8DC79BA9008DC89B38C0
S3150007F9E1A540E908D004B2004260AAADC69B85428C
S3150007F9F1BDFA79254285424C5C790103070F1F3F02
S3150007FA017FCF6C023860AD8F86476C18608ED09BAE
S3150007FA11A54589D08545A54789D0854720C27AA1BD
S3150007FA214481469D0080E644D002E645E646EECC93
S3150007FA319BD005E647EECD9BCAD0E160ADCE9BCD07
S3150007FA41BF9B9003F00160AEBA9BECBE9B9009ADDC
S3150007FA51B99BCDBD9B900160ADB99B85468A89C08F
S3150007FA618547ADCC9B81468ACDD29B9003EDD29B30
S3150007FA7189A08547ADCD9BECD29B90060A0A0A0A57
S3150007FA81014681468A89C88547ADCE9B8146EEB92F
S3150007FA919BD003EEBA9B60ADCC9B8546ADCD9B85CE
S3150007FAA147A5448901F005CDCE9B900638EDCE9B3F
S3150007FAB1800CC645A9FF38EDCE9B6444890285446F
S3150007FAC160ADCD9BCDC19B900BADCC9BCDC09B9023
S30A0007FAD1034CF8786004
S306000407FF04EB
S315000408004C8FE64CEAE64C45E74CA0E74CFBE74C3C
S3150004081056E84CB1E84C4508EAEAEA4C2A08EAEA02
S31500040820EA2048E62015084C48E6202EE62015085E
S315000408304C2EE62017E62015084C17E6200AE6207B
S3150004084015084C0AE62021E62015084C21E64C7EC4
S3150004085008EAEAEA4C6308EAEAEA2048E6201508C8
S315000408604C48E6202EE62015084C2EE62017E620F6
S3150004087015084C17E6200AE62015084C0AE620213E
S31500040880E62015084C21E64CB708EAEAEA4C9C082F
S31500040890EAEAEA2048E62015084C48E6202EE62037
S315000408A015084C2EE62017E62015084C17E6200AF4
S315000408B0E62015084C0AE62021E62015084C21E618
S315000408C04CF008EAEAEA4CD508EAEAEA2048E620C7
S315000408D015084C48E6202EE62015084C2EE620176F
S315000408E0E62015084C17E6200AE62015084C0AE609
S315000408F02021E62015084C21E64C2909EAEAEA4CAF
S315000409000E09EAEAEA2048E62015084C48E6202EB5
S31500040910E62015084C2EE62017E62015084C17E6A7
S31500040920200AE62015084C0AE62021E62015084C84
S3150004093021E64C5C09EAEAEA2048E62015084C4818
S31500040940E6202EE62015084C2EE62017E62015088C
S315000409504C17E6200AE62015084C0AE62021E62074
S3150004096015084C21E64C8F09EAEAEA2048E62015E8
S31500040970084C48E6202EE62015084C2EE62017E6FD
S315000409802015084C17E6200AE62015084C0AE6202E
S3150004099021E62015084C21E64CC209EAEAEA204879
S315000409A0E62015084C48E6202EE62015084C2EE6CF
S315000409B02017E62015084C17E6200AE62015084CF1
S315000409C00AE62021E62015084C21E64CF509EAEA58
S315000409D0EA2048E62015084C48E6202EE6201508AD
S315000409E04C2EE62017E62015084C17E6200AE620CA
S315000409F015084C0AE62021E62015084C21E64C2869
S31500040A000AEAEAEA2048E62015084C48E6202EE6DB
S31500040A102015084C2EE62017E62015084C17E6206C
S31500040A200AE62015084C0AE62021E62015084C2182
S31500040A30E64C5B0AEAEAEA2048E62015084C48E652
S31500040A40202EE62015084C2EE62017E62015084C25
S31500040A5017E6200AE62015084C0AE62021E62015AA
S31500040A60084C21E64C8E0AEAEAEA2048E6201508F4
S31500040A704C48E6202EE62015084C2EE62017E620E4
S31500040A8015084C17E6200AE62015084C0AE620212C
S30C00040A90E62015084C21E6DF
S31500040A9720320BD038F24B02081CAD4604CD7B043A
S31500040AA7D006AD4504CD7A04F009EE4504D003EE2D
S31500040AB7460460B7AA60A9008D45048D4604AD3582
S31500040AC702F00320E41848C2084B026860E24B02AE
S31500040AD7082AEE4304D003EE4404AD4404D008AD1B
S31500040AE74304CD8103900FA7632021E2CF4806ADC7
S31500040AF70802F00160603F5902276360A9008D432D
S31500040B07048D4404AD3502F01BAD45048540AD465E
S31500040B17048541A541CD7B04D005A540CD7A04F0D3
S31500040B270320E41848D2084B026860AD8105290101
S31500040B376060A060628284717875747276A1A44439
S31500040B4745464748494A4B4CAAC1C2C3C4C5C6C74A
S31500040B57C8C9CACBCCCDCEA801021214B8B8B4B44E
S31500040B67B2B2B1B111D21009068004C21009064CFB
S31500040B77B00E8F6D04C204090660C2201506D21092
S31500040B871506C2401506D2801506D2011F0660C295
S31500040B9780080660D2800806E206061004C210061C
S31500040BA70660A9058D8F02A9008D9002075F8F5FE6
S31500040BB705E21E0608F820960BD2100606C000D0DA
S31500040BC71BE20A0602FBA2022082F8A9398D1C063B
S31500040BD7A9807B09028D1806A9A07B60A9A68D1C8E
S31500040BE7068C1806A9A27B60D2041E0660C2041EE0
S31500040BF70660AD859AD0031F6E03E76F60D2201E89
S31500040C070660676FC2201E0660D201080660C2012D
S31500040C17080660F26B020804D2020806209FF860F1
S31500040C27AD1206C960F00829F0C9A0F002186038A9
S31500040C376048E253022005AD2F058006AD12068DE6
S31500040C472F05C9719016C979B011C972F008C9760A
S31500040C57F004C978D002A77138800118686048F291
S31500040C6751021018E253022005AD2F058006AD1276
S31500040C77068D2F05C9C0900BC9CFB003388001185C
S31500040C87686048E253022005AD2F058006AD1206BB
S31500040C978D2F05C9909008C9A0B00338800118683C
S31500040CA76020380CB0FA4C650C20F5E3F00160F2CD
S31500040CB713060804D20813066020F5E3D009E213E5
S31500040CC7060804C20813066000020300AA20F5E317
S31500040CD7D001608AA8AD130629FC19CF0C8D13061B
S31500040CE76000030201A8AD030629FC19E80C8D036D
S31500040CF70660C2020206C2040206C2010206C280D6
S31500040D070706602F67034C540D48D220040668A8CB
S31500040D17B9380BC9AAF00A29F0C9A0D004C2080534
S31500040D2706B9380BAE5D9AE002D00BAE3A02E00381
S31500040D37B00AA9828006E001D002A95220880DAD27
S31500040D472D02290785402090E2207EE260A8D28002
S31500040D570306C2010406B9380BC9AAF00A29F0C961
S31500040D67A0D004C2080506B9380B29F0C9B0D00BC0
S31500040D77876D982901D004D2010406B9380B4C882B
S31500040D870D8D120620B00EB9380B29F0C910D00301
S31500040D974CC60DAD1206C962D025A924FF4C02A97B
S31500040DA7278D1806A9368D1C06A9A17BA90EFF4C0B
S31500040DB702A90F8D1806A9378D1C06A9A17B60F217
S31500040DC750020105E24F0201062F670320F1E16095
S31500040DD7AD1206608D1206D208030660A93A8D1C69
S31500040DE706A9807B297F8D1806A9A07B60A93A8D61
S31500040DF71C06A9807B098080ED48D2100506684C3D
S31500040E07140ED24005066048C21005066860C24043
S31500040E17050660AD0F06298060202C0E20650CB0F0
S31500040E27016089066020650CB00620570EF0016044
S31500040E37DAE253022005AD2F058006AD12068D2F83
S31500040E4705205D0E201BE2FAE251021002891D609D
S31500040E57AD0E06291F60F251021025E25102042045
S31500040E679F741D8F741AAAAD7686F0134AB0108D37
S31500040E7718068A38ED1806C991B005A99180018A22
S31500040E8760AD0A0629384A4A4AE20E0640020908AC
S31500040E97D00518AD00066048AD0006854068386081
S31500040EA7E21E0608FB8D100660A90A8DF185A900C6
S31500040EB78DF2857762D2011F0622A900A200A0003F
S31500040EC7FF621A22209FF832E21F06010E8901D01B
S31500040ED7EFE8D0ECC8C0C890E780023260324C27EE
S31500040EE7E500010203A8AD060629FC19E80E8D06DE
S31500040EF7066040206000A8AD1106299F19F90E8DDA
S31500040F07110660C20806064C9B0BAD29022903C9C4
S31500040F1701D016F209061011AD120629F0C950F0D0
S31500040F2704C980D004D2800906ADE90409808DE995
S31500040F3704D2010906AD1206C9AAD0032074104CBF
S31500040F47100CA000A240B20247A97C2007E4D28075
S31500040F57020660D22002064C760FC22002064C8E89
S31500040F670FD21002064C760FC21002064C8E0FA93A
S31500040F77138D1606A9158D1706A94B8D1806A900F4
S31500040F878D1906A9E17B60A9138D1606A9158D1778
S31500040F9706A9428D1806A9008D1906A9E17B6000EA
S31500040FA700000102000000010248A8AD020629FC60
S31500040FB719A60F8D020668A8AD060629FC19AB0FFC
S31500040FC78D060660303132333435363738392A23BD
S31500040FD741424344AD1B06290FAABDCB0F60AD1F83
S31500040FE7060910090829FE8D1F0660AD1F0629EF9D
S31500040FF7090829FE8D1F0660A90AA000200DE4AD85
S3150004100719068D9C04CD9E0490038D9E04CD9D04E4
S31500041017B0038D9D0460A900A0B5200DE42940F016
S315000410270238601860F20F060409201A0ED004A9C4
S315000410377F801DF251021005E251020409A908A096
S3150004104710200DE48007A902A00C200DE4AD1906B3
S31500041057205E108DA1046048A209CABDAA04E89DB2
S31500041067AA04CAD0F5ADA1048DAA046860F20906DC
S315000410771010A9008D18068D1906A9048D1C06A93A
S31500041087AA7B608D1D06A90A8DF185A9008DF285B7
S31500041097776222A900A200A000FF621D22209FF802
S315000410A732E21D06800E8901D0EFE8D0ECC8C0C82D
S315000410B790E7800532AD180660324C27E5AD000689
S315000410C748208CE3A5C3C901D004A5C2C95E6860DC
S315000410D74F4B00434F4E4E4543540052494E47002B
S315000410E74E4F2043415252494552008500803132C2
S315000410F73030004E4F204449414C544F4E45004230
S31500041107555359004E4F20414E5357455200803090
S315000411173630300080323430300080343830300096
S315000411278039363030008037323030008031323003
S315000411373030008031343430300080313932303049
S31500041147008033383430300080353736303000800D
S31500041157313135323030008032333034303000802C
S31500041167562E3233204844580080373554582F3189
S31500041177323030525800803132303054582F373598
S3150004118752580044454C41594544004D4553534133
S3150004119747452D57414954494E4700424C41434B15
S315000411A74C495354454400464158002B4643850051
S315000411B74441544100823735008233303000823649
S315000411C730300082313230302C3735008237352CB7
S315000411D731323030008231323030008232343030AE
S315000411E70082343830300082373230300082393664
S315000411F7303000823132303030008231343430308E
S31500041207008231363830300082313932303000824C
S315000412173231363030008232343030300082323662
S315000412273430300082323838303000803136383046
S31500041237300080323136303000803234303030007E
S3150004124780323634303000803238383030008341CB
S315000412574C54008356343242008356343400834E4A
S315000412674F4E4500844E4F4E4500844C41504D0029
S3150004127784414C540084414C54202D2043454C4C06
S31500041287554C415200446F776E6C6F616420696EEA
S3150004129769746961746564202E2E004C494E452095
S315000412A7494E20555345008233313230300082335C
S315000412B73336303000803333363030002B494C52C6
S315000412C7523A008142313033008142323132008151
S315000412D7563231008156323200815632324200810B
S315000412E75632334300815633320081563332420035
S315000412F78156333400814B353600815639300081A7
S315000413075639320082333230303000823336303049
S31500041317300082343030303000823434303030009C
S3150004132782343830303000823532303030008235FE
S315000413373630303000803332303030008033363048
S315000413473030008034303030300080343430303040
S315000413570080343830303000803532303030008009
S31500041367353630303000823334303030008233380B
S315000413773030300082343230303000823436303008
S31500041387300082353030303000823534303030002A
S315000413978033343030300080333830303000803496
S315000413A732303030008034363030300080353030DB
S315000413B730300080353430303000803238303030C9
S315000413C70080323933333300803330363637008082
S315000413D73333333333008033343636370080333789
S315000413E7333333008033383636370080343133337A
S315000413F7330080343236363700803435333333009E
S315000414078034363636370080343933333300803503
S315000414173036363700803533333333008035343648
S31500041427363700823238303030008232393333333C
S315000414370082333036363700823333333333008210
S31500041447333436363700823337333333008233380F
S315000414573636370082343133333300823432363604
S315000414673700823435333333008234363636370021
S315000414778234393333330082353036363700823592
S3150004148733333333008235343636370080323533D7
S3150004149733330080323636363700823235333333C8
S315000414A70082323636363700000000803331323058
S315000414B73000D710DA10E210E710F210F410FA1021
S315000414C706110B1115111B11211127112D1133119A
S315000414D73A11411148114F1156115E1166117011D7
S315000414E77D118A119211A211AE11B211B711BC1155
S315000414F7C011C511CA11D311DC11E211E811EE119D
S31500041507F411FA11011208120F1216121D122412DF
S315000415172B1232123912401247124E1255125A1210
S31500041527601265126B12711277127C128C12A21258
S31500041537AE12B512BC12C312CA12D012D612DB12DD
S31500041547E012E612EC12F112F712FC12011306135B
S315000415570B136D131213741319137B1320138213AE
S31500041567271389132E13901335133C139713431319
S315000415779E134A13A5135113AC135813B3135F13CE
S31500041587BA136613401293149A14C113C813CF13CC
S315000415973C13D613DD134313E413EB134A13F21365
S315000415A7F91351130014071458130E1415145F1363
S315000415B71C14231466131D12A114A8142A14311417
S315000415C738140B133F14461412134D1454141913D9
S315000415D75B146214201369147014271377147E148A
S315000415E72E1385148C143513B21400010203040553
S315000415F7060708090A0B0C0D0E0F10111213141502
S31500041607161718192021222327282A2C2D2E2F3086
S315000416173132333435363738393A3B3D3E3F40422B
S31500041627434445464D505152534E4F5482868788FC
S31500041637898A8B8C8D8E909192969798999A9B9C72
S315000416479D9E9FA0A1A2A5A6A7A8A9AAABACADAE2D
S31500041657AFB0B13ED2D3B4B5B6A5B7B8A7B9BAA990
S31500041667BBBCABBDBEADBFC0AFC1C2B138D4D5C319
S31500041677C4C596C6C798C8C99ACACB9CCCCD9ECEB4
S31500041687CFA0D0D1A25BFFA416A616A816AA16AE9B
S3150004169716B316B716BB16C016C516CA16310032C8
S315000416A70033002D4543002F415251003A54580048
S315000416B73A5258002F535644002F56373000535288
S315000416C7454A002F562E32332048445800C2026C2E
S315000416D702AD82042980F009AD8204297F8D820434
S315000416E7604FA10FA54F29704A4A4A4AD005B26EE0
S315000416F7BA8004A5BB85BAC9FFF011201417208E3A
S31500041707175F52037788600F6402F78860FFA55650
S315000417178F53534F540A0FAF07FF4C049FAF016013
S315000417273F8003207D1B5F8007A5BC85BA207D1BF0
S31500041737E25C020131D2085C02B76ED2025C02AEE9
S315000417477205BD6E174FA10FA54F29704A4A4A4A1B
S31500041757D005B26EBA800285BA207D1BC2085C0228
S31500041767376EC2025C026001010109050A0B0C10FF
S3150004177711FFFFFF0D0E0FFF121316173B3D3E3FDA
S31500041787405B545C5D5E14E26D020208F26D02046E
S31500041797034C8718AD6F022903F00AF26F0220057E
S315000417A7A00120BE189F711A7FA5173F54060FAFD5
S315000417B7037F4C03201BF92091194FA50320401AD8
S315000417C780724F540B0FAF08FF4C059FAF0280641E
S315000417D74FA10FA54F29704A4A4A4AD005B26EBA95
S315000417E78003B201BAEF803D1F800BA5BBC946F043
S315000417F705A9048D8B028F8029A57D290BC908F0BD
S31500041807210F5302F780AE7205BD6E174FA10FA5C0
S315000418174F29704A4A4A4AD005B26EBA800285BA37
S31500041827800320A9E1E24E020407FF8004A9158577
S31500041837BA207D1B8F64772097FA8F081DAD740530
S315000418472903C902F005AD74058002A90308786760
S315000418573A853BB2C03A203EFA28B763CF7809DF08
S315000418677806AF55032011FA20DEF80F0812A90AE5
S315000418778D9302A9008D9402275FAF5F031F30FA89
S315000418876F4C05A2052072F83F54060FAF037F4C31
S3150004189703201BF9AD6F022903F008D2207002C298
S315000418A7407002C2026D02C2046D02776A60B763B2
S315000418B720DEF8201BF960A208BDDB182042FACA0D
S315000418C710F7C2206F0298F00648D2206F02688983
S315000418D7304C42FA3A4342492B62266019E24B02DC
S315000418E7081C3F6B0E3FAA0BB27B40B21941207A04
S315000418F71A37AAB28040B21941207A1A8009B286E9
S3150004190740B21941207A1AB23346B2194720B31B9B
S31500041917F24B0208163F6B13AD4204D002B7AA3F37
S31500041927AA09B28C40B219414C7A1A60E24B0208F2
S315000419370CAD43048540AD44048541800AAD450496
S315000419478540AD46048541B20A44B20042B200431B
S31500041957B20045201D22E24B02080CA542C9059098
S3150004196706A54089018002A5408541B2304320A5DA
S31500041977214C0AFE10580D0A0044524F4E3D0044AE
S31500041987524F463D00102E0D0A00B23340B21A419B
S31500041997207A1AA931FF4C02A9302042FA202E1ABE
S315000419A7A57D290BC909F00CA90320E421A98020E8
S315000419B7E421800AA57E20E421A57F20E421202EA8
S315000419C71AA557290320E421202E1A20D70DC9A1C9
S315000419D7D004A9008013202C0EC905900CC908F061
S315000419E706B00689018002A90520E421202E1AA53E
S315000419F74F29704A4A4A4AF00289FD4F4C02098028
S31500041A0720E421A553290C4A4AAABD3D1A055820A4
S31500041A17E421202E1AA90BDF8A07A90AFF8902A93E
S31500041A270920E4214C0AFEA92C4C42FA5250492BB0
S31500041A373A30312C3000000C01E264021004A9404C
S31500041A478016E27D020804A941800DAD8E02C90401
S31500041A57F004A9428002A9432035E3A9512035E3BE
S31500041A67A904E2650202020902F26502040229FBDD
S31500041A774C8CE3B2BA46B21A4720B31B60901A9944
S31500041A871AA01AA71AAD1AB31A434F4E4E45435412
S31500041A9720002B4D43523A20002B4D52523A200038
S31500041AA72B44523A20002B45523A20004552524FB6
S31500041AB7520000A200B1401040A54048A54122B1FA
S31500041AC740297F0AC90C90093285416885404C6EC6
S31500041AD71BAABD841A8540BD851A85413F6E05201C
S31500041AE7711B800320BA1A3285416885403F6E6AA6
S31500041AF7F25C020265A92F8023297FF06AC90DD0FB
S31500041B0705AD0B02D007C90AD003AD0C023F6E0C14
S31500041B17C92DF046C92EF042C920F03EF2310280A3
S31500041B2724C903D00EA934F231028019F231020115
S31500041B3702A932C917D002A956C918D002A933C9AE
S31500041B4703D014A934C917D002A956C918D002A9B3
S31500041B5739C903D002A9302042FAE8F0034CBC1A6B
S31500041B67E641F0034CBC1A4C97FAA200B140297F10
S31500041B77F003E880F7600F640DCFA10AA57D290B52
S31500041B87C901F002801DA5BA8541C9FFF015B2FF48
S31500041B97BA4FA1034C7D65AF4C09B21946B21C472F
S31500041BA720B31BA9FF8D8B02778018600F080520C9
S31500041BB7F81B18600878EF101B283F6306A53B48F7
S31500041BC7A53A4820EE1B3F631C2097FA68853A68B6
S31500041BD7853B80116710573D28AD72052091F92082
S31500041BE7EE1B20E7F21860AD7405853BAD750585D8
S31500041BF73A6C4600200AFEA200B140297FF006206F
S31500041C0742FAE880F4AD180629E0090120E4214CDC
S31500041C170AFEA541C9FFF007854720BF1CB001602E
S31500041C27A541C902D0103F6B0DA9102042FAA9524B
S31500041C372042FA4C0AFEA541C903D02E2F8919A9B9
S31500041C47102042FAA9092042FA2097FAA99C8DCCBA
S31500041C5700ADCC00D0FB80121F890FA9AA2042FA37
S31500041C67A9102042FAA9AA2042FA2F890B22AD7994
S31500041C77048D72052091F9326F8913CF8A10A54115
S31500041C87C903D00AA9192042FAA9BA2042FACF4CA5
S31500041C971EA541C922D00DA92B2042FAA9462042E6
S31500041CA7FAB20441B2304320A5212004FE1860206D
S31500041CB7DD1CF00320001D60C2105302A2FFE8BD1D
S31500041CC7F115C541F006C9FFD0F41860E080900409
S31500041CD7D210530238608A0AAABDB9148540E8BDF2
S31500041CE7B9148541E25302100BBDB8158540E8BD0A
S31500041CF7B8158541A140C9FF60F253021026A547CE
S31500041D07C918D020A200B140C900F0069D149AE86C
S31500041D17D0F4A9209D149AE89D149A20B620B214EB
S31500041D2740B29A41A200B140F023200AFE20561D74
S31500041D3720BA1A20711D208F1DAD8B02C90BB00363
S31500041D4720B91EAD83042980D003200AFE1860E259
S31500041D575C020851A54048A54148A98220C81E68C7
S31500041D678541688540A9204C42FAE25C0204362084
S31500041D772E1AB76ED2025C02AD288720BBE120C8B3
S31500041D871E376EC2025C02607F801AF25C0204157B
S31500041D97B76E20AD1D20F11D20111E20161E376EAD
S31500041DA7A9FF8D8B0260F24E020437F25102102509
S31500041DB7F25102041BF251020211AF7109EF6B01D2
S31500041DC760A98C4CC81EA98D4CC81EA98E4CC81E6A
S31500041DD7A9904CC81EEFB205A9914CC81EA9924CEE
S31500041DE7C81EA90A8D8B024CB91EA5BBC946D004C9
S31500041DF7A2FF86BC20C81EE24A02400DA92D204236
S31500041E07FAA9098D8B0220B91E60A5BC4CC81E20F1
S31500041E17D70DC9A1F027C9A4D041A92E85BA20C8D0
S31500041E271EA9058D8B0220B91EF24E02041EA92790
S31500041E3785BA20C81EA9068D8B024CB91EA927850B
S31500041E47BA20C81EA9058D8B0220B91EA92E85BAEC
S31500041E5720C81EA9068D8B024CB91EE25102022F19
S31500041E67200FE298F251021002901FDA20BBE120FC
S31500041E77C81EA9058D8B0220B91EFA8A20BBE1204C
S31500041E87C81EA9068D8B024CB91E20BBE18032FF02
S31500041E97A50920200EC900D002F76C20BBE14CC867
S31500041EA71E60A9078D8B024CB91EA9088D8B024C9F
S31500041EB7B91E0AAABD8E168540BD8F1685414CBA32
S31500041EC71A8541C9FFF00D20BF1C900820DD1CF0C0
S31500041ED70320BA1A6085418F0809B2ED46B21E4738
S31500041EE74CB31B4CED1E4F4C03200AFEB200432095
S31500041EF7A5214C0AFE0D0A414346335F56312E3758
S31500041F0730324D2D1718035F5032315F4653480060
S31500041F1720526576200020524F434B57454C4C20A0
S31500041F275250492028544D29204D4F44454D2B30B6
S31500041F373100FC1E171F0AAABD391F8540E8BD39A3
S31500041F471F85414C7A1A8C109A48C901D003202B55
S31500041F572068486A9003200AFEA94C8D0E9AA95355
S31500041F678D0F9AA92D8D139A20AB20A209A000B133
S31500041F774048290F20B91F684A4A4A4A20B91FCA46
S31500041F87E001D0EB98AA6848206F20AD109AC9469D
S31500041F97F00AA9209D149AA21120B6202092208621
S31500041FA747688F640C6A9009A92838E547A8201B57
S31500041FB72160C90FF00718693099149AC860204E32
S31500041FC74F2E202050484F4E45202020202D2020DC
S31500041FD7202020202044454C41592054494D450092
S31500041FE7204E4F2E202050484F4E4520202020209B
S31500041FF720202020202020202020202020202020D0
S3150004200720002D2D2D2D2D202D2D2D2D2D2D2D2D36
S315000420172D2D2D2D2D2D2D2D2D2D2D2D2D2D2D2DDF
S315000420272D2D2D008F6435A5408542A54185432076
S315000420370AFEB2E740B21F41AD109AC946F006B28E
S31500042047C540B21F41206420200AFEB20940B220CF
S3150004205741206420A5428540A543854160207A1A1C
S31500042067A007201B214C7A1A8541A9009D149AB210
S315000420773043B20A4020C321D005CFA102A9208D3F
S31500042087119AA5411869308D129A60CFA10BA92020
S315000420978D0E9A8D0F9A8D109AB20E40B29A41A25E
S315000420A7004C7A1AA21AA9209D149ACAD0FA60ADCE
S315000420B75B048542AD5C048543B21044B20E4520E9
S315000420C7E320B23C44B2004520E320A5428540A55F
S315000420D743854120F620A9009D149A60A5428540B0
S315000420E7A5438541A90085428543DA201D22FAB214
S315000420F7304138A540E90A9004E641D0F818690A40
S3150004210718693048A54120162168201621A93AE8FE
S315000421179D149A60A9202042FA88D0F860B2304705
S31500042127B20042B20043B21044B22745201D22A58D
S31500042137408930C547F0062042FAB20047A54285D2
S3150004214740A5438541B20042B20043B2E844B20314
S3150004215745201D22A5408930C547F0062042FAB21C
S315000421670047A5428540A5438541B20042B20043D4
S31500042177B26444B20045201D22A5408930C547F004
S31500042187062042FAB20047A5478543A5428541A5DD
S3150004219746C92ED0142042FAA9008546800BB2649C
S315000421A74020C321F0032042FAB20A4020C321F09B
S315000421B7032042FAA5411869304C42FAB230423834
S315000421C7A541E5409004E642D0F81865408541A547
S315000421D742C930F00548B2004368C54360484A4AD5
S315000421E74A4A20F22168290F4CF2212003224C4245
S315000421F7FAC9619006C97BB00229DF60C90A900251
S315000422076906693060C9619004E9288006C9419066
S3150004221702E908E92F60A01118901018A542E544B1
S315000422278542A543E545854338B01038A542E544BC
S31500042237AAA543E5459004864285432640264126BA
S3150004224742264388D0D366436642600F08034CB4DC
S31500042257FB48AD740585402903C903F01C3F401BA1
S31500042267A9014F4002A900854068A0076A9002E6C3
S315000422774088D0F86A66406A60686068098060AD1D
S315000422874323F00C200AFEB24340B223414CED220D
S31500042297200AFEB2F340B22241207A1AA93020421C
S315000422A7FA0F0804A9388002A9342042FAB2F84082
S315000422B7B2224120ED22200AFEB20340B223412076
S315000422C7ED22200AFEB20E40B22341207A1A0F08E5
S315000422D704A9348002A9302042FA200AFE200AFE05
S315000422E7B21F40B22341207A1A4C0AFE61303037B6
S315000422F700303238344336303032460062433630A3
S3150004230730303030303000723130303531313131A0
S31500042317353130313230300072333030303131318B
S31500042327313730303030303030007233303030317E
S315000423373131303130303030303030000000000079
S31500042347000000000000000000000000000000007C
S31500042357000000000000000000000000000000006C
S31500042367000000000000000000000000000000005C
S31500042377000000000000000000000000000000004C
S3150004238700000000000000000000000028312C3681
S31500042397292C28312C35292C28302C32312C433141
S315000423A7292C28302C31292C2830292C283029008F
S315000423B728302C33292C2830292C28323034382934
S315000423C72C28333229002830292C2830292C283068
S315000423D7290028302D342C362C37292C28302D3437
S315000423E7292C28302D362C382C39290028302D3223
S315000423F73535292C28302C31290028302C312C321C
S315000424072C342C382C31302C31382900332C3234E7
S315000424172C34382C37322C37332C37342C39362C8A
S3150004242739372C39382C3132312C3132322C31347C
S31500042437352C313436002B46434C4153532C2B4D04
S31500042447532C2B45532C2B44530028302D33292C3E
S3150004245728302D32290028423130332C423231328A
S315000424672C5632312C5632322C563232422C5632B4
S3150004247733432C5633322C563332422C5633342CB0
S315000424875639302C563932292C28302C31292C2808
S315000424973330302D3333363030292C283330302D32
S315000424A73438303030292C283330302D3536303017
S315000424B730292C283330302D353630303029002852
S315000424C7423130332C423231322C5632312C563289
S315000424D7322C563232422C563233432C5633322C54
S315000424E7563332422C563334292C28302C31292C96
S315000424F7283330302D3333363030292C28333030D7
S315000425072D3333363030292C283330302D333336B8
S315000425173030292C283330302D33333630302900E8
S3150004252728423130332C423231322C5632312C5632
S3150004253732322C563232422C563233432C563332ED
S315000425472C56333242292C28302C31292C28333067
S31500042557302D3134343030292C283330302D313472
S31500042567343030292C283330302D31343430302967
S315000425772C283330302D3134343030290028423179
S3150004258730332C423231322C5632312C5632322CDD
S31500042597563232422C563233432C5633322C563368
S315000425A732422C5633342C563930292C28302C31C8
S315000425B7292C283330302D3333363030292C283321
S315000425C730302D3333363030292C283330302D35FF
S315000425D736303030292C283330302D3536303030EC
S315000425E7290028302C33292C2830292C2830292C4B
S315000425F7283235362D32303438292C283235362DC3
S3150004260732303438292C2833322D323535292C28C3
S3150004261733322D323535292C283531322D3430399C
S3150004262736292C283531322D3430393629002830CD
S31500042637290028302C31290028302D32290028304A
S315000426472D33290028312D35290028302D37290027
S3150004265728302D3133290028302D46292C28302DB2
S3150004266746292C28302D46292C28302D4629002882
S31500042677302D323535290031363338342C31333160
S3150004268730372C333237362C30002832302928336A
S31500042697322C33332C33352D39362C3132332D3115
S315000426A73236290028302C31292C28302D35292C6F
S315000426B728302D32292C28302D32292C302C302C39
S315000426C7302C28302D3729002830292C2830292C5E
S315000426D728302D31292C2C28302D31292C28302926
S315000426E72C28323535292C0028302D323535292C1E
S315000426F728302D323535292C300028302D32292C17
S3150004270728302D31292C28302D31292C302C302CEA
S31500042717302C302C28302D31292C302C302C302CD1
S31500042727302C30008000434F4E4558414E542041CB
S31500042737434600526F636B77656C6C2000563930DD
S315000427472020202020202020202020202020202078
S315000427572000414346335F56312E3730324D2D170D
S3150004276718035F5032315F465348000000000000EB
S315000427770000000000000000000000000000000048
S31500042787000056333420202020202020202020201B
S3150004279720202020202000563332422020202020CB
S315000427A72020202020202020202020002B464443C0
S315000427B7533A002B464449533A002B464454433A6A
S315000427C7002B46504F4C4C002B46434652002B4693
S315000427D75453493A22002B464353493A22002B467F
S315000427E74349473A22002B464E53463A002B464E58
S315000427F753533A002B464E53433A002B4648543A12
S31500042807002B4648523A002B46434F4E002B46456B
S31500042817543A002B465054533A002B46484E473AEF
S31500042827002B46564F494345002D4138433D002B5F
S315000428374138493A0042434F4E00302C312C312E51
S31500042847302C322C382C313000302C3800302C31D7
S315000428572C322C342C382C31362C33322C36342C5F
S315000428673132380028302C312C322C3329002B46B0
S3150004287752483A33002D4138433D0028302C333033
S31500042887302C313230302C323430302C343830302E
S315000428972C373230302C393630302C31393230300F
S315000428A72C33383430302C35373630302C313135FB
S315000428B73230302C3233303430302900302C312C3E
S315000428C7322C332C342C382C31362C32342C3438E5
S315000428D72C393600312C22554E5349474E45442050
S315000428E750434D222C382C302C383030302C302C99
S315000428F7300D0A003132392C22494D4120414450CA
S31500042907434D222C342C302C383030302C302C309C
S315000429170D0A003133302C22554E5349474E454450
S315000429272050434D222C382C302C383030302C3064
S315000429372C300D0A3134302C22322042697420415E
S315000429474450434D222C322C302C383030302C3026
S315000429572C300D0A3134312C22342042697420413B
S315000429674450434D222C342C302C383030302C3004
S315000429772C300028302C3132372D313239292C2886
S31500042987302D3235352900283230302D333030306A
S31500042997292C283230302D33303030292C28302D4D
S315000429A7323535290028302D31292C28302D362962
S315000429B7002830292C28302900310010585A424261
S315000429C7433D00302D323500200AFEB2DB40B228E3
S315000429D741207A1A0F7509B2FB40B22841207A1AA8
S315000429E7B21A40B22941207A1A4C0AFEAAB21E40EC
S315000429F7B22A4120032A20032A4C032AA92C20425F
S31500042A07FA20142A20142A20142A4C142ADAFAB192
S31500042A17404868E84CE421B0804100B0804100B0EA
S31500042A278041000B8433C10FE431C10B8431C108E3
S31500042A378003000CE00100088001000B8433C10FFA
S31500042A47E431C10B8431C10080030004E001002096
S31500042A578001000B8433C10FE431C10B8431C100FB
S31500042A6780030004E00100208001000B8433C10FBA
S31500042A77E431C10B8431C10080030004E001002066
S31500042A878001000B8433C10FE431C10B8431C10BC0
S31500042A978433C10FE431C10B8431C10080030004C0
S31500042AA7E001002080010000000000000000000093
S31500042AB70000000084030004E40100008401000010
S31500042AC780030004E0010020800100008403000461
S31500042AD7E401000084010000800300B4E001002043
S31500042AE780010000800300B4E0010020800100009B
S31500042AF7000000000000000000000000800300043E
S31500042B07E00100208001004C71E34C85E44CD9E4D4
S31500042B1744415445203D200054494D45203D20005D
S31500042B274E4D4252203D200044444E5F4E4D425284
S31500042B373D20004D53475F57414954494E47203D71
S31500042B47002059455300204E4F004E414D45203D28
S31500042B5720004D455347203D2000554E4D425220F7
S31500042B673D2000464E4D4252203D200043444E4DE3
S31500042B774252203D200050524956415445004F5574
S31500042B8754204F46204152454100544543484E4937
S31500042B9743414C20524541534F4E0043414C5F45F8
S31500042BA758544E203D2000414E535F4E4D4252200D
S31500042BB73D2000414E535F4558544E203D20004664
S31500042BC757445F4E4D4252203D20004657445F45C9
S31500042BD758544E203D20005042585F494E464F20D8
S31500042BE73D20004554435F4D455347203D2000B2E1
S31500042BF7304320A5214C0AFEB230434CA52185411A
S31500042C07B2F646B22B474CB31B8541B2FF46B22BED
S31500042C17474CB31BAD2D998540AD2E99854120248C
S31500042C2721202E1AAD2F998540AD30998541202450
S31500042C3721202E1AA9304C42FA3134343030004D53
S31500042C47543536303042412D563932003333363017
S30700042C57300041
S31500042C5922ADD9008DD700ADDA008DD8008ED90002
S31500042C698CDA00326022ADD7008DD900ADD8008D3B
S31500042C79DA0032603F6B034CD6E4ADDF00C948F095
S31500042C890CC94BD002A764ADDF006CD900ADDE00D8
S31500042C99C932D0034CEB37208A311793079327930C
S31500042CA92764A9D08DD900A92C8DDA00075920E407
S31500042CB940270AA91120BAE2ADDE0020052CB2008C
S31500042CC9BAB248BDB75960B7636792678DA9008DD3
S31500042CD9DE008DCB97A93F8DD900A92D8DDA00A9E0
S31500042CE900FF4C0CA9428DD900A92E8DDA00A90141
S31500042CF98DD79848A9F0258C858C68058C858C78A0
S31500042D09207AE3207DE3375BA9588DFC02A9E48D7B
S31500042D19FD02B75B475BA9558DFF02A9E48D000344
S31500042D29C75B575BA9528D0203A9E48D0303D75BDD
S31500042D395759A70A5860A95E8DA302A9018DA40251
S31500042D492760A94B8DD900A92D8DDA0020E44020EE
S31500042D593031AECE988EC997A9008DCB9820B94348
S31500042D69D018A90BAED098F002A9338DDE002F64D2
S31500042D79034C49432F60E64CDB2DA9088D9102A922
S31500042D89008D9202175F20B943F0D21F5FF820FF26
S31500042D990F8D56049F9209A90E20BDE29763979257
S31500042DA920E94320EF0BA91E8DA502A9008DA602D1
S31500042DB93760AECA97BDCB97D067A917AED098F03E
S31500042DC902A9328DDE002F64034C49433F60E32F89
S31500042DD960E07F9014CECF98F012ADB49729FEC95E
S31500042DE982F02C2048304C03394CA02CA234ADB4C3
S31500042DF99729FEC94EF012A236C92EF00CA219C99A
S31500042E0982F006A238C98ED0038EDE004CEB37A9B0
S31500042E19008DD698AD3B03C959D0034C06344C648E
S31500042E293320AD2F22A236A02E20592C323F63051A
S31500042E39206E2C8001606CD298204F2FA9238DBD5A
S31500042E4902A9008DBE027761A91A8DA302A9008D74
S31500042E59A4022760802B7F6108A9018DDE004CEB53
S31500042E6937204F2FFF900EA91A8DA302A9008DA40E
S31500042E79022760800CA93C8DA302A9008DA4022710
S31500042E8960A98A8DD900A92E8DDA0020E440203064
S31500042E9931AECE988EC997A9008DCB9820B943D067
S31500042EA936A947AED198F002A9658DDE00ADB4976F
S31500042EB929FEC94CF007C9CCF0037F90062F60DCC4
S31500042EC94CA02CAF640E2F60D3A95F8DD900A92E0F
S31500042ED98DDA00604C4943A95A8DA302A9008DA431
S31500042EE9022760A9088D9102A9008D9202175F2015
S31500042EF9B943F0A81F5FF820FF0F8D56049F920966
S31500042F09A90E20BDE29763979220E94320EF0BAE01
S31500042F19CA97BDCB97D02C7F90122F60F2A948AEE1
S31500042F29D198F002A9668DDE004CA02CAF64112F4E
S31500042F3960DD20E440A95F8DD900A92E8DDA0060F1
S31500042F494C49434C2A2EB20340B29941AF930837F0
S31500042F5993B2EE40B29841205143900CA2402F936C
S31500042F6902A241A91720694320802FA2802F930228
S31500042F79A281A9074C2A30A9008DB5978DB897ADBA
S31500042F89E29829FC2F900209021F930209018DB6C2
S31500042F99972934F008ADB697090C8DB697ADE39821
S31500042FA98DB79760A8A9009DCB97E888BDCB97C92B
S31500042FB9FFF00BE8E88888A9008DCC98801CE8887E
S31500042FC9BDCB9729EFC903F009E888A9008DCC98E8
S31500042FD98008E888BDCB978DCC988CCD98E88ECAA5
S31500042FE997ADD798C901F01DAECC98BD3F3E0A0AE4
S31500042FF9186DD0980AAABD3F3F8DD298E8BD3F3FC8
S315000430098DD398801BAECC98BD3F3E0A0A186DD164
S31500043019980AAABDF73F8DD298E8BDF73F8DD39894
S31500043029608DB197A9FF8DB297ADDD988DB3978E53
S31500043039B497A59329084A4A4A0DB4978DB497AD0E
S31500043049B1978DB097A9008DAF9720BE30AF91285F
S31500043059E78D20E44020303120000E20100C1F5F3C
S31500043069FDE20F0620FB200E0EA9648D9102A9002C
S315000430798D9202175F1F5FFD279120F90BADB0975B
S31500043089D0FBE20A0602FB800FA9088D9102A9006A
S315000430998D9202175F1F5FFDADDD98C903F015A96F
S315000430A9038D9102A9008D9202175F1F5FFD20000F
S315000430B90E20150C60A9648D9102A9008D92021740
S315000430C95F9F5F12201A0EF00D20FF0F38ED56048C
S315000430D9B0EFC9E8B0EBA9078D9102A9008D920258
S315000430E9175F6020BE302003311F5FFD200E0E20BE
S315000430F9100CE20F0620FB878D60078D20790BA93A
S31500043109B120880DADD49889268D7804200A0D201E
S31500043119960BD20409064C9F0BADD498C9059006A3
S315000431291F9003EED4986020790B6F8D10A9048D36
S315000431399102A9008D9202175F678D800CA9078DEC
S315000431499102A9008D9202175FA926200A0DD24081
S315000431590806777020960BA00320C00BD204090633
S31500043169D201090660A9D08DD900A92C8DDA00A946
S31500043179FF8DEE988D0399A9208DE098A9F88DE124
S3150004318998A9008DEC98858D859217908DD5988D83
S31500043199D0988DD1988DD6988DC9978DCA978DCE8D
S315000431A9988DCB988DCD988DDF008DD4982793175C
S315000431B9930793AECA979DCB97E8E064D0F8A9F034
S315000431C98DED98ADE0988DE298ADE1988DE398A9D7
S315000431D91E858F7790A9408591A9138DDD98CF63B4
S315000431E9034CD3404CD0408F9119ADB097D00420ED
S315000431F9090C60EEAF97AEAF97BDB19720A70ECE77
S31500043209B09760A9004CA70E8F912CAD0A0685408C
S31500043219AC0006AEC997E8A5402939F0094A9003D6
S315000432294C52E4F77060ECCA97D001608EC997EEE8
S31500043239CB98989DCB9760201A0EF00720E943F0A6
S3150004324908979120F40B079160179160ADCB98F01C
S3150004325933FF7028A5402938D022AECE98ADCB9835
S31500043269301AC90390169DCB97EEC997AEC9978EA6
S31500043279CE98A9009DCB978DCB9880087770AECE52
S31500043289988EC997A9008DCB9860ADDF00B793F7DF
S315000432999020E440AECA97A000BDCB9799E498E87C
S315000432A9C8CCCD98D0F38ECA97A9038DCF98A90017
S315000432B98DD698ADE59885400F93070F4004A793DB
S315000432C9800B9F4008A9158DDE004CEB37ADE698B7
S315000432D98541A902BF9302A9034820BAE268854732
S315000432E920C0E2ADD598C902F0712F9305A904202F
S315000432F9BDE2A9148DDE0020B540A93C8DA302A91F
S31500043309008DA4022760ADDF0022A21BA033205939
S315000433192C322F6406206E2C4C49432F60034CEB48
S3150004332937ADDF00C944D006206E2C4C6433ADDFBB
S3150004333900C941D005206E2C800160AF93034C4926
S315000433494320AF407790A9008DD198A9018DD798CC
S31500043359A9428DD900A92E8DDA006020AF402F64C9
S31500043369034C4943209B41D008ADCF98D0084CEB78
S3150004337937A9038DCF98B2EE40B2984120514390B4
S3150004338907A242A91720694320EF40A282A9072070
S315000433992A30D2045F0220EC30879120F90BA996D2
S315000433A98D9102A9008D9202175F1F5FFD0791A9EE
S315000433B9018DD09820090C20150CF20F0620FB204C
S315000433C9000E4C0339CECF98A9008DD69820E44037
S315000433D9AECA97A000BDCB9799E498E8C8CCCD9816
S315000433E9D0F38ECA97ADE59885409F4008A9158DF7
S315000433F9DE004CEB37ADE69885414C643320D0406A
S31500043409ADD498C901D020AD3B03C959D005A9014A
S315000434198DCF98CECF98F00CADD698C903900DA947
S315000434291B8DDE004CEB37A9038DCF98A9008DD0EF
S3150004343998EED6984C6433A9008DD598202231A9E3
S315000434491E8D9102A9008D9202175F1F5FFD20D080
S3150004345940A79220EC30ADD89889028DD998A90055
S315000434698DD686478DA9878DF602A9088DF7020F91
S315000434790804975B775BADD598C901F016A901488D
S3150004348920BAE2688547ADEC988540ADED9885414B
S3150004349920C0E220F034A9148D9102A9008D92026C
S315000434A9175FA9FF20A70E0F08061F5B0320F50265
S315000434B91F5FEF078EA9028DD79822A2CCA03420CC
S315000434C9592C322F6406206E2C4C4943CF8D028029
S315000434D90A4F8D06206E2C4C1D3560ADD686C9085B
S315000434E9B042A9FF4CA70EA90020BDE20F08138F0D
S315000434F925109F300D2058FCA030A50F7F0CFD88A0
S31500043509D0F8AD74044C42FA8F0808783F66032054
S3150004351911FA586020C00890034CE435203535204B
S31500043529113580F020C00890034CA02C48ACDB98D8
S31500043539D015208C4720113568900AACDB98F01E0B
S315000435498DDD00A900806F208C4720113568ACDB1E
S3150004355998D0ED48ADDD00206735684CA70E480FB5
S31500043569080C1F5B0320F5023F660320F202CF8D88
S3150004357925A4C3D021A4C2C0E0B01B8F8E0EA932E4
S315000435898DA502A9008DA6023760878EBF6043A95F
S315000435990020A70E80C968ACD998F00C48A9002068
S315000435A9A70E68CED998D0B648ADD89889028DD9D0
S315000435B998078E688008ACD998F003CED9980F0875
S315000435C90E481F5B0320F5023F660320F202684C8E
S315000435D9A70E68A92B8DDE004CA02C879120F90B28
S315000435E9201135A9008DD79820B540A58F8DA30242
S315000435F9A9008DA402276022A209A03620592C32DB
S31500043609AF600280072F60034C5A36602F6408079F
S315000436199120090C4C4943ADDF00C945F04BC94417
S31500043629D02E079120090C20AF40ADD89889028D78
S31500043639D998A9008DD686478DA9878DF602A9083A
S315000436498DF7020F0804975B775B20F0344CBC3482
S3150004365960A9020A0A0A0A0A48A91F2591859168D6
S315000436690591859120F1F3B763079120090C20AFE1
S3150004367940A200BD1137E2EC988003BD1B37C9FF90
S31500043689F00620A70EE880EB20A70EA9058D910266
S31500043699A9008D9202175F1F5FFD20150CF20F0614
S315000436A920FB20000E0747A59129E04A4A4A4A4ABF
S315000436B9F014C906F018C905F01FC904F026C90192
S315000436C9F008A22E800CA24E801EA28E800F874778
S315000436D9A23EA9008DD59880148747A29EA9028D7A
S315000436E9D59880098747A25EA9018DD5980F470207
S315000436F98792A9038DCF988DD098A903202A304C97
S3150004370903392048304C0339000880000880000832
S3150004371980FF0018000360000C8001F0FFA9024C29
S315000437293237A9034C3237A9014820D040A91020C1
S31500043739BAE2684820052C68C901F004C903D00512
S31500043749ADD598F03CA9328DDE0020B540A9288D67
S31500043759A302A9008DA402276022A26BA0372059CF
S315000437692C322F60034CEB37ADDF00C944D005205A
S315000437796E2C800DADDF00C941D005206E2C800169
S315000437896020AF40ADD598D010ADCC9829FEC98C30
S31500043799F004C9CCD0104CE637C902F02EADCC984A
S315000437A929FEC98CF01DA9008DD098A9038DCF983F
S315000437B9ADCC9829FEC9CCD0034C6433200634CE4B
S315000437C9D69860A9018DD0984C4834AF930C1793B9
S315000437D9A9008DD09877904C3F2D4C4A33A9008D7A
S315000437E9DE00A903A2FA202A30A9148D9102A900A0
S315000437F98D9202175F20F1F31F5FFD4CA02C20D098
S3150004380940A91020BAE2A204ADCC9829FEC92CD04D
S31500043819028002A2058A20052C8F927BA9328DDEAD
S315000438290020B540A9328DA302A9008DA402276000
S3150004383922A242A03820592C322F6006206E2C4C25
S31500043849AF38ADDF00C945D005206E2C800EADDF3B
S3150004385900C944D006206E2C4CAF386020AF40A571
S315000438699129E04A4A4A4A4AC906F00BC905F00BA6
S31500043879C904F00B4CEB37A23E8008A29E8004A231
S315000438895E8000A903202A30A9648D9102A9008DBE
S315000438999202175F1F5FFD0792A91220BDE2A93A9A
S315000438A98DDE004CA02C2F64034C4943ADDF00C9BF
S315000438B944D00DA59129E04A4A4A4A4AC902D00385
S315000438C94CEB37A9008DD098A9038DCF98ADCC9828
S315000438D929FEC9ACD0034C6433200634CED698608D
S315000438E9A907207B4320D340FF900FA91E8DA5026B
S315000438F9A9008DA60237604CBB2DA91A8DA302A96E
S31500043909008DA40227604C4B2D20D340A91E8DA3FC
S3150004391902A9008DA4022760A91E8DA502A9008DFE
S31500043929A60237604CBB2D20D340A9018DA302A959
S31500043939008DA40227604C4B2D20D040E8BDCB97BF
S315000439498DE5988DEC988540E8BDCB978DE69885ED
S31500043959418DED98290B0AAABD2D3D8D3699BD2EAB
S315000439693D8D37992014422003319791AF9354FF23
S315000439799051F790FF924CA9014820BAE26885470D
S31500043989ADEC988540ADED98854120C0E2A9468DF8
S31500043999DE0020B540A93C8DA302A9008DA4022707
S315000439A96022A2B3A03920592C322F60034CEB377D
S315000439B9ADDF00C941D005206E2C80072F64034C66
S315000439C9494360779220AF40D2045F02A9148DA5BA
S315000439D902A9008DA6023760BF6047E20A0680F88D
S315000439E9201A0EF0F3A9968D9102A9008D92021759
S315000439F95FA2009F5F25E21E0601F8AD0006D0F11D
S31500043A09E8E005D0EEA93C8D9102A9008D92021732
S31500043A195F879120EF0B201A0ED004979180031F1C
S31500043A295FF420F40B0791A94B8D9102A9008D929D
S31500043A3902175F9F5F05201A0ED0F81F910AA90382
S31500043A49A244202A304C7E2EAF920DA90520BDE250
S31500043A59A7922F9303209F43ADD498C905900FA924
S31500043A69148D9102A9008D9202175F1F5FFDA903A8
S31500043A79A284202A30202231A9018DD198ADD49867
S31500043A89C905900FA9068D9102A9008D9202175FA7
S31500043A991F5FFD200331AD0006A93C8DA502A900CF
S31500043AA98DA6023760BF6041F20A068007F20A064C
S31500043AB9403F80F1201A0EF0ECADD498C901D00329
S31500043AC920B2E1ADCC9829FEC94EF016A9014820C9
S31500043AD9BAE2688547ADEC988540ADED98854120F5
S31500043AE9C0E2A90020BDE28024A9498DDE004CA0CC
S31500043AF92CA9028DA302A9008DA4022760F20A0645
S31500043B0980A3E20A06409E2F60F34C7E2EA9038DFC
S31500043B19D798A9008DDA988DDB988DDE988DDF9874
S31500043B293791076520AC452019FAC778A94E8DF354
S31500043B3902A9088DF402A9878DF602A9088DF70250
S31500043B490F0804975B775BA9648DFF02A90A8D00A8
S31500043B590320EF0B22A266A03B20592C323F910683
S31500043B69206E2C4C983BBF9102800160AF642020E3
S31500043B791A0EF0069F5F030765608F650F8765A9AF
S31500043B89028D9902A9008D9A02575F605F5FFC2036
S31500043B99F40B20E9430878A9102080E3A9032080BF
S31500043BA9E328B7662011FAA9558DFF02A9E48D0009
S31500043BB9030F08063F660320F202A5C305C2D0F126
S31500043BC9ADDE00C95BF0082F6408A9028DDE004C3E
S31500043BD9A02C208645A901EF9202A9020A0A0A48DD
S31500043BE9A9C7259085906805908590A91020BAE201
S31500043BF9A59029384A4A4A20102C20253C201B2CFA
S31500043C09200AFEA9018DD798A9028DD198A9788D84
S31500043C19A302A9008DA40227604C8A2EA92C4C4222
S31500043C29FAA9004C3C3C20D0404C823CA9014C3CAE
S31500043C393CA9024820D040A90F20BAE26820052CE5
S31500043C49A9648DDE0020B540A93C8DA302A9008D87
S31500043C59A402276022A266A03C20592C322F6406AE
S31500043C69206E2C4C49432F60034CEB37ADDF00C95A
S31500043C7941D005206E2C80016020AF40A5902938DB
S31500043C894A4A4AC904B072C903F053C902F046A99B
S31500043C9903A28C202A30ADCC9829EEC94EF033C93B
S31500043CA98ED027A9008DD1987F90047790F792A991
S31500043CB92B8DBD02A9008DBE027761A93C8DA30295
S31500043CC9A9008DA40227604C8A2EA9038DD1984C8C
S31500043CD97E2E4C813AA24CA903202A308007A903D7
S31500043CE9A2CC202A30A9008DD198A9238DBD02A979
S31500043CF9008DBE0277614C7E2E8792A2ACC905F06F
S31500043D0902A22CA903202A30A9038DD198A91E8DB4
S31500043D19A302A9008DA4022760A98A8DD900A92E18
S31500043D298DDA0060C0060008800920D040A90F205A
S31500043D39BAE2A204ADCC9829FEC95EF008A205C967
S31500043D499EF002A2068A20052C8F9273A9648DDE41
S31500043D590020B540A9648DA302A9008DA402276099
S31500043D6922A272A03D20592C322F60034CEB37ADA9
S31500043D79DF00C941D005206E2C80016020D0402087
S31500043D89AF40A59029384A4A4A48A9010A0A0A4865
S31500043D99A9C725908590680590859068C904B003DC
S31500043DA94C823CA2ACC905F002A22CA903202A30F4
S31500043DB9A9648D9102A9008D9202175F1F5FFD0701
S31500043DC992A91220BDE2A9678DDE004CA02CA90098
S31500043DD98DDE004CA02CA908207B438017A014AEC5
S31500043DE9CA97BDCB97991899E888D0F6AF9305A9D0
S31500043DF906207B4320D340A9008DD198A91E8DA303
S31500043E0902A9008DA40227604C182F9F93034CEB3B
S31500043E1937A9008DD798A9008DD0984C9A3220D30A
S31500043E29407F90034C7E2EA91E8DA302A9008DA462
S31500043E390227604C182F1616161616161616161677
S31500043E4916161616161616161616161616161616FF
S31500043E5912121616161613131616161616161616FD
S31500043E69161609090505161616161616161616161B
S31500043E79161616160C0C1116101006061616161614
S31500043E8916160E0E080816161616161616161616EB
S31500043E99161616160D0D16161616161616161616C1
S31500043EA9161616161616161616161616161616169F
S31500043EB916161616161603140202000016161616F8
S31500043EC916160707040416161616161616161616C1
S31500043ED9161616160B0B1616161616161616161685
S31500043EE916160A0A16161616161616161616161677
S31500043EF9161616161616161616161616161616164F
S31500043F0916160F0F1616161616161616161616164C
S31500043F19161616161616161616161616161616162E
S31500043F29161616161616161616161616161616161E
S31500043F39010116161616EE384034EE38EE38D73D1A
S31500043F49D73DD73DD73DEE38EE38EE38EE389332C5
S31500043F59CE33EE38EE38EE38EB37EE38EE38EE3847
S31500043F69EB37EE38EE38EE380634EE38EE38EE38FE
S31500043F79EB37EE383037EE38EB37EE38EE38EE38C5
S31500043F89EE38EE380738EE38EE38EE380738EE38BC
S31500043F99EB37EE38EE38EE38EB37EE38EE38EE38E6
S31500043FA9EB37EE38EE38EE38EE38EE382637EE389B
S31500043FB9EE38EE382B37EE38EE38EE38EE38E93887
S31500043FC91239EE38EE38EE383039EE383039EE3803
S31500043FD91239EE38EE38EE38EE38EE38EE38EE3879
S31500043FE9EE38EE38EE38EE38EE38EE38EE38273E4F
S31500043FF9273E273E273ED73DD73DD73DD73D4239B4
S315000440094239273E273E273EEB37273E273E2F3C9C
S31500044019273E353C2F3C2F3C273E3A3C2F3C273E36
S31500044029273E273E273E273EEB37273E273E2F3C92
S315000440392F3C2A3C2A3C273E273E273E273E273E3D
S31500044049273E273E273E853D273E333D853D853D13
S31500044059273E333D853D853D853D333D333D273EED
S31500044069273E273E273E273E273E273E273EE63D57
S31500044079FD3D273E273E273E273E273E273E273E30
S31500044089273E273E273E273E273E273E273E143E08
S31500044099273E143E273EDF3DFD3D273E273E273E6C
S315000440A9273E273E273EA9008DDF006020BCE30793
S315000440B967A90A8D9102A9008D9202175F1F5FFDF8
S315000440C9A90085BA4C7D1B20E440ADCA97AA186D90
S315000440D9CD988DCA97A9008DCD9860C2101F062068
S315000440E9090C20F40B60A200A9008DB5978DB89729
S315000440F9E8BDE4984820B141201442A540293F8DE2
S31500044109EC986829C02DE2980DEC988DEC988540B9
S315000441198DE2988DB697A202BDE49829038543AD2D
S31500044129E3982903C543B0028543BDE49829FC05F0
S31500044139438541290C8543ADE398290CC543B0024F
S315000441498543A54129F305438541A54129704A4A71
S315000441594A4A6F4016C906D004A901800EC903D07C
S3150004416904A9028006C905D002A900A8B9084248CB
S31500044179200543680A0A0A0A48A98F254185416820
S3150004418905418541A54109808DE3988DED988DB743
S315000441999760A201BDE49820B141A540293C4A4A49
S315000441A9A8B9F841CDD498608540ADE2988DEC98CC
S315000441B9DF40374A4A2903A8CF400AAF4013BF4014
S315000441C91BA9028025ADEC982920F01BB910428061
S315000441D919ADEC982930F00FA906800EADEC982993
S315000441E934F004A90A8003ADEC98090285406001FC
S315000441F90402030B0109010B070905010101010069
S3150004420901020004040207121A060EA540293C4AB3
S315000442194AD019A9008542A9000A0A48A9C3254012
S3150004422985406805408540A9014CFC42C902D01E57
S31500044239ADD698D0DEA9018542A9020A0A48A9C3BE
S31500044249254085406805408540A9024CFC42C90BB6
S31500044259F004C903D026ADD698D0DAA9028542A9B5
S315000442690BA205DF4004A903A2030A0A48A9C32528
S3150004427940854068054085408A4CFC42C909F004DA
S31500044289C901D025ADD698D0D2A9038542A909A2D8
S3150004429907DF4004A901A2040A0A48A9C3254085DF
S315000442A94068054085408A804AC90AF004C906D08F
S315000442B922ADD698D0D3A9048542A90ADF4002A91A
S315000442C9060A0A48A9C3254085406805408540A9C8
S315000442D9098020ADD698D0DEA9058542A9045F4098
S315000442E902A9080A0A48A9C32540854068054085E4
S315000442F940A90B8DD4985F4002979060A200C90724
S31500044309F022C904D00338E901A8A900C000F00EB7
S31500044319C001F008C002F0028906890689066442CA
S31500044329A8BE31438ED89860060C12181E240203BF
S315000443390506080A0306090C0F120C1824303C4812
S31500044349A9028DDE004CEB37A140C9FFF010A2008B
S31500044359A017B14099B19788E8E01490F560186000
S3150004436948A9038DDD9868202A30A9138DDD98A7FD
S31500044379916020BAE2ADCD9838E9038547A8ADCA5C
S31500044389976447AABDCB972042FACA8810F6A92290
S315000443992042FA4C0AFEA90620BAE2A201BD1899DE
S315000443A92042FAE8E01590F5A9222042FA4C0AFEC1
S315000443B9E20F068015AD0006E20B06200DE20A0699
S315000443C90108201D109003A90160A90060AD00062B
S315000443D9E20B062008E20A060103A90160A90060A6
S315000443E9AD000660E21E0608FBA2042082F8F21557
S315000443F90680FBF21F0601FBF21A0680FBA21B20AC
S315000444097DF860A9008D3202A9008D3302AD10062C
S3150004441920F2E3D2801A06D2011F0620ED43209525
S315000444294448D2203102688F750BE231020106B283
S31500044439553320464460A90385474CDFE1A5336A11
S315000444496A6A6A482903C901F00427AD8002A7AD3F
S3150004445968A61FE0B7F0026A6AAE86F72903F02058
S31500044469AADABD8D448544A90085418542854385DB
S3150004447945AD86F78540201D22FABD91446440AABC
S315000444898E969A600102030400060908A99F8D1CE9
S3120004449906A9807BAD18068D3102606060B7
S315000444A6488D3599A9088D3499CE3499306C6E3574
S315000444B6999006E6CAD002E6CBA1CA300A64CA8532
S315000444C6CA9002E6CB80E2C9FFD0058D3399800AED
S315000444D6C9FED00B8D3399203745206E4580CA29EF
S315000444E67FB20041C940901338E93F8540A20606CB
S315000444F6402641CAD0F9DF9207800A8540DF920535
S315000445062025458003202E45AD319964408D319989
S31500044516AD329965418D3299808F68208C4760D774
S3150004452692B2DCCAB245CB605792B2B4CAB246CB93
S3150004453660ADDB98D0311F5F07A95B8DDE00B791AE
S31500044546AD3199CD3699D008AD3299CD3799F00F5C
S31500044556DFAC04D7AC8010EE2F99D003EE3099EE7B
S315000445662D99D003EE2E9960A9F48D9102A9018D99
S315000445769202175F202545A9008D31998D329960DF
S31500044586E792A203AD2D998540AD2E99854118660D
S31500044596416640CAD0F838A540ED2F99AD2E99E567
S315000445A641B002679260A9008D2D998D2E998D2FA3
S315000445B6998D30998D31998D32998D3399A9F48DCA
S315000445C69102A9018D9202175FD79257ACB2DACA45
S315000445D6B245CB6004FF02030405060708090A0B65
S315000445E60C0D0E0F1A1B1C1D1E1F20828307088422
S315000445F685078687C188890304C090918E8F0E0F1E
S3150004460610111213148A8B131415161718191A8DEA
S315000446161A1B28818C191A1B1C1D221D222324C22F
S31500044626D923242526432696972594252627289A8C
S3150004463628292A959C292A2B2C92932F9B2F982737
S315000446462E992E2F3031323334C33435ADAEAFB056
S31500044656A1A2A3A4A5A6B5B6A7A8A9AAABACBDBE96
S31500044666BF80C4C51E1FB1B29D9E9FA0BBBCB3B47A
S31500044676B7B8B9BAC6C710C9C80F1011121314FFB2
S315000446861415D6D7D8DACACBCCCDCECFD0D1D2D381
S31500044696D4D506FF08090A0B02FF00FEDB07080944
S315000446A6DCDD0809DEDFE0E1E2E3E4E5E6E7020352
S315000446B60405838204058184040586850405068724
S315000446C606070809898808090A0B8A8B0A8C0A0BC5
S315000446D60C0D8D0D0E8E0E0F10FF101112131415E0
S315000446E6161718198F191A1B1CFF1C1D1E1F921F3D
S315000446F62021222324C024252690912526272829ED
S315000447062A2B2C802CFFDB2B2C2DDCDD2C2D2E2F9F
S31500044716303132989931323334359735363738391C
S315000447263A3B3C3D3E963E3F4093943F404195413D
S3150004473600FEDEDFE0E1E2E3E4E5E6E7B43536B7BC
S31500044746B83536BBBC3536C4C5C634B5B6333435CA
S31500044756B2B3ACADAEAFB9BABDC3B0B1BEBF9E9F20
S31500044766A0A1A8A9C1C29A9B9C9DA2A3A4A5A6A7DB
S31500044776AAABC9CACBCCD3D4D5D6D7D8D9DAC7C867
S31500044786CDCECFD0D1D21808ACDC98A2086A902E2A
S31500044796C00BD01928380848AD3399C9FEF0032052
S315000447A63745A9008D339968EEDB98800CACDB9807
S315000447B6C006F005A0008CDB98A0FF8CDC98C00B25
S310000447C6F001C8CAD0C78CDC9828603C
S315000447D120864CA9A020C94B4820B54CD76A186835
S315000447E1F0068F0800576A38DA5AA064A200CAD0C4
S315000447F1FD88D0F87AFA60B20040B2004120AB5489
S31500044801C94CD010B20140B2004120AB54CD345949
S31500044811D002386018602008E3A000206356AD7109
S3150004482105C9FFD0158F0812A90D8D72052091F9BE
S31500044831A9038D7405A9C08D7505DF6A034CA048CB
S3150004484120F84790034C9348B21A42B20043AD3163
S3150004485159209A54B21B42B20043AD3259209A549C
S31500044861B21C42B20043AD3359209A54B2F442B257
S315000448710043AD839A209A548F0803206EE3204F98
S3150004488155B20040B2004120AB54C94CF002576AFC
S31500044891800DAD7105C9FFD00320215520E75020B5
S315000448A19F548D270220B9548D28022038550A0AAF
S315000448B10A0A48A9CF256B856B68056B856B20EBC6
S315000448C154AD7105C9FFD00320B55D8F080AAD74D7
S315000448D105853BAD7505853A2086F9B002A765A520
S315000448E15529078D7604201D4E47A10764077917BC
S315000448F1792091E0B2E140B20641A200202F4B6A31
S315000449019002C7A16A900F87642094E06A90028797
S31500044911796A9002977917694FA10320DF5E203CDB
S315000449216FA90060AD3159B21A40B2004120A854B2
S315000449318548AD3259B21B40B2004120A854854B7B
S3150004494160AD3359B21C40B2004120A85485496078
S31500044951775A20F847A9008D839A4CF14AB009F792
S315000449615A20F847B0238042B2F440B2004120AB4A
S3150004497154C900F00EC901F00AC902F006C903F0D0
S315000449810280278D839A4CF14AB2F440B200412049
S31500044991AB54C904F00EC905F00AC906F006C907E5
S315000449A1F00280068D839A4CF14A775AB2FD42B2DF
S315000449B10043A95A209A54B2FD40B2004120AB5497
S315000449C1C95AF0034C4B4AB2FD42B20743A904202B
S315000449D19A54B2FD42B20343A903209A54B2FD424A
S315000449E1B20143A902209A54B2FD42B20043A9017D
S315000449F1209A54B2FD40B2004120AB54C901F003E0
S31500044A014CEA4AB2FD40B2014120AB54C902F00856
S31500044A11A9008D839A4CF14AB2FD40B2034120AB01
S31500044A2154C903F008A9018D839A4CF14AB2FD4099
S31500044A31B2074120AB54C904F008A9028D839A4CEC
S31500044A41F14AA9038D839A4CF14AF75AB2FD42B24F
S31500044A510F43A95A209A54B2FD40B20F4120AB54D8
S31500044A61C95AF0034CEA4AB2FD42B27F43A908206F
S31500044A719A54B2FD42B23F43A907209A54B2FD4269
S31500044A81B21F43A906209A54B2FD42B20F43A905A7
S31500044A91209A54B2FD40B20F4120AB54C905F0022D
S31500044AA18047B2FD40B21F4120AB54C906F008A9A4
S31500044AB1048D839A4CF14AB2FD40B23F4120AB5476
S31500044AC1C907F008A9058D839A4CF14AB2FD40B293
S31500044AD17F4120AB54C908F008A9068D839A4CF18D
S31500044AE14AA9078D839A4CF14A775AA9FF8D839A6D
S31500044AF1AD839AF026C9FFF02220F847B01DB20013
S31500044B0142B20143A900209A54E642D002E643A5E3
S31500044B1143C901D004A542C918D0E9574B20F84727
S31500044B21900BB21B40B2004120AB54854B605A2016
S31500044B31864C20504C29FE20C94B8A64407F5A0A70
S31500044B41A900654120C94B8A644020C94B20864C83
S31500044B5120504C20C94B200E4C20B54C7A29FF60BD
S31500044B6184468547A54448A54048A54148A54285AC
S31500044B7140A5438541202F4BC547F005A5472098FD
S31500044B814BA5408542A541854368854168854068B2
S31500044B918544A547A0006048A9A08D7E0420864CC3
S31500044BA120384C20C94B8A64427F5A0AA9006543BE
S31500044BB120C94B8A644220C94B6820C94B20B54C95
S31500044BC1DAA201207DF8FA6020F04CA0082A900BA5
S31500044BD11FAD049700800DB70780091FAD041700A8
S31500044BE18002370720E24C88D0E32A7700200F4D54
S31500044BF1A900202E4DF700202E4D1FAD051F0007DD
S31500044C0180033F0702A9FF7700203A4D60200F4D2C
S31500044C115AA008A9007700202E4DF700202E4D1F1B
S31500044C21AD059F00098003BF0704182A8002382AAC
S31500044C3188D0E277007A60FF5A128A6442A9006535
S31500044C41432907182A0D7E048D7E0460A9A060FFFE
S31500044C515A0E8A6440A90065412907182A09A160E8
S31500044C61A9A160200F4DDAA2001FAD059F00148093
S31500044C7103BF070F7700202E4DF700202E4DE8E0E5
S31500044C810B90E6FA6048D24051026820644C20F049
S31500044C914C1FAD0497008002B707203A4DF7002058
S31500044CA12E4D1FAD04170080023707202E4D7700C5
S31500044CB1203A4D6020F04C1FAD04170080023707DF
S31500044CC1203A4DF700202E4D1FAD0497008002B700
S31500044CD107202E4D203A4D20F04C48C2405102681F
S31500044CE160202E4DF700202E4D7700203A4D6008A6
S31500044CF1781FAD0D48D2020002AD0002850468801A
S31500044D010B48D2080102AD010285086828600878BB
S31500044D111FAD0D48C2020002AD0002850468800B76
S31500044D2148C2080102AD01028508682860203A4D8F
S31500044D31203A4D203A4D203A4DCBDBEAEAEA60208F
S31500044D415E5620644D209F548D270220B9548D2828
S31500044D5102A9028D0802A90B8D8C04A9788D8D04F4
S31500044D614C1D4EA9008DF099A200B2E940B206414C
S31500044D71202F4B48A9C025A785A76805A785A7ADF8
S31500044D81E999090229E78DE999ADE999B20042B297
S31500044D910143A20020614B07AFB2DD42B20643A92B
S31500044DA100A20020614BA900B20142B20143A20054
S31500044DB120614BADEF9929FE8DEF99A200B2E8402F
S31500044DC1B20641202F4B0910A200B2E842B20643B3
S31500044DD120614BAD810409108D810460B21D42B27C
S31500044DE10143A2FFA94D20184EA95520184EA94CDE
S31500044DF120184EA95420184EA94920184EA954200A
S31500044E01184EA94520184EA94320184EA948201822
S31500044E114EA90020184E60E820614B608F0805A951
S31500044E211F8D7305AD2302C988D0021757C98AD0CD
S31500044E31029757209F4EA9038D1586A9088D1686BC
S31500044E410FB00BA9048D1686AD0F0220FDE4A9202F
S31500044E518D1886FF4C02A788F76DA5588580678053
S31500044E6177800F5306A900858080152F5304B780D8
S31500044E71A7803F53028780EF4F06A9008580E7800C
S31500044E8120F24E200C4F20045020BE508F080320E0
S31500044E918EE4207F508F0803201E594C0EE3AD8CFF
S31500044EA10229608D8C02A5562903C902D002A903E1
S31500044EB10D8C028D8C02A55629044A4AF004D204AB
S31500044EC18C02A55729804A4A4A4A4A4A4AF004D2D8
S31500044ED1808C02C2088C02A55229C04A4A4A4A4A0F
S31500044EE14AC901D008C2802A02D2088C022091E163
S31500044EF160AD0A022052228D7304A9112052228D1B
S31500044F017404A9132052228D7504604FA1034C0326
S31500044F1150E25C02105CFF4C68AD9605F046C9018F
S31500044F21F01AC902F010C903F022C904F018C90520
S31500044F31F026C906F00AA907857E8022A90A8024DB
S31500044F41A904857E800CA904857E8012A905857E27
S31500044F51800CA980857F800AA900857F8004A90722
S31500044F61857FA90948A9F4257D857D68057D857D0B
S31500044F718048A551857DA554857EAD2402857F8013
S31500044F8139AD9405F0DEC901F0B2C902F0CAC9030C
S31500044F91D00FAD9505F09FC901F0B1C903F0B980F1
S31500044FA1A5C904D091AD9505D006A907857E80A231
S31500044FB1C901D08CA905857E8098376C8764A57D47
S31500044FC1290BF00CC908B008C901D006B76C8002D8
S31500044FD10764A9002070F99F6309DF52047788806A
S31500044FE102F7882F651CA54E29184A4A4AC902F0B8
S31500044FF10CA57D290BC908B007C9029003C76A60CD
S31500045001476A60AF67623F6B0520D7F3805AA900F0
S315000450118D4D048D4E04AD1F02F04D8540B2004105
S31500045021A5408542A5418543A902F00906402641CA
S3150004503138E901D0F718A54065428540A541654385
S315000450418541A901F0090640264138E901D0F7A5B1
S31500045051408D4D04A5418D4E041F6321A5408DBD90
S3150004506102A5418DBE027761AD1B02F0101F630DCF
S31500045071CF630A8DB302A9008DB402276160A54FDF
S3150004508129033F6B064F63344CAEE24F632EAF6781
S315000450912BA54F290C4A4AF020C902F014C903D0A2
S315000450A104A9008014F26D0202031F6304A900809F
S315000450B108A54F2903D002A901204EE2608F4D1E97
S315000450C1F26D02021C9F6319206AF95F4E052021C5
S315000450D1F98003201BF96F4E0520D8F8800320D2EE
S315000450E1F8601E0049000AA8B9E3508540B9E450A6
S315000450F18541A200BD0753DA20C653FA90034C2614
S3150004510152202F4B8144E8E020D0E9202F4B8D3DDE
S3150004511102DAA54048A5414820EB546885416885D3
S3150004512140FAE8202F4B8D3602E8202F4B8D3702AB
S31500045131E8202F4B8D3802E8202F4B8D629AE82008
S315000451412F4B8D619A8D5F9AE8DA20D2E28D3C026B
S315000451518D5D9AFA202F4B8D4F02E8202F4B48295B
S31500045161018DDD056829024A8D3502E8202F4B8D14
S315000451716202E88F0818AD7105C9FFD011202F4BC3
S315000451818D72058D7D04E8202F4B8D7405E8A200F0
S31500045191B2E240B20641202F4B8D8C04A200B2F834
S315000451A140B20641202F4B8D8D04A200B2E940B2D4
S315000451B10641202F4BC901D004A0058057C902D04E
S315000451C104A006804FC903D004A00D8047C904D0AA
S315000451D104A007803FC908D004A0088037C910D0AD
S315000451E104A009802FC918D004A0118027C930D082
S315000451F104A012801FA90048A9C025A785A7680590
S31500045201A785A7A5A7293FA200B2E942B206432072
S31500045211614B801048A9C025A785A76805A785A75E
S31500045221988D72056080FE48A56B29304A4A4A4A20
S31500045231204655680AA8B9E3508542B9E450854326
S31500045241A200BD0753DA20C653FAB0D9A14420619E
S315000452514BE8E020D0ECAD3D0220614BE8AD3602CF
S3150004526120614BE8AD370220614BE8AD380220617D
S315000452714BE8AD629A20614BE8AD619A20614BE837
S31500045281AD4F0220614BE8AD35022A0DDD052061E3
S315000452914BE8AD620220614BE88F0848AD720520E8
S315000452A1614BE8AD740520614BAD8C04A200B2E2FA
S315000452B142B2064320614BAD8D04A200B2F842B25C
S315000452C1064320614BA5A7293FA200B2E942B206D3
S315000452D14320614BADEF992901A200B20142B2010B
S315000452E14320614B60DA0AAABDE3508540BDE45010
S315000452F18541A20098A220CA300ADD0753D0F820BE
S315000453012F4BFA6080FE0002060708090A0B0C0EF1
S315000453110F1112151617181B1C1E1F2425272829C1
S315000453212E305FC8C9CA0002030405060708090A24
S315000453310B0C0F11131418191A1D1E24262E305B7B
S315000453415C5FC9CAD1D2DC010D0E10121516171BEA
S315000453511C1F2021252728295256C808020A020B98
S31500045361020C020D020E020F0210021102120213A6
S315000453710214021602170219021A021B021C021D4A
S31500045381021E021F025400220223022402270228BB
S315000453910258002A022B022C022D022E02090215A2
S315000453A1024C004D0018024E004F005000510052AD
S315000453B100530020022102B99C55005600570025CE
S315000453C10226022902A235CA3020DD2753D0F8DA93
S315000453D1488A0AAABD5C538544E8BD5C5385456881
S315000453E1FAE021B00160A2001860386088300F1815
S315000453F1A54069208540A5416900854180EE60A8E4
S31500045401B27440B2004120ED53A200202F4BC9FFD4
S31500045411F0079142E8E02090F2A90D9142E84CF29E
S31500045421E0B27442B20043A54048A54148A542856D
S3150004543140A543854120ED53A5408542A5418543B9
S31500045441A200688541688540A144C90DF01CA01BD2
S3150004545188300DD97654D0F820614BE8E021F00A62
S31500045461E644D002E64580E08640E021F005A9FF46
S3150004547120614B186030313233343536373839418F
S31500045481424344505254573A26232A402C213B5E28
S31500045491B21642B200435F6A16A2004C614BAD27B5
S315000454A102B21640B200415F6A05A200202F4B608A
S315000454B1B21742B2004380DEAD2802B21740B200F1
S315000454C14180E4AD0A9AB21540B2004180D9A9FFE0
S315000454D1B2F540B2004180CFB21542B200434C97B7
S315000454E154B2F542B200434C9754A9003F8202A933
S315000454F101B21940B2004120A85448C2023D0268D3
S31500045501C900F00648D2023D0268482016E420B0DC
S315000455110E686020FB54B21942B2004320975460CE
S31500045521A900B21D40B2004120A854290160B21D50
S3150004553142B200434C9754A900B21840B20041202C
S31500045541A854290360B21842B200434C9754A001EF
S31500045551206356A901202852A000206356A90020E1
S31500045561285220644D205DE020DD4DA200B2D942CF
S31500045571B20643A9008DF09920614BAD3B03C9FFE7
S31500045581F0052011E39002A90020D954A900202F87
S3150004559155B20042B20043A94C209A54B2F542B224
S315000455A10043AD849A209A54B20142B20043AD3409
S315000455B159209A54A9003F8202A90120145520D3E7
S315000455C155AD2702209154AD280220B154A9004CAF
S315000455D14655B27442B20043B22044B20045A00417
S315000455E1A9FF5A209A5418A54265448542A54365E4
S315000455F14585437A88D0E960A900C540D006C541EE
S31500045601D00238601860AD839AF04CC9FFF048A205
S3150004561100C000F002A202B20040B20141202F4BA9
S3150004562148B20140B20141202F4B85416885402093
S31500045631F955B023A235CA301C202F4B48DA8AC942
S3150004564122900738E922AABDDD5920C653B0FEFAD5
S3150004565168814480E11860386035596A59A9008D1A
S315000456619B055A200756902E7A980AA8B95A568548
S3150004567146B95B568547A235CA301CB14648DA8A13
S31500045681C922900738E922AABDDD5920C653B0FEC6
S31500045691FA68814480E2687771A900A7946AB00226
S315000456A12794A90085748D7F048D80048D8C020A4C
S315000456B10A0A0A48A9CF256B856B68056B856BA910
S315000456C10048A9F82D78028D7802680D78028D7844
S315000456D102A90048A9FC2D6B028D6B02680D6B02B1
S315000456E18D6B02C2016D02200BE3A9008D3502F216
S315000456F13102012DF231028028A90A8D3C028D5D09
S315000457019AA9058D3602D2013D02A9008D3702A957
S31500045711008D629AA9088D3802A9088D619A4CB048
S3150004572157F23102800FA90B8D3C028D5D9AA906B1
S315000457318D36028049A90D8D3C028D5D9AA9008D95
S315000457416B9A20F958E231024025A90C8D3C028D51
S315000457515D9A77B237B1C2016D02A9038D6A9A487F
S31500045761A9FC2D6B028D6B02680D6B028D6B02A970
S315000457710B8D3602E231024005A90A8D3602D201A9
S315000457813D02AD2B022910F00848D2043D0268807F
S315000457910648C2043D0268A9008D3702A9008D623C
S315000457A19AA9338D3802A960854AA92D8D619A205B
S315000457B1C9E2C2014F02AD27020A48A9C12D4F020F
S315000457C18D4F02680D4F028D4F02A9008DDD05A98B
S315000457D10B8D8C04A9788D8D04A9008D6202D201EA
S315000457E16202C2016802C2016902A9038D9405A974
S315000457F1008D9505A9028D9605A9038D989BA9008F
S315000458018D999BA9008D9A9BA9038D9B9BA9038DB9
S315000458119C9BA9208D9D9BA9208D9E9BA9048D9F50
S315000458219BA9048DA09BA9008D97058D9805A94078
S315000458318D9905A9FF8D9A05AD6F0229E08D6F0239
S31500045841A9008D1A868D1B86A9008589578A77A595
S31500045851177148C21064026867897766A5552907D6
S315000458618D7604A90020C6E280063F77034C01E148
S31500045871A9008D1C8667A83F6B0320A8E25768A977
S315000458810085A785A885AAA5A9292285A9A90120F4
S31500045891B1E2A9328D1D86A9648DD086A9328D1EE9
S315000458A186A90A8D1F86A9000A0A0A48A98725AB73
S315000458B185AB6805AB85ABA90048A9FC25AB85ABCF
S315000458C16805AB85AB27ABA9038D7704A003F00C60
S315000458D188B9AA0099370388C0FFD0F5A9808D8FAE
S315000458E1058D88058D89058D8A058D8B05A9408DC4
S315000458F18D05A9008D5C0260F7B237B1C2016D0254
S3150004590187B2A9038D6A9AA90248A9FC2D6B028D57
S315000459116B02680D6B028D6B02606C4600CF480901
S315000459218F0806AD0802F0016060BD9F5960AC00A6
S315000459318000554D02002B0D0A08043202060E5F43
S315000459413200921E0001000000784500000501099D
S31500045951000000C000003700140368C38A0700155D
S315000459610A0A2D003200000D2002002B0D0A08043C
S315000459713202060E5F3200921E00010000007845D5
S315000459810000050109000000C00000370014036887
S31500045991C38A0700150A0A2D003200000D20F915E5
S315000459A1F51205240524F705F70700150215060E59
S315000459B1020C052DFA2C0720021B001B0520F71FDC
S315000459C1F71FFA120B15FA120211F9120724F91329
S315000459D10612F4140210011FFA1F50072425262764
S314000459E128292E3052565B5C5FC8C9CAD1D2DC66
S315000459F0B77120455C20275ED01920B35CAD5A04EC
S31500045A00D00820085EAD5A04F0072980D006A90004
S31500045A1060A9FF6020315DA200B140290FC901D001
S31500045A20028017C902D002803CC903D0034CA35A92
S31500045A30C904D0034C2C5BA9006020315DA20DADD6
S31500045A4020048542AD21048543A543C9FFD004A59E
S31500045A5042C9FFF00D20765D900520E85DF005A9AA
S31500045A600160A9FF6020315DA20AAD26048542AD1E
S31500045A702704854320765DA2019007AD2D0491404D
S31500045A80801BB140CD2D04B014A20DAD2204854275
S31500045A90AD2304854320765D9006A90060A9FF60C6
S31500045AA0A9016020315DA20AAD28048542AD29040E
S31500045AB0854320765D900420E85D60A201B140CD67
S31500045AC02C04B04CA20DAD24048542AD25048543B7
S31500045AD020765D9009A201AD2C04914080C8A201F4
S31500045AE0B140CD2A04F002B013A20DAD1C048542C8
S31500045AF0AD1D04854320765D902F8011A20DAD1E49
S31500045B00048542AD1F04854320765D901CA9006080
S31500045B10AD28048542AD29048543A543C9FFD004B5
S31500045B20A542C9FFD003A9FF60A9016020315DA287
S31500045B3001B140CD2C04B05ECD2A04F002B02EA2F1
S31500045B400DAD1C048542AD1D04854320765D906A27
S31500045B50AD3B03C900D014A20AAD1E048542AD1F95
S31500045B6004854320765D900320E85D8026AD3B03E3
S31500045B70C900D004A20A8002A20DAD1E048542AD5E
S31500045B801F04854320765D9031AD3B03C900D003E5
S31500045B9020E85DA90060AD28048542AD290485434B
S31500045BA0A543C9FFD004A542C9FFD003A9FF60A23B
S31500045BB00D20765D900420E85D60A901605F7C1984
S31500045BC0577C1F830320B55D20FB5DAD5A042980F5
S31500045BD0F00620315D20E85D60AD58042940F00FE1
S31500045BE0B2A940B29C41A200B140200D5C800DAD2B
S31500045BF011042940F0060F810320FB5DAD580429EA
S31500045C000FF0D520315DAD5A0429404940D01AA081
S31500045C1000A202B968049140E8C8C008D0F5A20100
S31500045C20A9009140A20A20685DA200B1402980D053
S31500045C3005AD58049140A201B140A8C8989140A26C
S31500045C400D20685D60A000B20040A9FF996804C8F1
S31500045C50C00890F8A200A900854085418542B1B6E6
S31500045C60C90DF009C93BF005E8E014D0F18AF04209
S31500045C708642A642B1B6C9309032C93AB02E38E946
S31500045C8030A640D015382A382A382A382AA4419909
S31500045C906804A9FF454085408012A44109F039688B
S31500045CA004996804A9FF45408540E641C642A542D9
S31500045CB0D0C060A9008D5A0485428543B20940B21A
S31500045CC09C41A542C90BB059A200B140D01FAD5AA0
S31500045CD0042940D007A54209408D5A0418A54069F5
S31500045CE0108540A54169008541E64280D5E643A07A
S31500045CF000A202C008B00BB96804D140D004C8E8B9
S31500045D00D0F1C008B011E64218A54069108540A537
S31500045D10416900854180ABA54209808D5A04B20BC6
S31500045D2042A543D00BA9008D11868D12868D13864C
S31500045D3060B20040B20041B21042AD5A04293FF0AD
S31500045D40198543A008A9000A264106439007186549
S31500045D50429002E64188D0EF854018A5406909853E
S31500045D6040A541699C854160A000B911869140C84F
S31500045D70E8C003D0F56038A0000828B91186F140C0
S31500045D8099440008C8E898C90390EF2838A546D076
S31500045D9023A545C543D004A544C5420838A542E514
S31500045DA0448542A543E5458543A5428D5B04A54349
S31500045DB08D5C042860A9008542B20940B29C41A5C5
S31500045DC042C90BB017A200A900914018A54069105A
S31500045DD08540A54169008541E64280E3A9008D110D
S31500045DE0868D12868D138660A900A2009140AD5A55
S31500045DF004290F09408D5A04A90060B2A940B29C37
S31500045E0041A200A900914060A9008D5A0420145AA9
S31500045E10AD5A042940D00FEE5A04AD5A04C90B906A
S31500045E20ECA9008D5A0460B2A940B29C41A200B10B
S31500045E30402940F04FA201B140CD2B04902AAD2B4E
S31500045E4004C9FFD002803AAD28048542AD290485F1
S31500045E5043A543C9FFD004A542C9FFD002801EA2B0
S31500045E600D20765D90178019A20DAD1A048542ADFA
S31500045E701B04854320765DB00BA9018009A9FF8028
S31500045E800520FB5DA90060A9008D5A044820315DF8
S31500045E90A200B140F01720145ACD5904D00FA044E3
S31500045EA0C901F002A04668890148204D1FEE5A0434
S30E00045EB0AD5A04C90A90D66860D3
S31500045EB94FA1220F64193F5C16BF59119F630E80C7
S31500045EC90C20D70DC952F005A95220880DC7391FD0
S31500045ED9690320E602600F6408A9022070F9204BC1
S31500045EE96DA9AC8DC602A9E08DC702A76587612095
S31500045EF9F9F820D8F8A9028DE702A9698DE802976D
S31500045F0969A9008558A9020A0A48A9F3255385539C
S31500045F196805538553A54E091829FB854E574EE73F
S31500045F294E6020CBF3175BA9788DF602A9EF8DF79E
S31500045F3902975B275927648F6416A9118D72052068
S31500045F4991F92097FAA90A853B8D7405200BFA6005
S31500045F5920816A608F6404200EFA604739370A374C
S31500045F695C275C60B200BAB2EB40B25F41B212423E
S31500045F79B26043B20D44A200B1B8C90DD00627597F
S31500045F8920E7F260A200B1B8D140D008E8E003D016
S31500045F99F54CBE5F18A54069038540A5416900858E
S31500045FA94118A54269028542A54369008543C64449
S31500045FB9D0D24CE55FE6B8D002E6B9E6B8D002E637
S31500045FC9B9E6B8D002E6B9A200B1428546E8B142BB
S31500045FD9854720E25F604C1D4E6C4600B204BA4CFC
S31500045FE904E1434943434E4C43524943524E4352B7
S31500045FF95344494350524E505249524C44524C46CA
S31500046009524C49524C4E454E442C604060496049B5
S3150004601960BE6100621E62186246626462826288B8
S3150004602962DF62AD0902F00BA91B8DE702A96A8D2D
S31500046039E8026020E55F608F64034CFBE04CE55F92
S31500046049A200B1B8C90DD0034CE55F2759A5B88597
S31500046059B6A5B985B7A5B885B6A5B68540A5B78544
S3150004606941A2FFA000E8B140C90DF010D99A61F028
S31500046079F2C8CC2400B00280F34CE55FB244BDA952
S315000460896B8DE702A9698DE802F74CAD8104297F76
S315000460998D8104A5B68540A5B78541A200B140C93D
S315000460A90DF034C941D00320E460C944D00320303B
S315000460B961C945D003203061C953D003204C61C955
S315000460C946D003204C61C952D003206061C93ED031
S315000460D903209961E880C6604CE55FE8B140C9428E
S315000460E9F004CA4C2F61A9009140CA9140E8E8B16D
S315000460F940C9309021C940B01DA9009140E8B1407A
S31500046109C954F022C950F01EC930900AC940B006D4
S31500046119A90091408010B248BDA9028DE702A96978
S315000461298DE8024CE55F60E8B140C94EF00CC942FE
S31500046139D010AD810409808D8104A9009140CA91CA
S3150004614940E860E8B140C942F004C953D008A9003F
S315000461599140CA9140E860E8B140C943D031A900E9
S315000461699140CA9140E8E8A002B140C9309010C9EB
S3150004617940B00CA9009140E888C000D0EC8010B268
S3150004618948BDA9028DE702A9698DE8024CE55F605D
S315000461996030313233343536373839532A2341425C
S315000461A943443A573E3C3D5054263B202D2E2C2839
S315000461B92953454652201563B03A2759B29B42B230
S315000461C905438A200054B29B40B20541A140C90D3A
S315000461D9F018A54085B6A54185B7B244BDA96B8D0E
S315000461E9E702A9698DE802F74C60B2FDBA207D1B66
S315000461F920E7F2604CE55FAD0902F010A95D8DE771
S3150004620902A96A8DE802B200BA4C04E14CE55FB210
S3150004621900BA4C04E120156390034CE55FA8A5B8C0
S315000462298544A5B98545A144C90DF00AC93BD0EAF7
S31500046239E644D002E6452022542004E160B1B8E6DA
S31500046249B8D002E6B9C90DF0034CE55FA9018D5929
S315000462590420875EB200BA2004E160B1B8E6B8D07A
S3150004626902E6B9C90DF0034CE55FA9FF8D5904206F
S31500046279875EB200BA2004E160B200BA4C04E1A90F
S315000462894C8D0E9AA9538D0F9AA94E8D109AA93B36
S315000462998D139A200AFEA200B1B8C90DD01FA20017
S315000462A9B21442B29A438A48200054FADA200B639C
S315000462B9FAE8E004D0EAB200BA2004E160201563E2
S315000462C9B01048B21442B29A43200054FA200B6320
S315000462D980E420E55F60176947A10764A9FB8DC6B9
S315000462E902A9E08DC702A9002070F9AD810409400D
S315000462F98D8104A54E0918854EAD820429FE8D8229
S3150004630904608AA224206F2020922060A5B88540C3
S31500046319A5B9854120A2E2B00FC904B00BAAA540CC
S3150004632985B8A54185B9188A600056414C000143D0
S315000463394E58203330300002494E430004494E5624
S3150004634900034346494E540005434E582031323022
S315000463593000064346494E4400074346494554001E
S315000463690843464952540009434E582036303000F2
S315000463790A434E582032343030000B434E582034E9
S31500046389383030000C434E582039363030000D432E
S315000463994E582037323030000E434E5820313230B1
S315000463A93030000F434E5820313434303000104316
S315000463B94E582031393230300016434E5820313286
S315000463C930302F37350017434E582037352F3132A1
S315000463D930300018444C4300204346494643003BA9
S315000463E9434E58203136383030003D434E5820321A
S315000463F931363030003E434E582032343030300086
S315000464093F434E582032363430300040434E5820EC
S3150004641932383830300054434E582033333630300E
S3150004642900A5434E5820333230303000A6434E5827
S3150004643920333430303000A7434E582033363030B9
S315000464493000A8434E5820333830303000A9434E23
S315000464595820343030303000AA434E582034323074
S31500046469303000AB434E5820343430303000AC431E
S315000464794E5820343630303000AD434E5820343827
S3150004648930303000AE434E5820353030303000AF0E
S31500046499434E5820353230303000B0434E582035FB
S315000464A93430303000B1434E582035363030300060
S315000464B9B4434E5820323830303000B5434E582054
S315000464C9323933333300B6434E58203330363637F0
S315000464D900B7434E5820333333333300B8434E5849
S315000464E920333436363700B9434E582033373333DD
S315000464F93300BA434E5820333836363700BB434E39
S315000465095820343133333300BC434E5820343236A1
S31500046519363700BD434E5820343533333300BE4332
S315000465294E5820343636363700BF434E5820343950
S3150004653933333300C0434E5820353036363700C11D
S31500046549434E5820353333333300C2434E5820352E
S3150004655934363637005B434E5820333132303000F7
S31500046569FE434649414200FD4346494E53006E43A4
S315000465794E5800FFA200B23246B26347B146C9FF7C
S31500046589F016C541D013E646D002E6478F642220A9
S31500046599CE6520BE6520CE6560E646D002E647E6AE
S315000465A946D002E647B146D0F6E646D002E647802B
S315000465B9CB20566E60A200B146F0062042FAE88066
S315000465C9F62097FA60A90D2042FAA90A2042FA2070
S308000465D997FA60C4
S315000465DC488D3599A9088D3499CE349910034C9568
S315000465EC666E35999006E6CAD002E6CBA1CA300A85
S315000465FC64CA85CA9002E6CB80DFC9FFD0058D3309
S3150004660C99800AC9FED00B8D339920AC6620E866B6
S3150004661C80C7297FB20041C940901B38E93F8540A9
S3150004662CA20606402641CAD0F9AD850429EF8D850C
S3150004663C04DF920F80128540AD850409108D850404
S3150004664CDF9205209A66800320A366AD31996440D7
S3150004665C8D3199AD329965418D3299A5412903AA9B
S3150004666CAD3199DDFC68D01EAD3299DDFD68D016CE
S3150004667CAD8504C910D00FAD85042980D008AD347E
S3150004668C9909808D85044CE5656820B76860D792B6
S3150004669CB207CAB267CB605792B2DFCAB267CB6095
S315000466ACA5412903AAADDB98D0311F5F07A95B8DE1
S315000466BCDE00B791AD3199DDFC68D008AD3299DDB9
S315000466CCFD68F00FDFAC04D7AC8010EE2F99D00325
S315000466DCEE3099EE2D99D003EE2E9960A9F48D9196
S315000466EC02A9018D9202175F209A66A9008D319931
S315000466FC8D3299A9008D85046004FF0203040506F6
S3150004670C0708090A0B0C0D0E0F1A1B1C1D1E1F2045
S3150004671C828307088485078687C188890304C09009
S3150004672C918E8F0E0F10111213148A8B13141516C7
S3150004673C1718191A8D1A1B28818C191A1B1C1D2241
S3150004674C1D222324C2D92324252643269697259431
S3150004675C252627289A28292A959C292A2B2C929374
S3150004676C2F9B2F98272E992E2F3031323334C33446
S3150004677C35ADAEAFB0A1A2A3A4A5A6B5B6A7A8A9DC
S3150004678CAAABACBDBEBF80C4C51E1FB1B29D9E9F35
S3150004679CA0BBBCB3B4B7B8B9BAC6C710C9C80F1036
S315000467AC11121314FF1415D6D7D8DACACBCCCDCE06
S315000467BCCFD0D1D2D3D4D506FF08090A0B02FF00D9
S315000467CCFEDB070809DCDD0809DEDFE0E1E2E3E4D1
S315000467DCE5E6E70203040583820405818404058641
S315000467EC850405068706070809898808090A0B8A99
S315000467FC8B0A8C0A0B0C0D8D0D0E8E0E0F10FF10C2
S3150004680C1112131415161718198F191A1B1CFF1CA1
S3150004681C1D1E1F921F2021222324C024252690915D
S3150004682C25262728292A2B2C802CFFDB2B2C2DDC28
S3150004683CDD2C2D2E2F303132989931323334359755
S3150004684C35363738393A3B3C3D3E963E3F40939479
S3150004685C3F4041954100FEDEDFE0E1E2E3E4E5E69C
S3150004686CE7B43536B7B83536BBBC3536C4C5C634CD
S3150004687CB5B6333435B2B3ACADAEAFB9BABDC3B03D
S3150004688CB1BEBF9E9FA0A1A8A9C1C29A9B9C9DA262
S3150004689CA3A4A5A6A7AAABC9CACBCCD3D4D5D6D701
S315000468ACD8D9DAC7C8CDCECFD0D1D21808ACDC989B
S315000468BCA2086A902EC00BD01928380848AD339913
S315000468CCC9FEF00320AC66A9008D339968EEDB98FB
S315000468DC800CACDB98C006F005A0008CDB98A0FFFE
S315000468EC8CDC98C00BF001C8CAD0C78CDC98286025
S30B000468FCC0060008800935
S3150004690220F1F320F9F820D8F8A9168DE702A9692F
S315000469128DE80260AD0902F00BA9C18DE702A969EF
S315000469228DE802602086F9B00420F9F86020E7F2C7
S31500046932A93D8DE702A9698DE8026020DEF8A94B1C
S315000469428DE702A9698DE802602086F9B00BA902D7
S315000469528DE702A9698DE80260AD0902F00AA9E48D
S315000469628DE702A9698DE802602086F9B013B2FEAA
S31500046972BAB248BDB759A9028DE702A9698DE802E0
S3150004698260B7599702A9348DE702A96A8DE80260B5
S315000469922086F9B013B2FEBAB248BDB759A9028D20
S315000469A2E702A9698DE80260CF631320D8F820F1C3
S315000469B2F320E7F2A94B8DE702A9698DE80260ADDF
S315000469C20902D00BA9028DE702A9698DE8026020AB
S315000469D286F9900D20E7F2A9E48DE702A9698DE80C
S315000469E202602086F9B00BA9028DE702A9698DE837
S315000469F20260AD0902D00BA94B8DE702A9698DE8A5
S31500046A020260AD0802F011CD0902F002B00AA91B18
S31500046A128DE702A96A8DE8026020F9F82021F9B20D
S31500046A2241BDB75920F1F3A9348DE702A96A8DE86D
S31500046A3202602086F9B013B2FEBAB248BDB759A9AC
S31500046A42028DE702A9698DE80260BF590D20D2F8CA
S31500046A52A9928DE702A9698DE802602086F9B00B36
S31500046A62A9028DE702A9698DE80260AD0902D00088
S30600046A7260B9
S31500046A733F5C0320EC02602F5C0320EF0260BF5CE3
S31500046A833E6710075C673A773A0739173947393748
S31500046A930AE70020960BA9CB8DED02A96A8DEE02B7
S31500046AA3A9358DF002A96D8DF102A9FF8D23038DFE
S31500046AB3270320436C277920196D8C2203B75C6066
S31500046AC37EFF13001616020020036D6E24036E2543
S31500046AD3036E2603200F6D6E28036E29036E2A03A5
S31500046AE3AD2303C902D00EAD2403C916D007AD25C1
S31500046AF303C916F040AD2303C911D017AD2403C946
S31500046B03F7D010AD2503C9DFD009AD260329C0C9C3
S31500046B1380F03BAD2703C911D01AAD2803C9F7D0BA
S31500046B2313AD2903C9DFD00CAD2A0329C0C980D00C
S31500046B33034C6A6B60A9AF8DED02A96B8DEE02A9B6
S31500046B43478DF002A96D8DF1020779977960A983C0
S31500046B538DED02A96B8DEE02A9358DF002A96D8D1B
S31500046B63F1028779977960A9998DED02A96B8DEE68
S31500046B7302A93E8DF002A96D8DF10287791779601A
S31500046B8320936CB01020BD6CB00B20E96C9006AD5D
S31500046B93230320BB6B6020936CB01020BD6CB00B39
S31500046BA320FC6C9006AD270320BB6B6020E96C9038
S31500046BB306AD230320F06B60AF7914C97ED010AD04
S31500046BC32B03C9B8D045AD2C03C9F0D03EF05B48BE
S31500046BD32779206D6CAC2E03AD2D038D2E03688DA2
S31500046BE32D03AD4004C902F02AEE400460C983F0C4
S31500046BF304C997D007AD4104D011F02EA8AD2103E3
S31500046C032901D00FA9048D4104D0084739375C20E4
S31500046C13816A60A9008D210398A4B8C03FB0EC290A
S31500046C237F20F821993005E6B860A4B8A90D9930F8
S31500046C3305A93085B8A90585B9A759375C473960CD
S31500046C43A9008D210385B88D40048D4104A9078DC0
S31500046C531F03A9088D2003A9FF8D2B038D2C03A9DC
S31500046C63FF206D6CA913206D6C60A8A54048A5414F
S31500046C7348AD2B038540AD2C0385419820356EA57D
S31500046C83408D2B03A5418D2C03688541688540609F
S31500046C931F7906AF00222F000520196DB01AAE1F07
S31500046CA303A9078D1F03E002D00EAD2003C908F024
S31500046CB302A7798C22033860186020196D1F7906A0
S31500046CC32F001CAF00029017CE1F03D017A9CB8D3C
S31500046CD3ED02A96A8DEE028C220320436C3860A967
S31500046CE3078D1F03186020036DAD23032AAD21030B
S31500046CF369008D210320276D60200F6D20276D60A9
S31500046D03AF00044E230360386E23036020196D6EAF
S31500046D1327038C22036038AF0001182AA84D2203E7
S31500046D2349016A60CE2003D007A9088D2003386081
S31500046D331860205C6DB003209C6D60205C6DB0030D
S31500046D4320B06D60209C6D6087799779E700602792
S31500046D535C370AE70020816A60A5B8C9FFF027C932
S31500046D6300F023CD4004D007AD2003C908D017ADE6
S31500046D731F03C905F012AD21034AB007A9008D1FED
S31500046D8303F003EE1F0318601F79046700800320D2
S31500046D93C16DA9008D1F03386020CA6DB00E4E2144
S31500046DA303B00467009002E70020DB6D6020CA6D20
S31500046DB3B00B4E2103B00320C16D20DB6D606F0061
S31500046DC303670060E70060A4B8C0FF18F009CC416C
S31500046DD304900420526D3860CE2003D00EA9088D8A
S31500046DE32003C8B930058D230384B84E23032E210B
S31500046DF303600000891112239B322446AD5736657E
S31500046E03BF74488CC19D5AAFD3BE6CCAE5DB7EE919
S31500046E13F7F8000081100221833104428552066388
S31500046E238773088489940AA58BB50CC68DD60EE799
S31500046E338FF7454048290F0AA8684A4A4A4A0AAAC4
S31500046E43BD156E59F56D45418540BD166E59F66DF2
S31500046E538541601F630AA9022070F9778820960B7F
S31500046E634739375C20436C8F7929ADC76A8D300562
S31500046E73ADC86A8D3105ADC96A8D320520E46EA9A4
S31500046E83839D33058A89038D400489018D4104203A
S31500046E93076F60ADC36A8D3005ADC46A8D3105AD28
S31500046EA3C56AA9038D320520E46EA9FF8540854191
S31500046EB3A201BD3005F00A86B820356EA6B8E8D01F
S31500046EC3F1A54049FF9D3005E8A54149FF9D3005DD
S31500046ED3E8A97E9D30058E4004E88E410420076FA1
S31500046EE360A200B146F017A0018442A0086A90028A
S31500046EF3E64288D0F866426A9D3305E880E5A90030
S31500046F039D330560A0FF84B8C88C1F03A9088D2090
S31500046F1303A9FF8D21038D23038D2203A75C087820
S31500046F236F0AFD670B207A6AAF5CF5281F6308A90D
S30E00046F33032070F920960B186086
S31500046F3C57A157AFADF099C900D00160675BA95E44
S31500046F4C8DEA02A96F8DEB02E75B606F5B0320E9A8
S31500046F5C02600FAF07AD83042940F0208F6B1D9F91
S31500046F6C6B1A3F6317A54DD013AE2F03AD3003D068
S31500046F7C393F6008E003F007A20080544CDF6FD75A
S31500046F8CA1D7AFA903207871A901207871A9E58D41
S31500046F9CEA02A96F8DEB02A9008D3103200EFA20AB
S31500046FACF9F82064F9204AE38029AD3003297F855A
S31500046FBC40ADF099C540F004A2008008E000D0036F
S31500046FCC3F6001E8A90A8DA502A9008DA6023760C7
S31500046FDC8E2F03A9008D300360AD3003297FF01E7C
S31500046FEC20F821C908D019AE3103F049CE3103A9D2
S31500046FFC08209571A920209571A9082095718035D2
S3150004700CC90DD002A900AE3103E014B016EE31035B
S3150004701C9D0B9AC900F007A92A209571801720CADE
S3150004702C70B0034C9170D7AF20F1F3A9478DEA02E7
S3150004703CA9708DEB02A9008D300360B230B8B2058D
S3150004704CB9A9008D4004A900207871A9628DEA02C1
S3150004705CA9708DEB0260AD3003F018C90DD00CA9E4
S3150004706C808DEA02A9708DEB02A90D20D771A900B7
S3150004707C8D300360AF590DA9478DEA02A9708DEBCB
S3150004708C0220F1F360A9008D2F03B201BA207D1BF7
S3150004709CA95E8DEA02A96F8DEB0257AF20F1F3A915
S315000470AC878DF602A9088DF702206AF92047E3209A
S315000470BC0BFAEF780320DEF8B24FBDB75960B23342
S315000470CC42B29A4320E670A200BD339AF00ADD0B55
S315000470DC9AD003E880F318603860A2FFB21D40B260
S315000470EC0141E8202F4B9142D0F8600D0A3E4154E1
S315000470FC000D0A52454D4F54452050415353574F9A
S3150004710C52443A20000D0A52454D4F5445204143F2
S3150004711C434553532044495341424C45440D0A00BC
S3150004712C0D0A0D0A4F4E4C494E452052454D4F54AF
S3150004713C4520414343455353000D0A454E5445528D
S3150004714C2050415353574F52443A20000D0A4341A1
S3150004715C4C4C494E47204241434B2E2E2E0D0A00D1
S3150004716CF770FD7011712C71457158710AAABD6CBA
S3150004717C718540E8BD6C7185414C8871A2FFE8B1FC
S3150004718C40F00520957180F660EF59034CA70E224A
S3150004719C782089E358A5C8C90A902EA540A641A40F
S315000471AC4222A543A644A44522A546A647226F59C6
S315000471BC0320D1023285468647328543864484456C
S315000471CC3285408641844280CC3260297FC90DF0D9
S315000471DC1CC908D021AE4004F012CE4004A90820E4
S315000471EC9571A920209571A9082095716020957137
S315000471FCA759A90D80134820957168C92090EDC92B
S3150004720C619006C97BB002295FAE400491B8E04098
S3150004721CD00BC90DF007C900F0034CE971EE40041C
S3080004722C4CF871A0
S3150004722FA94C8D320367AFA95E8D3303A9728D34D2
S3150004723F03E7AFB2DD40B20641204EE0D00307AFFD
S3150004724F6087AFAD830429BF8D8304604C3203ADD1
S3150004725F830429BF8D83040FAF3D3F633AFF4C3739
S3150004726F200EFA20F9F897AFD7AFA9038D3503A5EA
S3150004727F7D290B290AC90AD005A20A2072F8A90486
S3150004728F207871A9A78D3303A9728D3403A9008DB4
S3150004729F3103A9008D360360CF630BA94C8D3303DD
S315000472AFA9748D340360AD3603297FF01E20F821AF
S315000472BFC908D01AAE3103F012CE3103A9082095AE
S315000472CF71A920209571A9082095714CCF73C92DEA
S315000472DFF00AAD3603297F20F821800C48AD8204CD
S315000472EF09108D8204688025C90DD021AD82042929
S315000472FF10F018AE3103CABD0B9AC92DD005CE3185
S3150004730F038008AD820429EF8D8204A900AE3103F0
S3150004731FE014B017EE31039D0B9AC900F008A92AA1
S3150004732F2095714CCF73206C74B022CE3503F003C5
S3150004733F4C7E7217AF57AFA9FE8D9586B248BDB76F
S3150004734F59A94C8D3303A9748D34038073AD82040C
S3150004735F2910D01EA200BD0B9AC90DF0D6C92DF067
S3150004736F02803EA201BD0B9AC90DF0C7C978F0C3BE
S3150004737F802F2036E020D416201BF917AF57AFAD58
S3150004738F830409408D83044F5403201975AD820479
S3150004739F29EF8D8204A94C8D3303A9748D34038090
S315000473AF1FA90520787117AF57AFA9028DA502A99A
S315000473BF008DA6023760A9D58D3303A9738D3403C7
S315000473CFA9008D3603603F6014A9FE8D9586B248D9
S315000473DFBDB759A9ED8D3303A9738D340360CF63FC
S315000473EF16A9648DA502A9008DA6023760A9078D7B
S315000473FF3303A9748D340360276320FBE3BF600155
S3150004740F6020FEE3A92D8DA502A9008DA602376083
S3150004741FA9298D3303A9748D34033F601F20FBE321
S3150004742FA90B85B6A99A85B7B244BDB759F74C20AF
S3150004743FF1F3A94C8D3303A9748D340360BF591C22
S3150004744FCF6319BF631617AF57AFAD830409408DCA
S3150004745F8304A95E8D3303A9728D340360A9018554
S3150004746F42B22840B20141A200DA204EE0FAC90026
S3150004747FF035DD0B9AD009E8E640D002E64180E903
S3150004748FEAA5428543E642A542C91FF018B2284031
S3150004749FB20141A540692F8540A54169008541C6C2
S315000474AF43D0F080C21860BD0B9AC900D0D2B2285F
S315000474BF40B20141C642F00EA540692F8540A54151
S315000474CF6900854180EEA540690A8540A54169009A
S315000474DF8541A200DA204EE0FAC900F00C9D0B9A02
S315000474EFE640D002E641E880EBA90D9D0B9AAD82EA
S315000474FF042910F013A200BD0B9AC92DF00AAD8210
S3150004750F0429EF8D820418603860B22E40B275419B
S3150004751FA200B140C900D001602042FAE880F343CB
S30E0004752F4F4E4E4543540D0A006B
S306000207FF08E9
S315000208004CA7E64C02E74C5DE74CB8E74C13E84CC4
S30A000208106EE84CC9E888
S31500020A9720320BD038F24B02081CAD4604CD7B043C
S31500020AA7D006AD4504CD7A04F009EE4504D003EE2F
S31500020AB7460460B7AA60A9008D45048D4604AD3584
S31500020AC702F00320BEE448C2084B026860E24B020A
S31500020AD7082AEE4304D003EE4404AD4404D008AD1D
S31500020AE74304CD8103900FA7632021E2CF4806ADC9
S31500020AF70802F00160603F5902276360A9008D432F
S31500020B07048D4404AD3502F01BAD45048540AD4660
S31500020B17048541A541CD7B04D005A540CD7A04F0D5
S31500020B270320BEE448D2084B026860AD810529015D
S31500020B376060A060628284717875747276A1A4443B
S31500020B4745464748494A4B4CAAC1C2C3C4C5C6C74C
S31500020B57C8C9CACBCCCDCEA801021214B8B8B4B450
S31500020B67B2B2B1B111D21009068004C21009064CFD
S31500020B77B00E8F6D04C204090660C2201506D21094
S31500020B871506C2401506D2801506D2011F0660C297
S31500020B9780080660D2800806E206061004C210061E
S31500020BA70660A9058D8F02A9008D9002075F8F5FE8
S31500020BB705E21E0608F820960BD2100606C000D0DC
S31500020BC71BE20A0602FBA2022082F8A9398D1C063D
S31500020BD7A9807B09028D1806A9A07B60A9A68D1C90
S31500020BE7068C1806A9A27B60D2041E0660C2041EE2
S31500020BF70660AD859AD0031F6E03E76F60D2201E8B
S31500020C070660676FC2201E0660D201080660C2012F
S31500020C17080660F26B020804D2020806209FF860F3
S31500020C27AD1206C960F00829F0C9A0F002186038AB
S31500020C376048E253022005AD2F058006AD12068DE8
S31500020C472F05C9719016C979B011C972F008C9760C
S31500020C57F004C978D002A77138800118686048F293
S31500020C6751021018E253022005AD2F058006AD1278
S31500020C77068D2F05C9C0900BC9CFB003388001185E
S31500020C87686048E253022005AD2F058006AD1206BD
S31500020C978D2F05C9909008C9A0B00338800118683E
S31500020CA76020380CB0FA4C650C20F5E3F00160F2CF
S31500020CB713060804D20813066020F5E3D009E213E7
S31500020CC7060804C20813066000020300AA20F5E319
S31500020CD7D001608AA8AD130629FC19CF0C8D13061D
S31500020CE76000030201A8AD030629FC19E80C8D036F
S31500020CF70660C2020206C2040206C2010206C280D8
S31500020D070706602F67034C540D48D220040668A8CD
S31500020D17B9380BC9AAF00A29F0C9A0D004C2080536
S31500020D2706B9380BAE5D9AE002D00BAE3A02E00383
S31500020D37B00AA9828006E001D002A95220880DAD29
S31500020D472D02290785402090E2207EE260A8D28004
S31500020D570306C2010406B9380BC9AAF00A29F0C963
S31500020D67A0D004C2080506B9380B29F0C9B0D00BC2
S31500020D77876D982901D004D2010406B9380B4C882D
S31500020D870D8D120620B00EB9380B29F0C910D00303
S31500020D974CC60DAD1206C962D025A924FF4C02A97D
S31500020DA7278D1806A9368D1C06A9A17BA90EFF4C0D
S31500020DB702A90F8D1806A9378D1C06A9A17B60F219
S31500020DC750020105E24F0201062F670320F1E16097
S31500020DD7AD1206608D1206D208030660A93A8D1C6B
S31500020DE706A9807B297F8D1806A9A07B60A93A8D63
S31500020DF71C06A9807B098080ED48D2100506684C3F
S31500020E07140ED24005066048C21005066860C24045
S31500020E17050660AD0F06298060202C0E20650CB0F2
S31500020E27016089066020650CB00620570EF0016046
S31500020E37DAE253022005AD2F058006AD12068D2F85
S31500020E4705205D0E201BE2FAE251021002891D609F
S31500020E57AD0E06291F60F251021025E25102042047
S31500020E679F741D8F741AAAAD7686F0134AB0108D39
S31500020E7718068A38ED1806C991B005A99180018A24
S31500020E8760AD0A0629384A4A4AE20E0640020908AE
S31500020E97D00518AD00066048AD0006854068386083
S31500020EA7E21E0608FB8D100660A90A8DF185A900C8
S31500020EB78DF2857762D2011F0622A900A200A00041
S31500020EC7FF621A22209FF832E21F06010E8901D01D
S31500020ED7EFE8D0ECC8C0C890E780023260324C27F0
S31500020EE7E500010203A8AD060629FC19E80E8D06E0
S31500020EF7066040206000A8AD1106299F19F90E8DDC
S31500020F07110660C20806064C9B0BAD29022903C9C6
S31500020F1701D016F209061011AD120629F0C950F0D2
S31500020F2704C980D004D2800906ADE90409808DE997
S31500020F3704D2010906AD1206C9AAD0032074104CC1
S31500020F47100CA000A240B20247A97C2007E4D28077
S31500020F57020660D22002064C760FC22002064C8E8B
S31500020F670FD21002064C760FC21002064C8E0FA93C
S31500020F77138D1606A9158D1706A94B8D1806A900F6
S31500020F878D1906A9E17B60A9138D1606A9158D177A
S31500020F9706A9428D1806A9008D1906A9E17B6000EC
S31500020FA700000102000000010248A8AD020629FC62
S31500020FB719A60F8D020668A8AD060629FC19AB0FFE
S31500020FC78D060660303132333435363738392A23BF
S31500020FD741424344AD1B06290FAABDCB0F60AD1F85
S31500020FE7060910090829FE8D1F0660AD1F0629EF9F
S31500020FF7090829FE8D1F0660A90AA000200DE4AD87
S3150002100719068D9C04CD9E0490038D9E04CD9D04E6
S31500021017B0038D9D0460A900A0B5200DE42940F018
S315000210270238601860F20F060409201A0ED004A9C6
S315000210377F801DF251021005E251020409A908A098
S3150002104710200DE48007A902A00C200DE4AD1906B5
S31500021057205E108DA1046048A209CABDAA04E89DB4
S31500021067AA04CAD0F5ADA1048DAA046860F20906DE
S315000210771010A9008D18068D1906A9048D1C06A93C
S31500021087AA7B608D1D06A90A8DF185A9008DF285B9
S31500021097776222A900A200A000FF621D22209FF804
S315000210A732E21D06800E8901D0EFE8D0ECC8C0C82F
S315000210B790E7800532AD180660324C27E5AD00068B
S315000210C748208CE3A5C3C901D004A5C2C95E6860DE
S315000210D74C434A20B14AAD83042980F00B7FA1080D
S315000210E7AD8304297F8D8304AD83042904F00E1F83
S315000210F7A00B20EB4AAD830429FB8D83042073E002
S31500021107F2D6990117F2D6990212F2D699040DF27E
S31500021117D69908084C7513EA4C67E060AD83042933
S3150002112701F015AD8D048DFF85A9008D008617A0E8
S31500021137AD830409048D830420E436AD83042901B3
S31500021147F055AD83042908D04EADD199C900D047D1
S31500021157ADD299C980D040ADD399C900D039ADD4A3
S3150002116799C900D032AD830409088D8304A9818DFC
S31500021177D199A9008DD2998DD3998DD4994C5714AB
S31500021187A9808DD199A9008DD2998DD3998DD4999C
S31500021197A9048DD6998085ADD1990AAA7CA611BADA
S315000211A71157145D15F723852E9C2F403051332591
S315000211B7343436AD830429F18D8304ADD1990A906F
S315000211C7034C1913ADD2990A9003205037204C14B9
S315000211D7AA7CDB11EB119C12131313131313EB12D5
S315000211E7D1121313ADD499C900F015C981D00620BF
S315000211F702384CBA11C982F00DC983F0464C6D12FA
S31500021207209E37EED499F2D6990207A03CA23C4C0F
S315000212178A3620F1F3B29B42B20543A200A90D9189
S3150002122742B29B42B20543A54285B6A54385B7B2EC
S3150002123744BDB759A9078DEB99200238A03CA24AAB
S315000212474C5636F2D6990207A03CA2C74C8A3620DC
S31500021257F1F3774CA94185BDB7592759200238A022
S315000212673CA2D64C5636F2D699020CA03CA262A9EB
S31500021277848DD4994C9C36200238A9058DEB99A00A
S315000212873CA272205C36AD000448C21005066820EF
S31500021297F8E34C1F114CAD12F2D699040620023818
S315000212A74C19134C2939F2D6990212F2D699040629
S315000212B72002384C1913A03CA2AD4C9C36200238AA
S315000212C720EA38A03CA2B94C5636F2D6990212F257
S315000212D7D69904062002384C1913A03CA2C74C9C87
S315000212E7364C5612F2D6990212F2D6990406200203
S315000212F7384C1913A03CA2904C9C36200238A90000
S315000213078DEB99ADFF0320F8E34C191320C1374C37
S315000213171F11ADEB99C900F01BC901F02BC902F0E9
S315000213272AC903F02DC904F030C905F033C906F0FE
S31500021337364C221148AD840429FE8D840468A03BED
S31500021347A2E8205C364CD0364C2939A03CA2064C82
S315000213575636A03CA2174C5636A03CA22B4C563604
S31500021367A03CA2724C5636A03CA29E4C5636ADD134
S3150002137799C980F0034C2211ADD299C900F0034CEA
S315000213872211ADD399C900F0034C2211ADD499C9E4
S3150002139700F0034C2211ADEB99C904D00EBF6303CB
S315000213A74C2211A9018DEB994C4614A900C901D00B
S315000213B70BBF6308A9048DEB994C46143F6312AD24
S315000213C7EB99C901D0034C2211A9018DEB994C4621
S315000213D714ADED998540ADEC99C540D029ADEB9991
S315000213E7C906D010AD0902D008A9008DEB994C4663
S315000213F7144C2211AD0902C900D0034C2211A906C9
S315000214078DEB994C46148DED99ADEC99C900F022F6
S31500021417C901D012ADEB99C907D0034C2211A90213
S315000214278DEB994C4614C902D008A9038DEB994C4A
S315000214374614A9008DEB993F6305A9018DEB992007
S315000214476DE04C1913A9008540ADEB9964400A601B
S31500021457ADD499297F0AAA7C61146714AD14A21622
S31500021467AD83042901D004A9818011AD8304290221
S31500021477F01BAD830429FD8D8304A9808DD199A91B
S31500021487008DD2998DD3998DD4994C2311EED49987
S31500021497A9018DD599A90A8DF199A047A25BA94100
S315000214A78DD8994C5636E2D69901034C522AE2D682
S315000214B79902034CC814E2D69904034CED1B4C73EC
S315000214C72AADD899AED7999DD999EED799B20B423B
S315000214D7B29A43204115CED49920EC37A9008DD56F
S315000214E799B23342B29A43203015A200BD339AF01D
S315000214F70CDD0B9AD003E880F3A980801BBD0B9AFB
S31500021507C900D0F5AD830409028D8304AD8304298E
S3150002151708F0034C8711A9828DD199A9008DD2991A
S315000215278DD3998DD4994C2311A2FFB2EC40B20602
S3150002153741E82022E19142D0F860A900AED7999DF1
S31500021547D999A200BDD999C900D0049D0B9A609D6D
S315000215570B9AE84C4B15ADD1990A90034C2A17AD55
S31500021567D299297F0AAA7C70157E15D2152B167574
S3150002157716B416D316A216ADD399297F0AAA7C8862
S31500021587153117921597159E15A816ADD499800C85
S31500021597ADD49989088005ADD499890E297F0AAAFF
S315000215A77CAA1538173F178817CC17E71702181D95
S315000215B718AE167D188418AC18C018D418AE16E8DB
S315000215C718EF181D1931194519AE16ADD399297F8A
S315000215D70AAA7CDC155919E815ED15F415FB15A8A9
S315000215E716ADD4998013ADD4998905800CADD499DB
S315000215F7890A8005ADD499890D297F0AAA7C07161F
S315000216076019671983199419AE16A519AC19C91960
S31500021617DD19AE16F119FD19111A1A1C211C3C1CEB
S315000216275E1CAE16ADD399297F0AAA7C3516801C95
S315000216373F1644164B16A816ADD499800CADD4990D
S3150002164789058005ADD499890A297F0AAA7C571686
S31500021657871C8E1CA91CBA1CAE16CB1CD21CEF1CEF
S31500021667001DAE16111D181D301D5E1DAE16ADD31B
S3150002167799297FD008A9018DD3994C8C1DADD49990
S31500021687297F0AAA7C8E16931DEB1D5A1E921ED21D
S315000216971EE31EF41E391F7E1FAE16CED2994C1FAD
S315000216A711CED3994C1F11CED4994C1F11ADD39994
S315000216B7297FD008A9018DD3994C8C20ADD49929BD
S315000216C77F0AAA7CCD1693209320AE16ADD399290D
S315000216D77F0AAA7CDD16CB20E516EA16A816ADD434
S315000216E7998005ADD499890C297F0AAA7CF616D268
S315000216F720D9203E214E215E216E217E218E219EFA
S3150002170721AE21BE21AE16DA21E1215A22702286A6
S31500021717229C22B222C822DE22F4220A2320233660
S3150002172723AE16A03CA2F04C9636A03CA2FE4C96DF
S3150002173736A03DA20D4C9636208017ADE999291899
S31500021747C918F00BC908F01CA03DA2894C7436AD26
S31500021757EE99C900F007A03DA28E4C7436A03DA2B1
S31500021767974C7436ADEE99C900F007A03DA2A04C7E
S315000217777436A03DA2A94C7436A03DA21F205C3642
S3150002178760F2D6990207A03DA2314C8A36A9338D5B
S3150002179738028D3A02A90A8D3602A90C8D3C02201F
S315000217A77CE0ADE999B20042B20143AD8104290159
S315000217B7F00DAD810429F88D8104B248BDB75920D1
S315000217C795384CD523F2D6990207A03DA2374C8A03
S315000217D736206318207FE02038182045184CD52379
S315000217E7F2D6990207A03DA24B4C8A3620631820EF
S315000217F77FE02038182054184CD523F2D6990207D1
S31500021807A03DA2604C8A362063182082E020381851
S315000218172045184CD523F2D6990207A03DA2744C4F
S315000218279C362063182082E02038182054184CD59D
S3150002183723ADE999B20042B2014320953860A90166
S315000218478DEE99B2E042B2064320953860A9008D23
S31500021857EE99B2E042B2064320953860AD3C02C922
S315000218670B9012A9108D38028D3A02A9068D3602FF
S31500021877A90B8D3C0260A03DA2B24C96362080177A
S31500021887A57D290BC90AF00FA5542907C904D00E4D
S31500021897A03DA2CB4C7436A03DA2CF4C7436A03DD8
S315000218A7A2D34C7436F2D6990207A03DA2D74C8A28
S315000218B736A9022097E04CD523F2D6990207A03D16
S315000218C7A2E44C8A36A9012097E04CD523F2D69991
S315000218D70207A03DA2F34C9C36A9002097E04CD5FF
S315000218E723A03EA2014C9036208017A5552907C989
S315000218F700F00EC903F011C904F014C905F01080EF
S3150002190707A03EA2164C7436A03EA21A4C7436A005
S315000219173EA21E4C7436F2D6990207A03EA2224C6C
S315000219278A36A9042097E04CD523F2D6990207A056
S315000219373EA2384C8A36A9052097E04CD523F2D623
S31500021947990207A03EA24D4C9C36A9032097E04C6C
S31500021957D523A03EA25C4C9636A03EA26C4C963688
S31500021967208017A54C29204A4A4A4A4AF007A03E30
S31500021977A27C4C7436A03EA2774C7436F2D69902F4
S3150002198707A03EA2824C8A36574C4CD523F2D699EB
S315000219970207A03EA2884C9C36D74C4CD523A03EC4
S315000219A7A28F4C9636208017A54F29704A4A4A4A73
S315000219B7C900F007A03EA2A84C7436A03EA2AB4CC3
S315000219C77436F2D6990207A03EA2AE4C8A36A90011
S315000219D7209AE04CD523F2D6990207A03EA2BA4C2A
S315000219E79C36A904209AE04CD523A03EA2C6A90F8D
S315000219F78DF1994C9636EED499A9018DD599A03ECB
S31500021A07A2D2A9788DD8994C5636E2D69901034CBB
S31500021A17131BE2D69902034C2E1AE2D69904034CFB
S31500021A27ED1BF2D6990861AED799ADD899C978F068
S31500021A37049DD999E8A9009DD9992002384C1638F0
S31500021A47ADD899C978D005A92F8DD8992076E0EE19
S31500021A57D899ADD899C93AF0034C70E0A9308DD818
S31500021A67994C70E0ADD899C978D005A9318DD89926
S31500021A772076E0CED899ADD899C92FF0034C70E0FD
S31500021A87A9398DD8994C70E0ADD899C978D005A9EE
S31500021A972F8DD8992076E0EED899ADD899C93AD044
S31500021AA708A9238DD8994C70E0C924D008A92A8D94
S31500021AB7D8994C70E0C92BD008A92C8DD8994C70AF
S31500021AC7E0C92DD008A92D8DD8994C70E0C92ED022
S31500021AD708A93B8DD8994C70E0C93CD008A9578D07
S31500021AE7D8994C70E0C958D008A9418DD8994C703D
S31500021AF7E0C945D008A9218DD8994C70E0C922F0D2
S31500021B07034C70E0A9308DD8994C70E0ADD899C9CD
S31500021B1778D005A9318DD8992076E0CED899ADD857
S31500021B2799C92FD008A9218DD8994C70E0C920D020
S31500021B3708A9448DD8994C70E0C940D008A9578D99
S31500021B47D8994C70E0C956D008A93B8DD8994C70E4
S31500021B57E0C93AD008A92D8DD8994C70E0C92CD086
S31500021B6708A92C8DD8994C70E0C92BD008A92A8DC3
S31500021B77D8994C70E0C929D008A9238DD8994C70F9
S31500021B87E0C922F0034C70E0A9398DD8994C70E070
S31500021B97ADD899C978F022AED79948AD83042920E2
S31500021BA7D006689DD99980036895D7EED799A97803
S31500021BB78DD8992070E04C1F11ADD799C900D01066
S31500021BC7A9008DD49920EC37A9008DD5994C9E1181
S31500021BD72076E0A9202070E02076E0CED799A97872
S31500021BE78DD8994C1F11ADD899C978D005EEF199C0
S31500021BF7801ECEF199D019EEF1992076E0A9202020
S31500021C0770E02076E0A9788DD8992070E04C1F11F4
S31500021C174C971BA03EA2E14C9036208017B201409A
S31500021C27B20141209B38A03EA2EDC900D004A03ED6
S31500021C37A2F34C7436F2D6990207A03EA2FA4C8A50
S31500021C4736A901B20142B20143209538ADEF99098F
S31500021C57018DEF994CD523F2D6990207A03FA2012F
S31500021C674C9C36A900B20142B20143209538ADEF2A
S31500021C779929FE8DEF994CD523A03FA2094C96369A
S31500021C87A03FA21E4C9636208017A54C29044A4A25
S31500021C97C900F007A03FA2394C7436A03FA2364CC2
S31500021CA77436F2D6990207A03FA2534C8A36274CBE
S31500021CB74CD523F2D6990207A03FA2664C9C36A7BB
S31500021CC74C4CD523A03FA23C4C9636208017A54CF8
S31500021CD729104A4A4A4AC900F007A03FA27D4C7416
S31500021CE736A03FA27A4C7436F2D6990207A03FA2D3
S31500021CF7804C8A36C74C4CD523F2D6990207A03FA9
S31500021D07A2944C9C36474C4CD523A03FA2A64C9096
S31500021D1736208017AD81042910D007A03FA2C64CF2
S31500021D277436A03FA2BE4C7436F2D6990207A03F7C
S31500021D37A2CF4C8A36AD810409108D8104B2E840E0
S31500021D47B20641209B380910B2E842B206432095F3
S31500021D573820E7F24CD523F2D6990207A03FA2E430
S31500021D674C9C36AD810429EF8D8104B2E840B20658
S31500021D7741209B3829EFB2E842B206432095382024
S31500021D87F1F34CD523A03FA2FA4C9636208017B220
S31500021D97E140B20641209B38A040A20DC900F0419E
S31500021DA7A040A216C901F03948A040A233A551297D
S31500021DB7304A4A4A4AC902F00CA040A22BC901F08E
S31500021DC704A040A22368C902F017A040A23BC90398
S31500021DD7F00FA040A243C907F007A040A24B4CE868
S31500021DE71D4C7436F2D6990207A040A2524C8A3687
S31500021DF7201920A901D74E6AB002574E2021F92091
S31500021E0791E0176920B8E020E7F2A9FB8DC602A97F
S31500021E17E08DC7024FA102A75947A10764077917A1
S31500021E2779A9002070F9A9002082204CD523209198
S31500021E37E0176920B8E047A1076407791779A9FB74
S31500021E478DC602A9E08DC702A9002070F9A9002054
S31500021E57822060F2D6990207A040A25F4C8A36A971
S31500021E6700D74E6AB002574E201BF920C31FC7A1DF
S31500021E770764077917798780A9002070F920A9E0F6
S31500021E872091E0A9012082204CD523F2D699020798
S31500021E97A040A26F4C8A36A9000A0A0A0A48A9CFA5
S31500021EA7255185516805518551A901D74E6AB00258
S31500021EB7574E2021F920C31F47A18764077917794F
S31500021EC72094E0A9022082204CD523F2D699020754
S31500021ED7A040A27B4C8A36A9014CA01EF2D69902D3
S31500021EE707A040A2874C8A36A9024CA01EF2D699B1
S31500021EF70207A040A2934C8A36A900D74E6AB002BF
S31500021F07574E201BF920C31FA9000A0A0A0A48A925
S31500021F17CF255185516805518551C7A187648779B0
S31500021F279779573D2094E020A9E0A90F2082204CFB
S31500021F37D523F2D6990207A040A2A54C8A36A90054
S31500021F47D74E6AB002574E201BF920C31FA9000AB3
S31500021F570A0A0A48A9CF255185516805518551C7ED
S31500021F67A1876487791779573D2094E020A9E0A9CC
S31500021F77072082204CD523F2D6990207A040A2B8A1
S31500021F874C9C36A900D74E6AB002574E201BF92041
S31500021F97C31FA9000A0A0A0A48A9CF25518551680B
S31500021FA705518551C7A1876407791779573D20944B
S31500021FB7E020A9E0A9032082204CD523CFA1528F86
S31500021FC7644FA54E29204A4A4A4A4AB2E342B20612
S31500021FD743209538A54E29184A4A4AB2E442B20620
S31500021FE743209538A54E29404A4A4A4A4A4AB2E503
S31500021FF742B20643209538A553290C4A4AB2E6420D
S31500022007B20643209538A558B2E742B20643209551
S315000220173860CFA10B8F64088F79059F7902805AA2
S31500022027B2E340B20641209B38D74E6AB002574EFA
S31500022037B2E440B20641209B380A0A0A48A9E725B4
S315000220474E854E68054E854EB2E540B20641209B47
S3150002205738E74E6AB002674EB2E640B20641209BA7
S31500022067380A0A48A9F3255385536805538553B297
S31500022077E740B20641209B38855860B2E142B20674
S315000220874320953860A040A2C84C9636F2D69902EC
S3150002209707A040A2DF4C9C36A9008D400420A0E091
S315000220A720F1F320351E20E7F2A9002034E1A9002A
S315000220B785BA2097E4A9008DD49920EC37A040A2CF
S315000220C7F54C9036A041A20F4C9036A041A2244C63
S315000220D79636208017AD7D04C912D007A041A251BA
S315000220E74C7436C911D007A041A2584C7436C90997
S315000220F7D007A041A25E4C7436C908D007A03AA2FF
S31500022107E04C7436C907D007A03AA2C94C7436C93F
S3150002211706D007A03AA2BF4C7436C905D007A03A23
S31500022127A2BA4C7436C904D007A03AA2B54C743683
S31500022137A03AA2AD4C7436F2D6990207A041A26420
S315000221474C8A36A912807EF2D6990207A041A26C62
S315000221574C8A36A911806EF2D6990207A041A2735C
S315000221674C8A36A909805EF2D6990207A041A27A5D
S315000221774C8A36A908804EF2D6990207A041A28157
S315000221874C8A36A907803EF2D6990207A041A28752
S315000221974C8A36A906802EF2D6990207A041A28D4D
S315000221A74C8A36A905801EF2D6990207A041A29348
S315000221B74C8A36A904800EF2D6990207A041A29943
S315000221C74C9C36A9028D72058D7D04A9002034E147
S315000221D74CD523A041A23D4C9036208017AD3C0238
S315000221E7D007A042A24E4C7436C901D007A042A21C
S315000221F7564C7436C902D007A042A25F4C7436C940
S3150002220703D007A042A2694C7436C909D007A04277
S31500022217A2724C7436C90AD007A042A27B4C743606
S31500022227C90BD007A042A2854C7436C90CD007A0A9
S3150002223742A28F4C7436C90DD007A042A2994C749C
S3150002224736C940D007A042A2A34C7436A042A2AC1C
S315000222574C7436F2D6990207A042A2254C8A36A9B1
S315000222670B8D3602A90D4C4923F2D6990207A042D5
S31500022277A2194C8A36A90A8D3602A90C4C4923F2B1
S31500022287D6990207A042A20D4C8A36A9068D3602B6
S31500022297A90B4C4923F2D6990207A041A2FE4C8A02
S315000222A736A9058D3602A90A4C4923F2D6990207A1
S315000222B7A041A2F34C8A36A9048D3602A9094C49D4
S315000222C723F2D6990207A041A2E84C8A36A9038DC2
S315000222D73602A9034C4923F2D6990207A041A2DA8C
S315000222E74C8A36A9028D3602A9024C4923F2D6999F
S315000222F70207A041A2CF4C8A36A9018D3602A9014F
S315000223074C4923F2D6990207A041A2C54C8A36A99F
S31500022317008D3602A9004C4923F2D6990207A0423C
S31500022327A23F4C8A36A9088D3602A9454C4923F2A3
S31500022337D6990207A042A2314C9C36A9078D3602CE
S31500022347A9404877B237B1C2016D02A9038D6A9ACD
S31500022357A90248A9FC2D6B028D6B02680D6B028DD3
S315000223676B0207B26848C90DD004F7B287B280007C
S31500022377688D3C028D5D9A2084234CD523A9008D56
S31500022387629A8D3702A200AD3C02DDB423F009E85A
S31500022397E8E8E021B01480F2E8BDB4238D619AE83B
S315000223A7BDB4238D38028D5E9A604C01E140000070
S315000223B700000045020201020203020202030309A8
S315000223C706060A08080B10100C10330D2D33A90048
S315000223D72034E1A9008DD49920EC37A042A2B64C4D
S315000223E79036A042A2C14C9036A042A2D24C903659
S315000223F7ADD1990A90034C8F25ADD299297F0AAAA6
S315000224077C0A2418246A24B224F4242B255A25A2EA
S3150002241716ADD399297F0AAA7C222496252C243124
S31500022427243824A816ADD499800CADD49989068090
S3150002243705ADD499890E297F0AAA7C44249D25A431
S3150002244725CB25EB250B26AE162B2632269226AA58
S3150002245726C226E1260227AE1623272A2745275D07
S3150002246727AE16ADD399297F0AAA7C742475277ECF
S315000224772483248A24A816ADD499800EADD49989CB
S31500022487048007ADD49989088000297F0AAA7C9817
S31500022497247C2783279927A127E627ED27FF2713DA
S315000224A72886288D289F28A228AE16ADD399297F7C
S315000224B70AAA7CBC240129C624CB24D224A816AD99
S315000224C7D499800CADD49989048005ADD49989072E
S315000224D7297F0AAA7CDE24082921293D29AE165915
S315000224E7296429F929942A9F2A202B442BADD399AB
S315000224F7297F0AAA7CFE24AC2B06250B25A816AD36
S31500022507D4998005ADD4998905297F0AAA7C17250E
S31500022517B32BBA2BD32BEE2BAE164D2C542C6D2C7C
S31500022527C62CAE16ADD399297F0AAA7C3525372D37
S315000225373D254225A816ADD4998005ADD4998903C0
S31500022547297F0AAA7C4E253E2D452DAE16532D5AB6
S315000225572DAE16ADD399297F0AAA7C6425A72D6CC1
S31500022567257125A816ADD4998005ADD49989052973
S315000225777F0AAA7C7D25AE2DB52DCD2DF82DAE165B
S31500022587232E2A2E432EAE16A042A2E24C9636A040
S3150002259742A2F34C9636A043A2014C9636208017E8
S315000225A7A54E29184A4A4AC902F012C903F007A0DA
S315000225B743A20D4C7436A043A2114C7436A043A213
S315000225C7154C7436F2D6990207A043A2194C8A36DD
S315000225D7A9020A0A0A48A9E7254E854E68054E85C5
S315000225E74E4CD523F2D6990207A043A22B4C8A3624
S315000225F7A9000A0A0A48A9E7254E854E68054E85A7
S315000226074E4CD523F2D6990207A043A23D4C9C36DF
S31500022617A9030A0A0A48A9E7254E854E68054E8583
S315000226274E4CD523A043A2544C9636208017A54E6E
S3150002263729204A4A4A4A4AC900F028A55429084A7B
S315000226474A4AD011A55429104A4A4A4AD00EA043EB
S31500022657A2A84C7436A043A2B04C7436A043A2B8C3
S315000226674C7436A55429084A4A4AD011A55429104A
S315000226774A4A4A4AD00EA043A2904C7436A043A2B5
S31500022687984C7436A043A2A04C7436F2D699020728
S31500022697A043A26B4C8A36A900D74E6AB002574EA0
S315000226A74CD523F2D6990207A043A27F4C8A36A9B4
S315000226B701D74E6AB002574E4CD523F2D699020776
S315000226C7A043A2C04C8A36A900B7546AB00237544F
S315000226D7C7546AB00247544CD523F2D6990207A0CB
S315000226E743A2D74C8A36A901B7546AB0023754A90E
S315000226F700C7546AB00247544CD523F2D69902074B
S31500022707A043A2EB4C9C36A900B7546AB0023754D1
S31500022717A901C7546AB00247544CD523A043A2FF66
S315000227274C9036208017A54E29044A4AC900F0075D
S31500022737A044A20B4C7436A044A20F4C7436F2D6B0
S31500022747990207A044A2134C8A36A900A74E6AB07B
S3150002275702274E4CD523F2D6990207A044A2234C50
S315000227679C36A901A74E6AB002274E4CD523A04430
S31500022777A2314C9636A044A2474C9636F2D6990118
S315000227870CA044A25A205636A9334C1D31A9334C04
S315000227974A31A90F8DF1994CFD19E2D69901034CDD
S315000227A7131BF2D699020BE2D69904034CED1B4C86
S315000227B78F1AADD899AED7999DD999E8A90D9DD902
S315000227C799A903A8B2D944B29945203DE1CED49935
S315000227D720EC37A9008DD599A044A26A4C5636A09B
S315000227E744A27F4C9636A044A295205636AD1602D1
S315000227F7854120AE384CB236EED499A9018DD599CA
S31500022807A044A2A4A9318DD8994C5636E2D699018D
S315000228170FADD899C930D005A93A8DD8994C131B53
S31500022827F2D6990223E2D699040FADD799C901D0F8
S3150002283705A9788DD8994C971BADD899C939D00572
S31500022847A92F8DD8994C8F1AADD899AED7999DD9FC
S3150002285799EED799A900AED7999DD999B2D940B21F
S31500022867994120A2E28D1602A9002034E1CED4991D
S3150002287720EC37A9008DD599A044A2BC4C5636A0A8
S3150002288744A2C84C9036A044A295205636AD1702EC
S31500022897854120AE384CB2364CFF27E2D699010F56
S315000228A7ADD899C930D005A93A8DD8994C131BF2E0
S315000228B7D6990223E2D699040FADD799C901D00555
S315000228C7A9788DD8994C971BADD899C939D005A93E
S315000228D72F8DD8994C8F1AADD899AED7999DD9997C
S315000228E7EED799A900AED7999DD999B2D940B2998F
S315000228F74120A2E28D17024C6F28A044A2DE4C9615
S3150002290736208017A5AF2901C900F007A044A2F017
S315000229174C7F36A044A2F64C7F36F2D6990207A020
S3150002292744A2FD4C8A3687AFB2DD42B20643A901FD
S315000229372095384CD523F2D6990207A045A20A4C10
S315000229479C3607AFB2DD42B20643A9002095384C42
S31500022957D523A9008542A045A2184C9636A9018D12
S31500022967D599F2D6990277F2D6990407F2D699083B
S3150002297706801CE6428002C642A542C900D010A9BB
S31500022987008DD599A9008DD49920EC374C9E11A0BC
S3150002299745A238205C36A542C90A9035C914901952
S315000229A7C91E9021A9332070E0A542C91ED0034C47
S315000229B7342BC642A5424C342BA9312070E0A542DE
S315000229C718E909800CA9322070E0A54218E913809C
S315000229D70009302070E0A93F2070E04CA836EED4FB
S315000229E799A90A8DF199A045A227A9418DD8994C93
S315000229F75636E2D69901034C522AF2D699020BE2CF
S31500022A07D69904034CED1B4C732AADD899AED799C8
S31500022A179DD999EED799A5428540B22842B201437C
S31500022A27C640F00EA542692F8542A5436900854334
S31500022A3780EE207938CED49920EC37A9008DD59926
S31500022A47A9008542A045A2494C5636ADD899C97800
S31500022A57D005A9408DD8992076E0EED899ADD899B8
S31500022A67C95BD005A9418DD8994C70E0ADD899C9F3
S31500022A7778D005A95B8DD8992076E0CED899ADD8BE
S31500022A8799C940D005A95A8DD8994C70E0A90085F5
S31500022A9742A045A2594C9036A9018DD599F2D699ED
S31500022AA70277F2D6990407F2D6990806801CE642FF
S31500022AB78002C642A542C900D010A9008DD599A9A0
S31500022AC7008DD49920EC374C9E11A045A278205C44
S31500022AD736A542C90A9035C9149019C91E9021A96B
S31500022AE7332070E0A542C91ED0034C342BC642A53B
S31500022AF7424C342BA9312070E0A54218E909800C13
S31500022B07A9322070E0A54218E91380000930207027
S31500022B17E0A93F2070E04CA836EED499A045A269F9
S31500022B27A90F8DF199A9788DD8994C563618E91DB2
S31500022B3709302070E0A93F2070E04CC636E2D699EC
S31500022B4701034C131BE2D69902034C5F2BE2D6997B
S31500022B5704034CED1B4C8F1AADD899AED7999DD964
S31500022B6799EED799A5428540B22842B20143C6409B
S31500022B77F00EA542692F8542A5436900854380EE7B
S31500022B87A542690B8542A54369008543207938CE5C
S31500022B97D49920EC37A9008DD599A9008542A0457D
S31500022BA7A2874C5636A045A2954C9636A045A2A8B2
S31500022BB74C9636EED499A9018DD599A045A2C1A9FD
S31500022BC7038DF199A9308DD8994C5636E2D69901DB
S31500022BD7034C6B1AE2D69902034CEE2BE2D6990402
S31500022BE7034CED1B4C471AADD899AED7999DD99987
S31500022BF7EED799A900AED7999DD999CED49920EC4B
S31500022C0737A9008DD599A045A2DB205C36B2D940FB
S31500022C17B2994120A2E2C90DD006ADF0994C452CD6
S31500022C27C95DD006AD8C044C452CC931D006AD8D95
S31500022C37044C452C206AE190034C252DA14485417D
S31500022C4720A1384C1F11A045A2EC4C9036EED49920
S31500022C57A9018DD599A045A2C1A9038DF199A930DC
S31500022C678DD8994C5636E2D69901034C6B1AE2D6A1
S31500022C779902034C882CE2D69904034CED1B4C4768
S31500022C871AADD899AED7999DD999EED799A900AE1B
S31500022C97D7999DD999B2D940B2994120A2E28D53CB
S31500022CA704A9008DD799EED499A9018DD599A04586
S31500022CB7A2FCA9038DF199A9308DD8994C5636E213
S31500022CC7D69901034C6B1AE2D69902034CE12CE220
S31500022CD7D69904034CED1B4C471AADD899AED79932
S31500022CE79DD999EED799A900AED7999DD999A95594
S31500022CF78DD699B2D940B2994120A2E28DD89920B0
S31500022D07A3E0A9002034E1A9008DD699CED4992053
S31500022D17EC37A9008DD599A046A2154CA236CED47A
S31500022D279920EC37A9008DD599A046A2224CA23646
S31500022D37A046A22F4C9636A046A23F4C9636209F17
S31500022D472DADA104854120A1384C1F11A046A24CE6
S31500022D574C9036209F2DADB404C905902DC99AB063
S31500022D672D8540B211442086E3A201A540E90A85D2
S31500022D7740A541E9008541E8A541C900D004A5401F
S31500022D87C913B0E78A38E9078006A9018002A9FFB5
S31500022D97854120A1384C1F11A046A262205C3660ED
S31500022DA7A046A2734C9036A046A2884C963620803F
S31500022DB717AD83042901D007A046A2A84C7436A0F2
S31500022DC746A2A04C7436F2D6990207A046A2B14C87
S31500022DD78A36AD830409038D8304B2E840B20641FD
S31500022DE7209B380901B2E842B206432095384CD5F2
S31500022DF723F2D6990207A046A2C24C9C36AD83049B
S31500022E0729FE8D8304B2E840B20641209B3829FE8B
S31500022E17B2E842B206432095384CD523A046A2D43F
S31500022E274C9036EED499A9018DD599A90A8DF199B7
S31500022E37A047A25BA9418DD8994C5636E2D699018D
S31500022E47034C522AE2D69902034C5E2EE2D6990425
S31500022E57034CED1B4C732AADD899AED7999DD999D8
S31500022E67EED799B2EC42B20643207938CED49920EE
S31500022E77EC37A9008DD599A045A2494C5636ADD156
S31500022E87990A90034CD32EADD299297F0AAA7C9828
S31500022E972E9C2EA216ADD399297F0AAA7CA62EDAD4
S31500022EA72EAE2EB32EA816ADD4998007ADD4998926
S31500022EB7058000297F0AAA7CC12EE12EE82E002F63
S31500022EC71D2FAE163A2F412F5A2FAE16A046A2E154
S31500022ED74C9636A046A2F04C9036A047A2074C96CF
S31500022EE736208017ADF099C900D007A047A2234C18
S31500022EF77436A047A21B4C7436F2D6990207A0472E
S31500022F07A22C4C8A36A92A8DF099B2D942B2064327
S31500022F172095384CD523F2D6990207A047A2374CFB
S31500022F279C36A9008DF099B2D942B206432095384C
S31500022F374CD523A047A2434C9036EED499A9018DCE
S31500022F47D599A90A8DF199A047A25BA9418DD8996E
S31500022F574C5636E2D69901034C522AE2D699020317
S31500022F674C752FE2D69904034CED1B4C732AADD848
S31500022F7799AED7999DD999EED799B21D42B2014317
S31500022F87207938CED49920EC37A9008DD599A0455A
S31500022F97A2494C5636ADD1990A90034CD72FADD2DA
S31500022FA799297F0AAA7CAF2FB32FA216ADD39929E7
S31500022FB77F0AAA7CBD2FDE2FC32FA816ADD4998010
S31500022FC700297F0AAA7CCF2FE52FEC2F2130AE16D8
S31500022FD7A047A27F4C9636A047A26C4C9036A047D4
S31500022FE7A28B4C9036F2D6990207A047A29B4C8A2F
S31500022FF736A90A48A9F4255185516805518551A96B
S315000230070A48A9F4257D857D68057D857DA9012068
S315000230179DE01707208BE04CE923F2D6990207A019
S3150002302747A2A84C9C36A9012097E0208EE120E70B
S31500023037F29707208EE04CF023ADD1990A90034C04
S31500023047AD30ADD299297F0AAA7C53305730A216E2
S31500023057ADD399297F0AAA7C6130B4306B307030C0
S315000230677730A816ADD499800EADD4998906800714
S31500023077ADD499890E8000297F0AAA7C8530BB3098
S31500023087CA30D930E830F730AE168F319E31B731B4
S31500023097F031213252327232AE16D332DA32ED3291
S315000230A700331333AE16A047A2B64C9636A047A2F4
S315000230B7CA4C9036AD830429DF8D8304A048A2301B
S315000230C74C9636F2D6990105A9304C0631A9304CF1
S315000230D74A31F2D6990105A9314C0631A9314C4A32
S315000230E731F2D6990105A9324C0631A9324C4A3139
S315000230F7F2D6990105A9334C0631A9334C4A314810
S31500023107A048A243205C3668854548206AE0A90D97
S315000231178545206AE0688545B20B42B29A43A545C2
S31500023127290F201CE1A90B85B5A99A85B6A1B5C9B0
S3150002313720B0034C1F118545206AE0E6B5D0EEE6BE
S31500023147B680EA48A048A29F205636A90D85452093
S315000231576AE0688545B20B42B29A43A545290F2014
S315000231671CE1A90B85B5A99A85B6A200A1B5C92006
S31500023177900CE8E011B004E6B580F14C3431A90DA4
S315000231878545206AE04C1F11AD830409208D83040F
S31500023197A048A24B4C9636EED499A9018DD599A98A
S315000231A71E8DF199A048A25FA9788DD8994C8A36C7
S315000231B7E2D699020DA9068DD499A9008DEA994CF2
S315000231C7051AE2D699040CA9038DD499A048A26FD1
S315000231D74C8A36E2D699080E20E13720E137A90054
S315000231E78DD5994C8F314C1F11E2D699020DA9063E
S315000231F78DD499A9018DEA994C051AE2D699040C40
S31500023207A9048DD499A048A27F4C8A36E2D699089A
S3150002321706CED4994CA6314C1F11E2D699020DA9B6
S31500023227068DD499A9028DEA994C051AE2D6990414
S315000232370CA9058DD499A048A28F4C9C36E2D69943
S315000232470806CED4994CD3314C1F11E2D699020DFA
S31500023257A9068DD499A9038DEA994C051AE2D6993E
S315000232670806CED4994C0C324C1F11E2D6990103AB
S315000232774C131BE2D69902034CA732E2D699041DD8
S31500023287AED799E00FF0034CED1B48A048A29F204A
S315000232975636A90D8545206AE0684CED1B4C8F1AF8
S315000232A7ADD899AED79995D7E8A90D95D7ADEA992D
S315000232B7A8B2D744B20045203DE1CED49920EC37D7
S315000232C7A9008DD599A045A2874C5636A047A2E0FC
S315000232D74C9036F2D6990207A047A2F44C8A36A931
S315000232E70085454C2633F2D6990207A048A2034C1D
S315000232F78A36A90185454C2633F2D6990207A04894
S31500023307A2124C8A36A90285454C2633F2D6990271
S3150002331707A048A2214C9C36A90385454C26332093
S31500023327F1F3B29B42B20543A545201CE1B29B428B
S31500023337B20543A54285B6A54385B7D76EF74CB204
S3150002334744BDB7592002384C1F11ADD1990A9003D3
S315000233574C8C33ADD299297F0AAA7C64336833A28F
S3150002336716ADD399297F0AAA7C723393337833A889
S3150002337716ADD499297F0AAA7C82339A33C233E3DC
S31500023387330434AE16A048A2AE4C9636A048A2BA6B
S315000233974C9036208017A55329304A4A4A4AC90013
S315000233A7F00BC901F00EA048A2CE4C7436A048A273
S315000233B7D44C7436A048A2DA4C7436F2D699020770
S315000233C7A048A2E04C8A36A9010A0A0A0A48A9CFE6
S315000233D72553855368055385534CD523F2D699024F
S315000233E707A048A2F54C8A36A9020A0A0A0A48A978
S315000233F7CF2553855368055385534CD523F2D69962
S315000234070207A049A20A4C9C36A9000A0A0A0A48D8
S31500023417A9CF2553855368055385534CD523ADD17B
S31500023427990A90034C7034ADD299297F0AAA7C383F
S31500023437343C34A216ADD399297F0AAA7C4634773F
S31500023447344C34A816ADD4998000297F0AAA7C5831
S31500023457347E34F93414352F354A35653580359B34
S3150002346735B635D135EC35AE16A049A21F4C903686
S31500023477A049A22D4C9036208017AD3B03C9B5D083
S3150002348707A049A2444C7436C999D007A049A24756
S315000234974C7436C901D007A049A24A4C7436C902F0
S315000234A7D007A049A24D4C7436C903D007A049A23A
S315000234B7504C7436C904D007A049A2534C7436C976
S315000234C700D007A049A2564C7436C909D007A049AD
S315000234D7A2594C7436C96CD007A049A25C4C743603
S315000234E7C99FD007A049A25F4C7436A049A2624C75
S315000234F77436F2D6990207A049A2674C8A36670242
S31500023507F763A9B58D3B032007364CD523F2D69927
S315000235170207A049A27A4C8A366702F763A9998DF0
S315000235273B032007364CD523F2D6990207A049A2B8
S315000235378D4C8A366702F763A9018D3B032007364E
S315000235474CD523F2D6990207A049A2A04C8A366720
S3150002355702F763A9028D3B032007364CD523F2D621
S31500023567990207A049A2B34C8A36E702F763A90371
S315000235778D3B032007364CD523F2D6990207A0497D
S31500023587A2C64C8A366702F763A9048D3B03200756
S31500023597364CD523F2D6990207A049A2D94C8A36C8
S315000235A76702F763A9008D3B032007364CD523F242
S315000235B7D6990207A049A2EC4C8A366702F763A995
S315000235C7098D3B032007364CD523F2D6990207A06D
S315000235D749A2FF4C8A366702F763A96C8D3B032023
S315000235E707364CD523F2D6990207A04AA2124C9C5B
S315000235F7366702F763A99F8D3B032007364CD5230F
S315000236078D849A482028E1682011E3B00D8D0A9A25
S315000236172025E12008E3203AE160AD849A20F0787C
S31500023627B0072008E3203AE1604C01E160CED19968
S315000236374C1F115ADA206DE078EADBEB8545CBC9D8
S3150002364700F009206AE078EADBBB80EF58DB6020EE
S315000236573A364C1F11203A36605ADA78EADB2042AC
S31500023667364C1F115ADA78EADB204236605ADA7884
S31500023677EADB2042364CB2365ADA78EADB204236A1
S315000236874CBC36203A364CA836203A364CB236204F
S315000236973A364CBC36203A364CC636203A364CDADF
S315000236A7362085E0A04AA2254C60362085E0A04A4E
S315000236B7A2394C60362085E0A04AA2334C603620F8
S315000236C785E0A04AA22D4C60362085E0A04AA23D9D
S315000236D74C60362085E0A04AA2414C6036ADD599AA
S315000236E72901F00160ADD1990A903CA9008DD299C2
S315000236F78DD3998DD499F2D699010BF2D699040AEC
S31500023707F2D699081660EED19960ADD199297F8DC7
S31500023717D199ADD29909808DD29960ADD199297F78
S31500023727D00160CED19960ADD2990A904BA9008D8E
S31500023737D3998DD499F2D699010BF2D699040AF246
S31500023747D699081860EED29960ADD299297F8DD2A3
S3150002375799ADD39909808DD3994C9A37ADD29929C8
S315000237677FF004CED29960ADD299297F8DD299ADD9
S31500023777D19909808DD19960ADD3990A904DA90047
S315000237878DD499F2D699010BF2D699040AF2D699F3
S31500023797081D60EED39960A9008DD799ADD39929F3
S315000237A77F8DD399ADD49909808DD4994CDD37CEC7
S315000237B7D399ADD399297FF00160ADD399297F8D2E
S315000237C7D399ADD29909808DD29960F2D69904061A
S315000237D7F2D699080560EED49960CED499ADD499FC
S315000237E7297FF00160A9008DD799ADD499297F8DDC
S315000237F7D499ADD39909808DD39960A9808DD19932
S31500023807A9008DD2998DD3998DD4998DD59960209A
S31500023817F1F3B29B42B20543203D38B29B42B20551
S3150002382743A54285B6A54385B7B244BDB759A90292
S315000238378DEB994C1F11A200BDD999C900F00591CC
S3150002384742E880F4A90D9142E860A200A9008542E8
S31500023857A54289018542C90AD001602022E1C90031
S31500023867F004C9FFD001608545DA206AE0FAE84C20
S315000238775738A900AED7999DD999A200BDD999C93A
S3150002388700D004201FE160201FE1E84C8338A20024
S31500023897201FE160A2002022E160B2644020C938FD
S315000238A7F0058545206AE0B20043B20A4020C938CE
S315000238B7F0058545206AE0A5411869308545206AE5
S315000238C7E060B2304238A541E5409004E642D0F8BE
S315000238D71865408541A542C930F00548B2004368DC
S315000238E7C54360A7657F4C06AD16048D5804BF59BC
S315000238F7034F632DA90085BAA9008D2602A9FE8D5D
S3150002390795866F5912B76A9767AD22028DB102A9DA
S31500023917008DB2021761602007E1A94885BDB75934
S315000239276060206DE08F6B1F9F6B2EAD92040AAA13
S31500023937BD1F3A85B5BD203A85B620093AA92C8519
S3150002394745206AE04CAE39A58C290F0AAABD873AEB
S3150002395785B5BD883A85B6803248AD840409018D9E
S315000239678404687F4C2FADE298292C3AC908B00D1A
S31500023977AABDA13A85B5BDA23A85B6800E29063AF1
S31500023987AABDA93A85B5BDAA3A85B620093AA92C90
S315000239978545206AE0A200BDDD3B85B5BDDE3B85D8
S315000239A7B620093A4CB23648A040A233A55129306F
S315000239B74A4A4A4AC902F00CA040A22BC901F0049E
S315000239C7A040A223688F6404A03CA2A6206B360FF0
S315000239D764034CB236A200A5BBC946F015A202C9BA
S315000239E750F00FA204C951F009A206E24A024002A8
S315000239F7A208BDB23B85B5BDB33B85B620093A4C95
S31500023A07D036A1B5C920B0034C1F118545206AE0FF
S31500023A17E6B5D0EEE6B680EAAD3AB13AB53ABA3A83
S31500023A27BF3AC93ACE3AD43AC43ADA3AE03AE63A29
S31500023A37EC3AF23AF83AFE3A043B0A3B103B163B9B
S31500023A471C3B223B283B2E3B343B3A3B403B463B07
S31500023A574C3B523B583B5E3B643B0A3B6A3B703BE3
S31500023A67163B763B7C3B223B823B883B2E3B8E3B7F
S31500023A77943B3A3B9A3BA03B463BA63BAC3B523B6D
S31500023A87AD3ABA3ABF3AC43AC93AC43AC43AC93A53
S31500023A97C93ACE3ACE3AD43AD43ABA3AC93ABF3AF8
S31500023AA7C43AD43ACE3A3330300036303000313267
S31500023AB7303000323430300034383030003732306C
S31500023AC7300039363030003132303030003134345C
S31500023AD7303000313638303000313932303000324A
S31500023AE7313630300032343030300032363430300E
S31500023AF70032383830300033313230300033333623
S31500023B073030003332303030003334303030003327
S31500023B1736303030003338303030003430303030E1
S31500023B2700343230303000343430303000343630FE
S31500023B3730300034383030300035303030300035F0
S31500023B4732303030003534303030003536303030B0
S31500023B5700323830303000323933333300333036BF
S31500023B67363700333333333300333436363700339D
S31500023B77373333330033383636370034313333335A
S31500023B87003432363637003435333333003436367B
S31500023B973637003439333333003530363637003566
S31500023BA73333333300353436363700BC3BC13BC576
S31500023BB73BCE3BD33B4E6F4543004D4E50004345EC
S31500023BC74C4C554C4152004C41504D004C41504DC6
S31500023BD72D5352454A00DF3B464158204D4F444537
S31500023BE700535441545553203D0D49444C45005307
S31500023BF75441545553203D0D4F4E4C494E450053A3
S31500023C075441545553203D0D4449414C494E4700B2
S31500023C17535441545553203D0D434F4E4E4543543D
S31500023C27494E4700535441545553203D0D4553437E
S31500023C3741504544004D414E55414C204F5249474C
S31500023C472E3F004D414E55414C204F5249470D4993
S31500023C574E2050524F47524553530042555359200F
S31500023C674F5554204D4F44454D3F004D4F44454D0A
S31500023C7720425553494544204F55540D20202020B4
S31500023C8720202020207E2CB400554E425553592021
S31500023C974D4F44454D3F0052494E47494E47004115
S31500023CA753594E432C00444953434F4E4E454354B2
S31500023CB73F00444953434F4E4E454354494E4700EE
S31500023CC74D414E55414C20414E535745523F004DAB
S31500023CD7414E55414C20414E535745520D494E20B0
S31500023CE750524F4752455353004241534943204F7F
S31500023CF75054494F4E53004F4E4C494E45204F5054
S31500023D0754494F4E53004C494E4520545950450D80
S31500023D174F5054494F4E530043555252454E542025
S31500023D2753455454494E473D0D005053544E3F0098
S31500023D37322057495245204C454153453F0D4F5274
S31500023D4749472E00322057495245204C4541534593
S31500023D573F0D414E5357455200342057495245208D
S31500023D674C454153453F0D4F5249472E0034205784
S31500023D77495245204C454153453F0D414E53574500
S31500023D8752005053544E0034574C4C204F52470062
S31500023D9734574C4C20414E530032574C4C204F520D
S31500023DA7470032574C4C20414E53004552524F5210
S31500023DB720434F5252454354494F4E0D4F50544993
S31500023DC74F4E530026453200264530002645310020
S31500023DD74543204F4E3F202826453229004543209A
S31500023DE74155544F3F202826453129004543204F48
S31500023DF746463F20282645302900464C4F57204342
S31500023E074F4E54524F4C0D4F5054494F4E53002666
S31500023E174533002645340026453500484152445766
S31500023E2741524520464C4F573F0D282645342920F7
S31500023E3700534F46545741524520464C4F573F0D64
S31500023E472826453529004E4F20464C4F573F0D2809
S31500023E5726453329004449414C494E47204F505481
S31500023E67494F4E5300544F4E452F50554C5345001C
S31500023E77544F4E450050554C534500544F4E453FFF
S31500023E870050554C53453F00424C494E442F534D23
S31500023E97415254204449414C0D4F5054494F4E53B9
S31500023EA700583400583000424C494E443F202858A7
S31500023EB7302900534D4152543F2028583429004493
S31500023EC749414C204E554D42455200454E544552A6
S31500023ED7204E554D4245520D7800445452204449CE
S31500023EE7414C494E47004444204F4E004444204F1C
S31500023EF74646004444204F4E3F004444204F464620
S31500023F073F00434F4D4D414E44204D4F44450D4FC3
S31500023F175054494F4E5300454E41424C452F444952
S31500023F275341424C450D524553504F4E534500514E
S31500023F373000513100564552424F53452F54455290
S31500023F4753450D524553504F4E534500454E414238
S31500023F574C4520524553502E3F0D285130290044D7
S31500023F67495341424C4520524553502E3F0D285145
S31500023F77312900563000563100564552424F5345B5
S31500023F8720524553502E3F0D28563129005445528B
S31500023F97534520524553502E3F0D2856302900458A
S31500023FA74E41424C452F44495341424C450D434DE0
S31500023FB744204D4F444500454E41424C454400443A
S31500023FC7495341424C454400454E41424C452043E4
S31500023FD74F4D4D414E440D4D4F44453F00444953C5
S31500023FE741424C4520434F4D4D414E440D4D4F44A2
S31500023FF7453F0053594E432F4153594E430D4F5098
S3150002400754494F4E53004153594E432041540041A0
S3150002401753594E43205632356269730053594E43FC
S31500024027204E520053594E432058430053594E438C
S3150002403720534C0053594E432042490053594E438D
S315000240472048490053594E432048004153594E438D
S315000240572C204E4F524D3F004153594E432C20566A
S315000240672E32356269733F0053594E432C204E4F09
S31500024077524D3F0053594E432C2058434C4B3F0059
S3150002408753594E432C20534C41563F00562E323538
S315000240976269732048444C430D4E525A3F00562ECE
S315000240A732356269732048444C430D4E525A493F92
S315000240B700562E323562697320424953594E433FA1
S315000240C700524553455420464143544F52590D44D5
S315000240D7454641554C545300524553455420544F77
S315000240E720464143544F52590D4E4F573F004641C2
S315000240F743544F52592044454641554C54530D5249
S315000241074553544F52454400434F4E4E4543542060
S31500024117524154450D4F5054494F4E530053455241
S3150002412749414C204241554420524154450D2841AC
S315000241375424534229004D4F44454D20535045457B
S31500024147440D2841542B4D53290031313532303035
S3150002415700353736303000333834303000313135B8
S315000241673230303F0035373630303F00333834305F
S31500024177303F0031393230303F00393630303F0078
S31500024187343830303F00323430303F00313230304D
S315000241973F003330303F00562E3233203132303033
S315000241A7004B353620353630303000423130332039
S315000241B73330300042323132203132303000562E1F
S315000241C73231203330303F00562E323220313230F0
S315000241D7303F00562E323262697320323430303F16
S315000241E700562E323320313230303F00562E3332CC
S315000241F720393630303F00562E333262697320310A
S31500024207343430303F00562E333420333336303091
S315000242173F00562E39302035363030303F00562E85
S3150002422739322035363030303F0042656C6C2031EA
S315000242373033203330303F0042656C6C20323132E6
S3150002424720313230303F005632312033303000567B
S315000242573232203132303000563232422032343056
S31500024267300056323320313230300056333220395D
S315000242773630300033324220313434303000563350
S315000242873420333336303000563930203536303025
S31500024297300056393220353630303000423130332D
S315000242A72033303000423231322031323030004F43
S315000242B75054494F4E2053455400544553542049B0
S315000242C74E2050524F47524553530054455354209C
S315000242D75445524D494E4154454400414456414E78
S315000242E7434544204F5054494F4E5300525332339D
S315000242F732204F5054494F4E5300445452204F5088
S3150002430754494F4E53002644300026443300264470
S315000243173200445452204E4F524D414C3F0D2826EF
S315000243274432290049474E4F5245204454523F0DC5
S315000243372826443029005245534554204F4E2044DF
S31500024347545220B43F0D28264433292000434152B4
S3150002435752494552204445544543540D4F505449FA
S315000243674F4E5300434420464F52434544204F4E37
S315000243773F0D2826433029004344204E4F524D41D4
S315000243874C3F0D2826433129002643302026433445
S31500024397002643302026433500264330202643365F
S315000243A7002643312026433400264331202643354F
S315000243B70026433120264336004344204E4F524DB2
S315000243C7414C20494E2043423F0D282643342900BB
S315000243D74344204C4F5720494E2043423F0D28263F
S315000243E743352900434220464F52204C494E5558E1
S315000243F73F0D282643362900435453204F5054492C
S315000244074F4E530026523100265230004354532052
S315000244174E4F524D3F0D2826523029004354532002
S315000244274F4E3F0D2826523129004449414C4241FD
S31500024437434B55502F4C4C0D4F5054494F4E53003A
S315000244474449414C204241434B55500D4E554D422E
S3150002445745520043555252454E54204E554D4245FC
S31500024467520D004449414C204241434B55502023AB
S315000244770D53544F5245440054494D4520544F203D
S31500024487524553544F52450D28533135290043554A
S315000244975252454E542054494D450D3D00454E5402
S315000244A745522054494D4520494E0D4D494E5554C6
S315000244B7455320310054494D452053544F524544E4
S315000244C7004449414C4241434B55502054494D45BE
S315000244D70D28533137290043414C4C4241434B0D7A
S315000244E75345435552495459004342204F4E0043C0
S315000244F742204F46460043414C4C4241434B204FD4
S315000245074E3F0043414C4C4241434B204F46463FA8
S315000245170050415353574F52442053455455500068
S31500024527454E5445522050415353574F52440D411D
S3150002453700454E5445522050415353574F52440D4E
S31500024547230050415353574F52442053544F524519
S31500024557440043414C4C4241434B204E554D424544
S315000245675200454E544552204E554D4245520D78FE
S3150002457700454E544552204E554D4245520D230095
S315000245874E554D4245522053544F524544005320EF
S3150002459752454749535445520D4F5054494F4E536E
S315000245A700564945572053205245474953544552C9
S315000245B70D53455454494E475300454E54455220D0
S315000245C7532052454749535445520D4E554D424580
S315000245D75220300043555252454E542056414C55AF
S315000245E745203D0D00534554205320524547495314
S315000245F75445520D00454E544552205320524547C5
S3150002460749535445520D56414C55452030005641A3
S315000246174C55452053544F52454400494E56414C3A
S3150002462749442053524547004D4F4E49544F522055
S315000246374F5054494F4E53004C494E452051554110
S315000246474C495459005349474E414C20544F204E2A
S315000246574F4953450D524154494F0043555252450E
S315000246674E542056414C5545203D0D004C4344209F
S3150002467750415353574F52440D4F5054494F4E537F
S3150002468700454E41424C452F44495341424C450D44
S315000246974C4344205053574400454E41424C4544EF
S315000246A70044495341424C454400454E41424C451C
S315000246B7204C43440D505357443F0044495341420B
S315000246C74C45204C43440D505357443F004C4344FA
S315000246D72050415353574F52440052454D4F54456C
S315000246E70D434F4E4649472E0052454D4F544520DE
S315000246F7434F4E4649472E0D4F5054494F4E53008E
S31500024707454E41424C452F44495341424C450D5271
S315000247172E432E00454E41424C45440044495341DF
S31500024727424C454400454E41424C452052433F00C8
S3150002473744495341424C452052433F0052454D4F4F
S31500024747544520434F4E4649472E0D504153535722
S315000247574F524400454E5445522050415353574FEA
S3150002476752440D4100444941474E4F535449430D64
S315000247774F5054494F4E5300444941474E4F5354A5
S3150002478749435300414E414C4F47204C4F4F5042ED
S3150002479741434B00494E49544941544520414C3FF8
S315000247A7005445524D494E41544520414C3F005015
S315000247B7484F4E45204E554D4245520D4D454D4F9C
S315000247C752590050484F4E45204E554D4245520DBF
S315000247D74D454D2E204F5053004449414C205354CA
S315000247E74F5245440D4E554D424552530044494199
S315000247F74C204E554D42455220303F004449414CCC
S31500024807204E554D42455220313F004449414C20E6
S315000248174E554D42455220323F004449414C204EA7
S31500024827554D42455220333F004C49535420504878
S315000248374F4E450D4E554D424552530050484F4E29
S3150002484745202300454E5445522050484F4E450DAC
S315000248574E554D4245525300454E544552205048F7
S315000248674F4E452023303F00454E5445522050486F
S315000248774F4E452023313F00454E5445522050485E
S315000248874F4E452023323F00454E5445522050484D
S315000248974F4E452023333F0044494749545320315D
S315000248A737202D2033300043414C4C455220492EA8
S315000248B7442E0043414C4C455220492E442E0D4F5F
S315000248C75054494F4E530023434944320023434928
S315000248D7443000234349443100454E41424C45206A
S315000248E7464349443F0D2823434944312900454E4F
S315000248F741424C4520554349443F0D2823434944E9
S3150002490732290044495341424C45204349443F0D0D
S315000249172823434944302900524547494F4E0D53F0
S31500024927454C45435400524547494F4E205345543B
S3150002493754494E470D4F5054494F4E530042350086
S31500024947393900303100303200303300303400302C
S3150002495730003039003643003946004E4F4E450087
S31500024967524547494F4E2050524F46494C450D42F4
S31500024977353F00524547494F4E2050524F46494C04
S31500024987450D39393F00524547494F4E2050524F40
S3150002499746494C450D30313F00524547494F4E2057
S315000249A750524F46494C450D30323F005245474912
S315000249B74F4E2050524F46494C450D30333F005219
S315000249C74547494F4E2050524F46494C450D3034C4
S315000249D73F00524547494F4E2050524F46494C4594
S315000249E70D30303F00524547494F4E2050524F46F1
S315000249F7494C450D30393F00524547494F4E2050E5
S31500024A07524F46494C450D36433F00524547494F9B
S31500024A174E2050524F46494C450D39463F007F2C92
S31500024A277E2C456E74007F2C456E74007F2C7E2C7F
S31500024A37B4007F2C7E007E2CB4007F00ADEF99294F
S31500024A4701C901F0034CAE4AA900C901D0034CAE15
S31500024A574AADEB99C900F0034CAE4A3F63034CAE2D
S31500024A674AA5BDC944D0034CAE4A2086F9900CAD7F
S31500024A77EF992902C902F00E4CAE4AADEF99090227
S31500024A878DEF994CAE4AA9068D0A86A9008D0B862B
S31500024A973762EA2086F990E33F62F7EAADEF992992
S31500024AA7FD8DEF994CE6324CDA10A57D290BF033D2
S31500024AB7C904B02FADEC99F018C903F026AD8204EC
S31500024AC72908D01F2094E0AD820409088D8204804C
S31500024AD712AD82042908F00B2091E0AD820429F772
S31500024AE78D820460AD830429FD8D8304A9808DD14F
S31500024AF799A9008DD2998DD3998DD4998DD599205F
S31500024B07BA11604C01E120E94CC956D02320FD4C6D
S31500024B17C931D0EF20FD4CC934D0E820F44CA905A1
S31500024B278D3602A90B8D3C02A9084C3D4C4C514CC3
S31500024B37C931F007C932F00E4C564B20FD4CA20282
S31500024B47C932F0E9800920FD4CA204C934F0DE20FF
S31500024B57E94CE6B8D002E6B9E6B8D002E6B9A953F7
S31500024B6781B8A5B8D002C6B9C6B8A5B8D002C6B923
S31500024B77C6B820A2E2C91ED00DA9008D36028D3C09
S31500024B8702A9004C3D4CC93CD00AA90B8D3C02A98F
S31500024B97014C3D4CC930D00FA9048D3602A9098DA7
S31500024BA73C02A9044C3D4CC948D00EA9048D3602D5
S31500024BB7A90A8D3C02A905807DC960D00EA9048D7C
S31500024BC73602A9098D3C02A906806BC90ED00EA929
S31500024BD7058D3602A90B8D3C02A9088059C910D04A
S31500024BE70EA9068D3602A90B8D3C02A9098047C973
S31500024BF713D00EA9068D3602A90B8D3C02A90A808F
S31500024C0735C915D00CA9068D3602A90B8D3C028033
S31500024C1725C91AD00EA9068D3602A90B8D3C02A903
S31500024C270D8013C91CF0034C01E1A9068D3602A9B2
S31500024C370B8D3C02A90E8D380220E94C20064DB099
S31500024C470820FD4C20F44C80F060ADE94CE6B8D064
S31500024C5702E6B9E6B8D002E6B9A1B8C90DD0034C47
S31500024C67E64CE6B8D002E6B9A1B8C90DF071E6B8C6
S31500024C77D002E6B9A1B8C930F0028006E002F020F8
S31500024C87802CE002F002800CA9018D3602A9028D62
S31500024C973C028026A9028D36028D3C02A903801AA0
S31500024CA7A9058D3602A90B8D3C02A907800CA90618
S31500024CB78D3602A90B8D3C02A90C48A5B8D002C6AF
S31500024CC7B9C6B8A5B8D002C6B9C6B8A5B8D002C67D
S31500024CD7B9C6B8A5B8D002C6B9C6B8684C3D4C4CD9
S31500024CE701E1A5B88540A5B98541A14060A54085E2
S31500024CF7B8A54185B960E640D002E641A14060C940
S30E00024D07309004C93A90013860AB
S31500024D10AD81042901D01FAD81042904F06AAD8159
S31500024D200409058D8104AD82042904D005207FE0A3
S31500024D3080032082E0609F634F7FA10DAD8204094C
S31500024D40028D8204B248BD803A208250F2090608DA
S31500024D5037D208090620B00EAD810429F58D8104EB
S31500024D60A9030F640AA55129304A4A4A4A800020FB
S31500024D70D30CADEE99D007774CB241BD8005F74C06
S31500024D80B24FBDB75920F1F360AD81042902F03369
S31500024D90F20906082E9F6312ADEE99F007AD810463
S31500024DA02908D01F4F5C1C1F631A6FA116AD810420
S31500024DB009048D8104AD810429FD8D81042057509B
S31500024DC020E44F60AD1602F0E4AD81042908D0223A
S31500024DD0ADEE99D00EA92D8DFB85A9008DFC851708
S31500024DE05C800FA9288DFB85A9008DFC85175C20A8
S31500024DF00D509F5CB8208250C208090620B00EAD45
S31500024E00810429FE8D8104AD810409088D8104ADDA
S31500024E10EE99D00A2F63AC774CB241BD8020A9032C
S31500024E20F74CB29B42B20543201CE1B29B42B2054B
S31500024E3043A54285B6A54385B7A1B6B244BDB759C7
S31500024E4020F1F320474E60A9008DF5858DF685ADDC
S31500024E501602200C4FAD1602C905B00EA540E90593
S31500024E608540A541E90085418030C914B00EA540B0
S31500024E70E90A8540A541E9008541801EC92DB00E8B
S31500024E80A540E90F8540A541E9008541800CA54072
S31500024E90E9148540A541E9008541A5408DF585A522
S31500024EA0418DF685A5408DF385A5418DF48567A1D3
S31500024EB0A9008DFD858DFE85AD1702200C4FA540FC
S31500024EC08DFD85A5418DFE85ADEE99D01AA540E9E9
S31500024ED0198540A541E9008541A5408DF785A54183
S31500024EE08DF88577A18018A540E9148540A541E98A
S31500024EF0008541A5408DF785A5418DF88577A1A945
S31500024F00148DF985A9008DFA85475C608540B2004B
S31500024F1041A5408542A5418543A902F009064026DE
S31500024F204138E901D0F718A54065428540A541659B
S31500024F30438541A902F0090640264138E901D0F726
S31500024F40A5408542A5418543A901F00906402641AF
S31500024F5038E901D0F718A54065428540A541654369
S31500024F608541601F550978677820DEF85880082742
S31500024F7078AD74042042FA601F550978E77820F963
S31500024F80F8588008A778AD75042042FA60AD81040E
S31500024F902901D021AD81042902F045AD820429FD03
S31500024FA08D8204AD810429FD8D8104AD810409043D
S31500024FB08D8104802BAD81042920F01CAD82042949
S31500024FC002F020AD810409028D8104AD810429FA23
S31500024FD08D8104207CE08008AD810409208D810446
S31500024FE020474E602759B248BDB75920474E602028
S31500024FF0474EAD810429D78D8104AD820429FD8DEA
S315000250008204AD81042902F00320575060A54F297E
S31500025010704A4A4A4AC900F03DC904F039AD8204D1
S31500025020299F8D8204A54F29704A4A4A4AC907F028
S315000250300EC906F014AD820409208D82048012ADD9
S31500025040820409608D82048008AD820409408D8243
S3150002505004A901209AE060AD82042960F023AD82A2
S31500025060042920D004A903800DAD82042940D0046E
S31500025070A9028002A904209AE0AD8204299F8D82AA
S315000250800460A54F290C4A4AC901D006A54F29F347
S30800025090854F60E1
S306000487FF056A
S315000488004C9BE64CF6E64C51E74CACE74C07E84C7F
S3150004881062E84CBDE84C3308EAEAEA4C3C08EAEA6A
S31500048820EA203BE62015084C3BE62017E62015080F
S315000488304C17E62021E62015084C21E6202EE620DA
S3150004884015084C2EE6200AE62015084C0AE64C6C60
S3150004885008EAEAEA4C7508EAEAEA203BE620150843
S315000488604C3BE62017E62015084C17E62021E620A7
S3150004887015084C21E6202EE62015084C2EE6200A83
S31500048880E62015084C0AE64CA508EAEAEA4CAE08C6
S31500048890EAEAEA203BE62015084C3BE62017E620E8
S315000488A015084C17E62021E62015084C21E6202E53
S315000488B0E62015084C2EE6200AE62015084C0AE6A2
S315000488C04CDE08EAEAEA4CE708EAEAEA203BE62054
S315000488D015084C3BE62017E62015084C17E6202120
S315000488E0E62015084C21E6202EE62015084C2EE637
S315000488F0200AE62015084C0AE64C1709EAEAEA4C6F
S315000489002009EAEAEA203BE62015084C3BE6201754
S31500048910E62015084C17E62021E62015084C21E62A
S31500048920202EE62015084C2EE6200AE62015084CD3
S315000489300AE64C4A09EAEAEA203BE62015084C3BDB
S31500048940E62017E62015084C17E62021E620150830
S315000489504C21E6202EE62015084C2EE6200AE620B9
S3150004896015084C0AE64C7D09EAEAEA203BE620159E
S31500048970084C3BE62017E62015084C17E62021E6AE
S315000489802015084C21E6202EE62015084C2EE6205C
S315000489900AE62015084C0AE64CB009EAEAEA203B46
S315000489A0E62015084C3BE62017E62015084C17E68A
S315000489B02021E62015084C21E6202EE62015084C39
S315000489C02EE6200AE62015084C0AE64CE309EAEAF4
S315000489D0EA203BE62015084C3BE62017E62015085E
S315000489E04C17E62021E62015084C21E6202EE62029
S315000489F015084C2EE6200AE62015084C0AE64C1605
S31500048A000AEAEAEA203BE62015084C3BE62017E68C
S31500048A102015084C17E62021E62015084C21E620EF
S31500048A202EE62015084C2EE6200AE62015084C0AE8
S31500048A30E64C490AEAEAEA203BE62015084C3BE6FE
S31500048A402017E62015084C17E62021E62015084CC9
S31500048A5021E6202EE62015084C2EE6200AE62015EF
S31500048A60084C0AE64C7C0AEAEAEA203BE6201508AA
S31500048A704C3BE62017E62015084C17E62021E62095
S31500048A8015084C21E6202EE62015084C2EE6200A71
S30C00048A90E62015084C0AE676
S31500048A9720320BD038F24B02081CAD4604CD7B04BA
S31500048AA7D006AD4504CD7A04F009EE4504D003EEAD
S31500048AB7460460B7AA60A9008D45048D4604AD3502
S31500048AC702F00320BEE448C2084B026860E24B0288
S31500048AD7082AEE4304D003EE4404AD4404D008AD9B
S31500048AE74304CD8103900FA76320602BCF4806ADBF
S31500048AF70802F00160603F5902276360A9008D43AD
S31500048B07048D4404AD3502F01BAD45048540AD46DE
S31500048B17048541A541CD7B04D005A540CD7A04F053
S31500048B270320BEE448D2084B026860AD81052901DB
S31500048B376060A060628284717875747276A1A444B9
S31500048B4745464748494A4B4CAAC1C2C3C4C5C6C7CA
S31500048B57C8C9CACBCCCDCEA801021214B8B8B4B4CE
S31500048B67B2B2B1B111D21009068004C21009064C7B
S31500048B77B00E8F6D04C204090660C2201506D21012
S31500048B871506C2401506D2801506D2011F0660C215
S31500048B9780080660D2800806E206061004C210069C
S31500048BA70660A9058D8F02A9008D9002075F8F5F66
S31500048BB705E21E0608F820960BD2100606C000D05A
S31500048BC71BE20A0602FBA2022082F8A9398D1C06BB
S31500048BD7A9807B09028D1806A9A07B60A9A68D1C0E
S31500048BE7068C1806A9A27B60D2041E0660C2041E60
S31500048BF70660AD859AD0031F6E03E76F60D2201E09
S31500048C070660676FC2201E0660D201080660C201AD
S31500048C17080660F26B020804D2020806209FF86071
S31500048C27AD1206C960F00829F0C9A0F00218603829
S31500048C376048E253022005AD2F058006AD12068D66
S31500048C472F05C9719016C979B011C972F008C9768A
S31500048C57F004C978D002A77138800118686048F211
S31500048C6751021018E253022005AD2F058006AD12F6
S31500048C77068D2F05C9C0900BC9CFB00338800118DC
S31500048C87686048E253022005AD2F058006AD12063B
S31500048C978D2F05C9909008C9A0B0033880011868BC
S31500048CA76020380CB0FA4C650C20F5E3F00160F24D
S31500048CB713060804D20813066020F5E3D009E21365
S31500048CC7060804C20813066000020300AA20F5E397
S31500048CD7D001608AA8AD130629FC19CF0C8D13069B
S31500048CE76000030201A8AD030629FC19E80C8D03ED
S31500048CF70660C2020206C2040206C2010206C28056
S31500048D070706602F67034C540D48D220040668A84B
S31500048D17B9380BC9AAF00A29F0C9A0D004C20805B4
S31500048D2706B9380BAE5D9AE002D00BAE3A02E00301
S31500048D37B00AA9828006E001D002A95220880DADA7
S31500048D472D022907854020AE2F20B93360A8D2808B
S31500048D570306C2010406B9380BC9AAF00A29F0C9E1
S31500048D67A0D004C2080506B9380B29F0C9B0D00B40
S31500048D77876D982901D004D2010406B9380B4C88AB
S31500048D870D8D120620B00EB9380B29F0C910D00381
S31500048D974CC60DAD1206C962D025A924FF4C02A9FB
S31500048DA7278D1806A9368D1C06A9A17BA90EFF4C8B
S31500048DB702A90F8D1806A9378D1C06A9A17B60F297
S31500048DC750020105E24F0201062F670320F1E16015
S31500048DD7AD1206608D1206D208030660A93A8D1CE9
S31500048DE706A9807B297F8D1806A9A07B60A93A8DE1
S31500048DF71C06A9807B098080ED48D2100506684CBD
S31500048E07140ED24005066048C21005066860C240C3
S31500048E17050660AD0F06298060202C0E20650CB070
S31500048E27016089066020650CB00620570EF00160C4
S31500048E37DAE253022005AD2F058006AD12068D2F03
S31500048E4705205D0E201BE2FAE251021002891D601D
S31500048E57AD0E06291F60F251021025E251020420C5
S31500048E679F741D8F741AAAAD7686F0134AB0108DB7
S31500048E7718068A38ED1806C991B005A99180018AA2
S31500048E8760AD0A0629384A4A4AE20E06400209082C
S31500048E97D00518AD00066048AD0006854068386001
S31500048EA7E21E0608FB8D100660A90A8DF185A90046
S31500048EB78DF2857762D2011F0622A900A200A000BF
S31500048EC7FF621A22209FF832E21F06010E8901D09B
S31500048ED7EFE8D0ECC8C0C890E780023260324CABEA
S31500048EE73700010203A8AD060629FC19E80E8D060C
S31500048EF7066040206000A8AD1106299F19F90E8D5A
S31500048F07110660C20806064C9B0BAD29022903C944
S31500048F1701D016F209061011AD120629F0C950F050
S31500048F2704C980D004D2800906ADE90409808DE915
S31500048F3704D2010906AD1206C9AAD0032074104C3F
S31500048F47100CA000A240B20247A97C2007E4D280F5
S31500048F57020660D22002064C760FC22002064C8E09
S31500048F670FD21002064C760FC21002064C8E0FA9BA
S31500048F77138D1606A9158D1706A94B8D1806A90074
S31500048F878D1906A9E17B60A9138D1606A9158D17F8
S31500048F9706A9428D1806A9008D1906A9E17B60006A
S31500048FA700000102000000010248A8AD020629FCE0
S31500048FB719A60F8D020668A8AD060629FC19AB0F7C
S31500048FC78D060660303132333435363738392A233D
S31500048FD741424344AD1B06290FAABDCB0F60AD1F03
S31500048FE7060910090829FE8D1F0660AD1F0629EF1D
S31500048FF7090829FE8D1F0660A90AA000200DE4AD05
S3150004900719068D9C04CD9E0490038D9E04CD9D0464
S31500049017B0038D9D0460A900A0B5200DE42940F096
S315000490270238601860F20F060409201A0ED004A944
S315000490377F801DF251021005E251020409A908A016
S3150004904710200DE48007A902A00C200DE4AD190633
S31500049057205E108DA1046048A209CABDAA04E89D32
S31500049067AA04CAD0F5ADA1048DAA046860F209065C
S315000490771010A9008D18068D1906A9048D1C06A9BA
S31500049087AA7B608D1D06A90A8DF185A9008DF28537
S31500049097776222A900A200A000FF621D22209FF882
S315000490A732E21D06800E8901D0EFE8D0ECC8C0C8AD
S315000490B790E7800532AD180660324CAB37AD000633
S315000490C748208CE3A5C3C901D004A5C2C95E68605C
S315000490D722ADD9008DD700ADDA008DD8008ED90020
S315000490E78CDA00326022ADD7008DD900ADD8008D59
S315000490F7DA003260ADDF00C948F0036CD900A90075
S3150004910720CA36376B276467A8205BE4A9D08DD9B4
S3150004911700A92C8DDA00207316075920F20F2009AF
S315000491270C20F40B20610F270AB200BAA94885BDA3
S31500049137B75960BF7619AD1B86F008A9768D120656
S3150004914720B00EA90109808D739A207CE1B7766752
S31500049157A8A97E8DD900A9118DDA00679220090C7A
S3150004916720F40BA70AA9AC8D120620B00EA9008D10
S315000491771A86975E4C791620610F206F0F20000E12
S3150004918720090EC2101106D208110620501820B164
S31500049197E2A20A2082F820490F207AE3207DE32001
S315000491A7AEE220CB17200119201419204E19575B5C
S315000491B7A9D08D0203A9E48D0303D75B20B22E2021
S315000491C7E50F22A2D2A01120D710323F630620EC66
S315000491D7104C2E12BF63028001609763200412A508
S315000491E7AA2903F015EFA80CBF630920D11920CBD0
S315000491F7172029192078192002184C94160FA91834
S315000492071F5F23CFA907A92F205017C7A9ADCE865D
S31500049217205017A9074C37184FA90BA97E205017BA
S3150004922747A9C220010660376320CB17EFA80B2096
S31500049237000E20090EA90020CA36AEDF00207316D9
S31500049247E044F00AE041D0034C4F144C2015C240C9
S315000492570806201E1AA9318DFC02A90A8DFD02A94A
S315000492670020BDE2B763AD17042037189F5F02805D
S31500049277FB20960B208A1320C31320F90BA2052083
S3150004928782F8200E0E20150E20AEE220D434DFAA73
S3150004929705A9008D10062004124F8D0CADD686F055
S315000492A73FE25302013A80EE6FA70A67A7206316C7
S315000492B7A9752042FA20941620611980D9A9008D30
S315000492C7DD868DDE868DDF868DE1868DE2868DE3EE
S315000492D78660A5AB29784A4A4AC903D00247AA60D9
S315000492E717ACA97E8DD900A9118DDA00207916A9A4
S315000492F70020CA365759A9508DCC02A9E38DCD0251
S31500049307D75920000E20090E206F0F20610FC210B7
S315000493170406A20A2082F8D2081106C21011064CC6
S31500049327B00EA90020CA365759A9508DCC02A9E315
S315000493378DCD02D75920F40B20880E206F0FD20843
S315000493471106C2040A0620B00E20B1E2203E1A67AF
S31500049357A877ADF233020108C2040406C202040662
S315000493672764205B16206816206D16ADC9000DC844
S3150004937700D0F8A97E8DD900A9118DDA002097FAB5
S315000493874C7916A9008DE08620C41220090C20F416
S315000493970BC2081106C2101106C2080506C28002CE
S315000493A70620610F206F0FC2040206C20802060FC9
S315000493B78D07DFAA04D20802064C143120D912DF1E
S315000493C7AA03205A0FA5AB29784A4A4A204218D23B
S315000493D710110620490F20B00E203616D240080673
S315000493E7D2100406DFAA1648C202110668A9008D20
S315000493F7100648D202110668A9008D1006201431FA
S3150004940720B1E2203E1A200119201419204E1920F2
S31500049417FC33A9008D880548C2015302684C15E23E
S31500049427D2040406C202040620AC334CB00E78D22A
S31500049437081106202316203616EFA80620B00E209C
S31500049447B1E22014314C3E1A201E1AA9648DFF027C
S31500049457A90A8D0003A90020BDE2B763AD1D8620C6
S31500049467F618A9098DAB02A9008DAC026760575996
S31500049477A9CA8DCC02A9E48DCD02D759A90A2037EA
S31500049487181F5FFDC2040A06208A136FA81D20351C
S3150004949714A020A200B20A47A9F02007E4A002A25A
S315000494A700B20A47A9F12007E480092027142035CA
S315000494B714205935F7AD20EF0B58A9032037181F89
S315000494C75FFDF21D0680FB20490F200119201419A0
S315000494D7AD1C86C90BD005200B1A8010C914D00CF5
S315000494E7A009A200B20B47A90A2007E4EFA80320A4
S315000494F7AEE222A202A01520D710322F640620EC72
S31500049507104C2913AF6402800160209416200412BC
S315000495177FA7032041164C6119201E1AA9318DFC19
S3150004952702A90A8DFD02A9648DFF02A90A8D00030B
S31500049537A90020BDE2B763A90A2037181F5FFDC239
S31500049547040A06208A1320271420351420C313C2BD
S31500049557101106D2081106203E1AD210110620B1A0
S31500049567E2203E1A20593520F90BA2052082F8205D
S315000495770E0EF7AD20EF0B5820490F2001192014C2
S3150004958719AD1C86C90BF0028003200B1A20AEE224
S3150004959720D4342094162004127FA7032041166F83
S315000495A7A703204E16206119CF8D0280E620F40BFF
S315000495B720880E205B16206816206D16ADC9000D8F
S315000495C7C8000DC3000DC200D0F220090C20000EFE
S315000495D7A90020CA36C2101106203E1A77ADC20466
S315000495E70406C202040677AB478D206F0F20610F6E
S315000495F7C2100406C2040A0620B00E20B1E2203EB9
S315000496071AA97E8DD900A9118DDA005759A9508D4B
S31500049617CC02A9E38DCD02D7594C7916A5AB297887
S315000496274A4A4A2042185FAA034C6F0F4C680FE256
S315000496371E060105AD000680F66077A720F40BA980
S315000496476F2050174CEF0B67A720F40BA975205012
S31500049657174CEF0B20F40BA9104C83E3A9104C42CB
S31500049667FAA9034C83E3B7662011FA60A9008DDFD4
S315000496770060AFAA15F27302020BA9058D1005B295
S3150004968700BA2097E4204B21076727AA60EF6002F8
S3150004969777A9201A1820ACE12FA91A27A9A5AB295F
S315000496A703F012AD1D86F00D20F618A971FFA90265
S315000496B7A9734C50177F7C298F7C068FAD0C2F7CA2
S315000496C712A91F857CA9624C5017A91F857CA96915
S315000496D74C50170F7A0B077AA91F857CA9644C503F
S315000496E7171F5E07A5AA2903F00160AD0B0629E03B
S315000496F74A4A4A4A4A2903C903D0034C4B17FF4C23
S3150004970716C901F012208117B00160F037A90A8D36
S315000497171005A9634C50172903F029EFA907E7A9F0
S31500049727A90420331ADF6001607F4C0EC901D005F6
S31500049737A9614C5017A9664C5017A9088D1005A99D
S31500049747654C5017679067A9608D7C043F63148F37
S315000497578D1167A9205B16AD7C042083E320EF0BEC
S315000497674C6D16B21446B22B4720A6E4679067A938
S3150004977760206316AD7C044C42FAC902D028EF90E8
S315000497870BE79047935793A90420331ADF9305DF12
S3150004979760071860DF600B1860D793A90220331A95
S315000497A718606790801A5F93F9CF93096790C793F8
S315000497B7A90220331A5F60DA47935793A9013860E1
S315000497C7A900386067A777A767904793579320142C
S315000497D731203E1A20490FA91F857C208A31AD1BEB
S315000497E786F007A5AA2903F00160A769FF4C06209E
S315000497F711324C3232207E324C9F32A5AA2903D02D
S3150004980706AF69054CCB17276960206D183F6002C0
S31500049817A7A96020C81A90FA4C5017E21B06400DF8
S3150004982720DB0F8DCE8687A9A9034C371807A960B5
S315000498378D9102A9008D9202175F6048205018681F
S315000498475FAA02A90020B00F60A906A092200DE422
S31500049857AD180629DE8D1806A9A67B4C3E1A00000C
S315000498673000600090003F63DF8F8DDCA5AB2903D2
S31500049877F078AE1C86E006F071E00BF06DA909A03E
S3150004988708E002F004A909A009200DE48540AD19F2
S315000498970685410A9010A54049FF89018540A541DF
S315000498A749FF69008541A540186D21868D2186A546
S315000498B7416D22868D2286A9006D23868D2386EE29
S315000498C72486D0358541AD22868540A9008D21861B
S315000498D78D22868D2386A5AB29030AAAA541DD66B3
S315000498E718D005A540DD6518900FF7A9AD1D868D1F
S315000498F7A502A9008DA602376060A9508D1806A98E
S31500049907478D1906A99A8D1C06A9AD7B60EFA81287
S31500049917A9558D1806A9F98D1906A90A8D1C06A934
S31500049927AA7BA9208D1806A9068D1906A9948D1C4C
S3150004993706A9AC7BA9F08D1806A9028D1906A99468
S315000499478D1C06A9AF7B60A9008D1806A9FC8D1985
S3150004995706A90F8D1C06A9AA7B60AD8905CD8805C6
S31500049967F00320D434AD8B05CD8A05F0034C593565
S31500049977602FAC10F21306080820B00CA90020CA01
S31500049987364CA619E21306080620AEE220C00CAD33
S315000499978F05CD8E05D00280068D8E0520C7353FEF
S315000499A7AC0BF21306040FD20413068009E213065E
S315000499B70404C2041306AD8D05CD8C05F00B8D8CFE
S315000499C70520A035A90120EFE360E7A820000EA92A
S315000499D70020CA36F769C202730220ECE3A906A07F
S315000499E792200DE4AD180609408D1806A9A67B201A
S315000499F7B00E20073620AEE2200E0E20C735AD8CFA
S31500049A07054CA035A9008D1806A9258D1906A96246
S31500049A178D1C06A9AE7B60A94E8DF302A9088DF4A9
S31500049A2702A9878DF602A9088DF702608DA902A9F6
S31500049A37008DAA0257606048A90A8DF185A9008D91
S31500049A47F285776268D2200506FF6206F2050620CC
S31500049A57F8604CAB37A9202042FAA9262042FAA976
S31500049A67432042FA6F4C04A9328002A9332042FAF2
S31500049A77A9202042FAA9262042FAA9432042FABF7E
S31500049A875407CF5408A9348006A9358002A936207D
S31500049A9742FA60C94CD01220BF1AC956D00B20BF50
S31500049AA71AC930F007C931F0074C01E1375580026E
S31500049AB7B75520BF1A4C3CE0E640D002E641A14028
S31500049AC760CF630520121BD040CF072C1FA90C5F5C
S31500049AD7A9373F62342768A968802A97A98002179D
S31500049AE7A9DFA910A9648D0A86A9008D0B8637629A
S31500049AF7D7A9801557A980119FA9E45FA90B3F62CF
S31500049B0708A768A94857A938601860AD81052901CF
S31500049B17C900D0072F6010A900800EA9048DA302DF
S30F00049B27A9008DA4022760A90160BD
S31500049B316CD202A9D18DDB02A9E38DDC028ED2029D
S31500049B418CD302B77A6027643759377A2023214C9C
S31500049B513EFA377A270A20790B3759275937632072
S31500049B6197E420E7F2673D60A54F290C4A4AC902EA
S31500049B71F005A90020CA36607F4C1B7F61091F6B63
S31500049B81034CCAE14C721E1F603CF20B06103707E8
S31500049B918D20150C804BBF7A2E878D20091C20132E
S31500049BA12F20100CAD280220B5E1D2011F06A940D1
S31500049BB18DA102A9018DA2021760B77AA9BF8DDB17
S31500049BC102A9E38DDC02601F60FC20150C1F6B0CDF
S31500049BD120000E20E62C20D82D4CCDE1A90220A68A
S31500049BE11F0F6B1C375BA9C28DFC02A9E38DFD0215
S31500049BF1B75B475BA9C58DFF02A9E38D0003C75B6C
S31500049C01A20EA01C20341B60A9804C880D9F600104
S31500049C116020E62C20D82D478EE78EE792A9008D89
S31500049C215604A90048A9F0258C858C68058C858C79
S31500049C311F6B034CCDE1D240080620960B578D9F2E
S31500049C41630320691B207E1C90034CA71E5F8D0EA7
S31500049C51578DA90385BAA253A01B20341B60A265A4
S31500049C61A01D20341B4F8E14478EA27FA01F2034C3
S31500049C711B8F8D0520A31F8003200EFA60CF8E3023
S31500049C818F8D33EF9227FF922DA58C29F04A4A4AEC
S31500049C914A8540A58C290FC540D01BE794A5C30569
S31500049CA1C2D003EF8E0238605F8D0B1860FF92D924
S31500049CB10F8D0320A31F6794578DC2101F06C20878
S31500049CC11F06575920790B48C2010A0668C20109C1
S31500049CD10620150C207AE3207DE38F0808A9038565
S31500049CE13BA9C0853A673D7767A900CF8E16A58C37
S31500049CF1290FAA0A0A0A0A48A90F258C858C680520
S31500049D018C858C8AF0038F8D008926200A0D20808C
S31500049D112E6F9217CF8E14F7920F8D07A00320A9E9
S31500049D210B801320960B209F0B800B20960B209FF4
S31500049D310B77928F8D0020F40B20090CD2040906AF
S31500049D41CF8E180F8D0820100C200E0E1860AD0F43
S31500049D51028DBD02A9008DBE027761D201090620DA
S31500049D61150C18608F8D107F610D1F6B034CCAE1B2
S31500049D71B203BA20751E6020D2F80F8D034C211E42
S31500049D81A58C290FF055A91EAE1206E012F004E0C7
S31500049D9114D002A91420A61FF20A068037E20A0685
S31500049DA140D41F60F32F6B274F9424200AFEB2750B
S31500049DB140B228412094E4200AFE078DE792A900C7
S31500049DC148A9F0258C858C68058C858C4C401CB281
S31500049DD122BA809F201A0EF09D800AA90520A61F8B
S31500049DE1201A0EF0919765F24F020121AD12062950
S31500049DF1F0C9B0D018A000A214B20247A970200776
S31500049E01E4A000A200B20247A9712007E4A58C29A7
S31500049E110FC901D00320B2E16F9205A00320A90B5B
S31500049E21A9008D2602678EA241A01E20341B478DF0
S31500049E31378D278D578E178D778EA9008DD686601F
S31500049E41778D0F8D05F78D4CA71EFF6124EF9203C5
S31500049E514CA41EAD0006E20A060115A214A58C291E
S31500049E610FF002A2038A20A61FA27CA01E20341B87
S31500049E7160B203BAA253A01B4C341B9F6025A58C68
S31500049E81290FD005E20B06200FE20A06010A201D5E
S31500049E91109005E21E06010AAD0006A241A01E208D
S31500049EA1341B6020880E175BA9878DF602A9088DDD
S31500049EB1F702975B8F8D6B9763B7873759377A07A5
S31500049EC1630F0802775BCF4C0AA9312042FA2004BA
S31500049ED1FE8006B201BA2097E4B7633F8D05A91047
S31500049EE12042FAEF8E27E20A06010320880E6F92BA
S31500049EF1067F9203EF941620090C20EF0B5759A9FC
S31500049F01448DCC02A9E38DCD02D759A70A2011FAB3
S31500049F116F920E575BA9CE8D0203A9E38D0303D776
S31500049F215B60A9058DBD02A9008DBE027761B79458
S31500049F31200BFAB201BA2097E4B76320F40B9763B6
S31500049F41B7873759377A07630F0802775B2F6B098F
S31500049F515759A9028D1887800E5759A9C88DCC0265
S31500049F61A9E38DCD02D759A70A20F20F6F920E5796
S31500049F715BA9CE8D0203A9E38D0303D75B601F6042
S31500049F8114377A270A20790B3759A7593763203EA4
S31500049F91FA200BFA608F8DFC201A0EF0F720B11F00
S31500049FA190F2ADDB008DA102A9008DA202176060BB
S31500049FB120FF0F38ED5604B002C9E860201A0EF0EE
S31500049FC1030765608F651E8765A9028D9B02A9003B
S31500049FD18D9C02675FAD1987F00A8DAB02A9008DCE
S31500049FE1AC02676060AD1987F0056F604A80036F44
S31500049FF15F45270AE78E20790B3F63032019FA6F21
S3150004A001921120F20F578D1F8D02D78D202E20A974
S3150004A011048005202E20A9032080E3178D076517E8
S3150004A02165CF78063F63032011FA575960A91020BA
S3150004A03180E3A9032080E3601F8D23178DA91020D7
S3150004A04180E3A9032080E3A200FF8E07AD0A062957
S3150004A05138F002A2048A2080E33F6302B766778E52
S3150004A061605F94155794CF4C0AA9312042FA200413
S3150004A071FE8006B201BA2097E47F8D2BF20F0620EB
S3150004A0811397606F922DA264A58C290FF002A21476
S3150004A0918A4CA61F1F6010CF8D07ADD686C90590C1
S3150004A0A106778DD2201E067F61095759202321A9DF
S3150004A0B10485BA600F8D2FCF8E2CE20A060227C2C1
S3150004A0C1101F06AF8D219760A58C290FD006A20615
S3150004A0D18A20A61FF78DD7948006A90185BAB76F82
S3150004A0E18767478D378D60278D275DA9D48D140326
S3150004A0F1A9E38D1503A75DA9008DCC0060ADCC0045
S3150004A1016F920BF20A06021A60C937B01560ADD612
S3150004A11186D0FAA9018D8F02A9008D9002075F0FDF
S3150004A1215FFD20090C6F920FA9048D8F02A9008D82
S3150004A1319002075F0F5FFD20000E20150C20790B9E
S3150004A141C2010906E78EA90085BA275DA53A8D7570
S3150004A1510537638F59062097E42097FAA9008D18CD
S3150004A1618720E7F2673D0F8D025759602095E3B0CA
S3150004A1711D8DDC008F590320AC0E20BD21A9058D50
S3150004A181BD02A9008DBE027761ADDC001860A9008D
S3150004A1918DD686388F5924EF9213CF8D05ADDC0009
S3150004A1A1F008C78D20EA2020090C4CAC0E20090CBE
S3150004A1B1C2081F06D2101F0620B52060AF78036FB0
S3150004A1C1784FA5C33F6B0AC908D00EA5C2C9008042
S3150004A1D108C903D004A5C2C93CB0362F55098F78E6
S3150004A1E1068778B766B7941F55276778B7940F081B
S3150004A1F11DCF221D0878A522091F29FE8522E27199
S3150004A201020108A5222901C901D0EB2880034CDEED
S3150004A211F8606F9216AD0A06AE00062939D0038A94
S3150004A221800C4A90034C3920F78E60AD00060F94DA
S3150004A231529F941BC910D0029794482092E3A90512
S3150004A2418DBD02A9008DBE02776168B06B8050177F
S3150004A25194C910D01748A91A2092E3A9058DBD0205
S3150004A261A9008DBE02776168B04E803348A91020DB
S3150004A27192E3A9058DBD02A9008DBE02776168B07E
S3150004A281378017482092E3A9058DBD02A9008DBE2A
S3150004A29102776168B022C910D0052080E3778E97D2
S3150004A2A18D3F6308CF7805DF7802B7666F9208C2DF
S3150004A2B1081F06D2101F0660F78E80E32F6B35AD9B
S3150004A2C11F02F0304F632D7F6106BF94034F8E1139
S3150004A2D13794AD1F028DB502A9008DB60237618090
S3150004A2E1133F61102F94034CA0E120A0E1278EA90E
S3140004A2F1004CC3E2AD1887C902D0034C6220604B
S3150004A3006C87026C89023F6B08AD1206C9ACD0019A
S3150004A31060AD8D03C900D03D18207530AD0804200A
S3150004A320F8E3A9A18D120620B230D2100906200046
S3150004A3300E2057298AF008D2010906D2040906D24A
S3150004A340800806D2400806C2080506A90320EC0EBA
S3150004A35020B00E806977794777C2101B06A9868DCF
S3150004A360120620B00EA009A200B20D47A995200737
S3150004A370E4A009A200B20C47A9952007E4A009A20B
S3150004A38000B20C47A9942007E4A009A200B20E4724
S3150004A390A9942007E4A000A218B20647A91F200723
S3150004A3A0E4A000A240B20247A97C2007E4575BA9B7
S3150004A3B0798D0203A9E48D0303D75B20E50FAD82F3
S3150004A3C003C901F008AD080420F8E38006AD0004D3
S3150004A3D020F8E3AD8D03C900D04C475BA9828DFFFD
S3150004A3E002A9E48D0003C75BAD8203C901F01BA972
S3150004A3F04B8D8702A9248D8802E26B02080AA99173
S3150004A4008D8702A9248D8802800AA95D8D8702A9F9
S3150004A410268D8802D2041E065759A97F8DCC02A91F
S3150004A420E48DCD02D759A70AA9F38D8902A9298DEE
S3150004A4308A02AD8D03C901D004A91E8003AD8E0323
S3150004A4408DA502A9008DA602376060AD0006E20F55
S3150004A450068010C955D00C1764A9648D8702A924F7
S3150004A4608D880260AD0006C955D00DA9038D9502ED
S3150004A470A9008D9602375F603F5F158DE9858D01D2
S3150004A48085A9018DE885A9C78D8702A9248D88022F
S3150004A49060AD0006C980F005C904F001608DE98548
S3150004A4A08D0185A9018DE885A9B38D8702A9248D1F
S3150004A4B0880260E20C0602FB20C724F26B0208F352
S3150004A4C0D2086B024C62E3AD0006AEE885E001D02B
S3150004A4D006C97E9002A97E9D0185186DE9858DE9E0
S3150004A4E0858A38E902CD0285F005E88EE88560E2C2
S3150004A4F06B020805C2086B0260A95A8D8902A92A53
S3150004A5008D8A02C2041E0660200B2AADE985F0047A
S3150004A510DF5301609764200AFE3F6B0320D929CFDD
S3150004A5205310A200ACE885C8208C293F6B0320E6B3
S3150004A5302960AD0185C904F019C980F075C906F012
S3150004A54041C982F06DF76EB25940B22B412086297B
S3150004A55080D0B21740B22B41208629A202A0042043
S3150004A5608C29B21F40B22B41208629A004208C29B5
S3150004A570B22740B22B41208629AD028538E908A8C6
S3150004A58080A6B23A40B22B41208629A202BD01859B
S3150004A590C942D00FB24840B22B41208629200AFE78
S3150004A5A04C2B25B24D40B22B41208629200AFE4C65
S3150004A5B02B25A202BD0185C901F03AC902F053C98F
S3150004A5C004F04FC903F053C90BF057C907F07DC90E
S3150004A5D008F079BD0285A8C8C8F76EB25940B22BF7
S3150004A5E041208629208C29CACAEC0285F004E8E8B1
S3150004A5F080C24C2B25B21740B22B41208629E8E8AD
S3150004A600A004208C29B21F40B22B41208629A00425
S3150004A61080D2B22740B22B418038B22F40B22B41B0
S3150004A6208030B23A40B22B41208629E8E8BD018544
S3150004A630F00BB24840B22B412086298009B24D4026
S3150004A640B22B41208629E8200AFE809BB25140B2F3
S3150004A6502B41208629E8BD0185A8E88087AD000640
S3150004A660C990D01417648D0185A9018DE885A9794F
S3150004A6708D8702A9268D880260AD0006C981D00D9A
S3150004A68020F126A98E8D8702A9268D88026020EEE8
S3150004A69026C9C0F004C941D00AA9A48D8702A926F7
S3150004A6A08D88026020EE26E07E9005CEE885800B3C
S3150004A6B0C903D011BDFF84C990D00AA9C68D8702EB
S3150004A6C0A9268D88026020EE26A9D48D8702A926A4
S3150004A6D08D88026020EE26C2041E06E26B02080381
S3150004A6E04C62E3A95A8D8902A92A8D8A0260AD00BB
S3150004A6F006AEE8859D0185E88EE88560200B2AACC8
S3150004A700E885F042DF53268DFF05A9FF8DFE054837
S3150004A71068EA8DFE058888A202BD01858DFE05E8DE
S3150004A72088D0F6ADFE05D01EADFF05D0199764AFEF
S3150004A7305906B202BA2097E4200AFECF5309A200B2
S3150004A740ACE885208C2960A206BD0185C990D0019C
S3150004A750E8E8BD0185B22740B22B41C982F05CB25C
S3150004A7602740B22B41C984F052B25140B22B41C9A1
S3150004A77087F048B25140B22B41C988F03EB2A2409C
S3150004A780B22B41C921F034B2AE40B22B41C909F013
S3150004A7902AB2BA40B22B41C922F020B2C640B22B2B
S3150004A7A041C98BF016B2D240B22B41C9A3F00CB208
S3150004A7B0DE40B22B41C924F0028015208629E8BD6B
S3150004A7C00185C990D004E8BD0185297FA8E88025C4
S3150004A7D0E8BD0185C990D00CE8BD0185297F8903B0
S3150004A7E0CACA8005297F8902CAA8F76EB2EA40B2AE
S3150004A7F02B41208629208C29ECE885B011BD0185E2
S3150004A800C990D007BD0285C903F0034C52274C46B4
S3150004A81027AC8F03D0064F770DDF60037F790720BF
S3150004A8205A2A7779477760200B2A200AFE3F6B0362
S3150004A83020D929CF530BF76EA200ACE885208C29CA
S3150004A84060B22740B22B41208629776EAD8C03D0A7
S3150004A85010A200BD018520B629E8ECE885D0F48075
S3150004A86020A202BD0185C943F01BC942F017C944A1
S3150004A870F013CD8F03F00EA201BD0185CD8F03D059
S3150004A8800C200AFE60A201BD01854CC728C943F00D
S3150004A8900AC942F014C944F01E805B200AFEB26A5B
S3150004A8A040B22B41208629804D200AFEB27340B265
S3150004A8B02B41208629803F200AFEB26140B22B41FB
S3150004A8C0208629E8BD0185C931D00DB27D40B22B61
S3150004A8D041208629E84C7928C932D00DB28540B288
S3150004A8E02B41208629E84C7928B29140B22B41208D
S3150004A8F08629E84C792820B629E84C7928E21B06F3
S3150004A900405420DB0FAACF7725AC8C03F017CD8CEF
S3150004A91003F005C944F00160AD8E038DA502A900BC
S3150004A9208DA6023760C777A9008DE8858010AC8FA5
S3150004A93003F00BCD8F03D006F77947778000AD8EF1
S3150004A940038DA902A9008DAA0257608AAEE8859DE7
S3150004A9500185E88EE88560A900AAAD0802F01FAD5E
S3150004A9608203D010AD0802C901D009A901CD09029C
S3150004A9709010800AAD0802CD0902F0069004A901E0
S3150004A980AA60A900AA60DA2094E4FA60AD8203C939
S3150004A99001F005BD01858012BD0185C990D005E889
S3150004A9A088BD0185C000F00B297F20B629E888D030
S3150004A9B0DB776E4C0AFEFF6E03CF5311484A4A4AB0
S3150004A9C04A20D0292042FA68290F20D0294C42FA7D
S3150004A9D0C90A90026906693060A9102042FAA9588A
S3150004A9E02042FA4C0AFEA9102042FAA92E2042FA65
S3150004A9F04C0AFEAD8D03D004BF6010602011284FB1
S3150004AA007708AD8F03F003DF600160F26B02204923
S3150004AA10E26B0208034C62E33F6B08AD1206C9AC55
S3150004AA20D00160A9508DCC02A9E38DCD0277862092
S3150004AA30FEE3ADFF0320F8E3C2041E06270AA96459
S3150004AA408DFF02A90A8D0003A9768D120620E3E381
S3150004AA50AD8203C903D002B77860B21146B22B4760
S3150004AA6020A6E460AD8D03C900D00DAD8203C901F3
S3150004AA70F0034C08254CFC264C2728AD12068D669F
S3150004AA809A20000EE206061006D24073026759ADFC
S3150004AA901206C9E0900C0F75094FB1069FB2032048
S3150004AAA01AE3D2010806C2010906C2040906A9036B
S3150004AAB020EC0E209B0B1820753020B230D24008B3
S3150004AAC006D2100406C2080506D2041106A2032003
S3150004AAD08D2EA9A48D1206AD8203C901F06420B09F
S3150004AAE00EA01BA233B20847A94C2007E4A021A25A
S3150004AAF075B20947A94C2007E4A022A271B20847FF
S3150004AB00A94D2007E4A03AA210B20947A94D20078F
S3150004AB10E4A948A009200DE448AD1906480980298E
S3150004AB20FD8D1906A9E87B200E0EA2552082F82079
S3150004AB30000E688D1906688D1806A9098D1C06A9CC
S3150004AB40E87BD2010906D2040906C201080620B030
S3150004AB500EADFF028D679AAD00038D689A4CD32320
S3150004AB60AD0802F013DF6312AD18048DA702A90025
S3150004AB708DA8024760D763605763604D054BF5693E
S3150004AB8005E8C15F4A4D05C6026905E8C13A46446F
S3150004AB90027BFB450247C1A7354402CA004502476A
S3150004ABA0C174357500D0FFA200A4C0AAE9830024AD
S3150004ABB001A200A4C0AAE9E80132FCE90147C14F99
S3150004ABC0DFE801E403E90147C119DFF40016FEF6E4
S3150004ABD000E8C1AA44F400E301F600E8C1AA44006F
S3150004ABE00B00FFA000A20120452CB1408547A140DF
S3150004ABF08546A90A8545B9712D8544200AE4B142E2
S3150004AC008547A1428546A90B8545B9712D85442002
S3150004AC100AE4205B2CD0D0A07BA230B20B47A9A0BB
S3150004AC202007E4A004A2CFB20A47A9A02007E4A003
S3150004AC307FA2FFB20847A9B92007E460B2CB40B2AD
S3150004AC402B414CE32BA5408542A541854318A542DB
S3150004AC50690A8542A543690085436018A5406902CF
S3150004AC608540A54169008541C8C00560A002A2804F
S3150004AC70B20A47A9B92007E4A002A280B20A47A9EA
S3150004AC80B92007E4B2A340B22B41A000A20120459B
S3150004AC902CB1408547A1408546A90A8545B9772D3B
S3150004ACA08544200AE4B1428547A1428546A90B851D
S3150004ACB045B9772D8544200AE4205B2CD0D0A07FAB
S3150004ACC0A2FFB20847A9B92007E460B2B740B22B85
S3150004ACD0414C8A2CB28F40B22B414C8A2CB27B4019
S3150004ACE0B22B414C8A2C20302DB2C440B22D41A047
S3150004ACF000A20120452CB1408547A1408546A90AFA
S3150004AD008545B97D2D8544200AE4B1428547A14293
S3150004AD108546A90B8545B97D2D8544200AE4205B2B
S3150004AD202CD0D0A07FA2FFB20847A9B92007E460BF
S3150004AD3048D240020668B28840B22D41A000A20162
S3150004AD4020452CB1408547A1408546A90A8545B9C9
S3150004AD50832D8544200AE4B1428547A1428546A94C
S3150004AD600B8545B9832D8544200AE4205B2CD0D07D
S3150004AD7060A1A2A3A4A5B8A7A8A9AAABB9ADAEAF72
S3150004AD80B0B1BAB2B3B4B5B600000000FF3F0000DC
S3150004AD90000000000000FF3F00000000F501A5FBD5
S3150004ADA06D02A4C08E53F501A5FB6D02A4C08E539B
S3150004ADB05C1F75C9004047C11B265C1F75C900404E
S3150004ADC047C1DF6A0603F9F9070347C1A61006035C
S3150004ADD00D01070347C16E10A078A2E2B20B47A982
S3150004ADE0AC2007E4A007A21DB20A47A9AC2007E4D9
S3150004ADF0A002A200B20A47A9BA2007E4A002A20050
S3150004AE00B20B47A9BA2007E460B202A1FAB302471B
S3150004AE10C1A438B202F000B30247C17138A001A23E
S3150004AE20A0B20A47A9B82007E4A001A2A0B20B4722
S3150004AE30A9B82007E4B20940B22E414CE32B05021F
S3150004AE40F9FB060247C137530502B400060247C19F
S3150004AE500D53A001A2A0B20A47A9B82007E4A00195
S3150004AE60A2A0B20B47A9B82007E4B23E40B22E41D5
S3150004AE704CE32BA000A280B20B47A9022007E46092
S3150004AE80A000A202B20247A9462007E460A903A0D3
S3150004AE902C200DE4293F1DA02E8D1806A9A37B6046
S3150004AEA0004080C0C7B4A000A204B20247A944204F
S3150004AEB007E4A900A089200DE409408D1806A9A07D
S3150004AEC07B6020FF0F4A4A85414A64413820650C5D
S3150004AED09004E934803920380C9004E9358030AA8E
S3150004AEE020200EC903D0068A38E9308022C902F030
S3150004AEF0F6E253022005AD2F05800620D70D8D2FCF
S3150004AF0005C960D0068A38E93380048A38E9361AD6
S3150004AF10854160A000A2AAB20247A9802007E4A046
S3150004AF2000A24AB20247A9812007E460AC7E03AEC0
S3150004AF307D03B20247A91F2007E4AC8003AE7F035A
S3150004AF40B20247A91E2007E460A201B1408547A1C9
S3150004AF50408546A90A8545A9B88544200AE4B14036
S3150004AF608547A1408546A90B8545A9B88544200A8D
S3150004AF70E4B1428547A1428546A90B8545A9BB850F
S3150004AF8044200AE460B2DF40B22B41B2E142B22B64
S3150004AF904320492F60A441A640B20A47A9B9200715
S3150004AFA0E4A441A640B20B47A9B92007E460A9016D
S3150004AFB0A001200DE448A540C906B008C900B006A2
S3150004AFC0A9008002A905AA683DDC2F09028540A0D4
S3150004AFD000A640B20147A9012007E4600101050D5E
S3150004AFE01D3D20F5E3D000A441A640B20247A918AE
S3150004AFF02007E4A000A641B20247A9DB2007E460CB
S3150004B00020F5E3D000A441A640B20247A9192007BF
S3150004B010E4A000A641B20247A9DC2007E460A441EB
S3150004B020A640B20247A9902007E460A441A640B214
S3150004B0300247A9912007E4A000A641B20247A9DA73
S3150004B0402007E460A000A640B20247A99B2007E4BB
S3150004B050A000A641B20247A99C2007E4A000A6428C
S3150004B060B20247A99D2007E4A000A643B20247A95D
S3150004B0709E2007E460A901A00D200DE429E79002B3
S3150004B08009188D1806A9A17B60676EE25102020DAC
S3150004B090A901A003200DE42980F002E76E60A9034C
S3150004B0A08D1C06A9C87BAD180609028D1806A9E8E9
S3150004B0B07B60A948A003200DE4AD19060904854167
S3150004B0C0AD18068540A441A640B24847A903200707
S3150004B0D0E460C2010C061F740CAD1206CD9804D0B0
S3150004B0E004D2044902A902A008200DE4AD19068D74
S3150004B0F08004AD18068D7F0460A5408D1806A9DA74
S3150004B1008D1C06A9A37BA5418D1806A9DB8D1C06FB
S3150004B110A9A37B60AD1206C9ACF022A906A09020B3
S3150004B1200DE429F809818D1806A9A67BA906A09223
S3150004B130200DE4297F8D1806A9A67B8022A906A0E6
S3150004B14090200DE429F809828D1806A9A67BA90684
S3150004B150A092200DE409808D1806A9A67B8000A97B
S3150004B16006A091200DE409408D1806A9A67BA2012C
S3150004B170B25642B20343B1428547A1428546A90B62
S3150004B1808545A9BB8544200AE460A001A2A0B20AB1
S3150004B19047A9B82007E4A001A2A0B20B47A9B8208A
S3150004B1A007E4B24240B203414CE32BA006A280B2AC
S3150004B1B00A47A9B92007E4A006A280B20B47A9B999
S3150004B1C02007E4B25640B232414C8A2CA011A200A8
S3150004B1D0B20A47A9B92007E4A011A200B20B47A9F5
S3150004B1E0B92007E4B29C40B22D414C8A2CA016A289
S3150004B1F000B20A47A9BA2007E4A00AA200B20B4784
S3150004B200A9BA2007E420302DB2B040B22D414CEF4C
S3150004B2102CA020A200B20A47A9B92007E4A020A2C4
S3150004B22000B20B47A9B92007E4B27B40B22B414CCC
S3150004B2308A2CA010A200B20A47A9BA2007E4A010DB
S3150004B240A200B20B47A9BA2007E420302DB28F40E2
S3150004B250B22B414CEF2C9703D6F8990389C2FF22EF
S3150004B26097032004990389C2C9220502F9FB060241
S3150004B27047C12DD205028003060247C1F8D1A007B3
S3150004B280A250B20A47A9B92007E4A007A250B20BFC
S3150004B29047A9B92007E4B26A40B232414C8A2CB2BB
S3150004B2A0B740B22B4120EF2C4C302DA54048A54188
S3150004B2B048AD78038540AD79038541AD7A0385426F
S3150004B2C0AD7B038543A000A201B20B47A968200702
S3150004B2D0E4A441A640B20847A9682007E4A443A60B
S3150004B2E042B20847A9692007E4A000A201B20B47AD
S3150004B2F0A96A2007E4A441A640B20847A96A200720
S3150004B300E4A443A642B20847A96B2007E468854132
S3150004B310688540ADD2868542ADD3868543206433A5
S3150004B320A5448D1806A5458D1906A9688D1C06A980
S3150004B330A97BA96A8D1C06A9A97BADD4868542ADD5
S3150004B340D5868543206433A5448D1806A5458D19F5
S3150004B35006A9698D1C06A9A97BA96B8D1C06A9A93A
S3150004B3607B4CABE2A90085448545A208A544654209
S3150004B3708544A54565438545CAD0F1A5428546A5BC
S3150004B380438547464766464647664646476646A554
S3150004B3904465468544A5456547854546476646A5AD
S3150004B3A04465468544A5456547854560A000A21BBE
S3150004B3B0B20E47A9642007E460AD120629F0C9104D
S3150004B3C0D039A901A00D200DE409048D1806A9A100
S3150004B3D07BA000A2C5B20147A9342007E4A000A2BD
S3150004B3E005B20147A9352007E420B00EA901A00D36
S3150004B3F0200DE429FB8D1806A9A17B60AD30040A53
S3150004B400AABD24348540BD25348541A441A640B255
S3150004B4100C47A9FF2007E4A07FA2FFB20D47A9FFAE
S3150004B4202007E460FF7FFF7FFF7F00740067005CF6
S3150004B430005200490041003A0034002E00298024BD
S3150004B4408020001DCF4B05F00338E901CF4B0AC914
S3150004B45004B004A9008002E904AA20F5E3D001603F
S3150004B4608A8541AD2F0464418DD0993008C9219055
S3150004B47006A9218002A900854138E90FF008900643
S3150004B4800AAAA90F8004A200A5418D9F040A0A0AEC
S3150004B4900A48A90F2D13068D1306680D13068D137E
S3150004B4A006BDAE348540BDAF3485414CF93000400D
S3150004B4B00A39D6324E2D6128FD231320961C7A199B
S3150004B4C0B5163D1409121310530EC50C610B240A4C
S3150004B4D00A090E08AD89058D880548AD1C86C90282
S3150004B4E0D003684A48684A4A4A4A0AAABD193585B1
S3150004B4F046BD1A358547A447A646B20B47A90F2071
S3150004B50007E4BD39358546BD3A358547A447A64681
S3150004B510B20A47A90F2007E46020E8C0EA60ED00FC
S3150004B520F000F280F4B0F700FAB0FCF0FF000280FD
S3150004B530040008000AA00CE00F00E300E680E8809F
S3150004B540EA00ED80F000F300F680F800FB00FE0050
S3150004B55001000300058008000AAD8B058D8A05D01D
S3150004B56002A9804A4A4A4A0AAABD80358546BD814F
S3150004B570358547A447A646B20E47A9622007E4606C
S3150004B580010040009000D00000014001A00110021B
S3150004B590800240030004000580064008500A800C1F
S3150004B5A04A4A4A4A4A4A0AAABDBF358546BDC035F3
S3150004B5B08547A447A646B20B47A90F2007E460AA0D
S3150004B5C0F2AA06AA10AA19AD8F054A4A4A4A0AAA35
S3150004B5D0BDE7358546BDE8358547A447A646B20A84
S3150004B5E047A90F2007E46004D859DBAEDE03E2580E
S3150004B5F0E5ADE802EC57EFACF201F656F9ABFC0008
S3150004B600005503AA06FF09A906A071200DE4A902A4
S3150004B6108D1806A9A67BA903A01C200DE4A9608D9C
S3150004B6201806A9A37BA020A200B20A47A9092007ED
S3150004B630E4A004A200B20B47A90E2007E4A010A2BE
S3150004B640FAB20347A91A2007E4A000A26CB2024783
S3150004B650A9F02007E4A068A200B20847A9052007BC
S3150004B660E4A068A200B20947A9052007E4A034A211
S3150004B67000B20847A9042007E4A034A200B209478F
S3150004B680A9042007E4A020A22AB20447A91B200784
S3150004B690E4A000A200B20447A9272007E4A0F8A268
S3150004B6A0F8B20247A9E52007E4A000A204B20447C1
S3150004B6B0A9252007E4A000A260B20247A9F020074A
S3150004B6C0E4600003010200C040802903A8AD01061E
S3150004B6D0293F19C6368D0106B9C2368543A903A08A
S3150004B6E0C8200DE429FC05438D1806A9A37BA903EC
S3150004B6F0A0D0200DE429FC05438D1806A9A37B6080
S3150004B70060B20043A200B14020A137B01D290F85C5
S3150004B71042A5430AB02D0AB02A6543B0260AB023CF
S3150004B7206542B01F8543E84C0637864218A5406536
S3150004B730428540A541690085418AD001388D390288
S3150004B740A54360A9FF60B20044B20045A200B1401F
S3150004B750C920D003E880F7C9309032C93AB02E29FF
S3150004B7600F8542A5458543A5440A26450A26456410
S3150004B770448544A54565438545A5440A2645644252
S3150004B7808544A54569008545B003E880C18642180D
S3150004B790A54065428540A541690085418AD00138A6
S3100004B7A060C9309004C93A900138607B
S3150004B7ABAD2B022904F00620F5E0206538BA8A850C
S3150004B7BB40A9018541E640D002E641A000A140DA4A
S3150004B7CB99BA9CAAAD2B022904F0048A20B5E4E6A7
S3150004B7DB40D002E641FAC8E8D0E31FB248F21F068E
S3150004B7EB014317B2D2020806A9BE8D1C06A9867B95
S3150004B7FB29DF8D1806A9A67BA96B8D1C06A9807B50
S3150004B80B29EF8D1806A9A07BA9038D1C06A9C07B5D
S3150004B81B09808D1806A9E07BA9108DE004205FE34F
S3150004B82B205CE3802A6701A2322072F820F5E0E758
S3150004B83B01A2142072F8A9768D1206A91A8D260276
S3150004B84B58A5004F63046759A90385BA20A0E14C98
S3150004B85BE8E1B22040B206418006B20040B206418E
S3150004B86BA2FFE8B14020B5E4A9202042FA8A290FA9
S3150004B87BC90FD0EE20F5E0E01F90E760A90B8D0110
S3150004B88B028508B20032B2C000B2BF01A9C2B2C06F
S3150004B89B05B27F06B21003B2833BB2C03AB20F3F76
S3150004B8ABB20F3E8D00028504B2000BB24F0720D8AF
S3150004B8BBF820F9F8B2070AB20009A9078DFC05D2DC
S3150004B8CB01FD05A51FC9B7F065B20040B2C041B270
S3150004B8DBFC1EA90181400AB2FD1E81400AB2FE1E5E
S3150004B8EB81400AB2FF1E8140B2FC1EA901C140D0A1
S3150004B8FB2AB2FD1E0AC140D022B2FE1E0AC140D096
S3150004B90B1AB2FF1E0AC140D012A9FC8DE905A9FD86
S3150004B91B8DEA05B2FED5B2FFD68010A9B08DE90526
S3150004B92BA9B18DEA05B2B2D5B2B3D6B2771FADE9DA
S3150004B93B05851CADEA05851DA5D5851EA51E48B234
S3150004B94B701EAD10C0C959F00668851E4C42E568D9
S3150004B95B851EA9FF8D71052079E117ADE70160A559
S3150004B96B1E488F7506A5D6851E8009B2BB1E0FB160
S3150004B97B03B2BF1EB2D341B2EE4020F5E0A1402084
S3150004B98BB5E4E640D002E641A541C9E090EFA2FF3B
S3150004B99BE8BD6C9A20B5E4E00490F568851E60ADAD
S3150004B9AB6B9AC902D0016027B1D2080506A96B8D23
S3150004B9BB1C06A9807BA57D290BC909D00DA57F3053
S3150004B9CB09D7B2AD180609208003AD18060D699A7E
S3150004B9DB29EF0FB20D4FB20AE26D0202031FB20238
S3150004B9EB09108D1806A9A07BA96C8D1C06A9807B52
S3150004B9FB29F78D1806A9A07BA9A38D1C06A9867BFE
S3150004BA0BA9058D1806A9A67BA90B8D1C06A9847BF3
S3150004BA1BAD6C9A8D1806A9A47BA90C8D1C06A9845A
S3150004BA2B7BAD6D9A8D1806A9A47BA9258D1C06A939
S3150004BA3B817BAD6F9A8D1806A9A17BA9268D1C0651
S3150004BA4BA9817BAD709A8D1806A9A17BA92D8D1C96
S3150004BA5B06A9817BAD6E9A8D1806A9A17B600FB2E0
S3150004BA6B25A96B8D1C06A9807B29EF8D1806A9A029
S3150004BA7B7B1FB212A9BE8D1C06A9867B29DF8D18E6
S3150004BA8B06A9A67BE7B117B260A9E58DFF9FA9248A
S3150004BA9B8DFE9F6077B3A200BD00A0DDC33AD0280C
S3150004BAABE8E004D0F3F7B3A200BDC73A9D5D9DE869
S3150004BABBE00C90F5A90080124452414DB00020FFD2
S3140004BACB3FB80040007FFFFFA90485BA4CE8E1AD
S315000700002C01B5455552303131490D2EE36610C9DD
S31500070010C3AB74490D6FE66610C9C3DC7100FF50A8
S31500070020028001781C0CC0A320D5CA1871251CDADA
S31500070030D0A31FD5C4206560FF40020022002C0014
S3150007004022002C3242000E00130000004BDC022077
S3150007005003320000001E010A0714226714FFFFFF80
S31500070060FFFFFF03011300370013003700045A0090
S315000700702C012201CC010116001C0016001C0004ED
S315000700800000000000000000010000000000000062
S315000700900001000000000000000001000000000051
S315000700A00000000100000000000000000100000041
S315000700B000000000000100000000000000000178B9
S315000700C000FEFA3232004B484A49080908484853A5
S315000700D032FA00FA003B2C01000000000000140071
S315000700E00500000500780000000000000000002061
S315000700F01C0100070046FE0000AB1140060000FF8A
S31500070100010602FF030700FF370802FF020901FF86
S31500070110060A00FF0E1D0146085B00140C5C00145E
S315000701200C1CFF0008FFFFFFFFFFFFFFFFFF004A52
S315000701304150303031C2087CEEC20874C7FE74C223
S31500070140088411C2084FCD956400FF00070003C25B
S31500070150087CEEC20874C7FE74C2088411C2084F31
S31500070160CD956400FF00010022002E0022002E0A12
S31500070170500011001E01233941DC029001460000A0
S315000701800028026606201A28A0FFFFFFFFFFFF03CD
S31500070190011E004E001E004E00043200A4008B0014
S315000701A024010100000000000000000108002100F2
S315000701B0080021000204000D000C001500040000D1
S315000701C00000000000000100000000000000000120
S315000701D00000000000000000010000000000000011
S315000701E000010000000000000000010000000505F6
S315000701F04B004B484A49080908484840323101DF55
S31500070200004B4B000404040404041400050000001A
S3150007021000B400000000000000000000000200FF1C
S315000702200046FE00002110400F0000FF0106040FE4
S3150007023002070173730802FF020901FF060A01FE9E
S315000702400E0B41FF551BFF00491CFF08085B0A10F0
S31500070250105C0A1010FFFFFFFFFF99494E4C303123
S3150007026031490D2EE36610C9C3AB74490D6FE666B7
S3150007027010C9C3DC7100FF50028001AF1436D36F7B
S315000702801801CB166F3C14EFDD6F1801CB90698010
S31500070290FFA0020022002E0022002E0A42000E00B6
S315000702A0130000004BDC022003320000001E010A87
S315000702B00714226714FFFFFFFFFFFF030112004E1B
S315000702C00012004E00045A002C012201CC0101162F
S315000702D0001C0016001C00040000000000000000BF
S315000702E001000000000000000001000000000000FF
S315000702F000000100000000000000000100000000EF
S3150007030000000000010000000000000000010000DE
S31500070310000000000000010001FEFA3233004B48DE
S315000703204A4908090848485332DD00DD004B2C01CD
S31500070330000000000000140005000005007800001A
S3150007034000000000000000201C0100070046FE0018
S3150007035000A91140060000FF010602FF030700FF80
S31500070360370802FF020901FF060A00FF0E1D0146B4
S31500070370095B00140C5C00140C1CFF0008FFFFFF50
S31500070380FFFFFFFFFFFF01455552303131490D2E63
S31500070390E36610C9C3AB74490D6FE66610C9C3DCC3
S315000703A07100FF50028001781C0CC0A320D5CA1823
S315000703B071251CDAD0A31FD5C4206560FF40020053
S315000703C022002E0022002E3242000E0013000000EB
S315000703D04BDC022003320000001E010A07142267C5
S315000703E014FFFFFFFFFFFF0301130037001300375A
S315000703F000045A002C012201CC010116001C00162C
S31500070400001C0004000000000000000001000000BE
S3150007041000000000000100000000000000000100CD
S3150007042000000000000000010000000000000000BE
S3150007043001000000000000000001000000000000AD
S315000704400000017800FEFA3232004B484A49080993
S315000704500848485332DD00DD003B2C010000000050
S3150007046000001400050000050078000000000000E9
S31500070470000000201C0100070046FE0000AB1140EB
S31500070480060000FF010602FF030700FF370802FF09
S31500070490020901FF060A00FF0E1D0146095B00144B
S315000704A00B5C00140B1CFF0008FFFFFFFFFFFFFF9D
S315000704B0FFFF034E5A4C303131C2087CEEC2087436
S315000704C0C7FE74C2088411C2084FCD956400FF00A9
S315000704D0103001781C0CC0A320D5CA1871251CDA68
S315000704E0D0A31FD5C4206560FF40020022002C0060
S315000704F022002C0A42000F0013FF00004BDC0220EB
S3150007050003320000000000660600000000FFFFFF40
S31500070510FFFFFF03021B0032001B003200031C0013
S3150007052034000D001B00011C00340018002E0003C8
S3150007053000000000000000000100000000000000AD
S3150007054000011B0031001B003100031E0032008230
S31500070550000E0101100021002300420003000000E5
S31500070560000000000001000000000000000001007C
S315000705700000FA0036014B484A490809084848531B
S3150007058032D800D80096960000000000000014003C
S315000705900600000000000000000000000000000048
S315000705A0000000000046FC00006905400300000447
S315000705B003060205030700FF320800FF020A01FFD0
S315000705C00E0B46FF461CFF00081D01FF345B001497
S315000705D00E5C00140EFFFFFFFFFFFFFFFFFFA65392
S315000705E05749303020600AA7EA420B05C55B748776
S315000705F0093FF7420B3EC6DB6B00FF0001000123F4
S31500070600193CCD2C1A67C44F772319DBD72C1A74DC
S31500070610C7BC6900FF0001900E5013400C630E140F
S31500070620500011001EFF000000000000000000003F
S31500070630000000CC0600000900FFFFFFFFFFFF04D4
S31500070640020A003C000A004600047800B4001801BC
S31500070650A4010219005F0019005F00020F001900CC
S315000706600F001900020000000000000000010A0048
S315000706703C000A004600037800B4001801A40102F2
S3150007068019005F0019005F000232004B0050007826
S3150007069000020000000000000000012800005A5A6E
S315000706A05A004B484A4908090848485332CC00CCF7
S315000706B0004B4B000003030303031400050000006F
S315000706C00005000000000005000000FFFF00000F06
S315000706D000460000006905800300000500060308C0
S315000706E0030701FF5A0802FF020901FF060A01FE76
S315000706F00E0B32FF551BFF00491CFF00001D05644A
S30F00070700095B0A0F0C5C0A0F0CFFD9
S3150007800009415553303131C2087CEEC20874C7FEA8
S3150007801074C2088411C2084FCD956400FF00103062
S3150007802001450A76EA610B67C4C9740A9393F66138
S315000780300BA2C5DE6D40FD00010022002C002200C8
S315000780402C0A48000F0013FF000073DC02200332DE
S315000780500000000000CC0600003200FFFFFFFFFF14
S31500078060FF03021B0032001B003200031C00340012
S315000780700D001B00011C00340018002E0003000031
S3150007808000000000000001000000000000000001E1
S315000780901B0031001B003100031E00320082000E58
S315000780A00101100021002300420003000000000028
S315000780B0000000010000000000000000010001FEB2
S315000780C05A5A5A004B484A4908090848485332CC75
S315000780D000CC00969600000404040404140005006E
S315000780E0000000080700000000000000000000096B
S315000780F000FF0046FC000069054403000004010672
S315000781000205030700FF320800FF020A01FF0E0BF4
S3150007811032FF551CFF00081D01FF0A5B00140C5CAB
S3150007812000140CFFFFFFFFFFFFFFFFFFFD54425246
S31500078130303020850DABE4140E28C3F677B40CB0A7
S31500078140F4140EA0C56C6C00FF000C000123193C4B
S31500078150CD2C1A67C44F772319DBD72C1A74C7BCE3
S315000781606900FF0001900E5013800C630E0A42004F
S315000781700E0012FF000000000000000000000000D3
S3150007818000000000000000FFFFFFFFFFFF04020AD8
S31500078190003C000A004600047800B4001801A40158
S315000781A00219005F0019005F00020F0019000F0097
S315000781B01900020000000000000000010A003C0050
S315000781C00A004600047800B4001801A40102190049
S315000781D05F0019005F000232004600500078000277
S315000781E00000000000000000012800005A5A5A004B
S315000781F04B484A4908090848485332CC00CC003C4A
S3150007820064000003030303031400050000000005D0
S31500078210000000000005000000FFFF00000F0046F9
S31500078220FF0A0069050001000005000603080307A9
S3150007823001FF5A0802FF020901FF060A01FE0E0B9B
S3150007824032FF551BFF00491CFF00081D05641B5B19
S315000782500A0F0C5C0A0F0CFF0F424C4730302049BF
S315000782600D2EE36610C9C3AB74490D6FE66610C9D8
S31500078270C3DC7100FF0012800D23193CCD2C1A6751
S31500078280C44F772319DBD72C1A74C7BC6900FF8044
S3150007829001900E5013400C630E0A500011001EFF8A
S315000782A00000000000000000000000000066060055
S315000782B0004800FFFFFFFFFFFF04020A003C000A19
S315000782C0004600047800B4001801A4010219005FF3
S315000782D00019005F00020F0019000F0019000200C5
S315000782E000000000000000010A003C000A004600EA
S315000782F0037800B4001801A4010219005F001900F1
S315000783005F000232004B00500078000200000000B8
S3150007831000000000012800005A5A5A004B484A49F3
S3150007832008090848485332CC00CC004B4B000003E1
S315000783300303030314000500000000050000000006
S315000783400005000000FFFF00000F0046000000695F
S3150007835005000300000500060308030701FF5A0886
S3150007836002FF020901FF060A01FE0E0B32FF551B2B
S31500078370FF00491CFF00081D05640C5B0A0F0C5C17
S315000783800A0F0CFF7B4E4C203039201118B8CAB79C
S315000783901D29CC2A6E111807D7B71D29CC2E6600C2
S315000783A0FF400D000723193CCD2C1A67C44F7723CE
S315000783B019DBD72C1A74C7BC6900FF8001900E50D1
S315000783C013400C630E0A5000110013FF0000000053
S315000783D0000000000000000000000000000000FF91
S315000783E0FFFFFFFFFF04020A003C000A00460004E5
S315000783F07800B4001801A4010219005F0019005F94
S3150007840000020F0019000F0019000200000000000B
S31500078410000000010A003C000A004600037800B489
S31500078420001801A4010219005F0019005F0002325B
S31500078430004B00500078000200000000000000001A
S31500078440012800005A5A5A004B484A490809084861
S31500078450485332CC00CC004B4B0000030303030305
S3150007846014000500000000050000000000050000DC
S3150007847000FFFF00000F004600000069050001002D
S31500078480000500060308030701FF5A0802FF020951
S3150007849001FF060A01FE0E0B32FF551BFF00491CA2
S315000784A0FF00001D05643C5B0A0F0C5C0A0F0CFFFE
S315000784B03144454E3030390B0904EC2A0B29CCDD03
S315000784C06D0B097D032A0B29CC2E6600FF000100E0
S315000784D00123193CCD2C1A67C44F772319DBD72CF8
S315000784E01A74C7BC6900FF0001990E9912400C6304
S315000784F00E0A500011000F0578F041DC0220032810
S315000785000041011423220D00000000FFFFFFFFFFBB
S31500078510FF04020A003C000A004600047800B40083
S315000785201801A4010219005F0019005F00020F007D
S3150007853019000F00190002000000000000000001EA
S315000785400A003C000A004600037800B4001801A49C
S31500078550010219005F0019005F000232004B00504C
S31500078560007800020000000000000000012800005B
S315000785705A5A5A004B484A4908090848485332CCC0
S3150007858000CC004B4B000003030303031400050054
S3150007859000000005000000000005000000FFFF00C6
S315000785A0000F0046000000690506030000050006E7
S315000785B00308030701FF5A0802FF020901FF060A1B
S315000785C001FE0E0B32FF551BFF00491CFF00081D5D
S315000785D00564095B0A0F0C5C0A0F0CFFA553574588
S315000785E0303039511839CBB21E4FCDDF6B511825B4
S315000785F0D6B21E4FCD456800FF0001000123193C86
S31500078600CD2C1A67C44F772319DBD72C1A74C7BC2E
S315000786106900FF0001900E5013400C630E0A5000CC
S3150007862011001EFF0000000000000000000000000F
S3150007863000CC0600000000FFFFFFFFFFFF04020A51
S31500078640003C000A004600047800B4001801A401A3
S315000786500219005F0019005F00020F0019000F00E2
S315000786601900020000000000000000010A003C009B
S315000786700A004600037800B4001801A40102190095
S315000786805F0019005F000232004B005000780002BD
S315000786900000000000000000012800005A5A5A0294
S315000786A04B484A4908090848485332CC00CC004B86
S315000786B04B00000303030303140005000000000535
S315000786C0000000000005000000FFFF00000F004645
S315000786D000000069054603000005000603080307B6
S315000786E001FF5A0802FF020901FF060A01FE0E0BE7
S315000786F032FF551BFF00491CFF00081D05640A5B76
S30D000787000A0F0C5C0A0F0CFFBF
S31500048000824E4F52303935AF1436D36F1801CB1622
S315000480106F3C14EFDD6F1801CB906900FF0001007F
S315000480200123193CCD2C1A67C44F772319DBD72CAF
S315000480301A74C7BC6900FF0001900E5013400C630C
S315000480400E0A500011001EFF000000000000000090
S315000480500000000000CC0600006E00FFFFFFFFFFDB
S31500048060FF04020A003C000A004600047800B4003B
S315000480701801A4010219005F0019005F00020F0035
S3150004808019000F00190002000000000000000001A2
S315000480900A003C000A004600037800B4001801A454
S315000480A0010219005F0019005F000232004B005004
S315000480B00078000200000000000000000128000013
S315000480C05A5A5A004B484A4908090848485332CC78
S315000480D000CC004B4B00000303030303140005000C
S315000480E000000005000000000005000000FFFF007E
S315000480F0000F00460000006905060300000500069F
S315000481000308030701FF5A0802FF020901FF060AD2
S3150004811001FE0E0B32FF551BFF00491CFF00081D14
S3150004812005640A5B0A0F0C5C0A0F0CFF50484B47A8
S31500048130303031850DABE4140E28C3F677B40CB099
S31500048140F4140EA0C56C6C00FF000C90014A0C01DF
S31500048150E7CC0C28C3F677CC0C5EF9CC0CA0C5177B
S315000481606700FF000200102016000680070A42007E
S315000481700E001E00000041DC022003320000001E37
S3150004818001CC0614221987FFFFFFFFFFFF03021E1F
S31500048190003C001E003C00044000A00022015802DE
S315000481A0020F001E000F001E000200000000000067
S315000481B00000010000000000000000011E003C0059
S315000481C01E003C00044000A00022015802020F00D9
S315000481D01E000F001E000200000000000000000147
S315000481E00000000000000000013C00005A5A5A003A
S315000481F04B484A4908090848485332CC00CC003752
S315000482004B00000000000000140005000005007883
S31500048210000000000000000000201C0100070046CA
S315000482200000008311400700020800060308030744
S3150004823001FF5A0A01FE0E0B32C8551CFF00001D31
S3150004824005641E5B0A0F0D5C0A0F0DFFFFFFFFFF9F
S31500048250FFFFFFFFFFFFFFFF574952453335337AD0
S315000482600A42EBE80A3EC6E571D608B4F7E80AD531
S31500048270C92F6D00FF0001000123193CCD2C1A679C
S31500048280C44F772319DBD72C1A74C7BC6900FF00C7
S3150004829001900E5013400C630E0A500011001EFF8D
S315000482A000000000000000000000000000000000C4
S315000482B0000000FFFFFFFFFFFF04020A003C000A64
S315000482C0004600047800B4001801A4010219005FF6
S315000482D00019005F00020F0019000F0019000200C8
S315000482E000000000000000010A003C000A004600ED
S315000482F0037800B4001801A4010219005F001900F4
S315000483005F000232004B00500078000200000000BB
S3150004831000000000012800005A5A5A004B484A49F6
S3150004832008090848485332CC00CC004B4B000003E4
S3150004833003030303143705000000000500000000D2
S315000483400005000000FFFF00000F00460000006962
S3150004835005000100000500060308030701FF5A088B
S3150004836002FF020901FF060A01FE0E0B32FF551B2E
S31500048370FF00491CFF00081D05640A5B0A0F0C5C1C
S315000483800A0F0CFFA05350413033349022EAC2FD49
S315000483902389C2E373902222BBFD2389C2B57400EC
S315000483A0FF0001000123193CCD2C1A67C44F772323
S315000483B019DBD72C1A74C7BC6900FF0001900E5054
S315000483C013400C630E0A500011001EFF000000004B
S315000483D0000000000000000000CC0600000800FFBA
S315000483E0FFFFFFFFFF04020A003C000A00460004E8
S315000483F07800B4001801A4010219005F0019005F97
S3150004840000020F0019000F0019000200000000000E
S31500048410000000010A003C000A004600037800B48C
S31500048420001801A4010219005F0019005F0002325E
S31500048430004B00500078000200000000000000001D
S31500048440012800005A5A5A004B484A490809084864
S31500048450485332CC00CC004B4B0000030303030308
S3150004846014000500000000050000000000050000DF
S3150004847000FFFF00000F004600000069050003002E
S31500048480000500060308030701FF5A0802FF020954
S3150004849001FF060A01FE0E0B32FF551BFF00491CA5
S315000484A0FF00081D05640A5B0A0F0C5C0A0F0CFF2B
S315000484B0594954203030207A0A42EBE80A3EC6E590
S315000484C071D608B4F7E80AD5C92F6D00FF0001007C
S315000484D00123193CCD2C1A67C44F772319DBD72CFB
S315000484E01A74C7BC6900FF0001900E5013400C6358
S315000484F00E0A500011001EFF0000000000000000DC
S315000485000000000000CC0600001000FF2FFF2FFF24
S31500048510FF04020A003C000A004600047800B40086
S315000485201801A4010219005F0019005F00020F0080
S3150004853019000F00190002000000000000000001ED
S315000485400A003C000A004600037800B4001801A49F
S31500048550010219005F0019005F000232004B00504F
S31500048560007800020000000000000000012800005E
S31500048570C85A5A004B484A4908090848485332CC55
S3150004858000CC004B4B000003030303031400050057
S3150004859000000005000000000005000000FFFF00C9
S315000485A0000F0046000000690500030000050006F0
S315000485B00308030701FF5A0802FF020901FF060A1E
S315000485C001FE0E0B32FF551BFF00491CFF00081D60
S315000485D00564095B0A0F0C5C0A0F0CFF8B504F52A3
S315000485E0333531200942EDB30905C5B07663086019
S315000485F0F8B3093EC6577000FF0001000123193C79
S31500048600CD2C1A67C44F772319DBD72C1A74C7BC31
S315000486106900FF0001900E5013400C630E0A5000CF
S3150004862011001EFF00000000000000000000000012
S3150004863000CC0600003800FFFFFFFFFFFF04020A1C
S31500048640003C000A004600047800B4001801A401A6
S315000486500219005F0019005F00020F0019000F00E5
S315000486601900020000000000000000010A003C009E
S315000486700A004600037800B4001801A40102190098
S315000486805F0019005F000232004B005000780002C0
S315000486900000000000000000012800005A5A5A0099
S315000486A04B484A4908090848485332CC00CC004B89
S315000486B04B00000303030303140005000000000538
S315000486C0000000000005000000FFFF00000F004648
S315000486D000000069050003000005000603080307FF
S315000486E001FF5A0802FF020901FF060A01FE0E0BEA
S315000486F032FF551BFF00491CFF00081D0564175B6C
S30D000487000A0F0C5C0A0F0CFFC2
S3150004F0000A415553303020940BF0E6FC0D01CB2118
S3150004F0106E940B3FF5FC0DD5C9D76900FF001DE0C2
S3150004F0200023193CCD2C1A67C44F772319DBD72C40
S3150004F0301A74C7BC6900FF8001900E5013400C631C
S3150004F0400E0A500011001E0019785A6E02F40128A7
S3150004F0500000003000CC0600003800FF2FFF1FFF21
S3150004F0600F04020A003C000A004600047800B400BB
S3150004F0701801A4010219005F0019005F00020F00C5
S3150004F08019000F0019000200000000000000000132
S3150004F0900A003C000A004600037800B4001801A4E4
S3150004F0A0010219005F0019005F000232004B005094
S3150004F0B000780002000000000000000001280000A3
S3150004F0C05A5A5A004B484A4908090848485332CC08
S3150004F0D000CC004B4B00000303030303140005009C
S3150004F0E000000005000000000005000000FFFF000E
S3150004F0F0000F004600000069050003000005000635
S3150004F1000308030701FF5A0802FF020901FF060A62
S3150004F11001FE0E0B32FF551BFF00491CFF00001DAC
S3150004F12005640A5B0A0F0C5C0A0F0CFF04534720A4
S3150004F130303131490D2EE36610C9C3AB74490D6FE6
S3150004F140E66610C9C3DC7100FF50028001781C0C0E
S3150004F150C0A320D5CA1871251CDAD0A31FD5C42094
S3150004F1606560FF4002002800330028003332420065
S3150004F1700E0013FF00004BDC0220033200000000E7
S3150004F18000CC0614222850FFFFFFFFFFFF030113E4
S3150004F19000370013003700045A002C012201CC0169
S3150004F1A00116001C0016001C0004000000000000EC
S3150004F1B00000010000000000000000010000000043
S3150004F1C00000000001000000000000000001000033
S3150004F1D00000000000000100000000000000000123
S3150004F1E00000000000000000010000FEFA323200B8
S3150004F1F04B484A4908090848485332DD00DD003BBC
S3150004F2002C01000000000000140005000005007831
S3150004F210000000000000000000201C01000700465A
S3150004F220FE0000AB11400F0000FF010602FF0307BA
S3150004F23000FF370802FF020901FF060A00FF0E1D40
S3150004F2400146095B00140C5C00140C1CFF0008FF4B
S3150004F250FFFFFFFFFFFFFFFF3C46494E393930C22F
S3150004F260087CEEC20874C7FE74C2088411C2084F33
S3150004F270CD956400FF580B580B23193CCD2C1A6707
S3150004F280C44F772319DBD72C1A74C7BC6900FF80D7
S3150004F29001900E5013400C630E0A50001100130522
S3150004F2A078F041DC022003280041019623CC0600B5
S3150004F2B0005500FFFFFFFFFFFF04020A003C000A9F
S3150004F2C0004600047800B4001801A4010219005F86
S3150004F2D00019005F00020F0019000F001900020058
S3150004F2E000000000000000010A003C000A0046007D
S3150004F2F0037800B4001801A4010219005F00190084
S3150004F3005F000232004B005000780002000000004B
S3150004F31000000000012800005A5A5A004B484A4986
S3150004F32008090848485332CC00CC004B4B00000374
S3150004F3300303030314000500000000050000000099
S3150004F3400005000000FFFF00000F004600000069F2
S3150004F35005060300000500060308030701FF5A0813
S3150004F36002FF020901FF060A01FE0E0B32FF551BBE
S3150004F370FF00491CFF00081D0564095B0A0F0C5CAD
S3150004F3800A0F0CFF26434849303031850DABE4148F
S3150004F3900E28C3F677B40CB0F4140EA0C56C6C003A
S3150004F3A0FF000C90014A0C01E7CC0C28C3F677CC7D
S3150004F3B00C5EF9CC0CA0C5176700FF000280102074
S3150004F3C016000680070A42000E001300000041DC06
S3150004F3D0022003320000001E010A0700002C00FF71
S3150004F3E02FFF1FFF0F03020A0041000A0041000419
S3150004F3F014007800100058020219005A0019005A25
S3150004F40000030000000000000000010000000000EE
S3150004F410000000010A0041000A00410004140078BB
S3150004F42000B40058020219005A0019005A000300D9
S3150004F43000000000000000010000000000000000C1
S3150004F440013CF9055A5A4B004B484A4908090848F1
S3150004F450485332CC00CC004B2C01000000000000C5
S3150004F46014000500000500780000000000000000FC
S3150004F47000201C01000700460000008311400B0019
S3150004F48000FF000602FF020701FF320802FF02091D
S3150004F49001FF060A00FF0E0B32FF551BFF00491D34
S3150004F4A00564325B010F0A5C0A0F0AFFFFFFFFFFC8
S3150004F4B016425241303020850DABE4140E28C3F6B3
S3150004F4C077B40CB0F4140EA0C56C6C00FF000CA04D
S3150004F4D0014A0C01E7CC0C28C3F677CC0C5EF9CCB8
S3150004F4E00CA0C5176700FF8001000C0010000B007C
S3150004F4F0100A42000E0012FF000000000000000087
S3150004F5000000000000CC0600000B00FFFFFFFFFF19
S3150004F510FF03020A002D000A004B000414007800C1
S3150004F520100058020219005F0019005F0002000073
S3150004F53000000000000001000000000000000001BF
S3150004F5400A002D000A004B000414007800B4005889
S3150004F550020219005F0019005F00020000000000AB
S3150004F560000000010000000000000000013C000053
S3150004F5705A5A50004B484A4908090848485332CC5D
S3150004F58000CC0050640000000000000014000600D7
S3150004F5900000000000000000000000000000000061
S3150004F5A000000046000A0023214003000004000670
S3150004F5B00405050700B4320A00FE0E0B32FF551C83
S3150004F5C0FF00081D05641B5B000F0D5C0A0F0DFF91
S3150004F5D0FFFFFFFFFFFFFFFFFFFFFFFF53494E44FF
S3150004F5E0303020850DABE4140E28C3F677B40CB086
S3150004F5F0F4140EA0C56C6C00FF000CB0014A0C019B
S3150004F600E7CC0C28C3F677CC0C5EF9CC0CA0C51756
S3150004F6106700FF800180102016000B00100A4200CC
S3150004F6200E00120500000000042003280000010358
S3150004F63000000000000000FFFFFFFFFFFF04020AB6
S3150004F640002D000A004B0004140078001000580234
S3150004F6500219005F0019005F00020F0019000F0075
S3150004F6601900020000000000000000010A002D003D
S3150004F6700A004B000414007800B400580202190072
S3150004F6805F0019005F000232004600500078000255
S3150004F6900000000000000000013C00005A5A5A0015
S3150004F6A04B484A4908090848485332CC00CC005014
S3150004F6B064000000000000001400060000000000C2
S3150004F6C000000000000000000000000000000046EA
S3150004F6D0000A002331400100000400060405050762
S3150004F6E000B4320A00FE0E0B32FF551CFF00081D43
S3150004F6F005640A5B0A0F0D5C0A0F0DFFFFFFFFFF8F
S3150004F700FFFFFFFFFFFFFFFF734D45583938208584
S3150004F7100DABE4140E28C3F677B40CB0F4140EA0A3
S3150004F720C56C6C00FF000CA0014A0C01E7CC0C2848
S3150004F730C3F677CC0C5EF9CC0CA0C5176700FF8026
S3150004F7400180102016000B00100A42000E0012FF62
S3150004F750000000000000000000000000000000009F
S3150004F760000000FFFFFFFFFFFF03020A002D000A4F
S3150004F770004B000414007800100058020219005FC0
S3150004F7800019005F000200000000000000000100F4
S3150004F79000000000000000010A002D000A004B00D2
S3150004F7A00414007800B40058020219005F0019001E
S3150004F7B05F000200000000000000000100000000DD
S3150004F7C000000000013C00005A5A5A004B484A49BE
S3150004F7D008090848485332CC00CC005064000000A5
S3150004F7E000000000140006000000000000000000F5
S3150004F7F0000000000000000000000046000A00238C
S3150004F80031400100000400060405050700B4320A6D
S3150004F81000FE0E0B32FF551CFF00081D05640A5B33
S3150004F8200A0F0D5C0A0F0DFFFFFFFFFFFFFFFFFF2F
S3150004F830FFFFFFFF8A504F4C303020850DABE41498
S3150004F8400E28C3F677B40CB0F4140EA0C56C6C0085
S3150004F850FF000CA0014A0C01E7CC0C28C3F677CCB8
S3150004F8600C5EF9CC0CA0C5176700FF800180102040
S3150004F87016000B00100A42000E0016FF00000000DE
S3150004F880000000000000000000CC0600002D00FF70
S3150004F890FFFFFFFFFF04020A002D000A00410004D7
S3150004F8A0190078001900580202190055001900556C
S3150004F8B000020F0019000F001900020000000000EA
S3150004F8C0000000010A002D000A0041000419007816
S3150004F8D000B40058020219005500190055000232FE
S3150004F8E000460050007800020000000000000000FE
S3150004F8F0013C00005A5A5A004B484A49080908482C
S3150004F900485332CC00CC00506400000000000000D4
S3150004F91014000600000000000000000000000000C3
S3150004F9200000000000000046000A006B15420300B8
S3150004F930000400060405050700B4320A00FE0E0B97
S3150004F94032FF551CFF00081D05640A5B0A0F0D5C97
S3150004F9500A0F0DFFFFFFFFFFFFFFFFFFFFFFFFFF84
S3150004F9609F534146303020850DABE4140E28C3F670
S3150004F97077B40CB0F4140EA0C56C6C00FF000C60D8
S3150004F9800123193CCD2C1A67C44F772319DBD72CD6
S3150004F9901A74C7BC6900FF8001C31B0022C31B0085
S3150004F9A0220A42000E0012FF00004BDC0220033242
S3150004F9B00000000000660600005A00FFFFFFFFFF7C
S3150004F9C0FF03011200440012004400045A002C01F3
S3150004F9D02201CC010116001C0016001C00040000C4
S3150004F9E0000000000000010000000000000000010B
S3150004F9F000000000000000000100000000000000FC
S3150004FA0000010000000000000000010000000000EA
S3150004FA10000000010000000000000000010000FFDB
S3150004FA20000050004B484A4908090848485332CC5C
S3150004FA3000CC004B64000000000000001400060027
S3150004FA4000000000000000000000000000000000AC
S3150004FA5000000046FE0A00AB1140030000FF010649
S3150004FA6002FF030700FF2D0802FF030A00FE0E0B28
S3150004FA7032FF501CFF00081D0909095B00140A5CCB
S3150004FA8000140A17FF0080FFFFFFFFFF614B4F5270
S3150004FA90303020850DABE4140E28C3F677B40CB0D1
S3150004FAA0F4140EA0C56C6C00FF000CB0014A0C01E6
S3150004FAB0E7CC0C28C3F677CC0C5EF9CC0CA0C517A2
S3150004FAC06700FF800180102016000B00100A420018
S3150004FAD00E0012FF000000000000000000000000FD
S3150004FAE0000A0700002800FFFFFFFFFFFF04020AC9
S3150004FAF0002D000A004B0004140078001000580280
S3150004FB000219005F0019005F00020F0019000F00C0
S3150004FB101900020000000000000000010A002D0088
S3150004FB200A004B000414007800B4005802021900BD
S3150004FB305F0019005F0002320046005000780002A0
S3150004FB400000000000000000013C00005A5A5A0060
S3150004FB504B484A4908090848485332CC00CC00505F
S3150004FB60640000000000000014000600000000000D
S3150004FB700000000000000000000000000000004635
S3150004FB80000A0023314003000004000604050507AB
S3150004FB9000B4320A00FE0E1CFF00081D05640A5B51
S3150004FBA00A0F0D5C0A0F0DFFFFFFFFFFFFFFFFFFAC
S3150004FBB0FFFFFFFFFFFFFFFF6C4D414C30302085F8
S3150004FBC00DABE4140E28C3F677B40CB0F4140EA0EF
S3150004FBD0C56C6C00FF000CA0014A0C01E7CC0C2894
S3150004FBE0C3F677CC0C5EF9CC0CA0C5176700FF8072
S3150004FBF00100200028002000280A42000E0012FFFF
S3150004FC0000004BDC022003320000000000CC06009A
S3150004FC10006900FFFFFFFFFFFF0301120047001208
S3150004FC20004700045A002C012201CC010116001CD5
S3150004FC300016001C00040000000000000000010083
S3150004FC4000000000000000010000000000000000A9
S3150004FC500100000000000000000100000000000098
S3150004FC600000010000000000000000010000000088
S3150004FC700000000001780000000050004B484A498B
S3150004FC8008090848485332CC00CC0032640000000E
S3150004FC900000000014000600000000000000000040
S3150004FCA0000000000000000000000046FE0A0023D9
S3150004FCB031400300000401060405050700B4320AB6
S3150004FCC000FE0E1CFF00081D0000005B0A0F0C5C02
S3150004FCD00A0F0CFFFFFFFFFFFFFFFFFFFFFFFFFF02
S3150004FCE0FFFFFFFF02544157303031C2087CEEC299
S3150004FCF00874C7FE74C2088411C2084FCD95640007
S3150004FD00FF00070003C2087CEEC20874C7FE74C273
S3150004FD10088411C2084FCD956400FF000100280035
S3150004FD2033002800330A420011001E0300004BDC96
S3150004FD30022003320000001E01330700003C00FFCE
S3150004FD40FFFFFFFFFF03011E004E001E004E0004CE
S3150004FD503200A4008B002401010000000000000012
S3150004FD60000108002100080021000204000D000C17
S3150004FD70001500040000000000000000010000005F
S3150004FD800000000000010000000000000000010067
S3150004FD900000000000000001000000000000000058
S3150004FDA00100000005054B004B484A49080908486C
S3150004FDB04853323101DF004B4B00040404040404AD
S3150004FDC014000300003C003C00000000000000009A
S3150004FDD000FFFF0300030046FE00002110400B0055
S3150004FDE000030106040F02070173320802FF020929
S3150004FDF001FF060A01FE0E0B32FF551BFF00491CCC
S3150004FE000808085B0A0F0C5C0A0F0CFFFFFFFFFFD4
S3070006FFFADFE832
S3150006E8DF22AEF399D00DA518C960D0072021E6BA46
S3150006E8EF8EF39932CFB41D270AF21F06801678A724
S3150006E8FF0A7822BA8ACDF399D0082052E6A9008D56
S3150006E90FF399324022A540A641A44222E270024064
S3150006E91F06D2406F028003EF700CA543A644A445AA
S3150006E92F22A546A64722270ACFB41FC2081F06AD41
S3150006E93F1406F010C940900CC95EB008A2E08E739B
S3150006E94F9A207CE178A70A4C51EABF630307395828
S3150006E95F570BF2040610210F3C0320F502E21E06A2
S3150006E96F40064F5B0320FE02F21E0680034CEBE9C0
S3150006E97F3F5B0320FB0280D80F3C0320F502E21E05
S3150006E98F062012E20D06020DE21E06800520FB0288
S3150006E99F80E620FB02F20C060205E21E06400F0F6A
S3150006E9AF3C0320F50220FE020F3C0320F5021F3919
S3150006E9BF0B3F66085F3C0520F20280BCF20C06028E
S3150006E9CFB7E21E062005F20D0602ADBF6B0EE21F5D
S3150006E9DF06804E209FF8C2081F068045E21F068056
S3150006E9EF35C2081F06209FF8B0295FB4261F5A1D89
S3150006E9FFE20C062002F76FE20C060411A9378D9575
S3150006EA0F02A9008D9602375FA7744C5FE95F5B0319
S3150006EA1F2001034C5FE94F5B08E21E0640034C5F7D
S3150006EA2FE978A70A8739E26F024006C2406F02806D
S3150006EA3F116F700E2021FA3285408641844232804C
S3150006EA4F1840328546864732854386448445328545
S3150006EA5F40864184422021FA327822BA8ACDF3992A
S3110006EA6FD0082052E6A9008DF39932402B
S3070006FFF87BEA96
S3150006EA7B670B22AEF399D00DA518C960D0072021D6
S3150006EA8BE6BA8EF399320FB00D6F0A0A22670B2080
S3150006EA9B09E5328031404FA12D22A540A641A4425D
S3150006EAAB22A543A644A44522A546A6472220BEE098
S3150006EABB328546864732854386448445328540866B
S3150006EACB4184423280007822BA8ACDF399D0082047
S30E0006EADB52E6A9008DF3993240BA
S3070006FFF6E4EA2F
S3150006EAE422AEF399D00DA518C960D0072021E6BA3F
S3150006EAF48EF39932227F1449A51767146F68072F78
S3150006EB040004E73A6768EECC00D008EECD00D003E1
S3150006EB14EECE00AD3402F003CE340258780FB003BD
S3150006EB2420F7E44F6307A9008D8105800AAD1C868C
S3150006EB34C914D0002001F85878E7140F5E03201C88
S3150006EB4403327822BA8ACDF399D0082052E6A90070
S30A0006EB548DF399324025
S3070006FFF459EBBB
S3150006EB5922AEF399D00DA518C960D0072021E6BAC9
S3150006EB698EF399321F6F0E0F6F04573D800748AD16
S3150006EB797405853B684FA1052220BBE0324F390D46
S3150006EB896F390A22370B2006E532804D40E2040624
S3150006EB99100BE21E0680063F63034CF3E80F3C376B
S3150006EBA922EF7013A540A641A44222A543A644A472
S3150006EBB94522A546A647221F5B0320F502EF7013D9
S3150006EBC9328546864732854386448445328540865C
S3150006EBD9418442322021FA370B7822BA8ACDF39933
S3110006EBE9D0082052E6A9008DF3993240B0
S3070006FFF2F5EB21
S3150006EBF522AEF399D00DA518C960D0072021E6BA2D
S3150006EC058EF399326F10067F10034C0403227F3963
S3150006EC150C4F3C09EF68063F63032029E3853C3222
S3150006EC258008406F100448A513687822BA8ACDF382
S3120006EC3599D0082052E6A9008DF3993240C9
S3070006FFF042ECD5
S3150006EC4222AEF399D00DA518C960D0072021E6BADF
S3150006EC528EF39932E20406100BE21E0680063F6325
S3150006EC62034CF3E81F39505F3C4D22E27002400620
S3150006EC72D2406F028003EF7013A540A641A442223A
S3150006EC82A543A644A44522A546A647220F5B032012
S3150006EC92F202E26F024006C2406F028003EF701371
S3150006ECA23285468647328543864484453285408682
S3150006ECB2418442322021FA7822BA8ACDF399D008C3
S3150006ECC22052E6A9008DF3993240A9058D1D03A9A6
S3150006ECD2ED8D1E038F5F14AD8F02D00CAD9002D060
S3150006ECE204875F8006CE9002CE8F028F6214AD0431
S3150006ECF286D00CAD0586D00487628006CE0586CE02
S3150006ED02048660A93E8D1D03A9ED8D1E039F5F1421
S3150006ED12AD9102D00CAD9202D004975F8006CE92D8
S3150006ED2202CE91029F6214AD0686D00CAD0786D03E
S3150006ED320497628006CE0786CE068660A9778D1D63
S3150006ED4203A9ED8D1E03AF5F14AD9302D00CAD94ED
S3150006ED5202D004A75F8006CE9402CE9302AF621457
S3150006ED62AD0886D00CAD0986D004A7628006CE0908
S3150006ED7286CE088660A9B08D1D03A9ED8D1E03BF3A
S3150006ED825F14AD9502D00CAD9602D004B75F80062D
S3150006ED92CE9602CE9502BF6214AD0A86D00CAD0B94
S3150006EDA286D004B7628006CE0B86CE0A8660A9EFA7
S3150006EDB28D1D03A9ED8D1E03CF5F14AD9702D00CF0
S3150006EDC2AD9802D004C75F8006CE9802CE9702F2AD
S3150006EDD277024018AD0C86D010AD0D86D00848D203
S3150006EDE2407702688006CE0D86CE0C8660A9118D06
S3150006EDF21D03A9EE8D1E03DF5F14AD9902D00CAD7D
S3150006EE029A02D004D75F8006CE9A02CE990260A9EC
S3150006EE12508D1D03A9EE8D1E03EF5F14AD9B02D026
S3150006EE220CAD9C02D004E75F8006CE9C02CE9B0206
S3150006EE32F26C020418AD0E86D010AD0F86D00848C5
S3150006EE42D2046C02688006CE0F86CE0E8660A97242
S3150006EE528D1D03A9EE8D1E03FF5F14AD9D02D00C18
S3150006EE62AD9E02D004F75F8006CE9E02CE9D02605C
S3150006EE72A9948D1D03A9EE8D1E038F6014AD9F0204
S3150006EE82D00CADA002D00487608006CEA002CE9F2B
S3150006EE920260A9CC8D1D03A9EC8D1E030FB00320BB
S3150006EEA2FAE49F6014ADA102D00CADA202D004977B
S3150006EEB2608006CEA202CEA1020F6901608769585A
S3150006EEC2A540A641A44222A543A644A44522A54698
S3150006EED2A64722EE3E04A51B48A51A48A51948A52B
S3150006EEE218482021E62F5B0320F8024F5D032019FE
S3150006EEF2033F5D032016032F5D032013035F5C03A6
S3150006EF022007036F5C03200A032082E108780F8A32
S3150006EF120ACEE785D00520861DB76628EF5927FF54
S3150006EF22672420270CB0127F6705DF000C8005E2F6
S3150006EF320E064005EE4904800DAD4904F0088D4BD8
S3150006EF4204A9008D490468851868851968851A68B2
S3150006EF52851BEECF00D008EED000D003EED10032EC
S3150006EF6285468647328543864484453285408641B0
S3150006EF728442780769600F6B0CA9058DBD02A9004C
S3150006EF828DBE02776120D7F3AD4004D007AD740576
S3150006EF92853B176FB794203EFAB032297FCD0B0216
S3150006EFA2F042C97FF005CD0D02D025AE4004F01D14
S3150006EFB2CE4004AD0D021F4C140739582042FAA959
S3150006EFC2202042FAAD0D022042FA873978F76D60A3
S3150006EFD2C918D010A9008D40041F4C15A918204245
S3150006EFE2FA4CF3EF481F4C032042FA68CD0B02D0C7
S3150006EFF230A90D8D9702A9008D9802475F0F6B0CFB
S3150006F002A9108D9702A9008D9802475FA759A90DE7
S3150006F01248A9658DF602A9F08DF70268203CF080B4
S3150006F02203202EF0B0034CCFEF4CB5EFC92090204B
S3150006F032C9619006C97BB002295FAE400491B8E069
S3150006F04240D00AC90DF006C900F0023860EE400447
S3150006F0521860AD0D022042FAA9202042FAAD0D0231
S3150006F0624C42FA0F08034C93F0203EFA48AD81044F
S3150006F0722910D00368801968CF5F061F4C124C42CE
S3150006F082FAAD81042902D008BF6C038F6402A76415
S3150006F092606F3014203EFAB794CF5F081F4CC42027
S3150006F0A242FA80BFA76480BB6022A54048A54148B4
S3150006F0B2A5132F00FDFF101F38A900E5118540A9EB
S3150006F0C200E5138541D03EA200A5404A4A64409017
S3150006F0D201E838E93E804EB20010A710A513AD0C22
S3150006F0E2F78540AD0DF785414A08644128AAA54031
S3150006F0F26A64409001E838E94FB001CA8511861361
S3150006F102A2084C4AF1C9AA900BB20010B2FF11B27C
S3150006F112FF13801B4A08644128AAA5406A644090E8
S3150006F12201E838E94FB001CAB2001085118613A26A
S3150006F1327CBD06F7CAC541F008B00DCACACACA805E
S3150006F142F0BD06F7C54090F3E8976F876FE07CF04F
S3150006F15228E077F024176FE06D9004A26D801AE01E
S3150006F1625E9004A25E8012E0549004A254800AE0E5
S3150006F17245B006E03B9002A23BCACABD06F7851217
S3150006F182CABD06F78511CABC06F77F10FDA513A2EE
S3150006F19201BDC2F52F0003BD32F68479C0FFF079B0
S3150006F1A2CC7305F00848982091F9688768AA17680B
S3150006F1B2FF101B0F680CAF00F79F685D976807681C
S3150006F1C280EE2F00EB9F68519768876880E2176882
S3150006F1D2A513BD32F6AF0003BDC2F5C966F03A9075
S3150006F1E2CCE73A8D3D04C968F004C96ED003B2066F
S3150006F1F23BA93E8DF602A9F28DF702A53887396834
S3150006F2028541688540327822BA8ACDF399D008209C
S3150006F21252E6A9008DF3993240176F2F00FDB2030D
S3150006F22210C73DB20011B20013B2FF11B2FF12E7C8
S3150006F23210AD73052091F9B2033B80C3A53885B597
S3150006F242A679076FEC7305F00FE012F00BE011F0EA
S3150006F25207E009F0032F00FD573DE700AE3D04E047
S3150006F26268F004E06ED004A0088002A00988F009BE
S3150006F27246B59008BD32F680063F3CF8BDC2F5AAF1
S3150006F282C966F03790E7C970F036B0098D3D041F9E
S3150006F2924C02D73D60291F8D7405175BA9788DF63A
S3150006F2A202A9EF8DF702975B275958A5798D720544
S3150006F2B2A9AB8D0503A9F08D060360176F4CE7F21D
S3150006F2C2176FAD7405853BA9018D9702A9008D9826
S3150006F2D202475FA759175BA9658DF602A9F08DF756
S3150006F2E202975B80C5AD81042910D0034CF1F34F1A
S3150006F2F2A1034CB5E0E270024001600F08034CB16F
S3150006F302F3A9CD8D0503A9E58D0603673D1F630F98
S3150006F3127F6708F21106800320960BD2400806A5DF
S3150006F322A7293FF0252097FA20F1F3B2033BA9035A
S3150006F3328D7405276420CBF3200BFA175BA93B8D48
S3150006F342F602A9F48DF702975B6027640739173927
S3150006F3523766671020CBF3175BA9788DF602A9EFFD
S3150006F3628DF702975B58673AA91E8D8F02A9008D03
S3150006F3729002075FEF3C030F5FFA1F4C02D73DADC3
S3150006F38273052091F9B2033B2F00FD2710B2031035
S3150006F392C73DB20011B20013B2FF11B2FF12075CEB
S3150006F3A2A9AB8D0503A9F08D0603875CE7106020DD
S3150006F3B2CBF3276407A43766175B775BA93B8DCF2A
S3150006F3C202A9F48DD002F75B60B230B8B205B9A9CC
S3150006F3D2008D400460A5A7293FF013AD1F023F6BBF
S3150006F3E203AD20868DBD02A9008DBE027761604FF0
S3150006F3F2A1034CB8E08F0816473967100739573DFF
S3150006F402AD72052091F9AD7405853BB2C03A27590E
S3150006F41220CBF30F0812B731775BA9658DCF02A908
S3150006F422F08DD002F75B8010175BA9658DF602A9EF
S3150006F432F08DF702975B8739600F08034CEFF40FDE
S3150006F4426B0CA9058DBD02A9008DBE02776120D778
S3150006F452F3200EFA58B794203EFAB01C1F4C03202E
S3150006F46242FAC961F004C941D00E175BA97D8DF631
S3150006F47202A9F48DF702975B4C0BFA0F08034C1799
S3150006F482F50F6B0CA9058DBD02A9008DBE0277612B
S3150006F49220D7F3200EFA58B794203EFAB04C1F4CEA
S3150006F4A2032042FA2759C92FD012175BA9658DF692
S3150006F4B202A9F08DF702975BA759802EC974F00C44
S3150006F4C2C954F008C961F022C941D010175BA97860
S3150006F4D28DF602A9EF8DF702975B800E175BA93BA5
S3150006F4E28DF602A9F48DF702975B4C0BFA6F302460
S3150006F4F2B21579203EFAB794100297791F4C03206B
S3150006F50242FA297FC961F009C941F0034C3BF40767
S3150006F512794C7DF4606F3068203EFAB7941002B7D4
S3150006F522791F4C032042FA2759297FC92FD0117712
S3150006F5325BA9658DCF02A9F08DD002F75BA759604C
S3150006F5420F7906C974D0168004C954D0107FA40B4D
S3150006F552A579291FA8B9A2F58D76058032C961D08B
S3150006F5620587794C7DF4C941D00507794C7DF47738
S3150006F5725BA93B8DCF02A9F48DD002F75B4C3BF417
S3150006F582775BA97D8DCF02A9F48DD002F75B6077F2
S3150006F5925BA9788DCF02A9EF8DD002F75B4C78EF87
S3150006F5A20101060402000604000207070002070715
S3150006F5B200020604030306040002070704060707F9
S3150006F5C2400203040520620F095E0B6061627A67D8
S3150006F5D2115E13606162177B195E1B6061621F7B97
S3150006F5E26229235E256027628A6A2B5E2D602F6258
S3150006F5F2318B335E35603762397B025E5F3E617000
S3150006F6025E5F4344454D40485F4A4B4C7A6D4050D7
S3150006F6125F525354557B40585F5A5B5C5D665F602A
S3150006F62261626366655E6618222A32464E5608107F
S3150006F63201405E5F6006076E400A5F0C0D0E866F1E
S3150006F64240125F1415168A83401A5F1C1D1E638BB1
S3150006F652216840245F2661288669402C5F2E613028
S3150006F6627A8340345F366138637B3B3C3D603F625A
S3150006F6725E426061626B475E49606162866C4F5E9E
S3150006F682516061628A83575E59606162638B5F600D
S3150006F692616263664041663A3A3A3A0101013A3A8A
S3150006F6A25D018815B0060300050009001200240054
S3150006F6B2360048005A006B008F001E01AC01580343
S3150006F6C29D0BD60011002200430086000C0117028C
S3150006F6D22E045C08B810702119001F002303450684
S3150006F6E2730A8A0C0C002832702101000100A10E51
S3150006F6F2CF12E614571714191D122B1B3A24962CF1
S3150006F7025636E042FFFFFFFFFF027C0BFFFF03C0F8
S3150006F712B780DC04E05B406E05F02D203706F8164E
S3150006F722901B0D500F3A11077C0B200D0E30093532
S3150006F7320A0FA8075A08159006110708BE052006DD
S3150006F7421A4C050E06161A056705179804D50418E7
S3150006F7522D04600419D403FE031B8803ED0309DF97
S3150006F7620248031CA60207031D2702760211EA01B6
S3150006F7724C021EC4011E0212F50046011F7A00A3A0
S3150006F78200406E7ABC400019000C2C054D022C0076
S3150006F7924D003400090137FF00FF6AFF66FF5DFF71
S3150006F7A258FF53FF4DFF47FF4CFF47FF43FF3FFFFF
S3150006F7B23CFF39FF37FF34FF32FF30FF2EFF2DFFA6
S3150006F7C22AFF55FF52FF4FFF4CFF48FF46FF43FFF6
S3150006F7D241FF3EFF3CFF3AFF39FF37FF36FF33FF55
S3150006F7E232FF31FF30FF2EFF2DFF2CFF2A40001974
S3150006F7F2000C2C054D022C004D0042000001373F3D
S3150006F8026B043F630160AD81052902D0310F0039D1
S3150006F812AD810509028D8105AD8205CD7F03900F67
S3150006F8222069F8CD7D03B007AD810509018005ADD6
S3150006F832810529FE8D8105A9008D8205800B8F0023
S3150006F84208AD810529FD8D8105EE8205D005A9FF44
S3150006F8528D8205AD82052069F8CD7D039008AD81BE
S3150006F8620529FE8D810560CD7D03900338E9026088
S3150006F8725AA00A207DF888D0FA7A605AA0648003D4
S3150006F8825AA00A208DF888D0FA7A60DA5AAC969A85
S3150006F892209DF8D0FBCAD0F57AFA60886067B4ADC7
S3150006F8A21406F01AC9409016C95EB012AD739A488C
S3150006F8B2A2E08E739A207CE1688D739A386018608E
S3150006F8C2B20014AD83F78515AD84F78517E7146084
S3150006F8D28F48020702608F4802870260E2700220A2
S3150006F8E210E26F02080BF27002040BD20470028059
S3150006F8F2219F4802170260E270022010E26F020898
S3150006F9020BE27002040BC204700280069F4802973D
S3150006F9120260D20170024C11FAAF4802270260AFAA
S3150006F9224802A70260E270022010E26F02100BF292
S3150006F9327002080BD20870028021DF480257026065
S3150006F942E270022010E26F02100BE27002080BC28E
S3150006F9520870028006DF4802D70260D20270024CA5
S3150006F96211FAEF4802170760EF4802970760C901C6
S3150006F972B004F73A8006C902D005773A673D60F7C2
S3150006F9823AE73D6018CF03013860186F03FA60A0A4
S3150006F992008CE405273DC91FF004C912D007A00151
S3150006F9A28CE405A73D0AA8AA5AAD7205A8B9EBF9D1
S3150006F9B28D14867AB9C6F685358DE505B9C7F685F7
S3150006F9C2378DE605BDC6F6850D8DE705BDC7F685F7
S3150006F9D20F8DE805B20F3EB20F3FB20034B2000CED
S3150006F9E260980AA88A0AAA80BF1E1E1E1E1E100834
S3150006F9F20403021E1E0C0603031E02021E1E030239
S3150006FA02020202020202020202873960073960B75F
S3150006FA1266973960B7666037661739603766601764
S3150006FA22393F6602973960A73960273960F76D381C
S3150006FA32B200410F3C05203EFA854160A5381860A2
S3150006FA425FAF034CCAE0E2700240034C3BE3F76D3C
S3150006FA525F3CFD853860FFA41D3F63168540297FFE
S3150006FA6220B4FBC540F00BBF2304B7308002A73093
S3150006FA72A540297F80032034FC3FA40F37A48F2597
S3150006FA82061F30FD8F21FA972180038F2EFD8520D2
S3150006FA9227303730607F3A065F3CFD6F3CFD607764
S3150006FAA23A670060E700F73A600878901ACF222F85
S3150006FAB2A522091F29FE8522E271020122A5222913
S3150006FAC201C901D0EB80184F2215A522090F29EE8E
S3150006FAD28522E271020108A5222901C901D0EB2875
S3150006FAE260900CDF2214A522092F29FD8522605F6C
S3150006FAF22208A522090F29DD852260900AEF222215
S3150006FB02A522094F8522606F22180878A522090FB9
S3150006FB1229BB8522E271020108A5222904C904D05D
S3150006FB22EB2860900CFF2214A522098F29F785225D
S3150006FB32607F2208A522090F2977852260A5242936
S3150006FB420FAABD5AFB452249F04A4A4A4A1D5AFBA2
S3150006FB52EF220209048522600020103040605070B0
S3150006FB6280A090B0C0E0D0F0180FA5013820ABFAFD
S3150006FB72181FA5013820E3FA182FA5013820FDFA29
S3150006FB82183FA501384C25FB6077A4C2046102C260
S3150006FB92026102A523C523D0FA2903C902D0105F42
S3150006FBA2230F4F2305D204610260D202610260F777
S3150006FBB2A460FFA410F26102020FF26102040DBFF5
S3150006FBC2230D0980602034FC6009806009006020EC
S3150006FBD2DAFBCF2302498060DAAA0878A51848A577
S3150006FBE21948A51A48A51B48202EE6BDDC29AA688F
S3150006FBF2851B68851A688519688518288AFA60DA5F
S3150006FC0248A50F7F0CFD8F25198F6B079F6B04A2E4
S3150006FC12488002A218A50F0F21157F0CFACAD0F545
S3150006FC22800DA2FFA50F0F2E067F0CFACAD0F56825
S3150006FC32FA60DAAE7605E003F01A297FE005F014DB
S3150006FC42E007D0040980800C20DAFBAE7605E004D4
S3150006FC52F0024980FA6048DA5AA238A012A50F9F26
S3150006FC62300B7F0CFA88D0F5CAD0F0A7317AFA683B
S3150006FC7260B22C3107A417A437A467A4676827A421
S3150006FC82AD7105C9FFD018A527C9A0F012D202F098
S3150006FC9205B2BF22B20BA5A9008523852885294C64
S3150006FCA2A4FCA90485108514A9018534850C4CB3D8
S3150006FCB2FCA200A528DDE7FCD007A529DDF6FCF0A7
S3150006FCC207E8E00FD0EDA20C8A0AAABDA6F6850DB4
S3150006FCD2BDA7F6850F8A4AAABD14FD8D1486BD05F3
S3150006FCE2FD8D7205600080C0603018100C0908068A
S3150006FCF203020104000100000000000000000000EB
S3150006FD020000001F02030405060D070E0F0809115F
S3150006FD121219021E1E1E100806040303030202021D
S3150006FD2202AD7102292FF00D7F320AB27732FF3009
S3150006FD3202A7A477315F3212AD7102292FF005B2FE
S3150006FD42D7328003B2573220BFFD4F3212AD71024F
S3150006FD52292FF005B2E7328003B2673220B3FC6F71
S3150006FD62324DAD7102292FF005B2B7328003B23792
S3150006FD72324F24239FA41B97A4B731A731175B07DB
S3150006FD825BB20F22775BA9D38DCF02A9FD8DD00276
S3150006FD92F75B203FFB8018206AFB1FA41217A4B745
S3150006FDA231A7313F6306975B875B800320E7F2A59F
S3150006FDB232C532D0FA2970F0034C23FD60208BFB44
S3150006FDC2EF23066F680A676860EFA404E7A467680C
S3150006FDD2604F24FCF76D6F30F78F25179F301D8F06
S3150006FDE221051F30FA80152001FC0F210FA7319736
S3150006FDF22180090F2E062001FC8F2EF3A5208520D1
S3150006FE0280CFAD0B024C42FA2004FEAD0C024C42E8
S3060006FE12FAE9
S3080006FFBEFFFF55E1
S3150006002D2096A82062A820CDA82072A820CDA820AB
S3150006003D83A820CDA8B27018B27119B2721AB2730E
S3150006004D1B60B2B418B2B519B2B61AA5D5851EB2CD
S3150006005DB71F877560B27418B27519B2761AB2B42F
S3150006006DE2B258E160B27818B27919B27A1AB27B51
S3150006007D1BB2B8E2800FB27C18B27D19B27E1AB2E7
S3150006008D7F1BB2BCE2B278E160A220A002A9008D68
S3150006009D2586A9048D2686201FA920B4A9476C5747
S315000600AD6CA9008D30868D31868D8F868D9086A5B1
S315000600BD7529118575A90085E085C285C085BE6041
S315000600CDB200D9B2C8DAB200D7B208D820BCA8B2E7
S315000600DD00DFA6DFB1D7203EAA20F7A8DF750AE610
S315000600EDDFD0EFE6D8C6E1D0E660A51E48A5E285C7
S315000600FD1E2048AAB018A6E091D9E6E0D0F3A5DAF7
S3150006010D8901C9E0D004E6E2A9C085DA80DF6885F3
S3150006011D1E60E886458C2786B25440B28641B21ECD
S3150006012D42B20043201FAAAD25868540AD2686859B
S3150006013D41A9028542A9018543A541C542900DD027
S3150006014D04A540F0070642E6434C46A9A5438D2F66
S3150006015D86A9018D6B86A5458D6886A5D6851EB2A3
S3150006016D0340B2C0412019AAB20340B2B0412019CC
S3150006017DAAA9408D6986A9018D6486A9028D668612
S3150006018DA9038540A9018541A5408D6286A5418DA8
S3150006019D6386A5408D5C86A5418D5D86A5408D6CD5
S315000601AD86A5418D6D8660B23940B28641B21B4237
S315000601BDB20043201FAAA9018D4686A9088D488639
S315000601CDA9808D3C86A9018D4B86A5D6851EB203C3
S315000601DD40B2D0412019AAB20340B2A041A2008A6C
S315000601ED9140E8D0FAA9098D4E86A9028D4D86A9AC
S315000601FD018541A9038540A5408D3986A5418D3AD0
S3150006020D86A5408D4386A5418D448660B20042B2D1
S3150006021D0143A900A443F00CA2009140E8D0FBE6E9
S3150006022D4188D0F6A442F008A2009140E888D0FA9B
S3150006023D60E6C2A6BE9D0181E6BE60A5C2F00BC6EE
S3110006024DC2A6C0BD0181E6C0186038607C
S306000607FF5598
S308000500006B0D0A70
S308000500106B0D0A60
S315000500204452414D010115004300430000005900AB
S31500050030001000001215000012050000BC030000A8
S315000500403D00000051435F52414D5F496E74657234
S31500050050636570745F566563746F72730041004122
S315000500600000003C0013150000042D0000F11700E8
S3150005007000CE0800006C00000051435F56385F460D
S31500050080534B5F52414D5F636F64650049004900FC
S315000500900000A400032400002A2E0000270A000001
S315000500A0BF2000009800000051435F5633345F526D
S315000500B0414D5F636F6465005200520000001100F8
S315000500C0141500002E2100001A0C0000E62A000077
S315000500D0CA00000051435F56333450686173653278
S315000500E05F52414D5F636F64650042004200000048
S315000500F06A0013150000802E00006D1900000037F8
S315000501000000F300000053504B5F52414D5F636F93
S315000501106465004A004A000000040013150000EE5D
S31500050120230000DB0E00006D500000210100005188
S31500050130435F415650434D5F52414D5F636F646562
S315000501400057005700000034002D300000CB330067
S31500050150009E030000485F00004E01000051435F0A
S315000501604E4557435F52414D5F636F6465004400DA
S31500050170440000002700CB330000643C00009908CA
S315000501800000E66200007E01000051435F47656E90
S315000501906572616C5F52414D5F636F646500EC008B
S315000501A0FFFF0000870000200000B9200000B9000D
S315000501B000007F6B0000AB010000504F52496E698D
S315000501C0745F52414D5F636F6465005800580000C7
S315000501D0000300F02D0000A5320000B5040000382C
S315000501E06C0000DD0100004D754C61775F416E7353
S315000501F050636D5F52616D5F636F646500590059A9
S315000502000000000300F02D0000A5320000B5040033
S3150005021000ED7000000E020000414C61775F416EF3
S315000502207350636D5F52616D5F636F646500ED00CA
S31500050230FFFF000097007F3C0000403F0000C10221
S315000502400000A27500003C020000446F776E6C6FDB
S3150005025061645F52414D5F636F6465005D005D00DB
S315000502600000C7000010000012150000120500006E
S31500050270637800007102000055705F52414D5F4979
S315000502806E746572636570745F566563746F7273B9
S3150005029000470047000000AF0014150000A9200024
S315000502A000950B0000757D0000A302000055705FE8
S315000502B05633345068617365325F52414D5F636FE3
S315000502C0646500510051000000D90013150000D0E7
S315000502D0310000BD1C00000A890000D1020000554E
S315000502E0705F415650434D5F52414D5F636F646584
S315000502F00054005400000044005A2E0000E231006C
S315000503000088030000C7A50000FE02000055705FC7
S315000503104E4557435F52414D5F636F646500550017
S31500050320550000004200E2310000763C0000940AC8
S3150005033000004FA900002E03000055705F47656E4B
S315000503406572616C5F52414D5F636F646500500075
S31500050350500000008E00403F0000FE3F0000BE003A
S315000503600000E3B300006003000055705F563334A8
S315000503705068617365335F52414D5F636F64650015
S3150005038000000000FFFF0000000000000000000064
S3150005039000000000FFFFFFFF8003000044ED43005F
S315000503A001000000FFFF0000000000000000000043
S315000503B000000000FFFFFFFF9E030000420004004F
S315000503C00000FFFF00000000000000000000000024
S315000503D00000FFFFFFFFBC030000EC004971414729
S315000503E000EA0000474645444300000000000000BF
S315000503F04C03404CCB334C42434C4C434CEE334CB4
S31500050400FCD64C45D74CAB334C23D94C24D94C4B55
S31500050410484CA2D94CA2D94CA3D94C48DA4C9FDA00
S315000504204CDB4C4CE1344CF2344CF1DC4CC8DD4C25
S31500050430D3514C0D554C75354CB4364CFB564C0BBF
S31500050440574C26574CF1574C13154CC8154CEC1503
S315000504504C39164C4B164C2D174C22594CCF5A4C31
S31500050460705B4CA95B4CE65B4C185C4C26DE4C007D
S31500050470204C705C4CC1364CE75C4C005D4C1B5DFA
S315000504804CF3DE4CAF5E4C14154C22374C3B374CC7
S315000504905E374CFD614C31624C24644C0F654C58FB
S315000504A0654C1B464C1B464C3E464C69464C6946BC
S315000504B04C51474C5B474C04484C0E494C87374CCE
S315000504C088494C054A4C97374C6B4B4CEC174CC836
S315000504D0184CC9184CFD4B4CA14C4C0A4D4C1638C2
S315000504E04C6EE04C71E04C49E14C034E4C584E4C79
S315000504F02F4F4CA9504C29524C6A524C64534CA967
S31500050500554CEF554CBF574C3F384C3B394CF65A7A
S315000505104C775C4C405D4CBBE24C1B154C15164CA0
S3150005052039164C39164C8D164CB7164C04244CD03E
S31500050530164CD4174C7D184C7D184C881B4CFD1B4E
S315000505404CFD1B4C1E1D4CCB1D4CD21D4CA21E4CEE
S31500050550031F4C1A1F4C2A1F4C18154C5D154CB61B
S31500050560264CBA1F4C2B214C9C214CDE214CDE21FE
S315000505704CDE214CDE214CDE214CDE214CDE214CAD
S31500050580DE214CDE214CEF214CAF154C4CEC4CAC2E
S31500050590EC4CF0264C9C5E4CFB264C17274CF05E2B
S315000505A04C4C5F4C22274C92604CD1604C07614CF9
S315000505B0BF624C3D274C39634CAC644C7E654CD8C8
S315000505C0654C98664CCC664CE7664C60274CAE2766
S315000505D04CE4274C7D684CC0684CEA274C3F694C77
S315000505E0526A4C586A4CB06A4CBB6A4C466B4C69AD
S315000505F06B4C666C4C676D4C8BED4C70284C686F7C
S315000506004CA1284C2E714CCE714CBC724CDC724CF4
S31500050610FC724C7F734CBD284C93164C1F174C46E9
S31500050620764C161B4CF7764C421B4C831C4CC71C50
S315000506304CF7794C351D4CB67A4CD07A4CA81D4CE6
S31500050640737B4CCB7B4CF87B4C147C4CD77C4C7623
S315000506507E4CA87E4CC8284C6C294CB9674C87291A
S315000506604CE5674CA3294CBF684CFE684C79694C30
S3150005067092694C016A4CE56A4CBA6B4CD56B4C19C0
S315000506806C4CEC294CDF234CFD294CA66D4CBB6DFF
S315000506904CD76D4C3F2A4CAB6E4CE22A4C476F4CFF
S315000506A0AE6F4C23704C7D714C3C724C96724CB0BF
S315000506B0724C10734C49734CF2734C1C744C3D3F91
S315000506C04CFE2B4CA9754C0B764C27764C43764C39
S315000506D09F764CBF764C3C774C4B2C4C802C4C75FE
S315000506E0784CEF1E4C191F4C1E794C7B794C817941
S315000506F04C9E794CD11F4C86204C5F7B4C847B4CA1
S3150005070098204C4A7C4CD47C4C0D7D4C4B7D4C69D9
S315000507107D4C577F4C27804C03814CE7814C2F82BB
S315000507204CBC824C0E834C35834C862C4CC12C4CD0
S31500050730D9EF4CF4EF4C14F04C47F04C84F14C9F38
S31500050740F14CF7F14C2EF24C2C154C39154C3C1549
S315000507504C42154C46154C49154C98824C96834C83
S31500050760B2184C36194CA71A4C84844C7B854CDF41
S31500050770854C871D4CA51D4CAA1F4CFF854C038631
S315000507804C71864C9C864C8F8A4CFF8A4CB18B4C9F
S31500050790468C4C33224C36224C3F224C42224C4945
S315000507A0224C70864CAD234C0D244CB4244CB98692
S315000507B04CE0254C54874CC7264CF8264C10274C44
S315000507C02B274C7F884C83894C873B4C688F4CFF85
S315000507D08F4C0AF64C08F74C24F74C1CF84C808DC8
S315000507E04CB08E4C571A4CC2944C901A4C63954C8F
S315000507F0C4984C2C994C789A4C079B4C9D3B4C4A7B
S315000508001D4C99904CB41E4CD71E4CD3954C8396D3
S315000508104CD4964CF8964C30974C66994C8C994C22
S31500050820BA994CD4994CFD9B4C079C4C119C4C5247
S315000508309C4C669C4C6EF94C8FFA4C42FB4C791FCE
S315000508404C9B1F4C64FB4C651A4C261E4C781E4C63
S31500050850801F4C6A204C13224C7D234C11254C1AC3
S31500050860294C54294CF02A4C0E2B4C4DAA4CAFA9B9
S315000508704C79AE4C98B14C2AAC4C2AAE4C02AF4CD6
S3150005088089B34CC4B54C13B84C85B14CAEB24CCDFE
S31500050890B34CCDBA4CB0BB4CA3BD4CA5B44C07B6B6
S315000508A04CF1BE4C79C04CD9C24CBCB64CC9B74C00
S315000508B056164C86164C1BC64C83C64C6DC74C1F2C
S315000508C0C84CD1C84C3AC94C7BC94C7CC94CB7C934
S315000508D04CB8C94CB9C94CBAC94CBBC94CCBC94CA7
S315000508E0DBC94CBB164C52194C7BB84C92B841200F
S315000508F0803C6F00178CC2081F0CF21B0C80FB2076
S31500050900803C0700138CC2081F0CF21B0C80FBC22F
S3150005091080150CC240F006C214F10620EEEBD2019A
S31500050920050CD202D306209839D202080CA9008DEF
S31500050930070CC2E76C00C280060C20B117A905207A
S315000509404A5CC202050CA200AD0B042906A8ADCA75
S315000509500329FF8DD9038A0DD9038DCA03ADCB03B0
S3150005096029F909608DD903980DD9038DCB03A010FC
S31500050970AD0C042910D001A8ADCC0329FF8DD903F0
S315000509808A0DD9038DCC03ADCD0329EF09A08DD9E9
S3150005099003980DD9038DCD0320803C6F00178CC2BB
S315000509A0081F0CF21B0C80FB20803C0700138CC231
S315000509B0081F0CF21B0C80FB20803C10000F8CC21C
S315000509C0081F0CF21B0C80FB20803C40000F8EC2DA
S315000509D0081F0CF21B0C80FB20803C10002D8EC2DC
S315000509E0081F0CF21B0C80FBADF4068D160CADF53D
S315000509F0068D170CA9068D1A0CA98E8D1B0CC2081F
S31500050A001F0CF21B0C80FBADF6068D160CADF7061A
S31500050A108D170CA9068D1A0CA98C8D1B0CC2081FE7
S31500050A200CF21B0C80FBD201080C8745F7516020A0
S31500050A30803C3343328EC2081F0CF21B0C80FB2010
S31500050A40803C0040338CC2081F0CF21B0C80FB2037
S31500050A50803C0010308CC2081F0CF21B0C80FB205A
S31500050A60803C007F338EC2081F0CF21B0C80FBD224
S31500050A7020AB0220938BC2081F0CF21B0C80FB6077
S31500050A8020803C0040609CC2081F0CF21B0C80FBBA
S31500050A90D210F10620EEEBB21B26D2100E0CC202C6
S31500050AA0080CA9F1855EA92D855FA5632A2A2A2941
S31500050AB0030AAA18A55E7DA917855E8560A55F7DD3
S31500050AC0AA17855F89018561A9008DF302D24009C0
S31500050AD00CA9018D010CA9008549A00CA200B15EE7
S31500050AE08D000C220B32E8D0F5B1608D000C220B7F
S31500050AF032E8E02DD0F3E649A549C91B90DED24080
S31500050B00F00620EEEBC2406C00A9A08D1A0CA98850
S31500050B108D1B0CC2081F0CF21B0C80FBAD160C308E
S31500050B2022D2406C00A9658D1A0CA98A8D1B0CC2B0
S31500050B30081F0CF21B0C80FBAD160CF006C2406CB0
S31500050B40008007EF6C04C2086B00A9188D0A0CC259
S31500050B5001080CA9FF8DF3020BCEF302D0FAD202DF
S31500050B606C000BF20F0C80151F6CF7EEF302E2F327
S31500050B700240EFC210F106C240F0061860A9008DCA
S31500050B80F30280DE00005A022D018703A9008D16A7
S31500050B90038D170385D9ADCC0329FF09008DCC0339
S31500050BA0ADCD0329EF09A08DCD03ADCA0329FF09F4
S31500050BB0008DCA03ADCB0329F909608DCB03D2039A
S31500050BC00104C204080CA9648D0B0CA9008D0A0C3E
S31500050BD0A9208DFC02A9108DAB02A9008D84038D79
S31500050BE00E018DAC02A92A8DFD02D280040CD20419
S31500050BF01D0CE21D0C04F70BC201040CADE30285C6
S31500050C00E185E0203612D208040CC2FD4500C2FF7C
S31500050C1052000BA9008D80038D7F03D210AB0220F5
S31500050C20938B0B7743C208040CA522E2C006010488
S31500050C30291F8002290F8DE4028DE502200111206E
S31500050C4040F220F18160204A8DACBE8F6B20C78FA4
S31500050C50209490AD4E028D6502AD4D0229FE8D663E
S31500050C60020A2E4E020A2E4E028D4D02AD4E02107E
S31500050C7002A97FACA803020A8D4E021F9F0DF20A38
S31500050C800401106F9F05E204030808A9008D4D02B3
S31500050C908D4E02A9438D4C02A98E854E2094902037
S31500050CA0923C0038458C209490F2000301034C1EBB
S31500050CB01920923C0000718C20949020923C66008D
S31500050CC0718E20949020923C9919718620949020DB
S31500050CD0923CFC7F6286209490ADAB02291F09C029
S31500050CE08DAB028D4D02ADAC02F20403080209017B
S31500050CF08DAC02207790209490209E10D201FD02A3
S31500050D00A9F6A2A08D3F028E3E02A908A622E0AA58
S31500050D10D002A90B854BB2FF4CA9008D64028DF25A
S31500050D2002AD2902854DAD2802854AE64AA54B2026
S31500050D30B08FAD3F02302FC901D00EAD3E02C9209E
S31500050D4090076F9F04C2010A04AD3F02C907D0117F
S31500050D50AD3E02C908D00AA9F8A2F88D3F028E3E1B
S31500050D600220208F8009A9008DF202A9FF854C205B
S31500050D70EF134BE200032025A9138DDF01A9BF8DD3
S31500050D80DE01A9DD8DF502A9138DDD01A9C88DDC6E
S31500050D9001A2DB9AC221000320E58FA7452F450353
S31500050DA04C028DA203C64AD004C64D300CCAD0F5F6
S31500050DB00F6B038F6C2A4C5219C64BE200030127B1
S31500050DC0F20103041B0F6B038F6C15E2010480050A
S31500050DD0F20104200BCF6C11D00FC201FD02B751F1
S31500050DE0AEF5029AA90060F053AD660249018D661B
S31500050DF0022901F002A9FFAA4D65028D4E028A4D10
S31500050E0066028D4D0220C78FA54BCD1002D02A2034
S31500050E109490C2FF4E02C2FF4D02A9438D4C02A912
S31500050E208E854E209490ADAB02297F8DAB02ADAC7D
S31500050E300229FE8DAC022077904C46194C028D4155
S31500050E40C2E76C00A9EE8D1A03A91C8D1B0327B5F5
S31500050E50A522C9AFD0060BF7514C6A1420839EF222
S31500050E60A3064009E2A3062004D28001044F190314
S31500050E704CE81A2085A520072B2002A520B01320B3
S31500050E809CDC8F6B04A9008526200D11AD1A03C9BC
S31500050E906CD007AD1B03C91FF024A9708D2303A9C8
S31500050EA0148D240327B5A9EE8D1A03A91C8D1B03E2
S31500050EB048A94C8D1903A7B5683F2502A71920DA5D
S31500050EC02A80BF0F6B03BF6C034CF81B20B01320A1
S31500050ED01415207C1C209C1C20D51C0BA9C88D161E
S31500050EE00CA9068D170CA9058D1A0CA98C8D1B0C42
S31500050EF0C2081F0CF21B0C80FBA9008D1A0CA988D1
S31500050F008D1B0CC2081F0CF21B0C80FBAD160C8D3D
S31500050F100D04AD170C8D0E04A9608548A9F0854909
S31500050F20A9CD8D160CA90C8D170CA92D8D1A0CA9FA
S31500050F308E8D1B0CC2081F0CF21B0C80FBA9008DA5
S31500050F40160CA9E08D170CA9038D1A0CA98C8D1BFF
S31500050F500CC2081F0CF21B0C80FBA9788D0A0CD25B
S31500050F6002040C0B0BC202040CB21046C201080C9B
S31500050F700B8F4F05B2104680F7C646D0F3A9108DE4
S31500050F80160CA9008D170CA92D8D1A0CA98E8D1B73
S31500050F900CC2081F0CF21B0C80FB20A539D20108D8
S31500050FA00CAD0D048D160CAD0E048D170CA9008D18
S31500050FB01A0CA98C8D1B0CC2081F0CF21B0C80FB8E
S31500050FC0205416B2192620E13920A516D202080C9E
S31500050FD04C4C1F20B313E2C10304032085A52053FF
S31500050FE0A020B013A9008526F28F03083127B5A9DD
S31500050FF0F28D1A03A99E8D1B0348A94C8D1903A7CB
S31500051000B56820E49E30FBC901D01327B52085A518
S3150005101020072B2002A5200D1120DA2A80EFC20415
S31500051020070CA96D8D2303A9148D24032085A520FE
S31500051030072B2002A5200D1127B58F6B1527B5A9FE
S31500051040EE8D1A03A91C8D1B0348A94C8D1903A700
S31500051050B56820DA2A80C778270AA9F28D7F04F2B7
S315000510609B038007A95820143F8005A95920143FE2
S31500051070A9F08D7F045860A9508D160CA9008D170F
S315000510800CA9908D1A0CA9948D1B0CC2081F0CF285
S315000510901B0C80FBA9B0C10089FFD0FA78270AA9E5
S315000510A0F28D7F04A95A20E53EA9F08D7F0458608C
S315000510B078270AA9F28D7F04A95C20E53EA956206A
S315000510C0E53EA9F08D7F045860A9008D2603A90386
S315000510D08D4E038F4F0160A9068D1A03A91D8D1B21
S315000510E003E20103402AAD9902A68FE000D05CC950
S315000510F055F00BCF1904C900F004C9E0D012A200BF
S315000511008E2003201C1EA9368D1A03A91D8D1B03CF
S3150005111060AD2603C90A9016A97B8D1A03A91D8DF4
S315000511201B03AD20038D2503A9008D200360E20175
S31500051130034017AD9902A68FE000D00FE299021081
S3150005114006A82928D00598201C1E60A9EE8D1A032D
S31500051150A91C8D1B0360E201034015AD9902A68FFC
S31500051160E000D00CC955F009C900F005C9E0F00149
S3150005117060484D3D03D01168A9018D2003A9C18D95
S315000511801A03A91D8D1B036068A2008E2003201C6F
S315000511901EA9368D1A03A91D8D1B0360AD2603C92D
S315000511A00BB049E201034026AD9902A68FE000D0B7
S315000511B030AE2003DD3D03D016E88E2003EC250373
S315000511C0900CAD23038D1A03AD24038D1B03609D7F
S315000511D03D03E88E2003A9368D1A03A91D8D1B0331
S315000511E060A9EE8D1A03A91C8D1B0360A9068D1A2D
S315000511F003A91D8D1B0360AE20039D3D03EE200351
S3150005120060AD3D03C955D0034CAF1EC900F035C9C5
S31500051210E0D0312026A3D02C204EFD20E01F9004DF
S31500051220D20102032076A32042A32097A3A9028513
S3150005123026C2096B00D2100103A9038D1A03A9A5BD
S315000512408D1B0360A9FF8524A9EE8D1A03A91C8DA4
S315000512501B0360AD3D03C900F00AC955D0034CAF69
S315000512601E4C73142026A3D014A9018526D202018B
S3150005127003A9738D2303A9148D2403A9008524A925
S31500051280EE8D1A03A91C8D1B0360A5D9C90BD008C1
S31500051290A52B290F09F0852BA9FF8D3602AD3E0337
S315000512A0856A8563E23E03011D1F6A0DB21826F2A3
S315000512B0A30602504F194D805AB21726CF1945F28B
S315000512C0A306024080284A4A4A4A6900AABD0A2955
S315000512D08DB506C9FFD006B2AF224C17101F6A0896
S315000512E0B216264F191E802BB21526CF1916D20116
S315000512F06C000F6B13A96C8D1A03A91F8D1B03A90F
S3150005130000852460A9FF8524A9EE8D1A03A91C8DE5
S315000513101B0360D2016C00D2086C004719F2A306C4
S315000513200202C7194C1710C2086C00D201C0062765
S31500051330B537B5D204040CC2100E0CC201050CADAE
S31500051340A20685224C17102F6C10D2086C0047197F
S31500051350F2A3060202C7194C171060AD3D03C9E09A
S31500051360D04AF2010304362026A3D04020E01FB060
S315000513703B2076A32042A32097A3A9028526D20463
S315000513800103D2040003C2096B00A9FF8D3602A52D
S31500051390D9C90BD008A52B290F09F0852BA9EE8DE8
S315000513A01A03A91C8D1B03A900852460A9FF8524A2
S315000513B0A9EE8D1A03A91C8D1B0360A202BD3D0370
S315000513C0291FC905F00AE8EC250390F1A9F1386053
S315000513D0BD3D03E829E08D2703A9008D28038D2946
S315000513E0038D0B01EC2503B03DBD3D03A82938C986
S315000513F010D033E89829C78D2803EC2503B027BDFF
S315000514003D03A82938C910D01DE89829C78D290399
S31500051410EC2503B011BD3D03A82938C910D007E84E
S315000514209829C78D0B01AD2703D015AD2803D0101C
S31500051430AD2903D00BAD0B01D0068E2003CF198C39
S315000514408E200318600F6B393F6C36E7511B1F6CF6
S31500051450FCB21C27A9008D110CD2081D0CE21D0C2F
S3150005146008F71BA9008DFC028DFD021B20E02CD27E
S3150005147002130C1B20AD28C202130C2000AA1B80E8
S31500051480FDC2010A04209E10D202130CA522C9AF83
S31500051490D00B1BE7513FB50320160380EFD202138D
S315000514A00C4F19034CCE21E20604010EF2A30640A9
S315000514B009E2A3062004D2010A04208C10D20213E5
S315000514C00C20F213209E10D202130C209810CF6C1C
S315000514D01E2037FFBF25183F131507B5A91F85C958
S315000514E0A9CD85CA48A94C85C887B568209E101B15
S315000514F0E204030205E2010302F5A9008527F28F3E
S31500051500030840D2010003D280040CD2040B0C2040
S315000515104F2310034CC2200F6B038F6C20F201037F
S31500051520041BE201048005F201042023D202130CF8
S31500051530A91A8D4D031BCE4D0330B180F8C280012B
S3150005154004800C5BD0034CC2201BE2010304F4ADFE
S31500051550AC0229FE8DAC022077902BC280040CD2FA
S3150005156002130C20E02CF744F2010420110F6B0541
S3150005157020A3258009207C14F004D201020307B5B7
S3150005158017B5209E108F6B04A901852737B5A9F1DC
S315000515908D1703A9258D180348A94C8D1603B7B5D4
S315000515A06820AD282000AA80FBA9008D110CD20861
S315000515B01D0CE21D0C08F71B20E02CF744D2021384
S315000515C00CE751A9558D4D02A91D8D4E02A9548DC5
S315000515D04C02A98E854E2BA9558D4D02A91D8D4E02
S315000515E002A9548D4C02A98C854E2B4C7914D20236
S315000515F0130C1B5BD0034C79142037FFA278E28FBE
S31500051600030802A2FF8E2103A90085271BE200031A
S3150005161002034C1723CE210310F2E20403045D20D6
S315000516205923A901852737B5A9F18D1703A9258D55
S31500051630180348A94C8D1603B7B56820E02CE204BB
S31500051640030409E2040C8004AC13046BF744209EE2
S315000516501020AD282000AAF28F030808F201032006
S31500051660034C4023A9028527D202130C1BF28F03D4
S315000516700807F20003020280F34C1723E2C1034078
S31500051680EBE28F0308034C1723209E1020AD285B41
S31500051690D0034C7914D204120CE2120C04F7AD9067
S315000516A002D008ADD902D0034C0D23ADD902854D24
S315000516B0AD9002854AB2034B1BC64BD0FBC64AD03A
S315000516C0F4C64D10F0C204120CF2120C04F7ADDA92
S315000516D002854DAD9102854AB2034B1BC64BD0FB25
S315000516E0C64AD0F4C64D10F0E2000302A220E02C53
S315000516F0F744C280040C0F6B0520A3258003207FC9
S3150005170014174437B5A9338D1703A9288D1803482F
S31500051710A94C8D1603B7B5684C6022D202130CE2AC
S31500051720130C02F7209E104C7914BA8EF502206B25
S3150005173018852460AD02018D1C03A9008D2D03AD0E
S31500051740040329E009018D2E03A97E8D2F03A90027
S315000517508D2203C201010360A9FF8D1C03A9E08D3B
S315000517602D03AD020329E0A84D040329E0F02BADB6
S3150005177002034A4A4A4A4AAAA901CA30030A80FA12
S315000517802D2A03D015A9008D27038D28038D29033E
S315000517908D0B01AD020329E08004204EFD98090159
S315000517A08D2E03AD27032D060329C0E22703200747
S315000517B0E2A30601020920BF9F02297F8D2703099F
S315000517C0058D2F03AD28032D070329C78D2803098A
S315000517D0108D3003AD29032D080329C78D2903096B
S315000517E0108D3103AD0B012D500329C78D0B010952
S315000517F0108D3203A206AD0B01D01CCAAD2903D04C
S3150005180016CAAD2803D010CAAD2703D00AA205A96A
S315000518107E206224A9FF60A97E206224F2050302C8
S3150005182003A90060AD2703D00BAD2803F0F3A97E0D
S31500051830A2048004A97EA20320622480E4A97E9DD9
S315000518402D0320AF2420CD2420712460E2A30601B8
S3150005185038CF1905E202030230A907E2A3060402FE
S315000518600920E2A30602020940E2A3061002098046
S315000518709D2D03E8E2A306800BADA10629C7091035
S315000518809D2D03E8A97E9D2D0360E205030118CF72
S315000518901905E202031010AD050329E0090A9D2D7D
S315000518A003E8A97E9D2D0360CF191DA900CF110F51
S315000518B0F204031005E203030131E205030402A95C
S315000518C040F2030302118011A900CF110AE20403B5
S315000518D01019E2050304020920090DE2A306080210
S315000518E009809D2D03E8A97E9D2D0360A9FF8D1C0A
S315000518F003A9E08D2D03AD040329E009018D2E030F
S31500051900AD060329C0E2A30601020920BF9F0229ED
S315000519107F09058D2F03AD500329C7D03FAD0803B9
S3150005192029C7D009AD070329C7D002F027AD07039C
S3150005193029C709108D3003AD080329C7F01A091008
S315000519408D3103A20520AF2420CD24207124A97E44
S315000519509D2D0360A20380EDA20480E9AD0703294E
S31500051960C709108D3003AD080329C709108D31034A
S31500051970AD500329C709108D3203A20680C7A900F9
S315000519808D2203A9048D1C03A9558D2D03F2A306EB
S31500051990040AA217A56B29C00901801AA215A94E2A
S315000519A08DB606A2098A0A0A0AA829088D2E039861
S315000519B00A29E00D2E03CF1903E809025F6B020918
S315000519C0048D2E03A97E8D2F03862760A9358D17D5
S315000519D003A9268D1803A20A8E2103A2FF8E0206ED
S315000519E0F201048028AD1C033023CD2203B01E204E
S315000519F07BE2A9258D1703A9278D1803ADA6038DAF
S31500051A001E03ADA7038D1F0317B6A90160EE2203BA
S31500051A10CE2103100DA2008E2103F2010480064C8F
S31500051A209C27A90160AD2103C9069005A9008D2152
S31500051A3003AABD92FB4F1959E20104204AF200039D
S31500051A40082FE20206800ECD92FBD03BA8A572298F
S31500051A50038D020698EE0206AE0206E004F00710B4
S31500051A6010AE21038021D2080003A200BD92FB809F
S31500051A7014A201BD92FBAC0804C031F008AD030603
S31500051A804D93FB800C49FFCD93FBD005A4728C03C7
S31500051A900620C2288D4C03E88E2103A2088E4D032D
S31500051AA0A9D28D1703A9268D1803A90060CE4D036B
S31500051AB030074E4C032A290160E20003081CAD21BC
S31500051AC003C902901CC2080003A98E8D1703A92815
S31500051AD08D1803A9028D4D038011AD2103C906B0EA
S31500051AE00DA94A8D1703A9268D1803A90160A20A17
S31500051AF08E2103A9358D1703A9268D1803A9016023
S31500051B000F6B16A9678D1703A9278D1803A20A4F10
S31500051B101902A2098E21038029D202130CA94C8D24
S31500051B201703A9278D18039FB6028013A9F18D17F0
S31500051B3003A9258D1803C202130CA9008D2203A93A
S31500051B400060CE2103102D4F1920207F14A2008E90
S31500051B50210327B5A9EE8D1A03A91C8D1B0348A9D8
S31500051B604C8D1903A7B5684C9C2737B5D2046C0074
S31500051B70D202130CA90160F200030808E201031062
S31500051B8003201128AE2103BD2D03C97EF0358D4CEA
S31500051B9003E88E2103A2088E4D03A9CC8D1703A950
S31500051BA0278D1803A90060CE4D031010EE2203A958
S31500051BB09C8D1703A9278D1803A901604E4C032A8E
S31500051BC0290160F20003080EAC2203C0099004D275
S31500051BD00101034CF125C2080003A98E8D1703A93F
S31500051BE0288D1803A9018D4D03A90160A9008D2132
S31500051BF003AA9D2D03E89D2D03E89D2D03A97EE8E7
S31500051C009D2D03D2080003A9048527A20060D202F0
S31500051C10130CF20403013DA901A20E8D4D03A5C5C2
S31500051C204A66C44A66C44A66C485C58A38E5C48D0B
S31500051C304C03AD4D03E5C5301B8D4D03A902852724
S31500051C40A96F8D1703A9288D1803CE4C03D017CE7F
S31500051C504D031012A9038527A9F18D1703A9258D13
S31500051C601803C202130CA90160CE4D03101727B540
S31500051C70A9EC8D1A03A9A48D1B0348A94C8D19033C
S31500051C80A7B56837B5A90160A9CE8D4D02A9018D05
S31500051C904E02A9298D4C02A994854E2B60A473CFBB
S31500051CA019236673667445748474A4724672467203
S31500051CB04672457285720A0A0A0A0A45728572854E
S31500051CC04B8473801D854B986AA5746A26742673A2
S31500051CD0267426734573454B854B8474A4728473A9
S31500051CE08572A54B603D4B43533F4F47573E4E4686
S31500051CF05642524AFFC201C006E2A3060119E20393
S31500051D00031814E20403100FE22703200AC2010692
S31500051D1004D201C0068015E2A3064006D2200104BE
S31500051D20800AE201048005A9138D7F064C84FCA96F
S31500051D3000856CC2FF070C2051A5A9038DEA032077
S31500051D402E110F6B1CD22018004F191527B5A9C6E1
S31500051D508D1A03A9298D1B0348A94C8D1903A7B50F
S31500051D606820072B0F6B020743200D11FF16FAA5F6
S31500051D7022F20E011025F20D010804C960D01CC916
S31500051D80A8F018BF17152089A530D6D0E2C2100BCA
S31500051D900C0BE20D010804D2100E0120DA2A4C863E
S31500051DA029AA8D6604A9038536A9D98D1A03A929F9
S31500051DB08D1B038A8F4F034C962A20C22AB00160D9
S31500051DC0A9F38D1A03A9298D1B038D64046020C20E
S31500051DD02AB0ED98290FC90DD014984A4A4A4AC91E
S31500051DE002300BA9168D1A03A92A8D1B03604C9682
S31500051DF02A20C22AB07B846AA9288D1A03A92A8DAE
S31500051E001B036020C22AB00160AD6404C9F0D0612D
S31500051E10AD6504C9B8D05A7F6A19F2A3060252A560
S31500051E206A6A6A6A8563EF6A05B21326801DB2146B
S31500051E30268049A56A290FAABD0A298DB506EF6A26
S31500051E4005B211268005B2122680314F1923A91233
S31500051E50E2A3060202A914852737B5A98D8D1703B6
S31500051E60A92B8D180348A94C8D1603B7B56827B558
S31500051E7060A9C68D1A03A9298D1B0360CF19F22700
S31500051E80B537B5C2201800D2086C00C719A9AAF241
S31500051E90A30604044719A9AA85224C17108537EA13
S31500051EA0EAEAEAEA7F360BA437EF36021860E73628
S31500051EB03860686860A9FF8D9802B731C2100B0CAF
S31500051EC037B4A905A622E0A04CE7A5FF650AA52219
S31500051ED0C9AAD007A9FF85654C3BA6773AE700C690
S31500051EE06560C2FF070C4C54A7209E1020E02C20ED
S31500051EF0C210BF220FAF210C209810C202130CBFCF
S31500051F00B542800DD202130C209510C202130C8027
S31500051F1019BF17163F190B6F19104F010D8F180AA8
S31500051F2080D0F20E01101D201EA9A522F20D010872
S31500051F3004C960D00FC9A8F00BBF170820BBA8F0CD
S31500051F40034C8B142000AA1F15032032AAD20213B4
S31500051F500C4C8B14D202130CE208060127A913F2C6
S31500051F60A3060202A9118527C202130CA90085340E
S31500051F708D6204A91E8D2203A9AA8D1703A92B8D8F
S31500051F801803A90160CE22033006A9FF2056BD60BD
S31500051F90A9C48D1703A92B8D1803A9028D2203CE7B
S31500051FA022033009A97E2056BD20AC2C60A90385E5
S31500051FB034A9FF8D22038D6004A9E88D1703A92B8B
S31500051FC08D1803EE2203AD2203C902B037F22203B0
S31500051FD00109A92D2056BD20AC2C60F2A306020AE4
S31500051FE0A94E8DB606A2098A8009A56B29C00A2ABB
S31500051FF02A09805F6B0209204F190209402056BD48
S3150005200020AC2C60A9028D2203A9388D1703A92CB3
S315000520108D1803CE2203301CF00E1734AD6104492A
S31500052020FF2056BD20AC2C60AD600449FF2056BD8F
S3150005203020AC2C60A9028D2203A96A8D1703A92C51
S315000520408D18030734CE2203301E27B5A9C68D1A6F
S3150005205003A9298D1B0348A94C8D1903A7B568A9A2
S315000520607E2056BD20AC2C6037B5D202130C4F1915
S315000520701527B5A9A48D1A03A92A8D1B0348A94CB2
S315000520808D1903A7B568608D2D03A9088D2103ADAC
S31500052090170385CEAD180385CFA9C88D1703A92CBF
S315000520A08D1803CE2103D00AA5CE8D1703A5CF8D96
S315000520B01803AD2D034E2D03290160A522C9A0D015
S315000520C01B0F6B18CF191537B5A9798D1703A92BD2
S315000520D08D180348A94C8D1603B7B5684CA1AA49B6
S315000520E02033E0E626A9788D0A0CD202040C3BC201
S315000520F002040CB210463B7F4916200EE88F4F05A9
S31500052100B2104680F1C646D0EDC2280A0CA9006079
S31500052110A9FF600B6FEBFCD201050CD204040CE29F
S315000521200604105CE206048057E2BE068054A2004F
S31500052130AD0B042906A8ADCA0329FF8DD9038A0D5F
S31500052140D9038DCA03ADCB0329F909608DD9039847
S315000521500DD9038DCB03A010AD0C042910D001A811
S31500052160ADCC0329FF8DD9038A0DD9038DCC03ADDB
S31500052170CD0329EF09A08DD903980DD9038DCD037C
S315000521808079ADCB032906D072ADCC0329FF0900B2
S315000521908DCC03ADCD0329EF09A08DCD03ADCA03C3
S315000521A029FF09008DCA03ADCB0329F909608DCB3B
S315000521B003A208AD2B0138ED220189FE10111AC9BB
S315000521C0081001AABDCF26186D22016902800CC927
S315000521D0081001AABDCF26186D2B01E2FC020202EA
S315000521E08904CD81063016ADCA0329FF09008DCABB
S315000521F003ADCB0329F909608DCB038079CD820622
S31500052200302AADCA0329FF09008DCA03ADCB0329C0
S31500052210F909628DCB03ADCC0329FF09008DCC03EB
S31500052220ADCD0329EF09B08DCD03804ACD830630A8
S3150005223016ADCA0329FF09008DCA03ADCB0329F9DB
S3150005224009628DCB03802FCD84063016ADCA0329CE
S31500052250FF09008DCA03ADCB0329F909648DCB03AC
S315000522608014ADCA0329FF09008DCA03ADCB032926
S31500052270F909668DCB036F6C07D202D30620983910
S31500052280D2041D0CE21D0C04F70BA9808DFE02E29B
S31500052290C0060105F208060205E29B038004D2107A
S315000522A0FD02AD69068D7002AD6C068D7102C2FF29
S315000522B0170CAD6A068D160CA9138D1A0CA98C8DF3
S315000522C01B0C0BAD6B068D160CA9168D1A0CA98E5B
S315000522D08D1B0C0BA900E20806100209108DF006ED
S315000522E0A900E2C006010EE2B1062002A920E20815
S315000522F006020209408DF106F2C0060104D208F174
S315000523000620EEEB0BA90685E1ADF4068D160CADA0
S31500052310F5068D170CA9068D1A0CA98E8D1B0CC2F8
S31500052320081F0CF21B0C80FBADF6068D160CADF7DF
S31500052330068D170CA9068D1A0CA98C8D1B0CC208C7
S315000523401F0CF21B0C80FBADE5068D160CA9008D46
S31500052350170CA9038D1A0CA98E8D1B0CC2081F0C10
S31500052360F21B0C80FB20803C10002D8EE2AA060194
S3150005237013E2C0060107A93E8DBA06800720803CF8
S3150005238000162D8EC2081F0CF21B0C80FBF7516739
S31500052390EB60C2021001C2405200209676200374FB
S315000523A0C2012E042085116F52FA60020201010155
S315000523B00101010067EB78270AA9F28D7F04AD14A8
S315000523C015C952F005A95220143F586020DA26A9EE
S315000523D0F08D7F044C8A5E20F11130034CBE115BF3
S315000523E0D0034CB811A524C996D005D7454CB811CC
S315000523F04CBB5EE2010401034C44234CEA5EC280F9
S31500052400BE06C2406C00C202D3062098391F52068A
S31500052410D7450B0B0B0B4C765F20803C0040138E8B
S31500052420C2081F0CF21B0C80FB20803C40000F8C61
S31500052430C2081F0CF21B0C80FB4CF962BA8EF40223
S31500052440B28326F20104011EC21A080CE203010832
S315000524500DC210FD02F2AB020104D2100E0CD2041D
S31500052460070CC280070CA9008D010CC2807503C23A
S31500052470020301C28011016745E201040109A9BFF2
S315000524808548A9E04C6D674C736720B013BA8EF486
S3150005249002A9F18D0B0CA9788D0A0CA9008D090CE2
S315000524A08D080C8D070C8D060C8DAB0289302DAC75
S315000524B0028DAC02C2100E0CC2400F0C0B4CAC6761
S315000524C02039124C3D68F20104011320CD11205725
S315000524D06020CA11AD3701AE360120F1E10BD208F5
S315000524E08006B26026F2010401034C5B28F2C006A1
S315000524F001034C2669207611F0034C3C69D2040190
S3150005250004D202080CC204070C6F6C23A9058DE7DB
S3150005251006C2FF170CA9058D160CA9018D1A0CA963
S31500052520868D1B0CC2081F0CF21B0C80FB8005B7A1
S3150005253045206D114C0E694F190C208C13F00A2994
S315000525400F09D04C4E6D4C83694CB469F2010401F8
S31500052550040B6FEBF7C2400E0CA9008D8C06E2C08A
S31500052560060106A52209208522E20104010CB240D6
S3150005257026A91F8548A9D14C0E6E4C606EF76720BB
S31500052580BD98201314D00FE6262016143005D0F278
S315000525904C00714C09714C0E7120D826A9F08D7F1F
S315000525A0044C0D16D2806C00A9008D1A038D1603F6
S315000525B08D170385D98D1B038D18038D1903A9FF67
S315000525C08D360220803C0180FC8EC2081F0CF21B52
S315000525D00C80FBADCC0329FF09008DCC03ADCD03E3
S315000525E029EF09A08DCD03E2A0060814ADCC032979
S315000525F0FF09008DCC03ADCD0329EF09B08DCD03C1
S31500052600ADCA0329FF09008DCA03ADCB0329F90914
S31500052610608DCB03C2100E0CC2400F0CC204FD0226
S31500052620F2C006010DE20604011BE2010420167F35
S315000526309F13E2C0060108C2806C0047198002C7D5
S3150005264019D20301044C108120DA26A9008D110147
S31500052650A9FF8D1201A90F8D1301D2804100A90290
S315000526604C7F6720AB12D0034C84125BD0034C7EA3
S3150005267012A524C996F0034CD967D7454C7E12207E
S31500052680C6F0AF250C8F44069F18094C8A124CD10B
S31500052690684CAB68E201040126E280062021D201DE
S315000526A08C06C752C2104500C2021800204413B258
S315000526B08027E2C006010B20A512D0094C5C684CA8
S315000526C0A7684C75684C7268BA8EF5029752204910
S315000526D014AD130C29184CE06CBA8EF502E7514B74
S315000526E097450F45FA17185F520E2F440BA5222959
S315000526F00FD005A9FF4CD46DBF17034C776DA90004
S315000527008D110120847720D71320F9122028E02087
S315000527104014205514206B2C4CA06DE627E2C0060C
S31500052720010C1F520CE2BE060204D20103014C8FB6
S315000527306E3745A900A201203114DF451B3F45F33D
S315000527403745EF6C17B7FBE627203414D202120C77
S31500052750A9008D100C8D110C4B3F45FCC202120CC5
S31500052760A9008D2104A03FA900A2015A2031147A9F
S31500052770AE2104D00BA9FD8D4C02A998854E801B70
S31500052780E007F01BFF4E18EE4C02D2804E00AD4D11
S31500052790029D2404E8AD4E029D2404E88E21046FB3
S315000527A06C0CDF45B3AE2104E00790BB80038810AF
S315000527B0B6B7FBE6272034144C926E4C8F6EE6278F
S315000527C08752A6E0BDF883BF17031F5202A90285EB
S315000527D04DB2014A209676C210120CE2030101059C
S315000527E0A9028D110C200374A9FF20EA12E2C00686
S315000527F00131AE2104302CD00BA9FD8D4C02A998D0
S31500052800854E801BE007B01BFF4E18EE4C02D280AA
S315000528104E00AD4D029D2404E8AD4E029D2404E80C
S315000528208E2104E28C060806A9FF854A854DA9FF77
S3150005283020EA127F4DB7E2C0060113AD2104C90790
S31500052840D0ABC2201F00205EE0F28C06089F4C44E8
S315000528506FB24027202986C201FD026F6C04D201A2
S31500052860050C204014BF1504A6E0800CA5E6A006BD
S3150005287002844BA5E0644BAABCE22D6BE23A0280CA
S3150005288011C2803A02AD3A0248AD39024820EC132E
S31500052890686820551420923C00E0038CAD07014A78
S315000528A0A6E0BC7FEF020A0A186D0701200D86E235
S315000528B00104012320A9116F6C1DE2BE068018AD27
S315000528C025018D4D02AD26018D4E02A9438D4C0283
S315000528D0A98E854E2094904CD474202986A5272947
S315000528E0F009048527201986A52729F009068527D5
S315000528F020F3124F190CE21B01800720923C0000C1
S3150005290013845FB50D0F140AC201130CB2A7274C29
S315000529107575C208130C209676F2010401032099F9
S3150005292099B247274C4975A5E00AAAAD0901F001F8
S31500052930E8BD53EF8D4D02AEE302A000E2010401AE
S31500052940034C52774C5777A9008D100C8D110C1F2F
S315000529502503ADE302AABCE22D4CB77720D8264C59
S31500052960991EA900854DD204140C20942C4CC183C4
S31500052970A6E0BDF8838D9902A9008DAB038D3F02B4
S315000529808D3E02E201040111A9476F6C0CE2BE06F9
S315000529908007A90C8D9902A95E8D8802605F4403A4
S315000529A03F17034CC68418AD320289086D37028578
S315000529B04BAD38026900854C38AD3E02E54B854B7B
S315000529C0AD3F02E54C854CF2AB03026038A54BAE34
S315000529D08802E8FD562DA54CCAFD562D304EF24E01
S315000529E0008049E8E8BD562DC900F00EC902F00A77
S315000529F0C908F006C90AF002800520C52D8019C947
S31500052A000FD00520C7848010C90ED00520D6848036
S31500052A1007C90DD00320E913E88E8802BD562DC9D6
S31500052A207FD009D202AB03A9008D88023FB3004CC3
S31500052A309084FFF008540004FFF00A5400040000D7
S31500052A400F01E0084F100002000E030008540005B0
S31500052A5003000A54000503000A58400007000A58F7
S31500052A6010000A000D0B000A58040013000A58024C
S31500052A700014000D1A000D7FFFFFF0085400040036
S31500052A80000F0600085400051000085400077FFFD4
S31500052A90FFF00854000600000F0A00085400077FDF
S31500052AA0FF0984854EE8BD562D8D4C02E8BD562D91
S31500052AB08D4E02E8BD562D8D4D02604CA7EE3E604B
S31500052AC0603139443F6363323B49406666333F4B69
S31500052AD03E6464323D493C6262323C49396060314C
S31500052AE03D49406363323A49406666333D4A385844
S31500052AF0582C35403759592E373F385A5A2E3843B0
S31500052B00385555293F3B524C1E1E484A4A090C8DDD
S31500052B100C06686A6A6A29C08D0B06ADB106291FBF
S31500052B20AABD3AEB8DB6060A0A0A0A0A8D0A06AD49
S31500052B30B6064A4A4A290F0D0B068D0B06E2BE0656
S31500052B404007E2BE0620028005E2BE06800060C29E
S31500052B5008F10620EEEBE626A9008DAC028D8C0663
S31500052B60D2020104A9028D0504ADBE0629E08DBE7B
S31500052B7006ADAB0229108DAB02EF2204C207120C7B
S31500052B80C20C010420938B203111D280040CA900BC
S31500052B908D060C8D070CAD030C29FE8D030C4C37E9
S31500052BA0240F6B06E2BE06800160AD1C01CDF8065A
S31500052BB01040AD1D01297FCDF9063036AD1E01CD7C
S31500052BC0FA06302EAD1F01CDFB063026AD2001CD10
S31500052BD0FC06101EAD2101CDFD061016AD2201CD58
S31500052BE0FE06300EAD2B01CDFF061006F2AA060233
S31500052BF00160C2010104C201C006C220BE0660A56D
S31500052C00DDF006D752C280BE06A9008D060C8D07DB
S31500052C100CC2038003A9F18D0B0CD204AB02D7516C
S31500052C20CF1904D201060C20938B3BA90E8D010CFE
S31500052C30C201050CD2041D0CE21D0C04F73B2057FE
S31500052C406020CA11203612208EE2C2081F0CF21B24
S31500052C500C80FBE2790302054FB1078013E280037E
S31500052C6004205FB50BB23A26C2087F03A91A800570
S31500052C70B23C26A91C8DAD02C2FC4500200A1B4CA0
S31500052C8023744C2B743BA91248A93C48208117AFE5
S31500052C9045034C4274ADAD021004A900802C290FE2
S31500052CA0AAE2BE06800BBD3617CF1903BD271780CE
S31500052CB0195FB50BBD5375CFB103BD6975800B4F54
S31500052CC01905BD25758003BD3D7510034C10758D21
S31500052CD0AD02AA291F092085268A0AAABD6317857A
S31500052CE046BD64178547102477475FB50AA546890B
S31500052CF0C08546A912800D18A5466D39028546ADD3
S31500052D003A02297F65471002A97F854727457C43F7
S31500052D1017AAC280BE064CEE740200030E00000020
S31500052D2000000000000000FF010700000000000C85
S31500052D3000000000FF0A1B2F1DB27A141E627C7963
S31500052D407CB67BAB7AB97CCC7CF57D1A1EF41AB2BF
S31500052D507A677E721200000000C01200000000189B
S31500052D60860000C01200000000188600008087005B
S31500052D7040000020681AA5D90A0A0A0A8D4F03AD34
S31500052D801A03290F0D4F03852BA5D9D00FAD1A03AD
S31500052D90F009C9071005A2904CFC18606868204B1D
S31500052DA012A5D9C901D020A5DD2903AABD641A85B6
S31500052DB0D9A20086DD4820803C0180FC8EC2081F12
S31500052DC00CF21B0C80FB68C904F007C90EF0034C16
S31500052DD06418A2068E1703D2400E0C20803C0038DC
S31500052DE0828CC2081F0CF21B0C80FBAC1A03C00BAD
S31500052DF0D005C7194C8219A5D9C904F049C00AF0EE
S31500052E0023A9008D22038D2303EE2003D003EE2193
S31500052E1003AD2103C917D02DAD2003C970D026D225
S31500052E2002130C60A9008D20038D2103EE2203D029
S31500052E3003EE2303AD2303C917D00AAD2203C970D8
S31500052E40D0034C581960C00AD0034C5819C00ED08F
S31500052E5004D202130C60C905D041AC1A03CFDC0CB1
S31500052E60C003D005BFDC14801F4C2E19A6DDE00279
S31500052E70D00FB200DDA903C002F002A90685D980EC
S31500052E8060E003D009B200DDA90485D98053E004CA
S31500052E90D04FB200DDC003F04880CEC907D0034C41
S31500052EA04319C908D0034C5819C909D029AE3602A9
S31500052EB0102448AD0606290F8DF3020A186DF30294
S31500052EC0AABD94198D3602E8BD94198D4A06E8BD4A
S31500052ED094198D490668C90BF078C90CD0034C7254
S31500052EE01989FE0A0A0A0AAABDD3198D1703BDC494
S31500052EF019F012CD1A03F00EE8BDC419E82980F0C1
S31500052F00EDE8E880E960BDC51910122907A8A5DC1A
S31500052F102A6A8810FC2901F001E8BDC61985D96021
S31500052F20A9FE8D17030BE2130C02FAC21F2200B28B
S31500052F3099244C1710A9FF8D17030BE2130C02FAFF
S31500052F40C21F2200B29A244C1710A90085D98D17E5
S31500052F500360A9008D17038DAD02A745C2107F0337
S31500052F6047198010A9FD8D17030BE2130C02FAB25F
S31500052F709B244719D2106C00C2086C00D2016B0065
S31500052F80B2AA224C1710FFFFFF011940002EE004DC
S31500052F906500001770023280008CA0FFFFFF000B52
S31500052FA0B801A5E0004650FFFFFF002328034BC0EC
S31500052FB000D2F0FFFFFF020503050E81070800009A
S31500052FC000000000000105070E07000000000000D4
S31500052FD000000000000400000000000000000000E2
S31500052FE000000000000600000000000000000000D0
S31500052FF00000000000010C070A070D07000000008D
S3150005300000000000000500000000000000000000B0
S3150005301000000000000000000000000000000000A5
S315000530200000000000000D0B0A0B0406060C00004C
S31500053030000000000002060C05070E8107080000C7
S315000530400000000000030182090A0406060C0000C0
S315000530500000000000000002030EAD1603D074EE5A
S315000530601803D003EE1903AD1903C901D00BAD182A
S3150005307003C9E0D004A90C805AAD1903C912D00BB7
S31500053080AD1803C9C0D004A90D8048AD1903C917E9
S31500053090D00BAD1803C970D004A90E8036AD7D03DB
S315000530A01004A90A802DA9848D1A0CA9808D1B0CE4
S315000530B0C2081F0CF21B0C80FBAD160CC901F006ED
S315000530C0A9008D1B0360EE1B03AD1B03C930B001C0
S315000530D060A90B8D1A03C90AB00BA9008D18038DBB
S315000530E019038D160360C220060C5FB50AB745B2F3
S315000530F01247B2C04680054F1902C745D206040CD1
S31500053100C2010B0620371B60F27F030110F27F0315
S31500053110080EF27F0320034C5F764C311B4C6F760D
S315000531204C8E7620371B4CC876203F778D0405C21A
S31500053130FF1603609F620160AE7D03AC7E030F4FF1
S31500053140158F6209A000E81011A280800DA200C8A3
S315000531501008A0808004A200A0008E7D038C7E034B
S31500053160AD7C031025C006300AA9008D7C038D04AD
S315000531700580170F6207EE7C03EE040560A9FD8D39
S315000531807C038D0405C2FF7B0360D0130F6205D255
S3150005319004060C60C204060C20803C0000418FAD7D
S315000531A00405C9109068D00CAE63028E0005AE62A8
S315000531B0028E0105C918B008A5624A6E0205804E41
S315000531C0C920B008A5624A6E03058042D040AD020B
S315000531D005CD0005D038AD0305CD0105D030A201DA
S315000531E0AD2906290FDDFF1BF00EE8E00890F680F5
S315000531F01D000C0A0E090D0B8E1603AD29068D074B
S3150005320006C2107F03C2FF0405C2FF7C0360AE7BC6
S3150005321003E006100C8F4F034C8B1BA5624A206AF0
S3150005322080A5624A7E2906EE7C03EE0405E27F034D
S3150005323002135FB5074FB10DA91B8012A92ECF1931
S315000532400DA9558009A919E2C0060102A926CD7C5A
S3150005325003D0034C0778AD7C032907F00160AD7CEC
S3150005326003C910100DAD2906C94EF0034C8B1B4C36
S315000532707F784C8F78AD29068D1A01AD2A068D1BF0
S3150005328001C202C103E21B012004D202C103C2E04E
S31500053290BE06E2C006011F1F6B1CE21B018017D28A
S315000532A040BE064F6B04D220BE063F6B09E21B01EA
S315000532B04004D280BE064CED78DFB53FCF191EAD72
S315000532C029068D2F06AD2A068D3006AD2B068D31C6
S315000532D006AD2C068D3206AD8F028D2E06AD8A0201
S315000532E08D2906AD8B028D2A06AD8C028D2B06AD7A
S315000532F08D028D2C06AD8E028D2D06A209BD2906E1
S315000533009D6503CA10F7E2C0060113E2BE06400E2C
S31500053310F2BE068009F230060404C220BE064C8AB7
S315000533207920371B4C1F7A204B12DF5210E27F03A0
S315000533308004C2117F03F27F03115C8009DFB506A5
S315000533404F4F0C3F4509A548F0063F4502C6486064
S31500053350DFB537AD7D033004C90830F3C2807F037E
S31500053360A9008D1A0CA9898D1B0CC2081F0CF21B0E
S315000533700C80FBAD170C8D8503A5DDF005A9018530
S31500053380D960A9008D3E028D3F02AD100C49028D14
S31500053390100CE6274C957A4C987AA5483007C97FD4
S315000533A0F00AC648604F4F0DA97F8548AD7D0330AD
S315000533B005C908100160C2807F03A5DDF005A901D6
S315000533C085D960BF4F0160ADAD02C9073008D0335E
S315000533D0DFB5034F192DE2BE06800EA9008D390211
S315000533E08D3A0285DA85DB801A38AD3E02E96C8DA9
S315000533F03902AD3F02E9001005A9008D39020980A1
S315000534008D3A02A745605FB503204777B2524860FB
S31500053410A9A98D5002A9268DAF01A9FE8DAE01E29F
S3150005342001040116A9688DAD01A95D8DAC01A9241C
S315000534308DAB01A9388DAA01802DCF1916A9688DE6
S31500053440AD01A9728DAC01A9688DAB01A9CA8DAA7A
S31500053450018014A9688DAD01A9A38DAC01A9288D9C
S31500053460AB01A9768DAA01A9298DDF01A98A8DDE71
S3150005347001CF190CA96D8DDD01A9B28DDC01800A7C
S31500053480A96D8DDD01A9CB8DDC0160B22027A9E1EF
S315000534908D120CA9638D130CA90A8D110CC2010599
S315000534A00CD2081D0CE21D0C08F74BE2AB0204FA20
S315000534B0F21D0C08F5A9008D100C8D110C85E22066
S315000534C04279209E100739F279030208E280030447
S315000534D0064C3A784C3A78A9540F6B02A9984C6A6F
S315000534E078CF1913AC02EF6BF28F03040520111385
S315000534F08009200E138004AC03EF6BC220120CD298
S31500053500084500A91E8DA9034C08134B4F45095FB5
S31500053510B503CFB1034C1413EE3E02D003EE3F02C2
S31500053520ADA903D008AD1703F0064C5B1FCEA90362
S315000535305FB5046F450160BF45D1E27F034006B222
S3150005354020274C0213F2800301CB4C0579A9E18DA6
S31500053550120CC282130CA9008D100C8D110C4BC2D6
S3150005356040120CA901854CA9008DF102AE17033056
S3150005357033BDCA1F8D0906C90AD005AD0606800BDF
S31500053580C909D007AD060629F080040A0A0A0A0DFC
S3150005359009068D0906209120201D13AD1703300459
S315000535A0D0C1800CA90020997BD202130C4B80FD5B
S315000535B0C220120CA91E8DA9034C0813000C0A0E75
S315000535C0090D0B203F7C5FB5034C2C154F192B209D
S315000535D03813203513A54B2D1106854BA54C2D12F9
S315000535E006854CA9008D11068D1206203213A909F0
S315000535F0854CA9058DF1024C447BE2BE06800CA9DB
S31500053600008D11068D1206A904802F203813ADF101
S31500053610028D2E01203513A54B2D1106854BA54C84
S315000536202D1206854CA9008D11068D120620411313
S3150005363085E4203E1325E420D68185E185E0E2BEBA
S31500053640064009E2BE062004A906801FE2C006015F
S3150005365024C904B014C201C006C2010104AD0903A0
S315000536608522A2182099EE800CA90485E185E02023
S315000536707C114C077B4CA57AF2BE0680034C0A7B6F
S315000536804C1C7BA9FFA2044C887BA900E201010220
S31500053690020901E2010104020902E201012002090F
S315000536A004E20101080EE2050120020908E205010E
S315000536B010020910E20101100EE20501800209203F
S315000536C0E2050140020940E201012007E205010188
S315000536D00209808D0906AD0501290EF200010802D1
S315000536E00901E28F0340020910E28F032002092037
S315000536F08D0A06A5232903AAE2C00601171F6B1D1D
S31500053700AD0A0629C009403F6B0209800D0A068DE0
S315000537100A068009BD3B7C0D0A068D0A064C2C7CE3
S315000537204220E556C2041C0CF21C0C04F7E751AD09
S31500053730CC0329FF09008DCC03ADCD0329F709A0DC
S315000537408DCD03ADCA0329BF09408DCA03ADCB0391
S3150005375029FF09608DCB03ADD40329FF09008DD45C
S3150005376003ADD50329F709A08DD503ADD20329BF2E
S3150005377009408DD203ADD30329FF09608DD303E23A
S31500053780E1031014ADCA0329BF09008DCA03ADCBE9
S315000537900329FF09608DCB03E2E1032014ADCC03B9
S315000537A029FF09008DCC03ADCD0329F709A88DCDD9
S315000537B003E2E1034014ADD20329BF09008DD2030C
S315000537C0ADD30329FF09608DD303E2E1038014AD70
S315000537D0D40329FF09008DD403ADD50329F709A81C
S315000537E08DD503A9008D4E02AD3E04290F8D4D02E0
S315000537F0A9268D4C02A994854E2BE295061003CF7A
S315000538009F04571280245F1221A51629033F120231
S31500053810090409808D4D02A9008D4E02A95F8D4CC4
S3150005382002A98D854EE74E2B1B1BDF2211D2081DE3
S315000538300CE21D0C08F7AC98DF6BD280FF021BCF9C
S315000538401405A5278D9003200537B0F2AAF20207C5
S315000538500106EF320B4C4E16EF84058E900380DE83
S315000538604C0F60A9008DF002D2601C0CA5ED8D17DA
S315000538700CA5EC29F75F120209088D160CA9238DF4
S315000538801A0CA9948D1B0CC2081F0CF21B0C80FB8D
S315000538904CF2C40B2005CA2009CB2027CAE29206A2
S315000538A00108F2F002011D4CB416BF2106CF210313
S315000538B0202811F2F002010CCF21093F210320E453
S315000538C0C54CD9C54CE1C54220EE1420F714C203F8
S315000538D01C0CA9008D170C8D160CA9268D1A0CA982
S315000538E0948D1B0CC2081F0CF21B0C80FBADD0037C
S315000538F029FF09008DD003ADD10329FB09248DD1FC
S3150005390003ADD00329FF09008DD003ADD10329E707
S3150005391009388DD103ADD40329EF09008DD403AD44
S31500053920D50329FF09A08DD503ADD20329FD0902CB
S315000539308DD203ADD30329FF09608DD303ADD4031F
S31500053940293F09808DD403ADD50329FF09A08DD55F
S3150005395003ADD20329BF09408DD203ADD30329FF99
S3150005396009608DD303ADD40329FF09008DD403ADBA
S31500053970D50329F709A88DD503ADC80329FF090085
S315000539808DC803ADC90329FB09248DC903ADC80339
S3150005399029FF09008DC803ADC90329E709388DC973
S315000539A003ADCC0329EF09008DCC03ADCD0329FF6B
S315000539B009A08DCD03ADCA0329BF09008DCA03AD84
S315000539C0CB0329FF09608DCB03ADCC0329FF090085
S315000539D08DCC03ADCD0329F709A08DCD03E20604F1
S315000539E01028ADCA0329BF09408DCA03ADCB0329EB
S315000539F0FF09608DCB03ADCC0329FF09008DCC03F0
S31500053A00ADCD0329F709A88DCD03A21ABDA6189534
S31500053A1080CA10F8A20DBDC11895A0CA10F8A20B50
S31500053A20BDCF189D7002CA10F7A20EBDDB189DE228
S31500053A3002CA10F7A208BDEA189DF202CA10F7A23B
S31500053A4010BDF3189554CA10F8A211BD04199D109E
S31500053A5003CA10F7A204BD16199D5B03CA10F7A287
S31500053A6004BD1B199D0104CA10F7A231BD20199D7D
S31500053A700704CA10F7A9088D3B04A9048D3C04A9BF
S31500053A800A8D3D04A9108D3F04A9278D6E06A91040
S31500053A908D6F06A9008D7006A9028D7106A90A8D7E
S31500053AA07206A9008D7306B2939AA9FA8D120C8D2A
S31500053AB0130C607F7F0000F6087F280A141A102071
S31500053AC0300A10B040000000005000700693000058
S31500053AD0000055006004000018E870701838E810FA
S31500053AE000000000040018200000E0FFF820E03880
S31500053AF000004000202860100018000000146058DF
S31500053B000308F010F018E8E0E00000002038000097
S31500053B10280018B4B0281000000000F81060F00A5C
S31500053B200010005800000000383004FC0A6AD00472
S31500053B30E00860400475600A7018080850F8FA60D5
S31500053B40602F201801100118FC100008000800104D
S31500053B5000500000F400081018FFF8FF0302062FB6
S31500053B60240F8F6618208019C2020F0C2078E28078
S31500053B700C0F6616A9008D5404076680093F1F06BB
S31500053B80D2020F0C8004C2020F0C4CEA19A9018D52
S31500053B90160CA9008D170CA96A8D1A0CA98E8D1BFA
S31500053BA00C0BA9008D160CA9108D170CA96A8D1A78
S31500053BB00CA9848D1B0C0BA9008D160CA9208D173D
S31500053BC00CA96A8D1A0CA9868D1B0C0BA9008D16DE
S31500053BD00CA9088D170CA96B8D1A0CA9848D1B0CC5
S31500053BE00BA9008D160CA9408D170CA96B8D1A0C07
S31500053BF0A9868D1B0C0B60F2020C045AF2020C0806
S31500053C0028F212030226F21203013AAD040C300B18
S31500053C10C5AA3007D20212034C301BAD040CC5AB46
S31500053C2010F6D20112034C301B4CA31AAD040C300E
S31500053C300DCD7002100CAD0B0CCD71021004C20235
S31500053C4012034C301BAD040C1005CD72023004C2B4
S31500053C500112034C301BF2020C081BF21203011968
S31500053C60F212030248AD040C3009CD73023004D2BA
S31500053C700212034C301B4CED1AAD0B0CCD7A0230FB
S31500053C800BC2011203D20212034C301BAD040C30D9
S31500053C9010CD7B023008C2011203D20212034C304A
S31500053CA01BCD720230F8C20112034C301B4C301B7F
S31500053CB0F212030225F21203013DAD040C100CCDE0
S31500053CC0E6021007D20112034C301BAD040CCDE7FA
S31500053CD0023004D20212034C301BAD040C1015CD74
S31500053CE0E8021010AD0B0CCDE9021008C202120352
S31500053CF0D20112034C301B4C301BF212030220F288
S31500053D0012030136AD040C300BC5573004D202122E
S31500053D10034C301BC55810F9D20112034C301BADAC
S31500053D20040C1013C55A100FAD0B0CC5611008D243
S31500053D30011203C20212034C301B4C301BAD0B0C97
S31500053D40CD23043008D2021203C2011203ADE402E8
S31500053D50C9FC3015AD0B0CC904100EF2120301098E
S31500053D60E212030204C2021203F212030406C2306F
S31500053D700F0C802A6F9A10F21203011AF21203022F
S31500053D800BC2300F0C8017E21203020AC2200F0C79
S31500053D90D2100F0C8008D2200F0CC2100F0CE2F0C7
S31500053DA002040BD2021203C20112034CE01BE2F01D
S31500053DB0020208D2011203C2021203F20E0C010C12
S31500053DC0F20E0C0207F20E0C08028008D20212034C
S31500053DD0C2011203F20E0C040CF20E0C2007F20EB1
S31500053DE00C10028008D2011203C2021203ADEA02C8
S31500053DF0C901D009A5A5C5A7F0174CDB1CA9008DDF
S31500053E00750285A08D5C038D5E0385A285A34C2373
S31500053E101E0F9A42A90085A5ADFA0238E5A438ED2C
S31500053E20790285A1A5A1C900F02C3016C904302652
S31500053E30AD79028901CD72063003AD72068D790220
S31500053E408014C9FC1010AD790289FFCD1D0310033E
S31500053E50AD1D038D7902AD760238E5828DE302C983
S31500053E6000F0373013ADE302186582C9283002A980
S31500053E702885828D2C048022CD1704101DA58289E4
S31500053E80FFC9001002A9008582CD2C041007AD2CB0
S31500053E900485828005A5828D2C04AD5D0338ED5F12
S31500053EA0038548A58438E548C900F0243010C903C0
S31500053EB0301EA584C9E0301889FF85848012C9FDA6
S31500053EC0100EA5848901CD35043003AD35048584EE
S31500053ED0A584CD2D0410068D2D044C231EAD2D0471
S31500053EE085844C231E4CDA1DA5A3C5A6D0F7A900CB
S31500053EF085A3A5A5890185A5A5A0C5A43007A5A067
S31500053F0085A44C2B1DA97F38E58089018548A5A088
S31500053F10A448028CF3020AE2F3028002890185496C
S31500053F20A5A4A480028CF3020AE2F30280028901A9
S31500053F30644985A4A90085A0AD7502CD7602300930
S31500053F40AD75028D76024C731DA97F38E581890111
S31500053F508548AD7502A448028CF3020AE2F3028095
S31500053F600289018549AD7602A481028CF3020AE233
S31500053F70F3028002890164498D7602A9008D7502D6
S31500053F80A97F38E5AC89018548AD5C03A448028C58
S31500053F90F3020AE2F302800289018549AD5D03A4B5
S31500053FA0AC028CF3020AE2F3028002890164498DB0
S31500053FB05D03A9008D5C03AD5E03A448028CF30284
S31500053FC00AE2F302800289018549AD5F03A4AC02CA
S31500053FD08CF3020AE2F3028002890164498D5F03CC
S31500053FE0A9008D5E038049AD090CF2120C0803ADDC
S31500053FF0080C8548A5A3890185A3A548C5A0300257
S3150005400085A0AD070C38ED060CCD75023007C93015
S3150005401010038D7502AD070CCD5C0330038D5C0373
S31500054020A548186D150CCD5E0330058D5E03800021
S31500054030A5A8C901D009A597C599F0224CCD1EA9F9
S3150005404000859485958D74028592A583C908100B04
S31500054050AD090C38ED080C300285834C971FA90075
S315000540608597AD5B0338E59638ED78028593A5937C
S31500054070C900F02D30191F9A28A593C9023022AD23
S3150005408078028901C5553002A5558D78028012C979
S31500054090FC100EAD780289FEC5561002A5568D7820
S315000540A002AD770238E5838DE202C900F0233010B0
S315000540B0ADE202186583C9283002A92885838011D7
S315000540C0CD1804100CA58389FFC9001002A9008527
S315000540D0834C971F4C971F4C671FA595C598D0F71E
S315000540E0A59789018597A9008595A592C596300757
S315000540F0A59285964C1D1FA97F38E58689018548B9
S31500054100A592A448028CF3020AE2F3028002890111
S315000541108549A596A486028CF3020AE2F30280027B
S31500054120890164498596A9008592AD7402CD770209
S315000541303009AD74028D77024C671FA97F38E5AD4E
S3150005414089018548AD7402A448028CF3020AE2F39C
S3150005415002800289018549AD7702A4AD028CF3027E
S315000541600AE2F3028002890164498D7702A9008D6E
S3150005417074028030AD070CF2130C0803AD060C85EE
S3150005418048A59589018595A548C59230028592ADC4
S31500054190090C38ED080CCD74023007C92810038DBB
S315000541A074028000E221030163F20E0C015EA97F11
S315000541B038ED0F0489018548AD080CA448028CF337
S315000541C0020AE2F302800289018549AD1803AC0FA4
S315000541D004028CF3020AE2F3028002890164498D26
S315000541E01803AD090CA448028CF3020AE2F3028017
S315000541F00289018549ADF602AC0F04028CF3020A69
S31500054200E2F3028002890164498DF602F221030177
S3150005421061F20E0C205CA97F38ED0F048548AD07C9
S315000542200CA448028CF3020AE2F302800289018596
S3150005423049ADF702AC0F04028CF3020AE2F30280E1
S3150005424002890164498DF702AD060CA448028CF378
S31500054250020AE2F302800289018549AD1903AC0F12
S3150005426004028CF3020AE2F3028002890164498D95
S315000542701903E22103017AE21203201FF20E0C0153
S315000542801AF20E0C0415F20E0C2010F2020C200B7D
S31500054290AD180338EDF60285491007A9008D1703F9
S315000542A0804FA97F38ED100489018548A549A448A2
S315000542B0028CF3020AE2F302800289018549AD17F1
S315000542C003AC1004028CF3020AE2F30280028901B0
S315000542D064498D1703C58E3018A90085838D17038C
S315000542E0D208120CE2F0022008D204130CD20412F2
S315000542F00CF221030129E21203101FF20E0C201AFB
S31500054300F20E0C0215F20E0C0110F2020C200BAD8A
S31500054310190338EDF70285491007A9008D160380A4
S315000543206AA97F38ED100489018548A549A4480284
S315000543308CF3020AE2F302800289018549AD160370
S31500054340AC1004028CF3020AE2F3028002890164CE
S31500054350498D1603AD1603C58F1011CD1104302BEB
S31500054360A5823A8582A9008D1603801FA9008D16A0
S315000543700385828D2C048D2D04A9018D1E04D2087A
S31500054380130CE2F0022004D204120CAD090C38ED30
S31500054390080C1002A9008548A56038E5481002A951
S315000543A0008549AD070C38ED060C1002A9008548B5
S315000543B0AD210438E5481002A9008DF302F2120377
S315000543C00153F212030264AD7802186D1A031865DB
S315000543D0498548A585C90030051865488548ADF263
S315000543E00238ED0104100D1865488548A548C948E9
S315000543F03002A9488548CD0C0C300838ED0C0C1850
S315000544006D0C0CC9001002A9008D0C0CAD79028D3E
S315000544100D0C4C6322AD7902186D1B03186DF30262
S315000544208D0D0CA9008D0C0C4C6322AD7902300262
S31500054430A9008D0D0CAD78021002A9000A186D1A97
S31500054440031865498548A585C90030051865488559
S3150005445048ADF20238ED020410051865488548A5F1
S3150005446048C9483002A948C9001002A9008D0C0C9C
S31500054470E221030139F212030234F21203012FF28B
S31500054480020C082AF2020C0425F20E0C0120AD0BD3
S315000544900CC9041019AD040C3006C90410108004AB
S315000544A0C9FC300AAD090CCD0104305080034C39E6
S315000544B023A97F38ED0C0489018548AD0104AC0CB0
S315000544C004028CF3020AE2F302800289018549ADF2
S315000544D0090CA448028CF3020AE2F3028002890160
S315000544E06449854938ED0104C900F05A3058C902B6
S315000544F03054AD010489018D0104804AA97F38ED48
S315000545000D0489018548AD0104AC0D04028CF30246
S315000545100AE2F302800289018549AD090CA4480225
S315000545208CF3020AE2F3028002890164498549385F
S31500054530ED0104C900100FC9FC100BAD010489FF7C
S315000545408D01044C3923F221030139F21203023499
S31500054550F21203012FF2020C082AF2020C0425F2CC
S315000545600E0C2020AD0B0CC9041019AD040C300639
S31500054570C90410108004C9FC300AAD070CCD02042D
S31500054580305080034C0F24A97F38ED0C0489018532
S3150005459048AD0204AC0C04028CF3020AE2F3028075
S315000545A00289018549AD070CA448028CF3020AE28B
S315000545B0F302800289016449854938ED0204C90080
S315000545C0F05A3058C9023054AD020489018D0204EF
S315000545D0804AA97F38ED0D0489018548AD0204ACF2
S315000545E00D04028CF3020AE2F30280028901854971
S315000545F0AD070CA448028CF3020AE2F30280028995
S31500054600016449854938ED0204C900100FC9FC103B
S315000546100BAD020489FF8D02044C0F24F21203022E
S3150005462034F21203012FF2020C082AF2020C0425B9
S31500054630F20E0C2020AD0B0CC9041019AD040C307C
S3150005464006C90410108004C9FC300AAD060CCD1647
S3150005465004305080034CE024A97F38ED0C04890111
S315000546608548AD1604AC0C04028CF3020AE2F3028B
S31500054670800289018549AD060CA448028CF3020A1D
S31500054680E2F302800289016449854938ED1604C9B9
S3150005469000F05A3058C9023054AD160489018D16FA
S315000546A004804AA97F38ED0D0489018548AD1604B5
S315000546B0AC0D04028CF3020AE2F30280028901853D
S315000546C049AD060CA448028CF3020AE2F302800205
S315000546D089016449854938ED1604C900100FC9FCDE
S315000546E0100BAD160489FF8D16044CE024F2120357
S315000546F00208F2120301484C7725A900855D8DEB6A
S3150005470002855E8DED02A55BC9001010A90038E58E
S315000547105B3A3A8548A90038E548855BA55CCDE452
S31500054720023014A55C38EDE4023A3A8548A55C38B2
S31500054730E548CDE4021003ADE402855C4CFF25A9EE
S3150005474000855E8DED02855D8DEB02A55CC90010C9
S3150005475010A90038E55C3A3A8548A90038E5488548
S315000547605CA55BCDE4023014A55B38EDE4023A3A6C
S315000547708548A55B38E548CDE4021003ADE402851E
S315000547805B4CFF25A55D8901855DC564D039A9000A
S31500054790855DADEB0289018DEB02C554D029A900D3
S315000547A0855D8DEB02A90038EDE4023A8548A9003E
S315000547B038E5488548A55BC548300489FF8006A5C8
S315000547C05B10028901855BA55E8901855EC564D09E
S315000547D03BA900855EADED0289018DED02C554D07C
S315000547E02BA900855E8DED02A90038EDE4023A8518
S315000547F048A90038E5488548A55CC548300489FFC1
S315000548008006A55C10028901855C8000F2020C20F9
S3150005481014F20E0C010FF20E0C040AF20E0C200512
S31500054820F212030207A90085A84C3227F2020C04EE
S3150005483012AD040C30EFCDEC0230EAAD0B0CCD6EAB
S315000548400630E2AD090C38ED080C3007CD0304102F
S31500054850158005CD0404300EA583CD05043007ADBE
S315000548600B0CC59130BFAD090CCD0704300BAD0857
S315000548700CCD070430034C1826AD0104186D0E0443
S31500054880CD090C10A0AD020438ED16048548AD0718
S315000548900C38ED060C186D2204C54810D9AD020476
S315000548A0CD16043003AD1604186D0E04CD070C1095
S315000548B0C5A90185A8AD040C30BCCDEE0230B7AD57
S315000548C00B0CCD140310034C3227A97F38ED1204C7
S315000548D089018548AD090C38ED140C38E2130C082E
S315000548E005ED070C8003ED060CA448028CF3020ABD
S315000548F0E2F302800289018549A585AC1204028C82
S31500054900F3020AE2F302800289016449854938E522
S31500054910858DF302ADF302C900F0243012C90130CA
S315000549201EA5858901C9203002A92085858010C963
S31500054930FD100CA58589FFC9D01002A9D08585F281
S31500054940020C2014F20E0C010FF20E0C020AF20EE6
S315000549500C2005F21203012BA9008DEA024CFA2759
S31500054960AD020438ED1604186D31048548AD070C03
S3150005497038ED060CC5483008AD0B0CCD3204302C8D
S315000549804C4B27F2020C0812AD040CCD080410C8D6
S31500054990AD0B0CCD090410C88012AD040C10B9CDB1
S315000549A00A0410B4AD0B0CCD0B0410B4AD090C18EC
S315000549B06D7902CD070410A0AD090C38ED080C3051
S315000549C007CD200410928006186D2004308AAD02AA
S315000549D004186D0E04CD070C102AAD0104186D0ED2
S315000549E004CD090C101EAD020438ED16048548AD3C
S315000549F0070C38ED060C6D2F04C5483007A9018D47
S31500054A00EA0280034C4B27F20E0C2011F20E0C0223
S31500054A100CF20E0C0107AD7306C5823006D20813DB
S31500054A200C8004C208130CF20E0C0111F20E0C04D4
S31500054A300CF20E0C2007AD7306C5833006D208129C
S31500054A400C8004C208120CB8A90038E5858548A96A
S31500054A500038E58464488548F2120C0807A548180D
S31500054A6065838548F2130C0807A5481865828548AD
S31500054A70A54838ED1503700485A98004A95085A9B4
S31500054A80B8AD080C186D790270028002A97F8548B9
S31500054A90AD1C0338E5483002A9000AE2F0028001A0
S31500054AA00AE2020C2006C5903002A590C900300224
S31500054AB0A900855FAD070C38ED060CC582300EC919
S31500054AC0283002A92885828D76028D2C044F9A26D8
S31500054AD0AD2E0438E5841002A9008548AD1E04C92B
S31500054AE000F013AD0A0CCD1B04300EA90085828D8E
S31500054AF02C04D208130C4CFB28A9008D1E04A58294
S31500054B008D2C04A5848D2D04ADF40238E5831002A1
S31500054B10A9008548A584186DF8021002A900186534
S31500054B2048CD27043008AD27048D2604800BCDF526
S31500054B30021003ADF5028D2604E212030207AD0449
S31500054B400CC9081010AD2404CD2604100589018D65
S31500054B5024044C5C29AD2404C9011008A9008D2440
S31500054B60044C5C2989FF8D2404B8AD060C186D78B4
S31500054B700270028002A97F8548ADF90238E5483002
S31500054B8002A900E2F00280010A8563B8AD10033878
S31500054B90E583C9001002A900E2120340010A700468
S31500054BA085498004A9408549AD2E0438E58410025F
S31500054BB0A9008548B8AD110338E58238E548C9002E
S31500054BC01002A900E2120380010A700485488004D8
S31500054BD0A9408548AD7802CD79021003AD79028DDD
S31500054BE0F302B8A5A938EDF302701938E549701432
S31500054BF038E548700FCDE5023005ADE5028008CDF4
S31500054C0013031003AD13038548AD2E0438E5841050
S31500054C1002A9008549A582186549CD13041010A57A
S31500054C208218654938ED13040AC54810028548A55A
S31500054C30488DE402AD090C38ED080C89FC3051AD00
S31500054C40080C38ED010438ED3404C900300CCD29C3
S31500054C50043003AD290485488004A9008548AD2A9A
S31500054C600489018D2A04CD2B043060A9008D2A0400
S31500054C70AD2804C548F00E100789018D2804800566
S31500054C8089FF8D2804C9001002A9008D2804803BE0
S31500054C90AD2A0489018D2A04CD2B04302EA9008D59
S31500054CA02A04AD700689018D7006CD7106301CA9E2
S31500054CB0008D7006AD2804C900300B89FFC9003088
S31500054CC0058D28048005A9008D2804A900186D788E
S31500054CD00218655B38ED24048548A548186563CD3B
S31500054CE013031003AD1303E2F0020803AD78028D3A
S31500054CF0140CA900186D790218655C8548AD260463
S31500054D0038ED2404C9001002A9003A186D28048557
S31500054D1049CD29043005AD29048549B8A548186546
S31500054D205F700738E54970028003AD1303CD1303A1
S31500054D301003AD1303E2F0021003AD7902186D25D9
S31500054D40048D150CF2020C2020F20E0C011BF20E3E
S31500054D500C0416F20E0C2011A55BC9FA300BA5A89A
S31500054D60C900F00280064CD72B4CE92BA583C588D4
S31500054D70101CAD0B0CC9303005A2014CF62BC92011
S31500054D803004A202807DC910305AA2038075A5831E
S31500054D90C589101EAD0B0CC9203004A2028064AD76
S31500054DA00B0CC9183004A2038059C9103036A20469
S31500054DB08051A583C58A1016AD0B0CC9303004A2E7
S31500054DC0038040AD0B0CC920301AA2048035AD0B0B
S31500054DD00CC9303004A204802AAD0B0CC92030045E
S31500054DE0A205801FA55BC9FA300CAD0B0CCD1F04BF
S31500054DF03004A205801FD202120C802C10203040F0
S31500054E00506070AD0104186D15048548AD080CC5D4
S31500054E10481002A205AD120C290F1DEF2B8D120CA1
S31500054E20C202120CC201120CE2120C024CF2020C66
S31500054E301047F2020C2042F20E0C013DF20E0C2038
S31500054E4038F20E0C0233F21203022EA55CC9FA30B3
S31500054E5028B8AD080CE2120C0803AD090C186584D8
S31500054E60186D150C186D3004700FCD070C3007AD95
S31500054E70EA02C901F0064C522D4C9B2DAD2E043885
S31500054E80E5841002A9008548AD1E04C900F00BADE6
S31500054E90070C38ED060C85498004A5828549A54988
S31500054EA0186548CD6F061027AD040CC9B01005A2CC
S31500054EB0014CAB2DAD040CC9C01005A2024CAB2D9F
S31500054EC0AD040CC9F01005A2034CAB2D4C522DA513
S31500054ED049186548C58C1033AD040CC9B01005A238
S31500054EE0024CAB2DAD040CC9C01005A2034CAB2D6D
S31500054EF0AD040CC9D01005A2044CAB2DAD040CC9EC
S31500054F00F01005A2054CAB2D4C522DA54918654848
S31500054F10C58D1027AD040CC9B01005A2034CAB2DE9
S31500054F20AD040CC9C01005A2044CAB2DAD040CC9CB
S31500054F30F01005A2054CAB2D4C522DAD040CC9B095
S31500054F401004A2038072AD040CC9C01004A204802B
S31500054F5067AD040CC9F01004A205805C4C522DF215
S31500054F60020C0808E2020C043A4C9B2DE2020C04E2
S31500054F7032AD090C186D7902CD0704102BAD090C5D
S31500054F8038ED080CCD3C04101FAD0B0CCD3B0410C1
S31500054F9005A2044C1B2EAD0B0CCD3F04100AA20531
S31500054FA04C1B2EA2064C1B2ED202130C4C7F2E1028
S31500054FB020304050607080904CC42DAD0204186DB1
S31500054FC014048548AD060CC5481006A2068059800E
S31500054FD08EA9008548AD0B0CCD36043006A9028591
S31500054FE048800CAD0B0CCD37043004A9018548A9C2
S31500054FF0008549AD070C38ED060CCD38041006A919
S315000550000285498009CD3D041004A90185498A1800
S315000550106D3304186548186549C9001004A9008050
S3150005502006C9073002A907AA4F9A4EAD0A0CCD1B31
S3150005503004300A8AC9011041A2014C6C2EAD0A0C36
S31500055040CD1C04300A8AC902102FA2024C6C2EAD63
S315000550500A0CCD1D04300A8AC903101DA2034C6C27
S315000550602EAD0A0CC904300A8AC904100CA2044CD8
S315000550706C2E8AC9051002A205AD130C290F1DA2B7
S315000550802D8D130CC202130CC201130C604A4C750C
S315000550902B4CCB334AC2016B00A900C280060CC259
S315000550A004F10620EEEBADE40289030A09818DFEC3
S315000550B002ADE402291FA80AAABD7EEC8D0006BD35
S315000550C07FEC8D01069809E085228016290F099047
S315000550D08522290FAACABD6FEC2050108D00068CBB
S315000550E00106E744D208140CC2FF3704C2070A0CAE
S315000550F0B23065A9A08D7002A90F8D7102C2FE1C82
S3150005510000771E20803C6626328EC2081F0CF21BD5
S315000551100C80FBD220AB0220938BC2081F0CF21B1E
S315000551200C80FB20803C5816038CC2081F0CF21B12
S315000551300C80FBD280070CD220050CADBF062903D7
S315000551408DDE06E2C0060108ADBB068DE6028000CF
S31500055150A9008DB0028DE8028DAF028D8A028D9D64
S31500055160038DA203857D85508D8C06B208642001CA
S3150005517011203063B2F046B230650BC220050CC66D
S3150005518046D0F4D280060CADE60285654CCB10AD53
S31500055190BF0629038D160CADE40289148DBB0618CE
S315000551A06D160C890B8D170CA9F88D1A0CA9868D11
S315000551B01B0C6020ADDDEEE802E2C0060148ADE855
S315000551C002C901D008A90638EDDE068015ADE6024E
S315000551D038EDB002F0021004A900800CC9083002AF
S315000551E0A908AA8561200E4BA561186DB0028DB080
S315000551F002ADE802C906D00BA9008DE8028DB00202
S31500055200EEAF024C8C1660EEE802ADE802C901D09D
S3150005521008A90638EDDE068015ADE60238EDB002C2
S31500055220F0021004A9008006C9083002A9088561A4
S3150005523060A561186DB0028DB002ADE802C906D051
S3150005524008A9008DE8028DB00260AD700220655C8C
S315000552503BAFEC03EF6C034CBD1720803C8100008F
S31500055260873B20803C0E0001873B20803C080000E0
S3150005527085C2081F0CF21B0C80FBC240F006C2104B
S31500055280F10620EEEBD202D306209839B24226204B
S31500055290A539B24326D2206C0020E139B24426C294
S315000552A020AB0220938BC2081F0CF21B0C80FBA9B6
S315000552B0048D070CA9048D010CC280070CC2400998
S315000552C00CA900855E855F8560D2010A0CC2400A7D
S315000552D00CA9E08D7502A91F8D7602D201080CADC9
S315000552E00D048D160CAD0E048D170CA9008D1A0C28
S315000552F0A98C8D1B0CC2081F0CF21B0C80FBC2026D
S31500055300080CC2FF170CA9058D160CA9018D1A0CE0
S31500055310A9868D1B0CB245262079113B2005E990FF
S31500055320F7A9008DEA068DE4068DF306C20201048F
S31500055330C2040104A90060D240040CD202050C2067
S315000553405511D009A90085F685F720641160A908CD
S315000553508D010CA9008D070CD218060CD220040C61
S31500055360D2400A0CE20104041938ADC503E9108DD3
S31500055370170CADC2038D160CA9038D1A0CA98C8DBD
S315000553801B0C3BC202050CC260040CC204070CE6EA
S3150005539026B21046B210473B200EE87F49500F4F04
S315000553A005B210478006C647F0478003CF4F05B2C2
S315000553B0104680E3C646D0DF2033E0E626E2C00687
S315000553C00105F201040424B210463B7F4920200E54
S315000553D0E80F4F064F4F03B21146C64630163F4FEC
S315000553E0E9CF1907D2405200B24426A90060A9FFA9
S315000553F060A90160A90260D2040104B26126C24413
S31500055400070CC220FC02C204FD02A9808DA406D2A7
S3150005541001080CC25F0A0CC202080CE71DD2100E69
S315000554200CD208070C9F520ABF5207A90120EAE8C9
S315000554308038F28C060433ADDE061A186DC5068D66
S31500055440E602A9028D160CC2FF170CA9F88D1A0CD7
S31500055450A9868D1B0CC2081F0CF21B0C80FBA90329
S3150005546020EAE8D204F10620EEEBA9008548854935
S31500055470A9408D760220803C00000F8CA90538EDE9
S31500055480E7062907AAF006801632A9FF60A900A239
S31500055490063F520B223B2005E9B0EE32CAA5622231
S315000554A03B2005E9B0E332BF520366622ACAD0EF54
S315000554B07F4902493FC907F016C938D0193F490740
S315000554C0E6499F491F80C6A549498029808549BF68
S315000554D049BBE64980B7A549297FF0B12977F0ADE3
S315000554E0C64980A9D2405200A206DA3BFACAD0FACA
S315000554F0C202D306209839F28C060422ADDE068D4B
S31500055500160CA90C8D170CA9F88D1A0CA9868D1BDE
S315000555100CC2081F0CF21B0C80FBD220050CD28096
S31500055520070CE626A9008DB0028DE802C240090CDB
S31500055530671DF71AC21F0A0CD2020A0CC2400A0CD2
S31500055540A9808D7502A9109F5205BF5202A9408DEB
S31500055550760220803C40000F8ED240070C3BC220CD
S31500055560050C204911A661F014A5626A48203D5331
S31500055570686E60026E61026E6202CAD0EEAD750299
S31500055580D004D204070CAD7602C90CB033AD2104A4
S31500055590102E20D6E8AD160C2908F024A9CA8D1AB6
S315000555A00CA9988D1B0CC2081F0CF21B0C80FBADB9
S315000555B0160C8D1004AD170C8D1104A9008D210450
S315000555C0AD7502F0034C341BAD7602C92FF00FC939
S315000555D010F01EC90FF048C90CF0794C341BC21FD8
S315000555E00A0CD2010A0CD280060CD210F1064C1414
S315000555F01BA9648D1A0CA9808D1B0CC2081F0CF201
S315000556001B0C80FBAD160C8DC606AD170C8DC7069B
S31500055610C210F10620EEEBA98120EAE84C341BA95D
S31500055620098D1A0CA9998D1B0CC2081F0CF21B0CAF
S3150005563080FBAD160C8DC8069F520F0F250C38ED55
S31500055640DE0689F21002A9018004A522291F8DE430
S31500055650024C341BD280060C205E11ADBF06290311
S31500055660186DE40289048D160CC2FF170CA9F88D76
S315000556701A0CA9868D1B0CC2081F0CF21B0C80FB8D
S31500055680A90320EAE8D204F10620EEEB8020A90062
S315000556908D170CADBC068D160CA9658D1A0CA98443
S315000556A08D1B0CC2081F0CF21B0C80FB80DB204CEB
S315000556B0112005E9B0034CE31920803C10000F8C3E
S315000556C0E2AA06010720803C40000F8CC2081F0C89
S315000556D0F21B0C80FB20803C40000F8EE2AA0601DF
S315000556E00720803C80000F8EC2081F0CF21B0C8021
S315000556F0FBC2070A0CC2040104D220FC02E626A955
S315000557000060ADE402CD04069006AD04068DE40204
S31500055710AEC106ACC206ADC30622A219CA30140E26
S31500055720C1062EC2062EC30690F28ACDE402B00348
S315000557308DE402328EC1068CC2068DC306A200A078
S3150005574006ADEA064A9001E888D0F98EE806A00675
S31500055750ADCB064A9001E888D0F9BDF01B38EDDEE1
S3150005576006CDE402B0038DE402601717171713126E
S3150005577012100F0D0C0B0BE626E71DD2100E0CC2F0
S3150005578004FD02C202080CC204070CD240040CD266
S3150005579002050C3BC240040CC202050CAD71023A6F
S315000557A0892D8546B205473BC646D0FBA900855ED1
S315000557B0855F8560D240090CD204070CC210070C20
S315000557C0E206040804D210070CC21F0A0CD20B0A03
S315000557D00CC2400A0CA9F08D7502A93F8D7602C24E
S315000557E001010CA9358DE706E2C0060113C2FF17B4
S315000557F00CA9058D160CA9018D1A0CA9868D1B0CF5
S315000558002079113BC202050CC240040CC204060CE9
S31500055810AD7502D055AD7602E2C0060124C931D078
S315000558200948D202F10620D7EB68C903D00948D248
S3150005583080F10620D7EB68C939D00648C240090C65
S3150005584068C93AD00648C2180A0C68C92CD00AD2CB
S3150005585040060CD240040C8011AD7602C914D00A5C
S31500055860C2070A0CD2030A0C80002005E99091E2D2
S31500055870C006010EA9008DEA068DE4068DF3064CD9
S31500055880081DC2070A0CD2010A0CA93FA2F0E206BE
S31500055890042002A9F04C31E58D76028E7502E2C030
S315000558A0060104C202010420C6ECC240090CAD0182
S315000558B00C29C38D010CA9008DF3028549F2010C53
S315000558C0011420B211A5626A203D536E60026E6115
S315000558D0026E6202800320B2113BAD7502D038AD6F
S315000558E07602E201040417C91FD006D240060C80D1
S315000558F026C91DD02220803C40000F8E8019C92064
S31500055900D00920803C00010F8C802FC918D00AC20F
S31500055910070A0CD2010A0C8021C902D01DA9138DD4
S315000559201A0CA9808D1B0CC2081F0CF21B0C80FBE0
S31500055930AD160C85F6AD170C85F72005E9B0034CB9
S31500055940431D4CADE6C280060C4CE4E6A9068D0562
S315000559500420C6ECE626C204070CA90020EAE8D214
S3150005596004F106C202F10620EEEBD240090CD20183
S31500055970010CADB1068D160CA9638D1A0CA98E8D79
S315000559801B0CC2081F0CF21B0C80FBB20546A900B6
S3150005599085478553AABDB4224A4A4A4AAABDA422C6
S315000559A089018D1206A9008D10068547AD942285BD
S315000559B048AD1006F0102907D00CAD10064A4A4A24
S315000559C0AABD94228548ADB60666489005A653BD80
S315000559D0B4228D000C3B20FDEC90034C4E6DEE1071
S315000559E006AE1006E07E900AA9008D1006AD94223B
S315000559F08548C64610BBB20546E647A647EC1206DD
S31500055A0090AFB20047E653A553C977B0034C1A1EAB
S31500055A10D202080CC240090CB2492660A9028D16AD
S31500055A200CC2FF170CA9F88D1A0CA9868D1B0CC282
S31500055A30081F0CF21B0C80FBA9658D1A0CA98A8D13
S31500055A401B0CC2081F0CF21B0C80FBAD160C8DCB74
S31500055A5006A9618D1A0CA98A8D1B0CC2081F0CF2AA
S31500055A601B0C80FBAD160C8DEA06EF6C0DC240F1E2
S31500055A7006AD170C0DF1068DF1064C57E8C2400927
S31500055A800CD240070CA9008D7502A9500F6B02A90F
S31500055A90704C2DE9E6264C38EAF2010C010B20B2D2
S31500055AA0114C791120EBEA800320B211E2C0060100
S31500055AB017ADB6060F6B0908A56C29804DB60628E5
S31500055AC0900249808D000C604CCEEAA9008D230416
S31500055AD08D2B04F22E040103EE4C02A9008D24043D
S31500055AE0AE2404E008B037E88E2404AC2D04E22E7B
S31500055AF004010CB9403FC848B9403FAA688012F76F
S31500055B004EAD4D0299403FC848AD4E0299403FAA59
S31500055B1068C88C2D041820E172EE4C0280C2AD2BAC
S31500055B2004AC2304EE2304192504293F8D2B04C94F
S31500055B303FD0A860D210120CE203010105A9028D1F
S31500055B40110C20DF21E210010217E211018012E794
S31500055B5045D2012700ADE5022062138DE7022065D7
S31500055B6013A9FFA2FF3820E872E21001020820906F
S31500055B7012ADE4028030A2FFADBF064A4A290FE8FE
S31500055B804AD0FCADBF0629034903CA3004890680FD
S31500055B90F989014889088DE602ADBF062903186D06
S31500055BA0E6028DC506680A0AE210010202090248E4
S31500055BB0ADBF0629036A6A6A6AE28C060102091004
S31500055BC0E2110180020980AA68202721AD12012968
S31500055BD0FE8D0402E2F106400209014829C0AD1313
S31500055BE001293F8D05028D1301ADBF0629C00D1391
S31500055BF001AA68202721ADC906AECA06202721AD10
S31500055C00B906AEBA06202721205AEBADB706AEB8BF
S31500055C1006202721A9208D1204A005A205BD25046D
S31500055C202D1204D003CA10F58A99130488AD1204FF
S31500055C304A8D1204D0E5AD14040A0A0A0A0D1304A6
S31500055C40297748AD16040A0A0A0A0D15042977AA02
S31500055C5068202721AD18040A0A0A0A0D17042977B0
S31500055C60A200E2BE060802A20120272120511FE25A
S31500055C70BE060818A9CA8D4C02A918854EAD100492
S31500055C808D4D02AD11048D4E0220511FD2012E04F9
S31500055C90AD6104AE60041820E87220D512EE8603C5
S31500055CA060184CE172C201030120DF21A9FFA2FFA2
S31500055CB03820E872A000EF525AF2800304526F6C46
S31500055CC01EA000EF524DF280030445B92C23BE2DCC
S31500055CD02318C8C85A20E1727AC01890E68020C0F9
S31500055CE02C900AC034B006ADB606AA8006B9802245
S31500055CF0BE812218C8C85A20E1727AC0AC90B7ADE9
S31500055D006104AE60041820E87220D512C745809953
S31500055D10A9FF60A90060AD750329038548AD740325
S31500055D200A26480A2648A5488DE502D004D2020E61
S31500055D3001AD77038D0902AD76038D0802ADE50247
S31500055D402015ED8DE502A201201B12C2FFA406AEA9
S31500055D50F302F003201B126060A9088DF102B20060
S31500055D604C8D6204A902853460A5E00AAAAD090135
S31500055D70F001E8BD42228D4D02AEE302A000AD0959
S31500055D80014D11022901F00CBC4E22AD0901D004CA
S31500055D90D204AC028C4E02A95D8D4C02A98E854EAD
S31500055DA02094906F6C28E2BE068023C2FF150CC2B4
S31500055DB0FB140CD288150CD2E0140C60000102000D
S31500055DC00200020003020303040505050600CF19B8
S31500055DD008F2010401034C9999D208130C5F441982
S31500055DE0C2FF150CC2FB140CD208140CD280150C7C
S31500055DF0D2E0140CA9018D9F026077007B7D9999ED
S31500055E009669699669666699699666969606009094
S31500055E1048242925C0FFFFFFFFFFFFFFFF3F16169A
S31500055E20161616160E0800000000000000000102F6
S31500055E30030405060708090A0B0C0D0E0F101112AF
S31500055E40131415161718191A1B1C1D1E1F2021229F
S31500055E50232425262728292A2B2C2D2E2F3031328F
S31500055E60333435363738393A3B3C3D3E3F4041427F
S31500055E70434445464748494A4B4C4D4E4F5051526F
S31500055E80535455565758595A5B5C5D5E5F6061625F
S31500055E90636465666768696A6B6C6D6E6F7071724F
S31500055EA073747576000000000000010001001616E7
S31500055EB0161616160E0800000000000000001F1832
S31500055EC004C2208006203D11C903D00AE2800620BF
S31500055ED00520D11080F2C904D0034C66234CED5E33
S31500055EE0D71EB752C280060CD202080C20C75B9794
S31500055EF043CF520A20C6F02020F18744A74420EE5E
S31500055F0011E20E01020D2725A9C08522A996852431
S31500055F104CB811C9D6F008C9D7F004C9D8D010A90C
S31500055F20008D8C0697182725A91185244CBE118549
S31500055F3024090030142725E2C006010AE28C060171
S31500055F4005206A1180B84CBE11C996D0034CB8110C
S31500055F50D7450B0B0B0B4CC711B28027BA8EF50232
S31500055F60AD130C29184C076D57AD0324C949D00547
S31500055F70A9008D0324E22200C005A94A8D1315A99F
S31500055F80F08D7F04C201120CC240150CA92C2050BD
S31500055F90108C15028D14027F25034C90D87F2A2577
S31500055FA0AD400129800DB302094085178F9D05B2C5
S31500055FB0003B800EB2603BCF0808ADA00629C08D18
S31500055FC07D044CD8FFA2AF9AA5ED8D170CA5EC095B
S31500055FD0015FE82E090248ADD20329BF09008DD21B
S31500055FE003ADD30329FF09608DD303ADD40329FF80
S31500055FF009008DD403ADD50329F709A08DD503680E
S31500056000800229FD8D160CA9238D1A0CA9948D1BCA
S315000560100CC2081F0CF21B0C80FB2053DBC280ACA4
S315000560200220938BC2081F0CF21B0C80FB20803CC0
S315000560300700FC86C2081F0CF21B0C80FB57B53FF8
S315000560409F061F9F09AF2106C204C1038004D2041F
S31500056050C103E23904020CA52229F0C970F00AC968
S31500056060C0F006C20100048004D2010004073917F6
S3150005607039D202130CD2200E0CAD000C67517751A4
S31500056080204D1020BBDCC2101D0CC20C0F0CC2012A
S31500056090050CC2010104F2A3060104C201C006C231
S315000560A00C1C0CF21C0C0CF7C208130C8F6B04C2EB
S315000560B0100E0CC201FD02ADCE0329FF09008DCEDF
S315000560C003ADCF0329EF09F08DCF03ADD60329FF25
S315000560D009008DD603ADD70329EF09F08DD703AD9A
S315000560E0CC0329FF09008DCC03ADCD0329EF09A00B
S315000560F08DCD03E2A0060814ADCC0329FF09008D5A
S31500056100CC03ADCD0329EF09B08DCD03ADCA032967
S31500056110FF09008DCA03ADCB0329F909608DCB03B1
S31500056120E2080604034C7E32ADCA0329EF09008D49
S31500056130CA03ADCB0329FF09608DCB03ADCA03297D
S31500056140BF09008DCA03ADCB0329FF09608DCB03BB
S31500056150ADCC0329FF09008DCC03ADCD0329F70985
S31500056160A08DCD03ADCC03293F09008DCC03ADCD64
S315000561700329FF09A08DCD03E20604103CADCC032F
S31500056180293F09C08DCC03ADCD0329FF09A08DCDCF
S3150005619003ADCA0329BF09408DCA03ADCB0329FF49
S315000561A009608DCB03ADCC0329FF09008DCC03AD6A
S315000561B0CD0329F709A88DCD03A9008DE6028DE744
S315000561C0028DFC028DFD02C2FF37040767A92C204C
S315000561D050108C15028D14024FD40547D420E3DCEC
S315000561E027B537B5A9188D5F028F6B18A905204A03
S315000561F05C2048DD20803C4F00178CC2081F0CF23E
S315000562001B0C80FB20803C0100568EC2081F0CF239
S315000562101B0C80FBADDA038D160CADDB038D170C5D
S31500056220A9488D1A0CA98C8D1B0CC2081F0CF21BD4
S315000562300C80FBA9008D160C8D170C8DAB028910F1
S315000562402DAC028DAC02A9248D1A0CA9948D1B0CBC
S31500056250C2081F0CF21B0C80FBA9008DD2068DD33C
S3150005626006208EE2C2081F0CF21B0C80FB5751ADAF
S31500056270C80329FC09008DC803ADC90329FF0920F8
S315000562808DC903A522C5D5F05A7F8903B2012FAF63
S3150005629042030F4208A9008D02028D0302A5D5C946
S315000562A0ACD037A9DD8D5102A9438DDF01A93F8DFC
S315000562B0DE0127D420BA45C2201C0C0B0B2062D95F
S315000562C00B0BD715ADD40329F709088DD403ADD526
S315000562D00329FF09A08DD5038009A522C9ACD003E2
S315000562E020BA454C4843C900D019B2082FA5EC8DF4
S315000562F0160CA5ED0980A9238D1A0CA9948D1B0CE6
S315000563004CFFD84C22D920D1334C2E3078270AA9F8
S31500056310F28D7F04AD2D30C957F007A95720143FDC
S3150005632080F2A9F08D7F0458608F6F034C74347822
S31500056330A9718D170CA9C08D160CA9B48D1A0CA9B7
S31500056340948D1B0CC2081F0CF21B0C80FB679D204D
S3150005635091DCB2008AA2FD8646A2068647A200F215
S31500056360010704FBAD000E48068A658A858A682002
S315000563700A11F2010704FBAD010E48068A658A85F6
S315000563808A68200A11C646D0D6C646C647D0D0A2C8
S3150005639008A58A200A11E79D2091DC20803CFFFF95
S315000563A0B494C2016F00E2010702FB0F30F85820D2
S315000563B0D914E239040103202B11201A3C78204A0E
S315000563C01078A70AADE7068901AA290FC906900A1A
S315000563D08A890AAAC9409002A2008EE7064C83D58F
S315000563E0EA414947464544434842404A4B4D5105D3
S315000563F01013150324131513151315131513151358
S3150005640015131513151315131551151315FF4149B5
S3150005641047464544434842404A4B4D512000404873
S31500056420A9F28D7F04200335688D7F046020004026
S3150005643048A9F28D7F04203E35688D7F0460867FEE
S31500056440A57F0AAABDB4348585BDB5348586A185E3
S31500056450A67FDDA534F01BBDD234852420FF45B7C4
S3150005646087A52B4820CD5020FD5020E73C68852B7D
S3150005647080CE4F87034C423560378727874787A5E8
S3150005648024C94FD00320C33CA524C95FD00320D51A
S315000564903CCF87E92F8714E79D2091DC20803CFFC0
S315000564A0FFB494F21B0C80FB20A33CC21C87006042
S315000564B020E55620ADDD20681020ADDDADDF026A92
S315000564C066BF6A66BF207D1020CADF205C1020AD3E
S315000564D0DD1B7F422D5FB31D7F220BADE902C9028D
S315000564E0300D57B3800FADE902C901D00857B3D2B5
S315000564F008120C8004C208120C5F4506205EE04CAB
S31500056500DD579F447B5BD0062054E04C53361F4233
S3150005651003DF457ABF44770F6B11A522C9A0D00BBF
S31500056520D2801D0CE21D0C80F78050A522C9AAD089
S3150005653005F205030845EFA9554F011B8F181820CD
S31500056540A05A1F1906D262A9008043205EE03F19B2
S315000565503D6F193A4CDD577F7918CE5602AD560276
S31500056560C9FFD02ACE57021025B2027877799779D6
S31500056570801C9F7919A578C902D01320A05A800ED0
S315000565808F42D1AF42CE9F7905CE5802F0C69F18ED
S31500056590317F4215FF2215F2A70204500F2A0DDF9F
S315000565A01329F2A702083180035F1403AF250FBF35
S315000565B0173AAF440DCF440D6F17314C9D14A550B6
S315000565C0D0ED4CB657EF17244CA014AD8A02D0DC9B
S315000565D0D201A702C280A702D204A70220F513A5FD
S315000565E022290F8DE502205EF620B2F64C7835AEEF
S315000565F0E502E00FD0034C78564C7056209B10E709
S3150005660051F731A70C1B2033E05BD031A522C9A079
S31500056610D01A3FB50487198024BF2E10D280130CDB
S31500056620A52020B910C280130C5BD01107B517B58C
S31500056630B741E20D010804C2100E0180C83741605A
S31500056640F2020701074F3013A5201860E202078002
S315000566500AAD02078584AD000780EF38604F141335
S31500056660200537B00B8D9003200537B0034C976096
S315000566704CA4604CD860D2209506A9028D120C2038
S31500056680923C0100488E2BA9818D130CD2081D0C56
S31500056690E21D0C08F71B4C3661D220950620C21068
S315000566A0A9028D120C20923C0100488E2BA9818DE2
S315000566B0130CD2081D0CE21D0C08F71B209E104C6E
S315000566C0FA61A522C9AAD007C201080C4C7E494C1D
S315000566D04949F20B0C0812BF1405AD3704F006C282
S315000566E004070C8004D204070CF201040122F2000F
S315000566F004011AFF421AEF4217DF4214CF4211BFB7
S31500056700421D9F421A8F420BAF420880034CEF1081
S315000567104CE24AA522C9A8F006DF18034C88144C9A
S31500056720E737A66166629F42083F420820E3B480C8
S315000567300320ECAD6663C664D013A563482FB50385
S315000567402019036820175C20F810B20864CAD0D453
S3150005675060A56629708566AD26028D2202AD2702E3
S315000567608D23021739773A673DE700EF67068F6B8A
S31500056770064CC74D4CCA4D4CD54DF2EB0380016016
S31500056780CEF003D00DADEA038DF003D201EB034C39
S315000567900E39E2EB0301034C0E39F2EB0302034C0F
S315000567A0C759C202EB03E23E0410034C5658E2EB0E
S315000567B00310034CD938F2EB0304034CA75820C841
S315000567C059D007CEF10330468012F2EB030806C90D
S315000567D001D03B8004C902D035EEF103EEF203ADDC
S315000567E0F203CDED0310034C0539ADF103CDEE03F0
S315000567F01002801AD210EB0320C859C901D00CD259
S315000568000108060F6B05B2222680064C08594C0D69
S31500056810594C1F59EEF203ADF203CDEF03B0EFF27B
S31500056820EB03041F20E259F01D8DEC03A9008DF141
S3150005683003D204EB030F6B05F208060103B2E0264B
S315000568404CC7594C4C594C7859F21B0C80F2AD3A51
S31500056850040A89828D1A0CA2808E1B0CD202EB03C8
S31500056860C201EB03A522C9A0D0D6C2081F0CF21B94
S315000568700C80FB4C5F38F23904010160A9008DF0EC
S31500056880038DF1038DF2038526C2010806A9078D3E
S31500056890FC03A9808DEB03C2100B0CA980A622E090
S315000568A0AAD00409408029E081D00DA218F29506E8
S315000568B0201B0910A21B8015E0ACD014A248F29546
S315000568C006200AF29206800209104C745A4C765A32
S315000568D04C795A208EE2C2081F0CF21B0C80FB6015
S315000568E0C2100E0CC2405200D218060CA9788D0AA9
S315000568F00CD222040C0B0BC222040CA90A8DF3023E
S315000569000BE648D005E6497F49105BF0EE4F4FEBA5
S315000569100F4FE8CEF30210E818603860D240060C37
S31500056920D202080CC25F0A0CA9008D010CC28007B1
S315000569300CC240090CA92A854820803C0080A88CF9
S31500056940C2081F0CF21B0C80FBD280F006C202F1B6
S315000569500620EEEBADB6065F6C0289108DF3028D4F
S31500056960000C0BC648D0EDA9A88D1A0CA9808D1B65
S315000569700CC2081F0CF21B0C80FBAD160C1002890D
S3150005698006AABD5F3B8548A548F00BC648ADF30290
S315000569908D000C0B80F1D240090CD2100E0CB210F2
S315000569A04820F23A20803C0080A88CC2081F0CF2D1
S315000569B01B0C80FBD280F00620EEEBB20E4820F2CF
S315000569C03AA9A88D1A0CA9808D1B0CC2081F0CF2BA
S315000569D01B0C80FBAD160C10028906AABD5F3B8514
S315000569E048A548F00BC648ADF3028D000C0B80F1A7
S315000569F0B20C4820F23AA9018D010CC2806C00B296
S31500056A00004920163BC280F006E20F0C8006E649D7
S31500056A10F01A8003B2004920163BA548292DC90561
S31500056A20F0E0C928F05BC900F04E80D660ADF302F0
S31500056A308D000C0BADF30229808D000C0BADF30216
S31500056A408D000C0BADF30249808DF302C648D0DDEF
S31500056A5060ADF3028D000C0BAD000C0A2648A900AB
S31500056A608D000C0BAD000C0A2648ADF3028D000C0B
S31500056A700BAD000C0A264860D2806C00B20F498027
S31500056A8003B20E4920163BC649D0F9B21A26A935D6
S31500056A908DE706D2405200A90060050403020106EF
S31500056AA0A5EC8D160CA5ED8D170CA9238D1A0CA931
S31500056AB0948D1B0C6020653BC2081F0CF21B0C80D5
S31500056AC0FB60AD390285DAAD3A0285DBAEE302E05D
S31500056AD0069002A2044CC789B22042203111C20297
S31500056AE0060CAD0B0C298009608F41070961A20CC4
S31500056AF08E010C8D0B0CA9008DAB0289302DAC02D5
S31500056B008DAC0220938BC2081F0CF21B0C80FBC2B6
S31500056B10080E0CF20E0C08F7D2041D0CE21D0C042F
S31500056B20F70B20011120671409808DFE0284612070
S31500056B304C9D20803C507E068CC2081F0CF21B0C17
S31500056B4080FB20803CF802068EC2081F0CF21B0C47
S31500056B5080FB4CD09CE2BE064044A6D9A522C9AA14
S31500056B60D006E00BD038801429F0C9C09030E00972
S31500056B70D02CEE4B06AD4B062907D022AD3602309A
S31500056B801DCE4906D018CE4A06D013CE3602100EB3
S31500056B90A52B29F0090F852BB2AF224C17106022C1
S31500056BA0E25004803220004048A9F28D7F0420D8A7
S31500056BB046688D7F04AD14028D5104AD15028D53C3
S31500056BC004203C20B21086B29385A93B8185B294F8
S31500056BD085A9DE8185324077393240A9FF8D360297
S31500056BE0A9128DFA06A9078D6A06A9038D6B06A952
S31500056BF05C8D9906A9508D9A06C204A503A9FF8541
S31500056C00E9A9FF8DD4068DD5068DD606E2A0060820
S31500056C1014A9F88D8106A9F48D8206A9F08D83063F
S31500056C20A9EC8D8406A92D8585A9308586A90081BF
S31500056C3085A9138585A9158586A9008185A9038555
S31500056C4085A9248586A9008185A9F08585A92D852F
S31500056C5086A9008185D71560585EA7DD3D5CC7DA34
S31500056C604F58D3D55651D9CB5B43DDB45D03DD34DF
S31500056C705DC3DB4B59D1D75553D8D05A47DCBE5DDA
S31500056C8028DE245DBCDC475ACFD85355D6D2594C9D
S31500056C90DBC35D35DD8D5DB2DD425BCBD95157D5A5
S31500056CA0D45850DAC85C3FDDAA5DA2DD3B5CC6DB85
S31500056CB04E58D3D55652D9CC5B44DDB75D13DD317D
S31500056CC05DC1DC4A5AD1D75454D7D05A49DCC05D88
S31500056CD02DDD1F5DBADC455BCED85256D6D2594D51
S31500056CE0DBC55C38DD985DB0DD415CC9DA5057D44B
S31500056CF0D45750DAC95C40DDAF5D9ADD395CC5DB3A
S31500056D004D59D2D65652D8CE5B45DCB95D1DDD2E22
S31500056D105DC0DC495AD0D75454D7D15A4ADCC15D37
S31500056D2031DD155DB7DC445BCDD95256D5D3584E0A
S31500056D30DBC65C3ADDA15DACDD405CC8DA5057D4F4
S31500056D40D45751D9CA5B42DDB25D90DD365DC4DBF1
S31500056D504C59D2D65553D8CF5A46DCBC5D23DD29CE
S31500056D605DBFDC485AD0D85355D7D1594BDBC25DE8
S31500056D7033DD085DB5DD435BCCD95156D5D3584FC8
S31500056D80DAC75C3DDDA656A2D63655C2D44852CDE5
S31500056D90D0514BD3C5543DD6B05602D62F56BDD489
S31500056DA04453CAD1504DD2C85442D5B75623D620DE
S31500056DB056B5D54154C7D24D50D1CB5345D4BE5502
S31500056DC031D68956ADD63C55C4D34A51CFCE524855
S31500056DD0D4C25538D6A5569DD63555C1D44752CDBC
S31500056DE0D0514BD3C5543FD5B15610D62B56BBD52E
S31500056DF04453CAD14F4ED2C95343D5B95627D6198E
S31500056E0056B4D54054C6D24C50D0CC5246D4C055B3
S31500056E1032D69456A9D63A55C3D34951CFCE514900
S31500056E20D3C3553AD6A85696D63355C0D44652CC72
S31500056E30D0504CD2C65440D5B35618D62756B9D5D8
S31500056E404353C9D14E4FD1C95343D5BA562AD61243
S31500056E5056B2D53F54C6D34B50D0CC5247D4C05565
S31500056E6034D69B56A6D63855C2D34852CECF514AAC
S31500056E70D3C4553BD6AC568DD63155BED44553CB2A
S31500056E80D1504DD2C75441D5B5561FD62456B7D580
S31500056E904254C8D24E4FD1CA5344D5BC562ED606F7
S31500056EA056B0D53D54C5D34B51D0CD5247D4C15517
S31500056EB036D6A1509CCF304EBACC414AC5C74843B9
S31500056EC0CBBE4D35CFA85002D0274FB5CE3E4BC3CE
S31500056ED0C84745CAC14C3ACEB14F1DD0194FB0CEA1
S31500056EE0394DC1CA4547C8C34B3FCDB64F29D08793
S31500056EF050A6CF344EBDCB4349C6C54A41CCBB4E41
S31500056F0031CFA05097D02F4EB8CD404AC4C748437D
S31500056F10CBBF4D36CFAA500CD0244FB3CE3D4CC275
S31500056F20C94645C9C24C3BCEB24F21D01450ADCF50
S31500056F30384DC0CA4447C8C44B40CDB74F2BD09037
S31500056F4050A3CF334EBCCC4249C6C64942CCBC4EF3
S31500056F5033CFA25092D02C4FB7CD404BC4C847442F
S31500056F60CBC04D37CFAD5013D0224FB2CE3B4CC21E
S31500056F70C94646C9C24C3CCEB34F24D00F50ABCF01
S31500056F80374DC0CB4448C7C44A40CDB84F2ED096DE
S31500056F9050A0CF324EBBCC4149C5C64942CCBD4EA9
S31500056FA034CFA55089D0294FB6CD3F4BC3C84744EA
S31500056FB0CAC04D39CEAF5018D01F4FB1CE3A4CC1CD
S31500056FC0CA4546C9C34B3DCEB44F26D00450A8CFBB
S31500056FD0354DBECB4348C7C54A41CCB94E30CF9B8C
S31500056FE04796C62846B3C43942BEC0413CC3B645DA
S31500056FF02FC6A24701C72146AFC53543BBC1403E93
S31500057000C2B94433C6A94617C71446A8C63244B8FA
S31500057010C33E40C1BC4336C5B04623C78547A0C657
S315000570202E45B5C43B42C0BF4239C4B3452AC699AD
S315000570304792C62746B2C43843BEC0413CC3B7458E
S3150005704030C6A44709C71F46ADC53544BBC2403F38
S31500057050C2BA4434C5AB461BC71146A6C63145B8A8
S31500057060C33D41C1BD4337C5B14624C78C479EC6FE
S315000570702C45B4C43A42C0C0423AC4B4452CC69D58
S31500057080478EC62546B1C53743BDC1413DC3B74544
S3150005709031C6A54610C71C46ABC53444BAC23F40E7
S315000570A0C2BA4434C5AC461EC70A47A4C63045B75E
S315000570B0C33D41C1BD4338C4B14626C692479AC6AB
S315000570C02A45B3C43942BFC0423BC4B5452DC6A007
S315000570D04787C72346B0C53643BCC1403EC3B844FF
S315000570E032C6A74613C71846A9C53344B9C23F4099
S315000570F0C1BB4335C5AE4621C70347A2C63045B613
S31500057100C33C41C0BE4239C4B24628C69559DD23A3
S315000571105DBBDC465ACED75354D6D1594ADBC25C41
S3150005712032DD815DB2DC425BCAD95156D4D3574FA5
S31500057130DAC65B3CDDA45DA0DD3A5CC6DA4E58D204
S31500057140D55651D8CB5B42DCB35D06DD305CC1DB81
S315000571504A59D0D65453D7CF5A47DBBD5D26DD1CD9
S315000571605DB9DC455ACDD85255D6D1584BDAC35CF4
S3150005717035DD8B5DAFDC405BC9D95056D4D357504E
S31500057180D9C85B3EDCA95D97DD385CC4DA4D58D2BB
S31500057190D55552D8CC5A44DCB65D10DD2C5CC0DB27
S315000571A04859D0D75453D7D05948DBBF5C2BDD128D
S315000571B05DB6DC445ACCD85255D5D2584DDAC45CA6
S315000571C037DD955DAADC3F5BC8D95057D3D45750F8
S315000571D0D9C95B40DCAE5D8DDD355CC3DA4C58D173
S315000571E0D55552D8CD5A45DCB85D1ADD285DBEDBCE
S315000571F04759CFD75354D6D05949DBC15C30DD0842
S315000572005DB4DC435BCBD85156D5D2584EDAC55C56
S3150005721039DD9E5DA5DD3C5BC7DA4F57D3D45651A4
S31500057220D9CA5B41DCB15D83DD335CC2DB4B59D129
S31500057230D65453D7CE5A46DCBB5D21D61C55B4D59C
S315000572404053C7D14C4FD0CA5244D4BB552CD681D6
S3150005725056ABD53B54C3D24950CFCC5147D3C15475
S3150005726035D59E5699D53355C0D34652CCCF504ABF
S31500057270D2C4543CD5AD5604D62955BAD44353C9C0
S31500057280D14E4DD1C75341D4B65521D61555B3D593
S315000572904053C6D24C4FD0CA5244D4BD552FD5887B
S315000572A056A7D53954C3D34951CECD5148D3C25427
S315000572B037D5A35691D53255BFD34552CBD0504B72
S315000572C0D2C5543ED5B0550CD62555B8D44253C86B
S315000572D0D14E4DD1C85342D4B75524D60E55B1D546
S315000572E03E54C5D24B50D0CB5245D4BE5531D58F21
S315000572F056A3D53754C2D34851CDCE5148D3C254DF
S3150005730038D5A6568AD53055BDD44552CAD0504B28
S31500057310D2C6533FD5B25513D62255B6D44153C717
S31500057320D14D4ED1C95343D4B95528D60656AED5F7
S315000573303C54C4D24A50CFCC5246D3C05533D597C8
S3150005734056A0D53554C1D34751CDCE5049D2C35495
S315000573503AD5AA5683D62D55BBD44452CAD04F4CDE
S31500057360D1C65340D5B4551ACF144EADCD384BC002
S31500057370C94446C7C24A3CCCB34E23CF804FA3CEA1
S31500057380334CBCCA4247C6C44940CBB84D2ECE95F0
S315000573904F91CE2C4DB7CC4049C4C64742CABD4CC9
S315000573A034CEA54F03CF224EB2CD3B4AC2C8454483
S315000573B0C9C04B38CDAF4E18CF0F4FABCD364CBFEE
S315000573C0C94346C7C24A3DCCB44E26CF864FA0CE4A
S315000573D0314DBBCB4148C5C44841CBB94D30CE9A9A
S315000573E04F8CCF294EB6CC3F49C3C64743CABE4C80
S315000573F035CEA74F08CF1E4EB1CD3A4BC1C8454530
S31500057400C8C14B3ACDB04E1DCF0A4FA8CE354CBE9E
S31500057410CA4347C6C3493ECCB54E29CF8B4F9CCEF2
S31500057420304DB9CB4148C5C54841CBBA4D31CEA043
S315000574304F87CF274EB5CC3D4AC3C74643C9BF4C38
S3150005744036CEAA4F0DCF194EB0CD394BC0C84445DF
S31500057450C8C14B3BCDB24E21CF044FA5CE344CBD52
S31500057460CA4247C6C3493FCCB74D2BCE904F97CEA0
S315000574702E4DB8CB4049C4C54842CABB4D32CEA2F3
S315000574804F82CF244EB3CC3C4AC2C74644C9C04BF3
S3150005749037CDAC4E13C60E45A4C53143B7C13C3FE7
S315000574A0C0BA4234C4AB451CC680469BC52B44B303
S315000574B0C23940BFBC4137C3B14525C58F468CC5CA
S315000574C02445B0C33642BCBF403AC2B4442CC59E1F
S315000574D04602C61945AAC43343B9C13E3DC1B743A1
S315000574E031C4A64511C60A45A3C53043B6C23C3FBD
S315000574F0C0BA4234C4AD451FC6844697C52944B3B0
S31500057500C33941BEBD4138C3B24427C5934689C573
S315000575102245AFC43542BBC0403BC2B5442EC5A0CB
S315000575204506C61545A8C43243B8C13E3DC1B84354
S3150005753032C4A84514C60745A1C52E44B5C23B406D
S31500057540C0BB4235C4AF4521C5884694C52744B25C
S31500057550C33841BDBE4138C3B24428C5964685C623
S315000575602045ADC43542BAC0403BC2B6432FC5A27D
S315000575704509C61245A6C43143B7C13D3EC1B94307
S3150005758033C4A94518C603469EC52C44B4C23A4021
S31500057590BFBC4236C3B04523C58B4690C52544B10D
S315000575A0C33741BDBE4039C2B3442AC59A4681C6D2
S315000575B01D45ACC43442BAC03F3CC1B64330C5A430
S315000575C0450DFFDBAB8D160CAB8D170CAB8D1A0C71
S315000575D0AB8D1B0C03DBAB8D4D02AB8D4E02AB8D1C
S315000575E04C02AB854E036FD61CA20522A940A06EA0
S315000575F08D55048C570432A527C9FFD008E25404DB
S3150005760080F5CAD0E660A52B4820CD50202651D05E
S315000576100320E73C68852B60A52B4820CD50202606
S3150005762051D003202F3D68852B609F8742AD020709
S31500057630852B7F2B13AD00078126068A658A858AE9
S31500057640E626D0E9E62780E5BF87038F2F1CA5240C
S31500057650C95EF012A524D0D5A58A8526B2FF2720B6
S31500057660A33C2053DB60209B5060B2002480E94C8C
S31500057670874FA527290F852706262627A9B0C100E6
S3150005768089FFD0FAA9808D1B0CF21B0C80FBA52760
S3150005769009608D170CA5268D160CA9B48D1A0CA993
S315000576A0948D1B0CC2081F0CF21B0C80FBA7876769
S315000576B09D2091DC4CED4FA9448D5004A9D98D53DD
S315000576C004A9F88D51047857EBE2BE062011AD13D7
S315000576D015C951F002D7EB20E03D20623E801AAD78
S315000576E01315C94AF002D7EB0F6B0820023E20841A
S315000576F03E800620023E20893EE7EBE2500480FBF1
S3150005770058A92C2050108C15028C53048D14028D0B
S315000577105104A9408D5004E2BE0620041BEFEBFC84
S315000577204C14155FEB15A94720143F201515A955CF
S3150005773020143FA95D20143F20243EA95120143F63
S31500057740A9504C143F5FEB1AA95220143F2015157A
S31500057750A94920143FA94420143FA94320143F20DA
S31500057760243EA94A4C143FA93B8D9310A9DE8D945E
S3150005777010608D170CA9D08D160CA9908D1A0CA921
S31500057780948D1B0CC2081F0CF21B0C80FBA9B0C103
S315000577900089FFD0FAA95A20E53E60A95C20E53E9E
S315000577A0A94D4CE53E6F6C05A982202F3EDFEB0403
S315000577B0A95B807420A13EA95B20E53EA94620E58C
S315000577C03EA94520E53E60A902202F3EDFEB060FC8
S315000577D06BCE4C583E20A13E20583EA94C20E53E96
S315000577E0A9488044F21B0C80FBA5EC8D160CA5ED73
S315000577F009808D170CA9238D1A0CA9948D1B0CC213
S31500057800081F0CF21B0C80FB6078270AA9F28D7FF6
S3150005781004200D3E20A13EA95C20E53E20983EA908
S31500057820F08D7F04584C1715852420FF45B787A58D
S315000578302B4820CD5020FD50202F3D68852BE79DF8
S315000578402091DC20803CFFFFB494F21B0C80FB20CA
S31500057850A33CC21C870060852420FF45B787A52B5E
S315000578604820CD506FD605A9008D020720FD506F23
S31500057870D607A9018D0207F73120E73C68852B60FD
S315000578804C743D4971411900EA0000474645444399
S31500057890000000000000004C03404CE3314C42431D
S315000578A04C4C434C21324C8D324CC5324CC2314C7A
S315000578B023D94C24D94C4B484CA2D94CA2D94CA31C
S315000578C0D94C48DA4C9FDA4CDB4C4C60334C71335F
S315000578D04CF1DC4CC8DD4CD3514C0D554C43554C45
S315000578E034344CFB564C0B574C26574C5C344C13D6
S315000578F0154CC8154CEC154C39164C4B164C2D171A
S315000579004C22594C71344C705B4C78344CE65B4CCC
S31500057910185C4C26DE4C00204C705C4CAA5C4CE78F
S315000579205C4C005D4C1B5D4CF3DE4CAF5E4C003091
S315000579304C5F314C0A614CC8614CFD614C31624C5F
S3150005794024644C0F654C58654C1B464C1B464C3EF7
S31500057950464C69464C69464C51474C5B474C044876
S315000579604C0E494C49494C88494C054A4C924A4C5F
S315000579706B4B4CEC174CC8184CC9184CFD4B4CA11D
S315000579804C4C0A4D4CAA4D4C6EE04C71E04C49E10D
S315000579904C034E4C584E4C2F4F4CA9504C29524C2B
S315000579A06A524C64534CA9554CEF554CBF574C2560
S315000579B0584C295A4CF65A4C775C4C405D4CBBE208
S315000579C04C1B154C13164C37164C37164C88164C53
S315000579D0B2164C8B344CCB164CF5174C99184C9962
S315000579E0184C861B4CE91B4CE91B4CF31C4CA31D80
S315000579F04CAA1D4C7A1E4C721F4C34204CB6EA4CD0
S31500057A0018154C4C154C30384C59224CBA234C564B
S31500057A10244CB62B4CB62B4CB62B4CB62B4CB62B56
S31500057A204CB62B4CB62B4CB62B4CB62B4CDB2B4CF9
S31500057A309E154C4CEC4CACEC4C98384C9C5E4CA3CF
S31500057A40384C002D4CF05E4C4C5F4CBF384C926068
S31500057A504CD1604C07614CBF624CDC384C39634CE9
S31500057A60AC644C7E654CD8654C98664CCC664CE748
S31500057A70664CFF384C22394C3A684C7D684CC068D8
S31500057A804C7F2D4C92394C526A4C586A4CB06A4C14
S31500057A90BB6A4C466B4CE42D4CCA2E4C676D4CE2CA
S31500057AA02E4C99394C686F4CEF704C2E714CCE713B
S31500057AB04CBC724CDC724CFC724C7F734CFB394CE3
S31500057AC07C164CED164C46764CBC1A4CF7764CE8B3
S31500057AD01A4C1F1C4C631C4CF7794CD11C4CB67ABE
S31500057AE04CD07A4C3E1D4C737B4CCB7B4CF87B4C77
S31500057AF0147C4CD77C4C767E4CA87E4C193A4CB7F8
S31500057B003A4CB9674CD23A4CEE3A4C063B4CBF68F8
S31500057B104CFE684C79694C92694C016A4CE56A4C95
S31500057B20BA6B4CD56B4C196C4C453B4CFB6C4C56A7
S31500057B303B4CA66D4CBB6D4CD76D4C7E3B4CAB6E32
S31500057B404CBB6E4C476F4CAE6F4C23704C7D714CE5
S31500057B503C724C96724CB0724C10734C49734CF295
S31500057B60734C1C744C3D3F4CEE744CA9754C0B760E
S31500057B704C27764C43764C9F764CBF764C3C774CDF
S31500057B803D774C5A3C4C75784C771E4CA11E4C1EC5
S31500057B90794C7B794C81794C9E794C4C1F4C012054
S31500057BA04C5F7B4C847B4C13204C4A7C4CD47C4CE0
S31500057BB00D7D4C4B7D4C697D4C577F4C27804C0386
S31500057BC0814CE7814C2F824CBC824C0E834C35830D
S31500057BD04CDC2F4C03304CD9EF4CF4EF4C14F04CE5
S31500057BE047F04C84F14C9FF14CF7F14C2EF24C2C9E
S31500057BF0154C39154C3C154C42154C46154C49153A
S31500057C004C98824C96834CB2184C36194CA71A4C94
S31500057C1084844C7B854CDF854C871D4CA51D4CAA61
S31500057C201F4CFF854C03864C71864C9C864C8F8A6F
S31500057C304CFF8A4CB18B4C468C4C33224C36224C2D
S31500057C403F224C42224C49224C70864CAD234C0DAA
S31500057C50244CB4244CB9864CE0254C54874CC72695
S31500057C604CF8264C10274C2B274C7F884C83894C87
S31500057C70603C4C688F4CFF8F4C0AF64C08F74C2439
S31500057C80F74C1CF84C808D4CB08E4C571A4CC29450
S31500057C904C901A4C63954CC4984C2C994C789A4C3C
S31500057CA0079B4C859B4C4A1D4C99904CB41E4CD752
S31500057CB01E4CD3954C83964CD4964CF8964C3097DF
S31500057CC04C66994C8C994CBA994CD4994CFD9B4C65
S31500057CD0079C4C119C4C529C4C669C4C6EF94C8FE7
S31500057CE0FA4C42FB4C791F4C9B1F4C64FB4C381AD3
S31500057CF04CDF1C4C311D4C391E4C231F4CCC204CE3
S31500057D0036224CCA234CD3274C0D284CA6294CC4E5
S31500057D10294C4DAA4CAFA94C79AE4C98B14C2AAC1E
S31500057D204C2AAE4C02AF4C89B34CC4B54C13B84C77
S31500057D3085B14CAEB24CCDB34CCDBA4CB0BB4CA311
S31500057D40BD4CA5B44C07B64CF1BE4C79C04CD9C256
S31500057D504CBCB64CC9B74C14154C44154C1BC64CFB
S31500057D6083C64C6DC74C1FC84CD1C84C3AC94C7B11
S31500057D70C94C7CC94CB7C94CB8C94CB9C94CBAC968
S31500057D804CBBC94CCBC94CDBC94C79154C10184CAE
S31500057D907BB84C92B8474CAB1D484A4A090C8D0C2A
S31500057DA006686A6A6A29C08D0B06ADB106291FAA3F
S31500057DB0BD3AEB8DB6060A0A0A0A0A8D0A06ADB65B
S31500057DC0064A4A4A290F0D0B068D0B0660C208F1B5
S31500057DD00620EEEBE626A9008DAC028D8C06D202B6
S31500057DE00104A9028D0504ADBE0629E08DBE06ADCA
S31500057DF0AB0229108DAB02EF2204C207120CC20C8E
S31500057E00010420938B203111D280040CA9008D0624
S31500057E100C8D070CAD030C29FE8D030C4CCB350FD1
S31500057E206B06E2BE06800160AD1C01CDF80610406A
S31500057E30AD1D01297FCDF9063036AD1E01CDFA06F9
S31500057E40302EAD1F01CDFB063026AD2001CDFC063B
S31500057E50101EAD2101CDFD061016AD2201CDFE0683
S31500057E60300EAD2B01CDFF061006F2AA0602016003
S31500057E70C220BE064C43ECA5DDF006D752C280BE35
S31500057E8006A9008D060C8D070CC2038003A9F18D8A
S31500057E900B0CD204AB02D751CF1904D201060C2024
S31500057EA0938B3BA90E8D010CC201050CD2041D0C4A
S31500057EB0E21D0C04F73B20576020CA11203612201C
S31500057EC08EE2C2081F0CF21B0C80FBE27903020549
S31500057ED04FB1078013E2800304205FB50BB23A2643
S31500057EE0C2087F03A91A8005B23C26A91C8DAD02DE
S31500057EF0C2FC450020B01A4C23744C2B743BA912C6
S31500057F0048A93C48204F17AF45034C4274ADAD0216
S31500057F101004A900801E290FAAE2BE06800BBD0427
S31500057F2017CF1903BDF516800B4F1905BD257580AD
S31500057F3003BD3D7510034C10758DAD02AA291F09A9
S31500057F402085268A0AAABD31178546BD321785477B
S31500057F501017774718A5466D39028546AD3A0229A9
S31500057F607F65471002A97F854727457C1117AAC259
S31500057F7080BE064CEE740200030E000000000000F1
S31500057F8000000000FF010700000000000C000000D3
S31500057F9000FFB01ACB1CB27AA71D627C797CB67B32
S31500057FA0AB7AB97CCC7CF57DA71DA71AB27A677E1C
S31500057FB0721200000000C0120000000018860000C2
S31500057FC0C0120000000018860000808700400000EF
S31500057FD020101AA5D90A0A0A0A8D4F03AD1A0329D4
S31500057FE00F0D4F03852BA5D9D00FAD1A03F009C97F
S31500057FF0071005A2904CA618606868204B12A5D9F3
S31500058000C901D020A5DD2903AABD0C1A85D9A20070
S3150005801086DD4820803C0180FC8EC2081F0CF21BC1
S315000580200C80FB68C904F004C90ED063A2068E173E
S3150005803003D2400E0C20803C0038828CC2081F0CEF
S31500058040F21B0C80FBAC1A03C00BD005C7194C2AD2
S3150005805019A5D9C904F028C00AF01BEE2003D003E0
S31500058060EE2103AD2103C917D014AD2003C970D085
S315000580700DD202130C60A9008D20038D210360C06B
S315000580800AD0034C0219C00ED004D202130C60C9E3
S3150005809005D041AC1A03CFDC0CC003D005BFDC14F8
S315000580A0801F4CD818A6DDE002D00FB200DDA9036B
S315000580B0C002F002A90685D98060E003D009B200A6
S315000580C0DDA90485D98053E004D04FB200DDC00395
S315000580D0F04880CEC907D0034CED18C908D0034C2B
S315000580E00219C909D029AE3602102448AD0606295B
S315000580F00F8DF3020A186DF302AABD3C198D3602DF
S31500058100E8BD3C198D4A06E8BD3C198D490668C986
S315000581100BF076C90CD0034C1A1989FE0A0A0A0A0D
S31500058120AABD7B198D1703BD6C19F012CD1A03F084
S315000581300EE8BD6C19E82980F0EDE8E880E960BD38
S315000581406D1910122907A8A5DC2A6A8810FC2901D1
S31500058150F001E8BD6E1985D960A9FE8D17030BE2FE
S31500058160130C02FAC21F2200B299244C1710A9FF5C
S315000581708D17030BE2130C02FAC21F2200B29A24D2
S315000581804C1710A9008D170360A9008D17038DAD37
S3150005819002A745C2107F0347198010A9FD8D170355
S315000581A00BE2130C02FAB29B244719D2106C00C2DB
S315000581B0086C00D2016B00B2AA224C1710FFFFFF14
S315000581C0011940002EE00465000017700232800098
S315000581D08CA0FFFFFF000BB801A5E0004650FFFF8E
S315000581E0FF002328034BC000D2F0FFFFFF02050363
S315000581F0050E810708000000000000000105070EB6
S315000582000700000000000000000000000400000058
S31500058210000000000000000000000000060000004D
S31500058220000000000000000000000000010C070A25
S31500058230070D070000000000000000000500000013
S315000582400000000000000000000000000000000023
S31500058250000000000000000000000000000D0B0AF1
S315000582600B0406060C0000000000000002060C05C3
S31500058270070E8107080000000000000003018209BF
S315000582800A0406060C0000000000000000000203B8
S315000582900EAD1603D07BEE1803D003EE1903AD1908
S315000582A003C901D00BAD1803C9E0D004A90C806140
S315000582B0AD1903C912D00BAD1803C9C0D004A90D59
S315000582C0804F18A5DA69D0A8A5DB6902CD1903D0B8
S315000582D00A98CD1803D004A90E8036AD7D03100487
S315000582E0A90A802DA9848D1A0CA9808D1B0CC2089C
S315000582F01F0CF21B0C80FBAD160CC901F006A9007C
S315000583008D1B0360EE1B03AD1B03C930B00160A9CD
S315000583100B8D1A03C90CF00FC90EF00BA9008D18A9
S31500058320038D19038D160360C220060C4F1902C76B
S3150005833045D206040CC2010B0620DD1A60F27F0346
S315000583400110F27F03080EF27F0320034C5F764C83
S31500058350D71A4C6F764C8E7620DD1A4CC876203FA0
S31500058360778D0405C2FF1603609F620160AE7D032B
S31500058370AC7E030F4F158F6209A000E81011A2808D
S31500058380800DA200C81008A0808004A200A0008E5F
S315000583907D038C7E03AD7C031025C006300AA9003B
S315000583A08D7C038D040580170F6207EE7C03EE04B2
S315000583B00560A9FD8D7C038D0405C2FF7B0360D096
S315000583C0130F6205D204060C60C204060C20803C1D
S315000583D00000418FAD0405C9109068D00CAE63024C
S315000583E08E0005AE62028E0105C918B008A5624A5F
S315000583F06E0205804EC920B008A5624A6E03058047
S3150005840042D040AD0205CD0005D038AD0305CD01FE
S3150005841005D030A201AD2906290FDDA51BF00EE812
S31500058420E00890F6801D000C0A0E090D0B8E16034A
S31500058430AD29068D0706C2107F03C2FF0405C2FFDC
S315000584407C0360AE7B03E006100C8F4F034C311B9B
S31500058450A5624A206A80A5624A7E2906EE7C03EE5D
S315000584600405E27F030209A92ECF190DA955800936
S31500058470A919E2C0060102A926CD7C03D0034C0743
S3150005848078AD7C032907F00160AD7C03C910100D9A
S31500058490AD2906C94EF0034C311B4C7F784C8F78BD
S315000584A0AD29068D1A01AD2A068D1B01C202C1032F
S315000584B0E21B012004D202C103C2E0BE06E2C006E9
S315000584C0011F1F6B1CE21B018017D240BE064F6BB6
S315000584D004D220BE063F6B09E21B014004D280BED2
S315000584E0064CED78DFB53FCF191EAD29068D2F0653
S315000584F0AD2A068D3006AD2B068D3106AD2C068DC3
S315000585003206AD8F028D2E06AD8A028D2906AD8BFC
S31500058510028D2A06AD8C028D2B06AD8D028D2C069D
S31500058520AD8E028D2D06A209BD29069D6503CA10CD
S31500058530F7E2C0060113E2BE06400EF2BE0680094A
S31500058540F230060404C220BE064C8A7920DD1A4C98
S315000585501F7A204B12DF5210E27F038004C2117F7F
S3150005856003F27F03115680064F4F0C3F4509A54878
S31500058570F0063F4502C64860AD7D033004C90830A4
S31500058580F6C2807F03A9008D1A0CA9898D1B0CC222
S31500058590081F0CF21B0C80FBAD170C8D8503A5DDA2
S315000585A0F005A90185D960A9008D3E028D3F02AD72
S315000585B0100C49028D100CE6274C957A4C987AA535
S315000585C0483007C97FF00AC648604F4F0DA97F8519
S315000585D048AD7D033005C908100160C2807F03A53B
S315000585E0DDF005A90185D960BF4F0160ADAD02C9B2
S315000585F0073005D0304F192DE2BE06800EA9008D35
S3150005860039028D3A0285DA85DB801A38AD3E02E9F4
S315000586106C8D3902AD3F02E9001005A9008D3902BE
S3150005862009808D3A02A74560B2524860A9A98D50C6
S3150005863002A9388DAF01A9A68DAE01E20104011686
S31500058640A9688DAD01A95D8DAC01A9358DAB01A9D3
S31500058650CC8DAA01802DCF1916A9688DAD01A972F9
S315000586608DAC01A9688DAB01A9CA8DAA018014A993
S31500058670688DAD01A9A38DAC01A9398DAB01A99F63
S315000586808DAA01A93A8DDF01A9D58DDE01CF190C79
S31500058690A96D8DDD01A9B28DDC01800AA96D8DDD7F
S315000586A001A9CB8DDC0160B22027A9E18D120CA9A9
S315000586B0638D130CA90A8D110CC201050CD2081D78
S315000586C00CE21D0C08F74BE2AB0204FAF21D0C088E
S315000586D0F5A9008D100C8D110C85E2204279209E9E
S315000586E0100739E2800304064C3A784C3A78A954C7
S315000586F00F6B02A9984C6A78CF1913AC02EF6BF28F
S315000587008F0304052011138009200E138004AC0382
S31500058710EF6BC220120CD2084500A91E8DA9034C89
S3150005872008134B4F45034C1413EE3E02D003EE3FA0
S3150005873002ADA903D008AD1703F0064CD61ECEA987
S3150005874003BF45DEE27F034006B220274C0213F243
S31500058750800301D24C0579A9E18D120CC282130C56
S31500058760A9008D100C8D110C4BC240120CA9018568
S315000587704CA9008DF102AE17033033BD451F8D0997
S3150005878006C90AD005AD0606800BC909D007AD0690
S315000587900629F080040A0A0A0A0D09068D0906202B
S315000587A00C20201D13AD17033004D0C1800CA90081
S315000587B020997BD202130C4B80FDC220120CA91EF8
S315000587C08DA9034C0813000C0A0E090D0B203F7CDE
S315000587D05FB5034C2C154F192B203813203513A5DF
S315000587E04B2D1106854BA54C2D1206854CA9008DE2
S315000587F011068D1206203213A909854CA9058DF19E
S31500058800024C447BE2BE06800CA9008D11068D1232
S3150005881006A904802F203813ADF1028D2E012035CF
S3150005882013A54B2D1106854BA54C2D1206854CA976
S31500058830008D11068D120620411385E4203E132571
S31500058840E420D68185E185E0E2BE064009E2BE0662
S315000588502004A906801FE2C0060124C904B014C27B
S3150005886001C006C2010104AD09038522A21820999B
S31500058870EE800CA90485E185E0207C114C077B4C34
S31500058880A57AF2BE0680034C0A7B4C1C7BA9FFA287
S31500058890044C887BA900E2010102020901E20101FB
S315000588A004020902E2010120020904E20101080E9F
S315000588B0E2050120020908E2050110020910E2019C
S315000588C001100EE2050180020920E20501400209B8
S315000588D040E201012007E20501010209808D090632
S315000588E0AD0501290EF2000108020901E28F0340D8
S315000588F0020910E28F03200209208D0A06A5232905
S3150005890003AAE2C00601171F6B1DAD0A0629C00999
S31500058910403F6B0209800D0A068D0A068009BD3B9C
S315000589207C0D0A068D0A064C2C7C514CB42F4CFE48
S31500058930314AD220050C0BC220050CA900C28006BF
S315000589400CC204F10620EEEBADE40289030A0981A7
S315000589508DFE02ADE402291FA80AAABD7EEC8D0094
S3150005896006BD7FEC8D01069809E085228016290F44
S3150005897009908522290FAACABD6FEC2050108D00DB
S31500058980068C0106E744D208140CC2FF3704C20759
S315000589900A0CB23065A9A08D7002A90F8D7102C2AD
S315000589A0FE1C00771E20803C6626328EC2081F0CF0
S315000589B0F21B0C80FBD220AB0220938BC2081F0C46
S315000589C0F21B0C80FB20803C5816038CC2081F0C3A
S315000589D0F21B0C80FBD280070CADBF0629038DDE8A
S315000589E006ADBB068DE602A9008DB0028DE8028DA7
S315000589F0AF028D8A028D9D038DA203857D85508DDF
S31500058A008C06C208BD06B20864200111203063B287
S31500058A10F046B230650BC220050CC646D0F4D280AE
S31500058A20060CADE60285654CCB10ADBF0629038D58
S31500058A30160CADE40289148DBB06186D160C890B50
S31500058A408D170CA9F88D1A0CA9868D1B0C6020F4C0
S31500058A5033EEE802E2C0060145ADE802C901D008D9
S31500058A60A90638EDDE068015ADE60238EDB002F052
S31500058A70021004A900800CC9083002A908AA85615C
S31500058A80200E4BA561186DB0028DB002ADE802C986
S31500058A9006D00BA9008DE8028DB002EEAF0260EE9E
S31500058AA0E802ADE802C901D008A90638EDDE068060
S31500058AB015ADE60238EDB002F0021004A9008006F5
S31500058AC0C9083002A908856160A561186DB0028DD7
S31500058AD0B002ADE802C906D008A9008DE8028DB03E
S31500058AE00260AD700220655C3BEF6C034CAE17204F
S31500058AF0803C810000873B20803C0E0001873B209F
S31500058B00803C08000085C2081F0CF21B0C80FBC2C6
S31500058B1040F006C210F10620EEEBB2422620C6341E
S31500058B20B24326D2206C0020403FB24426C220AB79
S31500058B300220938BC2081F0CF21B0C80FBA9048D27
S31500058B40070CA9048D010CC280070CC240090CA9AB
S31500058B5000855E855F8560D2010A0CC2400A0CA9B4
S31500058B60F08D7502A93F8D7602D201080CAD0D0474
S31500058B708D160CAD0E048D170CA9008D1A0CA98C3B
S31500058B808D1B0CC2081F0CF21B0C80FBC202080CC5
S31500058B90C2FF170CA9058D160CA9018D1A0CA986FD
S31500058BA08D1B0CB245262079113B2005E990F7A9C6
S31500058BB0008DEA068DE4068DF306C2020104C204A1
S31500058BC00104A90060D240040CD202050C205511FF
S31500058BD0D009A90085F685F720641160A9E01F5222
S31500058BE002A9D68524AEF4029AD204040CC2024523
S31500058BF000C2014500D7450B0B0B0BA52460F20FF0
S31500058C000C80059F1802186017183860A9088D0191
S31500058C100CA9008D070CD218060CD220040CD240E4
S31500058C200A0CE20104041938ADC503E9108D170CC9
S31500058C30ADC2038D160CA9038D1A0CA98C8D1B0CC0
S31500058C403BC202050CC260040CC204070CE626B240
S31500058C501046B210473B200EE87F494B0F4F05B231
S31500058C6010478006C647F0428003CF4F05B210462F
S31500058C7080E3C646D0DF2033E0E626F2010404246D
S31500058C80B210463B7F4920200EE80F4F064F4F0393
S31500058C90B21146C64630163F4FE9CF1907D24052A4
S31500058CA000B24426A90060A9FF60A90160A9026077
S31500058CB0D2040104B24B26C244070CC220FC02C2F0
S31500058CC004FD029F5206BF520320072CA9808DA4DE
S31500058CD006D201080CC25F0A0CC202080CE71DD2B7
S31500058CE0100E0CD208070C9F520ABF5207A9012085
S31500058CF0EAE88038F28C060433ADDE061A186DC52F
S31500058D00068DE602A9028D160CC2FF170CA9F88D71
S31500058D101A0CA9868D1B0CC2081F0CF21B0C80FBB6
S31500058D20A90320EAE8D204F10620EEEBA90085485E
S31500058D308549A9408D760220803C00000F8CA90547
S31500058D4038EDE7062907AAF006801A32A9FF60A9B9
S31500058D5000A2063F520FD201030C223B2005E9B0C3
S31500058D60EA32CAA562223B20E71790034CC51720B5
S31500058D7005E9B0D732BF520366622ACAD0E77F49F2
S31500058D8002493FC907F016C938D0193F4907E649D0
S31500058D909F491F80BAA549498029808549BF49AFA2
S31500058DA0E64980ABA549297FF0A52977F0A1C649F3
S31500058DB0809DD2405200A2059F5205BF5202A20BCA
S31500058DC0DA3BFACAD0FAA9088D170CC2FF160CA908
S31500058DD0A28D1A0CA98E8D1B0CC2081F0CF21B0C3A
S31500058DE080FBC202D306207E34F28C060423ADDE58
S31500058DF0068D160CA90C8D170CA9F88D1A0CA986CB
S31500058E008D1B0CC2081F0CF21B0C80FBD220050C17
S31500058E103BD280070CE626B26026A9008DB0028DEE
S31500058E20E802C240090C671DF71AC21F0A0CD202D6
S31500058E300A0CC2400A0CA9808D7502A9109F52051D
S31500058E40BF5202A9408D760220803C40000F8ED28B
S31500058E5040070CC220050C3B204911A661F014A55C
S31500058E60626A48203D53686E60026E61026E620258
S31500058E70CAD0EEAD7502D004D204070CAD7602C990
S31500058E800CB033AD2104102E20D6E8AD160C2908FA
S31500058E90F024A9CA8D1A0CA9988D1B0CC2081F0CA3
S31500058EA0F21B0C80FBAD160C8D1004AD170C8D1145
S31500058EB004A9008D2104AD7502F0034C2F1BAD7678
S31500058EC002C938F00FC910F019C90FF013C90CF013
S31500058ED01B4C2F1BC21F0A0CD2010A0CD280060C92
S31500058EE08064A522291F8DE4024C2F1BD280060C17
S31500058EF0205E11ADBF062903186DE40289048D169F
S31500058F000CC2FF170CA9F88D1A0CA9868D1B0CC26D
S31500058F10081F0CF21B0C80FBA90320EAE8D204F11A
S31500058F200620EEEB8020A9008D170CADBC068D162C
S31500058F300CA9658D1A0CA9848D1B0CC2081F0CF291
S31500058F401B0C80FB80DB204C112005E9B0034C3C53
S31500058F501A20803C10000F8CE2AA06010720803CEF
S31500058F6040000F8CC2081F0CF21B0C80FB20803CB6
S31500058F7040000F8EE2AA06010720803C80000F8E76
S31500058F80C2081F0CF21B0C80FBC2070A0CD2000A92
S31500058F900CC2040104201B2CE626A90060ADE402E0
S31500058FA0CD04069006AD04068DE402AEC106ACC23C
S31500058FB006ADC30622A219CA30140EC1062EC20674
S31500058FC02EC30690F28ACDE402B0038DE402328EFA
S31500058FD0C1068CC2068DC306A200A006ADEA064AE6
S31500058FE09001E888D0F98EE806BDE21B38EDDE066D
S31500058FF0CDE402B0038DE40260171717171311119C
S31500059000E626E71DD2100E0CC204FD02C202080CAC
S31500059010C204070CD240040CD202050C3BC2400424
S315000590200CC202050CAD71023A892D8546B205477B
S315000590303BC646D0FBA900855E855F8560D24009A3
S315000590400CD204070CC210070CE206040804D21061
S31500059050070CC21F0A0CD20B0A0CC2400A0CA9F057
S315000590608D7502A93F8D7602C201010CA9358DE7E2
S3150005907006C2FF170CA9058D160CA9018D1A0CA998
S31500059080868D1B0C2079113B20E71790034CC517DD
S31500059090C202050CC240040CC204060CAD7502D012
S315000590A043AD7602C93BD00948D202F10620D7EB7B
S315000590B068C939D00648C240090C68C93AD006487D
S315000590C0C2180A0C68C92CD00AD240060CD2400434
S315000590D00C8011AD7602C914D00AC2070A0CD20358
S315000590E00A0C80002005E9909BA9008DEA068DE40F
S315000590F0068DF306C2070A0CD2010A0CA903A200C3
S31500059100E206042002A9F04C31E58D76028E750241
S31500059110C202010420C6ECC240090CAD010C29C3EC
S315000591208D010CA9008DF3028549F2010C0114206D
S31500059130B211A5626A203D536E60026E61026E62CF
S3150005914002800320B2113B20E71790034CC517ADEB
S315000591507502D038AD7602E201040417C91FD006A0
S31500059160D240060C8026C91DD02220803C40000F27
S315000591708E8019C920D00920803C00010F8C802FD4
S31500059180C918D00AC2070A0CD2010A0C8021C902E5
S31500059190D01DA9138D1A0CA9808D1B0CC2081F0C96
S315000591A0F21B0C80FBAD160C85F6AD170C85F7206A
S315000591B005E9B0034C131D4CADE6C280060C4CE424
S315000591C0E6A9068D050420C6ECE626C204070CA909
S315000591D00020EAE8D204F106C202F10620EEEBD23F
S315000591E040090CD201010CADB1068D160CA9638D93
S315000591F01A0CA98E8D1B0CC2081F0CF21B0C80FBCA
S31500059200B20546A90085478553AABD702C4A4A4A28
S315000592104AAABD602C89018D1206A9008D10068506
S3150005922047AD502C8548AD1006F0102907D00CAD7A
S3150005923010064A4A4AAABD502C8548ADB606664868
S315000592409005A653BD702C8D000C3B20E7179003A7
S315000592504CC517EE1006AE1006E07E900AA9008DE5
S315000592601006AD502C8548C64610BBB20546E647E6
S31500059270A647EC120690AFB20047E653A553C97749
S31500059280B0034CF21DD202080CC240090CB24926A5
S3150005929060A9028D160CC2FF170CA9F88D1A0CA928
S315000592A0868D1B0CC2081F0CF21B0C80FBA9618D59
S315000592B01A0CA98A8D1B0CC2081F0CF21B0C80FB0D
S315000592C0AD160C8DEA06EF6C0DC240F106AD170C16
S315000592D00DF1068DF1064C57E8B24726C240090C3A
S315000592E0D240070CA9008D7502A97F8D7602B200C2
S315000592F048B20046202920B01BAD6002C97FD0F4D4
S31500059300E26102FFEFE26202C0EA8D6604A202860E
S3150005931036201C20AD60028DCF06201C20AD6002D4
S315000593208DD0062058ED202920F2600280C6201C2B
S3150005933020201C20AD60028DF302E2600210B520EC
S3150005934058ED202920F2600280AA201C20201C202E
S31500059350AD6102CD6504D09CAD6002CD6404D02616
S31500059360A004201E20C201D906E2F3022004D20180
S31500059370D906C202D906E2F3024004D202D906D2C0
S3150005938040EC00A900604CC21EC240090CD2400741
S315000593900CA9008D7502A9508D7602B20048B2005F
S315000593A046B24626202920B034AD6002C97FD0F4E6
S315000593B0E26102FFEFE26202C0EA8D6604A202865E
S315000593C036201C20B017AD60028DC106201C20B0CA
S315000593D058AD60028DC2062058ED202920B04AF20C
S315000593E0600280C0201C20B040AD60028DC30620FF
S315000593F01C20B035AD60028DC4062058ED2029200D
S31500059400B027F26002809D201C20B01D201C20B0D4
S3150005941018AD6102CD6504D08BAD6002CD6404D074
S3150005942083A004201E20A900604C8D1FA9C660A03C
S31500059430068002A0085A2029207AB00388D0F66053
S3150005944020E71790034CC5174CF4E9E626A9008DCD
S315000594507502A9628D7602201820B020201820B04A
S315000594601BF26002FF08F26102F003A90060B20A6E
S3150005947046201820B006C646D0F780DBA9D960B2CB
S315000594800C4A18201299A9002A8D100C4BC64AD0F1
S31500059490F160A2008E110CA040844AA900209520F7
S315000594A0E627A004844AA901209520608D100C4B5F
S315000594B04B4BAD100C49018D100C4B4B4BAD100CA5
S315000594C04901C64AD0E660B2184AA2018E110CC2FD
S315000594D002120C200321E627B2044A202C212092F1
S315000594E03C04803E8EC240EC00E627200321200383
S315000594F0216FECF7E627B2044AADD0063A6ECF06E1
S3150005950029BF8D4E02ADCF0629F88D4D02A93E8D98
S315000595104C02A98E854E202C2160A9028D100C4B7C
S31500059520A9008D100C4BA9028D100C4BA9068D10A8
S315000595300C4BA9048D100C4BA9068D100C4BC64A75
S31500059540D0D860A9068D100C4BA9048D100C4BA91B
S31500059550068D100C4BA9028D100C4BA9008D100C15
S315000595604BA9028D100C4BC64AD0D860A9008D10A8
S315000595700C4BA9018D100C4BA9018D100C4BA904A0
S315000595808D100C4BA9058D100C4BA9058D100C4B98
S3150005959060A9048D100C4BA9058D100C4BA9058DE2
S315000595A0100C4BA9008D100C4BA9018D100C4BA965
S315000595B0018D100C4BC64AD0D860A5234A4A4AAA43
S315000595C0BDD0218DB506604F004F004F004F004FAF
S315000595D0004F004F004F004F004F004F004F004F08
S315000595E0004F004F004F0042004200420042004239
S315000595F00042004200420042004200420042004250
S3150005960000420042004200A9008D23048D2B04F27E
S315000596102E040103EE4C02A9008D2404AE2404E0B9
S3150005962008B037E88E2404AC2D04E22E04010CB9EB
S31500059630403FC848B9403FAA688012F74EAD4D0273
S3150005964099403FC848AD4E0299403FAA68C88C2D3F
S315000596500418207F2FEE4C0280C2AD2B04AC2304E8
S31500059660EE2304192504293F8D2B04C93FD0A86094
S31500059670D210120C20B72BE210010217A902E20341
S31500059680010102A9038D110CE211018006E745D2FD
S31500059690012700A9FFA2FF3820862FE21001020547
S315000596A0ADE4028030A2FFADBF064A4A290FE84A5B
S315000596B0D0FCADBF0629034903CA3004890680F9E3
S315000596C089014889088DE602ADBF062903186DE6AE
S315000596D0028DC506680A0A0AE21001020209024855
S315000596E0ADBF0629036A6A6A6AE28C060102091099
S315000596F0E2110180020980AA6820B623A900E2F1D9
S31500059700064002090148A9008D1301ADBF0629C00F
S315000597100D1301AA6820B623ADC906AECA0620B642
S3150005972023ADB906AEBA0620B623205AEBADB70669
S31500059730AEB80620B623A9208D1204A005A205BD44
S3150005974025042D1204D003CA10F58A99130488AD91
S3150005975012044A8D1204D0E5AD14040A0A0A0A0D4C
S315000597601304297748AD16040A0A0A0A0D150429B1
S3150005977077AA6820B623AD18040A0A0A0A0D170443
S315000597802977A200E2BE060802A20120B62320F030
S3150005979021E2BE060818A9CA8D4C02A918854EAD48
S315000597A010048D4D02AD11048D4E0220F021D2011B
S315000597B02E04AD6104AE60041820862FE20104086C
S315000597C00520762B8003201B2BEE860360184C7F25
S315000597D02FD210120CC201030120CB2BA9FFA2FF29
S315000597E03820862FA0006F52034C4F24F2800304C5
S315000597F06E6F6C21A0006F52034C4F24F280030458
S315000598005EB9E82CBEE92C18C8C85A207F2F7AC045
S315000598101890E38020C02C900AC034B006ADB60679
S31500059820AA8006B93C2CBE3D2C18C8C85A207F2FE5
S315000598307AC0AC90B1ADD406AED50618207F2FAD53
S31500059840D6062907A20018207F2FAD6104AE600455
S315000598501820862F201B2B20352BC7454CC223C22B
S3150005986010120CA9FF60C210120CA90060AD750399
S3150005987029038548AD74030A26480A2648A5488D56
S31500059880E502D004D2020E01AD77038D0902AD764D
S31500059890038D0802ADE5022015ED8DE502A2012036
S315000598A01B12C2FFA406AEF302F003201B126020B2
S315000598B068ED30682058EDF2BD0640638D160C8EB6
S315000598C0170CAD29068549AD2A064A6649A5494AB2
S315000598D04A293E89228DE702A9A18D1A0CA98E8DEA
S315000598E01B0CC2081F0CF21B0C80FBA9008D160C65
S315000598F0F22A060209F22A060408098080060920CA
S31500059900800209008D170CA9498D1A0CA98C8D1B8F
S315000599100CC2081F0CF21B0C80FB80034C2B28E2A3
S3150005992029060242A00B5A2068ED30372058ED7AF9
S31500059930F2BD0640258D160CC2FF170C9889808D41
S315000599401A0CA98E8D1B0CC2081F0CF21B0C80FB72
S315000599508E160CCE1A0CD2801B0C888810C8800671
S315000599604C2B284C2A28F2290604034C812620680C
S31500059970ED30ED2058EDC900D0E62068ED30E12048
S3150005998058EDF2BD0640038DD7062068ED30D1208F
S3150005999058EDF2BD0640038DD8062068ED30C1208E
S315000599A058EDC900D0BAF2BD06405BC2FFDB06AD75
S315000599B0D706186DD8069004894080048940900A18
S315000599C08DDB06EDD7061A8DD706ADD7068D160C97
S315000599D0A5008E170CA9308D1A0CA9878D1B0CC2F4
S315000599E0081F0CF21B0C80FBADD8068D160CA500C6
S315000599F08E170CA9318D1A0CA9878D1B0CC2081F51
S31500059A000CF21B0C80FBA000A9BFA20D222068ED5D
S31500059A10304C2058ED8D160C8E170C32F2BD0640D3
S31500059A20108D1A0CCE1A0C8E1B0CD2801B0CAD1A7F
S31500059A300CC8C040D004A9C0A205CCD70630CDAD10
S31500059A40DB06F00E482068ED30142058ED6889FFD6
S31500059A50D0F2A000A9C0A20F222068ED10034C2D5C
S31500059A60282058ED8D160C8E170C32F2BD064010C7
S31500059A708D1A0CCE1A0C8E1B0CD2801B0CAD1A0C33
S31500059A80C8C041D00E844938ADD806E549897F85D9
S31500059A9049A205CCD80630C0F2290608034CC127D1
S31500059AA02068ED10034C2B282058EDF2BD06401C0E
S31500059AB04829078D0505684A4A4A4A8D06058A29B1
S31500059AC0078D07058A4A4A4A4A8D08052068ED101A
S31500059AD0034C2B282058EDF2BD0640304829078D4A
S31500059AE00905684A4A4A4A8D0A05A005B20149A9E7
S31500059AF000990B058810FAA000B90505AABD0B0546
S31500059B0005499D0B050649C8C00690EDA0005A20DB
S31500059B1068ED10034C2A282058ED7AF2BD06400759
S31500059B209905058A990605C8C8C00630E1F2BD063D
S31500059B30400AA92F8D1A0CA91E8D1B0CA0FFC8C0A3
S31500059B400630034CC127B90505F0F3AAB90B058DF7
S31500059B50160CC2FF170CEE1A0CD003EE1B0CF2BD49
S31500059B6006400DD2801B0CC2081F0CF21B0C80FB95
S31500059B70EE1A0CD003EE1B0C8E160CC2FF170CF258
S31500059B80BD06400DD2801B0CC2081F0CF21B0C80B3
S31500059B90FBE000F0A9AD1B0C48AD1A0C222068EDC0
S31500059BA0100532684C2B282058ED8D160C8E170C97
S31500059BB0328D1A0C688D1B0CF2BD06400CEE1A0C84
S31500059BC0D003EE1B0CD2801B0CCAD0C9C2081F0CD1
S31500059BD0F21B0C80FB4C27272068ED3065AD610232
S31500059BE0CD6504D05DAD6002CD6404D055D240BDCF
S31500059BF006AD29068D7403AD2A068D7503A964E2A3
S31500059C0075038002A9658526203028C280BD06E237
S31500059C1075030804D280BD06AEF302F003201B12BD
S31500059C20C2FE0A0CAD74034A4A4A4AE275030102AA
S31500059C3009108DE502D004D2020E0120112C3860E0
S31500059C40FA7A18603280FBAD7C03C988D011F22AF6
S31500059C50068004D208BD06A9FF8D7C038D7B0360B3
S31500059C605F6608ADDF028D100C5766EEE902ADE9B9
S31500059C7002C901D004A9078014ADE70238E57CF0D6
S31500059C80021004A900800CC9083002A908AA857526
S31500059C9020285A8DDF02D766A57518657C857CADAB
S31500059CA0E902C90CD00AA9008DE902857CEEAE024F
S31500059CB060C280120C208C10274407443752475245
S31500059CC057521752ADE5020A09818DFF02AEE5022C
S31500059CD08A0AAABD7EEC8582BD7FEC8583209676B1
S31500059CE018203A1120B259206FFFB20077B23078AA
S31500059CF0A9008DE902857CD201120CD208FD025716
S31500059D0066B23078204928B2EF4AB2307820492821
S31500059D101BADD106D0F4C64AD0F0ADE7028578A9C9
S31500059D20308D58024C5910A05B6BC293120CD208A9
S31500059D30120C4BC208120CB24127207B20E627D213
S31500059D4004140CA90585E020EA2F20A911A9008D88
S31500059D50D106209676B2F04AB23F4DA2008E110C7E
S31500059D6038201299A9002A8D100C2050134B20A2D9
S31500059D702B90EDA9006020B72BA964E211018002A2
S31500059D80A9658527A9FFA2FF3820862FA9100AE213
S31500059D90D90680020940E2110180020980E2D9064E
S31500059DA01008098048D240D90668AAA90118207F5B
S31500059DB02FAD6104AE60041820862F20762B60A98E
S31500059DC000857285738574C20103011F520FA9129E
S31500059DD0854DA9C0854AF2D906020F8011A95D8570
S31500059DE04DA9C0854AE2D9060104D2010301E2D98B
S31500059DF006100CC2FF4B00A90F854DA9A8854AA9D7
S31500059E0000A002A202E203010104A003A2038E112F
S31500059E100C5A4838201299687A6A88D0F42A2A2A70
S31500059E202903E2030101012A8D100C4BAE210430F2
S31500059E302CD00BA9FD8D4C02A998854E801BE007F9
S31500059E40B01BFF4E18EE4C02D2804E00AD4D029D62
S31500059E502404E8AD4E029D2404E88E2104E2D906C9
S31500059E60101C0F4F194F4F12E64BA54BC904300E68
S31500059E70ADE7062907C905D00560C2FF4B0020A23C
S31500059E802BB0034CE82960A2008E110CA9008DD1D8
S31500059E9006209676B2004BB2F84DB2004AA9008D5F
S31500059EA02104A90CC54BD003B2004B38201299A941
S31500059EB0002A8D100C2050134BE64B7F4D08E64AC1
S31500059EC0D0E0E64D80DC3F45D9AE2104D00BA9FD97
S31500059ED08D4C02A998854E801BE007F01DFF4EC2EA
S31500059EE0EE4C02D2804E00AD4D029D2404E8AD4EE7
S31500059EF0029D2404E88E210480A8A90CC54BD0A296
S31500059F006020B72B20762BE2BD068008A90B8DD1E4
S31500059F100620762B608D0906B2084A186E090620BA
S31500059F201299A9002A8D100C4BA54AF004C64AD0F1
S31500059F30EB60A54C8D0906AEF102186E0906CAD06E
S31500059F40FAA90838EDF102854A1880D0ADD106C9BF
S31500059F5000D0016018201299A9002A8D100C4B809B
S31500059F60EB80066E66026E65025ADA201299FA7A57
S31500059F70664CCAD011A54C5AA4752A2A88D0FC8DE0
S31500059F80100C4B7AA67588D0DA8EF10260AEF10216
S31500059F90185ADA201299FA7A664CCAD0F3A54C5AA1
S31500059FA0A4752A2A88D0FC8D100C4B7AA675ADD1DE
S31500059FB006D0DD60ADB5066060A54AF00AC64AD092
S31500059FC00AA54DD0063860C64AC64D186060A90177
S31500059FD0E20104080DA902E203010102A903857540
S31500059FE08002A9088DF102B2004C8D6204A9028592
S31500059FF03460CF1908F2010401034C9999D208136C
S3150005A0000C5F4419C2FF150CC2FB140CD208140CC4
S3150005A010D280150CD2E0140CA9018D9F0260A940CF
S3150005A0204C1D2CA9604C1D2CA9504C1D2CA9704CFF
S3150005A0301D2CA9848D170CC2FF160CA9A28D1A0C0E
S3150005A040A98E8D1B0CC2081F0CF21B0C80FBD204BB
S3150005A050130C6077007B7D999996696996696666A2
S3150005A06099699666969606001008040281C0FFFF58
S3150005A070FFFFFFFFFFFF3F1616161616160E080002
S3150005A0800000000000000001020304050607080998
S3150005A0900A0B0C0D0E0F101112131415161718199D
S3150005A0A01A1B1C1D1E1F202122232425262728298D
S3150005A0B02A2B2C2D2E2F303132333435363738397D
S3150005A0C03A3B3C3D3E3F404142434445464748496D
S3150005A0D04A4B4C4D4E4F505152535455565758595D
S3150005A0E05A5B5C5D5E5F606162636465666768694D
S3150005A0F06A6B6C6D6E6F70717273747576000000A5
S3150005A100000000010001001616161616160E0800A8
S3150005A110000000000000001F1804C2208006203D34
S3150005A12011C903D00AE28006200520D11080F2C9A4
S3150005A13004D0034C222D4CED5ED71EB752C28006C5
S3150005A1400CD202080C20C75B9743CF520A20C6F0F3
S3150005A1502020F18744A744200C2C20EE11E20E01A5
S3150005A160020D2725A9C08522A99685244CB8114834
S3150005A1706885240900300F2725E28C060105206A2B
S3150005A1801180D44CBE11C996D0034CB811D7450BD6
S3150005A1900B0B0B4CC71120C21EB745207611F003D9
S3150005A1A04C3C69D20401046F6C0ED202080CC20441
S3150005A1B0070CC2200A0C8003206D11A9808548A9C9
S3150005A1C0C18549C201030C207011F0034C4E6DB2D6
S3150005A1D04A26B210463B20E71790034CC5170F4F8A
S3150005A1E003CF4F05B2104680ECC646D0E8EF6C06A5
S3150005A1F0D24052008002B7454C1B69B018E21101E6
S3150005A2008010FF45034C0F12D204BD06B26E26A977
S3150005A21000604C0C12E28F03101DA9058D160CA9C2
S3150005A220008D170CA99F8D1A0CA9848D1B0CC208CD
S3150005A2301F0CF21B0C80FB8D6604A2028636A20E4D
S3150005A240201B1210034C0C122058ED8D29068E2A60
S3150005A25006AD7B03D00AAD7C03D005A9888D7C03AA
S3150005A260F2290601034CB12E2068ED30D8AD610206
S3150005A270CD6504D0D0AD6002CD6404D0C8D210BD82
S3150005A28006A962E22A068002A9638526203028F2FD
S3150005A290D9068005E22A064014D210D906C28006E0
S3150005A2A00CE22A068007D220D9064C2E2EA20120C2
S3150005A2B01B12C2FFA406E22A068006D28075038019
S3150005A2C004C28075034C2E2ED220BD06209824C2CA
S3150005A2D020BD06F2110180D590EBD280060C4CCA42
S3150005A2E02ED28011017745204011A201201B12C2F2
S3150005A2F0FFA4062002674C0F12ACF30298F0034C3C
S3150005A300462FDA20B211AD7C033010AE7B03D007A1
S3150005A31089FF30078D7C03CA8E7B033BEEA406209E
S3150005A3204911204C11A461D01FADA406100280D698
S3150005A330C90630D2ADE706290FF2BD0620C8C90405
S3150005A340D0C4F745FA4C94EEA5628549FAA546D0E0
S3150005A35008A547D002C653C647C646A46166492026
S3150005A36068869005A9808DA4066E60026E61026EF0
S3150005A3706202AD6002293FC91FD011E26102FF0CDE
S3150005A380E26202F007888CF3024C8FEE88CAF0036E
S3150005A3904CE52E4C79EE8535DF34FD86358D650227
S3150005A3A08E6602A011AEF102E2010408094C4A2BA1
S3150005A3B06E66026E6502664CCAD009A54C5A20FE29
S3150005A3C02A7AA20888D0E98EF10260B240272029B0
S3150005A3D086C201FD0220923C07003E8E2094902005
S3150005A3E0923C00003F8C209490C2016B00201029FE
S3150005A3F04CE712A900854DD204140C20EA2F4CC156
S3150005A40083A6E0BDF8838D9902A9008DAB038D3F28
S3150005A410028D3E02A95E8D8802605F44033F1703E5
S3150005A4204CC68418AD320289086D3702854BAD38A6
S3150005A430026900854C38AD3E02E54B854BAD3F02C2
S3150005A440E54C854CF2AB03026038A54BAE8802E8B5
S3150005A450FD0531A54CCAFD0531304EF24E00804949
S3150005A460E8E8BD0531C900F00EC902F00AC908F0D1
S3150005A47006C90AF0028005209C318019C90FD0054E
S3150005A48020C7848010C90ED00520D6848007C90D43
S3150005A490D00320E913E88E8802BD0531C97FD009AE
S3150005A4A0D202AB03A9008D88023FB300F2AB0310BD
S3150005A4B02218AD370289F6854BAD38026D990289AA
S3150005A4C0FF854C38AD3E02E54BAD3F02E54C30030A
S3150005A4D020BF304CB784F24E008025F2AB0308123C
S3150005A4E0D208AB03A91B8D8802F2AB030204D20680
S3150005A4F0AB03AE8802BD7A31C97FD007D210AB0354
S3150005A5004C5A85C900F00FC902F00BC908F007C9F6
S3150005A5100AF0034C3F8520B6314C5685FFF00854AA
S3150005A5200004FFF00A54000400000F01E0084F1074
S3150005A5300002000E03000854000503000A54000536
S3150005A54003000A58400007000A5810000A000D0BC0
S3150005A550000A58040013000A58020014000D1A00D8
S3150005A5600D7FFFFFF00854000400000F0600085495
S3150005A57000051000085400077FFFFFF00A54000489
S3150005A58000000F08000A54000510000A5400067F53
S3150005A590FF085400130A540013084F01000A580017
S3150005A5A0010D0C7FFF0854001F0C7FFF0A54001F86
S3150005A5B00C7FFF0984854EE8BD05318D4C02E8BD4B
S3150005A5C005318D4E02E8BD05318D4D026009848544
S3150005A5D04EE8BD7A318D4C02E8BD7A318D4E02E8E2
S3150005A5E0BD7A318D4D026054E22200C005A94A8D1F
S3150005A5F01315A9F08D7F04C201120CA92C20501049
S3150005A6008C15028D14027F25034C90D87F2A25AD23
S3150005A610400129800DB302094085178F9D05B200BB
S3150005A6203B800EB2603BCF0808ADA00629C08D7DE4
S3150005A630044CD8FFA2AF9AA5ED8D170CA5EC090120
S3150005A6405FE82E090248ADD20329BF09008DD20362
S3150005A650ADD30329FF09608DD303ADD40329FF09C3
S3150005A660008DD403ADD50329F709A08DD5036880E0
S3150005A6700229FD8D160CA9238D1A0CA9948D1B0C88
S3150005A680C2081F0CF21B0C80FB2053DBC280AC02F8
S3150005A69020938BC2081F0CF21B0C80FB20803C0705
S3150005A6A000FC86C2081F0CF21B0C80FB57B53F9FAA
S3150005A6B0061F9F09AF2106C204C1038004D204C147
S3150005A6C003E23904020CA52229F0C970F00AC9C0B3
S3150005A6D0F006C20100048004D201000407391739C7
S3150005A6E0D202130CD2200E0CAD000C675177512007
S3150005A6F04D1020BBDCC2101D0CC20C0F0CC201058F
S3150005A7000CC2010104F2A3060104C201C006C20C73
S3150005A7101C0CF21C0C0CF7C208130CC2100E0CC252
S3150005A72001FD02ADCE0329FF09008DCE03ADCF0392
S3150005A73029EF09F08DCF03ADD60329FF09008DD684
S3150005A74003ADD70329EF09F08DD703ADCC0329FF58
S3150005A75009008DCC03ADCD0329EF09A08DCD03E20C
S3150005A760A0060814ADCC0329FF09008DCC03ADCD99
S3150005A7700329EF09B08DCD03ADCA0329FF09008D65
S3150005A780CA03ADCB0329F909608DCB03E20806049C
S3150005A790034C9830ADCA0329EF09008DCA03ADCB2A
S3150005A7A00329FF09608DCB03ADCA0329BF09008DB7
S3150005A7B0CA03ADCB0329FF09608DCB03ADCC0329B5
S3150005A7C0FF09008DCC03ADCD0329F709A08DCD0377
S3150005A7D0ADCC03293F09008DCC03ADCD0329FF0977
S3150005A7E0A08DCD03E20604103CADCC03293F09C07C
S3150005A7F08DCC03ADCD0329FF09A08DCD03ADCA03CD
S3150005A80029BF09408DCA03ADCB0329FF09608DCB4E
S3150005A81003ADCC0329FF09008DCC03ADCD0329F784
S3150005A82009A88DCD03A9008DE6028DE7028DFC02F0
S3150005A8308DFD02C2FF37040767A92C2050108C1521
S3150005A840028D14024FD40547D420E3DC27B537B56E
S3150005A850A9188D5F02A905204A5C2048DD20803CA9
S3150005A8604F00178CC2081F0CF21B0C80FB20803C86
S3150005A8700100568EC2081F0CF21B0C80FBADDA03D5
S3150005A8808D160CADDB038D170CA9488D1A0CA98CFA
S3150005A8908D1B0CC2081F0CF21B0C80FBA9008D1624
S3150005A8A00C8D170C8DAB0289102DAC028DAC02A94F
S3150005A8B0248D1A0CA9948D1B0CC2081F0CF21B0CB7
S3150005A8C080FBA9008DD2068DD306208EE2C2081F15
S3150005A8D00CF21B0C80FB5751ADC80329FC09008DF2
S3150005A8E0C803ADC90329FF09208DC903A522C5D50E
S3150005A8F0F05A7F8903B2012FAF42030F4208A90020
S3150005A9008D02028D0302A5D5C9ACD037A9DD8D51BF
S3150005A91002A9438DDF01A93F8DDE0127D420BA4563
S3150005A920C2201C0C0B0B2062D90B0BD715ADD4031B
S3150005A93029F709088DD403ADD50329FF09A08DD5BF
S3150005A940038009A522C9ACD00320BA454C4843C9A2
S3150005A95000D019B2082FA5EC8D160CA5ED0980A916
S3150005A960238D1A0CA9948D1B0C4CFFD84C22D95556
S3150005A970C201050CE2BE062012A522C9AAF009C924
S3150005A980AFF005E22200C0034CC63E2004324C5B04
S3150005A9902E78270AA9F28D7F04AD5A2EC954F007E1
S3150005A9A0A95420143F80F2A9F08D7F04586020D960
S3150005A9B014E239040103202B1178204A1078A70ADE
S3150005A9C0ADE7068901AA290FC906900A8A890AAA46
S3150005A9D0C9409002A2008EE7062049D50F2F08BF71
S3150005A9E04305B7434C171020E0D58751BA8E500260
S3150005A9F04F660547664CA9D5E21E0C08034CA6D53D
S3150005AA00A568C569D00AF21E0C08F2E21E0C0107FC
S3150005AA10270A570B4CE0324CCFD5201D3478204AF7
S3150005AA201078A70AADD1068901C90C3002A9008D97
S3150005AA30D1062058D89751BA8E5102A568C569D056
S3150005AA4007A9012D1E0CF007270A570B4CE0324CBF
S3150005AA5020D72322570BA50B8D5202870B270ABA3F
S3150005AA608E4F02A9402D1E0CD0034C5DD7205ED813
S3150005AA70EFF206A57564F285F2AE5002A569C568C2
S3150005AA80F01889012903A88569B954008562B95862
S3150005AA90008DB50220F4334CB3D7AD000C8562ADFD
S3150005AAA0010C8DB502D280030CE2030C80F74CB382
S3150005AAB0D7EA405547464544434842404A4B4D51DF
S3150005AAC005101315E2311315131513151315131563
S3150005AAD01315131513151315131551151315FF40D6
S3150005AAE05547464544434842404A4B4D5120004050
S3150005AAF048A9F28D7F04208233688D7F046020008B
S3150005AB004048A9F28D7F0420BD33688D7F04608699
S3150005AB107FA57F0AAABD33338585BD34338586A1D6
S3150005AB2085A67FDD2433F01BBD5133852420FF45E3
S3150005AB30B787A52B4820CD5020FD5020E73C6885DA
S3150005AB402B80CE4F87034CC13360378727874787CE
S3150005AB50A524C94FD00320C33CA524C95FD0032033
S3150005AB60D53CCF87E92F8714E79D2091DC20803CD3
S3150005AB70FFFFB494F21B0C80FB20A33CC21C87008C
S3150005AB8060E21E0C402322A5688901290385688594
S3150005AB906DAAAD000C9554AD010C95580878D28078
S3150005ABA0030CE2030C80F728326048A568C56DF0F2
S3150005ABB00E856D0878D280030CE2030C80F72868B1
S3150005ABC060201D342FEC1F38A570E5711002891021
S3150005ABD0C9089009C240120CD220120C60C220127C
S3150005ABE00CD240120C604C6D56201D342FEC034CD4
S3150005ABF068344CF1572FEC034C49284CC659DA20DA
S3150005AC00F4334CD35A20F4334CAC5B208EE2C208A5
S3150005AC101F0CF21B0C80FB602033E0E626A9788D1D
S3150005AC200A0CD202040C3BC202040CB210463B20AD
S3150005AC30E71790034CC5177F4916200EE88F4F0579
S3150005AC40B2104680E9C646D0E5C2280A0CA90060BE
S3150005AC50A9FF60C2100E0CC2405200D218060CA9FC
S3150005AC60788D0A0CD222040C0B0BC222040CA90AFD
S3150005AC708DF3020BE648D005E6497F49105BF0EEF9
S3150005AC804F4FEB0F4FE8CEF30210E818603860100F
S3150005AC90028906AABDC5358548A548F00BC648AD47
S3150005ACA0F3028D000C0B80F1B20C48205835A90132
S3150005ACB08D010CC2806C00B20049207C35C280F043
S3150005ACC006E20F0C8006E649F01A8003B200492019
S3150005ACD07C35A548292DC905F0E0C928F05BC900D2
S3150005ACE0F04E80D660ADF3028D000C0BADF3022954
S3150005ACF0808D000C0BADF3028D000C0BADF30249F4
S3150005AD00808DF302C648D0DD60ADF3028D000C0BD5
S3150005AD10AD000C0A2648A9008D000C0BAD000C0AE7
S3150005AD202648ADF3028D000C0BAD000C0A264860D3
S3150005AD30D2806C00B20F498003B20E49207C35C61D
S3150005AD4049D0F9B21A26A9358DE706D2405200A98F
S3150005AD5000600504030201060B6FEBFCD204EC0050
S3150005AD60B24026206A38C299120CC204130CD201CD
S3150005AD70050CD204040CE20604105CE206048057B6
S3150005AD80E2BE068054A200AD0B042906A8ADCA038F
S3150005AD9029FF8DD9038A0DD9038DCA03ADCB0329A6
S3150005ADA0F909608DD903980DD9038DCB03A010AD94
S3150005ADB00C042910D001A8ADCC0329FF8DD9038A2F
S3150005ADC00DD9038DCC03ADCD0329EF09A08DD9038C
S3150005ADD0980DD9038DCD038079ADCB032906D072A5
S3150005ADE0ADCC0329FF09008DCC03ADCD0329EF09B1
S3150005ADF0A08DCD03ADCA0329FF09008DCA03ADCBCE
S3150005AE000329F909608DCB03A208AD2B0138ED2284
S3150005AE100189FE10111AC9081001AABD4C38186D12
S3150005AE2022016902800CC9081001AABD4C38186DAB
S3150005AE302B01E2FC0202028904CD81063016ADCA59
S3150005AE400329FF09008DCA03ADCB0329F909608DD6
S3150005AE50CB038079CD8206302AADCA0329FF0900C6
S3150005AE608DCA03ADCB0329F909628DCB03ADCC039E
S3150005AE7029FF09008DCC03ADCD0329EF09B08DCD92
S3150005AE8003804ACD83063016ADCA0329FF09008D16
S3150005AE90CA03ADCB0329F909628DCB03802FCD8477
S3150005AEA0063016ADCA0329FF09008DCA03ADCB03CB
S3150005AEB029F909648DCB038014ADCA0329FF09005E
S3150005AEC08DCA03ADCB0329F909668DCB036F6C07D4
S3150005AED0D202D306207E34D2041D0CE21D0C04F7E3
S3150005AEE00BA9808DFE02F208060205E29B0380048B
S3150005AEF0D210FD02A96C8D7002AD6C068D7102C271
S3150005AF00FF170CAD6A068D160CA9138D1A0CA98CA4
S3150005AF108D1B0C0BAD6B068D160CA9168D1A0CA97F
S3150005AF208E8D1B0C0BA900E20806100209108DF088
S3150005AF3006A900E2B1062002A920E20806020209D6
S3150005AF40408DF10620EEEB0BA90685E1ADF4068DE5
S3150005AF50160CADF5068D170CA9068D1A0CA98E8D46
S3150005AF601B0CC2081F0CF21B0C80FBADF6068D16DA
S3150005AF700CADF7068D170CA9068D1A0CA98C8D1B21
S3150005AF800CC2081F0CF21B0C80FBADE5068D160CDA
S3150005AF90A9008D170CA9038D1A0CA98E8D1B0CC241
S3150005AFA0081F0CF21B0C80FB20803C00012D8EC275
S3150005AFB0081F0CF21B0C80FBF75167EB60C20210F1
S3150005AFC001C2405200209676C2012E04208511202A
S3150005AFD01B2B20352B6F52F4600202010101010182
S3150005AFE00100A5EC8D160CA5ED8D170CA9238D1A60
S3150005AFF00CA9948D1B0C60205538C2081F0CF21B3A
S3150005B0000C80FB6067EBC201050C78270AA9F28D57
S3150005B0107F04AD1415C947F00AA94720143FA95363
S3150005B02020E53E5860207D38A9F08D7F044C8A5E68
S3150005B03020F11130034CBE115BD0034CB811A52489
S3150005B040C996D005D7454CB8114CBB5E0745C2809D
S3150005B050BE06C2406C00C202D306207E34A744C297
S3150005B06044EC00206A384C785F20803C0040138E03
S3150005B070C2081F0CF21B0C80FB20803C40000F8C85
S3150005B080C2081F0CF21B0C80FB4CF962BA8EF40247
S3150005B090B28326A9008D010CC2807503C202030185
S3150005B0A0C28011016745A9BF8548A9E04C6D672097
S3150005B0B0B013BA8EF402A9F18D0B0CA9788D0A0C82
S3150005B0C0A9008D090C8D080C8D070C8D060C8DAB12
S3150005B0D00289302DAC028DAC02C2100E0CC2400F97
S3150005B0E00C0BA9098D010CD280040CD202050CD2D9
S3150005B0F0041D0CE21D0C04F70B203612F751D21075
S3150005B100AB0220938B0B874517791F45F8A522E2DD
S3150005B110C0060104291F8002290FF0E94CE467C225
S3150005B12050BD064C5D69F2010401040B6FEBF7C2D5
S3150005B130400E0CA9008D8C06A52209208522B24059
S3150005B14026A91F8548A9D1854920803C6626328EC9
S3150005B150C2081F0CF21B0C80FBD220AB0220938B7E
S3150005B160C2081F0CF21B0C80FB204F11D011205278
S3150005B17011F00410F4800820731130034C556E4706
S3150005B180450745A9CF4C7170207738A9F08D7F0406
S3150005B1906F6C1020803C00029094C2081F0CF21BB5
S3150005B1A00C80FB4CF615D2806C00A9008D1A038D18
S3150005B1B016038D170385D98D1B03A9FF8D3602202E
S3150005B1C0803C0180FC8EC2081F0CF21B0C80FBAD77
S3150005B1D0CC0329FF09008DCC03ADCD0329EF09A0CA
S3150005B1E08DCD03E2A0060814ADCC0329FF09008D19
S3150005B1F0CC03ADCD0329EF09B08DCD03ADCA032927
S3150005B200FF09008DCA03ADCB0329F909608DCB0370
S3150005B210C2100E0CC2400F0CC204FD02F2C006019C
S3150005B2200DE20604011BE2010420167F9F13E2C00E
S3150005B230060108C2806C0047198002C719D20301AE
S3150005B240044C1081207D38A9008D1101A9FF8D12AE
S3150005B25001A90F8D1301D2804100A9024C7F6720F9
S3150005B260AB12D0034C84125BD0034C7E12A524C9C5
S3150005B27096F0034CD967D7454C7E12A5228D3A0127
S3150005B2801F1804C2208006209A2848C2FCBD0668FD
S3150005B2904CF96720C6F0AF250C8F44069F18094C5C
S3150005B2A08A124CD1684CAB68E28006201CD2018C10
S3150005B2B006C752C2104500C2021800204413B280C8
S3150005B2C02720A512D0094C5C684CA7684C75684CBC
S3150005B2D07268BA8EF5029752204914AD130C291CD3
S3150005B2E04CE06CBA8EF502E7514B97450F45FA17B8
S3150005B2F0185F520E2F440BA522290FD005A9FF4C26
S3150005B300D46D3F17034C866D4C776DA9FF8D7B0376
S3150005B3108D7C03C20CBD06E627B24A271F5210C212
S3150005B32011120C207B2020923C0000418C801720B6
S3150005B330B0203745B24E2720702A3745E6272082AA
S3150005B34011E627206820D2080104A9FF8D2104B241
S3150005B3506327D210120C20A829C2012E04C270D967
S3150005B36006A204DA205F29FACAD0F8A201E2BD06D0
S3150005B37010F1E2D9061020E2D90620E7E2D9064007
S3150005B380E2C280D906B26C2720EA2AB26B2720A82A
S3150005B39029C210BD0680C6D2021001A966204E3C00
S3150005B3A0AD39028D7B03AD3A02297F89048D7C0375
S3150005B3B0F2BD060805205F298005A968204E3CF2E6
S3150005B3C0BD06040AE2750380E7E2110180E2D28038
S3150005B3D0120CB26E2720EA2AA90060E2110180024A
S3150005B3E0090185274C85112077384C261EAD390273
S3150005B3F085DAAD3A0285DBAEE302E0069002A204E9
S3150005B4004CC789D240060CD202080CC25F0A0CA9A9
S3150005B410008D010CC280070CC240090CA92A85487B
S3150005B42020803C0080A88CC2081F0CF21B0C80FBF8
S3150005B430D280F006C202F10620EEEBADB6065F6CD1
S3150005B4400289108DF3028D000C0BC648D0EDA9A814
S3150005B4508D1A0CA9808D1B0CC2081F0CF21B0C80C3
S3150005B460FBAD160C10028906AABDC5358548A5484B
S3150005B470F00BC648ADF3028D000C0B80F1D24009E6
S3150005B4800CD2100E0CB2104820583520803C008096
S3150005B490A88CC2081F0CF21B0C80FBD280F006207C
S3150005B4A0EEEBB20E48205835A9A88D1A0CA9808D49
S3150005B4B01B0CC2081F0CF21B0C80FBAD160C4C02B4
S3060005B4C0354B
S3150005B4D04452414D01010F004800480000807900A3
S3150005B4E001700000D3700000D20000008302000046
S3150005B4F03B00000051435F42305F52414D5F434F71
S3150005B50044455F564543544F5253004C004C00008A
S3150005B51080B600D3700000317300005E020000CBD8
S3150005B5200500006700000047454E4552414C5F52F5
S3150005B530414D434F444500F800FFFF0080F800BF2A
S3150005B5407400003575000076000000430F0000907A
S3150005B5500000004153504B5F52414D434F44450057
S3150005B5605C005C000080F50031730000B3790000D3
S3150005B570820600001B110000C300000051435F4115
S3150005B58050434D5F434F4D4D4F4E5F52414D434FD7
S3150005B590444500FF00FFFF00804D0035730000BFE6
S3150005B5A07400008A010000232B0000ED0000004115
S3150005B5B04450434D5F52414D434F4445004D004D68
S3150005B5C0000080FC00C3790000FF7B00003C020000
S3150005B5D0004B3100001A0100004C4556454C4553B9
S3150005B5E0545F52414D434F44450056005600008076
S3150005B5F0A300C3790000797A0000B60000003B3A43
S3150005B6000000480100005633345048415345315F28
S3150005B61052414D434F444500450045000080AA0070
S3150005B62001700000D3700000D2000000133D000039
S3150005B6307B01000055505F42305F52414D5F434FDD
S3150005B64044455F564543544F52530053005300003B
S3150005B650801000E7780000E8780000010000005B34
S3150005B660400000AC01000055505F56333450484148
S3150005B6705345325F52414D434F4445005B005B00E5
S3150005B68000802300E7780000FA7B00001303000022
S3150005B6905F400000D5010000415639325F52414DE9
S3150005B6A0434F4445004600460000803700D37000EE
S3150005B6B000D1780000FE070000AB4C000008020030
S3150005B6C00055505F4150434D5F434F4D4D4F4E5FC3
S3150005B6D052414D434F44450000000000FFFF000066
S3150005B6E0000000000000000000000000FFFFFFFF53
S3150005B6F0270200004C480001000000FFFF00000083
S3150005B7000000000000000000000000FFFFFFFF46EC
S3150005B710020000F8FF0003000000FFFF0000000024
S3150005B72000000000000000000000FFFFFFFF6402AC
S3150005B73000005C0005000000FFFF0000000000009F
S3150005B7400000000000000000FFFFFFFF830200006D
S3150005B7505B46004100718500003400BD01020040D2
S3150005B76002027E7C02027E9C02027EDB02020ED370
S3150005B7700C420EDC0C427EB403027E310F427E453E
S3150005B7800F427EEA02127E6B0F4204FB0F422C4AE1
S3150005B7900C527E240D527E5D0D527E02023200FE53
S3150005B7A00C427E4502327E9F0D527E5603327E6CDA
S3150005B7B00042368F014236310F427E0402427E72C6
S3150005B7C001526C0302527EAE0D5200140F527E1CBE
S3150005B7D000727E2400727E2B00727E5000727CBF42
S3150005B7E00C527E8A00727E9300727ED30C527EE3E3
S3150005B7F000727E1202727E1602727E9402727E7B41
S3150005B80007027EF603726CFC0372120204027CF3D5
S3150005B8100C527E240402124904027E7504028ECA65
S3150005B820040200F704027EF704027EBC06027AF8DB
S3150005B8300C527EDB06027EF306027E0607021C1C00
S3150005B84007021C2C07021C130D527EC507027EE655
S3150005B85007027EE607027EEC07027E4804327E6713
S3150005B86004327E8104327EEF04322A7A0F427EFE4E
S3150005B87004322C5705327E160E425ACD06327E66A6
S3150005B88007327EA70F427C0F0C527EB00C527EF417
S3150005B8900C527E360D527E770D527EB10D527EEFDD
S3150005B8A00D5206BA0E5212870F527E600C6228F4AC
S3150005B8B00C627E5E0D627EEA0732040604427E3B1A
S3150005B8C004427E2206427E630642489206427ECCAA
S3150005B8D007427E0B04527E0B05527EA206527EF966
S3150005B8E006527E260E427C370E427C470E427C511E
S3150005B8F00E427C0004627C0104627C5F0E427C2859
S3150005B90004627C2904627C2A04627C7D0E427E4F99
S3150005B91005627E810E427EBB05627ECE05620426E9
S3150005B92006620E7F06627E0907627E2F07627E85A6
S3150005B9300E427E5608227E6C0822127108227EB3BC
S3150005B9400E427EA508227EAD08227EDA08227EE911
S3150005B95008227EF80822226709223EEC09223E23A8
S3150005B9600A223EAD0A2222190B2210370B22105E3F
S3150005B9700B2236AD0B2210DA0B220ECE0E427E516D
S3150005B98009327E9D093210670A327EAC0A320007FB
S3150005B9900B32285D0B3228790B3214BF0B3228FC8B
S3150005B9A00B327E9009427E9909427E260A427E190D
S3150005B9B00D527E7C0A427E7C0A427E200D527EA571
S3150005B9C00A427ED10E4204270D527ED30E427E13C5
S3150005B9D00B4232280B4232310F42005F0B427E3555
S3150005B9E00F427E350F427E350F427E940F427E2AE8
S3150005B9F00D527EEC0F427E310F427E5508527E95E2
S3150005BA000F427E100952043E09527E5309527EC8E2
S3150005BA1009527E140A5206F50F427E080C52061884
S3150005BA200C527E230C5206310F427E530F420611ED
S3150005BA300D527E6F0F427E100B6240300C52400F46
S3150005BA400D527ECA0D0232F00D027E1F0E027E5F7A
S3150005BA500E027E270D627E530D627E0D0F02125970
S3150005BA600D627E5B0E127EA40E127EFB0E1200EB9D
S3150005BA700E427EED0E427E000F427E020F427E068C
S3150005BA800F427EF60F127E2B0C227E6E0C221C8F29
S3150005BA900C221CB40C227E940F4200D5CCC30A2579
S3150005BAA006630ED7ECC300790302000002180400F2
S3150005BAB005070600050708000507004A03020000FA
S3150005BAC0001A7CAFFF3F1CE6A8C33E040C43006783
S3150005BAD004230A150523484306231C8305230E0064
S3150005BAE0001A7CAFFF3F3EE8B4C33A8503023A002D
S3150005BAF0210748EBC8C33A9E03023AEC0C423A4C7E
S3150005BB0004631C00621A00E403031A00501A0000BD
S3150005BB10210730000D0700004507008305230E4069
S3150005BB20210700BC04130090002A000021070040ED
S3150005BB302007000100087CFDB8C3000500180000B9
S3150005BB400907009D030200C4001A7CAFFE3F4604A8
S3150005BB50BDC37C00210746FF7F3F00100232000669
S3150005BB600D436C1A02327CFF7F3F7C10002F201D8F
S3150005BB708DC37C01002F00B4801A68F0160F0000F3
S3150005BB80FD048000D884810A3A1A0000FD0480006D
S3150005BB90D8848104001A0000FD048000D884810041
S3150005BBA0FD042640D804001032180000D9040054BC
S3150005BBB076180000D9040000001A20F7FF3F7CFC28
S3150005BBC0FF3F00002107203495C37C01002F00307C
S3150005BBD0052A68F0130F00CF021800002D07000094
S3150005BBE0FD44800020070000D944810B301A00006F
S3150005BBF0FD44804020070000D9048060200700002E
S3150005BC00D904800020070000D90480202007000001
S3150005BC10D9448100001A20DFFF3F7CFCFF3F7C50A2
S3150005BC20001F504BE5C37C50001F204BA1C37C0170
S3150005BC30002F005EC40E002F023A68C0110F7C501B
S3150005BC40001F58C0100700A0B004000021476CC0B3
S3150005BC50200758004000580040007C50001F000097
S3150005BC60D9047C50005F6D80B0047C50001F000035
S3150005BC70001A20FFFE3F7CAF010200ACFF3F6CFFC0
S3150005BC807F3F7C10002F20E899C37C040E437C413E
S3150005BC90002F5066E5C37C50001F2066A5C37C01B6
S3150005BCA0002F005F840E002F023A68C0110F7C50EA
S3150005BCB0001F58C0100700A0B0045019000F7C5093
S3150005BCC0005F6CC020077C50001F6C00000F000051
S3150005BCD0D9047C50005F6D00001A20FFFD3F7C50A3
S3150005BCE0001F0080B0047CAFFF3F7C10002F0030A2
S3150005BCF0052A68F0130F00CF021800002D07000073
S3150005BD00FD446CC02007800009476D0B301A000002
S3150005BD10FD446CC02007800009076CC02007800021
S3150005BD200D076CC02007800001076CC02007800046
S3150005BD3005476D05501A20E59DC32A00000F00C072
S3150005BD40250728FF074F800058042C3F003F2CC0CD
S3150005BD50200728C038070000FD04000044076200DC
S3150005BD60803F6200C52500400907628DBDC32A6074
S3150005BD70002A28C020070059FA2804000507008E66
S3150005BD800D422840552528C020070088FF28002099
S3150005BD903907000051448160002A2C00000F2AC093
S3150005BDA02007020005072AC080007C99A9C32C003C
S3150005BDB060000000FD042AC020077C96B9C32A004E
S3150005BDC0FD042CC0200700000507000600087CAC12
S3150005BDD0B9C3002F052A2805000F00C021070078E2
S3150005BDE000280000390728004000000020077CAA2B
S3150005BDF0FDC328A3BDC30000001800000907000005
S3150005BE0021072830050F28C020C70B77002800001A
S3150005BE1039072CFFFF0F000020077CDFF9C37CDF05
S3150005BE20FDC3000055442AC080007CB9A9C32C0077
S3150005BE3060000000FD442B0055042CC020077CDF64
S3150005BE40F9C30030050E2C0040000077003A00A02B
S3150005BE50380700603107800020077CD9B9C3620026
S3150005BE60FD4428C038070000FD048000200700A017
S3150005BE7038070000FD04800009472900FD0462011A
S3150005BE80000F2AC020072AC080007CD2E9C362C001
S3150005BE90C00062CE99C32A0055158040090728C0FF
S3150005BEA038072AC02007800009072C0040002CDF30
S3150005BEB0FDC300A02007008807087CDFBDC3007806
S3150005BEC000280000150700C00D420000FD0428C02B
S3150005BED020070078002800005104008807087CAE7A
S3150005BEE0EDC32800001A203FFF3F7C020E432010B9
S3150005BEF0002F200092C37C01002F00B4801A68F041
S3150005BF00160F0000004B80880C076CC02007808048
S3150005BF10040780000147810A3A1A0000FD44808023
S3150005BF2008076CC02007800001476D04001A000051
S3150005BF30FD446CC02007800001476DC02007260020
S3150005BF4009070000001A20EFFF3F7C020E4320ACD4
S3150005BF50FF3F6C0080AF7C04BEC37C0021877CAFAD
S3150005BF60FF3F1A05BEC31AFF7F3F00B494181AC0D7
S3150005BF7080017C07BAC37C01002F16FF1F3F16C040
S3150005BF8020077C10002F0000D1047CAFFF3F1AFF6D
S3150005BF907F3F1AB494181AC080017C11BAC31600E3
S3150005BFA021071AFF7FBF7C00001A00685A0E5A0344
S3150005BFB010070000211700001107481DD2C3108283
S3150005BFC0053210002407000317070007171700049A
S3150005BFD015170000110700002307100003077CF75B
S3150005BFE0FF3F008A05322CAFFE3F7C10002F00C0B4
S3150005BFF07D0400A07904008045040000E41A7CAFA6
S3150005C000FF3F000D0009463586C3000021074C0099
S3150005C0102C0778C02007D00001074D60010700BC3A
S3150005C02007527A002C0778B9075278AFFE3F7C1085
S3150005C030002F00C07D0400A079040080450400009F
S3150005C040E41A7CAFFF3F44C06C074641C6C302D322
S3150005C0500752020021074E202C07000D0009D020AB
S3150005C060F0044F60050700D707527CAFFE3F7C10F2
S3150005C070002F00C07D0400A079040080450400C897
S3150005C080012A7C50001F465086C370E8075270E3AC
S3150005C090075200AFFE3F7C10002F00C07D0400A0B4
S3150005C0A079040080450400C8012A7CAFFF3F38C0EB
S3150005C0B0E8047C40002F465CC6C34EF707524E0087
S3150005C0C000180000E50400FB07527CAFFE3F7C101C
S3150005C0D0002F00C07D0400A07904008045040000FF
S3150005C0E0E41A7871BEC376C0140774C01007202001
S3150005C0F02C07000D0009A420EC04216005077C50DF
S3150005C100001F72C014077C50001F00A0E8040078C9
S3150005C1100E4278C0200722002C07000D0009A40056
S3150005C1200107236001077634120F7478560F78FFDE
S3150005C1307F3F3EC038073CC0340722C030070000A9
S3150005C140FD04FE0021074C80A6C3002905620028D0
S3150005C150056200DE092300A3761812100507108B69
S3150005C160056210C8012A7CAFFF3F4C2020074E20F0
S3150005C17080210002000E000801737C0051047C54E6
S3150005C180FC234E0020074C0080210002000E00080B
S3150005C19001737C00FD047C54FC2328C0802100002B
S3150005C1A021110000FD0400400F13000021075A006D
S3150005C1B014070001E01A14A3EEC300603107082036
S3150005C1C020077CA3BEC300E10523009105230000DB
S3150005C1D0210708000031080001070038082200C8B9
S3150005C1E0012A7CAFFF3F4C2020074E208021000806
S3150005C1F0000E000801737C0051047C96BEC34E00F8
S3150005C20020074C0080210008000E000801737C0001
S3150005C210FD047C96BEC3285108222800201A240155
S3150005C220001F2480C0C33EBBF6C31288E823488995
S3150005C230FC2348BECAC3127B082212FEE01838004A
S3150005C2400107007E082200810C4322FEE018380013
S3150005C25001070000201A127EFCC33ADFFF3F12C613
S3150005C2608EC312950822127DD4C32200001802003F
S3150005C270010722E7942300470923000021077CE7ED
S3150005C280BC23229F0822220021073E01B433480021
S3150005C29008320000E41A32B90A423200E41A1CF2E6
S3150005C2A0864300202007022080210002000E000898
S3150005C2B001737C00FD047CF2FE432000200722006A
S3150005C2C080217CF2FA437C10002F00E4BEC37CAFCC
S3150005C2D0FF3F008020077CF2FA4300D20C4200AFF4
S3150005C2E0FF3F00240B4320A10C4332350B436E3828
S3150005C2F00B4200E2A87342C30D62421021070401F6
S3150005C3000F120410210704F2E2C300830F1300E3A2
S3150005C3100F1300800F130000210748790C43007C9A
S3150005C3200C4300102107003F092300560F13000098
S3150005C33021070422E39300830F130000621A1C20D1
S3150005C340A393202044070041E618241B0F1224104E
S3150005C350210704250F1204790C43007C0C430010B9
S3150005C3602107002D0F120000201A047D0F1300036C
S3150005C370621A00A60A230000201A1414BBC3120071
S3150005C38021070E002C0700603107000001B12300CC
S3150005C39001070000510428C0A08029C020071216F5
S3150005C3A0A7C30000001800101507060310070001B3
S3150005C3B021170000213700C8012A00B806034CA43E
S3150005C3C00E4200AA00AA08C0323ECF101000009304
S3150005C3D0A92200A30A2002F0132EFC02010100097E
S3150005C3E0B1A82A01000800C0003EFF201000000980
S3150005C3F020882A29A00A20DC220CCC23010000B3C0
S3150005C400A0A02823088220EC122DCC11030000BB26
S3150005C41023802800001A12C0D4046AC05C041440A4
S3150005C4202007000015070ECDE0D31CCDC4D31CCDC7
S3150005C430C0D300000131000001312800A10028C049
S3150005C440A00028C0140714A0080700007A1A0000E7
S3150005C45021071CD2C8D346D2CCD300340C4300776F
S3150005C460007200B1017300F4001A1240200712C0D1
S3150005C470D4046AC05C0400BF04032E800C07122096
S3150005C4800D07200009074CDE8CD31060200700003D
S3150005C49051044CE1DCD300DA00720000CE1A00002C
S3150005C4A01107202020077CEEB8D36C7ED20E22A081
S3150005C4B004076CFF7F3F0007CE1A00E00F1300014B
S3150005C4C000186C00802F2000050700280C4200FF8D
S3150005C4D07F3F0006CE1A00C20F1322E50F1300C7D1
S3150005C4E000720037801A000000181CF788D3001E5A
S3150005C4F00402000E04020000E41A7CAFFF3F0000B0
S3150005C500F00E20A0000702A000074EA0000722A0FB
S3150005C510040700A004074CA0040722A0000700A0FA
S3150005C52000074CA0000720A0040702A004074EA0A0
S3150005C53004070000800E22A0000700A0000702A045
S3150005C5400407000D000900802D070000004B8480BC
S3150005C550040784800007A4800007A480044785D5C6
S3150005C5600602000021071C1689D3467A07024618DB
S3150005C5708DD30A7A07020A4007020A00E41A00CD9B
S3150005C5800C1848000507000000186C0001076E002E
S3150005C590010732730A423200E41A7CAFFF3F0000FE
S3150005C5A0F00E20A000070000000E22A0000700A044
S3150005C5B00A4200F30A437C0D0B436CD60A4200007F
S3150005C5C0901A4C939B434C8697434CDFFF3F0000E4
S3150005C5D0B01A000000180200010700000507020056
S3150005C5E009070074E90D027C0B420200621A00007D
S3150005C5F021071A202007182080217C37BFC3000B8E
S3150005C6000028000600087C3AEFC33A03002F00E431
S3150005C61003031A0B501A4C42A7C340429BC300A8FA
S3150005C620F20D0000110700F30313000021070000B7
S3150005C630001A00AC0C4300A020070A499BC300ADB5
S3150005C6400C43040021070040200700BF0C4300925D
S3150005C650BBC300A008071C4EABC37C040C430000FB
S3150005C660001A2054C3C3200021070040200700F705
S3150005C67009532E900F4200C050040A5ADBC3280EF8
S3150005C680003F28C020077C5CBBC300AD0C430402F9
S3150005C6900113040021070040200700B00C430002E7
S3150005C6A0000E0000013128E0800028C2100732E0A4
S3150005C6B004371E000D073200010700AE0C4300AF1C
S3150005C6C00C4300B20C4300990F4300B40C430059C8
S3150005C6D00C53405D0E534C002107046FB7C300563B
S3150005C6E00D5300B80C43000021070674FFC31EE96D
S3150005C6F00E4340750F4200E90E434000210700C076
S3150005C70050042800FF3F3CFF003F28C020073C009F
S3150005C7100125007001536C00802F1E4020073E80C6
S3150005C720BBC33200200700030C5300BD0C4332B5D2
S3150005C7300C4306AB0C4300BE0C4300B10C4306B3D9
S3150005C7400C4306D10C5306490C535E0021073A8E5D
S3150005C75083C33A8DC7C33AFEFF3F7EFDFF3F004CBC
S3150005C760046300C00C4300002107200060000000A0
S3150005C77021073A49F7C3000A0232001015077C0360
S3150005C78010070000211700FA08520000450740F37C
S3150005C7909FC3320020072A00A1002AC0A00000007E
S3150005C7A0541A00AA2A18000058042CABBFC32CE85B
S3150005C7B0FBC30056D50E00A004070000000E00A01E
S3150005C7C0080700A00C070024000E00A0000700A023
S3150005C7D0580400002107002000210010050700006D
S3150005C7E02907004020072AC0100700A3170700875E
S3150005C7F01727000009170060002100100D072C00FF
S3150005C80040002CC02007000001077CF3BBC3006075
S3150005C81020077CBEBFC32C00E02F0000811100005D
S3150005C8205504004020077CC3BFC32C00601F0000D1
S3150005C8308111000051042AC080017CCAAFC37C0067
S3150005C840550400602011000051042C00201F000033
S3150005C85021072CD01407009E01E319A058040020D7
S3150005C860000E000211072AE080100062352800003C
S3150005C870250700FF7F182AC0802100001107000345
S3150005C88017072AC0101700011707000021370000F7
S3150005C89020087CDDFFC32CFF1F182CE0B7C32C0036
S3150005C8A08111000020282CC000210003000E000283
S3150005C8B011072CE08010000009072CC02007000096
S3150005C8C005072CFCFF0F002020072C0060002CC05C
S3150005C8D01007008000070000001A0000811168009B
S3150005C8E00021680001072CF2BFC34000FD047E7FCE
S3150005C8F0FF3F004021070000009A0000001A0EDCE9
S3150005C9009253260030070401E4D300003A1A00804A
S3150005C9102D070000000B82121416831114B60110A0
S3150005C92021360073002A00CE0A52000B3A1A00DEA1
S3150005C9300A520000001A0EEB92532600300700003B
S3150005C9403A1A00E80A520016AB533A16C3530E16A6
S3150005C95093533E16EB530AC050042807003F144074
S3150005C960140728C02C0700A020070000013100008D
S3150005C970150700002107B42310072600301700000D
S3150005C9803A1A00FB0A520000001A0421E4D30000FB
S3150005C990000B000000180627AF53240021072C20A2
S3150005C9A030070000361A001F0B520009361A002AF6
S3150005C9B00B52009CAF53000000180636B4D3102066
S3150005C9C01C0714601007100020071221140710E039
S3150005C9D0043710000107400014074A201C074601CA
S3150005C9E020074AE0043746000107000011070080CA
S3150005C9F0000E10201C071001200710E00437100058
S3150005CA0001070644A8D33A44C0D32C2030070AC0F0
S3150005CA1050042807003F28C02C0714601407C022BD
S3150005CA20100728E0801000002507144020070000A5
S3150005CA30361A00520B52000021072C2030071440ED
S3150005CA4020070000361A00A10B52004A0C525E0060
S3150005CA508018302054042A00C5352A3F003F2AC0D5
S3150005CA60C0002A4055252AC0140700FFFF1802609A
S3150005CA7000217C57BCD3020500186201801F0040C7
S3150005CA80150702000D0730A0048700BFA4D30208CE
S3150005CA900D5300603107800050043200240728BF7B
S3150005CAA0FCD3026010073020C4040060002A00FF92
S3150005CAB0FF180040002100C000087C67BCD300C0F9
S3150005CAC000180000090700802007626BBCD300062A
S3150005CAD0002800600028001039070080210700C0E3
S3150005CAE0812100002D0700202111860080310000DC
S3150005CAF01C0700011507860020378600090700E098
S3150005CB0000070060002A40BFBCD31640500428BF6A
S3150005CB10C0D32801000F28C0200716000907000BFF
S3150005CB20003A0000045800003907000400280600F2
S3150005CB3010070060002A0000210780800C470100CD
S3150005CB40021800000907000A000900802D072A0BB4
S3150005CB50000F0000214782602007807480017C91C8
S3150005CB60BCD38274200680800C0700002147830011
S3150005CB7021072A0040002A8BBCD328FFFF0F00603F
S3150005CB801047826020078060802128C080017C9E36
S3150005CB90FCD38294140728C05404000051040000F5
S3150005CBA021478318001828C080017CA5FCD30060A6
S3150005CBB010072800000F00AC0C52000021072AC000
S3150005CBC020070000013128C080017CACFCD300A001
S3150005CBD010072AC05004000004EA0100101828C0F6
S3150005CBE08021000025070080200700201107280B5B
S3150005CBF0000F0000100E8000440762FF7F3F86008D
S3150005CC0080017CBAACD386A024076200802F8620DB
S3150005CC10090780400907280040C08980240728B4F1
S3150005CC20BCD38000009A000B00094CD0E4D3006009
S3150005CC3000EA1700000B80800087818008878180C5
S3150005CC400C8701002018000009C705CC4C18020006
S3150005CC5002180C000507000004180E000507000061
S3150005CC600618100005070000009A000500180607BB
S3150005CC709DD33A07C1D300080D5300202007800035
S3150005CC80500428DDBCD38200C40462C0800062C0A3
S3150005CC90800062C080017CE3F8D320600121222058
S3150005CCA0140714172D071E40203700002111860092
S3150005CCB0090720C054042AFEFF3F2AC020077CEB43
S3150005CCC0B8D34C00400E2220100700002117220081
S3150005CCD005074C07E5D34007B1D32820440762036F
S3150005CCE0003F0000040B0000040D00402D071460F2
S3150005CCF020110000150700402107000300087CFCF1
S3150005CD00B8D30000080B0000020D1E4020077CFC6E
S3150005CD10FCD3000021C78360002A000021078C6030
S3150005CD202007002081017C07BDD3000100288C0067
S3150005CD300D078C411C078C0020378CE008078C00FA
S3150005CD4001070000009A0000040930205004280F4E
S3150005CD50BDD32A20000E2800801F28C2100700E038
S3150005CD6050042A0B000F005508622A0021073200DD
S3150005CD702007242080312400803132000507400039
S3150005CD802107080BFAD378000D070000211178005A
S3150005CD900907064CFDD34C4CA5D3002FE9D3280033
S3150005CDA0043A0002001882000907000100188400F1
S3150005CDB0090700C05004287F003F28C02C07003013
S3150005CDC0052A0000000E800020070000002A00004A
S3150005CDD0043A0000FD0486A0080788000907004BF1
S3150005CDE00D520005000F2A00040F0028003A2C7F7B
S3150005CDF0050F2CC038070000FD0400001007800051
S3150005CE0020072AC038077C10002F6206000F6240F3
S3150005CE10BD046200C9007CAFFF3F6200C525000165
S3150005CE20000E0040090702A0080704A008070680AF
S3150005CE30080700C0210700040028000055042CC07F
S3150005CE4020070078002800005904280040002833F0
S3150005CE50BDD32C00001A00080D5300FFFF180080F3
S3150005CE6001210000310784005004006021070003FA
S3150005CE7000280000250728C00021009008620060F0
S3150005CE80002A405EB5D30000000B061421060600F5
S3150005CE90001A00802007000000210000010700009D
S3150005CEA0761A00002107186014071860500428FF39
S3150005CEB0003F28C020070C0001070060002A002F4C
S3150005CEC00518042000210220540400BC042A000091
S3150005CED025072AC04407623F001F7E4009072AFA34
S3150005CEE0090F2800040F2C0005CF1F6031072AC043
S3150005CEF080002AC038072AC0F0002A7B81D300802B
S3150005CF00000B000014070000211700004507007CF0
S3150005CF100D522800440728C03807623F003F0040ED
S3150005CF200907004021077CC5F9D32ABC042A00005D
S3150005CF3021077E0060043040613530C020077C94AF
S3150005CF40F9D37E0044076290FDD3004021076200B5
S3150005CF50802F7E40090728C038070020210700409A
S3150005CF60090700A00D52280800182CC00021000052
S3150005CF70590400C50D522A2F050B0078003A00808A
S3150005CF803807008020070078002800001107800078
S3150005CF90140762A05C352EC020077C96F9D3008065
S3150005CFA02D0700C021072800600028006000280022
S3150005CFB060002E00000F307F000F2CC038070000E0
S3150005CFC02107000044470001002862C080007CB1AB
S3150005CFD0A9D3300039072E0060000000140728C0C9
S3150005CFE038072800600000A00807300040402D00E3
S3150005CFF0600030A5BDD32C00200B2E0040002EC0AE
S3150005D00068070040950762A000000040150700016B
S3150005D010001B7CBDF9D32E0011072E00600000FD14
S3150005D020FF1828C000212EC08021000039072EC018
S3150005D030200702000907048008072A0060002AC0A5
S3150005D040200700000A087C72FDD32A00040F006041
S3150005D050002A0020000B28C0240716200D070A20E9
S3150005D0605C04122058042AC038070040000D2EC063
S3150005D0702007003F00087CD6B9D32A80000D2AC0B8
S3150005D080380700002107000044072E40613500429D
S3150005D090150730C020077CF9F9D3622015072C4007
S3150005D0A0613530C020077CE3B9D30020811100002B
S3150005D0B01507000100180200002100002D0728C0F1
S3150005D0C038072A00600000E00807280060402AC0EB
S3150005D0D038072A00600000002007000008087CF4D5
S3150005D0E0FDD32800450700A00031000009070040D0
S3150005D0F0210700A0803128C03807280060000000FD
S3150005D10009472BC0200700FF0D5200E0C42500404B
S3150005D110090702002007000300282AC00021000095
S3150005D12055040060002A00002107166080017CD6A0
S3150005D130FDD32A0021070A20540400F709630000DD
S3150005D140100B2AC020077C0AFAD32200400B228046
S3150005D15004870080000E00C0500428FF003F28C247
S3150005D160100728E020074056EAD328C0C404627F8A
S3150005D170003F284001074C56A6D30040790400001D
S3150005D18021074042B2D3000021076200000F00A725
S3150005D190052A2A01000F000020077C1FFAD32A4022
S3150005D1A0C52500C0210700780028000039072AC0D8
S3150005D1B0C0002A1C9AD30060042A00FFFF1802004B
S3150005D1C000210006000E0202110700E02007006894
S3150005D1D00428000039C717FF7F182A05000F00002D
S3150005D1E0114780002007633596D3008080017C3582
S3150005D1F0AED3000011072AC014070000FD0462C063
S3150005D200C0002A004040818020077C42FAD300787E
S3150005D210000B0002210700E054042AC080000030FC
S3150005D22005182AC0002100003907004E0E523C3071
S3150005D23005180077003A6205000F000039076200FD
S3150005D2404000800020077C4EFED33C00FD04624E64
S3150005D250FED33CC021070078002800450E5200C0C9
S3150005D2602C070000FD04800020070000001A0003BB
S3150005D270E363000A9F631E008111000A0B621E0804
S3150005D2800D53000021078600200700019F6300005B
S3150005D290811100010B6200010B62005FA6D340C33A
S3150005D2A0F1E33200009A00BC042A00FF7F0B2EBC76
S3150005D2B0040F1E0020070043FB280000550400004C
S3150005D2C0450700002D072A0040002B75FED3006098
S3150005D2D031072EC038072E006000A2002047A000A7
S3150005D2E080017C73AED3A0001407A2A00807A00096
S3150005D2F00907A0002047A1680E522ABC042A00404F
S3150005D3002107000B000E00A080217C7CAED30040D7
S3150005D31015C701860E5200002D0700FF7F0BA000E2
S3150005D3202047B600802100002111008080017C8500
S3150005D330AED39E001107006031079E002047B760F7
S3150005D340450762FF0F3F00BC04180040012100009D
S3150005D350390700B0300700A02007000100280000AB
S3150005D360450700B30D030000150700000018A003CC
S3150005D3701007A10110A7010021370060002A00E56A
S3150005D38021087C9AAED30000201800A30E5200088F
S3150005D39026087CA3EED300AC2A087CA0AED30049B0
S3150005D3A0281800A30E5200E12F087CA3AED3003344
S3150005D3B02D180000450702402407046020070020B9
S3150005D3C010071020140700BC042A000021070C20B2
S3150005D3D00907140009070280080706A00807004088
S3150005D3E0090700A60D0300001507140310070040E2
S3150005D3F0C5170000100B62B682D30000200B000390
S3150005D4001507000021170E00090700AA097200BCBE
S3150005D410042A00002218000080017CF2EED30E00DB
S3150005D420000D40F2FAD30E8005EA0BFC3E4E0018BD
S3150005D43020072003100722011037000021370200BC
S3150005D440003100002111002001310000250700C030
S3150005D450210700780028000039070010214701BC84
S3150005D460042A00202111060080017CEEAED30000BF
S3150005D4700328060080017CECFED362060018020034
S3150005D48080017CEEFAD30000200E005E001808002D
S3150005D49000212A0080CF0D00390728FF7F4F820023
S3150005D4A0200780008021000021112AC080017CE42C
S3150005D4B0FED32800550428C080017CE7AED32A0098
S3150005D4C051042AC310478300211700BC042A28C02B
S3150005D4D080017CEEBED36200200F00060F520000CD
S3150005D4E0100E14031007000021170E0009070E0081
S3150005D4F02007001A0D630032CA2840F7BAD3008008
S3150005D500002800002507000013070C021407000079
S3150005D510211700FF00087C04BFD362E080000010DD
S3150005D520000E000211070020000E0040110700E062
S3150005D530203700050F52000020180000450700405F
S3150005D540090700A60D030060002A0000080B00422B
S3150005D550950700E0100700031507000121170000D5
S3150005D560212700000D070000001A000001184200DF
S3150005D57000214200018700BC042A6200000F00005A
S3150005D58020070060002A0000012100000131041770
S3150005D59015070001251706400D3702000D07006027
S3150005D5A02007000020087C49FBD34049B7D3007605
S3150005D5B000C90120210729FFFF0F0021180E2800A9
S3150005D5C0600000031107008020277C26AFD328FFC3
S3150005D5D07F18008080210046180E00031107000001
S3150005D5E021170000020B28C214070060002A00E07C
S3150005D5F0002106000D07002011072C05000F28A79E
S3150005D600050F2A30050F28C0380728C020070078DF
S3150005D610002800005104000020077C43FBD32AC0E4
S3150005D62038070000214780031407000021178000F2
S3150005D6300947817800182AC00021000055042C00EE
S3150005D64040002C38BFD328490F520000001A0001AC
S3150005D6500018420001870000210720C054042A1E35
S3150005D660003F2AC020077C52FBD32800009A007889
S3150005D670E4E328FADBD328F2CBD30270A3D3000167
S3150005D680000B0002000C2800040F28C054042C0BC4
S3150005D690000F28C0380728C020070003002802000D
S3150005D6A000210000510402002C0700002007840019
S3150005D6B01407820024072AC038072C004000000002
S3150005D6C009077C70FBD302E00807048008070620DB
S3150005D6D0090708A008072AC020070005002800003A
S3150005D6E055042C5BBFD32800761A0096C618186019
S3150005D6F05C040060002A2E00400008201007022066
S3150005D700C404623F003F024005070040590400205B
S3150005D7100021002060040000250700002307000003
S3150005D72047072EC0002162004000004081017C842D
S3150005D730FFD30040210700BC042A000025070C8002
S3150005D7400807000023077C10002F00004507620725
S3150005D750003F124009075E03000F62008900623F21
S3150005D760003F104009075E09000F620089000E4060
S3150005D77009077CAFFF3F30C02007000300087C9FE8
S3150005D780AFD31205001830C0802112008021000099
S3150005D79045070E001007008020071000140700A992
S3150005D7A00F520000802100FFFF28000045070006F4
S3150005D7B0001830C0802112000907100010070E005E
S3150005D7C01407008020072C3F001F0005D01A0060B3
S3150005D7D0310700FFFF682CAF83D398A00C0700B470
S3150005D7E00F522C000D0762B3BFD362002107988044
S3150005D7F00C07620040002CC080402D0B00182EC07F
S3150005D8000021000055C4050500090000000EA4A06E
S3150005D8100C8701A0440794A20487011000087CC266
S3150005D820FFD36200600000F0FF2800BD0F5200C064
S3150005D8302C072C400D076201000F00FFFF287CC94D
S3150005D840FFD362C0C00000C50F5200C01007A480F8
S3150005D8500C070005003A2A800C472801000F2C60AA
S3150005D860540498602407006031072AC02C0700007D
S3150005D8700018A460100700000121000015070080AC
S3150005D88060043040613530C020077CDBFBD30001E6
S3150005D890001800A00021002081017CE7FFD330207D
S3150005D8A08121308060043040612528E983D330E04A
S3150005D8B050042AC014072CA00C072A400D0700E9BE
S3150005D8C00F5230FFFF1F3080603530C010076240B1
S3150005D8D081007CD4ABD36200800FA4800C072B009B
S3150005D8E04000A46010072AD4BFD394650B7294BC7C
S3150005D8F0042A000000D8072F0009840009879D0027
S3150005D900098701FB04EA650000188400098701BC44
S3150005D910042A0004000B0602140700E02007000491
S3150005D920002800006104003C000B0402140700E017
S3150005D9302C070072051800E000210000390700BC1D
S3150005D940040B6A002007008038077C66F883000010
S3150005D950000E16A008070E005404006031071400D7
S3150005D96009077C1BFCE3000055040006001800FFB0
S3150005D970FF282AC090007C12A8E30000D01A0000F8
S3150005D9802D07000021079860540400BC042A008076
S3150005D9902D07006021072A0040002C00800F2E006D
S3150005D9A0000F0076002800002D0700FB042A000062
S3150005D9B02107EA002007000009070200500428C0D5
S3150005D9C0800028C0801100802D072CC0C0007C2E49
S3150005D9D0A8E3300060002C01000F6200000F00FE76
S3150005D9E0FF2802000021000080017C6EAC83EA005E
S3150005D9F080017C3DECE32E0060002CC0C0C0830096
S3150005DA0021077C32A8E3EA002107300060002C01DB
S3150005DA10000F6200000F00320C62EA603107EA006F
S3150005DA20240730C02C072C40C52580400907404BEC
S3150005DA30F4E30032CA183E46B0E32EB2CA182EC029
S3150005DA4000210060002A00002507007D0A730000FA
S3150005DA50250700BC042A0000000B1400500416001C
S3150005DA6020070005D01A0001002800001547285D8B
S3150005DA7080E3986080217C5DACE3942000217C5A8C
S3150005DA80FCE3008020078C600021005C0C620080AE
S3150005DA902007806000210000110700A0200728C08C
S3150005DAA0804029BC042A0022150728E0801028C3D7
S3150005DAB010070000511408001C070001000B0001A7
S3150005DAC015070A00203728C014070022110708E0A9
S3150005DAD008370A0009070C0080017C6EAC83160026
S3150005DAE02007000100281600090700FB042A2E005E
S3150005DAF060002A004000EA0020C7830021072A2982
S3150005DB00BCE32C300C020084D8E30060002A003008
S3150005DB1005180420002100004507006020070000C5
S3150005DB2020087CEBF88300BC042A000000180600D8
S3150005DB300907024009070060002A0004000E0220BA
S3150005DB40500400BC042A283F001F0602100700CA1D
S3150005DB50041800E00021000025070000051800E074
S3150005DB600021000059040200540400FD04180600B3
S3150005DB70440762C0800062C000210000390762C008
S3150005DB80F00000002007629C80E30080000E000084
S3150005DB9010070000211700005D042E3F003F2EC030
S3150005DBA020077CE3F8832800513528C020077CA888
S3150005DBB0B8E32EB804182E7800282EC080007CA461
S3150005DBC0A8E3000055042E07000F2CC03807300FB8
S3150005DBD0000F000020077CB1B8E3001000182AC02A
S3150005DBE000212A00550400DF0C620000510428DBE1
S3150005DBF080E32A60002A000021070260140740BB63
S3150005DC00B4E32A0021070460200700000131000063
S3150005DC1015072AC038070000210700031007000072
S3150005DC202117001A0D630000080E0000C504620FD7
S3150005DC30003F0000110700202127000039077C104E
S3150005DC40002F000100186240BD046200C9007CAFC8
S3150005DC50FF3F0000200762C010076200C53562C09D
S3150005DC6020070000C4047CD3B8E36280C42500DA2B
S3150005DC700C62000001217CD7F4E36200C52500DAB9
S3150005DC800C6200002107020044076201002F0240D2
S3150005DC9009072A00600028C080003000400030B225
S3150005DCA0BCE3280021072C0060002E0040002EA9A9
S3150005DCB0BCE32CE30C020006D983006000EA0500EC
S3150005DCC0400E12031007140110170000203E000035
S3150005DCD0000B000345178C0110B7014111370440AD
S3150005DCE050340640C40400002507008001087CFE68
S3150005DCF0FCE328000C0E0003110700002137120073
S3150005DD0080017CFAACE31440510412002407140088
S3150005DD1080017CFEACE3284051041400240728C08A
S3150005DD2014070A42100762E080100080000E000208
S3150005DD30110700401107002011170000013100E00E
S3150005DD40003100031507000021170800090700F731
S3150005DD500C0228BC042A4C10E5E30043033A0000F4
S3150005DD6000188000098701FB042A0000601864007A
S3150005DD70090700010018320009C70B240018A40082
S3150005DD800987010600183000090700A30D020000E7
S3150005DD9021114022B9E37C10002F00800C230000DE
S3150005DDA051042800AA1F28C0200700240D62001070
S3150005DDB0002F00AF0D63000100287CAFFF3F00C6B2
S3150005DDC00D0200A846187C0001074000082F000038
S3150005DDD0041800AA0E030400FD0440FFF73F0000E7
S3150005DDE0001A00002818600001070005001A000047
S3150005DDF0060E38A000070030000E34A0000700000C
S3150005DE00010E36A00047B400200700000131B4001A
S3150005DE100507C0A00447B520000E40A00407000072
S3150005DE20043A000100180000000E0000100B620104
S3150005DE30800F280B000F8040090762C0C00028002C
S3150005DE4040008200090784A00807868008C7890064
S3150005DE5021072844BDE380A008072A80040700009F
S3150005DE6000182800050700C00C53000B0D630000C1
S3150005DE70009A0000218700A8400CA82060AC20006D
S3150005DE8000444C055101491010DC9800001A7C40ED
S3150005DE90002F5A002007580001070000201A1464B5
S3150005DEA0BDE3505FE5E350A70D13206395E31467C3
S3150005DEB00D6320AD0D130000001A7CAFFF3F6C000B
S3150005DEC080AF00602007000400087C23BA937CAF6E
S3150005DED0FF3F6CFF7F3F7C40002F1470DDE3147518
S3150005DEE0D9E3007B0D620000261A00600E9313002D
S3150005DEF0201A00240E13007FFF3F0000261A00603B
S3150005DF000E930F00201A00380E132A7D0D6300BFED
S3150005DF10FF3F00990D632A200E1200C04507001920
S3150005DF2006630000621A00000018280005070002B3
S3150005DF30D31820000507000500181E000507004038
S3150005DF40390724FEFF3F00280E1300EE7A183A2003
S3150005DF505004280F003F28C00021000025070400B3
S3150005DF6003073A20500428C0D4046AC0500428FF89
S3150005DF70003F28C020077C98F9E304EE7A280000C4
S3150005DF802507000023070400058714102007000154
S3150005DF9000380005000E0000013100000131340093
S3150005DFA009070002110728E0800028C0200700FFA6
S3150005DFB0FF3800002D070000C0281E0001071C00C1
S3150005DFC001070000B1040000000E5019000F14AD42
S3150005DFD0ADE314FFF73F00AE0D6200A0D884010043
S3150005DFE02187140055040000211100210038007115
S3150005DFF00C22002F901A7E209C047E0060040000EF
S3150005E000004B82880007828C04478300901A002CF7
S3150005E010E90D0400070706000707160006070A00AC
S3150005E02007071A0006070C000F072C000E07480005
S3150005E030070702000707460007C71FF8E80DA600F1
S3150005E0400787A712E90D0034E9180044E90B004CCF
S3150005E050E90E4E5A9FC34E58C7C30016E90D005C1C
S3150005E060E9180064E90B0068E90E4E58C3C3007051
S3150005E070E90D001AE918001EE90B0020E90E007FDC
S3150005E0800F430E720F430012E90D0034E918004CD8
S3150005E090E90E306B9FC33066C7C30016E90D005CF9
S3150005E0A0E9180068E90E3066C3C30070E90D001A69
S3150005E0B0E9180020E90E007A0F432E890F43000068
S3150005E0C021074C00082F4CFF0F3F0000901A4E7F8A
S3150005E0D0FF3F307FFF3F30C014077EA000074EC0CC
S3150005E0E014077EA004877C08901A0000000E000025
S3150005E0F0000B84A80087850F00185C0001070680C1
S3150005E1000C0708800C877E000F0730000F073200CA
S3150005E1100F0734000D0738A00C8700000F07100005
S3150005E1200F0712000F071A000F071A602C07008049
S3150005E1302407CC000B87CD00FD0414000D0718A09D
S3150005E1400C87001A941A0000000E0000000B86A822
S3150005E15000878700901A000021075880000726804F
S3150005E1600C0728800C0716800C0736800C874C0098
S3150005E170901A000021077E209C044E9A9FC300A496
S3150005E1800C4300E50F420000000B02231007024076
S3150005E190141704A00807020009074C540C53080776
S3150005E1A0901A004A0C538600FD04043114071A60C0
S3150005E1B02C3702408031000081110A000D0700004E
S3150005E1C021111C000D071060500408601447CC434C
S3150005E1D010070000FD1400000131000001311C602C
S3150005E1E080017CBCAFC32800FD040A6020077CB70C
S3150005E1F0FFC328C0200700B90F4202C08011106076
S3150005E200002102000DC70100FD044C006104280031
S3150005E2104040CD00FD0418600021000025070003DD
S3150005E2201307126030D7030001B105000D077E20E4
S3150005E2309C044E0021075C0054045A009C4430C0DF
S3150005E240B0004EC0B0002A0040002AD0BFC34C0023
S3150005E250012F2A0F000F4EC0140700A00C0700005F
S3150005E260FD44310021072AC014075CA000074EC0F3
S3150005E27014075AA00007460001074E0001070620AD
S3150005E28060C403710C53462060040005921A0066AB
S3150005E2900C5346050009066020070460003100009E
S3150005E2A01107861020868700FD04046010078A1072
S3150005E2B020868B00901A00002107006014074CEB9E
S3150005E2C0A3C34CFFFE3F00A000040000009A7C009B
S3150005E2D0901A000021077E009C044EF29FC34CA5B0
S3150005E2E00C4300430C52000021070000981A005405
S3150005E2F00C530800000F7E009C044E002107326077
S3150005E3002C07326030075800600450009C443000EA
S3150005E31040003002BCD34E00FD0410C09C044C00E6
S3150005E320022F300F000F4EC0800028C0B0403100CC
S3150005E330FD0428C0E08029C0200722000D073860AB
S3150005E3400021000025074EC0140750A0000730C065
S3150005E350140758A0000728171707000000DE03005A
S3150005E36001B125020D070007941A004A0C538607CA
S3150005E370981A004A0C5386079C1A004A0C53863194
S3150005E38014070000FD34460009070000901A000036
S3150005E39021074A000907000021072460140756A033
S3150005E3A000075EA00007162060040001941A00719C
S3150005E3B00C53462060040005961A00660C53460762
S3150005E3C0941A0000FD448600140796231007A6201C
S3150005E3D01017960301070000FD14A60001478701E3
S3150005E3E0901A0005000916601007961020869701F9
S3150005E3F00009246010079A1020869B0500092660EF
S3150005E4001007A6102086A701000916601007AA1096
S3150005E4102086AB05000926601007B6102086B700D2
S3150005E420FD0436601007BA102086BB00901A00005E
S3150005E43021074A4020074C49A4D3000021044CFF7C
S3150005E440FD3F0000009A7C1114B78700003E0600C8
S3150005E4500D070000909A1663140780111416821989
S3150005E460143684311437863114377E00FDB47E6048
S3150005E4701407146020070260002100002507000329
S3150005E4801307000000DE030001B10F6080017C5F09
S3150005E490ECD30C00FD040E6020070C6080017C6344
S3150005E4A0BCD30800FD040C60200708020D07000018
S3150005E4B021170000909A280014478243100700711F
S3150005E4C07D1E7C6CFCD330C0801100009D044EC0BF
S3150005E4D08011820310074600143782000147830125
S3150005E4E0909A7E0014478643100700717D1E7C773F
S3150005E4F0FCD330C0801100009D044EC080118603F8
S3150005E500100746001437860001478701909A0A00CE
S3150005E5100080CC0080CCCC80CCCCCC000080CC5804
S3150005E52027782F253AA8162D62D1315827782FEB53
S3150005E5300F4B01B77A1454A150F057DEADF769AE0B
S3150005E54031476E6367411133020000765255013239
S3150005E5500000007DA05F20BE50AF10455414017E1B
S3150005E5605598FC61559B0305050D0D0D0505050023
S3150005E570010020322100000A2000242323021188ED
S3150005E58088AA2E550055000155001DF50AF502030A
S3150005E590FF0C3303FF0C3303FF0C3303FF0C33FA75
S3150005E5A005FA0102AA002EB8C58915AE75F1111432
S3150005E5B0612F30114000013BF8C8F2AB7E18EEA67C
S3150005E5C0B0E3FFCD83EDFE22BD210285AD2C00AB68
S3150005E5D042D922CB0B3B0E00C0C40003FF0C33030C
S3150005E5E0FF0C3300C0C8006C24D731010104007547
S3150005E5F06A7EEA55B5E8DD46942B11566A422A220B
S3150005E6000504150300000004000008080C4C04511D
S3150005E610555715119001000000000000500428C848
S3150005E62081E328E4DCE3284CC7D328E2087200A876
S3150005E630D7E328D4A1E30200000E1E6020072C2094
S3150005E6402C07006C002A00031107821D14A6010081
S3150005E650FD340000001A0000FD041E100D070260BF
S3150005E6605C0400C04407322020111E4060042800C7
S3150005E670580400FB042A627F003F58400907000042
S3150005E68045075C002007007500087C44BFE3600071
S3150005E6902007000C00087C0ABEE3580020072CC0A2
S3150005E6A080017CE4FAE328E2A0735E0080017CEC3D
S3150005E6B0B9E3600000186000090700C40E622E0069
S3150005E6C020070001002860000907000C00087CFDF2
S3150005E6D0B9E32E00080B580014075EA008170000C2
S3150005E6E02D0700002107A400200762000907004046
S3150005E6F025070000450700B30D03002045075A000E
S3150005E70009072EC02C07000600087C04AEE30000AE
S3150005E710000E8CA008078040090700C40E622E0073
S3150005E720400E80021007004111178CE00837800063
S3150005E730090700C40E622E7000185E0080017C98E1
S3150005E740EEE30B56150E660010C70B0021171800D1
S3150005E75009072EC020470000042A000100280006EC
S3150005E76000087C17FEE30000001800603107000072
S3150005E77015070005001800A08021000001210000F2
S3150005E780012100002D070000210786002407B60099
S3150005E790440700FB042A00802D0718005004680072
S3150005E7A038070000000B90402011002081017C2BCA
S3150005E7B0BAE3000021C78D360E62284081017C2F01
S3150005E7C0BAE3000021C78D360E62288020079040E7
S3150005E7D054042A34FEE3926000F18D350E62006022
S3150005E7E080F18D001107280040002826BEE390FB26
S3150005E7F0042A00A02C0700002107CC80080700800A
S3150005E8002D0700A0204731C05404580020072CC00E
S3150005E81080017C49FAE32EC02C07003020182A0017
S3150005E820000F3047BEE3CC008111CC000031CC008F
S3150005E8300907000000CE0B12215780001037CC01C6
S3150005E84014478100003E0000250766002C072EC0F0
S3150005E85020070001006800603107000600087C56A5
S3150005E860FEE3000000180000042A00004507000525
S3150005E870001800408121000001210000012100004F
S3150005E8802D076200600086005004B600600400FB98
S3150005E890042A000021076800380700802D070000BC
S3150005E8A021079040201128C080017C6BFAE3920075
S3150005E8B0210730C080017C6FBAE39260140790414E
S3150005E8C010070020213700002507004021470104D5
S3150005E8D0000E002021070000013100000131000073
S3150005E8E0001A28E0800028C3100700002137000021
S3150005E8F081111E6000312AC08031000055042A4866
S3150005E90000087C7FEEE32A48000F00B8FF087C82EA
S3150005E910BEE32AB8FF0F00FB04EA0B6031072AC0E5
S3150005E92014076403100700002117000015478C0023
S3150005E9301C0780002007CC0110078CE008378000F3
S3150005E94009478D0100186000002160000907002FA6
S3150005E95000087CC4EEE32E002107620020077C98A0
S3150005E960BEE30000000E60A0080700C40E622E601C
S3150005E97031475A0014078C0010072880800028C3E9
S3150005E9801007B40144172840812028001D0780017F
S3150005E9901007C00020270001000E28C11007B4E0AB
S3150005E9A00827C00009475BFFFF18620000216200C7
S3150005E9B009077CC4BAE32E00000E5E00200700049A
S3150005E9C000087CB2AEE360A00847B4A00807C0A063
S3150005E9D00847B500210760A0084700603107000019
S3150005E9E01107B4004407C000200762B9BEE3B401AD
S3150005E9F00028B4A00807C0A0080700802C0700005F
S3150005EA002107EA00090700802D0700802007007806
S3150005EA100068010100185C0000215C0009072EC092
S3150005EA202C0758002007800024072CC080017C3C59
S3150005EA30FBE36800080E000011070000001A00201D
S3150005EA4021111E4054042AD0BEE31E0081111E006A
S3150005EA500907322080210000211100000131000044
S3150005EA601517000500087CE2AEE300FEFF287CE2F0
S3150005EA70FEE300BC042A00002D0700A01007800154
S3150005EA801C0780E008170060002A000021078000A7
S3150005EA9000318000010700FB042A003C0F62683C38
S3150005EAA0E3E36800001A000001184200010726008A
S3150005EAB054042C20600400FB042A30C020072AC019
S3150005EAC00021000100280000000E60A008075EA0D6
S3150005EAD008075CA008076600090700005104006BDB
S3150005EAE0001830C08021680009070000250730C0DE
S3150005EAF030070000361A0000000B0000200E2A0021
S3150005EB00FFE32AC02C072A004000920010070003E5
S3150005EB1021D7010045073007FFE330C02C07300039
S3150005EB20400082051007000021F70100000E014094
S3150005EB301107821D14B629C42C3700203907280071
S3150005EB40400092000D0728F9BEE30000042A0000E4
S3150005EB50003A2A05000F2800000F6200000F30005A
S3150005EB60000F86002007B60080210000150700006B
S3150005EB702111003000087C20FFE36240002F00A031
S3150005EB8020077C1FFFE33040002F00260F6262003E
S3150005EB90400B86031407B6011417000021378600BB
S3150005EBA00907B600090762C0800030C080C0890029
S3150005EBB021072A0040002A15BFE38660002A30C0D7
S3150005EBC0140712A004070A4005070240050700605E
S3150005EBD000EA1500001804000547800001078000BB
S3150005EBE00D078200094781002D18040009070080DA
S3150005EBF031180600090700FB042A000021076800F2
S3150005EC0024070000001A000021072C202C070020ED
S3150005EC1039070000000B9050208601FB042A0000EE
S3150005EC2021075C0020C70B7500087CE2FC732EC02B
S3150005EC302007000500087CE2B873000100185C0097
S3150005EC4000215C000907007700087C63FBE32C784C
S3150005EC5000087C81FBE32CC02007003005E80B008B
S3150005EC60400E2E00044F2EC0380700002507060269
S3150005EC70100736011017002039370000210700005C
S3150005EC800907000400182EC0002100005D04007865
S3150005EC90001800C001612F7208722C603107000A46
S3150005ECA000182800000F2C00004F8C0080017C6A9C
S3150005ECB0BFE32C01002F2CC0C0408D60002A2CC05C
S3150005ECC080000220140700FB042A2CA05825000604
S3150005ECD000182E00000F2CC0C444627683E362FF41
S3150005ECE0FF282E00600062C08040630021077CC7B4
S3150005ECF0F87300A3087300000018420001072EC030
S3150005ED0020077CA4FBE3000600087CA4FBE300E2E5
S3150005ED1008720060002A2A2F050F04202407000028
S3150005ED20400E007800182AC0002100005504000096
S3150005ED303907000008087CA4AFE3000020077C859E
S3150005ED40EFE32AC020070059FA28000031072C6096
S3150005ED50050F2E45000F00202D072CC038072C0067
S3150005ED60600082002007800080F1010311072F0053
S3150005ED70400080002037820080317CA1FFE38000BF
S3150005ED802007820000216200810080400907824039
S3150005ED900907000021072E92BFE300850F620000D8
S3150005EDA0001A002000184200010700E20872000060
S3150005EDB02107026020077CACFBE3280021870014AD
S3150005EDC0E3D328BADAD3280060042860EAD30060C2
S3150005EDD000EA0B00000E80A00C8701FF7F180A00D1
S3150005EDE00D070032CA183EB8B3E300B2CA1800458B
S3150005EDF009733000510404205C042EC020070080EE
S3150005EE000528000039C71100004D800020070000C5
S3150005EE100131004B0973A0200131000025478160AF
S3150005EE20002A000021070C2080017CCDAFE33ED4EB
S3150005EE30F3E34000402F00B2CA180045097330D4E9
S3150005EE400F62000021070E2080017CD4FFE33ED42B
S3150005EE50B3E340FFBF3F0032CA18004509733000CF
S3150005EE6021070220440740D8BBE36200402F00007B
S3150005EE702107024005070460440700A60D030000AC
S3150005EE80080B004295070000110700E31407000070
S3150005EE9021170200090706204407621F003F0040AC
S3150005EEA02D070253140700012117005F7A3B000363
S3150005EEB01507000121170015727E000311070000D2
S3150005EEC02157090005070460500400BC04EA3F30D9
S3150005EED005182EC00021080009070040002800007B
S3150005EEE04507004039072ABC044F00002107820068
S3150005EEF02007004B097380001107003800087C3E87
S3150005EF00ED73001000280037097200004407006001
S3150005EF10042A0000FD0400005004285FFED328D50E
S3150005EF20B9E30A4F003A2800000F000000188000D8
S3150005EF3009878100011808000907002000180C0040
S3150005EF40090700EB03180A00090700010018060067
S3150005EF5009070A0054042A0040002AC020077CDC61
S3150005EF60B9E32808F6E32A4E1B0F2800202F28C0F0
S3150005EF702007000009072AC020070A000907286E8E
S3150005EF80B6E30200500400C058042C7F003F2CC095
S3150005EF902007003000087C6EFEE30230050B2A00D0
S3150005EFA0000F008038072CC02C07008050048040D5
S3150005EFB02107000021118000802100002111000099
S3150005EFC025070060042A0006000E0202100700E06D
S3150005EFD020072AC000212AC0002100002D07002095
S3150005EFE011070040000E90001C07920020070081C3
S3150005EFF010070000213790E008079200090728C08E
S3150005F000200700780028000011072A0060002AC0A2
S3150005F0102007000600087CE9FDE3006E0E62024744
S3150005F020003A0000801800000907006031079000CB
S3150005F03020879105501A0000001880000187816815
S3150005F040040B2C01000F006004EA17FF7F1862000D
S3150005F050000F08001407008038072820000F040059
S3150005F06009478000200701A080017C21AEE32840E6
S3150005F070C525040080017C20AEE3040009070000D5
S3150005F080FD0428C08040814021077C69FAE30060C1
S3150005F090042A000B003A0C001407008038072820C4
S3150005F0A0004F800020070500802100A080017C31EB
S3150005F0B0EEE3284055352AC020077C31FAE328407F
S3150005F0C0C51528C0804081A7052A2AFEFF0F000026
S3150005F0D020077C37BAE32A40C53500C021070078EA
S3150005F0E00028000039072AC0D0002A34DAE3004098
S3150005F0F021077C69FAE3008038C717FF7F182A20A5
S3150005F100000F0400094780002007634896E30400C2
S3150005F11080017C48AEE3040009072AC014070000F5
S3150005F120FD0462C0C0002AC0804081A054040005C9
S3150005F130501A28FFFF0F280060002AC080002AC049
S3150005F14020077C4EBAE328C02C070000FD0480008A
S3150005F15020072C00C52580400107000C00180080FB
S3150005F1600021000011072CC0C0002C129AE340FFB5
S3150005F170EF3F0068042A0000003A2804000F8400C7
S3150005F18020C79900FD04840080210000211100504C
S3150005F19000087C69AEE3280040002860BEE3845F72
S3150005F1A00E520005501A008000180000010740FFA6
S3150005F1B0EF3F005F0E52000020070600C4046240C0
S3150005F1C0C10000010028000600087C76FEE3020067
S3150005F1D000186201000F0200090706400907005FD3
S3150005F1E00E52004100718500003400BD0102004049
S3150005F1F002027E7C02027E9C02027EDB02020E4732
S3150005F20003020E7A03027EB403027E960E427EAA9E
S3150005F2100E427EEA02127ED00E4204600F422CAFE9
S3150005F2200F427E890C527EC20C527E02023200D3F8
S3150005F2300C427E4502327E040D527E5603327E6CAA
S3150005F2400042368F014236960E427E0402427E7297
S3150005F25001526C0302527E130D5200790E527E1C2A
S3150005F26000727E2400727E2B00727E5000727C2412
S3150005F2700C527E8A00727E9300727E380C527EE3B3
S3150005F28000727E1202727E1602727E9402727E7B76
S3150005F29007027EF603726CFC0372120204027C58A6
S3150005F2A00C527E240402124904027E7504028ECA9B
S3150005F2B0040200F704027EF704027EBC06027A5DAC
S3150005F2C00C527EDB06027EF306027E0607021C1C36
S3150005F2D007021C2C07021C780C527EC507027EE627
S3150005F2E007027EE607027EEC07027E4804327E6749
S3150005F2F004327E8104327EEF04322ADF0E427EFE20
S3150005F30004322C5705327EF10C425ACD06327E6602
S3150005F31007327E0C0F427C740F427E150C527E59C5
S3150005F3200C527E9B0C527EDC0C527E160D527E5480
S3150005F3300D52061F0E5212EC0E527EC50F5228595B
S3150005F3400C627EC30C627EEA0732040604427E3BEB
S3150005F35004427E2206427E630642489206427ECCDF
S3150005F36007427E0B04527E0B05527EA206527EF99B
S3150005F37006527EA807527CC207527CDC07527CEEF9
S3150005F38007527C0004627C0104627C0204627C28CC
S3150005F39004627C2904627C2A04627C2805627E4F0D
S3150005F3A005627E010D427EBB05627ECE05620426A0
S3150005F3B006620E7F06627E0907627E2F07627E055C
S3150005F3C00D427E5608227E6C0822127108227E3571
S3150005F3D00D427EA508227EAD08227EDA08227EE948
S3150005F3E008227EF80822226709223EEC09223E23DE
S3150005F3F00A223EAD0A2222190B2210370B22105E75
S3150005F4000B2236AD0B2210DA0B220E0008327E5186
S3150005F41009327E9D093210670A327EAC0A32000730
S3150005F4200B32285D0B3228790B3214BF0B3228FCC0
S3150005F4300B327E9009427E9909427E260A427E7EDD
S3150005F4400C527E7C0A427E7C0A427E850C527EA543
S3150005F4500A427E440D42048C0C527ED90A427E1322
S3150005F4600B4232280B4232960E42005F0B427E9AC1
S3150005F4700E427E9A0E427E9A0E427EF90E427E8F8D
S3150005F4800C527E510F427E460D427E5508527EBD78
S3150005F4900D427E100952043E09527E5309527EC81A
S3150005F4A009527E140A5206C50D427ED80D4206E85B
S3150005F4B00D427EF30D4206960E427EB80E42062595
S3150005F4C00E427ED40E427E100B6240950F4240746A
S3150005F4D00C527ECA0D0232F00D027E1F0E027E5FB1
S3150005F4E00E027EF60C527E100D527E0D0F02128C08
S3150005F4F00C627EAC0C627EB20C627EFB0E120000C4
S3150005F5000F127E0A0F127E240F127E2B0F127EBF5C
S3150005F5100C627EF60F127E2B0C227E6E0C221C8F41
S3150005F5200C221CB40C227EF90E42000021077E0037
S3150005F53020072A00A1002AC0A0000000541A00AA2C
S3150005F5402A18000058042CF7BCE32C34F9E30056BE
S3150005F550D50E00A004070000000E00A0080700A0B5
S3150005F5600C070024000E00A0000700A058040000A8
S3150005F570210700200021001005070000290700408B
S3150005F58020072AC0100700A31707008717270000C2
S3150005F59009170060002100100D072C0040002CC043
S3150005F5A02007000001077CC3B9C3006020077C0A59
S3150005F5B0BDE32C00E02F000081110000550400403A
S3150005F5C020077C0FBDE32C00601F000081110000A1
S3150005F5D051042AC080017C16ADE37C005504006009
S3150005F5E02011000051042C00201F000021072CD0FB
S3150005F5F01407009E01E319A058040020000E00021E
S3150005F60011072AE08010006235280000250700FF53
S3150005F6107F182AC0802100001107000317072AC09A
S3150005F62010170001170700002137000020087C2964
S3150005F630FDE32CFF1F182C2CB5E32C0081110000CF
S3150005F64020282CC000210003000E000211072CE023
S3150005F6508010000009072CC02007000005072CFCB8
S3150005F660FF0F002020072C0060002CC0100700802B
S3150005F67000070000001A00008111680000216800DB
S3150005F68001072C3EBDE34000FD047E7FFF3F00C31E
S3150005F6900D42000B00094C54E5E3006000EA170033
S3150005F6A0000B808000878180088781800C87018018
S3150005F6B00018000009C705CC4C180200090784800C
S3150005F6C00887010002180C000507000004180E0043
S3150005F6D005070000061810000507000400181400A9
S3150005F6E009070000009A0080000E00C0500428FF9C
S3150005F6F0003F28C2100728E0200740F7EA6328C024
S3150005F700C404627F003F284001074CF7A66300400A
S3150005F7107904003005180077003A6205000F0000ED
S3150005F720390762004000800020077C6CFDE33C0041
S3150005F730FD04626CFDE33CC02107007800280063E8
S3150005F7400D6200C02C070000FD04800020070000A4
S3150005F750001A0003E363000A9F631E008111000A75
S3150005F7600B621EA8D6E32880A1E30200000E1E60E8
S3150005F77020072C202C07006C002A00031107821D88
S3150005F78014A60100FD340000001A0000FD041E1039
S3150005F7900D0702605C0400C04407322020111E409C
S3150005F7A060042800580400FB042A627F003F584085
S3150005F7B00907000045075C002007007500087C5115
S3150005F7C0BC7360002007000600087CAEBDE3580048
S3150005F7D020072CC080017C6EFAE328E2A0735E0048
S3150005F7E080017C98B9E36000001860000907004EA7
S3150005F7F00E622E002007000100286000090700069A
S3150005F80000087CA9B9E32E00080B580014075EA072
S3150005F810081700002D0700002107A4002007620035
S3150005F8200907004025070000450700B30D03002022
S3150005F83045075A0009072EC02C070000000E8CA0AC
S3150005F840080780400907004E0E622E56150E660003
S3150005F85010C70B002117000045072EC020470001E1
S3150005F8600028000600087CB7FDE3000000180060CC
S3150005F870310700002D0700001507980024070080B2
S3150005F8802D0768003807004051040000000B904022
S3150005F8902011002081017CC4B9E3000021C78DCB6E
S3150005F8A00D6228802007904054042AC9FDE3926022
S3150005F8B000F18DCA0D62006080F18D0011072800E8
S3150005F8C0400028BFBDE390FB042A00A02C070000DA
S3150005F8D02107CC80080700802D0700A0204731C0EE
S3150005F8E05404580020072CC080017CDEF9E32EC0A5
S3150005F8F02C07000020182A00000F30DCBDE3CC00E1
S3150005F9008111CC000031CC000907000000CE0B1296
S3150005F910215780001037CC0114478100003E0000B6
S3150005F920250766002C072EC0200700010068006029
S3150005F9303107000600087CEBFDE30000001800FB1C
S3150005F940042A00002D0700010028980050046800CD
S3150005F950380700802D07000045079040201128C074
S3150005F96080017CF9B9E392601407904110070020E5
S3150005F970213700002507004021470104000E00201D
S3150005F980210700000131000001310000001A28E0BE
S3150005F990800028C3100700002137000081111E6072
S3150005F9A000312AC08031000055042A4800087C0928
S3150005F9B0EEE32A48000F00C8FF087C0CBEE32AC800
S3150005F9C0FF0F00FB04EA0B6031072AC01407640326
S3150005F9D0100700002117000015478C001C07800042
S3150005F9E02007CC0110078CE00837800009478D01F8
S3150005F9F000186000002160000907000C00087C4E15
S3150005FA00EEE32E002107620020077C22BEE30000FC
S3150005FA10000E60A00807004E0E622E0021475A0010
S3150005FA2014078C0010072880800028C31007B4012E
S3150005FA3044172840812028001D0780011007C000B3
S3150005FA4020270001000E28C11007B4E00827C000D2
S3150005FA5009475BFFFF1862000021620009077C4E1B
S3150005FA60BAE32E00000E5E002007000400087C3C69
S3150005FA70AEE360A00847B4A00807C0A00847B500D4
S3150005FA80210760A008470060310700001107B40090
S3150005FA904407C00020076243BEE3B4010028B4A0B2
S3150005FAA00807C0A0080700802C0700002107EA0008
S3150005FAB0090700802D0700802007007800680101EE
S3150005FAC000185C0000215C0009072EC02C075800B1
S3150005FAD02007800024072CC080017CA1FAE368007A
S3150005FAE0080E000011070000001A002021111E4013
S3150005FAF054042A5ABEE31E0081111E00090732204E
S3150005FB0080210000211100000131000015170005B4
S3150005FB1000087C6CAEE300FEFF287C6CFEE300BCAF
S3150005FB20042A00002D0700A0100780011C0780E0AD
S3150005FB3008170060002A00002107800000318000B8
S3150005FB40010700FB042A00A10E6268A1E2E3680032
S3150005FB50001A0000011842000107260054042C2053
S3150005FB60600400FB042A30C020072AC000210001DA
S3150005FB7000280000000E60A008075EA008075CA02C
S3150005FB8008076600090700005104006B001830C01D
S3150005FB908021680009070000250730C030070000EE
S3150005FBA0361A0000000B0000200E2A8AFEE32AC042
S3150005FBB02C072A00400092001007000321D70100F8
S3150005FBC045073091FEE330C02C0730004000820522
S3150005FBD01007000021F70100000E01401107821DE4
S3150005FBE014B629C42C370020390728004000920096
S3150005FBF00D072883BEE3006000EA0B3000180000FD
S3150005FC00090700000018040005078000018701FBAD
S3150005FC10042A00002107680024070000001A0000D6
S3150005FC2021072C202C07002039070000000B904FD8
S3150005FC30087290002107026020077CACFAE32800D1
S3150005FC40218700B3E3E32859DBE32800600428FF96
S3150005FC50EAE3006000EA0B00000E80A00C8701FFB6
S3150005FC607F180A000D070032CA183EB8B2E300B283
S3150005FC70CA18004509733000510404205C042EC0DF
S3150005FC80200700800528000039C71100004D8000B7
S3150005FC90200700000131004B0973A0200131000047
S3150005FCA025478160002A000021070C2080017CCDB4
S3150005FCB0AEE33ED4F2E34000402F00B2CA18004539
S3150005FCC0097330D40E62000021070E2080017CD412
S3150005FCD0FEE33ED4B2E340FFBF3F0032CA180045FB
S3150005FCE00973300021070220440740D8BAE36200B1
S3150005FCF0402F00002107024005070460440700A6BF
S3150005FD000D030000080B004295070000110700E3EC
S3150005FD101407000021170200090706204407621F81
S3150005FD20003F00402D070253140700012117005F0D
S3150005FD307A3B00031507000121170015727E0003A3
S3150005FD40110700002157090005070460500400BC8F
S3150005FD5004EA3F3005182EC00021080009070040B7
S3150005FD60002800004507004039072ABC044F00005B
S3150005FD70210782002007004B097380001107003810
S3150005FD8000087C3EED73001000280037097200BCA0
S3150005FD90042A00FF7F0B2EBC040F1E00200700431C
S3150005FDA0FB28000055040000450700002D072A0022
S3150005FDB040002B14FFE3006031072EC038072E00E4
S3150005FDC06000A2002047A00080017C12AFE3A000DE
S3150005FDD01407A2A00807A0000907A0002047A1074D
S3150005FDE00F622ABC042A00402107000B000E00A062
S3150005FDF080217C1BAFE3004015C701250F6200007B
S3150005FE002D0700FF7F0BA0002047B60080210000CC
S3150005FE102111008080017C24AFE39E00110700605C
S3150005FE2031079E002047B760450762FF0F3F00BCBC
S3150005FE300418004001210000390700B0300700A072
S3150005FE402007000100280000450700B30D03000048
S3150005FE50150700000018A0031007A10110A701004F
S3150005FE6021370060002A00E521087C39AFE3000050
S3150005FE70201800420F62000826087C42EFE300AC1A
S3150005FE802A087C3FAFE30049281800420F6200E1CB
S3150005FE902F087C42AFE300332D18000045070240CA
S3150005FEA0240704602007002010071020140700BC53
S3150005FEB0042A000021070C200907140009070280FF
S3150005FEC0080706A008070040090700A60D0300005D
S3150005FED01507140310070040C5170000100B6255DF
S3150005FEE083E30000200B00031507000021170E0011
S3150005FEF0090700AA097200BC042A0000221800009E
S3150005FF0080017C91EFE30E00000D4091FBE30E802E
S3150005FF1005EA0BFC3E4E00182007200310072201B8
S3150005FF2010370000213702000031000021110020A2
S3150005FF3001310000250700C02107007800280000D0
S3150005FF4039070010214701BC042A002021110600AB
S3150005FF5080017C8DAFE300000328060080017C8BC1
S3150005FF60FFE362060018020080017C8DFBE30000BA
S3150005FF70200E005E0018080000212A0080CF0D0023
S3150005FF80390728FF7F4F8200200780008021000067
S3150005FF9021112AC080017C83FFE32800550428C06F
S3150005FFA080017C86AFE32A0051042AC310478300EB
S3150005FFB0211700BC042A28C080017C8DBFE362009E
S3150004C000200F00A50F620000100E14031007000095
S3150004C01021170E0009070E00200700B90C53003241
S3150004C020CA284096BBE300800028000025070000CC
S3150004C03013070C0214070000211700FF00087CA355
S3150004C040BFE362E080000010000E0002110700202A
S3150004C050000E0040110700E0203700A40F62000024
S3150004C0602018000045070040090700A60D030060DC
S3150004C070002A0000080B0042950700E010070003A1
S3150004C0801507000121170000212700000D070000F5
S3150004C090001A00000118420000214200018700BC7A
S3150004C0A0042A6200000F000020070060002A000036
S3150004C0B00121000001310417150700012517064068
S3150004C0C00D3702000D0700602007000020087CE8F9
S3150004C0D0FBE340E8B7E3007600C90120210729FF06
S3150004C0E0FF0F0021180E28006000000311070080CE
S3150004C0F020277CC5AFE328FF7F18008080210046F7
S3150004C100180E00031107000021170000020B28C2B5
S3150004C11014070060002A00E0002106000D07002035
S3150004C12011072C05000F28A7050F2A30050F28C074
S3150004C130380728C0200700780028000051040000B2
S3150004C14020077CE2FBE32AC038070000214780036E
S3150004C15014070000211780000947817800182AC0B7
S3150004C1600021000055042C0040002CD7BFE328E82A
S3150004C1700F620000001A000100184200018700BC8B
S3150004C180042A4CF0E7E30043033A00000018800059
S3150004C190098701FB042A00006018640009070001EE
S3150004C1A00018320009C70B240018A40009870106E9
S3150004C1B000183000090700A30D0200C4001A7CAF62
S3150004C1C0FE3F46D7BCC37C0E02327CD90C436C1AA4
S3150004C1D002327CFF7F3F7C10002F20EF8CC37C0152
S3150004C1E0002F00B4801A68F0160F0000FD048000CA
S3150004C1F0D884810A3A1A0000FD048000D884810498
S3150004C200001A0000FD048000D8848100FD04264045
S3150004C210D804001032180000D9040054761800001F
S3150004C220D9040000001A20F7FF3F7CACFF3F6C00E6
S3150004C23080AF7C00001A00685A0E5A0310070000EB
S3150004C24021170000110748F8D0C3108205321000E8
S3150004C2502407000317070007171700041517000023
S3150004C260110700002307100003077CF7FF3F008A2D
S3150004C27005322CDE092300A3761812100507108B4D
S3150004C280056210C8012A7CAFFF3F4C2020074E20D0
S3150004C29080210002000E000801737C0051047C54C6
S3150004C2A0FC234E0020074C0080210002000E0008EB
S3150004C2B001737C00FD047C54FC2328C0802100000B
S3150004C2C021110000FD0400400F13000021075A004D
S3150004C2D014070001E01A00603107082020077C22B9
S3150004C2E0BDC300E1052300910523000021070800D2
S3150004C2F00031080001070000001A043FA023460E7F
S3150004C3000C63003F082200C8012A7CAFFF3F4C2083
S3150004C31020074E2080210008000E000801737C00CF
S3150004C32051047C16BDC34E0020074C008021000832
S3150004C330000E000801737C00FD047C16BDC3285161
S3150004C34008222800201A2401001F46768823248008
S3150004C3500C4300110D53243C89C300750D5312E799
S3150004C360082200D0012A0020F0095A602C07000098
S3150004C370210790602007010021075B4409225A0027
S3150004C380E41A32B90A423200621A000021071A205E
S3150004C3902007182080217C4CBDC3000B0028000612
S3150004C3A000087C4FEDC33A03002F00E403031A0090
S3150004C3B0001A00AC0C4300A020070A5799C300AD2D
S3150004C3C00C43040021070040200700BF0C4300BAB9
S3150004C3D0B9C300A008071C5CA9C37C040C43000075
S3150004C3E0001A2062C1C3200021070040200700F77D
S3150004C3F009532EB80D4200C050040A68D9C3280E4A
S3150004C400003F28C020077C6AB9C300AD0C43040270
S3150004C4100113040021070040200700B00C4300026A
S3150004C420000E0000013128E0800028C2100732E027
S3150004C43004371E000D073200010700AE0C4300AF9F
S3150004C4400C4300B20C4300C10D4300B40C43001965
S3150004C4500E4340B80C4300002107047DB5C30063B6
S3150004C4600E43000021070682FDC31ECD0B5340F97F
S3150004C4700E4340830D4200F90E4340002107280075
S3150004C480000F280060000288FDC30485E1C328006C
S3150004C490210728C02007000100087C8DEDC33A035C
S3150004C4A0002F0000210700C050042800FF3F3CFF76
S3150004C4B0003F28C020073C000125007001536C0092
S3150004C4C0802F1E4020073E98B9C33200200700D3B0
S3150004C4D00D430000210702FF7F3F00BD0C4332736A
S3150004C4E00D034000210706A2BDC31E00210732002A
S3150004C4F0500428A8C1C300B50C4306AB0C4300B3D3
S3150004C5000C430600210706A8BDC31EA90D4200B1AF
S3150004C5100C4306BE0C4300AE0D4200BE0C4300B1F4
S3150004C5200C4306B30C43063B086306A50B535E0097
S3150004C53021073AFEFF3F00B681C33AB5C5C33AFEAA
S3150004C540FF3F7EFDFF3F004C046300C00C43000028
S3150004C550210720006000000021073A57F5C3000AAE
S3150004C5600232001015077C0310070000211700FA99
S3150004C57008520000450740E7DCE33240210700008B
S3150004C580009A0000001A0EDC92532600300704D1EC
S3150004C590E5C300003A1A00802D070000000B821242
S3150004C5A01416831114B6011021360073002A00CE26
S3150004C5B00A52000B3A1A00DE0A520000001A0EEB69
S3150004C5C092532600300700003A1A00E80A52001671
S3150004C5D0AB533A16C3530E1693533E16EB530AC087
S3150004C5E050042807003F1440140728C02C0700A055
S3150004C5F02007000001310000150700002107B423BD
S3150004C60010072600301700003A1A00FB0A520000F1
S3150004C610001A04F1E5C30000000B00000018062709
S3150004C620AF53240021072C2030070000361A001FC0
S3150004C6300B520009361A002A0B52009CAF53000015
S3150004C64000180606B6C310201C0714601007100055
S3150004C65020071221140710E00437100001074000D8
S3150004C66014074A201C07460120074AE004374600FF
S3150004C6700107000011070080000E10201C0710019E
S3150004C680200710E00437100001070614AAC33A1461
S3150004C690C2C32C2030070AC050042807003F28C014
S3150004C6A02C0714601407C022100728E0801000002D
S3150004C6B02507144020070000361A00520B520000CA
S3150004C6C021072C203007144020070000361A00A149
S3150004C6D00B520024A6C302602C073200201100600E
S3150004C6E0002A00002107800080318C001C070011FD
S3150004C6F0150780002037800001078CE00007000042
S3150004C700009A0000210732002007242080312400EB
S3150004C710803132000507400021070855F9E3780007
S3150004C7200D070000211178000907066FFC6340BA63
S3150004C7300C43400021074C6FA4630045EAC328005C
S3150004C740043A000200188200090700010018840058
S3150004C750090700C05004287F003F28C02C0700307A
S3150004C760052A0000000E800020070000002A0000B1
S3150004C770043A0000FD0486A0080788000907006142
S3150004C7800E420005000F2A00040F0028003A2C7FF1
S3150004C790050F2CC038070000FD04000010078000B8
S3150004C7A020072AC038077C10002F6206000F62405B
S3150004C7B0BD046200C9007CAFFF3F6200C5250001CD
S3150004C7C0000E0040090702A0080704A00807068017
S3150004C7D0080700C0210700040028000055042CC0E7
S3150004C7E02007007800280000590428004000284942
S3150004C7F0BEC32C00001A006F08620080002A466738
S3150004C8008AC3442050042869AEC3288C0E43006DA5
S3150004C8100E420000800F28C0140744A0040712002B
S3150004C820042F0060002A4075B6C30000000B0614EE
S3150004C83021060600001A00802007000000210000DF
S3150004C84001070005761A000021071860140718600E
S3150004C850500428FF003F28C020070C000147009021
S3150004C860002A000021078040200700EC002A00006F
S3150004C870000D80000147132009070C2005070E2030
S3150004C88005070E2001070C00C404620F003F0C408C
S3150004C89001070000001A0000031822000587006043
S3150004C8A0002A002F0518042000210220540400BC8D
S3150004C8B0042A000025072AC04407623F001F7E4061
S3150004C8C009072AFA090F2800040F2C0005CF1F6058
S3150004C8D031072AC080002AC038072AC0F0002AA2DD
S3150004C8E082C30080000B000014070000211700001B
S3150004C8F0450700A30E422800440728C03807623FB4
S3150004C900003F00400907004021077CECFAC32ABC1B
S3150004C910042A000021077E0060043040613530C0DF
S3150004C92020077CBBFAC37E00440762B7FEC30040FF
S3150004C9302107000080287E00090728C03807002048
S3150004C94021070040090700C70E42280800182CC01A
S3150004C95000210000590400EC0E422A2F050B007832
S3150004C960003A00803807008020070078002800007D
S3150004C97011078000140762A05C352EC020077CBD19
S3150004C980FAC300802D0700C0210728006000280094
S3150004C9906000280060002E00000F307F000F2CC0BE
S3150004C9A0380700002107000044470001002862C040
S3150004C9B080007CD8AAC3300039072E00600000002E
S3150004C9C0140728C038072800600000A008073000B4
S3150004C9D040402D00600030CCBEC32C00200B2E003E
S3150004C9E040002EC068070040950762A00000004082
S3150004C9F015070001001B7CE4FAC32E0011072E0064
S3150004CA00600000FDFF1828C000212EC08021000010
S3150004CA1039072EC0200702000907048008072A00E8
S3150004CA2060002AC0200700000A087C99FEC32A0079
S3150004CA30001828C038C70B002107000009070000AA
S3150004CA40001A0000043A00002107860020072A0085
S3150004CA50058700E2A87342005004287481E328F590
S3150004CA60DC8328FFC6C328E208720000210720C021
S3150004CA7054042A1E003F2AC020077C05FBC3280055
S3150004CA80009A004DE4D328CFDBC328C7CBC30223C7
S3150004CA90A3C30001000B0002000C2800040F28C0E9
S3150004CAA054042C05000F28C0380728C020070003AB
S3150004CAB00028020000210000510402002C07000097
S3150004CAC0200784001407820024072AC038072C0094
S3150004CAD04000000009077C23FBC302E0080704802A
S3150004CAE008070620090708A008072AC0200700052A
S3150004CAF00028000055042C0EBFC32800761A0096A1
S3150004CB00C61818605C040060002A2E004000082045
S3150004CB1010070220C404623F003F0240050700409C
S3150004CB2059040020002100206004000025070000AD
S3150004CB302307000047072EC0002162004000004082
S3150004CB4081017C37FFC30040210700BC042A000092
S3150004CB5025070C800807000023077C10002F00001F
S3150004CB6045076207003F124009075E03000F620093
S3150004CB708900623F003F104009075E09000F62000A
S3150004CB8089000E4009077CAFFF3F30C02007000331
S3150004CB9000087C52AFC31205001830C08021120071
S3150004CBA08021000045070E001007008020071000B2
S3150004CBB01407005C0F420000802100FFFF280000DC
S3150004CBC045070006001830C080211200090710002E
S3150004CBD010070E001407008020072C3F001F0005D5
S3150004CBE0481A0060310700FFFF682C6283C380A0E7
S3150004CBF0080700670F422C0009076266BFC362007C
S3150004CC00210780800807620040002CC080402D0B5D
S3150004CC1000182EC00021000055C4050500090000B7
S3150004CC20000E8CA0088701A0440792A20887011071
S3150004CC3000087C75FFC36200600000F0FF280070E6
S3150004CC400F4200C02C071A400D076201000F00FFB7
S3150004CC50FF287C7CFFC362C0C00000780F4200C07E
S3150004CC6010078C8008070005003A18800C47280135
S3150004CC70000F1A60540480402407006031072AC05C
S3150004CC802C07000000188C4010070000012100004A
S3150004CC901507008060043040613530C020077C8E63
S3150004CCA0FBC30001001800A00021002081017C9A2A
S3150004CCB0FFC3302081213080600430406125289CE8
S3150004CCC083C330E050042AC014071AA00C07184086
S3150004CCD00D07009C0F4230FFFF1F3080603530C0C7
S3150004CCE01007624081007C87ABC36200800F8C8092
S3150004CCF008072B0040008C4010072A87BFC3920008
S3150004CD0009070000012100001D071A6020077CBCEA
S3150004CD10BBC30C31150762E080107CBCBBC300A604
S3150004CD200D03620045070040A107000001217CB203
S3150004CD30BBC30C0100180C1215070040110700E3D1
S3150004CD4014070000451780000D076240C10062C346
S3150004CD501407000021278C000D0700870B7218208A
S3150004CD60450700A60D036240C5076240C100624044
S3150004CD70C1000000110700431507000021178000B9
S3150004CD800D078C000D0718870B7218BC042A0000C7
S3150004CD9000D8072F0009840009879D00098701FB35
S3150004CDA004EA650000188400098701BC042A00040B
S3150004CDB0000B0602140700E0200700040028000008
S3150004CDC06104003C000B0402140700E02C07007207
S3150004CDD0051800E000210000390700BC040B6A00B6
S3150004CDE02007008038077C66F8830000000E16A032
S3150004CDF008070E00540400603107140009077CF08C
S3150004CE00FFC3000055040006001800FFFF282AC0CF
S3150004CE1090007CE7ABC30000481A00002D07000011
S3150004CE2021078040540400BC042A00802D070060BA
S3150004CE3021072A0040002C00800F2E00000F0076E8
S3150004CE40002800002D0700FB042A00002107EA0041
S3150004CE502007000009070200500428C0800028C0EB
S3150004CE60801100802D072CC0C0007C03A8D330009D
S3150004CE7060002C01000F6200000F00FEFF28020074
S3150004CE800021000080017C6EAC83EA0080017C12E4
S3150004CE90ECD32E0060002CC0C0C0830021077C07A1
S3150004CEA0A8D3EA002107300060002C01000F6200BD
S3150004CEB0000F00070C52EA603107EA00240730C06D
S3150004CEC02C072C40C525804009074020F4D30032A6
S3150004CED0CA183E1BB0D32EB2CA182EC00021006059
S3150004CEE0002A00002507007D0A730000250700BC00
S3150004CEF0042A0000000B1400500416002007000545
S3150004CF00481A0001002800001547283280D38040C3
S3150004CF1080217C32ACD3924000217C2FFCD300804C
S3150004CF2020078C60002100310C52008020078060AD
S3150004CF3000210000110700A0200728C0804029BC5A
S3150004CF40042A0022150728E0801028C310070000D1
S3150004CF50511408001C070001000B000115070A0004
S3150004CF60203728C014070022110708E008370A00F2
S3150004CF7009070C0080017C6EAC83160020070001B3
S3150004CF8000281600090700FB042A2E0060002A0068
S3150004CF904000EA0020C7830021072AFEBFC32C30C5
S3150004CFA00C020059D8D30060002A0030051804206A
S3150004CFB000210000450700602007000020087CEBE4
S3150004CFC0F88300BC042A0000001806000907024082
S3150004CFD009070060002A0004000E0220500400BC69
S3150004CFE0042A283F001F0602100700CA041800E09E
S3150004CFF00021000025070000051800E000210000BC
S3150004D00059040200540400FD04180600440762C0D3
S3150004D010800062C000210000390762C0F0000000F1
S3150004D0202007627180D30080000E00001007000004
S3150004D030211700005D042E3F003F2EC020077CE32D
S3150004D040F8832800513528C020077C7DB8D32EB834
S3150004D05004182E7800282EC080007C79A8D30000FE
S3150004D06055042E07000F2CC03807300F000F0000A0
S3150004D07020077C86B8D3001000182AC000212A0095
S3150004D080550400B40C520000510428B080D32A6021
S3150004D090002A00002107026014074090B4D32A0036
S3150004D0A021070460200700000131000015072AC08B
S3150004D0B0380700002107000310070000211700B9F4
S3150004D0C00C530000080E0000C504620F003F000068
S3150004D0D0110700202127000039077C10002F0001CA
S3150004D0E000186240BD046200C9007CAFFF3F000027
S3150004D0F0200762C010076200C53562C02007000021
S3150004D100C4047CA8B8D36280C42500AF0C520000C6
S3150004D11001217CACF4D36200C52500AF0C5200009B
S3150004D1202107020044076201002F024009072A0072
S3150004D130600028C08000300040003087BCD328003F
S3150004D14021072C0060002E0040002E7EBCD32CE369
S3150004D1500C020000211140C1B8D37C10002F0080BE
S3150004D1600C23000051042800AA1F28C0200700C36E
S3150004D1700C520010002F00CD0C63000100287CAF78
S3150004D180FF3F00C60D020008001812CAD4D30000DF
S3150004D190811112CD98D3220021070C0000310C0016
S3150004D1A0010722BD000E00A02C070080000E80207F
S3150004D1B0500428003E3F28C0100700002117003AFB
S3150004D1C0C6280000250700005304000023077CEA54
S3150004D1D0B8D30000020E0C001007000021170C2023
S3150004D1E00031000015070000211100F70D0B00FCAB
S3150004D1F006087CF3FCD30CA020077CE7FCD32800AC
S3150004D20060000080802100F20C5200004000008083
S3150004D210002100F20C520000020E0C001007000060
S3150004D22021370C20003100F70D087CF2FCD30C09E1
S3150004D230F22828006000000015070CA0040728C087
S3150004D240A8040000218700A846187C0001074000B6
S3150004D250082F0000041800AA0E030400FD0440FF72
S3150004D260F73F0000001A00002818600001070005B7
S3150004D270001A0000060E38A000070030000E34A085
S3150004D28000070000010E36A00047B4002007000086
S3150004D2900131B4000507C0A00447B520000E40A024
S3150004D2A0040700400D6300EB0F630000009A0000C2
S3150004D2B021870000001A00002107680020077E006D
S3150004D2C0002100008111000011077C205004281A57
S3150004D2D0C5D32821FDD32821C9D32800600028C03E
S3150004D2E020077C0005077E0000217E0001070080E0
S3150004D2F0200700075E1A00603107620081000040C3
S3150004D30021070060802100400D070000C5040000CD
S3150004D3102111000040087C30EDD32400081F622F41
S3150004D320BDD32400102F00300D520000202F00C062
S3150004D330EF0D2433ADD324E8EF0D2444F1D3243682
S3150004D340F5D32444ADD32400001A000021077C2021
S3150004D3505004283EBDD328FF7F3F28C020077C0009
S3150004D36005072400081F00075E1A000000CE0F639D
S3150004D3703117801117B701002137004A0D520004F6
S3150004D380002F0000000E04601007041717178311FE
S3150004D39017B601800837000015072400081F24FF6C
S3150004D3A0CF3F0060200702000D07000311070000AD
S3150004D3B0001E801117B70100003E021715178011D1
S3150004D3C017B70100003E02171517801117B70100A1
S3150004D3D0003E02171517801117B701002137080000
S3150004D3E0803100001107146489D308201C07060144
S3150004D3F014070800203708E0040708000107008026
S3150004D40020070040002A0000013122000107000025
S3150004D410013100001107062314070001211710002B
S3150004D420143700D0012A00031107000121175C609C
S3150004D4302C370000000E90000D075A600D070000FF
S3150004D440209A24778DD312DA0D5300C60C5322008A
S3150004D4502107127C85D31200001800D20D520081D8
S3150004D4609DD312E80D5300340F5300300F53007F41
S3150004D470FF3F12A3C1D310C05004108CE5D3108A09
S3150004D480E1D30010F0186200000F109A81D36201F4
S3150004D490002F009A0D520012F01800950D52289490
S3150004D4A0E1D30016F0182801003F28C000216200CD
S3150004D4B0000F109A85D36201002F009A0D520018AE
S3150004D4C0F0182803003F28C000216200000F109ABC
S3150004D4D089D36201002F0000250700002307129F4D
S3150004D4E091D3020054042A40C5150240010762A2E2
S3150004D4F081D30000811100D20D520080002A000061
S3150004D5002107322044076203003F0040210736000A
S3150004D5100507322020077CADB9D3008D0E5300AE2B
S3150004D5200E5300E90E533E1A0E5300000F533E00ED
S3150004D53025070080002A10C0C404322020077CB6C8
S3150004D540B9D362C0C000000A00087CC5BDD3000977
S3150004D5500018322080210000510462FF003F004081
S3150004D56021070080000E28C0800028C02C077CC438
S3150004D570E9D3B00020070042110700E00021B00003
S3150004D580010700010018322000213420440762C03C
S3150004D590C00062CB99D36201000F000C00087CCF57
S3150004D5A0FDD3320000186201000F32000507344033
S3150004D5B005070020210700005E1A0003150708630B
S3150004D5C010070000211704000D0724FBFF3F0092FB
S3150004D5D009437C00209A00005E1A00000118060028
S3150004D5E001070000201808000D070080002A00FF2C
S3150004D5F08418480005074600050700FF86184800FA
S3150004D600010700004018440005070000209A120094
S3150004D610201A00D47D0E1200500428EFFDD302DB3D
S3150004D6207D0E28EFF5D302E27D0E02A004070080EA
S3150004D63000EA090B000900000058B0000507BA000B
S3150004D6400107B0000147B1010018340005478020E6
S3150004D6502007003FEF2800002507980003478100B4
S3150004D660FD042A0A000F16201007428000072AC06C
S3150004D6702C07000000188020140762A0C0C0091DF2
S3150004D6800049BA02100700E040217CC05004BA00E9
S3150004D69001177C0BBED32840012128C0F844BBD413
S3150004D6A00E53800040002A00BED32A00000E42001A
S3150004D6B020C707FFFF287CC0500442000147BA0078
S3150004D6C0200728C0F80400A0C0217CC05004BA007A
S3150004D6D00147BB00218700005104000B00183220CB
S3150004D6E0802100002D0736202007000300087C5FF8
S3150004D6F0FAD32826FED38000580480208011000027
S3150004D7005D04002A0E523400200780208021000088
S3150004D710590480205C04342014070030062A62066B
S3150004D720000F000054042AA05435620040006238F9
S3150004D730FED32AC020077C38BAD3000200180200A0
S3150004D740002100C0012100003907002D0E5200FF00
S3150004D7507F0D0001001802000021000061042A0068
S3150004D760000F00530E532C2081017C42FED32A461F
S3150004D77082D32C4E0E520000250700A010072CC0A1
S3150004D780C4042A01000F2CC020072EC0002100006B
S3150004D79059047C4CBED33000811100FFFF2830C0F1
S3150004D7A080017C3DEED30080002A0000FD04362073
S3150004D7B02C0700802007B840058700C020077C5747
S3150004D7C0BED30000211100FFFF2800002D07000032
S3150004D7D02107840020072C5CBED32800811128C0B1
S3150004D7E0002100001507000021910064FED380008B
S3150004D7F058048020801100005D0400680ED20500E4
S3150004D8002007802080210000590480205CC4050084
S3150004D8100018B82000A14120C404626DA2D30001FF
S3150004D82000280000C5046201003F2CC0C0002C4043
S3150004D83059252EC0C000002A0E533400610400F49A
S3150004D8407D18382014073A20100700820E53000072
S3150004D850530400F47D183C2014073E201007008270
S3150004D8600E530000201A00B308332880002A30C063
S3150004D870100740E0048700A054042A8582D32A04B2
S3150004D88000282A8786D32A0800282A8054042A8A4C
S3150004D89082D32A0100282A8C86D32A0200282A0049
S3150004D8A02587008000EA0900000D7C00206F7CC0FB
S3150004D8B05004B000200728C0F804BA00C0617D9661
S3150004D8C0FED33101000D00D40E538004003A3020FB
S3150004D8D0440762A082D37C00206F7CC05004BA0047
S3150004D8E0200728C0F804B000C021B00001477D001D
S3150004D8F0FD046220C51530400507000000182C0001
S3150004D90005077C10002F5E08000F7CAFFFFF2DE398
S3150004D9100E5330E30E5332E30E5334E30E5336E321
S3150004D9200E5338002187000B003A2A0A004F802044
S3150004D9302407980060042E01000F006031072AB600
S3150004D940BED32A00000F2AC02C076200004F0040F5
S3150004D9502107982000210000150730C01007000099
S3150004D9605114000045072EC382D37CC2BAD32E00BD
S3150004D970FD042A0040007EFEFF3F0000150700223A
S3150004D98011072CE0800028C020072CC0802100202D
S3150004D99081017CD0FED398208121620060002ED0C4
S3150004D9A082D3980021072A0060002EFEFF3F98408C
S3150004D9B005076200C940810001478100FD8400001B
S3150004D9C0140762A08000804001078200140762A049
S3150004D9D0B000824001078400140762A0B0008440AE
S3150004D9E001078600140762A0B0008640010788007C
S3150004D9F0140762A0B000884001872A0010076380DC
S3150004DA008800804005070180440762FF003F80408C
S3150004DA10058700FFAED30030012A0000000B066024
S3150004DA202C07086050040462381700410009801569
S3150004DA3014B70100213728FAFED32A7E010F2AC023
S3150004DA4038072A00400000601007804114072800A8
S3150004DA50403028F4BED32A00013162E0800000027F
S3150004DA60000E62C31007000021370000409A002F01
S3150004DA70AFD30030012A0000000E0E602C0712609E
S3150004DA805004106044070C6024070A63381728C042
S3150004DA90300780231407813514B601002137281472
S3150004DAA0FFD32A7E010F2AC038072A00400000143B
S3150004DAB021068241140728004030280EBFD32A20AD
S3150004DAC0390700402D076218FFD380142186018090
S3150004DAD0002A62E080000040150742231007000078
S3150004DAE015170000012100011D0700002117000081
S3150004DAF0010E28E0800000021107000021110040F9
S3150004DB0000087C2BFFD30080440700FF7F18622F98
S3150004DB10BFD300008018002F0F5200E0200700003A
S3150004DB20020E28C310070000212700002187007F6A
S3150004DB30A01A0000001880000D870100209A1230F8
S3150004DB40012A007F010B00FFFF0E00602007004042
S3150004DB5000087C41AFD300FFFF2806000D07000034
S3150004DB60811100BE012804000D0708A00C07004619
S3150004DB700F5202BFFF2808000D0704800C07003F60
S3150004DB80001806000D0702602007004100087C50BB
S3150004DB90AFD300FFFF280E000D070000811100BF60
S3150004DBA001280A000D0712A00C0700550F5200BEEB
S3150004DBB0FF2812000D070A800C07004000180E000B
S3150004DBC00D07006020070000000B026080017C60E6
S3150004DBD0EFD30CFFFF2802608021000015070A60BE
S3150004DBE0200700A0802100FFFF28000011070C80F9
S3150004DBF00C0710A00C070000209A129FABD30080DC
S3150004DC00002A0000210744205004287EFFD3462022
S3150004DC1020C73FE0FF2800001507460020072874A8
S3150004DC20BBD30000081828FFBF3F28C01007448054
S3150004DC300407482014072874B3D34800140700E0E7
S3150004DC40FF2846A0040746000107000006087C7B5F
S3150004DC50BFD312FFFB3F009F0F5200003907289ADB
S3150004DC60F7D300960F520000210728FF7F3F28C0F4
S3150004DC70140744A0040700FF870E0000042A12FFBD
S3150004DC80FB3F0054003A289AABD37C7F870E00A052
S3150004DC90B0045011002F8000D8847DAFFF3F008C64
S3150004DCA00E430054003A7C40002F0000042A58FF1B
S3150004DCB0870F006031075011002F8000D884017F40
S3150004DCC0870E009A0F5200A0B0045011002F800056
S3150004DCD0D884019F0F5200A0B004000021476CC0F5
S3150004DCE014075800400080A008476D00209A145578
S3150004DCF055551D5050D0100F5A0F1241100C0140AB
S3150004DD00FE1122F4E030300CD2211100D00010DDD7
S3150004DD102F0210E01F31124A1C03220E0E031214A6
S3150004DD203F2122211D1330011E1003010C1000EEA9
S3150004DD30001033EC321030ED231303EE102201DD14
S3150004DD40330100D0303133C0300133E1303130E2B9
S3150004DD50330130F0022212F0321203D3200103D031
S3150004DD60133300F1103000C1100300C01000000C82
S3150004DD701033330F1030331C1203332F1300332C9C
S3150004DD802022312E2331300D1230301E3103302E35
S3150004DD902301303C1200300F2222120C1233030CE2
S3150004DDA02231030C1230030C2212030E1203032D2C
S3150004DDB02201033E1200030E0100033E3133000E1E
S3150004DDC01233003E2231000E3130001D0330002F85
S3150004DDD02212002C3103000E1203001F0003001C44
S3150004DDE03300001C3000001C0300001C0000004F20
S3150004DDF0554755B2D280BAF7B12122BCDFDEED0B0E
S3150004DE00031201C5E051671B0B7C997D1331024F48
S3150004DE10FFFCFDC549666DF62AB761F39E8AA8C55F
S3150004DE20DCFDDF3AE9380249130E7760344655ECD7
S3150004DE30DFFFFF959DA38B5ADBC59D361103028B2D
S3150004DE40928B8A77D55C47767151561712120170F8
S3150004DE505D47752823C88394B2533199CDEFEDA25B
S3150004DE60281301AC57E9DD590AE5B82512310339FF
S3150004DE70103201A13CC94CD7A42572FA989BAB83F6
S3150004DE80A9B88831E5465D1F2D3420435545540015
S3150004DE9000040088800202451005106E1E3A02D660
S3150004DEA0B1330307813F0300201A7C40002F501032
S3150004DEB0E4E350190C6320630F53121694E31461C0
S3150004DEC00C6314170C62001C0C630000001A7CAF70
S3150004DED0FFBF006020070001002820000D87140002
S3150004DEE02107240020077C29FCE37C22ACE360C0E4
S3150004DEF02007002E0C621AFFFF2800002D475EC083
S3150004DF00C00060C0F0405FC01C0760C02007002E40
S3150004DF100C621A00211100FFFF2800002D0760C0C3
S3150004DF20A08061C020071A0009071C0009070040E9
S3150004DF30001A000081115A0000319C6014079C00ED
S3150004DF400D075A001007143890E35A8020075A0028
S3150004DF5001070000201A143C8CE31A00000E1AA0D4
S3150004DF600C072200200700410C6320560C63520064
S3150004DF7021870000AC0458C0FC047C45BCE300FFC8
S3150004DF80FF380008003820605004284A80E3620005
S3150004DF90000F0000C58400C0FC0462C01407000022
S3150004DFA0C50400A0C4041C20AC0458C0FC0462C010
S3150004DFB0500462C0FC045600400028C0FC0428C07B
S3150004DFC0C4046200008F0000000F1A60A804282011
S3150004DFD0DC042000AC0420605004285FC0E31E006B
S3150004DFE021071C00B0042220A0841A00B0042420B7
S3150004DFF0A0841A64DCE31469D8E3006F0C620000A1
S3150004E000261A00600E931300201A00730C63007F17
S3150004E010FF3F0000261A00600E930F00201A007DB1
S3150004E0200C632A790C6300BFFF3F00920C632A9F9E
S3150004E0300C632A00210714DFFFBF00E100180076F5
S3150004E0400C622ABF00182A000507001F00182800C2
S3150004E0500587140300182400010700FFFF18200099
S3150004E0600D87140100181C0005072A20002128002A
S3150004E070A10028C020070001002820000107000095
S3150004E080AD0400002D070000000E5019000F508B40
S3150004E090ACE356FF010F6200000F5600AD04508E2C
S3150004E0A0B0E362C0FC046200214700A0C40400A0DF
S3150004E0B0C44457C0208714302007000001310005EE
S3150004E0C0003800002D07000080281E00010700000C
S3150004E0D0B10400FEFF381C0001070000000E5019B1
S3150004E0E0000F00A0D88459C0208714202C070040B4
S3150004E0F0000E016211072830000F28E054252AC0BB
S3150004E1002007220005070000011800E0003128DF7F
S3150004E110FF3F2800512528C020072400058700005A
S3150004E120001A14BFFF3F7CAFFF3F5A002007580078
S3150004E1300107005E0E120000621A7CAFFF3F00006A
S3150004E140001846A68A931C790C43007C0C43003DB8
S3150004E1500D43000011070000621A00000018260093
S3150004E16005070480200700CA0C620000201A047DFB
S3150004E1700F130003621A00A60A230000201A12C60F
S3150004E180A4E3000000180010150706031007000199
S3150004E19021170000213700C8012A00B806034C26BF
S3150004E1A00D420000550400002111002100380071C1
S3080004E1B00C220034
S3080004E1C06B0D0AD0
S3080004E1D06B0D0AC0
S3150005FFC0C600200220CE10201220D62020FF27169C
S3150005FFD00008FF7F570020FF27170008C0349FD071
S3150005FFE034BF7F1D0040FF5F1D0060B261A5C06183
S3150005FFF0C261ADD061D261FFFFFFFFFFFFFFFFFFCB
S70500000000FA
