[ME] V.34 datapath: floating point
[ME] Modem mode: v90 (V.8 offer V90|V34|V22)
[ME] DTE framing: V.14 8N1
[ME] V.92 TRN2u receiver: 4-point PAM, L_U=8000
[ME] Live G.711 taps: RX=/Users/scottcryan/v90modem/artifacts/v90-hardware/20260901T054120Z-canon-hdx-r5/live-rx.g711 TX=/Users/scottcryan/v90modem/artifacts/v90-hardware/20260901T054120Z-canon-hdx-r5/live-tx.g711
[ME] V.8 answer tone: ANSam/
[ME] V.34 start profile: 2400 baud / 21600 bps
[ME] env: ME_V34_SPAN_FLOW_LOG=1
[ME] env: SIP_FORCE_PCMU=1
[ME] env: ME_V34_FAX_PROBE=1
[ME] env: VPCM_G711_TAP_DIR=/Users/scottcryan/v90modem/artifacts/v90-hardware/20260901T054120Z-canon-hdx-r5
17:41:20.966         os_core_unix.c !pjlib 2.16 for POSIX initialized
17:41:20.966         sip_endpoint.c  .Creating endpoint instance...
17:41:20.966                  pjlib  .select() I/O Queue created (0x700c3a018)
17:41:20.966         sip_endpoint.c  .Module "mod-msg-print" registered
17:41:20.966        sip_transport.c  .Transport manager created.
17:41:20.966           pjsua_core.c  .PJSUA state changed: NULL --> CREATED
17:41:21.019        coreaudio_dev.c  core audio detected 3 devices
17:41:21.020        coreaudio_dev.c   dev_id 78: MacBook Air Microphone  (in=1, out=0) 48000Hz
17:41:21.020        coreaudio_dev.c   dev_id 71: MacBook Air Speakers  (in=0, out=2) 48000Hz
17:41:21.020        coreaudio_dev.c   dev_id 83: iPhone69 Microphone  (in=1, out=0) 48000Hz
17:41:21.020        coreaudio_dev.c  core audio initialized
17:41:21.020           pjsua_core.c  .pjsua version 2.16 for Darwin-25.5/arm64 initialized
17:41:21.020              sip_modem  Binding SIP/RTP to local address 10.69.220.8
17:41:21.020              sip_modem  G.711 passthrough enabled
[DI] modem PTY slave: /dev/ttys013 (symlink: /tmp/v90faxprobe)
17:41:21.021              sip_modem  RTP media base port: 41000
17:41:21.023              sip_modem  SIP V.90 modem ready. PTY link: /tmp/v90faxprobe
17:41:21.023              sip_modem  ME trace (startup): state=IDLE mod=NONE law=ULAW role=answerer media=down phase_ms=0 v34_rx=0 v34_tx=0 v90_rx=-1 v90_tx=-1 v90_event=-1 phase3=0 s_events=0 dil=0 cp_bits=0 cp_valid=0 cp_rejected=0 v92=0 trn2u=0 trn2u_symbols=0 trn2u_ones=0 cpu_bits=0 cpu_valid=0 cpu_rejected=0 g711_rx=0 g711_tx=0 raw_v90_tx=0 linear_tx=0
17:41:21.031            pjsua_acc.c  ....sip:6000@asterisk.net.cryan.nz: registration success, status=200 (OK), will re-register in 299 seconds
17:44:01.300              sip_modem  ...RTP clock-recovery tap installed on call 0 media 0
17:44:01.300              sip_modem  ..Incoming call from "VG224 Port 2/22" <sip:8422@192.168.88.122>
17:44:01.300              sip_modem  .........Call 0 state: EARLY
17:44:01.300              sip_modem  ..RING 1/2
17:44:07.310              sip_modem !RING 2/2
17:44:07.310              sip_modem  Auto-answering after 2 rings
17:44:07.311              sip_modem  .....Installed G.711 passthrough stream wrapper (160 samples/frame)
[ME] PCM law set to u-law (PCMU)
17:44:07.311              sip_modem  ...Codec: PCMU (u-law passthrough)
17:44:07.311              sip_modem  ...Media clock wired: conf 1 <-> 0
[TRACE +0ms] SIP media connected: role=answerer
[ME] V.34 fax probe: offering V.34 half-duplex in JM (ME_V34_FAX_PROBE)
[TRACE +0ms] enter V8: mode=v90 advertised mods=V90|V34|V22
[ME] SIP connected as answerer, starting V.8 handshake
[ME] V.8 answer tone in use: ANSam/
17:44:07.311              sip_modem  ...ME trace (media-connected): state=V8 mod=NONE law=ULAW role=answerer media=up phase_ms=0 v34_rx=0 v34_tx=0 v90_rx=-1 v90_tx=-1 v90_event=-1 phase3=0 s_events=0 dil=0 cp_bits=0 cp_valid=0 cp_rejected=0 v92=0 trn2u=0 trn2u_symbols=0 trn2u_ones=0 cpu_bits=0 cpu_valid=0 cpu_rejected=0 g711_rx=0 g711_tx=0 raw_v90_tx=0 linear_tx=0
17:44:07.311              sip_modem  .......Call 0 state: CONNECTING
17:44:07.317              sip_modem  ...Call 0 state: CONFIRMED
17:44:07.317              sip_modem  ME trace (state-change): state=V8 mod=NONE law=ULAW role=answerer media=up phase_ms=6 v34_rx=0 v34_tx=0 v90_rx=-1 v90_tx=-1 v90_event=-1 phase3=0 s_events=0 dil=0 cp_bits=0 cp_valid=0 cp_rejected=0 v92=0 trn2u=0 trn2u_symbols=0 trn2u_ones=0 cpu_bits=0 cpu_valid=0 cpu_rejected=0 g711_rx=0 g711_tx=0 raw_v90_tx=0 linear_tx=0
[ME] RX clock-recovery slips: disabled (default)
[ME] TX path: state=2 mod=0 fax_active=0 v34=0x0 v22bis=0x0
[ME] DIAG: cr_update first call rtp_ts=4263412357 local_ns=1726615268469000
[ME] V.8 rx: RMS=630.8 (8000 samples) — audio OK
[ME] V.8 tx: RMS=891.6 (8000 samples)
[ME] TX path: state=2 mod=0 fax_active=0 v34=0x0 v22bis=0x0
[ME] V.8 rx: RMS=63.8 (8000 samples) — audio OK
[ME] V.8 tx: RMS=4093.6 (8000 samples)
[ME] TX path: state=2 mod=0 fax_active=0 v34=0x0 v22bis=0x0
[ME] DIAG: cr_update calls=100 phase_err=-0.005 samples
FLOW [proto@0x104c83dcd] >CM:  81 85 d4 90 07
FLOW [proto@0x104c83dcd] >CM:  81 85 d4 90 07
FLOW [proto@0x104c83dcd] Decoding
FLOW [proto@0x104c83dcd] T.30 Tx FAX
FLOW [proto@0x104c83dcd] Far end offers: FLOW [proto@0x104c83dcd] V.17 half-duplex, V.21 duplex, V.27ter duplex, V.29 half-duplex, V.34 half-duplex supported
FLOW [proto@0x104c83dcd] Will offer: FLOW [proto@0x104c83dcd] V.34 half-duplex supported
FLOW [proto@0x104c83dcd] PCM unavailable
[ME] V.8 rx: RMS=2453.5 (8000 samples) — audio OK
[ME] V.8 tx: RMS=4093.6 (8000 samples)
[ME] TX path: state=2 mod=0 fax_active=0 v34=0x0 v22bis=0x0
FLOW [proto@0x104c83dcd] >CM:  81 85 d4 90 07
FLOW [proto@0x104c83dcd] >CM:  81 85 d4 90 07
FLOW [proto@0x104c83dcd] >CM:  81 85 d4 90 07
FLOW [proto@0x104c83dcd] >CM:  81 85 d4 90 07
[ME] V.8 rx: RMS=3232.8 (8000 samples) — audio OK
[ME] V.8 tx: RMS=4093.6 (8000 samples)
[ME] TX path: state=2 mod=0 fax_active=0 v34=0x0 v22bis=0x0
[ME] DIAG: cr_update calls=200 phase_err=0.059 samples
FLOW [proto@0x104c83dcd] >CM:  81 85 d4 90 07
FLOW [proto@0x104c83dcd] >CM:  81 85 d4 90 07
FLOW [proto@0x104c83dcd] >CM:  81 85 d4 90 07
FLOW [proto@0x104c83dcd] >CM:  81 85 d4 90 07
[ME] V.8 rx: RMS=3232.5 (8000 samples) — audio OK
[ME] V.8 tx: RMS=4093.6 (8000 samples)
[ME] TX path: state=2 mod=0 fax_active=0 v34=0x0 v22bis=0x0
FLOW [proto@0x104c83dcd] >CM:  81 85 d4 90 07
FLOW [proto@0x104c83dcd] >CM:  81 85 d4 90 07
FLOW [proto@0x104c83dcd] CM recognised
[ME] V.8 result: status=1, modulations=0x400 pstn_access=0x0
[TRACE +5361ms] V8 result: status=V.8 offered by the other party (1) mods=none (0x400) protocol=0x0 pstn=0x0 pcm=0x0
[ME] V.8 peer offer: call function=T.30 Tx FAX, modulations=V.17 half-duplex,V.21 duplex,V.27ter duplex,V.29 half-duplex,V.34 half-duplex
[ME] V.8 peer summary: protocol=None, PSTN=PSTN access unknown, PCM=PCM unavailable, NSF=absent, T.66=-1
[ME] V.8 in progress (status=1)
FLOW [proto@0x104c83dcd] <JM:  81 85 10 10 47 8d
FLOW [proto@0x104c83dcd] >CM:  81 85 d4 90 07
FLOW [proto@0x104c83dcd] <JM:  81 85 10 10 47 8d
FLOW [proto@0x104c83dcd] >CM:  81 85 d4 90 07
FLOW [proto@0x104c83dcd] <JM:  81 85 10 10 47 8d
FLOW [proto@0x104c83dcd] >CM:  81 85 d4 90 07
[ME] V.8 rx: RMS=3232.3 (8000 samples) — audio OK
[ME] V.8 tx: RMS=3424.5 (8000 samples)
[ME] TX path: state=2 mod=0 fax_active=0 v34=0x0 v22bis=0x0
[ME] DIAG: cr_update calls=300 phase_err=0.063 samples
FLOW [proto@0x104c83dcd] <JM:  81 85 10 10 47 8d
FLOW [proto@0x104c83dcd] >CM:  81 85 d4 90 07
FLOW [proto@0x104c83dcd] CJ recognised
FLOW [proto@0x104c83dcd] FSK ends (13/160) 1 11
FLOW [proto@0x104c83dcd] Negotiation succeeded
[ME] V.8 result: status=2, modulations=0x400 pstn_access=0x0
[TRACE +6320ms] V8 result: status=V.8 call negotiation successful (2) mods=none (0x400) protocol=0x0 pstn=0x0 pcm=0x0
[ME] V.8 peer offer: call function=T.30 Tx FAX, modulations=V.17 half-duplex,V.21 duplex,V.27ter duplex,V.29 half-duplex,V.34 half-duplex
[ME] V.8 peer summary: protocol=None, PSTN=PSTN access unknown, PCM=PCM unavailable, NSF=absent, T.66=-1
[ME] V.8 negotiated V.34 HALF-DUPLEX (clause 12 / T.30 Annex F), peer call function=T.30 Tx FAX
[TRACE +6320ms] V8 selected V34 half-duplex
[ME] V.34 fax probe: half-duplex clause 12 started as RECIPIENT (2400 baud, ceiling 21600 bps)
[TRACE +6321ms] enter TRAINING: mod=V34HDX role=recipient
[TRACE +6321ms] V34 stage: rx=INFO0(1) tx=IDLE(0)
FLOW [proto@0x104c4949e] Rx - stage=INFO0 (1) demod=TONES (2)
FLOW [proto@0x104c4949e] Rx - event=NONE (0)
FLOW [proto@0x104c4949e] Signal up
FLOW [proto@0x104c4949e] Rx info_rx diag: ref=11627745 gate=1453468 carrier=1 stage=1 sig=1 pwr=10826140 bits=0
[ME] RX PCM dump: /tmp/v34_rx.raw (s16le 8000Hz mono)
FLOW [proto@0x104c4949e] Tx - [digital] stage=UNKNOWN (0) mod=SILENCE (5) tx_t=0.000s lastbit=(0,0)
[ME] TX PCM dump: /tmp/v34_tx.raw (s16le 8000Hz mono)
17:44:13.637              sip_modem !ME trace (state-change): state=TRAINING mod=V34 law=ULAW role=answerer media=up phase_ms=6 v34_rx=1 v34_tx=0 v90_rx=-1 v90_tx=-1 v90_event=-1 phase3=0 s_events=0 dil=0 cp_bits=0 cp_valid=0 cp_rejected=0 v92=0 trn2u=0 trn2u_symbols=0 trn2u_ones=0 cpu_bits=0 cpu_valid=0 cpu_rejected=0 g711_rx=50560 g711_tx=50560 raw_v90_tx=0 linear_tx=50560
FLOW [proto@0x104c4949e] Rx info_rx diag: ref=11420314 gate=1427539 carrier=0 stage=1 sig=1 pwr=26029 bits=0
FLOW [proto@0x104c4949e] Signal down
FLOW [proto@0x104c4949e] Rx info_rx diag: ref=10982838 gate=1372854 carrier=0 stage=1 sig=0 pwr=2051 bits=0
FLOW [proto@0x104c4949e] Rx info_rx diag: ref=10770424 gate=1346303 carrier=0 stage=1 sig=0 pwr=2163 bits=0
FLOW [proto@0x104c4949e] Rx info_rx diag: ref=10562120 gate=1320265 carrier=0 stage=1 sig=0 pwr=1992 bits=0
FLOW [proto@0x104c4949e] Tx - transmission_preamble_init()
FLOW [proto@0x104c4949e] Tx - timing [digital]: UNKNOWN/SILENCE took 76.6 ms (phase 2 t=0.0 ms)
FLOW [proto@0x104c4949e] Tx - [digital] stage=INITIAL_PREAMBLE (1) mod=CC (1) tx_t=0.077s lastbit=(4,0)
[TRACE +6400ms] V34 stage: rx=INFO0(1) tx=INITIAL_PREAMBLE(1)
FLOW [proto@0x104c4949e] Rx info_rx diag: ref=10357845 gate=1294730 carrier=0 stage=1 sig=0 pwr=2556 bits=0
FLOW [proto@0x104c4949e] Rx info_rx diag: ref=10157522 gate=1269690 carrier=0 stage=1 sig=0 pwr=112 bits=0
[ME] TX dump mark: sample=800 rx_stage=1 tx_stage=1 mod=3
FLOW [proto@0x104c4949e] Signal up
FLOW [proto@0x104c4949e] Rx info_rx diag: ref=9961075 gate=1245134 carrier=1 stage=1 sig=1 pwr=4958585 bits=0
[ME] RX dump mark: sample=800 rx_stage=1 tx_stage=1 mod=3 guard_db=1.3 guard_valid=1
FLOW [proto@0x104c4949e] Rx info_rx diag: ref=9768427 gate=1221053 carrier=1 stage=1 sig=1 pwr=7345972 bits=0
FLOW [proto@0x104c4949e] Tx - info0_baud_init()
FLOW [proto@0x104c4949e] Tx INFO0:
FLOW [proto@0x104c4949e]   Baud rate 2400 low high
FLOW [proto@0x104c4949e]   Baud rate 2743 low high
FLOW [proto@0x104c4949e]   Baud rate 2800 low high
FLOW [proto@0x104c4949e]   Baud rate 3000 low high
FLOW [proto@0x104c4949e]   Baud rate 3200 low high
FLOW [proto@0x104c4949e]   Baud rate 3429 low high
FLOW [proto@0x104c4949e]   3429 baud allowed
FLOW [proto@0x104c4949e]   Tx power reduction supported
FLOW [proto@0x104c4949e]   Max different between Tx and Rx baud rates is 5
FLOW [proto@0x104c4949e]   Constellations up to 1664 supported
FLOW [proto@0x104c4949e]   Tx clock source - internal
FLOW [proto@0x104c4949e]   Message not from a CME modem
FLOW [proto@0x104c4949e]   INFO0 frame not acknowledged
FLOW [proto@0x104c4949e] Tx - timing [digital]: INITIAL_PREAMBLE/CC took 25.0 ms (phase 2 t=25.0 ms)
FLOW [proto@0x104c4949e] Tx - [digital] stage=INFO0 (2) mod=CC (1) tx_t=0.102s lastbit=(4,0)
[TRACE +6440ms] V34 stage: rx=INFO0(1) tx=INFO0(2)
FLOW [proto@0x104c4949e] Rx - info sync code detected
FLOW [proto@0x104c4949e] Rx info_rx diag: ref=9579505 gate=1197438 carrier=1 stage=1 sig=1 pwr=6370664 bits=3
FLOW [proto@0x104c4949e] Rx info_rx diag: ref=9394238 gate=1174279 carrier=1 stage=1 sig=1 pwr=7160999 bits=9
FLOW [proto@0x104c4949e] Rx info_rx diag: ref=9212553 gate=1151569 carrier=1 stage=1 sig=1 pwr=7253646 bits=15
FLOW [proto@0x104c4949e] Rx info_rx diag: ref=9034384 gate=1129298 carrier=1 stage=1 sig=1 pwr=6388968 bits=21
FLOW [proto@0x104c4949e] Rx info_rx diag: ref=8859662 gate=1107457 carrier=1 stage=1 sig=1 pwr=6573711 bits=27
FLOW [proto@0x104c4949e] Rx info_rx diag: ref=8688321 gate=1086040 carrier=1 stage=1 sig=1 pwr=7546015 bits=32
FLOW [proto@0x104c4949e] Rx - info CRC result 0x0 (target_bits=33)
FLOW [proto@0x104c4949e] Rx - info raw bytes: ff 20 7a 2e 17
FLOW [proto@0x104c4949e] Rx INFO0:
FLOW [proto@0x104c4949e]   Baud rate 2400 low high
FLOW [proto@0x104c4949e]   Baud rate 2743 low high
FLOW [proto@0x104c4949e]   Baud rate 2800 low high
FLOW [proto@0x104c4949e]   Baud rate 3000 low high
FLOW [proto@0x104c4949e]   Baud rate 3200 low high
FLOW [proto@0x104c4949e]   Baud rate 3429 low high
FLOW [proto@0x104c4949e]   3429 baud allowed
FLOW [proto@0x104c4949e]   Tx power reduction not supported
FLOW [proto@0x104c4949e]   Max different between Tx and Rx baud rates is 0
FLOW [proto@0x104c4949e]   Constellations up to 1664 supported
FLOW [proto@0x104c4949e]   Tx clock source - internal
FLOW [proto@0x104c4949e]   Message not from a CME modem
FLOW [proto@0x104c4949e]   INFO0 frame not acknowledged
FLOW [proto@0x104c4949e] Rx info_rx diag: ref=8520293 gate=1065036 carrier=1 stage=6 sig=1 pwr=7335879 bits=0
[TRACE +6501ms] V34 stage: rx=TONE_B(6) tx=INFO0(2)
FLOW [proto@0x104c4949e] Rx - stage=TONE_B (6) demod=TONES (2)
FLOW [proto@0x104c4949e] Rx - event=INFO0_OK (5)
FLOW [proto@0x104c4949e] Tx - initial_ab_not_ab_baud_init() [calling=0 duplex=0 sample_time=1440]
FLOW [proto@0x104c4949e] Tx - timing [digital]: INFO0/CC took 81.6 ms (phase 2 t=106.6 ms)
FLOW [proto@0x104c4949e] Tx - [digital] stage=HDX_INITIAL_A (50) mod=CC (1) tx_t=0.183s lastbit=(-4,0)
[ME] TX dump mark: sample=1600 rx_stage=6 tx_stage=50 mod=3
[TRACE +6520ms] V34 stage: rx=TONE_B(6) tx=UNKNOWN(50)
[ME] V.34 negotiated echo policy: TX=2400/high 1800.0 Hz, RX=2400/high 1800.0 Hz -> no echo filter (TX carrier is inside the 456-3144 Hz receive band)
[ME] RX dump mark: sample=1600 rx_stage=6 tx_stage=50 mod=3 guard_db=10.9 guard_valid=1
FLOW [proto@0x104c4949e] Rx - Tone B detected (power=7250794 ref=7874299)
FLOW [proto@0x104c4949e] Tx - timing [digital]: HDX_INITIAL_A/CC took 50.0 ms (phase 2 t=156.6 ms)
FLOW [proto@0x104c4949e] Tx - [digital] stage=HDX_FIRST_A (51) mod=CC (1) tx_t=0.233s lastbit=(-4,0)
FLOW [proto@0x104c4949e] Tx - timing [digital]: HDX_FIRST_A/CC took 1.6 ms (phase 2 t=158.2 ms)
FLOW [proto@0x104c4949e] Tx - [digital] stage=HDX_FIRST_NOT_A (52) mod=CC (1) tx_t=0.235s lastbit=(4,0)
[TRACE +6560ms] V34 stage: rx=TONE_B(6) tx=UNKNOWN(52)
FLOW [proto@0x104c4949e] Tx - timing [digital]: HDX_FIRST_NOT_A/CC took 8.3 ms (phase 2 t=166.6 ms)
FLOW [proto@0x104c4949e] Tx - [digital] stage=HDX_FIRST_A_SILENCE (53) mod=CC (1) tx_t=0.243s lastbit=(4,0)
[TRACE +6581ms] V34 stage: rx=TONE_B(6) tx=UNKNOWN(53)
[ME] TX dump mark: sample=2400 rx_stage=6 tx_stage=53 mod=3
[ME] RX dump mark: sample=2400 rx_stage=6 tx_stage=53 mod=3 guard_db=13.7 guard_valid=1
[ME] TX dump mark: sample=3200 rx_stage=6 tx_stage=53 mod=3
[ME] RX dump mark: sample=3200 rx_stage=6 tx_stage=53 mod=3 guard_db=16.8 guard_valid=1
FLOW [proto@0x104c4949e] Rx - reversal 1 in tone B
FLOW [proto@0x104c4949e] Rx info_rx diag: ref=7835451 gate=979431 carrier=1 stage=6 sig=1 pwr=7267964 bits=0
FLOW [proto@0x104c4949e] Rx - event=REVERSAL_1 (2)
[ME] TX dump mark: sample=4000 rx_stage=6 tx_stage=53 mod=3
[ME] RX dump mark: sample=4000 rx_stage=6 tx_stage=53 mod=3 guard_db=-2.0 guard_valid=1
[ME] TX dump mark: sample=4800 rx_stage=6 tx_stage=53 mod=3
[ME] RX dump mark: sample=4800 rx_stage=6 tx_stage=53 mod=3 guard_db=-3.3 guard_valid=1
[ME] TX dump mark: sample=5600 rx_stage=6 tx_stage=53 mod=3
[ME] RX dump mark: sample=5600 rx_stage=6 tx_stage=53 mod=3 guard_db=2.9 guard_valid=1
[ME] TX path: state=3 mod=3 fax_active=0 v34=0x700020000 v22bis=0x0
[ME] TX dump mark: sample=6400 rx_stage=6 tx_stage=53 mod=3
[ME] RX dump mark: sample=6400 rx_stage=6 tx_stage=53 mod=3 guard_db=-3.5 guard_valid=1
[ME] TX dump mark: sample=7200 rx_stage=6 tx_stage=53 mod=3
[ME] RX dump mark: sample=7200 rx_stage=6 tx_stage=53 mod=3 guard_db=4.7 guard_valid=1
FLOW [proto@0x104c4949e] Tx - timing [digital]: HDX_FIRST_A_SILENCE/CC took 666.6 ms (phase 2 t=833.2 ms)
FLOW [proto@0x104c4949e] Tx - [digital] stage=HDX_SECOND_A (54) mod=CC (1) tx_t=0.910s lastbit=(-4,0)
FLOW [proto@0x104c4949e] Tx - timing [digital]: HDX_SECOND_A/CC took 1.7 ms (phase 2 t=835.0 ms)
FLOW [proto@0x104c4949e] Tx - [digital] stage=HDX_SECOND_A_WAIT (55) mod=CC (1) tx_t=0.912s lastbit=(4,0)
[TRACE +7240ms] V34 stage: rx=TONE_B(6) tx=UNKNOWN(55)
FLOW [proto@0x104c4949e] Tx - infoh_baud_init()
FLOW [proto@0x104c4949e] Tx INFO0h:
FLOW [proto@0x104c4949e]   Minimum power reduction = 0dB
FLOW [proto@0x104c4949e]   Length of TRN = 1050ms
FLOW [proto@0x104c4949e]   High carrier
FLOW [proto@0x104c4949e]   Pre-emphasis filter = 0
FLOW [proto@0x104c4949e]   Baud rate = 2400
FLOW [proto@0x104c4949e]   Training constellation = 4 state
[ME] TX dump mark: sample=8000 rx_stage=6 tx_stage=55 mod=3
[ME] Training TX: RMS=2555.4 (8000 samples)
[ME] Training rx: RMS=3298.5 (8000 samples)
[ME] RX dump mark: sample=8000 rx_stage=6 tx_stage=55 mod=3 guard_db=3.6 guard_valid=1
FLOW [proto@0x104c4949e] Rx - info_rx bits=600 bitstream=0x000 stage=6
FLOW [proto@0x104c4949e] Tx - half-duplex recipient: INFOh sent, silent while receiving Phase 3
FLOW [proto@0x104c4949e] Tx - hdx_recipient_phase3_init()
FLOW [proto@0x104c4949e] Rx - V.90: analogue Ja consumed; armed clean Phase 3 S detector (trn=unknown)
[TRACE +7380ms] V34 stage: rx=PHASE3_WAIT_S(10) tx=UNKNOWN(55)
FLOW [proto@0x104c4949e] Rx - stage=PHASE3_WAIT_S (10) demod=V34 (0)
FLOW [proto@0x104c4949e] Rx - event=NONE (0)
FLOW [proto@0x104c4949e] Rx - primary_channel_rx: baud_rate=0 high_carrier=1 carrier=1800.0Hz agc=0.00170 power=7800766 shaper_sets=640
FLOW [proto@0x104c4949e] Rx - Phase 3 WAIT_S heartbeat: dur=1 demod=0 event=0 j_bits=0 trn_bits=0 trn_hint=-1/-1%
FLOW [proto@0x104c4949e] Rx - Phase 3 S baud 1: mag=0.000 data_bits=0 alt=0/32 stable=0 dom=0:1/32 rev=0/32 counts=1,0,0,0
FLOW [proto@0x104c4949e] Rx - Phase 3 Ja capture: emitted 2 bits using hyp=0
FLOW [proto@0x104c4949e] Rx - Phase 3 S baud 2: mag=0.000 data_bits=0 alt=0/32 stable=0 dom=0:2/32 rev=0/32 counts=2,0,0,0
FLOW [proto@0x104c4949e] Rx - Phase 3 S baud 3: mag=0.000 data_bits=0 alt=0/32 stable=0 dom=0:3/32 rev=0/32 counts=3,0,0,0
FLOW [proto@0x104c4949e] Rx - Phase 3 S baud 4: mag=0.000 data_bits=0 alt=0/32 stable=0 dom=0:4/32 rev=0/32 counts=4,0,0,0
FLOW [proto@0x104c4949e] Rx - primary_channel_rx: baud_rate=0 high_carrier=1 carrier=1800.0Hz agc=0.00077 power=7928989 shaper_sets=640
FLOW [proto@0x104c4949e] Rx - primary_channel_rx: baud_rate=0 high_carrier=1 carrier=1800.0Hz agc=0.00079 power=7631584 shaper_sets=640
FLOW [proto@0x104c4949e] Rx - primary_channel_rx: baud_rate=0 high_carrier=1 carrier=1800.0Hz agc=0.00077 power=7999481 shaper_sets=640
[ME] TX dump mark: sample=8800 rx_stage=10 tx_stage=55 mod=3
FLOW [proto@0x104c4949e] Rx - primary_channel_rx: baud_rate=0 high_carrier=1 carrier=1800.0Hz agc=0.00078 power=7773862 shaper_sets=640
[ME] RX dump mark: sample=8800 rx_stage=10 tx_stage=55 mod=3 guard_db=-6.0 guard_valid=1
FLOW [proto@0x104c4949e] Rx - primary_channel_rx: baud_rate=0 high_carrier=1 carrier=1800.0Hz agc=0.00077 power=7962529 shaper_sets=640
FLOW [proto@0x104c4949e] Rx - Phase 3 Ja capture: emitted 256 bits using hyp=0
FLOW [proto@0x104c4949e] Rx - primary_channel_rx: baud_rate=0 high_carrier=1 carrier=1800.0Hz agc=0.00078 power=7649328 shaper_sets=640
FLOW [proto@0x104c4949e] Rx - primary_channel_rx: baud_rate=0 high_carrier=1 carrier=1800.0Hz agc=0.00076 power=8136923 shaper_sets=640
FLOW [proto@0x104c4949e] Rx - primary_channel_rx: baud_rate=0 high_carrier=1 carrier=1800.0Hz agc=0.00079 power=7607652 shaper_sets=640
FLOW [proto@0x104c4949e] Rx - primary_channel_rx: baud_rate=0 high_carrier=1 carrier=1800.0Hz agc=0.00106 power=4205029 shaper_sets=640
FLOW [proto@0x104c4949e] Rx - primary_channel_rx: baud_rate=0 high_carrier=1 carrier=1800.0Hz agc=0.00079 power=7607326 shaper_sets=640
FLOW [proto@0x104c4949e] Rx - Phase 3 WAIT_S heartbeat: dur=256 demod=0 event=0 j_bits=510 trn_bits=0 trn_hint=-1/-1%
FLOW [proto@0x104c4949e] Rx - Phase 3 Ja capture: emitted 512 bits using hyp=0
FLOW [proto@0x104c4949e] Rx - primary_channel_rx: baud_rate=0 high_carrier=1 carrier=1800.0Hz agc=0.00079 power=7610105 shaper_sets=640
FLOW [proto@0x104c4949e] Rx - primary_channel_rx: baud_rate=0 high_carrier=1 carrier=1800.0Hz agc=0.00079 power=7611312 shaper_sets=640
FLOW [proto@0x104c4949e] Rx - primary_channel_rx: baud_rate=0 high_carrier=1 carrier=1800.0Hz agc=0.00079 power=7630736 shaper_sets=640
[ME] TX dump mark: sample=9600 rx_stage=10 tx_stage=55 mod=3
FLOW [proto@0x104c4949e] Rx - primary_channel_rx: baud_rate=0 high_carrier=1 carrier=1800.0Hz agc=0.00078 power=7665250 shaper_sets=640
[ME] RX dump mark: sample=9600 rx_stage=10 tx_stage=55 mod=3 guard_db=-6.0 guard_valid=1
FLOW [proto@0x104c4949e] Rx - primary_channel_rx: baud_rate=0 high_carrier=1 carrier=1800.0Hz agc=0.00079 power=7634379 shaper_sets=640
FLOW [proto@0x104c4949e] Rx - Phase 3 TRN: lock hint hyp=2 ones=189/256 (74%)
FLOW [proto@0x104c4949e] Rx - primary_channel_rx: baud_rate=0 high_carrier=1 carrier=1800.0Hz agc=0.00078 power=7662320 shaper_sets=640
FLOW [proto@0x104c4949e] Rx - Phase 3 Ja capture: emitted 768 bits using hyp=2
FLOW [proto@0x104c4949e] Rx - primary_channel_rx: baud_rate=0 high_carrier=1 carrier=1800.0Hz agc=0.00079 power=7604821 shaper_sets=640
FLOW [proto@0x104c4949e] Rx - primary_channel_rx: baud_rate=0 high_carrier=1 carrier=1799.9Hz agc=0.00079 power=7593895 shaper_sets=640
FLOW [proto@0x104c4949e] Rx - primary_channel_rx: baud_rate=0 high_carrier=1 carrier=1799.9Hz agc=0.00079 power=7606734 shaper_sets=640
FLOW [proto@0x104c4949e] Rx - primary_channel_rx: baud_rate=0 high_carrier=1 carrier=1799.9Hz agc=0.00079 power=7590036 shaper_sets=640
FLOW [proto@0x104c4949e] Rx - primary_channel_rx: baud_rate=0 high_carrier=1 carrier=1799.9Hz agc=0.00079 power=7636171 shaper_sets=640
FLOW [proto@0x104c4949e] Rx - Phase 3 TRN: rescoring after tracking settled (was hyp=2 74% over 512 bits)
FLOW [proto@0x104c4949e] Rx - Phase 3 WAIT_S heartbeat: dur=512 demod=0 event=0 j_bits=1022 trn_bits=0 trn_hint=-1/-1%
FLOW [proto@0x104c4949e] Rx - Phase 3 Ja capture: emitted 1024 bits using hyp=2
FLOW [proto@0x104c4949e] Rx - primary_channel_rx: baud_rate=0 high_carrier=1 carrier=1799.9Hz agc=0.00078 power=7650687 shaper_sets=640
FLOW [proto@0x104c4949e] Rx - primary_channel_rx: baud_rate=0 high_carrier=1 carrier=1799.8Hz agc=0.00079 power=7582720 shaper_sets=640
[ME] TX dump mark: sample=10400 rx_stage=10 tx_stage=55 mod=3
FLOW [proto@0x104c4949e] Rx - primary_channel_rx: baud_rate=0 high_carrier=1 carrier=1799.8Hz agc=0.00079 power=7594603 shaper_sets=640
[ME] RX dump mark: sample=10400 rx_stage=10 tx_stage=55 mod=3 guard_db=-6.0 guard_valid=1
FLOW [proto@0x104c4949e] Rx - primary_channel_rx: baud_rate=0 high_carrier=1 carrier=1799.8Hz agc=0.00079 power=7590512 shaper_sets=640
FLOW [proto@0x104c4949e] Rx - primary_channel_rx: baud_rate=0 high_carrier=1 carrier=1799.8Hz agc=0.00079 power=7588421 shaper_sets=640
FLOW [proto@0x104c4949e] Rx - Phase 3 TRN: lock hint hyp=0 ones=192/256 (75%)
FLOW [proto@0x104c4949e] Rx - Phase 3 Ja capture: emitted 1280 bits using hyp=0
FLOW [proto@0x104c4949e] Rx - primary_channel_rx: baud_rate=0 high_carrier=1 carrier=1799.8Hz agc=0.00079 power=7590120 shaper_sets=640
FLOW [proto@0x104c4949e] Rx - primary_channel_rx: baud_rate=0 high_carrier=1 carrier=1799.8Hz agc=0.00079 power=7568333 shaper_sets=640
FLOW [proto@0x104c4949e] Rx - primary_channel_rx: baud_rate=0 high_carrier=1 carrier=1799.8Hz agc=0.00079 power=7594782 shaper_sets=640
FLOW [proto@0x104c4949e] Rx - primary_channel_rx: baud_rate=0 high_carrier=1 carrier=1799.8Hz agc=0.00079 power=7566766 shaper_sets=640
FLOW [proto@0x104c4949e] Rx - primary_channel_rx: baud_rate=0 high_carrier=1 carrier=1799.8Hz agc=0.00079 power=7579440 shaper_sets=640
FLOW [proto@0x104c4949e] Rx - Phase 3 TRN: best hyp=0 ones=384/512 (75%)
FLOW [proto@0x104c4949e] Rx - Phase 3 WAIT_S heartbeat: dur=768 demod=0 event=0 j_bits=1534 trn_bits=512 trn_hint=0/75%
FLOW [proto@0x104c4949e] Rx - primary_channel_rx: baud_rate=0 high_carrier=1 carrier=1799.8Hz agc=0.00079 power=7595461 shaper_sets=640
FLOW [proto@0x104c4949e] Rx - Phase 3 Ja capture: emitted 1536 bits using hyp=0
FLOW [proto@0x104c4949e] Rx - primary_channel_rx: baud_rate=0 high_carrier=1 carrier=1799.8Hz agc=0.00079 power=7622069 shaper_sets=640
[ME] TX dump mark: sample=11200 rx_stage=10 tx_stage=55 mod=3
FLOW [proto@0x104c4949e] Rx - primary_channel_rx: baud_rate=0 high_carrier=1 carrier=1799.8Hz agc=0.00079 power=7595442 shaper_sets=640
[ME] RX dump mark: sample=11200 rx_stage=10 tx_stage=55 mod=3 guard_db=-6.0 guard_valid=1
FLOW [proto@0x104c4949e] Rx - primary_channel_rx: baud_rate=0 high_carrier=1 carrier=1799.8Hz agc=0.00079 power=7594702 shaper_sets=640
FLOW [proto@0x104c4949e] Rx - primary_channel_rx: baud_rate=0 high_carrier=1 carrier=1799.8Hz agc=0.00079 power=7595075 shaper_sets=640
FLOW [proto@0x104c4949e] Rx - primary_channel_rx: baud_rate=0 high_carrier=1 carrier=1799.8Hz agc=0.00079 power=7596913 shaper_sets=640
FLOW [proto@0x104c4949e] Rx - Phase 3 Ja capture: emitted 1792 bits using hyp=0
FLOW [proto@0x104c4949e] Rx - primary_channel_rx: baud_rate=0 high_carrier=1 carrier=1799.9Hz agc=0.00079 power=7588038 shaper_sets=640
FLOW [proto@0x104c4949e] Rx - primary_channel_rx: baud_rate=0 high_carrier=1 carrier=1799.9Hz agc=0.00079 power=7596818 shaper_sets=640
FLOW [proto@0x104c4949e] Rx - primary_channel_rx: baud_rate=0 high_carrier=1 carrier=1799.9Hz agc=0.00079 power=7588276 shaper_sets=640
FLOW [proto@0x104c4949e] Rx - primary_channel_rx: baud_rate=0 high_carrier=1 carrier=1799.9Hz agc=0.00079 power=7595603 shaper_sets=640
FLOW [proto@0x104c4949e] Rx - Phase 3 S baud 1000: mag=1.027 data_bits=3 alt=0/32 stable=0 dom=3:32/32 rev=0/32 counts=0,0,0,32
FLOW [proto@0x104c4949e] Rx - primary_channel_rx: baud_rate=0 high_carrier=1 carrier=1800.0Hz agc=0.00079 power=7569968 shaper_sets=640
FLOW [proto@0x104c4949e] Rx - Phase 3 TRN: best hyp=0 ones=768/1024 (75%)
FLOW [proto@0x104c4949e] Rx - Phase 3 WAIT_S heartbeat: dur=1024 demod=0 event=0 j_bits=2046 trn_bits=1024 trn_hint=0/75%
FLOW [proto@0x104c4949e] Rx - Phase 3 Ja parser input: hyp0 len=2048 bits (stage=10, need ~16340 to parse)
FLOW [proto@0x104c4949e] Rx - Phase 3 Ja capture: emitted 2048 bits using hyp=0
FLOW [proto@0x104c4949e] Rx - primary_channel_rx: baud_rate=0 high_carrier=1 carrier=1800.0Hz agc=0.00079 power=7572676 shaper_sets=640
[ME] TX dump mark: sample=12000 rx_stage=10 tx_stage=55 mod=3
FLOW [proto@0x104c4949e] Rx - primary_channel_rx: baud_rate=0 high_carrier=1 carrier=1800.0Hz agc=0.00079 power=7573935 shaper_sets=640
[ME] RX dump mark: sample=12000 rx_stage=10 tx_stage=55 mod=3 guard_db=-6.0 guard_valid=1
FLOW [proto@0x104c4949e] Rx - primary_channel_rx: baud_rate=0 high_carrier=1 carrier=1800.0Hz agc=0.00079 power=7584016 shaper_sets=640
FLOW [proto@0x104c4949e] Rx - primary_channel_rx: baud_rate=0 high_carrier=1 carrier=1800.1Hz agc=0.00079 power=7587586 shaper_sets=640
FLOW [proto@0x104c4949e] Rx - primary_channel_rx: baud_rate=0 high_carrier=1 carrier=1800.1Hz agc=0.00079 power=7611577 shaper_sets=640
FLOW [proto@0x104c4949e] Rx - primary_channel_rx: baud_rate=0 high_carrier=1 carrier=1800.1Hz agc=0.00079 power=7586969 shaper_sets=640
FLOW [proto@0x104c4949e] Rx - Phase 3 Ja capture: emitted 2304 bits using hyp=0
FLOW [proto@0x104c4949e] Rx - primary_channel_rx: baud_rate=0 high_carrier=1 carrier=1800.2Hz agc=0.00079 power=7613460 shaper_sets=640
FLOW [proto@0x104c4949e] Rx - primary_channel_rx: baud_rate=0 high_carrier=1 carrier=1800.2Hz agc=0.00079 power=7586606 shaper_sets=640
FLOW [proto@0x104c4949e] Rx - primary_channel_rx: baud_rate=0 high_carrier=1 carrier=1800.2Hz agc=0.00079 power=7611556 shaper_sets=640
FLOW [proto@0x104c4949e] Rx - primary_channel_rx: baud_rate=0 high_carrier=1 carrier=1800.2Hz agc=0.00079 power=7619302 shaper_sets=640
FLOW [proto@0x104c4949e] Rx - primary_channel_rx: baud_rate=0 high_carrier=1 carrier=1800.2Hz agc=0.00079 power=7627201 shaper_sets=640
FLOW [proto@0x104c4949e] Rx - Phase 3 TRN: best hyp=0 ones=1152/1536 (75%)
FLOW [proto@0x104c4949e] Rx - Phase 3 WAIT_S heartbeat: dur=1280 demod=0 event=0 j_bits=2558 trn_bits=1536 trn_hint=0/75%
FLOW [proto@0x104c4949e] Rx - Phase 3 Ja capture: emitted 2560 bits using hyp=0
[ME] TX dump mark: sample=12800 rx_stage=10 tx_stage=55 mod=3
FLOW [proto@0x104c4949e] Rx - primary_channel_rx: baud_rate=0 high_carrier=1 carrier=1800.3Hz agc=0.00079 power=7605835 shaper_sets=640
[ME] RX dump mark: sample=12800 rx_stage=10 tx_stage=55 mod=3 guard_db=-6.0 guard_valid=1
FLOW [proto@0x104c4949e] Rx - primary_channel_rx: baud_rate=0 high_carrier=1 carrier=1800.3Hz agc=0.00079 power=7625596 shaper_sets=640
FLOW [proto@0x104c4949e] Rx - primary_channel_rx: baud_rate=0 high_carrier=1 carrier=1800.3Hz agc=0.00079 power=7596062 shaper_sets=640
FLOW [proto@0x104c4949e] Rx - primary_channel_rx: baud_rate=0 high_carrier=1 carrier=1800.3Hz agc=0.00079 power=7622028 shaper_sets=640
FLOW [proto@0x104c4949e] Rx - primary_channel_rx: baud_rate=0 high_carrier=1 carrier=1800.3Hz agc=0.00079 power=7595912 shaper_sets=640
FLOW [proto@0x104c4949e] Rx - Phase 3 Ja capture: emitted 2816 bits using hyp=0
FLOW [proto@0x104c4949e] Rx - primary_channel_rx: baud_rate=0 high_carrier=1 carrier=1800.3Hz agc=0.00079 power=7618653 shaper_sets=640
FLOW [proto@0x104c4949e] Rx - primary_channel_rx: baud_rate=0 high_carrier=1 carrier=1800.2Hz agc=0.00079 power=7593777 shaper_sets=640
FLOW [proto@0x104c4949e] Rx - primary_channel_rx: baud_rate=0 high_carrier=1 carrier=1800.2Hz agc=0.00079 power=7620481 shaper_sets=640
FLOW [proto@0x104c4949e] Rx - primary_channel_rx: baud_rate=0 high_carrier=1 carrier=1800.2Hz agc=0.00079 power=7593666 shaper_sets=640
FLOW [proto@0x104c4949e] Rx - primary_channel_rx: baud_rate=0 high_carrier=1 carrier=1800.2Hz agc=0.00079 power=7611161 shaper_sets=640
FLOW [proto@0x104c4949e] Rx - Phase 3 TRN: best hyp=0 ones=1536/2048 (75%)
FLOW [proto@0x104c4949e] Rx - Phase 3 WAIT_S heartbeat: dur=1536 demod=0 event=0 j_bits=3070 trn_bits=2048 trn_hint=0/75%
[ME] TX dump mark: sample=13600 rx_stage=10 tx_stage=55 mod=3
FLOW [proto@0x104c4949e] Rx - primary_channel_rx: baud_rate=0 high_carrier=1 carrier=1800.2Hz agc=0.00079 power=7590245 shaper_sets=640
FLOW [proto@0x104c4949e] Rx - Phase 3 Ja capture: emitted 3072 bits using hyp=0
[ME] RX dump mark: sample=13600 rx_stage=10 tx_stage=55 mod=3 guard_db=-6.0 guard_valid=1
FLOW [proto@0x104c4949e] Rx - primary_channel_rx: baud_rate=0 high_carrier=1 carrier=1800.1Hz agc=0.00079 power=7586187 shaper_sets=640
[ME] TX path: state=3 mod=3 fax_active=0 v34=0x700020000 v22bis=0x0
[ME] DIAG: cr_update calls=400 phase_err=-0.027 samples
FLOW [proto@0x104c4949e] Rx - primary_channel_rx: baud_rate=0 high_carrier=1 carrier=1800.1Hz agc=0.00079 power=7585626 shaper_sets=640
FLOW [proto@0x104c4949e] Rx - primary_channel_rx: baud_rate=0 high_carrier=1 carrier=1800.1Hz agc=0.00079 power=7623583 shaper_sets=640
FLOW [proto@0x104c4949e] Rx - primary_channel_rx: baud_rate=0 high_carrier=1 carrier=1800.1Hz agc=0.00079 power=7588363 shaper_sets=640
FLOW [proto@0x104c4949e] Rx - primary_channel_rx: baud_rate=0 high_carrier=1 carrier=1800.0Hz agc=0.00079 power=7624517 shaper_sets=640
FLOW [proto@0x104c4949e] Rx - Phase 3 Ja capture: emitted 3328 bits using hyp=0
FLOW [proto@0x104c4949e] Rx - primary_channel_rx: baud_rate=0 high_carrier=1 carrier=1800.0Hz agc=0.00079 power=7623018 shaper_sets=640
FLOW [proto@0x104c4949e] Rx - primary_channel_rx: baud_rate=0 high_carrier=1 carrier=1799.9Hz agc=0.00079 power=7622902 shaper_sets=640
FLOW [proto@0x104c4949e] Rx - primary_channel_rx: baud_rate=0 high_carrier=1 carrier=1799.9Hz agc=0.00079 power=7592579 shaper_sets=640
FLOW [proto@0x104c4949e] Rx - primary_channel_rx: baud_rate=0 high_carrier=1 carrier=1799.9Hz agc=0.00079 power=7621992 shaper_sets=640
[ME] TX dump mark: sample=14400 rx_stage=10 tx_stage=55 mod=3
FLOW [proto@0x104c4949e] Rx - primary_channel_rx: baud_rate=0 high_carrier=1 carrier=1799.8Hz agc=0.00079 power=7591724 shaper_sets=640
FLOW [proto@0x104c4949e] Rx - Phase 3 TRN: best hyp=0 ones=1920/2560 (75%)
FLOW [proto@0x104c4949e] Rx - Phase 3 WAIT_S heartbeat: dur=1792 demod=0 event=0 j_bits=3582 trn_bits=2560 trn_hint=0/75%
FLOW [proto@0x104c4949e] Rx - Phase 3 Ja capture: emitted 3584 bits using hyp=0
[ME] RX dump mark: sample=14400 rx_stage=10 tx_stage=55 mod=3 guard_db=-6.0 guard_valid=1
FLOW [proto@0x104c4949e] Rx - primary_channel_rx: baud_rate=0 high_carrier=1 carrier=1799.8Hz agc=0.00079 power=7622228 shaper_sets=640
FLOW [proto@0x104c4949e] Rx - primary_channel_rx: baud_rate=0 high_carrier=1 carrier=1799.8Hz agc=0.00079 power=7595718 shaper_sets=640
FLOW [proto@0x104c4949e] Rx - primary_channel_rx: baud_rate=0 high_carrier=1 carrier=1799.7Hz agc=0.00079 power=7617543 shaper_sets=640
FLOW [proto@0x104c4949e] Rx - primary_channel_rx: baud_rate=0 high_carrier=1 carrier=1799.7Hz agc=0.00079 power=7598994 shaper_sets=640
FLOW [proto@0x104c4949e] Rx - primary_channel_rx: baud_rate=0 high_carrier=1 carrier=1799.7Hz agc=0.00078 power=7681577 shaper_sets=640
FLOW [proto@0x104c4949e] Rx - primary_channel_rx: baud_rate=0 high_carrier=1 carrier=1799.7Hz agc=0.00078 power=7663890 shaper_sets=640
FLOW [proto@0x104c4949e] Rx - Phase 3 Ja capture: emitted 3840 bits using hyp=0
FLOW [proto@0x104c4949e] Rx - primary_channel_rx: baud_rate=0 high_carrier=1 carrier=1799.7Hz agc=0.00078 power=7686504 shaper_sets=640
FLOW [proto@0x104c4949e] Rx - primary_channel_rx: baud_rate=0 high_carrier=1 carrier=1799.7Hz agc=0.00078 power=7696181 shaper_sets=640
FLOW [proto@0x104c4949e] Rx - primary_channel_rx: baud_rate=0 high_carrier=1 carrier=1799.6Hz agc=0.00078 power=7701384 shaper_sets=640
FLOW [proto@0x104c4949e] Rx - Phase 3 S baud 2000: mag=1.012 data_bits=3 alt=0/32 stable=0 dom=3:32/32 rev=0/32 counts=0,0,0,32
[ME] TX dump mark: sample=15200 rx_stage=10 tx_stage=55 mod=3
FLOW [proto@0x104c4949e] Rx - primary_channel_rx: baud_rate=0 high_carrier=1 carrier=1799.6Hz agc=0.00078 power=7688509 shaper_sets=640
[ME] RX dump mark: sample=15200 rx_stage=10 tx_stage=55 mod=3 guard_db=-6.0 guard_valid=1
FLOW [proto@0x104c4949e] Rx - primary_channel_rx: baud_rate=0 high_carrier=1 carrier=1799.6Hz agc=0.00078 power=7687419 shaper_sets=640
FLOW [proto@0x104c4949e] Rx - Phase 3 TRN: best hyp=0 ones=2304/3072 (75%)
FLOW [proto@0x104c4949e] Rx - Phase 3 WAIT_S heartbeat: dur=2048 demod=0 event=0 j_bits=4094 trn_bits=3072 trn_hint=0/75%
FLOW [proto@0x104c4949e] Rx - Phase 3 Ja parser input: hyp0 len=4096 bits (stage=10, need ~16340 to parse)
FLOW [proto@0x104c4949e] Rx - Phase 3 Ja capture: emitted 4096 bits using hyp=0
FLOW [proto@0x104c4949e] Rx - primary_channel_rx: baud_rate=0 high_carrier=1 carrier=1799.7Hz agc=0.00078 power=7660562 shaper_sets=640
FLOW [proto@0x104c4949e] Rx - primary_channel_rx: baud_rate=0 high_carrier=1 carrier=1799.7Hz agc=0.00078 power=7687179 shaper_sets=640
FLOW [proto@0x104c4949e] Rx - primary_channel_rx: baud_rate=0 high_carrier=1 carrier=1799.7Hz agc=0.00078 power=7687288 shaper_sets=640
FLOW [proto@0x104c4949e] Rx - primary_channel_rx: baud_rate=0 high_carrier=1 carrier=1799.7Hz agc=0.00078 power=7685237 shaper_sets=640
FLOW [proto@0x104c4949e] Rx - primary_channel_rx: baud_rate=0 high_carrier=1 carrier=1799.7Hz agc=0.00078 power=7661580 shaper_sets=640
FLOW [proto@0x104c4949e] Rx - Phase 3 Ja capture: emitted 4352 bits using hyp=0
FLOW [proto@0x104c4949e] Rx - primary_channel_rx: baud_rate=0 high_carrier=1 carrier=1799.8Hz agc=0.00078 power=7653339 shaper_sets=640
FLOW [proto@0x104c4949e] Rx - primary_channel_rx: baud_rate=0 high_carrier=1 carrier=1799.8Hz agc=0.00078 power=7687513 shaper_sets=640
FLOW [proto@0x104c4949e] Rx - primary_channel_rx: baud_rate=0 high_carrier=1 carrier=1799.8Hz agc=0.00078 power=7685177 shaper_sets=640
[ME] TX dump mark: sample=16000 rx_stage=10 tx_stage=55 mod=3
[ME] Training TX: RMS=1143.7 (8000 samples)
[ME] Training rx: RMS=2731.6 (8000 samples)
FLOW [proto@0x104c4949e] Rx - primary_channel_rx: baud_rate=0 high_carrier=1 carrier=1799.9Hz agc=0.00078 power=7681957 shaper_sets=640
[ME] RX dump mark: sample=16000 rx_stage=10 tx_stage=55 mod=3 guard_db=-6.0 guard_valid=1
FLOW [proto@0x104c4949e] Rx - primary_channel_rx: baud_rate=0 high_carrier=1 carrier=1799.9Hz agc=0.00078 power=7705740 shaper_sets=640
FLOW [proto@0x104c4949e] Rx - Phase 3 TRN: best hyp=0 ones=2688/3584 (75%)
FLOW [proto@0x104c4949e] Rx - Phase 3 WAIT_S heartbeat: dur=2304 demod=0 event=0 j_bits=4606 trn_bits=3584 trn_hint=0/75%
FLOW [proto@0x104c4949e] Rx - primary_channel_rx: baud_rate=0 high_carrier=1 carrier=1800.0Hz agc=0.00078 power=7680016 shaper_sets=640
FLOW [proto@0x104c4949e] Rx - Phase 3 Ja capture: emitted 4608 bits using hyp=0
FLOW [proto@0x104c4949e] Rx - primary_channel_rx: baud_rate=0 high_carrier=1 carrier=1800.0Hz agc=0.00078 power=7704839 shaper_sets=640
FLOW [proto@0x104c4949e] Rx - primary_channel_rx: baud_rate=0 high_carrier=1 carrier=1800.1Hz agc=0.00078 power=7695780 shaper_sets=640
FLOW [proto@0x104c4949e] Rx - primary_channel_rx: baud_rate=0 high_carrier=1 carrier=1800.1Hz agc=0.00078 power=7674731 shaper_sets=640
FLOW [proto@0x104c4949e] Rx - primary_channel_rx: baud_rate=0 high_carrier=1 carrier=1800.1Hz agc=0.00078 power=7664450 shaper_sets=640
FLOW [proto@0x104c4949e] Rx - primary_channel_rx: baud_rate=0 high_carrier=1 carrier=1800.2Hz agc=0.00078 power=7690761 shaper_sets=640
FLOW [proto@0x104c4949e] Rx - Phase 3 Ja capture: emitted 4864 bits using hyp=0
FLOW [proto@0x104c4949e] Rx - primary_channel_rx: baud_rate=0 high_carrier=1 carrier=1800.2Hz agc=0.00078 power=7658394 shaper_sets=640
FLOW [proto@0x104c4949e] Rx - primary_channel_rx: baud_rate=0 high_carrier=1 carrier=1800.3Hz agc=0.00078 power=7693528 shaper_sets=640
[ME] TX dump mark: sample=16800 rx_stage=10 tx_stage=55 mod=3
FLOW [proto@0x104c4949e] Rx - primary_channel_rx: baud_rate=0 high_carrier=1 carrier=1800.3Hz agc=0.00079 power=7635971 shaper_sets=640
[ME] RX dump mark: sample=16800 rx_stage=10 tx_stage=55 mod=3 guard_db=-6.0 guard_valid=1
FLOW [proto@0x104c4949e] Rx - primary_channel_rx: baud_rate=0 high_carrier=1 carrier=1800.3Hz agc=0.00078 power=7663953 shaper_sets=640
FLOW [proto@0x104c4949e] Rx - primary_channel_rx: baud_rate=0 high_carrier=1 carrier=1800.4Hz agc=0.00078 power=7664964 shaper_sets=640
FLOW [proto@0x104c4949e] Rx - Phase 3 TRN: best hyp=0 ones=3072/4096 (75%)
FLOW [proto@0x104c4949e] Rx - Phase 3 WAIT_S heartbeat: dur=2560 demod=0 event=0 j_bits=5118 trn_bits=4096 trn_hint=0/75%
FLOW [proto@0x104c4949e] Rx - Phase 3 Ja capture: emitted 5120 bits using hyp=0
FLOW [proto@0x104c4949e] Rx - primary_channel_rx: baud_rate=0 high_carrier=1 carrier=1800.4Hz agc=0.00078 power=7664480 shaper_sets=640
FLOW [proto@0x104c4949e] Rx - primary_channel_rx: baud_rate=0 high_carrier=1 carrier=1800.4Hz agc=0.00078 power=7666162 shaper_sets=640
FLOW [proto@0x104c4949e] Rx - primary_channel_rx: baud_rate=0 high_carrier=1 carrier=1800.4Hz agc=0.00078 power=7667953 shaper_sets=640
FLOW [proto@0x104c4949e] Rx - primary_channel_rx: baud_rate=0 high_carrier=1 carrier=1800.4Hz agc=0.00078 power=7667371 shaper_sets=640
FLOW [proto@0x104c4949e] Rx - primary_channel_rx: baud_rate=0 high_carrier=1 carrier=1800.4Hz agc=0.00078 power=7650177 shaper_sets=640
FLOW [proto@0x104c4949e] Rx - primary_channel_rx: baud_rate=0 high_carrier=1 carrier=1800.4Hz agc=0.00078 power=7673689 shaper_sets=640
FLOW [proto@0x104c4949e] Rx - Phase 3 Ja capture: emitted 5376 bits using hyp=0
FLOW [proto@0x104c4949e] Rx - primary_channel_rx: baud_rate=0 high_carrier=1 carrier=1800.4Hz agc=0.00078 power=7673196 shaper_sets=640
[ME] TX dump mark: sample=17600 rx_stage=10 tx_stage=55 mod=3
FLOW [proto@0x104c4949e] Rx - primary_channel_rx: baud_rate=0 high_carrier=1 carrier=1800.4Hz agc=0.00078 power=7666482 shaper_sets=640
[ME] RX dump mark: sample=17600 rx_stage=10 tx_stage=55 mod=3 guard_db=-6.0 guard_valid=1
FLOW [proto@0x104c4949e] Rx - primary_channel_rx: baud_rate=0 high_carrier=1 carrier=1800.4Hz agc=0.00078 power=7670289 shaper_sets=640
FLOW [proto@0x104c4949e] Rx - primary_channel_rx: baud_rate=0 high_carrier=1 carrier=1800.3Hz agc=0.00078 power=7667997 shaper_sets=640
FLOW [proto@0x104c4949e] Rx - primary_channel_rx: baud_rate=0 high_carrier=1 carrier=1800.3Hz agc=0.00078 power=7662959 shaper_sets=640
FLOW [proto@0x104c4949e] Rx - Phase 3 TRN: best hyp=0 ones=3456/4608 (75%)
FLOW [proto@0x104c4949e] Rx - Phase 3 WAIT_S heartbeat: dur=2816 demod=0 event=0 j_bits=5630 trn_bits=4608 trn_hint=0/75%
FLOW [proto@0x104c4949e] Rx - Phase 3 Ja capture: emitted 5632 bits using hyp=0
FLOW [proto@0x104c4949e] Rx - primary_channel_rx: baud_rate=0 high_carrier=1 carrier=1800.3Hz agc=0.00078 power=7662930 shaper_sets=640
FLOW [proto@0x104c4949e] Rx - primary_channel_rx: baud_rate=0 high_carrier=1 carrier=1800.2Hz agc=0.00078 power=7663955 shaper_sets=640
FLOW [proto@0x104c4949e] Rx - primary_channel_rx: baud_rate=0 high_carrier=1 carrier=1800.2Hz agc=0.00078 power=7663541 shaper_sets=640
FLOW [proto@0x104c4949e] Rx - primary_channel_rx: baud_rate=0 high_carrier=1 carrier=1800.1Hz agc=0.00078 power=7646240 shaper_sets=640
FLOW [proto@0x104c4949e] Rx - primary_channel_rx: baud_rate=0 high_carrier=1 carrier=1800.1Hz agc=0.00078 power=7690348 shaper_sets=640
FLOW [proto@0x104c4949e] Rx - Phase 3 Ja capture: emitted 5888 bits using hyp=0
FLOW [proto@0x104c4949e] Rx - primary_channel_rx: baud_rate=0 high_carrier=1 carrier=1800.0Hz agc=0.00079 power=7632686 shaper_sets=640
[ME] TX dump mark: sample=18400 rx_stage=10 tx_stage=55 mod=3
FLOW [proto@0x104c4949e] Rx - primary_channel_rx: baud_rate=0 high_carrier=1 carrier=1799.9Hz agc=0.00079 power=7641524 shaper_sets=640
FLOW [proto@0x104c4949e] Rx - Phase 3 S baud 3000: mag=1.019 data_bits=3 alt=0/32 stable=0 dom=3:32/32 rev=0/32 counts=0,0,0,32
[ME] RX dump mark: sample=18400 rx_stage=10 tx_stage=55 mod=3 guard_db=-6.0 guard_valid=1
FLOW [proto@0x104c4949e] Rx - primary_channel_rx: baud_rate=0 high_carrier=1 carrier=1799.9Hz agc=0.00078 power=7658360 shaper_sets=640
FLOW [proto@0x104c4949e] Rx - primary_channel_rx: baud_rate=0 high_carrier=1 carrier=1799.8Hz agc=0.00078 power=7683984 shaper_sets=640
FLOW [proto@0x104c4949e] Rx - primary_channel_rx: baud_rate=0 high_carrier=1 carrier=1799.8Hz agc=0.00079 power=7636922 shaper_sets=640
FLOW [proto@0x104c4949e] Rx - Phase 3 TRN: best hyp=0 ones=3840/5120 (75%)
FLOW [proto@0x104c4949e] Rx - Phase 3 WAIT_S heartbeat: dur=3072 demod=0 event=0 j_bits=6142 trn_bits=5120 trn_hint=0/75%
FLOW [proto@0x104c4949e] Rx - primary_channel_rx: baud_rate=0 high_carrier=1 carrier=1799.7Hz agc=0.00078 power=7663535 shaper_sets=640
FLOW [proto@0x104c4949e] Rx - Phase 3 Ja parser input: hyp0 len=6144 bits (stage=10, need ~16340 to parse)
FLOW [proto@0x104c4949e] Rx - Phase 3 Ja capture: emitted 6144 bits using hyp=0
FLOW [proto@0x104c4949e] Rx - primary_channel_rx: baud_rate=0 high_carrier=1 carrier=1799.7Hz agc=0.00078 power=7670277 shaper_sets=640
FLOW [proto@0x104c4949e] Rx - primary_channel_rx: baud_rate=0 high_carrier=1 carrier=1799.6Hz agc=0.00078 power=7651626 shaper_sets=640
FLOW [proto@0x104c4949e] Rx - primary_channel_rx: baud_rate=0 high_carrier=1 carrier=1799.6Hz agc=0.00078 power=7682973 shaper_sets=640
FLOW [proto@0x104c4949e] Rx - primary_channel_rx: baud_rate=0 high_carrier=1 carrier=1799.5Hz agc=0.00078 power=7645155 shaper_sets=640
FLOW [proto@0x104c4949e] Rx - primary_channel_rx: baud_rate=0 high_carrier=1 carrier=1799.5Hz agc=0.00078 power=7646109 shaper_sets=640
FLOW [proto@0x104c4949e] Rx - Phase 3 Ja capture: emitted 6400 bits using hyp=0
[ME] TX dump mark: sample=19200 rx_stage=10 tx_stage=55 mod=3
FLOW [proto@0x104c4949e] Rx - primary_channel_rx: baud_rate=0 high_carrier=1 carrier=1799.5Hz agc=0.00078 power=7670244 shaper_sets=640
[ME] RX dump mark: sample=19200 rx_stage=10 tx_stage=55 mod=3 guard_db=-6.0 guard_valid=1
FLOW [proto@0x104c4949e] Rx - primary_channel_rx: baud_rate=0 high_carrier=1 carrier=1799.5Hz agc=0.00078 power=7673358 shaper_sets=640
FLOW [proto@0x104c4949e] Rx - primary_channel_rx: baud_rate=0 high_carrier=1 carrier=1799.5Hz agc=0.00078 power=7651743 shaper_sets=640
FLOW [proto@0x104c4949e] Rx - primary_channel_rx: baud_rate=0 high_carrier=1 carrier=1799.4Hz agc=0.00078 power=7708002 shaper_sets=640
FLOW [proto@0x104c4949e] Rx - primary_channel_rx: baud_rate=0 high_carrier=1 carrier=1799.4Hz agc=0.00078 power=7650414 shaper_sets=640
FLOW [proto@0x104c4949e] Rx - Phase 3 TRN: best hyp=0 ones=4224/5632 (75%)
FLOW [proto@0x104c4949e] Rx - Phase 3 WAIT_S heartbeat: dur=3328 demod=0 event=0 j_bits=6654 trn_bits=5632 trn_hint=0/75%
FLOW [proto@0x104c4949e] Rx - Phase 3 Ja capture: emitted 6656 bits using hyp=0
FLOW [proto@0x104c4949e] Rx - primary_channel_rx: baud_rate=0 high_carrier=1 carrier=1799.5Hz agc=0.00078 power=7690705 shaper_sets=640
FLOW [proto@0x104c4949e] Rx - primary_channel_rx: baud_rate=0 high_carrier=1 carrier=1799.5Hz agc=0.00078 power=7708756 shaper_sets=640
FLOW [proto@0x104c4949e] Rx - primary_channel_rx: baud_rate=0 high_carrier=1 carrier=1799.5Hz agc=0.00078 power=7685563 shaper_sets=640
FLOW [proto@0x104c4949e] Rx - primary_channel_rx: baud_rate=0 high_carrier=1 carrier=1799.5Hz agc=0.00078 power=7685742 shaper_sets=640
FLOW [proto@0x104c4949e] Rx - primary_channel_rx: baud_rate=0 high_carrier=1 carrier=1799.6Hz agc=0.00078 power=7711381 shaper_sets=640
[ME] TX dump mark: sample=20000 rx_stage=10 tx_stage=55 mod=3
FLOW [proto@0x104c4949e] Rx - primary_channel_rx: baud_rate=0 high_carrier=1 carrier=1799.6Hz agc=0.00078 power=7711502 shaper_sets=640
FLOW [proto@0x104c4949e] Rx - Phase 3 Ja capture: emitted 6912 bits using hyp=0
[ME] RX dump mark: sample=20000 rx_stage=10 tx_stage=55 mod=3 guard_db=-6.0 guard_valid=1
FLOW [proto@0x104c4949e] Rx - primary_channel_rx: baud_rate=0 high_carrier=1 carrier=1799.7Hz agc=0.00078 power=7698064 shaper_sets=640
FLOW [proto@0x104c4949e] Rx - primary_channel_rx: baud_rate=0 high_carrier=1 carrier=1799.7Hz agc=0.00078 power=7702131 shaper_sets=640
FLOW [proto@0x104c4949e] Rx - primary_channel_rx: baud_rate=0 high_carrier=1 carrier=1799.8Hz agc=0.00078 power=7674165 shaper_sets=640
FLOW [proto@0x104c4949e] Rx - primary_channel_rx: baud_rate=0 high_carrier=1 carrier=1799.8Hz agc=0.00078 power=7670833 shaper_sets=640
FLOW [proto@0x104c4949e] Rx - primary_channel_rx: baud_rate=0 high_carrier=1 carrier=1799.9Hz agc=0.00078 power=7668462 shaper_sets=640
FLOW [proto@0x104c4949e] Rx - Phase 3 TRN: best hyp=0 ones=4608/6144 (75%)
FLOW [proto@0x104c4949e] Rx - Phase 3 WAIT_S heartbeat: dur=3584 demod=0 event=0 j_bits=7166 trn_bits=6144 trn_hint=0/75%
FLOW [proto@0x104c4949e] Rx - Phase 3 Ja capture: emitted 7168 bits using hyp=0
FLOW [proto@0x104c4949e] Rx - primary_channel_rx: baud_rate=0 high_carrier=1 carrier=1800.0Hz agc=0.00078 power=7672500 shaper_sets=640
FLOW [proto@0x104c4949e] Rx - primary_channel_rx: baud_rate=0 high_carrier=1 carrier=1800.0Hz agc=0.00078 power=7643078 shaper_sets=640
FLOW [proto@0x104c4949e] Rx - primary_channel_rx: baud_rate=0 high_carrier=1 carrier=1800.1Hz agc=0.00078 power=7686670 shaper_sets=640
FLOW [proto@0x104c4949e] Rx - primary_channel_rx: baud_rate=0 high_carrier=1 carrier=1800.2Hz agc=0.00078 power=7670479 shaper_sets=640
[ME] TX dump mark: sample=20800 rx_stage=10 tx_stage=55 mod=3
FLOW [proto@0x104c4949e] Rx - primary_channel_rx: baud_rate=0 high_carrier=1 carrier=1800.3Hz agc=0.00078 power=7658179 shaper_sets=640
FLOW [proto@0x104c4949e] Rx - Phase 3 Ja capture: emitted 7424 bits using hyp=0
[ME] RX dump mark: sample=20800 rx_stage=10 tx_stage=55 mod=3 guard_db=-6.0 guard_valid=1
FLOW [proto@0x104c4949e] Rx - primary_channel_rx: baud_rate=0 high_carrier=1 carrier=1800.3Hz agc=0.00078 power=7644972 shaper_sets=640
FLOW [proto@0x104c4949e] Rx - primary_channel_rx: baud_rate=0 high_carrier=1 carrier=1800.4Hz agc=0.00078 power=7669125 shaper_sets=640
FLOW [proto@0x104c4949e] Rx - primary_channel_rx: baud_rate=0 high_carrier=1 carrier=1800.4Hz agc=0.00078 power=7648610 shaper_sets=640
FLOW [proto@0x104c4949e] Rx - primary_channel_rx: baud_rate=0 high_carrier=1 carrier=1800.5Hz agc=0.00078 power=7663757 shaper_sets=640
FLOW [proto@0x104c4949e] Rx - primary_channel_rx: baud_rate=0 high_carrier=1 carrier=1800.6Hz agc=0.00078 power=7646216 shaper_sets=640
FLOW [proto@0x104c4949e] Rx - Phase 3 TRN: best hyp=0 ones=4992/6656 (75%)
FLOW [proto@0x104c4949e] Rx - Phase 3 WAIT_S heartbeat: dur=3840 demod=0 event=0 j_bits=7678 trn_bits=6656 trn_hint=0/75%
FLOW [proto@0x104c4949e] Rx - primary_channel_rx: baud_rate=0 high_carrier=1 carrier=1800.6Hz agc=0.00078 power=7651661 shaper_sets=640
FLOW [proto@0x104c4949e] Rx - Phase 3 Ja capture: emitted 7680 bits using hyp=0
FLOW [proto@0x104c4949e] Rx - primary_channel_rx: baud_rate=0 high_carrier=1 carrier=1800.6Hz agc=0.00078 power=7669428 shaper_sets=640
FLOW [proto@0x104c4949e] Rx - primary_channel_rx: baud_rate=0 high_carrier=1 carrier=1800.6Hz agc=0.00078 power=7682198 shaper_sets=640
FLOW [proto@0x104c4949e] Rx - primary_channel_rx: baud_rate=0 high_carrier=1 carrier=1800.7Hz agc=0.00078 power=7719368 shaper_sets=640
[ME] TX dump mark: sample=21600 rx_stage=10 tx_stage=55 mod=3
FLOW [proto@0x104c4949e] Rx - primary_channel_rx: baud_rate=0 high_carrier=1 carrier=1800.7Hz agc=0.00078 power=7646605 shaper_sets=640
[ME] RX dump mark: sample=21600 rx_stage=10 tx_stage=55 mod=3 guard_db=-6.0 guard_valid=1
FLOW [proto@0x104c4949e] Rx - primary_channel_rx: baud_rate=0 high_carrier=1 carrier=1800.7Hz agc=0.00078 power=7713390 shaper_sets=640
FLOW [proto@0x104c4949e] Rx - Phase 3 Ja capture: emitted 7936 bits using hyp=0
[ME] TX path: state=3 mod=3 fax_active=0 v34=0x700020000 v22bis=0x0
FLOW [proto@0x104c4949e] Rx - primary_channel_rx: baud_rate=0 high_carrier=1 carrier=1800.7Hz agc=0.00078 power=7707627 shaper_sets=640
FLOW [proto@0x104c4949e] Rx - Phase 3 S baud 4000: mag=1.003 data_bits=3 alt=0/32 stable=0 dom=3:32/32 rev=0/32 counts=0,0,0,32
FLOW [proto@0x104c4949e] Rx - primary_channel_rx: baud_rate=0 high_carrier=1 carrier=1800.6Hz agc=0.00078 power=7711698 shaper_sets=640
FLOW [proto@0x104c4949e] Rx - primary_channel_rx: baud_rate=0 high_carrier=1 carrier=1800.6Hz agc=0.00078 power=7708775 shaper_sets=640
FLOW [proto@0x104c4949e] Rx - primary_channel_rx: baud_rate=0 high_carrier=1 carrier=1800.6Hz agc=0.00078 power=7709778 shaper_sets=640
FLOW [proto@0x104c4949e] Rx - primary_channel_rx: baud_rate=0 high_carrier=1 carrier=1800.5Hz agc=0.00078 power=7708861 shaper_sets=640
FLOW [proto@0x104c4949e] Rx - Phase 3 TRN: best hyp=0 ones=5376/7168 (75%)
FLOW [proto@0x104c4949e] Rx - Phase 3 WAIT_S heartbeat: dur=4096 demod=0 event=0 j_bits=8190 trn_bits=7168 trn_hint=0/75%
FLOW [proto@0x104c4949e] Rx - Phase 3 Ja parser input: hyp0 len=8192 bits (stage=10, need ~16340 to parse)
FLOW [proto@0x104c4949e] Rx - Phase 3 Ja capture: emitted 8192 bits using hyp=0
FLOW [proto@0x104c4949e] Rx - primary_channel_rx: baud_rate=0 high_carrier=1 carrier=1800.5Hz agc=0.00078 power=7721264 shaper_sets=640
FLOW [proto@0x104c4949e] Rx - primary_channel_rx: baud_rate=0 high_carrier=1 carrier=1800.4Hz agc=0.00078 power=7720282 shaper_sets=640
FLOW [proto@0x104c4949e] Rx - primary_channel_rx: baud_rate=0 high_carrier=1 carrier=1800.3Hz agc=0.00078 power=7716735 shaper_sets=640
[ME] TX dump mark: sample=22400 rx_stage=10 tx_stage=55 mod=3
FLOW [proto@0x104c4949e] Rx - primary_channel_rx: baud_rate=0 high_carrier=1 carrier=1800.2Hz agc=0.00078 power=7657400 shaper_sets=640
[ME] RX dump mark: sample=22400 rx_stage=10 tx_stage=55 mod=3 guard_db=-6.0 guard_valid=1
FLOW [proto@0x104c4949e] Rx - primary_channel_rx: baud_rate=0 high_carrier=1 carrier=1800.2Hz agc=0.00078 power=7704042 shaper_sets=640
FLOW [proto@0x104c4949e] Rx - primary_channel_rx: baud_rate=0 high_carrier=1 carrier=1800.1Hz agc=0.00078 power=7721785 shaper_sets=640
FLOW [proto@0x104c4949e] Rx - Phase 3 Ja capture: emitted 8448 bits using hyp=0
FLOW [proto@0x104c4949e] Rx - primary_channel_rx: baud_rate=0 high_carrier=1 carrier=1800.0Hz agc=0.00078 power=7704373 shaper_sets=640
FLOW [proto@0x104c4949e] Rx - primary_channel_rx: baud_rate=0 high_carrier=1 carrier=1799.9Hz agc=0.00078 power=7649795 shaper_sets=640
FLOW [proto@0x104c4949e] Rx - primary_channel_rx: baud_rate=0 high_carrier=1 carrier=1799.8Hz agc=0.00078 power=7703025 shaper_sets=640
FLOW [proto@0x104c4949e] Rx - primary_channel_rx: baud_rate=0 high_carrier=1 carrier=1799.7Hz agc=0.00078 power=7656589 shaper_sets=640
FLOW [proto@0x104c4949e] Rx - primary_channel_rx: baud_rate=0 high_carrier=1 carrier=1799.6Hz agc=0.00078 power=7705559 shaper_sets=640
FLOW [proto@0x104c4949e] Rx - Phase 3 TRN: best hyp=0 ones=5760/7680 (75%)
FLOW [proto@0x104c4949e] Rx - Phase 3 WAIT_S heartbeat: dur=4352 demod=0 event=0 j_bits=8702 trn_bits=7680 trn_hint=0/75%
FLOW [proto@0x104c4949e] Rx - Phase 3 Ja capture: emitted 8704 bits using hyp=0
FLOW [proto@0x104c4949e] Rx - primary_channel_rx: baud_rate=0 high_carrier=1 carrier=1799.6Hz agc=0.00078 power=7659177 shaper_sets=640
FLOW [proto@0x104c4949e] Rx - primary_channel_rx: baud_rate=0 high_carrier=1 carrier=1799.5Hz agc=0.00078 power=7674322 shaper_sets=640
[ME] TX dump mark: sample=23200 rx_stage=10 tx_stage=55 mod=3
FLOW [proto@0x104c4949e] Rx - primary_channel_rx: baud_rate=0 high_carrier=1 carrier=1799.4Hz agc=0.00078 power=7654542 shaper_sets=640
[ME] RX dump mark: sample=23200 rx_stage=10 tx_stage=55 mod=3 guard_db=-6.0 guard_valid=1
FLOW [proto@0x104c4949e] Rx - primary_channel_rx: baud_rate=0 high_carrier=1 carrier=1799.3Hz agc=0.00079 power=7627078 shaper_sets=640
FLOW [proto@0x104c4949e] Rx - primary_channel_rx: baud_rate=0 high_carrier=1 carrier=1799.3Hz agc=0.00079 power=7627339 shaper_sets=640
FLOW [proto@0x104c4949e] Rx - Phase 3 Ja capture: emitted 8960 bits using hyp=0
FLOW [proto@0x104c4949e] Rx - primary_channel_rx: baud_rate=0 high_carrier=1 carrier=1799.2Hz agc=0.00079 power=7627984 shaper_sets=640
FLOW [proto@0x104c4949e] Rx - primary_channel_rx: baud_rate=0 high_carrier=1 carrier=1799.2Hz agc=0.00079 power=7628019 shaper_sets=640
FLOW [proto@0x104c4949e] Rx - primary_channel_rx: baud_rate=0 high_carrier=1 carrier=1799.2Hz agc=0.00079 power=7627827 shaper_sets=640
FLOW [proto@0x104c4949e] Rx - primary_channel_rx: baud_rate=0 high_carrier=1 carrier=1799.1Hz agc=0.00079 power=7628108 shaper_sets=640
FLOW [proto@0x104c4949e] Rx - primary_channel_rx: baud_rate=0 high_carrier=1 carrier=1799.1Hz agc=0.00079 power=7641142 shaper_sets=640
FLOW [proto@0x104c4949e] Rx - Phase 3 TRN: best hyp=0 ones=6144/8192 (75%)
FLOW [proto@0x104c4949e] Rx - Phase 3 WAIT_S heartbeat: dur=4608 demod=0 event=0 j_bits=9214 trn_bits=8192 trn_hint=0/75%
FLOW [proto@0x104c4949e] Rx - primary_channel_rx: baud_rate=0 high_carrier=1 carrier=1799.1Hz agc=0.00078 power=7642537 shaper_sets=640
FLOW [proto@0x104c4949e] Rx - Phase 3 Ja capture: emitted 9216 bits using hyp=0
FLOW [proto@0x104c4949e] Rx - primary_channel_rx: baud_rate=0 high_carrier=1 carrier=1799.2Hz agc=0.00078 power=7642443 shaper_sets=640
[ME] TX dump mark: sample=24000 rx_stage=10 tx_stage=55 mod=3
[ME] Training TX: RMS=0.0 (8000 samples)
[ME] Training rx: RMS=2731.6 (8000 samples)
FLOW [proto@0x104c4949e] Rx - primary_channel_rx: baud_rate=0 high_carrier=1 carrier=1799.2Hz agc=0.00078 power=7642548 shaper_sets=640
[ME] RX dump mark: sample=24000 rx_stage=10 tx_stage=55 mod=3 guard_db=-6.0 guard_valid=1
FLOW [proto@0x104c4949e] Rx - primary_channel_rx: baud_rate=0 high_carrier=1 carrier=1799.2Hz agc=0.00078 power=7648393 shaper_sets=640
FLOW [proto@0x104c4949e] Rx - primary_channel_rx: baud_rate=0 high_carrier=1 carrier=1799.3Hz agc=0.00078 power=7669000 shaper_sets=640
FLOW [proto@0x104c4949e] Rx - primary_channel_rx: baud_rate=0 high_carrier=1 carrier=1799.3Hz agc=0.00078 power=7646633 shaper_sets=640
FLOW [proto@0x104c4949e] Rx - Phase 3 Ja capture: emitted 9472 bits using hyp=0
FLOW [proto@0x104c4949e] Rx - primary_channel_rx: baud_rate=0 high_carrier=1 carrier=1799.4Hz agc=0.00078 power=7646508 shaper_sets=640
FLOW [proto@0x104c4949e] Rx - primary_channel_rx: baud_rate=0 high_carrier=1 carrier=1799.5Hz agc=0.00078 power=7671452 shaper_sets=640
FLOW [proto@0x104c4949e] Rx - primary_channel_rx: baud_rate=0 high_carrier=1 carrier=1799.6Hz agc=0.00078 power=7644703 shaper_sets=640
FLOW [proto@0x104c4949e] Rx - primary_channel_rx: baud_rate=0 high_carrier=1 carrier=1799.7Hz agc=0.00079 power=7636913 shaper_sets=640
FLOW [proto@0x104c4949e] Rx - primary_channel_rx: baud_rate=0 high_carrier=1 carrier=1799.8Hz agc=0.00078 power=7642159 shaper_sets=640
FLOW [proto@0x104c4949e] Rx - Phase 3 TRN: best hyp=0 ones=6528/8704 (75%)
FLOW [proto@0x104c4949e] Rx - Phase 3 WAIT_S heartbeat: dur=4864 demod=0 event=0 j_bits=9726 trn_bits=8704 trn_hint=0/75%
FLOW [proto@0x104c4949e] Rx - Phase 3 Ja capture: emitted 9728 bits using hyp=0
FLOW [proto@0x104c4949e] Rx - primary_channel_rx: baud_rate=0 high_carrier=1 carrier=1799.9Hz agc=0.00078 power=7642212 shaper_sets=640
[ME] TX dump mark: sample=24800 rx_stage=10 tx_stage=55 mod=3
FLOW [proto@0x104c4949e] Rx - primary_channel_rx: baud_rate=0 high_carrier=1 carrier=1800.0Hz agc=0.00079 power=7629227 shaper_sets=640
[ME] RX dump mark: sample=24800 rx_stage=10 tx_stage=55 mod=3 guard_db=-6.0 guard_valid=1
FLOW [proto@0x104c4949e] Rx - primary_channel_rx: baud_rate=0 high_carrier=1 carrier=1800.1Hz agc=0.00079 power=7629944 shaper_sets=640
FLOW [proto@0x104c4949e] Rx - primary_channel_rx: baud_rate=0 high_carrier=1 carrier=1800.2Hz agc=0.00079 power=7614485 shaper_sets=640
FLOW [proto@0x104c4949e] Rx - primary_channel_rx: baud_rate=0 high_carrier=1 carrier=1800.3Hz agc=0.00079 power=7627422 shaper_sets=640
FLOW [proto@0x104c4949e] Rx - primary_channel_rx: baud_rate=0 high_carrier=1 carrier=1800.4Hz agc=0.00079 power=7621914 shaper_sets=640
FLOW [proto@0x104c4949e] Rx - Phase 3 Ja capture: emitted 9984 bits using hyp=0
FLOW [proto@0x104c4949e] Rx - Phase 3 S baud 5000: mag=1.014 data_bits=3 alt=0/32 stable=0 dom=3:32/32 rev=0/32 counts=0,0,0,32
FLOW [proto@0x104c4949e] Rx - primary_channel_rx: baud_rate=0 high_carrier=1 carrier=1800.5Hz agc=0.00078 power=7641750 shaper_sets=640
FLOW [proto@0x104c4949e] Rx - primary_channel_rx: baud_rate=0 high_carrier=1 carrier=1800.6Hz agc=0.00078 power=7651078 shaper_sets=640
FLOW [proto@0x104c4949e] Rx - primary_channel_rx: baud_rate=0 high_carrier=1 carrier=1800.7Hz agc=0.00079 power=7641244 shaper_sets=640
FLOW [proto@0x104c4949e] Rx - primary_channel_rx: baud_rate=0 high_carrier=1 carrier=1800.8Hz agc=0.00078 power=7651182 shaper_sets=640
FLOW [proto@0x104c4949e] Rx - primary_channel_rx: baud_rate=0 high_carrier=1 carrier=1800.9Hz agc=0.00079 power=7623791 shaper_sets=640
FLOW [proto@0x104c4949e] Rx - Phase 3 TRN: best hyp=0 ones=6912/9216 (75%)
FLOW [proto@0x104c4949e] Rx - Phase 3 WAIT_S heartbeat: dur=5120 demod=0 event=0 j_bits=10238 trn_bits=9216 trn_hint=0/75%
FLOW [proto@0x104c4949e] Rx - Phase 3 Ja parser input: hyp0 len=10240 bits (stage=10, need ~16340 to parse)
FLOW [proto@0x104c4949e] Rx - Phase 3 Ja capture: emitted 10240 bits using hyp=0
[ME] TX dump mark: sample=25600 rx_stage=10 tx_stage=55 mod=3
FLOW [proto@0x104c4949e] Rx - primary_channel_rx: baud_rate=0 high_carrier=1 carrier=1800.9Hz agc=0.00079 power=7627079 shaper_sets=640
[ME] RX dump mark: sample=25600 rx_stage=10 tx_stage=55 mod=3 guard_db=-6.0 guard_valid=1
FLOW [proto@0x104c4949e] Rx - primary_channel_rx: baud_rate=0 high_carrier=1 carrier=1801.0Hz agc=0.00079 power=7622519 shaper_sets=640
FLOW [proto@0x104c4949e] Rx - primary_channel_rx: baud_rate=0 high_carrier=1 carrier=1801.0Hz agc=0.00079 power=7629885 shaper_sets=640
FLOW [proto@0x104c4949e] Rx - primary_channel_rx: baud_rate=0 high_carrier=1 carrier=1801.1Hz agc=0.00078 power=7653174 shaper_sets=640
FLOW [proto@0x104c4949e] Rx - primary_channel_rx: baud_rate=0 high_carrier=1 carrier=1801.1Hz agc=0.00078 power=7660897 shaper_sets=640
FLOW [proto@0x104c4949e] Rx - Phase 3 Ja capture: emitted 10496 bits using hyp=0
FLOW [proto@0x104c4949e] Rx - primary_channel_rx: baud_rate=0 high_carrier=1 carrier=1801.1Hz agc=0.00078 power=7660804 shaper_sets=640
FLOW [proto@0x104c4949e] Rx - primary_channel_rx: baud_rate=0 high_carrier=1 carrier=1801.0Hz agc=0.00078 power=7661036 shaper_sets=640
FLOW [proto@0x104c4949e] Rx - primary_channel_rx: baud_rate=0 high_carrier=1 carrier=1801.0Hz agc=0.00078 power=7660579 shaper_sets=640
FLOW [proto@0x104c4949e] Rx - primary_channel_rx: baud_rate=0 high_carrier=1 carrier=1801.0Hz agc=0.00078 power=7662619 shaper_sets=640
FLOW [proto@0x104c4949e] Rx - primary_channel_rx: baud_rate=0 high_carrier=1 carrier=1800.9Hz agc=0.00078 power=7660741 shaper_sets=640
FLOW [proto@0x104c4949e] Rx - Phase 3 TRN: best hyp=0 ones=7296/9728 (75%)
FLOW [proto@0x104c4949e] Rx - Phase 3 WAIT_S heartbeat: dur=5376 demod=0 event=0 j_bits=10750 trn_bits=9728 trn_hint=0/75%
[ME] TX dump mark: sample=26400 rx_stage=10 tx_stage=55 mod=3
FLOW [proto@0x104c4949e] Rx - primary_channel_rx: baud_rate=0 high_carrier=1 carrier=1800.8Hz agc=0.00078 power=7660748 shaper_sets=640
FLOW [proto@0x104c4949e] Rx - Phase 3 Ja capture: emitted 10752 bits using hyp=0
[ME] RX dump mark: sample=26400 rx_stage=10 tx_stage=55 mod=3 guard_db=-6.0 guard_valid=1
FLOW [proto@0x104c4949e] Rx - primary_channel_rx: baud_rate=0 high_carrier=1 carrier=1800.7Hz agc=0.00078 power=7660830 shaper_sets=640
FLOW [proto@0x104c4949e] Rx - primary_channel_rx: baud_rate=0 high_carrier=1 carrier=1800.6Hz agc=0.00078 power=7661087 shaper_sets=640
FLOW [proto@0x104c4949e] Rx - primary_channel_rx: baud_rate=0 high_carrier=1 carrier=1800.5Hz agc=0.00078 power=7663044 shaper_sets=640
FLOW [proto@0x104c4949e] Rx - primary_channel_rx: baud_rate=0 high_carrier=1 carrier=1800.4Hz agc=0.00078 power=7663641 shaper_sets=640
FLOW [proto@0x104c4949e] Rx - primary_channel_rx: baud_rate=0 high_carrier=1 carrier=1800.3Hz agc=0.00078 power=7663557 shaper_sets=640
FLOW [proto@0x104c4949e] Rx - Phase 3 Ja capture: emitted 11008 bits using hyp=0
FLOW [proto@0x104c4949e] Rx - primary_channel_rx: baud_rate=0 high_carrier=1 carrier=1800.2Hz agc=0.00078 power=7658798 shaper_sets=640
FLOW [proto@0x104c4949e] Rx - primary_channel_rx: baud_rate=0 high_carrier=1 carrier=1800.0Hz agc=0.00078 power=7658511 shaper_sets=640
FLOW [proto@0x104c4949e] Rx - primary_channel_rx: baud_rate=0 high_carrier=1 carrier=1799.9Hz agc=0.00078 power=7652510 shaper_sets=640
FLOW [proto@0x104c4949e] Rx - primary_channel_rx: baud_rate=0 high_carrier=1 carrier=1799.8Hz agc=0.00078 power=7651876 shaper_sets=640
[ME] TX dump mark: sample=27200 rx_stage=10 tx_stage=55 mod=3
FLOW [proto@0x104c4949e] Rx - primary_channel_rx: baud_rate=0 high_carrier=1 carrier=1799.6Hz agc=0.00078 power=7669390 shaper_sets=640
FLOW [proto@0x104c4949e] Rx - Phase 3 TRN: best hyp=0 ones=7680/10240 (75%)
FLOW [proto@0x104c4949e] Rx - Phase 3 WAIT_S heartbeat: dur=5632 demod=0 event=0 j_bits=11262 trn_bits=10240 trn_hint=0/75%
FLOW [proto@0x104c4949e] Rx - Phase 3 Ja capture: emitted 11264 bits using hyp=0
[ME] RX dump mark: sample=27200 rx_stage=10 tx_stage=55 mod=3 guard_db=-6.0 guard_valid=1
FLOW [proto@0x104c4949e] Rx - primary_channel_rx: baud_rate=0 high_carrier=1 carrier=1799.5Hz agc=0.00078 power=7670829 shaper_sets=640
FLOW [proto@0x104c4949e] Rx - primary_channel_rx: baud_rate=0 high_carrier=1 carrier=1799.4Hz agc=0.00078 power=7671001 shaper_sets=640
FLOW [proto@0x104c4949e] Rx - primary_channel_rx: baud_rate=0 high_carrier=1 carrier=1799.2Hz agc=0.00078 power=7670868 shaper_sets=640
FLOW [proto@0x104c4949e] Rx - primary_channel_rx: baud_rate=0 high_carrier=1 carrier=1799.1Hz agc=0.00078 power=7670350 shaper_sets=640
FLOW [proto@0x104c4949e] Rx - primary_channel_rx: baud_rate=0 high_carrier=1 carrier=1799.0Hz agc=0.00078 power=7670135 shaper_sets=640
FLOW [proto@0x104c4949e] Rx - primary_channel_rx: baud_rate=0 high_carrier=1 carrier=1798.9Hz agc=0.00078 power=7667375 shaper_sets=640
FLOW [proto@0x104c4949e] Rx - Phase 3 Ja capture: emitted 11520 bits using hyp=0
FLOW [proto@0x104c4949e] Rx - primary_channel_rx: baud_rate=0 high_carrier=1 carrier=1798.8Hz agc=0.00078 power=7668626 shaper_sets=640
FLOW [proto@0x104c4949e] Rx - primary_channel_rx: baud_rate=0 high_carrier=1 carrier=1798.8Hz agc=0.00078 power=7661630 shaper_sets=640
FLOW [proto@0x104c4949e] Rx - primary_channel_rx: baud_rate=0 high_carrier=1 carrier=1798.7Hz agc=0.00078 power=7665711 shaper_sets=640
[ME] TX dump mark: sample=28000 rx_stage=10 tx_stage=55 mod=3
FLOW [proto@0x104c4949e] Rx - primary_channel_rx: baud_rate=0 high_carrier=1 carrier=1798.7Hz agc=0.00078 power=7665857 shaper_sets=640
[ME] RX dump mark: sample=28000 rx_stage=10 tx_stage=55 mod=3 guard_db=-6.0 guard_valid=1
FLOW [proto@0x104c4949e] Rx - primary_channel_rx: baud_rate=0 high_carrier=1 carrier=1798.7Hz agc=0.00078 power=7667127 shaper_sets=640
FLOW [proto@0x104c4949e] Rx - Phase 3 TRN: best hyp=0 ones=8064/10752 (75%)
FLOW [proto@0x104c4949e] Rx - Phase 3 WAIT_S heartbeat: dur=5888 demod=0 event=0 j_bits=11774 trn_bits=10752 trn_hint=0/75%
FLOW [proto@0x104c4949e] Rx - Phase 3 Ja capture: emitted 11776 bits using hyp=0
FLOW [proto@0x104c4949e] Rx - primary_channel_rx: baud_rate=0 high_carrier=1 carrier=1798.7Hz agc=0.00078 power=7666434 shaper_sets=640
FLOW [proto@0x104c4949e] Rx - primary_channel_rx: baud_rate=0 high_carrier=1 carrier=1798.7Hz agc=0.00078 power=7667610 shaper_sets=640
FLOW [proto@0x104c4949e] Rx - primary_channel_rx: baud_rate=0 high_carrier=1 carrier=1798.7Hz agc=0.00078 power=7667747 shaper_sets=640
FLOW [proto@0x104c4949e] Rx - primary_channel_rx: baud_rate=0 high_carrier=1 carrier=1798.8Hz agc=0.00078 power=7669118 shaper_sets=640
FLOW [proto@0x104c4949e] Rx - Phase 3 S baud 6000: mag=1.015 data_bits=3 alt=0/32 stable=0 dom=3:32/32 rev=0/32 counts=0,0,0,32
FLOW [proto@0x104c4949e] Rx - Phase 3: S detect timeout (6000 bauds, alt=0/32 rev=0/32, j_bits=12000 trn_bits=10978 trn_hint=0/75%), continuing search
FLOW [proto@0x104c4949e] Rx - primary_channel_rx: baud_rate=0 high_carrier=1 carrier=1798.8Hz agc=0.00078 power=7672368 shaper_sets=640
FLOW [proto@0x104c4949e] Rx - Phase 3 WAIT_S heartbeat: dur=1 demod=0 event=0 j_bits=12000 trn_bits=10978 trn_hint=0/75%
FLOW [proto@0x104c4949e] Rx - Phase 3 S baud 1: mag=1.004 data_bits=3 alt=0/32 stable=0 dom=3:1/32 rev=0/32 counts=0,0,0,1
FLOW [proto@0x104c4949e] Rx - Phase 3 S baud 2: mag=0.988 data_bits=3 alt=0/32 stable=0 dom=3:2/32 rev=0/32 counts=0,0,0,2
FLOW [proto@0x104c4949e] Rx - Phase 3 S baud 3: mag=0.994 data_bits=3 alt=0/32 stable=0 dom=3:3/32 rev=0/32 counts=0,0,0,3
FLOW [proto@0x104c4949e] Rx - Phase 3 S baud 4: mag=1.017 data_bits=3 alt=0/32 stable=0 dom=3:4/32 rev=0/32 counts=0,0,0,4
FLOW [proto@0x104c4949e] Rx - Phase 3 Ja capture: emitted 12032 bits using hyp=0
FLOW [proto@0x104c4949e] Rx - primary_channel_rx: baud_rate=0 high_carrier=1 carrier=1798.9Hz agc=0.00078 power=7673922 shaper_sets=640
FLOW [proto@0x104c4949e] Rx - primary_channel_rx: baud_rate=0 high_carrier=1 carrier=1799.0Hz agc=0.00078 power=7687104 shaper_sets=640
FLOW [proto@0x104c4949e] Rx - primary_channel_rx: baud_rate=0 high_carrier=1 carrier=1799.1Hz agc=0.00078 power=7671965 shaper_sets=640
[ME] TX dump mark: sample=28800 rx_stage=10 tx_stage=55 mod=3
FLOW [proto@0x104c4949e] Rx - primary_channel_rx: baud_rate=0 high_carrier=1 carrier=1799.3Hz agc=0.00078 power=7695080 shaper_sets=640
[ME] RX dump mark: sample=28800 rx_stage=10 tx_stage=55 mod=3 guard_db=-6.0 guard_valid=1
FLOW [proto@0x104c4949e] Rx - primary_channel_rx: baud_rate=0 high_carrier=1 carrier=1799.4Hz agc=0.00078 power=7685986 shaper_sets=640
FLOW [proto@0x104c4949e] Rx - primary_channel_rx: baud_rate=0 high_carrier=1 carrier=1799.6Hz agc=0.00078 power=7701130 shaper_sets=640
FLOW [proto@0x104c4949e] Rx - Phase 3 Ja parser input: hyp0 len=12288 bits (stage=10, need ~16340 to parse)
FLOW [proto@0x104c4949e] Rx - Phase 3 Ja capture: emitted 12288 bits using hyp=0
FLOW [proto@0x104c4949e] Rx - primary_channel_rx: baud_rate=0 high_carrier=1 carrier=1799.7Hz agc=0.00078 power=7722297 shaper_sets=640
FLOW [proto@0x104c4949e] Rx - primary_channel_rx: baud_rate=0 high_carrier=1 carrier=1799.8Hz agc=0.00078 power=7756567 shaper_sets=640
FLOW [proto@0x104c4949e] Rx - primary_channel_rx: baud_rate=0 high_carrier=1 carrier=1799.7Hz agc=0.00078 power=7718404 shaper_sets=640
FLOW [proto@0x104c4949e] Rx - primary_channel_rx: baud_rate=0 high_carrier=1 carrier=1799.5Hz agc=0.00078 power=7729104 shaper_sets=640
FLOW [proto@0x104c4949e] Rx - Phase 3 WAIT_S heartbeat: dur=256 demod=0 event=0 j_bits=12510 trn_bits=10978 trn_hint=0/75%
FLOW [proto@0x104c4949e] Rx - primary_channel_rx: baud_rate=0 high_carrier=1 carrier=1799.4Hz agc=0.00078 power=7733179 shaper_sets=640
FLOW [proto@0x104c4949e] Rx - Phase 3 Ja capture: emitted 12544 bits using hyp=0
FLOW [proto@0x104c4949e] Rx - primary_channel_rx: baud_rate=0 high_carrier=1 carrier=1799.2Hz agc=0.00078 power=7741891 shaper_sets=640
FLOW [proto@0x104c4949e] Rx - primary_channel_rx: baud_rate=0 high_carrier=1 carrier=1799.1Hz agc=0.00078 power=7734110 shaper_sets=640
[ME] TX dump mark: sample=29600 rx_stage=10 tx_stage=55 mod=3
FLOW [proto@0x104c4949e] Rx - primary_channel_rx: baud_rate=0 high_carrier=1 carrier=1799.0Hz agc=0.00078 power=7716424 shaper_sets=640
[ME] RX dump mark: sample=29600 rx_stage=10 tx_stage=55 mod=3 guard_db=-6.0 guard_valid=1
FLOW [proto@0x104c4949e] Rx - primary_channel_rx: baud_rate=0 high_carrier=1 carrier=1798.8Hz agc=0.00078 power=7717565 shaper_sets=640
[ME] TX path: state=3 mod=3 fax_active=0 v34=0x700020000 v22bis=0x0
[ME] DIAG: cr_update calls=500 phase_err=-0.360 samples
FLOW [proto@0x104c4949e] Rx - primary_channel_rx: baud_rate=0 high_carrier=1 carrier=1798.7Hz agc=0.00078 power=7712259 shaper_sets=640
FLOW [proto@0x104c4949e] Rx - Phase 3 TRN: best hyp=0 ones=8440/11264 (75%)
FLOW [proto@0x104c4949e] Rx - Phase 3 Ja capture: emitted 12800 bits using hyp=0
FLOW [proto@0x104c4949e] Rx - primary_channel_rx: baud_rate=0 high_carrier=1 carrier=1798.6Hz agc=0.00078 power=7713102 shaper_sets=640
FLOW [proto@0x104c4949e] Rx - primary_channel_rx: baud_rate=0 high_carrier=1 carrier=1798.6Hz agc=0.00078 power=7729593 shaper_sets=640
FLOW [proto@0x104c4949e] Rx - primary_channel_rx: baud_rate=0 high_carrier=1 carrier=1798.5Hz agc=0.00078 power=7717715 shaper_sets=640
FLOW [proto@0x104c4949e] Rx - primary_channel_rx: baud_rate=0 high_carrier=1 carrier=1798.4Hz agc=0.00078 power=7717979 shaper_sets=640
FLOW [proto@0x104c4949e] Rx - primary_channel_rx: baud_rate=0 high_carrier=1 carrier=1798.4Hz agc=0.00078 power=7699919 shaper_sets=640
FLOW [proto@0x104c4949e] Rx - Phase 3 WAIT_S heartbeat: dur=512 demod=0 event=0 j_bits=13022 trn_bits=11490 trn_hint=0/75%
FLOW [proto@0x104c4949e] Rx - primary_channel_rx: baud_rate=0 high_carrier=1 carrier=1798.4Hz agc=0.00078 power=7702337 shaper_sets=640
FLOW [proto@0x104c4949e] Rx - Phase 3 Ja capture: emitted 13056 bits using hyp=0
FLOW [proto@0x104c4949e] Rx - primary_channel_rx: baud_rate=0 high_carrier=1 carrier=1798.4Hz agc=0.00078 power=7701719 shaper_sets=640
[ME] TX dump mark: sample=30400 rx_stage=10 tx_stage=55 mod=3
FLOW [proto@0x104c4949e] Rx - primary_channel_rx: baud_rate=0 high_carrier=1 carrier=1798.5Hz agc=0.00078 power=7700311 shaper_sets=640
[ME] RX dump mark: sample=30400 rx_stage=10 tx_stage=55 mod=3 guard_db=-6.0 guard_valid=1
FLOW [proto@0x104c4949e] Rx - primary_channel_rx: baud_rate=0 high_carrier=1 carrier=1798.5Hz agc=0.00078 power=7719847 shaper_sets=640
FLOW [proto@0x104c4949e] Rx - primary_channel_rx: baud_rate=0 high_carrier=1 carrier=1798.6Hz agc=0.00078 power=7670523 shaper_sets=640
FLOW [proto@0x104c4949e] Rx - primary_channel_rx: baud_rate=0 high_carrier=1 carrier=1798.7Hz agc=0.00078 power=7701065 shaper_sets=640
FLOW [proto@0x104c4949e] Rx - Phase 3 TRN: best hyp=0 ones=8824/11776 (75%)
FLOW [proto@0x104c4949e] Rx - Phase 3 Ja capture: emitted 13312 bits using hyp=0
FLOW [proto@0x104c4949e] Rx - primary_channel_rx: baud_rate=0 high_carrier=1 carrier=1798.8Hz agc=0.00078 power=7666833 shaper_sets=640
FLOW [proto@0x104c4949e] Rx - primary_channel_rx: baud_rate=0 high_carrier=1 carrier=1799.0Hz agc=0.00078 power=7673914 shaper_sets=640
FLOW [proto@0x104c4949e] Rx - primary_channel_rx: baud_rate=0 high_carrier=1 carrier=1799.1Hz agc=0.00078 power=7672704 shaper_sets=640
FLOW [proto@0x104c4949e] Rx - primary_channel_rx: baud_rate=0 high_carrier=1 carrier=1799.2Hz agc=0.00078 power=7662959 shaper_sets=640
FLOW [proto@0x104c4949e] Rx - Phase 3 WAIT_S heartbeat: dur=768 demod=0 event=0 j_bits=13534 trn_bits=12002 trn_hint=0/75%
FLOW [proto@0x104c4949e] Rx - primary_channel_rx: baud_rate=0 high_carrier=1 carrier=1799.0Hz agc=0.00078 power=7662940 shaper_sets=640
FLOW [proto@0x104c4949e] Rx - Phase 3 Ja capture: emitted 13568 bits using hyp=0
FLOW [proto@0x104c4949e] Rx - primary_channel_rx: baud_rate=0 high_carrier=1 carrier=1798.9Hz agc=0.00078 power=7718992 shaper_sets=640
[ME] TX dump mark: sample=31200 rx_stage=10 tx_stage=55 mod=3
FLOW [proto@0x104c4949e] Rx - primary_channel_rx: baud_rate=0 high_carrier=1 carrier=1798.7Hz agc=0.00078 power=7650020 shaper_sets=640
[ME] RX dump mark: sample=31200 rx_stage=10 tx_stage=55 mod=3 guard_db=-6.0 guard_valid=1
FLOW [proto@0x104c4949e] Rx - primary_channel_rx: baud_rate=0 high_carrier=1 carrier=1798.6Hz agc=0.00078 power=7716465 shaper_sets=640
FLOW [proto@0x104c4949e] Rx - primary_channel_rx: baud_rate=0 high_carrier=1 carrier=1798.5Hz agc=0.00078 power=7684739 shaper_sets=640
FLOW [proto@0x104c4949e] Rx - primary_channel_rx: baud_rate=0 high_carrier=1 carrier=1798.4Hz agc=0.00078 power=7700440 shaper_sets=640
FLOW [proto@0x104c4949e] Rx - Phase 3 TRN: best hyp=0 ones=9201/12288 (75%)
FLOW [proto@0x104c4949e] Rx - primary_channel_rx: baud_rate=0 high_carrier=1 carrier=1798.4Hz agc=0.00078 power=7687939 shaper_sets=640
FLOW [proto@0x104c4949e] Rx - Phase 3 Ja capture: emitted 13824 bits using hyp=0
FLOW [proto@0x104c4949e] Rx - primary_channel_rx: baud_rate=0 high_carrier=1 carrier=1798.3Hz agc=0.00078 power=7713518 shaper_sets=640
FLOW [proto@0x104c4949e] Rx - primary_channel_rx: baud_rate=0 high_carrier=1 carrier=1798.3Hz agc=0.00078 power=7707364 shaper_sets=640
FLOW [proto@0x104c4949e] Rx - primary_channel_rx: baud_rate=0 high_carrier=1 carrier=1798.3Hz agc=0.00078 power=7699362 shaper_sets=640
FLOW [proto@0x104c4949e] Rx - Phase 3 S baud 1000: mag=1.025 data_bits=3 alt=0/32 stable=0 dom=3:32/32 rev=0/32 counts=0,0,0,32
FLOW [proto@0x104c4949e] Rx - primary_channel_rx: baud_rate=0 high_carrier=1 carrier=1798.3Hz agc=0.00078 power=7704255 shaper_sets=640
FLOW [proto@0x104c4949e] Rx - Phase 3 WAIT_S heartbeat: dur=1024 demod=0 event=0 j_bits=14046 trn_bits=12514 trn_hint=0/75%
FLOW [proto@0x104c4949e] Rx - primary_channel_rx: baud_rate=0 high_carrier=1 carrier=1798.4Hz agc=0.00078 power=7698896 shaper_sets=640
FLOW [proto@0x104c4949e] Rx - Phase 3 Ja capture: emitted 14080 bits using hyp=0
[ME] TX dump mark: sample=32000 rx_stage=10 tx_stage=55 mod=3
[ME] Training TX: RMS=0.0 (8000 samples)
[ME] Training rx: RMS=2730.9 (8000 samples)
FLOW [proto@0x104c4949e] Rx - primary_channel_rx: baud_rate=0 high_carrier=1 carrier=1798.4Hz agc=0.00078 power=7697601 shaper_sets=640
[ME] RX dump mark: sample=32000 rx_stage=10 tx_stage=55 mod=3 guard_db=-6.0 guard_valid=1
FLOW [proto@0x104c4949e] Rx - primary_channel_rx: baud_rate=0 high_carrier=1 carrier=1798.5Hz agc=0.00078 power=7695974 shaper_sets=640
FLOW [proto@0x104c4949e] Rx - primary_channel_rx: baud_rate=0 high_carrier=1 carrier=1798.6Hz agc=0.00078 power=7694822 shaper_sets=640
FLOW [proto@0x104c4949e] Rx - primary_channel_rx: baud_rate=0 high_carrier=1 carrier=1798.8Hz agc=0.00078 power=7696234 shaper_sets=640
FLOW [proto@0x104c4949e] Rx - primary_channel_rx: baud_rate=0 high_carrier=1 carrier=1798.9Hz agc=0.00078 power=7682972 shaper_sets=640
FLOW [proto@0x104c4949e] Rx - Phase 3 TRN: best hyp=11 ones=9585/12800 (75%)
FLOW [proto@0x104c4949e] Rx - Phase 3 Ja parser input: hyp0 len=14336 bits (stage=10, need ~16340 to parse)
FLOW [proto@0x104c4949e] Rx - Phase 3 Ja capture: emitted 14336 bits using hyp=0
FLOW [proto@0x104c4949e] Rx - primary_channel_rx: baud_rate=0 high_carrier=1 carrier=1798.9Hz agc=0.00078 power=7706142 shaper_sets=640
FLOW [proto@0x104c4949e] Rx - primary_channel_rx: baud_rate=0 high_carrier=1 carrier=1798.8Hz agc=0.00078 power=7694661 shaper_sets=640
FLOW [proto@0x104c4949e] Rx - primary_channel_rx: baud_rate=0 high_carrier=1 carrier=1798.7Hz agc=0.00078 power=7693575 shaper_sets=640
FLOW [proto@0x104c4949e] Rx - primary_channel_rx: baud_rate=0 high_carrier=1 carrier=1798.5Hz agc=0.00078 power=7692618 shaper_sets=640
FLOW [proto@0x104c4949e] Rx - primary_channel_rx: baud_rate=0 high_carrier=1 carrier=1798.4Hz agc=0.00078 power=7725036 shaper_sets=640
FLOW [proto@0x104c4949e] Rx - Phase 3 WAIT_S heartbeat: dur=1280 demod=0 event=0 j_bits=14558 trn_bits=13026 trn_hint=0/75%
[ME] TX dump mark: sample=32800 rx_stage=10 tx_stage=55 mod=3
FLOW [proto@0x104c4949e] Rx - primary_channel_rx: baud_rate=0 high_carrier=1 carrier=1798.3Hz agc=0.00079 power=7640934 shaper_sets=640
FLOW [proto@0x104c4949e] Rx - Phase 3 Ja capture: emitted 14592 bits using hyp=0
[ME] RX dump mark: sample=32800 rx_stage=10 tx_stage=55 mod=3 guard_db=-6.0 guard_valid=1
FLOW [proto@0x104c4949e] Rx - primary_channel_rx: baud_rate=0 high_carrier=1 carrier=1798.3Hz agc=0.00078 power=7670770 shaper_sets=640
FLOW [proto@0x104c4949e] Rx - primary_channel_rx: baud_rate=0 high_carrier=1 carrier=1798.2Hz agc=0.00079 power=7636749 shaper_sets=640
FLOW [proto@0x104c4949e] Rx - primary_channel_rx: baud_rate=0 high_carrier=1 carrier=1798.2Hz agc=0.00078 power=7667252 shaper_sets=640
FLOW [proto@0x104c4949e] Rx - primary_channel_rx: baud_rate=0 high_carrier=1 carrier=1798.2Hz agc=0.00078 power=7675327 shaper_sets=640
FLOW [proto@0x104c4949e] Rx - primary_channel_rx: baud_rate=0 high_carrier=1 carrier=1798.2Hz agc=0.00078 power=7676607 shaper_sets=640
FLOW [proto@0x104c4949e] Rx - Phase 3 TRN: best hyp=9 ones=9960/13312 (75%)
FLOW [proto@0x104c4949e] Rx - Phase 3 Ja capture: emitted 14848 bits using hyp=0
FLOW [proto@0x104c4949e] Rx - primary_channel_rx: baud_rate=0 high_carrier=1 carrier=1798.3Hz agc=0.00078 power=7668249 shaper_sets=640
FLOW [proto@0x104c4949e] Rx - primary_channel_rx: baud_rate=0 high_carrier=1 carrier=1798.3Hz agc=0.00078 power=7677172 shaper_sets=640
FLOW [proto@0x104c4949e] Rx - primary_channel_rx: baud_rate=0 high_carrier=1 carrier=1798.4Hz agc=0.00078 power=7674935 shaper_sets=640
FLOW [proto@0x104c4949e] Rx - primary_channel_rx: baud_rate=0 high_carrier=1 carrier=1798.6Hz agc=0.00078 power=7676858 shaper_sets=640
FLOW [proto@0x104c4949e] Rx - Phase 3 WAIT_S heartbeat: dur=1536 demod=0 event=0 j_bits=15070 trn_bits=13538 trn_hint=0/75%
[ME] TX dump mark: sample=33600 rx_stage=10 tx_stage=55 mod=3
FLOW [proto@0x104c4949e] Rx - primary_channel_rx: baud_rate=0 high_carrier=1 carrier=1798.7Hz agc=0.00078 power=7684453 shaper_sets=640
FLOW [proto@0x104c4949e] Rx - Phase 3 Ja capture: emitted 15104 bits using hyp=0
[ME] RX dump mark: sample=33600 rx_stage=10 tx_stage=55 mod=3 guard_db=-6.0 guard_valid=1
FLOW [proto@0x104c4949e] Rx - primary_channel_rx: baud_rate=0 high_carrier=1 carrier=1798.8Hz agc=0.00078 power=7686719 shaper_sets=640
FLOW [proto@0x104c4949e] Rx - primary_channel_rx: baud_rate=0 high_carrier=1 carrier=1798.7Hz agc=0.00078 power=7682527 shaper_sets=640
FLOW [proto@0x104c4949e] Rx - primary_channel_rx: baud_rate=0 high_carrier=1 carrier=1798.5Hz agc=0.00078 power=7677594 shaper_sets=640
FLOW [proto@0x104c4949e] Rx - primary_channel_rx: baud_rate=0 high_carrier=1 carrier=1798.4Hz agc=0.00078 power=7676837 shaper_sets=640
FLOW [proto@0x104c4949e] Rx - primary_channel_rx: baud_rate=0 high_carrier=1 carrier=1798.3Hz agc=0.00078 power=7675303 shaper_sets=640
FLOW [proto@0x104c4949e] Rx - Phase 3 TRN: best hyp=9 ones=10340/13824 (75%)
FLOW [proto@0x104c4949e] Rx - primary_channel_rx: baud_rate=0 high_carrier=1 carrier=1798.2Hz agc=0.00078 power=7693032 shaper_sets=640
FLOW [proto@0x104c4949e] Rx - Phase 3 Ja capture: emitted 15360 bits using hyp=0
FLOW [proto@0x104c4949e] Rx - primary_channel_rx: baud_rate=0 high_carrier=1 carrier=1798.2Hz agc=0.00078 power=7674086 shaper_sets=640
FLOW [proto@0x104c4949e] Rx - primary_channel_rx: baud_rate=0 high_carrier=1 carrier=1798.1Hz agc=0.00078 power=7676231 shaper_sets=640
FLOW [proto@0x104c4949e] Rx - primary_channel_rx: baud_rate=0 high_carrier=1 carrier=1798.1Hz agc=0.00078 power=7680063 shaper_sets=640
[ME] TX dump mark: sample=34400 rx_stage=10 tx_stage=55 mod=3
FLOW [proto@0x104c4949e] Rx - primary_channel_rx: baud_rate=0 high_carrier=1 carrier=1798.1Hz agc=0.00078 power=7692258 shaper_sets=640
FLOW [proto@0x104c4949e] Rx - Phase 3 WAIT_S heartbeat: dur=1792 demod=0 event=0 j_bits=15582 trn_bits=14050 trn_hint=0/75%
[ME] RX dump mark: sample=34400 rx_stage=10 tx_stage=55 mod=3 guard_db=-6.0 guard_valid=1
FLOW [proto@0x104c4949e] Rx - primary_channel_rx: baud_rate=0 high_carrier=1 carrier=1798.1Hz agc=0.00078 power=7698810 shaper_sets=640
FLOW [proto@0x104c4949e] Rx - Phase 3 Ja capture: emitted 15616 bits using hyp=0
FLOW [proto@0x104c4949e] Rx - primary_channel_rx: baud_rate=0 high_carrier=1 carrier=1798.2Hz agc=0.00078 power=7698965 shaper_sets=640
FLOW [proto@0x104c4949e] Rx - primary_channel_rx: baud_rate=0 high_carrier=1 carrier=1798.3Hz agc=0.00078 power=7700092 shaper_sets=640
FLOW [proto@0x104c4949e] Rx - primary_channel_rx: baud_rate=0 high_carrier=1 carrier=1798.4Hz agc=0.00078 power=7684684 shaper_sets=640
FLOW [proto@0x104c4949e] Rx - primary_channel_rx: baud_rate=0 high_carrier=1 carrier=1798.5Hz agc=0.00078 power=7700154 shaper_sets=640
FLOW [proto@0x104c4949e] Rx - primary_channel_rx: baud_rate=0 high_carrier=1 carrier=1798.7Hz agc=0.00078 power=7686891 shaper_sets=640
FLOW [proto@0x104c4949e] Rx - Phase 3 TRN: best hyp=11 ones=10718/14336 (75%)
FLOW [proto@0x104c4949e] Rx - Phase 3 Ja capture: emitted 15872 bits using hyp=0
FLOW [proto@0x104c4949e] Rx - primary_channel_rx: baud_rate=0 high_carrier=1 carrier=1798.6Hz agc=0.00078 power=7663008 shaper_sets=640
FLOW [proto@0x104c4949e] Rx - primary_channel_rx: baud_rate=0 high_carrier=1 carrier=1798.5Hz agc=0.00078 power=7687507 shaper_sets=640
FLOW [proto@0x104c4949e] Rx - primary_channel_rx: baud_rate=0 high_carrier=1 carrier=1798.3Hz agc=0.00078 power=7661101 shaper_sets=640
FLOW [proto@0x104c4949e] Rx - Phase 3 S baud 2000: mag=1.017 data_bits=3 alt=0/32 stable=0 dom=3:32/32 rev=0/32 counts=0,0,0,32
[ME] TX dump mark: sample=35200 rx_stage=10 tx_stage=55 mod=3
FLOW [proto@0x104c4949e] Rx - primary_channel_rx: baud_rate=0 high_carrier=1 carrier=1798.2Hz agc=0.00078 power=7660547 shaper_sets=640
[ME] RX dump mark: sample=35200 rx_stage=10 tx_stage=55 mod=3 guard_db=-6.0 guard_valid=1
FLOW [proto@0x104c4949e] Rx - primary_channel_rx: baud_rate=0 high_carrier=1 carrier=1798.1Hz agc=0.00078 power=7664929 shaper_sets=640
FLOW [proto@0x104c4949e] Rx - Phase 3 WAIT_S heartbeat: dur=2048 demod=0 event=0 j_bits=16094 trn_bits=14562 trn_hint=0/75%
FLOW [proto@0x104c4949e] Rx - primary_channel_rx: baud_rate=0 high_carrier=1 carrier=1798.1Hz agc=0.00078 power=7660632 shaper_sets=640
FLOW [proto@0x104c4949e] Rx - Phase 3 Ja capture: emitted 16128 bits using hyp=0
FLOW [proto@0x104c4949e] Rx - primary_channel_rx: baud_rate=0 high_carrier=1 carrier=1798.0Hz agc=0.00078 power=7661975 shaper_sets=640
FLOW [proto@0x104c4949e] Rx - primary_channel_rx: baud_rate=0 high_carrier=1 carrier=1798.0Hz agc=0.00078 power=7699769 shaper_sets=640
FLOW [proto@0x104c4949e] Rx - primary_channel_rx: baud_rate=0 high_carrier=1 carrier=1798.0Hz agc=0.00078 power=7661974 shaper_sets=640
FLOW [proto@0x104c4949e] Rx - primary_channel_rx: baud_rate=0 high_carrier=1 carrier=1798.1Hz agc=0.00078 power=7699978 shaper_sets=640
FLOW [proto@0x104c4949e] Rx - primary_channel_rx: baud_rate=0 high_carrier=1 carrier=1798.2Hz agc=0.00078 power=7662192 shaper_sets=640
FLOW [proto@0x104c4949e] Rx - Phase 3 TRN: best hyp=11 ones=11100/14848 (75%)
FLOW [proto@0x104c4949e] Rx - Phase 3 Ja parser input: hyp0 len=16384 bits (stage=10, need ~16340 to parse)
FLOW [proto@0x104c4949e] Rx - Phase 3 Ja capture: emitted 16384 bits using hyp=0
FLOW [proto@0x104c4949e] Rx - primary_channel_rx: baud_rate=0 high_carrier=1 carrier=1798.3Hz agc=0.00078 power=7712996 shaper_sets=640
FLOW [proto@0x104c4949e] Rx - primary_channel_rx: baud_rate=0 high_carrier=1 carrier=1798.4Hz agc=0.00078 power=7660297 shaper_sets=640
[ME] TX dump mark: sample=36000 rx_stage=10 tx_stage=55 mod=3
FLOW [proto@0x104c4949e] Rx - primary_channel_rx: baud_rate=0 high_carrier=1 carrier=1798.5Hz agc=0.00078 power=7708307 shaper_sets=640
[ME] RX dump mark: sample=36000 rx_stage=10 tx_stage=55 mod=3 guard_db=-6.0 guard_valid=1
FLOW [proto@0x104c4949e] Rx - primary_channel_rx: baud_rate=0 high_carrier=1 carrier=1798.5Hz agc=0.00078 power=7707967 shaper_sets=640
FLOW [proto@0x104c4949e] Rx - Phase 3 WAIT_S heartbeat: dur=2304 demod=0 event=0 j_bits=16606 trn_bits=15074 trn_hint=0/75%
FLOW [proto@0x104c4949e] Rx - primary_channel_rx: baud_rate=0 high_carrier=1 carrier=1798.4Hz agc=0.00078 power=7705624 shaper_sets=640
FLOW [proto@0x104c4949e] Rx - Phase 3 Ja capture: emitted 16640 bits using hyp=0
FLOW [proto@0x104c4949e] Rx - primary_channel_rx: baud_rate=0 high_carrier=1 carrier=1798.3Hz agc=0.00078 power=7668443 shaper_sets=640
FLOW [proto@0x104c4949e] Rx - primary_channel_rx: baud_rate=0 high_carrier=1 carrier=1798.2Hz agc=0.00078 power=7699693 shaper_sets=640
FLOW [proto@0x104c4949e] Rx - primary_channel_rx: baud_rate=0 high_carrier=1 carrier=1798.1Hz agc=0.00078 power=7661778 shaper_sets=640
FLOW [proto@0x104c4949e] Rx - primary_channel_rx: baud_rate=0 high_carrier=1 carrier=1798.0Hz agc=0.00078 power=7705724 shaper_sets=640
FLOW [proto@0x104c4949e] Rx - primary_channel_rx: baud_rate=0 high_carrier=1 carrier=1798.0Hz agc=0.00078 power=7664560 shaper_sets=640
FLOW [proto@0x104c4949e] Rx - Phase 3 TRN: best hyp=11 ones=11479/15360 (75%)
FLOW [proto@0x104c4949e] Rx - primary_channel_rx: baud_rate=0 high_carrier=1 carrier=1798.0Hz agc=0.00078 power=7716406 shaper_sets=640
FLOW [proto@0x104c4949e] Rx - Phase 3 Ja capture: emitted 16896 bits using hyp=0
FLOW [proto@0x104c4949e] Rx - primary_channel_rx: baud_rate=0 high_carrier=1 carrier=1798.0Hz agc=0.00078 power=7699933 shaper_sets=640
[ME] TX dump mark: sample=36800 rx_stage=10 tx_stage=55 mod=3
FLOW [proto@0x104c4949e] Rx - primary_channel_rx: baud_rate=0 high_carrier=1 carrier=1798.0Hz agc=0.00078 power=7719417 shaper_sets=640
[ME] RX dump mark: sample=36800 rx_stage=10 tx_stage=55 mod=3 guard_db=-6.0 guard_valid=1
FLOW [proto@0x104c4949e] Rx - primary_channel_rx: baud_rate=0 high_carrier=1 carrier=1798.1Hz agc=0.00078 power=7747526 shaper_sets=640
FLOW [proto@0x104c4949e] Rx - primary_channel_rx: baud_rate=0 high_carrier=1 carrier=1798.2Hz agc=0.00078 power=7743661 shaper_sets=640
FLOW [proto@0x104c4949e] Rx - Phase 3 WAIT_S heartbeat: dur=2560 demod=0 event=0 j_bits=17118 trn_bits=15586 trn_hint=0/75%
FLOW [proto@0x104c4949e] Rx - primary_channel_rx: baud_rate=0 high_carrier=1 carrier=1798.3Hz agc=0.00078 power=7738434 shaper_sets=640
FLOW [proto@0x104c4949e] Rx - Phase 3 Ja capture: emitted 17152 bits using hyp=0
FLOW [proto@0x104c4949e] Rx - primary_channel_rx: baud_rate=0 high_carrier=1 carrier=1798.4Hz agc=0.00078 power=7796484 shaper_sets=640
FLOW [proto@0x104c4949e] Rx - primary_channel_rx: baud_rate=0 high_carrier=1 carrier=1798.4Hz agc=0.00078 power=7746175 shaper_sets=640
FLOW [proto@0x104c4949e] Rx - primary_channel_rx: baud_rate=0 high_carrier=1 carrier=1798.3Hz agc=0.00078 power=7783292 shaper_sets=640
FLOW [proto@0x104c4949e] Rx - primary_channel_rx: baud_rate=0 high_carrier=1 carrier=1798.1Hz agc=0.00078 power=7732242 shaper_sets=640
FLOW [proto@0x104c4949e] Rx - primary_channel_rx: baud_rate=0 high_carrier=1 carrier=1798.0Hz agc=0.00078 power=7731951 shaper_sets=640
FLOW [proto@0x104c4949e] Rx - Phase 3 TRN: best hyp=9 ones=11853/15872 (75%)
FLOW [proto@0x104c4949e] Rx - Phase 3 Ja capture: emitted 17408 bits using hyp=0
FLOW [proto@0x104c4949e] Rx - primary_channel_rx: baud_rate=0 high_carrier=1 carrier=1798.0Hz agc=0.00078 power=7787588 shaper_sets=640
[ME] TX dump mark: sample=37600 rx_stage=10 tx_stage=55 mod=3
FLOW [proto@0x104c4949e] Rx - primary_channel_rx: baud_rate=0 high_carrier=1 carrier=1797.9Hz agc=0.00078 power=7786541 shaper_sets=640
[ME] RX dump mark: sample=37600 rx_stage=10 tx_stage=55 mod=3 guard_db=-6.0 guard_valid=1
FLOW [proto@0x104c4949e] Rx - primary_channel_rx: baud_rate=0 high_carrier=1 carrier=1797.9Hz agc=0.00078 power=7801893 shaper_sets=640
[ME] TX path: state=3 mod=3 fax_active=0 v34=0x700020000 v22bis=0x0
FLOW [proto@0x104c4949e] Rx - primary_channel_rx: baud_rate=0 high_carrier=1 carrier=1797.9Hz agc=0.00078 power=7812831 shaper_sets=640
FLOW [proto@0x104c4949e] Rx - primary_channel_rx: baud_rate=0 high_carrier=1 carrier=1797.9Hz agc=0.00078 power=7800231 shaper_sets=640
FLOW [proto@0x104c4949e] Rx - Phase 3 WAIT_S heartbeat: dur=2816 demod=0 event=0 j_bits=17630 trn_bits=16098 trn_hint=0/75%
FLOW [proto@0x104c4949e] Rx - primary_channel_rx: baud_rate=0 high_carrier=1 carrier=1798.0Hz agc=0.00078 power=7811870 shaper_sets=640
FLOW [proto@0x104c4949e] Rx - Phase 3 Ja capture: emitted 17664 bits using hyp=0
FLOW [proto@0x104c4949e] Rx - primary_channel_rx: baud_rate=0 high_carrier=1 carrier=1798.1Hz agc=0.00078 power=7798918 shaper_sets=640
FLOW [proto@0x104c4949e] Rx - primary_channel_rx: baud_rate=0 high_carrier=1 carrier=1798.2Hz agc=0.00078 power=7810747 shaper_sets=640
FLOW [proto@0x104c4949e] Rx - primary_channel_rx: baud_rate=0 high_carrier=1 carrier=1798.3Hz agc=0.00078 power=7808043 shaper_sets=640
FLOW [proto@0x104c4949e] Rx - primary_channel_rx: baud_rate=0 high_carrier=1 carrier=1798.4Hz agc=0.00078 power=7807804 shaper_sets=640
FLOW [proto@0x104c4949e] Rx - primary_channel_rx: baud_rate=0 high_carrier=1 carrier=1798.2Hz agc=0.00078 power=7809243 shaper_sets=640
FLOW [proto@0x104c4949e] Rx - Phase 3 TRN: best hyp=9 ones=12231/16384 (75%)
FLOW [proto@0x104c4949e] Rx - Phase 3 Ja capture: emitted 17920 bits using hyp=0
[ME] TX dump mark: sample=38400 rx_stage=10 tx_stage=55 mod=3
FLOW [proto@0x104c4949e] Rx - primary_channel_rx: baud_rate=0 high_carrier=1 carrier=1798.1Hz agc=0.00078 power=7809537 shaper_sets=640
FLOW [proto@0x104c4949e] Rx - Phase 3 S baud 3000: mag=1.024 data_bits=3 alt=0/32 stable=0 dom=3:32/32 rev=0/32 counts=0,0,0,32
[ME] RX dump mark: sample=38400 rx_stage=10 tx_stage=55 mod=3 guard_db=-6.0 guard_valid=1
FLOW [proto@0x104c4949e] Rx - primary_channel_rx: baud_rate=0 high_carrier=1 carrier=1798.0Hz agc=0.00078 power=7807917 shaper_sets=640
FLOW [proto@0x104c4949e] Rx - primary_channel_rx: baud_rate=0 high_carrier=1 carrier=1797.9Hz agc=0.00078 power=7804523 shaper_sets=640
FLOW [proto@0x104c4949e] Rx - primary_channel_rx: baud_rate=0 high_carrier=1 carrier=1797.9Hz agc=0.00078 power=7787533 shaper_sets=640
FLOW [proto@0x104c4949e] Rx - Phase 3 WAIT_S heartbeat: dur=3072 demod=0 event=0 j_bits=18142 trn_bits=16610 trn_hint=0/75%
FLOW [proto@0x104c4949e] Rx - primary_channel_rx: baud_rate=0 high_carrier=1 carrier=1797.8Hz agc=0.00078 power=7789315 shaper_sets=640
FLOW [proto@0x104c4949e] Rx - Phase 3 Ja capture: emitted 18176 bits using hyp=0
FLOW [proto@0x104c4949e] Rx - primary_channel_rx: baud_rate=0 high_carrier=1 carrier=1797.8Hz agc=0.00078 power=7786838 shaper_sets=640
FLOW [proto@0x104c4949e] Rx - primary_channel_rx: baud_rate=0 high_carrier=1 carrier=1797.9Hz agc=0.00078 power=7794988 shaper_sets=640
FLOW [proto@0x104c4949e] Rx - primary_channel_rx: baud_rate=0 high_carrier=1 carrier=1797.9Hz agc=0.00078 power=7791584 shaper_sets=640
FLOW [proto@0x104c4949e] Rx - primary_channel_rx: baud_rate=0 high_carrier=1 carrier=1798.0Hz agc=0.00078 power=7795156 shaper_sets=640
FLOW [proto@0x104c4949e] Rx - primary_channel_rx: baud_rate=0 high_carrier=1 carrier=1798.2Hz agc=0.00078 power=7791767 shaper_sets=640
FLOW [proto@0x104c4949e] Rx - Phase 3 TRN: best hyp=9 ones=12615/16896 (75%)
[ME] TX dump mark: sample=39200 rx_stage=10 tx_stage=55 mod=3
FLOW [proto@0x104c4949e] Rx - primary_channel_rx: baud_rate=0 high_carrier=1 carrier=1798.3Hz agc=0.00078 power=7783908 shaper_sets=640
FLOW [proto@0x104c4949e] Rx - Phase 3 Ja parser input: hyp0 len=18432 bits (stage=10, need ~16340 to parse)
FLOW [proto@0x104c4949e] Rx - Phase 3 Ja capture: emitted 18432 bits using hyp=0
[ME] RX dump mark: sample=39200 rx_stage=10 tx_stage=55 mod=3 guard_db=-6.0 guard_valid=1
FLOW [proto@0x104c4949e] Rx - primary_channel_rx: baud_rate=0 high_carrier=1 carrier=1798.3Hz agc=0.00078 power=7765384 shaper_sets=640
FLOW [proto@0x104c4949e] Rx - primary_channel_rx: baud_rate=0 high_carrier=1 carrier=1798.1Hz agc=0.00078 power=7779181 shaper_sets=640
FLOW [proto@0x104c4949e] Rx - primary_channel_rx: baud_rate=0 high_carrier=1 carrier=1798.0Hz agc=0.00078 power=7762711 shaper_sets=640
FLOW [proto@0x104c4949e] Rx - primary_channel_rx: baud_rate=0 high_carrier=1 carrier=1797.9Hz agc=0.00078 power=7747097 shaper_sets=640
FLOW [proto@0x104c4949e] Rx - Phase 3 WAIT_S heartbeat: dur=3328 demod=0 event=0 j_bits=18654 trn_bits=17122 trn_hint=0/75%
FLOW [proto@0x104c4949e] Rx - primary_channel_rx: baud_rate=0 high_carrier=1 carrier=1797.8Hz agc=0.00078 power=7755296 shaper_sets=640
FLOW [proto@0x104c4949e] Rx - Phase 3 Ja capture: emitted 18688 bits using hyp=0
FLOW [proto@0x104c4949e] Rx - primary_channel_rx: baud_rate=0 high_carrier=1 carrier=1797.8Hz agc=0.00078 power=7750655 shaper_sets=640
FLOW [proto@0x104c4949e] Rx - primary_channel_rx: baud_rate=0 high_carrier=1 carrier=1797.8Hz agc=0.00078 power=7775022 shaper_sets=640
FLOW [proto@0x104c4949e] Rx - primary_channel_rx: baud_rate=0 high_carrier=1 carrier=1797.8Hz agc=0.00078 power=7747579 shaper_sets=640
FLOW [proto@0x104c4949e] Rx - primary_channel_rx: baud_rate=0 high_carrier=1 carrier=1797.9Hz agc=0.00078 power=7766959 shaper_sets=640
[ME] TX dump mark: sample=40000 rx_stage=10 tx_stage=55 mod=3
[ME] Training TX: RMS=0.0 (8000 samples)
[ME] Training rx: RMS=2735.7 (8000 samples)
FLOW [proto@0x104c4949e] Rx - primary_channel_rx: baud_rate=0 high_carrier=1 carrier=1797.9Hz agc=0.00078 power=7750494 shaper_sets=640
FLOW [proto@0x104c4949e] Rx - Phase 3 TRN: best hyp=9 ones=12990/17408 (75%)
FLOW [proto@0x104c4949e] Rx - Phase 3 Ja capture: emitted 18944 bits using hyp=0
[ME] RX dump mark: sample=40000 rx_stage=10 tx_stage=55 mod=3 guard_db=-6.0 guard_valid=1
FLOW [proto@0x104c4949e] Rx - primary_channel_rx: baud_rate=0 high_carrier=1 carrier=1798.0Hz agc=0.00078 power=7764156 shaper_sets=640
FLOW [proto@0x104c4949e] Rx - primary_channel_rx: baud_rate=0 high_carrier=1 carrier=1798.2Hz agc=0.00078 power=7769863 shaper_sets=640
FLOW [proto@0x104c4949e] Rx - primary_channel_rx: baud_rate=0 high_carrier=1 carrier=1798.3Hz agc=0.00078 power=7773214 shaper_sets=640
FLOW [proto@0x104c4949e] Rx - primary_channel_rx: baud_rate=0 high_carrier=1 carrier=1798.1Hz agc=0.00078 power=7776906 shaper_sets=640
FLOW [proto@0x104c4949e] Rx - primary_channel_rx: baud_rate=0 high_carrier=1 carrier=1798.0Hz agc=0.00078 power=7780051 shaper_sets=640
FLOW [proto@0x104c4949e] Rx - Phase 3 WAIT_S heartbeat: dur=3584 demod=0 event=0 j_bits=19166 trn_bits=17634 trn_hint=0/75%
FLOW [proto@0x104c4949e] Rx - primary_channel_rx: baud_rate=0 high_carrier=1 carrier=1797.9Hz agc=0.00078 power=7780071 shaper_sets=640
FLOW [proto@0x104c4949e] Rx - Phase 3 Ja capture: emitted 19200 bits using hyp=0
FLOW [proto@0x104c4949e] Rx - primary_channel_rx: baud_rate=0 high_carrier=1 carrier=1797.8Hz agc=0.00078 power=7785791 shaper_sets=640
FLOW [proto@0x104c4949e] Rx - primary_channel_rx: baud_rate=0 high_carrier=1 carrier=1797.8Hz agc=0.00078 power=7752472 shaper_sets=640
FLOW [proto@0x104c4949e] Rx - primary_channel_rx: baud_rate=0 high_carrier=1 carrier=1797.7Hz agc=0.00078 power=7745928 shaper_sets=640
[ME] TX dump mark: sample=40800 rx_stage=10 tx_stage=55 mod=3
FLOW [proto@0x104c4949e] Rx - primary_channel_rx: baud_rate=0 high_carrier=1 carrier=1797.7Hz agc=0.00078 power=7746236 shaper_sets=640
[ME] RX dump mark: sample=40800 rx_stage=10 tx_stage=55 mod=3 guard_db=-6.0 guard_valid=1
FLOW [proto@0x104c4949e] Rx - primary_channel_rx: baud_rate=0 high_carrier=1 carrier=1797.8Hz agc=0.00078 power=7745676 shaper_sets=640
FLOW [proto@0x104c4949e] Rx - Phase 3 TRN: best hyp=9 ones=13368/17920 (75%)
FLOW [proto@0x104c4949e] Rx - Phase 3 Ja capture: emitted 19456 bits using hyp=0
FLOW [proto@0x104c4949e] Rx - primary_channel_rx: baud_rate=0 high_carrier=1 carrier=1797.9Hz agc=0.00078 power=7739593 shaper_sets=640
FLOW [proto@0x104c4949e] Rx - primary_channel_rx: baud_rate=0 high_carrier=1 carrier=1798.0Hz agc=0.00078 power=7736626 shaper_sets=640
FLOW [proto@0x104c4949e] Rx - primary_channel_rx: baud_rate=0 high_carrier=1 carrier=1798.1Hz agc=0.00078 power=7764553 shaper_sets=640
FLOW [proto@0x104c4949e] Rx - primary_channel_rx: baud_rate=0 high_carrier=1 carrier=1798.2Hz agc=0.00078 power=7696378 shaper_sets=640
FLOW [proto@0x104c4949e] Rx - Phase 3 WAIT_S heartbeat: dur=3840 demod=0 event=0 j_bits=19678 trn_bits=18146 trn_hint=0/75%
FLOW [proto@0x104c4949e] Rx - primary_channel_rx: baud_rate=0 high_carrier=1 carrier=1798.1Hz agc=0.00078 power=7773617 shaper_sets=640
FLOW [proto@0x104c4949e] Rx - Phase 3 Ja capture: emitted 19712 bits using hyp=0
FLOW [proto@0x104c4949e] Rx - primary_channel_rx: baud_rate=0 high_carrier=1 carrier=1797.9Hz agc=0.00078 power=7691945 shaper_sets=640
FLOW [proto@0x104c4949e] Rx - primary_channel_rx: baud_rate=0 high_carrier=1 carrier=1797.8Hz agc=0.00078 power=7712251 shaper_sets=640
FLOW [proto@0x104c4949e] Rx - primary_channel_rx: baud_rate=0 high_carrier=1 carrier=1797.7Hz agc=0.00078 power=7684619 shaper_sets=640
[ME] TX dump mark: sample=41600 rx_stage=10 tx_stage=55 mod=3
FLOW [proto@0x104c4949e] Rx - primary_channel_rx: baud_rate=0 high_carrier=1 carrier=1797.7Hz agc=0.00078 power=7713605 shaper_sets=640
[ME] RX dump mark: sample=41600 rx_stage=10 tx_stage=55 mod=3 guard_db=-6.0 guard_valid=1
FLOW [proto@0x104c4949e] Rx - primary_channel_rx: baud_rate=0 high_carrier=1 carrier=1797.7Hz agc=0.00078 power=7683565 shaper_sets=640
FLOW [proto@0x104c4949e] Rx - Phase 3 TRN: best hyp=9 ones=13742/18432 (75%)
FLOW [proto@0x104c4949e] Rx - primary_channel_rx: baud_rate=0 high_carrier=1 carrier=1797.7Hz agc=0.00078 power=7714758 shaper_sets=640
FLOW [proto@0x104c4949e] Rx - Phase 3 Ja capture: emitted 19968 bits using hyp=0
FLOW [proto@0x104c4949e] Rx - Phase 3 S baud 4000: mag=0.998 data_bits=3 alt=0/32 stable=0 dom=3:32/32 rev=0/32 counts=0,0,0,32
FLOW [proto@0x104c4949e] Rx - primary_channel_rx: baud_rate=0 high_carrier=1 carrier=1797.7Hz agc=0.00078 power=7686432 shaper_sets=640
FLOW [proto@0x104c4949e] Rx - primary_channel_rx: baud_rate=0 high_carrier=1 carrier=1797.8Hz agc=0.00078 power=7715187 shaper_sets=640
FLOW [proto@0x104c4949e] Rx - primary_channel_rx: baud_rate=0 high_carrier=1 carrier=1797.9Hz agc=0.00078 power=7718196 shaper_sets=640
FLOW [proto@0x104c4949e] Rx - primary_channel_rx: baud_rate=0 high_carrier=1 carrier=1798.0Hz agc=0.00078 power=7719460 shaper_sets=640
FLOW [proto@0x104c4949e] Rx - Phase 3 WAIT_S heartbeat: dur=4096 demod=0 event=0 j_bits=20190 trn_bits=18658 trn_hint=0/75%
FLOW [proto@0x104c4949e] Rx - primary_channel_rx: baud_rate=0 high_carrier=1 carrier=1798.1Hz agc=0.00078 power=7717196 shaper_sets=640
FLOW [proto@0x104c4949e] Rx - Phase 3 Ja capture: emitted 20224 bits using hyp=0
FLOW [proto@0x104c4949e] Rx - primary_channel_rx: baud_rate=0 high_carrier=1 carrier=1797.9Hz agc=0.00078 power=7720966 shaper_sets=640
FLOW [proto@0x104c4949e] Rx - primary_channel_rx: baud_rate=0 high_carrier=1 carrier=1797.8Hz agc=0.00078 power=7716462 shaper_sets=640
[ME] TX dump mark: sample=42400 rx_stage=10 tx_stage=55 mod=3
FLOW [proto@0x104c4949e] Rx - primary_channel_rx: baud_rate=0 high_carrier=1 carrier=1797.7Hz agc=0.00078 power=7718456 shaper_sets=640
[ME] RX dump mark: sample=42400 rx_stage=10 tx_stage=55 mod=3 guard_db=-6.0 guard_valid=1
FLOW [proto@0x104c4949e] Rx - primary_channel_rx: baud_rate=0 high_carrier=1 carrier=1797.7Hz agc=0.00078 power=7715945 shaper_sets=640
FLOW [proto@0x104c4949e] Rx - primary_channel_rx: baud_rate=0 high_carrier=1 carrier=1797.6Hz agc=0.00078 power=7721789 shaper_sets=640
FLOW [proto@0x104c4949e] Rx - Phase 3 TRN: best hyp=9 ones=14123/18944 (75%)
FLOW [proto@0x104c4949e] Rx - Phase 3 Ja parser input: hyp0 len=20480 bits (stage=10, need ~16340 to parse)
FLOW [proto@0x104c4949e] Rx - Phase 3 Ja capture: emitted 20480 bits using hyp=0
FLOW [proto@0x104c4949e] Rx - primary_channel_rx: baud_rate=0 high_carrier=1 carrier=1797.6Hz agc=0.00078 power=7760506 shaper_sets=640
FLOW [proto@0x104c4949e] Rx - primary_channel_rx: baud_rate=0 high_carrier=1 carrier=1797.7Hz agc=0.00078 power=7760742 shaper_sets=640
FLOW [proto@0x104c4949e] Rx - primary_channel_rx: baud_rate=0 high_carrier=1 carrier=1797.7Hz agc=0.00078 power=7757532 shaper_sets=640
FLOW [proto@0x104c4949e] Rx - primary_channel_rx: baud_rate=0 high_carrier=1 carrier=1797.8Hz agc=0.00078 power=7762142 shaper_sets=640
FLOW [proto@0x104c4949e] Rx - primary_channel_rx: baud_rate=0 high_carrier=1 carrier=1797.9Hz agc=0.00078 power=7756662 shaper_sets=640
FLOW [proto@0x104c4949e] Rx - Phase 3 WAIT_S heartbeat: dur=4352 demod=0 event=0 j_bits=20702 trn_bits=19170 trn_hint=0/75%
FLOW [proto@0x104c4949e] Rx - primary_channel_rx: baud_rate=0 high_carrier=1 carrier=1798.1Hz agc=0.00078 power=7710300 shaper_sets=640
FLOW [proto@0x104c4949e] Rx - Phase 3 Ja capture: emitted 20736 bits using hyp=0
FLOW [proto@0x104c4949e] Rx - primary_channel_rx: baud_rate=0 high_carrier=1 carrier=1797.9Hz agc=0.00078 power=7708303 shaper_sets=640
[ME] TX dump mark: sample=43200 rx_stage=10 tx_stage=55 mod=3
FLOW [proto@0x104c4949e] Rx - primary_channel_rx: baud_rate=0 high_carrier=1 carrier=1797.8Hz agc=0.00078 power=7757453 shaper_sets=640
[ME] RX dump mark: sample=43200 rx_stage=10 tx_stage=55 mod=3 guard_db=-6.0 guard_valid=1
FLOW [proto@0x104c4949e] Rx - primary_channel_rx: baud_rate=0 high_carrier=1 carrier=1797.7Hz agc=0.00078 power=7752807 shaper_sets=640
FLOW [proto@0x104c4949e] Rx - primary_channel_rx: baud_rate=0 high_carrier=1 carrier=1797.6Hz agc=0.00078 power=7707884 shaper_sets=640
FLOW [proto@0x104c4949e] Rx - primary_channel_rx: baud_rate=0 high_carrier=1 carrier=1797.6Hz agc=0.00078 power=7751611 shaper_sets=640
FLOW [proto@0x104c4949e] Rx - Phase 3 TRN: best hyp=11 ones=14499/19456 (75%)
FLOW [proto@0x104c4949e] Rx - Phase 3 Ja capture: emitted 20992 bits using hyp=0
FLOW [proto@0x104c4949e] Rx - primary_channel_rx: baud_rate=0 high_carrier=1 carrier=1797.6Hz agc=0.00078 power=7763982 shaper_sets=640
FLOW [proto@0x104c4949e] Rx - primary_channel_rx: baud_rate=0 high_carrier=1 carrier=1797.6Hz agc=0.00078 power=7717358 shaper_sets=640
FLOW [proto@0x104c4949e] Rx - primary_channel_rx: baud_rate=0 high_carrier=1 carrier=1797.7Hz agc=0.00078 power=7716420 shaper_sets=640
FLOW [proto@0x104c4949e] Rx - primary_channel_rx: baud_rate=0 high_carrier=1 carrier=1797.7Hz agc=0.00078 power=7765710 shaper_sets=640
FLOW [proto@0x104c4949e] Rx - Phase 3 WAIT_S heartbeat: dur=4608 demod=0 event=0 j_bits=21214 trn_bits=19682 trn_hint=0/75%
FLOW [proto@0x104c4949e] Rx - primary_channel_rx: baud_rate=0 high_carrier=1 carrier=1797.9Hz agc=0.00078 power=7717191 shaper_sets=640
FLOW [proto@0x104c4949e] Rx - Phase 3 Ja capture: emitted 21248 bits using hyp=0
FLOW [proto@0x104c4949e] Rx - primary_channel_rx: baud_rate=0 high_carrier=1 carrier=1798.0Hz agc=0.00078 power=7720246 shaper_sets=640
[ME] TX dump mark: sample=44000 rx_stage=10 tx_stage=55 mod=3
FLOW [proto@0x104c4949e] Rx - primary_channel_rx: baud_rate=0 high_carrier=1 carrier=1797.9Hz agc=0.00078 power=7762213 shaper_sets=640
[ME] RX dump mark: sample=44000 rx_stage=10 tx_stage=55 mod=3 guard_db=-6.0 guard_valid=1
FLOW [proto@0x104c4949e] Rx - primary_channel_rx: baud_rate=0 high_carrier=1 carrier=1797.8Hz agc=0.00078 power=7703109 shaper_sets=640
FLOW [proto@0x104c4949e] Rx - primary_channel_rx: baud_rate=0 high_carrier=1 carrier=1797.7Hz agc=0.00078 power=7705497 shaper_sets=640
FLOW [proto@0x104c4949e] Rx - primary_channel_rx: baud_rate=0 high_carrier=1 carrier=1797.6Hz agc=0.00078 power=7704693 shaper_sets=640
FLOW [proto@0x104c4949e] Rx - Phase 3 TRN: best hyp=11 ones=14875/19968 (74%)
FLOW [proto@0x104c4949e] Rx - primary_channel_rx: baud_rate=0 high_carrier=1 carrier=1797.6Hz agc=0.00078 power=7704863 shaper_sets=640
FLOW [proto@0x104c4949e] Rx - Phase 3 Ja capture: emitted 21504 bits using hyp=0
FLOW [proto@0x104c4949e] Rx - primary_channel_rx: baud_rate=0 high_carrier=1 carrier=1797.5Hz agc=0.00078 power=7705619 shaper_sets=640
FLOW [proto@0x104c4949e] Rx - primary_channel_rx: baud_rate=0 high_carrier=1 carrier=1797.6Hz agc=0.00078 power=7702214 shaper_sets=640
FLOW [proto@0x104c4949e] Rx - primary_channel_rx: baud_rate=0 high_carrier=1 carrier=1797.6Hz agc=0.00078 power=7701420 shaper_sets=640
FLOW [proto@0x104c4949e] Rx - primary_channel_rx: baud_rate=0 high_carrier=1 carrier=1797.7Hz agc=0.00078 power=7701154 shaper_sets=640
FLOW [proto@0x104c4949e] Rx - Phase 3 WAIT_S heartbeat: dur=4864 demod=0 event=0 j_bits=21726 trn_bits=20194 trn_hint=0/75%
FLOW [proto@0x104c4949e] Rx - primary_channel_rx: baud_rate=0 high_carrier=1 carrier=1797.8Hz agc=0.00078 power=7700961 shaper_sets=640
FLOW [proto@0x104c4949e] Rx - Phase 3 Ja capture: emitted 21760 bits using hyp=0
[ME] TX dump mark: sample=44800 rx_stage=10 tx_stage=55 mod=3
FLOW [proto@0x104c4949e] Rx - primary_channel_rx: baud_rate=0 high_carrier=1 carrier=1798.0Hz agc=0.00078 power=7701800 shaper_sets=640
[ME] RX dump mark: sample=44800 rx_stage=10 tx_stage=55 mod=3 guard_db=-6.0 guard_valid=1
FLOW [proto@0x104c4949e] Rx - primary_channel_rx: baud_rate=0 high_carrier=1 carrier=1797.9Hz agc=0.00078 power=7700626 shaper_sets=640
FLOW [proto@0x104c4949e] Rx - primary_channel_rx: baud_rate=0 high_carrier=1 carrier=1797.7Hz agc=0.00078 power=7701930 shaper_sets=640
FLOW [proto@0x104c4949e] Rx - primary_channel_rx: baud_rate=0 high_carrier=1 carrier=1797.6Hz agc=0.00078 power=7697826 shaper_sets=640
FLOW [proto@0x104c4949e] Rx - primary_channel_rx: baud_rate=0 high_carrier=1 carrier=1797.6Hz agc=0.00078 power=7695229 shaper_sets=640
FLOW [proto@0x104c4949e] Rx - Phase 3 S baud 5000: mag=1.018 data_bits=3 alt=0/32 stable=0 dom=3:32/32 rev=0/32 counts=0,0,0,32
FLOW [proto@0x104c4949e] Rx - Phase 3 TRN: best hyp=9 ones=15250/20480 (74%)
FLOW [proto@0x104c4949e] Rx - Phase 3 Ja capture: emitted 22016 bits using hyp=0
FLOW [proto@0x104c4949e] Rx - primary_channel_rx: baud_rate=0 high_carrier=1 carrier=1797.5Hz agc=0.00078 power=7700094 shaper_sets=640
FLOW [proto@0x104c4949e] Rx - primary_channel_rx: baud_rate=0 high_carrier=1 carrier=1797.5Hz agc=0.00078 power=7698698 shaper_sets=640
FLOW [proto@0x104c4949e] Rx - primary_channel_rx: baud_rate=0 high_carrier=1 carrier=1797.5Hz agc=0.00078 power=7698362 shaper_sets=640
FLOW [proto@0x104c4949e] Rx - primary_channel_rx: baud_rate=0 high_carrier=1 carrier=1797.6Hz agc=0.00078 power=7698396 shaper_sets=640
FLOW [proto@0x104c4949e] Rx - primary_channel_rx: baud_rate=0 high_carrier=1 carrier=1797.7Hz agc=0.00078 power=7709860 shaper_sets=640
FLOW [proto@0x104c4949e] Rx - Phase 3 WAIT_S heartbeat: dur=5120 demod=0 event=0 j_bits=22238 trn_bits=20706 trn_hint=0/75%
[ME] TX dump mark: sample=45600 rx_stage=10 tx_stage=55 mod=3
FLOW [proto@0x104c4949e] Rx - primary_channel_rx: baud_rate=0 high_carrier=1 carrier=1797.8Hz agc=0.00078 power=7716197 shaper_sets=640
FLOW [proto@0x104c4949e] Rx - Phase 3 Ja capture: emitted 22272 bits using hyp=0
[ME] RX dump mark: sample=45600 rx_stage=10 tx_stage=55 mod=3 guard_db=-6.0 guard_valid=1
FLOW [proto@0x104c4949e] Rx - primary_channel_rx: baud_rate=0 high_carrier=1 carrier=1797.9Hz agc=0.00078 power=7709147 shaper_sets=640
[ME] TX path: state=3 mod=3 fax_active=0 v34=0x700020000 v22bis=0x0
[ME] DIAG: cr_update calls=600 phase_err=-0.060 samples
FLOW [proto@0x104c4949e] Rx - primary_channel_rx: baud_rate=0 high_carrier=1 carrier=1797.8Hz agc=0.00078 power=7704508 shaper_sets=640
FLOW [proto@0x104c4949e] Rx - primary_channel_rx: baud_rate=0 high_carrier=1 carrier=1797.7Hz agc=0.00078 power=7681277 shaper_sets=640
FLOW [proto@0x104c4949e] Rx - primary_channel_rx: baud_rate=0 high_carrier=1 carrier=1797.6Hz agc=0.00078 power=7703335 shaper_sets=640
FLOW [proto@0x104c4949e] Rx - primary_channel_rx: baud_rate=0 high_carrier=1 carrier=1797.5Hz agc=0.00078 power=7702382 shaper_sets=640
FLOW [proto@0x104c4949e] Rx - Phase 3 TRN: best hyp=9 ones=15625/20992 (74%)
FLOW [proto@0x104c4949e] Rx - Phase 3 Ja parser input: hyp0 len=22528 bits (stage=10, need ~16340 to parse)
FLOW [proto@0x104c4949e] Rx - Phase 3 Ja capture: emitted 22528 bits using hyp=0
FLOW [proto@0x104c4949e] Rx - primary_channel_rx: baud_rate=0 high_carrier=1 carrier=1797.5Hz agc=0.00078 power=7686783 shaper_sets=640
FLOW [proto@0x104c4949e] Rx - primary_channel_rx: baud_rate=0 high_carrier=1 carrier=1797.5Hz agc=0.00078 power=7708344 shaper_sets=640
FLOW [proto@0x104c4949e] Rx - primary_channel_rx: baud_rate=0 high_carrier=1 carrier=1797.5Hz agc=0.00078 power=7708045 shaper_sets=640
FLOW [proto@0x104c4949e] Rx - primary_channel_rx: baud_rate=0 high_carrier=1 carrier=1797.6Hz agc=0.00078 power=7708916 shaper_sets=640
FLOW [proto@0x104c4949e] Rx - Phase 3 WAIT_S heartbeat: dur=5376 demod=0 event=0 j_bits=22750 trn_bits=21218 trn_hint=0/75%
[ME] TX dump mark: sample=46400 rx_stage=10 tx_stage=55 mod=3
FLOW [proto@0x104c4949e] Rx - primary_channel_rx: baud_rate=0 high_carrier=1 carrier=1797.7Hz agc=0.00078 power=7708469 shaper_sets=640
FLOW [proto@0x104c4949e] Rx - Phase 3 Ja capture: emitted 22784 bits using hyp=0
[ME] RX dump mark: sample=46400 rx_stage=10 tx_stage=55 mod=3 guard_db=-6.0 guard_valid=1
FLOW [proto@0x104c4949e] Rx - primary_channel_rx: baud_rate=0 high_carrier=1 carrier=1797.8Hz agc=0.00078 power=7714881 shaper_sets=640
FLOW [proto@0x104c4949e] Rx - primary_channel_rx: baud_rate=0 high_carrier=1 carrier=1797.9Hz agc=0.00078 power=7712951 shaper_sets=640
FLOW [proto@0x104c4949e] Rx - primary_channel_rx: baud_rate=0 high_carrier=1 carrier=1797.7Hz agc=0.00078 power=7722271 shaper_sets=640
FLOW [proto@0x104c4949e] Rx - primary_channel_rx: baud_rate=0 high_carrier=1 carrier=1797.6Hz agc=0.00078 power=7694854 shaper_sets=640
FLOW [proto@0x104c4949e] Rx - primary_channel_rx: baud_rate=0 high_carrier=1 carrier=1797.5Hz agc=0.00078 power=7708228 shaper_sets=640
FLOW [proto@0x104c4949e] Rx - Phase 3 TRN: best hyp=0 ones=16001/21504 (74%)
FLOW [proto@0x104c4949e] Rx - primary_channel_rx: baud_rate=0 high_carrier=1 carrier=1797.5Hz agc=0.00078 power=7696608 shaper_sets=640
FLOW [proto@0x104c4949e] Rx - Phase 3 Ja capture: emitted 23040 bits using hyp=0
FLOW [proto@0x104c4949e] Rx - primary_channel_rx: baud_rate=0 high_carrier=1 carrier=1797.4Hz agc=0.00078 power=7670452 shaper_sets=640
FLOW [proto@0x104c4949e] Rx - primary_channel_rx: baud_rate=0 high_carrier=1 carrier=1797.5Hz agc=0.00078 power=7693791 shaper_sets=640
FLOW [proto@0x104c4949e] Rx - primary_channel_rx: baud_rate=0 high_carrier=1 carrier=1797.5Hz agc=0.00078 power=7691849 shaper_sets=640
[ME] TX dump mark: sample=47200 rx_stage=10 tx_stage=55 mod=3
FLOW [proto@0x104c4949e] Rx - primary_channel_rx: baud_rate=0 high_carrier=1 carrier=1797.6Hz agc=0.00078 power=7670551 shaper_sets=640
FLOW [proto@0x104c4949e] Rx - Phase 3 WAIT_S heartbeat: dur=5632 demod=0 event=0 j_bits=23262 trn_bits=21730 trn_hint=0/75%
[ME] RX dump mark: sample=47200 rx_stage=10 tx_stage=55 mod=3 guard_db=-6.0 guard_valid=1
FLOW [proto@0x104c4949e] Rx - primary_channel_rx: baud_rate=0 high_carrier=1 carrier=1797.7Hz agc=0.00078 power=7748329 shaper_sets=640
FLOW [proto@0x104c4949e] Rx - Phase 3 Ja capture: emitted 23296 bits using hyp=0
FLOW [proto@0x104c4949e] Rx - primary_channel_rx: baud_rate=0 high_carrier=1 carrier=1797.9Hz agc=0.00078 power=7743360 shaper_sets=640
FLOW [proto@0x104c4949e] Rx - primary_channel_rx: baud_rate=0 high_carrier=1 carrier=1797.7Hz agc=0.00078 power=7719902 shaper_sets=640
FLOW [proto@0x104c4949e] Rx - primary_channel_rx: baud_rate=0 high_carrier=1 carrier=1797.6Hz agc=0.00078 power=7720878 shaper_sets=640
FLOW [proto@0x104c4949e] Rx - primary_channel_rx: baud_rate=0 high_carrier=1 carrier=1797.5Hz agc=0.00078 power=7730145 shaper_sets=640
FLOW [proto@0x104c4949e] Rx - primary_channel_rx: baud_rate=0 high_carrier=1 carrier=1797.5Hz agc=0.00078 power=7720840 shaper_sets=640
FLOW [proto@0x104c4949e] Rx - Phase 3 TRN: best hyp=11 ones=16381/22016 (74%)
FLOW [proto@0x104c4949e] Rx - Phase 3 Ja capture: emitted 23552 bits using hyp=0
FLOW [proto@0x104c4949e] Rx - primary_channel_rx: baud_rate=0 high_carrier=1 carrier=1797.4Hz agc=0.00078 power=7715322 shaper_sets=640
FLOW [proto@0x104c4949e] Rx - primary_channel_rx: baud_rate=0 high_carrier=1 carrier=1797.4Hz agc=0.00078 power=7718791 shaper_sets=640
FLOW [proto@0x104c4949e] Rx - primary_channel_rx: baud_rate=0 high_carrier=1 carrier=1797.5Hz agc=0.00078 power=7708554 shaper_sets=640
[ME] TX dump mark: sample=48000 rx_stage=10 tx_stage=55 mod=3
[ME] Training TX: RMS=0.0 (8000 samples)
[ME] Training rx: RMS=2731.1 (8000 samples)
FLOW [proto@0x104c4949e] Rx - primary_channel_rx: baud_rate=0 high_carrier=1 carrier=1797.5Hz agc=0.00078 power=7708090 shaper_sets=640
[ME] RX dump mark: sample=48000 rx_stage=10 tx_stage=55 mod=3 guard_db=-6.0 guard_valid=1
FLOW [proto@0x104c4949e] Rx - primary_channel_rx: baud_rate=0 high_carrier=1 carrier=1797.6Hz agc=0.00078 power=7700976 shaper_sets=640
FLOW [proto@0x104c4949e] Rx - Phase 3 WAIT_S heartbeat: dur=5888 demod=0 event=0 j_bits=23774 trn_bits=22242 trn_hint=0/75%
FLOW [proto@0x104c4949e] Rx - primary_channel_rx: baud_rate=0 high_carrier=1 carrier=1797.8Hz agc=0.00078 power=7700655 shaper_sets=640
FLOW [proto@0x104c4949e] Rx - Phase 3 Ja capture: emitted 23808 bits using hyp=0
FLOW [proto@0x104c4949e] Rx - primary_channel_rx: baud_rate=0 high_carrier=1 carrier=1797.8Hz agc=0.00078 power=7711302 shaper_sets=640
FLOW [proto@0x104c4949e] Rx - primary_channel_rx: baud_rate=0 high_carrier=1 carrier=1797.6Hz agc=0.00078 power=7712320 shaper_sets=640
FLOW [proto@0x104c4949e] Rx - primary_channel_rx: baud_rate=0 high_carrier=1 carrier=1797.5Hz agc=0.00078 power=7713114 shaper_sets=640
FLOW [proto@0x104c4949e] Rx - Phase 3 S baud 6000: mag=1.021 data_bits=3 alt=0/32 stable=0 dom=3:32/32 rev=0/32 counts=0,0,0,32
FLOW [proto@0x104c4949e] Rx - Phase 3: S detect timeout (6000 bauds, alt=0/32 rev=0/32, j_bits=24000 trn_bits=22468 trn_hint=0/75%), continuing search
FLOW [proto@0x104c4949e] Rx - primary_channel_rx: baud_rate=0 high_carrier=1 carrier=1797.4Hz agc=0.00078 power=7751271 shaper_sets=640
FLOW [proto@0x104c4949e] Rx - Phase 3 WAIT_S heartbeat: dur=1 demod=0 event=0 j_bits=24000 trn_bits=22468 trn_hint=0/75%
FLOW [proto@0x104c4949e] Rx - Phase 3 S baud 1: mag=1.024 data_bits=3 alt=0/32 stable=0 dom=3:1/32 rev=0/32 counts=0,0,0,1
FLOW [proto@0x104c4949e] Rx - Phase 3 S baud 2: mag=1.013 data_bits=3 alt=0/32 stable=0 dom=3:2/32 rev=0/32 counts=0,0,0,2
FLOW [proto@0x104c4949e] Rx - Phase 3 S baud 3: mag=0.963 data_bits=3 alt=0/32 stable=0 dom=3:3/32 rev=0/32 counts=0,0,0,3
FLOW [proto@0x104c4949e] Rx - Phase 3 S baud 4: mag=1.007 data_bits=3 alt=0/32 stable=0 dom=3:4/32 rev=0/32 counts=0,0,0,4
FLOW [proto@0x104c4949e] Rx - primary_channel_rx: baud_rate=0 high_carrier=1 carrier=1797.4Hz agc=0.00078 power=7716583 shaper_sets=640
FLOW [proto@0x104c4949e] Rx - Phase 3 Ja capture: emitted 24064 bits using hyp=0
FLOW [proto@0x104c4949e] Rx - primary_channel_rx: baud_rate=0 high_carrier=1 carrier=1797.4Hz agc=0.00078 power=7751264 shaper_sets=640
FLOW [proto@0x104c4949e] Rx - primary_channel_rx: baud_rate=0 high_carrier=1 carrier=1797.4Hz agc=0.00078 power=7712586 shaper_sets=640
[ME] TX dump mark: sample=48800 rx_stage=10 tx_stage=55 mod=3
FLOW [proto@0x104c4949e] Rx - primary_channel_rx: baud_rate=0 high_carrier=1 carrier=1797.5Hz agc=0.00078 power=7747910 shaper_sets=640
[ME] RX dump mark: sample=48800 rx_stage=10 tx_stage=55 mod=3 guard_db=-6.0 guard_valid=1
FLOW [proto@0x104c4949e] Rx - primary_channel_rx: baud_rate=0 high_carrier=1 carrier=1797.6Hz agc=0.00078 power=7751342 shaper_sets=640
FLOW [proto@0x104c4949e] Rx - primary_channel_rx: baud_rate=0 high_carrier=1 carrier=1797.7Hz agc=0.00078 power=7748745 shaper_sets=640
FLOW [proto@0x104c4949e] Rx - Phase 3 Ja capture: emitted 24320 bits using hyp=0
FLOW [proto@0x104c4949e] Rx - primary_channel_rx: baud_rate=0 high_carrier=1 carrier=1797.7Hz agc=0.00078 power=7653857 shaper_sets=640
FLOW [proto@0x104c4949e] Rx - primary_channel_rx: baud_rate=0 high_carrier=1 carrier=1797.6Hz agc=0.00078 power=7699063 shaper_sets=640
FLOW [proto@0x104c4949e] Rx - primary_channel_rx: baud_rate=0 high_carrier=1 carrier=1797.5Hz agc=0.00078 power=7697851 shaper_sets=640
FLOW [proto@0x104c4949e] Rx - primary_channel_rx: baud_rate=0 high_carrier=1 carrier=1797.4Hz agc=0.00078 power=7693057 shaper_sets=640
FLOW [proto@0x104c4949e] Rx - Phase 3 WAIT_S heartbeat: dur=256 demod=0 event=0 j_bits=24510 trn_bits=22468 trn_hint=0/75%
FLOW [proto@0x104c4949e] Rx - primary_channel_rx: baud_rate=0 high_carrier=1 carrier=1797.3Hz agc=0.00078 power=7702940 shaper_sets=640
FLOW [proto@0x104c4949e] Rx - Phase 3 TRN: best hyp=11 ones=16750/22528 (74%)
FLOW [proto@0x104c4949e] Rx - primary_channel_rx: baud_rate=0 high_carrier=1 carrier=1797.3Hz agc=0.00078 power=7702818 shaper_sets=640
FLOW [proto@0x104c4949e] Rx - Phase 3 Ja parser input: hyp0 len=24576 bits (stage=10, need ~16340 to parse)
FLOW [proto@0x104c4949e] Rx - Phase 3 Ja capture: emitted 24576 bits using hyp=0
FLOW [proto@0x104c4949e] Rx - primary_channel_rx: baud_rate=0 high_carrier=1 carrier=1797.4Hz agc=0.00078 power=7713481 shaper_sets=640
[ME] TX dump mark: sample=49600 rx_stage=10 tx_stage=55 mod=3
FLOW [proto@0x104c4949e] Rx - primary_channel_rx: baud_rate=0 high_carrier=1 carrier=1797.4Hz agc=0.00078 power=7702569 shaper_sets=640
[ME] RX dump mark: sample=49600 rx_stage=10 tx_stage=55 mod=3 guard_db=-6.0 guard_valid=1
FLOW [proto@0x104c4949e] Rx - primary_channel_rx: baud_rate=0 high_carrier=1 carrier=1797.5Hz agc=0.00078 power=7702736 shaper_sets=640
FLOW [proto@0x104c4949e] Rx - primary_channel_rx: baud_rate=0 high_carrier=1 carrier=1797.6Hz agc=0.00078 power=7702062 shaper_sets=640
FLOW [proto@0x104c4949e] Rx - primary_channel_rx: baud_rate=0 high_carrier=1 carrier=1797.7Hz agc=0.00078 power=7716126 shaper_sets=640
FLOW [proto@0x104c4949e] Rx - Phase 3 Ja capture: emitted 24832 bits using hyp=0
FLOW [proto@0x104c4949e] Rx - primary_channel_rx: baud_rate=0 high_carrier=1 carrier=1797.6Hz agc=0.00078 power=7713147 shaper_sets=640
FLOW [proto@0x104c4949e] Rx - primary_channel_rx: baud_rate=0 high_carrier=1 carrier=1797.5Hz agc=0.00078 power=7719818 shaper_sets=640
FLOW [proto@0x104c4949e] Rx - primary_channel_rx: baud_rate=0 high_carrier=1 carrier=1797.4Hz agc=0.00078 power=7716667 shaper_sets=640
FLOW [proto@0x104c4949e] Rx - primary_channel_rx: baud_rate=0 high_carrier=1 carrier=1797.3Hz agc=0.00078 power=7712211 shaper_sets=640
FLOW [proto@0x104c4949e] Rx - Phase 3 WAIT_S heartbeat: dur=512 demod=0 event=0 j_bits=25022 trn_bits=22980 trn_hint=0/75%
FLOW [proto@0x104c4949e] Rx - primary_channel_rx: baud_rate=0 high_carrier=1 carrier=1797.3Hz agc=0.00078 power=7708996 shaper_sets=640
FLOW [proto@0x104c4949e] Rx - Phase 3 TRN: best hyp=11 ones=17127/23040 (74%)
FLOW [proto@0x104c4949e] Rx - Phase 3 Ja capture: emitted 25088 bits using hyp=0
FLOW [proto@0x104c4949e] Rx - primary_channel_rx: baud_rate=0 high_carrier=1 carrier=1797.4Hz agc=0.00078 power=7713008 shaper_sets=640
[ME] TX dump mark: sample=50400 rx_stage=10 tx_stage=55 mod=3
FLOW [proto@0x104c4949e] Rx - primary_channel_rx: baud_rate=0 high_carrier=1 carrier=1797.4Hz agc=0.00078 power=7697030 shaper_sets=640
[ME] RX dump mark: sample=50400 rx_stage=10 tx_stage=55 mod=3 guard_db=-6.0 guard_valid=1
FLOW [proto@0x104c4949e] Rx - primary_channel_rx: baud_rate=0 high_carrier=1 carrier=1797.5Hz agc=0.00078 power=7708727 shaper_sets=640
FLOW [proto@0x104c4949e] Rx - primary_channel_rx: baud_rate=0 high_carrier=1 carrier=1797.6Hz agc=0.00078 power=7707659 shaper_sets=640
FLOW [proto@0x104c4949e] Rx - primary_channel_rx: baud_rate=0 high_carrier=1 carrier=1797.7Hz agc=0.00078 power=7708499 shaper_sets=640
FLOW [proto@0x104c4949e] Rx - primary_channel_rx: baud_rate=0 high_carrier=1 carrier=1797.5Hz agc=0.00078 power=7683108 shaper_sets=640
FLOW [proto@0x104c4949e] Rx - Phase 3 Ja capture: emitted 25344 bits using hyp=0
FLOW [proto@0x104c4949e] Rx - primary_channel_rx: baud_rate=0 high_carrier=1 carrier=1797.4Hz agc=0.00078 power=7681045 shaper_sets=640
FLOW [proto@0x104c4949e] Rx - primary_channel_rx: baud_rate=0 high_carrier=1 carrier=1797.3Hz agc=0.00078 power=7671089 shaper_sets=640
FLOW [proto@0x104c4949e] Rx - primary_channel_rx: baud_rate=0 high_carrier=1 carrier=1797.3Hz agc=0.00078 power=7687313 shaper_sets=640
FLOW [proto@0x104c4949e] Rx - Phase 3 WAIT_S heartbeat: dur=768 demod=0 event=0 j_bits=25534 trn_bits=23492 trn_hint=0/75%
FLOW [proto@0x104c4949e] Rx - primary_channel_rx: baud_rate=0 high_carrier=1 carrier=1797.3Hz agc=0.00078 power=7671760 shaper_sets=640
FLOW [proto@0x104c4949e] Rx - primary_channel_rx: baud_rate=0 high_carrier=1 carrier=1797.3Hz agc=0.00078 power=7682176 shaper_sets=640
FLOW [proto@0x104c4949e] Rx - Phase 3 TRN: best hyp=11 ones=17505/23552 (74%)
FLOW [proto@0x104c4949e] Rx - Phase 3 Ja capture: emitted 25600 bits using hyp=0
[ME] TX dump mark: sample=51200 rx_stage=10 tx_stage=55 mod=3
FLOW [proto@0x104c4949e] Rx - primary_channel_rx: baud_rate=0 high_carrier=1 carrier=1797.4Hz agc=0.00078 power=7687148 shaper_sets=640
[ME] RX dump mark: sample=51200 rx_stage=10 tx_stage=55 mod=3 guard_db=-6.0 guard_valid=1
FLOW [proto@0x104c4949e] Rx - primary_channel_rx: baud_rate=0 high_carrier=1 carrier=1797.5Hz agc=0.00078 power=7692642 shaper_sets=640
FLOW [proto@0x104c4949e] Rx - primary_channel_rx: baud_rate=0 high_carrier=1 carrier=1797.6Hz agc=0.00078 power=7692300 shaper_sets=640
FLOW [proto@0x104c4949e] Rx - primary_channel_rx: baud_rate=0 high_carrier=1 carrier=1797.6Hz agc=0.00078 power=7691846 shaper_sets=640
FLOW [proto@0x104c4949e] Rx - primary_channel_rx: baud_rate=0 high_carrier=1 carrier=1797.4Hz agc=0.00078 power=7687127 shaper_sets=640
FLOW [proto@0x104c4949e] Rx - Phase 3 Ja capture: emitted 25856 bits using hyp=0
FLOW [proto@0x104c4949e] Rx - primary_channel_rx: baud_rate=0 high_carrier=1 carrier=1797.3Hz agc=0.00078 power=7687806 shaper_sets=640
FLOW [proto@0x104c4949e] Rx - primary_channel_rx: baud_rate=0 high_carrier=1 carrier=1797.3Hz agc=0.00078 power=7720441 shaper_sets=640
FLOW [proto@0x104c4949e] Rx - primary_channel_rx: baud_rate=0 high_carrier=1 carrier=1797.2Hz agc=0.00078 power=7744983 shaper_sets=640
FLOW [proto@0x104c4949e] Rx - Phase 3 S baud 1000: mag=1.028 data_bits=3 alt=0/32 stable=0 dom=3:32/32 rev=0/32 counts=0,0,0,32
FLOW [proto@0x104c4949e] Rx - primary_channel_rx: baud_rate=0 high_carrier=1 carrier=1797.3Hz agc=0.00078 power=7746143 shaper_sets=640
FLOW [proto@0x104c4949e] Rx - Phase 3 WAIT_S heartbeat: dur=1024 demod=0 event=0 j_bits=26046 trn_bits=24004 trn_hint=0/75%
FLOW [proto@0x104c4949e] Rx - primary_channel_rx: baud_rate=0 high_carrier=1 carrier=1797.3Hz agc=0.00078 power=7746769 shaper_sets=640
FLOW [proto@0x104c4949e] Rx - Phase 3 TRN: best hyp=11 ones=17879/24064 (74%)
[ME] TX dump mark: sample=52000 rx_stage=10 tx_stage=55 mod=3
FLOW [proto@0x104c4949e] Rx - primary_channel_rx: baud_rate=0 high_carrier=1 carrier=1797.4Hz agc=0.00078 power=7745968 shaper_sets=640
FLOW [proto@0x104c4949e] Rx - Phase 3 Ja capture: emitted 26112 bits using hyp=0
[ME] RX dump mark: sample=52000 rx_stage=10 tx_stage=55 mod=3 guard_db=-6.0 guard_valid=1
FLOW [proto@0x104c4949e] Rx - primary_channel_rx: baud_rate=0 high_carrier=1 carrier=1797.5Hz agc=0.00078 power=7771421 shaper_sets=640
FLOW [proto@0x104c4949e] Rx - primary_channel_rx: baud_rate=0 high_carrier=1 carrier=1797.6Hz agc=0.00078 power=7768360 shaper_sets=640
FLOW [proto@0x104c4949e] Rx - primary_channel_rx: baud_rate=0 high_carrier=1 carrier=1797.5Hz agc=0.00078 power=7772487 shaper_sets=640
FLOW [proto@0x104c4949e] Rx - primary_channel_rx: baud_rate=0 high_carrier=1 carrier=1797.4Hz agc=0.00078 power=7770687 shaper_sets=640
FLOW [proto@0x104c4949e] Rx - primary_channel_rx: baud_rate=0 high_carrier=1 carrier=1797.3Hz agc=0.00078 power=7771816 shaper_sets=640
FLOW [proto@0x104c4949e] Rx - Phase 3 Ja capture: emitted 26368 bits using hyp=0
FLOW [proto@0x104c4949e] Rx - primary_channel_rx: baud_rate=0 high_carrier=1 carrier=1797.2Hz agc=0.00078 power=7753742 shaper_sets=640
FLOW [proto@0x104c4949e] Rx - primary_channel_rx: baud_rate=0 high_carrier=1 carrier=1797.2Hz agc=0.00078 power=7765725 shaper_sets=640
FLOW [proto@0x104c4949e] Rx - primary_channel_rx: baud_rate=0 high_carrier=1 carrier=1797.3Hz agc=0.00078 power=7764466 shaper_sets=640
FLOW [proto@0x104c4949e] Rx - primary_channel_rx: baud_rate=0 high_carrier=1 carrier=1797.3Hz agc=0.00078 power=7763009 shaper_sets=640
FLOW [proto@0x104c4949e] Rx - Phase 3 WAIT_S heartbeat: dur=1280 demod=0 event=0 j_bits=26558 trn_bits=24516 trn_hint=0/75%
[ME] TX dump mark: sample=52800 rx_stage=10 tx_stage=55 mod=3
FLOW [proto@0x104c4949e] Rx - primary_channel_rx: baud_rate=0 high_carrier=1 carrier=1797.4Hz agc=0.00078 power=7762846 shaper_sets=640
FLOW [proto@0x104c4949e] Rx - Phase 3 TRN: best hyp=11 ones=18255/24576 (74%)
FLOW [proto@0x104c4949e] Rx - Phase 3 Ja parser input: hyp0 len=26624 bits (stage=10, need ~16340 to parse)
FLOW [proto@0x104c4949e] Rx - Phase 3 Ja capture: emitted 26624 bits using hyp=0
[ME] RX dump mark: sample=52800 rx_stage=10 tx_stage=55 mod=3 guard_db=-6.0 guard_valid=1
FLOW [proto@0x104c4949e] Rx - primary_channel_rx: baud_rate=0 high_carrier=1 carrier=1797.5Hz agc=0.00078 power=7762867 shaper_sets=640
FLOW [proto@0x104c4949e] Rx - primary_channel_rx: baud_rate=0 high_carrier=1 carrier=1797.5Hz agc=0.00078 power=7763644 shaper_sets=640
FLOW [proto@0x104c4949e] Rx - primary_channel_rx: baud_rate=0 high_carrier=1 carrier=1797.4Hz agc=0.00078 power=7759526 shaper_sets=640
FLOW [proto@0x104c4949e] Rx - primary_channel_rx: baud_rate=0 high_carrier=1 carrier=1797.3Hz agc=0.00078 power=7747674 shaper_sets=640
FLOW [proto@0x104c4949e] Rx - primary_channel_rx: baud_rate=0 high_carrier=1 carrier=1797.2Hz agc=0.00078 power=7769108 shaper_sets=640
FLOW [proto@0x104c4949e] Rx - primary_channel_rx: baud_rate=0 high_carrier=1 carrier=1797.2Hz agc=0.00078 power=7766551 shaper_sets=640
FLOW [proto@0x104c4949e] Rx - Phase 3 Ja capture: emitted 26880 bits using hyp=0
FLOW [proto@0x104c4949e] Rx - primary_channel_rx: baud_rate=0 high_carrier=1 carrier=1797.2Hz agc=0.00078 power=7776306 shaper_sets=640
FLOW [proto@0x104c4949e] Rx - primary_channel_rx: baud_rate=0 high_carrier=1 carrier=1797.3Hz agc=0.00078 power=7778851 shaper_sets=640
FLOW [proto@0x104c4949e] Rx - primary_channel_rx: baud_rate=0 high_carrier=1 carrier=1797.3Hz agc=0.00078 power=7777398 shaper_sets=640
FLOW [proto@0x104c4949e] Rx - Phase 3 WAIT_S heartbeat: dur=1536 demod=0 event=0 j_bits=27070 trn_bits=25028 trn_hint=0/75%
[ME] TX dump mark: sample=53600 rx_stage=10 tx_stage=55 mod=3
FLOW [proto@0x104c4949e] Rx - primary_channel_rx: baud_rate=0 high_carrier=1 carrier=1797.5Hz agc=0.00078 power=7772191 shaper_sets=640
[ME] RX dump mark: sample=53600 rx_stage=10 tx_stage=55 mod=3 guard_db=-6.0 guard_valid=1
FLOW [proto@0x104c4949e] Rx - primary_channel_rx: baud_rate=0 high_carrier=1 carrier=1797.6Hz agc=0.00078 power=7752163 shaper_sets=640
FLOW [proto@0x104c4949e] Rx - Phase 3 TRN: best hyp=9 ones=18632/25088 (74%)
FLOW [proto@0x104c4949e] Rx - Phase 3 Ja capture: emitted 27136 bits using hyp=0
[ME] TX path: state=3 mod=3 fax_active=0 v34=0x700020000 v22bis=0x0
FLOW [proto@0x104c4949e] Rx - primary_channel_rx: baud_rate=0 high_carrier=1 carrier=1797.4Hz agc=0.00078 power=7771657 shaper_sets=640
FLOW [proto@0x104c4949e] Rx - primary_channel_rx: baud_rate=0 high_carrier=1 carrier=1797.3Hz agc=0.00078 power=7773563 shaper_sets=640
FLOW [proto@0x104c4949e] Rx - primary_channel_rx: baud_rate=0 high_carrier=1 carrier=1797.2Hz agc=0.00078 power=7759377 shaper_sets=640
FLOW [proto@0x104c4949e] Rx - primary_channel_rx: baud_rate=0 high_carrier=1 carrier=1797.2Hz agc=0.00078 power=7732231 shaper_sets=640
FLOW [proto@0x104c4949e] Rx - primary_channel_rx: baud_rate=0 high_carrier=1 carrier=1797.2Hz agc=0.00078 power=7760098 shaper_sets=640
FLOW [proto@0x104c4949e] Rx - Phase 3 Ja capture: emitted 27392 bits using hyp=0
FLOW [proto@0x104c4949e] Rx - primary_channel_rx: baud_rate=0 high_carrier=1 carrier=1797.2Hz agc=0.00078 power=7735072 shaper_sets=640
FLOW [proto@0x104c4949e] Rx - primary_channel_rx: baud_rate=0 high_carrier=1 carrier=1797.3Hz agc=0.00078 power=7736355 shaper_sets=640
FLOW [proto@0x104c4949e] Rx - primary_channel_rx: baud_rate=0 high_carrier=1 carrier=1797.4Hz agc=0.00078 power=7736340 shaper_sets=640
[ME] TX dump mark: sample=54400 rx_stage=10 tx_stage=55 mod=3
FLOW [proto@0x104c4949e] Rx - primary_channel_rx: baud_rate=0 high_carrier=1 carrier=1797.5Hz agc=0.00078 power=7728072 shaper_sets=640
FLOW [proto@0x104c4949e] Rx - Phase 3 WAIT_S heartbeat: dur=1792 demod=0 event=0 j_bits=27582 trn_bits=25540 trn_hint=0/75%
[ME] RX dump mark: sample=54400 rx_stage=10 tx_stage=55 mod=3 guard_db=-6.0 guard_valid=1
FLOW [proto@0x104c4949e] Rx - primary_channel_rx: baud_rate=0 high_carrier=1 carrier=1797.4Hz agc=0.00078 power=7728692 shaper_sets=640
FLOW [proto@0x104c4949e] Rx - Phase 3 TRN: best hyp=9 ones=19011/25600 (74%)
FLOW [proto@0x104c4949e] Rx - primary_channel_rx: baud_rate=0 high_carrier=1 carrier=1797.3Hz agc=0.00078 power=7727996 shaper_sets=640
FLOW [proto@0x104c4949e] Rx - Phase 3 Ja capture: emitted 27648 bits using hyp=0
FLOW [proto@0x104c4949e] Rx - primary_channel_rx: baud_rate=0 high_carrier=1 carrier=1797.2Hz agc=0.00078 power=7728793 shaper_sets=640
FLOW [proto@0x104c4949e] Rx - primary_channel_rx: baud_rate=0 high_carrier=1 carrier=1797.2Hz agc=0.00078 power=7728787 shaper_sets=640
FLOW [proto@0x104c4949e] Rx - primary_channel_rx: baud_rate=0 high_carrier=1 carrier=1797.1Hz agc=0.00078 power=7732518 shaper_sets=640
FLOW [proto@0x104c4949e] Rx - primary_channel_rx: baud_rate=0 high_carrier=1 carrier=1797.2Hz agc=0.00078 power=7722895 shaper_sets=640
FLOW [proto@0x104c4949e] Rx - primary_channel_rx: baud_rate=0 high_carrier=1 carrier=1797.2Hz agc=0.00078 power=7730548 shaper_sets=640
FLOW [proto@0x104c4949e] Rx - Phase 3 Ja capture: emitted 27904 bits using hyp=0
FLOW [proto@0x104c4949e] Rx - primary_channel_rx: baud_rate=0 high_carrier=1 carrier=1797.3Hz agc=0.00078 power=7726367 shaper_sets=640
FLOW [proto@0x104c4949e] Rx - primary_channel_rx: baud_rate=0 high_carrier=1 carrier=1797.4Hz agc=0.00078 power=7727397 shaper_sets=640
FLOW [proto@0x104c4949e] Rx - Phase 3 S baud 2000: mag=1.010 data_bits=3 alt=0/32 stable=0 dom=3:32/32 rev=0/32 counts=0,0,0,32
[ME] TX dump mark: sample=55200 rx_stage=10 tx_stage=55 mod=3
FLOW [proto@0x104c4949e] Rx - primary_channel_rx: baud_rate=0 high_carrier=1 carrier=1797.4Hz agc=0.00078 power=7727133 shaper_sets=640
[ME] RX dump mark: sample=55200 rx_stage=10 tx_stage=55 mod=3 guard_db=-6.0 guard_valid=1
FLOW [proto@0x104c4949e] Rx - primary_channel_rx: baud_rate=0 high_carrier=1 carrier=1797.3Hz agc=0.00078 power=7732998 shaper_sets=640
FLOW [proto@0x104c4949e] Rx - Phase 3 WAIT_S heartbeat: dur=2048 demod=0 event=0 j_bits=28094 trn_bits=26052 trn_hint=0/75%
FLOW [proto@0x104c4949e] Rx - primary_channel_rx: baud_rate=0 high_carrier=1 carrier=1797.2Hz agc=0.00078 power=7733872 shaper_sets=640
FLOW [proto@0x104c4949e] Rx - Phase 3 TRN: best hyp=9 ones=19389/26112 (74%)
FLOW [proto@0x104c4949e] Rx - Phase 3 Ja capture: emitted 28160 bits using hyp=0
FLOW [proto@0x104c4949e] Rx - primary_channel_rx: baud_rate=0 high_carrier=1 carrier=1797.1Hz agc=0.00078 power=7764724 shaper_sets=640
FLOW [proto@0x104c4949e] Rx - primary_channel_rx: baud_rate=0 high_carrier=1 carrier=1797.1Hz agc=0.00078 power=7722429 shaper_sets=640
FLOW [proto@0x104c4949e] Rx - primary_channel_rx: baud_rate=0 high_carrier=1 carrier=1797.1Hz agc=0.00078 power=7774580 shaper_sets=640
FLOW [proto@0x104c4949e] Rx - primary_channel_rx: baud_rate=0 high_carrier=1 carrier=1797.2Hz agc=0.00078 power=7768041 shaper_sets=640
FLOW [proto@0x104c4949e] Rx - primary_channel_rx: baud_rate=0 high_carrier=1 carrier=1797.3Hz agc=0.00078 power=7705569 shaper_sets=640
FLOW [proto@0x104c4949e] Rx - primary_channel_rx: baud_rate=0 high_carrier=1 carrier=1797.4Hz agc=0.00078 power=7710740 shaper_sets=640
FLOW [proto@0x104c4949e] Rx - Phase 3 Ja capture: emitted 28416 bits using hyp=0
[ME] TX dump mark: sample=56000 rx_stage=10 tx_stage=55 mod=3
[ME] Training TX: RMS=0.0 (8000 samples)
FLOW [proto@0x104c4949e] Rx - primary_channel_rx: baud_rate=0 high_carrier=1 carrier=1797.4Hz agc=0.00078 power=7705526 shaper_sets=640
[ME] Training rx: RMS=2732.1 (8000 samples)
FLOW [proto@0x104c4949e] Rx - primary_channel_rx: baud_rate=0 high_carrier=1 carrier=1797.3Hz agc=0.00078 power=7711298 shaper_sets=640
[ME] RX dump mark: sample=56000 rx_stage=10 tx_stage=55 mod=3 guard_db=-6.0 guard_valid=1
FLOW [proto@0x104c4949e] Rx - primary_channel_rx: baud_rate=0 high_carrier=1 carrier=1797.2Hz agc=0.00078 power=7708110 shaper_sets=640
FLOW [proto@0x104c4949e] Rx - Phase 3 WAIT_S heartbeat: dur=2304 demod=0 event=0 j_bits=28606 trn_bits=26564 trn_hint=0/75%
FLOW [proto@0x104c4949e] Rx - primary_channel_rx: baud_rate=0 high_carrier=1 carrier=1797.1Hz agc=0.00078 power=7708929 shaper_sets=640
FLOW [proto@0x104c4949e] Rx - primary_channel_rx: baud_rate=0 high_carrier=1 carrier=1797.1Hz agc=0.00078 power=7710872 shaper_sets=640
FLOW [proto@0x104c4949e] Rx - Phase 3 TRN: best hyp=9 ones=19766/26624 (74%)
FLOW [proto@0x104c4949e] Rx - Phase 3 Ja parser input: hyp0 len=28672 bits (stage=10, need ~16340 to parse)
FLOW [proto@0x104c4949e] Rx - Phase 3 Ja capture: emitted 28672 bits using hyp=0
FLOW [proto@0x104c4949e] Rx - primary_channel_rx: baud_rate=0 high_carrier=1 carrier=1797.1Hz agc=0.00078 power=7724549 shaper_sets=640
FLOW [proto@0x104c4949e] Rx - primary_channel_rx: baud_rate=0 high_carrier=1 carrier=1797.1Hz agc=0.00078 power=7727755 shaper_sets=640
FLOW [proto@0x104c4949e] Rx - primary_channel_rx: baud_rate=0 high_carrier=1 carrier=1797.2Hz agc=0.00078 power=7728902 shaper_sets=640
FLOW [proto@0x104c4949e] Rx - primary_channel_rx: baud_rate=0 high_carrier=1 carrier=1797.4Hz agc=0.00078 power=7730796 shaper_sets=640
[ME] TX dump mark: sample=56800 rx_stage=10 tx_stage=55 mod=3
FLOW [proto@0x104c4949e] Rx - primary_channel_rx: baud_rate=0 high_carrier=1 carrier=1797.4Hz agc=0.00078 power=7728963 shaper_sets=640
FLOW [proto@0x104c4949e] Rx - Phase 3 Ja capture: emitted 28928 bits using hyp=0
FLOW [proto@0x104c4949e] Rx - primary_channel_rx: baud_rate=0 high_carrier=1 carrier=1797.3Hz agc=0.00078 power=7747332 shaper_sets=640
FLOW [proto@0x104c4949e] Rx - primary_channel_rx: baud_rate=0 high_carrier=1 carrier=1797.2Hz agc=0.00078 power=7728393 shaper_sets=640
[ME] RX dump mark: sample=56800 rx_stage=10 tx_stage=55 mod=3 guard_db=-6.0 guard_valid=1
FLOW [proto@0x104c4949e] Rx - primary_channel_rx: baud_rate=0 high_carrier=1 carrier=1797.1Hz agc=0.00078 power=7729143 shaper_sets=640
FLOW [proto@0x104c4949e] Rx - primary_channel_rx: baud_rate=0 high_carrier=1 carrier=1797.1Hz agc=0.00078 power=7744245 shaper_sets=640
FLOW [proto@0x104c4949e] Rx - Phase 3 WAIT_S heartbeat: dur=2560 demod=0 event=0 j_bits=29118 trn_bits=27076 trn_hint=0/75%
FLOW [proto@0x104c4949e] Rx - primary_channel_rx: baud_rate=0 high_carrier=1 carrier=1797.1Hz agc=0.00078 power=7735297 shaper_sets=640
FLOW [proto@0x104c4949e] Rx - Phase 3 TRN: best hyp=9 ones=20140/27136 (74%)
FLOW [proto@0x104c4949e] Rx - primary_channel_rx: baud_rate=0 high_carrier=1 carrier=1797.1Hz agc=0.00078 power=7739570 shaper_sets=640
FLOW [proto@0x104c4949e] Rx - Phase 3 Ja capture: emitted 29184 bits using hyp=0
FLOW [proto@0x104c4949e] Rx - primary_channel_rx: baud_rate=0 high_carrier=1 carrier=1797.2Hz agc=0.00078 power=7751844 shaper_sets=640
FLOW [proto@0x104c4949e] Rx - primary_channel_rx: baud_rate=0 high_carrier=1 carrier=1797.4Hz agc=0.00078 power=7744931 shaper_sets=640
FLOW [proto@0x104c4949e] Rx - primary_channel_rx: baud_rate=0 high_carrier=1 carrier=1797.4Hz agc=0.00078 power=7731307 shaper_sets=640
[ME] TX dump mark: sample=57600 rx_stage=10 tx_stage=55 mod=3
FLOW [proto@0x104c4949e] Rx - primary_channel_rx: baud_rate=0 high_carrier=1 carrier=1797.2Hz agc=0.00078 power=7733061 shaper_sets=640
FLOW [proto@0x104c4949e] Rx - primary_channel_rx: baud_rate=0 high_carrier=1 carrier=1797.1Hz agc=0.00078 power=7733990 shaper_sets=640
FLOW [proto@0x104c4949e] Rx - Phase 3 Ja capture: emitted 29440 bits using hyp=0
FLOW [proto@0x104c4949e] Rx - primary_channel_rx: baud_rate=0 high_carrier=1 carrier=1797.1Hz agc=0.00078 power=7741587 shaper_sets=640
[ME] RX dump mark: sample=57600 rx_stage=10 tx_stage=55 mod=3 guard_db=-6.0 guard_valid=1
FLOW [proto@0x104c4949e] Rx - primary_channel_rx: baud_rate=0 high_carrier=1 carrier=1797.1Hz agc=0.00078 power=7730650 shaper_sets=640
FLOW [proto@0x104c4949e] Rx - primary_channel_rx: baud_rate=0 high_carrier=1 carrier=1797.1Hz agc=0.00078 power=7719099 shaper_sets=640
FLOW [proto@0x104c4949e] Rx - primary_channel_rx: baud_rate=0 high_carrier=1 carrier=1797.1Hz agc=0.00078 power=7718042 shaper_sets=640
FLOW [proto@0x104c4949e] Rx - Phase 3 WAIT_S heartbeat: dur=2816 demod=0 event=0 j_bits=29630 trn_bits=27588 trn_hint=0/75%
FLOW [proto@0x104c4949e] Rx - primary_channel_rx: baud_rate=0 high_carrier=1 carrier=1797.2Hz agc=0.00078 power=7707373 shaper_sets=640
FLOW [proto@0x104c4949e] Rx - Phase 3 TRN: best hyp=9 ones=20519/27648 (74%)
FLOW [proto@0x104c4949e] Rx - Phase 3 Ja capture: emitted 29696 bits using hyp=0
FLOW [proto@0x104c4949e] Rx - primary_channel_rx: baud_rate=0 high_carrier=1 carrier=1797.4Hz agc=0.00078 power=7731933 shaper_sets=640
FLOW [proto@0x104c4949e] Rx - primary_channel_rx: baud_rate=0 high_carrier=1 carrier=1797.3Hz agc=0.00078 power=7716430 shaper_sets=640
FLOW [proto@0x104c4949e] Rx - primary_channel_rx: baud_rate=0 high_carrier=1 carrier=1797.2Hz agc=0.00078 power=7690279 shaper_sets=640
[ME] TX dump mark: sample=58400 rx_stage=10 tx_stage=55 mod=3
FLOW [proto@0x104c4949e] Rx - primary_channel_rx: baud_rate=0 high_carrier=1 carrier=1797.1Hz agc=0.00078 power=7720321 shaper_sets=640
FLOW [proto@0x104c4949e] Rx - primary_channel_rx: baud_rate=0 high_carrier=1 carrier=1797.0Hz agc=0.00078 power=7685717 shaper_sets=640
FLOW [proto@0x104c4949e] Rx - primary_channel_rx: baud_rate=0 high_carrier=1 carrier=1797.0Hz agc=0.00078 power=7679911 shaper_sets=640
FLOW [proto@0x104c4949e] Rx - Phase 3 Ja capture: emitted 29952 bits using hyp=0
FLOW [proto@0x104c4949e] Rx - Phase 3 S baud 3000: mag=0.989 data_bits=3 alt=0/32 stable=0 dom=3:32/32 rev=0/32 counts=0,0,0,32
[ME] RX dump mark: sample=58400 rx_stage=10 tx_stage=55 mod=3 guard_db=-6.0 guard_valid=1
FLOW [proto@0x104c4949e] Rx - primary_channel_rx: baud_rate=0 high_carrier=1 carrier=1797.0Hz agc=0.00078 power=7681775 shaper_sets=640
FLOW [proto@0x104c4949e] Rx - primary_channel_rx: baud_rate=0 high_carrier=1 carrier=1797.1Hz agc=0.00078 power=7670326 shaper_sets=640
FLOW [proto@0x104c4949e] Rx - primary_channel_rx: baud_rate=0 high_carrier=1 carrier=1797.2Hz agc=0.00078 power=7671226 shaper_sets=640
FLOW [proto@0x104c4949e] Rx - Phase 3 WAIT_S heartbeat: dur=3072 demod=0 event=0 j_bits=30142 trn_bits=28100 trn_hint=0/75%
FLOW [proto@0x104c4949e] Rx - primary_channel_rx: baud_rate=0 high_carrier=1 carrier=1797.3Hz agc=0.00078 power=7676786 shaper_sets=640
FLOW [proto@0x104c4949e] Rx - primary_channel_rx: baud_rate=0 high_carrier=1 carrier=1797.3Hz agc=0.00078 power=7692218 shaper_sets=640
FLOW [proto@0x104c4949e] Rx - Phase 3 TRN: best hyp=11 ones=20893/28160 (74%)
FLOW [proto@0x104c4949e] Rx - Phase 3 Ja capture: emitted 30208 bits using hyp=0
FLOW [proto@0x104c4949e] Rx - primary_channel_rx: baud_rate=0 high_carrier=1 carrier=1797.2Hz agc=0.00078 power=7697793 shaper_sets=640
FLOW [proto@0x104c4949e] Rx - primary_channel_rx: baud_rate=0 high_carrier=1 carrier=1797.1Hz agc=0.00078 power=7681073 shaper_sets=640
[ME] TX dump mark: sample=59200 rx_stage=10 tx_stage=55 mod=3
FLOW [proto@0x104c4949e] Rx - primary_channel_rx: baud_rate=0 high_carrier=1 carrier=1797.0Hz agc=0.00078 power=7699271 shaper_sets=640
FLOW [proto@0x104c4949e] Rx - primary_channel_rx: baud_rate=0 high_carrier=1 carrier=1797.0Hz agc=0.00078 power=7711765 shaper_sets=640
FLOW [proto@0x104c4949e] Rx - primary_channel_rx: baud_rate=0 high_carrier=1 carrier=1797.0Hz agc=0.00078 power=7706317 shaper_sets=640
FLOW [proto@0x104c4949e] Rx - Phase 3 Ja capture: emitted 30464 bits using hyp=0
[ME] RX dump mark: sample=59200 rx_stage=10 tx_stage=55 mod=3 guard_db=-6.0 guard_valid=1
FLOW [proto@0x104c4949e] Rx - primary_channel_rx: baud_rate=0 high_carrier=1 carrier=1797.1Hz agc=0.00078 power=7721581 shaper_sets=640
FLOW [proto@0x104c4949e] Rx - primary_channel_rx: baud_rate=0 high_carrier=1 carrier=1797.2Hz agc=0.00078 power=7706329 shaper_sets=640
FLOW [proto@0x104c4949e] Rx - primary_channel_rx: baud_rate=0 high_carrier=1 carrier=1797.4Hz agc=0.00078 power=7710228 shaper_sets=640
FLOW [proto@0x104c4949e] Rx - primary_channel_rx: baud_rate=0 high_carrier=1 carrier=1797.2Hz agc=0.00078 power=7726591 shaper_sets=640
FLOW [proto@0x104c4949e] Rx - Phase 3 WAIT_S heartbeat: dur=3328 demod=0 event=0 j_bits=30654 trn_bits=28612 trn_hint=0/75%
FLOW [proto@0x104c4949e] Rx - primary_channel_rx: baud_rate=0 high_carrier=1 carrier=1797.1Hz agc=0.00078 power=7767071 shaper_sets=640
FLOW [proto@0x104c4949e] Rx - Phase 3 TRN: best hyp=9 ones=21268/28672 (74%)
FLOW [proto@0x104c4949e] Rx - primary_channel_rx: baud_rate=0 high_carrier=1 carrier=1797.0Hz agc=0.00078 power=7768590 shaper_sets=640
FLOW [proto@0x104c4949e] Rx - Phase 3 Ja parser input: hyp0 len=30720 bits (stage=10, need ~16340 to parse)
FLOW [proto@0x104c4949e] Rx - Phase 3 Ja capture: emitted 30720 bits using hyp=0
FLOW [proto@0x104c4949e] Rx - primary_channel_rx: baud_rate=0 high_carrier=1 carrier=1797.0Hz agc=0.00078 power=7765086 shaper_sets=640
[ME] TX dump mark: sample=60000 rx_stage=10 tx_stage=55 mod=3
FLOW [proto@0x104c4949e] Rx - primary_channel_rx: baud_rate=0 high_carrier=1 carrier=1797.0Hz agc=0.00078 power=7745307 shaper_sets=640
FLOW [proto@0x104c4949e] Rx - primary_channel_rx: baud_rate=0 high_carrier=1 carrier=1797.0Hz agc=0.00078 power=7750591 shaper_sets=640
FLOW [proto@0x104c4949e] Rx - primary_channel_rx: baud_rate=0 high_carrier=1 carrier=1797.1Hz agc=0.00078 power=7719412 shaper_sets=640
[ME] RX dump mark: sample=60000 rx_stage=10 tx_stage=55 mod=3 guard_db=-6.0 guard_valid=1
FLOW [proto@0x104c4949e] Rx - primary_channel_rx: baud_rate=0 high_carrier=1 carrier=1797.2Hz agc=0.00078 power=7749090 shaper_sets=640
FLOW [proto@0x104c4949e] Rx - Phase 3 Ja capture: emitted 30976 bits using hyp=0
FLOW [proto@0x104c4949e] Rx - primary_channel_rx: baud_rate=0 high_carrier=1 carrier=1797.3Hz agc=0.00078 power=7724570 shaper_sets=640
FLOW [proto@0x104c4949e] Rx - primary_channel_rx: baud_rate=0 high_carrier=1 carrier=1797.1Hz agc=0.00078 power=7695357 shaper_sets=640
FLOW [proto@0x104c4949e] Rx - primary_channel_rx: baud_rate=0 high_carrier=1 carrier=1797.0Hz agc=0.00078 power=7721567 shaper_sets=640
FLOW [proto@0x104c4949e] Rx - primary_channel_rx: baud_rate=0 high_carrier=1 carrier=1797.0Hz agc=0.00078 power=7687187 shaper_sets=640
FLOW [proto@0x104c4949e] Rx - Phase 3 WAIT_S heartbeat: dur=3584 demod=0 event=0 j_bits=31166 trn_bits=29124 trn_hint=0/75%
FLOW [proto@0x104c4949e] Rx - primary_channel_rx: baud_rate=0 high_carrier=1 carrier=1796.9Hz agc=0.00078 power=7685311 shaper_sets=640
FLOW [proto@0x104c4949e] Rx - Phase 3 TRN: best hyp=9 ones=21645/29184 (74%)
FLOW [proto@0x104c4949e] Rx - Phase 3 Ja capture: emitted 31232 bits using hyp=0
FLOW [proto@0x104c4949e] Rx - primary_channel_rx: baud_rate=0 high_carrier=1 carrier=1797.0Hz agc=0.00078 power=7677992 shaper_sets=640
[ME] TX dump mark: sample=60800 rx_stage=10 tx_stage=55 mod=3
FLOW [proto@0x104c4949e] Rx - primary_channel_rx: baud_rate=0 high_carrier=1 carrier=1797.0Hz agc=0.00078 power=7681065 shaper_sets=640
FLOW [proto@0x104c4949e] Rx - primary_channel_rx: baud_rate=0 high_carrier=1 carrier=1797.1Hz agc=0.00078 power=7681701 shaper_sets=640
FLOW [proto@0x104c4949e] Rx - primary_channel_rx: baud_rate=0 high_carrier=1 carrier=1797.3Hz agc=0.00078 power=7680214 shaper_sets=640
[ME] RX dump mark: sample=60800 rx_stage=10 tx_stage=55 mod=3 guard_db=-6.0 guard_valid=1
FLOW [proto@0x104c4949e] Rx - primary_channel_rx: baud_rate=0 high_carrier=1 carrier=1797.2Hz agc=0.00078 power=7687329 shaper_sets=640
FLOW [proto@0x104c4949e] Rx - primary_channel_rx: baud_rate=0 high_carrier=1 carrier=1797.1Hz agc=0.00078 power=7687471 shaper_sets=640
FLOW [proto@0x104c4949e] Rx - Phase 3 Ja capture: emitted 31488 bits using hyp=0
FLOW [proto@0x104c4949e] Rx - primary_channel_rx: baud_rate=0 high_carrier=1 carrier=1797.0Hz agc=0.00078 power=7688014 shaper_sets=640
FLOW [proto@0x104c4949e] Rx - primary_channel_rx: baud_rate=0 high_carrier=1 carrier=1796.9Hz agc=0.00078 power=7693849 shaper_sets=640
FLOW [proto@0x104c4949e] Rx - primary_channel_rx: baud_rate=0 high_carrier=1 carrier=1796.9Hz agc=0.00078 power=7721346 shaper_sets=640
FLOW [proto@0x104c4949e] Rx - Phase 3 WAIT_S heartbeat: dur=3840 demod=0 event=0 j_bits=31678 trn_bits=29636 trn_hint=0/75%
FLOW [proto@0x104c4949e] Rx - primary_channel_rx: baud_rate=0 high_carrier=1 carrier=1797.0Hz agc=0.00078 power=7695168 shaper_sets=640
FLOW [proto@0x104c4949e] Rx - primary_channel_rx: baud_rate=0 high_carrier=1 carrier=1797.0Hz agc=0.00078 power=7723340 shaper_sets=640
FLOW [proto@0x104c4949e] Rx - Phase 3 TRN: best hyp=11 ones=22023/29696 (74%)
FLOW [proto@0x104c4949e] Rx - Phase 3 Ja capture: emitted 31744 bits using hyp=0
[ME] TX dump mark: sample=61600 rx_stage=10 tx_stage=55 mod=3
FLOW [proto@0x104c4949e] Rx - primary_channel_rx: baud_rate=0 high_carrier=1 carrier=1797.2Hz agc=0.00078 power=7723674 shaper_sets=640
FLOW [proto@0x104c4949e] Rx - primary_channel_rx: baud_rate=0 high_carrier=1 carrier=1797.2Hz agc=0.00078 power=7720752 shaper_sets=640
[ME] TX path: state=3 mod=3 fax_active=0 v34=0x700020000 v22bis=0x0
[ME] DIAG: cr_update calls=700 phase_err=0.040 samples
FLOW [proto@0x104c4949e] Rx - primary_channel_rx: baud_rate=0 high_carrier=1 carrier=1797.1Hz agc=0.00078 power=7720878 shaper_sets=640
[ME] RX dump mark: sample=61600 rx_stage=10 tx_stage=55 mod=3 guard_db=-6.0 guard_valid=1
FLOW [proto@0x104c4949e] Rx - primary_channel_rx: baud_rate=0 high_carrier=1 carrier=1797.0Hz agc=0.00078 power=7724263 shaper_sets=640
FLOW [proto@0x104c4949e] Rx - primary_channel_rx: baud_rate=0 high_carrier=1 carrier=1796.9Hz agc=0.00078 power=7721202 shaper_sets=640
FLOW [proto@0x104c4949e] Rx - Phase 3 S baud 4000: mag=1.004 data_bits=3 alt=0/32 stable=0 dom=3:32/32 rev=0/32 counts=0,0,0,32
FLOW [proto@0x104c4949e] Rx - Phase 3 Ja capture: emitted 32000 bits using hyp=0
FLOW [proto@0x104c4949e] Rx - primary_channel_rx: baud_rate=0 high_carrier=1 carrier=1796.9Hz agc=0.00078 power=7724171 shaper_sets=640
FLOW [proto@0x104c4949e] Rx - primary_channel_rx: baud_rate=0 high_carrier=1 carrier=1796.9Hz agc=0.00078 power=7687941 shaper_sets=640
FLOW [proto@0x104c4949e] Rx - primary_channel_rx: baud_rate=0 high_carrier=1 carrier=1797.0Hz agc=0.00078 power=7673636 shaper_sets=640
FLOW [proto@0x104c4949e] Rx - primary_channel_rx: baud_rate=0 high_carrier=1 carrier=1797.1Hz agc=0.00078 power=7686186 shaper_sets=640
FLOW [proto@0x104c4949e] Rx - Phase 3 WAIT_S heartbeat: dur=4096 demod=0 event=0 j_bits=32190 trn_bits=30148 trn_hint=0/75%
FLOW [proto@0x104c4949e] Rx - primary_channel_rx: baud_rate=0 high_carrier=1 carrier=1797.2Hz agc=0.00078 power=7668309 shaper_sets=640
FLOW [proto@0x104c4949e] Rx - Phase 3 TRN: best hyp=11 ones=22394/30208 (74%)
[ME] TX dump mark: sample=62400 rx_stage=10 tx_stage=55 mod=3
FLOW [proto@0x104c4949e] Rx - primary_channel_rx: baud_rate=0 high_carrier=1 carrier=1797.1Hz agc=0.00078 power=7669422 shaper_sets=640
FLOW [proto@0x104c4949e] Rx - Phase 3 Ja capture: emitted 32256 bits using hyp=0
FLOW [proto@0x104c4949e] Rx - primary_channel_rx: baud_rate=0 high_carrier=1 carrier=1797.0Hz agc=0.00078 power=7687405 shaper_sets=640
FLOW [proto@0x104c4949e] Rx - primary_channel_rx: baud_rate=0 high_carrier=1 carrier=1796.9Hz agc=0.00078 power=7720286 shaper_sets=640
[ME] RX dump mark: sample=62400 rx_stage=10 tx_stage=55 mod=3 guard_db=-6.0 guard_valid=1
FLOW [proto@0x104c4949e] Rx - primary_channel_rx: baud_rate=0 high_carrier=1 carrier=1796.9Hz agc=0.00078 power=7717693 shaper_sets=640
FLOW [proto@0x104c4949e] Rx - primary_channel_rx: baud_rate=0 high_carrier=1 carrier=1796.9Hz agc=0.00078 power=7718003 shaper_sets=640
FLOW [proto@0x104c4949e] Rx - primary_channel_rx: baud_rate=0 high_carrier=1 carrier=1796.9Hz agc=0.00078 power=7719609 shaper_sets=640
FLOW [proto@0x104c4949e] Rx - Phase 3 Ja capture: emitted 32512 bits using hyp=0
FLOW [proto@0x104c4949e] Rx - primary_channel_rx: baud_rate=0 high_carrier=1 carrier=1797.0Hz agc=0.00078 power=7716574 shaper_sets=640
FLOW [proto@0x104c4949e] Rx - primary_channel_rx: baud_rate=0 high_carrier=1 carrier=1797.1Hz agc=0.00078 power=7708664 shaper_sets=640
FLOW [proto@0x104c4949e] Rx - primary_channel_rx: baud_rate=0 high_carrier=1 carrier=1797.1Hz agc=0.00078 power=7708019 shaper_sets=640
FLOW [proto@0x104c4949e] Rx - primary_channel_rx: baud_rate=0 high_carrier=1 carrier=1797.0Hz agc=0.00078 power=7708018 shaper_sets=640
FLOW [proto@0x104c4949e] Rx - Phase 3 WAIT_S heartbeat: dur=4352 demod=0 event=0 j_bits=32702 trn_bits=30660 trn_hint=0/75%
[ME] TX dump mark: sample=63200 rx_stage=10 tx_stage=55 mod=3
FLOW [proto@0x104c4949e] Rx - primary_channel_rx: baud_rate=0 high_carrier=1 carrier=1796.9Hz agc=0.00078 power=7709132 shaper_sets=640
FLOW [proto@0x104c4949e] Rx - Phase 3 TRN: best hyp=11 ones=22772/30720 (74%)
FLOW [proto@0x104c4949e] Rx - Phase 3 Ja parser input: hyp0 len=32768 bits (stage=10, need ~16340 to parse)
FLOW [proto@0x104c4949e] Rx - Phase 3 Ja capture: emitted 32768 bits using hyp=0
FLOW [proto@0x104c4949e] Rx - primary_channel_rx: baud_rate=0 high_carrier=1 carrier=1796.9Hz agc=0.00078 power=7708307 shaper_sets=640
FLOW [proto@0x104c4949e] Rx - primary_channel_rx: baud_rate=0 high_carrier=1 carrier=1796.9Hz agc=0.00078 power=7730944 shaper_sets=640
[ME] RX dump mark: sample=63200 rx_stage=10 tx_stage=55 mod=3 guard_db=-6.0 guard_valid=1
FLOW [proto@0x104c4949e] Rx - primary_channel_rx: baud_rate=0 high_carrier=1 carrier=1796.9Hz agc=0.00078 power=7731060 shaper_sets=640
FLOW [proto@0x104c4949e] Rx - primary_channel_rx: baud_rate=0 high_carrier=1 carrier=1797.0Hz agc=0.00078 power=7731017 shaper_sets=640
FLOW [proto@0x104c4949e] Rx - primary_channel_rx: baud_rate=0 high_carrier=1 carrier=1797.1Hz agc=0.00078 power=7730216 shaper_sets=640
FLOW [proto@0x104c4949e] Rx - primary_channel_rx: baud_rate=0 high_carrier=1 carrier=1797.2Hz agc=0.00078 power=7731232 shaper_sets=640
FLOW [proto@0x104c4949e] Rx - Phase 3 Ja capture: emitted 33024 bits using hyp=0
FLOW [proto@0x104c4949e] Rx - primary_channel_rx: baud_rate=0 high_carrier=1 carrier=1797.0Hz agc=0.00078 power=7730343 shaper_sets=640
FLOW [proto@0x104c4949e] Rx - primary_channel_rx: baud_rate=0 high_carrier=1 carrier=1796.9Hz agc=0.00078 power=7732271 shaper_sets=640
FLOW [proto@0x104c4949e] Rx - primary_channel_rx: baud_rate=0 high_carrier=1 carrier=1796.9Hz agc=0.00078 power=7731109 shaper_sets=640
FLOW [proto@0x104c4949e] Rx - Phase 3 WAIT_S heartbeat: dur=4608 demod=0 event=0 j_bits=33214 trn_bits=31172 trn_hint=0/75%
[ME] TX dump mark: sample=64000 rx_stage=10 tx_stage=55 mod=3
[ME] Training TX: RMS=0.0 (8000 samples)
FLOW [proto@0x104c4949e] Rx - primary_channel_rx: baud_rate=0 high_carrier=1 carrier=1796.8Hz agc=0.00078 power=7730224 shaper_sets=640
FLOW [proto@0x104c4949e] Rx - primary_channel_rx: baud_rate=0 high_carrier=1 carrier=1796.9Hz agc=0.00078 power=7730209 shaper_sets=640
FLOW [proto@0x104c4949e] Rx - Phase 3 TRN: best hyp=11 ones=23149/31232 (74%)
FLOW [proto@0x104c4949e] Rx - Phase 3 Ja capture: emitted 33280 bits using hyp=0
[ME] Training rx: RMS=2729.3 (8000 samples)
FLOW [proto@0x104c4949e] Rx - primary_channel_rx: baud_rate=0 high_carrier=1 carrier=1796.9Hz agc=0.00078 power=7730069 shaper_sets=640
[ME] RX dump mark: sample=64000 rx_stage=10 tx_stage=55 mod=3 guard_db=-6.0 guard_valid=1
FLOW [proto@0x104c4949e] Rx - primary_channel_rx: baud_rate=0 high_carrier=1 carrier=1797.0Hz agc=0.00078 power=7730149 shaper_sets=640
FLOW [proto@0x104c4949e] Rx - primary_channel_rx: baud_rate=0 high_carrier=1 carrier=1797.2Hz agc=0.00078 power=7728162 shaper_sets=640
FLOW [proto@0x104c4949e] Rx - primary_channel_rx: baud_rate=0 high_carrier=1 carrier=1797.0Hz agc=0.00078 power=7735305 shaper_sets=640
FLOW [proto@0x104c4949e] Rx - primary_channel_rx: baud_rate=0 high_carrier=1 carrier=1796.9Hz agc=0.00078 power=7728163 shaper_sets=640
FLOW [proto@0x104c4949e] Rx - Phase 3 Ja capture: emitted 33536 bits using hyp=0
FLOW [proto@0x104c4949e] Rx - primary_channel_rx: baud_rate=0 high_carrier=1 carrier=1796.9Hz agc=0.00078 power=7732378 shaper_sets=640
FLOW [proto@0x104c4949e] Rx - primary_channel_rx: baud_rate=0 high_carrier=1 carrier=1796.8Hz agc=0.00078 power=7736242 shaper_sets=640
FLOW [proto@0x104c4949e] Rx - primary_channel_rx: baud_rate=0 high_carrier=1 carrier=1796.8Hz agc=0.00078 power=7732845 shaper_sets=640
[ME] TX dump mark: sample=64800 rx_stage=10 tx_stage=55 mod=3
FLOW [proto@0x104c4949e] Rx - primary_channel_rx: baud_rate=0 high_carrier=1 carrier=1796.9Hz agc=0.00078 power=7732934 shaper_sets=640
FLOW [proto@0x104c4949e] Rx - Phase 3 WAIT_S heartbeat: dur=4864 demod=0 event=0 j_bits=33726 trn_bits=31684 trn_hint=0/75%
FLOW [proto@0x104c4949e] Rx - primary_channel_rx: baud_rate=0 high_carrier=1 carrier=1797.0Hz agc=0.00078 power=7732395 shaper_sets=640
FLOW [proto@0x104c4949e] Rx - Phase 3 TRN: best hyp=11 ones=23527/31744 (74%)
FLOW [proto@0x104c4949e] Rx - primary_channel_rx: baud_rate=0 high_carrier=1 carrier=1797.1Hz agc=0.00078 power=7732325 shaper_sets=640
FLOW [proto@0x104c4949e] Rx - Phase 3 Ja capture: emitted 33792 bits using hyp=0
[ME] RX dump mark: sample=64800 rx_stage=10 tx_stage=55 mod=3 guard_db=-6.0 guard_valid=1
FLOW [proto@0x104c4949e] Rx - primary_channel_rx: baud_rate=0 high_carrier=1 carrier=1797.0Hz agc=0.00078 power=7732661 shaper_sets=640
FLOW [proto@0x104c4949e] Rx - primary_channel_rx: baud_rate=0 high_carrier=1 carrier=1796.9Hz agc=0.00078 power=7714025 shaper_sets=640
FLOW [proto@0x104c4949e] Rx - primary_channel_rx: baud_rate=0 high_carrier=1 carrier=1796.8Hz agc=0.00078 power=7711775 shaper_sets=640
FLOW [proto@0x104c4949e] Rx - primary_channel_rx: baud_rate=0 high_carrier=1 carrier=1796.8Hz agc=0.00078 power=7715012 shaper_sets=640
FLOW [proto@0x104c4949e] Rx - Phase 3 S baud 5000: mag=1.018 data_bits=3 alt=0/32 stable=0 dom=3:32/32 rev=0/32 counts=0,0,0,32
FLOW [proto@0x104c4949e] Rx - primary_channel_rx: baud_rate=0 high_carrier=1 carrier=1796.8Hz agc=0.00078 power=7714996 shaper_sets=640
FLOW [proto@0x104c4949e] Rx - Phase 3 Ja capture: emitted 34048 bits using hyp=0
FLOW [proto@0x104c4949e] Rx - primary_channel_rx: baud_rate=0 high_carrier=1 carrier=1796.9Hz agc=0.00078 power=7752184 shaper_sets=640
FLOW [proto@0x104c4949e] Rx - primary_channel_rx: baud_rate=0 high_carrier=1 carrier=1796.9Hz agc=0.00078 power=7717140 shaper_sets=640
[ME] TX dump mark: sample=65600 rx_stage=10 tx_stage=55 mod=3
FLOW [proto@0x104c4949e] Rx - primary_channel_rx: baud_rate=0 high_carrier=1 carrier=1797.1Hz agc=0.00078 power=7753504 shaper_sets=640
FLOW [proto@0x104c4949e] Rx - primary_channel_rx: baud_rate=0 high_carrier=1 carrier=1797.0Hz agc=0.00078 power=7719551 shaper_sets=640
FLOW [proto@0x104c4949e] Rx - Phase 3 WAIT_S heartbeat: dur=5120 demod=0 event=0 j_bits=34238 trn_bits=32196 trn_hint=0/75%
FLOW [proto@0x104c4949e] Rx - primary_channel_rx: baud_rate=0 high_carrier=1 carrier=1796.9Hz agc=0.00078 power=7749521 shaper_sets=640
FLOW [proto@0x104c4949e] Rx - Phase 3 TRN: best hyp=11 ones=23900/32256 (74%)
FLOW [proto@0x104c4949e] Rx - Phase 3 Ja capture: emitted 34304 bits using hyp=0
[ME] RX dump mark: sample=65600 rx_stage=10 tx_stage=55 mod=3 guard_db=-6.0 guard_valid=1
FLOW [proto@0x104c4949e] Rx - primary_channel_rx: baud_rate=0 high_carrier=1 carrier=1796.8Hz agc=0.00078 power=7750390 shaper_sets=640
FLOW [proto@0x104c4949e] Rx - primary_channel_rx: baud_rate=0 high_carrier=1 carrier=1796.8Hz agc=0.00078 power=7760194 shaper_sets=640
FLOW [proto@0x104c4949e] Rx - primary_channel_rx: baud_rate=0 high_carrier=1 carrier=1796.8Hz agc=0.00078 power=7753721 shaper_sets=640
FLOW [proto@0x104c4949e] Rx - primary_channel_rx: baud_rate=0 high_carrier=1 carrier=1796.8Hz agc=0.00078 power=7736145 shaper_sets=640
FLOW [proto@0x104c4949e] Rx - primary_channel_rx: baud_rate=0 high_carrier=1 carrier=1796.9Hz agc=0.00078 power=7741964 shaper_sets=640
FLOW [proto@0x104c4949e] Rx - primary_channel_rx: baud_rate=0 high_carrier=1 carrier=1797.0Hz agc=0.00078 power=7767185 shaper_sets=640
FLOW [proto@0x104c4949e] Rx - Phase 3 Ja capture: emitted 34560 bits using hyp=0
FLOW [proto@0x104c4949e] Rx - primary_channel_rx: baud_rate=0 high_carrier=1 carrier=1797.0Hz agc=0.00078 power=7767409 shaper_sets=640
[ME] TX dump mark: sample=66400 rx_stage=10 tx_stage=55 mod=3
FLOW [proto@0x104c4949e] Rx - primary_channel_rx: baud_rate=0 high_carrier=1 carrier=1796.9Hz agc=0.00078 power=7741792 shaper_sets=640
FLOW [proto@0x104c4949e] Rx - primary_channel_rx: baud_rate=0 high_carrier=1 carrier=1796.8Hz agc=0.00078 power=7772693 shaper_sets=640
FLOW [proto@0x104c4949e] Rx - Phase 3 WAIT_S heartbeat: dur=5376 demod=0 event=0 j_bits=34750 trn_bits=32708 trn_hint=0/75%
FLOW [proto@0x104c4949e] Rx - primary_channel_rx: baud_rate=0 high_carrier=1 carrier=1796.7Hz agc=0.00078 power=7767544 shaper_sets=640
[ME] RX dump mark: sample=66400 rx_stage=10 tx_stage=55 mod=3 guard_db=-6.0 guard_valid=1
FLOW [proto@0x104c4949e] Rx - primary_channel_rx: baud_rate=0 high_carrier=1 carrier=1796.7Hz agc=0.00078 power=7787449 shaper_sets=640
FLOW [proto@0x104c4949e] Rx - Phase 3 TRN: best hyp=11 ones=24277/32768 (74%)
FLOW [proto@0x104c4949e] Rx - Phase 3 Ja parser input: hyp0 len=34816 bits (stage=10, need ~16340 to parse)
FLOW [proto@0x104c4949e] Rx - Phase 3 Ja capture: emitted 34816 bits using hyp=0
FLOW [proto@0x104c4949e] Rx - primary_channel_rx: baud_rate=0 high_carrier=1 carrier=1796.8Hz agc=0.00078 power=7785771 shaper_sets=640
FLOW [proto@0x104c4949e] Rx - primary_channel_rx: baud_rate=0 high_carrier=1 carrier=1796.9Hz agc=0.00078 power=7783297 shaper_sets=640
FLOW [proto@0x104c4949e] Rx - primary_channel_rx: baud_rate=0 high_carrier=1 carrier=1797.0Hz agc=0.00078 power=7787864 shaper_sets=640
FLOW [proto@0x104c4949e] Rx - primary_channel_rx: baud_rate=0 high_carrier=1 carrier=1797.0Hz agc=0.00078 power=7783790 shaper_sets=640
FLOW [proto@0x104c4949e] Rx - primary_channel_rx: baud_rate=0 high_carrier=1 carrier=1796.8Hz agc=0.00078 power=7781931 shaper_sets=640
FLOW [proto@0x104c4949e] Rx - Phase 3 Ja capture: emitted 35072 bits using hyp=0
FLOW [proto@0x104c4949e] Rx - primary_channel_rx: baud_rate=0 high_carrier=1 carrier=1796.8Hz agc=0.00078 power=7775681 shaper_sets=640
[ME] TX dump mark: sample=67200 rx_stage=10 tx_stage=55 mod=3
FLOW [proto@0x104c4949e] Rx - primary_channel_rx: baud_rate=0 high_carrier=1 carrier=1796.7Hz agc=0.00078 power=7781467 shaper_sets=640
FLOW [proto@0x104c4949e] Rx - primary_channel_rx: baud_rate=0 high_carrier=1 carrier=1796.7Hz agc=0.00078 power=7785558 shaper_sets=640
FLOW [proto@0x104c4949e] Rx - primary_channel_rx: baud_rate=0 high_carrier=1 carrier=1796.8Hz agc=0.00078 power=7775141 shaper_sets=640
FLOW [proto@0x104c4949e] Rx - Phase 3 WAIT_S heartbeat: dur=5632 demod=0 event=0 j_bits=35262 trn_bits=33220 trn_hint=0/75%
[ME] RX dump mark: sample=67200 rx_stage=10 tx_stage=55 mod=3 guard_db=-6.0 guard_valid=1
FLOW [proto@0x104c4949e] Rx - primary_channel_rx: baud_rate=0 high_carrier=1 carrier=1796.9Hz agc=0.00078 power=7769608 shaper_sets=640
FLOW [proto@0x104c4949e] Rx - Phase 3 TRN: best hyp=11 ones=24655/33280 (74%)
FLOW [proto@0x104c4949e] Rx - primary_channel_rx: baud_rate=0 high_carrier=1 carrier=1797.0Hz agc=0.00078 power=7776966 shaper_sets=640
FLOW [proto@0x104c4949e] Rx - Phase 3 Ja capture: emitted 35328 bits using hyp=0
FLOW [proto@0x104c4949e] Rx - primary_channel_rx: baud_rate=0 high_carrier=1 carrier=1796.9Hz agc=0.00078 power=7777495 shaper_sets=640
FLOW [proto@0x104c4949e] Rx - primary_channel_rx: baud_rate=0 high_carrier=1 carrier=1796.8Hz agc=0.00078 power=7774150 shaper_sets=640
FLOW [proto@0x104c4949e] Rx - primary_channel_rx: baud_rate=0 high_carrier=1 carrier=1796.7Hz agc=0.00078 power=7786636 shaper_sets=640
FLOW [proto@0x104c4949e] Rx - primary_channel_rx: baud_rate=0 high_carrier=1 carrier=1796.7Hz agc=0.00078 power=7763806 shaper_sets=640
FLOW [proto@0x104c4949e] Rx - primary_channel_rx: baud_rate=0 high_carrier=1 carrier=1796.7Hz agc=0.00078 power=7783048 shaper_sets=640
FLOW [proto@0x104c4949e] Rx - Phase 3 Ja capture: emitted 35584 bits using hyp=0
[ME] TX dump mark: sample=68000 rx_stage=10 tx_stage=55 mod=3
FLOW [proto@0x104c4949e] Rx - primary_channel_rx: baud_rate=0 high_carrier=1 carrier=1796.8Hz agc=0.00078 power=7766083 shaper_sets=640
FLOW [proto@0x104c4949e] Rx - primary_channel_rx: baud_rate=0 high_carrier=1 carrier=1796.9Hz agc=0.00078 power=7760570 shaper_sets=640
FLOW [proto@0x104c4949e] Rx - primary_channel_rx: baud_rate=0 high_carrier=1 carrier=1797.0Hz agc=0.00078 power=7726909 shaper_sets=640
[ME] RX dump mark: sample=68000 rx_stage=10 tx_stage=55 mod=3 guard_db=-6.0 guard_valid=1
FLOW [proto@0x104c4949e] Rx - primary_channel_rx: baud_rate=0 high_carrier=1 carrier=1796.9Hz agc=0.00078 power=7726897 shaper_sets=640
FLOW [proto@0x104c4949e] Rx - Phase 3 WAIT_S heartbeat: dur=5888 demod=0 event=0 j_bits=35774 trn_bits=33732 trn_hint=0/75%
FLOW [proto@0x104c4949e] Rx - primary_channel_rx: baud_rate=0 high_carrier=1 carrier=1796.8Hz agc=0.00078 power=7726163 shaper_sets=640
FLOW [proto@0x104c4949e] Rx - Phase 3 TRN: best hyp=11 ones=25025/33792 (74%)
FLOW [proto@0x104c4949e] Rx - Phase 3 Ja capture: emitted 35840 bits using hyp=0
FLOW [proto@0x104c4949e] Rx - primary_channel_rx: baud_rate=0 high_carrier=1 carrier=1796.7Hz agc=0.00078 power=7718246 shaper_sets=640
FLOW [proto@0x104c4949e] Rx - primary_channel_rx: baud_rate=0 high_carrier=1 carrier=1796.7Hz agc=0.00078 power=7727863 shaper_sets=640
FLOW [proto@0x104c4949e] Rx - primary_channel_rx: baud_rate=0 high_carrier=1 carrier=1796.7Hz agc=0.00078 power=7741021 shaper_sets=640
FLOW [proto@0x104c4949e] Rx - Phase 3 S baud 6000: mag=0.999 data_bits=3 alt=0/32 stable=0 dom=3:32/32 rev=0/32 counts=0,0,0,32
FLOW [proto@0x104c4949e] Rx - Phase 3: S detect timeout (6000 bauds, alt=0/32 rev=0/32, j_bits=36000 trn_bits=33958 trn_hint=0/75%), continuing search
FLOW [proto@0x104c4949e] Rx - primary_channel_rx: baud_rate=0 high_carrier=1 carrier=1796.8Hz agc=0.00078 power=7736929 shaper_sets=640
FLOW [proto@0x104c4949e] Rx - Phase 3 WAIT_S heartbeat: dur=1 demod=0 event=0 j_bits=36000 trn_bits=33958 trn_hint=0/75%
FLOW [proto@0x104c4949e] Rx - Phase 3 S baud 1: mag=1.007 data_bits=3 alt=0/32 stable=0 dom=3:1/32 rev=0/32 counts=0,0,0,1
FLOW [proto@0x104c4949e] Rx - Phase 3 S baud 2: mag=1.025 data_bits=3 alt=0/32 stable=0 dom=3:2/32 rev=0/32 counts=0,0,0,2
FLOW [proto@0x104c4949e] Rx - Phase 3 S baud 3: mag=0.976 data_bits=3 alt=0/32 stable=0 dom=3:3/32 rev=0/32 counts=0,0,0,3
FLOW [proto@0x104c4949e] Rx - Phase 3 S baud 4: mag=0.995 data_bits=3 alt=0/32 stable=0 dom=3:4/32 rev=0/32 counts=0,0,0,4
FLOW [proto@0x104c4949e] Rx - primary_channel_rx: baud_rate=0 high_carrier=1 carrier=1796.9Hz agc=0.00078 power=7743334 shaper_sets=640
[ME] TX dump mark: sample=68800 rx_stage=10 tx_stage=55 mod=3
FLOW [proto@0x104c4949e] Rx - primary_channel_rx: baud_rate=0 high_carrier=1 carrier=1797.0Hz agc=0.00078 power=7737764 shaper_sets=640
FLOW [proto@0x104c4949e] Rx - Phase 3 Ja capture: emitted 36096 bits using hyp=0
FLOW [proto@0x104c4949e] Rx - primary_channel_rx: baud_rate=0 high_carrier=1 carrier=1796.8Hz agc=0.00078 power=7737974 shaper_sets=640
FLOW [proto@0x104c4949e] Rx - primary_channel_rx: baud_rate=0 high_carrier=1 carrier=1796.7Hz agc=0.00078 power=7735990 shaper_sets=640
[ME] RX dump mark: sample=68800 rx_stage=10 tx_stage=55 mod=3 guard_db=-6.0 guard_valid=1
FLOW [proto@0x104c4949e] Rx - primary_channel_rx: baud_rate=0 high_carrier=1 carrier=1796.7Hz agc=0.00078 power=7692209 shaper_sets=640
FLOW [proto@0x104c4949e] Rx - primary_channel_rx: baud_rate=0 high_carrier=1 carrier=1796.7Hz agc=0.00078 power=7731498 shaper_sets=640
FLOW [proto@0x104c4949e] Rx - primary_channel_rx: baud_rate=0 high_carrier=1 carrier=1796.7Hz agc=0.00078 power=7692100 shaper_sets=640
FLOW [proto@0x104c4949e] Rx - Phase 3 Ja capture: emitted 36352 bits using hyp=0
FLOW [proto@0x104c4949e] Rx - primary_channel_rx: baud_rate=0 high_carrier=1 carrier=1796.8Hz agc=0.00078 power=7687962 shaper_sets=640
FLOW [proto@0x104c4949e] Rx - primary_channel_rx: baud_rate=0 high_carrier=1 carrier=1796.9Hz agc=0.00078 power=7689546 shaper_sets=640
FLOW [proto@0x104c4949e] Rx - primary_channel_rx: baud_rate=0 high_carrier=1 carrier=1796.9Hz agc=0.00078 power=7686715 shaper_sets=640
FLOW [proto@0x104c4949e] Rx - Phase 3 WAIT_S heartbeat: dur=256 demod=0 event=0 j_bits=36510 trn_bits=33958 trn_hint=0/75%
FLOW [proto@0x104c4949e] Rx - primary_channel_rx: baud_rate=0 high_carrier=1 carrier=1796.8Hz agc=0.00078 power=7693722 shaper_sets=640
[ME] TX dump mark: sample=69600 rx_stage=10 tx_stage=55 mod=3
FLOW [proto@0x104c4949e] Rx - primary_channel_rx: baud_rate=0 high_carrier=1 carrier=1796.7Hz agc=0.00078 power=7675871 shaper_sets=640
FLOW [proto@0x104c4949e] Rx - Phase 3 Ja capture: emitted 36608 bits using hyp=0
FLOW [proto@0x104c4949e] Rx - primary_channel_rx: baud_rate=0 high_carrier=1 carrier=1796.7Hz agc=0.00078 power=7685244 shaper_sets=640
[ME] TX path: state=3 mod=3 fax_active=0 v34=0x700020000 v22bis=0x0
FLOW [proto@0x104c4949e] Rx - primary_channel_rx: baud_rate=0 high_carrier=1 carrier=1796.7Hz agc=0.00078 power=7686142 shaper_sets=640
[ME] RX dump mark: sample=69600 rx_stage=10 tx_stage=55 mod=3 guard_db=-6.0 guard_valid=1
FLOW [proto@0x104c4949e] Rx - primary_channel_rx: baud_rate=0 high_carrier=1 carrier=1796.7Hz agc=0.00078 power=7683152 shaper_sets=640
FLOW [proto@0x104c4949e] Rx - primary_channel_rx: baud_rate=0 high_carrier=1 carrier=1796.8Hz agc=0.00078 power=7696289 shaper_sets=640
FLOW [proto@0x104c4949e] Rx - primary_channel_rx: baud_rate=0 high_carrier=1 carrier=1796.9Hz agc=0.00078 power=7683496 shaper_sets=640
FLOW [proto@0x104c4949e] Rx - Phase 3 TRN: best hyp=11 ones=25400/34304 (74%)
FLOW [proto@0x104c4949e] Rx - primary_channel_rx: baud_rate=0 high_carrier=1 carrier=1796.9Hz agc=0.00078 power=7672772 shaper_sets=640
FLOW [proto@0x104c4949e] Rx - Phase 3 Ja parser input: hyp0 len=36864 bits (stage=10, need ~16340 to parse)
FLOW [proto@0x104c4949e] Rx - Phase 3 Ja capture: emitted 36864 bits using hyp=0
FLOW [proto@0x104c4949e] Rx - primary_channel_rx: baud_rate=0 high_carrier=1 carrier=1796.8Hz agc=0.00078 power=7661002 shaper_sets=640
FLOW [proto@0x104c4949e] Rx - primary_channel_rx: baud_rate=0 high_carrier=1 carrier=1796.7Hz agc=0.00078 power=7672011 shaper_sets=640
FLOW [proto@0x104c4949e] Rx - primary_channel_rx: baud_rate=0 high_carrier=1 carrier=1796.6Hz agc=0.00078 power=7673686 shaper_sets=640
FLOW [proto@0x104c4949e] Rx - Phase 3 WAIT_S heartbeat: dur=512 demod=0 event=0 j_bits=37022 trn_bits=34470 trn_hint=0/75%
[ME] TX dump mark: sample=70400 rx_stage=10 tx_stage=55 mod=3
FLOW [proto@0x104c4949e] Rx - primary_channel_rx: baud_rate=0 high_carrier=1 carrier=1796.7Hz agc=0.00078 power=7719222 shaper_sets=640
FLOW [proto@0x104c4949e] Rx - primary_channel_rx: baud_rate=0 high_carrier=1 carrier=1796.7Hz agc=0.00078 power=7720088 shaper_sets=640
FLOW [proto@0x104c4949e] Rx - Phase 3 Ja capture: emitted 37120 bits using hyp=0
FLOW [proto@0x104c4949e] Rx - primary_channel_rx: baud_rate=0 high_carrier=1 carrier=1796.8Hz agc=0.00078 power=7719686 shaper_sets=640
[ME] RX dump mark: sample=70400 rx_stage=10 tx_stage=55 mod=3 guard_db=-6.0 guard_valid=1
FLOW [proto@0x104c4949e] Rx - primary_channel_rx: baud_rate=0 high_carrier=1 carrier=1796.9Hz agc=0.00078 power=7676341 shaper_sets=640
FLOW [proto@0x104c4949e] Rx - primary_channel_rx: baud_rate=0 high_carrier=1 carrier=1796.8Hz agc=0.00078 power=7720373 shaper_sets=640
FLOW [proto@0x104c4949e] Rx - primary_channel_rx: baud_rate=0 high_carrier=1 carrier=1796.7Hz agc=0.00078 power=7718803 shaper_sets=640
FLOW [proto@0x104c4949e] Rx - primary_channel_rx: baud_rate=0 high_carrier=1 carrier=1796.6Hz agc=0.00078 power=7720401 shaper_sets=640
FLOW [proto@0x104c4949e] Rx - Phase 3 TRN: best hyp=11 ones=25777/34816 (74%)
FLOW [proto@0x104c4949e] Rx - Phase 3 Ja capture: emitted 37376 bits using hyp=0
FLOW [proto@0x104c4949e] Rx - primary_channel_rx: baud_rate=0 high_carrier=1 carrier=1796.6Hz agc=0.00078 power=7718809 shaper_sets=640
FLOW [proto@0x104c4949e] Rx - primary_channel_rx: baud_rate=0 high_carrier=1 carrier=1796.6Hz agc=0.00078 power=7723627 shaper_sets=640
FLOW [proto@0x104c4949e] Rx - primary_channel_rx: baud_rate=0 high_carrier=1 carrier=1796.7Hz agc=0.00078 power=7722756 shaper_sets=640
FLOW [proto@0x104c4949e] Rx - Phase 3 WAIT_S heartbeat: dur=768 demod=0 event=0 j_bits=37534 trn_bits=34982 trn_hint=0/75%
[ME] TX dump mark: sample=71200 rx_stage=10 tx_stage=55 mod=3
FLOW [proto@0x104c4949e] Rx - primary_channel_rx: baud_rate=0 high_carrier=1 carrier=1796.8Hz agc=0.00078 power=7721558 shaper_sets=640
FLOW [proto@0x104c4949e] Rx - primary_channel_rx: baud_rate=0 high_carrier=1 carrier=1796.9Hz agc=0.00078 power=7719142 shaper_sets=640
FLOW [proto@0x104c4949e] Rx - primary_channel_rx: baud_rate=0 high_carrier=1 carrier=1796.8Hz agc=0.00078 power=7729852 shaper_sets=640
FLOW [proto@0x104c4949e] Rx - Phase 3 Ja capture: emitted 37632 bits using hyp=0
[ME] RX dump mark: sample=71200 rx_stage=10 tx_stage=55 mod=3 guard_db=-6.0 guard_valid=1
FLOW [proto@0x104c4949e] Rx - primary_channel_rx: baud_rate=0 high_carrier=1 carrier=1796.7Hz agc=0.00078 power=7719053 shaper_sets=640
FLOW [proto@0x104c4949e] Rx - primary_channel_rx: baud_rate=0 high_carrier=1 carrier=1796.6Hz agc=0.00078 power=7730667 shaper_sets=640
FLOW [proto@0x104c4949e] Rx - primary_channel_rx: baud_rate=0 high_carrier=1 carrier=1796.6Hz agc=0.00078 power=7730117 shaper_sets=640
FLOW [proto@0x104c4949e] Rx - primary_channel_rx: baud_rate=0 high_carrier=1 carrier=1796.6Hz agc=0.00078 power=7726346 shaper_sets=640
FLOW [proto@0x104c4949e] Rx - primary_channel_rx: baud_rate=0 high_carrier=1 carrier=1796.7Hz agc=0.00078 power=7728849 shaper_sets=640
FLOW [proto@0x104c4949e] Rx - Phase 3 TRN: best hyp=11 ones=26154/35328 (74%)
FLOW [proto@0x104c4949e] Rx - Phase 3 Ja capture: emitted 37888 bits using hyp=0
FLOW [proto@0x104c4949e] Rx - primary_channel_rx: baud_rate=0 high_carrier=1 carrier=1796.9Hz agc=0.00078 power=7729580 shaper_sets=640
FLOW [proto@0x104c4949e] Rx - primary_channel_rx: baud_rate=0 high_carrier=1 carrier=1796.8Hz agc=0.00078 power=7757065 shaper_sets=640
FLOW [proto@0x104c4949e] Rx - Phase 3 S baud 1000: mag=1.015 data_bits=3 alt=0/32 stable=0 dom=3:32/32 rev=0/32 counts=0,0,0,32
[ME] TX dump mark: sample=72000 rx_stage=10 tx_stage=55 mod=3
[ME] Training TX: RMS=0.0 (8000 samples)
FLOW [proto@0x104c4949e] Rx - primary_channel_rx: baud_rate=0 high_carrier=1 carrier=1796.7Hz agc=0.00078 power=7735205 shaper_sets=640
FLOW [proto@0x104c4949e] Rx - Phase 3 WAIT_S heartbeat: dur=1024 demod=0 event=0 j_bits=38046 trn_bits=35494 trn_hint=0/75%
FLOW [proto@0x104c4949e] Rx - primary_channel_rx: baud_rate=0 high_carrier=1 carrier=1796.6Hz agc=0.00078 power=7732472 shaper_sets=640
[ME] Training rx: RMS=2733.2 (8000 samples)
FLOW [proto@0x104c4949e] Rx - primary_channel_rx: baud_rate=0 high_carrier=1 carrier=1796.6Hz agc=0.00078 power=7732027 shaper_sets=640
FLOW [proto@0x104c4949e] Rx - Phase 3 Ja capture: emitted 38144 bits using hyp=0
[ME] RX dump mark: sample=72000 rx_stage=10 tx_stage=55 mod=3 guard_db=-6.0 guard_valid=1
FLOW [proto@0x104c4949e] Rx - primary_channel_rx: baud_rate=0 high_carrier=1 carrier=1796.6Hz agc=0.00078 power=7721073 shaper_sets=640
FLOW [proto@0x104c4949e] Rx - primary_channel_rx: baud_rate=0 high_carrier=1 carrier=1796.6Hz agc=0.00078 power=7731645 shaper_sets=640
FLOW [proto@0x104c4949e] Rx - primary_channel_rx: baud_rate=0 high_carrier=1 carrier=1796.7Hz agc=0.00078 power=7719824 shaper_sets=640
FLOW [proto@0x104c4949e] Rx - primary_channel_rx: baud_rate=0 high_carrier=1 carrier=1796.9Hz agc=0.00078 power=7737217 shaper_sets=640
FLOW [proto@0x104c4949e] Rx - primary_channel_rx: baud_rate=0 high_carrier=1 carrier=1796.7Hz agc=0.00078 power=7722404 shaper_sets=640
FLOW [proto@0x104c4949e] Rx - Phase 3 TRN: best hyp=11 ones=26526/35840 (74%)
FLOW [proto@0x104c4949e] Rx - primary_channel_rx: baud_rate=0 high_carrier=1 carrier=1796.6Hz agc=0.00078 power=7720745 shaper_sets=640
FLOW [proto@0x104c4949e] Rx - Phase 3 Ja capture: emitted 38400 bits using hyp=0
FLOW [proto@0x104c4949e] Rx - primary_channel_rx: baud_rate=0 high_carrier=1 carrier=1796.6Hz agc=0.00078 power=7721608 shaper_sets=640
[ME] TX dump mark: sample=72800 rx_stage=10 tx_stage=55 mod=3
FLOW [proto@0x104c4949e] Rx - primary_channel_rx: baud_rate=0 high_carrier=1 carrier=1796.5Hz agc=0.00078 power=7719814 shaper_sets=640
FLOW [proto@0x104c4949e] Rx - primary_channel_rx: baud_rate=0 high_carrier=1 carrier=1796.6Hz agc=0.00078 power=7721233 shaper_sets=640
FLOW [proto@0x104c4949e] Rx - Phase 3 WAIT_S heartbeat: dur=1280 demod=0 event=0 j_bits=38558 trn_bits=36006 trn_hint=0/75%
FLOW [proto@0x104c4949e] Rx - primary_channel_rx: baud_rate=0 high_carrier=1 carrier=1796.7Hz agc=0.00078 power=7736300 shaper_sets=640
[ME] RX dump mark: sample=72800 rx_stage=10 tx_stage=55 mod=3 guard_db=-6.0 guard_valid=1
FLOW [proto@0x104c4949e] Rx - primary_channel_rx: baud_rate=0 high_carrier=1 carrier=1796.8Hz agc=0.00078 power=7727146 shaper_sets=640
FLOW [proto@0x104c4949e] Rx - Phase 3 Ja capture: emitted 38656 bits using hyp=0
FLOW [proto@0x104c4949e] Rx - primary_channel_rx: baud_rate=0 high_carrier=1 carrier=1796.8Hz agc=0.00078 power=7720765 shaper_sets=640
FLOW [proto@0x104c4949e] Rx - primary_channel_rx: baud_rate=0 high_carrier=1 carrier=1796.6Hz agc=0.00078 power=7742659 shaper_sets=640
FLOW [proto@0x104c4949e] Rx - primary_channel_rx: baud_rate=0 high_carrier=1 carrier=1796.6Hz agc=0.00078 power=7738112 shaper_sets=640
FLOW [proto@0x104c4949e] Rx - primary_channel_rx: baud_rate=0 high_carrier=1 carrier=1796.5Hz agc=0.00078 power=7739509 shaper_sets=640
FLOW [proto@0x104c4949e] Rx - primary_channel_rx: baud_rate=0 high_carrier=1 carrier=1796.5Hz agc=0.00078 power=7724899 shaper_sets=640
FLOW [proto@0x104c4949e] Rx - Phase 3 TRN: best hyp=11 ones=26905/36352 (74%)
FLOW [proto@0x104c4949e] Rx - Phase 3 Ja parser input: hyp0 len=38912 bits (stage=10, need ~16340 to parse)
FLOW [proto@0x104c4949e] Rx - Phase 3 Ja capture: emitted 38912 bits using hyp=0
FLOW [proto@0x104c4949e] Rx - primary_channel_rx: baud_rate=0 high_carrier=1 carrier=1796.6Hz agc=0.00078 power=7722943 shaper_sets=640
[ME] TX dump mark: sample=73600 rx_stage=10 tx_stage=55 mod=3
FLOW [proto@0x104c4949e] Rx - primary_channel_rx: baud_rate=0 high_carrier=1 carrier=1796.7Hz agc=0.00078 power=7741503 shaper_sets=640
FLOW [proto@0x104c4949e] Rx - primary_channel_rx: baud_rate=0 high_carrier=1 carrier=1796.8Hz agc=0.00233 power=867470 shaper_sets=640
FLOW [proto@0x104c4949e] Rx - Phase 3 WAIT_S heartbeat: dur=1536 demod=0 event=0 j_bits=39070 trn_bits=36518 trn_hint=0/75%
FLOW [proto@0x104c4949e] Rx - primary_channel_rx: baud_rate=0 high_carrier=1 carrier=1796.7Hz agc=0.00080 power=7422441 shaper_sets=640
[ME] RX dump mark: sample=73600 rx_stage=10 tx_stage=55 mod=3 guard_db=-6.0 guard_valid=1
FLOW [proto@0x104c4949e] Rx - primary_channel_rx: baud_rate=0 high_carrier=1 carrier=1796.6Hz agc=0.00078 power=7678449 shaper_sets=640
FLOW [proto@0x104c4949e] Rx - primary_channel_rx: baud_rate=0 high_carrier=1 carrier=1796.6Hz agc=0.00079 power=7638974 shaper_sets=640
FLOW [proto@0x104c4949e] Rx - Phase 3 Ja capture: emitted 39168 bits using hyp=0
FLOW [proto@0x104c4949e] Rx - primary_channel_rx: baud_rate=0 high_carrier=1 carrier=1796.6Hz agc=0.00078 power=7657736 shaper_sets=640
FLOW [proto@0x104c4949e] Rx - primary_channel_rx: baud_rate=0 high_carrier=1 carrier=1796.7Hz agc=0.00078 power=7663564 shaper_sets=640
FLOW [proto@0x104c4949e] Rx - primary_channel_rx: baud_rate=0 high_carrier=1 carrier=1796.9Hz agc=0.00078 power=7658009 shaper_sets=640
FLOW [proto@0x104c4949e] Rx - primary_channel_rx: baud_rate=0 high_carrier=1 carrier=1796.8Hz agc=0.00078 power=7663376 shaper_sets=640
FLOW [proto@0x104c4949e] Rx - primary_channel_rx: baud_rate=0 high_carrier=1 carrier=1796.7Hz agc=0.00078 power=7662900 shaper_sets=640
FLOW [proto@0x104c4949e] Rx - Phase 3 TRN: best hyp=11 ones=27262/36864 (74%)
FLOW [proto@0x104c4949e] Rx - Phase 3 Ja capture: emitted 39424 bits using hyp=0
[ME] TX dump mark: sample=74400 rx_stage=10 tx_stage=55 mod=3
FLOW [proto@0x104c4949e] Rx - primary_channel_rx: baud_rate=0 high_carrier=1 carrier=1796.6Hz agc=0.00078 power=7655590 shaper_sets=640
FLOW [proto@0x104c4949e] Rx - primary_channel_rx: baud_rate=0 high_carrier=1 carrier=1796.6Hz agc=0.00078 power=7676569 shaper_sets=640
FLOW [proto@0x104c4949e] Rx - primary_channel_rx: baud_rate=0 high_carrier=1 carrier=1796.6Hz agc=0.00078 power=7668106 shaper_sets=640
FLOW [proto@0x104c4949e] Rx - Phase 3 WAIT_S heartbeat: dur=1792 demod=0 event=0 j_bits=39582 trn_bits=37030 trn_hint=0/75%
[ME] RX dump mark: sample=74400 rx_stage=10 tx_stage=55 mod=3 guard_db=-6.0 guard_valid=1
FLOW [proto@0x104c4949e] Rx - primary_channel_rx: baud_rate=0 high_carrier=1 carrier=1796.7Hz agc=0.00078 power=7671041 shaper_sets=640
FLOW [proto@0x104c4949e] Rx - primary_channel_rx: baud_rate=0 high_carrier=1 carrier=1796.8Hz agc=0.00078 power=7669497 shaper_sets=640
FLOW [proto@0x104c4949e] Rx - Phase 3 Ja capture: emitted 39680 bits using hyp=0
FLOW [proto@0x104c4949e] Rx - primary_channel_rx: baud_rate=0 high_carrier=1 carrier=1796.8Hz agc=0.00078 power=7689351 shaper_sets=640
FLOW [proto@0x104c4949e] Rx - primary_channel_rx: baud_rate=0 high_carrier=1 carrier=1796.7Hz agc=0.00078 power=7694412 shaper_sets=640
FLOW [proto@0x104c4949e] Rx - primary_channel_rx: baud_rate=0 high_carrier=1 carrier=1796.6Hz agc=0.00078 power=7692891 shaper_sets=640
FLOW [proto@0x104c4949e] Rx - primary_channel_rx: baud_rate=0 high_carrier=1 carrier=1796.6Hz agc=0.00078 power=7695080 shaper_sets=640
FLOW [proto@0x104c4949e] Rx - primary_channel_rx: baud_rate=0 high_carrier=1 carrier=1796.6Hz agc=0.00078 power=7693926 shaper_sets=640
FLOW [proto@0x104c4949e] Rx - Phase 3 TRN: best hyp=11 ones=27638/37376 (74%)
[ME] TX dump mark: sample=75200 rx_stage=10 tx_stage=55 mod=3
FLOW [proto@0x104c4949e] Rx - primary_channel_rx: baud_rate=0 high_carrier=1 carrier=1796.6Hz agc=0.00078 power=7694431 shaper_sets=640
FLOW [proto@0x104c4949e] Rx - Phase 3 Ja capture: emitted 39936 bits using hyp=0
FLOW [proto@0x104c4949e] Rx - primary_channel_rx: baud_rate=0 high_carrier=1 carrier=1796.7Hz agc=0.00078 power=7681554 shaper_sets=640
FLOW [proto@0x104c4949e] Rx - Phase 3 S baud 2000: mag=1.047 data_bits=3 alt=0/32 stable=0 dom=3:32/32 rev=0/32 counts=0,0,0,32
FLOW [proto@0x104c4949e] Rx - primary_channel_rx: baud_rate=0 high_carrier=1 carrier=1796.9Hz agc=0.00078 power=7697881 shaper_sets=640
[ME] RX dump mark: sample=75200 rx_stage=10 tx_stage=55 mod=3 guard_db=-6.0 guard_valid=1
FLOW [proto@0x104c4949e] Rx - primary_channel_rx: baud_rate=0 high_carrier=1 carrier=1796.7Hz agc=0.00078 power=7684129 shaper_sets=640
FLOW [proto@0x104c4949e] Rx - Phase 3 WAIT_S heartbeat: dur=2048 demod=0 event=0 j_bits=40094 trn_bits=37542 trn_hint=0/75%
FLOW [proto@0x104c4949e] Rx - primary_channel_rx: baud_rate=0 high_carrier=1 carrier=1796.6Hz agc=0.00078 power=7698450 shaper_sets=640
FLOW [proto@0x104c4949e] Rx - primary_channel_rx: baud_rate=0 high_carrier=1 carrier=1796.6Hz agc=0.00078 power=7685187 shaper_sets=640
FLOW [proto@0x104c4949e] Rx - Phase 3 Ja capture: emitted 40192 bits using hyp=0
FLOW [proto@0x104c4949e] Rx - primary_channel_rx: baud_rate=0 high_carrier=1 carrier=1796.5Hz agc=0.00078 power=7685526 shaper_sets=640
FLOW [proto@0x104c4949e] Rx - primary_channel_rx: baud_rate=0 high_carrier=1 carrier=1796.6Hz agc=0.00078 power=7684219 shaper_sets=640
FLOW [proto@0x104c4949e] Rx - primary_channel_rx: baud_rate=0 high_carrier=1 carrier=1796.6Hz agc=0.00078 power=7692112 shaper_sets=640
FLOW [proto@0x104c4949e] Rx - primary_channel_rx: baud_rate=0 high_carrier=1 carrier=1796.8Hz agc=0.00078 power=7683271 shaper_sets=640
[ME] TX dump mark: sample=76000 rx_stage=10 tx_stage=55 mod=3
FLOW [proto@0x104c4949e] Rx - primary_channel_rx: baud_rate=0 high_carrier=1 carrier=1796.8Hz agc=0.00078 power=7684245 shaper_sets=640
FLOW [proto@0x104c4949e] Rx - Phase 3 TRN: best hyp=11 ones=28006/37888 (74%)
FLOW [proto@0x104c4949e] Rx - Phase 3 Ja capture: emitted 40448 bits using hyp=0
FLOW [proto@0x104c4949e] Rx - primary_channel_rx: baud_rate=0 high_carrier=1 carrier=1796.6Hz agc=0.00078 power=7671528 shaper_sets=640
FLOW [proto@0x104c4949e] Rx - primary_channel_rx: baud_rate=0 high_carrier=1 carrier=1796.6Hz agc=0.00078 power=7678796 shaper_sets=640
[ME] RX dump mark: sample=76000 rx_stage=10 tx_stage=55 mod=3 guard_db=-6.0 guard_valid=1
FLOW [proto@0x104c4949e] Rx - primary_channel_rx: baud_rate=0 high_carrier=1 carrier=1796.5Hz agc=0.00078 power=7673197 shaper_sets=640
FLOW [proto@0x104c4949e] Rx - Phase 3 WAIT_S heartbeat: dur=2304 demod=0 event=0 j_bits=40606 trn_bits=38054 trn_hint=0/75%
FLOW [proto@0x104c4949e] Rx - primary_channel_rx: baud_rate=0 high_carrier=1 carrier=1796.5Hz agc=0.00078 power=7678306 shaper_sets=640
FLOW [proto@0x104c4949e] Rx - primary_channel_rx: baud_rate=0 high_carrier=1 carrier=1796.6Hz agc=0.00078 power=7681136 shaper_sets=640
FLOW [proto@0x104c4949e] Rx - primary_channel_rx: baud_rate=0 high_carrier=1 carrier=1796.7Hz agc=0.00078 power=7664768 shaper_sets=640
FLOW [proto@0x104c4949e] Rx - Phase 3 Ja capture: emitted 40704 bits using hyp=0
FLOW [proto@0x104c4949e] Rx - primary_channel_rx: baud_rate=0 high_carrier=1 carrier=1796.8Hz agc=0.00078 power=7670876 shaper_sets=640
FLOW [proto@0x104c4949e] Rx - primary_channel_rx: baud_rate=0 high_carrier=1 carrier=1796.7Hz agc=0.00078 power=7667783 shaper_sets=640
FLOW [proto@0x104c4949e] Rx - primary_channel_rx: baud_rate=0 high_carrier=1 carrier=1796.6Hz agc=0.00078 power=7669265 shaper_sets=640
[ME] TX dump mark: sample=76800 rx_stage=10 tx_stage=55 mod=3
FLOW [proto@0x104c4949e] Rx - primary_channel_rx: baud_rate=0 high_carrier=1 carrier=1796.5Hz agc=0.00078 power=7646524 shaper_sets=640
FLOW [proto@0x104c4949e] Rx - primary_channel_rx: baud_rate=0 high_carrier=1 carrier=1796.5Hz agc=0.00078 power=7680104 shaper_sets=640
FLOW [proto@0x104c4949e] Rx - Phase 3 TRN: best hyp=11 ones=28381/38400 (74%)
FLOW [proto@0x104c4949e] Rx - Phase 3 Ja parser input: hyp0 len=40960 bits (stage=10, need ~16340 to parse)
FLOW [proto@0x104c4949e] Rx - Phase 3 Ja capture: emitted 40960 bits using hyp=0
FLOW [proto@0x104c4949e] Rx - primary_channel_rx: baud_rate=0 high_carrier=1 carrier=1796.6Hz agc=0.00078 power=7647519 shaper_sets=640
[ME] RX dump mark: sample=76800 rx_stage=10 tx_stage=55 mod=3 guard_db=-6.0 guard_valid=1
FLOW [proto@0x104c4949e] Rx - primary_channel_rx: baud_rate=0 high_carrier=1 carrier=1796.6Hz agc=0.00078 power=7676178 shaper_sets=640
FLOW [proto@0x104c4949e] Rx - primary_channel_rx: baud_rate=0 high_carrier=1 carrier=1796.8Hz agc=0.00079 power=7637269 shaper_sets=640
FLOW [proto@0x104c4949e] Rx - Phase 3 WAIT_S heartbeat: dur=2560 demod=0 event=0 j_bits=41118 trn_bits=38566 trn_hint=0/75%
FLOW [proto@0x104c4949e] Rx - primary_channel_rx: baud_rate=0 high_carrier=1 carrier=1796.7Hz agc=0.00079 power=7631797 shaper_sets=640
FLOW [proto@0x104c4949e] Rx - primary_channel_rx: baud_rate=0 high_carrier=1 carrier=1796.6Hz agc=0.00078 power=7653664 shaper_sets=640
FLOW [proto@0x104c4949e] Rx - Phase 3 Ja capture: emitted 41216 bits using hyp=0
FLOW [proto@0x104c4949e] Rx - primary_channel_rx: baud_rate=0 high_carrier=1 carrier=1796.5Hz agc=0.00078 power=7672335 shaper_sets=640
FLOW [proto@0x104c4949e] Rx - primary_channel_rx: baud_rate=0 high_carrier=1 carrier=1796.5Hz agc=0.00078 power=7649730 shaper_sets=640
FLOW [proto@0x104c4949e] Rx - primary_channel_rx: baud_rate=0 high_carrier=1 carrier=1796.5Hz agc=0.00078 power=7664462 shaper_sets=640
[ME] TX dump mark: sample=77600 rx_stage=10 tx_stage=55 mod=3
FLOW [proto@0x104c4949e] Rx - primary_channel_rx: baud_rate=0 high_carrier=1 carrier=1796.6Hz agc=0.00078 power=7652390 shaper_sets=640
FLOW [proto@0x104c4949e] Rx - primary_channel_rx: baud_rate=0 high_carrier=1 carrier=1796.7Hz agc=0.00078 power=7641540 shaper_sets=640
FLOW [proto@0x104c4949e] Rx - Phase 3 TRN: best hyp=11 ones=28758/38912 (74%)
[ME] TX path: state=3 mod=3 fax_active=0 v34=0x700020000 v22bis=0x0
[ME] DIAG: cr_update calls=800 phase_err=0.097 samples
FLOW [proto@0x104c4949e] Rx - primary_channel_rx: baud_rate=0 high_carrier=1 carrier=1796.8Hz agc=0.00078 power=7652613 shaper_sets=640
FLOW [proto@0x104c4949e] Rx - Phase 3 Ja capture: emitted 41472 bits using hyp=0
[ME] RX dump mark: sample=77600 rx_stage=10 tx_stage=55 mod=3 guard_db=-6.0 guard_valid=1
FLOW [proto@0x104c4949e] Rx - primary_channel_rx: baud_rate=0 high_carrier=1 carrier=1796.6Hz agc=0.00078 power=7643963 shaper_sets=640
FLOW [proto@0x104c4949e] Rx - primary_channel_rx: baud_rate=0 high_carrier=1 carrier=1796.5Hz agc=0.00078 power=7656672 shaper_sets=640
FLOW [proto@0x104c4949e] Rx - primary_channel_rx: baud_rate=0 high_carrier=1 carrier=1796.5Hz agc=0.00078 power=7644039 shaper_sets=640
FLOW [proto@0x104c4949e] Rx - Phase 3 WAIT_S heartbeat: dur=2816 demod=0 event=0 j_bits=41630 trn_bits=39078 trn_hint=0/75%
FLOW [proto@0x104c4949e] Rx - primary_channel_rx: baud_rate=0 high_carrier=1 carrier=1796.5Hz agc=0.00078 power=7645079 shaper_sets=640
FLOW [proto@0x104c4949e] Rx - primary_channel_rx: baud_rate=0 high_carrier=1 carrier=1796.5Hz agc=0.00079 power=7605578 shaper_sets=640
FLOW [proto@0x104c4949e] Rx - Phase 3 Ja capture: emitted 41728 bits using hyp=0
FLOW [proto@0x104c4949e] Rx - primary_channel_rx: baud_rate=0 high_carrier=1 carrier=1796.6Hz agc=0.00079 power=7632915 shaper_sets=640
FLOW [proto@0x104c4949e] Rx - primary_channel_rx: baud_rate=0 high_carrier=1 carrier=1796.8Hz agc=0.00079 power=7628402 shaper_sets=640
[ME] TX dump mark: sample=78400 rx_stage=10 tx_stage=55 mod=3
FLOW [proto@0x104c4949e] Rx - primary_channel_rx: baud_rate=0 high_carrier=1 carrier=1796.7Hz agc=0.00079 power=7598149 shaper_sets=640
FLOW [proto@0x104c4949e] Rx - primary_channel_rx: baud_rate=0 high_carrier=1 carrier=1796.6Hz agc=0.00079 power=7615881 shaper_sets=640
FLOW [proto@0x104c4949e] Rx - primary_channel_rx: baud_rate=0 high_carrier=1 carrier=1796.5Hz agc=0.00079 power=7614573 shaper_sets=640
FLOW [proto@0x104c4949e] Rx - Phase 3 TRN: best hyp=11 ones=29129/39424 (74%)
FLOW [proto@0x104c4949e] Rx - Phase 3 Ja capture: emitted 41984 bits using hyp=0
FLOW [proto@0x104c4949e] Rx - Phase 3 S baud 3000: mag=1.007 data_bits=3 alt=0/32 stable=0 dom=3:32/32 rev=0/32 counts=0,0,0,32
[ME] RX dump mark: sample=78400 rx_stage=10 tx_stage=55 mod=3 guard_db=-6.0 guard_valid=1
FLOW [proto@0x104c4949e] Rx - primary_channel_rx: baud_rate=0 high_carrier=1 carrier=1796.5Hz agc=0.00079 power=7626813 shaper_sets=640
FLOW [proto@0x104c4949e] Rx - primary_channel_rx: baud_rate=0 high_carrier=1 carrier=1796.5Hz agc=0.00079 power=7625408 shaper_sets=640
FLOW [proto@0x104c4949e] Rx - primary_channel_rx: baud_rate=0 high_carrier=1 carrier=1796.6Hz agc=0.00079 power=7608041 shaper_sets=640
FLOW [proto@0x104c4949e] Rx - Phase 3 WAIT_S heartbeat: dur=3072 demod=0 event=0 j_bits=42142 trn_bits=39590 trn_hint=0/75%
FLOW [proto@0x104c4949e] Rx - primary_channel_rx: baud_rate=0 high_carrier=1 carrier=1796.7Hz agc=0.00079 power=7625745 shaper_sets=640
FLOW [proto@0x104c4949e] Rx - primary_channel_rx: baud_rate=0 high_carrier=1 carrier=1796.7Hz agc=0.00079 power=7604444 shaper_sets=640
FLOW [proto@0x104c4949e] Rx - primary_channel_rx: baud_rate=0 high_carrier=1 carrier=1796.5Hz agc=0.00079 power=7594350 shaper_sets=640
FLOW [proto@0x104c4949e] Rx - Phase 3 Ja capture: emitted 42240 bits using hyp=0
FLOW [proto@0x104c4949e] Rx - primary_channel_rx: baud_rate=0 high_carrier=1 carrier=1796.5Hz agc=0.00079 power=7625011 shaper_sets=640
[ME] TX dump mark: sample=79200 rx_stage=10 tx_stage=55 mod=3
FLOW [proto@0x104c4949e] Rx - primary_channel_rx: baud_rate=0 high_carrier=1 carrier=1796.4Hz agc=0.00078 power=7664861 shaper_sets=640
FLOW [proto@0x104c4949e] Rx - primary_channel_rx: baud_rate=0 high_carrier=1 carrier=1796.5Hz agc=0.00079 power=7593143 shaper_sets=640
FLOW [proto@0x104c4949e] Rx - primary_channel_rx: baud_rate=0 high_carrier=1 carrier=1796.5Hz agc=0.00079 power=7632946 shaper_sets=640
[ME] RX dump mark: sample=79200 rx_stage=10 tx_stage=55 mod=3 guard_db=-6.0 guard_valid=1
FLOW [proto@0x104c4949e] Rx - primary_channel_rx: baud_rate=0 high_carrier=1 carrier=1796.6Hz agc=0.00079 power=7626343 shaper_sets=640
FLOW [proto@0x104c4949e] Rx - Phase 3 TRN: best hyp=11 ones=29506/39936 (74%)
FLOW [proto@0x104c4949e] Rx - Phase 3 Ja capture: emitted 42496 bits using hyp=0
FLOW [proto@0x104c4949e] Rx - primary_channel_rx: baud_rate=0 high_carrier=1 carrier=1796.7Hz agc=0.00079 power=7630864 shaper_sets=640
FLOW [proto@0x104c4949e] Rx - primary_channel_rx: baud_rate=0 high_carrier=1 carrier=1796.6Hz agc=0.00079 power=7594740 shaper_sets=640
FLOW [proto@0x104c4949e] Rx - primary_channel_rx: baud_rate=0 high_carrier=1 carrier=1796.5Hz agc=0.00079 power=7639522 shaper_sets=640
FLOW [proto@0x104c4949e] Rx - Phase 3 WAIT_S heartbeat: dur=3328 demod=0 event=0 j_bits=42654 trn_bits=40102 trn_hint=0/75%
FLOW [proto@0x104c4949e] Rx - primary_channel_rx: baud_rate=0 high_carrier=1 carrier=1796.4Hz agc=0.00079 power=7597931 shaper_sets=640
FLOW [proto@0x104c4949e] Rx - primary_channel_rx: baud_rate=0 high_carrier=1 carrier=1796.4Hz agc=0.00079 power=7622209 shaper_sets=640
FLOW [proto@0x104c4949e] Rx - Phase 3 Ja capture: emitted 42752 bits using hyp=0
FLOW [proto@0x104c4949e] Rx - primary_channel_rx: baud_rate=0 high_carrier=1 carrier=1796.5Hz agc=0.00079 power=7641105 shaper_sets=640
[ME] TX dump mark: sample=80000 rx_stage=10 tx_stage=55 mod=3
[ME] Training TX: RMS=0.0 (8000 samples)
FLOW [proto@0x104c4949e] Rx - primary_channel_rx: baud_rate=0 high_carrier=1 carrier=1796.6Hz agc=0.00079 power=7637395 shaper_sets=640
FLOW [proto@0x104c4949e] Rx - primary_channel_rx: baud_rate=0 high_carrier=1 carrier=1796.7Hz agc=0.00078 power=7641613 shaper_sets=640
[ME] Training rx: RMS=2725.7 (8000 samples)
FLOW [proto@0x104c4949e] Rx - primary_channel_rx: baud_rate=0 high_carrier=1 carrier=1796.6Hz agc=0.00079 power=7638568 shaper_sets=640
[ME] RX dump mark: sample=80000 rx_stage=10 tx_stage=55 mod=3 guard_db=-6.0 guard_valid=1
FLOW [proto@0x104c4949e] Rx - primary_channel_rx: baud_rate=0 high_carrier=1 carrier=1796.5Hz agc=0.00079 power=7629395 shaper_sets=640
FLOW [proto@0x104c4949e] Rx - Phase 3 TRN: best hyp=11 ones=29875/40448 (74%)
FLOW [proto@0x104c4949e] Rx - primary_channel_rx: baud_rate=0 high_carrier=1 carrier=1796.4Hz agc=0.00079 power=7615296 shaper_sets=640
FLOW [proto@0x104c4949e] Rx - Phase 3 Ja parser input: hyp0 len=43008 bits (stage=10, need ~16340 to parse)
FLOW [proto@0x104c4949e] Rx - Phase 3 Ja capture: emitted 43008 bits using hyp=0
FLOW [proto@0x104c4949e] Rx - primary_channel_rx: baud_rate=0 high_carrier=1 carrier=1796.4Hz agc=0.00079 power=7629896 shaper_sets=640
FLOW [proto@0x104c4949e] Rx - primary_channel_rx: baud_rate=0 high_carrier=1 carrier=1796.5Hz agc=0.00079 power=7629935 shaper_sets=640
FLOW [proto@0x104c4949e] Rx - primary_channel_rx: baud_rate=0 high_carrier=1 carrier=1796.6Hz agc=0.00079 power=7639020 shaper_sets=640
FLOW [proto@0x104c4949e] Rx - Phase 3 WAIT_S heartbeat: dur=3584 demod=0 event=0 j_bits=43166 trn_bits=40614 trn_hint=0/75%
FLOW [proto@0x104c4949e] Rx - primary_channel_rx: baud_rate=0 high_carrier=1 carrier=1796.7Hz agc=0.00079 power=7634557 shaper_sets=640
FLOW [proto@0x104c4949e] Rx - primary_channel_rx: baud_rate=0 high_carrier=1 carrier=1796.6Hz agc=0.00079 power=7637805 shaper_sets=640
FLOW [proto@0x104c4949e] Rx - Phase 3 Ja capture: emitted 43264 bits using hyp=0
[ME] TX dump mark: sample=80800 rx_stage=10 tx_stage=55 mod=3
FLOW [proto@0x104c4949e] Rx - primary_channel_rx: baud_rate=0 high_carrier=1 carrier=1796.5Hz agc=0.00079 power=7616853 shaper_sets=640
FLOW [proto@0x104c4949e] Rx - primary_channel_rx: baud_rate=0 high_carrier=1 carrier=1796.4Hz agc=0.00079 power=7560079 shaper_sets=640
FLOW [proto@0x104c4949e] Rx - primary_channel_rx: baud_rate=0 high_carrier=1 carrier=1796.4Hz agc=0.00079 power=7574806 shaper_sets=640
[ME] RX dump mark: sample=80800 rx_stage=10 tx_stage=55 mod=3 guard_db=-6.0 guard_valid=1
FLOW [proto@0x104c4949e] Rx - primary_channel_rx: baud_rate=0 high_carrier=1 carrier=1796.4Hz agc=0.00079 power=7550767 shaper_sets=640
FLOW [proto@0x104c4949e] Rx - primary_channel_rx: baud_rate=0 high_carrier=1 carrier=1796.5Hz agc=0.00079 power=7615585 shaper_sets=640
FLOW [proto@0x104c4949e] Rx - Phase 3 TRN: best hyp=11 ones=30252/40960 (74%)
FLOW [proto@0x104c4949e] Rx - Phase 3 Ja capture: emitted 43520 bits using hyp=0
FLOW [proto@0x104c4949e] Rx - primary_channel_rx: baud_rate=0 high_carrier=1 carrier=1796.7Hz agc=0.00079 power=7558490 shaper_sets=640
FLOW [proto@0x104c4949e] Rx - primary_channel_rx: baud_rate=0 high_carrier=1 carrier=1796.6Hz agc=0.00079 power=7557800 shaper_sets=640
FLOW [proto@0x104c4949e] Rx - primary_channel_rx: baud_rate=0 high_carrier=1 carrier=1796.5Hz agc=0.00079 power=7573700 shaper_sets=640
FLOW [proto@0x104c4949e] Rx - Phase 3 WAIT_S heartbeat: dur=3840 demod=0 event=0 j_bits=43678 trn_bits=41126 trn_hint=0/75%
FLOW [proto@0x104c4949e] Rx - primary_channel_rx: baud_rate=0 high_carrier=1 carrier=1796.4Hz agc=0.00079 power=7554083 shaper_sets=640
FLOW [proto@0x104c4949e] Rx - primary_channel_rx: baud_rate=0 high_carrier=1 carrier=1796.4Hz agc=0.00079 power=7554806 shaper_sets=640
[ME] TX dump mark: sample=81600 rx_stage=10 tx_stage=55 mod=3
FLOW [proto@0x104c4949e] Rx - primary_channel_rx: baud_rate=0 high_carrier=1 carrier=1796.4Hz agc=0.00079 power=7615905 shaper_sets=640
FLOW [proto@0x104c4949e] Rx - Phase 3 Ja capture: emitted 43776 bits using hyp=0
FLOW [proto@0x104c4949e] Rx - primary_channel_rx: baud_rate=0 high_carrier=1 carrier=1796.5Hz agc=0.00079 power=7542526 shaper_sets=640
FLOW [proto@0x104c4949e] Rx - primary_channel_rx: baud_rate=0 high_carrier=1 carrier=1796.6Hz agc=0.00079 power=7553673 shaper_sets=640
[ME] RX dump mark: sample=81600 rx_stage=10 tx_stage=55 mod=3 guard_db=-6.0 guard_valid=1
FLOW [proto@0x104c4949e] Rx - primary_channel_rx: baud_rate=0 high_carrier=1 carrier=1796.5Hz agc=0.00079 power=7541600 shaper_sets=640
FLOW [proto@0x104c4949e] Rx - primary_channel_rx: baud_rate=0 high_carrier=1 carrier=1796.4Hz agc=0.00079 power=7541515 shaper_sets=640
FLOW [proto@0x104c4949e] Rx - Phase 3 S baud 4000: mag=1.027 data_bits=3 alt=0/32 stable=0 dom=3:32/32 rev=0/32 counts=0,0,0,32
FLOW [proto@0x104c4949e] Rx - primary_channel_rx: baud_rate=0 high_carrier=1 carrier=1796.4Hz agc=0.00079 power=7541515 shaper_sets=640
FLOW [proto@0x104c4949e] Rx - Phase 3 TRN: best hyp=11 ones=30620/41472 (74%)
FLOW [proto@0x104c4949e] Rx - Phase 3 Ja capture: emitted 44032 bits using hyp=0
FLOW [proto@0x104c4949e] Rx - primary_channel_rx: baud_rate=0 high_carrier=1 carrier=1796.3Hz agc=0.00079 power=7543896 shaper_sets=640
FLOW [proto@0x104c4949e] Rx - primary_channel_rx: baud_rate=0 high_carrier=1 carrier=1796.4Hz agc=0.00079 power=7543955 shaper_sets=640
FLOW [proto@0x104c4949e] Rx - primary_channel_rx: baud_rate=0 high_carrier=1 carrier=1796.5Hz agc=0.00079 power=7544213 shaper_sets=640
FLOW [proto@0x104c4949e] Rx - Phase 3 WAIT_S heartbeat: dur=4096 demod=0 event=0 j_bits=44190 trn_bits=41638 trn_hint=0/75%
FLOW [proto@0x104c4949e] Rx - primary_channel_rx: baud_rate=0 high_carrier=1 carrier=1796.6Hz agc=0.00079 power=7542885 shaper_sets=640
[ME] TX dump mark: sample=82400 rx_stage=10 tx_stage=55 mod=3
FLOW [proto@0x104c4949e] Rx - primary_channel_rx: baud_rate=0 high_carrier=1 carrier=1796.5Hz agc=0.00079 power=7543342 shaper_sets=640
FLOW [proto@0x104c4949e] Rx - Phase 3 Ja capture: emitted 44288 bits using hyp=0
FLOW [proto@0x104c4949e] Rx - primary_channel_rx: baud_rate=0 high_carrier=1 carrier=1796.4Hz agc=0.00079 power=7527603 shaper_sets=640
FLOW [proto@0x104c4949e] Rx - primary_channel_rx: baud_rate=0 high_carrier=1 carrier=1796.3Hz agc=0.00079 power=7534877 shaper_sets=640
[ME] RX dump mark: sample=82400 rx_stage=10 tx_stage=55 mod=3 guard_db=-6.0 guard_valid=1
FLOW [proto@0x104c4949e] Rx - primary_channel_rx: baud_rate=0 high_carrier=1 carrier=1796.3Hz agc=0.00079 power=7521072 shaper_sets=640
FLOW [proto@0x104c4949e] Rx - primary_channel_rx: baud_rate=0 high_carrier=1 carrier=1796.4Hz agc=0.00079 power=7521985 shaper_sets=640
FLOW [proto@0x104c4949e] Rx - primary_channel_rx: baud_rate=0 high_carrier=1 carrier=1796.4Hz agc=0.00079 power=7535200 shaper_sets=640
FLOW [proto@0x104c4949e] Rx - Phase 3 TRN: best hyp=11 ones=30997/41984 (74%)
FLOW [proto@0x104c4949e] Rx - primary_channel_rx: baud_rate=0 high_carrier=1 carrier=1796.6Hz agc=0.00079 power=7536537 shaper_sets=640
FLOW [proto@0x104c4949e] Rx - Phase 3 Ja capture: emitted 44544 bits using hyp=0
FLOW [proto@0x104c4949e] Rx - primary_channel_rx: baud_rate=0 high_carrier=1 carrier=1796.5Hz agc=0.00079 power=7533863 shaper_sets=640
FLOW [proto@0x104c4949e] Rx - primary_channel_rx: baud_rate=0 high_carrier=1 carrier=1796.4Hz agc=0.00079 power=7550004 shaper_sets=640
FLOW [proto@0x104c4949e] Rx - primary_channel_rx: baud_rate=0 high_carrier=1 carrier=1796.3Hz agc=0.00079 power=7581048 shaper_sets=640
FLOW [proto@0x104c4949e] Rx - Phase 3 WAIT_S heartbeat: dur=4352 demod=0 event=0 j_bits=44702 trn_bits=42150 trn_hint=0/75%
[ME] TX dump mark: sample=83200 rx_stage=10 tx_stage=55 mod=3
FLOW [proto@0x104c4949e] Rx - primary_channel_rx: baud_rate=0 high_carrier=1 carrier=1796.3Hz agc=0.00079 power=7537267 shaper_sets=640
FLOW [proto@0x104c4949e] Rx - primary_channel_rx: baud_rate=0 high_carrier=1 carrier=1796.3Hz agc=0.00079 power=7611319 shaper_sets=640
FLOW [proto@0x104c4949e] Rx - Phase 3 Ja capture: emitted 44800 bits using hyp=0
FLOW [proto@0x104c4949e] Rx - primary_channel_rx: baud_rate=0 high_carrier=1 carrier=1796.4Hz agc=0.00079 power=7544070 shaper_sets=640
[ME] RX dump mark: sample=83200 rx_stage=10 tx_stage=55 mod=3 guard_db=-6.0 guard_valid=1
FLOW [proto@0x104c4949e] Rx - primary_channel_rx: baud_rate=0 high_carrier=1 carrier=1796.6Hz agc=0.00079 power=7598899 shaper_sets=640
FLOW [proto@0x104c4949e] Rx - primary_channel_rx: baud_rate=0 high_carrier=1 carrier=1796.5Hz agc=0.00079 power=7570469 shaper_sets=640
FLOW [proto@0x104c4949e] Rx - primary_channel_rx: baud_rate=0 high_carrier=1 carrier=1796.4Hz agc=0.00079 power=7599049 shaper_sets=640
FLOW [proto@0x104c4949e] Rx - primary_channel_rx: baud_rate=0 high_carrier=1 carrier=1796.3Hz agc=0.00079 power=7601239 shaper_sets=640
FLOW [proto@0x104c4949e] Rx - Phase 3 TRN: best hyp=9 ones=31368/42496 (74%)
FLOW [proto@0x104c4949e] Rx - Phase 3 Ja parser input: hyp0 len=45056 bits (stage=10, need ~16340 to parse)
FLOW [proto@0x104c4949e] Rx - Phase 3 Ja capture: emitted 45056 bits using hyp=0
FLOW [proto@0x104c4949e] Rx - primary_channel_rx: baud_rate=0 high_carrier=1 carrier=1796.3Hz agc=0.00079 power=7600831 shaper_sets=640
FLOW [proto@0x104c4949e] Rx - primary_channel_rx: baud_rate=0 high_carrier=1 carrier=1796.3Hz agc=0.00079 power=7590052 shaper_sets=640
FLOW [proto@0x104c4949e] Rx - primary_channel_rx: baud_rate=0 high_carrier=1 carrier=1796.4Hz agc=0.00079 power=7588792 shaper_sets=640
FLOW [proto@0x104c4949e] Rx - Phase 3 WAIT_S heartbeat: dur=4608 demod=0 event=0 j_bits=45214 trn_bits=42662 trn_hint=0/75%
[ME] TX dump mark: sample=84000 rx_stage=10 tx_stage=55 mod=3
FLOW [proto@0x104c4949e] Rx - primary_channel_rx: baud_rate=0 high_carrier=1 carrier=1796.5Hz agc=0.00079 power=7583879 shaper_sets=640
FLOW [proto@0x104c4949e] Rx - primary_channel_rx: baud_rate=0 high_carrier=1 carrier=1796.5Hz agc=0.00079 power=7592210 shaper_sets=640
FLOW [proto@0x104c4949e] Rx - primary_channel_rx: baud_rate=0 high_carrier=1 carrier=1796.4Hz agc=0.00079 power=7574470 shaper_sets=640
FLOW [proto@0x104c4949e] Rx - Phase 3 Ja capture: emitted 45312 bits using hyp=0
[ME] RX dump mark: sample=84000 rx_stage=10 tx_stage=55 mod=3 guard_db=-6.0 guard_valid=1
FLOW [proto@0x104c4949e] Rx - primary_channel_rx: baud_rate=0 high_carrier=1 carrier=1796.3Hz agc=0.00079 power=7579134 shaper_sets=640
FLOW [proto@0x104c4949e] Rx - primary_channel_rx: baud_rate=0 high_carrier=1 carrier=1796.3Hz agc=0.00079 power=7581051 shaper_sets=640
FLOW [proto@0x104c4949e] Rx - primary_channel_rx: baud_rate=0 high_carrier=1 carrier=1796.3Hz agc=0.00079 power=7572209 shaper_sets=640
FLOW [proto@0x104c4949e] Rx - primary_channel_rx: baud_rate=0 high_carrier=1 carrier=1796.4Hz agc=0.00079 power=7574511 shaper_sets=640
FLOW [proto@0x104c4949e] Rx - primary_channel_rx: baud_rate=0 high_carrier=1 carrier=1796.5Hz agc=0.00079 power=7597738 shaper_sets=640
FLOW [proto@0x104c4949e] Rx - Phase 3 TRN: best hyp=9 ones=31745/43008 (74%)
FLOW [proto@0x104c4949e] Rx - Phase 3 Ja capture: emitted 45568 bits using hyp=0
FLOW [proto@0x104c4949e] Rx - primary_channel_rx: baud_rate=0 high_carrier=1 carrier=1796.5Hz agc=0.00079 power=7570131 shaper_sets=640
FLOW [proto@0x104c4949e] Rx - primary_channel_rx: baud_rate=0 high_carrier=1 carrier=1796.4Hz agc=0.00079 power=7611837 shaper_sets=640
[ME] TX dump mark: sample=84800 rx_stage=10 tx_stage=55 mod=3
FLOW [proto@0x104c4949e] Rx - primary_channel_rx: baud_rate=0 high_carrier=1 carrier=1796.3Hz agc=0.00079 power=7565581 shaper_sets=640
FLOW [proto@0x104c4949e] Rx - Phase 3 WAIT_S heartbeat: dur=4864 demod=0 event=0 j_bits=45726 trn_bits=43174 trn_hint=0/75%
FLOW [proto@0x104c4949e] Rx - primary_channel_rx: baud_rate=0 high_carrier=1 carrier=1796.3Hz agc=0.00079 power=7565294 shaper_sets=640
FLOW [proto@0x104c4949e] Rx - primary_channel_rx: baud_rate=0 high_carrier=1 carrier=1796.3Hz agc=0.00079 power=7566545 shaper_sets=640
FLOW [proto@0x104c4949e] Rx - Phase 3 Ja capture: emitted 45824 bits using hyp=0
[ME] RX dump mark: sample=84800 rx_stage=10 tx_stage=55 mod=3 guard_db=-6.0 guard_valid=1
FLOW [proto@0x104c4949e] Rx - primary_channel_rx: baud_rate=0 high_carrier=1 carrier=1796.4Hz agc=0.00079 power=7557941 shaper_sets=640
FLOW [proto@0x104c4949e] Rx - primary_channel_rx: baud_rate=0 high_carrier=1 carrier=1796.6Hz agc=0.00079 power=7558505 shaper_sets=640
FLOW [proto@0x104c4949e] Rx - primary_channel_rx: baud_rate=0 high_carrier=1 carrier=1796.5Hz agc=0.00079 power=7603588 shaper_sets=640
FLOW [proto@0x104c4949e] Rx - primary_channel_rx: baud_rate=0 high_carrier=1 carrier=1796.3Hz agc=0.00079 power=7616263 shaper_sets=640
FLOW [proto@0x104c4949e] Rx - Phase 3 S baud 5000: mag=1.045 data_bits=3 alt=0/32 stable=0 dom=3:32/32 rev=0/32 counts=0,0,0,32
FLOW [proto@0x104c4949e] Rx - primary_channel_rx: baud_rate=0 high_carrier=1 carrier=1796.3Hz agc=0.00079 power=7557026 shaper_sets=640
FLOW [proto@0x104c4949e] Rx - Phase 3 TRN: best hyp=9 ones=32110/43520 (74%)
FLOW [proto@0x104c4949e] Rx - primary_channel_rx: baud_rate=0 high_carrier=1 carrier=1796.3Hz agc=0.00079 power=7556696 shaper_sets=640
FLOW [proto@0x104c4949e] Rx - Phase 3 Ja capture: emitted 46080 bits using hyp=0
FLOW [proto@0x104c4949e] Rx - primary_channel_rx: baud_rate=0 high_carrier=1 carrier=1796.3Hz agc=0.00079 power=7615206 shaper_sets=640
[ME] TX dump mark: sample=85600 rx_stage=10 tx_stage=55 mod=3
FLOW [proto@0x104c4949e] Rx - primary_channel_rx: baud_rate=0 high_carrier=1 carrier=1796.4Hz agc=0.00079 power=7564939 shaper_sets=640
FLOW [proto@0x104c4949e] Rx - primary_channel_rx: baud_rate=0 high_carrier=1 carrier=1796.5Hz agc=0.00079 power=7611353 shaper_sets=640
FLOW [proto@0x104c4949e] Rx - Phase 3 WAIT_S heartbeat: dur=5120 demod=0 event=0 j_bits=46238 trn_bits=43686 trn_hint=0/75%
[ME] TX path: state=3 mod=3 fax_active=0 v34=0x700020000 v22bis=0x0
FLOW [proto@0x104c4949e] Rx - primary_channel_rx: baud_rate=0 high_carrier=1 carrier=1796.5Hz agc=0.00079 power=7561049 shaper_sets=640
[ME] RX dump mark: sample=85600 rx_stage=10 tx_stage=55 mod=3 guard_db=-6.0 guard_valid=1
FLOW [proto@0x104c4949e] Rx - primary_channel_rx: baud_rate=0 high_carrier=1 carrier=1796.3Hz agc=0.00079 power=7610918 shaper_sets=640
FLOW [proto@0x104c4949e] Rx - Phase 3 Ja capture: emitted 46336 bits using hyp=0
FLOW [proto@0x104c4949e] Rx - primary_channel_rx: baud_rate=0 high_carrier=1 carrier=1796.3Hz agc=0.00079 power=7610678 shaper_sets=640
FLOW [proto@0x104c4949e] Rx - primary_channel_rx: baud_rate=0 high_carrier=1 carrier=1796.3Hz agc=0.00079 power=7567317 shaper_sets=640
FLOW [proto@0x104c4949e] Rx - primary_channel_rx: baud_rate=0 high_carrier=1 carrier=1796.3Hz agc=0.00079 power=7499074 shaper_sets=640
FLOW [proto@0x104c4949e] Rx - primary_channel_rx: baud_rate=0 high_carrier=1 carrier=1796.4Hz agc=0.00079 power=7560907 shaper_sets=640
FLOW [proto@0x104c4949e] Rx - primary_channel_rx: baud_rate=0 high_carrier=1 carrier=1796.6Hz agc=0.00079 power=7516648 shaper_sets=640
FLOW [proto@0x104c4949e] Rx - Phase 3 TRN: best hyp=9 ones=32482/44032 (74%)
FLOW [proto@0x104c4949e] Rx - Phase 3 Ja capture: emitted 46592 bits using hyp=0
FLOW [proto@0x104c4949e] Rx - primary_channel_rx: baud_rate=0 high_carrier=1 carrier=1796.4Hz agc=0.00079 power=7514854 shaper_sets=640
[ME] TX dump mark: sample=86400 rx_stage=10 tx_stage=55 mod=3
FLOW [proto@0x104c4949e] Rx - primary_channel_rx: baud_rate=0 high_carrier=1 carrier=1796.3Hz agc=0.00079 power=7560307 shaper_sets=640
FLOW [proto@0x104c4949e] Rx - primary_channel_rx: baud_rate=0 high_carrier=1 carrier=1796.3Hz agc=0.00079 power=7564787 shaper_sets=640
FLOW [proto@0x104c4949e] Rx - Phase 3 WAIT_S heartbeat: dur=5376 demod=0 event=0 j_bits=46750 trn_bits=44198 trn_hint=0/75%
FLOW [proto@0x104c4949e] Rx - primary_channel_rx: baud_rate=0 high_carrier=1 carrier=1796.3Hz agc=0.00079 power=7565768 shaper_sets=640
[ME] RX dump mark: sample=86400 rx_stage=10 tx_stage=55 mod=3 guard_db=-6.0 guard_valid=1
FLOW [proto@0x104c4949e] Rx - primary_channel_rx: baud_rate=0 high_carrier=1 carrier=1796.3Hz agc=0.00079 power=7566568 shaper_sets=640
FLOW [proto@0x104c4949e] Rx - primary_channel_rx: baud_rate=0 high_carrier=1 carrier=1796.4Hz agc=0.00079 power=7566142 shaper_sets=640
FLOW [proto@0x104c4949e] Rx - Phase 3 Ja capture: emitted 46848 bits using hyp=0
FLOW [proto@0x104c4949e] Rx - primary_channel_rx: baud_rate=0 high_carrier=1 carrier=1796.6Hz agc=0.00079 power=7565821 shaper_sets=640
FLOW [proto@0x104c4949e] Rx - primary_channel_rx: baud_rate=0 high_carrier=1 carrier=1796.4Hz agc=0.00079 power=7565757 shaper_sets=640
FLOW [proto@0x104c4949e] Rx - primary_channel_rx: baud_rate=0 high_carrier=1 carrier=1796.3Hz agc=0.00079 power=7565753 shaper_sets=640
FLOW [proto@0x104c4949e] Rx - primary_channel_rx: baud_rate=0 high_carrier=1 carrier=1796.3Hz agc=0.00079 power=7566610 shaper_sets=640
FLOW [proto@0x104c4949e] Rx - primary_channel_rx: baud_rate=0 high_carrier=1 carrier=1796.3Hz agc=0.00079 power=7565754 shaper_sets=640
FLOW [proto@0x104c4949e] Rx - Phase 3 TRN: best hyp=11 ones=32859/44544 (74%)
FLOW [proto@0x104c4949e] Rx - Phase 3 Ja parser input: hyp0 len=47104 bits (stage=10, need ~16340 to parse)
FLOW [proto@0x104c4949e] Rx - Phase 3 Ja capture: emitted 47104 bits using hyp=0
[ME] TX dump mark: sample=87200 rx_stage=10 tx_stage=55 mod=3
FLOW [proto@0x104c4949e] Rx - primary_channel_rx: baud_rate=0 high_carrier=1 carrier=1796.3Hz agc=0.00079 power=7517186 shaper_sets=640
FLOW [proto@0x104c4949e] Rx - primary_channel_rx: baud_rate=0 high_carrier=1 carrier=1796.4Hz agc=0.00079 power=7567168 shaper_sets=640
FLOW [proto@0x104c4949e] Rx - primary_channel_rx: baud_rate=0 high_carrier=1 carrier=1796.5Hz agc=0.00079 power=7587131 shaper_sets=640
FLOW [proto@0x104c4949e] Rx - Phase 3 WAIT_S heartbeat: dur=5632 demod=0 event=0 j_bits=47262 trn_bits=44710 trn_hint=0/75%
[ME] RX dump mark: sample=87200 rx_stage=10 tx_stage=55 mod=3 guard_db=-6.0 guard_valid=1
FLOW [proto@0x104c4949e] Rx - primary_channel_rx: baud_rate=0 high_carrier=1 carrier=1796.4Hz agc=0.00079 power=7564166 shaper_sets=640
FLOW [proto@0x104c4949e] Rx - primary_channel_rx: baud_rate=0 high_carrier=1 carrier=1796.3Hz agc=0.00079 power=7520550 shaper_sets=640
FLOW [proto@0x104c4949e] Rx - Phase 3 Ja capture: emitted 47360 bits using hyp=0
FLOW [proto@0x104c4949e] Rx - primary_channel_rx: baud_rate=0 high_carrier=1 carrier=1796.3Hz agc=0.00079 power=7569680 shaper_sets=640
FLOW [proto@0x104c4949e] Rx - primary_channel_rx: baud_rate=0 high_carrier=1 carrier=1796.3Hz agc=0.00079 power=7566083 shaper_sets=640
FLOW [proto@0x104c4949e] Rx - primary_channel_rx: baud_rate=0 high_carrier=1 carrier=1796.3Hz agc=0.00079 power=7565871 shaper_sets=640
FLOW [proto@0x104c4949e] Rx - primary_channel_rx: baud_rate=0 high_carrier=1 carrier=1796.4Hz agc=0.00079 power=7519217 shaper_sets=640
FLOW [proto@0x104c4949e] Rx - primary_channel_rx: baud_rate=0 high_carrier=1 carrier=1796.5Hz agc=0.00079 power=7560320 shaper_sets=640
FLOW [proto@0x104c4949e] Rx - Phase 3 TRN: best hyp=11 ones=33226/45056 (74%)
[ME] TX dump mark: sample=88000 rx_stage=10 tx_stage=55 mod=3
[ME] Training TX: RMS=0.0 (8000 samples)
FLOW [proto@0x104c4949e] Rx - primary_channel_rx: baud_rate=0 high_carrier=1 carrier=1796.4Hz agc=0.00079 power=7559433 shaper_sets=640
FLOW [proto@0x104c4949e] Rx - Phase 3 Ja capture: emitted 47616 bits using hyp=0
FLOW [proto@0x104c4949e] Rx - primary_channel_rx: baud_rate=0 high_carrier=1 carrier=1796.3Hz agc=0.00079 power=7546008 shaper_sets=640
[ME] Training rx: RMS=2729.3 (8000 samples)
FLOW [proto@0x104c4949e] Rx - primary_channel_rx: baud_rate=0 high_carrier=1 carrier=1796.3Hz agc=0.00079 power=7550326 shaper_sets=640
[ME] RX dump mark: sample=88000 rx_stage=10 tx_stage=55 mod=3 guard_db=-6.0 guard_valid=1
FLOW [proto@0x104c4949e] Rx - primary_channel_rx: baud_rate=0 high_carrier=1 carrier=1796.3Hz agc=0.00079 power=7582356 shaper_sets=640
FLOW [proto@0x104c4949e] Rx - Phase 3 WAIT_S heartbeat: dur=5888 demod=0 event=0 j_bits=47774 trn_bits=45222 trn_hint=0/75%
FLOW [proto@0x104c4949e] Rx - primary_channel_rx: baud_rate=0 high_carrier=1 carrier=1796.4Hz agc=0.00079 power=7529863 shaper_sets=640
FLOW [proto@0x104c4949e] Rx - primary_channel_rx: baud_rate=0 high_carrier=1 carrier=1796.5Hz agc=0.00079 power=7595869 shaper_sets=640
FLOW [proto@0x104c4949e] Rx - Phase 3 Ja capture: emitted 47872 bits using hyp=0
FLOW [proto@0x104c4949e] Rx - primary_channel_rx: baud_rate=0 high_carrier=1 carrier=1796.5Hz agc=0.00079 power=7582148 shaper_sets=640
FLOW [proto@0x104c4949e] Rx - primary_channel_rx: baud_rate=0 high_carrier=1 carrier=1796.4Hz agc=0.00079 power=7587863 shaper_sets=640
FLOW [proto@0x104c4949e] Rx - Phase 3 S baud 6000: mag=0.992 data_bits=3 alt=0/32 stable=0 dom=3:32/32 rev=0/32 counts=0,0,0,32
FLOW [proto@0x104c4949e] Rx - Phase 3: S detect timeout (6000 bauds, alt=0/32 rev=0/32, j_bits=48000 trn_bits=45448 trn_hint=0/75%), continuing search
FLOW [proto@0x104c4949e] Rx - primary_channel_rx: baud_rate=0 high_carrier=1 carrier=1796.3Hz agc=0.00079 power=7583031 shaper_sets=640
FLOW [proto@0x104c4949e] Rx - Phase 3 WAIT_S heartbeat: dur=1 demod=0 event=0 j_bits=48000 trn_bits=45448 trn_hint=0/75%
FLOW [proto@0x104c4949e] Rx - Phase 3 S baud 1: mag=1.007 data_bits=3 alt=0/32 stable=0 dom=3:1/32 rev=0/32 counts=0,0,0,1
FLOW [proto@0x104c4949e] Rx - Phase 3 S baud 2: mag=1.019 data_bits=3 alt=0/32 stable=0 dom=3:2/32 rev=0/32 counts=0,0,0,2
FLOW [proto@0x104c4949e] Rx - Phase 3 S baud 3: mag=0.966 data_bits=3 alt=0/32 stable=0 dom=3:3/32 rev=0/32 counts=0,0,0,3
FLOW [proto@0x104c4949e] Rx - Phase 3 S baud 4: mag=1.003 data_bits=3 alt=0/32 stable=0 dom=3:4/32 rev=0/32 counts=0,0,0,4
FLOW [proto@0x104c4949e] Rx - primary_channel_rx: baud_rate=0 high_carrier=1 carrier=1796.3Hz agc=0.00079 power=7597561 shaper_sets=640
[ME] TX dump mark: sample=88800 rx_stage=10 tx_stage=55 mod=3
FLOW [proto@0x104c4949e] Rx - primary_channel_rx: baud_rate=0 high_carrier=1 carrier=1796.3Hz agc=0.00079 power=7582121 shaper_sets=640
FLOW [proto@0x104c4949e] Rx - Phase 3 Ja capture: emitted 48128 bits using hyp=0
FLOW [proto@0x104c4949e] Rx - primary_channel_rx: baud_rate=0 high_carrier=1 carrier=1796.3Hz agc=0.00079 power=7592417 shaper_sets=640
FLOW [proto@0x104c4949e] Rx - primary_channel_rx: baud_rate=0 high_carrier=1 carrier=1796.5Hz agc=0.00079 power=7592250 shaper_sets=640
[ME] RX dump mark: sample=88800 rx_stage=10 tx_stage=55 mod=3 guard_db=-6.0 guard_valid=1
FLOW [proto@0x104c4949e] Rx - primary_channel_rx: baud_rate=0 high_carrier=1 carrier=1796.5Hz agc=0.00079 power=7550231 shaper_sets=640
FLOW [proto@0x104c4949e] Rx - primary_channel_rx: baud_rate=0 high_carrier=1 carrier=1796.3Hz agc=0.00079 power=7546787 shaper_sets=640
FLOW [proto@0x104c4949e] Rx - primary_channel_rx: baud_rate=0 high_carrier=1 carrier=1796.3Hz agc=0.00079 power=7601269 shaper_sets=640
FLOW [proto@0x104c4949e] Rx - primary_channel_rx: baud_rate=0 high_carrier=1 carrier=1796.2Hz agc=0.00079 power=7606060 shaper_sets=640
FLOW [proto@0x104c4949e] Rx - Phase 3 Ja capture: emitted 48384 bits using hyp=0
FLOW [proto@0x104c4949e] Rx - primary_channel_rx: baud_rate=0 high_carrier=1 carrier=1796.3Hz agc=0.00079 power=7609746 shaper_sets=640
FLOW [proto@0x104c4949e] Rx - primary_channel_rx: baud_rate=0 high_carrier=1 carrier=1796.3Hz agc=0.00079 power=7641428 shaper_sets=640
FLOW [proto@0x104c4949e] Rx - Phase 3 WAIT_S heartbeat: dur=256 demod=0 event=0 j_bits=48510 trn_bits=45448 trn_hint=0/75%
FLOW [proto@0x104c4949e] Rx - primary_channel_rx: baud_rate=0 high_carrier=1 carrier=1796.5Hz agc=0.00079 power=7638282 shaper_sets=640
[ME] TX dump mark: sample=89600 rx_stage=10 tx_stage=55 mod=3
FLOW [proto@0x104c4949e] Rx - primary_channel_rx: baud_rate=0 high_carrier=1 carrier=1796.4Hz agc=0.00078 power=7643945 shaper_sets=640
FLOW [proto@0x104c4949e] Rx - primary_channel_rx: baud_rate=0 high_carrier=1 carrier=1796.3Hz agc=0.00079 power=7631992 shaper_sets=640
FLOW [proto@0x104c4949e] Rx - Phase 3 TRN: best hyp=11 ones=33587/45568 (74%)
FLOW [proto@0x104c4949e] Rx - Phase 3 Ja capture: emitted 48640 bits using hyp=0
FLOW [proto@0x104c4949e] Rx - primary_channel_rx: baud_rate=0 high_carrier=1 carrier=1796.3Hz agc=0.00079 power=7613279 shaper_sets=640
[ME] RX dump mark: sample=89600 rx_stage=10 tx_stage=55 mod=3 guard_db=-6.0 guard_valid=1
FLOW [proto@0x104c4949e] Rx - primary_channel_rx: baud_rate=0 high_carrier=1 carrier=1796.2Hz agc=0.00079 power=7615268 shaper_sets=640
FLOW [proto@0x104c4949e] Rx - primary_channel_rx: baud_rate=0 high_carrier=1 carrier=1796.3Hz agc=0.00079 power=7563387 shaper_sets=640
FLOW [proto@0x104c4949e] Rx - primary_channel_rx: baud_rate=0 high_carrier=1 carrier=1796.4Hz agc=0.00079 power=7603220 shaper_sets=640
FLOW [proto@0x104c4949e] Rx - primary_channel_rx: baud_rate=0 high_carrier=1 carrier=1796.5Hz agc=0.00078 power=7651175 shaper_sets=640
FLOW [proto@0x104c4949e] Rx - Phase 3 Ja capture: emitted 48896 bits using hyp=0
FLOW [proto@0x104c4949e] Rx - primary_channel_rx: baud_rate=0 high_carrier=1 carrier=1796.4Hz agc=0.00079 power=7602860 shaper_sets=640
FLOW [proto@0x104c4949e] Rx - primary_channel_rx: baud_rate=0 high_carrier=1 carrier=1796.3Hz agc=0.00079 power=7640657 shaper_sets=640
FLOW [proto@0x104c4949e] Rx - primary_channel_rx: baud_rate=0 high_carrier=1 carrier=1796.2Hz agc=0.00079 power=7607199 shaper_sets=640
FLOW [proto@0x104c4949e] Rx - Phase 3 WAIT_S heartbeat: dur=512 demod=0 event=0 j_bits=49022 trn_bits=45960 trn_hint=0/75%
[ME] TX dump mark: sample=90400 rx_stage=10 tx_stage=55 mod=3
FLOW [proto@0x104c4949e] Rx - primary_channel_rx: baud_rate=0 high_carrier=1 carrier=1796.2Hz agc=0.00079 power=7609963 shaper_sets=640
FLOW [proto@0x104c4949e] Rx - primary_channel_rx: baud_rate=0 high_carrier=1 carrier=1796.3Hz agc=0.00078 power=7647265 shaper_sets=640
FLOW [proto@0x104c4949e] Rx - Phase 3 TRN: best hyp=11 ones=33964/46080 (74%)
FLOW [proto@0x104c4949e] Rx - primary_channel_rx: baud_rate=0 high_carrier=1 carrier=1796.4Hz agc=0.00079 power=7597834 shaper_sets=640
FLOW [proto@0x104c4949e] Rx - Phase 3 Ja parser input: hyp0 len=49152 bits (stage=10, need ~16340 to parse)
FLOW [proto@0x104c4949e] Rx - Phase 3 Ja capture: emitted 49152 bits using hyp=0
[ME] RX dump mark: sample=90400 rx_stage=10 tx_stage=55 mod=3 guard_db=-6.0 guard_valid=1
FLOW [proto@0x104c4949e] Rx - primary_channel_rx: baud_rate=0 high_carrier=1 carrier=1796.5Hz agc=0.00079 power=7606043 shaper_sets=640
FLOW [proto@0x104c4949e] Rx - primary_channel_rx: baud_rate=0 high_carrier=1 carrier=1796.4Hz agc=0.00078 power=7644978 shaper_sets=640
FLOW [proto@0x104c4949e] Rx - primary_channel_rx: baud_rate=0 high_carrier=1 carrier=1796.3Hz agc=0.00079 power=7608721 shaper_sets=640
FLOW [proto@0x104c4949e] Rx - primary_channel_rx: baud_rate=0 high_carrier=1 carrier=1796.2Hz agc=0.00079 power=7635972 shaper_sets=640
FLOW [proto@0x104c4949e] Rx - primary_channel_rx: baud_rate=0 high_carrier=1 carrier=1796.2Hz agc=0.00078 power=7643674 shaper_sets=640
FLOW [proto@0x104c4949e] Rx - Phase 3 Ja capture: emitted 49408 bits using hyp=0
FLOW [proto@0x104c4949e] Rx - primary_channel_rx: baud_rate=0 high_carrier=1 carrier=1796.3Hz agc=0.00079 power=7630024 shaper_sets=640
FLOW [proto@0x104c4949e] Rx - primary_channel_rx: baud_rate=0 high_carrier=1 carrier=1796.4Hz agc=0.00078 power=7642921 shaper_sets=640
FLOW [proto@0x104c4949e] Rx - Phase 3 WAIT_S heartbeat: dur=768 demod=0 event=0 j_bits=49534 trn_bits=46472 trn_hint=0/75%
[ME] TX dump mark: sample=91200 rx_stage=10 tx_stage=55 mod=3
FLOW [proto@0x104c4949e] Rx - primary_channel_rx: baud_rate=0 high_carrier=1 carrier=1796.5Hz agc=0.00079 power=7629646 shaper_sets=640
FLOW [proto@0x104c4949e] Rx - primary_channel_rx: baud_rate=0 high_carrier=1 carrier=1796.3Hz agc=0.00079 power=7578289 shaper_sets=640
FLOW [proto@0x104c4949e] Rx - primary_channel_rx: baud_rate=0 high_carrier=1 carrier=1796.2Hz agc=0.00079 power=7585699 shaper_sets=640
FLOW [proto@0x104c4949e] Rx - Phase 3 TRN: best hyp=11 ones=34338/46592 (74%)
FLOW [proto@0x104c4949e] Rx - Phase 3 Ja capture: emitted 49664 bits using hyp=0
[ME] RX dump mark: sample=91200 rx_stage=10 tx_stage=55 mod=3 guard_db=-6.0 guard_valid=1
FLOW [proto@0x104c4949e] Rx - primary_channel_rx: baud_rate=0 high_carrier=1 carrier=1796.2Hz agc=0.00079 power=7625787 shaper_sets=640
FLOW [proto@0x104c4949e] Rx - primary_channel_rx: baud_rate=0 high_carrier=1 carrier=1796.2Hz agc=0.00079 power=7586434 shaper_sets=640
FLOW [proto@0x104c4949e] Rx - primary_channel_rx: baud_rate=0 high_carrier=1 carrier=1796.3Hz agc=0.00079 power=7636249 shaper_sets=640
FLOW [proto@0x104c4949e] Rx - primary_channel_rx: baud_rate=0 high_carrier=1 carrier=1796.4Hz agc=0.00079 power=7634539 shaper_sets=640
FLOW [proto@0x104c4949e] Rx - primary_channel_rx: baud_rate=0 high_carrier=1 carrier=1796.4Hz agc=0.00079 power=7634318 shaper_sets=640
FLOW [proto@0x104c4949e] Rx - primary_channel_rx: baud_rate=0 high_carrier=1 carrier=1796.3Hz agc=0.00079 power=7583739 shaper_sets=640
FLOW [proto@0x104c4949e] Rx - Phase 3 Ja capture: emitted 49920 bits using hyp=0
FLOW [proto@0x104c4949e] Rx - primary_channel_rx: baud_rate=0 high_carrier=1 carrier=1796.2Hz agc=0.00079 power=7634021 shaper_sets=640
FLOW [proto@0x104c4949e] Rx - Phase 3 S baud 1000: mag=1.015 data_bits=3 alt=0/32 stable=0 dom=3:32/32 rev=0/32 counts=0,0,0,32
[ME] TX dump mark: sample=92000 rx_stage=10 tx_stage=55 mod=3
FLOW [proto@0x104c4949e] Rx - primary_channel_rx: baud_rate=0 high_carrier=1 carrier=1796.2Hz agc=0.00079 power=7601978 shaper_sets=640
FLOW [proto@0x104c4949e] Rx - Phase 3 WAIT_S heartbeat: dur=1024 demod=0 event=0 j_bits=50046 trn_bits=46984 trn_hint=0/75%
FLOW [proto@0x104c4949e] Rx - primary_channel_rx: baud_rate=0 high_carrier=1 carrier=1796.2Hz agc=0.00078 power=7651072 shaper_sets=640
FLOW [proto@0x104c4949e] Rx - primary_channel_rx: baud_rate=0 high_carrier=1 carrier=1796.3Hz agc=0.00078 power=7648123 shaper_sets=640
[ME] RX dump mark: sample=92000 rx_stage=10 tx_stage=55 mod=3 guard_db=-6.0 guard_valid=1
FLOW [proto@0x104c4949e] Rx - primary_channel_rx: baud_rate=0 high_carrier=1 carrier=1796.4Hz agc=0.00078 power=7641705 shaper_sets=640
FLOW [proto@0x104c4949e] Rx - Phase 3 TRN: best hyp=11 ones=34717/47104 (74%)
FLOW [proto@0x104c4949e] Rx - Phase 3 Ja capture: emitted 50176 bits using hyp=0
FLOW [proto@0x104c4949e] Rx - primary_channel_rx: baud_rate=0 high_carrier=1 carrier=1796.4Hz agc=0.00078 power=7642795 shaper_sets=640
FLOW [proto@0x104c4949e] Rx - primary_channel_rx: baud_rate=0 high_carrier=1 carrier=1796.3Hz agc=0.00079 power=7576193 shaper_sets=640
FLOW [proto@0x104c4949e] Rx - primary_channel_rx: baud_rate=0 high_carrier=1 carrier=1796.2Hz agc=0.00079 power=7626385 shaper_sets=640
FLOW [proto@0x104c4949e] Rx - primary_channel_rx: baud_rate=0 high_carrier=1 carrier=1796.2Hz agc=0.00079 power=7628749 shaper_sets=640
FLOW [proto@0x104c4949e] Rx - primary_channel_rx: baud_rate=0 high_carrier=1 carrier=1796.2Hz agc=0.00078 power=7644258 shaper_sets=640
FLOW [proto@0x104c4949e] Rx - Phase 3 Ja capture: emitted 50432 bits using hyp=0
FLOW [proto@0x104c4949e] Rx - primary_channel_rx: baud_rate=0 high_carrier=1 carrier=1796.3Hz agc=0.00078 power=7652443 shaper_sets=640
[ME] TX dump mark: sample=92800 rx_stage=10 tx_stage=55 mod=3
FLOW [proto@0x104c4949e] Rx - primary_channel_rx: baud_rate=0 high_carrier=1 carrier=1796.5Hz agc=0.00078 power=7644559 shaper_sets=640
FLOW [proto@0x104c4949e] Rx - primary_channel_rx: baud_rate=0 high_carrier=1 carrier=1796.3Hz agc=0.00079 power=7639828 shaper_sets=640
FLOW [proto@0x104c4949e] Rx - Phase 3 WAIT_S heartbeat: dur=1280 demod=0 event=0 j_bits=50558 trn_bits=47496 trn_hint=0/75%
FLOW [proto@0x104c4949e] Rx - primary_channel_rx: baud_rate=0 high_carrier=1 carrier=1796.2Hz agc=0.00079 power=7563159 shaper_sets=640
[ME] RX dump mark: sample=92800 rx_stage=10 tx_stage=55 mod=3 guard_db=-6.0 guard_valid=1
FLOW [proto@0x104c4949e] Rx - primary_channel_rx: baud_rate=0 high_carrier=1 carrier=1796.2Hz agc=0.00079 power=7636265 shaper_sets=640
FLOW [proto@0x104c4949e] Rx - Phase 3 TRN: best hyp=11 ones=35084/47616 (74%)
FLOW [proto@0x104c4949e] Rx - primary_channel_rx: baud_rate=0 high_carrier=1 carrier=1796.2Hz agc=0.00079 power=7589216 shaper_sets=640
FLOW [proto@0x104c4949e] Rx - Phase 3 Ja capture: emitted 50688 bits using hyp=0
FLOW [proto@0x104c4949e] Rx - primary_channel_rx: baud_rate=0 high_carrier=1 carrier=1796.2Hz agc=0.00079 power=7621145 shaper_sets=640
FLOW [proto@0x104c4949e] Rx - primary_channel_rx: baud_rate=0 high_carrier=1 carrier=1796.3Hz agc=0.00079 power=7564529 shaper_sets=640
FLOW [proto@0x104c4949e] Rx - primary_channel_rx: baud_rate=0 high_carrier=1 carrier=1796.4Hz agc=0.00079 power=7587563 shaper_sets=640
FLOW [proto@0x104c4949e] Rx - primary_channel_rx: baud_rate=0 high_carrier=1 carrier=1796.3Hz agc=0.00079 power=7588795 shaper_sets=640
FLOW [proto@0x104c4949e] Rx - primary_channel_rx: baud_rate=0 high_carrier=1 carrier=1796.2Hz agc=0.00079 power=7628106 shaper_sets=640
FLOW [proto@0x104c4949e] Rx - Phase 3 Ja capture: emitted 50944 bits using hyp=0
[ME] TX dump mark: sample=93600 rx_stage=10 tx_stage=55 mod=3
FLOW [proto@0x104c4949e] Rx - primary_channel_rx: baud_rate=0 high_carrier=1 carrier=1796.2Hz agc=0.00079 power=7547472 shaper_sets=640
FLOW [proto@0x104c4949e] Rx - primary_channel_rx: baud_rate=0 high_carrier=1 carrier=1796.2Hz agc=0.00079 power=7595996 shaper_sets=640
FLOW [proto@0x104c4949e] Rx - Phase 3 WAIT_S heartbeat: dur=1536 demod=0 event=0 j_bits=51070 trn_bits=48008 trn_hint=0/75%
[ME] TX path: state=3 mod=3 fax_active=0 v34=0x700020000 v22bis=0x0
[ME] DIAG: cr_update calls=900 phase_err=0.089 samples
FLOW [proto@0x104c4949e] Rx - primary_channel_rx: baud_rate=0 high_carrier=1 carrier=1796.3Hz agc=0.00079 power=7590093 shaper_sets=640
[ME] RX dump mark: sample=93600 rx_stage=10 tx_stage=55 mod=3 guard_db=-6.0 guard_valid=1
FLOW [proto@0x104c4949e] Rx - primary_channel_rx: baud_rate=0 high_carrier=1 carrier=1796.4Hz agc=0.00079 power=7602802 shaper_sets=640
FLOW [proto@0x104c4949e] Rx - primary_channel_rx: baud_rate=0 high_carrier=1 carrier=1796.4Hz agc=0.00079 power=7558791 shaper_sets=640
FLOW [proto@0x104c4949e] Rx - Phase 3 TRN: best hyp=11 ones=35454/48128 (74%)
FLOW [proto@0x104c4949e] Rx - Phase 3 Ja parser input: hyp0 len=51200 bits (stage=10, need ~16340 to parse)
FLOW [proto@0x104c4949e] Rx - Phase 3 Ja capture: emitted 51200 bits using hyp=0
FLOW [proto@0x104c4949e] Rx - primary_channel_rx: baud_rate=0 high_carrier=1 carrier=1796.3Hz agc=0.00079 power=7585144 shaper_sets=640
FLOW [proto@0x104c4949e] Rx - primary_channel_rx: baud_rate=0 high_carrier=1 carrier=1796.2Hz agc=0.00079 power=7609322 shaper_sets=640
FLOW [proto@0x104c4949e] Rx - primary_channel_rx: baud_rate=0 high_carrier=1 carrier=1796.2Hz agc=0.00079 power=7600870 shaper_sets=640
FLOW [proto@0x104c4949e] Rx - primary_channel_rx: baud_rate=0 high_carrier=1 carrier=1796.2Hz agc=0.00079 power=7606083 shaper_sets=640
FLOW [proto@0x104c4949e] Rx - primary_channel_rx: baud_rate=0 high_carrier=1 carrier=1796.3Hz agc=0.00079 power=7602274 shaper_sets=640
[ME] TX dump mark: sample=94400 rx_stage=10 tx_stage=55 mod=3
FLOW [proto@0x104c4949e] Rx - primary_channel_rx: baud_rate=0 high_carrier=1 carrier=1796.4Hz agc=0.00079 power=7596853 shaper_sets=640
FLOW [proto@0x104c4949e] Rx - Phase 3 Ja capture: emitted 51456 bits using hyp=0
FLOW [proto@0x104c4949e] Rx - primary_channel_rx: baud_rate=0 high_carrier=1 carrier=1796.3Hz agc=0.00079 power=7602730 shaper_sets=640
FLOW [proto@0x104c4949e] Rx - primary_channel_rx: baud_rate=0 high_carrier=1 carrier=1796.2Hz agc=0.00079 power=7590505 shaper_sets=640
FLOW [proto@0x104c4949e] Rx - Phase 3 WAIT_S heartbeat: dur=1792 demod=0 event=0 j_bits=51582 trn_bits=48520 trn_hint=0/75%
[ME] RX dump mark: sample=94400 rx_stage=10 tx_stage=55 mod=3 guard_db=-6.0 guard_valid=1
FLOW [proto@0x104c4949e] Rx - primary_channel_rx: baud_rate=0 high_carrier=1 carrier=1796.2Hz agc=0.00079 power=7461630 shaper_sets=640
FLOW [proto@0x104c4949e] Rx - primary_channel_rx: baud_rate=0 high_carrier=1 carrier=1796.2Hz agc=0.00079 power=7573321 shaper_sets=640
FLOW [proto@0x104c4949e] Rx - primary_channel_rx: baud_rate=0 high_carrier=1 carrier=1796.2Hz agc=0.00079 power=7575652 shaper_sets=640
FLOW [proto@0x104c4949e] Rx - Phase 3 TRN: best hyp=9 ones=35833/48640 (74%)
FLOW [proto@0x104c4949e] Rx - Phase 3 Ja capture: emitted 51712 bits using hyp=0
FLOW [proto@0x104c4949e] Rx - primary_channel_rx: baud_rate=0 high_carrier=1 carrier=1796.3Hz agc=0.00079 power=7518909 shaper_sets=640
FLOW [proto@0x104c4949e] Rx - primary_channel_rx: baud_rate=0 high_carrier=1 carrier=1796.4Hz agc=0.00079 power=7517998 shaper_sets=640
FLOW [proto@0x104c4949e] Rx - primary_channel_rx: baud_rate=0 high_carrier=1 carrier=1796.3Hz agc=0.00079 power=7509161 shaper_sets=640
FLOW [proto@0x104c4949e] Rx - primary_channel_rx: baud_rate=0 high_carrier=1 carrier=1796.2Hz agc=0.00079 power=7457378 shaper_sets=640
[ME] TX dump mark: sample=95200 rx_stage=10 tx_stage=55 mod=3
FLOW [proto@0x104c4949e] Rx - primary_channel_rx: baud_rate=0 high_carrier=1 carrier=1796.2Hz agc=0.00079 power=7453066 shaper_sets=640
FLOW [proto@0x104c4949e] Rx - Phase 3 Ja capture: emitted 51968 bits using hyp=0
FLOW [proto@0x104c4949e] Rx - primary_channel_rx: baud_rate=0 high_carrier=1 carrier=1796.2Hz agc=0.00079 power=7504716 shaper_sets=640
FLOW [proto@0x104c4949e] Rx - Phase 3 S baud 2000: mag=1.044 data_bits=3 alt=0/32 stable=0 dom=3:32/32 rev=0/32 counts=0,0,0,32
FLOW [proto@0x104c4949e] Rx - primary_channel_rx: baud_rate=0 high_carrier=1 carrier=1796.2Hz agc=0.00079 power=7493194 shaper_sets=640
[ME] RX dump mark: sample=95200 rx_stage=10 tx_stage=55 mod=3 guard_db=-6.0 guard_valid=1
FLOW [proto@0x104c4949e] Rx - primary_channel_rx: baud_rate=0 high_carrier=1 carrier=1796.4Hz agc=0.00079 power=7514833 shaper_sets=640
FLOW [proto@0x104c4949e] Rx - Phase 3 WAIT_S heartbeat: dur=2048 demod=0 event=0 j_bits=52094 trn_bits=49032 trn_hint=0/75%
FLOW [proto@0x104c4949e] Rx - primary_channel_rx: baud_rate=0 high_carrier=1 carrier=1796.4Hz agc=0.00079 power=7506333 shaper_sets=640
FLOW [proto@0x104c4949e] Rx - primary_channel_rx: baud_rate=0 high_carrier=1 carrier=1796.2Hz agc=0.00079 power=7510173 shaper_sets=640
FLOW [proto@0x104c4949e] Rx - Phase 3 TRN: best hyp=9 ones=36205/49152 (74%)
FLOW [proto@0x104c4949e] Rx - primary_channel_rx: baud_rate=0 high_carrier=1 carrier=1796.2Hz agc=0.00079 power=7462023 shaper_sets=640
FLOW [proto@0x104c4949e] Rx - Phase 3 Ja capture: emitted 52224 bits using hyp=0
FLOW [proto@0x104c4949e] Rx - primary_channel_rx: baud_rate=0 high_carrier=1 carrier=1796.1Hz agc=0.00079 power=7506217 shaper_sets=640
FLOW [proto@0x104c4949e] Rx - primary_channel_rx: baud_rate=0 high_carrier=1 carrier=1796.2Hz agc=0.00080 power=7443901 shaper_sets=640
FLOW [proto@0x104c4949e] Rx - primary_channel_rx: baud_rate=0 high_carrier=1 carrier=1796.3Hz agc=0.00080 power=7447767 shaper_sets=640
[ME] TX dump mark: sample=96000 rx_stage=10 tx_stage=55 mod=3
[ME] Training TX: RMS=0.0 (8000 samples)
FLOW [proto@0x104c4949e] Rx - primary_channel_rx: baud_rate=0 high_carrier=1 carrier=1796.4Hz agc=0.00080 power=7444249 shaper_sets=640
FLOW [proto@0x104c4949e] Rx - primary_channel_rx: baud_rate=0 high_carrier=1 carrier=1796.3Hz agc=0.00079 power=7525658 shaper_sets=640
FLOW [proto@0x104c4949e] Rx - Phase 3 Ja capture: emitted 52480 bits using hyp=0
[ME] Training rx: RMS=2734.0 (8000 samples)
FLOW [proto@0x104c4949e] Rx - primary_channel_rx: baud_rate=0 high_carrier=1 carrier=1796.2Hz agc=0.00079 power=7476986 shaper_sets=640
[ME] RX dump mark: sample=96000 rx_stage=10 tx_stage=55 mod=3 guard_db=-6.0 guard_valid=1
FLOW [proto@0x104c4949e] Rx - primary_channel_rx: baud_rate=0 high_carrier=1 carrier=1796.1Hz agc=0.00079 power=7529428 shaper_sets=640
FLOW [proto@0x104c4949e] Rx - Phase 3 WAIT_S heartbeat: dur=2304 demod=0 event=0 j_bits=52606 trn_bits=49544 trn_hint=0/75%
FLOW [proto@0x104c4949e] Rx - primary_channel_rx: baud_rate=0 high_carrier=1 carrier=1796.1Hz agc=0.00079 power=7474828 shaper_sets=640
FLOW [proto@0x104c4949e] Rx - primary_channel_rx: baud_rate=0 high_carrier=1 carrier=1796.2Hz agc=0.00079 power=7531219 shaper_sets=640
FLOW [proto@0x104c4949e] Rx - primary_channel_rx: baud_rate=0 high_carrier=1 carrier=1796.3Hz agc=0.00079 power=7475681 shaper_sets=640
FLOW [proto@0x104c4949e] Rx - Phase 3 TRN: best hyp=9 ones=36580/49664 (74%)
FLOW [proto@0x104c4949e] Rx - Phase 3 Ja capture: emitted 52736 bits using hyp=0
FLOW [proto@0x104c4949e] Rx - primary_channel_rx: baud_rate=0 high_carrier=1 carrier=1796.4Hz agc=0.00079 power=7499240 shaper_sets=640
FLOW [proto@0x104c4949e] Rx - primary_channel_rx: baud_rate=0 high_carrier=1 carrier=1796.2Hz agc=0.00079 power=7497074 shaper_sets=640
FLOW [proto@0x104c4949e] Rx - primary_channel_rx: baud_rate=0 high_carrier=1 carrier=1796.2Hz agc=0.00079 power=7477749 shaper_sets=640
[ME] TX dump mark: sample=96800 rx_stage=10 tx_stage=55 mod=3
FLOW [proto@0x104c4949e] Rx - primary_channel_rx: baud_rate=0 high_carrier=1 carrier=1796.1Hz agc=0.00079 power=7547355 shaper_sets=640
FLOW [proto@0x104c4949e] Rx - primary_channel_rx: baud_rate=0 high_carrier=1 carrier=1796.1Hz agc=0.00079 power=7496669 shaper_sets=640
FLOW [proto@0x104c4949e] Rx - primary_channel_rx: baud_rate=0 high_carrier=1 carrier=1796.2Hz agc=0.00079 power=7482490 shaper_sets=640
FLOW [proto@0x104c4949e] Rx - Phase 3 Ja capture: emitted 52992 bits using hyp=0
[ME] RX dump mark: sample=96800 rx_stage=10 tx_stage=55 mod=3 guard_db=-6.0 guard_valid=1
FLOW [proto@0x104c4949e] Rx - primary_channel_rx: baud_rate=0 high_carrier=1 carrier=1796.3Hz agc=0.00079 power=7532500 shaper_sets=640
FLOW [proto@0x104c4949e] Rx - primary_channel_rx: baud_rate=0 high_carrier=1 carrier=1796.3Hz agc=0.00079 power=7473668 shaper_sets=640
FLOW [proto@0x104c4949e] Rx - Phase 3 WAIT_S heartbeat: dur=2560 demod=0 event=0 j_bits=53118 trn_bits=50056 trn_hint=0/75%
FLOW [proto@0x104c4949e] Rx - primary_channel_rx: baud_rate=0 high_carrier=1 carrier=1796.2Hz agc=0.00079 power=7505655 shaper_sets=640
FLOW [proto@0x104c4949e] Rx - primary_channel_rx: baud_rate=0 high_carrier=1 carrier=1796.1Hz agc=0.00079 power=7482070 shaper_sets=640
FLOW [proto@0x104c4949e] Rx - primary_channel_rx: baud_rate=0 high_carrier=1 carrier=1796.1Hz agc=0.00079 power=7524738 shaper_sets=640
FLOW [proto@0x104c4949e] Rx - Phase 3 TRN: best hyp=9 ones=36949/50176 (74%)
FLOW [proto@0x104c4949e] Rx - Phase 3 Ja parser input: hyp0 len=53248 bits (stage=10, need ~16340 to parse)
FLOW [proto@0x104c4949e] Rx - Phase 3 Ja capture: emitted 53248 bits using hyp=0
FLOW [proto@0x104c4949e] Rx - primary_channel_rx: baud_rate=0 high_carrier=1 carrier=1796.1Hz agc=0.00079 power=7481234 shaper_sets=640
FLOW [proto@0x104c4949e] Rx - primary_channel_rx: baud_rate=0 high_carrier=1 carrier=1796.2Hz agc=0.00079 power=7536297 shaper_sets=640
[ME] TX dump mark: sample=97600 rx_stage=10 tx_stage=55 mod=3
FLOW [proto@0x104c4949e] Rx - primary_channel_rx: baud_rate=0 high_carrier=1 carrier=1796.4Hz agc=0.00079 power=7490234 shaper_sets=640
FLOW [proto@0x104c4949e] Rx - primary_channel_rx: baud_rate=0 high_carrier=1 carrier=1796.2Hz agc=0.00079 power=7484201 shaper_sets=640
FLOW [proto@0x104c4949e] Rx - primary_channel_rx: baud_rate=0 high_carrier=1 carrier=1796.1Hz agc=0.00079 power=7478034 shaper_sets=640
FLOW [proto@0x104c4949e] Rx - Phase 3 Ja capture: emitted 53504 bits using hyp=0
[ME] RX dump mark: sample=97600 rx_stage=10 tx_stage=55 mod=3 guard_db=-6.0 guard_valid=1
FLOW [proto@0x104c4949e] Rx - primary_channel_rx: baud_rate=0 high_carrier=1 carrier=1796.1Hz agc=0.00079 power=7481986 shaper_sets=640
FLOW [proto@0x104c4949e] Rx - primary_channel_rx: baud_rate=0 high_carrier=1 carrier=1796.1Hz agc=0.00079 power=7480978 shaper_sets=640
FLOW [proto@0x104c4949e] Rx - primary_channel_rx: baud_rate=0 high_carrier=1 carrier=1796.2Hz agc=0.00079 power=7517441 shaper_sets=640
FLOW [proto@0x104c4949e] Rx - Phase 3 WAIT_S heartbeat: dur=2816 demod=0 event=0 j_bits=53630 trn_bits=50568 trn_hint=0/75%
FLOW [proto@0x104c4949e] Rx - primary_channel_rx: baud_rate=0 high_carrier=1 carrier=1796.3Hz agc=0.00079 power=7565546 shaper_sets=640
FLOW [proto@0x104c4949e] Rx - primary_channel_rx: baud_rate=0 high_carrier=1 carrier=1796.3Hz agc=0.00079 power=7515297 shaper_sets=640
FLOW [proto@0x104c4949e] Rx - Phase 3 TRN: best hyp=9 ones=37317/50688 (74%)
FLOW [proto@0x104c4949e] Rx - primary_channel_rx: baud_rate=0 high_carrier=1 carrier=1796.2Hz agc=0.00079 power=7517084 shaper_sets=640
FLOW [proto@0x104c4949e] Rx - Phase 3 Ja capture: emitted 53760 bits using hyp=0
FLOW [proto@0x104c4949e] Rx - primary_channel_rx: baud_rate=0 high_carrier=1 carrier=1796.1Hz agc=0.00079 power=7560053 shaper_sets=640
[ME] TX dump mark: sample=98400 rx_stage=10 tx_stage=55 mod=3
FLOW [proto@0x104c4949e] Rx - primary_channel_rx: baud_rate=0 high_carrier=1 carrier=1796.1Hz agc=0.00079 power=7509725 shaper_sets=640
FLOW [proto@0x104c4949e] Rx - primary_channel_rx: baud_rate=0 high_carrier=1 carrier=1796.1Hz agc=0.00079 power=7512212 shaper_sets=640
FLOW [proto@0x104c4949e] Rx - primary_channel_rx: baud_rate=0 high_carrier=1 carrier=1796.2Hz agc=0.00079 power=7510470 shaper_sets=640
FLOW [proto@0x104c4949e] Rx - Phase 3 S baud 3000: mag=0.990 data_bits=3 alt=0/32 stable=0 dom=3:32/32 rev=0/32 counts=0,0,0,32
[ME] RX dump mark: sample=98400 rx_stage=10 tx_stage=55 mod=3 guard_db=-6.0 guard_valid=1
FLOW [proto@0x104c4949e] Rx - primary_channel_rx: baud_rate=0 high_carrier=1 carrier=1796.3Hz agc=0.00079 power=7512298 shaper_sets=640
FLOW [proto@0x104c4949e] Rx - Phase 3 Ja capture: emitted 54016 bits using hyp=0
FLOW [proto@0x104c4949e] Rx - primary_channel_rx: baud_rate=0 high_carrier=1 carrier=1796.2Hz agc=0.00079 power=7522101 shaper_sets=640
FLOW [proto@0x104c4949e] Rx - primary_channel_rx: baud_rate=0 high_carrier=1 carrier=1796.1Hz agc=0.00079 power=7517699 shaper_sets=640
FLOW [proto@0x104c4949e] Rx - Phase 3 WAIT_S heartbeat: dur=3072 demod=0 event=0 j_bits=54142 trn_bits=51080 trn_hint=0/75%
FLOW [proto@0x104c4949e] Rx - primary_channel_rx: baud_rate=0 high_carrier=1 carrier=1796.1Hz agc=0.00079 power=7522692 shaper_sets=640
FLOW [proto@0x104c4949e] Rx - primary_channel_rx: baud_rate=0 high_carrier=1 carrier=1796.1Hz agc=0.00079 power=7522089 shaper_sets=640
FLOW [proto@0x104c4949e] Rx - primary_channel_rx: baud_rate=0 high_carrier=1 carrier=1796.1Hz agc=0.00079 power=7522835 shaper_sets=640
FLOW [proto@0x104c4949e] Rx - Phase 3 TRN: best hyp=9 ones=37695/51200 (74%)
FLOW [proto@0x104c4949e] Rx - Phase 3 Ja capture: emitted 54272 bits using hyp=0
FLOW [proto@0x104c4949e] Rx - primary_channel_rx: baud_rate=0 high_carrier=1 carrier=1796.2Hz agc=0.00079 power=7522228 shaper_sets=640
[ME] TX dump mark: sample=99200 rx_stage=10 tx_stage=55 mod=3
FLOW [proto@0x104c4949e] Rx - primary_channel_rx: baud_rate=0 high_carrier=1 carrier=1796.3Hz agc=0.00079 power=7523304 shaper_sets=640
FLOW [proto@0x104c4949e] Rx - primary_channel_rx: baud_rate=0 high_carrier=1 carrier=1796.2Hz agc=0.00079 power=7520286 shaper_sets=640
FLOW [proto@0x104c4949e] Rx - primary_channel_rx: baud_rate=0 high_carrier=1 carrier=1796.1Hz agc=0.00079 power=7504377 shaper_sets=640
[ME] RX dump mark: sample=99200 rx_stage=10 tx_stage=55 mod=3 guard_db=-6.0 guard_valid=1
FLOW [proto@0x104c4949e] Rx - primary_channel_rx: baud_rate=0 high_carrier=1 carrier=1796.0Hz agc=0.00079 power=7481146 shaper_sets=640
FLOW [proto@0x104c4949e] Rx - primary_channel_rx: baud_rate=0 high_carrier=1 carrier=1796.1Hz agc=0.00079 power=7478176 shaper_sets=640
FLOW [proto@0x104c4949e] Rx - Phase 3 Ja capture: emitted 54528 bits using hyp=0
FLOW [proto@0x104c4949e] Rx - primary_channel_rx: baud_rate=0 high_carrier=1 carrier=1796.2Hz agc=0.00079 power=7453782 shaper_sets=640
FLOW [proto@0x104c4949e] Rx - primary_channel_rx: baud_rate=0 high_carrier=1 carrier=1796.3Hz agc=0.00079 power=7468841 shaper_sets=640
FLOW [proto@0x104c4949e] Rx - Phase 3 WAIT_S heartbeat: dur=3328 demod=0 event=0 j_bits=54654 trn_bits=51592 trn_hint=0/75%
FLOW [proto@0x104c4949e] Rx - primary_channel_rx: baud_rate=0 high_carrier=1 carrier=1796.2Hz agc=0.00080 power=7447731 shaper_sets=640
FLOW [proto@0x104c4949e] Rx - primary_channel_rx: baud_rate=0 high_carrier=1 carrier=1796.1Hz agc=0.00079 power=7468888 shaper_sets=640
FLOW [proto@0x104c4949e] Rx - primary_channel_rx: baud_rate=0 high_carrier=1 carrier=1796.0Hz agc=0.00079 power=7451250 shaper_sets=640
FLOW [proto@0x104c4949e] Rx - Phase 3 TRN: best hyp=9 ones=38063/51712 (74%)
FLOW [proto@0x104c4949e] Rx - Phase 3 Ja capture: emitted 54784 bits using hyp=0
[ME] TX dump mark: sample=100000 rx_stage=10 tx_stage=55 mod=3
FLOW [proto@0x104c4949e] Rx - primary_channel_rx: baud_rate=0 high_carrier=1 carrier=1796.0Hz agc=0.00079 power=7461799 shaper_sets=640
FLOW [proto@0x104c4949e] Rx - primary_channel_rx: baud_rate=0 high_carrier=1 carrier=1796.1Hz agc=0.00079 power=7462862 shaper_sets=640
FLOW [proto@0x104c4949e] Rx - primary_channel_rx: baud_rate=0 high_carrier=1 carrier=1796.2Hz agc=0.00079 power=7471273 shaper_sets=640
[ME] RX dump mark: sample=100000 rx_stage=10 tx_stage=55 mod=3 guard_db=-6.0 guard_valid=1
FLOW [proto@0x104c4949e] Rx - primary_channel_rx: baud_rate=0 high_carrier=1 carrier=1796.3Hz agc=0.00079 power=7468700 shaper_sets=640
FLOW [proto@0x104c4949e] Rx - primary_channel_rx: baud_rate=0 high_carrier=1 carrier=1796.1Hz agc=0.00079 power=7464346 shaper_sets=640
FLOW [proto@0x104c4949e] Rx - Phase 3 Ja capture: emitted 55040 bits using hyp=0
FLOW [proto@0x104c4949e] Rx - primary_channel_rx: baud_rate=0 high_carrier=1 carrier=1796.0Hz agc=0.00079 power=7464082 shaper_sets=640
FLOW [proto@0x104c4949e] Rx - primary_channel_rx: baud_rate=0 high_carrier=1 carrier=1796.0Hz agc=0.00079 power=7463809 shaper_sets=640
FLOW [proto@0x104c4949e] Rx - primary_channel_rx: baud_rate=0 high_carrier=1 carrier=1796.1Hz agc=0.00079 power=7471906 shaper_sets=640
FLOW [proto@0x104c4949e] Rx - Phase 3 WAIT_S heartbeat: dur=3584 demod=0 event=0 j_bits=55166 trn_bits=52104 trn_hint=0/75%
FLOW [proto@0x104c4949e] Rx - primary_channel_rx: baud_rate=0 high_carrier=1 carrier=1796.1Hz agc=0.00079 power=7472054 shaper_sets=640
FLOW [proto@0x104c4949e] Rx - primary_channel_rx: baud_rate=0 high_carrier=1 carrier=1796.3Hz agc=0.00079 power=7472288 shaper_sets=640
FLOW [proto@0x104c4949e] Rx - Phase 3 TRN: best hyp=9 ones=38435/52224 (74%)
[ME] TX dump mark: sample=100800 rx_stage=10 tx_stage=55 mod=3
FLOW [proto@0x104c4949e] Rx - primary_channel_rx: baud_rate=0 high_carrier=1 carrier=1796.2Hz agc=0.00079 power=7468198 shaper_sets=640
FLOW [proto@0x104c4949e] Rx - Phase 3 Ja parser input: hyp0 len=55296 bits (stage=10, need ~16340 to parse)
FLOW [proto@0x104c4949e] Rx - Phase 3 Ja capture: emitted 55296 bits using hyp=0
FLOW [proto@0x104c4949e] Rx - primary_channel_rx: baud_rate=0 high_carrier=1 carrier=1796.1Hz agc=0.00079 power=7468557 shaper_sets=640
FLOW [proto@0x104c4949e] Rx - primary_channel_rx: baud_rate=0 high_carrier=1 carrier=1796.0Hz agc=0.00079 power=7468636 shaper_sets=640
[ME] RX dump mark: sample=100800 rx_stage=10 tx_stage=55 mod=3 guard_db=-6.0 guard_valid=1
FLOW [proto@0x104c4949e] Rx - primary_channel_rx: baud_rate=0 high_carrier=1 carrier=1796.0Hz agc=0.00079 power=7473542 shaper_sets=640
FLOW [proto@0x104c4949e] Rx - primary_channel_rx: baud_rate=0 high_carrier=1 carrier=1796.1Hz agc=0.00079 power=7473397 shaper_sets=640
FLOW [proto@0x104c4949e] Rx - primary_channel_rx: baud_rate=0 high_carrier=1 carrier=1796.2Hz agc=0.00079 power=7473735 shaper_sets=640
FLOW [proto@0x104c4949e] Rx - Phase 3 Ja capture: emitted 55552 bits using hyp=0
FLOW [proto@0x104c4949e] Rx - primary_channel_rx: baud_rate=0 high_carrier=1 carrier=1796.2Hz agc=0.00079 power=7473736 shaper_sets=640
FLOW [proto@0x104c4949e] Rx - primary_channel_rx: baud_rate=0 high_carrier=1 carrier=1796.1Hz agc=0.00079 power=7472006 shaper_sets=640
FLOW [proto@0x104c4949e] Rx - Phase 3 WAIT_S heartbeat: dur=3840 demod=0 event=0 j_bits=55678 trn_bits=52616 trn_hint=0/75%
FLOW [proto@0x104c4949e] Rx - primary_channel_rx: baud_rate=0 high_carrier=1 carrier=1796.0Hz agc=0.00079 power=7473380 shaper_sets=640
FLOW [proto@0x104c4949e] Rx - primary_channel_rx: baud_rate=0 high_carrier=1 carrier=1796.0Hz agc=0.00079 power=7472607 shaper_sets=640
[ME] TX dump mark: sample=101600 rx_stage=10 tx_stage=55 mod=3
FLOW [proto@0x104c4949e] Rx - primary_channel_rx: baud_rate=0 high_carrier=1 carrier=1796.1Hz agc=0.00079 power=7461646 shaper_sets=640
FLOW [proto@0x104c4949e] Rx - Phase 3 TRN: best hyp=9 ones=38814/52736 (74%)
FLOW [proto@0x104c4949e] Rx - Phase 3 Ja capture: emitted 55808 bits using hyp=0
FLOW [proto@0x104c4949e] Rx - primary_channel_rx: baud_rate=0 high_carrier=1 carrier=1796.1Hz agc=0.00079 power=7478210 shaper_sets=640
[ME] TX path: state=3 mod=3 fax_active=0 v34=0x700020000 v22bis=0x0
FLOW [proto@0x104c4949e] Rx - primary_channel_rx: baud_rate=0 high_carrier=1 carrier=1796.3Hz agc=0.00079 power=7480828 shaper_sets=640
[ME] RX dump mark: sample=101600 rx_stage=10 tx_stage=55 mod=3 guard_db=-6.0 guard_valid=1
FLOW [proto@0x104c4949e] Rx - primary_channel_rx: baud_rate=0 high_carrier=1 carrier=1796.1Hz agc=0.00079 power=7479548 shaper_sets=640
FLOW [proto@0x104c4949e] Rx - primary_channel_rx: baud_rate=0 high_carrier=1 carrier=1796.0Hz agc=0.00079 power=7479562 shaper_sets=640
FLOW [proto@0x104c4949e] Rx - Phase 3 S baud 4000: mag=1.014 data_bits=3 alt=0/32 stable=0 dom=3:32/32 rev=0/32 counts=0,0,0,32
FLOW [proto@0x104c4949e] Rx - primary_channel_rx: baud_rate=0 high_carrier=1 carrier=1796.0Hz agc=0.00079 power=7480052 shaper_sets=640
FLOW [proto@0x104c4949e] Rx - primary_channel_rx: baud_rate=0 high_carrier=1 carrier=1796.0Hz agc=0.00079 power=7480062 shaper_sets=640
FLOW [proto@0x104c4949e] Rx - Phase 3 Ja capture: emitted 56064 bits using hyp=0
FLOW [proto@0x104c4949e] Rx - primary_channel_rx: baud_rate=0 high_carrier=1 carrier=1796.1Hz agc=0.00079 power=7467405 shaper_sets=640
FLOW [proto@0x104c4949e] Rx - primary_channel_rx: baud_rate=0 high_carrier=1 carrier=1796.2Hz agc=0.00079 power=7483959 shaper_sets=640
FLOW [proto@0x104c4949e] Rx - Phase 3 WAIT_S heartbeat: dur=4096 demod=0 event=0 j_bits=56190 trn_bits=53128 trn_hint=0/75%
FLOW [proto@0x104c4949e] Rx - primary_channel_rx: baud_rate=0 high_carrier=1 carrier=1796.2Hz agc=0.00079 power=7488387 shaper_sets=640
[ME] TX dump mark: sample=102400 rx_stage=10 tx_stage=55 mod=3
FLOW [proto@0x104c4949e] Rx - primary_channel_rx: baud_rate=0 high_carrier=1 carrier=1796.1Hz agc=0.00079 power=7476770 shaper_sets=640
FLOW [proto@0x104c4949e] Rx - primary_channel_rx: baud_rate=0 high_carrier=1 carrier=1796.0Hz agc=0.00079 power=7491218 shaper_sets=640
FLOW [proto@0x104c4949e] Rx - Phase 3 TRN: best hyp=11 ones=39184/53248 (74%)
FLOW [proto@0x104c4949e] Rx - Phase 3 Ja capture: emitted 56320 bits using hyp=0
FLOW [proto@0x104c4949e] Rx - primary_channel_rx: baud_rate=0 high_carrier=1 carrier=1796.0Hz agc=0.00079 power=7476831 shaper_sets=640
[ME] RX dump mark: sample=102400 rx_stage=10 tx_stage=55 mod=3 guard_db=-6.0 guard_valid=1
FLOW [proto@0x104c4949e] Rx - primary_channel_rx: baud_rate=0 high_carrier=1 carrier=1796.0Hz agc=0.00079 power=7476834 shaper_sets=640
FLOW [proto@0x104c4949e] Rx - primary_channel_rx: baud_rate=0 high_carrier=1 carrier=1796.1Hz agc=0.00079 power=7476650 shaper_sets=640
FLOW [proto@0x104c4949e] Rx - primary_channel_rx: baud_rate=0 high_carrier=1 carrier=1796.2Hz agc=0.00079 power=7491803 shaper_sets=640
FLOW [proto@0x104c4949e] Rx - primary_channel_rx: baud_rate=0 high_carrier=1 carrier=1796.1Hz agc=0.00079 power=7489035 shaper_sets=640
FLOW [proto@0x104c4949e] Rx - Phase 3 Ja capture: emitted 56576 bits using hyp=0
FLOW [proto@0x104c4949e] Rx - primary_channel_rx: baud_rate=0 high_carrier=1 carrier=1796.0Hz agc=0.00079 power=7489453 shaper_sets=640
FLOW [proto@0x104c4949e] Rx - primary_channel_rx: baud_rate=0 high_carrier=1 carrier=1796.0Hz agc=0.00079 power=7477171 shaper_sets=640
FLOW [proto@0x104c4949e] Rx - primary_channel_rx: baud_rate=0 high_carrier=1 carrier=1796.0Hz agc=0.00079 power=7526404 shaper_sets=640
FLOW [proto@0x104c4949e] Rx - Phase 3 WAIT_S heartbeat: dur=4352 demod=0 event=0 j_bits=56702 trn_bits=53640 trn_hint=0/75%
[ME] TX dump mark: sample=103200 rx_stage=10 tx_stage=55 mod=3
FLOW [proto@0x104c4949e] Rx - primary_channel_rx: baud_rate=0 high_carrier=1 carrier=1796.1Hz agc=0.00079 power=7493325 shaper_sets=640
FLOW [proto@0x104c4949e] Rx - primary_channel_rx: baud_rate=0 high_carrier=1 carrier=1796.2Hz agc=0.00079 power=7561141 shaper_sets=640
FLOW [proto@0x104c4949e] Rx - Phase 3 TRN: best hyp=9 ones=39551/53760 (74%)
FLOW [proto@0x104c4949e] Rx - primary_channel_rx: baud_rate=0 high_carrier=1 carrier=1796.2Hz agc=0.00079 power=7556026 shaper_sets=640
FLOW [proto@0x104c4949e] Rx - Phase 3 Ja capture: emitted 56832 bits using hyp=0
[ME] RX dump mark: sample=103200 rx_stage=10 tx_stage=55 mod=3 guard_db=-6.0 guard_valid=1
FLOW [proto@0x104c4949e] Rx - primary_channel_rx: baud_rate=0 high_carrier=1 carrier=1796.1Hz agc=0.00079 power=7561466 shaper_sets=640
FLOW [proto@0x104c4949e] Rx - primary_channel_rx: baud_rate=0 high_carrier=1 carrier=1796.0Hz agc=0.00079 power=7559351 shaper_sets=640
FLOW [proto@0x104c4949e] Rx - primary_channel_rx: baud_rate=0 high_carrier=1 carrier=1796.0Hz agc=0.00079 power=7553049 shaper_sets=640
FLOW [proto@0x104c4949e] Rx - primary_channel_rx: baud_rate=0 high_carrier=1 carrier=1796.1Hz agc=0.00079 power=7561215 shaper_sets=640
FLOW [proto@0x104c4949e] Rx - primary_channel_rx: baud_rate=0 high_carrier=1 carrier=1796.2Hz agc=0.00079 power=7548108 shaper_sets=640
FLOW [proto@0x104c4949e] Rx - Phase 3 Ja capture: emitted 57088 bits using hyp=0
FLOW [proto@0x104c4949e] Rx - primary_channel_rx: baud_rate=0 high_carrier=1 carrier=1796.2Hz agc=0.00079 power=7548269 shaper_sets=640
FLOW [proto@0x104c4949e] Rx - primary_channel_rx: baud_rate=0 high_carrier=1 carrier=1796.1Hz agc=0.00079 power=7540702 shaper_sets=640
FLOW [proto@0x104c4949e] Rx - Phase 3 WAIT_S heartbeat: dur=4608 demod=0 event=0 j_bits=57214 trn_bits=54152 trn_hint=0/75%
[ME] TX dump mark: sample=104000 rx_stage=10 tx_stage=55 mod=3
[ME] Training TX: RMS=0.0 (8000 samples)
FLOW [proto@0x104c4949e] Rx - primary_channel_rx: baud_rate=0 high_carrier=1 carrier=1796.0Hz agc=0.00079 power=7567421 shaper_sets=640
FLOW [proto@0x104c4949e] Rx - primary_channel_rx: baud_rate=0 high_carrier=1 carrier=1796.0Hz agc=0.00079 power=7518443 shaper_sets=640
[ME] Training rx: RMS=2730.3 (8000 samples)
FLOW [proto@0x104c4949e] Rx - primary_channel_rx: baud_rate=0 high_carrier=1 carrier=1796.0Hz agc=0.00079 power=7516131 shaper_sets=640
FLOW [proto@0x104c4949e] Rx - Phase 3 TRN: best hyp=11 ones=39932/54272 (74%)
FLOW [proto@0x104c4949e] Rx - Phase 3 Ja parser input: hyp0 len=57344 bits (stage=10, need ~16340 to parse)
FLOW [proto@0x104c4949e] Rx - Phase 3 Ja capture: emitted 57344 bits using hyp=0
[ME] RX dump mark: sample=104000 rx_stage=10 tx_stage=55 mod=3 guard_db=-6.0 guard_valid=1
FLOW [proto@0x104c4949e] Rx - primary_channel_rx: baud_rate=0 high_carrier=1 carrier=1796.1Hz agc=0.00079 power=7544380 shaper_sets=640
FLOW [proto@0x104c4949e] Rx - primary_channel_rx: baud_rate=0 high_carrier=1 carrier=1796.3Hz agc=0.00079 power=7512660 shaper_sets=640
FLOW [proto@0x104c4949e] Rx - primary_channel_rx: baud_rate=0 high_carrier=1 carrier=1796.1Hz agc=0.00079 power=7514288 shaper_sets=640
FLOW [proto@0x104c4949e] Rx - primary_channel_rx: baud_rate=0 high_carrier=1 carrier=1796.0Hz agc=0.00079 power=7522258 shaper_sets=640
FLOW [proto@0x104c4949e] Rx - primary_channel_rx: baud_rate=0 high_carrier=1 carrier=1796.0Hz agc=0.00079 power=7524630 shaper_sets=640
FLOW [proto@0x104c4949e] Rx - primary_channel_rx: baud_rate=0 high_carrier=1 carrier=1796.0Hz agc=0.00079 power=7564069 shaper_sets=640
FLOW [proto@0x104c4949e] Rx - Phase 3 Ja capture: emitted 57600 bits using hyp=0
FLOW [proto@0x104c4949e] Rx - primary_channel_rx: baud_rate=0 high_carrier=1 carrier=1796.1Hz agc=0.00079 power=7520964 shaper_sets=640
[ME] TX dump mark: sample=104800 rx_stage=10 tx_stage=55 mod=3
FLOW [proto@0x104c4949e] Rx - primary_channel_rx: baud_rate=0 high_carrier=1 carrier=1796.2Hz agc=0.00079 power=7520633 shaper_sets=640
FLOW [proto@0x104c4949e] Rx - Phase 3 WAIT_S heartbeat: dur=4864 demod=0 event=0 j_bits=57726 trn_bits=54664 trn_hint=0/75%
FLOW [proto@0x104c4949e] Rx - primary_channel_rx: baud_rate=0 high_carrier=1 carrier=1796.2Hz agc=0.00079 power=7520551 shaper_sets=640
FLOW [proto@0x104c4949e] Rx - primary_channel_rx: baud_rate=0 high_carrier=1 carrier=1796.0Hz agc=0.00079 power=7561123 shaper_sets=640
[ME] RX dump mark: sample=104800 rx_stage=10 tx_stage=55 mod=3 guard_db=-6.0 guard_valid=1
FLOW [proto@0x104c4949e] Rx - primary_channel_rx: baud_rate=0 high_carrier=1 carrier=1796.0Hz agc=0.00079 power=7463117 shaper_sets=640
FLOW [proto@0x104c4949e] Rx - Phase 3 TRN: best hyp=11 ones=40302/54784 (74%)
FLOW [proto@0x104c4949e] Rx - Phase 3 Ja capture: emitted 57856 bits using hyp=0
FLOW [proto@0x104c4949e] Rx - primary_channel_rx: baud_rate=0 high_carrier=1 carrier=1796.0Hz agc=0.00079 power=7506346 shaper_sets=640
FLOW [proto@0x104c4949e] Rx - primary_channel_rx: baud_rate=0 high_carrier=1 carrier=1796.0Hz agc=0.00079 power=7517561 shaper_sets=640
FLOW [proto@0x104c4949e] Rx - primary_channel_rx: baud_rate=0 high_carrier=1 carrier=1796.1Hz agc=0.00079 power=7556807 shaper_sets=640
FLOW [proto@0x104c4949e] Rx - Phase 3 S baud 5000: mag=1.048 data_bits=3 alt=0/32 stable=0 dom=3:32/32 rev=0/32 counts=0,0,0,32
FLOW [proto@0x104c4949e] Rx - primary_channel_rx: baud_rate=0 high_carrier=1 carrier=1796.2Hz agc=0.00079 power=7463870 shaper_sets=640
FLOW [proto@0x104c4949e] Rx - primary_channel_rx: baud_rate=0 high_carrier=1 carrier=1796.1Hz agc=0.00079 power=7560451 shaper_sets=640
FLOW [proto@0x104c4949e] Rx - Phase 3 Ja capture: emitted 58112 bits using hyp=0
FLOW [proto@0x104c4949e] Rx - primary_channel_rx: baud_rate=0 high_carrier=1 carrier=1796.0Hz agc=0.00079 power=7490208 shaper_sets=640
[ME] TX dump mark: sample=105600 rx_stage=10 tx_stage=55 mod=3
FLOW [proto@0x104c4949e] Rx - primary_channel_rx: baud_rate=0 high_carrier=1 carrier=1796.0Hz agc=0.00079 power=7488186 shaper_sets=640
FLOW [proto@0x104c4949e] Rx - primary_channel_rx: baud_rate=0 high_carrier=1 carrier=1796.0Hz agc=0.00079 power=7461157 shaper_sets=640
FLOW [proto@0x104c4949e] Rx - Phase 3 WAIT_S heartbeat: dur=5120 demod=0 event=0 j_bits=58238 trn_bits=55176 trn_hint=0/75%
FLOW [proto@0x104c4949e] Rx - primary_channel_rx: baud_rate=0 high_carrier=1 carrier=1796.1Hz agc=0.00079 power=7486820 shaper_sets=640
[ME] RX dump mark: sample=105600 rx_stage=10 tx_stage=55 mod=3 guard_db=-6.0 guard_valid=1
FLOW [proto@0x104c4949e] Rx - primary_channel_rx: baud_rate=0 high_carrier=1 carrier=1796.2Hz agc=0.00079 power=7463466 shaper_sets=640
FLOW [proto@0x104c4949e] Rx - Phase 3 TRN: best hyp=11 ones=40670/55296 (74%)
FLOW [proto@0x104c4949e] Rx - primary_channel_rx: baud_rate=0 high_carrier=1 carrier=1796.1Hz agc=0.00079 power=7464065 shaper_sets=640
FLOW [proto@0x104c4949e] Rx - Phase 3 Ja capture: emitted 58368 bits using hyp=0
FLOW [proto@0x104c4949e] Rx - primary_channel_rx: baud_rate=0 high_carrier=1 carrier=1796.0Hz agc=0.00079 power=7451742 shaper_sets=640
FLOW [proto@0x104c4949e] Rx - primary_channel_rx: baud_rate=0 high_carrier=1 carrier=1796.0Hz agc=0.00080 power=7450295 shaper_sets=640
FLOW [proto@0x104c4949e] Rx - primary_channel_rx: baud_rate=0 high_carrier=1 carrier=1796.0Hz agc=0.00080 power=7449822 shaper_sets=640
FLOW [proto@0x104c4949e] Rx - primary_channel_rx: baud_rate=0 high_carrier=1 carrier=1796.0Hz agc=0.00080 power=7450007 shaper_sets=640
FLOW [proto@0x104c4949e] Rx - primary_channel_rx: baud_rate=0 high_carrier=1 carrier=1796.1Hz agc=0.00080 power=7436986 shaper_sets=640
FLOW [proto@0x104c4949e] Rx - Phase 3 Ja capture: emitted 58624 bits using hyp=0
[ME] TX dump mark: sample=106400 rx_stage=10 tx_stage=55 mod=3
FLOW [proto@0x104c4949e] Rx - primary_channel_rx: baud_rate=0 high_carrier=1 carrier=1796.1Hz agc=0.00080 power=7438682 shaper_sets=640
FLOW [proto@0x104c4949e] Rx - primary_channel_rx: baud_rate=0 high_carrier=1 carrier=1796.0Hz agc=0.00080 power=7437286 shaper_sets=640
FLOW [proto@0x104c4949e] Rx - Phase 3 WAIT_S heartbeat: dur=5376 demod=0 event=0 j_bits=58750 trn_bits=55688 trn_hint=0/75%
FLOW [proto@0x104c4949e] Rx - primary_channel_rx: baud_rate=0 high_carrier=1 carrier=1795.9Hz agc=0.00080 power=7422696 shaper_sets=640
[ME] RX dump mark: sample=106400 rx_stage=10 tx_stage=55 mod=3 guard_db=-6.0 guard_valid=1
FLOW [proto@0x104c4949e] Rx - primary_channel_rx: baud_rate=0 high_carrier=1 carrier=1795.9Hz agc=0.00080 power=7425859 shaper_sets=640
FLOW [proto@0x104c4949e] Rx - primary_channel_rx: baud_rate=0 high_carrier=1 carrier=1796.0Hz agc=0.00079 power=7451558 shaper_sets=640
FLOW [proto@0x104c4949e] Rx - Phase 3 TRN: best hyp=11 ones=41049/55808 (74%)
FLOW [proto@0x104c4949e] Rx - Phase 3 Ja capture: emitted 58880 bits using hyp=0
FLOW [proto@0x104c4949e] Rx - primary_channel_rx: baud_rate=0 high_carrier=1 carrier=1796.1Hz agc=0.00080 power=7447663 shaper_sets=640
FLOW [proto@0x104c4949e] Rx - primary_channel_rx: baud_rate=0 high_carrier=1 carrier=1796.1Hz agc=0.00080 power=7447841 shaper_sets=640
FLOW [proto@0x104c4949e] Rx - primary_channel_rx: baud_rate=0 high_carrier=1 carrier=1796.0Hz agc=0.00080 power=7447928 shaper_sets=640
FLOW [proto@0x104c4949e] Rx - primary_channel_rx: baud_rate=0 high_carrier=1 carrier=1795.9Hz agc=0.00080 power=7449442 shaper_sets=640
FLOW [proto@0x104c4949e] Rx - primary_channel_rx: baud_rate=0 high_carrier=1 carrier=1795.9Hz agc=0.00080 power=7439915 shaper_sets=640
[ME] TX dump mark: sample=107200 rx_stage=10 tx_stage=55 mod=3
FLOW [proto@0x104c4949e] Rx - primary_channel_rx: baud_rate=0 high_carrier=1 carrier=1796.0Hz agc=0.00079 power=7451995 shaper_sets=640
FLOW [proto@0x104c4949e] Rx - Phase 3 Ja capture: emitted 59136 bits using hyp=0
FLOW [proto@0x104c4949e] Rx - primary_channel_rx: baud_rate=0 high_carrier=1 carrier=1796.0Hz agc=0.00079 power=7453576 shaper_sets=640
FLOW [proto@0x104c4949e] Rx - primary_channel_rx: baud_rate=0 high_carrier=1 carrier=1796.2Hz agc=0.00080 power=7449328 shaper_sets=640
FLOW [proto@0x104c4949e] Rx - Phase 3 WAIT_S heartbeat: dur=5632 demod=0 event=0 j_bits=59262 trn_bits=56200 trn_hint=0/75%
[ME] RX dump mark: sample=107200 rx_stage=10 tx_stage=55 mod=3 guard_db=-6.0 guard_valid=1
FLOW [proto@0x104c4949e] Rx - primary_channel_rx: baud_rate=0 high_carrier=1 carrier=1796.0Hz agc=0.00080 power=7447913 shaper_sets=640
FLOW [proto@0x104c4949e] Rx - primary_channel_rx: baud_rate=0 high_carrier=1 carrier=1796.0Hz agc=0.00079 power=7451413 shaper_sets=640
FLOW [proto@0x104c4949e] Rx - primary_channel_rx: baud_rate=0 high_carrier=1 carrier=1795.9Hz agc=0.00079 power=7463529 shaper_sets=640
FLOW [proto@0x104c4949e] Rx - Phase 3 TRN: best hyp=11 ones=41421/56320 (74%)
FLOW [proto@0x104c4949e] Rx - Phase 3 Ja parser input: hyp0 len=59392 bits (stage=10, need ~16340 to parse)
FLOW [proto@0x104c4949e] Rx - Phase 3 Ja capture: emitted 59392 bits using hyp=0
FLOW [proto@0x104c4949e] Rx - primary_channel_rx: baud_rate=0 high_carrier=1 carrier=1795.9Hz agc=0.00080 power=7446902 shaper_sets=640
FLOW [proto@0x104c4949e] Rx - primary_channel_rx: baud_rate=0 high_carrier=1 carrier=1796.0Hz agc=0.00080 power=7445748 shaper_sets=640
FLOW [proto@0x104c4949e] Rx - primary_channel_rx: baud_rate=0 high_carrier=1 carrier=1796.1Hz agc=0.00079 power=7469647 shaper_sets=640
FLOW [proto@0x104c4949e] Rx - primary_channel_rx: baud_rate=0 high_carrier=1 carrier=1796.1Hz agc=0.00079 power=7462688 shaper_sets=640
[ME] TX dump mark: sample=108000 rx_stage=10 tx_stage=55 mod=3
FLOW [proto@0x104c4949e] Rx - primary_channel_rx: baud_rate=0 high_carrier=1 carrier=1796.0Hz agc=0.00079 power=7463219 shaper_sets=640
FLOW [proto@0x104c4949e] Rx - Phase 3 Ja capture: emitted 59648 bits using hyp=0
FLOW [proto@0x104c4949e] Rx - primary_channel_rx: baud_rate=0 high_carrier=1 carrier=1795.9Hz agc=0.00079 power=7459317 shaper_sets=640
FLOW [proto@0x104c4949e] Rx - primary_channel_rx: baud_rate=0 high_carrier=1 carrier=1795.9Hz agc=0.00079 power=7463810 shaper_sets=640
[ME] RX dump mark: sample=108000 rx_stage=10 tx_stage=55 mod=3 guard_db=-6.0 guard_valid=1
FLOW [proto@0x104c4949e] Rx - primary_channel_rx: baud_rate=0 high_carrier=1 carrier=1796.0Hz agc=0.00079 power=7456460 shaper_sets=640
FLOW [proto@0x104c4949e] Rx - Phase 3 WAIT_S heartbeat: dur=5888 demod=0 event=0 j_bits=59774 trn_bits=56712 trn_hint=0/75%
FLOW [proto@0x104c4949e] Rx - primary_channel_rx: baud_rate=0 high_carrier=1 carrier=1796.1Hz agc=0.00079 power=7455709 shaper_sets=640
FLOW [proto@0x104c4949e] Rx - primary_channel_rx: baud_rate=0 high_carrier=1 carrier=1796.1Hz agc=0.00079 power=7456165 shaper_sets=640
FLOW [proto@0x104c4949e] Rx - Phase 3 TRN: best hyp=11 ones=41797/56832 (74%)
FLOW [proto@0x104c4949e] Rx - primary_channel_rx: baud_rate=0 high_carrier=1 carrier=1796.0Hz agc=0.00079 power=7456529 shaper_sets=640
FLOW [proto@0x104c4949e] Rx - Phase 3 Ja capture: emitted 59904 bits using hyp=0
FLOW [proto@0x104c4949e] Rx - primary_channel_rx: baud_rate=0 high_carrier=1 carrier=1795.9Hz agc=0.00079 power=7482864 shaper_sets=640
FLOW [proto@0x104c4949e] Rx - Phase 3 S baud 6000: mag=0.990 data_bits=3 alt=0/32 stable=0 dom=3:32/32 rev=0/32 counts=0,0,0,32
FLOW [proto@0x104c4949e] Rx - Phase 3: S detect timeout (6000 bauds, alt=0/32 rev=0/32, j_bits=60000 trn_bits=56938 trn_hint=0/75%), continuing search
FLOW [proto@0x104c4949e] Rx - primary_channel_rx: baud_rate=0 high_carrier=1 carrier=1795.9Hz agc=0.00079 power=7484931 shaper_sets=640
FLOW [proto@0x104c4949e] Rx - Phase 3 WAIT_S heartbeat: dur=1 demod=0 event=0 j_bits=60000 trn_bits=56938 trn_hint=0/75%
FLOW [proto@0x104c4949e] Rx - Phase 3 S baud 1: mag=1.000 data_bits=3 alt=0/32 stable=0 dom=3:1/32 rev=0/32 counts=0,0,0,1
FLOW [proto@0x104c4949e] Rx - Phase 3 S baud 2: mag=1.012 data_bits=3 alt=0/32 stable=0 dom=3:2/32 rev=0/32 counts=0,0,0,2
FLOW [proto@0x104c4949e] Rx - Phase 3 S baud 3: mag=0.963 data_bits=3 alt=0/32 stable=0 dom=3:3/32 rev=0/32 counts=0,0,0,3
FLOW [proto@0x104c4949e] Rx - Phase 3 S baud 4: mag=1.024 data_bits=3 alt=0/32 stable=0 dom=3:4/32 rev=0/32 counts=0,0,0,4
FLOW [proto@0x104c4949e] Rx - primary_channel_rx: baud_rate=0 high_carrier=1 carrier=1795.9Hz agc=0.00079 power=7483566 shaper_sets=640
[ME] TX dump mark: sample=108800 rx_stage=10 tx_stage=55 mod=3
FLOW [proto@0x104c4949e] Rx - primary_channel_rx: baud_rate=0 high_carrier=1 carrier=1796.0Hz agc=0.00079 power=7493529 shaper_sets=640
FLOW [proto@0x104c4949e] Rx - primary_channel_rx: baud_rate=0 high_carrier=1 carrier=1796.1Hz agc=0.00079 power=7494006 shaper_sets=640
FLOW [proto@0x104c4949e] Rx - Phase 3 Ja capture: emitted 60160 bits using hyp=0
FLOW [proto@0x104c4949e] Rx - primary_channel_rx: baud_rate=0 high_carrier=1 carrier=1796.0Hz agc=0.00079 power=7491197 shaper_sets=640
[ME] RX dump mark: sample=108800 rx_stage=10 tx_stage=55 mod=3 guard_db=-6.0 guard_valid=1
FLOW [proto@0x104c4949e] Rx - primary_channel_rx: baud_rate=0 high_carrier=1 carrier=1795.9Hz agc=0.00079 power=7494772 shaper_sets=640
FLOW [proto@0x104c4949e] Rx - primary_channel_rx: baud_rate=0 high_carrier=1 carrier=1795.9Hz agc=0.00079 power=7505256 shaper_sets=640
FLOW [proto@0x104c4949e] Rx - primary_channel_rx: baud_rate=0 high_carrier=1 carrier=1795.9Hz agc=0.00079 power=7502930 shaper_sets=640
FLOW [proto@0x104c4949e] Rx - primary_channel_rx: baud_rate=0 high_carrier=1 carrier=1796.0Hz agc=0.00079 power=7495060 shaper_sets=640
FLOW [proto@0x104c4949e] Rx - Phase 3 Ja capture: emitted 60416 bits using hyp=0
FLOW [proto@0x104c4949e] Rx - primary_channel_rx: baud_rate=0 high_carrier=1 carrier=1796.2Hz agc=0.00079 power=7495743 shaper_sets=640
FLOW [proto@0x104c4949e] Rx - primary_channel_rx: baud_rate=0 high_carrier=1 carrier=1796.0Hz agc=0.00079 power=7493657 shaper_sets=640
FLOW [proto@0x104c4949e] Rx - Phase 3 WAIT_S heartbeat: dur=256 demod=0 event=0 j_bits=60510 trn_bits=56938 trn_hint=0/75%
FLOW [proto@0x104c4949e] Rx - primary_channel_rx: baud_rate=0 high_carrier=1 carrier=1795.9Hz agc=0.00079 power=7499060 shaper_sets=640
[ME] TX dump mark: sample=109600 rx_stage=10 tx_stage=55 mod=3
FLOW [proto@0x104c4949e] Rx - primary_channel_rx: baud_rate=0 high_carrier=1 carrier=1795.9Hz agc=0.00079 power=7493331 shaper_sets=640
FLOW [proto@0x104c4949e] Rx - primary_channel_rx: baud_rate=0 high_carrier=1 carrier=1795.9Hz agc=0.00079 power=7493174 shaper_sets=640
[ME] TX path: state=3 mod=3 fax_active=0 v34=0x700020000 v22bis=0x0
[ME] DIAG: cr_update calls=1000 phase_err=0.053 samples
FLOW [proto@0x104c4949e] Rx - primary_channel_rx: baud_rate=0 high_carrier=1 carrier=1796.0Hz agc=0.00079 power=7493713 shaper_sets=640
FLOW [proto@0x104c4949e] Rx - Phase 3 Ja capture: emitted 60672 bits using hyp=0
[ME] RX dump mark: sample=109600 rx_stage=10 tx_stage=55 mod=3 guard_db=-6.0 guard_valid=1
FLOW [proto@0x104c4949e] Rx - primary_channel_rx: baud_rate=0 high_carrier=1 carrier=1796.1Hz agc=0.00079 power=7493177 shaper_sets=640
FLOW [proto@0x104c4949e] Rx - primary_channel_rx: baud_rate=0 high_carrier=1 carrier=1796.0Hz agc=0.00079 power=7493578 shaper_sets=640
FLOW [proto@0x104c4949e] Rx - primary_channel_rx: baud_rate=0 high_carrier=1 carrier=1795.9Hz agc=0.00079 power=7493791 shaper_sets=640
FLOW [proto@0x104c4949e] Rx - primary_channel_rx: baud_rate=0 high_carrier=1 carrier=1795.9Hz agc=0.00079 power=7490751 shaper_sets=640
FLOW [proto@0x104c4949e] Rx - primary_channel_rx: baud_rate=0 high_carrier=1 carrier=1795.9Hz agc=0.00079 power=7491780 shaper_sets=640
FLOW [proto@0x104c4949e] Rx - Phase 3 TRN: best hyp=11 ones=42168/57344 (74%)
FLOW [proto@0x104c4949e] Rx - Phase 3 Ja capture: emitted 60928 bits using hyp=0
FLOW [proto@0x104c4949e] Rx - primary_channel_rx: baud_rate=0 high_carrier=1 carrier=1796.0Hz agc=0.00079 power=7497473 shaper_sets=640
FLOW [proto@0x104c4949e] Rx - primary_channel_rx: baud_rate=0 high_carrier=1 carrier=1796.1Hz agc=0.00079 power=7497341 shaper_sets=640
FLOW [proto@0x104c4949e] Rx - Phase 3 WAIT_S heartbeat: dur=512 demod=0 event=0 j_bits=61022 trn_bits=57450 trn_hint=0/75%
[ME] TX dump mark: sample=110400 rx_stage=10 tx_stage=55 mod=3
FLOW [proto@0x104c4949e] Rx - primary_channel_rx: baud_rate=0 high_carrier=1 carrier=1796.1Hz agc=0.00079 power=7491851 shaper_sets=640
FLOW [proto@0x104c4949e] Rx - primary_channel_rx: baud_rate=0 high_carrier=1 carrier=1795.9Hz agc=0.00079 power=7486754 shaper_sets=640
FLOW [proto@0x104c4949e] Rx - primary_channel_rx: baud_rate=0 high_carrier=1 carrier=1795.9Hz agc=0.00079 power=7494725 shaper_sets=640
FLOW [proto@0x104c4949e] Rx - Phase 3 Ja capture: emitted 61184 bits using hyp=0
[ME] RX dump mark: sample=110400 rx_stage=10 tx_stage=55 mod=3 guard_db=-6.0 guard_valid=1
FLOW [proto@0x104c4949e] Rx - primary_channel_rx: baud_rate=0 high_carrier=1 carrier=1795.9Hz agc=0.00079 power=7486386 shaper_sets=640
FLOW [proto@0x104c4949e] Rx - primary_channel_rx: baud_rate=0 high_carrier=1 carrier=1795.9Hz agc=0.00079 power=7492804 shaper_sets=640
FLOW [proto@0x104c4949e] Rx - primary_channel_rx: baud_rate=0 high_carrier=1 carrier=1796.0Hz agc=0.00079 power=7481957 shaper_sets=640
FLOW [proto@0x104c4949e] Rx - primary_channel_rx: baud_rate=0 high_carrier=1 carrier=1796.1Hz agc=0.00079 power=7481969 shaper_sets=640
FLOW [proto@0x104c4949e] Rx - primary_channel_rx: baud_rate=0 high_carrier=1 carrier=1795.9Hz agc=0.00079 power=7476541 shaper_sets=640
FLOW [proto@0x104c4949e] Rx - Phase 3 TRN: best hyp=11 ones=42537/57856 (74%)
FLOW [proto@0x104c4949e] Rx - primary_channel_rx: baud_rate=0 high_carrier=1 carrier=1795.9Hz agc=0.00079 power=7498172 shaper_sets=640
FLOW [proto@0x104c4949e] Rx - Phase 3 Ja parser input: hyp0 len=61440 bits (stage=10, need ~16340 to parse)
FLOW [proto@0x104c4949e] Rx - Phase 3 Ja capture: emitted 61440 bits using hyp=0
FLOW [proto@0x104c4949e] Rx - primary_channel_rx: baud_rate=0 high_carrier=1 carrier=1795.9Hz agc=0.00079 power=7511702 shaper_sets=640
FLOW [proto@0x104c4949e] Rx - Phase 3 WAIT_S heartbeat: dur=768 demod=0 event=0 j_bits=61534 trn_bits=57962 trn_hint=0/75%
[ME] TX dump mark: sample=111200 rx_stage=10 tx_stage=55 mod=3
FLOW [proto@0x104c4949e] Rx - primary_channel_rx: baud_rate=0 high_carrier=1 carrier=1795.9Hz agc=0.00079 power=7477553 shaper_sets=640
FLOW [proto@0x104c4949e] Rx - primary_channel_rx: baud_rate=0 high_carrier=1 carrier=1796.0Hz agc=0.00079 power=7514399 shaper_sets=640
FLOW [proto@0x104c4949e] Rx - primary_channel_rx: baud_rate=0 high_carrier=1 carrier=1796.1Hz agc=0.00079 power=7475090 shaper_sets=640
[ME] RX dump mark: sample=111200 rx_stage=10 tx_stage=55 mod=3 guard_db=-6.0 guard_valid=1
FLOW [proto@0x104c4949e] Rx - primary_channel_rx: baud_rate=0 high_carrier=1 carrier=1796.0Hz agc=0.00079 power=7514677 shaper_sets=640
FLOW [proto@0x104c4949e] Rx - Phase 3 Ja capture: emitted 61696 bits using hyp=0
FLOW [proto@0x104c4949e] Rx - primary_channel_rx: baud_rate=0 high_carrier=1 carrier=1795.9Hz agc=0.00079 power=7515905 shaper_sets=640
FLOW [proto@0x104c4949e] Rx - primary_channel_rx: baud_rate=0 high_carrier=1 carrier=1795.9Hz agc=0.00079 power=7488261 shaper_sets=640
FLOW [proto@0x104c4949e] Rx - primary_channel_rx: baud_rate=0 high_carrier=1 carrier=1795.9Hz agc=0.00079 power=7485294 shaper_sets=640
FLOW [proto@0x104c4949e] Rx - primary_channel_rx: baud_rate=0 high_carrier=1 carrier=1796.0Hz agc=0.00079 power=7490703 shaper_sets=640
FLOW [proto@0x104c4949e] Rx - primary_channel_rx: baud_rate=0 high_carrier=1 carrier=1796.1Hz agc=0.00079 power=7488923 shaper_sets=640
FLOW [proto@0x104c4949e] Rx - Phase 3 TRN: best hyp=11 ones=42909/58368 (74%)
FLOW [proto@0x104c4949e] Rx - Phase 3 Ja capture: emitted 61952 bits using hyp=0
FLOW [proto@0x104c4949e] Rx - primary_channel_rx: baud_rate=0 high_carrier=1 carrier=1796.0Hz agc=0.00079 power=7489341 shaper_sets=640
FLOW [proto@0x104c4949e] Rx - Phase 3 S baud 1000: mag=1.011 data_bits=3 alt=0/32 stable=0 dom=3:32/32 rev=0/32 counts=0,0,0,32
[ME] TX dump mark: sample=112000 rx_stage=10 tx_stage=55 mod=3
[ME] Training TX: RMS=0.0 (8000 samples)
FLOW [proto@0x104c4949e] Rx - primary_channel_rx: baud_rate=0 high_carrier=1 carrier=1795.9Hz agc=0.00079 power=7497843 shaper_sets=640
FLOW [proto@0x104c4949e] Rx - Phase 3 WAIT_S heartbeat: dur=1024 demod=0 event=0 j_bits=62046 trn_bits=58474 trn_hint=0/75%
FLOW [proto@0x104c4949e] Rx - primary_channel_rx: baud_rate=0 high_carrier=1 carrier=1795.8Hz agc=0.00079 power=7487837 shaper_sets=640
[ME] Training rx: RMS=2734.1 (8000 samples)
FLOW [proto@0x104c4949e] Rx - primary_channel_rx: baud_rate=0 high_carrier=1 carrier=1795.9Hz agc=0.00079 power=7518698 shaper_sets=640
[ME] RX dump mark: sample=112000 rx_stage=10 tx_stage=55 mod=3 guard_db=-6.0 guard_valid=1
FLOW [proto@0x104c4949e] Rx - primary_channel_rx: baud_rate=0 high_carrier=1 carrier=1795.9Hz agc=0.00079 power=7515807 shaper_sets=640
FLOW [proto@0x104c4949e] Rx - primary_channel_rx: baud_rate=0 high_carrier=1 carrier=1796.1Hz agc=0.00079 power=7520376 shaper_sets=640
FLOW [proto@0x104c4949e] Rx - Phase 3 Ja capture: emitted 62208 bits using hyp=0
FLOW [proto@0x104c4949e] Rx - primary_channel_rx: baud_rate=0 high_carrier=1 carrier=1796.0Hz agc=0.00079 power=7506117 shaper_sets=640
FLOW [proto@0x104c4949e] Rx - primary_channel_rx: baud_rate=0 high_carrier=1 carrier=1795.9Hz agc=0.00079 power=7521617 shaper_sets=640
FLOW [proto@0x104c4949e] Rx - primary_channel_rx: baud_rate=0 high_carrier=1 carrier=1795.9Hz agc=0.00079 power=7513415 shaper_sets=640
FLOW [proto@0x104c4949e] Rx - primary_channel_rx: baud_rate=0 high_carrier=1 carrier=1795.9Hz agc=0.00079 power=7515299 shaper_sets=640
FLOW [proto@0x104c4949e] Rx - primary_channel_rx: baud_rate=0 high_carrier=1 carrier=1795.9Hz agc=0.00079 power=7514579 shaper_sets=640
FLOW [proto@0x104c4949e] Rx - Phase 3 TRN: best hyp=11 ones=43287/58880 (74%)
FLOW [proto@0x104c4949e] Rx - Phase 3 Ja capture: emitted 62464 bits using hyp=0
[ME] TX dump mark: sample=112800 rx_stage=10 tx_stage=55 mod=3
FLOW [proto@0x104c4949e] Rx - primary_channel_rx: baud_rate=0 high_carrier=1 carrier=1796.1Hz agc=0.00079 power=7515245 shaper_sets=640
FLOW [proto@0x104c4949e] Rx - primary_channel_rx: baud_rate=0 high_carrier=1 carrier=1796.0Hz agc=0.00079 power=7514810 shaper_sets=640
FLOW [proto@0x104c4949e] Rx - Phase 3 WAIT_S heartbeat: dur=1280 demod=0 event=0 j_bits=62558 trn_bits=58986 trn_hint=0/75%
FLOW [proto@0x104c4949e] Rx - primary_channel_rx: baud_rate=0 high_carrier=1 carrier=1795.9Hz agc=0.00079 power=7505021 shaper_sets=640
[ME] RX dump mark: sample=112800 rx_stage=10 tx_stage=55 mod=3 guard_db=-6.0 guard_valid=1
FLOW [proto@0x104c4949e] Rx - primary_channel_rx: baud_rate=0 high_carrier=1 carrier=1795.8Hz agc=0.00079 power=7514470 shaper_sets=640
FLOW [proto@0x104c4949e] Rx - primary_channel_rx: baud_rate=0 high_carrier=1 carrier=1795.8Hz agc=0.00079 power=7504482 shaper_sets=640
FLOW [proto@0x104c4949e] Rx - Phase 3 Ja capture: emitted 62720 bits using hyp=0
FLOW [proto@0x104c4949e] Rx - primary_channel_rx: baud_rate=0 high_carrier=1 carrier=1795.9Hz agc=0.00079 power=7506569 shaper_sets=640
FLOW [proto@0x104c4949e] Rx - primary_channel_rx: baud_rate=0 high_carrier=1 carrier=1796.0Hz agc=0.00079 power=7502472 shaper_sets=640
FLOW [proto@0x104c4949e] Rx - primary_channel_rx: baud_rate=0 high_carrier=1 carrier=1796.0Hz agc=0.00079 power=7503746 shaper_sets=640
FLOW [proto@0x104c4949e] Rx - primary_channel_rx: baud_rate=0 high_carrier=1 carrier=1795.9Hz agc=0.00079 power=7483904 shaper_sets=640
FLOW [proto@0x104c4949e] Rx - primary_channel_rx: baud_rate=0 high_carrier=1 carrier=1795.8Hz agc=0.00079 power=7512461 shaper_sets=640
FLOW [proto@0x104c4949e] Rx - Phase 3 TRN: best hyp=11 ones=43652/59392 (73%)
[ME] TX dump mark: sample=113600 rx_stage=10 tx_stage=55 mod=3
FLOW [proto@0x104c4949e] Rx - primary_channel_rx: baud_rate=0 high_carrier=1 carrier=1795.8Hz agc=0.00079 power=7483698 shaper_sets=640
FLOW [proto@0x104c4949e] Rx - Phase 3 Ja capture: emitted 62976 bits using hyp=0
FLOW [proto@0x104c4949e] Rx - primary_channel_rx: baud_rate=0 high_carrier=1 carrier=1795.9Hz agc=0.00079 power=7482471 shaper_sets=640
FLOW [proto@0x104c4949e] Rx - Phase 3 WAIT_S heartbeat: dur=1536 demod=0 event=0 j_bits=63070 trn_bits=59498 trn_hint=0/75%
FLOW [proto@0x104c4949e] Rx - primary_channel_rx: baud_rate=0 high_carrier=1 carrier=1796.0Hz agc=0.00079 power=7483166 shaper_sets=640
[ME] RX dump mark: sample=113600 rx_stage=10 tx_stage=55 mod=3 guard_db=-6.0 guard_valid=1
FLOW [proto@0x104c4949e] Rx - primary_channel_rx: baud_rate=0 high_carrier=1 carrier=1796.0Hz agc=0.00079 power=7454740 shaper_sets=640
FLOW [proto@0x104c4949e] Rx - primary_channel_rx: baud_rate=0 high_carrier=1 carrier=1795.9Hz agc=0.00080 power=7422058 shaper_sets=640
FLOW [proto@0x104c4949e] Rx - primary_channel_rx: baud_rate=0 high_carrier=1 carrier=1795.8Hz agc=0.00079 power=7459474 shaper_sets=640
FLOW [proto@0x104c4949e] Rx - Phase 3 Ja capture: emitted 63232 bits using hyp=0
FLOW [proto@0x104c4949e] Rx - primary_channel_rx: baud_rate=0 high_carrier=1 carrier=1795.8Hz agc=0.00079 power=7487475 shaper_sets=640
FLOW [proto@0x104c4949e] Rx - primary_channel_rx: baud_rate=0 high_carrier=1 carrier=1795.9Hz agc=0.00080 power=7428677 shaper_sets=640
FLOW [proto@0x104c4949e] Rx - primary_channel_rx: baud_rate=0 high_carrier=1 carrier=1796.0Hz agc=0.00080 power=7428229 shaper_sets=640
FLOW [proto@0x104c4949e] Rx - primary_channel_rx: baud_rate=0 high_carrier=1 carrier=1796.0Hz agc=0.00079 power=7470554 shaper_sets=640
[ME] TX dump mark: sample=114400 rx_stage=10 tx_stage=55 mod=3
FLOW [proto@0x104c4949e] Rx - primary_channel_rx: baud_rate=0 high_carrier=1 carrier=1795.9Hz agc=0.00079 power=7469240 shaper_sets=640
FLOW [proto@0x104c4949e] Rx - Phase 3 TRN: best hyp=11 ones=44025/59904 (73%)
FLOW [proto@0x104c4949e] Rx - Phase 3 Ja parser input: hyp0 len=63488 bits (stage=10, need ~16340 to parse)
FLOW [proto@0x104c4949e] Rx - Phase 3 Ja capture: emitted 63488 bits using hyp=0
FLOW [proto@0x104c4949e] Rx - primary_channel_rx: baud_rate=0 high_carrier=1 carrier=1795.8Hz agc=0.00079 power=7462014 shaper_sets=640
FLOW [proto@0x104c4949e] Rx - primary_channel_rx: baud_rate=0 high_carrier=1 carrier=1795.8Hz agc=0.00079 power=7467842 shaper_sets=640
FLOW [proto@0x104c4949e] Rx - Phase 3 WAIT_S heartbeat: dur=1792 demod=0 event=0 j_bits=63582 trn_bits=60010 trn_hint=0/75%
[ME] RX dump mark: sample=114400 rx_stage=10 tx_stage=55 mod=3 guard_db=-6.0 guard_valid=1
FLOW [proto@0x104c4949e] Rx - primary_channel_rx: baud_rate=0 high_carrier=1 carrier=1795.9Hz agc=0.00080 power=7441963 shaper_sets=640
FLOW [proto@0x104c4949e] Rx - primary_channel_rx: baud_rate=0 high_carrier=1 carrier=1796.0Hz agc=0.00079 power=7471719 shaper_sets=640
FLOW [proto@0x104c4949e] Rx - primary_channel_rx: baud_rate=0 high_carrier=1 carrier=1796.0Hz agc=0.00080 power=7441894 shaper_sets=640
FLOW [proto@0x104c4949e] Rx - primary_channel_rx: baud_rate=0 high_carrier=1 carrier=1795.9Hz agc=0.00079 power=7455070 shaper_sets=640
FLOW [proto@0x104c4949e] Rx - Phase 3 Ja capture: emitted 63744 bits using hyp=0
FLOW [proto@0x104c4949e] Rx - primary_channel_rx: baud_rate=0 high_carrier=1 carrier=1795.8Hz agc=0.00079 power=7454404 shaper_sets=640
FLOW [proto@0x104c4949e] Rx - primary_channel_rx: baud_rate=0 high_carrier=1 carrier=1795.8Hz agc=0.00079 power=7469399 shaper_sets=640
FLOW [proto@0x104c4949e] Rx - primary_channel_rx: baud_rate=0 high_carrier=1 carrier=1795.8Hz agc=0.00080 power=7449674 shaper_sets=640
[ME] TX dump mark: sample=115200 rx_stage=10 tx_stage=55 mod=3
FLOW [proto@0x104c4949e] Rx - primary_channel_rx: baud_rate=0 high_carrier=1 carrier=1795.9Hz agc=0.00079 power=7462844 shaper_sets=640
FLOW [proto@0x104c4949e] Rx - primary_channel_rx: baud_rate=0 high_carrier=1 carrier=1796.0Hz agc=0.00079 power=7451062 shaper_sets=640
FLOW [proto@0x104c4949e] Rx - Phase 3 TRN: best hyp=11 ones=44394/60416 (73%)
FLOW [proto@0x104c4949e] Rx - Phase 3 S baud 2000: mag=1.044 data_bits=3 alt=0/32 stable=0 dom=3:32/32 rev=0/32 counts=0,0,0,32
FLOW [proto@0x104c4949e] Rx - Phase 3 Ja capture: emitted 64000 bits using hyp=0
FLOW [proto@0x104c4949e] Rx - primary_channel_rx: baud_rate=0 high_carrier=1 carrier=1795.9Hz agc=0.00080 power=7438402 shaper_sets=640
[ME] RX dump mark: sample=115200 rx_stage=10 tx_stage=55 mod=3 guard_db=-6.0 guard_valid=1
FLOW [proto@0x104c4949e] Rx - primary_channel_rx: baud_rate=0 high_carrier=1 carrier=1795.8Hz agc=0.00080 power=7422654 shaper_sets=640
FLOW [proto@0x104c4949e] Rx - Phase 3 WAIT_S heartbeat: dur=2048 demod=0 event=0 j_bits=64094 trn_bits=60522 trn_hint=0/75%
FLOW [proto@0x104c4949e] Rx - primary_channel_rx: baud_rate=0 high_carrier=1 carrier=1795.8Hz agc=0.00080 power=7421732 shaper_sets=640
FLOW [proto@0x104c4949e] Rx - primary_channel_rx: baud_rate=0 high_carrier=1 carrier=1795.8Hz agc=0.00080 power=7418659 shaper_sets=640
FLOW [proto@0x104c4949e] Rx - primary_channel_rx: baud_rate=0 high_carrier=1 carrier=1795.9Hz agc=0.00080 power=7436560 shaper_sets=640
FLOW [proto@0x104c4949e] Rx - Phase 3 Ja capture: emitted 64256 bits using hyp=0
FLOW [proto@0x104c4949e] Rx - primary_channel_rx: baud_rate=0 high_carrier=1 carrier=1796.0Hz agc=0.00080 power=7428438 shaper_sets=640
FLOW [proto@0x104c4949e] Rx - primary_channel_rx: baud_rate=0 high_carrier=1 carrier=1795.9Hz agc=0.00080 power=7431341 shaper_sets=640
FLOW [proto@0x104c4949e] Rx - primary_channel_rx: baud_rate=0 high_carrier=1 carrier=1795.8Hz agc=0.00080 power=7441470 shaper_sets=640
[ME] TX dump mark: sample=116000 rx_stage=10 tx_stage=55 mod=3
FLOW [proto@0x104c4949e] Rx - primary_channel_rx: baud_rate=0 high_carrier=1 carrier=1795.8Hz agc=0.00080 power=7440490 shaper_sets=640
FLOW [proto@0x104c4949e] Rx - primary_channel_rx: baud_rate=0 high_carrier=1 carrier=1795.8Hz agc=0.00080 power=7430384 shaper_sets=640
FLOW [proto@0x104c4949e] Rx - Phase 3 TRN: best hyp=9 ones=44764/60928 (73%)
FLOW [proto@0x104c4949e] Rx - primary_channel_rx: baud_rate=0 high_carrier=1 carrier=1795.9Hz agc=0.00080 power=7430856 shaper_sets=640
FLOW [proto@0x104c4949e] Rx - Phase 3 Ja capture: emitted 64512 bits using hyp=0
[ME] RX dump mark: sample=116000 rx_stage=10 tx_stage=55 mod=3 guard_db=-6.0 guard_valid=1
FLOW [proto@0x104c4949e] Rx - primary_channel_rx: baud_rate=0 high_carrier=1 carrier=1796.0Hz agc=0.00080 power=7432397 shaper_sets=640
FLOW [proto@0x104c4949e] Rx - Phase 3 WAIT_S heartbeat: dur=2304 demod=0 event=0 j_bits=64606 trn_bits=61034 trn_hint=0/75%
FLOW [proto@0x104c4949e] Rx - primary_channel_rx: baud_rate=0 high_carrier=1 carrier=1795.9Hz agc=0.00080 power=7442032 shaper_sets=640
FLOW [proto@0x104c4949e] Rx - primary_channel_rx: baud_rate=0 high_carrier=1 carrier=1795.8Hz agc=0.00080 power=7427056 shaper_sets=640
FLOW [proto@0x104c4949e] Rx - primary_channel_rx: baud_rate=0 high_carrier=1 carrier=1795.7Hz agc=0.00080 power=7442290 shaper_sets=640
FLOW [proto@0x104c4949e] Rx - primary_channel_rx: baud_rate=0 high_carrier=1 carrier=1795.8Hz agc=0.00080 power=7441644 shaper_sets=640
FLOW [proto@0x104c4949e] Rx - Phase 3 Ja capture: emitted 64768 bits using hyp=0
FLOW [proto@0x104c4949e] Rx - primary_channel_rx: baud_rate=0 high_carrier=1 carrier=1795.9Hz agc=0.00080 power=7444998 shaper_sets=640
FLOW [proto@0x104c4949e] Rx - primary_channel_rx: baud_rate=0 high_carrier=1 carrier=1796.0Hz agc=0.00080 power=7444579 shaper_sets=640
[ME] TX dump mark: sample=116800 rx_stage=10 tx_stage=55 mod=3
FLOW [proto@0x104c4949e] Rx - primary_channel_rx: baud_rate=0 high_carrier=1 carrier=1795.9Hz agc=0.00080 power=7445310 shaper_sets=640
FLOW [proto@0x104c4949e] Rx - primary_channel_rx: baud_rate=0 high_carrier=1 carrier=1795.8Hz agc=0.00080 power=7439484 shaper_sets=640
FLOW [proto@0x104c4949e] Rx - primary_channel_rx: baud_rate=0 high_carrier=1 carrier=1795.8Hz agc=0.00080 power=7443758 shaper_sets=640
FLOW [proto@0x104c4949e] Rx - Phase 3 TRN: best hyp=11 ones=45136/61440 (73%)
FLOW [proto@0x104c4949e] Rx - Phase 3 Ja capture: emitted 65024 bits using hyp=0
[ME] RX dump mark: sample=116800 rx_stage=10 tx_stage=55 mod=3 guard_db=-6.0 guard_valid=1
FLOW [proto@0x104c4949e] Rx - primary_channel_rx: baud_rate=0 high_carrier=1 carrier=1795.8Hz agc=0.00080 power=7443456 shaper_sets=640
FLOW [proto@0x104c4949e] Rx - primary_channel_rx: baud_rate=0 high_carrier=1 carrier=1795.9Hz agc=0.00080 power=7438551 shaper_sets=640
FLOW [proto@0x104c4949e] Rx - Phase 3 WAIT_S heartbeat: dur=2560 demod=0 event=0 j_bits=65118 trn_bits=61546 trn_hint=0/75%
FLOW [proto@0x104c4949e] Rx - primary_channel_rx: baud_rate=0 high_carrier=1 carrier=1796.0Hz agc=0.00080 power=7419895 shaper_sets=640
FLOW [proto@0x104c4949e] Rx - primary_channel_rx: baud_rate=0 high_carrier=1 carrier=1795.9Hz agc=0.00080 power=7413617 shaper_sets=640
FLOW [proto@0x104c4949e] Rx - primary_channel_rx: baud_rate=0 high_carrier=1 carrier=1795.8Hz agc=0.00080 power=7409680 shaper_sets=640
FLOW [proto@0x104c4949e] Rx - primary_channel_rx: baud_rate=0 high_carrier=1 carrier=1795.8Hz agc=0.00080 power=7413383 shaper_sets=640
FLOW [proto@0x104c4949e] Rx - Phase 3 Ja capture: emitted 65280 bits using hyp=0
FLOW [proto@0x104c4949e] Rx - primary_channel_rx: baud_rate=0 high_carrier=1 carrier=1795.8Hz agc=0.00080 power=7410901 shaper_sets=640
[ME] TX dump mark: sample=117600 rx_stage=10 tx_stage=55 mod=3
FLOW [proto@0x104c4949e] Rx - primary_channel_rx: baud_rate=0 high_carrier=1 carrier=1795.9Hz agc=0.00080 power=7403547 shaper_sets=640
FLOW [proto@0x104c4949e] Rx - primary_channel_rx: baud_rate=0 high_carrier=1 carrier=1796.0Hz agc=0.00080 power=7407130 shaper_sets=640
[ME] TX path: state=3 mod=3 fax_active=0 v34=0x700020000 v22bis=0x0
FLOW [proto@0x104c4949e] Rx - primary_channel_rx: baud_rate=0 high_carrier=1 carrier=1795.9Hz agc=0.00080 power=7409375 shaper_sets=640
[ME] RX dump mark: sample=117600 rx_stage=10 tx_stage=55 mod=3 guard_db=-6.0 guard_valid=1
FLOW [proto@0x104c4949e] Rx - primary_channel_rx: baud_rate=0 high_carrier=1 carrier=1795.8Hz agc=0.00080 power=7378949 shaper_sets=640
FLOW [proto@0x104c4949e] Rx - Phase 3 TRN: best hyp=11 ones=45505/61952 (73%)
FLOW [proto@0x104c4949e] Rx - Phase 3 Ja parser input: hyp0 len=65536 bits (stage=10, need ~16340 to parse)
FLOW [proto@0x104c4949e] Rx - Phase 3 Ja capture: emitted 65536 bits using hyp=0
FLOW [proto@0x104c4949e] Rx - primary_channel_rx: baud_rate=0 high_carrier=1 carrier=1795.7Hz agc=0.00080 power=7424153 shaper_sets=640
FLOW [proto@0x104c4949e] Rx - primary_channel_rx: baud_rate=0 high_carrier=1 carrier=1795.8Hz agc=0.00080 power=7420609 shaper_sets=640
FLOW [proto@0x104c4949e] Rx - Phase 3 WAIT_S heartbeat: dur=2816 demod=0 event=0 j_bits=65630 trn_bits=62058 trn_hint=0/75%
FLOW [proto@0x104c4949e] Rx - primary_channel_rx: baud_rate=0 high_carrier=1 carrier=1795.9Hz agc=0.00080 power=7409662 shaper_sets=640
FLOW [proto@0x104c4949e] Rx - primary_channel_rx: baud_rate=0 high_carrier=1 carrier=1796.0Hz agc=0.00080 power=7413753 shaper_sets=640
FLOW [proto@0x104c4949e] Rx - primary_channel_rx: baud_rate=0 high_carrier=1 carrier=1795.8Hz agc=0.00080 power=7439856 shaper_sets=640
FLOW [proto@0x104c4949e] Rx - Phase 3 Ja capture: emitted 65792 bits using hyp=0
FLOW [proto@0x104c4949e] Rx - primary_channel_rx: baud_rate=0 high_carrier=1 carrier=1795.8Hz agc=0.00080 power=7413454 shaper_sets=640
[ME] TX dump mark: sample=118400 rx_stage=10 tx_stage=55 mod=3
FLOW [proto@0x104c4949e] Rx - primary_channel_rx: baud_rate=0 high_carrier=1 carrier=1795.7Hz agc=0.00080 power=7413871 shaper_sets=640
FLOW [proto@0x104c4949e] Rx - primary_channel_rx: baud_rate=0 high_carrier=1 carrier=1795.8Hz agc=0.00080 power=7412081 shaper_sets=640
FLOW [proto@0x104c4949e] Rx - primary_channel_rx: baud_rate=0 high_carrier=1 carrier=1795.9Hz agc=0.00080 power=7438696 shaper_sets=640
FLOW [proto@0x104c4949e] Rx - Phase 3 S baud 3000: mag=1.002 data_bits=3 alt=0/32 stable=0 dom=3:32/32 rev=0/32 counts=0,0,0,32
[ME] RX dump mark: sample=118400 rx_stage=10 tx_stage=55 mod=3 guard_db=-6.0 guard_valid=1
FLOW [proto@0x104c4949e] Rx - primary_channel_rx: baud_rate=0 high_carrier=1 carrier=1796.0Hz agc=0.00080 power=7412029 shaper_sets=640
FLOW [proto@0x104c4949e] Rx - Phase 3 TRN: best hyp=11 ones=45874/62464 (73%)
FLOW [proto@0x104c4949e] Rx - primary_channel_rx: baud_rate=0 high_carrier=1 carrier=1795.8Hz agc=0.00080 power=7414505 shaper_sets=640
FLOW [proto@0x104c4949e] Rx - Phase 3 Ja capture: emitted 66048 bits using hyp=0
FLOW [proto@0x104c4949e] Rx - primary_channel_rx: baud_rate=0 high_carrier=1 carrier=1795.8Hz agc=0.00080 power=7419239 shaper_sets=640
FLOW [proto@0x104c4949e] Rx - Phase 3 WAIT_S heartbeat: dur=3072 demod=0 event=0 j_bits=66142 trn_bits=62570 trn_hint=0/75%
FLOW [proto@0x104c4949e] Rx - primary_channel_rx: baud_rate=0 high_carrier=1 carrier=1795.7Hz agc=0.00080 power=7411833 shaper_sets=640
FLOW [proto@0x104c4949e] Rx - primary_channel_rx: baud_rate=0 high_carrier=1 carrier=1795.8Hz agc=0.00080 power=7414104 shaper_sets=640
FLOW [proto@0x104c4949e] Rx - primary_channel_rx: baud_rate=0 high_carrier=1 carrier=1795.9Hz agc=0.00080 power=7406298 shaper_sets=640
FLOW [proto@0x104c4949e] Rx - primary_channel_rx: baud_rate=0 high_carrier=1 carrier=1796.0Hz agc=0.00080 power=7411024 shaper_sets=640
FLOW [proto@0x104c4949e] Rx - Phase 3 Ja capture: emitted 66304 bits using hyp=0
[ME] TX dump mark: sample=119200 rx_stage=10 tx_stage=55 mod=3
FLOW [proto@0x104c4949e] Rx - primary_channel_rx: baud_rate=0 high_carrier=1 carrier=1795.8Hz agc=0.00080 power=7406173 shaper_sets=640
FLOW [proto@0x104c4949e] Rx - primary_channel_rx: baud_rate=0 high_carrier=1 carrier=1795.8Hz agc=0.00080 power=7406050 shaper_sets=640
FLOW [proto@0x104c4949e] Rx - primary_channel_rx: baud_rate=0 high_carrier=1 carrier=1795.7Hz agc=0.00080 power=7407973 shaper_sets=640
[ME] RX dump mark: sample=119200 rx_stage=10 tx_stage=55 mod=3 guard_db=-6.0 guard_valid=1
FLOW [proto@0x104c4949e] Rx - primary_channel_rx: baud_rate=0 high_carrier=1 carrier=1795.8Hz agc=0.00080 power=7408684 shaper_sets=640
FLOW [proto@0x104c4949e] Rx - primary_channel_rx: baud_rate=0 high_carrier=1 carrier=1795.9Hz agc=0.00080 power=7408394 shaper_sets=640
FLOW [proto@0x104c4949e] Rx - Phase 3 TRN: best hyp=9 ones=46249/62976 (73%)
FLOW [proto@0x104c4949e] Rx - Phase 3 Ja capture: emitted 66560 bits using hyp=0
FLOW [proto@0x104c4949e] Rx - primary_channel_rx: baud_rate=0 high_carrier=1 carrier=1796.0Hz agc=0.00080 power=7408152 shaper_sets=640
FLOW [proto@0x104c4949e] Rx - primary_channel_rx: baud_rate=0 high_carrier=1 carrier=1795.8Hz agc=0.00080 power=7391415 shaper_sets=640
FLOW [proto@0x104c4949e] Rx - Phase 3 WAIT_S heartbeat: dur=3328 demod=0 event=0 j_bits=66654 trn_bits=63082 trn_hint=0/75%
FLOW [proto@0x104c4949e] Rx - primary_channel_rx: baud_rate=0 high_carrier=1 carrier=1795.8Hz agc=0.00080 power=7389858 shaper_sets=640
FLOW [proto@0x104c4949e] Rx - primary_channel_rx: baud_rate=0 high_carrier=1 carrier=1795.7Hz agc=0.00080 power=7388876 shaper_sets=640
FLOW [proto@0x104c4949e] Rx - primary_channel_rx: baud_rate=0 high_carrier=1 carrier=1795.8Hz agc=0.00080 power=7395258 shaper_sets=640
[ME] TX dump mark: sample=120000 rx_stage=10 tx_stage=55 mod=3
[ME] Training TX: RMS=0.0 (8000 samples)
FLOW [proto@0x104c4949e] Rx - primary_channel_rx: baud_rate=0 high_carrier=1 carrier=1795.9Hz agc=0.00080 power=7388081 shaper_sets=640
FLOW [proto@0x104c4949e] Rx - Phase 3 Ja capture: emitted 66816 bits using hyp=0
FLOW [proto@0x104c4949e] Rx - primary_channel_rx: baud_rate=0 high_carrier=1 carrier=1796.0Hz agc=0.00080 power=7437616 shaper_sets=640
[ME] Training rx: RMS=2734.4 (8000 samples)
FLOW [proto@0x104c4949e] Rx - primary_channel_rx: baud_rate=0 high_carrier=1 carrier=1795.9Hz agc=0.00080 power=7439879 shaper_sets=640
[ME] RX dump mark: sample=120000 rx_stage=10 tx_stage=55 mod=3 guard_db=-6.0 guard_valid=1
FLOW [proto@0x104c4949e] Rx - primary_channel_rx: baud_rate=0 high_carrier=1 carrier=1795.8Hz agc=0.00079 power=7467019 shaper_sets=640
FLOW [proto@0x104c4949e] Rx - primary_channel_rx: baud_rate=0 high_carrier=1 carrier=1795.7Hz agc=0.00079 power=7467659 shaper_sets=640
FLOW [proto@0x104c4949e] Rx - primary_channel_rx: baud_rate=0 high_carrier=1 carrier=1795.8Hz agc=0.00079 power=7474825 shaper_sets=640
FLOW [proto@0x104c4949e] Rx - Phase 3 TRN: best hyp=11 ones=46622/63488 (73%)
FLOW [proto@0x104c4949e] Rx - Phase 3 Ja capture: emitted 67072 bits using hyp=0
FLOW [proto@0x104c4949e] Rx - primary_channel_rx: baud_rate=0 high_carrier=1 carrier=1795.9Hz agc=0.00079 power=7481433 shaper_sets=640
FLOW [proto@0x104c4949e] Rx - primary_channel_rx: baud_rate=0 high_carrier=1 carrier=1796.0Hz agc=0.00079 power=7485457 shaper_sets=640
FLOW [proto@0x104c4949e] Rx - Phase 3 WAIT_S heartbeat: dur=3584 demod=0 event=0 j_bits=67166 trn_bits=63594 trn_hint=0/75%
FLOW [proto@0x104c4949e] Rx - primary_channel_rx: baud_rate=0 high_carrier=1 carrier=1795.9Hz agc=0.00079 power=7452595 shaper_sets=640
FLOW [proto@0x104c4949e] Rx - primary_channel_rx: baud_rate=0 high_carrier=1 carrier=1795.8Hz agc=0.00079 power=7484843 shaper_sets=640
[ME] TX dump mark: sample=120800 rx_stage=10 tx_stage=55 mod=3
FLOW [proto@0x104c4949e] Rx - primary_channel_rx: baud_rate=0 high_carrier=1 carrier=1795.8Hz agc=0.00079 power=7482582 shaper_sets=640
FLOW [proto@0x104c4949e] Rx - Phase 3 Ja capture: emitted 67328 bits using hyp=0
FLOW [proto@0x104c4949e] Rx - primary_channel_rx: baud_rate=0 high_carrier=1 carrier=1795.8Hz agc=0.00079 power=7498303 shaper_sets=640
FLOW [proto@0x104c4949e] Rx - primary_channel_rx: baud_rate=0 high_carrier=1 carrier=1795.9Hz agc=0.00079 power=7496973 shaper_sets=640
[ME] RX dump mark: sample=120800 rx_stage=10 tx_stage=55 mod=3 guard_db=-6.0 guard_valid=1
FLOW [proto@0x104c4949e] Rx - primary_channel_rx: baud_rate=0 high_carrier=1 carrier=1796.0Hz agc=0.00079 power=7521355 shaper_sets=640
FLOW [proto@0x104c4949e] Rx - primary_channel_rx: baud_rate=0 high_carrier=1 carrier=1795.9Hz agc=0.00079 power=7492813 shaper_sets=640
FLOW [proto@0x104c4949e] Rx - primary_channel_rx: baud_rate=0 high_carrier=1 carrier=1795.8Hz agc=0.00079 power=7490375 shaper_sets=640
FLOW [proto@0x104c4949e] Rx - Phase 3 TRN: best hyp=9 ones=46986/64000 (73%)
FLOW [proto@0x104c4949e] Rx - primary_channel_rx: baud_rate=0 high_carrier=1 carrier=1795.8Hz agc=0.00079 power=7464581 shaper_sets=640
FLOW [proto@0x104c4949e] Rx - Phase 3 Ja parser input: hyp0 len=67584 bits (stage=10, need ~16340 to parse)
FLOW [proto@0x104c4949e] Rx - Phase 3 Ja capture: emitted 67584 bits using hyp=0
FLOW [proto@0x104c4949e] Rx - primary_channel_rx: baud_rate=0 high_carrier=1 carrier=1795.8Hz agc=0.00079 power=7511771 shaper_sets=640
FLOW [proto@0x104c4949e] Rx - Phase 3 WAIT_S heartbeat: dur=3840 demod=0 event=0 j_bits=67678 trn_bits=64106 trn_hint=0/75%
FLOW [proto@0x104c4949e] Rx - primary_channel_rx: baud_rate=0 high_carrier=1 carrier=1795.9Hz agc=0.00079 power=7471231 shaper_sets=640
FLOW [proto@0x104c4949e] Rx - primary_channel_rx: baud_rate=0 high_carrier=1 carrier=1796.0Hz agc=0.00080 power=7408113 shaper_sets=640
[ME] TX dump mark: sample=121600 rx_stage=10 tx_stage=55 mod=3
FLOW [proto@0x104c4949e] Rx - primary_channel_rx: baud_rate=0 high_carrier=1 carrier=1795.9Hz agc=0.00080 power=7405275 shaper_sets=640
FLOW [proto@0x104c4949e] Rx - primary_channel_rx: baud_rate=0 high_carrier=1 carrier=1795.8Hz agc=0.00106 power=4188357 shaper_sets=640
FLOW [proto@0x104c4949e] Rx - Phase 3 Ja capture: emitted 67840 bits using hyp=0
FLOW [proto@0x104c4949e] Rx - primary_channel_rx: baud_rate=0 high_carrier=1 carrier=1795.8Hz agc=0.00662 power=24336 shaper_sets=640
[ME] RX dump mark: sample=121600 rx_stage=10 tx_stage=55 mod=3 guard_db=-6.0 guard_valid=1
FLOW [proto@0x104c4949e] Rx - primary_channel_rx: baud_rate=0 high_carrier=1 carrier=1795.8Hz agc=0.00662 power=140 shaper_sets=640
FLOW [proto@0x104c4949e] Rx - primary_channel_rx: baud_rate=0 high_carrier=1 carrier=1795.8Hz agc=0.00662 power=0 shaper_sets=640
FLOW [proto@0x104c4949e] Rx - Phase 3 S baud 4000: mag=0.004 data_bits=0 alt=5/32 stable=0 dom=3:12/32 rev=1/32 counts=8,6,6,12
FLOW [proto@0x104c4949e] Rx - primary_channel_rx: baud_rate=0 high_carrier=1 carrier=1795.8Hz agc=0.00662 power=8 shaper_sets=640
FLOW [proto@0x104c4949e] Rx - primary_channel_rx: baud_rate=0 high_carrier=1 carrier=1795.8Hz agc=0.00662 power=3 shaper_sets=640
FLOW [proto@0x104c4949e] Rx - Phase 3 TRN: best hyp=11 ones=47322/64512 (73%)
FLOW [proto@0x104c4949e] Rx - Phase 3 Ja capture: emitted 68096 bits using hyp=0
FLOW [proto@0x104c4949e] Rx - primary_channel_rx: baud_rate=0 high_carrier=1 carrier=1795.8Hz agc=0.00662 power=0 shaper_sets=640
FLOW [proto@0x104c4949e] Rx - primary_channel_rx: baud_rate=0 high_carrier=1 carrier=1795.8Hz agc=0.00662 power=0 shaper_sets=640
FLOW [proto@0x104c4949e] Rx - Phase 3 WAIT_S heartbeat: dur=4096 demod=0 event=0 j_bits=68190 trn_bits=64618 trn_hint=0/75%
FLOW [proto@0x104c4949e] Rx - primary_channel_rx: baud_rate=0 high_carrier=1 carrier=1795.8Hz agc=0.00085 power=6581619 shaper_sets=640
[ME] TX dump mark: sample=122400 rx_stage=10 tx_stage=55 mod=3
FLOW [proto@0x104c4949e] Rx - primary_channel_rx: baud_rate=0 high_carrier=1 carrier=1795.7Hz agc=0.00080 power=7280801 shaper_sets=640
FLOW [proto@0x104c4949e] Rx - primary_channel_rx: baud_rate=0 high_carrier=1 carrier=1795.7Hz agc=0.00081 power=7213842 shaper_sets=640
FLOW [proto@0x104c4949e] Rx - primary_channel_rx: baud_rate=0 high_carrier=1 carrier=1795.8Hz agc=0.00081 power=7258177 shaper_sets=640
FLOW [proto@0x104c4949e] Rx - Phase 3 Ja capture: emitted 68352 bits using hyp=0
[ME] RX dump mark: sample=122400 rx_stage=10 tx_stage=55 mod=3 guard_db=-6.0 guard_valid=1
FLOW [proto@0x104c4949e] Rx - primary_channel_rx: baud_rate=0 high_carrier=1 carrier=1795.8Hz agc=0.00080 power=7268361 shaper_sets=640
FLOW [proto@0x104c4949e] Rx - primary_channel_rx: baud_rate=0 high_carrier=1 carrier=1795.7Hz agc=0.00081 power=7259995 shaper_sets=640
FLOW [proto@0x104c4949e] Rx - primary_channel_rx: baud_rate=0 high_carrier=1 carrier=1795.6Hz agc=0.00081 power=7259183 shaper_sets=640
FLOW [proto@0x104c4949e] Rx - primary_channel_rx: baud_rate=0 high_carrier=1 carrier=1795.6Hz agc=0.00081 power=7243675 shaper_sets=640
FLOW [proto@0x104c4949e] Rx - primary_channel_rx: baud_rate=0 high_carrier=1 carrier=1795.7Hz agc=0.00080 power=7274316 shaper_sets=640
FLOW [proto@0x104c4949e] Rx - Phase 3 TRN: best hyp=11 ones=47656/65024 (73%)
FLOW [proto@0x104c4949e] Rx - Phase 3 Ja capture: emitted 68608 bits using hyp=0
FLOW [proto@0x104c4949e] Rx - primary_channel_rx: baud_rate=0 high_carrier=1 carrier=1795.8Hz agc=0.00081 power=7260484 shaper_sets=640
FLOW [proto@0x104c4949e] Rx - primary_channel_rx: baud_rate=0 high_carrier=1 carrier=1795.8Hz agc=0.00081 power=7245807 shaper_sets=640
FLOW [proto@0x104c4949e] Rx - Phase 3 WAIT_S heartbeat: dur=4352 demod=0 event=0 j_bits=68702 trn_bits=65130 trn_hint=0/75%
[ME] TX dump mark: sample=123200 rx_stage=10 tx_stage=55 mod=3
FLOW [proto@0x104c4949e] Rx - primary_channel_rx: baud_rate=0 high_carrier=1 carrier=1795.7Hz agc=0.00081 power=7246791 shaper_sets=640
FLOW [proto@0x104c4949e] Rx - primary_channel_rx: baud_rate=0 high_carrier=1 carrier=1795.6Hz agc=0.00081 power=7246277 shaper_sets=640
FLOW [proto@0x104c4949e] Rx - primary_channel_rx: baud_rate=0 high_carrier=1 carrier=1795.6Hz agc=0.00081 power=7244603 shaper_sets=640
FLOW [proto@0x104c4949e] Rx - Phase 3 Ja capture: emitted 68864 bits using hyp=0
[ME] RX dump mark: sample=123200 rx_stage=10 tx_stage=55 mod=3 guard_db=-6.0 guard_valid=1
FLOW [proto@0x104c4949e] Rx - primary_channel_rx: baud_rate=0 high_carrier=1 carrier=1795.7Hz agc=0.00081 power=7228912 shaper_sets=640
FLOW [proto@0x104c4949e] Rx - primary_channel_rx: baud_rate=0 high_carrier=1 carrier=1795.8Hz agc=0.00081 power=7250580 shaper_sets=640
FLOW [proto@0x104c4949e] Rx - primary_channel_rx: baud_rate=0 high_carrier=1 carrier=1795.8Hz agc=0.00081 power=7230664 shaper_sets=640
FLOW [proto@0x104c4949e] Rx - primary_channel_rx: baud_rate=0 high_carrier=1 carrier=1795.7Hz agc=0.00081 power=7251048 shaper_sets=640
FLOW [proto@0x104c4949e] Rx - primary_channel_rx: baud_rate=0 high_carrier=1 carrier=1795.6Hz agc=0.00081 power=7223094 shaper_sets=640
FLOW [proto@0x104c4949e] Rx - Phase 3 TRN: best hyp=11 ones=48024/65536 (73%)
FLOW [proto@0x104c4949e] Rx - primary_channel_rx: baud_rate=0 high_carrier=1 carrier=1795.6Hz agc=0.00081 power=7249844 shaper_sets=640
FLOW [proto@0x104c4949e] Rx - Phase 3 Ja capture: emitted 69120 bits using hyp=0
FLOW [proto@0x104c4949e] Rx - primary_channel_rx: baud_rate=0 high_carrier=1 carrier=1795.7Hz agc=0.00081 power=7213190 shaper_sets=640
FLOW [proto@0x104c4949e] Rx - Phase 3 WAIT_S heartbeat: dur=4608 demod=0 event=0 j_bits=69214 trn_bits=65642 trn_hint=0/75%
[ME] TX dump mark: sample=124000 rx_stage=10 tx_stage=55 mod=3
FLOW [proto@0x104c4949e] Rx - primary_channel_rx: baud_rate=0 high_carrier=1 carrier=1795.8Hz agc=0.00081 power=7247317 shaper_sets=640
FLOW [proto@0x104c4949e] Rx - primary_channel_rx: baud_rate=0 high_carrier=1 carrier=1795.8Hz agc=0.00081 power=7214841 shaper_sets=640
FLOW [proto@0x104c4949e] Rx - primary_channel_rx: baud_rate=0 high_carrier=1 carrier=1795.7Hz agc=0.00081 power=7213625 shaper_sets=640
[ME] RX dump mark: sample=124000 rx_stage=10 tx_stage=55 mod=3 guard_db=-6.0 guard_valid=1
FLOW [proto@0x104c4949e] Rx - primary_channel_rx: baud_rate=0 high_carrier=1 carrier=1795.6Hz agc=0.00081 power=7195560 shaper_sets=640
FLOW [proto@0x104c4949e] Rx - Phase 3 Ja capture: emitted 69376 bits using hyp=0
FLOW [proto@0x104c4949e] Rx - primary_channel_rx: baud_rate=0 high_carrier=1 carrier=1795.6Hz agc=0.00081 power=7247948 shaper_sets=640
FLOW [proto@0x104c4949e] Rx - primary_channel_rx: baud_rate=0 high_carrier=1 carrier=1795.7Hz agc=0.00081 power=7212603 shaper_sets=640
FLOW [proto@0x104c4949e] Rx - primary_channel_rx: baud_rate=0 high_carrier=1 carrier=1795.8Hz agc=0.00081 power=7247327 shaper_sets=640
FLOW [proto@0x104c4949e] Rx - primary_channel_rx: baud_rate=0 high_carrier=1 carrier=1795.7Hz agc=0.00081 power=7235234 shaper_sets=640
FLOW [proto@0x104c4949e] Rx - primary_channel_rx: baud_rate=0 high_carrier=1 carrier=1795.7Hz agc=0.00081 power=7243859 shaper_sets=640
FLOW [proto@0x104c4949e] Rx - Phase 3 TRN: best hyp=9 ones=48393/66048 (73%)
FLOW [proto@0x104c4949e] Rx - Phase 3 Ja parser input: hyp0 len=69632 bits (stage=10, need ~16340 to parse)
FLOW [proto@0x104c4949e] Rx - Phase 3 Ja capture: emitted 69632 bits using hyp=0
FLOW [proto@0x104c4949e] Rx - primary_channel_rx: baud_rate=0 high_carrier=1 carrier=1795.6Hz agc=0.00081 power=7242888 shaper_sets=640
[ME] TX dump mark: sample=124800 rx_stage=10 tx_stage=55 mod=3
FLOW [proto@0x104c4949e] Rx - primary_channel_rx: baud_rate=0 high_carrier=1 carrier=1795.6Hz agc=0.00081 power=7226954 shaper_sets=640
FLOW [proto@0x104c4949e] Rx - Phase 3 WAIT_S heartbeat: dur=4864 demod=0 event=0 j_bits=69726 trn_bits=66154 trn_hint=0/75%
FLOW [proto@0x104c4949e] Rx - primary_channel_rx: baud_rate=0 high_carrier=1 carrier=1795.7Hz agc=0.00081 power=7238706 shaper_sets=640
FLOW [proto@0x104c4949e] Rx - primary_channel_rx: baud_rate=0 high_carrier=1 carrier=1795.9Hz agc=0.00081 power=7223115 shaper_sets=640
[ME] RX dump mark: sample=124800 rx_stage=10 tx_stage=55 mod=3 guard_db=-6.0 guard_valid=1
FLOW [proto@0x104c4949e] Rx - primary_channel_rx: baud_rate=0 high_carrier=1 carrier=1795.7Hz agc=0.00081 power=7232827 shaper_sets=640
FLOW [proto@0x104c4949e] Rx - primary_channel_rx: baud_rate=0 high_carrier=1 carrier=1795.7Hz agc=0.00081 power=7228036 shaper_sets=640
FLOW [proto@0x104c4949e] Rx - Phase 3 Ja capture: emitted 69888 bits using hyp=0
FLOW [proto@0x104c4949e] Rx - primary_channel_rx: baud_rate=0 high_carrier=1 carrier=1795.6Hz agc=0.00081 power=7230931 shaper_sets=640
FLOW [proto@0x104c4949e] Rx - primary_channel_rx: baud_rate=0 high_carrier=1 carrier=1795.7Hz agc=0.00081 power=7228638 shaper_sets=640
FLOW [proto@0x104c4949e] Rx - Phase 3 S baud 5000: mag=1.011 data_bits=3 alt=0/32 stable=0 dom=3:32/32 rev=0/32 counts=0,0,0,32
FLOW [proto@0x104c4949e] Rx - primary_channel_rx: baud_rate=0 high_carrier=1 carrier=1795.8Hz agc=0.00081 power=7235520 shaper_sets=640
FLOW [proto@0x104c4949e] Rx - primary_channel_rx: baud_rate=0 high_carrier=1 carrier=1795.8Hz agc=0.00081 power=7228116 shaper_sets=640
FLOW [proto@0x104c4949e] Rx - primary_channel_rx: baud_rate=0 high_carrier=1 carrier=1795.7Hz agc=0.00081 power=7226637 shaper_sets=640
FLOW [proto@0x104c4949e] Rx - Phase 3 TRN: best hyp=9 ones=48765/66560 (73%)
FLOW [proto@0x104c4949e] Rx - Phase 3 Ja capture: emitted 70144 bits using hyp=0
[ME] TX dump mark: sample=125600 rx_stage=10 tx_stage=55 mod=3
FLOW [proto@0x104c4949e] Rx - primary_channel_rx: baud_rate=0 high_carrier=1 carrier=1795.6Hz agc=0.00081 power=7237804 shaper_sets=640
FLOW [proto@0x104c4949e] Rx - primary_channel_rx: baud_rate=0 high_carrier=1 carrier=1795.6Hz agc=0.00081 power=7238237 shaper_sets=640
FLOW [proto@0x104c4949e] Rx - Phase 3 WAIT_S heartbeat: dur=5120 demod=0 event=0 j_bits=70238 trn_bits=66666 trn_hint=0/75%
[ME] TX path: state=3 mod=3 fax_active=0 v34=0x700020000 v22bis=0x0
[ME] DIAG: cr_update calls=1100 phase_err=0.039 samples
FLOW [proto@0x104c4949e] Rx - primary_channel_rx: baud_rate=0 high_carrier=1 carrier=1795.7Hz agc=0.00081 power=7265912 shaper_sets=640
[ME] RX dump mark: sample=125600 rx_stage=10 tx_stage=55 mod=3 guard_db=-6.0 guard_valid=1
FLOW [proto@0x104c4949e] Rx - primary_channel_rx: baud_rate=0 high_carrier=1 carrier=1795.8Hz agc=0.00081 power=7223355 shaper_sets=640
FLOW [proto@0x104c4949e] Rx - primary_channel_rx: baud_rate=0 high_carrier=1 carrier=1795.8Hz agc=0.00081 power=7253661 shaper_sets=640
FLOW [proto@0x104c4949e] Rx - Phase 3 Ja capture: emitted 70400 bits using hyp=0
FLOW [proto@0x104c4949e] Rx - primary_channel_rx: baud_rate=0 high_carrier=1 carrier=1795.7Hz agc=0.00081 power=7258469 shaper_sets=640
FLOW [proto@0x104c4949e] Rx - primary_channel_rx: baud_rate=0 high_carrier=1 carrier=1795.6Hz agc=0.00081 power=7254038 shaper_sets=640
FLOW [proto@0x104c4949e] Rx - primary_channel_rx: baud_rate=0 high_carrier=1 carrier=1795.6Hz agc=0.00081 power=7202184 shaper_sets=640
FLOW [proto@0x104c4949e] Rx - primary_channel_rx: baud_rate=0 high_carrier=1 carrier=1795.7Hz agc=0.00081 power=7203500 shaper_sets=640
FLOW [proto@0x104c4949e] Rx - primary_channel_rx: baud_rate=0 high_carrier=1 carrier=1795.8Hz agc=0.00081 power=7211959 shaper_sets=640
FLOW [proto@0x104c4949e] Rx - Phase 3 TRN: best hyp=11 ones=49140/67072 (73%)
[ME] TX dump mark: sample=126400 rx_stage=10 tx_stage=55 mod=3
FLOW [proto@0x104c4949e] Rx - primary_channel_rx: baud_rate=0 high_carrier=1 carrier=1795.8Hz agc=0.00081 power=7204100 shaper_sets=640
FLOW [proto@0x104c4949e] Rx - Phase 3 Ja capture: emitted 70656 bits using hyp=0
FLOW [proto@0x104c4949e] Rx - primary_channel_rx: baud_rate=0 high_carrier=1 carrier=1795.7Hz agc=0.00081 power=7213411 shaper_sets=640
FLOW [proto@0x104c4949e] Rx - Phase 3 WAIT_S heartbeat: dur=5376 demod=0 event=0 j_bits=70750 trn_bits=67178 trn_hint=0/75%
FLOW [proto@0x104c4949e] Rx - primary_channel_rx: baud_rate=0 high_carrier=1 carrier=1795.6Hz agc=0.00081 power=7214609 shaper_sets=640
[ME] RX dump mark: sample=126400 rx_stage=10 tx_stage=55 mod=3 guard_db=-6.0 guard_valid=1
FLOW [proto@0x104c4949e] Rx - primary_channel_rx: baud_rate=0 high_carrier=1 carrier=1795.6Hz agc=0.00081 power=7214779 shaper_sets=640
FLOW [proto@0x104c4949e] Rx - primary_channel_rx: baud_rate=0 high_carrier=1 carrier=1795.7Hz agc=0.00081 power=7214494 shaper_sets=640
FLOW [proto@0x104c4949e] Rx - primary_channel_rx: baud_rate=0 high_carrier=1 carrier=1795.8Hz agc=0.00081 power=7222199 shaper_sets=640
FLOW [proto@0x104c4949e] Rx - Phase 3 Ja capture: emitted 70912 bits using hyp=0
FLOW [proto@0x104c4949e] Rx - primary_channel_rx: baud_rate=0 high_carrier=1 carrier=1795.7Hz agc=0.00081 power=7221769 shaper_sets=640
FLOW [proto@0x104c4949e] Rx - primary_channel_rx: baud_rate=0 high_carrier=1 carrier=1795.6Hz agc=0.00081 power=7219285 shaper_sets=640
FLOW [proto@0x104c4949e] Rx - primary_channel_rx: baud_rate=0 high_carrier=1 carrier=1795.6Hz agc=0.00081 power=7218005 shaper_sets=640
FLOW [proto@0x104c4949e] Rx - primary_channel_rx: baud_rate=0 high_carrier=1 carrier=1795.6Hz agc=0.00081 power=7237263 shaper_sets=640
[ME] TX dump mark: sample=127200 rx_stage=10 tx_stage=55 mod=3
FLOW [proto@0x104c4949e] Rx - primary_channel_rx: baud_rate=0 high_carrier=1 carrier=1795.7Hz agc=0.00081 power=7217774 shaper_sets=640
FLOW [proto@0x104c4949e] Rx - Phase 3 TRN: best hyp=11 ones=49509/67584 (73%)
FLOW [proto@0x104c4949e] Rx - Phase 3 Ja capture: emitted 71168 bits using hyp=0
FLOW [proto@0x104c4949e] Rx - primary_channel_rx: baud_rate=0 high_carrier=1 carrier=1795.8Hz agc=0.00081 power=7218345 shaper_sets=640
FLOW [proto@0x104c4949e] Rx - primary_channel_rx: baud_rate=0 high_carrier=1 carrier=1795.7Hz agc=0.00081 power=7213456 shaper_sets=640
FLOW [proto@0x104c4949e] Rx - Phase 3 WAIT_S heartbeat: dur=5632 demod=0 event=0 j_bits=71262 trn_bits=67690 trn_hint=0/75%
[ME] RX dump mark: sample=127200 rx_stage=10 tx_stage=55 mod=3 guard_db=-6.0 guard_valid=1
FLOW [proto@0x104c4949e] Rx - primary_channel_rx: baud_rate=0 high_carrier=1 carrier=1795.6Hz agc=0.00081 power=7232502 shaper_sets=640
FLOW [proto@0x104c4949e] Rx - primary_channel_rx: baud_rate=0 high_carrier=1 carrier=1795.6Hz agc=0.00081 power=7230798 shaper_sets=640
FLOW [proto@0x104c4949e] Rx - primary_channel_rx: baud_rate=0 high_carrier=1 carrier=1795.6Hz agc=0.00081 power=7237150 shaper_sets=640
FLOW [proto@0x104c4949e] Rx - primary_channel_rx: baud_rate=0 high_carrier=1 carrier=1795.7Hz agc=0.00081 power=7238645 shaper_sets=640
FLOW [proto@0x104c4949e] Rx - Phase 3 Ja capture: emitted 71424 bits using hyp=0
FLOW [proto@0x104c4949e] Rx - primary_channel_rx: baud_rate=0 high_carrier=1 carrier=1795.8Hz agc=0.00081 power=7237190 shaper_sets=640
FLOW [proto@0x104c4949e] Rx - primary_channel_rx: baud_rate=0 high_carrier=1 carrier=1795.7Hz agc=0.00081 power=7239836 shaper_sets=640
FLOW [proto@0x104c4949e] Rx - primary_channel_rx: baud_rate=0 high_carrier=1 carrier=1795.6Hz agc=0.00081 power=7223838 shaper_sets=640
[ME] TX dump mark: sample=128000 rx_stage=10 tx_stage=55 mod=3
[ME] Training TX: RMS=0.0 (8000 samples)
FLOW [proto@0x104c4949e] Rx - primary_channel_rx: baud_rate=0 high_carrier=1 carrier=1795.6Hz agc=0.00081 power=7237620 shaper_sets=640
FLOW [proto@0x104c4949e] Rx - primary_channel_rx: baud_rate=0 high_carrier=1 carrier=1795.6Hz agc=0.00081 power=7226372 shaper_sets=640
FLOW [proto@0x104c4949e] Rx - Phase 3 TRN: best hyp=11 ones=49884/68096 (73%)
FLOW [proto@0x104c4949e] Rx - Phase 3 Ja parser input: hyp0 len=71680 bits (stage=10, need ~16340 to parse)
FLOW [proto@0x104c4949e] Rx - Phase 3 Ja capture: emitted 71680 bits using hyp=0
[ME] Training rx: RMS=2627.3 (8000 samples)
FLOW [proto@0x104c4949e] Rx - primary_channel_rx: baud_rate=0 high_carrier=1 carrier=1795.7Hz agc=0.00081 power=7224404 shaper_sets=640
[ME] RX dump mark: sample=128000 rx_stage=10 tx_stage=55 mod=3 guard_db=-6.0 guard_valid=1
FLOW [proto@0x104c4949e] Rx - primary_channel_rx: baud_rate=0 high_carrier=1 carrier=1795.8Hz agc=0.00081 power=7201820 shaper_sets=640
FLOW [proto@0x104c4949e] Rx - Phase 3 WAIT_S heartbeat: dur=5888 demod=0 event=0 j_bits=71774 trn_bits=68202 trn_hint=0/75%
FLOW [proto@0x104c4949e] Rx - primary_channel_rx: baud_rate=0 high_carrier=1 carrier=1795.7Hz agc=0.00081 power=7202057 shaper_sets=640
FLOW [proto@0x104c4949e] Rx - primary_channel_rx: baud_rate=0 high_carrier=1 carrier=1795.6Hz agc=0.00081 power=7201086 shaper_sets=640
FLOW [proto@0x104c4949e] Rx - primary_channel_rx: baud_rate=0 high_carrier=1 carrier=1795.6Hz agc=0.00081 power=7201035 shaper_sets=640
FLOW [proto@0x104c4949e] Rx - Phase 3 Ja capture: emitted 71936 bits using hyp=0
FLOW [proto@0x104c4949e] Rx - primary_channel_rx: baud_rate=0 high_carrier=1 carrier=1795.6Hz agc=0.00081 power=7204742 shaper_sets=640
FLOW [proto@0x104c4949e] Rx - Phase 3 S baud 6000: mag=0.975 data_bits=3 alt=0/32 stable=0 dom=3:32/32 rev=0/32 counts=0,0,0,32
FLOW [proto@0x104c4949e] Rx - Phase 3: S detect timeout (6000 bauds, alt=0/32 rev=0/32, j_bits=72000 trn_bits=68428 trn_hint=0/75%), continuing search
FLOW [proto@0x104c4949e] Rx - primary_channel_rx: baud_rate=0 high_carrier=1 carrier=1795.8Hz agc=0.00081 power=7241131 shaper_sets=640
FLOW [proto@0x104c4949e] Rx - Phase 3 WAIT_S heartbeat: dur=1 demod=0 event=0 j_bits=72000 trn_bits=68428 trn_hint=0/75%
FLOW [proto@0x104c4949e] Rx - Phase 3 S baud 1: mag=0.995 data_bits=3 alt=0/32 stable=0 dom=3:1/32 rev=0/32 counts=0,0,0,1
FLOW [proto@0x104c4949e] Rx - Phase 3 S baud 2: mag=1.014 data_bits=3 alt=0/32 stable=0 dom=3:2/32 rev=0/32 counts=0,0,0,2
FLOW [proto@0x104c4949e] Rx - Phase 3 S baud 3: mag=0.992 data_bits=3 alt=0/32 stable=0 dom=3:3/32 rev=0/32 counts=0,0,0,3
FLOW [proto@0x104c4949e] Rx - Phase 3 S baud 4: mag=0.997 data_bits=3 alt=0/32 stable=0 dom=3:4/32 rev=0/32 counts=0,0,0,4
FLOW [proto@0x104c4949e] Rx - primary_channel_rx: baud_rate=0 high_carrier=1 carrier=1795.7Hz agc=0.00081 power=7240156 shaper_sets=640
[ME] TX dump mark: sample=128800 rx_stage=10 tx_stage=55 mod=3
FLOW [proto@0x104c4949e] Rx - primary_channel_rx: baud_rate=0 high_carrier=1 carrier=1795.6Hz agc=0.00081 power=7243253 shaper_sets=640
FLOW [proto@0x104c4949e] Rx - primary_channel_rx: baud_rate=0 high_carrier=1 carrier=1795.6Hz agc=0.00081 power=7203521 shaper_sets=640
FLOW [proto@0x104c4949e] Rx - primary_channel_rx: baud_rate=0 high_carrier=1 carrier=1795.6Hz agc=0.00081 power=7204427 shaper_sets=640
FLOW [proto@0x104c4949e] Rx - Phase 3 Ja capture: emitted 72192 bits using hyp=0
[ME] RX dump mark: sample=128800 rx_stage=10 tx_stage=55 mod=3 guard_db=-6.0 guard_valid=1
FLOW [proto@0x104c4949e] Rx - primary_channel_rx: baud_rate=0 high_carrier=1 carrier=1795.7Hz agc=0.00081 power=7250312 shaper_sets=640
FLOW [proto@0x104c4949e] Rx - primary_channel_rx: baud_rate=0 high_carrier=1 carrier=1795.8Hz agc=0.00081 power=7239891 shaper_sets=640
FLOW [proto@0x104c4949e] Rx - primary_channel_rx: baud_rate=0 high_carrier=1 carrier=1795.7Hz agc=0.00081 power=7247779 shaper_sets=640
FLOW [proto@0x104c4949e] Rx - primary_channel_rx: baud_rate=0 high_carrier=1 carrier=1795.6Hz agc=0.00081 power=7211361 shaper_sets=640
FLOW [proto@0x104c4949e] Rx - primary_channel_rx: baud_rate=0 high_carrier=1 carrier=1795.6Hz agc=0.00081 power=7244844 shaper_sets=640
FLOW [proto@0x104c4949e] Rx - Phase 3 Ja capture: emitted 72448 bits using hyp=0
FLOW [proto@0x104c4949e] Rx - primary_channel_rx: baud_rate=0 high_carrier=1 carrier=1795.6Hz agc=0.00081 power=7249991 shaper_sets=640
FLOW [proto@0x104c4949e] Rx - Phase 3 WAIT_S heartbeat: dur=256 demod=0 event=0 j_bits=72510 trn_bits=68428 trn_hint=0/75%
FLOW [proto@0x104c4949e] Rx - primary_channel_rx: baud_rate=0 high_carrier=1 carrier=1795.7Hz agc=0.00081 power=7246844 shaper_sets=640
[ME] TX dump mark: sample=129600 rx_stage=10 tx_stage=55 mod=3
FLOW [proto@0x104c4949e] Rx - primary_channel_rx: baud_rate=0 high_carrier=1 carrier=1795.8Hz agc=0.00081 power=7260570 shaper_sets=640
FLOW [proto@0x104c4949e] Rx - primary_channel_rx: baud_rate=0 high_carrier=1 carrier=1795.7Hz agc=0.00081 power=7264751 shaper_sets=640
FLOW [proto@0x104c4949e] Rx - primary_channel_rx: baud_rate=0 high_carrier=1 carrier=1795.6Hz agc=0.00081 power=7249658 shaper_sets=640
FLOW [proto@0x104c4949e] Rx - Phase 3 TRN: best hyp=11 ones=50251/68608 (73%)
FLOW [proto@0x104c4949e] Rx - Phase 3 Ja capture: emitted 72704 bits using hyp=0
[ME] RX dump mark: sample=129600 rx_stage=10 tx_stage=55 mod=3 guard_db=-6.0 guard_valid=1
FLOW [proto@0x104c4949e] Rx - primary_channel_rx: baud_rate=0 high_carrier=1 carrier=1795.6Hz agc=0.00081 power=7258861 shaper_sets=640
FLOW [proto@0x104c4949e] Rx - primary_channel_rx: baud_rate=0 high_carrier=1 carrier=1795.6Hz agc=0.00081 power=7257567 shaper_sets=640
FLOW [proto@0x104c4949e] Rx - primary_channel_rx: baud_rate=0 high_carrier=1 carrier=1795.7Hz agc=0.00080 power=7292368 shaper_sets=640
FLOW [proto@0x104c4949e] Rx - primary_channel_rx: baud_rate=0 high_carrier=1 carrier=1795.8Hz agc=0.00080 power=7278999 shaper_sets=640
FLOW [proto@0x104c4949e] Rx - primary_channel_rx: baud_rate=0 high_carrier=1 carrier=1795.7Hz agc=0.00080 power=7280424 shaper_sets=640
FLOW [proto@0x104c4949e] Rx - primary_channel_rx: baud_rate=0 high_carrier=1 carrier=1795.6Hz agc=0.00080 power=7283731 shaper_sets=640
FLOW [proto@0x104c4949e] Rx - Phase 3 Ja capture: emitted 72960 bits using hyp=0
FLOW [proto@0x104c4949e] Rx - primary_channel_rx: baud_rate=0 high_carrier=1 carrier=1795.6Hz agc=0.00080 power=7285833 shaper_sets=640
FLOW [proto@0x104c4949e] Rx - Phase 3 WAIT_S heartbeat: dur=512 demod=0 event=0 j_bits=73022 trn_bits=68940 trn_hint=0/75%
[ME] TX dump mark: sample=130400 rx_stage=10 tx_stage=55 mod=3
FLOW [proto@0x104c4949e] Rx - primary_channel_rx: baud_rate=0 high_carrier=1 carrier=1795.6Hz agc=0.00080 power=7272640 shaper_sets=640
FLOW [proto@0x104c4949e] Rx - primary_channel_rx: baud_rate=0 high_carrier=1 carrier=1795.8Hz agc=0.00080 power=7275445 shaper_sets=640
FLOW [proto@0x104c4949e] Rx - primary_channel_rx: baud_rate=0 high_carrier=1 carrier=1795.8Hz agc=0.00080 power=7275272 shaper_sets=640
[ME] RX dump mark: sample=130400 rx_stage=10 tx_stage=55 mod=3 guard_db=-6.0 guard_valid=1
FLOW [proto@0x104c4949e] Rx - primary_channel_rx: baud_rate=0 high_carrier=1 carrier=1795.7Hz agc=0.00080 power=7275652 shaper_sets=640
FLOW [proto@0x104c4949e] Rx - Phase 3 TRN: best hyp=11 ones=50616/69120 (73%)
FLOW [proto@0x104c4949e] Rx - Phase 3 Ja capture: emitted 73216 bits using hyp=0
FLOW [proto@0x104c4949e] Rx - primary_channel_rx: baud_rate=0 high_carrier=1 carrier=1795.6Hz agc=0.00080 power=7278375 shaper_sets=640
FLOW [proto@0x104c4949e] Rx - primary_channel_rx: baud_rate=0 high_carrier=1 carrier=1795.6Hz agc=0.00080 power=7278599 shaper_sets=640
FLOW [proto@0x104c4949e] Rx - primary_channel_rx: baud_rate=0 high_carrier=1 carrier=1795.7Hz agc=0.00080 power=7340663 shaper_sets=640
FLOW [proto@0x104c4949e] Rx - primary_channel_rx: baud_rate=0 high_carrier=1 carrier=1795.8Hz agc=0.00080 power=7331434 shaper_sets=640
FLOW [proto@0x104c4949e] Rx - primary_channel_rx: baud_rate=0 high_carrier=1 carrier=1795.7Hz agc=0.00080 power=7340992 shaper_sets=640
FLOW [proto@0x104c4949e] Rx - Phase 3 Ja capture: emitted 73472 bits using hyp=0
FLOW [proto@0x104c4949e] Rx - primary_channel_rx: baud_rate=0 high_carrier=1 carrier=1795.6Hz agc=0.00080 power=7348990 shaper_sets=640
FLOW [proto@0x104c4949e] Rx - Phase 3 WAIT_S heartbeat: dur=768 demod=0 event=0 j_bits=73534 trn_bits=69452 trn_hint=0/75%
[ME] TX dump mark: sample=131200 rx_stage=10 tx_stage=55 mod=3
FLOW [proto@0x104c4949e] Rx - primary_channel_rx: baud_rate=0 high_carrier=1 carrier=1795.6Hz agc=0.00080 power=7345903 shaper_sets=640
FLOW [proto@0x104c4949e] Rx - primary_channel_rx: baud_rate=0 high_carrier=1 carrier=1795.6Hz agc=0.00080 power=7348955 shaper_sets=640
FLOW [proto@0x104c4949e] Rx - primary_channel_rx: baud_rate=0 high_carrier=1 carrier=1795.7Hz agc=0.00080 power=7347799 shaper_sets=640
[ME] RX dump mark: sample=131200 rx_stage=10 tx_stage=55 mod=3 guard_db=-6.0 guard_valid=1
FLOW [proto@0x104c4949e] Rx - primary_channel_rx: baud_rate=0 high_carrier=1 carrier=1795.8Hz agc=0.00080 power=7347937 shaper_sets=640
FLOW [proto@0x104c4949e] Rx - Phase 3 TRN: best hyp=11 ones=50992/69632 (73%)
FLOW [proto@0x104c4949e] Rx - primary_channel_rx: baud_rate=0 high_carrier=1 carrier=1795.7Hz agc=0.00080 power=7350773 shaper_sets=640
FLOW [proto@0x104c4949e] Rx - Phase 3 Ja parser input: hyp0 len=73728 bits (stage=10, need ~16340 to parse)
FLOW [proto@0x104c4949e] Rx - Phase 3 Ja capture: emitted 73728 bits using hyp=0
FLOW [proto@0x104c4949e] Rx - primary_channel_rx: baud_rate=0 high_carrier=1 carrier=1795.6Hz agc=0.00080 power=7349786 shaper_sets=640
FLOW [proto@0x104c4949e] Rx - primary_channel_rx: baud_rate=0 high_carrier=1 carrier=1795.6Hz agc=0.00080 power=7346440 shaper_sets=640
FLOW [proto@0x104c4949e] Rx - primary_channel_rx: baud_rate=0 high_carrier=1 carrier=1795.6Hz agc=0.00080 power=7349383 shaper_sets=640
FLOW [proto@0x104c4949e] Rx - primary_channel_rx: baud_rate=0 high_carrier=1 carrier=1795.7Hz agc=0.00080 power=7343404 shaper_sets=640
FLOW [proto@0x104c4949e] Rx - primary_channel_rx: baud_rate=0 high_carrier=1 carrier=1795.8Hz agc=0.00080 power=7345670 shaper_sets=640
FLOW [proto@0x104c4949e] Rx - Phase 3 Ja capture: emitted 73984 bits using hyp=0
FLOW [proto@0x104c4949e] Rx - Phase 3 S baud 1000: mag=0.985 data_bits=3 alt=0/32 stable=0 dom=3:32/32 rev=0/32 counts=0,0,0,32
[ME] TX dump mark: sample=132000 rx_stage=10 tx_stage=55 mod=3
FLOW [proto@0x104c4949e] Rx - primary_channel_rx: baud_rate=0 high_carrier=1 carrier=1795.7Hz agc=0.00080 power=7349004 shaper_sets=640
FLOW [proto@0x104c4949e] Rx - Phase 3 WAIT_S heartbeat: dur=1024 demod=0 event=0 j_bits=74046 trn_bits=69964 trn_hint=0/75%
FLOW [proto@0x104c4949e] Rx - primary_channel_rx: baud_rate=0 high_carrier=1 carrier=1795.6Hz agc=0.00080 power=7350764 shaper_sets=640
FLOW [proto@0x104c4949e] Rx - primary_channel_rx: baud_rate=0 high_carrier=1 carrier=1795.6Hz agc=0.00080 power=7334471 shaper_sets=640
[ME] RX dump mark: sample=132000 rx_stage=10 tx_stage=55 mod=3 guard_db=-6.0 guard_valid=1
FLOW [proto@0x104c4949e] Rx - primary_channel_rx: baud_rate=0 high_carrier=1 carrier=1795.6Hz agc=0.00080 power=7315507 shaper_sets=640
FLOW [proto@0x104c4949e] Rx - primary_channel_rx: baud_rate=0 high_carrier=1 carrier=1795.7Hz agc=0.00080 power=7334565 shaper_sets=640
FLOW [proto@0x104c4949e] Rx - Phase 3 TRN: best hyp=11 ones=51367/70144 (73%)
FLOW [proto@0x104c4949e] Rx - Phase 3 Ja capture: emitted 74240 bits using hyp=0
FLOW [proto@0x104c4949e] Rx - primary_channel_rx: baud_rate=0 high_carrier=1 carrier=1795.8Hz agc=0.00080 power=7329242 shaper_sets=640
FLOW [proto@0x104c4949e] Rx - primary_channel_rx: baud_rate=0 high_carrier=1 carrier=1795.7Hz agc=0.00080 power=7301469 shaper_sets=640
FLOW [proto@0x104c4949e] Rx - primary_channel_rx: baud_rate=0 high_carrier=1 carrier=1795.6Hz agc=0.00080 power=7306026 shaper_sets=640
FLOW [proto@0x104c4949e] Rx - primary_channel_rx: baud_rate=0 high_carrier=1 carrier=1795.6Hz agc=0.00080 power=7301028 shaper_sets=640
FLOW [proto@0x104c4949e] Rx - primary_channel_rx: baud_rate=0 high_carrier=1 carrier=1795.6Hz agc=0.00080 power=7303152 shaper_sets=640
[ME] TX dump mark: sample=132800 rx_stage=10 tx_stage=55 mod=3
FLOW [proto@0x104c4949e] Rx - primary_channel_rx: baud_rate=0 high_carrier=1 carrier=1795.8Hz agc=0.00080 power=7321132 shaper_sets=640
FLOW [proto@0x104c4949e] Rx - Phase 3 Ja capture: emitted 74496 bits using hyp=0
FLOW [proto@0x104c4949e] Rx - primary_channel_rx: baud_rate=0 high_carrier=1 carrier=1795.8Hz agc=0.00080 power=7321155 shaper_sets=640
FLOW [proto@0x104c4949e] Rx - Phase 3 WAIT_S heartbeat: dur=1280 demod=0 event=0 j_bits=74558 trn_bits=70476 trn_hint=0/75%
FLOW [proto@0x104c4949e] Rx - primary_channel_rx: baud_rate=0 high_carrier=1 carrier=1795.7Hz agc=0.00080 power=7323048 shaper_sets=640
[ME] RX dump mark: sample=132800 rx_stage=10 tx_stage=55 mod=3 guard_db=-6.0 guard_valid=1
FLOW [proto@0x104c4949e] Rx - primary_channel_rx: baud_rate=0 high_carrier=1 carrier=1795.6Hz agc=0.00080 power=7317476 shaper_sets=640
FLOW [proto@0x104c4949e] Rx - primary_channel_rx: baud_rate=0 high_carrier=1 carrier=1795.6Hz agc=0.00080 power=7317557 shaper_sets=640
FLOW [proto@0x104c4949e] Rx - primary_channel_rx: baud_rate=0 high_carrier=1 carrier=1795.7Hz agc=0.00080 power=7316346 shaper_sets=640
FLOW [proto@0x104c4949e] Rx - Phase 3 TRN: best hyp=11 ones=51739/70656 (73%)
FLOW [proto@0x104c4949e] Rx - Phase 3 Ja capture: emitted 74752 bits using hyp=0
FLOW [proto@0x104c4949e] Rx - primary_channel_rx: baud_rate=0 high_carrier=1 carrier=1795.8Hz agc=0.00080 power=7317110 shaper_sets=640
FLOW [proto@0x104c4949e] Rx - primary_channel_rx: baud_rate=0 high_carrier=1 carrier=1795.8Hz agc=0.00080 power=7326351 shaper_sets=640
FLOW [proto@0x104c4949e] Rx - primary_channel_rx: baud_rate=0 high_carrier=1 carrier=1795.7Hz agc=0.00080 power=7316877 shaper_sets=640
FLOW [proto@0x104c4949e] Rx - primary_channel_rx: baud_rate=0 high_carrier=1 carrier=1795.6Hz agc=0.00080 power=7304640 shaper_sets=640
[ME] TX dump mark: sample=133600 rx_stage=10 tx_stage=55 mod=3
FLOW [proto@0x104c4949e] Rx - primary_channel_rx: baud_rate=0 high_carrier=1 carrier=1795.6Hz agc=0.00080 power=7304810 shaper_sets=640
FLOW [proto@0x104c4949e] Rx - Phase 3 Ja capture: emitted 75008 bits using hyp=0
FLOW [proto@0x104c4949e] Rx - primary_channel_rx: baud_rate=0 high_carrier=1 carrier=1795.7Hz agc=0.00080 power=7301983 shaper_sets=640
FLOW [proto@0x104c4949e] Rx - Phase 3 WAIT_S heartbeat: dur=1536 demod=0 event=0 j_bits=75070 trn_bits=70988 trn_hint=0/75%
[ME] TX path: state=3 mod=3 fax_active=0 v34=0x700020000 v22bis=0x0
FLOW [proto@0x104c4949e] Rx - primary_channel_rx: baud_rate=0 high_carrier=1 carrier=1795.8Hz agc=0.00080 power=7301904 shaper_sets=640
[ME] RX dump mark: sample=133600 rx_stage=10 tx_stage=55 mod=3 guard_db=-6.0 guard_valid=1
FLOW [proto@0x104c4949e] Rx - primary_channel_rx: baud_rate=0 high_carrier=1 carrier=1795.7Hz agc=0.00080 power=7301660 shaper_sets=640
FLOW [proto@0x104c4949e] Rx - primary_channel_rx: baud_rate=0 high_carrier=1 carrier=1795.6Hz agc=0.00080 power=7297056 shaper_sets=640
FLOW [proto@0x104c4949e] Rx - primary_channel_rx: baud_rate=0 high_carrier=1 carrier=1795.6Hz agc=0.00080 power=7296574 shaper_sets=640
FLOW [proto@0x104c4949e] Rx - Phase 3 TRN: best hyp=11 ones=52108/71168 (73%)
FLOW [proto@0x104c4949e] Rx - primary_channel_rx: baud_rate=0 high_carrier=1 carrier=1795.6Hz agc=0.00080 power=7288950 shaper_sets=640
FLOW [proto@0x104c4949e] Rx - Phase 3 Ja capture: emitted 75264 bits using hyp=0
FLOW [proto@0x104c4949e] Rx - primary_channel_rx: baud_rate=0 high_carrier=1 carrier=1795.7Hz agc=0.00080 power=7296822 shaper_sets=640
FLOW [proto@0x104c4949e] Rx - primary_channel_rx: baud_rate=0 high_carrier=1 carrier=1795.8Hz agc=0.00080 power=7294654 shaper_sets=640
FLOW [proto@0x104c4949e] Rx - primary_channel_rx: baud_rate=0 high_carrier=1 carrier=1795.7Hz agc=0.00080 power=7292659 shaper_sets=640
[ME] TX dump mark: sample=134400 rx_stage=10 tx_stage=55 mod=3
FLOW [proto@0x104c4949e] Rx - primary_channel_rx: baud_rate=0 high_carrier=1 carrier=1795.6Hz agc=0.00080 power=7325424 shaper_sets=640
FLOW [proto@0x104c4949e] Rx - primary_channel_rx: baud_rate=0 high_carrier=1 carrier=1795.6Hz agc=0.00080 power=7281343 shaper_sets=640
FLOW [proto@0x104c4949e] Rx - Phase 3 Ja capture: emitted 75520 bits using hyp=0
FLOW [proto@0x104c4949e] Rx - primary_channel_rx: baud_rate=0 high_carrier=1 carrier=1795.6Hz agc=0.00080 power=7272654 shaper_sets=640
FLOW [proto@0x104c4949e] Rx - Phase 3 WAIT_S heartbeat: dur=1792 demod=0 event=0 j_bits=75582 trn_bits=71500 trn_hint=0/75%
[ME] RX dump mark: sample=134400 rx_stage=10 tx_stage=55 mod=3 guard_db=-6.0 guard_valid=1
FLOW [proto@0x104c4949e] Rx - primary_channel_rx: baud_rate=0 high_carrier=1 carrier=1795.7Hz agc=0.00080 power=7276313 shaper_sets=640
FLOW [proto@0x104c4949e] Rx - primary_channel_rx: baud_rate=0 high_carrier=1 carrier=1795.8Hz agc=0.00080 power=7273333 shaper_sets=640
FLOW [proto@0x104c4949e] Rx - primary_channel_rx: baud_rate=0 high_carrier=1 carrier=1795.7Hz agc=0.00080 power=7269817 shaper_sets=640
FLOW [proto@0x104c4949e] Rx - primary_channel_rx: baud_rate=0 high_carrier=1 carrier=1795.6Hz agc=0.00080 power=7269948 shaper_sets=640
FLOW [proto@0x104c4949e] Rx - Phase 3 TRN: best hyp=11 ones=52479/71680 (73%)
FLOW [proto@0x104c4949e] Rx - Phase 3 Ja parser input: hyp0 len=75776 bits (stage=10, need ~16340 to parse)
FLOW [proto@0x104c4949e] Rx - Phase 3 Ja capture: emitted 75776 bits using hyp=0
FLOW [proto@0x104c4949e] Rx - primary_channel_rx: baud_rate=0 high_carrier=1 carrier=1795.6Hz agc=0.00080 power=7275122 shaper_sets=640
FLOW [proto@0x104c4949e] Rx - primary_channel_rx: baud_rate=0 high_carrier=1 carrier=1795.6Hz agc=0.00080 power=7273578 shaper_sets=640
FLOW [proto@0x104c4949e] Rx - primary_channel_rx: baud_rate=0 high_carrier=1 carrier=1795.7Hz agc=0.00080 power=7273480 shaper_sets=640
[ME] TX dump mark: sample=135200 rx_stage=10 tx_stage=55 mod=3
FLOW [proto@0x104c4949e] Rx - primary_channel_rx: baud_rate=0 high_carrier=1 carrier=1795.8Hz agc=0.00080 power=7272806 shaper_sets=640
FLOW [proto@0x104c4949e] Rx - primary_channel_rx: baud_rate=0 high_carrier=1 carrier=1795.7Hz agc=0.00080 power=7277704 shaper_sets=640
FLOW [proto@0x104c4949e] Rx - Phase 3 S baud 2000: mag=1.002 data_bits=3 alt=0/32 stable=0 dom=3:32/32 rev=0/32 counts=0,0,0,32
FLOW [proto@0x104c4949e] Rx - primary_channel_rx: baud_rate=0 high_carrier=1 carrier=1795.6Hz agc=0.00080 power=7267167 shaper_sets=640
FLOW [proto@0x104c4949e] Rx - Phase 3 Ja capture: emitted 76032 bits using hyp=0
[ME] RX dump mark: sample=135200 rx_stage=10 tx_stage=55 mod=3 guard_db=-6.0 guard_valid=1
FLOW [proto@0x104c4949e] Rx - primary_channel_rx: baud_rate=0 high_carrier=1 carrier=1795.6Hz agc=0.00080 power=7278810 shaper_sets=640
FLOW [proto@0x104c4949e] Rx - Phase 3 WAIT_S heartbeat: dur=2048 demod=0 event=0 j_bits=76094 trn_bits=72012 trn_hint=0/75%
FLOW [proto@0x104c4949e] Rx - primary_channel_rx: baud_rate=0 high_carrier=1 carrier=1795.7Hz agc=0.00080 power=7266826 shaper_sets=640
FLOW [proto@0x104c4949e] Rx - primary_channel_rx: baud_rate=0 high_carrier=1 carrier=1795.8Hz agc=0.00080 power=7276428 shaper_sets=640
FLOW [proto@0x104c4949e] Rx - primary_channel_rx: baud_rate=0 high_carrier=1 carrier=1795.7Hz agc=0.00080 power=7293698 shaper_sets=640
FLOW [proto@0x104c4949e] Rx - primary_channel_rx: baud_rate=0 high_carrier=1 carrier=1795.6Hz agc=0.00080 power=7281426 shaper_sets=640
FLOW [proto@0x104c4949e] Rx - Phase 3 TRN: best hyp=11 ones=52850/72192 (73%)
FLOW [proto@0x104c4949e] Rx - Phase 3 Ja capture: emitted 76288 bits using hyp=0
FLOW [proto@0x104c4949e] Rx - primary_channel_rx: baud_rate=0 high_carrier=1 carrier=1795.6Hz agc=0.00080 power=7276961 shaper_sets=640
FLOW [proto@0x104c4949e] Rx - primary_channel_rx: baud_rate=0 high_carrier=1 carrier=1795.6Hz agc=0.00080 power=7316663 shaper_sets=640
[ME] TX dump mark: sample=136000 rx_stage=10 tx_stage=55 mod=3
[ME] Training TX: RMS=0.0 (8000 samples)
FLOW [proto@0x104c4949e] Rx - primary_channel_rx: baud_rate=0 high_carrier=1 carrier=1795.7Hz agc=0.00080 power=7312561 shaper_sets=640
FLOW [proto@0x104c4949e] Rx - primary_channel_rx: baud_rate=0 high_carrier=1 carrier=1795.8Hz agc=0.00080 power=7316225 shaper_sets=640
[ME] Training rx: RMS=2736.4 (8000 samples)
FLOW [proto@0x104c4949e] Rx - primary_channel_rx: baud_rate=0 high_carrier=1 carrier=1795.7Hz agc=0.00080 power=7312184 shaper_sets=640
FLOW [proto@0x104c4949e] Rx - Phase 3 Ja capture: emitted 76544 bits using hyp=0
[ME] RX dump mark: sample=136000 rx_stage=10 tx_stage=55 mod=3 guard_db=-6.0 guard_valid=1
FLOW [proto@0x104c4949e] Rx - primary_channel_rx: baud_rate=0 high_carrier=1 carrier=1795.6Hz agc=0.00080 power=7303269 shaper_sets=640
FLOW [proto@0x104c4949e] Rx - Phase 3 WAIT_S heartbeat: dur=2304 demod=0 event=0 j_bits=76606 trn_bits=72524 trn_hint=0/75%
FLOW [proto@0x104c4949e] Rx - primary_channel_rx: baud_rate=0 high_carrier=1 carrier=1795.6Hz agc=0.00081 power=7266441 shaper_sets=640
FLOW [proto@0x104c4949e] Rx - primary_channel_rx: baud_rate=0 high_carrier=1 carrier=1795.6Hz agc=0.00080 power=7315756 shaper_sets=640
FLOW [proto@0x104c4949e] Rx - primary_channel_rx: baud_rate=0 high_carrier=1 carrier=1795.7Hz agc=0.00080 power=7320306 shaper_sets=640
FLOW [proto@0x104c4949e] Rx - primary_channel_rx: baud_rate=0 high_carrier=1 carrier=1795.8Hz agc=0.00081 power=7260153 shaper_sets=640
FLOW [proto@0x104c4949e] Rx - Phase 3 TRN: best hyp=11 ones=53220/72704 (73%)
FLOW [proto@0x104c4949e] Rx - primary_channel_rx: baud_rate=0 high_carrier=1 carrier=1795.7Hz agc=0.00080 power=7330616 shaper_sets=640
FLOW [proto@0x104c4949e] Rx - Phase 3 Ja capture: emitted 76800 bits using hyp=0
FLOW [proto@0x104c4949e] Rx - primary_channel_rx: baud_rate=0 high_carrier=1 carrier=1795.6Hz agc=0.00080 power=7274146 shaper_sets=640
[ME] TX dump mark: sample=136800 rx_stage=10 tx_stage=55 mod=3
FLOW [proto@0x104c4949e] Rx - primary_channel_rx: baud_rate=0 high_carrier=1 carrier=1795.6Hz agc=0.00080 power=7286965 shaper_sets=640
FLOW [proto@0x104c4949e] Rx - primary_channel_rx: baud_rate=0 high_carrier=1 carrier=1795.6Hz agc=0.00080 power=7270360 shaper_sets=640
FLOW [proto@0x104c4949e] Rx - primary_channel_rx: baud_rate=0 high_carrier=1 carrier=1795.7Hz agc=0.00081 power=7266160 shaper_sets=640
[ME] RX dump mark: sample=136800 rx_stage=10 tx_stage=55 mod=3 guard_db=-6.0 guard_valid=1
FLOW [proto@0x104c4949e] Rx - primary_channel_rx: baud_rate=0 high_carrier=1 carrier=1795.8Hz agc=0.00081 power=7266006 shaper_sets=640
FLOW [proto@0x104c4949e] Rx - Phase 3 Ja capture: emitted 77056 bits using hyp=0
FLOW [proto@0x104c4949e] Rx - primary_channel_rx: baud_rate=0 high_carrier=1 carrier=1795.6Hz agc=0.00081 power=7266363 shaper_sets=640
FLOW [proto@0x104c4949e] Rx - Phase 3 WAIT_S heartbeat: dur=2560 demod=0 event=0 j_bits=77118 trn_bits=73036 trn_hint=0/75%
FLOW [proto@0x104c4949e] Rx - primary_channel_rx: baud_rate=0 high_carrier=1 carrier=1795.6Hz agc=0.00080 power=7272216 shaper_sets=640
FLOW [proto@0x104c4949e] Rx - primary_channel_rx: baud_rate=0 high_carrier=1 carrier=1795.6Hz agc=0.00080 power=7267707 shaper_sets=640
FLOW [proto@0x104c4949e] Rx - primary_channel_rx: baud_rate=0 high_carrier=1 carrier=1795.6Hz agc=0.00080 power=7270990 shaper_sets=640
FLOW [proto@0x104c4949e] Rx - primary_channel_rx: baud_rate=0 high_carrier=1 carrier=1795.7Hz agc=0.00080 power=7267665 shaper_sets=640
FLOW [proto@0x104c4949e] Rx - Phase 3 TRN: best hyp=11 ones=53601/73216 (73%)
FLOW [proto@0x104c4949e] Rx - Phase 3 Ja capture: emitted 77312 bits using hyp=0
FLOW [proto@0x104c4949e] Rx - primary_channel_rx: baud_rate=0 high_carrier=1 carrier=1795.7Hz agc=0.00080 power=7270972 shaper_sets=640
[ME] TX dump mark: sample=137600 rx_stage=10 tx_stage=55 mod=3
FLOW [proto@0x104c4949e] Rx - primary_channel_rx: baud_rate=0 high_carrier=1 carrier=1795.6Hz agc=0.00080 power=7270686 shaper_sets=640
FLOW [proto@0x104c4949e] Rx - primary_channel_rx: baud_rate=0 high_carrier=1 carrier=1795.6Hz agc=0.00080 power=7267710 shaper_sets=640
FLOW [proto@0x104c4949e] Rx - primary_channel_rx: baud_rate=0 high_carrier=1 carrier=1795.6Hz agc=0.00080 power=7268796 shaper_sets=640
[ME] RX dump mark: sample=137600 rx_stage=10 tx_stage=55 mod=3 guard_db=-6.0 guard_valid=1
FLOW [proto@0x104c4949e] Rx - primary_channel_rx: baud_rate=0 high_carrier=1 carrier=1795.6Hz agc=0.00080 power=7267614 shaper_sets=640
FLOW [proto@0x104c4949e] Rx - primary_channel_rx: baud_rate=0 high_carrier=1 carrier=1795.8Hz agc=0.00080 power=7267491 shaper_sets=640
FLOW [proto@0x104c4949e] Rx - Phase 3 Ja capture: emitted 77568 bits using hyp=0
FLOW [proto@0x104c4949e] Rx - primary_channel_rx: baud_rate=0 high_carrier=1 carrier=1795.7Hz agc=0.00080 power=7268357 shaper_sets=640
FLOW [proto@0x104c4949e] Rx - Phase 3 WAIT_S heartbeat: dur=2816 demod=0 event=0 j_bits=77630 trn_bits=73548 trn_hint=0/75%
FLOW [proto@0x104c4949e] Rx - primary_channel_rx: baud_rate=0 high_carrier=1 carrier=1795.6Hz agc=0.00080 power=7268381 shaper_sets=640
FLOW [proto@0x104c4949e] Rx - primary_channel_rx: baud_rate=0 high_carrier=1 carrier=1795.6Hz agc=0.00080 power=7268102 shaper_sets=640
FLOW [proto@0x104c4949e] Rx - primary_channel_rx: baud_rate=0 high_carrier=1 carrier=1795.6Hz agc=0.00081 power=7263983 shaper_sets=640
FLOW [proto@0x104c4949e] Rx - primary_channel_rx: baud_rate=0 high_carrier=1 carrier=1795.7Hz agc=0.00080 power=7276147 shaper_sets=640
FLOW [proto@0x104c4949e] Rx - Phase 3 TRN: best hyp=11 ones=53968/73728 (73%)
FLOW [proto@0x104c4949e] Rx - Phase 3 Ja parser input: hyp0 len=77824 bits (stage=10, need ~16340 to parse)
FLOW [proto@0x104c4949e] Rx - Phase 3 Ja capture: emitted 77824 bits using hyp=0
[ME] TX dump mark: sample=138400 rx_stage=10 tx_stage=55 mod=3
FLOW [proto@0x104c4949e] Rx - primary_channel_rx: baud_rate=0 high_carrier=1 carrier=1795.8Hz agc=0.00081 power=7262928 shaper_sets=640
FLOW [proto@0x104c4949e] Rx - primary_channel_rx: baud_rate=0 high_carrier=1 carrier=1795.7Hz agc=0.00080 power=7269031 shaper_sets=640
FLOW [proto@0x104c4949e] Rx - primary_channel_rx: baud_rate=0 high_carrier=1 carrier=1795.6Hz agc=0.00081 power=7244498 shaper_sets=640
FLOW [proto@0x104c4949e] Rx - Phase 3 S baud 3000: mag=0.978 data_bits=3 alt=0/32 stable=0 dom=3:32/32 rev=0/32 counts=0,0,0,32
[ME] RX dump mark: sample=138400 rx_stage=10 tx_stage=55 mod=3 guard_db=-6.0 guard_valid=1
FLOW [proto@0x104c4949e] Rx - primary_channel_rx: baud_rate=0 high_carrier=1 carrier=1795.6Hz agc=0.00080 power=7269893 shaper_sets=640
FLOW [proto@0x104c4949e] Rx - primary_channel_rx: baud_rate=0 high_carrier=1 carrier=1795.6Hz agc=0.00080 power=7266843 shaper_sets=640
FLOW [proto@0x104c4949e] Rx - Phase 3 Ja capture: emitted 78080 bits using hyp=0
FLOW [proto@0x104c4949e] Rx - primary_channel_rx: baud_rate=0 high_carrier=1 carrier=1795.7Hz agc=0.00081 power=7265890 shaper_sets=640
FLOW [proto@0x104c4949e] Rx - Phase 3 WAIT_S heartbeat: dur=3072 demod=0 event=0 j_bits=78142 trn_bits=74060 trn_hint=0/75%
FLOW [proto@0x104c4949e] Rx - primary_channel_rx: baud_rate=0 high_carrier=1 carrier=1795.8Hz agc=0.00081 power=7246212 shaper_sets=640
FLOW [proto@0x104c4949e] Rx - primary_channel_rx: baud_rate=0 high_carrier=1 carrier=1795.6Hz agc=0.00080 power=7273197 shaper_sets=640
FLOW [proto@0x104c4949e] Rx - primary_channel_rx: baud_rate=0 high_carrier=1 carrier=1795.6Hz agc=0.00080 power=7275731 shaper_sets=640
FLOW [proto@0x104c4949e] Rx - primary_channel_rx: baud_rate=0 high_carrier=1 carrier=1795.6Hz agc=0.00080 power=7281002 shaper_sets=640
FLOW [proto@0x104c4949e] Rx - Phase 3 TRN: best hyp=11 ones=54338/74240 (73%)
[ME] TX dump mark: sample=139200 rx_stage=10 tx_stage=55 mod=3
FLOW [proto@0x104c4949e] Rx - primary_channel_rx: baud_rate=0 high_carrier=1 carrier=1795.6Hz agc=0.00080 power=7278580 shaper_sets=640
FLOW [proto@0x104c4949e] Rx - Phase 3 Ja capture: emitted 78336 bits using hyp=0
FLOW [proto@0x104c4949e] Rx - primary_channel_rx: baud_rate=0 high_carrier=1 carrier=1795.7Hz agc=0.00080 power=7280509 shaper_sets=640
FLOW [proto@0x104c4949e] Rx - primary_channel_rx: baud_rate=0 high_carrier=1 carrier=1795.7Hz agc=0.00080 power=7280057 shaper_sets=640
[ME] RX dump mark: sample=139200 rx_stage=10 tx_stage=55 mod=3 guard_db=-6.0 guard_valid=1
FLOW [proto@0x104c4949e] Rx - primary_channel_rx: baud_rate=0 high_carrier=1 carrier=1795.6Hz agc=0.00080 power=7280346 shaper_sets=640
FLOW [proto@0x104c4949e] Rx - primary_channel_rx: baud_rate=0 high_carrier=1 carrier=1795.5Hz agc=0.00080 power=7284952 shaper_sets=640
FLOW [proto@0x104c4949e] Rx - primary_channel_rx: baud_rate=0 high_carrier=1 carrier=1795.6Hz agc=0.00080 power=7285980 shaper_sets=640
FLOW [proto@0x104c4949e] Rx - Phase 3 Ja capture: emitted 78592 bits using hyp=0
FLOW [proto@0x104c4949e] Rx - primary_channel_rx: baud_rate=0 high_carrier=1 carrier=1795.6Hz agc=0.00080 power=7283196 shaper_sets=640
FLOW [proto@0x104c4949e] Rx - Phase 3 WAIT_S heartbeat: dur=3328 demod=0 event=0 j_bits=78654 trn_bits=74572 trn_hint=0/75%
FLOW [proto@0x104c4949e] Rx - primary_channel_rx: baud_rate=0 high_carrier=1 carrier=1795.8Hz agc=0.00080 power=7283418 shaper_sets=640
FLOW [proto@0x104c4949e] Rx - primary_channel_rx: baud_rate=0 high_carrier=1 carrier=1795.7Hz agc=0.00080 power=7268518 shaper_sets=640
FLOW [proto@0x104c4949e] Rx - primary_channel_rx: baud_rate=0 high_carrier=1 carrier=1795.6Hz agc=0.00081 power=7258310 shaper_sets=640
[ME] TX dump mark: sample=140000 rx_stage=10 tx_stage=55 mod=3
FLOW [proto@0x104c4949e] Rx - primary_channel_rx: baud_rate=0 high_carrier=1 carrier=1795.5Hz agc=0.00080 power=7269338 shaper_sets=640
FLOW [proto@0x104c4949e] Rx - Phase 3 TRN: best hyp=11 ones=54706/74752 (73%)
FLOW [proto@0x104c4949e] Rx - Phase 3 Ja capture: emitted 78848 bits using hyp=0
FLOW [proto@0x104c4949e] Rx - primary_channel_rx: baud_rate=0 high_carrier=1 carrier=1795.6Hz agc=0.00080 power=7280900 shaper_sets=640
FLOW [proto@0x104c4949e] Rx - primary_channel_rx: baud_rate=0 high_carrier=1 carrier=1795.7Hz agc=0.00081 power=7241893 shaper_sets=640
[ME] RX dump mark: sample=140000 rx_stage=10 tx_stage=55 mod=3 guard_db=-6.0 guard_valid=1
FLOW [proto@0x104c4949e] Rx - primary_channel_rx: baud_rate=0 high_carrier=1 carrier=1795.8Hz agc=0.00080 power=7332328 shaper_sets=640
FLOW [proto@0x104c4949e] Rx - primary_channel_rx: baud_rate=0 high_carrier=1 carrier=1795.6Hz agc=0.00080 power=7317933 shaper_sets=640
FLOW [proto@0x104c4949e] Rx - primary_channel_rx: baud_rate=0 high_carrier=1 carrier=1795.6Hz agc=0.00081 power=7263136 shaper_sets=640
FLOW [proto@0x104c4949e] Rx - primary_channel_rx: baud_rate=0 high_carrier=1 carrier=1795.5Hz agc=0.00081 power=7245813 shaper_sets=640
FLOW [proto@0x104c4949e] Rx - Phase 3 Ja capture: emitted 79104 bits using hyp=0
FLOW [proto@0x104c4949e] Rx - primary_channel_rx: baud_rate=0 high_carrier=1 carrier=1795.6Hz agc=0.00080 power=7323095 shaper_sets=640
FLOW [proto@0x104c4949e] Rx - Phase 3 WAIT_S heartbeat: dur=3584 demod=0 event=0 j_bits=79166 trn_bits=75084 trn_hint=0/75%
FLOW [proto@0x104c4949e] Rx - primary_channel_rx: baud_rate=0 high_carrier=1 carrier=1795.7Hz agc=0.00081 power=7245712 shaper_sets=640
FLOW [proto@0x104c4949e] Rx - primary_channel_rx: baud_rate=0 high_carrier=1 carrier=1795.7Hz agc=0.00081 power=7262477 shaper_sets=640
[ME] TX dump mark: sample=140800 rx_stage=10 tx_stage=55 mod=3
FLOW [proto@0x104c4949e] Rx - primary_channel_rx: baud_rate=0 high_carrier=1 carrier=1795.6Hz agc=0.00080 power=7321572 shaper_sets=640
FLOW [proto@0x104c4949e] Rx - primary_channel_rx: baud_rate=0 high_carrier=1 carrier=1795.5Hz agc=0.00080 power=7331026 shaper_sets=640
FLOW [proto@0x104c4949e] Rx - Phase 3 TRN: best hyp=11 ones=55081/75264 (73%)
FLOW [proto@0x104c4949e] Rx - Phase 3 Ja capture: emitted 79360 bits using hyp=0
FLOW [proto@0x104c4949e] Rx - primary_channel_rx: baud_rate=0 high_carrier=1 carrier=1795.5Hz agc=0.00080 power=7311937 shaper_sets=640
[ME] RX dump mark: sample=140800 rx_stage=10 tx_stage=55 mod=3 guard_db=-6.0 guard_valid=1
FLOW [proto@0x104c4949e] Rx - primary_channel_rx: baud_rate=0 high_carrier=1 carrier=1795.6Hz agc=0.00080 power=7287974 shaper_sets=640
FLOW [proto@0x104c4949e] Rx - primary_channel_rx: baud_rate=0 high_carrier=1 carrier=1795.7Hz agc=0.00080 power=7290246 shaper_sets=640
FLOW [proto@0x104c4949e] Rx - primary_channel_rx: baud_rate=0 high_carrier=1 carrier=1795.7Hz agc=0.00080 power=7321874 shaper_sets=640
FLOW [proto@0x104c4949e] Rx - primary_channel_rx: baud_rate=0 high_carrier=1 carrier=1795.6Hz agc=0.00080 power=7279893 shaper_sets=640
FLOW [proto@0x104c4949e] Rx - Phase 3 Ja capture: emitted 79616 bits using hyp=0
FLOW [proto@0x104c4949e] Rx - primary_channel_rx: baud_rate=0 high_carrier=1 carrier=1795.5Hz agc=0.00080 power=7301438 shaper_sets=640
FLOW [proto@0x104c4949e] Rx - Phase 3 WAIT_S heartbeat: dur=3840 demod=0 event=0 j_bits=79678 trn_bits=75596 trn_hint=0/75%
FLOW [proto@0x104c4949e] Rx - primary_channel_rx: baud_rate=0 high_carrier=1 carrier=1795.6Hz agc=0.00080 power=7291039 shaper_sets=640
FLOW [proto@0x104c4949e] Rx - primary_channel_rx: baud_rate=0 high_carrier=1 carrier=1795.6Hz agc=0.00080 power=7291974 shaper_sets=640
[ME] TX dump mark: sample=141600 rx_stage=10 tx_stage=55 mod=3
FLOW [proto@0x104c4949e] Rx - primary_channel_rx: baud_rate=0 high_carrier=1 carrier=1795.8Hz agc=0.00080 power=7290778 shaper_sets=640
FLOW [proto@0x104c4949e] Rx - primary_channel_rx: baud_rate=0 high_carrier=1 carrier=1795.6Hz agc=0.00080 power=7291840 shaper_sets=640
FLOW [proto@0x104c4949e] Rx - Phase 3 TRN: best hyp=11 ones=55448/75776 (73%)
[ME] TX path: state=3 mod=3 fax_active=0 v34=0x700020000 v22bis=0x0
[ME] DIAG: cr_update calls=1200 phase_err=0.153 samples
FLOW [proto@0x104c4949e] Rx - primary_channel_rx: baud_rate=0 high_carrier=1 carrier=1795.6Hz agc=0.00080 power=7290724 shaper_sets=640
FLOW [proto@0x104c4949e] Rx - Phase 3 Ja parser input: hyp0 len=79872 bits (stage=10, need ~16340 to parse)
FLOW [proto@0x104c4949e] Rx - Phase 3 Ja capture: emitted 79872 bits using hyp=0
[ME] RX dump mark: sample=141600 rx_stage=10 tx_stage=55 mod=3 guard_db=-6.0 guard_valid=1
FLOW [proto@0x104c4949e] Rx - primary_channel_rx: baud_rate=0 high_carrier=1 carrier=1795.5Hz agc=0.00080 power=7281793 shaper_sets=640
FLOW [proto@0x104c4949e] Rx - primary_channel_rx: baud_rate=0 high_carrier=1 carrier=1795.6Hz agc=0.00080 power=7272857 shaper_sets=640
FLOW [proto@0x104c4949e] Rx - Phase 3 S baud 4000: mag=1.008 data_bits=3 alt=0/32 stable=0 dom=3:32/32 rev=0/32 counts=0,0,0,32
FLOW [proto@0x104c4949e] Rx - primary_channel_rx: baud_rate=0 high_carrier=1 carrier=1795.7Hz agc=0.00080 power=7281184 shaper_sets=640
FLOW [proto@0x104c4949e] Rx - primary_channel_rx: baud_rate=0 high_carrier=1 carrier=1795.7Hz agc=0.00080 power=7272681 shaper_sets=640
FLOW [proto@0x104c4949e] Rx - primary_channel_rx: baud_rate=0 high_carrier=1 carrier=1795.6Hz agc=0.00080 power=7282150 shaper_sets=640
FLOW [proto@0x104c4949e] Rx - Phase 3 Ja capture: emitted 80128 bits using hyp=0
FLOW [proto@0x104c4949e] Rx - primary_channel_rx: baud_rate=0 high_carrier=1 carrier=1795.5Hz agc=0.00080 power=7272984 shaper_sets=640
FLOW [proto@0x104c4949e] Rx - Phase 3 WAIT_S heartbeat: dur=4096 demod=0 event=0 j_bits=80190 trn_bits=76108 trn_hint=0/75%
FLOW [proto@0x104c4949e] Rx - primary_channel_rx: baud_rate=0 high_carrier=1 carrier=1795.5Hz agc=0.00080 power=7286856 shaper_sets=640
[ME] TX dump mark: sample=142400 rx_stage=10 tx_stage=55 mod=3
FLOW [proto@0x104c4949e] Rx - primary_channel_rx: baud_rate=0 high_carrier=1 carrier=1795.6Hz agc=0.00080 power=7293125 shaper_sets=640
FLOW [proto@0x104c4949e] Rx - primary_channel_rx: baud_rate=0 high_carrier=1 carrier=1795.7Hz agc=0.00080 power=7290659 shaper_sets=640
FLOW [proto@0x104c4949e] Rx - primary_channel_rx: baud_rate=0 high_carrier=1 carrier=1795.7Hz agc=0.00080 power=7291321 shaper_sets=640
FLOW [proto@0x104c4949e] Rx - Phase 3 TRN: best hyp=11 ones=55823/76288 (73%)
FLOW [proto@0x104c4949e] Rx - Phase 3 Ja capture: emitted 80384 bits using hyp=0
[ME] RX dump mark: sample=142400 rx_stage=10 tx_stage=55 mod=3 guard_db=-6.0 guard_valid=1
FLOW [proto@0x104c4949e] Rx - primary_channel_rx: baud_rate=0 high_carrier=1 carrier=1795.6Hz agc=0.00080 power=7279410 shaper_sets=640
FLOW [proto@0x104c4949e] Rx - primary_channel_rx: baud_rate=0 high_carrier=1 carrier=1795.5Hz agc=0.00080 power=7290184 shaper_sets=640
FLOW [proto@0x104c4949e] Rx - primary_channel_rx: baud_rate=0 high_carrier=1 carrier=1795.5Hz agc=0.00080 power=7290962 shaper_sets=640
FLOW [proto@0x104c4949e] Rx - primary_channel_rx: baud_rate=0 high_carrier=1 carrier=1795.6Hz agc=0.00080 power=7300119 shaper_sets=640
FLOW [proto@0x104c4949e] Rx - primary_channel_rx: baud_rate=0 high_carrier=1 carrier=1795.7Hz agc=0.00080 power=7290776 shaper_sets=640
FLOW [proto@0x104c4949e] Rx - primary_channel_rx: baud_rate=0 high_carrier=1 carrier=1795.6Hz agc=0.00080 power=7290193 shaper_sets=640
FLOW [proto@0x104c4949e] Rx - Phase 3 Ja capture: emitted 80640 bits using hyp=0
FLOW [proto@0x104c4949e] Rx - primary_channel_rx: baud_rate=0 high_carrier=1 carrier=1795.5Hz agc=0.00080 power=7294423 shaper_sets=640
FLOW [proto@0x104c4949e] Rx - Phase 3 WAIT_S heartbeat: dur=4352 demod=0 event=0 j_bits=80702 trn_bits=76620 trn_hint=0/75%
[ME] TX dump mark: sample=143200 rx_stage=10 tx_stage=55 mod=3
FLOW [proto@0x104c4949e] Rx - primary_channel_rx: baud_rate=0 high_carrier=1 carrier=1795.5Hz agc=0.00080 power=7297084 shaper_sets=640
FLOW [proto@0x104c4949e] Rx - primary_channel_rx: baud_rate=0 high_carrier=1 carrier=1795.5Hz agc=0.00080 power=7296243 shaper_sets=640
FLOW [proto@0x104c4949e] Rx - primary_channel_rx: baud_rate=0 high_carrier=1 carrier=1795.6Hz agc=0.00080 power=7302849 shaper_sets=640
[ME] RX dump mark: sample=143200 rx_stage=10 tx_stage=55 mod=3 guard_db=-6.0 guard_valid=1
FLOW [proto@0x104c4949e] Rx - primary_channel_rx: baud_rate=0 high_carrier=1 carrier=1795.7Hz agc=0.00080 power=7299915 shaper_sets=640
FLOW [proto@0x104c4949e] Rx - Phase 3 TRN: best hyp=11 ones=56194/76800 (73%)
FLOW [proto@0x104c4949e] Rx - Phase 3 Ja capture: emitted 80896 bits using hyp=0
FLOW [proto@0x104c4949e] Rx - primary_channel_rx: baud_rate=0 high_carrier=1 carrier=1795.6Hz agc=0.00080 power=7288501 shaper_sets=640
FLOW [proto@0x104c4949e] Rx - primary_channel_rx: baud_rate=0 high_carrier=1 carrier=1795.5Hz agc=0.00080 power=7285833 shaper_sets=640
FLOW [proto@0x104c4949e] Rx - primary_channel_rx: baud_rate=0 high_carrier=1 carrier=1795.5Hz agc=0.00080 power=7285800 shaper_sets=640
FLOW [proto@0x104c4949e] Rx - primary_channel_rx: baud_rate=0 high_carrier=1 carrier=1795.6Hz agc=0.00080 power=7295680 shaper_sets=640
FLOW [proto@0x104c4949e] Rx - primary_channel_rx: baud_rate=0 high_carrier=1 carrier=1795.7Hz agc=0.00080 power=7295068 shaper_sets=640
FLOW [proto@0x104c4949e] Rx - Phase 3 Ja capture: emitted 81152 bits using hyp=0
FLOW [proto@0x104c4949e] Rx - primary_channel_rx: baud_rate=0 high_carrier=1 carrier=1795.7Hz agc=0.00080 power=7270310 shaper_sets=640
FLOW [proto@0x104c4949e] Rx - Phase 3 WAIT_S heartbeat: dur=4608 demod=0 event=0 j_bits=81214 trn_bits=77132 trn_hint=0/75%
[ME] TX dump mark: sample=144000 rx_stage=10 tx_stage=55 mod=3
[ME] Training TX: RMS=0.0 (8000 samples)
FLOW [proto@0x104c4949e] Rx - primary_channel_rx: baud_rate=0 high_carrier=1 carrier=1795.6Hz agc=0.00081 power=7259172 shaper_sets=640
FLOW [proto@0x104c4949e] Rx - primary_channel_rx: baud_rate=0 high_carrier=1 carrier=1795.5Hz agc=0.00080 power=7275218 shaper_sets=640
[ME] Training rx: RMS=2728.6 (8000 samples)
FLOW [proto@0x104c4949e] Rx - primary_channel_rx: baud_rate=0 high_carrier=1 carrier=1795.5Hz agc=0.00081 power=7265846 shaper_sets=640
[ME] RX dump mark: sample=144000 rx_stage=10 tx_stage=55 mod=3 guard_db=-6.0 guard_valid=1
FLOW [proto@0x104c4949e] Rx - primary_channel_rx: baud_rate=0 high_carrier=1 carrier=1795.6Hz agc=0.00080 power=7278077 shaper_sets=640
FLOW [proto@0x104c4949e] Rx - Phase 3 TRN: best hyp=11 ones=56567/77312 (73%)
FLOW [proto@0x104c4949e] Rx - primary_channel_rx: baud_rate=0 high_carrier=1 carrier=1795.7Hz agc=0.00080 power=7278154 shaper_sets=640
FLOW [proto@0x104c4949e] Rx - Phase 3 Ja capture: emitted 81408 bits using hyp=0
FLOW [proto@0x104c4949e] Rx - primary_channel_rx: baud_rate=0 high_carrier=1 carrier=1795.7Hz agc=0.00080 power=7273255 shaper_sets=640
FLOW [proto@0x104c4949e] Rx - primary_channel_rx: baud_rate=0 high_carrier=1 carrier=1795.6Hz agc=0.00080 power=7288582 shaper_sets=640
FLOW [proto@0x104c4949e] Rx - primary_channel_rx: baud_rate=0 high_carrier=1 carrier=1795.5Hz agc=0.00080 power=7290302 shaper_sets=640
FLOW [proto@0x104c4949e] Rx - primary_channel_rx: baud_rate=0 high_carrier=1 carrier=1795.5Hz agc=0.00080 power=7307490 shaper_sets=640
FLOW [proto@0x104c4949e] Rx - primary_channel_rx: baud_rate=0 high_carrier=1 carrier=1795.6Hz agc=0.00080 power=7317002 shaper_sets=640
FLOW [proto@0x104c4949e] Rx - Phase 3 Ja capture: emitted 81664 bits using hyp=0
[ME] TX dump mark: sample=144800 rx_stage=10 tx_stage=55 mod=3
FLOW [proto@0x104c4949e] Rx - primary_channel_rx: baud_rate=0 high_carrier=1 carrier=1795.7Hz agc=0.00080 power=7313727 shaper_sets=640
FLOW [proto@0x104c4949e] Rx - Phase 3 WAIT_S heartbeat: dur=4864 demod=0 event=0 j_bits=81726 trn_bits=77644 trn_hint=0/75%
FLOW [proto@0x104c4949e] Rx - primary_channel_rx: baud_rate=0 high_carrier=1 carrier=1795.6Hz agc=0.00080 power=7316706 shaper_sets=640
FLOW [proto@0x104c4949e] Rx - primary_channel_rx: baud_rate=0 high_carrier=1 carrier=1795.5Hz agc=0.00080 power=7278950 shaper_sets=640
[ME] RX dump mark: sample=144800 rx_stage=10 tx_stage=55 mod=3 guard_db=-6.0 guard_valid=1
FLOW [proto@0x104c4949e] Rx - primary_channel_rx: baud_rate=0 high_carrier=1 carrier=1795.5Hz agc=0.00080 power=7299589 shaper_sets=640
FLOW [proto@0x104c4949e] Rx - primary_channel_rx: baud_rate=0 high_carrier=1 carrier=1795.6Hz agc=0.00080 power=7351475 shaper_sets=640
FLOW [proto@0x104c4949e] Rx - Phase 3 TRN: best hyp=11 ones=56938/77824 (73%)
FLOW [proto@0x104c4949e] Rx - Phase 3 Ja parser input: hyp0 len=81920 bits (stage=10, need ~16340 to parse)
FLOW [proto@0x104c4949e] Rx - Phase 3 Ja capture: emitted 81920 bits using hyp=0
FLOW [proto@0x104c4949e] Rx - primary_channel_rx: baud_rate=0 high_carrier=1 carrier=1795.7Hz agc=0.00080 power=7361590 shaper_sets=640
FLOW [proto@0x104c4949e] Rx - primary_channel_rx: baud_rate=0 high_carrier=1 carrier=1795.7Hz agc=0.00080 power=7341219 shaper_sets=640
FLOW [proto@0x104c4949e] Rx - Phase 3 S baud 5000: mag=1.003 data_bits=3 alt=0/32 stable=0 dom=3:32/32 rev=0/32 counts=0,0,0,32
FLOW [proto@0x104c4949e] Rx - primary_channel_rx: baud_rate=0 high_carrier=1 carrier=1795.6Hz agc=0.00080 power=7344649 shaper_sets=640
FLOW [proto@0x104c4949e] Rx - primary_channel_rx: baud_rate=0 high_carrier=1 carrier=1795.5Hz agc=0.00080 power=7353196 shaper_sets=640
FLOW [proto@0x104c4949e] Rx - primary_channel_rx: baud_rate=0 high_carrier=1 carrier=1795.5Hz agc=0.00080 power=7353681 shaper_sets=640
[ME] TX dump mark: sample=145600 rx_stage=10 tx_stage=55 mod=3
FLOW [proto@0x104c4949e] Rx - primary_channel_rx: baud_rate=0 high_carrier=1 carrier=1795.6Hz agc=0.00080 power=7354517 shaper_sets=640
FLOW [proto@0x104c4949e] Rx - Phase 3 Ja capture: emitted 82176 bits using hyp=0
FLOW [proto@0x104c4949e] Rx - primary_channel_rx: baud_rate=0 high_carrier=1 carrier=1795.7Hz agc=0.00080 power=7357761 shaper_sets=640
FLOW [proto@0x104c4949e] Rx - Phase 3 WAIT_S heartbeat: dur=5120 demod=0 event=0 j_bits=82238 trn_bits=78156 trn_hint=0/75%
FLOW [proto@0x104c4949e] Rx - primary_channel_rx: baud_rate=0 high_carrier=1 carrier=1795.6Hz agc=0.00080 power=7357736 shaper_sets=640
[ME] RX dump mark: sample=145600 rx_stage=10 tx_stage=55 mod=3 guard_db=-6.0 guard_valid=1
FLOW [proto@0x104c4949e] Rx - primary_channel_rx: baud_rate=0 high_carrier=1 carrier=1795.5Hz agc=0.00080 power=7357685 shaper_sets=640
FLOW [proto@0x104c4949e] Rx - primary_channel_rx: baud_rate=0 high_carrier=1 carrier=1795.5Hz agc=0.00080 power=7365363 shaper_sets=640
FLOW [proto@0x104c4949e] Rx - primary_channel_rx: baud_rate=0 high_carrier=1 carrier=1795.5Hz agc=0.00080 power=7354412 shaper_sets=640
FLOW [proto@0x104c4949e] Rx - Phase 3 TRN: best hyp=11 ones=57305/78336 (73%)
FLOW [proto@0x104c4949e] Rx - Phase 3 Ja capture: emitted 82432 bits using hyp=0
FLOW [proto@0x104c4949e] Rx - primary_channel_rx: baud_rate=0 high_carrier=1 carrier=1795.6Hz agc=0.00080 power=7356044 shaper_sets=640
FLOW [proto@0x104c4949e] Rx - primary_channel_rx: baud_rate=0 high_carrier=1 carrier=1795.7Hz agc=0.00080 power=7352436 shaper_sets=640
FLOW [proto@0x104c4949e] Rx - primary_channel_rx: baud_rate=0 high_carrier=1 carrier=1795.6Hz agc=0.00080 power=7363657 shaper_sets=640
FLOW [proto@0x104c4949e] Rx - primary_channel_rx: baud_rate=0 high_carrier=1 carrier=1795.5Hz agc=0.00080 power=7370043 shaper_sets=640
[ME] TX dump mark: sample=146400 rx_stage=10 tx_stage=55 mod=3
FLOW [proto@0x104c4949e] Rx - primary_channel_rx: baud_rate=0 high_carrier=1 carrier=1795.5Hz agc=0.00080 power=7380647 shaper_sets=640
FLOW [proto@0x104c4949e] Rx - Phase 3 Ja capture: emitted 82688 bits using hyp=0
FLOW [proto@0x104c4949e] Rx - primary_channel_rx: baud_rate=0 high_carrier=1 carrier=1795.6Hz agc=0.00080 power=7369321 shaper_sets=640
FLOW [proto@0x104c4949e] Rx - Phase 3 WAIT_S heartbeat: dur=5376 demod=0 event=0 j_bits=82750 trn_bits=78668 trn_hint=0/75%
FLOW [proto@0x104c4949e] Rx - primary_channel_rx: baud_rate=0 high_carrier=1 carrier=1795.7Hz agc=0.00080 power=7378887 shaper_sets=640
[ME] RX dump mark: sample=146400 rx_stage=10 tx_stage=55 mod=3 guard_db=-6.0 guard_valid=1
FLOW [proto@0x104c4949e] Rx - primary_channel_rx: baud_rate=0 high_carrier=1 carrier=1795.7Hz agc=0.00080 power=7378677 shaper_sets=640
FLOW [proto@0x104c4949e] Rx - primary_channel_rx: baud_rate=0 high_carrier=1 carrier=1795.6Hz agc=0.00080 power=7375117 shaper_sets=640
FLOW [proto@0x104c4949e] Rx - primary_channel_rx: baud_rate=0 high_carrier=1 carrier=1795.5Hz agc=0.00080 power=7378321 shaper_sets=640
FLOW [proto@0x104c4949e] Rx - Phase 3 TRN: best hyp=11 ones=57675/78848 (73%)
FLOW [proto@0x104c4949e] Rx - primary_channel_rx: baud_rate=0 high_carrier=1 carrier=1795.5Hz agc=0.00080 power=7372997 shaper_sets=640
FLOW [proto@0x104c4949e] Rx - Phase 3 Ja capture: emitted 82944 bits using hyp=0
FLOW [proto@0x104c4949e] Rx - primary_channel_rx: baud_rate=0 high_carrier=1 carrier=1795.6Hz agc=0.00080 power=7338035 shaper_sets=640
FLOW [proto@0x104c4949e] Rx - primary_channel_rx: baud_rate=0 high_carrier=1 carrier=1795.7Hz agc=0.00080 power=7350309 shaper_sets=640
FLOW [proto@0x104c4949e] Rx - primary_channel_rx: baud_rate=0 high_carrier=1 carrier=1795.6Hz agc=0.00080 power=7348455 shaper_sets=640
[ME] TX dump mark: sample=147200 rx_stage=10 tx_stage=55 mod=3
FLOW [proto@0x104c4949e] Rx - primary_channel_rx: baud_rate=0 high_carrier=1 carrier=1795.5Hz agc=0.00080 power=7335906 shaper_sets=640
FLOW [proto@0x104c4949e] Rx - primary_channel_rx: baud_rate=0 high_carrier=1 carrier=1795.5Hz agc=0.00080 power=7337552 shaper_sets=640
FLOW [proto@0x104c4949e] Rx - Phase 3 Ja capture: emitted 83200 bits using hyp=0
FLOW [proto@0x104c4949e] Rx - primary_channel_rx: baud_rate=0 high_carrier=1 carrier=1795.5Hz agc=0.00080 power=7339951 shaper_sets=640
FLOW [proto@0x104c4949e] Rx - Phase 3 WAIT_S heartbeat: dur=5632 demod=0 event=0 j_bits=83262 trn_bits=79180 trn_hint=0/75%
[ME] RX dump mark: sample=147200 rx_stage=10 tx_stage=55 mod=3 guard_db=-6.0 guard_valid=1
FLOW [proto@0x104c4949e] Rx - primary_channel_rx: baud_rate=0 high_carrier=1 carrier=1795.6Hz agc=0.00080 power=7331927 shaper_sets=640
FLOW [proto@0x104c4949e] Rx - primary_channel_rx: baud_rate=0 high_carrier=1 carrier=1795.7Hz agc=0.00080 power=7339382 shaper_sets=640
FLOW [proto@0x104c4949e] Rx - primary_channel_rx: baud_rate=0 high_carrier=1 carrier=1795.6Hz agc=0.00080 power=7332072 shaper_sets=640
FLOW [proto@0x104c4949e] Rx - primary_channel_rx: baud_rate=0 high_carrier=1 carrier=1795.5Hz agc=0.00080 power=7333033 shaper_sets=640
FLOW [proto@0x104c4949e] Rx - Phase 3 TRN: best hyp=11 ones=58042/79360 (73%)
FLOW [proto@0x104c4949e] Rx - Phase 3 Ja capture: emitted 83456 bits using hyp=0
FLOW [proto@0x104c4949e] Rx - primary_channel_rx: baud_rate=0 high_carrier=1 carrier=1795.5Hz agc=0.00080 power=7332787 shaper_sets=640
FLOW [proto@0x104c4949e] Rx - primary_channel_rx: baud_rate=0 high_carrier=1 carrier=1795.6Hz agc=0.00080 power=7333025 shaper_sets=640
FLOW [proto@0x104c4949e] Rx - primary_channel_rx: baud_rate=0 high_carrier=1 carrier=1795.7Hz agc=0.00080 power=7334338 shaper_sets=640
[ME] TX dump mark: sample=148000 rx_stage=10 tx_stage=55 mod=3
FLOW [proto@0x104c4949e] Rx - primary_channel_rx: baud_rate=0 high_carrier=1 carrier=1795.7Hz agc=0.00080 power=7334455 shaper_sets=640
FLOW [proto@0x104c4949e] Rx - primary_channel_rx: baud_rate=0 high_carrier=1 carrier=1795.6Hz agc=0.00080 power=7334612 shaper_sets=640
FLOW [proto@0x104c4949e] Rx - primary_channel_rx: baud_rate=0 high_carrier=1 carrier=1795.5Hz agc=0.00080 power=7334455 shaper_sets=640
FLOW [proto@0x104c4949e] Rx - Phase 3 Ja capture: emitted 83712 bits using hyp=0
[ME] RX dump mark: sample=148000 rx_stage=10 tx_stage=55 mod=3 guard_db=-6.0 guard_valid=1
FLOW [proto@0x104c4949e] Rx - primary_channel_rx: baud_rate=0 high_carrier=1 carrier=1795.5Hz agc=0.00080 power=7334613 shaper_sets=640
FLOW [proto@0x104c4949e] Rx - Phase 3 WAIT_S heartbeat: dur=5888 demod=0 event=0 j_bits=83774 trn_bits=79692 trn_hint=0/75%
FLOW [proto@0x104c4949e] Rx - primary_channel_rx: baud_rate=0 high_carrier=1 carrier=1795.6Hz agc=0.00080 power=7321795 shaper_sets=640
FLOW [proto@0x104c4949e] Rx - primary_channel_rx: baud_rate=0 high_carrier=1 carrier=1795.7Hz agc=0.00080 power=7338774 shaper_sets=640
FLOW [proto@0x104c4949e] Rx - primary_channel_rx: baud_rate=0 high_carrier=1 carrier=1795.7Hz agc=0.00080 power=7315417 shaper_sets=640
FLOW [proto@0x104c4949e] Rx - primary_channel_rx: baud_rate=0 high_carrier=1 carrier=1795.6Hz agc=0.00080 power=7378151 shaper_sets=640
FLOW [proto@0x104c4949e] Rx - Phase 3 TRN: best hyp=11 ones=58412/79872 (73%)
FLOW [proto@0x104c4949e] Rx - Phase 3 Ja parser input: hyp0 len=83968 bits (stage=10, need ~16340 to parse)
FLOW [proto@0x104c4949e] Rx - Phase 3 Ja capture: emitted 83968 bits using hyp=0
FLOW [proto@0x104c4949e] Rx - Phase 3 S baud 6000: mag=0.968 data_bits=3 alt=0/32 stable=0 dom=3:32/32 rev=0/32 counts=0,0,0,32
FLOW [proto@0x104c4949e] Rx - Phase 3: S detect timeout (6000 bauds, alt=0/32 rev=0/32, j_bits=84000 trn_bits=79918 trn_hint=0/75%), continuing search
FLOW [proto@0x104c4949e] Rx - primary_channel_rx: baud_rate=0 high_carrier=1 carrier=1795.5Hz agc=0.00080 power=7351716 shaper_sets=640
FLOW [proto@0x104c4949e] Rx - Phase 3 WAIT_S heartbeat: dur=1 demod=0 event=0 j_bits=84000 trn_bits=79918 trn_hint=0/75%
FLOW [proto@0x104c4949e] Rx - Phase 3 S baud 1: mag=1.010 data_bits=3 alt=0/32 stable=0 dom=3:1/32 rev=0/32 counts=0,0,0,1
FLOW [proto@0x104c4949e] Rx - Phase 3 S baud 2: mag=1.020 data_bits=3 alt=0/32 stable=0 dom=3:2/32 rev=0/32 counts=0,0,0,2
FLOW [proto@0x104c4949e] Rx - Phase 3 S baud 3: mag=0.990 data_bits=3 alt=0/32 stable=0 dom=3:3/32 rev=0/32 counts=0,0,0,3
FLOW [proto@0x104c4949e] Rx - Phase 3 S baud 4: mag=1.010 data_bits=3 alt=0/32 stable=0 dom=3:4/32 rev=0/32 counts=0,0,0,4
FLOW [proto@0x104c4949e] Rx - primary_channel_rx: baud_rate=0 high_carrier=1 carrier=1795.6Hz agc=0.00080 power=7383257 shaper_sets=640
[ME] TX dump mark: sample=148800 rx_stage=10 tx_stage=55 mod=3
FLOW [proto@0x104c4949e] Rx - primary_channel_rx: baud_rate=0 high_carrier=1 carrier=1795.6Hz agc=0.00080 power=7359991 shaper_sets=640
FLOW [proto@0x104c4949e] Rx - primary_channel_rx: baud_rate=0 high_carrier=1 carrier=1795.8Hz agc=0.00080 power=7342985 shaper_sets=640
FLOW [proto@0x104c4949e] Rx - primary_channel_rx: baud_rate=0 high_carrier=1 carrier=1795.6Hz agc=0.00080 power=7353801 shaper_sets=640
FLOW [proto@0x104c4949e] Rx - Phase 3 Ja capture: emitted 84224 bits using hyp=0
[ME] RX dump mark: sample=148800 rx_stage=10 tx_stage=55 mod=3 guard_db=-6.0 guard_valid=1
FLOW [proto@0x104c4949e] Rx - primary_channel_rx: baud_rate=0 high_carrier=1 carrier=1795.6Hz agc=0.00080 power=7336236 shaper_sets=640
FLOW [proto@0x104c4949e] Rx - primary_channel_rx: baud_rate=0 high_carrier=1 carrier=1795.5Hz agc=0.00080 power=7363827 shaper_sets=640
FLOW [proto@0x104c4949e] Rx - primary_channel_rx: baud_rate=0 high_carrier=1 carrier=1795.6Hz agc=0.00080 power=7322256 shaper_sets=640
FLOW [proto@0x104c4949e] Rx - primary_channel_rx: baud_rate=0 high_carrier=1 carrier=1795.7Hz agc=0.00080 power=7319446 shaper_sets=640
FLOW [proto@0x104c4949e] Rx - primary_channel_rx: baud_rate=0 high_carrier=1 carrier=1795.7Hz agc=0.00080 power=7323308 shaper_sets=640
FLOW [proto@0x104c4949e] Rx - primary_channel_rx: baud_rate=0 high_carrier=1 carrier=1795.6Hz agc=0.00080 power=7323010 shaper_sets=640
FLOW [proto@0x104c4949e] Rx - Phase 3 Ja capture: emitted 84480 bits using hyp=0
FLOW [proto@0x104c4949e] Rx - Phase 3 WAIT_S heartbeat: dur=256 demod=0 event=0 j_bits=84510 trn_bits=79918 trn_hint=0/75%
FLOW [proto@0x104c4949e] Rx - primary_channel_rx: baud_rate=0 high_carrier=1 carrier=1795.5Hz agc=0.00080 power=7324656 shaper_sets=640
[ME] TX dump mark: sample=149600 rx_stage=10 tx_stage=55 mod=3
FLOW [proto@0x104c4949e] Rx - primary_channel_rx: baud_rate=0 high_carrier=1 carrier=1795.5Hz agc=0.00080 power=7314472 shaper_sets=640
FLOW [proto@0x104c4949e] Rx - primary_channel_rx: baud_rate=0 high_carrier=1 carrier=1795.6Hz agc=0.00080 power=7342840 shaper_sets=640
[ME] TX path: state=3 mod=3 fax_active=0 v34=0x700020000 v22bis=0x0
FLOW [proto@0x104c4949e] Rx - primary_channel_rx: baud_rate=0 high_carrier=1 carrier=1795.7Hz agc=0.00080 power=7342530 shaper_sets=640
[ME] RX dump mark: sample=149600 rx_stage=10 tx_stage=55 mod=3 guard_db=-6.0 guard_valid=1
FLOW [proto@0x104c4949e] Rx - primary_channel_rx: baud_rate=0 high_carrier=1 carrier=1795.7Hz agc=0.00080 power=7356828 shaper_sets=640
FLOW [proto@0x104c4949e] Rx - Phase 3 Ja capture: emitted 84736 bits using hyp=0
FLOW [proto@0x104c4949e] Rx - primary_channel_rx: baud_rate=0 high_carrier=1 carrier=1795.5Hz agc=0.00080 power=7342693 shaper_sets=640
FLOW [proto@0x104c4949e] Rx - primary_channel_rx: baud_rate=0 high_carrier=1 carrier=1795.5Hz agc=0.00080 power=7341704 shaper_sets=640
FLOW [proto@0x104c4949e] Rx - primary_channel_rx: baud_rate=0 high_carrier=1 carrier=1795.5Hz agc=0.00080 power=7361578 shaper_sets=640
FLOW [proto@0x104c4949e] Rx - primary_channel_rx: baud_rate=0 high_carrier=1 carrier=1795.6Hz agc=0.00080 power=7347853 shaper_sets=640
FLOW [proto@0x104c4949e] Rx - primary_channel_rx: baud_rate=0 high_carrier=1 carrier=1795.7Hz agc=0.00080 power=7353384 shaper_sets=640
FLOW [proto@0x104c4949e] Rx - Phase 3 TRN: best hyp=11 ones=58782/80384 (73%)
FLOW [proto@0x104c4949e] Rx - Phase 3 Ja capture: emitted 84992 bits using hyp=0
FLOW [proto@0x104c4949e] Rx - primary_channel_rx: baud_rate=0 high_carrier=1 carrier=1795.6Hz agc=0.00080 power=7357516 shaper_sets=640
FLOW [proto@0x104c4949e] Rx - Phase 3 WAIT_S heartbeat: dur=512 demod=0 event=0 j_bits=85022 trn_bits=80430 trn_hint=0/75%
[ME] TX dump mark: sample=150400 rx_stage=10 tx_stage=55 mod=3
FLOW [proto@0x104c4949e] Rx - primary_channel_rx: baud_rate=0 high_carrier=1 carrier=1795.5Hz agc=0.00080 power=7337060 shaper_sets=640
FLOW [proto@0x104c4949e] Rx - primary_channel_rx: baud_rate=0 high_carrier=1 carrier=1795.5Hz agc=0.00080 power=7347458 shaper_sets=640
FLOW [proto@0x104c4949e] Rx - primary_channel_rx: baud_rate=0 high_carrier=1 carrier=1795.5Hz agc=0.00080 power=7358333 shaper_sets=640
[ME] RX dump mark: sample=150400 rx_stage=10 tx_stage=55 mod=3 guard_db=-6.0 guard_valid=1
FLOW [proto@0x104c4949e] Rx - primary_channel_rx: baud_rate=0 high_carrier=1 carrier=1795.6Hz agc=0.00080 power=7345736 shaper_sets=640
FLOW [proto@0x104c4949e] Rx - primary_channel_rx: baud_rate=0 high_carrier=1 carrier=1795.7Hz agc=0.00080 power=7357576 shaper_sets=640
FLOW [proto@0x104c4949e] Rx - Phase 3 Ja capture: emitted 85248 bits using hyp=0
FLOW [proto@0x104c4949e] Rx - primary_channel_rx: baud_rate=0 high_carrier=1 carrier=1795.5Hz agc=0.00080 power=7355805 shaper_sets=640
FLOW [proto@0x104c4949e] Rx - primary_channel_rx: baud_rate=0 high_carrier=1 carrier=1795.5Hz agc=0.00080 power=7352816 shaper_sets=640
FLOW [proto@0x104c4949e] Rx - primary_channel_rx: baud_rate=0 high_carrier=1 carrier=1795.5Hz agc=0.00080 power=7355874 shaper_sets=640
FLOW [proto@0x104c4949e] Rx - primary_channel_rx: baud_rate=0 high_carrier=1 carrier=1795.5Hz agc=0.00080 power=7352957 shaper_sets=640
FLOW [proto@0x104c4949e] Rx - Phase 3 TRN: best hyp=11 ones=59154/80896 (73%)
FLOW [proto@0x104c4949e] Rx - primary_channel_rx: baud_rate=0 high_carrier=1 carrier=1795.6Hz agc=0.00080 power=7353637 shaper_sets=640
FLOW [proto@0x104c4949e] Rx - Phase 3 Ja capture: emitted 85504 bits using hyp=0
FLOW [proto@0x104c4949e] Rx - Phase 3 WAIT_S heartbeat: dur=768 demod=0 event=0 j_bits=85534 trn_bits=80942 trn_hint=0/75%
[ME] TX dump mark: sample=151200 rx_stage=10 tx_stage=55 mod=3
FLOW [proto@0x104c4949e] Rx - primary_channel_rx: baud_rate=0 high_carrier=1 carrier=1795.6Hz agc=0.00080 power=7313362 shaper_sets=640
FLOW [proto@0x104c4949e] Rx - primary_channel_rx: baud_rate=0 high_carrier=1 carrier=1795.5Hz agc=0.00080 power=7347501 shaper_sets=640
FLOW [proto@0x104c4949e] Rx - primary_channel_rx: baud_rate=0 high_carrier=1 carrier=1795.5Hz agc=0.00080 power=7346968 shaper_sets=640
[ME] RX dump mark: sample=151200 rx_stage=10 tx_stage=55 mod=3 guard_db=-6.0 guard_valid=1
FLOW [proto@0x104c4949e] Rx - primary_channel_rx: baud_rate=0 high_carrier=1 carrier=1795.5Hz agc=0.00080 power=7344909 shaper_sets=640
FLOW [proto@0x104c4949e] Rx - primary_channel_rx: baud_rate=0 high_carrier=1 carrier=1795.6Hz agc=0.00080 power=7304315 shaper_sets=640
FLOW [proto@0x104c4949e] Rx - Phase 3 Ja capture: emitted 85760 bits using hyp=0
FLOW [proto@0x104c4949e] Rx - primary_channel_rx: baud_rate=0 high_carrier=1 carrier=1795.7Hz agc=0.00080 power=7315711 shaper_sets=640
FLOW [proto@0x104c4949e] Rx - primary_channel_rx: baud_rate=0 high_carrier=1 carrier=1795.6Hz agc=0.00080 power=7297869 shaper_sets=640
FLOW [proto@0x104c4949e] Rx - primary_channel_rx: baud_rate=0 high_carrier=1 carrier=1795.5Hz agc=0.00080 power=7351746 shaper_sets=640
FLOW [proto@0x104c4949e] Rx - primary_channel_rx: baud_rate=0 high_carrier=1 carrier=1795.5Hz agc=0.00080 power=7309864 shaper_sets=640
FLOW [proto@0x104c4949e] Rx - primary_channel_rx: baud_rate=0 high_carrier=1 carrier=1795.5Hz agc=0.00080 power=7304301 shaper_sets=640
FLOW [proto@0x104c4949e] Rx - Phase 3 TRN: best hyp=11 ones=59523/81408 (73%)
FLOW [proto@0x104c4949e] Rx - Phase 3 S baud 1000: mag=1.000 data_bits=3 alt=0/32 stable=0 dom=3:32/32 rev=0/32 counts=0,0,0,32
[ME] TX dump mark: sample=152000 rx_stage=10 tx_stage=55 mod=3
[ME] Training TX: RMS=0.0 (8000 samples)
FLOW [proto@0x104c4949e] Rx - primary_channel_rx: baud_rate=0 high_carrier=1 carrier=1795.6Hz agc=0.00080 power=7332134 shaper_sets=640
FLOW [proto@0x104c4949e] Rx - Phase 3 Ja parser input: hyp0 len=86016 bits (stage=10, need ~16340 to parse)
FLOW [proto@0x104c4949e] Rx - Phase 3 Ja capture: emitted 86016 bits using hyp=0
FLOW [proto@0x104c4949e] Rx - Phase 3 WAIT_S heartbeat: dur=1024 demod=0 event=0 j_bits=86046 trn_bits=81454 trn_hint=0/75%
FLOW [proto@0x104c4949e] Rx - primary_channel_rx: baud_rate=0 high_carrier=1 carrier=1795.7Hz agc=0.00080 power=7314618 shaper_sets=640
[ME] Training rx: RMS=2733.8 (8000 samples)
FLOW [proto@0x104c4949e] Rx - primary_channel_rx: baud_rate=0 high_carrier=1 carrier=1795.5Hz agc=0.00080 power=7305074 shaper_sets=640
[ME] RX dump mark: sample=152000 rx_stage=10 tx_stage=55 mod=3 guard_db=-6.0 guard_valid=1
FLOW [proto@0x104c4949e] Rx - primary_channel_rx: baud_rate=0 high_carrier=1 carrier=1795.5Hz agc=0.00080 power=7325695 shaper_sets=640
FLOW [proto@0x104c4949e] Rx - primary_channel_rx: baud_rate=0 high_carrier=1 carrier=1795.5Hz agc=0.00080 power=7330742 shaper_sets=640
FLOW [proto@0x104c4949e] Rx - primary_channel_rx: baud_rate=0 high_carrier=1 carrier=1795.5Hz agc=0.00080 power=7326687 shaper_sets=640
FLOW [proto@0x104c4949e] Rx - Phase 3 Ja capture: emitted 86272 bits using hyp=0
FLOW [proto@0x104c4949e] Rx - primary_channel_rx: baud_rate=0 high_carrier=1 carrier=1795.7Hz agc=0.00080 power=7386819 shaper_sets=640
FLOW [proto@0x104c4949e] Rx - primary_channel_rx: baud_rate=0 high_carrier=1 carrier=1795.6Hz agc=0.00080 power=7332708 shaper_sets=640
FLOW [proto@0x104c4949e] Rx - primary_channel_rx: baud_rate=0 high_carrier=1 carrier=1795.5Hz agc=0.00080 power=7391045 shaper_sets=640
FLOW [proto@0x104c4949e] Rx - primary_channel_rx: baud_rate=0 high_carrier=1 carrier=1795.5Hz agc=0.00080 power=7337312 shaper_sets=640
[ME] TX dump mark: sample=152800 rx_stage=10 tx_stage=55 mod=3
FLOW [proto@0x104c4949e] Rx - primary_channel_rx: baud_rate=0 high_carrier=1 carrier=1795.5Hz agc=0.00080 power=7356269 shaper_sets=640
FLOW [proto@0x104c4949e] Rx - Phase 3 TRN: best hyp=11 ones=59889/81920 (73%)
FLOW [proto@0x104c4949e] Rx - Phase 3 Ja capture: emitted 86528 bits using hyp=0
FLOW [proto@0x104c4949e] Rx - primary_channel_rx: baud_rate=0 high_carrier=1 carrier=1795.6Hz agc=0.00080 power=7346460 shaper_sets=640
FLOW [proto@0x104c4949e] Rx - Phase 3 WAIT_S heartbeat: dur=1280 demod=0 event=0 j_bits=86558 trn_bits=81966 trn_hint=0/75%
FLOW [proto@0x104c4949e] Rx - primary_channel_rx: baud_rate=0 high_carrier=1 carrier=1795.7Hz agc=0.00080 power=7399050 shaper_sets=640
[ME] RX dump mark: sample=152800 rx_stage=10 tx_stage=55 mod=3 guard_db=-6.0 guard_valid=1
FLOW [proto@0x104c4949e] Rx - primary_channel_rx: baud_rate=0 high_carrier=1 carrier=1795.6Hz agc=0.00080 power=7344462 shaper_sets=640
FLOW [proto@0x104c4949e] Rx - primary_channel_rx: baud_rate=0 high_carrier=1 carrier=1795.5Hz agc=0.00080 power=7396077 shaper_sets=640
FLOW [proto@0x104c4949e] Rx - primary_channel_rx: baud_rate=0 high_carrier=1 carrier=1795.5Hz agc=0.00080 power=7316584 shaper_sets=640
FLOW [proto@0x104c4949e] Rx - primary_channel_rx: baud_rate=0 high_carrier=1 carrier=1795.5Hz agc=0.00080 power=7394549 shaper_sets=640
FLOW [proto@0x104c4949e] Rx - Phase 3 Ja capture: emitted 86784 bits using hyp=0
FLOW [proto@0x104c4949e] Rx - primary_channel_rx: baud_rate=0 high_carrier=1 carrier=1795.6Hz agc=0.00080 power=7386953 shaper_sets=640
FLOW [proto@0x104c4949e] Rx - primary_channel_rx: baud_rate=0 high_carrier=1 carrier=1795.6Hz agc=0.00080 power=7400825 shaper_sets=640
FLOW [proto@0x104c4949e] Rx - primary_channel_rx: baud_rate=0 high_carrier=1 carrier=1795.5Hz agc=0.00080 power=7358357 shaper_sets=640
[ME] TX dump mark: sample=153600 rx_stage=10 tx_stage=55 mod=3
FLOW [proto@0x104c4949e] Rx - primary_channel_rx: baud_rate=0 high_carrier=1 carrier=1795.5Hz agc=0.00080 power=7369515 shaper_sets=640
FLOW [proto@0x104c4949e] Rx - Phase 3 TRN: best hyp=11 ones=60260/82432 (73%)
FLOW [proto@0x104c4949e] Rx - primary_channel_rx: baud_rate=0 high_carrier=1 carrier=1795.5Hz agc=0.00080 power=7323114 shaper_sets=640
FLOW [proto@0x104c4949e] Rx - Phase 3 Ja capture: emitted 87040 bits using hyp=0
FLOW [proto@0x104c4949e] Rx - Phase 3 WAIT_S heartbeat: dur=1536 demod=0 event=0 j_bits=87070 trn_bits=82478 trn_hint=0/75%
FLOW [proto@0x104c4949e] Rx - primary_channel_rx: baud_rate=0 high_carrier=1 carrier=1795.5Hz agc=0.00080 power=7341765 shaper_sets=640
[ME] RX dump mark: sample=153600 rx_stage=10 tx_stage=55 mod=3 guard_db=-6.0 guard_valid=1
FLOW [proto@0x104c4949e] Rx - primary_channel_rx: baud_rate=0 high_carrier=1 carrier=1795.7Hz agc=0.00080 power=7329015 shaper_sets=640
FLOW [proto@0x104c4949e] Rx - primary_channel_rx: baud_rate=0 high_carrier=1 carrier=1795.6Hz agc=0.00080 power=7325235 shaper_sets=640
FLOW [proto@0x104c4949e] Rx - primary_channel_rx: baud_rate=0 high_carrier=1 carrier=1795.5Hz agc=0.00080 power=7322604 shaper_sets=640
FLOW [proto@0x104c4949e] Rx - primary_channel_rx: baud_rate=0 high_carrier=1 carrier=1795.5Hz agc=0.00080 power=7325877 shaper_sets=640
FLOW [proto@0x104c4949e] Rx - Phase 3 Ja capture: emitted 87296 bits using hyp=0
FLOW [proto@0x104c4949e] Rx - primary_channel_rx: baud_rate=0 high_carrier=1 carrier=1795.5Hz agc=0.00080 power=7324682 shaper_sets=640
FLOW [proto@0x104c4949e] Rx - primary_channel_rx: baud_rate=0 high_carrier=1 carrier=1795.6Hz agc=0.00080 power=7324341 shaper_sets=640
FLOW [proto@0x104c4949e] Rx - primary_channel_rx: baud_rate=0 high_carrier=1 carrier=1795.7Hz agc=0.00080 power=7325162 shaper_sets=640
[ME] TX dump mark: sample=154400 rx_stage=10 tx_stage=55 mod=3
FLOW [proto@0x104c4949e] Rx - primary_channel_rx: baud_rate=0 high_carrier=1 carrier=1795.6Hz agc=0.00080 power=7330632 shaper_sets=640
FLOW [proto@0x104c4949e] Rx - primary_channel_rx: baud_rate=0 high_carrier=1 carrier=1795.5Hz agc=0.00080 power=7325692 shaper_sets=640
FLOW [proto@0x104c4949e] Rx - Phase 3 TRN: best hyp=11 ones=60630/82944 (73%)
FLOW [proto@0x104c4949e] Rx - primary_channel_rx: baud_rate=0 high_carrier=1 carrier=1795.5Hz agc=0.00080 power=7367750 shaper_sets=640
FLOW [proto@0x104c4949e] Rx - Phase 3 Ja capture: emitted 87552 bits using hyp=0
FLOW [proto@0x104c4949e] Rx - Phase 3 WAIT_S heartbeat: dur=1792 demod=0 event=0 j_bits=87582 trn_bits=82990 trn_hint=0/75%
[ME] RX dump mark: sample=154400 rx_stage=10 tx_stage=55 mod=3 guard_db=-6.0 guard_valid=1
FLOW [proto@0x104c4949e] Rx - primary_channel_rx: baud_rate=0 high_carrier=1 carrier=1795.5Hz agc=0.00080 power=7358522 shaper_sets=640
FLOW [proto@0x104c4949e] Rx - primary_channel_rx: baud_rate=0 high_carrier=1 carrier=1795.6Hz agc=0.00080 power=7368903 shaper_sets=640
FLOW [proto@0x104c4949e] Rx - primary_channel_rx: baud_rate=0 high_carrier=1 carrier=1795.6Hz agc=0.00080 power=7358149 shaper_sets=640
FLOW [proto@0x104c4949e] Rx - primary_channel_rx: baud_rate=0 high_carrier=1 carrier=1795.5Hz agc=0.00080 power=7369764 shaper_sets=640
FLOW [proto@0x104c4949e] Rx - primary_channel_rx: baud_rate=0 high_carrier=1 carrier=1795.5Hz agc=0.00080 power=7358930 shaper_sets=640
FLOW [proto@0x104c4949e] Rx - Phase 3 Ja capture: emitted 87808 bits using hyp=0
FLOW [proto@0x104c4949e] Rx - primary_channel_rx: baud_rate=0 high_carrier=1 carrier=1795.5Hz agc=0.00080 power=7370159 shaper_sets=640
FLOW [proto@0x104c4949e] Rx - primary_channel_rx: baud_rate=0 high_carrier=1 carrier=1795.6Hz agc=0.00080 power=7323020 shaper_sets=640
[ME] TX dump mark: sample=155200 rx_stage=10 tx_stage=55 mod=3
FLOW [proto@0x104c4949e] Rx - primary_channel_rx: baud_rate=0 high_carrier=1 carrier=1795.7Hz agc=0.00080 power=7367520 shaper_sets=640
FLOW [proto@0x104c4949e] Rx - primary_channel_rx: baud_rate=0 high_carrier=1 carrier=1795.6Hz agc=0.00080 power=7321846 shaper_sets=640
FLOW [proto@0x104c4949e] Rx - Phase 3 S baud 2000: mag=1.000 data_bits=3 alt=0/32 stable=0 dom=3:32/32 rev=0/32 counts=0,0,0,32
FLOW [proto@0x104c4949e] Rx - primary_channel_rx: baud_rate=0 high_carrier=1 carrier=1795.5Hz agc=0.00080 power=7358840 shaper_sets=640
FLOW [proto@0x104c4949e] Rx - Phase 3 TRN: best hyp=11 ones=61000/83456 (73%)
FLOW [proto@0x104c4949e] Rx - Phase 3 Ja parser input: hyp0 len=88064 bits (stage=10, need ~16340 to parse)
FLOW [proto@0x104c4949e] Rx - Phase 3 Ja capture: emitted 88064 bits using hyp=0
[ME] RX dump mark: sample=155200 rx_stage=10 tx_stage=55 mod=3 guard_db=-6.0 guard_valid=1
FLOW [proto@0x104c4949e] Rx - primary_channel_rx: baud_rate=0 high_carrier=1 carrier=1795.5Hz agc=0.00080 power=7321460 shaper_sets=640
FLOW [proto@0x104c4949e] Rx - Phase 3 WAIT_S heartbeat: dur=2048 demod=0 event=0 j_bits=88094 trn_bits=83502 trn_hint=0/75%
FLOW [proto@0x104c4949e] Rx - primary_channel_rx: baud_rate=0 high_carrier=1 carrier=1795.5Hz agc=0.00080 power=7318152 shaper_sets=640
FLOW [proto@0x104c4949e] Rx - primary_channel_rx: baud_rate=0 high_carrier=1 carrier=1795.6Hz agc=0.00080 power=7315212 shaper_sets=640
FLOW [proto@0x104c4949e] Rx - primary_channel_rx: baud_rate=0 high_carrier=1 carrier=1795.7Hz agc=0.00080 power=7319206 shaper_sets=640
FLOW [proto@0x104c4949e] Rx - primary_channel_rx: baud_rate=0 high_carrier=1 carrier=1795.5Hz agc=0.00080 power=7350569 shaper_sets=640
FLOW [proto@0x104c4949e] Rx - primary_channel_rx: baud_rate=0 high_carrier=1 carrier=1795.5Hz agc=0.00080 power=7321477 shaper_sets=640
FLOW [proto@0x104c4949e] Rx - Phase 3 Ja capture: emitted 88320 bits using hyp=0
FLOW [proto@0x104c4949e] Rx - primary_channel_rx: baud_rate=0 high_carrier=1 carrier=1795.5Hz agc=0.00080 power=7341014 shaper_sets=640
[ME] TX dump mark: sample=156000 rx_stage=10 tx_stage=55 mod=3
FLOW [proto@0x104c4949e] Rx - primary_channel_rx: baud_rate=0 high_carrier=1 carrier=1795.5Hz agc=0.00080 power=7356790 shaper_sets=640
FLOW [proto@0x104c4949e] Rx - primary_channel_rx: baud_rate=0 high_carrier=1 carrier=1795.6Hz agc=0.00080 power=7357303 shaper_sets=640
FLOW [proto@0x104c4949e] Rx - primary_channel_rx: baud_rate=0 high_carrier=1 carrier=1795.6Hz agc=0.00080 power=7356586 shaper_sets=640
FLOW [proto@0x104c4949e] Rx - Phase 3 TRN: best hyp=11 ones=61372/83968 (73%)
[ME] RX dump mark: sample=156000 rx_stage=10 tx_stage=55 mod=3 guard_db=-6.0 guard_valid=1
FLOW [proto@0x104c4949e] Rx - primary_channel_rx: baud_rate=0 high_carrier=1 carrier=1795.5Hz agc=0.00080 power=7355155 shaper_sets=640
FLOW [proto@0x104c4949e] Rx - Phase 3 Ja capture: emitted 88576 bits using hyp=0
FLOW [proto@0x104c4949e] Rx - Phase 3 WAIT_S heartbeat: dur=2304 demod=0 event=0 j_bits=88606 trn_bits=84014 trn_hint=0/75%
FLOW [proto@0x104c4949e] Rx - primary_channel_rx: baud_rate=0 high_carrier=1 carrier=1795.5Hz agc=0.00080 power=7355223 shaper_sets=640
FLOW [proto@0x104c4949e] Rx - primary_channel_rx: baud_rate=0 high_carrier=1 carrier=1795.5Hz agc=0.00080 power=7369833 shaper_sets=640
FLOW [proto@0x104c4949e] Rx - primary_channel_rx: baud_rate=0 high_carrier=1 carrier=1795.6Hz agc=0.00080 power=7376010 shaper_sets=640
FLOW [proto@0x104c4949e] Rx - primary_channel_rx: baud_rate=0 high_carrier=1 carrier=1795.7Hz agc=0.00080 power=7376717 shaper_sets=640
FLOW [proto@0x104c4949e] Rx - primary_channel_rx: baud_rate=0 high_carrier=1 carrier=1795.6Hz agc=0.00080 power=7376321 shaper_sets=640
FLOW [proto@0x104c4949e] Rx - Phase 3 Ja capture: emitted 88832 bits using hyp=0
FLOW [proto@0x104c4949e] Rx - primary_channel_rx: baud_rate=0 high_carrier=1 carrier=1795.5Hz agc=0.00080 power=7376762 shaper_sets=640
[ME] TX dump mark: sample=156800 rx_stage=10 tx_stage=55 mod=3
FLOW [proto@0x104c4949e] Rx - primary_channel_rx: baud_rate=0 high_carrier=1 carrier=1795.5Hz agc=0.00080 power=7387776 shaper_sets=640
FLOW [proto@0x104c4949e] Rx - primary_channel_rx: baud_rate=0 high_carrier=1 carrier=1795.5Hz agc=0.00080 power=7389368 shaper_sets=640
FLOW [proto@0x104c4949e] Rx - primary_channel_rx: baud_rate=0 high_carrier=1 carrier=1795.6Hz agc=0.00080 power=7388142 shaper_sets=640
[ME] RX dump mark: sample=156800 rx_stage=10 tx_stage=55 mod=3 guard_db=-6.0 guard_valid=1
FLOW [proto@0x104c4949e] Rx - primary_channel_rx: baud_rate=0 high_carrier=1 carrier=1795.6Hz agc=0.00080 power=7388603 shaper_sets=640
FLOW [proto@0x104c4949e] Rx - Phase 3 TRN: best hyp=11 ones=61739/84480 (73%)
FLOW [proto@0x104c4949e] Rx - primary_channel_rx: baud_rate=0 high_carrier=1 carrier=1795.5Hz agc=0.00080 power=7388745 shaper_sets=640
FLOW [proto@0x104c4949e] Rx - Phase 3 Ja capture: emitted 89088 bits using hyp=0
FLOW [proto@0x104c4949e] Rx - Phase 3 WAIT_S heartbeat: dur=2560 demod=0 event=0 j_bits=89118 trn_bits=84526 trn_hint=0/75%
FLOW [proto@0x104c4949e] Rx - primary_channel_rx: baud_rate=0 high_carrier=1 carrier=1795.5Hz agc=0.00080 power=7389633 shaper_sets=640
FLOW [proto@0x104c4949e] Rx - primary_channel_rx: baud_rate=0 high_carrier=1 carrier=1795.5Hz agc=0.00080 power=7387722 shaper_sets=640
FLOW [proto@0x104c4949e] Rx - primary_channel_rx: baud_rate=0 high_carrier=1 carrier=1795.5Hz agc=0.00080 power=7388121 shaper_sets=640
FLOW [proto@0x104c4949e] Rx - primary_channel_rx: baud_rate=0 high_carrier=1 carrier=1795.7Hz agc=0.00080 power=7387914 shaper_sets=640
FLOW [proto@0x104c4949e] Rx - primary_channel_rx: baud_rate=0 high_carrier=1 carrier=1795.6Hz agc=0.00080 power=7385895 shaper_sets=640
FLOW [proto@0x104c4949e] Rx - Phase 3 Ja capture: emitted 89344 bits using hyp=0
[ME] TX dump mark: sample=157600 rx_stage=10 tx_stage=55 mod=3
FLOW [proto@0x104c4949e] Rx - primary_channel_rx: baud_rate=0 high_carrier=1 carrier=1795.5Hz agc=0.00080 power=7382127 shaper_sets=640
FLOW [proto@0x104c4949e] Rx - primary_channel_rx: baud_rate=0 high_carrier=1 carrier=1795.4Hz agc=0.00080 power=7389234 shaper_sets=640
[ME] TX path: state=3 mod=3 fax_active=0 v34=0x700020000 v22bis=0x0
[ME] DIAG: cr_update calls=1300 phase_err=-0.346 samples
FLOW [proto@0x104c4949e] Rx - primary_channel_rx: baud_rate=0 high_carrier=1 carrier=1795.5Hz agc=0.00080 power=7393274 shaper_sets=640
[ME] RX dump mark: sample=157600 rx_stage=10 tx_stage=55 mod=3 guard_db=-6.0 guard_valid=1
FLOW [proto@0x104c4949e] Rx - primary_channel_rx: baud_rate=0 high_carrier=1 carrier=1795.6Hz agc=0.00080 power=7393052 shaper_sets=640
FLOW [proto@0x104c4949e] Rx - primary_channel_rx: baud_rate=0 high_carrier=1 carrier=1795.7Hz agc=0.00080 power=7390039 shaper_sets=640
FLOW [proto@0x104c4949e] Rx - Phase 3 TRN: best hyp=11 ones=62109/84992 (73%)
FLOW [proto@0x104c4949e] Rx - Phase 3 Ja capture: emitted 89600 bits using hyp=0
FLOW [proto@0x104c4949e] Rx - primary_channel_rx: baud_rate=0 high_carrier=1 carrier=1795.5Hz agc=0.00080 power=7402157 shaper_sets=640
FLOW [proto@0x104c4949e] Rx - Phase 3 WAIT_S heartbeat: dur=2816 demod=0 event=0 j_bits=89630 trn_bits=85038 trn_hint=0/75%
FLOW [proto@0x104c4949e] Rx - primary_channel_rx: baud_rate=0 high_carrier=1 carrier=1795.5Hz agc=0.00080 power=7390565 shaper_sets=640
FLOW [proto@0x104c4949e] Rx - primary_channel_rx: baud_rate=0 high_carrier=1 carrier=1795.4Hz agc=0.00080 power=7419860 shaper_sets=640
FLOW [proto@0x104c4949e] Rx - primary_channel_rx: baud_rate=0 high_carrier=1 carrier=1795.5Hz agc=0.00080 power=7371883 shaper_sets=640
FLOW [proto@0x104c4949e] Rx - primary_channel_rx: baud_rate=0 high_carrier=1 carrier=1795.6Hz agc=0.00080 power=7401538 shaper_sets=640
[ME] TX dump mark: sample=158400 rx_stage=10 tx_stage=55 mod=3
FLOW [proto@0x104c4949e] Rx - primary_channel_rx: baud_rate=0 high_carrier=1 carrier=1795.6Hz agc=0.00080 power=7403076 shaper_sets=640
FLOW [proto@0x104c4949e] Rx - Phase 3 Ja capture: emitted 89856 bits using hyp=0
FLOW [proto@0x104c4949e] Rx - primary_channel_rx: baud_rate=0 high_carrier=1 carrier=1795.5Hz agc=0.00080 power=7411235 shaper_sets=640
FLOW [proto@0x104c4949e] Rx - primary_channel_rx: baud_rate=0 high_carrier=1 carrier=1795.4Hz agc=0.00080 power=7410743 shaper_sets=640
FLOW [proto@0x104c4949e] Rx - Phase 3 S baud 3000: mag=0.985 data_bits=3 alt=0/32 stable=0 dom=3:32/32 rev=0/32 counts=0,0,0,32
[ME] RX dump mark: sample=158400 rx_stage=10 tx_stage=55 mod=3 guard_db=-6.0 guard_valid=1
FLOW [proto@0x104c4949e] Rx - primary_channel_rx: baud_rate=0 high_carrier=1 carrier=1795.5Hz agc=0.00080 power=7380692 shaper_sets=640
FLOW [proto@0x104c4949e] Rx - primary_channel_rx: baud_rate=0 high_carrier=1 carrier=1795.5Hz agc=0.00080 power=7410091 shaper_sets=640
FLOW [proto@0x104c4949e] Rx - Phase 3 TRN: best hyp=11 ones=62482/85504 (73%)
FLOW [proto@0x104c4949e] Rx - primary_channel_rx: baud_rate=0 high_carrier=1 carrier=1795.7Hz agc=0.00080 power=7410525 shaper_sets=640
FLOW [proto@0x104c4949e] Rx - Phase 3 Ja parser input: hyp0 len=90112 bits (stage=10, need ~16340 to parse)
FLOW [proto@0x104c4949e] Rx - Phase 3 Ja capture: emitted 90112 bits using hyp=0
FLOW [proto@0x104c4949e] Rx - Phase 3 WAIT_S heartbeat: dur=3072 demod=0 event=0 j_bits=90142 trn_bits=85550 trn_hint=0/75%
FLOW [proto@0x104c4949e] Rx - primary_channel_rx: baud_rate=0 high_carrier=1 carrier=1795.6Hz agc=0.00080 power=7382687 shaper_sets=640
FLOW [proto@0x104c4949e] Rx - primary_channel_rx: baud_rate=0 high_carrier=1 carrier=1795.5Hz agc=0.00080 power=7416805 shaper_sets=640
FLOW [proto@0x104c4949e] Rx - primary_channel_rx: baud_rate=0 high_carrier=1 carrier=1795.4Hz agc=0.00080 power=7359488 shaper_sets=640
FLOW [proto@0x104c4949e] Rx - primary_channel_rx: baud_rate=0 high_carrier=1 carrier=1795.5Hz agc=0.00080 power=7421983 shaper_sets=640
[ME] TX dump mark: sample=159200 rx_stage=10 tx_stage=55 mod=3
FLOW [proto@0x104c4949e] Rx - primary_channel_rx: baud_rate=0 high_carrier=1 carrier=1795.6Hz agc=0.00080 power=7428435 shaper_sets=640
FLOW [proto@0x104c4949e] Rx - Phase 3 Ja capture: emitted 90368 bits using hyp=0
FLOW [proto@0x104c4949e] Rx - primary_channel_rx: baud_rate=0 high_carrier=1 carrier=1795.6Hz agc=0.00080 power=7435486 shaper_sets=640
FLOW [proto@0x104c4949e] Rx - primary_channel_rx: baud_rate=0 high_carrier=1 carrier=1795.5Hz agc=0.00080 power=7426990 shaper_sets=640
[ME] RX dump mark: sample=159200 rx_stage=10 tx_stage=55 mod=3 guard_db=-6.0 guard_valid=1
FLOW [proto@0x104c4949e] Rx - primary_channel_rx: baud_rate=0 high_carrier=1 carrier=1795.4Hz agc=0.00080 power=7436494 shaper_sets=640
FLOW [proto@0x104c4949e] Rx - primary_channel_rx: baud_rate=0 high_carrier=1 carrier=1795.4Hz agc=0.00080 power=7426161 shaper_sets=640
FLOW [proto@0x104c4949e] Rx - primary_channel_rx: baud_rate=0 high_carrier=1 carrier=1795.5Hz agc=0.00080 power=7434876 shaper_sets=640
FLOW [proto@0x104c4949e] Rx - Phase 3 TRN: best hyp=11 ones=62852/86016 (73%)
FLOW [proto@0x104c4949e] Rx - primary_channel_rx: baud_rate=0 high_carrier=1 carrier=1795.6Hz agc=0.00079 power=7461140 shaper_sets=640
FLOW [proto@0x104c4949e] Rx - Phase 3 Ja capture: emitted 90624 bits using hyp=0
FLOW [proto@0x104c4949e] Rx - Phase 3 WAIT_S heartbeat: dur=3328 demod=0 event=0 j_bits=90654 trn_bits=86062 trn_hint=0/75%
FLOW [proto@0x104c4949e] Rx - primary_channel_rx: baud_rate=0 high_carrier=1 carrier=1795.6Hz agc=0.00080 power=7425060 shaper_sets=640
FLOW [proto@0x104c4949e] Rx - primary_channel_rx: baud_rate=0 high_carrier=1 carrier=1795.5Hz agc=0.00079 power=7461029 shaper_sets=640
FLOW [proto@0x104c4949e] Rx - primary_channel_rx: baud_rate=0 high_carrier=1 carrier=1795.4Hz agc=0.00080 power=7441177 shaper_sets=640
[ME] TX dump mark: sample=160000 rx_stage=10 tx_stage=55 mod=3
[ME] Training TX: RMS=0.0 (8000 samples)
FLOW [proto@0x104c4949e] Rx - primary_channel_rx: baud_rate=0 high_carrier=1 carrier=1795.5Hz agc=0.00080 power=7449205 shaper_sets=640
FLOW [proto@0x104c4949e] Rx - primary_channel_rx: baud_rate=0 high_carrier=1 carrier=1795.5Hz agc=0.00080 power=7449616 shaper_sets=640
FLOW [proto@0x104c4949e] Rx - Phase 3 Ja capture: emitted 90880 bits using hyp=0
[ME] Training rx: RMS=2730.7 (8000 samples)
FLOW [proto@0x104c4949e] Rx - primary_channel_rx: baud_rate=0 high_carrier=1 carrier=1795.6Hz agc=0.00080 power=7448484 shaper_sets=640
[ME] RX dump mark: sample=160000 rx_stage=10 tx_stage=55 mod=3 guard_db=-6.0 guard_valid=1
FLOW [proto@0x104c4949e] Rx - primary_channel_rx: baud_rate=0 high_carrier=1 carrier=1795.5Hz agc=0.00079 power=7451990 shaper_sets=640
FLOW [proto@0x104c4949e] Rx - primary_channel_rx: baud_rate=0 high_carrier=1 carrier=1795.4Hz agc=0.00079 power=7450827 shaper_sets=640
FLOW [proto@0x104c4949e] Rx - primary_channel_rx: baud_rate=0 high_carrier=1 carrier=1795.4Hz agc=0.00079 power=7458239 shaper_sets=640
FLOW [proto@0x104c4949e] Rx - primary_channel_rx: baud_rate=0 high_carrier=1 carrier=1795.5Hz agc=0.00080 power=7444107 shaper_sets=640
FLOW [proto@0x104c4949e] Rx - Phase 3 TRN: best hyp=11 ones=63218/86528 (73%)
FLOW [proto@0x104c4949e] Rx - Phase 3 Ja capture: emitted 91136 bits using hyp=0
FLOW [proto@0x104c4949e] Rx - primary_channel_rx: baud_rate=0 high_carrier=1 carrier=1795.6Hz agc=0.00079 power=7450630 shaper_sets=640
FLOW [proto@0x104c4949e] Rx - Phase 3 WAIT_S heartbeat: dur=3584 demod=0 event=0 j_bits=91166 trn_bits=86574 trn_hint=0/75%
FLOW [proto@0x104c4949e] Rx - primary_channel_rx: baud_rate=0 high_carrier=1 carrier=1795.6Hz agc=0.00080 power=7437366 shaper_sets=640
FLOW [proto@0x104c4949e] Rx - primary_channel_rx: baud_rate=0 high_carrier=1 carrier=1795.5Hz agc=0.00080 power=7443946 shaper_sets=640
[ME] TX dump mark: sample=160800 rx_stage=10 tx_stage=55 mod=3
FLOW [proto@0x104c4949e] Rx - primary_channel_rx: baud_rate=0 high_carrier=1 carrier=1795.4Hz agc=0.00080 power=7444842 shaper_sets=640
FLOW [proto@0x104c4949e] Rx - primary_channel_rx: baud_rate=0 high_carrier=1 carrier=1795.4Hz agc=0.00079 power=7452616 shaper_sets=640
FLOW [proto@0x104c4949e] Rx - primary_channel_rx: baud_rate=0 high_carrier=1 carrier=1795.5Hz agc=0.00080 power=7430924 shaper_sets=640
FLOW [proto@0x104c4949e] Rx - Phase 3 Ja capture: emitted 91392 bits using hyp=0
[ME] RX dump mark: sample=160800 rx_stage=10 tx_stage=55 mod=3 guard_db=-6.0 guard_valid=1
FLOW [proto@0x104c4949e] Rx - primary_channel_rx: baud_rate=0 high_carrier=1 carrier=1795.7Hz agc=0.00080 power=7442836 shaper_sets=640
FLOW [proto@0x104c4949e] Rx - primary_channel_rx: baud_rate=0 high_carrier=1 carrier=1795.5Hz agc=0.00080 power=7439484 shaper_sets=640
FLOW [proto@0x104c4949e] Rx - primary_channel_rx: baud_rate=0 high_carrier=1 carrier=1795.4Hz agc=0.00080 power=7439662 shaper_sets=640
FLOW [proto@0x104c4949e] Rx - primary_channel_rx: baud_rate=0 high_carrier=1 carrier=1795.4Hz agc=0.00080 power=7449439 shaper_sets=640
FLOW [proto@0x104c4949e] Rx - Phase 3 TRN: best hyp=11 ones=63588/87040 (73%)
FLOW [proto@0x104c4949e] Rx - primary_channel_rx: baud_rate=0 high_carrier=1 carrier=1795.5Hz agc=0.00080 power=7441266 shaper_sets=640
FLOW [proto@0x104c4949e] Rx - Phase 3 Ja capture: emitted 91648 bits using hyp=0
FLOW [proto@0x104c4949e] Rx - Phase 3 WAIT_S heartbeat: dur=3840 demod=0 event=0 j_bits=91678 trn_bits=87086 trn_hint=0/75%
FLOW [proto@0x104c4949e] Rx - primary_channel_rx: baud_rate=0 high_carrier=1 carrier=1795.6Hz agc=0.00080 power=7448537 shaper_sets=640
FLOW [proto@0x104c4949e] Rx - primary_channel_rx: baud_rate=0 high_carrier=1 carrier=1795.6Hz agc=0.00080 power=7410789 shaper_sets=640
[ME] TX dump mark: sample=161600 rx_stage=10 tx_stage=55 mod=3
FLOW [proto@0x104c4949e] Rx - primary_channel_rx: baud_rate=0 high_carrier=1 carrier=1795.5Hz agc=0.00080 power=7423191 shaper_sets=640
FLOW [proto@0x104c4949e] Rx - primary_channel_rx: baud_rate=0 high_carrier=1 carrier=1795.4Hz agc=0.00080 power=7409612 shaper_sets=640
FLOW [proto@0x104c4949e] Rx - primary_channel_rx: baud_rate=0 high_carrier=1 carrier=1795.4Hz agc=0.00080 power=7422901 shaper_sets=640
FLOW [proto@0x104c4949e] Rx - Phase 3 Ja capture: emitted 91904 bits using hyp=0
[ME] RX dump mark: sample=161600 rx_stage=10 tx_stage=55 mod=3 guard_db=-6.0 guard_valid=1
FLOW [proto@0x104c4949e] Rx - primary_channel_rx: baud_rate=0 high_carrier=1 carrier=1795.5Hz agc=0.00080 power=7424351 shaper_sets=640
FLOW [proto@0x104c4949e] Rx - primary_channel_rx: baud_rate=0 high_carrier=1 carrier=1795.6Hz agc=0.00080 power=7380319 shaper_sets=640
FLOW [proto@0x104c4949e] Rx - Phase 3 S baud 4000: mag=0.989 data_bits=3 alt=0/32 stable=0 dom=3:32/32 rev=0/32 counts=0,0,0,32
FLOW [proto@0x104c4949e] Rx - primary_channel_rx: baud_rate=0 high_carrier=1 carrier=1795.5Hz agc=0.00080 power=7418999 shaper_sets=640
FLOW [proto@0x104c4949e] Rx - primary_channel_rx: baud_rate=0 high_carrier=1 carrier=1795.4Hz agc=0.00080 power=7375191 shaper_sets=640
FLOW [proto@0x104c4949e] Rx - primary_channel_rx: baud_rate=0 high_carrier=1 carrier=1795.4Hz agc=0.00080 power=7413774 shaper_sets=640
FLOW [proto@0x104c4949e] Rx - Phase 3 TRN: best hyp=11 ones=63953/87552 (73%)
FLOW [proto@0x104c4949e] Rx - primary_channel_rx: baud_rate=0 high_carrier=1 carrier=1795.4Hz agc=0.00080 power=7377260 shaper_sets=640
FLOW [proto@0x104c4949e] Rx - Phase 3 Ja parser input: hyp0 len=92160 bits (stage=10, need ~16340 to parse)
FLOW [proto@0x104c4949e] Rx - Phase 3 Ja capture: emitted 92160 bits using hyp=0
FLOW [proto@0x104c4949e] Rx - Phase 3 WAIT_S heartbeat: dur=4096 demod=0 event=0 j_bits=92190 trn_bits=87598 trn_hint=0/75%
FLOW [proto@0x104c4949e] Rx - primary_channel_rx: baud_rate=0 high_carrier=1 carrier=1795.5Hz agc=0.00080 power=7412984 shaper_sets=640
[ME] TX dump mark: sample=162400 rx_stage=10 tx_stage=55 mod=3
FLOW [proto@0x104c4949e] Rx - primary_channel_rx: baud_rate=0 high_carrier=1 carrier=1795.6Hz agc=0.00080 power=7376251 shaper_sets=640
FLOW [proto@0x104c4949e] Rx - primary_channel_rx: baud_rate=0 high_carrier=1 carrier=1795.4Hz agc=0.00080 power=7361809 shaper_sets=640
FLOW [proto@0x104c4949e] Rx - primary_channel_rx: baud_rate=0 high_carrier=1 carrier=1795.4Hz agc=0.00080 power=7377860 shaper_sets=640
[ME] RX dump mark: sample=162400 rx_stage=10 tx_stage=55 mod=3 guard_db=-6.0 guard_valid=1
FLOW [proto@0x104c4949e] Rx - primary_channel_rx: baud_rate=0 high_carrier=1 carrier=1795.4Hz agc=0.00080 power=7368921 shaper_sets=640
FLOW [proto@0x104c4949e] Rx - Phase 3 Ja capture: emitted 92416 bits using hyp=0
FLOW [proto@0x104c4949e] Rx - primary_channel_rx: baud_rate=0 high_carrier=1 carrier=1795.5Hz agc=0.00080 power=7373595 shaper_sets=640
FLOW [proto@0x104c4949e] Rx - primary_channel_rx: baud_rate=0 high_carrier=1 carrier=1795.6Hz agc=0.00080 power=7369546 shaper_sets=640
FLOW [proto@0x104c4949e] Rx - primary_channel_rx: baud_rate=0 high_carrier=1 carrier=1795.5Hz agc=0.00080 power=7371235 shaper_sets=640
FLOW [proto@0x104c4949e] Rx - primary_channel_rx: baud_rate=0 high_carrier=1 carrier=1795.4Hz agc=0.00080 power=7370769 shaper_sets=640
FLOW [proto@0x104c4949e] Rx - primary_channel_rx: baud_rate=0 high_carrier=1 carrier=1795.4Hz agc=0.00080 power=7372915 shaper_sets=640
FLOW [proto@0x104c4949e] Rx - Phase 3 TRN: best hyp=11 ones=64325/88064 (73%)
FLOW [proto@0x104c4949e] Rx - Phase 3 Ja capture: emitted 92672 bits using hyp=0
FLOW [proto@0x104c4949e] Rx - primary_channel_rx: baud_rate=0 high_carrier=1 carrier=1795.4Hz agc=0.00080 power=7348172 shaper_sets=640
FLOW [proto@0x104c4949e] Rx - Phase 3 WAIT_S heartbeat: dur=4352 demod=0 event=0 j_bits=92702 trn_bits=88110 trn_hint=0/75%
[ME] TX dump mark: sample=163200 rx_stage=10 tx_stage=55 mod=3
FLOW [proto@0x104c4949e] Rx - primary_channel_rx: baud_rate=0 high_carrier=1 carrier=1795.5Hz agc=0.00080 power=7371200 shaper_sets=640
FLOW [proto@0x104c4949e] Rx - primary_channel_rx: baud_rate=0 high_carrier=1 carrier=1795.6Hz agc=0.00080 power=7369022 shaper_sets=640
FLOW [proto@0x104c4949e] Rx - primary_channel_rx: baud_rate=0 high_carrier=1 carrier=1795.4Hz agc=0.00080 power=7391398 shaper_sets=640
[ME] RX dump mark: sample=163200 rx_stage=10 tx_stage=55 mod=3 guard_db=-6.0 guard_valid=1
FLOW [proto@0x104c4949e] Rx - primary_channel_rx: baud_rate=0 high_carrier=1 carrier=1795.4Hz agc=0.00080 power=7434672 shaper_sets=640
FLOW [proto@0x104c4949e] Rx - primary_channel_rx: baud_rate=0 high_carrier=1 carrier=1795.4Hz agc=0.00080 power=7373438 shaper_sets=640
FLOW [proto@0x104c4949e] Rx - Phase 3 Ja capture: emitted 92928 bits using hyp=0
FLOW [proto@0x104c4949e] Rx - primary_channel_rx: baud_rate=0 high_carrier=1 carrier=1795.4Hz agc=0.00080 power=7415416 shaper_sets=640
FLOW [proto@0x104c4949e] Rx - primary_channel_rx: baud_rate=0 high_carrier=1 carrier=1795.6Hz agc=0.00080 power=7413427 shaper_sets=640
FLOW [proto@0x104c4949e] Rx - primary_channel_rx: baud_rate=0 high_carrier=1 carrier=1795.5Hz agc=0.00080 power=7413679 shaper_sets=640
FLOW [proto@0x104c4949e] Rx - primary_channel_rx: baud_rate=0 high_carrier=1 carrier=1795.4Hz agc=0.00080 power=7417028 shaper_sets=640
FLOW [proto@0x104c4949e] Rx - Phase 3 TRN: best hyp=11 ones=64698/88576 (73%)
FLOW [proto@0x104c4949e] Rx - primary_channel_rx: baud_rate=0 high_carrier=1 carrier=1795.4Hz agc=0.00080 power=7419539 shaper_sets=640
FLOW [proto@0x104c4949e] Rx - Phase 3 Ja capture: emitted 93184 bits using hyp=0
FLOW [proto@0x104c4949e] Rx - Phase 3 WAIT_S heartbeat: dur=4608 demod=0 event=0 j_bits=93214 trn_bits=88622 trn_hint=0/75%
[ME] TX dump mark: sample=164000 rx_stage=10 tx_stage=55 mod=3
FLOW [proto@0x104c4949e] Rx - primary_channel_rx: baud_rate=0 high_carrier=1 carrier=1795.4Hz agc=0.00080 power=7417040 shaper_sets=640
FLOW [proto@0x104c4949e] Rx - primary_channel_rx: baud_rate=0 high_carrier=1 carrier=1795.5Hz agc=0.00080 power=7420635 shaper_sets=640
FLOW [proto@0x104c4949e] Rx - primary_channel_rx: baud_rate=0 high_carrier=1 carrier=1795.6Hz agc=0.00080 power=7416573 shaper_sets=640
[ME] RX dump mark: sample=164000 rx_stage=10 tx_stage=55 mod=3 guard_db=-6.0 guard_valid=1
FLOW [proto@0x104c4949e] Rx - primary_channel_rx: baud_rate=0 high_carrier=1 carrier=1795.4Hz agc=0.00080 power=7418679 shaper_sets=640
FLOW [proto@0x104c4949e] Rx - primary_channel_rx: baud_rate=0 high_carrier=1 carrier=1795.4Hz agc=0.00080 power=7415536 shaper_sets=640
FLOW [proto@0x104c4949e] Rx - Phase 3 Ja capture: emitted 93440 bits using hyp=0
FLOW [proto@0x104c4949e] Rx - primary_channel_rx: baud_rate=0 high_carrier=1 carrier=1795.4Hz agc=0.00080 power=7418148 shaper_sets=640
FLOW [proto@0x104c4949e] Rx - primary_channel_rx: baud_rate=0 high_carrier=1 carrier=1795.4Hz agc=0.00080 power=7423881 shaper_sets=640
FLOW [proto@0x104c4949e] Rx - primary_channel_rx: baud_rate=0 high_carrier=1 carrier=1795.6Hz agc=0.00080 power=7415826 shaper_sets=640
FLOW [proto@0x104c4949e] Rx - primary_channel_rx: baud_rate=0 high_carrier=1 carrier=1795.5Hz agc=0.00080 power=7426018 shaper_sets=640
FLOW [proto@0x104c4949e] Rx - primary_channel_rx: baud_rate=0 high_carrier=1 carrier=1795.4Hz agc=0.00080 power=7422245 shaper_sets=640
FLOW [proto@0x104c4949e] Rx - Phase 3 TRN: best hyp=11 ones=65070/89088 (73%)
[ME] TX dump mark: sample=164800 rx_stage=10 tx_stage=55 mod=3
FLOW [proto@0x104c4949e] Rx - primary_channel_rx: baud_rate=0 high_carrier=1 carrier=1795.4Hz agc=0.00080 power=7427201 shaper_sets=640
FLOW [proto@0x104c4949e] Rx - Phase 3 Ja capture: emitted 93696 bits using hyp=0
FLOW [proto@0x104c4949e] Rx - Phase 3 WAIT_S heartbeat: dur=4864 demod=0 event=0 j_bits=93726 trn_bits=89134 trn_hint=0/75%
FLOW [proto@0x104c4949e] Rx - primary_channel_rx: baud_rate=0 high_carrier=1 carrier=1795.4Hz agc=0.00080 power=7427874 shaper_sets=640
FLOW [proto@0x104c4949e] Rx - primary_channel_rx: baud_rate=0 high_carrier=1 carrier=1795.5Hz agc=0.00080 power=7434003 shaper_sets=640
[ME] RX dump mark: sample=164800 rx_stage=10 tx_stage=55 mod=3 guard_db=-6.0 guard_valid=1
FLOW [proto@0x104c4949e] Rx - primary_channel_rx: baud_rate=0 high_carrier=1 carrier=1795.6Hz agc=0.00080 power=7423894 shaper_sets=640
FLOW [proto@0x104c4949e] Rx - primary_channel_rx: baud_rate=0 high_carrier=1 carrier=1795.4Hz agc=0.00080 power=7434164 shaper_sets=640
FLOW [proto@0x104c4949e] Rx - primary_channel_rx: baud_rate=0 high_carrier=1 carrier=1795.4Hz agc=0.00079 power=7465318 shaper_sets=640
FLOW [proto@0x104c4949e] Rx - Phase 3 Ja capture: emitted 93952 bits using hyp=0
FLOW [proto@0x104c4949e] Rx - primary_channel_rx: baud_rate=0 high_carrier=1 carrier=1795.4Hz agc=0.00080 power=7432833 shaper_sets=640
FLOW [proto@0x104c4949e] Rx - Phase 3 S baud 5000: mag=1.013 data_bits=3 alt=0/32 stable=0 dom=3:32/32 rev=0/32 counts=0,0,0,32
FLOW [proto@0x104c4949e] Rx - primary_channel_rx: baud_rate=0 high_carrier=1 carrier=1795.4Hz agc=0.00080 power=7431948 shaper_sets=640
FLOW [proto@0x104c4949e] Rx - primary_channel_rx: baud_rate=0 high_carrier=1 carrier=1795.6Hz agc=0.00080 power=7430345 shaper_sets=640
FLOW [proto@0x104c4949e] Rx - primary_channel_rx: baud_rate=0 high_carrier=1 carrier=1795.5Hz agc=0.00080 power=7443467 shaper_sets=640
[ME] TX dump mark: sample=165600 rx_stage=10 tx_stage=55 mod=3
FLOW [proto@0x104c4949e] Rx - primary_channel_rx: baud_rate=0 high_carrier=1 carrier=1795.4Hz agc=0.00080 power=7430578 shaper_sets=640
FLOW [proto@0x104c4949e] Rx - Phase 3 TRN: best hyp=11 ones=65440/89600 (73%)
FLOW [proto@0x104c4949e] Rx - Phase 3 Ja parser input: hyp0 len=94208 bits (stage=10, need ~16340 to parse)
FLOW [proto@0x104c4949e] Rx - Phase 3 Ja capture: emitted 94208 bits using hyp=0
FLOW [proto@0x104c4949e] Rx - primary_channel_rx: baud_rate=0 high_carrier=1 carrier=1795.4Hz agc=0.00080 power=7446178 shaper_sets=640
FLOW [proto@0x104c4949e] Rx - Phase 3 WAIT_S heartbeat: dur=5120 demod=0 event=0 j_bits=94238 trn_bits=89646 trn_hint=0/75%
[ME] TX path: state=3 mod=3 fax_active=0 v34=0x700020000 v22bis=0x0
FLOW [proto@0x104c4949e] Rx - primary_channel_rx: baud_rate=0 high_carrier=1 carrier=1795.4Hz agc=0.00080 power=7432625 shaper_sets=640
[ME] RX dump mark: sample=165600 rx_stage=10 tx_stage=55 mod=3 guard_db=-6.0 guard_valid=1
FLOW [proto@0x104c4949e] Rx - primary_channel_rx: baud_rate=0 high_carrier=1 carrier=1795.5Hz agc=0.00080 power=7446228 shaper_sets=640
FLOW [proto@0x104c4949e] Rx - primary_channel_rx: baud_rate=0 high_carrier=1 carrier=1795.5Hz agc=0.00080 power=7431382 shaper_sets=640
FLOW [proto@0x104c4949e] Rx - primary_channel_rx: baud_rate=0 high_carrier=1 carrier=1795.4Hz agc=0.00080 power=7449482 shaper_sets=640
FLOW [proto@0x104c4949e] Rx - primary_channel_rx: baud_rate=0 high_carrier=1 carrier=1795.4Hz agc=0.00080 power=7432861 shaper_sets=640
FLOW [proto@0x104c4949e] Rx - Phase 3 Ja capture: emitted 94464 bits using hyp=0
FLOW [proto@0x104c4949e] Rx - primary_channel_rx: baud_rate=0 high_carrier=1 carrier=1795.4Hz agc=0.00080 power=7447396 shaper_sets=640
FLOW [proto@0x104c4949e] Rx - primary_channel_rx: baud_rate=0 high_carrier=1 carrier=1795.4Hz agc=0.00080 power=7433138 shaper_sets=640
FLOW [proto@0x104c4949e] Rx - primary_channel_rx: baud_rate=0 high_carrier=1 carrier=1795.6Hz agc=0.00080 power=7449449 shaper_sets=640
[ME] TX dump mark: sample=166400 rx_stage=10 tx_stage=55 mod=3
FLOW [proto@0x104c4949e] Rx - primary_channel_rx: baud_rate=0 high_carrier=1 carrier=1795.5Hz agc=0.00080 power=7436965 shaper_sets=640
FLOW [proto@0x104c4949e] Rx - Phase 3 TRN: best hyp=15 ones=45075/90112 (50%)
FLOW [proto@0x104c4949e] Rx - primary_channel_rx: baud_rate=0 high_carrier=1 carrier=1795.4Hz agc=0.00080 power=7449691 shaper_sets=640
FLOW [proto@0x104c4949e] Rx - Phase 3 Ja capture: emitted 94720 bits using hyp=0
FLOW [proto@0x104c4949e] Rx - Phase 3 WAIT_S heartbeat: dur=5376 demod=0 event=0 j_bits=94750 trn_bits=90158 trn_hint=0/75%
FLOW [proto@0x104c4949e] Rx - primary_channel_rx: baud_rate=0 high_carrier=1 carrier=1795.3Hz agc=0.00080 power=7434820 shaper_sets=640
[ME] RX dump mark: sample=166400 rx_stage=10 tx_stage=55 mod=3 guard_db=-6.0 guard_valid=1
FLOW [proto@0x104c4949e] Rx - primary_channel_rx: baud_rate=0 high_carrier=1 carrier=1795.4Hz agc=0.00080 power=7449185 shaper_sets=640
FLOW [proto@0x104c4949e] Rx - primary_channel_rx: baud_rate=0 high_carrier=1 carrier=1795.5Hz agc=0.00080 power=7434269 shaper_sets=640
FLOW [proto@0x104c4949e] Rx - primary_channel_rx: baud_rate=0 high_carrier=1 carrier=1795.5Hz agc=0.00080 power=7447727 shaper_sets=640
FLOW [proto@0x104c4949e] Rx - primary_channel_rx: baud_rate=0 high_carrier=1 carrier=1795.4Hz agc=0.00080 power=7440375 shaper_sets=640
FLOW [proto@0x104c4949e] Rx - Phase 3 Ja capture: emitted 94976 bits using hyp=0
FLOW [proto@0x104c4949e] Rx - primary_channel_rx: baud_rate=0 high_carrier=1 carrier=1795.3Hz agc=0.00079 power=7453427 shaper_sets=640
FLOW [proto@0x104c4949e] Rx - primary_channel_rx: baud_rate=0 high_carrier=1 carrier=1795.3Hz agc=0.00080 power=7401030 shaper_sets=640
FLOW [proto@0x104c4949e] Rx - primary_channel_rx: baud_rate=0 high_carrier=1 carrier=1795.4Hz agc=0.00080 power=7419698 shaper_sets=640
[ME] TX dump mark: sample=167200 rx_stage=10 tx_stage=55 mod=3
FLOW [proto@0x104c4949e] Rx - primary_channel_rx: baud_rate=0 high_carrier=1 carrier=1795.5Hz agc=0.00080 power=7401572 shaper_sets=640
FLOW [proto@0x104c4949e] Rx - primary_channel_rx: baud_rate=0 high_carrier=1 carrier=1795.5Hz agc=0.00080 power=7433003 shaper_sets=640
FLOW [proto@0x104c4949e] Rx - Phase 3 TRN: best hyp=15 ones=45330/90624 (50%)
FLOW [proto@0x104c4949e] Rx - primary_channel_rx: baud_rate=0 high_carrier=1 carrier=1795.4Hz agc=0.00080 power=7416294 shaper_sets=640
FLOW [proto@0x104c4949e] Rx - Phase 3 Ja capture: emitted 95232 bits using hyp=0
FLOW [proto@0x104c4949e] Rx - Phase 3 WAIT_S heartbeat: dur=5632 demod=0 event=0 j_bits=95262 trn_bits=90670 trn_hint=0/75%
[ME] RX dump mark: sample=167200 rx_stage=10 tx_stage=55 mod=3 guard_db=-6.0 guard_valid=1
FLOW [proto@0x104c4949e] Rx - primary_channel_rx: baud_rate=0 high_carrier=1 carrier=1795.3Hz agc=0.00080 power=7432234 shaper_sets=640
FLOW [proto@0x104c4949e] Rx - primary_channel_rx: baud_rate=0 high_carrier=1 carrier=1795.4Hz agc=0.00080 power=7435785 shaper_sets=640
FLOW [proto@0x104c4949e] Rx - primary_channel_rx: baud_rate=0 high_carrier=1 carrier=1795.5Hz agc=0.00080 power=7421700 shaper_sets=640
FLOW [proto@0x104c4949e] Rx - primary_channel_rx: baud_rate=0 high_carrier=1 carrier=1795.5Hz agc=0.00080 power=7438191 shaper_sets=640
FLOW [proto@0x104c4949e] Rx - primary_channel_rx: baud_rate=0 high_carrier=1 carrier=1795.4Hz agc=0.00080 power=7423103 shaper_sets=640
FLOW [proto@0x104c4949e] Rx - Phase 3 Ja capture: emitted 95488 bits using hyp=0
FLOW [proto@0x104c4949e] Rx - primary_channel_rx: baud_rate=0 high_carrier=1 carrier=1795.3Hz agc=0.00080 power=7440646 shaper_sets=640
FLOW [proto@0x104c4949e] Rx - primary_channel_rx: baud_rate=0 high_carrier=1 carrier=1795.3Hz agc=0.00080 power=7440791 shaper_sets=640
[ME] TX dump mark: sample=168000 rx_stage=10 tx_stage=55 mod=3
[ME] Training TX: RMS=0.0 (8000 samples)
FLOW [proto@0x104c4949e] Rx - primary_channel_rx: baud_rate=0 high_carrier=1 carrier=1795.4Hz agc=0.00079 power=7461465 shaper_sets=640
FLOW [proto@0x104c4949e] Rx - primary_channel_rx: baud_rate=0 high_carrier=1 carrier=1795.5Hz agc=0.00080 power=7438812 shaper_sets=640
[ME] Training rx: RMS=2734.3 (8000 samples)
FLOW [proto@0x104c4949e] Rx - primary_channel_rx: baud_rate=0 high_carrier=1 carrier=1795.4Hz agc=0.00079 power=7468151 shaper_sets=640
FLOW [proto@0x104c4949e] Rx - Phase 3 TRN: best hyp=15 ones=45588/91136 (50%)
FLOW [proto@0x104c4949e] Rx - Phase 3 Ja capture: emitted 95744 bits using hyp=0
[ME] RX dump mark: sample=168000 rx_stage=10 tx_stage=55 mod=3 guard_db=-6.0 guard_valid=1
FLOW [proto@0x104c4949e] Rx - primary_channel_rx: baud_rate=0 high_carrier=1 carrier=1795.3Hz agc=0.00080 power=7445818 shaper_sets=640
FLOW [proto@0x104c4949e] Rx - Phase 3 WAIT_S heartbeat: dur=5888 demod=0 event=0 j_bits=95774 trn_bits=91182 trn_hint=0/75%
FLOW [proto@0x104c4949e] Rx - primary_channel_rx: baud_rate=0 high_carrier=1 carrier=1795.3Hz agc=0.00079 power=7467865 shaper_sets=640
FLOW [proto@0x104c4949e] Rx - primary_channel_rx: baud_rate=0 high_carrier=1 carrier=1795.3Hz agc=0.00079 power=7467423 shaper_sets=640
FLOW [proto@0x104c4949e] Rx - primary_channel_rx: baud_rate=0 high_carrier=1 carrier=1795.5Hz agc=0.00079 power=7473765 shaper_sets=640
FLOW [proto@0x104c4949e] Rx - primary_channel_rx: baud_rate=0 high_carrier=1 carrier=1795.5Hz agc=0.00079 power=7469935 shaper_sets=640
FLOW [proto@0x104c4949e] Rx - Phase 3 S baud 6000: mag=0.967 data_bits=3 alt=0/32 stable=0 dom=3:32/32 rev=0/32 counts=0,0,0,32
FLOW [proto@0x104c4949e] Rx - Phase 3: S detect timeout (6000 bauds, alt=0/32 rev=0/32, j_bits=96000 trn_bits=91408 trn_hint=0/75%), continuing search
FLOW [proto@0x104c4949e] Rx - primary_channel_rx: baud_rate=0 high_carrier=1 carrier=1795.3Hz agc=0.00079 power=7472039 shaper_sets=640
FLOW [proto@0x104c4949e] Rx - Phase 3 WAIT_S heartbeat: dur=1 demod=0 event=0 j_bits=96000 trn_bits=91408 trn_hint=0/75%
FLOW [proto@0x104c4949e] Rx - Phase 3 Ja capture: emitted 96000 bits using hyp=0
FLOW [proto@0x104c4949e] Rx - Phase 3 S baud 1: mag=0.994 data_bits=3 alt=0/32 stable=0 dom=3:1/32 rev=0/32 counts=0,0,0,1
FLOW [proto@0x104c4949e] Rx - Phase 3 S baud 2: mag=1.001 data_bits=3 alt=0/32 stable=0 dom=3:2/32 rev=0/32 counts=0,0,0,2
FLOW [proto@0x104c4949e] Rx - Phase 3 S baud 3: mag=0.998 data_bits=3 alt=0/32 stable=0 dom=3:3/32 rev=0/32 counts=0,0,0,3
FLOW [proto@0x104c4949e] Rx - Phase 3 S baud 4: mag=1.006 data_bits=3 alt=0/32 stable=0 dom=3:4/32 rev=0/32 counts=0,0,0,4
FLOW [proto@0x104c4949e] Rx - primary_channel_rx: baud_rate=0 high_carrier=1 carrier=1795.3Hz agc=0.00079 power=7470310 shaper_sets=640
[ME] TX dump mark: sample=168800 rx_stage=10 tx_stage=55 mod=3
FLOW [proto@0x104c4949e] Rx - primary_channel_rx: baud_rate=0 high_carrier=1 carrier=1795.3Hz agc=0.00079 power=7470624 shaper_sets=640
FLOW [proto@0x104c4949e] Rx - primary_channel_rx: baud_rate=0 high_carrier=1 carrier=1795.4Hz agc=0.00079 power=7469894 shaper_sets=640
FLOW [proto@0x104c4949e] Rx - primary_channel_rx: baud_rate=0 high_carrier=1 carrier=1795.5Hz agc=0.00079 power=7471543 shaper_sets=640
[ME] RX dump mark: sample=168800 rx_stage=10 tx_stage=55 mod=3 guard_db=-6.0 guard_valid=1
FLOW [proto@0x104c4949e] Rx - primary_channel_rx: baud_rate=0 high_carrier=1 carrier=1795.4Hz agc=0.00079 power=7468030 shaper_sets=640
FLOW [proto@0x104c4949e] Rx - Phase 3 Ja parser input: hyp0 len=96256 bits (stage=10, need ~16340 to parse)
FLOW [proto@0x104c4949e] Rx - Phase 3 Ja capture: emitted 96256 bits using hyp=0
FLOW [proto@0x104c4949e] Rx - primary_channel_rx: baud_rate=0 high_carrier=1 carrier=1795.3Hz agc=0.00079 power=7470069 shaper_sets=640
FLOW [proto@0x104c4949e] Rx - primary_channel_rx: baud_rate=0 high_carrier=1 carrier=1795.3Hz agc=0.00079 power=7462688 shaper_sets=640
FLOW [proto@0x104c4949e] Rx - primary_channel_rx: baud_rate=0 high_carrier=1 carrier=1795.4Hz agc=0.00079 power=7472351 shaper_sets=640
FLOW [proto@0x104c4949e] Rx - primary_channel_rx: baud_rate=0 high_carrier=1 carrier=1795.5Hz agc=0.00079 power=7461155 shaper_sets=640
FLOW [proto@0x104c4949e] Rx - primary_channel_rx: baud_rate=0 high_carrier=1 carrier=1795.4Hz agc=0.00079 power=7466161 shaper_sets=640
FLOW [proto@0x104c4949e] Rx - Phase 3 WAIT_S heartbeat: dur=256 demod=0 event=0 j_bits=96510 trn_bits=91408 trn_hint=0/75%
FLOW [proto@0x104c4949e] Rx - Phase 3 Ja capture: emitted 96512 bits using hyp=0
FLOW [proto@0x104c4949e] Rx - primary_channel_rx: baud_rate=0 high_carrier=1 carrier=1795.3Hz agc=0.00079 power=7460837 shaper_sets=640
[ME] TX dump mark: sample=169600 rx_stage=10 tx_stage=55 mod=3
FLOW [proto@0x104c4949e] Rx - primary_channel_rx: baud_rate=0 high_carrier=1 carrier=1795.3Hz agc=0.00079 power=7462717 shaper_sets=640
FLOW [proto@0x104c4949e] Rx - primary_channel_rx: baud_rate=0 high_carrier=1 carrier=1795.3Hz agc=0.00079 power=7465705 shaper_sets=640
FLOW [proto@0x104c4949e] Rx - primary_channel_rx: baud_rate=0 high_carrier=1 carrier=1795.4Hz agc=0.00079 power=7451450 shaper_sets=640
[ME] RX dump mark: sample=169600 rx_stage=10 tx_stage=55 mod=3 guard_db=-6.0 guard_valid=1
FLOW [proto@0x104c4949e] Rx - primary_channel_rx: baud_rate=0 high_carrier=1 carrier=1795.5Hz agc=0.00079 power=7451507 shaper_sets=640
FLOW [proto@0x104c4949e] Rx - Phase 3 TRN: best hyp=15 ones=45845/91648 (50%)
FLOW [proto@0x104c4949e] Rx - primary_channel_rx: baud_rate=0 high_carrier=1 carrier=1795.4Hz agc=0.00080 power=7450023 shaper_sets=640
FLOW [proto@0x104c4949e] Rx - Phase 3 Ja capture: emitted 96768 bits using hyp=0
FLOW [proto@0x104c4949e] Rx - primary_channel_rx: baud_rate=0 high_carrier=1 carrier=1795.3Hz agc=0.00080 power=7431541 shaper_sets=640
FLOW [proto@0x104c4949e] Rx - primary_channel_rx: baud_rate=0 high_carrier=1 carrier=1795.3Hz agc=0.00079 power=7462324 shaper_sets=640
FLOW [proto@0x104c4949e] Rx - primary_channel_rx: baud_rate=0 high_carrier=1 carrier=1795.4Hz agc=0.00080 power=7431473 shaper_sets=640
FLOW [proto@0x104c4949e] Rx - primary_channel_rx: baud_rate=0 high_carrier=1 carrier=1795.5Hz agc=0.00080 power=7424025 shaper_sets=640
FLOW [proto@0x104c4949e] Rx - primary_channel_rx: baud_rate=0 high_carrier=1 carrier=1795.5Hz agc=0.00669 power=45542 shaper_sets=640
FLOW [proto@0x104c4949e] Rx - Phase 3 WAIT_S heartbeat: dur=512 demod=0 event=0 j_bits=97022 trn_bits=91920 trn_hint=0/75%
FLOW [proto@0x104c4949e] Rx - Phase 3 Ja capture: emitted 97024 bits using hyp=0
[ME] TX dump mark: sample=170400 rx_stage=10 tx_stage=55 mod=3
FLOW [proto@0x104c4949e] Rx - primary_channel_rx: baud_rate=0 high_carrier=1 carrier=1795.5Hz agc=0.00669 power=301 shaper_sets=640
FLOW [proto@0x104c4949e] Rx - primary_channel_rx: baud_rate=0 high_carrier=1 carrier=1795.4Hz agc=0.00669 power=29 shaper_sets=640
FLOW [proto@0x104c4949e] Rx - primary_channel_rx: baud_rate=0 high_carrier=1 carrier=1795.4Hz agc=0.00669 power=49 shaper_sets=640
[ME] RX dump mark: sample=170400 rx_stage=10 tx_stage=55 mod=3 guard_db=-6.0 guard_valid=1
FLOW [proto@0x104c4949e] Rx - primary_channel_rx: baud_rate=0 high_carrier=1 carrier=1795.4Hz agc=0.00669 power=27 shaper_sets=640
FLOW [proto@0x104c4949e] Rx - primary_channel_rx: baud_rate=0 high_carrier=1 carrier=1795.4Hz agc=0.00669 power=32 shaper_sets=640
FLOW [proto@0x104c4949e] Rx - Phase 3 TRN: best hyp=15 ones=46102/92160 (50%)
FLOW [proto@0x104c4949e] Rx - Phase 3 Ja capture: emitted 97280 bits using hyp=0
FLOW [proto@0x104c4949e] Rx - primary_channel_rx: baud_rate=0 high_carrier=1 carrier=1795.4Hz agc=0.00669 power=30 shaper_sets=640
FLOW [proto@0x104c4949e] Rx - primary_channel_rx: baud_rate=0 high_carrier=1 carrier=1795.4Hz agc=0.00669 power=49 shaper_sets=640
FLOW [proto@0x104c4949e] Rx - primary_channel_rx: baud_rate=0 high_carrier=1 carrier=1795.4Hz agc=0.00669 power=30 shaper_sets=640
FLOW [proto@0x104c4949e] Rx - primary_channel_rx: baud_rate=0 high_carrier=1 carrier=1795.4Hz agc=0.00669 power=37 shaper_sets=640
FLOW [proto@0x104c4949e] Rx - primary_channel_rx: baud_rate=0 high_carrier=1 carrier=1795.4Hz agc=0.00669 power=37 shaper_sets=640
FLOW [proto@0x104c4949e] Rx - Phase 3 WAIT_S heartbeat: dur=768 demod=0 event=0 j_bits=97534 trn_bits=92432 trn_hint=0/75%
[ME] TX dump mark: sample=171200 rx_stage=10 tx_stage=55 mod=3
FLOW [proto@0x104c4949e] Rx - primary_channel_rx: baud_rate=0 high_carrier=1 carrier=1795.4Hz agc=0.00669 power=45 shaper_sets=640
FLOW [proto@0x104c4949e] Rx - Phase 3 Ja capture: emitted 97536 bits using hyp=0
FLOW [proto@0x104c4949e] Rx - primary_channel_rx: baud_rate=0 high_carrier=1 carrier=1795.4Hz agc=0.00669 power=34 shaper_sets=640
FLOW [proto@0x104c4949e] Rx - primary_channel_rx: baud_rate=0 high_carrier=1 carrier=1795.4Hz agc=0.00669 power=24 shaper_sets=640
[ME] RX dump mark: sample=171200 rx_stage=10 tx_stage=55 mod=3 guard_db=-6.0 guard_valid=1
FLOW [proto@0x104c4949e] Rx - primary_channel_rx: baud_rate=0 high_carrier=1 carrier=1795.4Hz agc=0.00669 power=31 shaper_sets=640
FLOW [proto@0x104c4949e] Rx - primary_channel_rx: baud_rate=0 high_carrier=1 carrier=1795.4Hz agc=0.00669 power=1 shaper_sets=640
FLOW [proto@0x104c4949e] Rx - Phase 3 TRN: best hyp=15 ones=46353/92672 (50%)
FLOW [proto@0x104c4949e] Rx - primary_channel_rx: baud_rate=0 high_carrier=1 carrier=1795.4Hz agc=0.00669 power=18 shaper_sets=640
FLOW [proto@0x104c4949e] Rx - Phase 3 Ja capture: emitted 97792 bits using hyp=0
FLOW [proto@0x104c4949e] Rx - primary_channel_rx: baud_rate=0 high_carrier=1 carrier=1795.4Hz agc=0.00669 power=4 shaper_sets=640
FLOW [proto@0x104c4949e] Rx - primary_channel_rx: baud_rate=0 high_carrier=1 carrier=1795.4Hz agc=0.00669 power=0 shaper_sets=640
FLOW [proto@0x104c4949e] Rx - primary_channel_rx: baud_rate=0 high_carrier=1 carrier=1795.4Hz agc=0.00669 power=6 shaper_sets=640
FLOW [proto@0x104c4949e] Rx - primary_channel_rx: baud_rate=0 high_carrier=1 carrier=1795.4Hz agc=0.00669 power=4 shaper_sets=640
FLOW [proto@0x104c4949e] Rx - Phase 3 S baud 1000: mag=0.012 data_bits=1 alt=5/32 stable=0 dom=3:11/32 rev=0/32 counts=7,8,6,11
[ME] TX dump mark: sample=172000 rx_stage=10 tx_stage=55 mod=3
FLOW [proto@0x104c4949e] Rx - primary_channel_rx: baud_rate=0 high_carrier=1 carrier=1795.4Hz agc=0.00669 power=31 shaper_sets=640
FLOW [proto@0x104c4949e] Rx - Phase 3 WAIT_S heartbeat: dur=1024 demod=0 event=0 j_bits=98046 trn_bits=92944 trn_hint=0/75%
FLOW [proto@0x104c4949e] Rx - Phase 3 Ja capture: emitted 98048 bits using hyp=0
FLOW [proto@0x104c4949e] Rx - primary_channel_rx: baud_rate=0 high_carrier=1 carrier=1795.4Hz agc=0.00669 power=3 shaper_sets=640
FLOW [proto@0x104c4949e] Rx - primary_channel_rx: baud_rate=0 high_carrier=1 carrier=1795.4Hz agc=0.00669 power=2 shaper_sets=640
[ME] RX dump mark: sample=172000 rx_stage=10 tx_stage=55 mod=3 guard_db=-6.0 guard_valid=1
FLOW [proto@0x104c4949e] Rx - primary_channel_rx: baud_rate=0 high_carrier=1 carrier=1795.4Hz agc=0.00669 power=7 shaper_sets=640
FLOW [proto@0x104c4949e] Rx - primary_channel_rx: baud_rate=0 high_carrier=1 carrier=1795.4Hz agc=0.00669 power=6 shaper_sets=640
FLOW [proto@0x104c4949e] Rx - primary_channel_rx: baud_rate=0 high_carrier=1 carrier=1795.4Hz agc=0.00669 power=4 shaper_sets=640
FLOW [proto@0x104c4949e] Rx - Phase 3 TRN: best hyp=19 ones=46614/93184 (50%)
FLOW [proto@0x104c4949e] Rx - primary_channel_rx: baud_rate=0 high_carrier=1 carrier=1795.4Hz agc=0.00669 power=14 shaper_sets=640
FLOW [proto@0x104c4949e] Rx - Phase 3 Ja parser input: hyp0 len=98304 bits (stage=10, need ~16340 to parse)
FLOW [proto@0x104c4949e] Rx - Phase 3 Ja capture: emitted 98304 bits using hyp=0
FLOW [proto@0x104c4949e] Rx - primary_channel_rx: baud_rate=0 high_carrier=1 carrier=1795.4Hz agc=0.00669 power=0 shaper_sets=640
FLOW [proto@0x104c4949e] Rx - primary_channel_rx: baud_rate=0 high_carrier=1 carrier=1795.4Hz agc=0.00669 power=6 shaper_sets=640
FLOW [proto@0x104c4949e] Rx - primary_channel_rx: baud_rate=0 high_carrier=1 carrier=1795.4Hz agc=0.00669 power=4 shaper_sets=640
[ME] TX dump mark: sample=172800 rx_stage=10 tx_stage=55 mod=3
FLOW [proto@0x104c4949e] Rx - primary_channel_rx: baud_rate=0 high_carrier=1 carrier=1795.4Hz agc=0.00669 power=7 shaper_sets=640
FLOW [proto@0x104c4949e] Rx - primary_channel_rx: baud_rate=0 high_carrier=1 carrier=1795.4Hz agc=0.00669 power=0 shaper_sets=640
FLOW [proto@0x104c4949e] Rx - Phase 3 WAIT_S heartbeat: dur=1280 demod=0 event=0 j_bits=98558 trn_bits=93456 trn_hint=0/75%
FLOW [proto@0x104c4949e] Rx - Phase 3 Ja capture: emitted 98560 bits using hyp=0
FLOW [proto@0x104c4949e] Rx - primary_channel_rx: baud_rate=0 high_carrier=1 carrier=1795.4Hz agc=0.00669 power=13 shaper_sets=640
[ME] RX dump mark: sample=172800 rx_stage=10 tx_stage=55 mod=3 guard_db=-6.0 guard_valid=1
FLOW [proto@0x104c4949e] Rx - primary_channel_rx: baud_rate=0 high_carrier=1 carrier=1795.4Hz agc=0.00669 power=0 shaper_sets=640
FLOW [proto@0x104c4949e] Rx - primary_channel_rx: baud_rate=0 high_carrier=1 carrier=1795.4Hz agc=0.00669 power=13 shaper_sets=640
FLOW [proto@0x104c4949e] Rx - primary_channel_rx: baud_rate=0 high_carrier=1 carrier=1795.4Hz agc=0.00669 power=9 shaper_sets=640
FLOW [proto@0x104c4949e] Rx - primary_channel_rx: baud_rate=0 high_carrier=1 carrier=1795.4Hz agc=0.00669 power=4 shaper_sets=640
FLOW [proto@0x104c4949e] Rx - Phase 3 TRN: best hyp=12 ones=46857/93696 (50%)
FLOW [proto@0x104c4949e] Rx - Phase 3 Ja capture: emitted 98816 bits using hyp=0
FLOW [proto@0x104c4949e] Rx - primary_channel_rx: baud_rate=0 high_carrier=1 carrier=1795.4Hz agc=0.00669 power=20 shaper_sets=640
FLOW [proto@0x104c4949e] Rx - primary_channel_rx: baud_rate=0 high_carrier=1 carrier=1795.4Hz agc=0.00669 power=17 shaper_sets=640
FLOW [proto@0x104c4949e] Rx - primary_channel_rx: baud_rate=0 high_carrier=1 carrier=1795.4Hz agc=0.00669 power=7 shaper_sets=640
[ME] TX dump mark: sample=173600 rx_stage=10 tx_stage=55 mod=3
FLOW [proto@0x104c4949e] Rx - primary_channel_rx: baud_rate=0 high_carrier=1 carrier=1795.4Hz agc=0.00669 power=7 shaper_sets=640
FLOW [proto@0x104c4949e] Rx - primary_channel_rx: baud_rate=0 high_carrier=1 carrier=1795.4Hz agc=0.00669 power=1 shaper_sets=640
FLOW [proto@0x104c4949e] Rx - Phase 3 WAIT_S heartbeat: dur=1536 demod=0 event=0 j_bits=99070 trn_bits=93968 trn_hint=0/75%
[ME] TX path: state=3 mod=3 fax_active=0 v34=0x700020000 v22bis=0x0
[ME] DIAG: cr_update calls=1400 phase_err=0.101 samples
FLOW [proto@0x104c4949e] Rx - primary_channel_rx: baud_rate=0 high_carrier=1 carrier=1795.4Hz agc=0.00669 power=11 shaper_sets=640
FLOW [proto@0x104c4949e] Rx - Phase 3 Ja capture: emitted 99072 bits using hyp=0
[ME] RX dump mark: sample=173600 rx_stage=10 tx_stage=55 mod=3 guard_db=-6.0 guard_valid=1
FLOW [proto@0x104c4949e] Rx - primary_channel_rx: baud_rate=0 high_carrier=1 carrier=1795.4Hz agc=0.00669 power=7 shaper_sets=640
FLOW [proto@0x104c4949e] Rx - primary_channel_rx: baud_rate=0 high_carrier=1 carrier=1795.4Hz agc=0.00669 power=14 shaper_sets=640
FLOW [proto@0x104c4949e] Rx - primary_channel_rx: baud_rate=0 high_carrier=1 carrier=1795.4Hz agc=0.00669 power=5 shaper_sets=640
FLOW [proto@0x104c4949e] Rx - primary_channel_rx: baud_rate=0 high_carrier=1 carrier=1795.4Hz agc=0.00669 power=0 shaper_sets=640
FLOW [proto@0x104c4949e] Rx - Phase 3 TRN: best hyp=14 ones=47116/94208 (50%)
FLOW [proto@0x104c4949e] Rx - primary_channel_rx: baud_rate=0 high_carrier=1 carrier=1795.4Hz agc=0.00669 power=10 shaper_sets=640
FLOW [proto@0x104c4949e] Rx - Phase 3 Ja capture: emitted 99328 bits using hyp=0
FLOW [proto@0x104c4949e] Rx - primary_channel_rx: baud_rate=0 high_carrier=1 carrier=1795.4Hz agc=0.00669 power=6 shaper_sets=640
FLOW [proto@0x104c4949e] Rx - primary_channel_rx: baud_rate=0 high_carrier=1 carrier=1795.4Hz agc=0.00669 power=1 shaper_sets=640
[ME] TX dump mark: sample=174400 rx_stage=10 tx_stage=55 mod=3
FLOW [proto@0x104c4949e] Rx - primary_channel_rx: baud_rate=0 high_carrier=1 carrier=1795.4Hz agc=0.00669 power=1 shaper_sets=640
FLOW [proto@0x104c4949e] Rx - primary_channel_rx: baud_rate=0 high_carrier=1 carrier=1795.4Hz agc=0.00669 power=22 shaper_sets=640
FLOW [proto@0x104c4949e] Rx - primary_channel_rx: baud_rate=0 high_carrier=1 carrier=1795.4Hz agc=0.00669 power=4 shaper_sets=640
FLOW [proto@0x104c4949e] Rx - Phase 3 WAIT_S heartbeat: dur=1792 demod=0 event=0 j_bits=99582 trn_bits=94480 trn_hint=0/75%
FLOW [proto@0x104c4949e] Rx - Phase 3 Ja capture: emitted 99584 bits using hyp=0
[ME] RX dump mark: sample=174400 rx_stage=10 tx_stage=55 mod=3 guard_db=-6.0 guard_valid=1
FLOW [proto@0x104c4949e] Rx - primary_channel_rx: baud_rate=0 high_carrier=1 carrier=1795.4Hz agc=0.00669 power=0 shaper_sets=640
FLOW [proto@0x104c4949e] Rx - primary_channel_rx: baud_rate=0 high_carrier=1 carrier=1795.4Hz agc=0.00669 power=12 shaper_sets=640
FLOW [proto@0x104c4949e] Rx - primary_channel_rx: baud_rate=0 high_carrier=1 carrier=1795.4Hz agc=0.00669 power=12 shaper_sets=640
FLOW [proto@0x104c4949e] Rx - primary_channel_rx: baud_rate=0 high_carrier=1 carrier=1795.4Hz agc=0.00669 power=11 shaper_sets=640
FLOW [proto@0x104c4949e] Rx - primary_channel_rx: baud_rate=0 high_carrier=1 carrier=1795.4Hz agc=0.00669 power=0 shaper_sets=640
FLOW [proto@0x104c4949e] Rx - Phase 3 TRN: best hyp=18 ones=47370/94720 (50%)
FLOW [proto@0x104c4949e] Rx - primary_channel_rx: baud_rate=0 high_carrier=1 carrier=1795.4Hz agc=0.00669 power=8 shaper_sets=640
FLOW [proto@0x104c4949e] Rx - Phase 3 Ja capture: emitted 99840 bits using hyp=0
FLOW [proto@0x104c4949e] Rx - primary_channel_rx: baud_rate=0 high_carrier=1 carrier=1795.4Hz agc=0.00669 power=3 shaper_sets=640
[ME] TX dump mark: sample=175200 rx_stage=10 tx_stage=55 mod=3
FLOW [proto@0x104c4949e] Rx - primary_channel_rx: baud_rate=0 high_carrier=1 carrier=1795.4Hz agc=0.00669 power=9 shaper_sets=640
FLOW [proto@0x104c4949e] Rx - primary_channel_rx: baud_rate=0 high_carrier=1 carrier=1795.4Hz agc=0.00669 power=12 shaper_sets=640
FLOW [proto@0x104c4949e] Rx - Phase 3 S baud 2000: mag=0.017 data_bits=2 alt=4/32 stable=0 dom=3:15/32 rev=0/32 counts=6,3,8,15
FLOW [proto@0x104c4949e] Rx - primary_channel_rx: baud_rate=0 high_carrier=1 carrier=1795.4Hz agc=0.00669 power=8 shaper_sets=640
[ME] RX dump mark: sample=175200 rx_stage=10 tx_stage=55 mod=3 guard_db=-6.0 guard_valid=1
FLOW [proto@0x104c4949e] Rx - primary_channel_rx: baud_rate=0 high_carrier=1 carrier=1795.4Hz agc=0.00669 power=13 shaper_sets=640
FLOW [proto@0x104c4949e] Rx - Phase 3 WAIT_S heartbeat: dur=2048 demod=0 event=0 j_bits=100094 trn_bits=94992 trn_hint=0/75%
FLOW [proto@0x104c4949e] Rx - Phase 3 Ja capture: emitted 100096 bits using hyp=0
FLOW [proto@0x104c4949e] Rx - primary_channel_rx: baud_rate=0 high_carrier=1 carrier=1795.4Hz agc=0.00669 power=3 shaper_sets=640
FLOW [proto@0x104c4949e] Rx - primary_channel_rx: baud_rate=0 high_carrier=1 carrier=1795.4Hz agc=0.00669 power=8 shaper_sets=640
FLOW [proto@0x104c4949e] Rx - primary_channel_rx: baud_rate=0 high_carrier=1 carrier=1795.4Hz agc=0.00669 power=0 shaper_sets=640
FLOW [proto@0x104c4949e] Rx - primary_channel_rx: baud_rate=0 high_carrier=1 carrier=1795.4Hz agc=0.00669 power=8 shaper_sets=640
FLOW [proto@0x104c4949e] Rx - primary_channel_rx: baud_rate=0 high_carrier=1 carrier=1795.4Hz agc=0.00669 power=5 shaper_sets=640
FLOW [proto@0x104c4949e] Rx - Phase 3 TRN: best hyp=15 ones=47639/95232 (50%)
FLOW [proto@0x104c4949e] Rx - Phase 3 Ja parser input: hyp0 len=100352 bits (stage=10, need ~16340 to parse)
FLOW [proto@0x104c4949e] Rx - Phase 3 Ja capture: emitted 100352 bits using hyp=0
FLOW [proto@0x104c4949e] Rx - primary_channel_rx: baud_rate=0 high_carrier=1 carrier=1795.4Hz agc=0.00669 power=5 shaper_sets=640
[ME] TX dump mark: sample=176000 rx_stage=10 tx_stage=55 mod=3
[ME] Training TX: RMS=0.0 (8000 samples)
FLOW [proto@0x104c4949e] Rx - primary_channel_rx: baud_rate=0 high_carrier=1 carrier=1795.4Hz agc=0.00669 power=24 shaper_sets=640
FLOW [proto@0x104c4949e] Rx - primary_channel_rx: baud_rate=0 high_carrier=1 carrier=1795.4Hz agc=0.00669 power=6 shaper_sets=640
FLOW [proto@0x104c4949e] Rx - primary_channel_rx: baud_rate=0 high_carrier=1 carrier=1795.4Hz agc=0.00669 power=12 shaper_sets=640
[ME] RX dump mark: sample=176000 rx_stage=10 tx_stage=55 mod=3 guard_db=-6.0 guard_valid=1
FLOW [proto@0x104c4949e] Rx - primary_channel_rx: baud_rate=0 high_carrier=1 carrier=1795.4Hz agc=0.00669 power=4 shaper_sets=640
FLOW [proto@0x104c4949e] Rx - Phase 3 WAIT_S heartbeat: dur=2304 demod=0 event=0 j_bits=100606 trn_bits=95504 trn_hint=0/75%
FLOW [proto@0x104c4949e] Rx - primary_channel_rx: baud_rate=0 high_carrier=1 carrier=1795.4Hz agc=0.00669 power=12 shaper_sets=640
FLOW [proto@0x104c4949e] Rx - Phase 3 Ja capture: emitted 100608 bits using hyp=0
FLOW [proto@0x104c4949e] Rx - primary_channel_rx: baud_rate=0 high_carrier=1 carrier=1795.4Hz agc=0.00669 power=11 shaper_sets=640
FLOW [proto@0x104c4949e] Rx - primary_channel_rx: baud_rate=0 high_carrier=1 carrier=1795.4Hz agc=0.00669 power=9 shaper_sets=640
FLOW [proto@0x104c4949e] Rx - primary_channel_rx: baud_rate=0 high_carrier=1 carrier=1795.4Hz agc=0.00669 power=2 shaper_sets=640
FLOW [proto@0x104c4949e] Rx - primary_channel_rx: baud_rate=0 high_carrier=1 carrier=1795.4Hz agc=0.00669 power=4 shaper_sets=640
FLOW [proto@0x104c4949e] Rx - Phase 3 TRN: best hyp=15 ones=47889/95744 (50%)
FLOW [proto@0x104c4949e] Rx - primary_channel_rx: baud_rate=0 high_carrier=1 carrier=1795.4Hz agc=0.00669 power=0 shaper_sets=640
FLOW [proto@0x104c4949e] Rx - Phase 3 Ja capture: emitted 100864 bits using hyp=0
[ME] TX dump mark: sample=176800 rx_stage=10 tx_stage=55 mod=3
FLOW [proto@0x104c4949e] Rx - primary_channel_rx: baud_rate=0 high_carrier=1 carrier=1795.4Hz agc=0.00669 power=4 shaper_sets=640
FLOW [proto@0x104c4949e] Rx - primary_channel_rx: baud_rate=0 high_carrier=1 carrier=1795.4Hz agc=0.00669 power=0 shaper_sets=640
FLOW [proto@0x104c4949e] Rx - primary_channel_rx: baud_rate=0 high_carrier=1 carrier=1795.4Hz agc=0.00669 power=0 shaper_sets=640
[ME] RX dump mark: sample=176800 rx_stage=10 tx_stage=55 mod=3 guard_db=-6.0 guard_valid=1
FLOW [proto@0x104c4949e] Rx - primary_channel_rx: baud_rate=0 high_carrier=1 carrier=1795.4Hz agc=0.00669 power=12 shaper_sets=640
FLOW [proto@0x104c4949e] Rx - primary_channel_rx: baud_rate=0 high_carrier=1 carrier=1795.4Hz agc=0.00669 power=4 shaper_sets=640
FLOW [proto@0x104c4949e] Rx - Phase 3 WAIT_S heartbeat: dur=2560 demod=0 event=0 j_bits=101118 trn_bits=96016 trn_hint=0/75%
FLOW [proto@0x104c4949e] Rx - Phase 3 Ja capture: emitted 101120 bits using hyp=0
FLOW [proto@0x104c4949e] Rx - primary_channel_rx: baud_rate=0 high_carrier=1 carrier=1795.4Hz agc=0.00669 power=0 shaper_sets=640
FLOW [proto@0x104c4949e] Rx - primary_channel_rx: baud_rate=0 high_carrier=1 carrier=1795.4Hz agc=0.00669 power=1 shaper_sets=640
FLOW [proto@0x104c4949e] Rx - primary_channel_rx: baud_rate=0 high_carrier=1 carrier=1795.4Hz agc=0.00669 power=3 shaper_sets=640
FLOW [proto@0x104c4949e] Rx - primary_channel_rx: baud_rate=0 high_carrier=1 carrier=1795.4Hz agc=0.00669 power=18 shaper_sets=640
FLOW [proto@0x104c4949e] Rx - primary_channel_rx: baud_rate=0 high_carrier=1 carrier=1795.4Hz agc=0.00669 power=0 shaper_sets=640
FLOW [proto@0x104c4949e] Rx - Phase 3 TRN: best hyp=19 ones=48153/96256 (50%)
[ME] TX dump mark: sample=177600 rx_stage=10 tx_stage=55 mod=3
FLOW [proto@0x104c4949e] Rx - primary_channel_rx: baud_rate=0 high_carrier=1 carrier=1795.4Hz agc=0.00669 power=10 shaper_sets=640
FLOW [proto@0x104c4949e] Rx - Phase 3 Ja capture: emitted 101376 bits using hyp=0
FLOW [proto@0x104c4949e] Rx - primary_channel_rx: baud_rate=0 high_carrier=1 carrier=1795.4Hz agc=0.00669 power=9 shaper_sets=640
FLOW [proto@0x104c4949e] Rx - primary_channel_rx: baud_rate=0 high_carrier=1 carrier=1795.4Hz agc=0.00669 power=7 shaper_sets=640
[ME] RX dump mark: sample=177600 rx_stage=10 tx_stage=55 mod=3 guard_db=-6.0 guard_valid=1
FLOW [proto@0x104c4949e] Rx - primary_channel_rx: baud_rate=0 high_carrier=1 carrier=1795.4Hz agc=0.00669 power=3 shaper_sets=640
FLOW [proto@0x104c4949e] Rx - primary_channel_rx: baud_rate=0 high_carrier=1 carrier=1795.4Hz agc=0.00669 power=10 shaper_sets=640
FLOW [proto@0x104c4949e] Rx - primary_channel_rx: baud_rate=0 high_carrier=1 carrier=1795.4Hz agc=0.00669 power=0 shaper_sets=640
FLOW [proto@0x104c4949e] Rx - Phase 3 WAIT_S heartbeat: dur=2816 demod=0 event=0 j_bits=101630 trn_bits=96528 trn_hint=0/75%
FLOW [proto@0x104c4949e] Rx - Phase 3 Ja capture: emitted 101632 bits using hyp=0
FLOW [proto@0x104c4949e] Rx - primary_channel_rx: baud_rate=0 high_carrier=1 carrier=1795.4Hz agc=0.00669 power=3 shaper_sets=640
FLOW [proto@0x104c4949e] Rx - primary_channel_rx: baud_rate=0 high_carrier=1 carrier=1795.4Hz agc=0.00669 power=15 shaper_sets=640
FLOW [proto@0x104c4949e] Rx - primary_channel_rx: baud_rate=0 high_carrier=1 carrier=1795.4Hz agc=0.00669 power=10 shaper_sets=640
FLOW [proto@0x104c4949e] Rx - primary_channel_rx: baud_rate=0 high_carrier=1 carrier=1795.4Hz agc=0.00669 power=14 shaper_sets=640
[ME] TX dump mark: sample=178400 rx_stage=10 tx_stage=55 mod=3
FLOW [proto@0x104c4949e] Rx - primary_channel_rx: baud_rate=0 high_carrier=1 carrier=1795.4Hz agc=0.00669 power=12 shaper_sets=640
FLOW [proto@0x104c4949e] Rx - Phase 3 TRN: best hyp=19 ones=48413/96768 (50%)
FLOW [proto@0x104c4949e] Rx - Phase 3 Ja capture: emitted 101888 bits using hyp=0
FLOW [proto@0x104c4949e] Rx - primary_channel_rx: baud_rate=0 high_carrier=1 carrier=1795.4Hz agc=0.00669 power=5 shaper_sets=640
FLOW [proto@0x104c4949e] Rx - primary_channel_rx: baud_rate=0 high_carrier=1 carrier=1795.4Hz agc=0.00669 power=6 shaper_sets=640
FLOW [proto@0x104c4949e] Rx - Phase 3 S baud 3000: mag=0.012 data_bits=3 alt=10/32 stable=0 dom=2:10/32 rev=0/32 counts=7,6,10,9
[ME] RX dump mark: sample=178400 rx_stage=10 tx_stage=55 mod=3 guard_db=-6.0 guard_valid=1
FLOW [proto@0x104c4949e] Rx - primary_channel_rx: baud_rate=0 high_carrier=1 carrier=1795.4Hz agc=0.00669 power=4 shaper_sets=640
FLOW [proto@0x104c4949e] Rx - primary_channel_rx: baud_rate=0 high_carrier=1 carrier=1795.4Hz agc=0.00669 power=0 shaper_sets=640
FLOW [proto@0x104c4949e] Rx - primary_channel_rx: baud_rate=0 high_carrier=1 carrier=1795.4Hz agc=0.00669 power=9 shaper_sets=640
FLOW [proto@0x104c4949e] Rx - Phase 3 WAIT_S heartbeat: dur=3072 demod=0 event=0 j_bits=102142 trn_bits=97040 trn_hint=0/75%
FLOW [proto@0x104c4949e] Rx - primary_channel_rx: baud_rate=0 high_carrier=1 carrier=1795.4Hz agc=0.00669 power=10 shaper_sets=640
FLOW [proto@0x104c4949e] Rx - Phase 3 Ja capture: emitted 102144 bits using hyp=0
FLOW [proto@0x104c4949e] Rx - primary_channel_rx: baud_rate=0 high_carrier=1 carrier=1795.4Hz agc=0.00669 power=12 shaper_sets=640
FLOW [proto@0x104c4949e] Rx - primary_channel_rx: baud_rate=0 high_carrier=1 carrier=1795.4Hz agc=0.00669 power=2 shaper_sets=640
FLOW [proto@0x104c4949e] Rx - primary_channel_rx: baud_rate=0 high_carrier=1 carrier=1795.4Hz agc=0.00669 power=0 shaper_sets=640
[ME] TX dump mark: sample=179200 rx_stage=10 tx_stage=55 mod=3
FLOW [proto@0x104c4949e] Rx - primary_channel_rx: baud_rate=0 high_carrier=1 carrier=1795.4Hz agc=0.00669 power=7 shaper_sets=640
FLOW [proto@0x104c4949e] Rx - Phase 3 TRN: best hyp=15 ones=48674/97280 (50%)
FLOW [proto@0x104c4949e] Rx - primary_channel_rx: baud_rate=0 high_carrier=1 carrier=1795.4Hz agc=0.00669 power=0 shaper_sets=640
FLOW [proto@0x104c4949e] Rx - Phase 3 Ja parser input: hyp0 len=102400 bits (stage=10, need ~16340 to parse)
FLOW [proto@0x104c4949e] Rx - Phase 3 Ja capture: emitted 102400 bits using hyp=0
FLOW [proto@0x104c4949e] Rx - primary_channel_rx: baud_rate=0 high_carrier=1 carrier=1795.4Hz agc=0.00669 power=15 shaper_sets=640
[ME] RX dump mark: sample=179200 rx_stage=10 tx_stage=55 mod=3 guard_db=-6.0 guard_valid=1
FLOW [proto@0x104c4949e] Rx - primary_channel_rx: baud_rate=0 high_carrier=1 carrier=1795.4Hz agc=0.00669 power=6 shaper_sets=640
FLOW [proto@0x104c4949e] Rx - primary_channel_rx: baud_rate=0 high_carrier=1 carrier=1795.4Hz agc=0.00669 power=0 shaper_sets=640
FLOW [proto@0x104c4949e] Rx - primary_channel_rx: baud_rate=0 high_carrier=1 carrier=1795.4Hz agc=0.00669 power=4 shaper_sets=640
FLOW [proto@0x104c4949e] Rx - primary_channel_rx: baud_rate=0 high_carrier=1 carrier=1795.4Hz agc=0.00669 power=0 shaper_sets=640
FLOW [proto@0x104c4949e] Rx - Phase 3 WAIT_S heartbeat: dur=3328 demod=0 event=0 j_bits=102654 trn_bits=97552 trn_hint=0/75%
FLOW [proto@0x104c4949e] Rx - Phase 3 Ja capture: emitted 102656 bits using hyp=0
FLOW [proto@0x104c4949e] Rx - primary_channel_rx: baud_rate=0 high_carrier=1 carrier=1795.4Hz agc=0.00669 power=0 shaper_sets=640
FLOW [proto@0x104c4949e] Rx - primary_channel_rx: baud_rate=0 high_carrier=1 carrier=1795.4Hz agc=0.00669 power=11 shaper_sets=640
FLOW [proto@0x104c4949e] Rx - primary_channel_rx: baud_rate=0 high_carrier=1 carrier=1795.4Hz agc=0.00669 power=4 shaper_sets=640
[ME] TX dump mark: sample=180000 rx_stage=10 tx_stage=55 mod=3
FLOW [proto@0x104c4949e] Rx - primary_channel_rx: baud_rate=0 high_carrier=1 carrier=1795.4Hz agc=0.00669 power=3 shaper_sets=640
FLOW [proto@0x104c4949e] Rx - primary_channel_rx: baud_rate=0 high_carrier=1 carrier=1795.4Hz agc=0.00669 power=0 shaper_sets=640
FLOW [proto@0x104c4949e] Rx - Phase 3 TRN: best hyp=15 ones=48939/97792 (50%)
FLOW [proto@0x104c4949e] Rx - primary_channel_rx: baud_rate=0 high_carrier=1 carrier=1795.4Hz agc=0.00669 power=13 shaper_sets=640
FLOW [proto@0x104c4949e] Rx - Phase 3 Ja capture: emitted 102912 bits using hyp=0
[ME] RX dump mark: sample=180000 rx_stage=10 tx_stage=55 mod=3 guard_db=-6.0 guard_valid=1
FLOW [proto@0x104c4949e] Rx - primary_channel_rx: baud_rate=0 high_carrier=1 carrier=1795.4Hz agc=0.00669 power=21 shaper_sets=640
FLOW [proto@0x104c4949e] Rx - primary_channel_rx: baud_rate=0 high_carrier=1 carrier=1795.4Hz agc=0.00669 power=15 shaper_sets=640
FLOW [proto@0x104c4949e] Rx - primary_channel_rx: baud_rate=0 high_carrier=1 carrier=1795.4Hz agc=0.00669 power=0 shaper_sets=640
FLOW [proto@0x104c4949e] Rx - primary_channel_rx: baud_rate=0 high_carrier=1 carrier=1795.4Hz agc=0.00669 power=2 shaper_sets=640
FLOW [proto@0x104c4949e] Rx - primary_channel_rx: baud_rate=0 high_carrier=1 carrier=1795.4Hz agc=0.00669 power=11 shaper_sets=640
FLOW [proto@0x104c4949e] Rx - Phase 3 WAIT_S heartbeat: dur=3584 demod=0 event=0 j_bits=103166 trn_bits=98064 trn_hint=0/75%
FLOW [proto@0x104c4949e] Rx - Phase 3 Ja capture: emitted 103168 bits using hyp=0
FLOW [proto@0x104c4949e] Rx - primary_channel_rx: baud_rate=0 high_carrier=1 carrier=1795.4Hz agc=0.00669 power=7 shaper_sets=640
FLOW [proto@0x104c4949e] Rx - primary_channel_rx: baud_rate=0 high_carrier=1 carrier=1795.4Hz agc=0.00669 power=0 shaper_sets=640
[ME] TX dump mark: sample=180800 rx_stage=10 tx_stage=55 mod=3
FLOW [proto@0x104c4949e] Rx - primary_channel_rx: baud_rate=0 high_carrier=1 carrier=1795.4Hz agc=0.00669 power=10 shaper_sets=640
FLOW [proto@0x104c4949e] Rx - primary_channel_rx: baud_rate=0 high_carrier=1 carrier=1795.4Hz agc=0.00669 power=16 shaper_sets=640
FLOW [proto@0x104c4949e] Rx - primary_channel_rx: baud_rate=0 high_carrier=1 carrier=1795.4Hz agc=0.00669 power=6 shaper_sets=640
FLOW [proto@0x104c4949e] Rx - Phase 3 TRN: best hyp=19 ones=49192/98304 (50%)
FLOW [proto@0x104c4949e] Rx - Phase 3 Ja capture: emitted 103424 bits using hyp=0
[ME] RX dump mark: sample=180800 rx_stage=10 tx_stage=55 mod=3 guard_db=-6.0 guard_valid=1
FLOW [proto@0x104c4949e] Rx - primary_channel_rx: baud_rate=0 high_carrier=1 carrier=1795.4Hz agc=0.00669 power=0 shaper_sets=640
FLOW [proto@0x104c4949e] Rx - primary_channel_rx: baud_rate=0 high_carrier=1 carrier=1795.4Hz agc=0.00669 power=3 shaper_sets=640
FLOW [proto@0x104c4949e] Rx - primary_channel_rx: baud_rate=0 high_carrier=1 carrier=1795.4Hz agc=0.00669 power=0 shaper_sets=640
FLOW [proto@0x104c4949e] Rx - primary_channel_rx: baud_rate=0 high_carrier=1 carrier=1795.4Hz agc=0.00669 power=2 shaper_sets=640
FLOW [proto@0x104c4949e] Rx - primary_channel_rx: baud_rate=0 high_carrier=1 carrier=1795.4Hz agc=0.00669 power=5 shaper_sets=640
FLOW [proto@0x104c4949e] Rx - Phase 3 WAIT_S heartbeat: dur=3840 demod=0 event=0 j_bits=103678 trn_bits=98576 trn_hint=0/75%
FLOW [proto@0x104c4949e] Rx - primary_channel_rx: baud_rate=0 high_carrier=1 carrier=1795.4Hz agc=0.00669 power=5 shaper_sets=640
FLOW [proto@0x104c4949e] Rx - Phase 3 Ja capture: emitted 103680 bits using hyp=0
FLOW [proto@0x104c4949e] Rx - primary_channel_rx: baud_rate=0 high_carrier=1 carrier=1795.4Hz agc=0.00669 power=3 shaper_sets=640
[ME] TX dump mark: sample=181600 rx_stage=10 tx_stage=55 mod=3
FLOW [proto@0x104c4949e] Rx - primary_channel_rx: baud_rate=0 high_carrier=1 carrier=1795.4Hz agc=0.00669 power=9 shaper_sets=640
FLOW [proto@0x104c4949e] Rx - primary_channel_rx: baud_rate=0 high_carrier=1 carrier=1795.4Hz agc=0.00669 power=0 shaper_sets=640
[ME] TX path: state=3 mod=3 fax_active=0 v34=0x700020000 v22bis=0x0
FLOW [proto@0x104c4949e] Rx - primary_channel_rx: baud_rate=0 high_carrier=1 carrier=1795.4Hz agc=0.00669 power=0 shaper_sets=640
FLOW [proto@0x104c4949e] Rx - Phase 3 TRN: best hyp=19 ones=49455/98816 (50%)
[ME] RX dump mark: sample=181600 rx_stage=10 tx_stage=55 mod=3 guard_db=-6.0 guard_valid=1
FLOW [proto@0x104c4949e] Rx - primary_channel_rx: baud_rate=0 high_carrier=1 carrier=1795.4Hz agc=0.00669 power=5 shaper_sets=640
FLOW [proto@0x104c4949e] Rx - Phase 3 Ja capture: emitted 103936 bits using hyp=0
FLOW [proto@0x104c4949e] Rx - primary_channel_rx: baud_rate=0 high_carrier=1 carrier=1795.4Hz agc=0.00669 power=8 shaper_sets=640
FLOW [proto@0x104c4949e] Rx - Phase 3 S baud 4000: mag=0.003 data_bits=3 alt=5/32 stable=0 dom=3:15/32 rev=0/32 counts=6,5,6,15
FLOW [proto@0x104c4949e] Rx - primary_channel_rx: baud_rate=0 high_carrier=1 carrier=1795.4Hz agc=0.00669 power=1 shaper_sets=640
FLOW [proto@0x104c4949e] Rx - primary_channel_rx: baud_rate=0 high_carrier=1 carrier=1795.4Hz agc=0.00669 power=11 shaper_sets=640
FLOW [proto@0x104c4949e] Rx - primary_channel_rx: baud_rate=0 high_carrier=1 carrier=1795.4Hz agc=0.00669 power=0 shaper_sets=640
FLOW [proto@0x104c4949e] Rx - primary_channel_rx: baud_rate=0 high_carrier=1 carrier=1795.4Hz agc=0.00669 power=13 shaper_sets=640
FLOW [proto@0x104c4949e] Rx - Phase 3 WAIT_S heartbeat: dur=4096 demod=0 event=0 j_bits=104190 trn_bits=99088 trn_hint=0/75%
FLOW [proto@0x104c4949e] Rx - Phase 3 Ja capture: emitted 104192 bits using hyp=0
FLOW [proto@0x104c4949e] Rx - primary_channel_rx: baud_rate=0 high_carrier=1 carrier=1795.4Hz agc=0.00669 power=4 shaper_sets=640
[ME] TX dump mark: sample=182400 rx_stage=10 tx_stage=55 mod=3
FLOW [proto@0x104c4949e] Rx - primary_channel_rx: baud_rate=0 high_carrier=1 carrier=1795.4Hz agc=0.00669 power=10 shaper_sets=640
FLOW [proto@0x104c4949e] Rx - primary_channel_rx: baud_rate=0 high_carrier=1 carrier=1795.4Hz agc=0.00669 power=0 shaper_sets=640
FLOW [proto@0x104c4949e] Rx - primary_channel_rx: baud_rate=0 high_carrier=1 carrier=1795.4Hz agc=0.00669 power=7 shaper_sets=640
[ME] RX dump mark: sample=182400 rx_stage=10 tx_stage=55 mod=3 guard_db=-6.0 guard_valid=1
FLOW [proto@0x104c4949e] Rx - primary_channel_rx: baud_rate=0 high_carrier=1 carrier=1795.4Hz agc=0.00669 power=14 shaper_sets=640
FLOW [proto@0x104c4949e] Rx - Phase 3 TRN: best hyp=18 ones=49719/99328 (50%)
FLOW [proto@0x104c4949e] Rx - primary_channel_rx: baud_rate=0 high_carrier=1 carrier=1795.4Hz agc=0.00669 power=13 shaper_sets=640
FLOW [proto@0x104c4949e] Rx - Phase 3 Ja parser input: hyp0 len=104448 bits (stage=10, need ~16340 to parse)
FLOW [proto@0x104c4949e] Rx - Phase 3 Ja capture: emitted 104448 bits using hyp=0
FLOW [proto@0x104c4949e] Rx - primary_channel_rx: baud_rate=0 high_carrier=1 carrier=1795.4Hz agc=0.00669 power=10 shaper_sets=640
FLOW [proto@0x104c4949e] Rx - primary_channel_rx: baud_rate=0 high_carrier=1 carrier=1795.4Hz agc=0.00669 power=7 shaper_sets=640
FLOW [proto@0x104c4949e] Rx - primary_channel_rx: baud_rate=0 high_carrier=1 carrier=1795.4Hz agc=0.00669 power=2 shaper_sets=640
FLOW [proto@0x104c4949e] Rx - primary_channel_rx: baud_rate=0 high_carrier=1 carrier=1795.4Hz agc=0.00669 power=8 shaper_sets=640
FLOW [proto@0x104c4949e] Rx - primary_channel_rx: baud_rate=0 high_carrier=1 carrier=1795.4Hz agc=0.00669 power=3 shaper_sets=640
FLOW [proto@0x104c4949e] Rx - Phase 3 WAIT_S heartbeat: dur=4352 demod=0 event=0 j_bits=104702 trn_bits=99600 trn_hint=0/75%
FLOW [proto@0x104c4949e] Rx - Phase 3 Ja capture: emitted 104704 bits using hyp=0
[ME] TX dump mark: sample=183200 rx_stage=10 tx_stage=55 mod=3
FLOW [proto@0x104c4949e] Rx - primary_channel_rx: baud_rate=0 high_carrier=1 carrier=1795.4Hz agc=0.00669 power=11 shaper_sets=640
FLOW [proto@0x104c4949e] Rx - primary_channel_rx: baud_rate=0 high_carrier=1 carrier=1795.4Hz agc=0.00669 power=2 shaper_sets=640
FLOW [proto@0x104c4949e] Rx - primary_channel_rx: baud_rate=0 high_carrier=1 carrier=1795.4Hz agc=0.00669 power=3 shaper_sets=640
[ME] RX dump mark: sample=183200 rx_stage=10 tx_stage=55 mod=3 guard_db=-6.0 guard_valid=1
FLOW [proto@0x104c4949e] Rx - primary_channel_rx: baud_rate=0 high_carrier=1 carrier=1795.4Hz agc=0.00669 power=0 shaper_sets=640
FLOW [proto@0x104c4949e] Rx - primary_channel_rx: baud_rate=0 high_carrier=1 carrier=1795.4Hz agc=0.00669 power=0 shaper_sets=640
FLOW [proto@0x104c4949e] Rx - Phase 3 TRN: best hyp=18 ones=49985/99840 (50%)
FLOW [proto@0x104c4949e] Rx - Phase 3 Ja capture: emitted 104960 bits using hyp=0
FLOW [proto@0x104c4949e] Rx - primary_channel_rx: baud_rate=0 high_carrier=1 carrier=1795.4Hz agc=0.00669 power=5 shaper_sets=640
FLOW [proto@0x104c4949e] Rx - primary_channel_rx: baud_rate=0 high_carrier=1 carrier=1795.4Hz agc=0.00669 power=7 shaper_sets=640
FLOW [proto@0x104c4949e] Rx - primary_channel_rx: baud_rate=0 high_carrier=1 carrier=1795.4Hz agc=0.00669 power=0 shaper_sets=640
FLOW [proto@0x104c4949e] Rx - primary_channel_rx: baud_rate=0 high_carrier=1 carrier=1795.4Hz agc=0.00669 power=9 shaper_sets=640
FLOW [proto@0x104c4949e] Rx - primary_channel_rx: baud_rate=0 high_carrier=1 carrier=1795.4Hz agc=0.00669 power=10 shaper_sets=640
FLOW [proto@0x104c4949e] Rx - Phase 3 WAIT_S heartbeat: dur=4608 demod=0 event=0 j_bits=105214 trn_bits=100112 trn_hint=0/75%
[ME] TX dump mark: sample=184000 rx_stage=10 tx_stage=55 mod=3
[ME] Training TX: RMS=0.0 (8000 samples)
FLOW [proto@0x104c4949e] Rx - primary_channel_rx: baud_rate=0 high_carrier=1 carrier=1795.4Hz agc=0.00669 power=0 shaper_sets=640
FLOW [proto@0x104c4949e] Rx - Phase 3 Ja capture: emitted 105216 bits using hyp=0
FLOW [proto@0x104c4949e] Rx - primary_channel_rx: baud_rate=0 high_carrier=1 carrier=1795.4Hz agc=0.00669 power=10 shaper_sets=640
[ME] Training rx: RMS=3.7 (8000 samples)
FLOW [proto@0x104c4949e] Rx - primary_channel_rx: baud_rate=0 high_carrier=1 carrier=1795.4Hz agc=0.00669 power=6 shaper_sets=640
[ME] RX dump mark: sample=184000 rx_stage=10 tx_stage=55 mod=3 guard_db=-6.0 guard_valid=1
FLOW [proto@0x104c4949e] Rx - primary_channel_rx: baud_rate=0 high_carrier=1 carrier=1795.4Hz agc=0.00669 power=0 shaper_sets=640
FLOW [proto@0x104c4949e] Rx - primary_channel_rx: baud_rate=0 high_carrier=1 carrier=1795.4Hz agc=0.00669 power=2 shaper_sets=640
FLOW [proto@0x104c4949e] Rx - Phase 3 TRN: best hyp=18 ones=50243/100352 (50%)
FLOW [proto@0x104c4949e] Rx - primary_channel_rx: baud_rate=0 high_carrier=1 carrier=1795.4Hz agc=0.00669 power=0 shaper_sets=640
FLOW [proto@0x104c4949e] Rx - Phase 3 Ja capture: emitted 105472 bits using hyp=0
FLOW [proto@0x104c4949e] Rx - primary_channel_rx: baud_rate=0 high_carrier=1 carrier=1795.4Hz agc=0.00669 power=10 shaper_sets=640
FLOW [proto@0x104c4949e] Rx - primary_channel_rx: baud_rate=0 high_carrier=1 carrier=1795.4Hz agc=0.00669 power=0 shaper_sets=640
FLOW [proto@0x104c4949e] Rx - primary_channel_rx: baud_rate=0 high_carrier=1 carrier=1795.4Hz agc=0.00669 power=20 shaper_sets=640
FLOW [proto@0x104c4949e] Rx - primary_channel_rx: baud_rate=0 high_carrier=1 carrier=1795.4Hz agc=0.00669 power=3 shaper_sets=640
[ME] TX dump mark: sample=184800 rx_stage=10 tx_stage=55 mod=3
FLOW [proto@0x104c4949e] Rx - primary_channel_rx: baud_rate=0 high_carrier=1 carrier=1795.4Hz agc=0.00669 power=0 shaper_sets=640
FLOW [proto@0x104c4949e] Rx - Phase 3 WAIT_S heartbeat: dur=4864 demod=0 event=0 j_bits=105726 trn_bits=100624 trn_hint=0/75%
FLOW [proto@0x104c4949e] Rx - Phase 3 Ja capture: emitted 105728 bits using hyp=0
FLOW [proto@0x104c4949e] Rx - primary_channel_rx: baud_rate=0 high_carrier=1 carrier=1795.4Hz agc=0.00669 power=11 shaper_sets=640
FLOW [proto@0x104c4949e] Rx - primary_channel_rx: baud_rate=0 high_carrier=1 carrier=1795.4Hz agc=0.00669 power=0 shaper_sets=640
[ME] RX dump mark: sample=184800 rx_stage=10 tx_stage=55 mod=3 guard_db=-6.0 guard_valid=1
FLOW [proto@0x104c4949e] Rx - primary_channel_rx: baud_rate=0 high_carrier=1 carrier=1795.4Hz agc=0.00669 power=18 shaper_sets=640
FLOW [proto@0x104c4949e] Rx - primary_channel_rx: baud_rate=0 high_carrier=1 carrier=1795.4Hz agc=0.00669 power=12 shaper_sets=640
FLOW [proto@0x104c4949e] Rx - primary_channel_rx: baud_rate=0 high_carrier=1 carrier=1795.4Hz agc=0.00669 power=13 shaper_sets=640
FLOW [proto@0x104c4949e] Rx - Phase 3 TRN: best hyp=18 ones=50502/100864 (50%)
FLOW [proto@0x104c4949e] Rx - primary_channel_rx: baud_rate=0 high_carrier=1 carrier=1795.4Hz agc=0.00669 power=4 shaper_sets=640
FLOW [proto@0x104c4949e] Rx - Phase 3 Ja capture: emitted 105984 bits using hyp=0
FLOW [proto@0x104c4949e] Rx - Phase 3 S baud 5000: mag=0.005 data_bits=3 alt=5/32 stable=0 dom=2:10/32 rev=0/32 counts=6,6,10,10
FLOW [proto@0x104c4949e] Rx - primary_channel_rx: baud_rate=0 high_carrier=1 carrier=1795.4Hz agc=0.00669 power=7 shaper_sets=640
FLOW [proto@0x104c4949e] Rx - primary_channel_rx: baud_rate=0 high_carrier=1 carrier=1795.4Hz agc=0.00669 power=0 shaper_sets=640
FLOW [proto@0x104c4949e] Rx - primary_channel_rx: baud_rate=0 high_carrier=1 carrier=1795.4Hz agc=0.00669 power=14 shaper_sets=640
[ME] TX dump mark: sample=185600 rx_stage=10 tx_stage=55 mod=3
FLOW [proto@0x104c4949e] Rx - primary_channel_rx: baud_rate=0 high_carrier=1 carrier=1795.4Hz agc=0.00669 power=9 shaper_sets=640
FLOW [proto@0x104c4949e] Rx - primary_channel_rx: baud_rate=0 high_carrier=1 carrier=1795.4Hz agc=0.00669 power=0 shaper_sets=640
FLOW [proto@0x104c4949e] Rx - Phase 3 WAIT_S heartbeat: dur=5120 demod=0 event=0 j_bits=106238 trn_bits=101136 trn_hint=0/75%
FLOW [proto@0x104c4949e] Rx - Phase 3 Ja capture: emitted 106240 bits using hyp=0
FLOW [proto@0x104c4949e] Rx - primary_channel_rx: baud_rate=0 high_carrier=1 carrier=1795.4Hz agc=0.00669 power=4 shaper_sets=640
[ME] RX dump mark: sample=185600 rx_stage=10 tx_stage=55 mod=3 guard_db=-6.0 guard_valid=1
FLOW [proto@0x104c4949e] Rx - primary_channel_rx: baud_rate=0 high_carrier=1 carrier=1795.4Hz agc=0.00669 power=6 shaper_sets=640
FLOW [proto@0x104c4949e] Rx - primary_channel_rx: baud_rate=0 high_carrier=1 carrier=1795.4Hz agc=0.00669 power=32 shaper_sets=640
FLOW [proto@0x104c4949e] Rx - primary_channel_rx: baud_rate=0 high_carrier=1 carrier=1795.4Hz agc=0.00669 power=2 shaper_sets=640
FLOW [proto@0x104c4949e] Rx - primary_channel_rx: baud_rate=0 high_carrier=1 carrier=1795.4Hz agc=0.00669 power=5 shaper_sets=640
FLOW [proto@0x104c4949e] Rx - Phase 3 TRN: best hyp=18 ones=50736/101376 (50%)
FLOW [proto@0x104c4949e] Rx - Phase 3 Ja parser input: hyp0 len=106496 bits (stage=10, need ~16340 to parse)
FLOW [proto@0x104c4949e] Rx - Phase 3 Ja capture: emitted 106496 bits using hyp=0
FLOW [proto@0x104c4949e] Rx - primary_channel_rx: baud_rate=0 high_carrier=1 carrier=1795.4Hz agc=0.00669 power=9 shaper_sets=640
FLOW [proto@0x104c4949e] Rx - primary_channel_rx: baud_rate=0 high_carrier=1 carrier=1795.4Hz agc=0.00669 power=12 shaper_sets=640
FLOW [proto@0x104c4949e] Rx - primary_channel_rx: baud_rate=0 high_carrier=1 carrier=1795.4Hz agc=0.00669 power=0 shaper_sets=640
[ME] TX dump mark: sample=186400 rx_stage=10 tx_stage=55 mod=3
FLOW [proto@0x104c4949e] Rx - primary_channel_rx: baud_rate=0 high_carrier=1 carrier=1795.4Hz agc=0.00669 power=9 shaper_sets=640
FLOW [proto@0x104c4949e] Rx - primary_channel_rx: baud_rate=0 high_carrier=1 carrier=1795.4Hz agc=0.00669 power=7 shaper_sets=640
FLOW [proto@0x104c4949e] Rx - Phase 3 WAIT_S heartbeat: dur=5376 demod=0 event=0 j_bits=106750 trn_bits=101648 trn_hint=0/75%
FLOW [proto@0x104c4949e] Rx - primary_channel_rx: baud_rate=0 high_carrier=1 carrier=1795.4Hz agc=0.00669 power=0 shaper_sets=640
FLOW [proto@0x104c4949e] Rx - Phase 3 Ja capture: emitted 106752 bits using hyp=0
[ME] RX dump mark: sample=186400 rx_stage=10 tx_stage=55 mod=3 guard_db=-6.0 guard_valid=1
FLOW [proto@0x104c4949e] Rx - primary_channel_rx: baud_rate=0 high_carrier=1 carrier=1795.4Hz agc=0.00669 power=8 shaper_sets=640
FLOW [proto@0x104c4949e] Rx - primary_channel_rx: baud_rate=0 high_carrier=1 carrier=1795.4Hz agc=0.00669 power=15 shaper_sets=640
FLOW [proto@0x104c4949e] Rx - primary_channel_rx: baud_rate=0 high_carrier=1 carrier=1795.4Hz agc=0.00669 power=22 shaper_sets=640
FLOW [proto@0x104c4949e] Rx - primary_channel_rx: baud_rate=0 high_carrier=1 carrier=1795.4Hz agc=0.00669 power=1 shaper_sets=640
FLOW [proto@0x104c4949e] Rx - Phase 3 TRN: best hyp=18 ones=50990/101888 (50%)
FLOW [proto@0x104c4949e] Rx - primary_channel_rx: baud_rate=0 high_carrier=1 carrier=1795.4Hz agc=0.00669 power=13 shaper_sets=640
FLOW [proto@0x104c4949e] Rx - Phase 3 Ja capture: emitted 107008 bits using hyp=0
FLOW [proto@0x104c4949e] Rx - primary_channel_rx: baud_rate=0 high_carrier=1 carrier=1795.4Hz agc=0.00669 power=5 shaper_sets=640
FLOW [proto@0x104c4949e] Rx - primary_channel_rx: baud_rate=0 high_carrier=1 carrier=1795.4Hz agc=0.00669 power=0 shaper_sets=640
[ME] TX dump mark: sample=187200 rx_stage=10 tx_stage=55 mod=3
FLOW [proto@0x104c4949e] Rx - primary_channel_rx: baud_rate=0 high_carrier=1 carrier=1795.4Hz agc=0.00669 power=17 shaper_sets=640
FLOW [proto@0x104c4949e] Rx - primary_channel_rx: baud_rate=0 high_carrier=1 carrier=1795.4Hz agc=0.00669 power=8 shaper_sets=640
FLOW [proto@0x104c4949e] Rx - primary_channel_rx: baud_rate=0 high_carrier=1 carrier=1795.4Hz agc=0.00669 power=5 shaper_sets=640
FLOW [proto@0x104c4949e] Rx - Phase 3 WAIT_S heartbeat: dur=5632 demod=0 event=0 j_bits=107262 trn_bits=102160 trn_hint=0/75%
FLOW [proto@0x104c4949e] Rx - Phase 3 Ja capture: emitted 107264 bits using hyp=0
[ME] RX dump mark: sample=187200 rx_stage=10 tx_stage=55 mod=3 guard_db=-6.0 guard_valid=1
FLOW [proto@0x104c4949e] Rx - primary_channel_rx: baud_rate=0 high_carrier=1 carrier=1795.4Hz agc=0.00669 power=11 shaper_sets=640
FLOW [proto@0x104c4949e] Rx - primary_channel_rx: baud_rate=0 high_carrier=1 carrier=1795.4Hz agc=0.00669 power=14 shaper_sets=640
FLOW [proto@0x104c4949e] Rx - primary_channel_rx: baud_rate=0 high_carrier=1 carrier=1795.4Hz agc=0.00669 power=3 shaper_sets=640
FLOW [proto@0x104c4949e] Rx - primary_channel_rx: baud_rate=0 high_carrier=1 carrier=1795.4Hz agc=0.00669 power=12 shaper_sets=640
FLOW [proto@0x104c4949e] Rx - primary_channel_rx: baud_rate=0 high_carrier=1 carrier=1795.4Hz agc=0.00669 power=6 shaper_sets=640
FLOW [proto@0x104c4949e] Rx - Phase 3 TRN: best hyp=18 ones=51262/102400 (50%)
FLOW [proto@0x104c4949e] Rx - primary_channel_rx: baud_rate=0 high_carrier=1 carrier=1795.4Hz agc=0.00669 power=12 shaper_sets=640
FLOW [proto@0x104c4949e] Rx - Phase 3 Ja capture: emitted 107520 bits using hyp=0
FLOW [proto@0x104c4949e] Rx - primary_channel_rx: baud_rate=0 high_carrier=1 carrier=1795.4Hz agc=0.00669 power=12 shaper_sets=640
[ME] TX dump mark: sample=188000 rx_stage=10 tx_stage=55 mod=3
FLOW [proto@0x104c4949e] Rx - primary_channel_rx: baud_rate=0 high_carrier=1 carrier=1795.4Hz agc=0.00669 power=8 shaper_sets=640
FLOW [proto@0x104c4949e] Rx - primary_channel_rx: baud_rate=0 high_carrier=1 carrier=1795.4Hz agc=0.00669 power=0 shaper_sets=640
FLOW [proto@0x104c4949e] Rx - primary_channel_rx: baud_rate=0 high_carrier=1 carrier=1795.4Hz agc=0.00669 power=19 shaper_sets=640
[ME] RX dump mark: sample=188000 rx_stage=10 tx_stage=55 mod=3 guard_db=-6.0 guard_valid=1
FLOW [proto@0x104c4949e] Rx - primary_channel_rx: baud_rate=0 high_carrier=1 carrier=1795.4Hz agc=0.00669 power=13 shaper_sets=640
FLOW [proto@0x104c4949e] Rx - Phase 3 WAIT_S heartbeat: dur=5888 demod=0 event=0 j_bits=107774 trn_bits=102672 trn_hint=0/75%
FLOW [proto@0x104c4949e] Rx - Phase 3 Ja capture: emitted 107776 bits using hyp=0
FLOW [proto@0x104c4949e] Rx - primary_channel_rx: baud_rate=0 high_carrier=1 carrier=1795.4Hz agc=0.00669 power=8 shaper_sets=640
FLOW [proto@0x104c4949e] Rx - primary_channel_rx: baud_rate=0 high_carrier=1 carrier=1795.4Hz agc=0.00669 power=9 shaper_sets=640
FLOW [proto@0x104c4949e] Rx - primary_channel_rx: baud_rate=0 high_carrier=1 carrier=1795.4Hz agc=0.00669 power=6 shaper_sets=640
FLOW [proto@0x104c4949e] Rx - primary_channel_rx: baud_rate=0 high_carrier=1 carrier=1795.4Hz agc=0.00669 power=6 shaper_sets=640
FLOW [proto@0x104c4949e] Rx - Phase 3 S baud 6000: mag=0.007 data_bits=2 alt=3/32 stable=0 dom=2:10/32 rev=0/32 counts=7,5,10,10
FLOW [proto@0x104c4949e] Rx - Phase 3: S detect timeout (6000 bauds, alt=3/32 rev=0/32, j_bits=108000 trn_bits=102898 trn_hint=0/75%), continuing search
FLOW [proto@0x104c4949e] Rx - primary_channel_rx: baud_rate=0 high_carrier=1 carrier=1795.4Hz agc=0.00669 power=9 shaper_sets=640
FLOW [proto@0x104c4949e] Rx - Phase 3 WAIT_S heartbeat: dur=1 demod=0 event=0 j_bits=108000 trn_bits=102898 trn_hint=0/75%
FLOW [proto@0x104c4949e] Rx - Phase 3 S baud 1: mag=0.029 data_bits=2 alt=0/32 stable=0 dom=2:1/32 rev=0/32 counts=0,0,1,0
FLOW [proto@0x104c4949e] Rx - Phase 3 S baud 2: mag=0.005 data_bits=0 alt=0/32 stable=0 dom=0:1/32 rev=0/32 counts=1,0,1,0
FLOW [proto@0x104c4949e] Rx - Phase 3 S baud 3: mag=0.004 data_bits=1 alt=0/32 stable=0 dom=0:1/32 rev=0/32 counts=1,1,1,0
FLOW [proto@0x104c4949e] Rx - Phase 3 S baud 4: mag=0.004 data_bits=2 alt=0/32 stable=0 dom=2:2/32 rev=0/32 counts=1,1,2,0
FLOW [proto@0x104c4949e] Rx - Phase 3 Ja capture: emitted 108032 bits using hyp=0
FLOW [proto@0x104c4949e] Rx - primary_channel_rx: baud_rate=0 high_carrier=1 carrier=1795.4Hz agc=0.00669 power=10 shaper_sets=640
[ME] TX dump mark: sample=188800 rx_stage=10 tx_stage=55 mod=3
FLOW [proto@0x104c4949e] Rx - primary_channel_rx: baud_rate=0 high_carrier=1 carrier=1795.4Hz agc=0.00669 power=2 shaper_sets=640
FLOW [proto@0x104c4949e] Rx - primary_channel_rx: baud_rate=0 high_carrier=1 carrier=1795.4Hz agc=0.00669 power=15 shaper_sets=640
FLOW [proto@0x104c4949e] Rx - primary_channel_rx: baud_rate=0 high_carrier=1 carrier=1795.4Hz agc=0.00669 power=14 shaper_sets=640
[ME] RX dump mark: sample=188800 rx_stage=10 tx_stage=55 mod=3 guard_db=-6.0 guard_valid=1
FLOW [proto@0x104c4949e] Rx - primary_channel_rx: baud_rate=0 high_carrier=1 carrier=1795.4Hz agc=0.00669 power=14 shaper_sets=640
FLOW [proto@0x104c4949e] Rx - primary_channel_rx: baud_rate=0 high_carrier=1 carrier=1795.4Hz agc=0.00669 power=7 shaper_sets=640
FLOW [proto@0x104c4949e] Rx - Phase 3 Ja capture: emitted 108288 bits using hyp=0
FLOW [proto@0x104c4949e] Rx - primary_channel_rx: baud_rate=0 high_carrier=1 carrier=1795.4Hz agc=0.00669 power=6 shaper_sets=640
FLOW [proto@0x104c4949e] Rx - primary_channel_rx: baud_rate=0 high_carrier=1 carrier=1795.4Hz agc=0.00669 power=19 shaper_sets=640
FLOW [proto@0x104c4949e] Rx - primary_channel_rx: baud_rate=0 high_carrier=1 carrier=1795.4Hz agc=0.00669 power=11 shaper_sets=640
FLOW [proto@0x104c4949e] Rx - primary_channel_rx: baud_rate=0 high_carrier=1 carrier=1795.4Hz agc=0.00669 power=15 shaper_sets=640
FLOW [proto@0x104c4949e] Rx - Phase 3 WAIT_S heartbeat: dur=256 demod=0 event=0 j_bits=108510 trn_bits=102898 trn_hint=0/75%
FLOW [proto@0x104c4949e] Rx - Phase 3 TRN: best hyp=18 ones=51519/102912 (50%)
FLOW [proto@0x104c4949e] Rx - primary_channel_rx: baud_rate=0 high_carrier=1 carrier=1795.4Hz agc=0.00669 power=4 shaper_sets=640
FLOW [proto@0x104c4949e] Rx - Phase 3 Ja parser input: hyp0 len=108544 bits (stage=10, need ~16340 to parse)
FLOW [proto@0x104c4949e] Rx - Phase 3 Ja capture: emitted 108544 bits using hyp=0
[ME] TX dump mark: sample=189600 rx_stage=10 tx_stage=55 mod=3
FLOW [proto@0x104c4949e] Rx - primary_channel_rx: baud_rate=0 high_carrier=1 carrier=1795.4Hz agc=0.00669 power=20 shaper_sets=640
FLOW [proto@0x104c4949e] Rx - primary_channel_rx: baud_rate=0 high_carrier=1 carrier=1795.4Hz agc=0.00669 power=0 shaper_sets=640
[ME] TX path: state=3 mod=3 fax_active=0 v34=0x700020000 v22bis=0x0
[ME] DIAG: cr_update calls=1500 phase_err=0.108 samples
FLOW [proto@0x104c4949e] Rx - primary_channel_rx: baud_rate=0 high_carrier=1 carrier=1795.4Hz agc=0.00669 power=7 shaper_sets=640
[ME] RX dump mark: sample=189600 rx_stage=10 tx_stage=55 mod=3 guard_db=-6.0 guard_valid=1
FLOW [proto@0x104c4949e] Rx - primary_channel_rx: baud_rate=0 high_carrier=1 carrier=1795.4Hz agc=0.00669 power=11 shaper_sets=640
FLOW [proto@0x104c4949e] Rx - primary_channel_rx: baud_rate=0 high_carrier=1 carrier=1795.4Hz agc=0.00669 power=8 shaper_sets=640
FLOW [proto@0x104c4949e] Rx - Phase 3 Ja capture: emitted 108800 bits using hyp=0
FLOW [proto@0x104c4949e] Rx - primary_channel_rx: baud_rate=0 high_carrier=1 carrier=1795.4Hz agc=0.00669 power=0 shaper_sets=640
FLOW [proto@0x104c4949e] Rx - primary_channel_rx: baud_rate=0 high_carrier=1 carrier=1795.4Hz agc=0.00669 power=1 shaper_sets=640
FLOW [proto@0x104c4949e] Rx - primary_channel_rx: baud_rate=0 high_carrier=1 carrier=1795.4Hz agc=0.00669 power=1 shaper_sets=640
FLOW [proto@0x104c4949e] Rx - primary_channel_rx: baud_rate=0 high_carrier=1 carrier=1795.4Hz agc=0.00669 power=10 shaper_sets=640
FLOW [proto@0x104c4949e] Rx - primary_channel_rx: baud_rate=0 high_carrier=1 carrier=1795.4Hz agc=0.00669 power=7 shaper_sets=640
FLOW [proto@0x104c4949e] Rx - Phase 3 WAIT_S heartbeat: dur=512 demod=0 event=0 j_bits=109022 trn_bits=103410 trn_hint=0/75%
FLOW [proto@0x104c4949e] Rx - Phase 3 TRN: best hyp=14 ones=51760/103424 (50%)
[ME] TX dump mark: sample=190400 rx_stage=10 tx_stage=55 mod=3
FLOW [proto@0x104c4949e] Rx - primary_channel_rx: baud_rate=0 high_carrier=1 carrier=1795.4Hz agc=0.00669 power=3 shaper_sets=640
FLOW [proto@0x104c4949e] Rx - Phase 3 Ja capture: emitted 109056 bits using hyp=0
FLOW [proto@0x104c4949e] Rx - primary_channel_rx: baud_rate=0 high_carrier=1 carrier=1795.4Hz agc=0.00669 power=13 shaper_sets=640
FLOW [proto@0x104c4949e] Rx - primary_channel_rx: baud_rate=0 high_carrier=1 carrier=1795.4Hz agc=0.00669 power=13 shaper_sets=640
[ME] RX dump mark: sample=190400 rx_stage=10 tx_stage=55 mod=3 guard_db=-6.0 guard_valid=1
FLOW [proto@0x104c4949e] Rx - primary_channel_rx: baud_rate=0 high_carrier=1 carrier=1795.4Hz agc=0.00669 power=6 shaper_sets=640
FLOW [proto@0x104c4949e] Rx - primary_channel_rx: baud_rate=0 high_carrier=1 carrier=1795.4Hz agc=0.00669 power=3 shaper_sets=640
FLOW [proto@0x104c4949e] Rx - primary_channel_rx: baud_rate=0 high_carrier=1 carrier=1795.4Hz agc=0.00669 power=10 shaper_sets=640
FLOW [proto@0x104c4949e] Rx - Phase 3 Ja capture: emitted 109312 bits using hyp=0
FLOW [proto@0x104c4949e] Rx - primary_channel_rx: baud_rate=0 high_carrier=1 carrier=1795.4Hz agc=0.00669 power=17 shaper_sets=640
FLOW [proto@0x104c4949e] Rx - primary_channel_rx: baud_rate=0 high_carrier=1 carrier=1795.4Hz agc=0.00669 power=2 shaper_sets=640
FLOW [proto@0x104c4949e] Rx - primary_channel_rx: baud_rate=0 high_carrier=1 carrier=1795.4Hz agc=0.00669 power=3 shaper_sets=640
FLOW [proto@0x104c4949e] Rx - primary_channel_rx: baud_rate=0 high_carrier=1 carrier=1795.4Hz agc=0.00669 power=0 shaper_sets=640
FLOW [proto@0x104c4949e] Rx - Phase 3 WAIT_S heartbeat: dur=768 demod=0 event=0 j_bits=109534 trn_bits=103922 trn_hint=0/75%
[ME] TX dump mark: sample=191200 rx_stage=10 tx_stage=55 mod=3
FLOW [proto@0x104c4949e] Rx - primary_channel_rx: baud_rate=0 high_carrier=1 carrier=1795.4Hz agc=0.00669 power=15 shaper_sets=640
FLOW [proto@0x104c4949e] Rx - Phase 3 TRN: best hyp=14 ones=52031/103936 (50%)
FLOW [proto@0x104c4949e] Rx - Phase 3 Ja capture: emitted 109568 bits using hyp=0
FLOW [proto@0x104c4949e] Rx - primary_channel_rx: baud_rate=0 high_carrier=1 carrier=1795.4Hz agc=0.00669 power=9 shaper_sets=640
FLOW [proto@0x104c4949e] Rx - primary_channel_rx: baud_rate=0 high_carrier=1 carrier=1795.4Hz agc=0.00669 power=6 shaper_sets=640
[ME] RX dump mark: sample=191200 rx_stage=10 tx_stage=55 mod=3 guard_db=-6.0 guard_valid=1
FLOW [proto@0x104c4949e] Rx - primary_channel_rx: baud_rate=0 high_carrier=1 carrier=1795.4Hz agc=0.00669 power=0 shaper_sets=640
FLOW [proto@0x104c4949e] Rx - primary_channel_rx: baud_rate=0 high_carrier=1 carrier=1795.4Hz agc=0.00669 power=0 shaper_sets=640
FLOW [proto@0x104c4949e] Rx - primary_channel_rx: baud_rate=0 high_carrier=1 carrier=1795.4Hz agc=0.00669 power=5 shaper_sets=640
FLOW [proto@0x104c4949e] Rx - primary_channel_rx: baud_rate=0 high_carrier=1 carrier=1795.4Hz agc=0.00669 power=4 shaper_sets=640
FLOW [proto@0x104c4949e] Rx - Phase 3 Ja capture: emitted 109824 bits using hyp=0
FLOW [proto@0x104c4949e] Rx - primary_channel_rx: baud_rate=0 high_carrier=1 carrier=1795.4Hz agc=0.00669 power=17 shaper_sets=640
FLOW [proto@0x104c4949e] Rx - primary_channel_rx: baud_rate=0 high_carrier=1 carrier=1795.4Hz agc=0.00669 power=5 shaper_sets=640
FLOW [proto@0x104c4949e] Rx - primary_channel_rx: baud_rate=0 high_carrier=1 carrier=1795.4Hz agc=0.00669 power=4 shaper_sets=640
FLOW [proto@0x104c4949e] Rx - Phase 3 S baud 1000: mag=0.026 data_bits=3 alt=3/32 stable=0 dom=3:13/32 rev=0/32 counts=6,6,7,13
[ME] TX dump mark: sample=192000 rx_stage=10 tx_stage=55 mod=3
[ME] Training TX: RMS=0.0 (8000 samples)
FLOW [proto@0x104c4949e] Rx - primary_channel_rx: baud_rate=0 high_carrier=1 carrier=1795.4Hz agc=0.00669 power=9 shaper_sets=640
FLOW [proto@0x104c4949e] Rx - Phase 3 WAIT_S heartbeat: dur=1024 demod=0 event=0 j_bits=110046 trn_bits=104434 trn_hint=0/75%
FLOW [proto@0x104c4949e] Rx - Phase 3 TRN: best hyp=14 ones=52288/104448 (50%)
FLOW [proto@0x104c4949e] Rx - primary_channel_rx: baud_rate=0 high_carrier=1 carrier=1795.4Hz agc=0.00669 power=0 shaper_sets=640
FLOW [proto@0x104c4949e] Rx - Phase 3 Ja capture: emitted 110080 bits using hyp=0
[ME] Training rx: RMS=3.7 (8000 samples)
FLOW [proto@0x104c4949e] Rx - primary_channel_rx: baud_rate=0 high_carrier=1 carrier=1795.4Hz agc=0.00669 power=1 shaper_sets=640
[ME] RX dump mark: sample=192000 rx_stage=10 tx_stage=55 mod=3 guard_db=-6.0 guard_valid=1
FLOW [proto@0x104c4949e] Rx - primary_channel_rx: baud_rate=0 high_carrier=1 carrier=1795.4Hz agc=0.00669 power=7 shaper_sets=640
FLOW [proto@0x104c4949e] Rx - primary_channel_rx: baud_rate=0 high_carrier=1 carrier=1795.4Hz agc=0.00669 power=13 shaper_sets=640
FLOW [proto@0x104c4949e] Rx - primary_channel_rx: baud_rate=0 high_carrier=1 carrier=1795.4Hz agc=0.00669 power=6 shaper_sets=640
FLOW [proto@0x104c4949e] Rx - primary_channel_rx: baud_rate=0 high_carrier=1 carrier=1795.4Hz agc=0.00669 power=2 shaper_sets=640
FLOW [proto@0x104c4949e] Rx - Phase 3 Ja capture: emitted 110336 bits using hyp=0
FLOW [proto@0x104c4949e] Rx - primary_channel_rx: baud_rate=0 high_carrier=1 carrier=1795.4Hz agc=0.00669 power=4 shaper_sets=640
FLOW [proto@0x104c4949e] Rx - primary_channel_rx: baud_rate=0 high_carrier=1 carrier=1795.4Hz agc=0.00669 power=19 shaper_sets=640
FLOW [proto@0x104c4949e] Rx - primary_channel_rx: baud_rate=0 high_carrier=1 carrier=1795.4Hz agc=0.00669 power=10 shaper_sets=640
[ME] TX dump mark: sample=192800 rx_stage=10 tx_stage=55 mod=3
FLOW [proto@0x104c4949e] Rx - primary_channel_rx: baud_rate=0 high_carrier=1 carrier=1795.4Hz agc=0.00669 power=13 shaper_sets=640
FLOW [proto@0x104c4949e] Rx - primary_channel_rx: baud_rate=0 high_carrier=1 carrier=1795.4Hz agc=0.00669 power=14 shaper_sets=640
FLOW [proto@0x104c4949e] Rx - Phase 3 WAIT_S heartbeat: dur=1280 demod=0 event=0 j_bits=110558 trn_bits=104946 trn_hint=0/75%
FLOW [proto@0x104c4949e] Rx - Phase 3 TRN: best hyp=14 ones=52538/104960 (50%)
FLOW [proto@0x104c4949e] Rx - primary_channel_rx: baud_rate=0 high_carrier=1 carrier=1795.4Hz agc=0.00669 power=6 shaper_sets=640
FLOW [proto@0x104c4949e] Rx - Phase 3 Ja parser input: hyp0 len=110592 bits (stage=10, need ~16340 to parse)
FLOW [proto@0x104c4949e] Rx - Phase 3 Ja capture: emitted 110592 bits using hyp=0
[ME] RX dump mark: sample=192800 rx_stage=10 tx_stage=55 mod=3 guard_db=-6.0 guard_valid=1
FLOW [proto@0x104c4949e] Rx - primary_channel_rx: baud_rate=0 high_carrier=1 carrier=1795.4Hz agc=0.00669 power=11 shaper_sets=640
FLOW [proto@0x104c4949e] Rx - primary_channel_rx: baud_rate=0 high_carrier=1 carrier=1795.4Hz agc=0.00669 power=13 shaper_sets=640
FLOW [proto@0x104c4949e] Rx - primary_channel_rx: baud_rate=0 high_carrier=1 carrier=1795.4Hz agc=0.00669 power=9 shaper_sets=640
FLOW [proto@0x104c4949e] Rx - primary_channel_rx: baud_rate=0 high_carrier=1 carrier=1795.4Hz agc=0.00669 power=6 shaper_sets=640
FLOW [proto@0x104c4949e] Rx - primary_channel_rx: baud_rate=0 high_carrier=1 carrier=1795.4Hz agc=0.00669 power=20 shaper_sets=640
FLOW [proto@0x104c4949e] Rx - Phase 3 Ja capture: emitted 110848 bits using hyp=0
FLOW [proto@0x104c4949e] Rx - primary_channel_rx: baud_rate=0 high_carrier=1 carrier=1795.4Hz agc=0.00669 power=15 shaper_sets=640
FLOW [proto@0x104c4949e] Rx - primary_channel_rx: baud_rate=0 high_carrier=1 carrier=1795.4Hz agc=0.00669 power=19 shaper_sets=640
[ME] TX dump mark: sample=193600 rx_stage=10 tx_stage=55 mod=3
FLOW [proto@0x104c4949e] Rx - primary_channel_rx: baud_rate=0 high_carrier=1 carrier=1795.4Hz agc=0.00669 power=12 shaper_sets=640
FLOW [proto@0x104c4949e] Rx - primary_channel_rx: baud_rate=0 high_carrier=1 carrier=1795.4Hz agc=0.00669 power=12 shaper_sets=640
FLOW [proto@0x104c4949e] Rx - Phase 3 WAIT_S heartbeat: dur=1536 demod=0 event=0 j_bits=111070 trn_bits=105458 trn_hint=0/75%
FLOW [proto@0x104c4949e] Rx - primary_channel_rx: baud_rate=0 high_carrier=1 carrier=1795.4Hz agc=0.00669 power=24 shaper_sets=640
FLOW [proto@0x104c4949e] Rx - Phase 3 TRN: best hyp=14 ones=52783/105472 (50%)
FLOW [proto@0x104c4949e] Rx - Phase 3 Ja capture: emitted 111104 bits using hyp=0
[ME] RX dump mark: sample=193600 rx_stage=10 tx_stage=55 mod=3 guard_db=-6.0 guard_valid=1
FLOW [proto@0x104c4949e] Rx - primary_channel_rx: baud_rate=0 high_carrier=1 carrier=1795.4Hz agc=0.00669 power=13 shaper_sets=640
FLOW [proto@0x104c4949e] Rx - primary_channel_rx: baud_rate=0 high_carrier=1 carrier=1795.4Hz agc=0.00669 power=0 shaper_sets=640
FLOW [proto@0x104c4949e] Rx - primary_channel_rx: baud_rate=0 high_carrier=1 carrier=1795.4Hz agc=0.00669 power=10 shaper_sets=640
FLOW [proto@0x104c4949e] Rx - primary_channel_rx: baud_rate=0 high_carrier=1 carrier=1795.4Hz agc=0.00669 power=0 shaper_sets=640
FLOW [proto@0x104c4949e] Rx - primary_channel_rx: baud_rate=0 high_carrier=1 carrier=1795.4Hz agc=0.00669 power=1 shaper_sets=640
FLOW [proto@0x104c4949e] Rx - primary_channel_rx: baud_rate=0 high_carrier=1 carrier=1795.4Hz agc=0.00669 power=6 shaper_sets=640
FLOW [proto@0x104c4949e] Rx - Phase 3 Ja capture: emitted 111360 bits using hyp=0
FLOW [proto@0x104c4949e] Rx - primary_channel_rx: baud_rate=0 high_carrier=1 carrier=1795.4Hz agc=0.00669 power=14 shaper_sets=640
[ME] TX dump mark: sample=194400 rx_stage=10 tx_stage=55 mod=3
FLOW [proto@0x104c4949e] Rx - primary_channel_rx: baud_rate=0 high_carrier=1 carrier=1795.4Hz agc=0.00669 power=3 shaper_sets=640
FLOW [proto@0x104c4949e] Rx - primary_channel_rx: baud_rate=0 high_carrier=1 carrier=1795.4Hz agc=0.00669 power=4 shaper_sets=640
FLOW [proto@0x104c4949e] Rx - primary_channel_rx: baud_rate=0 high_carrier=1 carrier=1795.4Hz agc=0.00669 power=8 shaper_sets=640
FLOW [proto@0x104c4949e] Rx - Phase 3 WAIT_S heartbeat: dur=1792 demod=0 event=0 j_bits=111582 trn_bits=105970 trn_hint=0/75%
FLOW [proto@0x104c4949e] Rx - Phase 3 TRN: best hyp=14 ones=53037/105984 (50%)
[ME] RX dump mark: sample=194400 rx_stage=10 tx_stage=55 mod=3 guard_db=-6.0 guard_valid=1
FLOW [proto@0x104c4949e] Rx - primary_channel_rx: baud_rate=0 high_carrier=1 carrier=1795.4Hz agc=0.00669 power=21 shaper_sets=640
FLOW [proto@0x104c4949e] Rx - Phase 3 Ja capture: emitted 111616 bits using hyp=0
FLOW [proto@0x104c4949e] Rx - primary_channel_rx: baud_rate=0 high_carrier=1 carrier=1795.4Hz agc=0.00669 power=7 shaper_sets=640
FLOW [proto@0x104c4949e] Rx - primary_channel_rx: baud_rate=0 high_carrier=1 carrier=1795.4Hz agc=0.00669 power=4 shaper_sets=640
FLOW [proto@0x104c4949e] Rx - primary_channel_rx: baud_rate=0 high_carrier=1 carrier=1795.4Hz agc=0.00669 power=0 shaper_sets=640
FLOW [proto@0x104c4949e] Rx - primary_channel_rx: baud_rate=0 high_carrier=1 carrier=1795.4Hz agc=0.00669 power=3 shaper_sets=640
FLOW [proto@0x104c4949e] Rx - primary_channel_rx: baud_rate=0 high_carrier=1 carrier=1795.4Hz agc=0.00669 power=14 shaper_sets=640
FLOW [proto@0x104c4949e] Rx - Phase 3 Ja capture: emitted 111872 bits using hyp=0
FLOW [proto@0x104c4949e] Rx - primary_channel_rx: baud_rate=0 high_carrier=1 carrier=1795.4Hz agc=0.00669 power=12 shaper_sets=640
[ME] TX dump mark: sample=195200 rx_stage=10 tx_stage=55 mod=3
FLOW [proto@0x104c4949e] Rx - primary_channel_rx: baud_rate=0 high_carrier=1 carrier=1795.4Hz agc=0.00669 power=4 shaper_sets=640
FLOW [proto@0x104c4949e] Rx - primary_channel_rx: baud_rate=0 high_carrier=1 carrier=1795.4Hz agc=0.00669 power=23 shaper_sets=640
FLOW [proto@0x104c4949e] Rx - Phase 3 S baud 2000: mag=0.032 data_bits=2 alt=2/32 stable=0 dom=3:13/32 rev=0/32 counts=3,6,10,13
FLOW [proto@0x104c4949e] Rx - primary_channel_rx: baud_rate=0 high_carrier=1 carrier=1795.4Hz agc=0.00669 power=4 shaper_sets=640
[ME] RX dump mark: sample=195200 rx_stage=10 tx_stage=55 mod=3 guard_db=-6.0 guard_valid=1
FLOW [proto@0x104c4949e] Rx - primary_channel_rx: baud_rate=0 high_carrier=1 carrier=1795.4Hz agc=0.00669 power=17 shaper_sets=640
FLOW [proto@0x104c4949e] Rx - Phase 3 WAIT_S heartbeat: dur=2048 demod=0 event=0 j_bits=112094 trn_bits=106482 trn_hint=0/75%
FLOW [proto@0x104c4949e] Rx - Phase 3 TRN: best hyp=14 ones=53299/106496 (50%)
FLOW [proto@0x104c4949e] Rx - primary_channel_rx: baud_rate=0 high_carrier=1 carrier=1795.4Hz agc=0.00669 power=7 shaper_sets=640
FLOW [proto@0x104c4949e] Rx - Phase 3 Ja capture: emitted 112128 bits using hyp=0
FLOW [proto@0x104c4949e] Rx - primary_channel_rx: baud_rate=0 high_carrier=1 carrier=1795.4Hz agc=0.00669 power=12 shaper_sets=640
FLOW [proto@0x104c4949e] Rx - primary_channel_rx: baud_rate=0 high_carrier=1 carrier=1795.4Hz agc=0.00669 power=0 shaper_sets=640
FLOW [proto@0x104c4949e] Rx - primary_channel_rx: baud_rate=0 high_carrier=1 carrier=1795.4Hz agc=0.00669 power=14 shaper_sets=640
FLOW [proto@0x104c4949e] Rx - primary_channel_rx: baud_rate=0 high_carrier=1 carrier=1795.4Hz agc=0.00669 power=2 shaper_sets=640
FLOW [proto@0x104c4949e] Rx - primary_channel_rx: baud_rate=0 high_carrier=1 carrier=1795.4Hz agc=0.00669 power=10 shaper_sets=640
FLOW [proto@0x104c4949e] Rx - Phase 3 Ja capture: emitted 112384 bits using hyp=0
[ME] TX dump mark: sample=196000 rx_stage=10 tx_stage=55 mod=3
FLOW [proto@0x104c4949e] Rx - primary_channel_rx: baud_rate=0 high_carrier=1 carrier=1795.4Hz agc=0.00669 power=1 shaper_sets=640
FLOW [proto@0x104c4949e] Rx - primary_channel_rx: baud_rate=0 high_carrier=1 carrier=1795.4Hz agc=0.00669 power=1 shaper_sets=640
FLOW [proto@0x104c4949e] Rx - primary_channel_rx: baud_rate=0 high_carrier=1 carrier=1795.4Hz agc=0.00669 power=15 shaper_sets=640
[ME] RX dump mark: sample=196000 rx_stage=10 tx_stage=55 mod=3 guard_db=-6.0 guard_valid=1
FLOW [proto@0x104c4949e] Rx - primary_channel_rx: baud_rate=0 high_carrier=1 carrier=1795.4Hz agc=0.00669 power=3 shaper_sets=640
FLOW [proto@0x104c4949e] Rx - Phase 3 WAIT_S heartbeat: dur=2304 demod=0 event=0 j_bits=112606 trn_bits=106994 trn_hint=0/75%
FLOW [proto@0x104c4949e] Rx - primary_channel_rx: baud_rate=0 high_carrier=1 carrier=1795.4Hz agc=0.00669 power=3 shaper_sets=640
FLOW [proto@0x104c4949e] Rx - Phase 3 TRN: best hyp=15 ones=53564/107008 (50%)
FLOW [proto@0x104c4949e] Rx - Phase 3 Ja parser input: hyp0 len=112640 bits (stage=10, need ~16340 to parse)
FLOW [proto@0x104c4949e] Rx - Phase 3 Ja capture: emitted 112640 bits using hyp=0
FLOW [proto@0x104c4949e] Rx - primary_channel_rx: baud_rate=0 high_carrier=1 carrier=1795.4Hz agc=0.00669 power=5 shaper_sets=640
FLOW [proto@0x104c4949e] Rx - primary_channel_rx: baud_rate=0 high_carrier=1 carrier=1795.4Hz agc=0.00669 power=8 shaper_sets=640
FLOW [proto@0x104c4949e] Rx - primary_channel_rx: baud_rate=0 high_carrier=1 carrier=1795.4Hz agc=0.00669 power=10 shaper_sets=640
FLOW [proto@0x104c4949e] Rx - primary_channel_rx: baud_rate=0 high_carrier=1 carrier=1795.4Hz agc=0.00669 power=10 shaper_sets=640
FLOW [proto@0x104c4949e] Rx - primary_channel_rx: baud_rate=0 high_carrier=1 carrier=1795.4Hz agc=0.00669 power=2 shaper_sets=640
[ME] TX dump mark: sample=196800 rx_stage=10 tx_stage=55 mod=3
FLOW [proto@0x104c4949e] Rx - primary_channel_rx: baud_rate=0 high_carrier=1 carrier=1795.4Hz agc=0.00669 power=0 shaper_sets=640
FLOW [proto@0x104c4949e] Rx - Phase 3 Ja capture: emitted 112896 bits using hyp=0
FLOW [proto@0x104c4949e] Rx - primary_channel_rx: baud_rate=0 high_carrier=1 carrier=1795.4Hz agc=0.00669 power=3 shaper_sets=640
FLOW [proto@0x104c4949e] Rx - primary_channel_rx: baud_rate=0 high_carrier=1 carrier=1795.4Hz agc=0.00669 power=13 shaper_sets=640
[ME] RX dump mark: sample=196800 rx_stage=10 tx_stage=55 mod=3 guard_db=-6.0 guard_valid=1
FLOW [proto@0x104c4949e] Rx - primary_channel_rx: baud_rate=0 high_carrier=1 carrier=1795.4Hz agc=0.00669 power=3 shaper_sets=640
FLOW [proto@0x104c4949e] Rx - primary_channel_rx: baud_rate=0 high_carrier=1 carrier=1795.4Hz agc=0.00669 power=4 shaper_sets=640
FLOW [proto@0x104c4949e] Rx - Phase 3 WAIT_S heartbeat: dur=2560 demod=0 event=0 j_bits=113118 trn_bits=107506 trn_hint=0/75%
FLOW [proto@0x104c4949e] Rx - Phase 3 TRN: best hyp=15 ones=53825/107520 (50%)
FLOW [proto@0x104c4949e] Rx - primary_channel_rx: baud_rate=0 high_carrier=1 carrier=1795.4Hz agc=0.00669 power=4 shaper_sets=640
FLOW [proto@0x104c4949e] Rx - Phase 3 Ja capture: emitted 113152 bits using hyp=0
FLOW [proto@0x104c4949e] Rx - primary_channel_rx: baud_rate=0 high_carrier=1 carrier=1795.4Hz agc=0.00669 power=14 shaper_sets=640
FLOW [proto@0x104c4949e] Rx - primary_channel_rx: baud_rate=0 high_carrier=1 carrier=1795.4Hz agc=0.00669 power=8 shaper_sets=640
FLOW [proto@0x104c4949e] Rx - primary_channel_rx: baud_rate=0 high_carrier=1 carrier=1795.4Hz agc=0.00669 power=8 shaper_sets=640
FLOW [proto@0x104c4949e] Rx - primary_channel_rx: baud_rate=0 high_carrier=1 carrier=1795.4Hz agc=0.00669 power=7 shaper_sets=640
[ME] TX dump mark: sample=197600 rx_stage=10 tx_stage=55 mod=3
FLOW [proto@0x104c4949e] Rx - primary_channel_rx: baud_rate=0 high_carrier=1 carrier=1795.4Hz agc=0.00669 power=8 shaper_sets=640
FLOW [proto@0x104c4949e] Rx - Phase 3 Ja capture: emitted 113408 bits using hyp=0
FLOW [proto@0x104c4949e] Rx - primary_channel_rx: baud_rate=0 high_carrier=1 carrier=1795.4Hz agc=0.00669 power=1 shaper_sets=640
[ME] TX path: state=3 mod=3 fax_active=0 v34=0x700020000 v22bis=0x0
FLOW [proto@0x104c4949e] Rx - primary_channel_rx: baud_rate=0 high_carrier=1 carrier=1795.4Hz agc=0.00669 power=7 shaper_sets=640
[ME] RX dump mark: sample=197600 rx_stage=10 tx_stage=55 mod=3 guard_db=-6.0 guard_valid=1
FLOW [proto@0x104c4949e] Rx - primary_channel_rx: baud_rate=0 high_carrier=1 carrier=1795.4Hz agc=0.00669 power=21 shaper_sets=640
FLOW [proto@0x104c4949e] Rx - primary_channel_rx: baud_rate=0 high_carrier=1 carrier=1795.4Hz agc=0.00669 power=9 shaper_sets=640
FLOW [proto@0x104c4949e] Rx - primary_channel_rx: baud_rate=0 high_carrier=1 carrier=1795.4Hz agc=0.00669 power=7 shaper_sets=640
FLOW [proto@0x104c4949e] Rx - Phase 3 WAIT_S heartbeat: dur=2816 demod=0 event=0 j_bits=113630 trn_bits=108018 trn_hint=0/75%
FLOW [proto@0x104c4949e] Rx - Phase 3 TRN: best hyp=15 ones=54067/108032 (50%)
FLOW [proto@0x104c4949e] Rx - primary_channel_rx: baud_rate=0 high_carrier=1 carrier=1795.4Hz agc=0.00669 power=0 shaper_sets=640
FLOW [proto@0x104c4949e] Rx - Phase 3 Ja capture: emitted 113664 bits using hyp=0
FLOW [proto@0x104c4949e] Rx - primary_channel_rx: baud_rate=0 high_carrier=1 carrier=1795.4Hz agc=0.00669 power=6 shaper_sets=640
FLOW [proto@0x104c4949e] Rx - primary_channel_rx: baud_rate=0 high_carrier=1 carrier=1795.4Hz agc=0.00669 power=7 shaper_sets=640
FLOW [proto@0x104c4949e] Rx - primary_channel_rx: baud_rate=0 high_carrier=1 carrier=1795.4Hz agc=0.00669 power=20 shaper_sets=640
[ME] TX dump mark: sample=198400 rx_stage=10 tx_stage=55 mod=3
FLOW [proto@0x104c4949e] Rx - primary_channel_rx: baud_rate=0 high_carrier=1 carrier=1795.4Hz agc=0.00669 power=3 shaper_sets=640
FLOW [proto@0x104c4949e] Rx - primary_channel_rx: baud_rate=0 high_carrier=1 carrier=1795.4Hz agc=0.00669 power=15 shaper_sets=640
FLOW [proto@0x104c4949e] Rx - Phase 3 Ja capture: emitted 113920 bits using hyp=0
FLOW [proto@0x104c4949e] Rx - primary_channel_rx: baud_rate=0 high_carrier=1 carrier=1795.4Hz agc=0.00669 power=11 shaper_sets=640
FLOW [proto@0x104c4949e] Rx - Phase 3 S baud 3000: mag=0.012 data_bits=3 alt=5/32 stable=0 dom=3:14/32 rev=0/32 counts=5,7,6,14
[ME] RX dump mark: sample=198400 rx_stage=10 tx_stage=55 mod=3 guard_db=-6.0 guard_valid=1
FLOW [proto@0x104c4949e] Rx - primary_channel_rx: baud_rate=0 high_carrier=1 carrier=1795.4Hz agc=0.00669 power=17 shaper_sets=640
FLOW [proto@0x104c4949e] Rx - primary_channel_rx: baud_rate=0 high_carrier=1 carrier=1795.4Hz agc=0.00669 power=8 shaper_sets=640
FLOW [proto@0x104c4949e] Rx - primary_channel_rx: baud_rate=0 high_carrier=1 carrier=1795.4Hz agc=0.00669 power=14 shaper_sets=640
FLOW [proto@0x104c4949e] Rx - Phase 3 WAIT_S heartbeat: dur=3072 demod=0 event=0 j_bits=114142 trn_bits=108530 trn_hint=0/75%
FLOW [proto@0x104c4949e] Rx - primary_channel_rx: baud_rate=0 high_carrier=1 carrier=1795.4Hz agc=0.00669 power=4 shaper_sets=640
FLOW [proto@0x104c4949e] Rx - Phase 3 TRN: best hyp=15 ones=54318/108544 (50%)
FLOW [proto@0x104c4949e] Rx - Phase 3 Ja capture: emitted 114176 bits using hyp=0
FLOW [proto@0x104c4949e] Rx - primary_channel_rx: baud_rate=0 high_carrier=1 carrier=1795.4Hz agc=0.00669 power=1 shaper_sets=640
FLOW [proto@0x104c4949e] Rx - primary_channel_rx: baud_rate=0 high_carrier=1 carrier=1795.4Hz agc=0.00669 power=11 shaper_sets=640
FLOW [proto@0x104c4949e] Rx - primary_channel_rx: baud_rate=0 high_carrier=1 carrier=1795.4Hz agc=0.00669 power=0 shaper_sets=640
[ME] TX dump mark: sample=199200 rx_stage=10 tx_stage=55 mod=3
FLOW [proto@0x104c4949e] Rx - primary_channel_rx: baud_rate=0 high_carrier=1 carrier=1795.4Hz agc=0.00669 power=0 shaper_sets=640
FLOW [proto@0x104c4949e] Rx - primary_channel_rx: baud_rate=0 high_carrier=1 carrier=1795.4Hz agc=0.00669 power=0 shaper_sets=640
FLOW [proto@0x104c4949e] Rx - primary_channel_rx: baud_rate=0 high_carrier=1 carrier=1795.4Hz agc=0.00669 power=0 shaper_sets=640
FLOW [proto@0x104c4949e] Rx - Phase 3 Ja capture: emitted 114432 bits using hyp=0
[ME] RX dump mark: sample=199200 rx_stage=10 tx_stage=55 mod=3 guard_db=-6.0 guard_valid=1
FLOW [proto@0x104c4949e] Rx - primary_channel_rx: baud_rate=0 high_carrier=1 carrier=1795.4Hz agc=0.00669 power=3 shaper_sets=640
FLOW [proto@0x104c4949e] Rx - primary_channel_rx: baud_rate=0 high_carrier=1 carrier=1795.4Hz agc=0.00669 power=4 shaper_sets=640
FLOW [proto@0x104c4949e] Rx - primary_channel_rx: baud_rate=0 high_carrier=1 carrier=1795.4Hz agc=0.00669 power=2 shaper_sets=640
FLOW [proto@0x104c4949e] Rx - primary_channel_rx: baud_rate=0 high_carrier=1 carrier=1795.4Hz agc=0.00669 power=16 shaper_sets=640
FLOW [proto@0x104c4949e] Rx - Phase 3 WAIT_S heartbeat: dur=3328 demod=0 event=0 j_bits=114654 trn_bits=109042 trn_hint=0/75%
FLOW [proto@0x104c4949e] Rx - Phase 3 TRN: best hyp=15 ones=54574/109056 (50%)
FLOW [proto@0x104c4949e] Rx - primary_channel_rx: baud_rate=0 high_carrier=1 carrier=1795.4Hz agc=0.00669 power=12 shaper_sets=640
FLOW [proto@0x104c4949e] Rx - Phase 3 Ja parser input: hyp0 len=114688 bits (stage=10, need ~16340 to parse)
FLOW [proto@0x104c4949e] Rx - Phase 3 Ja capture: emitted 114688 bits using hyp=0
FLOW [proto@0x104c4949e] Rx - primary_channel_rx: baud_rate=0 high_carrier=1 carrier=1795.4Hz agc=0.00669 power=7 shaper_sets=640
FLOW [proto@0x104c4949e] Rx - primary_channel_rx: baud_rate=0 high_carrier=1 carrier=1795.4Hz agc=0.00669 power=20 shaper_sets=640
[ME] TX dump mark: sample=200000 rx_stage=10 tx_stage=55 mod=3
[ME] Training TX: RMS=0.0 (8000 samples)
FLOW [proto@0x104c4949e] Rx - primary_channel_rx: baud_rate=0 high_carrier=1 carrier=1795.4Hz agc=0.00669 power=0 shaper_sets=640
FLOW [proto@0x104c4949e] Rx - primary_channel_rx: baud_rate=0 high_carrier=1 carrier=1795.4Hz agc=0.00669 power=13 shaper_sets=640
[ME] Training rx: RMS=3.7 (8000 samples)
FLOW [proto@0x104c4949e] Rx - primary_channel_rx: baud_rate=0 high_carrier=1 carrier=1795.4Hz agc=0.00669 power=7 shaper_sets=640
FLOW [proto@0x104c4949e] Rx - Phase 3 Ja capture: emitted 114944 bits using hyp=0
[ME] RX dump mark: sample=200000 rx_stage=10 tx_stage=55 mod=3 guard_db=-6.0 guard_valid=1
FLOW [proto@0x104c4949e] Rx - primary_channel_rx: baud_rate=0 high_carrier=1 carrier=1795.4Hz agc=0.00669 power=0 shaper_sets=640
FLOW [proto@0x104c4949e] Rx - primary_channel_rx: baud_rate=0 high_carrier=1 carrier=1795.4Hz agc=0.00669 power=5 shaper_sets=640
FLOW [proto@0x104c4949e] Rx - primary_channel_rx: baud_rate=0 high_carrier=1 carrier=1795.4Hz agc=0.00669 power=15 shaper_sets=640
FLOW [proto@0x104c4949e] Rx - primary_channel_rx: baud_rate=0 high_carrier=1 carrier=1795.4Hz agc=0.00669 power=19 shaper_sets=640
FLOW [proto@0x104c4949e] Rx - primary_channel_rx: baud_rate=0 high_carrier=1 carrier=1795.4Hz agc=0.00669 power=9 shaper_sets=640
FLOW [proto@0x104c4949e] Rx - Phase 3 WAIT_S heartbeat: dur=3584 demod=0 event=0 j_bits=115166 trn_bits=109554 trn_hint=0/75%
FLOW [proto@0x104c4949e] Rx - Phase 3 TRN: best hyp=15 ones=54853/109568 (50%)
FLOW [proto@0x104c4949e] Rx - primary_channel_rx: baud_rate=0 high_carrier=1 carrier=1795.4Hz agc=0.00669 power=9 shaper_sets=640
FLOW [proto@0x104c4949e] Rx - Phase 3 Ja capture: emitted 115200 bits using hyp=0
FLOW [proto@0x104c4949e] Rx - primary_channel_rx: baud_rate=0 high_carrier=1 carrier=1795.4Hz agc=0.00669 power=8 shaper_sets=640
[ME] TX dump mark: sample=200800 rx_stage=10 tx_stage=55 mod=3
FLOW [proto@0x104c4949e] Rx - primary_channel_rx: baud_rate=0 high_carrier=1 carrier=1795.4Hz agc=0.00669 power=0 shaper_sets=640
FLOW [proto@0x104c4949e] Rx - primary_channel_rx: baud_rate=0 high_carrier=1 carrier=1795.4Hz agc=0.00669 power=10 shaper_sets=640
FLOW [proto@0x104c4949e] Rx - primary_channel_rx: baud_rate=0 high_carrier=1 carrier=1795.4Hz agc=0.00669 power=13 shaper_sets=640
[ME] RX dump mark: sample=200800 rx_stage=10 tx_stage=55 mod=3 guard_db=-6.0 guard_valid=1
FLOW [proto@0x104c4949e] Rx - primary_channel_rx: baud_rate=0 high_carrier=1 carrier=1795.4Hz agc=0.00669 power=12 shaper_sets=640
FLOW [proto@0x104c4949e] Rx - Phase 3 Ja capture: emitted 115456 bits using hyp=0
FLOW [proto@0x104c4949e] Rx - primary_channel_rx: baud_rate=0 high_carrier=1 carrier=1795.4Hz agc=0.00669 power=0 shaper_sets=640
FLOW [proto@0x104c4949e] Rx - primary_channel_rx: baud_rate=0 high_carrier=1 carrier=1795.4Hz agc=0.00669 power=17 shaper_sets=640
FLOW [proto@0x104c4949e] Rx - primary_channel_rx: baud_rate=0 high_carrier=1 carrier=1795.4Hz agc=0.00669 power=13 shaper_sets=640
FLOW [proto@0x104c4949e] Rx - primary_channel_rx: baud_rate=0 high_carrier=1 carrier=1795.4Hz agc=0.00669 power=10 shaper_sets=640
FLOW [proto@0x104c4949e] Rx - Phase 3 WAIT_S heartbeat: dur=3840 demod=0 event=0 j_bits=115678 trn_bits=110066 trn_hint=0/75%
FLOW [proto@0x104c4949e] Rx - primary_channel_rx: baud_rate=0 high_carrier=1 carrier=1795.4Hz agc=0.00669 power=7 shaper_sets=640
FLOW [proto@0x104c4949e] Rx - Phase 3 TRN: best hyp=15 ones=55120/110080 (50%)
FLOW [proto@0x104c4949e] Rx - Phase 3 Ja capture: emitted 115712 bits using hyp=0
FLOW [proto@0x104c4949e] Rx - primary_channel_rx: baud_rate=0 high_carrier=1 carrier=1795.4Hz agc=0.00669 power=23 shaper_sets=640
[ME] TX dump mark: sample=201600 rx_stage=10 tx_stage=55 mod=3
FLOW [proto@0x104c4949e] Rx - primary_channel_rx: baud_rate=0 high_carrier=1 carrier=1795.4Hz agc=0.00669 power=3 shaper_sets=640
FLOW [proto@0x104c4949e] Rx - primary_channel_rx: baud_rate=0 high_carrier=1 carrier=1795.4Hz agc=0.00669 power=25 shaper_sets=640
FLOW [proto@0x104c4949e] Rx - primary_channel_rx: baud_rate=0 high_carrier=1 carrier=1795.4Hz agc=0.00669 power=3 shaper_sets=640
[ME] RX dump mark: sample=201600 rx_stage=10 tx_stage=55 mod=3 guard_db=-6.0 guard_valid=1
FLOW [proto@0x104c4949e] Rx - primary_channel_rx: baud_rate=0 high_carrier=1 carrier=1795.4Hz agc=0.00669 power=10 shaper_sets=640
FLOW [proto@0x104c4949e] Rx - primary_channel_rx: baud_rate=0 high_carrier=1 carrier=1795.4Hz agc=0.00669 power=0 shaper_sets=640
FLOW [proto@0x104c4949e] Rx - Phase 3 Ja capture: emitted 115968 bits using hyp=0
FLOW [proto@0x104c4949e] Rx - Phase 3 S baud 4000: mag=0.043 data_bits=0 alt=6/32 stable=0 dom=3:11/32 rev=0/32 counts=8,5,8,11
FLOW [proto@0x104c4949e] Rx - primary_channel_rx: baud_rate=0 high_carrier=1 carrier=1795.4Hz agc=0.00669 power=19 shaper_sets=640
FLOW [proto@0x104c4949e] Rx - primary_channel_rx: baud_rate=0 high_carrier=1 carrier=1795.4Hz agc=0.00669 power=2 shaper_sets=640
FLOW [proto@0x104c4949e] Rx - primary_channel_rx: baud_rate=0 high_carrier=1 carrier=1795.4Hz agc=0.00669 power=19 shaper_sets=640
FLOW [proto@0x104c4949e] Rx - primary_channel_rx: baud_rate=0 high_carrier=1 carrier=1795.4Hz agc=0.00669 power=13 shaper_sets=640
FLOW [proto@0x104c4949e] Rx - Phase 3 WAIT_S heartbeat: dur=4096 demod=0 event=0 j_bits=116190 trn_bits=110578 trn_hint=0/75%
FLOW [proto@0x104c4949e] Rx - Phase 3 TRN: best hyp=15 ones=55350/110592 (50%)
FLOW [proto@0x104c4949e] Rx - primary_channel_rx: baud_rate=0 high_carrier=1 carrier=1795.4Hz agc=0.00669 power=8 shaper_sets=640
FLOW [proto@0x104c4949e] Rx - Phase 3 Ja capture: emitted 116224 bits using hyp=0
[ME] TX dump mark: sample=202400 rx_stage=10 tx_stage=55 mod=3
FLOW [proto@0x104c4949e] Rx - primary_channel_rx: baud_rate=0 high_carrier=1 carrier=1795.4Hz agc=0.00669 power=17 shaper_sets=640
FLOW [proto@0x104c4949e] Rx - primary_channel_rx: baud_rate=0 high_carrier=1 carrier=1795.4Hz agc=0.00669 power=12 shaper_sets=640
FLOW [proto@0x104c4949e] Rx - primary_channel_rx: baud_rate=0 high_carrier=1 carrier=1795.4Hz agc=0.00669 power=0 shaper_sets=640
[ME] RX dump mark: sample=202400 rx_stage=10 tx_stage=55 mod=3 guard_db=-6.0 guard_valid=1
FLOW [proto@0x104c4949e] Rx - primary_channel_rx: baud_rate=0 high_carrier=1 carrier=1795.4Hz agc=0.00669 power=10 shaper_sets=640
FLOW [proto@0x104c4949e] Rx - primary_channel_rx: baud_rate=0 high_carrier=1 carrier=1795.4Hz agc=0.00669 power=10 shaper_sets=640
FLOW [proto@0x104c4949e] Rx - Phase 3 Ja capture: emitted 116480 bits using hyp=0
FLOW [proto@0x104c4949e] Rx - primary_channel_rx: baud_rate=0 high_carrier=1 carrier=1795.4Hz agc=0.00669 power=10 shaper_sets=640
FLOW [proto@0x104c4949e] Rx - primary_channel_rx: baud_rate=0 high_carrier=1 carrier=1795.4Hz agc=0.00669 power=5 shaper_sets=640
FLOW [proto@0x104c4949e] Rx - primary_channel_rx: baud_rate=0 high_carrier=1 carrier=1795.4Hz agc=0.00669 power=29 shaper_sets=640
FLOW [proto@0x104c4949e] Rx - primary_channel_rx: baud_rate=0 high_carrier=1 carrier=1795.4Hz agc=0.00669 power=0 shaper_sets=640
FLOW [proto@0x104c4949e] Rx - primary_channel_rx: baud_rate=0 high_carrier=1 carrier=1795.4Hz agc=0.00669 power=17 shaper_sets=640
FLOW [proto@0x104c4949e] Rx - Phase 3 WAIT_S heartbeat: dur=4352 demod=0 event=0 j_bits=116702 trn_bits=111090 trn_hint=0/75%
FLOW [proto@0x104c4949e] Rx - Phase 3 TRN: best hyp=15 ones=55625/111104 (50%)
[ME] TX dump mark: sample=203200 rx_stage=10 tx_stage=55 mod=3
FLOW [proto@0x104c4949e] Rx - primary_channel_rx: baud_rate=0 high_carrier=1 carrier=1795.4Hz agc=0.00669 power=7 shaper_sets=640
FLOW [proto@0x104c4949e] Rx - Phase 3 Ja parser input: hyp0 len=116736 bits (stage=10, need ~16340 to parse)
FLOW [proto@0x104c4949e] Rx - Phase 3 Ja capture: emitted 116736 bits using hyp=0
FLOW [proto@0x104c4949e] Rx - primary_channel_rx: baud_rate=0 high_carrier=1 carrier=1795.4Hz agc=0.00669 power=12 shaper_sets=640
FLOW [proto@0x104c4949e] Rx - primary_channel_rx: baud_rate=0 high_carrier=1 carrier=1795.4Hz agc=0.00669 power=4 shaper_sets=640
[ME] RX dump mark: sample=203200 rx_stage=10 tx_stage=55 mod=3 guard_db=-6.0 guard_valid=1
FLOW [proto@0x104c4949e] Rx - primary_channel_rx: baud_rate=0 high_carrier=1 carrier=1795.4Hz agc=0.00669 power=13 shaper_sets=640
FLOW [proto@0x104c4949e] Rx - primary_channel_rx: baud_rate=0 high_carrier=1 carrier=1795.4Hz agc=0.00669 power=23 shaper_sets=640
FLOW [proto@0x104c4949e] Rx - primary_channel_rx: baud_rate=0 high_carrier=1 carrier=1795.4Hz agc=0.00669 power=10 shaper_sets=640
FLOW [proto@0x104c4949e] Rx - Phase 3 Ja capture: emitted 116992 bits using hyp=0
FLOW [proto@0x104c4949e] Rx - primary_channel_rx: baud_rate=0 high_carrier=1 carrier=1795.4Hz agc=0.00669 power=7 shaper_sets=640
FLOW [proto@0x104c4949e] Rx - primary_channel_rx: baud_rate=0 high_carrier=1 carrier=1795.4Hz agc=0.00669 power=1 shaper_sets=640
FLOW [proto@0x104c4949e] Rx - primary_channel_rx: baud_rate=0 high_carrier=1 carrier=1795.4Hz agc=0.00669 power=0 shaper_sets=640
FLOW [proto@0x104c4949e] Rx - primary_channel_rx: baud_rate=0 high_carrier=1 carrier=1795.4Hz agc=0.00669 power=14 shaper_sets=640
FLOW [proto@0x104c4949e] Rx - Phase 3 WAIT_S heartbeat: dur=4608 demod=0 event=0 j_bits=117214 trn_bits=111602 trn_hint=0/75%
[ME] TX dump mark: sample=204000 rx_stage=10 tx_stage=55 mod=3
FLOW [proto@0x104c4949e] Rx - primary_channel_rx: baud_rate=0 high_carrier=1 carrier=1795.4Hz agc=0.00669 power=4 shaper_sets=640
FLOW [proto@0x104c4949e] Rx - Phase 3 TRN: best hyp=15 ones=55865/111616 (50%)
FLOW [proto@0x104c4949e] Rx - Phase 3 Ja capture: emitted 117248 bits using hyp=0
FLOW [proto@0x104c4949e] Rx - primary_channel_rx: baud_rate=0 high_carrier=1 carrier=1795.4Hz agc=0.00669 power=16 shaper_sets=640
FLOW [proto@0x104c4949e] Rx - primary_channel_rx: baud_rate=0 high_carrier=1 carrier=1795.4Hz agc=0.00669 power=0 shaper_sets=640
[ME] RX dump mark: sample=204000 rx_stage=10 tx_stage=55 mod=3 guard_db=-6.0 guard_valid=1
FLOW [proto@0x104c4949e] Rx - primary_channel_rx: baud_rate=0 high_carrier=1 carrier=1795.4Hz agc=0.00669 power=4 shaper_sets=640
FLOW [proto@0x104c4949e] Rx - primary_channel_rx: baud_rate=0 high_carrier=1 carrier=1795.4Hz agc=0.00669 power=0 shaper_sets=640
FLOW [proto@0x104c4949e] Rx - primary_channel_rx: baud_rate=0 high_carrier=1 carrier=1795.4Hz agc=0.00669 power=11 shaper_sets=640
FLOW [proto@0x104c4949e] Rx - primary_channel_rx: baud_rate=0 high_carrier=1 carrier=1795.4Hz agc=0.00669 power=8 shaper_sets=640
FLOW [proto@0x104c4949e] Rx - Phase 3 Ja capture: emitted 117504 bits using hyp=0
FLOW [proto@0x104c4949e] Rx - primary_channel_rx: baud_rate=0 high_carrier=1 carrier=1795.4Hz agc=0.00669 power=15 shaper_sets=640
FLOW [proto@0x104c4949e] Rx - primary_channel_rx: baud_rate=0 high_carrier=1 carrier=1795.4Hz agc=0.00669 power=0 shaper_sets=640
FLOW [proto@0x104c4949e] Rx - primary_channel_rx: baud_rate=0 high_carrier=1 carrier=1795.4Hz agc=0.00669 power=23 shaper_sets=640
[ME] TX dump mark: sample=204800 rx_stage=10 tx_stage=55 mod=3
FLOW [proto@0x104c4949e] Rx - primary_channel_rx: baud_rate=0 high_carrier=1 carrier=1795.4Hz agc=0.00669 power=2 shaper_sets=640
FLOW [proto@0x104c4949e] Rx - Phase 3 WAIT_S heartbeat: dur=4864 demod=0 event=0 j_bits=117726 trn_bits=112114 trn_hint=0/75%
FLOW [proto@0x104c4949e] Rx - Phase 3 TRN: best hyp=15 ones=56139/112128 (50%)
FLOW [proto@0x104c4949e] Rx - primary_channel_rx: baud_rate=0 high_carrier=1 carrier=1795.4Hz agc=0.00669 power=14 shaper_sets=640
FLOW [proto@0x104c4949e] Rx - Phase 3 Ja capture: emitted 117760 bits using hyp=0
FLOW [proto@0x104c4949e] Rx - primary_channel_rx: baud_rate=0 high_carrier=1 carrier=1795.4Hz agc=0.00669 power=0 shaper_sets=640
[ME] RX dump mark: sample=204800 rx_stage=10 tx_stage=55 mod=3 guard_db=-6.0 guard_valid=1
FLOW [proto@0x104c4949e] Rx - primary_channel_rx: baud_rate=0 high_carrier=1 carrier=1795.4Hz agc=0.00669 power=13 shaper_sets=640
FLOW [proto@0x104c4949e] Rx - primary_channel_rx: baud_rate=0 high_carrier=1 carrier=1795.4Hz agc=0.00669 power=5 shaper_sets=640
FLOW [proto@0x104c4949e] Rx - primary_channel_rx: baud_rate=0 high_carrier=1 carrier=1795.4Hz agc=0.00669 power=17 shaper_sets=640
FLOW [proto@0x104c4949e] Rx - primary_channel_rx: baud_rate=0 high_carrier=1 carrier=1795.4Hz agc=0.00669 power=15 shaper_sets=640
FLOW [proto@0x104c4949e] Rx - Phase 3 S baud 5000: mag=0.024 data_bits=2 alt=8/32 stable=0 dom=2:15/32 rev=0/32 counts=6,5,15,6
FLOW [proto@0x104c4949e] Rx - Phase 3 Ja capture: emitted 118016 bits using hyp=0
FLOW [proto@0x104c4949e] Rx - primary_channel_rx: baud_rate=0 high_carrier=1 carrier=1795.4Hz agc=0.00669 power=14 shaper_sets=640
FLOW [proto@0x104c4949e] Rx - primary_channel_rx: baud_rate=0 high_carrier=1 carrier=1795.4Hz agc=0.00669 power=0 shaper_sets=640
FLOW [proto@0x104c4949e] Rx - primary_channel_rx: baud_rate=0 high_carrier=1 carrier=1795.4Hz agc=0.00669 power=4 shaper_sets=640
[ME] TX dump mark: sample=205600 rx_stage=10 tx_stage=55 mod=3
FLOW [proto@0x104c4949e] Rx - primary_channel_rx: baud_rate=0 high_carrier=1 carrier=1795.4Hz agc=0.00669 power=0 shaper_sets=640
FLOW [proto@0x104c4949e] Rx - primary_channel_rx: baud_rate=0 high_carrier=1 carrier=1795.4Hz agc=0.00669 power=14 shaper_sets=640
FLOW [proto@0x104c4949e] Rx - Phase 3 WAIT_S heartbeat: dur=5120 demod=0 event=0 j_bits=118238 trn_bits=112626 trn_hint=0/75%
FLOW [proto@0x104c4949e] Rx - Phase 3 TRN: best hyp=15 ones=56416/112640 (50%)
[ME] TX path: state=3 mod=3 fax_active=0 v34=0x700020000 v22bis=0x0
[ME] DIAG: cr_update calls=1600 phase_err=0.147 samples
FLOW [proto@0x104c4949e] Rx - primary_channel_rx: baud_rate=0 high_carrier=1 carrier=1795.4Hz agc=0.00669 power=9 shaper_sets=640
FLOW [proto@0x104c4949e] Rx - Phase 3 Ja capture: emitted 118272 bits using hyp=0
[ME] RX dump mark: sample=205600 rx_stage=10 tx_stage=55 mod=3 guard_db=-6.0 guard_valid=1
FLOW [proto@0x104c4949e] Rx - primary_channel_rx: baud_rate=0 high_carrier=1 carrier=1795.4Hz agc=0.00669 power=20 shaper_sets=640
FLOW [proto@0x104c4949e] Rx - primary_channel_rx: baud_rate=0 high_carrier=1 carrier=1795.4Hz agc=0.00669 power=11 shaper_sets=640
FLOW [proto@0x104c4949e] Rx - primary_channel_rx: baud_rate=0 high_carrier=1 carrier=1795.4Hz agc=0.00669 power=14 shaper_sets=640
FLOW [proto@0x104c4949e] Rx - primary_channel_rx: baud_rate=0 high_carrier=1 carrier=1795.4Hz agc=0.00669 power=5 shaper_sets=640
FLOW [proto@0x104c4949e] Rx - primary_channel_rx: baud_rate=0 high_carrier=1 carrier=1795.4Hz agc=0.00669 power=9 shaper_sets=640
FLOW [proto@0x104c4949e] Rx - Phase 3 Ja capture: emitted 118528 bits using hyp=0
FLOW [proto@0x104c4949e] Rx - primary_channel_rx: baud_rate=0 high_carrier=1 carrier=1795.4Hz agc=0.00669 power=7 shaper_sets=640
FLOW [proto@0x104c4949e] Rx - primary_channel_rx: baud_rate=0 high_carrier=1 carrier=1795.4Hz agc=0.00669 power=0 shaper_sets=640
[ME] TX dump mark: sample=206400 rx_stage=10 tx_stage=55 mod=3
FLOW [proto@0x104c4949e] Rx - primary_channel_rx: baud_rate=0 high_carrier=1 carrier=1795.4Hz agc=0.00669 power=2 shaper_sets=640
FLOW [proto@0x104c4949e] Rx - primary_channel_rx: baud_rate=0 high_carrier=1 carrier=1795.4Hz agc=0.00669 power=21 shaper_sets=640
FLOW [proto@0x104c4949e] Rx - Phase 3 WAIT_S heartbeat: dur=5376 demod=0 event=0 j_bits=118750 trn_bits=113138 trn_hint=0/75%
FLOW [proto@0x104c4949e] Rx - primary_channel_rx: baud_rate=0 high_carrier=1 carrier=1795.4Hz agc=0.00669 power=4 shaper_sets=640
FLOW [proto@0x104c4949e] Rx - Phase 3 TRN: best hyp=15 ones=56664/113152 (50%)
FLOW [proto@0x104c4949e] Rx - Phase 3 Ja parser input: hyp0 len=118784 bits (stage=10, need ~16340 to parse)
FLOW [proto@0x104c4949e] Rx - Phase 3 Ja capture: emitted 118784 bits using hyp=0
[ME] RX dump mark: sample=206400 rx_stage=10 tx_stage=55 mod=3 guard_db=-6.0 guard_valid=1
FLOW [proto@0x104c4949e] Rx - primary_channel_rx: baud_rate=0 high_carrier=1 carrier=1795.4Hz agc=0.00669 power=1 shaper_sets=640
FLOW [proto@0x104c4949e] Rx - primary_channel_rx: baud_rate=0 high_carrier=1 carrier=1795.4Hz agc=0.00669 power=14 shaper_sets=640
FLOW [proto@0x104c4949e] Rx - primary_channel_rx: baud_rate=0 high_carrier=1 carrier=1795.4Hz agc=0.00669 power=7 shaper_sets=640
FLOW [proto@0x104c4949e] Rx - primary_channel_rx: baud_rate=0 high_carrier=1 carrier=1795.4Hz agc=0.00669 power=0 shaper_sets=640
FLOW [proto@0x104c4949e] Rx - primary_channel_rx: baud_rate=0 high_carrier=1 carrier=1795.4Hz agc=0.00669 power=6 shaper_sets=640
FLOW [proto@0x104c4949e] Rx - primary_channel_rx: baud_rate=0 high_carrier=1 carrier=1795.4Hz agc=0.00669 power=17 shaper_sets=640
FLOW [proto@0x104c4949e] Rx - Phase 3 Ja capture: emitted 119040 bits using hyp=0
FLOW [proto@0x104c4949e] Rx - primary_channel_rx: baud_rate=0 high_carrier=1 carrier=1795.4Hz agc=0.00669 power=0 shaper_sets=640
[ME] TX dump mark: sample=207200 rx_stage=10 tx_stage=55 mod=3
FLOW [proto@0x104c4949e] Rx - primary_channel_rx: baud_rate=0 high_carrier=1 carrier=1795.4Hz agc=0.00669 power=0 shaper_sets=640
FLOW [proto@0x104c4949e] Rx - primary_channel_rx: baud_rate=0 high_carrier=1 carrier=1795.4Hz agc=0.00669 power=14 shaper_sets=640
FLOW [proto@0x104c4949e] Rx - primary_channel_rx: baud_rate=0 high_carrier=1 carrier=1795.4Hz agc=0.00669 power=7 shaper_sets=640
FLOW [proto@0x104c4949e] Rx - Phase 3 WAIT_S heartbeat: dur=5632 demod=0 event=0 j_bits=119262 trn_bits=113650 trn_hint=0/75%
FLOW [proto@0x104c4949e] Rx - Phase 3 TRN: best hyp=15 ones=56937/113664 (50%)
[ME] RX dump mark: sample=207200 rx_stage=10 tx_stage=55 mod=3 guard_db=-6.0 guard_valid=1
FLOW [proto@0x104c4949e] Rx - primary_channel_rx: baud_rate=0 high_carrier=1 carrier=1795.4Hz agc=0.00669 power=3 shaper_sets=640
FLOW [proto@0x104c4949e] Rx - Phase 3 Ja capture: emitted 119296 bits using hyp=0
FLOW [proto@0x104c4949e] Rx - primary_channel_rx: baud_rate=0 high_carrier=1 carrier=1795.4Hz agc=0.00669 power=4 shaper_sets=640
FLOW [proto@0x104c4949e] Rx - primary_channel_rx: baud_rate=0 high_carrier=1 carrier=1795.4Hz agc=0.00669 power=15 shaper_sets=640
FLOW [proto@0x104c4949e] Rx - primary_channel_rx: baud_rate=0 high_carrier=1 carrier=1795.4Hz agc=0.00669 power=6 shaper_sets=640
FLOW [proto@0x104c4949e] Rx - primary_channel_rx: baud_rate=0 high_carrier=1 carrier=1795.4Hz agc=0.00669 power=19 shaper_sets=640
FLOW [proto@0x104c4949e] Rx - primary_channel_rx: baud_rate=0 high_carrier=1 carrier=1795.4Hz agc=0.00669 power=9 shaper_sets=640
FLOW [proto@0x104c4949e] Rx - Phase 3 Ja capture: emitted 119552 bits using hyp=0
FLOW [proto@0x104c4949e] Rx - primary_channel_rx: baud_rate=0 high_carrier=1 carrier=1795.4Hz agc=0.00669 power=16 shaper_sets=640
[ME] TX dump mark: sample=208000 rx_stage=10 tx_stage=55 mod=3
[ME] Training TX: RMS=0.0 (8000 samples)
FLOW [proto@0x104c4949e] Rx - primary_channel_rx: baud_rate=0 high_carrier=1 carrier=1795.4Hz agc=0.00669 power=4 shaper_sets=640
FLOW [proto@0x104c4949e] Rx - primary_channel_rx: baud_rate=0 high_carrier=1 carrier=1795.4Hz agc=0.00669 power=15 shaper_sets=640
[ME] Training rx: RMS=3.7 (8000 samples)
FLOW [proto@0x104c4949e] Rx - primary_channel_rx: baud_rate=0 high_carrier=1 carrier=1795.4Hz agc=0.00669 power=0 shaper_sets=640
[ME] RX dump mark: sample=208000 rx_stage=10 tx_stage=55 mod=3 guard_db=-6.0 guard_valid=1
FLOW [proto@0x104c4949e] Rx - primary_channel_rx: baud_rate=0 high_carrier=1 carrier=1795.4Hz agc=0.00669 power=8 shaper_sets=640
FLOW [proto@0x104c4949e] Rx - Phase 3 WAIT_S heartbeat: dur=5888 demod=0 event=0 j_bits=119774 trn_bits=114162 trn_hint=0/75%
FLOW [proto@0x104c4949e] Rx - Phase 3 TRN: best hyp=15 ones=57169/114176 (50%)
FLOW [proto@0x104c4949e] Rx - primary_channel_rx: baud_rate=0 high_carrier=1 carrier=1795.4Hz agc=0.00669 power=0 shaper_sets=640
FLOW [proto@0x104c4949e] Rx - Phase 3 Ja capture: emitted 119808 bits using hyp=0
FLOW [proto@0x104c4949e] Rx - primary_channel_rx: baud_rate=0 high_carrier=1 carrier=1795.4Hz agc=0.00669 power=14 shaper_sets=640
FLOW [proto@0x104c4949e] Rx - primary_channel_rx: baud_rate=0 high_carrier=1 carrier=1795.4Hz agc=0.00669 power=13 shaper_sets=640
FLOW [proto@0x104c4949e] Rx - primary_channel_rx: baud_rate=0 high_carrier=1 carrier=1795.4Hz agc=0.00669 power=7 shaper_sets=640
FLOW [proto@0x104c4949e] Rx - Phase 3 S baud 6000: mag=0.005 data_bits=1 alt=4/32 stable=0 dom=3:12/32 rev=0/32 counts=5,5,10,12
FLOW [proto@0x104c4949e] Rx - Phase 3: S detect timeout (6000 bauds, alt=4/32 rev=0/32, j_bits=120000 trn_bits=114388 trn_hint=0/75%), continuing search
FLOW [proto@0x104c4949e] Rx - primary_channel_rx: baud_rate=0 high_carrier=1 carrier=1795.4Hz agc=0.00669 power=0 shaper_sets=640
FLOW [proto@0x104c4949e] Rx - Phase 3 WAIT_S heartbeat: dur=1 demod=0 event=0 j_bits=120000 trn_bits=114388 trn_hint=0/75%
FLOW [proto@0x104c4949e] Rx - Phase 3 S baud 1: mag=0.023 data_bits=0 alt=0/32 stable=0 dom=0:1/32 rev=0/32 counts=1,0,0,0
FLOW [proto@0x104c4949e] Rx - Phase 3 S baud 2: mag=0.024 data_bits=3 alt=0/32 stable=0 dom=0:1/32 rev=0/32 counts=1,0,0,1
FLOW [proto@0x104c4949e] Rx - Phase 3 S baud 3: mag=0.008 data_bits=0 alt=1/32 stable=0 dom=0:2/32 rev=0/32 counts=2,0,0,1
FLOW [proto@0x104c4949e] Rx - Phase 3 S baud 4: mag=0.008 data_bits=3 alt=2/32 stable=0 dom=0:2/32 rev=0/32 counts=2,0,0,2
FLOW [proto@0x104c4949e] Rx - primary_channel_rx: baud_rate=0 high_carrier=1 carrier=1795.4Hz agc=0.00669 power=14 shaper_sets=640
FLOW [proto@0x104c4949e] Rx - Phase 3 Ja capture: emitted 120064 bits using hyp=0
[ME] TX dump mark: sample=208800 rx_stage=10 tx_stage=55 mod=3
FLOW [proto@0x104c4949e] Rx - primary_channel_rx: baud_rate=0 high_carrier=1 carrier=1795.4Hz agc=0.00669 power=0 shaper_sets=640
FLOW [proto@0x104c4949e] Rx - primary_channel_rx: baud_rate=0 high_carrier=1 carrier=1795.4Hz agc=0.00669 power=9 shaper_sets=640
FLOW [proto@0x104c4949e] Rx - primary_channel_rx: baud_rate=0 high_carrier=1 carrier=1795.4Hz agc=0.00669 power=6 shaper_sets=640
[ME] RX dump mark: sample=208800 rx_stage=10 tx_stage=55 mod=3 guard_db=-6.0 guard_valid=1
FLOW [proto@0x104c4949e] Rx - primary_channel_rx: baud_rate=0 high_carrier=1 carrier=1795.4Hz agc=0.00669 power=13 shaper_sets=640
FLOW [proto@0x104c4949e] Rx - primary_channel_rx: baud_rate=0 high_carrier=1 carrier=1795.4Hz agc=0.00669 power=11 shaper_sets=640
FLOW [proto@0x104c4949e] Rx - Phase 3 Ja capture: emitted 120320 bits using hyp=0
FLOW [proto@0x104c4949e] Rx - primary_channel_rx: baud_rate=0 high_carrier=1 carrier=1795.4Hz agc=0.00669 power=13 shaper_sets=640
FLOW [proto@0x104c4949e] Rx - primary_channel_rx: baud_rate=0 high_carrier=1 carrier=1795.4Hz agc=0.00669 power=21 shaper_sets=640
FLOW [proto@0x104c4949e] Rx - primary_channel_rx: baud_rate=0 high_carrier=1 carrier=1795.4Hz agc=0.00669 power=17 shaper_sets=640
FLOW [proto@0x104c4949e] Rx - primary_channel_rx: baud_rate=0 high_carrier=1 carrier=1795.4Hz agc=0.00669 power=8 shaper_sets=640
FLOW [proto@0x104c4949e] Rx - Phase 3 WAIT_S heartbeat: dur=256 demod=0 event=0 j_bits=120510 trn_bits=114388 trn_hint=0/75%
FLOW [proto@0x104c4949e] Rx - primary_channel_rx: baud_rate=0 high_carrier=1 carrier=1795.4Hz agc=0.00669 power=19 shaper_sets=640
[ME] TX dump mark: sample=209600 rx_stage=10 tx_stage=55 mod=3
FLOW [proto@0x104c4949e] Rx - primary_channel_rx: baud_rate=0 high_carrier=1 carrier=1795.4Hz agc=0.00669 power=15 shaper_sets=640
FLOW [proto@0x104c4949e] Rx - Phase 3 Ja capture: emitted 120576 bits using hyp=0
FLOW [proto@0x104c4949e] Rx - primary_channel_rx: baud_rate=0 high_carrier=1 carrier=1795.4Hz agc=0.00669 power=5 shaper_sets=640
FLOW [proto@0x104c4949e] Rx - primary_channel_rx: baud_rate=0 high_carrier=1 carrier=1795.4Hz agc=0.00669 power=8 shaper_sets=640
[ME] RX dump mark: sample=209600 rx_stage=10 tx_stage=55 mod=3 guard_db=-6.0 guard_valid=1
FLOW [proto@0x104c4949e] Rx - primary_channel_rx: baud_rate=0 high_carrier=1 carrier=1795.4Hz agc=0.00669 power=4 shaper_sets=640
FLOW [proto@0x104c4949e] Rx - primary_channel_rx: baud_rate=0 high_carrier=1 carrier=1795.4Hz agc=0.00669 power=14 shaper_sets=640
FLOW [proto@0x104c4949e] Rx - Phase 3 TRN: best hyp=15 ones=57414/114688 (50%)
FLOW [proto@0x104c4949e] Rx - primary_channel_rx: baud_rate=0 high_carrier=1 carrier=1795.4Hz agc=0.00669 power=0 shaper_sets=640
FLOW [proto@0x104c4949e] Rx - Phase 3 Ja parser input: hyp0 len=120832 bits (stage=10, need ~16340 to parse)
FLOW [proto@0x104c4949e] Rx - Phase 3 Ja capture: emitted 120832 bits using hyp=0
FLOW [proto@0x104c4949e] Rx - primary_channel_rx: baud_rate=0 high_carrier=1 carrier=1795.4Hz agc=0.00669 power=7 shaper_sets=640
FLOW [proto@0x104c4949e] Rx - primary_channel_rx: baud_rate=0 high_carrier=1 carrier=1795.4Hz agc=0.00669 power=17 shaper_sets=640
FLOW [proto@0x104c4949e] Rx - primary_channel_rx: baud_rate=0 high_carrier=1 carrier=1795.4Hz agc=0.00669 power=10 shaper_sets=640
FLOW [proto@0x104c4949e] Rx - primary_channel_rx: baud_rate=0 high_carrier=1 carrier=1795.4Hz agc=0.00669 power=20 shaper_sets=640
FLOW [proto@0x104c4949e] Rx - Phase 3 WAIT_S heartbeat: dur=512 demod=0 event=0 j_bits=121022 trn_bits=114900 trn_hint=0/75%
[ME] TX dump mark: sample=210400 rx_stage=10 tx_stage=55 mod=3
FLOW [proto@0x104c4949e] Rx - primary_channel_rx: baud_rate=0 high_carrier=1 carrier=1795.4Hz agc=0.00669 power=7 shaper_sets=640
FLOW [proto@0x104c4949e] Rx - Phase 3 Ja capture: emitted 121088 bits using hyp=0
FLOW [proto@0x104c4949e] Rx - primary_channel_rx: baud_rate=0 high_carrier=1 carrier=1795.4Hz agc=0.00669 power=13 shaper_sets=640
FLOW [proto@0x104c4949e] Rx - primary_channel_rx: baud_rate=0 high_carrier=1 carrier=1795.4Hz agc=0.00669 power=12 shaper_sets=640
[ME] RX dump mark: sample=210400 rx_stage=10 tx_stage=55 mod=3 guard_db=-6.0 guard_valid=1
FLOW [proto@0x104c4949e] Rx - primary_channel_rx: baud_rate=0 high_carrier=1 carrier=1795.4Hz agc=0.00669 power=8 shaper_sets=640
FLOW [proto@0x104c4949e] Rx - primary_channel_rx: baud_rate=0 high_carrier=1 carrier=1795.4Hz agc=0.00669 power=15 shaper_sets=640
FLOW [proto@0x104c4949e] Rx - primary_channel_rx: baud_rate=0 high_carrier=1 carrier=1795.4Hz agc=0.00669 power=21 shaper_sets=640
FLOW [proto@0x104c4949e] Rx - Phase 3 TRN: best hyp=15 ones=57664/115200 (50%)
FLOW [proto@0x104c4949e] Rx - primary_channel_rx: baud_rate=0 high_carrier=1 carrier=1795.4Hz agc=0.00669 power=14 shaper_sets=640
FLOW [proto@0x104c4949e] Rx - Phase 3 Ja capture: emitted 121344 bits using hyp=0
FLOW [proto@0x104c4949e] Rx - primary_channel_rx: baud_rate=0 high_carrier=1 carrier=1795.4Hz agc=0.00669 power=1 shaper_sets=640
FLOW [proto@0x104c4949e] Rx - primary_channel_rx: baud_rate=0 high_carrier=1 carrier=1795.4Hz agc=0.00669 power=31 shaper_sets=640
FLOW [proto@0x104c4949e] Rx - primary_channel_rx: baud_rate=0 high_carrier=1 carrier=1795.4Hz agc=0.00669 power=11 shaper_sets=640
FLOW [proto@0x104c4949e] Rx - Phase 3 WAIT_S heartbeat: dur=768 demod=0 event=0 j_bits=121534 trn_bits=115412 trn_hint=0/75%
[ME] TX dump mark: sample=211200 rx_stage=10 tx_stage=55 mod=3
FLOW [proto@0x104c4949e] Rx - primary_channel_rx: baud_rate=0 high_carrier=1 carrier=1795.4Hz agc=0.00669 power=14 shaper_sets=640
FLOW [proto@0x104c4949e] Rx - primary_channel_rx: baud_rate=0 high_carrier=1 carrier=1795.4Hz agc=0.00669 power=23 shaper_sets=640
FLOW [proto@0x104c4949e] Rx - Phase 3 Ja capture: emitted 121600 bits using hyp=0
FLOW [proto@0x104c4949e] Rx - primary_channel_rx: baud_rate=0 high_carrier=1 carrier=1795.4Hz agc=0.00669 power=12 shaper_sets=640
[ME] RX dump mark: sample=211200 rx_stage=10 tx_stage=55 mod=3 guard_db=-6.0 guard_valid=1
FLOW [proto@0x104c4949e] Rx - primary_channel_rx: baud_rate=0 high_carrier=1 carrier=1795.4Hz agc=0.00669 power=17 shaper_sets=640
FLOW [proto@0x104c4949e] Rx - primary_channel_rx: baud_rate=0 high_carrier=1 carrier=1795.4Hz agc=0.00669 power=0 shaper_sets=640
FLOW [proto@0x104c4949e] Rx - primary_channel_rx: baud_rate=0 high_carrier=1 carrier=1795.4Hz agc=0.00669 power=14 shaper_sets=640
FLOW [proto@0x104c4949e] Rx - primary_channel_rx: baud_rate=0 high_carrier=1 carrier=1795.4Hz agc=0.00669 power=4 shaper_sets=640
FLOW [proto@0x104c4949e] Rx - Phase 3 TRN: best hyp=18 ones=57941/115712 (50%)
FLOW [proto@0x104c4949e] Rx - Phase 3 Ja capture: emitted 121856 bits using hyp=0
FLOW [proto@0x104c4949e] Rx - primary_channel_rx: baud_rate=0 high_carrier=1 carrier=1795.4Hz agc=0.00669 power=9 shaper_sets=640
FLOW [proto@0x104c4949e] Rx - primary_channel_rx: baud_rate=0 high_carrier=1 carrier=1795.4Hz agc=0.00669 power=3 shaper_sets=640
FLOW [proto@0x104c4949e] Rx - primary_channel_rx: baud_rate=0 high_carrier=1 carrier=1795.4Hz agc=0.00669 power=0 shaper_sets=640
FLOW [proto@0x104c4949e] Rx - Phase 3 S baud 1000: mag=0.007 data_bits=3 alt=8/32 stable=0 dom=3:12/32 rev=0/32 counts=8,3,9,12
[ME] TX dump mark: sample=212000 rx_stage=10 tx_stage=55 mod=3
FLOW [proto@0x104c4949e] Rx - primary_channel_rx: baud_rate=0 high_carrier=1 carrier=1795.4Hz agc=0.00669 power=8 shaper_sets=640
FLOW [proto@0x104c4949e] Rx - Phase 3 WAIT_S heartbeat: dur=1024 demod=0 event=0 j_bits=122046 trn_bits=115924 trn_hint=0/75%
FLOW [proto@0x104c4949e] Rx - primary_channel_rx: baud_rate=0 high_carrier=1 carrier=1795.4Hz agc=0.00669 power=7 shaper_sets=640
FLOW [proto@0x104c4949e] Rx - primary_channel_rx: baud_rate=0 high_carrier=1 carrier=1795.4Hz agc=0.00669 power=11 shaper_sets=640
FLOW [proto@0x104c4949e] Rx - Phase 3 Ja capture: emitted 122112 bits using hyp=0
[ME] RX dump mark: sample=212000 rx_stage=10 tx_stage=55 mod=3 guard_db=-6.0 guard_valid=1
FLOW [proto@0x104c4949e] Rx - primary_channel_rx: baud_rate=0 high_carrier=1 carrier=1795.4Hz agc=0.00669 power=8 shaper_sets=640
FLOW [proto@0x104c4949e] Rx - primary_channel_rx: baud_rate=0 high_carrier=1 carrier=1795.4Hz agc=0.00669 power=2 shaper_sets=640
FLOW [proto@0x104c4949e] Rx - primary_channel_rx: baud_rate=0 high_carrier=1 carrier=1795.4Hz agc=0.00669 power=5 shaper_sets=640
FLOW [proto@0x104c4949e] Rx - primary_channel_rx: baud_rate=0 high_carrier=1 carrier=1795.4Hz agc=0.00669 power=3 shaper_sets=640
FLOW [proto@0x104c4949e] Rx - Phase 3 TRN: best hyp=18 ones=58188/116224 (50%)
FLOW [proto@0x104c4949e] Rx - primary_channel_rx: baud_rate=0 high_carrier=1 carrier=1795.4Hz agc=0.00669 power=8 shaper_sets=640
FLOW [proto@0x104c4949e] Rx - Phase 3 Ja capture: emitted 122368 bits using hyp=0
FLOW [proto@0x104c4949e] Rx - primary_channel_rx: baud_rate=0 high_carrier=1 carrier=1795.4Hz agc=0.00669 power=4 shaper_sets=640
FLOW [proto@0x104c4949e] Rx - primary_channel_rx: baud_rate=0 high_carrier=1 carrier=1795.4Hz agc=0.00669 power=25 shaper_sets=640
[ME] TX dump mark: sample=212800 rx_stage=10 tx_stage=55 mod=3
FLOW [proto@0x104c4949e] Rx - primary_channel_rx: baud_rate=0 high_carrier=1 carrier=1795.4Hz agc=0.00669 power=4 shaper_sets=640
FLOW [proto@0x104c4949e] Rx - primary_channel_rx: baud_rate=0 high_carrier=1 carrier=1795.4Hz agc=0.00669 power=15 shaper_sets=640
FLOW [proto@0x104c4949e] Rx - Phase 3 WAIT_S heartbeat: dur=1280 demod=0 event=0 j_bits=122558 trn_bits=116436 trn_hint=0/75%
FLOW [proto@0x104c4949e] Rx - primary_channel_rx: baud_rate=0 high_carrier=1 carrier=1795.4Hz agc=0.00669 power=9 shaper_sets=640
FLOW [proto@0x104c4949e] Rx - Phase 3 Ja capture: emitted 122624 bits using hyp=0
[ME] RX dump mark: sample=212800 rx_stage=10 tx_stage=55 mod=3 guard_db=-6.0 guard_valid=1
FLOW [proto@0x104c4949e] Rx - primary_channel_rx: baud_rate=0 high_carrier=1 carrier=1795.4Hz agc=0.00669 power=6 shaper_sets=640
FLOW [proto@0x104c4949e] Rx - primary_channel_rx: baud_rate=0 high_carrier=1 carrier=1795.4Hz agc=0.00669 power=13 shaper_sets=640
FLOW [proto@0x104c4949e] Rx - primary_channel_rx: baud_rate=0 high_carrier=1 carrier=1795.4Hz agc=0.00669 power=4 shaper_sets=640
FLOW [proto@0x104c4949e] Rx - primary_channel_rx: baud_rate=0 high_carrier=1 carrier=1795.4Hz agc=0.00669 power=4 shaper_sets=640
FLOW [proto@0x104c4949e] Rx - primary_channel_rx: baud_rate=0 high_carrier=1 carrier=1795.4Hz agc=0.00669 power=17 shaper_sets=640
FLOW [proto@0x104c4949e] Rx - Phase 3 TRN: best hyp=18 ones=58459/116736 (50%)
FLOW [proto@0x104c4949e] Rx - primary_channel_rx: baud_rate=0 high_carrier=1 carrier=1795.4Hz agc=0.00669 power=0 shaper_sets=640
FLOW [proto@0x104c4949e] Rx - Phase 3 Ja parser input: hyp0 len=122880 bits (stage=10, need ~16340 to parse)
FLOW [proto@0x104c4949e] Rx - Phase 3 Ja capture: emitted 122880 bits using hyp=0
FLOW [proto@0x104c4949e] Rx - primary_channel_rx: baud_rate=0 high_carrier=1 carrier=1795.4Hz agc=0.00669 power=8 shaper_sets=640
[ME] TX dump mark: sample=213600 rx_stage=10 tx_stage=55 mod=3
FLOW [proto@0x104c4949e] Rx - primary_channel_rx: baud_rate=0 high_carrier=1 carrier=1795.4Hz agc=0.00669 power=8 shaper_sets=640
FLOW [proto@0x104c4949e] Rx - primary_channel_rx: baud_rate=0 high_carrier=1 carrier=1795.4Hz agc=0.00669 power=12 shaper_sets=640
FLOW [proto@0x104c4949e] Rx - Phase 3 WAIT_S heartbeat: dur=1536 demod=0 event=0 j_bits=123070 trn_bits=116948 trn_hint=0/75%
[ME] TX path: state=3 mod=3 fax_active=0 v34=0x700020000 v22bis=0x0
FLOW [proto@0x104c4949e] Rx - primary_channel_rx: baud_rate=0 high_carrier=1 carrier=1795.4Hz agc=0.00669 power=1 shaper_sets=640
[ME] RX dump mark: sample=213600 rx_stage=10 tx_stage=55 mod=3 guard_db=-6.0 guard_valid=1
FLOW [proto@0x104c4949e] Rx - primary_channel_rx: baud_rate=0 high_carrier=1 carrier=1795.4Hz agc=0.00669 power=15 shaper_sets=640
FLOW [proto@0x104c4949e] Rx - Phase 3 Ja capture: emitted 123136 bits using hyp=0
FLOW [proto@0x104c4949e] Rx - primary_channel_rx: baud_rate=0 high_carrier=1 carrier=1795.4Hz agc=0.00669 power=11 shaper_sets=640
FLOW [proto@0x104c4949e] Rx - primary_channel_rx: baud_rate=0 high_carrier=1 carrier=1795.4Hz agc=0.00669 power=8 shaper_sets=640
FLOW [proto@0x104c4949e] Rx - primary_channel_rx: baud_rate=0 high_carrier=1 carrier=1795.4Hz agc=0.00669 power=7 shaper_sets=640
FLOW [proto@0x104c4949e] Rx - primary_channel_rx: baud_rate=0 high_carrier=1 carrier=1795.4Hz agc=0.00669 power=2 shaper_sets=640
FLOW [proto@0x104c4949e] Rx - primary_channel_rx: baud_rate=0 high_carrier=1 carrier=1795.4Hz agc=0.00669 power=0 shaper_sets=640
FLOW [proto@0x104c4949e] Rx - Phase 3 TRN: best hyp=18 ones=58711/117248 (50%)
FLOW [proto@0x104c4949e] Rx - Phase 3 Ja capture: emitted 123392 bits using hyp=0
FLOW [proto@0x104c4949e] Rx - primary_channel_rx: baud_rate=0 high_carrier=1 carrier=1795.4Hz agc=0.00669 power=6 shaper_sets=640
[ME] TX dump mark: sample=214400 rx_stage=10 tx_stage=55 mod=3
FLOW [proto@0x104c4949e] Rx - primary_channel_rx: baud_rate=0 high_carrier=1 carrier=1795.4Hz agc=0.00669 power=11 shaper_sets=640
FLOW [proto@0x104c4949e] Rx - primary_channel_rx: baud_rate=0 high_carrier=1 carrier=1795.4Hz agc=0.00669 power=13 shaper_sets=640
FLOW [proto@0x104c4949e] Rx - primary_channel_rx: baud_rate=0 high_carrier=1 carrier=1795.4Hz agc=0.00669 power=5 shaper_sets=640
FLOW [proto@0x104c4949e] Rx - Phase 3 WAIT_S heartbeat: dur=1792 demod=0 event=0 j_bits=123582 trn_bits=117460 trn_hint=0/75%
[ME] RX dump mark: sample=214400 rx_stage=10 tx_stage=55 mod=3 guard_db=-6.0 guard_valid=1
FLOW [proto@0x104c4949e] Rx - primary_channel_rx: baud_rate=0 high_carrier=1 carrier=1795.4Hz agc=0.00669 power=11 shaper_sets=640
FLOW [proto@0x104c4949e] Rx - primary_channel_rx: baud_rate=0 high_carrier=1 carrier=1795.4Hz agc=0.00669 power=0 shaper_sets=640
FLOW [proto@0x104c4949e] Rx - Phase 3 Ja capture: emitted 123648 bits using hyp=0
FLOW [proto@0x104c4949e] Rx - primary_channel_rx: baud_rate=0 high_carrier=1 carrier=1795.4Hz agc=0.00669 power=17 shaper_sets=640
FLOW [proto@0x104c4949e] Rx - primary_channel_rx: baud_rate=0 high_carrier=1 carrier=1795.4Hz agc=0.00669 power=0 shaper_sets=640
FLOW [proto@0x104c4949e] Rx - primary_channel_rx: baud_rate=0 high_carrier=1 carrier=1795.4Hz agc=0.00669 power=11 shaper_sets=640
FLOW [proto@0x104c4949e] Rx - primary_channel_rx: baud_rate=0 high_carrier=1 carrier=1795.4Hz agc=0.00669 power=7 shaper_sets=640
FLOW [proto@0x104c4949e] Rx - Phase 3 TRN: best hyp=18 ones=58960/117760 (50%)
FLOW [proto@0x104c4949e] Rx - primary_channel_rx: baud_rate=0 high_carrier=1 carrier=1795.4Hz agc=0.00669 power=0 shaper_sets=640
FLOW [proto@0x104c4949e] Rx - Phase 3 Ja capture: emitted 123904 bits using hyp=0
[ME] TX dump mark: sample=215200 rx_stage=10 tx_stage=55 mod=3
FLOW [proto@0x104c4949e] Rx - primary_channel_rx: baud_rate=0 high_carrier=1 carrier=1795.4Hz agc=0.00669 power=10 shaper_sets=640
FLOW [proto@0x104c4949e] Rx - primary_channel_rx: baud_rate=0 high_carrier=1 carrier=1795.4Hz agc=0.00669 power=4 shaper_sets=640
FLOW [proto@0x104c4949e] Rx - Phase 3 S baud 2000: mag=0.040 data_bits=1 alt=6/32 stable=0 dom=3:15/32 rev=0/32 counts=5,4,8,15
FLOW [proto@0x104c4949e] Rx - primary_channel_rx: baud_rate=0 high_carrier=1 carrier=1795.4Hz agc=0.00669 power=3 shaper_sets=640
[ME] RX dump mark: sample=215200 rx_stage=10 tx_stage=55 mod=3 guard_db=-6.0 guard_valid=1
FLOW [proto@0x104c4949e] Rx - primary_channel_rx: baud_rate=0 high_carrier=1 carrier=1795.4Hz agc=0.00669 power=5 shaper_sets=640
FLOW [proto@0x104c4949e] Rx - Phase 3 WAIT_S heartbeat: dur=2048 demod=0 event=0 j_bits=124094 trn_bits=117972 trn_hint=0/75%
FLOW [proto@0x104c4949e] Rx - primary_channel_rx: baud_rate=0 high_carrier=1 carrier=1795.4Hz agc=0.00669 power=10 shaper_sets=640
FLOW [proto@0x104c4949e] Rx - Phase 3 Ja capture: emitted 124160 bits using hyp=0
FLOW [proto@0x104c4949e] Rx - primary_channel_rx: baud_rate=0 high_carrier=1 carrier=1795.4Hz agc=0.00669 power=13 shaper_sets=640
FLOW [proto@0x104c4949e] Rx - primary_channel_rx: baud_rate=0 high_carrier=1 carrier=1795.4Hz agc=0.00669 power=7 shaper_sets=640
FLOW [proto@0x104c4949e] Rx - primary_channel_rx: baud_rate=0 high_carrier=1 carrier=1795.4Hz agc=0.00669 power=13 shaper_sets=640
FLOW [proto@0x104c4949e] Rx - primary_channel_rx: baud_rate=0 high_carrier=1 carrier=1795.4Hz agc=0.00669 power=8 shaper_sets=640
FLOW [proto@0x104c4949e] Rx - primary_channel_rx: baud_rate=0 high_carrier=1 carrier=1795.4Hz agc=0.00669 power=15 shaper_sets=640
FLOW [proto@0x104c4949e] Rx - Phase 3 TRN: best hyp=18 ones=59230/118272 (50%)
[ME] TX dump mark: sample=216000 rx_stage=10 tx_stage=55 mod=3
[ME] Training TX: RMS=0.0 (8000 samples)
FLOW [proto@0x104c4949e] Rx - primary_channel_rx: baud_rate=0 high_carrier=1 carrier=1795.4Hz agc=0.00669 power=3 shaper_sets=640
FLOW [proto@0x104c4949e] Rx - Phase 3 Ja capture: emitted 124416 bits using hyp=0
FLOW [proto@0x104c4949e] Rx - primary_channel_rx: baud_rate=0 high_carrier=1 carrier=1795.4Hz agc=0.00669 power=8 shaper_sets=640
[ME] Training rx: RMS=3.7 (8000 samples)
FLOW [proto@0x104c4949e] Rx - primary_channel_rx: baud_rate=0 high_carrier=1 carrier=1795.4Hz agc=0.00669 power=2 shaper_sets=640
[ME] RX dump mark: sample=216000 rx_stage=10 tx_stage=55 mod=3 guard_db=-6.0 guard_valid=1
FLOW [proto@0x104c4949e] Rx - primary_channel_rx: baud_rate=0 high_carrier=1 carrier=1795.4Hz agc=0.00669 power=11 shaper_sets=640
FLOW [proto@0x104c4949e] Rx - Phase 3 WAIT_S heartbeat: dur=2304 demod=0 event=0 j_bits=124606 trn_bits=118484 trn_hint=0/75%
FLOW [proto@0x104c4949e] Rx - primary_channel_rx: baud_rate=0 high_carrier=1 carrier=1795.4Hz agc=0.00669 power=2 shaper_sets=640
FLOW [proto@0x104c4949e] Rx - primary_channel_rx: baud_rate=0 high_carrier=1 carrier=1795.4Hz agc=0.00669 power=1 shaper_sets=640
FLOW [proto@0x104c4949e] Rx - Phase 3 Ja capture: emitted 124672 bits using hyp=0
FLOW [proto@0x104c4949e] Rx - primary_channel_rx: baud_rate=0 high_carrier=1 carrier=1795.4Hz agc=0.00669 power=6 shaper_sets=640
FLOW [proto@0x104c4949e] Rx - primary_channel_rx: baud_rate=0 high_carrier=1 carrier=1795.4Hz agc=0.00669 power=0 shaper_sets=640
FLOW [proto@0x104c4949e] Rx - primary_channel_rx: baud_rate=0 high_carrier=1 carrier=1795.4Hz agc=0.00669 power=3 shaper_sets=640
FLOW [proto@0x104c4949e] Rx - primary_channel_rx: baud_rate=0 high_carrier=1 carrier=1795.4Hz agc=0.00669 power=10 shaper_sets=640
[ME] TX dump mark: sample=216800 rx_stage=10 tx_stage=55 mod=3
FLOW [proto@0x104c4949e] Rx - primary_channel_rx: baud_rate=0 high_carrier=1 carrier=1795.4Hz agc=0.00669 power=0 shaper_sets=640
FLOW [proto@0x104c4949e] Rx - Phase 3 TRN: best hyp=18 ones=59490/118784 (50%)
FLOW [proto@0x104c4949e] Rx - Phase 3 Ja parser input: hyp0 len=124928 bits (stage=10, need ~16340 to parse)
FLOW [proto@0x104c4949e] Rx - Phase 3 Ja capture: emitted 124928 bits using hyp=0
FLOW [proto@0x104c4949e] Rx - primary_channel_rx: baud_rate=0 high_carrier=1 carrier=1795.4Hz agc=0.00669 power=5 shaper_sets=640
FLOW [proto@0x104c4949e] Rx - primary_channel_rx: baud_rate=0 high_carrier=1 carrier=1795.4Hz agc=0.00669 power=13 shaper_sets=640
[ME] RX dump mark: sample=216800 rx_stage=10 tx_stage=55 mod=3 guard_db=-6.0 guard_valid=1
FLOW [proto@0x104c4949e] Rx - primary_channel_rx: baud_rate=0 high_carrier=1 carrier=1795.4Hz agc=0.00669 power=3 shaper_sets=640
FLOW [proto@0x104c4949e] Rx - primary_channel_rx: baud_rate=0 high_carrier=1 carrier=1795.4Hz agc=0.00669 power=11 shaper_sets=640
FLOW [proto@0x104c4949e] Rx - Phase 3 WAIT_S heartbeat: dur=2560 demod=0 event=0 j_bits=125118 trn_bits=118996 trn_hint=0/75%
FLOW [proto@0x104c4949e] Rx - primary_channel_rx: baud_rate=0 high_carrier=1 carrier=1795.4Hz agc=0.00669 power=23 shaper_sets=640
FLOW [proto@0x104c4949e] Rx - primary_channel_rx: baud_rate=0 high_carrier=1 carrier=1795.4Hz agc=0.00669 power=0 shaper_sets=640
FLOW [proto@0x104c4949e] Rx - Phase 3 Ja capture: emitted 125184 bits using hyp=0
FLOW [proto@0x104c4949e] Rx - primary_channel_rx: baud_rate=0 high_carrier=1 carrier=1795.4Hz agc=0.00669 power=13 shaper_sets=640
FLOW [proto@0x104c4949e] Rx - primary_channel_rx: baud_rate=0 high_carrier=1 carrier=1795.4Hz agc=0.00669 power=0 shaper_sets=640
FLOW [proto@0x104c4949e] Rx - primary_channel_rx: baud_rate=0 high_carrier=1 carrier=1795.4Hz agc=0.00669 power=9 shaper_sets=640
[ME] TX dump mark: sample=217600 rx_stage=10 tx_stage=55 mod=3
FLOW [proto@0x104c4949e] Rx - primary_channel_rx: baud_rate=0 high_carrier=1 carrier=1795.4Hz agc=0.00669 power=0 shaper_sets=640
FLOW [proto@0x104c4949e] Rx - Phase 3 TRN: best hyp=18 ones=59768/119296 (50%)
FLOW [proto@0x104c4949e] Rx - primary_channel_rx: baud_rate=0 high_carrier=1 carrier=1795.4Hz agc=0.00669 power=0 shaper_sets=640
FLOW [proto@0x104c4949e] Rx - Phase 3 Ja capture: emitted 125440 bits using hyp=0
FLOW [proto@0x104c4949e] Rx - primary_channel_rx: baud_rate=0 high_carrier=1 carrier=1795.4Hz agc=0.00669 power=0 shaper_sets=640
[ME] RX dump mark: sample=217600 rx_stage=10 tx_stage=55 mod=3 guard_db=-6.0 guard_valid=1
FLOW [proto@0x104c4949e] Rx - primary_channel_rx: baud_rate=0 high_carrier=1 carrier=1795.4Hz agc=0.00669 power=10 shaper_sets=640
FLOW [proto@0x104c4949e] Rx - primary_channel_rx: baud_rate=0 high_carrier=1 carrier=1795.4Hz agc=0.00669 power=10 shaper_sets=640
FLOW [proto@0x104c4949e] Rx - primary_channel_rx: baud_rate=0 high_carrier=1 carrier=1795.4Hz agc=0.00669 power=5 shaper_sets=640
FLOW [proto@0x104c4949e] Rx - Phase 3 WAIT_S heartbeat: dur=2816 demod=0 event=0 j_bits=125630 trn_bits=119508 trn_hint=0/75%
FLOW [proto@0x104c4949e] Rx - primary_channel_rx: baud_rate=0 high_carrier=1 carrier=1795.4Hz agc=0.00669 power=4 shaper_sets=640
FLOW [proto@0x104c4949e] Rx - Phase 3 Ja capture: emitted 125696 bits using hyp=0
FLOW [proto@0x104c4949e] Rx - primary_channel_rx: baud_rate=0 high_carrier=1 carrier=1795.4Hz agc=0.00669 power=5 shaper_sets=640
FLOW [proto@0x104c4949e] Rx - primary_channel_rx: baud_rate=0 high_carrier=1 carrier=1795.4Hz agc=0.00669 power=10 shaper_sets=640
FLOW [proto@0x104c4949e] Rx - primary_channel_rx: baud_rate=0 high_carrier=1 carrier=1795.4Hz agc=0.00669 power=14 shaper_sets=640
[ME] TX dump mark: sample=218400 rx_stage=10 tx_stage=55 mod=3
FLOW [proto@0x104c4949e] Rx - primary_channel_rx: baud_rate=0 high_carrier=1 carrier=1795.4Hz agc=0.00669 power=3 shaper_sets=640
FLOW [proto@0x104c4949e] Rx - primary_channel_rx: baud_rate=0 high_carrier=1 carrier=1795.4Hz agc=0.00669 power=3 shaper_sets=640
FLOW [proto@0x104c4949e] Rx - Phase 3 TRN: best hyp=18 ones=60030/119808 (50%)
FLOW [proto@0x104c4949e] Rx - primary_channel_rx: baud_rate=0 high_carrier=1 carrier=1795.4Hz agc=0.00669 power=0 shaper_sets=640
FLOW [proto@0x104c4949e] Rx - Phase 3 Ja capture: emitted 125952 bits using hyp=0
FLOW [proto@0x104c4949e] Rx - Phase 3 S baud 3000: mag=0.015 data_bits=0 alt=7/32 stable=0 dom=3:13/32 rev=0/32 counts=9,2,8,13
[ME] RX dump mark: sample=218400 rx_stage=10 tx_stage=55 mod=3 guard_db=-6.0 guard_valid=1
FLOW [proto@0x104c4949e] Rx - primary_channel_rx: baud_rate=0 high_carrier=1 carrier=1795.4Hz agc=0.00669 power=5 shaper_sets=640
FLOW [proto@0x104c4949e] Rx - primary_channel_rx: baud_rate=0 high_carrier=1 carrier=1795.4Hz agc=0.00669 power=3 shaper_sets=640
FLOW [proto@0x104c4949e] Rx - primary_channel_rx: baud_rate=0 high_carrier=1 carrier=1795.4Hz agc=0.00669 power=9 shaper_sets=640
FLOW [proto@0x104c4949e] Rx - Phase 3 WAIT_S heartbeat: dur=3072 demod=0 event=0 j_bits=126142 trn_bits=120020 trn_hint=0/75%
FLOW [proto@0x104c4949e] Rx - primary_channel_rx: baud_rate=0 high_carrier=1 carrier=1795.4Hz agc=0.00669 power=12 shaper_sets=640
FLOW [proto@0x104c4949e] Rx - primary_channel_rx: baud_rate=0 high_carrier=1 carrier=1795.4Hz agc=0.00669 power=15 shaper_sets=640
FLOW [proto@0x104c4949e] Rx - Phase 3 Ja capture: emitted 126208 bits using hyp=0
FLOW [proto@0x104c4949e] Rx - primary_channel_rx: baud_rate=0 high_carrier=1 carrier=1795.4Hz agc=0.00669 power=3 shaper_sets=640
FLOW [proto@0x104c4949e] Rx - primary_channel_rx: baud_rate=0 high_carrier=1 carrier=1795.4Hz agc=0.00669 power=1 shaper_sets=640
[ME] TX dump mark: sample=219200 rx_stage=10 tx_stage=55 mod=3
FLOW [proto@0x104c4949e] Rx - primary_channel_rx: baud_rate=0 high_carrier=1 carrier=1795.4Hz agc=0.00669 power=8 shaper_sets=640
FLOW [proto@0x104c4949e] Rx - primary_channel_rx: baud_rate=0 high_carrier=1 carrier=1795.4Hz agc=0.00669 power=18 shaper_sets=640
FLOW [proto@0x104c4949e] Rx - primary_channel_rx: baud_rate=0 high_carrier=1 carrier=1795.4Hz agc=0.00669 power=4 shaper_sets=640
FLOW [proto@0x104c4949e] Rx - Phase 3 TRN: best hyp=18 ones=60299/120320 (50%)
FLOW [proto@0x104c4949e] Rx - Phase 3 Ja capture: emitted 126464 bits using hyp=0
[ME] RX dump mark: sample=219200 rx_stage=10 tx_stage=55 mod=3 guard_db=-6.0 guard_valid=1
FLOW [proto@0x104c4949e] Rx - primary_channel_rx: baud_rate=0 high_carrier=1 carrier=1795.4Hz agc=0.00669 power=4 shaper_sets=640
FLOW [proto@0x104c4949e] Rx - primary_channel_rx: baud_rate=0 high_carrier=1 carrier=1795.4Hz agc=0.00669 power=0 shaper_sets=640
FLOW [proto@0x104c4949e] Rx - primary_channel_rx: baud_rate=0 high_carrier=1 carrier=1795.4Hz agc=0.00669 power=13 shaper_sets=640
FLOW [proto@0x104c4949e] Rx - primary_channel_rx: baud_rate=0 high_carrier=1 carrier=1795.4Hz agc=0.00669 power=0 shaper_sets=640
FLOW [proto@0x104c4949e] Rx - Phase 3 WAIT_S heartbeat: dur=3328 demod=0 event=0 j_bits=126654 trn_bits=120532 trn_hint=0/75%
FLOW [proto@0x104c4949e] Rx - primary_channel_rx: baud_rate=0 high_carrier=1 carrier=1795.4Hz agc=0.00669 power=8 shaper_sets=640
FLOW [proto@0x104c4949e] Rx - primary_channel_rx: baud_rate=0 high_carrier=1 carrier=1795.4Hz agc=0.00669 power=7 shaper_sets=640
FLOW [proto@0x104c4949e] Rx - Phase 3 Ja capture: emitted 126720 bits using hyp=0
FLOW [proto@0x104c4949e] Rx - primary_channel_rx: baud_rate=0 high_carrier=1 carrier=1795.4Hz agc=0.00669 power=14 shaper_sets=640
[ME] TX dump mark: sample=220000 rx_stage=10 tx_stage=55 mod=3
FLOW [proto@0x104c4949e] Rx - primary_channel_rx: baud_rate=0 high_carrier=1 carrier=1795.4Hz agc=0.00669 power=14 shaper_sets=640
FLOW [proto@0x104c4949e] Rx - primary_channel_rx: baud_rate=0 high_carrier=1 carrier=1795.4Hz agc=0.00669 power=12 shaper_sets=640
FLOW [proto@0x104c4949e] Rx - primary_channel_rx: baud_rate=0 high_carrier=1 carrier=1795.4Hz agc=0.00669 power=0 shaper_sets=640
FLOW [proto@0x104c4949e] Rx - Phase 3 TRN: best hyp=18 ones=60572/120832 (50%)
[ME] RX dump mark: sample=220000 rx_stage=10 tx_stage=55 mod=3 guard_db=-6.0 guard_valid=1
FLOW [proto@0x104c4949e] Rx - primary_channel_rx: baud_rate=0 high_carrier=1 carrier=1795.4Hz agc=0.00669 power=13 shaper_sets=640
FLOW [proto@0x104c4949e] Rx - Phase 3 Ja parser input: hyp0 len=126976 bits (stage=10, need ~16340 to parse)
FLOW [proto@0x104c4949e] Rx - Phase 3 Ja capture: emitted 126976 bits using hyp=0
FLOW [proto@0x104c4949e] Rx - primary_channel_rx: baud_rate=0 high_carrier=1 carrier=1795.4Hz agc=0.00669 power=4 shaper_sets=640
FLOW [proto@0x104c4949e] Rx - primary_channel_rx: baud_rate=0 high_carrier=1 carrier=1795.4Hz agc=0.00669 power=2 shaper_sets=640
FLOW [proto@0x104c4949e] Rx - primary_channel_rx: baud_rate=0 high_carrier=1 carrier=1795.4Hz agc=0.00669 power=11 shaper_sets=640
FLOW [proto@0x104c4949e] Rx - primary_channel_rx: baud_rate=0 high_carrier=1 carrier=1795.4Hz agc=0.00669 power=0 shaper_sets=640
FLOW [proto@0x104c4949e] Rx - Phase 3 WAIT_S heartbeat: dur=3584 demod=0 event=0 j_bits=127166 trn_bits=121044 trn_hint=0/75%
FLOW [proto@0x104c4949e] Rx - primary_channel_rx: baud_rate=0 high_carrier=1 carrier=1795.4Hz agc=0.00669 power=1 shaper_sets=640
FLOW [proto@0x104c4949e] Rx - Phase 3 Ja capture: emitted 127232 bits using hyp=0
FLOW [proto@0x104c4949e] Rx - primary_channel_rx: baud_rate=0 high_carrier=1 carrier=1795.4Hz agc=0.00669 power=4 shaper_sets=640
[ME] TX dump mark: sample=220800 rx_stage=10 tx_stage=55 mod=3
FLOW [proto@0x104c4949e] Rx - primary_channel_rx: baud_rate=0 high_carrier=1 carrier=1795.4Hz agc=0.00669 power=12 shaper_sets=640
FLOW [proto@0x104c4949e] Rx - primary_channel_rx: baud_rate=0 high_carrier=1 carrier=1795.4Hz agc=0.00669 power=7 shaper_sets=640
FLOW [proto@0x104c4949e] Rx - primary_channel_rx: baud_rate=0 high_carrier=1 carrier=1795.4Hz agc=0.00669 power=3 shaper_sets=640
[ME] RX dump mark: sample=220800 rx_stage=10 tx_stage=55 mod=3 guard_db=-6.0 guard_valid=1
FLOW [proto@0x104c4949e] Rx - primary_channel_rx: baud_rate=0 high_carrier=1 carrier=1795.4Hz agc=0.00669 power=5 shaper_sets=640
FLOW [proto@0x104c4949e] Rx - Phase 3 TRN: best hyp=18 ones=60805/121344 (50%)
FLOW [proto@0x104c4949e] Rx - primary_channel_rx: baud_rate=0 high_carrier=1 carrier=1795.4Hz agc=0.00669 power=4 shaper_sets=640
FLOW [proto@0x104c4949e] Rx - Phase 3 Ja capture: emitted 127488 bits using hyp=0
FLOW [proto@0x104c4949e] Rx - primary_channel_rx: baud_rate=0 high_carrier=1 carrier=1795.4Hz agc=0.00669 power=0 shaper_sets=640
FLOW [proto@0x104c4949e] Rx - primary_channel_rx: baud_rate=0 high_carrier=1 carrier=1795.4Hz agc=0.00669 power=4 shaper_sets=640
FLOW [proto@0x104c4949e] Rx - primary_channel_rx: baud_rate=0 high_carrier=1 carrier=1795.4Hz agc=0.00669 power=0 shaper_sets=640
FLOW [proto@0x104c4949e] Rx - Phase 3 WAIT_S heartbeat: dur=3840 demod=0 event=0 j_bits=127678 trn_bits=121556 trn_hint=0/75%
FLOW [proto@0x104c4949e] Rx - primary_channel_rx: baud_rate=0 high_carrier=1 carrier=1795.4Hz agc=0.00669 power=13 shaper_sets=640
FLOW [proto@0x104c4949e] Rx - primary_channel_rx: baud_rate=0 high_carrier=1 carrier=1795.4Hz agc=0.00669 power=4 shaper_sets=640
FLOW [proto@0x104c4949e] Rx - Phase 3 Ja capture: emitted 127744 bits using hyp=0
[ME] TX dump mark: sample=221600 rx_stage=10 tx_stage=55 mod=3
FLOW [proto@0x104c4949e] Rx - primary_channel_rx: baud_rate=0 high_carrier=1 carrier=1795.4Hz agc=0.00669 power=1 shaper_sets=640
FLOW [proto@0x104c4949e] Rx - primary_channel_rx: baud_rate=0 high_carrier=1 carrier=1795.4Hz agc=0.00669 power=15 shaper_sets=640
[ME] TX path: state=3 mod=3 fax_active=0 v34=0x700020000 v22bis=0x0
[ME] DIAG: cr_update calls=1700 phase_err=0.188 samples
FLOW [proto@0x104c4949e] Rx - primary_channel_rx: baud_rate=0 high_carrier=1 carrier=1795.4Hz agc=0.00669 power=0 shaper_sets=640
[ME] RX dump mark: sample=221600 rx_stage=10 tx_stage=55 mod=3 guard_db=-6.0 guard_valid=1
FLOW [proto@0x104c4949e] Rx - primary_channel_rx: baud_rate=0 high_carrier=1 carrier=1795.4Hz agc=0.00669 power=15 shaper_sets=640
FLOW [proto@0x104c4949e] Rx - primary_channel_rx: baud_rate=0 high_carrier=1 carrier=1795.4Hz agc=0.00669 power=0 shaper_sets=640
FLOW [proto@0x104c4949e] Rx - Phase 3 TRN: best hyp=18 ones=61051/121856 (50%)
FLOW [proto@0x104c4949e] Rx - Phase 3 S baud 4000: mag=0.016 data_bits=0 alt=9/32 stable=0 dom=3:12/32 rev=0/32 counts=6,5,9,12
FLOW [proto@0x104c4949e] Rx - Phase 3 Ja capture: emitted 128000 bits using hyp=0
FLOW [proto@0x104c4949e] Rx - primary_channel_rx: baud_rate=0 high_carrier=1 carrier=1795.4Hz agc=0.00669 power=4 shaper_sets=640
FLOW [proto@0x104c4949e] Rx - primary_channel_rx: baud_rate=0 high_carrier=1 carrier=1795.4Hz agc=0.00669 power=9 shaper_sets=640
FLOW [proto@0x104c4949e] Rx - primary_channel_rx: baud_rate=0 high_carrier=1 carrier=1795.4Hz agc=0.00669 power=9 shaper_sets=640
FLOW [proto@0x104c4949e] Rx - primary_channel_rx: baud_rate=0 high_carrier=1 carrier=1795.4Hz agc=0.00669 power=13 shaper_sets=640
FLOW [proto@0x104c4949e] Rx - Phase 3 WAIT_S heartbeat: dur=4096 demod=0 event=0 j_bits=128190 trn_bits=122068 trn_hint=0/75%
FLOW [proto@0x104c4949e] Rx - primary_channel_rx: baud_rate=0 high_carrier=1 carrier=1795.4Hz agc=0.00669 power=7 shaper_sets=640
[ME] TX dump mark: sample=222400 rx_stage=10 tx_stage=55 mod=3
FLOW [proto@0x104c4949e] Rx - primary_channel_rx: baud_rate=0 high_carrier=1 carrier=1795.4Hz agc=0.00669 power=0 shaper_sets=640
FLOW [proto@0x104c4949e] Rx - Phase 3 Ja capture: emitted 128256 bits using hyp=0
FLOW [proto@0x104c4949e] Rx - primary_channel_rx: baud_rate=0 high_carrier=1 carrier=1795.4Hz agc=0.00669 power=12 shaper_sets=640
FLOW [proto@0x104c4949e] Rx - primary_channel_rx: baud_rate=0 high_carrier=1 carrier=1795.4Hz agc=0.00669 power=1 shaper_sets=640
[ME] RX dump mark: sample=222400 rx_stage=10 tx_stage=55 mod=3 guard_db=-6.0 guard_valid=1
FLOW [proto@0x104c4949e] Rx - primary_channel_rx: baud_rate=0 high_carrier=1 carrier=1795.4Hz agc=0.00669 power=10 shaper_sets=640
FLOW [proto@0x104c4949e] Rx - primary_channel_rx: baud_rate=0 high_carrier=1 carrier=1795.4Hz agc=0.00669 power=0 shaper_sets=640
FLOW [proto@0x104c4949e] Rx - Phase 3 TRN: best hyp=18 ones=61316/122368 (50%)
FLOW [proto@0x104c4949e] Rx - primary_channel_rx: baud_rate=0 high_carrier=1 carrier=1795.4Hz agc=0.00669 power=10 shaper_sets=640
FLOW [proto@0x104c4949e] Rx - Phase 3 Ja capture: emitted 128512 bits using hyp=0
FLOW [proto@0x104c4949e] Rx - primary_channel_rx: baud_rate=0 high_carrier=1 carrier=1795.4Hz agc=0.00669 power=15 shaper_sets=640
FLOW [proto@0x104c4949e] Rx - primary_channel_rx: baud_rate=0 high_carrier=1 carrier=1795.4Hz agc=0.00669 power=5 shaper_sets=640
FLOW [proto@0x104c4949e] Rx - primary_channel_rx: baud_rate=0 high_carrier=1 carrier=1795.4Hz agc=0.00669 power=5 shaper_sets=640
FLOW [proto@0x104c4949e] Rx - primary_channel_rx: baud_rate=0 high_carrier=1 carrier=1795.4Hz agc=0.00669 power=21 shaper_sets=640
FLOW [proto@0x104c4949e] Rx - Phase 3 WAIT_S heartbeat: dur=4352 demod=0 event=0 j_bits=128702 trn_bits=122580 trn_hint=0/75%
[ME] TX dump mark: sample=223200 rx_stage=10 tx_stage=55 mod=3
FLOW [proto@0x104c4949e] Rx - primary_channel_rx: baud_rate=0 high_carrier=1 carrier=1795.4Hz agc=0.00669 power=0 shaper_sets=640
FLOW [proto@0x104c4949e] Rx - Phase 3 Ja capture: emitted 128768 bits using hyp=0
FLOW [proto@0x104c4949e] Rx - primary_channel_rx: baud_rate=0 high_carrier=1 carrier=1795.4Hz agc=0.00669 power=6 shaper_sets=640
FLOW [proto@0x104c4949e] Rx - primary_channel_rx: baud_rate=0 high_carrier=1 carrier=1795.4Hz agc=0.00669 power=4 shaper_sets=640
[ME] RX dump mark: sample=223200 rx_stage=10 tx_stage=55 mod=3 guard_db=-6.0 guard_valid=1
FLOW [proto@0x104c4949e] Rx - primary_channel_rx: baud_rate=0 high_carrier=1 carrier=1795.4Hz agc=0.00669 power=13 shaper_sets=640
FLOW [proto@0x104c4949e] Rx - primary_channel_rx: baud_rate=0 high_carrier=1 carrier=1795.4Hz agc=0.00669 power=9 shaper_sets=640
FLOW [proto@0x104c4949e] Rx - primary_channel_rx: baud_rate=0 high_carrier=1 carrier=1795.4Hz agc=0.00669 power=20 shaper_sets=640
FLOW [proto@0x104c4949e] Rx - Phase 3 TRN: best hyp=18 ones=61563/122880 (50%)
FLOW [proto@0x104c4949e] Rx - primary_channel_rx: baud_rate=0 high_carrier=1 carrier=1795.4Hz agc=0.00669 power=1 shaper_sets=640
FLOW [proto@0x104c4949e] Rx - Phase 3 Ja parser input: hyp0 len=129024 bits (stage=10, need ~16340 to parse)
FLOW [proto@0x104c4949e] Rx - Phase 3 Ja capture: emitted 129024 bits using hyp=0
FLOW [proto@0x104c4949e] Rx - primary_channel_rx: baud_rate=0 high_carrier=1 carrier=1795.4Hz agc=0.00669 power=9 shaper_sets=640
FLOW [proto@0x104c4949e] Rx - primary_channel_rx: baud_rate=0 high_carrier=1 carrier=1795.4Hz agc=0.00669 power=3 shaper_sets=640
FLOW [proto@0x104c4949e] Rx - primary_channel_rx: baud_rate=0 high_carrier=1 carrier=1795.4Hz agc=0.00669 power=1 shaper_sets=640
FLOW [proto@0x104c4949e] Rx - Phase 3 WAIT_S heartbeat: dur=4608 demod=0 event=0 j_bits=129214 trn_bits=123092 trn_hint=0/75%
[ME] TX dump mark: sample=224000 rx_stage=10 tx_stage=55 mod=3
[ME] Training TX: RMS=0.0 (8000 samples)
FLOW [proto@0x104c4949e] Rx - primary_channel_rx: baud_rate=0 high_carrier=1 carrier=1795.4Hz agc=0.00669 power=0 shaper_sets=640
FLOW [proto@0x104c4949e] Rx - primary_channel_rx: baud_rate=0 high_carrier=1 carrier=1795.4Hz agc=0.00669 power=12 shaper_sets=640
FLOW [proto@0x104c4949e] Rx - Phase 3 Ja capture: emitted 129280 bits using hyp=0
[ME] Training rx: RMS=3.7 (8000 samples)
FLOW [proto@0x104c4949e] Rx - primary_channel_rx: baud_rate=0 high_carrier=1 carrier=1795.4Hz agc=0.00669 power=11 shaper_sets=640
[ME] RX dump mark: sample=224000 rx_stage=10 tx_stage=55 mod=3 guard_db=-6.0 guard_valid=1
FLOW [proto@0x104c4949e] Rx - primary_channel_rx: baud_rate=0 high_carrier=1 carrier=1795.4Hz agc=0.00669 power=6 shaper_sets=640
FLOW [proto@0x104c4949e] Rx - primary_channel_rx: baud_rate=0 high_carrier=1 carrier=1795.4Hz agc=0.00669 power=5 shaper_sets=640
FLOW [proto@0x104c4949e] Rx - primary_channel_rx: baud_rate=0 high_carrier=1 carrier=1795.4Hz agc=0.00669 power=3 shaper_sets=640
FLOW [proto@0x104c4949e] Rx - primary_channel_rx: baud_rate=0 high_carrier=1 carrier=1795.4Hz agc=0.00669 power=0 shaper_sets=640
FLOW [proto@0x104c4949e] Rx - Phase 3 TRN: best hyp=18 ones=61808/123392 (50%)
FLOW [proto@0x104c4949e] Rx - Phase 3 Ja capture: emitted 129536 bits using hyp=0
FLOW [proto@0x104c4949e] Rx - primary_channel_rx: baud_rate=0 high_carrier=1 carrier=1795.4Hz agc=0.00669 power=19 shaper_sets=640
FLOW [proto@0x104c4949e] Rx - primary_channel_rx: baud_rate=0 high_carrier=1 carrier=1795.4Hz agc=0.00669 power=12 shaper_sets=640
FLOW [proto@0x104c4949e] Rx - primary_channel_rx: baud_rate=0 high_carrier=1 carrier=1795.4Hz agc=0.00669 power=3 shaper_sets=640
[ME] TX dump mark: sample=224800 rx_stage=10 tx_stage=55 mod=3
FLOW [proto@0x104c4949e] Rx - primary_channel_rx: baud_rate=0 high_carrier=1 carrier=1795.4Hz agc=0.00669 power=3 shaper_sets=640
FLOW [proto@0x104c4949e] Rx - Phase 3 WAIT_S heartbeat: dur=4864 demod=0 event=0 j_bits=129726 trn_bits=123604 trn_hint=0/75%
FLOW [proto@0x104c4949e] Rx - primary_channel_rx: baud_rate=0 high_carrier=1 carrier=1795.4Hz agc=0.00669 power=6 shaper_sets=640
FLOW [proto@0x104c4949e] Rx - primary_channel_rx: baud_rate=0 high_carrier=1 carrier=1795.4Hz agc=0.00669 power=13 shaper_sets=640
FLOW [proto@0x104c4949e] Rx - Phase 3 Ja capture: emitted 129792 bits using hyp=0
[ME] RX dump mark: sample=224800 rx_stage=10 tx_stage=55 mod=3 guard_db=-6.0 guard_valid=1
FLOW [proto@0x104c4949e] Rx - primary_channel_rx: baud_rate=0 high_carrier=1 carrier=1795.4Hz agc=0.00669 power=1 shaper_sets=640
FLOW [proto@0x104c4949e] Rx - primary_channel_rx: baud_rate=0 high_carrier=1 carrier=1795.4Hz agc=0.00669 power=0 shaper_sets=640
FLOW [proto@0x104c4949e] Rx - primary_channel_rx: baud_rate=0 high_carrier=1 carrier=1795.4Hz agc=0.00669 power=0 shaper_sets=640
FLOW [proto@0x104c4949e] Rx - primary_channel_rx: baud_rate=0 high_carrier=1 carrier=1795.4Hz agc=0.00669 power=1 shaper_sets=640
FLOW [proto@0x104c4949e] Rx - Phase 3 S baud 5000: mag=0.019 data_bits=2 alt=3/32 stable=0 dom=2:12/32 rev=0/32 counts=4,7,12,9
FLOW [proto@0x104c4949e] Rx - Phase 3 TRN: best hyp=18 ones=62077/123904 (50%)
FLOW [proto@0x104c4949e] Rx - primary_channel_rx: baud_rate=0 high_carrier=1 carrier=1795.4Hz agc=0.00669 power=0 shaper_sets=640
FLOW [proto@0x104c4949e] Rx - Phase 3 Ja capture: emitted 130048 bits using hyp=0
FLOW [proto@0x104c4949e] Rx - primary_channel_rx: baud_rate=0 high_carrier=1 carrier=1795.4Hz agc=0.00669 power=9 shaper_sets=640
FLOW [proto@0x104c4949e] Rx - primary_channel_rx: baud_rate=0 high_carrier=1 carrier=1795.4Hz agc=0.00669 power=19 shaper_sets=640
[ME] TX dump mark: sample=225600 rx_stage=10 tx_stage=55 mod=3
FLOW [proto@0x104c4949e] Rx - primary_channel_rx: baud_rate=0 high_carrier=1 carrier=1795.4Hz agc=0.00669 power=4 shaper_sets=640
FLOW [proto@0x104c4949e] Rx - primary_channel_rx: baud_rate=0 high_carrier=1 carrier=1795.4Hz agc=0.00669 power=0 shaper_sets=640
FLOW [proto@0x104c4949e] Rx - Phase 3 WAIT_S heartbeat: dur=5120 demod=0 event=0 j_bits=130238 trn_bits=124116 trn_hint=0/75%
FLOW [proto@0x104c4949e] Rx - primary_channel_rx: baud_rate=0 high_carrier=1 carrier=1795.4Hz agc=0.00669 power=0 shaper_sets=640
FLOW [proto@0x104c4949e] Rx - Phase 3 Ja capture: emitted 130304 bits using hyp=0
[ME] RX dump mark: sample=225600 rx_stage=10 tx_stage=55 mod=3 guard_db=-6.0 guard_valid=1
FLOW [proto@0x104c4949e] Rx - primary_channel_rx: baud_rate=0 high_carrier=1 carrier=1795.4Hz agc=0.00669 power=10 shaper_sets=640
FLOW [proto@0x104c4949e] Rx - primary_channel_rx: baud_rate=0 high_carrier=1 carrier=1795.4Hz agc=0.00669 power=5 shaper_sets=640
FLOW [proto@0x104c4949e] Rx - primary_channel_rx: baud_rate=0 high_carrier=1 carrier=1795.4Hz agc=0.00669 power=11 shaper_sets=640
FLOW [proto@0x104c4949e] Rx - primary_channel_rx: baud_rate=0 high_carrier=1 carrier=1795.4Hz agc=0.00669 power=0 shaper_sets=640
FLOW [proto@0x104c4949e] Rx - primary_channel_rx: baud_rate=0 high_carrier=1 carrier=1795.4Hz agc=0.00669 power=6 shaper_sets=640
FLOW [proto@0x104c4949e] Rx - Phase 3 TRN: best hyp=18 ones=62338/124416 (50%)
FLOW [proto@0x104c4949e] Rx - primary_channel_rx: baud_rate=0 high_carrier=1 carrier=1795.4Hz agc=0.00669 power=16 shaper_sets=640
FLOW [proto@0x104c4949e] Rx - Phase 3 Ja capture: emitted 130560 bits using hyp=0
FLOW [proto@0x104c4949e] Rx - primary_channel_rx: baud_rate=0 high_carrier=1 carrier=1795.4Hz agc=0.00669 power=0 shaper_sets=640
[ME] TX dump mark: sample=226400 rx_stage=10 tx_stage=55 mod=3
FLOW [proto@0x104c4949e] Rx - primary_channel_rx: baud_rate=0 high_carrier=1 carrier=1795.4Hz agc=0.00669 power=0 shaper_sets=640
FLOW [proto@0x104c4949e] Rx - primary_channel_rx: baud_rate=0 high_carrier=1 carrier=1795.4Hz agc=0.00669 power=6 shaper_sets=640
FLOW [proto@0x104c4949e] Rx - Phase 3 WAIT_S heartbeat: dur=5376 demod=0 event=0 j_bits=130750 trn_bits=124628 trn_hint=0/75%
FLOW [proto@0x104c4949e] Rx - primary_channel_rx: baud_rate=0 high_carrier=1 carrier=1795.4Hz agc=0.00669 power=8 shaper_sets=640
[ME] RX dump mark: sample=226400 rx_stage=10 tx_stage=55 mod=3 guard_db=-6.0 guard_valid=1
FLOW [proto@0x104c4949e] Rx - primary_channel_rx: baud_rate=0 high_carrier=1 carrier=1795.4Hz agc=0.00669 power=14 shaper_sets=640
FLOW [proto@0x104c4949e] Rx - Phase 3 Ja capture: emitted 130816 bits using hyp=0
FLOW [proto@0x104c4949e] Rx - primary_channel_rx: baud_rate=0 high_carrier=1 carrier=1795.4Hz agc=0.00669 power=6 shaper_sets=640
FLOW [proto@0x104c4949e] Rx - primary_channel_rx: baud_rate=0 high_carrier=1 carrier=1795.4Hz agc=0.00669 power=0 shaper_sets=640
FLOW [proto@0x104c4949e] Rx - primary_channel_rx: baud_rate=0 high_carrier=1 carrier=1795.4Hz agc=0.00669 power=9 shaper_sets=640
FLOW [proto@0x104c4949e] Rx - primary_channel_rx: baud_rate=0 high_carrier=1 carrier=1795.4Hz agc=0.00669 power=14 shaper_sets=640
FLOW [proto@0x104c4949e] Rx - primary_channel_rx: baud_rate=0 high_carrier=1 carrier=1795.4Hz agc=0.00669 power=7 shaper_sets=640
FLOW [proto@0x104c4949e] Rx - Phase 3 TRN: best hyp=18 ones=62604/124928 (50%)
FLOW [proto@0x104c4949e] Rx - Phase 3 Ja parser input: hyp0 len=131072 bits (stage=10, need ~16340 to parse)
FLOW [proto@0x104c4949e] Rx - Phase 3 Ja capture: emitted 131072 bits using hyp=0
FLOW [proto@0x104c4949e] Rx - primary_channel_rx: baud_rate=0 high_carrier=1 carrier=1795.4Hz agc=0.00669 power=0 shaper_sets=640
[ME] TX dump mark: sample=227200 rx_stage=10 tx_stage=55 mod=3
FLOW [proto@0x104c4949e] Rx - primary_channel_rx: baud_rate=0 high_carrier=1 carrier=1795.4Hz agc=0.00669 power=0 shaper_sets=640
FLOW [proto@0x104c4949e] Rx - primary_channel_rx: baud_rate=0 high_carrier=1 carrier=1795.4Hz agc=0.00669 power=21 shaper_sets=640
FLOW [proto@0x104c4949e] Rx - primary_channel_rx: baud_rate=0 high_carrier=1 carrier=1795.4Hz agc=0.00669 power=0 shaper_sets=640
FLOW [proto@0x104c4949e] Rx - Phase 3 WAIT_S heartbeat: dur=5632 demod=0 event=0 j_bits=131262 trn_bits=125140 trn_hint=0/75%
[ME] RX dump mark: sample=227200 rx_stage=10 tx_stage=55 mod=3 guard_db=-6.0 guard_valid=1
FLOW [proto@0x104c4949e] Rx - primary_channel_rx: baud_rate=0 high_carrier=1 carrier=1795.4Hz agc=0.00669 power=4 shaper_sets=640
FLOW [proto@0x104c4949e] Rx - primary_channel_rx: baud_rate=0 high_carrier=1 carrier=1795.4Hz agc=0.00669 power=11 shaper_sets=640
FLOW [proto@0x104c4949e] Rx - Phase 3 Ja capture: emitted 131328 bits using hyp=0
FLOW [proto@0x104c4949e] Rx - primary_channel_rx: baud_rate=0 high_carrier=1 carrier=1795.4Hz agc=0.00669 power=5 shaper_sets=640
FLOW [proto@0x104c4949e] Rx - primary_channel_rx: baud_rate=0 high_carrier=1 carrier=1795.4Hz agc=0.00669 power=19 shaper_sets=640
FLOW [proto@0x104c4949e] Rx - primary_channel_rx: baud_rate=0 high_carrier=1 carrier=1795.4Hz agc=0.00669 power=9 shaper_sets=640
FLOW [proto@0x104c4949e] Rx - primary_channel_rx: baud_rate=0 high_carrier=1 carrier=1795.4Hz agc=0.00669 power=0 shaper_sets=640
FLOW [proto@0x104c4949e] Rx - Phase 3 TRN: best hyp=18 ones=62868/125440 (50%)
FLOW [proto@0x104c4949e] Rx - primary_channel_rx: baud_rate=0 high_carrier=1 carrier=1795.4Hz agc=0.00669 power=14 shaper_sets=640
FLOW [proto@0x104c4949e] Rx - Phase 3 Ja capture: emitted 131584 bits using hyp=0
[ME] TX dump mark: sample=228000 rx_stage=10 tx_stage=55 mod=3
FLOW [proto@0x104c4949e] Rx - primary_channel_rx: baud_rate=0 high_carrier=1 carrier=1795.4Hz agc=0.00669 power=4 shaper_sets=640
FLOW [proto@0x104c4949e] Rx - primary_channel_rx: baud_rate=0 high_carrier=1 carrier=1795.4Hz agc=0.00669 power=11 shaper_sets=640
FLOW [proto@0x104c4949e] Rx - primary_channel_rx: baud_rate=0 high_carrier=1 carrier=1795.4Hz agc=0.00669 power=2 shaper_sets=640
[ME] RX dump mark: sample=228000 rx_stage=10 tx_stage=55 mod=3 guard_db=-6.0 guard_valid=1
FLOW [proto@0x104c4949e] Rx - primary_channel_rx: baud_rate=0 high_carrier=1 carrier=1795.4Hz agc=0.00669 power=0 shaper_sets=640
FLOW [proto@0x104c4949e] Rx - Phase 3 WAIT_S heartbeat: dur=5888 demod=0 event=0 j_bits=131774 trn_bits=125652 trn_hint=0/75%
FLOW [proto@0x104c4949e] Rx - primary_channel_rx: baud_rate=0 high_carrier=1 carrier=1795.4Hz agc=0.00669 power=0 shaper_sets=640
FLOW [proto@0x104c4949e] Rx - Phase 3 Ja capture: emitted 131840 bits using hyp=0
FLOW [proto@0x104c4949e] Rx - primary_channel_rx: baud_rate=0 high_carrier=1 carrier=1795.4Hz agc=0.00669 power=8 shaper_sets=640
FLOW [proto@0x104c4949e] Rx - primary_channel_rx: baud_rate=0 high_carrier=1 carrier=1795.4Hz agc=0.00669 power=3 shaper_sets=640
FLOW [proto@0x104c4949e] Rx - primary_channel_rx: baud_rate=0 high_carrier=1 carrier=1795.4Hz agc=0.00669 power=10 shaper_sets=640
FLOW [proto@0x104c4949e] Rx - Phase 3 S baud 6000: mag=0.034 data_bits=3 alt=5/32 stable=0 dom=3:14/32 rev=0/32 counts=8,6,4,14
FLOW [proto@0x104c4949e] Rx - Phase 3: S detect timeout (6000 bauds, alt=5/32 rev=0/32, j_bits=132000 trn_bits=125878 trn_hint=0/75%), continuing search
FLOW [proto@0x104c4949e] Rx - primary_channel_rx: baud_rate=0 high_carrier=1 carrier=1795.4Hz agc=0.00669 power=11 shaper_sets=640
FLOW [proto@0x104c4949e] Rx - Phase 3 WAIT_S heartbeat: dur=1 demod=0 event=0 j_bits=132000 trn_bits=125878 trn_hint=0/75%
FLOW [proto@0x104c4949e] Rx - Phase 3 S baud 1: mag=0.014 data_bits=2 alt=0/32 stable=0 dom=2:1/32 rev=0/32 counts=0,0,1,0
FLOW [proto@0x104c4949e] Rx - Phase 3 S baud 2: mag=0.004 data_bits=3 alt=0/32 stable=0 dom=2:1/32 rev=0/32 counts=0,0,1,1
FLOW [proto@0x104c4949e] Rx - Phase 3 S baud 3: mag=0.009 data_bits=3 alt=0/32 stable=0 dom=3:2/32 rev=0/32 counts=0,0,1,2
FLOW [proto@0x104c4949e] Rx - Phase 3 S baud 4: mag=0.024 data_bits=2 alt=0/32 stable=0 dom=2:2/32 rev=0/32 counts=0,0,2,2
FLOW [proto@0x104c4949e] Rx - primary_channel_rx: baud_rate=0 high_carrier=1 carrier=1795.4Hz agc=0.00669 power=1 shaper_sets=640
[ME] TX dump mark: sample=228800 rx_stage=10 tx_stage=55 mod=3
FLOW [proto@0x104c4949e] Rx - primary_channel_rx: baud_rate=0 high_carrier=1 carrier=1795.4Hz agc=0.00669 power=0 shaper_sets=640
FLOW [proto@0x104c4949e] Rx - Phase 3 Ja capture: emitted 132096 bits using hyp=0
FLOW [proto@0x104c4949e] Rx - primary_channel_rx: baud_rate=0 high_carrier=1 carrier=1795.4Hz agc=0.00669 power=8 shaper_sets=640
FLOW [proto@0x104c4949e] Rx - primary_channel_rx: baud_rate=0 high_carrier=1 carrier=1795.4Hz agc=0.00669 power=15 shaper_sets=640
[ME] RX dump mark: sample=228800 rx_stage=10 tx_stage=55 mod=3 guard_db=-6.0 guard_valid=1
FLOW [proto@0x104c4949e] Rx - primary_channel_rx: baud_rate=0 high_carrier=1 carrier=1795.4Hz agc=0.00669 power=12 shaper_sets=640
FLOW [proto@0x104c4949e] Rx - primary_channel_rx: baud_rate=0 high_carrier=1 carrier=1795.4Hz agc=0.00669 power=6 shaper_sets=640
FLOW [proto@0x104c4949e] Rx - primary_channel_rx: baud_rate=0 high_carrier=1 carrier=1795.4Hz agc=0.00669 power=6 shaper_sets=640
FLOW [proto@0x104c4949e] Rx - Phase 3 Ja capture: emitted 132352 bits using hyp=0
FLOW [proto@0x104c4949e] Rx - primary_channel_rx: baud_rate=0 high_carrier=1 carrier=1795.4Hz agc=0.00669 power=4 shaper_sets=640
FLOW [proto@0x104c4949e] Rx - primary_channel_rx: baud_rate=0 high_carrier=1 carrier=1795.4Hz agc=0.00669 power=15 shaper_sets=640
FLOW [proto@0x104c4949e] Rx - primary_channel_rx: baud_rate=0 high_carrier=1 carrier=1795.4Hz agc=0.00669 power=12 shaper_sets=640
FLOW [proto@0x104c4949e] Rx - Phase 3 WAIT_S heartbeat: dur=256 demod=0 event=0 j_bits=132510 trn_bits=125878 trn_hint=0/75%
FLOW [proto@0x104c4949e] Rx - primary_channel_rx: baud_rate=0 high_carrier=1 carrier=1795.4Hz agc=0.00669 power=7 shaper_sets=640
[ME] TX dump mark: sample=229600 rx_stage=10 tx_stage=55 mod=3
FLOW [proto@0x104c4949e] Rx - primary_channel_rx: baud_rate=0 high_carrier=1 carrier=1795.4Hz agc=0.00669 power=11 shaper_sets=640
FLOW [proto@0x104c4949e] Rx - Phase 3 TRN: best hyp=18 ones=63139/125952 (50%)
FLOW [proto@0x104c4949e] Rx - Phase 3 Ja capture: emitted 132608 bits using hyp=0
FLOW [proto@0x104c4949e] Rx - primary_channel_rx: baud_rate=0 high_carrier=1 carrier=1795.4Hz agc=0.00669 power=2 shaper_sets=640
[ME] TX path: state=3 mod=3 fax_active=0 v34=0x700020000 v22bis=0x0
FLOW [proto@0x104c4949e] Rx - primary_channel_rx: baud_rate=0 high_carrier=1 carrier=1795.4Hz agc=0.00669 power=26 shaper_sets=640
[ME] RX dump mark: sample=229600 rx_stage=10 tx_stage=55 mod=3 guard_db=-6.0 guard_valid=1
FLOW [proto@0x104c4949e] Rx - primary_channel_rx: baud_rate=0 high_carrier=1 carrier=1795.4Hz agc=0.00669 power=15 shaper_sets=640
FLOW [proto@0x104c4949e] Rx - primary_channel_rx: baud_rate=0 high_carrier=1 carrier=1795.4Hz agc=0.00669 power=12 shaper_sets=640
FLOW [proto@0x104c4949e] Rx - primary_channel_rx: baud_rate=0 high_carrier=1 carrier=1795.4Hz agc=0.00669 power=1 shaper_sets=640
FLOW [proto@0x104c4949e] Rx - primary_channel_rx: baud_rate=0 high_carrier=1 carrier=1795.4Hz agc=0.00669 power=3 shaper_sets=640
FLOW [proto@0x104c4949e] Rx - Phase 3 Ja capture: emitted 132864 bits using hyp=0
FLOW [proto@0x104c4949e] Rx - primary_channel_rx: baud_rate=0 high_carrier=1 carrier=1795.4Hz agc=0.00669 power=9 shaper_sets=640
FLOW [proto@0x104c4949e] Rx - primary_channel_rx: baud_rate=0 high_carrier=1 carrier=1795.4Hz agc=0.00669 power=0 shaper_sets=640
FLOW [proto@0x104c4949e] Rx - primary_channel_rx: baud_rate=0 high_carrier=1 carrier=1795.4Hz agc=0.00669 power=0 shaper_sets=640
FLOW [proto@0x104c4949e] Rx - Phase 3 WAIT_S heartbeat: dur=512 demod=0 event=0 j_bits=133022 trn_bits=126390 trn_hint=0/75%
[ME] TX dump mark: sample=230400 rx_stage=10 tx_stage=55 mod=3
FLOW [proto@0x104c4949e] Rx - primary_channel_rx: baud_rate=0 high_carrier=1 carrier=1795.4Hz agc=0.00669 power=3 shaper_sets=640
FLOW [proto@0x104c4949e] Rx - Phase 3 TRN: best hyp=18 ones=63378/126464 (50%)
FLOW [proto@0x104c4949e] Rx - primary_channel_rx: baud_rate=0 high_carrier=1 carrier=1795.4Hz agc=0.00669 power=11 shaper_sets=640
FLOW [proto@0x104c4949e] Rx - Phase 3 Ja parser input: hyp0 len=133120 bits (stage=10, need ~16340 to parse)
FLOW [proto@0x104c4949e] Rx - Phase 3 Ja capture: emitted 133120 bits using hyp=0
FLOW [proto@0x104c4949e] Rx - primary_channel_rx: baud_rate=0 high_carrier=1 carrier=1795.4Hz agc=0.00669 power=7 shaper_sets=640
[ME] RX dump mark: sample=230400 rx_stage=10 tx_stage=55 mod=3 guard_db=-6.0 guard_valid=1
FLOW [proto@0x104c4949e] Rx - primary_channel_rx: baud_rate=0 high_carrier=1 carrier=1795.4Hz agc=0.00669 power=6 shaper_sets=640
FLOW [proto@0x104c4949e] Rx - primary_channel_rx: baud_rate=0 high_carrier=1 carrier=1795.4Hz agc=0.00669 power=13 shaper_sets=640
FLOW [proto@0x104c4949e] Rx - primary_channel_rx: baud_rate=0 high_carrier=1 carrier=1795.4Hz agc=0.00669 power=12 shaper_sets=640
FLOW [proto@0x104c4949e] Rx - primary_channel_rx: baud_rate=0 high_carrier=1 carrier=1795.4Hz agc=0.00669 power=8 shaper_sets=640
FLOW [proto@0x104c4949e] Rx - Phase 3 Ja capture: emitted 133376 bits using hyp=0
FLOW [proto@0x104c4949e] Rx - primary_channel_rx: baud_rate=0 high_carrier=1 carrier=1795.4Hz agc=0.00669 power=13 shaper_sets=640
FLOW [proto@0x104c4949e] Rx - primary_channel_rx: baud_rate=0 high_carrier=1 carrier=1795.4Hz agc=0.00669 power=12 shaper_sets=640
FLOW [proto@0x104c4949e] Rx - primary_channel_rx: baud_rate=0 high_carrier=1 carrier=1795.4Hz agc=0.00669 power=18 shaper_sets=640
FLOW [proto@0x104c4949e] Rx - Phase 3 WAIT_S heartbeat: dur=768 demod=0 event=0 j_bits=133534 trn_bits=126902 trn_hint=0/75%
[ME] TX dump mark: sample=231200 rx_stage=10 tx_stage=55 mod=3
FLOW [proto@0x104c4949e] Rx - primary_channel_rx: baud_rate=0 high_carrier=1 carrier=1795.4Hz agc=0.00669 power=11 shaper_sets=640
FLOW [proto@0x104c4949e] Rx - primary_channel_rx: baud_rate=0 high_carrier=1 carrier=1795.4Hz agc=0.00669 power=10 shaper_sets=640
FLOW [proto@0x104c4949e] Rx - Phase 3 TRN: best hyp=18 ones=63632/126976 (50%)
FLOW [proto@0x104c4949e] Rx - primary_channel_rx: baud_rate=0 high_carrier=1 carrier=1795.4Hz agc=0.00669 power=0 shaper_sets=640
FLOW [proto@0x104c4949e] Rx - Phase 3 Ja capture: emitted 133632 bits using hyp=0
[ME] RX dump mark: sample=231200 rx_stage=10 tx_stage=55 mod=3 guard_db=-6.0 guard_valid=1
FLOW [proto@0x104c4949e] Rx - primary_channel_rx: baud_rate=0 high_carrier=1 carrier=1795.4Hz agc=0.00669 power=19 shaper_sets=640
FLOW [proto@0x104c4949e] Rx - primary_channel_rx: baud_rate=0 high_carrier=1 carrier=1795.4Hz agc=0.00669 power=11 shaper_sets=640
FLOW [proto@0x104c4949e] Rx - primary_channel_rx: baud_rate=0 high_carrier=1 carrier=1795.4Hz agc=0.00669 power=16 shaper_sets=640
FLOW [proto@0x104c4949e] Rx - primary_channel_rx: baud_rate=0 high_carrier=1 carrier=1795.4Hz agc=0.00669 power=11 shaper_sets=640
FLOW [proto@0x104c4949e] Rx - primary_channel_rx: baud_rate=0 high_carrier=1 carrier=1795.4Hz agc=0.00669 power=8 shaper_sets=640
FLOW [proto@0x104c4949e] Rx - Phase 3 Ja capture: emitted 133888 bits using hyp=0
FLOW [proto@0x104c4949e] Rx - primary_channel_rx: baud_rate=0 high_carrier=1 carrier=1795.4Hz agc=0.00669 power=0 shaper_sets=640
FLOW [proto@0x104c4949e] Rx - primary_channel_rx: baud_rate=0 high_carrier=1 carrier=1795.4Hz agc=0.00669 power=7 shaper_sets=640
FLOW [proto@0x104c4949e] Rx - Phase 3 S baud 1000: mag=0.016 data_bits=2 alt=6/32 stable=0 dom=2:10/32 rev=0/32 counts=6,7,10,9
[ME] TX dump mark: sample=232000 rx_stage=10 tx_stage=55 mod=3
[ME] Training TX: RMS=0.0 (8000 samples)
FLOW [proto@0x104c4949e] Rx - primary_channel_rx: baud_rate=0 high_carrier=1 carrier=1795.4Hz agc=0.00669 power=5 shaper_sets=640
FLOW [proto@0x104c4949e] Rx - Phase 3 WAIT_S heartbeat: dur=1024 demod=0 event=0 j_bits=134046 trn_bits=127414 trn_hint=0/75%
FLOW [proto@0x104c4949e] Rx - primary_channel_rx: baud_rate=0 high_carrier=1 carrier=1795.4Hz agc=0.00669 power=0 shaper_sets=640
[ME] Training rx: RMS=3.8 (8000 samples)
FLOW [proto@0x104c4949e] Rx - primary_channel_rx: baud_rate=0 high_carrier=1 carrier=1795.4Hz agc=0.00669 power=3 shaper_sets=640
FLOW [proto@0x104c4949e] Rx - Phase 3 TRN: best hyp=18 ones=63862/127488 (50%)
FLOW [proto@0x104c4949e] Rx - Phase 3 Ja capture: emitted 134144 bits using hyp=0
[ME] RX dump mark: sample=232000 rx_stage=10 tx_stage=55 mod=3 guard_db=-6.0 guard_valid=1
FLOW [proto@0x104c4949e] Rx - primary_channel_rx: baud_rate=0 high_carrier=1 carrier=1795.4Hz agc=0.00669 power=7 shaper_sets=640
FLOW [proto@0x104c4949e] Rx - primary_channel_rx: baud_rate=0 high_carrier=1 carrier=1795.4Hz agc=0.00669 power=3 shaper_sets=640
FLOW [proto@0x104c4949e] Rx - primary_channel_rx: baud_rate=0 high_carrier=1 carrier=1795.4Hz agc=0.00669 power=6 shaper_sets=640
FLOW [proto@0x104c4949e] Rx - primary_channel_rx: baud_rate=0 high_carrier=1 carrier=1795.4Hz agc=0.00669 power=2 shaper_sets=640
FLOW [proto@0x104c4949e] Rx - primary_channel_rx: baud_rate=0 high_carrier=1 carrier=1795.4Hz agc=0.00669 power=5 shaper_sets=640
FLOW [proto@0x104c4949e] Rx - primary_channel_rx: baud_rate=0 high_carrier=1 carrier=1795.4Hz agc=0.00669 power=3 shaper_sets=640
FLOW [proto@0x104c4949e] Rx - Phase 3 Ja capture: emitted 134400 bits using hyp=0
FLOW [proto@0x104c4949e] Rx - primary_channel_rx: baud_rate=0 high_carrier=1 carrier=1795.4Hz agc=0.00669 power=5 shaper_sets=640
[ME] TX dump mark: sample=232800 rx_stage=10 tx_stage=55 mod=3
FLOW [proto@0x104c4949e] Rx - primary_channel_rx: baud_rate=0 high_carrier=1 carrier=1795.4Hz agc=0.00669 power=7 shaper_sets=640
FLOW [proto@0x104c4949e] Rx - primary_channel_rx: baud_rate=0 high_carrier=1 carrier=1795.4Hz agc=0.00669 power=0 shaper_sets=640
FLOW [proto@0x104c4949e] Rx - Phase 3 WAIT_S heartbeat: dur=1280 demod=0 event=0 j_bits=134558 trn_bits=127926 trn_hint=0/75%
FLOW [proto@0x104c4949e] Rx - primary_channel_rx: baud_rate=0 high_carrier=1 carrier=1795.4Hz agc=0.00669 power=0 shaper_sets=640
FLOW [proto@0x104c4949e] Rx - Phase 3 TRN: best hyp=18 ones=64129/128000 (50%)
[ME] RX dump mark: sample=232800 rx_stage=10 tx_stage=55 mod=3 guard_db=-6.0 guard_valid=1
FLOW [proto@0x104c4949e] Rx - primary_channel_rx: baud_rate=0 high_carrier=1 carrier=1795.4Hz agc=0.00669 power=8 shaper_sets=640
FLOW [proto@0x104c4949e] Rx - Phase 3 Ja capture: emitted 134656 bits using hyp=0
FLOW [proto@0x104c4949e] Rx - primary_channel_rx: baud_rate=0 high_carrier=1 carrier=1795.4Hz agc=0.00669 power=7 shaper_sets=640
FLOW [proto@0x104c4949e] Rx - primary_channel_rx: baud_rate=0 high_carrier=1 carrier=1795.4Hz agc=0.00669 power=0 shaper_sets=640
FLOW [proto@0x104c4949e] Rx - primary_channel_rx: baud_rate=0 high_carrier=1 carrier=1795.4Hz agc=0.00669 power=5 shaper_sets=640
FLOW [proto@0x104c4949e] Rx - primary_channel_rx: baud_rate=0 high_carrier=1 carrier=1795.4Hz agc=0.00669 power=2 shaper_sets=640
FLOW [proto@0x104c4949e] Rx - primary_channel_rx: baud_rate=0 high_carrier=1 carrier=1795.4Hz agc=0.00669 power=13 shaper_sets=640
FLOW [proto@0x104c4949e] Rx - Phase 3 Ja capture: emitted 134912 bits using hyp=0
FLOW [proto@0x104c4949e] Rx - primary_channel_rx: baud_rate=0 high_carrier=1 carrier=1795.4Hz agc=0.00669 power=2 shaper_sets=640
[ME] TX dump mark: sample=233600 rx_stage=10 tx_stage=55 mod=3
FLOW [proto@0x104c4949e] Rx - primary_channel_rx: baud_rate=0 high_carrier=1 carrier=1795.4Hz agc=0.00669 power=13 shaper_sets=640
FLOW [proto@0x104c4949e] Rx - primary_channel_rx: baud_rate=0 high_carrier=1 carrier=1795.4Hz agc=0.00669 power=1 shaper_sets=640
FLOW [proto@0x104c4949e] Rx - Phase 3 WAIT_S heartbeat: dur=1536 demod=0 event=0 j_bits=135070 trn_bits=128438 trn_hint=0/75%
FLOW [proto@0x104c4949e] Rx - primary_channel_rx: baud_rate=0 high_carrier=1 carrier=1795.4Hz agc=0.00669 power=0 shaper_sets=640
[ME] RX dump mark: sample=233600 rx_stage=10 tx_stage=55 mod=3 guard_db=-6.0 guard_valid=1
FLOW [proto@0x104c4949e] Rx - primary_channel_rx: baud_rate=0 high_carrier=1 carrier=1795.4Hz agc=0.00669 power=4 shaper_sets=640
FLOW [proto@0x104c4949e] Rx - Phase 3 TRN: best hyp=18 ones=64383/128512 (50%)
FLOW [proto@0x104c4949e] Rx - primary_channel_rx: baud_rate=0 high_carrier=1 carrier=1795.4Hz agc=0.00669 power=0 shaper_sets=640
FLOW [proto@0x104c4949e] Rx - Phase 3 Ja parser input: hyp0 len=135168 bits (stage=10, need ~16340 to parse)
FLOW [proto@0x104c4949e] Rx - Phase 3 Ja capture: emitted 135168 bits using hyp=0
FLOW [proto@0x104c4949e] Rx - primary_channel_rx: baud_rate=0 high_carrier=1 carrier=1795.4Hz agc=0.00669 power=6 shaper_sets=640
FLOW [proto@0x104c4949e] Rx - primary_channel_rx: baud_rate=0 high_carrier=1 carrier=1795.4Hz agc=0.00669 power=9 shaper_sets=640
FLOW [proto@0x104c4949e] Rx - primary_channel_rx: baud_rate=0 high_carrier=1 carrier=1795.4Hz agc=0.00669 power=10 shaper_sets=640
FLOW [proto@0x104c4949e] Rx - primary_channel_rx: baud_rate=0 high_carrier=1 carrier=1795.4Hz agc=0.00669 power=8 shaper_sets=640
FLOW [proto@0x104c4949e] Rx - primary_channel_rx: baud_rate=0 high_carrier=1 carrier=1795.4Hz agc=0.00669 power=1 shaper_sets=640
FLOW [proto@0x104c4949e] Rx - Phase 3 Ja capture: emitted 135424 bits using hyp=0
[ME] TX dump mark: sample=234400 rx_stage=10 tx_stage=55 mod=3
FLOW [proto@0x104c4949e] Rx - primary_channel_rx: baud_rate=0 high_carrier=1 carrier=1795.4Hz agc=0.00669 power=18 shaper_sets=640
FLOW [proto@0x104c4949e] Rx - primary_channel_rx: baud_rate=0 high_carrier=1 carrier=1795.4Hz agc=0.00669 power=10 shaper_sets=640
FLOW [proto@0x104c4949e] Rx - primary_channel_rx: baud_rate=0 high_carrier=1 carrier=1795.4Hz agc=0.00669 power=17 shaper_sets=640
FLOW [proto@0x104c4949e] Rx - Phase 3 WAIT_S heartbeat: dur=1792 demod=0 event=0 j_bits=135582 trn_bits=128950 trn_hint=0/75%
[ME] RX dump mark: sample=234400 rx_stage=10 tx_stage=55 mod=3 guard_db=-6.0 guard_valid=1
FLOW [proto@0x104c4949e] Rx - primary_channel_rx: baud_rate=0 high_carrier=1 carrier=1795.4Hz agc=0.00669 power=11 shaper_sets=640
FLOW [proto@0x104c4949e] Rx - primary_channel_rx: baud_rate=0 high_carrier=1 carrier=1795.4Hz agc=0.00669 power=7 shaper_sets=640
FLOW [proto@0x104c4949e] Rx - Phase 3 TRN: best hyp=18 ones=64642/129024 (50%)
FLOW [proto@0x104c4949e] Rx - Phase 3 Ja capture: emitted 135680 bits using hyp=0
FLOW [proto@0x104c4949e] Rx - primary_channel_rx: baud_rate=0 high_carrier=1 carrier=1795.4Hz agc=0.00669 power=4 shaper_sets=640
FLOW [proto@0x104c4949e] Rx - primary_channel_rx: baud_rate=0 high_carrier=1 carrier=1795.4Hz agc=0.00669 power=5 shaper_sets=640
FLOW [proto@0x104c4949e] Rx - primary_channel_rx: baud_rate=0 high_carrier=1 carrier=1795.4Hz agc=0.00669 power=9 shaper_sets=640
FLOW [proto@0x104c4949e] Rx - primary_channel_rx: baud_rate=0 high_carrier=1 carrier=1795.4Hz agc=0.00669 power=0 shaper_sets=640
FLOW [proto@0x104c4949e] Rx - primary_channel_rx: baud_rate=0 high_carrier=1 carrier=1795.4Hz agc=0.00669 power=0 shaper_sets=640
[ME] TX dump mark: sample=235200 rx_stage=10 tx_stage=55 mod=3
FLOW [proto@0x104c4949e] Rx - primary_channel_rx: baud_rate=0 high_carrier=1 carrier=1795.4Hz agc=0.00669 power=3 shaper_sets=640
FLOW [proto@0x104c4949e] Rx - Phase 3 Ja capture: emitted 135936 bits using hyp=0
FLOW [proto@0x104c4949e] Rx - primary_channel_rx: baud_rate=0 high_carrier=1 carrier=1795.4Hz agc=0.00669 power=0 shaper_sets=640
FLOW [proto@0x104c4949e] Rx - Phase 3 S baud 2000: mag=0.042 data_bits=3 alt=2/32 stable=0 dom=3:17/32 rev=0/32 counts=4,0,11,17
FLOW [proto@0x104c4949e] Rx - primary_channel_rx: baud_rate=0 high_carrier=1 carrier=1795.4Hz agc=0.00669 power=8 shaper_sets=640
[ME] RX dump mark: sample=235200 rx_stage=10 tx_stage=55 mod=3 guard_db=-6.0 guard_valid=1
FLOW [proto@0x104c4949e] Rx - primary_channel_rx: baud_rate=0 high_carrier=1 carrier=1795.4Hz agc=0.00669 power=4 shaper_sets=640
FLOW [proto@0x104c4949e] Rx - Phase 3 WAIT_S heartbeat: dur=2048 demod=0 event=0 j_bits=136094 trn_bits=129462 trn_hint=0/75%
FLOW [proto@0x104c4949e] Rx - primary_channel_rx: baud_rate=0 high_carrier=1 carrier=1795.4Hz agc=0.00669 power=8 shaper_sets=640
FLOW [proto@0x104c4949e] Rx - Phase 3 TRN: best hyp=18 ones=64902/129536 (50%)
FLOW [proto@0x104c4949e] Rx - primary_channel_rx: baud_rate=0 high_carrier=1 carrier=1795.4Hz agc=0.00669 power=3 shaper_sets=640
FLOW [proto@0x104c4949e] Rx - Phase 3 Ja capture: emitted 136192 bits using hyp=0
FLOW [proto@0x104c4949e] Rx - primary_channel_rx: baud_rate=0 high_carrier=1 carrier=1795.4Hz agc=0.00669 power=8 shaper_sets=640
FLOW [proto@0x104c4949e] Rx - primary_channel_rx: baud_rate=0 high_carrier=1 carrier=1795.4Hz agc=0.00669 power=7 shaper_sets=640
FLOW [proto@0x104c4949e] Rx - primary_channel_rx: baud_rate=0 high_carrier=1 carrier=1795.4Hz agc=0.00669 power=0 shaper_sets=640
FLOW [proto@0x104c4949e] Rx - primary_channel_rx: baud_rate=0 high_carrier=1 carrier=1795.4Hz agc=0.00669 power=13 shaper_sets=640
[ME] TX dump mark: sample=236000 rx_stage=10 tx_stage=55 mod=3
FLOW [proto@0x104c4949e] Rx - primary_channel_rx: baud_rate=0 high_carrier=1 carrier=1795.4Hz agc=0.00669 power=8 shaper_sets=640
FLOW [proto@0x104c4949e] Rx - Phase 3 Ja capture: emitted 136448 bits using hyp=0
FLOW [proto@0x104c4949e] Rx - primary_channel_rx: baud_rate=0 high_carrier=1 carrier=1795.4Hz agc=0.00669 power=0 shaper_sets=640
FLOW [proto@0x104c4949e] Rx - primary_channel_rx: baud_rate=0 high_carrier=1 carrier=1795.4Hz agc=0.00669 power=2 shaper_sets=640
[ME] RX dump mark: sample=236000 rx_stage=10 tx_stage=55 mod=3 guard_db=-6.0 guard_valid=1
FLOW [proto@0x104c4949e] Rx - primary_channel_rx: baud_rate=0 high_carrier=1 carrier=1795.4Hz agc=0.00669 power=7 shaper_sets=640
FLOW [proto@0x104c4949e] Rx - Phase 3 WAIT_S heartbeat: dur=2304 demod=0 event=0 j_bits=136606 trn_bits=129974 trn_hint=0/75%
FLOW [proto@0x104c4949e] Rx - primary_channel_rx: baud_rate=0 high_carrier=1 carrier=1795.4Hz agc=0.00669 power=19 shaper_sets=640
FLOW [proto@0x104c4949e] Rx - primary_channel_rx: baud_rate=0 high_carrier=1 carrier=1795.4Hz agc=0.00669 power=10 shaper_sets=640
FLOW [proto@0x104c4949e] Rx - Phase 3 TRN: best hyp=18 ones=65167/130048 (50%)
FLOW [proto@0x104c4949e] Rx - primary_channel_rx: baud_rate=0 high_carrier=1 carrier=1795.4Hz agc=0.00669 power=7 shaper_sets=640
FLOW [proto@0x104c4949e] Rx - Phase 3 Ja capture: emitted 136704 bits using hyp=0
FLOW [proto@0x104c4949e] Rx - primary_channel_rx: baud_rate=0 high_carrier=1 carrier=1795.4Hz agc=0.00669 power=13 shaper_sets=640
FLOW [proto@0x104c4949e] Rx - primary_channel_rx: baud_rate=0 high_carrier=1 carrier=1795.4Hz agc=0.00669 power=9 shaper_sets=640
FLOW [proto@0x104c4949e] Rx - primary_channel_rx: baud_rate=0 high_carrier=1 carrier=1795.4Hz agc=0.00669 power=12 shaper_sets=640
[ME] TX dump mark: sample=236800 rx_stage=10 tx_stage=55 mod=3
FLOW [proto@0x104c4949e] Rx - primary_channel_rx: baud_rate=0 high_carrier=1 carrier=1795.4Hz agc=0.00669 power=5 shaper_sets=640
FLOW [proto@0x104c4949e] Rx - primary_channel_rx: baud_rate=0 high_carrier=1 carrier=1795.4Hz agc=0.00669 power=5 shaper_sets=640
FLOW [proto@0x104c4949e] Rx - Phase 3 Ja capture: emitted 136960 bits using hyp=0
FLOW [proto@0x104c4949e] Rx - primary_channel_rx: baud_rate=0 high_carrier=1 carrier=1795.4Hz agc=0.00669 power=13 shaper_sets=640
[ME] RX dump mark: sample=236800 rx_stage=10 tx_stage=55 mod=3 guard_db=-6.0 guard_valid=1
FLOW [proto@0x104c4949e] Rx - primary_channel_rx: baud_rate=0 high_carrier=1 carrier=1795.4Hz agc=0.00669 power=3 shaper_sets=640
FLOW [proto@0x104c4949e] Rx - primary_channel_rx: baud_rate=0 high_carrier=1 carrier=1795.4Hz agc=0.00669 power=4 shaper_sets=640
FLOW [proto@0x104c4949e] Rx - Phase 3 WAIT_S heartbeat: dur=2560 demod=0 event=0 j_bits=137118 trn_bits=130486 trn_hint=0/75%
FLOW [proto@0x104c4949e] Rx - primary_channel_rx: baud_rate=0 high_carrier=1 carrier=1795.4Hz agc=0.00669 power=3 shaper_sets=640
FLOW [proto@0x104c4949e] Rx - primary_channel_rx: baud_rate=0 high_carrier=1 carrier=1795.4Hz agc=0.00669 power=2 shaper_sets=640
FLOW [proto@0x104c4949e] Rx - Phase 3 TRN: best hyp=18 ones=65428/130560 (50%)
FLOW [proto@0x104c4949e] Rx - Phase 3 Ja parser input: hyp0 len=137216 bits (stage=10, need ~16340 to parse)
FLOW [proto@0x104c4949e] Rx - Phase 3 Ja capture: emitted 137216 bits using hyp=0
FLOW [proto@0x104c4949e] Rx - primary_channel_rx: baud_rate=0 high_carrier=1 carrier=1795.4Hz agc=0.00669 power=9 shaper_sets=640
FLOW [proto@0x104c4949e] Rx - primary_channel_rx: baud_rate=0 high_carrier=1 carrier=1795.4Hz agc=0.00669 power=10 shaper_sets=640
FLOW [proto@0x104c4949e] Rx - primary_channel_rx: baud_rate=0 high_carrier=1 carrier=1795.4Hz agc=0.00669 power=5 shaper_sets=640
[ME] TX dump mark: sample=237600 rx_stage=10 tx_stage=55 mod=3
FLOW [proto@0x104c4949e] Rx - primary_channel_rx: baud_rate=0 high_carrier=1 carrier=1795.4Hz agc=0.00669 power=0 shaper_sets=640
FLOW [proto@0x104c4949e] Rx - primary_channel_rx: baud_rate=0 high_carrier=1 carrier=1795.4Hz agc=0.00669 power=12 shaper_sets=640
[ME] TX path: state=3 mod=3 fax_active=0 v34=0x700020000 v22bis=0x0
[ME] DIAG: cr_update calls=1800 phase_err=0.209 samples
FLOW [proto@0x104c4949e] Rx - primary_channel_rx: baud_rate=0 high_carrier=1 carrier=1795.4Hz agc=0.00669 power=0 shaper_sets=640
FLOW [proto@0x104c4949e] Rx - Phase 3 Ja capture: emitted 137472 bits using hyp=0
[ME] RX dump mark: sample=237600 rx_stage=10 tx_stage=55 mod=3 guard_db=-6.0 guard_valid=1
FLOW [proto@0x104c4949e] Rx - primary_channel_rx: baud_rate=0 high_carrier=1 carrier=1795.4Hz agc=0.00669 power=10 shaper_sets=640
FLOW [proto@0x104c4949e] Rx - primary_channel_rx: baud_rate=0 high_carrier=1 carrier=1795.4Hz agc=0.00669 power=0 shaper_sets=640
FLOW [proto@0x104c4949e] Rx - primary_channel_rx: baud_rate=0 high_carrier=1 carrier=1795.4Hz agc=0.00669 power=7 shaper_sets=640
FLOW [proto@0x104c4949e] Rx - Phase 3 WAIT_S heartbeat: dur=2816 demod=0 event=0 j_bits=137630 trn_bits=130998 trn_hint=0/75%
FLOW [proto@0x104c4949e] Rx - primary_channel_rx: baud_rate=0 high_carrier=1 carrier=1795.4Hz agc=0.00669 power=0 shaper_sets=640
FLOW [proto@0x104c4949e] Rx - Phase 3 TRN: best hyp=15 ones=65519/131072 (50%)
FLOW [proto@0x104c4949e] Rx - primary_channel_rx: baud_rate=0 high_carrier=1 carrier=1795.4Hz agc=0.00669 power=7 shaper_sets=640
FLOW [proto@0x104c4949e] Rx - Phase 3 Ja capture: emitted 137728 bits using hyp=0
FLOW [proto@0x104c4949e] Rx - primary_channel_rx: baud_rate=0 high_carrier=1 carrier=1795.4Hz agc=0.00669 power=3 shaper_sets=640
FLOW [proto@0x104c4949e] Rx - primary_channel_rx: baud_rate=0 high_carrier=1 carrier=1795.4Hz agc=0.00669 power=1 shaper_sets=640
[ME] TX dump mark: sample=238400 rx_stage=10 tx_stage=55 mod=3
FLOW [proto@0x104c4949e] Rx - primary_channel_rx: baud_rate=0 high_carrier=1 carrier=1795.4Hz agc=0.00669 power=4 shaper_sets=640
FLOW [proto@0x104c4949e] Rx - primary_channel_rx: baud_rate=0 high_carrier=1 carrier=1795.4Hz agc=0.00669 power=9 shaper_sets=640
FLOW [proto@0x104c4949e] Rx - primary_channel_rx: baud_rate=0 high_carrier=1 carrier=1795.4Hz agc=0.00669 power=0 shaper_sets=640
FLOW [proto@0x104c4949e] Rx - Phase 3 Ja capture: emitted 137984 bits using hyp=0
FLOW [proto@0x104c4949e] Rx - Phase 3 S baud 3000: mag=0.029 data_bits=2 alt=3/32 stable=0 dom=2:12/32 rev=0/32 counts=3,6,12,11
[ME] RX dump mark: sample=238400 rx_stage=10 tx_stage=55 mod=3 guard_db=-6.0 guard_valid=1
FLOW [proto@0x104c4949e] Rx - primary_channel_rx: baud_rate=0 high_carrier=1 carrier=1795.4Hz agc=0.00669 power=3 shaper_sets=640
FLOW [proto@0x104c4949e] Rx - primary_channel_rx: baud_rate=0 high_carrier=1 carrier=1795.4Hz agc=0.00669 power=2 shaper_sets=640
FLOW [proto@0x104c4949e] Rx - primary_channel_rx: baud_rate=0 high_carrier=1 carrier=1795.4Hz agc=0.00669 power=15 shaper_sets=640
FLOW [proto@0x104c4949e] Rx - Phase 3 WAIT_S heartbeat: dur=3072 demod=0 event=0 j_bits=138142 trn_bits=131510 trn_hint=0/75%
FLOW [proto@0x104c4949e] Rx - primary_channel_rx: baud_rate=0 high_carrier=1 carrier=1795.4Hz agc=0.00669 power=21 shaper_sets=640
FLOW [proto@0x104c4949e] Rx - primary_channel_rx: baud_rate=0 high_carrier=1 carrier=1795.4Hz agc=0.00669 power=7 shaper_sets=640
FLOW [proto@0x104c4949e] Rx - Phase 3 TRN: best hyp=4 ones=45008/131584 (34%)
FLOW [proto@0x104c4949e] Rx - primary_channel_rx: baud_rate=0 high_carrier=1 carrier=1795.4Hz agc=0.00669 power=0 shaper_sets=640
FLOW [proto@0x104c4949e] Rx - Phase 3 Ja capture: emitted 138240 bits using hyp=0
FLOW [proto@0x104c4949e] Rx - primary_channel_rx: baud_rate=0 high_carrier=1 carrier=1795.4Hz agc=0.00669 power=14 shaper_sets=640
[ME] TX dump mark: sample=239200 rx_stage=10 tx_stage=55 mod=3
FLOW [proto@0x104c4949e] Rx - primary_channel_rx: baud_rate=0 high_carrier=1 carrier=1795.4Hz agc=0.00669 power=0 shaper_sets=640
FLOW [proto@0x104c4949e] Rx - primary_channel_rx: baud_rate=0 high_carrier=1 carrier=1795.4Hz agc=0.00669 power=8 shaper_sets=640
FLOW [proto@0x104c4949e] Rx - primary_channel_rx: baud_rate=0 high_carrier=1 carrier=1795.4Hz agc=0.00669 power=10 shaper_sets=640
[ME] RX dump mark: sample=239200 rx_stage=10 tx_stage=55 mod=3 guard_db=-6.0 guard_valid=1
FLOW [proto@0x104c4949e] Rx - primary_channel_rx: baud_rate=0 high_carrier=1 carrier=1795.4Hz agc=0.00669 power=0 shaper_sets=640
FLOW [proto@0x104c4949e] Rx - Phase 3 Ja capture: emitted 138496 bits using hyp=0
FLOW [proto@0x104c4949e] Rx - primary_channel_rx: baud_rate=0 high_carrier=1 carrier=1795.4Hz agc=0.00669 power=5 shaper_sets=640
FLOW [proto@0x104c4949e] Rx - primary_channel_rx: baud_rate=0 high_carrier=1 carrier=1795.4Hz agc=0.00669 power=12 shaper_sets=640
FLOW [proto@0x104c4949e] Rx - primary_channel_rx: baud_rate=0 high_carrier=1 carrier=1795.4Hz agc=0.00669 power=8 shaper_sets=640
FLOW [proto@0x104c4949e] Rx - Phase 3 WAIT_S heartbeat: dur=3328 demod=0 event=0 j_bits=138654 trn_bits=132022 trn_hint=0/75%
FLOW [proto@0x104c4949e] Rx - primary_channel_rx: baud_rate=0 high_carrier=1 carrier=1795.4Hz agc=0.00669 power=1 shaper_sets=640
FLOW [proto@0x104c4949e] Rx - primary_channel_rx: baud_rate=0 high_carrier=1 carrier=1795.4Hz agc=0.00669 power=21 shaper_sets=640
FLOW [proto@0x104c4949e] Rx - Phase 3 TRN: best hyp=4 ones=45270/132096 (34%)
FLOW [proto@0x104c4949e] Rx - Phase 3 Ja capture: emitted 138752 bits using hyp=0
FLOW [proto@0x104c4949e] Rx - primary_channel_rx: baud_rate=0 high_carrier=1 carrier=1795.4Hz agc=0.00669 power=0 shaper_sets=640
[ME] TX dump mark: sample=240000 rx_stage=10 tx_stage=55 mod=3
[ME] Training TX: RMS=0.0 (8000 samples)
FLOW [proto@0x104c4949e] Rx - primary_channel_rx: baud_rate=0 high_carrier=1 carrier=1795.4Hz agc=0.00669 power=7 shaper_sets=640
FLOW [proto@0x104c4949e] Rx - primary_channel_rx: baud_rate=0 high_carrier=1 carrier=1795.4Hz agc=0.00669 power=9 shaper_sets=640
[ME] Training rx: RMS=3.7 (8000 samples)
FLOW [proto@0x104c4949e] Rx - primary_channel_rx: baud_rate=0 high_carrier=1 carrier=1795.4Hz agc=0.00669 power=6 shaper_sets=640
[ME] RX dump mark: sample=240000 rx_stage=10 tx_stage=55 mod=3 guard_db=-6.0 guard_valid=1
FLOW [proto@0x104c4949e] Rx - primary_channel_rx: baud_rate=0 high_carrier=1 carrier=1795.4Hz agc=0.00669 power=7 shaper_sets=640
FLOW [proto@0x104c4949e] Rx - primary_channel_rx: baud_rate=0 high_carrier=1 carrier=1795.4Hz agc=0.00669 power=0 shaper_sets=640
FLOW [proto@0x104c4949e] Rx - Phase 3 Ja capture: emitted 139008 bits using hyp=0
FLOW [proto@0x104c4949e] Rx - primary_channel_rx: baud_rate=0 high_carrier=1 carrier=1795.4Hz agc=0.00669 power=2 shaper_sets=640
FLOW [proto@0x104c4949e] Rx - primary_channel_rx: baud_rate=0 high_carrier=1 carrier=1795.4Hz agc=0.00669 power=0 shaper_sets=640
FLOW [proto@0x104c4949e] Rx - primary_channel_rx: baud_rate=0 high_carrier=1 carrier=1795.4Hz agc=0.00669 power=1 shaper_sets=640
FLOW [proto@0x104c4949e] Rx - Phase 3 WAIT_S heartbeat: dur=3584 demod=0 event=0 j_bits=139166 trn_bits=132534 trn_hint=0/75%
FLOW [proto@0x104c4949e] Rx - primary_channel_rx: baud_rate=0 high_carrier=1 carrier=1795.4Hz agc=0.00669 power=7 shaper_sets=640
FLOW [proto@0x104c4949e] Rx - Phase 3 TRN: best hyp=4 ones=45533/132608 (34%)
FLOW [proto@0x104c4949e] Rx - primary_channel_rx: baud_rate=0 high_carrier=1 carrier=1795.4Hz agc=0.00669 power=8 shaper_sets=640
FLOW [proto@0x104c4949e] Rx - Phase 3 Ja parser input: hyp0 len=139264 bits (stage=10, need ~16340 to parse)
FLOW [proto@0x104c4949e] Rx - Phase 3 Ja capture: emitted 139264 bits using hyp=0
[ME] TX dump mark: sample=240800 rx_stage=10 tx_stage=55 mod=3
FLOW [proto@0x104c4949e] Rx - primary_channel_rx: baud_rate=0 high_carrier=1 carrier=1795.4Hz agc=0.00669 power=0 shaper_sets=640
FLOW [proto@0x104c4949e] Rx - primary_channel_rx: baud_rate=0 high_carrier=1 carrier=1795.4Hz agc=0.00669 power=4 shaper_sets=640
FLOW [proto@0x104c4949e] Rx - primary_channel_rx: baud_rate=0 high_carrier=1 carrier=1795.4Hz agc=0.00669 power=5 shaper_sets=640
[ME] RX dump mark: sample=240800 rx_stage=10 tx_stage=55 mod=3 guard_db=-6.0 guard_valid=1
FLOW [proto@0x104c4949e] Rx - primary_channel_rx: baud_rate=0 high_carrier=1 carrier=1795.4Hz agc=0.00669 power=0 shaper_sets=640
FLOW [proto@0x104c4949e] Rx - primary_channel_rx: baud_rate=0 high_carrier=1 carrier=1795.4Hz agc=0.00669 power=15 shaper_sets=640
FLOW [proto@0x104c4949e] Rx - Phase 3 Ja capture: emitted 139520 bits using hyp=0
FLOW [proto@0x104c4949e] Rx - primary_channel_rx: baud_rate=0 high_carrier=1 carrier=1795.4Hz agc=0.00669 power=8 shaper_sets=640
FLOW [proto@0x104c4949e] Rx - primary_channel_rx: baud_rate=0 high_carrier=1 carrier=1795.4Hz agc=0.00669 power=1 shaper_sets=640
FLOW [proto@0x104c4949e] Rx - primary_channel_rx: baud_rate=0 high_carrier=1 carrier=1795.4Hz agc=0.00669 power=11 shaper_sets=640
FLOW [proto@0x104c4949e] Rx - Phase 3 WAIT_S heartbeat: dur=3840 demod=0 event=0 j_bits=139678 trn_bits=133046 trn_hint=0/75%
FLOW [proto@0x104c4949e] Rx - primary_channel_rx: baud_rate=0 high_carrier=1 carrier=1795.4Hz agc=0.00669 power=4 shaper_sets=640
FLOW [proto@0x104c4949e] Rx - primary_channel_rx: baud_rate=0 high_carrier=1 carrier=1795.4Hz agc=0.00669 power=3 shaper_sets=640
FLOW [proto@0x104c4949e] Rx - Phase 3 TRN: best hyp=4 ones=45766/133120 (34%)
[ME] TX dump mark: sample=241600 rx_stage=10 tx_stage=55 mod=3
FLOW [proto@0x104c4949e] Rx - primary_channel_rx: baud_rate=0 high_carrier=1 carrier=1795.4Hz agc=0.00669 power=8 shaper_sets=640
FLOW [proto@0x104c4949e] Rx - Phase 3 Ja capture: emitted 139776 bits using hyp=0
FLOW [proto@0x104c4949e] Rx - primary_channel_rx: baud_rate=0 high_carrier=1 carrier=1795.4Hz agc=0.00669 power=8 shaper_sets=640
FLOW [proto@0x104c4949e] Rx - primary_channel_rx: baud_rate=0 high_carrier=1 carrier=1795.4Hz agc=0.00669 power=5 shaper_sets=640
[ME] RX dump mark: sample=241600 rx_stage=10 tx_stage=55 mod=3 guard_db=-6.0 guard_valid=1
FLOW [proto@0x104c4949e] Rx - primary_channel_rx: baud_rate=0 high_carrier=1 carrier=1795.4Hz agc=0.00669 power=0 shaper_sets=640
FLOW [proto@0x104c4949e] Rx - primary_channel_rx: baud_rate=0 high_carrier=1 carrier=1795.4Hz agc=0.00669 power=5 shaper_sets=640
FLOW [proto@0x104c4949e] Rx - Phase 3 S baud 4000: mag=0.006 data_bits=1 alt=5/32 stable=0 dom=2:12/32 rev=0/32 counts=5,7,12,8
FLOW [proto@0x104c4949e] Rx - primary_channel_rx: baud_rate=0 high_carrier=1 carrier=1795.4Hz agc=0.00669 power=10 shaper_sets=640
FLOW [proto@0x104c4949e] Rx - Phase 3 Ja capture: emitted 140032 bits using hyp=0
FLOW [proto@0x104c4949e] Rx - primary_channel_rx: baud_rate=0 high_carrier=1 carrier=1795.4Hz agc=0.00669 power=6 shaper_sets=640
FLOW [proto@0x104c4949e] Rx - primary_channel_rx: baud_rate=0 high_carrier=1 carrier=1795.4Hz agc=0.00669 power=9 shaper_sets=640
FLOW [proto@0x104c4949e] Rx - primary_channel_rx: baud_rate=0 high_carrier=1 carrier=1795.4Hz agc=0.00669 power=0 shaper_sets=640
FLOW [proto@0x104c4949e] Rx - Phase 3 WAIT_S heartbeat: dur=4096 demod=0 event=0 j_bits=140190 trn_bits=133558 trn_hint=0/75%
FLOW [proto@0x104c4949e] Rx - primary_channel_rx: baud_rate=0 high_carrier=1 carrier=1795.4Hz agc=0.00669 power=4 shaper_sets=640
[ME] TX dump mark: sample=242400 rx_stage=10 tx_stage=55 mod=3
FLOW [proto@0x104c4949e] Rx - primary_channel_rx: baud_rate=0 high_carrier=1 carrier=1795.4Hz agc=0.00669 power=2 shaper_sets=640
FLOW [proto@0x104c4949e] Rx - Phase 3 TRN: best hyp=4 ones=46037/133632 (34%)
FLOW [proto@0x104c4949e] Rx - Phase 3 Ja capture: emitted 140288 bits using hyp=0
FLOW [proto@0x104c4949e] Rx - primary_channel_rx: baud_rate=0 high_carrier=1 carrier=1795.4Hz agc=0.00669 power=0 shaper_sets=640
FLOW [proto@0x104c4949e] Rx - primary_channel_rx: baud_rate=0 high_carrier=1 carrier=1795.4Hz agc=0.00669 power=0 shaper_sets=640
[ME] RX dump mark: sample=242400 rx_stage=10 tx_stage=55 mod=3 guard_db=-6.0 guard_valid=1
FLOW [proto@0x104c4949e] Rx - primary_channel_rx: baud_rate=0 high_carrier=1 carrier=1795.4Hz agc=0.00669 power=9 shaper_sets=640
FLOW [proto@0x104c4949e] Rx - primary_channel_rx: baud_rate=0 high_carrier=1 carrier=1795.4Hz agc=0.00669 power=0 shaper_sets=640
FLOW [proto@0x104c4949e] Rx - primary_channel_rx: baud_rate=0 high_carrier=1 carrier=1795.4Hz agc=0.00669 power=11 shaper_sets=640
FLOW [proto@0x104c4949e] Rx - primary_channel_rx: baud_rate=0 high_carrier=1 carrier=1795.4Hz agc=0.00669 power=6 shaper_sets=640
FLOW [proto@0x104c4949e] Rx - Phase 3 Ja capture: emitted 140544 bits using hyp=0
FLOW [proto@0x104c4949e] Rx - primary_channel_rx: baud_rate=0 high_carrier=1 carrier=1795.4Hz agc=0.00669 power=7 shaper_sets=640
FLOW [proto@0x104c4949e] Rx - primary_channel_rx: baud_rate=0 high_carrier=1 carrier=1795.4Hz agc=0.00669 power=5 shaper_sets=640
FLOW [proto@0x104c4949e] Rx - primary_channel_rx: baud_rate=0 high_carrier=1 carrier=1795.4Hz agc=0.00669 power=0 shaper_sets=640
FLOW [proto@0x104c4949e] Rx - Phase 3 WAIT_S heartbeat: dur=4352 demod=0 event=0 j_bits=140702 trn_bits=134070 trn_hint=0/75%
[ME] TX dump mark: sample=243200 rx_stage=10 tx_stage=55 mod=3
FLOW [proto@0x104c4949e] Rx - primary_channel_rx: baud_rate=0 high_carrier=1 carrier=1795.4Hz agc=0.00669 power=0 shaper_sets=640
FLOW [proto@0x104c4949e] Rx - Phase 3 TRN: best hyp=4 ones=46276/134144 (34%)
FLOW [proto@0x104c4949e] Rx - primary_channel_rx: baud_rate=0 high_carrier=1 carrier=1795.4Hz agc=0.00669 power=3 shaper_sets=640
FLOW [proto@0x104c4949e] Rx - Phase 3 Ja capture: emitted 140800 bits using hyp=0
FLOW [proto@0x104c4949e] Rx - primary_channel_rx: baud_rate=0 high_carrier=1 carrier=1795.4Hz agc=0.00669 power=6 shaper_sets=640
[ME] RX dump mark: sample=243200 rx_stage=10 tx_stage=55 mod=3 guard_db=-6.0 guard_valid=1
FLOW [proto@0x104c4949e] Rx - primary_channel_rx: baud_rate=0 high_carrier=1 carrier=1795.4Hz agc=0.00669 power=14 shaper_sets=640
FLOW [proto@0x104c4949e] Rx - primary_channel_rx: baud_rate=0 high_carrier=1 carrier=1795.4Hz agc=0.00669 power=5 shaper_sets=640
FLOW [proto@0x104c4949e] Rx - primary_channel_rx: baud_rate=0 high_carrier=1 carrier=1795.4Hz agc=0.00669 power=0 shaper_sets=640
FLOW [proto@0x104c4949e] Rx - primary_channel_rx: baud_rate=0 high_carrier=1 carrier=1795.4Hz agc=0.00669 power=0 shaper_sets=640
FLOW [proto@0x104c4949e] Rx - Phase 3 Ja capture: emitted 141056 bits using hyp=0
FLOW [proto@0x104c4949e] Rx - primary_channel_rx: baud_rate=0 high_carrier=1 carrier=1795.4Hz agc=0.00669 power=23 shaper_sets=640
FLOW [proto@0x104c4949e] Rx - primary_channel_rx: baud_rate=0 high_carrier=1 carrier=1795.4Hz agc=0.00669 power=4 shaper_sets=640
FLOW [proto@0x104c4949e] Rx - primary_channel_rx: baud_rate=0 high_carrier=1 carrier=1795.4Hz agc=0.00669 power=11 shaper_sets=640
FLOW [proto@0x104c4949e] Rx - Phase 3 WAIT_S heartbeat: dur=4608 demod=0 event=0 j_bits=141214 trn_bits=134582 trn_hint=0/75%
[ME] TX dump mark: sample=244000 rx_stage=10 tx_stage=55 mod=3
FLOW [proto@0x104c4949e] Rx - primary_channel_rx: baud_rate=0 high_carrier=1 carrier=1795.4Hz agc=0.00669 power=10 shaper_sets=640
FLOW [proto@0x104c4949e] Rx - primary_channel_rx: baud_rate=0 high_carrier=1 carrier=1795.4Hz agc=0.00669 power=11 shaper_sets=640
FLOW [proto@0x104c4949e] Rx - Phase 3 TRN: best hyp=4 ones=46525/134656 (35%)
FLOW [proto@0x104c4949e] Rx - primary_channel_rx: baud_rate=0 high_carrier=1 carrier=1795.4Hz agc=0.00669 power=8 shaper_sets=640
FLOW [proto@0x104c4949e] Rx - Phase 3 Ja parser input: hyp0 len=141312 bits (stage=10, need ~16340 to parse)
FLOW [proto@0x104c4949e] Rx - Phase 3 Ja capture: emitted 141312 bits using hyp=0
[ME] RX dump mark: sample=244000 rx_stage=10 tx_stage=55 mod=3 guard_db=-6.0 guard_valid=1
FLOW [proto@0x104c4949e] Rx - primary_channel_rx: baud_rate=0 high_carrier=1 carrier=1795.4Hz agc=0.00669 power=0 shaper_sets=640
FLOW [proto@0x104c4949e] Rx - primary_channel_rx: baud_rate=0 high_carrier=1 carrier=1795.4Hz agc=0.00669 power=0 shaper_sets=640
FLOW [proto@0x104c4949e] Rx - primary_channel_rx: baud_rate=0 high_carrier=1 carrier=1795.4Hz agc=0.00669 power=0 shaper_sets=640
FLOW [proto@0x104c4949e] Rx - primary_channel_rx: baud_rate=0 high_carrier=1 carrier=1795.4Hz agc=0.00669 power=1 shaper_sets=640
FLOW [proto@0x104c4949e] Rx - primary_channel_rx: baud_rate=0 high_carrier=1 carrier=1795.4Hz agc=0.00669 power=9 shaper_sets=640
FLOW [proto@0x104c4949e] Rx - Phase 3 Ja capture: emitted 141568 bits using hyp=0
FLOW [proto@0x104c4949e] Rx - primary_channel_rx: baud_rate=0 high_carrier=1 carrier=1795.4Hz agc=0.00669 power=4 shaper_sets=640
FLOW [proto@0x104c4949e] Rx - primary_channel_rx: baud_rate=0 high_carrier=1 carrier=1795.4Hz agc=0.00669 power=19 shaper_sets=640
[ME] TX dump mark: sample=244800 rx_stage=10 tx_stage=55 mod=3
FLOW [proto@0x104c4949e] Rx - primary_channel_rx: baud_rate=0 high_carrier=1 carrier=1795.4Hz agc=0.00669 power=0 shaper_sets=640
FLOW [proto@0x104c4949e] Rx - Phase 3 WAIT_S heartbeat: dur=4864 demod=0 event=0 j_bits=141726 trn_bits=135094 trn_hint=0/75%
FLOW [proto@0x104c4949e] Rx - primary_channel_rx: baud_rate=0 high_carrier=1 carrier=1795.4Hz agc=0.00669 power=0 shaper_sets=640
FLOW [proto@0x104c4949e] Rx - primary_channel_rx: baud_rate=0 high_carrier=1 carrier=1795.4Hz agc=0.00669 power=0 shaper_sets=640
FLOW [proto@0x104c4949e] Rx - Phase 3 TRN: best hyp=4 ones=46800/135168 (35%)
FLOW [proto@0x104c4949e] Rx - Phase 3 Ja capture: emitted 141824 bits using hyp=0
[ME] RX dump mark: sample=244800 rx_stage=10 tx_stage=55 mod=3 guard_db=-6.0 guard_valid=1
FLOW [proto@0x104c4949e] Rx - primary_channel_rx: baud_rate=0 high_carrier=1 carrier=1795.4Hz agc=0.00669 power=0 shaper_sets=640
FLOW [proto@0x104c4949e] Rx - primary_channel_rx: baud_rate=0 high_carrier=1 carrier=1795.4Hz agc=0.00669 power=2 shaper_sets=640
FLOW [proto@0x104c4949e] Rx - primary_channel_rx: baud_rate=0 high_carrier=1 carrier=1795.4Hz agc=0.00669 power=5 shaper_sets=640
FLOW [proto@0x104c4949e] Rx - primary_channel_rx: baud_rate=0 high_carrier=1 carrier=1795.4Hz agc=0.00669 power=6 shaper_sets=640
FLOW [proto@0x104c4949e] Rx - Phase 3 S baud 5000: mag=0.050 data_bits=3 alt=5/32 stable=0 dom=3:13/32 rev=0/32 counts=7,2,10,13
FLOW [proto@0x104c4949e] Rx - primary_channel_rx: baud_rate=0 high_carrier=1 carrier=1795.4Hz agc=0.00669 power=7 shaper_sets=640
FLOW [proto@0x104c4949e] Rx - primary_channel_rx: baud_rate=0 high_carrier=1 carrier=1795.4Hz agc=0.00669 power=0 shaper_sets=640
FLOW [proto@0x104c4949e] Rx - Phase 3 Ja capture: emitted 142080 bits using hyp=0
FLOW [proto@0x104c4949e] Rx - primary_channel_rx: baud_rate=0 high_carrier=1 carrier=1795.4Hz agc=0.00669 power=6 shaper_sets=640
[ME] TX dump mark: sample=245600 rx_stage=10 tx_stage=55 mod=3
FLOW [proto@0x104c4949e] Rx - primary_channel_rx: baud_rate=0 high_carrier=1 carrier=1795.4Hz agc=0.00669 power=4 shaper_sets=640
FLOW [proto@0x104c4949e] Rx - primary_channel_rx: baud_rate=0 high_carrier=1 carrier=1795.4Hz agc=0.00669 power=9 shaper_sets=640
FLOW [proto@0x104c4949e] Rx - Phase 3 WAIT_S heartbeat: dur=5120 demod=0 event=0 j_bits=142238 trn_bits=135606 trn_hint=0/75%
[ME] TX path: state=3 mod=3 fax_active=0 v34=0x700020000 v22bis=0x0
FLOW [proto@0x104c4949e] Rx - primary_channel_rx: baud_rate=0 high_carrier=1 carrier=1795.4Hz agc=0.00669 power=17 shaper_sets=640
FLOW [proto@0x104c4949e] Rx - Phase 3 TRN: best hyp=4 ones=47048/135680 (35%)
[ME] RX dump mark: sample=245600 rx_stage=10 tx_stage=55 mod=3 guard_db=-6.0 guard_valid=1
FLOW [proto@0x104c4949e] Rx - primary_channel_rx: baud_rate=0 high_carrier=1 carrier=1795.4Hz agc=0.00669 power=10 shaper_sets=640
FLOW [proto@0x104c4949e] Rx - Phase 3 Ja capture: emitted 142336 bits using hyp=0
FLOW [proto@0x104c4949e] Rx - primary_channel_rx: baud_rate=0 high_carrier=1 carrier=1795.4Hz agc=0.00669 power=9 shaper_sets=640
FLOW [proto@0x104c4949e] Rx - primary_channel_rx: baud_rate=0 high_carrier=1 carrier=1795.4Hz agc=0.00669 power=2 shaper_sets=640
FLOW [proto@0x104c4949e] Rx - primary_channel_rx: baud_rate=0 high_carrier=1 carrier=1795.4Hz agc=0.00669 power=14 shaper_sets=640
FLOW [proto@0x104c4949e] Rx - primary_channel_rx: baud_rate=0 high_carrier=1 carrier=1795.4Hz agc=0.00669 power=7 shaper_sets=640
FLOW [proto@0x104c4949e] Rx - primary_channel_rx: baud_rate=0 high_carrier=1 carrier=1795.4Hz agc=0.00669 power=0 shaper_sets=640
FLOW [proto@0x104c4949e] Rx - Phase 3 Ja capture: emitted 142592 bits using hyp=0
FLOW [proto@0x104c4949e] Rx - primary_channel_rx: baud_rate=0 high_carrier=1 carrier=1795.4Hz agc=0.00669 power=7 shaper_sets=640
[ME] TX dump mark: sample=246400 rx_stage=10 tx_stage=55 mod=3
FLOW [proto@0x104c4949e] Rx - primary_channel_rx: baud_rate=0 high_carrier=1 carrier=1795.4Hz agc=0.00669 power=6 shaper_sets=640
FLOW [proto@0x104c4949e] Rx - primary_channel_rx: baud_rate=0 high_carrier=1 carrier=1795.4Hz agc=0.00669 power=0 shaper_sets=640
FLOW [proto@0x104c4949e] Rx - Phase 3 WAIT_S heartbeat: dur=5376 demod=0 event=0 j_bits=142750 trn_bits=136118 trn_hint=0/75%
FLOW [proto@0x104c4949e] Rx - primary_channel_rx: baud_rate=0 high_carrier=1 carrier=1795.4Hz agc=0.00669 power=7 shaper_sets=640
[ME] RX dump mark: sample=246400 rx_stage=10 tx_stage=55 mod=3 guard_db=-6.0 guard_valid=1
FLOW [proto@0x104c4949e] Rx - primary_channel_rx: baud_rate=0 high_carrier=1 carrier=1795.4Hz agc=0.00669 power=6 shaper_sets=640
FLOW [proto@0x104c4949e] Rx - Phase 3 TRN: best hyp=4 ones=47284/136192 (35%)
FLOW [proto@0x104c4949e] Rx - primary_channel_rx: baud_rate=0 high_carrier=1 carrier=1795.4Hz agc=0.00669 power=0 shaper_sets=640
FLOW [proto@0x104c4949e] Rx - Phase 3 Ja capture: emitted 142848 bits using hyp=0
FLOW [proto@0x104c4949e] Rx - primary_channel_rx: baud_rate=0 high_carrier=1 carrier=1795.4Hz agc=0.00669 power=6 shaper_sets=640
FLOW [proto@0x104c4949e] Rx - primary_channel_rx: baud_rate=0 high_carrier=1 carrier=1795.4Hz agc=0.00669 power=3 shaper_sets=640
FLOW [proto@0x104c4949e] Rx - primary_channel_rx: baud_rate=0 high_carrier=1 carrier=1795.4Hz agc=0.00669 power=3 shaper_sets=640
FLOW [proto@0x104c4949e] Rx - primary_channel_rx: baud_rate=0 high_carrier=1 carrier=1795.4Hz agc=0.00669 power=5 shaper_sets=640
FLOW [proto@0x104c4949e] Rx - primary_channel_rx: baud_rate=0 high_carrier=1 carrier=1795.4Hz agc=0.00669 power=12 shaper_sets=640
FLOW [proto@0x104c4949e] Rx - Phase 3 Ja capture: emitted 143104 bits using hyp=0
[ME] TX dump mark: sample=247200 rx_stage=10 tx_stage=55 mod=3
FLOW [proto@0x104c4949e] Rx - primary_channel_rx: baud_rate=0 high_carrier=1 carrier=1795.4Hz agc=0.00669 power=0 shaper_sets=640
FLOW [proto@0x104c4949e] Rx - primary_channel_rx: baud_rate=0 high_carrier=1 carrier=1795.4Hz agc=0.00669 power=13 shaper_sets=640
FLOW [proto@0x104c4949e] Rx - primary_channel_rx: baud_rate=0 high_carrier=1 carrier=1795.4Hz agc=0.00669 power=5 shaper_sets=640
FLOW [proto@0x104c4949e] Rx - Phase 3 WAIT_S heartbeat: dur=5632 demod=0 event=0 j_bits=143262 trn_bits=136630 trn_hint=0/75%
[ME] RX dump mark: sample=247200 rx_stage=10 tx_stage=55 mod=3 guard_db=-6.0 guard_valid=1
FLOW [proto@0x104c4949e] Rx - primary_channel_rx: baud_rate=0 high_carrier=1 carrier=1795.4Hz agc=0.00669 power=6 shaper_sets=640
FLOW [proto@0x104c4949e] Rx - primary_channel_rx: baud_rate=0 high_carrier=1 carrier=1795.4Hz agc=0.00669 power=17 shaper_sets=640
FLOW [proto@0x104c4949e] Rx - Phase 3 TRN: best hyp=4 ones=47536/136704 (35%)
FLOW [proto@0x104c4949e] Rx - Phase 3 Ja parser input: hyp0 len=143360 bits (stage=10, need ~16340 to parse)
FLOW [proto@0x104c4949e] Rx - Phase 3 Ja capture: emitted 143360 bits using hyp=0
FLOW [proto@0x104c4949e] Rx - primary_channel_rx: baud_rate=0 high_carrier=1 carrier=1795.4Hz agc=0.00669 power=11 shaper_sets=640
FLOW [proto@0x104c4949e] Rx - primary_channel_rx: baud_rate=0 high_carrier=1 carrier=1795.4Hz agc=0.00669 power=9 shaper_sets=640
FLOW [proto@0x104c4949e] Rx - primary_channel_rx: baud_rate=0 high_carrier=1 carrier=1795.4Hz agc=0.00669 power=2 shaper_sets=640
FLOW [proto@0x104c4949e] Rx - primary_channel_rx: baud_rate=0 high_carrier=1 carrier=1795.4Hz agc=0.00669 power=7 shaper_sets=640
FLOW [proto@0x104c4949e] Rx - primary_channel_rx: baud_rate=0 high_carrier=1 carrier=1795.4Hz agc=0.00669 power=2 shaper_sets=640
[ME] TX dump mark: sample=248000 rx_stage=10 tx_stage=55 mod=3
[ME] Training TX: RMS=0.0 (8000 samples)
FLOW [proto@0x104c4949e] Rx - primary_channel_rx: baud_rate=0 high_carrier=1 carrier=1795.4Hz agc=0.00669 power=0 shaper_sets=640
FLOW [proto@0x104c4949e] Rx - Phase 3 Ja capture: emitted 143616 bits using hyp=0
FLOW [proto@0x104c4949e] Rx - primary_channel_rx: baud_rate=0 high_carrier=1 carrier=1795.4Hz agc=0.00669 power=0 shaper_sets=640
[ME] Training rx: RMS=3.6 (8000 samples)
FLOW [proto@0x104c4949e] Rx - primary_channel_rx: baud_rate=0 high_carrier=1 carrier=1795.4Hz agc=0.00669 power=0 shaper_sets=640
[ME] RX dump mark: sample=248000 rx_stage=10 tx_stage=55 mod=3 guard_db=-6.0 guard_valid=1
FLOW [proto@0x104c4949e] Rx - primary_channel_rx: baud_rate=0 high_carrier=1 carrier=1795.4Hz agc=0.00669 power=10 shaper_sets=640
FLOW [proto@0x104c4949e] Rx - Phase 3 WAIT_S heartbeat: dur=5888 demod=0 event=0 j_bits=143774 trn_bits=137142 trn_hint=0/75%
FLOW [proto@0x104c4949e] Rx - primary_channel_rx: baud_rate=0 high_carrier=1 carrier=1795.4Hz agc=0.00669 power=2 shaper_sets=640
FLOW [proto@0x104c4949e] Rx - Phase 3 TRN: best hyp=4 ones=47795/137216 (35%)
FLOW [proto@0x104c4949e] Rx - primary_channel_rx: baud_rate=0 high_carrier=1 carrier=1795.4Hz agc=0.00669 power=0 shaper_sets=640
FLOW [proto@0x104c4949e] Rx - Phase 3 Ja capture: emitted 143872 bits using hyp=0
FLOW [proto@0x104c4949e] Rx - primary_channel_rx: baud_rate=0 high_carrier=1 carrier=1795.4Hz agc=0.00669 power=5 shaper_sets=640
FLOW [proto@0x104c4949e] Rx - primary_channel_rx: baud_rate=0 high_carrier=1 carrier=1795.4Hz agc=0.00669 power=11 shaper_sets=640
FLOW [proto@0x104c4949e] Rx - Phase 3 S baud 6000: mag=0.037 data_bits=3 alt=9/32 stable=0 dom=3:13/32 rev=0/32 counts=6,5,8,13
FLOW [proto@0x104c4949e] Rx - Phase 3: S detect timeout (6000 bauds, alt=9/32 rev=0/32, j_bits=144000 trn_bits=137368 trn_hint=0/75%), continuing search
FLOW [proto@0x104c4949e] Rx - primary_channel_rx: baud_rate=0 high_carrier=1 carrier=1795.4Hz agc=0.00669 power=5 shaper_sets=640
FLOW [proto@0x104c4949e] Rx - Phase 3 WAIT_S heartbeat: dur=1 demod=0 event=0 j_bits=144000 trn_bits=137368 trn_hint=0/75%
FLOW [proto@0x104c4949e] Rx - Phase 3 S baud 1: mag=0.007 data_bits=2 alt=0/32 stable=0 dom=2:1/32 rev=0/32 counts=0,0,1,0
FLOW [proto@0x104c4949e] Rx - Phase 3 S baud 2: mag=0.009 data_bits=3 alt=0/32 stable=0 dom=2:1/32 rev=0/32 counts=0,0,1,1
FLOW [proto@0x104c4949e] Rx - Phase 3 S baud 3: mag=0.008 data_bits=3 alt=0/32 stable=0 dom=3:2/32 rev=0/32 counts=0,0,1,2
FLOW [proto@0x104c4949e] Rx - Phase 3 S baud 4: mag=0.007 data_bits=0 alt=0/32 stable=0 dom=3:2/32 rev=0/32 counts=1,0,1,2
FLOW [proto@0x104c4949e] Rx - primary_channel_rx: baud_rate=0 high_carrier=1 carrier=1795.4Hz agc=0.00669 power=7 shaper_sets=640
[ME] TX dump mark: sample=248800 rx_stage=10 tx_stage=55 mod=3
FLOW [proto@0x104c4949e] Rx - primary_channel_rx: baud_rate=0 high_carrier=1 carrier=1795.4Hz agc=0.00669 power=10 shaper_sets=640
FLOW [proto@0x104c4949e] Rx - Phase 3 Ja capture: emitted 144128 bits using hyp=0
FLOW [proto@0x104c4949e] Rx - primary_channel_rx: baud_rate=0 high_carrier=1 carrier=1795.4Hz agc=0.00669 power=7 shaper_sets=640
FLOW [proto@0x104c4949e] Rx - primary_channel_rx: baud_rate=0 high_carrier=1 carrier=1795.4Hz agc=0.00669 power=3 shaper_sets=640
[ME] RX dump mark: sample=248800 rx_stage=10 tx_stage=55 mod=3 guard_db=-6.0 guard_valid=1
FLOW [proto@0x104c4949e] Rx - primary_channel_rx: baud_rate=0 high_carrier=1 carrier=1795.4Hz agc=0.00669 power=7 shaper_sets=640
FLOW [proto@0x104c4949e] Rx - primary_channel_rx: baud_rate=0 high_carrier=1 carrier=1795.4Hz agc=0.00669 power=5 shaper_sets=640
FLOW [proto@0x104c4949e] Rx - primary_channel_rx: baud_rate=0 high_carrier=1 carrier=1795.4Hz agc=0.00669 power=0 shaper_sets=640
FLOW [proto@0x104c4949e] Rx - primary_channel_rx: baud_rate=0 high_carrier=1 carrier=1795.4Hz agc=0.00669 power=2 shaper_sets=640
FLOW [proto@0x104c4949e] Rx - Phase 3 Ja capture: emitted 144384 bits using hyp=0
FLOW [proto@0x104c4949e] Rx - primary_channel_rx: baud_rate=0 high_carrier=1 carrier=1795.4Hz agc=0.00669 power=0 shaper_sets=640
FLOW [proto@0x104c4949e] Rx - primary_channel_rx: baud_rate=0 high_carrier=1 carrier=1795.4Hz agc=0.00669 power=0 shaper_sets=640
FLOW [proto@0x104c4949e] Rx - Phase 3 WAIT_S heartbeat: dur=256 demod=0 event=0 j_bits=144510 trn_bits=137368 trn_hint=0/75%
FLOW [proto@0x104c4949e] Rx - primary_channel_rx: baud_rate=0 high_carrier=1 carrier=1795.4Hz agc=0.00669 power=13 shaper_sets=640
[ME] TX dump mark: sample=249600 rx_stage=10 tx_stage=55 mod=3
FLOW [proto@0x104c4949e] Rx - primary_channel_rx: baud_rate=0 high_carrier=1 carrier=1795.4Hz agc=0.00669 power=14 shaper_sets=640
FLOW [proto@0x104c4949e] Rx - primary_channel_rx: baud_rate=0 high_carrier=1 carrier=1795.4Hz agc=0.00669 power=4 shaper_sets=640
FLOW [proto@0x104c4949e] Rx - Phase 3 Ja capture: emitted 144640 bits using hyp=0
FLOW [proto@0x104c4949e] Rx - primary_channel_rx: baud_rate=0 high_carrier=1 carrier=1795.4Hz agc=0.00669 power=29 shaper_sets=640
[ME] RX dump mark: sample=249600 rx_stage=10 tx_stage=55 mod=3 guard_db=-6.0 guard_valid=1
FLOW [proto@0x104c4949e] Rx - primary_channel_rx: baud_rate=0 high_carrier=1 carrier=1795.4Hz agc=0.00669 power=9 shaper_sets=640
FLOW [proto@0x104c4949e] Rx - primary_channel_rx: baud_rate=0 high_carrier=1 carrier=1795.4Hz agc=0.00669 power=8 shaper_sets=640
FLOW [proto@0x104c4949e] Rx - primary_channel_rx: baud_rate=0 high_carrier=1 carrier=1795.4Hz agc=0.00669 power=23 shaper_sets=640
FLOW [proto@0x104c4949e] Rx - primary_channel_rx: baud_rate=0 high_carrier=1 carrier=1795.4Hz agc=0.00669 power=6 shaper_sets=640
FLOW [proto@0x104c4949e] Rx - Phase 3 TRN: best hyp=4 ones=48032/137728 (35%)
FLOW [proto@0x104c4949e] Rx - Phase 3 Ja capture: emitted 144896 bits using hyp=0
FLOW [proto@0x104c4949e] Rx - primary_channel_rx: baud_rate=0 high_carrier=1 carrier=1795.4Hz agc=0.00669 power=1 shaper_sets=640
FLOW [proto@0x104c4949e] Rx - primary_channel_rx: baud_rate=0 high_carrier=1 carrier=1795.4Hz agc=0.00669 power=4 shaper_sets=640
FLOW [proto@0x104c4949e] Rx - primary_channel_rx: baud_rate=0 high_carrier=1 carrier=1795.4Hz agc=0.00669 power=4 shaper_sets=640
FLOW [proto@0x104c4949e] Rx - Phase 3 WAIT_S heartbeat: dur=512 demod=0 event=0 j_bits=145022 trn_bits=137880 trn_hint=0/75%
[ME] TX dump mark: sample=250400 rx_stage=10 tx_stage=55 mod=3
FLOW [proto@0x104c4949e] Rx - primary_channel_rx: baud_rate=0 high_carrier=1 carrier=1795.4Hz agc=0.00669 power=0 shaper_sets=640
FLOW [proto@0x104c4949e] Rx - primary_channel_rx: baud_rate=0 high_carrier=1 carrier=1795.4Hz agc=0.00669 power=1 shaper_sets=640
FLOW [proto@0x104c4949e] Rx - primary_channel_rx: baud_rate=0 high_carrier=1 carrier=1795.4Hz agc=0.00669 power=14 shaper_sets=640
FLOW [proto@0x104c4949e] Rx - Phase 3 Ja capture: emitted 145152 bits using hyp=0
[ME] RX dump mark: sample=250400 rx_stage=10 tx_stage=55 mod=3 guard_db=-6.0 guard_valid=1
FLOW [proto@0x104c4949e] Rx - primary_channel_rx: baud_rate=0 high_carrier=1 carrier=1795.4Hz agc=0.00669 power=2 shaper_sets=640
FLOW [proto@0x104c4949e] Rx - primary_channel_rx: baud_rate=0 high_carrier=1 carrier=1795.4Hz agc=0.00669 power=0 shaper_sets=640
FLOW [proto@0x104c4949e] Rx - primary_channel_rx: baud_rate=0 high_carrier=1 carrier=1795.4Hz agc=0.00669 power=0 shaper_sets=640
FLOW [proto@0x104c4949e] Rx - primary_channel_rx: baud_rate=0 high_carrier=1 carrier=1795.4Hz agc=0.00669 power=15 shaper_sets=640
FLOW [proto@0x104c4949e] Rx - Phase 3 TRN: best hyp=4 ones=48278/138240 (35%)
FLOW [proto@0x104c4949e] Rx - primary_channel_rx: baud_rate=0 high_carrier=1 carrier=1795.4Hz agc=0.00669 power=0 shaper_sets=640
FLOW [proto@0x104c4949e] Rx - Phase 3 Ja parser input: hyp0 len=145408 bits (stage=10, need ~16340 to parse)
FLOW [proto@0x104c4949e] Rx - Phase 3 Ja capture: emitted 145408 bits using hyp=0
FLOW [proto@0x104c4949e] Rx - primary_channel_rx: baud_rate=0 high_carrier=1 carrier=1795.4Hz agc=0.00669 power=0 shaper_sets=640
FLOW [proto@0x104c4949e] Rx - primary_channel_rx: baud_rate=0 high_carrier=1 carrier=1795.4Hz agc=0.00669 power=10 shaper_sets=640
FLOW [proto@0x104c4949e] Rx - Phase 3 WAIT_S heartbeat: dur=768 demod=0 event=0 j_bits=145534 trn_bits=138392 trn_hint=0/75%
[ME] TX dump mark: sample=251200 rx_stage=10 tx_stage=55 mod=3
FLOW [proto@0x104c4949e] Rx - primary_channel_rx: baud_rate=0 high_carrier=1 carrier=1795.4Hz agc=0.00669 power=0 shaper_sets=640
FLOW [proto@0x104c4949e] Rx - primary_channel_rx: baud_rate=0 high_carrier=1 carrier=1795.4Hz agc=0.00669 power=3 shaper_sets=640
FLOW [proto@0x104c4949e] Rx - primary_channel_rx: baud_rate=0 high_carrier=1 carrier=1795.4Hz agc=0.00669 power=0 shaper_sets=640
FLOW [proto@0x104c4949e] Rx - Phase 3 Ja capture: emitted 145664 bits using hyp=0
[ME] RX dump mark: sample=251200 rx_stage=10 tx_stage=55 mod=3 guard_db=-6.0 guard_valid=1
FLOW [proto@0x104c4949e] Rx - primary_channel_rx: baud_rate=0 high_carrier=1 carrier=1795.4Hz agc=0.00669 power=4 shaper_sets=640
FLOW [proto@0x104c4949e] Rx - primary_channel_rx: baud_rate=0 high_carrier=1 carrier=1795.4Hz agc=0.00669 power=5 shaper_sets=640
FLOW [proto@0x104c4949e] Rx - primary_channel_rx: baud_rate=0 high_carrier=1 carrier=1795.4Hz agc=0.00669 power=7 shaper_sets=640
FLOW [proto@0x104c4949e] Rx - primary_channel_rx: baud_rate=0 high_carrier=1 carrier=1795.4Hz agc=0.00669 power=0 shaper_sets=640
FLOW [proto@0x104c4949e] Rx - primary_channel_rx: baud_rate=0 high_carrier=1 carrier=1795.4Hz agc=0.00669 power=0 shaper_sets=640
FLOW [proto@0x104c4949e] Rx - Phase 3 TRN: best hyp=4 ones=48514/138752 (35%)
FLOW [proto@0x104c4949e] Rx - primary_channel_rx: baud_rate=0 high_carrier=1 carrier=1795.4Hz agc=0.00669 power=8 shaper_sets=640
FLOW [proto@0x104c4949e] Rx - Phase 3 Ja capture: emitted 145920 bits using hyp=0
FLOW [proto@0x104c4949e] Rx - primary_channel_rx: baud_rate=0 high_carrier=1 carrier=1795.4Hz agc=0.00669 power=5 shaper_sets=640
FLOW [proto@0x104c4949e] Rx - Phase 3 S baud 1000: mag=0.011 data_bits=2 alt=12/32 stable=0 dom=3:17/32 rev=0/32 counts=4,2,9,17
[ME] TX dump mark: sample=252000 rx_stage=10 tx_stage=55 mod=3
FLOW [proto@0x104c4949e] Rx - primary_channel_rx: baud_rate=0 high_carrier=1 carrier=1795.4Hz agc=0.00669 power=19 shaper_sets=640
FLOW [proto@0x104c4949e] Rx - Phase 3 WAIT_S heartbeat: dur=1024 demod=0 event=0 j_bits=146046 trn_bits=138904 trn_hint=0/75%
FLOW [proto@0x104c4949e] Rx - primary_channel_rx: baud_rate=0 high_carrier=1 carrier=1795.4Hz agc=0.00669 power=3 shaper_sets=640
FLOW [proto@0x104c4949e] Rx - primary_channel_rx: baud_rate=0 high_carrier=1 carrier=1795.4Hz agc=0.00669 power=2 shaper_sets=640
[ME] RX dump mark: sample=252000 rx_stage=10 tx_stage=55 mod=3 guard_db=-6.0 guard_valid=1
FLOW [proto@0x104c4949e] Rx - primary_channel_rx: baud_rate=0 high_carrier=1 carrier=1795.4Hz agc=0.00669 power=0 shaper_sets=640
FLOW [proto@0x104c4949e] Rx - Phase 3 Ja capture: emitted 146176 bits using hyp=0
FLOW [proto@0x104c4949e] Rx - primary_channel_rx: baud_rate=0 high_carrier=1 carrier=1795.4Hz agc=0.00669 power=12 shaper_sets=640
FLOW [proto@0x104c4949e] Rx - primary_channel_rx: baud_rate=0 high_carrier=1 carrier=1795.4Hz agc=0.00669 power=5 shaper_sets=640
FLOW [proto@0x104c4949e] Rx - primary_channel_rx: baud_rate=0 high_carrier=1 carrier=1795.4Hz agc=0.00669 power=4 shaper_sets=640
FLOW [proto@0x104c4949e] Rx - primary_channel_rx: baud_rate=0 high_carrier=1 carrier=1795.4Hz agc=0.00669 power=4 shaper_sets=640
FLOW [proto@0x104c4949e] Rx - primary_channel_rx: baud_rate=0 high_carrier=1 carrier=1795.4Hz agc=0.00669 power=0 shaper_sets=640
FLOW [proto@0x104c4949e] Rx - Phase 3 TRN: best hyp=4 ones=48763/139264 (35%)
FLOW [proto@0x104c4949e] Rx - Phase 3 Ja capture: emitted 146432 bits using hyp=0
FLOW [proto@0x104c4949e] Rx - primary_channel_rx: baud_rate=0 high_carrier=1 carrier=1795.4Hz agc=0.00669 power=2 shaper_sets=640
[ME] TX dump mark: sample=252800 rx_stage=10 tx_stage=55 mod=3
FLOW [proto@0x104c4949e] Rx - primary_channel_rx: baud_rate=0 high_carrier=1 carrier=1795.4Hz agc=0.00669 power=0 shaper_sets=640
FLOW [proto@0x104c4949e] Rx - primary_channel_rx: baud_rate=0 high_carrier=1 carrier=1795.4Hz agc=0.00669 power=9 shaper_sets=640
FLOW [proto@0x104c4949e] Rx - Phase 3 WAIT_S heartbeat: dur=1280 demod=0 event=0 j_bits=146558 trn_bits=139416 trn_hint=0/75%
FLOW [proto@0x104c4949e] Rx - primary_channel_rx: baud_rate=0 high_carrier=1 carrier=1795.4Hz agc=0.00669 power=6 shaper_sets=640
[ME] RX dump mark: sample=252800 rx_stage=10 tx_stage=55 mod=3 guard_db=-6.0 guard_valid=1
FLOW [proto@0x104c4949e] Rx - primary_channel_rx: baud_rate=0 high_carrier=1 carrier=1795.4Hz agc=0.00669 power=7 shaper_sets=640
FLOW [proto@0x104c4949e] Rx - primary_channel_rx: baud_rate=0 high_carrier=1 carrier=1795.4Hz agc=0.00669 power=7 shaper_sets=640
FLOW [proto@0x104c4949e] Rx - Phase 3 Ja capture: emitted 146688 bits using hyp=0
FLOW [proto@0x104c4949e] Rx - primary_channel_rx: baud_rate=0 high_carrier=1 carrier=1795.4Hz agc=0.00669 power=11 shaper_sets=640
FLOW [proto@0x104c4949e] Rx - primary_channel_rx: baud_rate=0 high_carrier=1 carrier=1795.4Hz agc=0.00669 power=3 shaper_sets=640
FLOW [proto@0x104c4949e] Rx - primary_channel_rx: baud_rate=0 high_carrier=1 carrier=1795.4Hz agc=0.00669 power=6 shaper_sets=640
FLOW [proto@0x104c4949e] Rx - primary_channel_rx: baud_rate=0 high_carrier=1 carrier=1795.4Hz agc=0.00669 power=0 shaper_sets=640
FLOW [proto@0x104c4949e] Rx - Phase 3 TRN: best hyp=4 ones=49019/139776 (35%)
FLOW [proto@0x104c4949e] Rx - primary_channel_rx: baud_rate=0 high_carrier=1 carrier=1795.4Hz agc=0.00669 power=0 shaper_sets=640
FLOW [proto@0x104c4949e] Rx - Phase 3 Ja capture: emitted 146944 bits using hyp=0
[ME] TX dump mark: sample=253600 rx_stage=10 tx_stage=55 mod=3
FLOW [proto@0x104c4949e] Rx - primary_channel_rx: baud_rate=0 high_carrier=1 carrier=1795.4Hz agc=0.00669 power=0 shaper_sets=640
FLOW [proto@0x104c4949e] Rx - primary_channel_rx: baud_rate=0 high_carrier=1 carrier=1795.4Hz agc=0.00669 power=9 shaper_sets=640
FLOW [proto@0x104c4949e] Rx - Phase 3 WAIT_S heartbeat: dur=1536 demod=0 event=0 j_bits=147070 trn_bits=139928 trn_hint=0/75%
[ME] TX path: state=3 mod=3 fax_active=0 v34=0x700020000 v22bis=0x0
[ME] DIAG: cr_update calls=1900 phase_err=0.181 samples
FLOW [proto@0x104c4949e] Rx - primary_channel_rx: baud_rate=0 high_carrier=1 carrier=1795.4Hz agc=0.00669 power=0 shaper_sets=640
[ME] RX dump mark: sample=253600 rx_stage=10 tx_stage=55 mod=3 guard_db=-6.0 guard_valid=1
FLOW [proto@0x104c4949e] Rx - primary_channel_rx: baud_rate=0 high_carrier=1 carrier=1795.4Hz agc=0.00669 power=0 shaper_sets=640
FLOW [proto@0x104c4949e] Rx - primary_channel_rx: baud_rate=0 high_carrier=1 carrier=1795.4Hz agc=0.00669 power=0 shaper_sets=640
FLOW [proto@0x104c4949e] Rx - Phase 3 Ja capture: emitted 147200 bits using hyp=0
FLOW [proto@0x104c4949e] Rx - primary_channel_rx: baud_rate=0 high_carrier=1 carrier=1795.4Hz agc=0.00669 power=3 shaper_sets=640
FLOW [proto@0x104c4949e] Rx - primary_channel_rx: baud_rate=0 high_carrier=1 carrier=1795.4Hz agc=0.00669 power=0 shaper_sets=640
FLOW [proto@0x104c4949e] Rx - primary_channel_rx: baud_rate=0 high_carrier=1 carrier=1795.4Hz agc=0.00669 power=4 shaper_sets=640
FLOW [proto@0x104c4949e] Rx - primary_channel_rx: baud_rate=0 high_carrier=1 carrier=1795.4Hz agc=0.00669 power=11 shaper_sets=640
FLOW [proto@0x104c4949e] Rx - primary_channel_rx: baud_rate=0 high_carrier=1 carrier=1795.4Hz agc=0.00669 power=3 shaper_sets=640
FLOW [proto@0x104c4949e] Rx - Phase 3 TRN: best hyp=4 ones=49272/140288 (35%)
[ME] TX dump mark: sample=254400 rx_stage=10 tx_stage=55 mod=3
FLOW [proto@0x104c4949e] Rx - primary_channel_rx: baud_rate=0 high_carrier=1 carrier=1795.4Hz agc=0.00669 power=0 shaper_sets=640
FLOW [proto@0x104c4949e] Rx - Phase 3 Ja parser input: hyp0 len=147456 bits (stage=10, need ~16340 to parse)
FLOW [proto@0x104c4949e] Rx - Phase 3 Ja capture: emitted 147456 bits using hyp=0
FLOW [proto@0x104c4949e] Rx - primary_channel_rx: baud_rate=0 high_carrier=1 carrier=1795.4Hz agc=0.00669 power=15 shaper_sets=640
FLOW [proto@0x104c4949e] Rx - primary_channel_rx: baud_rate=0 high_carrier=1 carrier=1795.4Hz agc=0.00669 power=21 shaper_sets=640
FLOW [proto@0x104c4949e] Rx - Phase 3 WAIT_S heartbeat: dur=1792 demod=0 event=0 j_bits=147582 trn_bits=140440 trn_hint=0/75%
[ME] RX dump mark: sample=254400 rx_stage=10 tx_stage=55 mod=3 guard_db=-6.0 guard_valid=1
FLOW [proto@0x104c4949e] Rx - primary_channel_rx: baud_rate=0 high_carrier=1 carrier=1795.4Hz agc=0.00669 power=9 shaper_sets=640
FLOW [proto@0x104c4949e] Rx - primary_channel_rx: baud_rate=0 high_carrier=1 carrier=1795.4Hz agc=0.00669 power=12 shaper_sets=640
FLOW [proto@0x104c4949e] Rx - primary_channel_rx: baud_rate=0 high_carrier=1 carrier=1795.4Hz agc=0.00669 power=0 shaper_sets=640
FLOW [proto@0x104c4949e] Rx - Phase 3 Ja capture: emitted 147712 bits using hyp=0
FLOW [proto@0x104c4949e] Rx - primary_channel_rx: baud_rate=0 high_carrier=1 carrier=1795.4Hz agc=0.00669 power=2 shaper_sets=640
FLOW [proto@0x104c4949e] Rx - primary_channel_rx: baud_rate=0 high_carrier=1 carrier=1795.4Hz agc=0.00669 power=13 shaper_sets=640
FLOW [proto@0x104c4949e] Rx - primary_channel_rx: baud_rate=0 high_carrier=1 carrier=1795.4Hz agc=0.00669 power=8 shaper_sets=640
FLOW [proto@0x104c4949e] Rx - primary_channel_rx: baud_rate=0 high_carrier=1 carrier=1795.4Hz agc=0.00669 power=2 shaper_sets=640
[ME] TX dump mark: sample=255200 rx_stage=10 tx_stage=55 mod=3
FLOW [proto@0x104c4949e] Rx - primary_channel_rx: baud_rate=0 high_carrier=1 carrier=1795.4Hz agc=0.00669 power=8 shaper_sets=640
FLOW [proto@0x104c4949e] Rx - Phase 3 TRN: best hyp=4 ones=49526/140800 (35%)
FLOW [proto@0x104c4949e] Rx - Phase 3 Ja capture: emitted 147968 bits using hyp=0
FLOW [proto@0x104c4949e] Rx - primary_channel_rx: baud_rate=0 high_carrier=1 carrier=1795.4Hz agc=0.00669 power=5 shaper_sets=640
FLOW [proto@0x104c4949e] Rx - Phase 3 S baud 2000: mag=0.023 data_bits=3 alt=8/32 stable=0 dom=3:12/32 rev=0/32 counts=4,7,9,12
FLOW [proto@0x104c4949e] Rx - primary_channel_rx: baud_rate=0 high_carrier=1 carrier=1795.4Hz agc=0.00669 power=3 shaper_sets=640
[ME] RX dump mark: sample=255200 rx_stage=10 tx_stage=55 mod=3 guard_db=-6.0 guard_valid=1
FLOW [proto@0x104c4949e] Rx - primary_channel_rx: baud_rate=0 high_carrier=1 carrier=1795.4Hz agc=0.00669 power=5 shaper_sets=640
FLOW [proto@0x104c4949e] Rx - Phase 3 WAIT_S heartbeat: dur=2048 demod=0 event=0 j_bits=148094 trn_bits=140952 trn_hint=0/75%
FLOW [proto@0x104c4949e] Rx - primary_channel_rx: baud_rate=0 high_carrier=1 carrier=1795.4Hz agc=0.00669 power=0 shaper_sets=640
FLOW [proto@0x104c4949e] Rx - primary_channel_rx: baud_rate=0 high_carrier=1 carrier=1795.4Hz agc=0.00669 power=17 shaper_sets=640
FLOW [proto@0x104c4949e] Rx - primary_channel_rx: baud_rate=0 high_carrier=1 carrier=1795.4Hz agc=0.00669 power=6 shaper_sets=640
FLOW [proto@0x104c4949e] Rx - Phase 3 Ja capture: emitted 148224 bits using hyp=0
FLOW [proto@0x104c4949e] Rx - primary_channel_rx: baud_rate=0 high_carrier=1 carrier=1795.4Hz agc=0.00669 power=13 shaper_sets=640
FLOW [proto@0x104c4949e] Rx - primary_channel_rx: baud_rate=0 high_carrier=1 carrier=1795.4Hz agc=0.00669 power=9 shaper_sets=640
FLOW [proto@0x104c4949e] Rx - primary_channel_rx: baud_rate=0 high_carrier=1 carrier=1795.4Hz agc=0.00669 power=11 shaper_sets=640
[ME] TX dump mark: sample=256000 rx_stage=10 tx_stage=55 mod=3
[ME] Training TX: RMS=0.0 (8000 samples)
FLOW [proto@0x104c4949e] Rx - primary_channel_rx: baud_rate=0 high_carrier=1 carrier=1795.4Hz agc=0.00669 power=0 shaper_sets=640
FLOW [proto@0x104c4949e] Rx - Phase 3 TRN: best hyp=4 ones=49780/141312 (35%)
FLOW [proto@0x104c4949e] Rx - primary_channel_rx: baud_rate=0 high_carrier=1 carrier=1795.4Hz agc=0.00669 power=1 shaper_sets=640
FLOW [proto@0x104c4949e] Rx - Phase 3 Ja capture: emitted 148480 bits using hyp=0
[ME] Training rx: RMS=3.7 (8000 samples)
FLOW [proto@0x104c4949e] Rx - primary_channel_rx: baud_rate=0 high_carrier=1 carrier=1795.4Hz agc=0.00669 power=0 shaper_sets=640
[ME] RX dump mark: sample=256000 rx_stage=10 tx_stage=55 mod=3 guard_db=-6.0 guard_valid=1
FLOW [proto@0x104c4949e] Rx - primary_channel_rx: baud_rate=0 high_carrier=1 carrier=1795.4Hz agc=0.00669 power=16 shaper_sets=640
FLOW [proto@0x104c4949e] Rx - Phase 3 WAIT_S heartbeat: dur=2304 demod=0 event=0 j_bits=148606 trn_bits=141464 trn_hint=0/75%
FLOW [proto@0x104c4949e] Rx - primary_channel_rx: baud_rate=0 high_carrier=1 carrier=1795.4Hz agc=0.00669 power=7 shaper_sets=640
FLOW [proto@0x104c4949e] Rx - primary_channel_rx: baud_rate=0 high_carrier=1 carrier=1795.4Hz agc=0.00669 power=15 shaper_sets=640
FLOW [proto@0x104c4949e] Rx - primary_channel_rx: baud_rate=0 high_carrier=1 carrier=1795.4Hz agc=0.00669 power=0 shaper_sets=640
FLOW [proto@0x104c4949e] Rx - Phase 3 Ja capture: emitted 148736 bits using hyp=0
FLOW [proto@0x104c4949e] Rx - primary_channel_rx: baud_rate=0 high_carrier=1 carrier=1795.4Hz agc=0.00669 power=7 shaper_sets=640
FLOW [proto@0x104c4949e] Rx - primary_channel_rx: baud_rate=0 high_carrier=1 carrier=1795.4Hz agc=0.00669 power=14 shaper_sets=640
FLOW [proto@0x104c4949e] Rx - primary_channel_rx: baud_rate=0 high_carrier=1 carrier=1795.4Hz agc=0.00669 power=7 shaper_sets=640
[ME] TX dump mark: sample=256800 rx_stage=10 tx_stage=55 mod=3
FLOW [proto@0x104c4949e] Rx - primary_channel_rx: baud_rate=0 high_carrier=1 carrier=1795.4Hz agc=0.00669 power=6 shaper_sets=640
FLOW [proto@0x104c4949e] Rx - primary_channel_rx: baud_rate=0 high_carrier=1 carrier=1795.4Hz agc=0.00669 power=0 shaper_sets=640
FLOW [proto@0x104c4949e] Rx - Phase 3 TRN: best hyp=4 ones=50039/141824 (35%)
FLOW [proto@0x104c4949e] Rx - primary_channel_rx: baud_rate=0 high_carrier=1 carrier=1795.4Hz agc=0.00669 power=4 shaper_sets=640
FLOW [proto@0x104c4949e] Rx - Phase 3 Ja capture: emitted 148992 bits using hyp=0
[ME] RX dump mark: sample=256800 rx_stage=10 tx_stage=55 mod=3 guard_db=-6.0 guard_valid=1
FLOW [proto@0x104c4949e] Rx - primary_channel_rx: baud_rate=0 high_carrier=1 carrier=1795.4Hz agc=0.00669 power=11 shaper_sets=640
FLOW [proto@0x104c4949e] Rx - primary_channel_rx: baud_rate=0 high_carrier=1 carrier=1795.4Hz agc=0.00669 power=4 shaper_sets=640
FLOW [proto@0x104c4949e] Rx - Phase 3 WAIT_S heartbeat: dur=2560 demod=0 event=0 j_bits=149118 trn_bits=141976 trn_hint=0/75%
FLOW [proto@0x104c4949e] Rx - primary_channel_rx: baud_rate=0 high_carrier=1 carrier=1795.4Hz agc=0.00669 power=7 shaper_sets=640
FLOW [proto@0x104c4949e] Rx - primary_channel_rx: baud_rate=0 high_carrier=1 carrier=1795.4Hz agc=0.00669 power=7 shaper_sets=640
FLOW [proto@0x104c4949e] Rx - primary_channel_rx: baud_rate=0 high_carrier=1 carrier=1795.4Hz agc=0.00669 power=10 shaper_sets=640
FLOW [proto@0x104c4949e] Rx - Phase 3 Ja capture: emitted 149248 bits using hyp=0
FLOW [proto@0x104c4949e] Rx - primary_channel_rx: baud_rate=0 high_carrier=1 carrier=1795.4Hz agc=0.00669 power=15 shaper_sets=640
FLOW [proto@0x104c4949e] Rx - primary_channel_rx: baud_rate=0 high_carrier=1 carrier=1795.4Hz agc=0.00669 power=9 shaper_sets=640
[ME] TX dump mark: sample=257600 rx_stage=10 tx_stage=55 mod=3
FLOW [proto@0x104c4949e] Rx - primary_channel_rx: baud_rate=0 high_carrier=1 carrier=1795.4Hz agc=0.00669 power=8 shaper_sets=640
FLOW [proto@0x104c4949e] Rx - primary_channel_rx: baud_rate=0 high_carrier=1 carrier=1795.4Hz agc=0.00669 power=0 shaper_sets=640
FLOW [proto@0x104c4949e] Rx - primary_channel_rx: baud_rate=0 high_carrier=1 carrier=1795.4Hz agc=0.00669 power=0 shaper_sets=640
FLOW [proto@0x104c4949e] Rx - Phase 3 TRN: best hyp=4 ones=50313/142336 (35%)
FLOW [proto@0x104c4949e] Rx - Phase 3 Ja parser input: hyp0 len=149504 bits (stage=10, need ~16340 to parse)
FLOW [proto@0x104c4949e] Rx - Phase 3 Ja capture: emitted 149504 bits using hyp=0
[ME] RX dump mark: sample=257600 rx_stage=10 tx_stage=55 mod=3 guard_db=-6.0 guard_valid=1
FLOW [proto@0x104c4949e] Rx - primary_channel_rx: baud_rate=0 high_carrier=1 carrier=1795.4Hz agc=0.00669 power=0 shaper_sets=640
FLOW [proto@0x104c4949e] Rx - primary_channel_rx: baud_rate=0 high_carrier=1 carrier=1795.4Hz agc=0.00669 power=0 shaper_sets=640
FLOW [proto@0x104c4949e] Rx - primary_channel_rx: baud_rate=0 high_carrier=1 carrier=1795.4Hz agc=0.00669 power=9 shaper_sets=640
FLOW [proto@0x104c4949e] Rx - Phase 3 WAIT_S heartbeat: dur=2816 demod=0 event=0 j_bits=149630 trn_bits=142488 trn_hint=0/75%
FLOW [proto@0x104c4949e] Rx - primary_channel_rx: baud_rate=0 high_carrier=1 carrier=1795.4Hz agc=0.00669 power=0 shaper_sets=640
FLOW [proto@0x104c4949e] Rx - primary_channel_rx: baud_rate=0 high_carrier=1 carrier=1795.4Hz agc=0.00669 power=16 shaper_sets=640
FLOW [proto@0x104c4949e] Rx - primary_channel_rx: baud_rate=0 high_carrier=1 carrier=1795.4Hz agc=0.00669 power=1 shaper_sets=640
FLOW [proto@0x104c4949e] Rx - Phase 3 Ja capture: emitted 149760 bits using hyp=0
FLOW [proto@0x104c4949e] Rx - primary_channel_rx: baud_rate=0 high_carrier=1 carrier=1795.4Hz agc=0.00669 power=0 shaper_sets=640
[ME] TX dump mark: sample=258400 rx_stage=10 tx_stage=55 mod=3
FLOW [proto@0x104c4949e] Rx - primary_channel_rx: baud_rate=0 high_carrier=1 carrier=1795.4Hz agc=0.00669 power=0 shaper_sets=640
FLOW [proto@0x104c4949e] Rx - primary_channel_rx: baud_rate=0 high_carrier=1 carrier=1795.4Hz agc=0.00669 power=0 shaper_sets=640
FLOW [proto@0x104c4949e] Rx - primary_channel_rx: baud_rate=0 high_carrier=1 carrier=1795.4Hz agc=0.00669 power=17 shaper_sets=640
FLOW [proto@0x104c4949e] Rx - Phase 3 TRN: best hyp=4 ones=50582/142848 (35%)
FLOW [proto@0x104c4949e] Rx - Phase 3 S baud 3000: mag=0.039 data_bits=0 alt=6/32 stable=0 dom=3:14/32 rev=0/32 counts=6,3,9,14
[ME] RX dump mark: sample=258400 rx_stage=10 tx_stage=55 mod=3 guard_db=-6.0 guard_valid=1
FLOW [proto@0x104c4949e] Rx - primary_channel_rx: baud_rate=0 high_carrier=1 carrier=1795.4Hz agc=0.00669 power=13 shaper_sets=640
FLOW [proto@0x104c4949e] Rx - Phase 3 Ja capture: emitted 150016 bits using hyp=0
FLOW [proto@0x104c4949e] Rx - primary_channel_rx: baud_rate=0 high_carrier=1 carrier=1795.4Hz agc=0.00669 power=0 shaper_sets=640
FLOW [proto@0x104c4949e] Rx - primary_channel_rx: baud_rate=0 high_carrier=1 carrier=1795.4Hz agc=0.00669 power=0 shaper_sets=640
FLOW [proto@0x104c4949e] Rx - Phase 3 WAIT_S heartbeat: dur=3072 demod=0 event=0 j_bits=150142 trn_bits=143000 trn_hint=0/75%
FLOW [proto@0x104c4949e] Rx - primary_channel_rx: baud_rate=0 high_carrier=1 carrier=1795.4Hz agc=0.00669 power=0 shaper_sets=640
FLOW [proto@0x104c4949e] Rx - primary_channel_rx: baud_rate=0 high_carrier=1 carrier=1795.4Hz agc=0.00669 power=5 shaper_sets=640
FLOW [proto@0x104c4949e] Rx - primary_channel_rx: baud_rate=0 high_carrier=1 carrier=1795.4Hz agc=0.00669 power=0 shaper_sets=640
FLOW [proto@0x104c4949e] Rx - Phase 3 Ja capture: emitted 150272 bits using hyp=0
FLOW [proto@0x104c4949e] Rx - primary_channel_rx: baud_rate=0 high_carrier=1 carrier=1795.4Hz agc=0.00669 power=1 shaper_sets=640
[ME] TX dump mark: sample=259200 rx_stage=10 tx_stage=55 mod=3
FLOW [proto@0x104c4949e] Rx - primary_channel_rx: baud_rate=0 high_carrier=1 carrier=1795.4Hz agc=0.00669 power=0 shaper_sets=640
FLOW [proto@0x104c4949e] Rx - primary_channel_rx: baud_rate=0 high_carrier=1 carrier=1795.4Hz agc=0.00669 power=7 shaper_sets=640
FLOW [proto@0x104c4949e] Rx - primary_channel_rx: baud_rate=0 high_carrier=1 carrier=1795.4Hz agc=0.00669 power=7 shaper_sets=640
[ME] RX dump mark: sample=259200 rx_stage=10 tx_stage=55 mod=3 guard_db=-6.0 guard_valid=1
FLOW [proto@0x104c4949e] Rx - primary_channel_rx: baud_rate=0 high_carrier=1 carrier=1795.4Hz agc=0.00669 power=1 shaper_sets=640
FLOW [proto@0x104c4949e] Rx - Phase 3 TRN: best hyp=4 ones=50840/143360 (35%)
FLOW [proto@0x104c4949e] Rx - primary_channel_rx: baud_rate=0 high_carrier=1 carrier=1795.4Hz agc=0.00669 power=0 shaper_sets=640
FLOW [proto@0x104c4949e] Rx - Phase 3 Ja capture: emitted 150528 bits using hyp=0
FLOW [proto@0x104c4949e] Rx - primary_channel_rx: baud_rate=0 high_carrier=1 carrier=1795.4Hz agc=0.00669 power=0 shaper_sets=640
FLOW [proto@0x104c4949e] Rx - primary_channel_rx: baud_rate=0 high_carrier=1 carrier=1795.4Hz agc=0.00669 power=11 shaper_sets=640
FLOW [proto@0x104c4949e] Rx - Phase 3 WAIT_S heartbeat: dur=3328 demod=0 event=0 j_bits=150654 trn_bits=143512 trn_hint=0/75%
FLOW [proto@0x104c4949e] Rx - primary_channel_rx: baud_rate=0 high_carrier=1 carrier=1795.4Hz agc=0.00669 power=17 shaper_sets=640
FLOW [proto@0x104c4949e] Rx - primary_channel_rx: baud_rate=0 high_carrier=1 carrier=1795.4Hz agc=0.00669 power=0 shaper_sets=640
FLOW [proto@0x104c4949e] Rx - primary_channel_rx: baud_rate=0 high_carrier=1 carrier=1795.4Hz agc=0.00669 power=9 shaper_sets=640
FLOW [proto@0x104c4949e] Rx - Phase 3 Ja capture: emitted 150784 bits using hyp=0
[ME] TX dump mark: sample=260000 rx_stage=10 tx_stage=55 mod=3
FLOW [proto@0x104c4949e] Rx - primary_channel_rx: baud_rate=0 high_carrier=1 carrier=1795.4Hz agc=0.00669 power=18 shaper_sets=640
FLOW [proto@0x104c4949e] Rx - primary_channel_rx: baud_rate=0 high_carrier=1 carrier=1795.4Hz agc=0.00669 power=5 shaper_sets=640
FLOW [proto@0x104c4949e] Rx - primary_channel_rx: baud_rate=0 high_carrier=1 carrier=1795.4Hz agc=0.00669 power=0 shaper_sets=640
[ME] RX dump mark: sample=260000 rx_stage=10 tx_stage=55 mod=3 guard_db=-6.0 guard_valid=1
FLOW [proto@0x104c4949e] Rx - primary_channel_rx: baud_rate=0 high_carrier=1 carrier=1795.4Hz agc=0.00669 power=9 shaper_sets=640
FLOW [proto@0x104c4949e] Rx - primary_channel_rx: baud_rate=0 high_carrier=1 carrier=1795.4Hz agc=0.00669 power=5 shaper_sets=640
FLOW [proto@0x104c4949e] Rx - Phase 3 TRN: best hyp=4 ones=51084/143872 (36%)
FLOW [proto@0x104c4949e] Rx - Phase 3 Ja capture: emitted 151040 bits using hyp=0
FLOW [proto@0x104c4949e] Rx - primary_channel_rx: baud_rate=0 high_carrier=1 carrier=1795.4Hz agc=0.00669 power=0 shaper_sets=640
FLOW [proto@0x104c4949e] Rx - primary_channel_rx: baud_rate=0 high_carrier=1 carrier=1795.4Hz agc=0.00669 power=3 shaper_sets=640
FLOW [proto@0x104c4949e] Rx - primary_channel_rx: baud_rate=0 high_carrier=1 carrier=1795.4Hz agc=0.00669 power=0 shaper_sets=640
FLOW [proto@0x104c4949e] Rx - Phase 3 WAIT_S heartbeat: dur=3584 demod=0 event=0 j_bits=151166 trn_bits=144024 trn_hint=0/75%
FLOW [proto@0x104c4949e] Rx - primary_channel_rx: baud_rate=0 high_carrier=1 carrier=1795.4Hz agc=0.00669 power=7 shaper_sets=640
FLOW [proto@0x104c4949e] Rx - primary_channel_rx: baud_rate=0 high_carrier=1 carrier=1795.4Hz agc=0.00669 power=3 shaper_sets=640
[ME] TX dump mark: sample=260800 rx_stage=10 tx_stage=55 mod=3
FLOW [proto@0x104c4949e] Rx - primary_channel_rx: baud_rate=0 high_carrier=1 carrier=1795.4Hz agc=0.00669 power=0 shaper_sets=640
FLOW [proto@0x104c4949e] Rx - Phase 3 Ja capture: emitted 151296 bits using hyp=0
FLOW [proto@0x104c4949e] Rx - primary_channel_rx: baud_rate=0 high_carrier=1 carrier=1795.4Hz agc=0.00669 power=15 shaper_sets=640
FLOW [proto@0x104c4949e] Rx - primary_channel_rx: baud_rate=0 high_carrier=1 carrier=1795.4Hz agc=0.00669 power=4 shaper_sets=640
[ME] RX dump mark: sample=260800 rx_stage=10 tx_stage=55 mod=3 guard_db=-6.0 guard_valid=1
FLOW [proto@0x104c4949e] Rx - primary_channel_rx: baud_rate=0 high_carrier=1 carrier=1795.4Hz agc=0.00669 power=27 shaper_sets=640
FLOW [proto@0x104c4949e] Rx - primary_channel_rx: baud_rate=0 high_carrier=1 carrier=1795.4Hz agc=0.00669 power=4 shaper_sets=640
FLOW [proto@0x104c4949e] Rx - Phase 3 TRN: best hyp=4 ones=51345/144384 (36%)
FLOW [proto@0x104c4949e] Rx - primary_channel_rx: baud_rate=0 high_carrier=1 carrier=1795.4Hz agc=0.00669 power=7 shaper_sets=640
FLOW [proto@0x104c4949e] Rx - Phase 3 Ja parser input: hyp0 len=151552 bits (stage=10, need ~16340 to parse)
FLOW [proto@0x104c4949e] Rx - Phase 3 Ja capture: emitted 151552 bits using hyp=0
FLOW [proto@0x104c4949e] Rx - primary_channel_rx: baud_rate=0 high_carrier=1 carrier=1795.4Hz agc=0.00669 power=4 shaper_sets=640
FLOW [proto@0x104c4949e] Rx - primary_channel_rx: baud_rate=0 high_carrier=1 carrier=1795.4Hz agc=0.00669 power=12 shaper_sets=640
FLOW [proto@0x104c4949e] Rx - Phase 3 WAIT_S heartbeat: dur=3840 demod=0 event=0 j_bits=151678 trn_bits=144536 trn_hint=0/75%
FLOW [proto@0x104c4949e] Rx - primary_channel_rx: baud_rate=0 high_carrier=1 carrier=1795.4Hz agc=0.00669 power=17 shaper_sets=640
FLOW [proto@0x104c4949e] Rx - primary_channel_rx: baud_rate=0 high_carrier=1 carrier=1795.4Hz agc=0.00669 power=3 shaper_sets=640
[ME] TX dump mark: sample=261600 rx_stage=10 tx_stage=55 mod=3
FLOW [proto@0x104c4949e] Rx - primary_channel_rx: baud_rate=0 high_carrier=1 carrier=1795.4Hz agc=0.00669 power=20 shaper_sets=640
FLOW [proto@0x104c4949e] Rx - Phase 3 Ja capture: emitted 151808 bits using hyp=0
FLOW [proto@0x104c4949e] Rx - primary_channel_rx: baud_rate=0 high_carrier=1 carrier=1795.4Hz agc=0.00669 power=3 shaper_sets=640
[ME] TX path: state=3 mod=3 fax_active=0 v34=0x700020000 v22bis=0x0
FLOW [proto@0x104c4949e] Rx - primary_channel_rx: baud_rate=0 high_carrier=1 carrier=1795.4Hz agc=0.00669 power=1 shaper_sets=640
[ME] RX dump mark: sample=261600 rx_stage=10 tx_stage=55 mod=3 guard_db=-6.0 guard_valid=1
FLOW [proto@0x104c4949e] Rx - primary_channel_rx: baud_rate=0 high_carrier=1 carrier=1795.4Hz agc=0.00669 power=9 shaper_sets=640
FLOW [proto@0x104c4949e] Rx - primary_channel_rx: baud_rate=0 high_carrier=1 carrier=1795.4Hz agc=0.00669 power=0 shaper_sets=640
FLOW [proto@0x104c4949e] Rx - Phase 3 S baud 4000: mag=0.016 data_bits=0 alt=2/32 stable=0 dom=3:19/32 rev=0/32 counts=5,5,3,19
FLOW [proto@0x104c4949e] Rx - primary_channel_rx: baud_rate=0 high_carrier=1 carrier=1795.4Hz agc=0.00669 power=10 shaper_sets=640
FLOW [proto@0x104c4949e] Rx - Phase 3 TRN: best hyp=4 ones=51606/144896 (36%)
FLOW [proto@0x104c4949e] Rx - primary_channel_rx: baud_rate=0 high_carrier=1 carrier=1795.4Hz agc=0.00669 power=8 shaper_sets=640
FLOW [proto@0x104c4949e] Rx - Phase 3 Ja capture: emitted 152064 bits using hyp=0
FLOW [proto@0x104c4949e] Rx - primary_channel_rx: baud_rate=0 high_carrier=1 carrier=1795.4Hz agc=0.00669 power=8 shaper_sets=640
FLOW [proto@0x104c4949e] Rx - primary_channel_rx: baud_rate=0 high_carrier=1 carrier=1795.4Hz agc=0.00669 power=3 shaper_sets=640
FLOW [proto@0x104c4949e] Rx - Phase 3 WAIT_S heartbeat: dur=4096 demod=0 event=0 j_bits=152190 trn_bits=145048 trn_hint=0/75%
FLOW [proto@0x104c4949e] Rx - primary_channel_rx: baud_rate=0 high_carrier=1 carrier=1795.4Hz agc=0.00669 power=10 shaper_sets=640
[ME] TX dump mark: sample=262400 rx_stage=10 tx_stage=55 mod=3
FLOW [proto@0x104c4949e] Rx - primary_channel_rx: baud_rate=0 high_carrier=1 carrier=1795.4Hz agc=0.00669 power=5 shaper_sets=640
FLOW [proto@0x104c4949e] Rx - primary_channel_rx: baud_rate=0 high_carrier=1 carrier=1795.4Hz agc=0.00669 power=13 shaper_sets=640
FLOW [proto@0x104c4949e] Rx - Phase 3 Ja capture: emitted 152320 bits using hyp=0
FLOW [proto@0x104c4949e] Rx - primary_channel_rx: baud_rate=0 high_carrier=1 carrier=1795.4Hz agc=0.00669 power=0 shaper_sets=640
[ME] RX dump mark: sample=262400 rx_stage=10 tx_stage=55 mod=3 guard_db=-6.0 guard_valid=1
FLOW [proto@0x104c4949e] Rx - primary_channel_rx: baud_rate=0 high_carrier=1 carrier=1795.4Hz agc=0.00669 power=0 shaper_sets=640
FLOW [proto@0x104c4949e] Rx - primary_channel_rx: baud_rate=0 high_carrier=1 carrier=1795.4Hz agc=0.00669 power=4 shaper_sets=640
FLOW [proto@0x104c4949e] Rx - primary_channel_rx: baud_rate=0 high_carrier=1 carrier=1795.4Hz agc=0.00669 power=7 shaper_sets=640
FLOW [proto@0x104c4949e] Rx - primary_channel_rx: baud_rate=0 high_carrier=1 carrier=1795.4Hz agc=0.00669 power=5 shaper_sets=640
FLOW [proto@0x104c4949e] Rx - Phase 3 TRN: best hyp=4 ones=51874/145408 (36%)
FLOW [proto@0x104c4949e] Rx - Phase 3 Ja capture: emitted 152576 bits using hyp=0
FLOW [proto@0x104c4949e] Rx - primary_channel_rx: baud_rate=0 high_carrier=1 carrier=1795.4Hz agc=0.00669 power=3 shaper_sets=640
FLOW [proto@0x104c4949e] Rx - primary_channel_rx: baud_rate=0 high_carrier=1 carrier=1795.4Hz agc=0.00669 power=0 shaper_sets=640
FLOW [proto@0x104c4949e] Rx - primary_channel_rx: baud_rate=0 high_carrier=1 carrier=1795.4Hz agc=0.00669 power=19 shaper_sets=640
FLOW [proto@0x104c4949e] Rx - Phase 3 WAIT_S heartbeat: dur=4352 demod=0 event=0 j_bits=152702 trn_bits=145560 trn_hint=0/75%
[ME] TX dump mark: sample=263200 rx_stage=10 tx_stage=55 mod=3
FLOW [proto@0x104c4949e] Rx - primary_channel_rx: baud_rate=0 high_carrier=1 carrier=1795.4Hz agc=0.00669 power=1 shaper_sets=640
FLOW [proto@0x104c4949e] Rx - primary_channel_rx: baud_rate=0 high_carrier=1 carrier=1795.4Hz agc=0.00669 power=0 shaper_sets=640
FLOW [proto@0x104c4949e] Rx - primary_channel_rx: baud_rate=0 high_carrier=1 carrier=1795.4Hz agc=0.00669 power=14 shaper_sets=640
FLOW [proto@0x104c4949e] Rx - Phase 3 Ja capture: emitted 152832 bits using hyp=0
[ME] RX dump mark: sample=263200 rx_stage=10 tx_stage=55 mod=3 guard_db=-6.0 guard_valid=1
FLOW [proto@0x104c4949e] Rx - primary_channel_rx: baud_rate=0 high_carrier=1 carrier=1795.4Hz agc=0.00669 power=3 shaper_sets=640
FLOW [proto@0x104c4949e] Rx - primary_channel_rx: baud_rate=0 high_carrier=1 carrier=1795.4Hz agc=0.00669 power=9 shaper_sets=640
FLOW [proto@0x104c4949e] Rx - primary_channel_rx: baud_rate=0 high_carrier=1 carrier=1795.4Hz agc=0.00669 power=14 shaper_sets=640
FLOW [proto@0x104c4949e] Rx - primary_channel_rx: baud_rate=0 high_carrier=1 carrier=1795.4Hz agc=0.00669 power=9 shaper_sets=640
FLOW [proto@0x104c4949e] Rx - Phase 3 TRN: best hyp=4 ones=52128/145920 (36%)
FLOW [proto@0x104c4949e] Rx - primary_channel_rx: baud_rate=0 high_carrier=1 carrier=1795.4Hz agc=0.00669 power=4 shaper_sets=640
FLOW [proto@0x104c4949e] Rx - Phase 3 Ja capture: emitted 153088 bits using hyp=0
FLOW [proto@0x104c4949e] Rx - primary_channel_rx: baud_rate=0 high_carrier=1 carrier=1795.4Hz agc=0.00669 power=9 shaper_sets=640
FLOW [proto@0x104c4949e] Rx - primary_channel_rx: baud_rate=0 high_carrier=1 carrier=1795.4Hz agc=0.00669 power=7 shaper_sets=640
FLOW [proto@0x104c4949e] Rx - Phase 3 WAIT_S heartbeat: dur=4608 demod=0 event=0 j_bits=153214 trn_bits=146072 trn_hint=0/75%
[ME] TX dump mark: sample=264000 rx_stage=10 tx_stage=55 mod=3
[ME] Training TX: RMS=0.0 (8000 samples)
FLOW [proto@0x104c4949e] Rx - primary_channel_rx: baud_rate=0 high_carrier=1 carrier=1795.4Hz agc=0.00669 power=0 shaper_sets=640
FLOW [proto@0x104c4949e] Rx - primary_channel_rx: baud_rate=0 high_carrier=1 carrier=1795.4Hz agc=0.00669 power=0 shaper_sets=640
[ME] Training rx: RMS=3.7 (8000 samples)
FLOW [proto@0x104c4949e] Rx - primary_channel_rx: baud_rate=0 high_carrier=1 carrier=1795.4Hz agc=0.00669 power=7 shaper_sets=640
FLOW [proto@0x104c4949e] Rx - Phase 3 Ja capture: emitted 153344 bits using hyp=0
[ME] RX dump mark: sample=264000 rx_stage=10 tx_stage=55 mod=3 guard_db=-6.0 guard_valid=1
FLOW [proto@0x104c4949e] Rx - primary_channel_rx: baud_rate=0 high_carrier=1 carrier=1795.4Hz agc=0.00669 power=11 shaper_sets=640
FLOW [proto@0x104c4949e] Rx - primary_channel_rx: baud_rate=0 high_carrier=1 carrier=1795.4Hz agc=0.00669 power=0 shaper_sets=640
FLOW [proto@0x104c4949e] Rx - primary_channel_rx: baud_rate=0 high_carrier=1 carrier=1795.4Hz agc=0.00669 power=0 shaper_sets=640
FLOW [proto@0x104c4949e] Rx - primary_channel_rx: baud_rate=0 high_carrier=1 carrier=1795.4Hz agc=0.00669 power=1 shaper_sets=640
FLOW [proto@0x104c4949e] Rx - primary_channel_rx: baud_rate=0 high_carrier=1 carrier=1795.4Hz agc=0.00669 power=4 shaper_sets=640
FLOW [proto@0x104c4949e] Rx - Phase 3 TRN: best hyp=4 ones=52370/146432 (36%)
FLOW [proto@0x104c4949e] Rx - primary_channel_rx: baud_rate=0 high_carrier=1 carrier=1795.4Hz agc=0.00669 power=2 shaper_sets=640
FLOW [proto@0x104c4949e] Rx - Phase 3 Ja parser input: hyp0 len=153600 bits (stage=10, need ~16340 to parse)
FLOW [proto@0x104c4949e] Rx - Phase 3 Ja capture: emitted 153600 bits using hyp=0
FLOW [proto@0x104c4949e] Rx - primary_channel_rx: baud_rate=0 high_carrier=1 carrier=1795.4Hz agc=0.00669 power=11 shaper_sets=640
[ME] TX dump mark: sample=264800 rx_stage=10 tx_stage=55 mod=3
FLOW [proto@0x104c4949e] Rx - primary_channel_rx: baud_rate=0 high_carrier=1 carrier=1795.4Hz agc=0.00669 power=0 shaper_sets=640
FLOW [proto@0x104c4949e] Rx - Phase 3 WAIT_S heartbeat: dur=4864 demod=0 event=0 j_bits=153726 trn_bits=146584 trn_hint=0/75%
FLOW [proto@0x104c4949e] Rx - primary_channel_rx: baud_rate=0 high_carrier=1 carrier=1795.4Hz agc=0.00669 power=0 shaper_sets=640
FLOW [proto@0x104c4949e] Rx - primary_channel_rx: baud_rate=0 high_carrier=1 carrier=1795.4Hz agc=0.00669 power=2 shaper_sets=640
[ME] RX dump mark: sample=264800 rx_stage=10 tx_stage=55 mod=3 guard_db=-6.0 guard_valid=1
FLOW [proto@0x104c4949e] Rx - primary_channel_rx: baud_rate=0 high_carrier=1 carrier=1795.4Hz agc=0.00669 power=0 shaper_sets=640
FLOW [proto@0x104c4949e] Rx - Phase 3 Ja capture: emitted 153856 bits using hyp=0
FLOW [proto@0x104c4949e] Rx - primary_channel_rx: baud_rate=0 high_carrier=1 carrier=1795.4Hz agc=0.00669 power=0 shaper_sets=640
FLOW [proto@0x104c4949e] Rx - primary_channel_rx: baud_rate=0 high_carrier=1 carrier=1795.4Hz agc=0.00669 power=7 shaper_sets=640
FLOW [proto@0x104c4949e] Rx - primary_channel_rx: baud_rate=0 high_carrier=1 carrier=1795.4Hz agc=0.00669 power=0 shaper_sets=640
FLOW [proto@0x104c4949e] Rx - Phase 3 S baud 5000: mag=0.050 data_bits=0 alt=1/32 stable=0 dom=2:11/32 rev=0/32 counts=6,6,11,9
FLOW [proto@0x104c4949e] Rx - primary_channel_rx: baud_rate=0 high_carrier=1 carrier=1795.4Hz agc=0.00669 power=4 shaper_sets=640
FLOW [proto@0x104c4949e] Rx - primary_channel_rx: baud_rate=0 high_carrier=1 carrier=1795.4Hz agc=0.00669 power=3 shaper_sets=640
FLOW [proto@0x104c4949e] Rx - Phase 3 TRN: best hyp=4 ones=52627/146944 (36%)
FLOW [proto@0x104c4949e] Rx - Phase 3 Ja capture: emitted 154112 bits using hyp=0
FLOW [proto@0x104c4949e] Rx - primary_channel_rx: baud_rate=0 high_carrier=1 carrier=1795.4Hz agc=0.00669 power=0 shaper_sets=640
[ME] TX dump mark: sample=265600 rx_stage=10 tx_stage=55 mod=3
FLOW [proto@0x104c4949e] Rx - primary_channel_rx: baud_rate=0 high_carrier=1 carrier=1795.4Hz agc=0.00669 power=9 shaper_sets=640
FLOW [proto@0x104c4949e] Rx - primary_channel_rx: baud_rate=0 high_carrier=1 carrier=1795.4Hz agc=0.00669 power=0 shaper_sets=640
FLOW [proto@0x104c4949e] Rx - Phase 3 WAIT_S heartbeat: dur=5120 demod=0 event=0 j_bits=154238 trn_bits=147096 trn_hint=0/75%
FLOW [proto@0x104c4949e] Rx - primary_channel_rx: baud_rate=0 high_carrier=1 carrier=1795.4Hz agc=0.00669 power=2 shaper_sets=640
[ME] RX dump mark: sample=265600 rx_stage=10 tx_stage=55 mod=3 guard_db=-6.0 guard_valid=1
FLOW [proto@0x104c4949e] Rx - primary_channel_rx: baud_rate=0 high_carrier=1 carrier=1795.4Hz agc=0.00669 power=11 shaper_sets=640
FLOW [proto@0x104c4949e] Rx - primary_channel_rx: baud_rate=0 high_carrier=1 carrier=1795.4Hz agc=0.00669 power=11 shaper_sets=640
FLOW [proto@0x104c4949e] Rx - Phase 3 Ja capture: emitted 154368 bits using hyp=0
FLOW [proto@0x104c4949e] Rx - primary_channel_rx: baud_rate=0 high_carrier=1 carrier=1795.4Hz agc=0.00669 power=0 shaper_sets=640
FLOW [proto@0x104c4949e] Rx - primary_channel_rx: baud_rate=0 high_carrier=1 carrier=1795.4Hz agc=0.00669 power=5 shaper_sets=640
FLOW [proto@0x104c4949e] Rx - primary_channel_rx: baud_rate=0 high_carrier=1 carrier=1795.4Hz agc=0.00669 power=8 shaper_sets=640
FLOW [proto@0x104c4949e] Rx - primary_channel_rx: baud_rate=0 high_carrier=1 carrier=1795.4Hz agc=0.00669 power=0 shaper_sets=640
FLOW [proto@0x104c4949e] Rx - Phase 3 TRN: best hyp=4 ones=52872/147456 (36%)
FLOW [proto@0x104c4949e] Rx - primary_channel_rx: baud_rate=0 high_carrier=1 carrier=1795.4Hz agc=0.00669 power=4 shaper_sets=640
FLOW [proto@0x104c4949e] Rx - Phase 3 Ja capture: emitted 154624 bits using hyp=0
[ME] TX dump mark: sample=266400 rx_stage=10 tx_stage=55 mod=3
FLOW [proto@0x104c4949e] Rx - primary_channel_rx: baud_rate=0 high_carrier=1 carrier=1795.4Hz agc=0.00669 power=4 shaper_sets=640
FLOW [proto@0x104c4949e] Rx - primary_channel_rx: baud_rate=0 high_carrier=1 carrier=1795.4Hz agc=0.00669 power=3 shaper_sets=640
FLOW [proto@0x104c4949e] Rx - Phase 3 WAIT_S heartbeat: dur=5376 demod=0 event=0 j_bits=154750 trn_bits=147608 trn_hint=0/75%
FLOW [proto@0x104c4949e] Rx - primary_channel_rx: baud_rate=0 high_carrier=1 carrier=1795.4Hz agc=0.00669 power=2 shaper_sets=640
[ME] RX dump mark: sample=266400 rx_stage=10 tx_stage=55 mod=3 guard_db=-6.0 guard_valid=1
FLOW [proto@0x104c4949e] Rx - primary_channel_rx: baud_rate=0 high_carrier=1 carrier=1795.4Hz agc=0.00669 power=13 shaper_sets=640
FLOW [proto@0x104c4949e] Rx - primary_channel_rx: baud_rate=0 high_carrier=1 carrier=1795.4Hz agc=0.00669 power=0 shaper_sets=640
FLOW [proto@0x104c4949e] Rx - Phase 3 Ja capture: emitted 154880 bits using hyp=0
FLOW [proto@0x104c4949e] Rx - primary_channel_rx: baud_rate=0 high_carrier=1 carrier=1795.4Hz agc=0.00669 power=0 shaper_sets=640
FLOW [proto@0x104c4949e] Rx - primary_channel_rx: baud_rate=0 high_carrier=1 carrier=1795.4Hz agc=0.00669 power=13 shaper_sets=640
FLOW [proto@0x104c4949e] Rx - primary_channel_rx: baud_rate=0 high_carrier=1 carrier=1795.4Hz agc=0.00669 power=0 shaper_sets=640
FLOW [proto@0x104c4949e] Rx - primary_channel_rx: baud_rate=0 high_carrier=1 carrier=1795.4Hz agc=0.00669 power=9 shaper_sets=640
FLOW [proto@0x104c4949e] Rx - primary_channel_rx: baud_rate=0 high_carrier=1 carrier=1795.4Hz agc=0.00669 power=0 shaper_sets=640
FLOW [proto@0x104c4949e] Rx - Phase 3 TRN: best hyp=4 ones=53133/147968 (36%)
[ME] TX dump mark: sample=267200 rx_stage=10 tx_stage=55 mod=3
FLOW [proto@0x104c4949e] Rx - primary_channel_rx: baud_rate=0 high_carrier=1 carrier=1795.4Hz agc=0.00669 power=9 shaper_sets=640
FLOW [proto@0x104c4949e] Rx - Phase 3 Ja capture: emitted 155136 bits using hyp=0
FLOW [proto@0x104c4949e] Rx - primary_channel_rx: baud_rate=0 high_carrier=1 carrier=1795.4Hz agc=0.00669 power=8 shaper_sets=640
FLOW [proto@0x104c4949e] Rx - primary_channel_rx: baud_rate=0 high_carrier=1 carrier=1795.4Hz agc=0.00669 power=9 shaper_sets=640
FLOW [proto@0x104c4949e] Rx - Phase 3 WAIT_S heartbeat: dur=5632 demod=0 event=0 j_bits=155262 trn_bits=148120 trn_hint=0/75%
[ME] RX dump mark: sample=267200 rx_stage=10 tx_stage=55 mod=3 guard_db=-6.0 guard_valid=1
FLOW [proto@0x104c4949e] Rx - primary_channel_rx: baud_rate=0 high_carrier=1 carrier=1795.4Hz agc=0.00669 power=5 shaper_sets=640
FLOW [proto@0x104c4949e] Rx - primary_channel_rx: baud_rate=0 high_carrier=1 carrier=1795.4Hz agc=0.00669 power=3 shaper_sets=640
FLOW [proto@0x104c4949e] Rx - primary_channel_rx: baud_rate=0 high_carrier=1 carrier=1795.4Hz agc=0.00669 power=15 shaper_sets=640
FLOW [proto@0x104c4949e] Rx - Phase 3 Ja capture: emitted 155392 bits using hyp=0
FLOW [proto@0x104c4949e] Rx - primary_channel_rx: baud_rate=0 high_carrier=1 carrier=1795.4Hz agc=0.00669 power=0 shaper_sets=640
FLOW [proto@0x104c4949e] Rx - primary_channel_rx: baud_rate=0 high_carrier=1 carrier=1795.4Hz agc=0.00669 power=2 shaper_sets=640
FLOW [proto@0x104c4949e] Rx - primary_channel_rx: baud_rate=0 high_carrier=1 carrier=1795.4Hz agc=0.00669 power=3 shaper_sets=640
FLOW [proto@0x104c4949e] Rx - primary_channel_rx: baud_rate=0 high_carrier=1 carrier=1795.4Hz agc=0.00669 power=0 shaper_sets=640
[ME] TX dump mark: sample=268000 rx_stage=10 tx_stage=55 mod=3
FLOW [proto@0x104c4949e] Rx - primary_channel_rx: baud_rate=0 high_carrier=1 carrier=1795.4Hz agc=0.00669 power=0 shaper_sets=640
FLOW [proto@0x104c4949e] Rx - Phase 3 TRN: best hyp=4 ones=53387/148480 (36%)
FLOW [proto@0x104c4949e] Rx - Phase 3 Ja parser input: hyp0 len=155648 bits (stage=10, need ~16340 to parse)
FLOW [proto@0x104c4949e] Rx - Phase 3 Ja capture: emitted 155648 bits using hyp=0
FLOW [proto@0x104c4949e] Rx - primary_channel_rx: baud_rate=0 high_carrier=1 carrier=1795.4Hz agc=0.00669 power=9 shaper_sets=640
FLOW [proto@0x104c4949e] Rx - primary_channel_rx: baud_rate=0 high_carrier=1 carrier=1795.4Hz agc=0.00669 power=1 shaper_sets=640
[ME] RX dump mark: sample=268000 rx_stage=10 tx_stage=55 mod=3 guard_db=-6.0 guard_valid=1
FLOW [proto@0x104c4949e] Rx - primary_channel_rx: baud_rate=0 high_carrier=1 carrier=1795.4Hz agc=0.00669 power=4 shaper_sets=640
FLOW [proto@0x104c4949e] Rx - Phase 3 WAIT_S heartbeat: dur=5888 demod=0 event=0 j_bits=155774 trn_bits=148632 trn_hint=0/75%
FLOW [proto@0x104c4949e] Rx - primary_channel_rx: baud_rate=0 high_carrier=1 carrier=1795.4Hz agc=0.00669 power=0 shaper_sets=640
FLOW [proto@0x104c4949e] Rx - primary_channel_rx: baud_rate=0 high_carrier=1 carrier=1795.4Hz agc=0.00669 power=2 shaper_sets=640
FLOW [proto@0x104c4949e] Rx - primary_channel_rx: baud_rate=0 high_carrier=1 carrier=1795.4Hz agc=0.00669 power=8 shaper_sets=640
FLOW [proto@0x104c4949e] Rx - Phase 3 Ja capture: emitted 155904 bits using hyp=0
FLOW [proto@0x104c4949e] Rx - primary_channel_rx: baud_rate=0 high_carrier=1 carrier=1795.4Hz agc=0.00669 power=2 shaper_sets=640
FLOW [proto@0x104c4949e] Rx - Phase 3 S baud 6000: mag=0.052 data_bits=2 alt=2/32 stable=0 dom=2:12/32 rev=0/32 counts=5,7,12,8
FLOW [proto@0x104c4949e] Rx - Phase 3: S detect timeout (6000 bauds, alt=2/32 rev=0/32, j_bits=156000 trn_bits=148858 trn_hint=0/75%), continuing search
FLOW [proto@0x104c4949e] Rx - primary_channel_rx: baud_rate=0 high_carrier=1 carrier=1795.4Hz agc=0.00669 power=13 shaper_sets=640
FLOW [proto@0x104c4949e] Rx - Phase 3 WAIT_S heartbeat: dur=1 demod=0 event=0 j_bits=156000 trn_bits=148858 trn_hint=0/75%
FLOW [proto@0x104c4949e] Rx - Phase 3 S baud 1: mag=0.041 data_bits=3 alt=0/32 stable=0 dom=3:1/32 rev=0/32 counts=0,0,0,1
FLOW [proto@0x104c4949e] Rx - Phase 3 S baud 2: mag=0.027 data_bits=2 alt=0/32 stable=0 dom=2:1/32 rev=0/32 counts=0,0,1,1
FLOW [proto@0x104c4949e] Rx - Phase 3 S baud 3: mag=0.016 data_bits=2 alt=0/32 stable=0 dom=2:2/32 rev=0/32 counts=0,0,2,1
FLOW [proto@0x104c4949e] Rx - Phase 3 S baud 4: mag=0.010 data_bits=2 alt=0/32 stable=0 dom=2:3/32 rev=0/32 counts=0,0,3,1
FLOW [proto@0x104c4949e] Rx - primary_channel_rx: baud_rate=0 high_carrier=1 carrier=1795.4Hz agc=0.00669 power=11 shaper_sets=640
[ME] TX dump mark: sample=268800 rx_stage=10 tx_stage=55 mod=3
FLOW [proto@0x104c4949e] Rx - primary_channel_rx: baud_rate=0 high_carrier=1 carrier=1795.4Hz agc=0.00669 power=0 shaper_sets=640
FLOW [proto@0x104c4949e] Rx - primary_channel_rx: baud_rate=0 high_carrier=1 carrier=1795.4Hz agc=0.00669 power=6 shaper_sets=640
FLOW [proto@0x104c4949e] Rx - Phase 3 Ja capture: emitted 156160 bits using hyp=0
FLOW [proto@0x104c4949e] Rx - primary_channel_rx: baud_rate=0 high_carrier=1 carrier=1795.4Hz agc=0.00669 power=0 shaper_sets=640
[ME] RX dump mark: sample=268800 rx_stage=10 tx_stage=55 mod=3 guard_db=-6.0 guard_valid=1
FLOW [proto@0x104c4949e] Rx - primary_channel_rx: baud_rate=0 high_carrier=1 carrier=1795.4Hz agc=0.00669 power=14 shaper_sets=640
FLOW [proto@0x104c4949e] Rx - primary_channel_rx: baud_rate=0 high_carrier=1 carrier=1795.4Hz agc=0.00669 power=12 shaper_sets=640
FLOW [proto@0x104c4949e] Rx - primary_channel_rx: baud_rate=0 high_carrier=1 carrier=1795.4Hz agc=0.00669 power=9 shaper_sets=640
FLOW [proto@0x104c4949e] Rx - primary_channel_rx: baud_rate=0 high_carrier=1 carrier=1795.4Hz agc=0.00669 power=0 shaper_sets=640
FLOW [proto@0x104c4949e] Rx - Phase 3 Ja capture: emitted 156416 bits using hyp=0
FLOW [proto@0x104c4949e] Rx - primary_channel_rx: baud_rate=0 high_carrier=1 carrier=1795.4Hz agc=0.00669 power=7 shaper_sets=640
FLOW [proto@0x104c4949e] Rx - primary_channel_rx: baud_rate=0 high_carrier=1 carrier=1795.4Hz agc=0.00669 power=21 shaper_sets=640
FLOW [proto@0x104c4949e] Rx - Phase 3 WAIT_S heartbeat: dur=256 demod=0 event=0 j_bits=156510 trn_bits=148858 trn_hint=0/75%
FLOW [proto@0x104c4949e] Rx - primary_channel_rx: baud_rate=0 high_carrier=1 carrier=1795.4Hz agc=0.00669 power=0 shaper_sets=640
[ME] TX dump mark: sample=269600 rx_stage=10 tx_stage=55 mod=3
FLOW [proto@0x104c4949e] Rx - primary_channel_rx: baud_rate=0 high_carrier=1 carrier=1795.4Hz agc=0.00669 power=3 shaper_sets=640
FLOW [proto@0x104c4949e] Rx - primary_channel_rx: baud_rate=0 high_carrier=1 carrier=1795.4Hz agc=0.00669 power=1 shaper_sets=640
FLOW [proto@0x104c4949e] Rx - Phase 3 TRN: best hyp=4 ones=53650/148992 (36%)
[ME] TX path: state=3 mod=3 fax_active=0 v34=0x700020000 v22bis=0x0
[ME] DIAG: cr_update calls=2000 phase_err=0.241 samples
FLOW [proto@0x104c4949e] Rx - primary_channel_rx: baud_rate=0 high_carrier=1 carrier=1795.4Hz agc=0.00669 power=3 shaper_sets=640
FLOW [proto@0x104c4949e] Rx - Phase 3 Ja capture: emitted 156672 bits using hyp=0
[ME] RX dump mark: sample=269600 rx_stage=10 tx_stage=55 mod=3 guard_db=-6.0 guard_valid=1
FLOW [proto@0x104c4949e] Rx - primary_channel_rx: baud_rate=0 high_carrier=1 carrier=1795.4Hz agc=0.00669 power=0 shaper_sets=640
FLOW [proto@0x104c4949e] Rx - primary_channel_rx: baud_rate=0 high_carrier=1 carrier=1795.4Hz agc=0.00669 power=0 shaper_sets=640
FLOW [proto@0x104c4949e] Rx - primary_channel_rx: baud_rate=0 high_carrier=1 carrier=1795.4Hz agc=0.00669 power=15 shaper_sets=640
FLOW [proto@0x104c4949e] Rx - primary_channel_rx: baud_rate=0 high_carrier=1 carrier=1795.4Hz agc=0.00669 power=0 shaper_sets=640
FLOW [proto@0x104c4949e] Rx - primary_channel_rx: baud_rate=0 high_carrier=1 carrier=1795.4Hz agc=0.00669 power=2 shaper_sets=640
FLOW [proto@0x104c4949e] Rx - Phase 3 Ja capture: emitted 156928 bits using hyp=0
FLOW [proto@0x104c4949e] Rx - primary_channel_rx: baud_rate=0 high_carrier=1 carrier=1795.4Hz agc=0.00669 power=3 shaper_sets=640
FLOW [proto@0x104c4949e] Rx - primary_channel_rx: baud_rate=0 high_carrier=1 carrier=1795.4Hz agc=0.00669 power=2 shaper_sets=640
FLOW [proto@0x104c4949e] Rx - Phase 3 WAIT_S heartbeat: dur=512 demod=0 event=0 j_bits=157022 trn_bits=149370 trn_hint=0/75%
[ME] TX dump mark: sample=270400 rx_stage=10 tx_stage=55 mod=3
FLOW [proto@0x104c4949e] Rx - primary_channel_rx: baud_rate=0 high_carrier=1 carrier=1795.4Hz agc=0.00669 power=9 shaper_sets=640
FLOW [proto@0x104c4949e] Rx - primary_channel_rx: baud_rate=0 high_carrier=1 carrier=1795.4Hz agc=0.00669 power=3 shaper_sets=640
FLOW [proto@0x104c4949e] Rx - primary_channel_rx: baud_rate=0 high_carrier=1 carrier=1795.4Hz agc=0.00669 power=4 shaper_sets=640
FLOW [proto@0x104c4949e] Rx - Phase 3 TRN: best hyp=4 ones=53909/149504 (36%)
FLOW [proto@0x104c4949e] Rx - Phase 3 Ja capture: emitted 157184 bits using hyp=0
[ME] RX dump mark: sample=270400 rx_stage=10 tx_stage=55 mod=3 guard_db=-6.0 guard_valid=1
FLOW [proto@0x104c4949e] Rx - primary_channel_rx: baud_rate=0 high_carrier=1 carrier=1795.4Hz agc=0.00669 power=4 shaper_sets=640
FLOW [proto@0x104c4949e] Rx - primary_channel_rx: baud_rate=0 high_carrier=1 carrier=1795.4Hz agc=0.00669 power=0 shaper_sets=640
FLOW [proto@0x104c4949e] Rx - primary_channel_rx: baud_rate=0 high_carrier=1 carrier=1795.4Hz agc=0.00669 power=0 shaper_sets=640
FLOW [proto@0x104c4949e] Rx - primary_channel_rx: baud_rate=0 high_carrier=1 carrier=1795.4Hz agc=0.00669 power=2 shaper_sets=640
FLOW [proto@0x104c4949e] Rx - primary_channel_rx: baud_rate=0 high_carrier=1 carrier=1795.4Hz agc=0.00669 power=3 shaper_sets=640
FLOW [proto@0x104c4949e] Rx - primary_channel_rx: baud_rate=0 high_carrier=1 carrier=1795.4Hz agc=0.00669 power=4 shaper_sets=640
FLOW [proto@0x104c4949e] Rx - Phase 3 Ja capture: emitted 157440 bits using hyp=0
FLOW [proto@0x104c4949e] Rx - primary_channel_rx: baud_rate=0 high_carrier=1 carrier=1795.4Hz agc=0.00669 power=0 shaper_sets=640
FLOW [proto@0x104c4949e] Rx - Phase 3 WAIT_S heartbeat: dur=768 demod=0 event=0 j_bits=157534 trn_bits=149882 trn_hint=0/75%
[ME] TX dump mark: sample=271200 rx_stage=10 tx_stage=55 mod=3
FLOW [proto@0x104c4949e] Rx - primary_channel_rx: baud_rate=0 high_carrier=1 carrier=1795.4Hz agc=0.00669 power=16 shaper_sets=640
FLOW [proto@0x104c4949e] Rx - primary_channel_rx: baud_rate=0 high_carrier=1 carrier=1795.4Hz agc=0.00669 power=0 shaper_sets=640
FLOW [proto@0x104c4949e] Rx - primary_channel_rx: baud_rate=0 high_carrier=1 carrier=1795.4Hz agc=0.00669 power=1 shaper_sets=640
FLOW [proto@0x104c4949e] Rx - Phase 3 TRN: best hyp=4 ones=54155/150016 (36%)
[ME] RX dump mark: sample=271200 rx_stage=10 tx_stage=55 mod=3 guard_db=-6.0 guard_valid=1
FLOW [proto@0x104c4949e] Rx - primary_channel_rx: baud_rate=0 high_carrier=1 carrier=1795.4Hz agc=0.00669 power=5 shaper_sets=640
FLOW [proto@0x104c4949e] Rx - Phase 3 Ja parser input: hyp0 len=157696 bits (stage=10, need ~16340 to parse)
FLOW [proto@0x104c4949e] Rx - Phase 3 Ja capture: emitted 157696 bits using hyp=0
FLOW [proto@0x104c4949e] Rx - primary_channel_rx: baud_rate=0 high_carrier=1 carrier=1795.4Hz agc=0.00669 power=0 shaper_sets=640
FLOW [proto@0x104c4949e] Rx - primary_channel_rx: baud_rate=0 high_carrier=1 carrier=1795.4Hz agc=0.00669 power=9 shaper_sets=640
FLOW [proto@0x104c4949e] Rx - primary_channel_rx: baud_rate=0 high_carrier=1 carrier=1795.4Hz agc=0.00669 power=3 shaper_sets=640
FLOW [proto@0x104c4949e] Rx - primary_channel_rx: baud_rate=0 high_carrier=1 carrier=1795.4Hz agc=0.00669 power=0 shaper_sets=640
FLOW [proto@0x104c4949e] Rx - primary_channel_rx: baud_rate=0 high_carrier=1 carrier=1795.4Hz agc=0.00669 power=0 shaper_sets=640
FLOW [proto@0x104c4949e] Rx - Phase 3 Ja capture: emitted 157952 bits using hyp=0
FLOW [proto@0x104c4949e] Rx - primary_channel_rx: baud_rate=0 high_carrier=1 carrier=1795.4Hz agc=0.00669 power=3 shaper_sets=640
FLOW [proto@0x104c4949e] Rx - Phase 3 S baud 1000: mag=0.053 data_bits=2 alt=10/32 stable=0 dom=3:11/32 rev=0/32 counts=8,4,9,11
[ME] TX dump mark: sample=272000 rx_stage=10 tx_stage=55 mod=3
[ME] Training TX: RMS=0.0 (8000 samples)
FLOW [proto@0x104c4949e] Rx - primary_channel_rx: baud_rate=0 high_carrier=1 carrier=1795.4Hz agc=0.00669 power=10 shaper_sets=640
FLOW [proto@0x104c4949e] Rx - Phase 3 WAIT_S heartbeat: dur=1024 demod=0 event=0 j_bits=158046 trn_bits=150394 trn_hint=0/75%
FLOW [proto@0x104c4949e] Rx - primary_channel_rx: baud_rate=0 high_carrier=1 carrier=1795.4Hz agc=0.00669 power=8 shaper_sets=640
[ME] Training rx: RMS=3.6 (8000 samples)
FLOW [proto@0x104c4949e] Rx - primary_channel_rx: baud_rate=0 high_carrier=1 carrier=1795.4Hz agc=0.00669 power=13 shaper_sets=640
[ME] RX dump mark: sample=272000 rx_stage=10 tx_stage=55 mod=3 guard_db=-6.0 guard_valid=1
FLOW [proto@0x104c4949e] Rx - primary_channel_rx: baud_rate=0 high_carrier=1 carrier=1795.4Hz agc=0.00669 power=3 shaper_sets=640
FLOW [proto@0x104c4949e] Rx - Phase 3 TRN: best hyp=4 ones=54410/150528 (36%)
FLOW [proto@0x104c4949e] Rx - primary_channel_rx: baud_rate=0 high_carrier=1 carrier=1795.4Hz agc=0.00669 power=3 shaper_sets=640
FLOW [proto@0x104c4949e] Rx - Phase 3 Ja capture: emitted 158208 bits using hyp=0
FLOW [proto@0x104c4949e] Rx - primary_channel_rx: baud_rate=0 high_carrier=1 carrier=1795.4Hz agc=0.00669 power=11 shaper_sets=640
FLOW [proto@0x104c4949e] Rx - primary_channel_rx: baud_rate=0 high_carrier=1 carrier=1795.4Hz agc=0.00669 power=0 shaper_sets=640
FLOW [proto@0x104c4949e] Rx - primary_channel_rx: baud_rate=0 high_carrier=1 carrier=1795.4Hz agc=0.00669 power=10 shaper_sets=640
FLOW [proto@0x104c4949e] Rx - primary_channel_rx: baud_rate=0 high_carrier=1 carrier=1795.4Hz agc=0.00669 power=2 shaper_sets=640
FLOW [proto@0x104c4949e] Rx - primary_channel_rx: baud_rate=0 high_carrier=1 carrier=1795.4Hz agc=0.00669 power=11 shaper_sets=640
FLOW [proto@0x104c4949e] Rx - Phase 3 Ja capture: emitted 158464 bits using hyp=0
[ME] TX dump mark: sample=272800 rx_stage=10 tx_stage=55 mod=3
FLOW [proto@0x104c4949e] Rx - primary_channel_rx: baud_rate=0 high_carrier=1 carrier=1795.4Hz agc=0.00669 power=0 shaper_sets=640
FLOW [proto@0x104c4949e] Rx - primary_channel_rx: baud_rate=0 high_carrier=1 carrier=1795.4Hz agc=0.00669 power=10 shaper_sets=640
FLOW [proto@0x104c4949e] Rx - Phase 3 WAIT_S heartbeat: dur=1280 demod=0 event=0 j_bits=158558 trn_bits=150906 trn_hint=0/75%
FLOW [proto@0x104c4949e] Rx - primary_channel_rx: baud_rate=0 high_carrier=1 carrier=1795.4Hz agc=0.00669 power=1 shaper_sets=640
[ME] RX dump mark: sample=272800 rx_stage=10 tx_stage=55 mod=3 guard_db=-6.0 guard_valid=1
FLOW [proto@0x104c4949e] Rx - primary_channel_rx: baud_rate=0 high_carrier=1 carrier=1795.4Hz agc=0.00669 power=4 shaper_sets=640
FLOW [proto@0x104c4949e] Rx - primary_channel_rx: baud_rate=0 high_carrier=1 carrier=1795.4Hz agc=0.00669 power=1 shaper_sets=640
FLOW [proto@0x104c4949e] Rx - Phase 3 TRN: best hyp=4 ones=54674/151040 (36%)
FLOW [proto@0x104c4949e] Rx - Phase 3 Ja capture: emitted 158720 bits using hyp=0
FLOW [proto@0x104c4949e] Rx - primary_channel_rx: baud_rate=0 high_carrier=1 carrier=1795.4Hz agc=0.00669 power=2 shaper_sets=640
FLOW [proto@0x104c4949e] Rx - primary_channel_rx: baud_rate=0 high_carrier=1 carrier=1795.4Hz agc=0.00669 power=0 shaper_sets=640
FLOW [proto@0x104c4949e] Rx - primary_channel_rx: baud_rate=0 high_carrier=1 carrier=1795.4Hz agc=0.00669 power=1 shaper_sets=640
FLOW [proto@0x104c4949e] Rx - primary_channel_rx: baud_rate=0 high_carrier=1 carrier=1795.4Hz agc=0.00669 power=0 shaper_sets=640
FLOW [proto@0x104c4949e] Rx - primary_channel_rx: baud_rate=0 high_carrier=1 carrier=1795.4Hz agc=0.00669 power=6 shaper_sets=640
[ME] TX dump mark: sample=273600 rx_stage=10 tx_stage=55 mod=3
FLOW [proto@0x104c4949e] Rx - primary_channel_rx: baud_rate=0 high_carrier=1 carrier=1795.4Hz agc=0.00669 power=10 shaper_sets=640
FLOW [proto@0x104c4949e] Rx - Phase 3 Ja capture: emitted 158976 bits using hyp=0
FLOW [proto@0x104c4949e] Rx - primary_channel_rx: baud_rate=0 high_carrier=1 carrier=1795.4Hz agc=0.00669 power=0 shaper_sets=640
FLOW [proto@0x104c4949e] Rx - Phase 3 WAIT_S heartbeat: dur=1536 demod=0 event=0 j_bits=159070 trn_bits=151418 trn_hint=0/75%
FLOW [proto@0x104c4949e] Rx - primary_channel_rx: baud_rate=0 high_carrier=1 carrier=1795.4Hz agc=0.00669 power=2 shaper_sets=640
[ME] RX dump mark: sample=273600 rx_stage=10 tx_stage=55 mod=3 guard_db=-6.0 guard_valid=1
FLOW [proto@0x104c4949e] Rx - primary_channel_rx: baud_rate=0 high_carrier=1 carrier=1795.4Hz agc=0.00669 power=12 shaper_sets=640
FLOW [proto@0x104c4949e] Rx - primary_channel_rx: baud_rate=0 high_carrier=1 carrier=1795.4Hz agc=0.00669 power=4 shaper_sets=640
FLOW [proto@0x104c4949e] Rx - Phase 3 TRN: best hyp=4 ones=54945/151552 (36%)
FLOW [proto@0x104c4949e] Rx - primary_channel_rx: baud_rate=0 high_carrier=1 carrier=1795.4Hz agc=0.00669 power=9 shaper_sets=640
FLOW [proto@0x104c4949e] Rx - Phase 3 Ja capture: emitted 159232 bits using hyp=0
FLOW [proto@0x104c4949e] Rx - primary_channel_rx: baud_rate=0 high_carrier=1 carrier=1795.4Hz agc=0.00669 power=0 shaper_sets=640
FLOW [proto@0x104c4949e] Rx - primary_channel_rx: baud_rate=0 high_carrier=1 carrier=1795.4Hz agc=0.00669 power=14 shaper_sets=640
FLOW [proto@0x104c4949e] Rx - primary_channel_rx: baud_rate=0 high_carrier=1 carrier=1795.4Hz agc=0.00669 power=6 shaper_sets=640
FLOW [proto@0x104c4949e] Rx - primary_channel_rx: baud_rate=0 high_carrier=1 carrier=1795.4Hz agc=0.00669 power=0 shaper_sets=640
[ME] TX dump mark: sample=274400 rx_stage=10 tx_stage=55 mod=3
FLOW [proto@0x104c4949e] Rx - primary_channel_rx: baud_rate=0 high_carrier=1 carrier=1795.4Hz agc=0.00669 power=8 shaper_sets=640
FLOW [proto@0x104c4949e] Rx - Phase 3 Ja capture: emitted 159488 bits using hyp=0
FLOW [proto@0x104c4949e] Rx - primary_channel_rx: baud_rate=0 high_carrier=1 carrier=1795.4Hz agc=0.00669 power=4 shaper_sets=640
FLOW [proto@0x104c4949e] Rx - primary_channel_rx: baud_rate=0 high_carrier=1 carrier=1795.4Hz agc=0.00669 power=2 shaper_sets=640
FLOW [proto@0x104c4949e] Rx - Phase 3 WAIT_S heartbeat: dur=1792 demod=0 event=0 j_bits=159582 trn_bits=151930 trn_hint=0/75%
[ME] RX dump mark: sample=274400 rx_stage=10 tx_stage=55 mod=3 guard_db=-6.0 guard_valid=1
FLOW [proto@0x104c4949e] Rx - primary_channel_rx: baud_rate=0 high_carrier=1 carrier=1795.4Hz agc=0.00669 power=15 shaper_sets=640
FLOW [proto@0x104c4949e] Rx - primary_channel_rx: baud_rate=0 high_carrier=1 carrier=1795.4Hz agc=0.00669 power=1 shaper_sets=640
FLOW [proto@0x104c4949e] Rx - primary_channel_rx: baud_rate=0 high_carrier=1 carrier=1795.4Hz agc=0.00669 power=6 shaper_sets=640
FLOW [proto@0x104c4949e] Rx - Phase 3 TRN: best hyp=4 ones=55211/152064 (36%)
FLOW [proto@0x104c4949e] Rx - primary_channel_rx: baud_rate=0 high_carrier=1 carrier=1795.4Hz agc=0.00669 power=4 shaper_sets=640
FLOW [proto@0x104c4949e] Rx - Phase 3 Ja parser input: hyp0 len=159744 bits (stage=10, need ~16340 to parse)
FLOW [proto@0x104c4949e] Rx - Phase 3 Ja capture: emitted 159744 bits using hyp=0
FLOW [proto@0x104c4949e] Rx - primary_channel_rx: baud_rate=0 high_carrier=1 carrier=1795.4Hz agc=0.00669 power=0 shaper_sets=640
FLOW [proto@0x104c4949e] Rx - primary_channel_rx: baud_rate=0 high_carrier=1 carrier=1795.4Hz agc=0.00669 power=4 shaper_sets=640
FLOW [proto@0x104c4949e] Rx - primary_channel_rx: baud_rate=0 high_carrier=1 carrier=1795.4Hz agc=0.00669 power=17 shaper_sets=640
[ME] TX dump mark: sample=275200 rx_stage=10 tx_stage=55 mod=3
FLOW [proto@0x104c4949e] Rx - primary_channel_rx: baud_rate=0 high_carrier=1 carrier=1795.4Hz agc=0.00669 power=3 shaper_sets=640
FLOW [proto@0x104c4949e] Rx - primary_channel_rx: baud_rate=0 high_carrier=1 carrier=1795.4Hz agc=0.00669 power=3 shaper_sets=640
FLOW [proto@0x104c4949e] Rx - Phase 3 S baud 2000: mag=0.039 data_bits=3 alt=14/32 stable=0 dom=3:14/32 rev=0/32 counts=5,5,8,14
FLOW [proto@0x104c4949e] Rx - Phase 3 Ja capture: emitted 160000 bits using hyp=0
FLOW [proto@0x104c4949e] Rx - primary_channel_rx: baud_rate=0 high_carrier=1 carrier=1795.4Hz agc=0.00669 power=0 shaper_sets=640
[ME] RX dump mark: sample=275200 rx_stage=10 tx_stage=55 mod=3 guard_db=-6.0 guard_valid=1
FLOW [proto@0x104c4949e] Rx - primary_channel_rx: baud_rate=0 high_carrier=1 carrier=1795.4Hz agc=0.00669 power=1 shaper_sets=640
FLOW [proto@0x104c4949e] Rx - Phase 3 WAIT_S heartbeat: dur=2048 demod=0 event=0 j_bits=160094 trn_bits=152442 trn_hint=0/75%
FLOW [proto@0x104c4949e] Rx - primary_channel_rx: baud_rate=0 high_carrier=1 carrier=1795.4Hz agc=0.00669 power=6 shaper_sets=640
FLOW [proto@0x104c4949e] Rx - primary_channel_rx: baud_rate=0 high_carrier=1 carrier=1795.4Hz agc=0.00669 power=10 shaper_sets=640
FLOW [proto@0x104c4949e] Rx - primary_channel_rx: baud_rate=0 high_carrier=1 carrier=1795.4Hz agc=0.00669 power=0 shaper_sets=640
FLOW [proto@0x104c4949e] Rx - Phase 3 TRN: best hyp=4 ones=55466/152576 (36%)
FLOW [proto@0x104c4949e] Rx - Phase 3 Ja capture: emitted 160256 bits using hyp=0
FLOW [proto@0x104c4949e] Rx - primary_channel_rx: baud_rate=0 high_carrier=1 carrier=1795.4Hz agc=0.00669 power=0 shaper_sets=640
FLOW [proto@0x104c4949e] Rx - primary_channel_rx: baud_rate=0 high_carrier=1 carrier=1795.4Hz agc=0.00669 power=3 shaper_sets=640
FLOW [proto@0x104c4949e] Rx - primary_channel_rx: baud_rate=0 high_carrier=1 carrier=1795.4Hz agc=0.00669 power=13 shaper_sets=640
[ME] TX dump mark: sample=276000 rx_stage=10 tx_stage=55 mod=3
FLOW [proto@0x104c4949e] Rx - primary_channel_rx: baud_rate=0 high_carrier=1 carrier=1795.4Hz agc=0.00669 power=0 shaper_sets=640
FLOW [proto@0x104c4949e] Rx - primary_channel_rx: baud_rate=0 high_carrier=1 carrier=1795.4Hz agc=0.00669 power=16 shaper_sets=640
FLOW [proto@0x104c4949e] Rx - primary_channel_rx: baud_rate=0 high_carrier=1 carrier=1795.4Hz agc=0.00669 power=6 shaper_sets=640
FLOW [proto@0x104c4949e] Rx - Phase 3 Ja capture: emitted 160512 bits using hyp=0
[ME] RX dump mark: sample=276000 rx_stage=10 tx_stage=55 mod=3 guard_db=-6.0 guard_valid=1
FLOW [proto@0x104c4949e] Rx - primary_channel_rx: baud_rate=0 high_carrier=1 carrier=1795.4Hz agc=0.00669 power=14 shaper_sets=640
FLOW [proto@0x104c4949e] Rx - Phase 3 WAIT_S heartbeat: dur=2304 demod=0 event=0 j_bits=160606 trn_bits=152954 trn_hint=0/75%
FLOW [proto@0x104c4949e] Rx - primary_channel_rx: baud_rate=0 high_carrier=1 carrier=1795.4Hz agc=0.00669 power=0 shaper_sets=640
FLOW [proto@0x104c4949e] Rx - primary_channel_rx: baud_rate=0 high_carrier=1 carrier=1795.4Hz agc=0.00669 power=6 shaper_sets=640
FLOW [proto@0x104c4949e] Rx - primary_channel_rx: baud_rate=0 high_carrier=1 carrier=1795.4Hz agc=0.00669 power=0 shaper_sets=640
FLOW [proto@0x104c4949e] Rx - Phase 3 TRN: best hyp=4 ones=55722/153088 (36%)
FLOW [proto@0x104c4949e] Rx - primary_channel_rx: baud_rate=0 high_carrier=1 carrier=1795.4Hz agc=0.00669 power=7 shaper_sets=640
FLOW [proto@0x104c4949e] Rx - Phase 3 Ja capture: emitted 160768 bits using hyp=0
FLOW [proto@0x104c4949e] Rx - primary_channel_rx: baud_rate=0 high_carrier=1 carrier=1795.4Hz agc=0.00669 power=0 shaper_sets=640
FLOW [proto@0x104c4949e] Rx - primary_channel_rx: baud_rate=0 high_carrier=1 carrier=1795.4Hz agc=0.00669 power=5 shaper_sets=640
[ME] TX dump mark: sample=276800 rx_stage=10 tx_stage=55 mod=3
FLOW [proto@0x104c4949e] Rx - primary_channel_rx: baud_rate=0 high_carrier=1 carrier=1795.4Hz agc=0.00669 power=15 shaper_sets=640
FLOW [proto@0x104c4949e] Rx - primary_channel_rx: baud_rate=0 high_carrier=1 carrier=1795.4Hz agc=0.00669 power=6 shaper_sets=640
FLOW [proto@0x104c4949e] Rx - primary_channel_rx: baud_rate=0 high_carrier=1 carrier=1795.4Hz agc=0.00669 power=5 shaper_sets=640
FLOW [proto@0x104c4949e] Rx - Phase 3 Ja capture: emitted 161024 bits using hyp=0
[ME] RX dump mark: sample=276800 rx_stage=10 tx_stage=55 mod=3 guard_db=-6.0 guard_valid=1
FLOW [proto@0x104c4949e] Rx - primary_channel_rx: baud_rate=0 high_carrier=1 carrier=1795.4Hz agc=0.00669 power=8 shaper_sets=640
FLOW [proto@0x104c4949e] Rx - primary_channel_rx: baud_rate=0 high_carrier=1 carrier=1795.4Hz agc=0.00669 power=12 shaper_sets=640
FLOW [proto@0x104c4949e] Rx - Phase 3 WAIT_S heartbeat: dur=2560 demod=0 event=0 j_bits=161118 trn_bits=153466 trn_hint=0/75%
FLOW [proto@0x104c4949e] Rx - primary_channel_rx: baud_rate=0 high_carrier=1 carrier=1795.4Hz agc=0.00669 power=0 shaper_sets=640
FLOW [proto@0x104c4949e] Rx - primary_channel_rx: baud_rate=0 high_carrier=1 carrier=1795.4Hz agc=0.00669 power=0 shaper_sets=640
FLOW [proto@0x104c4949e] Rx - primary_channel_rx: baud_rate=0 high_carrier=1 carrier=1795.4Hz agc=0.00669 power=2 shaper_sets=640
FLOW [proto@0x104c4949e] Rx - Phase 3 TRN: best hyp=4 ones=55981/153600 (36%)
FLOW [proto@0x104c4949e] Rx - primary_channel_rx: baud_rate=0 high_carrier=1 carrier=1795.4Hz agc=0.00669 power=0 shaper_sets=640
FLOW [proto@0x104c4949e] Rx - Phase 3 Ja capture: emitted 161280 bits using hyp=0
FLOW [proto@0x104c4949e] Rx - primary_channel_rx: baud_rate=0 high_carrier=1 carrier=1795.4Hz agc=0.00669 power=7 shaper_sets=640
[ME] TX dump mark: sample=277600 rx_stage=10 tx_stage=55 mod=3
FLOW [proto@0x104c4949e] Rx - primary_channel_rx: baud_rate=0 high_carrier=1 carrier=1795.4Hz agc=0.00669 power=0 shaper_sets=640
FLOW [proto@0x104c4949e] Rx - primary_channel_rx: baud_rate=0 high_carrier=1 carrier=1795.4Hz agc=0.00669 power=10 shaper_sets=640
[ME] TX path: state=3 mod=3 fax_active=0 v34=0x700020000 v22bis=0x0
FLOW [proto@0x104c4949e] Rx - primary_channel_rx: baud_rate=0 high_carrier=1 carrier=1795.4Hz agc=0.00669 power=0 shaper_sets=640
[ME] RX dump mark: sample=277600 rx_stage=10 tx_stage=55 mod=3 guard_db=-6.0 guard_valid=1
FLOW [proto@0x104c4949e] Rx - primary_channel_rx: baud_rate=0 high_carrier=1 carrier=1795.4Hz agc=0.00669 power=2 shaper_sets=640
FLOW [proto@0x104c4949e] Rx - Phase 3 Ja capture: emitted 161536 bits using hyp=0
FLOW [proto@0x104c4949e] Rx - primary_channel_rx: baud_rate=0 high_carrier=1 carrier=1795.4Hz agc=0.00669 power=19 shaper_sets=640
FLOW [proto@0x104c4949e] Rx - primary_channel_rx: baud_rate=0 high_carrier=1 carrier=1795.4Hz agc=0.00669 power=9 shaper_sets=640
FLOW [proto@0x104c4949e] Rx - Phase 3 WAIT_S heartbeat: dur=2816 demod=0 event=0 j_bits=161630 trn_bits=153978 trn_hint=0/75%
FLOW [proto@0x104c4949e] Rx - primary_channel_rx: baud_rate=0 high_carrier=1 carrier=1795.4Hz agc=0.00669 power=0 shaper_sets=640
FLOW [proto@0x104c4949e] Rx - primary_channel_rx: baud_rate=0 high_carrier=1 carrier=1795.4Hz agc=0.00669 power=11 shaper_sets=640
FLOW [proto@0x104c4949e] Rx - primary_channel_rx: baud_rate=0 high_carrier=1 carrier=1795.4Hz agc=0.00669 power=4 shaper_sets=640
FLOW [proto@0x104c4949e] Rx - Phase 3 TRN: best hyp=4 ones=56250/154112 (36%)
FLOW [proto@0x104c4949e] Rx - Phase 3 Ja parser input: hyp0 len=161792 bits (stage=10, need ~16340 to parse)
FLOW [proto@0x104c4949e] Rx - Phase 3 Ja capture: emitted 161792 bits using hyp=0
FLOW [proto@0x104c4949e] Rx - primary_channel_rx: baud_rate=0 high_carrier=1 carrier=1795.4Hz agc=0.00669 power=11 shaper_sets=640
[ME] TX dump mark: sample=278400 rx_stage=10 tx_stage=55 mod=3
FLOW [proto@0x104c4949e] Rx - primary_channel_rx: baud_rate=0 high_carrier=1 carrier=1795.4Hz agc=0.00669 power=8 shaper_sets=640
FLOW [proto@0x104c4949e] Rx - primary_channel_rx: baud_rate=0 high_carrier=1 carrier=1795.4Hz agc=0.00669 power=9 shaper_sets=640
FLOW [proto@0x104c4949e] Rx - primary_channel_rx: baud_rate=0 high_carrier=1 carrier=1795.4Hz agc=0.00669 power=12 shaper_sets=640
FLOW [proto@0x104c4949e] Rx - Phase 3 S baud 3000: mag=0.056 data_bits=3 alt=4/32 stable=0 dom=3:17/32 rev=0/32 counts=7,1,7,17
[ME] RX dump mark: sample=278400 rx_stage=10 tx_stage=55 mod=3 guard_db=-6.0 guard_valid=1
FLOW [proto@0x104c4949e] Rx - primary_channel_rx: baud_rate=0 high_carrier=1 carrier=1795.4Hz agc=0.00669 power=13 shaper_sets=640
FLOW [proto@0x104c4949e] Rx - primary_channel_rx: baud_rate=0 high_carrier=1 carrier=1795.4Hz agc=0.00669 power=0 shaper_sets=640
FLOW [proto@0x104c4949e] Rx - Phase 3 Ja capture: emitted 162048 bits using hyp=0
FLOW [proto@0x104c4949e] Rx - primary_channel_rx: baud_rate=0 high_carrier=1 carrier=1795.4Hz agc=0.00669 power=6 shaper_sets=640
FLOW [proto@0x104c4949e] Rx - Phase 3 WAIT_S heartbeat: dur=3072 demod=0 event=0 j_bits=162142 trn_bits=154490 trn_hint=0/75%
FLOW [proto@0x104c4949e] Rx - primary_channel_rx: baud_rate=0 high_carrier=1 carrier=1795.4Hz agc=0.00669 power=4 shaper_sets=640
FLOW [proto@0x104c4949e] Rx - primary_channel_rx: baud_rate=0 high_carrier=1 carrier=1795.4Hz agc=0.00669 power=11 shaper_sets=640
FLOW [proto@0x104c4949e] Rx - primary_channel_rx: baud_rate=0 high_carrier=1 carrier=1795.4Hz agc=0.00669 power=3 shaper_sets=640
FLOW [proto@0x104c4949e] Rx - Phase 3 TRN: best hyp=4 ones=56512/154624 (37%)
FLOW [proto@0x104c4949e] Rx - primary_channel_rx: baud_rate=0 high_carrier=1 carrier=1795.4Hz agc=0.00669 power=0 shaper_sets=640
FLOW [proto@0x104c4949e] Rx - Phase 3 Ja capture: emitted 162304 bits using hyp=0
[ME] TX dump mark: sample=279200 rx_stage=10 tx_stage=55 mod=3
FLOW [proto@0x104c4949e] Rx - primary_channel_rx: baud_rate=0 high_carrier=1 carrier=1795.4Hz agc=0.00669 power=6 shaper_sets=640
FLOW [proto@0x104c4949e] Rx - primary_channel_rx: baud_rate=0 high_carrier=1 carrier=1795.4Hz agc=0.00669 power=11 shaper_sets=640
FLOW [proto@0x104c4949e] Rx - primary_channel_rx: baud_rate=0 high_carrier=1 carrier=1795.4Hz agc=0.00669 power=4 shaper_sets=640
[ME] RX dump mark: sample=279200 rx_stage=10 tx_stage=55 mod=3 guard_db=-6.0 guard_valid=1
FLOW [proto@0x104c4949e] Rx - primary_channel_rx: baud_rate=0 high_carrier=1 carrier=1795.4Hz agc=0.00669 power=6 shaper_sets=640
FLOW [proto@0x104c4949e] Rx - primary_channel_rx: baud_rate=0 high_carrier=1 carrier=1795.4Hz agc=0.00669 power=0 shaper_sets=640
FLOW [proto@0x104c4949e] Rx - Phase 3 Ja capture: emitted 162560 bits using hyp=0
FLOW [proto@0x104c4949e] Rx - primary_channel_rx: baud_rate=0 high_carrier=1 carrier=1795.4Hz agc=0.00669 power=0 shaper_sets=640
FLOW [proto@0x104c4949e] Rx - primary_channel_rx: baud_rate=0 high_carrier=1 carrier=1795.4Hz agc=0.00669 power=14 shaper_sets=640
FLOW [proto@0x104c4949e] Rx - Phase 3 WAIT_S heartbeat: dur=3328 demod=0 event=0 j_bits=162654 trn_bits=155002 trn_hint=0/75%
FLOW [proto@0x104c4949e] Rx - primary_channel_rx: baud_rate=0 high_carrier=1 carrier=1795.4Hz agc=0.00669 power=0 shaper_sets=640
FLOW [proto@0x104c4949e] Rx - primary_channel_rx: baud_rate=0 high_carrier=1 carrier=1795.4Hz agc=0.00669 power=2 shaper_sets=640
FLOW [proto@0x104c4949e] Rx - primary_channel_rx: baud_rate=0 high_carrier=1 carrier=1795.4Hz agc=0.00669 power=10 shaper_sets=640
FLOW [proto@0x104c4949e] Rx - Phase 3 TRN: best hyp=4 ones=56774/155136 (37%)
[ME] TX dump mark: sample=280000 rx_stage=10 tx_stage=55 mod=3
[ME] Training TX: RMS=0.0 (8000 samples)
FLOW [proto@0x104c4949e] Rx - primary_channel_rx: baud_rate=0 high_carrier=1 carrier=1795.4Hz agc=0.00669 power=6 shaper_sets=640
FLOW [proto@0x104c4949e] Rx - Phase 3 Ja capture: emitted 162816 bits using hyp=0
FLOW [proto@0x104c4949e] Rx - primary_channel_rx: baud_rate=0 high_carrier=1 carrier=1795.4Hz agc=0.00669 power=3 shaper_sets=640
[ME] Training rx: RMS=3.6 (8000 samples)
FLOW [proto@0x104c4949e] Rx - primary_channel_rx: baud_rate=0 high_carrier=1 carrier=1795.4Hz agc=0.00669 power=3 shaper_sets=640
[ME] RX dump mark: sample=280000 rx_stage=10 tx_stage=55 mod=3 guard_db=-6.0 guard_valid=1
FLOW [proto@0x104c4949e] Rx - primary_channel_rx: baud_rate=0 high_carrier=1 carrier=1795.4Hz agc=0.00669 power=12 shaper_sets=640
FLOW [proto@0x104c4949e] Rx - primary_channel_rx: baud_rate=0 high_carrier=1 carrier=1795.4Hz agc=0.00669 power=0 shaper_sets=640
FLOW [proto@0x104c4949e] Rx - primary_channel_rx: baud_rate=0 high_carrier=1 carrier=1795.4Hz agc=0.00669 power=16 shaper_sets=640
FLOW [proto@0x104c4949e] Rx - Phase 3 Ja capture: emitted 163072 bits using hyp=0
FLOW [proto@0x104c4949e] Rx - primary_channel_rx: baud_rate=0 high_carrier=1 carrier=1795.4Hz agc=0.00669 power=9 shaper_sets=640
FLOW [proto@0x104c4949e] Rx - primary_channel_rx: baud_rate=0 high_carrier=1 carrier=1795.4Hz agc=0.00669 power=3 shaper_sets=640
FLOW [proto@0x104c4949e] Rx - Phase 3 WAIT_S heartbeat: dur=3584 demod=0 event=0 j_bits=163166 trn_bits=155514 trn_hint=0/75%
FLOW [proto@0x104c4949e] Rx - primary_channel_rx: baud_rate=0 high_carrier=1 carrier=1795.4Hz agc=0.00669 power=2 shaper_sets=640
FLOW [proto@0x104c4949e] Rx - primary_channel_rx: baud_rate=0 high_carrier=1 carrier=1795.4Hz agc=0.00669 power=5 shaper_sets=640
[ME] TX dump mark: sample=280800 rx_stage=10 tx_stage=55 mod=3
FLOW [proto@0x104c4949e] Rx - primary_channel_rx: baud_rate=0 high_carrier=1 carrier=1795.4Hz agc=0.00669 power=3 shaper_sets=640
FLOW [proto@0x104c4949e] Rx - Phase 3 TRN: best hyp=4 ones=57020/155648 (37%)
FLOW [proto@0x104c4949e] Rx - Phase 3 Ja capture: emitted 163328 bits using hyp=0
FLOW [proto@0x104c4949e] Rx - primary_channel_rx: baud_rate=0 high_carrier=1 carrier=1795.4Hz agc=0.00669 power=12 shaper_sets=640
FLOW [proto@0x104c4949e] Rx - primary_channel_rx: baud_rate=0 high_carrier=1 carrier=1795.4Hz agc=0.00669 power=3 shaper_sets=640
[ME] RX dump mark: sample=280800 rx_stage=10 tx_stage=55 mod=3 guard_db=-6.0 guard_valid=1
FLOW [proto@0x104c4949e] Rx - primary_channel_rx: baud_rate=0 high_carrier=1 carrier=1795.4Hz agc=0.00669 power=7 shaper_sets=640
FLOW [proto@0x104c4949e] Rx - primary_channel_rx: baud_rate=0 high_carrier=1 carrier=1795.4Hz agc=0.00669 power=0 shaper_sets=640
FLOW [proto@0x104c4949e] Rx - primary_channel_rx: baud_rate=0 high_carrier=1 carrier=1795.4Hz agc=0.00669 power=17 shaper_sets=640
FLOW [proto@0x104c4949e] Rx - primary_channel_rx: baud_rate=0 high_carrier=1 carrier=1795.4Hz agc=0.00669 power=1 shaper_sets=640
FLOW [proto@0x104c4949e] Rx - Phase 3 Ja capture: emitted 163584 bits using hyp=0
FLOW [proto@0x104c4949e] Rx - primary_channel_rx: baud_rate=0 high_carrier=1 carrier=1795.4Hz agc=0.00669 power=17 shaper_sets=640
FLOW [proto@0x104c4949e] Rx - Phase 3 WAIT_S heartbeat: dur=3840 demod=0 event=0 j_bits=163678 trn_bits=156026 trn_hint=0/75%
FLOW [proto@0x104c4949e] Rx - primary_channel_rx: baud_rate=0 high_carrier=1 carrier=1795.4Hz agc=0.00669 power=0 shaper_sets=640
FLOW [proto@0x104c4949e] Rx - primary_channel_rx: baud_rate=0 high_carrier=1 carrier=1795.4Hz agc=0.00669 power=10 shaper_sets=640
[ME] TX dump mark: sample=281600 rx_stage=10 tx_stage=55 mod=3
FLOW [proto@0x104c4949e] Rx - primary_channel_rx: baud_rate=0 high_carrier=1 carrier=1795.4Hz agc=0.00669 power=22 shaper_sets=640
FLOW [proto@0x104c4949e] Rx - Phase 3 TRN: best hyp=4 ones=57279/156160 (37%)
FLOW [proto@0x104c4949e] Rx - primary_channel_rx: baud_rate=0 high_carrier=1 carrier=1795.4Hz agc=0.00669 power=2 shaper_sets=640
FLOW [proto@0x104c4949e] Rx - Phase 3 Ja parser input: hyp0 len=163840 bits (stage=10, need ~16340 to parse)
FLOW [proto@0x104c4949e] Rx - Phase 3 Ja capture: emitted 163840 bits using hyp=0
FLOW [proto@0x104c4949e] Rx - primary_channel_rx: baud_rate=0 high_carrier=1 carrier=1795.4Hz agc=0.00669 power=6 shaper_sets=640
[ME] RX dump mark: sample=281600 rx_stage=10 tx_stage=55 mod=3 guard_db=-6.0 guard_valid=1
FLOW [proto@0x104c4949e] Rx - primary_channel_rx: baud_rate=0 high_carrier=1 carrier=1795.4Hz agc=0.00669 power=7 shaper_sets=640
FLOW [proto@0x104c4949e] Rx - primary_channel_rx: baud_rate=0 high_carrier=1 carrier=1795.4Hz agc=0.00669 power=11 shaper_sets=640
FLOW [proto@0x104c4949e] Rx - Phase 3 S baud 4000: mag=0.030 data_bits=2 alt=9/32 stable=0 dom=2:17/32 rev=0/32 counts=4,2,17,9
FLOW [proto@0x104c4949e] Rx - primary_channel_rx: baud_rate=0 high_carrier=1 carrier=1795.4Hz agc=0.00669 power=5 shaper_sets=640
FLOW [proto@0x104c4949e] Rx - primary_channel_rx: baud_rate=0 high_carrier=1 carrier=1795.4Hz agc=0.00669 power=6 shaper_sets=640
FLOW [proto@0x104c4949e] Rx - Phase 3 Ja capture: emitted 164096 bits using hyp=0
FLOW [proto@0x104c4949e] Rx - primary_channel_rx: baud_rate=0 high_carrier=1 carrier=1795.4Hz agc=0.00669 power=4 shaper_sets=640
FLOW [proto@0x104c4949e] Rx - primary_channel_rx: baud_rate=0 high_carrier=1 carrier=1795.4Hz agc=0.00669 power=0 shaper_sets=640
FLOW [proto@0x104c4949e] Rx - Phase 3 WAIT_S heartbeat: dur=4096 demod=0 event=0 j_bits=164190 trn_bits=156538 trn_hint=0/75%
FLOW [proto@0x104c4949e] Rx - primary_channel_rx: baud_rate=0 high_carrier=1 carrier=1795.4Hz agc=0.00669 power=6 shaper_sets=640
[ME] TX dump mark: sample=282400 rx_stage=10 tx_stage=55 mod=3
FLOW [proto@0x104c4949e] Rx - primary_channel_rx: baud_rate=0 high_carrier=1 carrier=1795.4Hz agc=0.00669 power=10 shaper_sets=640
FLOW [proto@0x104c4949e] Rx - primary_channel_rx: baud_rate=0 high_carrier=1 carrier=1795.4Hz agc=0.00669 power=15 shaper_sets=640
FLOW [proto@0x104c4949e] Rx - Phase 3 TRN: best hyp=4 ones=57535/156672 (37%)
FLOW [proto@0x104c4949e] Rx - primary_channel_rx: baud_rate=0 high_carrier=1 carrier=1795.4Hz agc=0.00669 power=4 shaper_sets=640
FLOW [proto@0x104c4949e] Rx - Phase 3 Ja capture: emitted 164352 bits using hyp=0
[ME] RX dump mark: sample=282400 rx_stage=10 tx_stage=55 mod=3 guard_db=-6.0 guard_valid=1
FLOW [proto@0x104c4949e] Rx - primary_channel_rx: baud_rate=0 high_carrier=1 carrier=1795.4Hz agc=0.00669 power=17 shaper_sets=640
FLOW [proto@0x104c4949e] Rx - primary_channel_rx: baud_rate=0 high_carrier=1 carrier=1795.4Hz agc=0.00669 power=8 shaper_sets=640
FLOW [proto@0x104c4949e] Rx - primary_channel_rx: baud_rate=0 high_carrier=1 carrier=1795.4Hz agc=0.00669 power=5 shaper_sets=640
FLOW [proto@0x104c4949e] Rx - primary_channel_rx: baud_rate=0 high_carrier=1 carrier=1795.4Hz agc=0.00669 power=12 shaper_sets=640
FLOW [proto@0x104c4949e] Rx - primary_channel_rx: baud_rate=0 high_carrier=1 carrier=1795.4Hz agc=0.00669 power=8 shaper_sets=640
FLOW [proto@0x104c4949e] Rx - Phase 3 Ja capture: emitted 164608 bits using hyp=0
FLOW [proto@0x104c4949e] Rx - primary_channel_rx: baud_rate=0 high_carrier=1 carrier=1795.4Hz agc=0.00669 power=8 shaper_sets=640
FLOW [proto@0x104c4949e] Rx - primary_channel_rx: baud_rate=0 high_carrier=1 carrier=1795.4Hz agc=0.00669 power=3 shaper_sets=640
FLOW [proto@0x104c4949e] Rx - Phase 3 WAIT_S heartbeat: dur=4352 demod=0 event=0 j_bits=164702 trn_bits=157050 trn_hint=0/75%
[ME] TX dump mark: sample=283200 rx_stage=10 tx_stage=55 mod=3
FLOW [proto@0x104c4949e] Rx - primary_channel_rx: baud_rate=0 high_carrier=1 carrier=1795.4Hz agc=0.00669 power=13 shaper_sets=640
FLOW [proto@0x104c4949e] Rx - primary_channel_rx: baud_rate=0 high_carrier=1 carrier=1795.4Hz agc=0.00669 power=14 shaper_sets=640
FLOW [proto@0x104c4949e] Rx - primary_channel_rx: baud_rate=0 high_carrier=1 carrier=1795.4Hz agc=0.00669 power=0 shaper_sets=640
FLOW [proto@0x104c4949e] Rx - Phase 3 TRN: best hyp=4 ones=57788/157184 (37%)
FLOW [proto@0x104c4949e] Rx - Phase 3 Ja capture: emitted 164864 bits using hyp=0
[ME] RX dump mark: sample=283200 rx_stage=10 tx_stage=55 mod=3 guard_db=-6.0 guard_valid=1
FLOW [proto@0x104c4949e] Rx - primary_channel_rx: baud_rate=0 high_carrier=1 carrier=1795.4Hz agc=0.00669 power=15 shaper_sets=640
FLOW [proto@0x104c4949e] Rx - primary_channel_rx: baud_rate=0 high_carrier=1 carrier=1795.4Hz agc=0.00669 power=6 shaper_sets=640
FLOW [proto@0x104c4949e] Rx - primary_channel_rx: baud_rate=0 high_carrier=1 carrier=1795.4Hz agc=0.00669 power=15 shaper_sets=640
FLOW [proto@0x104c4949e] Rx - primary_channel_rx: baud_rate=0 high_carrier=1 carrier=1795.4Hz agc=0.00669 power=6 shaper_sets=640
FLOW [proto@0x104c4949e] Rx - primary_channel_rx: baud_rate=0 high_carrier=1 carrier=1795.4Hz agc=0.00669 power=10 shaper_sets=640
FLOW [proto@0x104c4949e] Rx - primary_channel_rx: baud_rate=0 high_carrier=1 carrier=1795.4Hz agc=0.00669 power=1 shaper_sets=640
FLOW [proto@0x104c4949e] Rx - Phase 3 Ja capture: emitted 165120 bits using hyp=0
FLOW [proto@0x104c4949e] Rx - primary_channel_rx: baud_rate=0 high_carrier=1 carrier=1795.4Hz agc=0.00025 power=72746945 shaper_sets=640
FLOW [proto@0x104c4949e] Rx - Phase 3 WAIT_S heartbeat: dur=4608 demod=0 event=0 j_bits=165214 trn_bits=157562 trn_hint=0/75%
[ME] TX dump mark: sample=284000 rx_stage=10 tx_stage=55 mod=3
FLOW [proto@0x104c4949e] Rx - primary_channel_rx: baud_rate=0 high_carrier=1 carrier=1795.4Hz agc=0.00268 power=653729 shaper_sets=640
FLOW [proto@0x104c4949e] Rx - primary_channel_rx: baud_rate=0 high_carrier=1 carrier=1795.4Hz agc=0.00659 power=65385 shaper_sets=640
FLOW [proto@0x104c4949e] Rx - primary_channel_rx: baud_rate=0 high_carrier=1 carrier=1795.4Hz agc=0.00659 power=439 shaper_sets=640
FLOW [proto@0x104c4949e] Rx - Phase 3 TRN: best hyp=4 ones=58027/157696 (37%)
[ME] RX dump mark: sample=284000 rx_stage=10 tx_stage=55 mod=3 guard_db=-6.0 guard_valid=1
FLOW [proto@0x104c4949e] Rx - primary_channel_rx: baud_rate=0 high_carrier=1 carrier=1795.4Hz agc=0.00659 power=1095 shaper_sets=640
FLOW [proto@0x104c4949e] Rx - Phase 3 Ja capture: emitted 165376 bits using hyp=0
FLOW [proto@0x104c4949e] Rx - primary_channel_rx: baud_rate=0 high_carrier=1 carrier=1795.4Hz agc=0.00659 power=7 shaper_sets=640
FLOW [proto@0x104c4949e] Rx - primary_channel_rx: baud_rate=0 high_carrier=1 carrier=1795.4Hz agc=0.00659 power=13 shaper_sets=640
FLOW [proto@0x104c4949e] Rx - primary_channel_rx: baud_rate=0 high_carrier=1 carrier=1795.4Hz agc=0.00659 power=8 shaper_sets=640
FLOW [proto@0x104c4949e] Rx - primary_channel_rx: baud_rate=0 high_carrier=1 carrier=1795.4Hz agc=0.00659 power=4 shaper_sets=640
FLOW [proto@0x104c4949e] Rx - primary_channel_rx: baud_rate=0 high_carrier=1 carrier=1795.4Hz agc=0.00659 power=5 shaper_sets=640
FLOW [proto@0x104c4949e] Rx - Phase 3 Ja capture: emitted 165632 bits using hyp=0
FLOW [proto@0x104c4949e] Rx - primary_channel_rx: baud_rate=0 high_carrier=1 carrier=1795.4Hz agc=0.00659 power=10 shaper_sets=640
[ME] TX dump mark: sample=284800 rx_stage=10 tx_stage=55 mod=3
FLOW [proto@0x104c4949e] Rx - primary_channel_rx: baud_rate=0 high_carrier=1 carrier=1795.4Hz agc=0.00659 power=10 shaper_sets=640
FLOW [proto@0x104c4949e] Rx - Phase 3 WAIT_S heartbeat: dur=4864 demod=0 event=0 j_bits=165726 trn_bits=158074 trn_hint=0/75%
FLOW [proto@0x104c4949e] Rx - primary_channel_rx: baud_rate=0 high_carrier=1 carrier=1795.4Hz agc=0.00659 power=9 shaper_sets=640
FLOW [proto@0x104c4949e] Rx - primary_channel_rx: baud_rate=0 high_carrier=1 carrier=1795.4Hz agc=0.00659 power=9 shaper_sets=640
[ME] RX dump mark: sample=284800 rx_stage=10 tx_stage=55 mod=3 guard_db=-6.0 guard_valid=1
FLOW [proto@0x104c4949e] Rx - primary_channel_rx: baud_rate=0 high_carrier=1 carrier=1795.4Hz agc=0.00659 power=7 shaper_sets=640
FLOW [proto@0x104c4949e] Rx - Phase 3 TRN: best hyp=4 ones=58286/158208 (37%)
FLOW [proto@0x104c4949e] Rx - primary_channel_rx: baud_rate=0 high_carrier=1 carrier=1795.4Hz agc=0.00659 power=5 shaper_sets=640
FLOW [proto@0x104c4949e] Rx - Phase 3 Ja parser input: hyp0 len=165888 bits (stage=10, need ~16340 to parse)
FLOW [proto@0x104c4949e] Rx - Phase 3 Ja capture: emitted 165888 bits using hyp=0
FLOW [proto@0x104c4949e] Rx - primary_channel_rx: baud_rate=0 high_carrier=1 carrier=1795.4Hz agc=0.00659 power=4 shaper_sets=640
FLOW [proto@0x104c4949e] Rx - primary_channel_rx: baud_rate=0 high_carrier=1 carrier=1795.4Hz agc=0.00659 power=3 shaper_sets=640
FLOW [proto@0x104c4949e] Rx - Phase 3 S baud 5000: mag=0.037 data_bits=3 alt=6/32 stable=0 dom=3:17/32 rev=0/32 counts=4,2,9,17
FLOW [proto@0x104c4949e] Rx - primary_channel_rx: baud_rate=0 high_carrier=1 carrier=1795.4Hz agc=0.00659 power=9 shaper_sets=640
FLOW [proto@0x104c4949e] Rx - primary_channel_rx: baud_rate=0 high_carrier=1 carrier=1795.4Hz agc=0.00659 power=0 shaper_sets=640
FLOW [proto@0x104c4949e] Rx - primary_channel_rx: baud_rate=0 high_carrier=1 carrier=1795.4Hz agc=0.00659 power=8 shaper_sets=640
FLOW [proto@0x104c4949e] Rx - Phase 3 Ja capture: emitted 166144 bits using hyp=0
[ME] TX dump mark: sample=285600 rx_stage=10 tx_stage=55 mod=3
FLOW [proto@0x104c4949e] Rx - primary_channel_rx: baud_rate=0 high_carrier=1 carrier=1795.4Hz agc=0.00659 power=0 shaper_sets=640
FLOW [proto@0x104c4949e] Rx - primary_channel_rx: baud_rate=0 high_carrier=1 carrier=1795.4Hz agc=0.00659 power=14 shaper_sets=640
FLOW [proto@0x104c4949e] Rx - Phase 3 WAIT_S heartbeat: dur=5120 demod=0 event=0 j_bits=166238 trn_bits=158586 trn_hint=0/75%
[ME] TX path: state=3 mod=3 fax_active=0 v34=0x700020000 v22bis=0x0
[ME] DIAG: cr_update calls=2100 phase_err=0.284 samples
FLOW [proto@0x104c4949e] Rx - primary_channel_rx: baud_rate=0 high_carrier=1 carrier=1795.4Hz agc=0.00659 power=0 shaper_sets=640
[ME] RX dump mark: sample=285600 rx_stage=10 tx_stage=55 mod=3 guard_db=-6.0 guard_valid=1
FLOW [proto@0x104c4949e] Rx - primary_channel_rx: baud_rate=0 high_carrier=1 carrier=1795.4Hz agc=0.00659 power=9 shaper_sets=640
FLOW [proto@0x104c4949e] Rx - primary_channel_rx: baud_rate=0 high_carrier=1 carrier=1795.4Hz agc=0.00659 power=6 shaper_sets=640
FLOW [proto@0x104c4949e] Rx - Phase 3 TRN: best hyp=4 ones=58533/158720 (37%)
FLOW [proto@0x104c4949e] Rx - Phase 3 Ja capture: emitted 166400 bits using hyp=0
FLOW [proto@0x104c4949e] Rx - primary_channel_rx: baud_rate=0 high_carrier=1 carrier=1795.4Hz agc=0.00659 power=2 shaper_sets=640
FLOW [proto@0x104c4949e] Rx - primary_channel_rx: baud_rate=0 high_carrier=1 carrier=1795.4Hz agc=0.00659 power=4 shaper_sets=640
FLOW [proto@0x104c4949e] Rx - primary_channel_rx: baud_rate=0 high_carrier=1 carrier=1795.4Hz agc=0.00659 power=14 shaper_sets=640
FLOW [proto@0x104c4949e] Rx - primary_channel_rx: baud_rate=0 high_carrier=1 carrier=1795.4Hz agc=0.00659 power=0 shaper_sets=640
FLOW [proto@0x104c4949e] Rx - primary_channel_rx: baud_rate=0 high_carrier=1 carrier=1795.4Hz agc=0.00659 power=11 shaper_sets=640
[ME] TX dump mark: sample=286400 rx_stage=10 tx_stage=55 mod=3
FLOW [proto@0x104c4949e] Rx - primary_channel_rx: baud_rate=0 high_carrier=1 carrier=1795.4Hz agc=0.00659 power=1 shaper_sets=640
FLOW [proto@0x104c4949e] Rx - Phase 3 Ja capture: emitted 166656 bits using hyp=0
FLOW [proto@0x104c4949e] Rx - primary_channel_rx: baud_rate=0 high_carrier=1 carrier=1795.4Hz agc=0.00659 power=9 shaper_sets=640
FLOW [proto@0x104c4949e] Rx - Phase 3 WAIT_S heartbeat: dur=5376 demod=0 event=0 j_bits=166750 trn_bits=159098 trn_hint=0/75%
FLOW [proto@0x104c4949e] Rx - primary_channel_rx: baud_rate=0 high_carrier=1 carrier=1795.4Hz agc=0.00659 power=11 shaper_sets=640
[ME] RX dump mark: sample=286400 rx_stage=10 tx_stage=55 mod=3 guard_db=-6.0 guard_valid=1
FLOW [proto@0x104c4949e] Rx - primary_channel_rx: baud_rate=0 high_carrier=1 carrier=1795.4Hz agc=0.00659 power=8 shaper_sets=640
FLOW [proto@0x104c4949e] Rx - primary_channel_rx: baud_rate=0 high_carrier=1 carrier=1795.4Hz agc=0.00659 power=0 shaper_sets=640
FLOW [proto@0x104c4949e] Rx - Phase 3 TRN: best hyp=4 ones=58776/159232 (37%)
FLOW [proto@0x104c4949e] Rx - primary_channel_rx: baud_rate=0 high_carrier=1 carrier=1795.4Hz agc=0.00659 power=6 shaper_sets=640
FLOW [proto@0x104c4949e] Rx - Phase 3 Ja capture: emitted 166912 bits using hyp=0
FLOW [proto@0x104c4949e] Rx - primary_channel_rx: baud_rate=0 high_carrier=1 carrier=1795.4Hz agc=0.00659 power=1 shaper_sets=640
FLOW [proto@0x104c4949e] Rx - primary_channel_rx: baud_rate=0 high_carrier=1 carrier=1795.4Hz agc=0.00659 power=11 shaper_sets=640
FLOW [proto@0x104c4949e] Rx - primary_channel_rx: baud_rate=0 high_carrier=1 carrier=1795.4Hz agc=0.00659 power=0 shaper_sets=640
FLOW [proto@0x104c4949e] Rx - primary_channel_rx: baud_rate=0 high_carrier=1 carrier=1795.4Hz agc=0.00659 power=7 shaper_sets=640
[ME] TX dump mark: sample=287200 rx_stage=10 tx_stage=55 mod=3
FLOW [proto@0x104c4949e] Rx - primary_channel_rx: baud_rate=0 high_carrier=1 carrier=1795.4Hz agc=0.00659 power=0 shaper_sets=640
FLOW [proto@0x104c4949e] Rx - Phase 3 Ja capture: emitted 167168 bits using hyp=0
FLOW [proto@0x104c4949e] Rx - primary_channel_rx: baud_rate=0 high_carrier=1 carrier=1795.4Hz agc=0.00659 power=10 shaper_sets=640
FLOW [proto@0x104c4949e] Rx - primary_channel_rx: baud_rate=0 high_carrier=1 carrier=1795.4Hz agc=0.00659 power=10 shaper_sets=640
FLOW [proto@0x104c4949e] Rx - Phase 3 WAIT_S heartbeat: dur=5632 demod=0 event=0 j_bits=167262 trn_bits=159610 trn_hint=0/75%
[ME] RX dump mark: sample=287200 rx_stage=10 tx_stage=55 mod=3 guard_db=-6.0 guard_valid=1
FLOW [proto@0x104c4949e] Rx - primary_channel_rx: baud_rate=0 high_carrier=1 carrier=1795.4Hz agc=0.00659 power=2 shaper_sets=640
FLOW [proto@0x104c4949e] Rx - primary_channel_rx: baud_rate=0 high_carrier=1 carrier=1795.4Hz agc=0.00659 power=0 shaper_sets=640
FLOW [proto@0x104c4949e] Rx - primary_channel_rx: baud_rate=0 high_carrier=1 carrier=1795.4Hz agc=0.00659 power=7 shaper_sets=640
FLOW [proto@0x104c4949e] Rx - Phase 3 TRN: best hyp=4 ones=59017/159744 (37%)
FLOW [proto@0x104c4949e] Rx - primary_channel_rx: baud_rate=0 high_carrier=1 carrier=1795.4Hz agc=0.00659 power=0 shaper_sets=640
FLOW [proto@0x104c4949e] Rx - Phase 3 Ja capture: emitted 167424 bits using hyp=0
FLOW [proto@0x104c4949e] Rx - primary_channel_rx: baud_rate=0 high_carrier=1 carrier=1795.4Hz agc=0.00659 power=12 shaper_sets=640
FLOW [proto@0x104c4949e] Rx - primary_channel_rx: baud_rate=0 high_carrier=1 carrier=1795.4Hz agc=0.00659 power=0 shaper_sets=640
FLOW [proto@0x104c4949e] Rx - primary_channel_rx: baud_rate=0 high_carrier=1 carrier=1795.4Hz agc=0.00659 power=14 shaper_sets=640
[ME] TX dump mark: sample=288000 rx_stage=10 tx_stage=55 mod=3
[ME] Training TX: RMS=0.0 (8000 samples)
FLOW [proto@0x104c4949e] Rx - primary_channel_rx: baud_rate=0 high_carrier=1 carrier=1795.4Hz agc=0.00659 power=0 shaper_sets=640
FLOW [proto@0x104c4949e] Rx - primary_channel_rx: baud_rate=0 high_carrier=1 carrier=1795.4Hz agc=0.00659 power=9 shaper_sets=640
FLOW [proto@0x104c4949e] Rx - Phase 3 Ja capture: emitted 167680 bits using hyp=0
FLOW [proto@0x104c4949e] Rx - primary_channel_rx: baud_rate=0 high_carrier=1 carrier=1795.4Hz agc=0.00659 power=0 shaper_sets=640
[ME] RX dump mark: sample=288000 rx_stage=10 tx_stage=55 mod=3 guard_db=-6.0 guard_valid=1
FLOW [proto@0x104c4949e] Rx - primary_channel_rx: baud_rate=0 high_carrier=1 carrier=1795.4Hz agc=0.00659 power=4 shaper_sets=640
FLOW [proto@0x104c4949e] Rx - Phase 3 WAIT_S heartbeat: dur=5888 demod=0 event=0 j_bits=167774 trn_bits=160122 trn_hint=0/75%
FLOW [proto@0x104c4949e] Rx - primary_channel_rx: baud_rate=0 high_carrier=1 carrier=1795.4Hz agc=0.00659 power=0 shaper_sets=640
FLOW [proto@0x104c4949e] Rx - primary_channel_rx: baud_rate=0 high_carrier=1 carrier=1795.4Hz agc=0.00659 power=13 shaper_sets=640
FLOW [proto@0x104c4949e] Rx - primary_channel_rx: baud_rate=0 high_carrier=1 carrier=1795.4Hz agc=0.00659 power=0 shaper_sets=640
FLOW [proto@0x104c4949e] Rx - Phase 3 TRN: best hyp=4 ones=59258/160256 (37%)
FLOW [proto@0x104c4949e] Rx - Phase 3 Ja parser input: hyp0 len=167936 bits (stage=10, need ~16340 to parse)
FLOW [proto@0x104c4949e] Rx - Phase 3 Ja capture: emitted 167936 bits using hyp=0
FLOW [proto@0x104c4949e] Rx - primary_channel_rx: baud_rate=0 high_carrier=1 carrier=1795.4Hz agc=0.00659 power=11 shaper_sets=640
FLOW [proto@0x104c4949e] Rx - Phase 3 S baud 6000: mag=0.029 data_bits=1 alt=8/32 stable=0 dom=2:12/32 rev=0/32 counts=3,5,12,12
FLOW [proto@0x104c4949e] Rx - Phase 3: S detect timeout (6000 bauds, alt=8/32 rev=0/32, j_bits=168000 trn_bits=160348 trn_hint=0/75%), continuing search
FLOW [proto@0x104c4949e] Rx - primary_channel_rx: baud_rate=0 high_carrier=1 carrier=1795.4Hz agc=0.00659 power=0 shaper_sets=640
FLOW [proto@0x104c4949e] Rx - Phase 3 WAIT_S heartbeat: dur=1 demod=0 event=0 j_bits=168000 trn_bits=160348 trn_hint=0/75%
FLOW [proto@0x104c4949e] Rx - Phase 3 S baud 1: mag=0.055 data_bits=3 alt=0/32 stable=0 dom=3:1/32 rev=0/32 counts=0,0,0,1
FLOW [proto@0x104c4949e] Rx - Phase 3 S baud 2: mag=0.030 data_bits=0 alt=0/32 stable=0 dom=0:1/32 rev=0/32 counts=1,0,0,1
FLOW [proto@0x104c4949e] Rx - Phase 3 S baud 3: mag=0.062 data_bits=2 alt=0/32 stable=0 dom=0:1/32 rev=0/32 counts=1,0,1,1
FLOW [proto@0x104c4949e] Rx - Phase 3 S baud 4: mag=0.017 data_bits=3 alt=0/32 stable=0 dom=3:2/32 rev=0/32 counts=1,0,1,2
FLOW [proto@0x104c4949e] Rx - primary_channel_rx: baud_rate=0 high_carrier=1 carrier=1795.4Hz agc=0.00659 power=10 shaper_sets=640
[ME] TX dump mark: sample=288800 rx_stage=10 tx_stage=55 mod=3
FLOW [proto@0x104c4949e] Rx - primary_channel_rx: baud_rate=0 high_carrier=1 carrier=1795.4Hz agc=0.00659 power=0 shaper_sets=640
FLOW [proto@0x104c4949e] Rx - primary_channel_rx: baud_rate=0 high_carrier=1 carrier=1795.4Hz agc=0.00659 power=19 shaper_sets=640
FLOW [proto@0x104c4949e] Rx - primary_channel_rx: baud_rate=0 high_carrier=1 carrier=1795.4Hz agc=0.00659 power=0 shaper_sets=640
FLOW [proto@0x104c4949e] Rx - Phase 3 Ja capture: emitted 168192 bits using hyp=0
[ME] RX dump mark: sample=288800 rx_stage=10 tx_stage=55 mod=3 guard_db=-6.0 guard_valid=1
FLOW [proto@0x104c4949e] Rx - primary_channel_rx: baud_rate=0 high_carrier=1 carrier=1795.4Hz agc=0.00659 power=10 shaper_sets=640
FLOW [proto@0x104c4949e] Rx - primary_channel_rx: baud_rate=0 high_carrier=1 carrier=1795.4Hz agc=0.00659 power=0 shaper_sets=640
FLOW [proto@0x104c4949e] Rx - primary_channel_rx: baud_rate=0 high_carrier=1 carrier=1795.4Hz agc=0.00659 power=12 shaper_sets=640
FLOW [proto@0x104c4949e] Rx - primary_channel_rx: baud_rate=0 high_carrier=1 carrier=1795.4Hz agc=0.00659 power=0 shaper_sets=640
FLOW [proto@0x104c4949e] Rx - primary_channel_rx: baud_rate=0 high_carrier=1 carrier=1795.4Hz agc=0.00659 power=15 shaper_sets=640
FLOW [proto@0x104c4949e] Rx - Phase 3 Ja capture: emitted 168448 bits using hyp=0
FLOW [proto@0x104c4949e] Rx - primary_channel_rx: baud_rate=0 high_carrier=1 carrier=1795.4Hz agc=0.00659 power=8 shaper_sets=640
FLOW [proto@0x104c4949e] Rx - Phase 3 WAIT_S heartbeat: dur=256 demod=0 event=0 j_bits=168510 trn_bits=160348 trn_hint=0/75%
FLOW [proto@0x104c4949e] Rx - primary_channel_rx: baud_rate=0 high_carrier=1 carrier=1795.4Hz agc=0.00659 power=21 shaper_sets=640
[ME] TX dump mark: sample=289600 rx_stage=10 tx_stage=55 mod=3
FLOW [proto@0x104c4949e] Rx - primary_channel_rx: baud_rate=0 high_carrier=1 carrier=1795.4Hz agc=0.00659 power=7 shaper_sets=640
FLOW [proto@0x104c4949e] Rx - primary_channel_rx: baud_rate=0 high_carrier=1 carrier=1795.4Hz agc=0.00659 power=6 shaper_sets=640
FLOW [proto@0x104c4949e] Rx - primary_channel_rx: baud_rate=0 high_carrier=1 carrier=1795.4Hz agc=0.00659 power=0 shaper_sets=640
FLOW [proto@0x104c4949e] Rx - Phase 3 Ja capture: emitted 168704 bits using hyp=0
[ME] RX dump mark: sample=289600 rx_stage=10 tx_stage=55 mod=3 guard_db=-6.0 guard_valid=1
FLOW [proto@0x104c4949e] Rx - primary_channel_rx: baud_rate=0 high_carrier=1 carrier=1795.4Hz agc=0.00659 power=3 shaper_sets=640
FLOW [proto@0x104c4949e] Rx - primary_channel_rx: baud_rate=0 high_carrier=1 carrier=1795.4Hz agc=0.00659 power=0 shaper_sets=640
FLOW [proto@0x104c4949e] Rx - primary_channel_rx: baud_rate=0 high_carrier=1 carrier=1795.4Hz agc=0.00659 power=12 shaper_sets=640
FLOW [proto@0x104c4949e] Rx - primary_channel_rx: baud_rate=0 high_carrier=1 carrier=1795.4Hz agc=0.00659 power=0 shaper_sets=640
FLOW [proto@0x104c4949e] Rx - primary_channel_rx: baud_rate=0 high_carrier=1 carrier=1795.4Hz agc=0.00659 power=6 shaper_sets=640
FLOW [proto@0x104c4949e] Rx - Phase 3 TRN: best hyp=4 ones=59523/160768 (37%)
FLOW [proto@0x104c4949e] Rx - primary_channel_rx: baud_rate=0 high_carrier=1 carrier=1795.4Hz agc=0.00659 power=8 shaper_sets=640
FLOW [proto@0x104c4949e] Rx - Phase 3 Ja capture: emitted 168960 bits using hyp=0
FLOW [proto@0x104c4949e] Rx - primary_channel_rx: baud_rate=0 high_carrier=1 carrier=1795.4Hz agc=0.00659 power=17 shaper_sets=640
FLOW [proto@0x104c4949e] Rx - Phase 3 WAIT_S heartbeat: dur=512 demod=0 event=0 j_bits=169022 trn_bits=160860 trn_hint=0/75%
[ME] TX dump mark: sample=290400 rx_stage=10 tx_stage=55 mod=3
FLOW [proto@0x104c4949e] Rx - primary_channel_rx: baud_rate=0 high_carrier=1 carrier=1795.4Hz agc=0.00659 power=4 shaper_sets=640
FLOW [proto@0x104c4949e] Rx - primary_channel_rx: baud_rate=0 high_carrier=1 carrier=1795.4Hz agc=0.00659 power=11 shaper_sets=640
FLOW [proto@0x104c4949e] Rx - primary_channel_rx: baud_rate=0 high_carrier=1 carrier=1795.4Hz agc=0.00659 power=0 shaper_sets=640
[ME] RX dump mark: sample=290400 rx_stage=10 tx_stage=55 mod=3 guard_db=-6.0 guard_valid=1
FLOW [proto@0x104c4949e] Rx - primary_channel_rx: baud_rate=0 high_carrier=1 carrier=1795.4Hz agc=0.00659 power=20 shaper_sets=640
FLOW [proto@0x104c4949e] Rx - Phase 3 Ja capture: emitted 169216 bits using hyp=0
FLOW [proto@0x104c4949e] Rx - primary_channel_rx: baud_rate=0 high_carrier=1 carrier=1795.4Hz agc=0.00659 power=0 shaper_sets=640
FLOW [proto@0x104c4949e] Rx - primary_channel_rx: baud_rate=0 high_carrier=1 carrier=1795.4Hz agc=0.00659 power=17 shaper_sets=640
FLOW [proto@0x104c4949e] Rx - primary_channel_rx: baud_rate=0 high_carrier=1 carrier=1795.4Hz agc=0.00659 power=4 shaper_sets=640
FLOW [proto@0x104c4949e] Rx - primary_channel_rx: baud_rate=0 high_carrier=1 carrier=1795.4Hz agc=0.00659 power=17 shaper_sets=640
FLOW [proto@0x104c4949e] Rx - primary_channel_rx: baud_rate=0 high_carrier=1 carrier=1795.4Hz agc=0.00659 power=2 shaper_sets=640
FLOW [proto@0x104c4949e] Rx - Phase 3 TRN: best hyp=4 ones=59763/161280 (37%)
FLOW [proto@0x104c4949e] Rx - Phase 3 Ja capture: emitted 169472 bits using hyp=0
FLOW [proto@0x104c4949e] Rx - primary_channel_rx: baud_rate=0 high_carrier=1 carrier=1795.4Hz agc=0.00659 power=14 shaper_sets=640
FLOW [proto@0x104c4949e] Rx - Phase 3 WAIT_S heartbeat: dur=768 demod=0 event=0 j_bits=169534 trn_bits=161372 trn_hint=0/75%
[ME] TX dump mark: sample=291200 rx_stage=10 tx_stage=55 mod=3
FLOW [proto@0x104c4949e] Rx - primary_channel_rx: baud_rate=0 high_carrier=1 carrier=1795.4Hz agc=0.00659 power=0 shaper_sets=640
FLOW [proto@0x104c4949e] Rx - primary_channel_rx: baud_rate=0 high_carrier=1 carrier=1795.4Hz agc=0.00659 power=0 shaper_sets=640
FLOW [proto@0x104c4949e] Rx - primary_channel_rx: baud_rate=0 high_carrier=1 carrier=1795.4Hz agc=0.00659 power=0 shaper_sets=640
[ME] RX dump mark: sample=291200 rx_stage=10 tx_stage=55 mod=3 guard_db=-6.0 guard_valid=1
FLOW [proto@0x104c4949e] Rx - primary_channel_rx: baud_rate=0 high_carrier=1 carrier=1795.4Hz agc=0.00659 power=13 shaper_sets=640
FLOW [proto@0x104c4949e] Rx - primary_channel_rx: baud_rate=0 high_carrier=1 carrier=1795.4Hz agc=0.00659 power=0 shaper_sets=640
FLOW [proto@0x104c4949e] Rx - Phase 3 Ja capture: emitted 169728 bits using hyp=0
FLOW [proto@0x104c4949e] Rx - primary_channel_rx: baud_rate=0 high_carrier=1 carrier=1795.4Hz agc=0.00659 power=13 shaper_sets=640
FLOW [proto@0x104c4949e] Rx - primary_channel_rx: baud_rate=0 high_carrier=1 carrier=1795.4Hz agc=0.00659 power=0 shaper_sets=640
FLOW [proto@0x104c4949e] Rx - primary_channel_rx: baud_rate=0 high_carrier=1 carrier=1795.4Hz agc=0.00659 power=9 shaper_sets=640
FLOW [proto@0x104c4949e] Rx - primary_channel_rx: baud_rate=0 high_carrier=1 carrier=1795.4Hz agc=0.00659 power=0 shaper_sets=640
FLOW [proto@0x104c4949e] Rx - Phase 3 TRN: best hyp=4 ones=60017/161792 (37%)
FLOW [proto@0x104c4949e] Rx - primary_channel_rx: baud_rate=0 high_carrier=1 carrier=1795.4Hz agc=0.00659 power=10 shaper_sets=640
FLOW [proto@0x104c4949e] Rx - Phase 3 Ja parser input: hyp0 len=169984 bits (stage=10, need ~16340 to parse)
FLOW [proto@0x104c4949e] Rx - Phase 3 Ja capture: emitted 169984 bits using hyp=0
FLOW [proto@0x104c4949e] Rx - Phase 3 S baud 1000: mag=0.011 data_bits=3 alt=3/32 stable=0 dom=3:21/32 rev=0/32 counts=5,3,3,21
[ME] TX dump mark: sample=292000 rx_stage=10 tx_stage=55 mod=3
FLOW [proto@0x104c4949e] Rx - primary_channel_rx: baud_rate=0 high_carrier=1 carrier=1795.4Hz agc=0.00659 power=0 shaper_sets=640
FLOW [proto@0x104c4949e] Rx - Phase 3 WAIT_S heartbeat: dur=1024 demod=0 event=0 j_bits=170046 trn_bits=161884 trn_hint=0/75%
FLOW [proto@0x104c4949e] Rx - primary_channel_rx: baud_rate=0 high_carrier=1 carrier=1795.4Hz agc=0.00659 power=14 shaper_sets=640
17:44:50.133          pjsua_media.c  .......
  [DISCONNECTED] To: "VG224 Port 2/22" <sip:8422@192.168.88.122>;tag=24d53296-d391-4016-a70d-ec91a10d669f
    Call time: 00h:00m:42s, 1st res in 1 ms, conn in 6018ms
    #0 audio PCMU @8kHz, sendrecv, peer=192.168.88.122:19964
       SRTP status: Not active Crypto-suite: 
       RX pt=0, last update:00h:00m:02.118s ago
          total 2.1Kpkt 342.0KB (427.6KB +IP hdr) @avg=63.9Kbps/79.8Kbps
          pkt loss=0 (0.0%), discrd=0 (0.0%), dup=0 (0.0%), reord=0 (0.0%)
                (msec)    min     avg     max     last    dev
          loss period:   0.000   0.000   0.000   0.000   0.000
          jitter     :   0.000   0.612   1.375   0.625   0.239
       TX pt=0, ptime=20, last update:00h:00m:02.799s ago
          total 2.1Kpkt 342.4KB (428.0KB +IP hdr) @avg=63.9Kbps/79.9Kbps
          pkt loss=0 (0.0%), dup=0 (0.0%), reorder=0 (0.0%)
                (msec)    min     avg     max     last    dev 
          loss period:   0.000   0.000   0.000   0.000   0.000
          jitter     :   0.375   0.953   1.500   1.500   0.299
       RTT msec      :   3.082   3.663   4.440   3.387   0.428
17:44:50.133              sip_modem  ......Call 0 state: DISCONNECTED
[TRACE +42822ms] SIP disconnected: prev_state=3 -> IDLE
17:44:50.134              sip_modem  ME trace (state-change): state=IDLE mod=NONE law=ULAW role=answerer media=down phase_ms=0 v34_rx=0 v34_tx=0 v90_rx=-1 v90_tx=-1 v90_event=-1 phase3=0 s_events=0 dil=0 cp_bits=0 cp_valid=0 cp_rejected=0 v92=0 trn2u=0 trn2u_symbols=0 trn2u_ones=0 cpu_bits=0 cpu_valid=0 cpu_rejected=0 g711_rx=342400 g711_tx=342560 raw_v90_tx=0 linear_tx=342560
17:44:50.134              sip_modem  ME trace (media-down): state=IDLE mod=NONE law=ULAW role=answerer media=down phase_ms=0 v34_rx=0 v34_tx=0 v90_rx=-1 v90_tx=-1 v90_event=-1 phase3=0 s_events=0 dil=0 cp_bits=0 cp_valid=0 cp_rejected=0 v92=0 trn2u=0 trn2u_symbols=0 trn2u_ones=0 cpu_bits=0 cpu_valid=0 cpu_rejected=0 g711_rx=342400 g711_tx=342560 raw_v90_tx=0 linear_tx=342560
17:46:15.139            pjsua_acc.c  ....sip:6000@asterisk.net.cryan.nz: registration success, status=200 (OK), will re-register in 299 seconds
17:46:21.082              sip_modem  Shutting down...
17:46:21.142            pjsua_acc.c  .....sip:6000@asterisk.net.cryan.nz: unregistration success
17:46:22.153                timer.c  .Dumping timer heap:
17:46:22.153                timer.c  .  Cur size: 0 entries, max: 3070
