monotonic_ns,seq,timestamp,marker,payload_type,packet_bytes,ssrc,seq_delta,ts_delta,wall_delta_ns
1726615231338000,10476,160,1,0,172,490021574,0,0,0
1726615251698000,10477,320,0,0,172,490021574,1,160,20360000
1726615271906000,10478,480,0,0,172,490021574,1,160,20208000
1726615291127000,10479,640,0,0,172,490021574,1,160,19221000
1726615311321000,10480,800,0,0,172,490021574,1,160,20194000
1726615331562000,10481,960,0,0,172,490021574,1,160,20241000
1726615351074000,10482,1120,0,0,172,490021574,1,160,19512000
1726615371297000,10483,1280,0,0,172,490021574,1,160,20223000
1726615391488000,10484,1440,0,0,172,490021574,1,160,20191000
1726615411762000,10485,1600,0,0,172,490021574,1,160,20274000
1726615432016000,10486,1760,0,0,172,490021574,1,160,20254000
1726615450967000,10487,1920,0,0,172,490021574,1,160,18951000
1726615471099000,10488,2080,0,0,172,490021574,1,160,20132000
1726615490492000,10489,2240,0,0,172,490021574,1,160,19393000
1726615511676000,10490,2400,0,0,172,490021574,1,160,21184000
1726615531928000,10491,2560,0,0,172,490021574,1,160,20252000
1726615551102000,10492,2720,0,0,172,490021574,1,160,19174000
1726615571278000,10493,2880,0,0,172,490021574,1,160,20176000
1726615590802000,10494,3040,0,0,172,490021574,1,160,19524000
1726615611775000,10495,3200,0,0,172,490021574,1,160,20973000
1726615632007000,10496,3360,0,0,172,490021574,1,160,20232000
1726615651178000,10497,3520,0,0,172,490021574,1,160,19171000
1726615671355000,10498,3680,0,0,172,490021574,1,160,20177000
1726615691583000,10499,3840,0,0,172,490021574,1,160,20228000
1726615711467000,10500,4000,0,0,172,490021574,1,160,19884000
1726615731707000,10501,4160,0,0,172,490021574,1,160,20240000
1726615751878000,10502,4320,0,0,172,490021574,1,160,20171000
1726615771244000,10503,4480,0,0,172,490021574,1,160,19366000
1726615791455000,10504,4640,0,0,172,490021574,1,160,20211000
1726615811681000,10505,4800,0,0,172,490021574,1,160,20226000
1726615831925000,10506,4960,0,0,172,490021574,1,160,20244000
1726615851159000,10507,5120,0,0,172,490021574,1,160,19234000
1726615871324000,10508,5280,0,0,172,490021574,1,160,20165000
1726615891505000,10509,5440,0,0,172,490021574,1,160,20181000
1726615911709000,10510,5600,0,0,172,490021574,1,160,20204000
1726615931782000,10511,5760,0,0,172,490021574,1,160,20073000
1726615951846000,10512,5920,0,0,172,490021574,1,160,20064000
1726615971139000,10513,6080,0,0,172,490021574,1,160,19293000
1726615991217000,10514,6240,0,0,172,490021574,1,160,20078000
1726616010296000,10515,6400,0,0,172,490021574,1,160,19079000
1726616031373000,10516,6560,0,0,172,490021574,1,160,21077000
1726616051474000,10517,6720,0,0,172,490021574,1,160,20101000
1726616071568000,10518,6880,0,0,172,490021574,1,160,20094000
1726616091621000,10519,7040,0,0,172,490021574,1,160,20053000
1726616111197000,10520,7200,0,0,172,490021574,1,160,19576000
1726616131345000,10521,7360,0,0,172,490021574,1,160,20148000
1726616151368000,10522,7520,0,0,172,490021574,1,160,20023000
1726616171468000,10523,7680,0,0,172,490021574,1,160,20100000
1726616191546000,10524,7840,0,0,172,490021574,1,160,20078000
1726616211772000,10525,8000,0,0,172,490021574,1,160,20226000
1726616231128000,10526,8160,0,0,172,490021574,1,160,19356000
1726616250925000,10527,8320,0,0,172,490021574,1,160,19797000
1726616271028000,10528,8480,0,0,172,490021574,1,160,20103000
1726616290584000,10529,8640,0,0,172,490021574,1,160,19556000
1726616311706000,10530,8800,0,0,172,490021574,1,160,21122000
1726616331863000,10531,8960,0,0,172,490021574,1,160,20157000
1726616351483000,10532,9120,0,0,172,490021574,1,160,19620000
1726616371599000,10533,9280,0,0,172,490021574,1,160,20116000
1726616391775000,10534,9440,0,0,172,490021574,1,160,20176000
1726616411600000,10535,9600,0,0,172,490021574,1,160,19825000
1726616431847000,10536,9760,0,0,172,490021574,1,160,20247000
1726616450929000,10537,9920,0,0,172,490021574,1,160,19082000
1726616471066000,10538,10080,0,0,172,490021574,1,160,20137000
1726616490856000,10539,10240,0,0,172,490021574,1,160,19790000
1726616511764000,10540,10400,0,0,172,490021574,1,160,20908000
1726616532006000,10541,10560,0,0,172,490021574,1,160,20242000
1726616550955000,10542,10720,0,0,172,490021574,1,160,18949000
1726616571151000,10543,10880,0,0,172,490021574,1,160,20196000
1726616591324000,10544,11040,0,0,172,490021574,1,160,20173000
1726616611564000,10545,11200,0,0,172,490021574,1,160,20240000
1726616631800000,10546,11360,0,0,172,490021574,1,160,20236000
1726616651592000,10547,11520,0,0,172,490021574,1,160,19792000
1726616671730000,10548,11680,0,0,172,490021574,1,160,20138000
1726616691941000,10549,11840,0,0,172,490021574,1,160,20211000
1726616710368000,10550,12000,0,0,172,490021574,1,160,18427000
1726616731608000,10551,12160,0,0,172,490021574,1,160,21240000
1726616751805000,10552,12320,0,0,172,490021574,1,160,20197000
1726616771878000,10553,12480,0,0,172,490021574,1,160,20073000
1726616790374000,10554,12640,0,0,172,490021574,1,160,18496000
1726616811602000,10555,12800,0,0,172,490021574,1,160,21228000
1726616831850000,10556,12960,0,0,172,490021574,1,160,20248000
1726616851039000,10557,13120,0,0,172,490021574,1,160,19189000
1726616871231000,10558,13280,0,0,172,490021574,1,160,20192000
1726616890677000,10559,13440,0,0,172,490021574,1,160,19446000
1726616911495000,10560,13600,0,0,172,490021574,1,160,20818000
1726616931704000,10561,13760,0,0,172,490021574,1,160,20209000
1726616951464000,10562,13920,0,0,172,490021574,1,160,19760000
1726616971153000,10563,14080,0,0,172,490021574,1,160,19689000
1726616991385000,10564,14240,0,0,172,490021574,1,160,20232000
1726617011643000,10565,14400,0,0,172,490021574,1,160,20258000
1726617031866000,10566,14560,0,0,172,490021574,1,160,20223000
1726617050893000,10567,14720,0,0,172,490021574,1,160,19027000
1726617071036000,10568,14880,0,0,172,490021574,1,160,20143000
1726617091261000,10569,15040,0,0,172,490021574,1,160,20225000
1726617111463000,10570,15200,0,0,172,490021574,1,160,20202000
1726617131687000,10571,15360,0,0,172,490021574,1,160,20224000
1726617151851000,10572,15520,0,0,172,490021574,1,160,20164000
1726617171019000,10573,15680,0,0,172,490021574,1,160,19168000
1726617190636000,10574,15840,0,0,172,490021574,1,160,19617000
1726617211729000,10575,16000,0,0,172,490021574,1,160,21093000
1726617232050000,10576,16160,0,0,172,490021574,1,160,20321000
1726617251225000,10577,16320,0,0,172,490021574,1,160,19175000
1726617270528000,10578,16480,0,0,172,490021574,1,160,19303000
1726617291743000,10579,16640,0,0,172,490021574,1,160,21215000
1726617311596000,10580,16800,0,0,172,490021574,1,160,19853000
1726617331228000,10581,16960,0,0,172,490021574,1,160,19632000
1726617350873000,10582,17120,0,0,172,490021574,1,160,19645000
1726617370978000,10583,17280,0,0,172,490021574,1,160,20105000
1726617391184000,10584,17440,0,0,172,490021574,1,160,20206000
1726617411065000,10585,17600,0,0,172,490021574,1,160,19881000
1726617431299000,10586,17760,0,0,172,490021574,1,160,20234000
1726617451472000,10587,17920,0,0,172,490021574,1,160,20173000
1726617471672000,10588,18080,0,0,172,490021574,1,160,20200000
1726617491895000,10589,18240,0,0,172,490021574,1,160,20223000
1726617511157000,10590,18400,0,0,172,490021574,1,160,19262000
1726617531399000,10591,18560,0,0,172,490021574,1,160,20242000
1726617551577000,10592,18720,0,0,172,490021574,1,160,20178000
1726617571819000,10593,18880,0,0,172,490021574,1,160,20242000
1726617590715000,10594,19040,0,0,172,490021574,1,160,18896000
1726617611949000,10595,19200,0,0,172,490021574,1,160,21234000
1726617631205000,10596,19360,0,0,172,490021574,1,160,19256000
1726617650881000,10597,19520,0,0,172,490021574,1,160,19676000
1726617671015000,10598,19680,0,0,172,490021574,1,160,20134000
1726617691255000,10599,19840,0,0,172,490021574,1,160,20240000
1726617711562000,10600,20000,0,0,172,490021574,1,160,20307000
1726617731843000,10601,20160,0,0,172,490021574,1,160,20281000
1726617750879000,10602,20320,0,0,172,490021574,1,160,19036000
1726617771021000,10603,20480,0,0,172,490021574,1,160,20142000
1726617791215000,10604,20640,0,0,172,490021574,1,160,20194000
1726617811459000,10605,20800,0,0,172,490021574,1,160,20244000
1726617831730000,10606,20960,0,0,172,490021574,1,160,20271000
1726617851913000,10607,21120,0,0,172,490021574,1,160,20183000
1726617870872000,10608,21280,0,0,172,490021574,1,160,18959000
1726617890753000,10609,21440,0,0,172,490021574,1,160,19881000
1726617912021000,10610,21600,0,0,172,490021574,1,160,21268000
1726617931293000,10611,21760,0,0,172,490021574,1,160,19272000
1726617951531000,10612,21920,0,0,172,490021574,1,160,20238000
1726617971730000,10613,22080,0,0,172,490021574,1,160,20199000
1726617991948000,10614,22240,0,0,172,490021574,1,160,20218000
1726618011187000,10615,22400,0,0,172,490021574,1,160,19239000
1726618031464000,10616,22560,0,0,172,490021574,1,160,20277000
1726618051578000,10617,22720,0,0,172,490021574,1,160,20114000
1726618071741000,10618,22880,0,0,172,490021574,1,160,20163000
1726618091973000,10619,23040,0,0,172,490021574,1,160,20232000
1726618110340000,10620,23200,0,0,172,490021574,1,160,18367000
1726618131599000,10621,23360,0,0,172,490021574,1,160,21259000
1726618151766000,10622,23520,0,0,172,490021574,1,160,20167000
1726618172220000,10623,23680,0,0,172,490021574,1,160,20454000
1726618191440000,10624,23840,0,0,172,490021574,1,160,19220000
1726618211735000,10625,24000,0,0,172,490021574,1,160,20295000
1726618232075000,10626,24160,0,0,172,490021574,1,160,20340000
1726618251252000,10627,24320,0,0,172,490021574,1,160,19177000
1726618271451000,10628,24480,0,0,172,490021574,1,160,20199000
1726618291685000,10629,24640,0,0,172,490021574,1,160,20234000
1726618311925000,10630,24800,0,0,172,490021574,1,160,20240000
1726618331247000,10631,24960,0,0,172,490021574,1,160,19322000
1726618351436000,10632,25120,0,0,172,490021574,1,160,20189000
1726618371099000,10633,25280,0,0,172,490021574,1,160,19663000
1726618391323000,10634,25440,0,0,172,490021574,1,160,20224000
1726618411312000,10635,25600,0,0,172,490021574,1,160,19989000
1726618431560000,10636,25760,0,0,172,490021574,1,160,20248000
1726618451739000,10637,25920,0,0,172,490021574,1,160,20179000
1726618471937000,10638,26080,0,0,172,490021574,1,160,20198000
1726618491155000,10639,26240,0,0,172,490021574,1,160,19218000
1726618511385000,10640,26400,0,0,172,490021574,1,160,20230000
1726618531631000,10641,26560,0,0,172,490021574,1,160,20246000
1726618551803000,10642,26720,0,0,172,490021574,1,160,20172000
1726618570988000,10643,26880,0,0,172,490021574,1,160,19185000
1726618591205000,10644,27040,0,0,172,490021574,1,160,20217000
1726618611450000,10645,27200,0,0,172,490021574,1,160,20245000
1726618631722000,10646,27360,0,0,172,490021574,1,160,20272000
1726618651484000,10647,27520,0,0,172,490021574,1,160,19762000
1726618671691000,10648,27680,0,0,172,490021574,1,160,20207000
1726618691867000,10649,27840,0,0,172,490021574,1,160,20176000
1726618711088000,10650,28000,0,0,172,490021574,1,160,19221000
1726618731449000,10651,28160,0,0,172,490021574,1,160,20361000
1726618751620000,10652,28320,0,0,172,490021574,1,160,20171000
1726618771089000,10653,28480,0,0,172,490021574,1,160,19469000
1726618791290000,10654,28640,0,0,172,490021574,1,160,20201000
1726618811344000,10655,28800,0,0,172,490021574,1,160,20054000
1726618831590000,10656,28960,0,0,172,490021574,1,160,20246000
1726618851491000,10657,29120,0,0,172,490021574,1,160,19901000
1726618871710000,10658,29280,0,0,172,490021574,1,160,20219000
1726618891934000,10659,29440,0,0,172,490021574,1,160,20224000
1726618910309000,10660,29600,0,0,172,490021574,1,160,18375000
1726618931509000,10661,29760,0,0,172,490021574,1,160,21200000
1726618951687000,10662,29920,0,0,172,490021574,1,160,20178000
1726618971082000,10663,30080,0,0,172,490021574,1,160,19395000
1726618990554000,10664,30240,0,0,172,490021574,1,160,19472000
1726619011797000,10665,30400,0,0,172,490021574,1,160,21243000
1726619030146000,10666,30560,0,0,172,490021574,1,160,18349000
1726619051342000,10667,30720,0,0,172,490021574,1,160,21196000
1726619071506000,10668,30880,0,0,172,490021574,1,160,20164000
1726619090881000,10669,31040,0,0,172,490021574,1,160,19375000
1726619111196000,10670,31200,0,0,172,490021574,1,160,20315000
1726619131470000,10671,31360,0,0,172,490021574,1,160,20274000
1726619151392000,10672,31520,0,0,172,490021574,1,160,19922000
1726619171137000,10673,31680,0,0,172,490021574,1,160,19745000
1726619191337000,10674,31840,0,0,172,490021574,1,160,20200000
1726619211701000,10675,32000,0,0,172,490021574,1,160,20364000
1726619232030000,10676,32160,0,0,172,490021574,1,160,20329000
1726619251228000,10677,32320,0,0,172,490021574,1,160,19198000
1726619271412000,10678,32480,0,0,172,490021574,1,160,20184000
1726619291634000,10679,32640,0,0,172,490021574,1,160,20222000
1726619311888000,10680,32800,0,0,172,490021574,1,160,20254000
1726619331151000,10681,32960,0,0,172,490021574,1,160,19263000
1726619351492000,10682,33120,0,0,172,490021574,1,160,20341000
1726619371722000,10683,33280,0,0,172,490021574,1,160,20230000
1726619391884000,10684,33440,0,0,172,490021574,1,160,20162000
1726619411080000,10685,33600,0,0,172,490021574,1,160,19196000
1726619431293000,10686,33760,0,0,172,490021574,1,160,20213000
1726619451439000,10687,33920,0,0,172,490021574,1,160,20146000
1726619471612000,10688,34080,0,0,172,490021574,1,160,20173000
1726619491711000,10689,34240,0,0,172,490021574,1,160,20099000
1726619511242000,10690,34400,0,0,172,490021574,1,160,19531000
1726619531051000,10691,34560,0,0,172,490021574,1,160,19809000
1726619551263000,10692,34720,0,0,172,490021574,1,160,20212000
1726619571597000,10693,34880,0,0,172,490021574,1,160,20334000
1726619591821000,10694,35040,0,0,172,490021574,1,160,20224000
1726619611034000,10695,35200,0,0,172,490021574,1,160,19213000
1726619631216000,10696,35360,0,0,172,490021574,1,160,20182000
1726619651352000,10697,35520,0,0,172,490021574,1,160,20136000
1726619671117000,10698,35680,0,0,172,490021574,1,160,19765000
1726619691306000,10699,35840,0,0,172,490021574,1,160,20189000
1726619711535000,10700,36000,0,0,172,490021574,1,160,20229000
1726619731817000,10701,36160,0,0,172,490021574,1,160,20282000
1726619750977000,10702,36320,0,0,172,490021574,1,160,19160000
1726619771103000,10703,36480,0,0,172,490021574,1,160,20126000
1726619791260000,10704,36640,0,0,172,490021574,1,160,20157000
1726619811609000,10705,36800,0,0,172,490021574,1,160,20349000
1726619831836000,10706,36960,0,0,172,490021574,1,160,20227000
1726619850809000,10707,37120,0,0,172,490021574,1,160,18973000
1726619870957000,10708,37280,0,0,172,490021574,1,160,20148000
1726619891214000,10709,37440,0,0,172,490021574,1,160,20257000
1726619911470000,10710,37600,0,0,172,490021574,1,160,20256000
1726619931677000,10711,37760,0,0,172,490021574,1,160,20207000
1726619951366000,10712,37920,0,0,172,490021574,1,160,19689000
1726619971518000,10713,38080,0,0,172,490021574,1,160,20152000
1726619991741000,10714,38240,0,0,172,490021574,1,160,20223000
1726620011000000,10715,38400,0,0,172,490021574,1,160,19259000
1726620031296000,10716,38560,0,0,172,490021574,1,160,20296000
1726620051544000,10717,38720,0,0,172,490021574,1,160,20248000
1726620071046000,10718,38880,0,0,172,490021574,1,160,19502000
1726620091184000,10719,39040,0,0,172,490021574,1,160,20138000
1726620111403000,10720,39200,0,0,172,490021574,1,160,20219000
1726620131619000,10721,39360,0,0,172,490021574,1,160,20216000
1726620151034000,10722,39520,0,0,172,490021574,1,160,19415000
1726620171272000,10723,39680,0,0,172,490021574,1,160,20238000
1726620190747000,10724,39840,0,0,172,490021574,1,160,19475000
1726620210393000,10725,40000,0,0,172,490021574,1,160,19646000
1726620231695000,10726,40160,0,0,172,490021574,1,160,21302000
1726620251860000,10727,40320,0,0,172,490021574,1,160,20165000
1726620271087000,10728,40480,0,0,172,490021574,1,160,19227000
1726620291286000,10729,40640,0,0,172,490021574,1,160,20199000
1726620311523000,10730,40800,0,0,172,490021574,1,160,20237000
1726620330981000,10731,40960,0,0,172,490021574,1,160,19458000
1726620351168000,10732,41120,0,0,172,490021574,1,160,20187000
1726620371335000,10733,41280,0,0,172,490021574,1,160,20167000
1726620391536000,10734,41440,0,0,172,490021574,1,160,20201000
1726620411755000,10735,41600,0,0,172,490021574,1,160,20219000
1726620431100000,10736,41760,0,0,172,490021574,1,160,19345000
1726620451309000,10737,41920,0,0,172,490021574,1,160,20209000
1726620471285000,10738,42080,0,0,172,490021574,1,160,19976000
1726620491555000,10739,42240,0,0,172,490021574,1,160,20270000
1726620511911000,10740,42400,0,0,172,490021574,1,160,20356000
1726620531164000,10741,42560,0,0,172,490021574,1,160,19253000
1726620551355000,10742,42720,0,0,172,490021574,1,160,20191000
1726620571799000,10743,42880,0,0,172,490021574,1,160,20444000
1726620591002000,10744,43040,0,0,172,490021574,1,160,19203000
1726620611127000,10745,43200,0,0,172,490021574,1,160,20125000
1726620631377000,10746,43360,0,0,172,490021574,1,160,20250000
1726620651382000,10747,43520,0,0,172,490021574,1,160,20005000
1726620671598000,10748,43680,0,0,172,490021574,1,160,20216000
1726620691812000,10749,43840,0,0,172,490021574,1,160,20214000
1726620711069000,10750,44000,0,0,172,490021574,1,160,19257000
1726620730399000,10751,44160,0,0,172,490021574,1,160,19330000
1726620751654000,10752,44320,0,0,172,490021574,1,160,21255000
1726620771000000,10753,44480,0,0,172,490021574,1,160,19346000
1726620790565000,10754,44640,0,0,172,490021574,1,160,19565000
1726620811771000,10755,44800,0,0,172,490021574,1,160,21206000
1726620831092000,10756,44960,0,0,172,490021574,1,160,19321000
1726620851268000,10757,45120,0,0,172,490021574,1,160,20176000
1726620871005000,10758,45280,0,0,172,490021574,1,160,19737000
1726620891330000,10759,45440,0,0,172,490021574,1,160,20325000
1726620911547000,10760,45600,0,0,172,490021574,1,160,20217000
1726620931066000,10761,45760,0,0,172,490021574,1,160,19519000
1726620951255000,10762,45920,0,0,172,490021574,1,160,20189000
1726620970554000,10763,46080,0,0,172,490021574,1,160,19299000
1726620991727000,10764,46240,0,0,172,490021574,1,160,21173000
1726621010204000,10765,46400,0,0,172,490021574,1,160,18477000
1726621031395000,10766,46560,0,0,172,490021574,1,160,21191000
1726621051545000,10767,46720,0,0,172,490021574,1,160,20150000
1726621071700000,10768,46880,0,0,172,490021574,1,160,20155000
1726621091856000,10769,47040,0,0,172,490021574,1,160,20156000
1726621110208000,10770,47200,0,0,172,490021574,1,160,18352000
1726621131411000,10771,47360,0,0,172,490021574,1,160,21203000
1726621151420000,10772,47520,0,0,172,490021574,1,160,20009000
1726621171026000,10773,47680,0,0,172,490021574,1,160,19606000
1726621190728000,10774,47840,0,0,172,490021574,1,160,19702000
1726621211000000,10775,48000,0,0,172,490021574,1,160,20272000
1726621231284000,10776,48160,0,0,172,490021574,1,160,20284000
1726621251193000,10777,48320,0,0,172,490021574,1,160,19909000
1726621271038000,10778,48480,0,0,172,490021574,1,160,19845000
1726621291255000,10779,48640,0,0,172,490021574,1,160,20217000
1726621311470000,10780,48800,0,0,172,490021574,1,160,20215000
1726621331754000,10781,48960,0,0,172,490021574,1,160,20284000
1726621350897000,10782,49120,0,0,172,490021574,1,160,19143000
1726621370535000,10783,49280,0,0,172,490021574,1,160,19638000
1726621391742000,10784,49440,0,0,172,490021574,1,160,21207000
1726621410907000,10785,49600,0,0,172,490021574,1,160,19165000
1726621430866000,10786,49760,0,0,172,490021574,1,160,19959000
1726621451225000,10787,49920,0,0,172,490021574,1,160,20359000
1726621471412000,10788,50080,0,0,172,490021574,1,160,20187000
1726621491525000,10789,50240,0,0,172,490021574,1,160,20113000
1726621511862000,10790,50400,0,0,172,490021574,1,160,20337000
1726621534785000,10791,50560,0,0,172,490021574,1,160,22923000
1726621550830000,10792,50720,0,0,172,490021574,1,160,16045000
1726621571200000,10793,50880,0,0,172,490021574,1,160,20370000
1726621591737000,10794,51040,0,0,172,490021574,1,160,20537000
1726621611304000,10795,51200,0,0,172,490021574,1,160,19567000
1726621632047000,10796,51360,0,0,172,490021574,1,160,20743000
1726621651408000,10797,51520,0,0,172,490021574,1,160,19361000
1726621671842000,10798,51680,0,0,172,490021574,1,160,20434000
1726621691000000,10799,51840,0,0,172,490021574,1,160,19158000
1726621711837000,10800,52000,0,0,172,490021574,1,160,20837000
1726621731472000,10801,52160,0,0,172,490021574,1,160,19635000
1726621751814000,10802,52320,0,0,172,490021574,1,160,20342000
1726621771193000,10803,52480,0,0,172,490021574,1,160,19379000
1726621791621000,10804,52640,0,0,172,490021574,1,160,20428000
1726621812137000,10805,52800,0,0,172,490021574,1,160,20516000
1726621831527000,10806,52960,0,0,172,490021574,1,160,19390000
1726621851739000,10807,53120,0,0,172,490021574,1,160,20212000
1726621871069000,10808,53280,0,0,172,490021574,1,160,19330000
1726621891416000,10809,53440,0,0,172,490021574,1,160,20347000
1726621911854000,10810,53600,0,0,172,490021574,1,160,20438000
1726621931364000,10811,53760,0,0,172,490021574,1,160,19510000
1726621951688000,10812,53920,0,0,172,490021574,1,160,20324000
1726621971051000,10813,54080,0,0,172,490021574,1,160,19363000
1726621991460000,10814,54240,0,0,172,490021574,1,160,20409000
1726622012013000,10815,54400,0,0,172,490021574,1,160,20553000
1726622031505000,10816,54560,0,0,172,490021574,1,160,19492000
1726622051870000,10817,54720,0,0,172,490021574,1,160,20365000
1726622071128000,10818,54880,0,0,172,490021574,1,160,19258000
1726622090919000,10819,55040,0,0,172,490021574,1,160,19791000
1726622111410000,10820,55200,0,0,172,490021574,1,160,20491000
1726622131870000,10821,55360,0,0,172,490021574,1,160,20460000
1726622150758000,10822,55520,0,0,172,490021574,1,160,18888000
1726622170771000,10823,55680,0,0,172,490021574,1,160,20013000
1726622191163000,10824,55840,0,0,172,490021574,1,160,20392000
1726622211632000,10825,56000,0,0,172,490021574,1,160,20469000
1726622230204000,10826,56160,0,0,172,490021574,1,160,18572000
1726622251353000,10827,56320,0,0,172,490021574,1,160,21149000
1726622271603000,10828,56480,0,0,172,490021574,1,160,20250000
1726622291959000,10829,56640,0,0,172,490021574,1,160,20356000
1726622310423000,10830,56800,0,0,172,490021574,1,160,18464000
1726622331909000,10831,56960,0,0,172,490021574,1,160,21486000
1726622351148000,10832,57120,0,0,172,490021574,1,160,19239000
1726622371531000,10833,57280,0,0,172,490021574,1,160,20383000
1726622391920000,10834,57440,0,0,172,490021574,1,160,20389000
1726622410416000,10835,57600,0,0,172,490021574,1,160,18496000
1726622431933000,10836,57760,0,0,172,490021574,1,160,21517000
1726622451299000,10837,57920,0,0,172,490021574,1,160,19366000
1726622471510000,10838,58080,0,0,172,490021574,1,160,20211000
1726622491891000,10839,58240,0,0,172,490021574,1,160,20381000
1726622511503000,10840,58400,0,0,172,490021574,1,160,19612000
1726622532107000,10841,58560,0,0,172,490021574,1,160,20604000
1726622551339000,10842,58720,0,0,172,490021574,1,160,19232000
1726622571682000,10843,58880,0,0,172,490021574,1,160,20343000
1726622594260000,10844,59040,0,0,172,490021574,1,160,22578000
1726622613755000,10845,59200,0,0,172,490021574,1,160,19495000
1726622634062000,10846,59360,0,0,172,490021574,1,160,20307000
1726622652294000,10847,59520,0,0,172,490021574,1,160,18232000
1726622673110000,10848,59680,0,0,172,490021574,1,160,20816000
1726622694605000,10849,59840,0,0,172,490021574,1,160,21495000
1726622714087000,10850,60000,0,0,172,490021574,1,160,19482000
1726622734591000,10851,60160,0,0,172,490021574,1,160,20504000
1726622753049000,10852,60320,0,0,172,490021574,1,160,18458000
1726622773042000,10853,60480,0,0,172,490021574,1,160,19993000
1726622792745000,10854,60640,0,0,172,490021574,1,160,19703000
1726622812449000,10855,60800,0,0,172,490021574,1,160,19704000
1726622834669000,10856,60960,0,0,172,490021574,1,160,22220000
1726622852499000,10857,61120,0,0,172,490021574,1,160,17830000
1726622873368000,10858,61280,0,0,172,490021574,1,160,20869000
1726622895418000,10859,61440,0,0,172,490021574,1,160,22050000
1726622914524000,10860,61600,0,0,172,490021574,1,160,19106000
1726622934974000,10861,61760,0,0,172,490021574,1,160,20450000
1726622952890000,10862,61920,0,0,172,490021574,1,160,17916000
1726622972736000,10863,62080,0,0,172,490021574,1,160,19846000
1726622993488000,10864,62240,0,0,172,490021574,1,160,20752000
1726623014684000,10865,62400,0,0,172,490021574,1,160,21196000
1726623032213000,10866,62560,0,0,172,490021574,1,160,17529000
1726623053219000,10867,62720,0,0,172,490021574,1,160,21006000
1726623073706000,10868,62880,0,0,172,490021574,1,160,20487000
1726623093046000,10869,63040,0,0,172,490021574,1,160,19340000
1726623115800000,10870,63200,0,0,172,490021574,1,160,22754000
1726623132855000,10871,63360,0,0,172,490021574,1,160,17055000
1726623152778000,10872,63520,0,0,172,490021574,1,160,19923000
1726623172701000,10873,63680,0,0,172,490021574,1,160,19923000
1726623193809000,10874,63840,0,0,172,490021574,1,160,21108000
1726623214430000,10875,64000,0,0,172,490021574,1,160,20621000
1726623234717000,10876,64160,0,0,172,490021574,1,160,20287000
1726623252597000,10877,64320,0,0,172,490021574,1,160,17880000
1726623273455000,10878,64480,0,0,172,490021574,1,160,20858000
1726623295160000,10879,64640,0,0,172,490021574,1,160,21705000
1726623315826000,10880,64800,0,0,172,490021574,1,160,20666000
1726623332359000,10881,64960,0,0,172,490021574,1,160,16533000
1726623353051000,10882,65120,0,0,172,490021574,1,160,20692000
1726623373470000,10883,65280,0,0,172,490021574,1,160,20419000
1726623394631000,10884,65440,0,0,172,490021574,1,160,21161000
1726623413410000,10885,65600,0,0,172,490021574,1,160,18779000
1726623434617000,10886,65760,0,0,172,490021574,1,160,21207000
1726623452540000,10887,65920,0,0,172,490021574,1,160,17923000
1726623473746000,10888,66080,0,0,172,490021574,1,160,21206000
1726623492949000,10889,66240,0,0,172,490021574,1,160,19203000
1726623513725000,10890,66400,0,0,172,490021574,1,160,20776000
1726623534596000,10891,66560,0,0,172,490021574,1,160,20871000
1726623553520000,10892,66720,0,0,172,490021574,1,160,18924000
1726623575335000,10893,66880,0,0,172,490021574,1,160,21815000
1726623595485000,10894,67040,0,0,172,490021574,1,160,20150000
1726623614363000,10895,67200,0,0,172,490021574,1,160,18878000
1726623634424000,10896,67360,0,0,172,490021574,1,160,20061000
1726623653322000,10897,67520,0,0,172,490021574,1,160,18898000
1726623674014000,10898,67680,0,0,172,490021574,1,160,20692000
1726623694572000,10899,67840,0,0,172,490021574,1,160,20558000
1726623716345000,10900,68000,0,0,172,490021574,1,160,21773000
1726623732940000,10901,68160,0,0,172,490021574,1,160,16595000
1726623752850000,10902,68320,0,0,172,490021574,1,160,19910000
1726623772376000,10903,68480,0,0,172,490021574,1,160,19526000
1726623793194000,10904,68640,0,0,172,490021574,1,160,20818000
1726623813379000,10905,68800,0,0,172,490021574,1,160,20185000
1726623833266000,10906,68960,0,0,172,490021574,1,160,19887000
1726623852743000,10907,69120,0,0,172,490021574,1,160,19477000
1726623872545000,10908,69280,0,0,172,490021574,1,160,19802000
1726623895541000,10909,69440,0,0,172,490021574,1,160,22996000
1726623914092000,10910,69600,0,0,172,490021574,1,160,18551000
1726623933871000,10911,69760,0,0,172,490021574,1,160,19779000
1726623952991000,10912,69920,0,0,172,490021574,1,160,19120000
1726623973026000,10913,70080,0,0,172,490021574,1,160,20035000
1726623994637000,10914,70240,0,0,172,490021574,1,160,21611000
1726624014559000,10915,70400,0,0,172,490021574,1,160,19922000
1726624034167000,10916,70560,0,0,172,490021574,1,160,19608000
1726624053590000,10917,70720,0,0,172,490021574,1,160,19423000
1726624072519000,10918,70880,0,0,172,490021574,1,160,18929000
1726624095783000,10919,71040,0,0,172,490021574,1,160,23264000
1726624113272000,10920,71200,0,0,172,490021574,1,160,17489000
1726624134044000,10921,71360,0,0,172,490021574,1,160,20772000
1726624152377000,10922,71520,0,0,172,490021574,1,160,18333000
1726624174928000,10923,71680,0,0,172,490021574,1,160,22551000
1726624194595000,10924,71840,0,0,172,490021574,1,160,19667000
1726624214304000,10925,72000,0,0,172,490021574,1,160,19709000
1726624234730000,10926,72160,0,0,172,490021574,1,160,20426000
1726624252188000,10927,72320,0,0,172,490021574,1,160,17458000
1726624273916000,10928,72480,0,0,172,490021574,1,160,21728000
1726624294787000,10929,72640,0,0,172,490021574,1,160,20871000
1726624313686000,10930,72800,0,0,172,490021574,1,160,18899000
1726624333369000,10931,72960,0,0,172,490021574,1,160,19683000
1726624353297000,10932,73120,0,0,172,490021574,1,160,19928000
1726624374587000,10933,73280,0,0,172,490021574,1,160,21290000
1726624391834000,10934,73440,0,0,172,490021574,1,160,17247000
1726624414625000,10935,73600,0,0,172,490021574,1,160,22791000
1726624434142000,10936,73760,0,0,172,490021574,1,160,19517000
1726624452338000,10937,73920,0,0,172,490021574,1,160,18196000
1726624475356000,10938,74080,0,0,172,490021574,1,160,23018000
1726624494817000,10939,74240,0,0,172,490021574,1,160,19461000
1726624514521000,10940,74400,0,0,172,490021574,1,160,19704000
1726624534556000,10941,74560,0,0,172,490021574,1,160,20035000
1726624553489000,10942,74720,0,0,172,490021574,1,160,18933000
1726624574862000,10943,74880,0,0,172,490021574,1,160,21373000
1726624595008000,10944,75040,0,0,172,490021574,1,160,20146000
1726624614391000,10945,75200,0,0,172,490021574,1,160,19383000
1726624634414000,10946,75360,0,0,172,490021574,1,160,20023000
1726624653314000,10947,75520,0,0,172,490021574,1,160,18900000
1726624673273000,10948,75680,0,0,172,490021574,1,160,19959000
1726624695259000,10949,75840,0,0,172,490021574,1,160,21986000
1726624714405000,10950,76000,0,0,172,490021574,1,160,19146000
1726624733805000,10951,76160,0,0,172,490021574,1,160,19400000
1726624752132000,10952,76320,0,0,172,490021574,1,160,18327000
1726624774890000,10953,76480,0,0,172,490021574,1,160,22758000
1726624792577000,10954,76640,0,0,172,490021574,1,160,17687000
1726624813649000,10955,76800,0,0,172,490021574,1,160,21072000
1726624833745000,10956,76960,0,0,172,490021574,1,160,20096000
1726624852779000,10957,77120,0,0,172,490021574,1,160,19034000
1726624874582000,10958,77280,0,0,172,490021574,1,160,21803000
1726624894419000,10959,77440,0,0,172,490021574,1,160,19837000
1726624914215000,10960,77600,0,0,172,490021574,1,160,19796000
1726624933697000,10961,77760,0,0,172,490021574,1,160,19482000
1726624952661000,10962,77920,0,0,172,490021574,1,160,18964000
1726624972586000,10963,78080,0,0,172,490021574,1,160,19925000
1726624994857000,10964,78240,0,0,172,490021574,1,160,22271000
1726625014159000,10965,78400,0,0,172,490021574,1,160,19302000
1726625034586000,10966,78560,0,0,172,490021574,1,160,20427000
1726625052587000,10967,78720,0,0,172,490021574,1,160,18001000
1726625072530000,10968,78880,0,0,172,490021574,1,160,19943000
1726625095457000,10969,79040,0,0,172,490021574,1,160,22927000
1726625114529000,10970,79200,0,0,172,490021574,1,160,19072000
1726625134706000,10971,79360,0,0,172,490021574,1,160,20177000
1726625152654000,10972,79520,0,0,172,490021574,1,160,17948000
1726625172506000,10973,79680,0,0,172,490021574,1,160,19852000
1726625194332000,10974,79840,0,0,172,490021574,1,160,21826000
1726625214549000,10975,80000,0,0,172,490021574,1,160,20217000
1726625234076000,10976,80160,0,0,172,490021574,1,160,19527000
1726625252942000,10977,80320,0,0,172,490021574,1,160,18866000
1726625272868000,10978,80480,0,0,172,490021574,1,160,19926000
1726625295127000,10979,80640,0,0,172,490021574,1,160,22259000
1726625314245000,10980,80800,0,0,172,490021574,1,160,19118000
1726625334402000,10981,80960,0,0,172,490021574,1,160,20157000
1726625353288000,10982,81120,0,0,172,490021574,1,160,18886000
1726625373476000,10983,81280,0,0,172,490021574,1,160,20188000
1726625395046000,10984,81440,0,0,172,490021574,1,160,21570000
1726625414247000,10985,81600,0,0,172,490021574,1,160,19201000
1726625434585000,10986,81760,0,0,172,490021574,1,160,20338000
1726625452351000,10987,81920,0,0,172,490021574,1,160,17766000
1726625472674000,10988,82080,0,0,172,490021574,1,160,20323000
1726625494514000,10989,82240,0,0,172,490021574,1,160,21840000
1726625514252000,10990,82400,0,0,172,490021574,1,160,19738000
1726625532298000,10991,82560,0,0,172,490021574,1,160,18046000
1726625553251000,10992,82720,0,0,172,490021574,1,160,20953000
1726625573747000,10993,82880,0,0,172,490021574,1,160,20496000
1726625594108000,10994,83040,0,0,172,490021574,1,160,20361000
1726625614154000,10995,83200,0,0,172,490021574,1,160,20046000
1726625634316000,10996,83360,0,0,172,490021574,1,160,20162000
1726625653200000,10997,83520,0,0,172,490021574,1,160,18884000
1726625673104000,10998,83680,0,0,172,490021574,1,160,19904000
1726625694009000,10999,83840,0,0,172,490021574,1,160,20905000
1726625714387000,11000,84000,0,0,172,490021574,1,160,20378000
1726625734135000,11001,84160,0,0,172,490021574,1,160,19748000
1726625753079000,11002,84320,0,0,172,490021574,1,160,18944000
1726625772665000,11003,84480,0,0,172,490021574,1,160,19586000
1726625793215000,11004,84640,0,0,172,490021574,1,160,20550000
1726625814742000,11005,84800,0,0,172,490021574,1,160,21527000
1726625834809000,11006,84960,0,0,172,490021574,1,160,20067000
1726625852906000,11007,85120,0,0,172,490021574,1,160,18097000
1726625874341000,11008,85280,0,0,172,490021574,1,160,21435000
1726625895854000,11009,85440,0,0,172,490021574,1,160,21513000
1726625915546000,11010,85600,0,0,172,490021574,1,160,19692000
1726625933955000,11011,85760,0,0,172,490021574,1,160,18409000
1726625953275000,11012,85920,0,0,172,490021574,1,160,19320000
1726625973207000,11013,86080,0,0,172,490021574,1,160,19932000
1726625993052000,11014,86240,0,0,172,490021574,1,160,19845000
1726626012864000,11015,86400,0,0,172,490021574,1,160,19812000
1726626032821000,11016,86560,0,0,172,490021574,1,160,19957000
1726626052927000,11017,86720,0,0,172,490021574,1,160,20106000
1726626072995000,11018,86880,0,0,172,490021574,1,160,20068000
1726626093259000,11019,87040,0,0,172,490021574,1,160,20264000
1726626112376000,11020,87200,0,0,172,490021574,1,160,19117000
1726626134372000,11021,87360,0,0,172,490021574,1,160,21996000
1726626154281000,11022,87520,0,0,172,490021574,1,160,19909000
1726626174743000,11023,87680,0,0,172,490021574,1,160,20462000
1726626193639000,11024,87840,0,0,172,490021574,1,160,18896000
1726626215814000,11025,88000,0,0,172,490021574,1,160,22175000
1726626233699000,11026,88160,0,0,172,490021574,1,160,17885000
1726626253621000,11027,88320,0,0,172,490021574,1,160,19922000
1726626275309000,11028,88480,0,0,172,490021574,1,160,21688000
1726626296168000,11029,88640,0,0,172,490021574,1,160,20859000
1726626314515000,11030,88800,0,0,172,490021574,1,160,18347000
1726626334933000,11031,88960,0,0,172,490021574,1,160,20418000
1726626352173000,11032,89120,0,0,172,490021574,1,160,17240000
1726626375353000,11033,89280,0,0,172,490021574,1,160,23180000
1726626394806000,11034,89440,0,0,172,490021574,1,160,19453000
1726626415218000,11035,89600,0,0,172,490021574,1,160,20412000
1726626434705000,11036,89760,0,0,172,490021574,1,160,19487000
1726626453604000,11037,89920,0,0,172,490021574,1,160,18899000
1726626474166000,11038,90080,0,0,172,490021574,1,160,20562000
1726626496146000,11039,90240,0,0,172,490021574,1,160,21980000
1726626514051000,11040,90400,0,0,172,490021574,1,160,17905000
1726626534609000,11041,90560,0,0,172,490021574,1,160,20558000
1726626553525000,11042,90720,0,0,172,490021574,1,160,18916000
1726626575746000,11043,90880,0,0,172,490021574,1,160,22221000
1726626595773000,11044,91040,0,0,172,490021574,1,160,20027000
1726626614288000,11045,91200,0,0,172,490021574,1,160,18515000
1726626634605000,11046,91360,0,0,172,490021574,1,160,20317000
1726626652021000,11047,91520,0,0,172,490021574,1,160,17416000
1726626676469000,11048,91680,0,0,172,490021574,1,160,24448000
1726626696595000,11049,91840,0,0,172,490021574,1,160,20126000
1726626715098000,11050,92000,0,0,172,490021574,1,160,18503000
1726626734579000,11051,92160,0,0,172,490021574,1,160,19481000
1726626753514000,11052,92320,0,0,172,490021574,1,160,18935000
1726626775616000,11053,92480,0,0,172,490021574,1,160,22102000
1726626794200000,11054,92640,0,0,172,490021574,1,160,18584000
1726626814297000,11055,92800,0,0,172,490021574,1,160,20097000
1726626835052000,11056,92960,0,0,172,490021574,1,160,20755000
1726626854092000,11057,93120,0,0,172,490021574,1,160,19040000
1726626873581000,11058,93280,0,0,172,490021574,1,160,19489000
1726626895996000,11059,93440,0,0,172,490021574,1,160,22415000
1726626915331000,11060,93600,0,0,172,490021574,1,160,19335000
1726626934767000,11061,93760,0,0,172,490021574,1,160,19436000
1726626953666000,11062,93920,0,0,172,490021574,1,160,18899000
1726626975617000,11063,94080,0,0,172,490021574,1,160,21951000
1726626995036000,11064,94240,0,0,172,490021574,1,160,19419000
1726627014266000,11065,94400,0,0,172,490021574,1,160,19230000
1726627034577000,11066,94560,0,0,172,490021574,1,160,20311000
1726627053528000,11067,94720,0,0,172,490021574,1,160,18951000
1726627073756000,11068,94880,0,0,172,490021574,1,160,20228000
1726627092891000,11069,95040,0,0,172,490021574,1,160,19135000
1726627114130000,11070,95200,0,0,172,490021574,1,160,21239000
1726627134581000,11071,95360,0,0,172,490021574,1,160,20451000
1726627152859000,11072,95520,0,0,172,490021574,1,160,18278000
1726627172109000,11073,95680,0,0,172,490021574,1,160,19250000
1726627196474000,11074,95840,0,0,172,490021574,1,160,24365000
1726627213849000,11075,96000,0,0,172,490021574,1,160,17375000
1726627234964000,11076,96160,0,0,172,490021574,1,160,21115000
1726627252821000,11077,96320,0,0,172,490021574,1,160,17857000
1726627272371000,11078,96480,0,0,172,490021574,1,160,19550000
1726627296488000,11079,96640,0,0,172,490021574,1,160,24117000
1726627313961000,11080,96800,0,0,172,490021574,1,160,17473000
1726627335011000,11081,96960,0,0,172,490021574,1,160,21050000
1726627356392000,11082,97120,0,0,172,490021574,1,160,21381000
1726627374459000,11083,97280,0,0,172,490021574,1,160,18067000
1726627396683000,11084,97440,0,0,172,490021574,1,160,22224000
1726627414836000,11085,97600,0,0,172,490021574,1,160,18153000
1726627434485000,11086,97760,0,0,172,490021574,1,160,19649000
1726627453388000,11087,97920,0,0,172,490021574,1,160,18903000
1726627476674000,11088,98080,0,0,172,490021574,1,160,23286000
1726627495068000,11089,98240,0,0,172,490021574,1,160,18394000
1726627514760000,11090,98400,0,0,172,490021574,1,160,19692000
1726627534308000,11091,98560,0,0,172,490021574,1,160,19548000
1726627553832000,11092,98720,0,0,172,490021574,1,160,19524000
1726627573352000,11093,98880,0,0,172,490021574,1,160,19520000
1726627596124000,11094,99040,0,0,172,490021574,1,160,22772000
1726627616549000,11095,99200,0,0,172,490021574,1,160,20425000
1726627634784000,11096,99360,0,0,172,490021574,1,160,18235000
1726627653669000,11097,99520,0,0,172,490021574,1,160,18885000
1726627675283000,11098,99680,0,0,172,490021574,1,160,21614000
1726627694706000,11099,99840,0,0,172,490021574,1,160,19423000
1726627714919000,11100,100000,0,0,172,490021574,1,160,20213000
1726627733214000,11101,100160,0,0,172,490021574,1,160,18295000
1726627754140000,11102,100320,0,0,172,490021574,1,160,20926000
1726627774664000,11103,100480,0,0,172,490021574,1,160,20524000
1726627794144000,11104,100640,0,0,172,490021574,1,160,19480000
1726627813500000,11105,100800,0,0,172,490021574,1,160,19356000
1726627834930000,11106,100960,0,0,172,490021574,1,160,21430000
1726627852775000,11107,101120,0,0,172,490021574,1,160,17845000
1726627875913000,11108,101280,0,0,172,490021574,1,160,23138000
1726627895980000,11109,101440,0,0,172,490021574,1,160,20067000
1726627914025000,11110,101600,0,0,172,490021574,1,160,18045000
1726627934536000,11111,101760,0,0,172,490021574,1,160,20511000
1726627952035000,11112,101920,0,0,172,490021574,1,160,17499000
1726627974947000,11113,102080,0,0,172,490021574,1,160,22912000
1726627994460000,11114,102240,0,0,172,490021574,1,160,19513000
1726628014319000,11115,102400,0,0,172,490021574,1,160,19859000
1726628033071000,11116,102560,0,0,172,490021574,1,160,18752000
1726628052654000,11117,102720,0,0,172,490021574,1,160,19583000
1726628073921000,11118,102880,0,0,172,490021574,1,160,21267000
1726628094367000,11119,103040,0,0,172,490021574,1,160,20446000
1726628113730000,11120,103200,0,0,172,490021574,1,160,19363000
1726628133882000,11121,103360,0,0,172,490021574,1,160,20152000
1726628153997000,11122,103520,0,0,172,490021574,1,160,20115000
1726628174030000,11123,103680,0,0,172,490021574,1,160,20033000
1726628192278000,11124,103840,0,0,172,490021574,1,160,18248000
1726628213407000,11125,104000,0,0,172,490021574,1,160,21129000
1726628234407000,11126,104160,0,0,172,490021574,1,160,21000000
1726628251573000,11127,104320,0,0,172,490021574,1,160,17166000
1726628273558000,11128,104480,0,0,172,490021574,1,160,21985000
1726628292839000,11129,104640,0,0,172,490021574,1,160,19281000
1726628312301000,11130,104800,0,0,172,490021574,1,160,19462000
1726628334381000,11131,104960,0,0,172,490021574,1,160,22080000
1726628353903000,11132,105120,0,0,172,490021574,1,160,19522000
1726628374217000,11133,105280,0,0,172,490021574,1,160,20314000
1726628393702000,11134,105440,0,0,172,490021574,1,160,19485000
1726628412150000,11135,105600,0,0,172,490021574,1,160,18448000
1726628432904000,11136,105760,0,0,172,490021574,1,160,20754000
1726628453908000,11137,105920,0,0,172,490021574,1,160,21004000
1726628472712000,11138,106080,0,0,172,490021574,1,160,18804000
1726628493444000,11139,106240,0,0,172,490021574,1,160,20732000
1726628513266000,11140,106400,0,0,172,490021574,1,160,19822000
1726628534344000,11141,106560,0,0,172,490021574,1,160,21078000
1726628553581000,11142,106720,0,0,172,490021574,1,160,19237000
1726628573602000,11143,106880,0,0,172,490021574,1,160,20021000
1726628592935000,11144,107040,0,0,172,490021574,1,160,19333000
1726628612757000,11145,107200,0,0,172,490021574,1,160,19822000
1726628633782000,11146,107360,0,0,172,490021574,1,160,21025000
1726628653747000,11147,107520,0,0,172,490021574,1,160,19965000
1726628673306000,11148,107680,0,0,172,490021574,1,160,19559000
1726628694240000,11149,107840,0,0,172,490021574,1,160,20934000
1726628712700000,11150,108000,0,0,172,490021574,1,160,18460000
1726628733051000,11151,108160,0,0,172,490021574,1,160,20351000
1726628753989000,11152,108320,0,0,172,490021574,1,160,20938000
1726628773941000,11153,108480,0,0,172,490021574,1,160,19952000
1726628792979000,11154,108640,0,0,172,490021574,1,160,19038000
1726628813874000,11155,108800,0,0,172,490021574,1,160,20895000
1726628834565000,11156,108960,0,0,172,490021574,1,160,20691000
1726628853502000,11157,109120,0,0,172,490021574,1,160,18937000
1726628873435000,11158,109280,0,0,172,490021574,1,160,19933000
1726628895968000,11159,109440,0,0,172,490021574,1,160,22533000
1726628914570000,11160,109600,0,0,172,490021574,1,160,18602000
1726628934816000,11161,109760,0,0,172,490021574,1,160,20246000
1726628952996000,11162,109920,0,0,172,490021574,1,160,18180000
1726628972267000,11163,110080,0,0,172,490021574,1,160,19271000
1726628994473000,11164,110240,0,0,172,490021574,1,160,22206000
1726629013527000,11165,110400,0,0,172,490021574,1,160,19054000
1726629032425000,11166,110560,0,0,172,490021574,1,160,18898000
1726629053537000,11167,110720,0,0,172,490021574,1,160,21112000
1726629071542000,11168,110880,0,0,172,490021574,1,160,18005000
1726629093584000,11169,111040,0,0,172,490021574,1,160,22042000
1726629113716000,11170,111200,0,0,172,490021574,1,160,20132000
1726629133677000,11171,111360,0,0,172,490021574,1,160,19961000
1726629153344000,11172,111520,0,0,172,490021574,1,160,19667000
1726629173417000,11173,111680,0,0,172,490021574,1,160,20073000
1726629193464000,11174,111840,0,0,172,490021574,1,160,20047000
1726629213162000,11175,112000,0,0,172,490021574,1,160,19698000
1726629234149000,11176,112160,0,0,172,490021574,1,160,20987000
1726629253700000,11177,112320,0,0,172,490021574,1,160,19551000
1726629273473000,11178,112480,0,0,172,490021574,1,160,19773000
1726629293445000,11179,112640,0,0,172,490021574,1,160,19972000
1726629313588000,11180,112800,0,0,172,490021574,1,160,20143000
1726629333537000,11181,112960,0,0,172,490021574,1,160,19949000
1726629351684000,11182,113120,0,0,172,490021574,1,160,18147000
1726629373671000,11183,113280,0,0,172,490021574,1,160,21987000
1726629393718000,11184,113440,0,0,172,490021574,1,160,20047000
1726629413855000,11185,113600,0,0,172,490021574,1,160,20137000
1726629434947000,11186,113760,0,0,172,490021574,1,160,21092000
1726629453919000,11187,113920,0,0,172,490021574,1,160,18972000
1726629475671000,11188,114080,0,0,172,490021574,1,160,21752000
1726629496225000,11189,114240,0,0,172,490021574,1,160,20554000
1726629524435000,11190,114400,0,0,172,490021574,1,160,28210000
1726629532664000,11191,114560,0,0,172,490021574,1,160,8229000
1726629553700000,11192,114720,0,0,172,490021574,1,160,21036000
1726629573972000,11193,114880,0,0,172,490021574,1,160,20272000
1726629595739000,11194,115040,0,0,172,490021574,1,160,21767000
1726629613517000,11195,115200,0,0,172,490021574,1,160,17778000
1726629633124000,11196,115360,0,0,172,490021574,1,160,19607000
1726629652753000,11197,115520,0,0,172,490021574,1,160,19629000
1726629674296000,11198,115680,0,0,172,490021574,1,160,21543000
1726629693444000,11199,115840,0,0,172,490021574,1,160,19148000
1726629714368000,11200,116000,0,0,172,490021574,1,160,20924000
1726629734202000,11201,116160,0,0,172,490021574,1,160,19834000
1726629754295000,11202,116320,0,0,172,490021574,1,160,20093000
1726629776714000,11203,116480,0,0,172,490021574,1,160,22419000
1726629794201000,11204,116640,0,0,172,490021574,1,160,17487000
1726629815217000,11205,116800,0,0,172,490021574,1,160,21016000
1726629835269000,11206,116960,0,0,172,490021574,1,160,20052000
1726629854188000,11207,117120,0,0,172,490021574,1,160,18919000
1726629876541000,11208,117280,0,0,172,490021574,1,160,22353000
1726629894884000,11209,117440,0,0,172,490021574,1,160,18343000
1726629912044000,11210,117600,0,0,172,490021574,1,160,17160000
1726629933568000,11211,117760,0,0,172,490021574,1,160,21524000
1726629953410000,11212,117920,0,0,172,490021574,1,160,19842000
1726629973386000,11213,118080,0,0,172,490021574,1,160,19976000
1726629993606000,11214,118240,0,0,172,490021574,1,160,20220000
1726630014109000,11215,118400,0,0,172,490021574,1,160,20503000
1726630034532000,11216,118560,0,0,172,490021574,1,160,20423000
1726630052311000,11217,118720,0,0,172,490021574,1,160,17779000
1726630074846000,11218,118880,0,0,172,490021574,1,160,22535000
1726630094412000,11219,119040,0,0,172,490021574,1,160,19566000
1726630114504000,11220,119200,0,0,172,490021574,1,160,20092000
1726630134746000,11221,119360,0,0,172,490021574,1,160,20242000
1726630154850000,11222,119520,0,0,172,490021574,1,160,20104000
1726630174983000,11223,119680,0,0,172,490021574,1,160,20133000
1726630196033000,11224,119840,0,0,172,490021574,1,160,21050000
1726630214501000,11225,120000,0,0,172,490021574,1,160,18468000
1726630233592000,11226,120160,0,0,172,490021574,1,160,19091000
1726630253513000,11227,120320,0,0,172,490021574,1,160,19921000
1726630273442000,11228,120480,0,0,172,490021574,1,160,19929000
1726630294283000,11229,120640,0,0,172,490021574,1,160,20841000
1726630316149000,11230,120800,0,0,172,490021574,1,160,21866000
1726630334825000,11231,120960,0,0,172,490021574,1,160,18676000
1726630352789000,11232,121120,0,0,172,490021574,1,160,17964000
1726630375267000,11233,121280,0,0,172,490021574,1,160,22478000
1726630394727000,11234,121440,0,0,172,490021574,1,160,19460000
1726630411452000,11235,121600,0,0,172,490021574,1,160,16725000
1726630432478000,11236,121760,0,0,172,490021574,1,160,21026000
1726630451892000,11237,121920,0,0,172,490021574,1,160,19414000
1726630472947000,11238,122080,0,0,172,490021574,1,160,21055000
1726630492460000,11239,122240,0,0,172,490021574,1,160,19513000
1726630512021000,11240,122400,0,0,172,490021574,1,160,19561000
1726630533427000,11241,122560,0,0,172,490021574,1,160,21406000
1726630553085000,11242,122720,0,0,172,490021574,1,160,19658000
1726630574009000,11243,122880,0,0,172,490021574,1,160,20924000
1726630593752000,11244,123040,0,0,172,490021574,1,160,19743000
1726630614162000,11245,123200,0,0,172,490021574,1,160,20410000
1726630633735000,11246,123360,0,0,172,490021574,1,160,19573000
1726630653702000,11247,123520,0,0,172,490021574,1,160,19967000
1726630673634000,11248,123680,0,0,172,490021574,1,160,19932000
1726630695429000,11249,123840,0,0,172,490021574,1,160,21795000
1726630716336000,11250,124000,0,0,172,490021574,1,160,20907000
1726630733698000,11251,124160,0,0,172,490021574,1,160,17362000
1726630753248000,11252,124320,0,0,172,490021574,1,160,19550000
1726630776442000,11253,124480,0,0,172,490021574,1,160,23194000
1726630794447000,11254,124640,0,0,172,490021574,1,160,18005000
1726630813319000,11255,124800,0,0,172,490021574,1,160,18872000
1726630834772000,11256,124960,0,0,172,490021574,1,160,21453000
1726630852753000,11257,125120,0,0,172,490021574,1,160,17981000
1726630873832000,11258,125280,0,0,172,490021574,1,160,21079000
1726630893091000,11259,125440,0,0,172,490021574,1,160,19259000
1726630915303000,11260,125600,0,0,172,490021574,1,160,22212000
1726630935926000,11261,125760,0,0,172,490021574,1,160,20623000
1726630954056000,11262,125920,0,0,172,490021574,1,160,18130000
1726630974272000,11263,126080,0,0,172,490021574,1,160,20216000
1726630995863000,11264,126240,0,0,172,490021574,1,160,21591000
1726631015773000,11265,126400,0,0,172,490021574,1,160,19910000
1726631033938000,11266,126560,0,0,172,490021574,1,160,18165000
1726631053683000,11267,126720,0,0,172,490021574,1,160,19745000
1726631073341000,11268,126880,0,0,172,490021574,1,160,19658000
1726631094320000,11269,127040,0,0,172,490021574,1,160,20979000
1726631114461000,11270,127200,0,0,172,490021574,1,160,20141000
1726631133672000,11271,127360,0,0,172,490021574,1,160,19211000
1726631152093000,11272,127520,0,0,172,490021574,1,160,18421000
1726631174562000,11273,127680,0,0,172,490021574,1,160,22469000
1726631195402000,11274,127840,0,0,172,490021574,1,160,20840000
1726631216155000,11275,128000,0,0,172,490021574,1,160,20753000
1726631233041000,11276,128160,0,0,172,490021574,1,160,16886000
1726631254029000,11277,128320,0,0,172,490021574,1,160,20988000
1726631274553000,11278,128480,0,0,172,490021574,1,160,20524000
1726631293521000,11279,128640,0,0,172,490021574,1,160,18968000
1726631314347000,11280,128800,0,0,172,490021574,1,160,20826000
1726631334369000,11281,128960,0,0,172,490021574,1,160,20022000
1726631353289000,11282,129120,0,0,172,490021574,1,160,18920000
1726631374185000,11283,129280,0,0,172,490021574,1,160,20896000
1726631395864000,11284,129440,0,0,172,490021574,1,160,21679000
1726631416598000,11285,129600,0,0,172,490021574,1,160,20734000
1726631433655000,11286,129760,0,0,172,490021574,1,160,17057000
1726631453540000,11287,129920,0,0,172,490021574,1,160,19885000
1726631473444000,11288,130080,0,0,172,490021574,1,160,19904000
1726631493883000,11289,130240,0,0,172,490021574,1,160,20439000
1726631513230000,11290,130400,0,0,172,490021574,1,160,19347000
1726631534826000,11291,130560,0,0,172,490021574,1,160,21596000
1726631553843000,11292,130720,0,0,172,490021574,1,160,19017000
1726631574547000,11293,130880,0,0,172,490021574,1,160,20704000
1726631595420000,11294,131040,0,0,172,490021574,1,160,20873000
1726631615151000,11295,131200,0,0,172,490021574,1,160,19731000
1726631635006000,11296,131360,0,0,172,490021574,1,160,19855000
1726631653963000,11297,131520,0,0,172,490021574,1,160,18957000
1726631673052000,11298,131680,0,0,172,490021574,1,160,19089000
1726631696490000,11299,131840,0,0,172,490021574,1,160,23438000
1726631714995000,11300,132000,0,0,172,490021574,1,160,18505000
1726631735400000,11301,132160,0,0,172,490021574,1,160,20405000
1726631752440000,11302,132320,0,0,172,490021574,1,160,17040000
1726631775494000,11303,132480,0,0,172,490021574,1,160,23054000
1726631794744000,11304,132640,0,0,172,490021574,1,160,19250000
1726631814531000,11305,132800,0,0,172,490021574,1,160,19787000
1726631834464000,11306,132960,0,0,172,490021574,1,160,19933000
1726631853401000,11307,133120,0,0,172,490021574,1,160,18937000
1726631875206000,11308,133280,0,0,172,490021574,1,160,21805000
1726631896400000,11309,133440,0,0,172,490021574,1,160,21194000
1726631915110000,11310,133600,0,0,172,490021574,1,160,18710000
1726631934202000,11311,133760,0,0,172,490021574,1,160,19092000
1726631954089000,11312,133920,0,0,172,490021574,1,160,19887000
1726631974801000,11313,134080,0,0,172,490021574,1,160,20712000
1726631996425000,11314,134240,0,0,172,490021574,1,160,21624000
1726632014190000,11315,134400,0,0,172,490021574,1,160,17765000
1726632034521000,11316,134560,0,0,172,490021574,1,160,20331000
1726632053451000,11317,134720,0,0,172,490021574,1,160,18930000
1726632073238000,11318,134880,0,0,172,490021574,1,160,19787000
1726632095041000,11319,135040,0,0,172,490021574,1,160,21803000
1726632114125000,11320,135200,0,0,172,490021574,1,160,19084000
1726632133632000,11321,135360,0,0,172,490021574,1,160,19507000
1726632153557000,11322,135520,0,0,172,490021574,1,160,19925000
1726632175963000,11323,135680,0,0,172,490021574,1,160,22406000
1726632196237000,11324,135840,0,0,172,490021574,1,160,20274000
1726632214146000,11325,136000,0,0,172,490021574,1,160,17909000
1726632234992000,11326,136160,0,0,172,490021574,1,160,20846000
1726632253763000,11327,136320,0,0,172,490021574,1,160,18771000
1726632276222000,11328,136480,0,0,172,490021574,1,160,22459000
1726632296288000,11329,136640,0,0,172,490021574,1,160,20066000
1726632314099000,11330,136800,0,0,172,490021574,1,160,17811000
1726632334259000,11331,136960,0,0,172,490021574,1,160,20160000
1726632352682000,11332,137120,0,0,172,490021574,1,160,18423000
1726632376063000,11333,137280,0,0,172,490021574,1,160,23381000
1726632396060000,11334,137440,0,0,172,490021574,1,160,19997000
1726632415530000,11335,137600,0,0,172,490021574,1,160,19470000
1726632434782000,11336,137760,0,0,172,490021574,1,160,19252000
1726632452666000,11337,137920,0,0,172,490021574,1,160,17884000
1726632474720000,11338,138080,0,0,172,490021574,1,160,22054000
1726632496085000,11339,138240,0,0,172,490021574,1,160,21365000
1726632516093000,11340,138400,0,0,172,490021574,1,160,20008000
1726632534411000,11341,138560,0,0,172,490021574,1,160,18318000
1726632552699000,11342,138720,0,0,172,490021574,1,160,18288000
1726632575371000,11343,138880,0,0,172,490021574,1,160,22672000
1726632595009000,11344,139040,0,0,172,490021574,1,160,19638000
1726632614174000,11345,139200,0,0,172,490021574,1,160,19165000
1726632633972000,11346,139360,0,0,172,490021574,1,160,19798000
1726632652620000,11347,139520,0,0,172,490021574,1,160,18648000
1726632673268000,11348,139680,0,0,172,490021574,1,160,20648000
1726632695381000,11349,139840,0,0,172,490021574,1,160,22113000
1726632715323000,11350,140000,0,0,172,490021574,1,160,19942000
1726632733801000,11351,140160,0,0,172,490021574,1,160,18478000
1726632753711000,11352,140320,0,0,172,490021574,1,160,19910000
1726632773773000,11353,140480,0,0,172,490021574,1,160,20062000
1726632793136000,11354,140640,0,0,172,490021574,1,160,19363000
1726632813101000,11355,140800,0,0,172,490021574,1,160,19965000
1726632832819000,11356,140960,0,0,172,490021574,1,160,19718000
1726632852537000,11357,141120,0,0,172,490021574,1,160,19718000
1726632872283000,11358,141280,0,0,172,490021574,1,160,19746000
1726632893117000,11359,141440,0,0,172,490021574,1,160,20834000
1726632913059000,11360,141600,0,0,172,490021574,1,160,19942000
1726632933052000,11361,141760,0,0,172,490021574,1,160,19993000
1726632953130000,11362,141920,0,0,172,490021574,1,160,20078000
1726632973354000,11363,142080,0,0,172,490021574,1,160,20224000
1726632991031000,11364,142240,0,0,172,490021574,1,160,17677000
1726633012072000,11365,142400,0,0,172,490021574,1,160,21041000
1726633033526000,11366,142560,0,0,172,490021574,1,160,21454000
1726633053239000,11367,142720,0,0,172,490021574,1,160,19713000
1726633073966000,11368,142880,0,0,172,490021574,1,160,20727000
1726633092698000,11369,143040,0,0,172,490021574,1,160,18732000
1726633113081000,11370,143200,0,0,172,490021574,1,160,20383000
1726633133827000,11371,143360,0,0,172,490021574,1,160,20746000
1726633153802000,11372,143520,0,0,172,490021574,1,160,19975000
1726633174997000,11373,143680,0,0,172,490021574,1,160,21195000
1726633194126000,11374,143840,0,0,172,490021574,1,160,19129000
1726633216881000,11375,144000,0,0,172,490021574,1,160,22755000
1726633231573000,11376,144160,0,0,172,490021574,1,160,14692000
1726633253410000,11377,144320,0,0,172,490021574,1,160,21837000
1726633273479000,11378,144480,0,0,172,490021574,1,160,20069000
1726633294663000,11379,144640,0,0,172,490021574,1,160,21184000
1726633316596000,11380,144800,0,0,172,490021574,1,160,21933000
1726633331725000,11381,144960,0,0,172,490021574,1,160,15129000
1726633353645000,11382,145120,0,0,172,490021574,1,160,21920000
1726633373671000,11383,145280,0,0,172,490021574,1,160,20026000
1726633393515000,11384,145440,0,0,172,490021574,1,160,19844000
1726633414202000,11385,145600,0,0,172,490021574,1,160,20687000
1726633433925000,11386,145760,0,0,172,490021574,1,160,19723000
1726633452454000,11387,145920,0,0,172,490021574,1,160,18529000
1726633474598000,11388,146080,0,0,172,490021574,1,160,22144000
1726633493382000,11389,146240,0,0,172,490021574,1,160,18784000
1726633512982000,11390,146400,0,0,172,490021574,1,160,19600000
1726633534715000,11391,146560,0,0,172,490021574,1,160,21733000
1726633553687000,11392,146720,0,0,172,490021574,1,160,18972000
1726633575567000,11393,146880,0,0,172,490021574,1,160,21880000
1726633595183000,11394,147040,0,0,172,490021574,1,160,19616000
1726633614091000,11395,147200,0,0,172,490021574,1,160,18908000
1726633632384000,11396,147360,0,0,172,490021574,1,160,18293000
1726633652857000,11397,147520,0,0,172,490021574,1,160,20473000
1726633675801000,11398,147680,0,0,172,490021574,1,160,22944000
1726633694683000,11399,147840,0,0,172,490021574,1,160,18882000
1726633713788000,11400,148000,0,0,172,490021574,1,160,19105000
1726633735283000,11401,148160,0,0,172,490021574,1,160,21495000
1726633755628000,11402,148320,0,0,172,490021574,1,160,20345000
1726633774457000,11403,148480,0,0,172,490021574,1,160,18829000
1726633795678000,11404,148640,0,0,172,490021574,1,160,21221000
1726633812679000,11405,148800,0,0,172,490021574,1,160,17001000
1726633834720000,11406,148960,0,0,172,490021574,1,160,22041000
1726633853663000,11407,149120,0,0,172,490021574,1,160,18943000
1726633875388000,11408,149280,0,0,172,490021574,1,160,21725000
1726633895186000,11409,149440,0,0,172,490021574,1,160,19798000
1726633913583000,11410,149600,0,0,172,490021574,1,160,18397000
1726633933219000,11411,149760,0,0,172,490021574,1,160,19636000
1726633954129000,11412,149920,0,0,172,490021574,1,160,20910000
1726633975745000,11413,150080,0,0,172,490021574,1,160,21616000
1726633995236000,11414,150240,0,0,172,490021574,1,160,19491000
1726634014725000,11415,150400,0,0,172,490021574,1,160,19489000
1726634034172000,11416,150560,0,0,172,490021574,1,160,19447000
1726634054087000,11417,150720,0,0,172,490021574,1,160,19915000
1726634073870000,11418,150880,0,0,172,490021574,1,160,19783000
1726634094718000,11419,151040,0,0,172,490021574,1,160,20848000
1726634114216000,11420,151200,0,0,172,490021574,1,160,19498000
1726634133061000,11421,151360,0,0,172,490021574,1,160,18845000
1726634153946000,11422,151520,0,0,172,490021574,1,160,20885000
1726634174153000,11423,151680,0,0,172,490021574,1,160,20207000
1726634192928000,11424,151840,0,0,172,490021574,1,160,18775000
1726634215929000,11425,152000,0,0,172,490021574,1,160,23001000
1726634233014000,11426,152160,0,0,172,490021574,1,160,17085000
1726634252801000,11427,152320,0,0,172,490021574,1,160,19787000
1726634273286000,11428,152480,0,0,172,490021574,1,160,20485000
1726634295047000,11429,152640,0,0,172,490021574,1,160,21761000
1726634315342000,11430,152800,0,0,172,490021574,1,160,20295000
1726634333797000,11431,152960,0,0,172,490021574,1,160,18455000
1726634353119000,11432,153120,0,0,172,490021574,1,160,19322000
1726634376449000,11433,153280,0,0,172,490021574,1,160,23330000
1726634395109000,11434,153440,0,0,172,490021574,1,160,18660000
1726634415220000,11435,153600,0,0,172,490021574,1,160,20111000
1726634434592000,11436,153760,0,0,172,490021574,1,160,19372000
1726634453505000,11437,153920,0,0,172,490021574,1,160,18913000
1726634473330000,11438,154080,0,0,172,490021574,1,160,19825000
1726634494076000,11439,154240,0,0,172,490021574,1,160,20746000
1726634515299000,11440,154400,0,0,172,490021574,1,160,21223000
1726634535445000,11441,154560,0,0,172,490021574,1,160,20146000
1726634552932000,11442,154720,0,0,172,490021574,1,160,17487000
1726634575897000,11443,154880,0,0,172,490021574,1,160,22965000
1726634594395000,11444,155040,0,0,172,490021574,1,160,18498000
1726634612830000,11445,155200,0,0,172,490021574,1,160,18435000
1726634632795000,11446,155360,0,0,172,490021574,1,160,19965000
1726634652756000,11447,155520,0,0,172,490021574,1,160,19961000
1726634672833000,11448,155680,0,0,172,490021574,1,160,20077000
1726634693067000,11449,155840,0,0,172,490021574,1,160,20234000
1726634712029000,11450,156000,0,0,172,490021574,1,160,18962000
1726634733682000,11451,156160,0,0,172,490021574,1,160,21653000
1726634753605000,11452,156320,0,0,172,490021574,1,160,19923000
1726634771592000,11453,156480,0,0,172,490021574,1,160,17987000
1726634795998000,11454,156640,0,0,172,490021574,1,160,24406000
1726634813752000,11455,156800,0,0,172,490021574,1,160,17754000
1726634834816000,11456,156960,0,0,172,490021574,1,160,21064000
1726634853771000,11457,157120,0,0,172,490021574,1,160,18955000
1726634875613000,11458,157280,0,0,172,490021574,1,160,21842000
1726634895310000,11459,157440,0,0,172,490021574,1,160,19697000
1726634915282000,11460,157600,0,0,172,490021574,1,160,19972000
1726634933793000,11461,157760,0,0,172,490021574,1,160,18511000
1726634952995000,11462,157920,0,0,172,490021574,1,160,19202000
1726634974880000,11463,158080,0,0,172,490021574,1,160,21885000
1726634995314000,11464,158240,0,0,172,490021574,1,160,20434000
1726635014735000,11465,158400,0,0,172,490021574,1,160,19421000
1726635034179000,11466,158560,0,0,172,490021574,1,160,19444000
1726635054117000,11467,158720,0,0,172,490021574,1,160,19938000
1726635073833000,11468,158880,0,0,172,490021574,1,160,19716000
1726635094331000,11469,159040,0,0,172,490021574,1,160,20498000
1726635114617000,11470,159200,0,0,172,490021574,1,160,20286000
1726635135108000,11471,159360,0,0,172,490021574,1,160,20491000
1726635153873000,11472,159520,0,0,172,490021574,1,160,18765000
1726635173848000,11473,159680,0,0,172,490021574,1,160,19975000
1726635194753000,11474,159840,0,0,172,490021574,1,160,20905000
1726635216383000,11475,160000,0,0,172,490021574,1,160,21630000
1726635233444000,11476,160160,0,0,172,490021574,1,160,17061000
1726635252597000,11477,160320,0,0,172,490021574,1,160,19153000
1726635273543000,11478,160480,0,0,172,490021574,1,160,20946000
1726635295699000,11479,160640,0,0,172,490021574,1,160,22156000
1726635313421000,11480,160800,0,0,172,490021574,1,160,17722000
1726635334275000,11481,160960,0,0,172,490021574,1,160,20854000
1726635353188000,11482,161120,0,0,172,490021574,1,160,18913000
1726635376266000,11483,161280,0,0,172,490021574,1,160,23078000
1726635395730000,11484,161440,0,0,172,490021574,1,160,19464000
1726635414192000,11485,161600,0,0,172,490021574,1,160,18462000
1726635434475000,11486,161760,0,0,172,490021574,1,160,20283000
1726635453388000,11487,161920,0,0,172,490021574,1,160,18913000
1726635473392000,11488,162080,0,0,172,490021574,1,160,20004000
1726635494270000,11489,162240,0,0,172,490021574,1,160,20878000
1726635514149000,11490,162400,0,0,172,490021574,1,160,19879000
1726635535653000,11491,162560,0,0,172,490021574,1,160,21504000
1726635553615000,11492,162720,0,0,172,490021574,1,160,17962000
1726635574133000,11493,162880,0,0,172,490021574,1,160,20518000
1726635596081000,11494,163040,0,0,172,490021574,1,160,21948000
1726635616119000,11495,163200,0,0,172,490021574,1,160,20038000
1726635634896000,11496,163360,0,0,172,490021574,1,160,18777000
1726635653807000,11497,163520,0,0,172,490021574,1,160,18911000
1726635676242000,11498,163680,0,0,172,490021574,1,160,22435000
1726635694908000,11499,163840,0,0,172,490021574,1,160,18666000
1726635715141000,11500,164000,0,0,172,490021574,1,160,20233000
1726635733380000,11501,164160,0,0,172,490021574,1,160,18239000
1726635753328000,11502,164320,0,0,172,490021574,1,160,19948000
1726635771521000,11503,164480,0,0,172,490021574,1,160,18193000
1726635795849000,11504,164640,0,0,172,490021574,1,160,24328000
1726635813031000,11505,164800,0,0,172,490021574,1,160,17182000
1726635834862000,11506,164960,0,0,172,490021574,1,160,21831000
1726635852009000,11507,165120,0,0,172,490021574,1,160,17147000
1726635873666000,11508,165280,0,0,172,490021574,1,160,21657000
1726635895719000,11509,165440,0,0,172,490021574,1,160,22053000
1726635913970000,11510,165600,0,0,172,490021574,1,160,18251000
1726635934443000,11511,165760,0,0,172,490021574,1,160,20473000
1726635953316000,11512,165920,0,0,172,490021574,1,160,18873000
1726635974165000,11513,166080,0,0,172,490021574,1,160,20849000
1726635995606000,11514,166240,0,0,172,490021574,1,160,21441000
1726636013487000,11515,166400,0,0,172,490021574,1,160,17881000
1726636032565000,11516,166560,0,0,172,490021574,1,160,19078000
1726636052372000,11517,166720,0,0,172,490021574,1,160,19807000
1726636072241000,11518,166880,0,0,172,490021574,1,160,19869000
1726636092257000,11519,167040,0,0,172,490021574,1,160,20016000
1726636111668000,11520,167200,0,0,172,490021574,1,160,19411000
1726636131074000,11521,167360,0,0,172,490021574,1,160,19406000
1726636153443000,11522,167520,0,0,172,490021574,1,160,22369000
1726636173013000,11523,167680,0,0,172,490021574,1,160,19570000
1726636192109000,11524,167840,0,0,172,490021574,1,160,19096000
1726636212855000,11525,168000,0,0,172,490021574,1,160,20746000
1726636235775000,11526,168160,0,0,172,490021574,1,160,22920000
1726636251956000,11527,168320,0,0,172,490021574,1,160,16181000
1726636273628000,11528,168480,0,0,172,490021574,1,160,21672000
1726636296259000,11529,168640,0,0,172,490021574,1,160,22631000
1726636315039000,11530,168800,0,0,172,490021574,1,160,18780000
1726636334637000,11531,168960,0,0,172,490021574,1,160,19598000
1726636353532000,11532,169120,0,0,172,490021574,1,160,18895000
1726636374337000,11533,169280,0,0,172,490021574,1,160,20805000
1726636393368000,11534,169440,0,0,172,490021574,1,160,19031000
1726636414092000,11535,169600,0,0,172,490021574,1,160,20724000
1726636434667000,11536,169760,0,0,172,490021574,1,160,20575000
1726636453556000,11537,169920,0,0,172,490021574,1,160,18889000
1726636475617000,11538,170080,0,0,172,490021574,1,160,22061000
1726636495387000,11539,170240,0,0,172,490021574,1,160,19770000
1726636514213000,11540,170400,0,0,172,490021574,1,160,18826000
1726636533667000,11541,170560,0,0,172,490021574,1,160,19454000
1726636553618000,11542,170720,0,0,172,490021574,1,160,19951000
1726636574884000,11543,170880,0,0,172,490021574,1,160,21266000
1726636596181000,11544,171040,0,0,172,490021574,1,160,21297000
1726636613709000,11545,171200,0,0,172,490021574,1,160,17528000
1726636634723000,11546,171360,0,0,172,490021574,1,160,21014000
1726636653623000,11547,171520,0,0,172,490021574,1,160,18900000
1726636675358000,11548,171680,0,0,172,490021574,1,160,21735000
1726636693085000,11549,171840,0,0,172,490021574,1,160,17727000
1726636714424000,11550,172000,0,0,172,490021574,1,160,21339000
1726636734596000,11551,172160,0,0,172,490021574,1,160,20172000
1726636753532000,11552,172320,0,0,172,490021574,1,160,18936000
1726636775019000,11553,172480,0,0,172,490021574,1,160,21487000
1726636796364000,11554,172640,0,0,172,490021574,1,160,21345000
1726636814473000,11555,172800,0,0,172,490021574,1,160,18109000
1726636834352000,11556,172960,0,0,172,490021574,1,160,19879000
1726636853206000,11557,173120,0,0,172,490021574,1,160,18854000
1726636874839000,11558,173280,0,0,172,490021574,1,160,21633000
1726636895850000,11559,173440,0,0,172,490021574,1,160,21011000
1726636913639000,11560,173600,0,0,172,490021574,1,160,17789000
1726636934636000,11561,173760,0,0,172,490021574,1,160,20997000
1726636953522000,11562,173920,0,0,172,490021574,1,160,18886000
1726636975190000,11563,174080,0,0,172,490021574,1,160,21668000
1726636994534000,11564,174240,0,0,172,490021574,1,160,19344000
1726637014062000,11565,174400,0,0,172,490021574,1,160,19528000
1726637034456000,11566,174560,0,0,172,490021574,1,160,20394000
1726637052972000,11567,174720,0,0,172,490021574,1,160,18516000
1726637073940000,11568,174880,0,0,172,490021574,1,160,20968000
1726637094522000,11569,175040,0,0,172,490021574,1,160,20582000
1726637114721000,11570,175200,0,0,172,490021574,1,160,20199000
1726637134694000,11571,175360,0,0,172,490021574,1,160,19973000
1726637153032000,11572,175520,0,0,172,490021574,1,160,18338000
1726637175682000,11573,175680,0,0,172,490021574,1,160,22650000
1726637196156000,11574,175840,0,0,172,490021574,1,160,20474000
1726637212907000,11575,176000,0,0,172,490021574,1,160,16751000
1726637234802000,11576,176160,0,0,172,490021574,1,160,21895000
1726637253671000,11577,176320,0,0,172,490021574,1,160,18869000
1726637275066000,11578,176480,0,0,172,490021574,1,160,21395000
1726637296198000,11579,176640,0,0,172,490021574,1,160,21132000
1726637315225000,11580,176800,0,0,172,490021574,1,160,19027000
1726637333126000,11581,176960,0,0,172,490021574,1,160,17901000
1726637352514000,11582,177120,0,0,172,490021574,1,160,19388000
1726637375554000,11583,177280,0,0,172,490021574,1,160,23040000
1726637394464000,11584,177440,0,0,172,490021574,1,160,18910000
1726637414053000,11585,177600,0,0,172,490021574,1,160,19589000
1726637434847000,11586,177760,0,0,172,490021574,1,160,20794000
1726637452468000,11587,177920,0,0,172,490021574,1,160,17621000
1726637474109000,11588,178080,0,0,172,490021574,1,160,21641000
1726637495061000,11589,178240,0,0,172,490021574,1,160,20952000
1726637515468000,11590,178400,0,0,172,490021574,1,160,20407000
1726637532965000,11591,178560,0,0,172,490021574,1,160,17497000
1726637553343000,11592,178720,0,0,172,490021574,1,160,20378000
1726637574220000,11593,178880,0,0,172,490021574,1,160,20877000
1726637592235000,11594,179040,0,0,172,490021574,1,160,18015000
1726637612150000,11595,179200,0,0,172,490021574,1,160,19915000
1726637633369000,11596,179360,0,0,172,490021574,1,160,21219000
1726637653244000,11597,179520,0,0,172,490021574,1,160,19875000
1726637672132000,11598,179680,0,0,172,490021574,1,160,18888000
1726637694679000,11599,179840,0,0,172,490021574,1,160,22547000
1726637714136000,11600,180000,0,0,172,490021574,1,160,19457000
1726637735788000,11601,180160,0,0,172,490021574,1,160,21652000
1726637753816000,11602,180320,0,0,172,490021574,1,160,18028000
1726637774420000,11603,180480,0,0,172,490021574,1,160,20604000
1726637795660000,11604,180640,0,0,172,490021574,1,160,21240000
1726637812131000,11605,180800,0,0,172,490021574,1,160,16471000
1726637833709000,11606,180960,0,0,172,490021574,1,160,21578000
1726637855291000,11607,181120,0,0,172,490021574,1,160,21582000
1726637873343000,11608,181280,0,0,172,490021574,1,160,18052000
1726637895379000,11609,181440,0,0,172,490021574,1,160,22036000
1726637914899000,11610,181600,0,0,172,490021574,1,160,19520000
1726637932763000,11611,181760,0,0,172,490021574,1,160,17864000
1726637953541000,11612,181920,0,0,172,490021574,1,160,20778000
1726637975271000,11613,182080,0,0,172,490021574,1,160,21730000
1726637995629000,11614,182240,0,0,172,490021574,1,160,20358000
1726638014090000,11615,182400,0,0,172,490021574,1,160,18461000
1726638032076000,11616,182560,0,0,172,490021574,1,160,17986000
1726638053020000,11617,182720,0,0,172,490021574,1,160,20944000
1726638073815000,11618,182880,0,0,172,490021574,1,160,20795000
1726638094334000,11619,183040,0,0,172,490021574,1,160,20519000
1726638114615000,11620,183200,0,0,172,490021574,1,160,20281000
1726638134635000,11621,183360,0,0,172,490021574,1,160,20020000
1726638153524000,11622,183520,0,0,172,490021574,1,160,18889000
1726638175970000,11623,183680,0,0,172,490021574,1,160,22446000
1726638194017000,11624,183840,0,0,172,490021574,1,160,18047000
1726638213693000,11625,184000,0,0,172,490021574,1,160,19676000
1726638235325000,11626,184160,0,0,172,490021574,1,160,21632000
1726638253309000,11627,184320,0,0,172,490021574,1,160,17984000
1726638274756000,11628,184480,0,0,172,490021574,1,160,21447000
1726638296031000,11629,184640,0,0,172,490021574,1,160,21275000
1726638314262000,11630,184800,0,0,172,490021574,1,160,18231000
1726638332270000,11631,184960,0,0,172,490021574,1,160,18008000
1726638353170000,11632,185120,0,0,172,490021574,1,160,20900000
1726638373096000,11633,185280,0,0,172,490021574,1,160,19926000
1726638394156000,11634,185440,0,0,172,490021574,1,160,21060000
1726638413979000,11635,185600,0,0,172,490021574,1,160,19823000
1726638434580000,11636,185760,0,0,172,490021574,1,160,20601000
1726638453514000,11637,185920,0,0,172,490021574,1,160,18934000
1726638475765000,11638,186080,0,0,172,490021574,1,160,22251000
1726638493824000,11639,186240,0,0,172,490021574,1,160,18059000
1726638515147000,11640,186400,0,0,172,490021574,1,160,21323000
1726638534428000,11641,186560,0,0,172,490021574,1,160,19281000
1726638553093000,11642,186720,0,0,172,490021574,1,160,18665000
1726638574953000,11643,186880,0,0,172,490021574,1,160,21860000
1726638596337000,11644,187040,0,0,172,490021574,1,160,21384000
1726638614116000,11645,187200,0,0,172,490021574,1,160,17779000
1726638634606000,11646,187360,0,0,172,490021574,1,160,20490000
1726638653500000,11647,187520,0,0,172,490021574,1,160,18894000
1726638675525000,11648,187680,0,0,172,490021574,1,160,22025000
1726638695337000,11649,187840,0,0,172,490021574,1,160,19812000
1726638714932000,11650,188000,0,0,172,490021574,1,160,19595000
1726638734047000,11651,188160,0,0,172,490021574,1,160,19115000
1726638753047000,11652,188320,0,0,172,490021574,1,160,19000000
1726638772995000,11653,188480,0,0,172,490021574,1,160,19948000
1726638793600000,11654,188640,0,0,172,490021574,1,160,20605000
1726638812257000,11655,188800,0,0,172,490021574,1,160,18657000
1726638834456000,11656,188960,0,0,172,490021574,1,160,22199000
1726638855279000,11657,189120,0,0,172,490021574,1,160,20823000
1726638875350000,11658,189280,0,0,172,490021574,1,160,20071000
1726638891954000,11659,189440,0,0,172,490021574,1,160,16604000
1726638914057000,11660,189600,0,0,172,490021574,1,160,22103000
1726638934415000,11661,189760,0,0,172,490021574,1,160,20358000
1726638951912000,11662,189920,0,0,172,490021574,1,160,17497000
1726638975595000,11663,190080,0,0,172,490021574,1,160,23683000
1726638996060000,11664,190240,0,0,172,490021574,1,160,20465000
1726639014649000,11665,190400,0,0,172,490021574,1,160,18589000
1726639034015000,11666,190560,0,0,172,490021574,1,160,19366000
1726639053879000,11667,190720,0,0,172,490021574,1,160,19864000
1726639075395000,11668,190880,0,0,172,490021574,1,160,21516000
1726639093863000,11669,191040,0,0,172,490021574,1,160,18468000
1726639114331000,11670,191200,0,0,172,490021574,1,160,20468000
1726639134606000,11671,191360,0,0,172,490021574,1,160,20275000
1726639153479000,11672,191520,0,0,172,490021574,1,160,18873000
1726639173672000,11673,191680,0,0,172,490021574,1,160,20193000
1726639196133000,11674,191840,0,0,172,490021574,1,160,22461000
1726639213878000,11675,192000,0,0,172,490021574,1,160,17745000
1726639234717000,11676,192160,0,0,172,490021574,1,160,20839000
1726639253647000,11677,192320,0,0,172,490021574,1,160,18930000
1726639273299000,11678,192480,0,0,172,490021574,1,160,19652000
1726639295554000,11679,192640,0,0,172,490021574,1,160,22255000
1726639314995000,11680,192800,0,0,172,490021574,1,160,19441000
1726639333186000,11681,192960,0,0,172,490021574,1,160,18191000
1726639352098000,11682,193120,0,0,172,490021574,1,160,18912000
1726639373014000,11683,193280,0,0,172,490021574,1,160,20916000
1726639396336000,11684,193440,0,0,172,490021574,1,160,23322000
1726639414869000,11685,193600,0,0,172,490021574,1,160,18533000
1726639434294000,11686,193760,0,0,172,490021574,1,160,19425000
1726639453196000,11687,193920,0,0,172,490021574,1,160,18902000
1726639473603000,11688,194080,0,0,172,490021574,1,160,20407000
1726639494146000,11689,194240,0,0,172,490021574,1,160,20543000
1726639511793000,11690,194400,0,0,172,490021574,1,160,17647000
1726639533870000,11691,194560,0,0,172,490021574,1,160,22077000
1726639553854000,11692,194720,0,0,172,490021574,1,160,19984000
1726639575804000,11693,194880,0,0,172,490021574,1,160,21950000
1726639595739000,11694,195040,0,0,172,490021574,1,160,19935000
1726639613812000,11695,195200,0,0,172,490021574,1,160,18073000
1726639634298000,11696,195360,0,0,172,490021574,1,160,20486000
1726639653095000,11697,195520,0,0,172,490021574,1,160,18797000
1726639671761000,11698,195680,0,0,172,490021574,1,160,18666000
1726639695624000,11699,195840,0,0,172,490021574,1,160,23863000
1726639714368000,11700,196000,0,0,172,490021574,1,160,18744000
1726639734484000,11701,196160,0,0,172,490021574,1,160,20116000
1726639753396000,11702,196320,0,0,172,490021574,1,160,18912000
1726639774542000,11703,196480,0,0,172,490021574,1,160,21146000
1726639794385000,11704,196640,0,0,172,490021574,1,160,19843000
1726639813966000,11705,196800,0,0,172,490021574,1,160,19581000
1726639833864000,11706,196960,0,0,172,490021574,1,160,19898000
1726639852827000,11707,197120,0,0,172,490021574,1,160,18963000
1726639874125000,11708,197280,0,0,172,490021574,1,160,21298000
1726639894858000,11709,197440,0,0,172,490021574,1,160,20733000
1726639914571000,11710,197600,0,0,172,490021574,1,160,19713000
1726639934587000,11711,197760,0,0,172,490021574,1,160,20016000
1726639951797000,11712,197920,0,0,172,490021574,1,160,17210000
1726639975458000,11713,198080,0,0,172,490021574,1,160,23661000
1726639993592000,11714,198240,0,0,172,490021574,1,160,18134000
1726640013839000,11715,198400,0,0,172,490021574,1,160,20247000
1726640034601000,11716,198560,0,0,172,490021574,1,160,20762000
1726640052521000,11717,198720,0,0,172,490021574,1,160,17920000
1726640074214000,11718,198880,0,0,172,490021574,1,160,21693000
1726640093782000,11719,199040,0,0,172,490021574,1,160,19568000
1726640114622000,11720,199200,0,0,172,490021574,1,160,20840000
1726640134589000,11721,199360,0,0,172,490021574,1,160,19967000
1726640153508000,11722,199520,0,0,172,490021574,1,160,18919000
1726640174933000,11723,199680,0,0,172,490021574,1,160,21425000
1726640195997000,11724,199840,0,0,172,490021574,1,160,21064000
1726640215246000,11725,200000,0,0,172,490021574,1,160,19249000
1726640231262000,11726,200160,0,0,172,490021574,1,160,16016000
1726640252405000,11727,200320,0,0,172,490021574,1,160,21143000
1726640275087000,11728,200480,0,0,172,490021574,1,160,22682000
1726640294973000,11729,200640,0,0,172,490021574,1,160,19886000
1726640313373000,11730,200800,0,0,172,490021574,1,160,18400000
1726640333972000,11731,200960,0,0,172,490021574,1,160,20599000
1726640352116000,11732,201120,0,0,172,490021574,1,160,18144000
1726640373959000,11733,201280,0,0,172,490021574,1,160,21843000
1726640395910000,11734,201440,0,0,172,490021574,1,160,21951000
1726640414420000,11735,201600,0,0,172,490021574,1,160,18510000
1726640433809000,11736,201760,0,0,172,490021574,1,160,19389000
1726640452396000,11737,201920,0,0,172,490021574,1,160,18587000
1726640472854000,11738,202080,0,0,172,490021574,1,160,20458000
1726640495370000,11739,202240,0,0,172,490021574,1,160,22516000
1726640514513000,11740,202400,0,0,172,490021574,1,160,19143000
1726640534542000,11741,202560,0,0,172,490021574,1,160,20029000
1726640553545000,11742,202720,0,0,172,490021574,1,160,19003000
1726640575827000,11743,202880,0,0,172,490021574,1,160,22282000
1726640594448000,11744,203040,0,0,172,490021574,1,160,18621000
1726640614218000,11745,203200,0,0,172,490021574,1,160,19770000
1726640633765000,11746,203360,0,0,172,490021574,1,160,19547000
1726640653727000,11747,203520,0,0,172,490021574,1,160,19962000
1726640676146000,11748,203680,0,0,172,490021574,1,160,22419000
1726640695750000,11749,203840,0,0,172,490021574,1,160,19604000
1726640714170000,11750,204000,0,0,172,490021574,1,160,18420000
1726640734444000,11751,204160,0,0,172,490021574,1,160,20274000
1726640753336000,11752,204320,0,0,172,490021574,1,160,18892000
1726640772547000,11753,204480,0,0,172,490021574,1,160,19211000
1726640795818000,11754,204640,0,0,172,490021574,1,160,23271000
1726640814436000,11755,204800,0,0,172,490021574,1,160,18618000
1726640834288000,11756,204960,0,0,172,490021574,1,160,19852000
1726640853227000,11757,205120,0,0,172,490021574,1,160,18939000
1726640873815000,11758,205280,0,0,172,490021574,1,160,20588000
1726640895973000,11759,205440,0,0,172,490021574,1,160,22158000
1726640914168000,11760,205600,0,0,172,490021574,1,160,18195000
1726640934454000,11761,205760,0,0,172,490021574,1,160,20286000
1726640953405000,11762,205920,0,0,172,490021574,1,160,18951000
1726640975532000,11763,206080,0,0,172,490021574,1,160,22127000
1726640993211000,11764,206240,0,0,172,490021574,1,160,17679000
1726641014048000,11765,206400,0,0,172,490021574,1,160,20837000
1726641033431000,11766,206560,0,0,172,490021574,1,160,19383000
1726641053378000,11767,206720,0,0,172,490021574,1,160,19947000
1726641074841000,11768,206880,0,0,172,490021574,1,160,21463000
1726641094449000,11769,207040,0,0,172,490021574,1,160,19608000
1726641116216000,11770,207200,0,0,172,490021574,1,160,21767000
1726641131356000,11771,207360,0,0,172,490021574,1,160,15140000
1726641153278000,11772,207520,0,0,172,490021574,1,160,21922000
1726641173238000,11773,207680,0,0,172,490021574,1,160,19960000
1726641193756000,11774,207840,0,0,172,490021574,1,160,20518000
1726641214236000,11775,208000,0,0,172,490021574,1,160,20480000
1726641234151000,11776,208160,0,0,172,490021574,1,160,19915000
1726641253032000,11777,208320,0,0,172,490021574,1,160,18881000
1726641272967000,11778,208480,0,0,172,490021574,1,160,19935000
1726641295791000,11779,208640,0,0,172,490021574,1,160,22824000
1726641315517000,11780,208800,0,0,172,490021574,1,160,19726000
1726641334533000,11781,208960,0,0,172,490021574,1,160,19016000
1726641352377000,11782,209120,0,0,172,490021574,1,160,17844000
1726641374072000,11783,209280,0,0,172,490021574,1,160,21695000
1726641394818000,11784,209440,0,0,172,490021574,1,160,20746000
1726641414344000,11785,209600,0,0,172,490021574,1,160,19526000
1726641434491000,11786,209760,0,0,172,490021574,1,160,20147000
1726641452357000,11787,209920,0,0,172,490021574,1,160,17866000
1726641471712000,11788,210080,0,0,172,490021574,1,160,19355000
1726641495953000,11789,210240,0,0,172,490021574,1,160,24241000
1726641513960000,11790,210400,0,0,172,490021574,1,160,18007000
1726641533831000,11791,210560,0,0,172,490021574,1,160,19871000
1726641554486000,11792,210720,0,0,172,490021574,1,160,20655000
1726641575446000,11793,210880,0,0,172,490021574,1,160,20960000
1726641595411000,11794,211040,0,0,172,490021574,1,160,19965000
1726641615130000,11795,211200,0,0,172,490021574,1,160,19719000
1726641634054000,11796,211360,0,0,172,490021574,1,160,18924000
1726641652353000,11797,211520,0,0,172,490021574,1,160,18299000
1726641674639000,11798,211680,0,0,172,490021574,1,160,22286000
1726641695722000,11799,211840,0,0,172,490021574,1,160,21083000
1726641714634000,11800,212000,0,0,172,490021574,1,160,18912000
1726641734522000,11801,212160,0,0,172,490021574,1,160,19888000
1726641753442000,11802,212320,0,0,172,490021574,1,160,18920000
1726641775223000,11803,212480,0,0,172,490021574,1,160,21781000
1726641795593000,11804,212640,0,0,172,490021574,1,160,20370000
1726641814872000,11805,212800,0,0,172,490021574,1,160,19279000
1726641834883000,11806,212960,0,0,172,490021574,1,160,20011000
1726641853784000,11807,213120,0,0,172,490021574,1,160,18901000
1726641872462000,11808,213280,0,0,172,490021574,1,160,18678000
1726641894911000,11809,213440,0,0,172,490021574,1,160,22449000
1726641911806000,11810,213600,0,0,172,490021574,1,160,16895000
1726641934449000,11811,213760,0,0,172,490021574,1,160,22643000
1726641954321000,11812,213920,0,0,172,490021574,1,160,19872000
1726641973433000,11813,214080,0,0,172,490021574,1,160,19112000
1726641995761000,11814,214240,0,0,172,490021574,1,160,22328000
1726642014679000,11815,214400,0,0,172,490021574,1,160,18918000
1726642033910000,11816,214560,0,0,172,490021574,1,160,19231000
1726642053875000,11817,214720,0,0,172,490021574,1,160,19965000
1726642074340000,11818,214880,0,0,172,490021574,1,160,20465000
1726642093870000,11819,215040,0,0,172,490021574,1,160,19530000
1726642113418000,11820,215200,0,0,172,490021574,1,160,19548000
1726642134072000,11821,215360,0,0,172,490021574,1,160,20654000
1726642152315000,11822,215520,0,0,172,490021574,1,160,18243000
1726642173030000,11823,215680,0,0,172,490021574,1,160,20715000
1726642193343000,11824,215840,0,0,172,490021574,1,160,20313000
1726642214204000,11825,216000,0,0,172,490021574,1,160,20861000
1726642234331000,11826,216160,0,0,172,490021574,1,160,20127000
1726642253244000,11827,216320,0,0,172,490021574,1,160,18913000
1726642272281000,11828,216480,0,0,172,490021574,1,160,19037000
1726642295828000,11829,216640,0,0,172,490021574,1,160,23547000
1726642314734000,11830,216800,0,0,172,490021574,1,160,18906000
1726642334611000,11831,216960,0,0,172,490021574,1,160,19877000
1726642352337000,11832,217120,0,0,172,490021574,1,160,17726000
1726642372037000,11833,217280,0,0,172,490021574,1,160,19700000
1726642394948000,11834,217440,0,0,172,490021574,1,160,22911000
1726642414925000,11835,217600,0,0,172,490021574,1,160,19977000
1726642433408000,11836,217760,0,0,172,490021574,1,160,18483000
1726642453320000,11837,217920,0,0,172,490021574,1,160,19912000
1726642474578000,11838,218080,0,0,172,490021574,1,160,21258000
1726642495554000,11839,218240,0,0,172,490021574,1,160,20976000
1726642514836000,11840,218400,0,0,172,490021574,1,160,19282000
1726642534615000,11841,218560,0,0,172,490021574,1,160,19779000
1726642551904000,11842,218720,0,0,172,490021574,1,160,17289000
1726642572842000,11843,218880,0,0,172,490021574,1,160,20938000
1726642595481000,11844,219040,0,0,172,490021574,1,160,22639000
1726642614185000,11845,219200,0,0,172,490021574,1,160,18704000
1726642633766000,11846,219360,0,0,172,490021574,1,160,19581000
1726642653699000,11847,219520,0,0,172,490021574,1,160,19933000
1726642675168000,11848,219680,0,0,172,490021574,1,160,21469000
1726642694498000,11849,219840,0,0,172,490021574,1,160,19330000
1726642714726000,11850,220000,0,0,172,490021574,1,160,20228000
1726642734572000,11851,220160,0,0,172,490021574,1,160,19846000
1726642753518000,11852,220320,0,0,172,490021574,1,160,18946000
1726642776015000,11853,220480,0,0,172,490021574,1,160,22497000
1726642794755000,11854,220640,0,0,172,490021574,1,160,18740000
1726642814551000,11855,220800,0,0,172,490021574,1,160,19796000
1726642833889000,11856,220960,0,0,172,490021574,1,160,19338000
1726642853798000,11857,221120,0,0,172,490021574,1,160,19909000
1726642876335000,11858,221280,0,0,172,490021574,1,160,22537000
1726642893464000,11859,221440,0,0,172,490021574,1,160,17129000
1726642912555000,11860,221600,0,0,172,490021574,1,160,19091000
1726642933921000,11861,221760,0,0,172,490021574,1,160,21366000
1726642951895000,11862,221920,0,0,172,490021574,1,160,17974000
1726642974458000,11863,222080,0,0,172,490021574,1,160,22563000
1726642993823000,11864,222240,0,0,172,490021574,1,160,19365000
1726643014066000,11865,222400,0,0,172,490021574,1,160,20243000
1726643033355000,11866,222560,0,0,172,490021574,1,160,19289000
1726643053300000,11867,222720,0,0,172,490021574,1,160,19945000
1726643072488000,11868,222880,0,0,172,490021574,1,160,19188000
1726643093415000,11869,223040,0,0,172,490021574,1,160,20927000
1726643112272000,11870,223200,0,0,172,490021574,1,160,18857000
1726643133486000,11871,223360,0,0,172,490021574,1,160,21214000
1726643152715000,11872,223520,0,0,172,490021574,1,160,19229000
1726643175317000,11873,223680,0,0,172,490021574,1,160,22602000
1726643193192000,11874,223840,0,0,172,490021574,1,160,17875000
1726643213973000,11875,224000,0,0,172,490021574,1,160,20781000
1726643233669000,11876,224160,0,0,172,490021574,1,160,19696000
1726643253595000,11877,224320,0,0,172,490021574,1,160,19926000
1726643273523000,11878,224480,0,0,172,490021574,1,160,19928000
1726643295902000,11879,224640,0,0,172,490021574,1,160,22379000
1726643313847000,11880,224800,0,0,172,490021574,1,160,17945000
1726643334586000,11881,224960,0,0,172,490021574,1,160,20739000
1726643351753000,11882,225120,0,0,172,490021574,1,160,17167000
1726643375954000,11883,225280,0,0,172,490021574,1,160,24201000
1726643395340000,11884,225440,0,0,172,490021574,1,160,19386000
1726643413848000,11885,225600,0,0,172,490021574,1,160,18508000
1726643434242000,11886,225760,0,0,172,490021574,1,160,20394000
1726643453190000,11887,225920,0,0,172,490021574,1,160,18948000
1726643474667000,11888,226080,0,0,172,490021574,1,160,21477000
1726643495593000,11889,226240,0,0,172,490021574,1,160,20926000
1726643515420000,11890,226400,0,0,172,490021574,1,160,19827000
1726643534343000,11891,226560,0,0,172,490021574,1,160,18923000
1726643552878000,11892,226720,0,0,172,490021574,1,160,18535000
1726643575556000,11893,226880,0,0,172,490021574,1,160,22678000
1726643595784000,11894,227040,0,0,172,490021574,1,160,20228000
1726643614127000,11895,227200,0,0,172,490021574,1,160,18343000
1726643633797000,11896,227360,0,0,172,490021574,1,160,19670000
1726643653761000,11897,227520,0,0,172,490021574,1,160,19964000
1726643675734000,11898,227680,0,0,172,490021574,1,160,21973000
1726643696620000,11899,227840,0,0,172,490021574,1,160,20886000
1726643713810000,11900,228000,0,0,172,490021574,1,160,17190000
1726643734585000,11901,228160,0,0,172,490021574,1,160,20775000
1726643753489000,11902,228320,0,0,172,490021574,1,160,18904000
1726643775678000,11903,228480,0,0,172,490021574,1,160,22189000
1726643795453000,11904,228640,0,0,172,490021574,1,160,19775000
1726643813453000,11905,228800,0,0,172,490021574,1,160,18000000
1726643834016000,11906,228960,0,0,172,490021574,1,160,20563000
1726643852949000,11907,229120,0,0,172,490021574,1,160,18933000
1726643874637000,11908,229280,0,0,172,490021574,1,160,21688000
1726643892789000,11909,229440,0,0,172,490021574,1,160,18152000
1726643914093000,11910,229600,0,0,172,490021574,1,160,21304000
1726643933416000,11911,229760,0,0,172,490021574,1,160,19323000
1726643953483000,11912,229920,0,0,172,490021574,1,160,20067000
1726643974702000,11913,230080,0,0,172,490021574,1,160,21219000
1726643995216000,11914,230240,0,0,172,490021574,1,160,20514000
1726644014287000,11915,230400,0,0,172,490021574,1,160,19071000
1726644033810000,11916,230560,0,0,172,490021574,1,160,19523000
1726644053698000,11917,230720,0,0,172,490021574,1,160,19888000
1726644075785000,11918,230880,0,0,172,490021574,1,160,22087000
1726644092744000,11919,231040,0,0,172,490021574,1,160,16959000
1726644113276000,11920,231200,0,0,172,490021574,1,160,20532000
1726644132911000,11921,231360,0,0,172,490021574,1,160,19635000
1726644152213000,11922,231520,0,0,172,490021574,1,160,19302000
1726644172958000,11923,231680,0,0,172,490021574,1,160,20745000
1726644195338000,11924,231840,0,0,172,490021574,1,160,22380000
1726644215791000,11925,232000,0,0,172,490021574,1,160,20453000
1726644234585000,11926,232160,0,0,172,490021574,1,160,18794000
1726644253503000,11927,232320,0,0,172,490021574,1,160,18918000
1726644274560000,11928,232480,0,0,172,490021574,1,160,21057000
1726644293552000,11929,232640,0,0,172,490021574,1,160,18992000
1726644314048000,11930,232800,0,0,172,490021574,1,160,20496000
1726644334389000,11931,232960,0,0,172,490021574,1,160,20341000
1726644352266000,11932,233120,0,0,172,490021574,1,160,17877000
1726644375714000,11933,233280,0,0,172,490021574,1,160,23448000
1726644391752000,11934,233440,0,0,172,490021574,1,160,16038000
1726644416564000,11935,233600,0,0,172,490021574,1,160,24812000
1726644433420000,11936,233760,0,0,172,490021574,1,160,16856000
1726644453344000,11937,233920,0,0,172,490021574,1,160,19924000
1726644473783000,11938,234080,0,0,172,490021574,1,160,20439000
1726644495245000,11939,234240,0,0,172,490021574,1,160,21462000
1726644513558000,11940,234400,0,0,172,490021574,1,160,18313000
1726644534246000,11941,234560,0,0,172,490021574,1,160,20688000
1726644553174000,11942,234720,0,0,172,490021574,1,160,18928000
1726644575418000,11943,234880,0,0,172,490021574,1,160,22244000
1726644595448000,11944,235040,0,0,172,490021574,1,160,20030000
1726644615334000,11945,235200,0,0,172,490021574,1,160,19886000
1726644634622000,11946,235360,0,0,172,490021574,1,160,19288000
1726644653541000,11947,235520,0,0,172,490021574,1,160,18919000
1726644676016000,11948,235680,0,0,172,490021574,1,160,22475000
1726644694833000,11949,235840,0,0,172,490021574,1,160,18817000
1726644713861000,11950,236000,0,0,172,490021574,1,160,19028000
1726644732228000,11951,236160,0,0,172,490021574,1,160,18367000
1726644753133000,11952,236320,0,0,172,490021574,1,160,20905000
1726644775278000,11953,236480,0,0,172,490021574,1,160,22145000
1726644794530000,11954,236640,0,0,172,490021574,1,160,19252000
1726644815162000,11955,236800,0,0,172,490021574,1,160,20632000
1726644833354000,11956,236960,0,0,172,490021574,1,160,18192000
1726644852216000,11957,237120,0,0,172,490021574,1,160,18862000
1726644873492000,11958,237280,0,0,172,490021574,1,160,21276000
1726644894497000,11959,237440,0,0,172,490021574,1,160,21005000
1726644914298000,11960,237600,0,0,172,490021574,1,160,19801000
1726644933878000,11961,237760,0,0,172,490021574,1,160,19580000
1726644952852000,11962,237920,0,0,172,490021574,1,160,18974000
1726644974957000,11963,238080,0,0,172,490021574,1,160,22105000
1726644994847000,11964,238240,0,0,172,490021574,1,160,19890000
1726645013644000,11965,238400,0,0,172,490021574,1,160,18797000
1726645034134000,11966,238560,0,0,172,490021574,1,160,20490000
1726645051322000,11967,238720,0,0,172,490021574,1,160,17188000
1726645071998000,11968,238880,0,0,172,490021574,1,160,20676000
1726645093427000,11969,239040,0,0,172,490021574,1,160,21429000
1726645112516000,11970,239200,0,0,172,490021574,1,160,19089000
1726645133035000,11971,239360,0,0,172,490021574,1,160,20519000
1726645154706000,11972,239520,0,0,172,490021574,1,160,21671000
1726645175532000,11973,239680,0,0,172,490021574,1,160,20826000
1726645195570000,11974,239840,0,0,172,490021574,1,160,20038000
1726645214993000,11975,240000,0,0,172,490021574,1,160,19423000
1726645233436000,11976,240160,0,0,172,490021574,1,160,18443000
1726645252189000,11977,240320,0,0,172,490021574,1,160,18753000
1726645273549000,11978,240480,0,0,172,490021574,1,160,21360000
1726645294820000,11979,240640,0,0,172,490021574,1,160,21271000
1726645314550000,11980,240800,0,0,172,490021574,1,160,19730000
1726645334469000,11981,240960,0,0,172,490021574,1,160,19919000
1726645352234000,11982,241120,0,0,172,490021574,1,160,17765000
1726645375539000,11983,241280,0,0,172,490021574,1,160,23305000
1726645395557000,11984,241440,0,0,172,490021574,1,160,20018000
1726645416260000,11985,241600,0,0,172,490021574,1,160,20703000
1726645433737000,11986,241760,0,0,172,490021574,1,160,17477000
1726645453033000,11987,241920,0,0,172,490021574,1,160,19296000
1726645473216000,11988,242080,0,0,172,490021574,1,160,20183000
1726645493652000,11989,242240,0,0,172,490021574,1,160,20436000
1726645513788000,11990,242400,0,0,172,490021574,1,160,20136000
1726645534245000,11991,242560,0,0,172,490021574,1,160,20457000
1726645553125000,11992,242720,0,0,172,490021574,1,160,18880000
1726645573247000,11993,242880,0,0,172,490021574,1,160,20122000
1726645593930000,11994,243040,0,0,172,490021574,1,160,20683000
1726645612109000,11995,243200,0,0,172,490021574,1,160,18179000
1726645633429000,11996,243360,0,0,172,490021574,1,160,21320000
1726645652240000,11997,243520,0,0,172,490021574,1,160,18811000
1726645673197000,11998,243680,0,0,172,490021574,1,160,20957000
1726645693145000,11999,243840,0,0,172,490021574,1,160,19948000
1726645711836000,12000,244000,0,0,172,490021574,1,160,18691000
1726645731209000,12001,244160,0,0,172,490021574,1,160,19373000
1726645751795000,12002,244320,0,0,172,490021574,1,160,20586000
1726645772851000,12003,244480,0,0,172,490021574,1,160,21056000
1726645792576000,12004,244640,0,0,172,490021574,1,160,19725000
1726645813519000,12005,244800,0,0,172,490021574,1,160,20943000
1726645833554000,12006,244960,0,0,172,490021574,1,160,20035000
1726645853582000,12007,245120,0,0,172,490021574,1,160,20028000
1726645873586000,12008,245280,0,0,172,490021574,1,160,20004000
1726645893619000,12009,245440,0,0,172,490021574,1,160,20033000
1726645913430000,12010,245600,0,0,172,490021574,1,160,19811000
1726645933381000,12011,245760,0,0,172,490021574,1,160,19951000
1726645952262000,12012,245920,0,0,172,490021574,1,160,18881000
1726645972934000,12013,246080,0,0,172,490021574,1,160,20672000
1726645991852000,12014,246240,0,0,172,490021574,1,160,18918000
1726646012816000,12015,246400,0,0,172,490021574,1,160,20964000
1726646033642000,12016,246560,0,0,172,490021574,1,160,20826000
1726646052550000,12017,246720,0,0,172,490021574,1,160,18908000
1726646073212000,12018,246880,0,0,172,490021574,1,160,20662000
1726646092198000,12019,247040,0,0,172,490021574,1,160,18986000
1726646110957000,12020,247200,0,0,172,490021574,1,160,18759000
1726646131728000,12021,247360,0,0,172,490021574,1,160,20771000
1726646152595000,12022,247520,0,0,172,490021574,1,160,20867000
1726646172550000,12023,247680,0,0,172,490021574,1,160,19955000
1726646192616000,12024,247840,0,0,172,490021574,1,160,20066000
1726646212860000,12025,248000,0,0,172,490021574,1,160,20244000
1726646233351000,12026,248160,0,0,172,490021574,1,160,20491000
1726646253220000,12027,248320,0,0,172,490021574,1,160,19869000
1726646273066000,12028,248480,0,0,172,490021574,1,160,19846000
1726646293056000,12029,248640,0,0,172,490021574,1,160,19990000
1726646311980000,12030,248800,0,0,172,490021574,1,160,18924000
1726646332903000,12031,248960,0,0,172,490021574,1,160,20923000
1726646352923000,12032,249120,0,0,172,490021574,1,160,20020000
1726646372959000,12033,249280,0,0,172,490021574,1,160,20036000
1726646393009000,12034,249440,0,0,172,490021574,1,160,20050000
1726646412088000,12035,249600,0,0,172,490021574,1,160,19079000
1726646433098000,12036,249760,0,0,172,490021574,1,160,21010000
1726646452968000,12037,249920,0,0,172,490021574,1,160,19870000
1726646472923000,12038,250080,0,0,172,490021574,1,160,19955000
1726646492991000,12039,250240,0,0,172,490021574,1,160,20068000
1726646511801000,12040,250400,0,0,172,490021574,1,160,18810000
1726646532816000,12041,250560,0,0,172,490021574,1,160,21015000
1726646552905000,12042,250720,0,0,172,490021574,1,160,20089000
1726646572894000,12043,250880,0,0,172,490021574,1,160,19989000
1726646592973000,12044,251040,0,0,172,490021574,1,160,20079000
1726646613033000,12045,251200,0,0,172,490021574,1,160,20060000
1726646632931000,12046,251360,0,0,172,490021574,1,160,19898000
1726646652435000,12047,251520,0,0,172,490021574,1,160,19504000
1726646672688000,12048,251680,0,0,172,490021574,1,160,20253000
1726646693291000,12049,251840,0,0,172,490021574,1,160,20603000
1726646714055000,12050,252000,0,0,172,490021574,1,160,20764000
1726646732024000,12051,252160,0,0,172,490021574,1,160,17969000
1726646751064000,12052,252320,0,0,172,490021574,1,160,19040000
1726646772956000,12053,252480,0,0,172,490021574,1,160,21892000
1726646792907000,12054,252640,0,0,172,490021574,1,160,19951000
1726646812213000,12055,252800,0,0,172,490021574,1,160,19306000
1726646833184000,12056,252960,0,0,172,490021574,1,160,20971000
1726646853121000,12057,253120,0,0,172,490021574,1,160,19937000
1726646873231000,12058,253280,0,0,172,490021574,1,160,20110000
1726646891983000,12059,253440,0,0,172,490021574,1,160,18752000
1726646913003000,12060,253600,0,0,172,490021574,1,160,21020000
1726646931058000,12061,253760,0,0,172,490021574,1,160,18055000
1726646952164000,12062,253920,0,0,172,490021574,1,160,21106000
1726646972846000,12063,254080,0,0,172,490021574,1,160,20682000
1726646992787000,12064,254240,0,0,172,490021574,1,160,19941000
1726647012782000,12065,254400,0,0,172,490021574,1,160,19995000
1726647032734000,12066,254560,0,0,172,490021574,1,160,19952000
1726647053664000,12067,254720,0,0,172,490021574,1,160,20930000
1726647072843000,12068,254880,0,0,172,490021574,1,160,19179000
1726647092811000,12069,255040,0,0,172,490021574,1,160,19968000
1726647112834000,12070,255200,0,0,172,490021574,1,160,20023000
1726647132142000,12071,255360,0,0,172,490021574,1,160,19308000
1726647153123000,12072,255520,0,0,172,490021574,1,160,20981000
1726647173100000,12073,255680,0,0,172,490021574,1,160,19977000
1726647192368000,12074,255840,0,0,172,490021574,1,160,19268000
1726647212941000,12075,256000,0,0,172,490021574,1,160,20573000
1726647233041000,12076,256160,0,0,172,490021574,1,160,20100000
1726647252635000,12077,256320,0,0,172,490021574,1,160,19594000
1726647273595000,12078,256480,0,0,172,490021574,1,160,20960000
1726647293324000,12079,256640,0,0,172,490021574,1,160,19729000
1726647313402000,12080,256800,0,0,172,490021574,1,160,20078000
1726647333363000,12081,256960,0,0,172,490021574,1,160,19961000
1726647353343000,12082,257120,0,0,172,490021574,1,160,19980000
1726647373272000,12083,257280,0,0,172,490021574,1,160,19929000
1726647393293000,12084,257440,0,0,172,490021574,1,160,20021000
1726647411403000,12085,257600,0,0,172,490021574,1,160,18110000
1726647433306000,12086,257760,0,0,172,490021574,1,160,21903000
1726647453225000,12087,257920,0,0,172,490021574,1,160,19919000
1726647472002000,12088,258080,0,0,172,490021574,1,160,18777000
1726647491694000,12089,258240,0,0,172,490021574,1,160,19692000
1726647513322000,12090,258400,0,0,172,490021574,1,160,21628000
1726647532451000,12091,258560,0,0,172,490021574,1,160,19129000
1726647552214000,12092,258720,0,0,172,490021574,1,160,19763000
1726647573101000,12093,258880,0,0,172,490021574,1,160,20887000
1726647593076000,12094,259040,0,0,172,490021574,1,160,19975000
1726647613114000,12095,259200,0,0,172,490021574,1,160,20038000
1726647632987000,12096,259360,0,0,172,490021574,1,160,19873000
1726647652896000,12097,259520,0,0,172,490021574,1,160,19909000
1726647671781000,12098,259680,0,0,172,490021574,1,160,18885000
1726647692719000,12099,259840,0,0,172,490021574,1,160,20938000
1726647711336000,12100,260000,0,0,172,490021574,1,160,18617000
1726647733217000,12101,260160,0,0,172,490021574,1,160,21881000
1726647753183000,12102,260320,0,0,172,490021574,1,160,19966000
1726647771609000,12103,260480,0,0,172,490021574,1,160,18426000
1726647793547000,12104,260640,0,0,172,490021574,1,160,21938000
1726647812055000,12105,260800,0,0,172,490021574,1,160,18508000
1726647831678000,12106,260960,0,0,172,490021574,1,160,19623000
1726647853588000,12107,261120,0,0,172,490021574,1,160,21910000
1726647872786000,12108,261280,0,0,172,490021574,1,160,19198000
1726647892581000,12109,261440,0,0,172,490021574,1,160,19795000
1726647911975000,12110,261600,0,0,172,490021574,1,160,19394000
1726647932896000,12111,261760,0,0,172,490021574,1,160,20921000
1726647952839000,12112,261920,0,0,172,490021574,1,160,19943000
1726647972659000,12113,262080,0,0,172,490021574,1,160,19820000
1726647992908000,12114,262240,0,0,172,490021574,1,160,20249000
1726648012993000,12115,262400,0,0,172,490021574,1,160,20085000
1726648031605000,12116,262560,0,0,172,490021574,1,160,18612000
1726648053276000,12117,262720,0,0,172,490021574,1,160,21671000
1726648073153000,12118,262880,0,0,172,490021574,1,160,19877000
1726648093180000,12119,263040,0,0,172,490021574,1,160,20027000
1726648111970000,12120,263200,0,0,172,490021574,1,160,18790000
1726648132866000,12121,263360,0,0,172,490021574,1,160,20896000
1726648152858000,12122,263520,0,0,172,490021574,1,160,19992000
1726648172819000,12123,263680,0,0,172,490021574,1,160,19961000
1726648192559000,12124,263840,0,0,172,490021574,1,160,19740000
1726648213557000,12125,264000,0,0,172,490021574,1,160,20998000
1726648231925000,12126,264160,0,0,172,490021574,1,160,18368000
1726648252890000,12127,264320,0,0,172,490021574,1,160,20965000
1726648272882000,12128,264480,0,0,172,490021574,1,160,19992000
1726648292823000,12129,264640,0,0,172,490021574,1,160,19941000
1726648312938000,12130,264800,0,0,172,490021574,1,160,20115000
1726648332863000,12131,264960,0,0,172,490021574,1,160,19925000
1726648352814000,12132,265120,0,0,172,490021574,1,160,19951000
1726648371620000,12133,265280,0,0,172,490021574,1,160,18806000
1726648393320000,12134,265440,0,0,172,490021574,1,160,21700000
1726648413288000,12135,265600,0,0,172,490021574,1,160,19968000
1726648433182000,12136,265760,0,0,172,490021574,1,160,19894000
1726648453163000,12137,265920,0,0,172,490021574,1,160,19981000
1726648472813000,12138,266080,0,0,172,490021574,1,160,19650000
1726648492798000,12139,266240,0,0,172,490021574,1,160,19985000
1726648511917000,12140,266400,0,0,172,490021574,1,160,19119000
1726648532980000,12141,266560,0,0,172,490021574,1,160,21063000
1726648552480000,12142,266720,0,0,172,490021574,1,160,19500000
1726648572768000,12143,266880,0,0,172,490021574,1,160,20288000
1726648592807000,12144,267040,0,0,172,490021574,1,160,20039000
1726648612139000,12145,267200,0,0,172,490021574,1,160,19332000
1726648633058000,12146,267360,0,0,172,490021574,1,160,20919000
1726648652982000,12147,267520,0,0,172,490021574,1,160,19924000
1726648672914000,12148,267680,0,0,172,490021574,1,160,19932000
1726648692781000,12149,267840,0,0,172,490021574,1,160,19867000
1726648711019000,12150,268000,0,0,172,490021574,1,160,18238000
1726648732903000,12151,268160,0,0,172,490021574,1,160,21884000
1726648751812000,12152,268320,0,0,172,490021574,1,160,18909000
1726648771459000,12153,268480,0,0,172,490021574,1,160,19647000
1726648793456000,12154,268640,0,0,172,490021574,1,160,21997000
1726648813442000,12155,268800,0,0,172,490021574,1,160,19986000
1726648832945000,12156,268960,0,0,172,490021574,1,160,19503000
1726648852347000,12157,269120,0,0,172,490021574,1,160,19402000
1726648873297000,12158,269280,0,0,172,490021574,1,160,20950000
1726648891468000,12159,269440,0,0,172,490021574,1,160,18171000
1726648912736000,12160,269600,0,0,172,490021574,1,160,21268000
1726648932649000,12161,269760,0,0,172,490021574,1,160,19913000
1726648952508000,12162,269920,0,0,172,490021574,1,160,19859000
1726648973548000,12163,270080,0,0,172,490021574,1,160,21040000
1726648994472000,12164,270240,0,0,172,490021574,1,160,20924000
1726649013595000,12165,270400,0,0,172,490021574,1,160,19123000
1726649033706000,12166,270560,0,0,172,490021574,1,160,20111000
1726649052449000,12167,270720,0,0,172,490021574,1,160,18743000
1726649073406000,12168,270880,0,0,172,490021574,1,160,20957000
1726649093506000,12169,271040,0,0,172,490021574,1,160,20100000
1726649112939000,12170,271200,0,0,172,490021574,1,160,19433000
1726649133168000,12171,271360,0,0,172,490021574,1,160,20229000
1726649153266000,12172,271520,0,0,172,490021574,1,160,20098000
1726649173313000,12173,271680,0,0,172,490021574,1,160,20047000
1726649193207000,12174,271840,0,0,172,490021574,1,160,19894000
1726649212111000,12175,272000,0,0,172,490021574,1,160,18904000
1726649233226000,12176,272160,0,0,172,490021574,1,160,21115000
1726649252461000,12177,272320,0,0,172,490021574,1,160,19235000
1726649273408000,12178,272480,0,0,172,490021574,1,160,20947000
1726649293521000,12179,272640,0,0,172,490021574,1,160,20113000
1726649313609000,12180,272800,0,0,172,490021574,1,160,20088000
1726649332707000,12181,272960,0,0,172,490021574,1,160,19098000
1726649352664000,12182,273120,0,0,172,490021574,1,160,19957000
1726649372623000,12183,273280,0,0,172,490021574,1,160,19959000
1726649393173000,12184,273440,0,0,172,490021574,1,160,20550000
1726649411207000,12185,273600,0,0,172,490021574,1,160,18034000
1726649433140000,12186,273760,0,0,172,490021574,1,160,21933000
1726649453095000,12187,273920,0,0,172,490021574,1,160,19955000
1726649472175000,12188,274080,0,0,172,490021574,1,160,19080000
1726649491456000,12189,274240,0,0,172,490021574,1,160,19281000
1726649519479000,12190,274400,0,0,172,490021574,1,160,28023000
1726649533360000,12191,274560,0,0,172,490021574,1,160,13881000
1726649551599000,12192,274720,0,0,172,490021574,1,160,18239000
1726649572354000,12193,274880,0,0,172,490021574,1,160,20755000
1726649593329000,12194,275040,0,0,172,490021574,1,160,20975000
1726649613774000,12195,275200,0,0,172,490021574,1,160,20445000
1726649632057000,12196,275360,0,0,172,490021574,1,160,18283000
1726649652803000,12197,275520,0,0,172,490021574,1,160,20746000
1726649672764000,12198,275680,0,0,172,490021574,1,160,19961000
1726649691133000,12199,275840,0,0,172,490021574,1,160,18369000
1726649713482000,12200,276000,0,0,172,490021574,1,160,22349000
1726649733500000,12201,276160,0,0,172,490021574,1,160,20018000
1726649753268000,12202,276320,0,0,172,490021574,1,160,19768000
1726649773245000,12203,276480,0,0,172,490021574,1,160,19977000
1726649792626000,12204,276640,0,0,172,490021574,1,160,19381000
1726649813757000,12205,276800,0,0,172,490021574,1,160,21131000
1726649832952000,12206,276960,0,0,172,490021574,1,160,19195000
1726649853180000,12207,277120,0,0,172,490021574,1,160,20228000
1726649871886000,12208,277280,0,0,172,490021574,1,160,18706000
1726649892866000,12209,277440,0,0,172,490021574,1,160,20980000
1726649912156000,12210,277600,0,0,172,490021574,1,160,19290000
1726649933667000,12211,277760,0,0,172,490021574,1,160,21511000
1726649952347000,12212,277920,0,0,172,490021574,1,160,18680000
1726649971400000,12213,278080,0,0,172,490021574,1,160,19053000
1726649994897000,12214,278240,0,0,172,490021574,1,160,23497000
1726650013627000,12215,278400,0,0,172,490021574,1,160,18730000
1726650032872000,12216,278560,0,0,172,490021574,1,160,19245000
1726650052183000,12217,278720,0,0,172,490021574,1,160,19311000
1726650072744000,12218,278880,0,0,172,490021574,1,160,20561000
1726650092745000,12219,279040,0,0,172,490021574,1,160,20001000
1726650112025000,12220,279200,0,0,172,490021574,1,160,19280000
1726650132876000,12221,279360,0,0,172,490021574,1,160,20851000
1726650152806000,12222,279520,0,0,172,490021574,1,160,19930000
1726650172557000,12223,279680,0,0,172,490021574,1,160,19751000
1726650193466000,12224,279840,0,0,172,490021574,1,160,20909000
1726650213552000,12225,280000,0,0,172,490021574,1,160,20086000
1726650233518000,12226,280160,0,0,172,490021574,1,160,19966000
1726650253422000,12227,280320,0,0,172,490021574,1,160,19904000
1726650273308000,12228,280480,0,0,172,490021574,1,160,19886000
1726650293326000,12229,280640,0,0,172,490021574,1,160,20018000
1726650312187000,12230,280800,0,0,172,490021574,1,160,18861000
1726650332899000,12231,280960,0,0,172,490021574,1,160,20712000
1726650351810000,12232,281120,0,0,172,490021574,1,160,18911000
1726650371959000,12233,281280,0,0,172,490021574,1,160,20149000
1726650393138000,12234,281440,0,0,172,490021574,1,160,21179000
1726650412065000,12235,281600,0,0,172,490021574,1,160,18927000
1726650433121000,12236,281760,0,0,172,490021574,1,160,21056000
1726650451996000,12237,281920,0,0,172,490021574,1,160,18875000
1726650472985000,12238,282080,0,0,172,490021574,1,160,20989000
1726650491412000,12239,282240,0,0,172,490021574,1,160,18427000
1726650511968000,12240,282400,0,0,172,490021574,1,160,20556000
1726650532747000,12241,282560,0,0,172,490021574,1,160,20779000
1726650552833000,12242,282720,0,0,172,490021574,1,160,20086000
1726650572792000,12243,282880,0,0,172,490021574,1,160,19959000
1726650592768000,12244,283040,0,0,172,490021574,1,160,19976000
1726650612807000,12245,283200,0,0,172,490021574,1,160,20039000
1726650630979000,12246,283360,0,0,172,490021574,1,160,18172000
1726650652939000,12247,283520,0,0,172,490021574,1,160,21960000
1726650672815000,12248,283680,0,0,172,490021574,1,160,19876000
1726650691383000,12249,283840,0,0,172,490021574,1,160,18568000
1726650712532000,12250,284000,0,0,172,490021574,1,160,21149000
1726650733469000,12251,284160,0,0,172,490021574,1,160,20937000
1726650753380000,12252,284320,0,0,172,490021574,1,160,19911000
1726650771590000,12253,284480,0,0,172,490021574,1,160,18210000
1726650793557000,12254,284640,0,0,172,490021574,1,160,21967000
1726650813573000,12255,284800,0,0,172,490021574,1,160,20016000
1726650833837000,12256,284960,0,0,172,490021574,1,160,20264000
1726650852782000,12257,285120,0,0,172,490021574,1,160,18945000
1726650872703000,12258,285280,0,0,172,490021574,1,160,19921000
1726650893001000,12259,285440,0,0,172,490021574,1,160,20298000
1726650914543000,12260,285600,0,0,172,490021574,1,160,21542000
1726650934334000,12261,285760,0,0,172,490021574,1,160,19791000
1726650953241000,12262,285920,0,0,172,490021574,1,160,18907000
1726650971354000,12263,286080,0,0,172,490021574,1,160,18113000
1726650995808000,12264,286240,0,0,172,490021574,1,160,24454000
1726651015615000,12265,286400,0,0,172,490021574,1,160,19807000
1726651030405000,12266,286560,0,0,172,490021574,1,160,14790000
1726651053179000,12267,286720,0,0,172,490021574,1,160,22774000
1726651073425000,12268,286880,0,0,172,490021574,1,160,20246000
1726651094007000,12269,287040,0,0,172,490021574,1,160,20582000
1726651113537000,12270,287200,0,0,172,490021574,1,160,19530000
1726651133972000,12271,287360,0,0,172,490021574,1,160,20435000
1726651152011000,12272,287520,0,0,172,490021574,1,160,18039000
1726651174832000,12273,287680,0,0,172,490021574,1,160,22821000
1726651194050000,12274,287840,0,0,172,490021574,1,160,19218000
1726651215796000,12275,288000,0,0,172,490021574,1,160,21746000
1726651230716000,12276,288160,0,0,172,490021574,1,160,14920000
1726651252575000,12277,288320,0,0,172,490021574,1,160,21859000
1726651273936000,12278,288480,0,0,172,490021574,1,160,21361000
1726651294370000,12279,288640,0,0,172,490021574,1,160,20434000
1726651314609000,12280,288800,0,0,172,490021574,1,160,20239000
1726651333352000,12281,288960,0,0,172,490021574,1,160,18743000
1726651352927000,12282,289120,0,0,172,490021574,1,160,19575000
1726651374455000,12283,289280,0,0,172,490021574,1,160,21528000
1726651395487000,12284,289440,0,0,172,490021574,1,160,21032000
1726651413340000,12285,289600,0,0,172,490021574,1,160,17853000
1726651434579000,12286,289760,0,0,172,490021574,1,160,21239000
1726651453525000,12287,289920,0,0,172,490021574,1,160,18946000
1726651475599000,12288,290080,0,0,172,490021574,1,160,22074000
1726651494557000,12289,290240,0,0,172,490021574,1,160,18958000
1726651513990000,12290,290400,0,0,172,490021574,1,160,19433000
1726651533597000,12291,290560,0,0,172,490021574,1,160,19607000
1726651552549000,12292,290720,0,0,172,490021574,1,160,18952000
1726651571971000,12293,290880,0,0,172,490021574,1,160,19422000
1726651593141000,12294,291040,0,0,172,490021574,1,160,21170000
1726651613945000,12295,291200,0,0,172,490021574,1,160,20804000
1726651633537000,12296,291360,0,0,172,490021574,1,160,19592000
1726651652080000,12297,291520,0,0,172,490021574,1,160,18543000
1726651673011000,12298,291680,0,0,172,490021574,1,160,20931000
1726651693897000,12299,291840,0,0,172,490021574,1,160,20886000
1726651714228000,12300,292000,0,0,172,490021574,1,160,20331000
1726651733832000,12301,292160,0,0,172,490021574,1,160,19604000
1726651752826000,12302,292320,0,0,172,490021574,1,160,18994000
1726651774763000,12303,292480,0,0,172,490021574,1,160,21937000
1726651794583000,12304,292640,0,0,172,490021574,1,160,19820000
1726651814065000,12305,292800,0,0,172,490021574,1,160,19482000
1726651833477000,12306,292960,0,0,172,490021574,1,160,19412000
1726651853385000,12307,293120,0,0,172,490021574,1,160,19908000
1726651873981000,12308,293280,0,0,172,490021574,1,160,20596000
1726651895585000,12309,293440,0,0,172,490021574,1,160,21604000
1726651915471000,12310,293600,0,0,172,490021574,1,160,19886000
1726651933508000,12311,293760,0,0,172,490021574,1,160,18037000
1726651953397000,12312,293920,0,0,172,490021574,1,160,19889000
1726651973790000,12313,294080,0,0,172,490021574,1,160,20393000
1726651994514000,12314,294240,0,0,172,490021574,1,160,20724000
1726652014190000,12315,294400,0,0,172,490021574,1,160,19676000
1726652033715000,12316,294560,0,0,172,490021574,1,160,19525000
1726652052684000,12317,294720,0,0,172,490021574,1,160,18969000
1726652073534000,12318,294880,0,0,172,490021574,1,160,20850000
1726652091615000,12319,295040,0,0,172,490021574,1,160,18081000
1726652113069000,12320,295200,0,0,172,490021574,1,160,21454000
1726652134423000,12321,295360,0,0,172,490021574,1,160,21354000
1726652152759000,12322,295520,0,0,172,490021574,1,160,18336000
1726652174264000,12323,295680,0,0,172,490021574,1,160,21505000
1726652195246000,12324,295840,0,0,172,490021574,1,160,20982000
1726652213849000,12325,296000,0,0,172,490021574,1,160,18603000
1726652233806000,12326,296160,0,0,172,490021574,1,160,19957000
1726652252884000,12327,296320,0,0,172,490021574,1,160,19078000
1726652275031000,12328,296480,0,0,172,490021574,1,160,22147000
1726652295459000,12329,296640,0,0,172,490021574,1,160,20428000
1726652313027000,12330,296800,0,0,172,490021574,1,160,17568000
1726652334385000,12331,296960,0,0,172,490021574,1,160,21358000
1726652353260000,12332,297120,0,0,172,490021574,1,160,18875000
1726652375536000,12333,297280,0,0,172,490021574,1,160,22276000
1726652393923000,12334,297440,0,0,172,490021574,1,160,18387000
1726652413566000,12335,297600,0,0,172,490021574,1,160,19643000
1726652433502000,12336,297760,0,0,172,490021574,1,160,19936000
1726652455076000,12337,297920,0,0,172,490021574,1,160,21574000
1726652472962000,12338,298080,0,0,172,490021574,1,160,17886000
1726652492890000,12339,298240,0,0,172,490021574,1,160,19928000
1726652514565000,12340,298400,0,0,172,490021574,1,160,21675000
1726652533310000,12341,298560,0,0,172,490021574,1,160,18745000
1726652553245000,12342,298720,0,0,172,490021574,1,160,19935000
1726652575216000,12343,298880,0,0,172,490021574,1,160,21971000
1726652595379000,12344,299040,0,0,172,490021574,1,160,20163000
1726652613791000,12345,299200,0,0,172,490021574,1,160,18412000
1726652633358000,12346,299360,0,0,172,490021574,1,160,19567000
1726652655870000,12347,299520,0,0,172,490021574,1,160,22512000
1726652674966000,12348,299680,0,0,172,490021574,1,160,19096000
1726652692060000,12349,299840,0,0,172,490021574,1,160,17094000
1726652711988000,12350,300000,0,0,172,490021574,1,160,19928000
1726652733631000,12351,300160,0,0,172,490021574,1,160,21643000
1726652754394000,12352,300320,0,0,172,490021574,1,160,20763000
1726652775374000,12353,300480,0,0,172,490021574,1,160,20980000
1726652794468000,12354,300640,0,0,172,490021574,1,160,19094000
1726652814630000,12355,300800,0,0,172,490021574,1,160,20162000
1726652832215000,12356,300960,0,0,172,490021574,1,160,17585000
1726652853175000,12357,301120,0,0,172,490021574,1,160,20960000
1726652873057000,12358,301280,0,0,172,490021574,1,160,19882000
1726652893292000,12359,301440,0,0,172,490021574,1,160,20235000
1726652913053000,12360,301600,0,0,172,490021574,1,160,19761000
1726652934100000,12361,301760,0,0,172,490021574,1,160,21047000
1726652952983000,12362,301920,0,0,172,490021574,1,160,18883000
1726652971297000,12363,302080,0,0,172,490021574,1,160,18314000
1726652995652000,12364,302240,0,0,172,490021574,1,160,24355000
1726653012774000,12365,302400,0,0,172,490021574,1,160,17122000
1726653031529000,12366,302560,0,0,172,490021574,1,160,18755000
1726653053277000,12367,302720,0,0,172,490021574,1,160,21748000
1726653073156000,12368,302880,0,0,172,490021574,1,160,19879000
1726653093349000,12369,303040,0,0,172,490021574,1,160,20193000
1726653113004000,12370,303200,0,0,172,490021574,1,160,19655000
1726653133001000,12371,303360,0,0,172,490021574,1,160,19997000
1726653152572000,12372,303520,0,0,172,490021574,1,160,19571000
1726653172527000,12373,303680,0,0,172,490021574,1,160,19955000
1726653195610000,12374,303840,0,0,172,490021574,1,160,23083000
1726653213213000,12375,304000,0,0,172,490021574,1,160,17603000
1726653234166000,12376,304160,0,0,172,490021574,1,160,20953000
1726653251265000,12377,304320,0,0,172,490021574,1,160,17099000
1726653275607000,12378,304480,0,0,172,490021574,1,160,24342000
1726653295211000,12379,304640,0,0,172,490021574,1,160,19604000
1726653314152000,12380,304800,0,0,172,490021574,1,160,18941000
1726653334130000,12381,304960,0,0,172,490021574,1,160,19978000
1726653352191000,12382,305120,0,0,172,490021574,1,160,18061000
1726653374809000,12383,305280,0,0,172,490021574,1,160,22618000
1726653394486000,12384,305440,0,0,172,490021574,1,160,19677000
1726653414205000,12385,305600,0,0,172,490021574,1,160,19719000
1726653433729000,12386,305760,0,0,172,490021574,1,160,19524000
1726653452654000,12387,305920,0,0,172,490021574,1,160,18925000
1726653473778000,12388,306080,0,0,172,490021574,1,160,21124000
1726653494390000,12389,306240,0,0,172,490021574,1,160,20612000
1726653513590000,12390,306400,0,0,172,490021574,1,160,19200000
1726653533455000,12391,306560,0,0,172,490021574,1,160,19865000
1726653552642000,12392,306720,0,0,172,490021574,1,160,19187000
1726653574922000,12393,306880,0,0,172,490021574,1,160,22280000
1726653592471000,12394,307040,0,0,172,490021574,1,160,17549000
1726653614345000,12395,307200,0,0,172,490021574,1,160,21874000
1726653631937000,12396,307360,0,0,172,490021574,1,160,17592000
1726653652066000,12397,307520,0,0,172,490021574,1,160,20129000
1726653673129000,12398,307680,0,0,172,490021574,1,160,21063000
1726653693674000,12399,307840,0,0,172,490021574,1,160,20545000
1726653712600000,12400,308000,0,0,172,490021574,1,160,18926000
1726653733882000,12401,308160,0,0,172,490021574,1,160,21282000
1726653752845000,12402,308320,0,0,172,490021574,1,160,18963000
1726653774081000,12403,308480,0,0,172,490021574,1,160,21236000
1726653795595000,12404,308640,0,0,172,490021574,1,160,21514000
1726653812875000,12405,308800,0,0,172,490021574,1,160,17280000
1726653833221000,12406,308960,0,0,172,490021574,1,160,20346000
1726653852021000,12407,309120,0,0,172,490021574,1,160,18800000
1726653871938000,12408,309280,0,0,172,490021574,1,160,19917000
1726653895284000,12409,309440,0,0,172,490021574,1,160,23346000
1726653916176000,12410,309600,0,0,172,490021574,1,160,20892000
1726653932944000,12411,309760,0,0,172,490021574,1,160,16768000
1726653952795000,12412,309920,0,0,172,490021574,1,160,19851000
1726653971928000,12413,310080,0,0,172,490021574,1,160,19133000
1726653993446000,12414,310240,0,0,172,490021574,1,160,21518000
1726654013620000,12415,310400,0,0,172,490021574,1,160,20174000
1726654032696000,12416,310560,0,0,172,490021574,1,160,19076000
1726654052638000,12417,310720,0,0,172,490021574,1,160,19942000
1726654070762000,12418,310880,0,0,172,490021574,1,160,18124000
1726654092394000,12419,311040,0,0,172,490021574,1,160,21632000
1726654112330000,12420,311200,0,0,172,490021574,1,160,19936000
1726654133629000,12421,311360,0,0,172,490021574,1,160,21299000
1726654152560000,12422,311520,0,0,172,490021574,1,160,18931000
1726654175212000,12423,311680,0,0,172,490021574,1,160,22652000
1726654194650000,12424,311840,0,0,172,490021574,1,160,19438000
1726654214333000,12425,312000,0,0,172,490021574,1,160,19683000
1726654234100000,12426,312160,0,0,172,490021574,1,160,19767000
1726654253233000,12427,312320,0,0,172,490021574,1,160,19133000
1726654274867000,12428,312480,0,0,172,490021574,1,160,21634000
1726654294617000,12429,312640,0,0,172,490021574,1,160,19750000
1726654315381000,12430,312800,0,0,172,490021574,1,160,20764000
1726654333451000,12431,312960,0,0,172,490021574,1,160,18070000
1726654353390000,12432,313120,0,0,172,490021574,1,160,19939000
1726654372611000,12433,313280,0,0,172,490021574,1,160,19221000
1726654393101000,12434,313440,0,0,172,490021574,1,160,20490000
1726654415709000,12435,313600,0,0,172,490021574,1,160,22608000
1726654432431000,12436,313760,0,0,172,490021574,1,160,16722000
1726654453283000,12437,313920,0,0,172,490021574,1,160,20852000
1726654473705000,12438,314080,0,0,172,490021574,1,160,20422000
1726654493280000,12439,314240,0,0,172,490021574,1,160,19575000
1726654513240000,12440,314400,0,0,172,490021574,1,160,19960000
1726654533738000,12441,314560,0,0,172,490021574,1,160,20498000
1726654551929000,12442,314720,0,0,172,490021574,1,160,18191000
1726654574955000,12443,314880,0,0,172,490021574,1,160,23026000
1726654594833000,12444,315040,0,0,172,490021574,1,160,19878000
1726654614037000,12445,315200,0,0,172,490021574,1,160,19204000
1726654633602000,12446,315360,0,0,172,490021574,1,160,19565000
1726654652523000,12447,315520,0,0,172,490021574,1,160,18921000
1726654672978000,12448,315680,0,0,172,490021574,1,160,20455000
1726654695016000,12449,315840,0,0,172,490021574,1,160,22038000
1726654715375000,12450,316000,0,0,172,490021574,1,160,20359000
1726654733464000,12451,316160,0,0,172,490021574,1,160,18089000
1726654752913000,12452,316320,0,0,172,490021574,1,160,19449000
1726654775070000,12453,316480,0,0,172,490021574,1,160,22157000
1726654795101000,12454,316640,0,0,172,490021574,1,160,20031000
1726654814523000,12455,316800,0,0,172,490021574,1,160,19422000
1726654833022000,12456,316960,0,0,172,490021574,1,160,18499000
1726654853027000,12457,317120,0,0,172,490021574,1,160,20005000
1726654873071000,12458,317280,0,0,172,490021574,1,160,20044000
1726654893417000,12459,317440,0,0,172,490021574,1,160,20346000
1726654914791000,12460,317600,0,0,172,490021574,1,160,21374000
1726654933950000,12461,317760,0,0,172,490021574,1,160,19159000
1726654952192000,12462,317920,0,0,172,490021574,1,160,18242000
1726654973112000,12463,318080,0,0,172,490021574,1,160,20920000
1726654995306000,12464,318240,0,0,172,490021574,1,160,22194000
1726655013003000,12465,318400,0,0,172,490021574,1,160,17697000
1726655032719000,12466,318560,0,0,172,490021574,1,160,19716000
1726655051883000,12467,318720,0,0,172,490021574,1,160,19164000
1726655073346000,12468,318880,0,0,172,490021574,1,160,21463000
1726655095399000,12469,319040,0,0,172,490021574,1,160,22053000
1726655111961000,12470,319200,0,0,172,490021574,1,160,16562000
1726655133667000,12471,319360,0,0,172,490021574,1,160,21706000
1726655152540000,12472,319520,0,0,172,490021574,1,160,18873000
1726655174042000,12473,319680,0,0,172,490021574,1,160,21502000
1726655192235000,12474,319840,0,0,172,490021574,1,160,18193000
1726655215999000,12475,320000,0,0,172,490021574,1,160,23764000
1726655232746000,12476,320160,0,0,172,490021574,1,160,16747000
1726655252594000,12477,320320,0,0,172,490021574,1,160,19848000
1726655272536000,12478,320480,0,0,172,490021574,1,160,19942000
1726655292808000,12479,320640,0,0,172,490021574,1,160,20272000
1726655313433000,12480,320800,0,0,172,490021574,1,160,20625000
1726655335346000,12481,320960,0,0,172,490021574,1,160,21913000
1726655351899000,12482,321120,0,0,172,490021574,1,160,16553000
1726655373762000,12483,321280,0,0,172,490021574,1,160,21863000
1726655392783000,12484,321440,0,0,172,490021574,1,160,19021000
1726655415617000,12485,321600,0,0,172,490021574,1,160,22834000
1726655432426000,12486,321760,0,0,172,490021574,1,160,16809000
1726655453298000,12487,321920,0,0,172,490021574,1,160,20872000
1726655472661000,12488,322080,0,0,172,490021574,1,160,19363000
1726655493941000,12489,322240,0,0,172,490021574,1,160,21280000
1726655513771000,12490,322400,0,0,172,490021574,1,160,19830000
1726655534081000,12491,322560,0,0,172,490021574,1,160,20310000
1726655553056000,12492,322720,0,0,172,490021574,1,160,18975000
1726655572606000,12493,322880,0,0,172,490021574,1,160,19550000
1726655594980000,12494,323040,0,0,172,490021574,1,160,22374000
1726655614054000,12495,323200,0,0,172,490021574,1,160,19074000
1726655632618000,12496,323360,0,0,172,490021574,1,160,18564000
1726655652553000,12497,323520,0,0,172,490021574,1,160,19935000
1726655670652000,12498,323680,0,0,172,490021574,1,160,18099000
1726655693364000,12499,323840,0,0,172,490021574,1,160,22712000
1726655714173000,12500,324000,0,0,172,490021574,1,160,20809000
1726655732647000,12501,324160,0,0,172,490021574,1,160,18474000
1726655752532000,12502,324320,0,0,172,490021574,1,160,19885000
1726655772695000,12503,324480,0,0,172,490021574,1,160,20163000
1726655793276000,12504,324640,0,0,172,490021574,1,160,20581000
1726655814168000,12505,324800,0,0,172,490021574,1,160,20892000
1726655834040000,12506,324960,0,0,172,490021574,1,160,19872000
1726655852960000,12507,325120,0,0,172,490021574,1,160,18920000
1726655874715000,12508,325280,0,0,172,490021574,1,160,21755000
1726655892667000,12509,325440,0,0,172,490021574,1,160,17952000
1726655914954000,12510,325600,0,0,172,490021574,1,160,22287000
1726655933086000,12511,325760,0,0,172,490021574,1,160,18132000
1726655953024000,12512,325920,0,0,172,490021574,1,160,19938000
1726655973446000,12513,326080,0,0,172,490021574,1,160,20422000
1726655995043000,12514,326240,0,0,172,490021574,1,160,21597000
1726656015272000,12515,326400,0,0,172,490021574,1,160,20229000
1726656033303000,12516,326560,0,0,172,490021574,1,160,18031000
1726656053170000,12517,326720,0,0,172,490021574,1,160,19867000
1726656073354000,12518,326880,0,0,172,490021574,1,160,20184000
1726656093900000,12519,327040,0,0,172,490021574,1,160,20546000
1726656112312000,12520,327200,0,0,172,490021574,1,160,18412000
1726656133442000,12521,327360,0,0,172,490021574,1,160,21130000
1726656150473000,12522,327520,0,0,172,490021574,1,160,17031000
1726656170460000,12523,327680,0,0,172,490021574,1,160,19987000
1726656192243000,12524,327840,0,0,172,490021574,1,160,21783000
1726656212086000,12525,328000,0,0,172,490021574,1,160,19843000
1726656232008000,12526,328160,0,0,172,490021574,1,160,19922000
1726656252098000,12527,328320,0,0,172,490021574,1,160,20090000
1726656272295000,12528,328480,0,0,172,490021574,1,160,20197000
1726656291988000,12529,328640,0,0,172,490021574,1,160,19693000
1726656311503000,12530,328800,0,0,172,490021574,1,160,19515000
1726656332608000,12531,328960,0,0,172,490021574,1,160,21105000
1726656352010000,12532,329120,0,0,172,490021574,1,160,19402000
1726656373606000,12533,329280,0,0,172,490021574,1,160,21596000
1726656394382000,12534,329440,0,0,172,490021574,1,160,20776000
1726656414707000,12535,329600,0,0,172,490021574,1,160,20325000
1726656433829000,12536,329760,0,0,172,490021574,1,160,19122000
1726656452687000,12537,329920,0,0,172,490021574,1,160,18858000
1726656473744000,12538,330080,0,0,172,490021574,1,160,21057000
1726656495389000,12539,330240,0,0,172,490021574,1,160,21645000
1726656514521000,12540,330400,0,0,172,490021574,1,160,19132000
1726656531648000,12541,330560,0,0,172,490021574,1,160,17127000
1726656551868000,12542,330720,0,0,172,490021574,1,160,20220000
1726656574044000,12543,330880,0,0,172,490021574,1,160,22176000
1726656594409000,12544,331040,0,0,172,490021574,1,160,20365000
1726656615170000,12545,331200,0,0,172,490021574,1,160,20761000
1726656632990000,12546,331360,0,0,172,490021574,1,160,17820000
1726656652865000,12547,331520,0,0,172,490021574,1,160,19875000
1726656672947000,12548,331680,0,0,172,490021574,1,160,20082000
1726656691383000,12549,331840,0,0,172,490021574,1,160,18436000
1726656714464000,12550,332000,0,0,172,490021574,1,160,23081000
1726656733827000,12551,332160,0,0,172,490021574,1,160,19363000
1726656752386000,12552,332320,0,0,172,490021574,1,160,18559000
1726656774310000,12553,332480,0,0,172,490021574,1,160,21924000
1726656795467000,12554,332640,0,0,172,490021574,1,160,21157000
1726656815236000,12555,332800,0,0,172,490021574,1,160,19769000
1726656832621000,12556,332960,0,0,172,490021574,1,160,17385000
1726656851644000,12557,333120,0,0,172,490021574,1,160,19023000
1726656872776000,12558,333280,0,0,172,490021574,1,160,21132000
1726656893088000,12559,333440,0,0,172,490021574,1,160,20312000
1726656913205000,12560,333600,0,0,172,490021574,1,160,20117000
1726656934043000,12561,333760,0,0,172,490021574,1,160,20838000
1726656952917000,12562,333920,0,0,172,490021574,1,160,18874000
1726656972837000,12563,334080,0,0,172,490021574,1,160,19920000
1726656995185000,12564,334240,0,0,172,490021574,1,160,22348000
1726657014059000,12565,334400,0,0,172,490021574,1,160,18874000
1726657032797000,12566,334560,0,0,172,490021574,1,160,18738000
1726657051812000,12567,334720,0,0,172,490021574,1,160,19015000
1726657072684000,12568,334880,0,0,172,490021574,1,160,20872000
1726657095098000,12569,335040,0,0,172,490021574,1,160,22414000
1726657113647000,12570,335200,0,0,172,490021574,1,160,18549000
1726657132483000,12571,335360,0,0,172,490021574,1,160,18836000
1726657150742000,12572,335520,0,0,172,490021574,1,160,18259000
1726657174504000,12573,335680,0,0,172,490021574,1,160,23762000
1726657194071000,12574,335840,0,0,172,490021574,1,160,19567000
1726657213196000,12575,336000,0,0,172,490021574,1,160,19125000
1726657233954000,12576,336160,0,0,172,490021574,1,160,20758000
1726657251482000,12577,336320,0,0,172,490021574,1,160,17528000
1726657272910000,12578,336480,0,0,172,490021574,1,160,21428000
1726657294631000,12579,336640,0,0,172,490021574,1,160,21721000
1726657313269000,12580,336800,0,0,172,490021574,1,160,18638000
1726657333633000,12581,336960,0,0,172,490021574,1,160,20364000
1726657352586000,12582,337120,0,0,172,490021574,1,160,18953000
1726657374253000,12583,337280,0,0,172,490021574,1,160,21667000
1726657393967000,12584,337440,0,0,172,490021574,1,160,19714000
1726657414258000,12585,337600,0,0,172,490021574,1,160,20291000
1726657432147000,12586,337760,0,0,172,490021574,1,160,17889000
1726657453081000,12587,337920,0,0,172,490021574,1,160,20934000
1726657474519000,12588,338080,0,0,172,490021574,1,160,21438000
1726657492144000,12589,338240,0,0,172,490021574,1,160,17625000
1726657513639000,12590,338400,0,0,172,490021574,1,160,21495000
1726657531620000,12591,338560,0,0,172,490021574,1,160,17981000
1726657552531000,12592,338720,0,0,172,490021574,1,160,20911000
1726657574664000,12593,338880,0,0,172,490021574,1,160,22133000
1726657594855000,12594,339040,0,0,172,490021574,1,160,20191000
1726657613804000,12595,339200,0,0,172,490021574,1,160,18949000
1726657633313000,12596,339360,0,0,172,490021574,1,160,19509000
1726657653107000,12597,339520,0,0,172,490021574,1,160,19794000
1726657675346000,12598,339680,0,0,172,490021574,1,160,22239000
1726657695197000,12599,339840,0,0,172,490021574,1,160,19851000
1726657714930000,12600,340000,0,0,172,490021574,1,160,19733000
1726657733498000,12601,340160,0,0,172,490021574,1,160,18568000
1726657752447000,12602,340320,0,0,172,490021574,1,160,18949000
1726657770488000,12603,340480,0,0,172,490021574,1,160,18041000
1726657794030000,12604,340640,0,0,172,490021574,1,160,23542000
1726657814487000,12605,340800,0,0,172,490021574,1,160,20457000
1726657832972000,12606,340960,0,0,172,490021574,1,160,18485000
1726657852784000,12607,341120,0,0,172,490021574,1,160,19812000
1726657872954000,12608,341280,0,0,172,490021574,1,160,20170000
1726657893435000,12609,341440,0,0,172,490021574,1,160,20481000
1726657911603000,12610,341600,0,0,172,490021574,1,160,18168000
1726657932368000,12611,341760,0,0,172,490021574,1,160,20765000
1726657953235000,12612,341920,0,0,172,490021574,1,160,20867000
1726657975578000,12613,342080,0,0,172,490021574,1,160,22343000
1726657995157000,12614,342240,0,0,172,490021574,1,160,19579000
1726658015289000,12615,342400,0,0,172,490021574,1,160,20132000
1726658033120000,12616,342560,0,0,172,490021574,1,160,17831000
