monotonic_ns,seq,timestamp,marker,payload_type,packet_bytes,ssrc,seq_delta,ts_delta,wall_delta_ns
1726615268469000,7695,4263412357,1,0,172,538855037,0,0,0
1726615287754000,7696,4263412517,0,0,172,538855037,1,160,19285000
1726615307902000,7697,4263412677,0,0,172,538855037,1,160,20148000
1726615327946000,7698,4263412837,0,0,172,538855037,1,160,20044000
1726615351378000,7699,4263412997,0,0,172,538855037,1,160,23432000
1726615367778000,7700,4263413157,0,0,172,538855037,1,160,16400000
1726615387807000,7701,4263413317,0,0,172,538855037,1,160,20029000
1726615407743000,7702,4263413477,0,0,172,538855037,1,160,19936000
1726615427989000,7703,4263413637,0,0,172,538855037,1,160,20246000
1726615447793000,7704,4263413797,0,0,172,538855037,1,160,19804000
1726615467829000,7705,4263413957,0,0,172,538855037,1,160,20036000
1726615487767000,7706,4263414117,0,0,172,538855037,1,160,19938000
1726615507813000,7707,4263414277,0,0,172,538855037,1,160,20046000
1726615527858000,7708,4263414437,0,0,172,538855037,1,160,20045000
1726615553799000,7709,4263414597,0,0,172,538855037,1,160,25941000
1726615567869000,7710,4263414757,0,0,172,538855037,1,160,14070000
1726615587849000,7711,4263414917,0,0,172,538855037,1,160,19980000
1726615607965000,7712,4263415077,0,0,172,538855037,1,160,20116000
1726615627947000,7713,4263415237,0,0,172,538855037,1,160,19982000
1726615647892000,7714,4263415397,0,0,172,538855037,1,160,19945000
1726615667765000,7715,4263415557,0,0,172,538855037,1,160,19873000
1726615687749000,7716,4263415717,0,0,172,538855037,1,160,19984000
1726615707908000,7717,4263415877,0,0,172,538855037,1,160,20159000
1726615727906000,7718,4263416037,0,0,172,538855037,1,160,19998000
1726615749590000,7719,4263416197,0,0,172,538855037,1,160,21684000
1726615768461000,7720,4263416357,0,0,172,538855037,1,160,18871000
1726615787852000,7721,4263416517,0,0,172,538855037,1,160,19391000
1726615807830000,7722,4263416677,0,0,172,538855037,1,160,19978000
1726615827961000,7723,4263416837,0,0,172,538855037,1,160,20131000
1726615847880000,7724,4263416997,0,0,172,538855037,1,160,19919000
1726615868842000,7725,4263417157,0,0,172,538855037,1,160,20962000
1726615887824000,7726,4263417317,0,0,172,538855037,1,160,18982000
1726615907597000,7727,4263417477,0,0,172,538855037,1,160,19773000
1726615927561000,7728,4263417637,0,0,172,538855037,1,160,19964000
1726615948814000,7729,4263417797,0,0,172,538855037,1,160,21253000
1726615967828000,7730,4263417957,0,0,172,538855037,1,160,19014000
1726615987673000,7731,4263418117,0,0,172,538855037,1,160,19845000
1726616007552000,7732,4263418277,0,0,172,538855037,1,160,19879000
1726616027903000,7733,4263418437,0,0,172,538855037,1,160,20351000
1726616047706000,7734,4263418597,0,0,172,538855037,1,160,19803000
1726616068290000,7735,4263418757,0,0,172,538855037,1,160,20584000
1726616087686000,7736,4263418917,0,0,172,538855037,1,160,19396000
1726616108307000,7737,4263419077,0,0,172,538855037,1,160,20621000
1726616127780000,7738,4263419237,0,0,172,538855037,1,160,19473000
1726616147718000,7739,4263419397,0,0,172,538855037,1,160,19938000
1726616167694000,7740,4263419557,0,0,172,538855037,1,160,19976000
1726616187548000,7741,4263419717,0,0,172,538855037,1,160,19854000
1726616207516000,7742,4263419877,0,0,172,538855037,1,160,19968000
1726616227703000,7743,4263420037,0,0,172,538855037,1,160,20187000
1726616247650000,7744,4263420197,0,0,172,538855037,1,160,19947000
1726616268525000,7745,4263420357,0,0,172,538855037,1,160,20875000
1726616287628000,7746,4263420517,0,0,172,538855037,1,160,19103000
1726616307613000,7747,4263420677,0,0,172,538855037,1,160,19985000
1726616327780000,7748,4263420837,0,0,172,538855037,1,160,20167000
1726616351194000,7749,4263420997,0,0,172,538855037,1,160,23414000
1726616367828000,7750,4263421157,0,0,172,538855037,1,160,16634000
1726616387794000,7751,4263421317,0,0,172,538855037,1,160,19966000
1726616407621000,7752,4263421477,0,0,172,538855037,1,160,19827000
1726616427650000,7753,4263421637,0,0,172,538855037,1,160,20029000
1726616448214000,7754,4263421797,0,0,172,538855037,1,160,20564000
1726616468322000,7755,4263421957,0,0,172,538855037,1,160,20108000
1726616487654000,7756,4263422117,0,0,172,538855037,1,160,19332000
1726616507949000,7757,4263422277,0,0,172,538855037,1,160,20295000
1726616528061000,7758,4263422437,0,0,172,538855037,1,160,20112000
1726616553252000,7759,4263422597,0,0,172,538855037,1,160,25191000
1726616568411000,7760,4263422757,0,0,172,538855037,1,160,15159000
1726616587739000,7761,4263422917,0,0,172,538855037,1,160,19328000
1726616608978000,7762,4263423077,0,0,172,538855037,1,160,21239000
1726616627924000,7763,4263423237,0,0,172,538855037,1,160,18946000
1726616648436000,7764,4263423397,0,0,172,538855037,1,160,20512000
1726616667723000,7765,4263423557,0,0,172,538855037,1,160,19287000
1726616687758000,7766,4263423717,0,0,172,538855037,1,160,20035000
1726616708584000,7767,4263423877,0,0,172,538855037,1,160,20826000
1726616727787000,7768,4263424037,0,0,172,538855037,1,160,19203000
1726616750145000,7769,4263424197,0,0,172,538855037,1,160,22358000
1726616772269000,7770,4263424357,0,0,172,538855037,1,160,22124000
1726616787783000,7771,4263424517,0,0,172,538855037,1,160,15514000
1726616807789000,7772,4263424677,0,0,172,538855037,1,160,20006000
1726616828090000,7773,4263424837,0,0,172,538855037,1,160,20301000
1726616847950000,7774,4263424997,0,0,172,538855037,1,160,19860000
1726616868053000,7775,4263425157,0,0,172,538855037,1,160,20103000
1726616887889000,7776,4263425317,0,0,172,538855037,1,160,19836000
1726616907862000,7777,4263425477,0,0,172,538855037,1,160,19973000
1726616927860000,7778,4263425637,0,0,172,538855037,1,160,19998000
1726616948721000,7779,4263425797,0,0,172,538855037,1,160,20861000
1726616967839000,7780,4263425957,0,0,172,538855037,1,160,19118000
1726616987731000,7781,4263426117,0,0,172,538855037,1,160,19892000
1726617007806000,7782,4263426277,0,0,172,538855037,1,160,20075000
1726617028018000,7783,4263426437,0,0,172,538855037,1,160,20212000
1726617047881000,7784,4263426597,0,0,172,538855037,1,160,19863000
1726617067890000,7785,4263426757,0,0,172,538855037,1,160,20009000
1726617087940000,7786,4263426917,0,0,172,538855037,1,160,20050000
1726617107768000,7787,4263427077,0,0,172,538855037,1,160,19828000
1726617127737000,7788,4263427237,0,0,172,538855037,1,160,19969000
1726617147840000,7789,4263427397,0,0,172,538855037,1,160,20103000
1726617167742000,7790,4263427557,0,0,172,538855037,1,160,19902000
1726617187897000,7791,4263427717,0,0,172,538855037,1,160,20155000
1726617207969000,7792,4263427877,0,0,172,538855037,1,160,20072000
1726617227971000,7793,4263428037,0,0,172,538855037,1,160,20002000
1726617247957000,7794,4263428197,0,0,172,538855037,1,160,19986000
1726617269310000,7795,4263428357,0,0,172,538855037,1,160,21353000
1726617287787000,7796,4263428517,0,0,172,538855037,1,160,18477000
1726617308506000,7797,4263428677,0,0,172,538855037,1,160,20719000
1726617327834000,7798,4263428837,0,0,172,538855037,1,160,19328000
1726617351319000,7799,4263428997,0,0,172,538855037,1,160,23485000
1726617368800000,7800,4263429157,0,0,172,538855037,1,160,17481000
1726617387838000,7801,4263429317,0,0,172,538855037,1,160,19038000
1726617407838000,7802,4263429477,0,0,172,538855037,1,160,20000000
1726617427928000,7803,4263429637,0,0,172,538855037,1,160,20090000
1726617447768000,7804,4263429797,0,0,172,538855037,1,160,19840000
1726617467919000,7805,4263429957,0,0,172,538855037,1,160,20151000
1726617487802000,7806,4263430117,0,0,172,538855037,1,160,19883000
1726617507917000,7807,4263430277,0,0,172,538855037,1,160,20115000
1726617527922000,7808,4263430437,0,0,172,538855037,1,160,20005000
1726617553861000,7809,4263430597,0,0,172,538855037,1,160,25939000
1726617567820000,7810,4263430757,0,0,172,538855037,1,160,13959000
1726617587849000,7811,4263430917,0,0,172,538855037,1,160,20029000
1726617607902000,7812,4263431077,0,0,172,538855037,1,160,20053000
1726617627803000,7813,4263431237,0,0,172,538855037,1,160,19901000
1726617648881000,7814,4263431397,0,0,172,538855037,1,160,21078000
1726617667923000,7815,4263431557,0,0,172,538855037,1,160,19042000
1726617687574000,7816,4263431717,0,0,172,538855037,1,160,19651000
1726617707804000,7817,4263431877,0,0,172,538855037,1,160,20230000
1726617727787000,7818,4263432037,0,0,172,538855037,1,160,19983000
1726617748900000,7819,4263432197,0,0,172,538855037,1,160,21113000
1726617768487000,7820,4263432357,0,0,172,538855037,1,160,19587000
1726617787661000,7821,4263432517,0,0,172,538855037,1,160,19174000
1726617807797000,7822,4263432677,0,0,172,538855037,1,160,20136000
1726617827823000,7823,4263432837,0,0,172,538855037,1,160,20026000
1726617847763000,7824,4263432997,0,0,172,538855037,1,160,19940000
1726617867674000,7825,4263433157,0,0,172,538855037,1,160,19911000
1726617887791000,7826,4263433317,0,0,172,538855037,1,160,20117000
1726617907724000,7827,4263433477,0,0,172,538855037,1,160,19933000
1726617927853000,7828,4263433637,0,0,172,538855037,1,160,20129000
1726617948799000,7829,4263433797,0,0,172,538855037,1,160,20946000
1726617967728000,7830,4263433957,0,0,172,538855037,1,160,18929000
1726617987641000,7831,4263434117,0,0,172,538855037,1,160,19913000
1726618007799000,7832,4263434277,0,0,172,538855037,1,160,20158000
1726618029581000,7833,4263434437,0,0,172,538855037,1,160,21782000
1726618048911000,7834,4263434597,0,0,172,538855037,1,160,19330000
1726618067848000,7835,4263434757,0,0,172,538855037,1,160,18937000
1726618089145000,7836,4263434917,0,0,172,538855037,1,160,21297000
1726618107701000,7837,4263435077,0,0,172,538855037,1,160,18556000
1726618127869000,7838,4263435237,0,0,172,538855037,1,160,20168000
1726618148479000,7839,4263435397,0,0,172,538855037,1,160,20610000
1726618169287000,7840,4263435557,0,0,172,538855037,1,160,20808000
1726618187568000,7841,4263435717,0,0,172,538855037,1,160,18281000
1726618208546000,7842,4263435877,0,0,172,538855037,1,160,20978000
1726618227886000,7843,4263436037,0,0,172,538855037,1,160,19340000
1726618247810000,7844,4263436197,0,0,172,538855037,1,160,19924000
1726618268388000,7845,4263436357,0,0,172,538855037,1,160,20578000
1726618287717000,7846,4263436517,0,0,172,538855037,1,160,19329000
1726618307822000,7847,4263436677,0,0,172,538855037,1,160,20105000
1726618327950000,7848,4263436837,0,0,172,538855037,1,160,20128000
1726618351409000,7849,4263436997,0,0,172,538855037,1,160,23459000
1726618367763000,7850,4263437157,0,0,172,538855037,1,160,16354000
1726618387827000,7851,4263437317,0,0,172,538855037,1,160,20064000
1726618407721000,7852,4263437477,0,0,172,538855037,1,160,19894000
1726618427777000,7853,4263437637,0,0,172,538855037,1,160,20056000
1726618447837000,7854,4263437797,0,0,172,538855037,1,160,20060000
1726618467791000,7855,4263437957,0,0,172,538855037,1,160,19954000
1726618487761000,7856,4263438117,0,0,172,538855037,1,160,19970000
1726618507886000,7857,4263438277,0,0,172,538855037,1,160,20125000
1726618527832000,7858,4263438437,0,0,172,538855037,1,160,19946000
1726618553537000,7859,4263438597,0,0,172,538855037,1,160,25705000
1726618567854000,7860,4263438757,0,0,172,538855037,1,160,14317000
1726618587664000,7861,4263438917,0,0,172,538855037,1,160,19810000
1726618607905000,7862,4263439077,0,0,172,538855037,1,160,20241000
1726618627837000,7863,4263439237,0,0,172,538855037,1,160,19932000
1726618647769000,7864,4263439397,0,0,172,538855037,1,160,19932000
1726618667789000,7865,4263439557,0,0,172,538855037,1,160,20020000
1726618687716000,7866,4263439717,0,0,172,538855037,1,160,19927000
1726618707862000,7867,4263439877,0,0,172,538855037,1,160,20146000
1726618727878000,7868,4263440037,0,0,172,538855037,1,160,20016000
1726618747681000,7869,4263440197,0,0,172,538855037,1,160,19803000
1726618768207000,7870,4263440357,0,0,172,538855037,1,160,20526000
1726618787748000,7871,4263440517,0,0,172,538855037,1,160,19541000
1726618807991000,7872,4263440677,0,0,172,538855037,1,160,20243000
1726618827888000,7873,4263440837,0,0,172,538855037,1,160,19897000
1726618847894000,7874,4263440997,0,0,172,538855037,1,160,20006000
1726618867689000,7875,4263441157,0,0,172,538855037,1,160,19795000
1726618887724000,7876,4263441317,0,0,172,538855037,1,160,20035000
1726618907775000,7877,4263441477,0,0,172,538855037,1,160,20051000
1726618927763000,7878,4263441637,0,0,172,538855037,1,160,19988000
1726618948799000,7879,4263441797,0,0,172,538855037,1,160,21036000
1726618967753000,7880,4263441957,0,0,172,538855037,1,160,18954000
1726618987846000,7881,4263442117,0,0,172,538855037,1,160,20093000
1726619007895000,7882,4263442277,0,0,172,538855037,1,160,20049000
1726619027754000,7883,4263442437,0,0,172,538855037,1,160,19859000
1726619047763000,7884,4263442597,0,0,172,538855037,1,160,20009000
1726619067748000,7885,4263442757,0,0,172,538855037,1,160,19985000
1726619087768000,7886,4263442917,0,0,172,538855037,1,160,20020000
1726619107657000,7887,4263443077,0,0,172,538855037,1,160,19889000
1726619127845000,7888,4263443237,0,0,172,538855037,1,160,20188000
1726619147762000,7889,4263443397,0,0,172,538855037,1,160,19917000
1726619167819000,7890,4263443557,0,0,172,538855037,1,160,20057000
1726619188831000,7891,4263443717,0,0,172,538855037,1,160,21012000
1726619207852000,7892,4263443877,0,0,172,538855037,1,160,19021000
1726619227779000,7893,4263444037,0,0,172,538855037,1,160,19927000
1726619247851000,7894,4263444197,0,0,172,538855037,1,160,20072000
1726619267674000,7895,4263444357,0,0,172,538855037,1,160,19823000
1726619287573000,7896,4263444517,0,0,172,538855037,1,160,19899000
1726619307782000,7897,4263444677,0,0,172,538855037,1,160,20209000
1726619327701000,7898,4263444837,0,0,172,538855037,1,160,19919000
1726619351413000,7899,4263444997,0,0,172,538855037,1,160,23712000
1726619367711000,7900,4263445157,0,0,172,538855037,1,160,16298000
1726619387739000,7901,4263445317,0,0,172,538855037,1,160,20028000
1726619407687000,7902,4263445477,0,0,172,538855037,1,160,19948000
1726619427987000,7903,4263445637,0,0,172,538855037,1,160,20300000
1726619447703000,7904,4263445797,0,0,172,538855037,1,160,19716000
1726619468352000,7905,4263445957,0,0,172,538855037,1,160,20649000
1726619487738000,7906,4263446117,0,0,172,538855037,1,160,19386000
1726619507529000,7907,4263446277,0,0,172,538855037,1,160,19791000
1726619527768000,7908,4263446437,0,0,172,538855037,1,160,20239000
1726619553767000,7909,4263446597,0,0,172,538855037,1,160,25999000
1726619572040000,7910,4263446757,0,0,172,538855037,1,160,18273000
1726619587853000,7911,4263446917,0,0,172,538855037,1,160,15813000
1726619607661000,7912,4263447077,0,0,172,538855037,1,160,19808000
1726619628963000,7913,4263447237,0,0,172,538855037,1,160,21302000
1726619647559000,7914,4263447397,0,0,172,538855037,1,160,18596000
1726619667657000,7915,4263447557,0,0,172,538855037,1,160,20098000
1726619687540000,7916,4263447717,0,0,172,538855037,1,160,19883000
1726619707483000,7917,4263447877,0,0,172,538855037,1,160,19943000
1726619727906000,7918,4263448037,0,0,172,538855037,1,160,20423000
1726619748472000,7919,4263448197,0,0,172,538855037,1,160,20566000
1726619768762000,7920,4263448357,0,0,172,538855037,1,160,20290000
1726619787482000,7921,4263448517,0,0,172,538855037,1,160,18720000
1726619807218000,7922,4263448677,0,0,172,538855037,1,160,19736000
1726619827722000,7923,4263448837,0,0,172,538855037,1,160,20504000
1726619847722000,7924,4263448997,0,0,172,538855037,1,160,20000000
1726619867746000,7925,4263449157,0,0,172,538855037,1,160,20024000
1726619887580000,7926,4263449317,0,0,172,538855037,1,160,19834000
1726619907980000,7927,4263449477,0,0,172,538855037,1,160,20400000
1726619927849000,7928,4263449637,0,0,172,538855037,1,160,19869000
1726619949262000,7929,4263449797,0,0,172,538855037,1,160,21413000
1726619967683000,7930,4263449957,0,0,172,538855037,1,160,18421000
1726619987616000,7931,4263450117,0,0,172,538855037,1,160,19933000
1726620007700000,7932,4263450277,0,0,172,538855037,1,160,20084000
1726620027757000,7933,4263450437,0,0,172,538855037,1,160,20057000
1726620047752000,7934,4263450597,0,0,172,538855037,1,160,19995000
1726620067564000,7935,4263450757,0,0,172,538855037,1,160,19812000
1726620087697000,7936,4263450917,0,0,172,538855037,1,160,20133000
1726620107668000,7937,4263451077,0,0,172,538855037,1,160,19971000
1726620127833000,7938,4263451237,0,0,172,538855037,1,160,20165000
1726620147771000,7939,4263451397,0,0,172,538855037,1,160,19938000
1726620167663000,7940,4263451557,0,0,172,538855037,1,160,19892000
1726620188826000,7941,4263451717,0,0,172,538855037,1,160,21163000
1726620207746000,7942,4263451877,0,0,172,538855037,1,160,18920000
1726620227793000,7943,4263452037,0,0,172,538855037,1,160,20047000
1726620247773000,7944,4263452197,0,0,172,538855037,1,160,19980000
1726620267819000,7945,4263452357,0,0,172,538855037,1,160,20046000
1726620287643000,7946,4263452517,0,0,172,538855037,1,160,19824000
1726620307806000,7947,4263452677,0,0,172,538855037,1,160,20163000
1726620327833000,7948,4263452837,0,0,172,538855037,1,160,20027000
1726620351221000,7949,4263452997,0,0,172,538855037,1,160,23388000
1726620368243000,7950,4263453157,0,0,172,538855037,1,160,17022000
1726620387753000,7951,4263453317,0,0,172,538855037,1,160,19510000
1726620407594000,7952,4263453477,0,0,172,538855037,1,160,19841000
1726620427945000,7953,4263453637,0,0,172,538855037,1,160,20351000
1726620447824000,7954,4263453797,0,0,172,538855037,1,160,19879000
1726620467769000,7955,4263453957,0,0,172,538855037,1,160,19945000
1726620487739000,7956,4263454117,0,0,172,538855037,1,160,19970000
1726620507831000,7957,4263454277,0,0,172,538855037,1,160,20092000
1726620528335000,7958,4263454437,0,0,172,538855037,1,160,20504000
1726620553456000,7959,4263454597,0,0,172,538855037,1,160,25121000
1726620567656000,7960,4263454757,0,0,172,538855037,1,160,14200000
1726620587623000,7961,4263454917,0,0,172,538855037,1,160,19967000
1726620607827000,7962,4263455077,0,0,172,538855037,1,160,20204000
1726620628001000,7963,4263455237,0,0,172,538855037,1,160,20174000
1726620647841000,7964,4263455397,0,0,172,538855037,1,160,19840000
1726620667630000,7965,4263455557,0,0,172,538855037,1,160,19789000
1726620687526000,7966,4263455717,0,0,172,538855037,1,160,19896000
1726620707566000,7967,4263455877,0,0,172,538855037,1,160,20040000
1726620728349000,7968,4263456037,0,0,172,538855037,1,160,20783000
1726620748605000,7969,4263456197,0,0,172,538855037,1,160,20256000
1726620767751000,7970,4263456357,0,0,172,538855037,1,160,19146000
1726620787801000,7971,4263456517,0,0,172,538855037,1,160,20050000
1726620808264000,7972,4263456677,0,0,172,538855037,1,160,20463000
1726620827781000,7973,4263456837,0,0,172,538855037,1,160,19517000
1726620847682000,7974,4263456997,0,0,172,538855037,1,160,19901000
1726620867894000,7975,4263457157,0,0,172,538855037,1,160,20212000
1726620887652000,7976,4263457317,0,0,172,538855037,1,160,19758000
1726620907559000,7977,4263457477,0,0,172,538855037,1,160,19907000
1726620928297000,7978,4263457637,0,0,172,538855037,1,160,20738000
1726620948819000,7979,4263457797,0,0,172,538855037,1,160,20522000
1726620967912000,7980,4263457957,0,0,172,538855037,1,160,19093000
1726620988569000,7981,4263458117,0,0,172,538855037,1,160,20657000
1726621007818000,7982,4263458277,0,0,172,538855037,1,160,19249000
1726621027735000,7983,4263458437,0,0,172,538855037,1,160,19917000
1726621047655000,7984,4263458597,0,0,172,538855037,1,160,19920000
1726621067664000,7985,4263458757,0,0,172,538855037,1,160,20009000
1726621088473000,7986,4263458917,0,0,172,538855037,1,160,20809000
1726621107663000,7987,4263459077,0,0,172,538855037,1,160,19190000
1726621127666000,7988,4263459237,0,0,172,538855037,1,160,20003000
1726621147675000,7989,4263459397,0,0,172,538855037,1,160,20009000
1726621167616000,7990,4263459557,0,0,172,538855037,1,160,19941000
1726621187616000,7991,4263459717,0,0,172,538855037,1,160,20000000
1726621207609000,7992,4263459877,0,0,172,538855037,1,160,19993000
1726621227699000,7993,4263460037,0,0,172,538855037,1,160,20090000
1726621248326000,7994,4263460197,0,0,172,538855037,1,160,20627000
1726621268295000,7995,4263460357,0,0,172,538855037,1,160,19969000
1726621287593000,7996,4263460517,0,0,172,538855037,1,160,19298000
1726621307622000,7997,4263460677,0,0,172,538855037,1,160,20029000
1726621328272000,7998,4263460837,0,0,172,538855037,1,160,20650000
1726621351171000,7999,4263460997,0,0,172,538855037,1,160,22899000
1726621367832000,8000,4263461157,0,0,172,538855037,1,160,16661000
1726621387699000,8001,4263461317,0,0,172,538855037,1,160,19867000
1726621407699000,8002,4263461477,0,0,172,538855037,1,160,20000000
1726621427695000,8003,4263461637,0,0,172,538855037,1,160,19996000
1726621447925000,8004,4263461797,0,0,172,538855037,1,160,20230000
1726621467784000,8005,4263461957,0,0,172,538855037,1,160,19859000
1726621487637000,8006,4263462117,0,0,172,538855037,1,160,19853000
1726621507676000,8007,4263462277,0,0,172,538855037,1,160,20039000
1726621527888000,8008,4263462437,0,0,172,538855037,1,160,20212000
1726621553307000,8009,4263462597,0,0,172,538855037,1,160,25419000
1726621568449000,8010,4263462757,0,0,172,538855037,1,160,15142000
1726621587616000,8011,4263462917,0,0,172,538855037,1,160,19167000
1726621607782000,8012,4263463077,0,0,172,538855037,1,160,20166000
1726621627774000,8013,4263463237,0,0,172,538855037,1,160,19992000
1726621647623000,8014,4263463397,0,0,172,538855037,1,160,19849000
1726621667652000,8015,4263463557,0,0,172,538855037,1,160,20029000
1726621688985000,8016,4263463717,0,0,172,538855037,1,160,21333000
1726621707581000,8017,4263463877,0,0,172,538855037,1,160,18596000
1726621727706000,8018,4263464037,0,0,172,538855037,1,160,20125000
1726621749277000,8019,4263464197,0,0,172,538855037,1,160,21571000
1726621767591000,8020,4263464357,0,0,172,538855037,1,160,18314000
1726621787353000,8021,4263464517,0,0,172,538855037,1,160,19762000
1726621807686000,8022,4263464677,0,0,172,538855037,1,160,20333000
1726621827758000,8023,4263464837,0,0,172,538855037,1,160,20072000
1726621847598000,8024,4263464997,0,0,172,538855037,1,160,19840000
1726621868351000,8025,4263465157,0,0,172,538855037,1,160,20753000
1726621887543000,8026,4263465317,0,0,172,538855037,1,160,19192000
1726621907667000,8027,4263465477,0,0,172,538855037,1,160,20124000
1726621927385000,8028,4263465637,0,0,172,538855037,1,160,19718000
1726621949027000,8029,4263465797,0,0,172,538855037,1,160,21642000
1726621968257000,8030,4263465957,0,0,172,538855037,1,160,19230000
1726621987551000,8031,4263466117,0,0,172,538855037,1,160,19294000
1726622007605000,8032,4263466277,0,0,172,538855037,1,160,20054000
1726622027451000,8033,4263466437,0,0,172,538855037,1,160,19846000
1726622047833000,8034,4263466597,0,0,172,538855037,1,160,20382000
1726622067645000,8035,4263466757,0,0,172,538855037,1,160,19812000
1726622087687000,8036,4263466917,0,0,172,538855037,1,160,20042000
1726622108396000,8037,4263467077,0,0,172,538855037,1,160,20709000
1726622127722000,8038,4263467237,0,0,172,538855037,1,160,19326000
1726622148023000,8039,4263467397,0,0,172,538855037,1,160,20301000
1726622167583000,8040,4263467557,0,0,172,538855037,1,160,19560000
1726622187678000,8041,4263467717,0,0,172,538855037,1,160,20095000
1726622207683000,8042,4263467877,0,0,172,538855037,1,160,20005000
1726622227752000,8043,4263468037,0,0,172,538855037,1,160,20069000
1726622247829000,8044,4263468197,0,0,172,538855037,1,160,20077000
1726622267836000,8045,4263468357,0,0,172,538855037,1,160,20007000
1726622288145000,8046,4263468517,0,0,172,538855037,1,160,20309000
1726622310455000,8047,4263468677,0,0,172,538855037,1,160,22310000
1726622328906000,8048,4263468837,0,0,172,538855037,1,160,18451000
1726622351345000,8049,4263468997,0,0,172,538855037,1,160,22439000
1726622368181000,8050,4263469157,0,0,172,538855037,1,160,16836000
1726622387521000,8051,4263469317,0,0,172,538855037,1,160,19340000
1726622407768000,8052,4263469477,0,0,172,538855037,1,160,20247000
1726622429611000,8053,4263469637,0,0,172,538855037,1,160,21843000
1726622447715000,8054,4263469797,0,0,172,538855037,1,160,18104000
1726622468142000,8055,4263469957,0,0,172,538855037,1,160,20427000
1726622487501000,8056,4263470117,0,0,172,538855037,1,160,19359000
1726622507781000,8057,4263470277,0,0,172,538855037,1,160,20280000
1726622527705000,8058,4263470437,0,0,172,538855037,1,160,19924000
1726622553441000,8059,4263470597,0,0,172,538855037,1,160,25736000
1726622567801000,8060,4263470757,0,0,172,538855037,1,160,14360000
1726622587678000,8061,4263470917,0,0,172,538855037,1,160,19877000
1726622607823000,8062,4263471077,0,0,172,538855037,1,160,20145000
1726622627771000,8063,4263471237,0,0,172,538855037,1,160,19948000
1726622647762000,8064,4263471397,0,0,172,538855037,1,160,19991000
1726622667468000,8065,4263471557,0,0,172,538855037,1,160,19706000
1726622687454000,8066,4263471717,0,0,172,538855037,1,160,19986000
1726622707458000,8067,4263471877,0,0,172,538855037,1,160,20004000
1726622727660000,8068,4263472037,0,0,172,538855037,1,160,20202000
1726622748580000,8069,4263472197,0,0,172,538855037,1,160,20920000
1726622768468000,8070,4263472357,0,0,172,538855037,1,160,19888000
1726622787817000,8071,4263472517,0,0,172,538855037,1,160,19349000
1726622807664000,8072,4263472677,0,0,172,538855037,1,160,19847000
1726622827851000,8073,4263472837,0,0,172,538855037,1,160,20187000
1726622847473000,8074,4263472997,0,0,172,538855037,1,160,19622000
1726622867654000,8075,4263473157,0,0,172,538855037,1,160,20181000
1726622887413000,8076,4263473317,0,0,172,538855037,1,160,19759000
1726622907584000,8077,4263473477,0,0,172,538855037,1,160,20171000
1726622927857000,8078,4263473637,0,0,172,538855037,1,160,20273000
1726622947752000,8079,4263473797,0,0,172,538855037,1,160,19895000
1726622967721000,8080,4263473957,0,0,172,538855037,1,160,19969000
1726622987395000,8081,4263474117,0,0,172,538855037,1,160,19674000
1726623007631000,8082,4263474277,0,0,172,538855037,1,160,20236000
1726623027829000,8083,4263474437,0,0,172,538855037,1,160,20198000
1726623047714000,8084,4263474597,0,0,172,538855037,1,160,19885000
1726623067565000,8085,4263474757,0,0,172,538855037,1,160,19851000
1726623087487000,8086,4263474917,0,0,172,538855037,1,160,19922000
1726623107661000,8087,4263475077,0,0,172,538855037,1,160,20174000
1726623127789000,8088,4263475237,0,0,172,538855037,1,160,20128000
1726623148365000,8089,4263475397,0,0,172,538855037,1,160,20576000
1726623167586000,8090,4263475557,0,0,172,538855037,1,160,19221000
1726623187502000,8091,4263475717,0,0,172,538855037,1,160,19916000
1726623207705000,8092,4263475877,0,0,172,538855037,1,160,20203000
1726623227694000,8093,4263476037,0,0,172,538855037,1,160,19989000
1726623247685000,8094,4263476197,0,0,172,538855037,1,160,19991000
1726623269356000,8095,4263476357,0,0,172,538855037,1,160,21671000
1726623287632000,8096,4263476517,0,0,172,538855037,1,160,18276000
1726623307710000,8097,4263476677,0,0,172,538855037,1,160,20078000
1726623328557000,8098,4263476837,0,0,172,538855037,1,160,20847000
1726623351384000,8099,4263476997,0,0,172,538855037,1,160,22827000
1726623369412000,8100,4263477157,0,0,172,538855037,1,160,18028000
1726623387447000,8101,4263477317,0,0,172,538855037,1,160,18035000
1726623407596000,8102,4263477477,0,0,172,538855037,1,160,20149000
1726623427638000,8103,4263477637,0,0,172,538855037,1,160,20042000
1726623447640000,8104,4263477797,0,0,172,538855037,1,160,20002000
1726623467564000,8105,4263477957,0,0,172,538855037,1,160,19924000
1726623488038000,8106,4263478117,0,0,172,538855037,1,160,20474000
1726623507655000,8107,4263478277,0,0,172,538855037,1,160,19617000
1726623527673000,8108,4263478437,0,0,172,538855037,1,160,20018000
1726623553578000,8109,4263478597,0,0,172,538855037,1,160,25905000
1726623567582000,8110,4263478757,0,0,172,538855037,1,160,14004000
1726623587559000,8111,4263478917,0,0,172,538855037,1,160,19977000
1726623608148000,8112,4263479077,0,0,172,538855037,1,160,20589000
1726623627915000,8113,4263479237,0,0,172,538855037,1,160,19767000
1726623647539000,8114,4263479397,0,0,172,538855037,1,160,19624000
1726623667613000,8115,4263479557,0,0,172,538855037,1,160,20074000
1726623687630000,8116,4263479717,0,0,172,538855037,1,160,20017000
1726623707623000,8117,4263479877,0,0,172,538855037,1,160,19993000
1726623728177000,8118,4263480037,0,0,172,538855037,1,160,20554000
1726623748560000,8119,4263480197,0,0,172,538855037,1,160,20383000
1726623767662000,8120,4263480357,0,0,172,538855037,1,160,19102000
1726623787630000,8121,4263480517,0,0,172,538855037,1,160,19968000
1726623807611000,8122,4263480677,0,0,172,538855037,1,160,19981000
1726623827516000,8123,4263480837,0,0,172,538855037,1,160,19905000
1726623847611000,8124,4263480997,0,0,172,538855037,1,160,20095000
1726623867607000,8125,4263481157,0,0,172,538855037,1,160,19996000
1726623887628000,8126,4263481317,0,0,172,538855037,1,160,20021000
1726623907435000,8127,4263481477,0,0,172,538855037,1,160,19807000
1726623927598000,8128,4263481637,0,0,172,538855037,1,160,20163000
1726623948607000,8129,4263481797,0,0,172,538855037,1,160,21009000
1726623967523000,8130,4263481957,0,0,172,538855037,1,160,18916000
1726623987498000,8131,4263482117,0,0,172,538855037,1,160,19975000
1726624007256000,8132,4263482277,0,0,172,538855037,1,160,19758000
1726624027689000,8133,4263482437,0,0,172,538855037,1,160,20433000
1726624047690000,8134,4263482597,0,0,172,538855037,1,160,20001000
1726624067685000,8135,4263482757,0,0,172,538855037,1,160,19995000
1726624087656000,8136,4263482917,0,0,172,538855037,1,160,19971000
1726624107459000,8137,4263483077,0,0,172,538855037,1,160,19803000
1726624127739000,8138,4263483237,0,0,172,538855037,1,160,20280000
1726624148458000,8139,4263483397,0,0,172,538855037,1,160,20719000
1726624167472000,8140,4263483557,0,0,172,538855037,1,160,19014000
1726624187495000,8141,4263483717,0,0,172,538855037,1,160,20023000
1726624207622000,8142,4263483877,0,0,172,538855037,1,160,20127000
1726624227796000,8143,4263484037,0,0,172,538855037,1,160,20174000
1726624247738000,8144,4263484197,0,0,172,538855037,1,160,19942000
1726624267605000,8145,4263484357,0,0,172,538855037,1,160,19867000
1726624287579000,8146,4263484517,0,0,172,538855037,1,160,19974000
1726624307465000,8147,4263484677,0,0,172,538855037,1,160,19886000
1726624327569000,8148,4263484837,0,0,172,538855037,1,160,20104000
1726624352379000,8149,4263484997,0,0,172,538855037,1,160,24810000
1726624367513000,8150,4263485157,0,0,172,538855037,1,160,15134000
1726624387661000,8151,4263485317,0,0,172,538855037,1,160,20148000
1726624407578000,8152,4263485477,0,0,172,538855037,1,160,19917000
1726624427763000,8153,4263485637,0,0,172,538855037,1,160,20185000
1726624447581000,8154,4263485797,0,0,172,538855037,1,160,19818000
1726624467530000,8155,4263485957,0,0,172,538855037,1,160,19949000
1726624487533000,8156,4263486117,0,0,172,538855037,1,160,20003000
1726624507478000,8157,4263486277,0,0,172,538855037,1,160,19945000
1726624527705000,8158,4263486437,0,0,172,538855037,1,160,20227000
1726624553381000,8159,4263486597,0,0,172,538855037,1,160,25676000
1726624567733000,8160,4263486757,0,0,172,538855037,1,160,14352000
1726624587569000,8161,4263486917,0,0,172,538855037,1,160,19836000
1726624607518000,8162,4263487077,0,0,172,538855037,1,160,19949000
1726624627723000,8163,4263487237,0,0,172,538855037,1,160,20205000
1726624647613000,8164,4263487397,0,0,172,538855037,1,160,19890000
1726624667829000,8165,4263487557,0,0,172,538855037,1,160,20216000
1726624687541000,8166,4263487717,0,0,172,538855037,1,160,19712000
1726624707322000,8167,4263487877,0,0,172,538855037,1,160,19781000
1726624727653000,8168,4263488037,0,0,172,538855037,1,160,20331000
1726624748615000,8169,4263488197,0,0,172,538855037,1,160,20962000
1726624767565000,8170,4263488357,0,0,172,538855037,1,160,18950000
1726624787593000,8171,4263488517,0,0,172,538855037,1,160,20028000
1726624807981000,8172,4263488677,0,0,172,538855037,1,160,20388000
1726624827861000,8173,4263488837,0,0,172,538855037,1,160,19880000
1726624847732000,8174,4263488997,0,0,172,538855037,1,160,19871000
1726624867656000,8175,4263489157,0,0,172,538855037,1,160,19924000
1726624887595000,8176,4263489317,0,0,172,538855037,1,160,19939000
1726624907617000,8177,4263489477,0,0,172,538855037,1,160,20022000
1726624927738000,8178,4263489637,0,0,172,538855037,1,160,20121000
1726624948537000,8179,4263489797,0,0,172,538855037,1,160,20799000
1726624967730000,8180,4263489957,0,0,172,538855037,1,160,19193000
1726624987611000,8181,4263490117,0,0,172,538855037,1,160,19881000
1726625007628000,8182,4263490277,0,0,172,538855037,1,160,20017000
1726625027640000,8183,4263490437,0,0,172,538855037,1,160,20012000
1726625047741000,8184,4263490597,0,0,172,538855037,1,160,20101000
1726625067549000,8185,4263490757,0,0,172,538855037,1,160,19808000
1726625087535000,8186,4263490917,0,0,172,538855037,1,160,19986000
1726625107601000,8187,4263491077,0,0,172,538855037,1,160,20066000
1726625127729000,8188,4263491237,0,0,172,538855037,1,160,20128000
1726625147676000,8189,4263491397,0,0,172,538855037,1,160,19947000
1726625167392000,8190,4263491557,0,0,172,538855037,1,160,19716000
1726625187527000,8191,4263491717,0,0,172,538855037,1,160,20135000
1726625208822000,8192,4263491877,0,0,172,538855037,1,160,21295000
1726625227665000,8193,4263492037,0,0,172,538855037,1,160,18843000
1726625249283000,8194,4263492197,0,0,172,538855037,1,160,21618000
1726625267563000,8195,4263492357,0,0,172,538855037,1,160,18280000
1726625287558000,8196,4263492517,0,0,172,538855037,1,160,19995000
1726625307707000,8197,4263492677,0,0,172,538855037,1,160,20149000
1726625327664000,8198,4263492837,0,0,172,538855037,1,160,19957000
1726625351116000,8199,4263492997,0,0,172,538855037,1,160,23452000
1726625367474000,8200,4263493157,0,0,172,538855037,1,160,16358000
1726625387435000,8201,4263493317,0,0,172,538855037,1,160,19961000
1726625407599000,8202,4263493477,0,0,172,538855037,1,160,20164000
1726625427624000,8203,4263493637,0,0,172,538855037,1,160,20025000
1726625447510000,8204,4263493797,0,0,172,538855037,1,160,19886000
1726625467511000,8205,4263493957,0,0,172,538855037,1,160,20001000
1726625487504000,8206,4263494117,0,0,172,538855037,1,160,19993000
1726625507642000,8207,4263494277,0,0,172,538855037,1,160,20138000
1726625527775000,8208,4263494437,0,0,172,538855037,1,160,20133000
1726625553738000,8209,4263494597,0,0,172,538855037,1,160,25963000
1726625567491000,8210,4263494757,0,0,172,538855037,1,160,13753000
1726625587504000,8211,4263494917,0,0,172,538855037,1,160,20013000
1726625607424000,8212,4263495077,0,0,172,538855037,1,160,19920000
1726625627394000,8213,4263495237,0,0,172,538855037,1,160,19970000
1726625647532000,8214,4263495397,0,0,172,538855037,1,160,20138000
1726625667595000,8215,4263495557,0,0,172,538855037,1,160,20063000
1726625687481000,8216,4263495717,0,0,172,538855037,1,160,19886000
1726625707803000,8217,4263495877,0,0,172,538855037,1,160,20322000
1726625728159000,8218,4263496037,0,0,172,538855037,1,160,20356000
1726625750229000,8219,4263496197,0,0,172,538855037,1,160,22070000
1726625767427000,8220,4263496357,0,0,172,538855037,1,160,17198000
1726625787531000,8221,4263496517,0,0,172,538855037,1,160,20104000
1726625807924000,8222,4263496677,0,0,172,538855037,1,160,20393000
1726625827847000,8223,4263496837,0,0,172,538855037,1,160,19923000
1726625847705000,8224,4263496997,0,0,172,538855037,1,160,19858000
1726625867608000,8225,4263497157,0,0,172,538855037,1,160,19903000
1726625887706000,8226,4263497317,0,0,172,538855037,1,160,20098000
1726625908093000,8227,4263497477,0,0,172,538855037,1,160,20387000
1726625927611000,8228,4263497637,0,0,172,538855037,1,160,19518000
1726625948611000,8229,4263497797,0,0,172,538855037,1,160,21000000
1726625967318000,8230,4263497957,0,0,172,538855037,1,160,18707000
1726625987613000,8231,4263498117,0,0,172,538855037,1,160,20295000
1726626007416000,8232,4263498277,0,0,172,538855037,1,160,19803000
1726626027568000,8233,4263498437,0,0,172,538855037,1,160,20152000
1726626047623000,8234,4263498597,0,0,172,538855037,1,160,20055000
1726626067693000,8235,4263498757,0,0,172,538855037,1,160,20070000
1726626087959000,8236,4263498917,0,0,172,538855037,1,160,20266000
1726626107532000,8237,4263499077,0,0,172,538855037,1,160,19573000
1726626127748000,8238,4263499237,0,0,172,538855037,1,160,20216000
1726626147711000,8239,4263499397,0,0,172,538855037,1,160,19963000
1726626167545000,8240,4263499557,0,0,172,538855037,1,160,19834000
1726626187871000,8241,4263499717,0,0,172,538855037,1,160,20326000
1726626207766000,8242,4263499877,0,0,172,538855037,1,160,19895000
1726626227721000,8243,4263500037,0,0,172,538855037,1,160,19955000
1726626247328000,8244,4263500197,0,0,172,538855037,1,160,19607000
1726626268525000,8245,4263500357,0,0,172,538855037,1,160,21197000
1726626287477000,8246,4263500517,0,0,172,538855037,1,160,18952000
1726626307554000,8247,4263500677,0,0,172,538855037,1,160,20077000
1726626327800000,8248,4263500837,0,0,172,538855037,1,160,20246000
1726626351009000,8249,4263500997,0,0,172,538855037,1,160,23209000
1726626368703000,8250,4263501157,0,0,172,538855037,1,160,17694000
1726626387467000,8251,4263501317,0,0,172,538855037,1,160,18764000
1726626409524000,8252,4263501477,0,0,172,538855037,1,160,22057000
1726626427666000,8253,4263501637,0,0,172,538855037,1,160,18142000
1726626447567000,8254,4263501797,0,0,172,538855037,1,160,19901000
1726626467518000,8255,4263501957,0,0,172,538855037,1,160,19951000
1726626487621000,8256,4263502117,0,0,172,538855037,1,160,20103000
1726626507589000,8257,4263502277,0,0,172,538855037,1,160,19968000
1726626527563000,8258,4263502437,0,0,172,538855037,1,160,19974000
1726626553564000,8259,4263502597,0,0,172,538855037,1,160,26001000
1726626567582000,8260,4263502757,0,0,172,538855037,1,160,14018000
1726626587573000,8261,4263502917,0,0,172,538855037,1,160,19991000
1726626608045000,8262,4263503077,0,0,172,538855037,1,160,20472000
1726626627603000,8263,4263503237,0,0,172,538855037,1,160,19558000
1726626648120000,8264,4263503397,0,0,172,538855037,1,160,20517000
1726626667438000,8265,4263503557,0,0,172,538855037,1,160,19318000
1726626687387000,8266,4263503717,0,0,172,538855037,1,160,19949000
1726626707460000,8267,4263503877,0,0,172,538855037,1,160,20073000
1726626727488000,8268,4263504037,0,0,172,538855037,1,160,20028000
1726626748541000,8269,4263504197,0,0,172,538855037,1,160,21053000
1726626767440000,8270,4263504357,0,0,172,538855037,1,160,18899000
1726626787365000,8271,4263504517,0,0,172,538855037,1,160,19925000
1726626807697000,8272,4263504677,0,0,172,538855037,1,160,20332000
1726626827584000,8273,4263504837,0,0,172,538855037,1,160,19887000
1726626847528000,8274,4263504997,0,0,172,538855037,1,160,19944000
1726626867527000,8275,4263505157,0,0,172,538855037,1,160,19999000
1726626887418000,8276,4263505317,0,0,172,538855037,1,160,19891000
1726626907590000,8277,4263505477,0,0,172,538855037,1,160,20172000
1726626927582000,8278,4263505637,0,0,172,538855037,1,160,19992000
1726626948499000,8279,4263505797,0,0,172,538855037,1,160,20917000
1726626967527000,8280,4263505957,0,0,172,538855037,1,160,19028000
1726626987454000,8281,4263506117,0,0,172,538855037,1,160,19927000
1726627007559000,8282,4263506277,0,0,172,538855037,1,160,20105000
1726627027622000,8283,4263506437,0,0,172,538855037,1,160,20063000
1726627047548000,8284,4263506597,0,0,172,538855037,1,160,19926000
1726627068219000,8285,4263506757,0,0,172,538855037,1,160,20671000
1726627087605000,8286,4263506917,0,0,172,538855037,1,160,19386000
1726627108276000,8287,4263507077,0,0,172,538855037,1,160,20671000
1726627127646000,8288,4263507237,0,0,172,538855037,1,160,19370000
1726627147638000,8289,4263507397,0,0,172,538855037,1,160,19992000
1726627167478000,8290,4263507557,0,0,172,538855037,1,160,19840000
1726627187356000,8291,4263507717,0,0,172,538855037,1,160,19878000
1726627207300000,8292,4263507877,0,0,172,538855037,1,160,19944000
1726627227577000,8293,4263508037,0,0,172,538855037,1,160,20277000
1726627247607000,8294,4263508197,0,0,172,538855037,1,160,20030000
1726627267552000,8295,4263508357,0,0,172,538855037,1,160,19945000
1726627287432000,8296,4263508517,0,0,172,538855037,1,160,19880000
1726627307543000,8297,4263508677,0,0,172,538855037,1,160,20111000
1726627327731000,8298,4263508837,0,0,172,538855037,1,160,20188000
1726627347671000,8299,4263508997,0,0,172,538855037,1,160,19940000
1726627367463000,8300,4263509157,0,0,172,538855037,1,160,19792000
1726627387502000,8301,4263509317,0,0,172,538855037,1,160,20039000
1726627407488000,8302,4263509477,0,0,172,538855037,1,160,19986000
1726627427505000,8303,4263509637,0,0,172,538855037,1,160,20017000
1726627447593000,8304,4263509797,0,0,172,538855037,1,160,20088000
1726627467408000,8305,4263509957,0,0,172,538855037,1,160,19815000
1726627487419000,8306,4263510117,0,0,172,538855037,1,160,20011000
1726627507574000,8307,4263510277,0,0,172,538855037,1,160,20155000
1726627527437000,8308,4263510437,0,0,172,538855037,1,160,19863000
1726627547589000,8309,4263510597,0,0,172,538855037,1,160,20152000
1726627567603000,8310,4263510757,0,0,172,538855037,1,160,20014000
1726627587358000,8311,4263510917,0,0,172,538855037,1,160,19755000
1726627607157000,8312,4263511077,0,0,172,538855037,1,160,19799000
1726627627556000,8313,4263511237,0,0,172,538855037,1,160,20399000
1726627647606000,8314,4263511397,0,0,172,538855037,1,160,20050000
1726627667458000,8315,4263511557,0,0,172,538855037,1,160,19852000
1726627687297000,8316,4263511717,0,0,172,538855037,1,160,19839000
1726627707573000,8317,4263511877,0,0,172,538855037,1,160,20276000
1726627727485000,8318,4263512037,0,0,172,538855037,1,160,19912000
1726627748476000,8319,4263512197,0,0,172,538855037,1,160,20991000
1726627768571000,8320,4263512357,0,0,172,538855037,1,160,20095000
1726627787472000,8321,4263512517,0,0,172,538855037,1,160,18901000
1726627807455000,8322,4263512677,0,0,172,538855037,1,160,19983000
1726627827518000,8323,4263512837,0,0,172,538855037,1,160,20063000
1726627847512000,8324,4263512997,0,0,172,538855037,1,160,19994000
1726627867613000,8325,4263513157,0,0,172,538855037,1,160,20101000
1726627887485000,8326,4263513317,0,0,172,538855037,1,160,19872000
1726627907489000,8327,4263513477,0,0,172,538855037,1,160,20004000
1726627927590000,8328,4263513637,0,0,172,538855037,1,160,20101000
1726627947594000,8329,4263513797,0,0,172,538855037,1,160,20004000
1726627967527000,8330,4263513957,0,0,172,538855037,1,160,19933000
1726627987659000,8331,4263514117,0,0,172,538855037,1,160,20132000
1726628007670000,8332,4263514277,0,0,172,538855037,1,160,20011000
1726628027639000,8333,4263514437,0,0,172,538855037,1,160,19969000
1726628047766000,8334,4263514597,0,0,172,538855037,1,160,20127000
1726628067567000,8335,4263514757,0,0,172,538855037,1,160,19801000
1726628087687000,8336,4263514917,0,0,172,538855037,1,160,20120000
1726628107884000,8337,4263515077,0,0,172,538855037,1,160,20197000
1726628127697000,8338,4263515237,0,0,172,538855037,1,160,19813000
1726628147620000,8339,4263515397,0,0,172,538855037,1,160,19923000
1726628167749000,8340,4263515557,0,0,172,538855037,1,160,20129000
1726628187597000,8341,4263515717,0,0,172,538855037,1,160,19848000
1726628207423000,8342,4263515877,0,0,172,538855037,1,160,19826000
1726628227686000,8343,4263516037,0,0,172,538855037,1,160,20263000
1726628248092000,8344,4263516197,0,0,172,538855037,1,160,20406000
1726628268062000,8345,4263516357,0,0,172,538855037,1,160,19970000
1726628287539000,8346,4263516517,0,0,172,538855037,1,160,19477000
1726628307592000,8347,4263516677,0,0,172,538855037,1,160,20053000
1726628328109000,8348,4263516837,0,0,172,538855037,1,160,20517000
1726628351601000,8349,4263516997,0,0,172,538855037,1,160,23492000
1726628367597000,8350,4263517157,0,0,172,538855037,1,160,15996000
1726628387637000,8351,4263517317,0,0,172,538855037,1,160,20040000
1726628407509000,8352,4263517477,0,0,172,538855037,1,160,19872000
1726628427991000,8353,4263517637,0,0,172,538855037,1,160,20482000
1726628451329000,8354,4263517797,0,0,172,538855037,1,160,23338000
1726628467569000,8355,4263517957,0,0,172,538855037,1,160,16240000
1726628487518000,8356,4263518117,0,0,172,538855037,1,160,19949000
1726628507421000,8357,4263518277,0,0,172,538855037,1,160,19903000
1726628527640000,8358,4263518437,0,0,172,538855037,1,160,20219000
1726628553234000,8359,4263518597,0,0,172,538855037,1,160,25594000
1726628567697000,8360,4263518757,0,0,172,538855037,1,160,14463000
1726628587560000,8361,4263518917,0,0,172,538855037,1,160,19863000
1726628607757000,8362,4263519077,0,0,172,538855037,1,160,20197000
1726628627502000,8363,4263519237,0,0,172,538855037,1,160,19745000
1726628647590000,8364,4263519397,0,0,172,538855037,1,160,20088000
1726628667850000,8365,4263519557,0,0,172,538855037,1,160,20260000
1726628687477000,8366,4263519717,0,0,172,538855037,1,160,19627000
1726628707891000,8367,4263519877,0,0,172,538855037,1,160,20414000
1726628727514000,8368,4263520037,0,0,172,538855037,1,160,19623000
1726628748482000,8369,4263520197,0,0,172,538855037,1,160,20968000
1726628767589000,8370,4263520357,0,0,172,538855037,1,160,19107000
1726628787474000,8371,4263520517,0,0,172,538855037,1,160,19885000
1726628807207000,8372,4263520677,0,0,172,538855037,1,160,19733000
1726628827499000,8373,4263520837,0,0,172,538855037,1,160,20292000
1726628847589000,8374,4263520997,0,0,172,538855037,1,160,20090000
1726628867480000,8375,4263521157,0,0,172,538855037,1,160,19891000
1726628887933000,8376,4263521317,0,0,172,538855037,1,160,20453000
1726628907430000,8377,4263521477,0,0,172,538855037,1,160,19497000
1726628927467000,8378,4263521637,0,0,172,538855037,1,160,20037000
1726628948929000,8379,4263521797,0,0,172,538855037,1,160,21462000
1726628967449000,8380,4263521957,0,0,172,538855037,1,160,18520000
1726628987729000,8381,4263522117,0,0,172,538855037,1,160,20280000
1726629007425000,8382,4263522277,0,0,172,538855037,1,160,19696000
1726629027593000,8383,4263522437,0,0,172,538855037,1,160,20168000
1726629047660000,8384,4263522597,0,0,172,538855037,1,160,20067000
1726629067783000,8385,4263522757,0,0,172,538855037,1,160,20123000
1726629087541000,8386,4263522917,0,0,172,538855037,1,160,19758000
1726629107565000,8387,4263523077,0,0,172,538855037,1,160,20024000
1726629127571000,8388,4263523237,0,0,172,538855037,1,160,20006000
1726629147605000,8389,4263523397,0,0,172,538855037,1,160,20034000
1726629168070000,8390,4263523557,0,0,172,538855037,1,160,20465000
1726629187440000,8391,4263523717,0,0,172,538855037,1,160,19370000
1726629207574000,8392,4263523877,0,0,172,538855037,1,160,20134000
1726629227513000,8393,4263524037,0,0,172,538855037,1,160,19939000
1726629247604000,8394,4263524197,0,0,172,538855037,1,160,20091000
1726629268285000,8395,4263524357,0,0,172,538855037,1,160,20681000
1726629287498000,8396,4263524517,0,0,172,538855037,1,160,19213000
1726629307690000,8397,4263524677,0,0,172,538855037,1,160,20192000
1726629327534000,8398,4263524837,0,0,172,538855037,1,160,19844000
1726629351166000,8399,4263524997,0,0,172,538855037,1,160,23632000
1726629368245000,8400,4263525157,0,0,172,538855037,1,160,17079000
1726629387425000,8401,4263525317,0,0,172,538855037,1,160,19180000
1726629407612000,8402,4263525477,0,0,172,538855037,1,160,20187000
1726629427667000,8403,4263525637,0,0,172,538855037,1,160,20055000
1726629447580000,8404,4263525797,0,0,172,538855037,1,160,19913000
1726629467597000,8405,4263525957,0,0,172,538855037,1,160,20017000
1726629487547000,8406,4263526117,0,0,172,538855037,1,160,19950000
1726629507542000,8407,4263526277,0,0,172,538855037,1,160,19995000
1726629527268000,8408,4263526437,0,0,172,538855037,1,160,19726000
1726629553466000,8409,4263526597,0,0,172,538855037,1,160,26198000
1726629567569000,8410,4263526757,0,0,172,538855037,1,160,14103000
1726629587490000,8411,4263526917,0,0,172,538855037,1,160,19921000
1726629607628000,8412,4263527077,0,0,172,538855037,1,160,20138000
1726629627817000,8413,4263527237,0,0,172,538855037,1,160,20189000
1726629647569000,8414,4263527397,0,0,172,538855037,1,160,19752000
1726629667503000,8415,4263527557,0,0,172,538855037,1,160,19934000
1726629687456000,8416,4263527717,0,0,172,538855037,1,160,19953000
1726629707423000,8417,4263527877,0,0,172,538855037,1,160,19967000
1726629727884000,8418,4263528037,0,0,172,538855037,1,160,20461000
1726629748517000,8419,4263528197,0,0,172,538855037,1,160,20633000
1726629767410000,8420,4263528357,0,0,172,538855037,1,160,18893000
1726629787427000,8421,4263528517,0,0,172,538855037,1,160,20017000
1726629807502000,8422,4263528677,0,0,172,538855037,1,160,20075000
1726629827710000,8423,4263528837,0,0,172,538855037,1,160,20208000
1726629848862000,8424,4263528997,0,0,172,538855037,1,160,21152000
1726629867326000,8425,4263529157,0,0,172,538855037,1,160,18464000
1726629887132000,8426,4263529317,0,0,172,538855037,1,160,19806000
1726629907426000,8427,4263529477,0,0,172,538855037,1,160,20294000
1726629927508000,8428,4263529637,0,0,172,538855037,1,160,20082000
1726629948304000,8429,4263529797,0,0,172,538855037,1,160,20796000
1726629968578000,8430,4263529957,0,0,172,538855037,1,160,20274000
1726629987410000,8431,4263530117,0,0,172,538855037,1,160,18832000
1726630008021000,8432,4263530277,0,0,172,538855037,1,160,20611000
1726630027482000,8433,4263530437,0,0,172,538855037,1,160,19461000
1726630047512000,8434,4263530597,0,0,172,538855037,1,160,20030000
1726630067488000,8435,4263530757,0,0,172,538855037,1,160,19976000
1726630087420000,8436,4263530917,0,0,172,538855037,1,160,19932000
1726630107343000,8437,4263531077,0,0,172,538855037,1,160,19923000
1726630127573000,8438,4263531237,0,0,172,538855037,1,160,20230000
1726630147588000,8439,4263531397,0,0,172,538855037,1,160,20015000
1726630167359000,8440,4263531557,0,0,172,538855037,1,160,19771000
1726630187371000,8441,4263531717,0,0,172,538855037,1,160,20012000
1726630207255000,8442,4263531877,0,0,172,538855037,1,160,19884000
1726630227495000,8443,4263532037,0,0,172,538855037,1,160,20240000
1726630247435000,8444,4263532197,0,0,172,538855037,1,160,19940000
1726630267357000,8445,4263532357,0,0,172,538855037,1,160,19922000
1726630287204000,8446,4263532517,0,0,172,538855037,1,160,19847000
1726630307540000,8447,4263532677,0,0,172,538855037,1,160,20336000
1726630328460000,8448,4263532837,0,0,172,538855037,1,160,20920000
1726630352697000,8449,4263532997,0,0,172,538855037,1,160,24237000
1726630367342000,8450,4263533157,0,0,172,538855037,1,160,14645000
1726630387367000,8451,4263533317,0,0,172,538855037,1,160,20025000
1726630407589000,8452,4263533477,0,0,172,538855037,1,160,20222000
1726630427144000,8453,4263533637,0,0,172,538855037,1,160,19555000
1726630448940000,8454,4263533797,0,0,172,538855037,1,160,21796000
1726630467390000,8455,4263533957,0,0,172,538855037,1,160,18450000
1726630487632000,8456,4263534117,0,0,172,538855037,1,160,20242000
1726630507421000,8457,4263534277,0,0,172,538855037,1,160,19789000
1726630527533000,8458,4263534437,0,0,172,538855037,1,160,20112000
1726630553069000,8459,4263534597,0,0,172,538855037,1,160,25536000
1726630568897000,8460,4263534757,0,0,172,538855037,1,160,15828000
1726630587414000,8461,4263534917,0,0,172,538855037,1,160,18517000
1726630607331000,8462,4263535077,0,0,172,538855037,1,160,19917000
1726630627341000,8463,4263535237,0,0,172,538855037,1,160,20010000
1726630647494000,8464,4263535397,0,0,172,538855037,1,160,20153000
1726630667934000,8465,4263535557,0,0,172,538855037,1,160,20440000
1726630687448000,8466,4263535717,0,0,172,538855037,1,160,19514000
1726630707600000,8467,4263535877,0,0,172,538855037,1,160,20152000
1726630727409000,8468,4263536037,0,0,172,538855037,1,160,19809000
1726630748382000,8469,4263536197,0,0,172,538855037,1,160,20973000
1726630767300000,8470,4263536357,0,0,172,538855037,1,160,18918000
1726630787361000,8471,4263536517,0,0,172,538855037,1,160,20061000
1726630807434000,8472,4263536677,0,0,172,538855037,1,160,20073000
1726630827440000,8473,4263536837,0,0,172,538855037,1,160,20006000
1726630847863000,8474,4263536997,0,0,172,538855037,1,160,20423000
1726630867405000,8475,4263537157,0,0,172,538855037,1,160,19542000
1726630887451000,8476,4263537317,0,0,172,538855037,1,160,20046000
1726630907565000,8477,4263537477,0,0,172,538855037,1,160,20114000
1726630927463000,8478,4263537637,0,0,172,538855037,1,160,19898000
1726630947368000,8479,4263537797,0,0,172,538855037,1,160,19905000
1726630967411000,8480,4263537957,0,0,172,538855037,1,160,20043000
1726630987481000,8481,4263538117,0,0,172,538855037,1,160,20070000
1726631007460000,8482,4263538277,0,0,172,538855037,1,160,19979000
1726631027715000,8483,4263538437,0,0,172,538855037,1,160,20255000
1726631047459000,8484,4263538597,0,0,172,538855037,1,160,19744000
1726631067485000,8485,4263538757,0,0,172,538855037,1,160,20026000
1726631087419000,8486,4263538917,0,0,172,538855037,1,160,19934000
1726631107780000,8487,4263539077,0,0,172,538855037,1,160,20361000
1726631127234000,8488,4263539237,0,0,172,538855037,1,160,19454000
1726631147429000,8489,4263539397,0,0,172,538855037,1,160,20195000
1726631167317000,8490,4263539557,0,0,172,538855037,1,160,19888000
1726631187264000,8491,4263539717,0,0,172,538855037,1,160,19947000
1726631207419000,8492,4263539877,0,0,172,538855037,1,160,20155000
1726631227362000,8493,4263540037,0,0,172,538855037,1,160,19943000
1726631247483000,8494,4263540197,0,0,172,538855037,1,160,20121000
1726631267592000,8495,4263540357,0,0,172,538855037,1,160,20109000
1726631287895000,8496,4263540517,0,0,172,538855037,1,160,20303000
1726631307472000,8497,4263540677,0,0,172,538855037,1,160,19577000
1726631327575000,8498,4263540837,0,0,172,538855037,1,160,20103000
1726631350948000,8499,4263540997,0,0,172,538855037,1,160,23373000
1726631367243000,8500,4263541157,0,0,172,538855037,1,160,16295000
1726631387953000,8501,4263541317,0,0,172,538855037,1,160,20710000
1726631407513000,8502,4263541477,0,0,172,538855037,1,160,19560000
1726631427461000,8503,4263541637,0,0,172,538855037,1,160,19948000
1726631447393000,8504,4263541797,0,0,172,538855037,1,160,19932000
1726631467848000,8505,4263541957,0,0,172,538855037,1,160,20455000
1726631487323000,8506,4263542117,0,0,172,538855037,1,160,19475000
1726631507417000,8507,4263542277,0,0,172,538855037,1,160,20094000
1726631527322000,8508,4263542437,0,0,172,538855037,1,160,19905000
1726631553455000,8509,4263542597,0,0,172,538855037,1,160,26133000
1726631567478000,8510,4263542757,0,0,172,538855037,1,160,14023000
1726631587564000,8511,4263542917,0,0,172,538855037,1,160,20086000
1726631607417000,8512,4263543077,0,0,172,538855037,1,160,19853000
1726631627539000,8513,4263543237,0,0,172,538855037,1,160,20122000
1726631648073000,8514,4263543397,0,0,172,538855037,1,160,20534000
1726631667473000,8515,4263543557,0,0,172,538855037,1,160,19400000
1726631687359000,8516,4263543717,0,0,172,538855037,1,160,19886000
1726631707786000,8517,4263543877,0,0,172,538855037,1,160,20427000
1726631727256000,8518,4263544037,0,0,172,538855037,1,160,19470000
1726631748436000,8519,4263544197,0,0,172,538855037,1,160,21180000
1726631767869000,8520,4263544357,0,0,172,538855037,1,160,19433000
1726631787461000,8521,4263544517,0,0,172,538855037,1,160,19592000
1726631807527000,8522,4263544677,0,0,172,538855037,1,160,20066000
1726631828023000,8523,4263544837,0,0,172,538855037,1,160,20496000
1726631847483000,8524,4263544997,0,0,172,538855037,1,160,19460000
1726631867785000,8525,4263545157,0,0,172,538855037,1,160,20302000
1726631889002000,8526,4263545317,0,0,172,538855037,1,160,21217000
1726631908439000,8527,4263545477,0,0,172,538855037,1,160,19437000
1726631929648000,8528,4263545637,0,0,172,538855037,1,160,21209000
1726631948448000,8529,4263545797,0,0,172,538855037,1,160,18800000
1726631967392000,8530,4263545957,0,0,172,538855037,1,160,18944000
1726631987410000,8531,4263546117,0,0,172,538855037,1,160,20018000
1726632007541000,8532,4263546277,0,0,172,538855037,1,160,20131000
1726632027427000,8533,4263546437,0,0,172,538855037,1,160,19886000
1726632047363000,8534,4263546597,0,0,172,538855037,1,160,19936000
1726632067462000,8535,4263546757,0,0,172,538855037,1,160,20099000
1726632087342000,8536,4263546917,0,0,172,538855037,1,160,19880000
1726632107408000,8537,4263547077,0,0,172,538855037,1,160,20066000
1726632127409000,8538,4263547237,0,0,172,538855037,1,160,20001000
1726632147413000,8539,4263547397,0,0,172,538855037,1,160,20004000
1726632167317000,8540,4263547557,0,0,172,538855037,1,160,19904000
1726632187246000,8541,4263547717,0,0,172,538855037,1,160,19929000
1726632207337000,8542,4263547877,0,0,172,538855037,1,160,20091000
1726632227321000,8543,4263548037,0,0,172,538855037,1,160,19984000
1726632247250000,8544,4263548197,0,0,172,538855037,1,160,19929000
1726632267345000,8545,4263548357,0,0,172,538855037,1,160,20095000
1726632287292000,8546,4263548517,0,0,172,538855037,1,160,19947000
1726632308433000,8547,4263548677,0,0,172,538855037,1,160,21141000
1726632327280000,8548,4263548837,0,0,172,538855037,1,160,18847000
1726632351019000,8549,4263548997,0,0,172,538855037,1,160,23739000
1726632367277000,8550,4263549157,0,0,172,538855037,1,160,16258000
1726632387197000,8551,4263549317,0,0,172,538855037,1,160,19920000
1726632407904000,8552,4263549477,0,0,172,538855037,1,160,20707000
1726632427385000,8553,4263549637,0,0,172,538855037,1,160,19481000
1726632447447000,8554,4263549797,0,0,172,538855037,1,160,20062000
1726632467272000,8555,4263549957,0,0,172,538855037,1,160,19825000
1726632487336000,8556,4263550117,0,0,172,538855037,1,160,20064000
1726632507329000,8557,4263550277,0,0,172,538855037,1,160,19993000
1726632527391000,8558,4263550437,0,0,172,538855037,1,160,20062000
1726632553852000,8559,4263550597,0,0,172,538855037,1,160,26461000
1726632568046000,8560,4263550757,0,0,172,538855037,1,160,14194000
1726632587533000,8561,4263550917,0,0,172,538855037,1,160,19487000
1726632608524000,8562,4263551077,0,0,172,538855037,1,160,20991000
1726632629357000,8563,4263551237,0,0,172,538855037,1,160,20833000
1726632647392000,8564,4263551397,0,0,172,538855037,1,160,18035000
1726632667279000,8565,4263551557,0,0,172,538855037,1,160,19887000
1726632687241000,8566,4263551717,0,0,172,538855037,1,160,19962000
1726632707280000,8567,4263551877,0,0,172,538855037,1,160,20039000
1726632727324000,8568,4263552037,0,0,172,538855037,1,160,20044000
1726632748291000,8569,4263552197,0,0,172,538855037,1,160,20967000
1726632767425000,8570,4263552357,0,0,172,538855037,1,160,19134000
1726632787398000,8571,4263552517,0,0,172,538855037,1,160,19973000
1726632807030000,8572,4263552677,0,0,172,538855037,1,160,19632000
1726632829678000,8573,4263552837,0,0,172,538855037,1,160,22648000
1726632847224000,8574,4263552997,0,0,172,538855037,1,160,17546000
1726632867415000,8575,4263553157,0,0,172,538855037,1,160,20191000
1726632887186000,8576,4263553317,0,0,172,538855037,1,160,19771000
1726632907279000,8577,4263553477,0,0,172,538855037,1,160,20093000
1726632927404000,8578,4263553637,0,0,172,538855037,1,160,20125000
1726632948478000,8579,4263553797,0,0,172,538855037,1,160,21074000
1726632967248000,8580,4263553957,0,0,172,538855037,1,160,18770000
1726632987054000,8581,4263554117,0,0,172,538855037,1,160,19806000
1726633007136000,8582,4263554277,0,0,172,538855037,1,160,20082000
1726633027306000,8583,4263554437,0,0,172,538855037,1,160,20170000
1726633047482000,8584,4263554597,0,0,172,538855037,1,160,20176000
1726633067450000,8585,4263554757,0,0,172,538855037,1,160,19968000
1726633087401000,8586,4263554917,0,0,172,538855037,1,160,19951000
1726633107304000,8587,4263555077,0,0,172,538855037,1,160,19903000
1726633127296000,8588,4263555237,0,0,172,538855037,1,160,19992000
1726633147873000,8589,4263555397,0,0,172,538855037,1,160,20577000
1726633167434000,8590,4263555557,0,0,172,538855037,1,160,19561000
1726633187460000,8591,4263555717,0,0,172,538855037,1,160,20026000
1726633207183000,8592,4263555877,0,0,172,538855037,1,160,19723000
1726633227527000,8593,4263556037,0,0,172,538855037,1,160,20344000
1726633247467000,8594,4263556197,0,0,172,538855037,1,160,19940000
1726633267244000,8595,4263556357,0,0,172,538855037,1,160,19777000
1726633287215000,8596,4263556517,0,0,172,538855037,1,160,19971000
1726633307313000,8597,4263556677,0,0,172,538855037,1,160,20098000
1726633327093000,8598,4263556837,0,0,172,538855037,1,160,19780000
1726633350913000,8599,4263556997,0,0,172,538855037,1,160,23820000
1726633367200000,8600,4263557157,0,0,172,538855037,1,160,16287000
1726633387415000,8601,4263557317,0,0,172,538855037,1,160,20215000
1726633407523000,8602,4263557477,0,0,172,538855037,1,160,20108000
1726633427293000,8603,4263557637,0,0,172,538855037,1,160,19770000
1726633447230000,8604,4263557797,0,0,172,538855037,1,160,19937000
1726633467335000,8605,4263557957,0,0,172,538855037,1,160,20105000
1726633487292000,8606,4263558117,0,0,172,538855037,1,160,19957000
1726633507345000,8607,4263558277,0,0,172,538855037,1,160,20053000
1726633527278000,8608,4263558437,0,0,172,538855037,1,160,19933000
1726633553145000,8609,4263558597,0,0,172,538855037,1,160,25867000
1726633568252000,8610,4263558757,0,0,172,538855037,1,160,15107000
1726633587353000,8611,4263558917,0,0,172,538855037,1,160,19101000
1726633607430000,8612,4263559077,0,0,172,538855037,1,160,20077000
1726633627443000,8613,4263559237,0,0,172,538855037,1,160,20013000
1726633647346000,8614,4263559397,0,0,172,538855037,1,160,19903000
1726633667479000,8615,4263559557,0,0,172,538855037,1,160,20133000
1726633687385000,8616,4263559717,0,0,172,538855037,1,160,19906000
1726633707411000,8617,4263559877,0,0,172,538855037,1,160,20026000
1726633727422000,8618,4263560037,0,0,172,538855037,1,160,20011000
1726633748365000,8619,4263560197,0,0,172,538855037,1,160,20943000
1726633767926000,8620,4263560357,0,0,172,538855037,1,160,19561000
1726633787371000,8621,4263560517,0,0,172,538855037,1,160,19445000
1726633807682000,8622,4263560677,0,0,172,538855037,1,160,20311000
1726633827276000,8623,4263560837,0,0,172,538855037,1,160,19594000
1726633847393000,8624,4263560997,0,0,172,538855037,1,160,20117000
1726633867821000,8625,4263561157,0,0,172,538855037,1,160,20428000
1726633887313000,8626,4263561317,0,0,172,538855037,1,160,19492000
1726633907297000,8627,4263561477,0,0,172,538855037,1,160,19984000
1726633927942000,8628,4263561637,0,0,172,538855037,1,160,20645000
1726633948145000,8629,4263561797,0,0,172,538855037,1,160,20203000
1726633967557000,8630,4263561957,0,0,172,538855037,1,160,19412000
1726633988164000,8631,4263562117,0,0,172,538855037,1,160,20607000
1726634009154000,8632,4263562277,0,0,172,538855037,1,160,20990000
1726634027336000,8633,4263562437,0,0,172,538855037,1,160,18182000
1726634047281000,8634,4263562597,0,0,172,538855037,1,160,19945000
1726634067425000,8635,4263562757,0,0,172,538855037,1,160,20144000
1726634087273000,8636,4263562917,0,0,172,538855037,1,160,19848000
1726634107411000,8637,4263563077,0,0,172,538855037,1,160,20138000
1726634127219000,8638,4263563237,0,0,172,538855037,1,160,19808000
1726634149465000,8639,4263563397,0,0,172,538855037,1,160,22246000
1726634167237000,8640,4263563557,0,0,172,538855037,1,160,17772000
1726634187304000,8641,4263563717,0,0,172,538855037,1,160,20067000
1726634207103000,8642,4263563877,0,0,172,538855037,1,160,19799000
1726634227260000,8643,4263564037,0,0,172,538855037,1,160,20157000
1726634247153000,8644,4263564197,0,0,172,538855037,1,160,19893000
1726634267146000,8645,4263564357,0,0,172,538855037,1,160,19993000
1726634287198000,8646,4263564517,0,0,172,538855037,1,160,20052000
1726634307341000,8647,4263564677,0,0,172,538855037,1,160,20143000
1726634327114000,8648,4263564837,0,0,172,538855037,1,160,19773000
1726634351428000,8649,4263564997,0,0,172,538855037,1,160,24314000
1726634367245000,8650,4263565157,0,0,172,538855037,1,160,15817000
1726634387262000,8651,4263565317,0,0,172,538855037,1,160,20017000
1726634407434000,8652,4263565477,0,0,172,538855037,1,160,20172000
1726634427297000,8653,4263565637,0,0,172,538855037,1,160,19863000
1726634447230000,8654,4263565797,0,0,172,538855037,1,160,19933000
1726634468055000,8655,4263565957,0,0,172,538855037,1,160,20825000
1726634487326000,8656,4263566117,0,0,172,538855037,1,160,19271000
1726634507405000,8657,4263566277,0,0,172,538855037,1,160,20079000
1726634527189000,8658,4263566437,0,0,172,538855037,1,160,19784000
1726634553292000,8659,4263566597,0,0,172,538855037,1,160,26103000
1726634567432000,8660,4263566757,0,0,172,538855037,1,160,14140000
1726634587028000,8661,4263566917,0,0,172,538855037,1,160,19596000
1726634607774000,8662,4263567077,0,0,172,538855037,1,160,20746000
1726634627417000,8663,4263567237,0,0,172,538855037,1,160,19643000
1726634647457000,8664,4263567397,0,0,172,538855037,1,160,20040000
1726634667371000,8665,4263567557,0,0,172,538855037,1,160,19914000
1726634687093000,8666,4263567717,0,0,172,538855037,1,160,19722000
1726634707755000,8667,4263567877,0,0,172,538855037,1,160,20662000
1726634727038000,8668,4263568037,0,0,172,538855037,1,160,19283000
1726634748200000,8669,4263568197,0,0,172,538855037,1,160,21162000
1726634767586000,8670,4263568357,0,0,172,538855037,1,160,19386000
1726634787132000,8671,4263568517,0,0,172,538855037,1,160,19546000
1726634807438000,8672,4263568677,0,0,172,538855037,1,160,20306000
1726634827292000,8673,4263568837,0,0,172,538855037,1,160,19854000
1726634847357000,8674,4263568997,0,0,172,538855037,1,160,20065000
1726634867790000,8675,4263569157,0,0,172,538855037,1,160,20433000
1726634887283000,8676,4263569317,0,0,172,538855037,1,160,19493000
1726634907280000,8677,4263569477,0,0,172,538855037,1,160,19997000
1726634927179000,8678,4263569637,0,0,172,538855037,1,160,19899000
1726634947849000,8679,4263569797,0,0,172,538855037,1,160,20670000
1726634967129000,8680,4263569957,0,0,172,538855037,1,160,19280000
1726634987237000,8681,4263570117,0,0,172,538855037,1,160,20108000
1726635007541000,8682,4263570277,0,0,172,538855037,1,160,20304000
1726635027317000,8683,4263570437,0,0,172,538855037,1,160,19776000
1726635047045000,8684,4263570597,0,0,172,538855037,1,160,19728000
1726635067892000,8685,4263570757,0,0,172,538855037,1,160,20847000
1726635087334000,8686,4263570917,0,0,172,538855037,1,160,19442000
1726635107465000,8687,4263571077,0,0,172,538855037,1,160,20131000
1726635127169000,8688,4263571237,0,0,172,538855037,1,160,19704000
1726635147072000,8689,4263571397,0,0,172,538855037,1,160,19903000
1726635166995000,8690,4263571557,0,0,172,538855037,1,160,19923000
1726635187310000,8691,4263571717,0,0,172,538855037,1,160,20315000
1726635207224000,8692,4263571877,0,0,172,538855037,1,160,19914000
1726635227116000,8693,4263572037,0,0,172,538855037,1,160,19892000
1726635248179000,8694,4263572197,0,0,172,538855037,1,160,21063000
1726635267372000,8695,4263572357,0,0,172,538855037,1,160,19193000
1726635287304000,8696,4263572517,0,0,172,538855037,1,160,19932000
1726635308014000,8697,4263572677,0,0,172,538855037,1,160,20710000
1726635327323000,8698,4263572837,0,0,172,538855037,1,160,19309000
1726635350928000,8699,4263572997,0,0,172,538855037,1,160,23605000
1726635367186000,8700,4263573157,0,0,172,538855037,1,160,16258000
1726635387099000,8701,4263573317,0,0,172,538855037,1,160,19913000
1726635407346000,8702,4263573477,0,0,172,538855037,1,160,20247000
1726635427791000,8703,4263573637,0,0,172,538855037,1,160,20445000
1726635447303000,8704,4263573797,0,0,172,538855037,1,160,19512000
1726635467185000,8705,4263573957,0,0,172,538855037,1,160,19882000
1726635487173000,8706,4263574117,0,0,172,538855037,1,160,19988000
1726635507283000,8707,4263574277,0,0,172,538855037,1,160,20110000
1726635527336000,8708,4263574437,0,0,172,538855037,1,160,20053000
1726635553272000,8709,4263574597,0,0,172,538855037,1,160,25936000
1726635567412000,8710,4263574757,0,0,172,538855037,1,160,14140000
1726635588436000,8711,4263574917,0,0,172,538855037,1,160,21024000
1726635609569000,8712,4263575077,0,0,172,538855037,1,160,21133000
1726635627277000,8713,4263575237,0,0,172,538855037,1,160,17708000
1726635647912000,8714,4263575397,0,0,172,538855037,1,160,20635000
1726635667649000,8715,4263575557,0,0,172,538855037,1,160,19737000
1726635689218000,8716,4263575717,0,0,172,538855037,1,160,21569000
1726635707226000,8717,4263575877,0,0,172,538855037,1,160,18008000
1726635727233000,8718,4263576037,0,0,172,538855037,1,160,20007000
1726635748370000,8719,4263576197,0,0,172,538855037,1,160,21137000
1726635767508000,8720,4263576357,0,0,172,538855037,1,160,19138000
1726635787458000,8721,4263576517,0,0,172,538855037,1,160,19950000
1726635807353000,8722,4263576677,0,0,172,538855037,1,160,19895000
1726635827203000,8723,4263576837,0,0,172,538855037,1,160,19850000
1726635847807000,8724,4263576997,0,0,172,538855037,1,160,20604000
1726635867139000,8725,4263577157,0,0,172,538855037,1,160,19332000
1726635887256000,8726,4263577317,0,0,172,538855037,1,160,20117000
1726635907357000,8727,4263577477,0,0,172,538855037,1,160,20101000
1726635927266000,8728,4263577637,0,0,172,538855037,1,160,19909000
1726635948222000,8729,4263577797,0,0,172,538855037,1,160,20956000
1726635967298000,8730,4263577957,0,0,172,538855037,1,160,19076000
1726635987195000,8731,4263578117,0,0,172,538855037,1,160,19897000
1726636007325000,8732,4263578277,0,0,172,538855037,1,160,20130000
1726636027839000,8733,4263578437,0,0,172,538855037,1,160,20514000
1726636047078000,8734,4263578597,0,0,172,538855037,1,160,19239000
1726636067125000,8735,4263578757,0,0,172,538855037,1,160,20047000
1726636087131000,8736,4263578917,0,0,172,538855037,1,160,20006000
1726636107117000,8737,4263579077,0,0,172,538855037,1,160,19986000
1726636127125000,8738,4263579237,0,0,172,538855037,1,160,20008000
1726636147284000,8739,4263579397,0,0,172,538855037,1,160,20159000
1726636167387000,8740,4263579557,0,0,172,538855037,1,160,20103000
1726636187222000,8741,4263579717,0,0,172,538855037,1,160,19835000
1726636207233000,8742,4263579877,0,0,172,538855037,1,160,20011000
1726636227724000,8743,4263580037,0,0,172,538855037,1,160,20491000
1726636247357000,8744,4263580197,0,0,172,538855037,1,160,19633000
1726636267874000,8745,4263580357,0,0,172,538855037,1,160,20517000
1726636287380000,8746,4263580517,0,0,172,538855037,1,160,19506000
1726636307205000,8747,4263580677,0,0,172,538855037,1,160,19825000
1726636327224000,8748,4263580837,0,0,172,538855037,1,160,20019000
1726636351087000,8749,4263580997,0,0,172,538855037,1,160,23863000
1726636367148000,8750,4263581157,0,0,172,538855037,1,160,16061000
1726636387265000,8751,4263581317,0,0,172,538855037,1,160,20117000
1726636407250000,8752,4263581477,0,0,172,538855037,1,160,19985000
1726636427418000,8753,4263581637,0,0,172,538855037,1,160,20168000
1726636447351000,8754,4263581797,0,0,172,538855037,1,160,19933000
1726636467355000,8755,4263581957,0,0,172,538855037,1,160,20004000
1726636488364000,8756,4263582117,0,0,172,538855037,1,160,21009000
1726636507939000,8757,4263582277,0,0,172,538855037,1,160,19575000
1726636527503000,8758,4263582437,0,0,172,538855037,1,160,19564000
1726636553150000,8759,4263582597,0,0,172,538855037,1,160,25647000
1726636567397000,8760,4263582757,0,0,172,538855037,1,160,14247000
1726636587270000,8761,4263582917,0,0,172,538855037,1,160,19873000
1726636607289000,8762,4263583077,0,0,172,538855037,1,160,20019000
1726636627324000,8763,4263583237,0,0,172,538855037,1,160,20035000
1726636647300000,8764,4263583397,0,0,172,538855037,1,160,19976000
1726636667608000,8765,4263583557,0,0,172,538855037,1,160,20308000
1726636687151000,8766,4263583717,0,0,172,538855037,1,160,19543000
1726636707229000,8767,4263583877,0,0,172,538855037,1,160,20078000
1726636727194000,8768,4263584037,0,0,172,538855037,1,160,19965000
1726636748292000,8769,4263584197,0,0,172,538855037,1,160,21098000
1726636767296000,8770,4263584357,0,0,172,538855037,1,160,19004000
1726636787255000,8771,4263584517,0,0,172,538855037,1,160,19959000
1726636807707000,8772,4263584677,0,0,172,538855037,1,160,20452000
1726636827347000,8773,4263584837,0,0,172,538855037,1,160,19640000
1726636847305000,8774,4263584997,0,0,172,538855037,1,160,19958000
1726636867210000,8775,4263585157,0,0,172,538855037,1,160,19905000
1726636887182000,8776,4263585317,0,0,172,538855037,1,160,19972000
1726636907315000,8777,4263585477,0,0,172,538855037,1,160,20133000
1726636927301000,8778,4263585637,0,0,172,538855037,1,160,19986000
1726636948168000,8779,4263585797,0,0,172,538855037,1,160,20867000
1726636967293000,8780,4263585957,0,0,172,538855037,1,160,19125000
1726636987198000,8781,4263586117,0,0,172,538855037,1,160,19905000
1726637007336000,8782,4263586277,0,0,172,538855037,1,160,20138000
1726637027226000,8783,4263586437,0,0,172,538855037,1,160,19890000
1726637048936000,8784,4263586597,0,0,172,538855037,1,160,21710000
1726637066945000,8785,4263586757,0,0,172,538855037,1,160,18009000
1726637087350000,8786,4263586917,0,0,172,538855037,1,160,20405000
1726637107210000,8787,4263587077,0,0,172,538855037,1,160,19860000
1726637127179000,8788,4263587237,0,0,172,538855037,1,160,19969000
1726637147165000,8789,4263587397,0,0,172,538855037,1,160,19986000
1726637167187000,8790,4263587557,0,0,172,538855037,1,160,20022000
1726637187526000,8791,4263587717,0,0,172,538855037,1,160,20339000
1726637207217000,8792,4263587877,0,0,172,538855037,1,160,19691000
1726637227752000,8793,4263588037,0,0,172,538855037,1,160,20535000
1726637247280000,8794,4263588197,0,0,172,538855037,1,160,19528000
1726637267130000,8795,4263588357,0,0,172,538855037,1,160,19850000
1726637287219000,8796,4263588517,0,0,172,538855037,1,160,20089000
1726637307284000,8797,4263588677,0,0,172,538855037,1,160,20065000
1726637327197000,8798,4263588837,0,0,172,538855037,1,160,19913000
1726637350918000,8799,4263588997,0,0,172,538855037,1,160,23721000
1726637367283000,8800,4263589157,0,0,172,538855037,1,160,16365000
1726637387193000,8801,4263589317,0,0,172,538855037,1,160,19910000
1726637407584000,8802,4263589477,0,0,172,538855037,1,160,20391000
1726637427249000,8803,4263589637,0,0,172,538855037,1,160,19665000
1726637447194000,8804,4263589797,0,0,172,538855037,1,160,19945000
1726637467227000,8805,4263589957,0,0,172,538855037,1,160,20033000
1726637487136000,8806,4263590117,0,0,172,538855037,1,160,19909000
1726637507270000,8807,4263590277,0,0,172,538855037,1,160,20134000
1726637527277000,8808,4263590437,0,0,172,538855037,1,160,20007000
1726637553087000,8809,4263590597,0,0,172,538855037,1,160,25810000
1726637567447000,8810,4263590757,0,0,172,538855037,1,160,14360000
1726637587908000,8811,4263590917,0,0,172,538855037,1,160,20461000
1726637607360000,8812,4263591077,0,0,172,538855037,1,160,19452000
1726637627162000,8813,4263591237,0,0,172,538855037,1,160,19802000
1726637647263000,8814,4263591397,0,0,172,538855037,1,160,20101000
1726637667096000,8815,4263591557,0,0,172,538855037,1,160,19833000
1726637687465000,8816,4263591717,0,0,172,538855037,1,160,20369000
1726637707448000,8817,4263591877,0,0,172,538855037,1,160,19983000
1726637727345000,8818,4263592037,0,0,172,538855037,1,160,19897000
1726637748035000,8819,4263592197,0,0,172,538855037,1,160,20690000
1726637767272000,8820,4263592357,0,0,172,538855037,1,160,19237000
1726637787151000,8821,4263592517,0,0,172,538855037,1,160,19879000
1726637807224000,8822,4263592677,0,0,172,538855037,1,160,20073000
1726637827298000,8823,4263592837,0,0,172,538855037,1,160,20074000
1726637847199000,8824,4263592997,0,0,172,538855037,1,160,19901000
1726637867692000,8825,4263593157,0,0,172,538855037,1,160,20493000
1726637887009000,8826,4263593317,0,0,172,538855037,1,160,19317000
1726637907197000,8827,4263593477,0,0,172,538855037,1,160,20188000
1726637927147000,8828,4263593637,0,0,172,538855037,1,160,19950000
1726637948374000,8829,4263593797,0,0,172,538855037,1,160,21227000
1726637968297000,8830,4263593957,0,0,172,538855037,1,160,19923000
1726637987165000,8831,4263594117,0,0,172,538855037,1,160,18868000
1726638007192000,8832,4263594277,0,0,172,538855037,1,160,20027000
1726638027083000,8833,4263594437,0,0,172,538855037,1,160,19891000
1726638047730000,8834,4263594597,0,0,172,538855037,1,160,20647000
1726638066942000,8835,4263594757,0,0,172,538855037,1,160,19212000
1726638087326000,8836,4263594917,0,0,172,538855037,1,160,20384000
1726638106913000,8837,4263595077,0,0,172,538855037,1,160,19587000
1726638127230000,8838,4263595237,0,0,172,538855037,1,160,20317000
1726638147169000,8839,4263595397,0,0,172,538855037,1,160,19939000
1726638167092000,8840,4263595557,0,0,172,538855037,1,160,19923000
1726638187133000,8841,4263595717,0,0,172,538855037,1,160,20041000
1726638207178000,8842,4263595877,0,0,172,538855037,1,160,20045000
1726638227766000,8843,4263596037,0,0,172,538855037,1,160,20588000
1726638247440000,8844,4263596197,0,0,172,538855037,1,160,19674000
1726638267194000,8845,4263596357,0,0,172,538855037,1,160,19754000
1726638287240000,8846,4263596517,0,0,172,538855037,1,160,20046000
1726638307149000,8847,4263596677,0,0,172,538855037,1,160,19909000
1726638327303000,8848,4263596837,0,0,172,538855037,1,160,20154000
1726638350860000,8849,4263596997,0,0,172,538855037,1,160,23557000
1726638367125000,8850,4263597157,0,0,172,538855037,1,160,16265000
1726638387049000,8851,4263597317,0,0,172,538855037,1,160,19924000
1726638408233000,8852,4263597477,0,0,172,538855037,1,160,21184000
1726638427926000,8853,4263597637,0,0,172,538855037,1,160,19693000
1726638447953000,8854,4263597797,0,0,172,538855037,1,160,20027000
1726638467123000,8855,4263597957,0,0,172,538855037,1,160,19170000
1726638487193000,8856,4263598117,0,0,172,538855037,1,160,20070000
1726638507066000,8857,4263598277,0,0,172,538855037,1,160,19873000
1726638527191000,8858,4263598437,0,0,172,538855037,1,160,20125000
1726638553092000,8859,4263598597,0,0,172,538855037,1,160,25901000
1726638567117000,8860,4263598757,0,0,172,538855037,1,160,14025000
1726638587768000,8861,4263598917,0,0,172,538855037,1,160,20651000
1726638607245000,8862,4263599077,0,0,172,538855037,1,160,19477000
1726638627429000,8863,4263599237,0,0,172,538855037,1,160,20184000
1726638650798000,8864,4263599397,0,0,172,538855037,1,160,23369000
1726638667091000,8865,4263599557,0,0,172,538855037,1,160,16293000
1726638688020000,8866,4263599717,0,0,172,538855037,1,160,20929000
1726638707076000,8867,4263599877,0,0,172,538855037,1,160,19056000
1726638727246000,8868,4263600037,0,0,172,538855037,1,160,20170000
1726638748312000,8869,4263600197,0,0,172,538855037,1,160,21066000
1726638767691000,8870,4263600357,0,0,172,538855037,1,160,19379000
1726638787348000,8871,4263600517,0,0,172,538855037,1,160,19657000
1726638807268000,8872,4263600677,0,0,172,538855037,1,160,19920000
1726638827287000,8873,4263600837,0,0,172,538855037,1,160,20019000
1726638847271000,8874,4263600997,0,0,172,538855037,1,160,19984000
1726638866918000,8875,4263601157,0,0,172,538855037,1,160,19647000
1726638886998000,8876,4263601317,0,0,172,538855037,1,160,20080000
1726638907102000,8877,4263601477,0,0,172,538855037,1,160,20104000
1726638927192000,8878,4263601637,0,0,172,538855037,1,160,20090000
1726638948118000,8879,4263601797,0,0,172,538855037,1,160,20926000
1726638967127000,8880,4263601957,0,0,172,538855037,1,160,19009000
1726638987107000,8881,4263602117,0,0,172,538855037,1,160,19980000
1726639007064000,8882,4263602277,0,0,172,538855037,1,160,19957000
1726639027199000,8883,4263602437,0,0,172,538855037,1,160,20135000
1726639047207000,8884,4263602597,0,0,172,538855037,1,160,20008000
1726639067219000,8885,4263602757,0,0,172,538855037,1,160,20012000
1726639087184000,8886,4263602917,0,0,172,538855037,1,160,19965000
1726639107253000,8887,4263603077,0,0,172,538855037,1,160,20069000
1726639128372000,8888,4263603237,0,0,172,538855037,1,160,21119000
1726639147886000,8889,4263603397,0,0,172,538855037,1,160,19514000
1726639167163000,8890,4263603557,0,0,172,538855037,1,160,19277000
1726639187159000,8891,4263603717,0,0,172,538855037,1,160,19996000
1726639207709000,8892,4263603877,0,0,172,538855037,1,160,20550000
1726639227194000,8893,4263604037,0,0,172,538855037,1,160,19485000
1726639248995000,8894,4263604197,0,0,172,538855037,1,160,21801000
1726639267651000,8895,4263604357,0,0,172,538855037,1,160,18656000
1726639287086000,8896,4263604517,0,0,172,538855037,1,160,19435000
1726639307013000,8897,4263604677,0,0,172,538855037,1,160,19927000
1726639327176000,8898,4263604837,0,0,172,538855037,1,160,20163000
1726639350739000,8899,4263604997,0,0,172,538855037,1,160,23563000
1726639367655000,8900,4263605157,0,0,172,538855037,1,160,16916000
1726639387011000,8901,4263605317,0,0,172,538855037,1,160,19356000
1726639407020000,8902,4263605477,0,0,172,538855037,1,160,20009000
1726639427059000,8903,4263605637,0,0,172,538855037,1,160,20039000
1726639447193000,8904,4263605797,0,0,172,538855037,1,160,20134000
1726639469130000,8905,4263605957,0,0,172,538855037,1,160,21937000
1726639487187000,8906,4263606117,0,0,172,538855037,1,160,18057000
1726639507390000,8907,4263606277,0,0,172,538855037,1,160,20203000
1726639527365000,8908,4263606437,0,0,172,538855037,1,160,19975000
1726639553151000,8909,4263606597,0,0,172,538855037,1,160,25786000
1726639567327000,8910,4263606757,0,0,172,538855037,1,160,14176000
1726639587150000,8911,4263606917,0,0,172,538855037,1,160,19823000
1726639607107000,8912,4263607077,0,0,172,538855037,1,160,19957000
1726639627135000,8913,4263607237,0,0,172,538855037,1,160,20028000
1726639647179000,8914,4263607397,0,0,172,538855037,1,160,20044000
1726639666581000,8915,4263607557,0,0,172,538855037,1,160,19402000
1726639687096000,8916,4263607717,0,0,172,538855037,1,160,20515000
1726639706655000,8917,4263607877,0,0,172,538855037,1,160,19559000
1726639727050000,8918,4263608037,0,0,172,538855037,1,160,20395000
1726639748311000,8919,4263608197,0,0,172,538855037,1,160,21261000
1726639767142000,8920,4263608357,0,0,172,538855037,1,160,18831000
1726639786943000,8921,4263608517,0,0,172,538855037,1,160,19801000
1726639807164000,8922,4263608677,0,0,172,538855037,1,160,20221000
1726639827222000,8923,4263608837,0,0,172,538855037,1,160,20058000
1726639847340000,8924,4263608997,0,0,172,538855037,1,160,20118000
1726639867277000,8925,4263609157,0,0,172,538855037,1,160,19937000
1726639887326000,8926,4263609317,0,0,172,538855037,1,160,20049000
1726639907201000,8927,4263609477,0,0,172,538855037,1,160,19875000
1726639927262000,8928,4263609637,0,0,172,538855037,1,160,20061000
1726639948192000,8929,4263609797,0,0,172,538855037,1,160,20930000
1726639967064000,8930,4263609957,0,0,172,538855037,1,160,18872000
1726639987057000,8931,4263610117,0,0,172,538855037,1,160,19993000
1726640007263000,8932,4263610277,0,0,172,538855037,1,160,20206000
1726640027026000,8933,4263610437,0,0,172,538855037,1,160,19763000
1726640047284000,8934,4263610597,0,0,172,538855037,1,160,20258000
1726640067235000,8935,4263610757,0,0,172,538855037,1,160,19951000
1726640087201000,8936,4263610917,0,0,172,538855037,1,160,19966000
1726640107302000,8937,4263611077,0,0,172,538855037,1,160,20101000
1726640127307000,8938,4263611237,0,0,172,538855037,1,160,20005000
1726640147074000,8939,4263611397,0,0,172,538855037,1,160,19767000
1726640167020000,8940,4263611557,0,0,172,538855037,1,160,19946000
1726640187074000,8941,4263611717,0,0,172,538855037,1,160,20054000
1726640206994000,8942,4263611877,0,0,172,538855037,1,160,19920000
1726640227073000,8943,4263612037,0,0,172,538855037,1,160,20079000
1726640247217000,8944,4263612197,0,0,172,538855037,1,160,20144000
1726640267005000,8945,4263612357,0,0,172,538855037,1,160,19788000
1726640287038000,8946,4263612517,0,0,172,538855037,1,160,20033000
1726640306925000,8947,4263612677,0,0,172,538855037,1,160,19887000
1726640327093000,8948,4263612837,0,0,172,538855037,1,160,20168000
1726640350582000,8949,4263612997,0,0,172,538855037,1,160,23489000
1726640367028000,8950,4263613157,0,0,172,538855037,1,160,16446000
1726640387506000,8951,4263613317,0,0,172,538855037,1,160,20478000
1726640407109000,8952,4263613477,0,0,172,538855037,1,160,19603000
1726640427364000,8953,4263613637,0,0,172,538855037,1,160,20255000
1726640447251000,8954,4263613797,0,0,172,538855037,1,160,19887000
1726640467200000,8955,4263613957,0,0,172,538855037,1,160,19949000
1726640487046000,8956,4263614117,0,0,172,538855037,1,160,19846000
1726640507121000,8957,4263614277,0,0,172,538855037,1,160,20075000
1726640527180000,8958,4263614437,0,0,172,538855037,1,160,20059000
1726640553081000,8959,4263614597,0,0,172,538855037,1,160,25901000
1726640567118000,8960,4263614757,0,0,172,538855037,1,160,14037000
1726640587142000,8961,4263614917,0,0,172,538855037,1,160,20024000
1726640606979000,8962,4263615077,0,0,172,538855037,1,160,19837000
1726640627253000,8963,4263615237,0,0,172,538855037,1,160,20274000
1726640647240000,8964,4263615397,0,0,172,538855037,1,160,19987000
1726640667065000,8965,4263615557,0,0,172,538855037,1,160,19825000
1726640687045000,8966,4263615717,0,0,172,538855037,1,160,19980000
1726640707126000,8967,4263615877,0,0,172,538855037,1,160,20081000
1726640727133000,8968,4263616037,0,0,172,538855037,1,160,20007000
1726640748088000,8969,4263616197,0,0,172,538855037,1,160,20955000
1726640768038000,8970,4263616357,0,0,172,538855037,1,160,19950000
1726640787082000,8971,4263616517,0,0,172,538855037,1,160,19044000
1726640807122000,8972,4263616677,0,0,172,538855037,1,160,20040000
1726640827122000,8973,4263616837,0,0,172,538855037,1,160,20000000
1726640847162000,8974,4263616997,0,0,172,538855037,1,160,20040000
1726640867041000,8975,4263617157,0,0,172,538855037,1,160,19879000
1726640887024000,8976,4263617317,0,0,172,538855037,1,160,19983000
1726640906880000,8977,4263617477,0,0,172,538855037,1,160,19856000
1726640927047000,8978,4263617637,0,0,172,538855037,1,160,20167000
1726640948065000,8979,4263617797,0,0,172,538855037,1,160,21018000
1726640967576000,8980,4263617957,0,0,172,538855037,1,160,19511000
1726640987151000,8981,4263618117,0,0,172,538855037,1,160,19575000
1726641007186000,8982,4263618277,0,0,172,538855037,1,160,20035000
1726641027210000,8983,4263618437,0,0,172,538855037,1,160,20024000
1726641047209000,8984,4263618597,0,0,172,538855037,1,160,19999000
1726641067252000,8985,4263618757,0,0,172,538855037,1,160,20043000
1726641087079000,8986,4263618917,0,0,172,538855037,1,160,19827000
1726641107103000,8987,4263619077,0,0,172,538855037,1,160,20024000
1726641127138000,8988,4263619237,0,0,172,538855037,1,160,20035000
1726641147060000,8989,4263619397,0,0,172,538855037,1,160,19922000
1726641167563000,8990,4263619557,0,0,172,538855037,1,160,20503000
1726641188780000,8991,4263619717,0,0,172,538855037,1,160,21217000
1726641207164000,8992,4263619877,0,0,172,538855037,1,160,18384000
1726641227149000,8993,4263620037,0,0,172,538855037,1,160,19985000
1726641247089000,8994,4263620197,0,0,172,538855037,1,160,19940000
1726641266739000,8995,4263620357,0,0,172,538855037,1,160,19650000
1726641287111000,8996,4263620517,0,0,172,538855037,1,160,20372000
1726641307139000,8997,4263620677,0,0,172,538855037,1,160,20028000
1726641327660000,8998,4263620837,0,0,172,538855037,1,160,20521000
1726641350742000,8999,4263620997,0,0,172,538855037,1,160,23082000
1726641367567000,9000,4263621157,0,0,172,538855037,1,160,16825000
1726641387036000,9001,4263621317,0,0,172,538855037,1,160,19469000
1726641407115000,9002,4263621477,0,0,172,538855037,1,160,20079000
1726641427204000,9003,4263621637,0,0,172,538855037,1,160,20089000
1726641448797000,9004,4263621797,0,0,172,538855037,1,160,21593000
1726641467043000,9005,4263621957,0,0,172,538855037,1,160,18246000
1726641487057000,9006,4263622117,0,0,172,538855037,1,160,20014000
1726641507652000,9007,4263622277,0,0,172,538855037,1,160,20595000
1726641528510000,9008,4263622437,0,0,172,538855037,1,160,20858000
1726641553781000,9009,4263622597,0,0,172,538855037,1,160,25271000
1726641567872000,9010,4263622757,0,0,172,538855037,1,160,14091000
1726641587787000,9011,4263622917,0,0,172,538855037,1,160,19915000
1726641607836000,9012,4263623077,0,0,172,538855037,1,160,20049000
1726641629217000,9013,4263623237,0,0,172,538855037,1,160,21381000
1726641647103000,9014,4263623397,0,0,172,538855037,1,160,17886000
1726641667041000,9015,4263623557,0,0,172,538855037,1,160,19938000
1726641686880000,9016,4263623717,0,0,172,538855037,1,160,19839000
1726641707032000,9017,4263623877,0,0,172,538855037,1,160,20152000
1726641727178000,9018,4263624037,0,0,172,538855037,1,160,20146000
1726641747979000,9019,4263624197,0,0,172,538855037,1,160,20801000
1726641767114000,9020,4263624357,0,0,172,538855037,1,160,19135000
1726641786901000,9021,4263624517,0,0,172,538855037,1,160,19787000
1726641806857000,9022,4263624677,0,0,172,538855037,1,160,19956000
1726641827254000,9023,4263624837,0,0,172,538855037,1,160,20397000
1726641846948000,9024,4263624997,0,0,172,538855037,1,160,19694000
1726641867125000,9025,4263625157,0,0,172,538855037,1,160,20177000
1726641887138000,9026,4263625317,0,0,172,538855037,1,160,20013000
1726641907323000,9027,4263625477,0,0,172,538855037,1,160,20185000
1726641927227000,9028,4263625637,0,0,172,538855037,1,160,19904000
1726641948209000,9029,4263625797,0,0,172,538855037,1,160,20982000
1726641967074000,9030,4263625957,0,0,172,538855037,1,160,18865000
1726641986886000,9031,4263626117,0,0,172,538855037,1,160,19812000
1726642007036000,9032,4263626277,0,0,172,538855037,1,160,20150000
1726642027100000,9033,4263626437,0,0,172,538855037,1,160,20064000
1726642046695000,9034,4263626597,0,0,172,538855037,1,160,19595000
1726642067255000,9035,4263626757,0,0,172,538855037,1,160,20560000
1726642087195000,9036,4263626917,0,0,172,538855037,1,160,19940000
1726642107032000,9037,4263627077,0,0,172,538855037,1,160,19837000
1726642126891000,9038,4263627237,0,0,172,538855037,1,160,19859000
1726642147729000,9039,4263627397,0,0,172,538855037,1,160,20838000
1726642166759000,9040,4263627557,0,0,172,538855037,1,160,19030000
1726642186925000,9041,4263627717,0,0,172,538855037,1,160,20166000
1726642207141000,9042,4263627877,0,0,172,538855037,1,160,20216000
1726642227046000,9043,4263628037,0,0,172,538855037,1,160,19905000
1726642247248000,9044,4263628197,0,0,172,538855037,1,160,20202000
1726642267639000,9045,4263628357,0,0,172,538855037,1,160,20391000
1726642286919000,9046,4263628517,0,0,172,538855037,1,160,19280000
1726642307041000,9047,4263628677,0,0,172,538855037,1,160,20122000
1726642327031000,9048,4263628837,0,0,172,538855037,1,160,19990000
1726642350281000,9049,4263628997,0,0,172,538855037,1,160,23250000
1726642366884000,9050,4263629157,0,0,172,538855037,1,160,16603000
1726642386738000,9051,4263629317,0,0,172,538855037,1,160,19854000
1726642407388000,9052,4263629477,0,0,172,538855037,1,160,20650000
1726642427043000,9053,4263629637,0,0,172,538855037,1,160,19655000
1726642448828000,9054,4263629797,0,0,172,538855037,1,160,21785000
1726642467623000,9055,4263629957,0,0,172,538855037,1,160,18795000
1726642487103000,9056,4263630117,0,0,172,538855037,1,160,19480000
1726642507198000,9057,4263630277,0,0,172,538855037,1,160,20095000
1726642527067000,9058,4263630437,0,0,172,538855037,1,160,19869000
1726642552769000,9059,4263630597,0,0,172,538855037,1,160,25702000
1726642567093000,9060,4263630757,0,0,172,538855037,1,160,14324000
1726642587122000,9061,4263630917,0,0,172,538855037,1,160,20029000
1726642607144000,9062,4263631077,0,0,172,538855037,1,160,20022000
1726642627934000,9063,4263631237,0,0,172,538855037,1,160,20790000
1726642647017000,9064,4263631397,0,0,172,538855037,1,160,19083000
1726642666989000,9065,4263631557,0,0,172,538855037,1,160,19972000
1726642686982000,9066,4263631717,0,0,172,538855037,1,160,19993000
1726642707046000,9067,4263631877,0,0,172,538855037,1,160,20064000
1726642726981000,9068,4263632037,0,0,172,538855037,1,160,19935000
1726642747828000,9069,4263632197,0,0,172,538855037,1,160,20847000
1726642767082000,9070,4263632357,0,0,172,538855037,1,160,19254000
1726642787237000,9071,4263632517,0,0,172,538855037,1,160,20155000
1726642807101000,9072,4263632677,0,0,172,538855037,1,160,19864000
1726642827097000,9073,4263632837,0,0,172,538855037,1,160,19996000
1726642847128000,9074,4263632997,0,0,172,538855037,1,160,20031000
1726642867756000,9075,4263633157,0,0,172,538855037,1,160,20628000
1726642887067000,9076,4263633317,0,0,172,538855037,1,160,19311000
1726642907080000,9077,4263633477,0,0,172,538855037,1,160,20013000
1726642927070000,9078,4263633637,0,0,172,538855037,1,160,19990000
1726642948012000,9079,4263633797,0,0,172,538855037,1,160,20942000
1726642966789000,9080,4263633957,0,0,172,538855037,1,160,18777000
1726642987231000,9081,4263634117,0,0,172,538855037,1,160,20442000
1726643007128000,9082,4263634277,0,0,172,538855037,1,160,19897000
1726643027094000,9083,4263634437,0,0,172,538855037,1,160,19966000
1726643047088000,9084,4263634597,0,0,172,538855037,1,160,19994000
1726643067213000,9085,4263634757,0,0,172,538855037,1,160,20125000
1726643087296000,9086,4263634917,0,0,172,538855037,1,160,20083000
1726643107088000,9087,4263635077,0,0,172,538855037,1,160,19792000
1726643127356000,9088,4263635237,0,0,172,538855037,1,160,20268000
1726643147134000,9089,4263635397,0,0,172,538855037,1,160,19778000
1726643166961000,9090,4263635557,0,0,172,538855037,1,160,19827000
1726643187019000,9091,4263635717,0,0,172,538855037,1,160,20058000
1726643206895000,9092,4263635877,0,0,172,538855037,1,160,19876000
1726643227065000,9093,4263636037,0,0,172,538855037,1,160,20170000
1726643247217000,9094,4263636197,0,0,172,538855037,1,160,20152000
1726643267170000,9095,4263636357,0,0,172,538855037,1,160,19953000
1726643287027000,9096,4263636517,0,0,172,538855037,1,160,19857000
1726643307097000,9097,4263636677,0,0,172,538855037,1,160,20070000
1726643327076000,9098,4263636837,0,0,172,538855037,1,160,19979000
1726643350659000,9099,4263636997,0,0,172,538855037,1,160,23583000
1726643366902000,9100,4263637157,0,0,172,538855037,1,160,16243000
1726643386864000,9101,4263637317,0,0,172,538855037,1,160,19962000
1726643407079000,9102,4263637477,0,0,172,538855037,1,160,20215000
1726643426950000,9103,4263637637,0,0,172,538855037,1,160,19871000
1726643448680000,9104,4263637797,0,0,172,538855037,1,160,21730000
1726643468889000,9105,4263637957,0,0,172,538855037,1,160,20209000
1726643487171000,9106,4263638117,0,0,172,538855037,1,160,18282000
1726643507051000,9107,4263638277,0,0,172,538855037,1,160,19880000
1726643527098000,9108,4263638437,0,0,172,538855037,1,160,20047000
1726643553027000,9109,4263638597,0,0,172,538855037,1,160,25929000
1726643566994000,9110,4263638757,0,0,172,538855037,1,160,13967000
1726643586981000,9111,4263638917,0,0,172,538855037,1,160,19987000
1726643607113000,9112,4263639077,0,0,172,538855037,1,160,20132000
1726643627706000,9113,4263639237,0,0,172,538855037,1,160,20593000
1726643647066000,9114,4263639397,0,0,172,538855037,1,160,19360000
1726643667094000,9115,4263639557,0,0,172,538855037,1,160,20028000
1726643687237000,9116,4263639717,0,0,172,538855037,1,160,20143000
1726643707004000,9117,4263639877,0,0,172,538855037,1,160,19767000
1726643727102000,9118,4263640037,0,0,172,538855037,1,160,20098000
1726643748064000,9119,4263640197,0,0,172,538855037,1,160,20962000
1726643766932000,9120,4263640357,0,0,172,538855037,1,160,18868000
1726643786942000,9121,4263640517,0,0,172,538855037,1,160,20010000
1726643808148000,9122,4263640677,0,0,172,538855037,1,160,21206000
1726643827119000,9123,4263640837,0,0,172,538855037,1,160,18971000
1726643847066000,9124,4263640997,0,0,172,538855037,1,160,19947000
1726643866972000,9125,4263641157,0,0,172,538855037,1,160,19906000
1726643886989000,9126,4263641317,0,0,172,538855037,1,160,20017000
1726643907081000,9127,4263641477,0,0,172,538855037,1,160,20092000
1726643927149000,9128,4263641637,0,0,172,538855037,1,160,20068000
1726643948349000,9129,4263641797,0,0,172,538855037,1,160,21200000
1726643966819000,9130,4263641957,0,0,172,538855037,1,160,18470000
1726643986862000,9131,4263642117,0,0,172,538855037,1,160,20043000
1726644007031000,9132,4263642277,0,0,172,538855037,1,160,20169000
1726644027207000,9133,4263642437,0,0,172,538855037,1,160,20176000
1726644048044000,9134,4263642597,0,0,172,538855037,1,160,20837000
1726644067246000,9135,4263642757,0,0,172,538855037,1,160,19202000
1726644087135000,9136,4263642917,0,0,172,538855037,1,160,19889000
1726644107029000,9137,4263643077,0,0,172,538855037,1,160,19894000
1726644127021000,9138,4263643237,0,0,172,538855037,1,160,19992000
1726644147043000,9139,4263643397,0,0,172,538855037,1,160,20022000
1726644166929000,9140,4263643557,0,0,172,538855037,1,160,19886000
1726644186568000,9141,4263643717,0,0,172,538855037,1,160,19639000
1726644207040000,9142,4263643877,0,0,172,538855037,1,160,20472000
1726644227004000,9143,4263644037,0,0,172,538855037,1,160,19964000
1726644247175000,9144,4263644197,0,0,172,538855037,1,160,20171000
1726644267694000,9145,4263644357,0,0,172,538855037,1,160,20519000
1726644286963000,9146,4263644517,0,0,172,538855037,1,160,19269000
1726644307048000,9147,4263644677,0,0,172,538855037,1,160,20085000
1726644326859000,9148,4263644837,0,0,172,538855037,1,160,19811000
1726644350743000,9149,4263644997,0,0,172,538855037,1,160,23884000
1726644366921000,9150,4263645157,0,0,172,538855037,1,160,16178000
1726644387579000,9151,4263645317,0,0,172,538855037,1,160,20658000
1726644407182000,9152,4263645477,0,0,172,538855037,1,160,19603000
1726644427224000,9153,4263645637,0,0,172,538855037,1,160,20042000
1726644446995000,9154,4263645797,0,0,172,538855037,1,160,19771000
1726644466805000,9155,4263645957,0,0,172,538855037,1,160,19810000
1726644487018000,9156,4263646117,0,0,172,538855037,1,160,20213000
1726644506772000,9157,4263646277,0,0,172,538855037,1,160,19754000
1726644526862000,9158,4263646437,0,0,172,538855037,1,160,20090000
1726644553440000,9159,4263646597,0,0,172,538855037,1,160,26578000
1726644567152000,9160,4263646757,0,0,172,538855037,1,160,13712000
1726644587280000,9161,4263646917,0,0,172,538855037,1,160,20128000
1726644606981000,9162,4263647077,0,0,172,538855037,1,160,19701000
1726644627054000,9163,4263647237,0,0,172,538855037,1,160,20073000
1726644646979000,9164,4263647397,0,0,172,538855037,1,160,19925000
1726644667407000,9165,4263647557,0,0,172,538855037,1,160,20428000
1726644686905000,9166,4263647717,0,0,172,538855037,1,160,19498000
1726644707332000,9167,4263647877,0,0,172,538855037,1,160,20427000
1726644727225000,9168,4263648037,0,0,172,538855037,1,160,19893000
1726644747935000,9169,4263648197,0,0,172,538855037,1,160,20710000
1726644766992000,9170,4263648357,0,0,172,538855037,1,160,19057000
1726644786965000,9171,4263648517,0,0,172,538855037,1,160,19973000
1726644807022000,9172,4263648677,0,0,172,538855037,1,160,20057000
1726644827080000,9173,4263648837,0,0,172,538855037,1,160,20058000
1726644847135000,9174,4263648997,0,0,172,538855037,1,160,20055000
1726644867066000,9175,4263649157,0,0,172,538855037,1,160,19931000
1726644887001000,9176,4263649317,0,0,172,538855037,1,160,19935000
1726644907211000,9177,4263649477,0,0,172,538855037,1,160,20210000
1726644927688000,9178,4263649637,0,0,172,538855037,1,160,20477000
1726644948141000,9179,4263649797,0,0,172,538855037,1,160,20453000
1726644967524000,9180,4263649957,0,0,172,538855037,1,160,19383000
1726644986683000,9181,4263650117,0,0,172,538855037,1,160,19159000
1726645007051000,9182,4263650277,0,0,172,538855037,1,160,20368000
1726645027151000,9183,4263650437,0,0,172,538855037,1,160,20100000
1726645047113000,9184,4263650597,0,0,172,538855037,1,160,19962000
1726645067073000,9185,4263650757,0,0,172,538855037,1,160,19960000
1726645087282000,9186,4263650917,0,0,172,538855037,1,160,20209000
1726645107589000,9187,4263651077,0,0,172,538855037,1,160,20307000
1726645127070000,9188,4263651237,0,0,172,538855037,1,160,19481000
1726645147032000,9189,4263651397,0,0,172,538855037,1,160,19962000
1726645166767000,9190,4263651557,0,0,172,538855037,1,160,19735000
1726645186894000,9191,4263651717,0,0,172,538855037,1,160,20127000
1726645207741000,9192,4263651877,0,0,172,538855037,1,160,20847000
1726645227232000,9193,4263652037,0,0,172,538855037,1,160,19491000
1726645247149000,9194,4263652197,0,0,172,538855037,1,160,19917000
1726645267136000,9195,4263652357,0,0,172,538855037,1,160,19987000
1726645286888000,9196,4263652517,0,0,172,538855037,1,160,19752000
1726645307064000,9197,4263652677,0,0,172,538855037,1,160,20176000
1726645327046000,9198,4263652837,0,0,172,538855037,1,160,19982000
1726645350653000,9199,4263652997,0,0,172,538855037,1,160,23607000
1726645366918000,9200,4263653157,0,0,172,538855037,1,160,16265000
1726645386888000,9201,4263653317,0,0,172,538855037,1,160,19970000
1726645406746000,9202,4263653477,0,0,172,538855037,1,160,19858000
1726645426922000,9203,4263653637,0,0,172,538855037,1,160,20176000
1726645447074000,9204,4263653797,0,0,172,538855037,1,160,20152000
1726645467149000,9205,4263653957,0,0,172,538855037,1,160,20075000
1726645487083000,9206,4263654117,0,0,172,538855037,1,160,19934000
1726645507055000,9207,4263654277,0,0,172,538855037,1,160,19972000
1726645527032000,9208,4263654437,0,0,172,538855037,1,160,19977000
1726645553511000,9209,4263654597,0,0,172,538855037,1,160,26479000
1726645567016000,9210,4263654757,0,0,172,538855037,1,160,13505000
1726645587100000,9211,4263654917,0,0,172,538855037,1,160,20084000
1726645607072000,9212,4263655077,0,0,172,538855037,1,160,19972000
1726645627128000,9213,4263655237,0,0,172,538855037,1,160,20056000
1726645647130000,9214,4263655397,0,0,172,538855037,1,160,20002000
1726645667150000,9215,4263655557,0,0,172,538855037,1,160,20020000
1726645689014000,9216,4263655717,0,0,172,538855037,1,160,21864000
1726645707577000,9217,4263655877,0,0,172,538855037,1,160,18563000
1726645727738000,9218,4263656037,0,0,172,538855037,1,160,20161000
1726645747941000,9219,4263656197,0,0,172,538855037,1,160,20203000
1726645766974000,9220,4263656357,0,0,172,538855037,1,160,19033000
1726645786916000,9221,4263656517,0,0,172,538855037,1,160,19942000
1726645807147000,9222,4263656677,0,0,172,538855037,1,160,20231000
1726645827173000,9223,4263656837,0,0,172,538855037,1,160,20026000
1726645847018000,9224,4263656997,0,0,172,538855037,1,160,19845000
1726645867071000,9225,4263657157,0,0,172,538855037,1,160,20053000
1726645886970000,9226,4263657317,0,0,172,538855037,1,160,19899000
1726645906666000,9227,4263657477,0,0,172,538855037,1,160,19696000
1726645927043000,9228,4263657637,0,0,172,538855037,1,160,20377000
1726645947982000,9229,4263657797,0,0,172,538855037,1,160,20939000
1726645967043000,9230,4263657957,0,0,172,538855037,1,160,19061000
1726645987079000,9231,4263658117,0,0,172,538855037,1,160,20036000
1726646006864000,9232,4263658277,0,0,172,538855037,1,160,19785000
1726646026801000,9233,4263658437,0,0,172,538855037,1,160,19937000
1726646047011000,9234,4263658597,0,0,172,538855037,1,160,20210000
1726646067009000,9235,4263658757,0,0,172,538855037,1,160,19998000
1726646086672000,9236,4263658917,0,0,172,538855037,1,160,19663000
1726646107209000,9237,4263659077,0,0,172,538855037,1,160,20537000
1726646126792000,9238,4263659237,0,0,172,538855037,1,160,19583000
1726646146735000,9239,4263659397,0,0,172,538855037,1,160,19943000
1726646166770000,9240,4263659557,0,0,172,538855037,1,160,20035000
1726646186797000,9241,4263659717,0,0,172,538855037,1,160,20027000
1726646206757000,9242,4263659877,0,0,172,538855037,1,160,19960000
1726646226950000,9243,4263660037,0,0,172,538855037,1,160,20193000
1726646246950000,9244,4263660197,0,0,172,538855037,1,160,20000000
1726646266941000,9245,4263660357,0,0,172,538855037,1,160,19991000
1726646287608000,9246,4263660517,0,0,172,538855037,1,160,20667000
1726646307006000,9247,4263660677,0,0,172,538855037,1,160,19398000
1726646327114000,9248,4263660837,0,0,172,538855037,1,160,20108000
1726646350711000,9249,4263660997,0,0,172,538855037,1,160,23597000
1726646367037000,9250,4263661157,0,0,172,538855037,1,160,16326000
1726646386945000,9251,4263661317,0,0,172,538855037,1,160,19908000
1726646407040000,9252,4263661477,0,0,172,538855037,1,160,20095000
1726646426935000,9253,4263661637,0,0,172,538855037,1,160,19895000
1726646446951000,9254,4263661797,0,0,172,538855037,1,160,20016000
1726646467458000,9255,4263661957,0,0,172,538855037,1,160,20507000
1726646486934000,9256,4263662117,0,0,172,538855037,1,160,19476000
1726646507130000,9257,4263662277,0,0,172,538855037,1,160,20196000
1726646527108000,9258,4263662437,0,0,172,538855037,1,160,19978000
1726646552746000,9259,4263662597,0,0,172,538855037,1,160,25638000
1726646567208000,9260,4263662757,0,0,172,538855037,1,160,14462000
1726646587117000,9261,4263662917,0,0,172,538855037,1,160,19909000
1726646607018000,9262,4263663077,0,0,172,538855037,1,160,19901000
1726646627070000,9263,4263663237,0,0,172,538855037,1,160,20052000
1726646647496000,9264,4263663397,0,0,172,538855037,1,160,20426000
1726646667919000,9265,4263663557,0,0,172,538855037,1,160,20423000
1726646687023000,9266,4263663717,0,0,172,538855037,1,160,19104000
1726646706987000,9267,4263663877,0,0,172,538855037,1,160,19964000
1726646728916000,9268,4263664037,0,0,172,538855037,1,160,21929000
1726646747942000,9269,4263664197,0,0,172,538855037,1,160,19026000
1726646767156000,9270,4263664357,0,0,172,538855037,1,160,19214000
1726646786777000,9271,4263664517,0,0,172,538855037,1,160,19621000
1726646806951000,9272,4263664677,0,0,172,538855037,1,160,20174000
1726646827437000,9273,4263664837,0,0,172,538855037,1,160,20486000
1726646847060000,9274,4263664997,0,0,172,538855037,1,160,19623000
1726646866992000,9275,4263665157,0,0,172,538855037,1,160,19932000
1726646887128000,9276,4263665317,0,0,172,538855037,1,160,20136000
1726646907159000,9277,4263665477,0,0,172,538855037,1,160,20031000
1726646927630000,9278,4263665637,0,0,172,538855037,1,160,20471000
1726646948001000,9279,4263665797,0,0,172,538855037,1,160,20371000
1726646967106000,9280,4263665957,0,0,172,538855037,1,160,19105000
1726646986906000,9281,4263666117,0,0,172,538855037,1,160,19800000
1726647007482000,9282,4263666277,0,0,172,538855037,1,160,20576000
1726647029963000,9283,4263666437,0,0,172,538855037,1,160,22481000
1726647046960000,9284,4263666597,0,0,172,538855037,1,160,16997000
1726647067082000,9285,4263666757,0,0,172,538855037,1,160,20122000
1726647087160000,9286,4263666917,0,0,172,538855037,1,160,20078000
1726647106994000,9287,4263667077,0,0,172,538855037,1,160,19834000
1726647126949000,9288,4263667237,0,0,172,538855037,1,160,19955000
1726647147005000,9289,4263667397,0,0,172,538855037,1,160,20056000
1726647166741000,9290,4263667557,0,0,172,538855037,1,160,19736000
1726647186914000,9291,4263667717,0,0,172,538855037,1,160,20173000
1726647206937000,9292,4263667877,0,0,172,538855037,1,160,20023000
1726647227004000,9293,4263668037,0,0,172,538855037,1,160,20067000
1726647247052000,9294,4263668197,0,0,172,538855037,1,160,20048000
1726647267090000,9295,4263668357,0,0,172,538855037,1,160,20038000
1726647287100000,9296,4263668517,0,0,172,538855037,1,160,20010000
1726647306990000,9297,4263668677,0,0,172,538855037,1,160,19890000
1726647326974000,9298,4263668837,0,0,172,538855037,1,160,19984000
1726647350698000,9299,4263668997,0,0,172,538855037,1,160,23724000
1726647367023000,9300,4263669157,0,0,172,538855037,1,160,16325000
1726647387392000,9301,4263669317,0,0,172,538855037,1,160,20369000
1726647407011000,9302,4263669477,0,0,172,538855037,1,160,19619000
1726647427101000,9303,4263669637,0,0,172,538855037,1,160,20090000
1726647446997000,9304,4263669797,0,0,172,538855037,1,160,19896000
1726647467062000,9305,4263669957,0,0,172,538855037,1,160,20065000
1726647487237000,9306,4263670117,0,0,172,538855037,1,160,20175000
1726647507124000,9307,4263670277,0,0,172,538855037,1,160,19887000
1726647527005000,9308,4263670437,0,0,172,538855037,1,160,19881000
1726647553017000,9309,4263670597,0,0,172,538855037,1,160,26012000
1726647567817000,9310,4263670757,0,0,172,538855037,1,160,14800000
1726647587148000,9311,4263670917,0,0,172,538855037,1,160,19331000
1726647606995000,9312,4263671077,0,0,172,538855037,1,160,19847000
1726647627150000,9313,4263671237,0,0,172,538855037,1,160,20155000
1726647647122000,9314,4263671397,0,0,172,538855037,1,160,19972000
1726647666956000,9315,4263671557,0,0,172,538855037,1,160,19834000
1726647686954000,9316,4263671717,0,0,172,538855037,1,160,19998000
1726647707602000,9317,4263671877,0,0,172,538855037,1,160,20648000
1726647726973000,9318,4263672037,0,0,172,538855037,1,160,19371000
1726647747815000,9319,4263672197,0,0,172,538855037,1,160,20842000
1726647766933000,9320,4263672357,0,0,172,538855037,1,160,19118000
1726647786936000,9321,4263672517,0,0,172,538855037,1,160,20003000
1726647806965000,9322,4263672677,0,0,172,538855037,1,160,20029000
1726647826995000,9323,4263672837,0,0,172,538855037,1,160,20030000
1726647846931000,9324,4263672997,0,0,172,538855037,1,160,19936000
1726647866904000,9325,4263673157,0,0,172,538855037,1,160,19973000
1726647886855000,9326,4263673317,0,0,172,538855037,1,160,19951000
1726647906915000,9327,4263673477,0,0,172,538855037,1,160,20060000
1726647926981000,9328,4263673637,0,0,172,538855037,1,160,20066000
1726647948407000,9329,4263673797,0,0,172,538855037,1,160,21426000
1726647967067000,9330,4263673957,0,0,172,538855037,1,160,18660000
1726647987415000,9331,4263674117,0,0,172,538855037,1,160,20348000
1726648007167000,9332,4263674277,0,0,172,538855037,1,160,19752000
1726648027171000,9333,4263674437,0,0,172,538855037,1,160,20004000
1726648046927000,9334,4263674597,0,0,172,538855037,1,160,19756000
1726648066934000,9335,4263674757,0,0,172,538855037,1,160,20007000
1726648086965000,9336,4263674917,0,0,172,538855037,1,160,20031000
1726648107023000,9337,4263675077,0,0,172,538855037,1,160,20058000
1726648126909000,9338,4263675237,0,0,172,538855037,1,160,19886000
1726648147094000,9339,4263675397,0,0,172,538855037,1,160,20185000
1726648167425000,9340,4263675557,0,0,172,538855037,1,160,20331000
1726648186913000,9341,4263675717,0,0,172,538855037,1,160,19488000
1726648207004000,9342,4263675877,0,0,172,538855037,1,160,20091000
1726648226897000,9343,4263676037,0,0,172,538855037,1,160,19893000
1726648246878000,9344,4263676197,0,0,172,538855037,1,160,19981000
1726648266913000,9345,4263676357,0,0,172,538855037,1,160,20035000
1726648286869000,9346,4263676517,0,0,172,538855037,1,160,19956000
1726648307016000,9347,4263676677,0,0,172,538855037,1,160,20147000
1726648327025000,9348,4263676837,0,0,172,538855037,1,160,20009000
1726648350992000,9349,4263676997,0,0,172,538855037,1,160,23967000
1726648366880000,9350,4263677157,0,0,172,538855037,1,160,15888000
1726648386860000,9351,4263677317,0,0,172,538855037,1,160,19980000
1726648406915000,9352,4263677477,0,0,172,538855037,1,160,20055000
1726648426877000,9353,4263677637,0,0,172,538855037,1,160,19962000
1726648446919000,9354,4263677797,0,0,172,538855037,1,160,20042000
1726648466920000,9355,4263677957,0,0,172,538855037,1,160,20001000
1726648486654000,9356,4263678117,0,0,172,538855037,1,160,19734000
1726648506992000,9357,4263678277,0,0,172,538855037,1,160,20338000
1726648526525000,9358,4263678437,0,0,172,538855037,1,160,19533000
1726648552768000,9359,4263678597,0,0,172,538855037,1,160,26243000
1726648567204000,9360,4263678757,0,0,172,538855037,1,160,14436000
1726648587111000,9361,4263678917,0,0,172,538855037,1,160,19907000
1726648607552000,9362,4263679077,0,0,172,538855037,1,160,20441000
1726648627106000,9363,4263679237,0,0,172,538855037,1,160,19554000
1726648646853000,9364,4263679397,0,0,172,538855037,1,160,19747000
1726648667021000,9365,4263679557,0,0,172,538855037,1,160,20168000
1726648688913000,9366,4263679717,0,0,172,538855037,1,160,21892000
1726648707511000,9367,4263679877,0,0,172,538855037,1,160,18598000
1726648728108000,9368,4263680037,0,0,172,538855037,1,160,20597000
1726648747830000,9369,4263680197,0,0,172,538855037,1,160,19722000
1726648768666000,9370,4263680357,0,0,172,538855037,1,160,20836000
1726648786873000,9371,4263680517,0,0,172,538855037,1,160,18207000
1726648806790000,9372,4263680677,0,0,172,538855037,1,160,19917000
1726648826891000,9373,4263680837,0,0,172,538855037,1,160,20101000
1726648846813000,9374,4263680997,0,0,172,538855037,1,160,19922000
1726648866772000,9375,4263681157,0,0,172,538855037,1,160,19959000
1726648886903000,9376,4263681317,0,0,172,538855037,1,160,20131000
1726648906956000,9377,4263681477,0,0,172,538855037,1,160,20053000
1726648928080000,9378,4263681637,0,0,172,538855037,1,160,21124000
1726648947868000,9379,4263681797,0,0,172,538855037,1,160,19788000
1726648967058000,9380,4263681957,0,0,172,538855037,1,160,19190000
1726648986937000,9381,4263682117,0,0,172,538855037,1,160,19879000
1726649006948000,9382,4263682277,0,0,172,538855037,1,160,20011000
1726649026891000,9383,4263682437,0,0,172,538855037,1,160,19943000
1726649047005000,9384,4263682597,0,0,172,538855037,1,160,20114000
1726649066971000,9385,4263682757,0,0,172,538855037,1,160,19966000
1726649087112000,9386,4263682917,0,0,172,538855037,1,160,20141000
1726649107006000,9387,4263683077,0,0,172,538855037,1,160,19894000
1726649126966000,9388,4263683237,0,0,172,538855037,1,160,19960000
1726649147159000,9389,4263683397,0,0,172,538855037,1,160,20193000
1726649167310000,9390,4263683557,0,0,172,538855037,1,160,20151000
1726649186856000,9391,4263683717,0,0,172,538855037,1,160,19546000
1726649206928000,9392,4263683877,0,0,172,538855037,1,160,20072000
1726649227447000,9393,4263684037,0,0,172,538855037,1,160,20519000
1726649247037000,9394,4263684197,0,0,172,538855037,1,160,19590000
1726649266975000,9395,4263684357,0,0,172,538855037,1,160,19938000
1726649286882000,9396,4263684517,0,0,172,538855037,1,160,19907000
1726649306823000,9397,4263684677,0,0,172,538855037,1,160,19941000
1726649326885000,9398,4263684837,0,0,172,538855037,1,160,20062000
1726649350717000,9399,4263684997,0,0,172,538855037,1,160,23832000
1726649366946000,9400,4263685157,0,0,172,538855037,1,160,16229000
1726649386850000,9401,4263685317,0,0,172,538855037,1,160,19904000
1726649406967000,9402,4263685477,0,0,172,538855037,1,160,20117000
1726649426897000,9403,4263685637,0,0,172,538855037,1,160,19930000
1726649446919000,9404,4263685797,0,0,172,538855037,1,160,20022000
1726649467025000,9405,4263685957,0,0,172,538855037,1,160,20106000
1726649486450000,9406,4263686117,0,0,172,538855037,1,160,19425000
1726649506826000,9407,4263686277,0,0,172,538855037,1,160,20376000
1726649526742000,9408,4263686437,0,0,172,538855037,1,160,19916000
1726649553159000,9409,4263686597,0,0,172,538855037,1,160,26417000
1726649567390000,9410,4263686757,0,0,172,538855037,1,160,14231000
1726649586956000,9411,4263686917,0,0,172,538855037,1,160,19566000
1726649607219000,9412,4263687077,0,0,172,538855037,1,160,20263000
1726649627091000,9413,4263687237,0,0,172,538855037,1,160,19872000
1726649646895000,9414,4263687397,0,0,172,538855037,1,160,19804000
1726649666839000,9415,4263687557,0,0,172,538855037,1,160,19944000
1726649686887000,9416,4263687717,0,0,172,538855037,1,160,20048000
1726649708009000,9417,4263687877,0,0,172,538855037,1,160,21122000
1726649726922000,9418,4263688037,0,0,172,538855037,1,160,18913000
1726649747855000,9419,4263688197,0,0,172,538855037,1,160,20933000
1726649766969000,9420,4263688357,0,0,172,538855037,1,160,19114000
1726649786959000,9421,4263688517,0,0,172,538855037,1,160,19990000
1726649806933000,9422,4263688677,0,0,172,538855037,1,160,19974000
1726649827135000,9423,4263688837,0,0,172,538855037,1,160,20202000
1726649847012000,9424,4263688997,0,0,172,538855037,1,160,19877000
1726649867084000,9425,4263689157,0,0,172,538855037,1,160,20072000
1726649886866000,9426,4263689317,0,0,172,538855037,1,160,19782000
1726649907049000,9427,4263689477,0,0,172,538855037,1,160,20183000
1726649926864000,9428,4263689637,0,0,172,538855037,1,160,19815000
1726649947928000,9429,4263689797,0,0,172,538855037,1,160,21064000
1726649967635000,9430,4263689957,0,0,172,538855037,1,160,19707000
1726649986902000,9431,4263690117,0,0,172,538855037,1,160,19267000
1726650007074000,9432,4263690277,0,0,172,538855037,1,160,20172000
1726650026998000,9433,4263690437,0,0,172,538855037,1,160,19924000
1726650047025000,9434,4263690597,0,0,172,538855037,1,160,20027000
1726650066698000,9435,4263690757,0,0,172,538855037,1,160,19673000
1726650087051000,9436,4263690917,0,0,172,538855037,1,160,20353000
1726650107082000,9437,4263691077,0,0,172,538855037,1,160,20031000
1726650128285000,9438,4263691237,0,0,172,538855037,1,160,21203000
1726650146989000,9439,4263691397,0,0,172,538855037,1,160,18704000
1726650168125000,9440,4263691557,0,0,172,538855037,1,160,21136000
1726650188692000,9441,4263691717,0,0,172,538855037,1,160,20567000
1726650207708000,9442,4263691877,0,0,172,538855037,1,160,19016000
1726650226889000,9443,4263692037,0,0,172,538855037,1,160,19181000
1726650246849000,9444,4263692197,0,0,172,538855037,1,160,19960000
1726650266942000,9445,4263692357,0,0,172,538855037,1,160,20093000
1726650286845000,9446,4263692517,0,0,172,538855037,1,160,19903000
1726650306873000,9447,4263692677,0,0,172,538855037,1,160,20028000
1726650327020000,9448,4263692837,0,0,172,538855037,1,160,20147000
1726650350667000,9449,4263692997,0,0,172,538855037,1,160,23647000
1726650367002000,9450,4263693157,0,0,172,538855037,1,160,16335000
1726650386874000,9451,4263693317,0,0,172,538855037,1,160,19872000
1726650407157000,9452,4263693477,0,0,172,538855037,1,160,20283000
1726650426871000,9453,4263693637,0,0,172,538855037,1,160,19714000
1726650446854000,9454,4263693797,0,0,172,538855037,1,160,19983000
1726650466883000,9455,4263693957,0,0,172,538855037,1,160,20029000
1726650486971000,9456,4263694117,0,0,172,538855037,1,160,20088000
1726650506861000,9457,4263694277,0,0,172,538855037,1,160,19890000
1726650526936000,9458,4263694437,0,0,172,538855037,1,160,20075000
1726650546981000,9459,4263694597,0,0,172,538855037,1,160,20045000
1726650568638000,9460,4263694757,0,0,172,538855037,1,160,21657000
1726650587873000,9461,4263694917,0,0,172,538855037,1,160,19235000
1726650607095000,9462,4263695077,0,0,172,538855037,1,160,19222000
1726650626903000,9463,4263695237,0,0,172,538855037,1,160,19808000
1726650646900000,9464,4263695397,0,0,172,538855037,1,160,19997000
1726650667085000,9465,4263695557,0,0,172,538855037,1,160,20185000
1726650686971000,9466,4263695717,0,0,172,538855037,1,160,19886000
1726650707155000,9467,4263695877,0,0,172,538855037,1,160,20184000
1726650726953000,9468,4263696037,0,0,172,538855037,1,160,19798000
1726650747789000,9469,4263696197,0,0,172,538855037,1,160,20836000
1726650768167000,9470,4263696357,0,0,172,538855037,1,160,20378000
1726650786878000,9471,4263696517,0,0,172,538855037,1,160,18711000
1726650806803000,9472,4263696677,0,0,172,538855037,1,160,19925000
1726650826916000,9473,4263696837,0,0,172,538855037,1,160,20113000
1726650847032000,9474,4263696997,0,0,172,538855037,1,160,20116000
1726650866798000,9475,4263697157,0,0,172,538855037,1,160,19766000
1726650886957000,9476,4263697317,0,0,172,538855037,1,160,20159000
1726650906857000,9477,4263697477,0,0,172,538855037,1,160,19900000
1726650926913000,9478,4263697637,0,0,172,538855037,1,160,20056000
1726650948182000,9479,4263697797,0,0,172,538855037,1,160,21269000
1726650966757000,9480,4263697957,0,0,172,538855037,1,160,18575000
1726650986838000,9481,4263698117,0,0,172,538855037,1,160,20081000
1726651006844000,9482,4263698277,0,0,172,538855037,1,160,20006000
1726651026824000,9483,4263698437,0,0,172,538855037,1,160,19980000
1726651046885000,9484,4263698597,0,0,172,538855037,1,160,20061000
1726651067318000,9485,4263698757,0,0,172,538855037,1,160,20433000
1726651086822000,9486,4263698917,0,0,172,538855037,1,160,19504000
1726651106810000,9487,4263699077,0,0,172,538855037,1,160,19988000
1726651127157000,9488,4263699237,0,0,172,538855037,1,160,20347000
1726651146866000,9489,4263699397,0,0,172,538855037,1,160,19709000
1726651166854000,9490,4263699557,0,0,172,538855037,1,160,19988000
1726651186787000,9491,4263699717,0,0,172,538855037,1,160,19933000
1726651207042000,9492,4263699877,0,0,172,538855037,1,160,20255000
1726651227060000,9493,4263700037,0,0,172,538855037,1,160,20018000
1726651246994000,9494,4263700197,0,0,172,538855037,1,160,19934000
1726651267304000,9495,4263700357,0,0,172,538855037,1,160,20310000
1726651286758000,9496,4263700517,0,0,172,538855037,1,160,19454000
1726651306868000,9497,4263700677,0,0,172,538855037,1,160,20110000
1726651327060000,9498,4263700837,0,0,172,538855037,1,160,20192000
1726651350512000,9499,4263700997,0,0,172,538855037,1,160,23452000
1726651366627000,9500,4263701157,0,0,172,538855037,1,160,16115000
1726651386783000,9501,4263701317,0,0,172,538855037,1,160,20156000
1726651406658000,9502,4263701477,0,0,172,538855037,1,160,19875000
1726651426931000,9503,4263701637,0,0,172,538855037,1,160,20273000
1726651446865000,9504,4263701797,0,0,172,538855037,1,160,19934000
1726651466755000,9505,4263701957,0,0,172,538855037,1,160,19890000
1726651486836000,9506,4263702117,0,0,172,538855037,1,160,20081000
1726651506759000,9507,4263702277,0,0,172,538855037,1,160,19923000
1726651526976000,9508,4263702437,0,0,172,538855037,1,160,20217000
1726651547413000,9509,4263702597,0,0,172,538855037,1,160,20437000
1726651566780000,9510,4263702757,0,0,172,538855037,1,160,19367000
1726651586992000,9511,4263702917,0,0,172,538855037,1,160,20212000
1726651608708000,9512,4263703077,0,0,172,538855037,1,160,21716000
1726651627495000,9513,4263703237,0,0,172,538855037,1,160,18787000
1726651647349000,9514,4263703397,0,0,172,538855037,1,160,19854000
1726651666750000,9515,4263703557,0,0,172,538855037,1,160,19401000
1726651687210000,9516,4263703717,0,0,172,538855037,1,160,20460000
1726651706866000,9517,4263703877,0,0,172,538855037,1,160,19656000
1726651727350000,9518,4263704037,0,0,172,538855037,1,160,20484000
1726651747746000,9519,4263704197,0,0,172,538855037,1,160,20396000
1726651768164000,9520,4263704357,0,0,172,538855037,1,160,20418000
1726651786975000,9521,4263704517,0,0,172,538855037,1,160,18811000
1726651806904000,9522,4263704677,0,0,172,538855037,1,160,19929000
1726651826875000,9523,4263704837,0,0,172,538855037,1,160,19971000
1726651846866000,9524,4263704997,0,0,172,538855037,1,160,19991000
1726651867537000,9525,4263705157,0,0,172,538855037,1,160,20671000
1726651886766000,9526,4263705317,0,0,172,538855037,1,160,19229000
1726651907378000,9527,4263705477,0,0,172,538855037,1,160,20612000
1726651926901000,9528,4263705637,0,0,172,538855037,1,160,19523000
1726651947780000,9529,4263705797,0,0,172,538855037,1,160,20879000
1726651966725000,9530,4263705957,0,0,172,538855037,1,160,18945000
1726651986804000,9531,4263706117,0,0,172,538855037,1,160,20079000
1726652006935000,9532,4263706277,0,0,172,538855037,1,160,20131000
1726652026833000,9533,4263706437,0,0,172,538855037,1,160,19898000
1726652046817000,9534,4263706597,0,0,172,538855037,1,160,19984000
1726652066779000,9535,4263706757,0,0,172,538855037,1,160,19962000
1726652086907000,9536,4263706917,0,0,172,538855037,1,160,20128000
1726652108920000,9537,4263707077,0,0,172,538855037,1,160,22013000
1726652126991000,9538,4263707237,0,0,172,538855037,1,160,18071000
1726652146921000,9539,4263707397,0,0,172,538855037,1,160,19930000
1726652166908000,9540,4263707557,0,0,172,538855037,1,160,19987000
1726652186739000,9541,4263707717,0,0,172,538855037,1,160,19831000
1726652206871000,9542,4263707877,0,0,172,538855037,1,160,20132000
1726652226847000,9543,4263708037,0,0,172,538855037,1,160,19976000
1726652246953000,9544,4263708197,0,0,172,538855037,1,160,20106000
1726652267109000,9545,4263708357,0,0,172,538855037,1,160,20156000
1726652286934000,9546,4263708517,0,0,172,538855037,1,160,19825000
1726652306684000,9547,4263708677,0,0,172,538855037,1,160,19750000
1726652326787000,9548,4263708837,0,0,172,538855037,1,160,20103000
1726652350253000,9549,4263708997,0,0,172,538855037,1,160,23466000
1726652366764000,9550,4263709157,0,0,172,538855037,1,160,16511000
1726652386701000,9551,4263709317,0,0,172,538855037,1,160,19937000
1726652406833000,9552,4263709477,0,0,172,538855037,1,160,20132000
1726652426742000,9553,4263709637,0,0,172,538855037,1,160,19909000
1726652446736000,9554,4263709797,0,0,172,538855037,1,160,19994000
1726652466725000,9555,4263709957,0,0,172,538855037,1,160,19989000
1726652486823000,9556,4263710117,0,0,172,538855037,1,160,20098000
1726652506873000,9557,4263710277,0,0,172,538855037,1,160,20050000
1726652526820000,9558,4263710437,0,0,172,538855037,1,160,19947000
1726652552725000,9559,4263710597,0,0,172,538855037,1,160,25905000
1726652567024000,9560,4263710757,0,0,172,538855037,1,160,14299000
1726652586556000,9561,4263710917,0,0,172,538855037,1,160,19532000
1726652606935000,9562,4263711077,0,0,172,538855037,1,160,20379000
1726652626913000,9563,4263711237,0,0,172,538855037,1,160,19978000
1726652647469000,9564,4263711397,0,0,172,538855037,1,160,20556000
1726652667309000,9565,4263711557,0,0,172,538855037,1,160,19840000
1726652686830000,9566,4263711717,0,0,172,538855037,1,160,19521000
1726652706889000,9567,4263711877,0,0,172,538855037,1,160,20059000
1726652726922000,9568,4263712037,0,0,172,538855037,1,160,20033000
1726652747770000,9569,4263712197,0,0,172,538855037,1,160,20848000
1726652768992000,9570,4263712357,0,0,172,538855037,1,160,21222000
1726652786704000,9571,4263712517,0,0,172,538855037,1,160,17712000
1726652806819000,9572,4263712677,0,0,172,538855037,1,160,20115000
1726652826859000,9573,4263712837,0,0,172,538855037,1,160,20040000
1726652846855000,9574,4263712997,0,0,172,538855037,1,160,19996000
1726652866786000,9575,4263713157,0,0,172,538855037,1,160,19931000
1726652886835000,9576,4263713317,0,0,172,538855037,1,160,20049000
1726652906635000,9577,4263713477,0,0,172,538855037,1,160,19800000
1726652926730000,9578,4263713637,0,0,172,538855037,1,160,20095000
1726652947748000,9579,4263713797,0,0,172,538855037,1,160,21018000
1726652966667000,9580,4263713957,0,0,172,538855037,1,160,18919000
1726652986655000,9581,4263714117,0,0,172,538855037,1,160,19988000
1726653006997000,9582,4263714277,0,0,172,538855037,1,160,20342000
1726653026834000,9583,4263714437,0,0,172,538855037,1,160,19837000
1726653046862000,9584,4263714597,0,0,172,538855037,1,160,20028000
1726653066626000,9585,4263714757,0,0,172,538855037,1,160,19764000
1726653086830000,9586,4263714917,0,0,172,538855037,1,160,20204000
1726653106918000,9587,4263715077,0,0,172,538855037,1,160,20088000
1726653126676000,9588,4263715237,0,0,172,538855037,1,160,19758000
1726653146795000,9589,4263715397,0,0,172,538855037,1,160,20119000
1726653166777000,9590,4263715557,0,0,172,538855037,1,160,19982000
1726653186743000,9591,4263715717,0,0,172,538855037,1,160,19966000
1726653206765000,9592,4263715877,0,0,172,538855037,1,160,20022000
1726653227491000,9593,4263716037,0,0,172,538855037,1,160,20726000
1726653246877000,9594,4263716197,0,0,172,538855037,1,160,19386000
1726653266752000,9595,4263716357,0,0,172,538855037,1,160,19875000
1726653286778000,9596,4263716517,0,0,172,538855037,1,160,20026000
1726653306842000,9597,4263716677,0,0,172,538855037,1,160,20064000
1726653326782000,9598,4263716837,0,0,172,538855037,1,160,19940000
1726653350380000,9599,4263716997,0,0,172,538855037,1,160,23598000
1726653367172000,9600,4263717157,0,0,172,538855037,1,160,16792000
1726653386732000,9601,4263717317,0,0,172,538855037,1,160,19560000
1726653406993000,9602,4263717477,0,0,172,538855037,1,160,20261000
1726653426948000,9603,4263717637,0,0,172,538855037,1,160,19955000
1726653446762000,9604,4263717797,0,0,172,538855037,1,160,19814000
1726653467168000,9605,4263717957,0,0,172,538855037,1,160,20406000
1726653486780000,9606,4263718117,0,0,172,538855037,1,160,19612000
1726653506601000,9607,4263718277,0,0,172,538855037,1,160,19821000
1726653527082000,9608,4263718437,0,0,172,538855037,1,160,20481000
1726653552864000,9609,4263718597,0,0,172,538855037,1,160,25782000
1726653566846000,9610,4263718757,0,0,172,538855037,1,160,13982000
1726653586863000,9611,4263718917,0,0,172,538855037,1,160,20017000
1726653606987000,9612,4263719077,0,0,172,538855037,1,160,20124000
1726653626862000,9613,4263719237,0,0,172,538855037,1,160,19875000
1726653647006000,9614,4263719397,0,0,172,538855037,1,160,20144000
1726653666635000,9615,4263719557,0,0,172,538855037,1,160,19629000
1726653686637000,9616,4263719717,0,0,172,538855037,1,160,20002000
1726653706732000,9617,4263719877,0,0,172,538855037,1,160,20095000
1726653726835000,9618,4263720037,0,0,172,538855037,1,160,20103000
1726653747876000,9619,4263720197,0,0,172,538855037,1,160,21041000
1726653766695000,9620,4263720357,0,0,172,538855037,1,160,18819000
1726653786805000,9621,4263720517,0,0,172,538855037,1,160,20110000
1726653806747000,9622,4263720677,0,0,172,538855037,1,160,19942000
1726653827475000,9623,4263720837,0,0,172,538855037,1,160,20728000
1726653847366000,9624,4263720997,0,0,172,538855037,1,160,19891000
1726653866710000,9625,4263721157,0,0,172,538855037,1,160,19344000
1726653886584000,9626,4263721317,0,0,172,538855037,1,160,19874000
1726653906669000,9627,4263721477,0,0,172,538855037,1,160,20085000
1726653926828000,9628,4263721637,0,0,172,538855037,1,160,20159000
1726653948031000,9629,4263721797,0,0,172,538855037,1,160,21203000
1726653966654000,9630,4263721957,0,0,172,538855037,1,160,18623000
1726653986766000,9631,4263722117,0,0,172,538855037,1,160,20112000
1726654006773000,9632,4263722277,0,0,172,538855037,1,160,20007000
1726654026658000,9633,4263722437,0,0,172,538855037,1,160,19885000
1726654047987000,9634,4263722597,0,0,172,538855037,1,160,21329000
1726654066850000,9635,4263722757,0,0,172,538855037,1,160,18863000
1726654086820000,9636,4263722917,0,0,172,538855037,1,160,19970000
1726654106850000,9637,4263723077,0,0,172,538855037,1,160,20030000
1726654126865000,9638,4263723237,0,0,172,538855037,1,160,20015000
1726654146521000,9639,4263723397,0,0,172,538855037,1,160,19656000
1726654166640000,9640,4263723557,0,0,172,538855037,1,160,20119000
1726654186726000,9641,4263723717,0,0,172,538855037,1,160,20086000
1726654206714000,9642,4263723877,0,0,172,538855037,1,160,19988000
1726654226730000,9643,4263724037,0,0,172,538855037,1,160,20016000
1726654246834000,9644,4263724197,0,0,172,538855037,1,160,20104000
1726654267290000,9645,4263724357,0,0,172,538855037,1,160,20456000
1726654286667000,9646,4263724517,0,0,172,538855037,1,160,19377000
1726654306849000,9647,4263724677,0,0,172,538855037,1,160,20182000
1726654326795000,9648,4263724837,0,0,172,538855037,1,160,19946000
1726654350418000,9649,4263724997,0,0,172,538855037,1,160,23623000
1726654366643000,9650,4263725157,0,0,172,538855037,1,160,16225000
1726654386632000,9651,4263725317,0,0,172,538855037,1,160,19989000
1726654406577000,9652,4263725477,0,0,172,538855037,1,160,19945000
1726654426556000,9653,4263725637,0,0,172,538855037,1,160,19979000
1726654446892000,9654,4263725797,0,0,172,538855037,1,160,20336000
1726654466861000,9655,4263725957,0,0,172,538855037,1,160,19969000
1726654486840000,9656,4263726117,0,0,172,538855037,1,160,19979000
1726654506895000,9657,4263726277,0,0,172,538855037,1,160,20055000
1726654526831000,9658,4263726437,0,0,172,538855037,1,160,19936000
1726654552422000,9659,4263726597,0,0,172,538855037,1,160,25591000
1726654567213000,9660,4263726757,0,0,172,538855037,1,160,14791000
1726654586448000,9661,4263726917,0,0,172,538855037,1,160,19235000
1726654606865000,9662,4263727077,0,0,172,538855037,1,160,20417000
1726654626878000,9663,4263727237,0,0,172,538855037,1,160,20013000
1726654646854000,9664,4263727397,0,0,172,538855037,1,160,19976000
1726654667037000,9665,4263727557,0,0,172,538855037,1,160,20183000
1726654686807000,9666,4263727717,0,0,172,538855037,1,160,19770000
1726654706655000,9667,4263727877,0,0,172,538855037,1,160,19848000
1726654727186000,9668,4263728037,0,0,172,538855037,1,160,20531000
1726654747840000,9669,4263728197,0,0,172,538855037,1,160,20654000
1726654766672000,9670,4263728357,0,0,172,538855037,1,160,18832000
1726654787824000,9671,4263728517,0,0,172,538855037,1,160,21152000
1726654808575000,9672,4263728677,0,0,172,538855037,1,160,20751000
1726654826831000,9673,4263728837,0,0,172,538855037,1,160,18256000
1726654847065000,9674,4263728997,0,0,172,538855037,1,160,20234000
1726654868011000,9675,4263729157,0,0,172,538855037,1,160,20946000
1726654886720000,9676,4263729317,0,0,172,538855037,1,160,18709000
1726654906577000,9677,4263729477,0,0,172,538855037,1,160,19857000
1726654926686000,9678,4263729637,0,0,172,538855037,1,160,20109000
1726654947164000,9679,4263729797,0,0,172,538855037,1,160,20478000
1726654966668000,9680,4263729957,0,0,172,538855037,1,160,19504000
1726654986808000,9681,4263730117,0,0,172,538855037,1,160,20140000
1726655006780000,9682,4263730277,0,0,172,538855037,1,160,19972000
1726655028701000,9683,4263730437,0,0,172,538855037,1,160,21921000
1726655046750000,9684,4263730597,0,0,172,538855037,1,160,18049000
1726655066642000,9685,4263730757,0,0,172,538855037,1,160,19892000
1726655086803000,9686,4263730917,0,0,172,538855037,1,160,20161000
1726655106842000,9687,4263731077,0,0,172,538855037,1,160,20039000
1726655128529000,9688,4263731237,0,0,172,538855037,1,160,21687000
1726655146679000,9689,4263731397,0,0,172,538855037,1,160,18150000
1726655166582000,9690,4263731557,0,0,172,538855037,1,160,19903000
1726655186682000,9691,4263731717,0,0,172,538855037,1,160,20100000
1726655206750000,9692,4263731877,0,0,172,538855037,1,160,20068000
1726655226800000,9693,4263732037,0,0,172,538855037,1,160,20050000
1726655246704000,9694,4263732197,0,0,172,538855037,1,160,19904000
1726655267238000,9695,4263732357,0,0,172,538855037,1,160,20534000
1726655287078000,9696,4263732517,0,0,172,538855037,1,160,19840000
1726655307104000,9697,4263732677,0,0,172,538855037,1,160,20026000
1726655326695000,9698,4263732837,0,0,172,538855037,1,160,19591000
1726655350413000,9699,4263732997,0,0,172,538855037,1,160,23718000
1726655366861000,9700,4263733157,0,0,172,538855037,1,160,16448000
1726655386693000,9701,4263733317,0,0,172,538855037,1,160,19832000
1726655406807000,9702,4263733477,0,0,172,538855037,1,160,20114000
1726655426658000,9703,4263733637,0,0,172,538855037,1,160,19851000
1726655446748000,9704,4263733797,0,0,172,538855037,1,160,20090000
1726655466622000,9705,4263733957,0,0,172,538855037,1,160,19874000
1726655486648000,9706,4263734117,0,0,172,538855037,1,160,20026000
1726655506679000,9707,4263734277,0,0,172,538855037,1,160,20031000
1726655526861000,9708,4263734437,0,0,172,538855037,1,160,20182000
1726655552843000,9709,4263734597,0,0,172,538855037,1,160,25982000
1726655566859000,9710,4263734757,0,0,172,538855037,1,160,14016000
1726655586659000,9711,4263734917,0,0,172,538855037,1,160,19800000
1726655606747000,9712,4263735077,0,0,172,538855037,1,160,20088000
1726655626785000,9713,4263735237,0,0,172,538855037,1,160,20038000
1726655646676000,9714,4263735397,0,0,172,538855037,1,160,19891000
1726655666628000,9715,4263735557,0,0,172,538855037,1,160,19952000
1726655686731000,9716,4263735717,0,0,172,538855037,1,160,20103000
1726655707846000,9717,4263735877,0,0,172,538855037,1,160,21115000
1726655726703000,9718,4263736037,0,0,172,538855037,1,160,18857000
1726655747869000,9719,4263736197,0,0,172,538855037,1,160,21166000
1726655766731000,9720,4263736357,0,0,172,538855037,1,160,18862000
1726655786834000,9721,4263736517,0,0,172,538855037,1,160,20103000
1726655806788000,9722,4263736677,0,0,172,538855037,1,160,19954000
1726655827062000,9723,4263736837,0,0,172,538855037,1,160,20274000
1726655846781000,9724,4263736997,0,0,172,538855037,1,160,19719000
1726655866701000,9725,4263737157,0,0,172,538855037,1,160,19920000
1726655886782000,9726,4263737317,0,0,172,538855037,1,160,20081000
1726655906924000,9727,4263737477,0,0,172,538855037,1,160,20142000
1726655926873000,9728,4263737637,0,0,172,538855037,1,160,19949000
1726655947610000,9729,4263737797,0,0,172,538855037,1,160,20737000
1726655966605000,9730,4263737957,0,0,172,538855037,1,160,18995000
1726655986738000,9731,4263738117,0,0,172,538855037,1,160,20133000
1726656006618000,9732,4263738277,0,0,172,538855037,1,160,19880000
1726656026759000,9733,4263738437,0,0,172,538855037,1,160,20141000
1726656046828000,9734,4263738597,0,0,172,538855037,1,160,20069000
1726656066476000,9735,4263738757,0,0,172,538855037,1,160,19648000
1726656086721000,9736,4263738917,0,0,172,538855037,1,160,20245000
1726656106849000,9737,4263739077,0,0,172,538855037,1,160,20128000
1726656126720000,9738,4263739237,0,0,172,538855037,1,160,19871000
1726656146802000,9739,4263739397,0,0,172,538855037,1,160,20082000
1726656166441000,9740,4263739557,0,0,172,538855037,1,160,19639000
1726656186624000,9741,4263739717,0,0,172,538855037,1,160,20183000
1726656206391000,9742,4263739877,0,0,172,538855037,1,160,19767000
1726656226963000,9743,4263740037,0,0,172,538855037,1,160,20572000
1726656246652000,9744,4263740197,0,0,172,538855037,1,160,19689000
1726656266579000,9745,4263740357,0,0,172,538855037,1,160,19927000
1726656286591000,9746,4263740517,0,0,172,538855037,1,160,20012000
1726656307001000,9747,4263740677,0,0,172,538855037,1,160,20410000
1726656326686000,9748,4263740837,0,0,172,538855037,1,160,19685000
1726656350304000,9749,4263740997,0,0,172,538855037,1,160,23618000
1726656366697000,9750,4263741157,0,0,172,538855037,1,160,16393000
1726656386636000,9751,4263741317,0,0,172,538855037,1,160,19939000
1726656406775000,9752,4263741477,0,0,172,538855037,1,160,20139000
1726656426716000,9753,4263741637,0,0,172,538855037,1,160,19941000
1726656446760000,9754,4263741797,0,0,172,538855037,1,160,20044000
1726656466592000,9755,4263741957,0,0,172,538855037,1,160,19832000
1726656486643000,9756,4263742117,0,0,172,538855037,1,160,20051000
1726656506687000,9757,4263742277,0,0,172,538855037,1,160,20044000
1726656526869000,9758,4263742437,0,0,172,538855037,1,160,20182000
1726656552639000,9759,4263742597,0,0,172,538855037,1,160,25770000
1726656566644000,9760,4263742757,0,0,172,538855037,1,160,14005000
1726656586689000,9761,4263742917,0,0,172,538855037,1,160,20045000
1726656606954000,9762,4263743077,0,0,172,538855037,1,160,20265000
1726656626666000,9763,4263743237,0,0,172,538855037,1,160,19712000
1726656646802000,9764,4263743397,0,0,172,538855037,1,160,20136000
1726656666567000,9765,4263743557,0,0,172,538855037,1,160,19765000
1726656686538000,9766,4263743717,0,0,172,538855037,1,160,19971000
1726656706844000,9767,4263743877,0,0,172,538855037,1,160,20306000
1726656726396000,9768,4263744037,0,0,172,538855037,1,160,19552000
1726656747638000,9769,4263744197,0,0,172,538855037,1,160,21242000
1726656766424000,9770,4263744357,0,0,172,538855037,1,160,18786000
1726656786734000,9771,4263744517,0,0,172,538855037,1,160,20310000
1726656806782000,9772,4263744677,0,0,172,538855037,1,160,20048000
1726656826782000,9773,4263744837,0,0,172,538855037,1,160,20000000
1726656847436000,9774,4263744997,0,0,172,538855037,1,160,20654000
1726656866298000,9775,4263745157,0,0,172,538855037,1,160,18862000
1726656886718000,9776,4263745317,0,0,172,538855037,1,160,20420000
1726656906439000,9777,4263745477,0,0,172,538855037,1,160,19721000
1726656926638000,9778,4263745637,0,0,172,538855037,1,160,20199000
1726656946730000,9779,4263745797,0,0,172,538855037,1,160,20092000
1726656966599000,9780,4263745957,0,0,172,538855037,1,160,19869000
1726656986717000,9781,4263746117,0,0,172,538855037,1,160,20118000
1726657006560000,9782,4263746277,0,0,172,538855037,1,160,19843000
1726657026746000,9783,4263746437,0,0,172,538855037,1,160,20186000
1726657046498000,9784,4263746597,0,0,172,538855037,1,160,19752000
1726657066367000,9785,4263746757,0,0,172,538855037,1,160,19869000
1726657086595000,9786,4263746917,0,0,172,538855037,1,160,20228000
1726657106733000,9787,4263747077,0,0,172,538855037,1,160,20138000
1726657126739000,9788,4263747237,0,0,172,538855037,1,160,20006000
1726657146757000,9789,4263747397,0,0,172,538855037,1,160,20018000
1726657166542000,9790,4263747557,0,0,172,538855037,1,160,19785000
1726657186668000,9791,4263747717,0,0,172,538855037,1,160,20126000
1726657206773000,9792,4263747877,0,0,172,538855037,1,160,20105000
1726657226819000,9793,4263748037,0,0,172,538855037,1,160,20046000
1726657246844000,9794,4263748197,0,0,172,538855037,1,160,20025000
1726657266520000,9795,4263748357,0,0,172,538855037,1,160,19676000
1726657286424000,9796,4263748517,0,0,172,538855037,1,160,19904000
1726657306493000,9797,4263748677,0,0,172,538855037,1,160,20069000
1726657326516000,9798,4263748837,0,0,172,538855037,1,160,20023000
1726657350449000,9799,4263748997,0,0,172,538855037,1,160,23933000
1726657366775000,9800,4263749157,0,0,172,538855037,1,160,16326000
1726657386438000,9801,4263749317,0,0,172,538855037,1,160,19663000
1726657406655000,9802,4263749477,0,0,172,538855037,1,160,20217000
1726657426660000,9803,4263749637,0,0,172,538855037,1,160,20005000
1726657446679000,9804,4263749797,0,0,172,538855037,1,160,20019000
1726657467220000,9805,4263749957,0,0,172,538855037,1,160,20541000
1726657486622000,9806,4263750117,0,0,172,538855037,1,160,19402000
1726657506657000,9807,4263750277,0,0,172,538855037,1,160,20035000
1726657527001000,9808,4263750437,0,0,172,538855037,1,160,20344000
1726657552654000,9809,4263750597,0,0,172,538855037,1,160,25653000
1726657566839000,9810,4263750757,0,0,172,538855037,1,160,14185000
1726657586574000,9811,4263750917,0,0,172,538855037,1,160,19735000
1726657607339000,9812,4263751077,0,0,172,538855037,1,160,20765000
1726657626674000,9813,4263751237,0,0,172,538855037,1,160,19335000
1726657646670000,9814,4263751397,0,0,172,538855037,1,160,19996000
1726657666529000,9815,4263751557,0,0,172,538855037,1,160,19859000
1726657687191000,9816,4263751717,0,0,172,538855037,1,160,20662000
1726657706603000,9817,4263751877,0,0,172,538855037,1,160,19412000
1726657727407000,9818,4263752037,0,0,172,538855037,1,160,20804000
1726657747708000,9819,4263752197,0,0,172,538855037,1,160,20301000
1726657766706000,9820,4263752357,0,0,172,538855037,1,160,18998000
1726657786636000,9821,4263752517,0,0,172,538855037,1,160,19930000
1726657806526000,9822,4263752677,0,0,172,538855037,1,160,19890000
1726657826663000,9823,4263752837,0,0,172,538855037,1,160,20137000
1726657846662000,9824,4263752997,0,0,172,538855037,1,160,19999000
1726657867754000,9825,4263753157,0,0,172,538855037,1,160,21092000
1726657886594000,9826,4263753317,0,0,172,538855037,1,160,18840000
1726657906440000,9827,4263753477,0,0,172,538855037,1,160,19846000
1726657928403000,9828,4263753637,0,0,172,538855037,1,160,21963000
1726657947495000,9829,4263753797,0,0,172,538855037,1,160,19092000
1726657966499000,9830,4263753957,0,0,172,538855037,1,160,19004000
1726657986466000,9831,4263754117,0,0,172,538855037,1,160,19967000
1726658006567000,9832,4263754277,0,0,172,538855037,1,160,20101000
